timestep_sec,vehicle_id,current_edge,current_lane,current_speed_ms,current_soc_percent,battery_capacity_wh,priority,nearest_station_id,nearest_station_name,nearest_distance_m,nearest_edge,nearest_lane,nearest_power_kw,nearest_charging_available,nearest_waiting_available,nearest_occupancy_rate,2nd_nearest_station_id,2nd_nearest_station_name,2nd_nearest_distance_m,2nd_nearest_edge,2nd_nearest_lane,2nd_nearest_power_kw,2nd_nearest_charging_available,2nd_nearest_waiting_available,2nd_nearest_occupancy_rate,recommended_station,recommendation_reason
1.0,easyBike_001,E0,E0_0,0.82,43.17,12000.0,MEDIUM,pa_2_rev,Station pa_2_rev,9.7,NEG_E0,NEG_E0_0,20.0,4,3,0.0,pa_6_rev,Station pa_6_rev,271.27,NEG_E5,NEG_E5_0,25.0,5,3,0.0,Station pa_2_rev,Nearest with charging slots
1.0,easyBike_002,E0,E0_1,0.84,42.0,12000.0,MEDIUM,pa_2_rev,Station pa_2_rev,6.56,NEG_E0,NEG_E0_0,20.0,4,3,0.0,pa_6_rev,Station pa_6_rev,268.08,NEG_E5,NEG_E5_0,25.0,5,3,0.0,Station pa_2_rev,Nearest with charging slots
1.0,easyBike_003,E4,E4_0,0.81,40.83,12000.0,MEDIUM,pa_2_rev,Station pa_2_rev,3.71,NEG_E0,NEG_E0_0,20.0,4,3,0.0,pa_6_rev,Station pa_6_rev,258.37,NEG_E5,NEG_E5_0,25.0,5,3,0.0,Station pa_2_rev,Nearest with charging slots
1.0,easyBike_005,NEG_E3,NEG_E3_0,0.88,38.5,12000.0,MEDIUM,pa_8,Station pa_8,164.62,E7,E7_0,25.0,5,3,0.0,pa_3,Station pa_3,405.96,E1,E1_0,20.0,4,3,0.0,Station pa_8,Nearest with charging slots
1.0,easyBike_006,NEG_E8,NEG_E8_1,0.9,37.33,12000.0,MEDIUM,pa_8,Station pa_8,162.51,E7,E7_0,25.0,5,3,0.0,pa_3,Station pa_3,413.99,E1,E1_0,20.0,4,3,0.0,Station pa_8,Nearest with charging slots
1.0,easyBike_007,NEG_E8,NEG_E8_0,0.88,36.17,12000.0,MEDIUM,pa_8,Station pa_8,162.71,E7,E7_0,25.0,5,3,0.0,pa_3,Station pa_3,417.13,E1,E1_0,20.0,4,3,0.0,Station pa_8,Nearest with charging slots
1.0,easyBike_011,E4,E4_1,0.94,40.0,12000.0,MEDIUM,pa_2_rev,Station pa_2_rev,5.91,NEG_E0,NEG_E0_0,20.0,4,3,0.0,pa_6_rev,Station pa_6_rev,258.31,NEG_E5,NEG_E5_0,25.0,5,3,0.0,Station pa_2_rev,Nearest with charging slots
1.0,easyBike_013,NEG_E3,NEG_E3_1,0.89,28.83,12000.0,HIGH,pa_8,Station pa_8,167.78,E7,E7_0,25.0,5,3,0.0,pa_3,Station pa_3,407.14,E1,E1_0,20.0,4,3,0.0,Station pa_8,Nearest with charging slots
3.0,easyBike_004,E0,E0_1,0.31,39.67,12000.0,MEDIUM,pa_2_rev,Station pa_2_rev,6.52,NEG_E0,NEG_E0_0,20.0,4,3,0.0,pa_6_rev,Station pa_6_rev,268.09,NEG_E5,NEG_E5_0,25.0,5,3,0.0,Station pa_2_rev,Nearest with charging slots
3.0,easyBike_008,NEG_E8,NEG_E8_1,0.33,35.0,12000.0,MEDIUM,pa_8,Station pa_8,162.59,E7,E7_0,25.0,5,3,0.0,pa_3,Station pa_3,414.0,E1,E1_0,20.0,4,3,0.0,Station pa_8,Nearest with charging slots
3.0,easyBike_009,E0,E0_0,0.11,36.67,12000.0,MEDIUM,pa_2_rev,Station pa_2_rev,9.67,NEG_E0,NEG_E0_0,20.0,4,3,0.0,pa_6_rev,Station pa_6_rev,271.28,NEG_E5,NEG_E5_0,25.0,5,3,0.0,Station pa_2_rev,Nearest with charging slots
3.0,easyBike_015,NEG_E8,NEG_E8_0,0.34,26.5,12000.0,HIGH,pa_8,Station pa_8,162.78,E7,E7_0,25.0,5,3,0.0,pa_3,Station pa_3,417.14,E1,E1_0,20.0,4,3,0.0,Station pa_8,Nearest with charging slots
3.0,easyBike_019,E4,E4_1,0.34,24.17,12000.0,HIGH,pa_2_rev,Station pa_2_rev,5.78,NEG_E0,NEG_E0_0,20.0,4,3,0.0,pa_6_rev,Station pa_6_rev,258.54,NEG_E5,NEG_E5_0,25.0,5,3,0.0,Station pa_2_rev,Nearest with charging slots
3.0,easyBike_021,NEG_E3,NEG_E3_0,0.36,27.5,12000.0,HIGH,pa_8,Station pa_8,164.6,E7,E7_0,25.0,5,3,0.0,pa_3,Station pa_3,406.08,E1,E1_0,20.0,4,3,0.0,Station pa_8,Nearest with charging slots
6.0,easyBike_010,E0,E0_1,0.7,38.33,12000.0,MEDIUM,pa_2_rev,Station pa_2_rev,6.54,NEG_E0,NEG_E0_0,20.0,4,3,0.0,pa_6_rev,Station pa_6_rev,268.08,NEG_E5,NEG_E5_0,25.0,5,3,0.0,Station pa_2_rev,Nearest with charging slots
6.0,easyBike_014,NEG_E8,NEG_E8_1,0.6,27.67,12000.0,HIGH,pa_8,Station pa_8,162.56,E7,E7_0,25.0,5,3,0.0,pa_3,Station pa_3,414.0,E1,E1_0,20.0,4,3,0.0,Station pa_8,Nearest with charging slots
6.0,easyBike_017,E0,E0_0,0.45,24.17,12000.0,HIGH,pa_2_rev,Station pa_2_rev,9.68,NEG_E0,NEG_E0_0,20.0,4,3,0.0,pa_6_rev,Station pa_6_rev,271.28,NEG_E5,NEG_E5_0,25.0,5,3,0.0,Station pa_2_rev,Nearest with charging slots
8.0,easyBike_012,E0,E0_1,0.0,41.67,12000.0,MEDIUM,pa_2_rev,Station pa_2_rev,6.52,NEG_E0,NEG_E0_0,20.0,4,3,0.0,pa_6_rev,Station pa_6_rev,268.09,NEG_E5,NEG_E5_0,25.0,5,3,0.0,Station pa_2_rev,Nearest with charging slots
8.0,easyBike_016,NEG_E8,NEG_E8_1,0.0,25.33,12000.0,HIGH,pa_8,Station pa_8,162.6,E7,E7_0,25.0,5,3,0.0,pa_3,Station pa_3,414.01,E1,E1_0,20.0,4,3,0.0,Station pa_8,Nearest with charging slots
11.0,easyBike_018,E0,E0_1,0.46,23.0,12000.0,HIGH,pa_2_rev,Station pa_2_rev,6.53,NEG_E0,NEG_E0_0,20.0,4,3,0.0,pa_6_rev,Station pa_6_rev,268.08,NEG_E5,NEG_E5_0,25.0,5,3,0.0,Station pa_2_rev,Nearest with charging slots
14.0,easyBike_020,E0,E0_1,0.81,25.83,12000.0,HIGH,pa_2_rev,Station pa_2_rev,6.55,NEG_E0,NEG_E0_0,20.0,4,3,0.0,pa_6_rev,Station pa_6_rev,268.08,NEG_E5,NEG_E5_0,25.0,5,3,0.0,Station pa_2_rev,Nearest with charging slots
16.0,easyBike_022,NEG_E8,NEG_E8_1,1.03,29.17,12000.0,HIGH,pa_8,Station pa_8,162.5,E7,E7_0,25.0,5,3,0.0,pa_3,Station pa_3,413.99,E1,E1_0,20.0,4,3,0.0,Station pa_8,Nearest with charging slots
31.0,easyBike_001,E0,E0_0,11.04,43.03,12000.0,MEDIUM,pa_2_rev,Station pa_2_rev,118.15,NEG_E0,NEG_E0_0,20.0,4,3,0.0,pa_2,Station pa_2,272.69,E0,E0_0,20.0,4,3,0.0,Station pa_2_rev,Nearest with charging slots
31.0,easyBike_002,E0,E0_1,11.17,41.86,12000.0,MEDIUM,pa_2_rev,Station pa_2_rev,120.13,NEG_E0,NEG_E0_0,20.0,4,3,0.0,pa_2,Station pa_2,270.51,E0,E0_0,20.0,4,3,0.0,Station pa_2_rev,Nearest with charging slots
31.0,easyBike_003,E4,E4_0,11.3,40.69,12000.0,MEDIUM,pa_6_rev,Station pa_6_rev,111.14,NEG_E5,NEG_E5_0,25.0,5,3,0.0,pa_2_rev,Station pa_2_rev,150.62,NEG_E0,NEG_E0_0,20.0,4,3,0.0,Station pa_6_rev,Nearest with charging slots
31.0,easyBike_005,NEG_E3,NEG_E3_0,11.31,38.35,12000.0,MEDIUM,pa_8,Station pa_8,196.17,E7,E7_0,25.0,5,3,0.0,pa_3,Station pa_3,330.15,E1,E1_0,20.0,4,3,0.0,Station pa_8,Nearest with charging slots
31.0,easyBike_006,NEG_E8,NEG_E8_1,11.46,37.19,12000.0,MEDIUM,pa_8,Station pa_8,113.19,E7,E7_0,25.0,5,3,0.0,pa_3,Station pa_3,406.94,E1,E1_0,20.0,4,3,0.0,Station pa_8,Nearest with charging slots
31.0,easyBike_007,NEG_E8,NEG_E8_0,11.51,36.02,12000.0,MEDIUM,pa_8,Station pa_8,111.95,E7,E7_0,25.0,5,3,0.0,pa_3,Station pa_3,410.01,E1,E1_0,20.0,4,3,0.0,Station pa_8,Nearest with charging slots
31.0,easyBike_011,E4,E4_0,11.81,39.84,12000.0,MEDIUM,pa_6_rev,Station pa_6_rev,103.07,NEG_E5,NEG_E5_0,25.0,5,3,0.0,pa_2_rev,Station pa_2_rev,158.7,NEG_E0,NEG_E0_0,20.0,4,3,0.0,Station pa_6_rev,Nearest with charging slots
31.0,easyBike_013,NEG_E3,NEG_E3_1,12.05,28.67,12000.0,HIGH,pa_8,Station pa_8,201.14,E7,E7_0,25.0,5,3,0.0,pa_3,Station pa_3,327.93,E1,E1_0,20.0,4,3,0.0,Station pa_8,Nearest with charging slots
31.0,easyBike_023,NEG_E8,NEG_E8_1,0.9,30.83,12000.0,MEDIUM,pa_8,Station pa_8,162.51,E7,E7_0,25.0,5,3,0.0,pa_3,Station pa_3,413.99,E1,E1_0,20.0,4,3,0.0,Station pa_8,Nearest with charging slots
33.0,easyBike_004,E0,E0_1,11.34,39.52,12000.0,MEDIUM,pa_2_rev,Station pa_2_rev,118.77,NEG_E0,NEG_E0_0,20.0,4,3,0.0,pa_2,Station pa_2,271.87,E0,E0_0,20.0,4,3,0.0,Station pa_2_rev,Nearest with charging slots
33.0,easyBike_008,NEG_E8,NEG_E8_1,11.67,34.85,12000.0,MEDIUM,pa_8,Station pa_8,112.66,E7,E7_0,25.0,5,3,0.0,pa_3,Station pa_3,406.89,E1,E1_0,20.0,4,3,0.0,Station pa_8,Nearest with charging slots
33.0,easyBike_009,E0,E0_0,11.55,36.51,12000.0,MEDIUM,pa_2_rev,Station pa_2_rev,121.03,NEG_E0,NEG_E0_0,20.0,4,3,0.0,pa_2,Station pa_2,269.8,E0,E0_0,20.0,4,3,0.0,Station pa_2_rev,Nearest with charging slots
33.0,easyBike_015,NEG_E8,NEG_E8_0,12.23,26.34,12000.0,HIGH,pa_8,Station pa_8,110.99,E7,E7_0,25.0,5,3,0.0,pa_3,Station pa_3,409.93,E1,E1_0,20.0,4,3,0.0,Station pa_8,Nearest with charging slots
33.0,easyBike_019,E4,E4_1,12.57,24.0,12000.0,HIGH,pa_6_rev,Station pa_6_rev,100.17,NEG_E5,NEG_E5_0,25.0,5,3,0.0,pa_2_rev,Station pa_2_rev,161.54,NEG_E0,NEG_E0_0,20.0,4,3,0.0,Station pa_6_rev,Nearest with charging slots
33.0,easyBike_021,NEG_E3,NEG_E3_0,12.73,27.32,12000.0,HIGH,pa_8,Station pa_8,201.74,E7,E7_0,25.0,5,3,0.0,pa_3,Station pa_3,324.17,E1,E1_0,20.0,4,3,0.0,Station pa_8,Nearest with charging slots
36.0,easyBike_010,E0,E0_1,11.86,38.18,12000.0,MEDIUM,pa_2_rev,Station pa_2_rev,125.82,NEG_E0,NEG_E0_0,20.0,4,3,0.0,pa_2,Station pa_2,264.81,E0,E0_0,20.0,4,3,0.0,Station pa_2_rev,Nearest with charging slots
36.0,easyBike_014,NEG_E8,NEG_E8_0,12.12,27.5,12000.0,HIGH,pa_8,Station pa_8,110.64,E7,E7_0,25.0,5,3,0.0,pa_3,Station pa_3,409.91,E1,E1_0,20.0,4,3,0.0,Station pa_8,Nearest with charging slots
36.0,easyBike_017,E0,E0_0,11.94,24.01,12000.0,HIGH,pa_2_rev,Station pa_2_rev,129.07,NEG_E0,NEG_E0_0,20.0,4,3,0.0,pa_2,Station pa_2,261.74,E0,E0_0,20.0,4,3,0.0,Station pa_2_rev,Nearest with charging slots
38.0,easyBike_012,E0,E0_0,11.91,41.51,12000.0,MEDIUM,pa_2_rev,Station pa_2_rev,123.73,NEG_E0,NEG_E0_0,20.0,4,3,0.0,pa_2,Station pa_2,267.1,E0,E0_0,20.0,4,3,0.0,Station pa_2_rev,Nearest with charging slots
38.0,easyBike_016,NEG_E8,NEG_E8_0,12.38,25.17,12000.0,HIGH,pa_8,Station pa_8,110.85,E7,E7_0,25.0,5,3,0.0,pa_3,Station pa_3,409.92,E1,E1_0,20.0,4,3,0.0,Station pa_8,Nearest with charging slots
41.0,easyBike_018,E0,E0_0,12.45,22.83,12000.0,HIGH,pa_2_rev,Station pa_2_rev,131.24,NEG_E0,NEG_E0_0,20.0,4,3,0.0,pa_2,Station pa_2,259.56,E0,E0_0,20.0,4,3,0.0,Station pa_2_rev,Nearest with charging slots
44.0,easyBike_020,E0,E0_0,12.64,25.66,12000.0,HIGH,pa_2_rev,Station pa_2_rev,136.4,NEG_E0,NEG_E0_0,20.0,4,3,0.0,pa_2,Station pa_2,254.39,E0,E0_0,20.0,4,3,0.0,Station pa_2_rev,Nearest with charging slots
46.0,easyBike_022,NEG_E8,NEG_E8_0,12.85,28.98,12000.0,HIGH,pa_8,Station pa_8,106.62,E7,E7_0,25.0,5,3,0.0,pa_3,Station pa_3,409.62,E1,E1_0,20.0,4,3,0.0,Station pa_8,Nearest with charging slots
46.0,easyBike_024,NEG_E8,NEG_E8_1,0.96,19.17,12000.0,CRITICAL,pa_8,Station pa_8,162.51,E7,E7_0,25.0,5,3,0.0,pa_3,Station pa_3,413.99,E1,E1_0,20.0,4,3,0.0,Station pa_8,Nearest with charging slots
61.0,easyBike_001,E0,E0_0,11.07,42.92,12000.0,MEDIUM,pa_2,Station pa_2,120.4,E0,E0_0,20.0,4,3,0.0,pa_3_rev,Station pa_3_rev,140.59,NEG_E1,NEG_E1_0,20.0,4,3,0.0,Station pa_2,Nearest with charging slots
61.0,easyBike_002,E0,E0_1,11.12,41.75,12000.0,MEDIUM,pa_2,Station pa_2,116.85,E0,E0_0,20.0,4,3,0.0,pa_3_rev,Station pa_3_rev,136.88,NEG_E1,NEG_E1_0,20.0,4,3,0.0,Station pa_2,Nearest with charging slots
61.0,easyBike_003,E5,E5_0,11.22,40.57,12000.0,MEDIUM,pa_6_rev,Station pa_6_rev,99.74,NEG_E5,NEG_E5_0,25.0,5,3,0.0,pa_6,Station pa_6,159.82,E5,E5_0,25.0,5,3,0.0,Station pa_6_rev,Nearest with charging slots
61.0,easyBike_005,NEG_E3,NEG_E3_0,11.34,38.23,12000.0,MEDIUM,pa_3,Station pa_3,239.35,E1,E1_0,20.0,4,3,0.0,pa_8,Station pa_8,271.25,E7,E7_0,25.0,5,3,0.0,Station pa_3,Nearest with charging slots
61.0,easyBike_006,NEG_E8,NEG_E8_1,11.47,37.07,12000.0,MEDIUM,pa_8,Station pa_8,48.62,E7,E7_0,25.0,5,3,0.0,pa_3,Station pa_3,406.72,E1,E1_0,20.0,4,3,0.0,Station pa_8,Nearest with charging slots
61.0,easyBike_007,NEG_E8,NEG_E8_0,11.55,35.89,12000.0,MEDIUM,pa_8,Station pa_8,47.24,E7,E7_0,25.0,5,3,0.0,pa_3,Station pa_3,410.08,E1,E1_0,20.0,4,3,0.0,Station pa_8,Nearest with charging slots
61.0,easyBike_011,E5,E5_0,11.85,39.71,12000.0,MEDIUM,pa_6,Station pa_6,124.31,E5,E5_0,25.0,5,3,0.0,pa_7_rev,Station pa_7_rev,131.14,NEG_E6,NEG_E6_0,20.0,4,2,0.0,Station pa_6,Nearest with charging slots
61.0,easyBike_013,NEG_E3,NEG_E3_1,12.04,28.54,12000.0,HIGH,pa_3,Station pa_3,233.12,E1,E1_0,20.0,4,3,0.0,pa_8,Station pa_8,281.78,E7,E7_0,25.0,5,3,0.0,Station pa_3,Nearest with charging slots
61.0,easyBike_023,NEG_E8,NEG_E8_0,12.99,30.65,12000.0,MEDIUM,pa_8,Station pa_8,106.68,E7,E7_0,25.0,5,3,0.0,pa_3,Station pa_3,409.62,E1,E1_0,20.0,4,3,0.0,Station pa_8,Nearest with charging slots
61.0,easyBike_025,E0,E0_1,0.96,17.92,12000.0,CRITICAL,pa_2_rev,Station pa_2_rev,6.56,NEG_E0,NEG_E0_0,20.0,4,3,0.0,pa_6_rev,Station pa_6_rev,268.08,NEG_E5,NEG_E5_0,25.0,5,3,0.0,Station pa_2_rev,Nearest with charging slots
63.0,easyBike_004,E0,E0_1,11.4,39.4,12000.0,MEDIUM,pa_2,Station pa_2,115.42,E0,E0_0,20.0,4,3,0.0,pa_3_rev,Station pa_3_rev,135.45,NEG_E1,NEG_E1_0,20.0,4,3,0.0,Station pa_2,Nearest with charging slots
63.0,easyBike_008,NEG_E8,NEG_E8_1,11.58,34.73,12000.0,MEDIUM,pa_8,Station pa_8,47.03,E7,E7_0,25.0,5,3,0.0,pa_3,Station pa_3,406.9,E1,E1_0,20.0,4,3,0.0,Station pa_8,Nearest with charging slots
63.0,easyBike_009,E0,E0_0,11.73,36.39,12000.0,MEDIUM,pa_2,Station pa_2,110.71,E0,E0_0,20.0,4,3,0.0,pa_3_rev,Station pa_3_rev,130.83,NEG_E1,NEG_E1_0,20.0,4,3,0.0,Station pa_2,Nearest with charging slots
63.0,easyBike_015,NEG_E8,NEG_E8_0,12.27,26.2,12000.0,HIGH,pa_8,Station pa_8,43.47,E7,E7_0,25.0,5,3,0.0,pa_3,Station pa_3,408.83,E1,E1_0,20.0,4,3,0.0,Station pa_8,Nearest with charging slots
63.0,easyBike_019,E5,E5_0,12.56,23.85,12000.0,HIGH,pa_6,Station pa_6,88.34,E5,E5_0,25.0,5,3,0.0,pa_7_rev,Station pa_7_rev,95.2,NEG_E6,NEG_E6_0,20.0,4,2,0.0,Station pa_6,Nearest with charging slots
63.0,easyBike_021,NEG_E3,NEG_E3_0,12.74,27.18,12000.0,HIGH,pa_3,Station pa_3,223.5,E1,E1_0,20.0,4,3,0.0,pa_8,Station pa_8,288.1,E7,E7_0,25.0,5,3,0.0,Station pa_3,Nearest with charging slots
66.0,easyBike_010,E0,E0_1,11.39,38.06,12000.0,MEDIUM,pa_2,Station pa_2,105.98,E0,E0_0,20.0,4,3,0.0,pa_3_rev,Station pa_3_rev,126.01,NEG_E1,NEG_E1_0,20.0,4,3,0.0,Station pa_2,Nearest with charging slots
66.0,easyBike_014,NEG_E8,NEG_E8_0,12.14,27.37,12000.0,HIGH,pa_8,Station pa_8,42.68,E7,E7_0,25.0,5,3,0.0,pa_3,Station pa_3,410.49,E1,E1_0,20.0,4,3,0.0,Station pa_8,Nearest with charging slots
66.0,easyBike_017,E0,E0_0,11.11,23.89,12000.0,HIGH,pa_2,Station pa_2,101.19,E0,E0_0,20.0,4,3,0.0,pa_3_rev,Station pa_3_rev,121.41,NEG_E1,NEG_E1_0,20.0,4,3,0.0,Station pa_2,Nearest with charging slots
68.0,easyBike_012,E0,E0_0,11.87,41.38,12000.0,MEDIUM,pa_2,Station pa_2,102.61,E0,E0_0,20.0,4,3,0.0,pa_3_rev,Station pa_3_rev,122.8,NEG_E1,NEG_E1_0,20.0,4,3,0.0,Station pa_2,Nearest with charging slots
68.0,easyBike_016,NEG_E8,NEG_E8_0,12.36,25.03,12000.0,HIGH,pa_8,Station pa_8,41.79,E7,E7_0,25.0,5,3,0.0,pa_3,Station pa_3,410.57,E1,E1_0,20.0,4,3,0.0,Station pa_8,Nearest with charging slots
71.0,easyBike_018,E0,E0_0,11.63,22.7,12000.0,HIGH,pa_2,Station pa_2,92.91,E0,E0_0,20.0,4,3,0.0,pa_3_rev,Station pa_3_rev,113.15,NEG_E1,NEG_E1_0,20.0,4,3,0.0,Station pa_2,Nearest with charging slots
74.0,easyBike_020,E0,E0_0,9.29,25.54,12000.0,HIGH,pa_2,Station pa_2,84.84,E0,E0_0,20.0,4,3,0.0,pa_3_rev,Station pa_3_rev,105.09,NEG_E1,NEG_E1_0,20.0,4,3,0.0,Station pa_2,Nearest with charging slots
76.0,easyBike_022,NEG_E8,NEG_E8_0,12.85,28.84,12000.0,HIGH,pa_8,Station pa_8,35.03,E7,E7_0,25.0,5,3,0.0,pa_3,Station pa_3,411.3,E1,E1_0,20.0,4,3,0.0,Station pa_8,Nearest with charging slots
76.0,easyBike_024,NEG_E8,NEG_E8_0,13.06,18.98,12000.0,CRITICAL,pa_8,Station pa_8,106.66,E7,E7_0,25.0,5,3,0.0,pa_3,Station pa_3,409.62,E1,E1_0,20.0,4,3,0.0,Station pa_8,Nearest with charging slots
76.0,easyBike_026,E0,E0_1,0.98,16.67,12000.0,CRITICAL,pa_2_rev,Station pa_2_rev,6.56,NEG_E0,NEG_E0_0,20.0,4,3,0.0,pa_6_rev,Station pa_6_rev,268.08,NEG_E5,NEG_E5_0,25.0,5,3,0.0,Station pa_2_rev,Nearest with charging slots
91.0,easyBike_001,E1,E1_0,11.03,42.8,12000.0,MEDIUM,pa_3_rev,Station pa_3_rev,30.71,NEG_E1,NEG_E1_0,20.0,4,3,0.0,pa_2,Station pa_2,46.98,E0,E0_0,20.0,1,3,75.0,Station pa_3_rev,Nearest with charging slots
91.0,easyBike_002,E1,E1_1,11.16,41.63,12000.0,MEDIUM,pa_3_rev,Station pa_3_rev,35.87,NEG_E1,NEG_E1_0,20.0,4,3,0.0,pa_2,Station pa_2,53.32,E0,E0_0,20.0,1,3,75.0,Station pa_3_rev,Nearest with charging slots
91.0,easyBike_003,E6,E6_0,11.25,40.45,12000.0,MEDIUM,pa_7_rev,Station pa_7_rev,63.45,NEG_E6,NEG_E6_0,20.0,4,2,0.0,pa_6,Station pa_6,63.67,E5,E5_0,25.0,4,3,20.0,Station pa_7_rev,Nearest with charging slots
91.0,easyBike_005,NEG_E3,NEG_E3_0,11.32,38.12,12000.0,MEDIUM,pa_3,Station pa_3,169.0,E1,E1_0,20.0,4,3,0.0,pa_8,Station pa_8,362.87,E7,E7_0,25.0,5,3,0.0,Station pa_3,Nearest with charging slots
91.0,easyBike_006,NEG_E8,NEG_E8_1,0.46,37.06,12000.0,MEDIUM,pa_8,Station pa_8,23.3,E7,E7_0,25.0,5,3,0.0,pa_3,Station pa_3,409.55,E1,E1_0,20.0,4,3,0.0,Station pa_8,Nearest with charging slots
91.0,easyBike_007,NEG_E8,NEG_E8_0,1.06,35.88,12000.0,MEDIUM,pa_8,Station pa_8,24.31,E7,E7_0,25.0,5,3,0.0,pa_3,Station pa_3,413.36,E1,E1_0,20.0,4,3,0.0,Station pa_8,Nearest with charging slots
91.0,easyBike_011,E6,E6_0,11.83,39.58,12000.0,MEDIUM,pa_7_rev,Station pa_7_rev,79.61,NEG_E6,NEG_E6_0,20.0,4,2,0.0,pa_6,Station pa_6,79.97,E5,E5_0,25.0,4,3,20.0,Station pa_7_rev,Nearest with charging slots
91.0,easyBike_013,NEG_E3,NEG_E3_0,12.04,28.41,12000.0,HIGH,pa_3,Station pa_3,161.49,E1,E1_0,20.0,4,3,0.0,pa_8,Station pa_8,378.43,E7,E7_0,25.0,5,3,0.0,Station pa_3,Nearest with charging slots
91.0,easyBike_023,NEG_E8,NEG_E8_0,12.91,30.5,12000.0,MEDIUM,pa_8,Station pa_8,34.55,E7,E7_0,25.0,5,3,0.0,pa_3,Station pa_3,411.36,E1,E1_0,20.0,4,3,0.0,Station pa_8,Nearest with charging slots
91.0,easyBike_025,E0,E0_0,13.09,17.73,12000.0,CRITICAL,pa_2_rev,Station pa_2_rev,140.61,NEG_E0,NEG_E0_0,20.0,4,3,0.0,pa_2,Station pa_2,250.17,E0,E0_0,20.0,1,3,75.0,Station pa_2_rev,Nearest with charging slots
91.0,easyBike_027,E4,E4_0,0.97,15.42,12000.0,CRITICAL,pa_2_rev,Station pa_2_rev,3.73,NEG_E0,NEG_E0_0,20.0,4,3,0.0,pa_6_rev,Station pa_6_rev,258.34,NEG_E5,NEG_E5_0,25.0,5,3,0.0,Station pa_2_rev,Nearest with charging slots
93.0,easyBike_004,E10,E10_0,9.68,39.29,12000.0,MEDIUM,pa_3_rev,Station pa_3_rev,21.79,NEG_E1,NEG_E1_0,20.0,4,3,0.0,pa_2,Station pa_2,34.61,E0,E0_0,20.0,1,3,75.0,Station pa_3_rev,Nearest with charging slots
93.0,easyBike_008,NEG_E8,NEG_E8_1,1.24,34.72,12000.0,MEDIUM,pa_8,Station pa_8,23.61,E7,E7_0,25.0,5,3,0.0,pa_3,Station pa_3,409.5,E1,E1_0,20.0,4,3,0.0,Station pa_8,Nearest with charging slots
93.0,easyBike_009,E1,E1_0,11.79,36.26,12000.0,MEDIUM,pa_3_rev,Station pa_3_rev,53.95,NEG_E1,NEG_E1_0,20.0,4,3,0.0,pa_2,Station pa_2,70.88,E0,E0_0,20.0,1,3,75.0,Station pa_3_rev,Nearest with charging slots
93.0,easyBike_015,:Node8_0,:Node8_0_1,2.38,26.2,12000.0,HIGH,pa_8,Station pa_8,19.78,E7,E7_0,25.0,5,3,0.0,pa_3,Station pa_3,409.5,E1,E1_0,20.0,4,3,0.0,Station pa_8,Nearest with charging slots
93.0,easyBike_019,E5,parked,0.0,23.88,12000.0,HIGH,pa_6,Station pa_6,56.58,E5,E5_0,25.0,4,3,20.0,pa_7_rev,Station pa_7_rev,64.0,NEG_E6,NEG_E6_0,20.0,4,2,0.0,Station pa_6,Nearest with charging slots
93.0,easyBike_021,NEG_E3,NEG_E3_0,12.78,27.03,12000.0,HIGH,pa_3,Station pa_3,155.77,E1,E1_0,20.0,4,3,0.0,pa_8,Station pa_8,393.47,E7,E7_0,25.0,5,3,0.0,Station pa_3,Nearest with charging slots
96.0,easyBike_010,E1,E1_0,11.81,37.93,12000.0,MEDIUM,pa_3_rev,Station pa_3_rev,55.48,NEG_E1,NEG_E1_0,20.0,4,3,0.0,pa_2,Station pa_2,72.75,E0,E0_0,20.0,1,3,75.0,Station pa_3_rev,Nearest with charging slots
96.0,easyBike_014,:Node8_0,:Node8_0_0,4.86,27.36,12000.0,HIGH,pa_8,Station pa_8,11.08,E7,E7_0,25.0,5,3,0.0,pa_3,Station pa_3,412.88,E1,E1_0,20.0,4,3,0.0,Station pa_8,Nearest with charging slots
96.0,easyBike_017,E0,parked,0.0,23.9,12000.0,HIGH,pa_2,Station pa_2,66.3,E0,E0_0,20.0,1,3,75.0,pa_3_rev,Station pa_3_rev,86.85,NEG_E1,NEG_E1_0,20.0,4,3,0.0,Station pa_2,Nearest with charging slots
98.0,easyBike_012,E10,E10_1,11.79,41.23,12000.0,MEDIUM,pa_3_rev,Station pa_3_rev,34.9,NEG_E1,NEG_E1_0,20.0,4,3,0.0,pa_2,Station pa_2,45.92,E0,E0_0,20.0,1,3,75.0,Station pa_3_rev,Nearest with charging slots
98.0,easyBike_016,:Node8_0,:Node8_0_0,5.6,25.02,12000.0,HIGH,pa_8,Station pa_8,10.01,E7,E7_0,25.0,5,3,0.0,pa_3,Station pa_3,413.86,E1,E1_0,20.0,4,3,0.0,Station pa_8,Nearest with charging slots
101.0,easyBike_018,E0,parked,0.0,22.72,12000.0,HIGH,pa_2,Station pa_2,63.62,E0,E0_0,20.0,1,3,75.0,pa_3_rev,Station pa_3_rev,84.19,NEG_E1,NEG_E1_0,20.0,4,3,0.0,Station pa_2,Nearest with charging slots
104.0,easyBike_020,E0,parked,0.0,25.55,12000.0,HIGH,pa_2,Station pa_2,60.95,E0,E0_0,20.0,1,3,75.0,pa_3_rev,Station pa_3_rev,81.53,NEG_E1,NEG_E1_0,20.0,4,3,0.0,Station pa_2,Nearest with charging slots
106.0,easyBike_022,NEG_E7,NEG_E7_0,11.16,28.79,12000.0,HIGH,pa_8,Station pa_8,29.35,E7,E7_0,25.0,5,3,0.0,pa_3,Station pa_3,415.82,E1,E1_0,20.0,4,3,0.0,Station pa_8,Nearest with charging slots
106.0,easyBike_024,NEG_E8,NEG_E8_0,13.06,18.83,12000.0,CRITICAL,pa_8,Station pa_8,33.98,E7,E7_0,25.0,5,3,0.0,pa_3,Station pa_3,411.43,E1,E1_0,20.0,4,3,0.0,Station pa_8,Nearest with charging slots
106.0,easyBike_026,E0,E0_0,13.12,16.48,12000.0,CRITICAL,pa_2_rev,Station pa_2_rev,140.31,NEG_E0,NEG_E0_0,20.0,4,3,0.0,pa_2,Station pa_2,250.47,E0,E0_0,20.0,1,3,75.0,Station pa_2_rev,Nearest with charging slots
106.0,easyBike_028,E0,E0_1,0.92,14.17,12000.0,CRITICAL,pa_2_rev,Station pa_2_rev,6.56,NEG_E0,NEG_E0_0,20.0,4,3,0.0,pa_6_rev,Station pa_6_rev,268.08,NEG_E5,NEG_E5_0,25.0,5,3,0.0,Station pa_2_rev,Nearest with charging slots
121.0,easyBike_001,E1,E1_0,11.03,42.68,12000.0,MEDIUM,pa_3_rev,Station pa_3_rev,218.16,NEG_E1,NEG_E1_0,20.0,4,3,0.0,pa_2,Station pa_2,235.73,E0,E0_0,20.0,1,3,75.0,Station pa_3_rev,Nearest with charging slots
121.0,easyBike_002,E1,E1_1,11.19,41.51,12000.0,MEDIUM,pa_3_rev,Station pa_3_rev,225.96,NEG_E1,NEG_E1_0,20.0,4,3,0.0,pa_3,Station pa_3,229.67,E1,E1_0,20.0,4,3,0.0,Station pa_3_rev,Nearest with charging slots
121.0,easyBike_003,E6,E6_0,11.27,40.33,12000.0,MEDIUM,pa_7,Station pa_7,18.8,E6,E6_0,20.0,4,2,0.0,pa_8_rev,Station pa_8_rev,42.78,NEG_E7,NEG_E7_0,25.0,1,3,80.0,Station pa_7,Nearest with charging slots
121.0,easyBike_005,NEG_E3,NEG_E3_0,9.09,38.01,12000.0,MEDIUM,pa_3,Station pa_3,151.03,E1,E1_0,20.0,4,3,0.0,pa_8,Station pa_8,460.88,E7,E7_0,25.0,5,3,0.0,Station pa_3,Nearest with charging slots
121.0,easyBike_006,NEG_E9,NEG_E9_0,11.46,36.9,12000.0,MEDIUM,pa_8,Station pa_8,95.4,E7,E7_0,25.0,5,3,0.0,pa_3,Station pa_3,309.88,E1,E1_0,20.0,4,3,0.0,Station pa_8,Nearest with charging slots
121.0,easyBike_007,NEG_E7,NEG_E7_0,11.53,35.73,12000.0,MEDIUM,pa_8,Station pa_8,131.09,E7,E7_0,25.0,5,3,0.0,pa_8_rev,Station pa_8_rev,344.67,NEG_E7,NEG_E7_0,25.0,1,3,80.0,Station pa_8,Nearest with charging slots
121.0,easyBike_011,:Node7_6,:Node7_6_0,11.85,39.45,12000.0,MEDIUM,pa_7,Station pa_7,12.88,E6,E6_0,20.0,4,2,0.0,pa_8_rev,Station pa_8_rev,12.94,NEG_E7,NEG_E7_0,25.0,1,3,80.0,Station pa_7,Nearest with charging slots
121.0,easyBike_013,NEG_E2,NEG_E2_1,6.44,28.32,12000.0,HIGH,pa_3,Station pa_3,125.2,E1,E1_0,20.0,4,3,0.0,pa_8,Station pa_8,453.39,E7,E7_0,25.0,5,3,0.0,Station pa_3,Nearest with charging slots
121.0,easyBike_023,NEG_E7,NEG_E7_0,11.65,30.39,12000.0,MEDIUM,pa_8,Station pa_8,116.32,E7,E7_0,25.0,5,3,0.0,pa_8_rev,Station pa_8_rev,359.37,NEG_E7,NEG_E7_0,25.0,1,3,80.0,Station pa_8,Nearest with charging slots
121.0,easyBike_025,E0,E0_0,9.36,17.61,12000.0,CRITICAL,pa_2,Station pa_2,71.66,E0,E0_0,20.0,1,3,75.0,pa_3_rev,Station pa_3_rev,91.95,NEG_E1,NEG_E1_0,20.0,4,3,0.0,Station pa_2,Nearest with charging slots
121.0,easyBike_027,E4,E4_0,13.25,15.23,12000.0,CRITICAL,pa_6_rev,Station pa_6_rev,88.24,NEG_E5,NEG_E5_0,25.0,5,3,0.0,pa_2_rev,Station pa_2_rev,173.55,NEG_E0,NEG_E0_0,20.0,4,3,0.0,Station pa_6_rev,Nearest with charging slots
121.0,easyBike_029,NEG_E3,NEG_E3_1,1.01,12.92,12000.0,CRITICAL,pa_8,Station pa_8,167.78,E7,E7_0,25.0,5,3,0.0,pa_3,Station pa_3,407.13,E1,E1_0,20.0,4,3,0.0,Station pa_8,Nearest with charging slots
123.0,easyBike_004,E10,E10_0,11.32,39.16,12000.0,MEDIUM,pa_3_rev,Station pa_3_rev,179.45,NEG_E1,NEG_E1_0,20.0,4,3,0.0,pa_2,Station pa_2,190.91,E0,E0_0,20.0,1,3,75.0,Station pa_3_rev,Nearest with charging slots
123.0,easyBike_008,NEG_E7,NEG_E7_1,11.64,34.57,12000.0,MEDIUM,pa_8,Station pa_8,128.51,E7,E7_0,25.0,5,3,0.0,pa_8_rev,Station pa_8_rev,347.05,NEG_E7,NEG_E7_0,25.0,1,3,80.0,Station pa_8,Nearest with charging slots
123.0,easyBike_009,E1,E1_0,11.73,36.13,12000.0,MEDIUM,pa_3,Station pa_3,201.64,E1,E1_0,20.0,4,3,0.0,pa_3_rev,Station pa_3_rev,254.06,NEG_E1,NEG_E1_0,20.0,4,3,0.0,Station pa_3,Nearest with charging slots
123.0,easyBike_015,NEG_E7,NEG_E7_1,12.28,26.03,12000.0,HIGH,pa_8,Station pa_8,147.64,E7,E7_0,25.0,5,3,0.0,pa_8_rev,Station pa_8_rev,327.89,NEG_E7,NEG_E7_0,25.0,1,3,80.0,Station pa_8,Nearest with charging slots
123.0,easyBike_019,E5,parked,0.0,23.88,12000.0,HIGH,pa_6,Station pa_6,56.58,E5,E5_0,25.0,4,3,20.0,pa_7_rev,Station pa_7_rev,64.0,NEG_E6,NEG_E6_0,20.0,4,2,0.0,Station pa_6,Nearest with charging slots
123.0,easyBike_021,NEG_E2,NEG_E2_0,10.83,26.91,12000.0,HIGH,pa_3,Station pa_3,54.6,E1,E1_0,20.0,4,3,0.0,pa_8,Station pa_8,413.93,E7,E7_0,25.0,5,3,0.0,Station pa_3,Nearest with charging slots
126.0,easyBike_010,E1,E1_0,11.89,37.8,12000.0,MEDIUM,pa_3,Station pa_3,198.2,E1,E1_0,20.0,4,3,0.0,pa_3_rev,Station pa_3_rev,257.49,NEG_E1,NEG_E1_0,20.0,4,3,0.0,Station pa_3,Nearest with charging slots
126.0,easyBike_014,NEG_E7,NEG_E7_0,12.12,27.19,12000.0,HIGH,pa_8,Station pa_8,170.13,E7,E7_0,25.0,5,3,0.0,pa_8_rev,Station pa_8_rev,305.52,NEG_E7,NEG_E7_0,25.0,1,3,80.0,Station pa_8,Nearest with charging slots
126.0,easyBike_017,E0,parked,0.0,23.9,12000.0,HIGH,pa_2,Station pa_2,66.3,E0,E0_0,20.0,0,3,100.0,pa_3_rev,Station pa_3_rev,86.85,NEG_E1,NEG_E1_0,20.0,4,3,0.0,Station pa_3_rev,2nd nearest has slots (nearest full)
128.0,easyBike_012,E10,E10_1,11.92,41.1,12000.0,MEDIUM,pa_3_rev,Station pa_3_rev,201.72,NEG_E1,NEG_E1_0,20.0,4,3,0.0,pa_7,Station pa_7,206.7,E6,E6_0,20.0,4,2,0.0,Station pa_3_rev,Nearest with charging slots
128.0,easyBike_016,NEG_E7,NEG_E7_0,12.36,24.84,12000.0,HIGH,pa_8,Station pa_8,176.29,E7,E7_0,25.0,5,3,0.0,pa_8_rev,Station pa_8_rev,299.28,NEG_E7,NEG_E7_0,25.0,1,3,80.0,Station pa_8,Nearest with charging slots
131.0,easyBike_018,E0,parked,0.0,22.72,12000.0,HIGH,pa_2,Station pa_2,63.62,E0,E0_0,20.0,0,3,100.0,pa_3_rev,Station pa_3_rev,84.19,NEG_E1,NEG_E1_0,20.0,4,3,0.0,Station pa_3_rev,2nd nearest has slots (nearest full)
134.0,easyBike_020,E0,parked,0.0,25.55,12000.0,HIGH,pa_2,Station pa_2,60.95,E0,E0_0,20.0,0,3,100.0,pa_3_rev,Station pa_3_rev,81.53,NEG_E1,NEG_E1_0,20.0,4,3,0.0,Station pa_3_rev,2nd nearest has slots (nearest full)
136.0,easyBike_022,NEG_E7,NEG_E7_0,11.54,28.66,12000.0,HIGH,pa_8,Station pa_8,215.34,E7,E7_0,25.0,5,3,0.0,pa_8_rev,Station pa_8_rev,260.25,NEG_E7,NEG_E7_0,25.0,1,3,80.0,Station pa_8,Nearest with charging slots
136.0,easyBike_024,NEG_E7,NEG_E7_0,13.08,18.68,12000.0,CRITICAL,pa_8,Station pa_8,164.6,E7,E7_0,25.0,5,3,0.0,pa_8_rev,Station pa_8_rev,311.05,NEG_E7,NEG_E7_0,25.0,1,3,80.0,Station pa_8,Nearest with charging slots
136.0,easyBike_026,E0,E0_0,9.42,16.36,12000.0,CRITICAL,pa_2,Station pa_2,70.53,E0,E0_0,20.0,0,3,100.0,pa_3_rev,Station pa_3_rev,90.83,NEG_E1,NEG_E1_0,20.0,4,3,0.0,Station pa_3_rev,2nd nearest has slots (nearest full)
136.0,easyBike_028,E0,E0_0,13.37,13.97,12000.0,CRITICAL,pa_2_rev,Station pa_2_rev,142.01,NEG_E0,NEG_E0_0,20.0,4,3,0.0,pa_2,Station pa_2,248.77,E0,E0_0,20.0,0,3,100.0,Station pa_2_rev,Nearest with charging slots
136.0,easyBike_030,NEG_E8,NEG_E8_1,1.02,14.17,12000.0,CRITICAL,pa_8,Station pa_8,162.5,E7,E7_0,25.0,5,3,0.0,pa_3,Station pa_3,413.99,E1,E1_0,20.0,4,3,0.0,Station pa_8,Nearest with charging slots
151.0,easyBike_001,E1,E1_0,11.07,42.57,12000.0,MEDIUM,pa_3,Station pa_3,48.74,E1,E1_0,20.0,4,3,0.0,pa_3_rev,Station pa_3_rev,406.89,NEG_E1,NEG_E1_0,20.0,4,3,0.0,Station pa_3,Nearest with charging slots
151.0,easyBike_002,E1,E1_1,11.15,41.4,12000.0,MEDIUM,pa_3,Station pa_3,40.19,E1,E1_0,20.0,4,3,0.0,pa_8,Station pa_8,404.71,E7,E7_0,25.0,5,3,0.0,Station pa_3,Nearest with charging slots
151.0,easyBike_003,E7,E7_0,11.27,40.21,12000.0,MEDIUM,pa_8_rev,Station pa_8_rev,147.38,NEG_E7,NEG_E7_0,25.0,1,3,80.0,pa_7,Station pa_7,168.08,E6,E6_0,20.0,4,2,0.0,Station pa_8_rev,Nearest with charging slots
151.0,easyBike_005,NEG_E2,NEG_E2_0,0.0,37.98,12000.0,MEDIUM,pa_3,Station pa_3,21.92,E1,E1_0,20.0,4,3,0.0,pa_8,Station pa_8,399.31,E7,E7_0,25.0,5,3,0.0,Station pa_3,Nearest with charging slots
151.0,easyBike_006,NEG_E9,NEG_E9_0,11.49,36.79,12000.0,MEDIUM,pa_3,Station pa_3,178.4,E1,E1_0,20.0,4,3,0.0,pa_8,Station pa_8,226.82,E7,E7_0,25.0,5,3,0.0,Station pa_3,Nearest with charging slots
151.0,easyBike_007,NEG_E7,NEG_E7_0,11.58,35.61,12000.0,MEDIUM,pa_8_rev,Station pa_8_rev,161.59,NEG_E7,NEG_E7_0,25.0,1,3,80.0,pa_7,Station pa_7,183.0,E6,E6_0,20.0,4,2,0.0,Station pa_8_rev,Nearest with charging slots
151.0,easyBike_011,E7,E7_0,11.83,39.32,12000.0,MEDIUM,pa_8_rev,Station pa_8_rev,183.54,NEG_E7,NEG_E7_0,25.0,1,3,80.0,pa_7,Station pa_7,204.3,E6,E6_0,20.0,4,2,0.0,Station pa_8_rev,Nearest with charging slots
151.0,easyBike_013,NEG_E1,NEG_E1_0,12.07,28.15,12000.0,HIGH,pa_3,Station pa_3,139.32,E1,E1_0,20.0,4,3,0.0,pa_3_rev,Station pa_3_rev,316.53,NEG_E1,NEG_E1_0,20.0,4,3,0.0,Station pa_3,Nearest with charging slots
151.0,easyBike_023,NEG_E7,NEG_E7_0,11.54,30.26,12000.0,MEDIUM,pa_8_rev,Station pa_8_rev,175.82,NEG_E7,NEG_E7_0,25.0,1,3,80.0,pa_7,Station pa_7,197.13,E6,E6_0,20.0,4,2,0.0,Station pa_8_rev,Nearest with charging slots
151.0,easyBike_025,E0,parked,0.0,17.63,12000.0,CRITICAL,pa_2,Station pa_2,58.27,E0,E0_0,20.0,0,2,100.0,pa_3_rev,Station pa_3_rev,78.88,NEG_E1,NEG_E1_0,20.0,4,3,0.0,Station pa_3_rev,2nd nearest has slots (nearest full)
151.0,easyBike_027,E5,E5_0,10.97,15.1,12000.0,CRITICAL,pa_6,Station pa_6,76.24,E5,E5_0,25.0,4,3,20.0,pa_7_rev,Station pa_7_rev,83.19,NEG_E6,NEG_E6_0,20.0,4,2,0.0,Station pa_6,Nearest with charging slots
151.0,easyBike_029,NEG_E3,NEG_E3_0,13.44,12.72,12000.0,CRITICAL,pa_8,Station pa_8,205.01,E7,E7_0,25.0,5,3,0.0,pa_3,Station pa_3,316.76,E1,E1_0,20.0,4,3,0.0,Station pa_8,Nearest with charging slots
151.0,easyBike_031,NEG_E8,NEG_E8_1,0.93,15.83,12000.0,CRITICAL,pa_8,Station pa_8,162.51,E7,E7_0,25.0,5,3,0.0,pa_3,Station pa_3,413.99,E1,E1_0,20.0,4,3,0.0,Station pa_8,Nearest with charging slots
153.0,easyBike_004,E10,E10_0,11.37,39.04,12000.0,MEDIUM,pa_7,Station pa_7,70.91,E6,E6_0,20.0,4,2,0.0,pa_8_rev,Station pa_8_rev,80.65,NEG_E7,NEG_E7_0,25.0,1,3,80.0,Station pa_7,Nearest with charging slots
153.0,easyBike_008,NEG_E7,NEG_E7_1,11.61,34.45,12000.0,MEDIUM,pa_8_rev,Station pa_8_rev,162.41,NEG_E7,NEG_E7_0,25.0,1,3,80.0,pa_7,Station pa_7,183.59,E6,E6_0,20.0,4,2,0.0,Station pa_8_rev,Nearest with charging slots
153.0,easyBike_009,E1,E1_0,6.18,36.04,12000.0,MEDIUM,pa_3,Station pa_3,4.02,E1,E1_0,20.0,4,3,0.0,pa_8,Station pa_8,405.18,E7,E7_0,25.0,5,3,0.0,Station pa_3,Nearest with charging slots
153.0,easyBike_015,NEG_E7,NEG_E7_1,12.29,25.89,12000.0,HIGH,pa_8_rev,Station pa_8_rev,133.78,NEG_E7,NEG_E7_0,25.0,1,3,80.0,pa_7,Station pa_7,155.01,E6,E6_0,20.0,4,2,0.0,Station pa_8_rev,Nearest with charging slots
153.0,easyBike_019,E5,parked,0.0,23.88,12000.0,HIGH,pa_6,Station pa_6,56.58,E5,E5_0,25.0,4,3,20.0,pa_7_rev,Station pa_7_rev,64.0,NEG_E6,NEG_E6_0,20.0,4,2,0.0,Station pa_6,Nearest with charging slots
153.0,easyBike_021,NEG_E1,NEG_E1_0,12.72,26.75,12000.0,HIGH,pa_3,Station pa_3,190.7,E1,E1_0,20.0,4,3,0.0,pa_3_rev,Station pa_3_rev,265.06,NEG_E1,NEG_E1_0,20.0,4,3,0.0,Station pa_3,Nearest with charging slots
156.0,easyBike_010,E1,E1_1,3.96,37.71,12000.0,MEDIUM,pa_3,Station pa_3,3.74,E1,E1_0,20.0,4,3,0.0,pa_8,Station pa_8,401.92,E7,E7_0,25.0,5,3,0.0,Station pa_3,Nearest with charging slots
156.0,easyBike_014,NEG_E7,NEG_E7_0,12.13,27.06,12000.0,HIGH,pa_8_rev,Station pa_8_rev,112.92,NEG_E7,NEG_E7_0,25.0,1,3,80.0,pa_7,Station pa_7,134.48,E6,E6_0,20.0,4,2,0.0,Station pa_8_rev,Nearest with charging slots
156.0,easyBike_017,E0,parked,0.0,23.9,12000.0,HIGH,pa_2,Station pa_2,66.3,E0,E0_0,20.0,0,2,100.0,pa_3_rev,Station pa_3_rev,86.85,NEG_E1,NEG_E1_0,20.0,4,3,0.0,Station pa_3_rev,2nd nearest has slots (nearest full)
158.0,easyBike_012,E10,E10_1,11.96,40.97,12000.0,MEDIUM,pa_7,Station pa_7,40.62,E6,E6_0,20.0,4,2,0.0,pa_8_rev,Station pa_8_rev,50.63,NEG_E7,NEG_E7_0,25.0,1,3,80.0,Station pa_7,Nearest with charging slots
158.0,easyBike_016,NEG_E7,NEG_E7_0,12.32,24.71,12000.0,HIGH,pa_8_rev,Station pa_8_rev,103.56,NEG_E7,NEG_E7_0,25.0,1,3,80.0,pa_7,Station pa_7,125.01,E6,E6_0,20.0,4,2,0.0,Station pa_8_rev,Nearest with charging slots
161.0,easyBike_018,E0,parked,0.0,22.72,12000.0,HIGH,pa_2,Station pa_2,63.62,E0,E0_0,20.0,0,2,100.0,pa_3_rev,Station pa_3_rev,84.19,NEG_E1,NEG_E1_0,20.0,4,3,0.0,Station pa_3_rev,2nd nearest has slots (nearest full)
164.0,easyBike_020,E0,parked,0.0,25.55,12000.0,HIGH,pa_2,Station pa_2,60.95,E0,E0_0,20.0,0,2,100.0,pa_3_rev,Station pa_3_rev,81.53,NEG_E1,NEG_E1_0,20.0,4,3,0.0,Station pa_3_rev,2nd nearest has slots (nearest full)
166.0,easyBike_022,NEG_E7,NEG_E7_0,11.55,28.54,12000.0,HIGH,pa_8_rev,Station pa_8_rev,77.14,NEG_E7,NEG_E7_0,25.0,1,3,80.0,pa_7,Station pa_7,98.92,E6,E6_0,20.0,4,2,0.0,Station pa_8_rev,Nearest with charging slots
166.0,easyBike_024,NEG_E7,NEG_E7_0,13.05,18.54,12000.0,CRITICAL,pa_8_rev,Station pa_8_rev,104.24,NEG_E7,NEG_E7_0,25.0,1,3,80.0,pa_7,Station pa_7,125.84,E6,E6_0,20.0,4,2,0.0,Station pa_8_rev,Nearest with charging slots
166.0,easyBike_026,E0,parked,0.0,16.38,12000.0,CRITICAL,pa_2,Station pa_2,55.6,E0,E0_0,20.0,0,2,100.0,pa_3_rev,Station pa_3_rev,76.22,NEG_E1,NEG_E1_0,20.0,4,3,0.0,Station pa_3_rev,2nd nearest has slots (nearest full)
166.0,easyBike_028,E0,E0_0,8.15,13.86,12000.0,CRITICAL,pa_2,Station pa_2,67.31,E0,E0_0,20.0,0,2,100.0,pa_3_rev,Station pa_3_rev,87.61,NEG_E1,NEG_E1_0,20.0,4,3,0.0,Station pa_3_rev,2nd nearest has slots (nearest full)
166.0,easyBike_030,NEG_E8,NEG_E8_0,13.55,13.97,12000.0,CRITICAL,pa_8,Station pa_8,104.64,E7,E7_0,25.0,5,3,0.0,pa_3,Station pa_3,409.49,E1,E1_0,20.0,4,3,0.0,Station pa_8,Nearest with charging slots
166.0,easyBike_032,NEG_E8,NEG_E8_1,0.94,17.5,12000.0,CRITICAL,pa_8,Station pa_8,162.51,E7,E7_0,25.0,5,3,0.0,pa_3,Station pa_3,413.99,E1,E1_0,20.0,4,3,0.0,Station pa_8,Nearest with charging slots
172.0,easyBike_021,NEG_E3,NEG_E3_1,0.46,27.5,12000.0,HIGH,pa_8,Station pa_8,167.76,E7,E7_0,25.0,5,3,0.0,pa_3,Station pa_3,407.24,E1,E1_0,20.0,4,3,0.0,Station pa_8,Nearest with charging slots
181.0,easyBike_001,E1,E1_1,0.94,42.57,12000.0,MEDIUM,pa_3,Station pa_3,1.62,E1,E1_0,20.0,4,3,0.0,pa_8,Station pa_8,403.48,E7,E7_0,25.0,5,3,0.0,Station pa_3,Nearest with charging slots
181.0,easyBike_002,E1,E1_1,0.48,41.41,12000.0,MEDIUM,pa_3,Station pa_3,3.86,E1,E1_0,20.0,4,3,0.0,pa_8,Station pa_8,401.92,E7,E7_0,25.0,5,3,0.0,Station pa_3,Nearest with charging slots
181.0,easyBike_003,E7,E7_0,11.24,40.1,12000.0,MEDIUM,pa_8,Station pa_8,149.98,E7,E7_0,25.0,5,3,0.0,pa_8_rev,Station pa_8_rev,325.54,NEG_E7,NEG_E7_0,25.0,1,3,80.0,Station pa_8,Nearest with charging slots
181.0,easyBike_005,NEG_E2,NEG_E2_0,0.92,37.98,12000.0,MEDIUM,pa_3,Station pa_3,21.3,E1,E1_0,20.0,4,3,0.0,pa_8,Station pa_8,399.03,E7,E7_0,25.0,5,3,0.0,Station pa_3,Nearest with charging slots
181.0,easyBike_006,NEG_E9,NEG_E9_0,11.42,36.67,12000.0,MEDIUM,pa_3,Station pa_3,47.06,E1,E1_0,20.0,4,3,0.0,pa_8,Station pa_8,358.36,E7,E7_0,25.0,5,3,0.0,Station pa_3,Nearest with charging slots
181.0,easyBike_007,NEG_E7,NEG_E7_0,0.95,35.56,12000.0,MEDIUM,pa_8_rev,Station pa_8_rev,33.3,NEG_E7,NEG_E7_0,25.0,1,3,80.0,pa_7,Station pa_7,55.72,E6,E6_0,20.0,4,2,0.0,Station pa_8_rev,Nearest with charging slots
181.0,easyBike_011,E7,E7_0,11.87,39.2,12000.0,MEDIUM,pa_8,Station pa_8,104.3,E7,E7_0,25.0,5,3,0.0,pa_8_rev,Station pa_8_rev,371.2,NEG_E7,NEG_E7_0,25.0,1,3,80.0,Station pa_8,Nearest with charging slots
181.0,easyBike_013,NEG_E1,NEG_E1_0,12.08,28.02,12000.0,HIGH,pa_3_rev,Station pa_3_rev,110.67,NEG_E1,NEG_E1_0,20.0,4,3,0.0,pa_2,Station pa_2,128.96,E0,E0_0,20.0,0,1,100.0,Station pa_3_rev,Nearest with charging slots
181.0,easyBike_023,NEG_E7,NEG_E7_1,0.99,30.2,12000.0,MEDIUM,pa_8_rev,Station pa_8_rev,33.44,NEG_E7,NEG_E7_0,25.0,1,3,80.0,pa_7,Station pa_7,55.09,E6,E6_0,20.0,4,2,0.0,Station pa_8_rev,Nearest with charging slots
181.0,easyBike_025,E0,parked,0.0,17.63,12000.0,CRITICAL,pa_2,Station pa_2,58.27,E0,E0_0,20.0,0,1,100.0,pa_3_rev,Station pa_3_rev,78.88,NEG_E1,NEG_E1_0,20.0,4,3,0.0,Station pa_3_rev,2nd nearest has slots (nearest full)
181.0,easyBike_027,E5,parked,0.0,15.13,12000.0,CRITICAL,pa_6,Station pa_6,53.26,E5,E5_0,25.0,3,3,40.0,pa_7_rev,Station pa_7_rev,60.72,NEG_E6,NEG_E6_0,20.0,4,2,0.0,Station pa_6,Nearest with charging slots
181.0,easyBike_029,NEG_E3,NEG_E3_0,13.48,12.56,12000.0,CRITICAL,pa_3,Station pa_3,213.1,E1,E1_0,20.0,4,3,0.0,pa_8,Station pa_8,299.94,E7,E7_0,25.0,5,3,0.0,Station pa_3,Nearest with charging slots
181.0,easyBike_031,NEG_E8,NEG_E8_0,13.54,15.64,12000.0,CRITICAL,pa_8,Station pa_8,104.91,E7,E7_0,25.0,5,3,0.0,pa_3,Station pa_3,409.51,E1,E1_0,20.0,4,3,0.0,Station pa_8,Nearest with charging slots
181.0,easyBike_033,E0,E0_0,0.95,18.75,12000.0,CRITICAL,pa_2_rev,Station pa_2_rev,9.71,NEG_E0,NEG_E0_0,20.0,4,3,0.0,pa_6_rev,Station pa_6_rev,271.27,NEG_E5,NEG_E5_0,25.0,5,3,0.0,Station pa_2_rev,Nearest with charging slots
183.0,easyBike_004,E7,E7_0,11.36,38.91,12000.0,MEDIUM,pa_8_rev,Station pa_8_rev,78.08,NEG_E7,NEG_E7_0,25.0,1,3,80.0,pa_7,Station pa_7,98.52,E6,E6_0,20.0,4,2,0.0,Station pa_8_rev,Nearest with charging slots
183.0,easyBike_008,NEG_E7,NEG_E7_1,6.13,34.38,12000.0,MEDIUM,pa_8_rev,Station pa_8_rev,23.44,NEG_E7,NEG_E7_0,25.0,1,3,80.0,pa_7,Station pa_7,44.88,E6,E6_0,20.0,4,2,0.0,Station pa_8_rev,Nearest with charging slots
183.0,easyBike_009,:Node3_5,:Node3_5_0,2.54,36.04,12000.0,MEDIUM,pa_3,Station pa_3,3.07,E1,E1_0,20.0,4,3,0.0,pa_8,Station pa_8,405.57,E7,E7_0,25.0,5,3,0.0,Station pa_3,Nearest with charging slots
183.0,easyBike_015,NEG_E7,parked,0.0,25.87,12000.0,HIGH,pa_8_rev,Station pa_8_rev,27.65,NEG_E7,NEG_E7_0,25.0,1,3,80.0,pa_7,Station pa_7,50.91,E6,E6_0,20.0,4,2,0.0,Station pa_8_rev,Nearest with charging slots
183.0,easyBike_019,E5,parked,0.0,23.88,12000.0,HIGH,pa_6,Station pa_6,56.58,E5,E5_0,25.0,3,3,40.0,pa_7_rev,Station pa_7_rev,64.0,NEG_E6,NEG_E6_0,20.0,4,2,0.0,Station pa_6,Nearest with charging slots
183.0,easyBike_021,NEG_E1,NEG_E1_0,6.06,26.65,12000.0,HIGH,pa_3_rev,Station pa_3_rev,52.51,NEG_E1,NEG_E1_0,20.0,4,3,0.0,pa_2,Station pa_2,71.23,E0,E0_0,20.0,0,1,100.0,Station pa_3_rev,Nearest with charging slots
186.0,easyBike_010,:Node3_7,:Node3_7_0,0.0,37.71,12000.0,MEDIUM,pa_3,Station pa_3,6.48,E1,E1_0,20.0,4,3,0.0,pa_8,Station pa_8,400.57,E7,E7_0,25.0,5,3,0.0,Station pa_3,Nearest with charging slots
186.0,easyBike_014,NEG_E7,parked,0.0,27.05,12000.0,HIGH,pa_8_rev,Station pa_8_rev,33.96,NEG_E7,NEG_E7_0,25.0,1,3,80.0,pa_7,Station pa_7,56.98,E6,E6_0,20.0,4,2,0.0,Station pa_8_rev,Nearest with charging slots
186.0,easyBike_017,E0,parked,0.0,23.9,12000.0,HIGH,pa_2,Station pa_2,66.3,E0,E0_0,20.0,0,1,100.0,pa_3_rev,Station pa_3_rev,86.85,NEG_E1,NEG_E1_0,20.0,3,3,25.0,Station pa_3_rev,2nd nearest has slots (nearest full)
187.0,easyBike_022,NEG_E8,NEG_E8_1,0.48,29.17,12000.0,HIGH,pa_8,Station pa_8,162.58,E7,E7_0,25.0,5,3,0.0,pa_3,Station pa_3,414.0,E1,E1_0,20.0,4,3,0.0,Station pa_8,Nearest with charging slots
188.0,easyBike_012,E7,E7_0,11.95,40.82,12000.0,MEDIUM,pa_8_rev,Station pa_8_rev,124.23,NEG_E7,NEG_E7_0,25.0,1,3,80.0,pa_7,Station pa_7,144.87,E6,E6_0,20.0,4,2,0.0,Station pa_8_rev,Nearest with charging slots
188.0,easyBike_016,NEG_E7,parked,0.0,24.7,12000.0,HIGH,pa_8_rev,Station pa_8_rev,30.8,NEG_E7,NEG_E7_0,25.0,1,3,80.0,pa_7,Station pa_7,53.94,E6,E6_0,20.0,4,2,0.0,Station pa_8_rev,Nearest with charging slots
191.0,easyBike_018,E0,parked,0.0,22.72,12000.0,HIGH,pa_2,Station pa_2,63.62,E0,E0_0,20.0,0,1,100.0,pa_3_rev,Station pa_3_rev,84.19,NEG_E1,NEG_E1_0,20.0,3,3,25.0,Station pa_3_rev,2nd nearest has slots (nearest full)
194.0,easyBike_020,E0,parked,0.0,25.55,12000.0,HIGH,pa_2,Station pa_2,60.95,E0,E0_0,20.0,0,1,100.0,pa_3_rev,Station pa_3_rev,81.53,NEG_E1,NEG_E1_0,20.0,2,3,50.0,Station pa_3_rev,2nd nearest has slots (nearest full)
196.0,easyBike_022,NEG_E7,parked,0.0,28.55,12000.0,HIGH,pa_8_rev,Station pa_8_rev,24.51,NEG_E7,NEG_E7_0,25.0,0,3,100.0,pa_7,Station pa_7,47.9,E6,E6_0,20.0,4,2,0.0,Station pa_7,2nd nearest has slots (nearest full)
196.0,easyBike_024,NEG_E7,parked,0.0,18.55,12000.0,CRITICAL,pa_8_rev,Station pa_8_rev,21.37,NEG_E7,NEG_E7_0,25.0,0,3,100.0,pa_7,Station pa_7,44.92,E6,E6_0,20.0,4,2,0.0,Station pa_7,2nd nearest has slots (nearest full)
196.0,easyBike_026,E0,parked,0.0,16.38,12000.0,CRITICAL,pa_2,Station pa_2,55.6,E0,E0_0,20.0,0,1,100.0,pa_3_rev,Station pa_3_rev,76.22,NEG_E1,NEG_E1_0,20.0,2,3,50.0,Station pa_3_rev,2nd nearest has slots (nearest full)
196.0,easyBike_028,E0,parked,0.0,13.88,12000.0,CRITICAL,pa_2,Station pa_2,52.92,E0,E0_0,20.0,0,1,100.0,pa_3_rev,Station pa_3_rev,73.57,NEG_E1,NEG_E1_0,20.0,2,3,50.0,Station pa_3_rev,2nd nearest has slots (nearest full)
196.0,easyBike_030,NEG_E8,NEG_E8_0,13.57,13.81,12000.0,CRITICAL,pa_8,Station pa_8,29.46,E7,E7_0,25.0,5,3,0.0,pa_3,Station pa_3,412.01,E1,E1_0,20.0,4,3,0.0,Station pa_8,Nearest with charging slots
196.0,easyBike_032,NEG_E8,NEG_E8_0,13.65,17.3,12000.0,CRITICAL,pa_8,Station pa_8,104.57,E7,E7_0,25.0,5,3,0.0,pa_3,Station pa_3,409.49,E1,E1_0,20.0,4,3,0.0,Station pa_8,Nearest with charging slots
196.0,easyBike_034,E0,E0_1,0.93,35.0,12000.0,MEDIUM,pa_2_rev,Station pa_2_rev,6.56,NEG_E0,NEG_E0_0,20.0,4,3,0.0,pa_6_rev,Station pa_6_rev,268.08,NEG_E5,NEG_E5_0,25.0,5,3,0.0,Station pa_2_rev,Nearest with charging slots
201.0,eRickshaw_026,E0,E0_1,0.53,34.72,7200.0,MEDIUM,pa_2_rev,Station pa_2_rev,6.52,NEG_E0,NEG_E0_0,20.0,4,3,0.0,pa_6_rev,Station pa_6_rev,268.09,NEG_E5,NEG_E5_0,25.0,5,3,0.0,Station pa_2_rev,Nearest with charging slots
202.0,easyBike_021,NEG_E3,NEG_E3_0,12.76,27.32,12000.0,HIGH,pa_8,Station pa_8,199.8,E7,E7_0,25.0,5,3,0.0,pa_3,Station pa_3,324.49,E1,E1_0,20.0,4,3,0.0,Station pa_8,Nearest with charging slots
211.0,easyBike_001,E3,E3_0,11.05,42.41,12000.0,MEDIUM,pa_3,Station pa_3,157.36,E1,E1_0,20.0,4,3,0.0,pa_8,Station pa_8,433.99,E7,E7_0,25.0,5,3,0.0,Station pa_3,Nearest with charging slots
211.0,easyBike_002,E9,E9_0,11.16,41.29,12000.0,MEDIUM,pa_3,Station pa_3,79.63,E1,E1_0,20.0,4,3,0.0,pa_8,Station pa_8,327.19,E7,E7_0,25.0,5,3,0.0,Station pa_3,Nearest with charging slots
211.0,easyBike_003,E8,E8_0,11.25,39.98,12000.0,MEDIUM,pa_8,Station pa_8,27.19,E7,E7_0,25.0,5,3,0.0,pa_3,Station pa_3,402.49,E1,E1_0,20.0,4,3,0.0,Station pa_8,Nearest with charging slots
211.0,easyBike_005,NEG_E1,NEG_E1_0,11.36,37.83,12000.0,MEDIUM,pa_3,Station pa_3,139.04,E1,E1_0,20.0,4,3,0.0,pa_3_rev,Station pa_3_rev,316.8,NEG_E1,NEG_E1_0,20.0,2,3,50.0,Station pa_3,Nearest with charging slots
211.0,easyBike_006,NEG_E9,NEG_E9_0,0.0,36.68,12000.0,MEDIUM,pa_3,Station pa_3,16.45,E1,E1_0,20.0,4,3,0.0,pa_8,Station pa_8,389.53,E7,E7_0,25.0,5,3,0.0,Station pa_3,Nearest with charging slots
211.0,easyBike_007,NEG_E6,NEG_E6_0,11.54,35.41,12000.0,MEDIUM,pa_7,Station pa_7,93.81,E6,E6_0,20.0,4,2,0.0,pa_8_rev,Station pa_8_rev,116.8,NEG_E7,NEG_E7_0,25.0,0,3,100.0,Station pa_7,Nearest with charging slots
211.0,easyBike_011,E8,E8_0,11.87,39.07,12000.0,MEDIUM,pa_8,Station pa_8,46.93,E7,E7_0,25.0,5,3,0.0,pa_3,Station pa_3,400.42,E1,E1_0,20.0,4,3,0.0,Station pa_8,Nearest with charging slots
211.0,easyBike_013,NEG_E1,parked,0.0,28.02,12000.0,HIGH,pa_3_rev,Station pa_3_rev,41.88,NEG_E1,NEG_E1_0,20.0,2,3,50.0,pa_2,Station pa_2,61.34,E0,E0_0,20.0,0,1,100.0,Station pa_3_rev,Nearest with charging slots
211.0,easyBike_023,NEG_E6,NEG_E6_0,12.98,30.01,12000.0,MEDIUM,pa_7,Station pa_7,106.42,E6,E6_0,20.0,4,2,0.0,pa_8_rev,Station pa_8_rev,129.46,NEG_E7,NEG_E7_0,25.0,0,3,100.0,Station pa_7,Nearest with charging slots
211.0,easyBike_023,NEG_E8,NEG_E8_1,0.92,30.83,12000.0,MEDIUM,pa_8,Station pa_8,162.51,E7,E7_0,25.0,5,3,0.0,pa_3,Station pa_3,413.99,E1,E1_0,20.0,4,3,0.0,Station pa_8,Nearest with charging slots
211.0,easyBike_025,E0,parked,0.0,17.63,12000.0,CRITICAL,pa_2,Station pa_2,58.27,E0,E0_0,20.0,0,1,100.0,pa_3_rev,Station pa_3_rev,78.88,NEG_E1,NEG_E1_0,20.0,2,3,50.0,Station pa_3_rev,2nd nearest has slots (nearest full)
211.0,easyBike_027,E5,parked,0.0,15.13,12000.0,CRITICAL,pa_6,Station pa_6,53.26,E5,E5_0,25.0,3,3,40.0,pa_7_rev,Station pa_7_rev,60.72,NEG_E6,NEG_E6_0,20.0,4,2,0.0,Station pa_6,Nearest with charging slots
211.0,easyBike_029,NEG_E3,NEG_E3_0,13.46,12.41,12000.0,CRITICAL,pa_3,Station pa_3,150.89,E1,E1_0,20.0,4,3,0.0,pa_8,Station pa_8,412.49,E7,E7_0,25.0,5,3,0.0,Station pa_3,Nearest with charging slots
211.0,easyBike_031,NEG_E8,NEG_E8_0,13.54,15.48,12000.0,CRITICAL,pa_8,Station pa_8,29.7,E7,E7_0,25.0,5,3,0.0,pa_3,Station pa_3,411.98,E1,E1_0,20.0,4,3,0.0,Station pa_8,Nearest with charging slots
211.0,easyBike_033,E0,E0_0,13.8,18.55,12000.0,CRITICAL,pa_2_rev,Station pa_2_rev,145.59,NEG_E0,NEG_E0_0,20.0,4,3,0.0,pa_2,Station pa_2,245.18,E0,E0_0,20.0,0,1,100.0,Station pa_2_rev,Nearest with charging slots
213.0,easyBike_004,E7,E7_0,11.4,38.79,12000.0,MEDIUM,pa_8,Station pa_8,217.98,E7,E7_0,25.0,5,3,0.0,pa_8_rev,Station pa_8_rev,257.57,NEG_E7,NEG_E7_0,25.0,0,3,100.0,Station pa_8,Nearest with charging slots
213.0,easyBike_008,NEG_E10,NEG_E10_0,11.65,34.21,12000.0,MEDIUM,pa_7,Station pa_7,112.4,E6,E6_0,20.0,4,2,0.0,pa_8_rev,Station pa_8_rev,124.46,NEG_E7,NEG_E7_0,25.0,0,3,100.0,Station pa_7,Nearest with charging slots
213.0,easyBike_009,E3,E3_0,11.78,35.86,12000.0,MEDIUM,pa_3,Station pa_3,159.21,E1,E1_0,20.0,4,3,0.0,pa_8,Station pa_8,424.15,E7,E7_0,25.0,5,3,0.0,Station pa_3,Nearest with charging slots
213.0,easyBike_015,NEG_E7,parked,0.0,25.87,12000.0,HIGH,pa_8_rev,Station pa_8_rev,27.65,NEG_E7,NEG_E7_0,25.0,0,3,100.0,pa_7,Station pa_7,50.91,E6,E6_0,20.0,4,2,0.0,Station pa_7,2nd nearest has slots (nearest full)
213.0,easyBike_019,E5,parked,0.0,23.88,12000.0,HIGH,pa_6,Station pa_6,56.58,E5,E5_0,25.0,3,3,40.0,pa_7_rev,Station pa_7_rev,64.0,NEG_E6,NEG_E6_0,20.0,4,2,0.0,Station pa_6,Nearest with charging slots
213.0,easyBike_021,NEG_E1,parked,0.0,26.66,12000.0,HIGH,pa_3_rev,Station pa_3_rev,46.61,NEG_E1,NEG_E1_0,20.0,2,3,50.0,pa_2,Station pa_2,65.96,E0,E0_0,20.0,0,1,100.0,Station pa_3_rev,Nearest with charging slots
216.0,easyBike_010,E9,E9_0,11.88,37.55,12000.0,MEDIUM,pa_3,Station pa_3,109.89,E1,E1_0,20.0,4,3,0.0,pa_8,Station pa_8,296.58,E7,E7_0,25.0,5,3,0.0,Station pa_3,Nearest with charging slots
216.0,easyBike_014,NEG_E7,parked,0.0,27.05,12000.0,HIGH,pa_8_rev,Station pa_8_rev,33.96,NEG_E7,NEG_E7_0,25.0,0,3,100.0,pa_7,Station pa_7,56.98,E6,E6_0,20.0,4,2,0.0,Station pa_7,2nd nearest has slots (nearest full)
216.0,easyBike_017,E0,parked,0.0,23.9,12000.0,HIGH,pa_2,Station pa_2,66.3,E0,E0_0,20.0,0,1,100.0,pa_3_rev,Station pa_3_rev,86.85,NEG_E1,NEG_E1_0,20.0,2,3,50.0,Station pa_3_rev,2nd nearest has slots (nearest full)
217.0,easyBike_022,NEG_E8,NEG_E8_0,12.84,28.99,12000.0,HIGH,pa_8,Station pa_8,108.79,E7,E7_0,25.0,5,3,0.0,pa_3,Station pa_3,409.77,E1,E1_0,20.0,4,3,0.0,Station pa_8,Nearest with charging slots
218.0,easyBike_012,E7,E7_0,11.94,40.69,12000.0,MEDIUM,pa_8,Station pa_8,162.12,E7,E7_0,25.0,5,3,0.0,pa_8_rev,Station pa_8_rev,313.41,NEG_E7,NEG_E7_0,25.0,0,3,100.0,Station pa_8,Nearest with charging slots
218.0,easyBike_016,NEG_E7,parked,0.0,24.7,12000.0,HIGH,pa_8_rev,Station pa_8_rev,30.8,NEG_E7,NEG_E7_0,25.0,0,3,100.0,pa_7,Station pa_7,53.94,E6,E6_0,20.0,4,2,0.0,Station pa_7,2nd nearest has slots (nearest full)
221.0,easyBike_018,E0,parked,0.0,22.72,12000.0,HIGH,pa_2,Station pa_2,63.62,E0,E0_0,20.0,0,1,100.0,pa_3_rev,Station pa_3_rev,84.19,NEG_E1,NEG_E1_0,20.0,2,3,50.0,Station pa_3_rev,2nd nearest has slots (nearest full)
221.0,eRickshaw_027,E4,E4_0,0.52,30.86,7200.0,MEDIUM,pa_2_rev,Station pa_2_rev,3.52,NEG_E0,NEG_E0_0,20.0,4,3,0.0,pa_6_rev,Station pa_6_rev,258.58,NEG_E5,NEG_E5_0,25.0,5,3,0.0,Station pa_2_rev,Nearest with charging slots
224.0,easyBike_020,E0,parked,0.0,25.55,12000.0,HIGH,pa_2,Station pa_2,60.95,E0,E0_0,20.0,0,1,100.0,pa_3_rev,Station pa_3_rev,81.53,NEG_E1,NEG_E1_0,20.0,2,3,50.0,Station pa_3_rev,2nd nearest has slots (nearest full)
226.0,easyBike_005,NEG_E3,NEG_E3_1,0.91,38.5,12000.0,MEDIUM,pa_8,Station pa_8,167.78,E7,E7_0,25.0,5,3,0.0,pa_3,Station pa_3,407.15,E1,E1_0,20.0,4,3,0.0,Station pa_8,Nearest with charging slots
226.0,easyBike_006,NEG_E8,NEG_E8_1,0.92,37.33,12000.0,MEDIUM,pa_8,Station pa_8,162.51,E7,E7_0,25.0,5,3,0.0,pa_3,Station pa_3,413.99,E1,E1_0,20.0,4,3,0.0,Station pa_8,Nearest with charging slots
226.0,easyBike_007,NEG_E8,NEG_E8_0,0.81,36.17,12000.0,MEDIUM,pa_8,Station pa_8,162.71,E7,E7_0,25.0,5,3,0.0,pa_3,Station pa_3,417.13,E1,E1_0,20.0,4,3,0.0,Station pa_8,Nearest with charging slots
226.0,easyBike_017,E0,E0_1,1.0,24.17,12000.0,HIGH,pa_2_rev,Station pa_2_rev,6.56,NEG_E0,NEG_E0_0,20.0,4,3,0.0,pa_6_rev,Station pa_6_rev,268.08,NEG_E5,NEG_E5_0,25.0,5,3,0.0,Station pa_2_rev,Nearest with charging slots
226.0,easyBike_022,NEG_E7,parked,0.0,28.55,12000.0,HIGH,pa_8_rev,Station pa_8_rev,24.51,NEG_E7,NEG_E7_0,25.0,0,3,100.0,pa_7,Station pa_7,47.9,E6,E6_0,20.0,4,2,0.0,Station pa_7,2nd nearest has slots (nearest full)
226.0,easyBike_024,NEG_E7,parked,0.0,18.55,12000.0,CRITICAL,pa_8_rev,Station pa_8_rev,21.37,NEG_E7,NEG_E7_0,25.0,0,3,100.0,pa_7,Station pa_7,44.92,E6,E6_0,20.0,4,2,0.0,Station pa_7,2nd nearest has slots (nearest full)
226.0,easyBike_026,E0,parked,0.0,16.38,12000.0,CRITICAL,pa_2,Station pa_2,55.6,E0,E0_0,20.0,0,1,100.0,pa_3_rev,Station pa_3_rev,76.22,NEG_E1,NEG_E1_0,20.0,2,3,50.0,Station pa_3_rev,2nd nearest has slots (nearest full)
226.0,easyBike_028,E0,parked,0.0,13.88,12000.0,CRITICAL,pa_2,Station pa_2,52.92,E0,E0_0,20.0,0,1,100.0,pa_3_rev,Station pa_3_rev,73.57,NEG_E1,NEG_E1_0,20.0,2,3,50.0,Station pa_3_rev,2nd nearest has slots (nearest full)
226.0,easyBike_030,NEG_E7,NEG_E7_0,13.53,13.65,12000.0,CRITICAL,pa_8,Station pa_8,186.0,E7,E7_0,25.0,5,3,0.0,pa_8_rev,Station pa_8_rev,289.62,NEG_E7,NEG_E7_0,25.0,0,3,100.0,Station pa_8,Nearest with charging slots
226.0,easyBike_032,NEG_E8,NEG_E8_0,13.09,17.15,12000.0,CRITICAL,pa_8,Station pa_8,28.89,E7,E7_0,25.0,5,3,0.0,pa_3,Station pa_3,412.09,E1,E1_0,20.0,4,3,0.0,Station pa_8,Nearest with charging slots
226.0,easyBike_034,E0,E0_0,13.83,34.8,12000.0,MEDIUM,pa_2_rev,Station pa_2_rev,146.15,NEG_E0,NEG_E0_0,20.0,4,3,0.0,pa_2,Station pa_2,244.62,E0,E0_0,20.0,0,1,100.0,Station pa_2_rev,Nearest with charging slots
228.0,easyBike_024,NEG_E8,NEG_E8_1,0.36,19.17,12000.0,CRITICAL,pa_8,Station pa_8,162.59,E7,E7_0,25.0,5,3,0.0,pa_3,Station pa_3,414.0,E1,E1_0,20.0,4,3,0.0,Station pa_8,Nearest with charging slots
231.0,eRickshaw_026,E0,E0_0,11.63,34.55,7200.0,MEDIUM,pa_2_rev,Station pa_2_rev,101.7,NEG_E0,NEG_E0_0,20.0,4,3,0.0,pa_6_rev,Station pa_6_rev,286.99,NEG_E5,NEG_E5_0,25.0,5,3,0.0,Station pa_2_rev,Nearest with charging slots
232.0,easyBike_021,NEG_E3,NEG_E3_0,12.72,27.18,12000.0,HIGH,pa_3,Station pa_3,224.34,E1,E1_0,20.0,4,3,0.0,pa_8,Station pa_8,287.17,E7,E7_0,25.0,5,3,0.0,Station pa_3,Nearest with charging slots
241.0,easyBike_001,E3,E3_0,11.08,42.3,12000.0,MEDIUM,pa_3,Station pa_3,192.93,E1,E1_0,20.0,4,3,0.0,pa_8,Station pa_8,341.06,E7,E7_0,25.0,5,3,0.0,Station pa_3,Nearest with charging slots
241.0,easyBike_001,E0,E0_1,0.84,43.17,12000.0,MEDIUM,pa_2_rev,Station pa_2_rev,6.55,NEG_E0,NEG_E0_0,20.0,4,3,0.0,pa_6_rev,Station pa_6_rev,268.08,NEG_E5,NEG_E5_0,25.0,5,3,0.0,Station pa_2_rev,Nearest with charging slots
241.0,easyBike_002,E9,E9_0,11.16,41.17,12000.0,MEDIUM,pa_8,Station pa_8,199.34,E7,E7_0,25.0,5,3,0.0,pa_3,Station pa_3,206.84,E1,E1_0,20.0,4,3,0.0,Station pa_8,Nearest with charging slots
241.0,easyBike_003,E8,E8_0,11.27,39.86,12000.0,MEDIUM,pa_8,Station pa_8,90.98,E7,E7_0,25.0,5,3,0.0,pa_3,Station pa_3,399.31,E1,E1_0,20.0,4,3,0.0,Station pa_8,Nearest with charging slots
241.0,easyBike_005,NEG_E1,NEG_E1_0,11.34,37.71,12000.0,MEDIUM,pa_3_rev,Station pa_3_rev,122.91,NEG_E1,NEG_E1_0,20.0,1,3,75.0,pa_2,Station pa_2,141.15,E0,E0_0,20.0,0,1,100.0,Station pa_3_rev,Nearest with charging slots
241.0,easyBike_006,NEG_E1,NEG_E1_0,10.97,36.59,12000.0,MEDIUM,pa_3,Station pa_3,46.68,E1,E1_0,20.0,4,3,0.0,pa_8,Station pa_8,399.29,E7,E7_0,25.0,5,3,0.0,Station pa_3,Nearest with charging slots
241.0,easyBike_007,NEG_E5,NEG_E5_0,11.51,35.27,12000.0,MEDIUM,pa_6,Station pa_6,15.36,E5,E5_0,25.0,3,3,40.0,pa_7_rev,Station pa_7_rev,19.71,NEG_E6,NEG_E6_0,20.0,3,2,25.0,Station pa_6,Nearest with charging slots
241.0,easyBike_008,NEG_E8,NEG_E8_1,0.88,35.0,12000.0,MEDIUM,pa_8,Station pa_8,162.52,E7,E7_0,25.0,5,3,0.0,pa_3,Station pa_3,413.99,E1,E1_0,20.0,4,3,0.0,Station pa_8,Nearest with charging slots
241.0,easyBike_011,E8,E8_0,11.87,38.94,12000.0,MEDIUM,pa_8,Station pa_8,114.15,E7,E7_0,25.0,5,3,0.0,pa_3,Station pa_3,400.67,E1,E1_0,20.0,4,3,0.0,Station pa_8,Nearest with charging slots
241.0,easyBike_013,NEG_E1,parked,0.0,28.02,12000.0,HIGH,pa_3_rev,Station pa_3_rev,41.88,NEG_E1,NEG_E1_0,20.0,1,3,75.0,pa_2,Station pa_2,61.34,E0,E0_0,20.0,0,1,100.0,Station pa_3_rev,Nearest with charging slots
241.0,easyBike_019,E4,E4_1,1.01,24.17,12000.0,HIGH,pa_2_rev,Station pa_2_rev,5.92,NEG_E0,NEG_E0_0,20.0,4,3,0.0,pa_6_rev,Station pa_6_rev,258.3,NEG_E5,NEG_E5_0,25.0,5,3,0.0,Station pa_2_rev,Nearest with charging slots
241.0,easyBike_023,NEG_E6,parked,0.0,29.99,12000.0,HIGH,pa_7_rev,Station pa_7_rev,35.26,NEG_E6,NEG_E6_0,20.0,3,2,25.0,pa_6,Station pa_6,38.37,E5,E5_0,25.0,3,3,40.0,Station pa_7_rev,Nearest with charging slots
241.0,easyBike_023,NEG_E8,NEG_E8_0,12.94,30.65,12000.0,MEDIUM,pa_8,Station pa_8,106.45,E7,E7_0,25.0,5,3,0.0,pa_3,Station pa_3,409.61,E1,E1_0,20.0,4,3,0.0,Station pa_8,Nearest with charging slots
241.0,easyBike_025,E0,parked,0.0,17.63,12000.0,CRITICAL,pa_2,Station pa_2,58.27,E0,E0_0,20.0,0,1,100.0,pa_3_rev,Station pa_3_rev,78.88,NEG_E1,NEG_E1_0,20.0,1,3,75.0,Station pa_3_rev,2nd nearest has slots (nearest full)
241.0,easyBike_027,E5,parked,0.0,15.13,12000.0,CRITICAL,pa_6,Station pa_6,53.26,E5,E5_0,25.0,3,3,40.0,pa_7_rev,Station pa_7_rev,60.72,NEG_E6,NEG_E6_0,20.0,3,2,25.0,Station pa_6,Nearest with charging slots
241.0,easyBike_029,NEG_E2,NEG_E2_0,0.0,12.34,12000.0,CRITICAL,pa_3,Station pa_3,21.92,E1,E1_0,20.0,4,3,0.0,pa_8,Station pa_8,399.31,E7,E7_0,25.0,5,3,0.0,Station pa_3,Nearest with charging slots
241.0,easyBike_031,NEG_E7,NEG_E7_0,13.52,15.32,12000.0,CRITICAL,pa_8,Station pa_8,185.3,E7,E7_0,25.0,5,3,0.0,pa_8_rev,Station pa_8_rev,290.32,NEG_E7,NEG_E7_0,25.0,0,2,100.0,Station pa_8,Nearest with charging slots
241.0,easyBike_033,E0,E0_0,13.78,18.39,12000.0,CRITICAL,pa_2,Station pa_2,55.7,E0,E0_0,20.0,0,1,100.0,pa_3_rev,Station pa_3_rev,76.04,NEG_E1,NEG_E1_0,20.0,1,3,75.0,Station pa_3_rev,2nd nearest has slots (nearest full)
243.0,easyBike_002,E0,E0_1,0.23,42.0,12000.0,MEDIUM,pa_2_rev,Station pa_2_rev,6.52,NEG_E0,NEG_E0_0,20.0,4,3,0.0,pa_6_rev,Station pa_6_rev,268.09,NEG_E5,NEG_E5_0,25.0,5,3,0.0,Station pa_2_rev,Nearest with charging slots
243.0,easyBike_004,E7,E7_0,11.38,38.67,12000.0,MEDIUM,pa_8,Station pa_8,38.08,E7,E7_0,25.0,5,3,0.0,pa_3,Station pa_3,407.17,E1,E1_0,20.0,4,3,0.0,Station pa_8,Nearest with charging slots
243.0,easyBike_008,NEG_E10,NEG_E10_0,11.63,34.09,12000.0,MEDIUM,pa_3_rev,Station pa_3_rev,133.02,NEG_E1,NEG_E1_0,20.0,1,3,75.0,pa_2,Station pa_2,143.32,E0,E0_0,20.0,0,1,100.0,Station pa_3_rev,Nearest with charging slots
243.0,easyBike_009,E3,E3_0,11.73,35.73,12000.0,MEDIUM,pa_3,Station pa_3,203.63,E1,E1_0,20.0,4,3,0.0,pa_8,Station pa_8,325.83,E7,E7_0,25.0,5,3,0.0,Station pa_3,Nearest with charging slots
243.0,easyBike_015,NEG_E7,parked,0.0,25.87,12000.0,HIGH,pa_8_rev,Station pa_8_rev,27.65,NEG_E7,NEG_E7_0,25.0,0,2,100.0,pa_7,Station pa_7,50.91,E6,E6_0,20.0,4,2,0.0,Station pa_7,2nd nearest has slots (nearest full)
243.0,easyBike_019,E5,parked,0.0,23.88,12000.0,HIGH,pa_6,Station pa_6,56.58,E5,E5_0,25.0,3,3,40.0,pa_7_rev,Station pa_7_rev,64.0,NEG_E6,NEG_E6_0,20.0,3,2,25.0,Station pa_6,Nearest with charging slots
243.0,easyBike_021,NEG_E1,parked,0.0,26.66,12000.0,HIGH,pa_3_rev,Station pa_3_rev,46.61,NEG_E1,NEG_E1_0,20.0,1,3,75.0,pa_2,Station pa_2,65.96,E0,E0_0,20.0,0,1,100.0,Station pa_3_rev,Nearest with charging slots
246.0,easyBike_010,E9,E9_0,11.88,37.42,12000.0,MEDIUM,pa_8,Station pa_8,160.81,E7,E7_0,25.0,5,3,0.0,pa_3,Station pa_3,245.43,E1,E1_0,20.0,4,3,0.0,Station pa_8,Nearest with charging slots
246.0,easyBike_014,NEG_E7,parked,0.0,27.05,12000.0,HIGH,pa_8_rev,Station pa_8_rev,33.96,NEG_E7,NEG_E7_0,25.0,0,2,100.0,pa_7,Station pa_7,56.98,E6,E6_0,20.0,4,2,0.0,Station pa_7,2nd nearest has slots (nearest full)
246.0,easyBike_017,E0,parked,0.0,23.9,12000.0,HIGH,pa_2,Station pa_2,66.3,E0,E0_0,20.0,0,1,100.0,pa_3_rev,Station pa_3_rev,86.85,NEG_E1,NEG_E1_0,20.0,1,3,75.0,Station pa_3_rev,2nd nearest has slots (nearest full)
246.0,easyBike_018,E0,E0_1,0.52,23.0,12000.0,HIGH,pa_2_rev,Station pa_2_rev,6.53,NEG_E0,NEG_E0_0,20.0,4,3,0.0,pa_6_rev,Station pa_6_rev,268.08,NEG_E5,NEG_E5_0,25.0,5,3,0.0,Station pa_2_rev,Nearest with charging slots
247.0,easyBike_022,NEG_E8,NEG_E8_0,12.89,28.85,12000.0,HIGH,pa_8,Station pa_8,37.1,E7,E7_0,25.0,5,3,0.0,pa_3,Station pa_3,411.07,E1,E1_0,20.0,4,3,0.0,Station pa_8,Nearest with charging slots
248.0,easyBike_012,E7,E7_0,0.0,40.63,12000.0,MEDIUM,pa_8,Station pa_8,0.53,E7,E7_0,25.0,5,3,0.0,pa_3,Station pa_3,405.08,E1,E1_0,20.0,4,3,0.0,Station pa_8,Nearest with charging slots
248.0,easyBike_016,NEG_E7,parked,0.0,24.7,12000.0,HIGH,pa_8_rev,Station pa_8_rev,30.8,NEG_E7,NEG_E7_0,25.0,0,2,100.0,pa_7,Station pa_7,53.94,E6,E6_0,20.0,4,2,0.0,Station pa_7,2nd nearest has slots (nearest full)
248.0,easyBike_020,E0,E0_1,0.0,25.83,12000.0,HIGH,pa_2_rev,Station pa_2_rev,6.52,NEG_E0,NEG_E0_0,20.0,4,3,0.0,pa_6_rev,Station pa_6_rev,268.09,NEG_E5,NEG_E5_0,25.0,5,3,0.0,Station pa_2_rev,Nearest with charging slots
251.0,easyBike_018,E0,parked,0.0,22.72,12000.0,HIGH,pa_2,Station pa_2,63.62,E0,E0_0,20.0,0,1,100.0,pa_3_rev,Station pa_3_rev,84.19,NEG_E1,NEG_E1_0,20.0,1,3,75.0,Station pa_3_rev,2nd nearest has slots (nearest full)
251.0,eRickshaw_027,E4,E4_0,11.5,30.7,7200.0,MEDIUM,pa_2_rev,Station pa_2_rev,123.08,NEG_E0,NEG_E0_0,20.0,4,3,0.0,pa_6_rev,Station pa_6_rev,138.65,NEG_E5,NEG_E5_0,25.0,5,3,0.0,Station pa_2_rev,Nearest with charging slots
251.0,eRickshaw_028,E0,E0_1,0.25,29.21,7200.0,HIGH,pa_2_rev,Station pa_2_rev,6.5,NEG_E0,NEG_E0_0,20.0,4,3,0.0,pa_6_rev,Station pa_6_rev,268.09,NEG_E5,NEG_E5_0,25.0,5,3,0.0,Station pa_2_rev,Nearest with charging slots
254.0,easyBike_020,E0,parked,0.0,25.55,12000.0,HIGH,pa_2,Station pa_2,60.95,E0,E0_0,20.0,0,1,100.0,pa_3_rev,Station pa_3_rev,81.53,NEG_E1,NEG_E1_0,20.0,1,3,75.0,Station pa_3_rev,2nd nearest has slots (nearest full)
256.0,easyBike_005,NEG_E3,NEG_E3_0,11.36,38.35,12000.0,MEDIUM,pa_8,Station pa_8,196.0,E7,E7_0,25.0,5,3,0.0,pa_3,Station pa_3,330.41,E1,E1_0,20.0,4,3,0.0,Station pa_8,Nearest with charging slots
256.0,easyBike_006,NEG_E8,NEG_E8_1,11.49,37.19,12000.0,MEDIUM,pa_8,Station pa_8,112.16,E7,E7_0,25.0,5,3,0.0,pa_3,Station pa_3,406.85,E1,E1_0,20.0,4,3,0.0,Station pa_8,Nearest with charging slots
256.0,easyBike_007,NEG_E8,NEG_E8_0,11.59,36.02,12000.0,MEDIUM,pa_8,Station pa_8,112.58,E7,E7_0,25.0,5,3,0.0,pa_3,Station pa_3,410.06,E1,E1_0,20.0,4,3,0.0,Station pa_8,Nearest with charging slots
256.0,easyBike_017,E0,E0_0,12.46,23.99,12000.0,HIGH,pa_2_rev,Station pa_2_rev,134.46,NEG_E0,NEG_E0_0,20.0,4,3,0.0,pa_2,Station pa_2,256.33,E0,E0_0,20.0,0,1,100.0,Station pa_2_rev,Nearest with charging slots
256.0,easyBike_022,NEG_E7,parked,0.0,28.55,12000.0,HIGH,pa_8_rev,Station pa_8_rev,24.51,NEG_E7,NEG_E7_0,25.0,0,1,100.0,pa_7,Station pa_7,47.9,E6,E6_0,20.0,4,2,0.0,Station pa_7,2nd nearest has slots (nearest full)
256.0,easyBike_024,NEG_E7,parked,0.0,18.55,12000.0,CRITICAL,pa_8_rev,Station pa_8_rev,21.37,NEG_E7,NEG_E7_0,25.0,0,1,100.0,pa_7,Station pa_7,44.92,E6,E6_0,20.0,4,2,0.0,Station pa_7,2nd nearest has slots (nearest full)
256.0,easyBike_026,E0,parked,0.0,16.38,12000.0,CRITICAL,pa_2,Station pa_2,55.6,E0,E0_0,20.0,0,1,100.0,pa_3_rev,Station pa_3_rev,76.22,NEG_E1,NEG_E1_0,20.0,1,3,75.0,Station pa_3_rev,2nd nearest has slots (nearest full)
256.0,easyBike_028,E0,parked,0.0,13.88,12000.0,CRITICAL,pa_2,Station pa_2,52.92,E0,E0_0,20.0,0,1,100.0,pa_3_rev,Station pa_3_rev,73.57,NEG_E1,NEG_E1_0,20.0,1,3,75.0,Station pa_3_rev,2nd nearest has slots (nearest full)
256.0,easyBike_030,NEG_E7,NEG_E7_0,13.55,13.49,12000.0,CRITICAL,pa_8_rev,Station pa_8_rev,74.85,NEG_E7,NEG_E7_0,25.0,0,1,100.0,pa_7,Station pa_7,96.64,E6,E6_0,20.0,4,2,0.0,Station pa_7,2nd nearest has slots (nearest full)
256.0,easyBike_032,NEG_E8,NEG_E8_0,0.0,17.19,12000.0,CRITICAL,pa_8,Station pa_8,24.35,E7,E7_0,25.0,5,3,0.0,pa_3,Station pa_3,413.22,E1,E1_0,20.0,4,3,0.0,Station pa_8,Nearest with charging slots
256.0,easyBike_034,E0,E0_0,13.85,34.63,12000.0,MEDIUM,pa_2,Station pa_2,53.75,E0,E0_0,20.0,0,1,100.0,pa_3_rev,Station pa_3_rev,74.11,NEG_E1,NEG_E1_0,20.0,1,3,75.0,Station pa_3_rev,2nd nearest has slots (nearest full)
258.0,easyBike_013,NEG_E3,NEG_E3_1,0.69,28.83,12000.0,HIGH,pa_8,Station pa_8,167.77,E7,E7_0,25.0,5,3,0.0,pa_3,Station pa_3,407.19,E1,E1_0,20.0,4,3,0.0,Station pa_8,Nearest with charging slots
258.0,easyBike_024,NEG_E8,NEG_E8_0,13.03,18.98,12000.0,CRITICAL,pa_8,Station pa_8,108.06,E7,E7_0,25.0,5,3,0.0,pa_3,Station pa_3,408.13,E1,E1_0,20.0,4,3,0.0,Station pa_8,Nearest with charging slots
261.0,eRickshaw_026,E0,E0_0,11.63,34.33,7200.0,MEDIUM,pa_2,Station pa_2,128.71,E0,E0_0,20.0,0,1,100.0,pa_3_rev,Station pa_3_rev,148.9,NEG_E1,NEG_E1_0,20.0,1,3,75.0,Station pa_3_rev,2nd nearest has slots (nearest full)
262.0,easyBike_021,NEG_E3,NEG_E3_0,12.72,27.04,12000.0,HIGH,pa_3,Station pa_3,156.12,E1,E1_0,20.0,4,3,0.0,pa_8,Station pa_8,392.43,E7,E7_0,25.0,5,3,0.0,Station pa_3,Nearest with charging slots
263.0,eRickshaw_029,NEG_E3,NEG_E3_0,0.13,30.14,7200.0,MEDIUM,pa_8,Station pa_8,164.59,E7,E7_0,25.0,5,3,0.0,pa_3,Station pa_3,406.15,E1,E1_0,20.0,4,3,0.0,Station pa_8,Nearest with charging slots
271.0,easyBike_001,E3,E3_0,11.08,42.18,12000.0,MEDIUM,pa_8,Station pa_8,256.38,E7,E7_0,25.0,5,3,0.0,pa_3,Station pa_3,266.74,E1,E1_0,20.0,4,3,0.0,Station pa_8,Nearest with charging slots
271.0,easyBike_001,E0,E0_0,11.02,43.03,12000.0,MEDIUM,pa_2_rev,Station pa_2_rev,119.95,NEG_E0,NEG_E0_0,20.0,4,3,0.0,pa_2,Station pa_2,270.88,E0,E0_0,20.0,0,1,100.0,Station pa_2_rev,Nearest with charging slots
271.0,easyBike_002,E9,E9_0,11.16,41.06,12000.0,MEDIUM,pa_8,Station pa_8,72.34,E7,E7_0,25.0,5,3,0.0,pa_3,Station pa_3,334.68,E1,E1_0,20.0,4,3,0.0,Station pa_8,Nearest with charging slots
271.0,easyBike_003,E8,E8_0,11.29,39.75,12000.0,MEDIUM,pa_8,Station pa_8,154.82,E7,E7_0,25.0,5,3,0.0,pa_3,Station pa_3,406.26,E1,E1_0,20.0,4,3,0.0,Station pa_8,Nearest with charging slots
271.0,easyBike_005,NEG_E0,NEG_E0_0,11.35,37.59,12000.0,MEDIUM,pa_2,Station pa_2,49.12,E0,E0_0,20.0,0,1,100.0,pa_3_rev,Station pa_3_rev,68.24,NEG_E1,NEG_E1_0,20.0,1,3,75.0,Station pa_3_rev,2nd nearest has slots (nearest full)
271.0,easyBike_006,NEG_E1,NEG_E1_0,11.42,36.46,12000.0,MEDIUM,pa_3_rev,Station pa_3_rev,214.24,NEG_E1,NEG_E1_0,20.0,1,3,75.0,pa_2,Station pa_2,232.3,E0,E0_0,20.0,0,1,100.0,Station pa_3_rev,Nearest with charging slots
271.0,easyBike_007,NEG_E4,NEG_E4_0,11.57,35.13,12000.0,MEDIUM,pa_6_rev,Station pa_6_rev,57.46,NEG_E5,NEG_E5_0,25.0,5,3,0.0,pa_2_rev,Station pa_2_rev,204.62,NEG_E0,NEG_E0_0,20.0,4,3,0.0,Station pa_6_rev,Nearest with charging slots
271.0,easyBike_008,NEG_E8,NEG_E8_0,11.63,34.85,12000.0,MEDIUM,pa_8,Station pa_8,111.61,E7,E7_0,25.0,5,3,0.0,pa_3,Station pa_3,409.98,E1,E1_0,20.0,4,3,0.0,Station pa_8,Nearest with charging slots
271.0,easyBike_013,NEG_E1,parked,0.0,28.02,12000.0,HIGH,pa_3_rev,Station pa_3_rev,41.88,NEG_E1,NEG_E1_0,20.0,1,3,75.0,pa_2,Station pa_2,61.34,E0,E0_0,20.0,0,1,100.0,Station pa_3_rev,Nearest with charging slots
271.0,easyBike_019,E4,E4_0,12.35,24.0,12000.0,HIGH,pa_6_rev,Station pa_6_rev,99.1,NEG_E5,NEG_E5_0,25.0,5,3,0.0,pa_2_rev,Station pa_2_rev,162.67,NEG_E0,NEG_E0_0,20.0,4,3,0.0,Station pa_6_rev,Nearest with charging slots
271.0,easyBike_023,NEG_E6,parked,0.0,29.99,12000.0,HIGH,pa_7_rev,Station pa_7_rev,35.26,NEG_E6,NEG_E6_0,20.0,3,2,25.0,pa_6,Station pa_6,38.37,E5,E5_0,25.0,3,3,40.0,Station pa_7_rev,Nearest with charging slots
271.0,easyBike_023,NEG_E8,NEG_E8_0,12.95,30.5,12000.0,MEDIUM,pa_8,Station pa_8,34.33,E7,E7_0,25.0,5,3,0.0,pa_3,Station pa_3,411.39,E1,E1_0,20.0,4,3,0.0,Station pa_8,Nearest with charging slots
271.0,easyBike_025,E0,parked,0.0,17.63,12000.0,CRITICAL,pa_2,Station pa_2,58.27,E0,E0_0,20.0,0,1,100.0,pa_3_rev,Station pa_3_rev,78.88,NEG_E1,NEG_E1_0,20.0,1,3,75.0,Station pa_3_rev,2nd nearest has slots (nearest full)
271.0,easyBike_027,E5,parked,0.0,15.13,12000.0,CRITICAL,pa_6,Station pa_6,53.26,E5,E5_0,25.0,3,3,40.0,pa_7_rev,Station pa_7_rev,60.72,NEG_E6,NEG_E6_0,20.0,3,2,25.0,Station pa_6,Nearest with charging slots
271.0,easyBike_029,NEG_E2,NEG_E2_0,1.0,12.33,12000.0,CRITICAL,pa_3,Station pa_3,21.25,E1,E1_0,20.0,4,3,0.0,pa_8,Station pa_8,399.0,E7,E7_0,25.0,5,3,0.0,Station pa_3,Nearest with charging slots
271.0,easyBike_031,NEG_E7,NEG_E7_0,13.58,15.16,12000.0,CRITICAL,pa_8_rev,Station pa_8_rev,75.57,NEG_E7,NEG_E7_0,25.0,0,0,100.0,pa_7,Station pa_7,97.36,E6,E6_0,20.0,4,2,0.0,Station pa_7,2nd nearest has slots (nearest full)
271.0,easyBike_033,E1,E1_0,13.76,18.22,12000.0,CRITICAL,pa_3_rev,Station pa_3_rev,155.71,NEG_E1,NEG_E1_0,20.0,1,3,75.0,pa_2,Station pa_2,173.2,E0,E0_0,20.0,0,1,100.0,Station pa_3_rev,Nearest with charging slots
273.0,easyBike_002,E0,E0_0,11.18,41.86,12000.0,MEDIUM,pa_2_rev,Station pa_2_rev,118.09,NEG_E0,NEG_E0_0,20.0,4,3,0.0,pa_2,Station pa_2,272.76,E0,E0_0,20.0,0,1,100.0,Station pa_2_rev,Nearest with charging slots
273.0,easyBike_004,:Node8_6,:Node8_6_1,2.29,38.68,12000.0,MEDIUM,pa_8,Station pa_8,4.31,E7,E7_0,25.0,5,3,0.0,pa_3,Station pa_3,408.22,E1,E1_0,20.0,4,3,0.0,Station pa_8,Nearest with charging slots
273.0,easyBike_008,NEG_E0,NEG_E0_1,9.66,33.98,12000.0,MEDIUM,pa_2,Station pa_2,16.15,E0,E0_0,20.0,0,1,100.0,pa_3_rev,Station pa_3_rev,34.75,NEG_E1,NEG_E1_0,20.0,1,3,75.0,Station pa_3_rev,2nd nearest has slots (nearest full)
273.0,easyBike_009,E3,E3_0,11.78,35.61,12000.0,MEDIUM,pa_8,Station pa_8,238.84,E7,E7_0,25.0,5,3,0.0,pa_3,Station pa_3,286.75,E1,E1_0,20.0,4,3,0.0,Station pa_8,Nearest with charging slots
273.0,easyBike_015,NEG_E7,parked,0.0,25.87,12000.0,HIGH,pa_8_rev,Station pa_8_rev,27.65,NEG_E7,NEG_E7_0,25.0,0,0,100.0,pa_7,Station pa_7,50.91,E6,E6_0,20.0,4,2,0.0,Station pa_7,2nd nearest has slots (nearest full)
273.0,easyBike_019,E5,parked,0.0,23.88,12000.0,HIGH,pa_6,Station pa_6,56.58,E5,E5_0,25.0,3,3,40.0,pa_7_rev,Station pa_7_rev,64.0,NEG_E6,NEG_E6_0,20.0,3,2,25.0,Station pa_6,Nearest with charging slots
273.0,easyBike_021,NEG_E1,parked,0.0,26.66,12000.0,HIGH,pa_3_rev,Station pa_3_rev,46.61,NEG_E1,NEG_E1_0,20.0,1,3,75.0,pa_2,Station pa_2,65.96,E0,E0_0,20.0,0,1,100.0,Station pa_3_rev,Nearest with charging slots
276.0,easyBike_010,E9,E9_0,11.82,37.3,12000.0,MEDIUM,pa_8,Station pa_8,28.42,E7,E7_0,25.0,5,3,0.0,pa_3,Station pa_3,381.35,E1,E1_0,20.0,4,3,0.0,Station pa_8,Nearest with charging slots
276.0,easyBike_014,NEG_E7,parked,0.0,27.05,12000.0,HIGH,pa_8_rev,Station pa_8_rev,33.96,NEG_E7,NEG_E7_0,25.0,0,0,100.0,pa_7,Station pa_7,56.98,E6,E6_0,20.0,4,2,0.0,Station pa_7,2nd nearest has slots (nearest full)
276.0,easyBike_017,E0,parked,0.0,23.9,12000.0,HIGH,pa_2,Station pa_2,66.3,E0,E0_0,20.0,0,1,100.0,pa_3_rev,Station pa_3_rev,86.85,NEG_E1,NEG_E1_0,20.0,1,3,75.0,Station pa_3_rev,2nd nearest has slots (nearest full)
276.0,easyBike_018,E0,E0_0,12.43,22.83,12000.0,HIGH,pa_2_rev,Station pa_2_rev,129.53,NEG_E0,NEG_E0_0,20.0,4,3,0.0,pa_2,Station pa_2,261.17,E0,E0_0,20.0,0,1,100.0,Station pa_2_rev,Nearest with charging slots
277.0,easyBike_022,:Node8_0,:Node8_0_1,5.33,28.84,12000.0,HIGH,pa_8,Station pa_8,7.56,E7,E7_0,25.0,5,3,0.0,pa_3,Station pa_3,411.4,E1,E1_0,20.0,4,3,0.0,Station pa_8,Nearest with charging slots
278.0,easyBike_012,E8,E8_0,6.06,40.6,12000.0,MEDIUM,pa_8,Station pa_8,21.89,E7,E7_0,25.0,5,3,0.0,pa_3,Station pa_3,403.21,E1,E1_0,20.0,4,3,0.0,Station pa_8,Nearest with charging slots
278.0,easyBike_014,NEG_E8,NEG_E8_1,0.87,27.67,12000.0,HIGH,pa_8,Station pa_8,162.51,E7,E7_0,25.0,5,3,0.0,pa_3,Station pa_3,413.99,E1,E1_0,20.0,4,3,0.0,Station pa_8,Nearest with charging slots
278.0,easyBike_015,NEG_E8,NEG_E8_0,0.92,26.5,12000.0,HIGH,pa_8,Station pa_8,162.7,E7,E7_0,25.0,5,3,0.0,pa_3,Station pa_3,417.13,E1,E1_0,20.0,4,3,0.0,Station pa_8,Nearest with charging slots
278.0,easyBike_016,NEG_E7,parked,0.0,24.7,12000.0,HIGH,pa_8_rev,Station pa_8_rev,30.8,NEG_E7,NEG_E7_0,25.0,0,0,100.0,pa_7,Station pa_7,53.94,E6,E6_0,20.0,4,2,0.0,Station pa_7,2nd nearest has slots (nearest full)
278.0,easyBike_020,E0,E0_0,12.63,25.66,12000.0,HIGH,pa_2_rev,Station pa_2_rev,129.38,NEG_E0,NEG_E0_0,20.0,4,3,0.0,pa_2,Station pa_2,261.43,E0,E0_0,20.0,0,1,100.0,Station pa_2_rev,Nearest with charging slots
280.0,easyBike_016,NEG_E8,NEG_E8_1,0.34,25.33,12000.0,HIGH,pa_8,Station pa_8,162.59,E7,E7_0,25.0,5,3,0.0,pa_3,Station pa_3,414.0,E1,E1_0,20.0,4,3,0.0,Station pa_8,Nearest with charging slots
281.0,easyBike_018,E0,parked,0.0,22.72,12000.0,HIGH,pa_2,Station pa_2,63.62,E0,E0_0,20.0,0,1,100.0,pa_3_rev,Station pa_3_rev,84.19,NEG_E1,NEG_E1_0,20.0,1,3,75.0,Station pa_3_rev,2nd nearest has slots (nearest full)
281.0,eRickshaw_027,E5,E5_0,7.26,30.55,7200.0,MEDIUM,pa_6_rev,Station pa_6_rev,45.22,NEG_E5,NEG_E5_0,25.0,5,3,0.0,pa_6,Station pa_6,214.99,E5,E5_0,25.0,3,3,40.0,Station pa_6_rev,Nearest with charging slots
281.0,eRickshaw_028,E0,E0_0,12.01,29.04,7200.0,HIGH,pa_2_rev,Station pa_2_rev,97.21,NEG_E0,NEG_E0_0,20.0,4,3,0.0,pa_6_rev,Station pa_6_rev,285.55,NEG_E5,NEG_E5_0,25.0,5,3,0.0,Station pa_2_rev,Nearest with charging slots
283.0,eRickshaw_030,NEG_E8,NEG_E8_1,0.37,26.11,7200.0,HIGH,pa_8,Station pa_8,162.61,E7,E7_0,25.0,5,3,0.0,pa_3,Station pa_3,414.01,E1,E1_0,20.0,4,3,0.0,Station pa_8,Nearest with charging slots
284.0,easyBike_020,E0,parked,0.0,25.55,12000.0,HIGH,pa_2,Station pa_2,60.95,E0,E0_0,20.0,0,1,100.0,pa_3_rev,Station pa_3_rev,81.53,NEG_E1,NEG_E1_0,20.0,1,3,75.0,Station pa_3_rev,2nd nearest has slots (nearest full)
286.0,easyBike_005,NEG_E3,NEG_E3_0,11.39,38.24,12000.0,MEDIUM,pa_3,Station pa_3,239.57,E1,E1_0,20.0,4,3,0.0,pa_8,Station pa_8,271.02,E7,E7_0,25.0,5,3,0.0,Station pa_3,Nearest with charging slots
286.0,easyBike_006,NEG_E8,NEG_E8_1,11.45,37.07,12000.0,MEDIUM,pa_8,Station pa_8,47.58,E7,E7_0,25.0,5,3,0.0,pa_3,Station pa_3,406.8,E1,E1_0,20.0,4,3,0.0,Station pa_8,Nearest with charging slots
286.0,easyBike_007,NEG_E8,NEG_E8_0,11.52,35.89,12000.0,MEDIUM,pa_8,Station pa_8,47.84,E7,E7_0,25.0,5,3,0.0,pa_3,Station pa_3,410.03,E1,E1_0,20.0,4,3,0.0,Station pa_8,Nearest with charging slots
286.0,easyBike_017,E0,E0_0,12.43,23.86,12000.0,HIGH,pa_2,Station pa_2,84.77,E0,E0_0,20.0,0,1,100.0,pa_3_rev,Station pa_3_rev,105.03,NEG_E1,NEG_E1_0,20.0,1,3,75.0,Station pa_3_rev,2nd nearest has slots (nearest full)
286.0,easyBike_022,NEG_E7,parked,0.0,28.55,12000.0,HIGH,pa_8_rev,Station pa_8_rev,24.51,NEG_E7,NEG_E7_0,25.0,0,0,100.0,pa_7,Station pa_7,47.9,E6,E6_0,20.0,4,2,0.0,Station pa_7,2nd nearest has slots (nearest full)
286.0,easyBike_024,NEG_E7,parked,0.0,18.55,12000.0,CRITICAL,pa_8_rev,Station pa_8_rev,21.37,NEG_E7,NEG_E7_0,25.0,0,0,100.0,pa_7,Station pa_7,44.92,E6,E6_0,20.0,4,2,0.0,Station pa_7,2nd nearest has slots (nearest full)
286.0,easyBike_026,E0,parked,0.0,16.38,12000.0,CRITICAL,pa_2,Station pa_2,55.6,E0,E0_0,20.0,0,1,100.0,pa_3_rev,Station pa_3_rev,76.22,NEG_E1,NEG_E1_0,20.0,1,3,75.0,Station pa_3_rev,2nd nearest has slots (nearest full)
286.0,easyBike_028,E0,parked,0.0,13.88,12000.0,CRITICAL,pa_2,Station pa_2,52.92,E0,E0_0,20.0,0,1,100.0,pa_3_rev,Station pa_3_rev,73.57,NEG_E1,NEG_E1_0,20.0,1,3,75.0,Station pa_3_rev,2nd nearest has slots (nearest full)
286.0,easyBike_030,NEG_E7,parked,0.0,13.52,12000.0,CRITICAL,pa_8_rev,Station pa_8_rev,18.24,NEG_E7,NEG_E7_0,25.0,0,0,100.0,pa_7,Station pa_7,41.96,E6,E6_0,20.0,4,2,0.0,Station pa_7,2nd nearest has slots (nearest full)
286.0,easyBike_032,NEG_E7,NEG_E7_0,12.88,17.08,12000.0,CRITICAL,pa_8,Station pa_8,44.57,E7,E7_0,25.0,5,3,0.0,pa_3,Station pa_3,417.3,E1,E1_0,20.0,4,3,0.0,Station pa_8,Nearest with charging slots
286.0,easyBike_034,E1,E1_0,13.87,34.47,12000.0,MEDIUM,pa_3_rev,Station pa_3_rev,159.83,NEG_E1,NEG_E1_0,20.0,1,3,75.0,pa_2,Station pa_2,177.32,E0,E0_0,20.0,0,1,100.0,Station pa_3_rev,Nearest with charging slots
288.0,easyBike_013,NEG_E3,NEG_E3_0,12.03,28.67,12000.0,HIGH,pa_8,Station pa_8,198.36,E7,E7_0,25.0,5,3,0.0,pa_3,Station pa_3,326.7,E1,E1_0,20.0,4,3,0.0,Station pa_8,Nearest with charging slots
288.0,easyBike_024,NEG_E8,NEG_E8_0,13.07,18.84,12000.0,CRITICAL,pa_8,Station pa_8,35.47,E7,E7_0,25.0,5,3,0.0,pa_3,Station pa_3,411.25,E1,E1_0,20.0,4,3,0.0,Station pa_8,Nearest with charging slots
291.0,eRickshaw_026,E1,E1_0,11.64,34.11,7200.0,MEDIUM,pa_3_rev,Station pa_3_rev,30.5,NEG_E1,NEG_E1_0,20.0,1,3,75.0,pa_2,Station pa_2,46.76,E0,E0_0,20.0,0,1,100.0,Station pa_3_rev,Nearest with charging slots
292.0,easyBike_021,NEG_E2,NEG_E2_0,10.12,26.92,12000.0,HIGH,pa_3,Station pa_3,63.78,E1,E1_0,20.0,4,3,0.0,pa_8,Station pa_8,418.24,E7,E7_0,25.0,5,3,0.0,Station pa_3,Nearest with charging slots
293.0,eRickshaw_029,NEG_E3,NEG_E3_0,9.83,30.01,7200.0,MEDIUM,pa_8,Station pa_8,185.71,E7,E7_0,25.0,5,3,0.0,pa_3,Station pa_3,348.06,E1,E1_0,20.0,4,3,0.0,Station pa_8,Nearest with charging slots
301.0,easyBike_001,E3,E3_0,11.03,42.07,12000.0,MEDIUM,pa_8,Station pa_8,192.2,E7,E7_0,25.0,5,3,0.0,pa_3,Station pa_3,356.14,E1,E1_0,20.0,4,3,0.0,Station pa_8,Nearest with charging slots
301.0,easyBike_001,E0,E0_0,11.03,42.91,12000.0,MEDIUM,pa_2,Station pa_2,118.56,E0,E0_0,20.0,0,1,100.0,pa_3_rev,Station pa_3_rev,138.76,NEG_E1,NEG_E1_0,20.0,1,3,75.0,Station pa_3_rev,2nd nearest has slots (nearest full)
301.0,easyBike_002,E9,E9_0,0.0,41.04,12000.0,MEDIUM,pa_8,Station pa_8,17.46,E7,E7_0,25.0,5,3,0.0,pa_3,Station pa_3,396.74,E1,E1_0,20.0,4,3,0.0,Station pa_8,Nearest with charging slots
301.0,easyBike_003,E4,E4_0,0.81,40.83,12000.0,MEDIUM,pa_2_rev,Station pa_2_rev,3.7,NEG_E0,NEG_E0_0,20.0,4,3,0.0,pa_6_rev,Station pa_6_rev,258.38,NEG_E5,NEG_E5_0,25.0,5,3,0.0,Station pa_2_rev,Nearest with charging slots
301.0,easyBike_004,E0,E0_1,0.87,39.67,12000.0,MEDIUM,pa_2_rev,Station pa_2_rev,6.56,NEG_E0,NEG_E0_0,20.0,4,3,0.0,pa_6_rev,Station pa_6_rev,268.08,NEG_E5,NEG_E5_0,25.0,5,3,0.0,Station pa_2_rev,Nearest with charging slots
301.0,easyBike_005,NEG_E0,NEG_E0_0,11.36,37.47,12000.0,MEDIUM,pa_2_rev,Station pa_2_rev,185.87,NEG_E0,NEG_E0_0,20.0,4,3,0.0,pa_2,Station pa_2,204.81,E0,E0_0,20.0,0,1,100.0,Station pa_2_rev,Nearest with charging slots
301.0,easyBike_006,NEG_E1,NEG_E1_0,11.49,36.34,12000.0,MEDIUM,pa_3_rev,Station pa_3_rev,18.59,NEG_E1,NEG_E1_0,20.0,1,3,75.0,pa_2,Station pa_2,38.16,E0,E0_0,20.0,0,1,100.0,Station pa_3_rev,Nearest with charging slots
301.0,easyBike_007,NEG_E4,NEG_E4_0,11.51,35.01,12000.0,MEDIUM,pa_2_rev,Station pa_2_rev,15.6,NEG_E0,NEG_E0_0,20.0,4,3,0.0,pa_6_rev,Station pa_6_rev,250.89,NEG_E5,NEG_E5_0,25.0,5,3,0.0,Station pa_2_rev,Nearest with charging slots
301.0,easyBike_008,NEG_E8,NEG_E8_0,11.62,34.72,12000.0,MEDIUM,pa_8,Station pa_8,46.36,E7,E7_0,25.0,5,3,0.0,pa_3,Station pa_3,410.15,E1,E1_0,20.0,4,3,0.0,Station pa_8,Nearest with charging slots
301.0,easyBike_013,NEG_E1,parked,0.0,28.02,12000.0,HIGH,pa_3_rev,Station pa_3_rev,41.88,NEG_E1,NEG_E1_0,20.0,1,3,75.0,pa_2,Station pa_2,61.34,E0,E0_0,20.0,0,1,100.0,Station pa_3_rev,Nearest with charging slots
301.0,easyBike_019,E5,E5_0,12.42,23.87,12000.0,HIGH,pa_6,Station pa_6,117.41,E5,E5_0,25.0,3,3,40.0,pa_7_rev,Station pa_7_rev,124.25,NEG_E6,NEG_E6_0,20.0,3,2,25.0,Station pa_6,Nearest with charging slots
301.0,easyBike_023,NEG_E6,parked,0.0,29.99,12000.0,HIGH,pa_7_rev,Station pa_7_rev,35.26,NEG_E6,NEG_E6_0,20.0,3,2,25.0,pa_6,Station pa_6,38.37,E5,E5_0,25.0,3,3,40.0,Station pa_7_rev,Nearest with charging slots
301.0,easyBike_023,NEG_E7,NEG_E7_1,12.93,30.35,12000.0,MEDIUM,pa_8,Station pa_8,149.03,E7,E7_0,25.0,5,3,0.0,pa_8_rev,Station pa_8_rev,326.5,NEG_E7,NEG_E7_0,25.0,0,0,100.0,Station pa_8,Nearest with charging slots
301.0,easyBike_025,E0,parked,0.0,17.63,12000.0,CRITICAL,pa_2,Station pa_2,58.27,E0,E0_0,20.0,0,1,100.0,pa_3_rev,Station pa_3_rev,78.88,NEG_E1,NEG_E1_0,20.0,1,3,75.0,Station pa_3_rev,2nd nearest has slots (nearest full)
301.0,easyBike_027,E5,parked,0.0,15.13,12000.0,CRITICAL,pa_6,Station pa_6,53.26,E5,E5_0,25.0,3,3,40.0,pa_7_rev,Station pa_7_rev,60.72,NEG_E6,NEG_E6_0,20.0,3,2,25.0,Station pa_6,Nearest with charging slots
301.0,easyBike_029,NEG_E1,NEG_E1_0,13.48,12.14,12000.0,CRITICAL,pa_3,Station pa_3,164.89,E1,E1_0,20.0,4,3,0.0,pa_3_rev,Station pa_3_rev,290.9,NEG_E1,NEG_E1_0,20.0,1,3,75.0,Station pa_3,Nearest with charging slots
301.0,easyBike_031,NEG_E7,parked,0.0,15.18,12000.0,CRITICAL,pa_8_rev,Station pa_8_rev,15.13,NEG_E7,NEG_E7_0,25.0,0,0,100.0,pa_7,Station pa_7,39.04,E6,E6_0,20.0,4,2,0.0,Station pa_7,2nd nearest has slots (nearest full)
301.0,easyBike_033,E1,E1_0,4.74,18.12,12000.0,CRITICAL,pa_3,Station pa_3,74.43,E1,E1_0,20.0,4,3,0.0,pa_3_rev,Station pa_3_rev,381.21,NEG_E1,NEG_E1_0,20.0,1,3,75.0,Station pa_3,Nearest with charging slots
301.0,eRickshaw_031,NEG_E8,NEG_E8_1,0.53,24.86,7200.0,HIGH,pa_8,Station pa_8,162.59,E7,E7_0,25.0,5,3,0.0,pa_3,Station pa_3,414.0,E1,E1_0,20.0,4,3,0.0,Station pa_8,Nearest with charging slots
303.0,easyBike_002,E0,E0_0,11.15,41.75,12000.0,MEDIUM,pa_2,Station pa_2,119.07,E0,E0_0,20.0,0,1,100.0,pa_3_rev,Station pa_3_rev,139.27,NEG_E1,NEG_E1_0,20.0,1,3,75.0,Station pa_3_rev,2nd nearest has slots (nearest full)
303.0,easyBike_004,E8,E8_0,11.35,38.53,12000.0,MEDIUM,pa_8,Station pa_8,70.72,E7,E7_0,25.0,5,3,0.0,pa_3,Station pa_3,399.22,E1,E1_0,20.0,3,3,25.0,Station pa_8,Nearest with charging slots
303.0,easyBike_008,NEG_E0,NEG_E0_0,11.64,33.83,12000.0,MEDIUM,pa_2,Station pa_2,174.32,E0,E0_0,20.0,0,1,100.0,pa_3_rev,Station pa_3_rev,194.09,NEG_E1,NEG_E1_0,20.0,1,3,75.0,Station pa_3_rev,2nd nearest has slots (nearest full)
303.0,easyBike_009,E3,E3_0,11.78,35.48,12000.0,MEDIUM,pa_8,Station pa_8,180.49,E7,E7_0,25.0,5,3,0.0,pa_3,Station pa_3,384.19,E1,E1_0,20.0,3,3,25.0,Station pa_8,Nearest with charging slots
303.0,easyBike_012,E0,E0_1,0.43,41.67,12000.0,MEDIUM,pa_2_rev,Station pa_2_rev,6.53,NEG_E0,NEG_E0_0,20.0,4,3,0.0,pa_6_rev,Station pa_6_rev,268.08,NEG_E5,NEG_E5_0,25.0,5,3,0.0,Station pa_2_rev,Nearest with charging slots
303.0,easyBike_015,NEG_E7,parked,0.0,25.87,12000.0,HIGH,pa_8_rev,Station pa_8_rev,27.65,NEG_E7,NEG_E7_0,25.0,0,0,100.0,pa_7,Station pa_7,50.91,E6,E6_0,20.0,4,2,0.0,Station pa_7,2nd nearest has slots (nearest full)
303.0,easyBike_019,E5,parked,0.0,23.88,12000.0,HIGH,pa_6,Station pa_6,56.58,E5,E5_0,25.0,3,3,40.0,pa_7_rev,Station pa_7_rev,64.0,NEG_E6,NEG_E6_0,20.0,3,2,25.0,Station pa_6,Nearest with charging slots
303.0,easyBike_021,NEG_E1,parked,0.0,26.66,12000.0,HIGH,pa_3_rev,Station pa_3_rev,46.61,NEG_E1,NEG_E1_0,20.0,1,3,75.0,pa_2,Station pa_2,65.96,E0,E0_0,20.0,0,1,100.0,Station pa_3_rev,Nearest with charging slots
306.0,easyBike_010,E9,E9_0,0.0,37.32,12000.0,MEDIUM,pa_8,Station pa_8,16.93,E7,E7_0,25.0,5,3,0.0,pa_3,Station pa_3,397.89,E1,E1_0,20.0,3,3,25.0,Station pa_8,Nearest with charging slots
306.0,easyBike_014,NEG_E7,parked,0.0,27.05,12000.0,HIGH,pa_8_rev,Station pa_8_rev,33.96,NEG_E7,NEG_E7_0,25.0,0,0,100.0,pa_7,Station pa_7,56.98,E6,E6_0,20.0,4,2,0.0,Station pa_7,2nd nearest has slots (nearest full)
306.0,easyBike_017,E0,parked,0.0,23.9,12000.0,HIGH,pa_2,Station pa_2,66.3,E0,E0_0,20.0,0,1,100.0,pa_3_rev,Station pa_3_rev,86.85,NEG_E1,NEG_E1_0,20.0,1,3,75.0,Station pa_3_rev,2nd nearest has slots (nearest full)
306.0,easyBike_018,E0,E0_1,12.47,22.69,12000.0,HIGH,pa_2,Station pa_2,89.66,E0,E0_0,20.0,0,1,100.0,pa_3_rev,Station pa_3_rev,109.69,NEG_E1,NEG_E1_0,20.0,1,3,75.0,Station pa_3_rev,2nd nearest has slots (nearest full)
307.0,easyBike_022,NEG_E7,NEG_E7_0,12.88,28.65,12000.0,HIGH,pa_8,Station pa_8,182.36,E7,E7_0,25.0,5,3,0.0,pa_8_rev,Station pa_8_rev,293.27,NEG_E7,NEG_E7_0,25.0,0,0,100.0,Station pa_8,Nearest with charging slots
308.0,easyBike_012,E8,E8_0,11.97,40.44,12000.0,MEDIUM,pa_8,Station pa_8,85.19,E7,E7_0,25.0,5,3,0.0,pa_3,Station pa_3,399.18,E1,E1_0,20.0,3,3,25.0,Station pa_8,Nearest with charging slots
308.0,easyBike_014,NEG_E8,NEG_E8_1,12.2,27.51,12000.0,HIGH,pa_8,Station pa_8,109.96,E7,E7_0,25.0,5,3,0.0,pa_3,Station pa_3,406.68,E1,E1_0,20.0,3,3,25.0,Station pa_8,Nearest with charging slots
308.0,easyBike_015,NEG_E8,NEG_E8_0,12.28,26.33,12000.0,HIGH,pa_8,Station pa_8,108.79,E7,E7_0,25.0,5,3,0.0,pa_3,Station pa_3,409.77,E1,E1_0,20.0,3,3,25.0,Station pa_8,Nearest with charging slots
308.0,easyBike_016,NEG_E7,parked,0.0,24.7,12000.0,HIGH,pa_8_rev,Station pa_8_rev,30.8,NEG_E7,NEG_E7_0,25.0,0,0,100.0,pa_7,Station pa_7,53.94,E6,E6_0,20.0,4,2,0.0,Station pa_7,2nd nearest has slots (nearest full)
308.0,easyBike_020,E0,E0_1,12.62,25.52,12000.0,HIGH,pa_2,Station pa_2,89.01,E0,E0_0,20.0,0,1,100.0,pa_3_rev,Station pa_3_rev,109.04,NEG_E1,NEG_E1_0,20.0,1,3,75.0,Station pa_3_rev,2nd nearest has slots (nearest full)
310.0,easyBike_016,NEG_E8,NEG_E8_0,12.38,25.16,12000.0,HIGH,pa_8,Station pa_8,110.78,E7,E7_0,25.0,5,3,0.0,pa_3,Station pa_3,409.92,E1,E1_0,20.0,3,3,25.0,Station pa_8,Nearest with charging slots
311.0,easyBike_018,E0,parked,0.0,22.72,12000.0,HIGH,pa_2,Station pa_2,63.62,E0,E0_0,20.0,0,1,100.0,pa_3_rev,Station pa_3_rev,84.19,NEG_E1,NEG_E1_0,20.0,1,3,75.0,Station pa_3_rev,2nd nearest has slots (nearest full)
311.0,eRickshaw_027,E6,E6_0,7.32,30.4,7200.0,MEDIUM,pa_6,Station pa_6,22.73,E5,E5_0,25.0,2,3,60.0,pa_7_rev,Station pa_7_rev,23.81,NEG_E6,NEG_E6_0,20.0,3,2,25.0,Station pa_6,Nearest with charging slots
311.0,eRickshaw_028,E0,E0_0,12.03,28.8,7200.0,HIGH,pa_2,Station pa_2,127.99,E0,E0_0,20.0,0,1,100.0,pa_3_rev,Station pa_3_rev,148.18,NEG_E1,NEG_E1_0,20.0,1,3,75.0,Station pa_3_rev,2nd nearest has slots (nearest full)
313.0,eRickshaw_030,NEG_E8,NEG_E8_0,12.54,25.92,7200.0,HIGH,pa_8,Station pa_8,121.27,E7,E7_0,25.0,5,3,0.0,pa_3,Station pa_3,410.85,E1,E1_0,20.0,3,3,25.0,Station pa_8,Nearest with charging slots
314.0,easyBike_020,E0,parked,0.0,25.55,12000.0,HIGH,pa_2,Station pa_2,60.95,E0,E0_0,20.0,0,1,100.0,pa_3_rev,Station pa_3_rev,81.53,NEG_E1,NEG_E1_0,20.0,1,3,75.0,Station pa_3_rev,2nd nearest has slots (nearest full)
316.0,easyBike_005,NEG_E3,NEG_E3_0,11.35,38.12,12000.0,MEDIUM,pa_3,Station pa_3,169.15,E1,E1_0,20.0,3,3,25.0,pa_8,Station pa_8,362.58,E7,E7_0,25.0,5,3,0.0,Station pa_3,Nearest with charging slots
316.0,easyBike_006,NEG_E9,NEG_E9_0,11.41,36.92,12000.0,MEDIUM,pa_8,Station pa_8,77.57,E7,E7_0,25.0,5,3,0.0,pa_3,Station pa_3,327.75,E1,E1_0,20.0,3,3,25.0,Station pa_8,Nearest with charging slots
316.0,easyBike_007,NEG_E7,NEG_E7_0,11.56,35.77,12000.0,MEDIUM,pa_8,Station pa_8,100.63,E7,E7_0,25.0,5,3,0.0,pa_8_rev,Station pa_8_rev,375.21,NEG_E7,NEG_E7_0,25.0,0,0,100.0,Station pa_8,Nearest with charging slots
316.0,easyBike_017,E1,E1_0,12.41,23.72,12000.0,HIGH,pa_3_rev,Station pa_3_rev,97.69,NEG_E1,NEG_E1_0,20.0,1,3,75.0,pa_2,Station pa_2,115.0,E0,E0_0,20.0,0,1,100.0,Station pa_3_rev,Nearest with charging slots
316.0,easyBike_022,NEG_E7,parked,0.0,28.55,12000.0,HIGH,pa_8_rev,Station pa_8_rev,24.51,NEG_E7,NEG_E7_0,25.0,0,0,100.0,pa_7,Station pa_7,47.9,E6,E6_0,20.0,4,2,0.0,Station pa_7,2nd nearest has slots (nearest full)
316.0,easyBike_024,NEG_E7,parked,0.0,18.55,12000.0,CRITICAL,pa_8_rev,Station pa_8_rev,21.37,NEG_E7,NEG_E7_0,25.0,0,0,100.0,pa_7,Station pa_7,44.92,E6,E6_0,20.0,4,2,0.0,Station pa_7,2nd nearest has slots (nearest full)
316.0,easyBike_026,E0,parked,0.0,16.38,12000.0,CRITICAL,pa_2,Station pa_2,55.6,E0,E0_0,20.0,0,1,100.0,pa_3_rev,Station pa_3_rev,76.22,NEG_E1,NEG_E1_0,20.0,1,3,75.0,Station pa_3_rev,2nd nearest has slots (nearest full)
316.0,easyBike_028,E0,parked,0.0,13.88,12000.0,CRITICAL,pa_2,Station pa_2,52.92,E0,E0_0,20.0,0,1,100.0,pa_3_rev,Station pa_3_rev,73.57,NEG_E1,NEG_E1_0,20.0,1,3,75.0,Station pa_3_rev,2nd nearest has slots (nearest full)
316.0,easyBike_030,NEG_E7,parked,0.0,13.52,12000.0,CRITICAL,pa_8_rev,Station pa_8_rev,18.24,NEG_E7,NEG_E7_0,25.0,0,0,100.0,pa_7,Station pa_7,41.96,E6,E6_0,20.0,4,2,0.0,Station pa_7,2nd nearest has slots (nearest full)
316.0,easyBike_032,NEG_E7,NEG_E7_0,13.61,16.91,12000.0,CRITICAL,pa_8_rev,Station pa_8_rev,215.69,NEG_E7,NEG_E7_0,25.0,0,0,100.0,pa_7,Station pa_7,237.0,E6,E6_0,20.0,4,2,0.0,Station pa_7,2nd nearest has slots (nearest full)
316.0,easyBike_034,E1,E1_1,13.82,34.3,12000.0,MEDIUM,pa_3,Station pa_3,59.41,E1,E1_0,20.0,3,3,25.0,pa_3_rev,Station pa_3_rev,396.25,NEG_E1,NEG_E1_0,20.0,1,3,75.0,Station pa_3,Nearest with charging slots
318.0,easyBike_013,NEG_E3,NEG_E3_0,12.09,28.54,12000.0,HIGH,pa_3,Station pa_3,231.26,E1,E1_0,20.0,3,3,25.0,pa_8,Station pa_8,279.68,E7,E7_0,25.0,5,3,0.0,Station pa_3,Nearest with charging slots
318.0,easyBike_024,NEG_E7,NEG_E7_0,13.02,18.69,12000.0,CRITICAL,pa_8,Station pa_8,160.2,E7,E7_0,25.0,5,3,0.0,pa_8_rev,Station pa_8_rev,315.46,NEG_E7,NEG_E7_0,25.0,0,0,100.0,Station pa_8,Nearest with charging slots
321.0,easyBike_029,NEG_E3,NEG_E3_1,1.01,12.92,12000.0,CRITICAL,pa_8,Station pa_8,167.78,E7,E7_0,25.0,5,3,0.0,pa_3,Station pa_3,407.13,E1,E1_0,20.0,3,3,25.0,Station pa_8,Nearest with charging slots
321.0,eRickshaw_026,E1,E1_0,11.65,33.89,7200.0,MEDIUM,pa_3,Station pa_3,227.64,E1,E1_0,20.0,3,3,25.0,pa_3_rev,Station pa_3_rev,228.08,NEG_E1,NEG_E1_0,20.0,1,3,75.0,Station pa_3,Nearest with charging slots
321.0,eRickshaw_032,NEG_E8,NEG_E8_1,0.6,33.61,7200.0,MEDIUM,pa_8,Station pa_8,162.58,E7,E7_0,25.0,5,3,0.0,pa_3,Station pa_3,414.0,E1,E1_0,20.0,3,3,25.0,Station pa_8,Nearest with charging slots
322.0,easyBike_021,NEG_E1,NEG_E1_0,12.77,26.75,12000.0,HIGH,pa_3,Station pa_3,185.47,E1,E1_0,20.0,3,3,25.0,pa_3_rev,Station pa_3_rev,270.29,NEG_E1,NEG_E1_0,20.0,1,3,75.0,Station pa_3,Nearest with charging slots
323.0,eRickshaw_029,NEG_E3,NEG_E3_0,9.83,29.86,7200.0,HIGH,pa_8,Station pa_8,244.69,E7,E7_0,25.0,5,3,0.0,pa_3,Station pa_3,267.02,E1,E1_0,20.0,3,3,25.0,Station pa_8,Nearest with charging slots
331.0,easyBike_001,E1,E1_0,11.06,42.8,12000.0,MEDIUM,pa_3_rev,Station pa_3_rev,32.88,NEG_E1,NEG_E1_0,20.0,1,3,75.0,pa_2,Station pa_2,49.26,E0,E0_0,20.0,0,1,100.0,Station pa_3_rev,Nearest with charging slots
331.0,easyBike_002,E8,E8_1,10.2,40.96,12000.0,MEDIUM,pa_8,Station pa_8,34.14,E7,E7_0,25.0,5,3,0.0,pa_3,Station pa_3,404.86,E1,E1_0,20.0,3,3,25.0,Station pa_8,Nearest with charging slots
331.0,easyBike_003,E4,E4_0,11.3,40.69,12000.0,MEDIUM,pa_6_rev,Station pa_6_rev,115.08,NEG_E5,NEG_E5_0,25.0,5,3,0.0,pa_2_rev,Station pa_2_rev,146.67,NEG_E0,NEG_E0_0,20.0,4,3,0.0,Station pa_6_rev,Nearest with charging slots
331.0,easyBike_004,E0,E0_0,11.37,39.52,12000.0,MEDIUM,pa_2_rev,Station pa_2_rev,123.34,NEG_E0,NEG_E0_0,20.0,4,3,0.0,pa_2,Station pa_2,267.48,E0,E0_0,20.0,0,1,100.0,Station pa_2_rev,Nearest with charging slots
331.0,easyBike_005,NEG_E0,NEG_E0_0,11.39,37.36,12000.0,MEDIUM,pa_2_rev,Station pa_2_rev,29.42,NEG_E0,NEG_E0_0,20.0,4,3,0.0,pa_6_rev,Station pa_6_rev,262.53,NEG_E5,NEG_E5_0,25.0,5,3,0.0,Station pa_2_rev,Nearest with charging slots
331.0,easyBike_006,NEG_E0,NEG_E0_0,11.47,36.22,12000.0,MEDIUM,pa_2,Station pa_2,134.04,E0,E0_0,20.0,0,1,100.0,pa_3_rev,Station pa_3_rev,153.74,NEG_E1,NEG_E1_0,20.0,1,3,75.0,Station pa_3_rev,2nd nearest has slots (nearest full)
331.0,easyBike_008,NEG_E7,NEG_E7_0,11.63,34.6,12000.0,MEDIUM,pa_8,Station pa_8,106.44,E7,E7_0,25.0,5,3,0.0,pa_8_rev,Station pa_8_rev,369.37,NEG_E7,NEG_E7_0,25.0,0,0,100.0,Station pa_8,Nearest with charging slots
331.0,easyBike_013,NEG_E1,parked,0.0,28.02,12000.0,HIGH,pa_3_rev,Station pa_3_rev,41.88,NEG_E1,NEG_E1_0,20.0,1,3,75.0,pa_2,Station pa_2,61.34,E0,E0_0,20.0,0,1,100.0,Station pa_3_rev,Nearest with charging slots
331.0,easyBike_019,E5,parked,0.0,23.89,12000.0,HIGH,pa_6,Station pa_6,49.94,E5,E5_0,25.0,2,3,60.0,pa_7_rev,Station pa_7_rev,57.45,NEG_E6,NEG_E6_0,20.0,3,2,25.0,Station pa_6,Nearest with charging slots
331.0,easyBike_023,NEG_E6,parked,0.0,29.99,12000.0,HIGH,pa_7_rev,Station pa_7_rev,35.26,NEG_E6,NEG_E6_0,20.0,3,2,25.0,pa_6,Station pa_6,38.37,E5,E5_0,25.0,2,3,60.0,Station pa_7_rev,Nearest with charging slots
331.0,easyBike_023,NEG_E7,NEG_E7_0,12.95,30.21,12000.0,MEDIUM,pa_8_rev,Station pa_8_rev,121.22,NEG_E7,NEG_E7_0,25.0,0,0,100.0,pa_7,Station pa_7,142.75,E6,E6_0,20.0,4,2,0.0,Station pa_7,2nd nearest has slots (nearest full)
331.0,easyBike_025,E0,parked,0.0,17.63,12000.0,CRITICAL,pa_2,Station pa_2,58.27,E0,E0_0,20.0,0,1,100.0,pa_3_rev,Station pa_3_rev,78.88,NEG_E1,NEG_E1_0,20.0,1,3,75.0,Station pa_3_rev,2nd nearest has slots (nearest full)
331.0,easyBike_027,E5,parked,0.0,15.13,12000.0,CRITICAL,pa_6,Station pa_6,53.26,E5,E5_0,25.0,2,3,60.0,pa_7_rev,Station pa_7_rev,60.72,NEG_E6,NEG_E6_0,20.0,3,2,25.0,Station pa_6,Nearest with charging slots
331.0,easyBike_029,NEG_E1,NEG_E1_0,12.86,11.99,12000.0,CRITICAL,pa_3_rev,Station pa_3_rev,61.22,NEG_E1,NEG_E1_0,20.0,1,3,75.0,pa_2,Station pa_2,79.83,E0,E0_0,20.0,0,1,100.0,Station pa_3_rev,Nearest with charging slots
331.0,easyBike_031,NEG_E7,parked,0.0,15.18,12000.0,CRITICAL,pa_8_rev,Station pa_8_rev,15.13,NEG_E7,NEG_E7_0,25.0,0,0,100.0,pa_7,Station pa_7,39.04,E6,E6_0,20.0,4,2,0.0,Station pa_7,2nd nearest has slots (nearest full)
331.0,easyBike_033,E1,parked,0.0,18.13,12000.0,CRITICAL,pa_3,Station pa_3,70.68,E1,E1_0,20.0,3,3,25.0,pa_3_rev,Station pa_3_rev,385.12,NEG_E1,NEG_E1_0,20.0,1,3,75.0,Station pa_3,Nearest with charging slots
331.0,eRickshaw_031,NEG_E8,NEG_E8_0,11.62,24.69,7200.0,HIGH,pa_8,Station pa_8,120.93,E7,E7_0,25.0,5,3,0.0,pa_3,Station pa_3,410.82,E1,E1_0,20.0,3,3,25.0,Station pa_8,Nearest with charging slots
333.0,easyBike_002,E1,E1_0,11.17,41.63,12000.0,MEDIUM,pa_3_rev,Station pa_3_rev,33.92,NEG_E1,NEG_E1_0,20.0,1,3,75.0,pa_2,Station pa_2,50.34,E0,E0_0,20.0,0,1,100.0,Station pa_3_rev,Nearest with charging slots
333.0,easyBike_004,E8,E8_0,11.34,38.41,12000.0,MEDIUM,pa_8,Station pa_8,135.11,E7,E7_0,25.0,5,3,0.0,pa_3,Station pa_3,403.05,E1,E1_0,20.0,3,3,25.0,Station pa_8,Nearest with charging slots
333.0,easyBike_008,NEG_E0,NEG_E0_0,11.67,33.71,12000.0,MEDIUM,pa_2_rev,Station pa_2_rev,55.82,NEG_E0,NEG_E0_0,20.0,4,3,0.0,pa_6_rev,Station pa_6_rev,266.05,NEG_E5,NEG_E5_0,25.0,5,3,0.0,Station pa_2_rev,Nearest with charging slots
333.0,easyBike_012,E0,E0_0,11.82,41.51,12000.0,MEDIUM,pa_2_rev,Station pa_2_rev,126.47,NEG_E0,NEG_E0_0,20.0,4,3,0.0,pa_2,Station pa_2,264.35,E0,E0_0,20.0,0,1,100.0,Station pa_2_rev,Nearest with charging slots
333.0,easyBike_015,NEG_E7,parked,0.0,25.87,12000.0,HIGH,pa_8_rev,Station pa_8_rev,27.65,NEG_E7,NEG_E7_0,25.0,0,0,100.0,pa_7,Station pa_7,50.91,E6,E6_0,20.0,4,2,0.0,Station pa_7,2nd nearest has slots (nearest full)
333.0,easyBike_019,E5,parked,0.0,23.88,12000.0,HIGH,pa_6,Station pa_6,56.58,E5,E5_0,25.0,2,3,60.0,pa_7_rev,Station pa_7_rev,64.0,NEG_E6,NEG_E6_0,20.0,3,2,25.0,Station pa_6,Nearest with charging slots
333.0,easyBike_021,NEG_E1,parked,0.0,26.66,12000.0,HIGH,pa_3_rev,Station pa_3_rev,46.61,NEG_E1,NEG_E1_0,20.0,1,3,75.0,pa_2,Station pa_2,65.96,E0,E0_0,20.0,0,1,100.0,Station pa_3_rev,Nearest with charging slots
336.0,easyBike_010,E8,E8_0,11.89,37.2,12000.0,MEDIUM,pa_8,Station pa_8,47.82,E7,E7_0,25.0,5,3,0.0,pa_3,Station pa_3,400.35,E1,E1_0,20.0,3,3,25.0,Station pa_8,Nearest with charging slots
336.0,easyBike_014,NEG_E7,parked,0.0,27.05,12000.0,HIGH,pa_8_rev,Station pa_8_rev,33.96,NEG_E7,NEG_E7_0,25.0,0,0,100.0,pa_7,Station pa_7,56.98,E6,E6_0,20.0,4,2,0.0,Station pa_7,2nd nearest has slots (nearest full)
336.0,easyBike_017,E0,parked,0.0,23.9,12000.0,HIGH,pa_2,Station pa_2,66.3,E0,E0_0,20.0,0,1,100.0,pa_3_rev,Station pa_3_rev,86.85,NEG_E1,NEG_E1_0,20.0,1,3,75.0,Station pa_3_rev,2nd nearest has slots (nearest full)
336.0,easyBike_018,E1,E1_0,12.44,22.55,12000.0,HIGH,pa_3_rev,Station pa_3_rev,91.74,NEG_E1,NEG_E1_0,20.0,1,3,75.0,pa_2,Station pa_2,109.02,E0,E0_0,20.0,0,1,100.0,Station pa_3_rev,Nearest with charging slots
336.0,easyBike_030,NEG_E8,NEG_E8_1,0.98,14.17,12000.0,CRITICAL,pa_8,Station pa_8,162.5,E7,E7_0,25.0,5,3,0.0,pa_3,Station pa_3,413.99,E1,E1_0,20.0,3,3,25.0,Station pa_8,Nearest with charging slots
337.0,easyBike_022,NEG_E7,NEG_E7_0,12.83,28.51,12000.0,HIGH,pa_8_rev,Station pa_8_rev,89.61,NEG_E7,NEG_E7_0,25.0,0,0,100.0,pa_7,Station pa_7,111.29,E6,E6_0,20.0,4,2,0.0,Station pa_7,2nd nearest has slots (nearest full)
338.0,easyBike_012,E8,E8_0,11.95,40.31,12000.0,MEDIUM,pa_8,Station pa_8,152.98,E7,E7_0,25.0,5,3,0.0,pa_3,Station pa_3,405.92,E1,E1_0,20.0,3,3,25.0,Station pa_8,Nearest with charging slots
338.0,easyBike_014,NEG_E8,NEG_E8_1,12.18,27.38,12000.0,HIGH,pa_8,Station pa_8,41.54,E7,E7_0,25.0,5,3,0.0,pa_3,Station pa_3,407.33,E1,E1_0,20.0,3,3,25.0,Station pa_8,Nearest with charging slots
338.0,easyBike_015,NEG_E8,NEG_E8_0,12.29,26.2,12000.0,HIGH,pa_8,Station pa_8,40.32,E7,E7_0,25.0,5,3,0.0,pa_3,Station pa_3,410.72,E1,E1_0,20.0,3,3,25.0,Station pa_8,Nearest with charging slots
338.0,easyBike_016,NEG_E7,parked,0.0,24.7,12000.0,HIGH,pa_8_rev,Station pa_8_rev,30.8,NEG_E7,NEG_E7_0,25.0,0,0,100.0,pa_7,Station pa_7,53.94,E6,E6_0,20.0,4,2,0.0,Station pa_7,2nd nearest has slots (nearest full)
338.0,easyBike_020,E1,E1_0,12.64,25.37,12000.0,HIGH,pa_3_rev,Station pa_3_rev,95.76,NEG_E1,NEG_E1_0,20.0,1,3,75.0,pa_2,Station pa_2,113.24,E0,E0_0,20.0,0,1,100.0,Station pa_3_rev,Nearest with charging slots
338.0,easyBike_025,E0,E0_1,0.89,17.92,12000.0,CRITICAL,pa_2_rev,Station pa_2_rev,6.56,NEG_E0,NEG_E0_0,20.0,4,3,0.0,pa_6_rev,Station pa_6_rev,268.08,NEG_E5,NEG_E5_0,25.0,5,3,0.0,Station pa_2_rev,Nearest with charging slots
340.0,easyBike_016,NEG_E8,NEG_E8_0,12.35,25.03,12000.0,HIGH,pa_8,Station pa_8,41.7,E7,E7_0,25.0,5,3,0.0,pa_3,Station pa_3,410.58,E1,E1_0,20.0,3,3,25.0,Station pa_8,Nearest with charging slots
341.0,easyBike_018,E0,parked,0.0,22.72,12000.0,HIGH,pa_2,Station pa_2,63.62,E0,E0_0,20.0,0,1,100.0,pa_3_rev,Station pa_3_rev,84.19,NEG_E1,NEG_E1_0,20.0,1,3,75.0,Station pa_3_rev,2nd nearest has slots (nearest full)
341.0,eRickshaw_027,E6,E6_0,11.48,30.17,7200.0,MEDIUM,pa_7,Station pa_7,65.85,E6,E6_0,20.0,4,2,0.0,pa_8_rev,Station pa_8_rev,89.54,NEG_E7,NEG_E7_0,25.0,0,0,100.0,Station pa_7,Nearest with charging slots
341.0,eRickshaw_028,E1,E1_0,12.05,28.56,7200.0,HIGH,pa_3_rev,Station pa_3_rev,37.58,NEG_E1,NEG_E1_0,20.0,1,3,75.0,pa_2,Station pa_2,54.14,E0,E0_0,20.0,0,1,100.0,Station pa_3_rev,Nearest with charging slots
341.0,eRickshaw_033,E0,E0_0,0.55,38.06,7200.0,MEDIUM,pa_2_rev,Station pa_2_rev,9.68,NEG_E0,NEG_E0_0,20.0,4,3,0.0,pa_6_rev,Station pa_6_rev,271.28,NEG_E5,NEG_E5_0,25.0,5,3,0.0,Station pa_2_rev,Nearest with charging slots
343.0,easyBike_021,NEG_E3,NEG_E3_1,0.0,27.5,12000.0,HIGH,pa_8,Station pa_8,167.75,E7,E7_0,25.0,5,3,0.0,pa_3,Station pa_3,407.28,E1,E1_0,20.0,3,3,25.0,Station pa_8,Nearest with charging slots
343.0,eRickshaw_030,NEG_E8,NEG_E8_0,12.52,25.67,7200.0,HIGH,pa_8,Station pa_8,50.94,E7,E7_0,25.0,5,3,0.0,pa_3,Station pa_3,409.79,E1,E1_0,20.0,3,3,25.0,Station pa_8,Nearest with charging slots
344.0,easyBike_020,E0,parked,0.0,25.55,12000.0,HIGH,pa_2,Station pa_2,60.95,E0,E0_0,20.0,0,1,100.0,pa_3_rev,Station pa_3_rev,81.53,NEG_E1,NEG_E1_0,20.0,1,3,75.0,Station pa_3_rev,2nd nearest has slots (nearest full)
346.0,easyBike_005,NEG_E3,NEG_E3_0,9.37,38.01,12000.0,MEDIUM,pa_3,Station pa_3,151.0,E1,E1_0,20.0,3,3,25.0,pa_8,Station pa_8,460.7,E7,E7_0,25.0,5,3,0.0,Station pa_3,Nearest with charging slots
346.0,easyBike_006,NEG_E9,NEG_E9_0,11.47,36.8,12000.0,MEDIUM,pa_3,Station pa_3,196.26,E1,E1_0,20.0,3,3,25.0,pa_8,Station pa_8,208.96,E7,E7_0,25.0,5,3,0.0,Station pa_3,Nearest with charging slots
346.0,easyBike_007,NEG_E7,NEG_E7_0,11.56,35.65,12000.0,MEDIUM,pa_8_rev,Station pa_8_rev,192.15,NEG_E7,NEG_E7_0,25.0,0,0,100.0,pa_7,Station pa_7,213.5,E6,E6_0,20.0,4,2,0.0,Station pa_7,2nd nearest has slots (nearest full)
346.0,easyBike_017,E1,E1_0,12.49,23.58,12000.0,HIGH,pa_3,Station pa_3,145.61,E1,E1_0,20.0,3,3,25.0,pa_3_rev,Station pa_3_rev,310.05,NEG_E1,NEG_E1_0,20.0,1,3,75.0,Station pa_3,Nearest with charging slots
346.0,easyBike_022,NEG_E7,parked,0.0,28.55,12000.0,HIGH,pa_8_rev,Station pa_8_rev,24.51,NEG_E7,NEG_E7_0,25.0,0,0,100.0,pa_7,Station pa_7,47.9,E6,E6_0,20.0,4,2,0.0,Station pa_7,2nd nearest has slots (nearest full)
346.0,easyBike_024,NEG_E7,parked,0.0,18.55,12000.0,CRITICAL,pa_8_rev,Station pa_8_rev,21.37,NEG_E7,NEG_E7_0,25.0,0,0,100.0,pa_7,Station pa_7,44.92,E6,E6_0,20.0,4,2,0.0,Station pa_7,2nd nearest has slots (nearest full)
346.0,easyBike_026,E0,parked,0.0,16.38,12000.0,CRITICAL,pa_2,Station pa_2,55.6,E0,E0_0,20.0,0,1,100.0,pa_3_rev,Station pa_3_rev,76.22,NEG_E1,NEG_E1_0,20.0,1,3,75.0,Station pa_3_rev,2nd nearest has slots (nearest full)
346.0,easyBike_028,E0,parked,0.0,13.88,12000.0,CRITICAL,pa_2,Station pa_2,52.92,E0,E0_0,20.0,0,1,100.0,pa_3_rev,Station pa_3_rev,73.57,NEG_E1,NEG_E1_0,20.0,1,3,75.0,Station pa_3_rev,2nd nearest has slots (nearest full)
346.0,easyBike_030,NEG_E7,parked,0.0,13.52,12000.0,CRITICAL,pa_8_rev,Station pa_8_rev,18.24,NEG_E7,NEG_E7_0,25.0,0,0,100.0,pa_7,Station pa_7,41.96,E6,E6_0,20.0,4,2,0.0,Station pa_7,2nd nearest has slots (nearest full)
346.0,easyBike_032,NEG_E7,parked,0.0,16.83,12000.0,CRITICAL,pa_8_rev,Station pa_8_rev,12.05,NEG_E7,NEG_E7_0,25.0,0,0,100.0,pa_7,Station pa_7,36.16,E6,E6_0,20.0,4,2,0.0,Station pa_7,2nd nearest has slots (nearest full)
346.0,easyBike_034,E1,E1_1,0.0,34.32,12000.0,MEDIUM,pa_3,Station pa_3,3.25,E1,E1_0,20.0,3,3,25.0,pa_8,Station pa_8,401.88,E7,E7_0,25.0,5,3,0.0,Station pa_3,Nearest with charging slots
348.0,easyBike_013,NEG_E3,NEG_E3_0,12.01,28.41,12000.0,HIGH,pa_3,Station pa_3,161.61,E1,E1_0,20.0,3,3,25.0,pa_8,Station pa_8,378.16,E7,E7_0,25.0,5,3,0.0,Station pa_3,Nearest with charging slots
348.0,easyBike_024,NEG_E7,NEG_E7_0,13.02,18.54,12000.0,CRITICAL,pa_8_rev,Station pa_8_rev,108.65,NEG_E7,NEG_E7_0,25.0,0,0,100.0,pa_7,Station pa_7,130.23,E6,E6_0,20.0,4,2,0.0,Station pa_7,2nd nearest has slots (nearest full)
351.0,easyBike_029,NEG_E3,NEG_E3_0,13.41,12.72,12000.0,CRITICAL,pa_8,Station pa_8,203.61,E7,E7_0,25.0,5,3,0.0,pa_3,Station pa_3,318.8,E1,E1_0,20.0,3,3,25.0,Station pa_8,Nearest with charging slots
351.0,easyBike_031,NEG_E8,NEG_E8_1,1.0,15.83,12000.0,CRITICAL,pa_8,Station pa_8,162.5,E7,E7_0,25.0,5,3,0.0,pa_3,Station pa_3,413.99,E1,E1_0,20.0,3,3,25.0,Station pa_8,Nearest with charging slots
351.0,eRickshaw_026,E1,E1_1,11.64,33.66,7200.0,MEDIUM,pa_3,Station pa_3,28.86,E1,E1_0,20.0,3,3,25.0,pa_8,Station pa_8,403.5,E7,E7_0,25.0,5,3,0.0,Station pa_3,Nearest with charging slots
351.0,eRickshaw_032,NEG_E8,NEG_E8_0,9.24,33.49,7200.0,MEDIUM,pa_8,Station pa_8,125.54,E7,E7_0,25.0,5,3,0.0,pa_3,Station pa_3,411.31,E1,E1_0,20.0,3,3,25.0,Station pa_8,Nearest with charging slots
351.0,eVan_027,E4,E4_0,0.62,45.8,5760.0,MEDIUM,pa_2_rev,Station pa_2_rev,3.59,NEG_E0,NEG_E0_0,20.0,4,3,0.0,pa_6_rev,Station pa_6_rev,258.5,NEG_E5,NEG_E5_0,25.0,5,3,0.0,Station pa_2_rev,Nearest with charging slots
352.0,easyBike_021,NEG_E1,NEG_E1_0,10.69,26.62,12000.0,HIGH,pa_3_rev,Station pa_3_rev,53.0,NEG_E1,NEG_E1_0,20.0,1,3,75.0,pa_2,Station pa_2,71.71,E0,E0_0,20.0,0,1,100.0,Station pa_3_rev,Nearest with charging slots
353.0,easyBike_026,E0,E0_1,0.96,16.67,12000.0,CRITICAL,pa_2_rev,Station pa_2_rev,6.56,NEG_E0,NEG_E0_0,20.0,4,3,0.0,pa_6_rev,Station pa_6_rev,268.08,NEG_E5,NEG_E5_0,25.0,5,3,0.0,Station pa_2_rev,Nearest with charging slots
353.0,eRickshaw_029,NEG_E3,NEG_E3_0,9.83,29.72,7200.0,HIGH,pa_3,Station pa_3,196.77,E1,E1_0,20.0,3,3,25.0,pa_8,Station pa_8,320.18,E7,E7_0,25.0,5,3,0.0,Station pa_3,Nearest with charging slots
358.0,easyBike_022,NEG_E8,NEG_E8_1,0.0,29.17,12000.0,HIGH,pa_8,Station pa_8,162.6,E7,E7_0,25.0,5,3,0.0,pa_3,Station pa_3,414.01,E1,E1_0,20.0,3,3,25.0,Station pa_8,Nearest with charging slots
358.0,eRickshaw_029,NEG_E3,NEG_E3_1,0.35,30.14,7200.0,MEDIUM,pa_8,Station pa_8,167.75,E7,E7_0,25.0,5,3,0.0,pa_3,Station pa_3,407.3,E1,E1_0,20.0,3,3,25.0,Station pa_8,Nearest with charging slots
361.0,easyBike_001,E1,E1_0,11.03,42.68,12000.0,MEDIUM,pa_3_rev,Station pa_3_rev,220.51,NEG_E1,NEG_E1_0,20.0,0,3,100.0,pa_3,Station pa_3,235.22,E1,E1_0,20.0,2,3,50.0,Station pa_3,2nd nearest has slots (nearest full)
361.0,easyBike_002,E8,E8_0,11.14,40.84,12000.0,MEDIUM,pa_8,Station pa_8,96.95,E7,E7_0,25.0,5,3,0.0,pa_3,Station pa_3,399.53,E1,E1_0,20.0,2,3,50.0,Station pa_8,Nearest with charging slots
361.0,easyBike_003,E5,E5_0,11.29,40.57,12000.0,MEDIUM,pa_6_rev,Station pa_6_rev,102.57,NEG_E5,NEG_E5_0,25.0,5,3,0.0,pa_6,Station pa_6,157.06,E5,E5_0,25.0,2,3,60.0,Station pa_6_rev,Nearest with charging slots
361.0,easyBike_004,E0,E0_0,11.36,39.4,12000.0,MEDIUM,pa_2,Station pa_2,111.01,E0,E0_0,20.0,0,1,100.0,pa_3_rev,Station pa_3_rev,131.22,NEG_E1,NEG_E1_0,20.0,0,3,100.0,Station pa_2,Nearest with waiting slots
361.0,easyBike_006,NEG_E0,NEG_E0_0,11.46,36.1,12000.0,MEDIUM,pa_2_rev,Station pa_2_rev,98.93,NEG_E0,NEG_E0_0,20.0,4,3,0.0,pa_6_rev,Station pa_6_rev,277.16,NEG_E5,NEG_E5_0,25.0,5,3,0.0,Station pa_2_rev,Nearest with charging slots
361.0,easyBike_008,NEG_E7,NEG_E7_0,11.64,34.48,12000.0,MEDIUM,pa_8_rev,Station pa_8_rev,184.7,NEG_E7,NEG_E7_0,25.0,0,0,100.0,pa_7,Station pa_7,206.06,E6,E6_0,20.0,4,2,0.0,Station pa_7,2nd nearest has slots (nearest full)
361.0,easyBike_009,E0,E0_0,0.89,36.67,12000.0,MEDIUM,pa_2_rev,Station pa_2_rev,9.7,NEG_E0,NEG_E0_0,20.0,4,3,0.0,pa_6_rev,Station pa_6_rev,271.27,NEG_E5,NEG_E5_0,25.0,5,3,0.0,Station pa_2_rev,Nearest with charging slots
361.0,easyBike_010,E0,E0_1,0.92,38.33,12000.0,MEDIUM,pa_2_rev,Station pa_2_rev,6.56,NEG_E0,NEG_E0_0,20.0,4,3,0.0,pa_6_rev,Station pa_6_rev,268.08,NEG_E5,NEG_E5_0,25.0,5,3,0.0,Station pa_2_rev,Nearest with charging slots
361.0,easyBike_011,E4,E4_1,0.91,40.0,12000.0,MEDIUM,pa_2_rev,Station pa_2_rev,5.91,NEG_E0,NEG_E0_0,20.0,4,3,0.0,pa_6_rev,Station pa_6_rev,258.31,NEG_E5,NEG_E5_0,25.0,5,3,0.0,Station pa_2_rev,Nearest with charging slots
361.0,easyBike_013,NEG_E1,parked,0.0,28.02,12000.0,HIGH,pa_3_rev,Station pa_3_rev,41.88,NEG_E1,NEG_E1_0,20.0,0,3,100.0,pa_2,Station pa_2,61.34,E0,E0_0,20.0,0,1,100.0,Station pa_3_rev,Nearest with waiting slots
361.0,easyBike_019,E5,parked,0.0,23.89,12000.0,HIGH,pa_6,Station pa_6,49.94,E5,E5_0,25.0,2,3,60.0,pa_7_rev,Station pa_7_rev,57.45,NEG_E6,NEG_E6_0,20.0,0,2,100.0,Station pa_6,Nearest with charging slots
361.0,easyBike_023,NEG_E6,parked,0.0,29.99,12000.0,HIGH,pa_7_rev,Station pa_7_rev,35.26,NEG_E6,NEG_E6_0,20.0,0,2,100.0,pa_6,Station pa_6,38.37,E5,E5_0,25.0,2,3,60.0,Station pa_6,2nd nearest has slots (nearest full)
361.0,easyBike_023,NEG_E6,NEG_E6_0,12.91,30.06,12000.0,MEDIUM,pa_7,Station pa_7,44.75,E6,E6_0,20.0,4,2,0.0,pa_8_rev,Station pa_8_rev,67.21,NEG_E7,NEG_E7_0,25.0,0,0,100.0,Station pa_7,Nearest with charging slots
361.0,easyBike_025,E0,parked,0.0,17.63,12000.0,CRITICAL,pa_2,Station pa_2,58.27,E0,E0_0,20.0,0,1,100.0,pa_3_rev,Station pa_3_rev,78.88,NEG_E1,NEG_E1_0,20.0,0,3,100.0,Station pa_2,Nearest with waiting slots
361.0,easyBike_027,E5,parked,0.0,15.13,12000.0,CRITICAL,pa_6,Station pa_6,53.26,E5,E5_0,25.0,2,3,60.0,pa_7_rev,Station pa_7_rev,60.72,NEG_E6,NEG_E6_0,20.0,0,2,100.0,Station pa_6,Nearest with charging slots
361.0,easyBike_029,NEG_E1,parked,0.0,12.03,12000.0,CRITICAL,pa_3_rev,Station pa_3_rev,37.15,NEG_E1,NEG_E1_0,20.0,0,3,100.0,pa_2,Station pa_2,56.75,E0,E0_0,20.0,0,1,100.0,Station pa_3_rev,Nearest with waiting slots
361.0,easyBike_031,NEG_E7,parked,0.0,15.18,12000.0,CRITICAL,pa_8_rev,Station pa_8_rev,15.13,NEG_E7,NEG_E7_0,25.0,0,0,100.0,pa_7,Station pa_7,39.04,E6,E6_0,20.0,4,2,0.0,Station pa_7,2nd nearest has slots (nearest full)
361.0,easyBike_033,E1,parked,0.0,18.13,12000.0,CRITICAL,pa_3,Station pa_3,70.68,E1,E1_0,20.0,2,3,50.0,pa_3_rev,Station pa_3_rev,385.12,NEG_E1,NEG_E1_0,20.0,0,3,100.0,Station pa_3,Nearest with charging slots
361.0,eRickshaw_031,NEG_E8,NEG_E8_0,11.65,24.47,7200.0,HIGH,pa_8,Station pa_8,55.55,E7,E7_0,25.0,5,3,0.0,pa_3,Station pa_3,409.48,E1,E1_0,20.0,2,3,50.0,Station pa_8,Nearest with charging slots
363.0,easyBike_002,E1,E1_0,11.17,41.52,12000.0,MEDIUM,pa_3_rev,Station pa_3_rev,223.23,NEG_E1,NEG_E1_0,20.0,0,3,100.0,pa_3,Station pa_3,232.5,E1,E1_0,20.0,2,3,50.0,Station pa_3,2nd nearest has slots (nearest full)
363.0,easyBike_012,E0,E0_0,11.37,41.39,12000.0,MEDIUM,pa_2,Station pa_2,106.79,E0,E0_0,20.0,0,1,100.0,pa_3_rev,Station pa_3_rev,127.0,NEG_E1,NEG_E1_0,20.0,0,3,100.0,Station pa_2,Nearest with waiting slots
363.0,easyBike_015,NEG_E7,parked,0.0,25.87,12000.0,HIGH,pa_8_rev,Station pa_8_rev,27.65,NEG_E7,NEG_E7_0,25.0,0,0,100.0,pa_7,Station pa_7,50.91,E6,E6_0,20.0,4,2,0.0,Station pa_7,2nd nearest has slots (nearest full)
363.0,easyBike_019,E5,parked,0.0,23.88,12000.0,HIGH,pa_6,Station pa_6,56.58,E5,E5_0,25.0,2,3,60.0,pa_7_rev,Station pa_7_rev,64.0,NEG_E6,NEG_E6_0,20.0,0,2,100.0,Station pa_6,Nearest with charging slots
363.0,easyBike_021,NEG_E1,parked,0.0,26.66,12000.0,HIGH,pa_3_rev,Station pa_3_rev,46.61,NEG_E1,NEG_E1_0,20.0,0,3,100.0,pa_2,Station pa_2,65.96,E0,E0_0,20.0,0,1,100.0,Station pa_3_rev,Nearest with waiting slots
366.0,easyBike_010,E8,E8_0,11.85,37.07,12000.0,MEDIUM,pa_8,Station pa_8,115.04,E7,E7_0,25.0,5,3,0.0,pa_3,Station pa_3,400.75,E1,E1_0,20.0,2,3,50.0,Station pa_8,Nearest with charging slots
366.0,easyBike_014,NEG_E7,parked,0.0,27.05,12000.0,HIGH,pa_8_rev,Station pa_8_rev,33.96,NEG_E7,NEG_E7_0,25.0,0,0,100.0,pa_7,Station pa_7,56.98,E6,E6_0,20.0,4,2,0.0,Station pa_7,2nd nearest has slots (nearest full)
366.0,easyBike_017,E0,parked,0.0,23.9,12000.0,HIGH,pa_2,Station pa_2,66.3,E0,E0_0,20.0,0,1,100.0,pa_3_rev,Station pa_3_rev,86.85,NEG_E1,NEG_E1_0,20.0,0,3,100.0,Station pa_2,Nearest with waiting slots
366.0,easyBike_018,E1,E1_0,12.42,22.41,12000.0,HIGH,pa_3,Station pa_3,151.61,E1,E1_0,20.0,2,3,50.0,pa_3_rev,Station pa_3_rev,304.06,NEG_E1,NEG_E1_0,20.0,0,3,100.0,Station pa_3,Nearest with charging slots
366.0,easyBike_030,NEG_E8,NEG_E8_0,12.79,13.98,12000.0,CRITICAL,pa_8,Station pa_8,105.08,E7,E7_0,25.0,5,3,0.0,pa_3,Station pa_3,409.52,E1,E1_0,20.0,2,3,50.0,Station pa_8,Nearest with charging slots
367.0,easyBike_022,NEG_E7,parked,0.0,28.51,12000.0,HIGH,pa_8_rev,Station pa_8_rev,9.04,NEG_E7,NEG_E7_0,25.0,0,0,100.0,pa_7,Station pa_7,33.33,E6,E6_0,20.0,4,2,0.0,Station pa_7,2nd nearest has slots (nearest full)
368.0,easyBike_014,NEG_E7,NEG_E7_1,6.02,27.36,12000.0,HIGH,pa_8,Station pa_8,5.94,E7,E7_0,25.0,5,3,0.0,pa_3,Station pa_3,410.93,E1,E1_0,20.0,2,3,50.0,Station pa_8,Nearest with charging slots
368.0,easyBike_015,NEG_E7,NEG_E7_0,5.91,26.19,12000.0,HIGH,pa_8,Station pa_8,10.14,E7,E7_0,25.0,5,3,0.0,pa_3,Station pa_3,415.21,E1,E1_0,20.0,2,3,50.0,Station pa_8,Nearest with charging slots
368.0,easyBike_016,NEG_E7,parked,0.0,24.7,12000.0,HIGH,pa_8_rev,Station pa_8_rev,30.8,NEG_E7,NEG_E7_0,25.0,0,0,100.0,pa_7,Station pa_7,53.94,E6,E6_0,20.0,4,2,0.0,Station pa_7,2nd nearest has slots (nearest full)
368.0,easyBike_020,E1,E1_0,12.46,25.24,12000.0,HIGH,pa_3,Station pa_3,145.56,E1,E1_0,20.0,2,3,50.0,pa_3_rev,Station pa_3_rev,310.11,NEG_E1,NEG_E1_0,20.0,0,3,100.0,Station pa_3,Nearest with charging slots
368.0,easyBike_025,E0,E0_0,13.09,17.73,12000.0,CRITICAL,pa_2_rev,Station pa_2_rev,140.02,NEG_E0,NEG_E0_0,20.0,4,3,0.0,pa_2,Station pa_2,250.76,E0,E0_0,20.0,0,1,100.0,Station pa_2_rev,Nearest with charging slots
370.0,easyBike_016,NEG_E7,NEG_E7_0,8.03,25.0,12000.0,HIGH,pa_8,Station pa_8,12.56,E7,E7_0,25.0,5,3,0.0,pa_3,Station pa_3,413.26,E1,E1_0,20.0,2,3,50.0,Station pa_8,Nearest with charging slots
371.0,easyBike_018,E0,parked,0.0,22.72,12000.0,HIGH,pa_2,Station pa_2,63.62,E0,E0_0,20.0,0,1,100.0,pa_3_rev,Station pa_3_rev,84.19,NEG_E1,NEG_E1_0,20.0,0,3,100.0,Station pa_2,Nearest with waiting slots
371.0,eRickshaw_027,E7,E7_0,11.51,29.95,7200.0,HIGH,pa_8_rev,Station pa_8_rev,101.64,NEG_E7,NEG_E7_0,25.0,0,0,100.0,pa_7,Station pa_7,122.21,E6,E6_0,20.0,4,2,0.0,Station pa_7,2nd nearest has slots (nearest full)
371.0,eRickshaw_028,E1,E1_0,12.01,28.33,7200.0,HIGH,pa_3,Station pa_3,213.75,E1,E1_0,20.0,2,3,50.0,pa_3_rev,Station pa_3_rev,241.95,NEG_E1,NEG_E1_0,20.0,0,3,100.0,Station pa_3,Nearest with charging slots
371.0,eRickshaw_033,E0,E0_0,13.86,37.84,7200.0,MEDIUM,pa_2_rev,Station pa_2_rev,107.56,NEG_E0,NEG_E0_0,20.0,4,3,0.0,pa_2,Station pa_2,283.32,E0,E0_0,20.0,0,1,100.0,Station pa_2_rev,Nearest with charging slots
373.0,easyBike_021,NEG_E3,NEG_E3_0,12.73,27.32,12000.0,HIGH,pa_8,Station pa_8,199.63,E7,E7_0,25.0,5,3,0.0,pa_3,Station pa_3,324.76,E1,E1_0,20.0,2,3,50.0,Station pa_8,Nearest with charging slots
373.0,eRickshaw_030,NEG_E7,NEG_E7_0,6.33,25.6,7200.0,HIGH,pa_8,Station pa_8,11.12,E7,E7_0,25.0,5,3,0.0,pa_3,Station pa_3,413.49,E1,E1_0,20.0,2,3,50.0,Station pa_8,Nearest with charging slots
374.0,easyBike_020,E0,parked,0.0,25.55,12000.0,HIGH,pa_2,Station pa_2,60.95,E0,E0_0,20.0,0,1,100.0,pa_3_rev,Station pa_3_rev,81.53,NEG_E1,NEG_E1_0,20.0,0,3,100.0,Station pa_2,Nearest with waiting slots
376.0,easyBike_005,NEG_E1,NEG_E1_0,11.35,37.87,12000.0,MEDIUM,pa_3,Station pa_3,76.68,E1,E1_0,20.0,2,3,50.0,pa_3_rev,Station pa_3_rev,379.44,NEG_E1,NEG_E1_0,20.0,0,3,100.0,Station pa_3,Nearest with charging slots
376.0,easyBike_006,NEG_E9,NEG_E9_0,11.45,36.69,12000.0,MEDIUM,pa_3,Station pa_3,64.89,E1,E1_0,20.0,2,3,50.0,pa_8,Station pa_8,340.44,E7,E7_0,25.0,5,3,0.0,Station pa_3,Nearest with charging slots
376.0,easyBike_007,NEG_E7,NEG_E7_0,11.54,35.53,12000.0,MEDIUM,pa_8_rev,Station pa_8_rev,9.09,NEG_E7,NEG_E7_0,25.0,0,0,100.0,pa_7,Station pa_7,32.54,E6,E6_0,20.0,4,2,0.0,Station pa_7,2nd nearest has slots (nearest full)
376.0,easyBike_017,E1,parked,0.0,23.58,12000.0,HIGH,pa_3,Station pa_3,67.26,E1,E1_0,20.0,2,3,50.0,pa_3_rev,Station pa_3_rev,388.54,NEG_E1,NEG_E1_0,20.0,0,3,100.0,Station pa_3,Nearest with charging slots
376.0,easyBike_022,NEG_E7,parked,0.0,28.55,12000.0,HIGH,pa_8_rev,Station pa_8_rev,24.51,NEG_E7,NEG_E7_0,25.0,0,0,100.0,pa_7,Station pa_7,47.9,E6,E6_0,20.0,4,2,0.0,Station pa_7,2nd nearest has slots (nearest full)
376.0,easyBike_024,NEG_E7,parked,0.0,18.55,12000.0,CRITICAL,pa_8_rev,Station pa_8_rev,21.37,NEG_E7,NEG_E7_0,25.0,0,0,100.0,pa_7,Station pa_7,44.92,E6,E6_0,20.0,4,2,0.0,Station pa_7,2nd nearest has slots (nearest full)
376.0,easyBike_026,E0,parked,0.0,16.38,12000.0,CRITICAL,pa_2,Station pa_2,55.6,E0,E0_0,20.0,0,1,100.0,pa_3_rev,Station pa_3_rev,76.22,NEG_E1,NEG_E1_0,20.0,0,3,100.0,Station pa_2,Nearest with waiting slots
376.0,easyBike_028,E0,parked,0.0,13.88,12000.0,CRITICAL,pa_2,Station pa_2,52.92,E0,E0_0,20.0,0,1,100.0,pa_3_rev,Station pa_3_rev,73.57,NEG_E1,NEG_E1_0,20.0,0,3,100.0,Station pa_2,Nearest with waiting slots
376.0,easyBike_030,NEG_E7,parked,0.0,13.52,12000.0,CRITICAL,pa_8_rev,Station pa_8_rev,18.24,NEG_E7,NEG_E7_0,25.0,0,0,100.0,pa_7,Station pa_7,41.96,E6,E6_0,20.0,4,2,0.0,Station pa_7,2nd nearest has slots (nearest full)
376.0,easyBike_032,NEG_E7,parked,0.0,16.83,12000.0,CRITICAL,pa_8_rev,Station pa_8_rev,12.05,NEG_E7,NEG_E7_0,25.0,0,0,100.0,pa_7,Station pa_7,36.16,E6,E6_0,20.0,4,2,0.0,Station pa_7,2nd nearest has slots (nearest full)
376.0,easyBike_034,E9,E9_0,13.59,34.19,12000.0,MEDIUM,pa_3,Station pa_3,52.61,E1,E1_0,20.0,2,3,50.0,pa_8,Station pa_8,354.93,E7,E7_0,25.0,5,3,0.0,Station pa_3,Nearest with charging slots
376.0,eVan_028,E0,E0_1,0.61,28.66,5760.0,HIGH,pa_2_rev,Station pa_2_rev,6.54,NEG_E0,NEG_E0_0,20.0,4,3,0.0,pa_6_rev,Station pa_6_rev,268.08,NEG_E5,NEG_E5_0,25.0,5,3,0.0,Station pa_2_rev,Nearest with charging slots
377.0,easyBike_032,NEG_E8,NEG_E8_1,0.13,17.5,12000.0,CRITICAL,pa_8,Station pa_8,162.6,E7,E7_0,25.0,5,3,0.0,pa_3,Station pa_3,414.01,E1,E1_0,20.0,2,3,50.0,Station pa_8,Nearest with charging slots
378.0,easyBike_013,NEG_E2,NEG_E2_0,6.95,28.31,12000.0,HIGH,pa_3,Station pa_3,120.99,E1,E1_0,20.0,2,3,50.0,pa_8,Station pa_8,448.19,E7,E7_0,25.0,5,3,0.0,Station pa_3,Nearest with charging slots
378.0,easyBike_024,NEG_E6,NEG_E6_0,13.08,18.39,12000.0,CRITICAL,pa_7,Station pa_7,82.07,E6,E6_0,20.0,4,2,0.0,pa_8_rev,Station pa_8_rev,104.99,NEG_E7,NEG_E7_0,25.0,0,0,100.0,Station pa_7,Nearest with charging slots
381.0,easyBike_029,NEG_E3,NEG_E3_0,13.48,12.57,12000.0,CRITICAL,pa_3,Station pa_3,214.77,E1,E1_0,20.0,1,3,75.0,pa_8,Station pa_8,297.99,E7,E7_0,25.0,5,3,0.0,Station pa_3,Nearest with charging slots
381.0,easyBike_031,NEG_E8,NEG_E8_0,10.82,15.7,12000.0,CRITICAL,pa_8,Station pa_8,112.23,E7,E7_0,25.0,5,3,0.0,pa_3,Station pa_3,410.03,E1,E1_0,20.0,1,3,75.0,Station pa_8,Nearest with charging slots
381.0,eRickshaw_026,E9,E9_0,9.53,33.6,7200.0,MEDIUM,pa_3,Station pa_3,47.63,E1,E1_0,20.0,1,3,75.0,pa_8,Station pa_8,360.14,E7,E7_0,25.0,5,3,0.0,Station pa_3,Nearest with charging slots
381.0,eRickshaw_030,NEG_E8,NEG_E8_1,0.56,26.11,7200.0,HIGH,pa_8,Station pa_8,162.58,E7,E7_0,25.0,5,3,0.0,pa_3,Station pa_3,414.0,E1,E1_0,20.0,1,3,75.0,Station pa_8,Nearest with charging slots
381.0,eRickshaw_032,NEG_E8,NEG_E8_0,9.22,33.37,7200.0,MEDIUM,pa_8,Station pa_8,73.6,E7,E7_0,25.0,5,3,0.0,pa_3,Station pa_3,408.78,E1,E1_0,20.0,1,3,75.0,Station pa_8,Nearest with charging slots
381.0,eVan_027,E4,E4_0,13.11,45.47,5760.0,MEDIUM,pa_6_rev,Station pa_6_rev,116.12,NEG_E5,NEG_E5_0,25.0,5,3,0.0,pa_2_rev,Station pa_2_rev,145.63,NEG_E0,NEG_E0_0,20.0,4,3,0.0,Station pa_6_rev,Nearest with charging slots
382.0,easyBike_021,NEG_E1,parked,0.0,26.65,12000.0,HIGH,pa_3_rev,Station pa_3_rev,32.42,NEG_E1,NEG_E1_0,20.0,0,3,100.0,pa_2,Station pa_2,52.18,E0,E0_0,20.0,0,1,100.0,Station pa_3_rev,Nearest with waiting slots
383.0,easyBike_026,E0,E0_0,13.16,16.48,12000.0,CRITICAL,pa_2_rev,Station pa_2_rev,141.71,NEG_E0,NEG_E0_0,20.0,4,3,0.0,pa_2,Station pa_2,249.06,E0,E0_0,20.0,0,1,100.0,Station pa_2_rev,Nearest with charging slots
383.0,eRickshaw_029,NEG_E3,NEG_E3_0,9.86,29.57,7200.0,HIGH,pa_3,Station pa_3,152.98,E1,E1_0,20.0,1,3,75.0,pa_8,Station pa_8,403.02,E7,E7_0,25.0,5,3,0.0,Station pa_3,Nearest with charging slots
388.0,easyBike_022,NEG_E8,NEG_E8_0,12.83,28.99,12000.0,HIGH,pa_8,Station pa_8,109.2,E7,E7_0,25.0,5,3,0.0,pa_3,Station pa_3,409.8,E1,E1_0,20.0,0,3,100.0,Station pa_8,Nearest with charging slots
388.0,eRickshaw_029,NEG_E3,NEG_E3_0,11.48,29.97,7200.0,HIGH,pa_8,Station pa_8,188.14,E7,E7_0,25.0,5,3,0.0,pa_3,Station pa_3,343.65,E1,E1_0,20.0,0,3,100.0,Station pa_8,Nearest with charging slots
391.0,easyBike_001,E1,E1_0,11.06,42.57,12000.0,MEDIUM,pa_3,Station pa_3,46.41,E1,E1_0,20.0,0,3,100.0,pa_8,Station pa_8,408.69,E7,E7_0,25.0,5,3,0.0,Station pa_8,2nd nearest has slots (nearest full)
391.0,easyBike_002,E8,E8_0,11.11,40.72,12000.0,MEDIUM,pa_8,Station pa_8,160.21,E7,E7_0,25.0,5,3,0.0,pa_3,Station pa_3,407.3,E1,E1_0,20.0,0,3,100.0,Station pa_8,Nearest with charging slots
391.0,easyBike_003,E6,E6_0,11.29,40.45,12000.0,MEDIUM,pa_7_rev,Station pa_7_rev,70.66,NEG_E6,NEG_E6_0,20.0,0,2,100.0,pa_6,Station pa_6,70.95,E5,E5_0,25.0,2,3,60.0,Station pa_6,2nd nearest has slots (nearest full)
391.0,easyBike_004,E10,E10_1,10.68,39.28,12000.0,MEDIUM,pa_3_rev,Station pa_3_rev,27.44,NEG_E1,NEG_E1_0,20.0,0,3,100.0,pa_2,Station pa_2,38.36,E0,E0_0,20.0,0,1,100.0,Station pa_3_rev,Nearest with waiting slots
391.0,easyBike_008,NEG_E7,NEG_E7_1,7.01,34.38,12000.0,MEDIUM,pa_8_rev,Station pa_8_rev,4.01,NEG_E7,NEG_E7_0,25.0,0,0,100.0,pa_7,Station pa_7,25.16,E6,E6_0,20.0,4,2,0.0,Station pa_7,2nd nearest has slots (nearest full)
391.0,easyBike_009,E0,E0_0,11.76,36.51,12000.0,MEDIUM,pa_2_rev,Station pa_2_rev,125.69,NEG_E0,NEG_E0_0,20.0,4,3,0.0,pa_2,Station pa_2,265.13,E0,E0_0,20.0,0,1,100.0,Station pa_2_rev,Nearest with charging slots
391.0,easyBike_010,E0,E0_1,11.85,38.18,12000.0,MEDIUM,pa_2_rev,Station pa_2_rev,127.79,NEG_E0,NEG_E0_0,20.0,4,3,0.0,pa_2,Station pa_2,262.84,E0,E0_0,20.0,0,1,100.0,Station pa_2_rev,Nearest with charging slots
391.0,easyBike_011,E4,E4_0,11.85,39.84,12000.0,MEDIUM,pa_6_rev,Station pa_6_rev,105.78,NEG_E5,NEG_E5_0,25.0,5,3,0.0,pa_2_rev,Station pa_2_rev,155.98,NEG_E0,NEG_E0_0,20.0,4,3,0.0,Station pa_6_rev,Nearest with charging slots
391.0,easyBike_013,NEG_E1,parked,0.0,28.02,12000.0,HIGH,pa_3_rev,Station pa_3_rev,41.88,NEG_E1,NEG_E1_0,20.0,0,3,100.0,pa_2,Station pa_2,61.34,E0,E0_0,20.0,0,1,100.0,Station pa_3_rev,Nearest with waiting slots
391.0,easyBike_019,E5,parked,0.0,23.89,12000.0,HIGH,pa_6,Station pa_6,49.94,E5,E5_0,25.0,2,3,60.0,pa_7_rev,Station pa_7_rev,57.45,NEG_E6,NEG_E6_0,20.0,0,2,100.0,Station pa_6,Nearest with charging slots
391.0,easyBike_023,NEG_E6,parked,0.0,29.99,12000.0,HIGH,pa_7_rev,Station pa_7_rev,35.26,NEG_E6,NEG_E6_0,20.0,0,2,100.0,pa_6,Station pa_6,38.37,E5,E5_0,25.0,2,3,60.0,Station pa_6,2nd nearest has slots (nearest full)
391.0,easyBike_023,NEG_E6,NEG_E6_0,12.93,29.91,12000.0,HIGH,pa_7_rev,Station pa_7_rev,12.2,NEG_E6,NEG_E6_0,20.0,0,2,100.0,pa_6,Station pa_6,16.46,E5,E5_0,25.0,2,3,60.0,Station pa_6,2nd nearest has slots (nearest full)
391.0,easyBike_023,NEG_E8,NEG_E8_0,0.89,30.83,12000.0,MEDIUM,pa_8,Station pa_8,162.7,E7,E7_0,25.0,5,3,0.0,pa_3,Station pa_3,417.13,E1,E1_0,20.0,0,3,100.0,Station pa_8,Nearest with charging slots
391.0,easyBike_025,E0,parked,0.0,17.63,12000.0,CRITICAL,pa_2,Station pa_2,58.27,E0,E0_0,20.0,0,1,100.0,pa_3_rev,Station pa_3_rev,78.88,NEG_E1,NEG_E1_0,20.0,0,3,100.0,Station pa_2,Nearest with waiting slots
391.0,easyBike_027,E5,parked,0.0,15.13,12000.0,CRITICAL,pa_6,Station pa_6,53.26,E5,E5_0,25.0,2,3,60.0,pa_7_rev,Station pa_7_rev,60.72,NEG_E6,NEG_E6_0,20.0,0,2,100.0,Station pa_6,Nearest with charging slots
391.0,easyBike_027,E4,E4_1,0.9,15.42,12000.0,CRITICAL,pa_2_rev,Station pa_2_rev,5.91,NEG_E0,NEG_E0_0,20.0,4,3,0.0,pa_6_rev,Station pa_6_rev,258.31,NEG_E5,NEG_E5_0,25.0,5,3,0.0,Station pa_2_rev,Nearest with charging slots
391.0,easyBike_029,NEG_E1,parked,0.0,12.03,12000.0,CRITICAL,pa_3_rev,Station pa_3_rev,37.15,NEG_E1,NEG_E1_0,20.0,0,3,100.0,pa_2,Station pa_2,56.75,E0,E0_0,20.0,0,1,100.0,Station pa_3_rev,Nearest with waiting slots
391.0,easyBike_031,NEG_E7,parked,0.0,15.18,12000.0,CRITICAL,pa_8_rev,Station pa_8_rev,15.13,NEG_E7,NEG_E7_0,25.0,0,0,100.0,pa_7,Station pa_7,39.04,E6,E6_0,20.0,4,2,0.0,Station pa_7,2nd nearest has slots (nearest full)
391.0,easyBike_033,E1,parked,0.0,18.13,12000.0,CRITICAL,pa_3,Station pa_3,70.68,E1,E1_0,20.0,0,3,100.0,pa_3_rev,Station pa_3_rev,385.12,NEG_E1,NEG_E1_0,20.0,0,3,100.0,Station pa_3,Nearest with waiting slots
391.0,eRickshaw_031,NEG_E7,NEG_E7_0,11.66,24.26,7200.0,HIGH,pa_8,Station pa_8,80.05,E7,E7_0,25.0,5,3,0.0,pa_8_rev,Station pa_8_rev,395.9,NEG_E7,NEG_E7_0,25.0,0,0,100.0,Station pa_8,Nearest with charging slots
393.0,easyBike_002,E1,E1_1,11.17,41.4,12000.0,MEDIUM,pa_3,Station pa_3,42.11,E1,E1_0,20.0,0,3,100.0,pa_8,Station pa_8,404.94,E7,E7_0,25.0,5,3,0.0,Station pa_8,2nd nearest has slots (nearest full)
393.0,easyBike_012,E10,E10_1,11.5,41.26,12000.0,MEDIUM,pa_3_rev,Station pa_3_rev,29.72,NEG_E1,NEG_E1_0,20.0,0,3,100.0,pa_2,Station pa_2,40.67,E0,E0_0,20.0,0,1,100.0,Station pa_3_rev,Nearest with waiting slots
393.0,easyBike_015,NEG_E7,parked,0.0,25.87,12000.0,HIGH,pa_8_rev,Station pa_8_rev,27.65,NEG_E7,NEG_E7_0,25.0,0,0,100.0,pa_7,Station pa_7,50.91,E6,E6_0,20.0,4,2,0.0,Station pa_7,2nd nearest has slots (nearest full)
393.0,easyBike_019,E6,E6_0,12.23,23.76,12000.0,HIGH,pa_6,Station pa_6,43.45,E5,E5_0,25.0,2,3,60.0,pa_7_rev,Station pa_7_rev,43.57,NEG_E6,NEG_E6_0,20.0,0,2,100.0,Station pa_6,Nearest with charging slots
393.0,easyBike_021,NEG_E1,parked,0.0,26.66,12000.0,HIGH,pa_3_rev,Station pa_3_rev,46.61,NEG_E1,NEG_E1_0,20.0,0,3,100.0,pa_2,Station pa_2,65.96,E0,E0_0,20.0,0,1,100.0,Station pa_3_rev,Nearest with waiting slots
396.0,easyBike_014,NEG_E7,parked,0.0,27.05,12000.0,HIGH,pa_8_rev,Station pa_8_rev,33.96,NEG_E7,NEG_E7_0,25.0,0,0,100.0,pa_7,Station pa_7,56.98,E6,E6_0,20.0,4,2,0.0,Station pa_7,2nd nearest has slots (nearest full)
396.0,easyBike_017,:Node2_3,:Node2_3_0,12.49,23.77,12000.0,HIGH,pa_3_rev,Station pa_3_rev,10.2,NEG_E1,NEG_E1_0,20.0,0,3,100.0,pa_2,Station pa_2,14.5,E0,E0_0,20.0,0,1,100.0,Station pa_3_rev,Nearest with waiting slots
396.0,easyBike_018,E1,parked,0.0,22.41,12000.0,HIGH,pa_3,Station pa_3,63.85,E1,E1_0,20.0,0,2,100.0,pa_3_rev,Station pa_3_rev,391.95,NEG_E1,NEG_E1_0,20.0,0,3,100.0,Station pa_3,Nearest with waiting slots
396.0,easyBike_030,NEG_E8,NEG_E8_0,13.55,13.82,12000.0,CRITICAL,pa_8,Station pa_8,33.94,E7,E7_0,25.0,5,3,0.0,pa_3,Station pa_3,411.43,E1,E1_0,20.0,0,2,100.0,Station pa_8,Nearest with charging slots
397.0,easyBike_022,NEG_E7,parked,0.0,28.51,12000.0,HIGH,pa_8_rev,Station pa_8_rev,9.04,NEG_E7,NEG_E7_0,25.0,0,0,100.0,pa_7,Station pa_7,33.33,E6,E6_0,20.0,4,2,0.0,Station pa_7,2nd nearest has slots (nearest full)
398.0,easyBike_014,NEG_E7,NEG_E7_1,12.11,27.19,12000.0,HIGH,pa_8,Station pa_8,180.17,E7,E7_0,25.0,5,3,0.0,pa_8_rev,Station pa_8_rev,295.34,NEG_E7,NEG_E7_0,25.0,0,0,100.0,Station pa_8,Nearest with charging slots
398.0,easyBike_015,NEG_E7,NEG_E7_0,12.29,26.01,12000.0,HIGH,pa_8,Station pa_8,180.74,E7,E7_0,25.0,5,3,0.0,pa_8_rev,Station pa_8_rev,294.9,NEG_E7,NEG_E7_0,25.0,0,0,100.0,Station pa_8,Nearest with charging slots
398.0,easyBike_016,NEG_E7,parked,0.0,24.7,12000.0,HIGH,pa_8_rev,Station pa_8_rev,30.8,NEG_E7,NEG_E7_0,25.0,0,0,100.0,pa_7,Station pa_7,53.94,E6,E6_0,20.0,4,2,0.0,Station pa_7,2nd nearest has slots (nearest full)
398.0,easyBike_020,E1,parked,0.0,25.23,12000.0,HIGH,pa_3,Station pa_3,60.44,E1,E1_0,20.0,0,2,100.0,pa_3_rev,Station pa_3_rev,395.37,NEG_E1,NEG_E1_0,20.0,0,3,100.0,Station pa_3,Nearest with waiting slots
398.0,easyBike_025,E0,E0_0,13.03,17.58,12000.0,CRITICAL,pa_2,Station pa_2,70.92,E0,E0_0,20.0,0,1,100.0,pa_3_rev,Station pa_3_rev,91.21,NEG_E1,NEG_E1_0,20.0,0,3,100.0,Station pa_2,Nearest with waiting slots
400.0,easyBike_016,NEG_E7,NEG_E7_0,12.34,24.83,12000.0,HIGH,pa_8,Station pa_8,199.3,E7,E7_0,25.0,5,3,0.0,pa_8_rev,Station pa_8_rev,276.24,NEG_E7,NEG_E7_0,25.0,0,0,100.0,Station pa_8,Nearest with charging slots
401.0,easyBike_018,:Node2_8,:Node2_8_0,6.25,22.63,12000.0,HIGH,pa_2,Station pa_2,9.95,E0,E0_0,20.0,0,1,100.0,pa_3_rev,Station pa_3_rev,12.01,NEG_E1,NEG_E1_0,20.0,0,3,100.0,Station pa_2,Nearest with waiting slots
401.0,eRickshaw_027,E7,E7_0,11.49,29.74,7200.0,HIGH,pa_8,Station pa_8,192.22,E7,E7_0,25.0,5,3,0.0,pa_8_rev,Station pa_8_rev,283.32,NEG_E7,NEG_E7_0,25.0,0,0,100.0,Station pa_8,Nearest with charging slots
401.0,eRickshaw_028,E1,parked,0.0,28.21,7200.0,HIGH,pa_3,Station pa_3,57.03,E1,E1_0,20.0,0,2,100.0,pa_3_rev,Station pa_3_rev,398.78,NEG_E1,NEG_E1_0,20.0,0,3,100.0,Station pa_3,Nearest with waiting slots
401.0,eRickshaw_033,E0,E0_0,13.87,37.51,7200.0,MEDIUM,pa_2,Station pa_2,92.08,E0,E0_0,20.0,0,1,100.0,pa_3_rev,Station pa_3_rev,112.33,NEG_E1,NEG_E1_0,20.0,0,3,100.0,Station pa_2,Nearest with waiting slots
401.0,eVan_029,NEG_E3,NEG_E3_1,0.63,32.36,5760.0,MEDIUM,pa_8,Station pa_8,167.76,E7,E7_0,25.0,5,3,0.0,pa_3,Station pa_3,407.22,E1,E1_0,20.0,0,2,100.0,Station pa_8,Nearest with charging slots
403.0,easyBike_021,NEG_E3,NEG_E3_0,12.71,27.18,12000.0,HIGH,pa_3,Station pa_3,224.59,E1,E1_0,20.0,0,2,100.0,pa_8,Station pa_8,286.89,E7,E7_0,25.0,5,3,0.0,Station pa_8,2nd nearest has slots (nearest full)
403.0,eRickshaw_030,NEG_E7,NEG_E7_0,12.53,25.33,7200.0,HIGH,pa_8,Station pa_8,184.7,E7,E7_0,25.0,5,3,0.0,pa_8_rev,Station pa_8_rev,290.92,NEG_E7,NEG_E7_0,25.0,0,0,100.0,Station pa_8,Nearest with charging slots
404.0,easyBike_020,:Node2_8,:Node2_8_0,5.84,25.47,12000.0,HIGH,pa_2,Station pa_2,6.4,E0,E0_0,20.0,0,1,100.0,pa_3_rev,Station pa_3_rev,15.37,NEG_E1,NEG_E1_0,20.0,0,3,100.0,Station pa_2,Nearest with waiting slots
406.0,easyBike_005,NEG_E1,NEG_E1_0,11.36,37.75,12000.0,MEDIUM,pa_3_rev,Station pa_3_rev,185.5,NEG_E1,NEG_E1_0,20.0,0,3,100.0,pa_2,Station pa_2,203.6,E0,E0_0,20.0,0,1,100.0,Station pa_3_rev,Nearest with waiting slots
406.0,easyBike_006,NEG_E9,NEG_E9_0,0.89,36.68,12000.0,MEDIUM,pa_3,Station pa_3,16.26,E1,E1_0,20.0,0,2,100.0,pa_8,Station pa_8,389.74,E7,E7_0,25.0,5,3,0.0,Station pa_8,2nd nearest has slots (nearest full)
406.0,easyBike_007,NEG_E6,NEG_E6_0,11.57,35.4,12000.0,MEDIUM,pa_7_rev,Station pa_7_rev,97.29,NEG_E6,NEG_E6_0,20.0,0,1,100.0,pa_6,Station pa_6,98.74,E5,E5_0,25.0,2,3,60.0,Station pa_6,2nd nearest has slots (nearest full)
406.0,easyBike_017,E1,parked,0.0,23.58,12000.0,HIGH,pa_3,Station pa_3,67.26,E1,E1_0,20.0,0,2,100.0,pa_3_rev,Station pa_3_rev,388.54,NEG_E1,NEG_E1_0,20.0,0,3,100.0,Station pa_3,Nearest with waiting slots
406.0,easyBike_022,NEG_E7,parked,0.0,28.55,12000.0,HIGH,pa_8_rev,Station pa_8_rev,24.51,NEG_E7,NEG_E7_0,25.0,0,0,100.0,pa_7,Station pa_7,47.9,E6,E6_0,20.0,4,2,0.0,Station pa_7,2nd nearest has slots (nearest full)
406.0,easyBike_024,NEG_E7,parked,0.0,18.55,12000.0,CRITICAL,pa_8_rev,Station pa_8_rev,21.37,NEG_E7,NEG_E7_0,25.0,0,0,100.0,pa_7,Station pa_7,44.92,E6,E6_0,20.0,4,2,0.0,Station pa_7,2nd nearest has slots (nearest full)
406.0,easyBike_024,NEG_E8,NEG_E8_1,0.91,19.17,12000.0,CRITICAL,pa_8,Station pa_8,162.51,E7,E7_0,25.0,5,3,0.0,pa_3,Station pa_3,413.99,E1,E1_0,20.0,0,2,100.0,Station pa_8,Nearest with charging slots
406.0,easyBike_026,E0,parked,0.0,16.38,12000.0,CRITICAL,pa_2,Station pa_2,55.6,E0,E0_0,20.0,0,1,100.0,pa_3_rev,Station pa_3_rev,76.22,NEG_E1,NEG_E1_0,20.0,0,3,100.0,Station pa_2,Nearest with waiting slots
406.0,easyBike_028,E0,parked,0.0,13.88,12000.0,CRITICAL,pa_2,Station pa_2,52.92,E0,E0_0,20.0,0,1,100.0,pa_3_rev,Station pa_3_rev,73.57,NEG_E1,NEG_E1_0,20.0,0,3,100.0,Station pa_2,Nearest with waiting slots
406.0,easyBike_028,E0,E0_1,0.9,14.17,12000.0,CRITICAL,pa_2_rev,Station pa_2_rev,6.56,NEG_E0,NEG_E0_0,20.0,4,3,0.0,pa_6_rev,Station pa_6_rev,268.08,NEG_E5,NEG_E5_0,25.0,5,3,0.0,Station pa_2_rev,Nearest with charging slots
406.0,easyBike_030,NEG_E7,parked,0.0,13.52,12000.0,CRITICAL,pa_8_rev,Station pa_8_rev,18.24,NEG_E7,NEG_E7_0,25.0,0,0,100.0,pa_7,Station pa_7,41.96,E6,E6_0,20.0,4,2,0.0,Station pa_7,2nd nearest has slots (nearest full)
406.0,easyBike_032,NEG_E7,parked,0.0,16.83,12000.0,CRITICAL,pa_8_rev,Station pa_8_rev,12.05,NEG_E7,NEG_E7_0,25.0,0,0,100.0,pa_7,Station pa_7,36.16,E6,E6_0,20.0,4,2,0.0,Station pa_7,2nd nearest has slots (nearest full)
406.0,easyBike_034,E9,E9_0,13.84,34.02,12000.0,MEDIUM,pa_8,Station pa_8,196.15,E7,E7_0,25.0,5,3,0.0,pa_3,Station pa_3,210.04,E1,E1_0,20.0,0,2,100.0,Station pa_8,Nearest with charging slots
406.0,eRickshaw_031,NEG_E8,NEG_E8_0,0.0,24.86,7200.0,HIGH,pa_8,Station pa_8,162.83,E7,E7_0,25.0,5,3,0.0,pa_3,Station pa_3,417.15,E1,E1_0,20.0,0,2,100.0,Station pa_8,Nearest with charging slots
406.0,eVan_028,E0,E0_0,13.47,28.31,5760.0,HIGH,pa_2_rev,Station pa_2_rev,122.08,NEG_E0,NEG_E0_0,20.0,4,3,0.0,pa_2,Station pa_2,268.75,E0,E0_0,20.0,0,1,100.0,Station pa_2_rev,Nearest with charging slots
407.0,easyBike_032,NEG_E8,NEG_E8_0,13.67,17.3,12000.0,CRITICAL,pa_8,Station pa_8,105.84,E7,E7_0,25.0,5,3,0.0,pa_3,Station pa_3,409.57,E1,E1_0,20.0,0,2,100.0,Station pa_8,Nearest with charging slots
408.0,easyBike_013,NEG_E1,NEG_E1_0,12.06,28.14,12000.0,HIGH,pa_3,Station pa_3,143.92,E1,E1_0,20.0,0,2,100.0,pa_3_rev,Station pa_3_rev,311.92,NEG_E1,NEG_E1_0,20.0,0,3,100.0,Station pa_3,Nearest with waiting slots
408.0,easyBike_024,NEG_E6,parked,0.0,18.34,12000.0,CRITICAL,pa_7_rev,Station pa_7_rev,30.27,NEG_E6,NEG_E6_0,20.0,0,1,100.0,pa_6,Station pa_6,33.7,E5,E5_0,25.0,2,3,60.0,Station pa_6,2nd nearest has slots (nearest full)
411.0,easyBike_029,NEG_E3,NEG_E3_0,13.44,12.41,12000.0,CRITICAL,pa_3,Station pa_3,151.3,E1,E1_0,20.0,0,2,100.0,pa_8,Station pa_8,410.35,E7,E7_0,25.0,5,3,0.0,Station pa_8,2nd nearest has slots (nearest full)
411.0,easyBike_031,NEG_E8,NEG_E8_0,10.78,15.59,12000.0,CRITICAL,pa_8,Station pa_8,51.71,E7,E7_0,25.0,5,3,0.0,pa_3,Station pa_3,409.73,E1,E1_0,20.0,0,2,100.0,Station pa_8,Nearest with charging slots
411.0,eRickshaw_026,E9,E9_0,11.64,33.36,7200.0,MEDIUM,pa_3,Station pa_3,177.96,E1,E1_0,20.0,0,2,100.0,pa_8,Station pa_8,228.24,E7,E7_0,25.0,5,3,0.0,Station pa_8,2nd nearest has slots (nearest full)
411.0,eRickshaw_030,NEG_E8,NEG_E8_0,12.7,25.92,7200.0,HIGH,pa_8,Station pa_8,119.66,E7,E7_0,25.0,5,3,0.0,pa_3,Station pa_3,410.69,E1,E1_0,20.0,0,2,100.0,Station pa_8,Nearest with charging slots
411.0,eRickshaw_032,NEG_E8,NEG_E8_0,3.31,33.27,7200.0,MEDIUM,pa_8,Station pa_8,24.42,E7,E7_0,25.0,5,3,0.0,pa_3,Station pa_3,412.75,E1,E1_0,20.0,0,2,100.0,Station pa_8,Nearest with charging slots
411.0,eVan_027,E5,E5_0,11.67,45.18,5760.0,MEDIUM,pa_6_rev,Station pa_6_rev,107.88,NEG_E5,NEG_E5_0,25.0,5,3,0.0,pa_6,Station pa_6,151.72,E5,E5_0,25.0,2,3,60.0,Station pa_6_rev,Nearest with charging slots
412.0,easyBike_021,NEG_E1,parked,0.0,26.65,12000.0,HIGH,pa_3_rev,Station pa_3_rev,32.42,NEG_E1,NEG_E1_0,20.0,0,3,100.0,pa_2,Station pa_2,52.18,E0,E0_0,20.0,0,1,100.0,Station pa_3_rev,Nearest with waiting slots
413.0,easyBike_026,E0,E0_0,13.16,16.33,12000.0,CRITICAL,pa_2,Station pa_2,67.82,E0,E0_0,20.0,0,1,100.0,pa_3_rev,Station pa_3_rev,88.13,NEG_E1,NEG_E1_0,20.0,0,3,100.0,Station pa_2,Nearest with waiting slots
413.0,eRickshaw_029,NEG_E2,NEG_E2_0,5.77,29.47,7200.0,HIGH,pa_3,Station pa_3,111.75,E1,E1_0,20.0,0,2,100.0,pa_8,Station pa_8,443.01,E7,E7_0,25.0,5,3,0.0,Station pa_8,2nd nearest has slots (nearest full)
418.0,easyBike_022,NEG_E8,NEG_E8_0,12.9,28.84,12000.0,HIGH,pa_8,Station pa_8,38.32,E7,E7_0,25.0,5,3,0.0,pa_3,Station pa_3,409.34,E1,E1_0,20.0,0,2,100.0,Station pa_8,Nearest with charging slots
418.0,eRickshaw_029,NEG_E3,NEG_E3_0,11.45,29.76,7200.0,HIGH,pa_3,Station pa_3,250.45,E1,E1_0,20.0,0,2,100.0,pa_8,Station pa_8,260.19,E7,E7_0,25.0,5,3,0.0,Station pa_8,2nd nearest has slots (nearest full)
421.0,easyBike_001,E3,E3_0,11.04,42.43,12000.0,MEDIUM,pa_3,Station pa_3,158.39,E1,E1_0,20.0,0,2,100.0,pa_8,Station pa_8,434.72,E7,E7_0,25.0,5,3,0.0,Station pa_8,2nd nearest has slots (nearest full)
421.0,easyBike_003,E6,E6_0,11.3,40.34,12000.0,MEDIUM,pa_7,Station pa_7,11.49,E6,E6_0,20.0,4,2,0.0,pa_8_rev,Station pa_8_rev,35.58,NEG_E7,NEG_E7_0,25.0,0,0,100.0,Station pa_7,Nearest with charging slots
421.0,easyBike_004,E10,E10_0,11.34,39.16,12000.0,MEDIUM,pa_3_rev,Station pa_3_rev,185.31,NEG_E1,NEG_E1_0,20.0,0,3,100.0,pa_2,Station pa_2,196.76,E0,E0_0,20.0,0,1,100.0,Station pa_3_rev,Nearest with waiting slots
421.0,easyBike_008,NEG_E10,NEG_E10_0,11.64,34.22,12000.0,MEDIUM,pa_7,Station pa_7,139.23,E6,E6_0,20.0,4,2,0.0,pa_8_rev,Station pa_8_rev,151.14,NEG_E7,NEG_E7_0,25.0,0,0,100.0,Station pa_7,Nearest with charging slots
421.0,easyBike_009,E0,E0_0,11.75,36.39,12000.0,MEDIUM,pa_2,Station pa_2,103.2,E0,E0_0,20.0,0,1,100.0,pa_3_rev,Station pa_3_rev,123.43,NEG_E1,NEG_E1_0,20.0,0,3,100.0,Station pa_2,Nearest with waiting slots
421.0,easyBike_010,E0,E0_1,11.84,38.05,12000.0,MEDIUM,pa_2,Station pa_2,99.52,E0,E0_0,20.0,0,1,100.0,pa_3_rev,Station pa_3_rev,119.55,NEG_E1,NEG_E1_0,20.0,0,3,100.0,Station pa_2,Nearest with waiting slots
421.0,easyBike_011,E5,E5_0,11.87,39.71,12000.0,MEDIUM,pa_6_rev,Station pa_6_rev,126.76,NEG_E5,NEG_E5_0,25.0,4,3,20.0,pa_6,Station pa_6,132.79,E5,E5_0,25.0,2,3,60.0,Station pa_6_rev,Nearest with charging slots
421.0,easyBike_013,NEG_E1,parked,0.0,28.02,12000.0,HIGH,pa_3_rev,Station pa_3_rev,41.88,NEG_E1,NEG_E1_0,20.0,0,3,100.0,pa_2,Station pa_2,61.34,E0,E0_0,20.0,0,1,100.0,Station pa_3_rev,Nearest with waiting slots
421.0,easyBike_019,E5,parked,0.0,23.89,12000.0,HIGH,pa_6,Station pa_6,49.94,E5,E5_0,25.0,2,3,60.0,pa_7_rev,Station pa_7_rev,57.45,NEG_E6,NEG_E6_0,20.0,0,1,100.0,Station pa_6,Nearest with charging slots
421.0,easyBike_023,NEG_E6,parked,0.0,29.99,12000.0,HIGH,pa_7_rev,Station pa_7_rev,35.26,NEG_E6,NEG_E6_0,20.0,0,1,100.0,pa_6,Station pa_6,38.37,E5,E5_0,25.0,2,3,60.0,Station pa_6,2nd nearest has slots (nearest full)
421.0,easyBike_023,NEG_E5,parked,0.0,29.85,12000.0,HIGH,pa_6_rev,Station pa_6_rev,35.04,NEG_E5,NEG_E5_0,25.0,4,3,20.0,pa_6,Station pa_6,224.66,E5,E5_0,25.0,2,3,60.0,Station pa_6_rev,Nearest with charging slots
421.0,easyBike_023,NEG_E8,NEG_E8_0,12.93,30.65,12000.0,MEDIUM,pa_8,Station pa_8,106.58,E7,E7_0,25.0,5,3,0.0,pa_3,Station pa_3,409.62,E1,E1_0,20.0,0,2,100.0,Station pa_8,Nearest with charging slots
421.0,easyBike_025,E0,parked,0.0,17.63,12000.0,CRITICAL,pa_2,Station pa_2,58.27,E0,E0_0,20.0,0,1,100.0,pa_3_rev,Station pa_3_rev,78.88,NEG_E1,NEG_E1_0,20.0,0,3,100.0,Station pa_2,Nearest with waiting slots
421.0,easyBike_027,E5,parked,0.0,15.13,12000.0,CRITICAL,pa_6,Station pa_6,53.26,E5,E5_0,25.0,2,3,60.0,pa_7_rev,Station pa_7_rev,60.72,NEG_E6,NEG_E6_0,20.0,0,1,100.0,Station pa_6,Nearest with charging slots
421.0,easyBike_027,E4,E4_0,13.24,15.23,12000.0,CRITICAL,pa_6_rev,Station pa_6_rev,91.75,NEG_E5,NEG_E5_0,25.0,4,3,20.0,pa_2_rev,Station pa_2_rev,170.03,NEG_E0,NEG_E0_0,20.0,4,3,0.0,Station pa_6_rev,Nearest with charging slots
421.0,easyBike_029,NEG_E1,parked,0.0,12.03,12000.0,CRITICAL,pa_3_rev,Station pa_3_rev,37.15,NEG_E1,NEG_E1_0,20.0,0,3,100.0,pa_2,Station pa_2,56.75,E0,E0_0,20.0,0,1,100.0,Station pa_3_rev,Nearest with waiting slots
421.0,easyBike_031,NEG_E7,parked,0.0,15.18,12000.0,CRITICAL,pa_8_rev,Station pa_8_rev,15.13,NEG_E7,NEG_E7_0,25.0,0,0,100.0,pa_7,Station pa_7,39.04,E6,E6_0,20.0,4,2,0.0,Station pa_7,2nd nearest has slots (nearest full)
421.0,easyBike_033,E1,parked,0.0,18.13,12000.0,CRITICAL,pa_3,Station pa_3,70.68,E1,E1_0,20.0,0,2,100.0,pa_3_rev,Station pa_3_rev,385.12,NEG_E1,NEG_E1_0,20.0,0,3,100.0,Station pa_3,Nearest with waiting slots
421.0,eRickshaw_031,NEG_E7,NEG_E7_0,11.64,24.05,7200.0,HIGH,pa_8_rev,Station pa_8_rev,211.42,NEG_E7,NEG_E7_0,25.0,0,0,100.0,pa_7,Station pa_7,232.75,E6,E6_0,20.0,4,2,0.0,Station pa_7,2nd nearest has slots (nearest full)
423.0,easyBike_002,E9,E9_0,11.15,41.26,12000.0,MEDIUM,pa_3,Station pa_3,108.66,E1,E1_0,20.0,0,2,100.0,pa_8,Station pa_8,297.82,E7,E7_0,25.0,5,3,0.0,Station pa_8,2nd nearest has slots (nearest full)
423.0,easyBike_012,E10,E10_1,11.98,41.13,12000.0,MEDIUM,pa_3_rev,Station pa_3_rev,196.28,NEG_E1,NEG_E1_0,20.0,0,2,100.0,pa_2,Station pa_2,207.43,E0,E0_0,20.0,0,1,100.0,Station pa_3_rev,Nearest with waiting slots
423.0,easyBike_015,NEG_E7,parked,0.0,25.87,12000.0,HIGH,pa_8_rev,Station pa_8_rev,27.65,NEG_E7,NEG_E7_0,25.0,0,0,100.0,pa_7,Station pa_7,50.91,E6,E6_0,20.0,4,2,0.0,Station pa_7,2nd nearest has slots (nearest full)
423.0,easyBike_019,E6,E6_0,12.59,23.61,12000.0,HIGH,pa_7,Station pa_7,19.44,E6,E6_0,20.0,4,2,0.0,pa_8_rev,Station pa_8_rev,43.41,NEG_E7,NEG_E7_0,25.0,0,0,100.0,Station pa_7,Nearest with charging slots
423.0,easyBike_021,NEG_E1,parked,0.0,26.66,12000.0,HIGH,pa_3_rev,Station pa_3_rev,46.61,NEG_E1,NEG_E1_0,20.0,0,2,100.0,pa_2,Station pa_2,65.96,E0,E0_0,20.0,0,1,100.0,Station pa_3_rev,Nearest with waiting slots
426.0,easyBike_014,NEG_E7,parked,0.0,27.05,12000.0,HIGH,pa_8_rev,Station pa_8_rev,33.96,NEG_E7,NEG_E7_0,25.0,0,0,100.0,pa_7,Station pa_7,56.98,E6,E6_0,20.0,4,2,0.0,Station pa_7,2nd nearest has slots (nearest full)
426.0,easyBike_017,E1,E1_0,12.48,23.64,12000.0,HIGH,pa_3_rev,Station pa_3_rev,210.95,NEG_E1,NEG_E1_0,20.0,0,2,100.0,pa_2,Station pa_2,228.51,E0,E0_0,20.0,0,1,100.0,Station pa_3_rev,Nearest with waiting slots
426.0,easyBike_018,E1,parked,0.0,22.41,12000.0,HIGH,pa_3,Station pa_3,63.85,E1,E1_0,20.0,0,2,100.0,pa_3_rev,Station pa_3_rev,391.95,NEG_E1,NEG_E1_0,20.0,0,2,100.0,Station pa_3,Nearest with waiting slots
426.0,easyBike_030,NEG_E7,NEG_E7_0,13.58,13.66,12000.0,CRITICAL,pa_8,Station pa_8,172.61,E7,E7_0,25.0,4,3,20.0,pa_8_rev,Station pa_8_rev,303.04,NEG_E7,NEG_E7_0,25.0,0,0,100.0,Station pa_8,Nearest with charging slots
426.0,eRickshaw_026,E0,E0_1,0.51,34.72,7200.0,MEDIUM,pa_2_rev,Station pa_2_rev,6.52,NEG_E0,NEG_E0_0,20.0,4,3,0.0,pa_6_rev,Station pa_6_rev,268.09,NEG_E5,NEG_E5_0,25.0,4,3,20.0,Station pa_2_rev,Nearest with charging slots
426.0,eVan_030,NEG_E8,NEG_E8_1,0.61,46.48,5760.0,MEDIUM,pa_8,Station pa_8,162.56,E7,E7_0,25.0,4,3,20.0,pa_3,Station pa_3,414.0,E1,E1_0,20.0,0,2,100.0,Station pa_8,Nearest with charging slots
427.0,easyBike_022,NEG_E7,parked,0.0,28.51,12000.0,HIGH,pa_8_rev,Station pa_8_rev,9.04,NEG_E7,NEG_E7_0,25.0,0,0,100.0,pa_7,Station pa_7,33.33,E6,E6_0,20.0,4,2,0.0,Station pa_7,2nd nearest has slots (nearest full)
428.0,easyBike_014,NEG_E7,NEG_E7_1,12.2,27.06,12000.0,HIGH,pa_8_rev,Station pa_8_rev,102.81,NEG_E7,NEG_E7_0,25.0,0,0,100.0,pa_7,Station pa_7,124.09,E6,E6_0,20.0,4,2,0.0,Station pa_7,2nd nearest has slots (nearest full)
428.0,easyBike_015,NEG_E7,NEG_E7_0,12.23,25.88,12000.0,HIGH,pa_8_rev,Station pa_8_rev,100.82,NEG_E7,NEG_E7_0,25.0,0,0,100.0,pa_7,Station pa_7,122.44,E6,E6_0,20.0,4,2,0.0,Station pa_7,2nd nearest has slots (nearest full)
428.0,easyBike_016,NEG_E7,parked,0.0,24.7,12000.0,HIGH,pa_8_rev,Station pa_8_rev,30.8,NEG_E7,NEG_E7_0,25.0,0,0,100.0,pa_7,Station pa_7,53.94,E6,E6_0,20.0,4,2,0.0,Station pa_7,2nd nearest has slots (nearest full)
428.0,easyBike_020,E1,parked,0.0,25.23,12000.0,HIGH,pa_3,Station pa_3,60.44,E1,E1_0,20.0,0,2,100.0,pa_3_rev,Station pa_3_rev,395.37,NEG_E1,NEG_E1_0,20.0,0,2,100.0,Station pa_3,Nearest with waiting slots
428.0,easyBike_025,E1,E1_0,13.01,17.43,12000.0,CRITICAL,pa_3_rev,Station pa_3_rev,124.95,NEG_E1,NEG_E1_0,20.0,0,2,100.0,pa_2,Station pa_2,142.36,E0,E0_0,20.0,0,1,100.0,Station pa_3_rev,Nearest with waiting slots
430.0,easyBike_016,NEG_E7,NEG_E7_0,12.31,24.69,12000.0,HIGH,pa_8_rev,Station pa_8_rev,80.51,NEG_E7,NEG_E7_0,25.0,0,0,100.0,pa_7,Station pa_7,102.25,E6,E6_0,20.0,4,2,0.0,Station pa_7,2nd nearest has slots (nearest full)
431.0,easyBike_018,E10,E10_0,12.47,22.44,12000.0,HIGH,pa_3_rev,Station pa_3_rev,163.26,NEG_E1,NEG_E1_0,20.0,0,2,100.0,pa_2,Station pa_2,174.75,E0,E0_0,20.0,0,1,100.0,Station pa_3_rev,Nearest with waiting slots
431.0,eRickshaw_027,E7,parked,0.0,29.63,7200.0,HIGH,pa_8,Station pa_8,58.19,E7,E7_0,25.0,4,3,20.0,pa_3,Station pa_3,406.53,E1,E1_0,20.0,0,2,100.0,Station pa_8,Nearest with charging slots
431.0,eRickshaw_028,E1,parked,0.0,28.21,7200.0,HIGH,pa_3,Station pa_3,57.03,E1,E1_0,20.0,0,2,100.0,pa_3_rev,Station pa_3_rev,398.78,NEG_E1,NEG_E1_0,20.0,0,2,100.0,Station pa_3,Nearest with waiting slots
431.0,eRickshaw_033,E1,E1_0,13.89,37.18,7200.0,MEDIUM,pa_3_rev,Station pa_3_rev,112.88,NEG_E1,NEG_E1_0,20.0,0,2,100.0,pa_2,Station pa_2,130.25,E0,E0_0,20.0,0,1,100.0,Station pa_3_rev,Nearest with waiting slots
431.0,eVan_029,NEG_E3,NEG_E3_0,12.87,32.04,5760.0,MEDIUM,pa_8,Station pa_8,194.85,E7,E7_0,25.0,4,3,20.0,pa_3,Station pa_3,332.26,E1,E1_0,20.0,0,2,100.0,Station pa_8,Nearest with charging slots
433.0,easyBike_021,NEG_E3,NEG_E3_0,12.73,27.04,12000.0,HIGH,pa_3,Station pa_3,156.22,E1,E1_0,20.0,0,2,100.0,pa_8,Station pa_8,392.13,E7,E7_0,25.0,4,3,20.0,Station pa_8,2nd nearest has slots (nearest full)
433.0,eRickshaw_030,NEG_E7,NEG_E7_0,12.54,25.08,7200.0,HIGH,pa_8_rev,Station pa_8_rev,92.31,NEG_E7,NEG_E7_0,25.0,0,0,100.0,pa_7,Station pa_7,113.98,E6,E6_0,20.0,4,2,0.0,Station pa_7,2nd nearest has slots (nearest full)
433.0,eRickshaw_032,NEG_E8,NEG_E8_1,0.27,33.61,7200.0,MEDIUM,pa_8,Station pa_8,162.63,E7,E7_0,25.0,4,3,20.0,pa_3,Station pa_3,414.01,E1,E1_0,20.0,0,2,100.0,Station pa_8,Nearest with charging slots
434.0,easyBike_020,E10,E10_0,12.64,25.27,12000.0,HIGH,pa_3_rev,Station pa_3_rev,163.69,NEG_E1,NEG_E1_0,20.0,0,2,100.0,pa_2,Station pa_2,175.18,E0,E0_0,20.0,0,1,100.0,Station pa_3_rev,Nearest with waiting slots
436.0,easyBike_005,:Node2_1,:Node2_1_0,11.38,37.63,12000.0,MEDIUM,pa_2,Station pa_2,10.84,E0,E0_0,20.0,0,1,100.0,pa_3_rev,Station pa_3_rev,15.08,NEG_E1,NEG_E1_0,20.0,0,2,100.0,Station pa_2,Nearest with waiting slots
436.0,easyBike_006,NEG_E1,NEG_E1_0,11.45,36.52,12000.0,MEDIUM,pa_3,Station pa_3,145.37,E1,E1_0,20.0,0,2,100.0,pa_3_rev,Station pa_3_rev,310.46,NEG_E1,NEG_E1_0,20.0,0,2,100.0,Station pa_3,Nearest with waiting slots
436.0,easyBike_007,NEG_E5,NEG_E5_0,11.6,35.27,12000.0,MEDIUM,pa_6_rev,Station pa_6_rev,113.25,NEG_E5,NEG_E5_0,25.0,4,3,20.0,pa_6,Station pa_6,146.24,E5,E5_0,25.0,2,3,60.0,Station pa_6_rev,Nearest with charging slots
436.0,easyBike_017,E1,parked,0.0,23.58,12000.0,HIGH,pa_3,Station pa_3,67.26,E1,E1_0,20.0,0,2,100.0,pa_3_rev,Station pa_3_rev,388.54,NEG_E1,NEG_E1_0,20.0,0,2,100.0,Station pa_3,Nearest with waiting slots
436.0,easyBike_022,NEG_E7,parked,0.0,28.55,12000.0,HIGH,pa_8_rev,Station pa_8_rev,24.51,NEG_E7,NEG_E7_0,25.0,0,0,100.0,pa_7,Station pa_7,47.9,E6,E6_0,20.0,4,2,0.0,Station pa_7,2nd nearest has slots (nearest full)
436.0,easyBike_024,NEG_E7,parked,0.0,18.55,12000.0,CRITICAL,pa_8_rev,Station pa_8_rev,21.37,NEG_E7,NEG_E7_0,25.0,0,0,100.0,pa_7,Station pa_7,44.92,E6,E6_0,20.0,4,2,0.0,Station pa_7,2nd nearest has slots (nearest full)
436.0,easyBike_024,NEG_E8,NEG_E8_0,13.05,18.98,12000.0,CRITICAL,pa_8,Station pa_8,107.24,E7,E7_0,25.0,4,3,20.0,pa_3,Station pa_3,409.66,E1,E1_0,20.0,0,2,100.0,Station pa_8,Nearest with charging slots
436.0,easyBike_026,E0,parked,0.0,16.38,12000.0,CRITICAL,pa_2,Station pa_2,55.6,E0,E0_0,20.0,0,1,100.0,pa_3_rev,Station pa_3_rev,76.22,NEG_E1,NEG_E1_0,20.0,0,2,100.0,Station pa_2,Nearest with waiting slots
436.0,easyBike_028,E0,parked,0.0,13.88,12000.0,CRITICAL,pa_2,Station pa_2,52.92,E0,E0_0,20.0,0,1,100.0,pa_3_rev,Station pa_3_rev,73.57,NEG_E1,NEG_E1_0,20.0,0,2,100.0,Station pa_2,Nearest with waiting slots
436.0,easyBike_028,E0,E0_0,13.35,13.97,12000.0,CRITICAL,pa_2_rev,Station pa_2_rev,141.94,NEG_E0,NEG_E0_0,20.0,4,3,0.0,pa_2,Station pa_2,248.84,E0,E0_0,20.0,0,1,100.0,Station pa_2_rev,Nearest with charging slots
436.0,easyBike_030,NEG_E7,parked,0.0,13.52,12000.0,CRITICAL,pa_8_rev,Station pa_8_rev,18.24,NEG_E7,NEG_E7_0,25.0,0,0,100.0,pa_7,Station pa_7,41.96,E6,E6_0,20.0,4,2,0.0,Station pa_7,2nd nearest has slots (nearest full)
436.0,easyBike_032,NEG_E7,parked,0.0,16.83,12000.0,CRITICAL,pa_8_rev,Station pa_8_rev,12.05,NEG_E7,NEG_E7_0,25.0,0,0,100.0,pa_7,Station pa_7,36.16,E6,E6_0,20.0,4,2,0.0,Station pa_7,2nd nearest has slots (nearest full)
436.0,easyBike_034,E9,E9_0,13.89,33.86,12000.0,MEDIUM,pa_8,Station pa_8,39.53,E7,E7_0,25.0,4,3,20.0,pa_3,Station pa_3,368.87,E1,E1_0,20.0,0,2,100.0,Station pa_8,Nearest with charging slots
436.0,eRickshaw_031,NEG_E8,NEG_E8_0,12.25,24.68,7200.0,HIGH,pa_8,Station pa_8,121.85,E7,E7_0,25.0,4,3,20.0,pa_3,Station pa_3,410.91,E1,E1_0,20.0,0,2,100.0,Station pa_8,Nearest with charging slots
436.0,eVan_028,E0,E0_0,13.49,27.81,5760.0,HIGH,pa_2,Station pa_2,83.02,E0,E0_0,20.0,0,1,100.0,pa_3_rev,Station pa_3_rev,103.28,NEG_E1,NEG_E1_0,20.0,0,2,100.0,Station pa_2,Nearest with waiting slots
437.0,easyBike_032,NEG_E8,NEG_E8_0,11.3,17.16,12000.0,CRITICAL,pa_8,Station pa_8,30.28,E7,E7_0,25.0,4,3,20.0,pa_3,Station pa_3,411.9,E1,E1_0,20.0,0,2,100.0,Station pa_8,Nearest with charging slots
438.0,easyBike_013,NEG_E1,NEG_E1_0,12.08,28.01,12000.0,HIGH,pa_3_rev,Station pa_3_rev,106.05,NEG_E1,NEG_E1_0,20.0,0,2,100.0,pa_2,Station pa_2,124.36,E0,E0_0,20.0,0,1,100.0,Station pa_3_rev,Nearest with waiting slots
438.0,easyBike_024,NEG_E6,parked,0.0,18.34,12000.0,CRITICAL,pa_7_rev,Station pa_7_rev,30.27,NEG_E6,NEG_E6_0,20.0,0,0,100.0,pa_6,Station pa_6,33.7,E5,E5_0,25.0,2,3,60.0,Station pa_6,2nd nearest has slots (nearest full)
441.0,easyBike_029,NEG_E2,NEG_E2_1,0.0,12.34,12000.0,CRITICAL,pa_3,Station pa_3,20.21,E1,E1_0,20.0,0,2,100.0,pa_8,Station pa_8,402.28,E7,E7_0,25.0,4,3,20.0,Station pa_8,2nd nearest has slots (nearest full)
441.0,easyBike_031,NEG_E8,NEG_E8_0,0.0,15.58,12000.0,CRITICAL,pa_8,Station pa_8,23.42,E7,E7_0,25.0,4,3,20.0,pa_3,Station pa_3,411.21,E1,E1_0,20.0,0,2,100.0,Station pa_8,Nearest with charging slots
441.0,eRickshaw_026,E9,E9_0,11.63,33.14,7200.0,MEDIUM,pa_8,Station pa_8,95.2,E7,E7_0,25.0,4,3,20.0,pa_3,Station pa_3,311.45,E1,E1_0,20.0,0,2,100.0,Station pa_8,Nearest with charging slots
441.0,eRickshaw_030,NEG_E8,NEG_E8_0,12.67,25.65,7200.0,HIGH,pa_8,Station pa_8,48.51,E7,E7_0,25.0,4,3,20.0,pa_3,Station pa_3,409.97,E1,E1_0,20.0,0,2,100.0,Station pa_8,Nearest with charging slots
441.0,eRickshaw_032,NEG_E8,NEG_E8_0,0.0,33.27,7200.0,MEDIUM,pa_8,Station pa_8,24.28,E7,E7_0,25.0,4,3,20.0,pa_3,Station pa_3,413.09,E1,E1_0,20.0,0,2,100.0,Station pa_8,Nearest with charging slots
441.0,eVan_027,E6,E6_0,13.12,44.85,5760.0,MEDIUM,pa_7_rev,Station pa_7_rev,75.17,NEG_E6,NEG_E6_0,20.0,0,0,100.0,pa_6,Station pa_6,75.49,E5,E5_0,25.0,2,3,60.0,Station pa_6,2nd nearest has slots (nearest full)
442.0,easyBike_021,NEG_E1,parked,0.0,26.65,12000.0,HIGH,pa_3_rev,Station pa_3_rev,32.42,NEG_E1,NEG_E1_0,20.0,0,1,100.0,pa_2,Station pa_2,52.18,E0,E0_0,20.0,0,1,100.0,Station pa_3_rev,Nearest with waiting slots
443.0,easyBike_026,E1,E1_0,13.17,16.18,12000.0,CRITICAL,pa_3_rev,Station pa_3_rev,130.49,NEG_E1,NEG_E1_0,20.0,0,1,100.0,pa_2,Station pa_2,147.92,E0,E0_0,20.0,0,1,100.0,Station pa_3_rev,Nearest with waiting slots
443.0,eRickshaw_029,NEG_E2,NEG_E2_0,0.0,29.44,7200.0,HIGH,pa_3,Station pa_3,21.92,E1,E1_0,20.0,0,2,100.0,pa_8,Station pa_8,399.31,E7,E7_0,25.0,4,3,20.0,Station pa_8,2nd nearest has slots (nearest full)
448.0,easyBike_022,NEG_E8,NEG_E8_1,0.0,28.86,12000.0,HIGH,pa_8,Station pa_8,22.6,E7,E7_0,25.0,4,3,20.0,pa_3,Station pa_3,409.08,E1,E1_0,20.0,0,2,100.0,Station pa_8,Nearest with charging slots
448.0,eRickshaw_029,NEG_E3,NEG_E3_0,11.47,29.55,7200.0,HIGH,pa_3,Station pa_3,175.51,E1,E1_0,20.0,0,2,100.0,pa_8,Station pa_8,351.36,E7,E7_0,25.0,4,3,20.0,Station pa_8,2nd nearest has slots (nearest full)
451.0,easyBike_001,E3,E3_0,11.1,42.31,12000.0,MEDIUM,pa_3,Station pa_3,192.75,E1,E1_0,20.0,0,2,100.0,pa_8,Station pa_8,341.35,E7,E7_0,25.0,4,3,20.0,Station pa_8,2nd nearest has slots (nearest full)
451.0,easyBike_003,E7,E7_0,11.22,40.22,12000.0,MEDIUM,pa_8_rev,Station pa_8_rev,155.0,NEG_E7,NEG_E7_0,25.0,0,0,100.0,pa_7,Station pa_7,175.71,E6,E6_0,20.0,4,2,0.0,Station pa_7,2nd nearest has slots (nearest full)
451.0,easyBike_004,E10,E10_0,11.38,39.04,12000.0,MEDIUM,pa_7,Station pa_7,65.21,E6,E6_0,20.0,4,2,0.0,pa_8_rev,Station pa_8_rev,74.81,NEG_E7,NEG_E7_0,25.0,0,0,100.0,Station pa_7,Nearest with charging slots
451.0,easyBike_005,NEG_E3,NEG_E3_1,0.95,38.5,12000.0,MEDIUM,pa_8,Station pa_8,167.78,E7,E7_0,25.0,4,3,20.0,pa_3,Station pa_3,407.14,E1,E1_0,20.0,0,2,100.0,Station pa_8,Nearest with charging slots
451.0,easyBike_006,NEG_E8,NEG_E8_1,0.88,37.33,12000.0,MEDIUM,pa_8,Station pa_8,162.51,E7,E7_0,25.0,4,3,20.0,pa_3,Station pa_3,413.99,E1,E1_0,20.0,0,2,100.0,Station pa_8,Nearest with charging slots
451.0,easyBike_007,NEG_E8,NEG_E8_0,0.82,36.17,12000.0,MEDIUM,pa_8,Station pa_8,162.71,E7,E7_0,25.0,4,3,20.0,pa_3,Station pa_3,417.13,E1,E1_0,20.0,0,2,100.0,Station pa_8,Nearest with charging slots
451.0,easyBike_008,NEG_E10,NEG_E10_0,11.63,34.09,12000.0,MEDIUM,pa_3_rev,Station pa_3_rev,106.36,NEG_E1,NEG_E1_0,20.0,0,0,100.0,pa_2,Station pa_2,116.45,E0,E0_0,20.0,0,1,100.0,Station pa_3_rev,Nearest (all busy)
451.0,easyBike_009,E1,E1_0,11.78,36.27,12000.0,MEDIUM,pa_3_rev,Station pa_3_rev,37.31,NEG_E1,NEG_E1_0,20.0,0,0,100.0,pa_2,Station pa_2,54.16,E0,E0_0,20.0,0,1,100.0,Station pa_3_rev,Nearest (all busy)
451.0,easyBike_010,E1,E1_0,11.88,37.92,12000.0,MEDIUM,pa_3_rev,Station pa_3_rev,69.38,NEG_E1,NEG_E1_0,20.0,0,0,100.0,pa_2,Station pa_2,86.5,E0,E0_0,20.0,0,1,100.0,Station pa_3_rev,Nearest (all busy)
451.0,easyBike_011,E6,E6_0,11.85,39.59,12000.0,MEDIUM,pa_7_rev,Station pa_7_rev,85.34,NEG_E6,NEG_E6_0,20.0,0,0,100.0,pa_6,Station pa_6,85.75,E5,E5_0,25.0,2,3,60.0,Station pa_6,2nd nearest has slots (nearest full)
451.0,easyBike_013,NEG_E1,parked,0.0,28.02,12000.0,HIGH,pa_3_rev,Station pa_3_rev,41.88,NEG_E1,NEG_E1_0,20.0,0,0,100.0,pa_2,Station pa_2,61.34,E0,E0_0,20.0,0,1,100.0,Station pa_3_rev,Nearest (all busy)
451.0,easyBike_017,E0,E0_1,0.86,24.17,12000.0,HIGH,pa_2_rev,Station pa_2_rev,6.56,NEG_E0,NEG_E0_0,20.0,4,3,0.0,pa_6_rev,Station pa_6_rev,268.08,NEG_E5,NEG_E5_0,25.0,4,3,20.0,Station pa_2_rev,Nearest with charging slots
451.0,easyBike_019,E5,parked,0.0,23.89,12000.0,HIGH,pa_6,Station pa_6,49.94,E5,E5_0,25.0,2,3,60.0,pa_7_rev,Station pa_7_rev,57.45,NEG_E6,NEG_E6_0,20.0,0,0,100.0,Station pa_6,Nearest with charging slots
451.0,easyBike_023,NEG_E6,parked,0.0,29.99,12000.0,HIGH,pa_7_rev,Station pa_7_rev,35.26,NEG_E6,NEG_E6_0,20.0,0,0,100.0,pa_6,Station pa_6,38.37,E5,E5_0,25.0,2,3,60.0,Station pa_6,2nd nearest has slots (nearest full)
451.0,easyBike_023,NEG_E5,parked,0.0,29.85,12000.0,HIGH,pa_6_rev,Station pa_6_rev,35.04,NEG_E5,NEG_E5_0,25.0,4,3,20.0,pa_6,Station pa_6,224.66,E5,E5_0,25.0,2,3,60.0,Station pa_6_rev,Nearest with charging slots
451.0,easyBike_023,NEG_E8,NEG_E8_0,12.38,30.51,12000.0,MEDIUM,pa_8,Station pa_8,34.47,E7,E7_0,25.0,4,3,20.0,pa_3,Station pa_3,411.37,E1,E1_0,20.0,0,2,100.0,Station pa_8,Nearest with charging slots
451.0,easyBike_025,E1,E1_0,13.09,17.47,12000.0,CRITICAL,pa_3_rev,Station pa_3_rev,47.7,NEG_E1,NEG_E1_0,20.0,0,0,100.0,pa_2,Station pa_2,64.53,E0,E0_0,20.0,0,1,100.0,Station pa_3_rev,Nearest (all busy)
451.0,easyBike_027,E5,parked,0.0,15.13,12000.0,CRITICAL,pa_6,Station pa_6,53.26,E5,E5_0,25.0,2,3,60.0,pa_7_rev,Station pa_7_rev,60.72,NEG_E6,NEG_E6_0,20.0,0,0,100.0,Station pa_6,Nearest with charging slots
451.0,easyBike_027,E5,E5_0,11.46,15.09,12000.0,CRITICAL,pa_6,Station pa_6,81.63,E5,E5_0,25.0,2,3,60.0,pa_7_rev,Station pa_7_rev,88.56,NEG_E6,NEG_E6_0,20.0,0,0,100.0,Station pa_6,Nearest with charging slots
451.0,easyBike_029,NEG_E1,parked,0.0,12.03,12000.0,CRITICAL,pa_3_rev,Station pa_3_rev,37.15,NEG_E1,NEG_E1_0,20.0,0,0,100.0,pa_2,Station pa_2,56.75,E0,E0_0,20.0,0,1,100.0,Station pa_3_rev,Nearest (all busy)
451.0,easyBike_031,NEG_E7,parked,0.0,15.18,12000.0,CRITICAL,pa_8_rev,Station pa_8_rev,15.13,NEG_E7,NEG_E7_0,25.0,0,0,100.0,pa_7,Station pa_7,39.04,E6,E6_0,20.0,4,2,0.0,Station pa_7,2nd nearest has slots (nearest full)
451.0,easyBike_033,E1,parked,0.0,18.13,12000.0,CRITICAL,pa_3,Station pa_3,70.68,E1,E1_0,20.0,0,2,100.0,pa_3_rev,Station pa_3_rev,385.12,NEG_E1,NEG_E1_0,20.0,0,0,100.0,Station pa_3,Nearest with waiting slots
451.0,eRickshaw_031,NEG_E7,NEG_E7_0,11.65,23.83,7200.0,HIGH,pa_8_rev,Station pa_8_rev,26.95,NEG_E7,NEG_E7_0,25.0,0,0,100.0,pa_7,Station pa_7,49.52,E6,E6_0,20.0,4,2,0.0,Station pa_7,2nd nearest has slots (nearest full)
453.0,easyBike_002,E9,E9_0,11.17,41.15,12000.0,MEDIUM,pa_8,Station pa_8,170.01,E7,E7_0,25.0,4,3,20.0,pa_3,Station pa_3,236.21,E1,E1_0,20.0,0,2,100.0,Station pa_8,Nearest with charging slots
453.0,easyBike_012,E10,E10_0,11.94,41.0,12000.0,MEDIUM,pa_7,Station pa_7,46.72,E6,E6_0,20.0,4,2,0.0,pa_8_rev,Station pa_8_rev,55.65,NEG_E7,NEG_E7_0,25.0,0,0,100.0,Station pa_7,Nearest with charging slots
453.0,easyBike_015,NEG_E7,parked,0.0,25.87,12000.0,HIGH,pa_8_rev,Station pa_8_rev,27.65,NEG_E7,NEG_E7_0,25.0,0,0,100.0,pa_7,Station pa_7,50.91,E6,E6_0,20.0,4,2,0.0,Station pa_7,2nd nearest has slots (nearest full)
453.0,easyBike_019,E7,E7_0,12.51,23.47,12000.0,HIGH,pa_8_rev,Station pa_8_rev,164.9,NEG_E7,NEG_E7_0,25.0,0,0,100.0,pa_7,Station pa_7,185.74,E6,E6_0,20.0,4,2,0.0,Station pa_7,2nd nearest has slots (nearest full)
453.0,easyBike_021,NEG_E1,parked,0.0,26.66,12000.0,HIGH,pa_3_rev,Station pa_3_rev,46.61,NEG_E1,NEG_E1_0,20.0,0,0,100.0,pa_2,Station pa_2,65.96,E0,E0_0,20.0,0,1,100.0,Station pa_3_rev,Nearest (all busy)
454.0,eVan_031,NEG_E8,NEG_E8_1,0.43,29.34,5760.0,HIGH,pa_8,Station pa_8,162.59,E7,E7_0,25.0,4,3,20.0,pa_3,Station pa_3,414.0,E1,E1_0,20.0,0,2,100.0,Station pa_8,Nearest with charging slots
455.0,eRickshaw_029,NEG_E3,NEG_E3_0,0.19,30.14,7200.0,MEDIUM,pa_8,Station pa_8,164.59,E7,E7_0,25.0,4,3,20.0,pa_3,Station pa_3,406.15,E1,E1_0,20.0,0,2,100.0,Station pa_8,Nearest with charging slots
456.0,easyBike_014,NEG_E7,parked,0.0,27.05,12000.0,HIGH,pa_8_rev,Station pa_8_rev,33.96,NEG_E7,NEG_E7_0,25.0,0,0,100.0,pa_7,Station pa_7,56.98,E6,E6_0,20.0,4,2,0.0,Station pa_7,2nd nearest has slots (nearest full)
456.0,easyBike_017,E1,E1_0,12.46,23.5,12000.0,HIGH,pa_3,Station pa_3,32.07,E1,E1_0,20.0,0,2,100.0,pa_8,Station pa_8,407.01,E7,E7_0,25.0,4,3,20.0,Station pa_8,2nd nearest has slots (nearest full)
456.0,easyBike_018,E1,parked,0.0,22.41,12000.0,HIGH,pa_3,Station pa_3,63.85,E1,E1_0,20.0,0,2,100.0,pa_3_rev,Station pa_3_rev,391.95,NEG_E1,NEG_E1_0,20.0,0,0,100.0,Station pa_3,Nearest with waiting slots
456.0,easyBike_030,NEG_E7,NEG_E7_0,13.54,13.5,12000.0,CRITICAL,pa_8_rev,Station pa_8_rev,88.31,NEG_E7,NEG_E7_0,25.0,0,0,100.0,pa_7,Station pa_7,110.0,E6,E6_0,20.0,4,2,0.0,Station pa_7,2nd nearest has slots (nearest full)
456.0,eRickshaw_026,E0,E0_0,12.79,34.53,7200.0,MEDIUM,pa_2_rev,Station pa_2_rev,102.57,NEG_E0,NEG_E0_0,20.0,4,3,0.0,pa_6_rev,Station pa_6_rev,287.28,NEG_E5,NEG_E5_0,25.0,4,3,20.0,Station pa_2_rev,Nearest with charging slots
456.0,eVan_030,NEG_E8,NEG_E8_0,11.65,46.2,5760.0,MEDIUM,pa_8,Station pa_8,115.96,E7,E7_0,25.0,4,3,20.0,pa_3,Station pa_3,410.35,E1,E1_0,20.0,0,2,100.0,Station pa_8,Nearest with charging slots
457.0,easyBike_022,NEG_E7,parked,0.0,28.51,12000.0,HIGH,pa_8_rev,Station pa_8_rev,9.04,NEG_E7,NEG_E7_0,25.0,0,0,100.0,pa_7,Station pa_7,33.33,E6,E6_0,20.0,4,2,0.0,Station pa_7,2nd nearest has slots (nearest full)
458.0,easyBike_014,NEG_E6,NEG_E6_1,12.16,26.92,12000.0,HIGH,pa_7,Station pa_7,73.89,E6,E6_0,20.0,4,2,0.0,pa_8_rev,Station pa_8_rev,97.06,NEG_E7,NEG_E7_0,25.0,0,0,100.0,Station pa_7,Nearest with charging slots
458.0,easyBike_015,NEG_E6,NEG_E6_0,12.28,25.74,12000.0,HIGH,pa_7,Station pa_7,77.56,E6,E6_0,20.0,4,2,0.0,pa_8_rev,Station pa_8_rev,100.44,NEG_E7,NEG_E7_0,25.0,0,0,100.0,Station pa_7,Nearest with charging slots
458.0,easyBike_016,NEG_E7,parked,0.0,24.7,12000.0,HIGH,pa_8_rev,Station pa_8_rev,30.8,NEG_E7,NEG_E7_0,25.0,0,0,100.0,pa_7,Station pa_7,53.94,E6,E6_0,20.0,4,2,0.0,Station pa_7,2nd nearest has slots (nearest full)
458.0,easyBike_020,E1,parked,0.0,25.23,12000.0,HIGH,pa_3,Station pa_3,60.44,E1,E1_0,20.0,0,2,100.0,pa_3_rev,Station pa_3_rev,395.37,NEG_E1,NEG_E1_0,20.0,0,0,100.0,Station pa_3,Nearest with waiting slots
458.0,easyBike_025,E1,E1_0,13.08,17.28,12000.0,CRITICAL,pa_3,Station pa_3,107.99,E1,E1_0,20.0,0,2,100.0,pa_3_rev,Station pa_3_rev,347.65,NEG_E1,NEG_E1_0,20.0,0,0,100.0,Station pa_3,Nearest with waiting slots
460.0,easyBike_016,NEG_E6,NEG_E6_0,12.31,24.55,12000.0,HIGH,pa_7,Station pa_7,98.2,E6,E6_0,20.0,4,2,0.0,pa_8_rev,Station pa_8_rev,121.2,NEG_E7,NEG_E7_0,25.0,0,0,100.0,Station pa_7,Nearest with charging slots
461.0,easyBike_018,E10,E10_0,12.46,22.3,12000.0,HIGH,pa_7,Station pa_7,71.66,E6,E6_0,20.0,4,2,0.0,pa_8_rev,Station pa_8_rev,81.42,NEG_E7,NEG_E7_0,25.0,0,0,100.0,Station pa_7,Nearest with charging slots
461.0,eRickshaw_027,E7,parked,0.0,29.63,7200.0,HIGH,pa_8,Station pa_8,58.19,E7,E7_0,25.0,4,3,20.0,pa_3,Station pa_3,406.53,E1,E1_0,20.0,0,2,100.0,Station pa_8,Nearest with charging slots
461.0,eRickshaw_028,E1,parked,0.0,28.21,7200.0,HIGH,pa_3,Station pa_3,57.03,E1,E1_0,20.0,0,2,100.0,pa_3_rev,Station pa_3_rev,398.78,NEG_E1,NEG_E1_0,20.0,0,0,100.0,Station pa_3,Nearest with waiting slots
461.0,eRickshaw_033,E1,E1_0,12.73,36.87,7200.0,MEDIUM,pa_3,Station pa_3,106.21,E1,E1_0,20.0,0,2,100.0,pa_3_rev,Station pa_3_rev,349.43,NEG_E1,NEG_E1_0,20.0,0,0,100.0,Station pa_3,Nearest with waiting slots
461.0,eVan_029,NEG_E3,NEG_E3_0,12.9,31.59,5760.0,MEDIUM,pa_3,Station pa_3,230.04,E1,E1_0,20.0,0,2,100.0,pa_8,Station pa_8,280.98,E7,E7_0,25.0,4,3,20.0,Station pa_8,2nd nearest has slots (nearest full)
463.0,easyBike_021,NEG_E2,NEG_E2_0,9.86,26.93,12000.0,HIGH,pa_3,Station pa_3,72.88,E1,E1_0,20.0,0,2,100.0,pa_8,Station pa_8,423.08,E7,E7_0,25.0,4,3,20.0,Station pa_8,2nd nearest has slots (nearest full)
463.0,eRickshaw_030,NEG_E6,NEG_E6_0,12.53,24.82,7200.0,HIGH,pa_7,Station pa_7,89.77,E6,E6_0,20.0,4,2,0.0,pa_8_rev,Station pa_8_rev,112.73,NEG_E7,NEG_E7_0,25.0,0,0,100.0,Station pa_7,Nearest with charging slots
463.0,eRickshaw_032,NEG_E8,NEG_E8_0,12.14,33.43,7200.0,MEDIUM,pa_8,Station pa_8,121.85,E7,E7_0,25.0,4,3,20.0,pa_3,Station pa_3,410.91,E1,E1_0,20.0,0,2,100.0,Station pa_8,Nearest with charging slots
464.0,easyBike_020,E10,E10_0,12.69,25.14,12000.0,HIGH,pa_7,Station pa_7,68.54,E6,E6_0,20.0,4,2,0.0,pa_8_rev,Station pa_8_rev,78.23,NEG_E7,NEG_E7_0,25.0,0,0,100.0,Station pa_7,Nearest with charging slots
466.0,easyBike_005,NEG_E0,NEG_E0_0,11.39,37.52,12000.0,MEDIUM,pa_2,Station pa_2,154.44,E0,E0_0,20.0,0,1,100.0,pa_3_rev,Station pa_3_rev,174.17,NEG_E1,NEG_E1_0,20.0,0,0,100.0,Station pa_2,Nearest with waiting slots
466.0,easyBike_006,NEG_E1,NEG_E1_0,11.49,36.41,12000.0,MEDIUM,pa_3_rev,Station pa_3_rev,114.84,NEG_E1,NEG_E1_0,20.0,0,0,100.0,pa_2,Station pa_2,133.12,E0,E0_0,20.0,0,1,100.0,Station pa_3_rev,Nearest (all busy)
466.0,easyBike_007,NEG_E4,NEG_E4_0,11.54,35.14,12000.0,MEDIUM,pa_2_rev,Station pa_2_rev,130.2,NEG_E0,NEG_E0_0,20.0,4,3,0.0,pa_6_rev,Station pa_6_rev,131.97,NEG_E5,NEG_E5_0,25.0,4,3,20.0,Station pa_2_rev,Nearest with charging slots
466.0,easyBike_017,E1,parked,0.0,23.58,12000.0,HIGH,pa_3,Station pa_3,67.26,E1,E1_0,20.0,0,1,100.0,pa_3_rev,Station pa_3_rev,388.54,NEG_E1,NEG_E1_0,20.0,0,0,100.0,Station pa_3,Nearest with waiting slots
466.0,easyBike_022,NEG_E7,parked,0.0,28.55,12000.0,HIGH,pa_8_rev,Station pa_8_rev,24.51,NEG_E7,NEG_E7_0,25.0,0,0,100.0,pa_7,Station pa_7,47.9,E6,E6_0,20.0,4,2,0.0,Station pa_7,2nd nearest has slots (nearest full)
466.0,easyBike_024,NEG_E7,parked,0.0,18.55,12000.0,CRITICAL,pa_8_rev,Station pa_8_rev,21.37,NEG_E7,NEG_E7_0,25.0,0,0,100.0,pa_7,Station pa_7,44.92,E6,E6_0,20.0,4,2,0.0,Station pa_7,2nd nearest has slots (nearest full)
466.0,easyBike_024,NEG_E8,NEG_E8_0,13.09,18.83,12000.0,CRITICAL,pa_8,Station pa_8,34.55,E7,E7_0,25.0,4,3,20.0,pa_3,Station pa_3,411.36,E1,E1_0,20.0,0,1,100.0,Station pa_8,Nearest with charging slots
466.0,easyBike_026,E10,E10_1,10.45,16.24,12000.0,CRITICAL,pa_3_rev,Station pa_3_rev,23.84,NEG_E1,NEG_E1_0,20.0,0,0,100.0,pa_2,Station pa_2,34.65,E0,E0_0,20.0,0,1,100.0,Station pa_3_rev,Nearest (all busy)
466.0,easyBike_028,E0,parked,0.0,13.88,12000.0,CRITICAL,pa_2,Station pa_2,52.92,E0,E0_0,20.0,0,1,100.0,pa_3_rev,Station pa_3_rev,73.57,NEG_E1,NEG_E1_0,20.0,0,0,100.0,Station pa_2,Nearest with waiting slots
466.0,easyBike_028,E0,E0_0,13.31,13.82,12000.0,CRITICAL,pa_2,Station pa_2,64.85,E0,E0_0,20.0,0,1,100.0,pa_3_rev,Station pa_3_rev,85.16,NEG_E1,NEG_E1_0,20.0,0,0,100.0,Station pa_2,Nearest with waiting slots
466.0,easyBike_030,NEG_E7,parked,0.0,13.52,12000.0,CRITICAL,pa_8_rev,Station pa_8_rev,18.24,NEG_E7,NEG_E7_0,25.0,0,0,100.0,pa_7,Station pa_7,41.96,E6,E6_0,20.0,4,2,0.0,Station pa_7,2nd nearest has slots (nearest full)
466.0,easyBike_032,NEG_E7,parked,0.0,16.83,12000.0,CRITICAL,pa_8_rev,Station pa_8_rev,12.05,NEG_E7,NEG_E7_0,25.0,0,0,100.0,pa_7,Station pa_7,36.16,E6,E6_0,20.0,4,2,0.0,Station pa_7,2nd nearest has slots (nearest full)
466.0,easyBike_034,E8,E8_0,13.84,33.68,12000.0,MEDIUM,pa_8,Station pa_8,76.92,E7,E7_0,25.0,4,3,20.0,pa_3,Station pa_3,399.14,E1,E1_0,20.0,0,1,100.0,Station pa_8,Nearest with charging slots
466.0,eRickshaw_031,NEG_E8,NEG_E8_0,12.23,24.44,7200.0,HIGH,pa_8,Station pa_8,53.15,E7,E7_0,25.0,4,3,20.0,pa_3,Station pa_3,409.63,E1,E1_0,20.0,0,1,100.0,Station pa_8,Nearest with charging slots
466.0,eVan_028,E1,E1_0,13.49,27.3,5760.0,HIGH,pa_3_rev,Station pa_3_rev,117.3,NEG_E1,NEG_E1_0,20.0,0,0,100.0,pa_2,Station pa_2,134.69,E0,E0_0,20.0,0,1,100.0,Station pa_3_rev,Nearest (all busy)
467.0,easyBike_032,NEG_E7,NEG_E7_0,9.43,17.13,12000.0,CRITICAL,pa_8,Station pa_8,23.6,E7,E7_0,25.0,4,3,20.0,pa_3,Station pa_3,413.89,E1,E1_0,20.0,0,1,100.0,Station pa_8,Nearest with charging slots
468.0,easyBike_013,NEG_E1,parked,0.0,28.02,12000.0,HIGH,pa_3_rev,Station pa_3_rev,27.71,NEG_E1,NEG_E1_0,20.0,0,0,100.0,pa_2,Station pa_2,47.65,E0,E0_0,20.0,0,1,100.0,Station pa_3_rev,Nearest (all busy)
468.0,easyBike_024,NEG_E6,parked,0.0,18.34,12000.0,CRITICAL,pa_7_rev,Station pa_7_rev,30.27,NEG_E6,NEG_E6_0,20.0,0,0,100.0,pa_6,Station pa_6,33.7,E5,E5_0,25.0,1,3,80.0,Station pa_6,2nd nearest has slots (nearest full)
471.0,easyBike_029,NEG_E1,NEG_E1_0,13.46,12.19,12000.0,CRITICAL,pa_3,Station pa_3,88.42,E1,E1_0,20.0,0,1,100.0,pa_3_rev,Station pa_3_rev,367.62,NEG_E1,NEG_E1_0,20.0,0,0,100.0,Station pa_3,Nearest with waiting slots
471.0,easyBike_031,NEG_E7,NEG_E7_0,10.83,15.47,12000.0,CRITICAL,pa_8,Station pa_8,71.5,E7,E7_0,25.0,4,3,20.0,pa_8_rev,Station pa_8_rev,404.53,NEG_E7,NEG_E7_0,25.0,0,0,100.0,Station pa_8,Nearest with charging slots
471.0,eRickshaw_026,E9,E9_0,0.0,33.04,7200.0,MEDIUM,pa_8,Station pa_8,16.93,E7,E7_0,25.0,4,3,20.0,pa_3,Station pa_3,397.89,E1,E1_0,20.0,0,1,100.0,Station pa_8,Nearest with charging slots
471.0,eRickshaw_030,NEG_E7,NEG_E7_1,11.83,25.5,7200.0,HIGH,pa_8,Station pa_8,55.13,E7,E7_0,25.0,4,3,20.0,pa_3,Station pa_3,415.54,E1,E1_0,20.0,0,1,100.0,Station pa_8,Nearest with charging slots
471.0,eRickshaw_032,NEG_E7,NEG_E7_0,9.2,33.19,7200.0,MEDIUM,pa_8,Station pa_8,45.15,E7,E7_0,25.0,4,3,20.0,pa_3,Station pa_3,417.65,E1,E1_0,20.0,0,1,100.0,Station pa_8,Nearest with charging slots
471.0,eVan_027,E7,E7_0,12.28,44.39,5760.0,MEDIUM,pa_8_rev,Station pa_8_rev,12.27,NEG_E7,NEG_E7_0,25.0,0,0,100.0,pa_7,Station pa_7,30.43,E6,E6_0,20.0,4,2,0.0,Station pa_7,2nd nearest has slots (nearest full)
472.0,easyBike_021,NEG_E1,parked,0.0,26.65,12000.0,HIGH,pa_3_rev,Station pa_3_rev,32.42,NEG_E1,NEG_E1_0,20.0,0,0,100.0,pa_2,Station pa_2,52.18,E0,E0_0,20.0,0,1,100.0,Station pa_3_rev,Nearest (all busy)
473.0,easyBike_026,E1,E1_0,13.08,16.03,12000.0,CRITICAL,pa_3,Station pa_3,100.73,E1,E1_0,20.0,0,1,100.0,pa_3_rev,Station pa_3_rev,354.92,NEG_E1,NEG_E1_0,20.0,0,0,100.0,Station pa_3,Nearest with waiting slots
473.0,eRickshaw_029,NEG_E1,NEG_E1_0,9.82,29.35,7200.0,HIGH,pa_3,Station pa_3,62.22,E1,E1_0,20.0,0,1,100.0,pa_3_rev,Station pa_3_rev,394.05,NEG_E1,NEG_E1_0,20.0,0,0,100.0,Station pa_3,Nearest with waiting slots
476.0,eVan_032,NEG_E8,NEG_E8_1,0.61,34.77,5760.0,MEDIUM,pa_8,Station pa_8,162.56,E7,E7_0,25.0,4,3,20.0,pa_3,Station pa_3,414.0,E1,E1_0,20.0,0,1,100.0,Station pa_8,Nearest with charging slots
478.0,easyBike_022,NEG_E7,NEG_E7_0,12.89,28.69,12000.0,HIGH,pa_8,Station pa_8,123.61,E7,E7_0,25.0,4,3,20.0,pa_8_rev,Station pa_8_rev,352.14,NEG_E7,NEG_E7_0,25.0,0,0,100.0,Station pa_8,Nearest with charging slots
478.0,eRickshaw_027,E4,E4_0,0.4,30.86,7200.0,MEDIUM,pa_2_rev,Station pa_2_rev,3.47,NEG_E0,NEG_E0_0,20.0,4,3,0.0,pa_6_rev,Station pa_6_rev,258.64,NEG_E5,NEG_E5_0,25.0,4,3,20.0,Station pa_2_rev,Nearest with charging slots
478.0,eRickshaw_029,NEG_E3,NEG_E3_0,11.45,29.35,7200.0,HIGH,pa_3,Station pa_3,149.45,E1,E1_0,20.0,0,1,100.0,pa_8,Station pa_8,450.18,E7,E7_0,25.0,4,3,20.0,Station pa_8,2nd nearest has slots (nearest full)
481.0,easyBike_001,E3,E3_0,11.04,42.2,12000.0,MEDIUM,pa_8,Station pa_8,256.63,E7,E7_0,25.0,4,3,20.0,pa_3,Station pa_3,266.47,E1,E1_0,20.0,0,0,100.0,Station pa_8,Nearest with charging slots
481.0,easyBike_001,E0,E0_1,0.82,43.17,12000.0,MEDIUM,pa_2_rev,Station pa_2_rev,6.56,NEG_E0,NEG_E0_0,20.0,4,3,0.0,pa_6_rev,Station pa_6_rev,268.08,NEG_E5,NEG_E5_0,25.0,4,3,20.0,Station pa_2_rev,Nearest with charging slots
481.0,easyBike_003,E7,E7_0,11.22,40.1,12000.0,MEDIUM,pa_8,Station pa_8,142.34,E7,E7_0,25.0,4,3,20.0,pa_8_rev,Station pa_8_rev,333.18,NEG_E7,NEG_E7_0,25.0,0,0,100.0,Station pa_8,Nearest with charging slots
481.0,easyBike_004,E7,E7_0,11.31,38.91,12000.0,MEDIUM,pa_8_rev,Station pa_8_rev,86.21,NEG_E7,NEG_E7_0,25.0,0,0,100.0,pa_7,Station pa_7,106.7,E6,E6_0,20.0,4,2,0.0,Station pa_7,2nd nearest has slots (nearest full)
481.0,easyBike_005,NEG_E3,NEG_E3_0,11.39,38.35,12000.0,MEDIUM,pa_8,Station pa_8,195.8,E7,E7_0,25.0,4,3,20.0,pa_3,Station pa_3,330.74,E1,E1_0,20.0,0,0,100.0,Station pa_8,Nearest with charging slots
481.0,easyBike_006,NEG_E8,NEG_E8_1,11.44,37.19,12000.0,MEDIUM,pa_8,Station pa_8,112.81,E7,E7_0,25.0,4,3,20.0,pa_3,Station pa_3,406.91,E1,E1_0,20.0,0,0,100.0,Station pa_8,Nearest with charging slots
481.0,easyBike_007,NEG_E8,NEG_E8_0,11.56,36.02,12000.0,MEDIUM,pa_8,Station pa_8,112.31,E7,E7_0,25.0,4,3,20.0,pa_3,Station pa_3,410.04,E1,E1_0,20.0,0,0,100.0,Station pa_8,Nearest with charging slots
481.0,easyBike_008,NEG_E0,NEG_E0_1,11.67,33.96,12000.0,MEDIUM,pa_2,Station pa_2,38.94,E0,E0_0,20.0,0,1,100.0,pa_3_rev,Station pa_3_rev,58.28,NEG_E1,NEG_E1_0,20.0,0,0,100.0,Station pa_2,Nearest with waiting slots
481.0,easyBike_008,NEG_E8,NEG_E8_1,0.84,35.0,12000.0,MEDIUM,pa_8,Station pa_8,162.52,E7,E7_0,25.0,4,3,20.0,pa_3,Station pa_3,413.99,E1,E1_0,20.0,0,0,100.0,Station pa_8,Nearest with charging slots
481.0,easyBike_009,E1,E1_0,11.77,36.14,12000.0,MEDIUM,pa_3,Station pa_3,218.43,E1,E1_0,20.0,0,0,100.0,pa_3_rev,Station pa_3_rev,237.28,NEG_E1,NEG_E1_0,20.0,0,0,100.0,Station pa_3,Nearest (all busy)
481.0,easyBike_010,E1,E1_0,11.82,37.8,12000.0,MEDIUM,pa_3,Station pa_3,184.34,E1,E1_0,20.0,0,0,100.0,pa_3_rev,Station pa_3_rev,271.34,NEG_E1,NEG_E1_0,20.0,0,0,100.0,Station pa_3,Nearest (all busy)
481.0,easyBike_011,E7,E7_0,11.88,39.46,12000.0,MEDIUM,pa_8_rev,Station pa_8_rev,9.73,NEG_E7,NEG_E7_0,25.0,0,0,100.0,pa_7,Station pa_7,22.73,E6,E6_0,20.0,4,2,0.0,Station pa_7,2nd nearest has slots (nearest full)
481.0,easyBike_013,NEG_E1,parked,0.0,28.02,12000.0,HIGH,pa_3_rev,Station pa_3_rev,41.88,NEG_E1,NEG_E1_0,20.0,0,0,100.0,pa_2,Station pa_2,61.34,E0,E0_0,20.0,0,1,100.0,Station pa_3_rev,Nearest (all busy)
481.0,easyBike_017,E0,E0_0,12.46,24.0,12000.0,HIGH,pa_2_rev,Station pa_2_rev,131.9,NEG_E0,NEG_E0_0,20.0,4,3,0.0,pa_2,Station pa_2,258.9,E0,E0_0,20.0,0,1,100.0,Station pa_2_rev,Nearest with charging slots
481.0,easyBike_019,E5,parked,0.0,23.89,12000.0,HIGH,pa_6,Station pa_6,49.94,E5,E5_0,25.0,1,3,80.0,pa_7_rev,Station pa_7_rev,57.45,NEG_E6,NEG_E6_0,20.0,0,0,100.0,Station pa_6,Nearest with charging slots
481.0,easyBike_019,E4,E4_1,1.0,24.17,12000.0,HIGH,pa_2_rev,Station pa_2_rev,5.91,NEG_E0,NEG_E0_0,20.0,4,3,0.0,pa_6_rev,Station pa_6_rev,258.3,NEG_E5,NEG_E5_0,25.0,4,3,20.0,Station pa_2_rev,Nearest with charging slots
481.0,easyBike_023,NEG_E6,parked,0.0,29.99,12000.0,HIGH,pa_7_rev,Station pa_7_rev,35.26,NEG_E6,NEG_E6_0,20.0,0,0,100.0,pa_6,Station pa_6,38.37,E5,E5_0,25.0,1,3,80.0,Station pa_6,2nd nearest has slots (nearest full)
481.0,easyBike_023,NEG_E5,parked,0.0,29.85,12000.0,HIGH,pa_6_rev,Station pa_6_rev,35.04,NEG_E5,NEG_E5_0,25.0,4,3,20.0,pa_6,Station pa_6,224.66,E5,E5_0,25.0,1,3,80.0,Station pa_6_rev,Nearest with charging slots
481.0,easyBike_023,NEG_E7,NEG_E7_1,12.64,30.38,12000.0,MEDIUM,pa_8,Station pa_8,113.52,E7,E7_0,25.0,4,3,20.0,pa_8_rev,Station pa_8_rev,362.05,NEG_E7,NEG_E7_0,25.0,0,0,100.0,Station pa_8,Nearest with charging slots
481.0,easyBike_025,E1,E1_0,13.01,17.32,12000.0,CRITICAL,pa_3,Station pa_3,188.64,E1,E1_0,20.0,0,0,100.0,pa_3_rev,Station pa_3_rev,267.01,NEG_E1,NEG_E1_0,20.0,0,0,100.0,Station pa_3,Nearest (all busy)
481.0,easyBike_027,E6,E6_0,13.25,14.98,12000.0,CRITICAL,pa_7_rev,Station pa_7_rev,66.79,NEG_E6,NEG_E6_0,20.0,0,0,100.0,pa_6,Station pa_6,67.04,E5,E5_0,25.0,1,3,80.0,Station pa_6,2nd nearest has slots (nearest full)
481.0,easyBike_027,E5,parked,0.0,15.13,12000.0,CRITICAL,pa_6,Station pa_6,56.58,E5,E5_0,25.0,1,3,80.0,pa_7_rev,Station pa_7_rev,64.0,NEG_E6,NEG_E6_0,20.0,0,0,100.0,Station pa_6,Nearest with charging slots
481.0,easyBike_029,NEG_E1,parked,0.0,12.03,12000.0,CRITICAL,pa_3_rev,Station pa_3_rev,37.15,NEG_E1,NEG_E1_0,20.0,0,0,100.0,pa_2,Station pa_2,56.75,E0,E0_0,20.0,0,1,100.0,Station pa_3_rev,Nearest (all busy)
481.0,easyBike_031,NEG_E7,parked,0.0,15.18,12000.0,CRITICAL,pa_8_rev,Station pa_8_rev,15.13,NEG_E7,NEG_E7_0,25.0,0,0,100.0,pa_7,Station pa_7,39.04,E6,E6_0,20.0,4,2,0.0,Station pa_7,2nd nearest has slots (nearest full)
481.0,easyBike_033,E1,parked,0.0,18.13,12000.0,CRITICAL,pa_3,Station pa_3,70.68,E1,E1_0,20.0,0,0,100.0,pa_3_rev,Station pa_3_rev,385.12,NEG_E1,NEG_E1_0,20.0,0,0,100.0,Station pa_3,Nearest (all busy)
481.0,eRickshaw_031,NEG_E6,NEG_E6_0,11.66,23.62,7200.0,HIGH,pa_7_rev,Station pa_7_rev,112.9,NEG_E6,NEG_E6_0,20.0,0,0,100.0,pa_6,Station pa_6,114.27,E5,E5_0,25.0,1,3,80.0,Station pa_6,2nd nearest has slots (nearest full)
483.0,easyBike_002,E9,E9_0,11.16,41.03,12000.0,MEDIUM,pa_8,Station pa_8,43.96,E7,E7_0,25.0,4,3,20.0,pa_3,Station pa_3,364.13,E1,E1_0,20.0,0,0,100.0,Station pa_8,Nearest with charging slots
483.0,easyBike_002,E0,E0_1,0.11,42.0,12000.0,MEDIUM,pa_2_rev,Station pa_2_rev,6.52,NEG_E0,NEG_E0_0,20.0,4,3,0.0,pa_6_rev,Station pa_6_rev,268.09,NEG_E5,NEG_E5_0,25.0,4,3,20.0,Station pa_2_rev,Nearest with charging slots
483.0,easyBike_012,E7,E7_0,11.97,40.85,12000.0,MEDIUM,pa_8_rev,Station pa_8_rev,117.06,NEG_E7,NEG_E7_0,25.0,0,0,100.0,pa_7,Station pa_7,137.69,E6,E6_0,20.0,4,2,0.0,Station pa_7,2nd nearest has slots (nearest full)
483.0,easyBike_015,NEG_E7,NEG_E7_0,2.32,25.87,12000.0,HIGH,pa_8_rev,Station pa_8_rev,29.92,NEG_E7,NEG_E7_0,25.0,0,0,100.0,pa_7,Station pa_7,52.4,E6,E6_0,20.0,4,2,0.0,Station pa_7,2nd nearest has slots (nearest full)
483.0,easyBike_019,E7,E7_0,12.58,23.33,12000.0,HIGH,pa_8,Station pa_8,111.8,E7,E7_0,25.0,4,3,20.0,pa_8_rev,Station pa_8_rev,363.71,NEG_E7,NEG_E7_0,25.0,0,0,100.0,Station pa_8,Nearest with charging slots
483.0,easyBike_021,NEG_E1,parked,0.0,26.66,12000.0,HIGH,pa_3_rev,Station pa_3_rev,46.61,NEG_E1,NEG_E1_0,20.0,0,0,100.0,pa_2,Station pa_2,65.96,E0,E0_0,20.0,0,1,100.0,Station pa_3_rev,Nearest (all busy)
483.0,eRickshaw_030,NEG_E8,NEG_E8_1,0.07,26.11,7200.0,HIGH,pa_8,Station pa_8,162.64,E7,E7_0,25.0,4,3,20.0,pa_3,Station pa_3,414.01,E1,E1_0,20.0,0,0,100.0,Station pa_8,Nearest with charging slots
484.0,eVan_031,NEG_E8,NEG_E8_0,10.9,29.1,5760.0,HIGH,pa_8,Station pa_8,118.67,E7,E7_0,25.0,4,3,20.0,pa_3,Station pa_3,410.6,E1,E1_0,20.0,0,0,100.0,Station pa_8,Nearest with charging slots
485.0,eRickshaw_029,NEG_E3,NEG_E3_0,13.37,29.94,7200.0,HIGH,pa_8,Station pa_8,188.14,E7,E7_0,25.0,4,3,20.0,pa_3,Station pa_3,343.63,E1,E1_0,20.0,0,0,100.0,Station pa_8,Nearest with charging slots
486.0,easyBike_014,:Node7_8,:Node7_8_0,6.29,27.0,12000.0,HIGH,pa_8_rev,Station pa_8_rev,10.44,NEG_E7,NEG_E7_0,25.0,0,0,100.0,pa_7,Station pa_7,14.02,E6,E6_0,20.0,4,2,0.0,Station pa_7,2nd nearest has slots (nearest full)
486.0,easyBike_017,E3,E3_0,12.42,23.34,12000.0,HIGH,pa_3,Station pa_3,159.51,E1,E1_0,20.0,0,0,100.0,pa_8,Station pa_8,421.81,E7,E7_0,25.0,4,3,20.0,Station pa_8,2nd nearest has slots (nearest full)
486.0,easyBike_018,E1,parked,0.0,22.41,12000.0,HIGH,pa_3,Station pa_3,63.85,E1,E1_0,20.0,0,0,100.0,pa_3_rev,Station pa_3_rev,391.95,NEG_E1,NEG_E1_0,20.0,0,0,100.0,Station pa_3,Nearest (all busy)
486.0,easyBike_018,E0,E0_1,0.33,23.0,12000.0,HIGH,pa_2_rev,Station pa_2_rev,6.52,NEG_E0,NEG_E0_0,20.0,4,3,0.0,pa_6_rev,Station pa_6_rev,268.09,NEG_E5,NEG_E5_0,25.0,4,3,20.0,Station pa_2_rev,Nearest with charging slots
486.0,easyBike_030,NEG_E6,NEG_E6_0,13.51,13.34,12000.0,CRITICAL,pa_7,Station pa_7,108.84,E6,E6_0,20.0,4,2,0.0,pa_8_rev,Station pa_8_rev,131.89,NEG_E7,NEG_E7_0,25.0,0,0,100.0,Station pa_7,Nearest with charging slots
486.0,eRickshaw_026,E0,E0_0,12.81,34.25,7200.0,MEDIUM,pa_2,Station pa_2,111.92,E0,E0_0,20.0,0,1,100.0,pa_3_rev,Station pa_3_rev,132.13,NEG_E1,NEG_E1_0,20.0,0,0,100.0,Station pa_2,Nearest with waiting slots
486.0,eVan_030,NEG_E8,NEG_E8_1,11.66,45.86,5760.0,MEDIUM,pa_8,Station pa_8,49.97,E7,E7_0,25.0,4,3,20.0,pa_3,Station pa_3,406.62,E1,E1_0,20.0,0,0,100.0,Station pa_8,Nearest with charging slots
487.0,easyBike_022,NEG_E7,parked,0.0,28.51,12000.0,HIGH,pa_8_rev,Station pa_8_rev,9.04,NEG_E7,NEG_E7_0,25.0,0,0,100.0,pa_7,Station pa_7,33.33,E6,E6_0,20.0,4,2,0.0,Station pa_7,2nd nearest has slots (nearest full)
488.0,easyBike_014,NEG_E6,NEG_E6_0,3.29,26.84,12000.0,HIGH,pa_7_rev,Station pa_7_rev,29.34,NEG_E6,NEG_E6_0,20.0,0,0,100.0,pa_6,Station pa_6,31.76,E5,E5_0,25.0,1,3,80.0,Station pa_6,2nd nearest has slots (nearest full)
488.0,easyBike_015,NEG_E6,parked,0.0,25.69,12000.0,HIGH,pa_7_rev,Station pa_7_rev,20.32,NEG_E6,NEG_E6_0,20.0,0,0,100.0,pa_6,Station pa_6,24.76,E5,E5_0,25.0,1,3,80.0,Station pa_6,2nd nearest has slots (nearest full)
488.0,easyBike_016,:Node7_2,:Node7_2_0,4.95,24.66,12000.0,HIGH,pa_8_rev,Station pa_8_rev,4.37,NEG_E7,NEG_E7_0,25.0,0,0,100.0,pa_7,Station pa_7,21.02,E6,E6_0,20.0,4,2,0.0,Station pa_7,2nd nearest has slots (nearest full)
488.0,easyBike_020,E1,parked,0.0,25.23,12000.0,HIGH,pa_3,Station pa_3,60.44,E1,E1_0,20.0,0,0,100.0,pa_3_rev,Station pa_3_rev,395.37,NEG_E1,NEG_E1_0,20.0,0,0,100.0,Station pa_3,Nearest (all busy)
488.0,easyBike_025,E1,E1_0,0.0,17.31,12000.0,CRITICAL,pa_3,Station pa_3,74.37,E1,E1_0,20.0,0,0,100.0,pa_3_rev,Station pa_3_rev,381.26,NEG_E1,NEG_E1_0,20.0,0,0,100.0,Station pa_3,Nearest (all busy)
489.0,easyBike_020,E0,E0_1,0.73,25.83,12000.0,HIGH,pa_2_rev,Station pa_2_rev,6.54,NEG_E0,NEG_E0_0,20.0,4,3,0.0,pa_6_rev,Station pa_6_rev,268.08,NEG_E5,NEG_E5_0,25.0,4,3,20.0,Station pa_2_rev,Nearest with charging slots
490.0,easyBike_016,NEG_E6,parked,0.0,24.51,12000.0,HIGH,pa_7_rev,Station pa_7_rev,25.28,NEG_E6,NEG_E6_0,20.0,0,0,100.0,pa_6,Station pa_6,29.14,E5,E5_0,25.0,1,3,80.0,Station pa_6,2nd nearest has slots (nearest full)
491.0,easyBike_018,E7,E7_0,12.43,22.16,12000.0,HIGH,pa_8_rev,Station pa_8_rev,92.17,NEG_E7,NEG_E7_0,25.0,0,0,100.0,pa_7,Station pa_7,112.69,E6,E6_0,20.0,4,2,0.0,Station pa_7,2nd nearest has slots (nearest full)
491.0,eRickshaw_027,E7,parked,0.0,29.63,7200.0,HIGH,pa_8,Station pa_8,58.19,E7,E7_0,25.0,4,3,20.0,pa_3,Station pa_3,406.53,E1,E1_0,20.0,0,0,100.0,Station pa_8,Nearest with charging slots
491.0,eRickshaw_028,E1,parked,0.0,28.21,7200.0,HIGH,pa_3,Station pa_3,57.03,E1,E1_0,20.0,0,0,100.0,pa_3_rev,Station pa_3_rev,398.78,NEG_E1,NEG_E1_0,20.0,0,0,100.0,Station pa_3,Nearest (all busy)
491.0,eRickshaw_033,E3,E3_0,10.0,36.63,7200.0,MEDIUM,pa_3,Station pa_3,160.62,E1,E1_0,20.0,0,0,100.0,pa_8,Station pa_8,465.08,E7,E7_0,25.0,4,3,20.0,Station pa_8,2nd nearest has slots (nearest full)
491.0,eVan_029,NEG_E3,NEG_E3_0,12.89,31.15,5760.0,MEDIUM,pa_3,Station pa_3,158.16,E1,E1_0,20.0,0,0,100.0,pa_8,Station pa_8,386.68,E7,E7_0,25.0,4,3,20.0,Station pa_8,2nd nearest has slots (nearest full)
493.0,easyBike_021,NEG_E1,NEG_E1_0,12.72,26.75,12000.0,HIGH,pa_3,Station pa_3,180.98,E1,E1_0,20.0,0,0,100.0,pa_3_rev,Station pa_3_rev,274.72,NEG_E1,NEG_E1_0,20.0,0,0,100.0,Station pa_3,Nearest (all busy)
493.0,eRickshaw_030,NEG_E6,NEG_E6_0,4.14,24.7,7200.0,HIGH,pa_7_rev,Station pa_7_rev,26.57,NEG_E6,NEG_E6_0,20.0,0,0,100.0,pa_6,Station pa_6,29.25,E5,E5_0,25.0,1,3,80.0,Station pa_6,2nd nearest has slots (nearest full)
493.0,eRickshaw_032,NEG_E8,NEG_E8_0,12.15,33.2,7200.0,MEDIUM,pa_8,Station pa_8,53.75,E7,E7_0,25.0,4,3,20.0,pa_3,Station pa_3,409.59,E1,E1_0,20.0,0,0,100.0,Station pa_8,Nearest with charging slots
494.0,easyBike_020,E10,E10_0,0.0,25.14,12000.0,HIGH,pa_7,Station pa_7,16.18,E6,E6_0,20.0,4,2,0.0,pa_8_rev,Station pa_8_rev,17.2,NEG_E7,NEG_E7_0,25.0,0,0,100.0,Station pa_7,Nearest with charging slots
496.0,easyBike_005,NEG_E0,NEG_E0_0,11.32,37.4,12000.0,MEDIUM,pa_2_rev,Station pa_2_rev,79.86,NEG_E0,NEG_E0_0,20.0,4,3,0.0,pa_6_rev,Station pa_6_rev,271.46,NEG_E5,NEG_E5_0,25.0,4,3,20.0,Station pa_2_rev,Nearest with charging slots
496.0,easyBike_006,NEG_E0,NEG_E0_0,11.47,36.28,12000.0,MEDIUM,pa_2,Station pa_2,56.9,E0,E0_0,20.0,0,1,100.0,pa_3_rev,Station pa_3_rev,76.14,NEG_E1,NEG_E1_0,20.0,0,0,100.0,Station pa_2,Nearest with waiting slots
496.0,easyBike_017,E1,parked,0.0,23.58,12000.0,HIGH,pa_3,Station pa_3,67.26,E1,E1_0,20.0,0,0,100.0,pa_3_rev,Station pa_3_rev,388.54,NEG_E1,NEG_E1_0,20.0,0,0,100.0,Station pa_3,Nearest (all busy)
496.0,easyBike_022,NEG_E7,NEG_E7_1,7.54,28.51,12000.0,HIGH,pa_8_rev,Station pa_8_rev,10.67,NEG_E7,NEG_E7_0,25.0,0,0,100.0,pa_7,Station pa_7,32.5,E6,E6_0,20.0,4,2,0.0,Station pa_7,2nd nearest has slots (nearest full)
496.0,easyBike_024,NEG_E7,NEG_E7_1,5.3,18.53,12000.0,CRITICAL,pa_8_rev,Station pa_8_rev,19.71,NEG_E7,NEG_E7_0,25.0,0,0,100.0,pa_7,Station pa_7,41.47,E6,E6_0,20.0,4,2,0.0,Station pa_7,2nd nearest has slots (nearest full)
496.0,easyBike_024,NEG_E7,NEG_E7_0,11.68,18.7,12000.0,CRITICAL,pa_8,Station pa_8,157.55,E7,E7_0,25.0,4,3,20.0,pa_8_rev,Station pa_8_rev,318.03,NEG_E7,NEG_E7_0,25.0,0,0,100.0,Station pa_8,Nearest with charging slots
496.0,easyBike_026,E10,E10_0,13.19,16.06,12000.0,CRITICAL,pa_7,Station pa_7,203.76,E6,E6_0,20.0,4,2,0.0,pa_3_rev,Station pa_3_rev,204.78,NEG_E1,NEG_E1_0,20.0,0,0,100.0,Station pa_7,Nearest with charging slots
496.0,easyBike_028,E10,E10_1,11.16,13.73,12000.0,CRITICAL,pa_3_rev,Station pa_3_rev,26.83,NEG_E1,NEG_E1_0,20.0,0,0,100.0,pa_2,Station pa_2,37.72,E0,E0_0,20.0,0,1,100.0,Station pa_3_rev,Nearest (all busy)
496.0,easyBike_028,E1,E1_0,13.32,13.66,12000.0,CRITICAL,pa_3_rev,Station pa_3_rev,137.53,NEG_E1,NEG_E1_0,20.0,0,0,100.0,pa_2,Station pa_2,154.97,E0,E0_0,20.0,0,1,100.0,Station pa_3_rev,Nearest (all busy)
496.0,easyBike_030,NEG_E7,parked,0.0,13.52,12000.0,CRITICAL,pa_8_rev,Station pa_8_rev,18.24,NEG_E7,NEG_E7_0,25.0,0,0,100.0,pa_7,Station pa_7,41.96,E6,E6_0,20.0,4,2,0.0,Station pa_7,2nd nearest has slots (nearest full)
496.0,easyBike_032,NEG_E7,parked,0.0,16.83,12000.0,CRITICAL,pa_8_rev,Station pa_8_rev,12.05,NEG_E7,NEG_E7_0,25.0,0,0,100.0,pa_7,Station pa_7,36.16,E6,E6_0,20.0,4,2,0.0,Station pa_7,2nd nearest has slots (nearest full)
496.0,easyBike_034,E8,E8_0,13.88,33.52,12000.0,MEDIUM,pa_8,Station pa_8,155.48,E7,E7_0,25.0,4,3,20.0,pa_3,Station pa_3,406.38,E1,E1_0,20.0,0,0,100.0,Station pa_8,Nearest with charging slots
496.0,eRickshaw_031,NEG_E7,NEG_E7_0,12.24,24.2,7200.0,HIGH,pa_8,Station pa_8,96.19,E7,E7_0,25.0,4,3,20.0,pa_8_rev,Station pa_8_rev,379.66,NEG_E7,NEG_E7_0,25.0,0,0,100.0,Station pa_8,Nearest with charging slots
496.0,eVan_028,E1,E1_0,11.79,26.95,5760.0,HIGH,pa_3,Station pa_3,131.73,E1,E1_0,20.0,0,0,100.0,pa_3_rev,Station pa_3_rev,323.93,NEG_E1,NEG_E1_0,20.0,0,0,100.0,Station pa_3,Nearest (all busy)
497.0,easyBike_032,NEG_E7,NEG_E7_0,13.64,16.94,12000.0,CRITICAL,pa_8,Station pa_8,224.44,E7,E7_0,25.0,4,3,20.0,pa_8_rev,Station pa_8_rev,251.09,NEG_E7,NEG_E7_0,25.0,0,0,100.0,Station pa_8,Nearest with charging slots
498.0,easyBike_013,NEG_E1,parked,0.0,28.02,12000.0,HIGH,pa_3_rev,Station pa_3_rev,27.71,NEG_E1,NEG_E1_0,20.0,0,0,100.0,pa_2,Station pa_2,47.65,E0,E0_0,20.0,0,1,100.0,Station pa_3_rev,Nearest (all busy)
498.0,easyBike_024,NEG_E6,parked,0.0,18.34,12000.0,CRITICAL,pa_7_rev,Station pa_7_rev,30.27,NEG_E6,NEG_E6_0,20.0,0,0,100.0,pa_6,Station pa_6,33.7,E5,E5_0,25.0,1,3,80.0,Station pa_6,2nd nearest has slots (nearest full)
501.0,easyBike_029,NEG_E1,NEG_E1_0,13.48,12.03,12000.0,CRITICAL,pa_3_rev,Station pa_3_rev,137.8,NEG_E1,NEG_E1_0,20.0,0,0,100.0,pa_2,Station pa_2,156.0,E0,E0_0,20.0,0,1,100.0,Station pa_3_rev,Nearest (all busy)
501.0,easyBike_031,NEG_E7,NEG_E7_0,10.77,15.37,12000.0,CRITICAL,pa_8_rev,Station pa_8_rev,233.52,NEG_E7,NEG_E7_0,25.0,0,0,100.0,pa_8,Station pa_8,242.04,E7,E7_0,25.0,4,3,20.0,Station pa_8,2nd nearest has slots (nearest full)
501.0,eRickshaw_026,:Node8_3,:Node8_3_0,2.82,33.03,7200.0,MEDIUM,pa_8,Station pa_8,20.11,E7,E7_0,25.0,4,3,20.0,pa_3,Station pa_3,403.32,E1,E1_0,20.0,0,0,100.0,Station pa_8,Nearest with charging slots
501.0,eRickshaw_030,NEG_E7,NEG_E7_1,12.68,25.23,7200.0,HIGH,pa_8_rev,Station pa_8_rev,219.94,NEG_E7,NEG_E7_0,25.0,0,0,100.0,pa_7,Station pa_7,241.08,E6,E6_0,20.0,4,2,0.0,Station pa_7,2nd nearest has slots (nearest full)
501.0,eRickshaw_032,NEG_E7,NEG_E7_0,9.23,33.06,7200.0,MEDIUM,pa_8,Station pa_8,190.4,E7,E7_0,25.0,4,3,20.0,pa_8_rev,Station pa_8_rev,285.23,NEG_E7,NEG_E7_0,25.0,0,0,100.0,Station pa_8,Nearest with charging slots
501.0,eVan_027,E7,E7_1,13.14,43.9,5760.0,MEDIUM,pa_8_rev,Station pa_8_rev,216.83,NEG_E7,NEG_E7_0,25.0,0,0,100.0,pa_7,Station pa_7,237.8,E6,E6_0,20.0,4,2,0.0,Station pa_7,2nd nearest has slots (nearest full)
501.0,eVan_033,E0,E0_0,0.64,29.79,5760.0,HIGH,pa_2_rev,Station pa_2_rev,9.69,NEG_E0,NEG_E0_0,20.0,3,3,25.0,pa_6_rev,Station pa_6_rev,271.28,NEG_E5,NEG_E5_0,25.0,4,3,20.0,Station pa_2_rev,Nearest with charging slots
502.0,easyBike_021,NEG_E1,parked,0.0,26.65,12000.0,HIGH,pa_3_rev,Station pa_3_rev,32.42,NEG_E1,NEG_E1_0,20.0,0,0,100.0,pa_2,Station pa_2,52.18,E0,E0_0,20.0,0,1,100.0,Station pa_3_rev,Nearest (all busy)
503.0,easyBike_026,E1,E1_0,0.0,16.07,12000.0,CRITICAL,pa_3,Station pa_3,76.1,E1,E1_0,20.0,0,0,100.0,pa_3_rev,Station pa_3_rev,379.54,NEG_E1,NEG_E1_0,20.0,0,0,100.0,Station pa_3,Nearest (all busy)
503.0,eRickshaw_029,NEG_E1,NEG_E1_0,9.84,29.2,7200.0,HIGH,pa_3_rev,Station pa_3_rev,225.95,NEG_E1,NEG_E1_0,20.0,0,0,100.0,pa_3,Station pa_3,229.76,E1,E1_0,20.0,0,0,100.0,Station pa_3_rev,Nearest (all busy)
506.0,eVan_032,NEG_E8,NEG_E8_0,13.79,34.41,5760.0,MEDIUM,pa_8,Station pa_8,111.91,E7,E7_0,25.0,4,3,20.0,pa_3,Station pa_3,410.01,E1,E1_0,20.0,0,0,100.0,Station pa_8,Nearest with charging slots
508.0,easyBike_022,NEG_E7,NEG_E7_0,12.85,28.55,12000.0,HIGH,pa_8_rev,Station pa_8_rev,148.45,NEG_E7,NEG_E7_0,25.0,0,0,100.0,pa_7,Station pa_7,169.89,E6,E6_0,20.0,4,2,0.0,Station pa_7,2nd nearest has slots (nearest full)
508.0,eRickshaw_027,E4,E4_0,11.21,30.7,7200.0,MEDIUM,pa_2_rev,Station pa_2_rev,120.62,NEG_E0,NEG_E0_0,20.0,3,3,25.0,pa_6_rev,Station pa_6_rev,141.11,NEG_E5,NEG_E5_0,25.0,4,3,20.0,Station pa_2_rev,Nearest with charging slots
508.0,eRickshaw_029,NEG_E2,NEG_E2_0,0.0,29.3,7200.0,HIGH,pa_3,Station pa_3,21.92,E1,E1_0,20.0,0,0,100.0,pa_8,Station pa_8,399.31,E7,E7_0,25.0,4,3,20.0,Station pa_8,2nd nearest has slots (nearest full)
511.0,easyBike_001,E3,E3_0,11.05,42.09,12000.0,MEDIUM,pa_8,Station pa_8,192.33,E7,E7_0,25.0,4,3,20.0,pa_3,Station pa_3,355.88,E1,E1_0,20.0,0,0,100.0,Station pa_8,Nearest with charging slots
511.0,easyBike_001,E0,E0_0,11.05,43.03,12000.0,MEDIUM,pa_2_rev,Station pa_2_rev,119.18,NEG_E0,NEG_E0_0,20.0,3,3,25.0,pa_2,Station pa_2,271.66,E0,E0_0,20.0,0,1,100.0,Station pa_2_rev,Nearest with charging slots
511.0,easyBike_003,E7,E7_1,0.0,40.05,12000.0,MEDIUM,pa_8,Station pa_8,3.78,E7,E7_0,25.0,4,3,20.0,pa_3,Station pa_3,408.82,E1,E1_0,20.0,0,0,100.0,Station pa_8,Nearest with charging slots
511.0,easyBike_004,E7,E7_0,11.35,38.79,12000.0,MEDIUM,pa_8,Station pa_8,209.83,E7,E7_0,25.0,4,3,20.0,pa_8_rev,Station pa_8_rev,265.72,NEG_E7,NEG_E7_0,25.0,0,0,100.0,Station pa_8,Nearest with charging slots
511.0,easyBike_005,NEG_E3,NEG_E3_0,11.35,38.24,12000.0,MEDIUM,pa_3,Station pa_3,239.87,E1,E1_0,20.0,0,0,100.0,pa_8,Station pa_8,270.72,E7,E7_0,25.0,4,3,20.0,Station pa_8,2nd nearest has slots (nearest full)
511.0,easyBike_006,NEG_E8,NEG_E8_1,11.42,37.07,12000.0,MEDIUM,pa_8,Station pa_8,48.24,E7,E7_0,25.0,4,3,20.0,pa_3,Station pa_3,406.75,E1,E1_0,20.0,0,0,100.0,Station pa_8,Nearest with charging slots
511.0,easyBike_007,NEG_E8,NEG_E8_0,11.52,35.9,12000.0,MEDIUM,pa_8,Station pa_8,47.57,E7,E7_0,25.0,4,3,20.0,pa_3,Station pa_3,410.05,E1,E1_0,20.0,0,0,100.0,Station pa_8,Nearest with charging slots
511.0,easyBike_008,NEG_E0,NEG_E0_0,11.62,33.84,12000.0,MEDIUM,pa_2_rev,Station pa_2_rev,191.61,NEG_E0,NEG_E0_0,20.0,3,3,25.0,pa_2,Station pa_2,199.08,E0,E0_0,20.0,0,1,100.0,Station pa_2_rev,Nearest with charging slots
511.0,easyBike_008,NEG_E8,NEG_E8_0,11.62,34.85,12000.0,MEDIUM,pa_8,Station pa_8,113.21,E7,E7_0,25.0,4,3,20.0,pa_3,Station pa_3,410.11,E1,E1_0,20.0,0,0,100.0,Station pa_8,Nearest with charging slots
511.0,easyBike_009,E1,E1_1,10.8,36.01,12000.0,MEDIUM,pa_3,Station pa_3,20.69,E1,E1_0,20.0,0,0,100.0,pa_8,Station pa_8,402.82,E7,E7_0,25.0,4,3,20.0,Station pa_8,2nd nearest has slots (nearest full)
511.0,easyBike_010,E1,E1_1,0.0,37.71,12000.0,MEDIUM,pa_3,Station pa_3,3.25,E1,E1_0,20.0,0,0,100.0,pa_8,Station pa_8,401.88,E7,E7_0,25.0,4,3,20.0,Station pa_8,2nd nearest has slots (nearest full)
511.0,easyBike_011,E7,E7_0,11.87,39.33,12000.0,MEDIUM,pa_8_rev,Station pa_8_rev,189.59,NEG_E7,NEG_E7_0,25.0,0,0,100.0,pa_7,Station pa_7,210.36,E6,E6_0,20.0,4,2,0.0,Station pa_7,2nd nearest has slots (nearest full)
511.0,easyBike_013,NEG_E0,NEG_E0_0,12.04,27.91,12000.0,HIGH,pa_2,Station pa_2,14.95,E0,E0_0,20.0,0,1,100.0,pa_3_rev,Station pa_3_rev,31.58,NEG_E1,NEG_E1_0,20.0,0,0,100.0,Station pa_2,Nearest with waiting slots
511.0,easyBike_017,E0,E0_0,12.43,23.86,12000.0,HIGH,pa_2,Station pa_2,87.28,E0,E0_0,20.0,0,1,100.0,pa_3_rev,Station pa_3_rev,107.53,NEG_E1,NEG_E1_0,20.0,0,0,100.0,Station pa_2,Nearest with waiting slots
511.0,easyBike_019,E5,parked,0.0,23.89,12000.0,HIGH,pa_6,Station pa_6,49.94,E5,E5_0,25.0,1,3,80.0,pa_7_rev,Station pa_7_rev,57.45,NEG_E6,NEG_E6_0,20.0,0,0,100.0,Station pa_6,Nearest with charging slots
511.0,easyBike_019,E4,E4_0,12.51,23.99,12000.0,HIGH,pa_6_rev,Station pa_6_rev,97.15,NEG_E5,NEG_E5_0,25.0,4,3,20.0,pa_2_rev,Station pa_2_rev,164.62,NEG_E0,NEG_E0_0,20.0,3,3,25.0,Station pa_6_rev,Nearest with charging slots
511.0,easyBike_023,NEG_E6,parked,0.0,29.99,12000.0,HIGH,pa_7_rev,Station pa_7_rev,35.26,NEG_E6,NEG_E6_0,20.0,0,0,100.0,pa_6,Station pa_6,38.37,E5,E5_0,25.0,1,3,80.0,Station pa_6,2nd nearest has slots (nearest full)
511.0,easyBike_023,NEG_E5,parked,0.0,29.85,12000.0,HIGH,pa_6_rev,Station pa_6_rev,35.04,NEG_E5,NEG_E5_0,25.0,4,3,20.0,pa_6,Station pa_6,224.66,E5,E5_0,25.0,1,3,80.0,Station pa_6_rev,Nearest with charging slots
511.0,easyBike_023,NEG_E7,NEG_E7_0,12.98,30.23,12000.0,MEDIUM,pa_8_rev,Station pa_8_rev,159.77,NEG_E7,NEG_E7_0,25.0,0,0,100.0,pa_7,Station pa_7,181.19,E6,E6_0,20.0,4,2,0.0,Station pa_7,2nd nearest has slots (nearest full)
511.0,easyBike_025,E1,E1_0,0.0,17.24,12000.0,CRITICAL,pa_3,Station pa_3,0.57,E1,E1_0,20.0,0,0,100.0,pa_8,Station pa_8,405.08,E7,E7_0,25.0,4,3,20.0,Station pa_8,2nd nearest has slots (nearest full)
511.0,easyBike_027,E7,E7_0,13.29,14.82,12000.0,CRITICAL,pa_8_rev,Station pa_8_rev,10.41,NEG_E7,NEG_E7_0,25.0,0,0,100.0,pa_7,Station pa_7,25.18,E6,E6_0,20.0,4,2,0.0,Station pa_7,2nd nearest has slots (nearest full)
511.0,easyBike_027,E5,parked,0.0,15.13,12000.0,CRITICAL,pa_6,Station pa_6,56.58,E5,E5_0,25.0,1,3,80.0,pa_7_rev,Station pa_7_rev,64.0,NEG_E6,NEG_E6_0,20.0,0,0,100.0,Station pa_6,Nearest with charging slots
511.0,easyBike_029,NEG_E1,parked,0.0,12.03,12000.0,CRITICAL,pa_3_rev,Station pa_3_rev,37.15,NEG_E1,NEG_E1_0,20.0,0,0,100.0,pa_2,Station pa_2,56.75,E0,E0_0,20.0,0,1,100.0,Station pa_3_rev,Nearest (all busy)
511.0,easyBike_031,NEG_E7,parked,0.0,15.18,12000.0,CRITICAL,pa_8_rev,Station pa_8_rev,15.13,NEG_E7,NEG_E7_0,25.0,0,0,100.0,pa_7,Station pa_7,39.04,E6,E6_0,20.0,4,2,0.0,Station pa_7,2nd nearest has slots (nearest full)
511.0,easyBike_033,E1,parked,0.0,18.13,12000.0,CRITICAL,pa_3,Station pa_3,70.68,E1,E1_0,20.0,0,0,100.0,pa_3_rev,Station pa_3_rev,385.12,NEG_E1,NEG_E1_0,20.0,0,0,100.0,Station pa_3,Nearest (all busy)
511.0,eRickshaw_031,NEG_E6,NEG_E6_0,0.0,23.57,7200.0,HIGH,pa_7_rev,Station pa_7_rev,39.3,NEG_E6,NEG_E6_0,20.0,0,0,100.0,pa_6,Station pa_6,41.44,E5,E5_0,25.0,1,3,80.0,Station pa_6,2nd nearest has slots (nearest full)
512.0,eRickshaw_031,NEG_E8,NEG_E8_1,0.07,24.86,7200.0,HIGH,pa_8,Station pa_8,162.64,E7,E7_0,25.0,4,3,20.0,pa_3,Station pa_3,414.01,E1,E1_0,20.0,0,0,100.0,Station pa_8,Nearest with charging slots
513.0,easyBike_002,E8,E8_0,10.06,40.97,12000.0,MEDIUM,pa_8,Station pa_8,33.78,E7,E7_0,25.0,4,3,20.0,pa_3,Station pa_3,401.69,E1,E1_0,20.0,0,0,100.0,Station pa_8,Nearest with charging slots
513.0,easyBike_002,E0,E0_0,11.13,41.86,12000.0,MEDIUM,pa_2_rev,Station pa_2_rev,116.09,NEG_E0,NEG_E0_0,20.0,3,3,25.0,pa_2,Station pa_2,274.76,E0,E0_0,20.0,0,1,100.0,Station pa_2_rev,Nearest with charging slots
513.0,easyBike_012,E7,E7_0,11.92,40.73,12000.0,MEDIUM,pa_8,Station pa_8,169.33,E7,E7_0,25.0,4,3,20.0,pa_8_rev,Station pa_8_rev,306.2,NEG_E7,NEG_E7_0,25.0,0,0,100.0,Station pa_8,Nearest with charging slots
513.0,easyBike_015,NEG_E6,NEG_E6_0,12.25,25.69,12000.0,HIGH,pa_7,Station pa_7,111.33,E6,E6_0,20.0,4,2,0.0,pa_8_rev,Station pa_8_rev,134.38,NEG_E7,NEG_E7_0,25.0,0,0,100.0,Station pa_7,Nearest with charging slots
513.0,easyBike_019,E7,E7_0,0.0,23.3,12000.0,HIGH,pa_8,Station pa_8,1.22,E7,E7_0,25.0,4,3,20.0,pa_3,Station pa_3,406.18,E1,E1_0,20.0,0,0,100.0,Station pa_8,Nearest with charging slots
513.0,easyBike_021,NEG_E0,NEG_E0_0,12.72,26.49,12000.0,HIGH,pa_2,Station pa_2,68.43,E0,E0_0,20.0,0,1,100.0,pa_3_rev,Station pa_3_rev,87.81,NEG_E1,NEG_E1_0,20.0,0,0,100.0,Station pa_2,Nearest with waiting slots
513.0,eRickshaw_030,NEG_E8,NEG_E8_0,12.71,25.92,7200.0,HIGH,pa_8,Station pa_8,121.19,E7,E7_0,25.0,4,3,20.0,pa_3,Station pa_3,410.85,E1,E1_0,20.0,0,0,100.0,Station pa_8,Nearest with charging slots
514.0,eVan_031,NEG_E8,NEG_E8_0,10.92,28.81,5760.0,HIGH,pa_8,Station pa_8,57.38,E7,E7_0,25.0,4,3,20.0,pa_3,Station pa_3,409.37,E1,E1_0,20.0,0,0,100.0,Station pa_8,Nearest with charging slots
515.0,easyBike_013,NEG_E3,NEG_E3_1,0.65,28.83,12000.0,HIGH,pa_8,Station pa_8,167.77,E7,E7_0,25.0,4,3,20.0,pa_3,Station pa_3,407.21,E1,E1_0,20.0,0,0,100.0,Station pa_8,Nearest with charging slots
515.0,easyBike_021,NEG_E3,NEG_E3_0,0.68,27.5,12000.0,HIGH,pa_8,Station pa_8,164.61,E7,E7_0,25.0,4,3,20.0,pa_3,Station pa_3,406.03,E1,E1_0,20.0,0,0,100.0,Station pa_8,Nearest with charging slots
515.0,eRickshaw_029,NEG_E3,NEG_E3_0,12.61,29.65,7200.0,HIGH,pa_3,Station pa_3,236.57,E1,E1_0,20.0,0,0,100.0,pa_8,Station pa_8,274.11,E7,E7_0,25.0,4,3,20.0,Station pa_8,2nd nearest has slots (nearest full)
516.0,easyBike_014,NEG_E10,NEG_E10_0,12.15,26.82,12000.0,HIGH,pa_7,Station pa_7,159.31,E6,E6_0,20.0,4,2,0.0,pa_8_rev,Station pa_8_rev,171.14,NEG_E7,NEG_E7_0,25.0,0,0,100.0,Station pa_7,Nearest with charging slots
516.0,easyBike_017,E3,E3_0,12.44,23.2,12000.0,HIGH,pa_3,Station pa_3,209.53,E1,E1_0,20.0,0,0,100.0,pa_8,Station pa_8,318.06,E7,E7_0,25.0,4,3,20.0,Station pa_8,2nd nearest has slots (nearest full)
516.0,easyBike_018,E1,parked,0.0,22.41,12000.0,HIGH,pa_3,Station pa_3,63.85,E1,E1_0,20.0,0,0,100.0,pa_3_rev,Station pa_3_rev,391.95,NEG_E1,NEG_E1_0,20.0,0,0,100.0,Station pa_3,Nearest (all busy)
516.0,easyBike_018,E0,E0_0,12.42,22.83,12000.0,HIGH,pa_2_rev,Station pa_2_rev,125.3,NEG_E0,NEG_E0_0,20.0,3,3,25.0,pa_2,Station pa_2,265.41,E0,E0_0,20.0,0,1,100.0,Station pa_2_rev,Nearest with charging slots
516.0,easyBike_030,NEG_E6,NEG_E6_0,0.0,13.32,12000.0,CRITICAL,pa_7_rev,Station pa_7_rev,40.72,NEG_E6,NEG_E6_0,20.0,0,0,100.0,pa_6,Station pa_6,42.82,E5,E5_0,25.0,1,3,80.0,Station pa_6,2nd nearest has slots (nearest full)
516.0,eRickshaw_026,E1,E1_0,12.81,33.97,7200.0,MEDIUM,pa_3_rev,Station pa_3_rev,70.16,NEG_E1,NEG_E1_0,20.0,0,0,100.0,pa_2,Station pa_2,87.29,E0,E0_0,20.0,0,1,100.0,Station pa_3_rev,Nearest (all busy)
516.0,eVan_030,NEG_E8,NEG_E8_1,0.0,45.77,5760.0,MEDIUM,pa_8,Station pa_8,22.8,E7,E7_0,25.0,4,3,20.0,pa_3,Station pa_3,409.62,E1,E1_0,20.0,0,0,100.0,Station pa_8,Nearest with charging slots
517.0,easyBike_022,NEG_E7,parked,0.0,28.51,12000.0,HIGH,pa_8_rev,Station pa_8_rev,9.04,NEG_E7,NEG_E7_0,25.0,0,0,100.0,pa_7,Station pa_7,33.33,E6,E6_0,20.0,4,2,0.0,Station pa_7,2nd nearest has slots (nearest full)
518.0,easyBike_014,NEG_E6,parked,0.0,26.84,12000.0,HIGH,pa_7_rev,Station pa_7_rev,15.38,NEG_E6,NEG_E6_0,20.0,0,0,100.0,pa_6,Station pa_6,20.68,E5,E5_0,25.0,1,3,80.0,Station pa_6,2nd nearest has slots (nearest full)
518.0,easyBike_015,NEG_E6,parked,0.0,25.69,12000.0,HIGH,pa_7_rev,Station pa_7_rev,20.32,NEG_E6,NEG_E6_0,20.0,0,0,100.0,pa_6,Station pa_6,24.76,E5,E5_0,25.0,1,3,80.0,Station pa_6,2nd nearest has slots (nearest full)
518.0,easyBike_016,NEG_E10,NEG_E10_0,12.34,24.47,12000.0,HIGH,pa_7,Station pa_7,153.06,E6,E6_0,20.0,4,2,0.0,pa_8_rev,Station pa_8_rev,164.91,NEG_E7,NEG_E7_0,25.0,0,0,100.0,Station pa_7,Nearest with charging slots
518.0,easyBike_020,E1,parked,0.0,25.23,12000.0,HIGH,pa_3,Station pa_3,60.44,E1,E1_0,20.0,0,0,100.0,pa_3_rev,Station pa_3_rev,395.37,NEG_E1,NEG_E1_0,20.0,0,0,100.0,Station pa_3,Nearest (all busy)
518.0,easyBike_025,E1,E1_0,0.0,17.31,12000.0,CRITICAL,pa_3,Station pa_3,74.37,E1,E1_0,20.0,0,0,100.0,pa_3_rev,Station pa_3_rev,381.26,NEG_E1,NEG_E1_0,20.0,0,0,100.0,Station pa_3,Nearest (all busy)
519.0,easyBike_020,E0,E0_0,12.66,25.66,12000.0,HIGH,pa_2_rev,Station pa_2_rev,132.11,NEG_E0,NEG_E0_0,20.0,3,3,25.0,pa_2,Station pa_2,258.7,E0,E0_0,20.0,0,1,100.0,Station pa_2_rev,Nearest with charging slots
520.0,easyBike_016,NEG_E6,parked,0.0,24.51,12000.0,HIGH,pa_7_rev,Station pa_7_rev,25.28,NEG_E6,NEG_E6_0,20.0,0,0,100.0,pa_6,Station pa_6,29.14,E5,E5_0,25.0,1,3,80.0,Station pa_6,2nd nearest has slots (nearest full)
521.0,easyBike_018,E7,E7_0,12.42,22.02,12000.0,HIGH,pa_8,Station pa_8,186.39,E7,E7_0,25.0,4,3,20.0,pa_8_rev,Station pa_8_rev,289.15,NEG_E7,NEG_E7_0,25.0,0,0,100.0,Station pa_8,Nearest with charging slots
521.0,easyBike_029,NEG_E3,NEG_E3_0,0.96,12.92,12000.0,CRITICAL,pa_8,Station pa_8,164.62,E7,E7_0,25.0,4,3,20.0,pa_3,Station pa_3,405.95,E1,E1_0,20.0,0,0,100.0,Station pa_8,Nearest with charging slots
521.0,eRickshaw_027,E7,parked,0.0,29.63,7200.0,HIGH,pa_8,Station pa_8,58.19,E7,E7_0,25.0,4,3,20.0,pa_3,Station pa_3,406.53,E1,E1_0,20.0,0,0,100.0,Station pa_8,Nearest with charging slots
521.0,eRickshaw_028,E1,parked,0.0,28.21,7200.0,HIGH,pa_3,Station pa_3,57.03,E1,E1_0,20.0,0,0,100.0,pa_3_rev,Station pa_3_rev,398.78,NEG_E1,NEG_E1_0,20.0,0,0,100.0,Station pa_3,Nearest (all busy)
521.0,eRickshaw_033,E3,E3_0,13.88,36.28,7200.0,MEDIUM,pa_3,Station pa_3,186.5,E1,E1_0,20.0,0,0,100.0,pa_8,Station pa_8,351.21,E7,E7_0,25.0,4,3,20.0,Station pa_8,2nd nearest has slots (nearest full)
521.0,eVan_029,NEG_E2,NEG_E2_0,7.72,30.87,5760.0,MEDIUM,pa_3,Station pa_3,92.79,E1,E1_0,20.0,0,0,100.0,pa_8,Station pa_8,433.93,E7,E7_0,25.0,4,3,20.0,Station pa_8,2nd nearest has slots (nearest full)
523.0,easyBike_021,NEG_E1,NEG_E1_0,10.35,26.62,12000.0,HIGH,pa_3_rev,Station pa_3_rev,57.66,NEG_E1,NEG_E1_0,20.0,0,0,100.0,pa_2,Station pa_2,76.31,E0,E0_0,20.0,0,1,100.0,Station pa_3_rev,Nearest (all busy)
523.0,eRickshaw_030,NEG_E6,parked,0.0,24.71,7200.0,HIGH,pa_7_rev,Station pa_7_rev,10.53,NEG_E6,NEG_E6_0,20.0,0,0,100.0,pa_6,Station pa_6,17.1,E5,E5_0,25.0,1,3,80.0,Station pa_6,2nd nearest has slots (nearest full)
523.0,eRickshaw_032,NEG_E8,NEG_E8_0,0.0,33.14,7200.0,MEDIUM,pa_8,Station pa_8,24.14,E7,E7_0,25.0,4,3,20.0,pa_3,Station pa_3,412.8,E1,E1_0,20.0,0,0,100.0,Station pa_8,Nearest with charging slots
524.0,easyBike_020,E7,E7_1,10.78,25.05,12000.0,HIGH,pa_8_rev,Station pa_8_rev,36.97,NEG_E7,NEG_E7_0,25.0,0,0,100.0,pa_7,Station pa_7,57.39,E6,E6_0,20.0,4,2,0.0,Station pa_7,2nd nearest has slots (nearest full)
526.0,easyBike_006,NEG_E0,NEG_E0_0,11.42,36.17,12000.0,MEDIUM,pa_2_rev,Station pa_2_rev,176.5,NEG_E0,NEG_E0_0,20.0,3,3,25.0,pa_2,Station pa_2,214.17,E0,E0_0,20.0,0,1,100.0,Station pa_2_rev,Nearest with charging slots
526.0,easyBike_017,E1,parked,0.0,23.58,12000.0,HIGH,pa_3,Station pa_3,67.26,E1,E1_0,20.0,0,0,100.0,pa_3_rev,Station pa_3_rev,388.54,NEG_E1,NEG_E1_0,20.0,0,0,100.0,Station pa_3,Nearest (all busy)
526.0,easyBike_022,NEG_E10,NEG_E10_0,12.89,28.32,12000.0,HIGH,pa_7,Station pa_7,140.59,E6,E6_0,20.0,4,2,0.0,pa_8_rev,Station pa_8_rev,152.5,NEG_E7,NEG_E7_0,25.0,0,0,100.0,Station pa_7,Nearest with charging slots
526.0,easyBike_024,NEG_E10,NEG_E10_0,13.03,18.33,12000.0,CRITICAL,pa_7,Station pa_7,126.14,E6,E6_0,20.0,4,2,0.0,pa_8_rev,Station pa_8_rev,138.11,NEG_E7,NEG_E7_0,25.0,0,0,100.0,Station pa_7,Nearest with charging slots
526.0,easyBike_024,NEG_E7,NEG_E7_0,13.02,18.53,12000.0,CRITICAL,pa_8_rev,Station pa_8_rev,111.84,NEG_E7,NEG_E7_0,25.0,0,0,100.0,pa_7,Station pa_7,133.41,E6,E6_0,20.0,4,2,0.0,Station pa_7,2nd nearest has slots (nearest full)
526.0,easyBike_026,E10,E10_0,12.44,15.92,12000.0,CRITICAL,pa_7,Station pa_7,24.27,E6,E6_0,20.0,4,2,0.0,pa_8_rev,Station pa_8_rev,30.57,NEG_E7,NEG_E7_0,25.0,0,0,100.0,Station pa_7,Nearest with charging slots
526.0,easyBike_028,E10,E10_0,13.32,13.55,12000.0,CRITICAL,pa_7,Station pa_7,197.15,E6,E6_0,20.0,4,2,0.0,pa_8_rev,Station pa_8_rev,207.84,NEG_E7,NEG_E7_0,25.0,0,0,100.0,Station pa_7,Nearest with charging slots
526.0,easyBike_028,E1,E1_0,7.2,13.55,12000.0,CRITICAL,pa_3,Station pa_3,94.65,E1,E1_0,20.0,0,0,100.0,pa_3_rev,Station pa_3_rev,361.0,NEG_E1,NEG_E1_0,20.0,0,0,100.0,Station pa_3,Nearest (all busy)
526.0,easyBike_030,NEG_E7,parked,0.0,13.52,12000.0,CRITICAL,pa_8_rev,Station pa_8_rev,18.24,NEG_E7,NEG_E7_0,25.0,0,0,100.0,pa_7,Station pa_7,41.96,E6,E6_0,20.0,4,2,0.0,Station pa_7,2nd nearest has slots (nearest full)
526.0,easyBike_032,NEG_E7,parked,0.0,16.83,12000.0,CRITICAL,pa_8_rev,Station pa_8_rev,12.05,NEG_E7,NEG_E7_0,25.0,0,0,100.0,pa_7,Station pa_7,36.16,E6,E6_0,20.0,4,2,0.0,Station pa_7,2nd nearest has slots (nearest full)
526.0,eRickshaw_031,NEG_E7,NEG_E7_0,12.25,23.96,7200.0,HIGH,pa_8_rev,Station pa_8_rev,185.83,NEG_E7,NEG_E7_0,25.0,0,0,100.0,pa_7,Station pa_7,207.2,E6,E6_0,20.0,4,2,0.0,Station pa_7,2nd nearest has slots (nearest full)
526.0,eVan_028,E1,E1_0,0.0,26.93,5760.0,HIGH,pa_3,Station pa_3,78.69,E1,E1_0,20.0,0,0,100.0,pa_3_rev,Station pa_3_rev,376.95,NEG_E1,NEG_E1_0,20.0,0,0,100.0,Station pa_3,Nearest (all busy)
527.0,easyBike_032,NEG_E7,NEG_E7_0,13.65,16.77,12000.0,CRITICAL,pa_8_rev,Station pa_8_rev,34.77,NEG_E7,NEG_E7_0,25.0,0,0,100.0,pa_7,Station pa_7,57.13,E6,E6_0,20.0,4,2,0.0,Station pa_7,2nd nearest has slots (nearest full)
528.0,easyBike_013,NEG_E1,parked,0.0,28.02,12000.0,HIGH,pa_3_rev,Station pa_3_rev,27.71,NEG_E1,NEG_E1_0,20.0,0,0,100.0,pa_2,Station pa_2,47.65,E0,E0_0,20.0,0,1,100.0,Station pa_3_rev,Nearest (all busy)
528.0,easyBike_024,NEG_E6,parked,0.0,18.34,12000.0,CRITICAL,pa_7_rev,Station pa_7_rev,30.27,NEG_E6,NEG_E6_0,20.0,0,0,100.0,pa_6,Station pa_6,33.7,E5,E5_0,25.0,1,3,80.0,Station pa_6,2nd nearest has slots (nearest full)
530.0,easyBike_022,NEG_E8,NEG_E8_1,0.68,29.17,12000.0,HIGH,pa_8,Station pa_8,162.55,E7,E7_0,25.0,4,3,20.0,pa_3,Station pa_3,414.0,E1,E1_0,20.0,0,0,100.0,Station pa_8,Nearest with charging slots
531.0,easyBike_029,NEG_E1,parked,0.0,12.03,12000.0,CRITICAL,pa_3_rev,Station pa_3_rev,46.61,NEG_E1,NEG_E1_0,20.0,0,0,100.0,pa_2,Station pa_2,65.96,E0,E0_0,20.0,0,1,100.0,Station pa_3_rev,Nearest (all busy)
531.0,easyBike_031,NEG_E7,NEG_E7_0,10.77,15.27,12000.0,CRITICAL,pa_8_rev,Station pa_8_rev,62.56,NEG_E7,NEG_E7_0,25.0,0,0,100.0,pa_7,Station pa_7,84.46,E6,E6_0,20.0,4,2,0.0,Station pa_7,2nd nearest has slots (nearest full)
531.0,eRickshaw_026,E8,E8_1,11.63,32.82,7200.0,MEDIUM,pa_8,Station pa_8,71.63,E7,E7_0,25.0,4,3,20.0,pa_3,Station pa_3,402.41,E1,E1_0,20.0,0,0,100.0,Station pa_8,Nearest with charging slots
531.0,eRickshaw_030,NEG_E7,NEG_E7_1,12.7,24.96,7200.0,HIGH,pa_8_rev,Station pa_8_rev,19.13,NEG_E7,NEG_E7_0,25.0,0,0,100.0,pa_7,Station pa_7,40.9,E6,E6_0,20.0,4,2,0.0,Station pa_7,2nd nearest has slots (nearest full)
531.0,eRickshaw_032,NEG_E7,NEG_E7_0,9.24,32.94,7200.0,MEDIUM,pa_8_rev,Station pa_8_rev,139.13,NEG_E7,NEG_E7_0,25.0,0,0,100.0,pa_7,Station pa_7,160.6,E6,E6_0,20.0,4,2,0.0,Station pa_7,2nd nearest has slots (nearest full)
531.0,eVan_027,E7,E7_1,13.12,43.43,5760.0,MEDIUM,pa_8,Station pa_8,50.78,E7,E7_0,25.0,4,3,20.0,pa_3,Station pa_3,411.82,E1,E1_0,20.0,0,0,100.0,Station pa_8,Nearest with charging slots
531.0,eVan_033,E0,E0_0,12.72,29.48,5760.0,HIGH,pa_2_rev,Station pa_2_rev,120.4,NEG_E0,NEG_E0_0,20.0,3,3,25.0,pa_2,Station pa_2,270.43,E0,E0_0,20.0,0,1,100.0,Station pa_2_rev,Nearest with charging slots
532.0,easyBike_021,NEG_E1,parked,0.0,26.65,12000.0,HIGH,pa_3_rev,Station pa_3_rev,32.42,NEG_E1,NEG_E1_0,20.0,0,0,100.0,pa_2,Station pa_2,52.18,E0,E0_0,20.0,0,1,100.0,Station pa_3_rev,Nearest (all busy)
533.0,easyBike_026,E1,E1_0,0.0,16.07,12000.0,CRITICAL,pa_3,Station pa_3,76.1,E1,E1_0,20.0,0,0,100.0,pa_3_rev,Station pa_3_rev,379.54,NEG_E1,NEG_E1_0,20.0,0,0,100.0,Station pa_3,Nearest (all busy)
533.0,eRickshaw_029,NEG_E1,NEG_E1_0,9.85,29.06,7200.0,HIGH,pa_3_rev,Station pa_3_rev,57.86,NEG_E1,NEG_E1_0,20.0,0,0,100.0,pa_2,Station pa_2,76.52,E0,E0_0,20.0,0,1,100.0,Station pa_3_rev,Nearest (all busy)
536.0,easyBike_030,NEG_E8,NEG_E8_1,0.98,14.17,12000.0,CRITICAL,pa_8,Station pa_8,162.5,E7,E7_0,25.0,4,3,20.0,pa_3,Station pa_3,413.99,E1,E1_0,20.0,0,0,100.0,Station pa_8,Nearest with charging slots
536.0,eVan_032,NEG_E8,NEG_E8_0,13.59,33.89,5760.0,MEDIUM,pa_8,Station pa_8,35.08,E7,E7_0,25.0,4,3,20.0,pa_3,Station pa_3,411.3,E1,E1_0,20.0,0,0,100.0,Station pa_8,Nearest with charging slots
538.0,easyBike_022,NEG_E6,NEG_E6_0,12.88,28.4,12000.0,HIGH,pa_7,Station pa_7,41.84,E6,E6_0,20.0,4,2,0.0,pa_8_rev,Station pa_8_rev,64.23,NEG_E7,NEG_E7_0,25.0,0,0,100.0,Station pa_7,Nearest with charging slots
538.0,eRickshaw_027,E5,E5_0,6.7,30.57,7200.0,MEDIUM,pa_6_rev,Station pa_6_rev,38.0,NEG_E5,NEG_E5_0,25.0,4,3,20.0,pa_6,Station pa_6,222.41,E5,E5_0,25.0,1,3,80.0,Station pa_6_rev,Nearest with charging slots
538.0,eRickshaw_029,NEG_E2,NEG_E2_0,0.0,29.3,7200.0,HIGH,pa_3,Station pa_3,21.92,E1,E1_0,20.0,0,0,100.0,pa_8,Station pa_8,399.31,E7,E7_0,25.0,4,3,20.0,Station pa_8,2nd nearest has slots (nearest full)
541.0,easyBike_001,E0,E0_0,11.03,42.91,12000.0,MEDIUM,pa_2,Station pa_2,119.36,E0,E0_0,20.0,0,1,100.0,pa_3_rev,Station pa_3_rev,139.56,NEG_E1,NEG_E1_0,20.0,0,0,100.0,Station pa_2,Nearest with waiting slots
541.0,easyBike_003,E7,E7_1,0.93,40.04,12000.0,MEDIUM,pa_8,Station pa_8,3.2,E7,E7_0,25.0,4,3,20.0,pa_3,Station pa_3,408.27,E1,E1_0,20.0,0,0,100.0,Station pa_8,Nearest with charging slots
541.0,easyBike_004,E7,E7_0,11.38,38.67,12000.0,MEDIUM,pa_8,Station pa_8,29.92,E7,E7_0,25.0,4,3,20.0,pa_3,Station pa_3,406.42,E1,E1_0,20.0,0,0,100.0,Station pa_8,Nearest with charging slots
541.0,easyBike_005,NEG_E3,NEG_E3_0,11.39,38.12,12000.0,MEDIUM,pa_3,Station pa_3,169.34,E1,E1_0,20.0,0,0,100.0,pa_8,Station pa_8,362.23,E7,E7_0,25.0,4,3,20.0,Station pa_8,2nd nearest has slots (nearest full)
541.0,easyBike_006,NEG_E8,NEG_E8_1,0.27,37.06,12000.0,MEDIUM,pa_8,Station pa_8,23.2,E7,E7_0,25.0,4,3,20.0,pa_3,Station pa_3,409.28,E1,E1_0,20.0,0,0,100.0,Station pa_8,Nearest with charging slots
541.0,easyBike_007,NEG_E8,NEG_E8_1,0.99,35.88,12000.0,MEDIUM,pa_8,Station pa_8,23.33,E7,E7_0,25.0,4,3,20.0,pa_3,Station pa_3,411.22,E1,E1_0,20.0,0,0,100.0,Station pa_8,Nearest with charging slots
541.0,easyBike_008,NEG_E0,NEG_E0_0,11.67,33.72,12000.0,MEDIUM,pa_2_rev,Station pa_2_rev,30.99,NEG_E0,NEG_E0_0,20.0,3,3,25.0,pa_6_rev,Station pa_6_rev,262.67,NEG_E5,NEG_E5_0,25.0,4,3,20.0,Station pa_2_rev,Nearest with charging slots
541.0,easyBike_008,NEG_E8,NEG_E8_0,11.62,34.73,12000.0,MEDIUM,pa_8,Station pa_8,47.93,E7,E7_0,25.0,4,3,20.0,pa_3,Station pa_3,410.02,E1,E1_0,20.0,0,0,100.0,Station pa_8,Nearest with charging slots
541.0,easyBike_009,E1,E1_1,0.92,36.03,12000.0,MEDIUM,pa_3,Station pa_3,1.62,E1,E1_0,20.0,0,0,100.0,pa_8,Station pa_8,403.48,E7,E7_0,25.0,4,3,20.0,Station pa_8,2nd nearest has slots (nearest full)
541.0,easyBike_010,E1,E1_1,0.91,37.71,12000.0,MEDIUM,pa_3,Station pa_3,3.76,E1,E1_0,20.0,0,0,100.0,pa_8,Station pa_8,401.32,E7,E7_0,25.0,4,3,20.0,Station pa_8,2nd nearest has slots (nearest full)
541.0,easyBike_011,E7,E7_0,11.83,39.21,12000.0,MEDIUM,pa_8,Station pa_8,98.21,E7,E7_0,25.0,4,3,20.0,pa_8_rev,Station pa_8_rev,377.29,NEG_E7,NEG_E7_0,25.0,0,0,100.0,Station pa_8,Nearest with charging slots
541.0,easyBike_013,NEG_E0,NEG_E0_0,12.08,27.78,12000.0,HIGH,pa_2,Station pa_2,177.81,E0,E0_0,20.0,0,1,100.0,pa_3_rev,Station pa_3_rev,197.58,NEG_E1,NEG_E1_0,20.0,0,0,100.0,Station pa_2,Nearest with waiting slots
541.0,easyBike_017,E1,E1_0,12.48,23.72,12000.0,HIGH,pa_3_rev,Station pa_3_rev,94.56,NEG_E1,NEG_E1_0,20.0,0,0,100.0,pa_2,Station pa_2,111.86,E0,E0_0,20.0,0,1,100.0,Station pa_3_rev,Nearest (all busy)
541.0,easyBike_019,E5,parked,0.0,23.89,12000.0,HIGH,pa_6,Station pa_6,49.94,E5,E5_0,25.0,1,3,80.0,pa_7_rev,Station pa_7_rev,57.45,NEG_E6,NEG_E6_0,20.0,0,0,100.0,Station pa_6,Nearest with charging slots
541.0,easyBike_019,E5,E5_0,12.52,23.85,12000.0,HIGH,pa_6,Station pa_6,88.75,E5,E5_0,25.0,1,3,80.0,pa_7_rev,Station pa_7_rev,95.66,NEG_E6,NEG_E6_0,20.0,0,0,100.0,Station pa_6,Nearest with charging slots
541.0,easyBike_023,NEG_E6,NEG_E6_0,8.73,29.94,12000.0,HIGH,pa_7_rev,Station pa_7_rev,12.7,NEG_E6,NEG_E6_0,20.0,0,0,100.0,pa_6,Station pa_6,16.86,E5,E5_0,25.0,1,3,80.0,Station pa_6,2nd nearest has slots (nearest full)
541.0,easyBike_023,NEG_E5,parked,0.0,29.85,12000.0,HIGH,pa_6_rev,Station pa_6_rev,35.04,NEG_E5,NEG_E5_0,25.0,4,3,20.0,pa_6,Station pa_6,224.66,E5,E5_0,25.0,1,3,80.0,Station pa_6_rev,Nearest with charging slots
541.0,easyBike_023,NEG_E6,NEG_E6_0,12.95,30.08,12000.0,MEDIUM,pa_7,Station pa_7,32.92,E6,E6_0,20.0,4,2,0.0,pa_8_rev,Station pa_8_rev,55.0,NEG_E7,NEG_E7_0,25.0,0,0,100.0,Station pa_7,Nearest with charging slots
541.0,easyBike_025,E1,E1_0,1.06,17.24,12000.0,CRITICAL,pa_3,Station pa_3,0.59,E1,E1_0,20.0,0,0,100.0,pa_8,Station pa_8,405.63,E7,E7_0,25.0,4,3,20.0,Station pa_8,2nd nearest has slots (nearest full)
541.0,easyBike_027,E7,E7_0,13.22,14.67,12000.0,CRITICAL,pa_8_rev,Station pa_8_rev,214.21,NEG_E7,NEG_E7_0,25.0,0,0,100.0,pa_7,Station pa_7,235.0,E6,E6_0,20.0,4,2,0.0,Station pa_7,2nd nearest has slots (nearest full)
541.0,easyBike_027,E5,parked,0.0,15.13,12000.0,CRITICAL,pa_6,Station pa_6,56.58,E5,E5_0,25.0,1,3,80.0,pa_7_rev,Station pa_7_rev,64.0,NEG_E6,NEG_E6_0,20.0,0,0,100.0,Station pa_6,Nearest with charging slots
541.0,easyBike_029,NEG_E1,parked,0.0,12.03,12000.0,CRITICAL,pa_3_rev,Station pa_3_rev,37.15,NEG_E1,NEG_E1_0,20.0,0,0,100.0,pa_2,Station pa_2,56.75,E0,E0_0,20.0,0,1,100.0,Station pa_3_rev,Nearest (all busy)
541.0,easyBike_031,NEG_E7,parked,0.0,15.18,12000.0,CRITICAL,pa_8_rev,Station pa_8_rev,15.13,NEG_E7,NEG_E7_0,25.0,0,0,100.0,pa_7,Station pa_7,39.04,E6,E6_0,20.0,4,2,0.0,Station pa_7,2nd nearest has slots (nearest full)
541.0,easyBike_033,E1,parked,0.0,18.13,12000.0,CRITICAL,pa_3,Station pa_3,70.68,E1,E1_0,20.0,0,0,100.0,pa_3_rev,Station pa_3_rev,385.12,NEG_E1,NEG_E1_0,20.0,0,0,100.0,Station pa_3,Nearest (all busy)
541.0,easyBike_033,E0,E0_1,1.02,18.75,12000.0,CRITICAL,pa_2_rev,Station pa_2_rev,6.57,NEG_E0,NEG_E0_0,20.0,3,3,25.0,pa_6_rev,Station pa_6_rev,268.08,NEG_E5,NEG_E5_0,25.0,4,3,20.0,Station pa_2_rev,Nearest with charging slots
541.0,eRickshaw_031,NEG_E6,parked,0.0,23.57,7200.0,HIGH,pa_7_rev,Station pa_7_rev,35.26,NEG_E6,NEG_E6_0,20.0,0,0,100.0,pa_6,Station pa_6,38.37,E5,E5_0,25.0,1,3,80.0,Station pa_6,2nd nearest has slots (nearest full)
542.0,eRickshaw_031,NEG_E8,NEG_E8_0,12.73,24.67,7200.0,HIGH,pa_8,Station pa_8,121.32,E7,E7_0,25.0,4,3,20.0,pa_3,Station pa_3,410.86,E1,E1_0,20.0,0,0,100.0,Station pa_8,Nearest with charging slots
543.0,easyBike_002,E8,E8_0,11.16,40.85,12000.0,MEDIUM,pa_8,Station pa_8,96.84,E7,E7_0,25.0,4,3,20.0,pa_3,Station pa_3,399.53,E1,E1_0,20.0,0,0,100.0,Station pa_8,Nearest with charging slots
543.0,easyBike_002,E0,E0_0,11.17,41.75,12000.0,MEDIUM,pa_2,Station pa_2,121.1,E0,E0_0,20.0,0,1,100.0,pa_3_rev,Station pa_3_rev,141.3,NEG_E1,NEG_E1_0,20.0,0,0,100.0,Station pa_2,Nearest with waiting slots
543.0,easyBike_012,E7,E7_0,2.77,40.66,12000.0,MEDIUM,pa_8,Station pa_8,1.39,E7,E7_0,25.0,4,3,20.0,pa_3,Station pa_3,405.09,E1,E1_0,20.0,0,0,100.0,Station pa_8,Nearest with charging slots
543.0,easyBike_015,NEG_E5,NEG_E5_0,12.27,25.54,12000.0,HIGH,pa_6,Station pa_6,68.29,E5,E5_0,25.0,1,3,80.0,pa_7_rev,Station pa_7_rev,74.26,NEG_E6,NEG_E6_0,20.0,0,0,100.0,Station pa_6,Nearest with charging slots
543.0,easyBike_019,:Node8_6,:Node8_6_0,2.57,23.29,12000.0,HIGH,pa_8,Station pa_8,3.16,E7,E7_0,25.0,4,3,20.0,pa_3,Station pa_3,405.02,E1,E1_0,20.0,0,0,100.0,Station pa_8,Nearest with charging slots
543.0,easyBike_021,NEG_E0,NEG_E0_0,12.71,26.35,12000.0,HIGH,pa_2_rev,Station pa_2_rev,146.99,NEG_E0,NEG_E0_0,20.0,3,3,25.0,pa_2,Station pa_2,243.65,E0,E0_0,20.0,0,1,100.0,Station pa_2_rev,Nearest with charging slots
543.0,eRickshaw_028,E0,E0_1,0.26,29.21,7200.0,HIGH,pa_2_rev,Station pa_2_rev,6.51,NEG_E0,NEG_E0_0,20.0,3,3,25.0,pa_6_rev,Station pa_6_rev,268.09,NEG_E5,NEG_E5_0,25.0,4,3,20.0,Station pa_2_rev,Nearest with charging slots
543.0,eRickshaw_030,NEG_E8,NEG_E8_1,12.72,25.65,7200.0,HIGH,pa_8,Station pa_8,49.26,E7,E7_0,25.0,4,3,20.0,pa_3,Station pa_3,406.67,E1,E1_0,20.0,0,0,100.0,Station pa_8,Nearest with charging slots
544.0,eVan_031,NEG_E8,NEG_E8_0,1.37,28.72,5760.0,HIGH,pa_8,Station pa_8,24.47,E7,E7_0,25.0,4,3,20.0,pa_3,Station pa_3,412.74,E1,E1_0,20.0,0,0,100.0,Station pa_8,Nearest with charging slots
545.0,easyBike_013,NEG_E3,NEG_E3_0,12.02,28.67,12000.0,HIGH,pa_8,Station pa_8,198.46,E7,E7_0,25.0,4,3,20.0,pa_3,Station pa_3,326.54,E1,E1_0,20.0,0,0,100.0,Station pa_8,Nearest with charging slots
545.0,easyBike_021,NEG_E3,NEG_E3_0,12.73,27.32,12000.0,HIGH,pa_8,Station pa_8,201.19,E7,E7_0,25.0,4,3,20.0,pa_3,Station pa_3,322.39,E1,E1_0,20.0,0,0,100.0,Station pa_8,Nearest with charging slots
545.0,eRickshaw_029,NEG_E3,NEG_E3_0,13.38,29.33,7200.0,HIGH,pa_3,Station pa_3,159.85,E1,E1_0,20.0,0,0,100.0,pa_8,Station pa_8,382.34,E7,E7_0,25.0,4,3,20.0,Station pa_8,2nd nearest has slots (nearest full)
546.0,easyBike_014,NEG_E10,NEG_E10_0,12.18,26.69,12000.0,HIGH,pa_3_rev,Station pa_3_rev,79.61,NEG_E1,NEG_E1_0,20.0,0,0,100.0,pa_2,Station pa_2,89.35,E0,E0_0,20.0,0,1,100.0,Station pa_3_rev,Nearest (all busy)
546.0,easyBike_017,E3,E3_0,12.42,23.07,12000.0,HIGH,pa_8,Station pa_8,228.2,E7,E7_0,25.0,4,3,20.0,pa_3,Station pa_3,300.0,E1,E1_0,20.0,0,0,100.0,Station pa_8,Nearest with charging slots
546.0,easyBike_018,E1,parked,0.0,22.41,12000.0,HIGH,pa_3,Station pa_3,63.85,E1,E1_0,20.0,0,0,100.0,pa_3_rev,Station pa_3_rev,391.95,NEG_E1,NEG_E1_0,20.0,0,0,100.0,Station pa_3,Nearest (all busy)
546.0,easyBike_018,E0,E0_1,12.46,22.69,12000.0,HIGH,pa_2,Station pa_2,93.86,E0,E0_0,20.0,0,1,100.0,pa_3_rev,Station pa_3_rev,113.89,NEG_E1,NEG_E1_0,20.0,0,0,100.0,Station pa_2,Nearest with waiting slots
546.0,easyBike_030,NEG_E6,NEG_E6_0,0.0,13.32,12000.0,CRITICAL,pa_7_rev,Station pa_7_rev,40.45,NEG_E6,NEG_E6_0,20.0,0,0,100.0,pa_6,Station pa_6,42.58,E5,E5_0,25.0,1,3,80.0,Station pa_6,2nd nearest has slots (nearest full)
546.0,eRickshaw_026,E1,E1_0,12.82,33.69,7200.0,MEDIUM,pa_3,Station pa_3,167.35,E1,E1_0,20.0,0,0,100.0,pa_3_rev,Station pa_3_rev,288.33,NEG_E1,NEG_E1_0,20.0,0,0,100.0,Station pa_3,Nearest (all busy)
546.0,eRickshaw_032,NEG_E8,NEG_E8_1,0.55,33.61,7200.0,MEDIUM,pa_8,Station pa_8,162.59,E7,E7_0,25.0,4,3,20.0,pa_3,Station pa_3,414.0,E1,E1_0,20.0,0,0,100.0,Station pa_8,Nearest with charging slots
546.0,eVan_030,:Node8_2,:Node8_2_0,0.0,45.76,5760.0,MEDIUM,pa_8,Station pa_8,17.6,E7,E7_0,25.0,4,3,20.0,pa_3,Station pa_3,409.23,E1,E1_0,20.0,0,0,100.0,Station pa_8,Nearest with charging slots
547.0,easyBike_022,NEG_E7,parked,0.0,28.51,12000.0,HIGH,pa_8_rev,Station pa_8_rev,9.04,NEG_E7,NEG_E7_0,25.0,0,0,100.0,pa_7,Station pa_7,33.33,E6,E6_0,20.0,4,2,0.0,Station pa_7,2nd nearest has slots (nearest full)
548.0,easyBike_014,NEG_E6,parked,0.0,26.84,12000.0,HIGH,pa_7_rev,Station pa_7_rev,15.38,NEG_E6,NEG_E6_0,20.0,0,0,100.0,pa_6,Station pa_6,20.68,E5,E5_0,25.0,0,3,100.0,Station pa_7_rev,Nearest (all busy)
548.0,easyBike_015,NEG_E6,parked,0.0,25.69,12000.0,HIGH,pa_7_rev,Station pa_7_rev,20.32,NEG_E6,NEG_E6_0,20.0,0,0,100.0,pa_6,Station pa_6,24.76,E5,E5_0,25.0,0,3,100.0,Station pa_7_rev,Nearest (all busy)
548.0,easyBike_016,NEG_E10,NEG_E10_0,12.32,24.33,12000.0,HIGH,pa_3_rev,Station pa_3_rev,83.03,NEG_E1,NEG_E1_0,20.0,0,0,100.0,pa_2,Station pa_2,92.83,E0,E0_0,20.0,0,1,100.0,Station pa_3_rev,Nearest (all busy)
548.0,easyBike_020,E1,parked,0.0,25.23,12000.0,HIGH,pa_3,Station pa_3,60.44,E1,E1_0,20.0,0,0,100.0,pa_3_rev,Station pa_3_rev,395.37,NEG_E1,NEG_E1_0,20.0,0,0,100.0,Station pa_3,Nearest (all busy)
548.0,easyBike_025,E1,E1_0,0.0,17.31,12000.0,CRITICAL,pa_3,Station pa_3,74.37,E1,E1_0,20.0,0,0,100.0,pa_3_rev,Station pa_3_rev,381.26,NEG_E1,NEG_E1_0,20.0,0,0,100.0,Station pa_3,Nearest (all busy)
549.0,easyBike_020,E0,E0_1,12.64,25.52,12000.0,HIGH,pa_2,Station pa_2,86.47,E0,E0_0,20.0,0,1,100.0,pa_3_rev,Station pa_3_rev,106.5,NEG_E1,NEG_E1_0,20.0,0,0,100.0,Station pa_2,Nearest with waiting slots
550.0,easyBike_016,NEG_E6,parked,0.0,24.51,12000.0,HIGH,pa_7_rev,Station pa_7_rev,25.28,NEG_E6,NEG_E6_0,20.0,0,0,100.0,pa_6,Station pa_6,29.14,E5,E5_0,25.0,0,3,100.0,Station pa_7_rev,Nearest (all busy)
551.0,easyBike_018,:Node8_6,:Node8_6_0,8.76,21.91,12000.0,HIGH,pa_8,Station pa_8,9.11,E7,E7_0,25.0,4,3,20.0,pa_3,Station pa_3,406.39,E1,E1_0,20.0,0,0,100.0,Station pa_8,Nearest with charging slots
551.0,easyBike_029,NEG_E3,NEG_E3_0,13.43,12.72,12000.0,CRITICAL,pa_8,Station pa_8,204.4,E7,E7_0,25.0,4,3,20.0,pa_3,Station pa_3,317.64,E1,E1_0,20.0,0,0,100.0,Station pa_8,Nearest with charging slots
551.0,easyBike_031,NEG_E8,NEG_E8_0,0.94,15.83,12000.0,CRITICAL,pa_8,Station pa_8,162.7,E7,E7_0,25.0,4,3,20.0,pa_3,Station pa_3,417.13,E1,E1_0,20.0,0,0,100.0,Station pa_8,Nearest with charging slots
551.0,eRickshaw_027,E7,parked,0.0,29.63,7200.0,HIGH,pa_8,Station pa_8,58.19,E7,E7_0,25.0,4,3,20.0,pa_3,Station pa_3,406.53,E1,E1_0,20.0,0,0,100.0,Station pa_8,Nearest with charging slots
551.0,eRickshaw_028,E1,parked,0.0,28.21,7200.0,HIGH,pa_3,Station pa_3,57.03,E1,E1_0,20.0,0,0,100.0,pa_3_rev,Station pa_3_rev,398.78,NEG_E1,NEG_E1_0,20.0,0,0,100.0,Station pa_3,Nearest (all busy)
551.0,eRickshaw_033,E3,E3_0,13.86,35.96,7200.0,MEDIUM,pa_8,Station pa_8,245.49,E7,E7_0,25.0,4,3,20.0,pa_3,Station pa_3,278.93,E1,E1_0,20.0,0,0,100.0,Station pa_8,Nearest with charging slots
551.0,eVan_029,NEG_E1,NEG_E1_1,6.47,30.8,5760.0,MEDIUM,pa_3,Station pa_3,10.95,E1,E1_0,20.0,0,0,100.0,pa_8,Station pa_8,398.96,E7,E7_0,25.0,4,3,20.0,Station pa_8,2nd nearest has slots (nearest full)
552.0,eRickshaw_029,NEG_E3,NEG_E3_1,0.0,30.14,7200.0,MEDIUM,pa_8,Station pa_8,167.74,E7,E7_0,25.0,4,3,20.0,pa_3,Station pa_3,407.34,E1,E1_0,20.0,0,0,100.0,Station pa_8,Nearest with charging slots
553.0,easyBike_021,NEG_E1,parked,0.0,26.65,12000.0,HIGH,pa_3_rev,Station pa_3_rev,41.88,NEG_E1,NEG_E1_0,20.0,0,0,100.0,pa_2,Station pa_2,61.34,E0,E0_0,20.0,0,1,100.0,Station pa_3_rev,Nearest (all busy)
553.0,eRickshaw_030,NEG_E6,parked,0.0,24.71,7200.0,HIGH,pa_7_rev,Station pa_7_rev,10.53,NEG_E6,NEG_E6_0,20.0,0,0,100.0,pa_6,Station pa_6,17.1,E5,E5_0,25.0,0,3,100.0,Station pa_7_rev,Nearest (all busy)
553.0,eRickshaw_032,NEG_E7,NEG_E7_0,6.51,33.11,7200.0,MEDIUM,pa_8,Station pa_8,14.02,E7,E7_0,25.0,4,3,20.0,pa_3,Station pa_3,415.17,E1,E1_0,20.0,0,0,100.0,Station pa_8,Nearest with charging slots
554.0,easyBike_014,NEG_E8,NEG_E8_1,0.0,27.67,12000.0,HIGH,pa_8,Station pa_8,162.6,E7,E7_0,25.0,4,3,20.0,pa_3,Station pa_3,414.01,E1,E1_0,20.0,0,0,100.0,Station pa_8,Nearest with charging slots
554.0,easyBike_015,NEG_E8,NEG_E8_0,0.0,26.5,12000.0,HIGH,pa_8,Station pa_8,162.79,E7,E7_0,25.0,4,3,20.0,pa_3,Station pa_3,417.15,E1,E1_0,20.0,0,0,100.0,Station pa_8,Nearest with charging slots
554.0,easyBike_020,E7,E7_0,12.67,24.89,12000.0,HIGH,pa_8_rev,Station pa_8_rev,235.72,NEG_E7,NEG_E7_0,25.0,0,0,100.0,pa_8,Station pa_8,239.85,E7,E7_0,25.0,4,3,20.0,Station pa_8,2nd nearest has slots (nearest full)
556.0,easyBike_006,NEG_E0,NEG_E0_0,11.46,36.05,12000.0,MEDIUM,pa_2_rev,Station pa_2_rev,18.67,NEG_E0,NEG_E0_0,20.0,3,3,25.0,pa_6_rev,Station pa_6_rev,261.85,NEG_E5,NEG_E5_0,25.0,4,3,20.0,Station pa_2_rev,Nearest with charging slots
556.0,easyBike_017,E1,parked,0.0,23.58,12000.0,HIGH,pa_3,Station pa_3,67.26,E1,E1_0,20.0,0,0,100.0,pa_3_rev,Station pa_3_rev,388.54,NEG_E1,NEG_E1_0,20.0,0,0,100.0,Station pa_3,Nearest (all busy)
556.0,easyBike_022,NEG_E10,NEG_E10_0,12.81,28.18,12000.0,HIGH,pa_3_rev,Station pa_3_rev,88.38,NEG_E1,NEG_E1_0,20.0,0,0,100.0,pa_2,Station pa_2,98.26,E0,E0_0,20.0,0,1,100.0,Station pa_3_rev,Nearest (all busy)
556.0,easyBike_024,NEG_E10,NEG_E10_0,13.01,18.18,12000.0,CRITICAL,pa_3_rev,Station pa_3_rev,99.94,NEG_E1,NEG_E1_0,20.0,0,0,100.0,pa_2,Station pa_2,109.97,E0,E0_0,20.0,0,1,100.0,Station pa_3_rev,Nearest (all busy)
556.0,easyBike_024,NEG_E6,NEG_E6_0,10.83,18.43,12000.0,CRITICAL,pa_7,Station pa_7,58.48,E6,E6_0,20.0,4,2,0.0,pa_8_rev,Station pa_8_rev,81.18,NEG_E7,NEG_E7_0,25.0,0,0,100.0,Station pa_7,Nearest with charging slots
556.0,easyBike_026,E7,E7_0,13.13,15.75,12000.0,CRITICAL,pa_8_rev,Station pa_8_rev,158.28,NEG_E7,NEG_E7_0,25.0,0,0,100.0,pa_7,Station pa_7,179.0,E6,E6_0,20.0,4,2,0.0,Station pa_7,2nd nearest has slots (nearest full)
556.0,easyBike_028,E10,E10_0,8.59,13.43,12000.0,CRITICAL,pa_7,Station pa_7,19.19,E6,E6_0,20.0,4,2,0.0,pa_8_rev,Station pa_8_rev,23.44,NEG_E7,NEG_E7_0,25.0,0,0,100.0,Station pa_7,Nearest with charging slots
556.0,easyBike_028,E1,parked,0.0,13.57,12000.0,CRITICAL,pa_3,Station pa_3,87.6,E1,E1_0,20.0,0,0,100.0,pa_3_rev,Station pa_3_rev,368.2,NEG_E1,NEG_E1_0,20.0,0,0,100.0,Station pa_3,Nearest (all busy)
556.0,easyBike_030,NEG_E7,parked,0.0,13.52,12000.0,CRITICAL,pa_8_rev,Station pa_8_rev,18.24,NEG_E7,NEG_E7_0,25.0,0,0,100.0,pa_7,Station pa_7,41.96,E6,E6_0,20.0,4,2,0.0,Station pa_7,2nd nearest has slots (nearest full)
556.0,easyBike_032,NEG_E7,parked,0.0,16.83,12000.0,CRITICAL,pa_8_rev,Station pa_8_rev,12.05,NEG_E7,NEG_E7_0,25.0,0,0,100.0,pa_7,Station pa_7,36.16,E6,E6_0,20.0,4,2,0.0,Station pa_7,2nd nearest has slots (nearest full)
556.0,easyBike_034,E0,E0_1,1.04,35.0,12000.0,MEDIUM,pa_2_rev,Station pa_2_rev,6.57,NEG_E0,NEG_E0_0,20.0,3,3,25.0,pa_6_rev,Station pa_6_rev,268.08,NEG_E5,NEG_E5_0,25.0,4,3,20.0,Station pa_2_rev,Nearest with charging slots
556.0,eRickshaw_031,:Node7_0,:Node7_0_0,12.22,23.72,7200.0,HIGH,pa_8_rev,Station pa_8_rev,10.29,NEG_E7,NEG_E7_0,25.0,0,0,100.0,pa_7,Station pa_7,16.04,E6,E6_0,20.0,4,2,0.0,Station pa_7,2nd nearest has slots (nearest full)
556.0,eVan_028,E1,E1_0,0.0,26.92,5760.0,HIGH,pa_3,Station pa_3,78.69,E1,E1_0,20.0,0,0,100.0,pa_3_rev,Station pa_3_rev,376.95,NEG_E1,NEG_E1_0,20.0,0,0,100.0,Station pa_3,Nearest (all busy)
557.0,easyBike_016,NEG_E8,NEG_E8_1,0.44,25.33,12000.0,HIGH,pa_8,Station pa_8,162.58,E7,E7_0,25.0,4,3,20.0,pa_3,Station pa_3,414.0,E1,E1_0,20.0,0,0,100.0,Station pa_8,Nearest with charging slots
557.0,easyBike_032,NEG_E6,NEG_E6_0,12.39,16.63,12000.0,CRITICAL,pa_7_rev,Station pa_7_rev,94.96,NEG_E6,NEG_E6_0,20.0,0,0,100.0,pa_6,Station pa_6,96.41,E5,E5_0,25.0,0,3,100.0,Station pa_7_rev,Nearest (all busy)
558.0,easyBike_013,NEG_E1,parked,0.0,28.02,12000.0,HIGH,pa_3_rev,Station pa_3_rev,27.71,NEG_E1,NEG_E1_0,20.0,0,0,100.0,pa_2,Station pa_2,47.65,E0,E0_0,20.0,0,1,100.0,Station pa_3_rev,Nearest (all busy)
558.0,easyBike_024,NEG_E6,parked,0.0,18.34,12000.0,CRITICAL,pa_7_rev,Station pa_7_rev,30.27,NEG_E6,NEG_E6_0,20.0,0,0,100.0,pa_6,Station pa_6,33.7,E5,E5_0,25.0,0,3,100.0,Station pa_7_rev,Nearest (all busy)
560.0,easyBike_022,NEG_E8,NEG_E8_0,12.8,28.99,12000.0,HIGH,pa_8,Station pa_8,107.61,E7,E7_0,25.0,4,3,20.0,pa_3,Station pa_3,409.69,E1,E1_0,20.0,0,0,100.0,Station pa_8,Nearest with charging slots
561.0,easyBike_029,NEG_E1,parked,0.0,12.03,12000.0,CRITICAL,pa_3_rev,Station pa_3_rev,46.61,NEG_E1,NEG_E1_0,20.0,0,0,100.0,pa_2,Station pa_2,65.96,E0,E0_0,20.0,0,1,100.0,Station pa_3_rev,Nearest (all busy)
561.0,easyBike_031,NEG_E6,NEG_E6_0,10.77,15.16,12000.0,CRITICAL,pa_7,Station pa_7,91.8,E6,E6_0,20.0,4,2,0.0,pa_8_rev,Station pa_8_rev,114.77,NEG_E7,NEG_E7_0,25.0,0,0,100.0,Station pa_7,Nearest with charging slots
561.0,eRickshaw_026,E8,E8_0,11.63,32.6,7200.0,MEDIUM,pa_8,Station pa_8,137.54,E7,E7_0,25.0,4,3,20.0,pa_3,Station pa_3,403.67,E1,E1_0,20.0,0,0,100.0,Station pa_8,Nearest with charging slots
561.0,eRickshaw_030,NEG_E6,NEG_E6_0,11.6,24.71,7200.0,HIGH,pa_7_rev,Station pa_7_rev,92.13,NEG_E6,NEG_E6_0,20.0,0,0,100.0,pa_6,Station pa_6,93.44,E5,E5_0,25.0,0,3,100.0,Station pa_7_rev,Nearest (all busy)
561.0,eRickshaw_032,:Node7_2,:Node7_2_0,5.46,32.83,7200.0,MEDIUM,pa_8_rev,Station pa_8_rev,5.77,NEG_E7,NEG_E7_0,25.0,0,0,100.0,pa_7,Station pa_7,18.77,E6,E6_0,20.0,4,2,0.0,Station pa_7,2nd nearest has slots (nearest full)
561.0,eVan_027,E8,E8_1,11.96,43.26,5760.0,MEDIUM,pa_8,Station pa_8,39.68,E7,E7_0,25.0,4,3,20.0,pa_3,Station pa_3,403.19,E1,E1_0,20.0,0,0,100.0,Station pa_8,Nearest with charging slots
561.0,eVan_033,E0,E0_0,12.72,29.06,5760.0,HIGH,pa_2,Station pa_2,95.0,E0,E0_0,20.0,0,1,100.0,pa_3_rev,Station pa_3_rev,115.23,NEG_E1,NEG_E1_0,20.0,0,0,100.0,Station pa_2,Nearest with waiting slots
562.0,easyBike_021,NEG_E1,parked,0.0,26.65,12000.0,HIGH,pa_3_rev,Station pa_3_rev,32.42,NEG_E1,NEG_E1_0,20.0,0,0,100.0,pa_2,Station pa_2,52.18,E0,E0_0,20.0,0,1,100.0,Station pa_3_rev,Nearest (all busy)
563.0,easyBike_026,E1,E1_0,0.0,16.06,12000.0,CRITICAL,pa_3,Station pa_3,76.1,E1,E1_0,20.0,0,0,100.0,pa_3_rev,Station pa_3_rev,379.54,NEG_E1,NEG_E1_0,20.0,0,0,100.0,Station pa_3,Nearest (all busy)
563.0,eRickshaw_029,NEG_E1,parked,0.0,29.06,7200.0,HIGH,pa_3_rev,Station pa_3_rev,23.0,NEG_E1,NEG_E1_0,20.0,0,0,100.0,pa_2,Station pa_2,43.17,E0,E0_0,20.0,0,1,100.0,Station pa_3_rev,Nearest (all busy)
566.0,easyBike_030,NEG_E8,NEG_E8_0,12.81,13.99,12000.0,CRITICAL,pa_8,Station pa_8,107.27,E7,E7_0,25.0,4,3,20.0,pa_3,Station pa_3,409.66,E1,E1_0,20.0,0,0,100.0,Station pa_8,Nearest with charging slots
566.0,eVan_032,NEG_E7,NEG_E7_1,13.79,33.64,5760.0,MEDIUM,pa_8,Station pa_8,93.72,E7,E7_0,25.0,4,3,20.0,pa_8_rev,Station pa_8_rev,381.89,NEG_E7,NEG_E7_0,25.0,0,0,100.0,Station pa_8,Nearest with charging slots
568.0,easyBike_022,NEG_E6,parked,0.0,28.35,12000.0,HIGH,pa_7_rev,Station pa_7_rev,71.97,NEG_E6,NEG_E6_0,20.0,0,0,100.0,pa_6,Station pa_6,74.01,E5,E5_0,25.0,0,3,100.0,Station pa_7_rev,Nearest (all busy)
568.0,eRickshaw_027,E6,E6_0,6.51,30.42,7200.0,MEDIUM,pa_6,Station pa_6,17.75,E5,E5_0,25.0,0,3,100.0,pa_7_rev,Station pa_7_rev,19.35,NEG_E6,NEG_E6_0,20.0,0,0,100.0,Station pa_6,Nearest with waiting slots
568.0,eRickshaw_029,NEG_E1,NEG_E1_0,11.47,29.15,7200.0,HIGH,pa_3,Station pa_3,91.75,E1,E1_0,20.0,0,0,100.0,pa_3_rev,Station pa_3_rev,364.27,NEG_E1,NEG_E1_0,20.0,0,0,100.0,Station pa_3,Nearest (all busy)
571.0,easyBike_001,E1,E1_0,11.08,42.8,12000.0,MEDIUM,pa_3_rev,Station pa_3_rev,31.91,NEG_E1,NEG_E1_0,20.0,0,0,100.0,pa_2,Station pa_2,48.24,E0,E0_0,20.0,0,1,100.0,Station pa_3_rev,Nearest (all busy)
571.0,easyBike_003,E8,E8_1,11.27,39.9,12000.0,MEDIUM,pa_8,Station pa_8,66.62,E7,E7_0,25.0,4,3,20.0,pa_3,Station pa_3,402.53,E1,E1_0,20.0,0,0,100.0,Station pa_8,Nearest with charging slots
571.0,easyBike_004,E8,E8_0,11.34,38.56,12000.0,MEDIUM,pa_8,Station pa_8,63.15,E7,E7_0,25.0,4,3,20.0,pa_3,Station pa_3,399.45,E1,E1_0,20.0,0,0,100.0,Station pa_8,Nearest with charging slots
571.0,easyBike_005,NEG_E3,NEG_E3_0,9.59,38.01,12000.0,MEDIUM,pa_3,Station pa_3,150.93,E1,E1_0,20.0,0,0,100.0,pa_8,Station pa_8,460.34,E7,E7_0,25.0,4,3,20.0,Station pa_8,2nd nearest has slots (nearest full)
571.0,easyBike_006,NEG_E9,NEG_E9_0,11.48,36.96,12000.0,MEDIUM,pa_8,Station pa_8,39.74,E7,E7_0,25.0,4,3,20.0,pa_3,Station pa_3,365.77,E1,E1_0,20.0,0,0,100.0,Station pa_8,Nearest with charging slots
571.0,easyBike_007,NEG_E7,NEG_E7_0,11.57,35.73,12000.0,MEDIUM,pa_8,Station pa_8,129.07,E7,E7_0,25.0,4,3,20.0,pa_8_rev,Station pa_8_rev,346.67,NEG_E7,NEG_E7_0,25.0,0,0,100.0,Station pa_8,Nearest with charging slots
571.0,easyBike_008,NEG_E7,NEG_E7_1,11.69,34.6,12000.0,MEDIUM,pa_8,Station pa_8,96.23,E7,E7_0,25.0,4,3,20.0,pa_8_rev,Station pa_8_rev,379.37,NEG_E7,NEG_E7_0,25.0,0,0,100.0,Station pa_8,Nearest with charging slots
571.0,easyBike_009,E3,E3_0,11.76,35.85,12000.0,MEDIUM,pa_3,Station pa_3,158.6,E1,E1_0,20.0,0,0,100.0,pa_8,Station pa_8,430.69,E7,E7_0,25.0,4,3,20.0,Station pa_8,2nd nearest has slots (nearest full)
571.0,easyBike_010,E9,E9_0,11.85,37.57,12000.0,MEDIUM,pa_3,Station pa_3,82.59,E1,E1_0,20.0,0,0,100.0,pa_8,Station pa_8,324.19,E7,E7_0,25.0,4,3,20.0,Station pa_8,2nd nearest has slots (nearest full)
571.0,easyBike_011,E8,E8_0,7.91,39.14,12000.0,MEDIUM,pa_8,Station pa_8,26.95,E7,E7_0,25.0,4,3,20.0,pa_3,Station pa_3,402.52,E1,E1_0,20.0,0,0,100.0,Station pa_8,Nearest with charging slots
571.0,easyBike_013,NEG_E0,NEG_E0_0,12.09,27.65,12000.0,HIGH,pa_2_rev,Station pa_2_rev,46.82,NEG_E0,NEG_E0_0,20.0,3,3,25.0,pa_6_rev,Station pa_6_rev,264.56,NEG_E5,NEG_E5_0,25.0,4,3,20.0,Station pa_2_rev,Nearest with charging slots
571.0,easyBike_017,E1,E1_0,12.47,23.58,12000.0,HIGH,pa_3,Station pa_3,148.74,E1,E1_0,20.0,0,0,100.0,pa_3_rev,Station pa_3_rev,306.93,NEG_E1,NEG_E1_0,20.0,0,0,100.0,Station pa_3,Nearest (all busy)
571.0,easyBike_019,E5,parked,0.0,23.89,12000.0,HIGH,pa_6,Station pa_6,49.94,E5,E5_0,25.0,0,3,100.0,pa_7_rev,Station pa_7_rev,57.45,NEG_E6,NEG_E6_0,20.0,0,0,100.0,Station pa_6,Nearest with waiting slots
571.0,easyBike_019,E5,parked,0.0,23.89,12000.0,HIGH,pa_6,Station pa_6,53.26,E5,E5_0,25.0,0,3,100.0,pa_7_rev,Station pa_7_rev,60.72,NEG_E6,NEG_E6_0,20.0,0,0,100.0,Station pa_6,Nearest with waiting slots
571.0,easyBike_023,NEG_E4,NEG_E4_0,12.98,29.74,12000.0,HIGH,pa_6_rev,Station pa_6_rev,43.78,NEG_E5,NEG_E5_0,25.0,4,3,20.0,pa_2_rev,Station pa_2_rev,218.33,NEG_E0,NEG_E0_0,20.0,3,3,25.0,Station pa_6_rev,Nearest with charging slots
571.0,easyBike_023,NEG_E5,parked,0.0,29.85,12000.0,HIGH,pa_6_rev,Station pa_6_rev,35.04,NEG_E5,NEG_E5_0,25.0,4,3,20.0,pa_6,Station pa_6,224.66,E5,E5_0,25.0,0,3,100.0,Station pa_6_rev,Nearest with charging slots
571.0,easyBike_023,NEG_E6,NEG_E6_1,6.47,30.0,12000.0,MEDIUM,pa_7_rev,Station pa_7_rev,64.83,NEG_E6,NEG_E6_0,20.0,0,0,100.0,pa_6,Station pa_6,66.04,E5,E5_0,25.0,0,3,100.0,Station pa_7_rev,Nearest (all busy)
571.0,easyBike_023,NEG_E8,NEG_E8_0,0.94,30.83,12000.0,MEDIUM,pa_8,Station pa_8,162.7,E7,E7_0,25.0,4,3,20.0,pa_3,Station pa_3,417.13,E1,E1_0,20.0,0,0,100.0,Station pa_8,Nearest with charging slots
571.0,easyBike_025,E3,E3_0,13.05,17.03,12000.0,CRITICAL,pa_3,Station pa_3,159.58,E1,E1_0,20.0,0,0,100.0,pa_8,Station pa_8,421.27,E7,E7_0,25.0,4,3,20.0,Station pa_8,2nd nearest has slots (nearest full)
571.0,easyBike_027,E7,E7_0,13.28,14.52,12000.0,CRITICAL,pa_8,Station pa_8,51.4,E7,E7_0,25.0,4,3,20.0,pa_3,Station pa_3,408.74,E1,E1_0,20.0,0,0,100.0,Station pa_8,Nearest with charging slots
571.0,easyBike_027,E5,parked,0.0,15.13,12000.0,CRITICAL,pa_6,Station pa_6,56.58,E5,E5_0,25.0,0,3,100.0,pa_7_rev,Station pa_7_rev,64.0,NEG_E6,NEG_E6_0,20.0,0,0,100.0,Station pa_6,Nearest with waiting slots
571.0,easyBike_029,NEG_E1,parked,0.0,12.03,12000.0,CRITICAL,pa_3_rev,Station pa_3_rev,37.15,NEG_E1,NEG_E1_0,20.0,0,0,100.0,pa_2,Station pa_2,56.75,E0,E0_0,20.0,0,1,100.0,Station pa_3_rev,Nearest (all busy)
571.0,easyBike_031,NEG_E7,parked,0.0,15.18,12000.0,CRITICAL,pa_8_rev,Station pa_8_rev,15.13,NEG_E7,NEG_E7_0,25.0,0,0,100.0,pa_7,Station pa_7,39.04,E6,E6_0,20.0,4,2,0.0,Station pa_7,2nd nearest has slots (nearest full)
571.0,easyBike_033,E1,parked,0.0,18.13,12000.0,CRITICAL,pa_3,Station pa_3,70.68,E1,E1_0,20.0,0,0,100.0,pa_3_rev,Station pa_3_rev,385.12,NEG_E1,NEG_E1_0,20.0,0,0,100.0,Station pa_3,Nearest (all busy)
571.0,easyBike_033,E0,E0_0,13.64,18.55,12000.0,CRITICAL,pa_2_rev,Station pa_2_rev,146.59,NEG_E0,NEG_E0_0,20.0,3,3,25.0,pa_2,Station pa_2,244.18,E0,E0_0,20.0,0,1,100.0,Station pa_2_rev,Nearest with charging slots
571.0,eRickshaw_031,NEG_E6,parked,0.0,23.57,7200.0,HIGH,pa_7_rev,Station pa_7_rev,35.26,NEG_E6,NEG_E6_0,20.0,0,0,100.0,pa_6,Station pa_6,38.37,E5,E5_0,25.0,0,3,100.0,Station pa_7_rev,Nearest (all busy)
572.0,eRickshaw_031,NEG_E8,NEG_E8_0,12.72,24.4,7200.0,HIGH,pa_8,Station pa_8,49.83,E7,E7_0,25.0,4,3,20.0,pa_3,Station pa_3,409.87,E1,E1_0,20.0,0,0,100.0,Station pa_8,Nearest with charging slots
573.0,easyBike_002,E8,E8_0,11.13,40.73,12000.0,MEDIUM,pa_8,Station pa_8,160.11,E7,E7_0,25.0,4,3,20.0,pa_3,Station pa_3,407.28,E1,E1_0,20.0,0,0,100.0,Station pa_8,Nearest with charging slots
573.0,easyBike_002,E1,E1_0,11.18,41.63,12000.0,MEDIUM,pa_3_rev,Station pa_3_rev,31.46,NEG_E1,NEG_E1_0,20.0,0,0,100.0,pa_2,Station pa_2,47.77,E0,E0_0,20.0,0,1,100.0,Station pa_3_rev,Nearest (all busy)
573.0,easyBike_012,E8,E8_0,11.97,40.49,12000.0,MEDIUM,pa_8,Station pa_8,71.68,E7,E7_0,25.0,4,3,20.0,pa_3,Station pa_3,399.2,E1,E1_0,20.0,0,0,100.0,Station pa_8,Nearest with charging slots
573.0,easyBike_015,NEG_E4,NEG_E4_0,12.26,25.39,12000.0,HIGH,pa_6_rev,Station pa_6_rev,97.55,NEG_E5,NEG_E5_0,25.0,4,3,20.0,pa_2_rev,Station pa_2_rev,164.54,NEG_E0,NEG_E0_0,20.0,3,3,25.0,Station pa_6_rev,Nearest with charging slots
573.0,easyBike_019,E8,E8_0,12.54,23.11,12000.0,HIGH,pa_8,Station pa_8,75.96,E7,E7_0,25.0,4,3,20.0,pa_3,Station pa_3,399.14,E1,E1_0,20.0,0,0,100.0,Station pa_8,Nearest with charging slots
573.0,eRickshaw_028,E0,E0_0,13.46,29.0,7200.0,HIGH,pa_2_rev,Station pa_2_rev,104.39,NEG_E0,NEG_E0_0,20.0,3,3,25.0,pa_2,Station pa_2,286.5,E0,E0_0,20.0,0,1,100.0,Station pa_2_rev,Nearest with charging slots
573.0,eRickshaw_030,NEG_E9,NEG_E9_1,4.46,25.59,7200.0,HIGH,pa_8,Station pa_8,12.26,E7,E7_0,25.0,4,3,20.0,pa_3,Station pa_3,396.6,E1,E1_0,20.0,0,0,100.0,Station pa_8,Nearest with charging slots
574.0,eVan_031,NEG_E7,NEG_E7_0,10.92,28.48,5760.0,HIGH,pa_8,Station pa_8,111.17,E7,E7_0,25.0,4,3,20.0,pa_8_rev,Station pa_8_rev,364.62,NEG_E7,NEG_E7_0,25.0,0,0,100.0,Station pa_8,Nearest with charging slots
575.0,easyBike_013,NEG_E3,NEG_E3_0,12.08,28.54,12000.0,HIGH,pa_3,Station pa_3,231.1,E1,E1_0,20.0,0,0,100.0,pa_8,Station pa_8,279.86,E7,E7_0,25.0,4,3,20.0,Station pa_8,2nd nearest has slots (nearest full)
575.0,easyBike_021,NEG_E3,NEG_E3_0,12.77,27.18,12000.0,HIGH,pa_3,Station pa_3,222.58,E1,E1_0,20.0,0,0,100.0,pa_8,Station pa_8,289.11,E7,E7_0,25.0,4,3,20.0,Station pa_8,2nd nearest has slots (nearest full)
575.0,eRickshaw_029,NEG_E2,NEG_E2_0,6.94,29.13,7200.0,HIGH,pa_3,Station pa_3,99.96,E1,E1_0,20.0,0,0,100.0,pa_8,Station pa_8,436.58,E7,E7_0,25.0,4,3,20.0,Station pa_8,2nd nearest has slots (nearest full)
576.0,easyBike_014,NEG_E0,NEG_E0_0,12.13,26.54,12000.0,HIGH,pa_2,Station pa_2,71.79,E0,E0_0,20.0,0,1,100.0,pa_3_rev,Station pa_3_rev,91.2,NEG_E1,NEG_E1_0,20.0,0,0,100.0,Station pa_2,Nearest with waiting slots
576.0,easyBike_017,E3,E3_0,12.48,22.93,12000.0,HIGH,pa_8,Station pa_8,175.0,E7,E7_0,25.0,4,3,20.0,pa_3,Station pa_3,404.67,E1,E1_0,20.0,0,0,100.0,Station pa_8,Nearest with charging slots
576.0,easyBike_018,E1,parked,0.0,22.41,12000.0,HIGH,pa_3,Station pa_3,63.85,E1,E1_0,20.0,0,0,100.0,pa_3_rev,Station pa_3_rev,391.95,NEG_E1,NEG_E1_0,20.0,0,0,100.0,Station pa_3,Nearest (all busy)
576.0,easyBike_018,E1,E1_0,12.5,22.55,12000.0,HIGH,pa_3_rev,Station pa_3_rev,86.51,NEG_E1,NEG_E1_0,20.0,0,0,100.0,pa_2,Station pa_2,103.77,E0,E0_0,20.0,0,1,100.0,Station pa_3_rev,Nearest (all busy)
576.0,easyBike_030,NEG_E6,NEG_E6_0,0.0,13.32,12000.0,CRITICAL,pa_7_rev,Station pa_7_rev,40.45,NEG_E6,NEG_E6_0,20.0,0,0,100.0,pa_6,Station pa_6,42.58,E5,E5_0,25.0,0,3,100.0,Station pa_7_rev,Nearest (all busy)
576.0,eRickshaw_026,E9,E9_1,10.53,33.44,7200.0,MEDIUM,pa_3,Station pa_3,33.88,E1,E1_0,20.0,0,0,100.0,pa_8,Station pa_8,373.46,E7,E7_0,25.0,4,3,20.0,Station pa_8,2nd nearest has slots (nearest full)
576.0,eRickshaw_032,NEG_E8,NEG_E8_0,13.62,33.4,7200.0,MEDIUM,pa_8,Station pa_8,118.54,E7,E7_0,25.0,4,3,20.0,pa_3,Station pa_3,410.58,E1,E1_0,20.0,0,0,100.0,Station pa_8,Nearest with charging slots
576.0,eVan_030,NEG_E9,NEG_E9_1,11.64,45.55,5760.0,MEDIUM,pa_8,Station pa_8,65.71,E7,E7_0,25.0,4,3,20.0,pa_3,Station pa_3,340.05,E1,E1_0,20.0,0,0,100.0,Station pa_8,Nearest with charging slots
577.0,easyBike_022,NEG_E7,parked,0.0,28.51,12000.0,HIGH,pa_8_rev,Station pa_8_rev,9.04,NEG_E7,NEG_E7_0,25.0,0,0,100.0,pa_7,Station pa_7,33.33,E6,E6_0,20.0,4,2,0.0,Station pa_7,2nd nearest has slots (nearest full)
578.0,easyBike_014,NEG_E6,parked,0.0,26.84,12000.0,HIGH,pa_7_rev,Station pa_7_rev,15.38,NEG_E6,NEG_E6_0,20.0,0,0,100.0,pa_6,Station pa_6,20.68,E5,E5_0,25.0,0,3,100.0,Station pa_7_rev,Nearest (all busy)
578.0,easyBike_015,NEG_E6,parked,0.0,25.69,12000.0,HIGH,pa_7_rev,Station pa_7_rev,20.32,NEG_E6,NEG_E6_0,20.0,0,0,100.0,pa_6,Station pa_6,24.76,E5,E5_0,25.0,0,3,100.0,Station pa_7_rev,Nearest (all busy)
578.0,easyBike_016,NEG_E0,NEG_E0_0,12.37,24.19,12000.0,HIGH,pa_2,Station pa_2,67.93,E0,E0_0,20.0,1,3,75.0,pa_3_rev,Station pa_3_rev,87.3,NEG_E1,NEG_E1_0,20.0,0,0,100.0,Station pa_2,Nearest with charging slots
578.0,easyBike_020,E1,parked,0.0,25.23,12000.0,HIGH,pa_3,Station pa_3,60.44,E1,E1_0,20.0,0,0,100.0,pa_3_rev,Station pa_3_rev,395.37,NEG_E1,NEG_E1_0,20.0,0,0,100.0,Station pa_3,Nearest (all busy)
578.0,easyBike_025,E1,E1_0,0.0,17.3,12000.0,CRITICAL,pa_3,Station pa_3,74.37,E1,E1_0,20.0,0,0,100.0,pa_3_rev,Station pa_3_rev,381.26,NEG_E1,NEG_E1_0,20.0,0,0,100.0,Station pa_3,Nearest (all busy)
579.0,easyBike_020,E10,E10_0,12.63,25.37,12000.0,HIGH,pa_3_rev,Station pa_3_rev,62.61,NEG_E1,NEG_E1_0,20.0,0,0,100.0,pa_2,Station pa_2,74.57,E0,E0_0,20.0,1,3,75.0,Station pa_2,2nd nearest has slots (nearest full)
580.0,easyBike_016,NEG_E6,parked,0.0,24.51,12000.0,HIGH,pa_7_rev,Station pa_7_rev,25.28,NEG_E6,NEG_E6_0,20.0,0,0,100.0,pa_6,Station pa_6,29.14,E5,E5_0,25.0,0,3,100.0,Station pa_7_rev,Nearest (all busy)
581.0,easyBike_018,E8,E8_0,11.54,21.77,12000.0,HIGH,pa_8,Station pa_8,81.96,E7,E7_0,25.0,4,3,20.0,pa_3,Station pa_3,399.14,E1,E1_0,20.0,0,0,100.0,Station pa_8,Nearest with charging slots
581.0,easyBike_029,NEG_E3,NEG_E3_0,13.48,12.56,12000.0,CRITICAL,pa_3,Station pa_3,215.94,E1,E1_0,20.0,0,0,100.0,pa_8,Station pa_8,298.74,E7,E7_0,25.0,4,3,20.0,Station pa_8,2nd nearest has slots (nearest full)
581.0,easyBike_031,NEG_E8,NEG_E8_1,13.56,15.63,12000.0,CRITICAL,pa_8,Station pa_8,105.17,E7,E7_0,25.0,4,3,20.0,pa_3,Station pa_3,406.35,E1,E1_0,20.0,0,0,100.0,Station pa_8,Nearest with charging slots
581.0,eRickshaw_027,E7,parked,0.0,29.63,7200.0,HIGH,pa_8,Station pa_8,58.19,E7,E7_0,25.0,4,3,20.0,pa_3,Station pa_3,406.53,E1,E1_0,20.0,0,0,100.0,Station pa_8,Nearest with charging slots
581.0,eRickshaw_028,E1,parked,0.0,28.21,7200.0,HIGH,pa_3,Station pa_3,57.03,E1,E1_0,20.0,0,0,100.0,pa_3_rev,Station pa_3_rev,398.78,NEG_E1,NEG_E1_0,20.0,0,1,100.0,Station pa_3,Nearest (all busy)
581.0,eRickshaw_030,NEG_E8,NEG_E8_1,0.58,26.11,7200.0,HIGH,pa_8,Station pa_8,162.58,E7,E7_0,25.0,4,3,20.0,pa_3,Station pa_3,414.0,E1,E1_0,20.0,0,0,100.0,Station pa_8,Nearest with charging slots
581.0,eRickshaw_033,E3,E3_0,13.89,35.63,7200.0,MEDIUM,pa_8,Station pa_8,177.55,E7,E7_0,25.0,4,3,20.0,pa_3,Station pa_3,393.91,E1,E1_0,20.0,0,0,100.0,Station pa_8,Nearest with charging slots
581.0,eVan_029,NEG_E1,NEG_E1_0,12.89,30.37,5760.0,MEDIUM,pa_3,Station pa_3,209.13,E1,E1_0,20.0,0,0,100.0,pa_3_rev,Station pa_3_rev,246.61,NEG_E1,NEG_E1_0,20.0,0,1,100.0,Station pa_3,Nearest (all busy)
582.0,eRickshaw_029,NEG_E3,NEG_E3_0,11.52,29.98,7200.0,HIGH,pa_8,Station pa_8,186.73,E7,E7_0,25.0,4,3,20.0,pa_3,Station pa_3,346.2,E1,E1_0,20.0,0,0,100.0,Station pa_8,Nearest with charging slots
583.0,easyBike_021,NEG_E1,parked,0.0,26.65,12000.0,HIGH,pa_3_rev,Station pa_3_rev,41.88,NEG_E1,NEG_E1_0,20.0,0,1,100.0,pa_2,Station pa_2,61.34,E0,E0_0,20.0,1,3,75.0,Station pa_2,2nd nearest has slots (nearest full)
583.0,eRickshaw_030,NEG_E6,parked,0.0,24.71,7200.0,HIGH,pa_7_rev,Station pa_7_rev,10.53,NEG_E6,NEG_E6_0,20.0,0,0,100.0,pa_6,Station pa_6,17.1,E5,E5_0,25.0,0,3,100.0,Station pa_7_rev,Nearest (all busy)
583.0,eRickshaw_032,NEG_E7,NEG_E7_0,12.12,32.86,7200.0,MEDIUM,pa_8,Station pa_8,185.86,E7,E7_0,25.0,4,3,20.0,pa_8_rev,Station pa_8_rev,289.77,NEG_E7,NEG_E7_0,25.0,0,0,100.0,Station pa_8,Nearest with charging slots
584.0,easyBike_014,NEG_E8,NEG_E8_0,10.66,27.54,12000.0,HIGH,pa_8,Station pa_8,116.77,E7,E7_0,25.0,4,3,20.0,pa_3,Station pa_3,410.42,E1,E1_0,20.0,0,0,100.0,Station pa_8,Nearest with charging slots
584.0,easyBike_015,NEG_E8,NEG_E8_0,12.22,26.34,12000.0,HIGH,pa_8,Station pa_8,111.97,E7,E7_0,25.0,4,3,20.0,pa_3,Station pa_3,410.01,E1,E1_0,20.0,0,0,100.0,Station pa_8,Nearest with charging slots
584.0,easyBike_020,E7,E7_0,12.7,24.75,12000.0,HIGH,pa_8,Station pa_8,39.35,E7,E7_0,25.0,4,3,20.0,pa_3,Station pa_3,407.3,E1,E1_0,20.0,0,0,100.0,Station pa_8,Nearest with charging slots
586.0,easyBike_017,E1,parked,0.0,23.58,12000.0,HIGH,pa_3,Station pa_3,67.26,E1,E1_0,20.0,0,0,100.0,pa_3_rev,Station pa_3_rev,388.54,NEG_E1,NEG_E1_0,20.0,0,1,100.0,Station pa_3,Nearest (all busy)
586.0,easyBike_022,NEG_E0,NEG_E0_0,12.89,28.03,12000.0,HIGH,pa_2,Station pa_2,68.84,E0,E0_0,20.0,1,3,75.0,pa_3_rev,Station pa_3_rev,88.22,NEG_E1,NEG_E1_0,20.0,0,1,100.0,Station pa_2,Nearest with charging slots
586.0,easyBike_024,NEG_E0,NEG_E0_0,13.09,18.03,12000.0,CRITICAL,pa_2,Station pa_2,56.43,E0,E0_0,20.0,1,3,75.0,pa_3_rev,Station pa_3_rev,75.67,NEG_E1,NEG_E1_0,20.0,0,1,100.0,Station pa_2,Nearest with charging slots
586.0,easyBike_024,NEG_E6,parked,0.0,18.38,12000.0,CRITICAL,pa_7_rev,Station pa_7_rev,61.95,NEG_E6,NEG_E6_0,20.0,0,0,100.0,pa_6,Station pa_6,64.16,E5,E5_0,25.0,0,3,100.0,Station pa_7_rev,Nearest (all busy)
586.0,easyBike_024,NEG_E8,NEG_E8_1,0.85,19.17,12000.0,CRITICAL,pa_8,Station pa_8,162.51,E7,E7_0,25.0,4,3,20.0,pa_3,Station pa_3,413.99,E1,E1_0,20.0,0,0,100.0,Station pa_8,Nearest with charging slots
586.0,easyBike_026,E7,E7_0,13.19,15.6,12000.0,CRITICAL,pa_8,Station pa_8,108.99,E7,E7_0,25.0,4,3,20.0,pa_8_rev,Station pa_8_rev,366.51,NEG_E7,NEG_E7_0,25.0,0,0,100.0,Station pa_8,Nearest with charging slots
586.0,easyBike_028,E7,E7_0,13.33,13.23,12000.0,CRITICAL,pa_8_rev,Station pa_8_rev,171.34,NEG_E7,NEG_E7_0,25.0,0,0,100.0,pa_7,Station pa_7,192.08,E6,E6_0,20.0,4,2,0.0,Station pa_7,2nd nearest has slots (nearest full)
586.0,easyBike_028,E1,parked,0.0,13.57,12000.0,CRITICAL,pa_3,Station pa_3,87.6,E1,E1_0,20.0,0,0,100.0,pa_3_rev,Station pa_3_rev,368.2,NEG_E1,NEG_E1_0,20.0,0,1,100.0,Station pa_3,Nearest (all busy)
586.0,easyBike_030,NEG_E10,NEG_E10_1,12.45,13.39,12000.0,CRITICAL,pa_7,Station pa_7,34.5,E6,E6_0,20.0,4,2,0.0,pa_8_rev,Station pa_8_rev,46.25,NEG_E7,NEG_E7_0,25.0,0,0,100.0,Station pa_7,Nearest with charging slots
586.0,easyBike_032,NEG_E7,parked,0.0,16.83,12000.0,CRITICAL,pa_8_rev,Station pa_8_rev,12.05,NEG_E7,NEG_E7_0,25.0,0,0,100.0,pa_7,Station pa_7,36.16,E6,E6_0,20.0,4,2,0.0,Station pa_7,2nd nearest has slots (nearest full)
586.0,easyBike_034,E0,E0_0,13.86,34.8,12000.0,MEDIUM,pa_2_rev,Station pa_2_rev,145.73,NEG_E0,NEG_E0_0,20.0,3,3,25.0,pa_2,Station pa_2,245.04,E0,E0_0,20.0,1,3,75.0,Station pa_2_rev,Nearest with charging slots
586.0,eRickshaw_031,NEG_E6,NEG_E6_0,9.04,23.5,7200.0,HIGH,pa_7_rev,Station pa_7_rev,74.35,NEG_E6,NEG_E6_0,20.0,0,0,100.0,pa_6,Station pa_6,75.94,E5,E5_0,25.0,0,3,100.0,Station pa_7_rev,Nearest (all busy)
586.0,eVan_028,E1,E1_0,0.0,26.9,5760.0,HIGH,pa_3,Station pa_3,78.69,E1,E1_0,20.0,0,0,100.0,pa_3_rev,Station pa_3_rev,376.95,NEG_E1,NEG_E1_0,20.0,0,1,100.0,Station pa_3,Nearest (all busy)
587.0,easyBike_016,NEG_E8,NEG_E8_1,12.36,25.16,12000.0,HIGH,pa_8,Station pa_8,110.73,E7,E7_0,25.0,4,3,20.0,pa_3,Station pa_3,406.74,E1,E1_0,20.0,0,0,100.0,Station pa_8,Nearest with charging slots
587.0,easyBike_032,NEG_E6,parked,0.0,16.66,12000.0,CRITICAL,pa_7_rev,Station pa_7_rev,68.63,NEG_E6,NEG_E6_0,20.0,0,0,100.0,pa_6,Station pa_6,70.72,E5,E5_0,25.0,0,3,100.0,Station pa_7_rev,Nearest (all busy)
588.0,easyBike_013,NEG_E1,parked,0.0,28.02,12000.0,HIGH,pa_3_rev,Station pa_3_rev,27.71,NEG_E1,NEG_E1_0,20.0,0,1,100.0,pa_2,Station pa_2,47.65,E0,E0_0,20.0,1,3,75.0,Station pa_2,2nd nearest has slots (nearest full)
588.0,easyBike_024,NEG_E6,parked,0.0,18.34,12000.0,CRITICAL,pa_7_rev,Station pa_7_rev,30.27,NEG_E6,NEG_E6_0,20.0,0,0,100.0,pa_6,Station pa_6,33.7,E5,E5_0,25.0,0,3,100.0,Station pa_7_rev,Nearest (all busy)
589.0,easyBike_032,NEG_E8,NEG_E8_1,0.37,17.5,12000.0,CRITICAL,pa_8,Station pa_8,162.59,E7,E7_0,25.0,4,3,20.0,pa_3,Station pa_3,414.0,E1,E1_0,20.0,0,0,100.0,Station pa_8,Nearest with charging slots
590.0,easyBike_022,NEG_E8,NEG_E8_1,12.81,28.84,12000.0,HIGH,pa_8,Station pa_8,35.19,E7,E7_0,25.0,4,3,20.0,pa_3,Station pa_3,408.0,E1,E1_0,20.0,0,0,100.0,Station pa_8,Nearest with charging slots
591.0,easyBike_029,NEG_E1,parked,0.0,12.03,12000.0,CRITICAL,pa_3_rev,Station pa_3_rev,46.61,NEG_E1,NEG_E1_0,20.0,0,1,100.0,pa_2,Station pa_2,65.96,E0,E0_0,20.0,1,3,75.0,Station pa_2,2nd nearest has slots (nearest full)
591.0,easyBike_031,NEG_E6,NEG_E6_0,0.0,15.13,12000.0,CRITICAL,pa_7_rev,Station pa_7_rev,41.97,NEG_E6,NEG_E6_0,20.0,0,0,100.0,pa_6,Station pa_6,44.04,E5,E5_0,25.0,0,3,100.0,Station pa_7_rev,Nearest (all busy)
591.0,eRickshaw_030,NEG_E6,parked,0.0,24.72,7200.0,HIGH,pa_7_rev,Station pa_7_rev,65.29,NEG_E6,NEG_E6_0,20.0,0,0,100.0,pa_6,Station pa_6,67.44,E5,E5_0,25.0,0,3,100.0,Station pa_7_rev,Nearest (all busy)
591.0,eRickshaw_032,NEG_E10,NEG_E10_0,9.23,32.68,7200.0,MEDIUM,pa_7,Station pa_7,118.21,E6,E6_0,20.0,4,2,0.0,pa_8_rev,Station pa_8_rev,130.24,NEG_E7,NEG_E7_0,25.0,0,0,100.0,Station pa_7,Nearest with charging slots
591.0,eVan_027,E8,E8_1,13.11,42.88,5760.0,MEDIUM,pa_8,Station pa_8,106.53,E7,E7_0,25.0,4,3,20.0,pa_3,Station pa_3,403.26,E1,E1_0,20.0,0,0,100.0,Station pa_8,Nearest with charging slots
591.0,eVan_033,E1,E1_0,12.72,28.64,5760.0,HIGH,pa_3_rev,Station pa_3_rev,89.78,NEG_E1,NEG_E1_0,20.0,0,1,100.0,pa_2,Station pa_2,107.05,E0,E0_0,20.0,1,3,75.0,Station pa_2,2nd nearest has slots (nearest full)
592.0,easyBike_021,NEG_E1,parked,0.0,26.65,12000.0,HIGH,pa_3_rev,Station pa_3_rev,32.42,NEG_E1,NEG_E1_0,20.0,0,1,100.0,pa_2,Station pa_2,52.18,E0,E0_0,20.0,1,3,75.0,Station pa_2,2nd nearest has slots (nearest full)
593.0,easyBike_026,E1,E1_0,0.0,16.06,12000.0,CRITICAL,pa_3,Station pa_3,76.1,E1,E1_0,20.0,0,0,100.0,pa_3_rev,Station pa_3_rev,379.54,NEG_E1,NEG_E1_0,20.0,0,1,100.0,Station pa_3,Nearest (all busy)
593.0,eRickshaw_029,NEG_E1,parked,0.0,29.06,7200.0,HIGH,pa_3_rev,Station pa_3_rev,23.0,NEG_E1,NEG_E1_0,20.0,0,1,100.0,pa_2,Station pa_2,43.17,E0,E0_0,20.0,1,3,75.0,Station pa_2,2nd nearest has slots (nearest full)
596.0,easyBike_030,NEG_E8,NEG_E8_1,12.8,13.84,12000.0,CRITICAL,pa_8,Station pa_8,34.85,E7,E7_0,25.0,4,3,20.0,pa_3,Station pa_3,408.04,E1,E1_0,20.0,0,0,100.0,Station pa_8,Nearest with charging slots
596.0,eVan_032,NEG_E7,NEG_E7_0,13.79,33.12,5760.0,MEDIUM,pa_8_rev,Station pa_8_rev,163.55,NEG_E7,NEG_E7_0,25.0,0,0,100.0,pa_7,Station pa_7,184.96,E6,E6_0,20.0,4,2,0.0,Station pa_7,2nd nearest has slots (nearest full)
598.0,easyBike_022,NEG_E6,parked,0.0,28.35,12000.0,HIGH,pa_7_rev,Station pa_7_rev,71.97,NEG_E6,NEG_E6_0,20.0,0,0,100.0,pa_6,Station pa_6,74.01,E5,E5_0,25.0,0,3,100.0,Station pa_7_rev,Nearest (all busy)
598.0,eRickshaw_027,E6,E6_0,11.19,30.2,7200.0,MEDIUM,pa_7,Station pa_7,77.14,E6,E6_0,20.0,4,2,0.0,pa_8_rev,Station pa_8_rev,100.81,NEG_E7,NEG_E7_0,25.0,0,1,100.0,Station pa_7,Nearest with charging slots
598.0,eRickshaw_029,NEG_E1,NEG_E1_0,11.48,28.95,7200.0,HIGH,pa_3_rev,Station pa_3_rev,168.36,NEG_E1,NEG_E1_0,20.0,0,1,100.0,pa_2,Station pa_2,186.49,E0,E0_0,20.0,1,3,75.0,Station pa_2,2nd nearest has slots (nearest full)
