timestep_sec,minute_of_hour,station_id,station_edge,station_power_capacity_kW,station_charging_capacity,station_power_demand_kW,station_vehicles_charging,station_charging_utilization_percent,station_waiting_utilization_percent,station_vehicles_waiting,station_queue_length,station_charging_slots_available,station_waiting_slots_available,system_total_power_demand_kW,system_total_vehicles_charging,system_total_vehicles_waiting,system_charging_utilization_percent,system_total_active_vehicles,load_per_vehicle_kW,congestion_ratio,demand_to_capacity_ratio
1.0,0,pa_2,E0,20.0,4,0.0,0,0.0,0.0,0,0,4,3,0.0,0,0,0.0,8,0.0,0.0,0.0
1.0,0,pa_2_rev,NEG_E0,20.0,4,0.0,0,0.0,0.0,0,0,4,3,0.0,0,0,0.0,8,0.0,0.0,0.0
1.0,0,pa_3,E1,20.0,4,0.0,0,0.0,0.0,0,0,4,3,0.0,0,0,0.0,8,0.0,0.0,0.0
1.0,0,pa_3_rev,NEG_E1,20.0,4,0.0,0,0.0,0.0,0,0,4,3,0.0,0,0,0.0,8,0.0,0.0,0.0
1.0,0,pa_6,E5,25.0,5,0.0,0,0.0,0.0,0,0,5,3,0.0,0,0,0.0,8,0.0,0.0,0.0
1.0,0,pa_6_rev,NEG_E5,25.0,5,0.0,0,0.0,0.0,0,0,5,3,0.0,0,0,0.0,8,0.0,0.0,0.0
1.0,0,pa_7,E6,20.0,4,0.0,0,0.0,0.0,0,0,4,2,0.0,0,0,0.0,8,0.0,0.0,0.0
1.0,0,pa_7_rev,NEG_E6,20.0,4,0.0,0,0.0,0.0,0,0,4,2,0.0,0,0,0.0,8,0.0,0.0,0.0
1.0,0,pa_8,E7,25.0,5,0.0,0,0.0,0.0,0,0,5,3,0.0,0,0,0.0,8,0.0,0.0,0.0
1.0,0,pa_8_rev,NEG_E7,25.0,5,0.0,0,0.0,0.0,0,0,5,3,0.0,0,0,0.0,8,0.0,0.0,0.0
2.0,0,pa_2,E0,20.0,4,0.0,0,0.0,0.0,0,0,4,3,0.0,0,0,0.0,8,0.0,0.0,0.0
2.0,0,pa_2_rev,NEG_E0,20.0,4,0.0,0,0.0,0.0,0,0,4,3,0.0,0,0,0.0,8,0.0,0.0,0.0
2.0,0,pa_3,E1,20.0,4,0.0,0,0.0,0.0,0,0,4,3,0.0,0,0,0.0,8,0.0,0.0,0.0
2.0,0,pa_3_rev,NEG_E1,20.0,4,0.0,0,0.0,0.0,0,0,4,3,0.0,0,0,0.0,8,0.0,0.0,0.0
2.0,0,pa_6,E5,25.0,5,0.0,0,0.0,0.0,0,0,5,3,0.0,0,0,0.0,8,0.0,0.0,0.0
2.0,0,pa_6_rev,NEG_E5,25.0,5,0.0,0,0.0,0.0,0,0,5,3,0.0,0,0,0.0,8,0.0,0.0,0.0
2.0,0,pa_7,E6,20.0,4,0.0,0,0.0,0.0,0,0,4,2,0.0,0,0,0.0,8,0.0,0.0,0.0
2.0,0,pa_7_rev,NEG_E6,20.0,4,0.0,0,0.0,0.0,0,0,4,2,0.0,0,0,0.0,8,0.0,0.0,0.0
2.0,0,pa_8,E7,25.0,5,0.0,0,0.0,0.0,0,0,5,3,0.0,0,0,0.0,8,0.0,0.0,0.0
2.0,0,pa_8_rev,NEG_E7,25.0,5,0.0,0,0.0,0.0,0,0,5,3,0.0,0,0,0.0,8,0.0,0.0,0.0
3.0,0,pa_2,E0,20.0,4,0.0,0,0.0,0.0,0,0,4,3,0.0,0,0,0.0,12,0.0,0.0,0.0
3.0,0,pa_2_rev,NEG_E0,20.0,4,0.0,0,0.0,0.0,0,0,4,3,0.0,0,0,0.0,12,0.0,0.0,0.0
3.0,0,pa_3,E1,20.0,4,0.0,0,0.0,0.0,0,0,4,3,0.0,0,0,0.0,12,0.0,0.0,0.0
3.0,0,pa_3_rev,NEG_E1,20.0,4,0.0,0,0.0,0.0,0,0,4,3,0.0,0,0,0.0,12,0.0,0.0,0.0
3.0,0,pa_6,E5,25.0,5,0.0,0,0.0,0.0,0,0,5,3,0.0,0,0,0.0,12,0.0,0.0,0.0
3.0,0,pa_6_rev,NEG_E5,25.0,5,0.0,0,0.0,0.0,0,0,5,3,0.0,0,0,0.0,12,0.0,0.0,0.0
3.0,0,pa_7,E6,20.0,4,0.0,0,0.0,0.0,0,0,4,2,0.0,0,0,0.0,12,0.0,0.0,0.0
3.0,0,pa_7_rev,NEG_E6,20.0,4,0.0,0,0.0,0.0,0,0,4,2,0.0,0,0,0.0,12,0.0,0.0,0.0
3.0,0,pa_8,E7,25.0,5,0.0,0,0.0,0.0,0,0,5,3,0.0,0,0,0.0,12,0.0,0.0,0.0
3.0,0,pa_8_rev,NEG_E7,25.0,5,0.0,0,0.0,0.0,0,0,5,3,0.0,0,0,0.0,12,0.0,0.0,0.0
4.0,0,pa_2,E0,20.0,4,0.0,0,0.0,0.0,0,0,4,3,0.0,0,0,0.0,14,0.0,0.0,0.0
4.0,0,pa_2_rev,NEG_E0,20.0,4,0.0,0,0.0,0.0,0,0,4,3,0.0,0,0,0.0,14,0.0,0.0,0.0
4.0,0,pa_3,E1,20.0,4,0.0,0,0.0,0.0,0,0,4,3,0.0,0,0,0.0,14,0.0,0.0,0.0
4.0,0,pa_3_rev,NEG_E1,20.0,4,0.0,0,0.0,0.0,0,0,4,3,0.0,0,0,0.0,14,0.0,0.0,0.0
4.0,0,pa_6,E5,25.0,5,0.0,0,0.0,0.0,0,0,5,3,0.0,0,0,0.0,14,0.0,0.0,0.0
4.0,0,pa_6_rev,NEG_E5,25.0,5,0.0,0,0.0,0.0,0,0,5,3,0.0,0,0,0.0,14,0.0,0.0,0.0
4.0,0,pa_7,E6,20.0,4,0.0,0,0.0,0.0,0,0,4,2,0.0,0,0,0.0,14,0.0,0.0,0.0
4.0,0,pa_7_rev,NEG_E6,20.0,4,0.0,0,0.0,0.0,0,0,4,2,0.0,0,0,0.0,14,0.0,0.0,0.0
4.0,0,pa_8,E7,25.0,5,0.0,0,0.0,0.0,0,0,5,3,0.0,0,0,0.0,14,0.0,0.0,0.0
4.0,0,pa_8_rev,NEG_E7,25.0,5,0.0,0,0.0,0.0,0,0,5,3,0.0,0,0,0.0,14,0.0,0.0,0.0
5.0,0,pa_2,E0,20.0,4,0.0,0,0.0,0.0,0,0,4,3,0.0,0,0,0.0,14,0.0,0.0,0.0
5.0,0,pa_2_rev,NEG_E0,20.0,4,0.0,0,0.0,0.0,0,0,4,3,0.0,0,0,0.0,14,0.0,0.0,0.0
5.0,0,pa_3,E1,20.0,4,0.0,0,0.0,0.0,0,0,4,3,0.0,0,0,0.0,14,0.0,0.0,0.0
5.0,0,pa_3_rev,NEG_E1,20.0,4,0.0,0,0.0,0.0,0,0,4,3,0.0,0,0,0.0,14,0.0,0.0,0.0
5.0,0,pa_6,E5,25.0,5,0.0,0,0.0,0.0,0,0,5,3,0.0,0,0,0.0,14,0.0,0.0,0.0
5.0,0,pa_6_rev,NEG_E5,25.0,5,0.0,0,0.0,0.0,0,0,5,3,0.0,0,0,0.0,14,0.0,0.0,0.0
5.0,0,pa_7,E6,20.0,4,0.0,0,0.0,0.0,0,0,4,2,0.0,0,0,0.0,14,0.0,0.0,0.0
5.0,0,pa_7_rev,NEG_E6,20.0,4,0.0,0,0.0,0.0,0,0,4,2,0.0,0,0,0.0,14,0.0,0.0,0.0
5.0,0,pa_8,E7,25.0,5,0.0,0,0.0,0.0,0,0,5,3,0.0,0,0,0.0,14,0.0,0.0,0.0
5.0,0,pa_8_rev,NEG_E7,25.0,5,0.0,0,0.0,0.0,0,0,5,3,0.0,0,0,0.0,14,0.0,0.0,0.0
6.0,0,pa_2,E0,20.0,4,0.0,0,0.0,0.0,0,0,4,3,0.0,0,0,0.0,16,0.0,0.0,0.0
6.0,0,pa_2_rev,NEG_E0,20.0,4,0.0,0,0.0,0.0,0,0,4,3,0.0,0,0,0.0,16,0.0,0.0,0.0
6.0,0,pa_3,E1,20.0,4,0.0,0,0.0,0.0,0,0,4,3,0.0,0,0,0.0,16,0.0,0.0,0.0
6.0,0,pa_3_rev,NEG_E1,20.0,4,0.0,0,0.0,0.0,0,0,4,3,0.0,0,0,0.0,16,0.0,0.0,0.0
6.0,0,pa_6,E5,25.0,5,0.0,0,0.0,0.0,0,0,5,3,0.0,0,0,0.0,16,0.0,0.0,0.0
6.0,0,pa_6_rev,NEG_E5,25.0,5,0.0,0,0.0,0.0,0,0,5,3,0.0,0,0,0.0,16,0.0,0.0,0.0
6.0,0,pa_7,E6,20.0,4,0.0,0,0.0,0.0,0,0,4,2,0.0,0,0,0.0,16,0.0,0.0,0.0
6.0,0,pa_7_rev,NEG_E6,20.0,4,0.0,0,0.0,0.0,0,0,4,2,0.0,0,0,0.0,16,0.0,0.0,0.0
6.0,0,pa_8,E7,25.0,5,0.0,0,0.0,0.0,0,0,5,3,0.0,0,0,0.0,16,0.0,0.0,0.0
6.0,0,pa_8_rev,NEG_E7,25.0,5,0.0,0,0.0,0.0,0,0,5,3,0.0,0,0,0.0,16,0.0,0.0,0.0
7.0,0,pa_2,E0,20.0,4,0.0,0,0.0,0.0,0,0,4,3,0.0,0,0,0.0,17,0.0,0.0,0.0
7.0,0,pa_2_rev,NEG_E0,20.0,4,0.0,0,0.0,0.0,0,0,4,3,0.0,0,0,0.0,17,0.0,0.0,0.0
7.0,0,pa_3,E1,20.0,4,0.0,0,0.0,0.0,0,0,4,3,0.0,0,0,0.0,17,0.0,0.0,0.0
7.0,0,pa_3_rev,NEG_E1,20.0,4,0.0,0,0.0,0.0,0,0,4,3,0.0,0,0,0.0,17,0.0,0.0,0.0
7.0,0,pa_6,E5,25.0,5,0.0,0,0.0,0.0,0,0,5,3,0.0,0,0,0.0,17,0.0,0.0,0.0
7.0,0,pa_6_rev,NEG_E5,25.0,5,0.0,0,0.0,0.0,0,0,5,3,0.0,0,0,0.0,17,0.0,0.0,0.0
7.0,0,pa_7,E6,20.0,4,0.0,0,0.0,0.0,0,0,4,2,0.0,0,0,0.0,17,0.0,0.0,0.0
7.0,0,pa_7_rev,NEG_E6,20.0,4,0.0,0,0.0,0.0,0,0,4,2,0.0,0,0,0.0,17,0.0,0.0,0.0
7.0,0,pa_8,E7,25.0,5,0.0,0,0.0,0.0,0,0,5,3,0.0,0,0,0.0,17,0.0,0.0,0.0
7.0,0,pa_8_rev,NEG_E7,25.0,5,0.0,0,0.0,0.0,0,0,5,3,0.0,0,0,0.0,17,0.0,0.0,0.0
8.0,0,pa_2,E0,20.0,4,0.0,0,0.0,0.0,0,0,4,3,0.0,0,0,0.0,18,0.0,0.0,0.0
8.0,0,pa_2_rev,NEG_E0,20.0,4,0.0,0,0.0,0.0,0,0,4,3,0.0,0,0,0.0,18,0.0,0.0,0.0
8.0,0,pa_3,E1,20.0,4,0.0,0,0.0,0.0,0,0,4,3,0.0,0,0,0.0,18,0.0,0.0,0.0
8.0,0,pa_3_rev,NEG_E1,20.0,4,0.0,0,0.0,0.0,0,0,4,3,0.0,0,0,0.0,18,0.0,0.0,0.0
8.0,0,pa_6,E5,25.0,5,0.0,0,0.0,0.0,0,0,5,3,0.0,0,0,0.0,18,0.0,0.0,0.0
8.0,0,pa_6_rev,NEG_E5,25.0,5,0.0,0,0.0,0.0,0,0,5,3,0.0,0,0,0.0,18,0.0,0.0,0.0
8.0,0,pa_7,E6,20.0,4,0.0,0,0.0,0.0,0,0,4,2,0.0,0,0,0.0,18,0.0,0.0,0.0
8.0,0,pa_7_rev,NEG_E6,20.0,4,0.0,0,0.0,0.0,0,0,4,2,0.0,0,0,0.0,18,0.0,0.0,0.0
8.0,0,pa_8,E7,25.0,5,0.0,0,0.0,0.0,0,0,5,3,0.0,0,0,0.0,18,0.0,0.0,0.0
8.0,0,pa_8_rev,NEG_E7,25.0,5,0.0,0,0.0,0.0,0,0,5,3,0.0,0,0,0.0,18,0.0,0.0,0.0
9.0,0,pa_2,E0,20.0,4,0.0,0,0.0,0.0,0,0,4,3,0.0,0,0,0.0,18,0.0,0.0,0.0
9.0,0,pa_2_rev,NEG_E0,20.0,4,0.0,0,0.0,0.0,0,0,4,3,0.0,0,0,0.0,18,0.0,0.0,0.0
9.0,0,pa_3,E1,20.0,4,0.0,0,0.0,0.0,0,0,4,3,0.0,0,0,0.0,18,0.0,0.0,0.0
9.0,0,pa_3_rev,NEG_E1,20.0,4,0.0,0,0.0,0.0,0,0,4,3,0.0,0,0,0.0,18,0.0,0.0,0.0
9.0,0,pa_6,E5,25.0,5,0.0,0,0.0,0.0,0,0,5,3,0.0,0,0,0.0,18,0.0,0.0,0.0
9.0,0,pa_6_rev,NEG_E5,25.0,5,0.0,0,0.0,0.0,0,0,5,3,0.0,0,0,0.0,18,0.0,0.0,0.0
9.0,0,pa_7,E6,20.0,4,0.0,0,0.0,0.0,0,0,4,2,0.0,0,0,0.0,18,0.0,0.0,0.0
9.0,0,pa_7_rev,NEG_E6,20.0,4,0.0,0,0.0,0.0,0,0,4,2,0.0,0,0,0.0,18,0.0,0.0,0.0
9.0,0,pa_8,E7,25.0,5,0.0,0,0.0,0.0,0,0,5,3,0.0,0,0,0.0,18,0.0,0.0,0.0
9.0,0,pa_8_rev,NEG_E7,25.0,5,0.0,0,0.0,0.0,0,0,5,3,0.0,0,0,0.0,18,0.0,0.0,0.0
10.0,0,pa_2,E0,20.0,4,0.0,0,0.0,0.0,0,0,4,3,0.0,0,0,0.0,20,0.0,0.0,0.0
10.0,0,pa_2_rev,NEG_E0,20.0,4,0.0,0,0.0,0.0,0,0,4,3,0.0,0,0,0.0,20,0.0,0.0,0.0
10.0,0,pa_3,E1,20.0,4,0.0,0,0.0,0.0,0,0,4,3,0.0,0,0,0.0,20,0.0,0.0,0.0
10.0,0,pa_3_rev,NEG_E1,20.0,4,0.0,0,0.0,0.0,0,0,4,3,0.0,0,0,0.0,20,0.0,0.0,0.0
10.0,0,pa_6,E5,25.0,5,0.0,0,0.0,0.0,0,0,5,3,0.0,0,0,0.0,20,0.0,0.0,0.0
10.0,0,pa_6_rev,NEG_E5,25.0,5,0.0,0,0.0,0.0,0,0,5,3,0.0,0,0,0.0,20,0.0,0.0,0.0
10.0,0,pa_7,E6,20.0,4,0.0,0,0.0,0.0,0,0,4,2,0.0,0,0,0.0,20,0.0,0.0,0.0
10.0,0,pa_7_rev,NEG_E6,20.0,4,0.0,0,0.0,0.0,0,0,4,2,0.0,0,0,0.0,20,0.0,0.0,0.0
10.0,0,pa_8,E7,25.0,5,0.0,0,0.0,0.0,0,0,5,3,0.0,0,0,0.0,20,0.0,0.0,0.0
10.0,0,pa_8_rev,NEG_E7,25.0,5,0.0,0,0.0,0.0,0,0,5,3,0.0,0,0,0.0,20,0.0,0.0,0.0
11.0,0,pa_2,E0,20.0,4,0.0,0,0.0,0.0,0,0,4,3,0.0,0,0,0.0,20,0.0,0.0,0.0
11.0,0,pa_2_rev,NEG_E0,20.0,4,0.0,0,0.0,0.0,0,0,4,3,0.0,0,0,0.0,20,0.0,0.0,0.0
11.0,0,pa_3,E1,20.0,4,0.0,0,0.0,0.0,0,0,4,3,0.0,0,0,0.0,20,0.0,0.0,0.0
11.0,0,pa_3_rev,NEG_E1,20.0,4,0.0,0,0.0,0.0,0,0,4,3,0.0,0,0,0.0,20,0.0,0.0,0.0
11.0,0,pa_6,E5,25.0,5,0.0,0,0.0,0.0,0,0,5,3,0.0,0,0,0.0,20,0.0,0.0,0.0
11.0,0,pa_6_rev,NEG_E5,25.0,5,0.0,0,0.0,0.0,0,0,5,3,0.0,0,0,0.0,20,0.0,0.0,0.0
11.0,0,pa_7,E6,20.0,4,0.0,0,0.0,0.0,0,0,4,2,0.0,0,0,0.0,20,0.0,0.0,0.0
11.0,0,pa_7_rev,NEG_E6,20.0,4,0.0,0,0.0,0.0,0,0,4,2,0.0,0,0,0.0,20,0.0,0.0,0.0
11.0,0,pa_8,E7,25.0,5,0.0,0,0.0,0.0,0,0,5,3,0.0,0,0,0.0,20,0.0,0.0,0.0
11.0,0,pa_8_rev,NEG_E7,25.0,5,0.0,0,0.0,0.0,0,0,5,3,0.0,0,0,0.0,20,0.0,0.0,0.0
12.0,0,pa_2,E0,20.0,4,0.0,0,0.0,0.0,0,0,4,3,0.0,0,0,0.0,20,0.0,0.0,0.0
12.0,0,pa_2_rev,NEG_E0,20.0,4,0.0,0,0.0,0.0,0,0,4,3,0.0,0,0,0.0,20,0.0,0.0,0.0
12.0,0,pa_3,E1,20.0,4,0.0,0,0.0,0.0,0,0,4,3,0.0,0,0,0.0,20,0.0,0.0,0.0
12.0,0,pa_3_rev,NEG_E1,20.0,4,0.0,0,0.0,0.0,0,0,4,3,0.0,0,0,0.0,20,0.0,0.0,0.0
12.0,0,pa_6,E5,25.0,5,0.0,0,0.0,0.0,0,0,5,3,0.0,0,0,0.0,20,0.0,0.0,0.0
12.0,0,pa_6_rev,NEG_E5,25.0,5,0.0,0,0.0,0.0,0,0,5,3,0.0,0,0,0.0,20,0.0,0.0,0.0
12.0,0,pa_7,E6,20.0,4,0.0,0,0.0,0.0,0,0,4,2,0.0,0,0,0.0,20,0.0,0.0,0.0
12.0,0,pa_7_rev,NEG_E6,20.0,4,0.0,0,0.0,0.0,0,0,4,2,0.0,0,0,0.0,20,0.0,0.0,0.0
12.0,0,pa_8,E7,25.0,5,0.0,0,0.0,0.0,0,0,5,3,0.0,0,0,0.0,20,0.0,0.0,0.0
12.0,0,pa_8_rev,NEG_E7,25.0,5,0.0,0,0.0,0.0,0,0,5,3,0.0,0,0,0.0,20,0.0,0.0,0.0
13.0,0,pa_2,E0,20.0,4,0.0,0,0.0,0.0,0,0,4,3,0.0,0,0,0.0,20,0.0,0.0,0.0
13.0,0,pa_2_rev,NEG_E0,20.0,4,0.0,0,0.0,0.0,0,0,4,3,0.0,0,0,0.0,20,0.0,0.0,0.0
13.0,0,pa_3,E1,20.0,4,0.0,0,0.0,0.0,0,0,4,3,0.0,0,0,0.0,20,0.0,0.0,0.0
13.0,0,pa_3_rev,NEG_E1,20.0,4,0.0,0,0.0,0.0,0,0,4,3,0.0,0,0,0.0,20,0.0,0.0,0.0
13.0,0,pa_6,E5,25.0,5,0.0,0,0.0,0.0,0,0,5,3,0.0,0,0,0.0,20,0.0,0.0,0.0
13.0,0,pa_6_rev,NEG_E5,25.0,5,0.0,0,0.0,0.0,0,0,5,3,0.0,0,0,0.0,20,0.0,0.0,0.0
13.0,0,pa_7,E6,20.0,4,0.0,0,0.0,0.0,0,0,4,2,0.0,0,0,0.0,20,0.0,0.0,0.0
13.0,0,pa_7_rev,NEG_E6,20.0,4,0.0,0,0.0,0.0,0,0,4,2,0.0,0,0,0.0,20,0.0,0.0,0.0
13.0,0,pa_8,E7,25.0,5,0.0,0,0.0,0.0,0,0,5,3,0.0,0,0,0.0,20,0.0,0.0,0.0
13.0,0,pa_8_rev,NEG_E7,25.0,5,0.0,0,0.0,0.0,0,0,5,3,0.0,0,0,0.0,20,0.0,0.0,0.0
14.0,0,pa_2,E0,20.0,4,0.0,0,0.0,0.0,0,0,4,3,0.0,0,0,0.0,22,0.0,0.0,0.0
14.0,0,pa_2_rev,NEG_E0,20.0,4,0.0,0,0.0,0.0,0,0,4,3,0.0,0,0,0.0,22,0.0,0.0,0.0
14.0,0,pa_3,E1,20.0,4,0.0,0,0.0,0.0,0,0,4,3,0.0,0,0,0.0,22,0.0,0.0,0.0
14.0,0,pa_3_rev,NEG_E1,20.0,4,0.0,0,0.0,0.0,0,0,4,3,0.0,0,0,0.0,22,0.0,0.0,0.0
14.0,0,pa_6,E5,25.0,5,0.0,0,0.0,0.0,0,0,5,3,0.0,0,0,0.0,22,0.0,0.0,0.0
14.0,0,pa_6_rev,NEG_E5,25.0,5,0.0,0,0.0,0.0,0,0,5,3,0.0,0,0,0.0,22,0.0,0.0,0.0
14.0,0,pa_7,E6,20.0,4,0.0,0,0.0,0.0,0,0,4,2,0.0,0,0,0.0,22,0.0,0.0,0.0
14.0,0,pa_7_rev,NEG_E6,20.0,4,0.0,0,0.0,0.0,0,0,4,2,0.0,0,0,0.0,22,0.0,0.0,0.0
14.0,0,pa_8,E7,25.0,5,0.0,0,0.0,0.0,0,0,5,3,0.0,0,0,0.0,22,0.0,0.0,0.0
14.0,0,pa_8_rev,NEG_E7,25.0,5,0.0,0,0.0,0.0,0,0,5,3,0.0,0,0,0.0,22,0.0,0.0,0.0
15.0,0,pa_2,E0,20.0,4,0.0,0,0.0,0.0,0,0,4,3,0.0,0,0,0.0,22,0.0,0.0,0.0
15.0,0,pa_2_rev,NEG_E0,20.0,4,0.0,0,0.0,0.0,0,0,4,3,0.0,0,0,0.0,22,0.0,0.0,0.0
15.0,0,pa_3,E1,20.0,4,0.0,0,0.0,0.0,0,0,4,3,0.0,0,0,0.0,22,0.0,0.0,0.0
15.0,0,pa_3_rev,NEG_E1,20.0,4,0.0,0,0.0,0.0,0,0,4,3,0.0,0,0,0.0,22,0.0,0.0,0.0
15.0,0,pa_6,E5,25.0,5,0.0,0,0.0,0.0,0,0,5,3,0.0,0,0,0.0,22,0.0,0.0,0.0
15.0,0,pa_6_rev,NEG_E5,25.0,5,0.0,0,0.0,0.0,0,0,5,3,0.0,0,0,0.0,22,0.0,0.0,0.0
15.0,0,pa_7,E6,20.0,4,0.0,0,0.0,0.0,0,0,4,2,0.0,0,0,0.0,22,0.0,0.0,0.0
15.0,0,pa_7_rev,NEG_E6,20.0,4,0.0,0,0.0,0.0,0,0,4,2,0.0,0,0,0.0,22,0.0,0.0,0.0
15.0,0,pa_8,E7,25.0,5,0.0,0,0.0,0.0,0,0,5,3,0.0,0,0,0.0,22,0.0,0.0,0.0
15.0,0,pa_8_rev,NEG_E7,25.0,5,0.0,0,0.0,0.0,0,0,5,3,0.0,0,0,0.0,22,0.0,0.0,0.0
16.0,0,pa_2,E0,20.0,4,0.0,0,0.0,0.0,0,0,4,3,0.0,0,0,0.0,22,0.0,0.0,0.0
16.0,0,pa_2_rev,NEG_E0,20.0,4,0.0,0,0.0,0.0,0,0,4,3,0.0,0,0,0.0,22,0.0,0.0,0.0
16.0,0,pa_3,E1,20.0,4,0.0,0,0.0,0.0,0,0,4,3,0.0,0,0,0.0,22,0.0,0.0,0.0
16.0,0,pa_3_rev,NEG_E1,20.0,4,0.0,0,0.0,0.0,0,0,4,3,0.0,0,0,0.0,22,0.0,0.0,0.0
16.0,0,pa_6,E5,25.0,5,0.0,0,0.0,0.0,0,0,5,3,0.0,0,0,0.0,22,0.0,0.0,0.0
16.0,0,pa_6_rev,NEG_E5,25.0,5,0.0,0,0.0,0.0,0,0,5,3,0.0,0,0,0.0,22,0.0,0.0,0.0
16.0,0,pa_7,E6,20.0,4,0.0,0,0.0,0.0,0,0,4,2,0.0,0,0,0.0,22,0.0,0.0,0.0
16.0,0,pa_7_rev,NEG_E6,20.0,4,0.0,0,0.0,0.0,0,0,4,2,0.0,0,0,0.0,22,0.0,0.0,0.0
16.0,0,pa_8,E7,25.0,5,0.0,0,0.0,0.0,0,0,5,3,0.0,0,0,0.0,22,0.0,0.0,0.0
16.0,0,pa_8_rev,NEG_E7,25.0,5,0.0,0,0.0,0.0,0,0,5,3,0.0,0,0,0.0,22,0.0,0.0,0.0
17.0,0,pa_2,E0,20.0,4,0.0,0,0.0,0.0,0,0,4,3,0.0,0,0,0.0,22,0.0,0.0,0.0
17.0,0,pa_2_rev,NEG_E0,20.0,4,0.0,0,0.0,0.0,0,0,4,3,0.0,0,0,0.0,22,0.0,0.0,0.0
17.0,0,pa_3,E1,20.0,4,0.0,0,0.0,0.0,0,0,4,3,0.0,0,0,0.0,22,0.0,0.0,0.0
17.0,0,pa_3_rev,NEG_E1,20.0,4,0.0,0,0.0,0.0,0,0,4,3,0.0,0,0,0.0,22,0.0,0.0,0.0
17.0,0,pa_6,E5,25.0,5,0.0,0,0.0,0.0,0,0,5,3,0.0,0,0,0.0,22,0.0,0.0,0.0
17.0,0,pa_6_rev,NEG_E5,25.0,5,0.0,0,0.0,0.0,0,0,5,3,0.0,0,0,0.0,22,0.0,0.0,0.0
17.0,0,pa_7,E6,20.0,4,0.0,0,0.0,0.0,0,0,4,2,0.0,0,0,0.0,22,0.0,0.0,0.0
17.0,0,pa_7_rev,NEG_E6,20.0,4,0.0,0,0.0,0.0,0,0,4,2,0.0,0,0,0.0,22,0.0,0.0,0.0
17.0,0,pa_8,E7,25.0,5,0.0,0,0.0,0.0,0,0,5,3,0.0,0,0,0.0,22,0.0,0.0,0.0
17.0,0,pa_8_rev,NEG_E7,25.0,5,0.0,0,0.0,0.0,0,0,5,3,0.0,0,0,0.0,22,0.0,0.0,0.0
18.0,0,pa_2,E0,20.0,4,0.0,0,0.0,0.0,0,0,4,3,0.0,0,0,0.0,24,0.0,0.0,0.0
18.0,0,pa_2_rev,NEG_E0,20.0,4,0.0,0,0.0,0.0,0,0,4,3,0.0,0,0,0.0,24,0.0,0.0,0.0
18.0,0,pa_3,E1,20.0,4,0.0,0,0.0,0.0,0,0,4,3,0.0,0,0,0.0,24,0.0,0.0,0.0
18.0,0,pa_3_rev,NEG_E1,20.0,4,0.0,0,0.0,0.0,0,0,4,3,0.0,0,0,0.0,24,0.0,0.0,0.0
18.0,0,pa_6,E5,25.0,5,0.0,0,0.0,0.0,0,0,5,3,0.0,0,0,0.0,24,0.0,0.0,0.0
18.0,0,pa_6_rev,NEG_E5,25.0,5,0.0,0,0.0,0.0,0,0,5,3,0.0,0,0,0.0,24,0.0,0.0,0.0
18.0,0,pa_7,E6,20.0,4,0.0,0,0.0,0.0,0,0,4,2,0.0,0,0,0.0,24,0.0,0.0,0.0
18.0,0,pa_7_rev,NEG_E6,20.0,4,0.0,0,0.0,0.0,0,0,4,2,0.0,0,0,0.0,24,0.0,0.0,0.0
18.0,0,pa_8,E7,25.0,5,0.0,0,0.0,0.0,0,0,5,3,0.0,0,0,0.0,24,0.0,0.0,0.0
18.0,0,pa_8_rev,NEG_E7,25.0,5,0.0,0,0.0,0.0,0,0,5,3,0.0,0,0,0.0,24,0.0,0.0,0.0
19.0,0,pa_2,E0,20.0,4,0.0,0,0.0,0.0,0,0,4,3,0.0,0,0,0.0,24,0.0,0.0,0.0
19.0,0,pa_2_rev,NEG_E0,20.0,4,0.0,0,0.0,0.0,0,0,4,3,0.0,0,0,0.0,24,0.0,0.0,0.0
19.0,0,pa_3,E1,20.0,4,0.0,0,0.0,0.0,0,0,4,3,0.0,0,0,0.0,24,0.0,0.0,0.0
19.0,0,pa_3_rev,NEG_E1,20.0,4,0.0,0,0.0,0.0,0,0,4,3,0.0,0,0,0.0,24,0.0,0.0,0.0
19.0,0,pa_6,E5,25.0,5,0.0,0,0.0,0.0,0,0,5,3,0.0,0,0,0.0,24,0.0,0.0,0.0
19.0,0,pa_6_rev,NEG_E5,25.0,5,0.0,0,0.0,0.0,0,0,5,3,0.0,0,0,0.0,24,0.0,0.0,0.0
19.0,0,pa_7,E6,20.0,4,0.0,0,0.0,0.0,0,0,4,2,0.0,0,0,0.0,24,0.0,0.0,0.0
19.0,0,pa_7_rev,NEG_E6,20.0,4,0.0,0,0.0,0.0,0,0,4,2,0.0,0,0,0.0,24,0.0,0.0,0.0
19.0,0,pa_8,E7,25.0,5,0.0,0,0.0,0.0,0,0,5,3,0.0,0,0,0.0,24,0.0,0.0,0.0
19.0,0,pa_8_rev,NEG_E7,25.0,5,0.0,0,0.0,0.0,0,0,5,3,0.0,0,0,0.0,24,0.0,0.0,0.0
20.0,0,pa_2,E0,20.0,4,0.0,0,0.0,0.0,0,0,4,3,0.0,0,0,0.0,24,0.0,0.0,0.0
20.0,0,pa_2_rev,NEG_E0,20.0,4,0.0,0,0.0,0.0,0,0,4,3,0.0,0,0,0.0,24,0.0,0.0,0.0
20.0,0,pa_3,E1,20.0,4,0.0,0,0.0,0.0,0,0,4,3,0.0,0,0,0.0,24,0.0,0.0,0.0
20.0,0,pa_3_rev,NEG_E1,20.0,4,0.0,0,0.0,0.0,0,0,4,3,0.0,0,0,0.0,24,0.0,0.0,0.0
20.0,0,pa_6,E5,25.0,5,0.0,0,0.0,0.0,0,0,5,3,0.0,0,0,0.0,24,0.0,0.0,0.0
20.0,0,pa_6_rev,NEG_E5,25.0,5,0.0,0,0.0,0.0,0,0,5,3,0.0,0,0,0.0,24,0.0,0.0,0.0
20.0,0,pa_7,E6,20.0,4,0.0,0,0.0,0.0,0,0,4,2,0.0,0,0,0.0,24,0.0,0.0,0.0
20.0,0,pa_7_rev,NEG_E6,20.0,4,0.0,0,0.0,0.0,0,0,4,2,0.0,0,0,0.0,24,0.0,0.0,0.0
20.0,0,pa_8,E7,25.0,5,0.0,0,0.0,0.0,0,0,5,3,0.0,0,0,0.0,24,0.0,0.0,0.0
20.0,0,pa_8_rev,NEG_E7,25.0,5,0.0,0,0.0,0.0,0,0,5,3,0.0,0,0,0.0,24,0.0,0.0,0.0
21.0,0,pa_2,E0,20.0,4,0.0,0,0.0,0.0,0,0,4,3,0.0,0,0,0.0,24,0.0,0.0,0.0
21.0,0,pa_2_rev,NEG_E0,20.0,4,0.0,0,0.0,0.0,0,0,4,3,0.0,0,0,0.0,24,0.0,0.0,0.0
21.0,0,pa_3,E1,20.0,4,0.0,0,0.0,0.0,0,0,4,3,0.0,0,0,0.0,24,0.0,0.0,0.0
21.0,0,pa_3_rev,NEG_E1,20.0,4,0.0,0,0.0,0.0,0,0,4,3,0.0,0,0,0.0,24,0.0,0.0,0.0
21.0,0,pa_6,E5,25.0,5,0.0,0,0.0,0.0,0,0,5,3,0.0,0,0,0.0,24,0.0,0.0,0.0
21.0,0,pa_6_rev,NEG_E5,25.0,5,0.0,0,0.0,0.0,0,0,5,3,0.0,0,0,0.0,24,0.0,0.0,0.0
21.0,0,pa_7,E6,20.0,4,0.0,0,0.0,0.0,0,0,4,2,0.0,0,0,0.0,24,0.0,0.0,0.0
21.0,0,pa_7_rev,NEG_E6,20.0,4,0.0,0,0.0,0.0,0,0,4,2,0.0,0,0,0.0,24,0.0,0.0,0.0
21.0,0,pa_8,E7,25.0,5,0.0,0,0.0,0.0,0,0,5,3,0.0,0,0,0.0,24,0.0,0.0,0.0
21.0,0,pa_8_rev,NEG_E7,25.0,5,0.0,0,0.0,0.0,0,0,5,3,0.0,0,0,0.0,24,0.0,0.0,0.0
22.0,0,pa_2,E0,20.0,4,0.0,0,0.0,0.0,0,0,4,3,0.0,0,0,0.0,24,0.0,0.0,0.0
22.0,0,pa_2_rev,NEG_E0,20.0,4,0.0,0,0.0,0.0,0,0,4,3,0.0,0,0,0.0,24,0.0,0.0,0.0
22.0,0,pa_3,E1,20.0,4,0.0,0,0.0,0.0,0,0,4,3,0.0,0,0,0.0,24,0.0,0.0,0.0
22.0,0,pa_3_rev,NEG_E1,20.0,4,0.0,0,0.0,0.0,0,0,4,3,0.0,0,0,0.0,24,0.0,0.0,0.0
22.0,0,pa_6,E5,25.0,5,0.0,0,0.0,0.0,0,0,5,3,0.0,0,0,0.0,24,0.0,0.0,0.0
22.0,0,pa_6_rev,NEG_E5,25.0,5,0.0,0,0.0,0.0,0,0,5,3,0.0,0,0,0.0,24,0.0,0.0,0.0
22.0,0,pa_7,E6,20.0,4,0.0,0,0.0,0.0,0,0,4,2,0.0,0,0,0.0,24,0.0,0.0,0.0
22.0,0,pa_7_rev,NEG_E6,20.0,4,0.0,0,0.0,0.0,0,0,4,2,0.0,0,0,0.0,24,0.0,0.0,0.0
22.0,0,pa_8,E7,25.0,5,0.0,0,0.0,0.0,0,0,5,3,0.0,0,0,0.0,24,0.0,0.0,0.0
22.0,0,pa_8_rev,NEG_E7,25.0,5,0.0,0,0.0,0.0,0,0,5,3,0.0,0,0,0.0,24,0.0,0.0,0.0
23.0,0,pa_2,E0,20.0,4,0.0,0,0.0,0.0,0,0,4,3,0.0,0,0,0.0,24,0.0,0.0,0.0
23.0,0,pa_2_rev,NEG_E0,20.0,4,0.0,0,0.0,0.0,0,0,4,3,0.0,0,0,0.0,24,0.0,0.0,0.0
23.0,0,pa_3,E1,20.0,4,0.0,0,0.0,0.0,0,0,4,3,0.0,0,0,0.0,24,0.0,0.0,0.0
23.0,0,pa_3_rev,NEG_E1,20.0,4,0.0,0,0.0,0.0,0,0,4,3,0.0,0,0,0.0,24,0.0,0.0,0.0
23.0,0,pa_6,E5,25.0,5,0.0,0,0.0,0.0,0,0,5,3,0.0,0,0,0.0,24,0.0,0.0,0.0
23.0,0,pa_6_rev,NEG_E5,25.0,5,0.0,0,0.0,0.0,0,0,5,3,0.0,0,0,0.0,24,0.0,0.0,0.0
23.0,0,pa_7,E6,20.0,4,0.0,0,0.0,0.0,0,0,4,2,0.0,0,0,0.0,24,0.0,0.0,0.0
23.0,0,pa_7_rev,NEG_E6,20.0,4,0.0,0,0.0,0.0,0,0,4,2,0.0,0,0,0.0,24,0.0,0.0,0.0
23.0,0,pa_8,E7,25.0,5,0.0,0,0.0,0.0,0,0,5,3,0.0,0,0,0.0,24,0.0,0.0,0.0
23.0,0,pa_8_rev,NEG_E7,25.0,5,0.0,0,0.0,0.0,0,0,5,3,0.0,0,0,0.0,24,0.0,0.0,0.0
24.0,0,pa_2,E0,20.0,4,0.0,0,0.0,0.0,0,0,4,3,0.0,0,0,0.0,24,0.0,0.0,0.0
24.0,0,pa_2_rev,NEG_E0,20.0,4,0.0,0,0.0,0.0,0,0,4,3,0.0,0,0,0.0,24,0.0,0.0,0.0
24.0,0,pa_3,E1,20.0,4,0.0,0,0.0,0.0,0,0,4,3,0.0,0,0,0.0,24,0.0,0.0,0.0
24.0,0,pa_3_rev,NEG_E1,20.0,4,0.0,0,0.0,0.0,0,0,4,3,0.0,0,0,0.0,24,0.0,0.0,0.0
24.0,0,pa_6,E5,25.0,5,0.0,0,0.0,0.0,0,0,5,3,0.0,0,0,0.0,24,0.0,0.0,0.0
24.0,0,pa_6_rev,NEG_E5,25.0,5,0.0,0,0.0,0.0,0,0,5,3,0.0,0,0,0.0,24,0.0,0.0,0.0
24.0,0,pa_7,E6,20.0,4,0.0,0,0.0,0.0,0,0,4,2,0.0,0,0,0.0,24,0.0,0.0,0.0
24.0,0,pa_7_rev,NEG_E6,20.0,4,0.0,0,0.0,0.0,0,0,4,2,0.0,0,0,0.0,24,0.0,0.0,0.0
24.0,0,pa_8,E7,25.0,5,0.0,0,0.0,0.0,0,0,5,3,0.0,0,0,0.0,24,0.0,0.0,0.0
24.0,0,pa_8_rev,NEG_E7,25.0,5,0.0,0,0.0,0.0,0,0,5,3,0.0,0,0,0.0,24,0.0,0.0,0.0
25.0,0,pa_2,E0,20.0,4,0.0,0,0.0,0.0,0,0,4,3,0.0,0,0,0.0,24,0.0,0.0,0.0
25.0,0,pa_2_rev,NEG_E0,20.0,4,0.0,0,0.0,0.0,0,0,4,3,0.0,0,0,0.0,24,0.0,0.0,0.0
25.0,0,pa_3,E1,20.0,4,0.0,0,0.0,0.0,0,0,4,3,0.0,0,0,0.0,24,0.0,0.0,0.0
25.0,0,pa_3_rev,NEG_E1,20.0,4,0.0,0,0.0,0.0,0,0,4,3,0.0,0,0,0.0,24,0.0,0.0,0.0
25.0,0,pa_6,E5,25.0,5,0.0,0,0.0,0.0,0,0,5,3,0.0,0,0,0.0,24,0.0,0.0,0.0
25.0,0,pa_6_rev,NEG_E5,25.0,5,0.0,0,0.0,0.0,0,0,5,3,0.0,0,0,0.0,24,0.0,0.0,0.0
25.0,0,pa_7,E6,20.0,4,0.0,0,0.0,0.0,0,0,4,2,0.0,0,0,0.0,24,0.0,0.0,0.0
25.0,0,pa_7_rev,NEG_E6,20.0,4,0.0,0,0.0,0.0,0,0,4,2,0.0,0,0,0.0,24,0.0,0.0,0.0
25.0,0,pa_8,E7,25.0,5,0.0,0,0.0,0.0,0,0,5,3,0.0,0,0,0.0,24,0.0,0.0,0.0
25.0,0,pa_8_rev,NEG_E7,25.0,5,0.0,0,0.0,0.0,0,0,5,3,0.0,0,0,0.0,24,0.0,0.0,0.0
26.0,0,pa_2,E0,20.0,4,0.0,0,0.0,0.0,0,0,4,3,0.0,0,0,0.0,24,0.0,0.0,0.0
26.0,0,pa_2_rev,NEG_E0,20.0,4,0.0,0,0.0,0.0,0,0,4,3,0.0,0,0,0.0,24,0.0,0.0,0.0
26.0,0,pa_3,E1,20.0,4,0.0,0,0.0,0.0,0,0,4,3,0.0,0,0,0.0,24,0.0,0.0,0.0
26.0,0,pa_3_rev,NEG_E1,20.0,4,0.0,0,0.0,0.0,0,0,4,3,0.0,0,0,0.0,24,0.0,0.0,0.0
26.0,0,pa_6,E5,25.0,5,0.0,0,0.0,0.0,0,0,5,3,0.0,0,0,0.0,24,0.0,0.0,0.0
26.0,0,pa_6_rev,NEG_E5,25.0,5,0.0,0,0.0,0.0,0,0,5,3,0.0,0,0,0.0,24,0.0,0.0,0.0
26.0,0,pa_7,E6,20.0,4,0.0,0,0.0,0.0,0,0,4,2,0.0,0,0,0.0,24,0.0,0.0,0.0
26.0,0,pa_7_rev,NEG_E6,20.0,4,0.0,0,0.0,0.0,0,0,4,2,0.0,0,0,0.0,24,0.0,0.0,0.0
26.0,0,pa_8,E7,25.0,5,0.0,0,0.0,0.0,0,0,5,3,0.0,0,0,0.0,24,0.0,0.0,0.0
26.0,0,pa_8_rev,NEG_E7,25.0,5,0.0,0,0.0,0.0,0,0,5,3,0.0,0,0,0.0,24,0.0,0.0,0.0
27.0,0,pa_2,E0,20.0,4,0.0,0,0.0,0.0,0,0,4,3,0.0,0,0,0.0,24,0.0,0.0,0.0
27.0,0,pa_2_rev,NEG_E0,20.0,4,0.0,0,0.0,0.0,0,0,4,3,0.0,0,0,0.0,24,0.0,0.0,0.0
27.0,0,pa_3,E1,20.0,4,0.0,0,0.0,0.0,0,0,4,3,0.0,0,0,0.0,24,0.0,0.0,0.0
27.0,0,pa_3_rev,NEG_E1,20.0,4,0.0,0,0.0,0.0,0,0,4,3,0.0,0,0,0.0,24,0.0,0.0,0.0
27.0,0,pa_6,E5,25.0,5,0.0,0,0.0,0.0,0,0,5,3,0.0,0,0,0.0,24,0.0,0.0,0.0
27.0,0,pa_6_rev,NEG_E5,25.0,5,0.0,0,0.0,0.0,0,0,5,3,0.0,0,0,0.0,24,0.0,0.0,0.0
27.0,0,pa_7,E6,20.0,4,0.0,0,0.0,0.0,0,0,4,2,0.0,0,0,0.0,24,0.0,0.0,0.0
27.0,0,pa_7_rev,NEG_E6,20.0,4,0.0,0,0.0,0.0,0,0,4,2,0.0,0,0,0.0,24,0.0,0.0,0.0
27.0,0,pa_8,E7,25.0,5,0.0,0,0.0,0.0,0,0,5,3,0.0,0,0,0.0,24,0.0,0.0,0.0
27.0,0,pa_8_rev,NEG_E7,25.0,5,0.0,0,0.0,0.0,0,0,5,3,0.0,0,0,0.0,24,0.0,0.0,0.0
28.0,0,pa_2,E0,20.0,4,0.0,0,0.0,0.0,0,0,4,3,0.0,0,0,0.0,24,0.0,0.0,0.0
28.0,0,pa_2_rev,NEG_E0,20.0,4,0.0,0,0.0,0.0,0,0,4,3,0.0,0,0,0.0,24,0.0,0.0,0.0
28.0,0,pa_3,E1,20.0,4,0.0,0,0.0,0.0,0,0,4,3,0.0,0,0,0.0,24,0.0,0.0,0.0
28.0,0,pa_3_rev,NEG_E1,20.0,4,0.0,0,0.0,0.0,0,0,4,3,0.0,0,0,0.0,24,0.0,0.0,0.0
28.0,0,pa_6,E5,25.0,5,0.0,0,0.0,0.0,0,0,5,3,0.0,0,0,0.0,24,0.0,0.0,0.0
28.0,0,pa_6_rev,NEG_E5,25.0,5,0.0,0,0.0,0.0,0,0,5,3,0.0,0,0,0.0,24,0.0,0.0,0.0
28.0,0,pa_7,E6,20.0,4,0.0,0,0.0,0.0,0,0,4,2,0.0,0,0,0.0,24,0.0,0.0,0.0
28.0,0,pa_7_rev,NEG_E6,20.0,4,0.0,0,0.0,0.0,0,0,4,2,0.0,0,0,0.0,24,0.0,0.0,0.0
28.0,0,pa_8,E7,25.0,5,0.0,0,0.0,0.0,0,0,5,3,0.0,0,0,0.0,24,0.0,0.0,0.0
28.0,0,pa_8_rev,NEG_E7,25.0,5,0.0,0,0.0,0.0,0,0,5,3,0.0,0,0,0.0,24,0.0,0.0,0.0
29.0,0,pa_2,E0,20.0,4,0.0,0,0.0,0.0,0,0,4,3,0.0,0,0,0.0,24,0.0,0.0,0.0
29.0,0,pa_2_rev,NEG_E0,20.0,4,0.0,0,0.0,0.0,0,0,4,3,0.0,0,0,0.0,24,0.0,0.0,0.0
29.0,0,pa_3,E1,20.0,4,0.0,0,0.0,0.0,0,0,4,3,0.0,0,0,0.0,24,0.0,0.0,0.0
29.0,0,pa_3_rev,NEG_E1,20.0,4,0.0,0,0.0,0.0,0,0,4,3,0.0,0,0,0.0,24,0.0,0.0,0.0
29.0,0,pa_6,E5,25.0,5,0.0,0,0.0,0.0,0,0,5,3,0.0,0,0,0.0,24,0.0,0.0,0.0
29.0,0,pa_6_rev,NEG_E5,25.0,5,0.0,0,0.0,0.0,0,0,5,3,0.0,0,0,0.0,24,0.0,0.0,0.0
29.0,0,pa_7,E6,20.0,4,0.0,0,0.0,0.0,0,0,4,2,0.0,0,0,0.0,24,0.0,0.0,0.0
29.0,0,pa_7_rev,NEG_E6,20.0,4,0.0,0,0.0,0.0,0,0,4,2,0.0,0,0,0.0,24,0.0,0.0,0.0
29.0,0,pa_8,E7,25.0,5,0.0,0,0.0,0.0,0,0,5,3,0.0,0,0,0.0,24,0.0,0.0,0.0
29.0,0,pa_8_rev,NEG_E7,25.0,5,0.0,0,0.0,0.0,0,0,5,3,0.0,0,0,0.0,24,0.0,0.0,0.0
30.0,0,pa_2,E0,20.0,4,0.0,0,0.0,0.0,0,0,4,3,0.0,0,0,0.0,24,0.0,0.0,0.0
30.0,0,pa_2_rev,NEG_E0,20.0,4,0.0,0,0.0,0.0,0,0,4,3,0.0,0,0,0.0,24,0.0,0.0,0.0
30.0,0,pa_3,E1,20.0,4,0.0,0,0.0,0.0,0,0,4,3,0.0,0,0,0.0,24,0.0,0.0,0.0
30.0,0,pa_3_rev,NEG_E1,20.0,4,0.0,0,0.0,0.0,0,0,4,3,0.0,0,0,0.0,24,0.0,0.0,0.0
30.0,0,pa_6,E5,25.0,5,0.0,0,0.0,0.0,0,0,5,3,0.0,0,0,0.0,24,0.0,0.0,0.0
30.0,0,pa_6_rev,NEG_E5,25.0,5,0.0,0,0.0,0.0,0,0,5,3,0.0,0,0,0.0,24,0.0,0.0,0.0
30.0,0,pa_7,E6,20.0,4,0.0,0,0.0,0.0,0,0,4,2,0.0,0,0,0.0,24,0.0,0.0,0.0
30.0,0,pa_7_rev,NEG_E6,20.0,4,0.0,0,0.0,0.0,0,0,4,2,0.0,0,0,0.0,24,0.0,0.0,0.0
30.0,0,pa_8,E7,25.0,5,0.0,0,0.0,0.0,0,0,5,3,0.0,0,0,0.0,24,0.0,0.0,0.0
30.0,0,pa_8_rev,NEG_E7,25.0,5,0.0,0,0.0,0.0,0,0,5,3,0.0,0,0,0.0,24,0.0,0.0,0.0
31.0,0,pa_2,E0,20.0,4,0.0,0,0.0,0.0,0,0,4,3,0.0,0,0,0.0,24,0.0,0.0,0.0
31.0,0,pa_2_rev,NEG_E0,20.0,4,0.0,0,0.0,0.0,0,0,4,3,0.0,0,0,0.0,24,0.0,0.0,0.0
31.0,0,pa_3,E1,20.0,4,0.0,0,0.0,0.0,0,0,4,3,0.0,0,0,0.0,24,0.0,0.0,0.0
31.0,0,pa_3_rev,NEG_E1,20.0,4,0.0,0,0.0,0.0,0,0,4,3,0.0,0,0,0.0,24,0.0,0.0,0.0
31.0,0,pa_6,E5,25.0,5,0.0,0,0.0,0.0,0,0,5,3,0.0,0,0,0.0,24,0.0,0.0,0.0
31.0,0,pa_6_rev,NEG_E5,25.0,5,0.0,0,0.0,0.0,0,0,5,3,0.0,0,0,0.0,24,0.0,0.0,0.0
31.0,0,pa_7,E6,20.0,4,0.0,0,0.0,0.0,0,0,4,2,0.0,0,0,0.0,24,0.0,0.0,0.0
31.0,0,pa_7_rev,NEG_E6,20.0,4,0.0,0,0.0,0.0,0,0,4,2,0.0,0,0,0.0,24,0.0,0.0,0.0
31.0,0,pa_8,E7,25.0,5,0.0,0,0.0,0.0,0,0,5,3,0.0,0,0,0.0,24,0.0,0.0,0.0
31.0,0,pa_8_rev,NEG_E7,25.0,5,0.0,0,0.0,0.0,0,0,5,3,0.0,0,0,0.0,24,0.0,0.0,0.0
32.0,0,pa_2,E0,20.0,4,0.0,0,0.0,0.0,0,0,4,3,0.0,0,0,0.0,24,0.0,0.0,0.0
32.0,0,pa_2_rev,NEG_E0,20.0,4,0.0,0,0.0,0.0,0,0,4,3,0.0,0,0,0.0,24,0.0,0.0,0.0
32.0,0,pa_3,E1,20.0,4,0.0,0,0.0,0.0,0,0,4,3,0.0,0,0,0.0,24,0.0,0.0,0.0
32.0,0,pa_3_rev,NEG_E1,20.0,4,0.0,0,0.0,0.0,0,0,4,3,0.0,0,0,0.0,24,0.0,0.0,0.0
32.0,0,pa_6,E5,25.0,5,0.0,0,0.0,0.0,0,0,5,3,0.0,0,0,0.0,24,0.0,0.0,0.0
32.0,0,pa_6_rev,NEG_E5,25.0,5,0.0,0,0.0,0.0,0,0,5,3,0.0,0,0,0.0,24,0.0,0.0,0.0
32.0,0,pa_7,E6,20.0,4,0.0,0,0.0,0.0,0,0,4,2,0.0,0,0,0.0,24,0.0,0.0,0.0
32.0,0,pa_7_rev,NEG_E6,20.0,4,0.0,0,0.0,0.0,0,0,4,2,0.0,0,0,0.0,24,0.0,0.0,0.0
32.0,0,pa_8,E7,25.0,5,0.0,0,0.0,0.0,0,0,5,3,0.0,0,0,0.0,24,0.0,0.0,0.0
32.0,0,pa_8_rev,NEG_E7,25.0,5,0.0,0,0.0,0.0,0,0,5,3,0.0,0,0,0.0,24,0.0,0.0,0.0
33.0,0,pa_2,E0,20.0,4,0.0,0,0.0,0.0,0,0,4,3,0.0,0,0,0.0,24,0.0,0.0,0.0
33.0,0,pa_2_rev,NEG_E0,20.0,4,0.0,0,0.0,0.0,0,0,4,3,0.0,0,0,0.0,24,0.0,0.0,0.0
33.0,0,pa_3,E1,20.0,4,0.0,0,0.0,0.0,0,0,4,3,0.0,0,0,0.0,24,0.0,0.0,0.0
33.0,0,pa_3_rev,NEG_E1,20.0,4,0.0,0,0.0,0.0,0,0,4,3,0.0,0,0,0.0,24,0.0,0.0,0.0
33.0,0,pa_6,E5,25.0,5,0.0,0,0.0,0.0,0,0,5,3,0.0,0,0,0.0,24,0.0,0.0,0.0
33.0,0,pa_6_rev,NEG_E5,25.0,5,0.0,0,0.0,0.0,0,0,5,3,0.0,0,0,0.0,24,0.0,0.0,0.0
33.0,0,pa_7,E6,20.0,4,0.0,0,0.0,0.0,0,0,4,2,0.0,0,0,0.0,24,0.0,0.0,0.0
33.0,0,pa_7_rev,NEG_E6,20.0,4,0.0,0,0.0,0.0,0,0,4,2,0.0,0,0,0.0,24,0.0,0.0,0.0
33.0,0,pa_8,E7,25.0,5,0.0,0,0.0,0.0,0,0,5,3,0.0,0,0,0.0,24,0.0,0.0,0.0
33.0,0,pa_8_rev,NEG_E7,25.0,5,0.0,0,0.0,0.0,0,0,5,3,0.0,0,0,0.0,24,0.0,0.0,0.0
34.0,0,pa_2,E0,20.0,4,0.0,0,0.0,0.0,0,0,4,3,0.0,0,0,0.0,24,0.0,0.0,0.0
34.0,0,pa_2_rev,NEG_E0,20.0,4,0.0,0,0.0,0.0,0,0,4,3,0.0,0,0,0.0,24,0.0,0.0,0.0
34.0,0,pa_3,E1,20.0,4,0.0,0,0.0,0.0,0,0,4,3,0.0,0,0,0.0,24,0.0,0.0,0.0
34.0,0,pa_3_rev,NEG_E1,20.0,4,0.0,0,0.0,0.0,0,0,4,3,0.0,0,0,0.0,24,0.0,0.0,0.0
34.0,0,pa_6,E5,25.0,5,0.0,0,0.0,0.0,0,0,5,3,0.0,0,0,0.0,24,0.0,0.0,0.0
34.0,0,pa_6_rev,NEG_E5,25.0,5,0.0,0,0.0,0.0,0,0,5,3,0.0,0,0,0.0,24,0.0,0.0,0.0
34.0,0,pa_7,E6,20.0,4,0.0,0,0.0,0.0,0,0,4,2,0.0,0,0,0.0,24,0.0,0.0,0.0
34.0,0,pa_7_rev,NEG_E6,20.0,4,0.0,0,0.0,0.0,0,0,4,2,0.0,0,0,0.0,24,0.0,0.0,0.0
34.0,0,pa_8,E7,25.0,5,0.0,0,0.0,0.0,0,0,5,3,0.0,0,0,0.0,24,0.0,0.0,0.0
34.0,0,pa_8_rev,NEG_E7,25.0,5,0.0,0,0.0,0.0,0,0,5,3,0.0,0,0,0.0,24,0.0,0.0,0.0
35.0,0,pa_2,E0,20.0,4,0.0,0,0.0,0.0,0,0,4,3,0.0,0,0,0.0,24,0.0,0.0,0.0
35.0,0,pa_2_rev,NEG_E0,20.0,4,0.0,0,0.0,0.0,0,0,4,3,0.0,0,0,0.0,24,0.0,0.0,0.0
35.0,0,pa_3,E1,20.0,4,0.0,0,0.0,0.0,0,0,4,3,0.0,0,0,0.0,24,0.0,0.0,0.0
35.0,0,pa_3_rev,NEG_E1,20.0,4,0.0,0,0.0,0.0,0,0,4,3,0.0,0,0,0.0,24,0.0,0.0,0.0
35.0,0,pa_6,E5,25.0,5,0.0,0,0.0,0.0,0,0,5,3,0.0,0,0,0.0,24,0.0,0.0,0.0
35.0,0,pa_6_rev,NEG_E5,25.0,5,0.0,0,0.0,0.0,0,0,5,3,0.0,0,0,0.0,24,0.0,0.0,0.0
35.0,0,pa_7,E6,20.0,4,0.0,0,0.0,0.0,0,0,4,2,0.0,0,0,0.0,24,0.0,0.0,0.0
35.0,0,pa_7_rev,NEG_E6,20.0,4,0.0,0,0.0,0.0,0,0,4,2,0.0,0,0,0.0,24,0.0,0.0,0.0
35.0,0,pa_8,E7,25.0,5,0.0,0,0.0,0.0,0,0,5,3,0.0,0,0,0.0,24,0.0,0.0,0.0
35.0,0,pa_8_rev,NEG_E7,25.0,5,0.0,0,0.0,0.0,0,0,5,3,0.0,0,0,0.0,24,0.0,0.0,0.0
36.0,0,pa_2,E0,20.0,4,0.0,0,0.0,0.0,0,0,4,3,0.0,0,0,0.0,24,0.0,0.0,0.0
36.0,0,pa_2_rev,NEG_E0,20.0,4,0.0,0,0.0,0.0,0,0,4,3,0.0,0,0,0.0,24,0.0,0.0,0.0
36.0,0,pa_3,E1,20.0,4,0.0,0,0.0,0.0,0,0,4,3,0.0,0,0,0.0,24,0.0,0.0,0.0
36.0,0,pa_3_rev,NEG_E1,20.0,4,0.0,0,0.0,0.0,0,0,4,3,0.0,0,0,0.0,24,0.0,0.0,0.0
36.0,0,pa_6,E5,25.0,5,0.0,0,0.0,0.0,0,0,5,3,0.0,0,0,0.0,24,0.0,0.0,0.0
36.0,0,pa_6_rev,NEG_E5,25.0,5,0.0,0,0.0,0.0,0,0,5,3,0.0,0,0,0.0,24,0.0,0.0,0.0
36.0,0,pa_7,E6,20.0,4,0.0,0,0.0,0.0,0,0,4,2,0.0,0,0,0.0,24,0.0,0.0,0.0
36.0,0,pa_7_rev,NEG_E6,20.0,4,0.0,0,0.0,0.0,0,0,4,2,0.0,0,0,0.0,24,0.0,0.0,0.0
36.0,0,pa_8,E7,25.0,5,0.0,0,0.0,0.0,0,0,5,3,0.0,0,0,0.0,24,0.0,0.0,0.0
36.0,0,pa_8_rev,NEG_E7,25.0,5,0.0,0,0.0,0.0,0,0,5,3,0.0,0,0,0.0,24,0.0,0.0,0.0
37.0,0,pa_2,E0,20.0,4,0.0,0,0.0,0.0,0,0,4,3,0.0,0,0,0.0,24,0.0,0.0,0.0
37.0,0,pa_2_rev,NEG_E0,20.0,4,0.0,0,0.0,0.0,0,0,4,3,0.0,0,0,0.0,24,0.0,0.0,0.0
37.0,0,pa_3,E1,20.0,4,0.0,0,0.0,0.0,0,0,4,3,0.0,0,0,0.0,24,0.0,0.0,0.0
37.0,0,pa_3_rev,NEG_E1,20.0,4,0.0,0,0.0,0.0,0,0,4,3,0.0,0,0,0.0,24,0.0,0.0,0.0
37.0,0,pa_6,E5,25.0,5,0.0,0,0.0,0.0,0,0,5,3,0.0,0,0,0.0,24,0.0,0.0,0.0
37.0,0,pa_6_rev,NEG_E5,25.0,5,0.0,0,0.0,0.0,0,0,5,3,0.0,0,0,0.0,24,0.0,0.0,0.0
37.0,0,pa_7,E6,20.0,4,0.0,0,0.0,0.0,0,0,4,2,0.0,0,0,0.0,24,0.0,0.0,0.0
37.0,0,pa_7_rev,NEG_E6,20.0,4,0.0,0,0.0,0.0,0,0,4,2,0.0,0,0,0.0,24,0.0,0.0,0.0
37.0,0,pa_8,E7,25.0,5,0.0,0,0.0,0.0,0,0,5,3,0.0,0,0,0.0,24,0.0,0.0,0.0
37.0,0,pa_8_rev,NEG_E7,25.0,5,0.0,0,0.0,0.0,0,0,5,3,0.0,0,0,0.0,24,0.0,0.0,0.0
38.0,0,pa_2,E0,20.0,4,0.0,0,0.0,0.0,0,0,4,3,0.0,0,0,0.0,24,0.0,0.0,0.0
38.0,0,pa_2_rev,NEG_E0,20.0,4,0.0,0,0.0,0.0,0,0,4,3,0.0,0,0,0.0,24,0.0,0.0,0.0
38.0,0,pa_3,E1,20.0,4,0.0,0,0.0,0.0,0,0,4,3,0.0,0,0,0.0,24,0.0,0.0,0.0
38.0,0,pa_3_rev,NEG_E1,20.0,4,0.0,0,0.0,0.0,0,0,4,3,0.0,0,0,0.0,24,0.0,0.0,0.0
38.0,0,pa_6,E5,25.0,5,0.0,0,0.0,0.0,0,0,5,3,0.0,0,0,0.0,24,0.0,0.0,0.0
38.0,0,pa_6_rev,NEG_E5,25.0,5,0.0,0,0.0,0.0,0,0,5,3,0.0,0,0,0.0,24,0.0,0.0,0.0
38.0,0,pa_7,E6,20.0,4,0.0,0,0.0,0.0,0,0,4,2,0.0,0,0,0.0,24,0.0,0.0,0.0
38.0,0,pa_7_rev,NEG_E6,20.0,4,0.0,0,0.0,0.0,0,0,4,2,0.0,0,0,0.0,24,0.0,0.0,0.0
38.0,0,pa_8,E7,25.0,5,0.0,0,0.0,0.0,0,0,5,3,0.0,0,0,0.0,24,0.0,0.0,0.0
38.0,0,pa_8_rev,NEG_E7,25.0,5,0.0,0,0.0,0.0,0,0,5,3,0.0,0,0,0.0,24,0.0,0.0,0.0
39.0,0,pa_2,E0,20.0,4,0.0,0,0.0,0.0,0,0,4,3,0.0,0,0,0.0,24,0.0,0.0,0.0
39.0,0,pa_2_rev,NEG_E0,20.0,4,0.0,0,0.0,0.0,0,0,4,3,0.0,0,0,0.0,24,0.0,0.0,0.0
39.0,0,pa_3,E1,20.0,4,0.0,0,0.0,0.0,0,0,4,3,0.0,0,0,0.0,24,0.0,0.0,0.0
39.0,0,pa_3_rev,NEG_E1,20.0,4,0.0,0,0.0,0.0,0,0,4,3,0.0,0,0,0.0,24,0.0,0.0,0.0
39.0,0,pa_6,E5,25.0,5,0.0,0,0.0,0.0,0,0,5,3,0.0,0,0,0.0,24,0.0,0.0,0.0
39.0,0,pa_6_rev,NEG_E5,25.0,5,0.0,0,0.0,0.0,0,0,5,3,0.0,0,0,0.0,24,0.0,0.0,0.0
39.0,0,pa_7,E6,20.0,4,0.0,0,0.0,0.0,0,0,4,2,0.0,0,0,0.0,24,0.0,0.0,0.0
39.0,0,pa_7_rev,NEG_E6,20.0,4,0.0,0,0.0,0.0,0,0,4,2,0.0,0,0,0.0,24,0.0,0.0,0.0
39.0,0,pa_8,E7,25.0,5,0.0,0,0.0,0.0,0,0,5,3,0.0,0,0,0.0,24,0.0,0.0,0.0
39.0,0,pa_8_rev,NEG_E7,25.0,5,0.0,0,0.0,0.0,0,0,5,3,0.0,0,0,0.0,24,0.0,0.0,0.0
40.0,0,pa_2,E0,20.0,4,0.0,0,0.0,0.0,0,0,4,3,0.0,0,0,0.0,24,0.0,0.0,0.0
40.0,0,pa_2_rev,NEG_E0,20.0,4,0.0,0,0.0,0.0,0,0,4,3,0.0,0,0,0.0,24,0.0,0.0,0.0
40.0,0,pa_3,E1,20.0,4,0.0,0,0.0,0.0,0,0,4,3,0.0,0,0,0.0,24,0.0,0.0,0.0
40.0,0,pa_3_rev,NEG_E1,20.0,4,0.0,0,0.0,0.0,0,0,4,3,0.0,0,0,0.0,24,0.0,0.0,0.0
40.0,0,pa_6,E5,25.0,5,0.0,0,0.0,0.0,0,0,5,3,0.0,0,0,0.0,24,0.0,0.0,0.0
40.0,0,pa_6_rev,NEG_E5,25.0,5,0.0,0,0.0,0.0,0,0,5,3,0.0,0,0,0.0,24,0.0,0.0,0.0
40.0,0,pa_7,E6,20.0,4,0.0,0,0.0,0.0,0,0,4,2,0.0,0,0,0.0,24,0.0,0.0,0.0
40.0,0,pa_7_rev,NEG_E6,20.0,4,0.0,0,0.0,0.0,0,0,4,2,0.0,0,0,0.0,24,0.0,0.0,0.0
40.0,0,pa_8,E7,25.0,5,0.0,0,0.0,0.0,0,0,5,3,0.0,0,0,0.0,24,0.0,0.0,0.0
40.0,0,pa_8_rev,NEG_E7,25.0,5,0.0,0,0.0,0.0,0,0,5,3,0.0,0,0,0.0,24,0.0,0.0,0.0
41.0,0,pa_2,E0,20.0,4,0.0,0,0.0,0.0,0,0,4,3,0.0,0,0,0.0,25,0.0,0.0,0.0
41.0,0,pa_2_rev,NEG_E0,20.0,4,0.0,0,0.0,0.0,0,0,4,3,0.0,0,0,0.0,25,0.0,0.0,0.0
41.0,0,pa_3,E1,20.0,4,0.0,0,0.0,0.0,0,0,4,3,0.0,0,0,0.0,25,0.0,0.0,0.0
41.0,0,pa_3_rev,NEG_E1,20.0,4,0.0,0,0.0,0.0,0,0,4,3,0.0,0,0,0.0,25,0.0,0.0,0.0
41.0,0,pa_6,E5,25.0,5,0.0,0,0.0,0.0,0,0,5,3,0.0,0,0,0.0,25,0.0,0.0,0.0
41.0,0,pa_6_rev,NEG_E5,25.0,5,0.0,0,0.0,0.0,0,0,5,3,0.0,0,0,0.0,25,0.0,0.0,0.0
41.0,0,pa_7,E6,20.0,4,0.0,0,0.0,0.0,0,0,4,2,0.0,0,0,0.0,25,0.0,0.0,0.0
41.0,0,pa_7_rev,NEG_E6,20.0,4,0.0,0,0.0,0.0,0,0,4,2,0.0,0,0,0.0,25,0.0,0.0,0.0
41.0,0,pa_8,E7,25.0,5,0.0,0,0.0,0.0,0,0,5,3,0.0,0,0,0.0,25,0.0,0.0,0.0
41.0,0,pa_8_rev,NEG_E7,25.0,5,0.0,0,0.0,0.0,0,0,5,3,0.0,0,0,0.0,25,0.0,0.0,0.0
42.0,0,pa_2,E0,20.0,4,0.0,0,0.0,0.0,0,0,4,3,0.0,0,0,0.0,25,0.0,0.0,0.0
42.0,0,pa_2_rev,NEG_E0,20.0,4,0.0,0,0.0,0.0,0,0,4,3,0.0,0,0,0.0,25,0.0,0.0,0.0
42.0,0,pa_3,E1,20.0,4,0.0,0,0.0,0.0,0,0,4,3,0.0,0,0,0.0,25,0.0,0.0,0.0
42.0,0,pa_3_rev,NEG_E1,20.0,4,0.0,0,0.0,0.0,0,0,4,3,0.0,0,0,0.0,25,0.0,0.0,0.0
42.0,0,pa_6,E5,25.0,5,0.0,0,0.0,0.0,0,0,5,3,0.0,0,0,0.0,25,0.0,0.0,0.0
42.0,0,pa_6_rev,NEG_E5,25.0,5,0.0,0,0.0,0.0,0,0,5,3,0.0,0,0,0.0,25,0.0,0.0,0.0
42.0,0,pa_7,E6,20.0,4,0.0,0,0.0,0.0,0,0,4,2,0.0,0,0,0.0,25,0.0,0.0,0.0
42.0,0,pa_7_rev,NEG_E6,20.0,4,0.0,0,0.0,0.0,0,0,4,2,0.0,0,0,0.0,25,0.0,0.0,0.0
42.0,0,pa_8,E7,25.0,5,0.0,0,0.0,0.0,0,0,5,3,0.0,0,0,0.0,25,0.0,0.0,0.0
42.0,0,pa_8_rev,NEG_E7,25.0,5,0.0,0,0.0,0.0,0,0,5,3,0.0,0,0,0.0,25,0.0,0.0,0.0
43.0,0,pa_2,E0,20.0,4,0.0,0,0.0,0.0,0,0,4,3,0.0,0,0,0.0,25,0.0,0.0,0.0
43.0,0,pa_2_rev,NEG_E0,20.0,4,0.0,0,0.0,0.0,0,0,4,3,0.0,0,0,0.0,25,0.0,0.0,0.0
43.0,0,pa_3,E1,20.0,4,0.0,0,0.0,0.0,0,0,4,3,0.0,0,0,0.0,25,0.0,0.0,0.0
43.0,0,pa_3_rev,NEG_E1,20.0,4,0.0,0,0.0,0.0,0,0,4,3,0.0,0,0,0.0,25,0.0,0.0,0.0
43.0,0,pa_6,E5,25.0,5,0.0,0,0.0,0.0,0,0,5,3,0.0,0,0,0.0,25,0.0,0.0,0.0
43.0,0,pa_6_rev,NEG_E5,25.0,5,0.0,0,0.0,0.0,0,0,5,3,0.0,0,0,0.0,25,0.0,0.0,0.0
43.0,0,pa_7,E6,20.0,4,0.0,0,0.0,0.0,0,0,4,2,0.0,0,0,0.0,25,0.0,0.0,0.0
43.0,0,pa_7_rev,NEG_E6,20.0,4,0.0,0,0.0,0.0,0,0,4,2,0.0,0,0,0.0,25,0.0,0.0,0.0
43.0,0,pa_8,E7,25.0,5,0.0,0,0.0,0.0,0,0,5,3,0.0,0,0,0.0,25,0.0,0.0,0.0
43.0,0,pa_8_rev,NEG_E7,25.0,5,0.0,0,0.0,0.0,0,0,5,3,0.0,0,0,0.0,25,0.0,0.0,0.0
44.0,0,pa_2,E0,20.0,4,0.0,0,0.0,0.0,0,0,4,3,0.0,0,0,0.0,25,0.0,0.0,0.0
44.0,0,pa_2_rev,NEG_E0,20.0,4,0.0,0,0.0,0.0,0,0,4,3,0.0,0,0,0.0,25,0.0,0.0,0.0
44.0,0,pa_3,E1,20.0,4,0.0,0,0.0,0.0,0,0,4,3,0.0,0,0,0.0,25,0.0,0.0,0.0
44.0,0,pa_3_rev,NEG_E1,20.0,4,0.0,0,0.0,0.0,0,0,4,3,0.0,0,0,0.0,25,0.0,0.0,0.0
44.0,0,pa_6,E5,25.0,5,0.0,0,0.0,0.0,0,0,5,3,0.0,0,0,0.0,25,0.0,0.0,0.0
44.0,0,pa_6_rev,NEG_E5,25.0,5,0.0,0,0.0,0.0,0,0,5,3,0.0,0,0,0.0,25,0.0,0.0,0.0
44.0,0,pa_7,E6,20.0,4,0.0,0,0.0,0.0,0,0,4,2,0.0,0,0,0.0,25,0.0,0.0,0.0
44.0,0,pa_7_rev,NEG_E6,20.0,4,0.0,0,0.0,0.0,0,0,4,2,0.0,0,0,0.0,25,0.0,0.0,0.0
44.0,0,pa_8,E7,25.0,5,0.0,0,0.0,0.0,0,0,5,3,0.0,0,0,0.0,25,0.0,0.0,0.0
44.0,0,pa_8_rev,NEG_E7,25.0,5,0.0,0,0.0,0.0,0,0,5,3,0.0,0,0,0.0,25,0.0,0.0,0.0
45.0,0,pa_2,E0,20.0,4,0.0,0,0.0,0.0,0,0,4,3,0.0,0,0,0.0,25,0.0,0.0,0.0
45.0,0,pa_2_rev,NEG_E0,20.0,4,0.0,0,0.0,0.0,0,0,4,3,0.0,0,0,0.0,25,0.0,0.0,0.0
45.0,0,pa_3,E1,20.0,4,0.0,0,0.0,0.0,0,0,4,3,0.0,0,0,0.0,25,0.0,0.0,0.0
45.0,0,pa_3_rev,NEG_E1,20.0,4,0.0,0,0.0,0.0,0,0,4,3,0.0,0,0,0.0,25,0.0,0.0,0.0
45.0,0,pa_6,E5,25.0,5,0.0,0,0.0,0.0,0,0,5,3,0.0,0,0,0.0,25,0.0,0.0,0.0
45.0,0,pa_6_rev,NEG_E5,25.0,5,0.0,0,0.0,0.0,0,0,5,3,0.0,0,0,0.0,25,0.0,0.0,0.0
45.0,0,pa_7,E6,20.0,4,0.0,0,0.0,0.0,0,0,4,2,0.0,0,0,0.0,25,0.0,0.0,0.0
45.0,0,pa_7_rev,NEG_E6,20.0,4,0.0,0,0.0,0.0,0,0,4,2,0.0,0,0,0.0,25,0.0,0.0,0.0
45.0,0,pa_8,E7,25.0,5,0.0,0,0.0,0.0,0,0,5,3,0.0,0,0,0.0,25,0.0,0.0,0.0
45.0,0,pa_8_rev,NEG_E7,25.0,5,0.0,0,0.0,0.0,0,0,5,3,0.0,0,0,0.0,25,0.0,0.0,0.0
46.0,0,pa_2,E0,20.0,4,0.0,0,0.0,0.0,0,0,4,3,0.0,0,0,0.0,26,0.0,0.0,0.0
46.0,0,pa_2_rev,NEG_E0,20.0,4,0.0,0,0.0,0.0,0,0,4,3,0.0,0,0,0.0,26,0.0,0.0,0.0
46.0,0,pa_3,E1,20.0,4,0.0,0,0.0,0.0,0,0,4,3,0.0,0,0,0.0,26,0.0,0.0,0.0
46.0,0,pa_3_rev,NEG_E1,20.0,4,0.0,0,0.0,0.0,0,0,4,3,0.0,0,0,0.0,26,0.0,0.0,0.0
46.0,0,pa_6,E5,25.0,5,0.0,0,0.0,0.0,0,0,5,3,0.0,0,0,0.0,26,0.0,0.0,0.0
46.0,0,pa_6_rev,NEG_E5,25.0,5,0.0,0,0.0,0.0,0,0,5,3,0.0,0,0,0.0,26,0.0,0.0,0.0
46.0,0,pa_7,E6,20.0,4,0.0,0,0.0,0.0,0,0,4,2,0.0,0,0,0.0,26,0.0,0.0,0.0
46.0,0,pa_7_rev,NEG_E6,20.0,4,0.0,0,0.0,0.0,0,0,4,2,0.0,0,0,0.0,26,0.0,0.0,0.0
46.0,0,pa_8,E7,25.0,5,0.0,0,0.0,0.0,0,0,5,3,0.0,0,0,0.0,26,0.0,0.0,0.0
46.0,0,pa_8_rev,NEG_E7,25.0,5,0.0,0,0.0,0.0,0,0,5,3,0.0,0,0,0.0,26,0.0,0.0,0.0
47.0,0,pa_2,E0,20.0,4,0.0,0,0.0,0.0,0,0,4,3,0.0,0,0,0.0,26,0.0,0.0,0.0
47.0,0,pa_2_rev,NEG_E0,20.0,4,0.0,0,0.0,0.0,0,0,4,3,0.0,0,0,0.0,26,0.0,0.0,0.0
47.0,0,pa_3,E1,20.0,4,0.0,0,0.0,0.0,0,0,4,3,0.0,0,0,0.0,26,0.0,0.0,0.0
47.0,0,pa_3_rev,NEG_E1,20.0,4,0.0,0,0.0,0.0,0,0,4,3,0.0,0,0,0.0,26,0.0,0.0,0.0
47.0,0,pa_6,E5,25.0,5,0.0,0,0.0,0.0,0,0,5,3,0.0,0,0,0.0,26,0.0,0.0,0.0
47.0,0,pa_6_rev,NEG_E5,25.0,5,0.0,0,0.0,0.0,0,0,5,3,0.0,0,0,0.0,26,0.0,0.0,0.0
47.0,0,pa_7,E6,20.0,4,0.0,0,0.0,0.0,0,0,4,2,0.0,0,0,0.0,26,0.0,0.0,0.0
47.0,0,pa_7_rev,NEG_E6,20.0,4,0.0,0,0.0,0.0,0,0,4,2,0.0,0,0,0.0,26,0.0,0.0,0.0
47.0,0,pa_8,E7,25.0,5,0.0,0,0.0,0.0,0,0,5,3,0.0,0,0,0.0,26,0.0,0.0,0.0
47.0,0,pa_8_rev,NEG_E7,25.0,5,0.0,0,0.0,0.0,0,0,5,3,0.0,0,0,0.0,26,0.0,0.0,0.0
48.0,0,pa_2,E0,20.0,4,0.0,0,0.0,0.0,0,0,4,3,0.0,0,0,0.0,26,0.0,0.0,0.0
48.0,0,pa_2_rev,NEG_E0,20.0,4,0.0,0,0.0,0.0,0,0,4,3,0.0,0,0,0.0,26,0.0,0.0,0.0
48.0,0,pa_3,E1,20.0,4,0.0,0,0.0,0.0,0,0,4,3,0.0,0,0,0.0,26,0.0,0.0,0.0
48.0,0,pa_3_rev,NEG_E1,20.0,4,0.0,0,0.0,0.0,0,0,4,3,0.0,0,0,0.0,26,0.0,0.0,0.0
48.0,0,pa_6,E5,25.0,5,0.0,0,0.0,0.0,0,0,5,3,0.0,0,0,0.0,26,0.0,0.0,0.0
48.0,0,pa_6_rev,NEG_E5,25.0,5,0.0,0,0.0,0.0,0,0,5,3,0.0,0,0,0.0,26,0.0,0.0,0.0
48.0,0,pa_7,E6,20.0,4,0.0,0,0.0,0.0,0,0,4,2,0.0,0,0,0.0,26,0.0,0.0,0.0
48.0,0,pa_7_rev,NEG_E6,20.0,4,0.0,0,0.0,0.0,0,0,4,2,0.0,0,0,0.0,26,0.0,0.0,0.0
48.0,0,pa_8,E7,25.0,5,0.0,0,0.0,0.0,0,0,5,3,0.0,0,0,0.0,26,0.0,0.0,0.0
48.0,0,pa_8_rev,NEG_E7,25.0,5,0.0,0,0.0,0.0,0,0,5,3,0.0,0,0,0.0,26,0.0,0.0,0.0
49.0,0,pa_2,E0,20.0,4,0.0,0,0.0,0.0,0,0,4,3,0.0,0,0,0.0,26,0.0,0.0,0.0
49.0,0,pa_2_rev,NEG_E0,20.0,4,0.0,0,0.0,0.0,0,0,4,3,0.0,0,0,0.0,26,0.0,0.0,0.0
49.0,0,pa_3,E1,20.0,4,0.0,0,0.0,0.0,0,0,4,3,0.0,0,0,0.0,26,0.0,0.0,0.0
49.0,0,pa_3_rev,NEG_E1,20.0,4,0.0,0,0.0,0.0,0,0,4,3,0.0,0,0,0.0,26,0.0,0.0,0.0
49.0,0,pa_6,E5,25.0,5,0.0,0,0.0,0.0,0,0,5,3,0.0,0,0,0.0,26,0.0,0.0,0.0
49.0,0,pa_6_rev,NEG_E5,25.0,5,0.0,0,0.0,0.0,0,0,5,3,0.0,0,0,0.0,26,0.0,0.0,0.0
49.0,0,pa_7,E6,20.0,4,0.0,0,0.0,0.0,0,0,4,2,0.0,0,0,0.0,26,0.0,0.0,0.0
49.0,0,pa_7_rev,NEG_E6,20.0,4,0.0,0,0.0,0.0,0,0,4,2,0.0,0,0,0.0,26,0.0,0.0,0.0
49.0,0,pa_8,E7,25.0,5,0.0,0,0.0,0.0,0,0,5,3,0.0,0,0,0.0,26,0.0,0.0,0.0
49.0,0,pa_8_rev,NEG_E7,25.0,5,0.0,0,0.0,0.0,0,0,5,3,0.0,0,0,0.0,26,0.0,0.0,0.0
50.0,0,pa_2,E0,20.0,4,0.0,0,0.0,0.0,0,0,4,3,0.0,0,0,0.0,26,0.0,0.0,0.0
50.0,0,pa_2_rev,NEG_E0,20.0,4,0.0,0,0.0,0.0,0,0,4,3,0.0,0,0,0.0,26,0.0,0.0,0.0
50.0,0,pa_3,E1,20.0,4,0.0,0,0.0,0.0,0,0,4,3,0.0,0,0,0.0,26,0.0,0.0,0.0
50.0,0,pa_3_rev,NEG_E1,20.0,4,0.0,0,0.0,0.0,0,0,4,3,0.0,0,0,0.0,26,0.0,0.0,0.0
50.0,0,pa_6,E5,25.0,5,0.0,0,0.0,0.0,0,0,5,3,0.0,0,0,0.0,26,0.0,0.0,0.0
50.0,0,pa_6_rev,NEG_E5,25.0,5,0.0,0,0.0,0.0,0,0,5,3,0.0,0,0,0.0,26,0.0,0.0,0.0
50.0,0,pa_7,E6,20.0,4,0.0,0,0.0,0.0,0,0,4,2,0.0,0,0,0.0,26,0.0,0.0,0.0
50.0,0,pa_7_rev,NEG_E6,20.0,4,0.0,0,0.0,0.0,0,0,4,2,0.0,0,0,0.0,26,0.0,0.0,0.0
50.0,0,pa_8,E7,25.0,5,0.0,0,0.0,0.0,0,0,5,3,0.0,0,0,0.0,26,0.0,0.0,0.0
50.0,0,pa_8_rev,NEG_E7,25.0,5,0.0,0,0.0,0.0,0,0,5,3,0.0,0,0,0.0,26,0.0,0.0,0.0
51.0,0,pa_2,E0,20.0,4,0.0,0,0.0,0.0,0,0,4,3,0.0,0,0,0.0,26,0.0,0.0,0.0
51.0,0,pa_2_rev,NEG_E0,20.0,4,0.0,0,0.0,0.0,0,0,4,3,0.0,0,0,0.0,26,0.0,0.0,0.0
51.0,0,pa_3,E1,20.0,4,0.0,0,0.0,0.0,0,0,4,3,0.0,0,0,0.0,26,0.0,0.0,0.0
51.0,0,pa_3_rev,NEG_E1,20.0,4,0.0,0,0.0,0.0,0,0,4,3,0.0,0,0,0.0,26,0.0,0.0,0.0
51.0,0,pa_6,E5,25.0,5,0.0,0,0.0,0.0,0,0,5,3,0.0,0,0,0.0,26,0.0,0.0,0.0
51.0,0,pa_6_rev,NEG_E5,25.0,5,0.0,0,0.0,0.0,0,0,5,3,0.0,0,0,0.0,26,0.0,0.0,0.0
51.0,0,pa_7,E6,20.0,4,0.0,0,0.0,0.0,0,0,4,2,0.0,0,0,0.0,26,0.0,0.0,0.0
51.0,0,pa_7_rev,NEG_E6,20.0,4,0.0,0,0.0,0.0,0,0,4,2,0.0,0,0,0.0,26,0.0,0.0,0.0
51.0,0,pa_8,E7,25.0,5,0.0,0,0.0,0.0,0,0,5,3,0.0,0,0,0.0,26,0.0,0.0,0.0
51.0,0,pa_8_rev,NEG_E7,25.0,5,0.0,0,0.0,0.0,0,0,5,3,0.0,0,0,0.0,26,0.0,0.0,0.0
52.0,0,pa_2,E0,20.0,4,0.0,0,0.0,0.0,0,0,4,3,0.0,0,0,0.0,28,0.0,0.0,0.0
52.0,0,pa_2_rev,NEG_E0,20.0,4,0.0,0,0.0,0.0,0,0,4,3,0.0,0,0,0.0,28,0.0,0.0,0.0
52.0,0,pa_3,E1,20.0,4,0.0,0,0.0,0.0,0,0,4,3,0.0,0,0,0.0,28,0.0,0.0,0.0
52.0,0,pa_3_rev,NEG_E1,20.0,4,0.0,0,0.0,0.0,0,0,4,3,0.0,0,0,0.0,28,0.0,0.0,0.0
52.0,0,pa_6,E5,25.0,5,0.0,0,0.0,0.0,0,0,5,3,0.0,0,0,0.0,28,0.0,0.0,0.0
52.0,0,pa_6_rev,NEG_E5,25.0,5,0.0,0,0.0,0.0,0,0,5,3,0.0,0,0,0.0,28,0.0,0.0,0.0
52.0,0,pa_7,E6,20.0,4,0.0,0,0.0,0.0,0,0,4,2,0.0,0,0,0.0,28,0.0,0.0,0.0
52.0,0,pa_7_rev,NEG_E6,20.0,4,0.0,0,0.0,0.0,0,0,4,2,0.0,0,0,0.0,28,0.0,0.0,0.0
52.0,0,pa_8,E7,25.0,5,0.0,0,0.0,0.0,0,0,5,3,0.0,0,0,0.0,28,0.0,0.0,0.0
52.0,0,pa_8_rev,NEG_E7,25.0,5,0.0,0,0.0,0.0,0,0,5,3,0.0,0,0,0.0,28,0.0,0.0,0.0
53.0,0,pa_2,E0,20.0,4,0.0,0,0.0,0.0,0,0,4,3,0.0,0,0,0.0,28,0.0,0.0,0.0
53.0,0,pa_2_rev,NEG_E0,20.0,4,0.0,0,0.0,0.0,0,0,4,3,0.0,0,0,0.0,28,0.0,0.0,0.0
53.0,0,pa_3,E1,20.0,4,0.0,0,0.0,0.0,0,0,4,3,0.0,0,0,0.0,28,0.0,0.0,0.0
53.0,0,pa_3_rev,NEG_E1,20.0,4,0.0,0,0.0,0.0,0,0,4,3,0.0,0,0,0.0,28,0.0,0.0,0.0
53.0,0,pa_6,E5,25.0,5,0.0,0,0.0,0.0,0,0,5,3,0.0,0,0,0.0,28,0.0,0.0,0.0
53.0,0,pa_6_rev,NEG_E5,25.0,5,0.0,0,0.0,0.0,0,0,5,3,0.0,0,0,0.0,28,0.0,0.0,0.0
53.0,0,pa_7,E6,20.0,4,0.0,0,0.0,0.0,0,0,4,2,0.0,0,0,0.0,28,0.0,0.0,0.0
53.0,0,pa_7_rev,NEG_E6,20.0,4,0.0,0,0.0,0.0,0,0,4,2,0.0,0,0,0.0,28,0.0,0.0,0.0
53.0,0,pa_8,E7,25.0,5,0.0,0,0.0,0.0,0,0,5,3,0.0,0,0,0.0,28,0.0,0.0,0.0
53.0,0,pa_8_rev,NEG_E7,25.0,5,0.0,0,0.0,0.0,0,0,5,3,0.0,0,0,0.0,28,0.0,0.0,0.0
54.0,0,pa_2,E0,20.0,4,0.0,0,0.0,0.0,0,0,4,3,0.0,0,0,0.0,28,0.0,0.0,0.0
54.0,0,pa_2_rev,NEG_E0,20.0,4,0.0,0,0.0,0.0,0,0,4,3,0.0,0,0,0.0,28,0.0,0.0,0.0
54.0,0,pa_3,E1,20.0,4,0.0,0,0.0,0.0,0,0,4,3,0.0,0,0,0.0,28,0.0,0.0,0.0
54.0,0,pa_3_rev,NEG_E1,20.0,4,0.0,0,0.0,0.0,0,0,4,3,0.0,0,0,0.0,28,0.0,0.0,0.0
54.0,0,pa_6,E5,25.0,5,0.0,0,0.0,0.0,0,0,5,3,0.0,0,0,0.0,28,0.0,0.0,0.0
54.0,0,pa_6_rev,NEG_E5,25.0,5,0.0,0,0.0,0.0,0,0,5,3,0.0,0,0,0.0,28,0.0,0.0,0.0
54.0,0,pa_7,E6,20.0,4,0.0,0,0.0,0.0,0,0,4,2,0.0,0,0,0.0,28,0.0,0.0,0.0
54.0,0,pa_7_rev,NEG_E6,20.0,4,0.0,0,0.0,0.0,0,0,4,2,0.0,0,0,0.0,28,0.0,0.0,0.0
54.0,0,pa_8,E7,25.0,5,0.0,0,0.0,0.0,0,0,5,3,0.0,0,0,0.0,28,0.0,0.0,0.0
54.0,0,pa_8_rev,NEG_E7,25.0,5,0.0,0,0.0,0.0,0,0,5,3,0.0,0,0,0.0,28,0.0,0.0,0.0
55.0,0,pa_2,E0,20.0,4,0.0,0,0.0,0.0,0,0,4,3,0.0,0,0,0.0,28,0.0,0.0,0.0
55.0,0,pa_2_rev,NEG_E0,20.0,4,0.0,0,0.0,0.0,0,0,4,3,0.0,0,0,0.0,28,0.0,0.0,0.0
55.0,0,pa_3,E1,20.0,4,0.0,0,0.0,0.0,0,0,4,3,0.0,0,0,0.0,28,0.0,0.0,0.0
55.0,0,pa_3_rev,NEG_E1,20.0,4,0.0,0,0.0,0.0,0,0,4,3,0.0,0,0,0.0,28,0.0,0.0,0.0
55.0,0,pa_6,E5,25.0,5,0.0,0,0.0,0.0,0,0,5,3,0.0,0,0,0.0,28,0.0,0.0,0.0
55.0,0,pa_6_rev,NEG_E5,25.0,5,0.0,0,0.0,0.0,0,0,5,3,0.0,0,0,0.0,28,0.0,0.0,0.0
55.0,0,pa_7,E6,20.0,4,0.0,0,0.0,0.0,0,0,4,2,0.0,0,0,0.0,28,0.0,0.0,0.0
55.0,0,pa_7_rev,NEG_E6,20.0,4,0.0,0,0.0,0.0,0,0,4,2,0.0,0,0,0.0,28,0.0,0.0,0.0
55.0,0,pa_8,E7,25.0,5,0.0,0,0.0,0.0,0,0,5,3,0.0,0,0,0.0,28,0.0,0.0,0.0
55.0,0,pa_8_rev,NEG_E7,25.0,5,0.0,0,0.0,0.0,0,0,5,3,0.0,0,0,0.0,28,0.0,0.0,0.0
56.0,0,pa_2,E0,20.0,4,0.0,0,0.0,0.0,0,0,4,3,0.0,0,0,0.0,28,0.0,0.0,0.0
56.0,0,pa_2_rev,NEG_E0,20.0,4,0.0,0,0.0,0.0,0,0,4,3,0.0,0,0,0.0,28,0.0,0.0,0.0
56.0,0,pa_3,E1,20.0,4,0.0,0,0.0,0.0,0,0,4,3,0.0,0,0,0.0,28,0.0,0.0,0.0
56.0,0,pa_3_rev,NEG_E1,20.0,4,0.0,0,0.0,0.0,0,0,4,3,0.0,0,0,0.0,28,0.0,0.0,0.0
56.0,0,pa_6,E5,25.0,5,0.0,0,0.0,0.0,0,0,5,3,0.0,0,0,0.0,28,0.0,0.0,0.0
56.0,0,pa_6_rev,NEG_E5,25.0,5,0.0,0,0.0,0.0,0,0,5,3,0.0,0,0,0.0,28,0.0,0.0,0.0
56.0,0,pa_7,E6,20.0,4,0.0,0,0.0,0.0,0,0,4,2,0.0,0,0,0.0,28,0.0,0.0,0.0
56.0,0,pa_7_rev,NEG_E6,20.0,4,0.0,0,0.0,0.0,0,0,4,2,0.0,0,0,0.0,28,0.0,0.0,0.0
56.0,0,pa_8,E7,25.0,5,0.0,0,0.0,0.0,0,0,5,3,0.0,0,0,0.0,28,0.0,0.0,0.0
56.0,0,pa_8_rev,NEG_E7,25.0,5,0.0,0,0.0,0.0,0,0,5,3,0.0,0,0,0.0,28,0.0,0.0,0.0
57.0,0,pa_2,E0,20.0,4,0.0,0,0.0,0.0,0,0,4,3,0.0,0,0,0.0,28,0.0,0.0,0.0
57.0,0,pa_2_rev,NEG_E0,20.0,4,0.0,0,0.0,0.0,0,0,4,3,0.0,0,0,0.0,28,0.0,0.0,0.0
57.0,0,pa_3,E1,20.0,4,0.0,0,0.0,0.0,0,0,4,3,0.0,0,0,0.0,28,0.0,0.0,0.0
57.0,0,pa_3_rev,NEG_E1,20.0,4,0.0,0,0.0,0.0,0,0,4,3,0.0,0,0,0.0,28,0.0,0.0,0.0
57.0,0,pa_6,E5,25.0,5,0.0,0,0.0,0.0,0,0,5,3,0.0,0,0,0.0,28,0.0,0.0,0.0
57.0,0,pa_6_rev,NEG_E5,25.0,5,0.0,0,0.0,0.0,0,0,5,3,0.0,0,0,0.0,28,0.0,0.0,0.0
57.0,0,pa_7,E6,20.0,4,0.0,0,0.0,0.0,0,0,4,2,0.0,0,0,0.0,28,0.0,0.0,0.0
57.0,0,pa_7_rev,NEG_E6,20.0,4,0.0,0,0.0,0.0,0,0,4,2,0.0,0,0,0.0,28,0.0,0.0,0.0
57.0,0,pa_8,E7,25.0,5,0.0,0,0.0,0.0,0,0,5,3,0.0,0,0,0.0,28,0.0,0.0,0.0
57.0,0,pa_8_rev,NEG_E7,25.0,5,0.0,0,0.0,0.0,0,0,5,3,0.0,0,0,0.0,28,0.0,0.0,0.0
58.0,0,pa_2,E0,20.0,4,0.0,0,0.0,0.0,0,0,4,3,0.0,0,0,0.0,28,0.0,0.0,0.0
58.0,0,pa_2_rev,NEG_E0,20.0,4,0.0,0,0.0,0.0,0,0,4,3,0.0,0,0,0.0,28,0.0,0.0,0.0
58.0,0,pa_3,E1,20.0,4,0.0,0,0.0,0.0,0,0,4,3,0.0,0,0,0.0,28,0.0,0.0,0.0
58.0,0,pa_3_rev,NEG_E1,20.0,4,0.0,0,0.0,0.0,0,0,4,3,0.0,0,0,0.0,28,0.0,0.0,0.0
58.0,0,pa_6,E5,25.0,5,0.0,0,0.0,0.0,0,0,5,3,0.0,0,0,0.0,28,0.0,0.0,0.0
58.0,0,pa_6_rev,NEG_E5,25.0,5,0.0,0,0.0,0.0,0,0,5,3,0.0,0,0,0.0,28,0.0,0.0,0.0
58.0,0,pa_7,E6,20.0,4,0.0,0,0.0,0.0,0,0,4,2,0.0,0,0,0.0,28,0.0,0.0,0.0
58.0,0,pa_7_rev,NEG_E6,20.0,4,0.0,0,0.0,0.0,0,0,4,2,0.0,0,0,0.0,28,0.0,0.0,0.0
58.0,0,pa_8,E7,25.0,5,0.0,0,0.0,0.0,0,0,5,3,0.0,0,0,0.0,28,0.0,0.0,0.0
58.0,0,pa_8_rev,NEG_E7,25.0,5,0.0,0,0.0,0.0,0,0,5,3,0.0,0,0,0.0,28,0.0,0.0,0.0
59.0,0,pa_2,E0,20.0,4,0.0,0,0.0,0.0,0,0,4,3,0.0,0,0,0.0,28,0.0,0.0,0.0
59.0,0,pa_2_rev,NEG_E0,20.0,4,0.0,0,0.0,0.0,0,0,4,3,0.0,0,0,0.0,28,0.0,0.0,0.0
59.0,0,pa_3,E1,20.0,4,0.0,0,0.0,0.0,0,0,4,3,0.0,0,0,0.0,28,0.0,0.0,0.0
59.0,0,pa_3_rev,NEG_E1,20.0,4,0.0,0,0.0,0.0,0,0,4,3,0.0,0,0,0.0,28,0.0,0.0,0.0
59.0,0,pa_6,E5,25.0,5,0.0,0,0.0,0.0,0,0,5,3,0.0,0,0,0.0,28,0.0,0.0,0.0
59.0,0,pa_6_rev,NEG_E5,25.0,5,0.0,0,0.0,0.0,0,0,5,3,0.0,0,0,0.0,28,0.0,0.0,0.0
59.0,0,pa_7,E6,20.0,4,0.0,0,0.0,0.0,0,0,4,2,0.0,0,0,0.0,28,0.0,0.0,0.0
59.0,0,pa_7_rev,NEG_E6,20.0,4,0.0,0,0.0,0.0,0,0,4,2,0.0,0,0,0.0,28,0.0,0.0,0.0
59.0,0,pa_8,E7,25.0,5,0.0,0,0.0,0.0,0,0,5,3,0.0,0,0,0.0,28,0.0,0.0,0.0
59.0,0,pa_8_rev,NEG_E7,25.0,5,0.0,0,0.0,0.0,0,0,5,3,0.0,0,0,0.0,28,0.0,0.0,0.0
60.0,1,pa_2,E0,20.0,4,0.0,0,0.0,0.0,0,0,4,3,0.0,0,0,0.0,28,0.0,0.0,0.0
60.0,1,pa_2_rev,NEG_E0,20.0,4,0.0,0,0.0,0.0,0,0,4,3,0.0,0,0,0.0,28,0.0,0.0,0.0
60.0,1,pa_3,E1,20.0,4,0.0,0,0.0,0.0,0,0,4,3,0.0,0,0,0.0,28,0.0,0.0,0.0
60.0,1,pa_3_rev,NEG_E1,20.0,4,0.0,0,0.0,0.0,0,0,4,3,0.0,0,0,0.0,28,0.0,0.0,0.0
60.0,1,pa_6,E5,25.0,5,0.0,0,0.0,0.0,0,0,5,3,0.0,0,0,0.0,28,0.0,0.0,0.0
60.0,1,pa_6_rev,NEG_E5,25.0,5,0.0,0,0.0,0.0,0,0,5,3,0.0,0,0,0.0,28,0.0,0.0,0.0
60.0,1,pa_7,E6,20.0,4,0.0,0,0.0,0.0,0,0,4,2,0.0,0,0,0.0,28,0.0,0.0,0.0
60.0,1,pa_7_rev,NEG_E6,20.0,4,0.0,0,0.0,0.0,0,0,4,2,0.0,0,0,0.0,28,0.0,0.0,0.0
60.0,1,pa_8,E7,25.0,5,0.0,0,0.0,0.0,0,0,5,3,0.0,0,0,0.0,28,0.0,0.0,0.0
60.0,1,pa_8_rev,NEG_E7,25.0,5,0.0,0,0.0,0.0,0,0,5,3,0.0,0,0,0.0,28,0.0,0.0,0.0
61.0,1,pa_2,E0,20.0,4,0.0,0,0.0,0.0,0,0,4,3,0.0,0,0,0.0,30,0.0,0.0,0.0
61.0,1,pa_2_rev,NEG_E0,20.0,4,0.0,0,0.0,0.0,0,0,4,3,0.0,0,0,0.0,30,0.0,0.0,0.0
61.0,1,pa_3,E1,20.0,4,0.0,0,0.0,0.0,0,0,4,3,0.0,0,0,0.0,30,0.0,0.0,0.0
61.0,1,pa_3_rev,NEG_E1,20.0,4,0.0,0,0.0,0.0,0,0,4,3,0.0,0,0,0.0,30,0.0,0.0,0.0
61.0,1,pa_6,E5,25.0,5,0.0,0,0.0,0.0,0,0,5,3,0.0,0,0,0.0,30,0.0,0.0,0.0
61.0,1,pa_6_rev,NEG_E5,25.0,5,0.0,0,0.0,0.0,0,0,5,3,0.0,0,0,0.0,30,0.0,0.0,0.0
61.0,1,pa_7,E6,20.0,4,0.0,0,0.0,0.0,0,0,4,2,0.0,0,0,0.0,30,0.0,0.0,0.0
61.0,1,pa_7_rev,NEG_E6,20.0,4,0.0,0,0.0,0.0,0,0,4,2,0.0,0,0,0.0,30,0.0,0.0,0.0
61.0,1,pa_8,E7,25.0,5,0.0,0,0.0,0.0,0,0,5,3,0.0,0,0,0.0,30,0.0,0.0,0.0
61.0,1,pa_8_rev,NEG_E7,25.0,5,0.0,0,0.0,0.0,0,0,5,3,0.0,0,0,0.0,30,0.0,0.0,0.0
62.0,1,pa_2,E0,20.0,4,0.0,0,0.0,0.0,0,0,4,3,0.0,0,0,0.0,30,0.0,0.0,0.0
62.0,1,pa_2_rev,NEG_E0,20.0,4,0.0,0,0.0,0.0,0,0,4,3,0.0,0,0,0.0,30,0.0,0.0,0.0
62.0,1,pa_3,E1,20.0,4,0.0,0,0.0,0.0,0,0,4,3,0.0,0,0,0.0,30,0.0,0.0,0.0
62.0,1,pa_3_rev,NEG_E1,20.0,4,0.0,0,0.0,0.0,0,0,4,3,0.0,0,0,0.0,30,0.0,0.0,0.0
62.0,1,pa_6,E5,25.0,5,0.0,0,0.0,0.0,0,0,5,3,0.0,0,0,0.0,30,0.0,0.0,0.0
62.0,1,pa_6_rev,NEG_E5,25.0,5,0.0,0,0.0,0.0,0,0,5,3,0.0,0,0,0.0,30,0.0,0.0,0.0
62.0,1,pa_7,E6,20.0,4,0.0,0,0.0,0.0,0,0,4,2,0.0,0,0,0.0,30,0.0,0.0,0.0
62.0,1,pa_7_rev,NEG_E6,20.0,4,0.0,0,0.0,0.0,0,0,4,2,0.0,0,0,0.0,30,0.0,0.0,0.0
62.0,1,pa_8,E7,25.0,5,0.0,0,0.0,0.0,0,0,5,3,0.0,0,0,0.0,30,0.0,0.0,0.0
62.0,1,pa_8_rev,NEG_E7,25.0,5,0.0,0,0.0,0.0,0,0,5,3,0.0,0,0,0.0,30,0.0,0.0,0.0
63.0,1,pa_2,E0,20.0,4,0.0,0,0.0,0.0,0,0,4,3,0.0,0,0,0.0,30,0.0,0.0,0.0
63.0,1,pa_2_rev,NEG_E0,20.0,4,0.0,0,0.0,0.0,0,0,4,3,0.0,0,0,0.0,30,0.0,0.0,0.0
63.0,1,pa_3,E1,20.0,4,0.0,0,0.0,0.0,0,0,4,3,0.0,0,0,0.0,30,0.0,0.0,0.0
63.0,1,pa_3_rev,NEG_E1,20.0,4,0.0,0,0.0,0.0,0,0,4,3,0.0,0,0,0.0,30,0.0,0.0,0.0
63.0,1,pa_6,E5,25.0,5,0.0,0,0.0,0.0,0,0,5,3,0.0,0,0,0.0,30,0.0,0.0,0.0
63.0,1,pa_6_rev,NEG_E5,25.0,5,0.0,0,0.0,0.0,0,0,5,3,0.0,0,0,0.0,30,0.0,0.0,0.0
63.0,1,pa_7,E6,20.0,4,0.0,0,0.0,0.0,0,0,4,2,0.0,0,0,0.0,30,0.0,0.0,0.0
63.0,1,pa_7_rev,NEG_E6,20.0,4,0.0,0,0.0,0.0,0,0,4,2,0.0,0,0,0.0,30,0.0,0.0,0.0
63.0,1,pa_8,E7,25.0,5,0.0,0,0.0,0.0,0,0,5,3,0.0,0,0,0.0,30,0.0,0.0,0.0
63.0,1,pa_8_rev,NEG_E7,25.0,5,0.0,0,0.0,0.0,0,0,5,3,0.0,0,0,0.0,30,0.0,0.0,0.0
64.0,1,pa_2,E0,20.0,4,0.0,0,0.0,0.0,0,0,4,3,0.0,0,0,0.0,30,0.0,0.0,0.0
64.0,1,pa_2_rev,NEG_E0,20.0,4,0.0,0,0.0,0.0,0,0,4,3,0.0,0,0,0.0,30,0.0,0.0,0.0
64.0,1,pa_3,E1,20.0,4,0.0,0,0.0,0.0,0,0,4,3,0.0,0,0,0.0,30,0.0,0.0,0.0
64.0,1,pa_3_rev,NEG_E1,20.0,4,0.0,0,0.0,0.0,0,0,4,3,0.0,0,0,0.0,30,0.0,0.0,0.0
64.0,1,pa_6,E5,25.0,5,0.0,0,0.0,0.0,0,0,5,3,0.0,0,0,0.0,30,0.0,0.0,0.0
64.0,1,pa_6_rev,NEG_E5,25.0,5,0.0,0,0.0,0.0,0,0,5,3,0.0,0,0,0.0,30,0.0,0.0,0.0
64.0,1,pa_7,E6,20.0,4,0.0,0,0.0,0.0,0,0,4,2,0.0,0,0,0.0,30,0.0,0.0,0.0
64.0,1,pa_7_rev,NEG_E6,20.0,4,0.0,0,0.0,0.0,0,0,4,2,0.0,0,0,0.0,30,0.0,0.0,0.0
64.0,1,pa_8,E7,25.0,5,0.0,0,0.0,0.0,0,0,5,3,0.0,0,0,0.0,30,0.0,0.0,0.0
64.0,1,pa_8_rev,NEG_E7,25.0,5,0.0,0,0.0,0.0,0,0,5,3,0.0,0,0,0.0,30,0.0,0.0,0.0
65.0,1,pa_2,E0,20.0,4,0.0,0,0.0,0.0,0,0,4,3,0.0,0,0,0.0,30,0.0,0.0,0.0
65.0,1,pa_2_rev,NEG_E0,20.0,4,0.0,0,0.0,0.0,0,0,4,3,0.0,0,0,0.0,30,0.0,0.0,0.0
65.0,1,pa_3,E1,20.0,4,0.0,0,0.0,0.0,0,0,4,3,0.0,0,0,0.0,30,0.0,0.0,0.0
65.0,1,pa_3_rev,NEG_E1,20.0,4,0.0,0,0.0,0.0,0,0,4,3,0.0,0,0,0.0,30,0.0,0.0,0.0
65.0,1,pa_6,E5,25.0,5,0.0,0,0.0,0.0,0,0,5,3,0.0,0,0,0.0,30,0.0,0.0,0.0
65.0,1,pa_6_rev,NEG_E5,25.0,5,0.0,0,0.0,0.0,0,0,5,3,0.0,0,0,0.0,30,0.0,0.0,0.0
65.0,1,pa_7,E6,20.0,4,0.0,0,0.0,0.0,0,0,4,2,0.0,0,0,0.0,30,0.0,0.0,0.0
65.0,1,pa_7_rev,NEG_E6,20.0,4,0.0,0,0.0,0.0,0,0,4,2,0.0,0,0,0.0,30,0.0,0.0,0.0
65.0,1,pa_8,E7,25.0,5,0.0,0,0.0,0.0,0,0,5,3,0.0,0,0,0.0,30,0.0,0.0,0.0
65.0,1,pa_8_rev,NEG_E7,25.0,5,0.0,0,0.0,0.0,0,0,5,3,0.0,0,0,0.0,30,0.0,0.0,0.0
66.0,1,pa_2,E0,20.0,4,0.0,0,0.0,0.0,0,0,4,3,0.0,0,0,0.0,30,0.0,0.0,0.0
66.0,1,pa_2_rev,NEG_E0,20.0,4,0.0,0,0.0,0.0,0,0,4,3,0.0,0,0,0.0,30,0.0,0.0,0.0
66.0,1,pa_3,E1,20.0,4,0.0,0,0.0,0.0,0,0,4,3,0.0,0,0,0.0,30,0.0,0.0,0.0
66.0,1,pa_3_rev,NEG_E1,20.0,4,0.0,0,0.0,0.0,0,0,4,3,0.0,0,0,0.0,30,0.0,0.0,0.0
66.0,1,pa_6,E5,25.0,5,0.0,0,0.0,0.0,0,0,5,3,0.0,0,0,0.0,30,0.0,0.0,0.0
66.0,1,pa_6_rev,NEG_E5,25.0,5,0.0,0,0.0,0.0,0,0,5,3,0.0,0,0,0.0,30,0.0,0.0,0.0
66.0,1,pa_7,E6,20.0,4,0.0,0,0.0,0.0,0,0,4,2,0.0,0,0,0.0,30,0.0,0.0,0.0
66.0,1,pa_7_rev,NEG_E6,20.0,4,0.0,0,0.0,0.0,0,0,4,2,0.0,0,0,0.0,30,0.0,0.0,0.0
66.0,1,pa_8,E7,25.0,5,0.0,0,0.0,0.0,0,0,5,3,0.0,0,0,0.0,30,0.0,0.0,0.0
66.0,1,pa_8_rev,NEG_E7,25.0,5,0.0,0,0.0,0.0,0,0,5,3,0.0,0,0,0.0,30,0.0,0.0,0.0
67.0,1,pa_2,E0,20.0,4,0.0,0,0.0,0.0,0,0,4,3,0.0,0,0,0.0,30,0.0,0.0,0.0
67.0,1,pa_2_rev,NEG_E0,20.0,4,0.0,0,0.0,0.0,0,0,4,3,0.0,0,0,0.0,30,0.0,0.0,0.0
67.0,1,pa_3,E1,20.0,4,0.0,0,0.0,0.0,0,0,4,3,0.0,0,0,0.0,30,0.0,0.0,0.0
67.0,1,pa_3_rev,NEG_E1,20.0,4,0.0,0,0.0,0.0,0,0,4,3,0.0,0,0,0.0,30,0.0,0.0,0.0
67.0,1,pa_6,E5,25.0,5,0.0,0,0.0,0.0,0,0,5,3,0.0,0,0,0.0,30,0.0,0.0,0.0
67.0,1,pa_6_rev,NEG_E5,25.0,5,0.0,0,0.0,0.0,0,0,5,3,0.0,0,0,0.0,30,0.0,0.0,0.0
67.0,1,pa_7,E6,20.0,4,0.0,0,0.0,0.0,0,0,4,2,0.0,0,0,0.0,30,0.0,0.0,0.0
67.0,1,pa_7_rev,NEG_E6,20.0,4,0.0,0,0.0,0.0,0,0,4,2,0.0,0,0,0.0,30,0.0,0.0,0.0
67.0,1,pa_8,E7,25.0,5,0.0,0,0.0,0.0,0,0,5,3,0.0,0,0,0.0,30,0.0,0.0,0.0
67.0,1,pa_8_rev,NEG_E7,25.0,5,0.0,0,0.0,0.0,0,0,5,3,0.0,0,0,0.0,30,0.0,0.0,0.0
68.0,1,pa_2,E0,20.0,4,0.0,0,0.0,0.0,0,0,4,3,0.0,0,0,0.0,30,0.0,0.0,0.0
68.0,1,pa_2_rev,NEG_E0,20.0,4,0.0,0,0.0,0.0,0,0,4,3,0.0,0,0,0.0,30,0.0,0.0,0.0
68.0,1,pa_3,E1,20.0,4,0.0,0,0.0,0.0,0,0,4,3,0.0,0,0,0.0,30,0.0,0.0,0.0
68.0,1,pa_3_rev,NEG_E1,20.0,4,0.0,0,0.0,0.0,0,0,4,3,0.0,0,0,0.0,30,0.0,0.0,0.0
68.0,1,pa_6,E5,25.0,5,0.0,0,0.0,0.0,0,0,5,3,0.0,0,0,0.0,30,0.0,0.0,0.0
68.0,1,pa_6_rev,NEG_E5,25.0,5,0.0,0,0.0,0.0,0,0,5,3,0.0,0,0,0.0,30,0.0,0.0,0.0
68.0,1,pa_7,E6,20.0,4,0.0,0,0.0,0.0,0,0,4,2,0.0,0,0,0.0,30,0.0,0.0,0.0
68.0,1,pa_7_rev,NEG_E6,20.0,4,0.0,0,0.0,0.0,0,0,4,2,0.0,0,0,0.0,30,0.0,0.0,0.0
68.0,1,pa_8,E7,25.0,5,0.0,0,0.0,0.0,0,0,5,3,0.0,0,0,0.0,30,0.0,0.0,0.0
68.0,1,pa_8_rev,NEG_E7,25.0,5,0.0,0,0.0,0.0,0,0,5,3,0.0,0,0,0.0,30,0.0,0.0,0.0
69.0,1,pa_2,E0,20.0,4,0.0,0,0.0,0.0,0,0,4,3,0.0,0,0,0.0,30,0.0,0.0,0.0
69.0,1,pa_2_rev,NEG_E0,20.0,4,0.0,0,0.0,0.0,0,0,4,3,0.0,0,0,0.0,30,0.0,0.0,0.0
69.0,1,pa_3,E1,20.0,4,0.0,0,0.0,0.0,0,0,4,3,0.0,0,0,0.0,30,0.0,0.0,0.0
69.0,1,pa_3_rev,NEG_E1,20.0,4,0.0,0,0.0,0.0,0,0,4,3,0.0,0,0,0.0,30,0.0,0.0,0.0
69.0,1,pa_6,E5,25.0,5,0.0,0,0.0,0.0,0,0,5,3,0.0,0,0,0.0,30,0.0,0.0,0.0
69.0,1,pa_6_rev,NEG_E5,25.0,5,0.0,0,0.0,0.0,0,0,5,3,0.0,0,0,0.0,30,0.0,0.0,0.0
69.0,1,pa_7,E6,20.0,4,0.0,0,0.0,0.0,0,0,4,2,0.0,0,0,0.0,30,0.0,0.0,0.0
69.0,1,pa_7_rev,NEG_E6,20.0,4,0.0,0,0.0,0.0,0,0,4,2,0.0,0,0,0.0,30,0.0,0.0,0.0
69.0,1,pa_8,E7,25.0,5,0.0,0,0.0,0.0,0,0,5,3,0.0,0,0,0.0,30,0.0,0.0,0.0
69.0,1,pa_8_rev,NEG_E7,25.0,5,0.0,0,0.0,0.0,0,0,5,3,0.0,0,0,0.0,30,0.0,0.0,0.0
70.0,1,pa_2,E0,20.0,4,0.0,0,0.0,0.0,0,0,4,3,0.0,0,0,0.0,30,0.0,0.0,0.0
70.0,1,pa_2_rev,NEG_E0,20.0,4,0.0,0,0.0,0.0,0,0,4,3,0.0,0,0,0.0,30,0.0,0.0,0.0
70.0,1,pa_3,E1,20.0,4,0.0,0,0.0,0.0,0,0,4,3,0.0,0,0,0.0,30,0.0,0.0,0.0
70.0,1,pa_3_rev,NEG_E1,20.0,4,0.0,0,0.0,0.0,0,0,4,3,0.0,0,0,0.0,30,0.0,0.0,0.0
70.0,1,pa_6,E5,25.0,5,0.0,0,0.0,0.0,0,0,5,3,0.0,0,0,0.0,30,0.0,0.0,0.0
70.0,1,pa_6_rev,NEG_E5,25.0,5,0.0,0,0.0,0.0,0,0,5,3,0.0,0,0,0.0,30,0.0,0.0,0.0
70.0,1,pa_7,E6,20.0,4,0.0,0,0.0,0.0,0,0,4,2,0.0,0,0,0.0,30,0.0,0.0,0.0
70.0,1,pa_7_rev,NEG_E6,20.0,4,0.0,0,0.0,0.0,0,0,4,2,0.0,0,0,0.0,30,0.0,0.0,0.0
70.0,1,pa_8,E7,25.0,5,0.0,0,0.0,0.0,0,0,5,3,0.0,0,0,0.0,30,0.0,0.0,0.0
70.0,1,pa_8_rev,NEG_E7,25.0,5,0.0,0,0.0,0.0,0,0,5,3,0.0,0,0,0.0,30,0.0,0.0,0.0
71.0,1,pa_2,E0,20.0,4,0.0,0,0.0,0.0,0,0,4,3,0.0,0,0,0.0,30,0.0,0.0,0.0
71.0,1,pa_2_rev,NEG_E0,20.0,4,0.0,0,0.0,0.0,0,0,4,3,0.0,0,0,0.0,30,0.0,0.0,0.0
71.0,1,pa_3,E1,20.0,4,0.0,0,0.0,0.0,0,0,4,3,0.0,0,0,0.0,30,0.0,0.0,0.0
71.0,1,pa_3_rev,NEG_E1,20.0,4,0.0,0,0.0,0.0,0,0,4,3,0.0,0,0,0.0,30,0.0,0.0,0.0
71.0,1,pa_6,E5,25.0,5,0.0,0,0.0,0.0,0,0,5,3,0.0,0,0,0.0,30,0.0,0.0,0.0
71.0,1,pa_6_rev,NEG_E5,25.0,5,0.0,0,0.0,0.0,0,0,5,3,0.0,0,0,0.0,30,0.0,0.0,0.0
71.0,1,pa_7,E6,20.0,4,0.0,0,0.0,0.0,0,0,4,2,0.0,0,0,0.0,30,0.0,0.0,0.0
71.0,1,pa_7_rev,NEG_E6,20.0,4,0.0,0,0.0,0.0,0,0,4,2,0.0,0,0,0.0,30,0.0,0.0,0.0
71.0,1,pa_8,E7,25.0,5,0.0,0,0.0,0.0,0,0,5,3,0.0,0,0,0.0,30,0.0,0.0,0.0
71.0,1,pa_8_rev,NEG_E7,25.0,5,0.0,0,0.0,0.0,0,0,5,3,0.0,0,0,0.0,30,0.0,0.0,0.0
72.0,1,pa_2,E0,20.0,4,0.0,0,0.0,0.0,0,0,4,3,0.0,0,0,0.0,30,0.0,0.0,0.0
72.0,1,pa_2_rev,NEG_E0,20.0,4,0.0,0,0.0,0.0,0,0,4,3,0.0,0,0,0.0,30,0.0,0.0,0.0
72.0,1,pa_3,E1,20.0,4,0.0,0,0.0,0.0,0,0,4,3,0.0,0,0,0.0,30,0.0,0.0,0.0
72.0,1,pa_3_rev,NEG_E1,20.0,4,0.0,0,0.0,0.0,0,0,4,3,0.0,0,0,0.0,30,0.0,0.0,0.0
72.0,1,pa_6,E5,25.0,5,0.0,0,0.0,0.0,0,0,5,3,0.0,0,0,0.0,30,0.0,0.0,0.0
72.0,1,pa_6_rev,NEG_E5,25.0,5,0.0,0,0.0,0.0,0,0,5,3,0.0,0,0,0.0,30,0.0,0.0,0.0
72.0,1,pa_7,E6,20.0,4,0.0,0,0.0,0.0,0,0,4,2,0.0,0,0,0.0,30,0.0,0.0,0.0
72.0,1,pa_7_rev,NEG_E6,20.0,4,0.0,0,0.0,0.0,0,0,4,2,0.0,0,0,0.0,30,0.0,0.0,0.0
72.0,1,pa_8,E7,25.0,5,0.0,0,0.0,0.0,0,0,5,3,0.0,0,0,0.0,30,0.0,0.0,0.0
72.0,1,pa_8_rev,NEG_E7,25.0,5,0.0,0,0.0,0.0,0,0,5,3,0.0,0,0,0.0,30,0.0,0.0,0.0
73.0,1,pa_2,E0,20.0,4,0.0,0,0.0,0.0,0,0,4,3,0.0,0,0,0.0,32,0.0,0.0,0.0
73.0,1,pa_2_rev,NEG_E0,20.0,4,0.0,0,0.0,0.0,0,0,4,3,0.0,0,0,0.0,32,0.0,0.0,0.0
73.0,1,pa_3,E1,20.0,4,0.0,0,0.0,0.0,0,0,4,3,0.0,0,0,0.0,32,0.0,0.0,0.0
73.0,1,pa_3_rev,NEG_E1,20.0,4,0.0,0,0.0,0.0,0,0,4,3,0.0,0,0,0.0,32,0.0,0.0,0.0
73.0,1,pa_6,E5,25.0,5,0.0,0,0.0,0.0,0,0,5,3,0.0,0,0,0.0,32,0.0,0.0,0.0
73.0,1,pa_6_rev,NEG_E5,25.0,5,0.0,0,0.0,0.0,0,0,5,3,0.0,0,0,0.0,32,0.0,0.0,0.0
73.0,1,pa_7,E6,20.0,4,0.0,0,0.0,0.0,0,0,4,2,0.0,0,0,0.0,32,0.0,0.0,0.0
73.0,1,pa_7_rev,NEG_E6,20.0,4,0.0,0,0.0,0.0,0,0,4,2,0.0,0,0,0.0,32,0.0,0.0,0.0
73.0,1,pa_8,E7,25.0,5,0.0,0,0.0,0.0,0,0,5,3,0.0,0,0,0.0,32,0.0,0.0,0.0
73.0,1,pa_8_rev,NEG_E7,25.0,5,0.0,0,0.0,0.0,0,0,5,3,0.0,0,0,0.0,32,0.0,0.0,0.0
74.0,1,pa_2,E0,20.0,4,0.0,0,0.0,0.0,0,0,4,3,0.0,0,0,0.0,32,0.0,0.0,0.0
74.0,1,pa_2_rev,NEG_E0,20.0,4,0.0,0,0.0,0.0,0,0,4,3,0.0,0,0,0.0,32,0.0,0.0,0.0
74.0,1,pa_3,E1,20.0,4,0.0,0,0.0,0.0,0,0,4,3,0.0,0,0,0.0,32,0.0,0.0,0.0
74.0,1,pa_3_rev,NEG_E1,20.0,4,0.0,0,0.0,0.0,0,0,4,3,0.0,0,0,0.0,32,0.0,0.0,0.0
74.0,1,pa_6,E5,25.0,5,0.0,0,0.0,0.0,0,0,5,3,0.0,0,0,0.0,32,0.0,0.0,0.0
74.0,1,pa_6_rev,NEG_E5,25.0,5,0.0,0,0.0,0.0,0,0,5,3,0.0,0,0,0.0,32,0.0,0.0,0.0
74.0,1,pa_7,E6,20.0,4,0.0,0,0.0,0.0,0,0,4,2,0.0,0,0,0.0,32,0.0,0.0,0.0
74.0,1,pa_7_rev,NEG_E6,20.0,4,0.0,0,0.0,0.0,0,0,4,2,0.0,0,0,0.0,32,0.0,0.0,0.0
74.0,1,pa_8,E7,25.0,5,0.0,0,0.0,0.0,0,0,5,3,0.0,0,0,0.0,32,0.0,0.0,0.0
74.0,1,pa_8_rev,NEG_E7,25.0,5,0.0,0,0.0,0.0,0,0,5,3,0.0,0,0,0.0,32,0.0,0.0,0.0
75.0,1,pa_2,E0,20.0,4,0.0,0,0.0,0.0,0,0,4,3,0.0,0,0,0.0,32,0.0,0.0,0.0
75.0,1,pa_2_rev,NEG_E0,20.0,4,0.0,0,0.0,0.0,0,0,4,3,0.0,0,0,0.0,32,0.0,0.0,0.0
75.0,1,pa_3,E1,20.0,4,0.0,0,0.0,0.0,0,0,4,3,0.0,0,0,0.0,32,0.0,0.0,0.0
75.0,1,pa_3_rev,NEG_E1,20.0,4,0.0,0,0.0,0.0,0,0,4,3,0.0,0,0,0.0,32,0.0,0.0,0.0
75.0,1,pa_6,E5,25.0,5,0.0,0,0.0,0.0,0,0,5,3,0.0,0,0,0.0,32,0.0,0.0,0.0
75.0,1,pa_6_rev,NEG_E5,25.0,5,0.0,0,0.0,0.0,0,0,5,3,0.0,0,0,0.0,32,0.0,0.0,0.0
75.0,1,pa_7,E6,20.0,4,0.0,0,0.0,0.0,0,0,4,2,0.0,0,0,0.0,32,0.0,0.0,0.0
75.0,1,pa_7_rev,NEG_E6,20.0,4,0.0,0,0.0,0.0,0,0,4,2,0.0,0,0,0.0,32,0.0,0.0,0.0
75.0,1,pa_8,E7,25.0,5,0.0,0,0.0,0.0,0,0,5,3,0.0,0,0,0.0,32,0.0,0.0,0.0
75.0,1,pa_8_rev,NEG_E7,25.0,5,0.0,0,0.0,0.0,0,0,5,3,0.0,0,0,0.0,32,0.0,0.0,0.0
76.0,1,pa_2,E0,20.0,4,0.0,0,0.0,0.0,0,0,4,3,0.0,0,0,0.0,32,0.0,0.0,0.0
76.0,1,pa_2_rev,NEG_E0,20.0,4,0.0,0,0.0,0.0,0,0,4,3,0.0,0,0,0.0,32,0.0,0.0,0.0
76.0,1,pa_3,E1,20.0,4,0.0,0,0.0,0.0,0,0,4,3,0.0,0,0,0.0,32,0.0,0.0,0.0
76.0,1,pa_3_rev,NEG_E1,20.0,4,0.0,0,0.0,0.0,0,0,4,3,0.0,0,0,0.0,32,0.0,0.0,0.0
76.0,1,pa_6,E5,25.0,5,0.0,0,0.0,0.0,0,0,5,3,0.0,0,0,0.0,32,0.0,0.0,0.0
76.0,1,pa_6_rev,NEG_E5,25.0,5,0.0,0,0.0,0.0,0,0,5,3,0.0,0,0,0.0,32,0.0,0.0,0.0
76.0,1,pa_7,E6,20.0,4,0.0,0,0.0,0.0,0,0,4,2,0.0,0,0,0.0,32,0.0,0.0,0.0
76.0,1,pa_7_rev,NEG_E6,20.0,4,0.0,0,0.0,0.0,0,0,4,2,0.0,0,0,0.0,32,0.0,0.0,0.0
76.0,1,pa_8,E7,25.0,5,0.0,0,0.0,0.0,0,0,5,3,0.0,0,0,0.0,32,0.0,0.0,0.0
76.0,1,pa_8_rev,NEG_E7,25.0,5,0.0,0,0.0,0.0,0,0,5,3,0.0,0,0,0.0,32,0.0,0.0,0.0
77.0,1,pa_2,E0,20.0,4,0.0,0,0.0,0.0,0,0,4,3,0.0,0,0,0.0,32,0.0,0.0,0.0
77.0,1,pa_2_rev,NEG_E0,20.0,4,0.0,0,0.0,0.0,0,0,4,3,0.0,0,0,0.0,32,0.0,0.0,0.0
77.0,1,pa_3,E1,20.0,4,0.0,0,0.0,0.0,0,0,4,3,0.0,0,0,0.0,32,0.0,0.0,0.0
77.0,1,pa_3_rev,NEG_E1,20.0,4,0.0,0,0.0,0.0,0,0,4,3,0.0,0,0,0.0,32,0.0,0.0,0.0
77.0,1,pa_6,E5,25.0,5,0.0,0,0.0,0.0,0,0,5,3,0.0,0,0,0.0,32,0.0,0.0,0.0
77.0,1,pa_6_rev,NEG_E5,25.0,5,0.0,0,0.0,0.0,0,0,5,3,0.0,0,0,0.0,32,0.0,0.0,0.0
77.0,1,pa_7,E6,20.0,4,0.0,0,0.0,0.0,0,0,4,2,0.0,0,0,0.0,32,0.0,0.0,0.0
77.0,1,pa_7_rev,NEG_E6,20.0,4,0.0,0,0.0,0.0,0,0,4,2,0.0,0,0,0.0,32,0.0,0.0,0.0
77.0,1,pa_8,E7,25.0,5,0.0,0,0.0,0.0,0,0,5,3,0.0,0,0,0.0,32,0.0,0.0,0.0
77.0,1,pa_8_rev,NEG_E7,25.0,5,0.0,0,0.0,0.0,0,0,5,3,0.0,0,0,0.0,32,0.0,0.0,0.0
78.0,1,pa_2,E0,20.0,4,0.0,0,0.0,0.0,0,0,4,3,0.0,0,0,0.0,32,0.0,0.0,0.0
78.0,1,pa_2_rev,NEG_E0,20.0,4,0.0,0,0.0,0.0,0,0,4,3,0.0,0,0,0.0,32,0.0,0.0,0.0
78.0,1,pa_3,E1,20.0,4,0.0,0,0.0,0.0,0,0,4,3,0.0,0,0,0.0,32,0.0,0.0,0.0
78.0,1,pa_3_rev,NEG_E1,20.0,4,0.0,0,0.0,0.0,0,0,4,3,0.0,0,0,0.0,32,0.0,0.0,0.0
78.0,1,pa_6,E5,25.0,5,0.0,0,0.0,0.0,0,0,5,3,0.0,0,0,0.0,32,0.0,0.0,0.0
78.0,1,pa_6_rev,NEG_E5,25.0,5,0.0,0,0.0,0.0,0,0,5,3,0.0,0,0,0.0,32,0.0,0.0,0.0
78.0,1,pa_7,E6,20.0,4,0.0,0,0.0,0.0,0,0,4,2,0.0,0,0,0.0,32,0.0,0.0,0.0
78.0,1,pa_7_rev,NEG_E6,20.0,4,0.0,0,0.0,0.0,0,0,4,2,0.0,0,0,0.0,32,0.0,0.0,0.0
78.0,1,pa_8,E7,25.0,5,0.0,0,0.0,0.0,0,0,5,3,0.0,0,0,0.0,32,0.0,0.0,0.0
78.0,1,pa_8_rev,NEG_E7,25.0,5,0.0,0,0.0,0.0,0,0,5,3,0.0,0,0,0.0,32,0.0,0.0,0.0
79.0,1,pa_2,E0,20.0,4,0.0,0,0.0,0.0,0,0,4,3,0.0,0,0,0.0,32,0.0,0.0,0.0
79.0,1,pa_2_rev,NEG_E0,20.0,4,0.0,0,0.0,0.0,0,0,4,3,0.0,0,0,0.0,32,0.0,0.0,0.0
79.0,1,pa_3,E1,20.0,4,0.0,0,0.0,0.0,0,0,4,3,0.0,0,0,0.0,32,0.0,0.0,0.0
79.0,1,pa_3_rev,NEG_E1,20.0,4,0.0,0,0.0,0.0,0,0,4,3,0.0,0,0,0.0,32,0.0,0.0,0.0
79.0,1,pa_6,E5,25.0,5,0.0,0,0.0,0.0,0,0,5,3,0.0,0,0,0.0,32,0.0,0.0,0.0
79.0,1,pa_6_rev,NEG_E5,25.0,5,0.0,0,0.0,0.0,0,0,5,3,0.0,0,0,0.0,32,0.0,0.0,0.0
79.0,1,pa_7,E6,20.0,4,0.0,0,0.0,0.0,0,0,4,2,0.0,0,0,0.0,32,0.0,0.0,0.0
79.0,1,pa_7_rev,NEG_E6,20.0,4,0.0,0,0.0,0.0,0,0,4,2,0.0,0,0,0.0,32,0.0,0.0,0.0
79.0,1,pa_8,E7,25.0,5,0.0,0,0.0,0.0,0,0,5,3,0.0,0,0,0.0,32,0.0,0.0,0.0
79.0,1,pa_8_rev,NEG_E7,25.0,5,0.0,0,0.0,0.0,0,0,5,3,0.0,0,0,0.0,32,0.0,0.0,0.0
80.0,1,pa_2,E0,20.0,4,0.0,0,0.0,0.0,0,0,4,3,0.0,0,0,0.0,32,0.0,0.0,0.0
80.0,1,pa_2_rev,NEG_E0,20.0,4,0.0,0,0.0,0.0,0,0,4,3,0.0,0,0,0.0,32,0.0,0.0,0.0
80.0,1,pa_3,E1,20.0,4,0.0,0,0.0,0.0,0,0,4,3,0.0,0,0,0.0,32,0.0,0.0,0.0
80.0,1,pa_3_rev,NEG_E1,20.0,4,0.0,0,0.0,0.0,0,0,4,3,0.0,0,0,0.0,32,0.0,0.0,0.0
80.0,1,pa_6,E5,25.0,5,0.0,0,0.0,0.0,0,0,5,3,0.0,0,0,0.0,32,0.0,0.0,0.0
80.0,1,pa_6_rev,NEG_E5,25.0,5,0.0,0,0.0,0.0,0,0,5,3,0.0,0,0,0.0,32,0.0,0.0,0.0
80.0,1,pa_7,E6,20.0,4,0.0,0,0.0,0.0,0,0,4,2,0.0,0,0,0.0,32,0.0,0.0,0.0
80.0,1,pa_7_rev,NEG_E6,20.0,4,0.0,0,0.0,0.0,0,0,4,2,0.0,0,0,0.0,32,0.0,0.0,0.0
80.0,1,pa_8,E7,25.0,5,0.0,0,0.0,0.0,0,0,5,3,0.0,0,0,0.0,32,0.0,0.0,0.0
80.0,1,pa_8_rev,NEG_E7,25.0,5,0.0,0,0.0,0.0,0,0,5,3,0.0,0,0,0.0,32,0.0,0.0,0.0
81.0,1,pa_2,E0,20.0,4,0.0,0,0.0,0.0,0,0,4,3,0.0,0,0,0.0,34,0.0,0.0,0.0
81.0,1,pa_2_rev,NEG_E0,20.0,4,0.0,0,0.0,0.0,0,0,4,3,0.0,0,0,0.0,34,0.0,0.0,0.0
81.0,1,pa_3,E1,20.0,4,0.0,0,0.0,0.0,0,0,4,3,0.0,0,0,0.0,34,0.0,0.0,0.0
81.0,1,pa_3_rev,NEG_E1,20.0,4,0.0,0,0.0,0.0,0,0,4,3,0.0,0,0,0.0,34,0.0,0.0,0.0
81.0,1,pa_6,E5,25.0,5,0.0,0,0.0,0.0,0,0,5,3,0.0,0,0,0.0,34,0.0,0.0,0.0
81.0,1,pa_6_rev,NEG_E5,25.0,5,0.0,0,0.0,0.0,0,0,5,3,0.0,0,0,0.0,34,0.0,0.0,0.0
81.0,1,pa_7,E6,20.0,4,0.0,0,0.0,0.0,0,0,4,2,0.0,0,0,0.0,34,0.0,0.0,0.0
81.0,1,pa_7_rev,NEG_E6,20.0,4,0.0,0,0.0,0.0,0,0,4,2,0.0,0,0,0.0,34,0.0,0.0,0.0
81.0,1,pa_8,E7,25.0,5,0.0,0,0.0,0.0,0,0,5,3,0.0,0,0,0.0,34,0.0,0.0,0.0
81.0,1,pa_8_rev,NEG_E7,25.0,5,0.0,0,0.0,0.0,0,0,5,3,0.0,0,0,0.0,34,0.0,0.0,0.0
82.0,1,pa_2,E0,20.0,4,0.0,0,0.0,0.0,0,0,4,3,0.0,0,0,0.0,34,0.0,0.0,0.0
82.0,1,pa_2_rev,NEG_E0,20.0,4,0.0,0,0.0,0.0,0,0,4,3,0.0,0,0,0.0,34,0.0,0.0,0.0
82.0,1,pa_3,E1,20.0,4,0.0,0,0.0,0.0,0,0,4,3,0.0,0,0,0.0,34,0.0,0.0,0.0
82.0,1,pa_3_rev,NEG_E1,20.0,4,0.0,0,0.0,0.0,0,0,4,3,0.0,0,0,0.0,34,0.0,0.0,0.0
82.0,1,pa_6,E5,25.0,5,0.0,0,0.0,0.0,0,0,5,3,0.0,0,0,0.0,34,0.0,0.0,0.0
82.0,1,pa_6_rev,NEG_E5,25.0,5,0.0,0,0.0,0.0,0,0,5,3,0.0,0,0,0.0,34,0.0,0.0,0.0
82.0,1,pa_7,E6,20.0,4,0.0,0,0.0,0.0,0,0,4,2,0.0,0,0,0.0,34,0.0,0.0,0.0
82.0,1,pa_7_rev,NEG_E6,20.0,4,0.0,0,0.0,0.0,0,0,4,2,0.0,0,0,0.0,34,0.0,0.0,0.0
82.0,1,pa_8,E7,25.0,5,0.0,0,0.0,0.0,0,0,5,3,0.0,0,0,0.0,34,0.0,0.0,0.0
82.0,1,pa_8_rev,NEG_E7,25.0,5,0.0,0,0.0,0.0,0,0,5,3,0.0,0,0,0.0,34,0.0,0.0,0.0
83.0,1,pa_2,E0,20.0,4,0.0,0,0.0,0.0,0,0,4,3,0.0,0,0,0.0,34,0.0,0.0,0.0
83.0,1,pa_2_rev,NEG_E0,20.0,4,0.0,0,0.0,0.0,0,0,4,3,0.0,0,0,0.0,34,0.0,0.0,0.0
83.0,1,pa_3,E1,20.0,4,0.0,0,0.0,0.0,0,0,4,3,0.0,0,0,0.0,34,0.0,0.0,0.0
83.0,1,pa_3_rev,NEG_E1,20.0,4,0.0,0,0.0,0.0,0,0,4,3,0.0,0,0,0.0,34,0.0,0.0,0.0
83.0,1,pa_6,E5,25.0,5,0.0,0,0.0,0.0,0,0,5,3,0.0,0,0,0.0,34,0.0,0.0,0.0
83.0,1,pa_6_rev,NEG_E5,25.0,5,0.0,0,0.0,0.0,0,0,5,3,0.0,0,0,0.0,34,0.0,0.0,0.0
83.0,1,pa_7,E6,20.0,4,0.0,0,0.0,0.0,0,0,4,2,0.0,0,0,0.0,34,0.0,0.0,0.0
83.0,1,pa_7_rev,NEG_E6,20.0,4,0.0,0,0.0,0.0,0,0,4,2,0.0,0,0,0.0,34,0.0,0.0,0.0
83.0,1,pa_8,E7,25.0,5,0.0,0,0.0,0.0,0,0,5,3,0.0,0,0,0.0,34,0.0,0.0,0.0
83.0,1,pa_8_rev,NEG_E7,25.0,5,0.0,0,0.0,0.0,0,0,5,3,0.0,0,0,0.0,34,0.0,0.0,0.0
84.0,1,pa_2,E0,20.0,4,0.0,0,0.0,0.0,0,0,4,3,0.0,0,0,0.0,34,0.0,0.0,0.0
84.0,1,pa_2_rev,NEG_E0,20.0,4,0.0,0,0.0,0.0,0,0,4,3,0.0,0,0,0.0,34,0.0,0.0,0.0
84.0,1,pa_3,E1,20.0,4,0.0,0,0.0,0.0,0,0,4,3,0.0,0,0,0.0,34,0.0,0.0,0.0
84.0,1,pa_3_rev,NEG_E1,20.0,4,0.0,0,0.0,0.0,0,0,4,3,0.0,0,0,0.0,34,0.0,0.0,0.0
84.0,1,pa_6,E5,25.0,5,0.0,0,0.0,0.0,0,0,5,3,0.0,0,0,0.0,34,0.0,0.0,0.0
84.0,1,pa_6_rev,NEG_E5,25.0,5,0.0,0,0.0,0.0,0,0,5,3,0.0,0,0,0.0,34,0.0,0.0,0.0
84.0,1,pa_7,E6,20.0,4,0.0,0,0.0,0.0,0,0,4,2,0.0,0,0,0.0,34,0.0,0.0,0.0
84.0,1,pa_7_rev,NEG_E6,20.0,4,0.0,0,0.0,0.0,0,0,4,2,0.0,0,0,0.0,34,0.0,0.0,0.0
84.0,1,pa_8,E7,25.0,5,0.0,0,0.0,0.0,0,0,5,3,0.0,0,0,0.0,34,0.0,0.0,0.0
84.0,1,pa_8_rev,NEG_E7,25.0,5,0.0,0,0.0,0.0,0,0,5,3,0.0,0,0,0.0,34,0.0,0.0,0.0
85.0,1,pa_2,E0,20.0,4,0.0,0,0.0,0.0,0,0,4,3,0.0,0,0,0.0,34,0.0,0.0,0.0
85.0,1,pa_2_rev,NEG_E0,20.0,4,0.0,0,0.0,0.0,0,0,4,3,0.0,0,0,0.0,34,0.0,0.0,0.0
85.0,1,pa_3,E1,20.0,4,0.0,0,0.0,0.0,0,0,4,3,0.0,0,0,0.0,34,0.0,0.0,0.0
85.0,1,pa_3_rev,NEG_E1,20.0,4,0.0,0,0.0,0.0,0,0,4,3,0.0,0,0,0.0,34,0.0,0.0,0.0
85.0,1,pa_6,E5,25.0,5,0.0,0,0.0,0.0,0,0,5,3,0.0,0,0,0.0,34,0.0,0.0,0.0
85.0,1,pa_6_rev,NEG_E5,25.0,5,0.0,0,0.0,0.0,0,0,5,3,0.0,0,0,0.0,34,0.0,0.0,0.0
85.0,1,pa_7,E6,20.0,4,0.0,0,0.0,0.0,0,0,4,2,0.0,0,0,0.0,34,0.0,0.0,0.0
85.0,1,pa_7_rev,NEG_E6,20.0,4,0.0,0,0.0,0.0,0,0,4,2,0.0,0,0,0.0,34,0.0,0.0,0.0
85.0,1,pa_8,E7,25.0,5,0.0,0,0.0,0.0,0,0,5,3,0.0,0,0,0.0,34,0.0,0.0,0.0
85.0,1,pa_8_rev,NEG_E7,25.0,5,0.0,0,0.0,0.0,0,0,5,3,0.0,0,0,0.0,34,0.0,0.0,0.0
86.0,1,pa_2,E0,20.0,4,0.0,0,0.0,0.0,0,0,4,3,0.0,0,0,0.0,34,0.0,0.0,0.0
86.0,1,pa_2_rev,NEG_E0,20.0,4,0.0,0,0.0,0.0,0,0,4,3,0.0,0,0,0.0,34,0.0,0.0,0.0
86.0,1,pa_3,E1,20.0,4,0.0,0,0.0,0.0,0,0,4,3,0.0,0,0,0.0,34,0.0,0.0,0.0
86.0,1,pa_3_rev,NEG_E1,20.0,4,0.0,0,0.0,0.0,0,0,4,3,0.0,0,0,0.0,34,0.0,0.0,0.0
86.0,1,pa_6,E5,25.0,5,0.0,0,0.0,0.0,0,0,5,3,0.0,0,0,0.0,34,0.0,0.0,0.0
86.0,1,pa_6_rev,NEG_E5,25.0,5,0.0,0,0.0,0.0,0,0,5,3,0.0,0,0,0.0,34,0.0,0.0,0.0
86.0,1,pa_7,E6,20.0,4,0.0,0,0.0,0.0,0,0,4,2,0.0,0,0,0.0,34,0.0,0.0,0.0
86.0,1,pa_7_rev,NEG_E6,20.0,4,0.0,0,0.0,0.0,0,0,4,2,0.0,0,0,0.0,34,0.0,0.0,0.0
86.0,1,pa_8,E7,25.0,5,0.0,0,0.0,0.0,0,0,5,3,0.0,0,0,0.0,34,0.0,0.0,0.0
86.0,1,pa_8_rev,NEG_E7,25.0,5,0.0,0,0.0,0.0,0,0,5,3,0.0,0,0,0.0,34,0.0,0.0,0.0
87.0,1,pa_2,E0,20.0,4,0.0,0,0.0,0.0,0,0,4,3,25.0,1,0,2.27,34,0.0,0.0,0.0
87.0,1,pa_2_rev,NEG_E0,20.0,4,0.0,0,0.0,0.0,0,0,4,3,25.0,1,0,2.27,34,0.0,0.0,0.0
87.0,1,pa_3,E1,20.0,4,0.0,0,0.0,0.0,0,0,4,3,25.0,1,0,2.27,34,0.0,0.0,0.0
87.0,1,pa_3_rev,NEG_E1,20.0,4,0.0,0,0.0,0.0,0,0,4,3,25.0,1,0,2.27,34,0.0,0.0,0.0
87.0,1,pa_6,E5,25.0,5,25.0,1,20.0,0.0,0,0,4,3,25.0,1,0,2.27,34,25.0,0.12,0.2
87.0,1,pa_6_rev,NEG_E5,25.0,5,0.0,0,0.0,0.0,0,0,5,3,25.0,1,0,2.27,34,0.0,0.0,0.0
87.0,1,pa_7,E6,20.0,4,0.0,0,0.0,0.0,0,0,4,2,25.0,1,0,2.27,34,0.0,0.0,0.0
87.0,1,pa_7_rev,NEG_E6,20.0,4,0.0,0,0.0,0.0,0,0,4,2,25.0,1,0,2.27,34,0.0,0.0,0.0
87.0,1,pa_8,E7,25.0,5,0.0,0,0.0,0.0,0,0,5,3,25.0,1,0,2.27,34,0.0,0.0,0.0
87.0,1,pa_8_rev,NEG_E7,25.0,5,0.0,0,0.0,0.0,0,0,5,3,25.0,1,0,2.27,34,0.0,0.0,0.0
88.0,1,pa_2,E0,20.0,4,0.0,0,0.0,0.0,0,0,4,3,25.0,1,0,2.27,34,0.0,0.0,0.0
88.0,1,pa_2_rev,NEG_E0,20.0,4,0.0,0,0.0,0.0,0,0,4,3,25.0,1,0,2.27,34,0.0,0.0,0.0
88.0,1,pa_3,E1,20.0,4,0.0,0,0.0,0.0,0,0,4,3,25.0,1,0,2.27,34,0.0,0.0,0.0
88.0,1,pa_3_rev,NEG_E1,20.0,4,0.0,0,0.0,0.0,0,0,4,3,25.0,1,0,2.27,34,0.0,0.0,0.0
88.0,1,pa_6,E5,25.0,5,25.0,1,20.0,0.0,0,0,4,3,25.0,1,0,2.27,34,25.0,0.12,0.2
88.0,1,pa_6_rev,NEG_E5,25.0,5,0.0,0,0.0,0.0,0,0,5,3,25.0,1,0,2.27,34,0.0,0.0,0.0
88.0,1,pa_7,E6,20.0,4,0.0,0,0.0,0.0,0,0,4,2,25.0,1,0,2.27,34,0.0,0.0,0.0
88.0,1,pa_7_rev,NEG_E6,20.0,4,0.0,0,0.0,0.0,0,0,4,2,25.0,1,0,2.27,34,0.0,0.0,0.0
88.0,1,pa_8,E7,25.0,5,0.0,0,0.0,0.0,0,0,5,3,25.0,1,0,2.27,34,0.0,0.0,0.0
88.0,1,pa_8_rev,NEG_E7,25.0,5,0.0,0,0.0,0.0,0,0,5,3,25.0,1,0,2.27,34,0.0,0.0,0.0
89.0,1,pa_2,E0,20.0,4,0.0,0,0.0,0.0,0,0,4,3,25.0,1,0,2.27,34,0.0,0.0,0.0
89.0,1,pa_2_rev,NEG_E0,20.0,4,0.0,0,0.0,0.0,0,0,4,3,25.0,1,0,2.27,34,0.0,0.0,0.0
89.0,1,pa_3,E1,20.0,4,0.0,0,0.0,0.0,0,0,4,3,25.0,1,0,2.27,34,0.0,0.0,0.0
89.0,1,pa_3_rev,NEG_E1,20.0,4,0.0,0,0.0,0.0,0,0,4,3,25.0,1,0,2.27,34,0.0,0.0,0.0
89.0,1,pa_6,E5,25.0,5,25.0,1,20.0,0.0,0,0,4,3,25.0,1,0,2.27,34,25.0,0.12,0.2
89.0,1,pa_6_rev,NEG_E5,25.0,5,0.0,0,0.0,0.0,0,0,5,3,25.0,1,0,2.27,34,0.0,0.0,0.0
89.0,1,pa_7,E6,20.0,4,0.0,0,0.0,0.0,0,0,4,2,25.0,1,0,2.27,34,0.0,0.0,0.0
89.0,1,pa_7_rev,NEG_E6,20.0,4,0.0,0,0.0,0.0,0,0,4,2,25.0,1,0,2.27,34,0.0,0.0,0.0
89.0,1,pa_8,E7,25.0,5,0.0,0,0.0,0.0,0,0,5,3,25.0,1,0,2.27,34,0.0,0.0,0.0
89.0,1,pa_8_rev,NEG_E7,25.0,5,0.0,0,0.0,0.0,0,0,5,3,25.0,1,0,2.27,34,0.0,0.0,0.0
90.0,1,pa_2,E0,20.0,4,0.0,0,0.0,0.0,0,0,4,3,25.0,1,0,2.27,34,0.0,0.0,0.0
90.0,1,pa_2_rev,NEG_E0,20.0,4,0.0,0,0.0,0.0,0,0,4,3,25.0,1,0,2.27,34,0.0,0.0,0.0
90.0,1,pa_3,E1,20.0,4,0.0,0,0.0,0.0,0,0,4,3,25.0,1,0,2.27,34,0.0,0.0,0.0
90.0,1,pa_3_rev,NEG_E1,20.0,4,0.0,0,0.0,0.0,0,0,4,3,25.0,1,0,2.27,34,0.0,0.0,0.0
90.0,1,pa_6,E5,25.0,5,25.0,1,20.0,0.0,0,0,4,3,25.0,1,0,2.27,34,25.0,0.12,0.2
90.0,1,pa_6_rev,NEG_E5,25.0,5,0.0,0,0.0,0.0,0,0,5,3,25.0,1,0,2.27,34,0.0,0.0,0.0
90.0,1,pa_7,E6,20.0,4,0.0,0,0.0,0.0,0,0,4,2,25.0,1,0,2.27,34,0.0,0.0,0.0
90.0,1,pa_7_rev,NEG_E6,20.0,4,0.0,0,0.0,0.0,0,0,4,2,25.0,1,0,2.27,34,0.0,0.0,0.0
90.0,1,pa_8,E7,25.0,5,0.0,0,0.0,0.0,0,0,5,3,25.0,1,0,2.27,34,0.0,0.0,0.0
90.0,1,pa_8_rev,NEG_E7,25.0,5,0.0,0,0.0,0.0,0,0,5,3,25.0,1,0,2.27,34,0.0,0.0,0.0
91.0,1,pa_2,E0,20.0,4,20.0,1,25.0,0.0,0,0,3,3,45.0,2,0,4.55,35,20.0,0.14,0.25
91.0,1,pa_2_rev,NEG_E0,20.0,4,0.0,0,0.0,0.0,0,0,4,3,45.0,2,0,4.55,35,0.0,0.0,0.0
91.0,1,pa_3,E1,20.0,4,0.0,0,0.0,0.0,0,0,4,3,45.0,2,0,4.55,35,0.0,0.0,0.0
91.0,1,pa_3_rev,NEG_E1,20.0,4,0.0,0,0.0,0.0,0,0,4,3,45.0,2,0,4.55,35,0.0,0.0,0.0
91.0,1,pa_6,E5,25.0,5,25.0,1,20.0,0.0,0,0,4,3,45.0,2,0,4.55,35,25.0,0.12,0.2
91.0,1,pa_6_rev,NEG_E5,25.0,5,0.0,0,0.0,0.0,0,0,5,3,45.0,2,0,4.55,35,0.0,0.0,0.0
91.0,1,pa_7,E6,20.0,4,0.0,0,0.0,0.0,0,0,4,2,45.0,2,0,4.55,35,0.0,0.0,0.0
91.0,1,pa_7_rev,NEG_E6,20.0,4,0.0,0,0.0,0.0,0,0,4,2,45.0,2,0,4.55,35,0.0,0.0,0.0
91.0,1,pa_8,E7,25.0,5,0.0,0,0.0,0.0,0,0,5,3,45.0,2,0,4.55,35,0.0,0.0,0.0
91.0,1,pa_8_rev,NEG_E7,25.0,5,0.0,0,0.0,0.0,0,0,5,3,45.0,2,0,4.55,35,0.0,0.0,0.0
92.0,1,pa_2,E0,20.0,4,20.0,1,25.0,0.0,0,0,3,3,45.0,2,0,4.55,35,20.0,0.14,0.25
92.0,1,pa_2_rev,NEG_E0,20.0,4,0.0,0,0.0,0.0,0,0,4,3,45.0,2,0,4.55,35,0.0,0.0,0.0
92.0,1,pa_3,E1,20.0,4,0.0,0,0.0,0.0,0,0,4,3,45.0,2,0,4.55,35,0.0,0.0,0.0
92.0,1,pa_3_rev,NEG_E1,20.0,4,0.0,0,0.0,0.0,0,0,4,3,45.0,2,0,4.55,35,0.0,0.0,0.0
92.0,1,pa_6,E5,25.0,5,25.0,1,20.0,0.0,0,0,4,3,45.0,2,0,4.55,35,25.0,0.12,0.2
92.0,1,pa_6_rev,NEG_E5,25.0,5,0.0,0,0.0,0.0,0,0,5,3,45.0,2,0,4.55,35,0.0,0.0,0.0
92.0,1,pa_7,E6,20.0,4,0.0,0,0.0,0.0,0,0,4,2,45.0,2,0,4.55,35,0.0,0.0,0.0
92.0,1,pa_7_rev,NEG_E6,20.0,4,0.0,0,0.0,0.0,0,0,4,2,45.0,2,0,4.55,35,0.0,0.0,0.0
92.0,1,pa_8,E7,25.0,5,0.0,0,0.0,0.0,0,0,5,3,45.0,2,0,4.55,35,0.0,0.0,0.0
92.0,1,pa_8_rev,NEG_E7,25.0,5,0.0,0,0.0,0.0,0,0,5,3,45.0,2,0,4.55,35,0.0,0.0,0.0
93.0,1,pa_2,E0,20.0,4,20.0,1,25.0,0.0,0,0,3,3,45.0,2,0,4.55,36,20.0,0.14,0.25
93.0,1,pa_2_rev,NEG_E0,20.0,4,0.0,0,0.0,0.0,0,0,4,3,45.0,2,0,4.55,36,0.0,0.0,0.0
93.0,1,pa_3,E1,20.0,4,0.0,0,0.0,0.0,0,0,4,3,45.0,2,0,4.55,36,0.0,0.0,0.0
93.0,1,pa_3_rev,NEG_E1,20.0,4,0.0,0,0.0,0.0,0,0,4,3,45.0,2,0,4.55,36,0.0,0.0,0.0
93.0,1,pa_6,E5,25.0,5,25.0,1,20.0,0.0,0,0,4,3,45.0,2,0,4.55,36,25.0,0.12,0.2
93.0,1,pa_6_rev,NEG_E5,25.0,5,0.0,0,0.0,0.0,0,0,5,3,45.0,2,0,4.55,36,0.0,0.0,0.0
93.0,1,pa_7,E6,20.0,4,0.0,0,0.0,0.0,0,0,4,2,45.0,2,0,4.55,36,0.0,0.0,0.0
93.0,1,pa_7_rev,NEG_E6,20.0,4,0.0,0,0.0,0.0,0,0,4,2,45.0,2,0,4.55,36,0.0,0.0,0.0
93.0,1,pa_8,E7,25.0,5,0.0,0,0.0,0.0,0,0,5,3,45.0,2,0,4.55,36,0.0,0.0,0.0
93.0,1,pa_8_rev,NEG_E7,25.0,5,0.0,0,0.0,0.0,0,0,5,3,45.0,2,0,4.55,36,0.0,0.0,0.0
94.0,1,pa_2,E0,20.0,4,20.0,1,25.0,0.0,0,0,3,3,45.0,2,0,4.55,36,20.0,0.14,0.25
94.0,1,pa_2_rev,NEG_E0,20.0,4,0.0,0,0.0,0.0,0,0,4,3,45.0,2,0,4.55,36,0.0,0.0,0.0
94.0,1,pa_3,E1,20.0,4,0.0,0,0.0,0.0,0,0,4,3,45.0,2,0,4.55,36,0.0,0.0,0.0
94.0,1,pa_3_rev,NEG_E1,20.0,4,0.0,0,0.0,0.0,0,0,4,3,45.0,2,0,4.55,36,0.0,0.0,0.0
94.0,1,pa_6,E5,25.0,5,25.0,1,20.0,0.0,0,0,4,3,45.0,2,0,4.55,36,25.0,0.12,0.2
94.0,1,pa_6_rev,NEG_E5,25.0,5,0.0,0,0.0,0.0,0,0,5,3,45.0,2,0,4.55,36,0.0,0.0,0.0
94.0,1,pa_7,E6,20.0,4,0.0,0,0.0,0.0,0,0,4,2,45.0,2,0,4.55,36,0.0,0.0,0.0
94.0,1,pa_7_rev,NEG_E6,20.0,4,0.0,0,0.0,0.0,0,0,4,2,45.0,2,0,4.55,36,0.0,0.0,0.0
94.0,1,pa_8,E7,25.0,5,0.0,0,0.0,0.0,0,0,5,3,45.0,2,0,4.55,36,0.0,0.0,0.0
94.0,1,pa_8_rev,NEG_E7,25.0,5,0.0,0,0.0,0.0,0,0,5,3,45.0,2,0,4.55,36,0.0,0.0,0.0
95.0,1,pa_2,E0,20.0,4,40.0,2,50.0,0.0,0,0,2,3,65.0,3,0,6.82,36,20.0,0.29,0.5
95.0,1,pa_2_rev,NEG_E0,20.0,4,0.0,0,0.0,0.0,0,0,4,3,65.0,3,0,6.82,36,0.0,0.0,0.0
95.0,1,pa_3,E1,20.0,4,0.0,0,0.0,0.0,0,0,4,3,65.0,3,0,6.82,36,0.0,0.0,0.0
95.0,1,pa_3_rev,NEG_E1,20.0,4,0.0,0,0.0,0.0,0,0,4,3,65.0,3,0,6.82,36,0.0,0.0,0.0
95.0,1,pa_6,E5,25.0,5,25.0,1,20.0,0.0,0,0,4,3,65.0,3,0,6.82,36,25.0,0.12,0.2
95.0,1,pa_6_rev,NEG_E5,25.0,5,0.0,0,0.0,0.0,0,0,5,3,65.0,3,0,6.82,36,0.0,0.0,0.0
95.0,1,pa_7,E6,20.0,4,0.0,0,0.0,0.0,0,0,4,2,65.0,3,0,6.82,36,0.0,0.0,0.0
95.0,1,pa_7_rev,NEG_E6,20.0,4,0.0,0,0.0,0.0,0,0,4,2,65.0,3,0,6.82,36,0.0,0.0,0.0
95.0,1,pa_8,E7,25.0,5,0.0,0,0.0,0.0,0,0,5,3,65.0,3,0,6.82,36,0.0,0.0,0.0
95.0,1,pa_8_rev,NEG_E7,25.0,5,0.0,0,0.0,0.0,0,0,5,3,65.0,3,0,6.82,36,0.0,0.0,0.0
96.0,1,pa_2,E0,20.0,4,40.0,2,50.0,0.0,0,0,2,3,65.0,3,0,6.82,36,20.0,0.29,0.5
96.0,1,pa_2_rev,NEG_E0,20.0,4,0.0,0,0.0,0.0,0,0,4,3,65.0,3,0,6.82,36,0.0,0.0,0.0
96.0,1,pa_3,E1,20.0,4,0.0,0,0.0,0.0,0,0,4,3,65.0,3,0,6.82,36,0.0,0.0,0.0
96.0,1,pa_3_rev,NEG_E1,20.0,4,0.0,0,0.0,0.0,0,0,4,3,65.0,3,0,6.82,36,0.0,0.0,0.0
96.0,1,pa_6,E5,25.0,5,25.0,1,20.0,0.0,0,0,4,3,65.0,3,0,6.82,36,25.0,0.12,0.2
96.0,1,pa_6_rev,NEG_E5,25.0,5,0.0,0,0.0,0.0,0,0,5,3,65.0,3,0,6.82,36,0.0,0.0,0.0
96.0,1,pa_7,E6,20.0,4,0.0,0,0.0,0.0,0,0,4,2,65.0,3,0,6.82,36,0.0,0.0,0.0
96.0,1,pa_7_rev,NEG_E6,20.0,4,0.0,0,0.0,0.0,0,0,4,2,65.0,3,0,6.82,36,0.0,0.0,0.0
96.0,1,pa_8,E7,25.0,5,0.0,0,0.0,0.0,0,0,5,3,65.0,3,0,6.82,36,0.0,0.0,0.0
96.0,1,pa_8_rev,NEG_E7,25.0,5,0.0,0,0.0,0.0,0,0,5,3,65.0,3,0,6.82,36,0.0,0.0,0.0
97.0,1,pa_2,E0,20.0,4,40.0,2,50.0,0.0,0,0,2,3,65.0,3,0,6.82,36,20.0,0.29,0.5
97.0,1,pa_2_rev,NEG_E0,20.0,4,0.0,0,0.0,0.0,0,0,4,3,65.0,3,0,6.82,36,0.0,0.0,0.0
97.0,1,pa_3,E1,20.0,4,0.0,0,0.0,0.0,0,0,4,3,65.0,3,0,6.82,36,0.0,0.0,0.0
97.0,1,pa_3_rev,NEG_E1,20.0,4,0.0,0,0.0,0.0,0,0,4,3,65.0,3,0,6.82,36,0.0,0.0,0.0
97.0,1,pa_6,E5,25.0,5,25.0,1,20.0,0.0,0,0,4,3,65.0,3,0,6.82,36,25.0,0.12,0.2
97.0,1,pa_6_rev,NEG_E5,25.0,5,0.0,0,0.0,0.0,0,0,5,3,65.0,3,0,6.82,36,0.0,0.0,0.0
97.0,1,pa_7,E6,20.0,4,0.0,0,0.0,0.0,0,0,4,2,65.0,3,0,6.82,36,0.0,0.0,0.0
97.0,1,pa_7_rev,NEG_E6,20.0,4,0.0,0,0.0,0.0,0,0,4,2,65.0,3,0,6.82,36,0.0,0.0,0.0
97.0,1,pa_8,E7,25.0,5,0.0,0,0.0,0.0,0,0,5,3,65.0,3,0,6.82,36,0.0,0.0,0.0
97.0,1,pa_8_rev,NEG_E7,25.0,5,0.0,0,0.0,0.0,0,0,5,3,65.0,3,0,6.82,36,0.0,0.0,0.0
98.0,1,pa_2,E0,20.0,4,60.0,3,75.0,0.0,0,0,1,3,85.0,4,0,9.09,36,20.0,0.43,0.75
98.0,1,pa_2_rev,NEG_E0,20.0,4,0.0,0,0.0,0.0,0,0,4,3,85.0,4,0,9.09,36,0.0,0.0,0.0
98.0,1,pa_3,E1,20.0,4,0.0,0,0.0,0.0,0,0,4,3,85.0,4,0,9.09,36,0.0,0.0,0.0
98.0,1,pa_3_rev,NEG_E1,20.0,4,0.0,0,0.0,0.0,0,0,4,3,85.0,4,0,9.09,36,0.0,0.0,0.0
98.0,1,pa_6,E5,25.0,5,25.0,1,20.0,0.0,0,0,4,3,85.0,4,0,9.09,36,25.0,0.12,0.2
98.0,1,pa_6_rev,NEG_E5,25.0,5,0.0,0,0.0,0.0,0,0,5,3,85.0,4,0,9.09,36,0.0,0.0,0.0
98.0,1,pa_7,E6,20.0,4,0.0,0,0.0,0.0,0,0,4,2,85.0,4,0,9.09,36,0.0,0.0,0.0
98.0,1,pa_7_rev,NEG_E6,20.0,4,0.0,0,0.0,0.0,0,0,4,2,85.0,4,0,9.09,36,0.0,0.0,0.0
98.0,1,pa_8,E7,25.0,5,0.0,0,0.0,0.0,0,0,5,3,85.0,4,0,9.09,36,0.0,0.0,0.0
98.0,1,pa_8_rev,NEG_E7,25.0,5,0.0,0,0.0,0.0,0,0,5,3,85.0,4,0,9.09,36,0.0,0.0,0.0
99.0,1,pa_2,E0,20.0,4,60.0,3,75.0,0.0,0,0,1,3,85.0,4,0,9.09,36,20.0,0.43,0.75
99.0,1,pa_2_rev,NEG_E0,20.0,4,0.0,0,0.0,0.0,0,0,4,3,85.0,4,0,9.09,36,0.0,0.0,0.0
99.0,1,pa_3,E1,20.0,4,0.0,0,0.0,0.0,0,0,4,3,85.0,4,0,9.09,36,0.0,0.0,0.0
99.0,1,pa_3_rev,NEG_E1,20.0,4,0.0,0,0.0,0.0,0,0,4,3,85.0,4,0,9.09,36,0.0,0.0,0.0
99.0,1,pa_6,E5,25.0,5,25.0,1,20.0,0.0,0,0,4,3,85.0,4,0,9.09,36,25.0,0.12,0.2
99.0,1,pa_6_rev,NEG_E5,25.0,5,0.0,0,0.0,0.0,0,0,5,3,85.0,4,0,9.09,36,0.0,0.0,0.0
99.0,1,pa_7,E6,20.0,4,0.0,0,0.0,0.0,0,0,4,2,85.0,4,0,9.09,36,0.0,0.0,0.0
99.0,1,pa_7_rev,NEG_E6,20.0,4,0.0,0,0.0,0.0,0,0,4,2,85.0,4,0,9.09,36,0.0,0.0,0.0
99.0,1,pa_8,E7,25.0,5,0.0,0,0.0,0.0,0,0,5,3,85.0,4,0,9.09,36,0.0,0.0,0.0
99.0,1,pa_8_rev,NEG_E7,25.0,5,0.0,0,0.0,0.0,0,0,5,3,85.0,4,0,9.09,36,0.0,0.0,0.0
100.0,1,pa_2,E0,20.0,4,60.0,3,75.0,0.0,0,0,1,3,85.0,4,0,9.09,36,20.0,0.43,0.75
100.0,1,pa_2_rev,NEG_E0,20.0,4,0.0,0,0.0,0.0,0,0,4,3,85.0,4,0,9.09,36,0.0,0.0,0.0
100.0,1,pa_3,E1,20.0,4,0.0,0,0.0,0.0,0,0,4,3,85.0,4,0,9.09,36,0.0,0.0,0.0
100.0,1,pa_3_rev,NEG_E1,20.0,4,0.0,0,0.0,0.0,0,0,4,3,85.0,4,0,9.09,36,0.0,0.0,0.0
100.0,1,pa_6,E5,25.0,5,25.0,1,20.0,0.0,0,0,4,3,85.0,4,0,9.09,36,25.0,0.12,0.2
100.0,1,pa_6_rev,NEG_E5,25.0,5,0.0,0,0.0,0.0,0,0,5,3,85.0,4,0,9.09,36,0.0,0.0,0.0
100.0,1,pa_7,E6,20.0,4,0.0,0,0.0,0.0,0,0,4,2,85.0,4,0,9.09,36,0.0,0.0,0.0
100.0,1,pa_7_rev,NEG_E6,20.0,4,0.0,0,0.0,0.0,0,0,4,2,85.0,4,0,9.09,36,0.0,0.0,0.0
100.0,1,pa_8,E7,25.0,5,0.0,0,0.0,0.0,0,0,5,3,85.0,4,0,9.09,36,0.0,0.0,0.0
100.0,1,pa_8_rev,NEG_E7,25.0,5,0.0,0,0.0,0.0,0,0,5,3,85.0,4,0,9.09,36,0.0,0.0,0.0
101.0,1,pa_2,E0,20.0,4,60.0,3,75.0,0.0,0,0,1,3,85.0,4,0,9.09,36,20.0,0.43,0.75
101.0,1,pa_2_rev,NEG_E0,20.0,4,0.0,0,0.0,0.0,0,0,4,3,85.0,4,0,9.09,36,0.0,0.0,0.0
101.0,1,pa_3,E1,20.0,4,0.0,0,0.0,0.0,0,0,4,3,85.0,4,0,9.09,36,0.0,0.0,0.0
101.0,1,pa_3_rev,NEG_E1,20.0,4,0.0,0,0.0,0.0,0,0,4,3,85.0,4,0,9.09,36,0.0,0.0,0.0
101.0,1,pa_6,E5,25.0,5,25.0,1,20.0,0.0,0,0,4,3,85.0,4,0,9.09,36,25.0,0.12,0.2
101.0,1,pa_6_rev,NEG_E5,25.0,5,0.0,0,0.0,0.0,0,0,5,3,85.0,4,0,9.09,36,0.0,0.0,0.0
101.0,1,pa_7,E6,20.0,4,0.0,0,0.0,0.0,0,0,4,2,85.0,4,0,9.09,36,0.0,0.0,0.0
101.0,1,pa_7_rev,NEG_E6,20.0,4,0.0,0,0.0,0.0,0,0,4,2,85.0,4,0,9.09,36,0.0,0.0,0.0
101.0,1,pa_8,E7,25.0,5,0.0,0,0.0,0.0,0,0,5,3,85.0,4,0,9.09,36,0.0,0.0,0.0
101.0,1,pa_8_rev,NEG_E7,25.0,5,0.0,0,0.0,0.0,0,0,5,3,85.0,4,0,9.09,36,0.0,0.0,0.0
102.0,1,pa_2,E0,20.0,4,60.0,3,75.0,0.0,0,0,1,3,85.0,4,0,9.09,36,20.0,0.43,0.75
102.0,1,pa_2_rev,NEG_E0,20.0,4,0.0,0,0.0,0.0,0,0,4,3,85.0,4,0,9.09,36,0.0,0.0,0.0
102.0,1,pa_3,E1,20.0,4,0.0,0,0.0,0.0,0,0,4,3,85.0,4,0,9.09,36,0.0,0.0,0.0
102.0,1,pa_3_rev,NEG_E1,20.0,4,0.0,0,0.0,0.0,0,0,4,3,85.0,4,0,9.09,36,0.0,0.0,0.0
102.0,1,pa_6,E5,25.0,5,25.0,1,20.0,0.0,0,0,4,3,85.0,4,0,9.09,36,25.0,0.12,0.2
102.0,1,pa_6_rev,NEG_E5,25.0,5,0.0,0,0.0,0.0,0,0,5,3,85.0,4,0,9.09,36,0.0,0.0,0.0
102.0,1,pa_7,E6,20.0,4,0.0,0,0.0,0.0,0,0,4,2,85.0,4,0,9.09,36,0.0,0.0,0.0
102.0,1,pa_7_rev,NEG_E6,20.0,4,0.0,0,0.0,0.0,0,0,4,2,85.0,4,0,9.09,36,0.0,0.0,0.0
102.0,1,pa_8,E7,25.0,5,0.0,0,0.0,0.0,0,0,5,3,85.0,4,0,9.09,36,0.0,0.0,0.0
102.0,1,pa_8_rev,NEG_E7,25.0,5,0.0,0,0.0,0.0,0,0,5,3,85.0,4,0,9.09,36,0.0,0.0,0.0
103.0,1,pa_2,E0,20.0,4,60.0,3,75.0,0.0,0,0,1,3,85.0,4,0,9.09,41,20.0,0.43,0.75
103.0,1,pa_2_rev,NEG_E0,20.0,4,0.0,0,0.0,0.0,0,0,4,3,85.0,4,0,9.09,41,0.0,0.0,0.0
103.0,1,pa_3,E1,20.0,4,0.0,0,0.0,0.0,0,0,4,3,85.0,4,0,9.09,41,0.0,0.0,0.0
103.0,1,pa_3_rev,NEG_E1,20.0,4,0.0,0,0.0,0.0,0,0,4,3,85.0,4,0,9.09,41,0.0,0.0,0.0
103.0,1,pa_6,E5,25.0,5,25.0,1,20.0,0.0,0,0,4,3,85.0,4,0,9.09,41,25.0,0.12,0.2
103.0,1,pa_6_rev,NEG_E5,25.0,5,0.0,0,0.0,0.0,0,0,5,3,85.0,4,0,9.09,41,0.0,0.0,0.0
103.0,1,pa_7,E6,20.0,4,0.0,0,0.0,0.0,0,0,4,2,85.0,4,0,9.09,41,0.0,0.0,0.0
103.0,1,pa_7_rev,NEG_E6,20.0,4,0.0,0,0.0,0.0,0,0,4,2,85.0,4,0,9.09,41,0.0,0.0,0.0
103.0,1,pa_8,E7,25.0,5,0.0,0,0.0,0.0,0,0,5,3,85.0,4,0,9.09,41,0.0,0.0,0.0
103.0,1,pa_8_rev,NEG_E7,25.0,5,0.0,0,0.0,0.0,0,0,5,3,85.0,4,0,9.09,41,0.0,0.0,0.0
104.0,1,pa_2,E0,20.0,4,60.0,3,75.0,0.0,0,0,1,3,85.0,4,0,9.09,41,20.0,0.43,0.75
104.0,1,pa_2_rev,NEG_E0,20.0,4,0.0,0,0.0,0.0,0,0,4,3,85.0,4,0,9.09,41,0.0,0.0,0.0
104.0,1,pa_3,E1,20.0,4,0.0,0,0.0,0.0,0,0,4,3,85.0,4,0,9.09,41,0.0,0.0,0.0
104.0,1,pa_3_rev,NEG_E1,20.0,4,0.0,0,0.0,0.0,0,0,4,3,85.0,4,0,9.09,41,0.0,0.0,0.0
104.0,1,pa_6,E5,25.0,5,25.0,1,20.0,0.0,0,0,4,3,85.0,4,0,9.09,41,25.0,0.12,0.2
104.0,1,pa_6_rev,NEG_E5,25.0,5,0.0,0,0.0,0.0,0,0,5,3,85.0,4,0,9.09,41,0.0,0.0,0.0
104.0,1,pa_7,E6,20.0,4,0.0,0,0.0,0.0,0,0,4,2,85.0,4,0,9.09,41,0.0,0.0,0.0
104.0,1,pa_7_rev,NEG_E6,20.0,4,0.0,0,0.0,0.0,0,0,4,2,85.0,4,0,9.09,41,0.0,0.0,0.0
104.0,1,pa_8,E7,25.0,5,0.0,0,0.0,0.0,0,0,5,3,85.0,4,0,9.09,41,0.0,0.0,0.0
104.0,1,pa_8_rev,NEG_E7,25.0,5,0.0,0,0.0,0.0,0,0,5,3,85.0,4,0,9.09,41,0.0,0.0,0.0
105.0,1,pa_2,E0,20.0,4,60.0,3,75.0,0.0,0,0,1,3,85.0,4,0,9.09,41,20.0,0.43,0.75
105.0,1,pa_2_rev,NEG_E0,20.0,4,0.0,0,0.0,0.0,0,0,4,3,85.0,4,0,9.09,41,0.0,0.0,0.0
105.0,1,pa_3,E1,20.0,4,0.0,0,0.0,0.0,0,0,4,3,85.0,4,0,9.09,41,0.0,0.0,0.0
105.0,1,pa_3_rev,NEG_E1,20.0,4,0.0,0,0.0,0.0,0,0,4,3,85.0,4,0,9.09,41,0.0,0.0,0.0
105.0,1,pa_6,E5,25.0,5,25.0,1,20.0,0.0,0,0,4,3,85.0,4,0,9.09,41,25.0,0.12,0.2
105.0,1,pa_6_rev,NEG_E5,25.0,5,0.0,0,0.0,0.0,0,0,5,3,85.0,4,0,9.09,41,0.0,0.0,0.0
105.0,1,pa_7,E6,20.0,4,0.0,0,0.0,0.0,0,0,4,2,85.0,4,0,9.09,41,0.0,0.0,0.0
105.0,1,pa_7_rev,NEG_E6,20.0,4,0.0,0,0.0,0.0,0,0,4,2,85.0,4,0,9.09,41,0.0,0.0,0.0
105.0,1,pa_8,E7,25.0,5,0.0,0,0.0,0.0,0,0,5,3,85.0,4,0,9.09,41,0.0,0.0,0.0
105.0,1,pa_8_rev,NEG_E7,25.0,5,0.0,0,0.0,0.0,0,0,5,3,85.0,4,0,9.09,41,0.0,0.0,0.0
106.0,1,pa_2,E0,20.0,4,60.0,3,75.0,0.0,0,0,1,3,85.0,4,0,9.09,41,20.0,0.43,0.75
106.0,1,pa_2_rev,NEG_E0,20.0,4,0.0,0,0.0,0.0,0,0,4,3,85.0,4,0,9.09,41,0.0,0.0,0.0
106.0,1,pa_3,E1,20.0,4,0.0,0,0.0,0.0,0,0,4,3,85.0,4,0,9.09,41,0.0,0.0,0.0
106.0,1,pa_3_rev,NEG_E1,20.0,4,0.0,0,0.0,0.0,0,0,4,3,85.0,4,0,9.09,41,0.0,0.0,0.0
106.0,1,pa_6,E5,25.0,5,25.0,1,20.0,0.0,0,0,4,3,85.0,4,0,9.09,41,25.0,0.12,0.2
106.0,1,pa_6_rev,NEG_E5,25.0,5,0.0,0,0.0,0.0,0,0,5,3,85.0,4,0,9.09,41,0.0,0.0,0.0
106.0,1,pa_7,E6,20.0,4,0.0,0,0.0,0.0,0,0,4,2,85.0,4,0,9.09,41,0.0,0.0,0.0
106.0,1,pa_7_rev,NEG_E6,20.0,4,0.0,0,0.0,0.0,0,0,4,2,85.0,4,0,9.09,41,0.0,0.0,0.0
106.0,1,pa_8,E7,25.0,5,0.0,0,0.0,0.0,0,0,5,3,85.0,4,0,9.09,41,0.0,0.0,0.0
106.0,1,pa_8_rev,NEG_E7,25.0,5,0.0,0,0.0,0.0,0,0,5,3,85.0,4,0,9.09,41,0.0,0.0,0.0
107.0,1,pa_2,E0,20.0,4,60.0,3,75.0,0.0,0,0,1,3,85.0,4,0,9.09,41,20.0,0.43,0.75
107.0,1,pa_2_rev,NEG_E0,20.0,4,0.0,0,0.0,0.0,0,0,4,3,85.0,4,0,9.09,41,0.0,0.0,0.0
107.0,1,pa_3,E1,20.0,4,0.0,0,0.0,0.0,0,0,4,3,85.0,4,0,9.09,41,0.0,0.0,0.0
107.0,1,pa_3_rev,NEG_E1,20.0,4,0.0,0,0.0,0.0,0,0,4,3,85.0,4,0,9.09,41,0.0,0.0,0.0
107.0,1,pa_6,E5,25.0,5,25.0,1,20.0,0.0,0,0,4,3,85.0,4,0,9.09,41,25.0,0.12,0.2
107.0,1,pa_6_rev,NEG_E5,25.0,5,0.0,0,0.0,0.0,0,0,5,3,85.0,4,0,9.09,41,0.0,0.0,0.0
107.0,1,pa_7,E6,20.0,4,0.0,0,0.0,0.0,0,0,4,2,85.0,4,0,9.09,41,0.0,0.0,0.0
107.0,1,pa_7_rev,NEG_E6,20.0,4,0.0,0,0.0,0.0,0,0,4,2,85.0,4,0,9.09,41,0.0,0.0,0.0
107.0,1,pa_8,E7,25.0,5,0.0,0,0.0,0.0,0,0,5,3,85.0,4,0,9.09,41,0.0,0.0,0.0
107.0,1,pa_8_rev,NEG_E7,25.0,5,0.0,0,0.0,0.0,0,0,5,3,85.0,4,0,9.09,41,0.0,0.0,0.0
108.0,1,pa_2,E0,20.0,4,60.0,3,75.0,0.0,0,0,1,3,85.0,4,0,9.09,41,20.0,0.43,0.75
108.0,1,pa_2_rev,NEG_E0,20.0,4,0.0,0,0.0,0.0,0,0,4,3,85.0,4,0,9.09,41,0.0,0.0,0.0
108.0,1,pa_3,E1,20.0,4,0.0,0,0.0,0.0,0,0,4,3,85.0,4,0,9.09,41,0.0,0.0,0.0
108.0,1,pa_3_rev,NEG_E1,20.0,4,0.0,0,0.0,0.0,0,0,4,3,85.0,4,0,9.09,41,0.0,0.0,0.0
108.0,1,pa_6,E5,25.0,5,25.0,1,20.0,0.0,0,0,4,3,85.0,4,0,9.09,41,25.0,0.12,0.2
108.0,1,pa_6_rev,NEG_E5,25.0,5,0.0,0,0.0,0.0,0,0,5,3,85.0,4,0,9.09,41,0.0,0.0,0.0
108.0,1,pa_7,E6,20.0,4,0.0,0,0.0,0.0,0,0,4,2,85.0,4,0,9.09,41,0.0,0.0,0.0
108.0,1,pa_7_rev,NEG_E6,20.0,4,0.0,0,0.0,0.0,0,0,4,2,85.0,4,0,9.09,41,0.0,0.0,0.0
108.0,1,pa_8,E7,25.0,5,0.0,0,0.0,0.0,0,0,5,3,85.0,4,0,9.09,41,0.0,0.0,0.0
108.0,1,pa_8_rev,NEG_E7,25.0,5,0.0,0,0.0,0.0,0,0,5,3,85.0,4,0,9.09,41,0.0,0.0,0.0
109.0,1,pa_2,E0,20.0,4,60.0,3,75.0,0.0,0,0,1,3,85.0,4,0,9.09,41,20.0,0.43,0.75
109.0,1,pa_2_rev,NEG_E0,20.0,4,0.0,0,0.0,0.0,0,0,4,3,85.0,4,0,9.09,41,0.0,0.0,0.0
109.0,1,pa_3,E1,20.0,4,0.0,0,0.0,0.0,0,0,4,3,85.0,4,0,9.09,41,0.0,0.0,0.0
109.0,1,pa_3_rev,NEG_E1,20.0,4,0.0,0,0.0,0.0,0,0,4,3,85.0,4,0,9.09,41,0.0,0.0,0.0
109.0,1,pa_6,E5,25.0,5,25.0,1,20.0,0.0,0,0,4,3,85.0,4,0,9.09,41,25.0,0.12,0.2
109.0,1,pa_6_rev,NEG_E5,25.0,5,0.0,0,0.0,0.0,0,0,5,3,85.0,4,0,9.09,41,0.0,0.0,0.0
109.0,1,pa_7,E6,20.0,4,0.0,0,0.0,0.0,0,0,4,2,85.0,4,0,9.09,41,0.0,0.0,0.0
109.0,1,pa_7_rev,NEG_E6,20.0,4,0.0,0,0.0,0.0,0,0,4,2,85.0,4,0,9.09,41,0.0,0.0,0.0
109.0,1,pa_8,E7,25.0,5,0.0,0,0.0,0.0,0,0,5,3,85.0,4,0,9.09,41,0.0,0.0,0.0
109.0,1,pa_8_rev,NEG_E7,25.0,5,0.0,0,0.0,0.0,0,0,5,3,85.0,4,0,9.09,41,0.0,0.0,0.0
110.0,1,pa_2,E0,20.0,4,60.0,3,75.0,0.0,0,0,1,3,85.0,4,0,9.09,41,20.0,0.43,0.75
110.0,1,pa_2_rev,NEG_E0,20.0,4,0.0,0,0.0,0.0,0,0,4,3,85.0,4,0,9.09,41,0.0,0.0,0.0
110.0,1,pa_3,E1,20.0,4,0.0,0,0.0,0.0,0,0,4,3,85.0,4,0,9.09,41,0.0,0.0,0.0
110.0,1,pa_3_rev,NEG_E1,20.0,4,0.0,0,0.0,0.0,0,0,4,3,85.0,4,0,9.09,41,0.0,0.0,0.0
110.0,1,pa_6,E5,25.0,5,25.0,1,20.0,0.0,0,0,4,3,85.0,4,0,9.09,41,25.0,0.12,0.2
110.0,1,pa_6_rev,NEG_E5,25.0,5,0.0,0,0.0,0.0,0,0,5,3,85.0,4,0,9.09,41,0.0,0.0,0.0
110.0,1,pa_7,E6,20.0,4,0.0,0,0.0,0.0,0,0,4,2,85.0,4,0,9.09,41,0.0,0.0,0.0
110.0,1,pa_7_rev,NEG_E6,20.0,4,0.0,0,0.0,0.0,0,0,4,2,85.0,4,0,9.09,41,0.0,0.0,0.0
110.0,1,pa_8,E7,25.0,5,0.0,0,0.0,0.0,0,0,5,3,85.0,4,0,9.09,41,0.0,0.0,0.0
110.0,1,pa_8_rev,NEG_E7,25.0,5,0.0,0,0.0,0.0,0,0,5,3,85.0,4,0,9.09,41,0.0,0.0,0.0
111.0,1,pa_2,E0,20.0,4,60.0,3,75.0,0.0,0,0,1,3,85.0,4,0,9.09,41,20.0,0.43,0.75
111.0,1,pa_2_rev,NEG_E0,20.0,4,0.0,0,0.0,0.0,0,0,4,3,85.0,4,0,9.09,41,0.0,0.0,0.0
111.0,1,pa_3,E1,20.0,4,0.0,0,0.0,0.0,0,0,4,3,85.0,4,0,9.09,41,0.0,0.0,0.0
111.0,1,pa_3_rev,NEG_E1,20.0,4,0.0,0,0.0,0.0,0,0,4,3,85.0,4,0,9.09,41,0.0,0.0,0.0
111.0,1,pa_6,E5,25.0,5,25.0,1,20.0,0.0,0,0,4,3,85.0,4,0,9.09,41,25.0,0.12,0.2
111.0,1,pa_6_rev,NEG_E5,25.0,5,0.0,0,0.0,0.0,0,0,5,3,85.0,4,0,9.09,41,0.0,0.0,0.0
111.0,1,pa_7,E6,20.0,4,0.0,0,0.0,0.0,0,0,4,2,85.0,4,0,9.09,41,0.0,0.0,0.0
111.0,1,pa_7_rev,NEG_E6,20.0,4,0.0,0,0.0,0.0,0,0,4,2,85.0,4,0,9.09,41,0.0,0.0,0.0
111.0,1,pa_8,E7,25.0,5,0.0,0,0.0,0.0,0,0,5,3,85.0,4,0,9.09,41,0.0,0.0,0.0
111.0,1,pa_8_rev,NEG_E7,25.0,5,0.0,0,0.0,0.0,0,0,5,3,85.0,4,0,9.09,41,0.0,0.0,0.0
112.0,1,pa_2,E0,20.0,4,60.0,3,75.0,0.0,0,0,1,3,85.0,4,0,9.09,41,20.0,0.43,0.75
112.0,1,pa_2_rev,NEG_E0,20.0,4,0.0,0,0.0,0.0,0,0,4,3,85.0,4,0,9.09,41,0.0,0.0,0.0
112.0,1,pa_3,E1,20.0,4,0.0,0,0.0,0.0,0,0,4,3,85.0,4,0,9.09,41,0.0,0.0,0.0
112.0,1,pa_3_rev,NEG_E1,20.0,4,0.0,0,0.0,0.0,0,0,4,3,85.0,4,0,9.09,41,0.0,0.0,0.0
112.0,1,pa_6,E5,25.0,5,25.0,1,20.0,0.0,0,0,4,3,85.0,4,0,9.09,41,25.0,0.12,0.2
112.0,1,pa_6_rev,NEG_E5,25.0,5,0.0,0,0.0,0.0,0,0,5,3,85.0,4,0,9.09,41,0.0,0.0,0.0
112.0,1,pa_7,E6,20.0,4,0.0,0,0.0,0.0,0,0,4,2,85.0,4,0,9.09,41,0.0,0.0,0.0
112.0,1,pa_7_rev,NEG_E6,20.0,4,0.0,0,0.0,0.0,0,0,4,2,85.0,4,0,9.09,41,0.0,0.0,0.0
112.0,1,pa_8,E7,25.0,5,0.0,0,0.0,0.0,0,0,5,3,85.0,4,0,9.09,41,0.0,0.0,0.0
112.0,1,pa_8_rev,NEG_E7,25.0,5,0.0,0,0.0,0.0,0,0,5,3,85.0,4,0,9.09,41,0.0,0.0,0.0
113.0,1,pa_2,E0,20.0,4,60.0,3,75.0,0.0,0,0,1,3,85.0,4,0,9.09,41,20.0,0.43,0.75
113.0,1,pa_2_rev,NEG_E0,20.0,4,0.0,0,0.0,0.0,0,0,4,3,85.0,4,0,9.09,41,0.0,0.0,0.0
113.0,1,pa_3,E1,20.0,4,0.0,0,0.0,0.0,0,0,4,3,85.0,4,0,9.09,41,0.0,0.0,0.0
113.0,1,pa_3_rev,NEG_E1,20.0,4,0.0,0,0.0,0.0,0,0,4,3,85.0,4,0,9.09,41,0.0,0.0,0.0
113.0,1,pa_6,E5,25.0,5,25.0,1,20.0,0.0,0,0,4,3,85.0,4,0,9.09,41,25.0,0.12,0.2
113.0,1,pa_6_rev,NEG_E5,25.0,5,0.0,0,0.0,0.0,0,0,5,3,85.0,4,0,9.09,41,0.0,0.0,0.0
113.0,1,pa_7,E6,20.0,4,0.0,0,0.0,0.0,0,0,4,2,85.0,4,0,9.09,41,0.0,0.0,0.0
113.0,1,pa_7_rev,NEG_E6,20.0,4,0.0,0,0.0,0.0,0,0,4,2,85.0,4,0,9.09,41,0.0,0.0,0.0
113.0,1,pa_8,E7,25.0,5,0.0,0,0.0,0.0,0,0,5,3,85.0,4,0,9.09,41,0.0,0.0,0.0
113.0,1,pa_8_rev,NEG_E7,25.0,5,0.0,0,0.0,0.0,0,0,5,3,85.0,4,0,9.09,41,0.0,0.0,0.0
114.0,1,pa_2,E0,20.0,4,60.0,3,75.0,0.0,0,0,1,3,85.0,4,0,9.09,41,20.0,0.43,0.75
114.0,1,pa_2_rev,NEG_E0,20.0,4,0.0,0,0.0,0.0,0,0,4,3,85.0,4,0,9.09,41,0.0,0.0,0.0
114.0,1,pa_3,E1,20.0,4,0.0,0,0.0,0.0,0,0,4,3,85.0,4,0,9.09,41,0.0,0.0,0.0
114.0,1,pa_3_rev,NEG_E1,20.0,4,0.0,0,0.0,0.0,0,0,4,3,85.0,4,0,9.09,41,0.0,0.0,0.0
114.0,1,pa_6,E5,25.0,5,25.0,1,20.0,0.0,0,0,4,3,85.0,4,0,9.09,41,25.0,0.12,0.2
114.0,1,pa_6_rev,NEG_E5,25.0,5,0.0,0,0.0,0.0,0,0,5,3,85.0,4,0,9.09,41,0.0,0.0,0.0
114.0,1,pa_7,E6,20.0,4,0.0,0,0.0,0.0,0,0,4,2,85.0,4,0,9.09,41,0.0,0.0,0.0
114.0,1,pa_7_rev,NEG_E6,20.0,4,0.0,0,0.0,0.0,0,0,4,2,85.0,4,0,9.09,41,0.0,0.0,0.0
114.0,1,pa_8,E7,25.0,5,0.0,0,0.0,0.0,0,0,5,3,85.0,4,0,9.09,41,0.0,0.0,0.0
114.0,1,pa_8_rev,NEG_E7,25.0,5,0.0,0,0.0,0.0,0,0,5,3,85.0,4,0,9.09,41,0.0,0.0,0.0
115.0,1,pa_2,E0,20.0,4,60.0,3,75.0,0.0,0,0,1,3,85.0,4,0,9.09,41,20.0,0.43,0.75
115.0,1,pa_2_rev,NEG_E0,20.0,4,0.0,0,0.0,0.0,0,0,4,3,85.0,4,0,9.09,41,0.0,0.0,0.0
115.0,1,pa_3,E1,20.0,4,0.0,0,0.0,0.0,0,0,4,3,85.0,4,0,9.09,41,0.0,0.0,0.0
115.0,1,pa_3_rev,NEG_E1,20.0,4,0.0,0,0.0,0.0,0,0,4,3,85.0,4,0,9.09,41,0.0,0.0,0.0
115.0,1,pa_6,E5,25.0,5,25.0,1,20.0,0.0,0,0,4,3,85.0,4,0,9.09,41,25.0,0.12,0.2
115.0,1,pa_6_rev,NEG_E5,25.0,5,0.0,0,0.0,0.0,0,0,5,3,85.0,4,0,9.09,41,0.0,0.0,0.0
115.0,1,pa_7,E6,20.0,4,0.0,0,0.0,0.0,0,0,4,2,85.0,4,0,9.09,41,0.0,0.0,0.0
115.0,1,pa_7_rev,NEG_E6,20.0,4,0.0,0,0.0,0.0,0,0,4,2,85.0,4,0,9.09,41,0.0,0.0,0.0
115.0,1,pa_8,E7,25.0,5,0.0,0,0.0,0.0,0,0,5,3,85.0,4,0,9.09,41,0.0,0.0,0.0
115.0,1,pa_8_rev,NEG_E7,25.0,5,0.0,0,0.0,0.0,0,0,5,3,85.0,4,0,9.09,41,0.0,0.0,0.0
116.0,1,pa_2,E0,20.0,4,60.0,3,75.0,0.0,0,0,1,3,85.0,4,0,9.09,41,20.0,0.43,0.75
116.0,1,pa_2_rev,NEG_E0,20.0,4,0.0,0,0.0,0.0,0,0,4,3,85.0,4,0,9.09,41,0.0,0.0,0.0
116.0,1,pa_3,E1,20.0,4,0.0,0,0.0,0.0,0,0,4,3,85.0,4,0,9.09,41,0.0,0.0,0.0
116.0,1,pa_3_rev,NEG_E1,20.0,4,0.0,0,0.0,0.0,0,0,4,3,85.0,4,0,9.09,41,0.0,0.0,0.0
116.0,1,pa_6,E5,25.0,5,25.0,1,20.0,0.0,0,0,4,3,85.0,4,0,9.09,41,25.0,0.12,0.2
116.0,1,pa_6_rev,NEG_E5,25.0,5,0.0,0,0.0,0.0,0,0,5,3,85.0,4,0,9.09,41,0.0,0.0,0.0
116.0,1,pa_7,E6,20.0,4,0.0,0,0.0,0.0,0,0,4,2,85.0,4,0,9.09,41,0.0,0.0,0.0
116.0,1,pa_7_rev,NEG_E6,20.0,4,0.0,0,0.0,0.0,0,0,4,2,85.0,4,0,9.09,41,0.0,0.0,0.0
116.0,1,pa_8,E7,25.0,5,0.0,0,0.0,0.0,0,0,5,3,85.0,4,0,9.09,41,0.0,0.0,0.0
116.0,1,pa_8_rev,NEG_E7,25.0,5,0.0,0,0.0,0.0,0,0,5,3,85.0,4,0,9.09,41,0.0,0.0,0.0
117.0,1,pa_2,E0,20.0,4,60.0,3,75.0,0.0,0,0,1,3,85.0,4,0,9.09,41,20.0,0.43,0.75
117.0,1,pa_2_rev,NEG_E0,20.0,4,0.0,0,0.0,0.0,0,0,4,3,85.0,4,0,9.09,41,0.0,0.0,0.0
117.0,1,pa_3,E1,20.0,4,0.0,0,0.0,0.0,0,0,4,3,85.0,4,0,9.09,41,0.0,0.0,0.0
117.0,1,pa_3_rev,NEG_E1,20.0,4,0.0,0,0.0,0.0,0,0,4,3,85.0,4,0,9.09,41,0.0,0.0,0.0
117.0,1,pa_6,E5,25.0,5,25.0,1,20.0,0.0,0,0,4,3,85.0,4,0,9.09,41,25.0,0.12,0.2
117.0,1,pa_6_rev,NEG_E5,25.0,5,0.0,0,0.0,0.0,0,0,5,3,85.0,4,0,9.09,41,0.0,0.0,0.0
117.0,1,pa_7,E6,20.0,4,0.0,0,0.0,0.0,0,0,4,2,85.0,4,0,9.09,41,0.0,0.0,0.0
117.0,1,pa_7_rev,NEG_E6,20.0,4,0.0,0,0.0,0.0,0,0,4,2,85.0,4,0,9.09,41,0.0,0.0,0.0
117.0,1,pa_8,E7,25.0,5,0.0,0,0.0,0.0,0,0,5,3,85.0,4,0,9.09,41,0.0,0.0,0.0
117.0,1,pa_8_rev,NEG_E7,25.0,5,0.0,0,0.0,0.0,0,0,5,3,85.0,4,0,9.09,41,0.0,0.0,0.0
118.0,1,pa_2,E0,20.0,4,60.0,3,75.0,0.0,0,0,1,3,85.0,4,0,9.09,41,20.0,0.43,0.75
118.0,1,pa_2_rev,NEG_E0,20.0,4,0.0,0,0.0,0.0,0,0,4,3,85.0,4,0,9.09,41,0.0,0.0,0.0
118.0,1,pa_3,E1,20.0,4,0.0,0,0.0,0.0,0,0,4,3,85.0,4,0,9.09,41,0.0,0.0,0.0
118.0,1,pa_3_rev,NEG_E1,20.0,4,0.0,0,0.0,0.0,0,0,4,3,85.0,4,0,9.09,41,0.0,0.0,0.0
118.0,1,pa_6,E5,25.0,5,25.0,1,20.0,0.0,0,0,4,3,85.0,4,0,9.09,41,25.0,0.12,0.2
118.0,1,pa_6_rev,NEG_E5,25.0,5,0.0,0,0.0,0.0,0,0,5,3,85.0,4,0,9.09,41,0.0,0.0,0.0
118.0,1,pa_7,E6,20.0,4,0.0,0,0.0,0.0,0,0,4,2,85.0,4,0,9.09,41,0.0,0.0,0.0
118.0,1,pa_7_rev,NEG_E6,20.0,4,0.0,0,0.0,0.0,0,0,4,2,85.0,4,0,9.09,41,0.0,0.0,0.0
118.0,1,pa_8,E7,25.0,5,0.0,0,0.0,0.0,0,0,5,3,85.0,4,0,9.09,41,0.0,0.0,0.0
118.0,1,pa_8_rev,NEG_E7,25.0,5,0.0,0,0.0,0.0,0,0,5,3,85.0,4,0,9.09,41,0.0,0.0,0.0
119.0,1,pa_2,E0,20.0,4,60.0,3,75.0,0.0,0,0,1,3,85.0,4,0,9.09,41,20.0,0.43,0.75
119.0,1,pa_2_rev,NEG_E0,20.0,4,0.0,0,0.0,0.0,0,0,4,3,85.0,4,0,9.09,41,0.0,0.0,0.0
119.0,1,pa_3,E1,20.0,4,0.0,0,0.0,0.0,0,0,4,3,85.0,4,0,9.09,41,0.0,0.0,0.0
119.0,1,pa_3_rev,NEG_E1,20.0,4,0.0,0,0.0,0.0,0,0,4,3,85.0,4,0,9.09,41,0.0,0.0,0.0
119.0,1,pa_6,E5,25.0,5,25.0,1,20.0,0.0,0,0,4,3,85.0,4,0,9.09,41,25.0,0.12,0.2
119.0,1,pa_6_rev,NEG_E5,25.0,5,0.0,0,0.0,0.0,0,0,5,3,85.0,4,0,9.09,41,0.0,0.0,0.0
119.0,1,pa_7,E6,20.0,4,0.0,0,0.0,0.0,0,0,4,2,85.0,4,0,9.09,41,0.0,0.0,0.0
119.0,1,pa_7_rev,NEG_E6,20.0,4,0.0,0,0.0,0.0,0,0,4,2,85.0,4,0,9.09,41,0.0,0.0,0.0
119.0,1,pa_8,E7,25.0,5,0.0,0,0.0,0.0,0,0,5,3,85.0,4,0,9.09,41,0.0,0.0,0.0
119.0,1,pa_8_rev,NEG_E7,25.0,5,0.0,0,0.0,0.0,0,0,5,3,85.0,4,0,9.09,41,0.0,0.0,0.0
120.0,2,pa_2,E0,20.0,4,60.0,3,75.0,0.0,0,0,1,3,85.0,4,0,9.09,41,20.0,0.43,0.75
120.0,2,pa_2_rev,NEG_E0,20.0,4,0.0,0,0.0,0.0,0,0,4,3,85.0,4,0,9.09,41,0.0,0.0,0.0
120.0,2,pa_3,E1,20.0,4,0.0,0,0.0,0.0,0,0,4,3,85.0,4,0,9.09,41,0.0,0.0,0.0
120.0,2,pa_3_rev,NEG_E1,20.0,4,0.0,0,0.0,0.0,0,0,4,3,85.0,4,0,9.09,41,0.0,0.0,0.0
120.0,2,pa_6,E5,25.0,5,25.0,1,20.0,0.0,0,0,4,3,85.0,4,0,9.09,41,25.0,0.12,0.2
120.0,2,pa_6_rev,NEG_E5,25.0,5,0.0,0,0.0,0.0,0,0,5,3,85.0,4,0,9.09,41,0.0,0.0,0.0
120.0,2,pa_7,E6,20.0,4,0.0,0,0.0,0.0,0,0,4,2,85.0,4,0,9.09,41,0.0,0.0,0.0
120.0,2,pa_7_rev,NEG_E6,20.0,4,0.0,0,0.0,0.0,0,0,4,2,85.0,4,0,9.09,41,0.0,0.0,0.0
120.0,2,pa_8,E7,25.0,5,0.0,0,0.0,0.0,0,0,5,3,85.0,4,0,9.09,41,0.0,0.0,0.0
120.0,2,pa_8_rev,NEG_E7,25.0,5,0.0,0,0.0,0.0,0,0,5,3,85.0,4,0,9.09,41,0.0,0.0,0.0
121.0,2,pa_2,E0,20.0,4,60.0,3,75.0,0.0,0,0,1,3,85.0,4,0,9.09,44,20.0,0.43,0.75
121.0,2,pa_2_rev,NEG_E0,20.0,4,0.0,0,0.0,0.0,0,0,4,3,85.0,4,0,9.09,44,0.0,0.0,0.0
121.0,2,pa_3,E1,20.0,4,0.0,0,0.0,0.0,0,0,4,3,85.0,4,0,9.09,44,0.0,0.0,0.0
121.0,2,pa_3_rev,NEG_E1,20.0,4,0.0,0,0.0,0.0,0,0,4,3,85.0,4,0,9.09,44,0.0,0.0,0.0
121.0,2,pa_6,E5,25.0,5,25.0,1,20.0,0.0,0,0,4,3,85.0,4,0,9.09,44,25.0,0.12,0.2
121.0,2,pa_6_rev,NEG_E5,25.0,5,0.0,0,0.0,0.0,0,0,5,3,85.0,4,0,9.09,44,0.0,0.0,0.0
121.0,2,pa_7,E6,20.0,4,0.0,0,0.0,0.0,0,0,4,2,85.0,4,0,9.09,44,0.0,0.0,0.0
121.0,2,pa_7_rev,NEG_E6,20.0,4,0.0,0,0.0,0.0,0,0,4,2,85.0,4,0,9.09,44,0.0,0.0,0.0
121.0,2,pa_8,E7,25.0,5,0.0,0,0.0,0.0,0,0,5,3,85.0,4,0,9.09,44,0.0,0.0,0.0
121.0,2,pa_8_rev,NEG_E7,25.0,5,0.0,0,0.0,0.0,0,0,5,3,85.0,4,0,9.09,44,0.0,0.0,0.0
122.0,2,pa_2,E0,20.0,4,60.0,3,75.0,0.0,0,0,1,3,85.0,4,0,9.09,44,20.0,0.43,0.75
122.0,2,pa_2_rev,NEG_E0,20.0,4,0.0,0,0.0,0.0,0,0,4,3,85.0,4,0,9.09,44,0.0,0.0,0.0
122.0,2,pa_3,E1,20.0,4,0.0,0,0.0,0.0,0,0,4,3,85.0,4,0,9.09,44,0.0,0.0,0.0
122.0,2,pa_3_rev,NEG_E1,20.0,4,0.0,0,0.0,0.0,0,0,4,3,85.0,4,0,9.09,44,0.0,0.0,0.0
122.0,2,pa_6,E5,25.0,5,25.0,1,20.0,0.0,0,0,4,3,85.0,4,0,9.09,44,25.0,0.12,0.2
122.0,2,pa_6_rev,NEG_E5,25.0,5,0.0,0,0.0,0.0,0,0,5,3,85.0,4,0,9.09,44,0.0,0.0,0.0
122.0,2,pa_7,E6,20.0,4,0.0,0,0.0,0.0,0,0,4,2,85.0,4,0,9.09,44,0.0,0.0,0.0
122.0,2,pa_7_rev,NEG_E6,20.0,4,0.0,0,0.0,0.0,0,0,4,2,85.0,4,0,9.09,44,0.0,0.0,0.0
122.0,2,pa_8,E7,25.0,5,0.0,0,0.0,0.0,0,0,5,3,85.0,4,0,9.09,44,0.0,0.0,0.0
122.0,2,pa_8_rev,NEG_E7,25.0,5,0.0,0,0.0,0.0,0,0,5,3,85.0,4,0,9.09,44,0.0,0.0,0.0
123.0,2,pa_2,E0,20.0,4,60.0,3,75.0,0.0,0,0,1,3,85.0,4,0,9.09,46,20.0,0.43,0.75
123.0,2,pa_2_rev,NEG_E0,20.0,4,0.0,0,0.0,0.0,0,0,4,3,85.0,4,0,9.09,46,0.0,0.0,0.0
123.0,2,pa_3,E1,20.0,4,0.0,0,0.0,0.0,0,0,4,3,85.0,4,0,9.09,46,0.0,0.0,0.0
123.0,2,pa_3_rev,NEG_E1,20.0,4,0.0,0,0.0,0.0,0,0,4,3,85.0,4,0,9.09,46,0.0,0.0,0.0
123.0,2,pa_6,E5,25.0,5,25.0,1,20.0,0.0,0,0,4,3,85.0,4,0,9.09,46,25.0,0.12,0.2
123.0,2,pa_6_rev,NEG_E5,25.0,5,0.0,0,0.0,0.0,0,0,5,3,85.0,4,0,9.09,46,0.0,0.0,0.0
123.0,2,pa_7,E6,20.0,4,0.0,0,0.0,0.0,0,0,4,2,85.0,4,0,9.09,46,0.0,0.0,0.0
123.0,2,pa_7_rev,NEG_E6,20.0,4,0.0,0,0.0,0.0,0,0,4,2,85.0,4,0,9.09,46,0.0,0.0,0.0
123.0,2,pa_8,E7,25.0,5,0.0,0,0.0,0.0,0,0,5,3,85.0,4,0,9.09,46,0.0,0.0,0.0
123.0,2,pa_8_rev,NEG_E7,25.0,5,0.0,0,0.0,0.0,0,0,5,3,85.0,4,0,9.09,46,0.0,0.0,0.0
124.0,2,pa_2,E0,20.0,4,60.0,3,75.0,0.0,0,0,1,3,85.0,4,0,9.09,46,20.0,0.43,0.75
124.0,2,pa_2_rev,NEG_E0,20.0,4,0.0,0,0.0,0.0,0,0,4,3,85.0,4,0,9.09,46,0.0,0.0,0.0
124.0,2,pa_3,E1,20.0,4,0.0,0,0.0,0.0,0,0,4,3,85.0,4,0,9.09,46,0.0,0.0,0.0
124.0,2,pa_3_rev,NEG_E1,20.0,4,0.0,0,0.0,0.0,0,0,4,3,85.0,4,0,9.09,46,0.0,0.0,0.0
124.0,2,pa_6,E5,25.0,5,25.0,1,20.0,0.0,0,0,4,3,85.0,4,0,9.09,46,25.0,0.12,0.2
124.0,2,pa_6_rev,NEG_E5,25.0,5,0.0,0,0.0,0.0,0,0,5,3,85.0,4,0,9.09,46,0.0,0.0,0.0
124.0,2,pa_7,E6,20.0,4,0.0,0,0.0,0.0,0,0,4,2,85.0,4,0,9.09,46,0.0,0.0,0.0
124.0,2,pa_7_rev,NEG_E6,20.0,4,0.0,0,0.0,0.0,0,0,4,2,85.0,4,0,9.09,46,0.0,0.0,0.0
124.0,2,pa_8,E7,25.0,5,0.0,0,0.0,0.0,0,0,5,3,85.0,4,0,9.09,46,0.0,0.0,0.0
124.0,2,pa_8_rev,NEG_E7,25.0,5,0.0,0,0.0,0.0,0,0,5,3,85.0,4,0,9.09,46,0.0,0.0,0.0
125.0,2,pa_2,E0,20.0,4,60.0,3,75.0,0.0,0,0,1,3,85.0,4,0,9.09,46,20.0,0.43,0.75
125.0,2,pa_2_rev,NEG_E0,20.0,4,0.0,0,0.0,0.0,0,0,4,3,85.0,4,0,9.09,46,0.0,0.0,0.0
125.0,2,pa_3,E1,20.0,4,0.0,0,0.0,0.0,0,0,4,3,85.0,4,0,9.09,46,0.0,0.0,0.0
125.0,2,pa_3_rev,NEG_E1,20.0,4,0.0,0,0.0,0.0,0,0,4,3,85.0,4,0,9.09,46,0.0,0.0,0.0
125.0,2,pa_6,E5,25.0,5,25.0,1,20.0,0.0,0,0,4,3,85.0,4,0,9.09,46,25.0,0.12,0.2
125.0,2,pa_6_rev,NEG_E5,25.0,5,0.0,0,0.0,0.0,0,0,5,3,85.0,4,0,9.09,46,0.0,0.0,0.0
125.0,2,pa_7,E6,20.0,4,0.0,0,0.0,0.0,0,0,4,2,85.0,4,0,9.09,46,0.0,0.0,0.0
125.0,2,pa_7_rev,NEG_E6,20.0,4,0.0,0,0.0,0.0,0,0,4,2,85.0,4,0,9.09,46,0.0,0.0,0.0
125.0,2,pa_8,E7,25.0,5,0.0,0,0.0,0.0,0,0,5,3,85.0,4,0,9.09,46,0.0,0.0,0.0
125.0,2,pa_8_rev,NEG_E7,25.0,5,0.0,0,0.0,0.0,0,0,5,3,85.0,4,0,9.09,46,0.0,0.0,0.0
126.0,2,pa_2,E0,20.0,4,60.0,3,75.0,0.0,0,0,1,3,85.0,4,0,9.09,46,20.0,0.43,0.75
126.0,2,pa_2_rev,NEG_E0,20.0,4,0.0,0,0.0,0.0,0,0,4,3,85.0,4,0,9.09,46,0.0,0.0,0.0
126.0,2,pa_3,E1,20.0,4,0.0,0,0.0,0.0,0,0,4,3,85.0,4,0,9.09,46,0.0,0.0,0.0
126.0,2,pa_3_rev,NEG_E1,20.0,4,0.0,0,0.0,0.0,0,0,4,3,85.0,4,0,9.09,46,0.0,0.0,0.0
126.0,2,pa_6,E5,25.0,5,25.0,1,20.0,0.0,0,0,4,3,85.0,4,0,9.09,46,25.0,0.12,0.2
126.0,2,pa_6_rev,NEG_E5,25.0,5,0.0,0,0.0,0.0,0,0,5,3,85.0,4,0,9.09,46,0.0,0.0,0.0
126.0,2,pa_7,E6,20.0,4,0.0,0,0.0,0.0,0,0,4,2,85.0,4,0,9.09,46,0.0,0.0,0.0
126.0,2,pa_7_rev,NEG_E6,20.0,4,0.0,0,0.0,0.0,0,0,4,2,85.0,4,0,9.09,46,0.0,0.0,0.0
126.0,2,pa_8,E7,25.0,5,0.0,0,0.0,0.0,0,0,5,3,85.0,4,0,9.09,46,0.0,0.0,0.0
126.0,2,pa_8_rev,NEG_E7,25.0,5,0.0,0,0.0,0.0,0,0,5,3,85.0,4,0,9.09,46,0.0,0.0,0.0
127.0,2,pa_2,E0,20.0,4,60.0,3,75.0,0.0,0,0,1,3,85.0,4,0,9.09,46,20.0,0.43,0.75
127.0,2,pa_2_rev,NEG_E0,20.0,4,0.0,0,0.0,0.0,0,0,4,3,85.0,4,0,9.09,46,0.0,0.0,0.0
127.0,2,pa_3,E1,20.0,4,0.0,0,0.0,0.0,0,0,4,3,85.0,4,0,9.09,46,0.0,0.0,0.0
127.0,2,pa_3_rev,NEG_E1,20.0,4,0.0,0,0.0,0.0,0,0,4,3,85.0,4,0,9.09,46,0.0,0.0,0.0
127.0,2,pa_6,E5,25.0,5,25.0,1,20.0,0.0,0,0,4,3,85.0,4,0,9.09,46,25.0,0.12,0.2
127.0,2,pa_6_rev,NEG_E5,25.0,5,0.0,0,0.0,0.0,0,0,5,3,85.0,4,0,9.09,46,0.0,0.0,0.0
127.0,2,pa_7,E6,20.0,4,0.0,0,0.0,0.0,0,0,4,2,85.0,4,0,9.09,46,0.0,0.0,0.0
127.0,2,pa_7_rev,NEG_E6,20.0,4,0.0,0,0.0,0.0,0,0,4,2,85.0,4,0,9.09,46,0.0,0.0,0.0
127.0,2,pa_8,E7,25.0,5,0.0,0,0.0,0.0,0,0,5,3,85.0,4,0,9.09,46,0.0,0.0,0.0
127.0,2,pa_8_rev,NEG_E7,25.0,5,0.0,0,0.0,0.0,0,0,5,3,85.0,4,0,9.09,46,0.0,0.0,0.0
128.0,2,pa_2,E0,20.0,4,60.0,3,75.0,0.0,0,0,1,3,85.0,4,0,9.09,46,20.0,0.43,0.75
128.0,2,pa_2_rev,NEG_E0,20.0,4,0.0,0,0.0,0.0,0,0,4,3,85.0,4,0,9.09,46,0.0,0.0,0.0
128.0,2,pa_3,E1,20.0,4,0.0,0,0.0,0.0,0,0,4,3,85.0,4,0,9.09,46,0.0,0.0,0.0
128.0,2,pa_3_rev,NEG_E1,20.0,4,0.0,0,0.0,0.0,0,0,4,3,85.0,4,0,9.09,46,0.0,0.0,0.0
128.0,2,pa_6,E5,25.0,5,25.0,1,20.0,0.0,0,0,4,3,85.0,4,0,9.09,46,25.0,0.12,0.2
128.0,2,pa_6_rev,NEG_E5,25.0,5,0.0,0,0.0,0.0,0,0,5,3,85.0,4,0,9.09,46,0.0,0.0,0.0
128.0,2,pa_7,E6,20.0,4,0.0,0,0.0,0.0,0,0,4,2,85.0,4,0,9.09,46,0.0,0.0,0.0
128.0,2,pa_7_rev,NEG_E6,20.0,4,0.0,0,0.0,0.0,0,0,4,2,85.0,4,0,9.09,46,0.0,0.0,0.0
128.0,2,pa_8,E7,25.0,5,0.0,0,0.0,0.0,0,0,5,3,85.0,4,0,9.09,46,0.0,0.0,0.0
128.0,2,pa_8_rev,NEG_E7,25.0,5,0.0,0,0.0,0.0,0,0,5,3,85.0,4,0,9.09,46,0.0,0.0,0.0
129.0,2,pa_2,E0,20.0,4,60.0,3,75.0,0.0,0,0,1,3,85.0,4,0,9.09,46,20.0,0.43,0.75
129.0,2,pa_2_rev,NEG_E0,20.0,4,0.0,0,0.0,0.0,0,0,4,3,85.0,4,0,9.09,46,0.0,0.0,0.0
129.0,2,pa_3,E1,20.0,4,0.0,0,0.0,0.0,0,0,4,3,85.0,4,0,9.09,46,0.0,0.0,0.0
129.0,2,pa_3_rev,NEG_E1,20.0,4,0.0,0,0.0,0.0,0,0,4,3,85.0,4,0,9.09,46,0.0,0.0,0.0
129.0,2,pa_6,E5,25.0,5,25.0,1,20.0,0.0,0,0,4,3,85.0,4,0,9.09,46,25.0,0.12,0.2
129.0,2,pa_6_rev,NEG_E5,25.0,5,0.0,0,0.0,0.0,0,0,5,3,85.0,4,0,9.09,46,0.0,0.0,0.0
129.0,2,pa_7,E6,20.0,4,0.0,0,0.0,0.0,0,0,4,2,85.0,4,0,9.09,46,0.0,0.0,0.0
129.0,2,pa_7_rev,NEG_E6,20.0,4,0.0,0,0.0,0.0,0,0,4,2,85.0,4,0,9.09,46,0.0,0.0,0.0
129.0,2,pa_8,E7,25.0,5,0.0,0,0.0,0.0,0,0,5,3,85.0,4,0,9.09,46,0.0,0.0,0.0
129.0,2,pa_8_rev,NEG_E7,25.0,5,0.0,0,0.0,0.0,0,0,5,3,85.0,4,0,9.09,46,0.0,0.0,0.0
130.0,2,pa_2,E0,20.0,4,60.0,3,75.0,0.0,0,0,1,3,85.0,4,0,9.09,46,20.0,0.43,0.75
130.0,2,pa_2_rev,NEG_E0,20.0,4,0.0,0,0.0,0.0,0,0,4,3,85.0,4,0,9.09,46,0.0,0.0,0.0
130.0,2,pa_3,E1,20.0,4,0.0,0,0.0,0.0,0,0,4,3,85.0,4,0,9.09,46,0.0,0.0,0.0
130.0,2,pa_3_rev,NEG_E1,20.0,4,0.0,0,0.0,0.0,0,0,4,3,85.0,4,0,9.09,46,0.0,0.0,0.0
130.0,2,pa_6,E5,25.0,5,25.0,1,20.0,0.0,0,0,4,3,85.0,4,0,9.09,46,25.0,0.12,0.2
130.0,2,pa_6_rev,NEG_E5,25.0,5,0.0,0,0.0,0.0,0,0,5,3,85.0,4,0,9.09,46,0.0,0.0,0.0
130.0,2,pa_7,E6,20.0,4,0.0,0,0.0,0.0,0,0,4,2,85.0,4,0,9.09,46,0.0,0.0,0.0
130.0,2,pa_7_rev,NEG_E6,20.0,4,0.0,0,0.0,0.0,0,0,4,2,85.0,4,0,9.09,46,0.0,0.0,0.0
130.0,2,pa_8,E7,25.0,5,0.0,0,0.0,0.0,0,0,5,3,85.0,4,0,9.09,46,0.0,0.0,0.0
130.0,2,pa_8_rev,NEG_E7,25.0,5,0.0,0,0.0,0.0,0,0,5,3,85.0,4,0,9.09,46,0.0,0.0,0.0
131.0,2,pa_2,E0,20.0,4,60.0,3,75.0,0.0,0,0,1,3,85.0,4,0,9.09,46,20.0,0.43,0.75
131.0,2,pa_2_rev,NEG_E0,20.0,4,0.0,0,0.0,0.0,0,0,4,3,85.0,4,0,9.09,46,0.0,0.0,0.0
131.0,2,pa_3,E1,20.0,4,0.0,0,0.0,0.0,0,0,4,3,85.0,4,0,9.09,46,0.0,0.0,0.0
131.0,2,pa_3_rev,NEG_E1,20.0,4,0.0,0,0.0,0.0,0,0,4,3,85.0,4,0,9.09,46,0.0,0.0,0.0
131.0,2,pa_6,E5,25.0,5,25.0,1,20.0,0.0,0,0,4,3,85.0,4,0,9.09,46,25.0,0.12,0.2
131.0,2,pa_6_rev,NEG_E5,25.0,5,0.0,0,0.0,0.0,0,0,5,3,85.0,4,0,9.09,46,0.0,0.0,0.0
131.0,2,pa_7,E6,20.0,4,0.0,0,0.0,0.0,0,0,4,2,85.0,4,0,9.09,46,0.0,0.0,0.0
131.0,2,pa_7_rev,NEG_E6,20.0,4,0.0,0,0.0,0.0,0,0,4,2,85.0,4,0,9.09,46,0.0,0.0,0.0
131.0,2,pa_8,E7,25.0,5,0.0,0,0.0,0.0,0,0,5,3,85.0,4,0,9.09,46,0.0,0.0,0.0
131.0,2,pa_8_rev,NEG_E7,25.0,5,0.0,0,0.0,0.0,0,0,5,3,85.0,4,0,9.09,46,0.0,0.0,0.0
132.0,2,pa_2,E0,20.0,4,60.0,3,75.0,0.0,0,0,1,3,85.0,4,0,9.09,46,20.0,0.43,0.75
132.0,2,pa_2_rev,NEG_E0,20.0,4,0.0,0,0.0,0.0,0,0,4,3,85.0,4,0,9.09,46,0.0,0.0,0.0
132.0,2,pa_3,E1,20.0,4,0.0,0,0.0,0.0,0,0,4,3,85.0,4,0,9.09,46,0.0,0.0,0.0
132.0,2,pa_3_rev,NEG_E1,20.0,4,0.0,0,0.0,0.0,0,0,4,3,85.0,4,0,9.09,46,0.0,0.0,0.0
132.0,2,pa_6,E5,25.0,5,25.0,1,20.0,0.0,0,0,4,3,85.0,4,0,9.09,46,25.0,0.12,0.2
132.0,2,pa_6_rev,NEG_E5,25.0,5,0.0,0,0.0,0.0,0,0,5,3,85.0,4,0,9.09,46,0.0,0.0,0.0
132.0,2,pa_7,E6,20.0,4,0.0,0,0.0,0.0,0,0,4,2,85.0,4,0,9.09,46,0.0,0.0,0.0
132.0,2,pa_7_rev,NEG_E6,20.0,4,0.0,0,0.0,0.0,0,0,4,2,85.0,4,0,9.09,46,0.0,0.0,0.0
132.0,2,pa_8,E7,25.0,5,0.0,0,0.0,0.0,0,0,5,3,85.0,4,0,9.09,46,0.0,0.0,0.0
132.0,2,pa_8_rev,NEG_E7,25.0,5,0.0,0,0.0,0.0,0,0,5,3,85.0,4,0,9.09,46,0.0,0.0,0.0
133.0,2,pa_2,E0,20.0,4,60.0,3,75.0,0.0,0,0,1,3,85.0,4,0,9.09,46,20.0,0.43,0.75
133.0,2,pa_2_rev,NEG_E0,20.0,4,0.0,0,0.0,0.0,0,0,4,3,85.0,4,0,9.09,46,0.0,0.0,0.0
133.0,2,pa_3,E1,20.0,4,0.0,0,0.0,0.0,0,0,4,3,85.0,4,0,9.09,46,0.0,0.0,0.0
133.0,2,pa_3_rev,NEG_E1,20.0,4,0.0,0,0.0,0.0,0,0,4,3,85.0,4,0,9.09,46,0.0,0.0,0.0
133.0,2,pa_6,E5,25.0,5,25.0,1,20.0,0.0,0,0,4,3,85.0,4,0,9.09,46,25.0,0.12,0.2
133.0,2,pa_6_rev,NEG_E5,25.0,5,0.0,0,0.0,0.0,0,0,5,3,85.0,4,0,9.09,46,0.0,0.0,0.0
133.0,2,pa_7,E6,20.0,4,0.0,0,0.0,0.0,0,0,4,2,85.0,4,0,9.09,46,0.0,0.0,0.0
133.0,2,pa_7_rev,NEG_E6,20.0,4,0.0,0,0.0,0.0,0,0,4,2,85.0,4,0,9.09,46,0.0,0.0,0.0
133.0,2,pa_8,E7,25.0,5,0.0,0,0.0,0.0,0,0,5,3,85.0,4,0,9.09,46,0.0,0.0,0.0
133.0,2,pa_8_rev,NEG_E7,25.0,5,0.0,0,0.0,0.0,0,0,5,3,85.0,4,0,9.09,46,0.0,0.0,0.0
134.0,2,pa_2,E0,20.0,4,60.0,3,75.0,0.0,0,0,1,3,85.0,4,0,9.09,46,20.0,0.43,0.75
134.0,2,pa_2_rev,NEG_E0,20.0,4,0.0,0,0.0,0.0,0,0,4,3,85.0,4,0,9.09,46,0.0,0.0,0.0
134.0,2,pa_3,E1,20.0,4,0.0,0,0.0,0.0,0,0,4,3,85.0,4,0,9.09,46,0.0,0.0,0.0
134.0,2,pa_3_rev,NEG_E1,20.0,4,0.0,0,0.0,0.0,0,0,4,3,85.0,4,0,9.09,46,0.0,0.0,0.0
134.0,2,pa_6,E5,25.0,5,25.0,1,20.0,0.0,0,0,4,3,85.0,4,0,9.09,46,25.0,0.12,0.2
134.0,2,pa_6_rev,NEG_E5,25.0,5,0.0,0,0.0,0.0,0,0,5,3,85.0,4,0,9.09,46,0.0,0.0,0.0
134.0,2,pa_7,E6,20.0,4,0.0,0,0.0,0.0,0,0,4,2,85.0,4,0,9.09,46,0.0,0.0,0.0
134.0,2,pa_7_rev,NEG_E6,20.0,4,0.0,0,0.0,0.0,0,0,4,2,85.0,4,0,9.09,46,0.0,0.0,0.0
134.0,2,pa_8,E7,25.0,5,0.0,0,0.0,0.0,0,0,5,3,85.0,4,0,9.09,46,0.0,0.0,0.0
134.0,2,pa_8_rev,NEG_E7,25.0,5,0.0,0,0.0,0.0,0,0,5,3,85.0,4,0,9.09,46,0.0,0.0,0.0
135.0,2,pa_2,E0,20.0,4,60.0,3,75.0,0.0,0,0,1,3,85.0,4,0,9.09,46,20.0,0.43,0.75
135.0,2,pa_2_rev,NEG_E0,20.0,4,0.0,0,0.0,0.0,0,0,4,3,85.0,4,0,9.09,46,0.0,0.0,0.0
135.0,2,pa_3,E1,20.0,4,0.0,0,0.0,0.0,0,0,4,3,85.0,4,0,9.09,46,0.0,0.0,0.0
135.0,2,pa_3_rev,NEG_E1,20.0,4,0.0,0,0.0,0.0,0,0,4,3,85.0,4,0,9.09,46,0.0,0.0,0.0
135.0,2,pa_6,E5,25.0,5,25.0,1,20.0,0.0,0,0,4,3,85.0,4,0,9.09,46,25.0,0.12,0.2
135.0,2,pa_6_rev,NEG_E5,25.0,5,0.0,0,0.0,0.0,0,0,5,3,85.0,4,0,9.09,46,0.0,0.0,0.0
135.0,2,pa_7,E6,20.0,4,0.0,0,0.0,0.0,0,0,4,2,85.0,4,0,9.09,46,0.0,0.0,0.0
135.0,2,pa_7_rev,NEG_E6,20.0,4,0.0,0,0.0,0.0,0,0,4,2,85.0,4,0,9.09,46,0.0,0.0,0.0
135.0,2,pa_8,E7,25.0,5,0.0,0,0.0,0.0,0,0,5,3,85.0,4,0,9.09,46,0.0,0.0,0.0
135.0,2,pa_8_rev,NEG_E7,25.0,5,0.0,0,0.0,0.0,0,0,5,3,85.0,4,0,9.09,46,0.0,0.0,0.0
136.0,2,pa_2,E0,20.0,4,60.0,3,75.0,0.0,0,0,1,3,85.0,4,0,9.09,47,20.0,0.43,0.75
136.0,2,pa_2_rev,NEG_E0,20.0,4,0.0,0,0.0,0.0,0,0,4,3,85.0,4,0,9.09,47,0.0,0.0,0.0
136.0,2,pa_3,E1,20.0,4,0.0,0,0.0,0.0,0,0,4,3,85.0,4,0,9.09,47,0.0,0.0,0.0
136.0,2,pa_3_rev,NEG_E1,20.0,4,0.0,0,0.0,0.0,0,0,4,3,85.0,4,0,9.09,47,0.0,0.0,0.0
136.0,2,pa_6,E5,25.0,5,25.0,1,20.0,0.0,0,0,4,3,85.0,4,0,9.09,47,25.0,0.12,0.2
136.0,2,pa_6_rev,NEG_E5,25.0,5,0.0,0,0.0,0.0,0,0,5,3,85.0,4,0,9.09,47,0.0,0.0,0.0
136.0,2,pa_7,E6,20.0,4,0.0,0,0.0,0.0,0,0,4,2,85.0,4,0,9.09,47,0.0,0.0,0.0
136.0,2,pa_7_rev,NEG_E6,20.0,4,0.0,0,0.0,0.0,0,0,4,2,85.0,4,0,9.09,47,0.0,0.0,0.0
136.0,2,pa_8,E7,25.0,5,0.0,0,0.0,0.0,0,0,5,3,85.0,4,0,9.09,47,0.0,0.0,0.0
136.0,2,pa_8_rev,NEG_E7,25.0,5,0.0,0,0.0,0.0,0,0,5,3,85.0,4,0,9.09,47,0.0,0.0,0.0
137.0,2,pa_2,E0,20.0,4,60.0,3,75.0,0.0,0,0,1,3,85.0,4,0,9.09,47,20.0,0.43,0.75
137.0,2,pa_2_rev,NEG_E0,20.0,4,0.0,0,0.0,0.0,0,0,4,3,85.0,4,0,9.09,47,0.0,0.0,0.0
137.0,2,pa_3,E1,20.0,4,0.0,0,0.0,0.0,0,0,4,3,85.0,4,0,9.09,47,0.0,0.0,0.0
137.0,2,pa_3_rev,NEG_E1,20.0,4,0.0,0,0.0,0.0,0,0,4,3,85.0,4,0,9.09,47,0.0,0.0,0.0
137.0,2,pa_6,E5,25.0,5,25.0,1,20.0,0.0,0,0,4,3,85.0,4,0,9.09,47,25.0,0.12,0.2
137.0,2,pa_6_rev,NEG_E5,25.0,5,0.0,0,0.0,0.0,0,0,5,3,85.0,4,0,9.09,47,0.0,0.0,0.0
137.0,2,pa_7,E6,20.0,4,0.0,0,0.0,0.0,0,0,4,2,85.0,4,0,9.09,47,0.0,0.0,0.0
137.0,2,pa_7_rev,NEG_E6,20.0,4,0.0,0,0.0,0.0,0,0,4,2,85.0,4,0,9.09,47,0.0,0.0,0.0
137.0,2,pa_8,E7,25.0,5,0.0,0,0.0,0.0,0,0,5,3,85.0,4,0,9.09,47,0.0,0.0,0.0
137.0,2,pa_8_rev,NEG_E7,25.0,5,0.0,0,0.0,0.0,0,0,5,3,85.0,4,0,9.09,47,0.0,0.0,0.0
138.0,2,pa_2,E0,20.0,4,60.0,3,75.0,0.0,0,0,1,3,85.0,4,0,9.09,47,20.0,0.43,0.75
138.0,2,pa_2_rev,NEG_E0,20.0,4,0.0,0,0.0,0.0,0,0,4,3,85.0,4,0,9.09,47,0.0,0.0,0.0
138.0,2,pa_3,E1,20.0,4,0.0,0,0.0,0.0,0,0,4,3,85.0,4,0,9.09,47,0.0,0.0,0.0
138.0,2,pa_3_rev,NEG_E1,20.0,4,0.0,0,0.0,0.0,0,0,4,3,85.0,4,0,9.09,47,0.0,0.0,0.0
138.0,2,pa_6,E5,25.0,5,25.0,1,20.0,0.0,0,0,4,3,85.0,4,0,9.09,47,25.0,0.12,0.2
138.0,2,pa_6_rev,NEG_E5,25.0,5,0.0,0,0.0,0.0,0,0,5,3,85.0,4,0,9.09,47,0.0,0.0,0.0
138.0,2,pa_7,E6,20.0,4,0.0,0,0.0,0.0,0,0,4,2,85.0,4,0,9.09,47,0.0,0.0,0.0
138.0,2,pa_7_rev,NEG_E6,20.0,4,0.0,0,0.0,0.0,0,0,4,2,85.0,4,0,9.09,47,0.0,0.0,0.0
138.0,2,pa_8,E7,25.0,5,0.0,0,0.0,0.0,0,0,5,3,85.0,4,0,9.09,47,0.0,0.0,0.0
138.0,2,pa_8_rev,NEG_E7,25.0,5,0.0,0,0.0,0.0,0,0,5,3,85.0,4,0,9.09,47,0.0,0.0,0.0
139.0,2,pa_2,E0,20.0,4,60.0,3,75.0,0.0,0,0,1,3,85.0,4,0,9.09,47,20.0,0.43,0.75
139.0,2,pa_2_rev,NEG_E0,20.0,4,0.0,0,0.0,0.0,0,0,4,3,85.0,4,0,9.09,47,0.0,0.0,0.0
139.0,2,pa_3,E1,20.0,4,0.0,0,0.0,0.0,0,0,4,3,85.0,4,0,9.09,47,0.0,0.0,0.0
139.0,2,pa_3_rev,NEG_E1,20.0,4,0.0,0,0.0,0.0,0,0,4,3,85.0,4,0,9.09,47,0.0,0.0,0.0
139.0,2,pa_6,E5,25.0,5,25.0,1,20.0,0.0,0,0,4,3,85.0,4,0,9.09,47,25.0,0.12,0.2
139.0,2,pa_6_rev,NEG_E5,25.0,5,0.0,0,0.0,0.0,0,0,5,3,85.0,4,0,9.09,47,0.0,0.0,0.0
139.0,2,pa_7,E6,20.0,4,0.0,0,0.0,0.0,0,0,4,2,85.0,4,0,9.09,47,0.0,0.0,0.0
139.0,2,pa_7_rev,NEG_E6,20.0,4,0.0,0,0.0,0.0,0,0,4,2,85.0,4,0,9.09,47,0.0,0.0,0.0
139.0,2,pa_8,E7,25.0,5,0.0,0,0.0,0.0,0,0,5,3,85.0,4,0,9.09,47,0.0,0.0,0.0
139.0,2,pa_8_rev,NEG_E7,25.0,5,0.0,0,0.0,0.0,0,0,5,3,85.0,4,0,9.09,47,0.0,0.0,0.0
140.0,2,pa_2,E0,20.0,4,60.0,3,75.0,0.0,0,0,1,3,85.0,4,0,9.09,47,20.0,0.43,0.75
140.0,2,pa_2_rev,NEG_E0,20.0,4,0.0,0,0.0,0.0,0,0,4,3,85.0,4,0,9.09,47,0.0,0.0,0.0
140.0,2,pa_3,E1,20.0,4,0.0,0,0.0,0.0,0,0,4,3,85.0,4,0,9.09,47,0.0,0.0,0.0
140.0,2,pa_3_rev,NEG_E1,20.0,4,0.0,0,0.0,0.0,0,0,4,3,85.0,4,0,9.09,47,0.0,0.0,0.0
140.0,2,pa_6,E5,25.0,5,25.0,1,20.0,0.0,0,0,4,3,85.0,4,0,9.09,47,25.0,0.12,0.2
140.0,2,pa_6_rev,NEG_E5,25.0,5,0.0,0,0.0,0.0,0,0,5,3,85.0,4,0,9.09,47,0.0,0.0,0.0
140.0,2,pa_7,E6,20.0,4,0.0,0,0.0,0.0,0,0,4,2,85.0,4,0,9.09,47,0.0,0.0,0.0
140.0,2,pa_7_rev,NEG_E6,20.0,4,0.0,0,0.0,0.0,0,0,4,2,85.0,4,0,9.09,47,0.0,0.0,0.0
140.0,2,pa_8,E7,25.0,5,0.0,0,0.0,0.0,0,0,5,3,85.0,4,0,9.09,47,0.0,0.0,0.0
140.0,2,pa_8_rev,NEG_E7,25.0,5,0.0,0,0.0,0.0,0,0,5,3,85.0,4,0,9.09,47,0.0,0.0,0.0
141.0,2,pa_2,E0,20.0,4,60.0,3,75.0,0.0,0,0,1,3,85.0,4,0,9.09,47,20.0,0.43,0.75
141.0,2,pa_2_rev,NEG_E0,20.0,4,0.0,0,0.0,0.0,0,0,4,3,85.0,4,0,9.09,47,0.0,0.0,0.0
141.0,2,pa_3,E1,20.0,4,0.0,0,0.0,0.0,0,0,4,3,85.0,4,0,9.09,47,0.0,0.0,0.0
141.0,2,pa_3_rev,NEG_E1,20.0,4,0.0,0,0.0,0.0,0,0,4,3,85.0,4,0,9.09,47,0.0,0.0,0.0
141.0,2,pa_6,E5,25.0,5,25.0,1,20.0,0.0,0,0,4,3,85.0,4,0,9.09,47,25.0,0.12,0.2
141.0,2,pa_6_rev,NEG_E5,25.0,5,0.0,0,0.0,0.0,0,0,5,3,85.0,4,0,9.09,47,0.0,0.0,0.0
141.0,2,pa_7,E6,20.0,4,0.0,0,0.0,0.0,0,0,4,2,85.0,4,0,9.09,47,0.0,0.0,0.0
141.0,2,pa_7_rev,NEG_E6,20.0,4,0.0,0,0.0,0.0,0,0,4,2,85.0,4,0,9.09,47,0.0,0.0,0.0
141.0,2,pa_8,E7,25.0,5,0.0,0,0.0,0.0,0,0,5,3,85.0,4,0,9.09,47,0.0,0.0,0.0
141.0,2,pa_8_rev,NEG_E7,25.0,5,0.0,0,0.0,0.0,0,0,5,3,85.0,4,0,9.09,47,0.0,0.0,0.0
142.0,2,pa_2,E0,20.0,4,60.0,3,75.0,0.0,0,0,1,3,110.0,5,0,11.36,47,20.0,0.43,0.75
142.0,2,pa_2_rev,NEG_E0,20.0,4,0.0,0,0.0,0.0,0,0,4,3,110.0,5,0,11.36,47,0.0,0.0,0.0
142.0,2,pa_3,E1,20.0,4,0.0,0,0.0,0.0,0,0,4,3,110.0,5,0,11.36,47,0.0,0.0,0.0
142.0,2,pa_3_rev,NEG_E1,20.0,4,0.0,0,0.0,0.0,0,0,4,3,110.0,5,0,11.36,47,0.0,0.0,0.0
142.0,2,pa_6,E5,25.0,5,25.0,1,20.0,0.0,0,0,4,3,110.0,5,0,11.36,47,25.0,0.12,0.2
142.0,2,pa_6_rev,NEG_E5,25.0,5,0.0,0,0.0,0.0,0,0,5,3,110.0,5,0,11.36,47,0.0,0.0,0.0
142.0,2,pa_7,E6,20.0,4,0.0,0,0.0,0.0,0,0,4,2,110.0,5,0,11.36,47,0.0,0.0,0.0
142.0,2,pa_7_rev,NEG_E6,20.0,4,0.0,0,0.0,0.0,0,0,4,2,110.0,5,0,11.36,47,0.0,0.0,0.0
142.0,2,pa_8,E7,25.0,5,0.0,0,0.0,0.0,0,0,5,3,110.0,5,0,11.36,47,0.0,0.0,0.0
142.0,2,pa_8_rev,NEG_E7,25.0,5,25.0,1,20.0,0.0,0,0,4,3,110.0,5,0,11.36,47,25.0,0.12,0.2
143.0,2,pa_2,E0,20.0,4,80.0,4,100.0,0.0,0,0,0,3,130.0,6,0,13.64,47,20.0,0.57,1.0
143.0,2,pa_2_rev,NEG_E0,20.0,4,0.0,0,0.0,0.0,0,0,4,3,130.0,6,0,13.64,47,0.0,0.0,0.0
143.0,2,pa_3,E1,20.0,4,0.0,0,0.0,0.0,0,0,4,3,130.0,6,0,13.64,47,0.0,0.0,0.0
143.0,2,pa_3_rev,NEG_E1,20.0,4,0.0,0,0.0,0.0,0,0,4,3,130.0,6,0,13.64,47,0.0,0.0,0.0
143.0,2,pa_6,E5,25.0,5,25.0,1,20.0,0.0,0,0,4,3,130.0,6,0,13.64,47,25.0,0.12,0.2
143.0,2,pa_6_rev,NEG_E5,25.0,5,0.0,0,0.0,0.0,0,0,5,3,130.0,6,0,13.64,47,0.0,0.0,0.0
143.0,2,pa_7,E6,20.0,4,0.0,0,0.0,0.0,0,0,4,2,130.0,6,0,13.64,47,0.0,0.0,0.0
143.0,2,pa_7_rev,NEG_E6,20.0,4,0.0,0,0.0,0.0,0,0,4,2,130.0,6,0,13.64,47,0.0,0.0,0.0
143.0,2,pa_8,E7,25.0,5,0.0,0,0.0,0.0,0,0,5,3,130.0,6,0,13.64,47,0.0,0.0,0.0
143.0,2,pa_8_rev,NEG_E7,25.0,5,25.0,1,20.0,0.0,0,0,4,3,130.0,6,0,13.64,47,25.0,0.12,0.2
144.0,2,pa_2,E0,20.0,4,80.0,4,100.0,0.0,0,0,0,3,130.0,6,0,13.64,47,20.0,0.57,1.0
144.0,2,pa_2_rev,NEG_E0,20.0,4,0.0,0,0.0,0.0,0,0,4,3,130.0,6,0,13.64,47,0.0,0.0,0.0
144.0,2,pa_3,E1,20.0,4,0.0,0,0.0,0.0,0,0,4,3,130.0,6,0,13.64,47,0.0,0.0,0.0
144.0,2,pa_3_rev,NEG_E1,20.0,4,0.0,0,0.0,0.0,0,0,4,3,130.0,6,0,13.64,47,0.0,0.0,0.0
144.0,2,pa_6,E5,25.0,5,25.0,1,20.0,0.0,0,0,4,3,130.0,6,0,13.64,47,25.0,0.12,0.2
144.0,2,pa_6_rev,NEG_E5,25.0,5,0.0,0,0.0,0.0,0,0,5,3,130.0,6,0,13.64,47,0.0,0.0,0.0
144.0,2,pa_7,E6,20.0,4,0.0,0,0.0,0.0,0,0,4,2,130.0,6,0,13.64,47,0.0,0.0,0.0
144.0,2,pa_7_rev,NEG_E6,20.0,4,0.0,0,0.0,0.0,0,0,4,2,130.0,6,0,13.64,47,0.0,0.0,0.0
144.0,2,pa_8,E7,25.0,5,0.0,0,0.0,0.0,0,0,5,3,130.0,6,0,13.64,47,0.0,0.0,0.0
144.0,2,pa_8_rev,NEG_E7,25.0,5,25.0,1,20.0,0.0,0,0,4,3,130.0,6,0,13.64,47,25.0,0.12,0.2
145.0,2,pa_2,E0,20.0,4,80.0,4,100.0,0.0,0,0,0,3,130.0,6,0,13.64,52,20.0,0.57,1.0
145.0,2,pa_2_rev,NEG_E0,20.0,4,0.0,0,0.0,0.0,0,0,4,3,130.0,6,0,13.64,52,0.0,0.0,0.0
145.0,2,pa_3,E1,20.0,4,0.0,0,0.0,0.0,0,0,4,3,130.0,6,0,13.64,52,0.0,0.0,0.0
145.0,2,pa_3_rev,NEG_E1,20.0,4,0.0,0,0.0,0.0,0,0,4,3,130.0,6,0,13.64,52,0.0,0.0,0.0
145.0,2,pa_6,E5,25.0,5,25.0,1,20.0,0.0,0,0,4,3,130.0,6,0,13.64,52,25.0,0.12,0.2
145.0,2,pa_6_rev,NEG_E5,25.0,5,0.0,0,0.0,0.0,0,0,5,3,130.0,6,0,13.64,52,0.0,0.0,0.0
145.0,2,pa_7,E6,20.0,4,0.0,0,0.0,0.0,0,0,4,2,130.0,6,0,13.64,52,0.0,0.0,0.0
145.0,2,pa_7_rev,NEG_E6,20.0,4,0.0,0,0.0,0.0,0,0,4,2,130.0,6,0,13.64,52,0.0,0.0,0.0
145.0,2,pa_8,E7,25.0,5,0.0,0,0.0,0.0,0,0,5,3,130.0,6,0,13.64,52,0.0,0.0,0.0
145.0,2,pa_8_rev,NEG_E7,25.0,5,25.0,1,20.0,0.0,0,0,4,3,130.0,6,0,13.64,52,25.0,0.12,0.2
146.0,2,pa_2,E0,20.0,4,80.0,4,100.0,0.0,0,0,0,3,130.0,6,0,13.64,52,20.0,0.57,1.0
146.0,2,pa_2_rev,NEG_E0,20.0,4,0.0,0,0.0,0.0,0,0,4,3,130.0,6,0,13.64,52,0.0,0.0,0.0
146.0,2,pa_3,E1,20.0,4,0.0,0,0.0,0.0,0,0,4,3,130.0,6,0,13.64,52,0.0,0.0,0.0
146.0,2,pa_3_rev,NEG_E1,20.0,4,0.0,0,0.0,0.0,0,0,4,3,130.0,6,0,13.64,52,0.0,0.0,0.0
146.0,2,pa_6,E5,25.0,5,25.0,1,20.0,0.0,0,0,4,3,130.0,6,0,13.64,52,25.0,0.12,0.2
146.0,2,pa_6_rev,NEG_E5,25.0,5,0.0,0,0.0,0.0,0,0,5,3,130.0,6,0,13.64,52,0.0,0.0,0.0
146.0,2,pa_7,E6,20.0,4,0.0,0,0.0,0.0,0,0,4,2,130.0,6,0,13.64,52,0.0,0.0,0.0
146.0,2,pa_7_rev,NEG_E6,20.0,4,0.0,0,0.0,0.0,0,0,4,2,130.0,6,0,13.64,52,0.0,0.0,0.0
146.0,2,pa_8,E7,25.0,5,0.0,0,0.0,0.0,0,0,5,3,130.0,6,0,13.64,52,0.0,0.0,0.0
146.0,2,pa_8_rev,NEG_E7,25.0,5,25.0,1,20.0,0.0,0,0,4,3,130.0,6,0,13.64,52,25.0,0.12,0.2
147.0,2,pa_2,E0,20.0,4,80.0,4,100.0,0.0,0,0,0,3,130.0,6,0,13.64,52,20.0,0.57,1.0
147.0,2,pa_2_rev,NEG_E0,20.0,4,0.0,0,0.0,0.0,0,0,4,3,130.0,6,0,13.64,52,0.0,0.0,0.0
147.0,2,pa_3,E1,20.0,4,0.0,0,0.0,0.0,0,0,4,3,130.0,6,0,13.64,52,0.0,0.0,0.0
147.0,2,pa_3_rev,NEG_E1,20.0,4,0.0,0,0.0,0.0,0,0,4,3,130.0,6,0,13.64,52,0.0,0.0,0.0
147.0,2,pa_6,E5,25.0,5,25.0,1,20.0,0.0,0,0,4,3,130.0,6,0,13.64,52,25.0,0.12,0.2
147.0,2,pa_6_rev,NEG_E5,25.0,5,0.0,0,0.0,0.0,0,0,5,3,130.0,6,0,13.64,52,0.0,0.0,0.0
147.0,2,pa_7,E6,20.0,4,0.0,0,0.0,0.0,0,0,4,2,130.0,6,0,13.64,52,0.0,0.0,0.0
147.0,2,pa_7_rev,NEG_E6,20.0,4,0.0,0,0.0,0.0,0,0,4,2,130.0,6,0,13.64,52,0.0,0.0,0.0
147.0,2,pa_8,E7,25.0,5,0.0,0,0.0,0.0,0,0,5,3,130.0,6,0,13.64,52,0.0,0.0,0.0
147.0,2,pa_8_rev,NEG_E7,25.0,5,25.0,1,20.0,0.0,0,0,4,3,130.0,6,0,13.64,52,25.0,0.12,0.2
148.0,2,pa_2,E0,20.0,4,80.0,4,100.0,0.0,0,0,0,3,155.0,7,0,15.91,52,20.0,0.57,1.0
148.0,2,pa_2_rev,NEG_E0,20.0,4,0.0,0,0.0,0.0,0,0,4,3,155.0,7,0,15.91,52,0.0,0.0,0.0
148.0,2,pa_3,E1,20.0,4,0.0,0,0.0,0.0,0,0,4,3,155.0,7,0,15.91,52,0.0,0.0,0.0
148.0,2,pa_3_rev,NEG_E1,20.0,4,0.0,0,0.0,0.0,0,0,4,3,155.0,7,0,15.91,52,0.0,0.0,0.0
148.0,2,pa_6,E5,25.0,5,25.0,1,20.0,0.0,0,0,4,3,155.0,7,0,15.91,52,25.0,0.12,0.2
148.0,2,pa_6_rev,NEG_E5,25.0,5,0.0,0,0.0,0.0,0,0,5,3,155.0,7,0,15.91,52,0.0,0.0,0.0
148.0,2,pa_7,E6,20.0,4,0.0,0,0.0,0.0,0,0,4,2,155.0,7,0,15.91,52,0.0,0.0,0.0
148.0,2,pa_7_rev,NEG_E6,20.0,4,0.0,0,0.0,0.0,0,0,4,2,155.0,7,0,15.91,52,0.0,0.0,0.0
148.0,2,pa_8,E7,25.0,5,0.0,0,0.0,0.0,0,0,5,3,155.0,7,0,15.91,52,0.0,0.0,0.0
148.0,2,pa_8_rev,NEG_E7,25.0,5,50.0,2,40.0,0.0,0,0,3,3,155.0,7,0,15.91,52,25.0,0.25,0.4
149.0,2,pa_2,E0,20.0,4,80.0,4,100.0,0.0,0,0,0,3,155.0,7,0,15.91,52,20.0,0.57,1.0
149.0,2,pa_2_rev,NEG_E0,20.0,4,0.0,0,0.0,0.0,0,0,4,3,155.0,7,0,15.91,52,0.0,0.0,0.0
149.0,2,pa_3,E1,20.0,4,0.0,0,0.0,0.0,0,0,4,3,155.0,7,0,15.91,52,0.0,0.0,0.0
149.0,2,pa_3_rev,NEG_E1,20.0,4,0.0,0,0.0,0.0,0,0,4,3,155.0,7,0,15.91,52,0.0,0.0,0.0
149.0,2,pa_6,E5,25.0,5,25.0,1,20.0,0.0,0,0,4,3,155.0,7,0,15.91,52,25.0,0.12,0.2
149.0,2,pa_6_rev,NEG_E5,25.0,5,0.0,0,0.0,0.0,0,0,5,3,155.0,7,0,15.91,52,0.0,0.0,0.0
149.0,2,pa_7,E6,20.0,4,0.0,0,0.0,0.0,0,0,4,2,155.0,7,0,15.91,52,0.0,0.0,0.0
149.0,2,pa_7_rev,NEG_E6,20.0,4,0.0,0,0.0,0.0,0,0,4,2,155.0,7,0,15.91,52,0.0,0.0,0.0
149.0,2,pa_8,E7,25.0,5,0.0,0,0.0,0.0,0,0,5,3,155.0,7,0,15.91,52,0.0,0.0,0.0
149.0,2,pa_8_rev,NEG_E7,25.0,5,50.0,2,40.0,0.0,0,0,3,3,155.0,7,0,15.91,52,25.0,0.25,0.4
150.0,2,pa_2,E0,20.0,4,80.0,4,100.0,0.0,0,0,0,3,155.0,7,0,15.91,52,20.0,0.57,1.0
150.0,2,pa_2_rev,NEG_E0,20.0,4,0.0,0,0.0,0.0,0,0,4,3,155.0,7,0,15.91,52,0.0,0.0,0.0
150.0,2,pa_3,E1,20.0,4,0.0,0,0.0,0.0,0,0,4,3,155.0,7,0,15.91,52,0.0,0.0,0.0
150.0,2,pa_3_rev,NEG_E1,20.0,4,0.0,0,0.0,0.0,0,0,4,3,155.0,7,0,15.91,52,0.0,0.0,0.0
150.0,2,pa_6,E5,25.0,5,25.0,1,20.0,0.0,0,0,4,3,155.0,7,0,15.91,52,25.0,0.12,0.2
150.0,2,pa_6_rev,NEG_E5,25.0,5,0.0,0,0.0,0.0,0,0,5,3,155.0,7,0,15.91,52,0.0,0.0,0.0
150.0,2,pa_7,E6,20.0,4,0.0,0,0.0,0.0,0,0,4,2,155.0,7,0,15.91,52,0.0,0.0,0.0
150.0,2,pa_7_rev,NEG_E6,20.0,4,0.0,0,0.0,0.0,0,0,4,2,155.0,7,0,15.91,52,0.0,0.0,0.0
150.0,2,pa_8,E7,25.0,5,0.0,0,0.0,0.0,0,0,5,3,155.0,7,0,15.91,52,0.0,0.0,0.0
150.0,2,pa_8_rev,NEG_E7,25.0,5,50.0,2,40.0,0.0,0,0,3,3,155.0,7,0,15.91,52,25.0,0.25,0.4
151.0,2,pa_2,E0,20.0,4,80.0,4,100.0,33.33,1,1,0,2,155.0,7,1,15.91,52,20.0,0.71,1.0
151.0,2,pa_2_rev,NEG_E0,20.0,4,0.0,0,0.0,0.0,0,0,4,3,155.0,7,1,15.91,52,0.0,0.0,0.0
151.0,2,pa_3,E1,20.0,4,0.0,0,0.0,0.0,0,0,4,3,155.0,7,1,15.91,52,0.0,0.0,0.0
151.0,2,pa_3_rev,NEG_E1,20.0,4,0.0,0,0.0,0.0,0,0,4,3,155.0,7,1,15.91,52,0.0,0.0,0.0
151.0,2,pa_6,E5,25.0,5,25.0,1,20.0,0.0,0,0,4,3,155.0,7,1,15.91,52,25.0,0.12,0.2
151.0,2,pa_6_rev,NEG_E5,25.0,5,0.0,0,0.0,0.0,0,0,5,3,155.0,7,1,15.91,52,0.0,0.0,0.0
151.0,2,pa_7,E6,20.0,4,0.0,0,0.0,0.0,0,0,4,2,155.0,7,1,15.91,52,0.0,0.0,0.0
151.0,2,pa_7_rev,NEG_E6,20.0,4,0.0,0,0.0,0.0,0,0,4,2,155.0,7,1,15.91,52,0.0,0.0,0.0
151.0,2,pa_8,E7,25.0,5,0.0,0,0.0,0.0,0,0,5,3,155.0,7,1,15.91,52,0.0,0.0,0.0
151.0,2,pa_8_rev,NEG_E7,25.0,5,50.0,2,40.0,0.0,0,0,3,3,155.0,7,1,15.91,52,25.0,0.25,0.4
152.0,2,pa_2,E0,20.0,4,80.0,4,100.0,33.33,1,1,0,2,155.0,7,1,15.91,52,20.0,0.71,1.0
152.0,2,pa_2_rev,NEG_E0,20.0,4,0.0,0,0.0,0.0,0,0,4,3,155.0,7,1,15.91,52,0.0,0.0,0.0
152.0,2,pa_3,E1,20.0,4,0.0,0,0.0,0.0,0,0,4,3,155.0,7,1,15.91,52,0.0,0.0,0.0
152.0,2,pa_3_rev,NEG_E1,20.0,4,0.0,0,0.0,0.0,0,0,4,3,155.0,7,1,15.91,52,0.0,0.0,0.0
152.0,2,pa_6,E5,25.0,5,25.0,1,20.0,0.0,0,0,4,3,155.0,7,1,15.91,52,25.0,0.12,0.2
152.0,2,pa_6_rev,NEG_E5,25.0,5,0.0,0,0.0,0.0,0,0,5,3,155.0,7,1,15.91,52,0.0,0.0,0.0
152.0,2,pa_7,E6,20.0,4,0.0,0,0.0,0.0,0,0,4,2,155.0,7,1,15.91,52,0.0,0.0,0.0
152.0,2,pa_7_rev,NEG_E6,20.0,4,0.0,0,0.0,0.0,0,0,4,2,155.0,7,1,15.91,52,0.0,0.0,0.0
152.0,2,pa_8,E7,25.0,5,0.0,0,0.0,0.0,0,0,5,3,155.0,7,1,15.91,52,0.0,0.0,0.0
152.0,2,pa_8_rev,NEG_E7,25.0,5,50.0,2,40.0,0.0,0,0,3,3,155.0,7,1,15.91,52,25.0,0.25,0.4
153.0,2,pa_2,E0,20.0,4,80.0,4,100.0,33.33,1,1,0,2,155.0,7,1,15.91,52,20.0,0.71,1.0
153.0,2,pa_2_rev,NEG_E0,20.0,4,0.0,0,0.0,0.0,0,0,4,3,155.0,7,1,15.91,52,0.0,0.0,0.0
153.0,2,pa_3,E1,20.0,4,0.0,0,0.0,0.0,0,0,4,3,155.0,7,1,15.91,52,0.0,0.0,0.0
153.0,2,pa_3_rev,NEG_E1,20.0,4,0.0,0,0.0,0.0,0,0,4,3,155.0,7,1,15.91,52,0.0,0.0,0.0
153.0,2,pa_6,E5,25.0,5,25.0,1,20.0,0.0,0,0,4,3,155.0,7,1,15.91,52,25.0,0.12,0.2
153.0,2,pa_6_rev,NEG_E5,25.0,5,0.0,0,0.0,0.0,0,0,5,3,155.0,7,1,15.91,52,0.0,0.0,0.0
153.0,2,pa_7,E6,20.0,4,0.0,0,0.0,0.0,0,0,4,2,155.0,7,1,15.91,52,0.0,0.0,0.0
153.0,2,pa_7_rev,NEG_E6,20.0,4,0.0,0,0.0,0.0,0,0,4,2,155.0,7,1,15.91,52,0.0,0.0,0.0
153.0,2,pa_8,E7,25.0,5,0.0,0,0.0,0.0,0,0,5,3,155.0,7,1,15.91,52,0.0,0.0,0.0
153.0,2,pa_8_rev,NEG_E7,25.0,5,50.0,2,40.0,0.0,0,0,3,3,155.0,7,1,15.91,52,25.0,0.25,0.4
154.0,2,pa_2,E0,20.0,4,80.0,4,100.0,33.33,1,1,0,2,155.0,7,1,15.91,52,20.0,0.71,1.0
154.0,2,pa_2_rev,NEG_E0,20.0,4,0.0,0,0.0,0.0,0,0,4,3,155.0,7,1,15.91,52,0.0,0.0,0.0
154.0,2,pa_3,E1,20.0,4,0.0,0,0.0,0.0,0,0,4,3,155.0,7,1,15.91,52,0.0,0.0,0.0
154.0,2,pa_3_rev,NEG_E1,20.0,4,0.0,0,0.0,0.0,0,0,4,3,155.0,7,1,15.91,52,0.0,0.0,0.0
154.0,2,pa_6,E5,25.0,5,25.0,1,20.0,0.0,0,0,4,3,155.0,7,1,15.91,52,25.0,0.12,0.2
154.0,2,pa_6_rev,NEG_E5,25.0,5,0.0,0,0.0,0.0,0,0,5,3,155.0,7,1,15.91,52,0.0,0.0,0.0
154.0,2,pa_7,E6,20.0,4,0.0,0,0.0,0.0,0,0,4,2,155.0,7,1,15.91,52,0.0,0.0,0.0
154.0,2,pa_7_rev,NEG_E6,20.0,4,0.0,0,0.0,0.0,0,0,4,2,155.0,7,1,15.91,52,0.0,0.0,0.0
154.0,2,pa_8,E7,25.0,5,0.0,0,0.0,0.0,0,0,5,3,155.0,7,1,15.91,52,0.0,0.0,0.0
154.0,2,pa_8_rev,NEG_E7,25.0,5,50.0,2,40.0,0.0,0,0,3,3,155.0,7,1,15.91,52,25.0,0.25,0.4
155.0,2,pa_2,E0,20.0,4,80.0,4,100.0,33.33,1,1,0,2,155.0,7,1,15.91,54,20.0,0.71,1.0
155.0,2,pa_2_rev,NEG_E0,20.0,4,0.0,0,0.0,0.0,0,0,4,3,155.0,7,1,15.91,54,0.0,0.0,0.0
155.0,2,pa_3,E1,20.0,4,0.0,0,0.0,0.0,0,0,4,3,155.0,7,1,15.91,54,0.0,0.0,0.0
155.0,2,pa_3_rev,NEG_E1,20.0,4,0.0,0,0.0,0.0,0,0,4,3,155.0,7,1,15.91,54,0.0,0.0,0.0
155.0,2,pa_6,E5,25.0,5,25.0,1,20.0,0.0,0,0,4,3,155.0,7,1,15.91,54,25.0,0.12,0.2
155.0,2,pa_6_rev,NEG_E5,25.0,5,0.0,0,0.0,0.0,0,0,5,3,155.0,7,1,15.91,54,0.0,0.0,0.0
155.0,2,pa_7,E6,20.0,4,0.0,0,0.0,0.0,0,0,4,2,155.0,7,1,15.91,54,0.0,0.0,0.0
155.0,2,pa_7_rev,NEG_E6,20.0,4,0.0,0,0.0,0.0,0,0,4,2,155.0,7,1,15.91,54,0.0,0.0,0.0
155.0,2,pa_8,E7,25.0,5,0.0,0,0.0,0.0,0,0,5,3,155.0,7,1,15.91,54,0.0,0.0,0.0
155.0,2,pa_8_rev,NEG_E7,25.0,5,50.0,2,40.0,0.0,0,0,3,3,155.0,7,1,15.91,54,25.0,0.25,0.4
156.0,2,pa_2,E0,20.0,4,80.0,4,100.0,33.33,1,1,0,2,155.0,7,1,15.91,54,20.0,0.71,1.0
156.0,2,pa_2_rev,NEG_E0,20.0,4,0.0,0,0.0,0.0,0,0,4,3,155.0,7,1,15.91,54,0.0,0.0,0.0
156.0,2,pa_3,E1,20.0,4,0.0,0,0.0,0.0,0,0,4,3,155.0,7,1,15.91,54,0.0,0.0,0.0
156.0,2,pa_3_rev,NEG_E1,20.0,4,0.0,0,0.0,0.0,0,0,4,3,155.0,7,1,15.91,54,0.0,0.0,0.0
156.0,2,pa_6,E5,25.0,5,25.0,1,20.0,0.0,0,0,4,3,155.0,7,1,15.91,54,25.0,0.12,0.2
156.0,2,pa_6_rev,NEG_E5,25.0,5,0.0,0,0.0,0.0,0,0,5,3,155.0,7,1,15.91,54,0.0,0.0,0.0
156.0,2,pa_7,E6,20.0,4,0.0,0,0.0,0.0,0,0,4,2,155.0,7,1,15.91,54,0.0,0.0,0.0
156.0,2,pa_7_rev,NEG_E6,20.0,4,0.0,0,0.0,0.0,0,0,4,2,155.0,7,1,15.91,54,0.0,0.0,0.0
156.0,2,pa_8,E7,25.0,5,0.0,0,0.0,0.0,0,0,5,3,155.0,7,1,15.91,54,0.0,0.0,0.0
156.0,2,pa_8_rev,NEG_E7,25.0,5,50.0,2,40.0,0.0,0,0,3,3,155.0,7,1,15.91,54,25.0,0.25,0.4
157.0,2,pa_2,E0,20.0,4,80.0,4,100.0,33.33,1,1,0,2,180.0,8,1,18.18,54,20.0,0.71,1.0
157.0,2,pa_2_rev,NEG_E0,20.0,4,0.0,0,0.0,0.0,0,0,4,3,180.0,8,1,18.18,54,0.0,0.0,0.0
157.0,2,pa_3,E1,20.0,4,0.0,0,0.0,0.0,0,0,4,3,180.0,8,1,18.18,54,0.0,0.0,0.0
157.0,2,pa_3_rev,NEG_E1,20.0,4,0.0,0,0.0,0.0,0,0,4,3,180.0,8,1,18.18,54,0.0,0.0,0.0
157.0,2,pa_6,E5,25.0,5,25.0,1,20.0,0.0,0,0,4,3,180.0,8,1,18.18,54,25.0,0.12,0.2
157.0,2,pa_6_rev,NEG_E5,25.0,5,0.0,0,0.0,0.0,0,0,5,3,180.0,8,1,18.18,54,0.0,0.0,0.0
157.0,2,pa_7,E6,20.0,4,0.0,0,0.0,0.0,0,0,4,2,180.0,8,1,18.18,54,0.0,0.0,0.0
157.0,2,pa_7_rev,NEG_E6,20.0,4,0.0,0,0.0,0.0,0,0,4,2,180.0,8,1,18.18,54,0.0,0.0,0.0
157.0,2,pa_8,E7,25.0,5,0.0,0,0.0,0.0,0,0,5,3,180.0,8,1,18.18,54,0.0,0.0,0.0
157.0,2,pa_8_rev,NEG_E7,25.0,5,75.0,3,60.0,0.0,0,0,2,3,180.0,8,1,18.18,54,25.0,0.38,0.6
158.0,2,pa_2,E0,20.0,4,80.0,4,100.0,33.33,1,1,0,2,180.0,8,1,18.18,54,20.0,0.71,1.0
158.0,2,pa_2_rev,NEG_E0,20.0,4,0.0,0,0.0,0.0,0,0,4,3,180.0,8,1,18.18,54,0.0,0.0,0.0
158.0,2,pa_3,E1,20.0,4,0.0,0,0.0,0.0,0,0,4,3,180.0,8,1,18.18,54,0.0,0.0,0.0
158.0,2,pa_3_rev,NEG_E1,20.0,4,0.0,0,0.0,0.0,0,0,4,3,180.0,8,1,18.18,54,0.0,0.0,0.0
158.0,2,pa_6,E5,25.0,5,25.0,1,20.0,0.0,0,0,4,3,180.0,8,1,18.18,54,25.0,0.12,0.2
158.0,2,pa_6_rev,NEG_E5,25.0,5,0.0,0,0.0,0.0,0,0,5,3,180.0,8,1,18.18,54,0.0,0.0,0.0
158.0,2,pa_7,E6,20.0,4,0.0,0,0.0,0.0,0,0,4,2,180.0,8,1,18.18,54,0.0,0.0,0.0
158.0,2,pa_7_rev,NEG_E6,20.0,4,0.0,0,0.0,0.0,0,0,4,2,180.0,8,1,18.18,54,0.0,0.0,0.0
158.0,2,pa_8,E7,25.0,5,0.0,0,0.0,0.0,0,0,5,3,180.0,8,1,18.18,54,0.0,0.0,0.0
158.0,2,pa_8_rev,NEG_E7,25.0,5,75.0,3,60.0,0.0,0,0,2,3,180.0,8,1,18.18,54,25.0,0.38,0.6
159.0,2,pa_2,E0,20.0,4,80.0,4,100.0,33.33,1,1,0,2,180.0,8,1,18.18,54,20.0,0.71,1.0
159.0,2,pa_2_rev,NEG_E0,20.0,4,0.0,0,0.0,0.0,0,0,4,3,180.0,8,1,18.18,54,0.0,0.0,0.0
159.0,2,pa_3,E1,20.0,4,0.0,0,0.0,0.0,0,0,4,3,180.0,8,1,18.18,54,0.0,0.0,0.0
159.0,2,pa_3_rev,NEG_E1,20.0,4,0.0,0,0.0,0.0,0,0,4,3,180.0,8,1,18.18,54,0.0,0.0,0.0
159.0,2,pa_6,E5,25.0,5,25.0,1,20.0,0.0,0,0,4,3,180.0,8,1,18.18,54,25.0,0.12,0.2
159.0,2,pa_6_rev,NEG_E5,25.0,5,0.0,0,0.0,0.0,0,0,5,3,180.0,8,1,18.18,54,0.0,0.0,0.0
159.0,2,pa_7,E6,20.0,4,0.0,0,0.0,0.0,0,0,4,2,180.0,8,1,18.18,54,0.0,0.0,0.0
159.0,2,pa_7_rev,NEG_E6,20.0,4,0.0,0,0.0,0.0,0,0,4,2,180.0,8,1,18.18,54,0.0,0.0,0.0
159.0,2,pa_8,E7,25.0,5,0.0,0,0.0,0.0,0,0,5,3,180.0,8,1,18.18,54,0.0,0.0,0.0
159.0,2,pa_8_rev,NEG_E7,25.0,5,75.0,3,60.0,0.0,0,0,2,3,180.0,8,1,18.18,54,25.0,0.38,0.6
160.0,2,pa_2,E0,20.0,4,80.0,4,100.0,33.33,1,1,0,2,205.0,9,1,20.45,54,20.0,0.71,1.0
160.0,2,pa_2_rev,NEG_E0,20.0,4,0.0,0,0.0,0.0,0,0,4,3,205.0,9,1,20.45,54,0.0,0.0,0.0
160.0,2,pa_3,E1,20.0,4,0.0,0,0.0,0.0,0,0,4,3,205.0,9,1,20.45,54,0.0,0.0,0.0
160.0,2,pa_3_rev,NEG_E1,20.0,4,0.0,0,0.0,0.0,0,0,4,3,205.0,9,1,20.45,54,0.0,0.0,0.0
160.0,2,pa_6,E5,25.0,5,50.0,2,40.0,0.0,0,0,3,3,205.0,9,1,20.45,54,25.0,0.25,0.4
160.0,2,pa_6_rev,NEG_E5,25.0,5,0.0,0,0.0,0.0,0,0,5,3,205.0,9,1,20.45,54,0.0,0.0,0.0
160.0,2,pa_7,E6,20.0,4,0.0,0,0.0,0.0,0,0,4,2,205.0,9,1,20.45,54,0.0,0.0,0.0
160.0,2,pa_7_rev,NEG_E6,20.0,4,0.0,0,0.0,0.0,0,0,4,2,205.0,9,1,20.45,54,0.0,0.0,0.0
160.0,2,pa_8,E7,25.0,5,0.0,0,0.0,0.0,0,0,5,3,205.0,9,1,20.45,54,0.0,0.0,0.0
160.0,2,pa_8_rev,NEG_E7,25.0,5,75.0,3,60.0,0.0,0,0,2,3,205.0,9,1,20.45,54,25.0,0.38,0.6
161.0,2,pa_2,E0,20.0,4,80.0,4,100.0,33.33,1,1,0,2,205.0,9,1,20.45,56,20.0,0.71,1.0
161.0,2,pa_2_rev,NEG_E0,20.0,4,0.0,0,0.0,0.0,0,0,4,3,205.0,9,1,20.45,56,0.0,0.0,0.0
161.0,2,pa_3,E1,20.0,4,0.0,0,0.0,0.0,0,0,4,3,205.0,9,1,20.45,56,0.0,0.0,0.0
161.0,2,pa_3_rev,NEG_E1,20.0,4,0.0,0,0.0,0.0,0,0,4,3,205.0,9,1,20.45,56,0.0,0.0,0.0
161.0,2,pa_6,E5,25.0,5,50.0,2,40.0,0.0,0,0,3,3,205.0,9,1,20.45,56,25.0,0.25,0.4
161.0,2,pa_6_rev,NEG_E5,25.0,5,0.0,0,0.0,0.0,0,0,5,3,205.0,9,1,20.45,56,0.0,0.0,0.0
161.0,2,pa_7,E6,20.0,4,0.0,0,0.0,0.0,0,0,4,2,205.0,9,1,20.45,56,0.0,0.0,0.0
161.0,2,pa_7_rev,NEG_E6,20.0,4,0.0,0,0.0,0.0,0,0,4,2,205.0,9,1,20.45,56,0.0,0.0,0.0
161.0,2,pa_8,E7,25.0,5,0.0,0,0.0,0.0,0,0,5,3,205.0,9,1,20.45,56,0.0,0.0,0.0
161.0,2,pa_8_rev,NEG_E7,25.0,5,75.0,3,60.0,0.0,0,0,2,3,205.0,9,1,20.45,56,25.0,0.38,0.6
162.0,2,pa_2,E0,20.0,4,80.0,4,100.0,33.33,1,1,0,2,205.0,9,1,20.45,56,20.0,0.71,1.0
162.0,2,pa_2_rev,NEG_E0,20.0,4,0.0,0,0.0,0.0,0,0,4,3,205.0,9,1,20.45,56,0.0,0.0,0.0
162.0,2,pa_3,E1,20.0,4,0.0,0,0.0,0.0,0,0,4,3,205.0,9,1,20.45,56,0.0,0.0,0.0
162.0,2,pa_3_rev,NEG_E1,20.0,4,0.0,0,0.0,0.0,0,0,4,3,205.0,9,1,20.45,56,0.0,0.0,0.0
162.0,2,pa_6,E5,25.0,5,50.0,2,40.0,0.0,0,0,3,3,205.0,9,1,20.45,56,25.0,0.25,0.4
162.0,2,pa_6_rev,NEG_E5,25.0,5,0.0,0,0.0,0.0,0,0,5,3,205.0,9,1,20.45,56,0.0,0.0,0.0
162.0,2,pa_7,E6,20.0,4,0.0,0,0.0,0.0,0,0,4,2,205.0,9,1,20.45,56,0.0,0.0,0.0
162.0,2,pa_7_rev,NEG_E6,20.0,4,0.0,0,0.0,0.0,0,0,4,2,205.0,9,1,20.45,56,0.0,0.0,0.0
162.0,2,pa_8,E7,25.0,5,0.0,0,0.0,0.0,0,0,5,3,205.0,9,1,20.45,56,0.0,0.0,0.0
162.0,2,pa_8_rev,NEG_E7,25.0,5,75.0,3,60.0,0.0,0,0,2,3,205.0,9,1,20.45,56,25.0,0.38,0.6
163.0,2,pa_2,E0,20.0,4,80.0,4,100.0,33.33,1,1,0,2,205.0,9,1,20.45,56,20.0,0.71,1.0
163.0,2,pa_2_rev,NEG_E0,20.0,4,0.0,0,0.0,0.0,0,0,4,3,205.0,9,1,20.45,56,0.0,0.0,0.0
163.0,2,pa_3,E1,20.0,4,0.0,0,0.0,0.0,0,0,4,3,205.0,9,1,20.45,56,0.0,0.0,0.0
163.0,2,pa_3_rev,NEG_E1,20.0,4,0.0,0,0.0,0.0,0,0,4,3,205.0,9,1,20.45,56,0.0,0.0,0.0
163.0,2,pa_6,E5,25.0,5,50.0,2,40.0,0.0,0,0,3,3,205.0,9,1,20.45,56,25.0,0.25,0.4
163.0,2,pa_6_rev,NEG_E5,25.0,5,0.0,0,0.0,0.0,0,0,5,3,205.0,9,1,20.45,56,0.0,0.0,0.0
163.0,2,pa_7,E6,20.0,4,0.0,0,0.0,0.0,0,0,4,2,205.0,9,1,20.45,56,0.0,0.0,0.0
163.0,2,pa_7_rev,NEG_E6,20.0,4,0.0,0,0.0,0.0,0,0,4,2,205.0,9,1,20.45,56,0.0,0.0,0.0
163.0,2,pa_8,E7,25.0,5,0.0,0,0.0,0.0,0,0,5,3,205.0,9,1,20.45,56,0.0,0.0,0.0
163.0,2,pa_8_rev,NEG_E7,25.0,5,75.0,3,60.0,0.0,0,0,2,3,205.0,9,1,20.45,56,25.0,0.38,0.6
164.0,2,pa_2,E0,20.0,4,80.0,4,100.0,33.33,1,1,0,2,205.0,9,1,20.45,56,20.0,0.71,1.0
164.0,2,pa_2_rev,NEG_E0,20.0,4,0.0,0,0.0,0.0,0,0,4,3,205.0,9,1,20.45,56,0.0,0.0,0.0
164.0,2,pa_3,E1,20.0,4,0.0,0,0.0,0.0,0,0,4,3,205.0,9,1,20.45,56,0.0,0.0,0.0
164.0,2,pa_3_rev,NEG_E1,20.0,4,0.0,0,0.0,0.0,0,0,4,3,205.0,9,1,20.45,56,0.0,0.0,0.0
164.0,2,pa_6,E5,25.0,5,50.0,2,40.0,0.0,0,0,3,3,205.0,9,1,20.45,56,25.0,0.25,0.4
164.0,2,pa_6_rev,NEG_E5,25.0,5,0.0,0,0.0,0.0,0,0,5,3,205.0,9,1,20.45,56,0.0,0.0,0.0
164.0,2,pa_7,E6,20.0,4,0.0,0,0.0,0.0,0,0,4,2,205.0,9,1,20.45,56,0.0,0.0,0.0
164.0,2,pa_7_rev,NEG_E6,20.0,4,0.0,0,0.0,0.0,0,0,4,2,205.0,9,1,20.45,56,0.0,0.0,0.0
164.0,2,pa_8,E7,25.0,5,0.0,0,0.0,0.0,0,0,5,3,205.0,9,1,20.45,56,0.0,0.0,0.0
164.0,2,pa_8_rev,NEG_E7,25.0,5,75.0,3,60.0,0.0,0,0,2,3,205.0,9,1,20.45,56,25.0,0.38,0.6
165.0,2,pa_2,E0,20.0,4,80.0,4,100.0,33.33,1,1,0,2,205.0,9,1,20.45,56,20.0,0.71,1.0
165.0,2,pa_2_rev,NEG_E0,20.0,4,0.0,0,0.0,0.0,0,0,4,3,205.0,9,1,20.45,56,0.0,0.0,0.0
165.0,2,pa_3,E1,20.0,4,0.0,0,0.0,0.0,0,0,4,3,205.0,9,1,20.45,56,0.0,0.0,0.0
165.0,2,pa_3_rev,NEG_E1,20.0,4,0.0,0,0.0,0.0,0,0,4,3,205.0,9,1,20.45,56,0.0,0.0,0.0
165.0,2,pa_6,E5,25.0,5,50.0,2,40.0,0.0,0,0,3,3,205.0,9,1,20.45,56,25.0,0.25,0.4
165.0,2,pa_6_rev,NEG_E5,25.0,5,0.0,0,0.0,0.0,0,0,5,3,205.0,9,1,20.45,56,0.0,0.0,0.0
165.0,2,pa_7,E6,20.0,4,0.0,0,0.0,0.0,0,0,4,2,205.0,9,1,20.45,56,0.0,0.0,0.0
165.0,2,pa_7_rev,NEG_E6,20.0,4,0.0,0,0.0,0.0,0,0,4,2,205.0,9,1,20.45,56,0.0,0.0,0.0
165.0,2,pa_8,E7,25.0,5,0.0,0,0.0,0.0,0,0,5,3,205.0,9,1,20.45,56,0.0,0.0,0.0
165.0,2,pa_8_rev,NEG_E7,25.0,5,75.0,3,60.0,0.0,0,0,2,3,205.0,9,1,20.45,56,25.0,0.38,0.6
166.0,2,pa_2,E0,20.0,4,80.0,4,100.0,33.33,1,1,0,2,205.0,9,1,20.45,56,20.0,0.71,1.0
166.0,2,pa_2_rev,NEG_E0,20.0,4,0.0,0,0.0,0.0,0,0,4,3,205.0,9,1,20.45,56,0.0,0.0,0.0
166.0,2,pa_3,E1,20.0,4,0.0,0,0.0,0.0,0,0,4,3,205.0,9,1,20.45,56,0.0,0.0,0.0
166.0,2,pa_3_rev,NEG_E1,20.0,4,0.0,0,0.0,0.0,0,0,4,3,205.0,9,1,20.45,56,0.0,0.0,0.0
166.0,2,pa_6,E5,25.0,5,50.0,2,40.0,0.0,0,0,3,3,205.0,9,1,20.45,56,25.0,0.25,0.4
166.0,2,pa_6_rev,NEG_E5,25.0,5,0.0,0,0.0,0.0,0,0,5,3,205.0,9,1,20.45,56,0.0,0.0,0.0
166.0,2,pa_7,E6,20.0,4,0.0,0,0.0,0.0,0,0,4,2,205.0,9,1,20.45,56,0.0,0.0,0.0
166.0,2,pa_7_rev,NEG_E6,20.0,4,0.0,0,0.0,0.0,0,0,4,2,205.0,9,1,20.45,56,0.0,0.0,0.0
166.0,2,pa_8,E7,25.0,5,0.0,0,0.0,0.0,0,0,5,3,205.0,9,1,20.45,56,0.0,0.0,0.0
166.0,2,pa_8_rev,NEG_E7,25.0,5,75.0,3,60.0,0.0,0,0,2,3,205.0,9,1,20.45,56,25.0,0.38,0.6
167.0,2,pa_2,E0,20.0,4,80.0,4,100.0,33.33,1,1,0,2,205.0,9,1,20.45,56,20.0,0.71,1.0
167.0,2,pa_2_rev,NEG_E0,20.0,4,0.0,0,0.0,0.0,0,0,4,3,205.0,9,1,20.45,56,0.0,0.0,0.0
167.0,2,pa_3,E1,20.0,4,0.0,0,0.0,0.0,0,0,4,3,205.0,9,1,20.45,56,0.0,0.0,0.0
167.0,2,pa_3_rev,NEG_E1,20.0,4,0.0,0,0.0,0.0,0,0,4,3,205.0,9,1,20.45,56,0.0,0.0,0.0
167.0,2,pa_6,E5,25.0,5,50.0,2,40.0,0.0,0,0,3,3,205.0,9,1,20.45,56,25.0,0.25,0.4
167.0,2,pa_6_rev,NEG_E5,25.0,5,0.0,0,0.0,0.0,0,0,5,3,205.0,9,1,20.45,56,0.0,0.0,0.0
167.0,2,pa_7,E6,20.0,4,0.0,0,0.0,0.0,0,0,4,2,205.0,9,1,20.45,56,0.0,0.0,0.0
167.0,2,pa_7_rev,NEG_E6,20.0,4,0.0,0,0.0,0.0,0,0,4,2,205.0,9,1,20.45,56,0.0,0.0,0.0
167.0,2,pa_8,E7,25.0,5,0.0,0,0.0,0.0,0,0,5,3,205.0,9,1,20.45,56,0.0,0.0,0.0
167.0,2,pa_8_rev,NEG_E7,25.0,5,75.0,3,60.0,0.0,0,0,2,3,205.0,9,1,20.45,56,25.0,0.38,0.6
168.0,2,pa_2,E0,20.0,4,80.0,4,100.0,33.33,1,1,0,2,205.0,9,1,20.45,56,20.0,0.71,1.0
168.0,2,pa_2_rev,NEG_E0,20.0,4,0.0,0,0.0,0.0,0,0,4,3,205.0,9,1,20.45,56,0.0,0.0,0.0
168.0,2,pa_3,E1,20.0,4,0.0,0,0.0,0.0,0,0,4,3,205.0,9,1,20.45,56,0.0,0.0,0.0
168.0,2,pa_3_rev,NEG_E1,20.0,4,0.0,0,0.0,0.0,0,0,4,3,205.0,9,1,20.45,56,0.0,0.0,0.0
168.0,2,pa_6,E5,25.0,5,50.0,2,40.0,0.0,0,0,3,3,205.0,9,1,20.45,56,25.0,0.25,0.4
168.0,2,pa_6_rev,NEG_E5,25.0,5,0.0,0,0.0,0.0,0,0,5,3,205.0,9,1,20.45,56,0.0,0.0,0.0
168.0,2,pa_7,E6,20.0,4,0.0,0,0.0,0.0,0,0,4,2,205.0,9,1,20.45,56,0.0,0.0,0.0
168.0,2,pa_7_rev,NEG_E6,20.0,4,0.0,0,0.0,0.0,0,0,4,2,205.0,9,1,20.45,56,0.0,0.0,0.0
168.0,2,pa_8,E7,25.0,5,0.0,0,0.0,0.0,0,0,5,3,205.0,9,1,20.45,56,0.0,0.0,0.0
168.0,2,pa_8_rev,NEG_E7,25.0,5,75.0,3,60.0,0.0,0,0,2,3,205.0,9,1,20.45,56,25.0,0.38,0.6
169.0,2,pa_2,E0,20.0,4,80.0,4,100.0,33.33,1,1,0,2,205.0,9,1,20.45,56,20.0,0.71,1.0
169.0,2,pa_2_rev,NEG_E0,20.0,4,0.0,0,0.0,0.0,0,0,4,3,205.0,9,1,20.45,56,0.0,0.0,0.0
169.0,2,pa_3,E1,20.0,4,0.0,0,0.0,0.0,0,0,4,3,205.0,9,1,20.45,56,0.0,0.0,0.0
169.0,2,pa_3_rev,NEG_E1,20.0,4,0.0,0,0.0,0.0,0,0,4,3,205.0,9,1,20.45,56,0.0,0.0,0.0
169.0,2,pa_6,E5,25.0,5,50.0,2,40.0,0.0,0,0,3,3,205.0,9,1,20.45,56,25.0,0.25,0.4
169.0,2,pa_6_rev,NEG_E5,25.0,5,0.0,0,0.0,0.0,0,0,5,3,205.0,9,1,20.45,56,0.0,0.0,0.0
169.0,2,pa_7,E6,20.0,4,0.0,0,0.0,0.0,0,0,4,2,205.0,9,1,20.45,56,0.0,0.0,0.0
169.0,2,pa_7_rev,NEG_E6,20.0,4,0.0,0,0.0,0.0,0,0,4,2,205.0,9,1,20.45,56,0.0,0.0,0.0
169.0,2,pa_8,E7,25.0,5,0.0,0,0.0,0.0,0,0,5,3,205.0,9,1,20.45,56,0.0,0.0,0.0
169.0,2,pa_8_rev,NEG_E7,25.0,5,75.0,3,60.0,0.0,0,0,2,3,205.0,9,1,20.45,56,25.0,0.38,0.6
170.0,2,pa_2,E0,20.0,4,80.0,4,100.0,33.33,1,1,0,2,205.0,9,1,20.45,56,20.0,0.71,1.0
170.0,2,pa_2_rev,NEG_E0,20.0,4,0.0,0,0.0,0.0,0,0,4,3,205.0,9,1,20.45,56,0.0,0.0,0.0
170.0,2,pa_3,E1,20.0,4,0.0,0,0.0,0.0,0,0,4,3,205.0,9,1,20.45,56,0.0,0.0,0.0
170.0,2,pa_3_rev,NEG_E1,20.0,4,0.0,0,0.0,0.0,0,0,4,3,205.0,9,1,20.45,56,0.0,0.0,0.0
170.0,2,pa_6,E5,25.0,5,50.0,2,40.0,0.0,0,0,3,3,205.0,9,1,20.45,56,25.0,0.25,0.4
170.0,2,pa_6_rev,NEG_E5,25.0,5,0.0,0,0.0,0.0,0,0,5,3,205.0,9,1,20.45,56,0.0,0.0,0.0
170.0,2,pa_7,E6,20.0,4,0.0,0,0.0,0.0,0,0,4,2,205.0,9,1,20.45,56,0.0,0.0,0.0
170.0,2,pa_7_rev,NEG_E6,20.0,4,0.0,0,0.0,0.0,0,0,4,2,205.0,9,1,20.45,56,0.0,0.0,0.0
170.0,2,pa_8,E7,25.0,5,0.0,0,0.0,0.0,0,0,5,3,205.0,9,1,20.45,56,0.0,0.0,0.0
170.0,2,pa_8_rev,NEG_E7,25.0,5,75.0,3,60.0,0.0,0,0,2,3,205.0,9,1,20.45,56,25.0,0.38,0.6
171.0,2,pa_2,E0,20.0,4,80.0,4,100.0,33.33,1,1,0,2,205.0,9,1,20.45,56,20.0,0.71,1.0
171.0,2,pa_2_rev,NEG_E0,20.0,4,0.0,0,0.0,0.0,0,0,4,3,205.0,9,1,20.45,56,0.0,0.0,0.0
171.0,2,pa_3,E1,20.0,4,0.0,0,0.0,0.0,0,0,4,3,205.0,9,1,20.45,56,0.0,0.0,0.0
171.0,2,pa_3_rev,NEG_E1,20.0,4,0.0,0,0.0,0.0,0,0,4,3,205.0,9,1,20.45,56,0.0,0.0,0.0
171.0,2,pa_6,E5,25.0,5,50.0,2,40.0,0.0,0,0,3,3,205.0,9,1,20.45,56,25.0,0.25,0.4
171.0,2,pa_6_rev,NEG_E5,25.0,5,0.0,0,0.0,0.0,0,0,5,3,205.0,9,1,20.45,56,0.0,0.0,0.0
171.0,2,pa_7,E6,20.0,4,0.0,0,0.0,0.0,0,0,4,2,205.0,9,1,20.45,56,0.0,0.0,0.0
171.0,2,pa_7_rev,NEG_E6,20.0,4,0.0,0,0.0,0.0,0,0,4,2,205.0,9,1,20.45,56,0.0,0.0,0.0
171.0,2,pa_8,E7,25.0,5,0.0,0,0.0,0.0,0,0,5,3,205.0,9,1,20.45,56,0.0,0.0,0.0
171.0,2,pa_8_rev,NEG_E7,25.0,5,75.0,3,60.0,0.0,0,0,2,3,205.0,9,1,20.45,56,25.0,0.38,0.6
172.0,2,pa_2,E0,20.0,4,80.0,4,100.0,66.67,2,2,0,1,205.0,9,2,20.45,56,20.0,0.86,1.0
172.0,2,pa_2_rev,NEG_E0,20.0,4,0.0,0,0.0,0.0,0,0,4,3,205.0,9,2,20.45,56,0.0,0.0,0.0
172.0,2,pa_3,E1,20.0,4,0.0,0,0.0,0.0,0,0,4,3,205.0,9,2,20.45,56,0.0,0.0,0.0
172.0,2,pa_3_rev,NEG_E1,20.0,4,0.0,0,0.0,0.0,0,0,4,3,205.0,9,2,20.45,56,0.0,0.0,0.0
172.0,2,pa_6,E5,25.0,5,50.0,2,40.0,0.0,0,0,3,3,205.0,9,2,20.45,56,25.0,0.25,0.4
172.0,2,pa_6_rev,NEG_E5,25.0,5,0.0,0,0.0,0.0,0,0,5,3,205.0,9,2,20.45,56,0.0,0.0,0.0
172.0,2,pa_7,E6,20.0,4,0.0,0,0.0,0.0,0,0,4,2,205.0,9,2,20.45,56,0.0,0.0,0.0
172.0,2,pa_7_rev,NEG_E6,20.0,4,0.0,0,0.0,0.0,0,0,4,2,205.0,9,2,20.45,56,0.0,0.0,0.0
172.0,2,pa_8,E7,25.0,5,0.0,0,0.0,0.0,0,0,5,3,205.0,9,2,20.45,56,0.0,0.0,0.0
172.0,2,pa_8_rev,NEG_E7,25.0,5,75.0,3,60.0,0.0,0,0,2,3,205.0,9,2,20.45,56,25.0,0.38,0.6
173.0,2,pa_2,E0,20.0,4,80.0,4,100.0,66.67,2,2,0,1,205.0,9,2,20.45,56,20.0,0.86,1.0
173.0,2,pa_2_rev,NEG_E0,20.0,4,0.0,0,0.0,0.0,0,0,4,3,205.0,9,2,20.45,56,0.0,0.0,0.0
173.0,2,pa_3,E1,20.0,4,0.0,0,0.0,0.0,0,0,4,3,205.0,9,2,20.45,56,0.0,0.0,0.0
173.0,2,pa_3_rev,NEG_E1,20.0,4,0.0,0,0.0,0.0,0,0,4,3,205.0,9,2,20.45,56,0.0,0.0,0.0
173.0,2,pa_6,E5,25.0,5,50.0,2,40.0,0.0,0,0,3,3,205.0,9,2,20.45,56,25.0,0.25,0.4
173.0,2,pa_6_rev,NEG_E5,25.0,5,0.0,0,0.0,0.0,0,0,5,3,205.0,9,2,20.45,56,0.0,0.0,0.0
173.0,2,pa_7,E6,20.0,4,0.0,0,0.0,0.0,0,0,4,2,205.0,9,2,20.45,56,0.0,0.0,0.0
173.0,2,pa_7_rev,NEG_E6,20.0,4,0.0,0,0.0,0.0,0,0,4,2,205.0,9,2,20.45,56,0.0,0.0,0.0
173.0,2,pa_8,E7,25.0,5,0.0,0,0.0,0.0,0,0,5,3,205.0,9,2,20.45,56,0.0,0.0,0.0
173.0,2,pa_8_rev,NEG_E7,25.0,5,75.0,3,60.0,0.0,0,0,2,3,205.0,9,2,20.45,56,25.0,0.38,0.6
174.0,2,pa_2,E0,20.0,4,80.0,4,100.0,66.67,2,2,0,1,205.0,9,2,20.45,56,20.0,0.86,1.0
174.0,2,pa_2_rev,NEG_E0,20.0,4,0.0,0,0.0,0.0,0,0,4,3,205.0,9,2,20.45,56,0.0,0.0,0.0
174.0,2,pa_3,E1,20.0,4,0.0,0,0.0,0.0,0,0,4,3,205.0,9,2,20.45,56,0.0,0.0,0.0
174.0,2,pa_3_rev,NEG_E1,20.0,4,0.0,0,0.0,0.0,0,0,4,3,205.0,9,2,20.45,56,0.0,0.0,0.0
174.0,2,pa_6,E5,25.0,5,50.0,2,40.0,0.0,0,0,3,3,205.0,9,2,20.45,56,25.0,0.25,0.4
174.0,2,pa_6_rev,NEG_E5,25.0,5,0.0,0,0.0,0.0,0,0,5,3,205.0,9,2,20.45,56,0.0,0.0,0.0
174.0,2,pa_7,E6,20.0,4,0.0,0,0.0,0.0,0,0,4,2,205.0,9,2,20.45,56,0.0,0.0,0.0
174.0,2,pa_7_rev,NEG_E6,20.0,4,0.0,0,0.0,0.0,0,0,4,2,205.0,9,2,20.45,56,0.0,0.0,0.0
174.0,2,pa_8,E7,25.0,5,0.0,0,0.0,0.0,0,0,5,3,205.0,9,2,20.45,56,0.0,0.0,0.0
174.0,2,pa_8_rev,NEG_E7,25.0,5,75.0,3,60.0,0.0,0,0,2,3,205.0,9,2,20.45,56,25.0,0.38,0.6
175.0,2,pa_2,E0,20.0,4,80.0,4,100.0,66.67,2,2,0,1,205.0,9,2,20.45,56,20.0,0.86,1.0
175.0,2,pa_2_rev,NEG_E0,20.0,4,0.0,0,0.0,0.0,0,0,4,3,205.0,9,2,20.45,56,0.0,0.0,0.0
175.0,2,pa_3,E1,20.0,4,0.0,0,0.0,0.0,0,0,4,3,205.0,9,2,20.45,56,0.0,0.0,0.0
175.0,2,pa_3_rev,NEG_E1,20.0,4,0.0,0,0.0,0.0,0,0,4,3,205.0,9,2,20.45,56,0.0,0.0,0.0
175.0,2,pa_6,E5,25.0,5,50.0,2,40.0,0.0,0,0,3,3,205.0,9,2,20.45,56,25.0,0.25,0.4
175.0,2,pa_6_rev,NEG_E5,25.0,5,0.0,0,0.0,0.0,0,0,5,3,205.0,9,2,20.45,56,0.0,0.0,0.0
175.0,2,pa_7,E6,20.0,4,0.0,0,0.0,0.0,0,0,4,2,205.0,9,2,20.45,56,0.0,0.0,0.0
175.0,2,pa_7_rev,NEG_E6,20.0,4,0.0,0,0.0,0.0,0,0,4,2,205.0,9,2,20.45,56,0.0,0.0,0.0
175.0,2,pa_8,E7,25.0,5,0.0,0,0.0,0.0,0,0,5,3,205.0,9,2,20.45,56,0.0,0.0,0.0
175.0,2,pa_8_rev,NEG_E7,25.0,5,75.0,3,60.0,0.0,0,0,2,3,205.0,9,2,20.45,56,25.0,0.38,0.6
176.0,2,pa_2,E0,20.0,4,80.0,4,100.0,66.67,2,2,0,1,225.0,10,2,22.73,56,20.0,0.86,1.0
176.0,2,pa_2_rev,NEG_E0,20.0,4,0.0,0,0.0,0.0,0,0,4,3,225.0,10,2,22.73,56,0.0,0.0,0.0
176.0,2,pa_3,E1,20.0,4,0.0,0,0.0,0.0,0,0,4,3,225.0,10,2,22.73,56,0.0,0.0,0.0
176.0,2,pa_3_rev,NEG_E1,20.0,4,20.0,1,25.0,0.0,0,0,3,3,225.0,10,2,22.73,56,20.0,0.14,0.25
176.0,2,pa_6,E5,25.0,5,50.0,2,40.0,0.0,0,0,3,3,225.0,10,2,22.73,56,25.0,0.25,0.4
176.0,2,pa_6_rev,NEG_E5,25.0,5,0.0,0,0.0,0.0,0,0,5,3,225.0,10,2,22.73,56,0.0,0.0,0.0
176.0,2,pa_7,E6,20.0,4,0.0,0,0.0,0.0,0,0,4,2,225.0,10,2,22.73,56,0.0,0.0,0.0
176.0,2,pa_7_rev,NEG_E6,20.0,4,0.0,0,0.0,0.0,0,0,4,2,225.0,10,2,22.73,56,0.0,0.0,0.0
176.0,2,pa_8,E7,25.0,5,0.0,0,0.0,0.0,0,0,5,3,225.0,10,2,22.73,56,0.0,0.0,0.0
176.0,2,pa_8_rev,NEG_E7,25.0,5,75.0,3,60.0,0.0,0,0,2,3,225.0,10,2,22.73,56,25.0,0.38,0.6
177.0,2,pa_2,E0,20.0,4,80.0,4,100.0,66.67,2,2,0,1,225.0,10,2,22.73,56,20.0,0.86,1.0
177.0,2,pa_2_rev,NEG_E0,20.0,4,0.0,0,0.0,0.0,0,0,4,3,225.0,10,2,22.73,56,0.0,0.0,0.0
177.0,2,pa_3,E1,20.0,4,0.0,0,0.0,0.0,0,0,4,3,225.0,10,2,22.73,56,0.0,0.0,0.0
177.0,2,pa_3_rev,NEG_E1,20.0,4,20.0,1,25.0,0.0,0,0,3,3,225.0,10,2,22.73,56,20.0,0.14,0.25
177.0,2,pa_6,E5,25.0,5,50.0,2,40.0,0.0,0,0,3,3,225.0,10,2,22.73,56,25.0,0.25,0.4
177.0,2,pa_6_rev,NEG_E5,25.0,5,0.0,0,0.0,0.0,0,0,5,3,225.0,10,2,22.73,56,0.0,0.0,0.0
177.0,2,pa_7,E6,20.0,4,0.0,0,0.0,0.0,0,0,4,2,225.0,10,2,22.73,56,0.0,0.0,0.0
177.0,2,pa_7_rev,NEG_E6,20.0,4,0.0,0,0.0,0.0,0,0,4,2,225.0,10,2,22.73,56,0.0,0.0,0.0
177.0,2,pa_8,E7,25.0,5,0.0,0,0.0,0.0,0,0,5,3,225.0,10,2,22.73,56,0.0,0.0,0.0
177.0,2,pa_8_rev,NEG_E7,25.0,5,75.0,3,60.0,0.0,0,0,2,3,225.0,10,2,22.73,56,25.0,0.38,0.6
178.0,2,pa_2,E0,20.0,4,80.0,4,100.0,66.67,2,2,0,1,225.0,10,2,22.73,56,20.0,0.86,1.0
178.0,2,pa_2_rev,NEG_E0,20.0,4,0.0,0,0.0,0.0,0,0,4,3,225.0,10,2,22.73,56,0.0,0.0,0.0
178.0,2,pa_3,E1,20.0,4,0.0,0,0.0,0.0,0,0,4,3,225.0,10,2,22.73,56,0.0,0.0,0.0
178.0,2,pa_3_rev,NEG_E1,20.0,4,20.0,1,25.0,0.0,0,0,3,3,225.0,10,2,22.73,56,20.0,0.14,0.25
178.0,2,pa_6,E5,25.0,5,50.0,2,40.0,0.0,0,0,3,3,225.0,10,2,22.73,56,25.0,0.25,0.4
178.0,2,pa_6_rev,NEG_E5,25.0,5,0.0,0,0.0,0.0,0,0,5,3,225.0,10,2,22.73,56,0.0,0.0,0.0
178.0,2,pa_7,E6,20.0,4,0.0,0,0.0,0.0,0,0,4,2,225.0,10,2,22.73,56,0.0,0.0,0.0
178.0,2,pa_7_rev,NEG_E6,20.0,4,0.0,0,0.0,0.0,0,0,4,2,225.0,10,2,22.73,56,0.0,0.0,0.0
178.0,2,pa_8,E7,25.0,5,0.0,0,0.0,0.0,0,0,5,3,225.0,10,2,22.73,56,0.0,0.0,0.0
178.0,2,pa_8_rev,NEG_E7,25.0,5,75.0,3,60.0,0.0,0,0,2,3,225.0,10,2,22.73,56,25.0,0.38,0.6
179.0,2,pa_2,E0,20.0,4,80.0,4,100.0,66.67,2,2,0,1,225.0,10,2,22.73,56,20.0,0.86,1.0
179.0,2,pa_2_rev,NEG_E0,20.0,4,0.0,0,0.0,0.0,0,0,4,3,225.0,10,2,22.73,56,0.0,0.0,0.0
179.0,2,pa_3,E1,20.0,4,0.0,0,0.0,0.0,0,0,4,3,225.0,10,2,22.73,56,0.0,0.0,0.0
179.0,2,pa_3_rev,NEG_E1,20.0,4,20.0,1,25.0,0.0,0,0,3,3,225.0,10,2,22.73,56,20.0,0.14,0.25
179.0,2,pa_6,E5,25.0,5,50.0,2,40.0,0.0,0,0,3,3,225.0,10,2,22.73,56,25.0,0.25,0.4
179.0,2,pa_6_rev,NEG_E5,25.0,5,0.0,0,0.0,0.0,0,0,5,3,225.0,10,2,22.73,56,0.0,0.0,0.0
179.0,2,pa_7,E6,20.0,4,0.0,0,0.0,0.0,0,0,4,2,225.0,10,2,22.73,56,0.0,0.0,0.0
179.0,2,pa_7_rev,NEG_E6,20.0,4,0.0,0,0.0,0.0,0,0,4,2,225.0,10,2,22.73,56,0.0,0.0,0.0
179.0,2,pa_8,E7,25.0,5,0.0,0,0.0,0.0,0,0,5,3,225.0,10,2,22.73,56,0.0,0.0,0.0
179.0,2,pa_8_rev,NEG_E7,25.0,5,75.0,3,60.0,0.0,0,0,2,3,225.0,10,2,22.73,56,25.0,0.38,0.6
180.0,3,pa_2,E0,20.0,4,80.0,4,100.0,66.67,2,2,0,1,225.0,10,2,22.73,56,20.0,0.86,1.0
180.0,3,pa_2_rev,NEG_E0,20.0,4,0.0,0,0.0,0.0,0,0,4,3,225.0,10,2,22.73,56,0.0,0.0,0.0
180.0,3,pa_3,E1,20.0,4,0.0,0,0.0,0.0,0,0,4,3,225.0,10,2,22.73,56,0.0,0.0,0.0
180.0,3,pa_3_rev,NEG_E1,20.0,4,20.0,1,25.0,0.0,0,0,3,3,225.0,10,2,22.73,56,20.0,0.14,0.25
180.0,3,pa_6,E5,25.0,5,50.0,2,40.0,0.0,0,0,3,3,225.0,10,2,22.73,56,25.0,0.25,0.4
180.0,3,pa_6_rev,NEG_E5,25.0,5,0.0,0,0.0,0.0,0,0,5,3,225.0,10,2,22.73,56,0.0,0.0,0.0
180.0,3,pa_7,E6,20.0,4,0.0,0,0.0,0.0,0,0,4,2,225.0,10,2,22.73,56,0.0,0.0,0.0
180.0,3,pa_7_rev,NEG_E6,20.0,4,0.0,0,0.0,0.0,0,0,4,2,225.0,10,2,22.73,56,0.0,0.0,0.0
180.0,3,pa_8,E7,25.0,5,0.0,0,0.0,0.0,0,0,5,3,225.0,10,2,22.73,56,0.0,0.0,0.0
180.0,3,pa_8_rev,NEG_E7,25.0,5,75.0,3,60.0,0.0,0,0,2,3,225.0,10,2,22.73,56,25.0,0.38,0.6
181.0,3,pa_2,E0,20.0,4,80.0,4,100.0,66.67,2,2,0,1,225.0,10,2,22.73,59,20.0,0.86,1.0
181.0,3,pa_2_rev,NEG_E0,20.0,4,0.0,0,0.0,0.0,0,0,4,3,225.0,10,2,22.73,59,0.0,0.0,0.0
181.0,3,pa_3,E1,20.0,4,0.0,0,0.0,0.0,0,0,4,3,225.0,10,2,22.73,59,0.0,0.0,0.0
181.0,3,pa_3_rev,NEG_E1,20.0,4,20.0,1,25.0,0.0,0,0,3,3,225.0,10,2,22.73,59,20.0,0.14,0.25
181.0,3,pa_6,E5,25.0,5,50.0,2,40.0,0.0,0,0,3,3,225.0,10,2,22.73,59,25.0,0.25,0.4
181.0,3,pa_6_rev,NEG_E5,25.0,5,0.0,0,0.0,0.0,0,0,5,3,225.0,10,2,22.73,59,0.0,0.0,0.0
181.0,3,pa_7,E6,20.0,4,0.0,0,0.0,0.0,0,0,4,2,225.0,10,2,22.73,59,0.0,0.0,0.0
181.0,3,pa_7_rev,NEG_E6,20.0,4,0.0,0,0.0,0.0,0,0,4,2,225.0,10,2,22.73,59,0.0,0.0,0.0
181.0,3,pa_8,E7,25.0,5,0.0,0,0.0,0.0,0,0,5,3,225.0,10,2,22.73,59,0.0,0.0,0.0
181.0,3,pa_8_rev,NEG_E7,25.0,5,75.0,3,60.0,0.0,0,0,2,3,225.0,10,2,22.73,59,25.0,0.38,0.6
182.0,3,pa_2,E0,20.0,4,80.0,4,100.0,66.67,2,2,0,1,225.0,10,2,22.73,59,20.0,0.86,1.0
182.0,3,pa_2_rev,NEG_E0,20.0,4,0.0,0,0.0,0.0,0,0,4,3,225.0,10,2,22.73,59,0.0,0.0,0.0
182.0,3,pa_3,E1,20.0,4,0.0,0,0.0,0.0,0,0,4,3,225.0,10,2,22.73,59,0.0,0.0,0.0
182.0,3,pa_3_rev,NEG_E1,20.0,4,20.0,1,25.0,0.0,0,0,3,3,225.0,10,2,22.73,59,20.0,0.14,0.25
182.0,3,pa_6,E5,25.0,5,50.0,2,40.0,0.0,0,0,3,3,225.0,10,2,22.73,59,25.0,0.25,0.4
182.0,3,pa_6_rev,NEG_E5,25.0,5,0.0,0,0.0,0.0,0,0,5,3,225.0,10,2,22.73,59,0.0,0.0,0.0
182.0,3,pa_7,E6,20.0,4,0.0,0,0.0,0.0,0,0,4,2,225.0,10,2,22.73,59,0.0,0.0,0.0
182.0,3,pa_7_rev,NEG_E6,20.0,4,0.0,0,0.0,0.0,0,0,4,2,225.0,10,2,22.73,59,0.0,0.0,0.0
182.0,3,pa_8,E7,25.0,5,0.0,0,0.0,0.0,0,0,5,3,225.0,10,2,22.73,59,0.0,0.0,0.0
182.0,3,pa_8_rev,NEG_E7,25.0,5,75.0,3,60.0,0.0,0,0,2,3,225.0,10,2,22.73,59,25.0,0.38,0.6
183.0,3,pa_2,E0,20.0,4,80.0,4,100.0,66.67,2,2,0,1,225.0,10,2,22.73,61,20.0,0.86,1.0
183.0,3,pa_2_rev,NEG_E0,20.0,4,0.0,0,0.0,0.0,0,0,4,3,225.0,10,2,22.73,61,0.0,0.0,0.0
183.0,3,pa_3,E1,20.0,4,0.0,0,0.0,0.0,0,0,4,3,225.0,10,2,22.73,61,0.0,0.0,0.0
183.0,3,pa_3_rev,NEG_E1,20.0,4,20.0,1,25.0,0.0,0,0,3,3,225.0,10,2,22.73,61,20.0,0.14,0.25
183.0,3,pa_6,E5,25.0,5,50.0,2,40.0,0.0,0,0,3,3,225.0,10,2,22.73,61,25.0,0.25,0.4
183.0,3,pa_6_rev,NEG_E5,25.0,5,0.0,0,0.0,0.0,0,0,5,3,225.0,10,2,22.73,61,0.0,0.0,0.0
183.0,3,pa_7,E6,20.0,4,0.0,0,0.0,0.0,0,0,4,2,225.0,10,2,22.73,61,0.0,0.0,0.0
183.0,3,pa_7_rev,NEG_E6,20.0,4,0.0,0,0.0,0.0,0,0,4,2,225.0,10,2,22.73,61,0.0,0.0,0.0
183.0,3,pa_8,E7,25.0,5,0.0,0,0.0,0.0,0,0,5,3,225.0,10,2,22.73,61,0.0,0.0,0.0
183.0,3,pa_8_rev,NEG_E7,25.0,5,75.0,3,60.0,0.0,0,0,2,3,225.0,10,2,22.73,61,25.0,0.38,0.6
184.0,3,pa_2,E0,20.0,4,80.0,4,100.0,66.67,2,2,0,1,225.0,10,2,22.73,61,20.0,0.86,1.0
184.0,3,pa_2_rev,NEG_E0,20.0,4,0.0,0,0.0,0.0,0,0,4,3,225.0,10,2,22.73,61,0.0,0.0,0.0
184.0,3,pa_3,E1,20.0,4,0.0,0,0.0,0.0,0,0,4,3,225.0,10,2,22.73,61,0.0,0.0,0.0
184.0,3,pa_3_rev,NEG_E1,20.0,4,20.0,1,25.0,0.0,0,0,3,3,225.0,10,2,22.73,61,20.0,0.14,0.25
184.0,3,pa_6,E5,25.0,5,50.0,2,40.0,0.0,0,0,3,3,225.0,10,2,22.73,61,25.0,0.25,0.4
184.0,3,pa_6_rev,NEG_E5,25.0,5,0.0,0,0.0,0.0,0,0,5,3,225.0,10,2,22.73,61,0.0,0.0,0.0
184.0,3,pa_7,E6,20.0,4,0.0,0,0.0,0.0,0,0,4,2,225.0,10,2,22.73,61,0.0,0.0,0.0
184.0,3,pa_7_rev,NEG_E6,20.0,4,0.0,0,0.0,0.0,0,0,4,2,225.0,10,2,22.73,61,0.0,0.0,0.0
184.0,3,pa_8,E7,25.0,5,0.0,0,0.0,0.0,0,0,5,3,225.0,10,2,22.73,61,0.0,0.0,0.0
184.0,3,pa_8_rev,NEG_E7,25.0,5,75.0,3,60.0,0.0,0,0,2,3,225.0,10,2,22.73,61,25.0,0.38,0.6
185.0,3,pa_2,E0,20.0,4,80.0,4,100.0,66.67,2,2,0,1,225.0,10,2,22.73,61,20.0,0.86,1.0
185.0,3,pa_2_rev,NEG_E0,20.0,4,0.0,0,0.0,0.0,0,0,4,3,225.0,10,2,22.73,61,0.0,0.0,0.0
185.0,3,pa_3,E1,20.0,4,0.0,0,0.0,0.0,0,0,4,3,225.0,10,2,22.73,61,0.0,0.0,0.0
185.0,3,pa_3_rev,NEG_E1,20.0,4,20.0,1,25.0,0.0,0,0,3,3,225.0,10,2,22.73,61,20.0,0.14,0.25
185.0,3,pa_6,E5,25.0,5,50.0,2,40.0,0.0,0,0,3,3,225.0,10,2,22.73,61,25.0,0.25,0.4
185.0,3,pa_6_rev,NEG_E5,25.0,5,0.0,0,0.0,0.0,0,0,5,3,225.0,10,2,22.73,61,0.0,0.0,0.0
185.0,3,pa_7,E6,20.0,4,0.0,0,0.0,0.0,0,0,4,2,225.0,10,2,22.73,61,0.0,0.0,0.0
185.0,3,pa_7_rev,NEG_E6,20.0,4,0.0,0,0.0,0.0,0,0,4,2,225.0,10,2,22.73,61,0.0,0.0,0.0
185.0,3,pa_8,E7,25.0,5,0.0,0,0.0,0.0,0,0,5,3,225.0,10,2,22.73,61,0.0,0.0,0.0
185.0,3,pa_8_rev,NEG_E7,25.0,5,75.0,3,60.0,0.0,0,0,2,3,225.0,10,2,22.73,61,25.0,0.38,0.6
186.0,3,pa_2,E0,20.0,4,80.0,4,100.0,66.67,2,2,0,1,225.0,10,2,22.73,62,20.0,0.86,1.0
186.0,3,pa_2_rev,NEG_E0,20.0,4,0.0,0,0.0,0.0,0,0,4,3,225.0,10,2,22.73,62,0.0,0.0,0.0
186.0,3,pa_3,E1,20.0,4,0.0,0,0.0,0.0,0,0,4,3,225.0,10,2,22.73,62,0.0,0.0,0.0
186.0,3,pa_3_rev,NEG_E1,20.0,4,20.0,1,25.0,0.0,0,0,3,3,225.0,10,2,22.73,62,20.0,0.14,0.25
186.0,3,pa_6,E5,25.0,5,50.0,2,40.0,0.0,0,0,3,3,225.0,10,2,22.73,62,25.0,0.25,0.4
186.0,3,pa_6_rev,NEG_E5,25.0,5,0.0,0,0.0,0.0,0,0,5,3,225.0,10,2,22.73,62,0.0,0.0,0.0
186.0,3,pa_7,E6,20.0,4,0.0,0,0.0,0.0,0,0,4,2,225.0,10,2,22.73,62,0.0,0.0,0.0
186.0,3,pa_7_rev,NEG_E6,20.0,4,0.0,0,0.0,0.0,0,0,4,2,225.0,10,2,22.73,62,0.0,0.0,0.0
186.0,3,pa_8,E7,25.0,5,0.0,0,0.0,0.0,0,0,5,3,225.0,10,2,22.73,62,0.0,0.0,0.0
186.0,3,pa_8_rev,NEG_E7,25.0,5,75.0,3,60.0,0.0,0,0,2,3,225.0,10,2,22.73,62,25.0,0.38,0.6
187.0,3,pa_2,E0,20.0,4,80.0,4,100.0,66.67,2,2,0,1,225.0,10,2,22.73,62,20.0,0.86,1.0
187.0,3,pa_2_rev,NEG_E0,20.0,4,0.0,0,0.0,0.0,0,0,4,3,225.0,10,2,22.73,62,0.0,0.0,0.0
187.0,3,pa_3,E1,20.0,4,0.0,0,0.0,0.0,0,0,4,3,225.0,10,2,22.73,62,0.0,0.0,0.0
187.0,3,pa_3_rev,NEG_E1,20.0,4,20.0,1,25.0,0.0,0,0,3,3,225.0,10,2,22.73,62,20.0,0.14,0.25
187.0,3,pa_6,E5,25.0,5,50.0,2,40.0,0.0,0,0,3,3,225.0,10,2,22.73,62,25.0,0.25,0.4
187.0,3,pa_6_rev,NEG_E5,25.0,5,0.0,0,0.0,0.0,0,0,5,3,225.0,10,2,22.73,62,0.0,0.0,0.0
187.0,3,pa_7,E6,20.0,4,0.0,0,0.0,0.0,0,0,4,2,225.0,10,2,22.73,62,0.0,0.0,0.0
187.0,3,pa_7_rev,NEG_E6,20.0,4,0.0,0,0.0,0.0,0,0,4,2,225.0,10,2,22.73,62,0.0,0.0,0.0
187.0,3,pa_8,E7,25.0,5,0.0,0,0.0,0.0,0,0,5,3,225.0,10,2,22.73,62,0.0,0.0,0.0
187.0,3,pa_8_rev,NEG_E7,25.0,5,75.0,3,60.0,0.0,0,0,2,3,225.0,10,2,22.73,62,25.0,0.38,0.6
188.0,3,pa_2,E0,20.0,4,80.0,4,100.0,66.67,2,2,0,1,225.0,10,2,22.73,63,20.0,0.86,1.0
188.0,3,pa_2_rev,NEG_E0,20.0,4,0.0,0,0.0,0.0,0,0,4,3,225.0,10,2,22.73,63,0.0,0.0,0.0
188.0,3,pa_3,E1,20.0,4,0.0,0,0.0,0.0,0,0,4,3,225.0,10,2,22.73,63,0.0,0.0,0.0
188.0,3,pa_3_rev,NEG_E1,20.0,4,20.0,1,25.0,0.0,0,0,3,3,225.0,10,2,22.73,63,20.0,0.14,0.25
188.0,3,pa_6,E5,25.0,5,50.0,2,40.0,0.0,0,0,3,3,225.0,10,2,22.73,63,25.0,0.25,0.4
188.0,3,pa_6_rev,NEG_E5,25.0,5,0.0,0,0.0,0.0,0,0,5,3,225.0,10,2,22.73,63,0.0,0.0,0.0
188.0,3,pa_7,E6,20.0,4,0.0,0,0.0,0.0,0,0,4,2,225.0,10,2,22.73,63,0.0,0.0,0.0
188.0,3,pa_7_rev,NEG_E6,20.0,4,0.0,0,0.0,0.0,0,0,4,2,225.0,10,2,22.73,63,0.0,0.0,0.0
188.0,3,pa_8,E7,25.0,5,0.0,0,0.0,0.0,0,0,5,3,225.0,10,2,22.73,63,0.0,0.0,0.0
188.0,3,pa_8_rev,NEG_E7,25.0,5,75.0,3,60.0,0.0,0,0,2,3,225.0,10,2,22.73,63,25.0,0.38,0.6
189.0,3,pa_2,E0,20.0,4,80.0,4,100.0,66.67,2,2,0,1,225.0,10,2,22.73,63,20.0,0.86,1.0
189.0,3,pa_2_rev,NEG_E0,20.0,4,0.0,0,0.0,0.0,0,0,4,3,225.0,10,2,22.73,63,0.0,0.0,0.0
189.0,3,pa_3,E1,20.0,4,0.0,0,0.0,0.0,0,0,4,3,225.0,10,2,22.73,63,0.0,0.0,0.0
189.0,3,pa_3_rev,NEG_E1,20.0,4,20.0,1,25.0,0.0,0,0,3,3,225.0,10,2,22.73,63,20.0,0.14,0.25
189.0,3,pa_6,E5,25.0,5,50.0,2,40.0,0.0,0,0,3,3,225.0,10,2,22.73,63,25.0,0.25,0.4
189.0,3,pa_6_rev,NEG_E5,25.0,5,0.0,0,0.0,0.0,0,0,5,3,225.0,10,2,22.73,63,0.0,0.0,0.0
189.0,3,pa_7,E6,20.0,4,0.0,0,0.0,0.0,0,0,4,2,225.0,10,2,22.73,63,0.0,0.0,0.0
189.0,3,pa_7_rev,NEG_E6,20.0,4,0.0,0,0.0,0.0,0,0,4,2,225.0,10,2,22.73,63,0.0,0.0,0.0
189.0,3,pa_8,E7,25.0,5,0.0,0,0.0,0.0,0,0,5,3,225.0,10,2,22.73,63,0.0,0.0,0.0
189.0,3,pa_8_rev,NEG_E7,25.0,5,75.0,3,60.0,0.0,0,0,2,3,225.0,10,2,22.73,63,25.0,0.38,0.6
190.0,3,pa_2,E0,20.0,4,80.0,4,100.0,66.67,2,2,0,1,225.0,10,2,22.73,63,20.0,0.86,1.0
190.0,3,pa_2_rev,NEG_E0,20.0,4,0.0,0,0.0,0.0,0,0,4,3,225.0,10,2,22.73,63,0.0,0.0,0.0
190.0,3,pa_3,E1,20.0,4,0.0,0,0.0,0.0,0,0,4,3,225.0,10,2,22.73,63,0.0,0.0,0.0
190.0,3,pa_3_rev,NEG_E1,20.0,4,20.0,1,25.0,0.0,0,0,3,3,225.0,10,2,22.73,63,20.0,0.14,0.25
190.0,3,pa_6,E5,25.0,5,50.0,2,40.0,0.0,0,0,3,3,225.0,10,2,22.73,63,25.0,0.25,0.4
190.0,3,pa_6_rev,NEG_E5,25.0,5,0.0,0,0.0,0.0,0,0,5,3,225.0,10,2,22.73,63,0.0,0.0,0.0
190.0,3,pa_7,E6,20.0,4,0.0,0,0.0,0.0,0,0,4,2,225.0,10,2,22.73,63,0.0,0.0,0.0
190.0,3,pa_7_rev,NEG_E6,20.0,4,0.0,0,0.0,0.0,0,0,4,2,225.0,10,2,22.73,63,0.0,0.0,0.0
190.0,3,pa_8,E7,25.0,5,0.0,0,0.0,0.0,0,0,5,3,225.0,10,2,22.73,63,0.0,0.0,0.0
190.0,3,pa_8_rev,NEG_E7,25.0,5,75.0,3,60.0,0.0,0,0,2,3,225.0,10,2,22.73,63,25.0,0.38,0.6
191.0,3,pa_2,E0,20.0,4,80.0,4,100.0,66.67,2,2,0,1,225.0,10,2,22.73,63,20.0,0.86,1.0
191.0,3,pa_2_rev,NEG_E0,20.0,4,0.0,0,0.0,0.0,0,0,4,3,225.0,10,2,22.73,63,0.0,0.0,0.0
191.0,3,pa_3,E1,20.0,4,0.0,0,0.0,0.0,0,0,4,3,225.0,10,2,22.73,63,0.0,0.0,0.0
191.0,3,pa_3_rev,NEG_E1,20.0,4,20.0,1,25.0,0.0,0,0,3,3,225.0,10,2,22.73,63,20.0,0.14,0.25
191.0,3,pa_6,E5,25.0,5,50.0,2,40.0,0.0,0,0,3,3,225.0,10,2,22.73,63,25.0,0.25,0.4
191.0,3,pa_6_rev,NEG_E5,25.0,5,0.0,0,0.0,0.0,0,0,5,3,225.0,10,2,22.73,63,0.0,0.0,0.0
191.0,3,pa_7,E6,20.0,4,0.0,0,0.0,0.0,0,0,4,2,225.0,10,2,22.73,63,0.0,0.0,0.0
191.0,3,pa_7_rev,NEG_E6,20.0,4,0.0,0,0.0,0.0,0,0,4,2,225.0,10,2,22.73,63,0.0,0.0,0.0
191.0,3,pa_8,E7,25.0,5,0.0,0,0.0,0.0,0,0,5,3,225.0,10,2,22.73,63,0.0,0.0,0.0
191.0,3,pa_8_rev,NEG_E7,25.0,5,75.0,3,60.0,0.0,0,0,2,3,225.0,10,2,22.73,63,25.0,0.38,0.6
192.0,3,pa_2,E0,20.0,4,80.0,4,100.0,66.67,2,2,0,1,225.0,10,2,22.73,63,20.0,0.86,1.0
192.0,3,pa_2_rev,NEG_E0,20.0,4,0.0,0,0.0,0.0,0,0,4,3,225.0,10,2,22.73,63,0.0,0.0,0.0
192.0,3,pa_3,E1,20.0,4,0.0,0,0.0,0.0,0,0,4,3,225.0,10,2,22.73,63,0.0,0.0,0.0
192.0,3,pa_3_rev,NEG_E1,20.0,4,20.0,1,25.0,0.0,0,0,3,3,225.0,10,2,22.73,63,20.0,0.14,0.25
192.0,3,pa_6,E5,25.0,5,50.0,2,40.0,0.0,0,0,3,3,225.0,10,2,22.73,63,25.0,0.25,0.4
192.0,3,pa_6_rev,NEG_E5,25.0,5,0.0,0,0.0,0.0,0,0,5,3,225.0,10,2,22.73,63,0.0,0.0,0.0
192.0,3,pa_7,E6,20.0,4,0.0,0,0.0,0.0,0,0,4,2,225.0,10,2,22.73,63,0.0,0.0,0.0
192.0,3,pa_7_rev,NEG_E6,20.0,4,0.0,0,0.0,0.0,0,0,4,2,225.0,10,2,22.73,63,0.0,0.0,0.0
192.0,3,pa_8,E7,25.0,5,0.0,0,0.0,0.0,0,0,5,3,225.0,10,2,22.73,63,0.0,0.0,0.0
192.0,3,pa_8_rev,NEG_E7,25.0,5,75.0,3,60.0,0.0,0,0,2,3,225.0,10,2,22.73,63,25.0,0.38,0.6
193.0,3,pa_2,E0,20.0,4,80.0,4,100.0,66.67,2,2,0,1,225.0,10,2,22.73,63,20.0,0.86,1.0
193.0,3,pa_2_rev,NEG_E0,20.0,4,0.0,0,0.0,0.0,0,0,4,3,225.0,10,2,22.73,63,0.0,0.0,0.0
193.0,3,pa_3,E1,20.0,4,0.0,0,0.0,0.0,0,0,4,3,225.0,10,2,22.73,63,0.0,0.0,0.0
193.0,3,pa_3_rev,NEG_E1,20.0,4,20.0,1,25.0,0.0,0,0,3,3,225.0,10,2,22.73,63,20.0,0.14,0.25
193.0,3,pa_6,E5,25.0,5,50.0,2,40.0,0.0,0,0,3,3,225.0,10,2,22.73,63,25.0,0.25,0.4
193.0,3,pa_6_rev,NEG_E5,25.0,5,0.0,0,0.0,0.0,0,0,5,3,225.0,10,2,22.73,63,0.0,0.0,0.0
193.0,3,pa_7,E6,20.0,4,0.0,0,0.0,0.0,0,0,4,2,225.0,10,2,22.73,63,0.0,0.0,0.0
193.0,3,pa_7_rev,NEG_E6,20.0,4,0.0,0,0.0,0.0,0,0,4,2,225.0,10,2,22.73,63,0.0,0.0,0.0
193.0,3,pa_8,E7,25.0,5,0.0,0,0.0,0.0,0,0,5,3,225.0,10,2,22.73,63,0.0,0.0,0.0
193.0,3,pa_8_rev,NEG_E7,25.0,5,75.0,3,60.0,0.0,0,0,2,3,225.0,10,2,22.73,63,25.0,0.38,0.6
194.0,3,pa_2,E0,20.0,4,80.0,4,100.0,66.67,2,2,0,1,225.0,10,2,22.73,63,20.0,0.86,1.0
194.0,3,pa_2_rev,NEG_E0,20.0,4,0.0,0,0.0,0.0,0,0,4,3,225.0,10,2,22.73,63,0.0,0.0,0.0
194.0,3,pa_3,E1,20.0,4,0.0,0,0.0,0.0,0,0,4,3,225.0,10,2,22.73,63,0.0,0.0,0.0
194.0,3,pa_3_rev,NEG_E1,20.0,4,20.0,1,25.0,0.0,0,0,3,3,225.0,10,2,22.73,63,20.0,0.14,0.25
194.0,3,pa_6,E5,25.0,5,50.0,2,40.0,0.0,0,0,3,3,225.0,10,2,22.73,63,25.0,0.25,0.4
194.0,3,pa_6_rev,NEG_E5,25.0,5,0.0,0,0.0,0.0,0,0,5,3,225.0,10,2,22.73,63,0.0,0.0,0.0
194.0,3,pa_7,E6,20.0,4,0.0,0,0.0,0.0,0,0,4,2,225.0,10,2,22.73,63,0.0,0.0,0.0
194.0,3,pa_7_rev,NEG_E6,20.0,4,0.0,0,0.0,0.0,0,0,4,2,225.0,10,2,22.73,63,0.0,0.0,0.0
194.0,3,pa_8,E7,25.0,5,0.0,0,0.0,0.0,0,0,5,3,225.0,10,2,22.73,63,0.0,0.0,0.0
194.0,3,pa_8_rev,NEG_E7,25.0,5,75.0,3,60.0,0.0,0,0,2,3,225.0,10,2,22.73,63,25.0,0.38,0.6
195.0,3,pa_2,E0,20.0,4,80.0,4,100.0,100.0,3,3,0,0,225.0,10,3,22.73,63,20.0,1.0,1.0
195.0,3,pa_2_rev,NEG_E0,20.0,4,0.0,0,0.0,0.0,0,0,4,3,225.0,10,3,22.73,63,0.0,0.0,0.0
195.0,3,pa_3,E1,20.0,4,0.0,0,0.0,0.0,0,0,4,3,225.0,10,3,22.73,63,0.0,0.0,0.0
195.0,3,pa_3_rev,NEG_E1,20.0,4,20.0,1,25.0,0.0,0,0,3,3,225.0,10,3,22.73,63,20.0,0.14,0.25
195.0,3,pa_6,E5,25.0,5,50.0,2,40.0,0.0,0,0,3,3,225.0,10,3,22.73,63,25.0,0.25,0.4
195.0,3,pa_6_rev,NEG_E5,25.0,5,0.0,0,0.0,0.0,0,0,5,3,225.0,10,3,22.73,63,0.0,0.0,0.0
195.0,3,pa_7,E6,20.0,4,0.0,0,0.0,0.0,0,0,4,2,225.0,10,3,22.73,63,0.0,0.0,0.0
195.0,3,pa_7_rev,NEG_E6,20.0,4,0.0,0,0.0,0.0,0,0,4,2,225.0,10,3,22.73,63,0.0,0.0,0.0
195.0,3,pa_8,E7,25.0,5,0.0,0,0.0,0.0,0,0,5,3,225.0,10,3,22.73,63,0.0,0.0,0.0
195.0,3,pa_8_rev,NEG_E7,25.0,5,75.0,3,60.0,0.0,0,0,2,3,225.0,10,3,22.73,63,25.0,0.38,0.6
196.0,3,pa_2,E0,20.0,4,80.0,4,100.0,100.0,3,3,0,0,225.0,10,3,22.73,63,20.0,1.0,1.0
196.0,3,pa_2_rev,NEG_E0,20.0,4,0.0,0,0.0,0.0,0,0,4,3,225.0,10,3,22.73,63,0.0,0.0,0.0
196.0,3,pa_3,E1,20.0,4,0.0,0,0.0,0.0,0,0,4,3,225.0,10,3,22.73,63,0.0,0.0,0.0
196.0,3,pa_3_rev,NEG_E1,20.0,4,20.0,1,25.0,0.0,0,0,3,3,225.0,10,3,22.73,63,20.0,0.14,0.25
196.0,3,pa_6,E5,25.0,5,50.0,2,40.0,0.0,0,0,3,3,225.0,10,3,22.73,63,25.0,0.25,0.4
196.0,3,pa_6_rev,NEG_E5,25.0,5,0.0,0,0.0,0.0,0,0,5,3,225.0,10,3,22.73,63,0.0,0.0,0.0
196.0,3,pa_7,E6,20.0,4,0.0,0,0.0,0.0,0,0,4,2,225.0,10,3,22.73,63,0.0,0.0,0.0
196.0,3,pa_7_rev,NEG_E6,20.0,4,0.0,0,0.0,0.0,0,0,4,2,225.0,10,3,22.73,63,0.0,0.0,0.0
196.0,3,pa_8,E7,25.0,5,0.0,0,0.0,0.0,0,0,5,3,225.0,10,3,22.73,63,0.0,0.0,0.0
196.0,3,pa_8_rev,NEG_E7,25.0,5,75.0,3,60.0,0.0,0,0,2,3,225.0,10,3,22.73,63,25.0,0.38,0.6
197.0,3,pa_2,E0,20.0,4,80.0,4,100.0,100.0,3,3,0,0,250.0,11,3,25.0,63,20.0,1.0,1.0
197.0,3,pa_2_rev,NEG_E0,20.0,4,0.0,0,0.0,0.0,0,0,4,3,250.0,11,3,25.0,63,0.0,0.0,0.0
197.0,3,pa_3,E1,20.0,4,0.0,0,0.0,0.0,0,0,4,3,250.0,11,3,25.0,63,0.0,0.0,0.0
197.0,3,pa_3_rev,NEG_E1,20.0,4,20.0,1,25.0,0.0,0,0,3,3,250.0,11,3,25.0,63,20.0,0.14,0.25
197.0,3,pa_6,E5,25.0,5,50.0,2,40.0,0.0,0,0,3,3,250.0,11,3,25.0,63,25.0,0.25,0.4
197.0,3,pa_6_rev,NEG_E5,25.0,5,0.0,0,0.0,0.0,0,0,5,3,250.0,11,3,25.0,63,0.0,0.0,0.0
197.0,3,pa_7,E6,20.0,4,0.0,0,0.0,0.0,0,0,4,2,250.0,11,3,25.0,63,0.0,0.0,0.0
197.0,3,pa_7_rev,NEG_E6,20.0,4,0.0,0,0.0,0.0,0,0,4,2,250.0,11,3,25.0,63,0.0,0.0,0.0
197.0,3,pa_8,E7,25.0,5,0.0,0,0.0,0.0,0,0,5,3,250.0,11,3,25.0,63,0.0,0.0,0.0
197.0,3,pa_8_rev,NEG_E7,25.0,5,100.0,4,80.0,0.0,0,0,1,3,250.0,11,3,25.0,63,25.0,0.5,0.8
198.0,3,pa_2,E0,20.0,4,80.0,4,100.0,100.0,3,3,0,0,250.0,11,3,25.0,63,20.0,1.0,1.0
198.0,3,pa_2_rev,NEG_E0,20.0,4,0.0,0,0.0,0.0,0,0,4,3,250.0,11,3,25.0,63,0.0,0.0,0.0
198.0,3,pa_3,E1,20.0,4,0.0,0,0.0,0.0,0,0,4,3,250.0,11,3,25.0,63,0.0,0.0,0.0
198.0,3,pa_3_rev,NEG_E1,20.0,4,20.0,1,25.0,0.0,0,0,3,3,250.0,11,3,25.0,63,20.0,0.14,0.25
198.0,3,pa_6,E5,25.0,5,50.0,2,40.0,0.0,0,0,3,3,250.0,11,3,25.0,63,25.0,0.25,0.4
198.0,3,pa_6_rev,NEG_E5,25.0,5,0.0,0,0.0,0.0,0,0,5,3,250.0,11,3,25.0,63,0.0,0.0,0.0
198.0,3,pa_7,E6,20.0,4,0.0,0,0.0,0.0,0,0,4,2,250.0,11,3,25.0,63,0.0,0.0,0.0
198.0,3,pa_7_rev,NEG_E6,20.0,4,0.0,0,0.0,0.0,0,0,4,2,250.0,11,3,25.0,63,0.0,0.0,0.0
198.0,3,pa_8,E7,25.0,5,0.0,0,0.0,0.0,0,0,5,3,250.0,11,3,25.0,63,0.0,0.0,0.0
198.0,3,pa_8_rev,NEG_E7,25.0,5,100.0,4,80.0,0.0,0,0,1,3,250.0,11,3,25.0,63,25.0,0.5,0.8
199.0,3,pa_2,E0,20.0,4,80.0,4,100.0,100.0,3,3,0,0,275.0,12,3,27.27,63,20.0,1.0,1.0
199.0,3,pa_2_rev,NEG_E0,20.0,4,0.0,0,0.0,0.0,0,0,4,3,275.0,12,3,27.27,63,0.0,0.0,0.0
199.0,3,pa_3,E1,20.0,4,0.0,0,0.0,0.0,0,0,4,3,275.0,12,3,27.27,63,0.0,0.0,0.0
199.0,3,pa_3_rev,NEG_E1,20.0,4,20.0,1,25.0,0.0,0,0,3,3,275.0,12,3,27.27,63,20.0,0.14,0.25
199.0,3,pa_6,E5,25.0,5,50.0,2,40.0,0.0,0,0,3,3,275.0,12,3,27.27,63,25.0,0.25,0.4
199.0,3,pa_6_rev,NEG_E5,25.0,5,0.0,0,0.0,0.0,0,0,5,3,275.0,12,3,27.27,63,0.0,0.0,0.0
199.0,3,pa_7,E6,20.0,4,0.0,0,0.0,0.0,0,0,4,2,275.0,12,3,27.27,63,0.0,0.0,0.0
199.0,3,pa_7_rev,NEG_E6,20.0,4,0.0,0,0.0,0.0,0,0,4,2,275.0,12,3,27.27,63,0.0,0.0,0.0
199.0,3,pa_8,E7,25.0,5,0.0,0,0.0,0.0,0,0,5,3,275.0,12,3,27.27,63,0.0,0.0,0.0
199.0,3,pa_8_rev,NEG_E7,25.0,5,125.0,5,100.0,0.0,0,0,0,3,275.0,12,3,27.27,63,25.0,0.62,1.0
200.0,3,pa_2,E0,20.0,4,80.0,4,100.0,100.0,3,3,0,0,275.0,12,3,27.27,63,20.0,1.0,1.0
200.0,3,pa_2_rev,NEG_E0,20.0,4,0.0,0,0.0,0.0,0,0,4,3,275.0,12,3,27.27,63,0.0,0.0,0.0
200.0,3,pa_3,E1,20.0,4,0.0,0,0.0,0.0,0,0,4,3,275.0,12,3,27.27,63,0.0,0.0,0.0
200.0,3,pa_3_rev,NEG_E1,20.0,4,20.0,1,25.0,0.0,0,0,3,3,275.0,12,3,27.27,63,20.0,0.14,0.25
200.0,3,pa_6,E5,25.0,5,50.0,2,40.0,0.0,0,0,3,3,275.0,12,3,27.27,63,25.0,0.25,0.4
200.0,3,pa_6_rev,NEG_E5,25.0,5,0.0,0,0.0,0.0,0,0,5,3,275.0,12,3,27.27,63,0.0,0.0,0.0
200.0,3,pa_7,E6,20.0,4,0.0,0,0.0,0.0,0,0,4,2,275.0,12,3,27.27,63,0.0,0.0,0.0
200.0,3,pa_7_rev,NEG_E6,20.0,4,0.0,0,0.0,0.0,0,0,4,2,275.0,12,3,27.27,63,0.0,0.0,0.0
200.0,3,pa_8,E7,25.0,5,0.0,0,0.0,0.0,0,0,5,3,275.0,12,3,27.27,63,0.0,0.0,0.0
200.0,3,pa_8_rev,NEG_E7,25.0,5,125.0,5,100.0,0.0,0,0,0,3,275.0,12,3,27.27,63,25.0,0.62,1.0
201.0,3,pa_2,E0,20.0,4,80.0,4,100.0,100.0,3,3,0,0,275.0,12,3,27.27,64,20.0,1.0,1.0
201.0,3,pa_2_rev,NEG_E0,20.0,4,0.0,0,0.0,0.0,0,0,4,3,275.0,12,3,27.27,64,0.0,0.0,0.0
201.0,3,pa_3,E1,20.0,4,0.0,0,0.0,0.0,0,0,4,3,275.0,12,3,27.27,64,0.0,0.0,0.0
201.0,3,pa_3_rev,NEG_E1,20.0,4,20.0,1,25.0,0.0,0,0,3,3,275.0,12,3,27.27,64,20.0,0.14,0.25
201.0,3,pa_6,E5,25.0,5,50.0,2,40.0,0.0,0,0,3,3,275.0,12,3,27.27,64,25.0,0.25,0.4
201.0,3,pa_6_rev,NEG_E5,25.0,5,0.0,0,0.0,0.0,0,0,5,3,275.0,12,3,27.27,64,0.0,0.0,0.0
201.0,3,pa_7,E6,20.0,4,0.0,0,0.0,0.0,0,0,4,2,275.0,12,3,27.27,64,0.0,0.0,0.0
201.0,3,pa_7_rev,NEG_E6,20.0,4,0.0,0,0.0,0.0,0,0,4,2,275.0,12,3,27.27,64,0.0,0.0,0.0
201.0,3,pa_8,E7,25.0,5,0.0,0,0.0,0.0,0,0,5,3,275.0,12,3,27.27,64,0.0,0.0,0.0
201.0,3,pa_8_rev,NEG_E7,25.0,5,125.0,5,100.0,0.0,0,0,0,3,275.0,12,3,27.27,64,25.0,0.62,1.0
202.0,3,pa_2,E0,20.0,4,80.0,4,100.0,100.0,3,3,0,0,275.0,12,3,27.27,64,20.0,1.0,1.0
202.0,3,pa_2_rev,NEG_E0,20.0,4,0.0,0,0.0,0.0,0,0,4,3,275.0,12,3,27.27,64,0.0,0.0,0.0
202.0,3,pa_3,E1,20.0,4,0.0,0,0.0,0.0,0,0,4,3,275.0,12,3,27.27,64,0.0,0.0,0.0
202.0,3,pa_3_rev,NEG_E1,20.0,4,20.0,1,25.0,0.0,0,0,3,3,275.0,12,3,27.27,64,20.0,0.14,0.25
202.0,3,pa_6,E5,25.0,5,50.0,2,40.0,0.0,0,0,3,3,275.0,12,3,27.27,64,25.0,0.25,0.4
202.0,3,pa_6_rev,NEG_E5,25.0,5,0.0,0,0.0,0.0,0,0,5,3,275.0,12,3,27.27,64,0.0,0.0,0.0
202.0,3,pa_7,E6,20.0,4,0.0,0,0.0,0.0,0,0,4,2,275.0,12,3,27.27,64,0.0,0.0,0.0
202.0,3,pa_7_rev,NEG_E6,20.0,4,0.0,0,0.0,0.0,0,0,4,2,275.0,12,3,27.27,64,0.0,0.0,0.0
202.0,3,pa_8,E7,25.0,5,0.0,0,0.0,0.0,0,0,5,3,275.0,12,3,27.27,64,0.0,0.0,0.0
202.0,3,pa_8_rev,NEG_E7,25.0,5,125.0,5,100.0,0.0,0,0,0,3,275.0,12,3,27.27,64,25.0,0.62,1.0
203.0,3,pa_2,E0,20.0,4,80.0,4,100.0,100.0,3,3,0,0,275.0,12,4,27.27,64,20.0,1.0,1.0
203.0,3,pa_2_rev,NEG_E0,20.0,4,0.0,0,0.0,0.0,0,0,4,3,275.0,12,4,27.27,64,0.0,0.0,0.0
203.0,3,pa_3,E1,20.0,4,0.0,0,0.0,0.0,0,0,4,3,275.0,12,4,27.27,64,0.0,0.0,0.0
203.0,3,pa_3_rev,NEG_E1,20.0,4,20.0,1,25.0,0.0,0,0,3,3,275.0,12,4,27.27,64,20.0,0.14,0.25
203.0,3,pa_6,E5,25.0,5,50.0,2,40.0,0.0,0,0,3,3,275.0,12,4,27.27,64,25.0,0.25,0.4
203.0,3,pa_6_rev,NEG_E5,25.0,5,0.0,0,0.0,0.0,0,0,5,3,275.0,12,4,27.27,64,0.0,0.0,0.0
203.0,3,pa_7,E6,20.0,4,0.0,0,0.0,0.0,0,0,4,2,275.0,12,4,27.27,64,0.0,0.0,0.0
203.0,3,pa_7_rev,NEG_E6,20.0,4,0.0,0,0.0,0.0,0,0,4,2,275.0,12,4,27.27,64,0.0,0.0,0.0
203.0,3,pa_8,E7,25.0,5,0.0,0,0.0,0.0,0,0,5,3,275.0,12,4,27.27,64,0.0,0.0,0.0
203.0,3,pa_8_rev,NEG_E7,25.0,5,125.0,5,100.0,33.33,1,1,0,2,275.0,12,4,27.27,64,25.0,0.75,1.0
204.0,3,pa_2,E0,20.0,4,80.0,4,100.0,100.0,3,3,0,0,275.0,12,4,27.27,64,20.0,1.0,1.0
204.0,3,pa_2_rev,NEG_E0,20.0,4,0.0,0,0.0,0.0,0,0,4,3,275.0,12,4,27.27,64,0.0,0.0,0.0
204.0,3,pa_3,E1,20.0,4,0.0,0,0.0,0.0,0,0,4,3,275.0,12,4,27.27,64,0.0,0.0,0.0
204.0,3,pa_3_rev,NEG_E1,20.0,4,20.0,1,25.0,0.0,0,0,3,3,275.0,12,4,27.27,64,20.0,0.14,0.25
204.0,3,pa_6,E5,25.0,5,50.0,2,40.0,0.0,0,0,3,3,275.0,12,4,27.27,64,25.0,0.25,0.4
204.0,3,pa_6_rev,NEG_E5,25.0,5,0.0,0,0.0,0.0,0,0,5,3,275.0,12,4,27.27,64,0.0,0.0,0.0
204.0,3,pa_7,E6,20.0,4,0.0,0,0.0,0.0,0,0,4,2,275.0,12,4,27.27,64,0.0,0.0,0.0
204.0,3,pa_7_rev,NEG_E6,20.0,4,0.0,0,0.0,0.0,0,0,4,2,275.0,12,4,27.27,64,0.0,0.0,0.0
204.0,3,pa_8,E7,25.0,5,0.0,0,0.0,0.0,0,0,5,3,275.0,12,4,27.27,64,0.0,0.0,0.0
204.0,3,pa_8_rev,NEG_E7,25.0,5,125.0,5,100.0,33.33,1,1,0,2,275.0,12,4,27.27,64,25.0,0.75,1.0
205.0,3,pa_2,E0,20.0,4,80.0,4,100.0,100.0,3,3,0,0,275.0,12,4,27.27,64,20.0,1.0,1.0
205.0,3,pa_2_rev,NEG_E0,20.0,4,0.0,0,0.0,0.0,0,0,4,3,275.0,12,4,27.27,64,0.0,0.0,0.0
205.0,3,pa_3,E1,20.0,4,0.0,0,0.0,0.0,0,0,4,3,275.0,12,4,27.27,64,0.0,0.0,0.0
205.0,3,pa_3_rev,NEG_E1,20.0,4,20.0,1,25.0,0.0,0,0,3,3,275.0,12,4,27.27,64,20.0,0.14,0.25
205.0,3,pa_6,E5,25.0,5,50.0,2,40.0,0.0,0,0,3,3,275.0,12,4,27.27,64,25.0,0.25,0.4
205.0,3,pa_6_rev,NEG_E5,25.0,5,0.0,0,0.0,0.0,0,0,5,3,275.0,12,4,27.27,64,0.0,0.0,0.0
205.0,3,pa_7,E6,20.0,4,0.0,0,0.0,0.0,0,0,4,2,275.0,12,4,27.27,64,0.0,0.0,0.0
205.0,3,pa_7_rev,NEG_E6,20.0,4,0.0,0,0.0,0.0,0,0,4,2,275.0,12,4,27.27,64,0.0,0.0,0.0
205.0,3,pa_8,E7,25.0,5,0.0,0,0.0,0.0,0,0,5,3,275.0,12,4,27.27,64,0.0,0.0,0.0
205.0,3,pa_8_rev,NEG_E7,25.0,5,125.0,5,100.0,33.33,1,1,0,2,275.0,12,4,27.27,64,25.0,0.75,1.0
206.0,3,pa_2,E0,20.0,4,80.0,4,100.0,100.0,3,3,0,0,275.0,12,4,27.27,69,20.0,1.0,1.0
206.0,3,pa_2_rev,NEG_E0,20.0,4,0.0,0,0.0,0.0,0,0,4,3,275.0,12,4,27.27,69,0.0,0.0,0.0
206.0,3,pa_3,E1,20.0,4,0.0,0,0.0,0.0,0,0,4,3,275.0,12,4,27.27,69,0.0,0.0,0.0
206.0,3,pa_3_rev,NEG_E1,20.0,4,20.0,1,25.0,0.0,0,0,3,3,275.0,12,4,27.27,69,20.0,0.14,0.25
206.0,3,pa_6,E5,25.0,5,50.0,2,40.0,0.0,0,0,3,3,275.0,12,4,27.27,69,25.0,0.25,0.4
206.0,3,pa_6_rev,NEG_E5,25.0,5,0.0,0,0.0,0.0,0,0,5,3,275.0,12,4,27.27,69,0.0,0.0,0.0
206.0,3,pa_7,E6,20.0,4,0.0,0,0.0,0.0,0,0,4,2,275.0,12,4,27.27,69,0.0,0.0,0.0
206.0,3,pa_7_rev,NEG_E6,20.0,4,0.0,0,0.0,0.0,0,0,4,2,275.0,12,4,27.27,69,0.0,0.0,0.0
206.0,3,pa_8,E7,25.0,5,0.0,0,0.0,0.0,0,0,5,3,275.0,12,4,27.27,69,0.0,0.0,0.0
206.0,3,pa_8_rev,NEG_E7,25.0,5,125.0,5,100.0,33.33,1,1,0,2,275.0,12,4,27.27,69,25.0,0.75,1.0
207.0,3,pa_2,E0,20.0,4,80.0,4,100.0,100.0,3,3,0,0,275.0,12,4,27.27,69,20.0,1.0,1.0
207.0,3,pa_2_rev,NEG_E0,20.0,4,0.0,0,0.0,0.0,0,0,4,3,275.0,12,4,27.27,69,0.0,0.0,0.0
207.0,3,pa_3,E1,20.0,4,0.0,0,0.0,0.0,0,0,4,3,275.0,12,4,27.27,69,0.0,0.0,0.0
207.0,3,pa_3_rev,NEG_E1,20.0,4,20.0,1,25.0,0.0,0,0,3,3,275.0,12,4,27.27,69,20.0,0.14,0.25
207.0,3,pa_6,E5,25.0,5,50.0,2,40.0,0.0,0,0,3,3,275.0,12,4,27.27,69,25.0,0.25,0.4
207.0,3,pa_6_rev,NEG_E5,25.0,5,0.0,0,0.0,0.0,0,0,5,3,275.0,12,4,27.27,69,0.0,0.0,0.0
207.0,3,pa_7,E6,20.0,4,0.0,0,0.0,0.0,0,0,4,2,275.0,12,4,27.27,69,0.0,0.0,0.0
207.0,3,pa_7_rev,NEG_E6,20.0,4,0.0,0,0.0,0.0,0,0,4,2,275.0,12,4,27.27,69,0.0,0.0,0.0
207.0,3,pa_8,E7,25.0,5,0.0,0,0.0,0.0,0,0,5,3,275.0,12,4,27.27,69,0.0,0.0,0.0
207.0,3,pa_8_rev,NEG_E7,25.0,5,125.0,5,100.0,33.33,1,1,0,2,275.0,12,4,27.27,69,25.0,0.75,1.0
208.0,3,pa_2,E0,20.0,4,80.0,4,100.0,100.0,3,3,0,0,275.0,12,4,27.27,69,20.0,1.0,1.0
208.0,3,pa_2_rev,NEG_E0,20.0,4,0.0,0,0.0,0.0,0,0,4,3,275.0,12,4,27.27,69,0.0,0.0,0.0
208.0,3,pa_3,E1,20.0,4,0.0,0,0.0,0.0,0,0,4,3,275.0,12,4,27.27,69,0.0,0.0,0.0
208.0,3,pa_3_rev,NEG_E1,20.0,4,20.0,1,25.0,0.0,0,0,3,3,275.0,12,4,27.27,69,20.0,0.14,0.25
208.0,3,pa_6,E5,25.0,5,50.0,2,40.0,0.0,0,0,3,3,275.0,12,4,27.27,69,25.0,0.25,0.4
208.0,3,pa_6_rev,NEG_E5,25.0,5,0.0,0,0.0,0.0,0,0,5,3,275.0,12,4,27.27,69,0.0,0.0,0.0
208.0,3,pa_7,E6,20.0,4,0.0,0,0.0,0.0,0,0,4,2,275.0,12,4,27.27,69,0.0,0.0,0.0
208.0,3,pa_7_rev,NEG_E6,20.0,4,0.0,0,0.0,0.0,0,0,4,2,275.0,12,4,27.27,69,0.0,0.0,0.0
208.0,3,pa_8,E7,25.0,5,0.0,0,0.0,0.0,0,0,5,3,275.0,12,4,27.27,69,0.0,0.0,0.0
208.0,3,pa_8_rev,NEG_E7,25.0,5,125.0,5,100.0,33.33,1,1,0,2,275.0,12,4,27.27,69,25.0,0.75,1.0
209.0,3,pa_2,E0,20.0,4,80.0,4,100.0,100.0,3,3,0,0,275.0,12,4,27.27,69,20.0,1.0,1.0
209.0,3,pa_2_rev,NEG_E0,20.0,4,0.0,0,0.0,0.0,0,0,4,3,275.0,12,4,27.27,69,0.0,0.0,0.0
209.0,3,pa_3,E1,20.0,4,0.0,0,0.0,0.0,0,0,4,3,275.0,12,4,27.27,69,0.0,0.0,0.0
209.0,3,pa_3_rev,NEG_E1,20.0,4,20.0,1,25.0,0.0,0,0,3,3,275.0,12,4,27.27,69,20.0,0.14,0.25
209.0,3,pa_6,E5,25.0,5,50.0,2,40.0,0.0,0,0,3,3,275.0,12,4,27.27,69,25.0,0.25,0.4
209.0,3,pa_6_rev,NEG_E5,25.0,5,0.0,0,0.0,0.0,0,0,5,3,275.0,12,4,27.27,69,0.0,0.0,0.0
209.0,3,pa_7,E6,20.0,4,0.0,0,0.0,0.0,0,0,4,2,275.0,12,4,27.27,69,0.0,0.0,0.0
209.0,3,pa_7_rev,NEG_E6,20.0,4,0.0,0,0.0,0.0,0,0,4,2,275.0,12,4,27.27,69,0.0,0.0,0.0
209.0,3,pa_8,E7,25.0,5,0.0,0,0.0,0.0,0,0,5,3,275.0,12,4,27.27,69,0.0,0.0,0.0
209.0,3,pa_8_rev,NEG_E7,25.0,5,125.0,5,100.0,33.33,1,1,0,2,275.0,12,4,27.27,69,25.0,0.75,1.0
210.0,3,pa_2,E0,20.0,4,80.0,4,100.0,100.0,3,3,0,0,275.0,12,4,27.27,69,20.0,1.0,1.0
210.0,3,pa_2_rev,NEG_E0,20.0,4,0.0,0,0.0,0.0,0,0,4,3,275.0,12,4,27.27,69,0.0,0.0,0.0
210.0,3,pa_3,E1,20.0,4,0.0,0,0.0,0.0,0,0,4,3,275.0,12,4,27.27,69,0.0,0.0,0.0
210.0,3,pa_3_rev,NEG_E1,20.0,4,20.0,1,25.0,0.0,0,0,3,3,275.0,12,4,27.27,69,20.0,0.14,0.25
210.0,3,pa_6,E5,25.0,5,50.0,2,40.0,0.0,0,0,3,3,275.0,12,4,27.27,69,25.0,0.25,0.4
210.0,3,pa_6_rev,NEG_E5,25.0,5,0.0,0,0.0,0.0,0,0,5,3,275.0,12,4,27.27,69,0.0,0.0,0.0
210.0,3,pa_7,E6,20.0,4,0.0,0,0.0,0.0,0,0,4,2,275.0,12,4,27.27,69,0.0,0.0,0.0
210.0,3,pa_7_rev,NEG_E6,20.0,4,0.0,0,0.0,0.0,0,0,4,2,275.0,12,4,27.27,69,0.0,0.0,0.0
210.0,3,pa_8,E7,25.0,5,0.0,0,0.0,0.0,0,0,5,3,275.0,12,4,27.27,69,0.0,0.0,0.0
210.0,3,pa_8_rev,NEG_E7,25.0,5,125.0,5,100.0,33.33,1,1,0,2,275.0,12,4,27.27,69,25.0,0.75,1.0
211.0,3,pa_2,E0,20.0,4,80.0,4,100.0,100.0,3,3,0,0,275.0,12,4,27.27,69,20.0,1.0,1.0
211.0,3,pa_2_rev,NEG_E0,20.0,4,0.0,0,0.0,0.0,0,0,4,3,275.0,12,4,27.27,69,0.0,0.0,0.0
211.0,3,pa_3,E1,20.0,4,0.0,0,0.0,0.0,0,0,4,3,275.0,12,4,27.27,69,0.0,0.0,0.0
211.0,3,pa_3_rev,NEG_E1,20.0,4,20.0,1,25.0,0.0,0,0,3,3,275.0,12,4,27.27,69,20.0,0.14,0.25
211.0,3,pa_6,E5,25.0,5,50.0,2,40.0,0.0,0,0,3,3,275.0,12,4,27.27,69,25.0,0.25,0.4
211.0,3,pa_6_rev,NEG_E5,25.0,5,0.0,0,0.0,0.0,0,0,5,3,275.0,12,4,27.27,69,0.0,0.0,0.0
211.0,3,pa_7,E6,20.0,4,0.0,0,0.0,0.0,0,0,4,2,275.0,12,4,27.27,69,0.0,0.0,0.0
211.0,3,pa_7_rev,NEG_E6,20.0,4,0.0,0,0.0,0.0,0,0,4,2,275.0,12,4,27.27,69,0.0,0.0,0.0
211.0,3,pa_8,E7,25.0,5,0.0,0,0.0,0.0,0,0,5,3,275.0,12,4,27.27,69,0.0,0.0,0.0
211.0,3,pa_8_rev,NEG_E7,25.0,5,125.0,5,100.0,33.33,1,1,0,2,275.0,12,4,27.27,69,25.0,0.75,1.0
212.0,3,pa_2,E0,20.0,4,80.0,4,100.0,100.0,3,3,0,0,275.0,12,4,27.27,69,20.0,1.0,1.0
212.0,3,pa_2_rev,NEG_E0,20.0,4,0.0,0,0.0,0.0,0,0,4,3,275.0,12,4,27.27,69,0.0,0.0,0.0
212.0,3,pa_3,E1,20.0,4,0.0,0,0.0,0.0,0,0,4,3,275.0,12,4,27.27,69,0.0,0.0,0.0
212.0,3,pa_3_rev,NEG_E1,20.0,4,20.0,1,25.0,0.0,0,0,3,3,275.0,12,4,27.27,69,20.0,0.14,0.25
212.0,3,pa_6,E5,25.0,5,50.0,2,40.0,0.0,0,0,3,3,275.0,12,4,27.27,69,25.0,0.25,0.4
212.0,3,pa_6_rev,NEG_E5,25.0,5,0.0,0,0.0,0.0,0,0,5,3,275.0,12,4,27.27,69,0.0,0.0,0.0
212.0,3,pa_7,E6,20.0,4,0.0,0,0.0,0.0,0,0,4,2,275.0,12,4,27.27,69,0.0,0.0,0.0
212.0,3,pa_7_rev,NEG_E6,20.0,4,0.0,0,0.0,0.0,0,0,4,2,275.0,12,4,27.27,69,0.0,0.0,0.0
212.0,3,pa_8,E7,25.0,5,0.0,0,0.0,0.0,0,0,5,3,275.0,12,4,27.27,69,0.0,0.0,0.0
212.0,3,pa_8_rev,NEG_E7,25.0,5,125.0,5,100.0,33.33,1,1,0,2,275.0,12,4,27.27,69,25.0,0.75,1.0
213.0,3,pa_2,E0,20.0,4,80.0,4,100.0,100.0,3,3,0,0,275.0,12,4,27.27,69,20.0,1.0,1.0
213.0,3,pa_2_rev,NEG_E0,20.0,4,0.0,0,0.0,0.0,0,0,4,3,275.0,12,4,27.27,69,0.0,0.0,0.0
213.0,3,pa_3,E1,20.0,4,0.0,0,0.0,0.0,0,0,4,3,275.0,12,4,27.27,69,0.0,0.0,0.0
213.0,3,pa_3_rev,NEG_E1,20.0,4,20.0,1,25.0,0.0,0,0,3,3,275.0,12,4,27.27,69,20.0,0.14,0.25
213.0,3,pa_6,E5,25.0,5,50.0,2,40.0,0.0,0,0,3,3,275.0,12,4,27.27,69,25.0,0.25,0.4
213.0,3,pa_6_rev,NEG_E5,25.0,5,0.0,0,0.0,0.0,0,0,5,3,275.0,12,4,27.27,69,0.0,0.0,0.0
213.0,3,pa_7,E6,20.0,4,0.0,0,0.0,0.0,0,0,4,2,275.0,12,4,27.27,69,0.0,0.0,0.0
213.0,3,pa_7_rev,NEG_E6,20.0,4,0.0,0,0.0,0.0,0,0,4,2,275.0,12,4,27.27,69,0.0,0.0,0.0
213.0,3,pa_8,E7,25.0,5,0.0,0,0.0,0.0,0,0,5,3,275.0,12,4,27.27,69,0.0,0.0,0.0
213.0,3,pa_8_rev,NEG_E7,25.0,5,125.0,5,100.0,33.33,1,1,0,2,275.0,12,4,27.27,69,25.0,0.75,1.0
214.0,3,pa_2,E0,20.0,4,80.0,4,100.0,100.0,3,3,0,0,275.0,12,4,27.27,69,20.0,1.0,1.0
214.0,3,pa_2_rev,NEG_E0,20.0,4,0.0,0,0.0,0.0,0,0,4,3,275.0,12,4,27.27,69,0.0,0.0,0.0
214.0,3,pa_3,E1,20.0,4,0.0,0,0.0,0.0,0,0,4,3,275.0,12,4,27.27,69,0.0,0.0,0.0
214.0,3,pa_3_rev,NEG_E1,20.0,4,20.0,1,25.0,0.0,0,0,3,3,275.0,12,4,27.27,69,20.0,0.14,0.25
214.0,3,pa_6,E5,25.0,5,50.0,2,40.0,0.0,0,0,3,3,275.0,12,4,27.27,69,25.0,0.25,0.4
214.0,3,pa_6_rev,NEG_E5,25.0,5,0.0,0,0.0,0.0,0,0,5,3,275.0,12,4,27.27,69,0.0,0.0,0.0
214.0,3,pa_7,E6,20.0,4,0.0,0,0.0,0.0,0,0,4,2,275.0,12,4,27.27,69,0.0,0.0,0.0
214.0,3,pa_7_rev,NEG_E6,20.0,4,0.0,0,0.0,0.0,0,0,4,2,275.0,12,4,27.27,69,0.0,0.0,0.0
214.0,3,pa_8,E7,25.0,5,0.0,0,0.0,0.0,0,0,5,3,275.0,12,4,27.27,69,0.0,0.0,0.0
214.0,3,pa_8_rev,NEG_E7,25.0,5,125.0,5,100.0,33.33,1,1,0,2,275.0,12,4,27.27,69,25.0,0.75,1.0
215.0,3,pa_2,E0,20.0,4,80.0,4,100.0,100.0,3,3,0,0,275.0,12,4,27.27,69,20.0,1.0,1.0
215.0,3,pa_2_rev,NEG_E0,20.0,4,0.0,0,0.0,0.0,0,0,4,3,275.0,12,4,27.27,69,0.0,0.0,0.0
215.0,3,pa_3,E1,20.0,4,0.0,0,0.0,0.0,0,0,4,3,275.0,12,4,27.27,69,0.0,0.0,0.0
215.0,3,pa_3_rev,NEG_E1,20.0,4,20.0,1,25.0,0.0,0,0,3,3,275.0,12,4,27.27,69,20.0,0.14,0.25
215.0,3,pa_6,E5,25.0,5,50.0,2,40.0,0.0,0,0,3,3,275.0,12,4,27.27,69,25.0,0.25,0.4
215.0,3,pa_6_rev,NEG_E5,25.0,5,0.0,0,0.0,0.0,0,0,5,3,275.0,12,4,27.27,69,0.0,0.0,0.0
215.0,3,pa_7,E6,20.0,4,0.0,0,0.0,0.0,0,0,4,2,275.0,12,4,27.27,69,0.0,0.0,0.0
215.0,3,pa_7_rev,NEG_E6,20.0,4,0.0,0,0.0,0.0,0,0,4,2,275.0,12,4,27.27,69,0.0,0.0,0.0
215.0,3,pa_8,E7,25.0,5,0.0,0,0.0,0.0,0,0,5,3,275.0,12,4,27.27,69,0.0,0.0,0.0
215.0,3,pa_8_rev,NEG_E7,25.0,5,125.0,5,100.0,33.33,1,1,0,2,275.0,12,4,27.27,69,25.0,0.75,1.0
216.0,3,pa_2,E0,20.0,4,80.0,4,100.0,100.0,3,3,0,0,275.0,12,4,27.27,69,20.0,1.0,1.0
216.0,3,pa_2_rev,NEG_E0,20.0,4,0.0,0,0.0,0.0,0,0,4,3,275.0,12,4,27.27,69,0.0,0.0,0.0
216.0,3,pa_3,E1,20.0,4,0.0,0,0.0,0.0,0,0,4,3,275.0,12,4,27.27,69,0.0,0.0,0.0
216.0,3,pa_3_rev,NEG_E1,20.0,4,20.0,1,25.0,0.0,0,0,3,3,275.0,12,4,27.27,69,20.0,0.14,0.25
216.0,3,pa_6,E5,25.0,5,50.0,2,40.0,0.0,0,0,3,3,275.0,12,4,27.27,69,25.0,0.25,0.4
216.0,3,pa_6_rev,NEG_E5,25.0,5,0.0,0,0.0,0.0,0,0,5,3,275.0,12,4,27.27,69,0.0,0.0,0.0
216.0,3,pa_7,E6,20.0,4,0.0,0,0.0,0.0,0,0,4,2,275.0,12,4,27.27,69,0.0,0.0,0.0
216.0,3,pa_7_rev,NEG_E6,20.0,4,0.0,0,0.0,0.0,0,0,4,2,275.0,12,4,27.27,69,0.0,0.0,0.0
216.0,3,pa_8,E7,25.0,5,0.0,0,0.0,0.0,0,0,5,3,275.0,12,4,27.27,69,0.0,0.0,0.0
216.0,3,pa_8_rev,NEG_E7,25.0,5,125.0,5,100.0,33.33,1,1,0,2,275.0,12,4,27.27,69,25.0,0.75,1.0
217.0,3,pa_2,E0,20.0,4,80.0,4,100.0,100.0,3,3,0,0,275.0,12,4,27.27,71,20.0,1.0,1.0
217.0,3,pa_2_rev,NEG_E0,20.0,4,0.0,0,0.0,0.0,0,0,4,3,275.0,12,4,27.27,71,0.0,0.0,0.0
217.0,3,pa_3,E1,20.0,4,0.0,0,0.0,0.0,0,0,4,3,275.0,12,4,27.27,71,0.0,0.0,0.0
217.0,3,pa_3_rev,NEG_E1,20.0,4,20.0,1,25.0,0.0,0,0,3,3,275.0,12,4,27.27,71,20.0,0.14,0.25
217.0,3,pa_6,E5,25.0,5,50.0,2,40.0,0.0,0,0,3,3,275.0,12,4,27.27,71,25.0,0.25,0.4
217.0,3,pa_6_rev,NEG_E5,25.0,5,0.0,0,0.0,0.0,0,0,5,3,275.0,12,4,27.27,71,0.0,0.0,0.0
217.0,3,pa_7,E6,20.0,4,0.0,0,0.0,0.0,0,0,4,2,275.0,12,4,27.27,71,0.0,0.0,0.0
217.0,3,pa_7_rev,NEG_E6,20.0,4,0.0,0,0.0,0.0,0,0,4,2,275.0,12,4,27.27,71,0.0,0.0,0.0
217.0,3,pa_8,E7,25.0,5,0.0,0,0.0,0.0,0,0,5,3,275.0,12,4,27.27,71,0.0,0.0,0.0
217.0,3,pa_8_rev,NEG_E7,25.0,5,125.0,5,100.0,33.33,1,1,0,2,275.0,12,4,27.27,71,25.0,0.75,1.0
218.0,3,pa_2,E0,20.0,4,80.0,4,100.0,100.0,3,3,0,0,275.0,12,4,27.27,71,20.0,1.0,1.0
218.0,3,pa_2_rev,NEG_E0,20.0,4,0.0,0,0.0,0.0,0,0,4,3,275.0,12,4,27.27,71,0.0,0.0,0.0
218.0,3,pa_3,E1,20.0,4,0.0,0,0.0,0.0,0,0,4,3,275.0,12,4,27.27,71,0.0,0.0,0.0
218.0,3,pa_3_rev,NEG_E1,20.0,4,20.0,1,25.0,0.0,0,0,3,3,275.0,12,4,27.27,71,20.0,0.14,0.25
218.0,3,pa_6,E5,25.0,5,50.0,2,40.0,0.0,0,0,3,3,275.0,12,4,27.27,71,25.0,0.25,0.4
218.0,3,pa_6_rev,NEG_E5,25.0,5,0.0,0,0.0,0.0,0,0,5,3,275.0,12,4,27.27,71,0.0,0.0,0.0
218.0,3,pa_7,E6,20.0,4,0.0,0,0.0,0.0,0,0,4,2,275.0,12,4,27.27,71,0.0,0.0,0.0
218.0,3,pa_7_rev,NEG_E6,20.0,4,0.0,0,0.0,0.0,0,0,4,2,275.0,12,4,27.27,71,0.0,0.0,0.0
218.0,3,pa_8,E7,25.0,5,0.0,0,0.0,0.0,0,0,5,3,275.0,12,4,27.27,71,0.0,0.0,0.0
218.0,3,pa_8_rev,NEG_E7,25.0,5,125.0,5,100.0,33.33,1,1,0,2,275.0,12,4,27.27,71,25.0,0.75,1.0
219.0,3,pa_2,E0,20.0,4,80.0,4,100.0,100.0,3,3,0,0,275.0,12,4,27.27,71,20.0,1.0,1.0
219.0,3,pa_2_rev,NEG_E0,20.0,4,0.0,0,0.0,0.0,0,0,4,3,275.0,12,4,27.27,71,0.0,0.0,0.0
219.0,3,pa_3,E1,20.0,4,0.0,0,0.0,0.0,0,0,4,3,275.0,12,4,27.27,71,0.0,0.0,0.0
219.0,3,pa_3_rev,NEG_E1,20.0,4,20.0,1,25.0,0.0,0,0,3,3,275.0,12,4,27.27,71,20.0,0.14,0.25
219.0,3,pa_6,E5,25.0,5,50.0,2,40.0,0.0,0,0,3,3,275.0,12,4,27.27,71,25.0,0.25,0.4
219.0,3,pa_6_rev,NEG_E5,25.0,5,0.0,0,0.0,0.0,0,0,5,3,275.0,12,4,27.27,71,0.0,0.0,0.0
219.0,3,pa_7,E6,20.0,4,0.0,0,0.0,0.0,0,0,4,2,275.0,12,4,27.27,71,0.0,0.0,0.0
219.0,3,pa_7_rev,NEG_E6,20.0,4,0.0,0,0.0,0.0,0,0,4,2,275.0,12,4,27.27,71,0.0,0.0,0.0
219.0,3,pa_8,E7,25.0,5,0.0,0,0.0,0.0,0,0,5,3,275.0,12,4,27.27,71,0.0,0.0,0.0
219.0,3,pa_8_rev,NEG_E7,25.0,5,125.0,5,100.0,33.33,1,1,0,2,275.0,12,4,27.27,71,25.0,0.75,1.0
220.0,3,pa_2,E0,20.0,4,80.0,4,100.0,100.0,3,3,0,0,275.0,12,4,27.27,71,20.0,1.0,1.0
220.0,3,pa_2_rev,NEG_E0,20.0,4,0.0,0,0.0,0.0,0,0,4,3,275.0,12,4,27.27,71,0.0,0.0,0.0
220.0,3,pa_3,E1,20.0,4,0.0,0,0.0,0.0,0,0,4,3,275.0,12,4,27.27,71,0.0,0.0,0.0
220.0,3,pa_3_rev,NEG_E1,20.0,4,20.0,1,25.0,0.0,0,0,3,3,275.0,12,4,27.27,71,20.0,0.14,0.25
220.0,3,pa_6,E5,25.0,5,50.0,2,40.0,0.0,0,0,3,3,275.0,12,4,27.27,71,25.0,0.25,0.4
220.0,3,pa_6_rev,NEG_E5,25.0,5,0.0,0,0.0,0.0,0,0,5,3,275.0,12,4,27.27,71,0.0,0.0,0.0
220.0,3,pa_7,E6,20.0,4,0.0,0,0.0,0.0,0,0,4,2,275.0,12,4,27.27,71,0.0,0.0,0.0
220.0,3,pa_7_rev,NEG_E6,20.0,4,0.0,0,0.0,0.0,0,0,4,2,275.0,12,4,27.27,71,0.0,0.0,0.0
220.0,3,pa_8,E7,25.0,5,0.0,0,0.0,0.0,0,0,5,3,275.0,12,4,27.27,71,0.0,0.0,0.0
220.0,3,pa_8_rev,NEG_E7,25.0,5,125.0,5,100.0,33.33,1,1,0,2,275.0,12,4,27.27,71,25.0,0.75,1.0
221.0,3,pa_2,E0,20.0,4,80.0,4,100.0,100.0,3,3,0,0,275.0,12,4,27.27,71,20.0,1.0,1.0
221.0,3,pa_2_rev,NEG_E0,20.0,4,0.0,0,0.0,0.0,0,0,4,3,275.0,12,4,27.27,71,0.0,0.0,0.0
221.0,3,pa_3,E1,20.0,4,0.0,0,0.0,0.0,0,0,4,3,275.0,12,4,27.27,71,0.0,0.0,0.0
221.0,3,pa_3_rev,NEG_E1,20.0,4,20.0,1,25.0,0.0,0,0,3,3,275.0,12,4,27.27,71,20.0,0.14,0.25
221.0,3,pa_6,E5,25.0,5,50.0,2,40.0,0.0,0,0,3,3,275.0,12,4,27.27,71,25.0,0.25,0.4
221.0,3,pa_6_rev,NEG_E5,25.0,5,0.0,0,0.0,0.0,0,0,5,3,275.0,12,4,27.27,71,0.0,0.0,0.0
221.0,3,pa_7,E6,20.0,4,0.0,0,0.0,0.0,0,0,4,2,275.0,12,4,27.27,71,0.0,0.0,0.0
221.0,3,pa_7_rev,NEG_E6,20.0,4,0.0,0,0.0,0.0,0,0,4,2,275.0,12,4,27.27,71,0.0,0.0,0.0
221.0,3,pa_8,E7,25.0,5,0.0,0,0.0,0.0,0,0,5,3,275.0,12,4,27.27,71,0.0,0.0,0.0
221.0,3,pa_8_rev,NEG_E7,25.0,5,125.0,5,100.0,33.33,1,1,0,2,275.0,12,4,27.27,71,25.0,0.75,1.0
222.0,3,pa_2,E0,20.0,4,80.0,4,100.0,100.0,3,3,0,0,275.0,12,4,27.27,71,20.0,1.0,1.0
222.0,3,pa_2_rev,NEG_E0,20.0,4,0.0,0,0.0,0.0,0,0,4,3,275.0,12,4,27.27,71,0.0,0.0,0.0
222.0,3,pa_3,E1,20.0,4,0.0,0,0.0,0.0,0,0,4,3,275.0,12,4,27.27,71,0.0,0.0,0.0
222.0,3,pa_3_rev,NEG_E1,20.0,4,20.0,1,25.0,0.0,0,0,3,3,275.0,12,4,27.27,71,20.0,0.14,0.25
222.0,3,pa_6,E5,25.0,5,50.0,2,40.0,0.0,0,0,3,3,275.0,12,4,27.27,71,25.0,0.25,0.4
222.0,3,pa_6_rev,NEG_E5,25.0,5,0.0,0,0.0,0.0,0,0,5,3,275.0,12,4,27.27,71,0.0,0.0,0.0
222.0,3,pa_7,E6,20.0,4,0.0,0,0.0,0.0,0,0,4,2,275.0,12,4,27.27,71,0.0,0.0,0.0
222.0,3,pa_7_rev,NEG_E6,20.0,4,0.0,0,0.0,0.0,0,0,4,2,275.0,12,4,27.27,71,0.0,0.0,0.0
222.0,3,pa_8,E7,25.0,5,0.0,0,0.0,0.0,0,0,5,3,275.0,12,4,27.27,71,0.0,0.0,0.0
222.0,3,pa_8_rev,NEG_E7,25.0,5,125.0,5,100.0,33.33,1,1,0,2,275.0,12,4,27.27,71,25.0,0.75,1.0
223.0,3,pa_2,E0,20.0,4,80.0,4,100.0,100.0,3,3,0,0,275.0,12,4,27.27,71,20.0,1.0,1.0
223.0,3,pa_2_rev,NEG_E0,20.0,4,0.0,0,0.0,0.0,0,0,4,3,275.0,12,4,27.27,71,0.0,0.0,0.0
223.0,3,pa_3,E1,20.0,4,0.0,0,0.0,0.0,0,0,4,3,275.0,12,4,27.27,71,0.0,0.0,0.0
223.0,3,pa_3_rev,NEG_E1,20.0,4,20.0,1,25.0,0.0,0,0,3,3,275.0,12,4,27.27,71,20.0,0.14,0.25
223.0,3,pa_6,E5,25.0,5,50.0,2,40.0,0.0,0,0,3,3,275.0,12,4,27.27,71,25.0,0.25,0.4
223.0,3,pa_6_rev,NEG_E5,25.0,5,0.0,0,0.0,0.0,0,0,5,3,275.0,12,4,27.27,71,0.0,0.0,0.0
223.0,3,pa_7,E6,20.0,4,0.0,0,0.0,0.0,0,0,4,2,275.0,12,4,27.27,71,0.0,0.0,0.0
223.0,3,pa_7_rev,NEG_E6,20.0,4,0.0,0,0.0,0.0,0,0,4,2,275.0,12,4,27.27,71,0.0,0.0,0.0
223.0,3,pa_8,E7,25.0,5,0.0,0,0.0,0.0,0,0,5,3,275.0,12,4,27.27,71,0.0,0.0,0.0
223.0,3,pa_8_rev,NEG_E7,25.0,5,125.0,5,100.0,33.33,1,1,0,2,275.0,12,4,27.27,71,25.0,0.75,1.0
224.0,3,pa_2,E0,20.0,4,80.0,4,100.0,100.0,3,3,0,0,275.0,12,4,27.27,71,20.0,1.0,1.0
224.0,3,pa_2_rev,NEG_E0,20.0,4,0.0,0,0.0,0.0,0,0,4,3,275.0,12,4,27.27,71,0.0,0.0,0.0
224.0,3,pa_3,E1,20.0,4,0.0,0,0.0,0.0,0,0,4,3,275.0,12,4,27.27,71,0.0,0.0,0.0
224.0,3,pa_3_rev,NEG_E1,20.0,4,20.0,1,25.0,0.0,0,0,3,3,275.0,12,4,27.27,71,20.0,0.14,0.25
224.0,3,pa_6,E5,25.0,5,50.0,2,40.0,0.0,0,0,3,3,275.0,12,4,27.27,71,25.0,0.25,0.4
224.0,3,pa_6_rev,NEG_E5,25.0,5,0.0,0,0.0,0.0,0,0,5,3,275.0,12,4,27.27,71,0.0,0.0,0.0
224.0,3,pa_7,E6,20.0,4,0.0,0,0.0,0.0,0,0,4,2,275.0,12,4,27.27,71,0.0,0.0,0.0
224.0,3,pa_7_rev,NEG_E6,20.0,4,0.0,0,0.0,0.0,0,0,4,2,275.0,12,4,27.27,71,0.0,0.0,0.0
224.0,3,pa_8,E7,25.0,5,0.0,0,0.0,0.0,0,0,5,3,275.0,12,4,27.27,71,0.0,0.0,0.0
224.0,3,pa_8_rev,NEG_E7,25.0,5,125.0,5,100.0,33.33,1,1,0,2,275.0,12,4,27.27,71,25.0,0.75,1.0
225.0,3,pa_2,E0,20.0,4,80.0,4,100.0,100.0,3,3,0,0,275.0,12,4,27.27,71,20.0,1.0,1.0
225.0,3,pa_2_rev,NEG_E0,20.0,4,0.0,0,0.0,0.0,0,0,4,3,275.0,12,4,27.27,71,0.0,0.0,0.0
225.0,3,pa_3,E1,20.0,4,0.0,0,0.0,0.0,0,0,4,3,275.0,12,4,27.27,71,0.0,0.0,0.0
225.0,3,pa_3_rev,NEG_E1,20.0,4,20.0,1,25.0,0.0,0,0,3,3,275.0,12,4,27.27,71,20.0,0.14,0.25
225.0,3,pa_6,E5,25.0,5,50.0,2,40.0,0.0,0,0,3,3,275.0,12,4,27.27,71,25.0,0.25,0.4
225.0,3,pa_6_rev,NEG_E5,25.0,5,0.0,0,0.0,0.0,0,0,5,3,275.0,12,4,27.27,71,0.0,0.0,0.0
225.0,3,pa_7,E6,20.0,4,0.0,0,0.0,0.0,0,0,4,2,275.0,12,4,27.27,71,0.0,0.0,0.0
225.0,3,pa_7_rev,NEG_E6,20.0,4,0.0,0,0.0,0.0,0,0,4,2,275.0,12,4,27.27,71,0.0,0.0,0.0
225.0,3,pa_8,E7,25.0,5,0.0,0,0.0,0.0,0,0,5,3,275.0,12,4,27.27,71,0.0,0.0,0.0
225.0,3,pa_8_rev,NEG_E7,25.0,5,125.0,5,100.0,33.33,1,1,0,2,275.0,12,4,27.27,71,25.0,0.75,1.0
226.0,3,pa_2,E0,20.0,4,80.0,4,100.0,100.0,3,3,0,0,275.0,12,4,27.27,72,20.0,1.0,1.0
226.0,3,pa_2_rev,NEG_E0,20.0,4,0.0,0,0.0,0.0,0,0,4,3,275.0,12,4,27.27,72,0.0,0.0,0.0
226.0,3,pa_3,E1,20.0,4,0.0,0,0.0,0.0,0,0,4,3,275.0,12,4,27.27,72,0.0,0.0,0.0
226.0,3,pa_3_rev,NEG_E1,20.0,4,20.0,1,25.0,0.0,0,0,3,3,275.0,12,4,27.27,72,20.0,0.14,0.25
226.0,3,pa_6,E5,25.0,5,50.0,2,40.0,0.0,0,0,3,3,275.0,12,4,27.27,72,25.0,0.25,0.4
226.0,3,pa_6_rev,NEG_E5,25.0,5,0.0,0,0.0,0.0,0,0,5,3,275.0,12,4,27.27,72,0.0,0.0,0.0
226.0,3,pa_7,E6,20.0,4,0.0,0,0.0,0.0,0,0,4,2,275.0,12,4,27.27,72,0.0,0.0,0.0
226.0,3,pa_7_rev,NEG_E6,20.0,4,0.0,0,0.0,0.0,0,0,4,2,275.0,12,4,27.27,72,0.0,0.0,0.0
226.0,3,pa_8,E7,25.0,5,0.0,0,0.0,0.0,0,0,5,3,275.0,12,4,27.27,72,0.0,0.0,0.0
226.0,3,pa_8_rev,NEG_E7,25.0,5,125.0,5,100.0,33.33,1,1,0,2,275.0,12,4,27.27,72,25.0,0.75,1.0
227.0,3,pa_2,E0,20.0,4,80.0,4,100.0,100.0,3,3,0,0,275.0,12,4,27.27,72,20.0,1.0,1.0
227.0,3,pa_2_rev,NEG_E0,20.0,4,0.0,0,0.0,0.0,0,0,4,3,275.0,12,4,27.27,72,0.0,0.0,0.0
227.0,3,pa_3,E1,20.0,4,0.0,0,0.0,0.0,0,0,4,3,275.0,12,4,27.27,72,0.0,0.0,0.0
227.0,3,pa_3_rev,NEG_E1,20.0,4,20.0,1,25.0,0.0,0,0,3,3,275.0,12,4,27.27,72,20.0,0.14,0.25
227.0,3,pa_6,E5,25.0,5,50.0,2,40.0,0.0,0,0,3,3,275.0,12,4,27.27,72,25.0,0.25,0.4
227.0,3,pa_6_rev,NEG_E5,25.0,5,0.0,0,0.0,0.0,0,0,5,3,275.0,12,4,27.27,72,0.0,0.0,0.0
227.0,3,pa_7,E6,20.0,4,0.0,0,0.0,0.0,0,0,4,2,275.0,12,4,27.27,72,0.0,0.0,0.0
227.0,3,pa_7_rev,NEG_E6,20.0,4,0.0,0,0.0,0.0,0,0,4,2,275.0,12,4,27.27,72,0.0,0.0,0.0
227.0,3,pa_8,E7,25.0,5,0.0,0,0.0,0.0,0,0,5,3,275.0,12,4,27.27,72,0.0,0.0,0.0
227.0,3,pa_8_rev,NEG_E7,25.0,5,125.0,5,100.0,33.33,1,1,0,2,275.0,12,4,27.27,72,25.0,0.75,1.0
228.0,3,pa_2,E0,20.0,4,80.0,4,100.0,100.0,3,3,0,0,275.0,12,4,27.27,72,20.0,1.0,1.0
228.0,3,pa_2_rev,NEG_E0,20.0,4,0.0,0,0.0,0.0,0,0,4,3,275.0,12,4,27.27,72,0.0,0.0,0.0
228.0,3,pa_3,E1,20.0,4,0.0,0,0.0,0.0,0,0,4,3,275.0,12,4,27.27,72,0.0,0.0,0.0
228.0,3,pa_3_rev,NEG_E1,20.0,4,20.0,1,25.0,0.0,0,0,3,3,275.0,12,4,27.27,72,20.0,0.14,0.25
228.0,3,pa_6,E5,25.0,5,50.0,2,40.0,0.0,0,0,3,3,275.0,12,4,27.27,72,25.0,0.25,0.4
228.0,3,pa_6_rev,NEG_E5,25.0,5,0.0,0,0.0,0.0,0,0,5,3,275.0,12,4,27.27,72,0.0,0.0,0.0
228.0,3,pa_7,E6,20.0,4,0.0,0,0.0,0.0,0,0,4,2,275.0,12,4,27.27,72,0.0,0.0,0.0
228.0,3,pa_7_rev,NEG_E6,20.0,4,0.0,0,0.0,0.0,0,0,4,2,275.0,12,4,27.27,72,0.0,0.0,0.0
228.0,3,pa_8,E7,25.0,5,0.0,0,0.0,0.0,0,0,5,3,275.0,12,4,27.27,72,0.0,0.0,0.0
228.0,3,pa_8_rev,NEG_E7,25.0,5,125.0,5,100.0,33.33,1,1,0,2,275.0,12,4,27.27,72,25.0,0.75,1.0
229.0,3,pa_2,E0,20.0,4,80.0,4,100.0,100.0,3,3,0,0,275.0,12,4,27.27,72,20.0,1.0,1.0
229.0,3,pa_2_rev,NEG_E0,20.0,4,0.0,0,0.0,0.0,0,0,4,3,275.0,12,4,27.27,72,0.0,0.0,0.0
229.0,3,pa_3,E1,20.0,4,0.0,0,0.0,0.0,0,0,4,3,275.0,12,4,27.27,72,0.0,0.0,0.0
229.0,3,pa_3_rev,NEG_E1,20.0,4,20.0,1,25.0,0.0,0,0,3,3,275.0,12,4,27.27,72,20.0,0.14,0.25
229.0,3,pa_6,E5,25.0,5,50.0,2,40.0,0.0,0,0,3,3,275.0,12,4,27.27,72,25.0,0.25,0.4
229.0,3,pa_6_rev,NEG_E5,25.0,5,0.0,0,0.0,0.0,0,0,5,3,275.0,12,4,27.27,72,0.0,0.0,0.0
229.0,3,pa_7,E6,20.0,4,0.0,0,0.0,0.0,0,0,4,2,275.0,12,4,27.27,72,0.0,0.0,0.0
229.0,3,pa_7_rev,NEG_E6,20.0,4,0.0,0,0.0,0.0,0,0,4,2,275.0,12,4,27.27,72,0.0,0.0,0.0
229.0,3,pa_8,E7,25.0,5,0.0,0,0.0,0.0,0,0,5,3,275.0,12,4,27.27,72,0.0,0.0,0.0
229.0,3,pa_8_rev,NEG_E7,25.0,5,125.0,5,100.0,33.33,1,1,0,2,275.0,12,4,27.27,72,25.0,0.75,1.0
230.0,3,pa_2,E0,20.0,4,80.0,4,100.0,100.0,3,3,0,0,275.0,12,4,27.27,72,20.0,1.0,1.0
230.0,3,pa_2_rev,NEG_E0,20.0,4,0.0,0,0.0,0.0,0,0,4,3,275.0,12,4,27.27,72,0.0,0.0,0.0
230.0,3,pa_3,E1,20.0,4,0.0,0,0.0,0.0,0,0,4,3,275.0,12,4,27.27,72,0.0,0.0,0.0
230.0,3,pa_3_rev,NEG_E1,20.0,4,20.0,1,25.0,0.0,0,0,3,3,275.0,12,4,27.27,72,20.0,0.14,0.25
230.0,3,pa_6,E5,25.0,5,50.0,2,40.0,0.0,0,0,3,3,275.0,12,4,27.27,72,25.0,0.25,0.4
230.0,3,pa_6_rev,NEG_E5,25.0,5,0.0,0,0.0,0.0,0,0,5,3,275.0,12,4,27.27,72,0.0,0.0,0.0
230.0,3,pa_7,E6,20.0,4,0.0,0,0.0,0.0,0,0,4,2,275.0,12,4,27.27,72,0.0,0.0,0.0
230.0,3,pa_7_rev,NEG_E6,20.0,4,0.0,0,0.0,0.0,0,0,4,2,275.0,12,4,27.27,72,0.0,0.0,0.0
230.0,3,pa_8,E7,25.0,5,0.0,0,0.0,0.0,0,0,5,3,275.0,12,4,27.27,72,0.0,0.0,0.0
230.0,3,pa_8_rev,NEG_E7,25.0,5,125.0,5,100.0,33.33,1,1,0,2,275.0,12,4,27.27,72,25.0,0.75,1.0
231.0,3,pa_2,E0,20.0,4,80.0,4,100.0,100.0,3,3,0,0,275.0,12,4,27.27,72,20.0,1.0,1.0
231.0,3,pa_2_rev,NEG_E0,20.0,4,0.0,0,0.0,0.0,0,0,4,3,275.0,12,4,27.27,72,0.0,0.0,0.0
231.0,3,pa_3,E1,20.0,4,0.0,0,0.0,0.0,0,0,4,3,275.0,12,4,27.27,72,0.0,0.0,0.0
231.0,3,pa_3_rev,NEG_E1,20.0,4,20.0,1,25.0,0.0,0,0,3,3,275.0,12,4,27.27,72,20.0,0.14,0.25
231.0,3,pa_6,E5,25.0,5,50.0,2,40.0,0.0,0,0,3,3,275.0,12,4,27.27,72,25.0,0.25,0.4
231.0,3,pa_6_rev,NEG_E5,25.0,5,0.0,0,0.0,0.0,0,0,5,3,275.0,12,4,27.27,72,0.0,0.0,0.0
231.0,3,pa_7,E6,20.0,4,0.0,0,0.0,0.0,0,0,4,2,275.0,12,4,27.27,72,0.0,0.0,0.0
231.0,3,pa_7_rev,NEG_E6,20.0,4,0.0,0,0.0,0.0,0,0,4,2,275.0,12,4,27.27,72,0.0,0.0,0.0
231.0,3,pa_8,E7,25.0,5,0.0,0,0.0,0.0,0,0,5,3,275.0,12,4,27.27,72,0.0,0.0,0.0
231.0,3,pa_8_rev,NEG_E7,25.0,5,125.0,5,100.0,33.33,1,1,0,2,275.0,12,4,27.27,72,25.0,0.75,1.0
232.0,3,pa_2,E0,20.0,4,80.0,4,100.0,100.0,3,3,0,0,300.0,13,5,29.55,72,20.0,1.0,1.0
232.0,3,pa_2_rev,NEG_E0,20.0,4,0.0,0,0.0,0.0,0,0,4,3,300.0,13,5,29.55,72,0.0,0.0,0.0
232.0,3,pa_3,E1,20.0,4,0.0,0,0.0,0.0,0,0,4,3,300.0,13,5,29.55,72,0.0,0.0,0.0
232.0,3,pa_3_rev,NEG_E1,20.0,4,20.0,1,25.0,0.0,0,0,3,3,300.0,13,5,29.55,72,20.0,0.14,0.25
232.0,3,pa_6,E5,25.0,5,75.0,3,60.0,0.0,0,0,2,3,300.0,13,5,29.55,72,25.0,0.38,0.6
232.0,3,pa_6_rev,NEG_E5,25.0,5,0.0,0,0.0,0.0,0,0,5,3,300.0,13,5,29.55,72,0.0,0.0,0.0
232.0,3,pa_7,E6,20.0,4,0.0,0,0.0,0.0,0,0,4,2,300.0,13,5,29.55,72,0.0,0.0,0.0
232.0,3,pa_7_rev,NEG_E6,20.0,4,0.0,0,0.0,0.0,0,0,4,2,300.0,13,5,29.55,72,0.0,0.0,0.0
232.0,3,pa_8,E7,25.0,5,0.0,0,0.0,0.0,0,0,5,3,300.0,13,5,29.55,72,0.0,0.0,0.0
232.0,3,pa_8_rev,NEG_E7,25.0,5,125.0,5,100.0,66.67,2,2,0,1,300.0,13,5,29.55,72,25.0,0.88,1.0
233.0,3,pa_2,E0,20.0,4,80.0,4,100.0,100.0,3,3,0,0,300.0,13,5,29.55,72,20.0,1.0,1.0
233.0,3,pa_2_rev,NEG_E0,20.0,4,0.0,0,0.0,0.0,0,0,4,3,300.0,13,5,29.55,72,0.0,0.0,0.0
233.0,3,pa_3,E1,20.0,4,0.0,0,0.0,0.0,0,0,4,3,300.0,13,5,29.55,72,0.0,0.0,0.0
233.0,3,pa_3_rev,NEG_E1,20.0,4,20.0,1,25.0,0.0,0,0,3,3,300.0,13,5,29.55,72,20.0,0.14,0.25
233.0,3,pa_6,E5,25.0,5,75.0,3,60.0,0.0,0,0,2,3,300.0,13,5,29.55,72,25.0,0.38,0.6
233.0,3,pa_6_rev,NEG_E5,25.0,5,0.0,0,0.0,0.0,0,0,5,3,300.0,13,5,29.55,72,0.0,0.0,0.0
233.0,3,pa_7,E6,20.0,4,0.0,0,0.0,0.0,0,0,4,2,300.0,13,5,29.55,72,0.0,0.0,0.0
233.0,3,pa_7_rev,NEG_E6,20.0,4,0.0,0,0.0,0.0,0,0,4,2,300.0,13,5,29.55,72,0.0,0.0,0.0
233.0,3,pa_8,E7,25.0,5,0.0,0,0.0,0.0,0,0,5,3,300.0,13,5,29.55,72,0.0,0.0,0.0
233.0,3,pa_8_rev,NEG_E7,25.0,5,125.0,5,100.0,66.67,2,2,0,1,300.0,13,5,29.55,72,25.0,0.88,1.0
234.0,3,pa_2,E0,20.0,4,80.0,4,100.0,100.0,3,3,0,0,300.0,13,5,29.55,72,20.0,1.0,1.0
234.0,3,pa_2_rev,NEG_E0,20.0,4,0.0,0,0.0,0.0,0,0,4,3,300.0,13,5,29.55,72,0.0,0.0,0.0
234.0,3,pa_3,E1,20.0,4,0.0,0,0.0,0.0,0,0,4,3,300.0,13,5,29.55,72,0.0,0.0,0.0
234.0,3,pa_3_rev,NEG_E1,20.0,4,20.0,1,25.0,0.0,0,0,3,3,300.0,13,5,29.55,72,20.0,0.14,0.25
234.0,3,pa_6,E5,25.0,5,75.0,3,60.0,0.0,0,0,2,3,300.0,13,5,29.55,72,25.0,0.38,0.6
234.0,3,pa_6_rev,NEG_E5,25.0,5,0.0,0,0.0,0.0,0,0,5,3,300.0,13,5,29.55,72,0.0,0.0,0.0
234.0,3,pa_7,E6,20.0,4,0.0,0,0.0,0.0,0,0,4,2,300.0,13,5,29.55,72,0.0,0.0,0.0
234.0,3,pa_7_rev,NEG_E6,20.0,4,0.0,0,0.0,0.0,0,0,4,2,300.0,13,5,29.55,72,0.0,0.0,0.0
234.0,3,pa_8,E7,25.0,5,0.0,0,0.0,0.0,0,0,5,3,300.0,13,5,29.55,72,0.0,0.0,0.0
234.0,3,pa_8_rev,NEG_E7,25.0,5,125.0,5,100.0,66.67,2,2,0,1,300.0,13,5,29.55,72,25.0,0.88,1.0
235.0,3,pa_2,E0,20.0,4,80.0,4,100.0,100.0,3,3,0,0,300.0,13,5,29.55,72,20.0,1.0,1.0
235.0,3,pa_2_rev,NEG_E0,20.0,4,0.0,0,0.0,0.0,0,0,4,3,300.0,13,5,29.55,72,0.0,0.0,0.0
235.0,3,pa_3,E1,20.0,4,0.0,0,0.0,0.0,0,0,4,3,300.0,13,5,29.55,72,0.0,0.0,0.0
235.0,3,pa_3_rev,NEG_E1,20.0,4,20.0,1,25.0,0.0,0,0,3,3,300.0,13,5,29.55,72,20.0,0.14,0.25
235.0,3,pa_6,E5,25.0,5,75.0,3,60.0,0.0,0,0,2,3,300.0,13,5,29.55,72,25.0,0.38,0.6
235.0,3,pa_6_rev,NEG_E5,25.0,5,0.0,0,0.0,0.0,0,0,5,3,300.0,13,5,29.55,72,0.0,0.0,0.0
235.0,3,pa_7,E6,20.0,4,0.0,0,0.0,0.0,0,0,4,2,300.0,13,5,29.55,72,0.0,0.0,0.0
235.0,3,pa_7_rev,NEG_E6,20.0,4,0.0,0,0.0,0.0,0,0,4,2,300.0,13,5,29.55,72,0.0,0.0,0.0
235.0,3,pa_8,E7,25.0,5,0.0,0,0.0,0.0,0,0,5,3,300.0,13,5,29.55,72,0.0,0.0,0.0
235.0,3,pa_8_rev,NEG_E7,25.0,5,125.0,5,100.0,66.67,2,2,0,1,300.0,13,5,29.55,72,25.0,0.88,1.0
236.0,3,pa_2,E0,20.0,4,80.0,4,100.0,100.0,3,3,0,0,300.0,13,5,29.55,72,20.0,1.0,1.0
236.0,3,pa_2_rev,NEG_E0,20.0,4,0.0,0,0.0,0.0,0,0,4,3,300.0,13,5,29.55,72,0.0,0.0,0.0
236.0,3,pa_3,E1,20.0,4,0.0,0,0.0,0.0,0,0,4,3,300.0,13,5,29.55,72,0.0,0.0,0.0
236.0,3,pa_3_rev,NEG_E1,20.0,4,20.0,1,25.0,0.0,0,0,3,3,300.0,13,5,29.55,72,20.0,0.14,0.25
236.0,3,pa_6,E5,25.0,5,75.0,3,60.0,0.0,0,0,2,3,300.0,13,5,29.55,72,25.0,0.38,0.6
236.0,3,pa_6_rev,NEG_E5,25.0,5,0.0,0,0.0,0.0,0,0,5,3,300.0,13,5,29.55,72,0.0,0.0,0.0
236.0,3,pa_7,E6,20.0,4,0.0,0,0.0,0.0,0,0,4,2,300.0,13,5,29.55,72,0.0,0.0,0.0
236.0,3,pa_7_rev,NEG_E6,20.0,4,0.0,0,0.0,0.0,0,0,4,2,300.0,13,5,29.55,72,0.0,0.0,0.0
236.0,3,pa_8,E7,25.0,5,0.0,0,0.0,0.0,0,0,5,3,300.0,13,5,29.55,72,0.0,0.0,0.0
236.0,3,pa_8_rev,NEG_E7,25.0,5,125.0,5,100.0,66.67,2,2,0,1,300.0,13,5,29.55,72,25.0,0.88,1.0
237.0,3,pa_2,E0,20.0,4,80.0,4,100.0,100.0,3,3,0,0,300.0,13,5,29.55,72,20.0,1.0,1.0
237.0,3,pa_2_rev,NEG_E0,20.0,4,0.0,0,0.0,0.0,0,0,4,3,300.0,13,5,29.55,72,0.0,0.0,0.0
237.0,3,pa_3,E1,20.0,4,0.0,0,0.0,0.0,0,0,4,3,300.0,13,5,29.55,72,0.0,0.0,0.0
237.0,3,pa_3_rev,NEG_E1,20.0,4,20.0,1,25.0,0.0,0,0,3,3,300.0,13,5,29.55,72,20.0,0.14,0.25
237.0,3,pa_6,E5,25.0,5,75.0,3,60.0,0.0,0,0,2,3,300.0,13,5,29.55,72,25.0,0.38,0.6
237.0,3,pa_6_rev,NEG_E5,25.0,5,0.0,0,0.0,0.0,0,0,5,3,300.0,13,5,29.55,72,0.0,0.0,0.0
237.0,3,pa_7,E6,20.0,4,0.0,0,0.0,0.0,0,0,4,2,300.0,13,5,29.55,72,0.0,0.0,0.0
237.0,3,pa_7_rev,NEG_E6,20.0,4,0.0,0,0.0,0.0,0,0,4,2,300.0,13,5,29.55,72,0.0,0.0,0.0
237.0,3,pa_8,E7,25.0,5,0.0,0,0.0,0.0,0,0,5,3,300.0,13,5,29.55,72,0.0,0.0,0.0
237.0,3,pa_8_rev,NEG_E7,25.0,5,125.0,5,100.0,66.67,2,2,0,1,300.0,13,5,29.55,72,25.0,0.88,1.0
238.0,3,pa_2,E0,20.0,4,80.0,4,100.0,100.0,3,3,0,0,300.0,13,5,29.55,72,20.0,1.0,1.0
238.0,3,pa_2_rev,NEG_E0,20.0,4,0.0,0,0.0,0.0,0,0,4,3,300.0,13,5,29.55,72,0.0,0.0,0.0
238.0,3,pa_3,E1,20.0,4,0.0,0,0.0,0.0,0,0,4,3,300.0,13,5,29.55,72,0.0,0.0,0.0
238.0,3,pa_3_rev,NEG_E1,20.0,4,20.0,1,25.0,0.0,0,0,3,3,300.0,13,5,29.55,72,20.0,0.14,0.25
238.0,3,pa_6,E5,25.0,5,75.0,3,60.0,0.0,0,0,2,3,300.0,13,5,29.55,72,25.0,0.38,0.6
238.0,3,pa_6_rev,NEG_E5,25.0,5,0.0,0,0.0,0.0,0,0,5,3,300.0,13,5,29.55,72,0.0,0.0,0.0
238.0,3,pa_7,E6,20.0,4,0.0,0,0.0,0.0,0,0,4,2,300.0,13,5,29.55,72,0.0,0.0,0.0
238.0,3,pa_7_rev,NEG_E6,20.0,4,0.0,0,0.0,0.0,0,0,4,2,300.0,13,5,29.55,72,0.0,0.0,0.0
238.0,3,pa_8,E7,25.0,5,0.0,0,0.0,0.0,0,0,5,3,300.0,13,5,29.55,72,0.0,0.0,0.0
238.0,3,pa_8_rev,NEG_E7,25.0,5,125.0,5,100.0,66.67,2,2,0,1,300.0,13,5,29.55,72,25.0,0.88,1.0
239.0,3,pa_2,E0,20.0,4,80.0,4,100.0,100.0,3,3,0,0,300.0,13,5,29.55,72,20.0,1.0,1.0
239.0,3,pa_2_rev,NEG_E0,20.0,4,0.0,0,0.0,0.0,0,0,4,3,300.0,13,5,29.55,72,0.0,0.0,0.0
239.0,3,pa_3,E1,20.0,4,0.0,0,0.0,0.0,0,0,4,3,300.0,13,5,29.55,72,0.0,0.0,0.0
239.0,3,pa_3_rev,NEG_E1,20.0,4,20.0,1,25.0,0.0,0,0,3,3,300.0,13,5,29.55,72,20.0,0.14,0.25
239.0,3,pa_6,E5,25.0,5,75.0,3,60.0,0.0,0,0,2,3,300.0,13,5,29.55,72,25.0,0.38,0.6
239.0,3,pa_6_rev,NEG_E5,25.0,5,0.0,0,0.0,0.0,0,0,5,3,300.0,13,5,29.55,72,0.0,0.0,0.0
239.0,3,pa_7,E6,20.0,4,0.0,0,0.0,0.0,0,0,4,2,300.0,13,5,29.55,72,0.0,0.0,0.0
239.0,3,pa_7_rev,NEG_E6,20.0,4,0.0,0,0.0,0.0,0,0,4,2,300.0,13,5,29.55,72,0.0,0.0,0.0
239.0,3,pa_8,E7,25.0,5,0.0,0,0.0,0.0,0,0,5,3,300.0,13,5,29.55,72,0.0,0.0,0.0
239.0,3,pa_8_rev,NEG_E7,25.0,5,125.0,5,100.0,66.67,2,2,0,1,300.0,13,5,29.55,72,25.0,0.88,1.0
240.0,4,pa_2,E0,20.0,4,80.0,4,100.0,100.0,3,3,0,0,300.0,13,5,29.55,72,20.0,1.0,1.0
240.0,4,pa_2_rev,NEG_E0,20.0,4,0.0,0,0.0,0.0,0,0,4,3,300.0,13,5,29.55,72,0.0,0.0,0.0
240.0,4,pa_3,E1,20.0,4,0.0,0,0.0,0.0,0,0,4,3,300.0,13,5,29.55,72,0.0,0.0,0.0
240.0,4,pa_3_rev,NEG_E1,20.0,4,20.0,1,25.0,0.0,0,0,3,3,300.0,13,5,29.55,72,20.0,0.14,0.25
240.0,4,pa_6,E5,25.0,5,75.0,3,60.0,0.0,0,0,2,3,300.0,13,5,29.55,72,25.0,0.38,0.6
240.0,4,pa_6_rev,NEG_E5,25.0,5,0.0,0,0.0,0.0,0,0,5,3,300.0,13,5,29.55,72,0.0,0.0,0.0
240.0,4,pa_7,E6,20.0,4,0.0,0,0.0,0.0,0,0,4,2,300.0,13,5,29.55,72,0.0,0.0,0.0
240.0,4,pa_7_rev,NEG_E6,20.0,4,0.0,0,0.0,0.0,0,0,4,2,300.0,13,5,29.55,72,0.0,0.0,0.0
240.0,4,pa_8,E7,25.0,5,0.0,0,0.0,0.0,0,0,5,3,300.0,13,5,29.55,72,0.0,0.0,0.0
240.0,4,pa_8_rev,NEG_E7,25.0,5,125.0,5,100.0,66.67,2,2,0,1,300.0,13,5,29.55,72,25.0,0.88,1.0
241.0,4,pa_2,E0,20.0,4,80.0,4,100.0,100.0,3,3,0,0,300.0,13,5,29.55,76,20.0,1.0,1.0
241.0,4,pa_2_rev,NEG_E0,20.0,4,0.0,0,0.0,0.0,0,0,4,3,300.0,13,5,29.55,76,0.0,0.0,0.0
241.0,4,pa_3,E1,20.0,4,0.0,0,0.0,0.0,0,0,4,3,300.0,13,5,29.55,76,0.0,0.0,0.0
241.0,4,pa_3_rev,NEG_E1,20.0,4,20.0,1,25.0,0.0,0,0,3,3,300.0,13,5,29.55,76,20.0,0.14,0.25
241.0,4,pa_6,E5,25.0,5,75.0,3,60.0,0.0,0,0,2,3,300.0,13,5,29.55,76,25.0,0.38,0.6
241.0,4,pa_6_rev,NEG_E5,25.0,5,0.0,0,0.0,0.0,0,0,5,3,300.0,13,5,29.55,76,0.0,0.0,0.0
241.0,4,pa_7,E6,20.0,4,0.0,0,0.0,0.0,0,0,4,2,300.0,13,5,29.55,76,0.0,0.0,0.0
241.0,4,pa_7_rev,NEG_E6,20.0,4,0.0,0,0.0,0.0,0,0,4,2,300.0,13,5,29.55,76,0.0,0.0,0.0
241.0,4,pa_8,E7,25.0,5,0.0,0,0.0,0.0,0,0,5,3,300.0,13,5,29.55,76,0.0,0.0,0.0
241.0,4,pa_8_rev,NEG_E7,25.0,5,125.0,5,100.0,66.67,2,2,0,1,300.0,13,5,29.55,76,25.0,0.88,1.0
242.0,4,pa_2,E0,20.0,4,80.0,4,100.0,100.0,3,3,0,0,300.0,13,5,29.55,76,20.0,1.0,1.0
242.0,4,pa_2_rev,NEG_E0,20.0,4,0.0,0,0.0,0.0,0,0,4,3,300.0,13,5,29.55,76,0.0,0.0,0.0
242.0,4,pa_3,E1,20.0,4,0.0,0,0.0,0.0,0,0,4,3,300.0,13,5,29.55,76,0.0,0.0,0.0
242.0,4,pa_3_rev,NEG_E1,20.0,4,20.0,1,25.0,0.0,0,0,3,3,300.0,13,5,29.55,76,20.0,0.14,0.25
242.0,4,pa_6,E5,25.0,5,75.0,3,60.0,0.0,0,0,2,3,300.0,13,5,29.55,76,25.0,0.38,0.6
242.0,4,pa_6_rev,NEG_E5,25.0,5,0.0,0,0.0,0.0,0,0,5,3,300.0,13,5,29.55,76,0.0,0.0,0.0
242.0,4,pa_7,E6,20.0,4,0.0,0,0.0,0.0,0,0,4,2,300.0,13,5,29.55,76,0.0,0.0,0.0
242.0,4,pa_7_rev,NEG_E6,20.0,4,0.0,0,0.0,0.0,0,0,4,2,300.0,13,5,29.55,76,0.0,0.0,0.0
242.0,4,pa_8,E7,25.0,5,0.0,0,0.0,0.0,0,0,5,3,300.0,13,5,29.55,76,0.0,0.0,0.0
242.0,4,pa_8_rev,NEG_E7,25.0,5,125.0,5,100.0,66.67,2,2,0,1,300.0,13,5,29.55,76,25.0,0.88,1.0
243.0,4,pa_2,E0,20.0,4,80.0,4,100.0,100.0,3,3,0,0,300.0,13,5,29.55,78,20.0,1.0,1.0
243.0,4,pa_2_rev,NEG_E0,20.0,4,0.0,0,0.0,0.0,0,0,4,3,300.0,13,5,29.55,78,0.0,0.0,0.0
243.0,4,pa_3,E1,20.0,4,0.0,0,0.0,0.0,0,0,4,3,300.0,13,5,29.55,78,0.0,0.0,0.0
243.0,4,pa_3_rev,NEG_E1,20.0,4,20.0,1,25.0,0.0,0,0,3,3,300.0,13,5,29.55,78,20.0,0.14,0.25
243.0,4,pa_6,E5,25.0,5,75.0,3,60.0,0.0,0,0,2,3,300.0,13,5,29.55,78,25.0,0.38,0.6
243.0,4,pa_6_rev,NEG_E5,25.0,5,0.0,0,0.0,0.0,0,0,5,3,300.0,13,5,29.55,78,0.0,0.0,0.0
243.0,4,pa_7,E6,20.0,4,0.0,0,0.0,0.0,0,0,4,2,300.0,13,5,29.55,78,0.0,0.0,0.0
243.0,4,pa_7_rev,NEG_E6,20.0,4,0.0,0,0.0,0.0,0,0,4,2,300.0,13,5,29.55,78,0.0,0.0,0.0
243.0,4,pa_8,E7,25.0,5,0.0,0,0.0,0.0,0,0,5,3,300.0,13,5,29.55,78,0.0,0.0,0.0
243.0,4,pa_8_rev,NEG_E7,25.0,5,125.0,5,100.0,66.67,2,2,0,1,300.0,13,5,29.55,78,25.0,0.88,1.0
244.0,4,pa_2,E0,20.0,4,80.0,4,100.0,100.0,3,3,0,0,300.0,13,5,29.55,78,20.0,1.0,1.0
244.0,4,pa_2_rev,NEG_E0,20.0,4,0.0,0,0.0,0.0,0,0,4,3,300.0,13,5,29.55,78,0.0,0.0,0.0
244.0,4,pa_3,E1,20.0,4,0.0,0,0.0,0.0,0,0,4,3,300.0,13,5,29.55,78,0.0,0.0,0.0
244.0,4,pa_3_rev,NEG_E1,20.0,4,20.0,1,25.0,0.0,0,0,3,3,300.0,13,5,29.55,78,20.0,0.14,0.25
244.0,4,pa_6,E5,25.0,5,75.0,3,60.0,0.0,0,0,2,3,300.0,13,5,29.55,78,25.0,0.38,0.6
244.0,4,pa_6_rev,NEG_E5,25.0,5,0.0,0,0.0,0.0,0,0,5,3,300.0,13,5,29.55,78,0.0,0.0,0.0
244.0,4,pa_7,E6,20.0,4,0.0,0,0.0,0.0,0,0,4,2,300.0,13,5,29.55,78,0.0,0.0,0.0
244.0,4,pa_7_rev,NEG_E6,20.0,4,0.0,0,0.0,0.0,0,0,4,2,300.0,13,5,29.55,78,0.0,0.0,0.0
244.0,4,pa_8,E7,25.0,5,0.0,0,0.0,0.0,0,0,5,3,300.0,13,5,29.55,78,0.0,0.0,0.0
244.0,4,pa_8_rev,NEG_E7,25.0,5,125.0,5,100.0,66.67,2,2,0,1,300.0,13,5,29.55,78,25.0,0.88,1.0
245.0,4,pa_2,E0,20.0,4,80.0,4,100.0,100.0,3,3,0,0,300.0,13,5,29.55,78,20.0,1.0,1.0
245.0,4,pa_2_rev,NEG_E0,20.0,4,0.0,0,0.0,0.0,0,0,4,3,300.0,13,5,29.55,78,0.0,0.0,0.0
245.0,4,pa_3,E1,20.0,4,0.0,0,0.0,0.0,0,0,4,3,300.0,13,5,29.55,78,0.0,0.0,0.0
245.0,4,pa_3_rev,NEG_E1,20.0,4,20.0,1,25.0,0.0,0,0,3,3,300.0,13,5,29.55,78,20.0,0.14,0.25
245.0,4,pa_6,E5,25.0,5,75.0,3,60.0,0.0,0,0,2,3,300.0,13,5,29.55,78,25.0,0.38,0.6
245.0,4,pa_6_rev,NEG_E5,25.0,5,0.0,0,0.0,0.0,0,0,5,3,300.0,13,5,29.55,78,0.0,0.0,0.0
245.0,4,pa_7,E6,20.0,4,0.0,0,0.0,0.0,0,0,4,2,300.0,13,5,29.55,78,0.0,0.0,0.0
245.0,4,pa_7_rev,NEG_E6,20.0,4,0.0,0,0.0,0.0,0,0,4,2,300.0,13,5,29.55,78,0.0,0.0,0.0
245.0,4,pa_8,E7,25.0,5,0.0,0,0.0,0.0,0,0,5,3,300.0,13,5,29.55,78,0.0,0.0,0.0
245.0,4,pa_8_rev,NEG_E7,25.0,5,125.0,5,100.0,66.67,2,2,0,1,300.0,13,5,29.55,78,25.0,0.88,1.0
246.0,4,pa_2,E0,20.0,4,80.0,4,100.0,100.0,3,3,0,0,300.0,13,5,29.55,79,20.0,1.0,1.0
246.0,4,pa_2_rev,NEG_E0,20.0,4,0.0,0,0.0,0.0,0,0,4,3,300.0,13,5,29.55,79,0.0,0.0,0.0
246.0,4,pa_3,E1,20.0,4,0.0,0,0.0,0.0,0,0,4,3,300.0,13,5,29.55,79,0.0,0.0,0.0
246.0,4,pa_3_rev,NEG_E1,20.0,4,20.0,1,25.0,0.0,0,0,3,3,300.0,13,5,29.55,79,20.0,0.14,0.25
246.0,4,pa_6,E5,25.0,5,75.0,3,60.0,0.0,0,0,2,3,300.0,13,5,29.55,79,25.0,0.38,0.6
246.0,4,pa_6_rev,NEG_E5,25.0,5,0.0,0,0.0,0.0,0,0,5,3,300.0,13,5,29.55,79,0.0,0.0,0.0
246.0,4,pa_7,E6,20.0,4,0.0,0,0.0,0.0,0,0,4,2,300.0,13,5,29.55,79,0.0,0.0,0.0
246.0,4,pa_7_rev,NEG_E6,20.0,4,0.0,0,0.0,0.0,0,0,4,2,300.0,13,5,29.55,79,0.0,0.0,0.0
246.0,4,pa_8,E7,25.0,5,0.0,0,0.0,0.0,0,0,5,3,300.0,13,5,29.55,79,0.0,0.0,0.0
246.0,4,pa_8_rev,NEG_E7,25.0,5,125.0,5,100.0,66.67,2,2,0,1,300.0,13,5,29.55,79,25.0,0.88,1.0
247.0,4,pa_2,E0,20.0,4,80.0,4,100.0,100.0,3,3,0,0,300.0,13,5,29.55,79,20.0,1.0,1.0
247.0,4,pa_2_rev,NEG_E0,20.0,4,0.0,0,0.0,0.0,0,0,4,3,300.0,13,5,29.55,79,0.0,0.0,0.0
247.0,4,pa_3,E1,20.0,4,0.0,0,0.0,0.0,0,0,4,3,300.0,13,5,29.55,79,0.0,0.0,0.0
247.0,4,pa_3_rev,NEG_E1,20.0,4,20.0,1,25.0,0.0,0,0,3,3,300.0,13,5,29.55,79,20.0,0.14,0.25
247.0,4,pa_6,E5,25.0,5,75.0,3,60.0,0.0,0,0,2,3,300.0,13,5,29.55,79,25.0,0.38,0.6
247.0,4,pa_6_rev,NEG_E5,25.0,5,0.0,0,0.0,0.0,0,0,5,3,300.0,13,5,29.55,79,0.0,0.0,0.0
247.0,4,pa_7,E6,20.0,4,0.0,0,0.0,0.0,0,0,4,2,300.0,13,5,29.55,79,0.0,0.0,0.0
247.0,4,pa_7_rev,NEG_E6,20.0,4,0.0,0,0.0,0.0,0,0,4,2,300.0,13,5,29.55,79,0.0,0.0,0.0
247.0,4,pa_8,E7,25.0,5,0.0,0,0.0,0.0,0,0,5,3,300.0,13,5,29.55,79,0.0,0.0,0.0
247.0,4,pa_8_rev,NEG_E7,25.0,5,125.0,5,100.0,66.67,2,2,0,1,300.0,13,5,29.55,79,25.0,0.88,1.0
248.0,4,pa_2,E0,20.0,4,80.0,4,100.0,100.0,3,3,0,0,300.0,13,5,29.55,80,20.0,1.0,1.0
248.0,4,pa_2_rev,NEG_E0,20.0,4,0.0,0,0.0,0.0,0,0,4,3,300.0,13,5,29.55,80,0.0,0.0,0.0
248.0,4,pa_3,E1,20.0,4,0.0,0,0.0,0.0,0,0,4,3,300.0,13,5,29.55,80,0.0,0.0,0.0
248.0,4,pa_3_rev,NEG_E1,20.0,4,20.0,1,25.0,0.0,0,0,3,3,300.0,13,5,29.55,80,20.0,0.14,0.25
248.0,4,pa_6,E5,25.0,5,75.0,3,60.0,0.0,0,0,2,3,300.0,13,5,29.55,80,25.0,0.38,0.6
248.0,4,pa_6_rev,NEG_E5,25.0,5,0.0,0,0.0,0.0,0,0,5,3,300.0,13,5,29.55,80,0.0,0.0,0.0
248.0,4,pa_7,E6,20.0,4,0.0,0,0.0,0.0,0,0,4,2,300.0,13,5,29.55,80,0.0,0.0,0.0
248.0,4,pa_7_rev,NEG_E6,20.0,4,0.0,0,0.0,0.0,0,0,4,2,300.0,13,5,29.55,80,0.0,0.0,0.0
248.0,4,pa_8,E7,25.0,5,0.0,0,0.0,0.0,0,0,5,3,300.0,13,5,29.55,80,0.0,0.0,0.0
248.0,4,pa_8_rev,NEG_E7,25.0,5,125.0,5,100.0,66.67,2,2,0,1,300.0,13,5,29.55,80,25.0,0.88,1.0
249.0,4,pa_2,E0,20.0,4,80.0,4,100.0,100.0,3,3,0,0,300.0,13,5,29.55,80,20.0,1.0,1.0
249.0,4,pa_2_rev,NEG_E0,20.0,4,0.0,0,0.0,0.0,0,0,4,3,300.0,13,5,29.55,80,0.0,0.0,0.0
249.0,4,pa_3,E1,20.0,4,0.0,0,0.0,0.0,0,0,4,3,300.0,13,5,29.55,80,0.0,0.0,0.0
249.0,4,pa_3_rev,NEG_E1,20.0,4,20.0,1,25.0,0.0,0,0,3,3,300.0,13,5,29.55,80,20.0,0.14,0.25
249.0,4,pa_6,E5,25.0,5,75.0,3,60.0,0.0,0,0,2,3,300.0,13,5,29.55,80,25.0,0.38,0.6
249.0,4,pa_6_rev,NEG_E5,25.0,5,0.0,0,0.0,0.0,0,0,5,3,300.0,13,5,29.55,80,0.0,0.0,0.0
249.0,4,pa_7,E6,20.0,4,0.0,0,0.0,0.0,0,0,4,2,300.0,13,5,29.55,80,0.0,0.0,0.0
249.0,4,pa_7_rev,NEG_E6,20.0,4,0.0,0,0.0,0.0,0,0,4,2,300.0,13,5,29.55,80,0.0,0.0,0.0
249.0,4,pa_8,E7,25.0,5,0.0,0,0.0,0.0,0,0,5,3,300.0,13,5,29.55,80,0.0,0.0,0.0
249.0,4,pa_8_rev,NEG_E7,25.0,5,125.0,5,100.0,66.67,2,2,0,1,300.0,13,5,29.55,80,25.0,0.88,1.0
250.0,4,pa_2,E0,20.0,4,80.0,4,100.0,100.0,3,3,0,0,300.0,13,5,29.55,80,20.0,1.0,1.0
250.0,4,pa_2_rev,NEG_E0,20.0,4,0.0,0,0.0,0.0,0,0,4,3,300.0,13,5,29.55,80,0.0,0.0,0.0
250.0,4,pa_3,E1,20.0,4,0.0,0,0.0,0.0,0,0,4,3,300.0,13,5,29.55,80,0.0,0.0,0.0
250.0,4,pa_3_rev,NEG_E1,20.0,4,20.0,1,25.0,0.0,0,0,3,3,300.0,13,5,29.55,80,20.0,0.14,0.25
250.0,4,pa_6,E5,25.0,5,75.0,3,60.0,0.0,0,0,2,3,300.0,13,5,29.55,80,25.0,0.38,0.6
250.0,4,pa_6_rev,NEG_E5,25.0,5,0.0,0,0.0,0.0,0,0,5,3,300.0,13,5,29.55,80,0.0,0.0,0.0
250.0,4,pa_7,E6,20.0,4,0.0,0,0.0,0.0,0,0,4,2,300.0,13,5,29.55,80,0.0,0.0,0.0
250.0,4,pa_7_rev,NEG_E6,20.0,4,0.0,0,0.0,0.0,0,0,4,2,300.0,13,5,29.55,80,0.0,0.0,0.0
250.0,4,pa_8,E7,25.0,5,0.0,0,0.0,0.0,0,0,5,3,300.0,13,5,29.55,80,0.0,0.0,0.0
250.0,4,pa_8_rev,NEG_E7,25.0,5,125.0,5,100.0,66.67,2,2,0,1,300.0,13,5,29.55,80,25.0,0.88,1.0
251.0,4,pa_2,E0,20.0,4,80.0,4,100.0,100.0,3,3,0,0,300.0,13,6,29.55,80,20.0,1.0,1.0
251.0,4,pa_2_rev,NEG_E0,20.0,4,0.0,0,0.0,0.0,0,0,4,3,300.0,13,6,29.55,80,0.0,0.0,0.0
251.0,4,pa_3,E1,20.0,4,0.0,0,0.0,0.0,0,0,4,3,300.0,13,6,29.55,80,0.0,0.0,0.0
251.0,4,pa_3_rev,NEG_E1,20.0,4,20.0,1,25.0,0.0,0,0,3,3,300.0,13,6,29.55,80,20.0,0.14,0.25
251.0,4,pa_6,E5,25.0,5,75.0,3,60.0,0.0,0,0,2,3,300.0,13,6,29.55,80,25.0,0.38,0.6
251.0,4,pa_6_rev,NEG_E5,25.0,5,0.0,0,0.0,0.0,0,0,5,3,300.0,13,6,29.55,80,0.0,0.0,0.0
251.0,4,pa_7,E6,20.0,4,0.0,0,0.0,0.0,0,0,4,2,300.0,13,6,29.55,80,0.0,0.0,0.0
251.0,4,pa_7_rev,NEG_E6,20.0,4,0.0,0,0.0,0.0,0,0,4,2,300.0,13,6,29.55,80,0.0,0.0,0.0
251.0,4,pa_8,E7,25.0,5,0.0,0,0.0,0.0,0,0,5,3,300.0,13,6,29.55,80,0.0,0.0,0.0
251.0,4,pa_8_rev,NEG_E7,25.0,5,125.0,5,100.0,100.0,3,3,0,0,300.0,13,6,29.55,80,25.0,1.0,1.0
252.0,4,pa_2,E0,20.0,4,80.0,4,100.0,100.0,3,3,0,0,300.0,13,6,29.55,80,20.0,1.0,1.0
252.0,4,pa_2_rev,NEG_E0,20.0,4,0.0,0,0.0,0.0,0,0,4,3,300.0,13,6,29.55,80,0.0,0.0,0.0
252.0,4,pa_3,E1,20.0,4,0.0,0,0.0,0.0,0,0,4,3,300.0,13,6,29.55,80,0.0,0.0,0.0
252.0,4,pa_3_rev,NEG_E1,20.0,4,20.0,1,25.0,0.0,0,0,3,3,300.0,13,6,29.55,80,20.0,0.14,0.25
252.0,4,pa_6,E5,25.0,5,75.0,3,60.0,0.0,0,0,2,3,300.0,13,6,29.55,80,25.0,0.38,0.6
252.0,4,pa_6_rev,NEG_E5,25.0,5,0.0,0,0.0,0.0,0,0,5,3,300.0,13,6,29.55,80,0.0,0.0,0.0
252.0,4,pa_7,E6,20.0,4,0.0,0,0.0,0.0,0,0,4,2,300.0,13,6,29.55,80,0.0,0.0,0.0
252.0,4,pa_7_rev,NEG_E6,20.0,4,0.0,0,0.0,0.0,0,0,4,2,300.0,13,6,29.55,80,0.0,0.0,0.0
252.0,4,pa_8,E7,25.0,5,0.0,0,0.0,0.0,0,0,5,3,300.0,13,6,29.55,80,0.0,0.0,0.0
252.0,4,pa_8_rev,NEG_E7,25.0,5,125.0,5,100.0,100.0,3,3,0,0,300.0,13,6,29.55,80,25.0,1.0,1.0
253.0,4,pa_2,E0,20.0,4,80.0,4,100.0,100.0,3,3,0,0,300.0,13,6,29.55,80,20.0,1.0,1.0
253.0,4,pa_2_rev,NEG_E0,20.0,4,0.0,0,0.0,0.0,0,0,4,3,300.0,13,6,29.55,80,0.0,0.0,0.0
253.0,4,pa_3,E1,20.0,4,0.0,0,0.0,0.0,0,0,4,3,300.0,13,6,29.55,80,0.0,0.0,0.0
253.0,4,pa_3_rev,NEG_E1,20.0,4,20.0,1,25.0,0.0,0,0,3,3,300.0,13,6,29.55,80,20.0,0.14,0.25
253.0,4,pa_6,E5,25.0,5,75.0,3,60.0,0.0,0,0,2,3,300.0,13,6,29.55,80,25.0,0.38,0.6
253.0,4,pa_6_rev,NEG_E5,25.0,5,0.0,0,0.0,0.0,0,0,5,3,300.0,13,6,29.55,80,0.0,0.0,0.0
253.0,4,pa_7,E6,20.0,4,0.0,0,0.0,0.0,0,0,4,2,300.0,13,6,29.55,80,0.0,0.0,0.0
253.0,4,pa_7_rev,NEG_E6,20.0,4,0.0,0,0.0,0.0,0,0,4,2,300.0,13,6,29.55,80,0.0,0.0,0.0
253.0,4,pa_8,E7,25.0,5,0.0,0,0.0,0.0,0,0,5,3,300.0,13,6,29.55,80,0.0,0.0,0.0
253.0,4,pa_8_rev,NEG_E7,25.0,5,125.0,5,100.0,100.0,3,3,0,0,300.0,13,6,29.55,80,25.0,1.0,1.0
254.0,4,pa_2,E0,20.0,4,80.0,4,100.0,100.0,3,3,0,0,300.0,13,6,29.55,80,20.0,1.0,1.0
254.0,4,pa_2_rev,NEG_E0,20.0,4,0.0,0,0.0,0.0,0,0,4,3,300.0,13,6,29.55,80,0.0,0.0,0.0
254.0,4,pa_3,E1,20.0,4,0.0,0,0.0,0.0,0,0,4,3,300.0,13,6,29.55,80,0.0,0.0,0.0
254.0,4,pa_3_rev,NEG_E1,20.0,4,20.0,1,25.0,0.0,0,0,3,3,300.0,13,6,29.55,80,20.0,0.14,0.25
254.0,4,pa_6,E5,25.0,5,75.0,3,60.0,0.0,0,0,2,3,300.0,13,6,29.55,80,25.0,0.38,0.6
254.0,4,pa_6_rev,NEG_E5,25.0,5,0.0,0,0.0,0.0,0,0,5,3,300.0,13,6,29.55,80,0.0,0.0,0.0
254.0,4,pa_7,E6,20.0,4,0.0,0,0.0,0.0,0,0,4,2,300.0,13,6,29.55,80,0.0,0.0,0.0
254.0,4,pa_7_rev,NEG_E6,20.0,4,0.0,0,0.0,0.0,0,0,4,2,300.0,13,6,29.55,80,0.0,0.0,0.0
254.0,4,pa_8,E7,25.0,5,0.0,0,0.0,0.0,0,0,5,3,300.0,13,6,29.55,80,0.0,0.0,0.0
254.0,4,pa_8_rev,NEG_E7,25.0,5,125.0,5,100.0,100.0,3,3,0,0,300.0,13,6,29.55,80,25.0,1.0,1.0
255.0,4,pa_2,E0,20.0,4,80.0,4,100.0,100.0,3,3,0,0,300.0,13,6,29.55,80,20.0,1.0,1.0
255.0,4,pa_2_rev,NEG_E0,20.0,4,0.0,0,0.0,0.0,0,0,4,3,300.0,13,6,29.55,80,0.0,0.0,0.0
255.0,4,pa_3,E1,20.0,4,0.0,0,0.0,0.0,0,0,4,3,300.0,13,6,29.55,80,0.0,0.0,0.0
255.0,4,pa_3_rev,NEG_E1,20.0,4,20.0,1,25.0,0.0,0,0,3,3,300.0,13,6,29.55,80,20.0,0.14,0.25
255.0,4,pa_6,E5,25.0,5,75.0,3,60.0,0.0,0,0,2,3,300.0,13,6,29.55,80,25.0,0.38,0.6
255.0,4,pa_6_rev,NEG_E5,25.0,5,0.0,0,0.0,0.0,0,0,5,3,300.0,13,6,29.55,80,0.0,0.0,0.0
255.0,4,pa_7,E6,20.0,4,0.0,0,0.0,0.0,0,0,4,2,300.0,13,6,29.55,80,0.0,0.0,0.0
255.0,4,pa_7_rev,NEG_E6,20.0,4,0.0,0,0.0,0.0,0,0,4,2,300.0,13,6,29.55,80,0.0,0.0,0.0
255.0,4,pa_8,E7,25.0,5,0.0,0,0.0,0.0,0,0,5,3,300.0,13,6,29.55,80,0.0,0.0,0.0
255.0,4,pa_8_rev,NEG_E7,25.0,5,125.0,5,100.0,100.0,3,3,0,0,300.0,13,6,29.55,80,25.0,1.0,1.0
256.0,4,pa_2,E0,20.0,4,80.0,4,100.0,100.0,3,3,0,0,300.0,13,6,29.55,80,20.0,1.0,1.0
256.0,4,pa_2_rev,NEG_E0,20.0,4,0.0,0,0.0,0.0,0,0,4,3,300.0,13,6,29.55,80,0.0,0.0,0.0
256.0,4,pa_3,E1,20.0,4,0.0,0,0.0,0.0,0,0,4,3,300.0,13,6,29.55,80,0.0,0.0,0.0
256.0,4,pa_3_rev,NEG_E1,20.0,4,20.0,1,25.0,0.0,0,0,3,3,300.0,13,6,29.55,80,20.0,0.14,0.25
256.0,4,pa_6,E5,25.0,5,75.0,3,60.0,0.0,0,0,2,3,300.0,13,6,29.55,80,25.0,0.38,0.6
256.0,4,pa_6_rev,NEG_E5,25.0,5,0.0,0,0.0,0.0,0,0,5,3,300.0,13,6,29.55,80,0.0,0.0,0.0
256.0,4,pa_7,E6,20.0,4,0.0,0,0.0,0.0,0,0,4,2,300.0,13,6,29.55,80,0.0,0.0,0.0
256.0,4,pa_7_rev,NEG_E6,20.0,4,0.0,0,0.0,0.0,0,0,4,2,300.0,13,6,29.55,80,0.0,0.0,0.0
256.0,4,pa_8,E7,25.0,5,0.0,0,0.0,0.0,0,0,5,3,300.0,13,6,29.55,80,0.0,0.0,0.0
256.0,4,pa_8_rev,NEG_E7,25.0,5,125.0,5,100.0,100.0,3,3,0,0,300.0,13,6,29.55,80,25.0,1.0,1.0
257.0,4,pa_2,E0,20.0,4,80.0,4,100.0,100.0,3,3,0,0,300.0,13,6,29.55,80,20.0,1.0,1.0
257.0,4,pa_2_rev,NEG_E0,20.0,4,0.0,0,0.0,0.0,0,0,4,3,300.0,13,6,29.55,80,0.0,0.0,0.0
257.0,4,pa_3,E1,20.0,4,0.0,0,0.0,0.0,0,0,4,3,300.0,13,6,29.55,80,0.0,0.0,0.0
257.0,4,pa_3_rev,NEG_E1,20.0,4,20.0,1,25.0,0.0,0,0,3,3,300.0,13,6,29.55,80,20.0,0.14,0.25
257.0,4,pa_6,E5,25.0,5,75.0,3,60.0,0.0,0,0,2,3,300.0,13,6,29.55,80,25.0,0.38,0.6
257.0,4,pa_6_rev,NEG_E5,25.0,5,0.0,0,0.0,0.0,0,0,5,3,300.0,13,6,29.55,80,0.0,0.0,0.0
257.0,4,pa_7,E6,20.0,4,0.0,0,0.0,0.0,0,0,4,2,300.0,13,6,29.55,80,0.0,0.0,0.0
257.0,4,pa_7_rev,NEG_E6,20.0,4,0.0,0,0.0,0.0,0,0,4,2,300.0,13,6,29.55,80,0.0,0.0,0.0
257.0,4,pa_8,E7,25.0,5,0.0,0,0.0,0.0,0,0,5,3,300.0,13,6,29.55,80,0.0,0.0,0.0
257.0,4,pa_8_rev,NEG_E7,25.0,5,125.0,5,100.0,100.0,3,3,0,0,300.0,13,6,29.55,80,25.0,1.0,1.0
258.0,4,pa_2,E0,20.0,4,80.0,4,100.0,100.0,3,3,0,0,300.0,13,6,29.55,82,20.0,1.0,1.0
258.0,4,pa_2_rev,NEG_E0,20.0,4,0.0,0,0.0,0.0,0,0,4,3,300.0,13,6,29.55,82,0.0,0.0,0.0
258.0,4,pa_3,E1,20.0,4,0.0,0,0.0,0.0,0,0,4,3,300.0,13,6,29.55,82,0.0,0.0,0.0
258.0,4,pa_3_rev,NEG_E1,20.0,4,20.0,1,25.0,0.0,0,0,3,3,300.0,13,6,29.55,82,20.0,0.14,0.25
258.0,4,pa_6,E5,25.0,5,75.0,3,60.0,0.0,0,0,2,3,300.0,13,6,29.55,82,25.0,0.38,0.6
258.0,4,pa_6_rev,NEG_E5,25.0,5,0.0,0,0.0,0.0,0,0,5,3,300.0,13,6,29.55,82,0.0,0.0,0.0
258.0,4,pa_7,E6,20.0,4,0.0,0,0.0,0.0,0,0,4,2,300.0,13,6,29.55,82,0.0,0.0,0.0
258.0,4,pa_7_rev,NEG_E6,20.0,4,0.0,0,0.0,0.0,0,0,4,2,300.0,13,6,29.55,82,0.0,0.0,0.0
258.0,4,pa_8,E7,25.0,5,0.0,0,0.0,0.0,0,0,5,3,300.0,13,6,29.55,82,0.0,0.0,0.0
258.0,4,pa_8_rev,NEG_E7,25.0,5,125.0,5,100.0,100.0,3,3,0,0,300.0,13,6,29.55,82,25.0,1.0,1.0
259.0,4,pa_2,E0,20.0,4,80.0,4,100.0,100.0,3,3,0,0,320.0,14,6,31.82,82,20.0,1.0,1.0
259.0,4,pa_2_rev,NEG_E0,20.0,4,0.0,0,0.0,0.0,0,0,4,3,320.0,14,6,31.82,82,0.0,0.0,0.0
259.0,4,pa_3,E1,20.0,4,0.0,0,0.0,0.0,0,0,4,3,320.0,14,6,31.82,82,0.0,0.0,0.0
259.0,4,pa_3_rev,NEG_E1,20.0,4,40.0,2,50.0,0.0,0,0,2,3,320.0,14,6,31.82,82,20.0,0.29,0.5
259.0,4,pa_6,E5,25.0,5,75.0,3,60.0,0.0,0,0,2,3,320.0,14,6,31.82,82,25.0,0.38,0.6
259.0,4,pa_6_rev,NEG_E5,25.0,5,0.0,0,0.0,0.0,0,0,5,3,320.0,14,6,31.82,82,0.0,0.0,0.0
259.0,4,pa_7,E6,20.0,4,0.0,0,0.0,0.0,0,0,4,2,320.0,14,6,31.82,82,0.0,0.0,0.0
259.0,4,pa_7_rev,NEG_E6,20.0,4,0.0,0,0.0,0.0,0,0,4,2,320.0,14,6,31.82,82,0.0,0.0,0.0
259.0,4,pa_8,E7,25.0,5,0.0,0,0.0,0.0,0,0,5,3,320.0,14,6,31.82,82,0.0,0.0,0.0
259.0,4,pa_8_rev,NEG_E7,25.0,5,125.0,5,100.0,100.0,3,3,0,0,320.0,14,6,31.82,82,25.0,1.0,1.0
260.0,4,pa_2,E0,20.0,4,80.0,4,100.0,100.0,3,3,0,0,320.0,14,6,31.82,82,20.0,1.0,1.0
260.0,4,pa_2_rev,NEG_E0,20.0,4,0.0,0,0.0,0.0,0,0,4,3,320.0,14,6,31.82,82,0.0,0.0,0.0
260.0,4,pa_3,E1,20.0,4,0.0,0,0.0,0.0,0,0,4,3,320.0,14,6,31.82,82,0.0,0.0,0.0
260.0,4,pa_3_rev,NEG_E1,20.0,4,40.0,2,50.0,0.0,0,0,2,3,320.0,14,6,31.82,82,20.0,0.29,0.5
260.0,4,pa_6,E5,25.0,5,75.0,3,60.0,0.0,0,0,2,3,320.0,14,6,31.82,82,25.0,0.38,0.6
260.0,4,pa_6_rev,NEG_E5,25.0,5,0.0,0,0.0,0.0,0,0,5,3,320.0,14,6,31.82,82,0.0,0.0,0.0
260.0,4,pa_7,E6,20.0,4,0.0,0,0.0,0.0,0,0,4,2,320.0,14,6,31.82,82,0.0,0.0,0.0
260.0,4,pa_7_rev,NEG_E6,20.0,4,0.0,0,0.0,0.0,0,0,4,2,320.0,14,6,31.82,82,0.0,0.0,0.0
260.0,4,pa_8,E7,25.0,5,0.0,0,0.0,0.0,0,0,5,3,320.0,14,6,31.82,82,0.0,0.0,0.0
260.0,4,pa_8_rev,NEG_E7,25.0,5,125.0,5,100.0,100.0,3,3,0,0,320.0,14,6,31.82,82,25.0,1.0,1.0
261.0,4,pa_2,E0,20.0,4,80.0,4,100.0,100.0,3,3,0,0,320.0,14,6,31.82,82,20.0,1.0,1.0
261.0,4,pa_2_rev,NEG_E0,20.0,4,0.0,0,0.0,0.0,0,0,4,3,320.0,14,6,31.82,82,0.0,0.0,0.0
261.0,4,pa_3,E1,20.0,4,0.0,0,0.0,0.0,0,0,4,3,320.0,14,6,31.82,82,0.0,0.0,0.0
261.0,4,pa_3_rev,NEG_E1,20.0,4,40.0,2,50.0,0.0,0,0,2,3,320.0,14,6,31.82,82,20.0,0.29,0.5
261.0,4,pa_6,E5,25.0,5,75.0,3,60.0,0.0,0,0,2,3,320.0,14,6,31.82,82,25.0,0.38,0.6
261.0,4,pa_6_rev,NEG_E5,25.0,5,0.0,0,0.0,0.0,0,0,5,3,320.0,14,6,31.82,82,0.0,0.0,0.0
261.0,4,pa_7,E6,20.0,4,0.0,0,0.0,0.0,0,0,4,2,320.0,14,6,31.82,82,0.0,0.0,0.0
261.0,4,pa_7_rev,NEG_E6,20.0,4,0.0,0,0.0,0.0,0,0,4,2,320.0,14,6,31.82,82,0.0,0.0,0.0
261.0,4,pa_8,E7,25.0,5,0.0,0,0.0,0.0,0,0,5,3,320.0,14,6,31.82,82,0.0,0.0,0.0
261.0,4,pa_8_rev,NEG_E7,25.0,5,125.0,5,100.0,100.0,3,3,0,0,320.0,14,6,31.82,82,25.0,1.0,1.0
262.0,4,pa_2,E0,20.0,4,80.0,4,100.0,100.0,3,3,0,0,320.0,14,6,31.82,82,20.0,1.0,1.0
262.0,4,pa_2_rev,NEG_E0,20.0,4,0.0,0,0.0,0.0,0,0,4,3,320.0,14,6,31.82,82,0.0,0.0,0.0
262.0,4,pa_3,E1,20.0,4,0.0,0,0.0,0.0,0,0,4,3,320.0,14,6,31.82,82,0.0,0.0,0.0
262.0,4,pa_3_rev,NEG_E1,20.0,4,40.0,2,50.0,0.0,0,0,2,3,320.0,14,6,31.82,82,20.0,0.29,0.5
262.0,4,pa_6,E5,25.0,5,75.0,3,60.0,0.0,0,0,2,3,320.0,14,6,31.82,82,25.0,0.38,0.6
262.0,4,pa_6_rev,NEG_E5,25.0,5,0.0,0,0.0,0.0,0,0,5,3,320.0,14,6,31.82,82,0.0,0.0,0.0
262.0,4,pa_7,E6,20.0,4,0.0,0,0.0,0.0,0,0,4,2,320.0,14,6,31.82,82,0.0,0.0,0.0
262.0,4,pa_7_rev,NEG_E6,20.0,4,0.0,0,0.0,0.0,0,0,4,2,320.0,14,6,31.82,82,0.0,0.0,0.0
262.0,4,pa_8,E7,25.0,5,0.0,0,0.0,0.0,0,0,5,3,320.0,14,6,31.82,82,0.0,0.0,0.0
262.0,4,pa_8_rev,NEG_E7,25.0,5,125.0,5,100.0,100.0,3,3,0,0,320.0,14,6,31.82,82,25.0,1.0,1.0
263.0,4,pa_2,E0,20.0,4,80.0,4,100.0,100.0,3,3,0,0,320.0,14,6,31.82,82,20.0,1.0,1.0
263.0,4,pa_2_rev,NEG_E0,20.0,4,0.0,0,0.0,0.0,0,0,4,3,320.0,14,6,31.82,82,0.0,0.0,0.0
263.0,4,pa_3,E1,20.0,4,0.0,0,0.0,0.0,0,0,4,3,320.0,14,6,31.82,82,0.0,0.0,0.0
263.0,4,pa_3_rev,NEG_E1,20.0,4,40.0,2,50.0,0.0,0,0,2,3,320.0,14,6,31.82,82,20.0,0.29,0.5
263.0,4,pa_6,E5,25.0,5,75.0,3,60.0,0.0,0,0,2,3,320.0,14,6,31.82,82,25.0,0.38,0.6
263.0,4,pa_6_rev,NEG_E5,25.0,5,0.0,0,0.0,0.0,0,0,5,3,320.0,14,6,31.82,82,0.0,0.0,0.0
263.0,4,pa_7,E6,20.0,4,0.0,0,0.0,0.0,0,0,4,2,320.0,14,6,31.82,82,0.0,0.0,0.0
263.0,4,pa_7_rev,NEG_E6,20.0,4,0.0,0,0.0,0.0,0,0,4,2,320.0,14,6,31.82,82,0.0,0.0,0.0
263.0,4,pa_8,E7,25.0,5,0.0,0,0.0,0.0,0,0,5,3,320.0,14,6,31.82,82,0.0,0.0,0.0
263.0,4,pa_8_rev,NEG_E7,25.0,5,125.0,5,100.0,100.0,3,3,0,0,320.0,14,6,31.82,82,25.0,1.0,1.0
264.0,4,pa_2,E0,20.0,4,80.0,4,100.0,100.0,3,3,0,0,320.0,14,6,31.82,82,20.0,1.0,1.0
264.0,4,pa_2_rev,NEG_E0,20.0,4,0.0,0,0.0,0.0,0,0,4,3,320.0,14,6,31.82,82,0.0,0.0,0.0
264.0,4,pa_3,E1,20.0,4,0.0,0,0.0,0.0,0,0,4,3,320.0,14,6,31.82,82,0.0,0.0,0.0
264.0,4,pa_3_rev,NEG_E1,20.0,4,40.0,2,50.0,0.0,0,0,2,3,320.0,14,6,31.82,82,20.0,0.29,0.5
264.0,4,pa_6,E5,25.0,5,75.0,3,60.0,0.0,0,0,2,3,320.0,14,6,31.82,82,25.0,0.38,0.6
264.0,4,pa_6_rev,NEG_E5,25.0,5,0.0,0,0.0,0.0,0,0,5,3,320.0,14,6,31.82,82,0.0,0.0,0.0
264.0,4,pa_7,E6,20.0,4,0.0,0,0.0,0.0,0,0,4,2,320.0,14,6,31.82,82,0.0,0.0,0.0
264.0,4,pa_7_rev,NEG_E6,20.0,4,0.0,0,0.0,0.0,0,0,4,2,320.0,14,6,31.82,82,0.0,0.0,0.0
264.0,4,pa_8,E7,25.0,5,0.0,0,0.0,0.0,0,0,5,3,320.0,14,6,31.82,82,0.0,0.0,0.0
264.0,4,pa_8_rev,NEG_E7,25.0,5,125.0,5,100.0,100.0,3,3,0,0,320.0,14,6,31.82,82,25.0,1.0,1.0
265.0,4,pa_2,E0,20.0,4,80.0,4,100.0,100.0,3,3,0,0,320.0,14,6,31.82,82,20.0,1.0,1.0
265.0,4,pa_2_rev,NEG_E0,20.0,4,0.0,0,0.0,0.0,0,0,4,3,320.0,14,6,31.82,82,0.0,0.0,0.0
265.0,4,pa_3,E1,20.0,4,0.0,0,0.0,0.0,0,0,4,3,320.0,14,6,31.82,82,0.0,0.0,0.0
265.0,4,pa_3_rev,NEG_E1,20.0,4,40.0,2,50.0,0.0,0,0,2,3,320.0,14,6,31.82,82,20.0,0.29,0.5
265.0,4,pa_6,E5,25.0,5,75.0,3,60.0,0.0,0,0,2,3,320.0,14,6,31.82,82,25.0,0.38,0.6
265.0,4,pa_6_rev,NEG_E5,25.0,5,0.0,0,0.0,0.0,0,0,5,3,320.0,14,6,31.82,82,0.0,0.0,0.0
265.0,4,pa_7,E6,20.0,4,0.0,0,0.0,0.0,0,0,4,2,320.0,14,6,31.82,82,0.0,0.0,0.0
265.0,4,pa_7_rev,NEG_E6,20.0,4,0.0,0,0.0,0.0,0,0,4,2,320.0,14,6,31.82,82,0.0,0.0,0.0
265.0,4,pa_8,E7,25.0,5,0.0,0,0.0,0.0,0,0,5,3,320.0,14,6,31.82,82,0.0,0.0,0.0
265.0,4,pa_8_rev,NEG_E7,25.0,5,125.0,5,100.0,100.0,3,3,0,0,320.0,14,6,31.82,82,25.0,1.0,1.0
266.0,4,pa_2,E0,20.0,4,80.0,4,100.0,100.0,3,3,0,0,320.0,14,6,31.82,82,20.0,1.0,1.0
266.0,4,pa_2_rev,NEG_E0,20.0,4,0.0,0,0.0,0.0,0,0,4,3,320.0,14,6,31.82,82,0.0,0.0,0.0
266.0,4,pa_3,E1,20.0,4,0.0,0,0.0,0.0,0,0,4,3,320.0,14,6,31.82,82,0.0,0.0,0.0
266.0,4,pa_3_rev,NEG_E1,20.0,4,40.0,2,50.0,0.0,0,0,2,3,320.0,14,6,31.82,82,20.0,0.29,0.5
266.0,4,pa_6,E5,25.0,5,75.0,3,60.0,0.0,0,0,2,3,320.0,14,6,31.82,82,25.0,0.38,0.6
266.0,4,pa_6_rev,NEG_E5,25.0,5,0.0,0,0.0,0.0,0,0,5,3,320.0,14,6,31.82,82,0.0,0.0,0.0
266.0,4,pa_7,E6,20.0,4,0.0,0,0.0,0.0,0,0,4,2,320.0,14,6,31.82,82,0.0,0.0,0.0
266.0,4,pa_7_rev,NEG_E6,20.0,4,0.0,0,0.0,0.0,0,0,4,2,320.0,14,6,31.82,82,0.0,0.0,0.0
266.0,4,pa_8,E7,25.0,5,0.0,0,0.0,0.0,0,0,5,3,320.0,14,6,31.82,82,0.0,0.0,0.0
266.0,4,pa_8_rev,NEG_E7,25.0,5,125.0,5,100.0,100.0,3,3,0,0,320.0,14,6,31.82,82,25.0,1.0,1.0
267.0,4,pa_2,E0,20.0,4,80.0,4,100.0,100.0,3,3,0,0,320.0,14,6,31.82,82,20.0,1.0,1.0
267.0,4,pa_2_rev,NEG_E0,20.0,4,0.0,0,0.0,0.0,0,0,4,3,320.0,14,6,31.82,82,0.0,0.0,0.0
267.0,4,pa_3,E1,20.0,4,0.0,0,0.0,0.0,0,0,4,3,320.0,14,6,31.82,82,0.0,0.0,0.0
267.0,4,pa_3_rev,NEG_E1,20.0,4,40.0,2,50.0,0.0,0,0,2,3,320.0,14,6,31.82,82,20.0,0.29,0.5
267.0,4,pa_6,E5,25.0,5,75.0,3,60.0,0.0,0,0,2,3,320.0,14,6,31.82,82,25.0,0.38,0.6
267.0,4,pa_6_rev,NEG_E5,25.0,5,0.0,0,0.0,0.0,0,0,5,3,320.0,14,6,31.82,82,0.0,0.0,0.0
267.0,4,pa_7,E6,20.0,4,0.0,0,0.0,0.0,0,0,4,2,320.0,14,6,31.82,82,0.0,0.0,0.0
267.0,4,pa_7_rev,NEG_E6,20.0,4,0.0,0,0.0,0.0,0,0,4,2,320.0,14,6,31.82,82,0.0,0.0,0.0
267.0,4,pa_8,E7,25.0,5,0.0,0,0.0,0.0,0,0,5,3,320.0,14,6,31.82,82,0.0,0.0,0.0
267.0,4,pa_8_rev,NEG_E7,25.0,5,125.0,5,100.0,100.0,3,3,0,0,320.0,14,6,31.82,82,25.0,1.0,1.0
268.0,4,pa_2,E0,20.0,4,80.0,4,100.0,100.0,3,3,0,0,320.0,14,6,31.82,82,20.0,1.0,1.0
268.0,4,pa_2_rev,NEG_E0,20.0,4,0.0,0,0.0,0.0,0,0,4,3,320.0,14,6,31.82,82,0.0,0.0,0.0
268.0,4,pa_3,E1,20.0,4,0.0,0,0.0,0.0,0,0,4,3,320.0,14,6,31.82,82,0.0,0.0,0.0
268.0,4,pa_3_rev,NEG_E1,20.0,4,40.0,2,50.0,0.0,0,0,2,3,320.0,14,6,31.82,82,20.0,0.29,0.5
268.0,4,pa_6,E5,25.0,5,75.0,3,60.0,0.0,0,0,2,3,320.0,14,6,31.82,82,25.0,0.38,0.6
268.0,4,pa_6_rev,NEG_E5,25.0,5,0.0,0,0.0,0.0,0,0,5,3,320.0,14,6,31.82,82,0.0,0.0,0.0
268.0,4,pa_7,E6,20.0,4,0.0,0,0.0,0.0,0,0,4,2,320.0,14,6,31.82,82,0.0,0.0,0.0
268.0,4,pa_7_rev,NEG_E6,20.0,4,0.0,0,0.0,0.0,0,0,4,2,320.0,14,6,31.82,82,0.0,0.0,0.0
268.0,4,pa_8,E7,25.0,5,0.0,0,0.0,0.0,0,0,5,3,320.0,14,6,31.82,82,0.0,0.0,0.0
268.0,4,pa_8_rev,NEG_E7,25.0,5,125.0,5,100.0,100.0,3,3,0,0,320.0,14,6,31.82,82,25.0,1.0,1.0
269.0,4,pa_2,E0,20.0,4,80.0,4,100.0,100.0,3,3,0,0,320.0,14,6,31.82,82,20.0,1.0,1.0
269.0,4,pa_2_rev,NEG_E0,20.0,4,0.0,0,0.0,0.0,0,0,4,3,320.0,14,6,31.82,82,0.0,0.0,0.0
269.0,4,pa_3,E1,20.0,4,0.0,0,0.0,0.0,0,0,4,3,320.0,14,6,31.82,82,0.0,0.0,0.0
269.0,4,pa_3_rev,NEG_E1,20.0,4,40.0,2,50.0,0.0,0,0,2,3,320.0,14,6,31.82,82,20.0,0.29,0.5
269.0,4,pa_6,E5,25.0,5,75.0,3,60.0,0.0,0,0,2,3,320.0,14,6,31.82,82,25.0,0.38,0.6
269.0,4,pa_6_rev,NEG_E5,25.0,5,0.0,0,0.0,0.0,0,0,5,3,320.0,14,6,31.82,82,0.0,0.0,0.0
269.0,4,pa_7,E6,20.0,4,0.0,0,0.0,0.0,0,0,4,2,320.0,14,6,31.82,82,0.0,0.0,0.0
269.0,4,pa_7_rev,NEG_E6,20.0,4,0.0,0,0.0,0.0,0,0,4,2,320.0,14,6,31.82,82,0.0,0.0,0.0
269.0,4,pa_8,E7,25.0,5,0.0,0,0.0,0.0,0,0,5,3,320.0,14,6,31.82,82,0.0,0.0,0.0
269.0,4,pa_8_rev,NEG_E7,25.0,5,125.0,5,100.0,100.0,3,3,0,0,320.0,14,6,31.82,82,25.0,1.0,1.0
270.0,4,pa_2,E0,20.0,4,80.0,4,100.0,100.0,3,3,0,0,320.0,14,6,31.82,82,20.0,1.0,1.0
270.0,4,pa_2_rev,NEG_E0,20.0,4,0.0,0,0.0,0.0,0,0,4,3,320.0,14,6,31.82,82,0.0,0.0,0.0
270.0,4,pa_3,E1,20.0,4,0.0,0,0.0,0.0,0,0,4,3,320.0,14,6,31.82,82,0.0,0.0,0.0
270.0,4,pa_3_rev,NEG_E1,20.0,4,40.0,2,50.0,0.0,0,0,2,3,320.0,14,6,31.82,82,20.0,0.29,0.5
270.0,4,pa_6,E5,25.0,5,75.0,3,60.0,0.0,0,0,2,3,320.0,14,6,31.82,82,25.0,0.38,0.6
270.0,4,pa_6_rev,NEG_E5,25.0,5,0.0,0,0.0,0.0,0,0,5,3,320.0,14,6,31.82,82,0.0,0.0,0.0
270.0,4,pa_7,E6,20.0,4,0.0,0,0.0,0.0,0,0,4,2,320.0,14,6,31.82,82,0.0,0.0,0.0
270.0,4,pa_7_rev,NEG_E6,20.0,4,0.0,0,0.0,0.0,0,0,4,2,320.0,14,6,31.82,82,0.0,0.0,0.0
270.0,4,pa_8,E7,25.0,5,0.0,0,0.0,0.0,0,0,5,3,320.0,14,6,31.82,82,0.0,0.0,0.0
270.0,4,pa_8_rev,NEG_E7,25.0,5,125.0,5,100.0,100.0,3,3,0,0,320.0,14,6,31.82,82,25.0,1.0,1.0
271.0,4,pa_2,E0,20.0,4,80.0,4,100.0,100.0,3,3,0,0,320.0,14,6,31.82,83,20.0,1.0,1.0
271.0,4,pa_2_rev,NEG_E0,20.0,4,0.0,0,0.0,0.0,0,0,4,3,320.0,14,6,31.82,83,0.0,0.0,0.0
271.0,4,pa_3,E1,20.0,4,0.0,0,0.0,0.0,0,0,4,3,320.0,14,6,31.82,83,0.0,0.0,0.0
271.0,4,pa_3_rev,NEG_E1,20.0,4,40.0,2,50.0,0.0,0,0,2,3,320.0,14,6,31.82,83,20.0,0.29,0.5
271.0,4,pa_6,E5,25.0,5,75.0,3,60.0,0.0,0,0,2,3,320.0,14,6,31.82,83,25.0,0.38,0.6
271.0,4,pa_6_rev,NEG_E5,25.0,5,0.0,0,0.0,0.0,0,0,5,3,320.0,14,6,31.82,83,0.0,0.0,0.0
271.0,4,pa_7,E6,20.0,4,0.0,0,0.0,0.0,0,0,4,2,320.0,14,6,31.82,83,0.0,0.0,0.0
271.0,4,pa_7_rev,NEG_E6,20.0,4,0.0,0,0.0,0.0,0,0,4,2,320.0,14,6,31.82,83,0.0,0.0,0.0
271.0,4,pa_8,E7,25.0,5,0.0,0,0.0,0.0,0,0,5,3,320.0,14,6,31.82,83,0.0,0.0,0.0
271.0,4,pa_8_rev,NEG_E7,25.0,5,125.0,5,100.0,100.0,3,3,0,0,320.0,14,6,31.82,83,25.0,1.0,1.0
272.0,4,pa_2,E0,20.0,4,80.0,4,100.0,100.0,3,3,0,0,320.0,14,6,31.82,83,20.0,1.0,1.0
272.0,4,pa_2_rev,NEG_E0,20.0,4,0.0,0,0.0,0.0,0,0,4,3,320.0,14,6,31.82,83,0.0,0.0,0.0
272.0,4,pa_3,E1,20.0,4,0.0,0,0.0,0.0,0,0,4,3,320.0,14,6,31.82,83,0.0,0.0,0.0
272.0,4,pa_3_rev,NEG_E1,20.0,4,40.0,2,50.0,0.0,0,0,2,3,320.0,14,6,31.82,83,20.0,0.29,0.5
272.0,4,pa_6,E5,25.0,5,75.0,3,60.0,0.0,0,0,2,3,320.0,14,6,31.82,83,25.0,0.38,0.6
272.0,4,pa_6_rev,NEG_E5,25.0,5,0.0,0,0.0,0.0,0,0,5,3,320.0,14,6,31.82,83,0.0,0.0,0.0
272.0,4,pa_7,E6,20.0,4,0.0,0,0.0,0.0,0,0,4,2,320.0,14,6,31.82,83,0.0,0.0,0.0
272.0,4,pa_7_rev,NEG_E6,20.0,4,0.0,0,0.0,0.0,0,0,4,2,320.0,14,6,31.82,83,0.0,0.0,0.0
272.0,4,pa_8,E7,25.0,5,0.0,0,0.0,0.0,0,0,5,3,320.0,14,6,31.82,83,0.0,0.0,0.0
272.0,4,pa_8_rev,NEG_E7,25.0,5,125.0,5,100.0,100.0,3,3,0,0,320.0,14,6,31.82,83,25.0,1.0,1.0
273.0,4,pa_2,E0,20.0,4,80.0,4,100.0,100.0,3,3,0,0,320.0,14,6,31.82,84,20.0,1.0,1.0
273.0,4,pa_2_rev,NEG_E0,20.0,4,0.0,0,0.0,0.0,0,0,4,3,320.0,14,6,31.82,84,0.0,0.0,0.0
273.0,4,pa_3,E1,20.0,4,0.0,0,0.0,0.0,0,0,4,3,320.0,14,6,31.82,84,0.0,0.0,0.0
273.0,4,pa_3_rev,NEG_E1,20.0,4,40.0,2,50.0,0.0,0,0,2,3,320.0,14,6,31.82,84,20.0,0.29,0.5
273.0,4,pa_6,E5,25.0,5,75.0,3,60.0,0.0,0,0,2,3,320.0,14,6,31.82,84,25.0,0.38,0.6
273.0,4,pa_6_rev,NEG_E5,25.0,5,0.0,0,0.0,0.0,0,0,5,3,320.0,14,6,31.82,84,0.0,0.0,0.0
273.0,4,pa_7,E6,20.0,4,0.0,0,0.0,0.0,0,0,4,2,320.0,14,6,31.82,84,0.0,0.0,0.0
273.0,4,pa_7_rev,NEG_E6,20.0,4,0.0,0,0.0,0.0,0,0,4,2,320.0,14,6,31.82,84,0.0,0.0,0.0
273.0,4,pa_8,E7,25.0,5,0.0,0,0.0,0.0,0,0,5,3,320.0,14,6,31.82,84,0.0,0.0,0.0
273.0,4,pa_8_rev,NEG_E7,25.0,5,125.0,5,100.0,100.0,3,3,0,0,320.0,14,6,31.82,84,25.0,1.0,1.0
274.0,4,pa_2,E0,20.0,4,80.0,4,100.0,100.0,3,3,0,0,320.0,14,6,31.82,84,20.0,1.0,1.0
274.0,4,pa_2_rev,NEG_E0,20.0,4,0.0,0,0.0,0.0,0,0,4,3,320.0,14,6,31.82,84,0.0,0.0,0.0
274.0,4,pa_3,E1,20.0,4,0.0,0,0.0,0.0,0,0,4,3,320.0,14,6,31.82,84,0.0,0.0,0.0
274.0,4,pa_3_rev,NEG_E1,20.0,4,40.0,2,50.0,0.0,0,0,2,3,320.0,14,6,31.82,84,20.0,0.29,0.5
274.0,4,pa_6,E5,25.0,5,75.0,3,60.0,0.0,0,0,2,3,320.0,14,6,31.82,84,25.0,0.38,0.6
274.0,4,pa_6_rev,NEG_E5,25.0,5,0.0,0,0.0,0.0,0,0,5,3,320.0,14,6,31.82,84,0.0,0.0,0.0
274.0,4,pa_7,E6,20.0,4,0.0,0,0.0,0.0,0,0,4,2,320.0,14,6,31.82,84,0.0,0.0,0.0
274.0,4,pa_7_rev,NEG_E6,20.0,4,0.0,0,0.0,0.0,0,0,4,2,320.0,14,6,31.82,84,0.0,0.0,0.0
274.0,4,pa_8,E7,25.0,5,0.0,0,0.0,0.0,0,0,5,3,320.0,14,6,31.82,84,0.0,0.0,0.0
274.0,4,pa_8_rev,NEG_E7,25.0,5,125.0,5,100.0,100.0,3,3,0,0,320.0,14,6,31.82,84,25.0,1.0,1.0
275.0,4,pa_2,E0,20.0,4,80.0,4,100.0,100.0,3,3,0,0,320.0,14,6,31.82,84,20.0,1.0,1.0
275.0,4,pa_2_rev,NEG_E0,20.0,4,0.0,0,0.0,0.0,0,0,4,3,320.0,14,6,31.82,84,0.0,0.0,0.0
275.0,4,pa_3,E1,20.0,4,0.0,0,0.0,0.0,0,0,4,3,320.0,14,6,31.82,84,0.0,0.0,0.0
275.0,4,pa_3_rev,NEG_E1,20.0,4,40.0,2,50.0,0.0,0,0,2,3,320.0,14,6,31.82,84,20.0,0.29,0.5
275.0,4,pa_6,E5,25.0,5,75.0,3,60.0,0.0,0,0,2,3,320.0,14,6,31.82,84,25.0,0.38,0.6
275.0,4,pa_6_rev,NEG_E5,25.0,5,0.0,0,0.0,0.0,0,0,5,3,320.0,14,6,31.82,84,0.0,0.0,0.0
275.0,4,pa_7,E6,20.0,4,0.0,0,0.0,0.0,0,0,4,2,320.0,14,6,31.82,84,0.0,0.0,0.0
275.0,4,pa_7_rev,NEG_E6,20.0,4,0.0,0,0.0,0.0,0,0,4,2,320.0,14,6,31.82,84,0.0,0.0,0.0
275.0,4,pa_8,E7,25.0,5,0.0,0,0.0,0.0,0,0,5,3,320.0,14,6,31.82,84,0.0,0.0,0.0
275.0,4,pa_8_rev,NEG_E7,25.0,5,125.0,5,100.0,100.0,3,3,0,0,320.0,14,6,31.82,84,25.0,1.0,1.0
276.0,4,pa_2,E0,20.0,4,80.0,4,100.0,100.0,3,3,0,0,320.0,14,6,31.82,84,20.0,1.0,1.0
276.0,4,pa_2_rev,NEG_E0,20.0,4,0.0,0,0.0,0.0,0,0,4,3,320.0,14,6,31.82,84,0.0,0.0,0.0
276.0,4,pa_3,E1,20.0,4,0.0,0,0.0,0.0,0,0,4,3,320.0,14,6,31.82,84,0.0,0.0,0.0
276.0,4,pa_3_rev,NEG_E1,20.0,4,40.0,2,50.0,0.0,0,0,2,3,320.0,14,6,31.82,84,20.0,0.29,0.5
276.0,4,pa_6,E5,25.0,5,75.0,3,60.0,0.0,0,0,2,3,320.0,14,6,31.82,84,25.0,0.38,0.6
276.0,4,pa_6_rev,NEG_E5,25.0,5,0.0,0,0.0,0.0,0,0,5,3,320.0,14,6,31.82,84,0.0,0.0,0.0
276.0,4,pa_7,E6,20.0,4,0.0,0,0.0,0.0,0,0,4,2,320.0,14,6,31.82,84,0.0,0.0,0.0
276.0,4,pa_7_rev,NEG_E6,20.0,4,0.0,0,0.0,0.0,0,0,4,2,320.0,14,6,31.82,84,0.0,0.0,0.0
276.0,4,pa_8,E7,25.0,5,0.0,0,0.0,0.0,0,0,5,3,320.0,14,6,31.82,84,0.0,0.0,0.0
276.0,4,pa_8_rev,NEG_E7,25.0,5,125.0,5,100.0,100.0,3,3,0,0,320.0,14,6,31.82,84,25.0,1.0,1.0
277.0,4,pa_2,E0,20.0,4,80.0,4,100.0,100.0,3,3,0,0,340.0,15,6,34.09,84,20.0,1.0,1.0
277.0,4,pa_2_rev,NEG_E0,20.0,4,0.0,0,0.0,0.0,0,0,4,3,340.0,15,6,34.09,84,0.0,0.0,0.0
277.0,4,pa_3,E1,20.0,4,0.0,0,0.0,0.0,0,0,4,3,340.0,15,6,34.09,84,0.0,0.0,0.0
277.0,4,pa_3_rev,NEG_E1,20.0,4,40.0,2,50.0,0.0,0,0,2,3,340.0,15,6,34.09,84,20.0,0.29,0.5
277.0,4,pa_6,E5,25.0,5,75.0,3,60.0,0.0,0,0,2,3,340.0,15,6,34.09,84,25.0,0.38,0.6
277.0,4,pa_6_rev,NEG_E5,25.0,5,0.0,0,0.0,0.0,0,0,5,3,340.0,15,6,34.09,84,0.0,0.0,0.0
277.0,4,pa_7,E6,20.0,4,0.0,0,0.0,0.0,0,0,4,2,340.0,15,6,34.09,84,0.0,0.0,0.0
277.0,4,pa_7_rev,NEG_E6,20.0,4,20.0,1,25.0,0.0,0,0,3,2,340.0,15,6,34.09,84,20.0,0.17,0.25
277.0,4,pa_8,E7,25.0,5,0.0,0,0.0,0.0,0,0,5,3,340.0,15,6,34.09,84,0.0,0.0,0.0
277.0,4,pa_8_rev,NEG_E7,25.0,5,125.0,5,100.0,100.0,3,3,0,0,340.0,15,6,34.09,84,25.0,1.0,1.0
278.0,4,pa_2,E0,20.0,4,80.0,4,100.0,100.0,3,3,0,0,340.0,15,6,34.09,84,20.0,1.0,1.0
278.0,4,pa_2_rev,NEG_E0,20.0,4,0.0,0,0.0,0.0,0,0,4,3,340.0,15,6,34.09,84,0.0,0.0,0.0
278.0,4,pa_3,E1,20.0,4,0.0,0,0.0,0.0,0,0,4,3,340.0,15,6,34.09,84,0.0,0.0,0.0
278.0,4,pa_3_rev,NEG_E1,20.0,4,40.0,2,50.0,0.0,0,0,2,3,340.0,15,6,34.09,84,20.0,0.29,0.5
278.0,4,pa_6,E5,25.0,5,75.0,3,60.0,0.0,0,0,2,3,340.0,15,6,34.09,84,25.0,0.38,0.6
278.0,4,pa_6_rev,NEG_E5,25.0,5,0.0,0,0.0,0.0,0,0,5,3,340.0,15,6,34.09,84,0.0,0.0,0.0
278.0,4,pa_7,E6,20.0,4,0.0,0,0.0,0.0,0,0,4,2,340.0,15,6,34.09,84,0.0,0.0,0.0
278.0,4,pa_7_rev,NEG_E6,20.0,4,20.0,1,25.0,0.0,0,0,3,2,340.0,15,6,34.09,84,20.0,0.17,0.25
278.0,4,pa_8,E7,25.0,5,0.0,0,0.0,0.0,0,0,5,3,340.0,15,6,34.09,84,0.0,0.0,0.0
278.0,4,pa_8_rev,NEG_E7,25.0,5,125.0,5,100.0,100.0,3,3,0,0,340.0,15,6,34.09,84,25.0,1.0,1.0
279.0,4,pa_2,E0,20.0,4,80.0,4,100.0,100.0,3,3,0,0,340.0,15,6,34.09,84,20.0,1.0,1.0
279.0,4,pa_2_rev,NEG_E0,20.0,4,0.0,0,0.0,0.0,0,0,4,3,340.0,15,6,34.09,84,0.0,0.0,0.0
279.0,4,pa_3,E1,20.0,4,0.0,0,0.0,0.0,0,0,4,3,340.0,15,6,34.09,84,0.0,0.0,0.0
279.0,4,pa_3_rev,NEG_E1,20.0,4,40.0,2,50.0,0.0,0,0,2,3,340.0,15,6,34.09,84,20.0,0.29,0.5
279.0,4,pa_6,E5,25.0,5,75.0,3,60.0,0.0,0,0,2,3,340.0,15,6,34.09,84,25.0,0.38,0.6
279.0,4,pa_6_rev,NEG_E5,25.0,5,0.0,0,0.0,0.0,0,0,5,3,340.0,15,6,34.09,84,0.0,0.0,0.0
279.0,4,pa_7,E6,20.0,4,0.0,0,0.0,0.0,0,0,4,2,340.0,15,6,34.09,84,0.0,0.0,0.0
279.0,4,pa_7_rev,NEG_E6,20.0,4,20.0,1,25.0,0.0,0,0,3,2,340.0,15,6,34.09,84,20.0,0.17,0.25
279.0,4,pa_8,E7,25.0,5,0.0,0,0.0,0.0,0,0,5,3,340.0,15,6,34.09,84,0.0,0.0,0.0
279.0,4,pa_8_rev,NEG_E7,25.0,5,125.0,5,100.0,100.0,3,3,0,0,340.0,15,6,34.09,84,25.0,1.0,1.0
280.0,4,pa_2,E0,20.0,4,80.0,4,100.0,100.0,3,3,0,0,360.0,16,6,36.36,84,20.0,1.0,1.0
280.0,4,pa_2_rev,NEG_E0,20.0,4,0.0,0,0.0,0.0,0,0,4,3,360.0,16,6,36.36,84,0.0,0.0,0.0
280.0,4,pa_3,E1,20.0,4,0.0,0,0.0,0.0,0,0,4,3,360.0,16,6,36.36,84,0.0,0.0,0.0
280.0,4,pa_3_rev,NEG_E1,20.0,4,60.0,3,75.0,0.0,0,0,1,3,360.0,16,6,36.36,84,20.0,0.43,0.75
280.0,4,pa_6,E5,25.0,5,75.0,3,60.0,0.0,0,0,2,3,360.0,16,6,36.36,84,25.0,0.38,0.6
280.0,4,pa_6_rev,NEG_E5,25.0,5,0.0,0,0.0,0.0,0,0,5,3,360.0,16,6,36.36,84,0.0,0.0,0.0
280.0,4,pa_7,E6,20.0,4,0.0,0,0.0,0.0,0,0,4,2,360.0,16,6,36.36,84,0.0,0.0,0.0
280.0,4,pa_7_rev,NEG_E6,20.0,4,20.0,1,25.0,0.0,0,0,3,2,360.0,16,6,36.36,84,20.0,0.17,0.25
280.0,4,pa_8,E7,25.0,5,0.0,0,0.0,0.0,0,0,5,3,360.0,16,6,36.36,84,0.0,0.0,0.0
280.0,4,pa_8_rev,NEG_E7,25.0,5,125.0,5,100.0,100.0,3,3,0,0,360.0,16,6,36.36,84,25.0,1.0,1.0
281.0,4,pa_2,E0,20.0,4,80.0,4,100.0,100.0,3,3,0,0,360.0,16,6,36.36,85,20.0,1.0,1.0
281.0,4,pa_2_rev,NEG_E0,20.0,4,0.0,0,0.0,0.0,0,0,4,3,360.0,16,6,36.36,85,0.0,0.0,0.0
281.0,4,pa_3,E1,20.0,4,0.0,0,0.0,0.0,0,0,4,3,360.0,16,6,36.36,85,0.0,0.0,0.0
281.0,4,pa_3_rev,NEG_E1,20.0,4,60.0,3,75.0,0.0,0,0,1,3,360.0,16,6,36.36,85,20.0,0.43,0.75
281.0,4,pa_6,E5,25.0,5,75.0,3,60.0,0.0,0,0,2,3,360.0,16,6,36.36,85,25.0,0.38,0.6
281.0,4,pa_6_rev,NEG_E5,25.0,5,0.0,0,0.0,0.0,0,0,5,3,360.0,16,6,36.36,85,0.0,0.0,0.0
281.0,4,pa_7,E6,20.0,4,0.0,0,0.0,0.0,0,0,4,2,360.0,16,6,36.36,85,0.0,0.0,0.0
281.0,4,pa_7_rev,NEG_E6,20.0,4,20.0,1,25.0,0.0,0,0,3,2,360.0,16,6,36.36,85,20.0,0.17,0.25
281.0,4,pa_8,E7,25.0,5,0.0,0,0.0,0.0,0,0,5,3,360.0,16,6,36.36,85,0.0,0.0,0.0
281.0,4,pa_8_rev,NEG_E7,25.0,5,125.0,5,100.0,100.0,3,3,0,0,360.0,16,6,36.36,85,25.0,1.0,1.0
282.0,4,pa_2,E0,20.0,4,80.0,4,100.0,100.0,3,3,0,0,360.0,16,6,36.36,85,20.0,1.0,1.0
282.0,4,pa_2_rev,NEG_E0,20.0,4,0.0,0,0.0,0.0,0,0,4,3,360.0,16,6,36.36,85,0.0,0.0,0.0
282.0,4,pa_3,E1,20.0,4,0.0,0,0.0,0.0,0,0,4,3,360.0,16,6,36.36,85,0.0,0.0,0.0
282.0,4,pa_3_rev,NEG_E1,20.0,4,60.0,3,75.0,0.0,0,0,1,3,360.0,16,6,36.36,85,20.0,0.43,0.75
282.0,4,pa_6,E5,25.0,5,75.0,3,60.0,0.0,0,0,2,3,360.0,16,6,36.36,85,25.0,0.38,0.6
282.0,4,pa_6_rev,NEG_E5,25.0,5,0.0,0,0.0,0.0,0,0,5,3,360.0,16,6,36.36,85,0.0,0.0,0.0
282.0,4,pa_7,E6,20.0,4,0.0,0,0.0,0.0,0,0,4,2,360.0,16,6,36.36,85,0.0,0.0,0.0
282.0,4,pa_7_rev,NEG_E6,20.0,4,20.0,1,25.0,0.0,0,0,3,2,360.0,16,6,36.36,85,20.0,0.17,0.25
282.0,4,pa_8,E7,25.0,5,0.0,0,0.0,0.0,0,0,5,3,360.0,16,6,36.36,85,0.0,0.0,0.0
282.0,4,pa_8_rev,NEG_E7,25.0,5,125.0,5,100.0,100.0,3,3,0,0,360.0,16,6,36.36,85,25.0,1.0,1.0
283.0,4,pa_2,E0,20.0,4,80.0,4,100.0,100.0,3,3,0,0,360.0,16,6,36.36,85,20.0,1.0,1.0
283.0,4,pa_2_rev,NEG_E0,20.0,4,0.0,0,0.0,0.0,0,0,4,3,360.0,16,6,36.36,85,0.0,0.0,0.0
283.0,4,pa_3,E1,20.0,4,0.0,0,0.0,0.0,0,0,4,3,360.0,16,6,36.36,85,0.0,0.0,0.0
283.0,4,pa_3_rev,NEG_E1,20.0,4,60.0,3,75.0,0.0,0,0,1,3,360.0,16,6,36.36,85,20.0,0.43,0.75
283.0,4,pa_6,E5,25.0,5,75.0,3,60.0,0.0,0,0,2,3,360.0,16,6,36.36,85,25.0,0.38,0.6
283.0,4,pa_6_rev,NEG_E5,25.0,5,0.0,0,0.0,0.0,0,0,5,3,360.0,16,6,36.36,85,0.0,0.0,0.0
283.0,4,pa_7,E6,20.0,4,0.0,0,0.0,0.0,0,0,4,2,360.0,16,6,36.36,85,0.0,0.0,0.0
283.0,4,pa_7_rev,NEG_E6,20.0,4,20.0,1,25.0,0.0,0,0,3,2,360.0,16,6,36.36,85,20.0,0.17,0.25
283.0,4,pa_8,E7,25.0,5,0.0,0,0.0,0.0,0,0,5,3,360.0,16,6,36.36,85,0.0,0.0,0.0
283.0,4,pa_8_rev,NEG_E7,25.0,5,125.0,5,100.0,100.0,3,3,0,0,360.0,16,6,36.36,85,25.0,1.0,1.0
284.0,4,pa_2,E0,20.0,4,80.0,4,100.0,100.0,3,3,0,0,360.0,16,6,36.36,85,20.0,1.0,1.0
284.0,4,pa_2_rev,NEG_E0,20.0,4,0.0,0,0.0,0.0,0,0,4,3,360.0,16,6,36.36,85,0.0,0.0,0.0
284.0,4,pa_3,E1,20.0,4,0.0,0,0.0,0.0,0,0,4,3,360.0,16,6,36.36,85,0.0,0.0,0.0
284.0,4,pa_3_rev,NEG_E1,20.0,4,60.0,3,75.0,0.0,0,0,1,3,360.0,16,6,36.36,85,20.0,0.43,0.75
284.0,4,pa_6,E5,25.0,5,75.0,3,60.0,0.0,0,0,2,3,360.0,16,6,36.36,85,25.0,0.38,0.6
284.0,4,pa_6_rev,NEG_E5,25.0,5,0.0,0,0.0,0.0,0,0,5,3,360.0,16,6,36.36,85,0.0,0.0,0.0
284.0,4,pa_7,E6,20.0,4,0.0,0,0.0,0.0,0,0,4,2,360.0,16,6,36.36,85,0.0,0.0,0.0
284.0,4,pa_7_rev,NEG_E6,20.0,4,20.0,1,25.0,0.0,0,0,3,2,360.0,16,6,36.36,85,20.0,0.17,0.25
284.0,4,pa_8,E7,25.0,5,0.0,0,0.0,0.0,0,0,5,3,360.0,16,6,36.36,85,0.0,0.0,0.0
284.0,4,pa_8_rev,NEG_E7,25.0,5,125.0,5,100.0,100.0,3,3,0,0,360.0,16,6,36.36,85,25.0,1.0,1.0
285.0,4,pa_2,E0,20.0,4,80.0,4,100.0,100.0,3,3,0,0,360.0,16,6,36.36,85,20.0,1.0,1.0
285.0,4,pa_2_rev,NEG_E0,20.0,4,0.0,0,0.0,0.0,0,0,4,3,360.0,16,6,36.36,85,0.0,0.0,0.0
285.0,4,pa_3,E1,20.0,4,0.0,0,0.0,0.0,0,0,4,3,360.0,16,6,36.36,85,0.0,0.0,0.0
285.0,4,pa_3_rev,NEG_E1,20.0,4,60.0,3,75.0,0.0,0,0,1,3,360.0,16,6,36.36,85,20.0,0.43,0.75
285.0,4,pa_6,E5,25.0,5,75.0,3,60.0,0.0,0,0,2,3,360.0,16,6,36.36,85,25.0,0.38,0.6
285.0,4,pa_6_rev,NEG_E5,25.0,5,0.0,0,0.0,0.0,0,0,5,3,360.0,16,6,36.36,85,0.0,0.0,0.0
285.0,4,pa_7,E6,20.0,4,0.0,0,0.0,0.0,0,0,4,2,360.0,16,6,36.36,85,0.0,0.0,0.0
285.0,4,pa_7_rev,NEG_E6,20.0,4,20.0,1,25.0,0.0,0,0,3,2,360.0,16,6,36.36,85,20.0,0.17,0.25
285.0,4,pa_8,E7,25.0,5,0.0,0,0.0,0.0,0,0,5,3,360.0,16,6,36.36,85,0.0,0.0,0.0
285.0,4,pa_8_rev,NEG_E7,25.0,5,125.0,5,100.0,100.0,3,3,0,0,360.0,16,6,36.36,85,25.0,1.0,1.0
286.0,4,pa_2,E0,20.0,4,80.0,4,100.0,100.0,3,3,0,0,360.0,16,6,36.36,85,20.0,1.0,1.0
286.0,4,pa_2_rev,NEG_E0,20.0,4,0.0,0,0.0,0.0,0,0,4,3,360.0,16,6,36.36,85,0.0,0.0,0.0
286.0,4,pa_3,E1,20.0,4,0.0,0,0.0,0.0,0,0,4,3,360.0,16,6,36.36,85,0.0,0.0,0.0
286.0,4,pa_3_rev,NEG_E1,20.0,4,60.0,3,75.0,0.0,0,0,1,3,360.0,16,6,36.36,85,20.0,0.43,0.75
286.0,4,pa_6,E5,25.0,5,75.0,3,60.0,0.0,0,0,2,3,360.0,16,6,36.36,85,25.0,0.38,0.6
286.0,4,pa_6_rev,NEG_E5,25.0,5,0.0,0,0.0,0.0,0,0,5,3,360.0,16,6,36.36,85,0.0,0.0,0.0
286.0,4,pa_7,E6,20.0,4,0.0,0,0.0,0.0,0,0,4,2,360.0,16,6,36.36,85,0.0,0.0,0.0
286.0,4,pa_7_rev,NEG_E6,20.0,4,20.0,1,25.0,0.0,0,0,3,2,360.0,16,6,36.36,85,20.0,0.17,0.25
286.0,4,pa_8,E7,25.0,5,0.0,0,0.0,0.0,0,0,5,3,360.0,16,6,36.36,85,0.0,0.0,0.0
286.0,4,pa_8_rev,NEG_E7,25.0,5,125.0,5,100.0,100.0,3,3,0,0,360.0,16,6,36.36,85,25.0,1.0,1.0
287.0,4,pa_2,E0,20.0,4,80.0,4,100.0,100.0,3,3,0,0,360.0,16,6,36.36,85,20.0,1.0,1.0
287.0,4,pa_2_rev,NEG_E0,20.0,4,0.0,0,0.0,0.0,0,0,4,3,360.0,16,6,36.36,85,0.0,0.0,0.0
287.0,4,pa_3,E1,20.0,4,0.0,0,0.0,0.0,0,0,4,3,360.0,16,6,36.36,85,0.0,0.0,0.0
287.0,4,pa_3_rev,NEG_E1,20.0,4,60.0,3,75.0,0.0,0,0,1,3,360.0,16,6,36.36,85,20.0,0.43,0.75
287.0,4,pa_6,E5,25.0,5,75.0,3,60.0,0.0,0,0,2,3,360.0,16,6,36.36,85,25.0,0.38,0.6
287.0,4,pa_6_rev,NEG_E5,25.0,5,0.0,0,0.0,0.0,0,0,5,3,360.0,16,6,36.36,85,0.0,0.0,0.0
287.0,4,pa_7,E6,20.0,4,0.0,0,0.0,0.0,0,0,4,2,360.0,16,6,36.36,85,0.0,0.0,0.0
287.0,4,pa_7_rev,NEG_E6,20.0,4,20.0,1,25.0,0.0,0,0,3,2,360.0,16,6,36.36,85,20.0,0.17,0.25
287.0,4,pa_8,E7,25.0,5,0.0,0,0.0,0.0,0,0,5,3,360.0,16,6,36.36,85,0.0,0.0,0.0
287.0,4,pa_8_rev,NEG_E7,25.0,5,125.0,5,100.0,100.0,3,3,0,0,360.0,16,6,36.36,85,25.0,1.0,1.0
288.0,4,pa_2,E0,20.0,4,80.0,4,100.0,100.0,3,3,0,0,360.0,16,6,36.36,85,20.0,1.0,1.0
288.0,4,pa_2_rev,NEG_E0,20.0,4,0.0,0,0.0,0.0,0,0,4,3,360.0,16,6,36.36,85,0.0,0.0,0.0
288.0,4,pa_3,E1,20.0,4,0.0,0,0.0,0.0,0,0,4,3,360.0,16,6,36.36,85,0.0,0.0,0.0
288.0,4,pa_3_rev,NEG_E1,20.0,4,60.0,3,75.0,0.0,0,0,1,3,360.0,16,6,36.36,85,20.0,0.43,0.75
288.0,4,pa_6,E5,25.0,5,75.0,3,60.0,0.0,0,0,2,3,360.0,16,6,36.36,85,25.0,0.38,0.6
288.0,4,pa_6_rev,NEG_E5,25.0,5,0.0,0,0.0,0.0,0,0,5,3,360.0,16,6,36.36,85,0.0,0.0,0.0
288.0,4,pa_7,E6,20.0,4,0.0,0,0.0,0.0,0,0,4,2,360.0,16,6,36.36,85,0.0,0.0,0.0
288.0,4,pa_7_rev,NEG_E6,20.0,4,20.0,1,25.0,0.0,0,0,3,2,360.0,16,6,36.36,85,20.0,0.17,0.25
288.0,4,pa_8,E7,25.0,5,0.0,0,0.0,0.0,0,0,5,3,360.0,16,6,36.36,85,0.0,0.0,0.0
288.0,4,pa_8_rev,NEG_E7,25.0,5,125.0,5,100.0,100.0,3,3,0,0,360.0,16,6,36.36,85,25.0,1.0,1.0
289.0,4,pa_2,E0,20.0,4,80.0,4,100.0,100.0,3,3,0,0,360.0,16,6,36.36,90,20.0,1.0,1.0
289.0,4,pa_2_rev,NEG_E0,20.0,4,0.0,0,0.0,0.0,0,0,4,3,360.0,16,6,36.36,90,0.0,0.0,0.0
289.0,4,pa_3,E1,20.0,4,0.0,0,0.0,0.0,0,0,4,3,360.0,16,6,36.36,90,0.0,0.0,0.0
289.0,4,pa_3_rev,NEG_E1,20.0,4,60.0,3,75.0,0.0,0,0,1,3,360.0,16,6,36.36,90,20.0,0.43,0.75
289.0,4,pa_6,E5,25.0,5,75.0,3,60.0,0.0,0,0,2,3,360.0,16,6,36.36,90,25.0,0.38,0.6
289.0,4,pa_6_rev,NEG_E5,25.0,5,0.0,0,0.0,0.0,0,0,5,3,360.0,16,6,36.36,90,0.0,0.0,0.0
289.0,4,pa_7,E6,20.0,4,0.0,0,0.0,0.0,0,0,4,2,360.0,16,6,36.36,90,0.0,0.0,0.0
289.0,4,pa_7_rev,NEG_E6,20.0,4,20.0,1,25.0,0.0,0,0,3,2,360.0,16,6,36.36,90,20.0,0.17,0.25
289.0,4,pa_8,E7,25.0,5,0.0,0,0.0,0.0,0,0,5,3,360.0,16,6,36.36,90,0.0,0.0,0.0
289.0,4,pa_8_rev,NEG_E7,25.0,5,125.0,5,100.0,100.0,3,3,0,0,360.0,16,6,36.36,90,25.0,1.0,1.0
290.0,4,pa_2,E0,20.0,4,80.0,4,100.0,100.0,3,3,0,0,360.0,16,6,36.36,90,20.0,1.0,1.0
290.0,4,pa_2_rev,NEG_E0,20.0,4,0.0,0,0.0,0.0,0,0,4,3,360.0,16,6,36.36,90,0.0,0.0,0.0
290.0,4,pa_3,E1,20.0,4,0.0,0,0.0,0.0,0,0,4,3,360.0,16,6,36.36,90,0.0,0.0,0.0
290.0,4,pa_3_rev,NEG_E1,20.0,4,60.0,3,75.0,0.0,0,0,1,3,360.0,16,6,36.36,90,20.0,0.43,0.75
290.0,4,pa_6,E5,25.0,5,75.0,3,60.0,0.0,0,0,2,3,360.0,16,6,36.36,90,25.0,0.38,0.6
290.0,4,pa_6_rev,NEG_E5,25.0,5,0.0,0,0.0,0.0,0,0,5,3,360.0,16,6,36.36,90,0.0,0.0,0.0
290.0,4,pa_7,E6,20.0,4,0.0,0,0.0,0.0,0,0,4,2,360.0,16,6,36.36,90,0.0,0.0,0.0
290.0,4,pa_7_rev,NEG_E6,20.0,4,20.0,1,25.0,0.0,0,0,3,2,360.0,16,6,36.36,90,20.0,0.17,0.25
290.0,4,pa_8,E7,25.0,5,0.0,0,0.0,0.0,0,0,5,3,360.0,16,6,36.36,90,0.0,0.0,0.0
290.0,4,pa_8_rev,NEG_E7,25.0,5,125.0,5,100.0,100.0,3,3,0,0,360.0,16,6,36.36,90,25.0,1.0,1.0
291.0,4,pa_2,E0,20.0,4,80.0,4,100.0,100.0,3,3,0,0,360.0,16,6,36.36,90,20.0,1.0,1.0
291.0,4,pa_2_rev,NEG_E0,20.0,4,0.0,0,0.0,0.0,0,0,4,3,360.0,16,6,36.36,90,0.0,0.0,0.0
291.0,4,pa_3,E1,20.0,4,0.0,0,0.0,0.0,0,0,4,3,360.0,16,6,36.36,90,0.0,0.0,0.0
291.0,4,pa_3_rev,NEG_E1,20.0,4,60.0,3,75.0,0.0,0,0,1,3,360.0,16,6,36.36,90,20.0,0.43,0.75
291.0,4,pa_6,E5,25.0,5,75.0,3,60.0,0.0,0,0,2,3,360.0,16,6,36.36,90,25.0,0.38,0.6
291.0,4,pa_6_rev,NEG_E5,25.0,5,0.0,0,0.0,0.0,0,0,5,3,360.0,16,6,36.36,90,0.0,0.0,0.0
291.0,4,pa_7,E6,20.0,4,0.0,0,0.0,0.0,0,0,4,2,360.0,16,6,36.36,90,0.0,0.0,0.0
291.0,4,pa_7_rev,NEG_E6,20.0,4,20.0,1,25.0,0.0,0,0,3,2,360.0,16,6,36.36,90,20.0,0.17,0.25
291.0,4,pa_8,E7,25.0,5,0.0,0,0.0,0.0,0,0,5,3,360.0,16,6,36.36,90,0.0,0.0,0.0
291.0,4,pa_8_rev,NEG_E7,25.0,5,125.0,5,100.0,100.0,3,3,0,0,360.0,16,6,36.36,90,25.0,1.0,1.0
292.0,4,pa_2,E0,20.0,4,80.0,4,100.0,100.0,3,3,0,0,360.0,16,6,36.36,90,20.0,1.0,1.0
292.0,4,pa_2_rev,NEG_E0,20.0,4,0.0,0,0.0,0.0,0,0,4,3,360.0,16,6,36.36,90,0.0,0.0,0.0
292.0,4,pa_3,E1,20.0,4,0.0,0,0.0,0.0,0,0,4,3,360.0,16,6,36.36,90,0.0,0.0,0.0
292.0,4,pa_3_rev,NEG_E1,20.0,4,60.0,3,75.0,0.0,0,0,1,3,360.0,16,6,36.36,90,20.0,0.43,0.75
292.0,4,pa_6,E5,25.0,5,75.0,3,60.0,0.0,0,0,2,3,360.0,16,6,36.36,90,25.0,0.38,0.6
292.0,4,pa_6_rev,NEG_E5,25.0,5,0.0,0,0.0,0.0,0,0,5,3,360.0,16,6,36.36,90,0.0,0.0,0.0
292.0,4,pa_7,E6,20.0,4,0.0,0,0.0,0.0,0,0,4,2,360.0,16,6,36.36,90,0.0,0.0,0.0
292.0,4,pa_7_rev,NEG_E6,20.0,4,20.0,1,25.0,0.0,0,0,3,2,360.0,16,6,36.36,90,20.0,0.17,0.25
292.0,4,pa_8,E7,25.0,5,0.0,0,0.0,0.0,0,0,5,3,360.0,16,6,36.36,90,0.0,0.0,0.0
292.0,4,pa_8_rev,NEG_E7,25.0,5,125.0,5,100.0,100.0,3,3,0,0,360.0,16,6,36.36,90,25.0,1.0,1.0
293.0,4,pa_2,E0,20.0,4,80.0,4,100.0,100.0,3,3,0,0,360.0,16,6,36.36,90,20.0,1.0,1.0
293.0,4,pa_2_rev,NEG_E0,20.0,4,0.0,0,0.0,0.0,0,0,4,3,360.0,16,6,36.36,90,0.0,0.0,0.0
293.0,4,pa_3,E1,20.0,4,0.0,0,0.0,0.0,0,0,4,3,360.0,16,6,36.36,90,0.0,0.0,0.0
293.0,4,pa_3_rev,NEG_E1,20.0,4,60.0,3,75.0,0.0,0,0,1,3,360.0,16,6,36.36,90,20.0,0.43,0.75
293.0,4,pa_6,E5,25.0,5,75.0,3,60.0,0.0,0,0,2,3,360.0,16,6,36.36,90,25.0,0.38,0.6
293.0,4,pa_6_rev,NEG_E5,25.0,5,0.0,0,0.0,0.0,0,0,5,3,360.0,16,6,36.36,90,0.0,0.0,0.0
293.0,4,pa_7,E6,20.0,4,0.0,0,0.0,0.0,0,0,4,2,360.0,16,6,36.36,90,0.0,0.0,0.0
293.0,4,pa_7_rev,NEG_E6,20.0,4,20.0,1,25.0,0.0,0,0,3,2,360.0,16,6,36.36,90,20.0,0.17,0.25
293.0,4,pa_8,E7,25.0,5,0.0,0,0.0,0.0,0,0,5,3,360.0,16,6,36.36,90,0.0,0.0,0.0
293.0,4,pa_8_rev,NEG_E7,25.0,5,125.0,5,100.0,100.0,3,3,0,0,360.0,16,6,36.36,90,25.0,1.0,1.0
294.0,4,pa_2,E0,20.0,4,80.0,4,100.0,100.0,3,3,0,0,360.0,16,6,36.36,90,20.0,1.0,1.0
294.0,4,pa_2_rev,NEG_E0,20.0,4,0.0,0,0.0,0.0,0,0,4,3,360.0,16,6,36.36,90,0.0,0.0,0.0
294.0,4,pa_3,E1,20.0,4,0.0,0,0.0,0.0,0,0,4,3,360.0,16,6,36.36,90,0.0,0.0,0.0
294.0,4,pa_3_rev,NEG_E1,20.0,4,60.0,3,75.0,0.0,0,0,1,3,360.0,16,6,36.36,90,20.0,0.43,0.75
294.0,4,pa_6,E5,25.0,5,75.0,3,60.0,0.0,0,0,2,3,360.0,16,6,36.36,90,25.0,0.38,0.6
294.0,4,pa_6_rev,NEG_E5,25.0,5,0.0,0,0.0,0.0,0,0,5,3,360.0,16,6,36.36,90,0.0,0.0,0.0
294.0,4,pa_7,E6,20.0,4,0.0,0,0.0,0.0,0,0,4,2,360.0,16,6,36.36,90,0.0,0.0,0.0
294.0,4,pa_7_rev,NEG_E6,20.0,4,20.0,1,25.0,0.0,0,0,3,2,360.0,16,6,36.36,90,20.0,0.17,0.25
294.0,4,pa_8,E7,25.0,5,0.0,0,0.0,0.0,0,0,5,3,360.0,16,6,36.36,90,0.0,0.0,0.0
294.0,4,pa_8_rev,NEG_E7,25.0,5,125.0,5,100.0,100.0,3,3,0,0,360.0,16,6,36.36,90,25.0,1.0,1.0
295.0,4,pa_2,E0,20.0,4,80.0,4,100.0,100.0,3,3,0,0,360.0,16,6,36.36,90,20.0,1.0,1.0
295.0,4,pa_2_rev,NEG_E0,20.0,4,0.0,0,0.0,0.0,0,0,4,3,360.0,16,6,36.36,90,0.0,0.0,0.0
295.0,4,pa_3,E1,20.0,4,0.0,0,0.0,0.0,0,0,4,3,360.0,16,6,36.36,90,0.0,0.0,0.0
295.0,4,pa_3_rev,NEG_E1,20.0,4,60.0,3,75.0,0.0,0,0,1,3,360.0,16,6,36.36,90,20.0,0.43,0.75
295.0,4,pa_6,E5,25.0,5,75.0,3,60.0,0.0,0,0,2,3,360.0,16,6,36.36,90,25.0,0.38,0.6
295.0,4,pa_6_rev,NEG_E5,25.0,5,0.0,0,0.0,0.0,0,0,5,3,360.0,16,6,36.36,90,0.0,0.0,0.0
295.0,4,pa_7,E6,20.0,4,0.0,0,0.0,0.0,0,0,4,2,360.0,16,6,36.36,90,0.0,0.0,0.0
295.0,4,pa_7_rev,NEG_E6,20.0,4,20.0,1,25.0,0.0,0,0,3,2,360.0,16,6,36.36,90,20.0,0.17,0.25
295.0,4,pa_8,E7,25.0,5,0.0,0,0.0,0.0,0,0,5,3,360.0,16,6,36.36,90,0.0,0.0,0.0
295.0,4,pa_8_rev,NEG_E7,25.0,5,125.0,5,100.0,100.0,3,3,0,0,360.0,16,6,36.36,90,25.0,1.0,1.0
296.0,4,pa_2,E0,20.0,4,80.0,4,100.0,100.0,3,3,0,0,360.0,16,6,36.36,90,20.0,1.0,1.0
296.0,4,pa_2_rev,NEG_E0,20.0,4,0.0,0,0.0,0.0,0,0,4,3,360.0,16,6,36.36,90,0.0,0.0,0.0
296.0,4,pa_3,E1,20.0,4,0.0,0,0.0,0.0,0,0,4,3,360.0,16,6,36.36,90,0.0,0.0,0.0
296.0,4,pa_3_rev,NEG_E1,20.0,4,60.0,3,75.0,0.0,0,0,1,3,360.0,16,6,36.36,90,20.0,0.43,0.75
296.0,4,pa_6,E5,25.0,5,75.0,3,60.0,0.0,0,0,2,3,360.0,16,6,36.36,90,25.0,0.38,0.6
296.0,4,pa_6_rev,NEG_E5,25.0,5,0.0,0,0.0,0.0,0,0,5,3,360.0,16,6,36.36,90,0.0,0.0,0.0
296.0,4,pa_7,E6,20.0,4,0.0,0,0.0,0.0,0,0,4,2,360.0,16,6,36.36,90,0.0,0.0,0.0
296.0,4,pa_7_rev,NEG_E6,20.0,4,20.0,1,25.0,0.0,0,0,3,2,360.0,16,6,36.36,90,20.0,0.17,0.25
296.0,4,pa_8,E7,25.0,5,0.0,0,0.0,0.0,0,0,5,3,360.0,16,6,36.36,90,0.0,0.0,0.0
296.0,4,pa_8_rev,NEG_E7,25.0,5,125.0,5,100.0,100.0,3,3,0,0,360.0,16,6,36.36,90,25.0,1.0,1.0
297.0,4,pa_2,E0,20.0,4,80.0,4,100.0,100.0,3,3,0,0,360.0,16,6,36.36,90,20.0,1.0,1.0
297.0,4,pa_2_rev,NEG_E0,20.0,4,0.0,0,0.0,0.0,0,0,4,3,360.0,16,6,36.36,90,0.0,0.0,0.0
297.0,4,pa_3,E1,20.0,4,0.0,0,0.0,0.0,0,0,4,3,360.0,16,6,36.36,90,0.0,0.0,0.0
297.0,4,pa_3_rev,NEG_E1,20.0,4,60.0,3,75.0,0.0,0,0,1,3,360.0,16,6,36.36,90,20.0,0.43,0.75
297.0,4,pa_6,E5,25.0,5,75.0,3,60.0,0.0,0,0,2,3,360.0,16,6,36.36,90,25.0,0.38,0.6
297.0,4,pa_6_rev,NEG_E5,25.0,5,0.0,0,0.0,0.0,0,0,5,3,360.0,16,6,36.36,90,0.0,0.0,0.0
297.0,4,pa_7,E6,20.0,4,0.0,0,0.0,0.0,0,0,4,2,360.0,16,6,36.36,90,0.0,0.0,0.0
297.0,4,pa_7_rev,NEG_E6,20.0,4,20.0,1,25.0,0.0,0,0,3,2,360.0,16,6,36.36,90,20.0,0.17,0.25
297.0,4,pa_8,E7,25.0,5,0.0,0,0.0,0.0,0,0,5,3,360.0,16,6,36.36,90,0.0,0.0,0.0
297.0,4,pa_8_rev,NEG_E7,25.0,5,125.0,5,100.0,100.0,3,3,0,0,360.0,16,6,36.36,90,25.0,1.0,1.0
298.0,4,pa_2,E0,20.0,4,80.0,4,100.0,100.0,3,3,0,0,360.0,16,6,36.36,90,20.0,1.0,1.0
298.0,4,pa_2_rev,NEG_E0,20.0,4,0.0,0,0.0,0.0,0,0,4,3,360.0,16,6,36.36,90,0.0,0.0,0.0
298.0,4,pa_3,E1,20.0,4,0.0,0,0.0,0.0,0,0,4,3,360.0,16,6,36.36,90,0.0,0.0,0.0
298.0,4,pa_3_rev,NEG_E1,20.0,4,60.0,3,75.0,0.0,0,0,1,3,360.0,16,6,36.36,90,20.0,0.43,0.75
298.0,4,pa_6,E5,25.0,5,75.0,3,60.0,0.0,0,0,2,3,360.0,16,6,36.36,90,25.0,0.38,0.6
298.0,4,pa_6_rev,NEG_E5,25.0,5,0.0,0,0.0,0.0,0,0,5,3,360.0,16,6,36.36,90,0.0,0.0,0.0
298.0,4,pa_7,E6,20.0,4,0.0,0,0.0,0.0,0,0,4,2,360.0,16,6,36.36,90,0.0,0.0,0.0
298.0,4,pa_7_rev,NEG_E6,20.0,4,20.0,1,25.0,0.0,0,0,3,2,360.0,16,6,36.36,90,20.0,0.17,0.25
298.0,4,pa_8,E7,25.0,5,0.0,0,0.0,0.0,0,0,5,3,360.0,16,6,36.36,90,0.0,0.0,0.0
298.0,4,pa_8_rev,NEG_E7,25.0,5,125.0,5,100.0,100.0,3,3,0,0,360.0,16,6,36.36,90,25.0,1.0,1.0
299.0,4,pa_2,E0,20.0,4,80.0,4,100.0,100.0,3,3,0,0,360.0,16,6,36.36,90,20.0,1.0,1.0
299.0,4,pa_2_rev,NEG_E0,20.0,4,0.0,0,0.0,0.0,0,0,4,3,360.0,16,6,36.36,90,0.0,0.0,0.0
299.0,4,pa_3,E1,20.0,4,0.0,0,0.0,0.0,0,0,4,3,360.0,16,6,36.36,90,0.0,0.0,0.0
299.0,4,pa_3_rev,NEG_E1,20.0,4,60.0,3,75.0,0.0,0,0,1,3,360.0,16,6,36.36,90,20.0,0.43,0.75
299.0,4,pa_6,E5,25.0,5,75.0,3,60.0,0.0,0,0,2,3,360.0,16,6,36.36,90,25.0,0.38,0.6
299.0,4,pa_6_rev,NEG_E5,25.0,5,0.0,0,0.0,0.0,0,0,5,3,360.0,16,6,36.36,90,0.0,0.0,0.0
299.0,4,pa_7,E6,20.0,4,0.0,0,0.0,0.0,0,0,4,2,360.0,16,6,36.36,90,0.0,0.0,0.0
299.0,4,pa_7_rev,NEG_E6,20.0,4,20.0,1,25.0,0.0,0,0,3,2,360.0,16,6,36.36,90,20.0,0.17,0.25
299.0,4,pa_8,E7,25.0,5,0.0,0,0.0,0.0,0,0,5,3,360.0,16,6,36.36,90,0.0,0.0,0.0
299.0,4,pa_8_rev,NEG_E7,25.0,5,125.0,5,100.0,100.0,3,3,0,0,360.0,16,6,36.36,90,25.0,1.0,1.0
300.0,5,pa_2,E0,20.0,4,80.0,4,100.0,100.0,3,3,0,0,360.0,16,6,36.36,90,20.0,1.0,1.0
300.0,5,pa_2_rev,NEG_E0,20.0,4,0.0,0,0.0,0.0,0,0,4,3,360.0,16,6,36.36,90,0.0,0.0,0.0
300.0,5,pa_3,E1,20.0,4,0.0,0,0.0,0.0,0,0,4,3,360.0,16,6,36.36,90,0.0,0.0,0.0
300.0,5,pa_3_rev,NEG_E1,20.0,4,60.0,3,75.0,0.0,0,0,1,3,360.0,16,6,36.36,90,20.0,0.43,0.75
300.0,5,pa_6,E5,25.0,5,75.0,3,60.0,0.0,0,0,2,3,360.0,16,6,36.36,90,25.0,0.38,0.6
300.0,5,pa_6_rev,NEG_E5,25.0,5,0.0,0,0.0,0.0,0,0,5,3,360.0,16,6,36.36,90,0.0,0.0,0.0
300.0,5,pa_7,E6,20.0,4,0.0,0,0.0,0.0,0,0,4,2,360.0,16,6,36.36,90,0.0,0.0,0.0
300.0,5,pa_7_rev,NEG_E6,20.0,4,20.0,1,25.0,0.0,0,0,3,2,360.0,16,6,36.36,90,20.0,0.17,0.25
300.0,5,pa_8,E7,25.0,5,0.0,0,0.0,0.0,0,0,5,3,360.0,16,6,36.36,90,0.0,0.0,0.0
300.0,5,pa_8_rev,NEG_E7,25.0,5,125.0,5,100.0,100.0,3,3,0,0,360.0,16,6,36.36,90,25.0,1.0,1.0
301.0,5,pa_2,E0,20.0,4,80.0,4,100.0,100.0,3,3,0,0,360.0,16,6,36.36,92,20.0,1.0,1.0
301.0,5,pa_2_rev,NEG_E0,20.0,4,0.0,0,0.0,0.0,0,0,4,3,360.0,16,6,36.36,92,0.0,0.0,0.0
301.0,5,pa_3,E1,20.0,4,0.0,0,0.0,0.0,0,0,4,3,360.0,16,6,36.36,92,0.0,0.0,0.0
301.0,5,pa_3_rev,NEG_E1,20.0,4,60.0,3,75.0,0.0,0,0,1,3,360.0,16,6,36.36,92,20.0,0.43,0.75
301.0,5,pa_6,E5,25.0,5,75.0,3,60.0,0.0,0,0,2,3,360.0,16,6,36.36,92,25.0,0.38,0.6
301.0,5,pa_6_rev,NEG_E5,25.0,5,0.0,0,0.0,0.0,0,0,5,3,360.0,16,6,36.36,92,0.0,0.0,0.0
301.0,5,pa_7,E6,20.0,4,0.0,0,0.0,0.0,0,0,4,2,360.0,16,6,36.36,92,0.0,0.0,0.0
301.0,5,pa_7_rev,NEG_E6,20.0,4,20.0,1,25.0,0.0,0,0,3,2,360.0,16,6,36.36,92,20.0,0.17,0.25
301.0,5,pa_8,E7,25.0,5,0.0,0,0.0,0.0,0,0,5,3,360.0,16,6,36.36,92,0.0,0.0,0.0
301.0,5,pa_8_rev,NEG_E7,25.0,5,125.0,5,100.0,100.0,3,3,0,0,360.0,16,6,36.36,92,25.0,1.0,1.0
302.0,5,pa_2,E0,20.0,4,80.0,4,100.0,100.0,3,3,0,0,360.0,16,6,36.36,92,20.0,1.0,1.0
302.0,5,pa_2_rev,NEG_E0,20.0,4,0.0,0,0.0,0.0,0,0,4,3,360.0,16,6,36.36,92,0.0,0.0,0.0
302.0,5,pa_3,E1,20.0,4,0.0,0,0.0,0.0,0,0,4,3,360.0,16,6,36.36,92,0.0,0.0,0.0
302.0,5,pa_3_rev,NEG_E1,20.0,4,60.0,3,75.0,0.0,0,0,1,3,360.0,16,6,36.36,92,20.0,0.43,0.75
302.0,5,pa_6,E5,25.0,5,75.0,3,60.0,0.0,0,0,2,3,360.0,16,6,36.36,92,25.0,0.38,0.6
302.0,5,pa_6_rev,NEG_E5,25.0,5,0.0,0,0.0,0.0,0,0,5,3,360.0,16,6,36.36,92,0.0,0.0,0.0
302.0,5,pa_7,E6,20.0,4,0.0,0,0.0,0.0,0,0,4,2,360.0,16,6,36.36,92,0.0,0.0,0.0
302.0,5,pa_7_rev,NEG_E6,20.0,4,20.0,1,25.0,0.0,0,0,3,2,360.0,16,6,36.36,92,20.0,0.17,0.25
302.0,5,pa_8,E7,25.0,5,0.0,0,0.0,0.0,0,0,5,3,360.0,16,6,36.36,92,0.0,0.0,0.0
302.0,5,pa_8_rev,NEG_E7,25.0,5,125.0,5,100.0,100.0,3,3,0,0,360.0,16,6,36.36,92,25.0,1.0,1.0
303.0,5,pa_2,E0,20.0,4,80.0,4,100.0,100.0,3,3,0,0,360.0,16,6,36.36,92,20.0,1.0,1.0
303.0,5,pa_2_rev,NEG_E0,20.0,4,0.0,0,0.0,0.0,0,0,4,3,360.0,16,6,36.36,92,0.0,0.0,0.0
303.0,5,pa_3,E1,20.0,4,0.0,0,0.0,0.0,0,0,4,3,360.0,16,6,36.36,92,0.0,0.0,0.0
303.0,5,pa_3_rev,NEG_E1,20.0,4,60.0,3,75.0,0.0,0,0,1,3,360.0,16,6,36.36,92,20.0,0.43,0.75
303.0,5,pa_6,E5,25.0,5,75.0,3,60.0,0.0,0,0,2,3,360.0,16,6,36.36,92,25.0,0.38,0.6
303.0,5,pa_6_rev,NEG_E5,25.0,5,0.0,0,0.0,0.0,0,0,5,3,360.0,16,6,36.36,92,0.0,0.0,0.0
303.0,5,pa_7,E6,20.0,4,0.0,0,0.0,0.0,0,0,4,2,360.0,16,6,36.36,92,0.0,0.0,0.0
303.0,5,pa_7_rev,NEG_E6,20.0,4,20.0,1,25.0,0.0,0,0,3,2,360.0,16,6,36.36,92,20.0,0.17,0.25
303.0,5,pa_8,E7,25.0,5,0.0,0,0.0,0.0,0,0,5,3,360.0,16,6,36.36,92,0.0,0.0,0.0
303.0,5,pa_8_rev,NEG_E7,25.0,5,125.0,5,100.0,100.0,3,3,0,0,360.0,16,6,36.36,92,25.0,1.0,1.0
304.0,5,pa_2,E0,20.0,4,80.0,4,100.0,100.0,3,3,0,0,360.0,16,6,36.36,92,20.0,1.0,1.0
304.0,5,pa_2_rev,NEG_E0,20.0,4,0.0,0,0.0,0.0,0,0,4,3,360.0,16,6,36.36,92,0.0,0.0,0.0
304.0,5,pa_3,E1,20.0,4,0.0,0,0.0,0.0,0,0,4,3,360.0,16,6,36.36,92,0.0,0.0,0.0
304.0,5,pa_3_rev,NEG_E1,20.0,4,60.0,3,75.0,0.0,0,0,1,3,360.0,16,6,36.36,92,20.0,0.43,0.75
304.0,5,pa_6,E5,25.0,5,75.0,3,60.0,0.0,0,0,2,3,360.0,16,6,36.36,92,25.0,0.38,0.6
304.0,5,pa_6_rev,NEG_E5,25.0,5,0.0,0,0.0,0.0,0,0,5,3,360.0,16,6,36.36,92,0.0,0.0,0.0
304.0,5,pa_7,E6,20.0,4,0.0,0,0.0,0.0,0,0,4,2,360.0,16,6,36.36,92,0.0,0.0,0.0
304.0,5,pa_7_rev,NEG_E6,20.0,4,20.0,1,25.0,0.0,0,0,3,2,360.0,16,6,36.36,92,20.0,0.17,0.25
304.0,5,pa_8,E7,25.0,5,0.0,0,0.0,0.0,0,0,5,3,360.0,16,6,36.36,92,0.0,0.0,0.0
304.0,5,pa_8_rev,NEG_E7,25.0,5,125.0,5,100.0,100.0,3,3,0,0,360.0,16,6,36.36,92,25.0,1.0,1.0
305.0,5,pa_2,E0,20.0,4,80.0,4,100.0,100.0,3,3,0,0,380.0,17,6,38.64,92,20.0,1.0,1.0
305.0,5,pa_2_rev,NEG_E0,20.0,4,0.0,0,0.0,0.0,0,0,4,3,380.0,17,6,38.64,92,0.0,0.0,0.0
305.0,5,pa_3,E1,20.0,4,0.0,0,0.0,0.0,0,0,4,3,380.0,17,6,38.64,92,0.0,0.0,0.0
305.0,5,pa_3_rev,NEG_E1,20.0,4,80.0,4,100.0,0.0,0,0,0,3,380.0,17,6,38.64,92,20.0,0.57,1.0
305.0,5,pa_6,E5,25.0,5,75.0,3,60.0,0.0,0,0,2,3,380.0,17,6,38.64,92,25.0,0.38,0.6
305.0,5,pa_6_rev,NEG_E5,25.0,5,0.0,0,0.0,0.0,0,0,5,3,380.0,17,6,38.64,92,0.0,0.0,0.0
305.0,5,pa_7,E6,20.0,4,0.0,0,0.0,0.0,0,0,4,2,380.0,17,6,38.64,92,0.0,0.0,0.0
305.0,5,pa_7_rev,NEG_E6,20.0,4,20.0,1,25.0,0.0,0,0,3,2,380.0,17,6,38.64,92,20.0,0.17,0.25
305.0,5,pa_8,E7,25.0,5,0.0,0,0.0,0.0,0,0,5,3,380.0,17,6,38.64,92,0.0,0.0,0.0
305.0,5,pa_8_rev,NEG_E7,25.0,5,125.0,5,100.0,100.0,3,3,0,0,380.0,17,6,38.64,92,25.0,1.0,1.0
306.0,5,pa_2,E0,20.0,4,80.0,4,100.0,100.0,3,3,0,0,405.0,18,6,40.91,92,20.0,1.0,1.0
306.0,5,pa_2_rev,NEG_E0,20.0,4,0.0,0,0.0,0.0,0,0,4,3,405.0,18,6,40.91,92,0.0,0.0,0.0
306.0,5,pa_3,E1,20.0,4,0.0,0,0.0,0.0,0,0,4,3,405.0,18,6,40.91,92,0.0,0.0,0.0
306.0,5,pa_3_rev,NEG_E1,20.0,4,80.0,4,100.0,0.0,0,0,0,3,405.0,18,6,40.91,92,20.0,0.57,1.0
306.0,5,pa_6,E5,25.0,5,100.0,4,80.0,0.0,0,0,1,3,405.0,18,6,40.91,92,25.0,0.5,0.8
306.0,5,pa_6_rev,NEG_E5,25.0,5,0.0,0,0.0,0.0,0,0,5,3,405.0,18,6,40.91,92,0.0,0.0,0.0
306.0,5,pa_7,E6,20.0,4,0.0,0,0.0,0.0,0,0,4,2,405.0,18,6,40.91,92,0.0,0.0,0.0
306.0,5,pa_7_rev,NEG_E6,20.0,4,20.0,1,25.0,0.0,0,0,3,2,405.0,18,6,40.91,92,20.0,0.17,0.25
306.0,5,pa_8,E7,25.0,5,0.0,0,0.0,0.0,0,0,5,3,405.0,18,6,40.91,92,0.0,0.0,0.0
306.0,5,pa_8_rev,NEG_E7,25.0,5,125.0,5,100.0,100.0,3,3,0,0,405.0,18,6,40.91,92,25.0,1.0,1.0
307.0,5,pa_2,E0,20.0,4,80.0,4,100.0,100.0,3,3,0,0,405.0,18,6,40.91,92,20.0,1.0,1.0
307.0,5,pa_2_rev,NEG_E0,20.0,4,0.0,0,0.0,0.0,0,0,4,3,405.0,18,6,40.91,92,0.0,0.0,0.0
307.0,5,pa_3,E1,20.0,4,0.0,0,0.0,0.0,0,0,4,3,405.0,18,6,40.91,92,0.0,0.0,0.0
307.0,5,pa_3_rev,NEG_E1,20.0,4,80.0,4,100.0,0.0,0,0,0,3,405.0,18,6,40.91,92,20.0,0.57,1.0
307.0,5,pa_6,E5,25.0,5,100.0,4,80.0,0.0,0,0,1,3,405.0,18,6,40.91,92,25.0,0.5,0.8
307.0,5,pa_6_rev,NEG_E5,25.0,5,0.0,0,0.0,0.0,0,0,5,3,405.0,18,6,40.91,92,0.0,0.0,0.0
307.0,5,pa_7,E6,20.0,4,0.0,0,0.0,0.0,0,0,4,2,405.0,18,6,40.91,92,0.0,0.0,0.0
307.0,5,pa_7_rev,NEG_E6,20.0,4,20.0,1,25.0,0.0,0,0,3,2,405.0,18,6,40.91,92,20.0,0.17,0.25
307.0,5,pa_8,E7,25.0,5,0.0,0,0.0,0.0,0,0,5,3,405.0,18,6,40.91,92,0.0,0.0,0.0
307.0,5,pa_8_rev,NEG_E7,25.0,5,125.0,5,100.0,100.0,3,3,0,0,405.0,18,6,40.91,92,25.0,1.0,1.0
308.0,5,pa_2,E0,20.0,4,80.0,4,100.0,100.0,3,3,0,0,405.0,18,6,40.91,92,20.0,1.0,1.0
308.0,5,pa_2_rev,NEG_E0,20.0,4,0.0,0,0.0,0.0,0,0,4,3,405.0,18,6,40.91,92,0.0,0.0,0.0
308.0,5,pa_3,E1,20.0,4,0.0,0,0.0,0.0,0,0,4,3,405.0,18,6,40.91,92,0.0,0.0,0.0
308.0,5,pa_3_rev,NEG_E1,20.0,4,80.0,4,100.0,0.0,0,0,0,3,405.0,18,6,40.91,92,20.0,0.57,1.0
308.0,5,pa_6,E5,25.0,5,100.0,4,80.0,0.0,0,0,1,3,405.0,18,6,40.91,92,25.0,0.5,0.8
308.0,5,pa_6_rev,NEG_E5,25.0,5,0.0,0,0.0,0.0,0,0,5,3,405.0,18,6,40.91,92,0.0,0.0,0.0
308.0,5,pa_7,E6,20.0,4,0.0,0,0.0,0.0,0,0,4,2,405.0,18,6,40.91,92,0.0,0.0,0.0
308.0,5,pa_7_rev,NEG_E6,20.0,4,20.0,1,25.0,0.0,0,0,3,2,405.0,18,6,40.91,92,20.0,0.17,0.25
308.0,5,pa_8,E7,25.0,5,0.0,0,0.0,0.0,0,0,5,3,405.0,18,6,40.91,92,0.0,0.0,0.0
308.0,5,pa_8_rev,NEG_E7,25.0,5,125.0,5,100.0,100.0,3,3,0,0,405.0,18,6,40.91,92,25.0,1.0,1.0
309.0,5,pa_2,E0,20.0,4,80.0,4,100.0,100.0,3,3,0,0,405.0,18,6,40.91,97,20.0,1.0,1.0
309.0,5,pa_2_rev,NEG_E0,20.0,4,0.0,0,0.0,0.0,0,0,4,3,405.0,18,6,40.91,97,0.0,0.0,0.0
309.0,5,pa_3,E1,20.0,4,0.0,0,0.0,0.0,0,0,4,3,405.0,18,6,40.91,97,0.0,0.0,0.0
309.0,5,pa_3_rev,NEG_E1,20.0,4,80.0,4,100.0,0.0,0,0,0,3,405.0,18,6,40.91,97,20.0,0.57,1.0
309.0,5,pa_6,E5,25.0,5,100.0,4,80.0,0.0,0,0,1,3,405.0,18,6,40.91,97,25.0,0.5,0.8
309.0,5,pa_6_rev,NEG_E5,25.0,5,0.0,0,0.0,0.0,0,0,5,3,405.0,18,6,40.91,97,0.0,0.0,0.0
309.0,5,pa_7,E6,20.0,4,0.0,0,0.0,0.0,0,0,4,2,405.0,18,6,40.91,97,0.0,0.0,0.0
309.0,5,pa_7_rev,NEG_E6,20.0,4,20.0,1,25.0,0.0,0,0,3,2,405.0,18,6,40.91,97,20.0,0.17,0.25
309.0,5,pa_8,E7,25.0,5,0.0,0,0.0,0.0,0,0,5,3,405.0,18,6,40.91,97,0.0,0.0,0.0
309.0,5,pa_8_rev,NEG_E7,25.0,5,125.0,5,100.0,100.0,3,3,0,0,405.0,18,6,40.91,97,25.0,1.0,1.0
310.0,5,pa_2,E0,20.0,4,80.0,4,100.0,100.0,3,3,0,0,405.0,18,6,40.91,97,20.0,1.0,1.0
310.0,5,pa_2_rev,NEG_E0,20.0,4,0.0,0,0.0,0.0,0,0,4,3,405.0,18,6,40.91,97,0.0,0.0,0.0
310.0,5,pa_3,E1,20.0,4,0.0,0,0.0,0.0,0,0,4,3,405.0,18,6,40.91,97,0.0,0.0,0.0
310.0,5,pa_3_rev,NEG_E1,20.0,4,80.0,4,100.0,0.0,0,0,0,3,405.0,18,6,40.91,97,20.0,0.57,1.0
310.0,5,pa_6,E5,25.0,5,100.0,4,80.0,0.0,0,0,1,3,405.0,18,6,40.91,97,25.0,0.5,0.8
310.0,5,pa_6_rev,NEG_E5,25.0,5,0.0,0,0.0,0.0,0,0,5,3,405.0,18,6,40.91,97,0.0,0.0,0.0
310.0,5,pa_7,E6,20.0,4,0.0,0,0.0,0.0,0,0,4,2,405.0,18,6,40.91,97,0.0,0.0,0.0
310.0,5,pa_7_rev,NEG_E6,20.0,4,20.0,1,25.0,0.0,0,0,3,2,405.0,18,6,40.91,97,20.0,0.17,0.25
310.0,5,pa_8,E7,25.0,5,0.0,0,0.0,0.0,0,0,5,3,405.0,18,6,40.91,97,0.0,0.0,0.0
310.0,5,pa_8_rev,NEG_E7,25.0,5,125.0,5,100.0,100.0,3,3,0,0,405.0,18,6,40.91,97,25.0,1.0,1.0
311.0,5,pa_2,E0,20.0,4,80.0,4,100.0,100.0,3,3,0,0,405.0,18,6,40.91,97,20.0,1.0,1.0
311.0,5,pa_2_rev,NEG_E0,20.0,4,0.0,0,0.0,0.0,0,0,4,3,405.0,18,6,40.91,97,0.0,0.0,0.0
311.0,5,pa_3,E1,20.0,4,0.0,0,0.0,0.0,0,0,4,3,405.0,18,6,40.91,97,0.0,0.0,0.0
311.0,5,pa_3_rev,NEG_E1,20.0,4,80.0,4,100.0,0.0,0,0,0,3,405.0,18,6,40.91,97,20.0,0.57,1.0
311.0,5,pa_6,E5,25.0,5,100.0,4,80.0,0.0,0,0,1,3,405.0,18,6,40.91,97,25.0,0.5,0.8
311.0,5,pa_6_rev,NEG_E5,25.0,5,0.0,0,0.0,0.0,0,0,5,3,405.0,18,6,40.91,97,0.0,0.0,0.0
311.0,5,pa_7,E6,20.0,4,0.0,0,0.0,0.0,0,0,4,2,405.0,18,6,40.91,97,0.0,0.0,0.0
311.0,5,pa_7_rev,NEG_E6,20.0,4,20.0,1,25.0,0.0,0,0,3,2,405.0,18,6,40.91,97,20.0,0.17,0.25
311.0,5,pa_8,E7,25.0,5,0.0,0,0.0,0.0,0,0,5,3,405.0,18,6,40.91,97,0.0,0.0,0.0
311.0,5,pa_8_rev,NEG_E7,25.0,5,125.0,5,100.0,100.0,3,3,0,0,405.0,18,6,40.91,97,25.0,1.0,1.0
312.0,5,pa_2,E0,20.0,4,80.0,4,100.0,100.0,3,3,0,0,405.0,18,6,40.91,97,20.0,1.0,1.0
312.0,5,pa_2_rev,NEG_E0,20.0,4,0.0,0,0.0,0.0,0,0,4,3,405.0,18,6,40.91,97,0.0,0.0,0.0
312.0,5,pa_3,E1,20.0,4,0.0,0,0.0,0.0,0,0,4,3,405.0,18,6,40.91,97,0.0,0.0,0.0
312.0,5,pa_3_rev,NEG_E1,20.0,4,80.0,4,100.0,0.0,0,0,0,3,405.0,18,6,40.91,97,20.0,0.57,1.0
312.0,5,pa_6,E5,25.0,5,100.0,4,80.0,0.0,0,0,1,3,405.0,18,6,40.91,97,25.0,0.5,0.8
312.0,5,pa_6_rev,NEG_E5,25.0,5,0.0,0,0.0,0.0,0,0,5,3,405.0,18,6,40.91,97,0.0,0.0,0.0
312.0,5,pa_7,E6,20.0,4,0.0,0,0.0,0.0,0,0,4,2,405.0,18,6,40.91,97,0.0,0.0,0.0
312.0,5,pa_7_rev,NEG_E6,20.0,4,20.0,1,25.0,0.0,0,0,3,2,405.0,18,6,40.91,97,20.0,0.17,0.25
312.0,5,pa_8,E7,25.0,5,0.0,0,0.0,0.0,0,0,5,3,405.0,18,6,40.91,97,0.0,0.0,0.0
312.0,5,pa_8_rev,NEG_E7,25.0,5,125.0,5,100.0,100.0,3,3,0,0,405.0,18,6,40.91,97,25.0,1.0,1.0
313.0,5,pa_2,E0,20.0,4,80.0,4,100.0,100.0,3,3,0,0,405.0,18,6,40.91,97,20.0,1.0,1.0
313.0,5,pa_2_rev,NEG_E0,20.0,4,0.0,0,0.0,0.0,0,0,4,3,405.0,18,6,40.91,97,0.0,0.0,0.0
313.0,5,pa_3,E1,20.0,4,0.0,0,0.0,0.0,0,0,4,3,405.0,18,6,40.91,97,0.0,0.0,0.0
313.0,5,pa_3_rev,NEG_E1,20.0,4,80.0,4,100.0,0.0,0,0,0,3,405.0,18,6,40.91,97,20.0,0.57,1.0
313.0,5,pa_6,E5,25.0,5,100.0,4,80.0,0.0,0,0,1,3,405.0,18,6,40.91,97,25.0,0.5,0.8
313.0,5,pa_6_rev,NEG_E5,25.0,5,0.0,0,0.0,0.0,0,0,5,3,405.0,18,6,40.91,97,0.0,0.0,0.0
313.0,5,pa_7,E6,20.0,4,0.0,0,0.0,0.0,0,0,4,2,405.0,18,6,40.91,97,0.0,0.0,0.0
313.0,5,pa_7_rev,NEG_E6,20.0,4,20.0,1,25.0,0.0,0,0,3,2,405.0,18,6,40.91,97,20.0,0.17,0.25
313.0,5,pa_8,E7,25.0,5,0.0,0,0.0,0.0,0,0,5,3,405.0,18,6,40.91,97,0.0,0.0,0.0
313.0,5,pa_8_rev,NEG_E7,25.0,5,125.0,5,100.0,100.0,3,3,0,0,405.0,18,6,40.91,97,25.0,1.0,1.0
314.0,5,pa_2,E0,20.0,4,80.0,4,100.0,100.0,3,3,0,0,405.0,18,6,40.91,97,20.0,1.0,1.0
314.0,5,pa_2_rev,NEG_E0,20.0,4,0.0,0,0.0,0.0,0,0,4,3,405.0,18,6,40.91,97,0.0,0.0,0.0
314.0,5,pa_3,E1,20.0,4,0.0,0,0.0,0.0,0,0,4,3,405.0,18,6,40.91,97,0.0,0.0,0.0
314.0,5,pa_3_rev,NEG_E1,20.0,4,80.0,4,100.0,0.0,0,0,0,3,405.0,18,6,40.91,97,20.0,0.57,1.0
314.0,5,pa_6,E5,25.0,5,100.0,4,80.0,0.0,0,0,1,3,405.0,18,6,40.91,97,25.0,0.5,0.8
314.0,5,pa_6_rev,NEG_E5,25.0,5,0.0,0,0.0,0.0,0,0,5,3,405.0,18,6,40.91,97,0.0,0.0,0.0
314.0,5,pa_7,E6,20.0,4,0.0,0,0.0,0.0,0,0,4,2,405.0,18,6,40.91,97,0.0,0.0,0.0
314.0,5,pa_7_rev,NEG_E6,20.0,4,20.0,1,25.0,0.0,0,0,3,2,405.0,18,6,40.91,97,20.0,0.17,0.25
314.0,5,pa_8,E7,25.0,5,0.0,0,0.0,0.0,0,0,5,3,405.0,18,6,40.91,97,0.0,0.0,0.0
314.0,5,pa_8_rev,NEG_E7,25.0,5,125.0,5,100.0,100.0,3,3,0,0,405.0,18,6,40.91,97,25.0,1.0,1.0
315.0,5,pa_2,E0,20.0,4,80.0,4,100.0,100.0,3,3,0,0,405.0,18,6,40.91,97,20.0,1.0,1.0
315.0,5,pa_2_rev,NEG_E0,20.0,4,0.0,0,0.0,0.0,0,0,4,3,405.0,18,6,40.91,97,0.0,0.0,0.0
315.0,5,pa_3,E1,20.0,4,0.0,0,0.0,0.0,0,0,4,3,405.0,18,6,40.91,97,0.0,0.0,0.0
315.0,5,pa_3_rev,NEG_E1,20.0,4,80.0,4,100.0,0.0,0,0,0,3,405.0,18,6,40.91,97,20.0,0.57,1.0
315.0,5,pa_6,E5,25.0,5,100.0,4,80.0,0.0,0,0,1,3,405.0,18,6,40.91,97,25.0,0.5,0.8
315.0,5,pa_6_rev,NEG_E5,25.0,5,0.0,0,0.0,0.0,0,0,5,3,405.0,18,6,40.91,97,0.0,0.0,0.0
315.0,5,pa_7,E6,20.0,4,0.0,0,0.0,0.0,0,0,4,2,405.0,18,6,40.91,97,0.0,0.0,0.0
315.0,5,pa_7_rev,NEG_E6,20.0,4,20.0,1,25.0,0.0,0,0,3,2,405.0,18,6,40.91,97,20.0,0.17,0.25
315.0,5,pa_8,E7,25.0,5,0.0,0,0.0,0.0,0,0,5,3,405.0,18,6,40.91,97,0.0,0.0,0.0
315.0,5,pa_8_rev,NEG_E7,25.0,5,125.0,5,100.0,100.0,3,3,0,0,405.0,18,6,40.91,97,25.0,1.0,1.0
316.0,5,pa_2,E0,20.0,4,80.0,4,100.0,100.0,3,3,0,0,405.0,18,6,40.91,98,20.0,1.0,1.0
316.0,5,pa_2_rev,NEG_E0,20.0,4,0.0,0,0.0,0.0,0,0,4,3,405.0,18,6,40.91,98,0.0,0.0,0.0
316.0,5,pa_3,E1,20.0,4,0.0,0,0.0,0.0,0,0,4,3,405.0,18,6,40.91,98,0.0,0.0,0.0
316.0,5,pa_3_rev,NEG_E1,20.0,4,80.0,4,100.0,0.0,0,0,0,3,405.0,18,6,40.91,98,20.0,0.57,1.0
316.0,5,pa_6,E5,25.0,5,100.0,4,80.0,0.0,0,0,1,3,405.0,18,6,40.91,98,25.0,0.5,0.8
316.0,5,pa_6_rev,NEG_E5,25.0,5,0.0,0,0.0,0.0,0,0,5,3,405.0,18,6,40.91,98,0.0,0.0,0.0
316.0,5,pa_7,E6,20.0,4,0.0,0,0.0,0.0,0,0,4,2,405.0,18,6,40.91,98,0.0,0.0,0.0
316.0,5,pa_7_rev,NEG_E6,20.0,4,20.0,1,25.0,0.0,0,0,3,2,405.0,18,6,40.91,98,20.0,0.17,0.25
316.0,5,pa_8,E7,25.0,5,0.0,0,0.0,0.0,0,0,5,3,405.0,18,6,40.91,98,0.0,0.0,0.0
316.0,5,pa_8_rev,NEG_E7,25.0,5,125.0,5,100.0,100.0,3,3,0,0,405.0,18,6,40.91,98,25.0,1.0,1.0
317.0,5,pa_2,E0,20.0,4,80.0,4,100.0,100.0,3,3,0,0,405.0,18,6,40.91,98,20.0,1.0,1.0
317.0,5,pa_2_rev,NEG_E0,20.0,4,0.0,0,0.0,0.0,0,0,4,3,405.0,18,6,40.91,98,0.0,0.0,0.0
317.0,5,pa_3,E1,20.0,4,0.0,0,0.0,0.0,0,0,4,3,405.0,18,6,40.91,98,0.0,0.0,0.0
317.0,5,pa_3_rev,NEG_E1,20.0,4,80.0,4,100.0,0.0,0,0,0,3,405.0,18,6,40.91,98,20.0,0.57,1.0
317.0,5,pa_6,E5,25.0,5,100.0,4,80.0,0.0,0,0,1,3,405.0,18,6,40.91,98,25.0,0.5,0.8
317.0,5,pa_6_rev,NEG_E5,25.0,5,0.0,0,0.0,0.0,0,0,5,3,405.0,18,6,40.91,98,0.0,0.0,0.0
317.0,5,pa_7,E6,20.0,4,0.0,0,0.0,0.0,0,0,4,2,405.0,18,6,40.91,98,0.0,0.0,0.0
317.0,5,pa_7_rev,NEG_E6,20.0,4,20.0,1,25.0,0.0,0,0,3,2,405.0,18,6,40.91,98,20.0,0.17,0.25
317.0,5,pa_8,E7,25.0,5,0.0,0,0.0,0.0,0,0,5,3,405.0,18,6,40.91,98,0.0,0.0,0.0
317.0,5,pa_8_rev,NEG_E7,25.0,5,125.0,5,100.0,100.0,3,3,0,0,405.0,18,6,40.91,98,25.0,1.0,1.0
318.0,5,pa_2,E0,20.0,4,80.0,4,100.0,100.0,3,3,0,0,405.0,18,6,40.91,98,20.0,1.0,1.0
318.0,5,pa_2_rev,NEG_E0,20.0,4,0.0,0,0.0,0.0,0,0,4,3,405.0,18,6,40.91,98,0.0,0.0,0.0
318.0,5,pa_3,E1,20.0,4,0.0,0,0.0,0.0,0,0,4,3,405.0,18,6,40.91,98,0.0,0.0,0.0
318.0,5,pa_3_rev,NEG_E1,20.0,4,80.0,4,100.0,0.0,0,0,0,3,405.0,18,6,40.91,98,20.0,0.57,1.0
318.0,5,pa_6,E5,25.0,5,100.0,4,80.0,0.0,0,0,1,3,405.0,18,6,40.91,98,25.0,0.5,0.8
318.0,5,pa_6_rev,NEG_E5,25.0,5,0.0,0,0.0,0.0,0,0,5,3,405.0,18,6,40.91,98,0.0,0.0,0.0
318.0,5,pa_7,E6,20.0,4,0.0,0,0.0,0.0,0,0,4,2,405.0,18,6,40.91,98,0.0,0.0,0.0
318.0,5,pa_7_rev,NEG_E6,20.0,4,20.0,1,25.0,0.0,0,0,3,2,405.0,18,6,40.91,98,20.0,0.17,0.25
318.0,5,pa_8,E7,25.0,5,0.0,0,0.0,0.0,0,0,5,3,405.0,18,6,40.91,98,0.0,0.0,0.0
318.0,5,pa_8_rev,NEG_E7,25.0,5,125.0,5,100.0,100.0,3,3,0,0,405.0,18,6,40.91,98,25.0,1.0,1.0
319.0,5,pa_2,E0,20.0,4,80.0,4,100.0,100.0,3,3,0,0,405.0,18,6,40.91,98,20.0,1.0,1.0
319.0,5,pa_2_rev,NEG_E0,20.0,4,0.0,0,0.0,0.0,0,0,4,3,405.0,18,6,40.91,98,0.0,0.0,0.0
319.0,5,pa_3,E1,20.0,4,0.0,0,0.0,0.0,0,0,4,3,405.0,18,6,40.91,98,0.0,0.0,0.0
319.0,5,pa_3_rev,NEG_E1,20.0,4,80.0,4,100.0,0.0,0,0,0,3,405.0,18,6,40.91,98,20.0,0.57,1.0
319.0,5,pa_6,E5,25.0,5,100.0,4,80.0,0.0,0,0,1,3,405.0,18,6,40.91,98,25.0,0.5,0.8
319.0,5,pa_6_rev,NEG_E5,25.0,5,0.0,0,0.0,0.0,0,0,5,3,405.0,18,6,40.91,98,0.0,0.0,0.0
319.0,5,pa_7,E6,20.0,4,0.0,0,0.0,0.0,0,0,4,2,405.0,18,6,40.91,98,0.0,0.0,0.0
319.0,5,pa_7_rev,NEG_E6,20.0,4,20.0,1,25.0,0.0,0,0,3,2,405.0,18,6,40.91,98,20.0,0.17,0.25
319.0,5,pa_8,E7,25.0,5,0.0,0,0.0,0.0,0,0,5,3,405.0,18,6,40.91,98,0.0,0.0,0.0
319.0,5,pa_8_rev,NEG_E7,25.0,5,125.0,5,100.0,100.0,3,3,0,0,405.0,18,6,40.91,98,25.0,1.0,1.0
320.0,5,pa_2,E0,20.0,4,80.0,4,100.0,100.0,3,3,0,0,405.0,18,6,40.91,98,20.0,1.0,1.0
320.0,5,pa_2_rev,NEG_E0,20.0,4,0.0,0,0.0,0.0,0,0,4,3,405.0,18,6,40.91,98,0.0,0.0,0.0
320.0,5,pa_3,E1,20.0,4,0.0,0,0.0,0.0,0,0,4,3,405.0,18,6,40.91,98,0.0,0.0,0.0
320.0,5,pa_3_rev,NEG_E1,20.0,4,80.0,4,100.0,0.0,0,0,0,3,405.0,18,6,40.91,98,20.0,0.57,1.0
320.0,5,pa_6,E5,25.0,5,100.0,4,80.0,0.0,0,0,1,3,405.0,18,6,40.91,98,25.0,0.5,0.8
320.0,5,pa_6_rev,NEG_E5,25.0,5,0.0,0,0.0,0.0,0,0,5,3,405.0,18,6,40.91,98,0.0,0.0,0.0
320.0,5,pa_7,E6,20.0,4,0.0,0,0.0,0.0,0,0,4,2,405.0,18,6,40.91,98,0.0,0.0,0.0
320.0,5,pa_7_rev,NEG_E6,20.0,4,20.0,1,25.0,0.0,0,0,3,2,405.0,18,6,40.91,98,20.0,0.17,0.25
320.0,5,pa_8,E7,25.0,5,0.0,0,0.0,0.0,0,0,5,3,405.0,18,6,40.91,98,0.0,0.0,0.0
320.0,5,pa_8_rev,NEG_E7,25.0,5,125.0,5,100.0,100.0,3,3,0,0,405.0,18,6,40.91,98,25.0,1.0,1.0
321.0,5,pa_2,E0,20.0,4,80.0,4,100.0,100.0,3,3,0,0,405.0,18,6,40.91,100,20.0,1.0,1.0
321.0,5,pa_2_rev,NEG_E0,20.0,4,0.0,0,0.0,0.0,0,0,4,3,405.0,18,6,40.91,100,0.0,0.0,0.0
321.0,5,pa_3,E1,20.0,4,0.0,0,0.0,0.0,0,0,4,3,405.0,18,6,40.91,100,0.0,0.0,0.0
321.0,5,pa_3_rev,NEG_E1,20.0,4,80.0,4,100.0,0.0,0,0,0,3,405.0,18,6,40.91,100,20.0,0.57,1.0
321.0,5,pa_6,E5,25.0,5,100.0,4,80.0,0.0,0,0,1,3,405.0,18,6,40.91,100,25.0,0.5,0.8
321.0,5,pa_6_rev,NEG_E5,25.0,5,0.0,0,0.0,0.0,0,0,5,3,405.0,18,6,40.91,100,0.0,0.0,0.0
321.0,5,pa_7,E6,20.0,4,0.0,0,0.0,0.0,0,0,4,2,405.0,18,6,40.91,100,0.0,0.0,0.0
321.0,5,pa_7_rev,NEG_E6,20.0,4,20.0,1,25.0,0.0,0,0,3,2,405.0,18,6,40.91,100,20.0,0.17,0.25
321.0,5,pa_8,E7,25.0,5,0.0,0,0.0,0.0,0,0,5,3,405.0,18,6,40.91,100,0.0,0.0,0.0
321.0,5,pa_8_rev,NEG_E7,25.0,5,125.0,5,100.0,100.0,3,3,0,0,405.0,18,6,40.91,100,25.0,1.0,1.0
322.0,5,pa_2,E0,20.0,4,80.0,4,100.0,100.0,3,3,0,0,425.0,19,6,43.18,100,20.0,1.0,1.0
322.0,5,pa_2_rev,NEG_E0,20.0,4,0.0,0,0.0,0.0,0,0,4,3,425.0,19,6,43.18,100,0.0,0.0,0.0
322.0,5,pa_3,E1,20.0,4,0.0,0,0.0,0.0,0,0,4,3,425.0,19,6,43.18,100,0.0,0.0,0.0
322.0,5,pa_3_rev,NEG_E1,20.0,4,80.0,4,100.0,0.0,0,0,0,3,425.0,19,6,43.18,100,20.0,0.57,1.0
322.0,5,pa_6,E5,25.0,5,100.0,4,80.0,0.0,0,0,1,3,425.0,19,6,43.18,100,25.0,0.5,0.8
322.0,5,pa_6_rev,NEG_E5,25.0,5,0.0,0,0.0,0.0,0,0,5,3,425.0,19,6,43.18,100,0.0,0.0,0.0
322.0,5,pa_7,E6,20.0,4,0.0,0,0.0,0.0,0,0,4,2,425.0,19,6,43.18,100,0.0,0.0,0.0
322.0,5,pa_7_rev,NEG_E6,20.0,4,40.0,2,50.0,0.0,0,0,2,2,425.0,19,6,43.18,100,20.0,0.33,0.5
322.0,5,pa_8,E7,25.0,5,0.0,0,0.0,0.0,0,0,5,3,425.0,19,6,43.18,100,0.0,0.0,0.0
322.0,5,pa_8_rev,NEG_E7,25.0,5,125.0,5,100.0,100.0,3,3,0,0,425.0,19,6,43.18,100,25.0,1.0,1.0
323.0,5,pa_2,E0,20.0,4,80.0,4,100.0,100.0,3,3,0,0,425.0,19,6,43.18,100,20.0,1.0,1.0
323.0,5,pa_2_rev,NEG_E0,20.0,4,0.0,0,0.0,0.0,0,0,4,3,425.0,19,6,43.18,100,0.0,0.0,0.0
323.0,5,pa_3,E1,20.0,4,0.0,0,0.0,0.0,0,0,4,3,425.0,19,6,43.18,100,0.0,0.0,0.0
323.0,5,pa_3_rev,NEG_E1,20.0,4,80.0,4,100.0,0.0,0,0,0,3,425.0,19,6,43.18,100,20.0,0.57,1.0
323.0,5,pa_6,E5,25.0,5,100.0,4,80.0,0.0,0,0,1,3,425.0,19,6,43.18,100,25.0,0.5,0.8
323.0,5,pa_6_rev,NEG_E5,25.0,5,0.0,0,0.0,0.0,0,0,5,3,425.0,19,6,43.18,100,0.0,0.0,0.0
323.0,5,pa_7,E6,20.0,4,0.0,0,0.0,0.0,0,0,4,2,425.0,19,6,43.18,100,0.0,0.0,0.0
323.0,5,pa_7_rev,NEG_E6,20.0,4,40.0,2,50.0,0.0,0,0,2,2,425.0,19,6,43.18,100,20.0,0.33,0.5
323.0,5,pa_8,E7,25.0,5,0.0,0,0.0,0.0,0,0,5,3,425.0,19,6,43.18,100,0.0,0.0,0.0
323.0,5,pa_8_rev,NEG_E7,25.0,5,125.0,5,100.0,100.0,3,3,0,0,425.0,19,6,43.18,100,25.0,1.0,1.0
324.0,5,pa_2,E0,20.0,4,80.0,4,100.0,100.0,3,3,0,0,425.0,19,6,43.18,100,20.0,1.0,1.0
324.0,5,pa_2_rev,NEG_E0,20.0,4,0.0,0,0.0,0.0,0,0,4,3,425.0,19,6,43.18,100,0.0,0.0,0.0
324.0,5,pa_3,E1,20.0,4,0.0,0,0.0,0.0,0,0,4,3,425.0,19,6,43.18,100,0.0,0.0,0.0
324.0,5,pa_3_rev,NEG_E1,20.0,4,80.0,4,100.0,0.0,0,0,0,3,425.0,19,6,43.18,100,20.0,0.57,1.0
324.0,5,pa_6,E5,25.0,5,100.0,4,80.0,0.0,0,0,1,3,425.0,19,6,43.18,100,25.0,0.5,0.8
324.0,5,pa_6_rev,NEG_E5,25.0,5,0.0,0,0.0,0.0,0,0,5,3,425.0,19,6,43.18,100,0.0,0.0,0.0
324.0,5,pa_7,E6,20.0,4,0.0,0,0.0,0.0,0,0,4,2,425.0,19,6,43.18,100,0.0,0.0,0.0
324.0,5,pa_7_rev,NEG_E6,20.0,4,40.0,2,50.0,0.0,0,0,2,2,425.0,19,6,43.18,100,20.0,0.33,0.5
324.0,5,pa_8,E7,25.0,5,0.0,0,0.0,0.0,0,0,5,3,425.0,19,6,43.18,100,0.0,0.0,0.0
324.0,5,pa_8_rev,NEG_E7,25.0,5,125.0,5,100.0,100.0,3,3,0,0,425.0,19,6,43.18,100,25.0,1.0,1.0
325.0,5,pa_2,E0,20.0,4,80.0,4,100.0,100.0,3,3,0,0,425.0,19,6,43.18,100,20.0,1.0,1.0
325.0,5,pa_2_rev,NEG_E0,20.0,4,0.0,0,0.0,0.0,0,0,4,3,425.0,19,6,43.18,100,0.0,0.0,0.0
325.0,5,pa_3,E1,20.0,4,0.0,0,0.0,0.0,0,0,4,3,425.0,19,6,43.18,100,0.0,0.0,0.0
325.0,5,pa_3_rev,NEG_E1,20.0,4,80.0,4,100.0,0.0,0,0,0,3,425.0,19,6,43.18,100,20.0,0.57,1.0
325.0,5,pa_6,E5,25.0,5,100.0,4,80.0,0.0,0,0,1,3,425.0,19,6,43.18,100,25.0,0.5,0.8
325.0,5,pa_6_rev,NEG_E5,25.0,5,0.0,0,0.0,0.0,0,0,5,3,425.0,19,6,43.18,100,0.0,0.0,0.0
325.0,5,pa_7,E6,20.0,4,0.0,0,0.0,0.0,0,0,4,2,425.0,19,6,43.18,100,0.0,0.0,0.0
325.0,5,pa_7_rev,NEG_E6,20.0,4,40.0,2,50.0,0.0,0,0,2,2,425.0,19,6,43.18,100,20.0,0.33,0.5
325.0,5,pa_8,E7,25.0,5,0.0,0,0.0,0.0,0,0,5,3,425.0,19,6,43.18,100,0.0,0.0,0.0
325.0,5,pa_8_rev,NEG_E7,25.0,5,125.0,5,100.0,100.0,3,3,0,0,425.0,19,6,43.18,100,25.0,1.0,1.0
326.0,5,pa_2,E0,20.0,4,80.0,4,100.0,100.0,3,3,0,0,425.0,19,7,43.18,100,20.0,1.0,1.0
326.0,5,pa_2_rev,NEG_E0,20.0,4,0.0,0,0.0,0.0,0,0,4,3,425.0,19,7,43.18,100,0.0,0.0,0.0
326.0,5,pa_3,E1,20.0,4,0.0,0,0.0,0.0,0,0,4,3,425.0,19,7,43.18,100,0.0,0.0,0.0
326.0,5,pa_3_rev,NEG_E1,20.0,4,80.0,4,100.0,33.33,1,1,0,2,425.0,19,7,43.18,100,20.0,0.71,1.0
326.0,5,pa_6,E5,25.0,5,100.0,4,80.0,0.0,0,0,1,3,425.0,19,7,43.18,100,25.0,0.5,0.8
326.0,5,pa_6_rev,NEG_E5,25.0,5,0.0,0,0.0,0.0,0,0,5,3,425.0,19,7,43.18,100,0.0,0.0,0.0
326.0,5,pa_7,E6,20.0,4,0.0,0,0.0,0.0,0,0,4,2,425.0,19,7,43.18,100,0.0,0.0,0.0
326.0,5,pa_7_rev,NEG_E6,20.0,4,40.0,2,50.0,0.0,0,0,2,2,425.0,19,7,43.18,100,20.0,0.33,0.5
326.0,5,pa_8,E7,25.0,5,0.0,0,0.0,0.0,0,0,5,3,425.0,19,7,43.18,100,0.0,0.0,0.0
326.0,5,pa_8_rev,NEG_E7,25.0,5,125.0,5,100.0,100.0,3,3,0,0,425.0,19,7,43.18,100,25.0,1.0,1.0
327.0,5,pa_2,E0,20.0,4,80.0,4,100.0,100.0,3,3,0,0,425.0,19,7,43.18,100,20.0,1.0,1.0
327.0,5,pa_2_rev,NEG_E0,20.0,4,0.0,0,0.0,0.0,0,0,4,3,425.0,19,7,43.18,100,0.0,0.0,0.0
327.0,5,pa_3,E1,20.0,4,0.0,0,0.0,0.0,0,0,4,3,425.0,19,7,43.18,100,0.0,0.0,0.0
327.0,5,pa_3_rev,NEG_E1,20.0,4,80.0,4,100.0,33.33,1,1,0,2,425.0,19,7,43.18,100,20.0,0.71,1.0
327.0,5,pa_6,E5,25.0,5,100.0,4,80.0,0.0,0,0,1,3,425.0,19,7,43.18,100,25.0,0.5,0.8
327.0,5,pa_6_rev,NEG_E5,25.0,5,0.0,0,0.0,0.0,0,0,5,3,425.0,19,7,43.18,100,0.0,0.0,0.0
327.0,5,pa_7,E6,20.0,4,0.0,0,0.0,0.0,0,0,4,2,425.0,19,7,43.18,100,0.0,0.0,0.0
327.0,5,pa_7_rev,NEG_E6,20.0,4,40.0,2,50.0,0.0,0,0,2,2,425.0,19,7,43.18,100,20.0,0.33,0.5
327.0,5,pa_8,E7,25.0,5,0.0,0,0.0,0.0,0,0,5,3,425.0,19,7,43.18,100,0.0,0.0,0.0
327.0,5,pa_8_rev,NEG_E7,25.0,5,125.0,5,100.0,100.0,3,3,0,0,425.0,19,7,43.18,100,25.0,1.0,1.0
328.0,5,pa_2,E0,20.0,4,80.0,4,100.0,100.0,3,3,0,0,425.0,19,7,43.18,100,20.0,1.0,1.0
328.0,5,pa_2_rev,NEG_E0,20.0,4,0.0,0,0.0,0.0,0,0,4,3,425.0,19,7,43.18,100,0.0,0.0,0.0
328.0,5,pa_3,E1,20.0,4,0.0,0,0.0,0.0,0,0,4,3,425.0,19,7,43.18,100,0.0,0.0,0.0
328.0,5,pa_3_rev,NEG_E1,20.0,4,80.0,4,100.0,33.33,1,1,0,2,425.0,19,7,43.18,100,20.0,0.71,1.0
328.0,5,pa_6,E5,25.0,5,100.0,4,80.0,0.0,0,0,1,3,425.0,19,7,43.18,100,25.0,0.5,0.8
328.0,5,pa_6_rev,NEG_E5,25.0,5,0.0,0,0.0,0.0,0,0,5,3,425.0,19,7,43.18,100,0.0,0.0,0.0
328.0,5,pa_7,E6,20.0,4,0.0,0,0.0,0.0,0,0,4,2,425.0,19,7,43.18,100,0.0,0.0,0.0
328.0,5,pa_7_rev,NEG_E6,20.0,4,40.0,2,50.0,0.0,0,0,2,2,425.0,19,7,43.18,100,20.0,0.33,0.5
328.0,5,pa_8,E7,25.0,5,0.0,0,0.0,0.0,0,0,5,3,425.0,19,7,43.18,100,0.0,0.0,0.0
328.0,5,pa_8_rev,NEG_E7,25.0,5,125.0,5,100.0,100.0,3,3,0,0,425.0,19,7,43.18,100,25.0,1.0,1.0
329.0,5,pa_2,E0,20.0,4,80.0,4,100.0,100.0,3,3,0,0,425.0,19,7,43.18,100,20.0,1.0,1.0
329.0,5,pa_2_rev,NEG_E0,20.0,4,0.0,0,0.0,0.0,0,0,4,3,425.0,19,7,43.18,100,0.0,0.0,0.0
329.0,5,pa_3,E1,20.0,4,0.0,0,0.0,0.0,0,0,4,3,425.0,19,7,43.18,100,0.0,0.0,0.0
329.0,5,pa_3_rev,NEG_E1,20.0,4,80.0,4,100.0,33.33,1,1,0,2,425.0,19,7,43.18,100,20.0,0.71,1.0
329.0,5,pa_6,E5,25.0,5,100.0,4,80.0,0.0,0,0,1,3,425.0,19,7,43.18,100,25.0,0.5,0.8
329.0,5,pa_6_rev,NEG_E5,25.0,5,0.0,0,0.0,0.0,0,0,5,3,425.0,19,7,43.18,100,0.0,0.0,0.0
329.0,5,pa_7,E6,20.0,4,0.0,0,0.0,0.0,0,0,4,2,425.0,19,7,43.18,100,0.0,0.0,0.0
329.0,5,pa_7_rev,NEG_E6,20.0,4,40.0,2,50.0,0.0,0,0,2,2,425.0,19,7,43.18,100,20.0,0.33,0.5
329.0,5,pa_8,E7,25.0,5,0.0,0,0.0,0.0,0,0,5,3,425.0,19,7,43.18,100,0.0,0.0,0.0
329.0,5,pa_8_rev,NEG_E7,25.0,5,125.0,5,100.0,100.0,3,3,0,0,425.0,19,7,43.18,100,25.0,1.0,1.0
330.0,5,pa_2,E0,20.0,4,80.0,4,100.0,100.0,3,3,0,0,425.0,19,7,43.18,100,20.0,1.0,1.0
330.0,5,pa_2_rev,NEG_E0,20.0,4,0.0,0,0.0,0.0,0,0,4,3,425.0,19,7,43.18,100,0.0,0.0,0.0
330.0,5,pa_3,E1,20.0,4,0.0,0,0.0,0.0,0,0,4,3,425.0,19,7,43.18,100,0.0,0.0,0.0
330.0,5,pa_3_rev,NEG_E1,20.0,4,80.0,4,100.0,33.33,1,1,0,2,425.0,19,7,43.18,100,20.0,0.71,1.0
330.0,5,pa_6,E5,25.0,5,100.0,4,80.0,0.0,0,0,1,3,425.0,19,7,43.18,100,25.0,0.5,0.8
330.0,5,pa_6_rev,NEG_E5,25.0,5,0.0,0,0.0,0.0,0,0,5,3,425.0,19,7,43.18,100,0.0,0.0,0.0
330.0,5,pa_7,E6,20.0,4,0.0,0,0.0,0.0,0,0,4,2,425.0,19,7,43.18,100,0.0,0.0,0.0
330.0,5,pa_7_rev,NEG_E6,20.0,4,40.0,2,50.0,0.0,0,0,2,2,425.0,19,7,43.18,100,20.0,0.33,0.5
330.0,5,pa_8,E7,25.0,5,0.0,0,0.0,0.0,0,0,5,3,425.0,19,7,43.18,100,0.0,0.0,0.0
330.0,5,pa_8_rev,NEG_E7,25.0,5,125.0,5,100.0,100.0,3,3,0,0,425.0,19,7,43.18,100,25.0,1.0,1.0
331.0,5,pa_2,E0,20.0,4,80.0,4,100.0,100.0,3,3,0,0,425.0,19,7,43.18,100,20.0,1.0,1.0
331.0,5,pa_2_rev,NEG_E0,20.0,4,0.0,0,0.0,0.0,0,0,4,3,425.0,19,7,43.18,100,0.0,0.0,0.0
331.0,5,pa_3,E1,20.0,4,0.0,0,0.0,0.0,0,0,4,3,425.0,19,7,43.18,100,0.0,0.0,0.0
331.0,5,pa_3_rev,NEG_E1,20.0,4,80.0,4,100.0,33.33,1,1,0,2,425.0,19,7,43.18,100,20.0,0.71,1.0
331.0,5,pa_6,E5,25.0,5,100.0,4,80.0,0.0,0,0,1,3,425.0,19,7,43.18,100,25.0,0.5,0.8
331.0,5,pa_6_rev,NEG_E5,25.0,5,0.0,0,0.0,0.0,0,0,5,3,425.0,19,7,43.18,100,0.0,0.0,0.0
331.0,5,pa_7,E6,20.0,4,0.0,0,0.0,0.0,0,0,4,2,425.0,19,7,43.18,100,0.0,0.0,0.0
331.0,5,pa_7_rev,NEG_E6,20.0,4,40.0,2,50.0,0.0,0,0,2,2,425.0,19,7,43.18,100,20.0,0.33,0.5
331.0,5,pa_8,E7,25.0,5,0.0,0,0.0,0.0,0,0,5,3,425.0,19,7,43.18,100,0.0,0.0,0.0
331.0,5,pa_8_rev,NEG_E7,25.0,5,125.0,5,100.0,100.0,3,3,0,0,425.0,19,7,43.18,100,25.0,1.0,1.0
332.0,5,pa_2,E0,20.0,4,80.0,4,100.0,100.0,3,3,0,0,425.0,19,7,43.18,100,20.0,1.0,1.0
332.0,5,pa_2_rev,NEG_E0,20.0,4,0.0,0,0.0,0.0,0,0,4,3,425.0,19,7,43.18,100,0.0,0.0,0.0
332.0,5,pa_3,E1,20.0,4,0.0,0,0.0,0.0,0,0,4,3,425.0,19,7,43.18,100,0.0,0.0,0.0
332.0,5,pa_3_rev,NEG_E1,20.0,4,80.0,4,100.0,33.33,1,1,0,2,425.0,19,7,43.18,100,20.0,0.71,1.0
332.0,5,pa_6,E5,25.0,5,100.0,4,80.0,0.0,0,0,1,3,425.0,19,7,43.18,100,25.0,0.5,0.8
332.0,5,pa_6_rev,NEG_E5,25.0,5,0.0,0,0.0,0.0,0,0,5,3,425.0,19,7,43.18,100,0.0,0.0,0.0
332.0,5,pa_7,E6,20.0,4,0.0,0,0.0,0.0,0,0,4,2,425.0,19,7,43.18,100,0.0,0.0,0.0
332.0,5,pa_7_rev,NEG_E6,20.0,4,40.0,2,50.0,0.0,0,0,2,2,425.0,19,7,43.18,100,20.0,0.33,0.5
332.0,5,pa_8,E7,25.0,5,0.0,0,0.0,0.0,0,0,5,3,425.0,19,7,43.18,100,0.0,0.0,0.0
332.0,5,pa_8_rev,NEG_E7,25.0,5,125.0,5,100.0,100.0,3,3,0,0,425.0,19,7,43.18,100,25.0,1.0,1.0
333.0,5,pa_2,E0,20.0,4,80.0,4,100.0,100.0,3,3,0,0,425.0,19,7,43.18,100,20.0,1.0,1.0
333.0,5,pa_2_rev,NEG_E0,20.0,4,0.0,0,0.0,0.0,0,0,4,3,425.0,19,7,43.18,100,0.0,0.0,0.0
333.0,5,pa_3,E1,20.0,4,0.0,0,0.0,0.0,0,0,4,3,425.0,19,7,43.18,100,0.0,0.0,0.0
333.0,5,pa_3_rev,NEG_E1,20.0,4,80.0,4,100.0,33.33,1,1,0,2,425.0,19,7,43.18,100,20.0,0.71,1.0
333.0,5,pa_6,E5,25.0,5,100.0,4,80.0,0.0,0,0,1,3,425.0,19,7,43.18,100,25.0,0.5,0.8
333.0,5,pa_6_rev,NEG_E5,25.0,5,0.0,0,0.0,0.0,0,0,5,3,425.0,19,7,43.18,100,0.0,0.0,0.0
333.0,5,pa_7,E6,20.0,4,0.0,0,0.0,0.0,0,0,4,2,425.0,19,7,43.18,100,0.0,0.0,0.0
333.0,5,pa_7_rev,NEG_E6,20.0,4,40.0,2,50.0,0.0,0,0,2,2,425.0,19,7,43.18,100,20.0,0.33,0.5
333.0,5,pa_8,E7,25.0,5,0.0,0,0.0,0.0,0,0,5,3,425.0,19,7,43.18,100,0.0,0.0,0.0
333.0,5,pa_8_rev,NEG_E7,25.0,5,125.0,5,100.0,100.0,3,3,0,0,425.0,19,7,43.18,100,25.0,1.0,1.0
334.0,5,pa_2,E0,20.0,4,80.0,4,100.0,100.0,3,3,0,0,425.0,19,7,43.18,100,20.0,1.0,1.0
334.0,5,pa_2_rev,NEG_E0,20.0,4,0.0,0,0.0,0.0,0,0,4,3,425.0,19,7,43.18,100,0.0,0.0,0.0
334.0,5,pa_3,E1,20.0,4,0.0,0,0.0,0.0,0,0,4,3,425.0,19,7,43.18,100,0.0,0.0,0.0
334.0,5,pa_3_rev,NEG_E1,20.0,4,80.0,4,100.0,33.33,1,1,0,2,425.0,19,7,43.18,100,20.0,0.71,1.0
334.0,5,pa_6,E5,25.0,5,100.0,4,80.0,0.0,0,0,1,3,425.0,19,7,43.18,100,25.0,0.5,0.8
334.0,5,pa_6_rev,NEG_E5,25.0,5,0.0,0,0.0,0.0,0,0,5,3,425.0,19,7,43.18,100,0.0,0.0,0.0
334.0,5,pa_7,E6,20.0,4,0.0,0,0.0,0.0,0,0,4,2,425.0,19,7,43.18,100,0.0,0.0,0.0
334.0,5,pa_7_rev,NEG_E6,20.0,4,40.0,2,50.0,0.0,0,0,2,2,425.0,19,7,43.18,100,20.0,0.33,0.5
334.0,5,pa_8,E7,25.0,5,0.0,0,0.0,0.0,0,0,5,3,425.0,19,7,43.18,100,0.0,0.0,0.0
334.0,5,pa_8_rev,NEG_E7,25.0,5,125.0,5,100.0,100.0,3,3,0,0,425.0,19,7,43.18,100,25.0,1.0,1.0
335.0,5,pa_2,E0,20.0,4,80.0,4,100.0,100.0,3,3,0,0,425.0,19,7,43.18,100,20.0,1.0,1.0
335.0,5,pa_2_rev,NEG_E0,20.0,4,0.0,0,0.0,0.0,0,0,4,3,425.0,19,7,43.18,100,0.0,0.0,0.0
335.0,5,pa_3,E1,20.0,4,0.0,0,0.0,0.0,0,0,4,3,425.0,19,7,43.18,100,0.0,0.0,0.0
335.0,5,pa_3_rev,NEG_E1,20.0,4,80.0,4,100.0,33.33,1,1,0,2,425.0,19,7,43.18,100,20.0,0.71,1.0
335.0,5,pa_6,E5,25.0,5,100.0,4,80.0,0.0,0,0,1,3,425.0,19,7,43.18,100,25.0,0.5,0.8
335.0,5,pa_6_rev,NEG_E5,25.0,5,0.0,0,0.0,0.0,0,0,5,3,425.0,19,7,43.18,100,0.0,0.0,0.0
335.0,5,pa_7,E6,20.0,4,0.0,0,0.0,0.0,0,0,4,2,425.0,19,7,43.18,100,0.0,0.0,0.0
335.0,5,pa_7_rev,NEG_E6,20.0,4,40.0,2,50.0,0.0,0,0,2,2,425.0,19,7,43.18,100,20.0,0.33,0.5
335.0,5,pa_8,E7,25.0,5,0.0,0,0.0,0.0,0,0,5,3,425.0,19,7,43.18,100,0.0,0.0,0.0
335.0,5,pa_8_rev,NEG_E7,25.0,5,125.0,5,100.0,100.0,3,3,0,0,425.0,19,7,43.18,100,25.0,1.0,1.0
336.0,5,pa_2,E0,20.0,4,80.0,4,100.0,100.0,3,3,0,0,450.0,20,7,45.45,100,20.0,1.0,1.0
336.0,5,pa_2_rev,NEG_E0,20.0,4,0.0,0,0.0,0.0,0,0,4,3,450.0,20,7,45.45,100,0.0,0.0,0.0
336.0,5,pa_3,E1,20.0,4,0.0,0,0.0,0.0,0,0,4,3,450.0,20,7,45.45,100,0.0,0.0,0.0
336.0,5,pa_3_rev,NEG_E1,20.0,4,80.0,4,100.0,33.33,1,1,0,2,450.0,20,7,45.45,100,20.0,0.71,1.0
336.0,5,pa_6,E5,25.0,5,100.0,4,80.0,0.0,0,0,1,3,450.0,20,7,45.45,100,25.0,0.5,0.8
336.0,5,pa_6_rev,NEG_E5,25.0,5,0.0,0,0.0,0.0,0,0,5,3,450.0,20,7,45.45,100,0.0,0.0,0.0
336.0,5,pa_7,E6,20.0,4,0.0,0,0.0,0.0,0,0,4,2,450.0,20,7,45.45,100,0.0,0.0,0.0
336.0,5,pa_7_rev,NEG_E6,20.0,4,40.0,2,50.0,0.0,0,0,2,2,450.0,20,7,45.45,100,20.0,0.33,0.5
336.0,5,pa_8,E7,25.0,5,25.0,1,20.0,0.0,0,0,4,3,450.0,20,7,45.45,100,25.0,0.12,0.2
336.0,5,pa_8_rev,NEG_E7,25.0,5,125.0,5,100.0,100.0,3,3,0,0,450.0,20,7,45.45,100,25.0,1.0,1.0
337.0,5,pa_2,E0,20.0,4,80.0,4,100.0,100.0,3,3,0,0,470.0,21,8,47.73,100,20.0,1.0,1.0
337.0,5,pa_2_rev,NEG_E0,20.0,4,0.0,0,0.0,0.0,0,0,4,3,470.0,21,8,47.73,100,0.0,0.0,0.0
337.0,5,pa_3,E1,20.0,4,0.0,0,0.0,0.0,0,0,4,3,470.0,21,8,47.73,100,0.0,0.0,0.0
337.0,5,pa_3_rev,NEG_E1,20.0,4,80.0,4,100.0,66.67,2,2,0,1,470.0,21,8,47.73,100,20.0,0.86,1.0
337.0,5,pa_6,E5,25.0,5,100.0,4,80.0,0.0,0,0,1,3,470.0,21,8,47.73,100,25.0,0.5,0.8
337.0,5,pa_6_rev,NEG_E5,25.0,5,0.0,0,0.0,0.0,0,0,5,3,470.0,21,8,47.73,100,0.0,0.0,0.0
337.0,5,pa_7,E6,20.0,4,0.0,0,0.0,0.0,0,0,4,2,470.0,21,8,47.73,100,0.0,0.0,0.0
337.0,5,pa_7_rev,NEG_E6,20.0,4,60.0,3,75.0,0.0,0,0,1,2,470.0,21,8,47.73,100,20.0,0.5,0.75
337.0,5,pa_8,E7,25.0,5,25.0,1,20.0,0.0,0,0,4,3,470.0,21,8,47.73,100,25.0,0.12,0.2
337.0,5,pa_8_rev,NEG_E7,25.0,5,125.0,5,100.0,100.0,3,3,0,0,470.0,21,8,47.73,100,25.0,1.0,1.0
338.0,5,pa_2,E0,20.0,4,80.0,4,100.0,100.0,3,3,0,0,470.0,21,8,47.73,100,20.0,1.0,1.0
338.0,5,pa_2_rev,NEG_E0,20.0,4,0.0,0,0.0,0.0,0,0,4,3,470.0,21,8,47.73,100,0.0,0.0,0.0
338.0,5,pa_3,E1,20.0,4,0.0,0,0.0,0.0,0,0,4,3,470.0,21,8,47.73,100,0.0,0.0,0.0
338.0,5,pa_3_rev,NEG_E1,20.0,4,80.0,4,100.0,66.67,2,2,0,1,470.0,21,8,47.73,100,20.0,0.86,1.0
338.0,5,pa_6,E5,25.0,5,100.0,4,80.0,0.0,0,0,1,3,470.0,21,8,47.73,100,25.0,0.5,0.8
338.0,5,pa_6_rev,NEG_E5,25.0,5,0.0,0,0.0,0.0,0,0,5,3,470.0,21,8,47.73,100,0.0,0.0,0.0
338.0,5,pa_7,E6,20.0,4,0.0,0,0.0,0.0,0,0,4,2,470.0,21,8,47.73,100,0.0,0.0,0.0
338.0,5,pa_7_rev,NEG_E6,20.0,4,60.0,3,75.0,0.0,0,0,1,2,470.0,21,8,47.73,100,20.0,0.5,0.75
338.0,5,pa_8,E7,25.0,5,25.0,1,20.0,0.0,0,0,4,3,470.0,21,8,47.73,100,25.0,0.12,0.2
338.0,5,pa_8_rev,NEG_E7,25.0,5,125.0,5,100.0,100.0,3,3,0,0,470.0,21,8,47.73,100,25.0,1.0,1.0
339.0,5,pa_2,E0,20.0,4,80.0,4,100.0,100.0,3,3,0,0,470.0,21,8,47.73,100,20.0,1.0,1.0
339.0,5,pa_2_rev,NEG_E0,20.0,4,0.0,0,0.0,0.0,0,0,4,3,470.0,21,8,47.73,100,0.0,0.0,0.0
339.0,5,pa_3,E1,20.0,4,0.0,0,0.0,0.0,0,0,4,3,470.0,21,8,47.73,100,0.0,0.0,0.0
339.0,5,pa_3_rev,NEG_E1,20.0,4,80.0,4,100.0,66.67,2,2,0,1,470.0,21,8,47.73,100,20.0,0.86,1.0
339.0,5,pa_6,E5,25.0,5,100.0,4,80.0,0.0,0,0,1,3,470.0,21,8,47.73,100,25.0,0.5,0.8
339.0,5,pa_6_rev,NEG_E5,25.0,5,0.0,0,0.0,0.0,0,0,5,3,470.0,21,8,47.73,100,0.0,0.0,0.0
339.0,5,pa_7,E6,20.0,4,0.0,0,0.0,0.0,0,0,4,2,470.0,21,8,47.73,100,0.0,0.0,0.0
339.0,5,pa_7_rev,NEG_E6,20.0,4,60.0,3,75.0,0.0,0,0,1,2,470.0,21,8,47.73,100,20.0,0.5,0.75
339.0,5,pa_8,E7,25.0,5,25.0,1,20.0,0.0,0,0,4,3,470.0,21,8,47.73,100,25.0,0.12,0.2
339.0,5,pa_8_rev,NEG_E7,25.0,5,125.0,5,100.0,100.0,3,3,0,0,470.0,21,8,47.73,100,25.0,1.0,1.0
340.0,5,pa_2,E0,20.0,4,80.0,4,100.0,100.0,3,3,0,0,470.0,21,8,47.73,100,20.0,1.0,1.0
340.0,5,pa_2_rev,NEG_E0,20.0,4,0.0,0,0.0,0.0,0,0,4,3,470.0,21,8,47.73,100,0.0,0.0,0.0
340.0,5,pa_3,E1,20.0,4,0.0,0,0.0,0.0,0,0,4,3,470.0,21,8,47.73,100,0.0,0.0,0.0
340.0,5,pa_3_rev,NEG_E1,20.0,4,80.0,4,100.0,66.67,2,2,0,1,470.0,21,8,47.73,100,20.0,0.86,1.0
340.0,5,pa_6,E5,25.0,5,100.0,4,80.0,0.0,0,0,1,3,470.0,21,8,47.73,100,25.0,0.5,0.8
340.0,5,pa_6_rev,NEG_E5,25.0,5,0.0,0,0.0,0.0,0,0,5,3,470.0,21,8,47.73,100,0.0,0.0,0.0
340.0,5,pa_7,E6,20.0,4,0.0,0,0.0,0.0,0,0,4,2,470.0,21,8,47.73,100,0.0,0.0,0.0
340.0,5,pa_7_rev,NEG_E6,20.0,4,60.0,3,75.0,0.0,0,0,1,2,470.0,21,8,47.73,100,20.0,0.5,0.75
340.0,5,pa_8,E7,25.0,5,25.0,1,20.0,0.0,0,0,4,3,470.0,21,8,47.73,100,25.0,0.12,0.2
340.0,5,pa_8_rev,NEG_E7,25.0,5,125.0,5,100.0,100.0,3,3,0,0,470.0,21,8,47.73,100,25.0,1.0,1.0
341.0,5,pa_2,E0,20.0,4,80.0,4,100.0,100.0,3,3,0,0,470.0,21,8,47.73,100,20.0,1.0,1.0
341.0,5,pa_2_rev,NEG_E0,20.0,4,0.0,0,0.0,0.0,0,0,4,3,470.0,21,8,47.73,100,0.0,0.0,0.0
341.0,5,pa_3,E1,20.0,4,0.0,0,0.0,0.0,0,0,4,3,470.0,21,8,47.73,100,0.0,0.0,0.0
341.0,5,pa_3_rev,NEG_E1,20.0,4,80.0,4,100.0,66.67,2,2,0,1,470.0,21,8,47.73,100,20.0,0.86,1.0
341.0,5,pa_6,E5,25.0,5,100.0,4,80.0,0.0,0,0,1,3,470.0,21,8,47.73,100,25.0,0.5,0.8
341.0,5,pa_6_rev,NEG_E5,25.0,5,0.0,0,0.0,0.0,0,0,5,3,470.0,21,8,47.73,100,0.0,0.0,0.0
341.0,5,pa_7,E6,20.0,4,0.0,0,0.0,0.0,0,0,4,2,470.0,21,8,47.73,100,0.0,0.0,0.0
341.0,5,pa_7_rev,NEG_E6,20.0,4,60.0,3,75.0,0.0,0,0,1,2,470.0,21,8,47.73,100,20.0,0.5,0.75
341.0,5,pa_8,E7,25.0,5,25.0,1,20.0,0.0,0,0,4,3,470.0,21,8,47.73,100,25.0,0.12,0.2
341.0,5,pa_8_rev,NEG_E7,25.0,5,125.0,5,100.0,100.0,3,3,0,0,470.0,21,8,47.73,100,25.0,1.0,1.0
342.0,5,pa_2,E0,20.0,4,80.0,4,100.0,100.0,3,3,0,0,470.0,21,8,47.73,100,20.0,1.0,1.0
342.0,5,pa_2_rev,NEG_E0,20.0,4,0.0,0,0.0,0.0,0,0,4,3,470.0,21,8,47.73,100,0.0,0.0,0.0
342.0,5,pa_3,E1,20.0,4,0.0,0,0.0,0.0,0,0,4,3,470.0,21,8,47.73,100,0.0,0.0,0.0
342.0,5,pa_3_rev,NEG_E1,20.0,4,80.0,4,100.0,66.67,2,2,0,1,470.0,21,8,47.73,100,20.0,0.86,1.0
342.0,5,pa_6,E5,25.0,5,100.0,4,80.0,0.0,0,0,1,3,470.0,21,8,47.73,100,25.0,0.5,0.8
342.0,5,pa_6_rev,NEG_E5,25.0,5,0.0,0,0.0,0.0,0,0,5,3,470.0,21,8,47.73,100,0.0,0.0,0.0
342.0,5,pa_7,E6,20.0,4,0.0,0,0.0,0.0,0,0,4,2,470.0,21,8,47.73,100,0.0,0.0,0.0
342.0,5,pa_7_rev,NEG_E6,20.0,4,60.0,3,75.0,0.0,0,0,1,2,470.0,21,8,47.73,100,20.0,0.5,0.75
342.0,5,pa_8,E7,25.0,5,25.0,1,20.0,0.0,0,0,4,3,470.0,21,8,47.73,100,25.0,0.12,0.2
342.0,5,pa_8_rev,NEG_E7,25.0,5,125.0,5,100.0,100.0,3,3,0,0,470.0,21,8,47.73,100,25.0,1.0,1.0
343.0,5,pa_2,E0,20.0,4,80.0,4,100.0,100.0,3,3,0,0,470.0,21,8,47.73,100,20.0,1.0,1.0
343.0,5,pa_2_rev,NEG_E0,20.0,4,0.0,0,0.0,0.0,0,0,4,3,470.0,21,8,47.73,100,0.0,0.0,0.0
343.0,5,pa_3,E1,20.0,4,0.0,0,0.0,0.0,0,0,4,3,470.0,21,8,47.73,100,0.0,0.0,0.0
343.0,5,pa_3_rev,NEG_E1,20.0,4,80.0,4,100.0,66.67,2,2,0,1,470.0,21,8,47.73,100,20.0,0.86,1.0
343.0,5,pa_6,E5,25.0,5,100.0,4,80.0,0.0,0,0,1,3,470.0,21,8,47.73,100,25.0,0.5,0.8
343.0,5,pa_6_rev,NEG_E5,25.0,5,0.0,0,0.0,0.0,0,0,5,3,470.0,21,8,47.73,100,0.0,0.0,0.0
343.0,5,pa_7,E6,20.0,4,0.0,0,0.0,0.0,0,0,4,2,470.0,21,8,47.73,100,0.0,0.0,0.0
343.0,5,pa_7_rev,NEG_E6,20.0,4,60.0,3,75.0,0.0,0,0,1,2,470.0,21,8,47.73,100,20.0,0.5,0.75
343.0,5,pa_8,E7,25.0,5,25.0,1,20.0,0.0,0,0,4,3,470.0,21,8,47.73,100,25.0,0.12,0.2
343.0,5,pa_8_rev,NEG_E7,25.0,5,125.0,5,100.0,100.0,3,3,0,0,470.0,21,8,47.73,100,25.0,1.0,1.0
344.0,5,pa_2,E0,20.0,4,80.0,4,100.0,100.0,3,3,0,0,470.0,21,8,47.73,100,20.0,1.0,1.0
344.0,5,pa_2_rev,NEG_E0,20.0,4,0.0,0,0.0,0.0,0,0,4,3,470.0,21,8,47.73,100,0.0,0.0,0.0
344.0,5,pa_3,E1,20.0,4,0.0,0,0.0,0.0,0,0,4,3,470.0,21,8,47.73,100,0.0,0.0,0.0
344.0,5,pa_3_rev,NEG_E1,20.0,4,80.0,4,100.0,66.67,2,2,0,1,470.0,21,8,47.73,100,20.0,0.86,1.0
344.0,5,pa_6,E5,25.0,5,100.0,4,80.0,0.0,0,0,1,3,470.0,21,8,47.73,100,25.0,0.5,0.8
344.0,5,pa_6_rev,NEG_E5,25.0,5,0.0,0,0.0,0.0,0,0,5,3,470.0,21,8,47.73,100,0.0,0.0,0.0
344.0,5,pa_7,E6,20.0,4,0.0,0,0.0,0.0,0,0,4,2,470.0,21,8,47.73,100,0.0,0.0,0.0
344.0,5,pa_7_rev,NEG_E6,20.0,4,60.0,3,75.0,0.0,0,0,1,2,470.0,21,8,47.73,100,20.0,0.5,0.75
344.0,5,pa_8,E7,25.0,5,25.0,1,20.0,0.0,0,0,4,3,470.0,21,8,47.73,100,25.0,0.12,0.2
344.0,5,pa_8_rev,NEG_E7,25.0,5,125.0,5,100.0,100.0,3,3,0,0,470.0,21,8,47.73,100,25.0,1.0,1.0
345.0,5,pa_2,E0,20.0,4,80.0,4,100.0,100.0,3,3,0,0,470.0,21,8,47.73,100,20.0,1.0,1.0
345.0,5,pa_2_rev,NEG_E0,20.0,4,0.0,0,0.0,0.0,0,0,4,3,470.0,21,8,47.73,100,0.0,0.0,0.0
345.0,5,pa_3,E1,20.0,4,0.0,0,0.0,0.0,0,0,4,3,470.0,21,8,47.73,100,0.0,0.0,0.0
345.0,5,pa_3_rev,NEG_E1,20.0,4,80.0,4,100.0,66.67,2,2,0,1,470.0,21,8,47.73,100,20.0,0.86,1.0
345.0,5,pa_6,E5,25.0,5,100.0,4,80.0,0.0,0,0,1,3,470.0,21,8,47.73,100,25.0,0.5,0.8
345.0,5,pa_6_rev,NEG_E5,25.0,5,0.0,0,0.0,0.0,0,0,5,3,470.0,21,8,47.73,100,0.0,0.0,0.0
345.0,5,pa_7,E6,20.0,4,0.0,0,0.0,0.0,0,0,4,2,470.0,21,8,47.73,100,0.0,0.0,0.0
345.0,5,pa_7_rev,NEG_E6,20.0,4,60.0,3,75.0,0.0,0,0,1,2,470.0,21,8,47.73,100,20.0,0.5,0.75
345.0,5,pa_8,E7,25.0,5,25.0,1,20.0,0.0,0,0,4,3,470.0,21,8,47.73,100,25.0,0.12,0.2
345.0,5,pa_8_rev,NEG_E7,25.0,5,125.0,5,100.0,100.0,3,3,0,0,470.0,21,8,47.73,100,25.0,1.0,1.0
346.0,5,pa_2,E0,20.0,4,80.0,4,100.0,100.0,3,3,0,0,470.0,21,8,47.73,100,20.0,1.0,1.0
346.0,5,pa_2_rev,NEG_E0,20.0,4,0.0,0,0.0,0.0,0,0,4,3,470.0,21,8,47.73,100,0.0,0.0,0.0
346.0,5,pa_3,E1,20.0,4,0.0,0,0.0,0.0,0,0,4,3,470.0,21,8,47.73,100,0.0,0.0,0.0
346.0,5,pa_3_rev,NEG_E1,20.0,4,80.0,4,100.0,66.67,2,2,0,1,470.0,21,8,47.73,100,20.0,0.86,1.0
346.0,5,pa_6,E5,25.0,5,100.0,4,80.0,0.0,0,0,1,3,470.0,21,8,47.73,100,25.0,0.5,0.8
346.0,5,pa_6_rev,NEG_E5,25.0,5,0.0,0,0.0,0.0,0,0,5,3,470.0,21,8,47.73,100,0.0,0.0,0.0
346.0,5,pa_7,E6,20.0,4,0.0,0,0.0,0.0,0,0,4,2,470.0,21,8,47.73,100,0.0,0.0,0.0
346.0,5,pa_7_rev,NEG_E6,20.0,4,60.0,3,75.0,0.0,0,0,1,2,470.0,21,8,47.73,100,20.0,0.5,0.75
346.0,5,pa_8,E7,25.0,5,25.0,1,20.0,0.0,0,0,4,3,470.0,21,8,47.73,100,25.0,0.12,0.2
346.0,5,pa_8_rev,NEG_E7,25.0,5,125.0,5,100.0,100.0,3,3,0,0,470.0,21,8,47.73,100,25.0,1.0,1.0
347.0,5,pa_2,E0,20.0,4,80.0,4,100.0,100.0,3,3,0,0,470.0,21,8,47.73,100,20.0,1.0,1.0
347.0,5,pa_2_rev,NEG_E0,20.0,4,0.0,0,0.0,0.0,0,0,4,3,470.0,21,8,47.73,100,0.0,0.0,0.0
347.0,5,pa_3,E1,20.0,4,0.0,0,0.0,0.0,0,0,4,3,470.0,21,8,47.73,100,0.0,0.0,0.0
347.0,5,pa_3_rev,NEG_E1,20.0,4,80.0,4,100.0,66.67,2,2,0,1,470.0,21,8,47.73,100,20.0,0.86,1.0
347.0,5,pa_6,E5,25.0,5,100.0,4,80.0,0.0,0,0,1,3,470.0,21,8,47.73,100,25.0,0.5,0.8
347.0,5,pa_6_rev,NEG_E5,25.0,5,0.0,0,0.0,0.0,0,0,5,3,470.0,21,8,47.73,100,0.0,0.0,0.0
347.0,5,pa_7,E6,20.0,4,0.0,0,0.0,0.0,0,0,4,2,470.0,21,8,47.73,100,0.0,0.0,0.0
347.0,5,pa_7_rev,NEG_E6,20.0,4,60.0,3,75.0,0.0,0,0,1,2,470.0,21,8,47.73,100,20.0,0.5,0.75
347.0,5,pa_8,E7,25.0,5,25.0,1,20.0,0.0,0,0,4,3,470.0,21,8,47.73,100,25.0,0.12,0.2
347.0,5,pa_8_rev,NEG_E7,25.0,5,125.0,5,100.0,100.0,3,3,0,0,470.0,21,8,47.73,100,25.0,1.0,1.0
348.0,5,pa_2,E0,20.0,4,80.0,4,100.0,100.0,3,3,0,0,470.0,21,8,47.73,100,20.0,1.0,1.0
348.0,5,pa_2_rev,NEG_E0,20.0,4,0.0,0,0.0,0.0,0,0,4,3,470.0,21,8,47.73,100,0.0,0.0,0.0
348.0,5,pa_3,E1,20.0,4,0.0,0,0.0,0.0,0,0,4,3,470.0,21,8,47.73,100,0.0,0.0,0.0
348.0,5,pa_3_rev,NEG_E1,20.0,4,80.0,4,100.0,66.67,2,2,0,1,470.0,21,8,47.73,100,20.0,0.86,1.0
348.0,5,pa_6,E5,25.0,5,100.0,4,80.0,0.0,0,0,1,3,470.0,21,8,47.73,100,25.0,0.5,0.8
348.0,5,pa_6_rev,NEG_E5,25.0,5,0.0,0,0.0,0.0,0,0,5,3,470.0,21,8,47.73,100,0.0,0.0,0.0
348.0,5,pa_7,E6,20.0,4,0.0,0,0.0,0.0,0,0,4,2,470.0,21,8,47.73,100,0.0,0.0,0.0
348.0,5,pa_7_rev,NEG_E6,20.0,4,60.0,3,75.0,0.0,0,0,1,2,470.0,21,8,47.73,100,20.0,0.5,0.75
348.0,5,pa_8,E7,25.0,5,25.0,1,20.0,0.0,0,0,4,3,470.0,21,8,47.73,100,25.0,0.12,0.2
348.0,5,pa_8_rev,NEG_E7,25.0,5,125.0,5,100.0,100.0,3,3,0,0,470.0,21,8,47.73,100,25.0,1.0,1.0
349.0,5,pa_2,E0,20.0,4,80.0,4,100.0,100.0,3,3,0,0,470.0,21,8,47.73,100,20.0,1.0,1.0
349.0,5,pa_2_rev,NEG_E0,20.0,4,0.0,0,0.0,0.0,0,0,4,3,470.0,21,8,47.73,100,0.0,0.0,0.0
349.0,5,pa_3,E1,20.0,4,0.0,0,0.0,0.0,0,0,4,3,470.0,21,8,47.73,100,0.0,0.0,0.0
349.0,5,pa_3_rev,NEG_E1,20.0,4,80.0,4,100.0,66.67,2,2,0,1,470.0,21,8,47.73,100,20.0,0.86,1.0
349.0,5,pa_6,E5,25.0,5,100.0,4,80.0,0.0,0,0,1,3,470.0,21,8,47.73,100,25.0,0.5,0.8
349.0,5,pa_6_rev,NEG_E5,25.0,5,0.0,0,0.0,0.0,0,0,5,3,470.0,21,8,47.73,100,0.0,0.0,0.0
349.0,5,pa_7,E6,20.0,4,0.0,0,0.0,0.0,0,0,4,2,470.0,21,8,47.73,100,0.0,0.0,0.0
349.0,5,pa_7_rev,NEG_E6,20.0,4,60.0,3,75.0,0.0,0,0,1,2,470.0,21,8,47.73,100,20.0,0.5,0.75
349.0,5,pa_8,E7,25.0,5,25.0,1,20.0,0.0,0,0,4,3,470.0,21,8,47.73,100,25.0,0.12,0.2
349.0,5,pa_8_rev,NEG_E7,25.0,5,125.0,5,100.0,100.0,3,3,0,0,470.0,21,8,47.73,100,25.0,1.0,1.0
350.0,5,pa_2,E0,20.0,4,80.0,4,100.0,100.0,3,3,0,0,490.0,22,8,50.0,100,20.0,1.0,1.0
350.0,5,pa_2_rev,NEG_E0,20.0,4,0.0,0,0.0,0.0,0,0,4,3,490.0,22,8,50.0,100,0.0,0.0,0.0
350.0,5,pa_3,E1,20.0,4,20.0,1,25.0,0.0,0,0,3,3,490.0,22,8,50.0,100,20.0,0.14,0.25
350.0,5,pa_3_rev,NEG_E1,20.0,4,80.0,4,100.0,66.67,2,2,0,1,490.0,22,8,50.0,100,20.0,0.86,1.0
350.0,5,pa_6,E5,25.0,5,100.0,4,80.0,0.0,0,0,1,3,490.0,22,8,50.0,100,25.0,0.5,0.8
350.0,5,pa_6_rev,NEG_E5,25.0,5,0.0,0,0.0,0.0,0,0,5,3,490.0,22,8,50.0,100,0.0,0.0,0.0
350.0,5,pa_7,E6,20.0,4,0.0,0,0.0,0.0,0,0,4,2,490.0,22,8,50.0,100,0.0,0.0,0.0
350.0,5,pa_7_rev,NEG_E6,20.0,4,60.0,3,75.0,0.0,0,0,1,2,490.0,22,8,50.0,100,20.0,0.5,0.75
350.0,5,pa_8,E7,25.0,5,25.0,1,20.0,0.0,0,0,4,3,490.0,22,8,50.0,100,25.0,0.12,0.2
350.0,5,pa_8_rev,NEG_E7,25.0,5,125.0,5,100.0,100.0,3,3,0,0,490.0,22,8,50.0,100,25.0,1.0,1.0
351.0,5,pa_2,E0,20.0,4,80.0,4,100.0,100.0,3,3,0,0,490.0,22,8,50.0,100,20.0,1.0,1.0
351.0,5,pa_2_rev,NEG_E0,20.0,4,0.0,0,0.0,0.0,0,0,4,3,490.0,22,8,50.0,100,0.0,0.0,0.0
351.0,5,pa_3,E1,20.0,4,20.0,1,25.0,0.0,0,0,3,3,490.0,22,8,50.0,100,20.0,0.14,0.25
351.0,5,pa_3_rev,NEG_E1,20.0,4,80.0,4,100.0,66.67,2,2,0,1,490.0,22,8,50.0,100,20.0,0.86,1.0
351.0,5,pa_6,E5,25.0,5,100.0,4,80.0,0.0,0,0,1,3,490.0,22,8,50.0,100,25.0,0.5,0.8
351.0,5,pa_6_rev,NEG_E5,25.0,5,0.0,0,0.0,0.0,0,0,5,3,490.0,22,8,50.0,100,0.0,0.0,0.0
351.0,5,pa_7,E6,20.0,4,0.0,0,0.0,0.0,0,0,4,2,490.0,22,8,50.0,100,0.0,0.0,0.0
351.0,5,pa_7_rev,NEG_E6,20.0,4,60.0,3,75.0,0.0,0,0,1,2,490.0,22,8,50.0,100,20.0,0.5,0.75
351.0,5,pa_8,E7,25.0,5,25.0,1,20.0,0.0,0,0,4,3,490.0,22,8,50.0,100,25.0,0.12,0.2
351.0,5,pa_8_rev,NEG_E7,25.0,5,125.0,5,100.0,100.0,3,3,0,0,490.0,22,8,50.0,100,25.0,1.0,1.0
352.0,5,pa_2,E0,20.0,4,80.0,4,100.0,100.0,3,3,0,0,490.0,22,8,50.0,100,20.0,1.0,1.0
352.0,5,pa_2_rev,NEG_E0,20.0,4,0.0,0,0.0,0.0,0,0,4,3,490.0,22,8,50.0,100,0.0,0.0,0.0
352.0,5,pa_3,E1,20.0,4,20.0,1,25.0,0.0,0,0,3,3,490.0,22,8,50.0,100,20.0,0.14,0.25
352.0,5,pa_3_rev,NEG_E1,20.0,4,80.0,4,100.0,66.67,2,2,0,1,490.0,22,8,50.0,100,20.0,0.86,1.0
352.0,5,pa_6,E5,25.0,5,100.0,4,80.0,0.0,0,0,1,3,490.0,22,8,50.0,100,25.0,0.5,0.8
352.0,5,pa_6_rev,NEG_E5,25.0,5,0.0,0,0.0,0.0,0,0,5,3,490.0,22,8,50.0,100,0.0,0.0,0.0
352.0,5,pa_7,E6,20.0,4,0.0,0,0.0,0.0,0,0,4,2,490.0,22,8,50.0,100,0.0,0.0,0.0
352.0,5,pa_7_rev,NEG_E6,20.0,4,60.0,3,75.0,0.0,0,0,1,2,490.0,22,8,50.0,100,20.0,0.5,0.75
352.0,5,pa_8,E7,25.0,5,25.0,1,20.0,0.0,0,0,4,3,490.0,22,8,50.0,100,25.0,0.12,0.2
352.0,5,pa_8_rev,NEG_E7,25.0,5,125.0,5,100.0,100.0,3,3,0,0,490.0,22,8,50.0,100,25.0,1.0,1.0
353.0,5,pa_2,E0,20.0,4,80.0,4,100.0,100.0,3,3,0,0,490.0,22,8,50.0,100,20.0,1.0,1.0
353.0,5,pa_2_rev,NEG_E0,20.0,4,0.0,0,0.0,0.0,0,0,4,3,490.0,22,8,50.0,100,0.0,0.0,0.0
353.0,5,pa_3,E1,20.0,4,20.0,1,25.0,0.0,0,0,3,3,490.0,22,8,50.0,100,20.0,0.14,0.25
353.0,5,pa_3_rev,NEG_E1,20.0,4,80.0,4,100.0,66.67,2,2,0,1,490.0,22,8,50.0,100,20.0,0.86,1.0
353.0,5,pa_6,E5,25.0,5,100.0,4,80.0,0.0,0,0,1,3,490.0,22,8,50.0,100,25.0,0.5,0.8
353.0,5,pa_6_rev,NEG_E5,25.0,5,0.0,0,0.0,0.0,0,0,5,3,490.0,22,8,50.0,100,0.0,0.0,0.0
353.0,5,pa_7,E6,20.0,4,0.0,0,0.0,0.0,0,0,4,2,490.0,22,8,50.0,100,0.0,0.0,0.0
353.0,5,pa_7_rev,NEG_E6,20.0,4,60.0,3,75.0,0.0,0,0,1,2,490.0,22,8,50.0,100,20.0,0.5,0.75
353.0,5,pa_8,E7,25.0,5,25.0,1,20.0,0.0,0,0,4,3,490.0,22,8,50.0,100,25.0,0.12,0.2
353.0,5,pa_8_rev,NEG_E7,25.0,5,125.0,5,100.0,100.0,3,3,0,0,490.0,22,8,50.0,100,25.0,1.0,1.0
354.0,5,pa_2,E0,20.0,4,80.0,4,100.0,100.0,3,3,0,0,490.0,22,8,50.0,100,20.0,1.0,1.0
354.0,5,pa_2_rev,NEG_E0,20.0,4,0.0,0,0.0,0.0,0,0,4,3,490.0,22,8,50.0,100,0.0,0.0,0.0
354.0,5,pa_3,E1,20.0,4,20.0,1,25.0,0.0,0,0,3,3,490.0,22,8,50.0,100,20.0,0.14,0.25
354.0,5,pa_3_rev,NEG_E1,20.0,4,80.0,4,100.0,66.67,2,2,0,1,490.0,22,8,50.0,100,20.0,0.86,1.0
354.0,5,pa_6,E5,25.0,5,100.0,4,80.0,0.0,0,0,1,3,490.0,22,8,50.0,100,25.0,0.5,0.8
354.0,5,pa_6_rev,NEG_E5,25.0,5,0.0,0,0.0,0.0,0,0,5,3,490.0,22,8,50.0,100,0.0,0.0,0.0
354.0,5,pa_7,E6,20.0,4,0.0,0,0.0,0.0,0,0,4,2,490.0,22,8,50.0,100,0.0,0.0,0.0
354.0,5,pa_7_rev,NEG_E6,20.0,4,60.0,3,75.0,0.0,0,0,1,2,490.0,22,8,50.0,100,20.0,0.5,0.75
354.0,5,pa_8,E7,25.0,5,25.0,1,20.0,0.0,0,0,4,3,490.0,22,8,50.0,100,25.0,0.12,0.2
354.0,5,pa_8_rev,NEG_E7,25.0,5,125.0,5,100.0,100.0,3,3,0,0,490.0,22,8,50.0,100,25.0,1.0,1.0
355.0,5,pa_2,E0,20.0,4,80.0,4,100.0,100.0,3,3,0,0,490.0,22,8,50.0,100,20.0,1.0,1.0
355.0,5,pa_2_rev,NEG_E0,20.0,4,0.0,0,0.0,0.0,0,0,4,3,490.0,22,8,50.0,100,0.0,0.0,0.0
355.0,5,pa_3,E1,20.0,4,20.0,1,25.0,0.0,0,0,3,3,490.0,22,8,50.0,100,20.0,0.14,0.25
355.0,5,pa_3_rev,NEG_E1,20.0,4,80.0,4,100.0,66.67,2,2,0,1,490.0,22,8,50.0,100,20.0,0.86,1.0
355.0,5,pa_6,E5,25.0,5,100.0,4,80.0,0.0,0,0,1,3,490.0,22,8,50.0,100,25.0,0.5,0.8
355.0,5,pa_6_rev,NEG_E5,25.0,5,0.0,0,0.0,0.0,0,0,5,3,490.0,22,8,50.0,100,0.0,0.0,0.0
355.0,5,pa_7,E6,20.0,4,0.0,0,0.0,0.0,0,0,4,2,490.0,22,8,50.0,100,0.0,0.0,0.0
355.0,5,pa_7_rev,NEG_E6,20.0,4,60.0,3,75.0,0.0,0,0,1,2,490.0,22,8,50.0,100,20.0,0.5,0.75
355.0,5,pa_8,E7,25.0,5,25.0,1,20.0,0.0,0,0,4,3,490.0,22,8,50.0,100,25.0,0.12,0.2
355.0,5,pa_8_rev,NEG_E7,25.0,5,125.0,5,100.0,100.0,3,3,0,0,490.0,22,8,50.0,100,25.0,1.0,1.0
356.0,5,pa_2,E0,20.0,4,80.0,4,100.0,100.0,3,3,0,0,510.0,23,8,52.27,100,20.0,1.0,1.0
356.0,5,pa_2_rev,NEG_E0,20.0,4,0.0,0,0.0,0.0,0,0,4,3,510.0,23,8,52.27,100,0.0,0.0,0.0
356.0,5,pa_3,E1,20.0,4,40.0,2,50.0,0.0,0,0,2,3,510.0,23,8,52.27,100,20.0,0.29,0.5
356.0,5,pa_3_rev,NEG_E1,20.0,4,80.0,4,100.0,66.67,2,2,0,1,510.0,23,8,52.27,100,20.0,0.86,1.0
356.0,5,pa_6,E5,25.0,5,100.0,4,80.0,0.0,0,0,1,3,510.0,23,8,52.27,100,25.0,0.5,0.8
356.0,5,pa_6_rev,NEG_E5,25.0,5,0.0,0,0.0,0.0,0,0,5,3,510.0,23,8,52.27,100,0.0,0.0,0.0
356.0,5,pa_7,E6,20.0,4,0.0,0,0.0,0.0,0,0,4,2,510.0,23,8,52.27,100,0.0,0.0,0.0
356.0,5,pa_7_rev,NEG_E6,20.0,4,60.0,3,75.0,0.0,0,0,1,2,510.0,23,8,52.27,100,20.0,0.5,0.75
356.0,5,pa_8,E7,25.0,5,25.0,1,20.0,0.0,0,0,4,3,510.0,23,8,52.27,100,25.0,0.12,0.2
356.0,5,pa_8_rev,NEG_E7,25.0,5,125.0,5,100.0,100.0,3,3,0,0,510.0,23,8,52.27,100,25.0,1.0,1.0
357.0,5,pa_2,E0,20.0,4,80.0,4,100.0,100.0,3,3,0,0,530.0,24,8,54.55,100,20.0,1.0,1.0
357.0,5,pa_2_rev,NEG_E0,20.0,4,0.0,0,0.0,0.0,0,0,4,3,530.0,24,8,54.55,100,0.0,0.0,0.0
357.0,5,pa_3,E1,20.0,4,40.0,2,50.0,0.0,0,0,2,3,530.0,24,8,54.55,100,20.0,0.29,0.5
357.0,5,pa_3_rev,NEG_E1,20.0,4,80.0,4,100.0,66.67,2,2,0,1,530.0,24,8,54.55,100,20.0,0.86,1.0
357.0,5,pa_6,E5,25.0,5,100.0,4,80.0,0.0,0,0,1,3,530.0,24,8,54.55,100,25.0,0.5,0.8
357.0,5,pa_6_rev,NEG_E5,25.0,5,0.0,0,0.0,0.0,0,0,5,3,530.0,24,8,54.55,100,0.0,0.0,0.0
357.0,5,pa_7,E6,20.0,4,0.0,0,0.0,0.0,0,0,4,2,530.0,24,8,54.55,100,0.0,0.0,0.0
357.0,5,pa_7_rev,NEG_E6,20.0,4,80.0,4,100.0,0.0,0,0,0,2,530.0,24,8,54.55,100,20.0,0.67,1.0
357.0,5,pa_8,E7,25.0,5,25.0,1,20.0,0.0,0,0,4,3,530.0,24,8,54.55,100,25.0,0.12,0.2
357.0,5,pa_8_rev,NEG_E7,25.0,5,125.0,5,100.0,100.0,3,3,0,0,530.0,24,8,54.55,100,25.0,1.0,1.0
358.0,5,pa_2,E0,20.0,4,80.0,4,100.0,100.0,3,3,0,0,530.0,24,8,54.55,100,20.0,1.0,1.0
358.0,5,pa_2_rev,NEG_E0,20.0,4,0.0,0,0.0,0.0,0,0,4,3,530.0,24,8,54.55,100,0.0,0.0,0.0
358.0,5,pa_3,E1,20.0,4,40.0,2,50.0,0.0,0,0,2,3,530.0,24,8,54.55,100,20.0,0.29,0.5
358.0,5,pa_3_rev,NEG_E1,20.0,4,80.0,4,100.0,66.67,2,2,0,1,530.0,24,8,54.55,100,20.0,0.86,1.0
358.0,5,pa_6,E5,25.0,5,100.0,4,80.0,0.0,0,0,1,3,530.0,24,8,54.55,100,25.0,0.5,0.8
358.0,5,pa_6_rev,NEG_E5,25.0,5,0.0,0,0.0,0.0,0,0,5,3,530.0,24,8,54.55,100,0.0,0.0,0.0
358.0,5,pa_7,E6,20.0,4,0.0,0,0.0,0.0,0,0,4,2,530.0,24,8,54.55,100,0.0,0.0,0.0
358.0,5,pa_7_rev,NEG_E6,20.0,4,80.0,4,100.0,0.0,0,0,0,2,530.0,24,8,54.55,100,20.0,0.67,1.0
358.0,5,pa_8,E7,25.0,5,25.0,1,20.0,0.0,0,0,4,3,530.0,24,8,54.55,100,25.0,0.12,0.2
358.0,5,pa_8_rev,NEG_E7,25.0,5,125.0,5,100.0,100.0,3,3,0,0,530.0,24,8,54.55,100,25.0,1.0,1.0
359.0,5,pa_2,E0,20.0,4,80.0,4,100.0,100.0,3,3,0,0,530.0,24,8,54.55,100,20.0,1.0,1.0
359.0,5,pa_2_rev,NEG_E0,20.0,4,0.0,0,0.0,0.0,0,0,4,3,530.0,24,8,54.55,100,0.0,0.0,0.0
359.0,5,pa_3,E1,20.0,4,40.0,2,50.0,0.0,0,0,2,3,530.0,24,8,54.55,100,20.0,0.29,0.5
359.0,5,pa_3_rev,NEG_E1,20.0,4,80.0,4,100.0,66.67,2,2,0,1,530.0,24,8,54.55,100,20.0,0.86,1.0
359.0,5,pa_6,E5,25.0,5,100.0,4,80.0,0.0,0,0,1,3,530.0,24,8,54.55,100,25.0,0.5,0.8
359.0,5,pa_6_rev,NEG_E5,25.0,5,0.0,0,0.0,0.0,0,0,5,3,530.0,24,8,54.55,100,0.0,0.0,0.0
359.0,5,pa_7,E6,20.0,4,0.0,0,0.0,0.0,0,0,4,2,530.0,24,8,54.55,100,0.0,0.0,0.0
359.0,5,pa_7_rev,NEG_E6,20.0,4,80.0,4,100.0,0.0,0,0,0,2,530.0,24,8,54.55,100,20.0,0.67,1.0
359.0,5,pa_8,E7,25.0,5,25.0,1,20.0,0.0,0,0,4,3,530.0,24,8,54.55,100,25.0,0.12,0.2
359.0,5,pa_8_rev,NEG_E7,25.0,5,125.0,5,100.0,100.0,3,3,0,0,530.0,24,8,54.55,100,25.0,1.0,1.0
360.0,6,pa_2,E0,20.0,4,80.0,4,100.0,100.0,3,3,0,0,530.0,24,8,54.55,100,20.0,1.0,1.0
360.0,6,pa_2_rev,NEG_E0,20.0,4,0.0,0,0.0,0.0,0,0,4,3,530.0,24,8,54.55,100,0.0,0.0,0.0
360.0,6,pa_3,E1,20.0,4,40.0,2,50.0,0.0,0,0,2,3,530.0,24,8,54.55,100,20.0,0.29,0.5
360.0,6,pa_3_rev,NEG_E1,20.0,4,80.0,4,100.0,66.67,2,2,0,1,530.0,24,8,54.55,100,20.0,0.86,1.0
360.0,6,pa_6,E5,25.0,5,100.0,4,80.0,0.0,0,0,1,3,530.0,24,8,54.55,100,25.0,0.5,0.8
360.0,6,pa_6_rev,NEG_E5,25.0,5,0.0,0,0.0,0.0,0,0,5,3,530.0,24,8,54.55,100,0.0,0.0,0.0
360.0,6,pa_7,E6,20.0,4,0.0,0,0.0,0.0,0,0,4,2,530.0,24,8,54.55,100,0.0,0.0,0.0
360.0,6,pa_7_rev,NEG_E6,20.0,4,80.0,4,100.0,0.0,0,0,0,2,530.0,24,8,54.55,100,20.0,0.67,1.0
360.0,6,pa_8,E7,25.0,5,25.0,1,20.0,0.0,0,0,4,3,530.0,24,8,54.55,100,25.0,0.12,0.2
360.0,6,pa_8_rev,NEG_E7,25.0,5,125.0,5,100.0,100.0,3,3,0,0,530.0,24,8,54.55,100,25.0,1.0,1.0
361.0,6,pa_2,E0,20.0,4,80.0,4,100.0,100.0,3,3,0,0,530.0,24,8,54.55,107,20.0,1.0,1.0
361.0,6,pa_2_rev,NEG_E0,20.0,4,0.0,0,0.0,0.0,0,0,4,3,530.0,24,8,54.55,107,0.0,0.0,0.0
361.0,6,pa_3,E1,20.0,4,40.0,2,50.0,0.0,0,0,2,3,530.0,24,8,54.55,107,20.0,0.29,0.5
361.0,6,pa_3_rev,NEG_E1,20.0,4,80.0,4,100.0,66.67,2,2,0,1,530.0,24,8,54.55,107,20.0,0.86,1.0
361.0,6,pa_6,E5,25.0,5,100.0,4,80.0,0.0,0,0,1,3,530.0,24,8,54.55,107,25.0,0.5,0.8
361.0,6,pa_6_rev,NEG_E5,25.0,5,0.0,0,0.0,0.0,0,0,5,3,530.0,24,8,54.55,107,0.0,0.0,0.0
361.0,6,pa_7,E6,20.0,4,0.0,0,0.0,0.0,0,0,4,2,530.0,24,8,54.55,107,0.0,0.0,0.0
361.0,6,pa_7_rev,NEG_E6,20.0,4,80.0,4,100.0,0.0,0,0,0,2,530.0,24,8,54.55,107,20.0,0.67,1.0
361.0,6,pa_8,E7,25.0,5,25.0,1,20.0,0.0,0,0,4,3,530.0,24,8,54.55,107,25.0,0.12,0.2
361.0,6,pa_8_rev,NEG_E7,25.0,5,125.0,5,100.0,100.0,3,3,0,0,530.0,24,8,54.55,107,25.0,1.0,1.0
362.0,6,pa_2,E0,20.0,4,80.0,4,100.0,100.0,3,3,0,0,530.0,24,8,54.55,107,20.0,1.0,1.0
362.0,6,pa_2_rev,NEG_E0,20.0,4,0.0,0,0.0,0.0,0,0,4,3,530.0,24,8,54.55,107,0.0,0.0,0.0
362.0,6,pa_3,E1,20.0,4,40.0,2,50.0,0.0,0,0,2,3,530.0,24,8,54.55,107,20.0,0.29,0.5
362.0,6,pa_3_rev,NEG_E1,20.0,4,80.0,4,100.0,66.67,2,2,0,1,530.0,24,8,54.55,107,20.0,0.86,1.0
362.0,6,pa_6,E5,25.0,5,100.0,4,80.0,0.0,0,0,1,3,530.0,24,8,54.55,107,25.0,0.5,0.8
362.0,6,pa_6_rev,NEG_E5,25.0,5,0.0,0,0.0,0.0,0,0,5,3,530.0,24,8,54.55,107,0.0,0.0,0.0
362.0,6,pa_7,E6,20.0,4,0.0,0,0.0,0.0,0,0,4,2,530.0,24,8,54.55,107,0.0,0.0,0.0
362.0,6,pa_7_rev,NEG_E6,20.0,4,80.0,4,100.0,0.0,0,0,0,2,530.0,24,8,54.55,107,20.0,0.67,1.0
362.0,6,pa_8,E7,25.0,5,25.0,1,20.0,0.0,0,0,4,3,530.0,24,8,54.55,107,25.0,0.12,0.2
362.0,6,pa_8_rev,NEG_E7,25.0,5,125.0,5,100.0,100.0,3,3,0,0,530.0,24,8,54.55,107,25.0,1.0,1.0
363.0,6,pa_2,E0,20.0,4,80.0,4,100.0,100.0,3,3,0,0,530.0,24,8,54.55,109,20.0,1.0,1.0
363.0,6,pa_2_rev,NEG_E0,20.0,4,0.0,0,0.0,0.0,0,0,4,3,530.0,24,8,54.55,109,0.0,0.0,0.0
363.0,6,pa_3,E1,20.0,4,40.0,2,50.0,0.0,0,0,2,3,530.0,24,8,54.55,109,20.0,0.29,0.5
363.0,6,pa_3_rev,NEG_E1,20.0,4,80.0,4,100.0,66.67,2,2,0,1,530.0,24,8,54.55,109,20.0,0.86,1.0
363.0,6,pa_6,E5,25.0,5,100.0,4,80.0,0.0,0,0,1,3,530.0,24,8,54.55,109,25.0,0.5,0.8
363.0,6,pa_6_rev,NEG_E5,25.0,5,0.0,0,0.0,0.0,0,0,5,3,530.0,24,8,54.55,109,0.0,0.0,0.0
363.0,6,pa_7,E6,20.0,4,0.0,0,0.0,0.0,0,0,4,2,530.0,24,8,54.55,109,0.0,0.0,0.0
363.0,6,pa_7_rev,NEG_E6,20.0,4,80.0,4,100.0,0.0,0,0,0,2,530.0,24,8,54.55,109,20.0,0.67,1.0
363.0,6,pa_8,E7,25.0,5,25.0,1,20.0,0.0,0,0,4,3,530.0,24,8,54.55,109,25.0,0.12,0.2
363.0,6,pa_8_rev,NEG_E7,25.0,5,125.0,5,100.0,100.0,3,3,0,0,530.0,24,8,54.55,109,25.0,1.0,1.0
364.0,6,pa_2,E0,20.0,4,80.0,4,100.0,100.0,3,3,0,0,530.0,24,8,54.55,110,20.0,1.0,1.0
364.0,6,pa_2_rev,NEG_E0,20.0,4,0.0,0,0.0,0.0,0,0,4,3,530.0,24,8,54.55,110,0.0,0.0,0.0
364.0,6,pa_3,E1,20.0,4,40.0,2,50.0,0.0,0,0,2,3,530.0,24,8,54.55,110,20.0,0.29,0.5
364.0,6,pa_3_rev,NEG_E1,20.0,4,80.0,4,100.0,66.67,2,2,0,1,530.0,24,8,54.55,110,20.0,0.86,1.0
364.0,6,pa_6,E5,25.0,5,100.0,4,80.0,0.0,0,0,1,3,530.0,24,8,54.55,110,25.0,0.5,0.8
364.0,6,pa_6_rev,NEG_E5,25.0,5,0.0,0,0.0,0.0,0,0,5,3,530.0,24,8,54.55,110,0.0,0.0,0.0
364.0,6,pa_7,E6,20.0,4,0.0,0,0.0,0.0,0,0,4,2,530.0,24,8,54.55,110,0.0,0.0,0.0
364.0,6,pa_7_rev,NEG_E6,20.0,4,80.0,4,100.0,0.0,0,0,0,2,530.0,24,8,54.55,110,20.0,0.67,1.0
364.0,6,pa_8,E7,25.0,5,25.0,1,20.0,0.0,0,0,4,3,530.0,24,8,54.55,110,25.0,0.12,0.2
364.0,6,pa_8_rev,NEG_E7,25.0,5,125.0,5,100.0,100.0,3,3,0,0,530.0,24,8,54.55,110,25.0,1.0,1.0
365.0,6,pa_2,E0,20.0,4,80.0,4,100.0,100.0,3,3,0,0,530.0,24,8,54.55,110,20.0,1.0,1.0
365.0,6,pa_2_rev,NEG_E0,20.0,4,0.0,0,0.0,0.0,0,0,4,3,530.0,24,8,54.55,110,0.0,0.0,0.0
365.0,6,pa_3,E1,20.0,4,40.0,2,50.0,0.0,0,0,2,3,530.0,24,8,54.55,110,20.0,0.29,0.5
365.0,6,pa_3_rev,NEG_E1,20.0,4,80.0,4,100.0,66.67,2,2,0,1,530.0,24,8,54.55,110,20.0,0.86,1.0
365.0,6,pa_6,E5,25.0,5,100.0,4,80.0,0.0,0,0,1,3,530.0,24,8,54.55,110,25.0,0.5,0.8
365.0,6,pa_6_rev,NEG_E5,25.0,5,0.0,0,0.0,0.0,0,0,5,3,530.0,24,8,54.55,110,0.0,0.0,0.0
365.0,6,pa_7,E6,20.0,4,0.0,0,0.0,0.0,0,0,4,2,530.0,24,8,54.55,110,0.0,0.0,0.0
365.0,6,pa_7_rev,NEG_E6,20.0,4,80.0,4,100.0,0.0,0,0,0,2,530.0,24,8,54.55,110,20.0,0.67,1.0
365.0,6,pa_8,E7,25.0,5,25.0,1,20.0,0.0,0,0,4,3,530.0,24,8,54.55,110,25.0,0.12,0.2
365.0,6,pa_8_rev,NEG_E7,25.0,5,125.0,5,100.0,100.0,3,3,0,0,530.0,24,8,54.55,110,25.0,1.0,1.0
366.0,6,pa_2,E0,20.0,4,80.0,4,100.0,100.0,3,3,0,0,530.0,24,8,54.55,111,20.0,1.0,1.0
366.0,6,pa_2_rev,NEG_E0,20.0,4,0.0,0,0.0,0.0,0,0,4,3,530.0,24,8,54.55,111,0.0,0.0,0.0
366.0,6,pa_3,E1,20.0,4,40.0,2,50.0,0.0,0,0,2,3,530.0,24,8,54.55,111,20.0,0.29,0.5
366.0,6,pa_3_rev,NEG_E1,20.0,4,80.0,4,100.0,66.67,2,2,0,1,530.0,24,8,54.55,111,20.0,0.86,1.0
366.0,6,pa_6,E5,25.0,5,100.0,4,80.0,0.0,0,0,1,3,530.0,24,8,54.55,111,25.0,0.5,0.8
366.0,6,pa_6_rev,NEG_E5,25.0,5,0.0,0,0.0,0.0,0,0,5,3,530.0,24,8,54.55,111,0.0,0.0,0.0
366.0,6,pa_7,E6,20.0,4,0.0,0,0.0,0.0,0,0,4,2,530.0,24,8,54.55,111,0.0,0.0,0.0
366.0,6,pa_7_rev,NEG_E6,20.0,4,80.0,4,100.0,0.0,0,0,0,2,530.0,24,8,54.55,111,20.0,0.67,1.0
366.0,6,pa_8,E7,25.0,5,25.0,1,20.0,0.0,0,0,4,3,530.0,24,8,54.55,111,25.0,0.12,0.2
366.0,6,pa_8_rev,NEG_E7,25.0,5,125.0,5,100.0,100.0,3,3,0,0,530.0,24,8,54.55,111,25.0,1.0,1.0
367.0,6,pa_2,E0,20.0,4,80.0,4,100.0,100.0,3,3,0,0,530.0,24,8,54.55,112,20.0,1.0,1.0
367.0,6,pa_2_rev,NEG_E0,20.0,4,0.0,0,0.0,0.0,0,0,4,3,530.0,24,8,54.55,112,0.0,0.0,0.0
367.0,6,pa_3,E1,20.0,4,40.0,2,50.0,0.0,0,0,2,3,530.0,24,8,54.55,112,20.0,0.29,0.5
367.0,6,pa_3_rev,NEG_E1,20.0,4,80.0,4,100.0,66.67,2,2,0,1,530.0,24,8,54.55,112,20.0,0.86,1.0
367.0,6,pa_6,E5,25.0,5,100.0,4,80.0,0.0,0,0,1,3,530.0,24,8,54.55,112,25.0,0.5,0.8
367.0,6,pa_6_rev,NEG_E5,25.0,5,0.0,0,0.0,0.0,0,0,5,3,530.0,24,8,54.55,112,0.0,0.0,0.0
367.0,6,pa_7,E6,20.0,4,0.0,0,0.0,0.0,0,0,4,2,530.0,24,8,54.55,112,0.0,0.0,0.0
367.0,6,pa_7_rev,NEG_E6,20.0,4,80.0,4,100.0,0.0,0,0,0,2,530.0,24,8,54.55,112,20.0,0.67,1.0
367.0,6,pa_8,E7,25.0,5,25.0,1,20.0,0.0,0,0,4,3,530.0,24,8,54.55,112,25.0,0.12,0.2
367.0,6,pa_8_rev,NEG_E7,25.0,5,125.0,5,100.0,100.0,3,3,0,0,530.0,24,8,54.55,112,25.0,1.0,1.0
368.0,6,pa_2,E0,20.0,4,80.0,4,100.0,100.0,3,3,0,0,530.0,24,8,54.55,112,20.0,1.0,1.0
368.0,6,pa_2_rev,NEG_E0,20.0,4,0.0,0,0.0,0.0,0,0,4,3,530.0,24,8,54.55,112,0.0,0.0,0.0
368.0,6,pa_3,E1,20.0,4,40.0,2,50.0,0.0,0,0,2,3,530.0,24,8,54.55,112,20.0,0.29,0.5
368.0,6,pa_3_rev,NEG_E1,20.0,4,80.0,4,100.0,66.67,2,2,0,1,530.0,24,8,54.55,112,20.0,0.86,1.0
368.0,6,pa_6,E5,25.0,5,100.0,4,80.0,0.0,0,0,1,3,530.0,24,8,54.55,112,25.0,0.5,0.8
368.0,6,pa_6_rev,NEG_E5,25.0,5,0.0,0,0.0,0.0,0,0,5,3,530.0,24,8,54.55,112,0.0,0.0,0.0
368.0,6,pa_7,E6,20.0,4,0.0,0,0.0,0.0,0,0,4,2,530.0,24,8,54.55,112,0.0,0.0,0.0
368.0,6,pa_7_rev,NEG_E6,20.0,4,80.0,4,100.0,0.0,0,0,0,2,530.0,24,8,54.55,112,20.0,0.67,1.0
368.0,6,pa_8,E7,25.0,5,25.0,1,20.0,0.0,0,0,4,3,530.0,24,8,54.55,112,25.0,0.12,0.2
368.0,6,pa_8_rev,NEG_E7,25.0,5,125.0,5,100.0,100.0,3,3,0,0,530.0,24,8,54.55,112,25.0,1.0,1.0
369.0,6,pa_2,E0,20.0,4,80.0,4,100.0,100.0,3,3,0,0,530.0,24,8,54.55,112,20.0,1.0,1.0
369.0,6,pa_2_rev,NEG_E0,20.0,4,0.0,0,0.0,0.0,0,0,4,3,530.0,24,8,54.55,112,0.0,0.0,0.0
369.0,6,pa_3,E1,20.0,4,40.0,2,50.0,0.0,0,0,2,3,530.0,24,8,54.55,112,20.0,0.29,0.5
369.0,6,pa_3_rev,NEG_E1,20.0,4,80.0,4,100.0,66.67,2,2,0,1,530.0,24,8,54.55,112,20.0,0.86,1.0
369.0,6,pa_6,E5,25.0,5,100.0,4,80.0,0.0,0,0,1,3,530.0,24,8,54.55,112,25.0,0.5,0.8
369.0,6,pa_6_rev,NEG_E5,25.0,5,0.0,0,0.0,0.0,0,0,5,3,530.0,24,8,54.55,112,0.0,0.0,0.0
369.0,6,pa_7,E6,20.0,4,0.0,0,0.0,0.0,0,0,4,2,530.0,24,8,54.55,112,0.0,0.0,0.0
369.0,6,pa_7_rev,NEG_E6,20.0,4,80.0,4,100.0,0.0,0,0,0,2,530.0,24,8,54.55,112,20.0,0.67,1.0
369.0,6,pa_8,E7,25.0,5,25.0,1,20.0,0.0,0,0,4,3,530.0,24,8,54.55,112,25.0,0.12,0.2
369.0,6,pa_8_rev,NEG_E7,25.0,5,125.0,5,100.0,100.0,3,3,0,0,530.0,24,8,54.55,112,25.0,1.0,1.0
370.0,6,pa_2,E0,20.0,4,80.0,4,100.0,100.0,3,3,0,0,530.0,24,8,54.55,113,20.0,1.0,1.0
370.0,6,pa_2_rev,NEG_E0,20.0,4,0.0,0,0.0,0.0,0,0,4,3,530.0,24,8,54.55,113,0.0,0.0,0.0
370.0,6,pa_3,E1,20.0,4,40.0,2,50.0,0.0,0,0,2,3,530.0,24,8,54.55,113,20.0,0.29,0.5
370.0,6,pa_3_rev,NEG_E1,20.0,4,80.0,4,100.0,66.67,2,2,0,1,530.0,24,8,54.55,113,20.0,0.86,1.0
370.0,6,pa_6,E5,25.0,5,100.0,4,80.0,0.0,0,0,1,3,530.0,24,8,54.55,113,25.0,0.5,0.8
370.0,6,pa_6_rev,NEG_E5,25.0,5,0.0,0,0.0,0.0,0,0,5,3,530.0,24,8,54.55,113,0.0,0.0,0.0
370.0,6,pa_7,E6,20.0,4,0.0,0,0.0,0.0,0,0,4,2,530.0,24,8,54.55,113,0.0,0.0,0.0
370.0,6,pa_7_rev,NEG_E6,20.0,4,80.0,4,100.0,0.0,0,0,0,2,530.0,24,8,54.55,113,20.0,0.67,1.0
370.0,6,pa_8,E7,25.0,5,25.0,1,20.0,0.0,0,0,4,3,530.0,24,8,54.55,113,25.0,0.12,0.2
370.0,6,pa_8_rev,NEG_E7,25.0,5,125.0,5,100.0,100.0,3,3,0,0,530.0,24,8,54.55,113,25.0,1.0,1.0
371.0,6,pa_2,E0,20.0,4,80.0,4,100.0,100.0,3,3,0,0,530.0,24,8,54.55,113,20.0,1.0,1.0
371.0,6,pa_2_rev,NEG_E0,20.0,4,0.0,0,0.0,0.0,0,0,4,3,530.0,24,8,54.55,113,0.0,0.0,0.0
371.0,6,pa_3,E1,20.0,4,40.0,2,50.0,0.0,0,0,2,3,530.0,24,8,54.55,113,20.0,0.29,0.5
371.0,6,pa_3_rev,NEG_E1,20.0,4,80.0,4,100.0,66.67,2,2,0,1,530.0,24,8,54.55,113,20.0,0.86,1.0
371.0,6,pa_6,E5,25.0,5,100.0,4,80.0,0.0,0,0,1,3,530.0,24,8,54.55,113,25.0,0.5,0.8
371.0,6,pa_6_rev,NEG_E5,25.0,5,0.0,0,0.0,0.0,0,0,5,3,530.0,24,8,54.55,113,0.0,0.0,0.0
371.0,6,pa_7,E6,20.0,4,0.0,0,0.0,0.0,0,0,4,2,530.0,24,8,54.55,113,0.0,0.0,0.0
371.0,6,pa_7_rev,NEG_E6,20.0,4,80.0,4,100.0,0.0,0,0,0,2,530.0,24,8,54.55,113,20.0,0.67,1.0
371.0,6,pa_8,E7,25.0,5,25.0,1,20.0,0.0,0,0,4,3,530.0,24,8,54.55,113,25.0,0.12,0.2
371.0,6,pa_8_rev,NEG_E7,25.0,5,125.0,5,100.0,100.0,3,3,0,0,530.0,24,8,54.55,113,25.0,1.0,1.0
372.0,6,pa_2,E0,20.0,4,80.0,4,100.0,100.0,3,3,0,0,530.0,24,8,54.55,114,20.0,1.0,1.0
372.0,6,pa_2_rev,NEG_E0,20.0,4,0.0,0,0.0,0.0,0,0,4,3,530.0,24,8,54.55,114,0.0,0.0,0.0
372.0,6,pa_3,E1,20.0,4,40.0,2,50.0,0.0,0,0,2,3,530.0,24,8,54.55,114,20.0,0.29,0.5
372.0,6,pa_3_rev,NEG_E1,20.0,4,80.0,4,100.0,66.67,2,2,0,1,530.0,24,8,54.55,114,20.0,0.86,1.0
372.0,6,pa_6,E5,25.0,5,100.0,4,80.0,0.0,0,0,1,3,530.0,24,8,54.55,114,25.0,0.5,0.8
372.0,6,pa_6_rev,NEG_E5,25.0,5,0.0,0,0.0,0.0,0,0,5,3,530.0,24,8,54.55,114,0.0,0.0,0.0
372.0,6,pa_7,E6,20.0,4,0.0,0,0.0,0.0,0,0,4,2,530.0,24,8,54.55,114,0.0,0.0,0.0
372.0,6,pa_7_rev,NEG_E6,20.0,4,80.0,4,100.0,0.0,0,0,0,2,530.0,24,8,54.55,114,20.0,0.67,1.0
372.0,6,pa_8,E7,25.0,5,25.0,1,20.0,0.0,0,0,4,3,530.0,24,8,54.55,114,25.0,0.12,0.2
372.0,6,pa_8_rev,NEG_E7,25.0,5,125.0,5,100.0,100.0,3,3,0,0,530.0,24,8,54.55,114,25.0,1.0,1.0
373.0,6,pa_2,E0,20.0,4,80.0,4,100.0,100.0,3,3,0,0,550.0,25,8,56.82,114,20.0,1.0,1.0
373.0,6,pa_2_rev,NEG_E0,20.0,4,0.0,0,0.0,0.0,0,0,4,3,550.0,25,8,56.82,114,0.0,0.0,0.0
373.0,6,pa_3,E1,20.0,4,60.0,3,75.0,0.0,0,0,1,3,550.0,25,8,56.82,114,20.0,0.43,0.75
373.0,6,pa_3_rev,NEG_E1,20.0,4,80.0,4,100.0,66.67,2,2,0,1,550.0,25,8,56.82,114,20.0,0.86,1.0
373.0,6,pa_6,E5,25.0,5,100.0,4,80.0,0.0,0,0,1,3,550.0,25,8,56.82,114,25.0,0.5,0.8
373.0,6,pa_6_rev,NEG_E5,25.0,5,0.0,0,0.0,0.0,0,0,5,3,550.0,25,8,56.82,114,0.0,0.0,0.0
373.0,6,pa_7,E6,20.0,4,0.0,0,0.0,0.0,0,0,4,2,550.0,25,8,56.82,114,0.0,0.0,0.0
373.0,6,pa_7_rev,NEG_E6,20.0,4,80.0,4,100.0,0.0,0,0,0,2,550.0,25,8,56.82,114,20.0,0.67,1.0
373.0,6,pa_8,E7,25.0,5,25.0,1,20.0,0.0,0,0,4,3,550.0,25,8,56.82,114,25.0,0.12,0.2
373.0,6,pa_8_rev,NEG_E7,25.0,5,125.0,5,100.0,100.0,3,3,0,0,550.0,25,8,56.82,114,25.0,1.0,1.0
374.0,6,pa_2,E0,20.0,4,80.0,4,100.0,100.0,3,3,0,0,550.0,25,8,56.82,114,20.0,1.0,1.0
374.0,6,pa_2_rev,NEG_E0,20.0,4,0.0,0,0.0,0.0,0,0,4,3,550.0,25,8,56.82,114,0.0,0.0,0.0
374.0,6,pa_3,E1,20.0,4,60.0,3,75.0,0.0,0,0,1,3,550.0,25,8,56.82,114,20.0,0.43,0.75
374.0,6,pa_3_rev,NEG_E1,20.0,4,80.0,4,100.0,66.67,2,2,0,1,550.0,25,8,56.82,114,20.0,0.86,1.0
374.0,6,pa_6,E5,25.0,5,100.0,4,80.0,0.0,0,0,1,3,550.0,25,8,56.82,114,25.0,0.5,0.8
374.0,6,pa_6_rev,NEG_E5,25.0,5,0.0,0,0.0,0.0,0,0,5,3,550.0,25,8,56.82,114,0.0,0.0,0.0
374.0,6,pa_7,E6,20.0,4,0.0,0,0.0,0.0,0,0,4,2,550.0,25,8,56.82,114,0.0,0.0,0.0
374.0,6,pa_7_rev,NEG_E6,20.0,4,80.0,4,100.0,0.0,0,0,0,2,550.0,25,8,56.82,114,20.0,0.67,1.0
374.0,6,pa_8,E7,25.0,5,25.0,1,20.0,0.0,0,0,4,3,550.0,25,8,56.82,114,25.0,0.12,0.2
374.0,6,pa_8_rev,NEG_E7,25.0,5,125.0,5,100.0,100.0,3,3,0,0,550.0,25,8,56.82,114,25.0,1.0,1.0
375.0,6,pa_2,E0,20.0,4,80.0,4,100.0,100.0,3,3,0,0,550.0,25,8,56.82,114,20.0,1.0,1.0
375.0,6,pa_2_rev,NEG_E0,20.0,4,0.0,0,0.0,0.0,0,0,4,3,550.0,25,8,56.82,114,0.0,0.0,0.0
375.0,6,pa_3,E1,20.0,4,60.0,3,75.0,0.0,0,0,1,3,550.0,25,8,56.82,114,20.0,0.43,0.75
375.0,6,pa_3_rev,NEG_E1,20.0,4,80.0,4,100.0,66.67,2,2,0,1,550.0,25,8,56.82,114,20.0,0.86,1.0
375.0,6,pa_6,E5,25.0,5,100.0,4,80.0,0.0,0,0,1,3,550.0,25,8,56.82,114,25.0,0.5,0.8
375.0,6,pa_6_rev,NEG_E5,25.0,5,0.0,0,0.0,0.0,0,0,5,3,550.0,25,8,56.82,114,0.0,0.0,0.0
375.0,6,pa_7,E6,20.0,4,0.0,0,0.0,0.0,0,0,4,2,550.0,25,8,56.82,114,0.0,0.0,0.0
375.0,6,pa_7_rev,NEG_E6,20.0,4,80.0,4,100.0,0.0,0,0,0,2,550.0,25,8,56.82,114,20.0,0.67,1.0
375.0,6,pa_8,E7,25.0,5,25.0,1,20.0,0.0,0,0,4,3,550.0,25,8,56.82,114,25.0,0.12,0.2
375.0,6,pa_8_rev,NEG_E7,25.0,5,125.0,5,100.0,100.0,3,3,0,0,550.0,25,8,56.82,114,25.0,1.0,1.0
376.0,6,pa_2,E0,20.0,4,80.0,4,100.0,100.0,3,3,0,0,550.0,25,8,56.82,115,20.0,1.0,1.0
376.0,6,pa_2_rev,NEG_E0,20.0,4,0.0,0,0.0,0.0,0,0,4,3,550.0,25,8,56.82,115,0.0,0.0,0.0
376.0,6,pa_3,E1,20.0,4,60.0,3,75.0,0.0,0,0,1,3,550.0,25,8,56.82,115,20.0,0.43,0.75
376.0,6,pa_3_rev,NEG_E1,20.0,4,80.0,4,100.0,66.67,2,2,0,1,550.0,25,8,56.82,115,20.0,0.86,1.0
376.0,6,pa_6,E5,25.0,5,100.0,4,80.0,0.0,0,0,1,3,550.0,25,8,56.82,115,25.0,0.5,0.8
376.0,6,pa_6_rev,NEG_E5,25.0,5,0.0,0,0.0,0.0,0,0,5,3,550.0,25,8,56.82,115,0.0,0.0,0.0
376.0,6,pa_7,E6,20.0,4,0.0,0,0.0,0.0,0,0,4,2,550.0,25,8,56.82,115,0.0,0.0,0.0
376.0,6,pa_7_rev,NEG_E6,20.0,4,80.0,4,100.0,0.0,0,0,0,2,550.0,25,8,56.82,115,20.0,0.67,1.0
376.0,6,pa_8,E7,25.0,5,25.0,1,20.0,0.0,0,0,4,3,550.0,25,8,56.82,115,25.0,0.12,0.2
376.0,6,pa_8_rev,NEG_E7,25.0,5,125.0,5,100.0,100.0,3,3,0,0,550.0,25,8,56.82,115,25.0,1.0,1.0
377.0,6,pa_2,E0,20.0,4,80.0,4,100.0,100.0,3,3,0,0,575.0,26,8,59.09,115,20.0,1.0,1.0
377.0,6,pa_2_rev,NEG_E0,20.0,4,0.0,0,0.0,0.0,0,0,4,3,575.0,26,8,59.09,115,0.0,0.0,0.0
377.0,6,pa_3,E1,20.0,4,60.0,3,75.0,0.0,0,0,1,3,575.0,26,8,59.09,115,20.0,0.43,0.75
377.0,6,pa_3_rev,NEG_E1,20.0,4,80.0,4,100.0,66.67,2,2,0,1,575.0,26,8,59.09,115,20.0,0.86,1.0
377.0,6,pa_6,E5,25.0,5,125.0,5,100.0,0.0,0,0,0,3,575.0,26,8,59.09,115,25.0,0.62,1.0
377.0,6,pa_6_rev,NEG_E5,25.0,5,0.0,0,0.0,0.0,0,0,5,3,575.0,26,8,59.09,115,0.0,0.0,0.0
377.0,6,pa_7,E6,20.0,4,0.0,0,0.0,0.0,0,0,4,2,575.0,26,8,59.09,115,0.0,0.0,0.0
377.0,6,pa_7_rev,NEG_E6,20.0,4,80.0,4,100.0,0.0,0,0,0,2,575.0,26,8,59.09,115,20.0,0.67,1.0
377.0,6,pa_8,E7,25.0,5,25.0,1,20.0,0.0,0,0,4,3,575.0,26,8,59.09,115,25.0,0.12,0.2
377.0,6,pa_8_rev,NEG_E7,25.0,5,125.0,5,100.0,100.0,3,3,0,0,575.0,26,8,59.09,115,25.0,1.0,1.0
378.0,6,pa_2,E0,20.0,4,80.0,4,100.0,100.0,3,3,0,0,575.0,26,8,59.09,115,20.0,1.0,1.0
378.0,6,pa_2_rev,NEG_E0,20.0,4,0.0,0,0.0,0.0,0,0,4,3,575.0,26,8,59.09,115,0.0,0.0,0.0
378.0,6,pa_3,E1,20.0,4,60.0,3,75.0,0.0,0,0,1,3,575.0,26,8,59.09,115,20.0,0.43,0.75
378.0,6,pa_3_rev,NEG_E1,20.0,4,80.0,4,100.0,66.67,2,2,0,1,575.0,26,8,59.09,115,20.0,0.86,1.0
378.0,6,pa_6,E5,25.0,5,125.0,5,100.0,0.0,0,0,0,3,575.0,26,8,59.09,115,25.0,0.62,1.0
378.0,6,pa_6_rev,NEG_E5,25.0,5,0.0,0,0.0,0.0,0,0,5,3,575.0,26,8,59.09,115,0.0,0.0,0.0
378.0,6,pa_7,E6,20.0,4,0.0,0,0.0,0.0,0,0,4,2,575.0,26,8,59.09,115,0.0,0.0,0.0
378.0,6,pa_7_rev,NEG_E6,20.0,4,80.0,4,100.0,0.0,0,0,0,2,575.0,26,8,59.09,115,20.0,0.67,1.0
378.0,6,pa_8,E7,25.0,5,25.0,1,20.0,0.0,0,0,4,3,575.0,26,8,59.09,115,25.0,0.12,0.2
378.0,6,pa_8_rev,NEG_E7,25.0,5,125.0,5,100.0,100.0,3,3,0,0,575.0,26,8,59.09,115,25.0,1.0,1.0
379.0,6,pa_2,E0,20.0,4,80.0,4,100.0,100.0,3,3,0,0,575.0,26,8,59.09,115,20.0,1.0,1.0
379.0,6,pa_2_rev,NEG_E0,20.0,4,0.0,0,0.0,0.0,0,0,4,3,575.0,26,8,59.09,115,0.0,0.0,0.0
379.0,6,pa_3,E1,20.0,4,60.0,3,75.0,0.0,0,0,1,3,575.0,26,8,59.09,115,20.0,0.43,0.75
379.0,6,pa_3_rev,NEG_E1,20.0,4,80.0,4,100.0,66.67,2,2,0,1,575.0,26,8,59.09,115,20.0,0.86,1.0
379.0,6,pa_6,E5,25.0,5,125.0,5,100.0,0.0,0,0,0,3,575.0,26,8,59.09,115,25.0,0.62,1.0
379.0,6,pa_6_rev,NEG_E5,25.0,5,0.0,0,0.0,0.0,0,0,5,3,575.0,26,8,59.09,115,0.0,0.0,0.0
379.0,6,pa_7,E6,20.0,4,0.0,0,0.0,0.0,0,0,4,2,575.0,26,8,59.09,115,0.0,0.0,0.0
379.0,6,pa_7_rev,NEG_E6,20.0,4,80.0,4,100.0,0.0,0,0,0,2,575.0,26,8,59.09,115,20.0,0.67,1.0
379.0,6,pa_8,E7,25.0,5,25.0,1,20.0,0.0,0,0,4,3,575.0,26,8,59.09,115,25.0,0.12,0.2
379.0,6,pa_8_rev,NEG_E7,25.0,5,125.0,5,100.0,100.0,3,3,0,0,575.0,26,8,59.09,115,25.0,1.0,1.0
380.0,6,pa_2,E0,20.0,4,80.0,4,100.0,100.0,3,3,0,0,575.0,26,8,59.09,115,20.0,1.0,1.0
380.0,6,pa_2_rev,NEG_E0,20.0,4,0.0,0,0.0,0.0,0,0,4,3,575.0,26,8,59.09,115,0.0,0.0,0.0
380.0,6,pa_3,E1,20.0,4,60.0,3,75.0,0.0,0,0,1,3,575.0,26,8,59.09,115,20.0,0.43,0.75
380.0,6,pa_3_rev,NEG_E1,20.0,4,80.0,4,100.0,66.67,2,2,0,1,575.0,26,8,59.09,115,20.0,0.86,1.0
380.0,6,pa_6,E5,25.0,5,125.0,5,100.0,0.0,0,0,0,3,575.0,26,8,59.09,115,25.0,0.62,1.0
380.0,6,pa_6_rev,NEG_E5,25.0,5,0.0,0,0.0,0.0,0,0,5,3,575.0,26,8,59.09,115,0.0,0.0,0.0
380.0,6,pa_7,E6,20.0,4,0.0,0,0.0,0.0,0,0,4,2,575.0,26,8,59.09,115,0.0,0.0,0.0
380.0,6,pa_7_rev,NEG_E6,20.0,4,80.0,4,100.0,0.0,0,0,0,2,575.0,26,8,59.09,115,20.0,0.67,1.0
380.0,6,pa_8,E7,25.0,5,25.0,1,20.0,0.0,0,0,4,3,575.0,26,8,59.09,115,25.0,0.12,0.2
380.0,6,pa_8_rev,NEG_E7,25.0,5,125.0,5,100.0,100.0,3,3,0,0,575.0,26,8,59.09,115,25.0,1.0,1.0
381.0,6,pa_2,E0,20.0,4,80.0,4,100.0,100.0,3,3,0,0,575.0,26,8,59.09,115,20.0,1.0,1.0
381.0,6,pa_2_rev,NEG_E0,20.0,4,0.0,0,0.0,0.0,0,0,4,3,575.0,26,8,59.09,115,0.0,0.0,0.0
381.0,6,pa_3,E1,20.0,4,60.0,3,75.0,0.0,0,0,1,3,575.0,26,8,59.09,115,20.0,0.43,0.75
381.0,6,pa_3_rev,NEG_E1,20.0,4,80.0,4,100.0,66.67,2,2,0,1,575.0,26,8,59.09,115,20.0,0.86,1.0
381.0,6,pa_6,E5,25.0,5,125.0,5,100.0,0.0,0,0,0,3,575.0,26,8,59.09,115,25.0,0.62,1.0
381.0,6,pa_6_rev,NEG_E5,25.0,5,0.0,0,0.0,0.0,0,0,5,3,575.0,26,8,59.09,115,0.0,0.0,0.0
381.0,6,pa_7,E6,20.0,4,0.0,0,0.0,0.0,0,0,4,2,575.0,26,8,59.09,115,0.0,0.0,0.0
381.0,6,pa_7_rev,NEG_E6,20.0,4,80.0,4,100.0,0.0,0,0,0,2,575.0,26,8,59.09,115,20.0,0.67,1.0
381.0,6,pa_8,E7,25.0,5,25.0,1,20.0,0.0,0,0,4,3,575.0,26,8,59.09,115,25.0,0.12,0.2
381.0,6,pa_8_rev,NEG_E7,25.0,5,125.0,5,100.0,100.0,3,3,0,0,575.0,26,8,59.09,115,25.0,1.0,1.0
382.0,6,pa_2,E0,20.0,4,80.0,4,100.0,100.0,3,3,0,0,575.0,26,8,59.09,115,20.0,1.0,1.0
382.0,6,pa_2_rev,NEG_E0,20.0,4,0.0,0,0.0,0.0,0,0,4,3,575.0,26,8,59.09,115,0.0,0.0,0.0
382.0,6,pa_3,E1,20.0,4,60.0,3,75.0,0.0,0,0,1,3,575.0,26,8,59.09,115,20.0,0.43,0.75
382.0,6,pa_3_rev,NEG_E1,20.0,4,80.0,4,100.0,66.67,2,2,0,1,575.0,26,8,59.09,115,20.0,0.86,1.0
382.0,6,pa_6,E5,25.0,5,125.0,5,100.0,0.0,0,0,0,3,575.0,26,8,59.09,115,25.0,0.62,1.0
382.0,6,pa_6_rev,NEG_E5,25.0,5,0.0,0,0.0,0.0,0,0,5,3,575.0,26,8,59.09,115,0.0,0.0,0.0
382.0,6,pa_7,E6,20.0,4,0.0,0,0.0,0.0,0,0,4,2,575.0,26,8,59.09,115,0.0,0.0,0.0
382.0,6,pa_7_rev,NEG_E6,20.0,4,80.0,4,100.0,0.0,0,0,0,2,575.0,26,8,59.09,115,20.0,0.67,1.0
382.0,6,pa_8,E7,25.0,5,25.0,1,20.0,0.0,0,0,4,3,575.0,26,8,59.09,115,25.0,0.12,0.2
382.0,6,pa_8_rev,NEG_E7,25.0,5,125.0,5,100.0,100.0,3,3,0,0,575.0,26,8,59.09,115,25.0,1.0,1.0
383.0,6,pa_2,E0,20.0,4,80.0,4,100.0,100.0,3,3,0,0,575.0,26,8,59.09,115,20.0,1.0,1.0
383.0,6,pa_2_rev,NEG_E0,20.0,4,0.0,0,0.0,0.0,0,0,4,3,575.0,26,8,59.09,115,0.0,0.0,0.0
383.0,6,pa_3,E1,20.0,4,60.0,3,75.0,0.0,0,0,1,3,575.0,26,8,59.09,115,20.0,0.43,0.75
383.0,6,pa_3_rev,NEG_E1,20.0,4,80.0,4,100.0,66.67,2,2,0,1,575.0,26,8,59.09,115,20.0,0.86,1.0
383.0,6,pa_6,E5,25.0,5,125.0,5,100.0,0.0,0,0,0,3,575.0,26,8,59.09,115,25.0,0.62,1.0
383.0,6,pa_6_rev,NEG_E5,25.0,5,0.0,0,0.0,0.0,0,0,5,3,575.0,26,8,59.09,115,0.0,0.0,0.0
383.0,6,pa_7,E6,20.0,4,0.0,0,0.0,0.0,0,0,4,2,575.0,26,8,59.09,115,0.0,0.0,0.0
383.0,6,pa_7_rev,NEG_E6,20.0,4,80.0,4,100.0,0.0,0,0,0,2,575.0,26,8,59.09,115,20.0,0.67,1.0
383.0,6,pa_8,E7,25.0,5,25.0,1,20.0,0.0,0,0,4,3,575.0,26,8,59.09,115,25.0,0.12,0.2
383.0,6,pa_8_rev,NEG_E7,25.0,5,125.0,5,100.0,100.0,3,3,0,0,575.0,26,8,59.09,115,25.0,1.0,1.0
384.0,6,pa_2,E0,20.0,4,80.0,4,100.0,100.0,3,3,0,0,575.0,26,8,59.09,115,20.0,1.0,1.0
384.0,6,pa_2_rev,NEG_E0,20.0,4,0.0,0,0.0,0.0,0,0,4,3,575.0,26,8,59.09,115,0.0,0.0,0.0
384.0,6,pa_3,E1,20.0,4,60.0,3,75.0,0.0,0,0,1,3,575.0,26,8,59.09,115,20.0,0.43,0.75
384.0,6,pa_3_rev,NEG_E1,20.0,4,80.0,4,100.0,66.67,2,2,0,1,575.0,26,8,59.09,115,20.0,0.86,1.0
384.0,6,pa_6,E5,25.0,5,125.0,5,100.0,0.0,0,0,0,3,575.0,26,8,59.09,115,25.0,0.62,1.0
384.0,6,pa_6_rev,NEG_E5,25.0,5,0.0,0,0.0,0.0,0,0,5,3,575.0,26,8,59.09,115,0.0,0.0,0.0
384.0,6,pa_7,E6,20.0,4,0.0,0,0.0,0.0,0,0,4,2,575.0,26,8,59.09,115,0.0,0.0,0.0
384.0,6,pa_7_rev,NEG_E6,20.0,4,80.0,4,100.0,0.0,0,0,0,2,575.0,26,8,59.09,115,20.0,0.67,1.0
384.0,6,pa_8,E7,25.0,5,25.0,1,20.0,0.0,0,0,4,3,575.0,26,8,59.09,115,25.0,0.12,0.2
384.0,6,pa_8_rev,NEG_E7,25.0,5,125.0,5,100.0,100.0,3,3,0,0,575.0,26,8,59.09,115,25.0,1.0,1.0
385.0,6,pa_2,E0,20.0,4,80.0,4,100.0,100.0,3,3,0,0,575.0,26,8,59.09,115,20.0,1.0,1.0
385.0,6,pa_2_rev,NEG_E0,20.0,4,0.0,0,0.0,0.0,0,0,4,3,575.0,26,8,59.09,115,0.0,0.0,0.0
385.0,6,pa_3,E1,20.0,4,60.0,3,75.0,0.0,0,0,1,3,575.0,26,8,59.09,115,20.0,0.43,0.75
385.0,6,pa_3_rev,NEG_E1,20.0,4,80.0,4,100.0,66.67,2,2,0,1,575.0,26,8,59.09,115,20.0,0.86,1.0
385.0,6,pa_6,E5,25.0,5,125.0,5,100.0,0.0,0,0,0,3,575.0,26,8,59.09,115,25.0,0.62,1.0
385.0,6,pa_6_rev,NEG_E5,25.0,5,0.0,0,0.0,0.0,0,0,5,3,575.0,26,8,59.09,115,0.0,0.0,0.0
385.0,6,pa_7,E6,20.0,4,0.0,0,0.0,0.0,0,0,4,2,575.0,26,8,59.09,115,0.0,0.0,0.0
385.0,6,pa_7_rev,NEG_E6,20.0,4,80.0,4,100.0,0.0,0,0,0,2,575.0,26,8,59.09,115,20.0,0.67,1.0
385.0,6,pa_8,E7,25.0,5,25.0,1,20.0,0.0,0,0,4,3,575.0,26,8,59.09,115,25.0,0.12,0.2
385.0,6,pa_8_rev,NEG_E7,25.0,5,125.0,5,100.0,100.0,3,3,0,0,575.0,26,8,59.09,115,25.0,1.0,1.0
386.0,6,pa_2,E0,20.0,4,80.0,4,100.0,100.0,3,3,0,0,575.0,26,8,59.09,115,20.0,1.0,1.0
386.0,6,pa_2_rev,NEG_E0,20.0,4,0.0,0,0.0,0.0,0,0,4,3,575.0,26,8,59.09,115,0.0,0.0,0.0
386.0,6,pa_3,E1,20.0,4,60.0,3,75.0,0.0,0,0,1,3,575.0,26,8,59.09,115,20.0,0.43,0.75
386.0,6,pa_3_rev,NEG_E1,20.0,4,80.0,4,100.0,66.67,2,2,0,1,575.0,26,8,59.09,115,20.0,0.86,1.0
386.0,6,pa_6,E5,25.0,5,125.0,5,100.0,0.0,0,0,0,3,575.0,26,8,59.09,115,25.0,0.62,1.0
386.0,6,pa_6_rev,NEG_E5,25.0,5,0.0,0,0.0,0.0,0,0,5,3,575.0,26,8,59.09,115,0.0,0.0,0.0
386.0,6,pa_7,E6,20.0,4,0.0,0,0.0,0.0,0,0,4,2,575.0,26,8,59.09,115,0.0,0.0,0.0
386.0,6,pa_7_rev,NEG_E6,20.0,4,80.0,4,100.0,0.0,0,0,0,2,575.0,26,8,59.09,115,20.0,0.67,1.0
386.0,6,pa_8,E7,25.0,5,25.0,1,20.0,0.0,0,0,4,3,575.0,26,8,59.09,115,25.0,0.12,0.2
386.0,6,pa_8_rev,NEG_E7,25.0,5,125.0,5,100.0,100.0,3,3,0,0,575.0,26,8,59.09,115,25.0,1.0,1.0
387.0,6,pa_2,E0,20.0,4,80.0,4,100.0,100.0,3,3,0,0,575.0,26,9,59.09,115,20.0,1.0,1.0
387.0,6,pa_2_rev,NEG_E0,20.0,4,0.0,0,0.0,0.0,0,0,4,3,575.0,26,9,59.09,115,0.0,0.0,0.0
387.0,6,pa_3,E1,20.0,4,60.0,3,75.0,0.0,0,0,1,3,575.0,26,9,59.09,115,20.0,0.43,0.75
387.0,6,pa_3_rev,NEG_E1,20.0,4,80.0,4,100.0,100.0,3,3,0,0,575.0,26,9,59.09,115,20.0,1.0,1.0
387.0,6,pa_6,E5,25.0,5,125.0,5,100.0,0.0,0,0,0,3,575.0,26,9,59.09,115,25.0,0.62,1.0
387.0,6,pa_6_rev,NEG_E5,25.0,5,0.0,0,0.0,0.0,0,0,5,3,575.0,26,9,59.09,115,0.0,0.0,0.0
387.0,6,pa_7,E6,20.0,4,0.0,0,0.0,0.0,0,0,4,2,575.0,26,9,59.09,115,0.0,0.0,0.0
387.0,6,pa_7_rev,NEG_E6,20.0,4,80.0,4,100.0,0.0,0,0,0,2,575.0,26,9,59.09,115,20.0,0.67,1.0
387.0,6,pa_8,E7,25.0,5,25.0,1,20.0,0.0,0,0,4,3,575.0,26,9,59.09,115,25.0,0.12,0.2
387.0,6,pa_8_rev,NEG_E7,25.0,5,125.0,5,100.0,100.0,3,3,0,0,575.0,26,9,59.09,115,25.0,1.0,1.0
388.0,6,pa_2,E0,20.0,4,80.0,4,100.0,100.0,3,3,0,0,575.0,26,9,59.09,115,20.0,1.0,1.0
388.0,6,pa_2_rev,NEG_E0,20.0,4,0.0,0,0.0,0.0,0,0,4,3,575.0,26,9,59.09,115,0.0,0.0,0.0
388.0,6,pa_3,E1,20.0,4,60.0,3,75.0,0.0,0,0,1,3,575.0,26,9,59.09,115,20.0,0.43,0.75
388.0,6,pa_3_rev,NEG_E1,20.0,4,80.0,4,100.0,100.0,3,3,0,0,575.0,26,9,59.09,115,20.0,1.0,1.0
388.0,6,pa_6,E5,25.0,5,125.0,5,100.0,0.0,0,0,0,3,575.0,26,9,59.09,115,25.0,0.62,1.0
388.0,6,pa_6_rev,NEG_E5,25.0,5,0.0,0,0.0,0.0,0,0,5,3,575.0,26,9,59.09,115,0.0,0.0,0.0
388.0,6,pa_7,E6,20.0,4,0.0,0,0.0,0.0,0,0,4,2,575.0,26,9,59.09,115,0.0,0.0,0.0
388.0,6,pa_7_rev,NEG_E6,20.0,4,80.0,4,100.0,0.0,0,0,0,2,575.0,26,9,59.09,115,20.0,0.67,1.0
388.0,6,pa_8,E7,25.0,5,25.0,1,20.0,0.0,0,0,4,3,575.0,26,9,59.09,115,25.0,0.12,0.2
388.0,6,pa_8_rev,NEG_E7,25.0,5,125.0,5,100.0,100.0,3,3,0,0,575.0,26,9,59.09,115,25.0,1.0,1.0
389.0,6,pa_2,E0,20.0,4,80.0,4,100.0,100.0,3,3,0,0,575.0,26,9,59.09,115,20.0,1.0,1.0
389.0,6,pa_2_rev,NEG_E0,20.0,4,0.0,0,0.0,0.0,0,0,4,3,575.0,26,9,59.09,115,0.0,0.0,0.0
389.0,6,pa_3,E1,20.0,4,60.0,3,75.0,0.0,0,0,1,3,575.0,26,9,59.09,115,20.0,0.43,0.75
389.0,6,pa_3_rev,NEG_E1,20.0,4,80.0,4,100.0,100.0,3,3,0,0,575.0,26,9,59.09,115,20.0,1.0,1.0
389.0,6,pa_6,E5,25.0,5,125.0,5,100.0,0.0,0,0,0,3,575.0,26,9,59.09,115,25.0,0.62,1.0
389.0,6,pa_6_rev,NEG_E5,25.0,5,0.0,0,0.0,0.0,0,0,5,3,575.0,26,9,59.09,115,0.0,0.0,0.0
389.0,6,pa_7,E6,20.0,4,0.0,0,0.0,0.0,0,0,4,2,575.0,26,9,59.09,115,0.0,0.0,0.0
389.0,6,pa_7_rev,NEG_E6,20.0,4,80.0,4,100.0,0.0,0,0,0,2,575.0,26,9,59.09,115,20.0,0.67,1.0
389.0,6,pa_8,E7,25.0,5,25.0,1,20.0,0.0,0,0,4,3,575.0,26,9,59.09,115,25.0,0.12,0.2
389.0,6,pa_8_rev,NEG_E7,25.0,5,125.0,5,100.0,100.0,3,3,0,0,575.0,26,9,59.09,115,25.0,1.0,1.0
390.0,6,pa_2,E0,20.0,4,80.0,4,100.0,100.0,3,3,0,0,575.0,26,9,59.09,114,20.0,1.0,1.0
390.0,6,pa_2_rev,NEG_E0,20.0,4,0.0,0,0.0,0.0,0,0,4,3,575.0,26,9,59.09,114,0.0,0.0,0.0
390.0,6,pa_3,E1,20.0,4,60.0,3,75.0,0.0,0,0,1,3,575.0,26,9,59.09,114,20.0,0.43,0.75
390.0,6,pa_3_rev,NEG_E1,20.0,4,80.0,4,100.0,100.0,3,3,0,0,575.0,26,9,59.09,114,20.0,1.0,1.0
390.0,6,pa_6,E5,25.0,5,125.0,5,100.0,0.0,0,0,0,3,575.0,26,9,59.09,114,25.0,0.62,1.0
390.0,6,pa_6_rev,NEG_E5,25.0,5,0.0,0,0.0,0.0,0,0,5,3,575.0,26,9,59.09,114,0.0,0.0,0.0
390.0,6,pa_7,E6,20.0,4,0.0,0,0.0,0.0,0,0,4,2,575.0,26,9,59.09,114,0.0,0.0,0.0
390.0,6,pa_7_rev,NEG_E6,20.0,4,80.0,4,100.0,0.0,0,0,0,2,575.0,26,9,59.09,114,20.0,0.67,1.0
390.0,6,pa_8,E7,25.0,5,25.0,1,20.0,0.0,0,0,4,3,575.0,26,9,59.09,114,25.0,0.12,0.2
390.0,6,pa_8_rev,NEG_E7,25.0,5,125.0,5,100.0,100.0,3,3,0,0,575.0,26,9,59.09,114,25.0,1.0,1.0
391.0,6,pa_2,E0,20.0,4,80.0,4,100.0,100.0,3,3,0,0,575.0,26,9,59.09,113,20.0,1.0,1.0
391.0,6,pa_2_rev,NEG_E0,20.0,4,0.0,0,0.0,0.0,0,0,4,3,575.0,26,9,59.09,113,0.0,0.0,0.0
391.0,6,pa_3,E1,20.0,4,60.0,3,75.0,0.0,0,0,1,3,575.0,26,9,59.09,113,20.0,0.43,0.75
391.0,6,pa_3_rev,NEG_E1,20.0,4,80.0,4,100.0,100.0,3,3,0,0,575.0,26,9,59.09,113,20.0,1.0,1.0
391.0,6,pa_6,E5,25.0,5,125.0,5,100.0,0.0,0,0,0,3,575.0,26,9,59.09,113,25.0,0.62,1.0
391.0,6,pa_6_rev,NEG_E5,25.0,5,0.0,0,0.0,0.0,0,0,5,3,575.0,26,9,59.09,113,0.0,0.0,0.0
391.0,6,pa_7,E6,20.0,4,0.0,0,0.0,0.0,0,0,4,2,575.0,26,9,59.09,113,0.0,0.0,0.0
391.0,6,pa_7_rev,NEG_E6,20.0,4,80.0,4,100.0,0.0,0,0,0,2,575.0,26,9,59.09,113,20.0,0.67,1.0
391.0,6,pa_8,E7,25.0,5,25.0,1,20.0,0.0,0,0,4,3,575.0,26,9,59.09,113,25.0,0.12,0.2
391.0,6,pa_8_rev,NEG_E7,25.0,5,125.0,5,100.0,100.0,3,3,0,0,575.0,26,9,59.09,113,25.0,1.0,1.0
392.0,6,pa_2,E0,20.0,4,80.0,4,100.0,100.0,3,3,0,0,575.0,26,9,59.09,113,20.0,1.0,1.0
392.0,6,pa_2_rev,NEG_E0,20.0,4,0.0,0,0.0,0.0,0,0,4,3,575.0,26,9,59.09,113,0.0,0.0,0.0
392.0,6,pa_3,E1,20.0,4,60.0,3,75.0,0.0,0,0,1,3,575.0,26,9,59.09,113,20.0,0.43,0.75
392.0,6,pa_3_rev,NEG_E1,20.0,4,80.0,4,100.0,100.0,3,3,0,0,575.0,26,9,59.09,113,20.0,1.0,1.0
392.0,6,pa_6,E5,25.0,5,125.0,5,100.0,0.0,0,0,0,3,575.0,26,9,59.09,113,25.0,0.62,1.0
392.0,6,pa_6_rev,NEG_E5,25.0,5,0.0,0,0.0,0.0,0,0,5,3,575.0,26,9,59.09,113,0.0,0.0,0.0
392.0,6,pa_7,E6,20.0,4,0.0,0,0.0,0.0,0,0,4,2,575.0,26,9,59.09,113,0.0,0.0,0.0
392.0,6,pa_7_rev,NEG_E6,20.0,4,80.0,4,100.0,0.0,0,0,0,2,575.0,26,9,59.09,113,20.0,0.67,1.0
392.0,6,pa_8,E7,25.0,5,25.0,1,20.0,0.0,0,0,4,3,575.0,26,9,59.09,113,25.0,0.12,0.2
392.0,6,pa_8_rev,NEG_E7,25.0,5,125.0,5,100.0,100.0,3,3,0,0,575.0,26,9,59.09,113,25.0,1.0,1.0
393.0,6,pa_2,E0,20.0,4,80.0,4,100.0,100.0,3,3,0,0,575.0,26,9,59.09,113,20.0,1.0,1.0
393.0,6,pa_2_rev,NEG_E0,20.0,4,0.0,0,0.0,0.0,0,0,4,3,575.0,26,9,59.09,113,0.0,0.0,0.0
393.0,6,pa_3,E1,20.0,4,60.0,3,75.0,0.0,0,0,1,3,575.0,26,9,59.09,113,20.0,0.43,0.75
393.0,6,pa_3_rev,NEG_E1,20.0,4,80.0,4,100.0,100.0,3,3,0,0,575.0,26,9,59.09,113,20.0,1.0,1.0
393.0,6,pa_6,E5,25.0,5,125.0,5,100.0,0.0,0,0,0,3,575.0,26,9,59.09,113,25.0,0.62,1.0
393.0,6,pa_6_rev,NEG_E5,25.0,5,0.0,0,0.0,0.0,0,0,5,3,575.0,26,9,59.09,113,0.0,0.0,0.0
393.0,6,pa_7,E6,20.0,4,0.0,0,0.0,0.0,0,0,4,2,575.0,26,9,59.09,113,0.0,0.0,0.0
393.0,6,pa_7_rev,NEG_E6,20.0,4,80.0,4,100.0,0.0,0,0,0,2,575.0,26,9,59.09,113,20.0,0.67,1.0
393.0,6,pa_8,E7,25.0,5,25.0,1,20.0,0.0,0,0,4,3,575.0,26,9,59.09,113,25.0,0.12,0.2
393.0,6,pa_8_rev,NEG_E7,25.0,5,125.0,5,100.0,100.0,3,3,0,0,575.0,26,9,59.09,113,25.0,1.0,1.0
394.0,6,pa_2,E0,20.0,4,80.0,4,100.0,100.0,3,3,0,0,575.0,26,9,59.09,113,20.0,1.0,1.0
394.0,6,pa_2_rev,NEG_E0,20.0,4,0.0,0,0.0,0.0,0,0,4,3,575.0,26,9,59.09,113,0.0,0.0,0.0
394.0,6,pa_3,E1,20.0,4,60.0,3,75.0,0.0,0,0,1,3,575.0,26,9,59.09,113,20.0,0.43,0.75
394.0,6,pa_3_rev,NEG_E1,20.0,4,80.0,4,100.0,100.0,3,3,0,0,575.0,26,9,59.09,113,20.0,1.0,1.0
394.0,6,pa_6,E5,25.0,5,125.0,5,100.0,0.0,0,0,0,3,575.0,26,9,59.09,113,25.0,0.62,1.0
394.0,6,pa_6_rev,NEG_E5,25.0,5,0.0,0,0.0,0.0,0,0,5,3,575.0,26,9,59.09,113,0.0,0.0,0.0
394.0,6,pa_7,E6,20.0,4,0.0,0,0.0,0.0,0,0,4,2,575.0,26,9,59.09,113,0.0,0.0,0.0
394.0,6,pa_7_rev,NEG_E6,20.0,4,80.0,4,100.0,0.0,0,0,0,2,575.0,26,9,59.09,113,20.0,0.67,1.0
394.0,6,pa_8,E7,25.0,5,25.0,1,20.0,0.0,0,0,4,3,575.0,26,9,59.09,113,25.0,0.12,0.2
394.0,6,pa_8_rev,NEG_E7,25.0,5,125.0,5,100.0,100.0,3,3,0,0,575.0,26,9,59.09,113,25.0,1.0,1.0
395.0,6,pa_2,E0,20.0,4,80.0,4,100.0,100.0,3,3,0,0,575.0,26,9,59.09,113,20.0,1.0,1.0
395.0,6,pa_2_rev,NEG_E0,20.0,4,0.0,0,0.0,0.0,0,0,4,3,575.0,26,9,59.09,113,0.0,0.0,0.0
395.0,6,pa_3,E1,20.0,4,60.0,3,75.0,0.0,0,0,1,3,575.0,26,9,59.09,113,20.0,0.43,0.75
395.0,6,pa_3_rev,NEG_E1,20.0,4,80.0,4,100.0,100.0,3,3,0,0,575.0,26,9,59.09,113,20.0,1.0,1.0
395.0,6,pa_6,E5,25.0,5,125.0,5,100.0,0.0,0,0,0,3,575.0,26,9,59.09,113,25.0,0.62,1.0
395.0,6,pa_6_rev,NEG_E5,25.0,5,0.0,0,0.0,0.0,0,0,5,3,575.0,26,9,59.09,113,0.0,0.0,0.0
395.0,6,pa_7,E6,20.0,4,0.0,0,0.0,0.0,0,0,4,2,575.0,26,9,59.09,113,0.0,0.0,0.0
395.0,6,pa_7_rev,NEG_E6,20.0,4,80.0,4,100.0,0.0,0,0,0,2,575.0,26,9,59.09,113,20.0,0.67,1.0
395.0,6,pa_8,E7,25.0,5,25.0,1,20.0,0.0,0,0,4,3,575.0,26,9,59.09,113,25.0,0.12,0.2
395.0,6,pa_8_rev,NEG_E7,25.0,5,125.0,5,100.0,100.0,3,3,0,0,575.0,26,9,59.09,113,25.0,1.0,1.0
396.0,6,pa_2,E0,20.0,4,80.0,4,100.0,100.0,3,3,0,0,575.0,26,9,59.09,113,20.0,1.0,1.0
396.0,6,pa_2_rev,NEG_E0,20.0,4,0.0,0,0.0,0.0,0,0,4,3,575.0,26,9,59.09,113,0.0,0.0,0.0
396.0,6,pa_3,E1,20.0,4,60.0,3,75.0,0.0,0,0,1,3,575.0,26,9,59.09,113,20.0,0.43,0.75
396.0,6,pa_3_rev,NEG_E1,20.0,4,80.0,4,100.0,100.0,3,3,0,0,575.0,26,9,59.09,113,20.0,1.0,1.0
396.0,6,pa_6,E5,25.0,5,125.0,5,100.0,0.0,0,0,0,3,575.0,26,9,59.09,113,25.0,0.62,1.0
396.0,6,pa_6_rev,NEG_E5,25.0,5,0.0,0,0.0,0.0,0,0,5,3,575.0,26,9,59.09,113,0.0,0.0,0.0
396.0,6,pa_7,E6,20.0,4,0.0,0,0.0,0.0,0,0,4,2,575.0,26,9,59.09,113,0.0,0.0,0.0
396.0,6,pa_7_rev,NEG_E6,20.0,4,80.0,4,100.0,0.0,0,0,0,2,575.0,26,9,59.09,113,20.0,0.67,1.0
396.0,6,pa_8,E7,25.0,5,25.0,1,20.0,0.0,0,0,4,3,575.0,26,9,59.09,113,25.0,0.12,0.2
396.0,6,pa_8_rev,NEG_E7,25.0,5,125.0,5,100.0,100.0,3,3,0,0,575.0,26,9,59.09,113,25.0,1.0,1.0
397.0,6,pa_2,E0,20.0,4,80.0,4,100.0,100.0,3,3,0,0,575.0,26,9,59.09,113,20.0,1.0,1.0
397.0,6,pa_2_rev,NEG_E0,20.0,4,0.0,0,0.0,0.0,0,0,4,3,575.0,26,9,59.09,113,0.0,0.0,0.0
397.0,6,pa_3,E1,20.0,4,60.0,3,75.0,0.0,0,0,1,3,575.0,26,9,59.09,113,20.0,0.43,0.75
397.0,6,pa_3_rev,NEG_E1,20.0,4,80.0,4,100.0,100.0,3,3,0,0,575.0,26,9,59.09,113,20.0,1.0,1.0
397.0,6,pa_6,E5,25.0,5,125.0,5,100.0,0.0,0,0,0,3,575.0,26,9,59.09,113,25.0,0.62,1.0
397.0,6,pa_6_rev,NEG_E5,25.0,5,0.0,0,0.0,0.0,0,0,5,3,575.0,26,9,59.09,113,0.0,0.0,0.0
397.0,6,pa_7,E6,20.0,4,0.0,0,0.0,0.0,0,0,4,2,575.0,26,9,59.09,113,0.0,0.0,0.0
397.0,6,pa_7_rev,NEG_E6,20.0,4,80.0,4,100.0,0.0,0,0,0,2,575.0,26,9,59.09,113,20.0,0.67,1.0
397.0,6,pa_8,E7,25.0,5,25.0,1,20.0,0.0,0,0,4,3,575.0,26,9,59.09,113,25.0,0.12,0.2
397.0,6,pa_8_rev,NEG_E7,25.0,5,125.0,5,100.0,100.0,3,3,0,0,575.0,26,9,59.09,113,25.0,1.0,1.0
398.0,6,pa_2,E0,20.0,4,80.0,4,100.0,100.0,3,3,0,0,575.0,26,9,59.09,113,20.0,1.0,1.0
398.0,6,pa_2_rev,NEG_E0,20.0,4,0.0,0,0.0,0.0,0,0,4,3,575.0,26,9,59.09,113,0.0,0.0,0.0
398.0,6,pa_3,E1,20.0,4,60.0,3,75.0,0.0,0,0,1,3,575.0,26,9,59.09,113,20.0,0.43,0.75
398.0,6,pa_3_rev,NEG_E1,20.0,4,80.0,4,100.0,100.0,3,3,0,0,575.0,26,9,59.09,113,20.0,1.0,1.0
398.0,6,pa_6,E5,25.0,5,125.0,5,100.0,0.0,0,0,0,3,575.0,26,9,59.09,113,25.0,0.62,1.0
398.0,6,pa_6_rev,NEG_E5,25.0,5,0.0,0,0.0,0.0,0,0,5,3,575.0,26,9,59.09,113,0.0,0.0,0.0
398.0,6,pa_7,E6,20.0,4,0.0,0,0.0,0.0,0,0,4,2,575.0,26,9,59.09,113,0.0,0.0,0.0
398.0,6,pa_7_rev,NEG_E6,20.0,4,80.0,4,100.0,0.0,0,0,0,2,575.0,26,9,59.09,113,20.0,0.67,1.0
398.0,6,pa_8,E7,25.0,5,25.0,1,20.0,0.0,0,0,4,3,575.0,26,9,59.09,113,25.0,0.12,0.2
398.0,6,pa_8_rev,NEG_E7,25.0,5,125.0,5,100.0,100.0,3,3,0,0,575.0,26,9,59.09,113,25.0,1.0,1.0
399.0,6,pa_2,E0,20.0,4,80.0,4,100.0,100.0,3,3,0,0,575.0,26,9,59.09,113,20.0,1.0,1.0
399.0,6,pa_2_rev,NEG_E0,20.0,4,0.0,0,0.0,0.0,0,0,4,3,575.0,26,9,59.09,113,0.0,0.0,0.0
399.0,6,pa_3,E1,20.0,4,60.0,3,75.0,0.0,0,0,1,3,575.0,26,9,59.09,113,20.0,0.43,0.75
399.0,6,pa_3_rev,NEG_E1,20.0,4,80.0,4,100.0,100.0,3,3,0,0,575.0,26,9,59.09,113,20.0,1.0,1.0
399.0,6,pa_6,E5,25.0,5,125.0,5,100.0,0.0,0,0,0,3,575.0,26,9,59.09,113,25.0,0.62,1.0
399.0,6,pa_6_rev,NEG_E5,25.0,5,0.0,0,0.0,0.0,0,0,5,3,575.0,26,9,59.09,113,0.0,0.0,0.0
399.0,6,pa_7,E6,20.0,4,0.0,0,0.0,0.0,0,0,4,2,575.0,26,9,59.09,113,0.0,0.0,0.0
399.0,6,pa_7_rev,NEG_E6,20.0,4,80.0,4,100.0,0.0,0,0,0,2,575.0,26,9,59.09,113,20.0,0.67,1.0
399.0,6,pa_8,E7,25.0,5,25.0,1,20.0,0.0,0,0,4,3,575.0,26,9,59.09,113,25.0,0.12,0.2
399.0,6,pa_8_rev,NEG_E7,25.0,5,125.0,5,100.0,100.0,3,3,0,0,575.0,26,9,59.09,113,25.0,1.0,1.0
400.0,6,pa_2,E0,20.0,4,80.0,4,100.0,100.0,3,3,0,0,595.0,27,9,61.36,113,20.0,1.0,1.0
400.0,6,pa_2_rev,NEG_E0,20.0,4,0.0,0,0.0,0.0,0,0,4,3,595.0,27,9,61.36,113,0.0,0.0,0.0
400.0,6,pa_3,E1,20.0,4,80.0,4,100.0,0.0,0,0,0,3,595.0,27,9,61.36,113,20.0,0.57,1.0
400.0,6,pa_3_rev,NEG_E1,20.0,4,80.0,4,100.0,100.0,3,3,0,0,595.0,27,9,61.36,113,20.0,1.0,1.0
400.0,6,pa_6,E5,25.0,5,125.0,5,100.0,0.0,0,0,0,3,595.0,27,9,61.36,113,25.0,0.62,1.0
400.0,6,pa_6_rev,NEG_E5,25.0,5,0.0,0,0.0,0.0,0,0,5,3,595.0,27,9,61.36,113,0.0,0.0,0.0
400.0,6,pa_7,E6,20.0,4,0.0,0,0.0,0.0,0,0,4,2,595.0,27,9,61.36,113,0.0,0.0,0.0
400.0,6,pa_7_rev,NEG_E6,20.0,4,80.0,4,100.0,0.0,0,0,0,2,595.0,27,9,61.36,113,20.0,0.67,1.0
400.0,6,pa_8,E7,25.0,5,25.0,1,20.0,0.0,0,0,4,3,595.0,27,9,61.36,113,25.0,0.12,0.2
400.0,6,pa_8_rev,NEG_E7,25.0,5,125.0,5,100.0,100.0,3,3,0,0,595.0,27,9,61.36,113,25.0,1.0,1.0
401.0,6,pa_2,E0,20.0,4,80.0,4,100.0,100.0,3,3,0,0,595.0,27,9,61.36,115,20.0,1.0,1.0
401.0,6,pa_2_rev,NEG_E0,20.0,4,0.0,0,0.0,0.0,0,0,4,3,595.0,27,9,61.36,115,0.0,0.0,0.0
401.0,6,pa_3,E1,20.0,4,80.0,4,100.0,0.0,0,0,0,3,595.0,27,9,61.36,115,20.0,0.57,1.0
401.0,6,pa_3_rev,NEG_E1,20.0,4,80.0,4,100.0,100.0,3,3,0,0,595.0,27,9,61.36,115,20.0,1.0,1.0
401.0,6,pa_6,E5,25.0,5,125.0,5,100.0,0.0,0,0,0,3,595.0,27,9,61.36,115,25.0,0.62,1.0
401.0,6,pa_6_rev,NEG_E5,25.0,5,0.0,0,0.0,0.0,0,0,5,3,595.0,27,9,61.36,115,0.0,0.0,0.0
401.0,6,pa_7,E6,20.0,4,0.0,0,0.0,0.0,0,0,4,2,595.0,27,9,61.36,115,0.0,0.0,0.0
401.0,6,pa_7_rev,NEG_E6,20.0,4,80.0,4,100.0,0.0,0,0,0,2,595.0,27,9,61.36,115,20.0,0.67,1.0
401.0,6,pa_8,E7,25.0,5,25.0,1,20.0,0.0,0,0,4,3,595.0,27,9,61.36,115,25.0,0.12,0.2
401.0,6,pa_8_rev,NEG_E7,25.0,5,125.0,5,100.0,100.0,3,3,0,0,595.0,27,9,61.36,115,25.0,1.0,1.0
402.0,6,pa_2,E0,20.0,4,80.0,4,100.0,100.0,3,3,0,0,595.0,27,9,61.36,115,20.0,1.0,1.0
402.0,6,pa_2_rev,NEG_E0,20.0,4,0.0,0,0.0,0.0,0,0,4,3,595.0,27,9,61.36,115,0.0,0.0,0.0
402.0,6,pa_3,E1,20.0,4,80.0,4,100.0,0.0,0,0,0,3,595.0,27,9,61.36,115,20.0,0.57,1.0
402.0,6,pa_3_rev,NEG_E1,20.0,4,80.0,4,100.0,100.0,3,3,0,0,595.0,27,9,61.36,115,20.0,1.0,1.0
402.0,6,pa_6,E5,25.0,5,125.0,5,100.0,0.0,0,0,0,3,595.0,27,9,61.36,115,25.0,0.62,1.0
402.0,6,pa_6_rev,NEG_E5,25.0,5,0.0,0,0.0,0.0,0,0,5,3,595.0,27,9,61.36,115,0.0,0.0,0.0
402.0,6,pa_7,E6,20.0,4,0.0,0,0.0,0.0,0,0,4,2,595.0,27,9,61.36,115,0.0,0.0,0.0
402.0,6,pa_7_rev,NEG_E6,20.0,4,80.0,4,100.0,0.0,0,0,0,2,595.0,27,9,61.36,115,20.0,0.67,1.0
402.0,6,pa_8,E7,25.0,5,25.0,1,20.0,0.0,0,0,4,3,595.0,27,9,61.36,115,25.0,0.12,0.2
402.0,6,pa_8_rev,NEG_E7,25.0,5,125.0,5,100.0,100.0,3,3,0,0,595.0,27,9,61.36,115,25.0,1.0,1.0
403.0,6,pa_2,E0,20.0,4,80.0,4,100.0,100.0,3,3,0,0,595.0,27,9,61.36,115,20.0,1.0,1.0
403.0,6,pa_2_rev,NEG_E0,20.0,4,0.0,0,0.0,0.0,0,0,4,3,595.0,27,9,61.36,115,0.0,0.0,0.0
403.0,6,pa_3,E1,20.0,4,80.0,4,100.0,0.0,0,0,0,3,595.0,27,9,61.36,115,20.0,0.57,1.0
403.0,6,pa_3_rev,NEG_E1,20.0,4,80.0,4,100.0,100.0,3,3,0,0,595.0,27,9,61.36,115,20.0,1.0,1.0
403.0,6,pa_6,E5,25.0,5,125.0,5,100.0,0.0,0,0,0,3,595.0,27,9,61.36,115,25.0,0.62,1.0
403.0,6,pa_6_rev,NEG_E5,25.0,5,0.0,0,0.0,0.0,0,0,5,3,595.0,27,9,61.36,115,0.0,0.0,0.0
403.0,6,pa_7,E6,20.0,4,0.0,0,0.0,0.0,0,0,4,2,595.0,27,9,61.36,115,0.0,0.0,0.0
403.0,6,pa_7_rev,NEG_E6,20.0,4,80.0,4,100.0,0.0,0,0,0,2,595.0,27,9,61.36,115,20.0,0.67,1.0
403.0,6,pa_8,E7,25.0,5,25.0,1,20.0,0.0,0,0,4,3,595.0,27,9,61.36,115,25.0,0.12,0.2
403.0,6,pa_8_rev,NEG_E7,25.0,5,125.0,5,100.0,100.0,3,3,0,0,595.0,27,9,61.36,115,25.0,1.0,1.0
404.0,6,pa_2,E0,20.0,4,80.0,4,100.0,100.0,3,3,0,0,595.0,27,9,61.36,115,20.0,1.0,1.0
404.0,6,pa_2_rev,NEG_E0,20.0,4,0.0,0,0.0,0.0,0,0,4,3,595.0,27,9,61.36,115,0.0,0.0,0.0
404.0,6,pa_3,E1,20.0,4,80.0,4,100.0,0.0,0,0,0,3,595.0,27,9,61.36,115,20.0,0.57,1.0
404.0,6,pa_3_rev,NEG_E1,20.0,4,80.0,4,100.0,100.0,3,3,0,0,595.0,27,9,61.36,115,20.0,1.0,1.0
404.0,6,pa_6,E5,25.0,5,125.0,5,100.0,0.0,0,0,0,3,595.0,27,9,61.36,115,25.0,0.62,1.0
404.0,6,pa_6_rev,NEG_E5,25.0,5,0.0,0,0.0,0.0,0,0,5,3,595.0,27,9,61.36,115,0.0,0.0,0.0
404.0,6,pa_7,E6,20.0,4,0.0,0,0.0,0.0,0,0,4,2,595.0,27,9,61.36,115,0.0,0.0,0.0
404.0,6,pa_7_rev,NEG_E6,20.0,4,80.0,4,100.0,0.0,0,0,0,2,595.0,27,9,61.36,115,20.0,0.67,1.0
404.0,6,pa_8,E7,25.0,5,25.0,1,20.0,0.0,0,0,4,3,595.0,27,9,61.36,115,25.0,0.12,0.2
404.0,6,pa_8_rev,NEG_E7,25.0,5,125.0,5,100.0,100.0,3,3,0,0,595.0,27,9,61.36,115,25.0,1.0,1.0
405.0,6,pa_2,E0,20.0,4,80.0,4,100.0,100.0,3,3,0,0,595.0,27,10,61.36,115,20.0,1.0,1.0
405.0,6,pa_2_rev,NEG_E0,20.0,4,0.0,0,0.0,0.0,0,0,4,3,595.0,27,10,61.36,115,0.0,0.0,0.0
405.0,6,pa_3,E1,20.0,4,80.0,4,100.0,0.0,0,0,0,3,595.0,27,10,61.36,115,20.0,0.57,1.0
405.0,6,pa_3_rev,NEG_E1,20.0,4,80.0,4,100.0,100.0,3,3,0,0,595.0,27,10,61.36,115,20.0,1.0,1.0
405.0,6,pa_6,E5,25.0,5,125.0,5,100.0,0.0,0,0,0,3,595.0,27,10,61.36,115,25.0,0.62,1.0
405.0,6,pa_6_rev,NEG_E5,25.0,5,0.0,0,0.0,0.0,0,0,5,3,595.0,27,10,61.36,115,0.0,0.0,0.0
405.0,6,pa_7,E6,20.0,4,0.0,0,0.0,0.0,0,0,4,2,595.0,27,10,61.36,115,0.0,0.0,0.0
405.0,6,pa_7_rev,NEG_E6,20.0,4,80.0,4,100.0,50.0,1,1,0,1,595.0,27,10,61.36,115,20.0,0.83,1.0
405.0,6,pa_8,E7,25.0,5,25.0,1,20.0,0.0,0,0,4,3,595.0,27,10,61.36,115,25.0,0.12,0.2
405.0,6,pa_8_rev,NEG_E7,25.0,5,125.0,5,100.0,100.0,3,3,0,0,595.0,27,10,61.36,115,25.0,1.0,1.0
406.0,6,pa_2,E0,20.0,4,80.0,4,100.0,100.0,3,3,0,0,595.0,27,10,61.36,116,20.0,1.0,1.0
406.0,6,pa_2_rev,NEG_E0,20.0,4,0.0,0,0.0,0.0,0,0,4,3,595.0,27,10,61.36,116,0.0,0.0,0.0
406.0,6,pa_3,E1,20.0,4,80.0,4,100.0,0.0,0,0,0,3,595.0,27,10,61.36,116,20.0,0.57,1.0
406.0,6,pa_3_rev,NEG_E1,20.0,4,80.0,4,100.0,100.0,3,3,0,0,595.0,27,10,61.36,116,20.0,1.0,1.0
406.0,6,pa_6,E5,25.0,5,125.0,5,100.0,0.0,0,0,0,3,595.0,27,10,61.36,116,25.0,0.62,1.0
406.0,6,pa_6_rev,NEG_E5,25.0,5,0.0,0,0.0,0.0,0,0,5,3,595.0,27,10,61.36,116,0.0,0.0,0.0
406.0,6,pa_7,E6,20.0,4,0.0,0,0.0,0.0,0,0,4,2,595.0,27,10,61.36,116,0.0,0.0,0.0
406.0,6,pa_7_rev,NEG_E6,20.0,4,80.0,4,100.0,50.0,1,1,0,1,595.0,27,10,61.36,116,20.0,0.83,1.0
406.0,6,pa_8,E7,25.0,5,25.0,1,20.0,0.0,0,0,4,3,595.0,27,10,61.36,116,25.0,0.12,0.2
406.0,6,pa_8_rev,NEG_E7,25.0,5,125.0,5,100.0,100.0,3,3,0,0,595.0,27,10,61.36,116,25.0,1.0,1.0
407.0,6,pa_2,E0,20.0,4,80.0,4,100.0,100.0,3,3,0,0,595.0,27,10,61.36,116,20.0,1.0,1.0
407.0,6,pa_2_rev,NEG_E0,20.0,4,0.0,0,0.0,0.0,0,0,4,3,595.0,27,10,61.36,116,0.0,0.0,0.0
407.0,6,pa_3,E1,20.0,4,80.0,4,100.0,0.0,0,0,0,3,595.0,27,10,61.36,116,20.0,0.57,1.0
407.0,6,pa_3_rev,NEG_E1,20.0,4,80.0,4,100.0,100.0,3,3,0,0,595.0,27,10,61.36,116,20.0,1.0,1.0
407.0,6,pa_6,E5,25.0,5,125.0,5,100.0,0.0,0,0,0,3,595.0,27,10,61.36,116,25.0,0.62,1.0
407.0,6,pa_6_rev,NEG_E5,25.0,5,0.0,0,0.0,0.0,0,0,5,3,595.0,27,10,61.36,116,0.0,0.0,0.0
407.0,6,pa_7,E6,20.0,4,0.0,0,0.0,0.0,0,0,4,2,595.0,27,10,61.36,116,0.0,0.0,0.0
407.0,6,pa_7_rev,NEG_E6,20.0,4,80.0,4,100.0,50.0,1,1,0,1,595.0,27,10,61.36,116,20.0,0.83,1.0
407.0,6,pa_8,E7,25.0,5,25.0,1,20.0,0.0,0,0,4,3,595.0,27,10,61.36,116,25.0,0.12,0.2
407.0,6,pa_8_rev,NEG_E7,25.0,5,125.0,5,100.0,100.0,3,3,0,0,595.0,27,10,61.36,116,25.0,1.0,1.0
408.0,6,pa_2,E0,20.0,4,80.0,4,100.0,100.0,3,3,0,0,595.0,27,10,61.36,116,20.0,1.0,1.0
408.0,6,pa_2_rev,NEG_E0,20.0,4,0.0,0,0.0,0.0,0,0,4,3,595.0,27,10,61.36,116,0.0,0.0,0.0
408.0,6,pa_3,E1,20.0,4,80.0,4,100.0,0.0,0,0,0,3,595.0,27,10,61.36,116,20.0,0.57,1.0
408.0,6,pa_3_rev,NEG_E1,20.0,4,80.0,4,100.0,100.0,3,3,0,0,595.0,27,10,61.36,116,20.0,1.0,1.0
408.0,6,pa_6,E5,25.0,5,125.0,5,100.0,0.0,0,0,0,3,595.0,27,10,61.36,116,25.0,0.62,1.0
408.0,6,pa_6_rev,NEG_E5,25.0,5,0.0,0,0.0,0.0,0,0,5,3,595.0,27,10,61.36,116,0.0,0.0,0.0
408.0,6,pa_7,E6,20.0,4,0.0,0,0.0,0.0,0,0,4,2,595.0,27,10,61.36,116,0.0,0.0,0.0
408.0,6,pa_7_rev,NEG_E6,20.0,4,80.0,4,100.0,50.0,1,1,0,1,595.0,27,10,61.36,116,20.0,0.83,1.0
408.0,6,pa_8,E7,25.0,5,25.0,1,20.0,0.0,0,0,4,3,595.0,27,10,61.36,116,25.0,0.12,0.2
408.0,6,pa_8_rev,NEG_E7,25.0,5,125.0,5,100.0,100.0,3,3,0,0,595.0,27,10,61.36,116,25.0,1.0,1.0
409.0,6,pa_2,E0,20.0,4,80.0,4,100.0,100.0,3,3,0,0,595.0,27,10,61.36,116,20.0,1.0,1.0
409.0,6,pa_2_rev,NEG_E0,20.0,4,0.0,0,0.0,0.0,0,0,4,3,595.0,27,10,61.36,116,0.0,0.0,0.0
409.0,6,pa_3,E1,20.0,4,80.0,4,100.0,0.0,0,0,0,3,595.0,27,10,61.36,116,20.0,0.57,1.0
409.0,6,pa_3_rev,NEG_E1,20.0,4,80.0,4,100.0,100.0,3,3,0,0,595.0,27,10,61.36,116,20.0,1.0,1.0
409.0,6,pa_6,E5,25.0,5,125.0,5,100.0,0.0,0,0,0,3,595.0,27,10,61.36,116,25.0,0.62,1.0
409.0,6,pa_6_rev,NEG_E5,25.0,5,0.0,0,0.0,0.0,0,0,5,3,595.0,27,10,61.36,116,0.0,0.0,0.0
409.0,6,pa_7,E6,20.0,4,0.0,0,0.0,0.0,0,0,4,2,595.0,27,10,61.36,116,0.0,0.0,0.0
409.0,6,pa_7_rev,NEG_E6,20.0,4,80.0,4,100.0,50.0,1,1,0,1,595.0,27,10,61.36,116,20.0,0.83,1.0
409.0,6,pa_8,E7,25.0,5,25.0,1,20.0,0.0,0,0,4,3,595.0,27,10,61.36,116,25.0,0.12,0.2
409.0,6,pa_8_rev,NEG_E7,25.0,5,125.0,5,100.0,100.0,3,3,0,0,595.0,27,10,61.36,116,25.0,1.0,1.0
410.0,6,pa_2,E0,20.0,4,80.0,4,100.0,100.0,3,3,0,0,595.0,27,10,61.36,116,20.0,1.0,1.0
410.0,6,pa_2_rev,NEG_E0,20.0,4,0.0,0,0.0,0.0,0,0,4,3,595.0,27,10,61.36,116,0.0,0.0,0.0
410.0,6,pa_3,E1,20.0,4,80.0,4,100.0,0.0,0,0,0,3,595.0,27,10,61.36,116,20.0,0.57,1.0
410.0,6,pa_3_rev,NEG_E1,20.0,4,80.0,4,100.0,100.0,3,3,0,0,595.0,27,10,61.36,116,20.0,1.0,1.0
410.0,6,pa_6,E5,25.0,5,125.0,5,100.0,0.0,0,0,0,3,595.0,27,10,61.36,116,25.0,0.62,1.0
410.0,6,pa_6_rev,NEG_E5,25.0,5,0.0,0,0.0,0.0,0,0,5,3,595.0,27,10,61.36,116,0.0,0.0,0.0
410.0,6,pa_7,E6,20.0,4,0.0,0,0.0,0.0,0,0,4,2,595.0,27,10,61.36,116,0.0,0.0,0.0
410.0,6,pa_7_rev,NEG_E6,20.0,4,80.0,4,100.0,50.0,1,1,0,1,595.0,27,10,61.36,116,20.0,0.83,1.0
410.0,6,pa_8,E7,25.0,5,25.0,1,20.0,0.0,0,0,4,3,595.0,27,10,61.36,116,25.0,0.12,0.2
410.0,6,pa_8_rev,NEG_E7,25.0,5,125.0,5,100.0,100.0,3,3,0,0,595.0,27,10,61.36,116,25.0,1.0,1.0
411.0,6,pa_2,E0,20.0,4,80.0,4,100.0,100.0,3,3,0,0,595.0,27,10,61.36,115,20.0,1.0,1.0
411.0,6,pa_2_rev,NEG_E0,20.0,4,0.0,0,0.0,0.0,0,0,4,3,595.0,27,10,61.36,115,0.0,0.0,0.0
411.0,6,pa_3,E1,20.0,4,80.0,4,100.0,0.0,0,0,0,3,595.0,27,10,61.36,115,20.0,0.57,1.0
411.0,6,pa_3_rev,NEG_E1,20.0,4,80.0,4,100.0,100.0,3,3,0,0,595.0,27,10,61.36,115,20.0,1.0,1.0
411.0,6,pa_6,E5,25.0,5,125.0,5,100.0,0.0,0,0,0,3,595.0,27,10,61.36,115,25.0,0.62,1.0
411.0,6,pa_6_rev,NEG_E5,25.0,5,0.0,0,0.0,0.0,0,0,5,3,595.0,27,10,61.36,115,0.0,0.0,0.0
411.0,6,pa_7,E6,20.0,4,0.0,0,0.0,0.0,0,0,4,2,595.0,27,10,61.36,115,0.0,0.0,0.0
411.0,6,pa_7_rev,NEG_E6,20.0,4,80.0,4,100.0,50.0,1,1,0,1,595.0,27,10,61.36,115,20.0,0.83,1.0
411.0,6,pa_8,E7,25.0,5,25.0,1,20.0,0.0,0,0,4,3,595.0,27,10,61.36,115,25.0,0.12,0.2
411.0,6,pa_8_rev,NEG_E7,25.0,5,125.0,5,100.0,100.0,3,3,0,0,595.0,27,10,61.36,115,25.0,1.0,1.0
412.0,6,pa_2,E0,20.0,4,80.0,4,100.0,100.0,3,3,0,0,595.0,27,10,61.36,120,20.0,1.0,1.0
412.0,6,pa_2_rev,NEG_E0,20.0,4,0.0,0,0.0,0.0,0,0,4,3,595.0,27,10,61.36,120,0.0,0.0,0.0
412.0,6,pa_3,E1,20.0,4,80.0,4,100.0,0.0,0,0,0,3,595.0,27,10,61.36,120,20.0,0.57,1.0
412.0,6,pa_3_rev,NEG_E1,20.0,4,80.0,4,100.0,100.0,3,3,0,0,595.0,27,10,61.36,120,20.0,1.0,1.0
412.0,6,pa_6,E5,25.0,5,125.0,5,100.0,0.0,0,0,0,3,595.0,27,10,61.36,120,25.0,0.62,1.0
412.0,6,pa_6_rev,NEG_E5,25.0,5,0.0,0,0.0,0.0,0,0,5,3,595.0,27,10,61.36,120,0.0,0.0,0.0
412.0,6,pa_7,E6,20.0,4,0.0,0,0.0,0.0,0,0,4,2,595.0,27,10,61.36,120,0.0,0.0,0.0
412.0,6,pa_7_rev,NEG_E6,20.0,4,80.0,4,100.0,50.0,1,1,0,1,595.0,27,10,61.36,120,20.0,0.83,1.0
412.0,6,pa_8,E7,25.0,5,25.0,1,20.0,0.0,0,0,4,3,595.0,27,10,61.36,120,25.0,0.12,0.2
412.0,6,pa_8_rev,NEG_E7,25.0,5,125.0,5,100.0,100.0,3,3,0,0,595.0,27,10,61.36,120,25.0,1.0,1.0
413.0,6,pa_2,E0,20.0,4,80.0,4,100.0,100.0,3,3,0,0,620.0,28,10,63.64,120,20.0,1.0,1.0
413.0,6,pa_2_rev,NEG_E0,20.0,4,0.0,0,0.0,0.0,0,0,4,3,620.0,28,10,63.64,120,0.0,0.0,0.0
413.0,6,pa_3,E1,20.0,4,80.0,4,100.0,0.0,0,0,0,3,620.0,28,10,63.64,120,20.0,0.57,1.0
413.0,6,pa_3_rev,NEG_E1,20.0,4,80.0,4,100.0,100.0,3,3,0,0,620.0,28,10,63.64,120,20.0,1.0,1.0
413.0,6,pa_6,E5,25.0,5,125.0,5,100.0,0.0,0,0,0,3,620.0,28,10,63.64,120,25.0,0.62,1.0
413.0,6,pa_6_rev,NEG_E5,25.0,5,25.0,1,20.0,0.0,0,0,4,3,620.0,28,10,63.64,120,25.0,0.12,0.2
413.0,6,pa_7,E6,20.0,4,0.0,0,0.0,0.0,0,0,4,2,620.0,28,10,63.64,120,0.0,0.0,0.0
413.0,6,pa_7_rev,NEG_E6,20.0,4,80.0,4,100.0,50.0,1,1,0,1,620.0,28,10,63.64,120,20.0,0.83,1.0
413.0,6,pa_8,E7,25.0,5,25.0,1,20.0,0.0,0,0,4,3,620.0,28,10,63.64,120,25.0,0.12,0.2
413.0,6,pa_8_rev,NEG_E7,25.0,5,125.0,5,100.0,100.0,3,3,0,0,620.0,28,10,63.64,120,25.0,1.0,1.0
414.0,6,pa_2,E0,20.0,4,80.0,4,100.0,100.0,3,3,0,0,620.0,28,10,63.64,120,20.0,1.0,1.0
414.0,6,pa_2_rev,NEG_E0,20.0,4,0.0,0,0.0,0.0,0,0,4,3,620.0,28,10,63.64,120,0.0,0.0,0.0
414.0,6,pa_3,E1,20.0,4,80.0,4,100.0,0.0,0,0,0,3,620.0,28,10,63.64,120,20.0,0.57,1.0
414.0,6,pa_3_rev,NEG_E1,20.0,4,80.0,4,100.0,100.0,3,3,0,0,620.0,28,10,63.64,120,20.0,1.0,1.0
414.0,6,pa_6,E5,25.0,5,125.0,5,100.0,0.0,0,0,0,3,620.0,28,10,63.64,120,25.0,0.62,1.0
414.0,6,pa_6_rev,NEG_E5,25.0,5,25.0,1,20.0,0.0,0,0,4,3,620.0,28,10,63.64,120,25.0,0.12,0.2
414.0,6,pa_7,E6,20.0,4,0.0,0,0.0,0.0,0,0,4,2,620.0,28,10,63.64,120,0.0,0.0,0.0
414.0,6,pa_7_rev,NEG_E6,20.0,4,80.0,4,100.0,50.0,1,1,0,1,620.0,28,10,63.64,120,20.0,0.83,1.0
414.0,6,pa_8,E7,25.0,5,25.0,1,20.0,0.0,0,0,4,3,620.0,28,10,63.64,120,25.0,0.12,0.2
414.0,6,pa_8_rev,NEG_E7,25.0,5,125.0,5,100.0,100.0,3,3,0,0,620.0,28,10,63.64,120,25.0,1.0,1.0
415.0,6,pa_2,E0,20.0,4,80.0,4,100.0,100.0,3,3,0,0,620.0,28,11,63.64,120,20.0,1.0,1.0
415.0,6,pa_2_rev,NEG_E0,20.0,4,0.0,0,0.0,0.0,0,0,4,3,620.0,28,11,63.64,120,0.0,0.0,0.0
415.0,6,pa_3,E1,20.0,4,80.0,4,100.0,0.0,0,0,0,3,620.0,28,11,63.64,120,20.0,0.57,1.0
415.0,6,pa_3_rev,NEG_E1,20.0,4,80.0,4,100.0,100.0,3,3,0,0,620.0,28,11,63.64,120,20.0,1.0,1.0
415.0,6,pa_6,E5,25.0,5,125.0,5,100.0,0.0,0,0,0,3,620.0,28,11,63.64,120,25.0,0.62,1.0
415.0,6,pa_6_rev,NEG_E5,25.0,5,25.0,1,20.0,0.0,0,0,4,3,620.0,28,11,63.64,120,25.0,0.12,0.2
415.0,6,pa_7,E6,20.0,4,0.0,0,0.0,0.0,0,0,4,2,620.0,28,11,63.64,120,0.0,0.0,0.0
415.0,6,pa_7_rev,NEG_E6,20.0,4,80.0,4,100.0,100.0,2,2,0,0,620.0,28,11,63.64,120,20.0,1.0,1.0
415.0,6,pa_8,E7,25.0,5,25.0,1,20.0,0.0,0,0,4,3,620.0,28,11,63.64,120,25.0,0.12,0.2
415.0,6,pa_8_rev,NEG_E7,25.0,5,125.0,5,100.0,100.0,3,3,0,0,620.0,28,11,63.64,120,25.0,1.0,1.0
416.0,6,pa_2,E0,20.0,4,80.0,4,100.0,100.0,3,3,0,0,620.0,28,11,63.64,120,20.0,1.0,1.0
416.0,6,pa_2_rev,NEG_E0,20.0,4,0.0,0,0.0,0.0,0,0,4,3,620.0,28,11,63.64,120,0.0,0.0,0.0
416.0,6,pa_3,E1,20.0,4,80.0,4,100.0,0.0,0,0,0,3,620.0,28,11,63.64,120,20.0,0.57,1.0
416.0,6,pa_3_rev,NEG_E1,20.0,4,80.0,4,100.0,100.0,3,3,0,0,620.0,28,11,63.64,120,20.0,1.0,1.0
416.0,6,pa_6,E5,25.0,5,125.0,5,100.0,0.0,0,0,0,3,620.0,28,11,63.64,120,25.0,0.62,1.0
416.0,6,pa_6_rev,NEG_E5,25.0,5,25.0,1,20.0,0.0,0,0,4,3,620.0,28,11,63.64,120,25.0,0.12,0.2
416.0,6,pa_7,E6,20.0,4,0.0,0,0.0,0.0,0,0,4,2,620.0,28,11,63.64,120,0.0,0.0,0.0
416.0,6,pa_7_rev,NEG_E6,20.0,4,80.0,4,100.0,100.0,2,2,0,0,620.0,28,11,63.64,120,20.0,1.0,1.0
416.0,6,pa_8,E7,25.0,5,25.0,1,20.0,0.0,0,0,4,3,620.0,28,11,63.64,120,25.0,0.12,0.2
416.0,6,pa_8_rev,NEG_E7,25.0,5,125.0,5,100.0,100.0,3,3,0,0,620.0,28,11,63.64,120,25.0,1.0,1.0
417.0,6,pa_2,E0,20.0,4,80.0,4,100.0,100.0,3,3,0,0,620.0,28,11,63.64,120,20.0,1.0,1.0
417.0,6,pa_2_rev,NEG_E0,20.0,4,0.0,0,0.0,0.0,0,0,4,3,620.0,28,11,63.64,120,0.0,0.0,0.0
417.0,6,pa_3,E1,20.0,4,80.0,4,100.0,0.0,0,0,0,3,620.0,28,11,63.64,120,20.0,0.57,1.0
417.0,6,pa_3_rev,NEG_E1,20.0,4,80.0,4,100.0,100.0,3,3,0,0,620.0,28,11,63.64,120,20.0,1.0,1.0
417.0,6,pa_6,E5,25.0,5,125.0,5,100.0,0.0,0,0,0,3,620.0,28,11,63.64,120,25.0,0.62,1.0
417.0,6,pa_6_rev,NEG_E5,25.0,5,25.0,1,20.0,0.0,0,0,4,3,620.0,28,11,63.64,120,25.0,0.12,0.2
417.0,6,pa_7,E6,20.0,4,0.0,0,0.0,0.0,0,0,4,2,620.0,28,11,63.64,120,0.0,0.0,0.0
417.0,6,pa_7_rev,NEG_E6,20.0,4,80.0,4,100.0,100.0,2,2,0,0,620.0,28,11,63.64,120,20.0,1.0,1.0
417.0,6,pa_8,E7,25.0,5,25.0,1,20.0,0.0,0,0,4,3,620.0,28,11,63.64,120,25.0,0.12,0.2
417.0,6,pa_8_rev,NEG_E7,25.0,5,125.0,5,100.0,100.0,3,3,0,0,620.0,28,11,63.64,120,25.0,1.0,1.0
418.0,6,pa_2,E0,20.0,4,80.0,4,100.0,100.0,3,3,0,0,620.0,28,11,63.64,120,20.0,1.0,1.0
418.0,6,pa_2_rev,NEG_E0,20.0,4,0.0,0,0.0,0.0,0,0,4,3,620.0,28,11,63.64,120,0.0,0.0,0.0
418.0,6,pa_3,E1,20.0,4,80.0,4,100.0,0.0,0,0,0,3,620.0,28,11,63.64,120,20.0,0.57,1.0
418.0,6,pa_3_rev,NEG_E1,20.0,4,80.0,4,100.0,100.0,3,3,0,0,620.0,28,11,63.64,120,20.0,1.0,1.0
418.0,6,pa_6,E5,25.0,5,125.0,5,100.0,0.0,0,0,0,3,620.0,28,11,63.64,120,25.0,0.62,1.0
418.0,6,pa_6_rev,NEG_E5,25.0,5,25.0,1,20.0,0.0,0,0,4,3,620.0,28,11,63.64,120,25.0,0.12,0.2
418.0,6,pa_7,E6,20.0,4,0.0,0,0.0,0.0,0,0,4,2,620.0,28,11,63.64,120,0.0,0.0,0.0
418.0,6,pa_7_rev,NEG_E6,20.0,4,80.0,4,100.0,100.0,2,2,0,0,620.0,28,11,63.64,120,20.0,1.0,1.0
418.0,6,pa_8,E7,25.0,5,25.0,1,20.0,0.0,0,0,4,3,620.0,28,11,63.64,120,25.0,0.12,0.2
418.0,6,pa_8_rev,NEG_E7,25.0,5,125.0,5,100.0,100.0,3,3,0,0,620.0,28,11,63.64,120,25.0,1.0,1.0
419.0,6,pa_2,E0,20.0,4,80.0,4,100.0,100.0,3,3,0,0,620.0,28,11,63.64,120,20.0,1.0,1.0
419.0,6,pa_2_rev,NEG_E0,20.0,4,0.0,0,0.0,0.0,0,0,4,3,620.0,28,11,63.64,120,0.0,0.0,0.0
419.0,6,pa_3,E1,20.0,4,80.0,4,100.0,0.0,0,0,0,3,620.0,28,11,63.64,120,20.0,0.57,1.0
419.0,6,pa_3_rev,NEG_E1,20.0,4,80.0,4,100.0,100.0,3,3,0,0,620.0,28,11,63.64,120,20.0,1.0,1.0
419.0,6,pa_6,E5,25.0,5,125.0,5,100.0,0.0,0,0,0,3,620.0,28,11,63.64,120,25.0,0.62,1.0
419.0,6,pa_6_rev,NEG_E5,25.0,5,25.0,1,20.0,0.0,0,0,4,3,620.0,28,11,63.64,120,25.0,0.12,0.2
419.0,6,pa_7,E6,20.0,4,0.0,0,0.0,0.0,0,0,4,2,620.0,28,11,63.64,120,0.0,0.0,0.0
419.0,6,pa_7_rev,NEG_E6,20.0,4,80.0,4,100.0,100.0,2,2,0,0,620.0,28,11,63.64,120,20.0,1.0,1.0
419.0,6,pa_8,E7,25.0,5,25.0,1,20.0,0.0,0,0,4,3,620.0,28,11,63.64,120,25.0,0.12,0.2
419.0,6,pa_8_rev,NEG_E7,25.0,5,125.0,5,100.0,100.0,3,3,0,0,620.0,28,11,63.64,120,25.0,1.0,1.0
420.0,7,pa_2,E0,20.0,4,80.0,4,100.0,100.0,3,3,0,0,620.0,28,11,63.64,120,20.0,1.0,1.0
420.0,7,pa_2_rev,NEG_E0,20.0,4,0.0,0,0.0,0.0,0,0,4,3,620.0,28,11,63.64,120,0.0,0.0,0.0
420.0,7,pa_3,E1,20.0,4,80.0,4,100.0,0.0,0,0,0,3,620.0,28,11,63.64,120,20.0,0.57,1.0
420.0,7,pa_3_rev,NEG_E1,20.0,4,80.0,4,100.0,100.0,3,3,0,0,620.0,28,11,63.64,120,20.0,1.0,1.0
420.0,7,pa_6,E5,25.0,5,125.0,5,100.0,0.0,0,0,0,3,620.0,28,11,63.64,120,25.0,0.62,1.0
420.0,7,pa_6_rev,NEG_E5,25.0,5,25.0,1,20.0,0.0,0,0,4,3,620.0,28,11,63.64,120,25.0,0.12,0.2
420.0,7,pa_7,E6,20.0,4,0.0,0,0.0,0.0,0,0,4,2,620.0,28,11,63.64,120,0.0,0.0,0.0
420.0,7,pa_7_rev,NEG_E6,20.0,4,80.0,4,100.0,100.0,2,2,0,0,620.0,28,11,63.64,120,20.0,1.0,1.0
420.0,7,pa_8,E7,25.0,5,25.0,1,20.0,0.0,0,0,4,3,620.0,28,11,63.64,120,25.0,0.12,0.2
420.0,7,pa_8_rev,NEG_E7,25.0,5,125.0,5,100.0,100.0,3,3,0,0,620.0,28,11,63.64,120,25.0,1.0,1.0
421.0,7,pa_2,E0,20.0,4,80.0,4,100.0,100.0,3,3,0,0,620.0,28,11,63.64,122,20.0,1.0,1.0
421.0,7,pa_2_rev,NEG_E0,20.0,4,0.0,0,0.0,0.0,0,0,4,3,620.0,28,11,63.64,122,0.0,0.0,0.0
421.0,7,pa_3,E1,20.0,4,80.0,4,100.0,0.0,0,0,0,3,620.0,28,11,63.64,122,20.0,0.57,1.0
421.0,7,pa_3_rev,NEG_E1,20.0,4,80.0,4,100.0,100.0,3,3,0,0,620.0,28,11,63.64,122,20.0,1.0,1.0
421.0,7,pa_6,E5,25.0,5,125.0,5,100.0,0.0,0,0,0,3,620.0,28,11,63.64,122,25.0,0.62,1.0
421.0,7,pa_6_rev,NEG_E5,25.0,5,25.0,1,20.0,0.0,0,0,4,3,620.0,28,11,63.64,122,25.0,0.12,0.2
421.0,7,pa_7,E6,20.0,4,0.0,0,0.0,0.0,0,0,4,2,620.0,28,11,63.64,122,0.0,0.0,0.0
421.0,7,pa_7_rev,NEG_E6,20.0,4,80.0,4,100.0,100.0,2,2,0,0,620.0,28,11,63.64,122,20.0,1.0,1.0
421.0,7,pa_8,E7,25.0,5,25.0,1,20.0,0.0,0,0,4,3,620.0,28,11,63.64,122,25.0,0.12,0.2
421.0,7,pa_8_rev,NEG_E7,25.0,5,125.0,5,100.0,100.0,3,3,0,0,620.0,28,11,63.64,122,25.0,1.0,1.0
422.0,7,pa_2,E0,20.0,4,80.0,4,100.0,100.0,3,3,0,0,620.0,28,11,63.64,122,20.0,1.0,1.0
422.0,7,pa_2_rev,NEG_E0,20.0,4,0.0,0,0.0,0.0,0,0,4,3,620.0,28,11,63.64,122,0.0,0.0,0.0
422.0,7,pa_3,E1,20.0,4,80.0,4,100.0,0.0,0,0,0,3,620.0,28,11,63.64,122,20.0,0.57,1.0
422.0,7,pa_3_rev,NEG_E1,20.0,4,80.0,4,100.0,100.0,3,3,0,0,620.0,28,11,63.64,122,20.0,1.0,1.0
422.0,7,pa_6,E5,25.0,5,125.0,5,100.0,0.0,0,0,0,3,620.0,28,11,63.64,122,25.0,0.62,1.0
422.0,7,pa_6_rev,NEG_E5,25.0,5,25.0,1,20.0,0.0,0,0,4,3,620.0,28,11,63.64,122,25.0,0.12,0.2
422.0,7,pa_7,E6,20.0,4,0.0,0,0.0,0.0,0,0,4,2,620.0,28,11,63.64,122,0.0,0.0,0.0
422.0,7,pa_7_rev,NEG_E6,20.0,4,80.0,4,100.0,100.0,2,2,0,0,620.0,28,11,63.64,122,20.0,1.0,1.0
422.0,7,pa_8,E7,25.0,5,25.0,1,20.0,0.0,0,0,4,3,620.0,28,11,63.64,122,25.0,0.12,0.2
422.0,7,pa_8_rev,NEG_E7,25.0,5,125.0,5,100.0,100.0,3,3,0,0,620.0,28,11,63.64,122,25.0,1.0,1.0
423.0,7,pa_2,E0,20.0,4,80.0,4,100.0,100.0,3,3,0,0,620.0,28,11,63.64,122,20.0,1.0,1.0
423.0,7,pa_2_rev,NEG_E0,20.0,4,0.0,0,0.0,0.0,0,0,4,3,620.0,28,11,63.64,122,0.0,0.0,0.0
423.0,7,pa_3,E1,20.0,4,80.0,4,100.0,0.0,0,0,0,3,620.0,28,11,63.64,122,20.0,0.57,1.0
423.0,7,pa_3_rev,NEG_E1,20.0,4,80.0,4,100.0,100.0,3,3,0,0,620.0,28,11,63.64,122,20.0,1.0,1.0
423.0,7,pa_6,E5,25.0,5,125.0,5,100.0,0.0,0,0,0,3,620.0,28,11,63.64,122,25.0,0.62,1.0
423.0,7,pa_6_rev,NEG_E5,25.0,5,25.0,1,20.0,0.0,0,0,4,3,620.0,28,11,63.64,122,25.0,0.12,0.2
423.0,7,pa_7,E6,20.0,4,0.0,0,0.0,0.0,0,0,4,2,620.0,28,11,63.64,122,0.0,0.0,0.0
423.0,7,pa_7_rev,NEG_E6,20.0,4,80.0,4,100.0,100.0,2,2,0,0,620.0,28,11,63.64,122,20.0,1.0,1.0
423.0,7,pa_8,E7,25.0,5,25.0,1,20.0,0.0,0,0,4,3,620.0,28,11,63.64,122,25.0,0.12,0.2
423.0,7,pa_8_rev,NEG_E7,25.0,5,125.0,5,100.0,100.0,3,3,0,0,620.0,28,11,63.64,122,25.0,1.0,1.0
424.0,7,pa_2,E0,20.0,4,80.0,4,100.0,100.0,3,3,0,0,620.0,28,11,63.64,122,20.0,1.0,1.0
424.0,7,pa_2_rev,NEG_E0,20.0,4,0.0,0,0.0,0.0,0,0,4,3,620.0,28,11,63.64,122,0.0,0.0,0.0
424.0,7,pa_3,E1,20.0,4,80.0,4,100.0,0.0,0,0,0,3,620.0,28,11,63.64,122,20.0,0.57,1.0
424.0,7,pa_3_rev,NEG_E1,20.0,4,80.0,4,100.0,100.0,3,3,0,0,620.0,28,11,63.64,122,20.0,1.0,1.0
424.0,7,pa_6,E5,25.0,5,125.0,5,100.0,0.0,0,0,0,3,620.0,28,11,63.64,122,25.0,0.62,1.0
424.0,7,pa_6_rev,NEG_E5,25.0,5,25.0,1,20.0,0.0,0,0,4,3,620.0,28,11,63.64,122,25.0,0.12,0.2
424.0,7,pa_7,E6,20.0,4,0.0,0,0.0,0.0,0,0,4,2,620.0,28,11,63.64,122,0.0,0.0,0.0
424.0,7,pa_7_rev,NEG_E6,20.0,4,80.0,4,100.0,100.0,2,2,0,0,620.0,28,11,63.64,122,20.0,1.0,1.0
424.0,7,pa_8,E7,25.0,5,25.0,1,20.0,0.0,0,0,4,3,620.0,28,11,63.64,122,25.0,0.12,0.2
424.0,7,pa_8_rev,NEG_E7,25.0,5,125.0,5,100.0,100.0,3,3,0,0,620.0,28,11,63.64,122,25.0,1.0,1.0
425.0,7,pa_2,E0,20.0,4,80.0,4,100.0,100.0,3,3,0,0,620.0,28,11,63.64,122,20.0,1.0,1.0
425.0,7,pa_2_rev,NEG_E0,20.0,4,0.0,0,0.0,0.0,0,0,4,3,620.0,28,11,63.64,122,0.0,0.0,0.0
425.0,7,pa_3,E1,20.0,4,80.0,4,100.0,0.0,0,0,0,3,620.0,28,11,63.64,122,20.0,0.57,1.0
425.0,7,pa_3_rev,NEG_E1,20.0,4,80.0,4,100.0,100.0,3,3,0,0,620.0,28,11,63.64,122,20.0,1.0,1.0
425.0,7,pa_6,E5,25.0,5,125.0,5,100.0,0.0,0,0,0,3,620.0,28,11,63.64,122,25.0,0.62,1.0
425.0,7,pa_6_rev,NEG_E5,25.0,5,25.0,1,20.0,0.0,0,0,4,3,620.0,28,11,63.64,122,25.0,0.12,0.2
425.0,7,pa_7,E6,20.0,4,0.0,0,0.0,0.0,0,0,4,2,620.0,28,11,63.64,122,0.0,0.0,0.0
425.0,7,pa_7_rev,NEG_E6,20.0,4,80.0,4,100.0,100.0,2,2,0,0,620.0,28,11,63.64,122,20.0,1.0,1.0
425.0,7,pa_8,E7,25.0,5,25.0,1,20.0,0.0,0,0,4,3,620.0,28,11,63.64,122,25.0,0.12,0.2
425.0,7,pa_8_rev,NEG_E7,25.0,5,125.0,5,100.0,100.0,3,3,0,0,620.0,28,11,63.64,122,25.0,1.0,1.0
426.0,7,pa_2,E0,20.0,4,80.0,4,100.0,100.0,3,3,0,0,620.0,28,11,63.64,122,20.0,1.0,1.0
426.0,7,pa_2_rev,NEG_E0,20.0,4,0.0,0,0.0,0.0,0,0,4,3,620.0,28,11,63.64,122,0.0,0.0,0.0
426.0,7,pa_3,E1,20.0,4,80.0,4,100.0,0.0,0,0,0,3,620.0,28,11,63.64,122,20.0,0.57,1.0
426.0,7,pa_3_rev,NEG_E1,20.0,4,80.0,4,100.0,100.0,3,3,0,0,620.0,28,11,63.64,122,20.0,1.0,1.0
426.0,7,pa_6,E5,25.0,5,125.0,5,100.0,0.0,0,0,0,3,620.0,28,11,63.64,122,25.0,0.62,1.0
426.0,7,pa_6_rev,NEG_E5,25.0,5,25.0,1,20.0,0.0,0,0,4,3,620.0,28,11,63.64,122,25.0,0.12,0.2
426.0,7,pa_7,E6,20.0,4,0.0,0,0.0,0.0,0,0,4,2,620.0,28,11,63.64,122,0.0,0.0,0.0
426.0,7,pa_7_rev,NEG_E6,20.0,4,80.0,4,100.0,100.0,2,2,0,0,620.0,28,11,63.64,122,20.0,1.0,1.0
426.0,7,pa_8,E7,25.0,5,25.0,1,20.0,0.0,0,0,4,3,620.0,28,11,63.64,122,25.0,0.12,0.2
426.0,7,pa_8_rev,NEG_E7,25.0,5,125.0,5,100.0,100.0,3,3,0,0,620.0,28,11,63.64,122,25.0,1.0,1.0
427.0,7,pa_2,E0,20.0,4,80.0,4,100.0,100.0,3,3,0,0,620.0,28,11,63.64,122,20.0,1.0,1.0
427.0,7,pa_2_rev,NEG_E0,20.0,4,0.0,0,0.0,0.0,0,0,4,3,620.0,28,11,63.64,122,0.0,0.0,0.0
427.0,7,pa_3,E1,20.0,4,80.0,4,100.0,0.0,0,0,0,3,620.0,28,11,63.64,122,20.0,0.57,1.0
427.0,7,pa_3_rev,NEG_E1,20.0,4,80.0,4,100.0,100.0,3,3,0,0,620.0,28,11,63.64,122,20.0,1.0,1.0
427.0,7,pa_6,E5,25.0,5,125.0,5,100.0,0.0,0,0,0,3,620.0,28,11,63.64,122,25.0,0.62,1.0
427.0,7,pa_6_rev,NEG_E5,25.0,5,25.0,1,20.0,0.0,0,0,4,3,620.0,28,11,63.64,122,25.0,0.12,0.2
427.0,7,pa_7,E6,20.0,4,0.0,0,0.0,0.0,0,0,4,2,620.0,28,11,63.64,122,0.0,0.0,0.0
427.0,7,pa_7_rev,NEG_E6,20.0,4,80.0,4,100.0,100.0,2,2,0,0,620.0,28,11,63.64,122,20.0,1.0,1.0
427.0,7,pa_8,E7,25.0,5,25.0,1,20.0,0.0,0,0,4,3,620.0,28,11,63.64,122,25.0,0.12,0.2
427.0,7,pa_8_rev,NEG_E7,25.0,5,125.0,5,100.0,100.0,3,3,0,0,620.0,28,11,63.64,122,25.0,1.0,1.0
428.0,7,pa_2,E0,20.0,4,80.0,4,100.0,100.0,3,3,0,0,620.0,28,11,63.64,122,20.0,1.0,1.0
428.0,7,pa_2_rev,NEG_E0,20.0,4,0.0,0,0.0,0.0,0,0,4,3,620.0,28,11,63.64,122,0.0,0.0,0.0
428.0,7,pa_3,E1,20.0,4,80.0,4,100.0,0.0,0,0,0,3,620.0,28,11,63.64,122,20.0,0.57,1.0
428.0,7,pa_3_rev,NEG_E1,20.0,4,80.0,4,100.0,100.0,3,3,0,0,620.0,28,11,63.64,122,20.0,1.0,1.0
428.0,7,pa_6,E5,25.0,5,125.0,5,100.0,0.0,0,0,0,3,620.0,28,11,63.64,122,25.0,0.62,1.0
428.0,7,pa_6_rev,NEG_E5,25.0,5,25.0,1,20.0,0.0,0,0,4,3,620.0,28,11,63.64,122,25.0,0.12,0.2
428.0,7,pa_7,E6,20.0,4,0.0,0,0.0,0.0,0,0,4,2,620.0,28,11,63.64,122,0.0,0.0,0.0
428.0,7,pa_7_rev,NEG_E6,20.0,4,80.0,4,100.0,100.0,2,2,0,0,620.0,28,11,63.64,122,20.0,1.0,1.0
428.0,7,pa_8,E7,25.0,5,25.0,1,20.0,0.0,0,0,4,3,620.0,28,11,63.64,122,25.0,0.12,0.2
428.0,7,pa_8_rev,NEG_E7,25.0,5,125.0,5,100.0,100.0,3,3,0,0,620.0,28,11,63.64,122,25.0,1.0,1.0
429.0,7,pa_2,E0,20.0,4,80.0,4,100.0,100.0,3,3,0,0,620.0,28,12,63.64,122,20.0,1.0,1.0
429.0,7,pa_2_rev,NEG_E0,20.0,4,0.0,0,0.0,0.0,0,0,4,3,620.0,28,12,63.64,122,0.0,0.0,0.0
429.0,7,pa_3,E1,20.0,4,80.0,4,100.0,33.33,1,1,0,2,620.0,28,12,63.64,122,20.0,0.71,1.0
429.0,7,pa_3_rev,NEG_E1,20.0,4,80.0,4,100.0,100.0,3,3,0,0,620.0,28,12,63.64,122,20.0,1.0,1.0
429.0,7,pa_6,E5,25.0,5,125.0,5,100.0,0.0,0,0,0,3,620.0,28,12,63.64,122,25.0,0.62,1.0
429.0,7,pa_6_rev,NEG_E5,25.0,5,25.0,1,20.0,0.0,0,0,4,3,620.0,28,12,63.64,122,25.0,0.12,0.2
429.0,7,pa_7,E6,20.0,4,0.0,0,0.0,0.0,0,0,4,2,620.0,28,12,63.64,122,0.0,0.0,0.0
429.0,7,pa_7_rev,NEG_E6,20.0,4,80.0,4,100.0,100.0,2,2,0,0,620.0,28,12,63.64,122,20.0,1.0,1.0
429.0,7,pa_8,E7,25.0,5,25.0,1,20.0,0.0,0,0,4,3,620.0,28,12,63.64,122,25.0,0.12,0.2
429.0,7,pa_8_rev,NEG_E7,25.0,5,125.0,5,100.0,100.0,3,3,0,0,620.0,28,12,63.64,122,25.0,1.0,1.0
430.0,7,pa_2,E0,20.0,4,80.0,4,100.0,100.0,3,3,0,0,620.0,28,12,63.64,122,20.0,1.0,1.0
430.0,7,pa_2_rev,NEG_E0,20.0,4,0.0,0,0.0,0.0,0,0,4,3,620.0,28,12,63.64,122,0.0,0.0,0.0
430.0,7,pa_3,E1,20.0,4,80.0,4,100.0,33.33,1,1,0,2,620.0,28,12,63.64,122,20.0,0.71,1.0
430.0,7,pa_3_rev,NEG_E1,20.0,4,80.0,4,100.0,100.0,3,3,0,0,620.0,28,12,63.64,122,20.0,1.0,1.0
430.0,7,pa_6,E5,25.0,5,125.0,5,100.0,0.0,0,0,0,3,620.0,28,12,63.64,122,25.0,0.62,1.0
430.0,7,pa_6_rev,NEG_E5,25.0,5,25.0,1,20.0,0.0,0,0,4,3,620.0,28,12,63.64,122,25.0,0.12,0.2
430.0,7,pa_7,E6,20.0,4,0.0,0,0.0,0.0,0,0,4,2,620.0,28,12,63.64,122,0.0,0.0,0.0
430.0,7,pa_7_rev,NEG_E6,20.0,4,80.0,4,100.0,100.0,2,2,0,0,620.0,28,12,63.64,122,20.0,1.0,1.0
430.0,7,pa_8,E7,25.0,5,25.0,1,20.0,0.0,0,0,4,3,620.0,28,12,63.64,122,25.0,0.12,0.2
430.0,7,pa_8_rev,NEG_E7,25.0,5,125.0,5,100.0,100.0,3,3,0,0,620.0,28,12,63.64,122,25.0,1.0,1.0
431.0,7,pa_2,E0,20.0,4,80.0,4,100.0,100.0,3,3,0,0,620.0,28,12,63.64,122,20.0,1.0,1.0
431.0,7,pa_2_rev,NEG_E0,20.0,4,0.0,0,0.0,0.0,0,0,4,3,620.0,28,12,63.64,122,0.0,0.0,0.0
431.0,7,pa_3,E1,20.0,4,80.0,4,100.0,33.33,1,1,0,2,620.0,28,12,63.64,122,20.0,0.71,1.0
431.0,7,pa_3_rev,NEG_E1,20.0,4,80.0,4,100.0,100.0,3,3,0,0,620.0,28,12,63.64,122,20.0,1.0,1.0
431.0,7,pa_6,E5,25.0,5,125.0,5,100.0,0.0,0,0,0,3,620.0,28,12,63.64,122,25.0,0.62,1.0
431.0,7,pa_6_rev,NEG_E5,25.0,5,25.0,1,20.0,0.0,0,0,4,3,620.0,28,12,63.64,122,25.0,0.12,0.2
431.0,7,pa_7,E6,20.0,4,0.0,0,0.0,0.0,0,0,4,2,620.0,28,12,63.64,122,0.0,0.0,0.0
431.0,7,pa_7_rev,NEG_E6,20.0,4,80.0,4,100.0,100.0,2,2,0,0,620.0,28,12,63.64,122,20.0,1.0,1.0
431.0,7,pa_8,E7,25.0,5,25.0,1,20.0,0.0,0,0,4,3,620.0,28,12,63.64,122,25.0,0.12,0.2
431.0,7,pa_8_rev,NEG_E7,25.0,5,125.0,5,100.0,100.0,3,3,0,0,620.0,28,12,63.64,122,25.0,1.0,1.0
432.0,7,pa_2,E0,20.0,4,80.0,4,100.0,100.0,3,3,0,0,620.0,28,12,63.64,122,20.0,1.0,1.0
432.0,7,pa_2_rev,NEG_E0,20.0,4,0.0,0,0.0,0.0,0,0,4,3,620.0,28,12,63.64,122,0.0,0.0,0.0
432.0,7,pa_3,E1,20.0,4,80.0,4,100.0,33.33,1,1,0,2,620.0,28,12,63.64,122,20.0,0.71,1.0
432.0,7,pa_3_rev,NEG_E1,20.0,4,80.0,4,100.0,100.0,3,3,0,0,620.0,28,12,63.64,122,20.0,1.0,1.0
432.0,7,pa_6,E5,25.0,5,125.0,5,100.0,0.0,0,0,0,3,620.0,28,12,63.64,122,25.0,0.62,1.0
432.0,7,pa_6_rev,NEG_E5,25.0,5,25.0,1,20.0,0.0,0,0,4,3,620.0,28,12,63.64,122,25.0,0.12,0.2
432.0,7,pa_7,E6,20.0,4,0.0,0,0.0,0.0,0,0,4,2,620.0,28,12,63.64,122,0.0,0.0,0.0
432.0,7,pa_7_rev,NEG_E6,20.0,4,80.0,4,100.0,100.0,2,2,0,0,620.0,28,12,63.64,122,20.0,1.0,1.0
432.0,7,pa_8,E7,25.0,5,25.0,1,20.0,0.0,0,0,4,3,620.0,28,12,63.64,122,25.0,0.12,0.2
432.0,7,pa_8_rev,NEG_E7,25.0,5,125.0,5,100.0,100.0,3,3,0,0,620.0,28,12,63.64,122,25.0,1.0,1.0
433.0,7,pa_2,E0,20.0,4,80.0,4,100.0,100.0,3,3,0,0,620.0,28,12,63.64,127,20.0,1.0,1.0
433.0,7,pa_2_rev,NEG_E0,20.0,4,0.0,0,0.0,0.0,0,0,4,3,620.0,28,12,63.64,127,0.0,0.0,0.0
433.0,7,pa_3,E1,20.0,4,80.0,4,100.0,33.33,1,1,0,2,620.0,28,12,63.64,127,20.0,0.71,1.0
433.0,7,pa_3_rev,NEG_E1,20.0,4,80.0,4,100.0,100.0,3,3,0,0,620.0,28,12,63.64,127,20.0,1.0,1.0
433.0,7,pa_6,E5,25.0,5,125.0,5,100.0,0.0,0,0,0,3,620.0,28,12,63.64,127,25.0,0.62,1.0
433.0,7,pa_6_rev,NEG_E5,25.0,5,25.0,1,20.0,0.0,0,0,4,3,620.0,28,12,63.64,127,25.0,0.12,0.2
433.0,7,pa_7,E6,20.0,4,0.0,0,0.0,0.0,0,0,4,2,620.0,28,12,63.64,127,0.0,0.0,0.0
433.0,7,pa_7_rev,NEG_E6,20.0,4,80.0,4,100.0,100.0,2,2,0,0,620.0,28,12,63.64,127,20.0,1.0,1.0
433.0,7,pa_8,E7,25.0,5,25.0,1,20.0,0.0,0,0,4,3,620.0,28,12,63.64,127,25.0,0.12,0.2
433.0,7,pa_8_rev,NEG_E7,25.0,5,125.0,5,100.0,100.0,3,3,0,0,620.0,28,12,63.64,127,25.0,1.0,1.0
434.0,7,pa_2,E0,20.0,4,80.0,4,100.0,100.0,3,3,0,0,620.0,28,13,63.64,127,20.0,1.0,1.0
434.0,7,pa_2_rev,NEG_E0,20.0,4,0.0,0,0.0,0.0,0,0,4,3,620.0,28,13,63.64,127,0.0,0.0,0.0
434.0,7,pa_3,E1,20.0,4,80.0,4,100.0,66.67,2,2,0,1,620.0,28,13,63.64,127,20.0,0.86,1.0
434.0,7,pa_3_rev,NEG_E1,20.0,4,80.0,4,100.0,100.0,3,3,0,0,620.0,28,13,63.64,127,20.0,1.0,1.0
434.0,7,pa_6,E5,25.0,5,125.0,5,100.0,0.0,0,0,0,3,620.0,28,13,63.64,127,25.0,0.62,1.0
434.0,7,pa_6_rev,NEG_E5,25.0,5,25.0,1,20.0,0.0,0,0,4,3,620.0,28,13,63.64,127,25.0,0.12,0.2
434.0,7,pa_7,E6,20.0,4,0.0,0,0.0,0.0,0,0,4,2,620.0,28,13,63.64,127,0.0,0.0,0.0
434.0,7,pa_7_rev,NEG_E6,20.0,4,80.0,4,100.0,100.0,2,2,0,0,620.0,28,13,63.64,127,20.0,1.0,1.0
434.0,7,pa_8,E7,25.0,5,25.0,1,20.0,0.0,0,0,4,3,620.0,28,13,63.64,127,25.0,0.12,0.2
434.0,7,pa_8_rev,NEG_E7,25.0,5,125.0,5,100.0,100.0,3,3,0,0,620.0,28,13,63.64,127,25.0,1.0,1.0
435.0,7,pa_2,E0,20.0,4,80.0,4,100.0,100.0,3,3,0,0,620.0,28,13,63.64,127,20.0,1.0,1.0
435.0,7,pa_2_rev,NEG_E0,20.0,4,0.0,0,0.0,0.0,0,0,4,3,620.0,28,13,63.64,127,0.0,0.0,0.0
435.0,7,pa_3,E1,20.0,4,80.0,4,100.0,66.67,2,2,0,1,620.0,28,13,63.64,127,20.0,0.86,1.0
435.0,7,pa_3_rev,NEG_E1,20.0,4,80.0,4,100.0,100.0,3,3,0,0,620.0,28,13,63.64,127,20.0,1.0,1.0
435.0,7,pa_6,E5,25.0,5,125.0,5,100.0,0.0,0,0,0,3,620.0,28,13,63.64,127,25.0,0.62,1.0
435.0,7,pa_6_rev,NEG_E5,25.0,5,25.0,1,20.0,0.0,0,0,4,3,620.0,28,13,63.64,127,25.0,0.12,0.2
435.0,7,pa_7,E6,20.0,4,0.0,0,0.0,0.0,0,0,4,2,620.0,28,13,63.64,127,0.0,0.0,0.0
435.0,7,pa_7_rev,NEG_E6,20.0,4,80.0,4,100.0,100.0,2,2,0,0,620.0,28,13,63.64,127,20.0,1.0,1.0
435.0,7,pa_8,E7,25.0,5,25.0,1,20.0,0.0,0,0,4,3,620.0,28,13,63.64,127,25.0,0.12,0.2
435.0,7,pa_8_rev,NEG_E7,25.0,5,125.0,5,100.0,100.0,3,3,0,0,620.0,28,13,63.64,127,25.0,1.0,1.0
436.0,7,pa_2,E0,20.0,4,80.0,4,100.0,100.0,3,3,0,0,620.0,28,13,63.64,127,20.0,1.0,1.0
436.0,7,pa_2_rev,NEG_E0,20.0,4,0.0,0,0.0,0.0,0,0,4,3,620.0,28,13,63.64,127,0.0,0.0,0.0
436.0,7,pa_3,E1,20.0,4,80.0,4,100.0,66.67,2,2,0,1,620.0,28,13,63.64,127,20.0,0.86,1.0
436.0,7,pa_3_rev,NEG_E1,20.0,4,80.0,4,100.0,100.0,3,3,0,0,620.0,28,13,63.64,127,20.0,1.0,1.0
436.0,7,pa_6,E5,25.0,5,125.0,5,100.0,0.0,0,0,0,3,620.0,28,13,63.64,127,25.0,0.62,1.0
436.0,7,pa_6_rev,NEG_E5,25.0,5,25.0,1,20.0,0.0,0,0,4,3,620.0,28,13,63.64,127,25.0,0.12,0.2
436.0,7,pa_7,E6,20.0,4,0.0,0,0.0,0.0,0,0,4,2,620.0,28,13,63.64,127,0.0,0.0,0.0
436.0,7,pa_7_rev,NEG_E6,20.0,4,80.0,4,100.0,100.0,2,2,0,0,620.0,28,13,63.64,127,20.0,1.0,1.0
436.0,7,pa_8,E7,25.0,5,25.0,1,20.0,0.0,0,0,4,3,620.0,28,13,63.64,127,25.0,0.12,0.2
436.0,7,pa_8_rev,NEG_E7,25.0,5,125.0,5,100.0,100.0,3,3,0,0,620.0,28,13,63.64,127,25.0,1.0,1.0
437.0,7,pa_2,E0,20.0,4,80.0,4,100.0,100.0,3,3,0,0,620.0,28,14,63.64,127,20.0,1.0,1.0
437.0,7,pa_2_rev,NEG_E0,20.0,4,0.0,0,0.0,0.0,0,0,4,3,620.0,28,14,63.64,127,0.0,0.0,0.0
437.0,7,pa_3,E1,20.0,4,80.0,4,100.0,100.0,3,3,0,0,620.0,28,14,63.64,127,20.0,1.0,1.0
437.0,7,pa_3_rev,NEG_E1,20.0,4,80.0,4,100.0,100.0,3,3,0,0,620.0,28,14,63.64,127,20.0,1.0,1.0
437.0,7,pa_6,E5,25.0,5,125.0,5,100.0,0.0,0,0,0,3,620.0,28,14,63.64,127,25.0,0.62,1.0
437.0,7,pa_6_rev,NEG_E5,25.0,5,25.0,1,20.0,0.0,0,0,4,3,620.0,28,14,63.64,127,25.0,0.12,0.2
437.0,7,pa_7,E6,20.0,4,0.0,0,0.0,0.0,0,0,4,2,620.0,28,14,63.64,127,0.0,0.0,0.0
437.0,7,pa_7_rev,NEG_E6,20.0,4,80.0,4,100.0,100.0,2,2,0,0,620.0,28,14,63.64,127,20.0,1.0,1.0
437.0,7,pa_8,E7,25.0,5,25.0,1,20.0,0.0,0,0,4,3,620.0,28,14,63.64,127,25.0,0.12,0.2
437.0,7,pa_8_rev,NEG_E7,25.0,5,125.0,5,100.0,100.0,3,3,0,0,620.0,28,14,63.64,127,25.0,1.0,1.0
438.0,7,pa_2,E0,20.0,4,80.0,4,100.0,100.0,3,3,0,0,620.0,28,14,63.64,127,20.0,1.0,1.0
438.0,7,pa_2_rev,NEG_E0,20.0,4,0.0,0,0.0,0.0,0,0,4,3,620.0,28,14,63.64,127,0.0,0.0,0.0
438.0,7,pa_3,E1,20.0,4,80.0,4,100.0,100.0,3,3,0,0,620.0,28,14,63.64,127,20.0,1.0,1.0
438.0,7,pa_3_rev,NEG_E1,20.0,4,80.0,4,100.0,100.0,3,3,0,0,620.0,28,14,63.64,127,20.0,1.0,1.0
438.0,7,pa_6,E5,25.0,5,125.0,5,100.0,0.0,0,0,0,3,620.0,28,14,63.64,127,25.0,0.62,1.0
438.0,7,pa_6_rev,NEG_E5,25.0,5,25.0,1,20.0,0.0,0,0,4,3,620.0,28,14,63.64,127,25.0,0.12,0.2
438.0,7,pa_7,E6,20.0,4,0.0,0,0.0,0.0,0,0,4,2,620.0,28,14,63.64,127,0.0,0.0,0.0
438.0,7,pa_7_rev,NEG_E6,20.0,4,80.0,4,100.0,100.0,2,2,0,0,620.0,28,14,63.64,127,20.0,1.0,1.0
438.0,7,pa_8,E7,25.0,5,25.0,1,20.0,0.0,0,0,4,3,620.0,28,14,63.64,127,25.0,0.12,0.2
438.0,7,pa_8_rev,NEG_E7,25.0,5,125.0,5,100.0,100.0,3,3,0,0,620.0,28,14,63.64,127,25.0,1.0,1.0
439.0,7,pa_2,E0,20.0,4,80.0,4,100.0,100.0,3,3,0,0,620.0,28,14,63.64,127,20.0,1.0,1.0
439.0,7,pa_2_rev,NEG_E0,20.0,4,0.0,0,0.0,0.0,0,0,4,3,620.0,28,14,63.64,127,0.0,0.0,0.0
439.0,7,pa_3,E1,20.0,4,80.0,4,100.0,100.0,3,3,0,0,620.0,28,14,63.64,127,20.0,1.0,1.0
439.0,7,pa_3_rev,NEG_E1,20.0,4,80.0,4,100.0,100.0,3,3,0,0,620.0,28,14,63.64,127,20.0,1.0,1.0
439.0,7,pa_6,E5,25.0,5,125.0,5,100.0,0.0,0,0,0,3,620.0,28,14,63.64,127,25.0,0.62,1.0
439.0,7,pa_6_rev,NEG_E5,25.0,5,25.0,1,20.0,0.0,0,0,4,3,620.0,28,14,63.64,127,25.0,0.12,0.2
439.0,7,pa_7,E6,20.0,4,0.0,0,0.0,0.0,0,0,4,2,620.0,28,14,63.64,127,0.0,0.0,0.0
439.0,7,pa_7_rev,NEG_E6,20.0,4,80.0,4,100.0,100.0,2,2,0,0,620.0,28,14,63.64,127,20.0,1.0,1.0
439.0,7,pa_8,E7,25.0,5,25.0,1,20.0,0.0,0,0,4,3,620.0,28,14,63.64,127,25.0,0.12,0.2
439.0,7,pa_8_rev,NEG_E7,25.0,5,125.0,5,100.0,100.0,3,3,0,0,620.0,28,14,63.64,127,25.0,1.0,1.0
440.0,7,pa_2,E0,20.0,4,80.0,4,100.0,100.0,3,3,0,0,620.0,28,14,63.64,127,20.0,1.0,1.0
440.0,7,pa_2_rev,NEG_E0,20.0,4,0.0,0,0.0,0.0,0,0,4,3,620.0,28,14,63.64,127,0.0,0.0,0.0
440.0,7,pa_3,E1,20.0,4,80.0,4,100.0,100.0,3,3,0,0,620.0,28,14,63.64,127,20.0,1.0,1.0
440.0,7,pa_3_rev,NEG_E1,20.0,4,80.0,4,100.0,100.0,3,3,0,0,620.0,28,14,63.64,127,20.0,1.0,1.0
440.0,7,pa_6,E5,25.0,5,125.0,5,100.0,0.0,0,0,0,3,620.0,28,14,63.64,127,25.0,0.62,1.0
440.0,7,pa_6_rev,NEG_E5,25.0,5,25.0,1,20.0,0.0,0,0,4,3,620.0,28,14,63.64,127,25.0,0.12,0.2
440.0,7,pa_7,E6,20.0,4,0.0,0,0.0,0.0,0,0,4,2,620.0,28,14,63.64,127,0.0,0.0,0.0
440.0,7,pa_7_rev,NEG_E6,20.0,4,80.0,4,100.0,100.0,2,2,0,0,620.0,28,14,63.64,127,20.0,1.0,1.0
440.0,7,pa_8,E7,25.0,5,25.0,1,20.0,0.0,0,0,4,3,620.0,28,14,63.64,127,25.0,0.12,0.2
440.0,7,pa_8_rev,NEG_E7,25.0,5,125.0,5,100.0,100.0,3,3,0,0,620.0,28,14,63.64,127,25.0,1.0,1.0
441.0,7,pa_2,E0,20.0,4,80.0,4,100.0,100.0,3,3,0,0,620.0,28,14,63.64,128,20.0,1.0,1.0
441.0,7,pa_2_rev,NEG_E0,20.0,4,0.0,0,0.0,0.0,0,0,4,3,620.0,28,14,63.64,128,0.0,0.0,0.0
441.0,7,pa_3,E1,20.0,4,80.0,4,100.0,100.0,3,3,0,0,620.0,28,14,63.64,128,20.0,1.0,1.0
441.0,7,pa_3_rev,NEG_E1,20.0,4,80.0,4,100.0,100.0,3,3,0,0,620.0,28,14,63.64,128,20.0,1.0,1.0
441.0,7,pa_6,E5,25.0,5,125.0,5,100.0,0.0,0,0,0,3,620.0,28,14,63.64,128,25.0,0.62,1.0
441.0,7,pa_6_rev,NEG_E5,25.0,5,25.0,1,20.0,0.0,0,0,4,3,620.0,28,14,63.64,128,25.0,0.12,0.2
441.0,7,pa_7,E6,20.0,4,0.0,0,0.0,0.0,0,0,4,2,620.0,28,14,63.64,128,0.0,0.0,0.0
441.0,7,pa_7_rev,NEG_E6,20.0,4,80.0,4,100.0,100.0,2,2,0,0,620.0,28,14,63.64,128,20.0,1.0,1.0
441.0,7,pa_8,E7,25.0,5,25.0,1,20.0,0.0,0,0,4,3,620.0,28,14,63.64,128,25.0,0.12,0.2
441.0,7,pa_8_rev,NEG_E7,25.0,5,125.0,5,100.0,100.0,3,3,0,0,620.0,28,14,63.64,128,25.0,1.0,1.0
442.0,7,pa_2,E0,20.0,4,80.0,4,100.0,100.0,3,3,0,0,620.0,28,14,63.64,128,20.0,1.0,1.0
442.0,7,pa_2_rev,NEG_E0,20.0,4,0.0,0,0.0,0.0,0,0,4,3,620.0,28,14,63.64,128,0.0,0.0,0.0
442.0,7,pa_3,E1,20.0,4,80.0,4,100.0,100.0,3,3,0,0,620.0,28,14,63.64,128,20.0,1.0,1.0
442.0,7,pa_3_rev,NEG_E1,20.0,4,80.0,4,100.0,100.0,3,3,0,0,620.0,28,14,63.64,128,20.0,1.0,1.0
442.0,7,pa_6,E5,25.0,5,125.0,5,100.0,0.0,0,0,0,3,620.0,28,14,63.64,128,25.0,0.62,1.0
442.0,7,pa_6_rev,NEG_E5,25.0,5,25.0,1,20.0,0.0,0,0,4,3,620.0,28,14,63.64,128,25.0,0.12,0.2
442.0,7,pa_7,E6,20.0,4,0.0,0,0.0,0.0,0,0,4,2,620.0,28,14,63.64,128,0.0,0.0,0.0
442.0,7,pa_7_rev,NEG_E6,20.0,4,80.0,4,100.0,100.0,2,2,0,0,620.0,28,14,63.64,128,20.0,1.0,1.0
442.0,7,pa_8,E7,25.0,5,25.0,1,20.0,0.0,0,0,4,3,620.0,28,14,63.64,128,25.0,0.12,0.2
442.0,7,pa_8_rev,NEG_E7,25.0,5,125.0,5,100.0,100.0,3,3,0,0,620.0,28,14,63.64,128,25.0,1.0,1.0
443.0,7,pa_2,E0,20.0,4,80.0,4,100.0,100.0,3,3,0,0,620.0,28,14,63.64,128,20.0,1.0,1.0
443.0,7,pa_2_rev,NEG_E0,20.0,4,0.0,0,0.0,0.0,0,0,4,3,620.0,28,14,63.64,128,0.0,0.0,0.0
443.0,7,pa_3,E1,20.0,4,80.0,4,100.0,100.0,3,3,0,0,620.0,28,14,63.64,128,20.0,1.0,1.0
443.0,7,pa_3_rev,NEG_E1,20.0,4,80.0,4,100.0,100.0,3,3,0,0,620.0,28,14,63.64,128,20.0,1.0,1.0
443.0,7,pa_6,E5,25.0,5,125.0,5,100.0,0.0,0,0,0,3,620.0,28,14,63.64,128,25.0,0.62,1.0
443.0,7,pa_6_rev,NEG_E5,25.0,5,25.0,1,20.0,0.0,0,0,4,3,620.0,28,14,63.64,128,25.0,0.12,0.2
443.0,7,pa_7,E6,20.0,4,0.0,0,0.0,0.0,0,0,4,2,620.0,28,14,63.64,128,0.0,0.0,0.0
443.0,7,pa_7_rev,NEG_E6,20.0,4,80.0,4,100.0,100.0,2,2,0,0,620.0,28,14,63.64,128,20.0,1.0,1.0
443.0,7,pa_8,E7,25.0,5,25.0,1,20.0,0.0,0,0,4,3,620.0,28,14,63.64,128,25.0,0.12,0.2
443.0,7,pa_8_rev,NEG_E7,25.0,5,125.0,5,100.0,100.0,3,3,0,0,620.0,28,14,63.64,128,25.0,1.0,1.0
444.0,7,pa_2,E0,20.0,4,80.0,4,100.0,100.0,3,3,0,0,620.0,28,14,63.64,128,20.0,1.0,1.0
444.0,7,pa_2_rev,NEG_E0,20.0,4,0.0,0,0.0,0.0,0,0,4,3,620.0,28,14,63.64,128,0.0,0.0,0.0
444.0,7,pa_3,E1,20.0,4,80.0,4,100.0,100.0,3,3,0,0,620.0,28,14,63.64,128,20.0,1.0,1.0
444.0,7,pa_3_rev,NEG_E1,20.0,4,80.0,4,100.0,100.0,3,3,0,0,620.0,28,14,63.64,128,20.0,1.0,1.0
444.0,7,pa_6,E5,25.0,5,125.0,5,100.0,0.0,0,0,0,3,620.0,28,14,63.64,128,25.0,0.62,1.0
444.0,7,pa_6_rev,NEG_E5,25.0,5,25.0,1,20.0,0.0,0,0,4,3,620.0,28,14,63.64,128,25.0,0.12,0.2
444.0,7,pa_7,E6,20.0,4,0.0,0,0.0,0.0,0,0,4,2,620.0,28,14,63.64,128,0.0,0.0,0.0
444.0,7,pa_7_rev,NEG_E6,20.0,4,80.0,4,100.0,100.0,2,2,0,0,620.0,28,14,63.64,128,20.0,1.0,1.0
444.0,7,pa_8,E7,25.0,5,25.0,1,20.0,0.0,0,0,4,3,620.0,28,14,63.64,128,25.0,0.12,0.2
444.0,7,pa_8_rev,NEG_E7,25.0,5,125.0,5,100.0,100.0,3,3,0,0,620.0,28,14,63.64,128,25.0,1.0,1.0
445.0,7,pa_2,E0,20.0,4,80.0,4,100.0,100.0,3,3,0,0,620.0,28,14,63.64,128,20.0,1.0,1.0
445.0,7,pa_2_rev,NEG_E0,20.0,4,0.0,0,0.0,0.0,0,0,4,3,620.0,28,14,63.64,128,0.0,0.0,0.0
445.0,7,pa_3,E1,20.0,4,80.0,4,100.0,100.0,3,3,0,0,620.0,28,14,63.64,128,20.0,1.0,1.0
445.0,7,pa_3_rev,NEG_E1,20.0,4,80.0,4,100.0,100.0,3,3,0,0,620.0,28,14,63.64,128,20.0,1.0,1.0
445.0,7,pa_6,E5,25.0,5,125.0,5,100.0,0.0,0,0,0,3,620.0,28,14,63.64,128,25.0,0.62,1.0
445.0,7,pa_6_rev,NEG_E5,25.0,5,25.0,1,20.0,0.0,0,0,4,3,620.0,28,14,63.64,128,25.0,0.12,0.2
445.0,7,pa_7,E6,20.0,4,0.0,0,0.0,0.0,0,0,4,2,620.0,28,14,63.64,128,0.0,0.0,0.0
445.0,7,pa_7_rev,NEG_E6,20.0,4,80.0,4,100.0,100.0,2,2,0,0,620.0,28,14,63.64,128,20.0,1.0,1.0
445.0,7,pa_8,E7,25.0,5,25.0,1,20.0,0.0,0,0,4,3,620.0,28,14,63.64,128,25.0,0.12,0.2
445.0,7,pa_8_rev,NEG_E7,25.0,5,125.0,5,100.0,100.0,3,3,0,0,620.0,28,14,63.64,128,25.0,1.0,1.0
446.0,7,pa_2,E0,20.0,4,80.0,4,100.0,100.0,3,3,0,0,620.0,28,14,63.64,128,20.0,1.0,1.0
446.0,7,pa_2_rev,NEG_E0,20.0,4,0.0,0,0.0,0.0,0,0,4,3,620.0,28,14,63.64,128,0.0,0.0,0.0
446.0,7,pa_3,E1,20.0,4,80.0,4,100.0,100.0,3,3,0,0,620.0,28,14,63.64,128,20.0,1.0,1.0
446.0,7,pa_3_rev,NEG_E1,20.0,4,80.0,4,100.0,100.0,3,3,0,0,620.0,28,14,63.64,128,20.0,1.0,1.0
446.0,7,pa_6,E5,25.0,5,125.0,5,100.0,0.0,0,0,0,3,620.0,28,14,63.64,128,25.0,0.62,1.0
446.0,7,pa_6_rev,NEG_E5,25.0,5,25.0,1,20.0,0.0,0,0,4,3,620.0,28,14,63.64,128,25.0,0.12,0.2
446.0,7,pa_7,E6,20.0,4,0.0,0,0.0,0.0,0,0,4,2,620.0,28,14,63.64,128,0.0,0.0,0.0
446.0,7,pa_7_rev,NEG_E6,20.0,4,80.0,4,100.0,100.0,2,2,0,0,620.0,28,14,63.64,128,20.0,1.0,1.0
446.0,7,pa_8,E7,25.0,5,25.0,1,20.0,0.0,0,0,4,3,620.0,28,14,63.64,128,25.0,0.12,0.2
446.0,7,pa_8_rev,NEG_E7,25.0,5,125.0,5,100.0,100.0,3,3,0,0,620.0,28,14,63.64,128,25.0,1.0,1.0
447.0,7,pa_2,E0,20.0,4,80.0,4,100.0,100.0,3,3,0,0,620.0,28,14,63.64,128,20.0,1.0,1.0
447.0,7,pa_2_rev,NEG_E0,20.0,4,0.0,0,0.0,0.0,0,0,4,3,620.0,28,14,63.64,128,0.0,0.0,0.0
447.0,7,pa_3,E1,20.0,4,80.0,4,100.0,100.0,3,3,0,0,620.0,28,14,63.64,128,20.0,1.0,1.0
447.0,7,pa_3_rev,NEG_E1,20.0,4,80.0,4,100.0,100.0,3,3,0,0,620.0,28,14,63.64,128,20.0,1.0,1.0
447.0,7,pa_6,E5,25.0,5,125.0,5,100.0,0.0,0,0,0,3,620.0,28,14,63.64,128,25.0,0.62,1.0
447.0,7,pa_6_rev,NEG_E5,25.0,5,25.0,1,20.0,0.0,0,0,4,3,620.0,28,14,63.64,128,25.0,0.12,0.2
447.0,7,pa_7,E6,20.0,4,0.0,0,0.0,0.0,0,0,4,2,620.0,28,14,63.64,128,0.0,0.0,0.0
447.0,7,pa_7_rev,NEG_E6,20.0,4,80.0,4,100.0,100.0,2,2,0,0,620.0,28,14,63.64,128,20.0,1.0,1.0
447.0,7,pa_8,E7,25.0,5,25.0,1,20.0,0.0,0,0,4,3,620.0,28,14,63.64,128,25.0,0.12,0.2
447.0,7,pa_8_rev,NEG_E7,25.0,5,125.0,5,100.0,100.0,3,3,0,0,620.0,28,14,63.64,128,25.0,1.0,1.0
448.0,7,pa_2,E0,20.0,4,80.0,4,100.0,100.0,3,3,0,0,620.0,28,14,63.64,128,20.0,1.0,1.0
448.0,7,pa_2_rev,NEG_E0,20.0,4,0.0,0,0.0,0.0,0,0,4,3,620.0,28,14,63.64,128,0.0,0.0,0.0
448.0,7,pa_3,E1,20.0,4,80.0,4,100.0,100.0,3,3,0,0,620.0,28,14,63.64,128,20.0,1.0,1.0
448.0,7,pa_3_rev,NEG_E1,20.0,4,80.0,4,100.0,100.0,3,3,0,0,620.0,28,14,63.64,128,20.0,1.0,1.0
448.0,7,pa_6,E5,25.0,5,125.0,5,100.0,0.0,0,0,0,3,620.0,28,14,63.64,128,25.0,0.62,1.0
448.0,7,pa_6_rev,NEG_E5,25.0,5,25.0,1,20.0,0.0,0,0,4,3,620.0,28,14,63.64,128,25.0,0.12,0.2
448.0,7,pa_7,E6,20.0,4,0.0,0,0.0,0.0,0,0,4,2,620.0,28,14,63.64,128,0.0,0.0,0.0
448.0,7,pa_7_rev,NEG_E6,20.0,4,80.0,4,100.0,100.0,2,2,0,0,620.0,28,14,63.64,128,20.0,1.0,1.0
448.0,7,pa_8,E7,25.0,5,25.0,1,20.0,0.0,0,0,4,3,620.0,28,14,63.64,128,25.0,0.12,0.2
448.0,7,pa_8_rev,NEG_E7,25.0,5,125.0,5,100.0,100.0,3,3,0,0,620.0,28,14,63.64,128,25.0,1.0,1.0
449.0,7,pa_2,E0,20.0,4,80.0,4,100.0,100.0,3,3,0,0,620.0,28,15,63.64,128,20.0,1.0,1.0
449.0,7,pa_2_rev,NEG_E0,20.0,4,0.0,0,0.0,0.0,0,0,4,3,620.0,28,15,63.64,128,0.0,0.0,0.0
449.0,7,pa_3,E1,20.0,4,80.0,4,100.0,100.0,3,3,0,0,620.0,28,15,63.64,128,20.0,1.0,1.0
449.0,7,pa_3_rev,NEG_E1,20.0,4,80.0,4,100.0,100.0,3,3,0,0,620.0,28,15,63.64,128,20.0,1.0,1.0
449.0,7,pa_6,E5,25.0,5,125.0,5,100.0,33.33,1,1,0,2,620.0,28,15,63.64,128,25.0,0.75,1.0
449.0,7,pa_6_rev,NEG_E5,25.0,5,25.0,1,20.0,0.0,0,0,4,3,620.0,28,15,63.64,128,25.0,0.12,0.2
449.0,7,pa_7,E6,20.0,4,0.0,0,0.0,0.0,0,0,4,2,620.0,28,15,63.64,128,0.0,0.0,0.0
449.0,7,pa_7_rev,NEG_E6,20.0,4,80.0,4,100.0,100.0,2,2,0,0,620.0,28,15,63.64,128,20.0,1.0,1.0
449.0,7,pa_8,E7,25.0,5,25.0,1,20.0,0.0,0,0,4,3,620.0,28,15,63.64,128,25.0,0.12,0.2
449.0,7,pa_8_rev,NEG_E7,25.0,5,125.0,5,100.0,100.0,3,3,0,0,620.0,28,15,63.64,128,25.0,1.0,1.0
450.0,7,pa_2,E0,20.0,4,80.0,4,100.0,100.0,3,3,0,0,620.0,28,15,63.64,128,20.0,1.0,1.0
450.0,7,pa_2_rev,NEG_E0,20.0,4,0.0,0,0.0,0.0,0,0,4,3,620.0,28,15,63.64,128,0.0,0.0,0.0
450.0,7,pa_3,E1,20.0,4,80.0,4,100.0,100.0,3,3,0,0,620.0,28,15,63.64,128,20.0,1.0,1.0
450.0,7,pa_3_rev,NEG_E1,20.0,4,80.0,4,100.0,100.0,3,3,0,0,620.0,28,15,63.64,128,20.0,1.0,1.0
450.0,7,pa_6,E5,25.0,5,125.0,5,100.0,33.33,1,1,0,2,620.0,28,15,63.64,128,25.0,0.75,1.0
450.0,7,pa_6_rev,NEG_E5,25.0,5,25.0,1,20.0,0.0,0,0,4,3,620.0,28,15,63.64,128,25.0,0.12,0.2
450.0,7,pa_7,E6,20.0,4,0.0,0,0.0,0.0,0,0,4,2,620.0,28,15,63.64,128,0.0,0.0,0.0
450.0,7,pa_7_rev,NEG_E6,20.0,4,80.0,4,100.0,100.0,2,2,0,0,620.0,28,15,63.64,128,20.0,1.0,1.0
450.0,7,pa_8,E7,25.0,5,25.0,1,20.0,0.0,0,0,4,3,620.0,28,15,63.64,128,25.0,0.12,0.2
450.0,7,pa_8_rev,NEG_E7,25.0,5,125.0,5,100.0,100.0,3,3,0,0,620.0,28,15,63.64,128,25.0,1.0,1.0
451.0,7,pa_2,E0,20.0,4,80.0,4,100.0,100.0,3,3,0,0,620.0,28,15,63.64,129,20.0,1.0,1.0
451.0,7,pa_2_rev,NEG_E0,20.0,4,0.0,0,0.0,0.0,0,0,4,3,620.0,28,15,63.64,129,0.0,0.0,0.0
451.0,7,pa_3,E1,20.0,4,80.0,4,100.0,100.0,3,3,0,0,620.0,28,15,63.64,129,20.0,1.0,1.0
451.0,7,pa_3_rev,NEG_E1,20.0,4,80.0,4,100.0,100.0,3,3,0,0,620.0,28,15,63.64,129,20.0,1.0,1.0
451.0,7,pa_6,E5,25.0,5,125.0,5,100.0,33.33,1,1,0,2,620.0,28,15,63.64,129,25.0,0.75,1.0
451.0,7,pa_6_rev,NEG_E5,25.0,5,25.0,1,20.0,0.0,0,0,4,3,620.0,28,15,63.64,129,25.0,0.12,0.2
451.0,7,pa_7,E6,20.0,4,0.0,0,0.0,0.0,0,0,4,2,620.0,28,15,63.64,129,0.0,0.0,0.0
451.0,7,pa_7_rev,NEG_E6,20.0,4,80.0,4,100.0,100.0,2,2,0,0,620.0,28,15,63.64,129,20.0,1.0,1.0
451.0,7,pa_8,E7,25.0,5,25.0,1,20.0,0.0,0,0,4,3,620.0,28,15,63.64,129,25.0,0.12,0.2
451.0,7,pa_8_rev,NEG_E7,25.0,5,125.0,5,100.0,100.0,3,3,0,0,620.0,28,15,63.64,129,25.0,1.0,1.0
452.0,7,pa_2,E0,20.0,4,80.0,4,100.0,100.0,3,3,0,0,620.0,28,15,63.64,129,20.0,1.0,1.0
452.0,7,pa_2_rev,NEG_E0,20.0,4,0.0,0,0.0,0.0,0,0,4,3,620.0,28,15,63.64,129,0.0,0.0,0.0
452.0,7,pa_3,E1,20.0,4,80.0,4,100.0,100.0,3,3,0,0,620.0,28,15,63.64,129,20.0,1.0,1.0
452.0,7,pa_3_rev,NEG_E1,20.0,4,80.0,4,100.0,100.0,3,3,0,0,620.0,28,15,63.64,129,20.0,1.0,1.0
452.0,7,pa_6,E5,25.0,5,125.0,5,100.0,33.33,1,1,0,2,620.0,28,15,63.64,129,25.0,0.75,1.0
452.0,7,pa_6_rev,NEG_E5,25.0,5,25.0,1,20.0,0.0,0,0,4,3,620.0,28,15,63.64,129,25.0,0.12,0.2
452.0,7,pa_7,E6,20.0,4,0.0,0,0.0,0.0,0,0,4,2,620.0,28,15,63.64,129,0.0,0.0,0.0
452.0,7,pa_7_rev,NEG_E6,20.0,4,80.0,4,100.0,100.0,2,2,0,0,620.0,28,15,63.64,129,20.0,1.0,1.0
452.0,7,pa_8,E7,25.0,5,25.0,1,20.0,0.0,0,0,4,3,620.0,28,15,63.64,129,25.0,0.12,0.2
452.0,7,pa_8_rev,NEG_E7,25.0,5,125.0,5,100.0,100.0,3,3,0,0,620.0,28,15,63.64,129,25.0,1.0,1.0
453.0,7,pa_2,E0,20.0,4,80.0,4,100.0,100.0,3,3,0,0,620.0,28,15,63.64,130,20.0,1.0,1.0
453.0,7,pa_2_rev,NEG_E0,20.0,4,0.0,0,0.0,0.0,0,0,4,3,620.0,28,15,63.64,130,0.0,0.0,0.0
453.0,7,pa_3,E1,20.0,4,80.0,4,100.0,100.0,3,3,0,0,620.0,28,15,63.64,130,20.0,1.0,1.0
453.0,7,pa_3_rev,NEG_E1,20.0,4,80.0,4,100.0,100.0,3,3,0,0,620.0,28,15,63.64,130,20.0,1.0,1.0
453.0,7,pa_6,E5,25.0,5,125.0,5,100.0,33.33,1,1,0,2,620.0,28,15,63.64,130,25.0,0.75,1.0
453.0,7,pa_6_rev,NEG_E5,25.0,5,25.0,1,20.0,0.0,0,0,4,3,620.0,28,15,63.64,130,25.0,0.12,0.2
453.0,7,pa_7,E6,20.0,4,0.0,0,0.0,0.0,0,0,4,2,620.0,28,15,63.64,130,0.0,0.0,0.0
453.0,7,pa_7_rev,NEG_E6,20.0,4,80.0,4,100.0,100.0,2,2,0,0,620.0,28,15,63.64,130,20.0,1.0,1.0
453.0,7,pa_8,E7,25.0,5,25.0,1,20.0,0.0,0,0,4,3,620.0,28,15,63.64,130,25.0,0.12,0.2
453.0,7,pa_8_rev,NEG_E7,25.0,5,125.0,5,100.0,100.0,3,3,0,0,620.0,28,15,63.64,130,25.0,1.0,1.0
454.0,7,pa_2,E0,20.0,4,80.0,4,100.0,100.0,3,3,0,0,620.0,28,15,63.64,130,20.0,1.0,1.0
454.0,7,pa_2_rev,NEG_E0,20.0,4,0.0,0,0.0,0.0,0,0,4,3,620.0,28,15,63.64,130,0.0,0.0,0.0
454.0,7,pa_3,E1,20.0,4,80.0,4,100.0,100.0,3,3,0,0,620.0,28,15,63.64,130,20.0,1.0,1.0
454.0,7,pa_3_rev,NEG_E1,20.0,4,80.0,4,100.0,100.0,3,3,0,0,620.0,28,15,63.64,130,20.0,1.0,1.0
454.0,7,pa_6,E5,25.0,5,125.0,5,100.0,33.33,1,1,0,2,620.0,28,15,63.64,130,25.0,0.75,1.0
454.0,7,pa_6_rev,NEG_E5,25.0,5,25.0,1,20.0,0.0,0,0,4,3,620.0,28,15,63.64,130,25.0,0.12,0.2
454.0,7,pa_7,E6,20.0,4,0.0,0,0.0,0.0,0,0,4,2,620.0,28,15,63.64,130,0.0,0.0,0.0
454.0,7,pa_7_rev,NEG_E6,20.0,4,80.0,4,100.0,100.0,2,2,0,0,620.0,28,15,63.64,130,20.0,1.0,1.0
454.0,7,pa_8,E7,25.0,5,25.0,1,20.0,0.0,0,0,4,3,620.0,28,15,63.64,130,25.0,0.12,0.2
454.0,7,pa_8_rev,NEG_E7,25.0,5,125.0,5,100.0,100.0,3,3,0,0,620.0,28,15,63.64,130,25.0,1.0,1.0
455.0,7,pa_2,E0,20.0,4,80.0,4,100.0,100.0,3,3,0,0,620.0,28,15,63.64,130,20.0,1.0,1.0
455.0,7,pa_2_rev,NEG_E0,20.0,4,0.0,0,0.0,0.0,0,0,4,3,620.0,28,15,63.64,130,0.0,0.0,0.0
455.0,7,pa_3,E1,20.0,4,80.0,4,100.0,100.0,3,3,0,0,620.0,28,15,63.64,130,20.0,1.0,1.0
455.0,7,pa_3_rev,NEG_E1,20.0,4,80.0,4,100.0,100.0,3,3,0,0,620.0,28,15,63.64,130,20.0,1.0,1.0
455.0,7,pa_6,E5,25.0,5,125.0,5,100.0,33.33,1,1,0,2,620.0,28,15,63.64,130,25.0,0.75,1.0
455.0,7,pa_6_rev,NEG_E5,25.0,5,25.0,1,20.0,0.0,0,0,4,3,620.0,28,15,63.64,130,25.0,0.12,0.2
455.0,7,pa_7,E6,20.0,4,0.0,0,0.0,0.0,0,0,4,2,620.0,28,15,63.64,130,0.0,0.0,0.0
455.0,7,pa_7_rev,NEG_E6,20.0,4,80.0,4,100.0,100.0,2,2,0,0,620.0,28,15,63.64,130,20.0,1.0,1.0
455.0,7,pa_8,E7,25.0,5,25.0,1,20.0,0.0,0,0,4,3,620.0,28,15,63.64,130,25.0,0.12,0.2
455.0,7,pa_8_rev,NEG_E7,25.0,5,125.0,5,100.0,100.0,3,3,0,0,620.0,28,15,63.64,130,25.0,1.0,1.0
456.0,7,pa_2,E0,20.0,4,80.0,4,100.0,100.0,3,3,0,0,620.0,28,15,63.64,130,20.0,1.0,1.0
456.0,7,pa_2_rev,NEG_E0,20.0,4,0.0,0,0.0,0.0,0,0,4,3,620.0,28,15,63.64,130,0.0,0.0,0.0
456.0,7,pa_3,E1,20.0,4,80.0,4,100.0,100.0,3,3,0,0,620.0,28,15,63.64,130,20.0,1.0,1.0
456.0,7,pa_3_rev,NEG_E1,20.0,4,80.0,4,100.0,100.0,3,3,0,0,620.0,28,15,63.64,130,20.0,1.0,1.0
456.0,7,pa_6,E5,25.0,5,125.0,5,100.0,33.33,1,1,0,2,620.0,28,15,63.64,130,25.0,0.75,1.0
456.0,7,pa_6_rev,NEG_E5,25.0,5,25.0,1,20.0,0.0,0,0,4,3,620.0,28,15,63.64,130,25.0,0.12,0.2
456.0,7,pa_7,E6,20.0,4,0.0,0,0.0,0.0,0,0,4,2,620.0,28,15,63.64,130,0.0,0.0,0.0
456.0,7,pa_7_rev,NEG_E6,20.0,4,80.0,4,100.0,100.0,2,2,0,0,620.0,28,15,63.64,130,20.0,1.0,1.0
456.0,7,pa_8,E7,25.0,5,25.0,1,20.0,0.0,0,0,4,3,620.0,28,15,63.64,130,25.0,0.12,0.2
456.0,7,pa_8_rev,NEG_E7,25.0,5,125.0,5,100.0,100.0,3,3,0,0,620.0,28,15,63.64,130,25.0,1.0,1.0
457.0,7,pa_2,E0,20.0,4,80.0,4,100.0,100.0,3,3,0,0,620.0,28,15,63.64,130,20.0,1.0,1.0
457.0,7,pa_2_rev,NEG_E0,20.0,4,0.0,0,0.0,0.0,0,0,4,3,620.0,28,15,63.64,130,0.0,0.0,0.0
457.0,7,pa_3,E1,20.0,4,80.0,4,100.0,100.0,3,3,0,0,620.0,28,15,63.64,130,20.0,1.0,1.0
457.0,7,pa_3_rev,NEG_E1,20.0,4,80.0,4,100.0,100.0,3,3,0,0,620.0,28,15,63.64,130,20.0,1.0,1.0
457.0,7,pa_6,E5,25.0,5,125.0,5,100.0,33.33,1,1,0,2,620.0,28,15,63.64,130,25.0,0.75,1.0
457.0,7,pa_6_rev,NEG_E5,25.0,5,25.0,1,20.0,0.0,0,0,4,3,620.0,28,15,63.64,130,25.0,0.12,0.2
457.0,7,pa_7,E6,20.0,4,0.0,0,0.0,0.0,0,0,4,2,620.0,28,15,63.64,130,0.0,0.0,0.0
457.0,7,pa_7_rev,NEG_E6,20.0,4,80.0,4,100.0,100.0,2,2,0,0,620.0,28,15,63.64,130,20.0,1.0,1.0
457.0,7,pa_8,E7,25.0,5,25.0,1,20.0,0.0,0,0,4,3,620.0,28,15,63.64,130,25.0,0.12,0.2
457.0,7,pa_8_rev,NEG_E7,25.0,5,125.0,5,100.0,100.0,3,3,0,0,620.0,28,15,63.64,130,25.0,1.0,1.0
458.0,7,pa_2,E0,20.0,4,80.0,4,100.0,100.0,3,3,0,0,620.0,28,15,63.64,130,20.0,1.0,1.0
458.0,7,pa_2_rev,NEG_E0,20.0,4,0.0,0,0.0,0.0,0,0,4,3,620.0,28,15,63.64,130,0.0,0.0,0.0
458.0,7,pa_3,E1,20.0,4,80.0,4,100.0,100.0,3,3,0,0,620.0,28,15,63.64,130,20.0,1.0,1.0
458.0,7,pa_3_rev,NEG_E1,20.0,4,80.0,4,100.0,100.0,3,3,0,0,620.0,28,15,63.64,130,20.0,1.0,1.0
458.0,7,pa_6,E5,25.0,5,125.0,5,100.0,33.33,1,1,0,2,620.0,28,15,63.64,130,25.0,0.75,1.0
458.0,7,pa_6_rev,NEG_E5,25.0,5,25.0,1,20.0,0.0,0,0,4,3,620.0,28,15,63.64,130,25.0,0.12,0.2
458.0,7,pa_7,E6,20.0,4,0.0,0,0.0,0.0,0,0,4,2,620.0,28,15,63.64,130,0.0,0.0,0.0
458.0,7,pa_7_rev,NEG_E6,20.0,4,80.0,4,100.0,100.0,2,2,0,0,620.0,28,15,63.64,130,20.0,1.0,1.0
458.0,7,pa_8,E7,25.0,5,25.0,1,20.0,0.0,0,0,4,3,620.0,28,15,63.64,130,25.0,0.12,0.2
458.0,7,pa_8_rev,NEG_E7,25.0,5,125.0,5,100.0,100.0,3,3,0,0,620.0,28,15,63.64,130,25.0,1.0,1.0
459.0,7,pa_2,E0,20.0,4,80.0,4,100.0,100.0,3,3,0,0,620.0,28,15,63.64,130,20.0,1.0,1.0
459.0,7,pa_2_rev,NEG_E0,20.0,4,0.0,0,0.0,0.0,0,0,4,3,620.0,28,15,63.64,130,0.0,0.0,0.0
459.0,7,pa_3,E1,20.0,4,80.0,4,100.0,100.0,3,3,0,0,620.0,28,15,63.64,130,20.0,1.0,1.0
459.0,7,pa_3_rev,NEG_E1,20.0,4,80.0,4,100.0,100.0,3,3,0,0,620.0,28,15,63.64,130,20.0,1.0,1.0
459.0,7,pa_6,E5,25.0,5,125.0,5,100.0,33.33,1,1,0,2,620.0,28,15,63.64,130,25.0,0.75,1.0
459.0,7,pa_6_rev,NEG_E5,25.0,5,25.0,1,20.0,0.0,0,0,4,3,620.0,28,15,63.64,130,25.0,0.12,0.2
459.0,7,pa_7,E6,20.0,4,0.0,0,0.0,0.0,0,0,4,2,620.0,28,15,63.64,130,0.0,0.0,0.0
459.0,7,pa_7_rev,NEG_E6,20.0,4,80.0,4,100.0,100.0,2,2,0,0,620.0,28,15,63.64,130,20.0,1.0,1.0
459.0,7,pa_8,E7,25.0,5,25.0,1,20.0,0.0,0,0,4,3,620.0,28,15,63.64,130,25.0,0.12,0.2
459.0,7,pa_8_rev,NEG_E7,25.0,5,125.0,5,100.0,100.0,3,3,0,0,620.0,28,15,63.64,130,25.0,1.0,1.0
460.0,7,pa_2,E0,20.0,4,80.0,4,100.0,100.0,3,3,0,0,620.0,28,15,63.64,130,20.0,1.0,1.0
460.0,7,pa_2_rev,NEG_E0,20.0,4,0.0,0,0.0,0.0,0,0,4,3,620.0,28,15,63.64,130,0.0,0.0,0.0
460.0,7,pa_3,E1,20.0,4,80.0,4,100.0,100.0,3,3,0,0,620.0,28,15,63.64,130,20.0,1.0,1.0
460.0,7,pa_3_rev,NEG_E1,20.0,4,80.0,4,100.0,100.0,3,3,0,0,620.0,28,15,63.64,130,20.0,1.0,1.0
460.0,7,pa_6,E5,25.0,5,125.0,5,100.0,33.33,1,1,0,2,620.0,28,15,63.64,130,25.0,0.75,1.0
460.0,7,pa_6_rev,NEG_E5,25.0,5,25.0,1,20.0,0.0,0,0,4,3,620.0,28,15,63.64,130,25.0,0.12,0.2
460.0,7,pa_7,E6,20.0,4,0.0,0,0.0,0.0,0,0,4,2,620.0,28,15,63.64,130,0.0,0.0,0.0
460.0,7,pa_7_rev,NEG_E6,20.0,4,80.0,4,100.0,100.0,2,2,0,0,620.0,28,15,63.64,130,20.0,1.0,1.0
460.0,7,pa_8,E7,25.0,5,25.0,1,20.0,0.0,0,0,4,3,620.0,28,15,63.64,130,25.0,0.12,0.2
460.0,7,pa_8_rev,NEG_E7,25.0,5,125.0,5,100.0,100.0,3,3,0,0,620.0,28,15,63.64,130,25.0,1.0,1.0
461.0,7,pa_2,E0,20.0,4,80.0,4,100.0,100.0,3,3,0,0,620.0,28,15,63.64,130,20.0,1.0,1.0
461.0,7,pa_2_rev,NEG_E0,20.0,4,0.0,0,0.0,0.0,0,0,4,3,620.0,28,15,63.64,130,0.0,0.0,0.0
461.0,7,pa_3,E1,20.0,4,80.0,4,100.0,100.0,3,3,0,0,620.0,28,15,63.64,130,20.0,1.0,1.0
461.0,7,pa_3_rev,NEG_E1,20.0,4,80.0,4,100.0,100.0,3,3,0,0,620.0,28,15,63.64,130,20.0,1.0,1.0
461.0,7,pa_6,E5,25.0,5,125.0,5,100.0,33.33,1,1,0,2,620.0,28,15,63.64,130,25.0,0.75,1.0
461.0,7,pa_6_rev,NEG_E5,25.0,5,25.0,1,20.0,0.0,0,0,4,3,620.0,28,15,63.64,130,25.0,0.12,0.2
461.0,7,pa_7,E6,20.0,4,0.0,0,0.0,0.0,0,0,4,2,620.0,28,15,63.64,130,0.0,0.0,0.0
461.0,7,pa_7_rev,NEG_E6,20.0,4,80.0,4,100.0,100.0,2,2,0,0,620.0,28,15,63.64,130,20.0,1.0,1.0
461.0,7,pa_8,E7,25.0,5,25.0,1,20.0,0.0,0,0,4,3,620.0,28,15,63.64,130,25.0,0.12,0.2
461.0,7,pa_8_rev,NEG_E7,25.0,5,125.0,5,100.0,100.0,3,3,0,0,620.0,28,15,63.64,130,25.0,1.0,1.0
462.0,7,pa_2,E0,20.0,4,80.0,4,100.0,100.0,3,3,0,0,620.0,28,15,63.64,130,20.0,1.0,1.0
462.0,7,pa_2_rev,NEG_E0,20.0,4,0.0,0,0.0,0.0,0,0,4,3,620.0,28,15,63.64,130,0.0,0.0,0.0
462.0,7,pa_3,E1,20.0,4,80.0,4,100.0,100.0,3,3,0,0,620.0,28,15,63.64,130,20.0,1.0,1.0
462.0,7,pa_3_rev,NEG_E1,20.0,4,80.0,4,100.0,100.0,3,3,0,0,620.0,28,15,63.64,130,20.0,1.0,1.0
462.0,7,pa_6,E5,25.0,5,125.0,5,100.0,33.33,1,1,0,2,620.0,28,15,63.64,130,25.0,0.75,1.0
462.0,7,pa_6_rev,NEG_E5,25.0,5,25.0,1,20.0,0.0,0,0,4,3,620.0,28,15,63.64,130,25.0,0.12,0.2
462.0,7,pa_7,E6,20.0,4,0.0,0,0.0,0.0,0,0,4,2,620.0,28,15,63.64,130,0.0,0.0,0.0
462.0,7,pa_7_rev,NEG_E6,20.0,4,80.0,4,100.0,100.0,2,2,0,0,620.0,28,15,63.64,130,20.0,1.0,1.0
462.0,7,pa_8,E7,25.0,5,25.0,1,20.0,0.0,0,0,4,3,620.0,28,15,63.64,130,25.0,0.12,0.2
462.0,7,pa_8_rev,NEG_E7,25.0,5,125.0,5,100.0,100.0,3,3,0,0,620.0,28,15,63.64,130,25.0,1.0,1.0
463.0,7,pa_2,E0,20.0,4,80.0,4,100.0,100.0,3,3,0,0,620.0,28,15,63.64,131,20.0,1.0,1.0
463.0,7,pa_2_rev,NEG_E0,20.0,4,0.0,0,0.0,0.0,0,0,4,3,620.0,28,15,63.64,131,0.0,0.0,0.0
463.0,7,pa_3,E1,20.0,4,80.0,4,100.0,100.0,3,3,0,0,620.0,28,15,63.64,131,20.0,1.0,1.0
463.0,7,pa_3_rev,NEG_E1,20.0,4,80.0,4,100.0,100.0,3,3,0,0,620.0,28,15,63.64,131,20.0,1.0,1.0
463.0,7,pa_6,E5,25.0,5,125.0,5,100.0,33.33,1,1,0,2,620.0,28,15,63.64,131,25.0,0.75,1.0
463.0,7,pa_6_rev,NEG_E5,25.0,5,25.0,1,20.0,0.0,0,0,4,3,620.0,28,15,63.64,131,25.0,0.12,0.2
463.0,7,pa_7,E6,20.0,4,0.0,0,0.0,0.0,0,0,4,2,620.0,28,15,63.64,131,0.0,0.0,0.0
463.0,7,pa_7_rev,NEG_E6,20.0,4,80.0,4,100.0,100.0,2,2,0,0,620.0,28,15,63.64,131,20.0,1.0,1.0
463.0,7,pa_8,E7,25.0,5,25.0,1,20.0,0.0,0,0,4,3,620.0,28,15,63.64,131,25.0,0.12,0.2
463.0,7,pa_8_rev,NEG_E7,25.0,5,125.0,5,100.0,100.0,3,3,0,0,620.0,28,15,63.64,131,25.0,1.0,1.0
464.0,7,pa_2,E0,20.0,4,80.0,4,100.0,100.0,3,3,0,0,620.0,28,15,63.64,131,20.0,1.0,1.0
464.0,7,pa_2_rev,NEG_E0,20.0,4,0.0,0,0.0,0.0,0,0,4,3,620.0,28,15,63.64,131,0.0,0.0,0.0
464.0,7,pa_3,E1,20.0,4,80.0,4,100.0,100.0,3,3,0,0,620.0,28,15,63.64,131,20.0,1.0,1.0
464.0,7,pa_3_rev,NEG_E1,20.0,4,80.0,4,100.0,100.0,3,3,0,0,620.0,28,15,63.64,131,20.0,1.0,1.0
464.0,7,pa_6,E5,25.0,5,125.0,5,100.0,33.33,1,1,0,2,620.0,28,15,63.64,131,25.0,0.75,1.0
464.0,7,pa_6_rev,NEG_E5,25.0,5,25.0,1,20.0,0.0,0,0,4,3,620.0,28,15,63.64,131,25.0,0.12,0.2
464.0,7,pa_7,E6,20.0,4,0.0,0,0.0,0.0,0,0,4,2,620.0,28,15,63.64,131,0.0,0.0,0.0
464.0,7,pa_7_rev,NEG_E6,20.0,4,80.0,4,100.0,100.0,2,2,0,0,620.0,28,15,63.64,131,20.0,1.0,1.0
464.0,7,pa_8,E7,25.0,5,25.0,1,20.0,0.0,0,0,4,3,620.0,28,15,63.64,131,25.0,0.12,0.2
464.0,7,pa_8_rev,NEG_E7,25.0,5,125.0,5,100.0,100.0,3,3,0,0,620.0,28,15,63.64,131,25.0,1.0,1.0
465.0,7,pa_2,E0,20.0,4,80.0,4,100.0,100.0,3,3,0,0,620.0,28,15,63.64,130,20.0,1.0,1.0
465.0,7,pa_2_rev,NEG_E0,20.0,4,0.0,0,0.0,0.0,0,0,4,3,620.0,28,15,63.64,130,0.0,0.0,0.0
465.0,7,pa_3,E1,20.0,4,80.0,4,100.0,100.0,3,3,0,0,620.0,28,15,63.64,130,20.0,1.0,1.0
465.0,7,pa_3_rev,NEG_E1,20.0,4,80.0,4,100.0,100.0,3,3,0,0,620.0,28,15,63.64,130,20.0,1.0,1.0
465.0,7,pa_6,E5,25.0,5,125.0,5,100.0,33.33,1,1,0,2,620.0,28,15,63.64,130,25.0,0.75,1.0
465.0,7,pa_6_rev,NEG_E5,25.0,5,25.0,1,20.0,0.0,0,0,4,3,620.0,28,15,63.64,130,25.0,0.12,0.2
465.0,7,pa_7,E6,20.0,4,0.0,0,0.0,0.0,0,0,4,2,620.0,28,15,63.64,130,0.0,0.0,0.0
465.0,7,pa_7_rev,NEG_E6,20.0,4,80.0,4,100.0,100.0,2,2,0,0,620.0,28,15,63.64,130,20.0,1.0,1.0
465.0,7,pa_8,E7,25.0,5,25.0,1,20.0,0.0,0,0,4,3,620.0,28,15,63.64,130,25.0,0.12,0.2
465.0,7,pa_8_rev,NEG_E7,25.0,5,125.0,5,100.0,100.0,3,3,0,0,620.0,28,15,63.64,130,25.0,1.0,1.0
466.0,7,pa_2,E0,20.0,4,80.0,4,100.0,100.0,3,3,0,0,620.0,28,15,63.64,129,20.0,1.0,1.0
466.0,7,pa_2_rev,NEG_E0,20.0,4,0.0,0,0.0,0.0,0,0,4,3,620.0,28,15,63.64,129,0.0,0.0,0.0
466.0,7,pa_3,E1,20.0,4,80.0,4,100.0,100.0,3,3,0,0,620.0,28,15,63.64,129,20.0,1.0,1.0
466.0,7,pa_3_rev,NEG_E1,20.0,4,80.0,4,100.0,100.0,3,3,0,0,620.0,28,15,63.64,129,20.0,1.0,1.0
466.0,7,pa_6,E5,25.0,5,125.0,5,100.0,33.33,1,1,0,2,620.0,28,15,63.64,129,25.0,0.75,1.0
466.0,7,pa_6_rev,NEG_E5,25.0,5,25.0,1,20.0,0.0,0,0,4,3,620.0,28,15,63.64,129,25.0,0.12,0.2
466.0,7,pa_7,E6,20.0,4,0.0,0,0.0,0.0,0,0,4,2,620.0,28,15,63.64,129,0.0,0.0,0.0
466.0,7,pa_7_rev,NEG_E6,20.0,4,80.0,4,100.0,100.0,2,2,0,0,620.0,28,15,63.64,129,20.0,1.0,1.0
466.0,7,pa_8,E7,25.0,5,25.0,1,20.0,0.0,0,0,4,3,620.0,28,15,63.64,129,25.0,0.12,0.2
466.0,7,pa_8_rev,NEG_E7,25.0,5,125.0,5,100.0,100.0,3,3,0,0,620.0,28,15,63.64,129,25.0,1.0,1.0
467.0,7,pa_2,E0,20.0,4,80.0,4,100.0,100.0,3,3,0,0,620.0,28,15,63.64,129,20.0,1.0,1.0
467.0,7,pa_2_rev,NEG_E0,20.0,4,0.0,0,0.0,0.0,0,0,4,3,620.0,28,15,63.64,129,0.0,0.0,0.0
467.0,7,pa_3,E1,20.0,4,80.0,4,100.0,100.0,3,3,0,0,620.0,28,15,63.64,129,20.0,1.0,1.0
467.0,7,pa_3_rev,NEG_E1,20.0,4,80.0,4,100.0,100.0,3,3,0,0,620.0,28,15,63.64,129,20.0,1.0,1.0
467.0,7,pa_6,E5,25.0,5,125.0,5,100.0,33.33,1,1,0,2,620.0,28,15,63.64,129,25.0,0.75,1.0
467.0,7,pa_6_rev,NEG_E5,25.0,5,25.0,1,20.0,0.0,0,0,4,3,620.0,28,15,63.64,129,25.0,0.12,0.2
467.0,7,pa_7,E6,20.0,4,0.0,0,0.0,0.0,0,0,4,2,620.0,28,15,63.64,129,0.0,0.0,0.0
467.0,7,pa_7_rev,NEG_E6,20.0,4,80.0,4,100.0,100.0,2,2,0,0,620.0,28,15,63.64,129,20.0,1.0,1.0
467.0,7,pa_8,E7,25.0,5,25.0,1,20.0,0.0,0,0,4,3,620.0,28,15,63.64,129,25.0,0.12,0.2
467.0,7,pa_8_rev,NEG_E7,25.0,5,125.0,5,100.0,100.0,3,3,0,0,620.0,28,15,63.64,129,25.0,1.0,1.0
468.0,7,pa_2,E0,20.0,4,80.0,4,100.0,100.0,3,3,0,0,620.0,28,15,63.64,129,20.0,1.0,1.0
468.0,7,pa_2_rev,NEG_E0,20.0,4,0.0,0,0.0,0.0,0,0,4,3,620.0,28,15,63.64,129,0.0,0.0,0.0
468.0,7,pa_3,E1,20.0,4,80.0,4,100.0,100.0,3,3,0,0,620.0,28,15,63.64,129,20.0,1.0,1.0
468.0,7,pa_3_rev,NEG_E1,20.0,4,80.0,4,100.0,100.0,3,3,0,0,620.0,28,15,63.64,129,20.0,1.0,1.0
468.0,7,pa_6,E5,25.0,5,125.0,5,100.0,33.33,1,1,0,2,620.0,28,15,63.64,129,25.0,0.75,1.0
468.0,7,pa_6_rev,NEG_E5,25.0,5,25.0,1,20.0,0.0,0,0,4,3,620.0,28,15,63.64,129,25.0,0.12,0.2
468.0,7,pa_7,E6,20.0,4,0.0,0,0.0,0.0,0,0,4,2,620.0,28,15,63.64,129,0.0,0.0,0.0
468.0,7,pa_7_rev,NEG_E6,20.0,4,80.0,4,100.0,100.0,2,2,0,0,620.0,28,15,63.64,129,20.0,1.0,1.0
468.0,7,pa_8,E7,25.0,5,25.0,1,20.0,0.0,0,0,4,3,620.0,28,15,63.64,129,25.0,0.12,0.2
468.0,7,pa_8_rev,NEG_E7,25.0,5,125.0,5,100.0,100.0,3,3,0,0,620.0,28,15,63.64,129,25.0,1.0,1.0
469.0,7,pa_2,E0,20.0,4,80.0,4,100.0,100.0,3,3,0,0,620.0,28,15,63.64,129,20.0,1.0,1.0
469.0,7,pa_2_rev,NEG_E0,20.0,4,0.0,0,0.0,0.0,0,0,4,3,620.0,28,15,63.64,129,0.0,0.0,0.0
469.0,7,pa_3,E1,20.0,4,80.0,4,100.0,100.0,3,3,0,0,620.0,28,15,63.64,129,20.0,1.0,1.0
469.0,7,pa_3_rev,NEG_E1,20.0,4,80.0,4,100.0,100.0,3,3,0,0,620.0,28,15,63.64,129,20.0,1.0,1.0
469.0,7,pa_6,E5,25.0,5,125.0,5,100.0,33.33,1,1,0,2,620.0,28,15,63.64,129,25.0,0.75,1.0
469.0,7,pa_6_rev,NEG_E5,25.0,5,25.0,1,20.0,0.0,0,0,4,3,620.0,28,15,63.64,129,25.0,0.12,0.2
469.0,7,pa_7,E6,20.0,4,0.0,0,0.0,0.0,0,0,4,2,620.0,28,15,63.64,129,0.0,0.0,0.0
469.0,7,pa_7_rev,NEG_E6,20.0,4,80.0,4,100.0,100.0,2,2,0,0,620.0,28,15,63.64,129,20.0,1.0,1.0
469.0,7,pa_8,E7,25.0,5,25.0,1,20.0,0.0,0,0,4,3,620.0,28,15,63.64,129,25.0,0.12,0.2
469.0,7,pa_8_rev,NEG_E7,25.0,5,125.0,5,100.0,100.0,3,3,0,0,620.0,28,15,63.64,129,25.0,1.0,1.0
470.0,7,pa_2,E0,20.0,4,80.0,4,100.0,100.0,3,3,0,0,620.0,28,15,63.64,129,20.0,1.0,1.0
470.0,7,pa_2_rev,NEG_E0,20.0,4,0.0,0,0.0,0.0,0,0,4,3,620.0,28,15,63.64,129,0.0,0.0,0.0
470.0,7,pa_3,E1,20.0,4,80.0,4,100.0,100.0,3,3,0,0,620.0,28,15,63.64,129,20.0,1.0,1.0
470.0,7,pa_3_rev,NEG_E1,20.0,4,80.0,4,100.0,100.0,3,3,0,0,620.0,28,15,63.64,129,20.0,1.0,1.0
470.0,7,pa_6,E5,25.0,5,125.0,5,100.0,33.33,1,1,0,2,620.0,28,15,63.64,129,25.0,0.75,1.0
470.0,7,pa_6_rev,NEG_E5,25.0,5,25.0,1,20.0,0.0,0,0,4,3,620.0,28,15,63.64,129,25.0,0.12,0.2
470.0,7,pa_7,E6,20.0,4,0.0,0,0.0,0.0,0,0,4,2,620.0,28,15,63.64,129,0.0,0.0,0.0
470.0,7,pa_7_rev,NEG_E6,20.0,4,80.0,4,100.0,100.0,2,2,0,0,620.0,28,15,63.64,129,20.0,1.0,1.0
470.0,7,pa_8,E7,25.0,5,25.0,1,20.0,0.0,0,0,4,3,620.0,28,15,63.64,129,25.0,0.12,0.2
470.0,7,pa_8_rev,NEG_E7,25.0,5,125.0,5,100.0,100.0,3,3,0,0,620.0,28,15,63.64,129,25.0,1.0,1.0
471.0,7,pa_2,E0,20.0,4,80.0,4,100.0,100.0,3,3,0,0,620.0,28,15,63.64,129,20.0,1.0,1.0
471.0,7,pa_2_rev,NEG_E0,20.0,4,0.0,0,0.0,0.0,0,0,4,3,620.0,28,15,63.64,129,0.0,0.0,0.0
471.0,7,pa_3,E1,20.0,4,80.0,4,100.0,100.0,3,3,0,0,620.0,28,15,63.64,129,20.0,1.0,1.0
471.0,7,pa_3_rev,NEG_E1,20.0,4,80.0,4,100.0,100.0,3,3,0,0,620.0,28,15,63.64,129,20.0,1.0,1.0
471.0,7,pa_6,E5,25.0,5,125.0,5,100.0,33.33,1,1,0,2,620.0,28,15,63.64,129,25.0,0.75,1.0
471.0,7,pa_6_rev,NEG_E5,25.0,5,25.0,1,20.0,0.0,0,0,4,3,620.0,28,15,63.64,129,25.0,0.12,0.2
471.0,7,pa_7,E6,20.0,4,0.0,0,0.0,0.0,0,0,4,2,620.0,28,15,63.64,129,0.0,0.0,0.0
471.0,7,pa_7_rev,NEG_E6,20.0,4,80.0,4,100.0,100.0,2,2,0,0,620.0,28,15,63.64,129,20.0,1.0,1.0
471.0,7,pa_8,E7,25.0,5,25.0,1,20.0,0.0,0,0,4,3,620.0,28,15,63.64,129,25.0,0.12,0.2
471.0,7,pa_8_rev,NEG_E7,25.0,5,125.0,5,100.0,100.0,3,3,0,0,620.0,28,15,63.64,129,25.0,1.0,1.0
472.0,7,pa_2,E0,20.0,4,80.0,4,100.0,100.0,3,3,0,0,620.0,28,15,63.64,129,20.0,1.0,1.0
472.0,7,pa_2_rev,NEG_E0,20.0,4,0.0,0,0.0,0.0,0,0,4,3,620.0,28,15,63.64,129,0.0,0.0,0.0
472.0,7,pa_3,E1,20.0,4,80.0,4,100.0,100.0,3,3,0,0,620.0,28,15,63.64,129,20.0,1.0,1.0
472.0,7,pa_3_rev,NEG_E1,20.0,4,80.0,4,100.0,100.0,3,3,0,0,620.0,28,15,63.64,129,20.0,1.0,1.0
472.0,7,pa_6,E5,25.0,5,125.0,5,100.0,33.33,1,1,0,2,620.0,28,15,63.64,129,25.0,0.75,1.0
472.0,7,pa_6_rev,NEG_E5,25.0,5,25.0,1,20.0,0.0,0,0,4,3,620.0,28,15,63.64,129,25.0,0.12,0.2
472.0,7,pa_7,E6,20.0,4,0.0,0,0.0,0.0,0,0,4,2,620.0,28,15,63.64,129,0.0,0.0,0.0
472.0,7,pa_7_rev,NEG_E6,20.0,4,80.0,4,100.0,100.0,2,2,0,0,620.0,28,15,63.64,129,20.0,1.0,1.0
472.0,7,pa_8,E7,25.0,5,25.0,1,20.0,0.0,0,0,4,3,620.0,28,15,63.64,129,25.0,0.12,0.2
472.0,7,pa_8_rev,NEG_E7,25.0,5,125.0,5,100.0,100.0,3,3,0,0,620.0,28,15,63.64,129,25.0,1.0,1.0
473.0,7,pa_2,E0,20.0,4,80.0,4,100.0,100.0,3,3,0,0,620.0,28,15,63.64,129,20.0,1.0,1.0
473.0,7,pa_2_rev,NEG_E0,20.0,4,0.0,0,0.0,0.0,0,0,4,3,620.0,28,15,63.64,129,0.0,0.0,0.0
473.0,7,pa_3,E1,20.0,4,80.0,4,100.0,100.0,3,3,0,0,620.0,28,15,63.64,129,20.0,1.0,1.0
473.0,7,pa_3_rev,NEG_E1,20.0,4,80.0,4,100.0,100.0,3,3,0,0,620.0,28,15,63.64,129,20.0,1.0,1.0
473.0,7,pa_6,E5,25.0,5,125.0,5,100.0,33.33,1,1,0,2,620.0,28,15,63.64,129,25.0,0.75,1.0
473.0,7,pa_6_rev,NEG_E5,25.0,5,25.0,1,20.0,0.0,0,0,4,3,620.0,28,15,63.64,129,25.0,0.12,0.2
473.0,7,pa_7,E6,20.0,4,0.0,0,0.0,0.0,0,0,4,2,620.0,28,15,63.64,129,0.0,0.0,0.0
473.0,7,pa_7_rev,NEG_E6,20.0,4,80.0,4,100.0,100.0,2,2,0,0,620.0,28,15,63.64,129,20.0,1.0,1.0
473.0,7,pa_8,E7,25.0,5,25.0,1,20.0,0.0,0,0,4,3,620.0,28,15,63.64,129,25.0,0.12,0.2
473.0,7,pa_8_rev,NEG_E7,25.0,5,125.0,5,100.0,100.0,3,3,0,0,620.0,28,15,63.64,129,25.0,1.0,1.0
474.0,7,pa_2,E0,20.0,4,80.0,4,100.0,100.0,3,3,0,0,620.0,28,15,63.64,129,20.0,1.0,1.0
474.0,7,pa_2_rev,NEG_E0,20.0,4,0.0,0,0.0,0.0,0,0,4,3,620.0,28,15,63.64,129,0.0,0.0,0.0
474.0,7,pa_3,E1,20.0,4,80.0,4,100.0,100.0,3,3,0,0,620.0,28,15,63.64,129,20.0,1.0,1.0
474.0,7,pa_3_rev,NEG_E1,20.0,4,80.0,4,100.0,100.0,3,3,0,0,620.0,28,15,63.64,129,20.0,1.0,1.0
474.0,7,pa_6,E5,25.0,5,125.0,5,100.0,33.33,1,1,0,2,620.0,28,15,63.64,129,25.0,0.75,1.0
474.0,7,pa_6_rev,NEG_E5,25.0,5,25.0,1,20.0,0.0,0,0,4,3,620.0,28,15,63.64,129,25.0,0.12,0.2
474.0,7,pa_7,E6,20.0,4,0.0,0,0.0,0.0,0,0,4,2,620.0,28,15,63.64,129,0.0,0.0,0.0
474.0,7,pa_7_rev,NEG_E6,20.0,4,80.0,4,100.0,100.0,2,2,0,0,620.0,28,15,63.64,129,20.0,1.0,1.0
474.0,7,pa_8,E7,25.0,5,25.0,1,20.0,0.0,0,0,4,3,620.0,28,15,63.64,129,25.0,0.12,0.2
474.0,7,pa_8_rev,NEG_E7,25.0,5,125.0,5,100.0,100.0,3,3,0,0,620.0,28,15,63.64,129,25.0,1.0,1.0
475.0,7,pa_2,E0,20.0,4,80.0,4,100.0,100.0,3,3,0,0,620.0,28,15,63.64,129,20.0,1.0,1.0
475.0,7,pa_2_rev,NEG_E0,20.0,4,0.0,0,0.0,0.0,0,0,4,3,620.0,28,15,63.64,129,0.0,0.0,0.0
475.0,7,pa_3,E1,20.0,4,80.0,4,100.0,100.0,3,3,0,0,620.0,28,15,63.64,129,20.0,1.0,1.0
475.0,7,pa_3_rev,NEG_E1,20.0,4,80.0,4,100.0,100.0,3,3,0,0,620.0,28,15,63.64,129,20.0,1.0,1.0
475.0,7,pa_6,E5,25.0,5,125.0,5,100.0,33.33,1,1,0,2,620.0,28,15,63.64,129,25.0,0.75,1.0
475.0,7,pa_6_rev,NEG_E5,25.0,5,25.0,1,20.0,0.0,0,0,4,3,620.0,28,15,63.64,129,25.0,0.12,0.2
475.0,7,pa_7,E6,20.0,4,0.0,0,0.0,0.0,0,0,4,2,620.0,28,15,63.64,129,0.0,0.0,0.0
475.0,7,pa_7_rev,NEG_E6,20.0,4,80.0,4,100.0,100.0,2,2,0,0,620.0,28,15,63.64,129,20.0,1.0,1.0
475.0,7,pa_8,E7,25.0,5,25.0,1,20.0,0.0,0,0,4,3,620.0,28,15,63.64,129,25.0,0.12,0.2
475.0,7,pa_8_rev,NEG_E7,25.0,5,125.0,5,100.0,100.0,3,3,0,0,620.0,28,15,63.64,129,25.0,1.0,1.0
476.0,7,pa_2,E0,20.0,4,80.0,4,100.0,100.0,3,3,0,0,620.0,28,15,63.64,129,20.0,1.0,1.0
476.0,7,pa_2_rev,NEG_E0,20.0,4,0.0,0,0.0,0.0,0,0,4,3,620.0,28,15,63.64,129,0.0,0.0,0.0
476.0,7,pa_3,E1,20.0,4,80.0,4,100.0,100.0,3,3,0,0,620.0,28,15,63.64,129,20.0,1.0,1.0
476.0,7,pa_3_rev,NEG_E1,20.0,4,80.0,4,100.0,100.0,3,3,0,0,620.0,28,15,63.64,129,20.0,1.0,1.0
476.0,7,pa_6,E5,25.0,5,125.0,5,100.0,33.33,1,1,0,2,620.0,28,15,63.64,129,25.0,0.75,1.0
476.0,7,pa_6_rev,NEG_E5,25.0,5,25.0,1,20.0,0.0,0,0,4,3,620.0,28,15,63.64,129,25.0,0.12,0.2
476.0,7,pa_7,E6,20.0,4,0.0,0,0.0,0.0,0,0,4,2,620.0,28,15,63.64,129,0.0,0.0,0.0
476.0,7,pa_7_rev,NEG_E6,20.0,4,80.0,4,100.0,100.0,2,2,0,0,620.0,28,15,63.64,129,20.0,1.0,1.0
476.0,7,pa_8,E7,25.0,5,25.0,1,20.0,0.0,0,0,4,3,620.0,28,15,63.64,129,25.0,0.12,0.2
476.0,7,pa_8_rev,NEG_E7,25.0,5,125.0,5,100.0,100.0,3,3,0,0,620.0,28,15,63.64,129,25.0,1.0,1.0
477.0,7,pa_2,E0,20.0,4,80.0,4,100.0,100.0,3,3,0,0,640.0,29,15,65.91,129,20.0,1.0,1.0
477.0,7,pa_2_rev,NEG_E0,20.0,4,20.0,1,25.0,0.0,0,0,3,3,640.0,29,15,65.91,129,20.0,0.14,0.25
477.0,7,pa_3,E1,20.0,4,80.0,4,100.0,100.0,3,3,0,0,640.0,29,15,65.91,129,20.0,1.0,1.0
477.0,7,pa_3_rev,NEG_E1,20.0,4,80.0,4,100.0,100.0,3,3,0,0,640.0,29,15,65.91,129,20.0,1.0,1.0
477.0,7,pa_6,E5,25.0,5,125.0,5,100.0,33.33,1,1,0,2,640.0,29,15,65.91,129,25.0,0.75,1.0
477.0,7,pa_6_rev,NEG_E5,25.0,5,25.0,1,20.0,0.0,0,0,4,3,640.0,29,15,65.91,129,25.0,0.12,0.2
477.0,7,pa_7,E6,20.0,4,0.0,0,0.0,0.0,0,0,4,2,640.0,29,15,65.91,129,0.0,0.0,0.0
477.0,7,pa_7_rev,NEG_E6,20.0,4,80.0,4,100.0,100.0,2,2,0,0,640.0,29,15,65.91,129,20.0,1.0,1.0
477.0,7,pa_8,E7,25.0,5,25.0,1,20.0,0.0,0,0,4,3,640.0,29,15,65.91,129,25.0,0.12,0.2
477.0,7,pa_8_rev,NEG_E7,25.0,5,125.0,5,100.0,100.0,3,3,0,0,640.0,29,15,65.91,129,25.0,1.0,1.0
478.0,7,pa_2,E0,20.0,4,80.0,4,100.0,100.0,3,3,0,0,640.0,29,15,65.91,129,20.0,1.0,1.0
478.0,7,pa_2_rev,NEG_E0,20.0,4,20.0,1,25.0,0.0,0,0,3,3,640.0,29,15,65.91,129,20.0,0.14,0.25
478.0,7,pa_3,E1,20.0,4,80.0,4,100.0,100.0,3,3,0,0,640.0,29,15,65.91,129,20.0,1.0,1.0
478.0,7,pa_3_rev,NEG_E1,20.0,4,80.0,4,100.0,100.0,3,3,0,0,640.0,29,15,65.91,129,20.0,1.0,1.0
478.0,7,pa_6,E5,25.0,5,125.0,5,100.0,33.33,1,1,0,2,640.0,29,15,65.91,129,25.0,0.75,1.0
478.0,7,pa_6_rev,NEG_E5,25.0,5,25.0,1,20.0,0.0,0,0,4,3,640.0,29,15,65.91,129,25.0,0.12,0.2
478.0,7,pa_7,E6,20.0,4,0.0,0,0.0,0.0,0,0,4,2,640.0,29,15,65.91,129,0.0,0.0,0.0
478.0,7,pa_7_rev,NEG_E6,20.0,4,80.0,4,100.0,100.0,2,2,0,0,640.0,29,15,65.91,129,20.0,1.0,1.0
478.0,7,pa_8,E7,25.0,5,25.0,1,20.0,0.0,0,0,4,3,640.0,29,15,65.91,129,25.0,0.12,0.2
478.0,7,pa_8_rev,NEG_E7,25.0,5,125.0,5,100.0,100.0,3,3,0,0,640.0,29,15,65.91,129,25.0,1.0,1.0
479.0,7,pa_2,E0,20.0,4,80.0,4,100.0,100.0,3,3,0,0,640.0,29,15,65.91,129,20.0,1.0,1.0
479.0,7,pa_2_rev,NEG_E0,20.0,4,20.0,1,25.0,0.0,0,0,3,3,640.0,29,15,65.91,129,20.0,0.14,0.25
479.0,7,pa_3,E1,20.0,4,80.0,4,100.0,100.0,3,3,0,0,640.0,29,15,65.91,129,20.0,1.0,1.0
479.0,7,pa_3_rev,NEG_E1,20.0,4,80.0,4,100.0,100.0,3,3,0,0,640.0,29,15,65.91,129,20.0,1.0,1.0
479.0,7,pa_6,E5,25.0,5,125.0,5,100.0,33.33,1,1,0,2,640.0,29,15,65.91,129,25.0,0.75,1.0
479.0,7,pa_6_rev,NEG_E5,25.0,5,25.0,1,20.0,0.0,0,0,4,3,640.0,29,15,65.91,129,25.0,0.12,0.2
479.0,7,pa_7,E6,20.0,4,0.0,0,0.0,0.0,0,0,4,2,640.0,29,15,65.91,129,0.0,0.0,0.0
479.0,7,pa_7_rev,NEG_E6,20.0,4,80.0,4,100.0,100.0,2,2,0,0,640.0,29,15,65.91,129,20.0,1.0,1.0
479.0,7,pa_8,E7,25.0,5,25.0,1,20.0,0.0,0,0,4,3,640.0,29,15,65.91,129,25.0,0.12,0.2
479.0,7,pa_8_rev,NEG_E7,25.0,5,125.0,5,100.0,100.0,3,3,0,0,640.0,29,15,65.91,129,25.0,1.0,1.0
480.0,8,pa_2,E0,20.0,4,80.0,4,100.0,100.0,3,3,0,0,640.0,29,15,65.91,129,20.0,1.0,1.0
480.0,8,pa_2_rev,NEG_E0,20.0,4,20.0,1,25.0,0.0,0,0,3,3,640.0,29,15,65.91,129,20.0,0.14,0.25
480.0,8,pa_3,E1,20.0,4,80.0,4,100.0,100.0,3,3,0,0,640.0,29,15,65.91,129,20.0,1.0,1.0
480.0,8,pa_3_rev,NEG_E1,20.0,4,80.0,4,100.0,100.0,3,3,0,0,640.0,29,15,65.91,129,20.0,1.0,1.0
480.0,8,pa_6,E5,25.0,5,125.0,5,100.0,33.33,1,1,0,2,640.0,29,15,65.91,129,25.0,0.75,1.0
480.0,8,pa_6_rev,NEG_E5,25.0,5,25.0,1,20.0,0.0,0,0,4,3,640.0,29,15,65.91,129,25.0,0.12,0.2
480.0,8,pa_7,E6,20.0,4,0.0,0,0.0,0.0,0,0,4,2,640.0,29,15,65.91,129,0.0,0.0,0.0
480.0,8,pa_7_rev,NEG_E6,20.0,4,80.0,4,100.0,100.0,2,2,0,0,640.0,29,15,65.91,129,20.0,1.0,1.0
480.0,8,pa_8,E7,25.0,5,25.0,1,20.0,0.0,0,0,4,3,640.0,29,15,65.91,129,25.0,0.12,0.2
480.0,8,pa_8_rev,NEG_E7,25.0,5,125.0,5,100.0,100.0,3,3,0,0,640.0,29,15,65.91,129,25.0,1.0,1.0
481.0,8,pa_2,E0,20.0,4,80.0,4,100.0,100.0,3,3,0,0,640.0,29,15,65.91,133,20.0,1.0,1.0
481.0,8,pa_2_rev,NEG_E0,20.0,4,20.0,1,25.0,0.0,0,0,3,3,640.0,29,15,65.91,133,20.0,0.14,0.25
481.0,8,pa_3,E1,20.0,4,80.0,4,100.0,100.0,3,3,0,0,640.0,29,15,65.91,133,20.0,1.0,1.0
481.0,8,pa_3_rev,NEG_E1,20.0,4,80.0,4,100.0,100.0,3,3,0,0,640.0,29,15,65.91,133,20.0,1.0,1.0
481.0,8,pa_6,E5,25.0,5,125.0,5,100.0,33.33,1,1,0,2,640.0,29,15,65.91,133,25.0,0.75,1.0
481.0,8,pa_6_rev,NEG_E5,25.0,5,25.0,1,20.0,0.0,0,0,4,3,640.0,29,15,65.91,133,25.0,0.12,0.2
481.0,8,pa_7,E6,20.0,4,0.0,0,0.0,0.0,0,0,4,2,640.0,29,15,65.91,133,0.0,0.0,0.0
481.0,8,pa_7_rev,NEG_E6,20.0,4,80.0,4,100.0,100.0,2,2,0,0,640.0,29,15,65.91,133,20.0,1.0,1.0
481.0,8,pa_8,E7,25.0,5,25.0,1,20.0,0.0,0,0,4,3,640.0,29,15,65.91,133,25.0,0.12,0.2
481.0,8,pa_8_rev,NEG_E7,25.0,5,125.0,5,100.0,100.0,3,3,0,0,640.0,29,15,65.91,133,25.0,1.0,1.0
482.0,8,pa_2,E0,20.0,4,80.0,4,100.0,100.0,3,3,0,0,640.0,29,15,65.91,133,20.0,1.0,1.0
482.0,8,pa_2_rev,NEG_E0,20.0,4,20.0,1,25.0,0.0,0,0,3,3,640.0,29,15,65.91,133,20.0,0.14,0.25
482.0,8,pa_3,E1,20.0,4,80.0,4,100.0,100.0,3,3,0,0,640.0,29,15,65.91,133,20.0,1.0,1.0
482.0,8,pa_3_rev,NEG_E1,20.0,4,80.0,4,100.0,100.0,3,3,0,0,640.0,29,15,65.91,133,20.0,1.0,1.0
482.0,8,pa_6,E5,25.0,5,125.0,5,100.0,33.33,1,1,0,2,640.0,29,15,65.91,133,25.0,0.75,1.0
482.0,8,pa_6_rev,NEG_E5,25.0,5,25.0,1,20.0,0.0,0,0,4,3,640.0,29,15,65.91,133,25.0,0.12,0.2
482.0,8,pa_7,E6,20.0,4,0.0,0,0.0,0.0,0,0,4,2,640.0,29,15,65.91,133,0.0,0.0,0.0
482.0,8,pa_7_rev,NEG_E6,20.0,4,80.0,4,100.0,100.0,2,2,0,0,640.0,29,15,65.91,133,20.0,1.0,1.0
482.0,8,pa_8,E7,25.0,5,25.0,1,20.0,0.0,0,0,4,3,640.0,29,15,65.91,133,25.0,0.12,0.2
482.0,8,pa_8_rev,NEG_E7,25.0,5,125.0,5,100.0,100.0,3,3,0,0,640.0,29,15,65.91,133,25.0,1.0,1.0
483.0,8,pa_2,E0,20.0,4,80.0,4,100.0,100.0,3,3,0,0,640.0,29,15,65.91,135,20.0,1.0,1.0
483.0,8,pa_2_rev,NEG_E0,20.0,4,20.0,1,25.0,0.0,0,0,3,3,640.0,29,15,65.91,135,20.0,0.14,0.25
483.0,8,pa_3,E1,20.0,4,80.0,4,100.0,100.0,3,3,0,0,640.0,29,15,65.91,135,20.0,1.0,1.0
483.0,8,pa_3_rev,NEG_E1,20.0,4,80.0,4,100.0,100.0,3,3,0,0,640.0,29,15,65.91,135,20.0,1.0,1.0
483.0,8,pa_6,E5,25.0,5,125.0,5,100.0,33.33,1,1,0,2,640.0,29,15,65.91,135,25.0,0.75,1.0
483.0,8,pa_6_rev,NEG_E5,25.0,5,25.0,1,20.0,0.0,0,0,4,3,640.0,29,15,65.91,135,25.0,0.12,0.2
483.0,8,pa_7,E6,20.0,4,0.0,0,0.0,0.0,0,0,4,2,640.0,29,15,65.91,135,0.0,0.0,0.0
483.0,8,pa_7_rev,NEG_E6,20.0,4,80.0,4,100.0,100.0,2,2,0,0,640.0,29,15,65.91,135,20.0,1.0,1.0
483.0,8,pa_8,E7,25.0,5,25.0,1,20.0,0.0,0,0,4,3,640.0,29,15,65.91,135,25.0,0.12,0.2
483.0,8,pa_8_rev,NEG_E7,25.0,5,125.0,5,100.0,100.0,3,3,0,0,640.0,29,15,65.91,135,25.0,1.0,1.0
484.0,8,pa_2,E0,20.0,4,80.0,4,100.0,100.0,3,3,0,0,640.0,29,15,65.91,135,20.0,1.0,1.0
484.0,8,pa_2_rev,NEG_E0,20.0,4,20.0,1,25.0,0.0,0,0,3,3,640.0,29,15,65.91,135,20.0,0.14,0.25
484.0,8,pa_3,E1,20.0,4,80.0,4,100.0,100.0,3,3,0,0,640.0,29,15,65.91,135,20.0,1.0,1.0
484.0,8,pa_3_rev,NEG_E1,20.0,4,80.0,4,100.0,100.0,3,3,0,0,640.0,29,15,65.91,135,20.0,1.0,1.0
484.0,8,pa_6,E5,25.0,5,125.0,5,100.0,33.33,1,1,0,2,640.0,29,15,65.91,135,25.0,0.75,1.0
484.0,8,pa_6_rev,NEG_E5,25.0,5,25.0,1,20.0,0.0,0,0,4,3,640.0,29,15,65.91,135,25.0,0.12,0.2
484.0,8,pa_7,E6,20.0,4,0.0,0,0.0,0.0,0,0,4,2,640.0,29,15,65.91,135,0.0,0.0,0.0
484.0,8,pa_7_rev,NEG_E6,20.0,4,80.0,4,100.0,100.0,2,2,0,0,640.0,29,15,65.91,135,20.0,1.0,1.0
484.0,8,pa_8,E7,25.0,5,25.0,1,20.0,0.0,0,0,4,3,640.0,29,15,65.91,135,25.0,0.12,0.2
484.0,8,pa_8_rev,NEG_E7,25.0,5,125.0,5,100.0,100.0,3,3,0,0,640.0,29,15,65.91,135,25.0,1.0,1.0
485.0,8,pa_2,E0,20.0,4,80.0,4,100.0,100.0,3,3,0,0,640.0,29,15,65.91,135,20.0,1.0,1.0
485.0,8,pa_2_rev,NEG_E0,20.0,4,20.0,1,25.0,0.0,0,0,3,3,640.0,29,15,65.91,135,20.0,0.14,0.25
485.0,8,pa_3,E1,20.0,4,80.0,4,100.0,100.0,3,3,0,0,640.0,29,15,65.91,135,20.0,1.0,1.0
485.0,8,pa_3_rev,NEG_E1,20.0,4,80.0,4,100.0,100.0,3,3,0,0,640.0,29,15,65.91,135,20.0,1.0,1.0
485.0,8,pa_6,E5,25.0,5,125.0,5,100.0,33.33,1,1,0,2,640.0,29,15,65.91,135,25.0,0.75,1.0
485.0,8,pa_6_rev,NEG_E5,25.0,5,25.0,1,20.0,0.0,0,0,4,3,640.0,29,15,65.91,135,25.0,0.12,0.2
485.0,8,pa_7,E6,20.0,4,0.0,0,0.0,0.0,0,0,4,2,640.0,29,15,65.91,135,0.0,0.0,0.0
485.0,8,pa_7_rev,NEG_E6,20.0,4,80.0,4,100.0,100.0,2,2,0,0,640.0,29,15,65.91,135,20.0,1.0,1.0
485.0,8,pa_8,E7,25.0,5,25.0,1,20.0,0.0,0,0,4,3,640.0,29,15,65.91,135,25.0,0.12,0.2
485.0,8,pa_8_rev,NEG_E7,25.0,5,125.0,5,100.0,100.0,3,3,0,0,640.0,29,15,65.91,135,25.0,1.0,1.0
486.0,8,pa_2,E0,20.0,4,80.0,4,100.0,100.0,3,3,0,0,640.0,29,15,65.91,136,20.0,1.0,1.0
486.0,8,pa_2_rev,NEG_E0,20.0,4,20.0,1,25.0,0.0,0,0,3,3,640.0,29,15,65.91,136,20.0,0.14,0.25
486.0,8,pa_3,E1,20.0,4,80.0,4,100.0,100.0,3,3,0,0,640.0,29,15,65.91,136,20.0,1.0,1.0
486.0,8,pa_3_rev,NEG_E1,20.0,4,80.0,4,100.0,100.0,3,3,0,0,640.0,29,15,65.91,136,20.0,1.0,1.0
486.0,8,pa_6,E5,25.0,5,125.0,5,100.0,33.33,1,1,0,2,640.0,29,15,65.91,136,25.0,0.75,1.0
486.0,8,pa_6_rev,NEG_E5,25.0,5,25.0,1,20.0,0.0,0,0,4,3,640.0,29,15,65.91,136,25.0,0.12,0.2
486.0,8,pa_7,E6,20.0,4,0.0,0,0.0,0.0,0,0,4,2,640.0,29,15,65.91,136,0.0,0.0,0.0
486.0,8,pa_7_rev,NEG_E6,20.0,4,80.0,4,100.0,100.0,2,2,0,0,640.0,29,15,65.91,136,20.0,1.0,1.0
486.0,8,pa_8,E7,25.0,5,25.0,1,20.0,0.0,0,0,4,3,640.0,29,15,65.91,136,25.0,0.12,0.2
486.0,8,pa_8_rev,NEG_E7,25.0,5,125.0,5,100.0,100.0,3,3,0,0,640.0,29,15,65.91,136,25.0,1.0,1.0
487.0,8,pa_2,E0,20.0,4,80.0,4,100.0,100.0,3,3,0,0,640.0,29,15,65.91,136,20.0,1.0,1.0
487.0,8,pa_2_rev,NEG_E0,20.0,4,20.0,1,25.0,0.0,0,0,3,3,640.0,29,15,65.91,136,20.0,0.14,0.25
487.0,8,pa_3,E1,20.0,4,80.0,4,100.0,100.0,3,3,0,0,640.0,29,15,65.91,136,20.0,1.0,1.0
487.0,8,pa_3_rev,NEG_E1,20.0,4,80.0,4,100.0,100.0,3,3,0,0,640.0,29,15,65.91,136,20.0,1.0,1.0
487.0,8,pa_6,E5,25.0,5,125.0,5,100.0,33.33,1,1,0,2,640.0,29,15,65.91,136,25.0,0.75,1.0
487.0,8,pa_6_rev,NEG_E5,25.0,5,25.0,1,20.0,0.0,0,0,4,3,640.0,29,15,65.91,136,25.0,0.12,0.2
487.0,8,pa_7,E6,20.0,4,0.0,0,0.0,0.0,0,0,4,2,640.0,29,15,65.91,136,0.0,0.0,0.0
487.0,8,pa_7_rev,NEG_E6,20.0,4,80.0,4,100.0,100.0,2,2,0,0,640.0,29,15,65.91,136,20.0,1.0,1.0
487.0,8,pa_8,E7,25.0,5,25.0,1,20.0,0.0,0,0,4,3,640.0,29,15,65.91,136,25.0,0.12,0.2
487.0,8,pa_8_rev,NEG_E7,25.0,5,125.0,5,100.0,100.0,3,3,0,0,640.0,29,15,65.91,136,25.0,1.0,1.0
488.0,8,pa_2,E0,20.0,4,80.0,4,100.0,100.0,3,3,0,0,640.0,29,15,65.91,137,20.0,1.0,1.0
488.0,8,pa_2_rev,NEG_E0,20.0,4,20.0,1,25.0,0.0,0,0,3,3,640.0,29,15,65.91,137,20.0,0.14,0.25
488.0,8,pa_3,E1,20.0,4,80.0,4,100.0,100.0,3,3,0,0,640.0,29,15,65.91,137,20.0,1.0,1.0
488.0,8,pa_3_rev,NEG_E1,20.0,4,80.0,4,100.0,100.0,3,3,0,0,640.0,29,15,65.91,137,20.0,1.0,1.0
488.0,8,pa_6,E5,25.0,5,125.0,5,100.0,33.33,1,1,0,2,640.0,29,15,65.91,137,25.0,0.75,1.0
488.0,8,pa_6_rev,NEG_E5,25.0,5,25.0,1,20.0,0.0,0,0,4,3,640.0,29,15,65.91,137,25.0,0.12,0.2
488.0,8,pa_7,E6,20.0,4,0.0,0,0.0,0.0,0,0,4,2,640.0,29,15,65.91,137,0.0,0.0,0.0
488.0,8,pa_7_rev,NEG_E6,20.0,4,80.0,4,100.0,100.0,2,2,0,0,640.0,29,15,65.91,137,20.0,1.0,1.0
488.0,8,pa_8,E7,25.0,5,25.0,1,20.0,0.0,0,0,4,3,640.0,29,15,65.91,137,25.0,0.12,0.2
488.0,8,pa_8_rev,NEG_E7,25.0,5,125.0,5,100.0,100.0,3,3,0,0,640.0,29,15,65.91,137,25.0,1.0,1.0
489.0,8,pa_2,E0,20.0,4,80.0,4,100.0,100.0,3,3,0,0,640.0,29,15,65.91,137,20.0,1.0,1.0
489.0,8,pa_2_rev,NEG_E0,20.0,4,20.0,1,25.0,0.0,0,0,3,3,640.0,29,15,65.91,137,20.0,0.14,0.25
489.0,8,pa_3,E1,20.0,4,80.0,4,100.0,100.0,3,3,0,0,640.0,29,15,65.91,137,20.0,1.0,1.0
489.0,8,pa_3_rev,NEG_E1,20.0,4,80.0,4,100.0,100.0,3,3,0,0,640.0,29,15,65.91,137,20.0,1.0,1.0
489.0,8,pa_6,E5,25.0,5,125.0,5,100.0,33.33,1,1,0,2,640.0,29,15,65.91,137,25.0,0.75,1.0
489.0,8,pa_6_rev,NEG_E5,25.0,5,25.0,1,20.0,0.0,0,0,4,3,640.0,29,15,65.91,137,25.0,0.12,0.2
489.0,8,pa_7,E6,20.0,4,0.0,0,0.0,0.0,0,0,4,2,640.0,29,15,65.91,137,0.0,0.0,0.0
489.0,8,pa_7_rev,NEG_E6,20.0,4,80.0,4,100.0,100.0,2,2,0,0,640.0,29,15,65.91,137,20.0,1.0,1.0
489.0,8,pa_8,E7,25.0,5,25.0,1,20.0,0.0,0,0,4,3,640.0,29,15,65.91,137,25.0,0.12,0.2
489.0,8,pa_8_rev,NEG_E7,25.0,5,125.0,5,100.0,100.0,3,3,0,0,640.0,29,15,65.91,137,25.0,1.0,1.0
490.0,8,pa_2,E0,20.0,4,80.0,4,100.0,100.0,3,3,0,0,640.0,29,15,65.91,137,20.0,1.0,1.0
490.0,8,pa_2_rev,NEG_E0,20.0,4,20.0,1,25.0,0.0,0,0,3,3,640.0,29,15,65.91,137,20.0,0.14,0.25
490.0,8,pa_3,E1,20.0,4,80.0,4,100.0,100.0,3,3,0,0,640.0,29,15,65.91,137,20.0,1.0,1.0
490.0,8,pa_3_rev,NEG_E1,20.0,4,80.0,4,100.0,100.0,3,3,0,0,640.0,29,15,65.91,137,20.0,1.0,1.0
490.0,8,pa_6,E5,25.0,5,125.0,5,100.0,33.33,1,1,0,2,640.0,29,15,65.91,137,25.0,0.75,1.0
490.0,8,pa_6_rev,NEG_E5,25.0,5,25.0,1,20.0,0.0,0,0,4,3,640.0,29,15,65.91,137,25.0,0.12,0.2
490.0,8,pa_7,E6,20.0,4,0.0,0,0.0,0.0,0,0,4,2,640.0,29,15,65.91,137,0.0,0.0,0.0
490.0,8,pa_7_rev,NEG_E6,20.0,4,80.0,4,100.0,100.0,2,2,0,0,640.0,29,15,65.91,137,20.0,1.0,1.0
490.0,8,pa_8,E7,25.0,5,25.0,1,20.0,0.0,0,0,4,3,640.0,29,15,65.91,137,25.0,0.12,0.2
490.0,8,pa_8_rev,NEG_E7,25.0,5,125.0,5,100.0,100.0,3,3,0,0,640.0,29,15,65.91,137,25.0,1.0,1.0
491.0,8,pa_2,E0,20.0,4,80.0,4,100.0,100.0,3,3,0,0,640.0,29,15,65.91,137,20.0,1.0,1.0
491.0,8,pa_2_rev,NEG_E0,20.0,4,20.0,1,25.0,0.0,0,0,3,3,640.0,29,15,65.91,137,20.0,0.14,0.25
491.0,8,pa_3,E1,20.0,4,80.0,4,100.0,100.0,3,3,0,0,640.0,29,15,65.91,137,20.0,1.0,1.0
491.0,8,pa_3_rev,NEG_E1,20.0,4,80.0,4,100.0,100.0,3,3,0,0,640.0,29,15,65.91,137,20.0,1.0,1.0
491.0,8,pa_6,E5,25.0,5,125.0,5,100.0,33.33,1,1,0,2,640.0,29,15,65.91,137,25.0,0.75,1.0
491.0,8,pa_6_rev,NEG_E5,25.0,5,25.0,1,20.0,0.0,0,0,4,3,640.0,29,15,65.91,137,25.0,0.12,0.2
491.0,8,pa_7,E6,20.0,4,0.0,0,0.0,0.0,0,0,4,2,640.0,29,15,65.91,137,0.0,0.0,0.0
491.0,8,pa_7_rev,NEG_E6,20.0,4,80.0,4,100.0,100.0,2,2,0,0,640.0,29,15,65.91,137,20.0,1.0,1.0
491.0,8,pa_8,E7,25.0,5,25.0,1,20.0,0.0,0,0,4,3,640.0,29,15,65.91,137,25.0,0.12,0.2
491.0,8,pa_8_rev,NEG_E7,25.0,5,125.0,5,100.0,100.0,3,3,0,0,640.0,29,15,65.91,137,25.0,1.0,1.0
492.0,8,pa_2,E0,20.0,4,80.0,4,100.0,100.0,3,3,0,0,640.0,29,15,65.91,137,20.0,1.0,1.0
492.0,8,pa_2_rev,NEG_E0,20.0,4,20.0,1,25.0,0.0,0,0,3,3,640.0,29,15,65.91,137,20.0,0.14,0.25
492.0,8,pa_3,E1,20.0,4,80.0,4,100.0,100.0,3,3,0,0,640.0,29,15,65.91,137,20.0,1.0,1.0
492.0,8,pa_3_rev,NEG_E1,20.0,4,80.0,4,100.0,100.0,3,3,0,0,640.0,29,15,65.91,137,20.0,1.0,1.0
492.0,8,pa_6,E5,25.0,5,125.0,5,100.0,33.33,1,1,0,2,640.0,29,15,65.91,137,25.0,0.75,1.0
492.0,8,pa_6_rev,NEG_E5,25.0,5,25.0,1,20.0,0.0,0,0,4,3,640.0,29,15,65.91,137,25.0,0.12,0.2
492.0,8,pa_7,E6,20.0,4,0.0,0,0.0,0.0,0,0,4,2,640.0,29,15,65.91,137,0.0,0.0,0.0
492.0,8,pa_7_rev,NEG_E6,20.0,4,80.0,4,100.0,100.0,2,2,0,0,640.0,29,15,65.91,137,20.0,1.0,1.0
492.0,8,pa_8,E7,25.0,5,25.0,1,20.0,0.0,0,0,4,3,640.0,29,15,65.91,137,25.0,0.12,0.2
492.0,8,pa_8_rev,NEG_E7,25.0,5,125.0,5,100.0,100.0,3,3,0,0,640.0,29,15,65.91,137,25.0,1.0,1.0
493.0,8,pa_2,E0,20.0,4,80.0,4,100.0,100.0,3,3,0,0,640.0,29,15,65.91,137,20.0,1.0,1.0
493.0,8,pa_2_rev,NEG_E0,20.0,4,20.0,1,25.0,0.0,0,0,3,3,640.0,29,15,65.91,137,20.0,0.14,0.25
493.0,8,pa_3,E1,20.0,4,80.0,4,100.0,100.0,3,3,0,0,640.0,29,15,65.91,137,20.0,1.0,1.0
493.0,8,pa_3_rev,NEG_E1,20.0,4,80.0,4,100.0,100.0,3,3,0,0,640.0,29,15,65.91,137,20.0,1.0,1.0
493.0,8,pa_6,E5,25.0,5,125.0,5,100.0,33.33,1,1,0,2,640.0,29,15,65.91,137,25.0,0.75,1.0
493.0,8,pa_6_rev,NEG_E5,25.0,5,25.0,1,20.0,0.0,0,0,4,3,640.0,29,15,65.91,137,25.0,0.12,0.2
493.0,8,pa_7,E6,20.0,4,0.0,0,0.0,0.0,0,0,4,2,640.0,29,15,65.91,137,0.0,0.0,0.0
493.0,8,pa_7_rev,NEG_E6,20.0,4,80.0,4,100.0,100.0,2,2,0,0,640.0,29,15,65.91,137,20.0,1.0,1.0
493.0,8,pa_8,E7,25.0,5,25.0,1,20.0,0.0,0,0,4,3,640.0,29,15,65.91,137,25.0,0.12,0.2
493.0,8,pa_8_rev,NEG_E7,25.0,5,125.0,5,100.0,100.0,3,3,0,0,640.0,29,15,65.91,137,25.0,1.0,1.0
494.0,8,pa_2,E0,20.0,4,80.0,4,100.0,100.0,3,3,0,0,640.0,29,15,65.91,137,20.0,1.0,1.0
494.0,8,pa_2_rev,NEG_E0,20.0,4,20.0,1,25.0,0.0,0,0,3,3,640.0,29,15,65.91,137,20.0,0.14,0.25
494.0,8,pa_3,E1,20.0,4,80.0,4,100.0,100.0,3,3,0,0,640.0,29,15,65.91,137,20.0,1.0,1.0
494.0,8,pa_3_rev,NEG_E1,20.0,4,80.0,4,100.0,100.0,3,3,0,0,640.0,29,15,65.91,137,20.0,1.0,1.0
494.0,8,pa_6,E5,25.0,5,125.0,5,100.0,33.33,1,1,0,2,640.0,29,15,65.91,137,25.0,0.75,1.0
494.0,8,pa_6_rev,NEG_E5,25.0,5,25.0,1,20.0,0.0,0,0,4,3,640.0,29,15,65.91,137,25.0,0.12,0.2
494.0,8,pa_7,E6,20.0,4,0.0,0,0.0,0.0,0,0,4,2,640.0,29,15,65.91,137,0.0,0.0,0.0
494.0,8,pa_7_rev,NEG_E6,20.0,4,80.0,4,100.0,100.0,2,2,0,0,640.0,29,15,65.91,137,20.0,1.0,1.0
494.0,8,pa_8,E7,25.0,5,25.0,1,20.0,0.0,0,0,4,3,640.0,29,15,65.91,137,25.0,0.12,0.2
494.0,8,pa_8_rev,NEG_E7,25.0,5,125.0,5,100.0,100.0,3,3,0,0,640.0,29,15,65.91,137,25.0,1.0,1.0
495.0,8,pa_2,E0,20.0,4,80.0,4,100.0,100.0,3,3,0,0,640.0,29,15,65.91,137,20.0,1.0,1.0
495.0,8,pa_2_rev,NEG_E0,20.0,4,20.0,1,25.0,0.0,0,0,3,3,640.0,29,15,65.91,137,20.0,0.14,0.25
495.0,8,pa_3,E1,20.0,4,80.0,4,100.0,100.0,3,3,0,0,640.0,29,15,65.91,137,20.0,1.0,1.0
495.0,8,pa_3_rev,NEG_E1,20.0,4,80.0,4,100.0,100.0,3,3,0,0,640.0,29,15,65.91,137,20.0,1.0,1.0
495.0,8,pa_6,E5,25.0,5,125.0,5,100.0,33.33,1,1,0,2,640.0,29,15,65.91,137,25.0,0.75,1.0
495.0,8,pa_6_rev,NEG_E5,25.0,5,25.0,1,20.0,0.0,0,0,4,3,640.0,29,15,65.91,137,25.0,0.12,0.2
495.0,8,pa_7,E6,20.0,4,0.0,0,0.0,0.0,0,0,4,2,640.0,29,15,65.91,137,0.0,0.0,0.0
495.0,8,pa_7_rev,NEG_E6,20.0,4,80.0,4,100.0,100.0,2,2,0,0,640.0,29,15,65.91,137,20.0,1.0,1.0
495.0,8,pa_8,E7,25.0,5,25.0,1,20.0,0.0,0,0,4,3,640.0,29,15,65.91,137,25.0,0.12,0.2
495.0,8,pa_8_rev,NEG_E7,25.0,5,125.0,5,100.0,100.0,3,3,0,0,640.0,29,15,65.91,137,25.0,1.0,1.0
496.0,8,pa_2,E0,20.0,4,80.0,4,100.0,100.0,3,3,0,0,660.0,30,15,68.18,138,20.0,1.0,1.0
496.0,8,pa_2_rev,NEG_E0,20.0,4,40.0,2,50.0,0.0,0,0,2,3,660.0,30,15,68.18,138,20.0,0.29,0.5
496.0,8,pa_3,E1,20.0,4,80.0,4,100.0,100.0,3,3,0,0,660.0,30,15,68.18,138,20.0,1.0,1.0
496.0,8,pa_3_rev,NEG_E1,20.0,4,80.0,4,100.0,100.0,3,3,0,0,660.0,30,15,68.18,138,20.0,1.0,1.0
496.0,8,pa_6,E5,25.0,5,125.0,5,100.0,33.33,1,1,0,2,660.0,30,15,68.18,138,25.0,0.75,1.0
496.0,8,pa_6_rev,NEG_E5,25.0,5,25.0,1,20.0,0.0,0,0,4,3,660.0,30,15,68.18,138,25.0,0.12,0.2
496.0,8,pa_7,E6,20.0,4,0.0,0,0.0,0.0,0,0,4,2,660.0,30,15,68.18,138,0.0,0.0,0.0
496.0,8,pa_7_rev,NEG_E6,20.0,4,80.0,4,100.0,100.0,2,2,0,0,660.0,30,15,68.18,138,20.0,1.0,1.0
496.0,8,pa_8,E7,25.0,5,25.0,1,20.0,0.0,0,0,4,3,660.0,30,15,68.18,138,25.0,0.12,0.2
496.0,8,pa_8_rev,NEG_E7,25.0,5,125.0,5,100.0,100.0,3,3,0,0,660.0,30,15,68.18,138,25.0,1.0,1.0
497.0,8,pa_2,E0,20.0,4,80.0,4,100.0,100.0,3,3,0,0,660.0,30,15,68.18,138,20.0,1.0,1.0
497.0,8,pa_2_rev,NEG_E0,20.0,4,40.0,2,50.0,0.0,0,0,2,3,660.0,30,15,68.18,138,20.0,0.29,0.5
497.0,8,pa_3,E1,20.0,4,80.0,4,100.0,100.0,3,3,0,0,660.0,30,15,68.18,138,20.0,1.0,1.0
497.0,8,pa_3_rev,NEG_E1,20.0,4,80.0,4,100.0,100.0,3,3,0,0,660.0,30,15,68.18,138,20.0,1.0,1.0
497.0,8,pa_6,E5,25.0,5,125.0,5,100.0,33.33,1,1,0,2,660.0,30,15,68.18,138,25.0,0.75,1.0
497.0,8,pa_6_rev,NEG_E5,25.0,5,25.0,1,20.0,0.0,0,0,4,3,660.0,30,15,68.18,138,25.0,0.12,0.2
497.0,8,pa_7,E6,20.0,4,0.0,0,0.0,0.0,0,0,4,2,660.0,30,15,68.18,138,0.0,0.0,0.0
497.0,8,pa_7_rev,NEG_E6,20.0,4,80.0,4,100.0,100.0,2,2,0,0,660.0,30,15,68.18,138,20.0,1.0,1.0
497.0,8,pa_8,E7,25.0,5,25.0,1,20.0,0.0,0,0,4,3,660.0,30,15,68.18,138,25.0,0.12,0.2
497.0,8,pa_8_rev,NEG_E7,25.0,5,125.0,5,100.0,100.0,3,3,0,0,660.0,30,15,68.18,138,25.0,1.0,1.0
498.0,8,pa_2,E0,20.0,4,80.0,4,100.0,100.0,3,3,0,0,660.0,30,15,68.18,138,20.0,1.0,1.0
498.0,8,pa_2_rev,NEG_E0,20.0,4,40.0,2,50.0,0.0,0,0,2,3,660.0,30,15,68.18,138,20.0,0.29,0.5
498.0,8,pa_3,E1,20.0,4,80.0,4,100.0,100.0,3,3,0,0,660.0,30,15,68.18,138,20.0,1.0,1.0
498.0,8,pa_3_rev,NEG_E1,20.0,4,80.0,4,100.0,100.0,3,3,0,0,660.0,30,15,68.18,138,20.0,1.0,1.0
498.0,8,pa_6,E5,25.0,5,125.0,5,100.0,33.33,1,1,0,2,660.0,30,15,68.18,138,25.0,0.75,1.0
498.0,8,pa_6_rev,NEG_E5,25.0,5,25.0,1,20.0,0.0,0,0,4,3,660.0,30,15,68.18,138,25.0,0.12,0.2
498.0,8,pa_7,E6,20.0,4,0.0,0,0.0,0.0,0,0,4,2,660.0,30,15,68.18,138,0.0,0.0,0.0
498.0,8,pa_7_rev,NEG_E6,20.0,4,80.0,4,100.0,100.0,2,2,0,0,660.0,30,15,68.18,138,20.0,1.0,1.0
498.0,8,pa_8,E7,25.0,5,25.0,1,20.0,0.0,0,0,4,3,660.0,30,15,68.18,138,25.0,0.12,0.2
498.0,8,pa_8_rev,NEG_E7,25.0,5,125.0,5,100.0,100.0,3,3,0,0,660.0,30,15,68.18,138,25.0,1.0,1.0
499.0,8,pa_2,E0,20.0,4,80.0,4,100.0,100.0,3,3,0,0,660.0,30,15,68.18,138,20.0,1.0,1.0
499.0,8,pa_2_rev,NEG_E0,20.0,4,40.0,2,50.0,0.0,0,0,2,3,660.0,30,15,68.18,138,20.0,0.29,0.5
499.0,8,pa_3,E1,20.0,4,80.0,4,100.0,100.0,3,3,0,0,660.0,30,15,68.18,138,20.0,1.0,1.0
499.0,8,pa_3_rev,NEG_E1,20.0,4,80.0,4,100.0,100.0,3,3,0,0,660.0,30,15,68.18,138,20.0,1.0,1.0
499.0,8,pa_6,E5,25.0,5,125.0,5,100.0,33.33,1,1,0,2,660.0,30,15,68.18,138,25.0,0.75,1.0
499.0,8,pa_6_rev,NEG_E5,25.0,5,25.0,1,20.0,0.0,0,0,4,3,660.0,30,15,68.18,138,25.0,0.12,0.2
499.0,8,pa_7,E6,20.0,4,0.0,0,0.0,0.0,0,0,4,2,660.0,30,15,68.18,138,0.0,0.0,0.0
499.0,8,pa_7_rev,NEG_E6,20.0,4,80.0,4,100.0,100.0,2,2,0,0,660.0,30,15,68.18,138,20.0,1.0,1.0
499.0,8,pa_8,E7,25.0,5,25.0,1,20.0,0.0,0,0,4,3,660.0,30,15,68.18,138,25.0,0.12,0.2
499.0,8,pa_8_rev,NEG_E7,25.0,5,125.0,5,100.0,100.0,3,3,0,0,660.0,30,15,68.18,138,25.0,1.0,1.0
500.0,8,pa_2,E0,20.0,4,80.0,4,100.0,100.0,3,3,0,0,660.0,30,15,68.18,138,20.0,1.0,1.0
500.0,8,pa_2_rev,NEG_E0,20.0,4,40.0,2,50.0,0.0,0,0,2,3,660.0,30,15,68.18,138,20.0,0.29,0.5
500.0,8,pa_3,E1,20.0,4,80.0,4,100.0,100.0,3,3,0,0,660.0,30,15,68.18,138,20.0,1.0,1.0
500.0,8,pa_3_rev,NEG_E1,20.0,4,80.0,4,100.0,100.0,3,3,0,0,660.0,30,15,68.18,138,20.0,1.0,1.0
500.0,8,pa_6,E5,25.0,5,125.0,5,100.0,33.33,1,1,0,2,660.0,30,15,68.18,138,25.0,0.75,1.0
500.0,8,pa_6_rev,NEG_E5,25.0,5,25.0,1,20.0,0.0,0,0,4,3,660.0,30,15,68.18,138,25.0,0.12,0.2
500.0,8,pa_7,E6,20.0,4,0.0,0,0.0,0.0,0,0,4,2,660.0,30,15,68.18,138,0.0,0.0,0.0
500.0,8,pa_7_rev,NEG_E6,20.0,4,80.0,4,100.0,100.0,2,2,0,0,660.0,30,15,68.18,138,20.0,1.0,1.0
500.0,8,pa_8,E7,25.0,5,25.0,1,20.0,0.0,0,0,4,3,660.0,30,15,68.18,138,25.0,0.12,0.2
500.0,8,pa_8_rev,NEG_E7,25.0,5,125.0,5,100.0,100.0,3,3,0,0,660.0,30,15,68.18,138,25.0,1.0,1.0
501.0,8,pa_2,E0,20.0,4,80.0,4,100.0,100.0,3,3,0,0,660.0,30,15,68.18,138,20.0,1.0,1.0
501.0,8,pa_2_rev,NEG_E0,20.0,4,40.0,2,50.0,0.0,0,0,2,3,660.0,30,15,68.18,138,20.0,0.29,0.5
501.0,8,pa_3,E1,20.0,4,80.0,4,100.0,100.0,3,3,0,0,660.0,30,15,68.18,138,20.0,1.0,1.0
501.0,8,pa_3_rev,NEG_E1,20.0,4,80.0,4,100.0,100.0,3,3,0,0,660.0,30,15,68.18,138,20.0,1.0,1.0
501.0,8,pa_6,E5,25.0,5,125.0,5,100.0,33.33,1,1,0,2,660.0,30,15,68.18,138,25.0,0.75,1.0
501.0,8,pa_6_rev,NEG_E5,25.0,5,25.0,1,20.0,0.0,0,0,4,3,660.0,30,15,68.18,138,25.0,0.12,0.2
501.0,8,pa_7,E6,20.0,4,0.0,0,0.0,0.0,0,0,4,2,660.0,30,15,68.18,138,0.0,0.0,0.0
501.0,8,pa_7_rev,NEG_E6,20.0,4,80.0,4,100.0,100.0,2,2,0,0,660.0,30,15,68.18,138,20.0,1.0,1.0
501.0,8,pa_8,E7,25.0,5,25.0,1,20.0,0.0,0,0,4,3,660.0,30,15,68.18,138,25.0,0.12,0.2
501.0,8,pa_8_rev,NEG_E7,25.0,5,125.0,5,100.0,100.0,3,3,0,0,660.0,30,15,68.18,138,25.0,1.0,1.0
502.0,8,pa_2,E0,20.0,4,80.0,4,100.0,100.0,3,3,0,0,660.0,30,15,68.18,137,20.0,1.0,1.0
502.0,8,pa_2_rev,NEG_E0,20.0,4,40.0,2,50.0,0.0,0,0,2,3,660.0,30,15,68.18,137,20.0,0.29,0.5
502.0,8,pa_3,E1,20.0,4,80.0,4,100.0,100.0,3,3,0,0,660.0,30,15,68.18,137,20.0,1.0,1.0
502.0,8,pa_3_rev,NEG_E1,20.0,4,80.0,4,100.0,100.0,3,3,0,0,660.0,30,15,68.18,137,20.0,1.0,1.0
502.0,8,pa_6,E5,25.0,5,125.0,5,100.0,33.33,1,1,0,2,660.0,30,15,68.18,137,25.0,0.75,1.0
502.0,8,pa_6_rev,NEG_E5,25.0,5,25.0,1,20.0,0.0,0,0,4,3,660.0,30,15,68.18,137,25.0,0.12,0.2
502.0,8,pa_7,E6,20.0,4,0.0,0,0.0,0.0,0,0,4,2,660.0,30,15,68.18,137,0.0,0.0,0.0
502.0,8,pa_7_rev,NEG_E6,20.0,4,80.0,4,100.0,100.0,2,2,0,0,660.0,30,15,68.18,137,20.0,1.0,1.0
502.0,8,pa_8,E7,25.0,5,25.0,1,20.0,0.0,0,0,4,3,660.0,30,15,68.18,137,25.0,0.12,0.2
502.0,8,pa_8_rev,NEG_E7,25.0,5,125.0,5,100.0,100.0,3,3,0,0,660.0,30,15,68.18,137,25.0,1.0,1.0
503.0,8,pa_2,E0,20.0,4,80.0,4,100.0,100.0,3,3,0,0,660.0,30,15,68.18,137,20.0,1.0,1.0
503.0,8,pa_2_rev,NEG_E0,20.0,4,40.0,2,50.0,0.0,0,0,2,3,660.0,30,15,68.18,137,20.0,0.29,0.5
503.0,8,pa_3,E1,20.0,4,80.0,4,100.0,100.0,3,3,0,0,660.0,30,15,68.18,137,20.0,1.0,1.0
503.0,8,pa_3_rev,NEG_E1,20.0,4,80.0,4,100.0,100.0,3,3,0,0,660.0,30,15,68.18,137,20.0,1.0,1.0
503.0,8,pa_6,E5,25.0,5,125.0,5,100.0,33.33,1,1,0,2,660.0,30,15,68.18,137,25.0,0.75,1.0
503.0,8,pa_6_rev,NEG_E5,25.0,5,25.0,1,20.0,0.0,0,0,4,3,660.0,30,15,68.18,137,25.0,0.12,0.2
503.0,8,pa_7,E6,20.0,4,0.0,0,0.0,0.0,0,0,4,2,660.0,30,15,68.18,137,0.0,0.0,0.0
503.0,8,pa_7_rev,NEG_E6,20.0,4,80.0,4,100.0,100.0,2,2,0,0,660.0,30,15,68.18,137,20.0,1.0,1.0
503.0,8,pa_8,E7,25.0,5,25.0,1,20.0,0.0,0,0,4,3,660.0,30,15,68.18,137,25.0,0.12,0.2
503.0,8,pa_8_rev,NEG_E7,25.0,5,125.0,5,100.0,100.0,3,3,0,0,660.0,30,15,68.18,137,25.0,1.0,1.0
504.0,8,pa_2,E0,20.0,4,80.0,4,100.0,100.0,3,3,0,0,660.0,30,15,68.18,137,20.0,1.0,1.0
504.0,8,pa_2_rev,NEG_E0,20.0,4,40.0,2,50.0,0.0,0,0,2,3,660.0,30,15,68.18,137,20.0,0.29,0.5
504.0,8,pa_3,E1,20.0,4,80.0,4,100.0,100.0,3,3,0,0,660.0,30,15,68.18,137,20.0,1.0,1.0
504.0,8,pa_3_rev,NEG_E1,20.0,4,80.0,4,100.0,100.0,3,3,0,0,660.0,30,15,68.18,137,20.0,1.0,1.0
504.0,8,pa_6,E5,25.0,5,125.0,5,100.0,33.33,1,1,0,2,660.0,30,15,68.18,137,25.0,0.75,1.0
504.0,8,pa_6_rev,NEG_E5,25.0,5,25.0,1,20.0,0.0,0,0,4,3,660.0,30,15,68.18,137,25.0,0.12,0.2
504.0,8,pa_7,E6,20.0,4,0.0,0,0.0,0.0,0,0,4,2,660.0,30,15,68.18,137,0.0,0.0,0.0
504.0,8,pa_7_rev,NEG_E6,20.0,4,80.0,4,100.0,100.0,2,2,0,0,660.0,30,15,68.18,137,20.0,1.0,1.0
504.0,8,pa_8,E7,25.0,5,25.0,1,20.0,0.0,0,0,4,3,660.0,30,15,68.18,137,25.0,0.12,0.2
504.0,8,pa_8_rev,NEG_E7,25.0,5,125.0,5,100.0,100.0,3,3,0,0,660.0,30,15,68.18,137,25.0,1.0,1.0
505.0,8,pa_2,E0,20.0,4,80.0,4,100.0,100.0,3,3,0,0,660.0,30,15,68.18,139,20.0,1.0,1.0
505.0,8,pa_2_rev,NEG_E0,20.0,4,40.0,2,50.0,0.0,0,0,2,3,660.0,30,15,68.18,139,20.0,0.29,0.5
505.0,8,pa_3,E1,20.0,4,80.0,4,100.0,100.0,3,3,0,0,660.0,30,15,68.18,139,20.0,1.0,1.0
505.0,8,pa_3_rev,NEG_E1,20.0,4,80.0,4,100.0,100.0,3,3,0,0,660.0,30,15,68.18,139,20.0,1.0,1.0
505.0,8,pa_6,E5,25.0,5,125.0,5,100.0,33.33,1,1,0,2,660.0,30,15,68.18,139,25.0,0.75,1.0
505.0,8,pa_6_rev,NEG_E5,25.0,5,25.0,1,20.0,0.0,0,0,4,3,660.0,30,15,68.18,139,25.0,0.12,0.2
505.0,8,pa_7,E6,20.0,4,0.0,0,0.0,0.0,0,0,4,2,660.0,30,15,68.18,139,0.0,0.0,0.0
505.0,8,pa_7_rev,NEG_E6,20.0,4,80.0,4,100.0,100.0,2,2,0,0,660.0,30,15,68.18,139,20.0,1.0,1.0
505.0,8,pa_8,E7,25.0,5,25.0,1,20.0,0.0,0,0,4,3,660.0,30,15,68.18,139,25.0,0.12,0.2
505.0,8,pa_8_rev,NEG_E7,25.0,5,125.0,5,100.0,100.0,3,3,0,0,660.0,30,15,68.18,139,25.0,1.0,1.0
506.0,8,pa_2,E0,20.0,4,80.0,4,100.0,100.0,3,3,0,0,680.0,31,15,70.45,139,20.0,1.0,1.0
506.0,8,pa_2_rev,NEG_E0,20.0,4,60.0,3,75.0,0.0,0,0,1,3,680.0,31,15,70.45,139,20.0,0.43,0.75
506.0,8,pa_3,E1,20.0,4,80.0,4,100.0,100.0,3,3,0,0,680.0,31,15,70.45,139,20.0,1.0,1.0
506.0,8,pa_3_rev,NEG_E1,20.0,4,80.0,4,100.0,100.0,3,3,0,0,680.0,31,15,70.45,139,20.0,1.0,1.0
506.0,8,pa_6,E5,25.0,5,125.0,5,100.0,33.33,1,1,0,2,680.0,31,15,70.45,139,25.0,0.75,1.0
506.0,8,pa_6_rev,NEG_E5,25.0,5,25.0,1,20.0,0.0,0,0,4,3,680.0,31,15,70.45,139,25.0,0.12,0.2
506.0,8,pa_7,E6,20.0,4,0.0,0,0.0,0.0,0,0,4,2,680.0,31,15,70.45,139,0.0,0.0,0.0
506.0,8,pa_7_rev,NEG_E6,20.0,4,80.0,4,100.0,100.0,2,2,0,0,680.0,31,15,70.45,139,20.0,1.0,1.0
506.0,8,pa_8,E7,25.0,5,25.0,1,20.0,0.0,0,0,4,3,680.0,31,15,70.45,139,25.0,0.12,0.2
506.0,8,pa_8_rev,NEG_E7,25.0,5,125.0,5,100.0,100.0,3,3,0,0,680.0,31,15,70.45,139,25.0,1.0,1.0
507.0,8,pa_2,E0,20.0,4,80.0,4,100.0,100.0,3,3,0,0,680.0,31,15,70.45,139,20.0,1.0,1.0
507.0,8,pa_2_rev,NEG_E0,20.0,4,60.0,3,75.0,0.0,0,0,1,3,680.0,31,15,70.45,139,20.0,0.43,0.75
507.0,8,pa_3,E1,20.0,4,80.0,4,100.0,100.0,3,3,0,0,680.0,31,15,70.45,139,20.0,1.0,1.0
507.0,8,pa_3_rev,NEG_E1,20.0,4,80.0,4,100.0,100.0,3,3,0,0,680.0,31,15,70.45,139,20.0,1.0,1.0
507.0,8,pa_6,E5,25.0,5,125.0,5,100.0,33.33,1,1,0,2,680.0,31,15,70.45,139,25.0,0.75,1.0
507.0,8,pa_6_rev,NEG_E5,25.0,5,25.0,1,20.0,0.0,0,0,4,3,680.0,31,15,70.45,139,25.0,0.12,0.2
507.0,8,pa_7,E6,20.0,4,0.0,0,0.0,0.0,0,0,4,2,680.0,31,15,70.45,139,0.0,0.0,0.0
507.0,8,pa_7_rev,NEG_E6,20.0,4,80.0,4,100.0,100.0,2,2,0,0,680.0,31,15,70.45,139,20.0,1.0,1.0
507.0,8,pa_8,E7,25.0,5,25.0,1,20.0,0.0,0,0,4,3,680.0,31,15,70.45,139,25.0,0.12,0.2
507.0,8,pa_8_rev,NEG_E7,25.0,5,125.0,5,100.0,100.0,3,3,0,0,680.0,31,15,70.45,139,25.0,1.0,1.0
508.0,8,pa_2,E0,20.0,4,80.0,4,100.0,100.0,3,3,0,0,680.0,31,15,70.45,139,20.0,1.0,1.0
508.0,8,pa_2_rev,NEG_E0,20.0,4,60.0,3,75.0,0.0,0,0,1,3,680.0,31,15,70.45,139,20.0,0.43,0.75
508.0,8,pa_3,E1,20.0,4,80.0,4,100.0,100.0,3,3,0,0,680.0,31,15,70.45,139,20.0,1.0,1.0
508.0,8,pa_3_rev,NEG_E1,20.0,4,80.0,4,100.0,100.0,3,3,0,0,680.0,31,15,70.45,139,20.0,1.0,1.0
508.0,8,pa_6,E5,25.0,5,125.0,5,100.0,33.33,1,1,0,2,680.0,31,15,70.45,139,25.0,0.75,1.0
508.0,8,pa_6_rev,NEG_E5,25.0,5,25.0,1,20.0,0.0,0,0,4,3,680.0,31,15,70.45,139,25.0,0.12,0.2
508.0,8,pa_7,E6,20.0,4,0.0,0,0.0,0.0,0,0,4,2,680.0,31,15,70.45,139,0.0,0.0,0.0
508.0,8,pa_7_rev,NEG_E6,20.0,4,80.0,4,100.0,100.0,2,2,0,0,680.0,31,15,70.45,139,20.0,1.0,1.0
508.0,8,pa_8,E7,25.0,5,25.0,1,20.0,0.0,0,0,4,3,680.0,31,15,70.45,139,25.0,0.12,0.2
508.0,8,pa_8_rev,NEG_E7,25.0,5,125.0,5,100.0,100.0,3,3,0,0,680.0,31,15,70.45,139,25.0,1.0,1.0
509.0,8,pa_2,E0,20.0,4,80.0,4,100.0,100.0,3,3,0,0,680.0,31,15,70.45,139,20.0,1.0,1.0
509.0,8,pa_2_rev,NEG_E0,20.0,4,60.0,3,75.0,0.0,0,0,1,3,680.0,31,15,70.45,139,20.0,0.43,0.75
509.0,8,pa_3,E1,20.0,4,80.0,4,100.0,100.0,3,3,0,0,680.0,31,15,70.45,139,20.0,1.0,1.0
509.0,8,pa_3_rev,NEG_E1,20.0,4,80.0,4,100.0,100.0,3,3,0,0,680.0,31,15,70.45,139,20.0,1.0,1.0
509.0,8,pa_6,E5,25.0,5,125.0,5,100.0,33.33,1,1,0,2,680.0,31,15,70.45,139,25.0,0.75,1.0
509.0,8,pa_6_rev,NEG_E5,25.0,5,25.0,1,20.0,0.0,0,0,4,3,680.0,31,15,70.45,139,25.0,0.12,0.2
509.0,8,pa_7,E6,20.0,4,0.0,0,0.0,0.0,0,0,4,2,680.0,31,15,70.45,139,0.0,0.0,0.0
509.0,8,pa_7_rev,NEG_E6,20.0,4,80.0,4,100.0,100.0,2,2,0,0,680.0,31,15,70.45,139,20.0,1.0,1.0
509.0,8,pa_8,E7,25.0,5,25.0,1,20.0,0.0,0,0,4,3,680.0,31,15,70.45,139,25.0,0.12,0.2
509.0,8,pa_8_rev,NEG_E7,25.0,5,125.0,5,100.0,100.0,3,3,0,0,680.0,31,15,70.45,139,25.0,1.0,1.0
510.0,8,pa_2,E0,20.0,4,80.0,4,100.0,100.0,3,3,0,0,680.0,31,15,70.45,139,20.0,1.0,1.0
510.0,8,pa_2_rev,NEG_E0,20.0,4,60.0,3,75.0,0.0,0,0,1,3,680.0,31,15,70.45,139,20.0,0.43,0.75
510.0,8,pa_3,E1,20.0,4,80.0,4,100.0,100.0,3,3,0,0,680.0,31,15,70.45,139,20.0,1.0,1.0
510.0,8,pa_3_rev,NEG_E1,20.0,4,80.0,4,100.0,100.0,3,3,0,0,680.0,31,15,70.45,139,20.0,1.0,1.0
510.0,8,pa_6,E5,25.0,5,125.0,5,100.0,33.33,1,1,0,2,680.0,31,15,70.45,139,25.0,0.75,1.0
510.0,8,pa_6_rev,NEG_E5,25.0,5,25.0,1,20.0,0.0,0,0,4,3,680.0,31,15,70.45,139,25.0,0.12,0.2
510.0,8,pa_7,E6,20.0,4,0.0,0,0.0,0.0,0,0,4,2,680.0,31,15,70.45,139,0.0,0.0,0.0
510.0,8,pa_7_rev,NEG_E6,20.0,4,80.0,4,100.0,100.0,2,2,0,0,680.0,31,15,70.45,139,20.0,1.0,1.0
510.0,8,pa_8,E7,25.0,5,25.0,1,20.0,0.0,0,0,4,3,680.0,31,15,70.45,139,25.0,0.12,0.2
510.0,8,pa_8_rev,NEG_E7,25.0,5,125.0,5,100.0,100.0,3,3,0,0,680.0,31,15,70.45,139,25.0,1.0,1.0
511.0,8,pa_2,E0,20.0,4,80.0,4,100.0,100.0,3,3,0,0,680.0,31,15,70.45,139,20.0,1.0,1.0
511.0,8,pa_2_rev,NEG_E0,20.0,4,60.0,3,75.0,0.0,0,0,1,3,680.0,31,15,70.45,139,20.0,0.43,0.75
511.0,8,pa_3,E1,20.0,4,80.0,4,100.0,100.0,3,3,0,0,680.0,31,15,70.45,139,20.0,1.0,1.0
511.0,8,pa_3_rev,NEG_E1,20.0,4,80.0,4,100.0,100.0,3,3,0,0,680.0,31,15,70.45,139,20.0,1.0,1.0
511.0,8,pa_6,E5,25.0,5,125.0,5,100.0,33.33,1,1,0,2,680.0,31,15,70.45,139,25.0,0.75,1.0
511.0,8,pa_6_rev,NEG_E5,25.0,5,25.0,1,20.0,0.0,0,0,4,3,680.0,31,15,70.45,139,25.0,0.12,0.2
511.0,8,pa_7,E6,20.0,4,0.0,0,0.0,0.0,0,0,4,2,680.0,31,15,70.45,139,0.0,0.0,0.0
511.0,8,pa_7_rev,NEG_E6,20.0,4,80.0,4,100.0,100.0,2,2,0,0,680.0,31,15,70.45,139,20.0,1.0,1.0
511.0,8,pa_8,E7,25.0,5,25.0,1,20.0,0.0,0,0,4,3,680.0,31,15,70.45,139,25.0,0.12,0.2
511.0,8,pa_8_rev,NEG_E7,25.0,5,125.0,5,100.0,100.0,3,3,0,0,680.0,31,15,70.45,139,25.0,1.0,1.0
512.0,8,pa_2,E0,20.0,4,80.0,4,100.0,100.0,3,3,0,0,680.0,31,15,70.45,138,20.0,1.0,1.0
512.0,8,pa_2_rev,NEG_E0,20.0,4,60.0,3,75.0,0.0,0,0,1,3,680.0,31,15,70.45,138,20.0,0.43,0.75
512.0,8,pa_3,E1,20.0,4,80.0,4,100.0,100.0,3,3,0,0,680.0,31,15,70.45,138,20.0,1.0,1.0
512.0,8,pa_3_rev,NEG_E1,20.0,4,80.0,4,100.0,100.0,3,3,0,0,680.0,31,15,70.45,138,20.0,1.0,1.0
512.0,8,pa_6,E5,25.0,5,125.0,5,100.0,33.33,1,1,0,2,680.0,31,15,70.45,138,25.0,0.75,1.0
512.0,8,pa_6_rev,NEG_E5,25.0,5,25.0,1,20.0,0.0,0,0,4,3,680.0,31,15,70.45,138,25.0,0.12,0.2
512.0,8,pa_7,E6,20.0,4,0.0,0,0.0,0.0,0,0,4,2,680.0,31,15,70.45,138,0.0,0.0,0.0
512.0,8,pa_7_rev,NEG_E6,20.0,4,80.0,4,100.0,100.0,2,2,0,0,680.0,31,15,70.45,138,20.0,1.0,1.0
512.0,8,pa_8,E7,25.0,5,25.0,1,20.0,0.0,0,0,4,3,680.0,31,15,70.45,138,25.0,0.12,0.2
512.0,8,pa_8_rev,NEG_E7,25.0,5,125.0,5,100.0,100.0,3,3,0,0,680.0,31,15,70.45,138,25.0,1.0,1.0
513.0,8,pa_2,E0,20.0,4,80.0,4,100.0,100.0,3,3,0,0,680.0,31,15,70.45,138,20.0,1.0,1.0
513.0,8,pa_2_rev,NEG_E0,20.0,4,60.0,3,75.0,0.0,0,0,1,3,680.0,31,15,70.45,138,20.0,0.43,0.75
513.0,8,pa_3,E1,20.0,4,80.0,4,100.0,100.0,3,3,0,0,680.0,31,15,70.45,138,20.0,1.0,1.0
513.0,8,pa_3_rev,NEG_E1,20.0,4,80.0,4,100.0,100.0,3,3,0,0,680.0,31,15,70.45,138,20.0,1.0,1.0
513.0,8,pa_6,E5,25.0,5,125.0,5,100.0,33.33,1,1,0,2,680.0,31,15,70.45,138,25.0,0.75,1.0
513.0,8,pa_6_rev,NEG_E5,25.0,5,25.0,1,20.0,0.0,0,0,4,3,680.0,31,15,70.45,138,25.0,0.12,0.2
513.0,8,pa_7,E6,20.0,4,0.0,0,0.0,0.0,0,0,4,2,680.0,31,15,70.45,138,0.0,0.0,0.0
513.0,8,pa_7_rev,NEG_E6,20.0,4,80.0,4,100.0,100.0,2,2,0,0,680.0,31,15,70.45,138,20.0,1.0,1.0
513.0,8,pa_8,E7,25.0,5,25.0,1,20.0,0.0,0,0,4,3,680.0,31,15,70.45,138,25.0,0.12,0.2
513.0,8,pa_8_rev,NEG_E7,25.0,5,125.0,5,100.0,100.0,3,3,0,0,680.0,31,15,70.45,138,25.0,1.0,1.0
514.0,8,pa_2,E0,20.0,4,80.0,4,100.0,100.0,3,3,0,0,680.0,31,15,70.45,138,20.0,1.0,1.0
514.0,8,pa_2_rev,NEG_E0,20.0,4,60.0,3,75.0,0.0,0,0,1,3,680.0,31,15,70.45,138,20.0,0.43,0.75
514.0,8,pa_3,E1,20.0,4,80.0,4,100.0,100.0,3,3,0,0,680.0,31,15,70.45,138,20.0,1.0,1.0
514.0,8,pa_3_rev,NEG_E1,20.0,4,80.0,4,100.0,100.0,3,3,0,0,680.0,31,15,70.45,138,20.0,1.0,1.0
514.0,8,pa_6,E5,25.0,5,125.0,5,100.0,33.33,1,1,0,2,680.0,31,15,70.45,138,25.0,0.75,1.0
514.0,8,pa_6_rev,NEG_E5,25.0,5,25.0,1,20.0,0.0,0,0,4,3,680.0,31,15,70.45,138,25.0,0.12,0.2
514.0,8,pa_7,E6,20.0,4,0.0,0,0.0,0.0,0,0,4,2,680.0,31,15,70.45,138,0.0,0.0,0.0
514.0,8,pa_7_rev,NEG_E6,20.0,4,80.0,4,100.0,100.0,2,2,0,0,680.0,31,15,70.45,138,20.0,1.0,1.0
514.0,8,pa_8,E7,25.0,5,25.0,1,20.0,0.0,0,0,4,3,680.0,31,15,70.45,138,25.0,0.12,0.2
514.0,8,pa_8_rev,NEG_E7,25.0,5,125.0,5,100.0,100.0,3,3,0,0,680.0,31,15,70.45,138,25.0,1.0,1.0
515.0,8,pa_2,E0,20.0,4,80.0,4,100.0,100.0,3,3,0,0,680.0,31,15,70.45,143,20.0,1.0,1.0
515.0,8,pa_2_rev,NEG_E0,20.0,4,60.0,3,75.0,0.0,0,0,1,3,680.0,31,15,70.45,143,20.0,0.43,0.75
515.0,8,pa_3,E1,20.0,4,80.0,4,100.0,100.0,3,3,0,0,680.0,31,15,70.45,143,20.0,1.0,1.0
515.0,8,pa_3_rev,NEG_E1,20.0,4,80.0,4,100.0,100.0,3,3,0,0,680.0,31,15,70.45,143,20.0,1.0,1.0
515.0,8,pa_6,E5,25.0,5,125.0,5,100.0,33.33,1,1,0,2,680.0,31,15,70.45,143,25.0,0.75,1.0
515.0,8,pa_6_rev,NEG_E5,25.0,5,25.0,1,20.0,0.0,0,0,4,3,680.0,31,15,70.45,143,25.0,0.12,0.2
515.0,8,pa_7,E6,20.0,4,0.0,0,0.0,0.0,0,0,4,2,680.0,31,15,70.45,143,0.0,0.0,0.0
515.0,8,pa_7_rev,NEG_E6,20.0,4,80.0,4,100.0,100.0,2,2,0,0,680.0,31,15,70.45,143,20.0,1.0,1.0
515.0,8,pa_8,E7,25.0,5,25.0,1,20.0,0.0,0,0,4,3,680.0,31,15,70.45,143,25.0,0.12,0.2
515.0,8,pa_8_rev,NEG_E7,25.0,5,125.0,5,100.0,100.0,3,3,0,0,680.0,31,15,70.45,143,25.0,1.0,1.0
516.0,8,pa_2,E0,20.0,4,80.0,4,100.0,100.0,3,3,0,0,705.0,32,15,72.73,143,20.0,1.0,1.0
516.0,8,pa_2_rev,NEG_E0,20.0,4,60.0,3,75.0,0.0,0,0,1,3,705.0,32,15,72.73,143,20.0,0.43,0.75
516.0,8,pa_3,E1,20.0,4,80.0,4,100.0,100.0,3,3,0,0,705.0,32,15,72.73,143,20.0,1.0,1.0
516.0,8,pa_3_rev,NEG_E1,20.0,4,80.0,4,100.0,100.0,3,3,0,0,705.0,32,15,72.73,143,20.0,1.0,1.0
516.0,8,pa_6,E5,25.0,5,125.0,5,100.0,33.33,1,1,0,2,705.0,32,15,72.73,143,25.0,0.75,1.0
516.0,8,pa_6_rev,NEG_E5,25.0,5,50.0,2,40.0,0.0,0,0,3,3,705.0,32,15,72.73,143,25.0,0.25,0.4
516.0,8,pa_7,E6,20.0,4,0.0,0,0.0,0.0,0,0,4,2,705.0,32,15,72.73,143,0.0,0.0,0.0
516.0,8,pa_7_rev,NEG_E6,20.0,4,80.0,4,100.0,100.0,2,2,0,0,705.0,32,15,72.73,143,20.0,1.0,1.0
516.0,8,pa_8,E7,25.0,5,25.0,1,20.0,0.0,0,0,4,3,705.0,32,15,72.73,143,25.0,0.12,0.2
516.0,8,pa_8_rev,NEG_E7,25.0,5,125.0,5,100.0,100.0,3,3,0,0,705.0,32,15,72.73,143,25.0,1.0,1.0
517.0,8,pa_2,E0,20.0,4,80.0,4,100.0,100.0,3,3,0,0,705.0,32,15,72.73,143,20.0,1.0,1.0
517.0,8,pa_2_rev,NEG_E0,20.0,4,60.0,3,75.0,0.0,0,0,1,3,705.0,32,15,72.73,143,20.0,0.43,0.75
517.0,8,pa_3,E1,20.0,4,80.0,4,100.0,100.0,3,3,0,0,705.0,32,15,72.73,143,20.0,1.0,1.0
517.0,8,pa_3_rev,NEG_E1,20.0,4,80.0,4,100.0,100.0,3,3,0,0,705.0,32,15,72.73,143,20.0,1.0,1.0
517.0,8,pa_6,E5,25.0,5,125.0,5,100.0,33.33,1,1,0,2,705.0,32,15,72.73,143,25.0,0.75,1.0
517.0,8,pa_6_rev,NEG_E5,25.0,5,50.0,2,40.0,0.0,0,0,3,3,705.0,32,15,72.73,143,25.0,0.25,0.4
517.0,8,pa_7,E6,20.0,4,0.0,0,0.0,0.0,0,0,4,2,705.0,32,15,72.73,143,0.0,0.0,0.0
517.0,8,pa_7_rev,NEG_E6,20.0,4,80.0,4,100.0,100.0,2,2,0,0,705.0,32,15,72.73,143,20.0,1.0,1.0
517.0,8,pa_8,E7,25.0,5,25.0,1,20.0,0.0,0,0,4,3,705.0,32,15,72.73,143,25.0,0.12,0.2
517.0,8,pa_8_rev,NEG_E7,25.0,5,125.0,5,100.0,100.0,3,3,0,0,705.0,32,15,72.73,143,25.0,1.0,1.0
518.0,8,pa_2,E0,20.0,4,80.0,4,100.0,100.0,3,3,0,0,705.0,32,15,72.73,142,20.0,1.0,1.0
518.0,8,pa_2_rev,NEG_E0,20.0,4,60.0,3,75.0,0.0,0,0,1,3,705.0,32,15,72.73,142,20.0,0.43,0.75
518.0,8,pa_3,E1,20.0,4,80.0,4,100.0,100.0,3,3,0,0,705.0,32,15,72.73,142,20.0,1.0,1.0
518.0,8,pa_3_rev,NEG_E1,20.0,4,80.0,4,100.0,100.0,3,3,0,0,705.0,32,15,72.73,142,20.0,1.0,1.0
518.0,8,pa_6,E5,25.0,5,125.0,5,100.0,33.33,1,1,0,2,705.0,32,15,72.73,142,25.0,0.75,1.0
518.0,8,pa_6_rev,NEG_E5,25.0,5,50.0,2,40.0,0.0,0,0,3,3,705.0,32,15,72.73,142,25.0,0.25,0.4
518.0,8,pa_7,E6,20.0,4,0.0,0,0.0,0.0,0,0,4,2,705.0,32,15,72.73,142,0.0,0.0,0.0
518.0,8,pa_7_rev,NEG_E6,20.0,4,80.0,4,100.0,100.0,2,2,0,0,705.0,32,15,72.73,142,20.0,1.0,1.0
518.0,8,pa_8,E7,25.0,5,25.0,1,20.0,0.0,0,0,4,3,705.0,32,15,72.73,142,25.0,0.12,0.2
518.0,8,pa_8_rev,NEG_E7,25.0,5,125.0,5,100.0,100.0,3,3,0,0,705.0,32,15,72.73,142,25.0,1.0,1.0
519.0,8,pa_2,E0,20.0,4,80.0,4,100.0,100.0,3,3,0,0,730.0,33,15,75.0,142,20.0,1.0,1.0
519.0,8,pa_2_rev,NEG_E0,20.0,4,60.0,3,75.0,0.0,0,0,1,3,730.0,33,15,75.0,142,20.0,0.43,0.75
519.0,8,pa_3,E1,20.0,4,80.0,4,100.0,100.0,3,3,0,0,730.0,33,15,75.0,142,20.0,1.0,1.0
519.0,8,pa_3_rev,NEG_E1,20.0,4,80.0,4,100.0,100.0,3,3,0,0,730.0,33,15,75.0,142,20.0,1.0,1.0
519.0,8,pa_6,E5,25.0,5,125.0,5,100.0,33.33,1,1,0,2,730.0,33,15,75.0,142,25.0,0.75,1.0
519.0,8,pa_6_rev,NEG_E5,25.0,5,50.0,2,40.0,0.0,0,0,3,3,730.0,33,15,75.0,142,25.0,0.25,0.4
519.0,8,pa_7,E6,20.0,4,0.0,0,0.0,0.0,0,0,4,2,730.0,33,15,75.0,142,0.0,0.0,0.0
519.0,8,pa_7_rev,NEG_E6,20.0,4,80.0,4,100.0,100.0,2,2,0,0,730.0,33,15,75.0,142,20.0,1.0,1.0
519.0,8,pa_8,E7,25.0,5,50.0,2,40.0,0.0,0,0,3,3,730.0,33,15,75.0,142,25.0,0.25,0.4
519.0,8,pa_8_rev,NEG_E7,25.0,5,125.0,5,100.0,100.0,3,3,0,0,730.0,33,15,75.0,142,25.0,1.0,1.0
520.0,8,pa_2,E0,20.0,4,80.0,4,100.0,100.0,3,3,0,0,730.0,33,15,75.0,142,20.0,1.0,1.0
520.0,8,pa_2_rev,NEG_E0,20.0,4,60.0,3,75.0,0.0,0,0,1,3,730.0,33,15,75.0,142,20.0,0.43,0.75
520.0,8,pa_3,E1,20.0,4,80.0,4,100.0,100.0,3,3,0,0,730.0,33,15,75.0,142,20.0,1.0,1.0
520.0,8,pa_3_rev,NEG_E1,20.0,4,80.0,4,100.0,100.0,3,3,0,0,730.0,33,15,75.0,142,20.0,1.0,1.0
520.0,8,pa_6,E5,25.0,5,125.0,5,100.0,33.33,1,1,0,2,730.0,33,15,75.0,142,25.0,0.75,1.0
520.0,8,pa_6_rev,NEG_E5,25.0,5,50.0,2,40.0,0.0,0,0,3,3,730.0,33,15,75.0,142,25.0,0.25,0.4
520.0,8,pa_7,E6,20.0,4,0.0,0,0.0,0.0,0,0,4,2,730.0,33,15,75.0,142,0.0,0.0,0.0
520.0,8,pa_7_rev,NEG_E6,20.0,4,80.0,4,100.0,100.0,2,2,0,0,730.0,33,15,75.0,142,20.0,1.0,1.0
520.0,8,pa_8,E7,25.0,5,50.0,2,40.0,0.0,0,0,3,3,730.0,33,15,75.0,142,25.0,0.25,0.4
520.0,8,pa_8_rev,NEG_E7,25.0,5,125.0,5,100.0,100.0,3,3,0,0,730.0,33,15,75.0,142,25.0,1.0,1.0
521.0,8,pa_2,E0,20.0,4,80.0,4,100.0,100.0,3,3,0,0,750.0,34,15,77.27,143,20.0,1.0,1.0
521.0,8,pa_2_rev,NEG_E0,20.0,4,80.0,4,100.0,0.0,0,0,0,3,750.0,34,15,77.27,143,20.0,0.57,1.0
521.0,8,pa_3,E1,20.0,4,80.0,4,100.0,100.0,3,3,0,0,750.0,34,15,77.27,143,20.0,1.0,1.0
521.0,8,pa_3_rev,NEG_E1,20.0,4,80.0,4,100.0,100.0,3,3,0,0,750.0,34,15,77.27,143,20.0,1.0,1.0
521.0,8,pa_6,E5,25.0,5,125.0,5,100.0,33.33,1,1,0,2,750.0,34,15,77.27,143,25.0,0.75,1.0
521.0,8,pa_6_rev,NEG_E5,25.0,5,50.0,2,40.0,0.0,0,0,3,3,750.0,34,15,77.27,143,25.0,0.25,0.4
521.0,8,pa_7,E6,20.0,4,0.0,0,0.0,0.0,0,0,4,2,750.0,34,15,77.27,143,0.0,0.0,0.0
521.0,8,pa_7_rev,NEG_E6,20.0,4,80.0,4,100.0,100.0,2,2,0,0,750.0,34,15,77.27,143,20.0,1.0,1.0
521.0,8,pa_8,E7,25.0,5,50.0,2,40.0,0.0,0,0,3,3,750.0,34,15,77.27,143,25.0,0.25,0.4
521.0,8,pa_8_rev,NEG_E7,25.0,5,125.0,5,100.0,100.0,3,3,0,0,750.0,34,15,77.27,143,25.0,1.0,1.0
522.0,8,pa_2,E0,20.0,4,80.0,4,100.0,100.0,3,3,0,0,750.0,34,15,77.27,143,20.0,1.0,1.0
522.0,8,pa_2_rev,NEG_E0,20.0,4,80.0,4,100.0,0.0,0,0,0,3,750.0,34,15,77.27,143,20.0,0.57,1.0
522.0,8,pa_3,E1,20.0,4,80.0,4,100.0,100.0,3,3,0,0,750.0,34,15,77.27,143,20.0,1.0,1.0
522.0,8,pa_3_rev,NEG_E1,20.0,4,80.0,4,100.0,100.0,3,3,0,0,750.0,34,15,77.27,143,20.0,1.0,1.0
522.0,8,pa_6,E5,25.0,5,125.0,5,100.0,33.33,1,1,0,2,750.0,34,15,77.27,143,25.0,0.75,1.0
522.0,8,pa_6_rev,NEG_E5,25.0,5,50.0,2,40.0,0.0,0,0,3,3,750.0,34,15,77.27,143,25.0,0.25,0.4
522.0,8,pa_7,E6,20.0,4,0.0,0,0.0,0.0,0,0,4,2,750.0,34,15,77.27,143,0.0,0.0,0.0
522.0,8,pa_7_rev,NEG_E6,20.0,4,80.0,4,100.0,100.0,2,2,0,0,750.0,34,15,77.27,143,20.0,1.0,1.0
522.0,8,pa_8,E7,25.0,5,50.0,2,40.0,0.0,0,0,3,3,750.0,34,15,77.27,143,25.0,0.25,0.4
522.0,8,pa_8_rev,NEG_E7,25.0,5,125.0,5,100.0,100.0,3,3,0,0,750.0,34,15,77.27,143,25.0,1.0,1.0
523.0,8,pa_2,E0,20.0,4,80.0,4,100.0,100.0,3,3,0,0,750.0,34,15,77.27,143,20.0,1.0,1.0
523.0,8,pa_2_rev,NEG_E0,20.0,4,80.0,4,100.0,0.0,0,0,0,3,750.0,34,15,77.27,143,20.0,0.57,1.0
523.0,8,pa_3,E1,20.0,4,80.0,4,100.0,100.0,3,3,0,0,750.0,34,15,77.27,143,20.0,1.0,1.0
523.0,8,pa_3_rev,NEG_E1,20.0,4,80.0,4,100.0,100.0,3,3,0,0,750.0,34,15,77.27,143,20.0,1.0,1.0
523.0,8,pa_6,E5,25.0,5,125.0,5,100.0,33.33,1,1,0,2,750.0,34,15,77.27,143,25.0,0.75,1.0
523.0,8,pa_6_rev,NEG_E5,25.0,5,50.0,2,40.0,0.0,0,0,3,3,750.0,34,15,77.27,143,25.0,0.25,0.4
523.0,8,pa_7,E6,20.0,4,0.0,0,0.0,0.0,0,0,4,2,750.0,34,15,77.27,143,0.0,0.0,0.0
523.0,8,pa_7_rev,NEG_E6,20.0,4,80.0,4,100.0,100.0,2,2,0,0,750.0,34,15,77.27,143,20.0,1.0,1.0
523.0,8,pa_8,E7,25.0,5,50.0,2,40.0,0.0,0,0,3,3,750.0,34,15,77.27,143,25.0,0.25,0.4
523.0,8,pa_8_rev,NEG_E7,25.0,5,125.0,5,100.0,100.0,3,3,0,0,750.0,34,15,77.27,143,25.0,1.0,1.0
524.0,8,pa_2,E0,20.0,4,80.0,4,100.0,100.0,3,3,0,0,750.0,34,15,77.27,143,20.0,1.0,1.0
524.0,8,pa_2_rev,NEG_E0,20.0,4,80.0,4,100.0,0.0,0,0,0,3,750.0,34,15,77.27,143,20.0,0.57,1.0
524.0,8,pa_3,E1,20.0,4,80.0,4,100.0,100.0,3,3,0,0,750.0,34,15,77.27,143,20.0,1.0,1.0
524.0,8,pa_3_rev,NEG_E1,20.0,4,80.0,4,100.0,100.0,3,3,0,0,750.0,34,15,77.27,143,20.0,1.0,1.0
524.0,8,pa_6,E5,25.0,5,125.0,5,100.0,33.33,1,1,0,2,750.0,34,15,77.27,143,25.0,0.75,1.0
524.0,8,pa_6_rev,NEG_E5,25.0,5,50.0,2,40.0,0.0,0,0,3,3,750.0,34,15,77.27,143,25.0,0.25,0.4
524.0,8,pa_7,E6,20.0,4,0.0,0,0.0,0.0,0,0,4,2,750.0,34,15,77.27,143,0.0,0.0,0.0
524.0,8,pa_7_rev,NEG_E6,20.0,4,80.0,4,100.0,100.0,2,2,0,0,750.0,34,15,77.27,143,20.0,1.0,1.0
524.0,8,pa_8,E7,25.0,5,50.0,2,40.0,0.0,0,0,3,3,750.0,34,15,77.27,143,25.0,0.25,0.4
524.0,8,pa_8_rev,NEG_E7,25.0,5,125.0,5,100.0,100.0,3,3,0,0,750.0,34,15,77.27,143,25.0,1.0,1.0
525.0,8,pa_2,E0,20.0,4,80.0,4,100.0,100.0,3,3,0,0,750.0,34,15,77.27,143,20.0,1.0,1.0
525.0,8,pa_2_rev,NEG_E0,20.0,4,80.0,4,100.0,0.0,0,0,0,3,750.0,34,15,77.27,143,20.0,0.57,1.0
525.0,8,pa_3,E1,20.0,4,80.0,4,100.0,100.0,3,3,0,0,750.0,34,15,77.27,143,20.0,1.0,1.0
525.0,8,pa_3_rev,NEG_E1,20.0,4,80.0,4,100.0,100.0,3,3,0,0,750.0,34,15,77.27,143,20.0,1.0,1.0
525.0,8,pa_6,E5,25.0,5,125.0,5,100.0,33.33,1,1,0,2,750.0,34,15,77.27,143,25.0,0.75,1.0
525.0,8,pa_6_rev,NEG_E5,25.0,5,50.0,2,40.0,0.0,0,0,3,3,750.0,34,15,77.27,143,25.0,0.25,0.4
525.0,8,pa_7,E6,20.0,4,0.0,0,0.0,0.0,0,0,4,2,750.0,34,15,77.27,143,0.0,0.0,0.0
525.0,8,pa_7_rev,NEG_E6,20.0,4,80.0,4,100.0,100.0,2,2,0,0,750.0,34,15,77.27,143,20.0,1.0,1.0
525.0,8,pa_8,E7,25.0,5,50.0,2,40.0,0.0,0,0,3,3,750.0,34,15,77.27,143,25.0,0.25,0.4
525.0,8,pa_8_rev,NEG_E7,25.0,5,125.0,5,100.0,100.0,3,3,0,0,750.0,34,15,77.27,143,25.0,1.0,1.0
526.0,8,pa_2,E0,20.0,4,80.0,4,100.0,100.0,3,3,0,0,750.0,34,15,77.27,143,20.0,1.0,1.0
526.0,8,pa_2_rev,NEG_E0,20.0,4,80.0,4,100.0,0.0,0,0,0,3,750.0,34,15,77.27,143,20.0,0.57,1.0
526.0,8,pa_3,E1,20.0,4,80.0,4,100.0,100.0,3,3,0,0,750.0,34,15,77.27,143,20.0,1.0,1.0
526.0,8,pa_3_rev,NEG_E1,20.0,4,80.0,4,100.0,100.0,3,3,0,0,750.0,34,15,77.27,143,20.0,1.0,1.0
526.0,8,pa_6,E5,25.0,5,125.0,5,100.0,33.33,1,1,0,2,750.0,34,15,77.27,143,25.0,0.75,1.0
526.0,8,pa_6_rev,NEG_E5,25.0,5,50.0,2,40.0,0.0,0,0,3,3,750.0,34,15,77.27,143,25.0,0.25,0.4
526.0,8,pa_7,E6,20.0,4,0.0,0,0.0,0.0,0,0,4,2,750.0,34,15,77.27,143,0.0,0.0,0.0
526.0,8,pa_7_rev,NEG_E6,20.0,4,80.0,4,100.0,100.0,2,2,0,0,750.0,34,15,77.27,143,20.0,1.0,1.0
526.0,8,pa_8,E7,25.0,5,50.0,2,40.0,0.0,0,0,3,3,750.0,34,15,77.27,143,25.0,0.25,0.4
526.0,8,pa_8_rev,NEG_E7,25.0,5,125.0,5,100.0,100.0,3,3,0,0,750.0,34,15,77.27,143,25.0,1.0,1.0
527.0,8,pa_2,E0,20.0,4,80.0,4,100.0,100.0,3,3,0,0,750.0,34,15,77.27,143,20.0,1.0,1.0
527.0,8,pa_2_rev,NEG_E0,20.0,4,80.0,4,100.0,0.0,0,0,0,3,750.0,34,15,77.27,143,20.0,0.57,1.0
527.0,8,pa_3,E1,20.0,4,80.0,4,100.0,100.0,3,3,0,0,750.0,34,15,77.27,143,20.0,1.0,1.0
527.0,8,pa_3_rev,NEG_E1,20.0,4,80.0,4,100.0,100.0,3,3,0,0,750.0,34,15,77.27,143,20.0,1.0,1.0
527.0,8,pa_6,E5,25.0,5,125.0,5,100.0,33.33,1,1,0,2,750.0,34,15,77.27,143,25.0,0.75,1.0
527.0,8,pa_6_rev,NEG_E5,25.0,5,50.0,2,40.0,0.0,0,0,3,3,750.0,34,15,77.27,143,25.0,0.25,0.4
527.0,8,pa_7,E6,20.0,4,0.0,0,0.0,0.0,0,0,4,2,750.0,34,15,77.27,143,0.0,0.0,0.0
527.0,8,pa_7_rev,NEG_E6,20.0,4,80.0,4,100.0,100.0,2,2,0,0,750.0,34,15,77.27,143,20.0,1.0,1.0
527.0,8,pa_8,E7,25.0,5,50.0,2,40.0,0.0,0,0,3,3,750.0,34,15,77.27,143,25.0,0.25,0.4
527.0,8,pa_8_rev,NEG_E7,25.0,5,125.0,5,100.0,100.0,3,3,0,0,750.0,34,15,77.27,143,25.0,1.0,1.0
528.0,8,pa_2,E0,20.0,4,80.0,4,100.0,100.0,3,3,0,0,750.0,34,15,77.27,143,20.0,1.0,1.0
528.0,8,pa_2_rev,NEG_E0,20.0,4,80.0,4,100.0,0.0,0,0,0,3,750.0,34,15,77.27,143,20.0,0.57,1.0
528.0,8,pa_3,E1,20.0,4,80.0,4,100.0,100.0,3,3,0,0,750.0,34,15,77.27,143,20.0,1.0,1.0
528.0,8,pa_3_rev,NEG_E1,20.0,4,80.0,4,100.0,100.0,3,3,0,0,750.0,34,15,77.27,143,20.0,1.0,1.0
528.0,8,pa_6,E5,25.0,5,125.0,5,100.0,33.33,1,1,0,2,750.0,34,15,77.27,143,25.0,0.75,1.0
528.0,8,pa_6_rev,NEG_E5,25.0,5,50.0,2,40.0,0.0,0,0,3,3,750.0,34,15,77.27,143,25.0,0.25,0.4
528.0,8,pa_7,E6,20.0,4,0.0,0,0.0,0.0,0,0,4,2,750.0,34,15,77.27,143,0.0,0.0,0.0
528.0,8,pa_7_rev,NEG_E6,20.0,4,80.0,4,100.0,100.0,2,2,0,0,750.0,34,15,77.27,143,20.0,1.0,1.0
528.0,8,pa_8,E7,25.0,5,50.0,2,40.0,0.0,0,0,3,3,750.0,34,15,77.27,143,25.0,0.25,0.4
528.0,8,pa_8_rev,NEG_E7,25.0,5,125.0,5,100.0,100.0,3,3,0,0,750.0,34,15,77.27,143,25.0,1.0,1.0
529.0,8,pa_2,E0,20.0,4,80.0,4,100.0,100.0,3,3,0,0,750.0,34,15,77.27,143,20.0,1.0,1.0
529.0,8,pa_2_rev,NEG_E0,20.0,4,80.0,4,100.0,0.0,0,0,0,3,750.0,34,15,77.27,143,20.0,0.57,1.0
529.0,8,pa_3,E1,20.0,4,80.0,4,100.0,100.0,3,3,0,0,750.0,34,15,77.27,143,20.0,1.0,1.0
529.0,8,pa_3_rev,NEG_E1,20.0,4,80.0,4,100.0,100.0,3,3,0,0,750.0,34,15,77.27,143,20.0,1.0,1.0
529.0,8,pa_6,E5,25.0,5,125.0,5,100.0,33.33,1,1,0,2,750.0,34,15,77.27,143,25.0,0.75,1.0
529.0,8,pa_6_rev,NEG_E5,25.0,5,50.0,2,40.0,0.0,0,0,3,3,750.0,34,15,77.27,143,25.0,0.25,0.4
529.0,8,pa_7,E6,20.0,4,0.0,0,0.0,0.0,0,0,4,2,750.0,34,15,77.27,143,0.0,0.0,0.0
529.0,8,pa_7_rev,NEG_E6,20.0,4,80.0,4,100.0,100.0,2,2,0,0,750.0,34,15,77.27,143,20.0,1.0,1.0
529.0,8,pa_8,E7,25.0,5,50.0,2,40.0,0.0,0,0,3,3,750.0,34,15,77.27,143,25.0,0.25,0.4
529.0,8,pa_8_rev,NEG_E7,25.0,5,125.0,5,100.0,100.0,3,3,0,0,750.0,34,15,77.27,143,25.0,1.0,1.0
530.0,8,pa_2,E0,20.0,4,80.0,4,100.0,100.0,3,3,0,0,750.0,34,15,77.27,143,20.0,1.0,1.0
530.0,8,pa_2_rev,NEG_E0,20.0,4,80.0,4,100.0,0.0,0,0,0,3,750.0,34,15,77.27,143,20.0,0.57,1.0
530.0,8,pa_3,E1,20.0,4,80.0,4,100.0,100.0,3,3,0,0,750.0,34,15,77.27,143,20.0,1.0,1.0
530.0,8,pa_3_rev,NEG_E1,20.0,4,80.0,4,100.0,100.0,3,3,0,0,750.0,34,15,77.27,143,20.0,1.0,1.0
530.0,8,pa_6,E5,25.0,5,125.0,5,100.0,33.33,1,1,0,2,750.0,34,15,77.27,143,25.0,0.75,1.0
530.0,8,pa_6_rev,NEG_E5,25.0,5,50.0,2,40.0,0.0,0,0,3,3,750.0,34,15,77.27,143,25.0,0.25,0.4
530.0,8,pa_7,E6,20.0,4,0.0,0,0.0,0.0,0,0,4,2,750.0,34,15,77.27,143,0.0,0.0,0.0
530.0,8,pa_7_rev,NEG_E6,20.0,4,80.0,4,100.0,100.0,2,2,0,0,750.0,34,15,77.27,143,20.0,1.0,1.0
530.0,8,pa_8,E7,25.0,5,50.0,2,40.0,0.0,0,0,3,3,750.0,34,15,77.27,143,25.0,0.25,0.4
530.0,8,pa_8_rev,NEG_E7,25.0,5,125.0,5,100.0,100.0,3,3,0,0,750.0,34,15,77.27,143,25.0,1.0,1.0
531.0,8,pa_2,E0,20.0,4,80.0,4,100.0,100.0,3,3,0,0,750.0,34,15,77.27,143,20.0,1.0,1.0
531.0,8,pa_2_rev,NEG_E0,20.0,4,80.0,4,100.0,0.0,0,0,0,3,750.0,34,15,77.27,143,20.0,0.57,1.0
531.0,8,pa_3,E1,20.0,4,80.0,4,100.0,100.0,3,3,0,0,750.0,34,15,77.27,143,20.0,1.0,1.0
531.0,8,pa_3_rev,NEG_E1,20.0,4,80.0,4,100.0,100.0,3,3,0,0,750.0,34,15,77.27,143,20.0,1.0,1.0
531.0,8,pa_6,E5,25.0,5,125.0,5,100.0,33.33,1,1,0,2,750.0,34,15,77.27,143,25.0,0.75,1.0
531.0,8,pa_6_rev,NEG_E5,25.0,5,50.0,2,40.0,0.0,0,0,3,3,750.0,34,15,77.27,143,25.0,0.25,0.4
531.0,8,pa_7,E6,20.0,4,0.0,0,0.0,0.0,0,0,4,2,750.0,34,15,77.27,143,0.0,0.0,0.0
531.0,8,pa_7_rev,NEG_E6,20.0,4,80.0,4,100.0,100.0,2,2,0,0,750.0,34,15,77.27,143,20.0,1.0,1.0
531.0,8,pa_8,E7,25.0,5,50.0,2,40.0,0.0,0,0,3,3,750.0,34,15,77.27,143,25.0,0.25,0.4
531.0,8,pa_8_rev,NEG_E7,25.0,5,125.0,5,100.0,100.0,3,3,0,0,750.0,34,15,77.27,143,25.0,1.0,1.0
532.0,8,pa_2,E0,20.0,4,80.0,4,100.0,100.0,3,3,0,0,750.0,34,15,77.27,143,20.0,1.0,1.0
532.0,8,pa_2_rev,NEG_E0,20.0,4,80.0,4,100.0,0.0,0,0,0,3,750.0,34,15,77.27,143,20.0,0.57,1.0
532.0,8,pa_3,E1,20.0,4,80.0,4,100.0,100.0,3,3,0,0,750.0,34,15,77.27,143,20.0,1.0,1.0
532.0,8,pa_3_rev,NEG_E1,20.0,4,80.0,4,100.0,100.0,3,3,0,0,750.0,34,15,77.27,143,20.0,1.0,1.0
532.0,8,pa_6,E5,25.0,5,125.0,5,100.0,33.33,1,1,0,2,750.0,34,15,77.27,143,25.0,0.75,1.0
532.0,8,pa_6_rev,NEG_E5,25.0,5,50.0,2,40.0,0.0,0,0,3,3,750.0,34,15,77.27,143,25.0,0.25,0.4
532.0,8,pa_7,E6,20.0,4,0.0,0,0.0,0.0,0,0,4,2,750.0,34,15,77.27,143,0.0,0.0,0.0
532.0,8,pa_7_rev,NEG_E6,20.0,4,80.0,4,100.0,100.0,2,2,0,0,750.0,34,15,77.27,143,20.0,1.0,1.0
532.0,8,pa_8,E7,25.0,5,50.0,2,40.0,0.0,0,0,3,3,750.0,34,15,77.27,143,25.0,0.25,0.4
532.0,8,pa_8_rev,NEG_E7,25.0,5,125.0,5,100.0,100.0,3,3,0,0,750.0,34,15,77.27,143,25.0,1.0,1.0
533.0,8,pa_2,E0,20.0,4,80.0,4,100.0,100.0,3,3,0,0,750.0,34,15,77.27,143,20.0,1.0,1.0
533.0,8,pa_2_rev,NEG_E0,20.0,4,80.0,4,100.0,0.0,0,0,0,3,750.0,34,15,77.27,143,20.0,0.57,1.0
533.0,8,pa_3,E1,20.0,4,80.0,4,100.0,100.0,3,3,0,0,750.0,34,15,77.27,143,20.0,1.0,1.0
533.0,8,pa_3_rev,NEG_E1,20.0,4,80.0,4,100.0,100.0,3,3,0,0,750.0,34,15,77.27,143,20.0,1.0,1.0
533.0,8,pa_6,E5,25.0,5,125.0,5,100.0,33.33,1,1,0,2,750.0,34,15,77.27,143,25.0,0.75,1.0
533.0,8,pa_6_rev,NEG_E5,25.0,5,50.0,2,40.0,0.0,0,0,3,3,750.0,34,15,77.27,143,25.0,0.25,0.4
533.0,8,pa_7,E6,20.0,4,0.0,0,0.0,0.0,0,0,4,2,750.0,34,15,77.27,143,0.0,0.0,0.0
533.0,8,pa_7_rev,NEG_E6,20.0,4,80.0,4,100.0,100.0,2,2,0,0,750.0,34,15,77.27,143,20.0,1.0,1.0
533.0,8,pa_8,E7,25.0,5,50.0,2,40.0,0.0,0,0,3,3,750.0,34,15,77.27,143,25.0,0.25,0.4
533.0,8,pa_8_rev,NEG_E7,25.0,5,125.0,5,100.0,100.0,3,3,0,0,750.0,34,15,77.27,143,25.0,1.0,1.0
534.0,8,pa_2,E0,20.0,4,80.0,4,100.0,100.0,3,3,0,0,750.0,34,15,77.27,143,20.0,1.0,1.0
534.0,8,pa_2_rev,NEG_E0,20.0,4,80.0,4,100.0,0.0,0,0,0,3,750.0,34,15,77.27,143,20.0,0.57,1.0
534.0,8,pa_3,E1,20.0,4,80.0,4,100.0,100.0,3,3,0,0,750.0,34,15,77.27,143,20.0,1.0,1.0
534.0,8,pa_3_rev,NEG_E1,20.0,4,80.0,4,100.0,100.0,3,3,0,0,750.0,34,15,77.27,143,20.0,1.0,1.0
534.0,8,pa_6,E5,25.0,5,125.0,5,100.0,33.33,1,1,0,2,750.0,34,15,77.27,143,25.0,0.75,1.0
534.0,8,pa_6_rev,NEG_E5,25.0,5,50.0,2,40.0,0.0,0,0,3,3,750.0,34,15,77.27,143,25.0,0.25,0.4
534.0,8,pa_7,E6,20.0,4,0.0,0,0.0,0.0,0,0,4,2,750.0,34,15,77.27,143,0.0,0.0,0.0
534.0,8,pa_7_rev,NEG_E6,20.0,4,80.0,4,100.0,100.0,2,2,0,0,750.0,34,15,77.27,143,20.0,1.0,1.0
534.0,8,pa_8,E7,25.0,5,50.0,2,40.0,0.0,0,0,3,3,750.0,34,15,77.27,143,25.0,0.25,0.4
534.0,8,pa_8_rev,NEG_E7,25.0,5,125.0,5,100.0,100.0,3,3,0,0,750.0,34,15,77.27,143,25.0,1.0,1.0
535.0,8,pa_2,E0,20.0,4,80.0,4,100.0,100.0,3,3,0,0,750.0,34,15,77.27,143,20.0,1.0,1.0
535.0,8,pa_2_rev,NEG_E0,20.0,4,80.0,4,100.0,0.0,0,0,0,3,750.0,34,15,77.27,143,20.0,0.57,1.0
535.0,8,pa_3,E1,20.0,4,80.0,4,100.0,100.0,3,3,0,0,750.0,34,15,77.27,143,20.0,1.0,1.0
535.0,8,pa_3_rev,NEG_E1,20.0,4,80.0,4,100.0,100.0,3,3,0,0,750.0,34,15,77.27,143,20.0,1.0,1.0
535.0,8,pa_6,E5,25.0,5,125.0,5,100.0,33.33,1,1,0,2,750.0,34,15,77.27,143,25.0,0.75,1.0
535.0,8,pa_6_rev,NEG_E5,25.0,5,50.0,2,40.0,0.0,0,0,3,3,750.0,34,15,77.27,143,25.0,0.25,0.4
535.0,8,pa_7,E6,20.0,4,0.0,0,0.0,0.0,0,0,4,2,750.0,34,15,77.27,143,0.0,0.0,0.0
535.0,8,pa_7_rev,NEG_E6,20.0,4,80.0,4,100.0,100.0,2,2,0,0,750.0,34,15,77.27,143,20.0,1.0,1.0
535.0,8,pa_8,E7,25.0,5,50.0,2,40.0,0.0,0,0,3,3,750.0,34,15,77.27,143,25.0,0.25,0.4
535.0,8,pa_8_rev,NEG_E7,25.0,5,125.0,5,100.0,100.0,3,3,0,0,750.0,34,15,77.27,143,25.0,1.0,1.0
536.0,8,pa_2,E0,20.0,4,80.0,4,100.0,100.0,3,3,0,0,750.0,34,15,77.27,143,20.0,1.0,1.0
536.0,8,pa_2_rev,NEG_E0,20.0,4,80.0,4,100.0,0.0,0,0,0,3,750.0,34,15,77.27,143,20.0,0.57,1.0
536.0,8,pa_3,E1,20.0,4,80.0,4,100.0,100.0,3,3,0,0,750.0,34,15,77.27,143,20.0,1.0,1.0
536.0,8,pa_3_rev,NEG_E1,20.0,4,80.0,4,100.0,100.0,3,3,0,0,750.0,34,15,77.27,143,20.0,1.0,1.0
536.0,8,pa_6,E5,25.0,5,125.0,5,100.0,33.33,1,1,0,2,750.0,34,15,77.27,143,25.0,0.75,1.0
536.0,8,pa_6_rev,NEG_E5,25.0,5,50.0,2,40.0,0.0,0,0,3,3,750.0,34,15,77.27,143,25.0,0.25,0.4
536.0,8,pa_7,E6,20.0,4,0.0,0,0.0,0.0,0,0,4,2,750.0,34,15,77.27,143,0.0,0.0,0.0
536.0,8,pa_7_rev,NEG_E6,20.0,4,80.0,4,100.0,100.0,2,2,0,0,750.0,34,15,77.27,143,20.0,1.0,1.0
536.0,8,pa_8,E7,25.0,5,50.0,2,40.0,0.0,0,0,3,3,750.0,34,15,77.27,143,25.0,0.25,0.4
536.0,8,pa_8_rev,NEG_E7,25.0,5,125.0,5,100.0,100.0,3,3,0,0,750.0,34,15,77.27,143,25.0,1.0,1.0
537.0,8,pa_2,E0,20.0,4,80.0,4,100.0,100.0,3,3,0,0,750.0,34,16,77.27,143,20.0,1.0,1.0
537.0,8,pa_2_rev,NEG_E0,20.0,4,80.0,4,100.0,33.33,1,1,0,2,750.0,34,16,77.27,143,20.0,0.71,1.0
537.0,8,pa_3,E1,20.0,4,80.0,4,100.0,100.0,3,3,0,0,750.0,34,16,77.27,143,20.0,1.0,1.0
537.0,8,pa_3_rev,NEG_E1,20.0,4,80.0,4,100.0,100.0,3,3,0,0,750.0,34,16,77.27,143,20.0,1.0,1.0
537.0,8,pa_6,E5,25.0,5,125.0,5,100.0,33.33,1,1,0,2,750.0,34,16,77.27,143,25.0,0.75,1.0
537.0,8,pa_6_rev,NEG_E5,25.0,5,50.0,2,40.0,0.0,0,0,3,3,750.0,34,16,77.27,143,25.0,0.25,0.4
537.0,8,pa_7,E6,20.0,4,0.0,0,0.0,0.0,0,0,4,2,750.0,34,16,77.27,143,0.0,0.0,0.0
537.0,8,pa_7_rev,NEG_E6,20.0,4,80.0,4,100.0,100.0,2,2,0,0,750.0,34,16,77.27,143,20.0,1.0,1.0
537.0,8,pa_8,E7,25.0,5,50.0,2,40.0,0.0,0,0,3,3,750.0,34,16,77.27,143,25.0,0.25,0.4
537.0,8,pa_8_rev,NEG_E7,25.0,5,125.0,5,100.0,100.0,3,3,0,0,750.0,34,16,77.27,143,25.0,1.0,1.0
538.0,8,pa_2,E0,20.0,4,80.0,4,100.0,100.0,3,3,0,0,750.0,34,16,77.27,143,20.0,1.0,1.0
538.0,8,pa_2_rev,NEG_E0,20.0,4,80.0,4,100.0,33.33,1,1,0,2,750.0,34,16,77.27,143,20.0,0.71,1.0
538.0,8,pa_3,E1,20.0,4,80.0,4,100.0,100.0,3,3,0,0,750.0,34,16,77.27,143,20.0,1.0,1.0
538.0,8,pa_3_rev,NEG_E1,20.0,4,80.0,4,100.0,100.0,3,3,0,0,750.0,34,16,77.27,143,20.0,1.0,1.0
538.0,8,pa_6,E5,25.0,5,125.0,5,100.0,33.33,1,1,0,2,750.0,34,16,77.27,143,25.0,0.75,1.0
538.0,8,pa_6_rev,NEG_E5,25.0,5,50.0,2,40.0,0.0,0,0,3,3,750.0,34,16,77.27,143,25.0,0.25,0.4
538.0,8,pa_7,E6,20.0,4,0.0,0,0.0,0.0,0,0,4,2,750.0,34,16,77.27,143,0.0,0.0,0.0
538.0,8,pa_7_rev,NEG_E6,20.0,4,80.0,4,100.0,100.0,2,2,0,0,750.0,34,16,77.27,143,20.0,1.0,1.0
538.0,8,pa_8,E7,25.0,5,50.0,2,40.0,0.0,0,0,3,3,750.0,34,16,77.27,143,25.0,0.25,0.4
538.0,8,pa_8_rev,NEG_E7,25.0,5,125.0,5,100.0,100.0,3,3,0,0,750.0,34,16,77.27,143,25.0,1.0,1.0
539.0,8,pa_2,E0,20.0,4,80.0,4,100.0,100.0,3,3,0,0,750.0,34,16,77.27,143,20.0,1.0,1.0
539.0,8,pa_2_rev,NEG_E0,20.0,4,80.0,4,100.0,33.33,1,1,0,2,750.0,34,16,77.27,143,20.0,0.71,1.0
539.0,8,pa_3,E1,20.0,4,80.0,4,100.0,100.0,3,3,0,0,750.0,34,16,77.27,143,20.0,1.0,1.0
539.0,8,pa_3_rev,NEG_E1,20.0,4,80.0,4,100.0,100.0,3,3,0,0,750.0,34,16,77.27,143,20.0,1.0,1.0
539.0,8,pa_6,E5,25.0,5,125.0,5,100.0,33.33,1,1,0,2,750.0,34,16,77.27,143,25.0,0.75,1.0
539.0,8,pa_6_rev,NEG_E5,25.0,5,50.0,2,40.0,0.0,0,0,3,3,750.0,34,16,77.27,143,25.0,0.25,0.4
539.0,8,pa_7,E6,20.0,4,0.0,0,0.0,0.0,0,0,4,2,750.0,34,16,77.27,143,0.0,0.0,0.0
539.0,8,pa_7_rev,NEG_E6,20.0,4,80.0,4,100.0,100.0,2,2,0,0,750.0,34,16,77.27,143,20.0,1.0,1.0
539.0,8,pa_8,E7,25.0,5,50.0,2,40.0,0.0,0,0,3,3,750.0,34,16,77.27,143,25.0,0.25,0.4
539.0,8,pa_8_rev,NEG_E7,25.0,5,125.0,5,100.0,100.0,3,3,0,0,750.0,34,16,77.27,143,25.0,1.0,1.0
540.0,9,pa_2,E0,20.0,4,80.0,4,100.0,100.0,3,3,0,0,750.0,34,16,77.27,143,20.0,1.0,1.0
540.0,9,pa_2_rev,NEG_E0,20.0,4,80.0,4,100.0,33.33,1,1,0,2,750.0,34,16,77.27,143,20.0,0.71,1.0
540.0,9,pa_3,E1,20.0,4,80.0,4,100.0,100.0,3,3,0,0,750.0,34,16,77.27,143,20.0,1.0,1.0
540.0,9,pa_3_rev,NEG_E1,20.0,4,80.0,4,100.0,100.0,3,3,0,0,750.0,34,16,77.27,143,20.0,1.0,1.0
540.0,9,pa_6,E5,25.0,5,125.0,5,100.0,33.33,1,1,0,2,750.0,34,16,77.27,143,25.0,0.75,1.0
540.0,9,pa_6_rev,NEG_E5,25.0,5,50.0,2,40.0,0.0,0,0,3,3,750.0,34,16,77.27,143,25.0,0.25,0.4
540.0,9,pa_7,E6,20.0,4,0.0,0,0.0,0.0,0,0,4,2,750.0,34,16,77.27,143,0.0,0.0,0.0
540.0,9,pa_7_rev,NEG_E6,20.0,4,80.0,4,100.0,100.0,2,2,0,0,750.0,34,16,77.27,143,20.0,1.0,1.0
540.0,9,pa_8,E7,25.0,5,50.0,2,40.0,0.0,0,0,3,3,750.0,34,16,77.27,143,25.0,0.25,0.4
540.0,9,pa_8_rev,NEG_E7,25.0,5,125.0,5,100.0,100.0,3,3,0,0,750.0,34,16,77.27,143,25.0,1.0,1.0
541.0,9,pa_2,E0,20.0,4,80.0,4,100.0,100.0,3,3,0,0,750.0,34,16,77.27,146,20.0,1.0,1.0
541.0,9,pa_2_rev,NEG_E0,20.0,4,80.0,4,100.0,33.33,1,1,0,2,750.0,34,16,77.27,146,20.0,0.71,1.0
541.0,9,pa_3,E1,20.0,4,80.0,4,100.0,100.0,3,3,0,0,750.0,34,16,77.27,146,20.0,1.0,1.0
541.0,9,pa_3_rev,NEG_E1,20.0,4,80.0,4,100.0,100.0,3,3,0,0,750.0,34,16,77.27,146,20.0,1.0,1.0
541.0,9,pa_6,E5,25.0,5,125.0,5,100.0,33.33,1,1,0,2,750.0,34,16,77.27,146,25.0,0.75,1.0
541.0,9,pa_6_rev,NEG_E5,25.0,5,50.0,2,40.0,0.0,0,0,3,3,750.0,34,16,77.27,146,25.0,0.25,0.4
541.0,9,pa_7,E6,20.0,4,0.0,0,0.0,0.0,0,0,4,2,750.0,34,16,77.27,146,0.0,0.0,0.0
541.0,9,pa_7_rev,NEG_E6,20.0,4,80.0,4,100.0,100.0,2,2,0,0,750.0,34,16,77.27,146,20.0,1.0,1.0
541.0,9,pa_8,E7,25.0,5,50.0,2,40.0,0.0,0,0,3,3,750.0,34,16,77.27,146,25.0,0.25,0.4
541.0,9,pa_8_rev,NEG_E7,25.0,5,125.0,5,100.0,100.0,3,3,0,0,750.0,34,16,77.27,146,25.0,1.0,1.0
542.0,9,pa_2,E0,20.0,4,80.0,4,100.0,100.0,3,3,0,0,750.0,34,16,77.27,146,20.0,1.0,1.0
542.0,9,pa_2_rev,NEG_E0,20.0,4,80.0,4,100.0,33.33,1,1,0,2,750.0,34,16,77.27,146,20.0,0.71,1.0
542.0,9,pa_3,E1,20.0,4,80.0,4,100.0,100.0,3,3,0,0,750.0,34,16,77.27,146,20.0,1.0,1.0
542.0,9,pa_3_rev,NEG_E1,20.0,4,80.0,4,100.0,100.0,3,3,0,0,750.0,34,16,77.27,146,20.0,1.0,1.0
542.0,9,pa_6,E5,25.0,5,125.0,5,100.0,33.33,1,1,0,2,750.0,34,16,77.27,146,25.0,0.75,1.0
542.0,9,pa_6_rev,NEG_E5,25.0,5,50.0,2,40.0,0.0,0,0,3,3,750.0,34,16,77.27,146,25.0,0.25,0.4
542.0,9,pa_7,E6,20.0,4,0.0,0,0.0,0.0,0,0,4,2,750.0,34,16,77.27,146,0.0,0.0,0.0
542.0,9,pa_7_rev,NEG_E6,20.0,4,80.0,4,100.0,100.0,2,2,0,0,750.0,34,16,77.27,146,20.0,1.0,1.0
542.0,9,pa_8,E7,25.0,5,50.0,2,40.0,0.0,0,0,3,3,750.0,34,16,77.27,146,25.0,0.25,0.4
542.0,9,pa_8_rev,NEG_E7,25.0,5,125.0,5,100.0,100.0,3,3,0,0,750.0,34,16,77.27,146,25.0,1.0,1.0
543.0,9,pa_2,E0,20.0,4,80.0,4,100.0,100.0,3,3,0,0,750.0,34,16,77.27,148,20.0,1.0,1.0
543.0,9,pa_2_rev,NEG_E0,20.0,4,80.0,4,100.0,33.33,1,1,0,2,750.0,34,16,77.27,148,20.0,0.71,1.0
543.0,9,pa_3,E1,20.0,4,80.0,4,100.0,100.0,3,3,0,0,750.0,34,16,77.27,148,20.0,1.0,1.0
543.0,9,pa_3_rev,NEG_E1,20.0,4,80.0,4,100.0,100.0,3,3,0,0,750.0,34,16,77.27,148,20.0,1.0,1.0
543.0,9,pa_6,E5,25.0,5,125.0,5,100.0,33.33,1,1,0,2,750.0,34,16,77.27,148,25.0,0.75,1.0
543.0,9,pa_6_rev,NEG_E5,25.0,5,50.0,2,40.0,0.0,0,0,3,3,750.0,34,16,77.27,148,25.0,0.25,0.4
543.0,9,pa_7,E6,20.0,4,0.0,0,0.0,0.0,0,0,4,2,750.0,34,16,77.27,148,0.0,0.0,0.0
543.0,9,pa_7_rev,NEG_E6,20.0,4,80.0,4,100.0,100.0,2,2,0,0,750.0,34,16,77.27,148,20.0,1.0,1.0
543.0,9,pa_8,E7,25.0,5,50.0,2,40.0,0.0,0,0,3,3,750.0,34,16,77.27,148,25.0,0.25,0.4
543.0,9,pa_8_rev,NEG_E7,25.0,5,125.0,5,100.0,100.0,3,3,0,0,750.0,34,16,77.27,148,25.0,1.0,1.0
544.0,9,pa_2,E0,20.0,4,80.0,4,100.0,100.0,3,3,0,0,750.0,34,16,77.27,148,20.0,1.0,1.0
544.0,9,pa_2_rev,NEG_E0,20.0,4,80.0,4,100.0,33.33,1,1,0,2,750.0,34,16,77.27,148,20.0,0.71,1.0
544.0,9,pa_3,E1,20.0,4,80.0,4,100.0,100.0,3,3,0,0,750.0,34,16,77.27,148,20.0,1.0,1.0
544.0,9,pa_3_rev,NEG_E1,20.0,4,80.0,4,100.0,100.0,3,3,0,0,750.0,34,16,77.27,148,20.0,1.0,1.0
544.0,9,pa_6,E5,25.0,5,125.0,5,100.0,33.33,1,1,0,2,750.0,34,16,77.27,148,25.0,0.75,1.0
544.0,9,pa_6_rev,NEG_E5,25.0,5,50.0,2,40.0,0.0,0,0,3,3,750.0,34,16,77.27,148,25.0,0.25,0.4
544.0,9,pa_7,E6,20.0,4,0.0,0,0.0,0.0,0,0,4,2,750.0,34,16,77.27,148,0.0,0.0,0.0
544.0,9,pa_7_rev,NEG_E6,20.0,4,80.0,4,100.0,100.0,2,2,0,0,750.0,34,16,77.27,148,20.0,1.0,1.0
544.0,9,pa_8,E7,25.0,5,50.0,2,40.0,0.0,0,0,3,3,750.0,34,16,77.27,148,25.0,0.25,0.4
544.0,9,pa_8_rev,NEG_E7,25.0,5,125.0,5,100.0,100.0,3,3,0,0,750.0,34,16,77.27,148,25.0,1.0,1.0
545.0,9,pa_2,E0,20.0,4,80.0,4,100.0,100.0,3,3,0,0,750.0,34,16,77.27,148,20.0,1.0,1.0
545.0,9,pa_2_rev,NEG_E0,20.0,4,80.0,4,100.0,33.33,1,1,0,2,750.0,34,16,77.27,148,20.0,0.71,1.0
545.0,9,pa_3,E1,20.0,4,80.0,4,100.0,100.0,3,3,0,0,750.0,34,16,77.27,148,20.0,1.0,1.0
545.0,9,pa_3_rev,NEG_E1,20.0,4,80.0,4,100.0,100.0,3,3,0,0,750.0,34,16,77.27,148,20.0,1.0,1.0
545.0,9,pa_6,E5,25.0,5,125.0,5,100.0,33.33,1,1,0,2,750.0,34,16,77.27,148,25.0,0.75,1.0
545.0,9,pa_6_rev,NEG_E5,25.0,5,50.0,2,40.0,0.0,0,0,3,3,750.0,34,16,77.27,148,25.0,0.25,0.4
545.0,9,pa_7,E6,20.0,4,0.0,0,0.0,0.0,0,0,4,2,750.0,34,16,77.27,148,0.0,0.0,0.0
545.0,9,pa_7_rev,NEG_E6,20.0,4,80.0,4,100.0,100.0,2,2,0,0,750.0,34,16,77.27,148,20.0,1.0,1.0
545.0,9,pa_8,E7,25.0,5,50.0,2,40.0,0.0,0,0,3,3,750.0,34,16,77.27,148,25.0,0.25,0.4
545.0,9,pa_8_rev,NEG_E7,25.0,5,125.0,5,100.0,100.0,3,3,0,0,750.0,34,16,77.27,148,25.0,1.0,1.0
546.0,9,pa_2,E0,20.0,4,80.0,4,100.0,100.0,3,3,0,0,750.0,34,16,77.27,149,20.0,1.0,1.0
546.0,9,pa_2_rev,NEG_E0,20.0,4,80.0,4,100.0,33.33,1,1,0,2,750.0,34,16,77.27,149,20.0,0.71,1.0
546.0,9,pa_3,E1,20.0,4,80.0,4,100.0,100.0,3,3,0,0,750.0,34,16,77.27,149,20.0,1.0,1.0
546.0,9,pa_3_rev,NEG_E1,20.0,4,80.0,4,100.0,100.0,3,3,0,0,750.0,34,16,77.27,149,20.0,1.0,1.0
546.0,9,pa_6,E5,25.0,5,125.0,5,100.0,33.33,1,1,0,2,750.0,34,16,77.27,149,25.0,0.75,1.0
546.0,9,pa_6_rev,NEG_E5,25.0,5,50.0,2,40.0,0.0,0,0,3,3,750.0,34,16,77.27,149,25.0,0.25,0.4
546.0,9,pa_7,E6,20.0,4,0.0,0,0.0,0.0,0,0,4,2,750.0,34,16,77.27,149,0.0,0.0,0.0
546.0,9,pa_7_rev,NEG_E6,20.0,4,80.0,4,100.0,100.0,2,2,0,0,750.0,34,16,77.27,149,20.0,1.0,1.0
546.0,9,pa_8,E7,25.0,5,50.0,2,40.0,0.0,0,0,3,3,750.0,34,16,77.27,149,25.0,0.25,0.4
546.0,9,pa_8_rev,NEG_E7,25.0,5,125.0,5,100.0,100.0,3,3,0,0,750.0,34,16,77.27,149,25.0,1.0,1.0
547.0,9,pa_2,E0,20.0,4,80.0,4,100.0,100.0,3,3,0,0,750.0,34,16,77.27,148,20.0,1.0,1.0
547.0,9,pa_2_rev,NEG_E0,20.0,4,80.0,4,100.0,33.33,1,1,0,2,750.0,34,16,77.27,148,20.0,0.71,1.0
547.0,9,pa_3,E1,20.0,4,80.0,4,100.0,100.0,3,3,0,0,750.0,34,16,77.27,148,20.0,1.0,1.0
547.0,9,pa_3_rev,NEG_E1,20.0,4,80.0,4,100.0,100.0,3,3,0,0,750.0,34,16,77.27,148,20.0,1.0,1.0
547.0,9,pa_6,E5,25.0,5,125.0,5,100.0,33.33,1,1,0,2,750.0,34,16,77.27,148,25.0,0.75,1.0
547.0,9,pa_6_rev,NEG_E5,25.0,5,50.0,2,40.0,0.0,0,0,3,3,750.0,34,16,77.27,148,25.0,0.25,0.4
547.0,9,pa_7,E6,20.0,4,0.0,0,0.0,0.0,0,0,4,2,750.0,34,16,77.27,148,0.0,0.0,0.0
547.0,9,pa_7_rev,NEG_E6,20.0,4,80.0,4,100.0,100.0,2,2,0,0,750.0,34,16,77.27,148,20.0,1.0,1.0
547.0,9,pa_8,E7,25.0,5,50.0,2,40.0,0.0,0,0,3,3,750.0,34,16,77.27,148,25.0,0.25,0.4
547.0,9,pa_8_rev,NEG_E7,25.0,5,125.0,5,100.0,100.0,3,3,0,0,750.0,34,16,77.27,148,25.0,1.0,1.0
548.0,9,pa_2,E0,20.0,4,80.0,4,100.0,100.0,3,3,0,0,750.0,34,16,77.27,149,20.0,1.0,1.0
548.0,9,pa_2_rev,NEG_E0,20.0,4,80.0,4,100.0,33.33,1,1,0,2,750.0,34,16,77.27,149,20.0,0.71,1.0
548.0,9,pa_3,E1,20.0,4,80.0,4,100.0,100.0,3,3,0,0,750.0,34,16,77.27,149,20.0,1.0,1.0
548.0,9,pa_3_rev,NEG_E1,20.0,4,80.0,4,100.0,100.0,3,3,0,0,750.0,34,16,77.27,149,20.0,1.0,1.0
548.0,9,pa_6,E5,25.0,5,125.0,5,100.0,33.33,1,1,0,2,750.0,34,16,77.27,149,25.0,0.75,1.0
548.0,9,pa_6_rev,NEG_E5,25.0,5,50.0,2,40.0,0.0,0,0,3,3,750.0,34,16,77.27,149,25.0,0.25,0.4
548.0,9,pa_7,E6,20.0,4,0.0,0,0.0,0.0,0,0,4,2,750.0,34,16,77.27,149,0.0,0.0,0.0
548.0,9,pa_7_rev,NEG_E6,20.0,4,80.0,4,100.0,100.0,2,2,0,0,750.0,34,16,77.27,149,20.0,1.0,1.0
548.0,9,pa_8,E7,25.0,5,50.0,2,40.0,0.0,0,0,3,3,750.0,34,16,77.27,149,25.0,0.25,0.4
548.0,9,pa_8_rev,NEG_E7,25.0,5,125.0,5,100.0,100.0,3,3,0,0,750.0,34,16,77.27,149,25.0,1.0,1.0
549.0,9,pa_2,E0,20.0,4,80.0,4,100.0,100.0,3,3,0,0,750.0,34,16,77.27,149,20.0,1.0,1.0
549.0,9,pa_2_rev,NEG_E0,20.0,4,80.0,4,100.0,33.33,1,1,0,2,750.0,34,16,77.27,149,20.0,0.71,1.0
549.0,9,pa_3,E1,20.0,4,80.0,4,100.0,100.0,3,3,0,0,750.0,34,16,77.27,149,20.0,1.0,1.0
549.0,9,pa_3_rev,NEG_E1,20.0,4,80.0,4,100.0,100.0,3,3,0,0,750.0,34,16,77.27,149,20.0,1.0,1.0
549.0,9,pa_6,E5,25.0,5,125.0,5,100.0,33.33,1,1,0,2,750.0,34,16,77.27,149,25.0,0.75,1.0
549.0,9,pa_6_rev,NEG_E5,25.0,5,50.0,2,40.0,0.0,0,0,3,3,750.0,34,16,77.27,149,25.0,0.25,0.4
549.0,9,pa_7,E6,20.0,4,0.0,0,0.0,0.0,0,0,4,2,750.0,34,16,77.27,149,0.0,0.0,0.0
549.0,9,pa_7_rev,NEG_E6,20.0,4,80.0,4,100.0,100.0,2,2,0,0,750.0,34,16,77.27,149,20.0,1.0,1.0
549.0,9,pa_8,E7,25.0,5,50.0,2,40.0,0.0,0,0,3,3,750.0,34,16,77.27,149,25.0,0.25,0.4
549.0,9,pa_8_rev,NEG_E7,25.0,5,125.0,5,100.0,100.0,3,3,0,0,750.0,34,16,77.27,149,25.0,1.0,1.0
550.0,9,pa_2,E0,20.0,4,80.0,4,100.0,100.0,3,3,0,0,750.0,34,16,77.27,149,20.0,1.0,1.0
550.0,9,pa_2_rev,NEG_E0,20.0,4,80.0,4,100.0,33.33,1,1,0,2,750.0,34,16,77.27,149,20.0,0.71,1.0
550.0,9,pa_3,E1,20.0,4,80.0,4,100.0,100.0,3,3,0,0,750.0,34,16,77.27,149,20.0,1.0,1.0
550.0,9,pa_3_rev,NEG_E1,20.0,4,80.0,4,100.0,100.0,3,3,0,0,750.0,34,16,77.27,149,20.0,1.0,1.0
550.0,9,pa_6,E5,25.0,5,125.0,5,100.0,33.33,1,1,0,2,750.0,34,16,77.27,149,25.0,0.75,1.0
550.0,9,pa_6_rev,NEG_E5,25.0,5,50.0,2,40.0,0.0,0,0,3,3,750.0,34,16,77.27,149,25.0,0.25,0.4
550.0,9,pa_7,E6,20.0,4,0.0,0,0.0,0.0,0,0,4,2,750.0,34,16,77.27,149,0.0,0.0,0.0
550.0,9,pa_7_rev,NEG_E6,20.0,4,80.0,4,100.0,100.0,2,2,0,0,750.0,34,16,77.27,149,20.0,1.0,1.0
550.0,9,pa_8,E7,25.0,5,50.0,2,40.0,0.0,0,0,3,3,750.0,34,16,77.27,149,25.0,0.25,0.4
550.0,9,pa_8_rev,NEG_E7,25.0,5,125.0,5,100.0,100.0,3,3,0,0,750.0,34,16,77.27,149,25.0,1.0,1.0
551.0,9,pa_2,E0,20.0,4,80.0,4,100.0,100.0,3,3,0,0,750.0,34,16,77.27,149,20.0,1.0,1.0
551.0,9,pa_2_rev,NEG_E0,20.0,4,80.0,4,100.0,33.33,1,1,0,2,750.0,34,16,77.27,149,20.0,0.71,1.0
551.0,9,pa_3,E1,20.0,4,80.0,4,100.0,100.0,3,3,0,0,750.0,34,16,77.27,149,20.0,1.0,1.0
551.0,9,pa_3_rev,NEG_E1,20.0,4,80.0,4,100.0,100.0,3,3,0,0,750.0,34,16,77.27,149,20.0,1.0,1.0
551.0,9,pa_6,E5,25.0,5,125.0,5,100.0,33.33,1,1,0,2,750.0,34,16,77.27,149,25.0,0.75,1.0
551.0,9,pa_6_rev,NEG_E5,25.0,5,50.0,2,40.0,0.0,0,0,3,3,750.0,34,16,77.27,149,25.0,0.25,0.4
551.0,9,pa_7,E6,20.0,4,0.0,0,0.0,0.0,0,0,4,2,750.0,34,16,77.27,149,0.0,0.0,0.0
551.0,9,pa_7_rev,NEG_E6,20.0,4,80.0,4,100.0,100.0,2,2,0,0,750.0,34,16,77.27,149,20.0,1.0,1.0
551.0,9,pa_8,E7,25.0,5,50.0,2,40.0,0.0,0,0,3,3,750.0,34,16,77.27,149,25.0,0.25,0.4
551.0,9,pa_8_rev,NEG_E7,25.0,5,125.0,5,100.0,100.0,3,3,0,0,750.0,34,16,77.27,149,25.0,1.0,1.0
552.0,9,pa_2,E0,20.0,4,80.0,4,100.0,100.0,3,3,0,0,750.0,34,16,77.27,149,20.0,1.0,1.0
552.0,9,pa_2_rev,NEG_E0,20.0,4,80.0,4,100.0,33.33,1,1,0,2,750.0,34,16,77.27,149,20.0,0.71,1.0
552.0,9,pa_3,E1,20.0,4,80.0,4,100.0,100.0,3,3,0,0,750.0,34,16,77.27,149,20.0,1.0,1.0
552.0,9,pa_3_rev,NEG_E1,20.0,4,80.0,4,100.0,100.0,3,3,0,0,750.0,34,16,77.27,149,20.0,1.0,1.0
552.0,9,pa_6,E5,25.0,5,125.0,5,100.0,33.33,1,1,0,2,750.0,34,16,77.27,149,25.0,0.75,1.0
552.0,9,pa_6_rev,NEG_E5,25.0,5,50.0,2,40.0,0.0,0,0,3,3,750.0,34,16,77.27,149,25.0,0.25,0.4
552.0,9,pa_7,E6,20.0,4,0.0,0,0.0,0.0,0,0,4,2,750.0,34,16,77.27,149,0.0,0.0,0.0
552.0,9,pa_7_rev,NEG_E6,20.0,4,80.0,4,100.0,100.0,2,2,0,0,750.0,34,16,77.27,149,20.0,1.0,1.0
552.0,9,pa_8,E7,25.0,5,50.0,2,40.0,0.0,0,0,3,3,750.0,34,16,77.27,149,25.0,0.25,0.4
552.0,9,pa_8_rev,NEG_E7,25.0,5,125.0,5,100.0,100.0,3,3,0,0,750.0,34,16,77.27,149,25.0,1.0,1.0
553.0,9,pa_2,E0,20.0,4,80.0,4,100.0,100.0,3,3,0,0,750.0,34,16,77.27,149,20.0,1.0,1.0
553.0,9,pa_2_rev,NEG_E0,20.0,4,80.0,4,100.0,33.33,1,1,0,2,750.0,34,16,77.27,149,20.0,0.71,1.0
553.0,9,pa_3,E1,20.0,4,80.0,4,100.0,100.0,3,3,0,0,750.0,34,16,77.27,149,20.0,1.0,1.0
553.0,9,pa_3_rev,NEG_E1,20.0,4,80.0,4,100.0,100.0,3,3,0,0,750.0,34,16,77.27,149,20.0,1.0,1.0
553.0,9,pa_6,E5,25.0,5,125.0,5,100.0,33.33,1,1,0,2,750.0,34,16,77.27,149,25.0,0.75,1.0
553.0,9,pa_6_rev,NEG_E5,25.0,5,50.0,2,40.0,0.0,0,0,3,3,750.0,34,16,77.27,149,25.0,0.25,0.4
553.0,9,pa_7,E6,20.0,4,0.0,0,0.0,0.0,0,0,4,2,750.0,34,16,77.27,149,0.0,0.0,0.0
553.0,9,pa_7_rev,NEG_E6,20.0,4,80.0,4,100.0,100.0,2,2,0,0,750.0,34,16,77.27,149,20.0,1.0,1.0
553.0,9,pa_8,E7,25.0,5,50.0,2,40.0,0.0,0,0,3,3,750.0,34,16,77.27,149,25.0,0.25,0.4
553.0,9,pa_8_rev,NEG_E7,25.0,5,125.0,5,100.0,100.0,3,3,0,0,750.0,34,16,77.27,149,25.0,1.0,1.0
554.0,9,pa_2,E0,20.0,4,80.0,4,100.0,100.0,3,3,0,0,750.0,34,16,77.27,149,20.0,1.0,1.0
554.0,9,pa_2_rev,NEG_E0,20.0,4,80.0,4,100.0,33.33,1,1,0,2,750.0,34,16,77.27,149,20.0,0.71,1.0
554.0,9,pa_3,E1,20.0,4,80.0,4,100.0,100.0,3,3,0,0,750.0,34,16,77.27,149,20.0,1.0,1.0
554.0,9,pa_3_rev,NEG_E1,20.0,4,80.0,4,100.0,100.0,3,3,0,0,750.0,34,16,77.27,149,20.0,1.0,1.0
554.0,9,pa_6,E5,25.0,5,125.0,5,100.0,33.33,1,1,0,2,750.0,34,16,77.27,149,25.0,0.75,1.0
554.0,9,pa_6_rev,NEG_E5,25.0,5,50.0,2,40.0,0.0,0,0,3,3,750.0,34,16,77.27,149,25.0,0.25,0.4
554.0,9,pa_7,E6,20.0,4,0.0,0,0.0,0.0,0,0,4,2,750.0,34,16,77.27,149,0.0,0.0,0.0
554.0,9,pa_7_rev,NEG_E6,20.0,4,80.0,4,100.0,100.0,2,2,0,0,750.0,34,16,77.27,149,20.0,1.0,1.0
554.0,9,pa_8,E7,25.0,5,50.0,2,40.0,0.0,0,0,3,3,750.0,34,16,77.27,149,25.0,0.25,0.4
554.0,9,pa_8_rev,NEG_E7,25.0,5,125.0,5,100.0,100.0,3,3,0,0,750.0,34,16,77.27,149,25.0,1.0,1.0
555.0,9,pa_2,E0,20.0,4,80.0,4,100.0,100.0,3,3,0,0,750.0,34,16,77.27,149,20.0,1.0,1.0
555.0,9,pa_2_rev,NEG_E0,20.0,4,80.0,4,100.0,33.33,1,1,0,2,750.0,34,16,77.27,149,20.0,0.71,1.0
555.0,9,pa_3,E1,20.0,4,80.0,4,100.0,100.0,3,3,0,0,750.0,34,16,77.27,149,20.0,1.0,1.0
555.0,9,pa_3_rev,NEG_E1,20.0,4,80.0,4,100.0,100.0,3,3,0,0,750.0,34,16,77.27,149,20.0,1.0,1.0
555.0,9,pa_6,E5,25.0,5,125.0,5,100.0,33.33,1,1,0,2,750.0,34,16,77.27,149,25.0,0.75,1.0
555.0,9,pa_6_rev,NEG_E5,25.0,5,50.0,2,40.0,0.0,0,0,3,3,750.0,34,16,77.27,149,25.0,0.25,0.4
555.0,9,pa_7,E6,20.0,4,0.0,0,0.0,0.0,0,0,4,2,750.0,34,16,77.27,149,0.0,0.0,0.0
555.0,9,pa_7_rev,NEG_E6,20.0,4,80.0,4,100.0,100.0,2,2,0,0,750.0,34,16,77.27,149,20.0,1.0,1.0
555.0,9,pa_8,E7,25.0,5,50.0,2,40.0,0.0,0,0,3,3,750.0,34,16,77.27,149,25.0,0.25,0.4
555.0,9,pa_8_rev,NEG_E7,25.0,5,125.0,5,100.0,100.0,3,3,0,0,750.0,34,16,77.27,149,25.0,1.0,1.0
556.0,9,pa_2,E0,20.0,4,80.0,4,100.0,100.0,3,3,0,0,750.0,34,16,77.27,148,20.0,1.0,1.0
556.0,9,pa_2_rev,NEG_E0,20.0,4,80.0,4,100.0,33.33,1,1,0,2,750.0,34,16,77.27,148,20.0,0.71,1.0
556.0,9,pa_3,E1,20.0,4,80.0,4,100.0,100.0,3,3,0,0,750.0,34,16,77.27,148,20.0,1.0,1.0
556.0,9,pa_3_rev,NEG_E1,20.0,4,80.0,4,100.0,100.0,3,3,0,0,750.0,34,16,77.27,148,20.0,1.0,1.0
556.0,9,pa_6,E5,25.0,5,125.0,5,100.0,33.33,1,1,0,2,750.0,34,16,77.27,148,25.0,0.75,1.0
556.0,9,pa_6_rev,NEG_E5,25.0,5,50.0,2,40.0,0.0,0,0,3,3,750.0,34,16,77.27,148,25.0,0.25,0.4
556.0,9,pa_7,E6,20.0,4,0.0,0,0.0,0.0,0,0,4,2,750.0,34,16,77.27,148,0.0,0.0,0.0
556.0,9,pa_7_rev,NEG_E6,20.0,4,80.0,4,100.0,100.0,2,2,0,0,750.0,34,16,77.27,148,20.0,1.0,1.0
556.0,9,pa_8,E7,25.0,5,50.0,2,40.0,0.0,0,0,3,3,750.0,34,16,77.27,148,25.0,0.25,0.4
556.0,9,pa_8_rev,NEG_E7,25.0,5,125.0,5,100.0,100.0,3,3,0,0,750.0,34,16,77.27,148,25.0,1.0,1.0
557.0,9,pa_2,E0,20.0,4,80.0,4,100.0,100.0,3,3,0,0,750.0,34,16,77.27,148,20.0,1.0,1.0
557.0,9,pa_2_rev,NEG_E0,20.0,4,80.0,4,100.0,33.33,1,1,0,2,750.0,34,16,77.27,148,20.0,0.71,1.0
557.0,9,pa_3,E1,20.0,4,80.0,4,100.0,100.0,3,3,0,0,750.0,34,16,77.27,148,20.0,1.0,1.0
557.0,9,pa_3_rev,NEG_E1,20.0,4,80.0,4,100.0,100.0,3,3,0,0,750.0,34,16,77.27,148,20.0,1.0,1.0
557.0,9,pa_6,E5,25.0,5,125.0,5,100.0,33.33,1,1,0,2,750.0,34,16,77.27,148,25.0,0.75,1.0
557.0,9,pa_6_rev,NEG_E5,25.0,5,50.0,2,40.0,0.0,0,0,3,3,750.0,34,16,77.27,148,25.0,0.25,0.4
557.0,9,pa_7,E6,20.0,4,0.0,0,0.0,0.0,0,0,4,2,750.0,34,16,77.27,148,0.0,0.0,0.0
557.0,9,pa_7_rev,NEG_E6,20.0,4,80.0,4,100.0,100.0,2,2,0,0,750.0,34,16,77.27,148,20.0,1.0,1.0
557.0,9,pa_8,E7,25.0,5,50.0,2,40.0,0.0,0,0,3,3,750.0,34,16,77.27,148,25.0,0.25,0.4
557.0,9,pa_8_rev,NEG_E7,25.0,5,125.0,5,100.0,100.0,3,3,0,0,750.0,34,16,77.27,148,25.0,1.0,1.0
558.0,9,pa_2,E0,20.0,4,80.0,4,100.0,100.0,3,3,0,0,750.0,34,16,77.27,148,20.0,1.0,1.0
558.0,9,pa_2_rev,NEG_E0,20.0,4,80.0,4,100.0,33.33,1,1,0,2,750.0,34,16,77.27,148,20.0,0.71,1.0
558.0,9,pa_3,E1,20.0,4,80.0,4,100.0,100.0,3,3,0,0,750.0,34,16,77.27,148,20.0,1.0,1.0
558.0,9,pa_3_rev,NEG_E1,20.0,4,80.0,4,100.0,100.0,3,3,0,0,750.0,34,16,77.27,148,20.0,1.0,1.0
558.0,9,pa_6,E5,25.0,5,125.0,5,100.0,33.33,1,1,0,2,750.0,34,16,77.27,148,25.0,0.75,1.0
558.0,9,pa_6_rev,NEG_E5,25.0,5,50.0,2,40.0,0.0,0,0,3,3,750.0,34,16,77.27,148,25.0,0.25,0.4
558.0,9,pa_7,E6,20.0,4,0.0,0,0.0,0.0,0,0,4,2,750.0,34,16,77.27,148,0.0,0.0,0.0
558.0,9,pa_7_rev,NEG_E6,20.0,4,80.0,4,100.0,100.0,2,2,0,0,750.0,34,16,77.27,148,20.0,1.0,1.0
558.0,9,pa_8,E7,25.0,5,50.0,2,40.0,0.0,0,0,3,3,750.0,34,16,77.27,148,25.0,0.25,0.4
558.0,9,pa_8_rev,NEG_E7,25.0,5,125.0,5,100.0,100.0,3,3,0,0,750.0,34,16,77.27,148,25.0,1.0,1.0
559.0,9,pa_2,E0,20.0,4,80.0,4,100.0,100.0,3,3,0,0,750.0,34,16,77.27,148,20.0,1.0,1.0
559.0,9,pa_2_rev,NEG_E0,20.0,4,80.0,4,100.0,33.33,1,1,0,2,750.0,34,16,77.27,148,20.0,0.71,1.0
559.0,9,pa_3,E1,20.0,4,80.0,4,100.0,100.0,3,3,0,0,750.0,34,16,77.27,148,20.0,1.0,1.0
559.0,9,pa_3_rev,NEG_E1,20.0,4,80.0,4,100.0,100.0,3,3,0,0,750.0,34,16,77.27,148,20.0,1.0,1.0
559.0,9,pa_6,E5,25.0,5,125.0,5,100.0,33.33,1,1,0,2,750.0,34,16,77.27,148,25.0,0.75,1.0
559.0,9,pa_6_rev,NEG_E5,25.0,5,50.0,2,40.0,0.0,0,0,3,3,750.0,34,16,77.27,148,25.0,0.25,0.4
559.0,9,pa_7,E6,20.0,4,0.0,0,0.0,0.0,0,0,4,2,750.0,34,16,77.27,148,0.0,0.0,0.0
559.0,9,pa_7_rev,NEG_E6,20.0,4,80.0,4,100.0,100.0,2,2,0,0,750.0,34,16,77.27,148,20.0,1.0,1.0
559.0,9,pa_8,E7,25.0,5,50.0,2,40.0,0.0,0,0,3,3,750.0,34,16,77.27,148,25.0,0.25,0.4
559.0,9,pa_8_rev,NEG_E7,25.0,5,125.0,5,100.0,100.0,3,3,0,0,750.0,34,16,77.27,148,25.0,1.0,1.0
560.0,9,pa_2,E0,20.0,4,80.0,4,100.0,100.0,3,3,0,0,750.0,34,16,77.27,148,20.0,1.0,1.0
560.0,9,pa_2_rev,NEG_E0,20.0,4,80.0,4,100.0,33.33,1,1,0,2,750.0,34,16,77.27,148,20.0,0.71,1.0
560.0,9,pa_3,E1,20.0,4,80.0,4,100.0,100.0,3,3,0,0,750.0,34,16,77.27,148,20.0,1.0,1.0
560.0,9,pa_3_rev,NEG_E1,20.0,4,80.0,4,100.0,100.0,3,3,0,0,750.0,34,16,77.27,148,20.0,1.0,1.0
560.0,9,pa_6,E5,25.0,5,125.0,5,100.0,33.33,1,1,0,2,750.0,34,16,77.27,148,25.0,0.75,1.0
560.0,9,pa_6_rev,NEG_E5,25.0,5,50.0,2,40.0,0.0,0,0,3,3,750.0,34,16,77.27,148,25.0,0.25,0.4
560.0,9,pa_7,E6,20.0,4,0.0,0,0.0,0.0,0,0,4,2,750.0,34,16,77.27,148,0.0,0.0,0.0
560.0,9,pa_7_rev,NEG_E6,20.0,4,80.0,4,100.0,100.0,2,2,0,0,750.0,34,16,77.27,148,20.0,1.0,1.0
560.0,9,pa_8,E7,25.0,5,50.0,2,40.0,0.0,0,0,3,3,750.0,34,16,77.27,148,25.0,0.25,0.4
560.0,9,pa_8_rev,NEG_E7,25.0,5,125.0,5,100.0,100.0,3,3,0,0,750.0,34,16,77.27,148,25.0,1.0,1.0
561.0,9,pa_2,E0,20.0,4,80.0,4,100.0,100.0,3,3,0,0,750.0,34,16,77.27,150,20.0,1.0,1.0
561.0,9,pa_2_rev,NEG_E0,20.0,4,80.0,4,100.0,33.33,1,1,0,2,750.0,34,16,77.27,150,20.0,0.71,1.0
561.0,9,pa_3,E1,20.0,4,80.0,4,100.0,100.0,3,3,0,0,750.0,34,16,77.27,150,20.0,1.0,1.0
561.0,9,pa_3_rev,NEG_E1,20.0,4,80.0,4,100.0,100.0,3,3,0,0,750.0,34,16,77.27,150,20.0,1.0,1.0
561.0,9,pa_6,E5,25.0,5,125.0,5,100.0,33.33,1,1,0,2,750.0,34,16,77.27,150,25.0,0.75,1.0
561.0,9,pa_6_rev,NEG_E5,25.0,5,50.0,2,40.0,0.0,0,0,3,3,750.0,34,16,77.27,150,25.0,0.25,0.4
561.0,9,pa_7,E6,20.0,4,0.0,0,0.0,0.0,0,0,4,2,750.0,34,16,77.27,150,0.0,0.0,0.0
561.0,9,pa_7_rev,NEG_E6,20.0,4,80.0,4,100.0,100.0,2,2,0,0,750.0,34,16,77.27,150,20.0,1.0,1.0
561.0,9,pa_8,E7,25.0,5,50.0,2,40.0,0.0,0,0,3,3,750.0,34,16,77.27,150,25.0,0.25,0.4
561.0,9,pa_8_rev,NEG_E7,25.0,5,125.0,5,100.0,100.0,3,3,0,0,750.0,34,16,77.27,150,25.0,1.0,1.0
562.0,9,pa_2,E0,20.0,4,80.0,4,100.0,100.0,3,3,0,0,750.0,34,16,77.27,150,20.0,1.0,1.0
562.0,9,pa_2_rev,NEG_E0,20.0,4,80.0,4,100.0,33.33,1,1,0,2,750.0,34,16,77.27,150,20.0,0.71,1.0
562.0,9,pa_3,E1,20.0,4,80.0,4,100.0,100.0,3,3,0,0,750.0,34,16,77.27,150,20.0,1.0,1.0
562.0,9,pa_3_rev,NEG_E1,20.0,4,80.0,4,100.0,100.0,3,3,0,0,750.0,34,16,77.27,150,20.0,1.0,1.0
562.0,9,pa_6,E5,25.0,5,125.0,5,100.0,33.33,1,1,0,2,750.0,34,16,77.27,150,25.0,0.75,1.0
562.0,9,pa_6_rev,NEG_E5,25.0,5,50.0,2,40.0,0.0,0,0,3,3,750.0,34,16,77.27,150,25.0,0.25,0.4
562.0,9,pa_7,E6,20.0,4,0.0,0,0.0,0.0,0,0,4,2,750.0,34,16,77.27,150,0.0,0.0,0.0
562.0,9,pa_7_rev,NEG_E6,20.0,4,80.0,4,100.0,100.0,2,2,0,0,750.0,34,16,77.27,150,20.0,1.0,1.0
562.0,9,pa_8,E7,25.0,5,50.0,2,40.0,0.0,0,0,3,3,750.0,34,16,77.27,150,25.0,0.25,0.4
562.0,9,pa_8_rev,NEG_E7,25.0,5,125.0,5,100.0,100.0,3,3,0,0,750.0,34,16,77.27,150,25.0,1.0,1.0
563.0,9,pa_2,E0,20.0,4,80.0,4,100.0,100.0,3,3,0,0,750.0,34,16,77.27,150,20.0,1.0,1.0
563.0,9,pa_2_rev,NEG_E0,20.0,4,80.0,4,100.0,33.33,1,1,0,2,750.0,34,16,77.27,150,20.0,0.71,1.0
563.0,9,pa_3,E1,20.0,4,80.0,4,100.0,100.0,3,3,0,0,750.0,34,16,77.27,150,20.0,1.0,1.0
563.0,9,pa_3_rev,NEG_E1,20.0,4,80.0,4,100.0,100.0,3,3,0,0,750.0,34,16,77.27,150,20.0,1.0,1.0
563.0,9,pa_6,E5,25.0,5,125.0,5,100.0,33.33,1,1,0,2,750.0,34,16,77.27,150,25.0,0.75,1.0
563.0,9,pa_6_rev,NEG_E5,25.0,5,50.0,2,40.0,0.0,0,0,3,3,750.0,34,16,77.27,150,25.0,0.25,0.4
563.0,9,pa_7,E6,20.0,4,0.0,0,0.0,0.0,0,0,4,2,750.0,34,16,77.27,150,0.0,0.0,0.0
563.0,9,pa_7_rev,NEG_E6,20.0,4,80.0,4,100.0,100.0,2,2,0,0,750.0,34,16,77.27,150,20.0,1.0,1.0
563.0,9,pa_8,E7,25.0,5,50.0,2,40.0,0.0,0,0,3,3,750.0,34,16,77.27,150,25.0,0.25,0.4
563.0,9,pa_8_rev,NEG_E7,25.0,5,125.0,5,100.0,100.0,3,3,0,0,750.0,34,16,77.27,150,25.0,1.0,1.0
564.0,9,pa_2,E0,20.0,4,80.0,4,100.0,100.0,3,3,0,0,750.0,34,16,77.27,150,20.0,1.0,1.0
564.0,9,pa_2_rev,NEG_E0,20.0,4,80.0,4,100.0,33.33,1,1,0,2,750.0,34,16,77.27,150,20.0,0.71,1.0
564.0,9,pa_3,E1,20.0,4,80.0,4,100.0,100.0,3,3,0,0,750.0,34,16,77.27,150,20.0,1.0,1.0
564.0,9,pa_3_rev,NEG_E1,20.0,4,80.0,4,100.0,100.0,3,3,0,0,750.0,34,16,77.27,150,20.0,1.0,1.0
564.0,9,pa_6,E5,25.0,5,125.0,5,100.0,33.33,1,1,0,2,750.0,34,16,77.27,150,25.0,0.75,1.0
564.0,9,pa_6_rev,NEG_E5,25.0,5,50.0,2,40.0,0.0,0,0,3,3,750.0,34,16,77.27,150,25.0,0.25,0.4
564.0,9,pa_7,E6,20.0,4,0.0,0,0.0,0.0,0,0,4,2,750.0,34,16,77.27,150,0.0,0.0,0.0
564.0,9,pa_7_rev,NEG_E6,20.0,4,80.0,4,100.0,100.0,2,2,0,0,750.0,34,16,77.27,150,20.0,1.0,1.0
564.0,9,pa_8,E7,25.0,5,50.0,2,40.0,0.0,0,0,3,3,750.0,34,16,77.27,150,25.0,0.25,0.4
564.0,9,pa_8_rev,NEG_E7,25.0,5,125.0,5,100.0,100.0,3,3,0,0,750.0,34,16,77.27,150,25.0,1.0,1.0
565.0,9,pa_2,E0,20.0,4,80.0,4,100.0,100.0,3,3,0,0,750.0,34,16,77.27,149,20.0,1.0,1.0
565.0,9,pa_2_rev,NEG_E0,20.0,4,80.0,4,100.0,33.33,1,1,0,2,750.0,34,16,77.27,149,20.0,0.71,1.0
565.0,9,pa_3,E1,20.0,4,80.0,4,100.0,100.0,3,3,0,0,750.0,34,16,77.27,149,20.0,1.0,1.0
565.0,9,pa_3_rev,NEG_E1,20.0,4,80.0,4,100.0,100.0,3,3,0,0,750.0,34,16,77.27,149,20.0,1.0,1.0
565.0,9,pa_6,E5,25.0,5,125.0,5,100.0,33.33,1,1,0,2,750.0,34,16,77.27,149,25.0,0.75,1.0
565.0,9,pa_6_rev,NEG_E5,25.0,5,50.0,2,40.0,0.0,0,0,3,3,750.0,34,16,77.27,149,25.0,0.25,0.4
565.0,9,pa_7,E6,20.0,4,0.0,0,0.0,0.0,0,0,4,2,750.0,34,16,77.27,149,0.0,0.0,0.0
565.0,9,pa_7_rev,NEG_E6,20.0,4,80.0,4,100.0,100.0,2,2,0,0,750.0,34,16,77.27,149,20.0,1.0,1.0
565.0,9,pa_8,E7,25.0,5,50.0,2,40.0,0.0,0,0,3,3,750.0,34,16,77.27,149,25.0,0.25,0.4
565.0,9,pa_8_rev,NEG_E7,25.0,5,125.0,5,100.0,100.0,3,3,0,0,750.0,34,16,77.27,149,25.0,1.0,1.0
566.0,9,pa_2,E0,20.0,4,80.0,4,100.0,100.0,3,3,0,0,750.0,34,16,77.27,151,20.0,1.0,1.0
566.0,9,pa_2_rev,NEG_E0,20.0,4,80.0,4,100.0,33.33,1,1,0,2,750.0,34,16,77.27,151,20.0,0.71,1.0
566.0,9,pa_3,E1,20.0,4,80.0,4,100.0,100.0,3,3,0,0,750.0,34,16,77.27,151,20.0,1.0,1.0
566.0,9,pa_3_rev,NEG_E1,20.0,4,80.0,4,100.0,100.0,3,3,0,0,750.0,34,16,77.27,151,20.0,1.0,1.0
566.0,9,pa_6,E5,25.0,5,125.0,5,100.0,33.33,1,1,0,2,750.0,34,16,77.27,151,25.0,0.75,1.0
566.0,9,pa_6_rev,NEG_E5,25.0,5,50.0,2,40.0,0.0,0,0,3,3,750.0,34,16,77.27,151,25.0,0.25,0.4
566.0,9,pa_7,E6,20.0,4,0.0,0,0.0,0.0,0,0,4,2,750.0,34,16,77.27,151,0.0,0.0,0.0
566.0,9,pa_7_rev,NEG_E6,20.0,4,80.0,4,100.0,100.0,2,2,0,0,750.0,34,16,77.27,151,20.0,1.0,1.0
566.0,9,pa_8,E7,25.0,5,50.0,2,40.0,0.0,0,0,3,3,750.0,34,16,77.27,151,25.0,0.25,0.4
566.0,9,pa_8_rev,NEG_E7,25.0,5,125.0,5,100.0,100.0,3,3,0,0,750.0,34,16,77.27,151,25.0,1.0,1.0
567.0,9,pa_2,E0,20.0,4,80.0,4,100.0,100.0,3,3,0,0,750.0,34,16,77.27,151,20.0,1.0,1.0
567.0,9,pa_2_rev,NEG_E0,20.0,4,80.0,4,100.0,33.33,1,1,0,2,750.0,34,16,77.27,151,20.0,0.71,1.0
567.0,9,pa_3,E1,20.0,4,80.0,4,100.0,100.0,3,3,0,0,750.0,34,16,77.27,151,20.0,1.0,1.0
567.0,9,pa_3_rev,NEG_E1,20.0,4,80.0,4,100.0,100.0,3,3,0,0,750.0,34,16,77.27,151,20.0,1.0,1.0
567.0,9,pa_6,E5,25.0,5,125.0,5,100.0,33.33,1,1,0,2,750.0,34,16,77.27,151,25.0,0.75,1.0
567.0,9,pa_6_rev,NEG_E5,25.0,5,50.0,2,40.0,0.0,0,0,3,3,750.0,34,16,77.27,151,25.0,0.25,0.4
567.0,9,pa_7,E6,20.0,4,0.0,0,0.0,0.0,0,0,4,2,750.0,34,16,77.27,151,0.0,0.0,0.0
567.0,9,pa_7_rev,NEG_E6,20.0,4,80.0,4,100.0,100.0,2,2,0,0,750.0,34,16,77.27,151,20.0,1.0,1.0
567.0,9,pa_8,E7,25.0,5,50.0,2,40.0,0.0,0,0,3,3,750.0,34,16,77.27,151,25.0,0.25,0.4
567.0,9,pa_8_rev,NEG_E7,25.0,5,125.0,5,100.0,100.0,3,3,0,0,750.0,34,16,77.27,151,25.0,1.0,1.0
568.0,9,pa_2,E0,20.0,4,80.0,4,100.0,100.0,3,3,0,0,750.0,34,17,77.27,151,20.0,1.0,1.0
568.0,9,pa_2_rev,NEG_E0,20.0,4,80.0,4,100.0,66.67,2,2,0,1,750.0,34,17,77.27,151,20.0,0.86,1.0
568.0,9,pa_3,E1,20.0,4,80.0,4,100.0,100.0,3,3,0,0,750.0,34,17,77.27,151,20.0,1.0,1.0
568.0,9,pa_3_rev,NEG_E1,20.0,4,80.0,4,100.0,100.0,3,3,0,0,750.0,34,17,77.27,151,20.0,1.0,1.0
568.0,9,pa_6,E5,25.0,5,125.0,5,100.0,33.33,1,1,0,2,750.0,34,17,77.27,151,25.0,0.75,1.0
568.0,9,pa_6_rev,NEG_E5,25.0,5,50.0,2,40.0,0.0,0,0,3,3,750.0,34,17,77.27,151,25.0,0.25,0.4
568.0,9,pa_7,E6,20.0,4,0.0,0,0.0,0.0,0,0,4,2,750.0,34,17,77.27,151,0.0,0.0,0.0
568.0,9,pa_7_rev,NEG_E6,20.0,4,80.0,4,100.0,100.0,2,2,0,0,750.0,34,17,77.27,151,20.0,1.0,1.0
568.0,9,pa_8,E7,25.0,5,50.0,2,40.0,0.0,0,0,3,3,750.0,34,17,77.27,151,25.0,0.25,0.4
568.0,9,pa_8_rev,NEG_E7,25.0,5,125.0,5,100.0,100.0,3,3,0,0,750.0,34,17,77.27,151,25.0,1.0,1.0
569.0,9,pa_2,E0,20.0,4,80.0,4,100.0,100.0,3,3,0,0,750.0,34,17,77.27,151,20.0,1.0,1.0
569.0,9,pa_2_rev,NEG_E0,20.0,4,80.0,4,100.0,66.67,2,2,0,1,750.0,34,17,77.27,151,20.0,0.86,1.0
569.0,9,pa_3,E1,20.0,4,80.0,4,100.0,100.0,3,3,0,0,750.0,34,17,77.27,151,20.0,1.0,1.0
569.0,9,pa_3_rev,NEG_E1,20.0,4,80.0,4,100.0,100.0,3,3,0,0,750.0,34,17,77.27,151,20.0,1.0,1.0
569.0,9,pa_6,E5,25.0,5,125.0,5,100.0,33.33,1,1,0,2,750.0,34,17,77.27,151,25.0,0.75,1.0
569.0,9,pa_6_rev,NEG_E5,25.0,5,50.0,2,40.0,0.0,0,0,3,3,750.0,34,17,77.27,151,25.0,0.25,0.4
569.0,9,pa_7,E6,20.0,4,0.0,0,0.0,0.0,0,0,4,2,750.0,34,17,77.27,151,0.0,0.0,0.0
569.0,9,pa_7_rev,NEG_E6,20.0,4,80.0,4,100.0,100.0,2,2,0,0,750.0,34,17,77.27,151,20.0,1.0,1.0
569.0,9,pa_8,E7,25.0,5,50.0,2,40.0,0.0,0,0,3,3,750.0,34,17,77.27,151,25.0,0.25,0.4
569.0,9,pa_8_rev,NEG_E7,25.0,5,125.0,5,100.0,100.0,3,3,0,0,750.0,34,17,77.27,151,25.0,1.0,1.0
570.0,9,pa_2,E0,20.0,4,80.0,4,100.0,100.0,3,3,0,0,750.0,34,17,77.27,151,20.0,1.0,1.0
570.0,9,pa_2_rev,NEG_E0,20.0,4,80.0,4,100.0,66.67,2,2,0,1,750.0,34,17,77.27,151,20.0,0.86,1.0
570.0,9,pa_3,E1,20.0,4,80.0,4,100.0,100.0,3,3,0,0,750.0,34,17,77.27,151,20.0,1.0,1.0
570.0,9,pa_3_rev,NEG_E1,20.0,4,80.0,4,100.0,100.0,3,3,0,0,750.0,34,17,77.27,151,20.0,1.0,1.0
570.0,9,pa_6,E5,25.0,5,125.0,5,100.0,33.33,1,1,0,2,750.0,34,17,77.27,151,25.0,0.75,1.0
570.0,9,pa_6_rev,NEG_E5,25.0,5,50.0,2,40.0,0.0,0,0,3,3,750.0,34,17,77.27,151,25.0,0.25,0.4
570.0,9,pa_7,E6,20.0,4,0.0,0,0.0,0.0,0,0,4,2,750.0,34,17,77.27,151,0.0,0.0,0.0
570.0,9,pa_7_rev,NEG_E6,20.0,4,80.0,4,100.0,100.0,2,2,0,0,750.0,34,17,77.27,151,20.0,1.0,1.0
570.0,9,pa_8,E7,25.0,5,50.0,2,40.0,0.0,0,0,3,3,750.0,34,17,77.27,151,25.0,0.25,0.4
570.0,9,pa_8_rev,NEG_E7,25.0,5,125.0,5,100.0,100.0,3,3,0,0,750.0,34,17,77.27,151,25.0,1.0,1.0
571.0,9,pa_2,E0,20.0,4,80.0,4,100.0,100.0,3,3,0,0,750.0,34,17,77.27,151,20.0,1.0,1.0
571.0,9,pa_2_rev,NEG_E0,20.0,4,80.0,4,100.0,66.67,2,2,0,1,750.0,34,17,77.27,151,20.0,0.86,1.0
571.0,9,pa_3,E1,20.0,4,80.0,4,100.0,100.0,3,3,0,0,750.0,34,17,77.27,151,20.0,1.0,1.0
571.0,9,pa_3_rev,NEG_E1,20.0,4,80.0,4,100.0,100.0,3,3,0,0,750.0,34,17,77.27,151,20.0,1.0,1.0
571.0,9,pa_6,E5,25.0,5,125.0,5,100.0,33.33,1,1,0,2,750.0,34,17,77.27,151,25.0,0.75,1.0
571.0,9,pa_6_rev,NEG_E5,25.0,5,50.0,2,40.0,0.0,0,0,3,3,750.0,34,17,77.27,151,25.0,0.25,0.4
571.0,9,pa_7,E6,20.0,4,0.0,0,0.0,0.0,0,0,4,2,750.0,34,17,77.27,151,0.0,0.0,0.0
571.0,9,pa_7_rev,NEG_E6,20.0,4,80.0,4,100.0,100.0,2,2,0,0,750.0,34,17,77.27,151,20.0,1.0,1.0
571.0,9,pa_8,E7,25.0,5,50.0,2,40.0,0.0,0,0,3,3,750.0,34,17,77.27,151,25.0,0.25,0.4
571.0,9,pa_8_rev,NEG_E7,25.0,5,125.0,5,100.0,100.0,3,3,0,0,750.0,34,17,77.27,151,25.0,1.0,1.0
572.0,9,pa_2,E0,20.0,4,80.0,4,100.0,100.0,3,3,0,0,750.0,34,17,77.27,151,20.0,1.0,1.0
572.0,9,pa_2_rev,NEG_E0,20.0,4,80.0,4,100.0,66.67,2,2,0,1,750.0,34,17,77.27,151,20.0,0.86,1.0
572.0,9,pa_3,E1,20.0,4,80.0,4,100.0,100.0,3,3,0,0,750.0,34,17,77.27,151,20.0,1.0,1.0
572.0,9,pa_3_rev,NEG_E1,20.0,4,80.0,4,100.0,100.0,3,3,0,0,750.0,34,17,77.27,151,20.0,1.0,1.0
572.0,9,pa_6,E5,25.0,5,125.0,5,100.0,33.33,1,1,0,2,750.0,34,17,77.27,151,25.0,0.75,1.0
572.0,9,pa_6_rev,NEG_E5,25.0,5,50.0,2,40.0,0.0,0,0,3,3,750.0,34,17,77.27,151,25.0,0.25,0.4
572.0,9,pa_7,E6,20.0,4,0.0,0,0.0,0.0,0,0,4,2,750.0,34,17,77.27,151,0.0,0.0,0.0
572.0,9,pa_7_rev,NEG_E6,20.0,4,80.0,4,100.0,100.0,2,2,0,0,750.0,34,17,77.27,151,20.0,1.0,1.0
572.0,9,pa_8,E7,25.0,5,50.0,2,40.0,0.0,0,0,3,3,750.0,34,17,77.27,151,25.0,0.25,0.4
572.0,9,pa_8_rev,NEG_E7,25.0,5,125.0,5,100.0,100.0,3,3,0,0,750.0,34,17,77.27,151,25.0,1.0,1.0
573.0,9,pa_2,E0,20.0,4,80.0,4,100.0,100.0,3,3,0,0,750.0,34,17,77.27,151,20.0,1.0,1.0
573.0,9,pa_2_rev,NEG_E0,20.0,4,80.0,4,100.0,66.67,2,2,0,1,750.0,34,17,77.27,151,20.0,0.86,1.0
573.0,9,pa_3,E1,20.0,4,80.0,4,100.0,100.0,3,3,0,0,750.0,34,17,77.27,151,20.0,1.0,1.0
573.0,9,pa_3_rev,NEG_E1,20.0,4,80.0,4,100.0,100.0,3,3,0,0,750.0,34,17,77.27,151,20.0,1.0,1.0
573.0,9,pa_6,E5,25.0,5,125.0,5,100.0,33.33,1,1,0,2,750.0,34,17,77.27,151,25.0,0.75,1.0
573.0,9,pa_6_rev,NEG_E5,25.0,5,50.0,2,40.0,0.0,0,0,3,3,750.0,34,17,77.27,151,25.0,0.25,0.4
573.0,9,pa_7,E6,20.0,4,0.0,0,0.0,0.0,0,0,4,2,750.0,34,17,77.27,151,0.0,0.0,0.0
573.0,9,pa_7_rev,NEG_E6,20.0,4,80.0,4,100.0,100.0,2,2,0,0,750.0,34,17,77.27,151,20.0,1.0,1.0
573.0,9,pa_8,E7,25.0,5,50.0,2,40.0,0.0,0,0,3,3,750.0,34,17,77.27,151,25.0,0.25,0.4
573.0,9,pa_8_rev,NEG_E7,25.0,5,125.0,5,100.0,100.0,3,3,0,0,750.0,34,17,77.27,151,25.0,1.0,1.0
574.0,9,pa_2,E0,20.0,4,80.0,4,100.0,100.0,3,3,0,0,770.0,35,17,79.55,151,20.0,1.0,1.0
574.0,9,pa_2_rev,NEG_E0,20.0,4,80.0,4,100.0,66.67,2,2,0,1,770.0,35,17,79.55,151,20.0,0.86,1.0
574.0,9,pa_3,E1,20.0,4,80.0,4,100.0,100.0,3,3,0,0,770.0,35,17,79.55,151,20.0,1.0,1.0
574.0,9,pa_3_rev,NEG_E1,20.0,4,80.0,4,100.0,100.0,3,3,0,0,770.0,35,17,79.55,151,20.0,1.0,1.0
574.0,9,pa_6,E5,25.0,5,125.0,5,100.0,33.33,1,1,0,2,770.0,35,17,79.55,151,25.0,0.75,1.0
574.0,9,pa_6_rev,NEG_E5,25.0,5,50.0,2,40.0,0.0,0,0,3,3,770.0,35,17,79.55,151,25.0,0.25,0.4
574.0,9,pa_7,E6,20.0,4,20.0,1,25.0,0.0,0,0,3,2,770.0,35,17,79.55,151,20.0,0.17,0.25
574.0,9,pa_7_rev,NEG_E6,20.0,4,80.0,4,100.0,100.0,2,2,0,0,770.0,35,17,79.55,151,20.0,1.0,1.0
574.0,9,pa_8,E7,25.0,5,50.0,2,40.0,0.0,0,0,3,3,770.0,35,17,79.55,151,25.0,0.25,0.4
574.0,9,pa_8_rev,NEG_E7,25.0,5,125.0,5,100.0,100.0,3,3,0,0,770.0,35,17,79.55,151,25.0,1.0,1.0
575.0,9,pa_2,E0,20.0,4,80.0,4,100.0,100.0,3,3,0,0,770.0,35,17,79.55,151,20.0,1.0,1.0
575.0,9,pa_2_rev,NEG_E0,20.0,4,80.0,4,100.0,66.67,2,2,0,1,770.0,35,17,79.55,151,20.0,0.86,1.0
575.0,9,pa_3,E1,20.0,4,80.0,4,100.0,100.0,3,3,0,0,770.0,35,17,79.55,151,20.0,1.0,1.0
575.0,9,pa_3_rev,NEG_E1,20.0,4,80.0,4,100.0,100.0,3,3,0,0,770.0,35,17,79.55,151,20.0,1.0,1.0
575.0,9,pa_6,E5,25.0,5,125.0,5,100.0,33.33,1,1,0,2,770.0,35,17,79.55,151,25.0,0.75,1.0
575.0,9,pa_6_rev,NEG_E5,25.0,5,50.0,2,40.0,0.0,0,0,3,3,770.0,35,17,79.55,151,25.0,0.25,0.4
575.0,9,pa_7,E6,20.0,4,20.0,1,25.0,0.0,0,0,3,2,770.0,35,17,79.55,151,20.0,0.17,0.25
575.0,9,pa_7_rev,NEG_E6,20.0,4,80.0,4,100.0,100.0,2,2,0,0,770.0,35,17,79.55,151,20.0,1.0,1.0
575.0,9,pa_8,E7,25.0,5,50.0,2,40.0,0.0,0,0,3,3,770.0,35,17,79.55,151,25.0,0.25,0.4
575.0,9,pa_8_rev,NEG_E7,25.0,5,125.0,5,100.0,100.0,3,3,0,0,770.0,35,17,79.55,151,25.0,1.0,1.0
576.0,9,pa_2,E0,20.0,4,80.0,4,100.0,100.0,3,3,0,0,770.0,35,17,79.55,151,20.0,1.0,1.0
576.0,9,pa_2_rev,NEG_E0,20.0,4,80.0,4,100.0,66.67,2,2,0,1,770.0,35,17,79.55,151,20.0,0.86,1.0
576.0,9,pa_3,E1,20.0,4,80.0,4,100.0,100.0,3,3,0,0,770.0,35,17,79.55,151,20.0,1.0,1.0
576.0,9,pa_3_rev,NEG_E1,20.0,4,80.0,4,100.0,100.0,3,3,0,0,770.0,35,17,79.55,151,20.0,1.0,1.0
576.0,9,pa_6,E5,25.0,5,125.0,5,100.0,33.33,1,1,0,2,770.0,35,17,79.55,151,25.0,0.75,1.0
576.0,9,pa_6_rev,NEG_E5,25.0,5,50.0,2,40.0,0.0,0,0,3,3,770.0,35,17,79.55,151,25.0,0.25,0.4
576.0,9,pa_7,E6,20.0,4,20.0,1,25.0,0.0,0,0,3,2,770.0,35,17,79.55,151,20.0,0.17,0.25
576.0,9,pa_7_rev,NEG_E6,20.0,4,80.0,4,100.0,100.0,2,2,0,0,770.0,35,17,79.55,151,20.0,1.0,1.0
576.0,9,pa_8,E7,25.0,5,50.0,2,40.0,0.0,0,0,3,3,770.0,35,17,79.55,151,25.0,0.25,0.4
576.0,9,pa_8_rev,NEG_E7,25.0,5,125.0,5,100.0,100.0,3,3,0,0,770.0,35,17,79.55,151,25.0,1.0,1.0
577.0,9,pa_2,E0,20.0,4,80.0,4,100.0,100.0,3,3,0,0,770.0,35,17,79.55,156,20.0,1.0,1.0
577.0,9,pa_2_rev,NEG_E0,20.0,4,80.0,4,100.0,66.67,2,2,0,1,770.0,35,17,79.55,156,20.0,0.86,1.0
577.0,9,pa_3,E1,20.0,4,80.0,4,100.0,100.0,3,3,0,0,770.0,35,17,79.55,156,20.0,1.0,1.0
577.0,9,pa_3_rev,NEG_E1,20.0,4,80.0,4,100.0,100.0,3,3,0,0,770.0,35,17,79.55,156,20.0,1.0,1.0
577.0,9,pa_6,E5,25.0,5,125.0,5,100.0,33.33,1,1,0,2,770.0,35,17,79.55,156,25.0,0.75,1.0
577.0,9,pa_6_rev,NEG_E5,25.0,5,50.0,2,40.0,0.0,0,0,3,3,770.0,35,17,79.55,156,25.0,0.25,0.4
577.0,9,pa_7,E6,20.0,4,20.0,1,25.0,0.0,0,0,3,2,770.0,35,17,79.55,156,20.0,0.17,0.25
577.0,9,pa_7_rev,NEG_E6,20.0,4,80.0,4,100.0,100.0,2,2,0,0,770.0,35,17,79.55,156,20.0,1.0,1.0
577.0,9,pa_8,E7,25.0,5,50.0,2,40.0,0.0,0,0,3,3,770.0,35,17,79.55,156,25.0,0.25,0.4
577.0,9,pa_8_rev,NEG_E7,25.0,5,125.0,5,100.0,100.0,3,3,0,0,770.0,35,17,79.55,156,25.0,1.0,1.0
578.0,9,pa_2,E0,20.0,4,80.0,4,100.0,100.0,3,3,0,0,770.0,35,17,79.55,156,20.0,1.0,1.0
578.0,9,pa_2_rev,NEG_E0,20.0,4,80.0,4,100.0,66.67,2,2,0,1,770.0,35,17,79.55,156,20.0,0.86,1.0
578.0,9,pa_3,E1,20.0,4,80.0,4,100.0,100.0,3,3,0,0,770.0,35,17,79.55,156,20.0,1.0,1.0
578.0,9,pa_3_rev,NEG_E1,20.0,4,80.0,4,100.0,100.0,3,3,0,0,770.0,35,17,79.55,156,20.0,1.0,1.0
578.0,9,pa_6,E5,25.0,5,125.0,5,100.0,33.33,1,1,0,2,770.0,35,17,79.55,156,25.0,0.75,1.0
578.0,9,pa_6_rev,NEG_E5,25.0,5,50.0,2,40.0,0.0,0,0,3,3,770.0,35,17,79.55,156,25.0,0.25,0.4
578.0,9,pa_7,E6,20.0,4,20.0,1,25.0,0.0,0,0,3,2,770.0,35,17,79.55,156,20.0,0.17,0.25
578.0,9,pa_7_rev,NEG_E6,20.0,4,80.0,4,100.0,100.0,2,2,0,0,770.0,35,17,79.55,156,20.0,1.0,1.0
578.0,9,pa_8,E7,25.0,5,50.0,2,40.0,0.0,0,0,3,3,770.0,35,17,79.55,156,25.0,0.25,0.4
578.0,9,pa_8_rev,NEG_E7,25.0,5,125.0,5,100.0,100.0,3,3,0,0,770.0,35,17,79.55,156,25.0,1.0,1.0
579.0,9,pa_2,E0,20.0,4,80.0,4,100.0,100.0,3,3,0,0,770.0,35,17,79.55,156,20.0,1.0,1.0
579.0,9,pa_2_rev,NEG_E0,20.0,4,80.0,4,100.0,66.67,2,2,0,1,770.0,35,17,79.55,156,20.0,0.86,1.0
579.0,9,pa_3,E1,20.0,4,80.0,4,100.0,100.0,3,3,0,0,770.0,35,17,79.55,156,20.0,1.0,1.0
579.0,9,pa_3_rev,NEG_E1,20.0,4,80.0,4,100.0,100.0,3,3,0,0,770.0,35,17,79.55,156,20.0,1.0,1.0
579.0,9,pa_6,E5,25.0,5,125.0,5,100.0,33.33,1,1,0,2,770.0,35,17,79.55,156,25.0,0.75,1.0
579.0,9,pa_6_rev,NEG_E5,25.0,5,50.0,2,40.0,0.0,0,0,3,3,770.0,35,17,79.55,156,25.0,0.25,0.4
579.0,9,pa_7,E6,20.0,4,20.0,1,25.0,0.0,0,0,3,2,770.0,35,17,79.55,156,20.0,0.17,0.25
579.0,9,pa_7_rev,NEG_E6,20.0,4,80.0,4,100.0,100.0,2,2,0,0,770.0,35,17,79.55,156,20.0,1.0,1.0
579.0,9,pa_8,E7,25.0,5,50.0,2,40.0,0.0,0,0,3,3,770.0,35,17,79.55,156,25.0,0.25,0.4
579.0,9,pa_8_rev,NEG_E7,25.0,5,125.0,5,100.0,100.0,3,3,0,0,770.0,35,17,79.55,156,25.0,1.0,1.0
580.0,9,pa_2,E0,20.0,4,80.0,4,100.0,100.0,3,3,0,0,770.0,35,17,79.55,156,20.0,1.0,1.0
580.0,9,pa_2_rev,NEG_E0,20.0,4,80.0,4,100.0,66.67,2,2,0,1,770.0,35,17,79.55,156,20.0,0.86,1.0
580.0,9,pa_3,E1,20.0,4,80.0,4,100.0,100.0,3,3,0,0,770.0,35,17,79.55,156,20.0,1.0,1.0
580.0,9,pa_3_rev,NEG_E1,20.0,4,80.0,4,100.0,100.0,3,3,0,0,770.0,35,17,79.55,156,20.0,1.0,1.0
580.0,9,pa_6,E5,25.0,5,125.0,5,100.0,33.33,1,1,0,2,770.0,35,17,79.55,156,25.0,0.75,1.0
580.0,9,pa_6_rev,NEG_E5,25.0,5,50.0,2,40.0,0.0,0,0,3,3,770.0,35,17,79.55,156,25.0,0.25,0.4
580.0,9,pa_7,E6,20.0,4,20.0,1,25.0,0.0,0,0,3,2,770.0,35,17,79.55,156,20.0,0.17,0.25
580.0,9,pa_7_rev,NEG_E6,20.0,4,80.0,4,100.0,100.0,2,2,0,0,770.0,35,17,79.55,156,20.0,1.0,1.0
580.0,9,pa_8,E7,25.0,5,50.0,2,40.0,0.0,0,0,3,3,770.0,35,17,79.55,156,25.0,0.25,0.4
580.0,9,pa_8_rev,NEG_E7,25.0,5,125.0,5,100.0,100.0,3,3,0,0,770.0,35,17,79.55,156,25.0,1.0,1.0
581.0,9,pa_2,E0,20.0,4,80.0,4,100.0,100.0,3,3,0,0,770.0,35,17,79.55,156,20.0,1.0,1.0
581.0,9,pa_2_rev,NEG_E0,20.0,4,80.0,4,100.0,66.67,2,2,0,1,770.0,35,17,79.55,156,20.0,0.86,1.0
581.0,9,pa_3,E1,20.0,4,80.0,4,100.0,100.0,3,3,0,0,770.0,35,17,79.55,156,20.0,1.0,1.0
581.0,9,pa_3_rev,NEG_E1,20.0,4,80.0,4,100.0,100.0,3,3,0,0,770.0,35,17,79.55,156,20.0,1.0,1.0
581.0,9,pa_6,E5,25.0,5,125.0,5,100.0,33.33,1,1,0,2,770.0,35,17,79.55,156,25.0,0.75,1.0
581.0,9,pa_6_rev,NEG_E5,25.0,5,50.0,2,40.0,0.0,0,0,3,3,770.0,35,17,79.55,156,25.0,0.25,0.4
581.0,9,pa_7,E6,20.0,4,20.0,1,25.0,0.0,0,0,3,2,770.0,35,17,79.55,156,20.0,0.17,0.25
581.0,9,pa_7_rev,NEG_E6,20.0,4,80.0,4,100.0,100.0,2,2,0,0,770.0,35,17,79.55,156,20.0,1.0,1.0
581.0,9,pa_8,E7,25.0,5,50.0,2,40.0,0.0,0,0,3,3,770.0,35,17,79.55,156,25.0,0.25,0.4
581.0,9,pa_8_rev,NEG_E7,25.0,5,125.0,5,100.0,100.0,3,3,0,0,770.0,35,17,79.55,156,25.0,1.0,1.0
582.0,9,pa_2,E0,20.0,4,80.0,4,100.0,100.0,3,3,0,0,770.0,35,17,79.55,156,20.0,1.0,1.0
582.0,9,pa_2_rev,NEG_E0,20.0,4,80.0,4,100.0,66.67,2,2,0,1,770.0,35,17,79.55,156,20.0,0.86,1.0
582.0,9,pa_3,E1,20.0,4,80.0,4,100.0,100.0,3,3,0,0,770.0,35,17,79.55,156,20.0,1.0,1.0
582.0,9,pa_3_rev,NEG_E1,20.0,4,80.0,4,100.0,100.0,3,3,0,0,770.0,35,17,79.55,156,20.0,1.0,1.0
582.0,9,pa_6,E5,25.0,5,125.0,5,100.0,33.33,1,1,0,2,770.0,35,17,79.55,156,25.0,0.75,1.0
582.0,9,pa_6_rev,NEG_E5,25.0,5,50.0,2,40.0,0.0,0,0,3,3,770.0,35,17,79.55,156,25.0,0.25,0.4
582.0,9,pa_7,E6,20.0,4,20.0,1,25.0,0.0,0,0,3,2,770.0,35,17,79.55,156,20.0,0.17,0.25
582.0,9,pa_7_rev,NEG_E6,20.0,4,80.0,4,100.0,100.0,2,2,0,0,770.0,35,17,79.55,156,20.0,1.0,1.0
582.0,9,pa_8,E7,25.0,5,50.0,2,40.0,0.0,0,0,3,3,770.0,35,17,79.55,156,25.0,0.25,0.4
582.0,9,pa_8_rev,NEG_E7,25.0,5,125.0,5,100.0,100.0,3,3,0,0,770.0,35,17,79.55,156,25.0,1.0,1.0
583.0,9,pa_2,E0,20.0,4,80.0,4,100.0,100.0,3,3,0,0,770.0,35,17,79.55,156,20.0,1.0,1.0
583.0,9,pa_2_rev,NEG_E0,20.0,4,80.0,4,100.0,66.67,2,2,0,1,770.0,35,17,79.55,156,20.0,0.86,1.0
583.0,9,pa_3,E1,20.0,4,80.0,4,100.0,100.0,3,3,0,0,770.0,35,17,79.55,156,20.0,1.0,1.0
583.0,9,pa_3_rev,NEG_E1,20.0,4,80.0,4,100.0,100.0,3,3,0,0,770.0,35,17,79.55,156,20.0,1.0,1.0
583.0,9,pa_6,E5,25.0,5,125.0,5,100.0,33.33,1,1,0,2,770.0,35,17,79.55,156,25.0,0.75,1.0
583.0,9,pa_6_rev,NEG_E5,25.0,5,50.0,2,40.0,0.0,0,0,3,3,770.0,35,17,79.55,156,25.0,0.25,0.4
583.0,9,pa_7,E6,20.0,4,20.0,1,25.0,0.0,0,0,3,2,770.0,35,17,79.55,156,20.0,0.17,0.25
583.0,9,pa_7_rev,NEG_E6,20.0,4,80.0,4,100.0,100.0,2,2,0,0,770.0,35,17,79.55,156,20.0,1.0,1.0
583.0,9,pa_8,E7,25.0,5,50.0,2,40.0,0.0,0,0,3,3,770.0,35,17,79.55,156,25.0,0.25,0.4
583.0,9,pa_8_rev,NEG_E7,25.0,5,125.0,5,100.0,100.0,3,3,0,0,770.0,35,17,79.55,156,25.0,1.0,1.0
584.0,9,pa_2,E0,20.0,4,80.0,4,100.0,100.0,3,3,0,0,770.0,35,17,79.55,156,20.0,1.0,1.0
584.0,9,pa_2_rev,NEG_E0,20.0,4,80.0,4,100.0,66.67,2,2,0,1,770.0,35,17,79.55,156,20.0,0.86,1.0
584.0,9,pa_3,E1,20.0,4,80.0,4,100.0,100.0,3,3,0,0,770.0,35,17,79.55,156,20.0,1.0,1.0
584.0,9,pa_3_rev,NEG_E1,20.0,4,80.0,4,100.0,100.0,3,3,0,0,770.0,35,17,79.55,156,20.0,1.0,1.0
584.0,9,pa_6,E5,25.0,5,125.0,5,100.0,33.33,1,1,0,2,770.0,35,17,79.55,156,25.0,0.75,1.0
584.0,9,pa_6_rev,NEG_E5,25.0,5,50.0,2,40.0,0.0,0,0,3,3,770.0,35,17,79.55,156,25.0,0.25,0.4
584.0,9,pa_7,E6,20.0,4,20.0,1,25.0,0.0,0,0,3,2,770.0,35,17,79.55,156,20.0,0.17,0.25
584.0,9,pa_7_rev,NEG_E6,20.0,4,80.0,4,100.0,100.0,2,2,0,0,770.0,35,17,79.55,156,20.0,1.0,1.0
584.0,9,pa_8,E7,25.0,5,50.0,2,40.0,0.0,0,0,3,3,770.0,35,17,79.55,156,25.0,0.25,0.4
584.0,9,pa_8_rev,NEG_E7,25.0,5,125.0,5,100.0,100.0,3,3,0,0,770.0,35,17,79.55,156,25.0,1.0,1.0
585.0,9,pa_2,E0,20.0,4,80.0,4,100.0,100.0,3,3,0,0,770.0,35,17,79.55,156,20.0,1.0,1.0
585.0,9,pa_2_rev,NEG_E0,20.0,4,80.0,4,100.0,66.67,2,2,0,1,770.0,35,17,79.55,156,20.0,0.86,1.0
585.0,9,pa_3,E1,20.0,4,80.0,4,100.0,100.0,3,3,0,0,770.0,35,17,79.55,156,20.0,1.0,1.0
585.0,9,pa_3_rev,NEG_E1,20.0,4,80.0,4,100.0,100.0,3,3,0,0,770.0,35,17,79.55,156,20.0,1.0,1.0
585.0,9,pa_6,E5,25.0,5,125.0,5,100.0,33.33,1,1,0,2,770.0,35,17,79.55,156,25.0,0.75,1.0
585.0,9,pa_6_rev,NEG_E5,25.0,5,50.0,2,40.0,0.0,0,0,3,3,770.0,35,17,79.55,156,25.0,0.25,0.4
585.0,9,pa_7,E6,20.0,4,20.0,1,25.0,0.0,0,0,3,2,770.0,35,17,79.55,156,20.0,0.17,0.25
585.0,9,pa_7_rev,NEG_E6,20.0,4,80.0,4,100.0,100.0,2,2,0,0,770.0,35,17,79.55,156,20.0,1.0,1.0
585.0,9,pa_8,E7,25.0,5,50.0,2,40.0,0.0,0,0,3,3,770.0,35,17,79.55,156,25.0,0.25,0.4
585.0,9,pa_8_rev,NEG_E7,25.0,5,125.0,5,100.0,100.0,3,3,0,0,770.0,35,17,79.55,156,25.0,1.0,1.0
586.0,9,pa_2,E0,20.0,4,80.0,4,100.0,100.0,3,3,0,0,770.0,35,17,79.55,157,20.0,1.0,1.0
586.0,9,pa_2_rev,NEG_E0,20.0,4,80.0,4,100.0,66.67,2,2,0,1,770.0,35,17,79.55,157,20.0,0.86,1.0
586.0,9,pa_3,E1,20.0,4,80.0,4,100.0,100.0,3,3,0,0,770.0,35,17,79.55,157,20.0,1.0,1.0
586.0,9,pa_3_rev,NEG_E1,20.0,4,80.0,4,100.0,100.0,3,3,0,0,770.0,35,17,79.55,157,20.0,1.0,1.0
586.0,9,pa_6,E5,25.0,5,125.0,5,100.0,33.33,1,1,0,2,770.0,35,17,79.55,157,25.0,0.75,1.0
586.0,9,pa_6_rev,NEG_E5,25.0,5,50.0,2,40.0,0.0,0,0,3,3,770.0,35,17,79.55,157,25.0,0.25,0.4
586.0,9,pa_7,E6,20.0,4,20.0,1,25.0,0.0,0,0,3,2,770.0,35,17,79.55,157,20.0,0.17,0.25
586.0,9,pa_7_rev,NEG_E6,20.0,4,80.0,4,100.0,100.0,2,2,0,0,770.0,35,17,79.55,157,20.0,1.0,1.0
586.0,9,pa_8,E7,25.0,5,50.0,2,40.0,0.0,0,0,3,3,770.0,35,17,79.55,157,25.0,0.25,0.4
586.0,9,pa_8_rev,NEG_E7,25.0,5,125.0,5,100.0,100.0,3,3,0,0,770.0,35,17,79.55,157,25.0,1.0,1.0
587.0,9,pa_2,E0,20.0,4,80.0,4,100.0,100.0,3,3,0,0,770.0,35,17,79.55,157,20.0,1.0,1.0
587.0,9,pa_2_rev,NEG_E0,20.0,4,80.0,4,100.0,66.67,2,2,0,1,770.0,35,17,79.55,157,20.0,0.86,1.0
587.0,9,pa_3,E1,20.0,4,80.0,4,100.0,100.0,3,3,0,0,770.0,35,17,79.55,157,20.0,1.0,1.0
587.0,9,pa_3_rev,NEG_E1,20.0,4,80.0,4,100.0,100.0,3,3,0,0,770.0,35,17,79.55,157,20.0,1.0,1.0
587.0,9,pa_6,E5,25.0,5,125.0,5,100.0,33.33,1,1,0,2,770.0,35,17,79.55,157,25.0,0.75,1.0
587.0,9,pa_6_rev,NEG_E5,25.0,5,50.0,2,40.0,0.0,0,0,3,3,770.0,35,17,79.55,157,25.0,0.25,0.4
587.0,9,pa_7,E6,20.0,4,20.0,1,25.0,0.0,0,0,3,2,770.0,35,17,79.55,157,20.0,0.17,0.25
587.0,9,pa_7_rev,NEG_E6,20.0,4,80.0,4,100.0,100.0,2,2,0,0,770.0,35,17,79.55,157,20.0,1.0,1.0
587.0,9,pa_8,E7,25.0,5,50.0,2,40.0,0.0,0,0,3,3,770.0,35,17,79.55,157,25.0,0.25,0.4
587.0,9,pa_8_rev,NEG_E7,25.0,5,125.0,5,100.0,100.0,3,3,0,0,770.0,35,17,79.55,157,25.0,1.0,1.0
588.0,9,pa_2,E0,20.0,4,80.0,4,100.0,100.0,3,3,0,0,770.0,35,17,79.55,157,20.0,1.0,1.0
588.0,9,pa_2_rev,NEG_E0,20.0,4,80.0,4,100.0,66.67,2,2,0,1,770.0,35,17,79.55,157,20.0,0.86,1.0
588.0,9,pa_3,E1,20.0,4,80.0,4,100.0,100.0,3,3,0,0,770.0,35,17,79.55,157,20.0,1.0,1.0
588.0,9,pa_3_rev,NEG_E1,20.0,4,80.0,4,100.0,100.0,3,3,0,0,770.0,35,17,79.55,157,20.0,1.0,1.0
588.0,9,pa_6,E5,25.0,5,125.0,5,100.0,33.33,1,1,0,2,770.0,35,17,79.55,157,25.0,0.75,1.0
588.0,9,pa_6_rev,NEG_E5,25.0,5,50.0,2,40.0,0.0,0,0,3,3,770.0,35,17,79.55,157,25.0,0.25,0.4
588.0,9,pa_7,E6,20.0,4,20.0,1,25.0,0.0,0,0,3,2,770.0,35,17,79.55,157,20.0,0.17,0.25
588.0,9,pa_7_rev,NEG_E6,20.0,4,80.0,4,100.0,100.0,2,2,0,0,770.0,35,17,79.55,157,20.0,1.0,1.0
588.0,9,pa_8,E7,25.0,5,50.0,2,40.0,0.0,0,0,3,3,770.0,35,17,79.55,157,25.0,0.25,0.4
588.0,9,pa_8_rev,NEG_E7,25.0,5,125.0,5,100.0,100.0,3,3,0,0,770.0,35,17,79.55,157,25.0,1.0,1.0
589.0,9,pa_2,E0,20.0,4,80.0,4,100.0,100.0,3,3,0,0,770.0,35,17,79.55,157,20.0,1.0,1.0
589.0,9,pa_2_rev,NEG_E0,20.0,4,80.0,4,100.0,66.67,2,2,0,1,770.0,35,17,79.55,157,20.0,0.86,1.0
589.0,9,pa_3,E1,20.0,4,80.0,4,100.0,100.0,3,3,0,0,770.0,35,17,79.55,157,20.0,1.0,1.0
589.0,9,pa_3_rev,NEG_E1,20.0,4,80.0,4,100.0,100.0,3,3,0,0,770.0,35,17,79.55,157,20.0,1.0,1.0
589.0,9,pa_6,E5,25.0,5,125.0,5,100.0,33.33,1,1,0,2,770.0,35,17,79.55,157,25.0,0.75,1.0
589.0,9,pa_6_rev,NEG_E5,25.0,5,50.0,2,40.0,0.0,0,0,3,3,770.0,35,17,79.55,157,25.0,0.25,0.4
589.0,9,pa_7,E6,20.0,4,20.0,1,25.0,0.0,0,0,3,2,770.0,35,17,79.55,157,20.0,0.17,0.25
589.0,9,pa_7_rev,NEG_E6,20.0,4,80.0,4,100.0,100.0,2,2,0,0,770.0,35,17,79.55,157,20.0,1.0,1.0
589.0,9,pa_8,E7,25.0,5,50.0,2,40.0,0.0,0,0,3,3,770.0,35,17,79.55,157,25.0,0.25,0.4
589.0,9,pa_8_rev,NEG_E7,25.0,5,125.0,5,100.0,100.0,3,3,0,0,770.0,35,17,79.55,157,25.0,1.0,1.0
590.0,9,pa_2,E0,20.0,4,80.0,4,100.0,100.0,3,3,0,0,770.0,35,17,79.55,157,20.0,1.0,1.0
590.0,9,pa_2_rev,NEG_E0,20.0,4,80.0,4,100.0,66.67,2,2,0,1,770.0,35,17,79.55,157,20.0,0.86,1.0
590.0,9,pa_3,E1,20.0,4,80.0,4,100.0,100.0,3,3,0,0,770.0,35,17,79.55,157,20.0,1.0,1.0
590.0,9,pa_3_rev,NEG_E1,20.0,4,80.0,4,100.0,100.0,3,3,0,0,770.0,35,17,79.55,157,20.0,1.0,1.0
590.0,9,pa_6,E5,25.0,5,125.0,5,100.0,33.33,1,1,0,2,770.0,35,17,79.55,157,25.0,0.75,1.0
590.0,9,pa_6_rev,NEG_E5,25.0,5,50.0,2,40.0,0.0,0,0,3,3,770.0,35,17,79.55,157,25.0,0.25,0.4
590.0,9,pa_7,E6,20.0,4,20.0,1,25.0,0.0,0,0,3,2,770.0,35,17,79.55,157,20.0,0.17,0.25
590.0,9,pa_7_rev,NEG_E6,20.0,4,80.0,4,100.0,100.0,2,2,0,0,770.0,35,17,79.55,157,20.0,1.0,1.0
590.0,9,pa_8,E7,25.0,5,50.0,2,40.0,0.0,0,0,3,3,770.0,35,17,79.55,157,25.0,0.25,0.4
590.0,9,pa_8_rev,NEG_E7,25.0,5,125.0,5,100.0,100.0,3,3,0,0,770.0,35,17,79.55,157,25.0,1.0,1.0
591.0,9,pa_2,E0,20.0,4,80.0,4,100.0,100.0,3,3,0,0,770.0,35,17,79.55,157,20.0,1.0,1.0
591.0,9,pa_2_rev,NEG_E0,20.0,4,80.0,4,100.0,66.67,2,2,0,1,770.0,35,17,79.55,157,20.0,0.86,1.0
591.0,9,pa_3,E1,20.0,4,80.0,4,100.0,100.0,3,3,0,0,770.0,35,17,79.55,157,20.0,1.0,1.0
591.0,9,pa_3_rev,NEG_E1,20.0,4,80.0,4,100.0,100.0,3,3,0,0,770.0,35,17,79.55,157,20.0,1.0,1.0
591.0,9,pa_6,E5,25.0,5,125.0,5,100.0,33.33,1,1,0,2,770.0,35,17,79.55,157,25.0,0.75,1.0
591.0,9,pa_6_rev,NEG_E5,25.0,5,50.0,2,40.0,0.0,0,0,3,3,770.0,35,17,79.55,157,25.0,0.25,0.4
591.0,9,pa_7,E6,20.0,4,20.0,1,25.0,0.0,0,0,3,2,770.0,35,17,79.55,157,20.0,0.17,0.25
591.0,9,pa_7_rev,NEG_E6,20.0,4,80.0,4,100.0,100.0,2,2,0,0,770.0,35,17,79.55,157,20.0,1.0,1.0
591.0,9,pa_8,E7,25.0,5,50.0,2,40.0,0.0,0,0,3,3,770.0,35,17,79.55,157,25.0,0.25,0.4
591.0,9,pa_8_rev,NEG_E7,25.0,5,125.0,5,100.0,100.0,3,3,0,0,770.0,35,17,79.55,157,25.0,1.0,1.0
592.0,9,pa_2,E0,20.0,4,80.0,4,100.0,100.0,3,3,0,0,770.0,35,17,79.55,157,20.0,1.0,1.0
592.0,9,pa_2_rev,NEG_E0,20.0,4,80.0,4,100.0,66.67,2,2,0,1,770.0,35,17,79.55,157,20.0,0.86,1.0
592.0,9,pa_3,E1,20.0,4,80.0,4,100.0,100.0,3,3,0,0,770.0,35,17,79.55,157,20.0,1.0,1.0
592.0,9,pa_3_rev,NEG_E1,20.0,4,80.0,4,100.0,100.0,3,3,0,0,770.0,35,17,79.55,157,20.0,1.0,1.0
592.0,9,pa_6,E5,25.0,5,125.0,5,100.0,33.33,1,1,0,2,770.0,35,17,79.55,157,25.0,0.75,1.0
592.0,9,pa_6_rev,NEG_E5,25.0,5,50.0,2,40.0,0.0,0,0,3,3,770.0,35,17,79.55,157,25.0,0.25,0.4
592.0,9,pa_7,E6,20.0,4,20.0,1,25.0,0.0,0,0,3,2,770.0,35,17,79.55,157,20.0,0.17,0.25
592.0,9,pa_7_rev,NEG_E6,20.0,4,80.0,4,100.0,100.0,2,2,0,0,770.0,35,17,79.55,157,20.0,1.0,1.0
592.0,9,pa_8,E7,25.0,5,50.0,2,40.0,0.0,0,0,3,3,770.0,35,17,79.55,157,25.0,0.25,0.4
592.0,9,pa_8_rev,NEG_E7,25.0,5,125.0,5,100.0,100.0,3,3,0,0,770.0,35,17,79.55,157,25.0,1.0,1.0
593.0,9,pa_2,E0,20.0,4,80.0,4,100.0,100.0,3,3,0,0,770.0,35,18,79.55,157,20.0,1.0,1.0
593.0,9,pa_2_rev,NEG_E0,20.0,4,80.0,4,100.0,100.0,3,3,0,0,770.0,35,18,79.55,157,20.0,1.0,1.0
593.0,9,pa_3,E1,20.0,4,80.0,4,100.0,100.0,3,3,0,0,770.0,35,18,79.55,157,20.0,1.0,1.0
593.0,9,pa_3_rev,NEG_E1,20.0,4,80.0,4,100.0,100.0,3,3,0,0,770.0,35,18,79.55,157,20.0,1.0,1.0
593.0,9,pa_6,E5,25.0,5,125.0,5,100.0,33.33,1,1,0,2,770.0,35,18,79.55,157,25.0,0.75,1.0
593.0,9,pa_6_rev,NEG_E5,25.0,5,50.0,2,40.0,0.0,0,0,3,3,770.0,35,18,79.55,157,25.0,0.25,0.4
593.0,9,pa_7,E6,20.0,4,20.0,1,25.0,0.0,0,0,3,2,770.0,35,18,79.55,157,20.0,0.17,0.25
593.0,9,pa_7_rev,NEG_E6,20.0,4,80.0,4,100.0,100.0,2,2,0,0,770.0,35,18,79.55,157,20.0,1.0,1.0
593.0,9,pa_8,E7,25.0,5,50.0,2,40.0,0.0,0,0,3,3,770.0,35,18,79.55,157,25.0,0.25,0.4
593.0,9,pa_8_rev,NEG_E7,25.0,5,125.0,5,100.0,100.0,3,3,0,0,770.0,35,18,79.55,157,25.0,1.0,1.0
594.0,9,pa_2,E0,20.0,4,80.0,4,100.0,100.0,3,3,0,0,770.0,35,18,79.55,157,20.0,1.0,1.0
594.0,9,pa_2_rev,NEG_E0,20.0,4,80.0,4,100.0,100.0,3,3,0,0,770.0,35,18,79.55,157,20.0,1.0,1.0
594.0,9,pa_3,E1,20.0,4,80.0,4,100.0,100.0,3,3,0,0,770.0,35,18,79.55,157,20.0,1.0,1.0
594.0,9,pa_3_rev,NEG_E1,20.0,4,80.0,4,100.0,100.0,3,3,0,0,770.0,35,18,79.55,157,20.0,1.0,1.0
594.0,9,pa_6,E5,25.0,5,125.0,5,100.0,33.33,1,1,0,2,770.0,35,18,79.55,157,25.0,0.75,1.0
594.0,9,pa_6_rev,NEG_E5,25.0,5,50.0,2,40.0,0.0,0,0,3,3,770.0,35,18,79.55,157,25.0,0.25,0.4
594.0,9,pa_7,E6,20.0,4,20.0,1,25.0,0.0,0,0,3,2,770.0,35,18,79.55,157,20.0,0.17,0.25
594.0,9,pa_7_rev,NEG_E6,20.0,4,80.0,4,100.0,100.0,2,2,0,0,770.0,35,18,79.55,157,20.0,1.0,1.0
594.0,9,pa_8,E7,25.0,5,50.0,2,40.0,0.0,0,0,3,3,770.0,35,18,79.55,157,25.0,0.25,0.4
594.0,9,pa_8_rev,NEG_E7,25.0,5,125.0,5,100.0,100.0,3,3,0,0,770.0,35,18,79.55,157,25.0,1.0,1.0
595.0,9,pa_2,E0,20.0,4,80.0,4,100.0,100.0,3,3,0,0,770.0,35,18,79.55,157,20.0,1.0,1.0
595.0,9,pa_2_rev,NEG_E0,20.0,4,80.0,4,100.0,100.0,3,3,0,0,770.0,35,18,79.55,157,20.0,1.0,1.0
595.0,9,pa_3,E1,20.0,4,80.0,4,100.0,100.0,3,3,0,0,770.0,35,18,79.55,157,20.0,1.0,1.0
595.0,9,pa_3_rev,NEG_E1,20.0,4,80.0,4,100.0,100.0,3,3,0,0,770.0,35,18,79.55,157,20.0,1.0,1.0
595.0,9,pa_6,E5,25.0,5,125.0,5,100.0,33.33,1,1,0,2,770.0,35,18,79.55,157,25.0,0.75,1.0
595.0,9,pa_6_rev,NEG_E5,25.0,5,50.0,2,40.0,0.0,0,0,3,3,770.0,35,18,79.55,157,25.0,0.25,0.4
595.0,9,pa_7,E6,20.0,4,20.0,1,25.0,0.0,0,0,3,2,770.0,35,18,79.55,157,20.0,0.17,0.25
595.0,9,pa_7_rev,NEG_E6,20.0,4,80.0,4,100.0,100.0,2,2,0,0,770.0,35,18,79.55,157,20.0,1.0,1.0
595.0,9,pa_8,E7,25.0,5,50.0,2,40.0,0.0,0,0,3,3,770.0,35,18,79.55,157,25.0,0.25,0.4
595.0,9,pa_8_rev,NEG_E7,25.0,5,125.0,5,100.0,100.0,3,3,0,0,770.0,35,18,79.55,157,25.0,1.0,1.0
596.0,9,pa_2,E0,20.0,4,80.0,4,100.0,100.0,3,3,0,0,770.0,35,18,79.55,157,20.0,1.0,1.0
596.0,9,pa_2_rev,NEG_E0,20.0,4,80.0,4,100.0,100.0,3,3,0,0,770.0,35,18,79.55,157,20.0,1.0,1.0
596.0,9,pa_3,E1,20.0,4,80.0,4,100.0,100.0,3,3,0,0,770.0,35,18,79.55,157,20.0,1.0,1.0
596.0,9,pa_3_rev,NEG_E1,20.0,4,80.0,4,100.0,100.0,3,3,0,0,770.0,35,18,79.55,157,20.0,1.0,1.0
596.0,9,pa_6,E5,25.0,5,125.0,5,100.0,33.33,1,1,0,2,770.0,35,18,79.55,157,25.0,0.75,1.0
596.0,9,pa_6_rev,NEG_E5,25.0,5,50.0,2,40.0,0.0,0,0,3,3,770.0,35,18,79.55,157,25.0,0.25,0.4
596.0,9,pa_7,E6,20.0,4,20.0,1,25.0,0.0,0,0,3,2,770.0,35,18,79.55,157,20.0,0.17,0.25
596.0,9,pa_7_rev,NEG_E6,20.0,4,80.0,4,100.0,100.0,2,2,0,0,770.0,35,18,79.55,157,20.0,1.0,1.0
596.0,9,pa_8,E7,25.0,5,50.0,2,40.0,0.0,0,0,3,3,770.0,35,18,79.55,157,25.0,0.25,0.4
596.0,9,pa_8_rev,NEG_E7,25.0,5,125.0,5,100.0,100.0,3,3,0,0,770.0,35,18,79.55,157,25.0,1.0,1.0
597.0,9,pa_2,E0,20.0,4,80.0,4,100.0,100.0,3,3,0,0,770.0,35,18,79.55,157,20.0,1.0,1.0
597.0,9,pa_2_rev,NEG_E0,20.0,4,80.0,4,100.0,100.0,3,3,0,0,770.0,35,18,79.55,157,20.0,1.0,1.0
597.0,9,pa_3,E1,20.0,4,80.0,4,100.0,100.0,3,3,0,0,770.0,35,18,79.55,157,20.0,1.0,1.0
597.0,9,pa_3_rev,NEG_E1,20.0,4,80.0,4,100.0,100.0,3,3,0,0,770.0,35,18,79.55,157,20.0,1.0,1.0
597.0,9,pa_6,E5,25.0,5,125.0,5,100.0,33.33,1,1,0,2,770.0,35,18,79.55,157,25.0,0.75,1.0
597.0,9,pa_6_rev,NEG_E5,25.0,5,50.0,2,40.0,0.0,0,0,3,3,770.0,35,18,79.55,157,25.0,0.25,0.4
597.0,9,pa_7,E6,20.0,4,20.0,1,25.0,0.0,0,0,3,2,770.0,35,18,79.55,157,20.0,0.17,0.25
597.0,9,pa_7_rev,NEG_E6,20.0,4,80.0,4,100.0,100.0,2,2,0,0,770.0,35,18,79.55,157,20.0,1.0,1.0
597.0,9,pa_8,E7,25.0,5,50.0,2,40.0,0.0,0,0,3,3,770.0,35,18,79.55,157,25.0,0.25,0.4
597.0,9,pa_8_rev,NEG_E7,25.0,5,125.0,5,100.0,100.0,3,3,0,0,770.0,35,18,79.55,157,25.0,1.0,1.0
598.0,9,pa_2,E0,20.0,4,80.0,4,100.0,100.0,3,3,0,0,770.0,35,18,79.55,157,20.0,1.0,1.0
598.0,9,pa_2_rev,NEG_E0,20.0,4,80.0,4,100.0,100.0,3,3,0,0,770.0,35,18,79.55,157,20.0,1.0,1.0
598.0,9,pa_3,E1,20.0,4,80.0,4,100.0,100.0,3,3,0,0,770.0,35,18,79.55,157,20.0,1.0,1.0
598.0,9,pa_3_rev,NEG_E1,20.0,4,80.0,4,100.0,100.0,3,3,0,0,770.0,35,18,79.55,157,20.0,1.0,1.0
598.0,9,pa_6,E5,25.0,5,125.0,5,100.0,33.33,1,1,0,2,770.0,35,18,79.55,157,25.0,0.75,1.0
598.0,9,pa_6_rev,NEG_E5,25.0,5,50.0,2,40.0,0.0,0,0,3,3,770.0,35,18,79.55,157,25.0,0.25,0.4
598.0,9,pa_7,E6,20.0,4,20.0,1,25.0,0.0,0,0,3,2,770.0,35,18,79.55,157,20.0,0.17,0.25
598.0,9,pa_7_rev,NEG_E6,20.0,4,80.0,4,100.0,100.0,2,2,0,0,770.0,35,18,79.55,157,20.0,1.0,1.0
598.0,9,pa_8,E7,25.0,5,50.0,2,40.0,0.0,0,0,3,3,770.0,35,18,79.55,157,25.0,0.25,0.4
598.0,9,pa_8_rev,NEG_E7,25.0,5,125.0,5,100.0,100.0,3,3,0,0,770.0,35,18,79.55,157,25.0,1.0,1.0
599.0,9,pa_2,E0,20.0,4,80.0,4,100.0,100.0,3,3,0,0,770.0,35,18,79.55,157,20.0,1.0,1.0
599.0,9,pa_2_rev,NEG_E0,20.0,4,80.0,4,100.0,100.0,3,3,0,0,770.0,35,18,79.55,157,20.0,1.0,1.0
599.0,9,pa_3,E1,20.0,4,80.0,4,100.0,100.0,3,3,0,0,770.0,35,18,79.55,157,20.0,1.0,1.0
599.0,9,pa_3_rev,NEG_E1,20.0,4,80.0,4,100.0,100.0,3,3,0,0,770.0,35,18,79.55,157,20.0,1.0,1.0
599.0,9,pa_6,E5,25.0,5,125.0,5,100.0,33.33,1,1,0,2,770.0,35,18,79.55,157,25.0,0.75,1.0
599.0,9,pa_6_rev,NEG_E5,25.0,5,50.0,2,40.0,0.0,0,0,3,3,770.0,35,18,79.55,157,25.0,0.25,0.4
599.0,9,pa_7,E6,20.0,4,20.0,1,25.0,0.0,0,0,3,2,770.0,35,18,79.55,157,20.0,0.17,0.25
599.0,9,pa_7_rev,NEG_E6,20.0,4,80.0,4,100.0,100.0,2,2,0,0,770.0,35,18,79.55,157,20.0,1.0,1.0
599.0,9,pa_8,E7,25.0,5,50.0,2,40.0,0.0,0,0,3,3,770.0,35,18,79.55,157,25.0,0.25,0.4
599.0,9,pa_8_rev,NEG_E7,25.0,5,125.0,5,100.0,100.0,3,3,0,0,770.0,35,18,79.55,157,25.0,1.0,1.0
600.0,10,pa_2,E0,20.0,4,80.0,4,100.0,100.0,3,3,0,0,770.0,35,18,79.55,157,20.0,1.0,1.0
600.0,10,pa_2_rev,NEG_E0,20.0,4,80.0,4,100.0,100.0,3,3,0,0,770.0,35,18,79.55,157,20.0,1.0,1.0
600.0,10,pa_3,E1,20.0,4,80.0,4,100.0,100.0,3,3,0,0,770.0,35,18,79.55,157,20.0,1.0,1.0
600.0,10,pa_3_rev,NEG_E1,20.0,4,80.0,4,100.0,100.0,3,3,0,0,770.0,35,18,79.55,157,20.0,1.0,1.0
600.0,10,pa_6,E5,25.0,5,125.0,5,100.0,33.33,1,1,0,2,770.0,35,18,79.55,157,25.0,0.75,1.0
600.0,10,pa_6_rev,NEG_E5,25.0,5,50.0,2,40.0,0.0,0,0,3,3,770.0,35,18,79.55,157,25.0,0.25,0.4
600.0,10,pa_7,E6,20.0,4,20.0,1,25.0,0.0,0,0,3,2,770.0,35,18,79.55,157,20.0,0.17,0.25
600.0,10,pa_7_rev,NEG_E6,20.0,4,80.0,4,100.0,100.0,2,2,0,0,770.0,35,18,79.55,157,20.0,1.0,1.0
600.0,10,pa_8,E7,25.0,5,50.0,2,40.0,0.0,0,0,3,3,770.0,35,18,79.55,157,25.0,0.25,0.4
600.0,10,pa_8_rev,NEG_E7,25.0,5,125.0,5,100.0,100.0,3,3,0,0,770.0,35,18,79.55,157,25.0,1.0,1.0
