timestep_sec,minute_of_hour,station_id,station_edge,station_power_capacity_kW,station_charging_capacity,station_power_demand_kW,station_vehicles_charging,station_charging_utilization_percent,station_waiting_utilization_percent,station_vehicles_waiting,station_queue_length,station_charging_slots_available,station_waiting_slots_available,system_total_power_demand_kW,system_total_vehicles_charging,system_total_vehicles_waiting,system_charging_utilization_percent,system_total_active_vehicles,load_per_vehicle_kW,congestion_ratio,demand_to_capacity_ratio
1.0,0,pa_2,E0,20.0,4,0.0,0,0.0,0.0,0,0,4,3,0.0,0,0,0.0,8,0.0,0.0,0.0
1.0,0,pa_2_rev,NEG_E0,20.0,4,0.0,0,0.0,0.0,0,0,4,3,0.0,0,0,0.0,8,0.0,0.0,0.0
1.0,0,pa_3,E1,20.0,4,0.0,0,0.0,0.0,0,0,4,3,0.0,0,0,0.0,8,0.0,0.0,0.0
1.0,0,pa_3_rev,NEG_E1,20.0,4,0.0,0,0.0,0.0,0,0,4,3,0.0,0,0,0.0,8,0.0,0.0,0.0
1.0,0,pa_6,E5,25.0,5,0.0,0,0.0,0.0,0,0,5,3,0.0,0,0,0.0,8,0.0,0.0,0.0
1.0,0,pa_6_rev,NEG_E5,25.0,5,0.0,0,0.0,0.0,0,0,5,3,0.0,0,0,0.0,8,0.0,0.0,0.0
1.0,0,pa_7,E6,20.0,4,0.0,0,0.0,0.0,0,0,4,2,0.0,0,0,0.0,8,0.0,0.0,0.0
1.0,0,pa_7_rev,NEG_E6,20.0,4,0.0,0,0.0,0.0,0,0,4,2,0.0,0,0,0.0,8,0.0,0.0,0.0
1.0,0,pa_8,E7,25.0,5,0.0,0,0.0,0.0,0,0,5,3,0.0,0,0,0.0,8,0.0,0.0,0.0
1.0,0,pa_8_rev,NEG_E7,25.0,5,0.0,0,0.0,0.0,0,0,5,3,0.0,0,0,0.0,8,0.0,0.0,0.0
2.0,0,pa_2,E0,20.0,4,0.0,0,0.0,0.0,0,0,4,3,0.0,0,0,0.0,8,0.0,0.0,0.0
2.0,0,pa_2_rev,NEG_E0,20.0,4,0.0,0,0.0,0.0,0,0,4,3,0.0,0,0,0.0,8,0.0,0.0,0.0
2.0,0,pa_3,E1,20.0,4,0.0,0,0.0,0.0,0,0,4,3,0.0,0,0,0.0,8,0.0,0.0,0.0
2.0,0,pa_3_rev,NEG_E1,20.0,4,0.0,0,0.0,0.0,0,0,4,3,0.0,0,0,0.0,8,0.0,0.0,0.0
2.0,0,pa_6,E5,25.0,5,0.0,0,0.0,0.0,0,0,5,3,0.0,0,0,0.0,8,0.0,0.0,0.0
2.0,0,pa_6_rev,NEG_E5,25.0,5,0.0,0,0.0,0.0,0,0,5,3,0.0,0,0,0.0,8,0.0,0.0,0.0
2.0,0,pa_7,E6,20.0,4,0.0,0,0.0,0.0,0,0,4,2,0.0,0,0,0.0,8,0.0,0.0,0.0
2.0,0,pa_7_rev,NEG_E6,20.0,4,0.0,0,0.0,0.0,0,0,4,2,0.0,0,0,0.0,8,0.0,0.0,0.0
2.0,0,pa_8,E7,25.0,5,0.0,0,0.0,0.0,0,0,5,3,0.0,0,0,0.0,8,0.0,0.0,0.0
2.0,0,pa_8_rev,NEG_E7,25.0,5,0.0,0,0.0,0.0,0,0,5,3,0.0,0,0,0.0,8,0.0,0.0,0.0
3.0,0,pa_2,E0,20.0,4,0.0,0,0.0,0.0,0,0,4,3,0.0,0,0,0.0,14,0.0,0.0,0.0
3.0,0,pa_2_rev,NEG_E0,20.0,4,0.0,0,0.0,0.0,0,0,4,3,0.0,0,0,0.0,14,0.0,0.0,0.0
3.0,0,pa_3,E1,20.0,4,0.0,0,0.0,0.0,0,0,4,3,0.0,0,0,0.0,14,0.0,0.0,0.0
3.0,0,pa_3_rev,NEG_E1,20.0,4,0.0,0,0.0,0.0,0,0,4,3,0.0,0,0,0.0,14,0.0,0.0,0.0
3.0,0,pa_6,E5,25.0,5,0.0,0,0.0,0.0,0,0,5,3,0.0,0,0,0.0,14,0.0,0.0,0.0
3.0,0,pa_6_rev,NEG_E5,25.0,5,0.0,0,0.0,0.0,0,0,5,3,0.0,0,0,0.0,14,0.0,0.0,0.0
3.0,0,pa_7,E6,20.0,4,0.0,0,0.0,0.0,0,0,4,2,0.0,0,0,0.0,14,0.0,0.0,0.0
3.0,0,pa_7_rev,NEG_E6,20.0,4,0.0,0,0.0,0.0,0,0,4,2,0.0,0,0,0.0,14,0.0,0.0,0.0
3.0,0,pa_8,E7,25.0,5,0.0,0,0.0,0.0,0,0,5,3,0.0,0,0,0.0,14,0.0,0.0,0.0
3.0,0,pa_8_rev,NEG_E7,25.0,5,0.0,0,0.0,0.0,0,0,5,3,0.0,0,0,0.0,14,0.0,0.0,0.0
4.0,0,pa_2,E0,20.0,4,0.0,0,0.0,0.0,0,0,4,3,0.0,0,0,0.0,14,0.0,0.0,0.0
4.0,0,pa_2_rev,NEG_E0,20.0,4,0.0,0,0.0,0.0,0,0,4,3,0.0,0,0,0.0,14,0.0,0.0,0.0
4.0,0,pa_3,E1,20.0,4,0.0,0,0.0,0.0,0,0,4,3,0.0,0,0,0.0,14,0.0,0.0,0.0
4.0,0,pa_3_rev,NEG_E1,20.0,4,0.0,0,0.0,0.0,0,0,4,3,0.0,0,0,0.0,14,0.0,0.0,0.0
4.0,0,pa_6,E5,25.0,5,0.0,0,0.0,0.0,0,0,5,3,0.0,0,0,0.0,14,0.0,0.0,0.0
4.0,0,pa_6_rev,NEG_E5,25.0,5,0.0,0,0.0,0.0,0,0,5,3,0.0,0,0,0.0,14,0.0,0.0,0.0
4.0,0,pa_7,E6,20.0,4,0.0,0,0.0,0.0,0,0,4,2,0.0,0,0,0.0,14,0.0,0.0,0.0
4.0,0,pa_7_rev,NEG_E6,20.0,4,0.0,0,0.0,0.0,0,0,4,2,0.0,0,0,0.0,14,0.0,0.0,0.0
4.0,0,pa_8,E7,25.0,5,0.0,0,0.0,0.0,0,0,5,3,0.0,0,0,0.0,14,0.0,0.0,0.0
4.0,0,pa_8_rev,NEG_E7,25.0,5,0.0,0,0.0,0.0,0,0,5,3,0.0,0,0,0.0,14,0.0,0.0,0.0
5.0,0,pa_2,E0,20.0,4,0.0,0,0.0,0.0,0,0,4,3,0.0,0,0,0.0,14,0.0,0.0,0.0
5.0,0,pa_2_rev,NEG_E0,20.0,4,0.0,0,0.0,0.0,0,0,4,3,0.0,0,0,0.0,14,0.0,0.0,0.0
5.0,0,pa_3,E1,20.0,4,0.0,0,0.0,0.0,0,0,4,3,0.0,0,0,0.0,14,0.0,0.0,0.0
5.0,0,pa_3_rev,NEG_E1,20.0,4,0.0,0,0.0,0.0,0,0,4,3,0.0,0,0,0.0,14,0.0,0.0,0.0
5.0,0,pa_6,E5,25.0,5,0.0,0,0.0,0.0,0,0,5,3,0.0,0,0,0.0,14,0.0,0.0,0.0
5.0,0,pa_6_rev,NEG_E5,25.0,5,0.0,0,0.0,0.0,0,0,5,3,0.0,0,0,0.0,14,0.0,0.0,0.0
5.0,0,pa_7,E6,20.0,4,0.0,0,0.0,0.0,0,0,4,2,0.0,0,0,0.0,14,0.0,0.0,0.0
5.0,0,pa_7_rev,NEG_E6,20.0,4,0.0,0,0.0,0.0,0,0,4,2,0.0,0,0,0.0,14,0.0,0.0,0.0
5.0,0,pa_8,E7,25.0,5,0.0,0,0.0,0.0,0,0,5,3,0.0,0,0,0.0,14,0.0,0.0,0.0
5.0,0,pa_8_rev,NEG_E7,25.0,5,0.0,0,0.0,0.0,0,0,5,3,0.0,0,0,0.0,14,0.0,0.0,0.0
6.0,0,pa_2,E0,20.0,4,0.0,0,0.0,0.0,0,0,4,3,0.0,0,0,0.0,17,0.0,0.0,0.0
6.0,0,pa_2_rev,NEG_E0,20.0,4,0.0,0,0.0,0.0,0,0,4,3,0.0,0,0,0.0,17,0.0,0.0,0.0
6.0,0,pa_3,E1,20.0,4,0.0,0,0.0,0.0,0,0,4,3,0.0,0,0,0.0,17,0.0,0.0,0.0
6.0,0,pa_3_rev,NEG_E1,20.0,4,0.0,0,0.0,0.0,0,0,4,3,0.0,0,0,0.0,17,0.0,0.0,0.0
6.0,0,pa_6,E5,25.0,5,0.0,0,0.0,0.0,0,0,5,3,0.0,0,0,0.0,17,0.0,0.0,0.0
6.0,0,pa_6_rev,NEG_E5,25.0,5,0.0,0,0.0,0.0,0,0,5,3,0.0,0,0,0.0,17,0.0,0.0,0.0
6.0,0,pa_7,E6,20.0,4,0.0,0,0.0,0.0,0,0,4,2,0.0,0,0,0.0,17,0.0,0.0,0.0
6.0,0,pa_7_rev,NEG_E6,20.0,4,0.0,0,0.0,0.0,0,0,4,2,0.0,0,0,0.0,17,0.0,0.0,0.0
6.0,0,pa_8,E7,25.0,5,0.0,0,0.0,0.0,0,0,5,3,0.0,0,0,0.0,17,0.0,0.0,0.0
6.0,0,pa_8_rev,NEG_E7,25.0,5,0.0,0,0.0,0.0,0,0,5,3,0.0,0,0,0.0,17,0.0,0.0,0.0
7.0,0,pa_2,E0,20.0,4,0.0,0,0.0,0.0,0,0,4,3,0.0,0,0,0.0,17,0.0,0.0,0.0
7.0,0,pa_2_rev,NEG_E0,20.0,4,0.0,0,0.0,0.0,0,0,4,3,0.0,0,0,0.0,17,0.0,0.0,0.0
7.0,0,pa_3,E1,20.0,4,0.0,0,0.0,0.0,0,0,4,3,0.0,0,0,0.0,17,0.0,0.0,0.0
7.0,0,pa_3_rev,NEG_E1,20.0,4,0.0,0,0.0,0.0,0,0,4,3,0.0,0,0,0.0,17,0.0,0.0,0.0
7.0,0,pa_6,E5,25.0,5,0.0,0,0.0,0.0,0,0,5,3,0.0,0,0,0.0,17,0.0,0.0,0.0
7.0,0,pa_6_rev,NEG_E5,25.0,5,0.0,0,0.0,0.0,0,0,5,3,0.0,0,0,0.0,17,0.0,0.0,0.0
7.0,0,pa_7,E6,20.0,4,0.0,0,0.0,0.0,0,0,4,2,0.0,0,0,0.0,17,0.0,0.0,0.0
7.0,0,pa_7_rev,NEG_E6,20.0,4,0.0,0,0.0,0.0,0,0,4,2,0.0,0,0,0.0,17,0.0,0.0,0.0
7.0,0,pa_8,E7,25.0,5,0.0,0,0.0,0.0,0,0,5,3,0.0,0,0,0.0,17,0.0,0.0,0.0
7.0,0,pa_8_rev,NEG_E7,25.0,5,0.0,0,0.0,0.0,0,0,5,3,0.0,0,0,0.0,17,0.0,0.0,0.0
8.0,0,pa_2,E0,20.0,4,0.0,0,0.0,0.0,0,0,4,3,0.0,0,0,0.0,19,0.0,0.0,0.0
8.0,0,pa_2_rev,NEG_E0,20.0,4,0.0,0,0.0,0.0,0,0,4,3,0.0,0,0,0.0,19,0.0,0.0,0.0
8.0,0,pa_3,E1,20.0,4,0.0,0,0.0,0.0,0,0,4,3,0.0,0,0,0.0,19,0.0,0.0,0.0
8.0,0,pa_3_rev,NEG_E1,20.0,4,0.0,0,0.0,0.0,0,0,4,3,0.0,0,0,0.0,19,0.0,0.0,0.0
8.0,0,pa_6,E5,25.0,5,0.0,0,0.0,0.0,0,0,5,3,0.0,0,0,0.0,19,0.0,0.0,0.0
8.0,0,pa_6_rev,NEG_E5,25.0,5,0.0,0,0.0,0.0,0,0,5,3,0.0,0,0,0.0,19,0.0,0.0,0.0
8.0,0,pa_7,E6,20.0,4,0.0,0,0.0,0.0,0,0,4,2,0.0,0,0,0.0,19,0.0,0.0,0.0
8.0,0,pa_7_rev,NEG_E6,20.0,4,0.0,0,0.0,0.0,0,0,4,2,0.0,0,0,0.0,19,0.0,0.0,0.0
8.0,0,pa_8,E7,25.0,5,0.0,0,0.0,0.0,0,0,5,3,0.0,0,0,0.0,19,0.0,0.0,0.0
8.0,0,pa_8_rev,NEG_E7,25.0,5,0.0,0,0.0,0.0,0,0,5,3,0.0,0,0,0.0,19,0.0,0.0,0.0
9.0,0,pa_2,E0,20.0,4,0.0,0,0.0,0.0,0,0,4,3,0.0,0,0,0.0,19,0.0,0.0,0.0
9.0,0,pa_2_rev,NEG_E0,20.0,4,0.0,0,0.0,0.0,0,0,4,3,0.0,0,0,0.0,19,0.0,0.0,0.0
9.0,0,pa_3,E1,20.0,4,0.0,0,0.0,0.0,0,0,4,3,0.0,0,0,0.0,19,0.0,0.0,0.0
9.0,0,pa_3_rev,NEG_E1,20.0,4,0.0,0,0.0,0.0,0,0,4,3,0.0,0,0,0.0,19,0.0,0.0,0.0
9.0,0,pa_6,E5,25.0,5,0.0,0,0.0,0.0,0,0,5,3,0.0,0,0,0.0,19,0.0,0.0,0.0
9.0,0,pa_6_rev,NEG_E5,25.0,5,0.0,0,0.0,0.0,0,0,5,3,0.0,0,0,0.0,19,0.0,0.0,0.0
9.0,0,pa_7,E6,20.0,4,0.0,0,0.0,0.0,0,0,4,2,0.0,0,0,0.0,19,0.0,0.0,0.0
9.0,0,pa_7_rev,NEG_E6,20.0,4,0.0,0,0.0,0.0,0,0,4,2,0.0,0,0,0.0,19,0.0,0.0,0.0
9.0,0,pa_8,E7,25.0,5,0.0,0,0.0,0.0,0,0,5,3,0.0,0,0,0.0,19,0.0,0.0,0.0
9.0,0,pa_8_rev,NEG_E7,25.0,5,0.0,0,0.0,0.0,0,0,5,3,0.0,0,0,0.0,19,0.0,0.0,0.0
10.0,0,pa_2,E0,20.0,4,0.0,0,0.0,0.0,0,0,4,3,0.0,0,0,0.0,19,0.0,0.0,0.0
10.0,0,pa_2_rev,NEG_E0,20.0,4,0.0,0,0.0,0.0,0,0,4,3,0.0,0,0,0.0,19,0.0,0.0,0.0
10.0,0,pa_3,E1,20.0,4,0.0,0,0.0,0.0,0,0,4,3,0.0,0,0,0.0,19,0.0,0.0,0.0
10.0,0,pa_3_rev,NEG_E1,20.0,4,0.0,0,0.0,0.0,0,0,4,3,0.0,0,0,0.0,19,0.0,0.0,0.0
10.0,0,pa_6,E5,25.0,5,0.0,0,0.0,0.0,0,0,5,3,0.0,0,0,0.0,19,0.0,0.0,0.0
10.0,0,pa_6_rev,NEG_E5,25.0,5,0.0,0,0.0,0.0,0,0,5,3,0.0,0,0,0.0,19,0.0,0.0,0.0
10.0,0,pa_7,E6,20.0,4,0.0,0,0.0,0.0,0,0,4,2,0.0,0,0,0.0,19,0.0,0.0,0.0
10.0,0,pa_7_rev,NEG_E6,20.0,4,0.0,0,0.0,0.0,0,0,4,2,0.0,0,0,0.0,19,0.0,0.0,0.0
10.0,0,pa_8,E7,25.0,5,0.0,0,0.0,0.0,0,0,5,3,0.0,0,0,0.0,19,0.0,0.0,0.0
10.0,0,pa_8_rev,NEG_E7,25.0,5,0.0,0,0.0,0.0,0,0,5,3,0.0,0,0,0.0,19,0.0,0.0,0.0
11.0,0,pa_2,E0,20.0,4,0.0,0,0.0,0.0,0,0,4,3,0.0,0,0,0.0,20,0.0,0.0,0.0
11.0,0,pa_2_rev,NEG_E0,20.0,4,0.0,0,0.0,0.0,0,0,4,3,0.0,0,0,0.0,20,0.0,0.0,0.0
11.0,0,pa_3,E1,20.0,4,0.0,0,0.0,0.0,0,0,4,3,0.0,0,0,0.0,20,0.0,0.0,0.0
11.0,0,pa_3_rev,NEG_E1,20.0,4,0.0,0,0.0,0.0,0,0,4,3,0.0,0,0,0.0,20,0.0,0.0,0.0
11.0,0,pa_6,E5,25.0,5,0.0,0,0.0,0.0,0,0,5,3,0.0,0,0,0.0,20,0.0,0.0,0.0
11.0,0,pa_6_rev,NEG_E5,25.0,5,0.0,0,0.0,0.0,0,0,5,3,0.0,0,0,0.0,20,0.0,0.0,0.0
11.0,0,pa_7,E6,20.0,4,0.0,0,0.0,0.0,0,0,4,2,0.0,0,0,0.0,20,0.0,0.0,0.0
11.0,0,pa_7_rev,NEG_E6,20.0,4,0.0,0,0.0,0.0,0,0,4,2,0.0,0,0,0.0,20,0.0,0.0,0.0
11.0,0,pa_8,E7,25.0,5,0.0,0,0.0,0.0,0,0,5,3,0.0,0,0,0.0,20,0.0,0.0,0.0
11.0,0,pa_8_rev,NEG_E7,25.0,5,0.0,0,0.0,0.0,0,0,5,3,0.0,0,0,0.0,20,0.0,0.0,0.0
12.0,0,pa_2,E0,20.0,4,0.0,0,0.0,0.0,0,0,4,3,0.0,0,0,0.0,20,0.0,0.0,0.0
12.0,0,pa_2_rev,NEG_E0,20.0,4,0.0,0,0.0,0.0,0,0,4,3,0.0,0,0,0.0,20,0.0,0.0,0.0
12.0,0,pa_3,E1,20.0,4,0.0,0,0.0,0.0,0,0,4,3,0.0,0,0,0.0,20,0.0,0.0,0.0
12.0,0,pa_3_rev,NEG_E1,20.0,4,0.0,0,0.0,0.0,0,0,4,3,0.0,0,0,0.0,20,0.0,0.0,0.0
12.0,0,pa_6,E5,25.0,5,0.0,0,0.0,0.0,0,0,5,3,0.0,0,0,0.0,20,0.0,0.0,0.0
12.0,0,pa_6_rev,NEG_E5,25.0,5,0.0,0,0.0,0.0,0,0,5,3,0.0,0,0,0.0,20,0.0,0.0,0.0
12.0,0,pa_7,E6,20.0,4,0.0,0,0.0,0.0,0,0,4,2,0.0,0,0,0.0,20,0.0,0.0,0.0
12.0,0,pa_7_rev,NEG_E6,20.0,4,0.0,0,0.0,0.0,0,0,4,2,0.0,0,0,0.0,20,0.0,0.0,0.0
12.0,0,pa_8,E7,25.0,5,0.0,0,0.0,0.0,0,0,5,3,0.0,0,0,0.0,20,0.0,0.0,0.0
12.0,0,pa_8_rev,NEG_E7,25.0,5,0.0,0,0.0,0.0,0,0,5,3,0.0,0,0,0.0,20,0.0,0.0,0.0
13.0,0,pa_2,E0,20.0,4,0.0,0,0.0,0.0,0,0,4,3,0.0,0,0,0.0,20,0.0,0.0,0.0
13.0,0,pa_2_rev,NEG_E0,20.0,4,0.0,0,0.0,0.0,0,0,4,3,0.0,0,0,0.0,20,0.0,0.0,0.0
13.0,0,pa_3,E1,20.0,4,0.0,0,0.0,0.0,0,0,4,3,0.0,0,0,0.0,20,0.0,0.0,0.0
13.0,0,pa_3_rev,NEG_E1,20.0,4,0.0,0,0.0,0.0,0,0,4,3,0.0,0,0,0.0,20,0.0,0.0,0.0
13.0,0,pa_6,E5,25.0,5,0.0,0,0.0,0.0,0,0,5,3,0.0,0,0,0.0,20,0.0,0.0,0.0
13.0,0,pa_6_rev,NEG_E5,25.0,5,0.0,0,0.0,0.0,0,0,5,3,0.0,0,0,0.0,20,0.0,0.0,0.0
13.0,0,pa_7,E6,20.0,4,0.0,0,0.0,0.0,0,0,4,2,0.0,0,0,0.0,20,0.0,0.0,0.0
13.0,0,pa_7_rev,NEG_E6,20.0,4,0.0,0,0.0,0.0,0,0,4,2,0.0,0,0,0.0,20,0.0,0.0,0.0
13.0,0,pa_8,E7,25.0,5,0.0,0,0.0,0.0,0,0,5,3,0.0,0,0,0.0,20,0.0,0.0,0.0
13.0,0,pa_8_rev,NEG_E7,25.0,5,0.0,0,0.0,0.0,0,0,5,3,0.0,0,0,0.0,20,0.0,0.0,0.0
14.0,0,pa_2,E0,20.0,4,0.0,0,0.0,0.0,0,0,4,3,0.0,0,0,0.0,21,0.0,0.0,0.0
14.0,0,pa_2_rev,NEG_E0,20.0,4,0.0,0,0.0,0.0,0,0,4,3,0.0,0,0,0.0,21,0.0,0.0,0.0
14.0,0,pa_3,E1,20.0,4,0.0,0,0.0,0.0,0,0,4,3,0.0,0,0,0.0,21,0.0,0.0,0.0
14.0,0,pa_3_rev,NEG_E1,20.0,4,0.0,0,0.0,0.0,0,0,4,3,0.0,0,0,0.0,21,0.0,0.0,0.0
14.0,0,pa_6,E5,25.0,5,0.0,0,0.0,0.0,0,0,5,3,0.0,0,0,0.0,21,0.0,0.0,0.0
14.0,0,pa_6_rev,NEG_E5,25.0,5,0.0,0,0.0,0.0,0,0,5,3,0.0,0,0,0.0,21,0.0,0.0,0.0
14.0,0,pa_7,E6,20.0,4,0.0,0,0.0,0.0,0,0,4,2,0.0,0,0,0.0,21,0.0,0.0,0.0
14.0,0,pa_7_rev,NEG_E6,20.0,4,0.0,0,0.0,0.0,0,0,4,2,0.0,0,0,0.0,21,0.0,0.0,0.0
14.0,0,pa_8,E7,25.0,5,0.0,0,0.0,0.0,0,0,5,3,0.0,0,0,0.0,21,0.0,0.0,0.0
14.0,0,pa_8_rev,NEG_E7,25.0,5,0.0,0,0.0,0.0,0,0,5,3,0.0,0,0,0.0,21,0.0,0.0,0.0
15.0,0,pa_2,E0,20.0,4,0.0,0,0.0,0.0,0,0,4,3,0.0,0,0,0.0,21,0.0,0.0,0.0
15.0,0,pa_2_rev,NEG_E0,20.0,4,0.0,0,0.0,0.0,0,0,4,3,0.0,0,0,0.0,21,0.0,0.0,0.0
15.0,0,pa_3,E1,20.0,4,0.0,0,0.0,0.0,0,0,4,3,0.0,0,0,0.0,21,0.0,0.0,0.0
15.0,0,pa_3_rev,NEG_E1,20.0,4,0.0,0,0.0,0.0,0,0,4,3,0.0,0,0,0.0,21,0.0,0.0,0.0
15.0,0,pa_6,E5,25.0,5,0.0,0,0.0,0.0,0,0,5,3,0.0,0,0,0.0,21,0.0,0.0,0.0
15.0,0,pa_6_rev,NEG_E5,25.0,5,0.0,0,0.0,0.0,0,0,5,3,0.0,0,0,0.0,21,0.0,0.0,0.0
15.0,0,pa_7,E6,20.0,4,0.0,0,0.0,0.0,0,0,4,2,0.0,0,0,0.0,21,0.0,0.0,0.0
15.0,0,pa_7_rev,NEG_E6,20.0,4,0.0,0,0.0,0.0,0,0,4,2,0.0,0,0,0.0,21,0.0,0.0,0.0
15.0,0,pa_8,E7,25.0,5,0.0,0,0.0,0.0,0,0,5,3,0.0,0,0,0.0,21,0.0,0.0,0.0
15.0,0,pa_8_rev,NEG_E7,25.0,5,0.0,0,0.0,0.0,0,0,5,3,0.0,0,0,0.0,21,0.0,0.0,0.0
16.0,0,pa_2,E0,20.0,4,0.0,0,0.0,0.0,0,0,4,3,0.0,0,0,0.0,22,0.0,0.0,0.0
16.0,0,pa_2_rev,NEG_E0,20.0,4,0.0,0,0.0,0.0,0,0,4,3,0.0,0,0,0.0,22,0.0,0.0,0.0
16.0,0,pa_3,E1,20.0,4,0.0,0,0.0,0.0,0,0,4,3,0.0,0,0,0.0,22,0.0,0.0,0.0
16.0,0,pa_3_rev,NEG_E1,20.0,4,0.0,0,0.0,0.0,0,0,4,3,0.0,0,0,0.0,22,0.0,0.0,0.0
16.0,0,pa_6,E5,25.0,5,0.0,0,0.0,0.0,0,0,5,3,0.0,0,0,0.0,22,0.0,0.0,0.0
16.0,0,pa_6_rev,NEG_E5,25.0,5,0.0,0,0.0,0.0,0,0,5,3,0.0,0,0,0.0,22,0.0,0.0,0.0
16.0,0,pa_7,E6,20.0,4,0.0,0,0.0,0.0,0,0,4,2,0.0,0,0,0.0,22,0.0,0.0,0.0
16.0,0,pa_7_rev,NEG_E6,20.0,4,0.0,0,0.0,0.0,0,0,4,2,0.0,0,0,0.0,22,0.0,0.0,0.0
16.0,0,pa_8,E7,25.0,5,0.0,0,0.0,0.0,0,0,5,3,0.0,0,0,0.0,22,0.0,0.0,0.0
16.0,0,pa_8_rev,NEG_E7,25.0,5,0.0,0,0.0,0.0,0,0,5,3,0.0,0,0,0.0,22,0.0,0.0,0.0
17.0,0,pa_2,E0,20.0,4,0.0,0,0.0,0.0,0,0,4,3,0.0,0,0,0.0,22,0.0,0.0,0.0
17.0,0,pa_2_rev,NEG_E0,20.0,4,0.0,0,0.0,0.0,0,0,4,3,0.0,0,0,0.0,22,0.0,0.0,0.0
17.0,0,pa_3,E1,20.0,4,0.0,0,0.0,0.0,0,0,4,3,0.0,0,0,0.0,22,0.0,0.0,0.0
17.0,0,pa_3_rev,NEG_E1,20.0,4,0.0,0,0.0,0.0,0,0,4,3,0.0,0,0,0.0,22,0.0,0.0,0.0
17.0,0,pa_6,E5,25.0,5,0.0,0,0.0,0.0,0,0,5,3,0.0,0,0,0.0,22,0.0,0.0,0.0
17.0,0,pa_6_rev,NEG_E5,25.0,5,0.0,0,0.0,0.0,0,0,5,3,0.0,0,0,0.0,22,0.0,0.0,0.0
17.0,0,pa_7,E6,20.0,4,0.0,0,0.0,0.0,0,0,4,2,0.0,0,0,0.0,22,0.0,0.0,0.0
17.0,0,pa_7_rev,NEG_E6,20.0,4,0.0,0,0.0,0.0,0,0,4,2,0.0,0,0,0.0,22,0.0,0.0,0.0
17.0,0,pa_8,E7,25.0,5,0.0,0,0.0,0.0,0,0,5,3,0.0,0,0,0.0,22,0.0,0.0,0.0
17.0,0,pa_8_rev,NEG_E7,25.0,5,0.0,0,0.0,0.0,0,0,5,3,0.0,0,0,0.0,22,0.0,0.0,0.0
18.0,0,pa_2,E0,20.0,4,0.0,0,0.0,0.0,0,0,4,3,0.0,0,0,0.0,22,0.0,0.0,0.0
18.0,0,pa_2_rev,NEG_E0,20.0,4,0.0,0,0.0,0.0,0,0,4,3,0.0,0,0,0.0,22,0.0,0.0,0.0
18.0,0,pa_3,E1,20.0,4,0.0,0,0.0,0.0,0,0,4,3,0.0,0,0,0.0,22,0.0,0.0,0.0
18.0,0,pa_3_rev,NEG_E1,20.0,4,0.0,0,0.0,0.0,0,0,4,3,0.0,0,0,0.0,22,0.0,0.0,0.0
18.0,0,pa_6,E5,25.0,5,0.0,0,0.0,0.0,0,0,5,3,0.0,0,0,0.0,22,0.0,0.0,0.0
18.0,0,pa_6_rev,NEG_E5,25.0,5,0.0,0,0.0,0.0,0,0,5,3,0.0,0,0,0.0,22,0.0,0.0,0.0
18.0,0,pa_7,E6,20.0,4,0.0,0,0.0,0.0,0,0,4,2,0.0,0,0,0.0,22,0.0,0.0,0.0
18.0,0,pa_7_rev,NEG_E6,20.0,4,0.0,0,0.0,0.0,0,0,4,2,0.0,0,0,0.0,22,0.0,0.0,0.0
18.0,0,pa_8,E7,25.0,5,0.0,0,0.0,0.0,0,0,5,3,0.0,0,0,0.0,22,0.0,0.0,0.0
18.0,0,pa_8_rev,NEG_E7,25.0,5,0.0,0,0.0,0.0,0,0,5,3,0.0,0,0,0.0,22,0.0,0.0,0.0
19.0,0,pa_2,E0,20.0,4,0.0,0,0.0,0.0,0,0,4,3,0.0,0,0,0.0,22,0.0,0.0,0.0
19.0,0,pa_2_rev,NEG_E0,20.0,4,0.0,0,0.0,0.0,0,0,4,3,0.0,0,0,0.0,22,0.0,0.0,0.0
19.0,0,pa_3,E1,20.0,4,0.0,0,0.0,0.0,0,0,4,3,0.0,0,0,0.0,22,0.0,0.0,0.0
19.0,0,pa_3_rev,NEG_E1,20.0,4,0.0,0,0.0,0.0,0,0,4,3,0.0,0,0,0.0,22,0.0,0.0,0.0
19.0,0,pa_6,E5,25.0,5,0.0,0,0.0,0.0,0,0,5,3,0.0,0,0,0.0,22,0.0,0.0,0.0
19.0,0,pa_6_rev,NEG_E5,25.0,5,0.0,0,0.0,0.0,0,0,5,3,0.0,0,0,0.0,22,0.0,0.0,0.0
19.0,0,pa_7,E6,20.0,4,0.0,0,0.0,0.0,0,0,4,2,0.0,0,0,0.0,22,0.0,0.0,0.0
19.0,0,pa_7_rev,NEG_E6,20.0,4,0.0,0,0.0,0.0,0,0,4,2,0.0,0,0,0.0,22,0.0,0.0,0.0
19.0,0,pa_8,E7,25.0,5,0.0,0,0.0,0.0,0,0,5,3,0.0,0,0,0.0,22,0.0,0.0,0.0
19.0,0,pa_8_rev,NEG_E7,25.0,5,0.0,0,0.0,0.0,0,0,5,3,0.0,0,0,0.0,22,0.0,0.0,0.0
20.0,0,pa_2,E0,20.0,4,0.0,0,0.0,0.0,0,0,4,3,0.0,0,0,0.0,22,0.0,0.0,0.0
20.0,0,pa_2_rev,NEG_E0,20.0,4,0.0,0,0.0,0.0,0,0,4,3,0.0,0,0,0.0,22,0.0,0.0,0.0
20.0,0,pa_3,E1,20.0,4,0.0,0,0.0,0.0,0,0,4,3,0.0,0,0,0.0,22,0.0,0.0,0.0
20.0,0,pa_3_rev,NEG_E1,20.0,4,0.0,0,0.0,0.0,0,0,4,3,0.0,0,0,0.0,22,0.0,0.0,0.0
20.0,0,pa_6,E5,25.0,5,0.0,0,0.0,0.0,0,0,5,3,0.0,0,0,0.0,22,0.0,0.0,0.0
20.0,0,pa_6_rev,NEG_E5,25.0,5,0.0,0,0.0,0.0,0,0,5,3,0.0,0,0,0.0,22,0.0,0.0,0.0
20.0,0,pa_7,E6,20.0,4,0.0,0,0.0,0.0,0,0,4,2,0.0,0,0,0.0,22,0.0,0.0,0.0
20.0,0,pa_7_rev,NEG_E6,20.0,4,0.0,0,0.0,0.0,0,0,4,2,0.0,0,0,0.0,22,0.0,0.0,0.0
20.0,0,pa_8,E7,25.0,5,0.0,0,0.0,0.0,0,0,5,3,0.0,0,0,0.0,22,0.0,0.0,0.0
20.0,0,pa_8_rev,NEG_E7,25.0,5,0.0,0,0.0,0.0,0,0,5,3,0.0,0,0,0.0,22,0.0,0.0,0.0
21.0,0,pa_2,E0,20.0,4,0.0,0,0.0,0.0,0,0,4,3,0.0,0,0,0.0,22,0.0,0.0,0.0
21.0,0,pa_2_rev,NEG_E0,20.0,4,0.0,0,0.0,0.0,0,0,4,3,0.0,0,0,0.0,22,0.0,0.0,0.0
21.0,0,pa_3,E1,20.0,4,0.0,0,0.0,0.0,0,0,4,3,0.0,0,0,0.0,22,0.0,0.0,0.0
21.0,0,pa_3_rev,NEG_E1,20.0,4,0.0,0,0.0,0.0,0,0,4,3,0.0,0,0,0.0,22,0.0,0.0,0.0
21.0,0,pa_6,E5,25.0,5,0.0,0,0.0,0.0,0,0,5,3,0.0,0,0,0.0,22,0.0,0.0,0.0
21.0,0,pa_6_rev,NEG_E5,25.0,5,0.0,0,0.0,0.0,0,0,5,3,0.0,0,0,0.0,22,0.0,0.0,0.0
21.0,0,pa_7,E6,20.0,4,0.0,0,0.0,0.0,0,0,4,2,0.0,0,0,0.0,22,0.0,0.0,0.0
21.0,0,pa_7_rev,NEG_E6,20.0,4,0.0,0,0.0,0.0,0,0,4,2,0.0,0,0,0.0,22,0.0,0.0,0.0
21.0,0,pa_8,E7,25.0,5,0.0,0,0.0,0.0,0,0,5,3,0.0,0,0,0.0,22,0.0,0.0,0.0
21.0,0,pa_8_rev,NEG_E7,25.0,5,0.0,0,0.0,0.0,0,0,5,3,0.0,0,0,0.0,22,0.0,0.0,0.0
22.0,0,pa_2,E0,20.0,4,0.0,0,0.0,0.0,0,0,4,3,0.0,0,0,0.0,22,0.0,0.0,0.0
22.0,0,pa_2_rev,NEG_E0,20.0,4,0.0,0,0.0,0.0,0,0,4,3,0.0,0,0,0.0,22,0.0,0.0,0.0
22.0,0,pa_3,E1,20.0,4,0.0,0,0.0,0.0,0,0,4,3,0.0,0,0,0.0,22,0.0,0.0,0.0
22.0,0,pa_3_rev,NEG_E1,20.0,4,0.0,0,0.0,0.0,0,0,4,3,0.0,0,0,0.0,22,0.0,0.0,0.0
22.0,0,pa_6,E5,25.0,5,0.0,0,0.0,0.0,0,0,5,3,0.0,0,0,0.0,22,0.0,0.0,0.0
22.0,0,pa_6_rev,NEG_E5,25.0,5,0.0,0,0.0,0.0,0,0,5,3,0.0,0,0,0.0,22,0.0,0.0,0.0
22.0,0,pa_7,E6,20.0,4,0.0,0,0.0,0.0,0,0,4,2,0.0,0,0,0.0,22,0.0,0.0,0.0
22.0,0,pa_7_rev,NEG_E6,20.0,4,0.0,0,0.0,0.0,0,0,4,2,0.0,0,0,0.0,22,0.0,0.0,0.0
22.0,0,pa_8,E7,25.0,5,0.0,0,0.0,0.0,0,0,5,3,0.0,0,0,0.0,22,0.0,0.0,0.0
22.0,0,pa_8_rev,NEG_E7,25.0,5,0.0,0,0.0,0.0,0,0,5,3,0.0,0,0,0.0,22,0.0,0.0,0.0
23.0,0,pa_2,E0,20.0,4,0.0,0,0.0,0.0,0,0,4,3,0.0,0,0,0.0,22,0.0,0.0,0.0
23.0,0,pa_2_rev,NEG_E0,20.0,4,0.0,0,0.0,0.0,0,0,4,3,0.0,0,0,0.0,22,0.0,0.0,0.0
23.0,0,pa_3,E1,20.0,4,0.0,0,0.0,0.0,0,0,4,3,0.0,0,0,0.0,22,0.0,0.0,0.0
23.0,0,pa_3_rev,NEG_E1,20.0,4,0.0,0,0.0,0.0,0,0,4,3,0.0,0,0,0.0,22,0.0,0.0,0.0
23.0,0,pa_6,E5,25.0,5,0.0,0,0.0,0.0,0,0,5,3,0.0,0,0,0.0,22,0.0,0.0,0.0
23.0,0,pa_6_rev,NEG_E5,25.0,5,0.0,0,0.0,0.0,0,0,5,3,0.0,0,0,0.0,22,0.0,0.0,0.0
23.0,0,pa_7,E6,20.0,4,0.0,0,0.0,0.0,0,0,4,2,0.0,0,0,0.0,22,0.0,0.0,0.0
23.0,0,pa_7_rev,NEG_E6,20.0,4,0.0,0,0.0,0.0,0,0,4,2,0.0,0,0,0.0,22,0.0,0.0,0.0
23.0,0,pa_8,E7,25.0,5,0.0,0,0.0,0.0,0,0,5,3,0.0,0,0,0.0,22,0.0,0.0,0.0
23.0,0,pa_8_rev,NEG_E7,25.0,5,0.0,0,0.0,0.0,0,0,5,3,0.0,0,0,0.0,22,0.0,0.0,0.0
24.0,0,pa_2,E0,20.0,4,0.0,0,0.0,0.0,0,0,4,3,0.0,0,0,0.0,22,0.0,0.0,0.0
24.0,0,pa_2_rev,NEG_E0,20.0,4,0.0,0,0.0,0.0,0,0,4,3,0.0,0,0,0.0,22,0.0,0.0,0.0
24.0,0,pa_3,E1,20.0,4,0.0,0,0.0,0.0,0,0,4,3,0.0,0,0,0.0,22,0.0,0.0,0.0
24.0,0,pa_3_rev,NEG_E1,20.0,4,0.0,0,0.0,0.0,0,0,4,3,0.0,0,0,0.0,22,0.0,0.0,0.0
24.0,0,pa_6,E5,25.0,5,0.0,0,0.0,0.0,0,0,5,3,0.0,0,0,0.0,22,0.0,0.0,0.0
24.0,0,pa_6_rev,NEG_E5,25.0,5,0.0,0,0.0,0.0,0,0,5,3,0.0,0,0,0.0,22,0.0,0.0,0.0
24.0,0,pa_7,E6,20.0,4,0.0,0,0.0,0.0,0,0,4,2,0.0,0,0,0.0,22,0.0,0.0,0.0
24.0,0,pa_7_rev,NEG_E6,20.0,4,0.0,0,0.0,0.0,0,0,4,2,0.0,0,0,0.0,22,0.0,0.0,0.0
24.0,0,pa_8,E7,25.0,5,0.0,0,0.0,0.0,0,0,5,3,0.0,0,0,0.0,22,0.0,0.0,0.0
24.0,0,pa_8_rev,NEG_E7,25.0,5,0.0,0,0.0,0.0,0,0,5,3,0.0,0,0,0.0,22,0.0,0.0,0.0
25.0,0,pa_2,E0,20.0,4,0.0,0,0.0,0.0,0,0,4,3,0.0,0,0,0.0,22,0.0,0.0,0.0
25.0,0,pa_2_rev,NEG_E0,20.0,4,0.0,0,0.0,0.0,0,0,4,3,0.0,0,0,0.0,22,0.0,0.0,0.0
25.0,0,pa_3,E1,20.0,4,0.0,0,0.0,0.0,0,0,4,3,0.0,0,0,0.0,22,0.0,0.0,0.0
25.0,0,pa_3_rev,NEG_E1,20.0,4,0.0,0,0.0,0.0,0,0,4,3,0.0,0,0,0.0,22,0.0,0.0,0.0
25.0,0,pa_6,E5,25.0,5,0.0,0,0.0,0.0,0,0,5,3,0.0,0,0,0.0,22,0.0,0.0,0.0
25.0,0,pa_6_rev,NEG_E5,25.0,5,0.0,0,0.0,0.0,0,0,5,3,0.0,0,0,0.0,22,0.0,0.0,0.0
25.0,0,pa_7,E6,20.0,4,0.0,0,0.0,0.0,0,0,4,2,0.0,0,0,0.0,22,0.0,0.0,0.0
25.0,0,pa_7_rev,NEG_E6,20.0,4,0.0,0,0.0,0.0,0,0,4,2,0.0,0,0,0.0,22,0.0,0.0,0.0
25.0,0,pa_8,E7,25.0,5,0.0,0,0.0,0.0,0,0,5,3,0.0,0,0,0.0,22,0.0,0.0,0.0
25.0,0,pa_8_rev,NEG_E7,25.0,5,0.0,0,0.0,0.0,0,0,5,3,0.0,0,0,0.0,22,0.0,0.0,0.0
26.0,0,pa_2,E0,20.0,4,0.0,0,0.0,0.0,0,0,4,3,0.0,0,0,0.0,22,0.0,0.0,0.0
26.0,0,pa_2_rev,NEG_E0,20.0,4,0.0,0,0.0,0.0,0,0,4,3,0.0,0,0,0.0,22,0.0,0.0,0.0
26.0,0,pa_3,E1,20.0,4,0.0,0,0.0,0.0,0,0,4,3,0.0,0,0,0.0,22,0.0,0.0,0.0
26.0,0,pa_3_rev,NEG_E1,20.0,4,0.0,0,0.0,0.0,0,0,4,3,0.0,0,0,0.0,22,0.0,0.0,0.0
26.0,0,pa_6,E5,25.0,5,0.0,0,0.0,0.0,0,0,5,3,0.0,0,0,0.0,22,0.0,0.0,0.0
26.0,0,pa_6_rev,NEG_E5,25.0,5,0.0,0,0.0,0.0,0,0,5,3,0.0,0,0,0.0,22,0.0,0.0,0.0
26.0,0,pa_7,E6,20.0,4,0.0,0,0.0,0.0,0,0,4,2,0.0,0,0,0.0,22,0.0,0.0,0.0
26.0,0,pa_7_rev,NEG_E6,20.0,4,0.0,0,0.0,0.0,0,0,4,2,0.0,0,0,0.0,22,0.0,0.0,0.0
26.0,0,pa_8,E7,25.0,5,0.0,0,0.0,0.0,0,0,5,3,0.0,0,0,0.0,22,0.0,0.0,0.0
26.0,0,pa_8_rev,NEG_E7,25.0,5,0.0,0,0.0,0.0,0,0,5,3,0.0,0,0,0.0,22,0.0,0.0,0.0
27.0,0,pa_2,E0,20.0,4,0.0,0,0.0,0.0,0,0,4,3,0.0,0,0,0.0,22,0.0,0.0,0.0
27.0,0,pa_2_rev,NEG_E0,20.0,4,0.0,0,0.0,0.0,0,0,4,3,0.0,0,0,0.0,22,0.0,0.0,0.0
27.0,0,pa_3,E1,20.0,4,0.0,0,0.0,0.0,0,0,4,3,0.0,0,0,0.0,22,0.0,0.0,0.0
27.0,0,pa_3_rev,NEG_E1,20.0,4,0.0,0,0.0,0.0,0,0,4,3,0.0,0,0,0.0,22,0.0,0.0,0.0
27.0,0,pa_6,E5,25.0,5,0.0,0,0.0,0.0,0,0,5,3,0.0,0,0,0.0,22,0.0,0.0,0.0
27.0,0,pa_6_rev,NEG_E5,25.0,5,0.0,0,0.0,0.0,0,0,5,3,0.0,0,0,0.0,22,0.0,0.0,0.0
27.0,0,pa_7,E6,20.0,4,0.0,0,0.0,0.0,0,0,4,2,0.0,0,0,0.0,22,0.0,0.0,0.0
27.0,0,pa_7_rev,NEG_E6,20.0,4,0.0,0,0.0,0.0,0,0,4,2,0.0,0,0,0.0,22,0.0,0.0,0.0
27.0,0,pa_8,E7,25.0,5,0.0,0,0.0,0.0,0,0,5,3,0.0,0,0,0.0,22,0.0,0.0,0.0
27.0,0,pa_8_rev,NEG_E7,25.0,5,0.0,0,0.0,0.0,0,0,5,3,0.0,0,0,0.0,22,0.0,0.0,0.0
28.0,0,pa_2,E0,20.0,4,0.0,0,0.0,0.0,0,0,4,3,0.0,0,0,0.0,22,0.0,0.0,0.0
28.0,0,pa_2_rev,NEG_E0,20.0,4,0.0,0,0.0,0.0,0,0,4,3,0.0,0,0,0.0,22,0.0,0.0,0.0
28.0,0,pa_3,E1,20.0,4,0.0,0,0.0,0.0,0,0,4,3,0.0,0,0,0.0,22,0.0,0.0,0.0
28.0,0,pa_3_rev,NEG_E1,20.0,4,0.0,0,0.0,0.0,0,0,4,3,0.0,0,0,0.0,22,0.0,0.0,0.0
28.0,0,pa_6,E5,25.0,5,0.0,0,0.0,0.0,0,0,5,3,0.0,0,0,0.0,22,0.0,0.0,0.0
28.0,0,pa_6_rev,NEG_E5,25.0,5,0.0,0,0.0,0.0,0,0,5,3,0.0,0,0,0.0,22,0.0,0.0,0.0
28.0,0,pa_7,E6,20.0,4,0.0,0,0.0,0.0,0,0,4,2,0.0,0,0,0.0,22,0.0,0.0,0.0
28.0,0,pa_7_rev,NEG_E6,20.0,4,0.0,0,0.0,0.0,0,0,4,2,0.0,0,0,0.0,22,0.0,0.0,0.0
28.0,0,pa_8,E7,25.0,5,0.0,0,0.0,0.0,0,0,5,3,0.0,0,0,0.0,22,0.0,0.0,0.0
28.0,0,pa_8_rev,NEG_E7,25.0,5,0.0,0,0.0,0.0,0,0,5,3,0.0,0,0,0.0,22,0.0,0.0,0.0
29.0,0,pa_2,E0,20.0,4,0.0,0,0.0,0.0,0,0,4,3,0.0,0,0,0.0,22,0.0,0.0,0.0
29.0,0,pa_2_rev,NEG_E0,20.0,4,0.0,0,0.0,0.0,0,0,4,3,0.0,0,0,0.0,22,0.0,0.0,0.0
29.0,0,pa_3,E1,20.0,4,0.0,0,0.0,0.0,0,0,4,3,0.0,0,0,0.0,22,0.0,0.0,0.0
29.0,0,pa_3_rev,NEG_E1,20.0,4,0.0,0,0.0,0.0,0,0,4,3,0.0,0,0,0.0,22,0.0,0.0,0.0
29.0,0,pa_6,E5,25.0,5,0.0,0,0.0,0.0,0,0,5,3,0.0,0,0,0.0,22,0.0,0.0,0.0
29.0,0,pa_6_rev,NEG_E5,25.0,5,0.0,0,0.0,0.0,0,0,5,3,0.0,0,0,0.0,22,0.0,0.0,0.0
29.0,0,pa_7,E6,20.0,4,0.0,0,0.0,0.0,0,0,4,2,0.0,0,0,0.0,22,0.0,0.0,0.0
29.0,0,pa_7_rev,NEG_E6,20.0,4,0.0,0,0.0,0.0,0,0,4,2,0.0,0,0,0.0,22,0.0,0.0,0.0
29.0,0,pa_8,E7,25.0,5,0.0,0,0.0,0.0,0,0,5,3,0.0,0,0,0.0,22,0.0,0.0,0.0
29.0,0,pa_8_rev,NEG_E7,25.0,5,0.0,0,0.0,0.0,0,0,5,3,0.0,0,0,0.0,22,0.0,0.0,0.0
30.0,0,pa_2,E0,20.0,4,0.0,0,0.0,0.0,0,0,4,3,0.0,0,0,0.0,22,0.0,0.0,0.0
30.0,0,pa_2_rev,NEG_E0,20.0,4,0.0,0,0.0,0.0,0,0,4,3,0.0,0,0,0.0,22,0.0,0.0,0.0
30.0,0,pa_3,E1,20.0,4,0.0,0,0.0,0.0,0,0,4,3,0.0,0,0,0.0,22,0.0,0.0,0.0
30.0,0,pa_3_rev,NEG_E1,20.0,4,0.0,0,0.0,0.0,0,0,4,3,0.0,0,0,0.0,22,0.0,0.0,0.0
30.0,0,pa_6,E5,25.0,5,0.0,0,0.0,0.0,0,0,5,3,0.0,0,0,0.0,22,0.0,0.0,0.0
30.0,0,pa_6_rev,NEG_E5,25.0,5,0.0,0,0.0,0.0,0,0,5,3,0.0,0,0,0.0,22,0.0,0.0,0.0
30.0,0,pa_7,E6,20.0,4,0.0,0,0.0,0.0,0,0,4,2,0.0,0,0,0.0,22,0.0,0.0,0.0
30.0,0,pa_7_rev,NEG_E6,20.0,4,0.0,0,0.0,0.0,0,0,4,2,0.0,0,0,0.0,22,0.0,0.0,0.0
30.0,0,pa_8,E7,25.0,5,0.0,0,0.0,0.0,0,0,5,3,0.0,0,0,0.0,22,0.0,0.0,0.0
30.0,0,pa_8_rev,NEG_E7,25.0,5,0.0,0,0.0,0.0,0,0,5,3,0.0,0,0,0.0,22,0.0,0.0,0.0
31.0,0,pa_2,E0,20.0,4,0.0,0,0.0,0.0,0,0,4,3,0.0,0,0,0.0,23,0.0,0.0,0.0
31.0,0,pa_2_rev,NEG_E0,20.0,4,0.0,0,0.0,0.0,0,0,4,3,0.0,0,0,0.0,23,0.0,0.0,0.0
31.0,0,pa_3,E1,20.0,4,0.0,0,0.0,0.0,0,0,4,3,0.0,0,0,0.0,23,0.0,0.0,0.0
31.0,0,pa_3_rev,NEG_E1,20.0,4,0.0,0,0.0,0.0,0,0,4,3,0.0,0,0,0.0,23,0.0,0.0,0.0
31.0,0,pa_6,E5,25.0,5,0.0,0,0.0,0.0,0,0,5,3,0.0,0,0,0.0,23,0.0,0.0,0.0
31.0,0,pa_6_rev,NEG_E5,25.0,5,0.0,0,0.0,0.0,0,0,5,3,0.0,0,0,0.0,23,0.0,0.0,0.0
31.0,0,pa_7,E6,20.0,4,0.0,0,0.0,0.0,0,0,4,2,0.0,0,0,0.0,23,0.0,0.0,0.0
31.0,0,pa_7_rev,NEG_E6,20.0,4,0.0,0,0.0,0.0,0,0,4,2,0.0,0,0,0.0,23,0.0,0.0,0.0
31.0,0,pa_8,E7,25.0,5,0.0,0,0.0,0.0,0,0,5,3,0.0,0,0,0.0,23,0.0,0.0,0.0
31.0,0,pa_8_rev,NEG_E7,25.0,5,0.0,0,0.0,0.0,0,0,5,3,0.0,0,0,0.0,23,0.0,0.0,0.0
32.0,0,pa_2,E0,20.0,4,0.0,0,0.0,0.0,0,0,4,3,0.0,0,0,0.0,23,0.0,0.0,0.0
32.0,0,pa_2_rev,NEG_E0,20.0,4,0.0,0,0.0,0.0,0,0,4,3,0.0,0,0,0.0,23,0.0,0.0,0.0
32.0,0,pa_3,E1,20.0,4,0.0,0,0.0,0.0,0,0,4,3,0.0,0,0,0.0,23,0.0,0.0,0.0
32.0,0,pa_3_rev,NEG_E1,20.0,4,0.0,0,0.0,0.0,0,0,4,3,0.0,0,0,0.0,23,0.0,0.0,0.0
32.0,0,pa_6,E5,25.0,5,0.0,0,0.0,0.0,0,0,5,3,0.0,0,0,0.0,23,0.0,0.0,0.0
32.0,0,pa_6_rev,NEG_E5,25.0,5,0.0,0,0.0,0.0,0,0,5,3,0.0,0,0,0.0,23,0.0,0.0,0.0
32.0,0,pa_7,E6,20.0,4,0.0,0,0.0,0.0,0,0,4,2,0.0,0,0,0.0,23,0.0,0.0,0.0
32.0,0,pa_7_rev,NEG_E6,20.0,4,0.0,0,0.0,0.0,0,0,4,2,0.0,0,0,0.0,23,0.0,0.0,0.0
32.0,0,pa_8,E7,25.0,5,0.0,0,0.0,0.0,0,0,5,3,0.0,0,0,0.0,23,0.0,0.0,0.0
32.0,0,pa_8_rev,NEG_E7,25.0,5,0.0,0,0.0,0.0,0,0,5,3,0.0,0,0,0.0,23,0.0,0.0,0.0
33.0,0,pa_2,E0,20.0,4,0.0,0,0.0,0.0,0,0,4,3,0.0,0,0,0.0,23,0.0,0.0,0.0
33.0,0,pa_2_rev,NEG_E0,20.0,4,0.0,0,0.0,0.0,0,0,4,3,0.0,0,0,0.0,23,0.0,0.0,0.0
33.0,0,pa_3,E1,20.0,4,0.0,0,0.0,0.0,0,0,4,3,0.0,0,0,0.0,23,0.0,0.0,0.0
33.0,0,pa_3_rev,NEG_E1,20.0,4,0.0,0,0.0,0.0,0,0,4,3,0.0,0,0,0.0,23,0.0,0.0,0.0
33.0,0,pa_6,E5,25.0,5,0.0,0,0.0,0.0,0,0,5,3,0.0,0,0,0.0,23,0.0,0.0,0.0
33.0,0,pa_6_rev,NEG_E5,25.0,5,0.0,0,0.0,0.0,0,0,5,3,0.0,0,0,0.0,23,0.0,0.0,0.0
33.0,0,pa_7,E6,20.0,4,0.0,0,0.0,0.0,0,0,4,2,0.0,0,0,0.0,23,0.0,0.0,0.0
33.0,0,pa_7_rev,NEG_E6,20.0,4,0.0,0,0.0,0.0,0,0,4,2,0.0,0,0,0.0,23,0.0,0.0,0.0
33.0,0,pa_8,E7,25.0,5,0.0,0,0.0,0.0,0,0,5,3,0.0,0,0,0.0,23,0.0,0.0,0.0
33.0,0,pa_8_rev,NEG_E7,25.0,5,0.0,0,0.0,0.0,0,0,5,3,0.0,0,0,0.0,23,0.0,0.0,0.0
34.0,0,pa_2,E0,20.0,4,0.0,0,0.0,0.0,0,0,4,3,0.0,0,0,0.0,23,0.0,0.0,0.0
34.0,0,pa_2_rev,NEG_E0,20.0,4,0.0,0,0.0,0.0,0,0,4,3,0.0,0,0,0.0,23,0.0,0.0,0.0
34.0,0,pa_3,E1,20.0,4,0.0,0,0.0,0.0,0,0,4,3,0.0,0,0,0.0,23,0.0,0.0,0.0
34.0,0,pa_3_rev,NEG_E1,20.0,4,0.0,0,0.0,0.0,0,0,4,3,0.0,0,0,0.0,23,0.0,0.0,0.0
34.0,0,pa_6,E5,25.0,5,0.0,0,0.0,0.0,0,0,5,3,0.0,0,0,0.0,23,0.0,0.0,0.0
34.0,0,pa_6_rev,NEG_E5,25.0,5,0.0,0,0.0,0.0,0,0,5,3,0.0,0,0,0.0,23,0.0,0.0,0.0
34.0,0,pa_7,E6,20.0,4,0.0,0,0.0,0.0,0,0,4,2,0.0,0,0,0.0,23,0.0,0.0,0.0
34.0,0,pa_7_rev,NEG_E6,20.0,4,0.0,0,0.0,0.0,0,0,4,2,0.0,0,0,0.0,23,0.0,0.0,0.0
34.0,0,pa_8,E7,25.0,5,0.0,0,0.0,0.0,0,0,5,3,0.0,0,0,0.0,23,0.0,0.0,0.0
34.0,0,pa_8_rev,NEG_E7,25.0,5,0.0,0,0.0,0.0,0,0,5,3,0.0,0,0,0.0,23,0.0,0.0,0.0
35.0,0,pa_2,E0,20.0,4,0.0,0,0.0,0.0,0,0,4,3,0.0,0,0,0.0,23,0.0,0.0,0.0
35.0,0,pa_2_rev,NEG_E0,20.0,4,0.0,0,0.0,0.0,0,0,4,3,0.0,0,0,0.0,23,0.0,0.0,0.0
35.0,0,pa_3,E1,20.0,4,0.0,0,0.0,0.0,0,0,4,3,0.0,0,0,0.0,23,0.0,0.0,0.0
35.0,0,pa_3_rev,NEG_E1,20.0,4,0.0,0,0.0,0.0,0,0,4,3,0.0,0,0,0.0,23,0.0,0.0,0.0
35.0,0,pa_6,E5,25.0,5,0.0,0,0.0,0.0,0,0,5,3,0.0,0,0,0.0,23,0.0,0.0,0.0
35.0,0,pa_6_rev,NEG_E5,25.0,5,0.0,0,0.0,0.0,0,0,5,3,0.0,0,0,0.0,23,0.0,0.0,0.0
35.0,0,pa_7,E6,20.0,4,0.0,0,0.0,0.0,0,0,4,2,0.0,0,0,0.0,23,0.0,0.0,0.0
35.0,0,pa_7_rev,NEG_E6,20.0,4,0.0,0,0.0,0.0,0,0,4,2,0.0,0,0,0.0,23,0.0,0.0,0.0
35.0,0,pa_8,E7,25.0,5,0.0,0,0.0,0.0,0,0,5,3,0.0,0,0,0.0,23,0.0,0.0,0.0
35.0,0,pa_8_rev,NEG_E7,25.0,5,0.0,0,0.0,0.0,0,0,5,3,0.0,0,0,0.0,23,0.0,0.0,0.0
36.0,0,pa_2,E0,20.0,4,0.0,0,0.0,0.0,0,0,4,3,0.0,0,0,0.0,23,0.0,0.0,0.0
36.0,0,pa_2_rev,NEG_E0,20.0,4,0.0,0,0.0,0.0,0,0,4,3,0.0,0,0,0.0,23,0.0,0.0,0.0
36.0,0,pa_3,E1,20.0,4,0.0,0,0.0,0.0,0,0,4,3,0.0,0,0,0.0,23,0.0,0.0,0.0
36.0,0,pa_3_rev,NEG_E1,20.0,4,0.0,0,0.0,0.0,0,0,4,3,0.0,0,0,0.0,23,0.0,0.0,0.0
36.0,0,pa_6,E5,25.0,5,0.0,0,0.0,0.0,0,0,5,3,0.0,0,0,0.0,23,0.0,0.0,0.0
36.0,0,pa_6_rev,NEG_E5,25.0,5,0.0,0,0.0,0.0,0,0,5,3,0.0,0,0,0.0,23,0.0,0.0,0.0
36.0,0,pa_7,E6,20.0,4,0.0,0,0.0,0.0,0,0,4,2,0.0,0,0,0.0,23,0.0,0.0,0.0
36.0,0,pa_7_rev,NEG_E6,20.0,4,0.0,0,0.0,0.0,0,0,4,2,0.0,0,0,0.0,23,0.0,0.0,0.0
36.0,0,pa_8,E7,25.0,5,0.0,0,0.0,0.0,0,0,5,3,0.0,0,0,0.0,23,0.0,0.0,0.0
36.0,0,pa_8_rev,NEG_E7,25.0,5,0.0,0,0.0,0.0,0,0,5,3,0.0,0,0,0.0,23,0.0,0.0,0.0
37.0,0,pa_2,E0,20.0,4,0.0,0,0.0,0.0,0,0,4,3,0.0,0,0,0.0,23,0.0,0.0,0.0
37.0,0,pa_2_rev,NEG_E0,20.0,4,0.0,0,0.0,0.0,0,0,4,3,0.0,0,0,0.0,23,0.0,0.0,0.0
37.0,0,pa_3,E1,20.0,4,0.0,0,0.0,0.0,0,0,4,3,0.0,0,0,0.0,23,0.0,0.0,0.0
37.0,0,pa_3_rev,NEG_E1,20.0,4,0.0,0,0.0,0.0,0,0,4,3,0.0,0,0,0.0,23,0.0,0.0,0.0
37.0,0,pa_6,E5,25.0,5,0.0,0,0.0,0.0,0,0,5,3,0.0,0,0,0.0,23,0.0,0.0,0.0
37.0,0,pa_6_rev,NEG_E5,25.0,5,0.0,0,0.0,0.0,0,0,5,3,0.0,0,0,0.0,23,0.0,0.0,0.0
37.0,0,pa_7,E6,20.0,4,0.0,0,0.0,0.0,0,0,4,2,0.0,0,0,0.0,23,0.0,0.0,0.0
37.0,0,pa_7_rev,NEG_E6,20.0,4,0.0,0,0.0,0.0,0,0,4,2,0.0,0,0,0.0,23,0.0,0.0,0.0
37.0,0,pa_8,E7,25.0,5,0.0,0,0.0,0.0,0,0,5,3,0.0,0,0,0.0,23,0.0,0.0,0.0
37.0,0,pa_8_rev,NEG_E7,25.0,5,0.0,0,0.0,0.0,0,0,5,3,0.0,0,0,0.0,23,0.0,0.0,0.0
38.0,0,pa_2,E0,20.0,4,0.0,0,0.0,0.0,0,0,4,3,0.0,0,0,0.0,23,0.0,0.0,0.0
38.0,0,pa_2_rev,NEG_E0,20.0,4,0.0,0,0.0,0.0,0,0,4,3,0.0,0,0,0.0,23,0.0,0.0,0.0
38.0,0,pa_3,E1,20.0,4,0.0,0,0.0,0.0,0,0,4,3,0.0,0,0,0.0,23,0.0,0.0,0.0
38.0,0,pa_3_rev,NEG_E1,20.0,4,0.0,0,0.0,0.0,0,0,4,3,0.0,0,0,0.0,23,0.0,0.0,0.0
38.0,0,pa_6,E5,25.0,5,0.0,0,0.0,0.0,0,0,5,3,0.0,0,0,0.0,23,0.0,0.0,0.0
38.0,0,pa_6_rev,NEG_E5,25.0,5,0.0,0,0.0,0.0,0,0,5,3,0.0,0,0,0.0,23,0.0,0.0,0.0
38.0,0,pa_7,E6,20.0,4,0.0,0,0.0,0.0,0,0,4,2,0.0,0,0,0.0,23,0.0,0.0,0.0
38.0,0,pa_7_rev,NEG_E6,20.0,4,0.0,0,0.0,0.0,0,0,4,2,0.0,0,0,0.0,23,0.0,0.0,0.0
38.0,0,pa_8,E7,25.0,5,0.0,0,0.0,0.0,0,0,5,3,0.0,0,0,0.0,23,0.0,0.0,0.0
38.0,0,pa_8_rev,NEG_E7,25.0,5,0.0,0,0.0,0.0,0,0,5,3,0.0,0,0,0.0,23,0.0,0.0,0.0
39.0,0,pa_2,E0,20.0,4,0.0,0,0.0,0.0,0,0,4,3,0.0,0,0,0.0,23,0.0,0.0,0.0
39.0,0,pa_2_rev,NEG_E0,20.0,4,0.0,0,0.0,0.0,0,0,4,3,0.0,0,0,0.0,23,0.0,0.0,0.0
39.0,0,pa_3,E1,20.0,4,0.0,0,0.0,0.0,0,0,4,3,0.0,0,0,0.0,23,0.0,0.0,0.0
39.0,0,pa_3_rev,NEG_E1,20.0,4,0.0,0,0.0,0.0,0,0,4,3,0.0,0,0,0.0,23,0.0,0.0,0.0
39.0,0,pa_6,E5,25.0,5,0.0,0,0.0,0.0,0,0,5,3,0.0,0,0,0.0,23,0.0,0.0,0.0
39.0,0,pa_6_rev,NEG_E5,25.0,5,0.0,0,0.0,0.0,0,0,5,3,0.0,0,0,0.0,23,0.0,0.0,0.0
39.0,0,pa_7,E6,20.0,4,0.0,0,0.0,0.0,0,0,4,2,0.0,0,0,0.0,23,0.0,0.0,0.0
39.0,0,pa_7_rev,NEG_E6,20.0,4,0.0,0,0.0,0.0,0,0,4,2,0.0,0,0,0.0,23,0.0,0.0,0.0
39.0,0,pa_8,E7,25.0,5,0.0,0,0.0,0.0,0,0,5,3,0.0,0,0,0.0,23,0.0,0.0,0.0
39.0,0,pa_8_rev,NEG_E7,25.0,5,0.0,0,0.0,0.0,0,0,5,3,0.0,0,0,0.0,23,0.0,0.0,0.0
40.0,0,pa_2,E0,20.0,4,0.0,0,0.0,0.0,0,0,4,3,0.0,0,0,0.0,23,0.0,0.0,0.0
40.0,0,pa_2_rev,NEG_E0,20.0,4,0.0,0,0.0,0.0,0,0,4,3,0.0,0,0,0.0,23,0.0,0.0,0.0
40.0,0,pa_3,E1,20.0,4,0.0,0,0.0,0.0,0,0,4,3,0.0,0,0,0.0,23,0.0,0.0,0.0
40.0,0,pa_3_rev,NEG_E1,20.0,4,0.0,0,0.0,0.0,0,0,4,3,0.0,0,0,0.0,23,0.0,0.0,0.0
40.0,0,pa_6,E5,25.0,5,0.0,0,0.0,0.0,0,0,5,3,0.0,0,0,0.0,23,0.0,0.0,0.0
40.0,0,pa_6_rev,NEG_E5,25.0,5,0.0,0,0.0,0.0,0,0,5,3,0.0,0,0,0.0,23,0.0,0.0,0.0
40.0,0,pa_7,E6,20.0,4,0.0,0,0.0,0.0,0,0,4,2,0.0,0,0,0.0,23,0.0,0.0,0.0
40.0,0,pa_7_rev,NEG_E6,20.0,4,0.0,0,0.0,0.0,0,0,4,2,0.0,0,0,0.0,23,0.0,0.0,0.0
40.0,0,pa_8,E7,25.0,5,0.0,0,0.0,0.0,0,0,5,3,0.0,0,0,0.0,23,0.0,0.0,0.0
40.0,0,pa_8_rev,NEG_E7,25.0,5,0.0,0,0.0,0.0,0,0,5,3,0.0,0,0,0.0,23,0.0,0.0,0.0
41.0,0,pa_2,E0,20.0,4,0.0,0,0.0,0.0,0,0,4,3,0.0,0,0,0.0,23,0.0,0.0,0.0
41.0,0,pa_2_rev,NEG_E0,20.0,4,0.0,0,0.0,0.0,0,0,4,3,0.0,0,0,0.0,23,0.0,0.0,0.0
41.0,0,pa_3,E1,20.0,4,0.0,0,0.0,0.0,0,0,4,3,0.0,0,0,0.0,23,0.0,0.0,0.0
41.0,0,pa_3_rev,NEG_E1,20.0,4,0.0,0,0.0,0.0,0,0,4,3,0.0,0,0,0.0,23,0.0,0.0,0.0
41.0,0,pa_6,E5,25.0,5,0.0,0,0.0,0.0,0,0,5,3,0.0,0,0,0.0,23,0.0,0.0,0.0
41.0,0,pa_6_rev,NEG_E5,25.0,5,0.0,0,0.0,0.0,0,0,5,3,0.0,0,0,0.0,23,0.0,0.0,0.0
41.0,0,pa_7,E6,20.0,4,0.0,0,0.0,0.0,0,0,4,2,0.0,0,0,0.0,23,0.0,0.0,0.0
41.0,0,pa_7_rev,NEG_E6,20.0,4,0.0,0,0.0,0.0,0,0,4,2,0.0,0,0,0.0,23,0.0,0.0,0.0
41.0,0,pa_8,E7,25.0,5,0.0,0,0.0,0.0,0,0,5,3,0.0,0,0,0.0,23,0.0,0.0,0.0
41.0,0,pa_8_rev,NEG_E7,25.0,5,0.0,0,0.0,0.0,0,0,5,3,0.0,0,0,0.0,23,0.0,0.0,0.0
42.0,0,pa_2,E0,20.0,4,0.0,0,0.0,0.0,0,0,4,3,0.0,0,0,0.0,23,0.0,0.0,0.0
42.0,0,pa_2_rev,NEG_E0,20.0,4,0.0,0,0.0,0.0,0,0,4,3,0.0,0,0,0.0,23,0.0,0.0,0.0
42.0,0,pa_3,E1,20.0,4,0.0,0,0.0,0.0,0,0,4,3,0.0,0,0,0.0,23,0.0,0.0,0.0
42.0,0,pa_3_rev,NEG_E1,20.0,4,0.0,0,0.0,0.0,0,0,4,3,0.0,0,0,0.0,23,0.0,0.0,0.0
42.0,0,pa_6,E5,25.0,5,0.0,0,0.0,0.0,0,0,5,3,0.0,0,0,0.0,23,0.0,0.0,0.0
42.0,0,pa_6_rev,NEG_E5,25.0,5,0.0,0,0.0,0.0,0,0,5,3,0.0,0,0,0.0,23,0.0,0.0,0.0
42.0,0,pa_7,E6,20.0,4,0.0,0,0.0,0.0,0,0,4,2,0.0,0,0,0.0,23,0.0,0.0,0.0
42.0,0,pa_7_rev,NEG_E6,20.0,4,0.0,0,0.0,0.0,0,0,4,2,0.0,0,0,0.0,23,0.0,0.0,0.0
42.0,0,pa_8,E7,25.0,5,0.0,0,0.0,0.0,0,0,5,3,0.0,0,0,0.0,23,0.0,0.0,0.0
42.0,0,pa_8_rev,NEG_E7,25.0,5,0.0,0,0.0,0.0,0,0,5,3,0.0,0,0,0.0,23,0.0,0.0,0.0
43.0,0,pa_2,E0,20.0,4,0.0,0,0.0,0.0,0,0,4,3,0.0,0,0,0.0,23,0.0,0.0,0.0
43.0,0,pa_2_rev,NEG_E0,20.0,4,0.0,0,0.0,0.0,0,0,4,3,0.0,0,0,0.0,23,0.0,0.0,0.0
43.0,0,pa_3,E1,20.0,4,0.0,0,0.0,0.0,0,0,4,3,0.0,0,0,0.0,23,0.0,0.0,0.0
43.0,0,pa_3_rev,NEG_E1,20.0,4,0.0,0,0.0,0.0,0,0,4,3,0.0,0,0,0.0,23,0.0,0.0,0.0
43.0,0,pa_6,E5,25.0,5,0.0,0,0.0,0.0,0,0,5,3,0.0,0,0,0.0,23,0.0,0.0,0.0
43.0,0,pa_6_rev,NEG_E5,25.0,5,0.0,0,0.0,0.0,0,0,5,3,0.0,0,0,0.0,23,0.0,0.0,0.0
43.0,0,pa_7,E6,20.0,4,0.0,0,0.0,0.0,0,0,4,2,0.0,0,0,0.0,23,0.0,0.0,0.0
43.0,0,pa_7_rev,NEG_E6,20.0,4,0.0,0,0.0,0.0,0,0,4,2,0.0,0,0,0.0,23,0.0,0.0,0.0
43.0,0,pa_8,E7,25.0,5,0.0,0,0.0,0.0,0,0,5,3,0.0,0,0,0.0,23,0.0,0.0,0.0
43.0,0,pa_8_rev,NEG_E7,25.0,5,0.0,0,0.0,0.0,0,0,5,3,0.0,0,0,0.0,23,0.0,0.0,0.0
44.0,0,pa_2,E0,20.0,4,0.0,0,0.0,0.0,0,0,4,3,0.0,0,0,0.0,23,0.0,0.0,0.0
44.0,0,pa_2_rev,NEG_E0,20.0,4,0.0,0,0.0,0.0,0,0,4,3,0.0,0,0,0.0,23,0.0,0.0,0.0
44.0,0,pa_3,E1,20.0,4,0.0,0,0.0,0.0,0,0,4,3,0.0,0,0,0.0,23,0.0,0.0,0.0
44.0,0,pa_3_rev,NEG_E1,20.0,4,0.0,0,0.0,0.0,0,0,4,3,0.0,0,0,0.0,23,0.0,0.0,0.0
44.0,0,pa_6,E5,25.0,5,0.0,0,0.0,0.0,0,0,5,3,0.0,0,0,0.0,23,0.0,0.0,0.0
44.0,0,pa_6_rev,NEG_E5,25.0,5,0.0,0,0.0,0.0,0,0,5,3,0.0,0,0,0.0,23,0.0,0.0,0.0
44.0,0,pa_7,E6,20.0,4,0.0,0,0.0,0.0,0,0,4,2,0.0,0,0,0.0,23,0.0,0.0,0.0
44.0,0,pa_7_rev,NEG_E6,20.0,4,0.0,0,0.0,0.0,0,0,4,2,0.0,0,0,0.0,23,0.0,0.0,0.0
44.0,0,pa_8,E7,25.0,5,0.0,0,0.0,0.0,0,0,5,3,0.0,0,0,0.0,23,0.0,0.0,0.0
44.0,0,pa_8_rev,NEG_E7,25.0,5,0.0,0,0.0,0.0,0,0,5,3,0.0,0,0,0.0,23,0.0,0.0,0.0
45.0,0,pa_2,E0,20.0,4,0.0,0,0.0,0.0,0,0,4,3,0.0,0,0,0.0,23,0.0,0.0,0.0
45.0,0,pa_2_rev,NEG_E0,20.0,4,0.0,0,0.0,0.0,0,0,4,3,0.0,0,0,0.0,23,0.0,0.0,0.0
45.0,0,pa_3,E1,20.0,4,0.0,0,0.0,0.0,0,0,4,3,0.0,0,0,0.0,23,0.0,0.0,0.0
45.0,0,pa_3_rev,NEG_E1,20.0,4,0.0,0,0.0,0.0,0,0,4,3,0.0,0,0,0.0,23,0.0,0.0,0.0
45.0,0,pa_6,E5,25.0,5,0.0,0,0.0,0.0,0,0,5,3,0.0,0,0,0.0,23,0.0,0.0,0.0
45.0,0,pa_6_rev,NEG_E5,25.0,5,0.0,0,0.0,0.0,0,0,5,3,0.0,0,0,0.0,23,0.0,0.0,0.0
45.0,0,pa_7,E6,20.0,4,0.0,0,0.0,0.0,0,0,4,2,0.0,0,0,0.0,23,0.0,0.0,0.0
45.0,0,pa_7_rev,NEG_E6,20.0,4,0.0,0,0.0,0.0,0,0,4,2,0.0,0,0,0.0,23,0.0,0.0,0.0
45.0,0,pa_8,E7,25.0,5,0.0,0,0.0,0.0,0,0,5,3,0.0,0,0,0.0,23,0.0,0.0,0.0
45.0,0,pa_8_rev,NEG_E7,25.0,5,0.0,0,0.0,0.0,0,0,5,3,0.0,0,0,0.0,23,0.0,0.0,0.0
46.0,0,pa_2,E0,20.0,4,0.0,0,0.0,0.0,0,0,4,3,0.0,0,0,0.0,24,0.0,0.0,0.0
46.0,0,pa_2_rev,NEG_E0,20.0,4,0.0,0,0.0,0.0,0,0,4,3,0.0,0,0,0.0,24,0.0,0.0,0.0
46.0,0,pa_3,E1,20.0,4,0.0,0,0.0,0.0,0,0,4,3,0.0,0,0,0.0,24,0.0,0.0,0.0
46.0,0,pa_3_rev,NEG_E1,20.0,4,0.0,0,0.0,0.0,0,0,4,3,0.0,0,0,0.0,24,0.0,0.0,0.0
46.0,0,pa_6,E5,25.0,5,0.0,0,0.0,0.0,0,0,5,3,0.0,0,0,0.0,24,0.0,0.0,0.0
46.0,0,pa_6_rev,NEG_E5,25.0,5,0.0,0,0.0,0.0,0,0,5,3,0.0,0,0,0.0,24,0.0,0.0,0.0
46.0,0,pa_7,E6,20.0,4,0.0,0,0.0,0.0,0,0,4,2,0.0,0,0,0.0,24,0.0,0.0,0.0
46.0,0,pa_7_rev,NEG_E6,20.0,4,0.0,0,0.0,0.0,0,0,4,2,0.0,0,0,0.0,24,0.0,0.0,0.0
46.0,0,pa_8,E7,25.0,5,0.0,0,0.0,0.0,0,0,5,3,0.0,0,0,0.0,24,0.0,0.0,0.0
46.0,0,pa_8_rev,NEG_E7,25.0,5,0.0,0,0.0,0.0,0,0,5,3,0.0,0,0,0.0,24,0.0,0.0,0.0
47.0,0,pa_2,E0,20.0,4,0.0,0,0.0,0.0,0,0,4,3,0.0,0,0,0.0,24,0.0,0.0,0.0
47.0,0,pa_2_rev,NEG_E0,20.0,4,0.0,0,0.0,0.0,0,0,4,3,0.0,0,0,0.0,24,0.0,0.0,0.0
47.0,0,pa_3,E1,20.0,4,0.0,0,0.0,0.0,0,0,4,3,0.0,0,0,0.0,24,0.0,0.0,0.0
47.0,0,pa_3_rev,NEG_E1,20.0,4,0.0,0,0.0,0.0,0,0,4,3,0.0,0,0,0.0,24,0.0,0.0,0.0
47.0,0,pa_6,E5,25.0,5,0.0,0,0.0,0.0,0,0,5,3,0.0,0,0,0.0,24,0.0,0.0,0.0
47.0,0,pa_6_rev,NEG_E5,25.0,5,0.0,0,0.0,0.0,0,0,5,3,0.0,0,0,0.0,24,0.0,0.0,0.0
47.0,0,pa_7,E6,20.0,4,0.0,0,0.0,0.0,0,0,4,2,0.0,0,0,0.0,24,0.0,0.0,0.0
47.0,0,pa_7_rev,NEG_E6,20.0,4,0.0,0,0.0,0.0,0,0,4,2,0.0,0,0,0.0,24,0.0,0.0,0.0
47.0,0,pa_8,E7,25.0,5,0.0,0,0.0,0.0,0,0,5,3,0.0,0,0,0.0,24,0.0,0.0,0.0
47.0,0,pa_8_rev,NEG_E7,25.0,5,0.0,0,0.0,0.0,0,0,5,3,0.0,0,0,0.0,24,0.0,0.0,0.0
48.0,0,pa_2,E0,20.0,4,0.0,0,0.0,0.0,0,0,4,3,0.0,0,0,0.0,24,0.0,0.0,0.0
48.0,0,pa_2_rev,NEG_E0,20.0,4,0.0,0,0.0,0.0,0,0,4,3,0.0,0,0,0.0,24,0.0,0.0,0.0
48.0,0,pa_3,E1,20.0,4,0.0,0,0.0,0.0,0,0,4,3,0.0,0,0,0.0,24,0.0,0.0,0.0
48.0,0,pa_3_rev,NEG_E1,20.0,4,0.0,0,0.0,0.0,0,0,4,3,0.0,0,0,0.0,24,0.0,0.0,0.0
48.0,0,pa_6,E5,25.0,5,0.0,0,0.0,0.0,0,0,5,3,0.0,0,0,0.0,24,0.0,0.0,0.0
48.0,0,pa_6_rev,NEG_E5,25.0,5,0.0,0,0.0,0.0,0,0,5,3,0.0,0,0,0.0,24,0.0,0.0,0.0
48.0,0,pa_7,E6,20.0,4,0.0,0,0.0,0.0,0,0,4,2,0.0,0,0,0.0,24,0.0,0.0,0.0
48.0,0,pa_7_rev,NEG_E6,20.0,4,0.0,0,0.0,0.0,0,0,4,2,0.0,0,0,0.0,24,0.0,0.0,0.0
48.0,0,pa_8,E7,25.0,5,0.0,0,0.0,0.0,0,0,5,3,0.0,0,0,0.0,24,0.0,0.0,0.0
48.0,0,pa_8_rev,NEG_E7,25.0,5,0.0,0,0.0,0.0,0,0,5,3,0.0,0,0,0.0,24,0.0,0.0,0.0
49.0,0,pa_2,E0,20.0,4,0.0,0,0.0,0.0,0,0,4,3,0.0,0,0,0.0,24,0.0,0.0,0.0
49.0,0,pa_2_rev,NEG_E0,20.0,4,0.0,0,0.0,0.0,0,0,4,3,0.0,0,0,0.0,24,0.0,0.0,0.0
49.0,0,pa_3,E1,20.0,4,0.0,0,0.0,0.0,0,0,4,3,0.0,0,0,0.0,24,0.0,0.0,0.0
49.0,0,pa_3_rev,NEG_E1,20.0,4,0.0,0,0.0,0.0,0,0,4,3,0.0,0,0,0.0,24,0.0,0.0,0.0
49.0,0,pa_6,E5,25.0,5,0.0,0,0.0,0.0,0,0,5,3,0.0,0,0,0.0,24,0.0,0.0,0.0
49.0,0,pa_6_rev,NEG_E5,25.0,5,0.0,0,0.0,0.0,0,0,5,3,0.0,0,0,0.0,24,0.0,0.0,0.0
49.0,0,pa_7,E6,20.0,4,0.0,0,0.0,0.0,0,0,4,2,0.0,0,0,0.0,24,0.0,0.0,0.0
49.0,0,pa_7_rev,NEG_E6,20.0,4,0.0,0,0.0,0.0,0,0,4,2,0.0,0,0,0.0,24,0.0,0.0,0.0
49.0,0,pa_8,E7,25.0,5,0.0,0,0.0,0.0,0,0,5,3,0.0,0,0,0.0,24,0.0,0.0,0.0
49.0,0,pa_8_rev,NEG_E7,25.0,5,0.0,0,0.0,0.0,0,0,5,3,0.0,0,0,0.0,24,0.0,0.0,0.0
50.0,0,pa_2,E0,20.0,4,0.0,0,0.0,0.0,0,0,4,3,0.0,0,0,0.0,24,0.0,0.0,0.0
50.0,0,pa_2_rev,NEG_E0,20.0,4,0.0,0,0.0,0.0,0,0,4,3,0.0,0,0,0.0,24,0.0,0.0,0.0
50.0,0,pa_3,E1,20.0,4,0.0,0,0.0,0.0,0,0,4,3,0.0,0,0,0.0,24,0.0,0.0,0.0
50.0,0,pa_3_rev,NEG_E1,20.0,4,0.0,0,0.0,0.0,0,0,4,3,0.0,0,0,0.0,24,0.0,0.0,0.0
50.0,0,pa_6,E5,25.0,5,0.0,0,0.0,0.0,0,0,5,3,0.0,0,0,0.0,24,0.0,0.0,0.0
50.0,0,pa_6_rev,NEG_E5,25.0,5,0.0,0,0.0,0.0,0,0,5,3,0.0,0,0,0.0,24,0.0,0.0,0.0
50.0,0,pa_7,E6,20.0,4,0.0,0,0.0,0.0,0,0,4,2,0.0,0,0,0.0,24,0.0,0.0,0.0
50.0,0,pa_7_rev,NEG_E6,20.0,4,0.0,0,0.0,0.0,0,0,4,2,0.0,0,0,0.0,24,0.0,0.0,0.0
50.0,0,pa_8,E7,25.0,5,0.0,0,0.0,0.0,0,0,5,3,0.0,0,0,0.0,24,0.0,0.0,0.0
50.0,0,pa_8_rev,NEG_E7,25.0,5,0.0,0,0.0,0.0,0,0,5,3,0.0,0,0,0.0,24,0.0,0.0,0.0
51.0,0,pa_2,E0,20.0,4,0.0,0,0.0,0.0,0,0,4,3,0.0,0,0,0.0,24,0.0,0.0,0.0
51.0,0,pa_2_rev,NEG_E0,20.0,4,0.0,0,0.0,0.0,0,0,4,3,0.0,0,0,0.0,24,0.0,0.0,0.0
51.0,0,pa_3,E1,20.0,4,0.0,0,0.0,0.0,0,0,4,3,0.0,0,0,0.0,24,0.0,0.0,0.0
51.0,0,pa_3_rev,NEG_E1,20.0,4,0.0,0,0.0,0.0,0,0,4,3,0.0,0,0,0.0,24,0.0,0.0,0.0
51.0,0,pa_6,E5,25.0,5,0.0,0,0.0,0.0,0,0,5,3,0.0,0,0,0.0,24,0.0,0.0,0.0
51.0,0,pa_6_rev,NEG_E5,25.0,5,0.0,0,0.0,0.0,0,0,5,3,0.0,0,0,0.0,24,0.0,0.0,0.0
51.0,0,pa_7,E6,20.0,4,0.0,0,0.0,0.0,0,0,4,2,0.0,0,0,0.0,24,0.0,0.0,0.0
51.0,0,pa_7_rev,NEG_E6,20.0,4,0.0,0,0.0,0.0,0,0,4,2,0.0,0,0,0.0,24,0.0,0.0,0.0
51.0,0,pa_8,E7,25.0,5,0.0,0,0.0,0.0,0,0,5,3,0.0,0,0,0.0,24,0.0,0.0,0.0
51.0,0,pa_8_rev,NEG_E7,25.0,5,0.0,0,0.0,0.0,0,0,5,3,0.0,0,0,0.0,24,0.0,0.0,0.0
52.0,0,pa_2,E0,20.0,4,0.0,0,0.0,0.0,0,0,4,3,0.0,0,0,0.0,24,0.0,0.0,0.0
52.0,0,pa_2_rev,NEG_E0,20.0,4,0.0,0,0.0,0.0,0,0,4,3,0.0,0,0,0.0,24,0.0,0.0,0.0
52.0,0,pa_3,E1,20.0,4,0.0,0,0.0,0.0,0,0,4,3,0.0,0,0,0.0,24,0.0,0.0,0.0
52.0,0,pa_3_rev,NEG_E1,20.0,4,0.0,0,0.0,0.0,0,0,4,3,0.0,0,0,0.0,24,0.0,0.0,0.0
52.0,0,pa_6,E5,25.0,5,0.0,0,0.0,0.0,0,0,5,3,0.0,0,0,0.0,24,0.0,0.0,0.0
52.0,0,pa_6_rev,NEG_E5,25.0,5,0.0,0,0.0,0.0,0,0,5,3,0.0,0,0,0.0,24,0.0,0.0,0.0
52.0,0,pa_7,E6,20.0,4,0.0,0,0.0,0.0,0,0,4,2,0.0,0,0,0.0,24,0.0,0.0,0.0
52.0,0,pa_7_rev,NEG_E6,20.0,4,0.0,0,0.0,0.0,0,0,4,2,0.0,0,0,0.0,24,0.0,0.0,0.0
52.0,0,pa_8,E7,25.0,5,0.0,0,0.0,0.0,0,0,5,3,0.0,0,0,0.0,24,0.0,0.0,0.0
52.0,0,pa_8_rev,NEG_E7,25.0,5,0.0,0,0.0,0.0,0,0,5,3,0.0,0,0,0.0,24,0.0,0.0,0.0
53.0,0,pa_2,E0,20.0,4,0.0,0,0.0,0.0,0,0,4,3,0.0,0,0,0.0,24,0.0,0.0,0.0
53.0,0,pa_2_rev,NEG_E0,20.0,4,0.0,0,0.0,0.0,0,0,4,3,0.0,0,0,0.0,24,0.0,0.0,0.0
53.0,0,pa_3,E1,20.0,4,0.0,0,0.0,0.0,0,0,4,3,0.0,0,0,0.0,24,0.0,0.0,0.0
53.0,0,pa_3_rev,NEG_E1,20.0,4,0.0,0,0.0,0.0,0,0,4,3,0.0,0,0,0.0,24,0.0,0.0,0.0
53.0,0,pa_6,E5,25.0,5,0.0,0,0.0,0.0,0,0,5,3,0.0,0,0,0.0,24,0.0,0.0,0.0
53.0,0,pa_6_rev,NEG_E5,25.0,5,0.0,0,0.0,0.0,0,0,5,3,0.0,0,0,0.0,24,0.0,0.0,0.0
53.0,0,pa_7,E6,20.0,4,0.0,0,0.0,0.0,0,0,4,2,0.0,0,0,0.0,24,0.0,0.0,0.0
53.0,0,pa_7_rev,NEG_E6,20.0,4,0.0,0,0.0,0.0,0,0,4,2,0.0,0,0,0.0,24,0.0,0.0,0.0
53.0,0,pa_8,E7,25.0,5,0.0,0,0.0,0.0,0,0,5,3,0.0,0,0,0.0,24,0.0,0.0,0.0
53.0,0,pa_8_rev,NEG_E7,25.0,5,0.0,0,0.0,0.0,0,0,5,3,0.0,0,0,0.0,24,0.0,0.0,0.0
54.0,0,pa_2,E0,20.0,4,0.0,0,0.0,0.0,0,0,4,3,0.0,0,0,0.0,24,0.0,0.0,0.0
54.0,0,pa_2_rev,NEG_E0,20.0,4,0.0,0,0.0,0.0,0,0,4,3,0.0,0,0,0.0,24,0.0,0.0,0.0
54.0,0,pa_3,E1,20.0,4,0.0,0,0.0,0.0,0,0,4,3,0.0,0,0,0.0,24,0.0,0.0,0.0
54.0,0,pa_3_rev,NEG_E1,20.0,4,0.0,0,0.0,0.0,0,0,4,3,0.0,0,0,0.0,24,0.0,0.0,0.0
54.0,0,pa_6,E5,25.0,5,0.0,0,0.0,0.0,0,0,5,3,0.0,0,0,0.0,24,0.0,0.0,0.0
54.0,0,pa_6_rev,NEG_E5,25.0,5,0.0,0,0.0,0.0,0,0,5,3,0.0,0,0,0.0,24,0.0,0.0,0.0
54.0,0,pa_7,E6,20.0,4,0.0,0,0.0,0.0,0,0,4,2,0.0,0,0,0.0,24,0.0,0.0,0.0
54.0,0,pa_7_rev,NEG_E6,20.0,4,0.0,0,0.0,0.0,0,0,4,2,0.0,0,0,0.0,24,0.0,0.0,0.0
54.0,0,pa_8,E7,25.0,5,0.0,0,0.0,0.0,0,0,5,3,0.0,0,0,0.0,24,0.0,0.0,0.0
54.0,0,pa_8_rev,NEG_E7,25.0,5,0.0,0,0.0,0.0,0,0,5,3,0.0,0,0,0.0,24,0.0,0.0,0.0
55.0,0,pa_2,E0,20.0,4,0.0,0,0.0,0.0,0,0,4,3,0.0,0,0,0.0,24,0.0,0.0,0.0
55.0,0,pa_2_rev,NEG_E0,20.0,4,0.0,0,0.0,0.0,0,0,4,3,0.0,0,0,0.0,24,0.0,0.0,0.0
55.0,0,pa_3,E1,20.0,4,0.0,0,0.0,0.0,0,0,4,3,0.0,0,0,0.0,24,0.0,0.0,0.0
55.0,0,pa_3_rev,NEG_E1,20.0,4,0.0,0,0.0,0.0,0,0,4,3,0.0,0,0,0.0,24,0.0,0.0,0.0
55.0,0,pa_6,E5,25.0,5,0.0,0,0.0,0.0,0,0,5,3,0.0,0,0,0.0,24,0.0,0.0,0.0
55.0,0,pa_6_rev,NEG_E5,25.0,5,0.0,0,0.0,0.0,0,0,5,3,0.0,0,0,0.0,24,0.0,0.0,0.0
55.0,0,pa_7,E6,20.0,4,0.0,0,0.0,0.0,0,0,4,2,0.0,0,0,0.0,24,0.0,0.0,0.0
55.0,0,pa_7_rev,NEG_E6,20.0,4,0.0,0,0.0,0.0,0,0,4,2,0.0,0,0,0.0,24,0.0,0.0,0.0
55.0,0,pa_8,E7,25.0,5,0.0,0,0.0,0.0,0,0,5,3,0.0,0,0,0.0,24,0.0,0.0,0.0
55.0,0,pa_8_rev,NEG_E7,25.0,5,0.0,0,0.0,0.0,0,0,5,3,0.0,0,0,0.0,24,0.0,0.0,0.0
56.0,0,pa_2,E0,20.0,4,0.0,0,0.0,0.0,0,0,4,3,0.0,0,0,0.0,24,0.0,0.0,0.0
56.0,0,pa_2_rev,NEG_E0,20.0,4,0.0,0,0.0,0.0,0,0,4,3,0.0,0,0,0.0,24,0.0,0.0,0.0
56.0,0,pa_3,E1,20.0,4,0.0,0,0.0,0.0,0,0,4,3,0.0,0,0,0.0,24,0.0,0.0,0.0
56.0,0,pa_3_rev,NEG_E1,20.0,4,0.0,0,0.0,0.0,0,0,4,3,0.0,0,0,0.0,24,0.0,0.0,0.0
56.0,0,pa_6,E5,25.0,5,0.0,0,0.0,0.0,0,0,5,3,0.0,0,0,0.0,24,0.0,0.0,0.0
56.0,0,pa_6_rev,NEG_E5,25.0,5,0.0,0,0.0,0.0,0,0,5,3,0.0,0,0,0.0,24,0.0,0.0,0.0
56.0,0,pa_7,E6,20.0,4,0.0,0,0.0,0.0,0,0,4,2,0.0,0,0,0.0,24,0.0,0.0,0.0
56.0,0,pa_7_rev,NEG_E6,20.0,4,0.0,0,0.0,0.0,0,0,4,2,0.0,0,0,0.0,24,0.0,0.0,0.0
56.0,0,pa_8,E7,25.0,5,0.0,0,0.0,0.0,0,0,5,3,0.0,0,0,0.0,24,0.0,0.0,0.0
56.0,0,pa_8_rev,NEG_E7,25.0,5,0.0,0,0.0,0.0,0,0,5,3,0.0,0,0,0.0,24,0.0,0.0,0.0
57.0,0,pa_2,E0,20.0,4,0.0,0,0.0,0.0,0,0,4,3,0.0,0,0,0.0,24,0.0,0.0,0.0
57.0,0,pa_2_rev,NEG_E0,20.0,4,0.0,0,0.0,0.0,0,0,4,3,0.0,0,0,0.0,24,0.0,0.0,0.0
57.0,0,pa_3,E1,20.0,4,0.0,0,0.0,0.0,0,0,4,3,0.0,0,0,0.0,24,0.0,0.0,0.0
57.0,0,pa_3_rev,NEG_E1,20.0,4,0.0,0,0.0,0.0,0,0,4,3,0.0,0,0,0.0,24,0.0,0.0,0.0
57.0,0,pa_6,E5,25.0,5,0.0,0,0.0,0.0,0,0,5,3,0.0,0,0,0.0,24,0.0,0.0,0.0
57.0,0,pa_6_rev,NEG_E5,25.0,5,0.0,0,0.0,0.0,0,0,5,3,0.0,0,0,0.0,24,0.0,0.0,0.0
57.0,0,pa_7,E6,20.0,4,0.0,0,0.0,0.0,0,0,4,2,0.0,0,0,0.0,24,0.0,0.0,0.0
57.0,0,pa_7_rev,NEG_E6,20.0,4,0.0,0,0.0,0.0,0,0,4,2,0.0,0,0,0.0,24,0.0,0.0,0.0
57.0,0,pa_8,E7,25.0,5,0.0,0,0.0,0.0,0,0,5,3,0.0,0,0,0.0,24,0.0,0.0,0.0
57.0,0,pa_8_rev,NEG_E7,25.0,5,0.0,0,0.0,0.0,0,0,5,3,0.0,0,0,0.0,24,0.0,0.0,0.0
58.0,0,pa_2,E0,20.0,4,0.0,0,0.0,0.0,0,0,4,3,0.0,0,0,0.0,24,0.0,0.0,0.0
58.0,0,pa_2_rev,NEG_E0,20.0,4,0.0,0,0.0,0.0,0,0,4,3,0.0,0,0,0.0,24,0.0,0.0,0.0
58.0,0,pa_3,E1,20.0,4,0.0,0,0.0,0.0,0,0,4,3,0.0,0,0,0.0,24,0.0,0.0,0.0
58.0,0,pa_3_rev,NEG_E1,20.0,4,0.0,0,0.0,0.0,0,0,4,3,0.0,0,0,0.0,24,0.0,0.0,0.0
58.0,0,pa_6,E5,25.0,5,0.0,0,0.0,0.0,0,0,5,3,0.0,0,0,0.0,24,0.0,0.0,0.0
58.0,0,pa_6_rev,NEG_E5,25.0,5,0.0,0,0.0,0.0,0,0,5,3,0.0,0,0,0.0,24,0.0,0.0,0.0
58.0,0,pa_7,E6,20.0,4,0.0,0,0.0,0.0,0,0,4,2,0.0,0,0,0.0,24,0.0,0.0,0.0
58.0,0,pa_7_rev,NEG_E6,20.0,4,0.0,0,0.0,0.0,0,0,4,2,0.0,0,0,0.0,24,0.0,0.0,0.0
58.0,0,pa_8,E7,25.0,5,0.0,0,0.0,0.0,0,0,5,3,0.0,0,0,0.0,24,0.0,0.0,0.0
58.0,0,pa_8_rev,NEG_E7,25.0,5,0.0,0,0.0,0.0,0,0,5,3,0.0,0,0,0.0,24,0.0,0.0,0.0
59.0,0,pa_2,E0,20.0,4,0.0,0,0.0,0.0,0,0,4,3,0.0,0,0,0.0,24,0.0,0.0,0.0
59.0,0,pa_2_rev,NEG_E0,20.0,4,0.0,0,0.0,0.0,0,0,4,3,0.0,0,0,0.0,24,0.0,0.0,0.0
59.0,0,pa_3,E1,20.0,4,0.0,0,0.0,0.0,0,0,4,3,0.0,0,0,0.0,24,0.0,0.0,0.0
59.0,0,pa_3_rev,NEG_E1,20.0,4,0.0,0,0.0,0.0,0,0,4,3,0.0,0,0,0.0,24,0.0,0.0,0.0
59.0,0,pa_6,E5,25.0,5,0.0,0,0.0,0.0,0,0,5,3,0.0,0,0,0.0,24,0.0,0.0,0.0
59.0,0,pa_6_rev,NEG_E5,25.0,5,0.0,0,0.0,0.0,0,0,5,3,0.0,0,0,0.0,24,0.0,0.0,0.0
59.0,0,pa_7,E6,20.0,4,0.0,0,0.0,0.0,0,0,4,2,0.0,0,0,0.0,24,0.0,0.0,0.0
59.0,0,pa_7_rev,NEG_E6,20.0,4,0.0,0,0.0,0.0,0,0,4,2,0.0,0,0,0.0,24,0.0,0.0,0.0
59.0,0,pa_8,E7,25.0,5,0.0,0,0.0,0.0,0,0,5,3,0.0,0,0,0.0,24,0.0,0.0,0.0
59.0,0,pa_8_rev,NEG_E7,25.0,5,0.0,0,0.0,0.0,0,0,5,3,0.0,0,0,0.0,24,0.0,0.0,0.0
60.0,1,pa_2,E0,20.0,4,0.0,0,0.0,0.0,0,0,4,3,0.0,0,0,0.0,24,0.0,0.0,0.0
60.0,1,pa_2_rev,NEG_E0,20.0,4,0.0,0,0.0,0.0,0,0,4,3,0.0,0,0,0.0,24,0.0,0.0,0.0
60.0,1,pa_3,E1,20.0,4,0.0,0,0.0,0.0,0,0,4,3,0.0,0,0,0.0,24,0.0,0.0,0.0
60.0,1,pa_3_rev,NEG_E1,20.0,4,0.0,0,0.0,0.0,0,0,4,3,0.0,0,0,0.0,24,0.0,0.0,0.0
60.0,1,pa_6,E5,25.0,5,0.0,0,0.0,0.0,0,0,5,3,0.0,0,0,0.0,24,0.0,0.0,0.0
60.0,1,pa_6_rev,NEG_E5,25.0,5,0.0,0,0.0,0.0,0,0,5,3,0.0,0,0,0.0,24,0.0,0.0,0.0
60.0,1,pa_7,E6,20.0,4,0.0,0,0.0,0.0,0,0,4,2,0.0,0,0,0.0,24,0.0,0.0,0.0
60.0,1,pa_7_rev,NEG_E6,20.0,4,0.0,0,0.0,0.0,0,0,4,2,0.0,0,0,0.0,24,0.0,0.0,0.0
60.0,1,pa_8,E7,25.0,5,0.0,0,0.0,0.0,0,0,5,3,0.0,0,0,0.0,24,0.0,0.0,0.0
60.0,1,pa_8_rev,NEG_E7,25.0,5,0.0,0,0.0,0.0,0,0,5,3,0.0,0,0,0.0,24,0.0,0.0,0.0
61.0,1,pa_2,E0,20.0,4,0.0,0,0.0,0.0,0,0,4,3,0.0,0,0,0.0,25,0.0,0.0,0.0
61.0,1,pa_2_rev,NEG_E0,20.0,4,0.0,0,0.0,0.0,0,0,4,3,0.0,0,0,0.0,25,0.0,0.0,0.0
61.0,1,pa_3,E1,20.0,4,0.0,0,0.0,0.0,0,0,4,3,0.0,0,0,0.0,25,0.0,0.0,0.0
61.0,1,pa_3_rev,NEG_E1,20.0,4,0.0,0,0.0,0.0,0,0,4,3,0.0,0,0,0.0,25,0.0,0.0,0.0
61.0,1,pa_6,E5,25.0,5,0.0,0,0.0,0.0,0,0,5,3,0.0,0,0,0.0,25,0.0,0.0,0.0
61.0,1,pa_6_rev,NEG_E5,25.0,5,0.0,0,0.0,0.0,0,0,5,3,0.0,0,0,0.0,25,0.0,0.0,0.0
61.0,1,pa_7,E6,20.0,4,0.0,0,0.0,0.0,0,0,4,2,0.0,0,0,0.0,25,0.0,0.0,0.0
61.0,1,pa_7_rev,NEG_E6,20.0,4,0.0,0,0.0,0.0,0,0,4,2,0.0,0,0,0.0,25,0.0,0.0,0.0
61.0,1,pa_8,E7,25.0,5,0.0,0,0.0,0.0,0,0,5,3,0.0,0,0,0.0,25,0.0,0.0,0.0
61.0,1,pa_8_rev,NEG_E7,25.0,5,0.0,0,0.0,0.0,0,0,5,3,0.0,0,0,0.0,25,0.0,0.0,0.0
62.0,1,pa_2,E0,20.0,4,0.0,0,0.0,0.0,0,0,4,3,0.0,0,0,0.0,25,0.0,0.0,0.0
62.0,1,pa_2_rev,NEG_E0,20.0,4,0.0,0,0.0,0.0,0,0,4,3,0.0,0,0,0.0,25,0.0,0.0,0.0
62.0,1,pa_3,E1,20.0,4,0.0,0,0.0,0.0,0,0,4,3,0.0,0,0,0.0,25,0.0,0.0,0.0
62.0,1,pa_3_rev,NEG_E1,20.0,4,0.0,0,0.0,0.0,0,0,4,3,0.0,0,0,0.0,25,0.0,0.0,0.0
62.0,1,pa_6,E5,25.0,5,0.0,0,0.0,0.0,0,0,5,3,0.0,0,0,0.0,25,0.0,0.0,0.0
62.0,1,pa_6_rev,NEG_E5,25.0,5,0.0,0,0.0,0.0,0,0,5,3,0.0,0,0,0.0,25,0.0,0.0,0.0
62.0,1,pa_7,E6,20.0,4,0.0,0,0.0,0.0,0,0,4,2,0.0,0,0,0.0,25,0.0,0.0,0.0
62.0,1,pa_7_rev,NEG_E6,20.0,4,0.0,0,0.0,0.0,0,0,4,2,0.0,0,0,0.0,25,0.0,0.0,0.0
62.0,1,pa_8,E7,25.0,5,0.0,0,0.0,0.0,0,0,5,3,0.0,0,0,0.0,25,0.0,0.0,0.0
62.0,1,pa_8_rev,NEG_E7,25.0,5,0.0,0,0.0,0.0,0,0,5,3,0.0,0,0,0.0,25,0.0,0.0,0.0
63.0,1,pa_2,E0,20.0,4,0.0,0,0.0,0.0,0,0,4,3,0.0,0,0,0.0,25,0.0,0.0,0.0
63.0,1,pa_2_rev,NEG_E0,20.0,4,0.0,0,0.0,0.0,0,0,4,3,0.0,0,0,0.0,25,0.0,0.0,0.0
63.0,1,pa_3,E1,20.0,4,0.0,0,0.0,0.0,0,0,4,3,0.0,0,0,0.0,25,0.0,0.0,0.0
63.0,1,pa_3_rev,NEG_E1,20.0,4,0.0,0,0.0,0.0,0,0,4,3,0.0,0,0,0.0,25,0.0,0.0,0.0
63.0,1,pa_6,E5,25.0,5,0.0,0,0.0,0.0,0,0,5,3,0.0,0,0,0.0,25,0.0,0.0,0.0
63.0,1,pa_6_rev,NEG_E5,25.0,5,0.0,0,0.0,0.0,0,0,5,3,0.0,0,0,0.0,25,0.0,0.0,0.0
63.0,1,pa_7,E6,20.0,4,0.0,0,0.0,0.0,0,0,4,2,0.0,0,0,0.0,25,0.0,0.0,0.0
63.0,1,pa_7_rev,NEG_E6,20.0,4,0.0,0,0.0,0.0,0,0,4,2,0.0,0,0,0.0,25,0.0,0.0,0.0
63.0,1,pa_8,E7,25.0,5,0.0,0,0.0,0.0,0,0,5,3,0.0,0,0,0.0,25,0.0,0.0,0.0
63.0,1,pa_8_rev,NEG_E7,25.0,5,0.0,0,0.0,0.0,0,0,5,3,0.0,0,0,0.0,25,0.0,0.0,0.0
64.0,1,pa_2,E0,20.0,4,0.0,0,0.0,0.0,0,0,4,3,0.0,0,0,0.0,25,0.0,0.0,0.0
64.0,1,pa_2_rev,NEG_E0,20.0,4,0.0,0,0.0,0.0,0,0,4,3,0.0,0,0,0.0,25,0.0,0.0,0.0
64.0,1,pa_3,E1,20.0,4,0.0,0,0.0,0.0,0,0,4,3,0.0,0,0,0.0,25,0.0,0.0,0.0
64.0,1,pa_3_rev,NEG_E1,20.0,4,0.0,0,0.0,0.0,0,0,4,3,0.0,0,0,0.0,25,0.0,0.0,0.0
64.0,1,pa_6,E5,25.0,5,0.0,0,0.0,0.0,0,0,5,3,0.0,0,0,0.0,25,0.0,0.0,0.0
64.0,1,pa_6_rev,NEG_E5,25.0,5,0.0,0,0.0,0.0,0,0,5,3,0.0,0,0,0.0,25,0.0,0.0,0.0
64.0,1,pa_7,E6,20.0,4,0.0,0,0.0,0.0,0,0,4,2,0.0,0,0,0.0,25,0.0,0.0,0.0
64.0,1,pa_7_rev,NEG_E6,20.0,4,0.0,0,0.0,0.0,0,0,4,2,0.0,0,0,0.0,25,0.0,0.0,0.0
64.0,1,pa_8,E7,25.0,5,0.0,0,0.0,0.0,0,0,5,3,0.0,0,0,0.0,25,0.0,0.0,0.0
64.0,1,pa_8_rev,NEG_E7,25.0,5,0.0,0,0.0,0.0,0,0,5,3,0.0,0,0,0.0,25,0.0,0.0,0.0
65.0,1,pa_2,E0,20.0,4,0.0,0,0.0,0.0,0,0,4,3,0.0,0,0,0.0,25,0.0,0.0,0.0
65.0,1,pa_2_rev,NEG_E0,20.0,4,0.0,0,0.0,0.0,0,0,4,3,0.0,0,0,0.0,25,0.0,0.0,0.0
65.0,1,pa_3,E1,20.0,4,0.0,0,0.0,0.0,0,0,4,3,0.0,0,0,0.0,25,0.0,0.0,0.0
65.0,1,pa_3_rev,NEG_E1,20.0,4,0.0,0,0.0,0.0,0,0,4,3,0.0,0,0,0.0,25,0.0,0.0,0.0
65.0,1,pa_6,E5,25.0,5,0.0,0,0.0,0.0,0,0,5,3,0.0,0,0,0.0,25,0.0,0.0,0.0
65.0,1,pa_6_rev,NEG_E5,25.0,5,0.0,0,0.0,0.0,0,0,5,3,0.0,0,0,0.0,25,0.0,0.0,0.0
65.0,1,pa_7,E6,20.0,4,0.0,0,0.0,0.0,0,0,4,2,0.0,0,0,0.0,25,0.0,0.0,0.0
65.0,1,pa_7_rev,NEG_E6,20.0,4,0.0,0,0.0,0.0,0,0,4,2,0.0,0,0,0.0,25,0.0,0.0,0.0
65.0,1,pa_8,E7,25.0,5,0.0,0,0.0,0.0,0,0,5,3,0.0,0,0,0.0,25,0.0,0.0,0.0
65.0,1,pa_8_rev,NEG_E7,25.0,5,0.0,0,0.0,0.0,0,0,5,3,0.0,0,0,0.0,25,0.0,0.0,0.0
66.0,1,pa_2,E0,20.0,4,0.0,0,0.0,0.0,0,0,4,3,0.0,0,0,0.0,25,0.0,0.0,0.0
66.0,1,pa_2_rev,NEG_E0,20.0,4,0.0,0,0.0,0.0,0,0,4,3,0.0,0,0,0.0,25,0.0,0.0,0.0
66.0,1,pa_3,E1,20.0,4,0.0,0,0.0,0.0,0,0,4,3,0.0,0,0,0.0,25,0.0,0.0,0.0
66.0,1,pa_3_rev,NEG_E1,20.0,4,0.0,0,0.0,0.0,0,0,4,3,0.0,0,0,0.0,25,0.0,0.0,0.0
66.0,1,pa_6,E5,25.0,5,0.0,0,0.0,0.0,0,0,5,3,0.0,0,0,0.0,25,0.0,0.0,0.0
66.0,1,pa_6_rev,NEG_E5,25.0,5,0.0,0,0.0,0.0,0,0,5,3,0.0,0,0,0.0,25,0.0,0.0,0.0
66.0,1,pa_7,E6,20.0,4,0.0,0,0.0,0.0,0,0,4,2,0.0,0,0,0.0,25,0.0,0.0,0.0
66.0,1,pa_7_rev,NEG_E6,20.0,4,0.0,0,0.0,0.0,0,0,4,2,0.0,0,0,0.0,25,0.0,0.0,0.0
66.0,1,pa_8,E7,25.0,5,0.0,0,0.0,0.0,0,0,5,3,0.0,0,0,0.0,25,0.0,0.0,0.0
66.0,1,pa_8_rev,NEG_E7,25.0,5,0.0,0,0.0,0.0,0,0,5,3,0.0,0,0,0.0,25,0.0,0.0,0.0
67.0,1,pa_2,E0,20.0,4,0.0,0,0.0,0.0,0,0,4,3,0.0,0,0,0.0,25,0.0,0.0,0.0
67.0,1,pa_2_rev,NEG_E0,20.0,4,0.0,0,0.0,0.0,0,0,4,3,0.0,0,0,0.0,25,0.0,0.0,0.0
67.0,1,pa_3,E1,20.0,4,0.0,0,0.0,0.0,0,0,4,3,0.0,0,0,0.0,25,0.0,0.0,0.0
67.0,1,pa_3_rev,NEG_E1,20.0,4,0.0,0,0.0,0.0,0,0,4,3,0.0,0,0,0.0,25,0.0,0.0,0.0
67.0,1,pa_6,E5,25.0,5,0.0,0,0.0,0.0,0,0,5,3,0.0,0,0,0.0,25,0.0,0.0,0.0
67.0,1,pa_6_rev,NEG_E5,25.0,5,0.0,0,0.0,0.0,0,0,5,3,0.0,0,0,0.0,25,0.0,0.0,0.0
67.0,1,pa_7,E6,20.0,4,0.0,0,0.0,0.0,0,0,4,2,0.0,0,0,0.0,25,0.0,0.0,0.0
67.0,1,pa_7_rev,NEG_E6,20.0,4,0.0,0,0.0,0.0,0,0,4,2,0.0,0,0,0.0,25,0.0,0.0,0.0
67.0,1,pa_8,E7,25.0,5,0.0,0,0.0,0.0,0,0,5,3,0.0,0,0,0.0,25,0.0,0.0,0.0
67.0,1,pa_8_rev,NEG_E7,25.0,5,0.0,0,0.0,0.0,0,0,5,3,0.0,0,0,0.0,25,0.0,0.0,0.0
68.0,1,pa_2,E0,20.0,4,0.0,0,0.0,0.0,0,0,4,3,0.0,0,0,0.0,25,0.0,0.0,0.0
68.0,1,pa_2_rev,NEG_E0,20.0,4,0.0,0,0.0,0.0,0,0,4,3,0.0,0,0,0.0,25,0.0,0.0,0.0
68.0,1,pa_3,E1,20.0,4,0.0,0,0.0,0.0,0,0,4,3,0.0,0,0,0.0,25,0.0,0.0,0.0
68.0,1,pa_3_rev,NEG_E1,20.0,4,0.0,0,0.0,0.0,0,0,4,3,0.0,0,0,0.0,25,0.0,0.0,0.0
68.0,1,pa_6,E5,25.0,5,0.0,0,0.0,0.0,0,0,5,3,0.0,0,0,0.0,25,0.0,0.0,0.0
68.0,1,pa_6_rev,NEG_E5,25.0,5,0.0,0,0.0,0.0,0,0,5,3,0.0,0,0,0.0,25,0.0,0.0,0.0
68.0,1,pa_7,E6,20.0,4,0.0,0,0.0,0.0,0,0,4,2,0.0,0,0,0.0,25,0.0,0.0,0.0
68.0,1,pa_7_rev,NEG_E6,20.0,4,0.0,0,0.0,0.0,0,0,4,2,0.0,0,0,0.0,25,0.0,0.0,0.0
68.0,1,pa_8,E7,25.0,5,0.0,0,0.0,0.0,0,0,5,3,0.0,0,0,0.0,25,0.0,0.0,0.0
68.0,1,pa_8_rev,NEG_E7,25.0,5,0.0,0,0.0,0.0,0,0,5,3,0.0,0,0,0.0,25,0.0,0.0,0.0
69.0,1,pa_2,E0,20.0,4,0.0,0,0.0,0.0,0,0,4,3,0.0,0,0,0.0,25,0.0,0.0,0.0
69.0,1,pa_2_rev,NEG_E0,20.0,4,0.0,0,0.0,0.0,0,0,4,3,0.0,0,0,0.0,25,0.0,0.0,0.0
69.0,1,pa_3,E1,20.0,4,0.0,0,0.0,0.0,0,0,4,3,0.0,0,0,0.0,25,0.0,0.0,0.0
69.0,1,pa_3_rev,NEG_E1,20.0,4,0.0,0,0.0,0.0,0,0,4,3,0.0,0,0,0.0,25,0.0,0.0,0.0
69.0,1,pa_6,E5,25.0,5,0.0,0,0.0,0.0,0,0,5,3,0.0,0,0,0.0,25,0.0,0.0,0.0
69.0,1,pa_6_rev,NEG_E5,25.0,5,0.0,0,0.0,0.0,0,0,5,3,0.0,0,0,0.0,25,0.0,0.0,0.0
69.0,1,pa_7,E6,20.0,4,0.0,0,0.0,0.0,0,0,4,2,0.0,0,0,0.0,25,0.0,0.0,0.0
69.0,1,pa_7_rev,NEG_E6,20.0,4,0.0,0,0.0,0.0,0,0,4,2,0.0,0,0,0.0,25,0.0,0.0,0.0
69.0,1,pa_8,E7,25.0,5,0.0,0,0.0,0.0,0,0,5,3,0.0,0,0,0.0,25,0.0,0.0,0.0
69.0,1,pa_8_rev,NEG_E7,25.0,5,0.0,0,0.0,0.0,0,0,5,3,0.0,0,0,0.0,25,0.0,0.0,0.0
70.0,1,pa_2,E0,20.0,4,0.0,0,0.0,0.0,0,0,4,3,0.0,0,0,0.0,25,0.0,0.0,0.0
70.0,1,pa_2_rev,NEG_E0,20.0,4,0.0,0,0.0,0.0,0,0,4,3,0.0,0,0,0.0,25,0.0,0.0,0.0
70.0,1,pa_3,E1,20.0,4,0.0,0,0.0,0.0,0,0,4,3,0.0,0,0,0.0,25,0.0,0.0,0.0
70.0,1,pa_3_rev,NEG_E1,20.0,4,0.0,0,0.0,0.0,0,0,4,3,0.0,0,0,0.0,25,0.0,0.0,0.0
70.0,1,pa_6,E5,25.0,5,0.0,0,0.0,0.0,0,0,5,3,0.0,0,0,0.0,25,0.0,0.0,0.0
70.0,1,pa_6_rev,NEG_E5,25.0,5,0.0,0,0.0,0.0,0,0,5,3,0.0,0,0,0.0,25,0.0,0.0,0.0
70.0,1,pa_7,E6,20.0,4,0.0,0,0.0,0.0,0,0,4,2,0.0,0,0,0.0,25,0.0,0.0,0.0
70.0,1,pa_7_rev,NEG_E6,20.0,4,0.0,0,0.0,0.0,0,0,4,2,0.0,0,0,0.0,25,0.0,0.0,0.0
70.0,1,pa_8,E7,25.0,5,0.0,0,0.0,0.0,0,0,5,3,0.0,0,0,0.0,25,0.0,0.0,0.0
70.0,1,pa_8_rev,NEG_E7,25.0,5,0.0,0,0.0,0.0,0,0,5,3,0.0,0,0,0.0,25,0.0,0.0,0.0
71.0,1,pa_2,E0,20.0,4,0.0,0,0.0,0.0,0,0,4,3,0.0,0,0,0.0,25,0.0,0.0,0.0
71.0,1,pa_2_rev,NEG_E0,20.0,4,0.0,0,0.0,0.0,0,0,4,3,0.0,0,0,0.0,25,0.0,0.0,0.0
71.0,1,pa_3,E1,20.0,4,0.0,0,0.0,0.0,0,0,4,3,0.0,0,0,0.0,25,0.0,0.0,0.0
71.0,1,pa_3_rev,NEG_E1,20.0,4,0.0,0,0.0,0.0,0,0,4,3,0.0,0,0,0.0,25,0.0,0.0,0.0
71.0,1,pa_6,E5,25.0,5,0.0,0,0.0,0.0,0,0,5,3,0.0,0,0,0.0,25,0.0,0.0,0.0
71.0,1,pa_6_rev,NEG_E5,25.0,5,0.0,0,0.0,0.0,0,0,5,3,0.0,0,0,0.0,25,0.0,0.0,0.0
71.0,1,pa_7,E6,20.0,4,0.0,0,0.0,0.0,0,0,4,2,0.0,0,0,0.0,25,0.0,0.0,0.0
71.0,1,pa_7_rev,NEG_E6,20.0,4,0.0,0,0.0,0.0,0,0,4,2,0.0,0,0,0.0,25,0.0,0.0,0.0
71.0,1,pa_8,E7,25.0,5,0.0,0,0.0,0.0,0,0,5,3,0.0,0,0,0.0,25,0.0,0.0,0.0
71.0,1,pa_8_rev,NEG_E7,25.0,5,0.0,0,0.0,0.0,0,0,5,3,0.0,0,0,0.0,25,0.0,0.0,0.0
72.0,1,pa_2,E0,20.0,4,0.0,0,0.0,0.0,0,0,4,3,0.0,0,0,0.0,25,0.0,0.0,0.0
72.0,1,pa_2_rev,NEG_E0,20.0,4,0.0,0,0.0,0.0,0,0,4,3,0.0,0,0,0.0,25,0.0,0.0,0.0
72.0,1,pa_3,E1,20.0,4,0.0,0,0.0,0.0,0,0,4,3,0.0,0,0,0.0,25,0.0,0.0,0.0
72.0,1,pa_3_rev,NEG_E1,20.0,4,0.0,0,0.0,0.0,0,0,4,3,0.0,0,0,0.0,25,0.0,0.0,0.0
72.0,1,pa_6,E5,25.0,5,0.0,0,0.0,0.0,0,0,5,3,0.0,0,0,0.0,25,0.0,0.0,0.0
72.0,1,pa_6_rev,NEG_E5,25.0,5,0.0,0,0.0,0.0,0,0,5,3,0.0,0,0,0.0,25,0.0,0.0,0.0
72.0,1,pa_7,E6,20.0,4,0.0,0,0.0,0.0,0,0,4,2,0.0,0,0,0.0,25,0.0,0.0,0.0
72.0,1,pa_7_rev,NEG_E6,20.0,4,0.0,0,0.0,0.0,0,0,4,2,0.0,0,0,0.0,25,0.0,0.0,0.0
72.0,1,pa_8,E7,25.0,5,0.0,0,0.0,0.0,0,0,5,3,0.0,0,0,0.0,25,0.0,0.0,0.0
72.0,1,pa_8_rev,NEG_E7,25.0,5,0.0,0,0.0,0.0,0,0,5,3,0.0,0,0,0.0,25,0.0,0.0,0.0
73.0,1,pa_2,E0,20.0,4,0.0,0,0.0,0.0,0,0,4,3,0.0,0,0,0.0,25,0.0,0.0,0.0
73.0,1,pa_2_rev,NEG_E0,20.0,4,0.0,0,0.0,0.0,0,0,4,3,0.0,0,0,0.0,25,0.0,0.0,0.0
73.0,1,pa_3,E1,20.0,4,0.0,0,0.0,0.0,0,0,4,3,0.0,0,0,0.0,25,0.0,0.0,0.0
73.0,1,pa_3_rev,NEG_E1,20.0,4,0.0,0,0.0,0.0,0,0,4,3,0.0,0,0,0.0,25,0.0,0.0,0.0
73.0,1,pa_6,E5,25.0,5,0.0,0,0.0,0.0,0,0,5,3,0.0,0,0,0.0,25,0.0,0.0,0.0
73.0,1,pa_6_rev,NEG_E5,25.0,5,0.0,0,0.0,0.0,0,0,5,3,0.0,0,0,0.0,25,0.0,0.0,0.0
73.0,1,pa_7,E6,20.0,4,0.0,0,0.0,0.0,0,0,4,2,0.0,0,0,0.0,25,0.0,0.0,0.0
73.0,1,pa_7_rev,NEG_E6,20.0,4,0.0,0,0.0,0.0,0,0,4,2,0.0,0,0,0.0,25,0.0,0.0,0.0
73.0,1,pa_8,E7,25.0,5,0.0,0,0.0,0.0,0,0,5,3,0.0,0,0,0.0,25,0.0,0.0,0.0
73.0,1,pa_8_rev,NEG_E7,25.0,5,0.0,0,0.0,0.0,0,0,5,3,0.0,0,0,0.0,25,0.0,0.0,0.0
74.0,1,pa_2,E0,20.0,4,0.0,0,0.0,0.0,0,0,4,3,0.0,0,0,0.0,25,0.0,0.0,0.0
74.0,1,pa_2_rev,NEG_E0,20.0,4,0.0,0,0.0,0.0,0,0,4,3,0.0,0,0,0.0,25,0.0,0.0,0.0
74.0,1,pa_3,E1,20.0,4,0.0,0,0.0,0.0,0,0,4,3,0.0,0,0,0.0,25,0.0,0.0,0.0
74.0,1,pa_3_rev,NEG_E1,20.0,4,0.0,0,0.0,0.0,0,0,4,3,0.0,0,0,0.0,25,0.0,0.0,0.0
74.0,1,pa_6,E5,25.0,5,0.0,0,0.0,0.0,0,0,5,3,0.0,0,0,0.0,25,0.0,0.0,0.0
74.0,1,pa_6_rev,NEG_E5,25.0,5,0.0,0,0.0,0.0,0,0,5,3,0.0,0,0,0.0,25,0.0,0.0,0.0
74.0,1,pa_7,E6,20.0,4,0.0,0,0.0,0.0,0,0,4,2,0.0,0,0,0.0,25,0.0,0.0,0.0
74.0,1,pa_7_rev,NEG_E6,20.0,4,0.0,0,0.0,0.0,0,0,4,2,0.0,0,0,0.0,25,0.0,0.0,0.0
74.0,1,pa_8,E7,25.0,5,0.0,0,0.0,0.0,0,0,5,3,0.0,0,0,0.0,25,0.0,0.0,0.0
74.0,1,pa_8_rev,NEG_E7,25.0,5,0.0,0,0.0,0.0,0,0,5,3,0.0,0,0,0.0,25,0.0,0.0,0.0
75.0,1,pa_2,E0,20.0,4,0.0,0,0.0,0.0,0,0,4,3,0.0,0,0,0.0,25,0.0,0.0,0.0
75.0,1,pa_2_rev,NEG_E0,20.0,4,0.0,0,0.0,0.0,0,0,4,3,0.0,0,0,0.0,25,0.0,0.0,0.0
75.0,1,pa_3,E1,20.0,4,0.0,0,0.0,0.0,0,0,4,3,0.0,0,0,0.0,25,0.0,0.0,0.0
75.0,1,pa_3_rev,NEG_E1,20.0,4,0.0,0,0.0,0.0,0,0,4,3,0.0,0,0,0.0,25,0.0,0.0,0.0
75.0,1,pa_6,E5,25.0,5,0.0,0,0.0,0.0,0,0,5,3,0.0,0,0,0.0,25,0.0,0.0,0.0
75.0,1,pa_6_rev,NEG_E5,25.0,5,0.0,0,0.0,0.0,0,0,5,3,0.0,0,0,0.0,25,0.0,0.0,0.0
75.0,1,pa_7,E6,20.0,4,0.0,0,0.0,0.0,0,0,4,2,0.0,0,0,0.0,25,0.0,0.0,0.0
75.0,1,pa_7_rev,NEG_E6,20.0,4,0.0,0,0.0,0.0,0,0,4,2,0.0,0,0,0.0,25,0.0,0.0,0.0
75.0,1,pa_8,E7,25.0,5,0.0,0,0.0,0.0,0,0,5,3,0.0,0,0,0.0,25,0.0,0.0,0.0
75.0,1,pa_8_rev,NEG_E7,25.0,5,0.0,0,0.0,0.0,0,0,5,3,0.0,0,0,0.0,25,0.0,0.0,0.0
76.0,1,pa_2,E0,20.0,4,0.0,0,0.0,0.0,0,0,4,3,0.0,0,0,0.0,26,0.0,0.0,0.0
76.0,1,pa_2_rev,NEG_E0,20.0,4,0.0,0,0.0,0.0,0,0,4,3,0.0,0,0,0.0,26,0.0,0.0,0.0
76.0,1,pa_3,E1,20.0,4,0.0,0,0.0,0.0,0,0,4,3,0.0,0,0,0.0,26,0.0,0.0,0.0
76.0,1,pa_3_rev,NEG_E1,20.0,4,0.0,0,0.0,0.0,0,0,4,3,0.0,0,0,0.0,26,0.0,0.0,0.0
76.0,1,pa_6,E5,25.0,5,0.0,0,0.0,0.0,0,0,5,3,0.0,0,0,0.0,26,0.0,0.0,0.0
76.0,1,pa_6_rev,NEG_E5,25.0,5,0.0,0,0.0,0.0,0,0,5,3,0.0,0,0,0.0,26,0.0,0.0,0.0
76.0,1,pa_7,E6,20.0,4,0.0,0,0.0,0.0,0,0,4,2,0.0,0,0,0.0,26,0.0,0.0,0.0
76.0,1,pa_7_rev,NEG_E6,20.0,4,0.0,0,0.0,0.0,0,0,4,2,0.0,0,0,0.0,26,0.0,0.0,0.0
76.0,1,pa_8,E7,25.0,5,0.0,0,0.0,0.0,0,0,5,3,0.0,0,0,0.0,26,0.0,0.0,0.0
76.0,1,pa_8_rev,NEG_E7,25.0,5,0.0,0,0.0,0.0,0,0,5,3,0.0,0,0,0.0,26,0.0,0.0,0.0
77.0,1,pa_2,E0,20.0,4,0.0,0,0.0,0.0,0,0,4,3,0.0,0,0,0.0,26,0.0,0.0,0.0
77.0,1,pa_2_rev,NEG_E0,20.0,4,0.0,0,0.0,0.0,0,0,4,3,0.0,0,0,0.0,26,0.0,0.0,0.0
77.0,1,pa_3,E1,20.0,4,0.0,0,0.0,0.0,0,0,4,3,0.0,0,0,0.0,26,0.0,0.0,0.0
77.0,1,pa_3_rev,NEG_E1,20.0,4,0.0,0,0.0,0.0,0,0,4,3,0.0,0,0,0.0,26,0.0,0.0,0.0
77.0,1,pa_6,E5,25.0,5,0.0,0,0.0,0.0,0,0,5,3,0.0,0,0,0.0,26,0.0,0.0,0.0
77.0,1,pa_6_rev,NEG_E5,25.0,5,0.0,0,0.0,0.0,0,0,5,3,0.0,0,0,0.0,26,0.0,0.0,0.0
77.0,1,pa_7,E6,20.0,4,0.0,0,0.0,0.0,0,0,4,2,0.0,0,0,0.0,26,0.0,0.0,0.0
77.0,1,pa_7_rev,NEG_E6,20.0,4,0.0,0,0.0,0.0,0,0,4,2,0.0,0,0,0.0,26,0.0,0.0,0.0
77.0,1,pa_8,E7,25.0,5,0.0,0,0.0,0.0,0,0,5,3,0.0,0,0,0.0,26,0.0,0.0,0.0
77.0,1,pa_8_rev,NEG_E7,25.0,5,0.0,0,0.0,0.0,0,0,5,3,0.0,0,0,0.0,26,0.0,0.0,0.0
78.0,1,pa_2,E0,20.0,4,0.0,0,0.0,0.0,0,0,4,3,0.0,0,0,0.0,26,0.0,0.0,0.0
78.0,1,pa_2_rev,NEG_E0,20.0,4,0.0,0,0.0,0.0,0,0,4,3,0.0,0,0,0.0,26,0.0,0.0,0.0
78.0,1,pa_3,E1,20.0,4,0.0,0,0.0,0.0,0,0,4,3,0.0,0,0,0.0,26,0.0,0.0,0.0
78.0,1,pa_3_rev,NEG_E1,20.0,4,0.0,0,0.0,0.0,0,0,4,3,0.0,0,0,0.0,26,0.0,0.0,0.0
78.0,1,pa_6,E5,25.0,5,0.0,0,0.0,0.0,0,0,5,3,0.0,0,0,0.0,26,0.0,0.0,0.0
78.0,1,pa_6_rev,NEG_E5,25.0,5,0.0,0,0.0,0.0,0,0,5,3,0.0,0,0,0.0,26,0.0,0.0,0.0
78.0,1,pa_7,E6,20.0,4,0.0,0,0.0,0.0,0,0,4,2,0.0,0,0,0.0,26,0.0,0.0,0.0
78.0,1,pa_7_rev,NEG_E6,20.0,4,0.0,0,0.0,0.0,0,0,4,2,0.0,0,0,0.0,26,0.0,0.0,0.0
78.0,1,pa_8,E7,25.0,5,0.0,0,0.0,0.0,0,0,5,3,0.0,0,0,0.0,26,0.0,0.0,0.0
78.0,1,pa_8_rev,NEG_E7,25.0,5,0.0,0,0.0,0.0,0,0,5,3,0.0,0,0,0.0,26,0.0,0.0,0.0
79.0,1,pa_2,E0,20.0,4,0.0,0,0.0,0.0,0,0,4,3,0.0,0,0,0.0,26,0.0,0.0,0.0
79.0,1,pa_2_rev,NEG_E0,20.0,4,0.0,0,0.0,0.0,0,0,4,3,0.0,0,0,0.0,26,0.0,0.0,0.0
79.0,1,pa_3,E1,20.0,4,0.0,0,0.0,0.0,0,0,4,3,0.0,0,0,0.0,26,0.0,0.0,0.0
79.0,1,pa_3_rev,NEG_E1,20.0,4,0.0,0,0.0,0.0,0,0,4,3,0.0,0,0,0.0,26,0.0,0.0,0.0
79.0,1,pa_6,E5,25.0,5,0.0,0,0.0,0.0,0,0,5,3,0.0,0,0,0.0,26,0.0,0.0,0.0
79.0,1,pa_6_rev,NEG_E5,25.0,5,0.0,0,0.0,0.0,0,0,5,3,0.0,0,0,0.0,26,0.0,0.0,0.0
79.0,1,pa_7,E6,20.0,4,0.0,0,0.0,0.0,0,0,4,2,0.0,0,0,0.0,26,0.0,0.0,0.0
79.0,1,pa_7_rev,NEG_E6,20.0,4,0.0,0,0.0,0.0,0,0,4,2,0.0,0,0,0.0,26,0.0,0.0,0.0
79.0,1,pa_8,E7,25.0,5,0.0,0,0.0,0.0,0,0,5,3,0.0,0,0,0.0,26,0.0,0.0,0.0
79.0,1,pa_8_rev,NEG_E7,25.0,5,0.0,0,0.0,0.0,0,0,5,3,0.0,0,0,0.0,26,0.0,0.0,0.0
80.0,1,pa_2,E0,20.0,4,0.0,0,0.0,0.0,0,0,4,3,0.0,0,0,0.0,26,0.0,0.0,0.0
80.0,1,pa_2_rev,NEG_E0,20.0,4,0.0,0,0.0,0.0,0,0,4,3,0.0,0,0,0.0,26,0.0,0.0,0.0
80.0,1,pa_3,E1,20.0,4,0.0,0,0.0,0.0,0,0,4,3,0.0,0,0,0.0,26,0.0,0.0,0.0
80.0,1,pa_3_rev,NEG_E1,20.0,4,0.0,0,0.0,0.0,0,0,4,3,0.0,0,0,0.0,26,0.0,0.0,0.0
80.0,1,pa_6,E5,25.0,5,0.0,0,0.0,0.0,0,0,5,3,0.0,0,0,0.0,26,0.0,0.0,0.0
80.0,1,pa_6_rev,NEG_E5,25.0,5,0.0,0,0.0,0.0,0,0,5,3,0.0,0,0,0.0,26,0.0,0.0,0.0
80.0,1,pa_7,E6,20.0,4,0.0,0,0.0,0.0,0,0,4,2,0.0,0,0,0.0,26,0.0,0.0,0.0
80.0,1,pa_7_rev,NEG_E6,20.0,4,0.0,0,0.0,0.0,0,0,4,2,0.0,0,0,0.0,26,0.0,0.0,0.0
80.0,1,pa_8,E7,25.0,5,0.0,0,0.0,0.0,0,0,5,3,0.0,0,0,0.0,26,0.0,0.0,0.0
80.0,1,pa_8_rev,NEG_E7,25.0,5,0.0,0,0.0,0.0,0,0,5,3,0.0,0,0,0.0,26,0.0,0.0,0.0
81.0,1,pa_2,E0,20.0,4,0.0,0,0.0,0.0,0,0,4,3,0.0,0,0,0.0,26,0.0,0.0,0.0
81.0,1,pa_2_rev,NEG_E0,20.0,4,0.0,0,0.0,0.0,0,0,4,3,0.0,0,0,0.0,26,0.0,0.0,0.0
81.0,1,pa_3,E1,20.0,4,0.0,0,0.0,0.0,0,0,4,3,0.0,0,0,0.0,26,0.0,0.0,0.0
81.0,1,pa_3_rev,NEG_E1,20.0,4,0.0,0,0.0,0.0,0,0,4,3,0.0,0,0,0.0,26,0.0,0.0,0.0
81.0,1,pa_6,E5,25.0,5,0.0,0,0.0,0.0,0,0,5,3,0.0,0,0,0.0,26,0.0,0.0,0.0
81.0,1,pa_6_rev,NEG_E5,25.0,5,0.0,0,0.0,0.0,0,0,5,3,0.0,0,0,0.0,26,0.0,0.0,0.0
81.0,1,pa_7,E6,20.0,4,0.0,0,0.0,0.0,0,0,4,2,0.0,0,0,0.0,26,0.0,0.0,0.0
81.0,1,pa_7_rev,NEG_E6,20.0,4,0.0,0,0.0,0.0,0,0,4,2,0.0,0,0,0.0,26,0.0,0.0,0.0
81.0,1,pa_8,E7,25.0,5,0.0,0,0.0,0.0,0,0,5,3,0.0,0,0,0.0,26,0.0,0.0,0.0
81.0,1,pa_8_rev,NEG_E7,25.0,5,0.0,0,0.0,0.0,0,0,5,3,0.0,0,0,0.0,26,0.0,0.0,0.0
82.0,1,pa_2,E0,20.0,4,0.0,0,0.0,0.0,0,0,4,3,0.0,0,0,0.0,26,0.0,0.0,0.0
82.0,1,pa_2_rev,NEG_E0,20.0,4,0.0,0,0.0,0.0,0,0,4,3,0.0,0,0,0.0,26,0.0,0.0,0.0
82.0,1,pa_3,E1,20.0,4,0.0,0,0.0,0.0,0,0,4,3,0.0,0,0,0.0,26,0.0,0.0,0.0
82.0,1,pa_3_rev,NEG_E1,20.0,4,0.0,0,0.0,0.0,0,0,4,3,0.0,0,0,0.0,26,0.0,0.0,0.0
82.0,1,pa_6,E5,25.0,5,0.0,0,0.0,0.0,0,0,5,3,0.0,0,0,0.0,26,0.0,0.0,0.0
82.0,1,pa_6_rev,NEG_E5,25.0,5,0.0,0,0.0,0.0,0,0,5,3,0.0,0,0,0.0,26,0.0,0.0,0.0
82.0,1,pa_7,E6,20.0,4,0.0,0,0.0,0.0,0,0,4,2,0.0,0,0,0.0,26,0.0,0.0,0.0
82.0,1,pa_7_rev,NEG_E6,20.0,4,0.0,0,0.0,0.0,0,0,4,2,0.0,0,0,0.0,26,0.0,0.0,0.0
82.0,1,pa_8,E7,25.0,5,0.0,0,0.0,0.0,0,0,5,3,0.0,0,0,0.0,26,0.0,0.0,0.0
82.0,1,pa_8_rev,NEG_E7,25.0,5,0.0,0,0.0,0.0,0,0,5,3,0.0,0,0,0.0,26,0.0,0.0,0.0
83.0,1,pa_2,E0,20.0,4,0.0,0,0.0,0.0,0,0,4,3,0.0,0,0,0.0,26,0.0,0.0,0.0
83.0,1,pa_2_rev,NEG_E0,20.0,4,0.0,0,0.0,0.0,0,0,4,3,0.0,0,0,0.0,26,0.0,0.0,0.0
83.0,1,pa_3,E1,20.0,4,0.0,0,0.0,0.0,0,0,4,3,0.0,0,0,0.0,26,0.0,0.0,0.0
83.0,1,pa_3_rev,NEG_E1,20.0,4,0.0,0,0.0,0.0,0,0,4,3,0.0,0,0,0.0,26,0.0,0.0,0.0
83.0,1,pa_6,E5,25.0,5,0.0,0,0.0,0.0,0,0,5,3,0.0,0,0,0.0,26,0.0,0.0,0.0
83.0,1,pa_6_rev,NEG_E5,25.0,5,0.0,0,0.0,0.0,0,0,5,3,0.0,0,0,0.0,26,0.0,0.0,0.0
83.0,1,pa_7,E6,20.0,4,0.0,0,0.0,0.0,0,0,4,2,0.0,0,0,0.0,26,0.0,0.0,0.0
83.0,1,pa_7_rev,NEG_E6,20.0,4,0.0,0,0.0,0.0,0,0,4,2,0.0,0,0,0.0,26,0.0,0.0,0.0
83.0,1,pa_8,E7,25.0,5,0.0,0,0.0,0.0,0,0,5,3,0.0,0,0,0.0,26,0.0,0.0,0.0
83.0,1,pa_8_rev,NEG_E7,25.0,5,0.0,0,0.0,0.0,0,0,5,3,0.0,0,0,0.0,26,0.0,0.0,0.0
84.0,1,pa_2,E0,20.0,4,0.0,0,0.0,0.0,0,0,4,3,0.0,0,0,0.0,26,0.0,0.0,0.0
84.0,1,pa_2_rev,NEG_E0,20.0,4,0.0,0,0.0,0.0,0,0,4,3,0.0,0,0,0.0,26,0.0,0.0,0.0
84.0,1,pa_3,E1,20.0,4,0.0,0,0.0,0.0,0,0,4,3,0.0,0,0,0.0,26,0.0,0.0,0.0
84.0,1,pa_3_rev,NEG_E1,20.0,4,0.0,0,0.0,0.0,0,0,4,3,0.0,0,0,0.0,26,0.0,0.0,0.0
84.0,1,pa_6,E5,25.0,5,0.0,0,0.0,0.0,0,0,5,3,0.0,0,0,0.0,26,0.0,0.0,0.0
84.0,1,pa_6_rev,NEG_E5,25.0,5,0.0,0,0.0,0.0,0,0,5,3,0.0,0,0,0.0,26,0.0,0.0,0.0
84.0,1,pa_7,E6,20.0,4,0.0,0,0.0,0.0,0,0,4,2,0.0,0,0,0.0,26,0.0,0.0,0.0
84.0,1,pa_7_rev,NEG_E6,20.0,4,0.0,0,0.0,0.0,0,0,4,2,0.0,0,0,0.0,26,0.0,0.0,0.0
84.0,1,pa_8,E7,25.0,5,0.0,0,0.0,0.0,0,0,5,3,0.0,0,0,0.0,26,0.0,0.0,0.0
84.0,1,pa_8_rev,NEG_E7,25.0,5,0.0,0,0.0,0.0,0,0,5,3,0.0,0,0,0.0,26,0.0,0.0,0.0
85.0,1,pa_2,E0,20.0,4,0.0,0,0.0,0.0,0,0,4,3,0.0,0,0,0.0,26,0.0,0.0,0.0
85.0,1,pa_2_rev,NEG_E0,20.0,4,0.0,0,0.0,0.0,0,0,4,3,0.0,0,0,0.0,26,0.0,0.0,0.0
85.0,1,pa_3,E1,20.0,4,0.0,0,0.0,0.0,0,0,4,3,0.0,0,0,0.0,26,0.0,0.0,0.0
85.0,1,pa_3_rev,NEG_E1,20.0,4,0.0,0,0.0,0.0,0,0,4,3,0.0,0,0,0.0,26,0.0,0.0,0.0
85.0,1,pa_6,E5,25.0,5,0.0,0,0.0,0.0,0,0,5,3,0.0,0,0,0.0,26,0.0,0.0,0.0
85.0,1,pa_6_rev,NEG_E5,25.0,5,0.0,0,0.0,0.0,0,0,5,3,0.0,0,0,0.0,26,0.0,0.0,0.0
85.0,1,pa_7,E6,20.0,4,0.0,0,0.0,0.0,0,0,4,2,0.0,0,0,0.0,26,0.0,0.0,0.0
85.0,1,pa_7_rev,NEG_E6,20.0,4,0.0,0,0.0,0.0,0,0,4,2,0.0,0,0,0.0,26,0.0,0.0,0.0
85.0,1,pa_8,E7,25.0,5,0.0,0,0.0,0.0,0,0,5,3,0.0,0,0,0.0,26,0.0,0.0,0.0
85.0,1,pa_8_rev,NEG_E7,25.0,5,0.0,0,0.0,0.0,0,0,5,3,0.0,0,0,0.0,26,0.0,0.0,0.0
86.0,1,pa_2,E0,20.0,4,0.0,0,0.0,0.0,0,0,4,3,0.0,0,0,0.0,26,0.0,0.0,0.0
86.0,1,pa_2_rev,NEG_E0,20.0,4,0.0,0,0.0,0.0,0,0,4,3,0.0,0,0,0.0,26,0.0,0.0,0.0
86.0,1,pa_3,E1,20.0,4,0.0,0,0.0,0.0,0,0,4,3,0.0,0,0,0.0,26,0.0,0.0,0.0
86.0,1,pa_3_rev,NEG_E1,20.0,4,0.0,0,0.0,0.0,0,0,4,3,0.0,0,0,0.0,26,0.0,0.0,0.0
86.0,1,pa_6,E5,25.0,5,0.0,0,0.0,0.0,0,0,5,3,0.0,0,0,0.0,26,0.0,0.0,0.0
86.0,1,pa_6_rev,NEG_E5,25.0,5,0.0,0,0.0,0.0,0,0,5,3,0.0,0,0,0.0,26,0.0,0.0,0.0
86.0,1,pa_7,E6,20.0,4,0.0,0,0.0,0.0,0,0,4,2,0.0,0,0,0.0,26,0.0,0.0,0.0
86.0,1,pa_7_rev,NEG_E6,20.0,4,0.0,0,0.0,0.0,0,0,4,2,0.0,0,0,0.0,26,0.0,0.0,0.0
86.0,1,pa_8,E7,25.0,5,0.0,0,0.0,0.0,0,0,5,3,0.0,0,0,0.0,26,0.0,0.0,0.0
86.0,1,pa_8_rev,NEG_E7,25.0,5,0.0,0,0.0,0.0,0,0,5,3,0.0,0,0,0.0,26,0.0,0.0,0.0
87.0,1,pa_2,E0,20.0,4,0.0,0,0.0,0.0,0,0,4,3,0.0,0,0,0.0,26,0.0,0.0,0.0
87.0,1,pa_2_rev,NEG_E0,20.0,4,0.0,0,0.0,0.0,0,0,4,3,0.0,0,0,0.0,26,0.0,0.0,0.0
87.0,1,pa_3,E1,20.0,4,0.0,0,0.0,0.0,0,0,4,3,0.0,0,0,0.0,26,0.0,0.0,0.0
87.0,1,pa_3_rev,NEG_E1,20.0,4,0.0,0,0.0,0.0,0,0,4,3,0.0,0,0,0.0,26,0.0,0.0,0.0
87.0,1,pa_6,E5,25.0,5,0.0,0,0.0,0.0,0,0,5,3,0.0,0,0,0.0,26,0.0,0.0,0.0
87.0,1,pa_6_rev,NEG_E5,25.0,5,0.0,0,0.0,0.0,0,0,5,3,0.0,0,0,0.0,26,0.0,0.0,0.0
87.0,1,pa_7,E6,20.0,4,0.0,0,0.0,0.0,0,0,4,2,0.0,0,0,0.0,26,0.0,0.0,0.0
87.0,1,pa_7_rev,NEG_E6,20.0,4,0.0,0,0.0,0.0,0,0,4,2,0.0,0,0,0.0,26,0.0,0.0,0.0
87.0,1,pa_8,E7,25.0,5,0.0,0,0.0,0.0,0,0,5,3,0.0,0,0,0.0,26,0.0,0.0,0.0
87.0,1,pa_8_rev,NEG_E7,25.0,5,0.0,0,0.0,0.0,0,0,5,3,0.0,0,0,0.0,26,0.0,0.0,0.0
88.0,1,pa_2,E0,20.0,4,0.0,0,0.0,0.0,0,0,4,3,0.0,0,0,0.0,26,0.0,0.0,0.0
88.0,1,pa_2_rev,NEG_E0,20.0,4,0.0,0,0.0,0.0,0,0,4,3,0.0,0,0,0.0,26,0.0,0.0,0.0
88.0,1,pa_3,E1,20.0,4,0.0,0,0.0,0.0,0,0,4,3,0.0,0,0,0.0,26,0.0,0.0,0.0
88.0,1,pa_3_rev,NEG_E1,20.0,4,0.0,0,0.0,0.0,0,0,4,3,0.0,0,0,0.0,26,0.0,0.0,0.0
88.0,1,pa_6,E5,25.0,5,0.0,0,0.0,0.0,0,0,5,3,0.0,0,0,0.0,26,0.0,0.0,0.0
88.0,1,pa_6_rev,NEG_E5,25.0,5,0.0,0,0.0,0.0,0,0,5,3,0.0,0,0,0.0,26,0.0,0.0,0.0
88.0,1,pa_7,E6,20.0,4,0.0,0,0.0,0.0,0,0,4,2,0.0,0,0,0.0,26,0.0,0.0,0.0
88.0,1,pa_7_rev,NEG_E6,20.0,4,0.0,0,0.0,0.0,0,0,4,2,0.0,0,0,0.0,26,0.0,0.0,0.0
88.0,1,pa_8,E7,25.0,5,0.0,0,0.0,0.0,0,0,5,3,0.0,0,0,0.0,26,0.0,0.0,0.0
88.0,1,pa_8_rev,NEG_E7,25.0,5,0.0,0,0.0,0.0,0,0,5,3,0.0,0,0,0.0,26,0.0,0.0,0.0
89.0,1,pa_2,E0,20.0,4,0.0,0,0.0,0.0,0,0,4,3,0.0,0,0,0.0,26,0.0,0.0,0.0
89.0,1,pa_2_rev,NEG_E0,20.0,4,0.0,0,0.0,0.0,0,0,4,3,0.0,0,0,0.0,26,0.0,0.0,0.0
89.0,1,pa_3,E1,20.0,4,0.0,0,0.0,0.0,0,0,4,3,0.0,0,0,0.0,26,0.0,0.0,0.0
89.0,1,pa_3_rev,NEG_E1,20.0,4,0.0,0,0.0,0.0,0,0,4,3,0.0,0,0,0.0,26,0.0,0.0,0.0
89.0,1,pa_6,E5,25.0,5,0.0,0,0.0,0.0,0,0,5,3,0.0,0,0,0.0,26,0.0,0.0,0.0
89.0,1,pa_6_rev,NEG_E5,25.0,5,0.0,0,0.0,0.0,0,0,5,3,0.0,0,0,0.0,26,0.0,0.0,0.0
89.0,1,pa_7,E6,20.0,4,0.0,0,0.0,0.0,0,0,4,2,0.0,0,0,0.0,26,0.0,0.0,0.0
89.0,1,pa_7_rev,NEG_E6,20.0,4,0.0,0,0.0,0.0,0,0,4,2,0.0,0,0,0.0,26,0.0,0.0,0.0
89.0,1,pa_8,E7,25.0,5,0.0,0,0.0,0.0,0,0,5,3,0.0,0,0,0.0,26,0.0,0.0,0.0
89.0,1,pa_8_rev,NEG_E7,25.0,5,0.0,0,0.0,0.0,0,0,5,3,0.0,0,0,0.0,26,0.0,0.0,0.0
90.0,1,pa_2,E0,20.0,4,0.0,0,0.0,0.0,0,0,4,3,0.0,0,0,0.0,26,0.0,0.0,0.0
90.0,1,pa_2_rev,NEG_E0,20.0,4,0.0,0,0.0,0.0,0,0,4,3,0.0,0,0,0.0,26,0.0,0.0,0.0
90.0,1,pa_3,E1,20.0,4,0.0,0,0.0,0.0,0,0,4,3,0.0,0,0,0.0,26,0.0,0.0,0.0
90.0,1,pa_3_rev,NEG_E1,20.0,4,0.0,0,0.0,0.0,0,0,4,3,0.0,0,0,0.0,26,0.0,0.0,0.0
90.0,1,pa_6,E5,25.0,5,0.0,0,0.0,0.0,0,0,5,3,0.0,0,0,0.0,26,0.0,0.0,0.0
90.0,1,pa_6_rev,NEG_E5,25.0,5,0.0,0,0.0,0.0,0,0,5,3,0.0,0,0,0.0,26,0.0,0.0,0.0
90.0,1,pa_7,E6,20.0,4,0.0,0,0.0,0.0,0,0,4,2,0.0,0,0,0.0,26,0.0,0.0,0.0
90.0,1,pa_7_rev,NEG_E6,20.0,4,0.0,0,0.0,0.0,0,0,4,2,0.0,0,0,0.0,26,0.0,0.0,0.0
90.0,1,pa_8,E7,25.0,5,0.0,0,0.0,0.0,0,0,5,3,0.0,0,0,0.0,26,0.0,0.0,0.0
90.0,1,pa_8_rev,NEG_E7,25.0,5,0.0,0,0.0,0.0,0,0,5,3,0.0,0,0,0.0,26,0.0,0.0,0.0
91.0,1,pa_2,E0,20.0,4,0.0,0,0.0,0.0,0,0,4,3,0.0,0,0,0.0,27,0.0,0.0,0.0
91.0,1,pa_2_rev,NEG_E0,20.0,4,0.0,0,0.0,0.0,0,0,4,3,0.0,0,0,0.0,27,0.0,0.0,0.0
91.0,1,pa_3,E1,20.0,4,0.0,0,0.0,0.0,0,0,4,3,0.0,0,0,0.0,27,0.0,0.0,0.0
91.0,1,pa_3_rev,NEG_E1,20.0,4,0.0,0,0.0,0.0,0,0,4,3,0.0,0,0,0.0,27,0.0,0.0,0.0
91.0,1,pa_6,E5,25.0,5,0.0,0,0.0,0.0,0,0,5,3,0.0,0,0,0.0,27,0.0,0.0,0.0
91.0,1,pa_6_rev,NEG_E5,25.0,5,0.0,0,0.0,0.0,0,0,5,3,0.0,0,0,0.0,27,0.0,0.0,0.0
91.0,1,pa_7,E6,20.0,4,0.0,0,0.0,0.0,0,0,4,2,0.0,0,0,0.0,27,0.0,0.0,0.0
91.0,1,pa_7_rev,NEG_E6,20.0,4,0.0,0,0.0,0.0,0,0,4,2,0.0,0,0,0.0,27,0.0,0.0,0.0
91.0,1,pa_8,E7,25.0,5,0.0,0,0.0,0.0,0,0,5,3,0.0,0,0,0.0,27,0.0,0.0,0.0
91.0,1,pa_8_rev,NEG_E7,25.0,5,0.0,0,0.0,0.0,0,0,5,3,0.0,0,0,0.0,27,0.0,0.0,0.0
92.0,1,pa_2,E0,20.0,4,0.0,0,0.0,0.0,0,0,4,3,0.0,0,0,0.0,27,0.0,0.0,0.0
92.0,1,pa_2_rev,NEG_E0,20.0,4,0.0,0,0.0,0.0,0,0,4,3,0.0,0,0,0.0,27,0.0,0.0,0.0
92.0,1,pa_3,E1,20.0,4,0.0,0,0.0,0.0,0,0,4,3,0.0,0,0,0.0,27,0.0,0.0,0.0
92.0,1,pa_3_rev,NEG_E1,20.0,4,0.0,0,0.0,0.0,0,0,4,3,0.0,0,0,0.0,27,0.0,0.0,0.0
92.0,1,pa_6,E5,25.0,5,0.0,0,0.0,0.0,0,0,5,3,0.0,0,0,0.0,27,0.0,0.0,0.0
92.0,1,pa_6_rev,NEG_E5,25.0,5,0.0,0,0.0,0.0,0,0,5,3,0.0,0,0,0.0,27,0.0,0.0,0.0
92.0,1,pa_7,E6,20.0,4,0.0,0,0.0,0.0,0,0,4,2,0.0,0,0,0.0,27,0.0,0.0,0.0
92.0,1,pa_7_rev,NEG_E6,20.0,4,0.0,0,0.0,0.0,0,0,4,2,0.0,0,0,0.0,27,0.0,0.0,0.0
92.0,1,pa_8,E7,25.0,5,0.0,0,0.0,0.0,0,0,5,3,0.0,0,0,0.0,27,0.0,0.0,0.0
92.0,1,pa_8_rev,NEG_E7,25.0,5,0.0,0,0.0,0.0,0,0,5,3,0.0,0,0,0.0,27,0.0,0.0,0.0
93.0,1,pa_2,E0,20.0,4,0.0,0,0.0,0.0,0,0,4,3,0.0,0,0,0.0,27,0.0,0.0,0.0
93.0,1,pa_2_rev,NEG_E0,20.0,4,0.0,0,0.0,0.0,0,0,4,3,0.0,0,0,0.0,27,0.0,0.0,0.0
93.0,1,pa_3,E1,20.0,4,0.0,0,0.0,0.0,0,0,4,3,0.0,0,0,0.0,27,0.0,0.0,0.0
93.0,1,pa_3_rev,NEG_E1,20.0,4,0.0,0,0.0,0.0,0,0,4,3,0.0,0,0,0.0,27,0.0,0.0,0.0
93.0,1,pa_6,E5,25.0,5,0.0,0,0.0,0.0,0,0,5,3,0.0,0,0,0.0,27,0.0,0.0,0.0
93.0,1,pa_6_rev,NEG_E5,25.0,5,0.0,0,0.0,0.0,0,0,5,3,0.0,0,0,0.0,27,0.0,0.0,0.0
93.0,1,pa_7,E6,20.0,4,0.0,0,0.0,0.0,0,0,4,2,0.0,0,0,0.0,27,0.0,0.0,0.0
93.0,1,pa_7_rev,NEG_E6,20.0,4,0.0,0,0.0,0.0,0,0,4,2,0.0,0,0,0.0,27,0.0,0.0,0.0
93.0,1,pa_8,E7,25.0,5,0.0,0,0.0,0.0,0,0,5,3,0.0,0,0,0.0,27,0.0,0.0,0.0
93.0,1,pa_8_rev,NEG_E7,25.0,5,0.0,0,0.0,0.0,0,0,5,3,0.0,0,0,0.0,27,0.0,0.0,0.0
94.0,1,pa_2,E0,20.0,4,0.0,0,0.0,0.0,0,0,4,3,0.0,0,0,0.0,27,0.0,0.0,0.0
94.0,1,pa_2_rev,NEG_E0,20.0,4,0.0,0,0.0,0.0,0,0,4,3,0.0,0,0,0.0,27,0.0,0.0,0.0
94.0,1,pa_3,E1,20.0,4,0.0,0,0.0,0.0,0,0,4,3,0.0,0,0,0.0,27,0.0,0.0,0.0
94.0,1,pa_3_rev,NEG_E1,20.0,4,0.0,0,0.0,0.0,0,0,4,3,0.0,0,0,0.0,27,0.0,0.0,0.0
94.0,1,pa_6,E5,25.0,5,0.0,0,0.0,0.0,0,0,5,3,0.0,0,0,0.0,27,0.0,0.0,0.0
94.0,1,pa_6_rev,NEG_E5,25.0,5,0.0,0,0.0,0.0,0,0,5,3,0.0,0,0,0.0,27,0.0,0.0,0.0
94.0,1,pa_7,E6,20.0,4,0.0,0,0.0,0.0,0,0,4,2,0.0,0,0,0.0,27,0.0,0.0,0.0
94.0,1,pa_7_rev,NEG_E6,20.0,4,0.0,0,0.0,0.0,0,0,4,2,0.0,0,0,0.0,27,0.0,0.0,0.0
94.0,1,pa_8,E7,25.0,5,0.0,0,0.0,0.0,0,0,5,3,0.0,0,0,0.0,27,0.0,0.0,0.0
94.0,1,pa_8_rev,NEG_E7,25.0,5,0.0,0,0.0,0.0,0,0,5,3,0.0,0,0,0.0,27,0.0,0.0,0.0
95.0,1,pa_2,E0,20.0,4,0.0,0,0.0,0.0,0,0,4,3,0.0,0,0,0.0,27,0.0,0.0,0.0
95.0,1,pa_2_rev,NEG_E0,20.0,4,0.0,0,0.0,0.0,0,0,4,3,0.0,0,0,0.0,27,0.0,0.0,0.0
95.0,1,pa_3,E1,20.0,4,0.0,0,0.0,0.0,0,0,4,3,0.0,0,0,0.0,27,0.0,0.0,0.0
95.0,1,pa_3_rev,NEG_E1,20.0,4,0.0,0,0.0,0.0,0,0,4,3,0.0,0,0,0.0,27,0.0,0.0,0.0
95.0,1,pa_6,E5,25.0,5,0.0,0,0.0,0.0,0,0,5,3,0.0,0,0,0.0,27,0.0,0.0,0.0
95.0,1,pa_6_rev,NEG_E5,25.0,5,0.0,0,0.0,0.0,0,0,5,3,0.0,0,0,0.0,27,0.0,0.0,0.0
95.0,1,pa_7,E6,20.0,4,0.0,0,0.0,0.0,0,0,4,2,0.0,0,0,0.0,27,0.0,0.0,0.0
95.0,1,pa_7_rev,NEG_E6,20.0,4,0.0,0,0.0,0.0,0,0,4,2,0.0,0,0,0.0,27,0.0,0.0,0.0
95.0,1,pa_8,E7,25.0,5,0.0,0,0.0,0.0,0,0,5,3,0.0,0,0,0.0,27,0.0,0.0,0.0
95.0,1,pa_8_rev,NEG_E7,25.0,5,0.0,0,0.0,0.0,0,0,5,3,0.0,0,0,0.0,27,0.0,0.0,0.0
96.0,1,pa_2,E0,20.0,4,0.0,0,0.0,0.0,0,0,4,3,0.0,0,0,0.0,27,0.0,0.0,0.0
96.0,1,pa_2_rev,NEG_E0,20.0,4,0.0,0,0.0,0.0,0,0,4,3,0.0,0,0,0.0,27,0.0,0.0,0.0
96.0,1,pa_3,E1,20.0,4,0.0,0,0.0,0.0,0,0,4,3,0.0,0,0,0.0,27,0.0,0.0,0.0
96.0,1,pa_3_rev,NEG_E1,20.0,4,0.0,0,0.0,0.0,0,0,4,3,0.0,0,0,0.0,27,0.0,0.0,0.0
96.0,1,pa_6,E5,25.0,5,0.0,0,0.0,0.0,0,0,5,3,0.0,0,0,0.0,27,0.0,0.0,0.0
96.0,1,pa_6_rev,NEG_E5,25.0,5,0.0,0,0.0,0.0,0,0,5,3,0.0,0,0,0.0,27,0.0,0.0,0.0
96.0,1,pa_7,E6,20.0,4,0.0,0,0.0,0.0,0,0,4,2,0.0,0,0,0.0,27,0.0,0.0,0.0
96.0,1,pa_7_rev,NEG_E6,20.0,4,0.0,0,0.0,0.0,0,0,4,2,0.0,0,0,0.0,27,0.0,0.0,0.0
96.0,1,pa_8,E7,25.0,5,0.0,0,0.0,0.0,0,0,5,3,0.0,0,0,0.0,27,0.0,0.0,0.0
96.0,1,pa_8_rev,NEG_E7,25.0,5,0.0,0,0.0,0.0,0,0,5,3,0.0,0,0,0.0,27,0.0,0.0,0.0
97.0,1,pa_2,E0,20.0,4,0.0,0,0.0,0.0,0,0,4,3,0.0,0,0,0.0,27,0.0,0.0,0.0
97.0,1,pa_2_rev,NEG_E0,20.0,4,0.0,0,0.0,0.0,0,0,4,3,0.0,0,0,0.0,27,0.0,0.0,0.0
97.0,1,pa_3,E1,20.0,4,0.0,0,0.0,0.0,0,0,4,3,0.0,0,0,0.0,27,0.0,0.0,0.0
97.0,1,pa_3_rev,NEG_E1,20.0,4,0.0,0,0.0,0.0,0,0,4,3,0.0,0,0,0.0,27,0.0,0.0,0.0
97.0,1,pa_6,E5,25.0,5,0.0,0,0.0,0.0,0,0,5,3,0.0,0,0,0.0,27,0.0,0.0,0.0
97.0,1,pa_6_rev,NEG_E5,25.0,5,0.0,0,0.0,0.0,0,0,5,3,0.0,0,0,0.0,27,0.0,0.0,0.0
97.0,1,pa_7,E6,20.0,4,0.0,0,0.0,0.0,0,0,4,2,0.0,0,0,0.0,27,0.0,0.0,0.0
97.0,1,pa_7_rev,NEG_E6,20.0,4,0.0,0,0.0,0.0,0,0,4,2,0.0,0,0,0.0,27,0.0,0.0,0.0
97.0,1,pa_8,E7,25.0,5,0.0,0,0.0,0.0,0,0,5,3,0.0,0,0,0.0,27,0.0,0.0,0.0
97.0,1,pa_8_rev,NEG_E7,25.0,5,0.0,0,0.0,0.0,0,0,5,3,0.0,0,0,0.0,27,0.0,0.0,0.0
98.0,1,pa_2,E0,20.0,4,0.0,0,0.0,0.0,0,0,4,3,0.0,0,0,0.0,27,0.0,0.0,0.0
98.0,1,pa_2_rev,NEG_E0,20.0,4,0.0,0,0.0,0.0,0,0,4,3,0.0,0,0,0.0,27,0.0,0.0,0.0
98.0,1,pa_3,E1,20.0,4,0.0,0,0.0,0.0,0,0,4,3,0.0,0,0,0.0,27,0.0,0.0,0.0
98.0,1,pa_3_rev,NEG_E1,20.0,4,0.0,0,0.0,0.0,0,0,4,3,0.0,0,0,0.0,27,0.0,0.0,0.0
98.0,1,pa_6,E5,25.0,5,0.0,0,0.0,0.0,0,0,5,3,0.0,0,0,0.0,27,0.0,0.0,0.0
98.0,1,pa_6_rev,NEG_E5,25.0,5,0.0,0,0.0,0.0,0,0,5,3,0.0,0,0,0.0,27,0.0,0.0,0.0
98.0,1,pa_7,E6,20.0,4,0.0,0,0.0,0.0,0,0,4,2,0.0,0,0,0.0,27,0.0,0.0,0.0
98.0,1,pa_7_rev,NEG_E6,20.0,4,0.0,0,0.0,0.0,0,0,4,2,0.0,0,0,0.0,27,0.0,0.0,0.0
98.0,1,pa_8,E7,25.0,5,0.0,0,0.0,0.0,0,0,5,3,0.0,0,0,0.0,27,0.0,0.0,0.0
98.0,1,pa_8_rev,NEG_E7,25.0,5,0.0,0,0.0,0.0,0,0,5,3,0.0,0,0,0.0,27,0.0,0.0,0.0
99.0,1,pa_2,E0,20.0,4,0.0,0,0.0,0.0,0,0,4,3,0.0,0,0,0.0,27,0.0,0.0,0.0
99.0,1,pa_2_rev,NEG_E0,20.0,4,0.0,0,0.0,0.0,0,0,4,3,0.0,0,0,0.0,27,0.0,0.0,0.0
99.0,1,pa_3,E1,20.0,4,0.0,0,0.0,0.0,0,0,4,3,0.0,0,0,0.0,27,0.0,0.0,0.0
99.0,1,pa_3_rev,NEG_E1,20.0,4,0.0,0,0.0,0.0,0,0,4,3,0.0,0,0,0.0,27,0.0,0.0,0.0
99.0,1,pa_6,E5,25.0,5,0.0,0,0.0,0.0,0,0,5,3,0.0,0,0,0.0,27,0.0,0.0,0.0
99.0,1,pa_6_rev,NEG_E5,25.0,5,0.0,0,0.0,0.0,0,0,5,3,0.0,0,0,0.0,27,0.0,0.0,0.0
99.0,1,pa_7,E6,20.0,4,0.0,0,0.0,0.0,0,0,4,2,0.0,0,0,0.0,27,0.0,0.0,0.0
99.0,1,pa_7_rev,NEG_E6,20.0,4,0.0,0,0.0,0.0,0,0,4,2,0.0,0,0,0.0,27,0.0,0.0,0.0
99.0,1,pa_8,E7,25.0,5,0.0,0,0.0,0.0,0,0,5,3,0.0,0,0,0.0,27,0.0,0.0,0.0
99.0,1,pa_8_rev,NEG_E7,25.0,5,0.0,0,0.0,0.0,0,0,5,3,0.0,0,0,0.0,27,0.0,0.0,0.0
100.0,1,pa_2,E0,20.0,4,0.0,0,0.0,0.0,0,0,4,3,0.0,0,0,0.0,27,0.0,0.0,0.0
100.0,1,pa_2_rev,NEG_E0,20.0,4,0.0,0,0.0,0.0,0,0,4,3,0.0,0,0,0.0,27,0.0,0.0,0.0
100.0,1,pa_3,E1,20.0,4,0.0,0,0.0,0.0,0,0,4,3,0.0,0,0,0.0,27,0.0,0.0,0.0
100.0,1,pa_3_rev,NEG_E1,20.0,4,0.0,0,0.0,0.0,0,0,4,3,0.0,0,0,0.0,27,0.0,0.0,0.0
100.0,1,pa_6,E5,25.0,5,0.0,0,0.0,0.0,0,0,5,3,0.0,0,0,0.0,27,0.0,0.0,0.0
100.0,1,pa_6_rev,NEG_E5,25.0,5,0.0,0,0.0,0.0,0,0,5,3,0.0,0,0,0.0,27,0.0,0.0,0.0
100.0,1,pa_7,E6,20.0,4,0.0,0,0.0,0.0,0,0,4,2,0.0,0,0,0.0,27,0.0,0.0,0.0
100.0,1,pa_7_rev,NEG_E6,20.0,4,0.0,0,0.0,0.0,0,0,4,2,0.0,0,0,0.0,27,0.0,0.0,0.0
100.0,1,pa_8,E7,25.0,5,0.0,0,0.0,0.0,0,0,5,3,0.0,0,0,0.0,27,0.0,0.0,0.0
100.0,1,pa_8_rev,NEG_E7,25.0,5,0.0,0,0.0,0.0,0,0,5,3,0.0,0,0,0.0,27,0.0,0.0,0.0
101.0,1,pa_2,E0,20.0,4,0.0,0,0.0,0.0,0,0,4,3,25.0,1,0,2.27,27,0.0,0.0,0.0
101.0,1,pa_2_rev,NEG_E0,20.0,4,0.0,0,0.0,0.0,0,0,4,3,25.0,1,0,2.27,27,0.0,0.0,0.0
101.0,1,pa_3,E1,20.0,4,0.0,0,0.0,0.0,0,0,4,3,25.0,1,0,2.27,27,0.0,0.0,0.0
101.0,1,pa_3_rev,NEG_E1,20.0,4,0.0,0,0.0,0.0,0,0,4,3,25.0,1,0,2.27,27,0.0,0.0,0.0
101.0,1,pa_6,E5,25.0,5,25.0,1,20.0,0.0,0,0,4,3,25.0,1,0,2.27,27,25.0,0.12,0.2
101.0,1,pa_6_rev,NEG_E5,25.0,5,0.0,0,0.0,0.0,0,0,5,3,25.0,1,0,2.27,27,0.0,0.0,0.0
101.0,1,pa_7,E6,20.0,4,0.0,0,0.0,0.0,0,0,4,2,25.0,1,0,2.27,27,0.0,0.0,0.0
101.0,1,pa_7_rev,NEG_E6,20.0,4,0.0,0,0.0,0.0,0,0,4,2,25.0,1,0,2.27,27,0.0,0.0,0.0
101.0,1,pa_8,E7,25.0,5,0.0,0,0.0,0.0,0,0,5,3,25.0,1,0,2.27,27,0.0,0.0,0.0
101.0,1,pa_8_rev,NEG_E7,25.0,5,0.0,0,0.0,0.0,0,0,5,3,25.0,1,0,2.27,27,0.0,0.0,0.0
102.0,1,pa_2,E0,20.0,4,0.0,0,0.0,0.0,0,0,4,3,25.0,1,0,2.27,27,0.0,0.0,0.0
102.0,1,pa_2_rev,NEG_E0,20.0,4,0.0,0,0.0,0.0,0,0,4,3,25.0,1,0,2.27,27,0.0,0.0,0.0
102.0,1,pa_3,E1,20.0,4,0.0,0,0.0,0.0,0,0,4,3,25.0,1,0,2.27,27,0.0,0.0,0.0
102.0,1,pa_3_rev,NEG_E1,20.0,4,0.0,0,0.0,0.0,0,0,4,3,25.0,1,0,2.27,27,0.0,0.0,0.0
102.0,1,pa_6,E5,25.0,5,25.0,1,20.0,0.0,0,0,4,3,25.0,1,0,2.27,27,25.0,0.12,0.2
102.0,1,pa_6_rev,NEG_E5,25.0,5,0.0,0,0.0,0.0,0,0,5,3,25.0,1,0,2.27,27,0.0,0.0,0.0
102.0,1,pa_7,E6,20.0,4,0.0,0,0.0,0.0,0,0,4,2,25.0,1,0,2.27,27,0.0,0.0,0.0
102.0,1,pa_7_rev,NEG_E6,20.0,4,0.0,0,0.0,0.0,0,0,4,2,25.0,1,0,2.27,27,0.0,0.0,0.0
102.0,1,pa_8,E7,25.0,5,0.0,0,0.0,0.0,0,0,5,3,25.0,1,0,2.27,27,0.0,0.0,0.0
102.0,1,pa_8_rev,NEG_E7,25.0,5,0.0,0,0.0,0.0,0,0,5,3,25.0,1,0,2.27,27,0.0,0.0,0.0
103.0,1,pa_2,E0,20.0,4,0.0,0,0.0,0.0,0,0,4,3,25.0,1,0,2.27,27,0.0,0.0,0.0
103.0,1,pa_2_rev,NEG_E0,20.0,4,0.0,0,0.0,0.0,0,0,4,3,25.0,1,0,2.27,27,0.0,0.0,0.0
103.0,1,pa_3,E1,20.0,4,0.0,0,0.0,0.0,0,0,4,3,25.0,1,0,2.27,27,0.0,0.0,0.0
103.0,1,pa_3_rev,NEG_E1,20.0,4,0.0,0,0.0,0.0,0,0,4,3,25.0,1,0,2.27,27,0.0,0.0,0.0
103.0,1,pa_6,E5,25.0,5,25.0,1,20.0,0.0,0,0,4,3,25.0,1,0,2.27,27,25.0,0.12,0.2
103.0,1,pa_6_rev,NEG_E5,25.0,5,0.0,0,0.0,0.0,0,0,5,3,25.0,1,0,2.27,27,0.0,0.0,0.0
103.0,1,pa_7,E6,20.0,4,0.0,0,0.0,0.0,0,0,4,2,25.0,1,0,2.27,27,0.0,0.0,0.0
103.0,1,pa_7_rev,NEG_E6,20.0,4,0.0,0,0.0,0.0,0,0,4,2,25.0,1,0,2.27,27,0.0,0.0,0.0
103.0,1,pa_8,E7,25.0,5,0.0,0,0.0,0.0,0,0,5,3,25.0,1,0,2.27,27,0.0,0.0,0.0
103.0,1,pa_8_rev,NEG_E7,25.0,5,0.0,0,0.0,0.0,0,0,5,3,25.0,1,0,2.27,27,0.0,0.0,0.0
104.0,1,pa_2,E0,20.0,4,0.0,0,0.0,0.0,0,0,4,3,25.0,1,0,2.27,27,0.0,0.0,0.0
104.0,1,pa_2_rev,NEG_E0,20.0,4,0.0,0,0.0,0.0,0,0,4,3,25.0,1,0,2.27,27,0.0,0.0,0.0
104.0,1,pa_3,E1,20.0,4,0.0,0,0.0,0.0,0,0,4,3,25.0,1,0,2.27,27,0.0,0.0,0.0
104.0,1,pa_3_rev,NEG_E1,20.0,4,0.0,0,0.0,0.0,0,0,4,3,25.0,1,0,2.27,27,0.0,0.0,0.0
104.0,1,pa_6,E5,25.0,5,25.0,1,20.0,0.0,0,0,4,3,25.0,1,0,2.27,27,25.0,0.12,0.2
104.0,1,pa_6_rev,NEG_E5,25.0,5,0.0,0,0.0,0.0,0,0,5,3,25.0,1,0,2.27,27,0.0,0.0,0.0
104.0,1,pa_7,E6,20.0,4,0.0,0,0.0,0.0,0,0,4,2,25.0,1,0,2.27,27,0.0,0.0,0.0
104.0,1,pa_7_rev,NEG_E6,20.0,4,0.0,0,0.0,0.0,0,0,4,2,25.0,1,0,2.27,27,0.0,0.0,0.0
104.0,1,pa_8,E7,25.0,5,0.0,0,0.0,0.0,0,0,5,3,25.0,1,0,2.27,27,0.0,0.0,0.0
104.0,1,pa_8_rev,NEG_E7,25.0,5,0.0,0,0.0,0.0,0,0,5,3,25.0,1,0,2.27,27,0.0,0.0,0.0
105.0,1,pa_2,E0,20.0,4,0.0,0,0.0,0.0,0,0,4,3,25.0,1,0,2.27,27,0.0,0.0,0.0
105.0,1,pa_2_rev,NEG_E0,20.0,4,0.0,0,0.0,0.0,0,0,4,3,25.0,1,0,2.27,27,0.0,0.0,0.0
105.0,1,pa_3,E1,20.0,4,0.0,0,0.0,0.0,0,0,4,3,25.0,1,0,2.27,27,0.0,0.0,0.0
105.0,1,pa_3_rev,NEG_E1,20.0,4,0.0,0,0.0,0.0,0,0,4,3,25.0,1,0,2.27,27,0.0,0.0,0.0
105.0,1,pa_6,E5,25.0,5,25.0,1,20.0,0.0,0,0,4,3,25.0,1,0,2.27,27,25.0,0.12,0.2
105.0,1,pa_6_rev,NEG_E5,25.0,5,0.0,0,0.0,0.0,0,0,5,3,25.0,1,0,2.27,27,0.0,0.0,0.0
105.0,1,pa_7,E6,20.0,4,0.0,0,0.0,0.0,0,0,4,2,25.0,1,0,2.27,27,0.0,0.0,0.0
105.0,1,pa_7_rev,NEG_E6,20.0,4,0.0,0,0.0,0.0,0,0,4,2,25.0,1,0,2.27,27,0.0,0.0,0.0
105.0,1,pa_8,E7,25.0,5,0.0,0,0.0,0.0,0,0,5,3,25.0,1,0,2.27,27,0.0,0.0,0.0
105.0,1,pa_8_rev,NEG_E7,25.0,5,0.0,0,0.0,0.0,0,0,5,3,25.0,1,0,2.27,27,0.0,0.0,0.0
106.0,1,pa_2,E0,20.0,4,0.0,0,0.0,0.0,0,0,4,3,25.0,1,0,2.27,28,0.0,0.0,0.0
106.0,1,pa_2_rev,NEG_E0,20.0,4,0.0,0,0.0,0.0,0,0,4,3,25.0,1,0,2.27,28,0.0,0.0,0.0
106.0,1,pa_3,E1,20.0,4,0.0,0,0.0,0.0,0,0,4,3,25.0,1,0,2.27,28,0.0,0.0,0.0
106.0,1,pa_3_rev,NEG_E1,20.0,4,0.0,0,0.0,0.0,0,0,4,3,25.0,1,0,2.27,28,0.0,0.0,0.0
106.0,1,pa_6,E5,25.0,5,25.0,1,20.0,0.0,0,0,4,3,25.0,1,0,2.27,28,25.0,0.12,0.2
106.0,1,pa_6_rev,NEG_E5,25.0,5,0.0,0,0.0,0.0,0,0,5,3,25.0,1,0,2.27,28,0.0,0.0,0.0
106.0,1,pa_7,E6,20.0,4,0.0,0,0.0,0.0,0,0,4,2,25.0,1,0,2.27,28,0.0,0.0,0.0
106.0,1,pa_7_rev,NEG_E6,20.0,4,0.0,0,0.0,0.0,0,0,4,2,25.0,1,0,2.27,28,0.0,0.0,0.0
106.0,1,pa_8,E7,25.0,5,0.0,0,0.0,0.0,0,0,5,3,25.0,1,0,2.27,28,0.0,0.0,0.0
106.0,1,pa_8_rev,NEG_E7,25.0,5,0.0,0,0.0,0.0,0,0,5,3,25.0,1,0,2.27,28,0.0,0.0,0.0
107.0,1,pa_2,E0,20.0,4,0.0,0,0.0,0.0,0,0,4,3,25.0,1,0,2.27,28,0.0,0.0,0.0
107.0,1,pa_2_rev,NEG_E0,20.0,4,0.0,0,0.0,0.0,0,0,4,3,25.0,1,0,2.27,28,0.0,0.0,0.0
107.0,1,pa_3,E1,20.0,4,0.0,0,0.0,0.0,0,0,4,3,25.0,1,0,2.27,28,0.0,0.0,0.0
107.0,1,pa_3_rev,NEG_E1,20.0,4,0.0,0,0.0,0.0,0,0,4,3,25.0,1,0,2.27,28,0.0,0.0,0.0
107.0,1,pa_6,E5,25.0,5,25.0,1,20.0,0.0,0,0,4,3,25.0,1,0,2.27,28,25.0,0.12,0.2
107.0,1,pa_6_rev,NEG_E5,25.0,5,0.0,0,0.0,0.0,0,0,5,3,25.0,1,0,2.27,28,0.0,0.0,0.0
107.0,1,pa_7,E6,20.0,4,0.0,0,0.0,0.0,0,0,4,2,25.0,1,0,2.27,28,0.0,0.0,0.0
107.0,1,pa_7_rev,NEG_E6,20.0,4,0.0,0,0.0,0.0,0,0,4,2,25.0,1,0,2.27,28,0.0,0.0,0.0
107.0,1,pa_8,E7,25.0,5,0.0,0,0.0,0.0,0,0,5,3,25.0,1,0,2.27,28,0.0,0.0,0.0
107.0,1,pa_8_rev,NEG_E7,25.0,5,0.0,0,0.0,0.0,0,0,5,3,25.0,1,0,2.27,28,0.0,0.0,0.0
108.0,1,pa_2,E0,20.0,4,0.0,0,0.0,0.0,0,0,4,3,25.0,1,0,2.27,28,0.0,0.0,0.0
108.0,1,pa_2_rev,NEG_E0,20.0,4,0.0,0,0.0,0.0,0,0,4,3,25.0,1,0,2.27,28,0.0,0.0,0.0
108.0,1,pa_3,E1,20.0,4,0.0,0,0.0,0.0,0,0,4,3,25.0,1,0,2.27,28,0.0,0.0,0.0
108.0,1,pa_3_rev,NEG_E1,20.0,4,0.0,0,0.0,0.0,0,0,4,3,25.0,1,0,2.27,28,0.0,0.0,0.0
108.0,1,pa_6,E5,25.0,5,25.0,1,20.0,0.0,0,0,4,3,25.0,1,0,2.27,28,25.0,0.12,0.2
108.0,1,pa_6_rev,NEG_E5,25.0,5,0.0,0,0.0,0.0,0,0,5,3,25.0,1,0,2.27,28,0.0,0.0,0.0
108.0,1,pa_7,E6,20.0,4,0.0,0,0.0,0.0,0,0,4,2,25.0,1,0,2.27,28,0.0,0.0,0.0
108.0,1,pa_7_rev,NEG_E6,20.0,4,0.0,0,0.0,0.0,0,0,4,2,25.0,1,0,2.27,28,0.0,0.0,0.0
108.0,1,pa_8,E7,25.0,5,0.0,0,0.0,0.0,0,0,5,3,25.0,1,0,2.27,28,0.0,0.0,0.0
108.0,1,pa_8_rev,NEG_E7,25.0,5,0.0,0,0.0,0.0,0,0,5,3,25.0,1,0,2.27,28,0.0,0.0,0.0
109.0,1,pa_2,E0,20.0,4,0.0,0,0.0,0.0,0,0,4,3,25.0,1,0,2.27,28,0.0,0.0,0.0
109.0,1,pa_2_rev,NEG_E0,20.0,4,0.0,0,0.0,0.0,0,0,4,3,25.0,1,0,2.27,28,0.0,0.0,0.0
109.0,1,pa_3,E1,20.0,4,0.0,0,0.0,0.0,0,0,4,3,25.0,1,0,2.27,28,0.0,0.0,0.0
109.0,1,pa_3_rev,NEG_E1,20.0,4,0.0,0,0.0,0.0,0,0,4,3,25.0,1,0,2.27,28,0.0,0.0,0.0
109.0,1,pa_6,E5,25.0,5,25.0,1,20.0,0.0,0,0,4,3,25.0,1,0,2.27,28,25.0,0.12,0.2
109.0,1,pa_6_rev,NEG_E5,25.0,5,0.0,0,0.0,0.0,0,0,5,3,25.0,1,0,2.27,28,0.0,0.0,0.0
109.0,1,pa_7,E6,20.0,4,0.0,0,0.0,0.0,0,0,4,2,25.0,1,0,2.27,28,0.0,0.0,0.0
109.0,1,pa_7_rev,NEG_E6,20.0,4,0.0,0,0.0,0.0,0,0,4,2,25.0,1,0,2.27,28,0.0,0.0,0.0
109.0,1,pa_8,E7,25.0,5,0.0,0,0.0,0.0,0,0,5,3,25.0,1,0,2.27,28,0.0,0.0,0.0
109.0,1,pa_8_rev,NEG_E7,25.0,5,0.0,0,0.0,0.0,0,0,5,3,25.0,1,0,2.27,28,0.0,0.0,0.0
110.0,1,pa_2,E0,20.0,4,0.0,0,0.0,0.0,0,0,4,3,25.0,1,0,2.27,28,0.0,0.0,0.0
110.0,1,pa_2_rev,NEG_E0,20.0,4,0.0,0,0.0,0.0,0,0,4,3,25.0,1,0,2.27,28,0.0,0.0,0.0
110.0,1,pa_3,E1,20.0,4,0.0,0,0.0,0.0,0,0,4,3,25.0,1,0,2.27,28,0.0,0.0,0.0
110.0,1,pa_3_rev,NEG_E1,20.0,4,0.0,0,0.0,0.0,0,0,4,3,25.0,1,0,2.27,28,0.0,0.0,0.0
110.0,1,pa_6,E5,25.0,5,25.0,1,20.0,0.0,0,0,4,3,25.0,1,0,2.27,28,25.0,0.12,0.2
110.0,1,pa_6_rev,NEG_E5,25.0,5,0.0,0,0.0,0.0,0,0,5,3,25.0,1,0,2.27,28,0.0,0.0,0.0
110.0,1,pa_7,E6,20.0,4,0.0,0,0.0,0.0,0,0,4,2,25.0,1,0,2.27,28,0.0,0.0,0.0
110.0,1,pa_7_rev,NEG_E6,20.0,4,0.0,0,0.0,0.0,0,0,4,2,25.0,1,0,2.27,28,0.0,0.0,0.0
110.0,1,pa_8,E7,25.0,5,0.0,0,0.0,0.0,0,0,5,3,25.0,1,0,2.27,28,0.0,0.0,0.0
110.0,1,pa_8_rev,NEG_E7,25.0,5,0.0,0,0.0,0.0,0,0,5,3,25.0,1,0,2.27,28,0.0,0.0,0.0
111.0,1,pa_2,E0,20.0,4,0.0,0,0.0,0.0,0,0,4,3,25.0,1,0,2.27,28,0.0,0.0,0.0
111.0,1,pa_2_rev,NEG_E0,20.0,4,0.0,0,0.0,0.0,0,0,4,3,25.0,1,0,2.27,28,0.0,0.0,0.0
111.0,1,pa_3,E1,20.0,4,0.0,0,0.0,0.0,0,0,4,3,25.0,1,0,2.27,28,0.0,0.0,0.0
111.0,1,pa_3_rev,NEG_E1,20.0,4,0.0,0,0.0,0.0,0,0,4,3,25.0,1,0,2.27,28,0.0,0.0,0.0
111.0,1,pa_6,E5,25.0,5,25.0,1,20.0,0.0,0,0,4,3,25.0,1,0,2.27,28,25.0,0.12,0.2
111.0,1,pa_6_rev,NEG_E5,25.0,5,0.0,0,0.0,0.0,0,0,5,3,25.0,1,0,2.27,28,0.0,0.0,0.0
111.0,1,pa_7,E6,20.0,4,0.0,0,0.0,0.0,0,0,4,2,25.0,1,0,2.27,28,0.0,0.0,0.0
111.0,1,pa_7_rev,NEG_E6,20.0,4,0.0,0,0.0,0.0,0,0,4,2,25.0,1,0,2.27,28,0.0,0.0,0.0
111.0,1,pa_8,E7,25.0,5,0.0,0,0.0,0.0,0,0,5,3,25.0,1,0,2.27,28,0.0,0.0,0.0
111.0,1,pa_8_rev,NEG_E7,25.0,5,0.0,0,0.0,0.0,0,0,5,3,25.0,1,0,2.27,28,0.0,0.0,0.0
112.0,1,pa_2,E0,20.0,4,0.0,0,0.0,0.0,0,0,4,3,25.0,1,0,2.27,28,0.0,0.0,0.0
112.0,1,pa_2_rev,NEG_E0,20.0,4,0.0,0,0.0,0.0,0,0,4,3,25.0,1,0,2.27,28,0.0,0.0,0.0
112.0,1,pa_3,E1,20.0,4,0.0,0,0.0,0.0,0,0,4,3,25.0,1,0,2.27,28,0.0,0.0,0.0
112.0,1,pa_3_rev,NEG_E1,20.0,4,0.0,0,0.0,0.0,0,0,4,3,25.0,1,0,2.27,28,0.0,0.0,0.0
112.0,1,pa_6,E5,25.0,5,25.0,1,20.0,0.0,0,0,4,3,25.0,1,0,2.27,28,25.0,0.12,0.2
112.0,1,pa_6_rev,NEG_E5,25.0,5,0.0,0,0.0,0.0,0,0,5,3,25.0,1,0,2.27,28,0.0,0.0,0.0
112.0,1,pa_7,E6,20.0,4,0.0,0,0.0,0.0,0,0,4,2,25.0,1,0,2.27,28,0.0,0.0,0.0
112.0,1,pa_7_rev,NEG_E6,20.0,4,0.0,0,0.0,0.0,0,0,4,2,25.0,1,0,2.27,28,0.0,0.0,0.0
112.0,1,pa_8,E7,25.0,5,0.0,0,0.0,0.0,0,0,5,3,25.0,1,0,2.27,28,0.0,0.0,0.0
112.0,1,pa_8_rev,NEG_E7,25.0,5,0.0,0,0.0,0.0,0,0,5,3,25.0,1,0,2.27,28,0.0,0.0,0.0
113.0,1,pa_2,E0,20.0,4,0.0,0,0.0,0.0,0,0,4,3,25.0,1,0,2.27,28,0.0,0.0,0.0
113.0,1,pa_2_rev,NEG_E0,20.0,4,0.0,0,0.0,0.0,0,0,4,3,25.0,1,0,2.27,28,0.0,0.0,0.0
113.0,1,pa_3,E1,20.0,4,0.0,0,0.0,0.0,0,0,4,3,25.0,1,0,2.27,28,0.0,0.0,0.0
113.0,1,pa_3_rev,NEG_E1,20.0,4,0.0,0,0.0,0.0,0,0,4,3,25.0,1,0,2.27,28,0.0,0.0,0.0
113.0,1,pa_6,E5,25.0,5,25.0,1,20.0,0.0,0,0,4,3,25.0,1,0,2.27,28,25.0,0.12,0.2
113.0,1,pa_6_rev,NEG_E5,25.0,5,0.0,0,0.0,0.0,0,0,5,3,25.0,1,0,2.27,28,0.0,0.0,0.0
113.0,1,pa_7,E6,20.0,4,0.0,0,0.0,0.0,0,0,4,2,25.0,1,0,2.27,28,0.0,0.0,0.0
113.0,1,pa_7_rev,NEG_E6,20.0,4,0.0,0,0.0,0.0,0,0,4,2,25.0,1,0,2.27,28,0.0,0.0,0.0
113.0,1,pa_8,E7,25.0,5,0.0,0,0.0,0.0,0,0,5,3,25.0,1,0,2.27,28,0.0,0.0,0.0
113.0,1,pa_8_rev,NEG_E7,25.0,5,0.0,0,0.0,0.0,0,0,5,3,25.0,1,0,2.27,28,0.0,0.0,0.0
114.0,1,pa_2,E0,20.0,4,0.0,0,0.0,0.0,0,0,4,3,25.0,1,0,2.27,28,0.0,0.0,0.0
114.0,1,pa_2_rev,NEG_E0,20.0,4,0.0,0,0.0,0.0,0,0,4,3,25.0,1,0,2.27,28,0.0,0.0,0.0
114.0,1,pa_3,E1,20.0,4,0.0,0,0.0,0.0,0,0,4,3,25.0,1,0,2.27,28,0.0,0.0,0.0
114.0,1,pa_3_rev,NEG_E1,20.0,4,0.0,0,0.0,0.0,0,0,4,3,25.0,1,0,2.27,28,0.0,0.0,0.0
114.0,1,pa_6,E5,25.0,5,25.0,1,20.0,0.0,0,0,4,3,25.0,1,0,2.27,28,25.0,0.12,0.2
114.0,1,pa_6_rev,NEG_E5,25.0,5,0.0,0,0.0,0.0,0,0,5,3,25.0,1,0,2.27,28,0.0,0.0,0.0
114.0,1,pa_7,E6,20.0,4,0.0,0,0.0,0.0,0,0,4,2,25.0,1,0,2.27,28,0.0,0.0,0.0
114.0,1,pa_7_rev,NEG_E6,20.0,4,0.0,0,0.0,0.0,0,0,4,2,25.0,1,0,2.27,28,0.0,0.0,0.0
114.0,1,pa_8,E7,25.0,5,0.0,0,0.0,0.0,0,0,5,3,25.0,1,0,2.27,28,0.0,0.0,0.0
114.0,1,pa_8_rev,NEG_E7,25.0,5,0.0,0,0.0,0.0,0,0,5,3,25.0,1,0,2.27,28,0.0,0.0,0.0
115.0,1,pa_2,E0,20.0,4,0.0,0,0.0,0.0,0,0,4,3,25.0,1,0,2.27,28,0.0,0.0,0.0
115.0,1,pa_2_rev,NEG_E0,20.0,4,0.0,0,0.0,0.0,0,0,4,3,25.0,1,0,2.27,28,0.0,0.0,0.0
115.0,1,pa_3,E1,20.0,4,0.0,0,0.0,0.0,0,0,4,3,25.0,1,0,2.27,28,0.0,0.0,0.0
115.0,1,pa_3_rev,NEG_E1,20.0,4,0.0,0,0.0,0.0,0,0,4,3,25.0,1,0,2.27,28,0.0,0.0,0.0
115.0,1,pa_6,E5,25.0,5,25.0,1,20.0,0.0,0,0,4,3,25.0,1,0,2.27,28,25.0,0.12,0.2
115.0,1,pa_6_rev,NEG_E5,25.0,5,0.0,0,0.0,0.0,0,0,5,3,25.0,1,0,2.27,28,0.0,0.0,0.0
115.0,1,pa_7,E6,20.0,4,0.0,0,0.0,0.0,0,0,4,2,25.0,1,0,2.27,28,0.0,0.0,0.0
115.0,1,pa_7_rev,NEG_E6,20.0,4,0.0,0,0.0,0.0,0,0,4,2,25.0,1,0,2.27,28,0.0,0.0,0.0
115.0,1,pa_8,E7,25.0,5,0.0,0,0.0,0.0,0,0,5,3,25.0,1,0,2.27,28,0.0,0.0,0.0
115.0,1,pa_8_rev,NEG_E7,25.0,5,0.0,0,0.0,0.0,0,0,5,3,25.0,1,0,2.27,28,0.0,0.0,0.0
116.0,1,pa_2,E0,20.0,4,20.0,1,25.0,0.0,0,0,3,3,45.0,2,0,4.55,28,20.0,0.14,0.25
116.0,1,pa_2_rev,NEG_E0,20.0,4,0.0,0,0.0,0.0,0,0,4,3,45.0,2,0,4.55,28,0.0,0.0,0.0
116.0,1,pa_3,E1,20.0,4,0.0,0,0.0,0.0,0,0,4,3,45.0,2,0,4.55,28,0.0,0.0,0.0
116.0,1,pa_3_rev,NEG_E1,20.0,4,0.0,0,0.0,0.0,0,0,4,3,45.0,2,0,4.55,28,0.0,0.0,0.0
116.0,1,pa_6,E5,25.0,5,25.0,1,20.0,0.0,0,0,4,3,45.0,2,0,4.55,28,25.0,0.12,0.2
116.0,1,pa_6_rev,NEG_E5,25.0,5,0.0,0,0.0,0.0,0,0,5,3,45.0,2,0,4.55,28,0.0,0.0,0.0
116.0,1,pa_7,E6,20.0,4,0.0,0,0.0,0.0,0,0,4,2,45.0,2,0,4.55,28,0.0,0.0,0.0
116.0,1,pa_7_rev,NEG_E6,20.0,4,0.0,0,0.0,0.0,0,0,4,2,45.0,2,0,4.55,28,0.0,0.0,0.0
116.0,1,pa_8,E7,25.0,5,0.0,0,0.0,0.0,0,0,5,3,45.0,2,0,4.55,28,0.0,0.0,0.0
116.0,1,pa_8_rev,NEG_E7,25.0,5,0.0,0,0.0,0.0,0,0,5,3,45.0,2,0,4.55,28,0.0,0.0,0.0
117.0,1,pa_2,E0,20.0,4,20.0,1,25.0,0.0,0,0,3,3,45.0,2,0,4.55,28,20.0,0.14,0.25
117.0,1,pa_2_rev,NEG_E0,20.0,4,0.0,0,0.0,0.0,0,0,4,3,45.0,2,0,4.55,28,0.0,0.0,0.0
117.0,1,pa_3,E1,20.0,4,0.0,0,0.0,0.0,0,0,4,3,45.0,2,0,4.55,28,0.0,0.0,0.0
117.0,1,pa_3_rev,NEG_E1,20.0,4,0.0,0,0.0,0.0,0,0,4,3,45.0,2,0,4.55,28,0.0,0.0,0.0
117.0,1,pa_6,E5,25.0,5,25.0,1,20.0,0.0,0,0,4,3,45.0,2,0,4.55,28,25.0,0.12,0.2
117.0,1,pa_6_rev,NEG_E5,25.0,5,0.0,0,0.0,0.0,0,0,5,3,45.0,2,0,4.55,28,0.0,0.0,0.0
117.0,1,pa_7,E6,20.0,4,0.0,0,0.0,0.0,0,0,4,2,45.0,2,0,4.55,28,0.0,0.0,0.0
117.0,1,pa_7_rev,NEG_E6,20.0,4,0.0,0,0.0,0.0,0,0,4,2,45.0,2,0,4.55,28,0.0,0.0,0.0
117.0,1,pa_8,E7,25.0,5,0.0,0,0.0,0.0,0,0,5,3,45.0,2,0,4.55,28,0.0,0.0,0.0
117.0,1,pa_8_rev,NEG_E7,25.0,5,0.0,0,0.0,0.0,0,0,5,3,45.0,2,0,4.55,28,0.0,0.0,0.0
118.0,1,pa_2,E0,20.0,4,20.0,1,25.0,0.0,0,0,3,3,45.0,2,0,4.55,28,20.0,0.14,0.25
118.0,1,pa_2_rev,NEG_E0,20.0,4,0.0,0,0.0,0.0,0,0,4,3,45.0,2,0,4.55,28,0.0,0.0,0.0
118.0,1,pa_3,E1,20.0,4,0.0,0,0.0,0.0,0,0,4,3,45.0,2,0,4.55,28,0.0,0.0,0.0
118.0,1,pa_3_rev,NEG_E1,20.0,4,0.0,0,0.0,0.0,0,0,4,3,45.0,2,0,4.55,28,0.0,0.0,0.0
118.0,1,pa_6,E5,25.0,5,25.0,1,20.0,0.0,0,0,4,3,45.0,2,0,4.55,28,25.0,0.12,0.2
118.0,1,pa_6_rev,NEG_E5,25.0,5,0.0,0,0.0,0.0,0,0,5,3,45.0,2,0,4.55,28,0.0,0.0,0.0
118.0,1,pa_7,E6,20.0,4,0.0,0,0.0,0.0,0,0,4,2,45.0,2,0,4.55,28,0.0,0.0,0.0
118.0,1,pa_7_rev,NEG_E6,20.0,4,0.0,0,0.0,0.0,0,0,4,2,45.0,2,0,4.55,28,0.0,0.0,0.0
118.0,1,pa_8,E7,25.0,5,0.0,0,0.0,0.0,0,0,5,3,45.0,2,0,4.55,28,0.0,0.0,0.0
118.0,1,pa_8_rev,NEG_E7,25.0,5,0.0,0,0.0,0.0,0,0,5,3,45.0,2,0,4.55,28,0.0,0.0,0.0
119.0,1,pa_2,E0,20.0,4,40.0,2,50.0,0.0,0,0,2,3,65.0,3,0,6.82,28,20.0,0.29,0.5
119.0,1,pa_2_rev,NEG_E0,20.0,4,0.0,0,0.0,0.0,0,0,4,3,65.0,3,0,6.82,28,0.0,0.0,0.0
119.0,1,pa_3,E1,20.0,4,0.0,0,0.0,0.0,0,0,4,3,65.0,3,0,6.82,28,0.0,0.0,0.0
119.0,1,pa_3_rev,NEG_E1,20.0,4,0.0,0,0.0,0.0,0,0,4,3,65.0,3,0,6.82,28,0.0,0.0,0.0
119.0,1,pa_6,E5,25.0,5,25.0,1,20.0,0.0,0,0,4,3,65.0,3,0,6.82,28,25.0,0.12,0.2
119.0,1,pa_6_rev,NEG_E5,25.0,5,0.0,0,0.0,0.0,0,0,5,3,65.0,3,0,6.82,28,0.0,0.0,0.0
119.0,1,pa_7,E6,20.0,4,0.0,0,0.0,0.0,0,0,4,2,65.0,3,0,6.82,28,0.0,0.0,0.0
119.0,1,pa_7_rev,NEG_E6,20.0,4,0.0,0,0.0,0.0,0,0,4,2,65.0,3,0,6.82,28,0.0,0.0,0.0
119.0,1,pa_8,E7,25.0,5,0.0,0,0.0,0.0,0,0,5,3,65.0,3,0,6.82,28,0.0,0.0,0.0
119.0,1,pa_8_rev,NEG_E7,25.0,5,0.0,0,0.0,0.0,0,0,5,3,65.0,3,0,6.82,28,0.0,0.0,0.0
120.0,2,pa_2,E0,20.0,4,40.0,2,50.0,0.0,0,0,2,3,65.0,3,0,6.82,28,20.0,0.29,0.5
120.0,2,pa_2_rev,NEG_E0,20.0,4,0.0,0,0.0,0.0,0,0,4,3,65.0,3,0,6.82,28,0.0,0.0,0.0
120.0,2,pa_3,E1,20.0,4,0.0,0,0.0,0.0,0,0,4,3,65.0,3,0,6.82,28,0.0,0.0,0.0
120.0,2,pa_3_rev,NEG_E1,20.0,4,0.0,0,0.0,0.0,0,0,4,3,65.0,3,0,6.82,28,0.0,0.0,0.0
120.0,2,pa_6,E5,25.0,5,25.0,1,20.0,0.0,0,0,4,3,65.0,3,0,6.82,28,25.0,0.12,0.2
120.0,2,pa_6_rev,NEG_E5,25.0,5,0.0,0,0.0,0.0,0,0,5,3,65.0,3,0,6.82,28,0.0,0.0,0.0
120.0,2,pa_7,E6,20.0,4,0.0,0,0.0,0.0,0,0,4,2,65.0,3,0,6.82,28,0.0,0.0,0.0
120.0,2,pa_7_rev,NEG_E6,20.0,4,0.0,0,0.0,0.0,0,0,4,2,65.0,3,0,6.82,28,0.0,0.0,0.0
120.0,2,pa_8,E7,25.0,5,0.0,0,0.0,0.0,0,0,5,3,65.0,3,0,6.82,28,0.0,0.0,0.0
120.0,2,pa_8_rev,NEG_E7,25.0,5,0.0,0,0.0,0.0,0,0,5,3,65.0,3,0,6.82,28,0.0,0.0,0.0
121.0,2,pa_2,E0,20.0,4,40.0,2,50.0,0.0,0,0,2,3,65.0,3,0,6.82,29,20.0,0.29,0.5
121.0,2,pa_2_rev,NEG_E0,20.0,4,0.0,0,0.0,0.0,0,0,4,3,65.0,3,0,6.82,29,0.0,0.0,0.0
121.0,2,pa_3,E1,20.0,4,0.0,0,0.0,0.0,0,0,4,3,65.0,3,0,6.82,29,0.0,0.0,0.0
121.0,2,pa_3_rev,NEG_E1,20.0,4,0.0,0,0.0,0.0,0,0,4,3,65.0,3,0,6.82,29,0.0,0.0,0.0
121.0,2,pa_6,E5,25.0,5,25.0,1,20.0,0.0,0,0,4,3,65.0,3,0,6.82,29,25.0,0.12,0.2
121.0,2,pa_6_rev,NEG_E5,25.0,5,0.0,0,0.0,0.0,0,0,5,3,65.0,3,0,6.82,29,0.0,0.0,0.0
121.0,2,pa_7,E6,20.0,4,0.0,0,0.0,0.0,0,0,4,2,65.0,3,0,6.82,29,0.0,0.0,0.0
121.0,2,pa_7_rev,NEG_E6,20.0,4,0.0,0,0.0,0.0,0,0,4,2,65.0,3,0,6.82,29,0.0,0.0,0.0
121.0,2,pa_8,E7,25.0,5,0.0,0,0.0,0.0,0,0,5,3,65.0,3,0,6.82,29,0.0,0.0,0.0
121.0,2,pa_8_rev,NEG_E7,25.0,5,0.0,0,0.0,0.0,0,0,5,3,65.0,3,0,6.82,29,0.0,0.0,0.0
122.0,2,pa_2,E0,20.0,4,60.0,3,75.0,0.0,0,0,1,3,85.0,4,0,9.09,29,20.0,0.43,0.75
122.0,2,pa_2_rev,NEG_E0,20.0,4,0.0,0,0.0,0.0,0,0,4,3,85.0,4,0,9.09,29,0.0,0.0,0.0
122.0,2,pa_3,E1,20.0,4,0.0,0,0.0,0.0,0,0,4,3,85.0,4,0,9.09,29,0.0,0.0,0.0
122.0,2,pa_3_rev,NEG_E1,20.0,4,0.0,0,0.0,0.0,0,0,4,3,85.0,4,0,9.09,29,0.0,0.0,0.0
122.0,2,pa_6,E5,25.0,5,25.0,1,20.0,0.0,0,0,4,3,85.0,4,0,9.09,29,25.0,0.12,0.2
122.0,2,pa_6_rev,NEG_E5,25.0,5,0.0,0,0.0,0.0,0,0,5,3,85.0,4,0,9.09,29,0.0,0.0,0.0
122.0,2,pa_7,E6,20.0,4,0.0,0,0.0,0.0,0,0,4,2,85.0,4,0,9.09,29,0.0,0.0,0.0
122.0,2,pa_7_rev,NEG_E6,20.0,4,0.0,0,0.0,0.0,0,0,4,2,85.0,4,0,9.09,29,0.0,0.0,0.0
122.0,2,pa_8,E7,25.0,5,0.0,0,0.0,0.0,0,0,5,3,85.0,4,0,9.09,29,0.0,0.0,0.0
122.0,2,pa_8_rev,NEG_E7,25.0,5,0.0,0,0.0,0.0,0,0,5,3,85.0,4,0,9.09,29,0.0,0.0,0.0
123.0,2,pa_2,E0,20.0,4,60.0,3,75.0,0.0,0,0,1,3,85.0,4,0,9.09,29,20.0,0.43,0.75
123.0,2,pa_2_rev,NEG_E0,20.0,4,0.0,0,0.0,0.0,0,0,4,3,85.0,4,0,9.09,29,0.0,0.0,0.0
123.0,2,pa_3,E1,20.0,4,0.0,0,0.0,0.0,0,0,4,3,85.0,4,0,9.09,29,0.0,0.0,0.0
123.0,2,pa_3_rev,NEG_E1,20.0,4,0.0,0,0.0,0.0,0,0,4,3,85.0,4,0,9.09,29,0.0,0.0,0.0
123.0,2,pa_6,E5,25.0,5,25.0,1,20.0,0.0,0,0,4,3,85.0,4,0,9.09,29,25.0,0.12,0.2
123.0,2,pa_6_rev,NEG_E5,25.0,5,0.0,0,0.0,0.0,0,0,5,3,85.0,4,0,9.09,29,0.0,0.0,0.0
123.0,2,pa_7,E6,20.0,4,0.0,0,0.0,0.0,0,0,4,2,85.0,4,0,9.09,29,0.0,0.0,0.0
123.0,2,pa_7_rev,NEG_E6,20.0,4,0.0,0,0.0,0.0,0,0,4,2,85.0,4,0,9.09,29,0.0,0.0,0.0
123.0,2,pa_8,E7,25.0,5,0.0,0,0.0,0.0,0,0,5,3,85.0,4,0,9.09,29,0.0,0.0,0.0
123.0,2,pa_8_rev,NEG_E7,25.0,5,0.0,0,0.0,0.0,0,0,5,3,85.0,4,0,9.09,29,0.0,0.0,0.0
124.0,2,pa_2,E0,20.0,4,60.0,3,75.0,0.0,0,0,1,3,85.0,4,0,9.09,29,20.0,0.43,0.75
124.0,2,pa_2_rev,NEG_E0,20.0,4,0.0,0,0.0,0.0,0,0,4,3,85.0,4,0,9.09,29,0.0,0.0,0.0
124.0,2,pa_3,E1,20.0,4,0.0,0,0.0,0.0,0,0,4,3,85.0,4,0,9.09,29,0.0,0.0,0.0
124.0,2,pa_3_rev,NEG_E1,20.0,4,0.0,0,0.0,0.0,0,0,4,3,85.0,4,0,9.09,29,0.0,0.0,0.0
124.0,2,pa_6,E5,25.0,5,25.0,1,20.0,0.0,0,0,4,3,85.0,4,0,9.09,29,25.0,0.12,0.2
124.0,2,pa_6_rev,NEG_E5,25.0,5,0.0,0,0.0,0.0,0,0,5,3,85.0,4,0,9.09,29,0.0,0.0,0.0
124.0,2,pa_7,E6,20.0,4,0.0,0,0.0,0.0,0,0,4,2,85.0,4,0,9.09,29,0.0,0.0,0.0
124.0,2,pa_7_rev,NEG_E6,20.0,4,0.0,0,0.0,0.0,0,0,4,2,85.0,4,0,9.09,29,0.0,0.0,0.0
124.0,2,pa_8,E7,25.0,5,0.0,0,0.0,0.0,0,0,5,3,85.0,4,0,9.09,29,0.0,0.0,0.0
124.0,2,pa_8_rev,NEG_E7,25.0,5,0.0,0,0.0,0.0,0,0,5,3,85.0,4,0,9.09,29,0.0,0.0,0.0
125.0,2,pa_2,E0,20.0,4,60.0,3,75.0,0.0,0,0,1,3,85.0,4,0,9.09,29,20.0,0.43,0.75
125.0,2,pa_2_rev,NEG_E0,20.0,4,0.0,0,0.0,0.0,0,0,4,3,85.0,4,0,9.09,29,0.0,0.0,0.0
125.0,2,pa_3,E1,20.0,4,0.0,0,0.0,0.0,0,0,4,3,85.0,4,0,9.09,29,0.0,0.0,0.0
125.0,2,pa_3_rev,NEG_E1,20.0,4,0.0,0,0.0,0.0,0,0,4,3,85.0,4,0,9.09,29,0.0,0.0,0.0
125.0,2,pa_6,E5,25.0,5,25.0,1,20.0,0.0,0,0,4,3,85.0,4,0,9.09,29,25.0,0.12,0.2
125.0,2,pa_6_rev,NEG_E5,25.0,5,0.0,0,0.0,0.0,0,0,5,3,85.0,4,0,9.09,29,0.0,0.0,0.0
125.0,2,pa_7,E6,20.0,4,0.0,0,0.0,0.0,0,0,4,2,85.0,4,0,9.09,29,0.0,0.0,0.0
125.0,2,pa_7_rev,NEG_E6,20.0,4,0.0,0,0.0,0.0,0,0,4,2,85.0,4,0,9.09,29,0.0,0.0,0.0
125.0,2,pa_8,E7,25.0,5,0.0,0,0.0,0.0,0,0,5,3,85.0,4,0,9.09,29,0.0,0.0,0.0
125.0,2,pa_8_rev,NEG_E7,25.0,5,0.0,0,0.0,0.0,0,0,5,3,85.0,4,0,9.09,29,0.0,0.0,0.0
126.0,2,pa_2,E0,20.0,4,60.0,3,75.0,0.0,0,0,1,3,85.0,4,0,9.09,29,20.0,0.43,0.75
126.0,2,pa_2_rev,NEG_E0,20.0,4,0.0,0,0.0,0.0,0,0,4,3,85.0,4,0,9.09,29,0.0,0.0,0.0
126.0,2,pa_3,E1,20.0,4,0.0,0,0.0,0.0,0,0,4,3,85.0,4,0,9.09,29,0.0,0.0,0.0
126.0,2,pa_3_rev,NEG_E1,20.0,4,0.0,0,0.0,0.0,0,0,4,3,85.0,4,0,9.09,29,0.0,0.0,0.0
126.0,2,pa_6,E5,25.0,5,25.0,1,20.0,0.0,0,0,4,3,85.0,4,0,9.09,29,25.0,0.12,0.2
126.0,2,pa_6_rev,NEG_E5,25.0,5,0.0,0,0.0,0.0,0,0,5,3,85.0,4,0,9.09,29,0.0,0.0,0.0
126.0,2,pa_7,E6,20.0,4,0.0,0,0.0,0.0,0,0,4,2,85.0,4,0,9.09,29,0.0,0.0,0.0
126.0,2,pa_7_rev,NEG_E6,20.0,4,0.0,0,0.0,0.0,0,0,4,2,85.0,4,0,9.09,29,0.0,0.0,0.0
126.0,2,pa_8,E7,25.0,5,0.0,0,0.0,0.0,0,0,5,3,85.0,4,0,9.09,29,0.0,0.0,0.0
126.0,2,pa_8_rev,NEG_E7,25.0,5,0.0,0,0.0,0.0,0,0,5,3,85.0,4,0,9.09,29,0.0,0.0,0.0
127.0,2,pa_2,E0,20.0,4,60.0,3,75.0,0.0,0,0,1,3,85.0,4,0,9.09,29,20.0,0.43,0.75
127.0,2,pa_2_rev,NEG_E0,20.0,4,0.0,0,0.0,0.0,0,0,4,3,85.0,4,0,9.09,29,0.0,0.0,0.0
127.0,2,pa_3,E1,20.0,4,0.0,0,0.0,0.0,0,0,4,3,85.0,4,0,9.09,29,0.0,0.0,0.0
127.0,2,pa_3_rev,NEG_E1,20.0,4,0.0,0,0.0,0.0,0,0,4,3,85.0,4,0,9.09,29,0.0,0.0,0.0
127.0,2,pa_6,E5,25.0,5,25.0,1,20.0,0.0,0,0,4,3,85.0,4,0,9.09,29,25.0,0.12,0.2
127.0,2,pa_6_rev,NEG_E5,25.0,5,0.0,0,0.0,0.0,0,0,5,3,85.0,4,0,9.09,29,0.0,0.0,0.0
127.0,2,pa_7,E6,20.0,4,0.0,0,0.0,0.0,0,0,4,2,85.0,4,0,9.09,29,0.0,0.0,0.0
127.0,2,pa_7_rev,NEG_E6,20.0,4,0.0,0,0.0,0.0,0,0,4,2,85.0,4,0,9.09,29,0.0,0.0,0.0
127.0,2,pa_8,E7,25.0,5,0.0,0,0.0,0.0,0,0,5,3,85.0,4,0,9.09,29,0.0,0.0,0.0
127.0,2,pa_8_rev,NEG_E7,25.0,5,0.0,0,0.0,0.0,0,0,5,3,85.0,4,0,9.09,29,0.0,0.0,0.0
128.0,2,pa_2,E0,20.0,4,60.0,3,75.0,0.0,0,0,1,3,85.0,4,0,9.09,29,20.0,0.43,0.75
128.0,2,pa_2_rev,NEG_E0,20.0,4,0.0,0,0.0,0.0,0,0,4,3,85.0,4,0,9.09,29,0.0,0.0,0.0
128.0,2,pa_3,E1,20.0,4,0.0,0,0.0,0.0,0,0,4,3,85.0,4,0,9.09,29,0.0,0.0,0.0
128.0,2,pa_3_rev,NEG_E1,20.0,4,0.0,0,0.0,0.0,0,0,4,3,85.0,4,0,9.09,29,0.0,0.0,0.0
128.0,2,pa_6,E5,25.0,5,25.0,1,20.0,0.0,0,0,4,3,85.0,4,0,9.09,29,25.0,0.12,0.2
128.0,2,pa_6_rev,NEG_E5,25.0,5,0.0,0,0.0,0.0,0,0,5,3,85.0,4,0,9.09,29,0.0,0.0,0.0
128.0,2,pa_7,E6,20.0,4,0.0,0,0.0,0.0,0,0,4,2,85.0,4,0,9.09,29,0.0,0.0,0.0
128.0,2,pa_7_rev,NEG_E6,20.0,4,0.0,0,0.0,0.0,0,0,4,2,85.0,4,0,9.09,29,0.0,0.0,0.0
128.0,2,pa_8,E7,25.0,5,0.0,0,0.0,0.0,0,0,5,3,85.0,4,0,9.09,29,0.0,0.0,0.0
128.0,2,pa_8_rev,NEG_E7,25.0,5,0.0,0,0.0,0.0,0,0,5,3,85.0,4,0,9.09,29,0.0,0.0,0.0
129.0,2,pa_2,E0,20.0,4,60.0,3,75.0,0.0,0,0,1,3,85.0,4,0,9.09,29,20.0,0.43,0.75
129.0,2,pa_2_rev,NEG_E0,20.0,4,0.0,0,0.0,0.0,0,0,4,3,85.0,4,0,9.09,29,0.0,0.0,0.0
129.0,2,pa_3,E1,20.0,4,0.0,0,0.0,0.0,0,0,4,3,85.0,4,0,9.09,29,0.0,0.0,0.0
129.0,2,pa_3_rev,NEG_E1,20.0,4,0.0,0,0.0,0.0,0,0,4,3,85.0,4,0,9.09,29,0.0,0.0,0.0
129.0,2,pa_6,E5,25.0,5,25.0,1,20.0,0.0,0,0,4,3,85.0,4,0,9.09,29,25.0,0.12,0.2
129.0,2,pa_6_rev,NEG_E5,25.0,5,0.0,0,0.0,0.0,0,0,5,3,85.0,4,0,9.09,29,0.0,0.0,0.0
129.0,2,pa_7,E6,20.0,4,0.0,0,0.0,0.0,0,0,4,2,85.0,4,0,9.09,29,0.0,0.0,0.0
129.0,2,pa_7_rev,NEG_E6,20.0,4,0.0,0,0.0,0.0,0,0,4,2,85.0,4,0,9.09,29,0.0,0.0,0.0
129.0,2,pa_8,E7,25.0,5,0.0,0,0.0,0.0,0,0,5,3,85.0,4,0,9.09,29,0.0,0.0,0.0
129.0,2,pa_8_rev,NEG_E7,25.0,5,0.0,0,0.0,0.0,0,0,5,3,85.0,4,0,9.09,29,0.0,0.0,0.0
130.0,2,pa_2,E0,20.0,4,60.0,3,75.0,0.0,0,0,1,3,85.0,4,0,9.09,29,20.0,0.43,0.75
130.0,2,pa_2_rev,NEG_E0,20.0,4,0.0,0,0.0,0.0,0,0,4,3,85.0,4,0,9.09,29,0.0,0.0,0.0
130.0,2,pa_3,E1,20.0,4,0.0,0,0.0,0.0,0,0,4,3,85.0,4,0,9.09,29,0.0,0.0,0.0
130.0,2,pa_3_rev,NEG_E1,20.0,4,0.0,0,0.0,0.0,0,0,4,3,85.0,4,0,9.09,29,0.0,0.0,0.0
130.0,2,pa_6,E5,25.0,5,25.0,1,20.0,0.0,0,0,4,3,85.0,4,0,9.09,29,25.0,0.12,0.2
130.0,2,pa_6_rev,NEG_E5,25.0,5,0.0,0,0.0,0.0,0,0,5,3,85.0,4,0,9.09,29,0.0,0.0,0.0
130.0,2,pa_7,E6,20.0,4,0.0,0,0.0,0.0,0,0,4,2,85.0,4,0,9.09,29,0.0,0.0,0.0
130.0,2,pa_7_rev,NEG_E6,20.0,4,0.0,0,0.0,0.0,0,0,4,2,85.0,4,0,9.09,29,0.0,0.0,0.0
130.0,2,pa_8,E7,25.0,5,0.0,0,0.0,0.0,0,0,5,3,85.0,4,0,9.09,29,0.0,0.0,0.0
130.0,2,pa_8_rev,NEG_E7,25.0,5,0.0,0,0.0,0.0,0,0,5,3,85.0,4,0,9.09,29,0.0,0.0,0.0
131.0,2,pa_2,E0,20.0,4,60.0,3,75.0,0.0,0,0,1,3,85.0,4,0,9.09,29,20.0,0.43,0.75
131.0,2,pa_2_rev,NEG_E0,20.0,4,0.0,0,0.0,0.0,0,0,4,3,85.0,4,0,9.09,29,0.0,0.0,0.0
131.0,2,pa_3,E1,20.0,4,0.0,0,0.0,0.0,0,0,4,3,85.0,4,0,9.09,29,0.0,0.0,0.0
131.0,2,pa_3_rev,NEG_E1,20.0,4,0.0,0,0.0,0.0,0,0,4,3,85.0,4,0,9.09,29,0.0,0.0,0.0
131.0,2,pa_6,E5,25.0,5,25.0,1,20.0,0.0,0,0,4,3,85.0,4,0,9.09,29,25.0,0.12,0.2
131.0,2,pa_6_rev,NEG_E5,25.0,5,0.0,0,0.0,0.0,0,0,5,3,85.0,4,0,9.09,29,0.0,0.0,0.0
131.0,2,pa_7,E6,20.0,4,0.0,0,0.0,0.0,0,0,4,2,85.0,4,0,9.09,29,0.0,0.0,0.0
131.0,2,pa_7_rev,NEG_E6,20.0,4,0.0,0,0.0,0.0,0,0,4,2,85.0,4,0,9.09,29,0.0,0.0,0.0
131.0,2,pa_8,E7,25.0,5,0.0,0,0.0,0.0,0,0,5,3,85.0,4,0,9.09,29,0.0,0.0,0.0
131.0,2,pa_8_rev,NEG_E7,25.0,5,0.0,0,0.0,0.0,0,0,5,3,85.0,4,0,9.09,29,0.0,0.0,0.0
132.0,2,pa_2,E0,20.0,4,60.0,3,75.0,0.0,0,0,1,3,85.0,4,0,9.09,29,20.0,0.43,0.75
132.0,2,pa_2_rev,NEG_E0,20.0,4,0.0,0,0.0,0.0,0,0,4,3,85.0,4,0,9.09,29,0.0,0.0,0.0
132.0,2,pa_3,E1,20.0,4,0.0,0,0.0,0.0,0,0,4,3,85.0,4,0,9.09,29,0.0,0.0,0.0
132.0,2,pa_3_rev,NEG_E1,20.0,4,0.0,0,0.0,0.0,0,0,4,3,85.0,4,0,9.09,29,0.0,0.0,0.0
132.0,2,pa_6,E5,25.0,5,25.0,1,20.0,0.0,0,0,4,3,85.0,4,0,9.09,29,25.0,0.12,0.2
132.0,2,pa_6_rev,NEG_E5,25.0,5,0.0,0,0.0,0.0,0,0,5,3,85.0,4,0,9.09,29,0.0,0.0,0.0
132.0,2,pa_7,E6,20.0,4,0.0,0,0.0,0.0,0,0,4,2,85.0,4,0,9.09,29,0.0,0.0,0.0
132.0,2,pa_7_rev,NEG_E6,20.0,4,0.0,0,0.0,0.0,0,0,4,2,85.0,4,0,9.09,29,0.0,0.0,0.0
132.0,2,pa_8,E7,25.0,5,0.0,0,0.0,0.0,0,0,5,3,85.0,4,0,9.09,29,0.0,0.0,0.0
132.0,2,pa_8_rev,NEG_E7,25.0,5,0.0,0,0.0,0.0,0,0,5,3,85.0,4,0,9.09,29,0.0,0.0,0.0
133.0,2,pa_2,E0,20.0,4,60.0,3,75.0,0.0,0,0,1,3,85.0,4,0,9.09,29,20.0,0.43,0.75
133.0,2,pa_2_rev,NEG_E0,20.0,4,0.0,0,0.0,0.0,0,0,4,3,85.0,4,0,9.09,29,0.0,0.0,0.0
133.0,2,pa_3,E1,20.0,4,0.0,0,0.0,0.0,0,0,4,3,85.0,4,0,9.09,29,0.0,0.0,0.0
133.0,2,pa_3_rev,NEG_E1,20.0,4,0.0,0,0.0,0.0,0,0,4,3,85.0,4,0,9.09,29,0.0,0.0,0.0
133.0,2,pa_6,E5,25.0,5,25.0,1,20.0,0.0,0,0,4,3,85.0,4,0,9.09,29,25.0,0.12,0.2
133.0,2,pa_6_rev,NEG_E5,25.0,5,0.0,0,0.0,0.0,0,0,5,3,85.0,4,0,9.09,29,0.0,0.0,0.0
133.0,2,pa_7,E6,20.0,4,0.0,0,0.0,0.0,0,0,4,2,85.0,4,0,9.09,29,0.0,0.0,0.0
133.0,2,pa_7_rev,NEG_E6,20.0,4,0.0,0,0.0,0.0,0,0,4,2,85.0,4,0,9.09,29,0.0,0.0,0.0
133.0,2,pa_8,E7,25.0,5,0.0,0,0.0,0.0,0,0,5,3,85.0,4,0,9.09,29,0.0,0.0,0.0
133.0,2,pa_8_rev,NEG_E7,25.0,5,0.0,0,0.0,0.0,0,0,5,3,85.0,4,0,9.09,29,0.0,0.0,0.0
134.0,2,pa_2,E0,20.0,4,60.0,3,75.0,0.0,0,0,1,3,85.0,4,0,9.09,29,20.0,0.43,0.75
134.0,2,pa_2_rev,NEG_E0,20.0,4,0.0,0,0.0,0.0,0,0,4,3,85.0,4,0,9.09,29,0.0,0.0,0.0
134.0,2,pa_3,E1,20.0,4,0.0,0,0.0,0.0,0,0,4,3,85.0,4,0,9.09,29,0.0,0.0,0.0
134.0,2,pa_3_rev,NEG_E1,20.0,4,0.0,0,0.0,0.0,0,0,4,3,85.0,4,0,9.09,29,0.0,0.0,0.0
134.0,2,pa_6,E5,25.0,5,25.0,1,20.0,0.0,0,0,4,3,85.0,4,0,9.09,29,25.0,0.12,0.2
134.0,2,pa_6_rev,NEG_E5,25.0,5,0.0,0,0.0,0.0,0,0,5,3,85.0,4,0,9.09,29,0.0,0.0,0.0
134.0,2,pa_7,E6,20.0,4,0.0,0,0.0,0.0,0,0,4,2,85.0,4,0,9.09,29,0.0,0.0,0.0
134.0,2,pa_7_rev,NEG_E6,20.0,4,0.0,0,0.0,0.0,0,0,4,2,85.0,4,0,9.09,29,0.0,0.0,0.0
134.0,2,pa_8,E7,25.0,5,0.0,0,0.0,0.0,0,0,5,3,85.0,4,0,9.09,29,0.0,0.0,0.0
134.0,2,pa_8_rev,NEG_E7,25.0,5,0.0,0,0.0,0.0,0,0,5,3,85.0,4,0,9.09,29,0.0,0.0,0.0
135.0,2,pa_2,E0,20.0,4,60.0,3,75.0,0.0,0,0,1,3,85.0,4,0,9.09,29,20.0,0.43,0.75
135.0,2,pa_2_rev,NEG_E0,20.0,4,0.0,0,0.0,0.0,0,0,4,3,85.0,4,0,9.09,29,0.0,0.0,0.0
135.0,2,pa_3,E1,20.0,4,0.0,0,0.0,0.0,0,0,4,3,85.0,4,0,9.09,29,0.0,0.0,0.0
135.0,2,pa_3_rev,NEG_E1,20.0,4,0.0,0,0.0,0.0,0,0,4,3,85.0,4,0,9.09,29,0.0,0.0,0.0
135.0,2,pa_6,E5,25.0,5,25.0,1,20.0,0.0,0,0,4,3,85.0,4,0,9.09,29,25.0,0.12,0.2
135.0,2,pa_6_rev,NEG_E5,25.0,5,0.0,0,0.0,0.0,0,0,5,3,85.0,4,0,9.09,29,0.0,0.0,0.0
135.0,2,pa_7,E6,20.0,4,0.0,0,0.0,0.0,0,0,4,2,85.0,4,0,9.09,29,0.0,0.0,0.0
135.0,2,pa_7_rev,NEG_E6,20.0,4,0.0,0,0.0,0.0,0,0,4,2,85.0,4,0,9.09,29,0.0,0.0,0.0
135.0,2,pa_8,E7,25.0,5,0.0,0,0.0,0.0,0,0,5,3,85.0,4,0,9.09,29,0.0,0.0,0.0
135.0,2,pa_8_rev,NEG_E7,25.0,5,0.0,0,0.0,0.0,0,0,5,3,85.0,4,0,9.09,29,0.0,0.0,0.0
136.0,2,pa_2,E0,20.0,4,60.0,3,75.0,0.0,0,0,1,3,85.0,4,0,9.09,30,20.0,0.43,0.75
136.0,2,pa_2_rev,NEG_E0,20.0,4,0.0,0,0.0,0.0,0,0,4,3,85.0,4,0,9.09,30,0.0,0.0,0.0
136.0,2,pa_3,E1,20.0,4,0.0,0,0.0,0.0,0,0,4,3,85.0,4,0,9.09,30,0.0,0.0,0.0
136.0,2,pa_3_rev,NEG_E1,20.0,4,0.0,0,0.0,0.0,0,0,4,3,85.0,4,0,9.09,30,0.0,0.0,0.0
136.0,2,pa_6,E5,25.0,5,25.0,1,20.0,0.0,0,0,4,3,85.0,4,0,9.09,30,25.0,0.12,0.2
136.0,2,pa_6_rev,NEG_E5,25.0,5,0.0,0,0.0,0.0,0,0,5,3,85.0,4,0,9.09,30,0.0,0.0,0.0
136.0,2,pa_7,E6,20.0,4,0.0,0,0.0,0.0,0,0,4,2,85.0,4,0,9.09,30,0.0,0.0,0.0
136.0,2,pa_7_rev,NEG_E6,20.0,4,0.0,0,0.0,0.0,0,0,4,2,85.0,4,0,9.09,30,0.0,0.0,0.0
136.0,2,pa_8,E7,25.0,5,0.0,0,0.0,0.0,0,0,5,3,85.0,4,0,9.09,30,0.0,0.0,0.0
136.0,2,pa_8_rev,NEG_E7,25.0,5,0.0,0,0.0,0.0,0,0,5,3,85.0,4,0,9.09,30,0.0,0.0,0.0
137.0,2,pa_2,E0,20.0,4,60.0,3,75.0,0.0,0,0,1,3,85.0,4,0,9.09,30,20.0,0.43,0.75
137.0,2,pa_2_rev,NEG_E0,20.0,4,0.0,0,0.0,0.0,0,0,4,3,85.0,4,0,9.09,30,0.0,0.0,0.0
137.0,2,pa_3,E1,20.0,4,0.0,0,0.0,0.0,0,0,4,3,85.0,4,0,9.09,30,0.0,0.0,0.0
137.0,2,pa_3_rev,NEG_E1,20.0,4,0.0,0,0.0,0.0,0,0,4,3,85.0,4,0,9.09,30,0.0,0.0,0.0
137.0,2,pa_6,E5,25.0,5,25.0,1,20.0,0.0,0,0,4,3,85.0,4,0,9.09,30,25.0,0.12,0.2
137.0,2,pa_6_rev,NEG_E5,25.0,5,0.0,0,0.0,0.0,0,0,5,3,85.0,4,0,9.09,30,0.0,0.0,0.0
137.0,2,pa_7,E6,20.0,4,0.0,0,0.0,0.0,0,0,4,2,85.0,4,0,9.09,30,0.0,0.0,0.0
137.0,2,pa_7_rev,NEG_E6,20.0,4,0.0,0,0.0,0.0,0,0,4,2,85.0,4,0,9.09,30,0.0,0.0,0.0
137.0,2,pa_8,E7,25.0,5,0.0,0,0.0,0.0,0,0,5,3,85.0,4,0,9.09,30,0.0,0.0,0.0
137.0,2,pa_8_rev,NEG_E7,25.0,5,0.0,0,0.0,0.0,0,0,5,3,85.0,4,0,9.09,30,0.0,0.0,0.0
138.0,2,pa_2,E0,20.0,4,60.0,3,75.0,0.0,0,0,1,3,85.0,4,0,9.09,30,20.0,0.43,0.75
138.0,2,pa_2_rev,NEG_E0,20.0,4,0.0,0,0.0,0.0,0,0,4,3,85.0,4,0,9.09,30,0.0,0.0,0.0
138.0,2,pa_3,E1,20.0,4,0.0,0,0.0,0.0,0,0,4,3,85.0,4,0,9.09,30,0.0,0.0,0.0
138.0,2,pa_3_rev,NEG_E1,20.0,4,0.0,0,0.0,0.0,0,0,4,3,85.0,4,0,9.09,30,0.0,0.0,0.0
138.0,2,pa_6,E5,25.0,5,25.0,1,20.0,0.0,0,0,4,3,85.0,4,0,9.09,30,25.0,0.12,0.2
138.0,2,pa_6_rev,NEG_E5,25.0,5,0.0,0,0.0,0.0,0,0,5,3,85.0,4,0,9.09,30,0.0,0.0,0.0
138.0,2,pa_7,E6,20.0,4,0.0,0,0.0,0.0,0,0,4,2,85.0,4,0,9.09,30,0.0,0.0,0.0
138.0,2,pa_7_rev,NEG_E6,20.0,4,0.0,0,0.0,0.0,0,0,4,2,85.0,4,0,9.09,30,0.0,0.0,0.0
138.0,2,pa_8,E7,25.0,5,0.0,0,0.0,0.0,0,0,5,3,85.0,4,0,9.09,30,0.0,0.0,0.0
138.0,2,pa_8_rev,NEG_E7,25.0,5,0.0,0,0.0,0.0,0,0,5,3,85.0,4,0,9.09,30,0.0,0.0,0.0
139.0,2,pa_2,E0,20.0,4,60.0,3,75.0,0.0,0,0,1,3,85.0,4,0,9.09,30,20.0,0.43,0.75
139.0,2,pa_2_rev,NEG_E0,20.0,4,0.0,0,0.0,0.0,0,0,4,3,85.0,4,0,9.09,30,0.0,0.0,0.0
139.0,2,pa_3,E1,20.0,4,0.0,0,0.0,0.0,0,0,4,3,85.0,4,0,9.09,30,0.0,0.0,0.0
139.0,2,pa_3_rev,NEG_E1,20.0,4,0.0,0,0.0,0.0,0,0,4,3,85.0,4,0,9.09,30,0.0,0.0,0.0
139.0,2,pa_6,E5,25.0,5,25.0,1,20.0,0.0,0,0,4,3,85.0,4,0,9.09,30,25.0,0.12,0.2
139.0,2,pa_6_rev,NEG_E5,25.0,5,0.0,0,0.0,0.0,0,0,5,3,85.0,4,0,9.09,30,0.0,0.0,0.0
139.0,2,pa_7,E6,20.0,4,0.0,0,0.0,0.0,0,0,4,2,85.0,4,0,9.09,30,0.0,0.0,0.0
139.0,2,pa_7_rev,NEG_E6,20.0,4,0.0,0,0.0,0.0,0,0,4,2,85.0,4,0,9.09,30,0.0,0.0,0.0
139.0,2,pa_8,E7,25.0,5,0.0,0,0.0,0.0,0,0,5,3,85.0,4,0,9.09,30,0.0,0.0,0.0
139.0,2,pa_8_rev,NEG_E7,25.0,5,0.0,0,0.0,0.0,0,0,5,3,85.0,4,0,9.09,30,0.0,0.0,0.0
140.0,2,pa_2,E0,20.0,4,60.0,3,75.0,0.0,0,0,1,3,85.0,4,0,9.09,30,20.0,0.43,0.75
140.0,2,pa_2_rev,NEG_E0,20.0,4,0.0,0,0.0,0.0,0,0,4,3,85.0,4,0,9.09,30,0.0,0.0,0.0
140.0,2,pa_3,E1,20.0,4,0.0,0,0.0,0.0,0,0,4,3,85.0,4,0,9.09,30,0.0,0.0,0.0
140.0,2,pa_3_rev,NEG_E1,20.0,4,0.0,0,0.0,0.0,0,0,4,3,85.0,4,0,9.09,30,0.0,0.0,0.0
140.0,2,pa_6,E5,25.0,5,25.0,1,20.0,0.0,0,0,4,3,85.0,4,0,9.09,30,25.0,0.12,0.2
140.0,2,pa_6_rev,NEG_E5,25.0,5,0.0,0,0.0,0.0,0,0,5,3,85.0,4,0,9.09,30,0.0,0.0,0.0
140.0,2,pa_7,E6,20.0,4,0.0,0,0.0,0.0,0,0,4,2,85.0,4,0,9.09,30,0.0,0.0,0.0
140.0,2,pa_7_rev,NEG_E6,20.0,4,0.0,0,0.0,0.0,0,0,4,2,85.0,4,0,9.09,30,0.0,0.0,0.0
140.0,2,pa_8,E7,25.0,5,0.0,0,0.0,0.0,0,0,5,3,85.0,4,0,9.09,30,0.0,0.0,0.0
140.0,2,pa_8_rev,NEG_E7,25.0,5,0.0,0,0.0,0.0,0,0,5,3,85.0,4,0,9.09,30,0.0,0.0,0.0
141.0,2,pa_2,E0,20.0,4,60.0,3,75.0,0.0,0,0,1,3,85.0,4,0,9.09,30,20.0,0.43,0.75
141.0,2,pa_2_rev,NEG_E0,20.0,4,0.0,0,0.0,0.0,0,0,4,3,85.0,4,0,9.09,30,0.0,0.0,0.0
141.0,2,pa_3,E1,20.0,4,0.0,0,0.0,0.0,0,0,4,3,85.0,4,0,9.09,30,0.0,0.0,0.0
141.0,2,pa_3_rev,NEG_E1,20.0,4,0.0,0,0.0,0.0,0,0,4,3,85.0,4,0,9.09,30,0.0,0.0,0.0
141.0,2,pa_6,E5,25.0,5,25.0,1,20.0,0.0,0,0,4,3,85.0,4,0,9.09,30,25.0,0.12,0.2
141.0,2,pa_6_rev,NEG_E5,25.0,5,0.0,0,0.0,0.0,0,0,5,3,85.0,4,0,9.09,30,0.0,0.0,0.0
141.0,2,pa_7,E6,20.0,4,0.0,0,0.0,0.0,0,0,4,2,85.0,4,0,9.09,30,0.0,0.0,0.0
141.0,2,pa_7_rev,NEG_E6,20.0,4,0.0,0,0.0,0.0,0,0,4,2,85.0,4,0,9.09,30,0.0,0.0,0.0
141.0,2,pa_8,E7,25.0,5,0.0,0,0.0,0.0,0,0,5,3,85.0,4,0,9.09,30,0.0,0.0,0.0
141.0,2,pa_8_rev,NEG_E7,25.0,5,0.0,0,0.0,0.0,0,0,5,3,85.0,4,0,9.09,30,0.0,0.0,0.0
142.0,2,pa_2,E0,20.0,4,60.0,3,75.0,0.0,0,0,1,3,85.0,4,0,9.09,30,20.0,0.43,0.75
142.0,2,pa_2_rev,NEG_E0,20.0,4,0.0,0,0.0,0.0,0,0,4,3,85.0,4,0,9.09,30,0.0,0.0,0.0
142.0,2,pa_3,E1,20.0,4,0.0,0,0.0,0.0,0,0,4,3,85.0,4,0,9.09,30,0.0,0.0,0.0
142.0,2,pa_3_rev,NEG_E1,20.0,4,0.0,0,0.0,0.0,0,0,4,3,85.0,4,0,9.09,30,0.0,0.0,0.0
142.0,2,pa_6,E5,25.0,5,25.0,1,20.0,0.0,0,0,4,3,85.0,4,0,9.09,30,25.0,0.12,0.2
142.0,2,pa_6_rev,NEG_E5,25.0,5,0.0,0,0.0,0.0,0,0,5,3,85.0,4,0,9.09,30,0.0,0.0,0.0
142.0,2,pa_7,E6,20.0,4,0.0,0,0.0,0.0,0,0,4,2,85.0,4,0,9.09,30,0.0,0.0,0.0
142.0,2,pa_7_rev,NEG_E6,20.0,4,0.0,0,0.0,0.0,0,0,4,2,85.0,4,0,9.09,30,0.0,0.0,0.0
142.0,2,pa_8,E7,25.0,5,0.0,0,0.0,0.0,0,0,5,3,85.0,4,0,9.09,30,0.0,0.0,0.0
142.0,2,pa_8_rev,NEG_E7,25.0,5,0.0,0,0.0,0.0,0,0,5,3,85.0,4,0,9.09,30,0.0,0.0,0.0
143.0,2,pa_2,E0,20.0,4,60.0,3,75.0,0.0,0,0,1,3,85.0,4,0,9.09,30,20.0,0.43,0.75
143.0,2,pa_2_rev,NEG_E0,20.0,4,0.0,0,0.0,0.0,0,0,4,3,85.0,4,0,9.09,30,0.0,0.0,0.0
143.0,2,pa_3,E1,20.0,4,0.0,0,0.0,0.0,0,0,4,3,85.0,4,0,9.09,30,0.0,0.0,0.0
143.0,2,pa_3_rev,NEG_E1,20.0,4,0.0,0,0.0,0.0,0,0,4,3,85.0,4,0,9.09,30,0.0,0.0,0.0
143.0,2,pa_6,E5,25.0,5,25.0,1,20.0,0.0,0,0,4,3,85.0,4,0,9.09,30,25.0,0.12,0.2
143.0,2,pa_6_rev,NEG_E5,25.0,5,0.0,0,0.0,0.0,0,0,5,3,85.0,4,0,9.09,30,0.0,0.0,0.0
143.0,2,pa_7,E6,20.0,4,0.0,0,0.0,0.0,0,0,4,2,85.0,4,0,9.09,30,0.0,0.0,0.0
143.0,2,pa_7_rev,NEG_E6,20.0,4,0.0,0,0.0,0.0,0,0,4,2,85.0,4,0,9.09,30,0.0,0.0,0.0
143.0,2,pa_8,E7,25.0,5,0.0,0,0.0,0.0,0,0,5,3,85.0,4,0,9.09,30,0.0,0.0,0.0
143.0,2,pa_8_rev,NEG_E7,25.0,5,0.0,0,0.0,0.0,0,0,5,3,85.0,4,0,9.09,30,0.0,0.0,0.0
144.0,2,pa_2,E0,20.0,4,60.0,3,75.0,0.0,0,0,1,3,85.0,4,0,9.09,30,20.0,0.43,0.75
144.0,2,pa_2_rev,NEG_E0,20.0,4,0.0,0,0.0,0.0,0,0,4,3,85.0,4,0,9.09,30,0.0,0.0,0.0
144.0,2,pa_3,E1,20.0,4,0.0,0,0.0,0.0,0,0,4,3,85.0,4,0,9.09,30,0.0,0.0,0.0
144.0,2,pa_3_rev,NEG_E1,20.0,4,0.0,0,0.0,0.0,0,0,4,3,85.0,4,0,9.09,30,0.0,0.0,0.0
144.0,2,pa_6,E5,25.0,5,25.0,1,20.0,0.0,0,0,4,3,85.0,4,0,9.09,30,25.0,0.12,0.2
144.0,2,pa_6_rev,NEG_E5,25.0,5,0.0,0,0.0,0.0,0,0,5,3,85.0,4,0,9.09,30,0.0,0.0,0.0
144.0,2,pa_7,E6,20.0,4,0.0,0,0.0,0.0,0,0,4,2,85.0,4,0,9.09,30,0.0,0.0,0.0
144.0,2,pa_7_rev,NEG_E6,20.0,4,0.0,0,0.0,0.0,0,0,4,2,85.0,4,0,9.09,30,0.0,0.0,0.0
144.0,2,pa_8,E7,25.0,5,0.0,0,0.0,0.0,0,0,5,3,85.0,4,0,9.09,30,0.0,0.0,0.0
144.0,2,pa_8_rev,NEG_E7,25.0,5,0.0,0,0.0,0.0,0,0,5,3,85.0,4,0,9.09,30,0.0,0.0,0.0
145.0,2,pa_2,E0,20.0,4,60.0,3,75.0,0.0,0,0,1,3,85.0,4,0,9.09,30,20.0,0.43,0.75
145.0,2,pa_2_rev,NEG_E0,20.0,4,0.0,0,0.0,0.0,0,0,4,3,85.0,4,0,9.09,30,0.0,0.0,0.0
145.0,2,pa_3,E1,20.0,4,0.0,0,0.0,0.0,0,0,4,3,85.0,4,0,9.09,30,0.0,0.0,0.0
145.0,2,pa_3_rev,NEG_E1,20.0,4,0.0,0,0.0,0.0,0,0,4,3,85.0,4,0,9.09,30,0.0,0.0,0.0
145.0,2,pa_6,E5,25.0,5,25.0,1,20.0,0.0,0,0,4,3,85.0,4,0,9.09,30,25.0,0.12,0.2
145.0,2,pa_6_rev,NEG_E5,25.0,5,0.0,0,0.0,0.0,0,0,5,3,85.0,4,0,9.09,30,0.0,0.0,0.0
145.0,2,pa_7,E6,20.0,4,0.0,0,0.0,0.0,0,0,4,2,85.0,4,0,9.09,30,0.0,0.0,0.0
145.0,2,pa_7_rev,NEG_E6,20.0,4,0.0,0,0.0,0.0,0,0,4,2,85.0,4,0,9.09,30,0.0,0.0,0.0
145.0,2,pa_8,E7,25.0,5,0.0,0,0.0,0.0,0,0,5,3,85.0,4,0,9.09,30,0.0,0.0,0.0
145.0,2,pa_8_rev,NEG_E7,25.0,5,0.0,0,0.0,0.0,0,0,5,3,85.0,4,0,9.09,30,0.0,0.0,0.0
146.0,2,pa_2,E0,20.0,4,60.0,3,75.0,0.0,0,0,1,3,85.0,4,0,9.09,30,20.0,0.43,0.75
146.0,2,pa_2_rev,NEG_E0,20.0,4,0.0,0,0.0,0.0,0,0,4,3,85.0,4,0,9.09,30,0.0,0.0,0.0
146.0,2,pa_3,E1,20.0,4,0.0,0,0.0,0.0,0,0,4,3,85.0,4,0,9.09,30,0.0,0.0,0.0
146.0,2,pa_3_rev,NEG_E1,20.0,4,0.0,0,0.0,0.0,0,0,4,3,85.0,4,0,9.09,30,0.0,0.0,0.0
146.0,2,pa_6,E5,25.0,5,25.0,1,20.0,0.0,0,0,4,3,85.0,4,0,9.09,30,25.0,0.12,0.2
146.0,2,pa_6_rev,NEG_E5,25.0,5,0.0,0,0.0,0.0,0,0,5,3,85.0,4,0,9.09,30,0.0,0.0,0.0
146.0,2,pa_7,E6,20.0,4,0.0,0,0.0,0.0,0,0,4,2,85.0,4,0,9.09,30,0.0,0.0,0.0
146.0,2,pa_7_rev,NEG_E6,20.0,4,0.0,0,0.0,0.0,0,0,4,2,85.0,4,0,9.09,30,0.0,0.0,0.0
146.0,2,pa_8,E7,25.0,5,0.0,0,0.0,0.0,0,0,5,3,85.0,4,0,9.09,30,0.0,0.0,0.0
146.0,2,pa_8_rev,NEG_E7,25.0,5,0.0,0,0.0,0.0,0,0,5,3,85.0,4,0,9.09,30,0.0,0.0,0.0
147.0,2,pa_2,E0,20.0,4,60.0,3,75.0,0.0,0,0,1,3,85.0,4,0,9.09,30,20.0,0.43,0.75
147.0,2,pa_2_rev,NEG_E0,20.0,4,0.0,0,0.0,0.0,0,0,4,3,85.0,4,0,9.09,30,0.0,0.0,0.0
147.0,2,pa_3,E1,20.0,4,0.0,0,0.0,0.0,0,0,4,3,85.0,4,0,9.09,30,0.0,0.0,0.0
147.0,2,pa_3_rev,NEG_E1,20.0,4,0.0,0,0.0,0.0,0,0,4,3,85.0,4,0,9.09,30,0.0,0.0,0.0
147.0,2,pa_6,E5,25.0,5,25.0,1,20.0,0.0,0,0,4,3,85.0,4,0,9.09,30,25.0,0.12,0.2
147.0,2,pa_6_rev,NEG_E5,25.0,5,0.0,0,0.0,0.0,0,0,5,3,85.0,4,0,9.09,30,0.0,0.0,0.0
147.0,2,pa_7,E6,20.0,4,0.0,0,0.0,0.0,0,0,4,2,85.0,4,0,9.09,30,0.0,0.0,0.0
147.0,2,pa_7_rev,NEG_E6,20.0,4,0.0,0,0.0,0.0,0,0,4,2,85.0,4,0,9.09,30,0.0,0.0,0.0
147.0,2,pa_8,E7,25.0,5,0.0,0,0.0,0.0,0,0,5,3,85.0,4,0,9.09,30,0.0,0.0,0.0
147.0,2,pa_8_rev,NEG_E7,25.0,5,0.0,0,0.0,0.0,0,0,5,3,85.0,4,0,9.09,30,0.0,0.0,0.0
148.0,2,pa_2,E0,20.0,4,60.0,3,75.0,0.0,0,0,1,3,85.0,4,0,9.09,30,20.0,0.43,0.75
148.0,2,pa_2_rev,NEG_E0,20.0,4,0.0,0,0.0,0.0,0,0,4,3,85.0,4,0,9.09,30,0.0,0.0,0.0
148.0,2,pa_3,E1,20.0,4,0.0,0,0.0,0.0,0,0,4,3,85.0,4,0,9.09,30,0.0,0.0,0.0
148.0,2,pa_3_rev,NEG_E1,20.0,4,0.0,0,0.0,0.0,0,0,4,3,85.0,4,0,9.09,30,0.0,0.0,0.0
148.0,2,pa_6,E5,25.0,5,25.0,1,20.0,0.0,0,0,4,3,85.0,4,0,9.09,30,25.0,0.12,0.2
148.0,2,pa_6_rev,NEG_E5,25.0,5,0.0,0,0.0,0.0,0,0,5,3,85.0,4,0,9.09,30,0.0,0.0,0.0
148.0,2,pa_7,E6,20.0,4,0.0,0,0.0,0.0,0,0,4,2,85.0,4,0,9.09,30,0.0,0.0,0.0
148.0,2,pa_7_rev,NEG_E6,20.0,4,0.0,0,0.0,0.0,0,0,4,2,85.0,4,0,9.09,30,0.0,0.0,0.0
148.0,2,pa_8,E7,25.0,5,0.0,0,0.0,0.0,0,0,5,3,85.0,4,0,9.09,30,0.0,0.0,0.0
148.0,2,pa_8_rev,NEG_E7,25.0,5,0.0,0,0.0,0.0,0,0,5,3,85.0,4,0,9.09,30,0.0,0.0,0.0
149.0,2,pa_2,E0,20.0,4,60.0,3,75.0,0.0,0,0,1,3,85.0,4,0,9.09,30,20.0,0.43,0.75
149.0,2,pa_2_rev,NEG_E0,20.0,4,0.0,0,0.0,0.0,0,0,4,3,85.0,4,0,9.09,30,0.0,0.0,0.0
149.0,2,pa_3,E1,20.0,4,0.0,0,0.0,0.0,0,0,4,3,85.0,4,0,9.09,30,0.0,0.0,0.0
149.0,2,pa_3_rev,NEG_E1,20.0,4,0.0,0,0.0,0.0,0,0,4,3,85.0,4,0,9.09,30,0.0,0.0,0.0
149.0,2,pa_6,E5,25.0,5,25.0,1,20.0,0.0,0,0,4,3,85.0,4,0,9.09,30,25.0,0.12,0.2
149.0,2,pa_6_rev,NEG_E5,25.0,5,0.0,0,0.0,0.0,0,0,5,3,85.0,4,0,9.09,30,0.0,0.0,0.0
149.0,2,pa_7,E6,20.0,4,0.0,0,0.0,0.0,0,0,4,2,85.0,4,0,9.09,30,0.0,0.0,0.0
149.0,2,pa_7_rev,NEG_E6,20.0,4,0.0,0,0.0,0.0,0,0,4,2,85.0,4,0,9.09,30,0.0,0.0,0.0
149.0,2,pa_8,E7,25.0,5,0.0,0,0.0,0.0,0,0,5,3,85.0,4,0,9.09,30,0.0,0.0,0.0
149.0,2,pa_8_rev,NEG_E7,25.0,5,0.0,0,0.0,0.0,0,0,5,3,85.0,4,0,9.09,30,0.0,0.0,0.0
150.0,2,pa_2,E0,20.0,4,60.0,3,75.0,0.0,0,0,1,3,85.0,4,0,9.09,30,20.0,0.43,0.75
150.0,2,pa_2_rev,NEG_E0,20.0,4,0.0,0,0.0,0.0,0,0,4,3,85.0,4,0,9.09,30,0.0,0.0,0.0
150.0,2,pa_3,E1,20.0,4,0.0,0,0.0,0.0,0,0,4,3,85.0,4,0,9.09,30,0.0,0.0,0.0
150.0,2,pa_3_rev,NEG_E1,20.0,4,0.0,0,0.0,0.0,0,0,4,3,85.0,4,0,9.09,30,0.0,0.0,0.0
150.0,2,pa_6,E5,25.0,5,25.0,1,20.0,0.0,0,0,4,3,85.0,4,0,9.09,30,25.0,0.12,0.2
150.0,2,pa_6_rev,NEG_E5,25.0,5,0.0,0,0.0,0.0,0,0,5,3,85.0,4,0,9.09,30,0.0,0.0,0.0
150.0,2,pa_7,E6,20.0,4,0.0,0,0.0,0.0,0,0,4,2,85.0,4,0,9.09,30,0.0,0.0,0.0
150.0,2,pa_7_rev,NEG_E6,20.0,4,0.0,0,0.0,0.0,0,0,4,2,85.0,4,0,9.09,30,0.0,0.0,0.0
150.0,2,pa_8,E7,25.0,5,0.0,0,0.0,0.0,0,0,5,3,85.0,4,0,9.09,30,0.0,0.0,0.0
150.0,2,pa_8_rev,NEG_E7,25.0,5,0.0,0,0.0,0.0,0,0,5,3,85.0,4,0,9.09,30,0.0,0.0,0.0
151.0,2,pa_2,E0,20.0,4,60.0,3,75.0,0.0,0,0,1,3,85.0,4,0,9.09,31,20.0,0.43,0.75
151.0,2,pa_2_rev,NEG_E0,20.0,4,0.0,0,0.0,0.0,0,0,4,3,85.0,4,0,9.09,31,0.0,0.0,0.0
151.0,2,pa_3,E1,20.0,4,0.0,0,0.0,0.0,0,0,4,3,85.0,4,0,9.09,31,0.0,0.0,0.0
151.0,2,pa_3_rev,NEG_E1,20.0,4,0.0,0,0.0,0.0,0,0,4,3,85.0,4,0,9.09,31,0.0,0.0,0.0
151.0,2,pa_6,E5,25.0,5,25.0,1,20.0,0.0,0,0,4,3,85.0,4,0,9.09,31,25.0,0.12,0.2
151.0,2,pa_6_rev,NEG_E5,25.0,5,0.0,0,0.0,0.0,0,0,5,3,85.0,4,0,9.09,31,0.0,0.0,0.0
151.0,2,pa_7,E6,20.0,4,0.0,0,0.0,0.0,0,0,4,2,85.0,4,0,9.09,31,0.0,0.0,0.0
151.0,2,pa_7_rev,NEG_E6,20.0,4,0.0,0,0.0,0.0,0,0,4,2,85.0,4,0,9.09,31,0.0,0.0,0.0
151.0,2,pa_8,E7,25.0,5,0.0,0,0.0,0.0,0,0,5,3,85.0,4,0,9.09,31,0.0,0.0,0.0
151.0,2,pa_8_rev,NEG_E7,25.0,5,0.0,0,0.0,0.0,0,0,5,3,85.0,4,0,9.09,31,0.0,0.0,0.0
152.0,2,pa_2,E0,20.0,4,60.0,3,75.0,0.0,0,0,1,3,85.0,4,0,9.09,31,20.0,0.43,0.75
152.0,2,pa_2_rev,NEG_E0,20.0,4,0.0,0,0.0,0.0,0,0,4,3,85.0,4,0,9.09,31,0.0,0.0,0.0
152.0,2,pa_3,E1,20.0,4,0.0,0,0.0,0.0,0,0,4,3,85.0,4,0,9.09,31,0.0,0.0,0.0
152.0,2,pa_3_rev,NEG_E1,20.0,4,0.0,0,0.0,0.0,0,0,4,3,85.0,4,0,9.09,31,0.0,0.0,0.0
152.0,2,pa_6,E5,25.0,5,25.0,1,20.0,0.0,0,0,4,3,85.0,4,0,9.09,31,25.0,0.12,0.2
152.0,2,pa_6_rev,NEG_E5,25.0,5,0.0,0,0.0,0.0,0,0,5,3,85.0,4,0,9.09,31,0.0,0.0,0.0
152.0,2,pa_7,E6,20.0,4,0.0,0,0.0,0.0,0,0,4,2,85.0,4,0,9.09,31,0.0,0.0,0.0
152.0,2,pa_7_rev,NEG_E6,20.0,4,0.0,0,0.0,0.0,0,0,4,2,85.0,4,0,9.09,31,0.0,0.0,0.0
152.0,2,pa_8,E7,25.0,5,0.0,0,0.0,0.0,0,0,5,3,85.0,4,0,9.09,31,0.0,0.0,0.0
152.0,2,pa_8_rev,NEG_E7,25.0,5,0.0,0,0.0,0.0,0,0,5,3,85.0,4,0,9.09,31,0.0,0.0,0.0
153.0,2,pa_2,E0,20.0,4,60.0,3,75.0,0.0,0,0,1,3,85.0,4,0,9.09,31,20.0,0.43,0.75
153.0,2,pa_2_rev,NEG_E0,20.0,4,0.0,0,0.0,0.0,0,0,4,3,85.0,4,0,9.09,31,0.0,0.0,0.0
153.0,2,pa_3,E1,20.0,4,0.0,0,0.0,0.0,0,0,4,3,85.0,4,0,9.09,31,0.0,0.0,0.0
153.0,2,pa_3_rev,NEG_E1,20.0,4,0.0,0,0.0,0.0,0,0,4,3,85.0,4,0,9.09,31,0.0,0.0,0.0
153.0,2,pa_6,E5,25.0,5,25.0,1,20.0,0.0,0,0,4,3,85.0,4,0,9.09,31,25.0,0.12,0.2
153.0,2,pa_6_rev,NEG_E5,25.0,5,0.0,0,0.0,0.0,0,0,5,3,85.0,4,0,9.09,31,0.0,0.0,0.0
153.0,2,pa_7,E6,20.0,4,0.0,0,0.0,0.0,0,0,4,2,85.0,4,0,9.09,31,0.0,0.0,0.0
153.0,2,pa_7_rev,NEG_E6,20.0,4,0.0,0,0.0,0.0,0,0,4,2,85.0,4,0,9.09,31,0.0,0.0,0.0
153.0,2,pa_8,E7,25.0,5,0.0,0,0.0,0.0,0,0,5,3,85.0,4,0,9.09,31,0.0,0.0,0.0
153.0,2,pa_8_rev,NEG_E7,25.0,5,0.0,0,0.0,0.0,0,0,5,3,85.0,4,0,9.09,31,0.0,0.0,0.0
154.0,2,pa_2,E0,20.0,4,60.0,3,75.0,0.0,0,0,1,3,85.0,4,0,9.09,31,20.0,0.43,0.75
154.0,2,pa_2_rev,NEG_E0,20.0,4,0.0,0,0.0,0.0,0,0,4,3,85.0,4,0,9.09,31,0.0,0.0,0.0
154.0,2,pa_3,E1,20.0,4,0.0,0,0.0,0.0,0,0,4,3,85.0,4,0,9.09,31,0.0,0.0,0.0
154.0,2,pa_3_rev,NEG_E1,20.0,4,0.0,0,0.0,0.0,0,0,4,3,85.0,4,0,9.09,31,0.0,0.0,0.0
154.0,2,pa_6,E5,25.0,5,25.0,1,20.0,0.0,0,0,4,3,85.0,4,0,9.09,31,25.0,0.12,0.2
154.0,2,pa_6_rev,NEG_E5,25.0,5,0.0,0,0.0,0.0,0,0,5,3,85.0,4,0,9.09,31,0.0,0.0,0.0
154.0,2,pa_7,E6,20.0,4,0.0,0,0.0,0.0,0,0,4,2,85.0,4,0,9.09,31,0.0,0.0,0.0
154.0,2,pa_7_rev,NEG_E6,20.0,4,0.0,0,0.0,0.0,0,0,4,2,85.0,4,0,9.09,31,0.0,0.0,0.0
154.0,2,pa_8,E7,25.0,5,0.0,0,0.0,0.0,0,0,5,3,85.0,4,0,9.09,31,0.0,0.0,0.0
154.0,2,pa_8_rev,NEG_E7,25.0,5,0.0,0,0.0,0.0,0,0,5,3,85.0,4,0,9.09,31,0.0,0.0,0.0
155.0,2,pa_2,E0,20.0,4,60.0,3,75.0,0.0,0,0,1,3,85.0,4,0,9.09,31,20.0,0.43,0.75
155.0,2,pa_2_rev,NEG_E0,20.0,4,0.0,0,0.0,0.0,0,0,4,3,85.0,4,0,9.09,31,0.0,0.0,0.0
155.0,2,pa_3,E1,20.0,4,0.0,0,0.0,0.0,0,0,4,3,85.0,4,0,9.09,31,0.0,0.0,0.0
155.0,2,pa_3_rev,NEG_E1,20.0,4,0.0,0,0.0,0.0,0,0,4,3,85.0,4,0,9.09,31,0.0,0.0,0.0
155.0,2,pa_6,E5,25.0,5,25.0,1,20.0,0.0,0,0,4,3,85.0,4,0,9.09,31,25.0,0.12,0.2
155.0,2,pa_6_rev,NEG_E5,25.0,5,0.0,0,0.0,0.0,0,0,5,3,85.0,4,0,9.09,31,0.0,0.0,0.0
155.0,2,pa_7,E6,20.0,4,0.0,0,0.0,0.0,0,0,4,2,85.0,4,0,9.09,31,0.0,0.0,0.0
155.0,2,pa_7_rev,NEG_E6,20.0,4,0.0,0,0.0,0.0,0,0,4,2,85.0,4,0,9.09,31,0.0,0.0,0.0
155.0,2,pa_8,E7,25.0,5,0.0,0,0.0,0.0,0,0,5,3,85.0,4,0,9.09,31,0.0,0.0,0.0
155.0,2,pa_8_rev,NEG_E7,25.0,5,0.0,0,0.0,0.0,0,0,5,3,85.0,4,0,9.09,31,0.0,0.0,0.0
156.0,2,pa_2,E0,20.0,4,60.0,3,75.0,0.0,0,0,1,3,85.0,4,0,9.09,31,20.0,0.43,0.75
156.0,2,pa_2_rev,NEG_E0,20.0,4,0.0,0,0.0,0.0,0,0,4,3,85.0,4,0,9.09,31,0.0,0.0,0.0
156.0,2,pa_3,E1,20.0,4,0.0,0,0.0,0.0,0,0,4,3,85.0,4,0,9.09,31,0.0,0.0,0.0
156.0,2,pa_3_rev,NEG_E1,20.0,4,0.0,0,0.0,0.0,0,0,4,3,85.0,4,0,9.09,31,0.0,0.0,0.0
156.0,2,pa_6,E5,25.0,5,25.0,1,20.0,0.0,0,0,4,3,85.0,4,0,9.09,31,25.0,0.12,0.2
156.0,2,pa_6_rev,NEG_E5,25.0,5,0.0,0,0.0,0.0,0,0,5,3,85.0,4,0,9.09,31,0.0,0.0,0.0
156.0,2,pa_7,E6,20.0,4,0.0,0,0.0,0.0,0,0,4,2,85.0,4,0,9.09,31,0.0,0.0,0.0
156.0,2,pa_7_rev,NEG_E6,20.0,4,0.0,0,0.0,0.0,0,0,4,2,85.0,4,0,9.09,31,0.0,0.0,0.0
156.0,2,pa_8,E7,25.0,5,0.0,0,0.0,0.0,0,0,5,3,85.0,4,0,9.09,31,0.0,0.0,0.0
156.0,2,pa_8_rev,NEG_E7,25.0,5,0.0,0,0.0,0.0,0,0,5,3,85.0,4,0,9.09,31,0.0,0.0,0.0
157.0,2,pa_2,E0,20.0,4,60.0,3,75.0,0.0,0,0,1,3,85.0,4,0,9.09,31,20.0,0.43,0.75
157.0,2,pa_2_rev,NEG_E0,20.0,4,0.0,0,0.0,0.0,0,0,4,3,85.0,4,0,9.09,31,0.0,0.0,0.0
157.0,2,pa_3,E1,20.0,4,0.0,0,0.0,0.0,0,0,4,3,85.0,4,0,9.09,31,0.0,0.0,0.0
157.0,2,pa_3_rev,NEG_E1,20.0,4,0.0,0,0.0,0.0,0,0,4,3,85.0,4,0,9.09,31,0.0,0.0,0.0
157.0,2,pa_6,E5,25.0,5,25.0,1,20.0,0.0,0,0,4,3,85.0,4,0,9.09,31,25.0,0.12,0.2
157.0,2,pa_6_rev,NEG_E5,25.0,5,0.0,0,0.0,0.0,0,0,5,3,85.0,4,0,9.09,31,0.0,0.0,0.0
157.0,2,pa_7,E6,20.0,4,0.0,0,0.0,0.0,0,0,4,2,85.0,4,0,9.09,31,0.0,0.0,0.0
157.0,2,pa_7_rev,NEG_E6,20.0,4,0.0,0,0.0,0.0,0,0,4,2,85.0,4,0,9.09,31,0.0,0.0,0.0
157.0,2,pa_8,E7,25.0,5,0.0,0,0.0,0.0,0,0,5,3,85.0,4,0,9.09,31,0.0,0.0,0.0
157.0,2,pa_8_rev,NEG_E7,25.0,5,0.0,0,0.0,0.0,0,0,5,3,85.0,4,0,9.09,31,0.0,0.0,0.0
158.0,2,pa_2,E0,20.0,4,60.0,3,75.0,0.0,0,0,1,3,85.0,4,0,9.09,31,20.0,0.43,0.75
158.0,2,pa_2_rev,NEG_E0,20.0,4,0.0,0,0.0,0.0,0,0,4,3,85.0,4,0,9.09,31,0.0,0.0,0.0
158.0,2,pa_3,E1,20.0,4,0.0,0,0.0,0.0,0,0,4,3,85.0,4,0,9.09,31,0.0,0.0,0.0
158.0,2,pa_3_rev,NEG_E1,20.0,4,0.0,0,0.0,0.0,0,0,4,3,85.0,4,0,9.09,31,0.0,0.0,0.0
158.0,2,pa_6,E5,25.0,5,25.0,1,20.0,0.0,0,0,4,3,85.0,4,0,9.09,31,25.0,0.12,0.2
158.0,2,pa_6_rev,NEG_E5,25.0,5,0.0,0,0.0,0.0,0,0,5,3,85.0,4,0,9.09,31,0.0,0.0,0.0
158.0,2,pa_7,E6,20.0,4,0.0,0,0.0,0.0,0,0,4,2,85.0,4,0,9.09,31,0.0,0.0,0.0
158.0,2,pa_7_rev,NEG_E6,20.0,4,0.0,0,0.0,0.0,0,0,4,2,85.0,4,0,9.09,31,0.0,0.0,0.0
158.0,2,pa_8,E7,25.0,5,0.0,0,0.0,0.0,0,0,5,3,85.0,4,0,9.09,31,0.0,0.0,0.0
158.0,2,pa_8_rev,NEG_E7,25.0,5,0.0,0,0.0,0.0,0,0,5,3,85.0,4,0,9.09,31,0.0,0.0,0.0
159.0,2,pa_2,E0,20.0,4,60.0,3,75.0,0.0,0,0,1,3,85.0,4,0,9.09,31,20.0,0.43,0.75
159.0,2,pa_2_rev,NEG_E0,20.0,4,0.0,0,0.0,0.0,0,0,4,3,85.0,4,0,9.09,31,0.0,0.0,0.0
159.0,2,pa_3,E1,20.0,4,0.0,0,0.0,0.0,0,0,4,3,85.0,4,0,9.09,31,0.0,0.0,0.0
159.0,2,pa_3_rev,NEG_E1,20.0,4,0.0,0,0.0,0.0,0,0,4,3,85.0,4,0,9.09,31,0.0,0.0,0.0
159.0,2,pa_6,E5,25.0,5,25.0,1,20.0,0.0,0,0,4,3,85.0,4,0,9.09,31,25.0,0.12,0.2
159.0,2,pa_6_rev,NEG_E5,25.0,5,0.0,0,0.0,0.0,0,0,5,3,85.0,4,0,9.09,31,0.0,0.0,0.0
159.0,2,pa_7,E6,20.0,4,0.0,0,0.0,0.0,0,0,4,2,85.0,4,0,9.09,31,0.0,0.0,0.0
159.0,2,pa_7_rev,NEG_E6,20.0,4,0.0,0,0.0,0.0,0,0,4,2,85.0,4,0,9.09,31,0.0,0.0,0.0
159.0,2,pa_8,E7,25.0,5,0.0,0,0.0,0.0,0,0,5,3,85.0,4,0,9.09,31,0.0,0.0,0.0
159.0,2,pa_8_rev,NEG_E7,25.0,5,0.0,0,0.0,0.0,0,0,5,3,85.0,4,0,9.09,31,0.0,0.0,0.0
160.0,2,pa_2,E0,20.0,4,60.0,3,75.0,0.0,0,0,1,3,85.0,4,0,9.09,31,20.0,0.43,0.75
160.0,2,pa_2_rev,NEG_E0,20.0,4,0.0,0,0.0,0.0,0,0,4,3,85.0,4,0,9.09,31,0.0,0.0,0.0
160.0,2,pa_3,E1,20.0,4,0.0,0,0.0,0.0,0,0,4,3,85.0,4,0,9.09,31,0.0,0.0,0.0
160.0,2,pa_3_rev,NEG_E1,20.0,4,0.0,0,0.0,0.0,0,0,4,3,85.0,4,0,9.09,31,0.0,0.0,0.0
160.0,2,pa_6,E5,25.0,5,25.0,1,20.0,0.0,0,0,4,3,85.0,4,0,9.09,31,25.0,0.12,0.2
160.0,2,pa_6_rev,NEG_E5,25.0,5,0.0,0,0.0,0.0,0,0,5,3,85.0,4,0,9.09,31,0.0,0.0,0.0
160.0,2,pa_7,E6,20.0,4,0.0,0,0.0,0.0,0,0,4,2,85.0,4,0,9.09,31,0.0,0.0,0.0
160.0,2,pa_7_rev,NEG_E6,20.0,4,0.0,0,0.0,0.0,0,0,4,2,85.0,4,0,9.09,31,0.0,0.0,0.0
160.0,2,pa_8,E7,25.0,5,0.0,0,0.0,0.0,0,0,5,3,85.0,4,0,9.09,31,0.0,0.0,0.0
160.0,2,pa_8_rev,NEG_E7,25.0,5,0.0,0,0.0,0.0,0,0,5,3,85.0,4,0,9.09,31,0.0,0.0,0.0
161.0,2,pa_2,E0,20.0,4,60.0,3,75.0,0.0,0,0,1,3,85.0,4,0,9.09,31,20.0,0.43,0.75
161.0,2,pa_2_rev,NEG_E0,20.0,4,0.0,0,0.0,0.0,0,0,4,3,85.0,4,0,9.09,31,0.0,0.0,0.0
161.0,2,pa_3,E1,20.0,4,0.0,0,0.0,0.0,0,0,4,3,85.0,4,0,9.09,31,0.0,0.0,0.0
161.0,2,pa_3_rev,NEG_E1,20.0,4,0.0,0,0.0,0.0,0,0,4,3,85.0,4,0,9.09,31,0.0,0.0,0.0
161.0,2,pa_6,E5,25.0,5,25.0,1,20.0,0.0,0,0,4,3,85.0,4,0,9.09,31,25.0,0.12,0.2
161.0,2,pa_6_rev,NEG_E5,25.0,5,0.0,0,0.0,0.0,0,0,5,3,85.0,4,0,9.09,31,0.0,0.0,0.0
161.0,2,pa_7,E6,20.0,4,0.0,0,0.0,0.0,0,0,4,2,85.0,4,0,9.09,31,0.0,0.0,0.0
161.0,2,pa_7_rev,NEG_E6,20.0,4,0.0,0,0.0,0.0,0,0,4,2,85.0,4,0,9.09,31,0.0,0.0,0.0
161.0,2,pa_8,E7,25.0,5,0.0,0,0.0,0.0,0,0,5,3,85.0,4,0,9.09,31,0.0,0.0,0.0
161.0,2,pa_8_rev,NEG_E7,25.0,5,0.0,0,0.0,0.0,0,0,5,3,85.0,4,0,9.09,31,0.0,0.0,0.0
162.0,2,pa_2,E0,20.0,4,60.0,3,75.0,0.0,0,0,1,3,85.0,4,0,9.09,31,20.0,0.43,0.75
162.0,2,pa_2_rev,NEG_E0,20.0,4,0.0,0,0.0,0.0,0,0,4,3,85.0,4,0,9.09,31,0.0,0.0,0.0
162.0,2,pa_3,E1,20.0,4,0.0,0,0.0,0.0,0,0,4,3,85.0,4,0,9.09,31,0.0,0.0,0.0
162.0,2,pa_3_rev,NEG_E1,20.0,4,0.0,0,0.0,0.0,0,0,4,3,85.0,4,0,9.09,31,0.0,0.0,0.0
162.0,2,pa_6,E5,25.0,5,25.0,1,20.0,0.0,0,0,4,3,85.0,4,0,9.09,31,25.0,0.12,0.2
162.0,2,pa_6_rev,NEG_E5,25.0,5,0.0,0,0.0,0.0,0,0,5,3,85.0,4,0,9.09,31,0.0,0.0,0.0
162.0,2,pa_7,E6,20.0,4,0.0,0,0.0,0.0,0,0,4,2,85.0,4,0,9.09,31,0.0,0.0,0.0
162.0,2,pa_7_rev,NEG_E6,20.0,4,0.0,0,0.0,0.0,0,0,4,2,85.0,4,0,9.09,31,0.0,0.0,0.0
162.0,2,pa_8,E7,25.0,5,0.0,0,0.0,0.0,0,0,5,3,85.0,4,0,9.09,31,0.0,0.0,0.0
162.0,2,pa_8_rev,NEG_E7,25.0,5,0.0,0,0.0,0.0,0,0,5,3,85.0,4,0,9.09,31,0.0,0.0,0.0
163.0,2,pa_2,E0,20.0,4,60.0,3,75.0,0.0,0,0,1,3,85.0,4,0,9.09,31,20.0,0.43,0.75
163.0,2,pa_2_rev,NEG_E0,20.0,4,0.0,0,0.0,0.0,0,0,4,3,85.0,4,0,9.09,31,0.0,0.0,0.0
163.0,2,pa_3,E1,20.0,4,0.0,0,0.0,0.0,0,0,4,3,85.0,4,0,9.09,31,0.0,0.0,0.0
163.0,2,pa_3_rev,NEG_E1,20.0,4,0.0,0,0.0,0.0,0,0,4,3,85.0,4,0,9.09,31,0.0,0.0,0.0
163.0,2,pa_6,E5,25.0,5,25.0,1,20.0,0.0,0,0,4,3,85.0,4,0,9.09,31,25.0,0.12,0.2
163.0,2,pa_6_rev,NEG_E5,25.0,5,0.0,0,0.0,0.0,0,0,5,3,85.0,4,0,9.09,31,0.0,0.0,0.0
163.0,2,pa_7,E6,20.0,4,0.0,0,0.0,0.0,0,0,4,2,85.0,4,0,9.09,31,0.0,0.0,0.0
163.0,2,pa_7_rev,NEG_E6,20.0,4,0.0,0,0.0,0.0,0,0,4,2,85.0,4,0,9.09,31,0.0,0.0,0.0
163.0,2,pa_8,E7,25.0,5,0.0,0,0.0,0.0,0,0,5,3,85.0,4,0,9.09,31,0.0,0.0,0.0
163.0,2,pa_8_rev,NEG_E7,25.0,5,0.0,0,0.0,0.0,0,0,5,3,85.0,4,0,9.09,31,0.0,0.0,0.0
164.0,2,pa_2,E0,20.0,4,60.0,3,75.0,0.0,0,0,1,3,110.0,5,0,11.36,31,20.0,0.43,0.75
164.0,2,pa_2_rev,NEG_E0,20.0,4,0.0,0,0.0,0.0,0,0,4,3,110.0,5,0,11.36,31,0.0,0.0,0.0
164.0,2,pa_3,E1,20.0,4,0.0,0,0.0,0.0,0,0,4,3,110.0,5,0,11.36,31,0.0,0.0,0.0
164.0,2,pa_3_rev,NEG_E1,20.0,4,0.0,0,0.0,0.0,0,0,4,3,110.0,5,0,11.36,31,0.0,0.0,0.0
164.0,2,pa_6,E5,25.0,5,25.0,1,20.0,0.0,0,0,4,3,110.0,5,0,11.36,31,25.0,0.12,0.2
164.0,2,pa_6_rev,NEG_E5,25.0,5,0.0,0,0.0,0.0,0,0,5,3,110.0,5,0,11.36,31,0.0,0.0,0.0
164.0,2,pa_7,E6,20.0,4,0.0,0,0.0,0.0,0,0,4,2,110.0,5,0,11.36,31,0.0,0.0,0.0
164.0,2,pa_7_rev,NEG_E6,20.0,4,0.0,0,0.0,0.0,0,0,4,2,110.0,5,0,11.36,31,0.0,0.0,0.0
164.0,2,pa_8,E7,25.0,5,0.0,0,0.0,0.0,0,0,5,3,110.0,5,0,11.36,31,0.0,0.0,0.0
164.0,2,pa_8_rev,NEG_E7,25.0,5,25.0,1,20.0,0.0,0,0,4,3,110.0,5,0,11.36,31,25.0,0.12,0.2
165.0,2,pa_2,E0,20.0,4,60.0,3,75.0,0.0,0,0,1,3,110.0,5,0,11.36,31,20.0,0.43,0.75
165.0,2,pa_2_rev,NEG_E0,20.0,4,0.0,0,0.0,0.0,0,0,4,3,110.0,5,0,11.36,31,0.0,0.0,0.0
165.0,2,pa_3,E1,20.0,4,0.0,0,0.0,0.0,0,0,4,3,110.0,5,0,11.36,31,0.0,0.0,0.0
165.0,2,pa_3_rev,NEG_E1,20.0,4,0.0,0,0.0,0.0,0,0,4,3,110.0,5,0,11.36,31,0.0,0.0,0.0
165.0,2,pa_6,E5,25.0,5,25.0,1,20.0,0.0,0,0,4,3,110.0,5,0,11.36,31,25.0,0.12,0.2
165.0,2,pa_6_rev,NEG_E5,25.0,5,0.0,0,0.0,0.0,0,0,5,3,110.0,5,0,11.36,31,0.0,0.0,0.0
165.0,2,pa_7,E6,20.0,4,0.0,0,0.0,0.0,0,0,4,2,110.0,5,0,11.36,31,0.0,0.0,0.0
165.0,2,pa_7_rev,NEG_E6,20.0,4,0.0,0,0.0,0.0,0,0,4,2,110.0,5,0,11.36,31,0.0,0.0,0.0
165.0,2,pa_8,E7,25.0,5,0.0,0,0.0,0.0,0,0,5,3,110.0,5,0,11.36,31,0.0,0.0,0.0
165.0,2,pa_8_rev,NEG_E7,25.0,5,25.0,1,20.0,0.0,0,0,4,3,110.0,5,0,11.36,31,25.0,0.12,0.2
166.0,2,pa_2,E0,20.0,4,60.0,3,75.0,0.0,0,0,1,3,110.0,5,0,11.36,32,20.0,0.43,0.75
166.0,2,pa_2_rev,NEG_E0,20.0,4,0.0,0,0.0,0.0,0,0,4,3,110.0,5,0,11.36,32,0.0,0.0,0.0
166.0,2,pa_3,E1,20.0,4,0.0,0,0.0,0.0,0,0,4,3,110.0,5,0,11.36,32,0.0,0.0,0.0
166.0,2,pa_3_rev,NEG_E1,20.0,4,0.0,0,0.0,0.0,0,0,4,3,110.0,5,0,11.36,32,0.0,0.0,0.0
166.0,2,pa_6,E5,25.0,5,25.0,1,20.0,0.0,0,0,4,3,110.0,5,0,11.36,32,25.0,0.12,0.2
166.0,2,pa_6_rev,NEG_E5,25.0,5,0.0,0,0.0,0.0,0,0,5,3,110.0,5,0,11.36,32,0.0,0.0,0.0
166.0,2,pa_7,E6,20.0,4,0.0,0,0.0,0.0,0,0,4,2,110.0,5,0,11.36,32,0.0,0.0,0.0
166.0,2,pa_7_rev,NEG_E6,20.0,4,0.0,0,0.0,0.0,0,0,4,2,110.0,5,0,11.36,32,0.0,0.0,0.0
166.0,2,pa_8,E7,25.0,5,0.0,0,0.0,0.0,0,0,5,3,110.0,5,0,11.36,32,0.0,0.0,0.0
166.0,2,pa_8_rev,NEG_E7,25.0,5,25.0,1,20.0,0.0,0,0,4,3,110.0,5,0,11.36,32,25.0,0.12,0.2
167.0,2,pa_2,E0,20.0,4,60.0,3,75.0,0.0,0,0,1,3,110.0,5,0,11.36,32,20.0,0.43,0.75
167.0,2,pa_2_rev,NEG_E0,20.0,4,0.0,0,0.0,0.0,0,0,4,3,110.0,5,0,11.36,32,0.0,0.0,0.0
167.0,2,pa_3,E1,20.0,4,0.0,0,0.0,0.0,0,0,4,3,110.0,5,0,11.36,32,0.0,0.0,0.0
167.0,2,pa_3_rev,NEG_E1,20.0,4,0.0,0,0.0,0.0,0,0,4,3,110.0,5,0,11.36,32,0.0,0.0,0.0
167.0,2,pa_6,E5,25.0,5,25.0,1,20.0,0.0,0,0,4,3,110.0,5,0,11.36,32,25.0,0.12,0.2
167.0,2,pa_6_rev,NEG_E5,25.0,5,0.0,0,0.0,0.0,0,0,5,3,110.0,5,0,11.36,32,0.0,0.0,0.0
167.0,2,pa_7,E6,20.0,4,0.0,0,0.0,0.0,0,0,4,2,110.0,5,0,11.36,32,0.0,0.0,0.0
167.0,2,pa_7_rev,NEG_E6,20.0,4,0.0,0,0.0,0.0,0,0,4,2,110.0,5,0,11.36,32,0.0,0.0,0.0
167.0,2,pa_8,E7,25.0,5,0.0,0,0.0,0.0,0,0,5,3,110.0,5,0,11.36,32,0.0,0.0,0.0
167.0,2,pa_8_rev,NEG_E7,25.0,5,25.0,1,20.0,0.0,0,0,4,3,110.0,5,0,11.36,32,25.0,0.12,0.2
168.0,2,pa_2,E0,20.0,4,60.0,3,75.0,0.0,0,0,1,3,110.0,5,0,11.36,32,20.0,0.43,0.75
168.0,2,pa_2_rev,NEG_E0,20.0,4,0.0,0,0.0,0.0,0,0,4,3,110.0,5,0,11.36,32,0.0,0.0,0.0
168.0,2,pa_3,E1,20.0,4,0.0,0,0.0,0.0,0,0,4,3,110.0,5,0,11.36,32,0.0,0.0,0.0
168.0,2,pa_3_rev,NEG_E1,20.0,4,0.0,0,0.0,0.0,0,0,4,3,110.0,5,0,11.36,32,0.0,0.0,0.0
168.0,2,pa_6,E5,25.0,5,25.0,1,20.0,0.0,0,0,4,3,110.0,5,0,11.36,32,25.0,0.12,0.2
168.0,2,pa_6_rev,NEG_E5,25.0,5,0.0,0,0.0,0.0,0,0,5,3,110.0,5,0,11.36,32,0.0,0.0,0.0
168.0,2,pa_7,E6,20.0,4,0.0,0,0.0,0.0,0,0,4,2,110.0,5,0,11.36,32,0.0,0.0,0.0
168.0,2,pa_7_rev,NEG_E6,20.0,4,0.0,0,0.0,0.0,0,0,4,2,110.0,5,0,11.36,32,0.0,0.0,0.0
168.0,2,pa_8,E7,25.0,5,0.0,0,0.0,0.0,0,0,5,3,110.0,5,0,11.36,32,0.0,0.0,0.0
168.0,2,pa_8_rev,NEG_E7,25.0,5,25.0,1,20.0,0.0,0,0,4,3,110.0,5,0,11.36,32,25.0,0.12,0.2
169.0,2,pa_2,E0,20.0,4,60.0,3,75.0,0.0,0,0,1,3,110.0,5,0,11.36,32,20.0,0.43,0.75
169.0,2,pa_2_rev,NEG_E0,20.0,4,0.0,0,0.0,0.0,0,0,4,3,110.0,5,0,11.36,32,0.0,0.0,0.0
169.0,2,pa_3,E1,20.0,4,0.0,0,0.0,0.0,0,0,4,3,110.0,5,0,11.36,32,0.0,0.0,0.0
169.0,2,pa_3_rev,NEG_E1,20.0,4,0.0,0,0.0,0.0,0,0,4,3,110.0,5,0,11.36,32,0.0,0.0,0.0
169.0,2,pa_6,E5,25.0,5,25.0,1,20.0,0.0,0,0,4,3,110.0,5,0,11.36,32,25.0,0.12,0.2
169.0,2,pa_6_rev,NEG_E5,25.0,5,0.0,0,0.0,0.0,0,0,5,3,110.0,5,0,11.36,32,0.0,0.0,0.0
169.0,2,pa_7,E6,20.0,4,0.0,0,0.0,0.0,0,0,4,2,110.0,5,0,11.36,32,0.0,0.0,0.0
169.0,2,pa_7_rev,NEG_E6,20.0,4,0.0,0,0.0,0.0,0,0,4,2,110.0,5,0,11.36,32,0.0,0.0,0.0
169.0,2,pa_8,E7,25.0,5,0.0,0,0.0,0.0,0,0,5,3,110.0,5,0,11.36,32,0.0,0.0,0.0
169.0,2,pa_8_rev,NEG_E7,25.0,5,25.0,1,20.0,0.0,0,0,4,3,110.0,5,0,11.36,32,25.0,0.12,0.2
170.0,2,pa_2,E0,20.0,4,60.0,3,75.0,0.0,0,0,1,3,110.0,5,0,11.36,32,20.0,0.43,0.75
170.0,2,pa_2_rev,NEG_E0,20.0,4,0.0,0,0.0,0.0,0,0,4,3,110.0,5,0,11.36,32,0.0,0.0,0.0
170.0,2,pa_3,E1,20.0,4,0.0,0,0.0,0.0,0,0,4,3,110.0,5,0,11.36,32,0.0,0.0,0.0
170.0,2,pa_3_rev,NEG_E1,20.0,4,0.0,0,0.0,0.0,0,0,4,3,110.0,5,0,11.36,32,0.0,0.0,0.0
170.0,2,pa_6,E5,25.0,5,25.0,1,20.0,0.0,0,0,4,3,110.0,5,0,11.36,32,25.0,0.12,0.2
170.0,2,pa_6_rev,NEG_E5,25.0,5,0.0,0,0.0,0.0,0,0,5,3,110.0,5,0,11.36,32,0.0,0.0,0.0
170.0,2,pa_7,E6,20.0,4,0.0,0,0.0,0.0,0,0,4,2,110.0,5,0,11.36,32,0.0,0.0,0.0
170.0,2,pa_7_rev,NEG_E6,20.0,4,0.0,0,0.0,0.0,0,0,4,2,110.0,5,0,11.36,32,0.0,0.0,0.0
170.0,2,pa_8,E7,25.0,5,0.0,0,0.0,0.0,0,0,5,3,110.0,5,0,11.36,32,0.0,0.0,0.0
170.0,2,pa_8_rev,NEG_E7,25.0,5,25.0,1,20.0,0.0,0,0,4,3,110.0,5,0,11.36,32,25.0,0.12,0.2
171.0,2,pa_2,E0,20.0,4,60.0,3,75.0,0.0,0,0,1,3,110.0,5,0,11.36,32,20.0,0.43,0.75
171.0,2,pa_2_rev,NEG_E0,20.0,4,0.0,0,0.0,0.0,0,0,4,3,110.0,5,0,11.36,32,0.0,0.0,0.0
171.0,2,pa_3,E1,20.0,4,0.0,0,0.0,0.0,0,0,4,3,110.0,5,0,11.36,32,0.0,0.0,0.0
171.0,2,pa_3_rev,NEG_E1,20.0,4,0.0,0,0.0,0.0,0,0,4,3,110.0,5,0,11.36,32,0.0,0.0,0.0
171.0,2,pa_6,E5,25.0,5,25.0,1,20.0,0.0,0,0,4,3,110.0,5,0,11.36,32,25.0,0.12,0.2
171.0,2,pa_6_rev,NEG_E5,25.0,5,0.0,0,0.0,0.0,0,0,5,3,110.0,5,0,11.36,32,0.0,0.0,0.0
171.0,2,pa_7,E6,20.0,4,0.0,0,0.0,0.0,0,0,4,2,110.0,5,0,11.36,32,0.0,0.0,0.0
171.0,2,pa_7_rev,NEG_E6,20.0,4,0.0,0,0.0,0.0,0,0,4,2,110.0,5,0,11.36,32,0.0,0.0,0.0
171.0,2,pa_8,E7,25.0,5,0.0,0,0.0,0.0,0,0,5,3,110.0,5,0,11.36,32,0.0,0.0,0.0
171.0,2,pa_8_rev,NEG_E7,25.0,5,25.0,1,20.0,0.0,0,0,4,3,110.0,5,0,11.36,32,25.0,0.12,0.2
172.0,2,pa_2,E0,20.0,4,80.0,4,100.0,0.0,0,0,0,3,130.0,6,0,13.64,33,20.0,0.57,1.0
172.0,2,pa_2_rev,NEG_E0,20.0,4,0.0,0,0.0,0.0,0,0,4,3,130.0,6,0,13.64,33,0.0,0.0,0.0
172.0,2,pa_3,E1,20.0,4,0.0,0,0.0,0.0,0,0,4,3,130.0,6,0,13.64,33,0.0,0.0,0.0
172.0,2,pa_3_rev,NEG_E1,20.0,4,0.0,0,0.0,0.0,0,0,4,3,130.0,6,0,13.64,33,0.0,0.0,0.0
172.0,2,pa_6,E5,25.0,5,25.0,1,20.0,0.0,0,0,4,3,130.0,6,0,13.64,33,25.0,0.12,0.2
172.0,2,pa_6_rev,NEG_E5,25.0,5,0.0,0,0.0,0.0,0,0,5,3,130.0,6,0,13.64,33,0.0,0.0,0.0
172.0,2,pa_7,E6,20.0,4,0.0,0,0.0,0.0,0,0,4,2,130.0,6,0,13.64,33,0.0,0.0,0.0
172.0,2,pa_7_rev,NEG_E6,20.0,4,0.0,0,0.0,0.0,0,0,4,2,130.0,6,0,13.64,33,0.0,0.0,0.0
172.0,2,pa_8,E7,25.0,5,0.0,0,0.0,0.0,0,0,5,3,130.0,6,0,13.64,33,0.0,0.0,0.0
172.0,2,pa_8_rev,NEG_E7,25.0,5,25.0,1,20.0,0.0,0,0,4,3,130.0,6,0,13.64,33,25.0,0.12,0.2
173.0,2,pa_2,E0,20.0,4,80.0,4,100.0,0.0,0,0,0,3,130.0,6,0,13.64,33,20.0,0.57,1.0
173.0,2,pa_2_rev,NEG_E0,20.0,4,0.0,0,0.0,0.0,0,0,4,3,130.0,6,0,13.64,33,0.0,0.0,0.0
173.0,2,pa_3,E1,20.0,4,0.0,0,0.0,0.0,0,0,4,3,130.0,6,0,13.64,33,0.0,0.0,0.0
173.0,2,pa_3_rev,NEG_E1,20.0,4,0.0,0,0.0,0.0,0,0,4,3,130.0,6,0,13.64,33,0.0,0.0,0.0
173.0,2,pa_6,E5,25.0,5,25.0,1,20.0,0.0,0,0,4,3,130.0,6,0,13.64,33,25.0,0.12,0.2
173.0,2,pa_6_rev,NEG_E5,25.0,5,0.0,0,0.0,0.0,0,0,5,3,130.0,6,0,13.64,33,0.0,0.0,0.0
173.0,2,pa_7,E6,20.0,4,0.0,0,0.0,0.0,0,0,4,2,130.0,6,0,13.64,33,0.0,0.0,0.0
173.0,2,pa_7_rev,NEG_E6,20.0,4,0.0,0,0.0,0.0,0,0,4,2,130.0,6,0,13.64,33,0.0,0.0,0.0
173.0,2,pa_8,E7,25.0,5,0.0,0,0.0,0.0,0,0,5,3,130.0,6,0,13.64,33,0.0,0.0,0.0
173.0,2,pa_8_rev,NEG_E7,25.0,5,25.0,1,20.0,0.0,0,0,4,3,130.0,6,0,13.64,33,25.0,0.12,0.2
174.0,2,pa_2,E0,20.0,4,80.0,4,100.0,0.0,0,0,0,3,130.0,6,0,13.64,33,20.0,0.57,1.0
174.0,2,pa_2_rev,NEG_E0,20.0,4,0.0,0,0.0,0.0,0,0,4,3,130.0,6,0,13.64,33,0.0,0.0,0.0
174.0,2,pa_3,E1,20.0,4,0.0,0,0.0,0.0,0,0,4,3,130.0,6,0,13.64,33,0.0,0.0,0.0
174.0,2,pa_3_rev,NEG_E1,20.0,4,0.0,0,0.0,0.0,0,0,4,3,130.0,6,0,13.64,33,0.0,0.0,0.0
174.0,2,pa_6,E5,25.0,5,25.0,1,20.0,0.0,0,0,4,3,130.0,6,0,13.64,33,25.0,0.12,0.2
174.0,2,pa_6_rev,NEG_E5,25.0,5,0.0,0,0.0,0.0,0,0,5,3,130.0,6,0,13.64,33,0.0,0.0,0.0
174.0,2,pa_7,E6,20.0,4,0.0,0,0.0,0.0,0,0,4,2,130.0,6,0,13.64,33,0.0,0.0,0.0
174.0,2,pa_7_rev,NEG_E6,20.0,4,0.0,0,0.0,0.0,0,0,4,2,130.0,6,0,13.64,33,0.0,0.0,0.0
174.0,2,pa_8,E7,25.0,5,0.0,0,0.0,0.0,0,0,5,3,130.0,6,0,13.64,33,0.0,0.0,0.0
174.0,2,pa_8_rev,NEG_E7,25.0,5,25.0,1,20.0,0.0,0,0,4,3,130.0,6,0,13.64,33,25.0,0.12,0.2
175.0,2,pa_2,E0,20.0,4,80.0,4,100.0,0.0,0,0,0,3,130.0,6,0,13.64,33,20.0,0.57,1.0
175.0,2,pa_2_rev,NEG_E0,20.0,4,0.0,0,0.0,0.0,0,0,4,3,130.0,6,0,13.64,33,0.0,0.0,0.0
175.0,2,pa_3,E1,20.0,4,0.0,0,0.0,0.0,0,0,4,3,130.0,6,0,13.64,33,0.0,0.0,0.0
175.0,2,pa_3_rev,NEG_E1,20.0,4,0.0,0,0.0,0.0,0,0,4,3,130.0,6,0,13.64,33,0.0,0.0,0.0
175.0,2,pa_6,E5,25.0,5,25.0,1,20.0,0.0,0,0,4,3,130.0,6,0,13.64,33,25.0,0.12,0.2
175.0,2,pa_6_rev,NEG_E5,25.0,5,0.0,0,0.0,0.0,0,0,5,3,130.0,6,0,13.64,33,0.0,0.0,0.0
175.0,2,pa_7,E6,20.0,4,0.0,0,0.0,0.0,0,0,4,2,130.0,6,0,13.64,33,0.0,0.0,0.0
175.0,2,pa_7_rev,NEG_E6,20.0,4,0.0,0,0.0,0.0,0,0,4,2,130.0,6,0,13.64,33,0.0,0.0,0.0
175.0,2,pa_8,E7,25.0,5,0.0,0,0.0,0.0,0,0,5,3,130.0,6,0,13.64,33,0.0,0.0,0.0
175.0,2,pa_8_rev,NEG_E7,25.0,5,25.0,1,20.0,0.0,0,0,4,3,130.0,6,0,13.64,33,25.0,0.12,0.2
176.0,2,pa_2,E0,20.0,4,80.0,4,100.0,0.0,0,0,0,3,130.0,6,0,13.64,33,20.0,0.57,1.0
176.0,2,pa_2_rev,NEG_E0,20.0,4,0.0,0,0.0,0.0,0,0,4,3,130.0,6,0,13.64,33,0.0,0.0,0.0
176.0,2,pa_3,E1,20.0,4,0.0,0,0.0,0.0,0,0,4,3,130.0,6,0,13.64,33,0.0,0.0,0.0
176.0,2,pa_3_rev,NEG_E1,20.0,4,0.0,0,0.0,0.0,0,0,4,3,130.0,6,0,13.64,33,0.0,0.0,0.0
176.0,2,pa_6,E5,25.0,5,25.0,1,20.0,0.0,0,0,4,3,130.0,6,0,13.64,33,25.0,0.12,0.2
176.0,2,pa_6_rev,NEG_E5,25.0,5,0.0,0,0.0,0.0,0,0,5,3,130.0,6,0,13.64,33,0.0,0.0,0.0
176.0,2,pa_7,E6,20.0,4,0.0,0,0.0,0.0,0,0,4,2,130.0,6,0,13.64,33,0.0,0.0,0.0
176.0,2,pa_7_rev,NEG_E6,20.0,4,0.0,0,0.0,0.0,0,0,4,2,130.0,6,0,13.64,33,0.0,0.0,0.0
176.0,2,pa_8,E7,25.0,5,0.0,0,0.0,0.0,0,0,5,3,130.0,6,0,13.64,33,0.0,0.0,0.0
176.0,2,pa_8_rev,NEG_E7,25.0,5,25.0,1,20.0,0.0,0,0,4,3,130.0,6,0,13.64,33,25.0,0.12,0.2
177.0,2,pa_2,E0,20.0,4,80.0,4,100.0,0.0,0,0,0,3,130.0,6,0,13.64,33,20.0,0.57,1.0
177.0,2,pa_2_rev,NEG_E0,20.0,4,0.0,0,0.0,0.0,0,0,4,3,130.0,6,0,13.64,33,0.0,0.0,0.0
177.0,2,pa_3,E1,20.0,4,0.0,0,0.0,0.0,0,0,4,3,130.0,6,0,13.64,33,0.0,0.0,0.0
177.0,2,pa_3_rev,NEG_E1,20.0,4,0.0,0,0.0,0.0,0,0,4,3,130.0,6,0,13.64,33,0.0,0.0,0.0
177.0,2,pa_6,E5,25.0,5,25.0,1,20.0,0.0,0,0,4,3,130.0,6,0,13.64,33,25.0,0.12,0.2
177.0,2,pa_6_rev,NEG_E5,25.0,5,0.0,0,0.0,0.0,0,0,5,3,130.0,6,0,13.64,33,0.0,0.0,0.0
177.0,2,pa_7,E6,20.0,4,0.0,0,0.0,0.0,0,0,4,2,130.0,6,0,13.64,33,0.0,0.0,0.0
177.0,2,pa_7_rev,NEG_E6,20.0,4,0.0,0,0.0,0.0,0,0,4,2,130.0,6,0,13.64,33,0.0,0.0,0.0
177.0,2,pa_8,E7,25.0,5,0.0,0,0.0,0.0,0,0,5,3,130.0,6,0,13.64,33,0.0,0.0,0.0
177.0,2,pa_8_rev,NEG_E7,25.0,5,25.0,1,20.0,0.0,0,0,4,3,130.0,6,0,13.64,33,25.0,0.12,0.2
178.0,2,pa_2,E0,20.0,4,80.0,4,100.0,0.0,0,0,0,3,130.0,6,0,13.64,33,20.0,0.57,1.0
178.0,2,pa_2_rev,NEG_E0,20.0,4,0.0,0,0.0,0.0,0,0,4,3,130.0,6,0,13.64,33,0.0,0.0,0.0
178.0,2,pa_3,E1,20.0,4,0.0,0,0.0,0.0,0,0,4,3,130.0,6,0,13.64,33,0.0,0.0,0.0
178.0,2,pa_3_rev,NEG_E1,20.0,4,0.0,0,0.0,0.0,0,0,4,3,130.0,6,0,13.64,33,0.0,0.0,0.0
178.0,2,pa_6,E5,25.0,5,25.0,1,20.0,0.0,0,0,4,3,130.0,6,0,13.64,33,25.0,0.12,0.2
178.0,2,pa_6_rev,NEG_E5,25.0,5,0.0,0,0.0,0.0,0,0,5,3,130.0,6,0,13.64,33,0.0,0.0,0.0
178.0,2,pa_7,E6,20.0,4,0.0,0,0.0,0.0,0,0,4,2,130.0,6,0,13.64,33,0.0,0.0,0.0
178.0,2,pa_7_rev,NEG_E6,20.0,4,0.0,0,0.0,0.0,0,0,4,2,130.0,6,0,13.64,33,0.0,0.0,0.0
178.0,2,pa_8,E7,25.0,5,0.0,0,0.0,0.0,0,0,5,3,130.0,6,0,13.64,33,0.0,0.0,0.0
178.0,2,pa_8_rev,NEG_E7,25.0,5,25.0,1,20.0,0.0,0,0,4,3,130.0,6,0,13.64,33,25.0,0.12,0.2
179.0,2,pa_2,E0,20.0,4,80.0,4,100.0,0.0,0,0,0,3,130.0,6,0,13.64,33,20.0,0.57,1.0
179.0,2,pa_2_rev,NEG_E0,20.0,4,0.0,0,0.0,0.0,0,0,4,3,130.0,6,0,13.64,33,0.0,0.0,0.0
179.0,2,pa_3,E1,20.0,4,0.0,0,0.0,0.0,0,0,4,3,130.0,6,0,13.64,33,0.0,0.0,0.0
179.0,2,pa_3_rev,NEG_E1,20.0,4,0.0,0,0.0,0.0,0,0,4,3,130.0,6,0,13.64,33,0.0,0.0,0.0
179.0,2,pa_6,E5,25.0,5,25.0,1,20.0,0.0,0,0,4,3,130.0,6,0,13.64,33,25.0,0.12,0.2
179.0,2,pa_6_rev,NEG_E5,25.0,5,0.0,0,0.0,0.0,0,0,5,3,130.0,6,0,13.64,33,0.0,0.0,0.0
179.0,2,pa_7,E6,20.0,4,0.0,0,0.0,0.0,0,0,4,2,130.0,6,0,13.64,33,0.0,0.0,0.0
179.0,2,pa_7_rev,NEG_E6,20.0,4,0.0,0,0.0,0.0,0,0,4,2,130.0,6,0,13.64,33,0.0,0.0,0.0
179.0,2,pa_8,E7,25.0,5,0.0,0,0.0,0.0,0,0,5,3,130.0,6,0,13.64,33,0.0,0.0,0.0
179.0,2,pa_8_rev,NEG_E7,25.0,5,25.0,1,20.0,0.0,0,0,4,3,130.0,6,0,13.64,33,25.0,0.12,0.2
180.0,3,pa_2,E0,20.0,4,80.0,4,100.0,0.0,0,0,0,3,130.0,6,0,13.64,33,20.0,0.57,1.0
180.0,3,pa_2_rev,NEG_E0,20.0,4,0.0,0,0.0,0.0,0,0,4,3,130.0,6,0,13.64,33,0.0,0.0,0.0
180.0,3,pa_3,E1,20.0,4,0.0,0,0.0,0.0,0,0,4,3,130.0,6,0,13.64,33,0.0,0.0,0.0
180.0,3,pa_3_rev,NEG_E1,20.0,4,0.0,0,0.0,0.0,0,0,4,3,130.0,6,0,13.64,33,0.0,0.0,0.0
180.0,3,pa_6,E5,25.0,5,25.0,1,20.0,0.0,0,0,4,3,130.0,6,0,13.64,33,25.0,0.12,0.2
180.0,3,pa_6_rev,NEG_E5,25.0,5,0.0,0,0.0,0.0,0,0,5,3,130.0,6,0,13.64,33,0.0,0.0,0.0
180.0,3,pa_7,E6,20.0,4,0.0,0,0.0,0.0,0,0,4,2,130.0,6,0,13.64,33,0.0,0.0,0.0
180.0,3,pa_7_rev,NEG_E6,20.0,4,0.0,0,0.0,0.0,0,0,4,2,130.0,6,0,13.64,33,0.0,0.0,0.0
180.0,3,pa_8,E7,25.0,5,0.0,0,0.0,0.0,0,0,5,3,130.0,6,0,13.64,33,0.0,0.0,0.0
180.0,3,pa_8_rev,NEG_E7,25.0,5,25.0,1,20.0,0.0,0,0,4,3,130.0,6,0,13.64,33,25.0,0.12,0.2
181.0,3,pa_2,E0,20.0,4,80.0,4,100.0,0.0,0,0,0,3,130.0,6,0,13.64,34,20.0,0.57,1.0
181.0,3,pa_2_rev,NEG_E0,20.0,4,0.0,0,0.0,0.0,0,0,4,3,130.0,6,0,13.64,34,0.0,0.0,0.0
181.0,3,pa_3,E1,20.0,4,0.0,0,0.0,0.0,0,0,4,3,130.0,6,0,13.64,34,0.0,0.0,0.0
181.0,3,pa_3_rev,NEG_E1,20.0,4,0.0,0,0.0,0.0,0,0,4,3,130.0,6,0,13.64,34,0.0,0.0,0.0
181.0,3,pa_6,E5,25.0,5,25.0,1,20.0,0.0,0,0,4,3,130.0,6,0,13.64,34,25.0,0.12,0.2
181.0,3,pa_6_rev,NEG_E5,25.0,5,0.0,0,0.0,0.0,0,0,5,3,130.0,6,0,13.64,34,0.0,0.0,0.0
181.0,3,pa_7,E6,20.0,4,0.0,0,0.0,0.0,0,0,4,2,130.0,6,0,13.64,34,0.0,0.0,0.0
181.0,3,pa_7_rev,NEG_E6,20.0,4,0.0,0,0.0,0.0,0,0,4,2,130.0,6,0,13.64,34,0.0,0.0,0.0
181.0,3,pa_8,E7,25.0,5,0.0,0,0.0,0.0,0,0,5,3,130.0,6,0,13.64,34,0.0,0.0,0.0
181.0,3,pa_8_rev,NEG_E7,25.0,5,25.0,1,20.0,0.0,0,0,4,3,130.0,6,0,13.64,34,25.0,0.12,0.2
182.0,3,pa_2,E0,20.0,4,80.0,4,100.0,0.0,0,0,0,3,130.0,6,0,13.64,34,20.0,0.57,1.0
182.0,3,pa_2_rev,NEG_E0,20.0,4,0.0,0,0.0,0.0,0,0,4,3,130.0,6,0,13.64,34,0.0,0.0,0.0
182.0,3,pa_3,E1,20.0,4,0.0,0,0.0,0.0,0,0,4,3,130.0,6,0,13.64,34,0.0,0.0,0.0
182.0,3,pa_3_rev,NEG_E1,20.0,4,0.0,0,0.0,0.0,0,0,4,3,130.0,6,0,13.64,34,0.0,0.0,0.0
182.0,3,pa_6,E5,25.0,5,25.0,1,20.0,0.0,0,0,4,3,130.0,6,0,13.64,34,25.0,0.12,0.2
182.0,3,pa_6_rev,NEG_E5,25.0,5,0.0,0,0.0,0.0,0,0,5,3,130.0,6,0,13.64,34,0.0,0.0,0.0
182.0,3,pa_7,E6,20.0,4,0.0,0,0.0,0.0,0,0,4,2,130.0,6,0,13.64,34,0.0,0.0,0.0
182.0,3,pa_7_rev,NEG_E6,20.0,4,0.0,0,0.0,0.0,0,0,4,2,130.0,6,0,13.64,34,0.0,0.0,0.0
182.0,3,pa_8,E7,25.0,5,0.0,0,0.0,0.0,0,0,5,3,130.0,6,0,13.64,34,0.0,0.0,0.0
182.0,3,pa_8_rev,NEG_E7,25.0,5,25.0,1,20.0,0.0,0,0,4,3,130.0,6,0,13.64,34,25.0,0.12,0.2
183.0,3,pa_2,E0,20.0,4,80.0,4,100.0,0.0,0,0,0,3,130.0,6,0,13.64,34,20.0,0.57,1.0
183.0,3,pa_2_rev,NEG_E0,20.0,4,0.0,0,0.0,0.0,0,0,4,3,130.0,6,0,13.64,34,0.0,0.0,0.0
183.0,3,pa_3,E1,20.0,4,0.0,0,0.0,0.0,0,0,4,3,130.0,6,0,13.64,34,0.0,0.0,0.0
183.0,3,pa_3_rev,NEG_E1,20.0,4,0.0,0,0.0,0.0,0,0,4,3,130.0,6,0,13.64,34,0.0,0.0,0.0
183.0,3,pa_6,E5,25.0,5,25.0,1,20.0,0.0,0,0,4,3,130.0,6,0,13.64,34,25.0,0.12,0.2
183.0,3,pa_6_rev,NEG_E5,25.0,5,0.0,0,0.0,0.0,0,0,5,3,130.0,6,0,13.64,34,0.0,0.0,0.0
183.0,3,pa_7,E6,20.0,4,0.0,0,0.0,0.0,0,0,4,2,130.0,6,0,13.64,34,0.0,0.0,0.0
183.0,3,pa_7_rev,NEG_E6,20.0,4,0.0,0,0.0,0.0,0,0,4,2,130.0,6,0,13.64,34,0.0,0.0,0.0
183.0,3,pa_8,E7,25.0,5,0.0,0,0.0,0.0,0,0,5,3,130.0,6,0,13.64,34,0.0,0.0,0.0
183.0,3,pa_8_rev,NEG_E7,25.0,5,25.0,1,20.0,0.0,0,0,4,3,130.0,6,0,13.64,34,25.0,0.12,0.2
184.0,3,pa_2,E0,20.0,4,80.0,4,100.0,0.0,0,0,0,3,130.0,6,0,13.64,34,20.0,0.57,1.0
184.0,3,pa_2_rev,NEG_E0,20.0,4,0.0,0,0.0,0.0,0,0,4,3,130.0,6,0,13.64,34,0.0,0.0,0.0
184.0,3,pa_3,E1,20.0,4,0.0,0,0.0,0.0,0,0,4,3,130.0,6,0,13.64,34,0.0,0.0,0.0
184.0,3,pa_3_rev,NEG_E1,20.0,4,0.0,0,0.0,0.0,0,0,4,3,130.0,6,0,13.64,34,0.0,0.0,0.0
184.0,3,pa_6,E5,25.0,5,25.0,1,20.0,0.0,0,0,4,3,130.0,6,0,13.64,34,25.0,0.12,0.2
184.0,3,pa_6_rev,NEG_E5,25.0,5,0.0,0,0.0,0.0,0,0,5,3,130.0,6,0,13.64,34,0.0,0.0,0.0
184.0,3,pa_7,E6,20.0,4,0.0,0,0.0,0.0,0,0,4,2,130.0,6,0,13.64,34,0.0,0.0,0.0
184.0,3,pa_7_rev,NEG_E6,20.0,4,0.0,0,0.0,0.0,0,0,4,2,130.0,6,0,13.64,34,0.0,0.0,0.0
184.0,3,pa_8,E7,25.0,5,0.0,0,0.0,0.0,0,0,5,3,130.0,6,0,13.64,34,0.0,0.0,0.0
184.0,3,pa_8_rev,NEG_E7,25.0,5,25.0,1,20.0,0.0,0,0,4,3,130.0,6,0,13.64,34,25.0,0.12,0.2
185.0,3,pa_2,E0,20.0,4,80.0,4,100.0,0.0,0,0,0,3,130.0,6,0,13.64,34,20.0,0.57,1.0
185.0,3,pa_2_rev,NEG_E0,20.0,4,0.0,0,0.0,0.0,0,0,4,3,130.0,6,0,13.64,34,0.0,0.0,0.0
185.0,3,pa_3,E1,20.0,4,0.0,0,0.0,0.0,0,0,4,3,130.0,6,0,13.64,34,0.0,0.0,0.0
185.0,3,pa_3_rev,NEG_E1,20.0,4,0.0,0,0.0,0.0,0,0,4,3,130.0,6,0,13.64,34,0.0,0.0,0.0
185.0,3,pa_6,E5,25.0,5,25.0,1,20.0,0.0,0,0,4,3,130.0,6,0,13.64,34,25.0,0.12,0.2
185.0,3,pa_6_rev,NEG_E5,25.0,5,0.0,0,0.0,0.0,0,0,5,3,130.0,6,0,13.64,34,0.0,0.0,0.0
185.0,3,pa_7,E6,20.0,4,0.0,0,0.0,0.0,0,0,4,2,130.0,6,0,13.64,34,0.0,0.0,0.0
185.0,3,pa_7_rev,NEG_E6,20.0,4,0.0,0,0.0,0.0,0,0,4,2,130.0,6,0,13.64,34,0.0,0.0,0.0
185.0,3,pa_8,E7,25.0,5,0.0,0,0.0,0.0,0,0,5,3,130.0,6,0,13.64,34,0.0,0.0,0.0
185.0,3,pa_8_rev,NEG_E7,25.0,5,25.0,1,20.0,0.0,0,0,4,3,130.0,6,0,13.64,34,25.0,0.12,0.2
186.0,3,pa_2,E0,20.0,4,80.0,4,100.0,33.33,1,1,0,2,130.0,6,1,13.64,34,20.0,0.71,1.0
186.0,3,pa_2_rev,NEG_E0,20.0,4,0.0,0,0.0,0.0,0,0,4,3,130.0,6,1,13.64,34,0.0,0.0,0.0
186.0,3,pa_3,E1,20.0,4,0.0,0,0.0,0.0,0,0,4,3,130.0,6,1,13.64,34,0.0,0.0,0.0
186.0,3,pa_3_rev,NEG_E1,20.0,4,0.0,0,0.0,0.0,0,0,4,3,130.0,6,1,13.64,34,0.0,0.0,0.0
186.0,3,pa_6,E5,25.0,5,25.0,1,20.0,0.0,0,0,4,3,130.0,6,1,13.64,34,25.0,0.12,0.2
186.0,3,pa_6_rev,NEG_E5,25.0,5,0.0,0,0.0,0.0,0,0,5,3,130.0,6,1,13.64,34,0.0,0.0,0.0
186.0,3,pa_7,E6,20.0,4,0.0,0,0.0,0.0,0,0,4,2,130.0,6,1,13.64,34,0.0,0.0,0.0
186.0,3,pa_7_rev,NEG_E6,20.0,4,0.0,0,0.0,0.0,0,0,4,2,130.0,6,1,13.64,34,0.0,0.0,0.0
186.0,3,pa_8,E7,25.0,5,0.0,0,0.0,0.0,0,0,5,3,130.0,6,1,13.64,34,0.0,0.0,0.0
186.0,3,pa_8_rev,NEG_E7,25.0,5,25.0,1,20.0,0.0,0,0,4,3,130.0,6,1,13.64,34,25.0,0.12,0.2
187.0,3,pa_2,E0,20.0,4,80.0,4,100.0,33.33,1,1,0,2,130.0,6,1,13.64,35,20.0,0.71,1.0
187.0,3,pa_2_rev,NEG_E0,20.0,4,0.0,0,0.0,0.0,0,0,4,3,130.0,6,1,13.64,35,0.0,0.0,0.0
187.0,3,pa_3,E1,20.0,4,0.0,0,0.0,0.0,0,0,4,3,130.0,6,1,13.64,35,0.0,0.0,0.0
187.0,3,pa_3_rev,NEG_E1,20.0,4,0.0,0,0.0,0.0,0,0,4,3,130.0,6,1,13.64,35,0.0,0.0,0.0
187.0,3,pa_6,E5,25.0,5,25.0,1,20.0,0.0,0,0,4,3,130.0,6,1,13.64,35,25.0,0.12,0.2
187.0,3,pa_6_rev,NEG_E5,25.0,5,0.0,0,0.0,0.0,0,0,5,3,130.0,6,1,13.64,35,0.0,0.0,0.0
187.0,3,pa_7,E6,20.0,4,0.0,0,0.0,0.0,0,0,4,2,130.0,6,1,13.64,35,0.0,0.0,0.0
187.0,3,pa_7_rev,NEG_E6,20.0,4,0.0,0,0.0,0.0,0,0,4,2,130.0,6,1,13.64,35,0.0,0.0,0.0
187.0,3,pa_8,E7,25.0,5,0.0,0,0.0,0.0,0,0,5,3,130.0,6,1,13.64,35,0.0,0.0,0.0
187.0,3,pa_8_rev,NEG_E7,25.0,5,25.0,1,20.0,0.0,0,0,4,3,130.0,6,1,13.64,35,25.0,0.12,0.2
188.0,3,pa_2,E0,20.0,4,80.0,4,100.0,33.33,1,1,0,2,130.0,6,1,13.64,35,20.0,0.71,1.0
188.0,3,pa_2_rev,NEG_E0,20.0,4,0.0,0,0.0,0.0,0,0,4,3,130.0,6,1,13.64,35,0.0,0.0,0.0
188.0,3,pa_3,E1,20.0,4,0.0,0,0.0,0.0,0,0,4,3,130.0,6,1,13.64,35,0.0,0.0,0.0
188.0,3,pa_3_rev,NEG_E1,20.0,4,0.0,0,0.0,0.0,0,0,4,3,130.0,6,1,13.64,35,0.0,0.0,0.0
188.0,3,pa_6,E5,25.0,5,25.0,1,20.0,0.0,0,0,4,3,130.0,6,1,13.64,35,25.0,0.12,0.2
188.0,3,pa_6_rev,NEG_E5,25.0,5,0.0,0,0.0,0.0,0,0,5,3,130.0,6,1,13.64,35,0.0,0.0,0.0
188.0,3,pa_7,E6,20.0,4,0.0,0,0.0,0.0,0,0,4,2,130.0,6,1,13.64,35,0.0,0.0,0.0
188.0,3,pa_7_rev,NEG_E6,20.0,4,0.0,0,0.0,0.0,0,0,4,2,130.0,6,1,13.64,35,0.0,0.0,0.0
188.0,3,pa_8,E7,25.0,5,0.0,0,0.0,0.0,0,0,5,3,130.0,6,1,13.64,35,0.0,0.0,0.0
188.0,3,pa_8_rev,NEG_E7,25.0,5,25.0,1,20.0,0.0,0,0,4,3,130.0,6,1,13.64,35,25.0,0.12,0.2
189.0,3,pa_2,E0,20.0,4,80.0,4,100.0,33.33,1,1,0,2,130.0,6,1,13.64,35,20.0,0.71,1.0
189.0,3,pa_2_rev,NEG_E0,20.0,4,0.0,0,0.0,0.0,0,0,4,3,130.0,6,1,13.64,35,0.0,0.0,0.0
189.0,3,pa_3,E1,20.0,4,0.0,0,0.0,0.0,0,0,4,3,130.0,6,1,13.64,35,0.0,0.0,0.0
189.0,3,pa_3_rev,NEG_E1,20.0,4,0.0,0,0.0,0.0,0,0,4,3,130.0,6,1,13.64,35,0.0,0.0,0.0
189.0,3,pa_6,E5,25.0,5,25.0,1,20.0,0.0,0,0,4,3,130.0,6,1,13.64,35,25.0,0.12,0.2
189.0,3,pa_6_rev,NEG_E5,25.0,5,0.0,0,0.0,0.0,0,0,5,3,130.0,6,1,13.64,35,0.0,0.0,0.0
189.0,3,pa_7,E6,20.0,4,0.0,0,0.0,0.0,0,0,4,2,130.0,6,1,13.64,35,0.0,0.0,0.0
189.0,3,pa_7_rev,NEG_E6,20.0,4,0.0,0,0.0,0.0,0,0,4,2,130.0,6,1,13.64,35,0.0,0.0,0.0
189.0,3,pa_8,E7,25.0,5,0.0,0,0.0,0.0,0,0,5,3,130.0,6,1,13.64,35,0.0,0.0,0.0
189.0,3,pa_8_rev,NEG_E7,25.0,5,25.0,1,20.0,0.0,0,0,4,3,130.0,6,1,13.64,35,25.0,0.12,0.2
190.0,3,pa_2,E0,20.0,4,80.0,4,100.0,33.33,1,1,0,2,130.0,6,1,13.64,35,20.0,0.71,1.0
190.0,3,pa_2_rev,NEG_E0,20.0,4,0.0,0,0.0,0.0,0,0,4,3,130.0,6,1,13.64,35,0.0,0.0,0.0
190.0,3,pa_3,E1,20.0,4,0.0,0,0.0,0.0,0,0,4,3,130.0,6,1,13.64,35,0.0,0.0,0.0
190.0,3,pa_3_rev,NEG_E1,20.0,4,0.0,0,0.0,0.0,0,0,4,3,130.0,6,1,13.64,35,0.0,0.0,0.0
190.0,3,pa_6,E5,25.0,5,25.0,1,20.0,0.0,0,0,4,3,130.0,6,1,13.64,35,25.0,0.12,0.2
190.0,3,pa_6_rev,NEG_E5,25.0,5,0.0,0,0.0,0.0,0,0,5,3,130.0,6,1,13.64,35,0.0,0.0,0.0
190.0,3,pa_7,E6,20.0,4,0.0,0,0.0,0.0,0,0,4,2,130.0,6,1,13.64,35,0.0,0.0,0.0
190.0,3,pa_7_rev,NEG_E6,20.0,4,0.0,0,0.0,0.0,0,0,4,2,130.0,6,1,13.64,35,0.0,0.0,0.0
190.0,3,pa_8,E7,25.0,5,0.0,0,0.0,0.0,0,0,5,3,130.0,6,1,13.64,35,0.0,0.0,0.0
190.0,3,pa_8_rev,NEG_E7,25.0,5,25.0,1,20.0,0.0,0,0,4,3,130.0,6,1,13.64,35,25.0,0.12,0.2
191.0,3,pa_2,E0,20.0,4,80.0,4,100.0,33.33,1,1,0,2,130.0,6,1,13.64,35,20.0,0.71,1.0
191.0,3,pa_2_rev,NEG_E0,20.0,4,0.0,0,0.0,0.0,0,0,4,3,130.0,6,1,13.64,35,0.0,0.0,0.0
191.0,3,pa_3,E1,20.0,4,0.0,0,0.0,0.0,0,0,4,3,130.0,6,1,13.64,35,0.0,0.0,0.0
191.0,3,pa_3_rev,NEG_E1,20.0,4,0.0,0,0.0,0.0,0,0,4,3,130.0,6,1,13.64,35,0.0,0.0,0.0
191.0,3,pa_6,E5,25.0,5,25.0,1,20.0,0.0,0,0,4,3,130.0,6,1,13.64,35,25.0,0.12,0.2
191.0,3,pa_6_rev,NEG_E5,25.0,5,0.0,0,0.0,0.0,0,0,5,3,130.0,6,1,13.64,35,0.0,0.0,0.0
191.0,3,pa_7,E6,20.0,4,0.0,0,0.0,0.0,0,0,4,2,130.0,6,1,13.64,35,0.0,0.0,0.0
191.0,3,pa_7_rev,NEG_E6,20.0,4,0.0,0,0.0,0.0,0,0,4,2,130.0,6,1,13.64,35,0.0,0.0,0.0
191.0,3,pa_8,E7,25.0,5,0.0,0,0.0,0.0,0,0,5,3,130.0,6,1,13.64,35,0.0,0.0,0.0
191.0,3,pa_8_rev,NEG_E7,25.0,5,25.0,1,20.0,0.0,0,0,4,3,130.0,6,1,13.64,35,25.0,0.12,0.2
192.0,3,pa_2,E0,20.0,4,80.0,4,100.0,33.33,1,1,0,2,155.0,7,1,15.91,35,20.0,0.71,1.0
192.0,3,pa_2_rev,NEG_E0,20.0,4,0.0,0,0.0,0.0,0,0,4,3,155.0,7,1,15.91,35,0.0,0.0,0.0
192.0,3,pa_3,E1,20.0,4,0.0,0,0.0,0.0,0,0,4,3,155.0,7,1,15.91,35,0.0,0.0,0.0
192.0,3,pa_3_rev,NEG_E1,20.0,4,0.0,0,0.0,0.0,0,0,4,3,155.0,7,1,15.91,35,0.0,0.0,0.0
192.0,3,pa_6,E5,25.0,5,50.0,2,40.0,0.0,0,0,3,3,155.0,7,1,15.91,35,25.0,0.25,0.4
192.0,3,pa_6_rev,NEG_E5,25.0,5,0.0,0,0.0,0.0,0,0,5,3,155.0,7,1,15.91,35,0.0,0.0,0.0
192.0,3,pa_7,E6,20.0,4,0.0,0,0.0,0.0,0,0,4,2,155.0,7,1,15.91,35,0.0,0.0,0.0
192.0,3,pa_7_rev,NEG_E6,20.0,4,0.0,0,0.0,0.0,0,0,4,2,155.0,7,1,15.91,35,0.0,0.0,0.0
192.0,3,pa_8,E7,25.0,5,0.0,0,0.0,0.0,0,0,5,3,155.0,7,1,15.91,35,0.0,0.0,0.0
192.0,3,pa_8_rev,NEG_E7,25.0,5,25.0,1,20.0,0.0,0,0,4,3,155.0,7,1,15.91,35,25.0,0.12,0.2
193.0,3,pa_2,E0,20.0,4,80.0,4,100.0,33.33,1,1,0,2,155.0,7,1,15.91,35,20.0,0.71,1.0
193.0,3,pa_2_rev,NEG_E0,20.0,4,0.0,0,0.0,0.0,0,0,4,3,155.0,7,1,15.91,35,0.0,0.0,0.0
193.0,3,pa_3,E1,20.0,4,0.0,0,0.0,0.0,0,0,4,3,155.0,7,1,15.91,35,0.0,0.0,0.0
193.0,3,pa_3_rev,NEG_E1,20.0,4,0.0,0,0.0,0.0,0,0,4,3,155.0,7,1,15.91,35,0.0,0.0,0.0
193.0,3,pa_6,E5,25.0,5,50.0,2,40.0,0.0,0,0,3,3,155.0,7,1,15.91,35,25.0,0.25,0.4
193.0,3,pa_6_rev,NEG_E5,25.0,5,0.0,0,0.0,0.0,0,0,5,3,155.0,7,1,15.91,35,0.0,0.0,0.0
193.0,3,pa_7,E6,20.0,4,0.0,0,0.0,0.0,0,0,4,2,155.0,7,1,15.91,35,0.0,0.0,0.0
193.0,3,pa_7_rev,NEG_E6,20.0,4,0.0,0,0.0,0.0,0,0,4,2,155.0,7,1,15.91,35,0.0,0.0,0.0
193.0,3,pa_8,E7,25.0,5,0.0,0,0.0,0.0,0,0,5,3,155.0,7,1,15.91,35,0.0,0.0,0.0
193.0,3,pa_8_rev,NEG_E7,25.0,5,25.0,1,20.0,0.0,0,0,4,3,155.0,7,1,15.91,35,25.0,0.12,0.2
194.0,3,pa_2,E0,20.0,4,80.0,4,100.0,33.33,1,1,0,2,155.0,7,1,15.91,35,20.0,0.71,1.0
194.0,3,pa_2_rev,NEG_E0,20.0,4,0.0,0,0.0,0.0,0,0,4,3,155.0,7,1,15.91,35,0.0,0.0,0.0
194.0,3,pa_3,E1,20.0,4,0.0,0,0.0,0.0,0,0,4,3,155.0,7,1,15.91,35,0.0,0.0,0.0
194.0,3,pa_3_rev,NEG_E1,20.0,4,0.0,0,0.0,0.0,0,0,4,3,155.0,7,1,15.91,35,0.0,0.0,0.0
194.0,3,pa_6,E5,25.0,5,50.0,2,40.0,0.0,0,0,3,3,155.0,7,1,15.91,35,25.0,0.25,0.4
194.0,3,pa_6_rev,NEG_E5,25.0,5,0.0,0,0.0,0.0,0,0,5,3,155.0,7,1,15.91,35,0.0,0.0,0.0
194.0,3,pa_7,E6,20.0,4,0.0,0,0.0,0.0,0,0,4,2,155.0,7,1,15.91,35,0.0,0.0,0.0
194.0,3,pa_7_rev,NEG_E6,20.0,4,0.0,0,0.0,0.0,0,0,4,2,155.0,7,1,15.91,35,0.0,0.0,0.0
194.0,3,pa_8,E7,25.0,5,0.0,0,0.0,0.0,0,0,5,3,155.0,7,1,15.91,35,0.0,0.0,0.0
194.0,3,pa_8_rev,NEG_E7,25.0,5,25.0,1,20.0,0.0,0,0,4,3,155.0,7,1,15.91,35,25.0,0.12,0.2
195.0,3,pa_2,E0,20.0,4,80.0,4,100.0,33.33,1,1,0,2,155.0,7,1,15.91,35,20.0,0.71,1.0
195.0,3,pa_2_rev,NEG_E0,20.0,4,0.0,0,0.0,0.0,0,0,4,3,155.0,7,1,15.91,35,0.0,0.0,0.0
195.0,3,pa_3,E1,20.0,4,0.0,0,0.0,0.0,0,0,4,3,155.0,7,1,15.91,35,0.0,0.0,0.0
195.0,3,pa_3_rev,NEG_E1,20.0,4,0.0,0,0.0,0.0,0,0,4,3,155.0,7,1,15.91,35,0.0,0.0,0.0
195.0,3,pa_6,E5,25.0,5,50.0,2,40.0,0.0,0,0,3,3,155.0,7,1,15.91,35,25.0,0.25,0.4
195.0,3,pa_6_rev,NEG_E5,25.0,5,0.0,0,0.0,0.0,0,0,5,3,155.0,7,1,15.91,35,0.0,0.0,0.0
195.0,3,pa_7,E6,20.0,4,0.0,0,0.0,0.0,0,0,4,2,155.0,7,1,15.91,35,0.0,0.0,0.0
195.0,3,pa_7_rev,NEG_E6,20.0,4,0.0,0,0.0,0.0,0,0,4,2,155.0,7,1,15.91,35,0.0,0.0,0.0
195.0,3,pa_8,E7,25.0,5,0.0,0,0.0,0.0,0,0,5,3,155.0,7,1,15.91,35,0.0,0.0,0.0
195.0,3,pa_8_rev,NEG_E7,25.0,5,25.0,1,20.0,0.0,0,0,4,3,155.0,7,1,15.91,35,25.0,0.12,0.2
196.0,3,pa_2,E0,20.0,4,80.0,4,100.0,33.33,1,1,0,2,155.0,7,1,15.91,36,20.0,0.71,1.0
196.0,3,pa_2_rev,NEG_E0,20.0,4,0.0,0,0.0,0.0,0,0,4,3,155.0,7,1,15.91,36,0.0,0.0,0.0
196.0,3,pa_3,E1,20.0,4,0.0,0,0.0,0.0,0,0,4,3,155.0,7,1,15.91,36,0.0,0.0,0.0
196.0,3,pa_3_rev,NEG_E1,20.0,4,0.0,0,0.0,0.0,0,0,4,3,155.0,7,1,15.91,36,0.0,0.0,0.0
196.0,3,pa_6,E5,25.0,5,50.0,2,40.0,0.0,0,0,3,3,155.0,7,1,15.91,36,25.0,0.25,0.4
196.0,3,pa_6_rev,NEG_E5,25.0,5,0.0,0,0.0,0.0,0,0,5,3,155.0,7,1,15.91,36,0.0,0.0,0.0
196.0,3,pa_7,E6,20.0,4,0.0,0,0.0,0.0,0,0,4,2,155.0,7,1,15.91,36,0.0,0.0,0.0
196.0,3,pa_7_rev,NEG_E6,20.0,4,0.0,0,0.0,0.0,0,0,4,2,155.0,7,1,15.91,36,0.0,0.0,0.0
196.0,3,pa_8,E7,25.0,5,0.0,0,0.0,0.0,0,0,5,3,155.0,7,1,15.91,36,0.0,0.0,0.0
196.0,3,pa_8_rev,NEG_E7,25.0,5,25.0,1,20.0,0.0,0,0,4,3,155.0,7,1,15.91,36,25.0,0.12,0.2
197.0,3,pa_2,E0,20.0,4,80.0,4,100.0,33.33,1,1,0,2,155.0,7,1,15.91,36,20.0,0.71,1.0
197.0,3,pa_2_rev,NEG_E0,20.0,4,0.0,0,0.0,0.0,0,0,4,3,155.0,7,1,15.91,36,0.0,0.0,0.0
197.0,3,pa_3,E1,20.0,4,0.0,0,0.0,0.0,0,0,4,3,155.0,7,1,15.91,36,0.0,0.0,0.0
197.0,3,pa_3_rev,NEG_E1,20.0,4,0.0,0,0.0,0.0,0,0,4,3,155.0,7,1,15.91,36,0.0,0.0,0.0
197.0,3,pa_6,E5,25.0,5,50.0,2,40.0,0.0,0,0,3,3,155.0,7,1,15.91,36,25.0,0.25,0.4
197.0,3,pa_6_rev,NEG_E5,25.0,5,0.0,0,0.0,0.0,0,0,5,3,155.0,7,1,15.91,36,0.0,0.0,0.0
197.0,3,pa_7,E6,20.0,4,0.0,0,0.0,0.0,0,0,4,2,155.0,7,1,15.91,36,0.0,0.0,0.0
197.0,3,pa_7_rev,NEG_E6,20.0,4,0.0,0,0.0,0.0,0,0,4,2,155.0,7,1,15.91,36,0.0,0.0,0.0
197.0,3,pa_8,E7,25.0,5,0.0,0,0.0,0.0,0,0,5,3,155.0,7,1,15.91,36,0.0,0.0,0.0
197.0,3,pa_8_rev,NEG_E7,25.0,5,25.0,1,20.0,0.0,0,0,4,3,155.0,7,1,15.91,36,25.0,0.12,0.2
198.0,3,pa_2,E0,20.0,4,80.0,4,100.0,33.33,1,1,0,2,155.0,7,1,15.91,36,20.0,0.71,1.0
198.0,3,pa_2_rev,NEG_E0,20.0,4,0.0,0,0.0,0.0,0,0,4,3,155.0,7,1,15.91,36,0.0,0.0,0.0
198.0,3,pa_3,E1,20.0,4,0.0,0,0.0,0.0,0,0,4,3,155.0,7,1,15.91,36,0.0,0.0,0.0
198.0,3,pa_3_rev,NEG_E1,20.0,4,0.0,0,0.0,0.0,0,0,4,3,155.0,7,1,15.91,36,0.0,0.0,0.0
198.0,3,pa_6,E5,25.0,5,50.0,2,40.0,0.0,0,0,3,3,155.0,7,1,15.91,36,25.0,0.25,0.4
198.0,3,pa_6_rev,NEG_E5,25.0,5,0.0,0,0.0,0.0,0,0,5,3,155.0,7,1,15.91,36,0.0,0.0,0.0
198.0,3,pa_7,E6,20.0,4,0.0,0,0.0,0.0,0,0,4,2,155.0,7,1,15.91,36,0.0,0.0,0.0
198.0,3,pa_7_rev,NEG_E6,20.0,4,0.0,0,0.0,0.0,0,0,4,2,155.0,7,1,15.91,36,0.0,0.0,0.0
198.0,3,pa_8,E7,25.0,5,0.0,0,0.0,0.0,0,0,5,3,155.0,7,1,15.91,36,0.0,0.0,0.0
198.0,3,pa_8_rev,NEG_E7,25.0,5,25.0,1,20.0,0.0,0,0,4,3,155.0,7,1,15.91,36,25.0,0.12,0.2
199.0,3,pa_2,E0,20.0,4,80.0,4,100.0,33.33,1,1,0,2,155.0,7,1,15.91,36,20.0,0.71,1.0
199.0,3,pa_2_rev,NEG_E0,20.0,4,0.0,0,0.0,0.0,0,0,4,3,155.0,7,1,15.91,36,0.0,0.0,0.0
199.0,3,pa_3,E1,20.0,4,0.0,0,0.0,0.0,0,0,4,3,155.0,7,1,15.91,36,0.0,0.0,0.0
199.0,3,pa_3_rev,NEG_E1,20.0,4,0.0,0,0.0,0.0,0,0,4,3,155.0,7,1,15.91,36,0.0,0.0,0.0
199.0,3,pa_6,E5,25.0,5,50.0,2,40.0,0.0,0,0,3,3,155.0,7,1,15.91,36,25.0,0.25,0.4
199.0,3,pa_6_rev,NEG_E5,25.0,5,0.0,0,0.0,0.0,0,0,5,3,155.0,7,1,15.91,36,0.0,0.0,0.0
199.0,3,pa_7,E6,20.0,4,0.0,0,0.0,0.0,0,0,4,2,155.0,7,1,15.91,36,0.0,0.0,0.0
199.0,3,pa_7_rev,NEG_E6,20.0,4,0.0,0,0.0,0.0,0,0,4,2,155.0,7,1,15.91,36,0.0,0.0,0.0
199.0,3,pa_8,E7,25.0,5,0.0,0,0.0,0.0,0,0,5,3,155.0,7,1,15.91,36,0.0,0.0,0.0
199.0,3,pa_8_rev,NEG_E7,25.0,5,25.0,1,20.0,0.0,0,0,4,3,155.0,7,1,15.91,36,25.0,0.12,0.2
200.0,3,pa_2,E0,20.0,4,80.0,4,100.0,33.33,1,1,0,2,155.0,7,1,15.91,36,20.0,0.71,1.0
200.0,3,pa_2_rev,NEG_E0,20.0,4,0.0,0,0.0,0.0,0,0,4,3,155.0,7,1,15.91,36,0.0,0.0,0.0
200.0,3,pa_3,E1,20.0,4,0.0,0,0.0,0.0,0,0,4,3,155.0,7,1,15.91,36,0.0,0.0,0.0
200.0,3,pa_3_rev,NEG_E1,20.0,4,0.0,0,0.0,0.0,0,0,4,3,155.0,7,1,15.91,36,0.0,0.0,0.0
200.0,3,pa_6,E5,25.0,5,50.0,2,40.0,0.0,0,0,3,3,155.0,7,1,15.91,36,25.0,0.25,0.4
200.0,3,pa_6_rev,NEG_E5,25.0,5,0.0,0,0.0,0.0,0,0,5,3,155.0,7,1,15.91,36,0.0,0.0,0.0
200.0,3,pa_7,E6,20.0,4,0.0,0,0.0,0.0,0,0,4,2,155.0,7,1,15.91,36,0.0,0.0,0.0
200.0,3,pa_7_rev,NEG_E6,20.0,4,0.0,0,0.0,0.0,0,0,4,2,155.0,7,1,15.91,36,0.0,0.0,0.0
200.0,3,pa_8,E7,25.0,5,0.0,0,0.0,0.0,0,0,5,3,155.0,7,1,15.91,36,0.0,0.0,0.0
200.0,3,pa_8_rev,NEG_E7,25.0,5,25.0,1,20.0,0.0,0,0,4,3,155.0,7,1,15.91,36,25.0,0.12,0.2
201.0,3,pa_2,E0,20.0,4,80.0,4,100.0,33.33,1,1,0,2,155.0,7,1,15.91,37,20.0,0.71,1.0
201.0,3,pa_2_rev,NEG_E0,20.0,4,0.0,0,0.0,0.0,0,0,4,3,155.0,7,1,15.91,37,0.0,0.0,0.0
201.0,3,pa_3,E1,20.0,4,0.0,0,0.0,0.0,0,0,4,3,155.0,7,1,15.91,37,0.0,0.0,0.0
201.0,3,pa_3_rev,NEG_E1,20.0,4,0.0,0,0.0,0.0,0,0,4,3,155.0,7,1,15.91,37,0.0,0.0,0.0
201.0,3,pa_6,E5,25.0,5,50.0,2,40.0,0.0,0,0,3,3,155.0,7,1,15.91,37,25.0,0.25,0.4
201.0,3,pa_6_rev,NEG_E5,25.0,5,0.0,0,0.0,0.0,0,0,5,3,155.0,7,1,15.91,37,0.0,0.0,0.0
201.0,3,pa_7,E6,20.0,4,0.0,0,0.0,0.0,0,0,4,2,155.0,7,1,15.91,37,0.0,0.0,0.0
201.0,3,pa_7_rev,NEG_E6,20.0,4,0.0,0,0.0,0.0,0,0,4,2,155.0,7,1,15.91,37,0.0,0.0,0.0
201.0,3,pa_8,E7,25.0,5,0.0,0,0.0,0.0,0,0,5,3,155.0,7,1,15.91,37,0.0,0.0,0.0
201.0,3,pa_8_rev,NEG_E7,25.0,5,25.0,1,20.0,0.0,0,0,4,3,155.0,7,1,15.91,37,25.0,0.12,0.2
202.0,3,pa_2,E0,20.0,4,80.0,4,100.0,33.33,1,1,0,2,155.0,7,1,15.91,37,20.0,0.71,1.0
202.0,3,pa_2_rev,NEG_E0,20.0,4,0.0,0,0.0,0.0,0,0,4,3,155.0,7,1,15.91,37,0.0,0.0,0.0
202.0,3,pa_3,E1,20.0,4,0.0,0,0.0,0.0,0,0,4,3,155.0,7,1,15.91,37,0.0,0.0,0.0
202.0,3,pa_3_rev,NEG_E1,20.0,4,0.0,0,0.0,0.0,0,0,4,3,155.0,7,1,15.91,37,0.0,0.0,0.0
202.0,3,pa_6,E5,25.0,5,50.0,2,40.0,0.0,0,0,3,3,155.0,7,1,15.91,37,25.0,0.25,0.4
202.0,3,pa_6_rev,NEG_E5,25.0,5,0.0,0,0.0,0.0,0,0,5,3,155.0,7,1,15.91,37,0.0,0.0,0.0
202.0,3,pa_7,E6,20.0,4,0.0,0,0.0,0.0,0,0,4,2,155.0,7,1,15.91,37,0.0,0.0,0.0
202.0,3,pa_7_rev,NEG_E6,20.0,4,0.0,0,0.0,0.0,0,0,4,2,155.0,7,1,15.91,37,0.0,0.0,0.0
202.0,3,pa_8,E7,25.0,5,0.0,0,0.0,0.0,0,0,5,3,155.0,7,1,15.91,37,0.0,0.0,0.0
202.0,3,pa_8_rev,NEG_E7,25.0,5,25.0,1,20.0,0.0,0,0,4,3,155.0,7,1,15.91,37,25.0,0.12,0.2
203.0,3,pa_2,E0,20.0,4,80.0,4,100.0,33.33,1,1,0,2,155.0,7,1,15.91,37,20.0,0.71,1.0
203.0,3,pa_2_rev,NEG_E0,20.0,4,0.0,0,0.0,0.0,0,0,4,3,155.0,7,1,15.91,37,0.0,0.0,0.0
203.0,3,pa_3,E1,20.0,4,0.0,0,0.0,0.0,0,0,4,3,155.0,7,1,15.91,37,0.0,0.0,0.0
203.0,3,pa_3_rev,NEG_E1,20.0,4,0.0,0,0.0,0.0,0,0,4,3,155.0,7,1,15.91,37,0.0,0.0,0.0
203.0,3,pa_6,E5,25.0,5,50.0,2,40.0,0.0,0,0,3,3,155.0,7,1,15.91,37,25.0,0.25,0.4
203.0,3,pa_6_rev,NEG_E5,25.0,5,0.0,0,0.0,0.0,0,0,5,3,155.0,7,1,15.91,37,0.0,0.0,0.0
203.0,3,pa_7,E6,20.0,4,0.0,0,0.0,0.0,0,0,4,2,155.0,7,1,15.91,37,0.0,0.0,0.0
203.0,3,pa_7_rev,NEG_E6,20.0,4,0.0,0,0.0,0.0,0,0,4,2,155.0,7,1,15.91,37,0.0,0.0,0.0
203.0,3,pa_8,E7,25.0,5,0.0,0,0.0,0.0,0,0,5,3,155.0,7,1,15.91,37,0.0,0.0,0.0
203.0,3,pa_8_rev,NEG_E7,25.0,5,25.0,1,20.0,0.0,0,0,4,3,155.0,7,1,15.91,37,25.0,0.12,0.2
204.0,3,pa_2,E0,20.0,4,80.0,4,100.0,33.33,1,1,0,2,155.0,7,1,15.91,37,20.0,0.71,1.0
204.0,3,pa_2_rev,NEG_E0,20.0,4,0.0,0,0.0,0.0,0,0,4,3,155.0,7,1,15.91,37,0.0,0.0,0.0
204.0,3,pa_3,E1,20.0,4,0.0,0,0.0,0.0,0,0,4,3,155.0,7,1,15.91,37,0.0,0.0,0.0
204.0,3,pa_3_rev,NEG_E1,20.0,4,0.0,0,0.0,0.0,0,0,4,3,155.0,7,1,15.91,37,0.0,0.0,0.0
204.0,3,pa_6,E5,25.0,5,50.0,2,40.0,0.0,0,0,3,3,155.0,7,1,15.91,37,25.0,0.25,0.4
204.0,3,pa_6_rev,NEG_E5,25.0,5,0.0,0,0.0,0.0,0,0,5,3,155.0,7,1,15.91,37,0.0,0.0,0.0
204.0,3,pa_7,E6,20.0,4,0.0,0,0.0,0.0,0,0,4,2,155.0,7,1,15.91,37,0.0,0.0,0.0
204.0,3,pa_7_rev,NEG_E6,20.0,4,0.0,0,0.0,0.0,0,0,4,2,155.0,7,1,15.91,37,0.0,0.0,0.0
204.0,3,pa_8,E7,25.0,5,0.0,0,0.0,0.0,0,0,5,3,155.0,7,1,15.91,37,0.0,0.0,0.0
204.0,3,pa_8_rev,NEG_E7,25.0,5,25.0,1,20.0,0.0,0,0,4,3,155.0,7,1,15.91,37,25.0,0.12,0.2
205.0,3,pa_2,E0,20.0,4,80.0,4,100.0,33.33,1,1,0,2,155.0,7,1,15.91,37,20.0,0.71,1.0
205.0,3,pa_2_rev,NEG_E0,20.0,4,0.0,0,0.0,0.0,0,0,4,3,155.0,7,1,15.91,37,0.0,0.0,0.0
205.0,3,pa_3,E1,20.0,4,0.0,0,0.0,0.0,0,0,4,3,155.0,7,1,15.91,37,0.0,0.0,0.0
205.0,3,pa_3_rev,NEG_E1,20.0,4,0.0,0,0.0,0.0,0,0,4,3,155.0,7,1,15.91,37,0.0,0.0,0.0
205.0,3,pa_6,E5,25.0,5,50.0,2,40.0,0.0,0,0,3,3,155.0,7,1,15.91,37,25.0,0.25,0.4
205.0,3,pa_6_rev,NEG_E5,25.0,5,0.0,0,0.0,0.0,0,0,5,3,155.0,7,1,15.91,37,0.0,0.0,0.0
205.0,3,pa_7,E6,20.0,4,0.0,0,0.0,0.0,0,0,4,2,155.0,7,1,15.91,37,0.0,0.0,0.0
205.0,3,pa_7_rev,NEG_E6,20.0,4,0.0,0,0.0,0.0,0,0,4,2,155.0,7,1,15.91,37,0.0,0.0,0.0
205.0,3,pa_8,E7,25.0,5,0.0,0,0.0,0.0,0,0,5,3,155.0,7,1,15.91,37,0.0,0.0,0.0
205.0,3,pa_8_rev,NEG_E7,25.0,5,25.0,1,20.0,0.0,0,0,4,3,155.0,7,1,15.91,37,25.0,0.12,0.2
206.0,3,pa_2,E0,20.0,4,80.0,4,100.0,33.33,1,1,0,2,155.0,7,1,15.91,37,20.0,0.71,1.0
206.0,3,pa_2_rev,NEG_E0,20.0,4,0.0,0,0.0,0.0,0,0,4,3,155.0,7,1,15.91,37,0.0,0.0,0.0
206.0,3,pa_3,E1,20.0,4,0.0,0,0.0,0.0,0,0,4,3,155.0,7,1,15.91,37,0.0,0.0,0.0
206.0,3,pa_3_rev,NEG_E1,20.0,4,0.0,0,0.0,0.0,0,0,4,3,155.0,7,1,15.91,37,0.0,0.0,0.0
206.0,3,pa_6,E5,25.0,5,50.0,2,40.0,0.0,0,0,3,3,155.0,7,1,15.91,37,25.0,0.25,0.4
206.0,3,pa_6_rev,NEG_E5,25.0,5,0.0,0,0.0,0.0,0,0,5,3,155.0,7,1,15.91,37,0.0,0.0,0.0
206.0,3,pa_7,E6,20.0,4,0.0,0,0.0,0.0,0,0,4,2,155.0,7,1,15.91,37,0.0,0.0,0.0
206.0,3,pa_7_rev,NEG_E6,20.0,4,0.0,0,0.0,0.0,0,0,4,2,155.0,7,1,15.91,37,0.0,0.0,0.0
206.0,3,pa_8,E7,25.0,5,0.0,0,0.0,0.0,0,0,5,3,155.0,7,1,15.91,37,0.0,0.0,0.0
206.0,3,pa_8_rev,NEG_E7,25.0,5,25.0,1,20.0,0.0,0,0,4,3,155.0,7,1,15.91,37,25.0,0.12,0.2
207.0,3,pa_2,E0,20.0,4,80.0,4,100.0,33.33,1,1,0,2,155.0,7,1,15.91,37,20.0,0.71,1.0
207.0,3,pa_2_rev,NEG_E0,20.0,4,0.0,0,0.0,0.0,0,0,4,3,155.0,7,1,15.91,37,0.0,0.0,0.0
207.0,3,pa_3,E1,20.0,4,0.0,0,0.0,0.0,0,0,4,3,155.0,7,1,15.91,37,0.0,0.0,0.0
207.0,3,pa_3_rev,NEG_E1,20.0,4,0.0,0,0.0,0.0,0,0,4,3,155.0,7,1,15.91,37,0.0,0.0,0.0
207.0,3,pa_6,E5,25.0,5,50.0,2,40.0,0.0,0,0,3,3,155.0,7,1,15.91,37,25.0,0.25,0.4
207.0,3,pa_6_rev,NEG_E5,25.0,5,0.0,0,0.0,0.0,0,0,5,3,155.0,7,1,15.91,37,0.0,0.0,0.0
207.0,3,pa_7,E6,20.0,4,0.0,0,0.0,0.0,0,0,4,2,155.0,7,1,15.91,37,0.0,0.0,0.0
207.0,3,pa_7_rev,NEG_E6,20.0,4,0.0,0,0.0,0.0,0,0,4,2,155.0,7,1,15.91,37,0.0,0.0,0.0
207.0,3,pa_8,E7,25.0,5,0.0,0,0.0,0.0,0,0,5,3,155.0,7,1,15.91,37,0.0,0.0,0.0
207.0,3,pa_8_rev,NEG_E7,25.0,5,25.0,1,20.0,0.0,0,0,4,3,155.0,7,1,15.91,37,25.0,0.12,0.2
208.0,3,pa_2,E0,20.0,4,80.0,4,100.0,33.33,1,1,0,2,155.0,7,1,15.91,37,20.0,0.71,1.0
208.0,3,pa_2_rev,NEG_E0,20.0,4,0.0,0,0.0,0.0,0,0,4,3,155.0,7,1,15.91,37,0.0,0.0,0.0
208.0,3,pa_3,E1,20.0,4,0.0,0,0.0,0.0,0,0,4,3,155.0,7,1,15.91,37,0.0,0.0,0.0
208.0,3,pa_3_rev,NEG_E1,20.0,4,0.0,0,0.0,0.0,0,0,4,3,155.0,7,1,15.91,37,0.0,0.0,0.0
208.0,3,pa_6,E5,25.0,5,50.0,2,40.0,0.0,0,0,3,3,155.0,7,1,15.91,37,25.0,0.25,0.4
208.0,3,pa_6_rev,NEG_E5,25.0,5,0.0,0,0.0,0.0,0,0,5,3,155.0,7,1,15.91,37,0.0,0.0,0.0
208.0,3,pa_7,E6,20.0,4,0.0,0,0.0,0.0,0,0,4,2,155.0,7,1,15.91,37,0.0,0.0,0.0
208.0,3,pa_7_rev,NEG_E6,20.0,4,0.0,0,0.0,0.0,0,0,4,2,155.0,7,1,15.91,37,0.0,0.0,0.0
208.0,3,pa_8,E7,25.0,5,0.0,0,0.0,0.0,0,0,5,3,155.0,7,1,15.91,37,0.0,0.0,0.0
208.0,3,pa_8_rev,NEG_E7,25.0,5,25.0,1,20.0,0.0,0,0,4,3,155.0,7,1,15.91,37,25.0,0.12,0.2
209.0,3,pa_2,E0,20.0,4,80.0,4,100.0,33.33,1,1,0,2,155.0,7,1,15.91,37,20.0,0.71,1.0
209.0,3,pa_2_rev,NEG_E0,20.0,4,0.0,0,0.0,0.0,0,0,4,3,155.0,7,1,15.91,37,0.0,0.0,0.0
209.0,3,pa_3,E1,20.0,4,0.0,0,0.0,0.0,0,0,4,3,155.0,7,1,15.91,37,0.0,0.0,0.0
209.0,3,pa_3_rev,NEG_E1,20.0,4,0.0,0,0.0,0.0,0,0,4,3,155.0,7,1,15.91,37,0.0,0.0,0.0
209.0,3,pa_6,E5,25.0,5,50.0,2,40.0,0.0,0,0,3,3,155.0,7,1,15.91,37,25.0,0.25,0.4
209.0,3,pa_6_rev,NEG_E5,25.0,5,0.0,0,0.0,0.0,0,0,5,3,155.0,7,1,15.91,37,0.0,0.0,0.0
209.0,3,pa_7,E6,20.0,4,0.0,0,0.0,0.0,0,0,4,2,155.0,7,1,15.91,37,0.0,0.0,0.0
209.0,3,pa_7_rev,NEG_E6,20.0,4,0.0,0,0.0,0.0,0,0,4,2,155.0,7,1,15.91,37,0.0,0.0,0.0
209.0,3,pa_8,E7,25.0,5,0.0,0,0.0,0.0,0,0,5,3,155.0,7,1,15.91,37,0.0,0.0,0.0
209.0,3,pa_8_rev,NEG_E7,25.0,5,25.0,1,20.0,0.0,0,0,4,3,155.0,7,1,15.91,37,25.0,0.12,0.2
210.0,3,pa_2,E0,20.0,4,80.0,4,100.0,33.33,1,1,0,2,155.0,7,1,15.91,37,20.0,0.71,1.0
210.0,3,pa_2_rev,NEG_E0,20.0,4,0.0,0,0.0,0.0,0,0,4,3,155.0,7,1,15.91,37,0.0,0.0,0.0
210.0,3,pa_3,E1,20.0,4,0.0,0,0.0,0.0,0,0,4,3,155.0,7,1,15.91,37,0.0,0.0,0.0
210.0,3,pa_3_rev,NEG_E1,20.0,4,0.0,0,0.0,0.0,0,0,4,3,155.0,7,1,15.91,37,0.0,0.0,0.0
210.0,3,pa_6,E5,25.0,5,50.0,2,40.0,0.0,0,0,3,3,155.0,7,1,15.91,37,25.0,0.25,0.4
210.0,3,pa_6_rev,NEG_E5,25.0,5,0.0,0,0.0,0.0,0,0,5,3,155.0,7,1,15.91,37,0.0,0.0,0.0
210.0,3,pa_7,E6,20.0,4,0.0,0,0.0,0.0,0,0,4,2,155.0,7,1,15.91,37,0.0,0.0,0.0
210.0,3,pa_7_rev,NEG_E6,20.0,4,0.0,0,0.0,0.0,0,0,4,2,155.0,7,1,15.91,37,0.0,0.0,0.0
210.0,3,pa_8,E7,25.0,5,0.0,0,0.0,0.0,0,0,5,3,155.0,7,1,15.91,37,0.0,0.0,0.0
210.0,3,pa_8_rev,NEG_E7,25.0,5,25.0,1,20.0,0.0,0,0,4,3,155.0,7,1,15.91,37,25.0,0.12,0.2
211.0,3,pa_2,E0,20.0,4,80.0,4,100.0,33.33,1,1,0,2,155.0,7,1,15.91,38,20.0,0.71,1.0
211.0,3,pa_2_rev,NEG_E0,20.0,4,0.0,0,0.0,0.0,0,0,4,3,155.0,7,1,15.91,38,0.0,0.0,0.0
211.0,3,pa_3,E1,20.0,4,0.0,0,0.0,0.0,0,0,4,3,155.0,7,1,15.91,38,0.0,0.0,0.0
211.0,3,pa_3_rev,NEG_E1,20.0,4,0.0,0,0.0,0.0,0,0,4,3,155.0,7,1,15.91,38,0.0,0.0,0.0
211.0,3,pa_6,E5,25.0,5,50.0,2,40.0,0.0,0,0,3,3,155.0,7,1,15.91,38,25.0,0.25,0.4
211.0,3,pa_6_rev,NEG_E5,25.0,5,0.0,0,0.0,0.0,0,0,5,3,155.0,7,1,15.91,38,0.0,0.0,0.0
211.0,3,pa_7,E6,20.0,4,0.0,0,0.0,0.0,0,0,4,2,155.0,7,1,15.91,38,0.0,0.0,0.0
211.0,3,pa_7_rev,NEG_E6,20.0,4,0.0,0,0.0,0.0,0,0,4,2,155.0,7,1,15.91,38,0.0,0.0,0.0
211.0,3,pa_8,E7,25.0,5,0.0,0,0.0,0.0,0,0,5,3,155.0,7,1,15.91,38,0.0,0.0,0.0
211.0,3,pa_8_rev,NEG_E7,25.0,5,25.0,1,20.0,0.0,0,0,4,3,155.0,7,1,15.91,38,25.0,0.12,0.2
212.0,3,pa_2,E0,20.0,4,80.0,4,100.0,33.33,1,1,0,2,155.0,7,1,15.91,38,20.0,0.71,1.0
212.0,3,pa_2_rev,NEG_E0,20.0,4,0.0,0,0.0,0.0,0,0,4,3,155.0,7,1,15.91,38,0.0,0.0,0.0
212.0,3,pa_3,E1,20.0,4,0.0,0,0.0,0.0,0,0,4,3,155.0,7,1,15.91,38,0.0,0.0,0.0
212.0,3,pa_3_rev,NEG_E1,20.0,4,0.0,0,0.0,0.0,0,0,4,3,155.0,7,1,15.91,38,0.0,0.0,0.0
212.0,3,pa_6,E5,25.0,5,50.0,2,40.0,0.0,0,0,3,3,155.0,7,1,15.91,38,25.0,0.25,0.4
212.0,3,pa_6_rev,NEG_E5,25.0,5,0.0,0,0.0,0.0,0,0,5,3,155.0,7,1,15.91,38,0.0,0.0,0.0
212.0,3,pa_7,E6,20.0,4,0.0,0,0.0,0.0,0,0,4,2,155.0,7,1,15.91,38,0.0,0.0,0.0
212.0,3,pa_7_rev,NEG_E6,20.0,4,0.0,0,0.0,0.0,0,0,4,2,155.0,7,1,15.91,38,0.0,0.0,0.0
212.0,3,pa_8,E7,25.0,5,0.0,0,0.0,0.0,0,0,5,3,155.0,7,1,15.91,38,0.0,0.0,0.0
212.0,3,pa_8_rev,NEG_E7,25.0,5,25.0,1,20.0,0.0,0,0,4,3,155.0,7,1,15.91,38,25.0,0.12,0.2
213.0,3,pa_2,E0,20.0,4,80.0,4,100.0,33.33,1,1,0,2,155.0,7,1,15.91,38,20.0,0.71,1.0
213.0,3,pa_2_rev,NEG_E0,20.0,4,0.0,0,0.0,0.0,0,0,4,3,155.0,7,1,15.91,38,0.0,0.0,0.0
213.0,3,pa_3,E1,20.0,4,0.0,0,0.0,0.0,0,0,4,3,155.0,7,1,15.91,38,0.0,0.0,0.0
213.0,3,pa_3_rev,NEG_E1,20.0,4,0.0,0,0.0,0.0,0,0,4,3,155.0,7,1,15.91,38,0.0,0.0,0.0
213.0,3,pa_6,E5,25.0,5,50.0,2,40.0,0.0,0,0,3,3,155.0,7,1,15.91,38,25.0,0.25,0.4
213.0,3,pa_6_rev,NEG_E5,25.0,5,0.0,0,0.0,0.0,0,0,5,3,155.0,7,1,15.91,38,0.0,0.0,0.0
213.0,3,pa_7,E6,20.0,4,0.0,0,0.0,0.0,0,0,4,2,155.0,7,1,15.91,38,0.0,0.0,0.0
213.0,3,pa_7_rev,NEG_E6,20.0,4,0.0,0,0.0,0.0,0,0,4,2,155.0,7,1,15.91,38,0.0,0.0,0.0
213.0,3,pa_8,E7,25.0,5,0.0,0,0.0,0.0,0,0,5,3,155.0,7,1,15.91,38,0.0,0.0,0.0
213.0,3,pa_8_rev,NEG_E7,25.0,5,25.0,1,20.0,0.0,0,0,4,3,155.0,7,1,15.91,38,25.0,0.12,0.2
214.0,3,pa_2,E0,20.0,4,80.0,4,100.0,66.67,2,2,0,1,155.0,7,2,15.91,38,20.0,0.86,1.0
214.0,3,pa_2_rev,NEG_E0,20.0,4,0.0,0,0.0,0.0,0,0,4,3,155.0,7,2,15.91,38,0.0,0.0,0.0
214.0,3,pa_3,E1,20.0,4,0.0,0,0.0,0.0,0,0,4,3,155.0,7,2,15.91,38,0.0,0.0,0.0
214.0,3,pa_3_rev,NEG_E1,20.0,4,0.0,0,0.0,0.0,0,0,4,3,155.0,7,2,15.91,38,0.0,0.0,0.0
214.0,3,pa_6,E5,25.0,5,50.0,2,40.0,0.0,0,0,3,3,155.0,7,2,15.91,38,25.0,0.25,0.4
214.0,3,pa_6_rev,NEG_E5,25.0,5,0.0,0,0.0,0.0,0,0,5,3,155.0,7,2,15.91,38,0.0,0.0,0.0
214.0,3,pa_7,E6,20.0,4,0.0,0,0.0,0.0,0,0,4,2,155.0,7,2,15.91,38,0.0,0.0,0.0
214.0,3,pa_7_rev,NEG_E6,20.0,4,0.0,0,0.0,0.0,0,0,4,2,155.0,7,2,15.91,38,0.0,0.0,0.0
214.0,3,pa_8,E7,25.0,5,0.0,0,0.0,0.0,0,0,5,3,155.0,7,2,15.91,38,0.0,0.0,0.0
214.0,3,pa_8_rev,NEG_E7,25.0,5,25.0,1,20.0,0.0,0,0,4,3,155.0,7,2,15.91,38,25.0,0.12,0.2
215.0,3,pa_2,E0,20.0,4,80.0,4,100.0,66.67,2,2,0,1,155.0,7,2,15.91,38,20.0,0.86,1.0
215.0,3,pa_2_rev,NEG_E0,20.0,4,0.0,0,0.0,0.0,0,0,4,3,155.0,7,2,15.91,38,0.0,0.0,0.0
215.0,3,pa_3,E1,20.0,4,0.0,0,0.0,0.0,0,0,4,3,155.0,7,2,15.91,38,0.0,0.0,0.0
215.0,3,pa_3_rev,NEG_E1,20.0,4,0.0,0,0.0,0.0,0,0,4,3,155.0,7,2,15.91,38,0.0,0.0,0.0
215.0,3,pa_6,E5,25.0,5,50.0,2,40.0,0.0,0,0,3,3,155.0,7,2,15.91,38,25.0,0.25,0.4
215.0,3,pa_6_rev,NEG_E5,25.0,5,0.0,0,0.0,0.0,0,0,5,3,155.0,7,2,15.91,38,0.0,0.0,0.0
215.0,3,pa_7,E6,20.0,4,0.0,0,0.0,0.0,0,0,4,2,155.0,7,2,15.91,38,0.0,0.0,0.0
215.0,3,pa_7_rev,NEG_E6,20.0,4,0.0,0,0.0,0.0,0,0,4,2,155.0,7,2,15.91,38,0.0,0.0,0.0
215.0,3,pa_8,E7,25.0,5,0.0,0,0.0,0.0,0,0,5,3,155.0,7,2,15.91,38,0.0,0.0,0.0
215.0,3,pa_8_rev,NEG_E7,25.0,5,25.0,1,20.0,0.0,0,0,4,3,155.0,7,2,15.91,38,25.0,0.12,0.2
216.0,3,pa_2,E0,20.0,4,80.0,4,100.0,66.67,2,2,0,1,155.0,7,2,15.91,38,20.0,0.86,1.0
216.0,3,pa_2_rev,NEG_E0,20.0,4,0.0,0,0.0,0.0,0,0,4,3,155.0,7,2,15.91,38,0.0,0.0,0.0
216.0,3,pa_3,E1,20.0,4,0.0,0,0.0,0.0,0,0,4,3,155.0,7,2,15.91,38,0.0,0.0,0.0
216.0,3,pa_3_rev,NEG_E1,20.0,4,0.0,0,0.0,0.0,0,0,4,3,155.0,7,2,15.91,38,0.0,0.0,0.0
216.0,3,pa_6,E5,25.0,5,50.0,2,40.0,0.0,0,0,3,3,155.0,7,2,15.91,38,25.0,0.25,0.4
216.0,3,pa_6_rev,NEG_E5,25.0,5,0.0,0,0.0,0.0,0,0,5,3,155.0,7,2,15.91,38,0.0,0.0,0.0
216.0,3,pa_7,E6,20.0,4,0.0,0,0.0,0.0,0,0,4,2,155.0,7,2,15.91,38,0.0,0.0,0.0
216.0,3,pa_7_rev,NEG_E6,20.0,4,0.0,0,0.0,0.0,0,0,4,2,155.0,7,2,15.91,38,0.0,0.0,0.0
216.0,3,pa_8,E7,25.0,5,0.0,0,0.0,0.0,0,0,5,3,155.0,7,2,15.91,38,0.0,0.0,0.0
216.0,3,pa_8_rev,NEG_E7,25.0,5,25.0,1,20.0,0.0,0,0,4,3,155.0,7,2,15.91,38,25.0,0.12,0.2
217.0,3,pa_2,E0,20.0,4,80.0,4,100.0,66.67,2,2,0,1,155.0,7,2,15.91,38,20.0,0.86,1.0
217.0,3,pa_2_rev,NEG_E0,20.0,4,0.0,0,0.0,0.0,0,0,4,3,155.0,7,2,15.91,38,0.0,0.0,0.0
217.0,3,pa_3,E1,20.0,4,0.0,0,0.0,0.0,0,0,4,3,155.0,7,2,15.91,38,0.0,0.0,0.0
217.0,3,pa_3_rev,NEG_E1,20.0,4,0.0,0,0.0,0.0,0,0,4,3,155.0,7,2,15.91,38,0.0,0.0,0.0
217.0,3,pa_6,E5,25.0,5,50.0,2,40.0,0.0,0,0,3,3,155.0,7,2,15.91,38,25.0,0.25,0.4
217.0,3,pa_6_rev,NEG_E5,25.0,5,0.0,0,0.0,0.0,0,0,5,3,155.0,7,2,15.91,38,0.0,0.0,0.0
217.0,3,pa_7,E6,20.0,4,0.0,0,0.0,0.0,0,0,4,2,155.0,7,2,15.91,38,0.0,0.0,0.0
217.0,3,pa_7_rev,NEG_E6,20.0,4,0.0,0,0.0,0.0,0,0,4,2,155.0,7,2,15.91,38,0.0,0.0,0.0
217.0,3,pa_8,E7,25.0,5,0.0,0,0.0,0.0,0,0,5,3,155.0,7,2,15.91,38,0.0,0.0,0.0
217.0,3,pa_8_rev,NEG_E7,25.0,5,25.0,1,20.0,0.0,0,0,4,3,155.0,7,2,15.91,38,25.0,0.12,0.2
218.0,3,pa_2,E0,20.0,4,80.0,4,100.0,66.67,2,2,0,1,155.0,7,2,15.91,38,20.0,0.86,1.0
218.0,3,pa_2_rev,NEG_E0,20.0,4,0.0,0,0.0,0.0,0,0,4,3,155.0,7,2,15.91,38,0.0,0.0,0.0
218.0,3,pa_3,E1,20.0,4,0.0,0,0.0,0.0,0,0,4,3,155.0,7,2,15.91,38,0.0,0.0,0.0
218.0,3,pa_3_rev,NEG_E1,20.0,4,0.0,0,0.0,0.0,0,0,4,3,155.0,7,2,15.91,38,0.0,0.0,0.0
218.0,3,pa_6,E5,25.0,5,50.0,2,40.0,0.0,0,0,3,3,155.0,7,2,15.91,38,25.0,0.25,0.4
218.0,3,pa_6_rev,NEG_E5,25.0,5,0.0,0,0.0,0.0,0,0,5,3,155.0,7,2,15.91,38,0.0,0.0,0.0
218.0,3,pa_7,E6,20.0,4,0.0,0,0.0,0.0,0,0,4,2,155.0,7,2,15.91,38,0.0,0.0,0.0
218.0,3,pa_7_rev,NEG_E6,20.0,4,0.0,0,0.0,0.0,0,0,4,2,155.0,7,2,15.91,38,0.0,0.0,0.0
218.0,3,pa_8,E7,25.0,5,0.0,0,0.0,0.0,0,0,5,3,155.0,7,2,15.91,38,0.0,0.0,0.0
218.0,3,pa_8_rev,NEG_E7,25.0,5,25.0,1,20.0,0.0,0,0,4,3,155.0,7,2,15.91,38,25.0,0.12,0.2
219.0,3,pa_2,E0,20.0,4,80.0,4,100.0,66.67,2,2,0,1,155.0,7,2,15.91,38,20.0,0.86,1.0
219.0,3,pa_2_rev,NEG_E0,20.0,4,0.0,0,0.0,0.0,0,0,4,3,155.0,7,2,15.91,38,0.0,0.0,0.0
219.0,3,pa_3,E1,20.0,4,0.0,0,0.0,0.0,0,0,4,3,155.0,7,2,15.91,38,0.0,0.0,0.0
219.0,3,pa_3_rev,NEG_E1,20.0,4,0.0,0,0.0,0.0,0,0,4,3,155.0,7,2,15.91,38,0.0,0.0,0.0
219.0,3,pa_6,E5,25.0,5,50.0,2,40.0,0.0,0,0,3,3,155.0,7,2,15.91,38,25.0,0.25,0.4
219.0,3,pa_6_rev,NEG_E5,25.0,5,0.0,0,0.0,0.0,0,0,5,3,155.0,7,2,15.91,38,0.0,0.0,0.0
219.0,3,pa_7,E6,20.0,4,0.0,0,0.0,0.0,0,0,4,2,155.0,7,2,15.91,38,0.0,0.0,0.0
219.0,3,pa_7_rev,NEG_E6,20.0,4,0.0,0,0.0,0.0,0,0,4,2,155.0,7,2,15.91,38,0.0,0.0,0.0
219.0,3,pa_8,E7,25.0,5,0.0,0,0.0,0.0,0,0,5,3,155.0,7,2,15.91,38,0.0,0.0,0.0
219.0,3,pa_8_rev,NEG_E7,25.0,5,25.0,1,20.0,0.0,0,0,4,3,155.0,7,2,15.91,38,25.0,0.12,0.2
220.0,3,pa_2,E0,20.0,4,80.0,4,100.0,66.67,2,2,0,1,155.0,7,2,15.91,38,20.0,0.86,1.0
220.0,3,pa_2_rev,NEG_E0,20.0,4,0.0,0,0.0,0.0,0,0,4,3,155.0,7,2,15.91,38,0.0,0.0,0.0
220.0,3,pa_3,E1,20.0,4,0.0,0,0.0,0.0,0,0,4,3,155.0,7,2,15.91,38,0.0,0.0,0.0
220.0,3,pa_3_rev,NEG_E1,20.0,4,0.0,0,0.0,0.0,0,0,4,3,155.0,7,2,15.91,38,0.0,0.0,0.0
220.0,3,pa_6,E5,25.0,5,50.0,2,40.0,0.0,0,0,3,3,155.0,7,2,15.91,38,25.0,0.25,0.4
220.0,3,pa_6_rev,NEG_E5,25.0,5,0.0,0,0.0,0.0,0,0,5,3,155.0,7,2,15.91,38,0.0,0.0,0.0
220.0,3,pa_7,E6,20.0,4,0.0,0,0.0,0.0,0,0,4,2,155.0,7,2,15.91,38,0.0,0.0,0.0
220.0,3,pa_7_rev,NEG_E6,20.0,4,0.0,0,0.0,0.0,0,0,4,2,155.0,7,2,15.91,38,0.0,0.0,0.0
220.0,3,pa_8,E7,25.0,5,0.0,0,0.0,0.0,0,0,5,3,155.0,7,2,15.91,38,0.0,0.0,0.0
220.0,3,pa_8_rev,NEG_E7,25.0,5,25.0,1,20.0,0.0,0,0,4,3,155.0,7,2,15.91,38,25.0,0.12,0.2
221.0,3,pa_2,E0,20.0,4,80.0,4,100.0,66.67,2,2,0,1,155.0,7,2,15.91,39,20.0,0.86,1.0
221.0,3,pa_2_rev,NEG_E0,20.0,4,0.0,0,0.0,0.0,0,0,4,3,155.0,7,2,15.91,39,0.0,0.0,0.0
221.0,3,pa_3,E1,20.0,4,0.0,0,0.0,0.0,0,0,4,3,155.0,7,2,15.91,39,0.0,0.0,0.0
221.0,3,pa_3_rev,NEG_E1,20.0,4,0.0,0,0.0,0.0,0,0,4,3,155.0,7,2,15.91,39,0.0,0.0,0.0
221.0,3,pa_6,E5,25.0,5,50.0,2,40.0,0.0,0,0,3,3,155.0,7,2,15.91,39,25.0,0.25,0.4
221.0,3,pa_6_rev,NEG_E5,25.0,5,0.0,0,0.0,0.0,0,0,5,3,155.0,7,2,15.91,39,0.0,0.0,0.0
221.0,3,pa_7,E6,20.0,4,0.0,0,0.0,0.0,0,0,4,2,155.0,7,2,15.91,39,0.0,0.0,0.0
221.0,3,pa_7_rev,NEG_E6,20.0,4,0.0,0,0.0,0.0,0,0,4,2,155.0,7,2,15.91,39,0.0,0.0,0.0
221.0,3,pa_8,E7,25.0,5,0.0,0,0.0,0.0,0,0,5,3,155.0,7,2,15.91,39,0.0,0.0,0.0
221.0,3,pa_8_rev,NEG_E7,25.0,5,25.0,1,20.0,0.0,0,0,4,3,155.0,7,2,15.91,39,25.0,0.12,0.2
222.0,3,pa_2,E0,20.0,4,80.0,4,100.0,66.67,2,2,0,1,155.0,7,2,15.91,39,20.0,0.86,1.0
222.0,3,pa_2_rev,NEG_E0,20.0,4,0.0,0,0.0,0.0,0,0,4,3,155.0,7,2,15.91,39,0.0,0.0,0.0
222.0,3,pa_3,E1,20.0,4,0.0,0,0.0,0.0,0,0,4,3,155.0,7,2,15.91,39,0.0,0.0,0.0
222.0,3,pa_3_rev,NEG_E1,20.0,4,0.0,0,0.0,0.0,0,0,4,3,155.0,7,2,15.91,39,0.0,0.0,0.0
222.0,3,pa_6,E5,25.0,5,50.0,2,40.0,0.0,0,0,3,3,155.0,7,2,15.91,39,25.0,0.25,0.4
222.0,3,pa_6_rev,NEG_E5,25.0,5,0.0,0,0.0,0.0,0,0,5,3,155.0,7,2,15.91,39,0.0,0.0,0.0
222.0,3,pa_7,E6,20.0,4,0.0,0,0.0,0.0,0,0,4,2,155.0,7,2,15.91,39,0.0,0.0,0.0
222.0,3,pa_7_rev,NEG_E6,20.0,4,0.0,0,0.0,0.0,0,0,4,2,155.0,7,2,15.91,39,0.0,0.0,0.0
222.0,3,pa_8,E7,25.0,5,0.0,0,0.0,0.0,0,0,5,3,155.0,7,2,15.91,39,0.0,0.0,0.0
222.0,3,pa_8_rev,NEG_E7,25.0,5,25.0,1,20.0,0.0,0,0,4,3,155.0,7,2,15.91,39,25.0,0.12,0.2
223.0,3,pa_2,E0,20.0,4,80.0,4,100.0,66.67,2,2,0,1,155.0,7,2,15.91,39,20.0,0.86,1.0
223.0,3,pa_2_rev,NEG_E0,20.0,4,0.0,0,0.0,0.0,0,0,4,3,155.0,7,2,15.91,39,0.0,0.0,0.0
223.0,3,pa_3,E1,20.0,4,0.0,0,0.0,0.0,0,0,4,3,155.0,7,2,15.91,39,0.0,0.0,0.0
223.0,3,pa_3_rev,NEG_E1,20.0,4,0.0,0,0.0,0.0,0,0,4,3,155.0,7,2,15.91,39,0.0,0.0,0.0
223.0,3,pa_6,E5,25.0,5,50.0,2,40.0,0.0,0,0,3,3,155.0,7,2,15.91,39,25.0,0.25,0.4
223.0,3,pa_6_rev,NEG_E5,25.0,5,0.0,0,0.0,0.0,0,0,5,3,155.0,7,2,15.91,39,0.0,0.0,0.0
223.0,3,pa_7,E6,20.0,4,0.0,0,0.0,0.0,0,0,4,2,155.0,7,2,15.91,39,0.0,0.0,0.0
223.0,3,pa_7_rev,NEG_E6,20.0,4,0.0,0,0.0,0.0,0,0,4,2,155.0,7,2,15.91,39,0.0,0.0,0.0
223.0,3,pa_8,E7,25.0,5,0.0,0,0.0,0.0,0,0,5,3,155.0,7,2,15.91,39,0.0,0.0,0.0
223.0,3,pa_8_rev,NEG_E7,25.0,5,25.0,1,20.0,0.0,0,0,4,3,155.0,7,2,15.91,39,25.0,0.12,0.2
224.0,3,pa_2,E0,20.0,4,80.0,4,100.0,66.67,2,2,0,1,155.0,7,2,15.91,39,20.0,0.86,1.0
224.0,3,pa_2_rev,NEG_E0,20.0,4,0.0,0,0.0,0.0,0,0,4,3,155.0,7,2,15.91,39,0.0,0.0,0.0
224.0,3,pa_3,E1,20.0,4,0.0,0,0.0,0.0,0,0,4,3,155.0,7,2,15.91,39,0.0,0.0,0.0
224.0,3,pa_3_rev,NEG_E1,20.0,4,0.0,0,0.0,0.0,0,0,4,3,155.0,7,2,15.91,39,0.0,0.0,0.0
224.0,3,pa_6,E5,25.0,5,50.0,2,40.0,0.0,0,0,3,3,155.0,7,2,15.91,39,25.0,0.25,0.4
224.0,3,pa_6_rev,NEG_E5,25.0,5,0.0,0,0.0,0.0,0,0,5,3,155.0,7,2,15.91,39,0.0,0.0,0.0
224.0,3,pa_7,E6,20.0,4,0.0,0,0.0,0.0,0,0,4,2,155.0,7,2,15.91,39,0.0,0.0,0.0
224.0,3,pa_7_rev,NEG_E6,20.0,4,0.0,0,0.0,0.0,0,0,4,2,155.0,7,2,15.91,39,0.0,0.0,0.0
224.0,3,pa_8,E7,25.0,5,0.0,0,0.0,0.0,0,0,5,3,155.0,7,2,15.91,39,0.0,0.0,0.0
224.0,3,pa_8_rev,NEG_E7,25.0,5,25.0,1,20.0,0.0,0,0,4,3,155.0,7,2,15.91,39,25.0,0.12,0.2
225.0,3,pa_2,E0,20.0,4,80.0,4,100.0,66.67,2,2,0,1,155.0,7,2,15.91,39,20.0,0.86,1.0
225.0,3,pa_2_rev,NEG_E0,20.0,4,0.0,0,0.0,0.0,0,0,4,3,155.0,7,2,15.91,39,0.0,0.0,0.0
225.0,3,pa_3,E1,20.0,4,0.0,0,0.0,0.0,0,0,4,3,155.0,7,2,15.91,39,0.0,0.0,0.0
225.0,3,pa_3_rev,NEG_E1,20.0,4,0.0,0,0.0,0.0,0,0,4,3,155.0,7,2,15.91,39,0.0,0.0,0.0
225.0,3,pa_6,E5,25.0,5,50.0,2,40.0,0.0,0,0,3,3,155.0,7,2,15.91,39,25.0,0.25,0.4
225.0,3,pa_6_rev,NEG_E5,25.0,5,0.0,0,0.0,0.0,0,0,5,3,155.0,7,2,15.91,39,0.0,0.0,0.0
225.0,3,pa_7,E6,20.0,4,0.0,0,0.0,0.0,0,0,4,2,155.0,7,2,15.91,39,0.0,0.0,0.0
225.0,3,pa_7_rev,NEG_E6,20.0,4,0.0,0,0.0,0.0,0,0,4,2,155.0,7,2,15.91,39,0.0,0.0,0.0
225.0,3,pa_8,E7,25.0,5,0.0,0,0.0,0.0,0,0,5,3,155.0,7,2,15.91,39,0.0,0.0,0.0
225.0,3,pa_8_rev,NEG_E7,25.0,5,25.0,1,20.0,0.0,0,0,4,3,155.0,7,2,15.91,39,25.0,0.12,0.2
226.0,3,pa_2,E0,20.0,4,80.0,4,100.0,66.67,2,2,0,1,155.0,7,2,15.91,43,20.0,0.86,1.0
226.0,3,pa_2_rev,NEG_E0,20.0,4,0.0,0,0.0,0.0,0,0,4,3,155.0,7,2,15.91,43,0.0,0.0,0.0
226.0,3,pa_3,E1,20.0,4,0.0,0,0.0,0.0,0,0,4,3,155.0,7,2,15.91,43,0.0,0.0,0.0
226.0,3,pa_3_rev,NEG_E1,20.0,4,0.0,0,0.0,0.0,0,0,4,3,155.0,7,2,15.91,43,0.0,0.0,0.0
226.0,3,pa_6,E5,25.0,5,50.0,2,40.0,0.0,0,0,3,3,155.0,7,2,15.91,43,25.0,0.25,0.4
226.0,3,pa_6_rev,NEG_E5,25.0,5,0.0,0,0.0,0.0,0,0,5,3,155.0,7,2,15.91,43,0.0,0.0,0.0
226.0,3,pa_7,E6,20.0,4,0.0,0,0.0,0.0,0,0,4,2,155.0,7,2,15.91,43,0.0,0.0,0.0
226.0,3,pa_7_rev,NEG_E6,20.0,4,0.0,0,0.0,0.0,0,0,4,2,155.0,7,2,15.91,43,0.0,0.0,0.0
226.0,3,pa_8,E7,25.0,5,0.0,0,0.0,0.0,0,0,5,3,155.0,7,2,15.91,43,0.0,0.0,0.0
226.0,3,pa_8_rev,NEG_E7,25.0,5,25.0,1,20.0,0.0,0,0,4,3,155.0,7,2,15.91,43,25.0,0.12,0.2
227.0,3,pa_2,E0,20.0,4,80.0,4,100.0,66.67,2,2,0,1,155.0,7,2,15.91,43,20.0,0.86,1.0
227.0,3,pa_2_rev,NEG_E0,20.0,4,0.0,0,0.0,0.0,0,0,4,3,155.0,7,2,15.91,43,0.0,0.0,0.0
227.0,3,pa_3,E1,20.0,4,0.0,0,0.0,0.0,0,0,4,3,155.0,7,2,15.91,43,0.0,0.0,0.0
227.0,3,pa_3_rev,NEG_E1,20.0,4,0.0,0,0.0,0.0,0,0,4,3,155.0,7,2,15.91,43,0.0,0.0,0.0
227.0,3,pa_6,E5,25.0,5,50.0,2,40.0,0.0,0,0,3,3,155.0,7,2,15.91,43,25.0,0.25,0.4
227.0,3,pa_6_rev,NEG_E5,25.0,5,0.0,0,0.0,0.0,0,0,5,3,155.0,7,2,15.91,43,0.0,0.0,0.0
227.0,3,pa_7,E6,20.0,4,0.0,0,0.0,0.0,0,0,4,2,155.0,7,2,15.91,43,0.0,0.0,0.0
227.0,3,pa_7_rev,NEG_E6,20.0,4,0.0,0,0.0,0.0,0,0,4,2,155.0,7,2,15.91,43,0.0,0.0,0.0
227.0,3,pa_8,E7,25.0,5,0.0,0,0.0,0.0,0,0,5,3,155.0,7,2,15.91,43,0.0,0.0,0.0
227.0,3,pa_8_rev,NEG_E7,25.0,5,25.0,1,20.0,0.0,0,0,4,3,155.0,7,2,15.91,43,25.0,0.12,0.2
228.0,3,pa_2,E0,20.0,4,80.0,4,100.0,66.67,2,2,0,1,155.0,7,2,15.91,44,20.0,0.86,1.0
228.0,3,pa_2_rev,NEG_E0,20.0,4,0.0,0,0.0,0.0,0,0,4,3,155.0,7,2,15.91,44,0.0,0.0,0.0
228.0,3,pa_3,E1,20.0,4,0.0,0,0.0,0.0,0,0,4,3,155.0,7,2,15.91,44,0.0,0.0,0.0
228.0,3,pa_3_rev,NEG_E1,20.0,4,0.0,0,0.0,0.0,0,0,4,3,155.0,7,2,15.91,44,0.0,0.0,0.0
228.0,3,pa_6,E5,25.0,5,50.0,2,40.0,0.0,0,0,3,3,155.0,7,2,15.91,44,25.0,0.25,0.4
228.0,3,pa_6_rev,NEG_E5,25.0,5,0.0,0,0.0,0.0,0,0,5,3,155.0,7,2,15.91,44,0.0,0.0,0.0
228.0,3,pa_7,E6,20.0,4,0.0,0,0.0,0.0,0,0,4,2,155.0,7,2,15.91,44,0.0,0.0,0.0
228.0,3,pa_7_rev,NEG_E6,20.0,4,0.0,0,0.0,0.0,0,0,4,2,155.0,7,2,15.91,44,0.0,0.0,0.0
228.0,3,pa_8,E7,25.0,5,0.0,0,0.0,0.0,0,0,5,3,155.0,7,2,15.91,44,0.0,0.0,0.0
228.0,3,pa_8_rev,NEG_E7,25.0,5,25.0,1,20.0,0.0,0,0,4,3,155.0,7,2,15.91,44,25.0,0.12,0.2
229.0,3,pa_2,E0,20.0,4,80.0,4,100.0,66.67,2,2,0,1,155.0,7,2,15.91,44,20.0,0.86,1.0
229.0,3,pa_2_rev,NEG_E0,20.0,4,0.0,0,0.0,0.0,0,0,4,3,155.0,7,2,15.91,44,0.0,0.0,0.0
229.0,3,pa_3,E1,20.0,4,0.0,0,0.0,0.0,0,0,4,3,155.0,7,2,15.91,44,0.0,0.0,0.0
229.0,3,pa_3_rev,NEG_E1,20.0,4,0.0,0,0.0,0.0,0,0,4,3,155.0,7,2,15.91,44,0.0,0.0,0.0
229.0,3,pa_6,E5,25.0,5,50.0,2,40.0,0.0,0,0,3,3,155.0,7,2,15.91,44,25.0,0.25,0.4
229.0,3,pa_6_rev,NEG_E5,25.0,5,0.0,0,0.0,0.0,0,0,5,3,155.0,7,2,15.91,44,0.0,0.0,0.0
229.0,3,pa_7,E6,20.0,4,0.0,0,0.0,0.0,0,0,4,2,155.0,7,2,15.91,44,0.0,0.0,0.0
229.0,3,pa_7_rev,NEG_E6,20.0,4,0.0,0,0.0,0.0,0,0,4,2,155.0,7,2,15.91,44,0.0,0.0,0.0
229.0,3,pa_8,E7,25.0,5,0.0,0,0.0,0.0,0,0,5,3,155.0,7,2,15.91,44,0.0,0.0,0.0
229.0,3,pa_8_rev,NEG_E7,25.0,5,25.0,1,20.0,0.0,0,0,4,3,155.0,7,2,15.91,44,25.0,0.12,0.2
230.0,3,pa_2,E0,20.0,4,80.0,4,100.0,66.67,2,2,0,1,155.0,7,2,15.91,44,20.0,0.86,1.0
230.0,3,pa_2_rev,NEG_E0,20.0,4,0.0,0,0.0,0.0,0,0,4,3,155.0,7,2,15.91,44,0.0,0.0,0.0
230.0,3,pa_3,E1,20.0,4,0.0,0,0.0,0.0,0,0,4,3,155.0,7,2,15.91,44,0.0,0.0,0.0
230.0,3,pa_3_rev,NEG_E1,20.0,4,0.0,0,0.0,0.0,0,0,4,3,155.0,7,2,15.91,44,0.0,0.0,0.0
230.0,3,pa_6,E5,25.0,5,50.0,2,40.0,0.0,0,0,3,3,155.0,7,2,15.91,44,25.0,0.25,0.4
230.0,3,pa_6_rev,NEG_E5,25.0,5,0.0,0,0.0,0.0,0,0,5,3,155.0,7,2,15.91,44,0.0,0.0,0.0
230.0,3,pa_7,E6,20.0,4,0.0,0,0.0,0.0,0,0,4,2,155.0,7,2,15.91,44,0.0,0.0,0.0
230.0,3,pa_7_rev,NEG_E6,20.0,4,0.0,0,0.0,0.0,0,0,4,2,155.0,7,2,15.91,44,0.0,0.0,0.0
230.0,3,pa_8,E7,25.0,5,0.0,0,0.0,0.0,0,0,5,3,155.0,7,2,15.91,44,0.0,0.0,0.0
230.0,3,pa_8_rev,NEG_E7,25.0,5,25.0,1,20.0,0.0,0,0,4,3,155.0,7,2,15.91,44,25.0,0.12,0.2
231.0,3,pa_2,E0,20.0,4,80.0,4,100.0,66.67,2,2,0,1,155.0,7,2,15.91,44,20.0,0.86,1.0
231.0,3,pa_2_rev,NEG_E0,20.0,4,0.0,0,0.0,0.0,0,0,4,3,155.0,7,2,15.91,44,0.0,0.0,0.0
231.0,3,pa_3,E1,20.0,4,0.0,0,0.0,0.0,0,0,4,3,155.0,7,2,15.91,44,0.0,0.0,0.0
231.0,3,pa_3_rev,NEG_E1,20.0,4,0.0,0,0.0,0.0,0,0,4,3,155.0,7,2,15.91,44,0.0,0.0,0.0
231.0,3,pa_6,E5,25.0,5,50.0,2,40.0,0.0,0,0,3,3,155.0,7,2,15.91,44,25.0,0.25,0.4
231.0,3,pa_6_rev,NEG_E5,25.0,5,0.0,0,0.0,0.0,0,0,5,3,155.0,7,2,15.91,44,0.0,0.0,0.0
231.0,3,pa_7,E6,20.0,4,0.0,0,0.0,0.0,0,0,4,2,155.0,7,2,15.91,44,0.0,0.0,0.0
231.0,3,pa_7_rev,NEG_E6,20.0,4,0.0,0,0.0,0.0,0,0,4,2,155.0,7,2,15.91,44,0.0,0.0,0.0
231.0,3,pa_8,E7,25.0,5,0.0,0,0.0,0.0,0,0,5,3,155.0,7,2,15.91,44,0.0,0.0,0.0
231.0,3,pa_8_rev,NEG_E7,25.0,5,25.0,1,20.0,0.0,0,0,4,3,155.0,7,2,15.91,44,25.0,0.12,0.2
232.0,3,pa_2,E0,20.0,4,80.0,4,100.0,66.67,2,2,0,1,155.0,7,2,15.91,44,20.0,0.86,1.0
232.0,3,pa_2_rev,NEG_E0,20.0,4,0.0,0,0.0,0.0,0,0,4,3,155.0,7,2,15.91,44,0.0,0.0,0.0
232.0,3,pa_3,E1,20.0,4,0.0,0,0.0,0.0,0,0,4,3,155.0,7,2,15.91,44,0.0,0.0,0.0
232.0,3,pa_3_rev,NEG_E1,20.0,4,0.0,0,0.0,0.0,0,0,4,3,155.0,7,2,15.91,44,0.0,0.0,0.0
232.0,3,pa_6,E5,25.0,5,50.0,2,40.0,0.0,0,0,3,3,155.0,7,2,15.91,44,25.0,0.25,0.4
232.0,3,pa_6_rev,NEG_E5,25.0,5,0.0,0,0.0,0.0,0,0,5,3,155.0,7,2,15.91,44,0.0,0.0,0.0
232.0,3,pa_7,E6,20.0,4,0.0,0,0.0,0.0,0,0,4,2,155.0,7,2,15.91,44,0.0,0.0,0.0
232.0,3,pa_7_rev,NEG_E6,20.0,4,0.0,0,0.0,0.0,0,0,4,2,155.0,7,2,15.91,44,0.0,0.0,0.0
232.0,3,pa_8,E7,25.0,5,0.0,0,0.0,0.0,0,0,5,3,155.0,7,2,15.91,44,0.0,0.0,0.0
232.0,3,pa_8_rev,NEG_E7,25.0,5,25.0,1,20.0,0.0,0,0,4,3,155.0,7,2,15.91,44,25.0,0.12,0.2
233.0,3,pa_2,E0,20.0,4,80.0,4,100.0,66.67,2,2,0,1,155.0,7,2,15.91,44,20.0,0.86,1.0
233.0,3,pa_2_rev,NEG_E0,20.0,4,0.0,0,0.0,0.0,0,0,4,3,155.0,7,2,15.91,44,0.0,0.0,0.0
233.0,3,pa_3,E1,20.0,4,0.0,0,0.0,0.0,0,0,4,3,155.0,7,2,15.91,44,0.0,0.0,0.0
233.0,3,pa_3_rev,NEG_E1,20.0,4,0.0,0,0.0,0.0,0,0,4,3,155.0,7,2,15.91,44,0.0,0.0,0.0
233.0,3,pa_6,E5,25.0,5,50.0,2,40.0,0.0,0,0,3,3,155.0,7,2,15.91,44,25.0,0.25,0.4
233.0,3,pa_6_rev,NEG_E5,25.0,5,0.0,0,0.0,0.0,0,0,5,3,155.0,7,2,15.91,44,0.0,0.0,0.0
233.0,3,pa_7,E6,20.0,4,0.0,0,0.0,0.0,0,0,4,2,155.0,7,2,15.91,44,0.0,0.0,0.0
233.0,3,pa_7_rev,NEG_E6,20.0,4,0.0,0,0.0,0.0,0,0,4,2,155.0,7,2,15.91,44,0.0,0.0,0.0
233.0,3,pa_8,E7,25.0,5,0.0,0,0.0,0.0,0,0,5,3,155.0,7,2,15.91,44,0.0,0.0,0.0
233.0,3,pa_8_rev,NEG_E7,25.0,5,25.0,1,20.0,0.0,0,0,4,3,155.0,7,2,15.91,44,25.0,0.12,0.2
234.0,3,pa_2,E0,20.0,4,80.0,4,100.0,66.67,2,2,0,1,155.0,7,2,15.91,44,20.0,0.86,1.0
234.0,3,pa_2_rev,NEG_E0,20.0,4,0.0,0,0.0,0.0,0,0,4,3,155.0,7,2,15.91,44,0.0,0.0,0.0
234.0,3,pa_3,E1,20.0,4,0.0,0,0.0,0.0,0,0,4,3,155.0,7,2,15.91,44,0.0,0.0,0.0
234.0,3,pa_3_rev,NEG_E1,20.0,4,0.0,0,0.0,0.0,0,0,4,3,155.0,7,2,15.91,44,0.0,0.0,0.0
234.0,3,pa_6,E5,25.0,5,50.0,2,40.0,0.0,0,0,3,3,155.0,7,2,15.91,44,25.0,0.25,0.4
234.0,3,pa_6_rev,NEG_E5,25.0,5,0.0,0,0.0,0.0,0,0,5,3,155.0,7,2,15.91,44,0.0,0.0,0.0
234.0,3,pa_7,E6,20.0,4,0.0,0,0.0,0.0,0,0,4,2,155.0,7,2,15.91,44,0.0,0.0,0.0
234.0,3,pa_7_rev,NEG_E6,20.0,4,0.0,0,0.0,0.0,0,0,4,2,155.0,7,2,15.91,44,0.0,0.0,0.0
234.0,3,pa_8,E7,25.0,5,0.0,0,0.0,0.0,0,0,5,3,155.0,7,2,15.91,44,0.0,0.0,0.0
234.0,3,pa_8_rev,NEG_E7,25.0,5,25.0,1,20.0,0.0,0,0,4,3,155.0,7,2,15.91,44,25.0,0.12,0.2
235.0,3,pa_2,E0,20.0,4,80.0,4,100.0,66.67,2,2,0,1,155.0,7,2,15.91,44,20.0,0.86,1.0
235.0,3,pa_2_rev,NEG_E0,20.0,4,0.0,0,0.0,0.0,0,0,4,3,155.0,7,2,15.91,44,0.0,0.0,0.0
235.0,3,pa_3,E1,20.0,4,0.0,0,0.0,0.0,0,0,4,3,155.0,7,2,15.91,44,0.0,0.0,0.0
235.0,3,pa_3_rev,NEG_E1,20.0,4,0.0,0,0.0,0.0,0,0,4,3,155.0,7,2,15.91,44,0.0,0.0,0.0
235.0,3,pa_6,E5,25.0,5,50.0,2,40.0,0.0,0,0,3,3,155.0,7,2,15.91,44,25.0,0.25,0.4
235.0,3,pa_6_rev,NEG_E5,25.0,5,0.0,0,0.0,0.0,0,0,5,3,155.0,7,2,15.91,44,0.0,0.0,0.0
235.0,3,pa_7,E6,20.0,4,0.0,0,0.0,0.0,0,0,4,2,155.0,7,2,15.91,44,0.0,0.0,0.0
235.0,3,pa_7_rev,NEG_E6,20.0,4,0.0,0,0.0,0.0,0,0,4,2,155.0,7,2,15.91,44,0.0,0.0,0.0
235.0,3,pa_8,E7,25.0,5,0.0,0,0.0,0.0,0,0,5,3,155.0,7,2,15.91,44,0.0,0.0,0.0
235.0,3,pa_8_rev,NEG_E7,25.0,5,25.0,1,20.0,0.0,0,0,4,3,155.0,7,2,15.91,44,25.0,0.12,0.2
236.0,3,pa_2,E0,20.0,4,80.0,4,100.0,66.67,2,2,0,1,155.0,7,2,15.91,44,20.0,0.86,1.0
236.0,3,pa_2_rev,NEG_E0,20.0,4,0.0,0,0.0,0.0,0,0,4,3,155.0,7,2,15.91,44,0.0,0.0,0.0
236.0,3,pa_3,E1,20.0,4,0.0,0,0.0,0.0,0,0,4,3,155.0,7,2,15.91,44,0.0,0.0,0.0
236.0,3,pa_3_rev,NEG_E1,20.0,4,0.0,0,0.0,0.0,0,0,4,3,155.0,7,2,15.91,44,0.0,0.0,0.0
236.0,3,pa_6,E5,25.0,5,50.0,2,40.0,0.0,0,0,3,3,155.0,7,2,15.91,44,25.0,0.25,0.4
236.0,3,pa_6_rev,NEG_E5,25.0,5,0.0,0,0.0,0.0,0,0,5,3,155.0,7,2,15.91,44,0.0,0.0,0.0
236.0,3,pa_7,E6,20.0,4,0.0,0,0.0,0.0,0,0,4,2,155.0,7,2,15.91,44,0.0,0.0,0.0
236.0,3,pa_7_rev,NEG_E6,20.0,4,0.0,0,0.0,0.0,0,0,4,2,155.0,7,2,15.91,44,0.0,0.0,0.0
236.0,3,pa_8,E7,25.0,5,0.0,0,0.0,0.0,0,0,5,3,155.0,7,2,15.91,44,0.0,0.0,0.0
236.0,3,pa_8_rev,NEG_E7,25.0,5,25.0,1,20.0,0.0,0,0,4,3,155.0,7,2,15.91,44,25.0,0.12,0.2
237.0,3,pa_2,E0,20.0,4,80.0,4,100.0,66.67,2,2,0,1,180.0,8,2,18.18,44,20.0,0.86,1.0
237.0,3,pa_2_rev,NEG_E0,20.0,4,0.0,0,0.0,0.0,0,0,4,3,180.0,8,2,18.18,44,0.0,0.0,0.0
237.0,3,pa_3,E1,20.0,4,0.0,0,0.0,0.0,0,0,4,3,180.0,8,2,18.18,44,0.0,0.0,0.0
237.0,3,pa_3_rev,NEG_E1,20.0,4,0.0,0,0.0,0.0,0,0,4,3,180.0,8,2,18.18,44,0.0,0.0,0.0
237.0,3,pa_6,E5,25.0,5,50.0,2,40.0,0.0,0,0,3,3,180.0,8,2,18.18,44,25.0,0.25,0.4
237.0,3,pa_6_rev,NEG_E5,25.0,5,0.0,0,0.0,0.0,0,0,5,3,180.0,8,2,18.18,44,0.0,0.0,0.0
237.0,3,pa_7,E6,20.0,4,0.0,0,0.0,0.0,0,0,4,2,180.0,8,2,18.18,44,0.0,0.0,0.0
237.0,3,pa_7_rev,NEG_E6,20.0,4,0.0,0,0.0,0.0,0,0,4,2,180.0,8,2,18.18,44,0.0,0.0,0.0
237.0,3,pa_8,E7,25.0,5,0.0,0,0.0,0.0,0,0,5,3,180.0,8,2,18.18,44,0.0,0.0,0.0
237.0,3,pa_8_rev,NEG_E7,25.0,5,50.0,2,40.0,0.0,0,0,3,3,180.0,8,2,18.18,44,25.0,0.25,0.4
238.0,3,pa_2,E0,20.0,4,80.0,4,100.0,66.67,2,2,0,1,180.0,8,2,18.18,44,20.0,0.86,1.0
238.0,3,pa_2_rev,NEG_E0,20.0,4,0.0,0,0.0,0.0,0,0,4,3,180.0,8,2,18.18,44,0.0,0.0,0.0
238.0,3,pa_3,E1,20.0,4,0.0,0,0.0,0.0,0,0,4,3,180.0,8,2,18.18,44,0.0,0.0,0.0
238.0,3,pa_3_rev,NEG_E1,20.0,4,0.0,0,0.0,0.0,0,0,4,3,180.0,8,2,18.18,44,0.0,0.0,0.0
238.0,3,pa_6,E5,25.0,5,50.0,2,40.0,0.0,0,0,3,3,180.0,8,2,18.18,44,25.0,0.25,0.4
238.0,3,pa_6_rev,NEG_E5,25.0,5,0.0,0,0.0,0.0,0,0,5,3,180.0,8,2,18.18,44,0.0,0.0,0.0
238.0,3,pa_7,E6,20.0,4,0.0,0,0.0,0.0,0,0,4,2,180.0,8,2,18.18,44,0.0,0.0,0.0
238.0,3,pa_7_rev,NEG_E6,20.0,4,0.0,0,0.0,0.0,0,0,4,2,180.0,8,2,18.18,44,0.0,0.0,0.0
238.0,3,pa_8,E7,25.0,5,0.0,0,0.0,0.0,0,0,5,3,180.0,8,2,18.18,44,0.0,0.0,0.0
238.0,3,pa_8_rev,NEG_E7,25.0,5,50.0,2,40.0,0.0,0,0,3,3,180.0,8,2,18.18,44,25.0,0.25,0.4
239.0,3,pa_2,E0,20.0,4,80.0,4,100.0,66.67,2,2,0,1,180.0,8,2,18.18,44,20.0,0.86,1.0
239.0,3,pa_2_rev,NEG_E0,20.0,4,0.0,0,0.0,0.0,0,0,4,3,180.0,8,2,18.18,44,0.0,0.0,0.0
239.0,3,pa_3,E1,20.0,4,0.0,0,0.0,0.0,0,0,4,3,180.0,8,2,18.18,44,0.0,0.0,0.0
239.0,3,pa_3_rev,NEG_E1,20.0,4,0.0,0,0.0,0.0,0,0,4,3,180.0,8,2,18.18,44,0.0,0.0,0.0
239.0,3,pa_6,E5,25.0,5,50.0,2,40.0,0.0,0,0,3,3,180.0,8,2,18.18,44,25.0,0.25,0.4
239.0,3,pa_6_rev,NEG_E5,25.0,5,0.0,0,0.0,0.0,0,0,5,3,180.0,8,2,18.18,44,0.0,0.0,0.0
239.0,3,pa_7,E6,20.0,4,0.0,0,0.0,0.0,0,0,4,2,180.0,8,2,18.18,44,0.0,0.0,0.0
239.0,3,pa_7_rev,NEG_E6,20.0,4,0.0,0,0.0,0.0,0,0,4,2,180.0,8,2,18.18,44,0.0,0.0,0.0
239.0,3,pa_8,E7,25.0,5,0.0,0,0.0,0.0,0,0,5,3,180.0,8,2,18.18,44,0.0,0.0,0.0
239.0,3,pa_8_rev,NEG_E7,25.0,5,50.0,2,40.0,0.0,0,0,3,3,180.0,8,2,18.18,44,25.0,0.25,0.4
240.0,4,pa_2,E0,20.0,4,80.0,4,100.0,66.67,2,2,0,1,180.0,8,2,18.18,44,20.0,0.86,1.0
240.0,4,pa_2_rev,NEG_E0,20.0,4,0.0,0,0.0,0.0,0,0,4,3,180.0,8,2,18.18,44,0.0,0.0,0.0
240.0,4,pa_3,E1,20.0,4,0.0,0,0.0,0.0,0,0,4,3,180.0,8,2,18.18,44,0.0,0.0,0.0
240.0,4,pa_3_rev,NEG_E1,20.0,4,0.0,0,0.0,0.0,0,0,4,3,180.0,8,2,18.18,44,0.0,0.0,0.0
240.0,4,pa_6,E5,25.0,5,50.0,2,40.0,0.0,0,0,3,3,180.0,8,2,18.18,44,25.0,0.25,0.4
240.0,4,pa_6_rev,NEG_E5,25.0,5,0.0,0,0.0,0.0,0,0,5,3,180.0,8,2,18.18,44,0.0,0.0,0.0
240.0,4,pa_7,E6,20.0,4,0.0,0,0.0,0.0,0,0,4,2,180.0,8,2,18.18,44,0.0,0.0,0.0
240.0,4,pa_7_rev,NEG_E6,20.0,4,0.0,0,0.0,0.0,0,0,4,2,180.0,8,2,18.18,44,0.0,0.0,0.0
240.0,4,pa_8,E7,25.0,5,0.0,0,0.0,0.0,0,0,5,3,180.0,8,2,18.18,44,0.0,0.0,0.0
240.0,4,pa_8_rev,NEG_E7,25.0,5,50.0,2,40.0,0.0,0,0,3,3,180.0,8,2,18.18,44,25.0,0.25,0.4
241.0,4,pa_2,E0,20.0,4,80.0,4,100.0,66.67,2,2,0,1,180.0,8,2,18.18,47,20.0,0.86,1.0
241.0,4,pa_2_rev,NEG_E0,20.0,4,0.0,0,0.0,0.0,0,0,4,3,180.0,8,2,18.18,47,0.0,0.0,0.0
241.0,4,pa_3,E1,20.0,4,0.0,0,0.0,0.0,0,0,4,3,180.0,8,2,18.18,47,0.0,0.0,0.0
241.0,4,pa_3_rev,NEG_E1,20.0,4,0.0,0,0.0,0.0,0,0,4,3,180.0,8,2,18.18,47,0.0,0.0,0.0
241.0,4,pa_6,E5,25.0,5,50.0,2,40.0,0.0,0,0,3,3,180.0,8,2,18.18,47,25.0,0.25,0.4
241.0,4,pa_6_rev,NEG_E5,25.0,5,0.0,0,0.0,0.0,0,0,5,3,180.0,8,2,18.18,47,0.0,0.0,0.0
241.0,4,pa_7,E6,20.0,4,0.0,0,0.0,0.0,0,0,4,2,180.0,8,2,18.18,47,0.0,0.0,0.0
241.0,4,pa_7_rev,NEG_E6,20.0,4,0.0,0,0.0,0.0,0,0,4,2,180.0,8,2,18.18,47,0.0,0.0,0.0
241.0,4,pa_8,E7,25.0,5,0.0,0,0.0,0.0,0,0,5,3,180.0,8,2,18.18,47,0.0,0.0,0.0
241.0,4,pa_8_rev,NEG_E7,25.0,5,50.0,2,40.0,0.0,0,0,3,3,180.0,8,2,18.18,47,25.0,0.25,0.4
242.0,4,pa_2,E0,20.0,4,80.0,4,100.0,66.67,2,2,0,1,180.0,8,2,18.18,47,20.0,0.86,1.0
242.0,4,pa_2_rev,NEG_E0,20.0,4,0.0,0,0.0,0.0,0,0,4,3,180.0,8,2,18.18,47,0.0,0.0,0.0
242.0,4,pa_3,E1,20.0,4,0.0,0,0.0,0.0,0,0,4,3,180.0,8,2,18.18,47,0.0,0.0,0.0
242.0,4,pa_3_rev,NEG_E1,20.0,4,0.0,0,0.0,0.0,0,0,4,3,180.0,8,2,18.18,47,0.0,0.0,0.0
242.0,4,pa_6,E5,25.0,5,50.0,2,40.0,0.0,0,0,3,3,180.0,8,2,18.18,47,25.0,0.25,0.4
242.0,4,pa_6_rev,NEG_E5,25.0,5,0.0,0,0.0,0.0,0,0,5,3,180.0,8,2,18.18,47,0.0,0.0,0.0
242.0,4,pa_7,E6,20.0,4,0.0,0,0.0,0.0,0,0,4,2,180.0,8,2,18.18,47,0.0,0.0,0.0
242.0,4,pa_7_rev,NEG_E6,20.0,4,0.0,0,0.0,0.0,0,0,4,2,180.0,8,2,18.18,47,0.0,0.0,0.0
242.0,4,pa_8,E7,25.0,5,0.0,0,0.0,0.0,0,0,5,3,180.0,8,2,18.18,47,0.0,0.0,0.0
242.0,4,pa_8_rev,NEG_E7,25.0,5,50.0,2,40.0,0.0,0,0,3,3,180.0,8,2,18.18,47,25.0,0.25,0.4
243.0,4,pa_2,E0,20.0,4,80.0,4,100.0,66.67,2,2,0,1,180.0,8,2,18.18,48,20.0,0.86,1.0
243.0,4,pa_2_rev,NEG_E0,20.0,4,0.0,0,0.0,0.0,0,0,4,3,180.0,8,2,18.18,48,0.0,0.0,0.0
243.0,4,pa_3,E1,20.0,4,0.0,0,0.0,0.0,0,0,4,3,180.0,8,2,18.18,48,0.0,0.0,0.0
243.0,4,pa_3_rev,NEG_E1,20.0,4,0.0,0,0.0,0.0,0,0,4,3,180.0,8,2,18.18,48,0.0,0.0,0.0
243.0,4,pa_6,E5,25.0,5,50.0,2,40.0,0.0,0,0,3,3,180.0,8,2,18.18,48,25.0,0.25,0.4
243.0,4,pa_6_rev,NEG_E5,25.0,5,0.0,0,0.0,0.0,0,0,5,3,180.0,8,2,18.18,48,0.0,0.0,0.0
243.0,4,pa_7,E6,20.0,4,0.0,0,0.0,0.0,0,0,4,2,180.0,8,2,18.18,48,0.0,0.0,0.0
243.0,4,pa_7_rev,NEG_E6,20.0,4,0.0,0,0.0,0.0,0,0,4,2,180.0,8,2,18.18,48,0.0,0.0,0.0
243.0,4,pa_8,E7,25.0,5,0.0,0,0.0,0.0,0,0,5,3,180.0,8,2,18.18,48,0.0,0.0,0.0
243.0,4,pa_8_rev,NEG_E7,25.0,5,50.0,2,40.0,0.0,0,0,3,3,180.0,8,2,18.18,48,25.0,0.25,0.4
244.0,4,pa_2,E0,20.0,4,80.0,4,100.0,66.67,2,2,0,1,180.0,8,2,18.18,48,20.0,0.86,1.0
244.0,4,pa_2_rev,NEG_E0,20.0,4,0.0,0,0.0,0.0,0,0,4,3,180.0,8,2,18.18,48,0.0,0.0,0.0
244.0,4,pa_3,E1,20.0,4,0.0,0,0.0,0.0,0,0,4,3,180.0,8,2,18.18,48,0.0,0.0,0.0
244.0,4,pa_3_rev,NEG_E1,20.0,4,0.0,0,0.0,0.0,0,0,4,3,180.0,8,2,18.18,48,0.0,0.0,0.0
244.0,4,pa_6,E5,25.0,5,50.0,2,40.0,0.0,0,0,3,3,180.0,8,2,18.18,48,25.0,0.25,0.4
244.0,4,pa_6_rev,NEG_E5,25.0,5,0.0,0,0.0,0.0,0,0,5,3,180.0,8,2,18.18,48,0.0,0.0,0.0
244.0,4,pa_7,E6,20.0,4,0.0,0,0.0,0.0,0,0,4,2,180.0,8,2,18.18,48,0.0,0.0,0.0
244.0,4,pa_7_rev,NEG_E6,20.0,4,0.0,0,0.0,0.0,0,0,4,2,180.0,8,2,18.18,48,0.0,0.0,0.0
244.0,4,pa_8,E7,25.0,5,0.0,0,0.0,0.0,0,0,5,3,180.0,8,2,18.18,48,0.0,0.0,0.0
244.0,4,pa_8_rev,NEG_E7,25.0,5,50.0,2,40.0,0.0,0,0,3,3,180.0,8,2,18.18,48,25.0,0.25,0.4
245.0,4,pa_2,E0,20.0,4,80.0,4,100.0,66.67,2,2,0,1,205.0,9,2,20.45,48,20.0,0.86,1.0
245.0,4,pa_2_rev,NEG_E0,20.0,4,0.0,0,0.0,0.0,0,0,4,3,205.0,9,2,20.45,48,0.0,0.0,0.0
245.0,4,pa_3,E1,20.0,4,0.0,0,0.0,0.0,0,0,4,3,205.0,9,2,20.45,48,0.0,0.0,0.0
245.0,4,pa_3_rev,NEG_E1,20.0,4,0.0,0,0.0,0.0,0,0,4,3,205.0,9,2,20.45,48,0.0,0.0,0.0
245.0,4,pa_6,E5,25.0,5,50.0,2,40.0,0.0,0,0,3,3,205.0,9,2,20.45,48,25.0,0.25,0.4
245.0,4,pa_6_rev,NEG_E5,25.0,5,0.0,0,0.0,0.0,0,0,5,3,205.0,9,2,20.45,48,0.0,0.0,0.0
245.0,4,pa_7,E6,20.0,4,0.0,0,0.0,0.0,0,0,4,2,205.0,9,2,20.45,48,0.0,0.0,0.0
245.0,4,pa_7_rev,NEG_E6,20.0,4,0.0,0,0.0,0.0,0,0,4,2,205.0,9,2,20.45,48,0.0,0.0,0.0
245.0,4,pa_8,E7,25.0,5,0.0,0,0.0,0.0,0,0,5,3,205.0,9,2,20.45,48,0.0,0.0,0.0
245.0,4,pa_8_rev,NEG_E7,25.0,5,75.0,3,60.0,0.0,0,0,2,3,205.0,9,2,20.45,48,25.0,0.38,0.6
246.0,4,pa_2,E0,20.0,4,80.0,4,100.0,66.67,2,2,0,1,230.0,10,2,22.73,49,20.0,0.86,1.0
246.0,4,pa_2_rev,NEG_E0,20.0,4,0.0,0,0.0,0.0,0,0,4,3,230.0,10,2,22.73,49,0.0,0.0,0.0
246.0,4,pa_3,E1,20.0,4,0.0,0,0.0,0.0,0,0,4,3,230.0,10,2,22.73,49,0.0,0.0,0.0
246.0,4,pa_3_rev,NEG_E1,20.0,4,0.0,0,0.0,0.0,0,0,4,3,230.0,10,2,22.73,49,0.0,0.0,0.0
246.0,4,pa_6,E5,25.0,5,50.0,2,40.0,0.0,0,0,3,3,230.0,10,2,22.73,49,25.0,0.25,0.4
246.0,4,pa_6_rev,NEG_E5,25.0,5,0.0,0,0.0,0.0,0,0,5,3,230.0,10,2,22.73,49,0.0,0.0,0.0
246.0,4,pa_7,E6,20.0,4,0.0,0,0.0,0.0,0,0,4,2,230.0,10,2,22.73,49,0.0,0.0,0.0
246.0,4,pa_7_rev,NEG_E6,20.0,4,0.0,0,0.0,0.0,0,0,4,2,230.0,10,2,22.73,49,0.0,0.0,0.0
246.0,4,pa_8,E7,25.0,5,0.0,0,0.0,0.0,0,0,5,3,230.0,10,2,22.73,49,0.0,0.0,0.0
246.0,4,pa_8_rev,NEG_E7,25.0,5,100.0,4,80.0,0.0,0,0,1,3,230.0,10,2,22.73,49,25.0,0.5,0.8
247.0,4,pa_2,E0,20.0,4,80.0,4,100.0,66.67,2,2,0,1,230.0,10,2,22.73,49,20.0,0.86,1.0
247.0,4,pa_2_rev,NEG_E0,20.0,4,0.0,0,0.0,0.0,0,0,4,3,230.0,10,2,22.73,49,0.0,0.0,0.0
247.0,4,pa_3,E1,20.0,4,0.0,0,0.0,0.0,0,0,4,3,230.0,10,2,22.73,49,0.0,0.0,0.0
247.0,4,pa_3_rev,NEG_E1,20.0,4,0.0,0,0.0,0.0,0,0,4,3,230.0,10,2,22.73,49,0.0,0.0,0.0
247.0,4,pa_6,E5,25.0,5,50.0,2,40.0,0.0,0,0,3,3,230.0,10,2,22.73,49,25.0,0.25,0.4
247.0,4,pa_6_rev,NEG_E5,25.0,5,0.0,0,0.0,0.0,0,0,5,3,230.0,10,2,22.73,49,0.0,0.0,0.0
247.0,4,pa_7,E6,20.0,4,0.0,0,0.0,0.0,0,0,4,2,230.0,10,2,22.73,49,0.0,0.0,0.0
247.0,4,pa_7_rev,NEG_E6,20.0,4,0.0,0,0.0,0.0,0,0,4,2,230.0,10,2,22.73,49,0.0,0.0,0.0
247.0,4,pa_8,E7,25.0,5,0.0,0,0.0,0.0,0,0,5,3,230.0,10,2,22.73,49,0.0,0.0,0.0
247.0,4,pa_8_rev,NEG_E7,25.0,5,100.0,4,80.0,0.0,0,0,1,3,230.0,10,2,22.73,49,25.0,0.5,0.8
248.0,4,pa_2,E0,20.0,4,80.0,4,100.0,66.67,2,2,0,1,230.0,10,2,22.73,49,20.0,0.86,1.0
248.0,4,pa_2_rev,NEG_E0,20.0,4,0.0,0,0.0,0.0,0,0,4,3,230.0,10,2,22.73,49,0.0,0.0,0.0
248.0,4,pa_3,E1,20.0,4,0.0,0,0.0,0.0,0,0,4,3,230.0,10,2,22.73,49,0.0,0.0,0.0
248.0,4,pa_3_rev,NEG_E1,20.0,4,0.0,0,0.0,0.0,0,0,4,3,230.0,10,2,22.73,49,0.0,0.0,0.0
248.0,4,pa_6,E5,25.0,5,50.0,2,40.0,0.0,0,0,3,3,230.0,10,2,22.73,49,25.0,0.25,0.4
248.0,4,pa_6_rev,NEG_E5,25.0,5,0.0,0,0.0,0.0,0,0,5,3,230.0,10,2,22.73,49,0.0,0.0,0.0
248.0,4,pa_7,E6,20.0,4,0.0,0,0.0,0.0,0,0,4,2,230.0,10,2,22.73,49,0.0,0.0,0.0
248.0,4,pa_7_rev,NEG_E6,20.0,4,0.0,0,0.0,0.0,0,0,4,2,230.0,10,2,22.73,49,0.0,0.0,0.0
248.0,4,pa_8,E7,25.0,5,0.0,0,0.0,0.0,0,0,5,3,230.0,10,2,22.73,49,0.0,0.0,0.0
248.0,4,pa_8_rev,NEG_E7,25.0,5,100.0,4,80.0,0.0,0,0,1,3,230.0,10,2,22.73,49,25.0,0.5,0.8
249.0,4,pa_2,E0,20.0,4,80.0,4,100.0,66.67,2,2,0,1,230.0,10,2,22.73,50,20.0,0.86,1.0
249.0,4,pa_2_rev,NEG_E0,20.0,4,0.0,0,0.0,0.0,0,0,4,3,230.0,10,2,22.73,50,0.0,0.0,0.0
249.0,4,pa_3,E1,20.0,4,0.0,0,0.0,0.0,0,0,4,3,230.0,10,2,22.73,50,0.0,0.0,0.0
249.0,4,pa_3_rev,NEG_E1,20.0,4,0.0,0,0.0,0.0,0,0,4,3,230.0,10,2,22.73,50,0.0,0.0,0.0
249.0,4,pa_6,E5,25.0,5,50.0,2,40.0,0.0,0,0,3,3,230.0,10,2,22.73,50,25.0,0.25,0.4
249.0,4,pa_6_rev,NEG_E5,25.0,5,0.0,0,0.0,0.0,0,0,5,3,230.0,10,2,22.73,50,0.0,0.0,0.0
249.0,4,pa_7,E6,20.0,4,0.0,0,0.0,0.0,0,0,4,2,230.0,10,2,22.73,50,0.0,0.0,0.0
249.0,4,pa_7_rev,NEG_E6,20.0,4,0.0,0,0.0,0.0,0,0,4,2,230.0,10,2,22.73,50,0.0,0.0,0.0
249.0,4,pa_8,E7,25.0,5,0.0,0,0.0,0.0,0,0,5,3,230.0,10,2,22.73,50,0.0,0.0,0.0
249.0,4,pa_8_rev,NEG_E7,25.0,5,100.0,4,80.0,0.0,0,0,1,3,230.0,10,2,22.73,50,25.0,0.5,0.8
250.0,4,pa_2,E0,20.0,4,80.0,4,100.0,66.67,2,2,0,1,230.0,10,2,22.73,50,20.0,0.86,1.0
250.0,4,pa_2_rev,NEG_E0,20.0,4,0.0,0,0.0,0.0,0,0,4,3,230.0,10,2,22.73,50,0.0,0.0,0.0
250.0,4,pa_3,E1,20.0,4,0.0,0,0.0,0.0,0,0,4,3,230.0,10,2,22.73,50,0.0,0.0,0.0
250.0,4,pa_3_rev,NEG_E1,20.0,4,0.0,0,0.0,0.0,0,0,4,3,230.0,10,2,22.73,50,0.0,0.0,0.0
250.0,4,pa_6,E5,25.0,5,50.0,2,40.0,0.0,0,0,3,3,230.0,10,2,22.73,50,25.0,0.25,0.4
250.0,4,pa_6_rev,NEG_E5,25.0,5,0.0,0,0.0,0.0,0,0,5,3,230.0,10,2,22.73,50,0.0,0.0,0.0
250.0,4,pa_7,E6,20.0,4,0.0,0,0.0,0.0,0,0,4,2,230.0,10,2,22.73,50,0.0,0.0,0.0
250.0,4,pa_7_rev,NEG_E6,20.0,4,0.0,0,0.0,0.0,0,0,4,2,230.0,10,2,22.73,50,0.0,0.0,0.0
250.0,4,pa_8,E7,25.0,5,0.0,0,0.0,0.0,0,0,5,3,230.0,10,2,22.73,50,0.0,0.0,0.0
250.0,4,pa_8_rev,NEG_E7,25.0,5,100.0,4,80.0,0.0,0,0,1,3,230.0,10,2,22.73,50,25.0,0.5,0.8
251.0,4,pa_2,E0,20.0,4,80.0,4,100.0,66.67,2,2,0,1,230.0,10,2,22.73,51,20.0,0.86,1.0
251.0,4,pa_2_rev,NEG_E0,20.0,4,0.0,0,0.0,0.0,0,0,4,3,230.0,10,2,22.73,51,0.0,0.0,0.0
251.0,4,pa_3,E1,20.0,4,0.0,0,0.0,0.0,0,0,4,3,230.0,10,2,22.73,51,0.0,0.0,0.0
251.0,4,pa_3_rev,NEG_E1,20.0,4,0.0,0,0.0,0.0,0,0,4,3,230.0,10,2,22.73,51,0.0,0.0,0.0
251.0,4,pa_6,E5,25.0,5,50.0,2,40.0,0.0,0,0,3,3,230.0,10,2,22.73,51,25.0,0.25,0.4
251.0,4,pa_6_rev,NEG_E5,25.0,5,0.0,0,0.0,0.0,0,0,5,3,230.0,10,2,22.73,51,0.0,0.0,0.0
251.0,4,pa_7,E6,20.0,4,0.0,0,0.0,0.0,0,0,4,2,230.0,10,2,22.73,51,0.0,0.0,0.0
251.0,4,pa_7_rev,NEG_E6,20.0,4,0.0,0,0.0,0.0,0,0,4,2,230.0,10,2,22.73,51,0.0,0.0,0.0
251.0,4,pa_8,E7,25.0,5,0.0,0,0.0,0.0,0,0,5,3,230.0,10,2,22.73,51,0.0,0.0,0.0
251.0,4,pa_8_rev,NEG_E7,25.0,5,100.0,4,80.0,0.0,0,0,1,3,230.0,10,2,22.73,51,25.0,0.5,0.8
252.0,4,pa_2,E0,20.0,4,80.0,4,100.0,66.67,2,2,0,1,230.0,10,2,22.73,51,20.0,0.86,1.0
252.0,4,pa_2_rev,NEG_E0,20.0,4,0.0,0,0.0,0.0,0,0,4,3,230.0,10,2,22.73,51,0.0,0.0,0.0
252.0,4,pa_3,E1,20.0,4,0.0,0,0.0,0.0,0,0,4,3,230.0,10,2,22.73,51,0.0,0.0,0.0
252.0,4,pa_3_rev,NEG_E1,20.0,4,0.0,0,0.0,0.0,0,0,4,3,230.0,10,2,22.73,51,0.0,0.0,0.0
252.0,4,pa_6,E5,25.0,5,50.0,2,40.0,0.0,0,0,3,3,230.0,10,2,22.73,51,25.0,0.25,0.4
252.0,4,pa_6_rev,NEG_E5,25.0,5,0.0,0,0.0,0.0,0,0,5,3,230.0,10,2,22.73,51,0.0,0.0,0.0
252.0,4,pa_7,E6,20.0,4,0.0,0,0.0,0.0,0,0,4,2,230.0,10,2,22.73,51,0.0,0.0,0.0
252.0,4,pa_7_rev,NEG_E6,20.0,4,0.0,0,0.0,0.0,0,0,4,2,230.0,10,2,22.73,51,0.0,0.0,0.0
252.0,4,pa_8,E7,25.0,5,0.0,0,0.0,0.0,0,0,5,3,230.0,10,2,22.73,51,0.0,0.0,0.0
252.0,4,pa_8_rev,NEG_E7,25.0,5,100.0,4,80.0,0.0,0,0,1,3,230.0,10,2,22.73,51,25.0,0.5,0.8
253.0,4,pa_2,E0,20.0,4,80.0,4,100.0,66.67,2,2,0,1,255.0,11,2,25.0,51,20.0,0.86,1.0
253.0,4,pa_2_rev,NEG_E0,20.0,4,0.0,0,0.0,0.0,0,0,4,3,255.0,11,2,25.0,51,0.0,0.0,0.0
253.0,4,pa_3,E1,20.0,4,0.0,0,0.0,0.0,0,0,4,3,255.0,11,2,25.0,51,0.0,0.0,0.0
253.0,4,pa_3_rev,NEG_E1,20.0,4,0.0,0,0.0,0.0,0,0,4,3,255.0,11,2,25.0,51,0.0,0.0,0.0
253.0,4,pa_6,E5,25.0,5,50.0,2,40.0,0.0,0,0,3,3,255.0,11,2,25.0,51,25.0,0.25,0.4
253.0,4,pa_6_rev,NEG_E5,25.0,5,0.0,0,0.0,0.0,0,0,5,3,255.0,11,2,25.0,51,0.0,0.0,0.0
253.0,4,pa_7,E6,20.0,4,0.0,0,0.0,0.0,0,0,4,2,255.0,11,2,25.0,51,0.0,0.0,0.0
253.0,4,pa_7_rev,NEG_E6,20.0,4,0.0,0,0.0,0.0,0,0,4,2,255.0,11,2,25.0,51,0.0,0.0,0.0
253.0,4,pa_8,E7,25.0,5,0.0,0,0.0,0.0,0,0,5,3,255.0,11,2,25.0,51,0.0,0.0,0.0
253.0,4,pa_8_rev,NEG_E7,25.0,5,125.0,5,100.0,0.0,0,0,0,3,255.0,11,2,25.0,51,25.0,0.62,1.0
254.0,4,pa_2,E0,20.0,4,80.0,4,100.0,66.67,2,2,0,1,255.0,11,2,25.0,51,20.0,0.86,1.0
254.0,4,pa_2_rev,NEG_E0,20.0,4,0.0,0,0.0,0.0,0,0,4,3,255.0,11,2,25.0,51,0.0,0.0,0.0
254.0,4,pa_3,E1,20.0,4,0.0,0,0.0,0.0,0,0,4,3,255.0,11,2,25.0,51,0.0,0.0,0.0
254.0,4,pa_3_rev,NEG_E1,20.0,4,0.0,0,0.0,0.0,0,0,4,3,255.0,11,2,25.0,51,0.0,0.0,0.0
254.0,4,pa_6,E5,25.0,5,50.0,2,40.0,0.0,0,0,3,3,255.0,11,2,25.0,51,25.0,0.25,0.4
254.0,4,pa_6_rev,NEG_E5,25.0,5,0.0,0,0.0,0.0,0,0,5,3,255.0,11,2,25.0,51,0.0,0.0,0.0
254.0,4,pa_7,E6,20.0,4,0.0,0,0.0,0.0,0,0,4,2,255.0,11,2,25.0,51,0.0,0.0,0.0
254.0,4,pa_7_rev,NEG_E6,20.0,4,0.0,0,0.0,0.0,0,0,4,2,255.0,11,2,25.0,51,0.0,0.0,0.0
254.0,4,pa_8,E7,25.0,5,0.0,0,0.0,0.0,0,0,5,3,255.0,11,2,25.0,51,0.0,0.0,0.0
254.0,4,pa_8_rev,NEG_E7,25.0,5,125.0,5,100.0,0.0,0,0,0,3,255.0,11,2,25.0,51,25.0,0.62,1.0
255.0,4,pa_2,E0,20.0,4,80.0,4,100.0,66.67,2,2,0,1,255.0,11,2,25.0,51,20.0,0.86,1.0
255.0,4,pa_2_rev,NEG_E0,20.0,4,0.0,0,0.0,0.0,0,0,4,3,255.0,11,2,25.0,51,0.0,0.0,0.0
255.0,4,pa_3,E1,20.0,4,0.0,0,0.0,0.0,0,0,4,3,255.0,11,2,25.0,51,0.0,0.0,0.0
255.0,4,pa_3_rev,NEG_E1,20.0,4,0.0,0,0.0,0.0,0,0,4,3,255.0,11,2,25.0,51,0.0,0.0,0.0
255.0,4,pa_6,E5,25.0,5,50.0,2,40.0,0.0,0,0,3,3,255.0,11,2,25.0,51,25.0,0.25,0.4
255.0,4,pa_6_rev,NEG_E5,25.0,5,0.0,0,0.0,0.0,0,0,5,3,255.0,11,2,25.0,51,0.0,0.0,0.0
255.0,4,pa_7,E6,20.0,4,0.0,0,0.0,0.0,0,0,4,2,255.0,11,2,25.0,51,0.0,0.0,0.0
255.0,4,pa_7_rev,NEG_E6,20.0,4,0.0,0,0.0,0.0,0,0,4,2,255.0,11,2,25.0,51,0.0,0.0,0.0
255.0,4,pa_8,E7,25.0,5,0.0,0,0.0,0.0,0,0,5,3,255.0,11,2,25.0,51,0.0,0.0,0.0
255.0,4,pa_8_rev,NEG_E7,25.0,5,125.0,5,100.0,0.0,0,0,0,3,255.0,11,2,25.0,51,25.0,0.62,1.0
256.0,4,pa_2,E0,20.0,4,80.0,4,100.0,66.67,2,2,0,1,255.0,11,2,25.0,51,20.0,0.86,1.0
256.0,4,pa_2_rev,NEG_E0,20.0,4,0.0,0,0.0,0.0,0,0,4,3,255.0,11,2,25.0,51,0.0,0.0,0.0
256.0,4,pa_3,E1,20.0,4,0.0,0,0.0,0.0,0,0,4,3,255.0,11,2,25.0,51,0.0,0.0,0.0
256.0,4,pa_3_rev,NEG_E1,20.0,4,0.0,0,0.0,0.0,0,0,4,3,255.0,11,2,25.0,51,0.0,0.0,0.0
256.0,4,pa_6,E5,25.0,5,50.0,2,40.0,0.0,0,0,3,3,255.0,11,2,25.0,51,25.0,0.25,0.4
256.0,4,pa_6_rev,NEG_E5,25.0,5,0.0,0,0.0,0.0,0,0,5,3,255.0,11,2,25.0,51,0.0,0.0,0.0
256.0,4,pa_7,E6,20.0,4,0.0,0,0.0,0.0,0,0,4,2,255.0,11,2,25.0,51,0.0,0.0,0.0
256.0,4,pa_7_rev,NEG_E6,20.0,4,0.0,0,0.0,0.0,0,0,4,2,255.0,11,2,25.0,51,0.0,0.0,0.0
256.0,4,pa_8,E7,25.0,5,0.0,0,0.0,0.0,0,0,5,3,255.0,11,2,25.0,51,0.0,0.0,0.0
256.0,4,pa_8_rev,NEG_E7,25.0,5,125.0,5,100.0,0.0,0,0,0,3,255.0,11,2,25.0,51,25.0,0.62,1.0
257.0,4,pa_2,E0,20.0,4,80.0,4,100.0,66.67,2,2,0,1,255.0,11,3,25.0,51,20.0,0.86,1.0
257.0,4,pa_2_rev,NEG_E0,20.0,4,0.0,0,0.0,0.0,0,0,4,3,255.0,11,3,25.0,51,0.0,0.0,0.0
257.0,4,pa_3,E1,20.0,4,0.0,0,0.0,0.0,0,0,4,3,255.0,11,3,25.0,51,0.0,0.0,0.0
257.0,4,pa_3_rev,NEG_E1,20.0,4,0.0,0,0.0,0.0,0,0,4,3,255.0,11,3,25.0,51,0.0,0.0,0.0
257.0,4,pa_6,E5,25.0,5,50.0,2,40.0,0.0,0,0,3,3,255.0,11,3,25.0,51,25.0,0.25,0.4
257.0,4,pa_6_rev,NEG_E5,25.0,5,0.0,0,0.0,0.0,0,0,5,3,255.0,11,3,25.0,51,0.0,0.0,0.0
257.0,4,pa_7,E6,20.0,4,0.0,0,0.0,0.0,0,0,4,2,255.0,11,3,25.0,51,0.0,0.0,0.0
257.0,4,pa_7_rev,NEG_E6,20.0,4,0.0,0,0.0,0.0,0,0,4,2,255.0,11,3,25.0,51,0.0,0.0,0.0
257.0,4,pa_8,E7,25.0,5,0.0,0,0.0,0.0,0,0,5,3,255.0,11,3,25.0,51,0.0,0.0,0.0
257.0,4,pa_8_rev,NEG_E7,25.0,5,125.0,5,100.0,33.33,1,1,0,2,255.0,11,3,25.0,51,25.0,0.75,1.0
258.0,4,pa_2,E0,20.0,4,80.0,4,100.0,66.67,2,2,0,1,255.0,11,3,25.0,52,20.0,0.86,1.0
258.0,4,pa_2_rev,NEG_E0,20.0,4,0.0,0,0.0,0.0,0,0,4,3,255.0,11,3,25.0,52,0.0,0.0,0.0
258.0,4,pa_3,E1,20.0,4,0.0,0,0.0,0.0,0,0,4,3,255.0,11,3,25.0,52,0.0,0.0,0.0
258.0,4,pa_3_rev,NEG_E1,20.0,4,0.0,0,0.0,0.0,0,0,4,3,255.0,11,3,25.0,52,0.0,0.0,0.0
258.0,4,pa_6,E5,25.0,5,50.0,2,40.0,0.0,0,0,3,3,255.0,11,3,25.0,52,25.0,0.25,0.4
258.0,4,pa_6_rev,NEG_E5,25.0,5,0.0,0,0.0,0.0,0,0,5,3,255.0,11,3,25.0,52,0.0,0.0,0.0
258.0,4,pa_7,E6,20.0,4,0.0,0,0.0,0.0,0,0,4,2,255.0,11,3,25.0,52,0.0,0.0,0.0
258.0,4,pa_7_rev,NEG_E6,20.0,4,0.0,0,0.0,0.0,0,0,4,2,255.0,11,3,25.0,52,0.0,0.0,0.0
258.0,4,pa_8,E7,25.0,5,0.0,0,0.0,0.0,0,0,5,3,255.0,11,3,25.0,52,0.0,0.0,0.0
258.0,4,pa_8_rev,NEG_E7,25.0,5,125.0,5,100.0,33.33,1,1,0,2,255.0,11,3,25.0,52,25.0,0.75,1.0
259.0,4,pa_2,E0,20.0,4,80.0,4,100.0,66.67,2,2,0,1,255.0,11,4,25.0,52,20.0,0.86,1.0
259.0,4,pa_2_rev,NEG_E0,20.0,4,0.0,0,0.0,0.0,0,0,4,3,255.0,11,4,25.0,52,0.0,0.0,0.0
259.0,4,pa_3,E1,20.0,4,0.0,0,0.0,0.0,0,0,4,3,255.0,11,4,25.0,52,0.0,0.0,0.0
259.0,4,pa_3_rev,NEG_E1,20.0,4,0.0,0,0.0,0.0,0,0,4,3,255.0,11,4,25.0,52,0.0,0.0,0.0
259.0,4,pa_6,E5,25.0,5,50.0,2,40.0,0.0,0,0,3,3,255.0,11,4,25.0,52,25.0,0.25,0.4
259.0,4,pa_6_rev,NEG_E5,25.0,5,0.0,0,0.0,0.0,0,0,5,3,255.0,11,4,25.0,52,0.0,0.0,0.0
259.0,4,pa_7,E6,20.0,4,0.0,0,0.0,0.0,0,0,4,2,255.0,11,4,25.0,52,0.0,0.0,0.0
259.0,4,pa_7_rev,NEG_E6,20.0,4,0.0,0,0.0,0.0,0,0,4,2,255.0,11,4,25.0,52,0.0,0.0,0.0
259.0,4,pa_8,E7,25.0,5,0.0,0,0.0,0.0,0,0,5,3,255.0,11,4,25.0,52,0.0,0.0,0.0
259.0,4,pa_8_rev,NEG_E7,25.0,5,125.0,5,100.0,66.67,2,2,0,1,255.0,11,4,25.0,52,25.0,0.88,1.0
260.0,4,pa_2,E0,20.0,4,80.0,4,100.0,66.67,2,2,0,1,255.0,11,4,25.0,52,20.0,0.86,1.0
260.0,4,pa_2_rev,NEG_E0,20.0,4,0.0,0,0.0,0.0,0,0,4,3,255.0,11,4,25.0,52,0.0,0.0,0.0
260.0,4,pa_3,E1,20.0,4,0.0,0,0.0,0.0,0,0,4,3,255.0,11,4,25.0,52,0.0,0.0,0.0
260.0,4,pa_3_rev,NEG_E1,20.0,4,0.0,0,0.0,0.0,0,0,4,3,255.0,11,4,25.0,52,0.0,0.0,0.0
260.0,4,pa_6,E5,25.0,5,50.0,2,40.0,0.0,0,0,3,3,255.0,11,4,25.0,52,25.0,0.25,0.4
260.0,4,pa_6_rev,NEG_E5,25.0,5,0.0,0,0.0,0.0,0,0,5,3,255.0,11,4,25.0,52,0.0,0.0,0.0
260.0,4,pa_7,E6,20.0,4,0.0,0,0.0,0.0,0,0,4,2,255.0,11,4,25.0,52,0.0,0.0,0.0
260.0,4,pa_7_rev,NEG_E6,20.0,4,0.0,0,0.0,0.0,0,0,4,2,255.0,11,4,25.0,52,0.0,0.0,0.0
260.0,4,pa_8,E7,25.0,5,0.0,0,0.0,0.0,0,0,5,3,255.0,11,4,25.0,52,0.0,0.0,0.0
260.0,4,pa_8_rev,NEG_E7,25.0,5,125.0,5,100.0,66.67,2,2,0,1,255.0,11,4,25.0,52,25.0,0.88,1.0
261.0,4,pa_2,E0,20.0,4,80.0,4,100.0,66.67,2,2,0,1,255.0,11,4,25.0,53,20.0,0.86,1.0
261.0,4,pa_2_rev,NEG_E0,20.0,4,0.0,0,0.0,0.0,0,0,4,3,255.0,11,4,25.0,53,0.0,0.0,0.0
261.0,4,pa_3,E1,20.0,4,0.0,0,0.0,0.0,0,0,4,3,255.0,11,4,25.0,53,0.0,0.0,0.0
261.0,4,pa_3_rev,NEG_E1,20.0,4,0.0,0,0.0,0.0,0,0,4,3,255.0,11,4,25.0,53,0.0,0.0,0.0
261.0,4,pa_6,E5,25.0,5,50.0,2,40.0,0.0,0,0,3,3,255.0,11,4,25.0,53,25.0,0.25,0.4
261.0,4,pa_6_rev,NEG_E5,25.0,5,0.0,0,0.0,0.0,0,0,5,3,255.0,11,4,25.0,53,0.0,0.0,0.0
261.0,4,pa_7,E6,20.0,4,0.0,0,0.0,0.0,0,0,4,2,255.0,11,4,25.0,53,0.0,0.0,0.0
261.0,4,pa_7_rev,NEG_E6,20.0,4,0.0,0,0.0,0.0,0,0,4,2,255.0,11,4,25.0,53,0.0,0.0,0.0
261.0,4,pa_8,E7,25.0,5,0.0,0,0.0,0.0,0,0,5,3,255.0,11,4,25.0,53,0.0,0.0,0.0
261.0,4,pa_8_rev,NEG_E7,25.0,5,125.0,5,100.0,66.67,2,2,0,1,255.0,11,4,25.0,53,25.0,0.88,1.0
262.0,4,pa_2,E0,20.0,4,80.0,4,100.0,66.67,2,2,0,1,255.0,11,4,25.0,53,20.0,0.86,1.0
262.0,4,pa_2_rev,NEG_E0,20.0,4,0.0,0,0.0,0.0,0,0,4,3,255.0,11,4,25.0,53,0.0,0.0,0.0
262.0,4,pa_3,E1,20.0,4,0.0,0,0.0,0.0,0,0,4,3,255.0,11,4,25.0,53,0.0,0.0,0.0
262.0,4,pa_3_rev,NEG_E1,20.0,4,0.0,0,0.0,0.0,0,0,4,3,255.0,11,4,25.0,53,0.0,0.0,0.0
262.0,4,pa_6,E5,25.0,5,50.0,2,40.0,0.0,0,0,3,3,255.0,11,4,25.0,53,25.0,0.25,0.4
262.0,4,pa_6_rev,NEG_E5,25.0,5,0.0,0,0.0,0.0,0,0,5,3,255.0,11,4,25.0,53,0.0,0.0,0.0
262.0,4,pa_7,E6,20.0,4,0.0,0,0.0,0.0,0,0,4,2,255.0,11,4,25.0,53,0.0,0.0,0.0
262.0,4,pa_7_rev,NEG_E6,20.0,4,0.0,0,0.0,0.0,0,0,4,2,255.0,11,4,25.0,53,0.0,0.0,0.0
262.0,4,pa_8,E7,25.0,5,0.0,0,0.0,0.0,0,0,5,3,255.0,11,4,25.0,53,0.0,0.0,0.0
262.0,4,pa_8_rev,NEG_E7,25.0,5,125.0,5,100.0,66.67,2,2,0,1,255.0,11,4,25.0,53,25.0,0.88,1.0
263.0,4,pa_2,E0,20.0,4,80.0,4,100.0,66.67,2,2,0,1,255.0,11,4,25.0,53,20.0,0.86,1.0
263.0,4,pa_2_rev,NEG_E0,20.0,4,0.0,0,0.0,0.0,0,0,4,3,255.0,11,4,25.0,53,0.0,0.0,0.0
263.0,4,pa_3,E1,20.0,4,0.0,0,0.0,0.0,0,0,4,3,255.0,11,4,25.0,53,0.0,0.0,0.0
263.0,4,pa_3_rev,NEG_E1,20.0,4,0.0,0,0.0,0.0,0,0,4,3,255.0,11,4,25.0,53,0.0,0.0,0.0
263.0,4,pa_6,E5,25.0,5,50.0,2,40.0,0.0,0,0,3,3,255.0,11,4,25.0,53,25.0,0.25,0.4
263.0,4,pa_6_rev,NEG_E5,25.0,5,0.0,0,0.0,0.0,0,0,5,3,255.0,11,4,25.0,53,0.0,0.0,0.0
263.0,4,pa_7,E6,20.0,4,0.0,0,0.0,0.0,0,0,4,2,255.0,11,4,25.0,53,0.0,0.0,0.0
263.0,4,pa_7_rev,NEG_E6,20.0,4,0.0,0,0.0,0.0,0,0,4,2,255.0,11,4,25.0,53,0.0,0.0,0.0
263.0,4,pa_8,E7,25.0,5,0.0,0,0.0,0.0,0,0,5,3,255.0,11,4,25.0,53,0.0,0.0,0.0
263.0,4,pa_8_rev,NEG_E7,25.0,5,125.0,5,100.0,66.67,2,2,0,1,255.0,11,4,25.0,53,25.0,0.88,1.0
264.0,4,pa_2,E0,20.0,4,80.0,4,100.0,66.67,2,2,0,1,255.0,11,4,25.0,53,20.0,0.86,1.0
264.0,4,pa_2_rev,NEG_E0,20.0,4,0.0,0,0.0,0.0,0,0,4,3,255.0,11,4,25.0,53,0.0,0.0,0.0
264.0,4,pa_3,E1,20.0,4,0.0,0,0.0,0.0,0,0,4,3,255.0,11,4,25.0,53,0.0,0.0,0.0
264.0,4,pa_3_rev,NEG_E1,20.0,4,0.0,0,0.0,0.0,0,0,4,3,255.0,11,4,25.0,53,0.0,0.0,0.0
264.0,4,pa_6,E5,25.0,5,50.0,2,40.0,0.0,0,0,3,3,255.0,11,4,25.0,53,25.0,0.25,0.4
264.0,4,pa_6_rev,NEG_E5,25.0,5,0.0,0,0.0,0.0,0,0,5,3,255.0,11,4,25.0,53,0.0,0.0,0.0
264.0,4,pa_7,E6,20.0,4,0.0,0,0.0,0.0,0,0,4,2,255.0,11,4,25.0,53,0.0,0.0,0.0
264.0,4,pa_7_rev,NEG_E6,20.0,4,0.0,0,0.0,0.0,0,0,4,2,255.0,11,4,25.0,53,0.0,0.0,0.0
264.0,4,pa_8,E7,25.0,5,0.0,0,0.0,0.0,0,0,5,3,255.0,11,4,25.0,53,0.0,0.0,0.0
264.0,4,pa_8_rev,NEG_E7,25.0,5,125.0,5,100.0,66.67,2,2,0,1,255.0,11,4,25.0,53,25.0,0.88,1.0
265.0,4,pa_2,E0,20.0,4,80.0,4,100.0,66.67,2,2,0,1,255.0,11,4,25.0,53,20.0,0.86,1.0
265.0,4,pa_2_rev,NEG_E0,20.0,4,0.0,0,0.0,0.0,0,0,4,3,255.0,11,4,25.0,53,0.0,0.0,0.0
265.0,4,pa_3,E1,20.0,4,0.0,0,0.0,0.0,0,0,4,3,255.0,11,4,25.0,53,0.0,0.0,0.0
265.0,4,pa_3_rev,NEG_E1,20.0,4,0.0,0,0.0,0.0,0,0,4,3,255.0,11,4,25.0,53,0.0,0.0,0.0
265.0,4,pa_6,E5,25.0,5,50.0,2,40.0,0.0,0,0,3,3,255.0,11,4,25.0,53,25.0,0.25,0.4
265.0,4,pa_6_rev,NEG_E5,25.0,5,0.0,0,0.0,0.0,0,0,5,3,255.0,11,4,25.0,53,0.0,0.0,0.0
265.0,4,pa_7,E6,20.0,4,0.0,0,0.0,0.0,0,0,4,2,255.0,11,4,25.0,53,0.0,0.0,0.0
265.0,4,pa_7_rev,NEG_E6,20.0,4,0.0,0,0.0,0.0,0,0,4,2,255.0,11,4,25.0,53,0.0,0.0,0.0
265.0,4,pa_8,E7,25.0,5,0.0,0,0.0,0.0,0,0,5,3,255.0,11,4,25.0,53,0.0,0.0,0.0
265.0,4,pa_8_rev,NEG_E7,25.0,5,125.0,5,100.0,66.67,2,2,0,1,255.0,11,4,25.0,53,25.0,0.88,1.0
266.0,4,pa_2,E0,20.0,4,80.0,4,100.0,66.67,2,2,0,1,255.0,11,4,25.0,53,20.0,0.86,1.0
266.0,4,pa_2_rev,NEG_E0,20.0,4,0.0,0,0.0,0.0,0,0,4,3,255.0,11,4,25.0,53,0.0,0.0,0.0
266.0,4,pa_3,E1,20.0,4,0.0,0,0.0,0.0,0,0,4,3,255.0,11,4,25.0,53,0.0,0.0,0.0
266.0,4,pa_3_rev,NEG_E1,20.0,4,0.0,0,0.0,0.0,0,0,4,3,255.0,11,4,25.0,53,0.0,0.0,0.0
266.0,4,pa_6,E5,25.0,5,50.0,2,40.0,0.0,0,0,3,3,255.0,11,4,25.0,53,25.0,0.25,0.4
266.0,4,pa_6_rev,NEG_E5,25.0,5,0.0,0,0.0,0.0,0,0,5,3,255.0,11,4,25.0,53,0.0,0.0,0.0
266.0,4,pa_7,E6,20.0,4,0.0,0,0.0,0.0,0,0,4,2,255.0,11,4,25.0,53,0.0,0.0,0.0
266.0,4,pa_7_rev,NEG_E6,20.0,4,0.0,0,0.0,0.0,0,0,4,2,255.0,11,4,25.0,53,0.0,0.0,0.0
266.0,4,pa_8,E7,25.0,5,0.0,0,0.0,0.0,0,0,5,3,255.0,11,4,25.0,53,0.0,0.0,0.0
266.0,4,pa_8_rev,NEG_E7,25.0,5,125.0,5,100.0,66.67,2,2,0,1,255.0,11,4,25.0,53,25.0,0.88,1.0
267.0,4,pa_2,E0,20.0,4,80.0,4,100.0,66.67,2,2,0,1,255.0,11,4,25.0,53,20.0,0.86,1.0
267.0,4,pa_2_rev,NEG_E0,20.0,4,0.0,0,0.0,0.0,0,0,4,3,255.0,11,4,25.0,53,0.0,0.0,0.0
267.0,4,pa_3,E1,20.0,4,0.0,0,0.0,0.0,0,0,4,3,255.0,11,4,25.0,53,0.0,0.0,0.0
267.0,4,pa_3_rev,NEG_E1,20.0,4,0.0,0,0.0,0.0,0,0,4,3,255.0,11,4,25.0,53,0.0,0.0,0.0
267.0,4,pa_6,E5,25.0,5,50.0,2,40.0,0.0,0,0,3,3,255.0,11,4,25.0,53,25.0,0.25,0.4
267.0,4,pa_6_rev,NEG_E5,25.0,5,0.0,0,0.0,0.0,0,0,5,3,255.0,11,4,25.0,53,0.0,0.0,0.0
267.0,4,pa_7,E6,20.0,4,0.0,0,0.0,0.0,0,0,4,2,255.0,11,4,25.0,53,0.0,0.0,0.0
267.0,4,pa_7_rev,NEG_E6,20.0,4,0.0,0,0.0,0.0,0,0,4,2,255.0,11,4,25.0,53,0.0,0.0,0.0
267.0,4,pa_8,E7,25.0,5,0.0,0,0.0,0.0,0,0,5,3,255.0,11,4,25.0,53,0.0,0.0,0.0
267.0,4,pa_8_rev,NEG_E7,25.0,5,125.0,5,100.0,66.67,2,2,0,1,255.0,11,4,25.0,53,25.0,0.88,1.0
268.0,4,pa_2,E0,20.0,4,80.0,4,100.0,66.67,2,2,0,1,255.0,11,4,25.0,53,20.0,0.86,1.0
268.0,4,pa_2_rev,NEG_E0,20.0,4,0.0,0,0.0,0.0,0,0,4,3,255.0,11,4,25.0,53,0.0,0.0,0.0
268.0,4,pa_3,E1,20.0,4,0.0,0,0.0,0.0,0,0,4,3,255.0,11,4,25.0,53,0.0,0.0,0.0
268.0,4,pa_3_rev,NEG_E1,20.0,4,0.0,0,0.0,0.0,0,0,4,3,255.0,11,4,25.0,53,0.0,0.0,0.0
268.0,4,pa_6,E5,25.0,5,50.0,2,40.0,0.0,0,0,3,3,255.0,11,4,25.0,53,25.0,0.25,0.4
268.0,4,pa_6_rev,NEG_E5,25.0,5,0.0,0,0.0,0.0,0,0,5,3,255.0,11,4,25.0,53,0.0,0.0,0.0
268.0,4,pa_7,E6,20.0,4,0.0,0,0.0,0.0,0,0,4,2,255.0,11,4,25.0,53,0.0,0.0,0.0
268.0,4,pa_7_rev,NEG_E6,20.0,4,0.0,0,0.0,0.0,0,0,4,2,255.0,11,4,25.0,53,0.0,0.0,0.0
268.0,4,pa_8,E7,25.0,5,0.0,0,0.0,0.0,0,0,5,3,255.0,11,4,25.0,53,0.0,0.0,0.0
268.0,4,pa_8_rev,NEG_E7,25.0,5,125.0,5,100.0,66.67,2,2,0,1,255.0,11,4,25.0,53,25.0,0.88,1.0
269.0,4,pa_2,E0,20.0,4,80.0,4,100.0,66.67,2,2,0,1,255.0,11,4,25.0,53,20.0,0.86,1.0
269.0,4,pa_2_rev,NEG_E0,20.0,4,0.0,0,0.0,0.0,0,0,4,3,255.0,11,4,25.0,53,0.0,0.0,0.0
269.0,4,pa_3,E1,20.0,4,0.0,0,0.0,0.0,0,0,4,3,255.0,11,4,25.0,53,0.0,0.0,0.0
269.0,4,pa_3_rev,NEG_E1,20.0,4,0.0,0,0.0,0.0,0,0,4,3,255.0,11,4,25.0,53,0.0,0.0,0.0
269.0,4,pa_6,E5,25.0,5,50.0,2,40.0,0.0,0,0,3,3,255.0,11,4,25.0,53,25.0,0.25,0.4
269.0,4,pa_6_rev,NEG_E5,25.0,5,0.0,0,0.0,0.0,0,0,5,3,255.0,11,4,25.0,53,0.0,0.0,0.0
269.0,4,pa_7,E6,20.0,4,0.0,0,0.0,0.0,0,0,4,2,255.0,11,4,25.0,53,0.0,0.0,0.0
269.0,4,pa_7_rev,NEG_E6,20.0,4,0.0,0,0.0,0.0,0,0,4,2,255.0,11,4,25.0,53,0.0,0.0,0.0
269.0,4,pa_8,E7,25.0,5,0.0,0,0.0,0.0,0,0,5,3,255.0,11,4,25.0,53,0.0,0.0,0.0
269.0,4,pa_8_rev,NEG_E7,25.0,5,125.0,5,100.0,66.67,2,2,0,1,255.0,11,4,25.0,53,25.0,0.88,1.0
270.0,4,pa_2,E0,20.0,4,80.0,4,100.0,66.67,2,2,0,1,255.0,11,4,25.0,53,20.0,0.86,1.0
270.0,4,pa_2_rev,NEG_E0,20.0,4,0.0,0,0.0,0.0,0,0,4,3,255.0,11,4,25.0,53,0.0,0.0,0.0
270.0,4,pa_3,E1,20.0,4,0.0,0,0.0,0.0,0,0,4,3,255.0,11,4,25.0,53,0.0,0.0,0.0
270.0,4,pa_3_rev,NEG_E1,20.0,4,0.0,0,0.0,0.0,0,0,4,3,255.0,11,4,25.0,53,0.0,0.0,0.0
270.0,4,pa_6,E5,25.0,5,50.0,2,40.0,0.0,0,0,3,3,255.0,11,4,25.0,53,25.0,0.25,0.4
270.0,4,pa_6_rev,NEG_E5,25.0,5,0.0,0,0.0,0.0,0,0,5,3,255.0,11,4,25.0,53,0.0,0.0,0.0
270.0,4,pa_7,E6,20.0,4,0.0,0,0.0,0.0,0,0,4,2,255.0,11,4,25.0,53,0.0,0.0,0.0
270.0,4,pa_7_rev,NEG_E6,20.0,4,0.0,0,0.0,0.0,0,0,4,2,255.0,11,4,25.0,53,0.0,0.0,0.0
270.0,4,pa_8,E7,25.0,5,0.0,0,0.0,0.0,0,0,5,3,255.0,11,4,25.0,53,0.0,0.0,0.0
270.0,4,pa_8_rev,NEG_E7,25.0,5,125.0,5,100.0,66.67,2,2,0,1,255.0,11,4,25.0,53,25.0,0.88,1.0
271.0,4,pa_2,E0,20.0,4,80.0,4,100.0,66.67,2,2,0,1,255.0,11,4,25.0,53,20.0,0.86,1.0
271.0,4,pa_2_rev,NEG_E0,20.0,4,0.0,0,0.0,0.0,0,0,4,3,255.0,11,4,25.0,53,0.0,0.0,0.0
271.0,4,pa_3,E1,20.0,4,0.0,0,0.0,0.0,0,0,4,3,255.0,11,4,25.0,53,0.0,0.0,0.0
271.0,4,pa_3_rev,NEG_E1,20.0,4,0.0,0,0.0,0.0,0,0,4,3,255.0,11,4,25.0,53,0.0,0.0,0.0
271.0,4,pa_6,E5,25.0,5,50.0,2,40.0,0.0,0,0,3,3,255.0,11,4,25.0,53,25.0,0.25,0.4
271.0,4,pa_6_rev,NEG_E5,25.0,5,0.0,0,0.0,0.0,0,0,5,3,255.0,11,4,25.0,53,0.0,0.0,0.0
271.0,4,pa_7,E6,20.0,4,0.0,0,0.0,0.0,0,0,4,2,255.0,11,4,25.0,53,0.0,0.0,0.0
271.0,4,pa_7_rev,NEG_E6,20.0,4,0.0,0,0.0,0.0,0,0,4,2,255.0,11,4,25.0,53,0.0,0.0,0.0
271.0,4,pa_8,E7,25.0,5,0.0,0,0.0,0.0,0,0,5,3,255.0,11,4,25.0,53,0.0,0.0,0.0
271.0,4,pa_8_rev,NEG_E7,25.0,5,125.0,5,100.0,66.67,2,2,0,1,255.0,11,4,25.0,53,25.0,0.88,1.0
272.0,4,pa_2,E0,20.0,4,80.0,4,100.0,66.67,2,2,0,1,255.0,11,4,25.0,53,20.0,0.86,1.0
272.0,4,pa_2_rev,NEG_E0,20.0,4,0.0,0,0.0,0.0,0,0,4,3,255.0,11,4,25.0,53,0.0,0.0,0.0
272.0,4,pa_3,E1,20.0,4,0.0,0,0.0,0.0,0,0,4,3,255.0,11,4,25.0,53,0.0,0.0,0.0
272.0,4,pa_3_rev,NEG_E1,20.0,4,0.0,0,0.0,0.0,0,0,4,3,255.0,11,4,25.0,53,0.0,0.0,0.0
272.0,4,pa_6,E5,25.0,5,50.0,2,40.0,0.0,0,0,3,3,255.0,11,4,25.0,53,25.0,0.25,0.4
272.0,4,pa_6_rev,NEG_E5,25.0,5,0.0,0,0.0,0.0,0,0,5,3,255.0,11,4,25.0,53,0.0,0.0,0.0
272.0,4,pa_7,E6,20.0,4,0.0,0,0.0,0.0,0,0,4,2,255.0,11,4,25.0,53,0.0,0.0,0.0
272.0,4,pa_7_rev,NEG_E6,20.0,4,0.0,0,0.0,0.0,0,0,4,2,255.0,11,4,25.0,53,0.0,0.0,0.0
272.0,4,pa_8,E7,25.0,5,0.0,0,0.0,0.0,0,0,5,3,255.0,11,4,25.0,53,0.0,0.0,0.0
272.0,4,pa_8_rev,NEG_E7,25.0,5,125.0,5,100.0,66.67,2,2,0,1,255.0,11,4,25.0,53,25.0,0.88,1.0
273.0,4,pa_2,E0,20.0,4,80.0,4,100.0,66.67,2,2,0,1,255.0,11,4,25.0,53,20.0,0.86,1.0
273.0,4,pa_2_rev,NEG_E0,20.0,4,0.0,0,0.0,0.0,0,0,4,3,255.0,11,4,25.0,53,0.0,0.0,0.0
273.0,4,pa_3,E1,20.0,4,0.0,0,0.0,0.0,0,0,4,3,255.0,11,4,25.0,53,0.0,0.0,0.0
273.0,4,pa_3_rev,NEG_E1,20.0,4,0.0,0,0.0,0.0,0,0,4,3,255.0,11,4,25.0,53,0.0,0.0,0.0
273.0,4,pa_6,E5,25.0,5,50.0,2,40.0,0.0,0,0,3,3,255.0,11,4,25.0,53,25.0,0.25,0.4
273.0,4,pa_6_rev,NEG_E5,25.0,5,0.0,0,0.0,0.0,0,0,5,3,255.0,11,4,25.0,53,0.0,0.0,0.0
273.0,4,pa_7,E6,20.0,4,0.0,0,0.0,0.0,0,0,4,2,255.0,11,4,25.0,53,0.0,0.0,0.0
273.0,4,pa_7_rev,NEG_E6,20.0,4,0.0,0,0.0,0.0,0,0,4,2,255.0,11,4,25.0,53,0.0,0.0,0.0
273.0,4,pa_8,E7,25.0,5,0.0,0,0.0,0.0,0,0,5,3,255.0,11,4,25.0,53,0.0,0.0,0.0
273.0,4,pa_8_rev,NEG_E7,25.0,5,125.0,5,100.0,66.67,2,2,0,1,255.0,11,4,25.0,53,25.0,0.88,1.0
274.0,4,pa_2,E0,20.0,4,80.0,4,100.0,66.67,2,2,0,1,255.0,11,4,25.0,53,20.0,0.86,1.0
274.0,4,pa_2_rev,NEG_E0,20.0,4,0.0,0,0.0,0.0,0,0,4,3,255.0,11,4,25.0,53,0.0,0.0,0.0
274.0,4,pa_3,E1,20.0,4,0.0,0,0.0,0.0,0,0,4,3,255.0,11,4,25.0,53,0.0,0.0,0.0
274.0,4,pa_3_rev,NEG_E1,20.0,4,0.0,0,0.0,0.0,0,0,4,3,255.0,11,4,25.0,53,0.0,0.0,0.0
274.0,4,pa_6,E5,25.0,5,50.0,2,40.0,0.0,0,0,3,3,255.0,11,4,25.0,53,25.0,0.25,0.4
274.0,4,pa_6_rev,NEG_E5,25.0,5,0.0,0,0.0,0.0,0,0,5,3,255.0,11,4,25.0,53,0.0,0.0,0.0
274.0,4,pa_7,E6,20.0,4,0.0,0,0.0,0.0,0,0,4,2,255.0,11,4,25.0,53,0.0,0.0,0.0
274.0,4,pa_7_rev,NEG_E6,20.0,4,0.0,0,0.0,0.0,0,0,4,2,255.0,11,4,25.0,53,0.0,0.0,0.0
274.0,4,pa_8,E7,25.0,5,0.0,0,0.0,0.0,0,0,5,3,255.0,11,4,25.0,53,0.0,0.0,0.0
274.0,4,pa_8_rev,NEG_E7,25.0,5,125.0,5,100.0,66.67,2,2,0,1,255.0,11,4,25.0,53,25.0,0.88,1.0
275.0,4,pa_2,E0,20.0,4,80.0,4,100.0,66.67,2,2,0,1,255.0,11,4,25.0,53,20.0,0.86,1.0
275.0,4,pa_2_rev,NEG_E0,20.0,4,0.0,0,0.0,0.0,0,0,4,3,255.0,11,4,25.0,53,0.0,0.0,0.0
275.0,4,pa_3,E1,20.0,4,0.0,0,0.0,0.0,0,0,4,3,255.0,11,4,25.0,53,0.0,0.0,0.0
275.0,4,pa_3_rev,NEG_E1,20.0,4,0.0,0,0.0,0.0,0,0,4,3,255.0,11,4,25.0,53,0.0,0.0,0.0
275.0,4,pa_6,E5,25.0,5,50.0,2,40.0,0.0,0,0,3,3,255.0,11,4,25.0,53,25.0,0.25,0.4
275.0,4,pa_6_rev,NEG_E5,25.0,5,0.0,0,0.0,0.0,0,0,5,3,255.0,11,4,25.0,53,0.0,0.0,0.0
275.0,4,pa_7,E6,20.0,4,0.0,0,0.0,0.0,0,0,4,2,255.0,11,4,25.0,53,0.0,0.0,0.0
275.0,4,pa_7_rev,NEG_E6,20.0,4,0.0,0,0.0,0.0,0,0,4,2,255.0,11,4,25.0,53,0.0,0.0,0.0
275.0,4,pa_8,E7,25.0,5,0.0,0,0.0,0.0,0,0,5,3,255.0,11,4,25.0,53,0.0,0.0,0.0
275.0,4,pa_8_rev,NEG_E7,25.0,5,125.0,5,100.0,66.67,2,2,0,1,255.0,11,4,25.0,53,25.0,0.88,1.0
276.0,4,pa_2,E0,20.0,4,80.0,4,100.0,66.67,2,2,0,1,255.0,11,4,25.0,53,20.0,0.86,1.0
276.0,4,pa_2_rev,NEG_E0,20.0,4,0.0,0,0.0,0.0,0,0,4,3,255.0,11,4,25.0,53,0.0,0.0,0.0
276.0,4,pa_3,E1,20.0,4,0.0,0,0.0,0.0,0,0,4,3,255.0,11,4,25.0,53,0.0,0.0,0.0
276.0,4,pa_3_rev,NEG_E1,20.0,4,0.0,0,0.0,0.0,0,0,4,3,255.0,11,4,25.0,53,0.0,0.0,0.0
276.0,4,pa_6,E5,25.0,5,50.0,2,40.0,0.0,0,0,3,3,255.0,11,4,25.0,53,25.0,0.25,0.4
276.0,4,pa_6_rev,NEG_E5,25.0,5,0.0,0,0.0,0.0,0,0,5,3,255.0,11,4,25.0,53,0.0,0.0,0.0
276.0,4,pa_7,E6,20.0,4,0.0,0,0.0,0.0,0,0,4,2,255.0,11,4,25.0,53,0.0,0.0,0.0
276.0,4,pa_7_rev,NEG_E6,20.0,4,0.0,0,0.0,0.0,0,0,4,2,255.0,11,4,25.0,53,0.0,0.0,0.0
276.0,4,pa_8,E7,25.0,5,0.0,0,0.0,0.0,0,0,5,3,255.0,11,4,25.0,53,0.0,0.0,0.0
276.0,4,pa_8_rev,NEG_E7,25.0,5,125.0,5,100.0,66.67,2,2,0,1,255.0,11,4,25.0,53,25.0,0.88,1.0
277.0,4,pa_2,E0,20.0,4,80.0,4,100.0,66.67,2,2,0,1,255.0,11,4,25.0,53,20.0,0.86,1.0
277.0,4,pa_2_rev,NEG_E0,20.0,4,0.0,0,0.0,0.0,0,0,4,3,255.0,11,4,25.0,53,0.0,0.0,0.0
277.0,4,pa_3,E1,20.0,4,0.0,0,0.0,0.0,0,0,4,3,255.0,11,4,25.0,53,0.0,0.0,0.0
277.0,4,pa_3_rev,NEG_E1,20.0,4,0.0,0,0.0,0.0,0,0,4,3,255.0,11,4,25.0,53,0.0,0.0,0.0
277.0,4,pa_6,E5,25.0,5,50.0,2,40.0,0.0,0,0,3,3,255.0,11,4,25.0,53,25.0,0.25,0.4
277.0,4,pa_6_rev,NEG_E5,25.0,5,0.0,0,0.0,0.0,0,0,5,3,255.0,11,4,25.0,53,0.0,0.0,0.0
277.0,4,pa_7,E6,20.0,4,0.0,0,0.0,0.0,0,0,4,2,255.0,11,4,25.0,53,0.0,0.0,0.0
277.0,4,pa_7_rev,NEG_E6,20.0,4,0.0,0,0.0,0.0,0,0,4,2,255.0,11,4,25.0,53,0.0,0.0,0.0
277.0,4,pa_8,E7,25.0,5,0.0,0,0.0,0.0,0,0,5,3,255.0,11,4,25.0,53,0.0,0.0,0.0
277.0,4,pa_8_rev,NEG_E7,25.0,5,125.0,5,100.0,66.67,2,2,0,1,255.0,11,4,25.0,53,25.0,0.88,1.0
278.0,4,pa_2,E0,20.0,4,80.0,4,100.0,66.67,2,2,0,1,255.0,11,4,25.0,55,20.0,0.86,1.0
278.0,4,pa_2_rev,NEG_E0,20.0,4,0.0,0,0.0,0.0,0,0,4,3,255.0,11,4,25.0,55,0.0,0.0,0.0
278.0,4,pa_3,E1,20.0,4,0.0,0,0.0,0.0,0,0,4,3,255.0,11,4,25.0,55,0.0,0.0,0.0
278.0,4,pa_3_rev,NEG_E1,20.0,4,0.0,0,0.0,0.0,0,0,4,3,255.0,11,4,25.0,55,0.0,0.0,0.0
278.0,4,pa_6,E5,25.0,5,50.0,2,40.0,0.0,0,0,3,3,255.0,11,4,25.0,55,25.0,0.25,0.4
278.0,4,pa_6_rev,NEG_E5,25.0,5,0.0,0,0.0,0.0,0,0,5,3,255.0,11,4,25.0,55,0.0,0.0,0.0
278.0,4,pa_7,E6,20.0,4,0.0,0,0.0,0.0,0,0,4,2,255.0,11,4,25.0,55,0.0,0.0,0.0
278.0,4,pa_7_rev,NEG_E6,20.0,4,0.0,0,0.0,0.0,0,0,4,2,255.0,11,4,25.0,55,0.0,0.0,0.0
278.0,4,pa_8,E7,25.0,5,0.0,0,0.0,0.0,0,0,5,3,255.0,11,4,25.0,55,0.0,0.0,0.0
278.0,4,pa_8_rev,NEG_E7,25.0,5,125.0,5,100.0,66.67,2,2,0,1,255.0,11,4,25.0,55,25.0,0.88,1.0
279.0,4,pa_2,E0,20.0,4,80.0,4,100.0,66.67,2,2,0,1,255.0,11,4,25.0,55,20.0,0.86,1.0
279.0,4,pa_2_rev,NEG_E0,20.0,4,0.0,0,0.0,0.0,0,0,4,3,255.0,11,4,25.0,55,0.0,0.0,0.0
279.0,4,pa_3,E1,20.0,4,0.0,0,0.0,0.0,0,0,4,3,255.0,11,4,25.0,55,0.0,0.0,0.0
279.0,4,pa_3_rev,NEG_E1,20.0,4,0.0,0,0.0,0.0,0,0,4,3,255.0,11,4,25.0,55,0.0,0.0,0.0
279.0,4,pa_6,E5,25.0,5,50.0,2,40.0,0.0,0,0,3,3,255.0,11,4,25.0,55,25.0,0.25,0.4
279.0,4,pa_6_rev,NEG_E5,25.0,5,0.0,0,0.0,0.0,0,0,5,3,255.0,11,4,25.0,55,0.0,0.0,0.0
279.0,4,pa_7,E6,20.0,4,0.0,0,0.0,0.0,0,0,4,2,255.0,11,4,25.0,55,0.0,0.0,0.0
279.0,4,pa_7_rev,NEG_E6,20.0,4,0.0,0,0.0,0.0,0,0,4,2,255.0,11,4,25.0,55,0.0,0.0,0.0
279.0,4,pa_8,E7,25.0,5,0.0,0,0.0,0.0,0,0,5,3,255.0,11,4,25.0,55,0.0,0.0,0.0
279.0,4,pa_8_rev,NEG_E7,25.0,5,125.0,5,100.0,66.67,2,2,0,1,255.0,11,4,25.0,55,25.0,0.88,1.0
280.0,4,pa_2,E0,20.0,4,80.0,4,100.0,66.67,2,2,0,1,255.0,11,4,25.0,56,20.0,0.86,1.0
280.0,4,pa_2_rev,NEG_E0,20.0,4,0.0,0,0.0,0.0,0,0,4,3,255.0,11,4,25.0,56,0.0,0.0,0.0
280.0,4,pa_3,E1,20.0,4,0.0,0,0.0,0.0,0,0,4,3,255.0,11,4,25.0,56,0.0,0.0,0.0
280.0,4,pa_3_rev,NEG_E1,20.0,4,0.0,0,0.0,0.0,0,0,4,3,255.0,11,4,25.0,56,0.0,0.0,0.0
280.0,4,pa_6,E5,25.0,5,50.0,2,40.0,0.0,0,0,3,3,255.0,11,4,25.0,56,25.0,0.25,0.4
280.0,4,pa_6_rev,NEG_E5,25.0,5,0.0,0,0.0,0.0,0,0,5,3,255.0,11,4,25.0,56,0.0,0.0,0.0
280.0,4,pa_7,E6,20.0,4,0.0,0,0.0,0.0,0,0,4,2,255.0,11,4,25.0,56,0.0,0.0,0.0
280.0,4,pa_7_rev,NEG_E6,20.0,4,0.0,0,0.0,0.0,0,0,4,2,255.0,11,4,25.0,56,0.0,0.0,0.0
280.0,4,pa_8,E7,25.0,5,0.0,0,0.0,0.0,0,0,5,3,255.0,11,4,25.0,56,0.0,0.0,0.0
280.0,4,pa_8_rev,NEG_E7,25.0,5,125.0,5,100.0,66.67,2,2,0,1,255.0,11,4,25.0,56,25.0,0.88,1.0
281.0,4,pa_2,E0,20.0,4,80.0,4,100.0,66.67,2,2,0,1,255.0,11,4,25.0,56,20.0,0.86,1.0
281.0,4,pa_2_rev,NEG_E0,20.0,4,0.0,0,0.0,0.0,0,0,4,3,255.0,11,4,25.0,56,0.0,0.0,0.0
281.0,4,pa_3,E1,20.0,4,0.0,0,0.0,0.0,0,0,4,3,255.0,11,4,25.0,56,0.0,0.0,0.0
281.0,4,pa_3_rev,NEG_E1,20.0,4,0.0,0,0.0,0.0,0,0,4,3,255.0,11,4,25.0,56,0.0,0.0,0.0
281.0,4,pa_6,E5,25.0,5,50.0,2,40.0,0.0,0,0,3,3,255.0,11,4,25.0,56,25.0,0.25,0.4
281.0,4,pa_6_rev,NEG_E5,25.0,5,0.0,0,0.0,0.0,0,0,5,3,255.0,11,4,25.0,56,0.0,0.0,0.0
281.0,4,pa_7,E6,20.0,4,0.0,0,0.0,0.0,0,0,4,2,255.0,11,4,25.0,56,0.0,0.0,0.0
281.0,4,pa_7_rev,NEG_E6,20.0,4,0.0,0,0.0,0.0,0,0,4,2,255.0,11,4,25.0,56,0.0,0.0,0.0
281.0,4,pa_8,E7,25.0,5,0.0,0,0.0,0.0,0,0,5,3,255.0,11,4,25.0,56,0.0,0.0,0.0
281.0,4,pa_8_rev,NEG_E7,25.0,5,125.0,5,100.0,66.67,2,2,0,1,255.0,11,4,25.0,56,25.0,0.88,1.0
282.0,4,pa_2,E0,20.0,4,80.0,4,100.0,66.67,2,2,0,1,255.0,11,4,25.0,56,20.0,0.86,1.0
282.0,4,pa_2_rev,NEG_E0,20.0,4,0.0,0,0.0,0.0,0,0,4,3,255.0,11,4,25.0,56,0.0,0.0,0.0
282.0,4,pa_3,E1,20.0,4,0.0,0,0.0,0.0,0,0,4,3,255.0,11,4,25.0,56,0.0,0.0,0.0
282.0,4,pa_3_rev,NEG_E1,20.0,4,0.0,0,0.0,0.0,0,0,4,3,255.0,11,4,25.0,56,0.0,0.0,0.0
282.0,4,pa_6,E5,25.0,5,50.0,2,40.0,0.0,0,0,3,3,255.0,11,4,25.0,56,25.0,0.25,0.4
282.0,4,pa_6_rev,NEG_E5,25.0,5,0.0,0,0.0,0.0,0,0,5,3,255.0,11,4,25.0,56,0.0,0.0,0.0
282.0,4,pa_7,E6,20.0,4,0.0,0,0.0,0.0,0,0,4,2,255.0,11,4,25.0,56,0.0,0.0,0.0
282.0,4,pa_7_rev,NEG_E6,20.0,4,0.0,0,0.0,0.0,0,0,4,2,255.0,11,4,25.0,56,0.0,0.0,0.0
282.0,4,pa_8,E7,25.0,5,0.0,0,0.0,0.0,0,0,5,3,255.0,11,4,25.0,56,0.0,0.0,0.0
282.0,4,pa_8_rev,NEG_E7,25.0,5,125.0,5,100.0,66.67,2,2,0,1,255.0,11,4,25.0,56,25.0,0.88,1.0
283.0,4,pa_2,E0,20.0,4,80.0,4,100.0,66.67,2,2,0,1,255.0,11,4,25.0,57,20.0,0.86,1.0
283.0,4,pa_2_rev,NEG_E0,20.0,4,0.0,0,0.0,0.0,0,0,4,3,255.0,11,4,25.0,57,0.0,0.0,0.0
283.0,4,pa_3,E1,20.0,4,0.0,0,0.0,0.0,0,0,4,3,255.0,11,4,25.0,57,0.0,0.0,0.0
283.0,4,pa_3_rev,NEG_E1,20.0,4,0.0,0,0.0,0.0,0,0,4,3,255.0,11,4,25.0,57,0.0,0.0,0.0
283.0,4,pa_6,E5,25.0,5,50.0,2,40.0,0.0,0,0,3,3,255.0,11,4,25.0,57,25.0,0.25,0.4
283.0,4,pa_6_rev,NEG_E5,25.0,5,0.0,0,0.0,0.0,0,0,5,3,255.0,11,4,25.0,57,0.0,0.0,0.0
283.0,4,pa_7,E6,20.0,4,0.0,0,0.0,0.0,0,0,4,2,255.0,11,4,25.0,57,0.0,0.0,0.0
283.0,4,pa_7_rev,NEG_E6,20.0,4,0.0,0,0.0,0.0,0,0,4,2,255.0,11,4,25.0,57,0.0,0.0,0.0
283.0,4,pa_8,E7,25.0,5,0.0,0,0.0,0.0,0,0,5,3,255.0,11,4,25.0,57,0.0,0.0,0.0
283.0,4,pa_8_rev,NEG_E7,25.0,5,125.0,5,100.0,66.67,2,2,0,1,255.0,11,4,25.0,57,25.0,0.88,1.0
284.0,4,pa_2,E0,20.0,4,80.0,4,100.0,66.67,2,2,0,1,255.0,11,4,25.0,57,20.0,0.86,1.0
284.0,4,pa_2_rev,NEG_E0,20.0,4,0.0,0,0.0,0.0,0,0,4,3,255.0,11,4,25.0,57,0.0,0.0,0.0
284.0,4,pa_3,E1,20.0,4,0.0,0,0.0,0.0,0,0,4,3,255.0,11,4,25.0,57,0.0,0.0,0.0
284.0,4,pa_3_rev,NEG_E1,20.0,4,0.0,0,0.0,0.0,0,0,4,3,255.0,11,4,25.0,57,0.0,0.0,0.0
284.0,4,pa_6,E5,25.0,5,50.0,2,40.0,0.0,0,0,3,3,255.0,11,4,25.0,57,25.0,0.25,0.4
284.0,4,pa_6_rev,NEG_E5,25.0,5,0.0,0,0.0,0.0,0,0,5,3,255.0,11,4,25.0,57,0.0,0.0,0.0
284.0,4,pa_7,E6,20.0,4,0.0,0,0.0,0.0,0,0,4,2,255.0,11,4,25.0,57,0.0,0.0,0.0
284.0,4,pa_7_rev,NEG_E6,20.0,4,0.0,0,0.0,0.0,0,0,4,2,255.0,11,4,25.0,57,0.0,0.0,0.0
284.0,4,pa_8,E7,25.0,5,0.0,0,0.0,0.0,0,0,5,3,255.0,11,4,25.0,57,0.0,0.0,0.0
284.0,4,pa_8_rev,NEG_E7,25.0,5,125.0,5,100.0,66.67,2,2,0,1,255.0,11,4,25.0,57,25.0,0.88,1.0
285.0,4,pa_2,E0,20.0,4,80.0,4,100.0,66.67,2,2,0,1,255.0,11,4,25.0,57,20.0,0.86,1.0
285.0,4,pa_2_rev,NEG_E0,20.0,4,0.0,0,0.0,0.0,0,0,4,3,255.0,11,4,25.0,57,0.0,0.0,0.0
285.0,4,pa_3,E1,20.0,4,0.0,0,0.0,0.0,0,0,4,3,255.0,11,4,25.0,57,0.0,0.0,0.0
285.0,4,pa_3_rev,NEG_E1,20.0,4,0.0,0,0.0,0.0,0,0,4,3,255.0,11,4,25.0,57,0.0,0.0,0.0
285.0,4,pa_6,E5,25.0,5,50.0,2,40.0,0.0,0,0,3,3,255.0,11,4,25.0,57,25.0,0.25,0.4
285.0,4,pa_6_rev,NEG_E5,25.0,5,0.0,0,0.0,0.0,0,0,5,3,255.0,11,4,25.0,57,0.0,0.0,0.0
285.0,4,pa_7,E6,20.0,4,0.0,0,0.0,0.0,0,0,4,2,255.0,11,4,25.0,57,0.0,0.0,0.0
285.0,4,pa_7_rev,NEG_E6,20.0,4,0.0,0,0.0,0.0,0,0,4,2,255.0,11,4,25.0,57,0.0,0.0,0.0
285.0,4,pa_8,E7,25.0,5,0.0,0,0.0,0.0,0,0,5,3,255.0,11,4,25.0,57,0.0,0.0,0.0
285.0,4,pa_8_rev,NEG_E7,25.0,5,125.0,5,100.0,66.67,2,2,0,1,255.0,11,4,25.0,57,25.0,0.88,1.0
286.0,4,pa_2,E0,20.0,4,80.0,4,100.0,66.67,2,2,0,1,255.0,11,4,25.0,57,20.0,0.86,1.0
286.0,4,pa_2_rev,NEG_E0,20.0,4,0.0,0,0.0,0.0,0,0,4,3,255.0,11,4,25.0,57,0.0,0.0,0.0
286.0,4,pa_3,E1,20.0,4,0.0,0,0.0,0.0,0,0,4,3,255.0,11,4,25.0,57,0.0,0.0,0.0
286.0,4,pa_3_rev,NEG_E1,20.0,4,0.0,0,0.0,0.0,0,0,4,3,255.0,11,4,25.0,57,0.0,0.0,0.0
286.0,4,pa_6,E5,25.0,5,50.0,2,40.0,0.0,0,0,3,3,255.0,11,4,25.0,57,25.0,0.25,0.4
286.0,4,pa_6_rev,NEG_E5,25.0,5,0.0,0,0.0,0.0,0,0,5,3,255.0,11,4,25.0,57,0.0,0.0,0.0
286.0,4,pa_7,E6,20.0,4,0.0,0,0.0,0.0,0,0,4,2,255.0,11,4,25.0,57,0.0,0.0,0.0
286.0,4,pa_7_rev,NEG_E6,20.0,4,0.0,0,0.0,0.0,0,0,4,2,255.0,11,4,25.0,57,0.0,0.0,0.0
286.0,4,pa_8,E7,25.0,5,0.0,0,0.0,0.0,0,0,5,3,255.0,11,4,25.0,57,0.0,0.0,0.0
286.0,4,pa_8_rev,NEG_E7,25.0,5,125.0,5,100.0,66.67,2,2,0,1,255.0,11,4,25.0,57,25.0,0.88,1.0
287.0,4,pa_2,E0,20.0,4,80.0,4,100.0,66.67,2,2,0,1,255.0,11,4,25.0,57,20.0,0.86,1.0
287.0,4,pa_2_rev,NEG_E0,20.0,4,0.0,0,0.0,0.0,0,0,4,3,255.0,11,4,25.0,57,0.0,0.0,0.0
287.0,4,pa_3,E1,20.0,4,0.0,0,0.0,0.0,0,0,4,3,255.0,11,4,25.0,57,0.0,0.0,0.0
287.0,4,pa_3_rev,NEG_E1,20.0,4,0.0,0,0.0,0.0,0,0,4,3,255.0,11,4,25.0,57,0.0,0.0,0.0
287.0,4,pa_6,E5,25.0,5,50.0,2,40.0,0.0,0,0,3,3,255.0,11,4,25.0,57,25.0,0.25,0.4
287.0,4,pa_6_rev,NEG_E5,25.0,5,0.0,0,0.0,0.0,0,0,5,3,255.0,11,4,25.0,57,0.0,0.0,0.0
287.0,4,pa_7,E6,20.0,4,0.0,0,0.0,0.0,0,0,4,2,255.0,11,4,25.0,57,0.0,0.0,0.0
287.0,4,pa_7_rev,NEG_E6,20.0,4,0.0,0,0.0,0.0,0,0,4,2,255.0,11,4,25.0,57,0.0,0.0,0.0
287.0,4,pa_8,E7,25.0,5,0.0,0,0.0,0.0,0,0,5,3,255.0,11,4,25.0,57,0.0,0.0,0.0
287.0,4,pa_8_rev,NEG_E7,25.0,5,125.0,5,100.0,66.67,2,2,0,1,255.0,11,4,25.0,57,25.0,0.88,1.0
288.0,4,pa_2,E0,20.0,4,80.0,4,100.0,66.67,2,2,0,1,255.0,11,4,25.0,57,20.0,0.86,1.0
288.0,4,pa_2_rev,NEG_E0,20.0,4,0.0,0,0.0,0.0,0,0,4,3,255.0,11,4,25.0,57,0.0,0.0,0.0
288.0,4,pa_3,E1,20.0,4,0.0,0,0.0,0.0,0,0,4,3,255.0,11,4,25.0,57,0.0,0.0,0.0
288.0,4,pa_3_rev,NEG_E1,20.0,4,0.0,0,0.0,0.0,0,0,4,3,255.0,11,4,25.0,57,0.0,0.0,0.0
288.0,4,pa_6,E5,25.0,5,50.0,2,40.0,0.0,0,0,3,3,255.0,11,4,25.0,57,25.0,0.25,0.4
288.0,4,pa_6_rev,NEG_E5,25.0,5,0.0,0,0.0,0.0,0,0,5,3,255.0,11,4,25.0,57,0.0,0.0,0.0
288.0,4,pa_7,E6,20.0,4,0.0,0,0.0,0.0,0,0,4,2,255.0,11,4,25.0,57,0.0,0.0,0.0
288.0,4,pa_7_rev,NEG_E6,20.0,4,0.0,0,0.0,0.0,0,0,4,2,255.0,11,4,25.0,57,0.0,0.0,0.0
288.0,4,pa_8,E7,25.0,5,0.0,0,0.0,0.0,0,0,5,3,255.0,11,4,25.0,57,0.0,0.0,0.0
288.0,4,pa_8_rev,NEG_E7,25.0,5,125.0,5,100.0,66.67,2,2,0,1,255.0,11,4,25.0,57,25.0,0.88,1.0
289.0,4,pa_2,E0,20.0,4,80.0,4,100.0,66.67,2,2,0,1,255.0,11,4,25.0,57,20.0,0.86,1.0
289.0,4,pa_2_rev,NEG_E0,20.0,4,0.0,0,0.0,0.0,0,0,4,3,255.0,11,4,25.0,57,0.0,0.0,0.0
289.0,4,pa_3,E1,20.0,4,0.0,0,0.0,0.0,0,0,4,3,255.0,11,4,25.0,57,0.0,0.0,0.0
289.0,4,pa_3_rev,NEG_E1,20.0,4,0.0,0,0.0,0.0,0,0,4,3,255.0,11,4,25.0,57,0.0,0.0,0.0
289.0,4,pa_6,E5,25.0,5,50.0,2,40.0,0.0,0,0,3,3,255.0,11,4,25.0,57,25.0,0.25,0.4
289.0,4,pa_6_rev,NEG_E5,25.0,5,0.0,0,0.0,0.0,0,0,5,3,255.0,11,4,25.0,57,0.0,0.0,0.0
289.0,4,pa_7,E6,20.0,4,0.0,0,0.0,0.0,0,0,4,2,255.0,11,4,25.0,57,0.0,0.0,0.0
289.0,4,pa_7_rev,NEG_E6,20.0,4,0.0,0,0.0,0.0,0,0,4,2,255.0,11,4,25.0,57,0.0,0.0,0.0
289.0,4,pa_8,E7,25.0,5,0.0,0,0.0,0.0,0,0,5,3,255.0,11,4,25.0,57,0.0,0.0,0.0
289.0,4,pa_8_rev,NEG_E7,25.0,5,125.0,5,100.0,66.67,2,2,0,1,255.0,11,4,25.0,57,25.0,0.88,1.0
290.0,4,pa_2,E0,20.0,4,80.0,4,100.0,66.67,2,2,0,1,255.0,11,4,25.0,57,20.0,0.86,1.0
290.0,4,pa_2_rev,NEG_E0,20.0,4,0.0,0,0.0,0.0,0,0,4,3,255.0,11,4,25.0,57,0.0,0.0,0.0
290.0,4,pa_3,E1,20.0,4,0.0,0,0.0,0.0,0,0,4,3,255.0,11,4,25.0,57,0.0,0.0,0.0
290.0,4,pa_3_rev,NEG_E1,20.0,4,0.0,0,0.0,0.0,0,0,4,3,255.0,11,4,25.0,57,0.0,0.0,0.0
290.0,4,pa_6,E5,25.0,5,50.0,2,40.0,0.0,0,0,3,3,255.0,11,4,25.0,57,25.0,0.25,0.4
290.0,4,pa_6_rev,NEG_E5,25.0,5,0.0,0,0.0,0.0,0,0,5,3,255.0,11,4,25.0,57,0.0,0.0,0.0
290.0,4,pa_7,E6,20.0,4,0.0,0,0.0,0.0,0,0,4,2,255.0,11,4,25.0,57,0.0,0.0,0.0
290.0,4,pa_7_rev,NEG_E6,20.0,4,0.0,0,0.0,0.0,0,0,4,2,255.0,11,4,25.0,57,0.0,0.0,0.0
290.0,4,pa_8,E7,25.0,5,0.0,0,0.0,0.0,0,0,5,3,255.0,11,4,25.0,57,0.0,0.0,0.0
290.0,4,pa_8_rev,NEG_E7,25.0,5,125.0,5,100.0,66.67,2,2,0,1,255.0,11,4,25.0,57,25.0,0.88,1.0
291.0,4,pa_2,E0,20.0,4,80.0,4,100.0,66.67,2,2,0,1,255.0,11,4,25.0,57,20.0,0.86,1.0
291.0,4,pa_2_rev,NEG_E0,20.0,4,0.0,0,0.0,0.0,0,0,4,3,255.0,11,4,25.0,57,0.0,0.0,0.0
291.0,4,pa_3,E1,20.0,4,0.0,0,0.0,0.0,0,0,4,3,255.0,11,4,25.0,57,0.0,0.0,0.0
291.0,4,pa_3_rev,NEG_E1,20.0,4,0.0,0,0.0,0.0,0,0,4,3,255.0,11,4,25.0,57,0.0,0.0,0.0
291.0,4,pa_6,E5,25.0,5,50.0,2,40.0,0.0,0,0,3,3,255.0,11,4,25.0,57,25.0,0.25,0.4
291.0,4,pa_6_rev,NEG_E5,25.0,5,0.0,0,0.0,0.0,0,0,5,3,255.0,11,4,25.0,57,0.0,0.0,0.0
291.0,4,pa_7,E6,20.0,4,0.0,0,0.0,0.0,0,0,4,2,255.0,11,4,25.0,57,0.0,0.0,0.0
291.0,4,pa_7_rev,NEG_E6,20.0,4,0.0,0,0.0,0.0,0,0,4,2,255.0,11,4,25.0,57,0.0,0.0,0.0
291.0,4,pa_8,E7,25.0,5,0.0,0,0.0,0.0,0,0,5,3,255.0,11,4,25.0,57,0.0,0.0,0.0
291.0,4,pa_8_rev,NEG_E7,25.0,5,125.0,5,100.0,66.67,2,2,0,1,255.0,11,4,25.0,57,25.0,0.88,1.0
292.0,4,pa_2,E0,20.0,4,80.0,4,100.0,66.67,2,2,0,1,255.0,11,4,25.0,57,20.0,0.86,1.0
292.0,4,pa_2_rev,NEG_E0,20.0,4,0.0,0,0.0,0.0,0,0,4,3,255.0,11,4,25.0,57,0.0,0.0,0.0
292.0,4,pa_3,E1,20.0,4,0.0,0,0.0,0.0,0,0,4,3,255.0,11,4,25.0,57,0.0,0.0,0.0
292.0,4,pa_3_rev,NEG_E1,20.0,4,0.0,0,0.0,0.0,0,0,4,3,255.0,11,4,25.0,57,0.0,0.0,0.0
292.0,4,pa_6,E5,25.0,5,50.0,2,40.0,0.0,0,0,3,3,255.0,11,4,25.0,57,25.0,0.25,0.4
292.0,4,pa_6_rev,NEG_E5,25.0,5,0.0,0,0.0,0.0,0,0,5,3,255.0,11,4,25.0,57,0.0,0.0,0.0
292.0,4,pa_7,E6,20.0,4,0.0,0,0.0,0.0,0,0,4,2,255.0,11,4,25.0,57,0.0,0.0,0.0
292.0,4,pa_7_rev,NEG_E6,20.0,4,0.0,0,0.0,0.0,0,0,4,2,255.0,11,4,25.0,57,0.0,0.0,0.0
292.0,4,pa_8,E7,25.0,5,0.0,0,0.0,0.0,0,0,5,3,255.0,11,4,25.0,57,0.0,0.0,0.0
292.0,4,pa_8_rev,NEG_E7,25.0,5,125.0,5,100.0,66.67,2,2,0,1,255.0,11,4,25.0,57,25.0,0.88,1.0
293.0,4,pa_2,E0,20.0,4,80.0,4,100.0,66.67,2,2,0,1,255.0,11,4,25.0,57,20.0,0.86,1.0
293.0,4,pa_2_rev,NEG_E0,20.0,4,0.0,0,0.0,0.0,0,0,4,3,255.0,11,4,25.0,57,0.0,0.0,0.0
293.0,4,pa_3,E1,20.0,4,0.0,0,0.0,0.0,0,0,4,3,255.0,11,4,25.0,57,0.0,0.0,0.0
293.0,4,pa_3_rev,NEG_E1,20.0,4,0.0,0,0.0,0.0,0,0,4,3,255.0,11,4,25.0,57,0.0,0.0,0.0
293.0,4,pa_6,E5,25.0,5,50.0,2,40.0,0.0,0,0,3,3,255.0,11,4,25.0,57,25.0,0.25,0.4
293.0,4,pa_6_rev,NEG_E5,25.0,5,0.0,0,0.0,0.0,0,0,5,3,255.0,11,4,25.0,57,0.0,0.0,0.0
293.0,4,pa_7,E6,20.0,4,0.0,0,0.0,0.0,0,0,4,2,255.0,11,4,25.0,57,0.0,0.0,0.0
293.0,4,pa_7_rev,NEG_E6,20.0,4,0.0,0,0.0,0.0,0,0,4,2,255.0,11,4,25.0,57,0.0,0.0,0.0
293.0,4,pa_8,E7,25.0,5,0.0,0,0.0,0.0,0,0,5,3,255.0,11,4,25.0,57,0.0,0.0,0.0
293.0,4,pa_8_rev,NEG_E7,25.0,5,125.0,5,100.0,66.67,2,2,0,1,255.0,11,4,25.0,57,25.0,0.88,1.0
294.0,4,pa_2,E0,20.0,4,80.0,4,100.0,66.67,2,2,0,1,255.0,11,4,25.0,57,20.0,0.86,1.0
294.0,4,pa_2_rev,NEG_E0,20.0,4,0.0,0,0.0,0.0,0,0,4,3,255.0,11,4,25.0,57,0.0,0.0,0.0
294.0,4,pa_3,E1,20.0,4,0.0,0,0.0,0.0,0,0,4,3,255.0,11,4,25.0,57,0.0,0.0,0.0
294.0,4,pa_3_rev,NEG_E1,20.0,4,0.0,0,0.0,0.0,0,0,4,3,255.0,11,4,25.0,57,0.0,0.0,0.0
294.0,4,pa_6,E5,25.0,5,50.0,2,40.0,0.0,0,0,3,3,255.0,11,4,25.0,57,25.0,0.25,0.4
294.0,4,pa_6_rev,NEG_E5,25.0,5,0.0,0,0.0,0.0,0,0,5,3,255.0,11,4,25.0,57,0.0,0.0,0.0
294.0,4,pa_7,E6,20.0,4,0.0,0,0.0,0.0,0,0,4,2,255.0,11,4,25.0,57,0.0,0.0,0.0
294.0,4,pa_7_rev,NEG_E6,20.0,4,0.0,0,0.0,0.0,0,0,4,2,255.0,11,4,25.0,57,0.0,0.0,0.0
294.0,4,pa_8,E7,25.0,5,0.0,0,0.0,0.0,0,0,5,3,255.0,11,4,25.0,57,0.0,0.0,0.0
294.0,4,pa_8_rev,NEG_E7,25.0,5,125.0,5,100.0,66.67,2,2,0,1,255.0,11,4,25.0,57,25.0,0.88,1.0
295.0,4,pa_2,E0,20.0,4,80.0,4,100.0,66.67,2,2,0,1,255.0,11,4,25.0,57,20.0,0.86,1.0
295.0,4,pa_2_rev,NEG_E0,20.0,4,0.0,0,0.0,0.0,0,0,4,3,255.0,11,4,25.0,57,0.0,0.0,0.0
295.0,4,pa_3,E1,20.0,4,0.0,0,0.0,0.0,0,0,4,3,255.0,11,4,25.0,57,0.0,0.0,0.0
295.0,4,pa_3_rev,NEG_E1,20.0,4,0.0,0,0.0,0.0,0,0,4,3,255.0,11,4,25.0,57,0.0,0.0,0.0
295.0,4,pa_6,E5,25.0,5,50.0,2,40.0,0.0,0,0,3,3,255.0,11,4,25.0,57,25.0,0.25,0.4
295.0,4,pa_6_rev,NEG_E5,25.0,5,0.0,0,0.0,0.0,0,0,5,3,255.0,11,4,25.0,57,0.0,0.0,0.0
295.0,4,pa_7,E6,20.0,4,0.0,0,0.0,0.0,0,0,4,2,255.0,11,4,25.0,57,0.0,0.0,0.0
295.0,4,pa_7_rev,NEG_E6,20.0,4,0.0,0,0.0,0.0,0,0,4,2,255.0,11,4,25.0,57,0.0,0.0,0.0
295.0,4,pa_8,E7,25.0,5,0.0,0,0.0,0.0,0,0,5,3,255.0,11,4,25.0,57,0.0,0.0,0.0
295.0,4,pa_8_rev,NEG_E7,25.0,5,125.0,5,100.0,66.67,2,2,0,1,255.0,11,4,25.0,57,25.0,0.88,1.0
296.0,4,pa_2,E0,20.0,4,80.0,4,100.0,66.67,2,2,0,1,255.0,11,4,25.0,57,20.0,0.86,1.0
296.0,4,pa_2_rev,NEG_E0,20.0,4,0.0,0,0.0,0.0,0,0,4,3,255.0,11,4,25.0,57,0.0,0.0,0.0
296.0,4,pa_3,E1,20.0,4,0.0,0,0.0,0.0,0,0,4,3,255.0,11,4,25.0,57,0.0,0.0,0.0
296.0,4,pa_3_rev,NEG_E1,20.0,4,0.0,0,0.0,0.0,0,0,4,3,255.0,11,4,25.0,57,0.0,0.0,0.0
296.0,4,pa_6,E5,25.0,5,50.0,2,40.0,0.0,0,0,3,3,255.0,11,4,25.0,57,25.0,0.25,0.4
296.0,4,pa_6_rev,NEG_E5,25.0,5,0.0,0,0.0,0.0,0,0,5,3,255.0,11,4,25.0,57,0.0,0.0,0.0
296.0,4,pa_7,E6,20.0,4,0.0,0,0.0,0.0,0,0,4,2,255.0,11,4,25.0,57,0.0,0.0,0.0
296.0,4,pa_7_rev,NEG_E6,20.0,4,0.0,0,0.0,0.0,0,0,4,2,255.0,11,4,25.0,57,0.0,0.0,0.0
296.0,4,pa_8,E7,25.0,5,0.0,0,0.0,0.0,0,0,5,3,255.0,11,4,25.0,57,0.0,0.0,0.0
296.0,4,pa_8_rev,NEG_E7,25.0,5,125.0,5,100.0,66.67,2,2,0,1,255.0,11,4,25.0,57,25.0,0.88,1.0
297.0,4,pa_2,E0,20.0,4,80.0,4,100.0,66.67,2,2,0,1,255.0,11,4,25.0,57,20.0,0.86,1.0
297.0,4,pa_2_rev,NEG_E0,20.0,4,0.0,0,0.0,0.0,0,0,4,3,255.0,11,4,25.0,57,0.0,0.0,0.0
297.0,4,pa_3,E1,20.0,4,0.0,0,0.0,0.0,0,0,4,3,255.0,11,4,25.0,57,0.0,0.0,0.0
297.0,4,pa_3_rev,NEG_E1,20.0,4,0.0,0,0.0,0.0,0,0,4,3,255.0,11,4,25.0,57,0.0,0.0,0.0
297.0,4,pa_6,E5,25.0,5,50.0,2,40.0,0.0,0,0,3,3,255.0,11,4,25.0,57,25.0,0.25,0.4
297.0,4,pa_6_rev,NEG_E5,25.0,5,0.0,0,0.0,0.0,0,0,5,3,255.0,11,4,25.0,57,0.0,0.0,0.0
297.0,4,pa_7,E6,20.0,4,0.0,0,0.0,0.0,0,0,4,2,255.0,11,4,25.0,57,0.0,0.0,0.0
297.0,4,pa_7_rev,NEG_E6,20.0,4,0.0,0,0.0,0.0,0,0,4,2,255.0,11,4,25.0,57,0.0,0.0,0.0
297.0,4,pa_8,E7,25.0,5,0.0,0,0.0,0.0,0,0,5,3,255.0,11,4,25.0,57,0.0,0.0,0.0
297.0,4,pa_8_rev,NEG_E7,25.0,5,125.0,5,100.0,66.67,2,2,0,1,255.0,11,4,25.0,57,25.0,0.88,1.0
298.0,4,pa_2,E0,20.0,4,80.0,4,100.0,66.67,2,2,0,1,255.0,11,4,25.0,57,20.0,0.86,1.0
298.0,4,pa_2_rev,NEG_E0,20.0,4,0.0,0,0.0,0.0,0,0,4,3,255.0,11,4,25.0,57,0.0,0.0,0.0
298.0,4,pa_3,E1,20.0,4,0.0,0,0.0,0.0,0,0,4,3,255.0,11,4,25.0,57,0.0,0.0,0.0
298.0,4,pa_3_rev,NEG_E1,20.0,4,0.0,0,0.0,0.0,0,0,4,3,255.0,11,4,25.0,57,0.0,0.0,0.0
298.0,4,pa_6,E5,25.0,5,50.0,2,40.0,0.0,0,0,3,3,255.0,11,4,25.0,57,25.0,0.25,0.4
298.0,4,pa_6_rev,NEG_E5,25.0,5,0.0,0,0.0,0.0,0,0,5,3,255.0,11,4,25.0,57,0.0,0.0,0.0
298.0,4,pa_7,E6,20.0,4,0.0,0,0.0,0.0,0,0,4,2,255.0,11,4,25.0,57,0.0,0.0,0.0
298.0,4,pa_7_rev,NEG_E6,20.0,4,0.0,0,0.0,0.0,0,0,4,2,255.0,11,4,25.0,57,0.0,0.0,0.0
298.0,4,pa_8,E7,25.0,5,0.0,0,0.0,0.0,0,0,5,3,255.0,11,4,25.0,57,0.0,0.0,0.0
298.0,4,pa_8_rev,NEG_E7,25.0,5,125.0,5,100.0,66.67,2,2,0,1,255.0,11,4,25.0,57,25.0,0.88,1.0
299.0,4,pa_2,E0,20.0,4,80.0,4,100.0,66.67,2,2,0,1,255.0,11,4,25.0,57,20.0,0.86,1.0
299.0,4,pa_2_rev,NEG_E0,20.0,4,0.0,0,0.0,0.0,0,0,4,3,255.0,11,4,25.0,57,0.0,0.0,0.0
299.0,4,pa_3,E1,20.0,4,0.0,0,0.0,0.0,0,0,4,3,255.0,11,4,25.0,57,0.0,0.0,0.0
299.0,4,pa_3_rev,NEG_E1,20.0,4,0.0,0,0.0,0.0,0,0,4,3,255.0,11,4,25.0,57,0.0,0.0,0.0
299.0,4,pa_6,E5,25.0,5,50.0,2,40.0,0.0,0,0,3,3,255.0,11,4,25.0,57,25.0,0.25,0.4
299.0,4,pa_6_rev,NEG_E5,25.0,5,0.0,0,0.0,0.0,0,0,5,3,255.0,11,4,25.0,57,0.0,0.0,0.0
299.0,4,pa_7,E6,20.0,4,0.0,0,0.0,0.0,0,0,4,2,255.0,11,4,25.0,57,0.0,0.0,0.0
299.0,4,pa_7_rev,NEG_E6,20.0,4,0.0,0,0.0,0.0,0,0,4,2,255.0,11,4,25.0,57,0.0,0.0,0.0
299.0,4,pa_8,E7,25.0,5,0.0,0,0.0,0.0,0,0,5,3,255.0,11,4,25.0,57,0.0,0.0,0.0
299.0,4,pa_8_rev,NEG_E7,25.0,5,125.0,5,100.0,66.67,2,2,0,1,255.0,11,4,25.0,57,25.0,0.88,1.0
300.0,5,pa_2,E0,20.0,4,80.0,4,100.0,66.67,2,2,0,1,275.0,12,4,27.27,57,20.0,0.86,1.0
300.0,5,pa_2_rev,NEG_E0,20.0,4,0.0,0,0.0,0.0,0,0,4,3,275.0,12,4,27.27,57,0.0,0.0,0.0
300.0,5,pa_3,E1,20.0,4,0.0,0,0.0,0.0,0,0,4,3,275.0,12,4,27.27,57,0.0,0.0,0.0
300.0,5,pa_3_rev,NEG_E1,20.0,4,20.0,1,25.0,0.0,0,0,3,3,275.0,12,4,27.27,57,20.0,0.14,0.25
300.0,5,pa_6,E5,25.0,5,50.0,2,40.0,0.0,0,0,3,3,275.0,12,4,27.27,57,25.0,0.25,0.4
300.0,5,pa_6_rev,NEG_E5,25.0,5,0.0,0,0.0,0.0,0,0,5,3,275.0,12,4,27.27,57,0.0,0.0,0.0
300.0,5,pa_7,E6,20.0,4,0.0,0,0.0,0.0,0,0,4,2,275.0,12,4,27.27,57,0.0,0.0,0.0
300.0,5,pa_7_rev,NEG_E6,20.0,4,0.0,0,0.0,0.0,0,0,4,2,275.0,12,4,27.27,57,0.0,0.0,0.0
300.0,5,pa_8,E7,25.0,5,0.0,0,0.0,0.0,0,0,5,3,275.0,12,4,27.27,57,0.0,0.0,0.0
300.0,5,pa_8_rev,NEG_E7,25.0,5,125.0,5,100.0,66.67,2,2,0,1,275.0,12,4,27.27,57,25.0,0.88,1.0
301.0,5,pa_2,E0,20.0,4,80.0,4,100.0,66.67,2,2,0,1,275.0,12,4,27.27,60,20.0,0.86,1.0
301.0,5,pa_2_rev,NEG_E0,20.0,4,0.0,0,0.0,0.0,0,0,4,3,275.0,12,4,27.27,60,0.0,0.0,0.0
301.0,5,pa_3,E1,20.0,4,0.0,0,0.0,0.0,0,0,4,3,275.0,12,4,27.27,60,0.0,0.0,0.0
301.0,5,pa_3_rev,NEG_E1,20.0,4,20.0,1,25.0,0.0,0,0,3,3,275.0,12,4,27.27,60,20.0,0.14,0.25
301.0,5,pa_6,E5,25.0,5,50.0,2,40.0,0.0,0,0,3,3,275.0,12,4,27.27,60,25.0,0.25,0.4
301.0,5,pa_6_rev,NEG_E5,25.0,5,0.0,0,0.0,0.0,0,0,5,3,275.0,12,4,27.27,60,0.0,0.0,0.0
301.0,5,pa_7,E6,20.0,4,0.0,0,0.0,0.0,0,0,4,2,275.0,12,4,27.27,60,0.0,0.0,0.0
301.0,5,pa_7_rev,NEG_E6,20.0,4,0.0,0,0.0,0.0,0,0,4,2,275.0,12,4,27.27,60,0.0,0.0,0.0
301.0,5,pa_8,E7,25.0,5,0.0,0,0.0,0.0,0,0,5,3,275.0,12,4,27.27,60,0.0,0.0,0.0
301.0,5,pa_8_rev,NEG_E7,25.0,5,125.0,5,100.0,66.67,2,2,0,1,275.0,12,4,27.27,60,25.0,0.88,1.0
302.0,5,pa_2,E0,20.0,4,80.0,4,100.0,66.67,2,2,0,1,275.0,12,4,27.27,60,20.0,0.86,1.0
302.0,5,pa_2_rev,NEG_E0,20.0,4,0.0,0,0.0,0.0,0,0,4,3,275.0,12,4,27.27,60,0.0,0.0,0.0
302.0,5,pa_3,E1,20.0,4,0.0,0,0.0,0.0,0,0,4,3,275.0,12,4,27.27,60,0.0,0.0,0.0
302.0,5,pa_3_rev,NEG_E1,20.0,4,20.0,1,25.0,0.0,0,0,3,3,275.0,12,4,27.27,60,20.0,0.14,0.25
302.0,5,pa_6,E5,25.0,5,50.0,2,40.0,0.0,0,0,3,3,275.0,12,4,27.27,60,25.0,0.25,0.4
302.0,5,pa_6_rev,NEG_E5,25.0,5,0.0,0,0.0,0.0,0,0,5,3,275.0,12,4,27.27,60,0.0,0.0,0.0
302.0,5,pa_7,E6,20.0,4,0.0,0,0.0,0.0,0,0,4,2,275.0,12,4,27.27,60,0.0,0.0,0.0
302.0,5,pa_7_rev,NEG_E6,20.0,4,0.0,0,0.0,0.0,0,0,4,2,275.0,12,4,27.27,60,0.0,0.0,0.0
302.0,5,pa_8,E7,25.0,5,0.0,0,0.0,0.0,0,0,5,3,275.0,12,4,27.27,60,0.0,0.0,0.0
302.0,5,pa_8_rev,NEG_E7,25.0,5,125.0,5,100.0,66.67,2,2,0,1,275.0,12,4,27.27,60,25.0,0.88,1.0
303.0,5,pa_2,E0,20.0,4,80.0,4,100.0,66.67,2,2,0,1,275.0,12,4,27.27,61,20.0,0.86,1.0
303.0,5,pa_2_rev,NEG_E0,20.0,4,0.0,0,0.0,0.0,0,0,4,3,275.0,12,4,27.27,61,0.0,0.0,0.0
303.0,5,pa_3,E1,20.0,4,0.0,0,0.0,0.0,0,0,4,3,275.0,12,4,27.27,61,0.0,0.0,0.0
303.0,5,pa_3_rev,NEG_E1,20.0,4,20.0,1,25.0,0.0,0,0,3,3,275.0,12,4,27.27,61,20.0,0.14,0.25
303.0,5,pa_6,E5,25.0,5,50.0,2,40.0,0.0,0,0,3,3,275.0,12,4,27.27,61,25.0,0.25,0.4
303.0,5,pa_6_rev,NEG_E5,25.0,5,0.0,0,0.0,0.0,0,0,5,3,275.0,12,4,27.27,61,0.0,0.0,0.0
303.0,5,pa_7,E6,20.0,4,0.0,0,0.0,0.0,0,0,4,2,275.0,12,4,27.27,61,0.0,0.0,0.0
303.0,5,pa_7_rev,NEG_E6,20.0,4,0.0,0,0.0,0.0,0,0,4,2,275.0,12,4,27.27,61,0.0,0.0,0.0
303.0,5,pa_8,E7,25.0,5,0.0,0,0.0,0.0,0,0,5,3,275.0,12,4,27.27,61,0.0,0.0,0.0
303.0,5,pa_8_rev,NEG_E7,25.0,5,125.0,5,100.0,66.67,2,2,0,1,275.0,12,4,27.27,61,25.0,0.88,1.0
304.0,5,pa_2,E0,20.0,4,80.0,4,100.0,66.67,2,2,0,1,275.0,12,4,27.27,61,20.0,0.86,1.0
304.0,5,pa_2_rev,NEG_E0,20.0,4,0.0,0,0.0,0.0,0,0,4,3,275.0,12,4,27.27,61,0.0,0.0,0.0
304.0,5,pa_3,E1,20.0,4,0.0,0,0.0,0.0,0,0,4,3,275.0,12,4,27.27,61,0.0,0.0,0.0
304.0,5,pa_3_rev,NEG_E1,20.0,4,20.0,1,25.0,0.0,0,0,3,3,275.0,12,4,27.27,61,20.0,0.14,0.25
304.0,5,pa_6,E5,25.0,5,50.0,2,40.0,0.0,0,0,3,3,275.0,12,4,27.27,61,25.0,0.25,0.4
304.0,5,pa_6_rev,NEG_E5,25.0,5,0.0,0,0.0,0.0,0,0,5,3,275.0,12,4,27.27,61,0.0,0.0,0.0
304.0,5,pa_7,E6,20.0,4,0.0,0,0.0,0.0,0,0,4,2,275.0,12,4,27.27,61,0.0,0.0,0.0
304.0,5,pa_7_rev,NEG_E6,20.0,4,0.0,0,0.0,0.0,0,0,4,2,275.0,12,4,27.27,61,0.0,0.0,0.0
304.0,5,pa_8,E7,25.0,5,0.0,0,0.0,0.0,0,0,5,3,275.0,12,4,27.27,61,0.0,0.0,0.0
304.0,5,pa_8_rev,NEG_E7,25.0,5,125.0,5,100.0,66.67,2,2,0,1,275.0,12,4,27.27,61,25.0,0.88,1.0
305.0,5,pa_2,E0,20.0,4,80.0,4,100.0,66.67,2,2,0,1,275.0,12,4,27.27,61,20.0,0.86,1.0
305.0,5,pa_2_rev,NEG_E0,20.0,4,0.0,0,0.0,0.0,0,0,4,3,275.0,12,4,27.27,61,0.0,0.0,0.0
305.0,5,pa_3,E1,20.0,4,0.0,0,0.0,0.0,0,0,4,3,275.0,12,4,27.27,61,0.0,0.0,0.0
305.0,5,pa_3_rev,NEG_E1,20.0,4,20.0,1,25.0,0.0,0,0,3,3,275.0,12,4,27.27,61,20.0,0.14,0.25
305.0,5,pa_6,E5,25.0,5,50.0,2,40.0,0.0,0,0,3,3,275.0,12,4,27.27,61,25.0,0.25,0.4
305.0,5,pa_6_rev,NEG_E5,25.0,5,0.0,0,0.0,0.0,0,0,5,3,275.0,12,4,27.27,61,0.0,0.0,0.0
305.0,5,pa_7,E6,20.0,4,0.0,0,0.0,0.0,0,0,4,2,275.0,12,4,27.27,61,0.0,0.0,0.0
305.0,5,pa_7_rev,NEG_E6,20.0,4,0.0,0,0.0,0.0,0,0,4,2,275.0,12,4,27.27,61,0.0,0.0,0.0
305.0,5,pa_8,E7,25.0,5,0.0,0,0.0,0.0,0,0,5,3,275.0,12,4,27.27,61,0.0,0.0,0.0
305.0,5,pa_8_rev,NEG_E7,25.0,5,125.0,5,100.0,66.67,2,2,0,1,275.0,12,4,27.27,61,25.0,0.88,1.0
306.0,5,pa_2,E0,20.0,4,80.0,4,100.0,66.67,2,2,0,1,275.0,12,4,27.27,61,20.0,0.86,1.0
306.0,5,pa_2_rev,NEG_E0,20.0,4,0.0,0,0.0,0.0,0,0,4,3,275.0,12,4,27.27,61,0.0,0.0,0.0
306.0,5,pa_3,E1,20.0,4,0.0,0,0.0,0.0,0,0,4,3,275.0,12,4,27.27,61,0.0,0.0,0.0
306.0,5,pa_3_rev,NEG_E1,20.0,4,20.0,1,25.0,0.0,0,0,3,3,275.0,12,4,27.27,61,20.0,0.14,0.25
306.0,5,pa_6,E5,25.0,5,50.0,2,40.0,0.0,0,0,3,3,275.0,12,4,27.27,61,25.0,0.25,0.4
306.0,5,pa_6_rev,NEG_E5,25.0,5,0.0,0,0.0,0.0,0,0,5,3,275.0,12,4,27.27,61,0.0,0.0,0.0
306.0,5,pa_7,E6,20.0,4,0.0,0,0.0,0.0,0,0,4,2,275.0,12,4,27.27,61,0.0,0.0,0.0
306.0,5,pa_7_rev,NEG_E6,20.0,4,0.0,0,0.0,0.0,0,0,4,2,275.0,12,4,27.27,61,0.0,0.0,0.0
306.0,5,pa_8,E7,25.0,5,0.0,0,0.0,0.0,0,0,5,3,275.0,12,4,27.27,61,0.0,0.0,0.0
306.0,5,pa_8_rev,NEG_E7,25.0,5,125.0,5,100.0,66.67,2,2,0,1,275.0,12,4,27.27,61,25.0,0.88,1.0
307.0,5,pa_2,E0,20.0,4,80.0,4,100.0,66.67,2,2,0,1,275.0,12,4,27.27,61,20.0,0.86,1.0
307.0,5,pa_2_rev,NEG_E0,20.0,4,0.0,0,0.0,0.0,0,0,4,3,275.0,12,4,27.27,61,0.0,0.0,0.0
307.0,5,pa_3,E1,20.0,4,0.0,0,0.0,0.0,0,0,4,3,275.0,12,4,27.27,61,0.0,0.0,0.0
307.0,5,pa_3_rev,NEG_E1,20.0,4,20.0,1,25.0,0.0,0,0,3,3,275.0,12,4,27.27,61,20.0,0.14,0.25
307.0,5,pa_6,E5,25.0,5,50.0,2,40.0,0.0,0,0,3,3,275.0,12,4,27.27,61,25.0,0.25,0.4
307.0,5,pa_6_rev,NEG_E5,25.0,5,0.0,0,0.0,0.0,0,0,5,3,275.0,12,4,27.27,61,0.0,0.0,0.0
307.0,5,pa_7,E6,20.0,4,0.0,0,0.0,0.0,0,0,4,2,275.0,12,4,27.27,61,0.0,0.0,0.0
307.0,5,pa_7_rev,NEG_E6,20.0,4,0.0,0,0.0,0.0,0,0,4,2,275.0,12,4,27.27,61,0.0,0.0,0.0
307.0,5,pa_8,E7,25.0,5,0.0,0,0.0,0.0,0,0,5,3,275.0,12,4,27.27,61,0.0,0.0,0.0
307.0,5,pa_8_rev,NEG_E7,25.0,5,125.0,5,100.0,66.67,2,2,0,1,275.0,12,4,27.27,61,25.0,0.88,1.0
308.0,5,pa_2,E0,20.0,4,80.0,4,100.0,66.67,2,2,0,1,275.0,12,4,27.27,61,20.0,0.86,1.0
308.0,5,pa_2_rev,NEG_E0,20.0,4,0.0,0,0.0,0.0,0,0,4,3,275.0,12,4,27.27,61,0.0,0.0,0.0
308.0,5,pa_3,E1,20.0,4,0.0,0,0.0,0.0,0,0,4,3,275.0,12,4,27.27,61,0.0,0.0,0.0
308.0,5,pa_3_rev,NEG_E1,20.0,4,20.0,1,25.0,0.0,0,0,3,3,275.0,12,4,27.27,61,20.0,0.14,0.25
308.0,5,pa_6,E5,25.0,5,50.0,2,40.0,0.0,0,0,3,3,275.0,12,4,27.27,61,25.0,0.25,0.4
308.0,5,pa_6_rev,NEG_E5,25.0,5,0.0,0,0.0,0.0,0,0,5,3,275.0,12,4,27.27,61,0.0,0.0,0.0
308.0,5,pa_7,E6,20.0,4,0.0,0,0.0,0.0,0,0,4,2,275.0,12,4,27.27,61,0.0,0.0,0.0
308.0,5,pa_7_rev,NEG_E6,20.0,4,0.0,0,0.0,0.0,0,0,4,2,275.0,12,4,27.27,61,0.0,0.0,0.0
308.0,5,pa_8,E7,25.0,5,0.0,0,0.0,0.0,0,0,5,3,275.0,12,4,27.27,61,0.0,0.0,0.0
308.0,5,pa_8_rev,NEG_E7,25.0,5,125.0,5,100.0,66.67,2,2,0,1,275.0,12,4,27.27,61,25.0,0.88,1.0
309.0,5,pa_2,E0,20.0,4,80.0,4,100.0,66.67,2,2,0,1,275.0,12,4,27.27,61,20.0,0.86,1.0
309.0,5,pa_2_rev,NEG_E0,20.0,4,0.0,0,0.0,0.0,0,0,4,3,275.0,12,4,27.27,61,0.0,0.0,0.0
309.0,5,pa_3,E1,20.0,4,0.0,0,0.0,0.0,0,0,4,3,275.0,12,4,27.27,61,0.0,0.0,0.0
309.0,5,pa_3_rev,NEG_E1,20.0,4,20.0,1,25.0,0.0,0,0,3,3,275.0,12,4,27.27,61,20.0,0.14,0.25
309.0,5,pa_6,E5,25.0,5,50.0,2,40.0,0.0,0,0,3,3,275.0,12,4,27.27,61,25.0,0.25,0.4
309.0,5,pa_6_rev,NEG_E5,25.0,5,0.0,0,0.0,0.0,0,0,5,3,275.0,12,4,27.27,61,0.0,0.0,0.0
309.0,5,pa_7,E6,20.0,4,0.0,0,0.0,0.0,0,0,4,2,275.0,12,4,27.27,61,0.0,0.0,0.0
309.0,5,pa_7_rev,NEG_E6,20.0,4,0.0,0,0.0,0.0,0,0,4,2,275.0,12,4,27.27,61,0.0,0.0,0.0
309.0,5,pa_8,E7,25.0,5,0.0,0,0.0,0.0,0,0,5,3,275.0,12,4,27.27,61,0.0,0.0,0.0
309.0,5,pa_8_rev,NEG_E7,25.0,5,125.0,5,100.0,66.67,2,2,0,1,275.0,12,4,27.27,61,25.0,0.88,1.0
310.0,5,pa_2,E0,20.0,4,80.0,4,100.0,66.67,2,2,0,1,275.0,12,4,27.27,61,20.0,0.86,1.0
310.0,5,pa_2_rev,NEG_E0,20.0,4,0.0,0,0.0,0.0,0,0,4,3,275.0,12,4,27.27,61,0.0,0.0,0.0
310.0,5,pa_3,E1,20.0,4,0.0,0,0.0,0.0,0,0,4,3,275.0,12,4,27.27,61,0.0,0.0,0.0
310.0,5,pa_3_rev,NEG_E1,20.0,4,20.0,1,25.0,0.0,0,0,3,3,275.0,12,4,27.27,61,20.0,0.14,0.25
310.0,5,pa_6,E5,25.0,5,50.0,2,40.0,0.0,0,0,3,3,275.0,12,4,27.27,61,25.0,0.25,0.4
310.0,5,pa_6_rev,NEG_E5,25.0,5,0.0,0,0.0,0.0,0,0,5,3,275.0,12,4,27.27,61,0.0,0.0,0.0
310.0,5,pa_7,E6,20.0,4,0.0,0,0.0,0.0,0,0,4,2,275.0,12,4,27.27,61,0.0,0.0,0.0
310.0,5,pa_7_rev,NEG_E6,20.0,4,0.0,0,0.0,0.0,0,0,4,2,275.0,12,4,27.27,61,0.0,0.0,0.0
310.0,5,pa_8,E7,25.0,5,0.0,0,0.0,0.0,0,0,5,3,275.0,12,4,27.27,61,0.0,0.0,0.0
310.0,5,pa_8_rev,NEG_E7,25.0,5,125.0,5,100.0,66.67,2,2,0,1,275.0,12,4,27.27,61,25.0,0.88,1.0
311.0,5,pa_2,E0,20.0,4,80.0,4,100.0,66.67,2,2,0,1,275.0,12,4,27.27,61,20.0,0.86,1.0
311.0,5,pa_2_rev,NEG_E0,20.0,4,0.0,0,0.0,0.0,0,0,4,3,275.0,12,4,27.27,61,0.0,0.0,0.0
311.0,5,pa_3,E1,20.0,4,0.0,0,0.0,0.0,0,0,4,3,275.0,12,4,27.27,61,0.0,0.0,0.0
311.0,5,pa_3_rev,NEG_E1,20.0,4,20.0,1,25.0,0.0,0,0,3,3,275.0,12,4,27.27,61,20.0,0.14,0.25
311.0,5,pa_6,E5,25.0,5,50.0,2,40.0,0.0,0,0,3,3,275.0,12,4,27.27,61,25.0,0.25,0.4
311.0,5,pa_6_rev,NEG_E5,25.0,5,0.0,0,0.0,0.0,0,0,5,3,275.0,12,4,27.27,61,0.0,0.0,0.0
311.0,5,pa_7,E6,20.0,4,0.0,0,0.0,0.0,0,0,4,2,275.0,12,4,27.27,61,0.0,0.0,0.0
311.0,5,pa_7_rev,NEG_E6,20.0,4,0.0,0,0.0,0.0,0,0,4,2,275.0,12,4,27.27,61,0.0,0.0,0.0
311.0,5,pa_8,E7,25.0,5,0.0,0,0.0,0.0,0,0,5,3,275.0,12,4,27.27,61,0.0,0.0,0.0
311.0,5,pa_8_rev,NEG_E7,25.0,5,125.0,5,100.0,66.67,2,2,0,1,275.0,12,4,27.27,61,25.0,0.88,1.0
312.0,5,pa_2,E0,20.0,4,80.0,4,100.0,66.67,2,2,0,1,275.0,12,4,27.27,61,20.0,0.86,1.0
312.0,5,pa_2_rev,NEG_E0,20.0,4,0.0,0,0.0,0.0,0,0,4,3,275.0,12,4,27.27,61,0.0,0.0,0.0
312.0,5,pa_3,E1,20.0,4,0.0,0,0.0,0.0,0,0,4,3,275.0,12,4,27.27,61,0.0,0.0,0.0
312.0,5,pa_3_rev,NEG_E1,20.0,4,20.0,1,25.0,0.0,0,0,3,3,275.0,12,4,27.27,61,20.0,0.14,0.25
312.0,5,pa_6,E5,25.0,5,50.0,2,40.0,0.0,0,0,3,3,275.0,12,4,27.27,61,25.0,0.25,0.4
312.0,5,pa_6_rev,NEG_E5,25.0,5,0.0,0,0.0,0.0,0,0,5,3,275.0,12,4,27.27,61,0.0,0.0,0.0
312.0,5,pa_7,E6,20.0,4,0.0,0,0.0,0.0,0,0,4,2,275.0,12,4,27.27,61,0.0,0.0,0.0
312.0,5,pa_7_rev,NEG_E6,20.0,4,0.0,0,0.0,0.0,0,0,4,2,275.0,12,4,27.27,61,0.0,0.0,0.0
312.0,5,pa_8,E7,25.0,5,0.0,0,0.0,0.0,0,0,5,3,275.0,12,4,27.27,61,0.0,0.0,0.0
312.0,5,pa_8_rev,NEG_E7,25.0,5,125.0,5,100.0,66.67,2,2,0,1,275.0,12,4,27.27,61,25.0,0.88,1.0
313.0,5,pa_2,E0,20.0,4,80.0,4,100.0,66.67,2,2,0,1,275.0,12,4,27.27,61,20.0,0.86,1.0
313.0,5,pa_2_rev,NEG_E0,20.0,4,0.0,0,0.0,0.0,0,0,4,3,275.0,12,4,27.27,61,0.0,0.0,0.0
313.0,5,pa_3,E1,20.0,4,0.0,0,0.0,0.0,0,0,4,3,275.0,12,4,27.27,61,0.0,0.0,0.0
313.0,5,pa_3_rev,NEG_E1,20.0,4,20.0,1,25.0,0.0,0,0,3,3,275.0,12,4,27.27,61,20.0,0.14,0.25
313.0,5,pa_6,E5,25.0,5,50.0,2,40.0,0.0,0,0,3,3,275.0,12,4,27.27,61,25.0,0.25,0.4
313.0,5,pa_6_rev,NEG_E5,25.0,5,0.0,0,0.0,0.0,0,0,5,3,275.0,12,4,27.27,61,0.0,0.0,0.0
313.0,5,pa_7,E6,20.0,4,0.0,0,0.0,0.0,0,0,4,2,275.0,12,4,27.27,61,0.0,0.0,0.0
313.0,5,pa_7_rev,NEG_E6,20.0,4,0.0,0,0.0,0.0,0,0,4,2,275.0,12,4,27.27,61,0.0,0.0,0.0
313.0,5,pa_8,E7,25.0,5,0.0,0,0.0,0.0,0,0,5,3,275.0,12,4,27.27,61,0.0,0.0,0.0
313.0,5,pa_8_rev,NEG_E7,25.0,5,125.0,5,100.0,66.67,2,2,0,1,275.0,12,4,27.27,61,25.0,0.88,1.0
314.0,5,pa_2,E0,20.0,4,80.0,4,100.0,66.67,2,2,0,1,275.0,12,4,27.27,61,20.0,0.86,1.0
314.0,5,pa_2_rev,NEG_E0,20.0,4,0.0,0,0.0,0.0,0,0,4,3,275.0,12,4,27.27,61,0.0,0.0,0.0
314.0,5,pa_3,E1,20.0,4,0.0,0,0.0,0.0,0,0,4,3,275.0,12,4,27.27,61,0.0,0.0,0.0
314.0,5,pa_3_rev,NEG_E1,20.0,4,20.0,1,25.0,0.0,0,0,3,3,275.0,12,4,27.27,61,20.0,0.14,0.25
314.0,5,pa_6,E5,25.0,5,50.0,2,40.0,0.0,0,0,3,3,275.0,12,4,27.27,61,25.0,0.25,0.4
314.0,5,pa_6_rev,NEG_E5,25.0,5,0.0,0,0.0,0.0,0,0,5,3,275.0,12,4,27.27,61,0.0,0.0,0.0
314.0,5,pa_7,E6,20.0,4,0.0,0,0.0,0.0,0,0,4,2,275.0,12,4,27.27,61,0.0,0.0,0.0
314.0,5,pa_7_rev,NEG_E6,20.0,4,0.0,0,0.0,0.0,0,0,4,2,275.0,12,4,27.27,61,0.0,0.0,0.0
314.0,5,pa_8,E7,25.0,5,0.0,0,0.0,0.0,0,0,5,3,275.0,12,4,27.27,61,0.0,0.0,0.0
314.0,5,pa_8_rev,NEG_E7,25.0,5,125.0,5,100.0,66.67,2,2,0,1,275.0,12,4,27.27,61,25.0,0.88,1.0
315.0,5,pa_2,E0,20.0,4,80.0,4,100.0,66.67,2,2,0,1,275.0,12,4,27.27,61,20.0,0.86,1.0
315.0,5,pa_2_rev,NEG_E0,20.0,4,0.0,0,0.0,0.0,0,0,4,3,275.0,12,4,27.27,61,0.0,0.0,0.0
315.0,5,pa_3,E1,20.0,4,0.0,0,0.0,0.0,0,0,4,3,275.0,12,4,27.27,61,0.0,0.0,0.0
315.0,5,pa_3_rev,NEG_E1,20.0,4,20.0,1,25.0,0.0,0,0,3,3,275.0,12,4,27.27,61,20.0,0.14,0.25
315.0,5,pa_6,E5,25.0,5,50.0,2,40.0,0.0,0,0,3,3,275.0,12,4,27.27,61,25.0,0.25,0.4
315.0,5,pa_6_rev,NEG_E5,25.0,5,0.0,0,0.0,0.0,0,0,5,3,275.0,12,4,27.27,61,0.0,0.0,0.0
315.0,5,pa_7,E6,20.0,4,0.0,0,0.0,0.0,0,0,4,2,275.0,12,4,27.27,61,0.0,0.0,0.0
315.0,5,pa_7_rev,NEG_E6,20.0,4,0.0,0,0.0,0.0,0,0,4,2,275.0,12,4,27.27,61,0.0,0.0,0.0
315.0,5,pa_8,E7,25.0,5,0.0,0,0.0,0.0,0,0,5,3,275.0,12,4,27.27,61,0.0,0.0,0.0
315.0,5,pa_8_rev,NEG_E7,25.0,5,125.0,5,100.0,66.67,2,2,0,1,275.0,12,4,27.27,61,25.0,0.88,1.0
316.0,5,pa_2,E0,20.0,4,80.0,4,100.0,66.67,2,2,0,1,275.0,12,4,27.27,61,20.0,0.86,1.0
316.0,5,pa_2_rev,NEG_E0,20.0,4,0.0,0,0.0,0.0,0,0,4,3,275.0,12,4,27.27,61,0.0,0.0,0.0
316.0,5,pa_3,E1,20.0,4,0.0,0,0.0,0.0,0,0,4,3,275.0,12,4,27.27,61,0.0,0.0,0.0
316.0,5,pa_3_rev,NEG_E1,20.0,4,20.0,1,25.0,0.0,0,0,3,3,275.0,12,4,27.27,61,20.0,0.14,0.25
316.0,5,pa_6,E5,25.0,5,50.0,2,40.0,0.0,0,0,3,3,275.0,12,4,27.27,61,25.0,0.25,0.4
316.0,5,pa_6_rev,NEG_E5,25.0,5,0.0,0,0.0,0.0,0,0,5,3,275.0,12,4,27.27,61,0.0,0.0,0.0
316.0,5,pa_7,E6,20.0,4,0.0,0,0.0,0.0,0,0,4,2,275.0,12,4,27.27,61,0.0,0.0,0.0
316.0,5,pa_7_rev,NEG_E6,20.0,4,0.0,0,0.0,0.0,0,0,4,2,275.0,12,4,27.27,61,0.0,0.0,0.0
316.0,5,pa_8,E7,25.0,5,0.0,0,0.0,0.0,0,0,5,3,275.0,12,4,27.27,61,0.0,0.0,0.0
316.0,5,pa_8_rev,NEG_E7,25.0,5,125.0,5,100.0,66.67,2,2,0,1,275.0,12,4,27.27,61,25.0,0.88,1.0
317.0,5,pa_2,E0,20.0,4,80.0,4,100.0,66.67,2,2,0,1,275.0,12,4,27.27,61,20.0,0.86,1.0
317.0,5,pa_2_rev,NEG_E0,20.0,4,0.0,0,0.0,0.0,0,0,4,3,275.0,12,4,27.27,61,0.0,0.0,0.0
317.0,5,pa_3,E1,20.0,4,0.0,0,0.0,0.0,0,0,4,3,275.0,12,4,27.27,61,0.0,0.0,0.0
317.0,5,pa_3_rev,NEG_E1,20.0,4,20.0,1,25.0,0.0,0,0,3,3,275.0,12,4,27.27,61,20.0,0.14,0.25
317.0,5,pa_6,E5,25.0,5,50.0,2,40.0,0.0,0,0,3,3,275.0,12,4,27.27,61,25.0,0.25,0.4
317.0,5,pa_6_rev,NEG_E5,25.0,5,0.0,0,0.0,0.0,0,0,5,3,275.0,12,4,27.27,61,0.0,0.0,0.0
317.0,5,pa_7,E6,20.0,4,0.0,0,0.0,0.0,0,0,4,2,275.0,12,4,27.27,61,0.0,0.0,0.0
317.0,5,pa_7_rev,NEG_E6,20.0,4,0.0,0,0.0,0.0,0,0,4,2,275.0,12,4,27.27,61,0.0,0.0,0.0
317.0,5,pa_8,E7,25.0,5,0.0,0,0.0,0.0,0,0,5,3,275.0,12,4,27.27,61,0.0,0.0,0.0
317.0,5,pa_8_rev,NEG_E7,25.0,5,125.0,5,100.0,66.67,2,2,0,1,275.0,12,4,27.27,61,25.0,0.88,1.0
318.0,5,pa_2,E0,20.0,4,80.0,4,100.0,66.67,2,2,0,1,275.0,12,4,27.27,61,20.0,0.86,1.0
318.0,5,pa_2_rev,NEG_E0,20.0,4,0.0,0,0.0,0.0,0,0,4,3,275.0,12,4,27.27,61,0.0,0.0,0.0
318.0,5,pa_3,E1,20.0,4,0.0,0,0.0,0.0,0,0,4,3,275.0,12,4,27.27,61,0.0,0.0,0.0
318.0,5,pa_3_rev,NEG_E1,20.0,4,20.0,1,25.0,0.0,0,0,3,3,275.0,12,4,27.27,61,20.0,0.14,0.25
318.0,5,pa_6,E5,25.0,5,50.0,2,40.0,0.0,0,0,3,3,275.0,12,4,27.27,61,25.0,0.25,0.4
318.0,5,pa_6_rev,NEG_E5,25.0,5,0.0,0,0.0,0.0,0,0,5,3,275.0,12,4,27.27,61,0.0,0.0,0.0
318.0,5,pa_7,E6,20.0,4,0.0,0,0.0,0.0,0,0,4,2,275.0,12,4,27.27,61,0.0,0.0,0.0
318.0,5,pa_7_rev,NEG_E6,20.0,4,0.0,0,0.0,0.0,0,0,4,2,275.0,12,4,27.27,61,0.0,0.0,0.0
318.0,5,pa_8,E7,25.0,5,0.0,0,0.0,0.0,0,0,5,3,275.0,12,4,27.27,61,0.0,0.0,0.0
318.0,5,pa_8_rev,NEG_E7,25.0,5,125.0,5,100.0,66.67,2,2,0,1,275.0,12,4,27.27,61,25.0,0.88,1.0
319.0,5,pa_2,E0,20.0,4,80.0,4,100.0,66.67,2,2,0,1,275.0,12,4,27.27,61,20.0,0.86,1.0
319.0,5,pa_2_rev,NEG_E0,20.0,4,0.0,0,0.0,0.0,0,0,4,3,275.0,12,4,27.27,61,0.0,0.0,0.0
319.0,5,pa_3,E1,20.0,4,0.0,0,0.0,0.0,0,0,4,3,275.0,12,4,27.27,61,0.0,0.0,0.0
319.0,5,pa_3_rev,NEG_E1,20.0,4,20.0,1,25.0,0.0,0,0,3,3,275.0,12,4,27.27,61,20.0,0.14,0.25
319.0,5,pa_6,E5,25.0,5,50.0,2,40.0,0.0,0,0,3,3,275.0,12,4,27.27,61,25.0,0.25,0.4
319.0,5,pa_6_rev,NEG_E5,25.0,5,0.0,0,0.0,0.0,0,0,5,3,275.0,12,4,27.27,61,0.0,0.0,0.0
319.0,5,pa_7,E6,20.0,4,0.0,0,0.0,0.0,0,0,4,2,275.0,12,4,27.27,61,0.0,0.0,0.0
319.0,5,pa_7_rev,NEG_E6,20.0,4,0.0,0,0.0,0.0,0,0,4,2,275.0,12,4,27.27,61,0.0,0.0,0.0
319.0,5,pa_8,E7,25.0,5,0.0,0,0.0,0.0,0,0,5,3,275.0,12,4,27.27,61,0.0,0.0,0.0
319.0,5,pa_8_rev,NEG_E7,25.0,5,125.0,5,100.0,66.67,2,2,0,1,275.0,12,4,27.27,61,25.0,0.88,1.0
320.0,5,pa_2,E0,20.0,4,80.0,4,100.0,66.67,2,2,0,1,275.0,12,4,27.27,61,20.0,0.86,1.0
320.0,5,pa_2_rev,NEG_E0,20.0,4,0.0,0,0.0,0.0,0,0,4,3,275.0,12,4,27.27,61,0.0,0.0,0.0
320.0,5,pa_3,E1,20.0,4,0.0,0,0.0,0.0,0,0,4,3,275.0,12,4,27.27,61,0.0,0.0,0.0
320.0,5,pa_3_rev,NEG_E1,20.0,4,20.0,1,25.0,0.0,0,0,3,3,275.0,12,4,27.27,61,20.0,0.14,0.25
320.0,5,pa_6,E5,25.0,5,50.0,2,40.0,0.0,0,0,3,3,275.0,12,4,27.27,61,25.0,0.25,0.4
320.0,5,pa_6_rev,NEG_E5,25.0,5,0.0,0,0.0,0.0,0,0,5,3,275.0,12,4,27.27,61,0.0,0.0,0.0
320.0,5,pa_7,E6,20.0,4,0.0,0,0.0,0.0,0,0,4,2,275.0,12,4,27.27,61,0.0,0.0,0.0
320.0,5,pa_7_rev,NEG_E6,20.0,4,0.0,0,0.0,0.0,0,0,4,2,275.0,12,4,27.27,61,0.0,0.0,0.0
320.0,5,pa_8,E7,25.0,5,0.0,0,0.0,0.0,0,0,5,3,275.0,12,4,27.27,61,0.0,0.0,0.0
320.0,5,pa_8_rev,NEG_E7,25.0,5,125.0,5,100.0,66.67,2,2,0,1,275.0,12,4,27.27,61,25.0,0.88,1.0
321.0,5,pa_2,E0,20.0,4,80.0,4,100.0,66.67,2,2,0,1,275.0,12,4,27.27,63,20.0,0.86,1.0
321.0,5,pa_2_rev,NEG_E0,20.0,4,0.0,0,0.0,0.0,0,0,4,3,275.0,12,4,27.27,63,0.0,0.0,0.0
321.0,5,pa_3,E1,20.0,4,0.0,0,0.0,0.0,0,0,4,3,275.0,12,4,27.27,63,0.0,0.0,0.0
321.0,5,pa_3_rev,NEG_E1,20.0,4,20.0,1,25.0,0.0,0,0,3,3,275.0,12,4,27.27,63,20.0,0.14,0.25
321.0,5,pa_6,E5,25.0,5,50.0,2,40.0,0.0,0,0,3,3,275.0,12,4,27.27,63,25.0,0.25,0.4
321.0,5,pa_6_rev,NEG_E5,25.0,5,0.0,0,0.0,0.0,0,0,5,3,275.0,12,4,27.27,63,0.0,0.0,0.0
321.0,5,pa_7,E6,20.0,4,0.0,0,0.0,0.0,0,0,4,2,275.0,12,4,27.27,63,0.0,0.0,0.0
321.0,5,pa_7_rev,NEG_E6,20.0,4,0.0,0,0.0,0.0,0,0,4,2,275.0,12,4,27.27,63,0.0,0.0,0.0
321.0,5,pa_8,E7,25.0,5,0.0,0,0.0,0.0,0,0,5,3,275.0,12,4,27.27,63,0.0,0.0,0.0
321.0,5,pa_8_rev,NEG_E7,25.0,5,125.0,5,100.0,66.67,2,2,0,1,275.0,12,4,27.27,63,25.0,0.88,1.0
322.0,5,pa_2,E0,20.0,4,80.0,4,100.0,66.67,2,2,0,1,275.0,12,4,27.27,63,20.0,0.86,1.0
322.0,5,pa_2_rev,NEG_E0,20.0,4,0.0,0,0.0,0.0,0,0,4,3,275.0,12,4,27.27,63,0.0,0.0,0.0
322.0,5,pa_3,E1,20.0,4,0.0,0,0.0,0.0,0,0,4,3,275.0,12,4,27.27,63,0.0,0.0,0.0
322.0,5,pa_3_rev,NEG_E1,20.0,4,20.0,1,25.0,0.0,0,0,3,3,275.0,12,4,27.27,63,20.0,0.14,0.25
322.0,5,pa_6,E5,25.0,5,50.0,2,40.0,0.0,0,0,3,3,275.0,12,4,27.27,63,25.0,0.25,0.4
322.0,5,pa_6_rev,NEG_E5,25.0,5,0.0,0,0.0,0.0,0,0,5,3,275.0,12,4,27.27,63,0.0,0.0,0.0
322.0,5,pa_7,E6,20.0,4,0.0,0,0.0,0.0,0,0,4,2,275.0,12,4,27.27,63,0.0,0.0,0.0
322.0,5,pa_7_rev,NEG_E6,20.0,4,0.0,0,0.0,0.0,0,0,4,2,275.0,12,4,27.27,63,0.0,0.0,0.0
322.0,5,pa_8,E7,25.0,5,0.0,0,0.0,0.0,0,0,5,3,275.0,12,4,27.27,63,0.0,0.0,0.0
322.0,5,pa_8_rev,NEG_E7,25.0,5,125.0,5,100.0,66.67,2,2,0,1,275.0,12,4,27.27,63,25.0,0.88,1.0
323.0,5,pa_2,E0,20.0,4,80.0,4,100.0,66.67,2,2,0,1,275.0,12,4,27.27,63,20.0,0.86,1.0
323.0,5,pa_2_rev,NEG_E0,20.0,4,0.0,0,0.0,0.0,0,0,4,3,275.0,12,4,27.27,63,0.0,0.0,0.0
323.0,5,pa_3,E1,20.0,4,0.0,0,0.0,0.0,0,0,4,3,275.0,12,4,27.27,63,0.0,0.0,0.0
323.0,5,pa_3_rev,NEG_E1,20.0,4,20.0,1,25.0,0.0,0,0,3,3,275.0,12,4,27.27,63,20.0,0.14,0.25
323.0,5,pa_6,E5,25.0,5,50.0,2,40.0,0.0,0,0,3,3,275.0,12,4,27.27,63,25.0,0.25,0.4
323.0,5,pa_6_rev,NEG_E5,25.0,5,0.0,0,0.0,0.0,0,0,5,3,275.0,12,4,27.27,63,0.0,0.0,0.0
323.0,5,pa_7,E6,20.0,4,0.0,0,0.0,0.0,0,0,4,2,275.0,12,4,27.27,63,0.0,0.0,0.0
323.0,5,pa_7_rev,NEG_E6,20.0,4,0.0,0,0.0,0.0,0,0,4,2,275.0,12,4,27.27,63,0.0,0.0,0.0
323.0,5,pa_8,E7,25.0,5,0.0,0,0.0,0.0,0,0,5,3,275.0,12,4,27.27,63,0.0,0.0,0.0
323.0,5,pa_8_rev,NEG_E7,25.0,5,125.0,5,100.0,66.67,2,2,0,1,275.0,12,4,27.27,63,25.0,0.88,1.0
324.0,5,pa_2,E0,20.0,4,80.0,4,100.0,66.67,2,2,0,1,295.0,13,4,29.55,63,20.0,0.86,1.0
324.0,5,pa_2_rev,NEG_E0,20.0,4,0.0,0,0.0,0.0,0,0,4,3,295.0,13,4,29.55,63,0.0,0.0,0.0
324.0,5,pa_3,E1,20.0,4,0.0,0,0.0,0.0,0,0,4,3,295.0,13,4,29.55,63,0.0,0.0,0.0
324.0,5,pa_3_rev,NEG_E1,20.0,4,40.0,2,50.0,0.0,0,0,2,3,295.0,13,4,29.55,63,20.0,0.29,0.5
324.0,5,pa_6,E5,25.0,5,50.0,2,40.0,0.0,0,0,3,3,295.0,13,4,29.55,63,25.0,0.25,0.4
324.0,5,pa_6_rev,NEG_E5,25.0,5,0.0,0,0.0,0.0,0,0,5,3,295.0,13,4,29.55,63,0.0,0.0,0.0
324.0,5,pa_7,E6,20.0,4,0.0,0,0.0,0.0,0,0,4,2,295.0,13,4,29.55,63,0.0,0.0,0.0
324.0,5,pa_7_rev,NEG_E6,20.0,4,0.0,0,0.0,0.0,0,0,4,2,295.0,13,4,29.55,63,0.0,0.0,0.0
324.0,5,pa_8,E7,25.0,5,0.0,0,0.0,0.0,0,0,5,3,295.0,13,4,29.55,63,0.0,0.0,0.0
324.0,5,pa_8_rev,NEG_E7,25.0,5,125.0,5,100.0,66.67,2,2,0,1,295.0,13,4,29.55,63,25.0,0.88,1.0
325.0,5,pa_2,E0,20.0,4,80.0,4,100.0,66.67,2,2,0,1,295.0,13,4,29.55,63,20.0,0.86,1.0
325.0,5,pa_2_rev,NEG_E0,20.0,4,0.0,0,0.0,0.0,0,0,4,3,295.0,13,4,29.55,63,0.0,0.0,0.0
325.0,5,pa_3,E1,20.0,4,0.0,0,0.0,0.0,0,0,4,3,295.0,13,4,29.55,63,0.0,0.0,0.0
325.0,5,pa_3_rev,NEG_E1,20.0,4,40.0,2,50.0,0.0,0,0,2,3,295.0,13,4,29.55,63,20.0,0.29,0.5
325.0,5,pa_6,E5,25.0,5,50.0,2,40.0,0.0,0,0,3,3,295.0,13,4,29.55,63,25.0,0.25,0.4
325.0,5,pa_6_rev,NEG_E5,25.0,5,0.0,0,0.0,0.0,0,0,5,3,295.0,13,4,29.55,63,0.0,0.0,0.0
325.0,5,pa_7,E6,20.0,4,0.0,0,0.0,0.0,0,0,4,2,295.0,13,4,29.55,63,0.0,0.0,0.0
325.0,5,pa_7_rev,NEG_E6,20.0,4,0.0,0,0.0,0.0,0,0,4,2,295.0,13,4,29.55,63,0.0,0.0,0.0
325.0,5,pa_8,E7,25.0,5,0.0,0,0.0,0.0,0,0,5,3,295.0,13,4,29.55,63,0.0,0.0,0.0
325.0,5,pa_8_rev,NEG_E7,25.0,5,125.0,5,100.0,66.67,2,2,0,1,295.0,13,4,29.55,63,25.0,0.88,1.0
326.0,5,pa_2,E0,20.0,4,80.0,4,100.0,66.67,2,2,0,1,295.0,13,4,29.55,63,20.0,0.86,1.0
326.0,5,pa_2_rev,NEG_E0,20.0,4,0.0,0,0.0,0.0,0,0,4,3,295.0,13,4,29.55,63,0.0,0.0,0.0
326.0,5,pa_3,E1,20.0,4,0.0,0,0.0,0.0,0,0,4,3,295.0,13,4,29.55,63,0.0,0.0,0.0
326.0,5,pa_3_rev,NEG_E1,20.0,4,40.0,2,50.0,0.0,0,0,2,3,295.0,13,4,29.55,63,20.0,0.29,0.5
326.0,5,pa_6,E5,25.0,5,50.0,2,40.0,0.0,0,0,3,3,295.0,13,4,29.55,63,25.0,0.25,0.4
326.0,5,pa_6_rev,NEG_E5,25.0,5,0.0,0,0.0,0.0,0,0,5,3,295.0,13,4,29.55,63,0.0,0.0,0.0
326.0,5,pa_7,E6,20.0,4,0.0,0,0.0,0.0,0,0,4,2,295.0,13,4,29.55,63,0.0,0.0,0.0
326.0,5,pa_7_rev,NEG_E6,20.0,4,0.0,0,0.0,0.0,0,0,4,2,295.0,13,4,29.55,63,0.0,0.0,0.0
326.0,5,pa_8,E7,25.0,5,0.0,0,0.0,0.0,0,0,5,3,295.0,13,4,29.55,63,0.0,0.0,0.0
326.0,5,pa_8_rev,NEG_E7,25.0,5,125.0,5,100.0,66.67,2,2,0,1,295.0,13,4,29.55,63,25.0,0.88,1.0
327.0,5,pa_2,E0,20.0,4,80.0,4,100.0,66.67,2,2,0,1,295.0,13,4,29.55,63,20.0,0.86,1.0
327.0,5,pa_2_rev,NEG_E0,20.0,4,0.0,0,0.0,0.0,0,0,4,3,295.0,13,4,29.55,63,0.0,0.0,0.0
327.0,5,pa_3,E1,20.0,4,0.0,0,0.0,0.0,0,0,4,3,295.0,13,4,29.55,63,0.0,0.0,0.0
327.0,5,pa_3_rev,NEG_E1,20.0,4,40.0,2,50.0,0.0,0,0,2,3,295.0,13,4,29.55,63,20.0,0.29,0.5
327.0,5,pa_6,E5,25.0,5,50.0,2,40.0,0.0,0,0,3,3,295.0,13,4,29.55,63,25.0,0.25,0.4
327.0,5,pa_6_rev,NEG_E5,25.0,5,0.0,0,0.0,0.0,0,0,5,3,295.0,13,4,29.55,63,0.0,0.0,0.0
327.0,5,pa_7,E6,20.0,4,0.0,0,0.0,0.0,0,0,4,2,295.0,13,4,29.55,63,0.0,0.0,0.0
327.0,5,pa_7_rev,NEG_E6,20.0,4,0.0,0,0.0,0.0,0,0,4,2,295.0,13,4,29.55,63,0.0,0.0,0.0
327.0,5,pa_8,E7,25.0,5,0.0,0,0.0,0.0,0,0,5,3,295.0,13,4,29.55,63,0.0,0.0,0.0
327.0,5,pa_8_rev,NEG_E7,25.0,5,125.0,5,100.0,66.67,2,2,0,1,295.0,13,4,29.55,63,25.0,0.88,1.0
328.0,5,pa_2,E0,20.0,4,80.0,4,100.0,66.67,2,2,0,1,295.0,13,4,29.55,63,20.0,0.86,1.0
328.0,5,pa_2_rev,NEG_E0,20.0,4,0.0,0,0.0,0.0,0,0,4,3,295.0,13,4,29.55,63,0.0,0.0,0.0
328.0,5,pa_3,E1,20.0,4,0.0,0,0.0,0.0,0,0,4,3,295.0,13,4,29.55,63,0.0,0.0,0.0
328.0,5,pa_3_rev,NEG_E1,20.0,4,40.0,2,50.0,0.0,0,0,2,3,295.0,13,4,29.55,63,20.0,0.29,0.5
328.0,5,pa_6,E5,25.0,5,50.0,2,40.0,0.0,0,0,3,3,295.0,13,4,29.55,63,25.0,0.25,0.4
328.0,5,pa_6_rev,NEG_E5,25.0,5,0.0,0,0.0,0.0,0,0,5,3,295.0,13,4,29.55,63,0.0,0.0,0.0
328.0,5,pa_7,E6,20.0,4,0.0,0,0.0,0.0,0,0,4,2,295.0,13,4,29.55,63,0.0,0.0,0.0
328.0,5,pa_7_rev,NEG_E6,20.0,4,0.0,0,0.0,0.0,0,0,4,2,295.0,13,4,29.55,63,0.0,0.0,0.0
328.0,5,pa_8,E7,25.0,5,0.0,0,0.0,0.0,0,0,5,3,295.0,13,4,29.55,63,0.0,0.0,0.0
328.0,5,pa_8_rev,NEG_E7,25.0,5,125.0,5,100.0,66.67,2,2,0,1,295.0,13,4,29.55,63,25.0,0.88,1.0
329.0,5,pa_2,E0,20.0,4,80.0,4,100.0,66.67,2,2,0,1,295.0,13,4,29.55,63,20.0,0.86,1.0
329.0,5,pa_2_rev,NEG_E0,20.0,4,0.0,0,0.0,0.0,0,0,4,3,295.0,13,4,29.55,63,0.0,0.0,0.0
329.0,5,pa_3,E1,20.0,4,0.0,0,0.0,0.0,0,0,4,3,295.0,13,4,29.55,63,0.0,0.0,0.0
329.0,5,pa_3_rev,NEG_E1,20.0,4,40.0,2,50.0,0.0,0,0,2,3,295.0,13,4,29.55,63,20.0,0.29,0.5
329.0,5,pa_6,E5,25.0,5,50.0,2,40.0,0.0,0,0,3,3,295.0,13,4,29.55,63,25.0,0.25,0.4
329.0,5,pa_6_rev,NEG_E5,25.0,5,0.0,0,0.0,0.0,0,0,5,3,295.0,13,4,29.55,63,0.0,0.0,0.0
329.0,5,pa_7,E6,20.0,4,0.0,0,0.0,0.0,0,0,4,2,295.0,13,4,29.55,63,0.0,0.0,0.0
329.0,5,pa_7_rev,NEG_E6,20.0,4,0.0,0,0.0,0.0,0,0,4,2,295.0,13,4,29.55,63,0.0,0.0,0.0
329.0,5,pa_8,E7,25.0,5,0.0,0,0.0,0.0,0,0,5,3,295.0,13,4,29.55,63,0.0,0.0,0.0
329.0,5,pa_8_rev,NEG_E7,25.0,5,125.0,5,100.0,66.67,2,2,0,1,295.0,13,4,29.55,63,25.0,0.88,1.0
330.0,5,pa_2,E0,20.0,4,80.0,4,100.0,66.67,2,2,0,1,295.0,13,4,29.55,63,20.0,0.86,1.0
330.0,5,pa_2_rev,NEG_E0,20.0,4,0.0,0,0.0,0.0,0,0,4,3,295.0,13,4,29.55,63,0.0,0.0,0.0
330.0,5,pa_3,E1,20.0,4,0.0,0,0.0,0.0,0,0,4,3,295.0,13,4,29.55,63,0.0,0.0,0.0
330.0,5,pa_3_rev,NEG_E1,20.0,4,40.0,2,50.0,0.0,0,0,2,3,295.0,13,4,29.55,63,20.0,0.29,0.5
330.0,5,pa_6,E5,25.0,5,50.0,2,40.0,0.0,0,0,3,3,295.0,13,4,29.55,63,25.0,0.25,0.4
330.0,5,pa_6_rev,NEG_E5,25.0,5,0.0,0,0.0,0.0,0,0,5,3,295.0,13,4,29.55,63,0.0,0.0,0.0
330.0,5,pa_7,E6,20.0,4,0.0,0,0.0,0.0,0,0,4,2,295.0,13,4,29.55,63,0.0,0.0,0.0
330.0,5,pa_7_rev,NEG_E6,20.0,4,0.0,0,0.0,0.0,0,0,4,2,295.0,13,4,29.55,63,0.0,0.0,0.0
330.0,5,pa_8,E7,25.0,5,0.0,0,0.0,0.0,0,0,5,3,295.0,13,4,29.55,63,0.0,0.0,0.0
330.0,5,pa_8_rev,NEG_E7,25.0,5,125.0,5,100.0,66.67,2,2,0,1,295.0,13,4,29.55,63,25.0,0.88,1.0
331.0,5,pa_2,E0,20.0,4,80.0,4,100.0,66.67,2,2,0,1,295.0,13,4,29.55,63,20.0,0.86,1.0
331.0,5,pa_2_rev,NEG_E0,20.0,4,0.0,0,0.0,0.0,0,0,4,3,295.0,13,4,29.55,63,0.0,0.0,0.0
331.0,5,pa_3,E1,20.0,4,0.0,0,0.0,0.0,0,0,4,3,295.0,13,4,29.55,63,0.0,0.0,0.0
331.0,5,pa_3_rev,NEG_E1,20.0,4,40.0,2,50.0,0.0,0,0,2,3,295.0,13,4,29.55,63,20.0,0.29,0.5
331.0,5,pa_6,E5,25.0,5,50.0,2,40.0,0.0,0,0,3,3,295.0,13,4,29.55,63,25.0,0.25,0.4
331.0,5,pa_6_rev,NEG_E5,25.0,5,0.0,0,0.0,0.0,0,0,5,3,295.0,13,4,29.55,63,0.0,0.0,0.0
331.0,5,pa_7,E6,20.0,4,0.0,0,0.0,0.0,0,0,4,2,295.0,13,4,29.55,63,0.0,0.0,0.0
331.0,5,pa_7_rev,NEG_E6,20.0,4,0.0,0,0.0,0.0,0,0,4,2,295.0,13,4,29.55,63,0.0,0.0,0.0
331.0,5,pa_8,E7,25.0,5,0.0,0,0.0,0.0,0,0,5,3,295.0,13,4,29.55,63,0.0,0.0,0.0
331.0,5,pa_8_rev,NEG_E7,25.0,5,125.0,5,100.0,66.67,2,2,0,1,295.0,13,4,29.55,63,25.0,0.88,1.0
332.0,5,pa_2,E0,20.0,4,80.0,4,100.0,66.67,2,2,0,1,295.0,13,4,29.55,63,20.0,0.86,1.0
332.0,5,pa_2_rev,NEG_E0,20.0,4,0.0,0,0.0,0.0,0,0,4,3,295.0,13,4,29.55,63,0.0,0.0,0.0
332.0,5,pa_3,E1,20.0,4,0.0,0,0.0,0.0,0,0,4,3,295.0,13,4,29.55,63,0.0,0.0,0.0
332.0,5,pa_3_rev,NEG_E1,20.0,4,40.0,2,50.0,0.0,0,0,2,3,295.0,13,4,29.55,63,20.0,0.29,0.5
332.0,5,pa_6,E5,25.0,5,50.0,2,40.0,0.0,0,0,3,3,295.0,13,4,29.55,63,25.0,0.25,0.4
332.0,5,pa_6_rev,NEG_E5,25.0,5,0.0,0,0.0,0.0,0,0,5,3,295.0,13,4,29.55,63,0.0,0.0,0.0
332.0,5,pa_7,E6,20.0,4,0.0,0,0.0,0.0,0,0,4,2,295.0,13,4,29.55,63,0.0,0.0,0.0
332.0,5,pa_7_rev,NEG_E6,20.0,4,0.0,0,0.0,0.0,0,0,4,2,295.0,13,4,29.55,63,0.0,0.0,0.0
332.0,5,pa_8,E7,25.0,5,0.0,0,0.0,0.0,0,0,5,3,295.0,13,4,29.55,63,0.0,0.0,0.0
332.0,5,pa_8_rev,NEG_E7,25.0,5,125.0,5,100.0,66.67,2,2,0,1,295.0,13,4,29.55,63,25.0,0.88,1.0
333.0,5,pa_2,E0,20.0,4,80.0,4,100.0,66.67,2,2,0,1,315.0,14,4,31.82,63,20.0,0.86,1.0
333.0,5,pa_2_rev,NEG_E0,20.0,4,0.0,0,0.0,0.0,0,0,4,3,315.0,14,4,31.82,63,0.0,0.0,0.0
333.0,5,pa_3,E1,20.0,4,0.0,0,0.0,0.0,0,0,4,3,315.0,14,4,31.82,63,0.0,0.0,0.0
333.0,5,pa_3_rev,NEG_E1,20.0,4,60.0,3,75.0,0.0,0,0,1,3,315.0,14,4,31.82,63,20.0,0.43,0.75
333.0,5,pa_6,E5,25.0,5,50.0,2,40.0,0.0,0,0,3,3,315.0,14,4,31.82,63,25.0,0.25,0.4
333.0,5,pa_6_rev,NEG_E5,25.0,5,0.0,0,0.0,0.0,0,0,5,3,315.0,14,4,31.82,63,0.0,0.0,0.0
333.0,5,pa_7,E6,20.0,4,0.0,0,0.0,0.0,0,0,4,2,315.0,14,4,31.82,63,0.0,0.0,0.0
333.0,5,pa_7_rev,NEG_E6,20.0,4,0.0,0,0.0,0.0,0,0,4,2,315.0,14,4,31.82,63,0.0,0.0,0.0
333.0,5,pa_8,E7,25.0,5,0.0,0,0.0,0.0,0,0,5,3,315.0,14,4,31.82,63,0.0,0.0,0.0
333.0,5,pa_8_rev,NEG_E7,25.0,5,125.0,5,100.0,66.67,2,2,0,1,315.0,14,4,31.82,63,25.0,0.88,1.0
334.0,5,pa_2,E0,20.0,4,80.0,4,100.0,66.67,2,2,0,1,315.0,14,4,31.82,63,20.0,0.86,1.0
334.0,5,pa_2_rev,NEG_E0,20.0,4,0.0,0,0.0,0.0,0,0,4,3,315.0,14,4,31.82,63,0.0,0.0,0.0
334.0,5,pa_3,E1,20.0,4,0.0,0,0.0,0.0,0,0,4,3,315.0,14,4,31.82,63,0.0,0.0,0.0
334.0,5,pa_3_rev,NEG_E1,20.0,4,60.0,3,75.0,0.0,0,0,1,3,315.0,14,4,31.82,63,20.0,0.43,0.75
334.0,5,pa_6,E5,25.0,5,50.0,2,40.0,0.0,0,0,3,3,315.0,14,4,31.82,63,25.0,0.25,0.4
334.0,5,pa_6_rev,NEG_E5,25.0,5,0.0,0,0.0,0.0,0,0,5,3,315.0,14,4,31.82,63,0.0,0.0,0.0
334.0,5,pa_7,E6,20.0,4,0.0,0,0.0,0.0,0,0,4,2,315.0,14,4,31.82,63,0.0,0.0,0.0
334.0,5,pa_7_rev,NEG_E6,20.0,4,0.0,0,0.0,0.0,0,0,4,2,315.0,14,4,31.82,63,0.0,0.0,0.0
334.0,5,pa_8,E7,25.0,5,0.0,0,0.0,0.0,0,0,5,3,315.0,14,4,31.82,63,0.0,0.0,0.0
334.0,5,pa_8_rev,NEG_E7,25.0,5,125.0,5,100.0,66.67,2,2,0,1,315.0,14,4,31.82,63,25.0,0.88,1.0
335.0,5,pa_2,E0,20.0,4,80.0,4,100.0,66.67,2,2,0,1,315.0,14,4,31.82,63,20.0,0.86,1.0
335.0,5,pa_2_rev,NEG_E0,20.0,4,0.0,0,0.0,0.0,0,0,4,3,315.0,14,4,31.82,63,0.0,0.0,0.0
335.0,5,pa_3,E1,20.0,4,0.0,0,0.0,0.0,0,0,4,3,315.0,14,4,31.82,63,0.0,0.0,0.0
335.0,5,pa_3_rev,NEG_E1,20.0,4,60.0,3,75.0,0.0,0,0,1,3,315.0,14,4,31.82,63,20.0,0.43,0.75
335.0,5,pa_6,E5,25.0,5,50.0,2,40.0,0.0,0,0,3,3,315.0,14,4,31.82,63,25.0,0.25,0.4
335.0,5,pa_6_rev,NEG_E5,25.0,5,0.0,0,0.0,0.0,0,0,5,3,315.0,14,4,31.82,63,0.0,0.0,0.0
335.0,5,pa_7,E6,20.0,4,0.0,0,0.0,0.0,0,0,4,2,315.0,14,4,31.82,63,0.0,0.0,0.0
335.0,5,pa_7_rev,NEG_E6,20.0,4,0.0,0,0.0,0.0,0,0,4,2,315.0,14,4,31.82,63,0.0,0.0,0.0
335.0,5,pa_8,E7,25.0,5,0.0,0,0.0,0.0,0,0,5,3,315.0,14,4,31.82,63,0.0,0.0,0.0
335.0,5,pa_8_rev,NEG_E7,25.0,5,125.0,5,100.0,66.67,2,2,0,1,315.0,14,4,31.82,63,25.0,0.88,1.0
336.0,5,pa_2,E0,20.0,4,80.0,4,100.0,66.67,2,2,0,1,315.0,14,4,31.82,64,20.0,0.86,1.0
336.0,5,pa_2_rev,NEG_E0,20.0,4,0.0,0,0.0,0.0,0,0,4,3,315.0,14,4,31.82,64,0.0,0.0,0.0
336.0,5,pa_3,E1,20.0,4,0.0,0,0.0,0.0,0,0,4,3,315.0,14,4,31.82,64,0.0,0.0,0.0
336.0,5,pa_3_rev,NEG_E1,20.0,4,60.0,3,75.0,0.0,0,0,1,3,315.0,14,4,31.82,64,20.0,0.43,0.75
336.0,5,pa_6,E5,25.0,5,50.0,2,40.0,0.0,0,0,3,3,315.0,14,4,31.82,64,25.0,0.25,0.4
336.0,5,pa_6_rev,NEG_E5,25.0,5,0.0,0,0.0,0.0,0,0,5,3,315.0,14,4,31.82,64,0.0,0.0,0.0
336.0,5,pa_7,E6,20.0,4,0.0,0,0.0,0.0,0,0,4,2,315.0,14,4,31.82,64,0.0,0.0,0.0
336.0,5,pa_7_rev,NEG_E6,20.0,4,0.0,0,0.0,0.0,0,0,4,2,315.0,14,4,31.82,64,0.0,0.0,0.0
336.0,5,pa_8,E7,25.0,5,0.0,0,0.0,0.0,0,0,5,3,315.0,14,4,31.82,64,0.0,0.0,0.0
336.0,5,pa_8_rev,NEG_E7,25.0,5,125.0,5,100.0,66.67,2,2,0,1,315.0,14,4,31.82,64,25.0,0.88,1.0
337.0,5,pa_2,E0,20.0,4,80.0,4,100.0,66.67,2,2,0,1,315.0,14,4,31.82,64,20.0,0.86,1.0
337.0,5,pa_2_rev,NEG_E0,20.0,4,0.0,0,0.0,0.0,0,0,4,3,315.0,14,4,31.82,64,0.0,0.0,0.0
337.0,5,pa_3,E1,20.0,4,0.0,0,0.0,0.0,0,0,4,3,315.0,14,4,31.82,64,0.0,0.0,0.0
337.0,5,pa_3_rev,NEG_E1,20.0,4,60.0,3,75.0,0.0,0,0,1,3,315.0,14,4,31.82,64,20.0,0.43,0.75
337.0,5,pa_6,E5,25.0,5,50.0,2,40.0,0.0,0,0,3,3,315.0,14,4,31.82,64,25.0,0.25,0.4
337.0,5,pa_6_rev,NEG_E5,25.0,5,0.0,0,0.0,0.0,0,0,5,3,315.0,14,4,31.82,64,0.0,0.0,0.0
337.0,5,pa_7,E6,20.0,4,0.0,0,0.0,0.0,0,0,4,2,315.0,14,4,31.82,64,0.0,0.0,0.0
337.0,5,pa_7_rev,NEG_E6,20.0,4,0.0,0,0.0,0.0,0,0,4,2,315.0,14,4,31.82,64,0.0,0.0,0.0
337.0,5,pa_8,E7,25.0,5,0.0,0,0.0,0.0,0,0,5,3,315.0,14,4,31.82,64,0.0,0.0,0.0
337.0,5,pa_8_rev,NEG_E7,25.0,5,125.0,5,100.0,66.67,2,2,0,1,315.0,14,4,31.82,64,25.0,0.88,1.0
338.0,5,pa_2,E0,20.0,4,80.0,4,100.0,66.67,2,2,0,1,315.0,14,4,31.82,65,20.0,0.86,1.0
338.0,5,pa_2_rev,NEG_E0,20.0,4,0.0,0,0.0,0.0,0,0,4,3,315.0,14,4,31.82,65,0.0,0.0,0.0
338.0,5,pa_3,E1,20.0,4,0.0,0,0.0,0.0,0,0,4,3,315.0,14,4,31.82,65,0.0,0.0,0.0
338.0,5,pa_3_rev,NEG_E1,20.0,4,60.0,3,75.0,0.0,0,0,1,3,315.0,14,4,31.82,65,20.0,0.43,0.75
338.0,5,pa_6,E5,25.0,5,50.0,2,40.0,0.0,0,0,3,3,315.0,14,4,31.82,65,25.0,0.25,0.4
338.0,5,pa_6_rev,NEG_E5,25.0,5,0.0,0,0.0,0.0,0,0,5,3,315.0,14,4,31.82,65,0.0,0.0,0.0
338.0,5,pa_7,E6,20.0,4,0.0,0,0.0,0.0,0,0,4,2,315.0,14,4,31.82,65,0.0,0.0,0.0
338.0,5,pa_7_rev,NEG_E6,20.0,4,0.0,0,0.0,0.0,0,0,4,2,315.0,14,4,31.82,65,0.0,0.0,0.0
338.0,5,pa_8,E7,25.0,5,0.0,0,0.0,0.0,0,0,5,3,315.0,14,4,31.82,65,0.0,0.0,0.0
338.0,5,pa_8_rev,NEG_E7,25.0,5,125.0,5,100.0,66.67,2,2,0,1,315.0,14,4,31.82,65,25.0,0.88,1.0
339.0,5,pa_2,E0,20.0,4,80.0,4,100.0,66.67,2,2,0,1,340.0,15,4,34.09,65,20.0,0.86,1.0
339.0,5,pa_2_rev,NEG_E0,20.0,4,0.0,0,0.0,0.0,0,0,4,3,340.0,15,4,34.09,65,0.0,0.0,0.0
339.0,5,pa_3,E1,20.0,4,0.0,0,0.0,0.0,0,0,4,3,340.0,15,4,34.09,65,0.0,0.0,0.0
339.0,5,pa_3_rev,NEG_E1,20.0,4,60.0,3,75.0,0.0,0,0,1,3,340.0,15,4,34.09,65,20.0,0.43,0.75
339.0,5,pa_6,E5,25.0,5,75.0,3,60.0,0.0,0,0,2,3,340.0,15,4,34.09,65,25.0,0.38,0.6
339.0,5,pa_6_rev,NEG_E5,25.0,5,0.0,0,0.0,0.0,0,0,5,3,340.0,15,4,34.09,65,0.0,0.0,0.0
339.0,5,pa_7,E6,20.0,4,0.0,0,0.0,0.0,0,0,4,2,340.0,15,4,34.09,65,0.0,0.0,0.0
339.0,5,pa_7_rev,NEG_E6,20.0,4,0.0,0,0.0,0.0,0,0,4,2,340.0,15,4,34.09,65,0.0,0.0,0.0
339.0,5,pa_8,E7,25.0,5,0.0,0,0.0,0.0,0,0,5,3,340.0,15,4,34.09,65,0.0,0.0,0.0
339.0,5,pa_8_rev,NEG_E7,25.0,5,125.0,5,100.0,66.67,2,2,0,1,340.0,15,4,34.09,65,25.0,0.88,1.0
340.0,5,pa_2,E0,20.0,4,80.0,4,100.0,66.67,2,2,0,1,340.0,15,4,34.09,65,20.0,0.86,1.0
340.0,5,pa_2_rev,NEG_E0,20.0,4,0.0,0,0.0,0.0,0,0,4,3,340.0,15,4,34.09,65,0.0,0.0,0.0
340.0,5,pa_3,E1,20.0,4,0.0,0,0.0,0.0,0,0,4,3,340.0,15,4,34.09,65,0.0,0.0,0.0
340.0,5,pa_3_rev,NEG_E1,20.0,4,60.0,3,75.0,0.0,0,0,1,3,340.0,15,4,34.09,65,20.0,0.43,0.75
340.0,5,pa_6,E5,25.0,5,75.0,3,60.0,0.0,0,0,2,3,340.0,15,4,34.09,65,25.0,0.38,0.6
340.0,5,pa_6_rev,NEG_E5,25.0,5,0.0,0,0.0,0.0,0,0,5,3,340.0,15,4,34.09,65,0.0,0.0,0.0
340.0,5,pa_7,E6,20.0,4,0.0,0,0.0,0.0,0,0,4,2,340.0,15,4,34.09,65,0.0,0.0,0.0
340.0,5,pa_7_rev,NEG_E6,20.0,4,0.0,0,0.0,0.0,0,0,4,2,340.0,15,4,34.09,65,0.0,0.0,0.0
340.0,5,pa_8,E7,25.0,5,0.0,0,0.0,0.0,0,0,5,3,340.0,15,4,34.09,65,0.0,0.0,0.0
340.0,5,pa_8_rev,NEG_E7,25.0,5,125.0,5,100.0,66.67,2,2,0,1,340.0,15,4,34.09,65,25.0,0.88,1.0
341.0,5,pa_2,E0,20.0,4,80.0,4,100.0,66.67,2,2,0,1,340.0,15,4,34.09,66,20.0,0.86,1.0
341.0,5,pa_2_rev,NEG_E0,20.0,4,0.0,0,0.0,0.0,0,0,4,3,340.0,15,4,34.09,66,0.0,0.0,0.0
341.0,5,pa_3,E1,20.0,4,0.0,0,0.0,0.0,0,0,4,3,340.0,15,4,34.09,66,0.0,0.0,0.0
341.0,5,pa_3_rev,NEG_E1,20.0,4,60.0,3,75.0,0.0,0,0,1,3,340.0,15,4,34.09,66,20.0,0.43,0.75
341.0,5,pa_6,E5,25.0,5,75.0,3,60.0,0.0,0,0,2,3,340.0,15,4,34.09,66,25.0,0.38,0.6
341.0,5,pa_6_rev,NEG_E5,25.0,5,0.0,0,0.0,0.0,0,0,5,3,340.0,15,4,34.09,66,0.0,0.0,0.0
341.0,5,pa_7,E6,20.0,4,0.0,0,0.0,0.0,0,0,4,2,340.0,15,4,34.09,66,0.0,0.0,0.0
341.0,5,pa_7_rev,NEG_E6,20.0,4,0.0,0,0.0,0.0,0,0,4,2,340.0,15,4,34.09,66,0.0,0.0,0.0
341.0,5,pa_8,E7,25.0,5,0.0,0,0.0,0.0,0,0,5,3,340.0,15,4,34.09,66,0.0,0.0,0.0
341.0,5,pa_8_rev,NEG_E7,25.0,5,125.0,5,100.0,66.67,2,2,0,1,340.0,15,4,34.09,66,25.0,0.88,1.0
342.0,5,pa_2,E0,20.0,4,80.0,4,100.0,66.67,2,2,0,1,340.0,15,4,34.09,66,20.0,0.86,1.0
342.0,5,pa_2_rev,NEG_E0,20.0,4,0.0,0,0.0,0.0,0,0,4,3,340.0,15,4,34.09,66,0.0,0.0,0.0
342.0,5,pa_3,E1,20.0,4,0.0,0,0.0,0.0,0,0,4,3,340.0,15,4,34.09,66,0.0,0.0,0.0
342.0,5,pa_3_rev,NEG_E1,20.0,4,60.0,3,75.0,0.0,0,0,1,3,340.0,15,4,34.09,66,20.0,0.43,0.75
342.0,5,pa_6,E5,25.0,5,75.0,3,60.0,0.0,0,0,2,3,340.0,15,4,34.09,66,25.0,0.38,0.6
342.0,5,pa_6_rev,NEG_E5,25.0,5,0.0,0,0.0,0.0,0,0,5,3,340.0,15,4,34.09,66,0.0,0.0,0.0
342.0,5,pa_7,E6,20.0,4,0.0,0,0.0,0.0,0,0,4,2,340.0,15,4,34.09,66,0.0,0.0,0.0
342.0,5,pa_7_rev,NEG_E6,20.0,4,0.0,0,0.0,0.0,0,0,4,2,340.0,15,4,34.09,66,0.0,0.0,0.0
342.0,5,pa_8,E7,25.0,5,0.0,0,0.0,0.0,0,0,5,3,340.0,15,4,34.09,66,0.0,0.0,0.0
342.0,5,pa_8_rev,NEG_E7,25.0,5,125.0,5,100.0,66.67,2,2,0,1,340.0,15,4,34.09,66,25.0,0.88,1.0
343.0,5,pa_2,E0,20.0,4,80.0,4,100.0,66.67,2,2,0,1,340.0,15,4,34.09,67,20.0,0.86,1.0
343.0,5,pa_2_rev,NEG_E0,20.0,4,0.0,0,0.0,0.0,0,0,4,3,340.0,15,4,34.09,67,0.0,0.0,0.0
343.0,5,pa_3,E1,20.0,4,0.0,0,0.0,0.0,0,0,4,3,340.0,15,4,34.09,67,0.0,0.0,0.0
343.0,5,pa_3_rev,NEG_E1,20.0,4,60.0,3,75.0,0.0,0,0,1,3,340.0,15,4,34.09,67,20.0,0.43,0.75
343.0,5,pa_6,E5,25.0,5,75.0,3,60.0,0.0,0,0,2,3,340.0,15,4,34.09,67,25.0,0.38,0.6
343.0,5,pa_6_rev,NEG_E5,25.0,5,0.0,0,0.0,0.0,0,0,5,3,340.0,15,4,34.09,67,0.0,0.0,0.0
343.0,5,pa_7,E6,20.0,4,0.0,0,0.0,0.0,0,0,4,2,340.0,15,4,34.09,67,0.0,0.0,0.0
343.0,5,pa_7_rev,NEG_E6,20.0,4,0.0,0,0.0,0.0,0,0,4,2,340.0,15,4,34.09,67,0.0,0.0,0.0
343.0,5,pa_8,E7,25.0,5,0.0,0,0.0,0.0,0,0,5,3,340.0,15,4,34.09,67,0.0,0.0,0.0
343.0,5,pa_8_rev,NEG_E7,25.0,5,125.0,5,100.0,66.67,2,2,0,1,340.0,15,4,34.09,67,25.0,0.88,1.0
344.0,5,pa_2,E0,20.0,4,80.0,4,100.0,66.67,2,2,0,1,340.0,15,4,34.09,67,20.0,0.86,1.0
344.0,5,pa_2_rev,NEG_E0,20.0,4,0.0,0,0.0,0.0,0,0,4,3,340.0,15,4,34.09,67,0.0,0.0,0.0
344.0,5,pa_3,E1,20.0,4,0.0,0,0.0,0.0,0,0,4,3,340.0,15,4,34.09,67,0.0,0.0,0.0
344.0,5,pa_3_rev,NEG_E1,20.0,4,60.0,3,75.0,0.0,0,0,1,3,340.0,15,4,34.09,67,20.0,0.43,0.75
344.0,5,pa_6,E5,25.0,5,75.0,3,60.0,0.0,0,0,2,3,340.0,15,4,34.09,67,25.0,0.38,0.6
344.0,5,pa_6_rev,NEG_E5,25.0,5,0.0,0,0.0,0.0,0,0,5,3,340.0,15,4,34.09,67,0.0,0.0,0.0
344.0,5,pa_7,E6,20.0,4,0.0,0,0.0,0.0,0,0,4,2,340.0,15,4,34.09,67,0.0,0.0,0.0
344.0,5,pa_7_rev,NEG_E6,20.0,4,0.0,0,0.0,0.0,0,0,4,2,340.0,15,4,34.09,67,0.0,0.0,0.0
344.0,5,pa_8,E7,25.0,5,0.0,0,0.0,0.0,0,0,5,3,340.0,15,4,34.09,67,0.0,0.0,0.0
344.0,5,pa_8_rev,NEG_E7,25.0,5,125.0,5,100.0,66.67,2,2,0,1,340.0,15,4,34.09,67,25.0,0.88,1.0
345.0,5,pa_2,E0,20.0,4,80.0,4,100.0,66.67,2,2,0,1,340.0,15,4,34.09,67,20.0,0.86,1.0
345.0,5,pa_2_rev,NEG_E0,20.0,4,0.0,0,0.0,0.0,0,0,4,3,340.0,15,4,34.09,67,0.0,0.0,0.0
345.0,5,pa_3,E1,20.0,4,0.0,0,0.0,0.0,0,0,4,3,340.0,15,4,34.09,67,0.0,0.0,0.0
345.0,5,pa_3_rev,NEG_E1,20.0,4,60.0,3,75.0,0.0,0,0,1,3,340.0,15,4,34.09,67,20.0,0.43,0.75
345.0,5,pa_6,E5,25.0,5,75.0,3,60.0,0.0,0,0,2,3,340.0,15,4,34.09,67,25.0,0.38,0.6
345.0,5,pa_6_rev,NEG_E5,25.0,5,0.0,0,0.0,0.0,0,0,5,3,340.0,15,4,34.09,67,0.0,0.0,0.0
345.0,5,pa_7,E6,20.0,4,0.0,0,0.0,0.0,0,0,4,2,340.0,15,4,34.09,67,0.0,0.0,0.0
345.0,5,pa_7_rev,NEG_E6,20.0,4,0.0,0,0.0,0.0,0,0,4,2,340.0,15,4,34.09,67,0.0,0.0,0.0
345.0,5,pa_8,E7,25.0,5,0.0,0,0.0,0.0,0,0,5,3,340.0,15,4,34.09,67,0.0,0.0,0.0
345.0,5,pa_8_rev,NEG_E7,25.0,5,125.0,5,100.0,66.67,2,2,0,1,340.0,15,4,34.09,67,25.0,0.88,1.0
346.0,5,pa_2,E0,20.0,4,80.0,4,100.0,66.67,2,2,0,1,340.0,15,4,34.09,67,20.0,0.86,1.0
346.0,5,pa_2_rev,NEG_E0,20.0,4,0.0,0,0.0,0.0,0,0,4,3,340.0,15,4,34.09,67,0.0,0.0,0.0
346.0,5,pa_3,E1,20.0,4,0.0,0,0.0,0.0,0,0,4,3,340.0,15,4,34.09,67,0.0,0.0,0.0
346.0,5,pa_3_rev,NEG_E1,20.0,4,60.0,3,75.0,0.0,0,0,1,3,340.0,15,4,34.09,67,20.0,0.43,0.75
346.0,5,pa_6,E5,25.0,5,75.0,3,60.0,0.0,0,0,2,3,340.0,15,4,34.09,67,25.0,0.38,0.6
346.0,5,pa_6_rev,NEG_E5,25.0,5,0.0,0,0.0,0.0,0,0,5,3,340.0,15,4,34.09,67,0.0,0.0,0.0
346.0,5,pa_7,E6,20.0,4,0.0,0,0.0,0.0,0,0,4,2,340.0,15,4,34.09,67,0.0,0.0,0.0
346.0,5,pa_7_rev,NEG_E6,20.0,4,0.0,0,0.0,0.0,0,0,4,2,340.0,15,4,34.09,67,0.0,0.0,0.0
346.0,5,pa_8,E7,25.0,5,0.0,0,0.0,0.0,0,0,5,3,340.0,15,4,34.09,67,0.0,0.0,0.0
346.0,5,pa_8_rev,NEG_E7,25.0,5,125.0,5,100.0,66.67,2,2,0,1,340.0,15,4,34.09,67,25.0,0.88,1.0
347.0,5,pa_2,E0,20.0,4,80.0,4,100.0,66.67,2,2,0,1,340.0,15,4,34.09,67,20.0,0.86,1.0
347.0,5,pa_2_rev,NEG_E0,20.0,4,0.0,0,0.0,0.0,0,0,4,3,340.0,15,4,34.09,67,0.0,0.0,0.0
347.0,5,pa_3,E1,20.0,4,0.0,0,0.0,0.0,0,0,4,3,340.0,15,4,34.09,67,0.0,0.0,0.0
347.0,5,pa_3_rev,NEG_E1,20.0,4,60.0,3,75.0,0.0,0,0,1,3,340.0,15,4,34.09,67,20.0,0.43,0.75
347.0,5,pa_6,E5,25.0,5,75.0,3,60.0,0.0,0,0,2,3,340.0,15,4,34.09,67,25.0,0.38,0.6
347.0,5,pa_6_rev,NEG_E5,25.0,5,0.0,0,0.0,0.0,0,0,5,3,340.0,15,4,34.09,67,0.0,0.0,0.0
347.0,5,pa_7,E6,20.0,4,0.0,0,0.0,0.0,0,0,4,2,340.0,15,4,34.09,67,0.0,0.0,0.0
347.0,5,pa_7_rev,NEG_E6,20.0,4,0.0,0,0.0,0.0,0,0,4,2,340.0,15,4,34.09,67,0.0,0.0,0.0
347.0,5,pa_8,E7,25.0,5,0.0,0,0.0,0.0,0,0,5,3,340.0,15,4,34.09,67,0.0,0.0,0.0
347.0,5,pa_8_rev,NEG_E7,25.0,5,125.0,5,100.0,66.67,2,2,0,1,340.0,15,4,34.09,67,25.0,0.88,1.0
348.0,5,pa_2,E0,20.0,4,80.0,4,100.0,66.67,2,2,0,1,340.0,15,5,34.09,67,20.0,0.86,1.0
348.0,5,pa_2_rev,NEG_E0,20.0,4,0.0,0,0.0,0.0,0,0,4,3,340.0,15,5,34.09,67,0.0,0.0,0.0
348.0,5,pa_3,E1,20.0,4,0.0,0,0.0,0.0,0,0,4,3,340.0,15,5,34.09,67,0.0,0.0,0.0
348.0,5,pa_3_rev,NEG_E1,20.0,4,60.0,3,75.0,0.0,0,0,1,3,340.0,15,5,34.09,67,20.0,0.43,0.75
348.0,5,pa_6,E5,25.0,5,75.0,3,60.0,0.0,0,0,2,3,340.0,15,5,34.09,67,25.0,0.38,0.6
348.0,5,pa_6_rev,NEG_E5,25.0,5,0.0,0,0.0,0.0,0,0,5,3,340.0,15,5,34.09,67,0.0,0.0,0.0
348.0,5,pa_7,E6,20.0,4,0.0,0,0.0,0.0,0,0,4,2,340.0,15,5,34.09,67,0.0,0.0,0.0
348.0,5,pa_7_rev,NEG_E6,20.0,4,0.0,0,0.0,0.0,0,0,4,2,340.0,15,5,34.09,67,0.0,0.0,0.0
348.0,5,pa_8,E7,25.0,5,0.0,0,0.0,0.0,0,0,5,3,340.0,15,5,34.09,67,0.0,0.0,0.0
348.0,5,pa_8_rev,NEG_E7,25.0,5,125.0,5,100.0,100.0,3,3,0,0,340.0,15,5,34.09,67,25.0,1.0,1.0
349.0,5,pa_2,E0,20.0,4,80.0,4,100.0,66.67,2,2,0,1,340.0,15,5,34.09,67,20.0,0.86,1.0
349.0,5,pa_2_rev,NEG_E0,20.0,4,0.0,0,0.0,0.0,0,0,4,3,340.0,15,5,34.09,67,0.0,0.0,0.0
349.0,5,pa_3,E1,20.0,4,0.0,0,0.0,0.0,0,0,4,3,340.0,15,5,34.09,67,0.0,0.0,0.0
349.0,5,pa_3_rev,NEG_E1,20.0,4,60.0,3,75.0,0.0,0,0,1,3,340.0,15,5,34.09,67,20.0,0.43,0.75
349.0,5,pa_6,E5,25.0,5,75.0,3,60.0,0.0,0,0,2,3,340.0,15,5,34.09,67,25.0,0.38,0.6
349.0,5,pa_6_rev,NEG_E5,25.0,5,0.0,0,0.0,0.0,0,0,5,3,340.0,15,5,34.09,67,0.0,0.0,0.0
349.0,5,pa_7,E6,20.0,4,0.0,0,0.0,0.0,0,0,4,2,340.0,15,5,34.09,67,0.0,0.0,0.0
349.0,5,pa_7_rev,NEG_E6,20.0,4,0.0,0,0.0,0.0,0,0,4,2,340.0,15,5,34.09,67,0.0,0.0,0.0
349.0,5,pa_8,E7,25.0,5,0.0,0,0.0,0.0,0,0,5,3,340.0,15,5,34.09,67,0.0,0.0,0.0
349.0,5,pa_8_rev,NEG_E7,25.0,5,125.0,5,100.0,100.0,3,3,0,0,340.0,15,5,34.09,67,25.0,1.0,1.0
350.0,5,pa_2,E0,20.0,4,80.0,4,100.0,66.67,2,2,0,1,340.0,15,5,34.09,67,20.0,0.86,1.0
350.0,5,pa_2_rev,NEG_E0,20.0,4,0.0,0,0.0,0.0,0,0,4,3,340.0,15,5,34.09,67,0.0,0.0,0.0
350.0,5,pa_3,E1,20.0,4,0.0,0,0.0,0.0,0,0,4,3,340.0,15,5,34.09,67,0.0,0.0,0.0
350.0,5,pa_3_rev,NEG_E1,20.0,4,60.0,3,75.0,0.0,0,0,1,3,340.0,15,5,34.09,67,20.0,0.43,0.75
350.0,5,pa_6,E5,25.0,5,75.0,3,60.0,0.0,0,0,2,3,340.0,15,5,34.09,67,25.0,0.38,0.6
350.0,5,pa_6_rev,NEG_E5,25.0,5,0.0,0,0.0,0.0,0,0,5,3,340.0,15,5,34.09,67,0.0,0.0,0.0
350.0,5,pa_7,E6,20.0,4,0.0,0,0.0,0.0,0,0,4,2,340.0,15,5,34.09,67,0.0,0.0,0.0
350.0,5,pa_7_rev,NEG_E6,20.0,4,0.0,0,0.0,0.0,0,0,4,2,340.0,15,5,34.09,67,0.0,0.0,0.0
350.0,5,pa_8,E7,25.0,5,0.0,0,0.0,0.0,0,0,5,3,340.0,15,5,34.09,67,0.0,0.0,0.0
350.0,5,pa_8_rev,NEG_E7,25.0,5,125.0,5,100.0,100.0,3,3,0,0,340.0,15,5,34.09,67,25.0,1.0,1.0
351.0,5,pa_2,E0,20.0,4,80.0,4,100.0,66.67,2,2,0,1,340.0,15,5,34.09,69,20.0,0.86,1.0
351.0,5,pa_2_rev,NEG_E0,20.0,4,0.0,0,0.0,0.0,0,0,4,3,340.0,15,5,34.09,69,0.0,0.0,0.0
351.0,5,pa_3,E1,20.0,4,0.0,0,0.0,0.0,0,0,4,3,340.0,15,5,34.09,69,0.0,0.0,0.0
351.0,5,pa_3_rev,NEG_E1,20.0,4,60.0,3,75.0,0.0,0,0,1,3,340.0,15,5,34.09,69,20.0,0.43,0.75
351.0,5,pa_6,E5,25.0,5,75.0,3,60.0,0.0,0,0,2,3,340.0,15,5,34.09,69,25.0,0.38,0.6
351.0,5,pa_6_rev,NEG_E5,25.0,5,0.0,0,0.0,0.0,0,0,5,3,340.0,15,5,34.09,69,0.0,0.0,0.0
351.0,5,pa_7,E6,20.0,4,0.0,0,0.0,0.0,0,0,4,2,340.0,15,5,34.09,69,0.0,0.0,0.0
351.0,5,pa_7_rev,NEG_E6,20.0,4,0.0,0,0.0,0.0,0,0,4,2,340.0,15,5,34.09,69,0.0,0.0,0.0
351.0,5,pa_8,E7,25.0,5,0.0,0,0.0,0.0,0,0,5,3,340.0,15,5,34.09,69,0.0,0.0,0.0
351.0,5,pa_8_rev,NEG_E7,25.0,5,125.0,5,100.0,100.0,3,3,0,0,340.0,15,5,34.09,69,25.0,1.0,1.0
352.0,5,pa_2,E0,20.0,4,80.0,4,100.0,66.67,2,2,0,1,340.0,15,5,34.09,69,20.0,0.86,1.0
352.0,5,pa_2_rev,NEG_E0,20.0,4,0.0,0,0.0,0.0,0,0,4,3,340.0,15,5,34.09,69,0.0,0.0,0.0
352.0,5,pa_3,E1,20.0,4,0.0,0,0.0,0.0,0,0,4,3,340.0,15,5,34.09,69,0.0,0.0,0.0
352.0,5,pa_3_rev,NEG_E1,20.0,4,60.0,3,75.0,0.0,0,0,1,3,340.0,15,5,34.09,69,20.0,0.43,0.75
352.0,5,pa_6,E5,25.0,5,75.0,3,60.0,0.0,0,0,2,3,340.0,15,5,34.09,69,25.0,0.38,0.6
352.0,5,pa_6_rev,NEG_E5,25.0,5,0.0,0,0.0,0.0,0,0,5,3,340.0,15,5,34.09,69,0.0,0.0,0.0
352.0,5,pa_7,E6,20.0,4,0.0,0,0.0,0.0,0,0,4,2,340.0,15,5,34.09,69,0.0,0.0,0.0
352.0,5,pa_7_rev,NEG_E6,20.0,4,0.0,0,0.0,0.0,0,0,4,2,340.0,15,5,34.09,69,0.0,0.0,0.0
352.0,5,pa_8,E7,25.0,5,0.0,0,0.0,0.0,0,0,5,3,340.0,15,5,34.09,69,0.0,0.0,0.0
352.0,5,pa_8_rev,NEG_E7,25.0,5,125.0,5,100.0,100.0,3,3,0,0,340.0,15,5,34.09,69,25.0,1.0,1.0
353.0,5,pa_2,E0,20.0,4,80.0,4,100.0,66.67,2,2,0,1,340.0,15,5,34.09,70,20.0,0.86,1.0
353.0,5,pa_2_rev,NEG_E0,20.0,4,0.0,0,0.0,0.0,0,0,4,3,340.0,15,5,34.09,70,0.0,0.0,0.0
353.0,5,pa_3,E1,20.0,4,0.0,0,0.0,0.0,0,0,4,3,340.0,15,5,34.09,70,0.0,0.0,0.0
353.0,5,pa_3_rev,NEG_E1,20.0,4,60.0,3,75.0,0.0,0,0,1,3,340.0,15,5,34.09,70,20.0,0.43,0.75
353.0,5,pa_6,E5,25.0,5,75.0,3,60.0,0.0,0,0,2,3,340.0,15,5,34.09,70,25.0,0.38,0.6
353.0,5,pa_6_rev,NEG_E5,25.0,5,0.0,0,0.0,0.0,0,0,5,3,340.0,15,5,34.09,70,0.0,0.0,0.0
353.0,5,pa_7,E6,20.0,4,0.0,0,0.0,0.0,0,0,4,2,340.0,15,5,34.09,70,0.0,0.0,0.0
353.0,5,pa_7_rev,NEG_E6,20.0,4,0.0,0,0.0,0.0,0,0,4,2,340.0,15,5,34.09,70,0.0,0.0,0.0
353.0,5,pa_8,E7,25.0,5,0.0,0,0.0,0.0,0,0,5,3,340.0,15,5,34.09,70,0.0,0.0,0.0
353.0,5,pa_8_rev,NEG_E7,25.0,5,125.0,5,100.0,100.0,3,3,0,0,340.0,15,5,34.09,70,25.0,1.0,1.0
354.0,5,pa_2,E0,20.0,4,80.0,4,100.0,66.67,2,2,0,1,340.0,15,5,34.09,70,20.0,0.86,1.0
354.0,5,pa_2_rev,NEG_E0,20.0,4,0.0,0,0.0,0.0,0,0,4,3,340.0,15,5,34.09,70,0.0,0.0,0.0
354.0,5,pa_3,E1,20.0,4,0.0,0,0.0,0.0,0,0,4,3,340.0,15,5,34.09,70,0.0,0.0,0.0
354.0,5,pa_3_rev,NEG_E1,20.0,4,60.0,3,75.0,0.0,0,0,1,3,340.0,15,5,34.09,70,20.0,0.43,0.75
354.0,5,pa_6,E5,25.0,5,75.0,3,60.0,0.0,0,0,2,3,340.0,15,5,34.09,70,25.0,0.38,0.6
354.0,5,pa_6_rev,NEG_E5,25.0,5,0.0,0,0.0,0.0,0,0,5,3,340.0,15,5,34.09,70,0.0,0.0,0.0
354.0,5,pa_7,E6,20.0,4,0.0,0,0.0,0.0,0,0,4,2,340.0,15,5,34.09,70,0.0,0.0,0.0
354.0,5,pa_7_rev,NEG_E6,20.0,4,0.0,0,0.0,0.0,0,0,4,2,340.0,15,5,34.09,70,0.0,0.0,0.0
354.0,5,pa_8,E7,25.0,5,0.0,0,0.0,0.0,0,0,5,3,340.0,15,5,34.09,70,0.0,0.0,0.0
354.0,5,pa_8_rev,NEG_E7,25.0,5,125.0,5,100.0,100.0,3,3,0,0,340.0,15,5,34.09,70,25.0,1.0,1.0
355.0,5,pa_2,E0,20.0,4,80.0,4,100.0,66.67,2,2,0,1,340.0,15,5,34.09,70,20.0,0.86,1.0
355.0,5,pa_2_rev,NEG_E0,20.0,4,0.0,0,0.0,0.0,0,0,4,3,340.0,15,5,34.09,70,0.0,0.0,0.0
355.0,5,pa_3,E1,20.0,4,0.0,0,0.0,0.0,0,0,4,3,340.0,15,5,34.09,70,0.0,0.0,0.0
355.0,5,pa_3_rev,NEG_E1,20.0,4,60.0,3,75.0,0.0,0,0,1,3,340.0,15,5,34.09,70,20.0,0.43,0.75
355.0,5,pa_6,E5,25.0,5,75.0,3,60.0,0.0,0,0,2,3,340.0,15,5,34.09,70,25.0,0.38,0.6
355.0,5,pa_6_rev,NEG_E5,25.0,5,0.0,0,0.0,0.0,0,0,5,3,340.0,15,5,34.09,70,0.0,0.0,0.0
355.0,5,pa_7,E6,20.0,4,0.0,0,0.0,0.0,0,0,4,2,340.0,15,5,34.09,70,0.0,0.0,0.0
355.0,5,pa_7_rev,NEG_E6,20.0,4,0.0,0,0.0,0.0,0,0,4,2,340.0,15,5,34.09,70,0.0,0.0,0.0
355.0,5,pa_8,E7,25.0,5,0.0,0,0.0,0.0,0,0,5,3,340.0,15,5,34.09,70,0.0,0.0,0.0
355.0,5,pa_8_rev,NEG_E7,25.0,5,125.0,5,100.0,100.0,3,3,0,0,340.0,15,5,34.09,70,25.0,1.0,1.0
356.0,5,pa_2,E0,20.0,4,80.0,4,100.0,66.67,2,2,0,1,340.0,15,5,34.09,70,20.0,0.86,1.0
356.0,5,pa_2_rev,NEG_E0,20.0,4,0.0,0,0.0,0.0,0,0,4,3,340.0,15,5,34.09,70,0.0,0.0,0.0
356.0,5,pa_3,E1,20.0,4,0.0,0,0.0,0.0,0,0,4,3,340.0,15,5,34.09,70,0.0,0.0,0.0
356.0,5,pa_3_rev,NEG_E1,20.0,4,60.0,3,75.0,0.0,0,0,1,3,340.0,15,5,34.09,70,20.0,0.43,0.75
356.0,5,pa_6,E5,25.0,5,75.0,3,60.0,0.0,0,0,2,3,340.0,15,5,34.09,70,25.0,0.38,0.6
356.0,5,pa_6_rev,NEG_E5,25.0,5,0.0,0,0.0,0.0,0,0,5,3,340.0,15,5,34.09,70,0.0,0.0,0.0
356.0,5,pa_7,E6,20.0,4,0.0,0,0.0,0.0,0,0,4,2,340.0,15,5,34.09,70,0.0,0.0,0.0
356.0,5,pa_7_rev,NEG_E6,20.0,4,0.0,0,0.0,0.0,0,0,4,2,340.0,15,5,34.09,70,0.0,0.0,0.0
356.0,5,pa_8,E7,25.0,5,0.0,0,0.0,0.0,0,0,5,3,340.0,15,5,34.09,70,0.0,0.0,0.0
356.0,5,pa_8_rev,NEG_E7,25.0,5,125.0,5,100.0,100.0,3,3,0,0,340.0,15,5,34.09,70,25.0,1.0,1.0
357.0,5,pa_2,E0,20.0,4,80.0,4,100.0,66.67,2,2,0,1,340.0,15,5,34.09,70,20.0,0.86,1.0
357.0,5,pa_2_rev,NEG_E0,20.0,4,0.0,0,0.0,0.0,0,0,4,3,340.0,15,5,34.09,70,0.0,0.0,0.0
357.0,5,pa_3,E1,20.0,4,0.0,0,0.0,0.0,0,0,4,3,340.0,15,5,34.09,70,0.0,0.0,0.0
357.0,5,pa_3_rev,NEG_E1,20.0,4,60.0,3,75.0,0.0,0,0,1,3,340.0,15,5,34.09,70,20.0,0.43,0.75
357.0,5,pa_6,E5,25.0,5,75.0,3,60.0,0.0,0,0,2,3,340.0,15,5,34.09,70,25.0,0.38,0.6
357.0,5,pa_6_rev,NEG_E5,25.0,5,0.0,0,0.0,0.0,0,0,5,3,340.0,15,5,34.09,70,0.0,0.0,0.0
357.0,5,pa_7,E6,20.0,4,0.0,0,0.0,0.0,0,0,4,2,340.0,15,5,34.09,70,0.0,0.0,0.0
357.0,5,pa_7_rev,NEG_E6,20.0,4,0.0,0,0.0,0.0,0,0,4,2,340.0,15,5,34.09,70,0.0,0.0,0.0
357.0,5,pa_8,E7,25.0,5,0.0,0,0.0,0.0,0,0,5,3,340.0,15,5,34.09,70,0.0,0.0,0.0
357.0,5,pa_8_rev,NEG_E7,25.0,5,125.0,5,100.0,100.0,3,3,0,0,340.0,15,5,34.09,70,25.0,1.0,1.0
358.0,5,pa_2,E0,20.0,4,80.0,4,100.0,66.67,2,2,0,1,340.0,15,5,34.09,72,20.0,0.86,1.0
358.0,5,pa_2_rev,NEG_E0,20.0,4,0.0,0,0.0,0.0,0,0,4,3,340.0,15,5,34.09,72,0.0,0.0,0.0
358.0,5,pa_3,E1,20.0,4,0.0,0,0.0,0.0,0,0,4,3,340.0,15,5,34.09,72,0.0,0.0,0.0
358.0,5,pa_3_rev,NEG_E1,20.0,4,60.0,3,75.0,0.0,0,0,1,3,340.0,15,5,34.09,72,20.0,0.43,0.75
358.0,5,pa_6,E5,25.0,5,75.0,3,60.0,0.0,0,0,2,3,340.0,15,5,34.09,72,25.0,0.38,0.6
358.0,5,pa_6_rev,NEG_E5,25.0,5,0.0,0,0.0,0.0,0,0,5,3,340.0,15,5,34.09,72,0.0,0.0,0.0
358.0,5,pa_7,E6,20.0,4,0.0,0,0.0,0.0,0,0,4,2,340.0,15,5,34.09,72,0.0,0.0,0.0
358.0,5,pa_7_rev,NEG_E6,20.0,4,0.0,0,0.0,0.0,0,0,4,2,340.0,15,5,34.09,72,0.0,0.0,0.0
358.0,5,pa_8,E7,25.0,5,0.0,0,0.0,0.0,0,0,5,3,340.0,15,5,34.09,72,0.0,0.0,0.0
358.0,5,pa_8_rev,NEG_E7,25.0,5,125.0,5,100.0,100.0,3,3,0,0,340.0,15,5,34.09,72,25.0,1.0,1.0
359.0,5,pa_2,E0,20.0,4,80.0,4,100.0,66.67,2,2,0,1,340.0,15,5,34.09,72,20.0,0.86,1.0
359.0,5,pa_2_rev,NEG_E0,20.0,4,0.0,0,0.0,0.0,0,0,4,3,340.0,15,5,34.09,72,0.0,0.0,0.0
359.0,5,pa_3,E1,20.0,4,0.0,0,0.0,0.0,0,0,4,3,340.0,15,5,34.09,72,0.0,0.0,0.0
359.0,5,pa_3_rev,NEG_E1,20.0,4,60.0,3,75.0,0.0,0,0,1,3,340.0,15,5,34.09,72,20.0,0.43,0.75
359.0,5,pa_6,E5,25.0,5,75.0,3,60.0,0.0,0,0,2,3,340.0,15,5,34.09,72,25.0,0.38,0.6
359.0,5,pa_6_rev,NEG_E5,25.0,5,0.0,0,0.0,0.0,0,0,5,3,340.0,15,5,34.09,72,0.0,0.0,0.0
359.0,5,pa_7,E6,20.0,4,0.0,0,0.0,0.0,0,0,4,2,340.0,15,5,34.09,72,0.0,0.0,0.0
359.0,5,pa_7_rev,NEG_E6,20.0,4,0.0,0,0.0,0.0,0,0,4,2,340.0,15,5,34.09,72,0.0,0.0,0.0
359.0,5,pa_8,E7,25.0,5,0.0,0,0.0,0.0,0,0,5,3,340.0,15,5,34.09,72,0.0,0.0,0.0
359.0,5,pa_8_rev,NEG_E7,25.0,5,125.0,5,100.0,100.0,3,3,0,0,340.0,15,5,34.09,72,25.0,1.0,1.0
360.0,6,pa_2,E0,20.0,4,80.0,4,100.0,66.67,2,2,0,1,340.0,15,5,34.09,72,20.0,0.86,1.0
360.0,6,pa_2_rev,NEG_E0,20.0,4,0.0,0,0.0,0.0,0,0,4,3,340.0,15,5,34.09,72,0.0,0.0,0.0
360.0,6,pa_3,E1,20.0,4,0.0,0,0.0,0.0,0,0,4,3,340.0,15,5,34.09,72,0.0,0.0,0.0
360.0,6,pa_3_rev,NEG_E1,20.0,4,60.0,3,75.0,0.0,0,0,1,3,340.0,15,5,34.09,72,20.0,0.43,0.75
360.0,6,pa_6,E5,25.0,5,75.0,3,60.0,0.0,0,0,2,3,340.0,15,5,34.09,72,25.0,0.38,0.6
360.0,6,pa_6_rev,NEG_E5,25.0,5,0.0,0,0.0,0.0,0,0,5,3,340.0,15,5,34.09,72,0.0,0.0,0.0
360.0,6,pa_7,E6,20.0,4,0.0,0,0.0,0.0,0,0,4,2,340.0,15,5,34.09,72,0.0,0.0,0.0
360.0,6,pa_7_rev,NEG_E6,20.0,4,0.0,0,0.0,0.0,0,0,4,2,340.0,15,5,34.09,72,0.0,0.0,0.0
360.0,6,pa_8,E7,25.0,5,0.0,0,0.0,0.0,0,0,5,3,340.0,15,5,34.09,72,0.0,0.0,0.0
360.0,6,pa_8_rev,NEG_E7,25.0,5,125.0,5,100.0,100.0,3,3,0,0,340.0,15,5,34.09,72,25.0,1.0,1.0
361.0,6,pa_2,E0,20.0,4,80.0,4,100.0,66.67,2,2,0,1,340.0,15,5,34.09,74,20.0,0.86,1.0
361.0,6,pa_2_rev,NEG_E0,20.0,4,0.0,0,0.0,0.0,0,0,4,3,340.0,15,5,34.09,74,0.0,0.0,0.0
361.0,6,pa_3,E1,20.0,4,0.0,0,0.0,0.0,0,0,4,3,340.0,15,5,34.09,74,0.0,0.0,0.0
361.0,6,pa_3_rev,NEG_E1,20.0,4,60.0,3,75.0,0.0,0,0,1,3,340.0,15,5,34.09,74,20.0,0.43,0.75
361.0,6,pa_6,E5,25.0,5,75.0,3,60.0,0.0,0,0,2,3,340.0,15,5,34.09,74,25.0,0.38,0.6
361.0,6,pa_6_rev,NEG_E5,25.0,5,0.0,0,0.0,0.0,0,0,5,3,340.0,15,5,34.09,74,0.0,0.0,0.0
361.0,6,pa_7,E6,20.0,4,0.0,0,0.0,0.0,0,0,4,2,340.0,15,5,34.09,74,0.0,0.0,0.0
361.0,6,pa_7_rev,NEG_E6,20.0,4,0.0,0,0.0,0.0,0,0,4,2,340.0,15,5,34.09,74,0.0,0.0,0.0
361.0,6,pa_8,E7,25.0,5,0.0,0,0.0,0.0,0,0,5,3,340.0,15,5,34.09,74,0.0,0.0,0.0
361.0,6,pa_8_rev,NEG_E7,25.0,5,125.0,5,100.0,100.0,3,3,0,0,340.0,15,5,34.09,74,25.0,1.0,1.0
362.0,6,pa_2,E0,20.0,4,80.0,4,100.0,66.67,2,2,0,1,340.0,15,5,34.09,74,20.0,0.86,1.0
362.0,6,pa_2_rev,NEG_E0,20.0,4,0.0,0,0.0,0.0,0,0,4,3,340.0,15,5,34.09,74,0.0,0.0,0.0
362.0,6,pa_3,E1,20.0,4,0.0,0,0.0,0.0,0,0,4,3,340.0,15,5,34.09,74,0.0,0.0,0.0
362.0,6,pa_3_rev,NEG_E1,20.0,4,60.0,3,75.0,0.0,0,0,1,3,340.0,15,5,34.09,74,20.0,0.43,0.75
362.0,6,pa_6,E5,25.0,5,75.0,3,60.0,0.0,0,0,2,3,340.0,15,5,34.09,74,25.0,0.38,0.6
362.0,6,pa_6_rev,NEG_E5,25.0,5,0.0,0,0.0,0.0,0,0,5,3,340.0,15,5,34.09,74,0.0,0.0,0.0
362.0,6,pa_7,E6,20.0,4,0.0,0,0.0,0.0,0,0,4,2,340.0,15,5,34.09,74,0.0,0.0,0.0
362.0,6,pa_7_rev,NEG_E6,20.0,4,0.0,0,0.0,0.0,0,0,4,2,340.0,15,5,34.09,74,0.0,0.0,0.0
362.0,6,pa_8,E7,25.0,5,0.0,0,0.0,0.0,0,0,5,3,340.0,15,5,34.09,74,0.0,0.0,0.0
362.0,6,pa_8_rev,NEG_E7,25.0,5,125.0,5,100.0,100.0,3,3,0,0,340.0,15,5,34.09,74,25.0,1.0,1.0
363.0,6,pa_2,E0,20.0,4,80.0,4,100.0,66.67,2,2,0,1,340.0,15,5,34.09,75,20.0,0.86,1.0
363.0,6,pa_2_rev,NEG_E0,20.0,4,0.0,0,0.0,0.0,0,0,4,3,340.0,15,5,34.09,75,0.0,0.0,0.0
363.0,6,pa_3,E1,20.0,4,0.0,0,0.0,0.0,0,0,4,3,340.0,15,5,34.09,75,0.0,0.0,0.0
363.0,6,pa_3_rev,NEG_E1,20.0,4,60.0,3,75.0,0.0,0,0,1,3,340.0,15,5,34.09,75,20.0,0.43,0.75
363.0,6,pa_6,E5,25.0,5,75.0,3,60.0,0.0,0,0,2,3,340.0,15,5,34.09,75,25.0,0.38,0.6
363.0,6,pa_6_rev,NEG_E5,25.0,5,0.0,0,0.0,0.0,0,0,5,3,340.0,15,5,34.09,75,0.0,0.0,0.0
363.0,6,pa_7,E6,20.0,4,0.0,0,0.0,0.0,0,0,4,2,340.0,15,5,34.09,75,0.0,0.0,0.0
363.0,6,pa_7_rev,NEG_E6,20.0,4,0.0,0,0.0,0.0,0,0,4,2,340.0,15,5,34.09,75,0.0,0.0,0.0
363.0,6,pa_8,E7,25.0,5,0.0,0,0.0,0.0,0,0,5,3,340.0,15,5,34.09,75,0.0,0.0,0.0
363.0,6,pa_8_rev,NEG_E7,25.0,5,125.0,5,100.0,100.0,3,3,0,0,340.0,15,5,34.09,75,25.0,1.0,1.0
364.0,6,pa_2,E0,20.0,4,80.0,4,100.0,66.67,2,2,0,1,340.0,15,5,34.09,75,20.0,0.86,1.0
364.0,6,pa_2_rev,NEG_E0,20.0,4,0.0,0,0.0,0.0,0,0,4,3,340.0,15,5,34.09,75,0.0,0.0,0.0
364.0,6,pa_3,E1,20.0,4,0.0,0,0.0,0.0,0,0,4,3,340.0,15,5,34.09,75,0.0,0.0,0.0
364.0,6,pa_3_rev,NEG_E1,20.0,4,60.0,3,75.0,0.0,0,0,1,3,340.0,15,5,34.09,75,20.0,0.43,0.75
364.0,6,pa_6,E5,25.0,5,75.0,3,60.0,0.0,0,0,2,3,340.0,15,5,34.09,75,25.0,0.38,0.6
364.0,6,pa_6_rev,NEG_E5,25.0,5,0.0,0,0.0,0.0,0,0,5,3,340.0,15,5,34.09,75,0.0,0.0,0.0
364.0,6,pa_7,E6,20.0,4,0.0,0,0.0,0.0,0,0,4,2,340.0,15,5,34.09,75,0.0,0.0,0.0
364.0,6,pa_7_rev,NEG_E6,20.0,4,0.0,0,0.0,0.0,0,0,4,2,340.0,15,5,34.09,75,0.0,0.0,0.0
364.0,6,pa_8,E7,25.0,5,0.0,0,0.0,0.0,0,0,5,3,340.0,15,5,34.09,75,0.0,0.0,0.0
364.0,6,pa_8_rev,NEG_E7,25.0,5,125.0,5,100.0,100.0,3,3,0,0,340.0,15,5,34.09,75,25.0,1.0,1.0
365.0,6,pa_2,E0,20.0,4,80.0,4,100.0,66.67,2,2,0,1,340.0,15,5,34.09,75,20.0,0.86,1.0
365.0,6,pa_2_rev,NEG_E0,20.0,4,0.0,0,0.0,0.0,0,0,4,3,340.0,15,5,34.09,75,0.0,0.0,0.0
365.0,6,pa_3,E1,20.0,4,0.0,0,0.0,0.0,0,0,4,3,340.0,15,5,34.09,75,0.0,0.0,0.0
365.0,6,pa_3_rev,NEG_E1,20.0,4,60.0,3,75.0,0.0,0,0,1,3,340.0,15,5,34.09,75,20.0,0.43,0.75
365.0,6,pa_6,E5,25.0,5,75.0,3,60.0,0.0,0,0,2,3,340.0,15,5,34.09,75,25.0,0.38,0.6
365.0,6,pa_6_rev,NEG_E5,25.0,5,0.0,0,0.0,0.0,0,0,5,3,340.0,15,5,34.09,75,0.0,0.0,0.0
365.0,6,pa_7,E6,20.0,4,0.0,0,0.0,0.0,0,0,4,2,340.0,15,5,34.09,75,0.0,0.0,0.0
365.0,6,pa_7_rev,NEG_E6,20.0,4,0.0,0,0.0,0.0,0,0,4,2,340.0,15,5,34.09,75,0.0,0.0,0.0
365.0,6,pa_8,E7,25.0,5,0.0,0,0.0,0.0,0,0,5,3,340.0,15,5,34.09,75,0.0,0.0,0.0
365.0,6,pa_8_rev,NEG_E7,25.0,5,125.0,5,100.0,100.0,3,3,0,0,340.0,15,5,34.09,75,25.0,1.0,1.0
366.0,6,pa_2,E0,20.0,4,80.0,4,100.0,66.67,2,2,0,1,340.0,15,5,34.09,75,20.0,0.86,1.0
366.0,6,pa_2_rev,NEG_E0,20.0,4,0.0,0,0.0,0.0,0,0,4,3,340.0,15,5,34.09,75,0.0,0.0,0.0
366.0,6,pa_3,E1,20.0,4,0.0,0,0.0,0.0,0,0,4,3,340.0,15,5,34.09,75,0.0,0.0,0.0
366.0,6,pa_3_rev,NEG_E1,20.0,4,60.0,3,75.0,0.0,0,0,1,3,340.0,15,5,34.09,75,20.0,0.43,0.75
366.0,6,pa_6,E5,25.0,5,75.0,3,60.0,0.0,0,0,2,3,340.0,15,5,34.09,75,25.0,0.38,0.6
366.0,6,pa_6_rev,NEG_E5,25.0,5,0.0,0,0.0,0.0,0,0,5,3,340.0,15,5,34.09,75,0.0,0.0,0.0
366.0,6,pa_7,E6,20.0,4,0.0,0,0.0,0.0,0,0,4,2,340.0,15,5,34.09,75,0.0,0.0,0.0
366.0,6,pa_7_rev,NEG_E6,20.0,4,0.0,0,0.0,0.0,0,0,4,2,340.0,15,5,34.09,75,0.0,0.0,0.0
366.0,6,pa_8,E7,25.0,5,0.0,0,0.0,0.0,0,0,5,3,340.0,15,5,34.09,75,0.0,0.0,0.0
366.0,6,pa_8_rev,NEG_E7,25.0,5,125.0,5,100.0,100.0,3,3,0,0,340.0,15,5,34.09,75,25.0,1.0,1.0
367.0,6,pa_2,E0,20.0,4,80.0,4,100.0,66.67,2,2,0,1,340.0,15,5,34.09,75,20.0,0.86,1.0
367.0,6,pa_2_rev,NEG_E0,20.0,4,0.0,0,0.0,0.0,0,0,4,3,340.0,15,5,34.09,75,0.0,0.0,0.0
367.0,6,pa_3,E1,20.0,4,0.0,0,0.0,0.0,0,0,4,3,340.0,15,5,34.09,75,0.0,0.0,0.0
367.0,6,pa_3_rev,NEG_E1,20.0,4,60.0,3,75.0,0.0,0,0,1,3,340.0,15,5,34.09,75,20.0,0.43,0.75
367.0,6,pa_6,E5,25.0,5,75.0,3,60.0,0.0,0,0,2,3,340.0,15,5,34.09,75,25.0,0.38,0.6
367.0,6,pa_6_rev,NEG_E5,25.0,5,0.0,0,0.0,0.0,0,0,5,3,340.0,15,5,34.09,75,0.0,0.0,0.0
367.0,6,pa_7,E6,20.0,4,0.0,0,0.0,0.0,0,0,4,2,340.0,15,5,34.09,75,0.0,0.0,0.0
367.0,6,pa_7_rev,NEG_E6,20.0,4,0.0,0,0.0,0.0,0,0,4,2,340.0,15,5,34.09,75,0.0,0.0,0.0
367.0,6,pa_8,E7,25.0,5,0.0,0,0.0,0.0,0,0,5,3,340.0,15,5,34.09,75,0.0,0.0,0.0
367.0,6,pa_8_rev,NEG_E7,25.0,5,125.0,5,100.0,100.0,3,3,0,0,340.0,15,5,34.09,75,25.0,1.0,1.0
368.0,6,pa_2,E0,20.0,4,80.0,4,100.0,66.67,2,2,0,1,340.0,15,5,34.09,75,20.0,0.86,1.0
368.0,6,pa_2_rev,NEG_E0,20.0,4,0.0,0,0.0,0.0,0,0,4,3,340.0,15,5,34.09,75,0.0,0.0,0.0
368.0,6,pa_3,E1,20.0,4,0.0,0,0.0,0.0,0,0,4,3,340.0,15,5,34.09,75,0.0,0.0,0.0
368.0,6,pa_3_rev,NEG_E1,20.0,4,60.0,3,75.0,0.0,0,0,1,3,340.0,15,5,34.09,75,20.0,0.43,0.75
368.0,6,pa_6,E5,25.0,5,75.0,3,60.0,0.0,0,0,2,3,340.0,15,5,34.09,75,25.0,0.38,0.6
368.0,6,pa_6_rev,NEG_E5,25.0,5,0.0,0,0.0,0.0,0,0,5,3,340.0,15,5,34.09,75,0.0,0.0,0.0
368.0,6,pa_7,E6,20.0,4,0.0,0,0.0,0.0,0,0,4,2,340.0,15,5,34.09,75,0.0,0.0,0.0
368.0,6,pa_7_rev,NEG_E6,20.0,4,0.0,0,0.0,0.0,0,0,4,2,340.0,15,5,34.09,75,0.0,0.0,0.0
368.0,6,pa_8,E7,25.0,5,0.0,0,0.0,0.0,0,0,5,3,340.0,15,5,34.09,75,0.0,0.0,0.0
368.0,6,pa_8_rev,NEG_E7,25.0,5,125.0,5,100.0,100.0,3,3,0,0,340.0,15,5,34.09,75,25.0,1.0,1.0
369.0,6,pa_2,E0,20.0,4,80.0,4,100.0,66.67,2,2,0,1,340.0,15,5,34.09,75,20.0,0.86,1.0
369.0,6,pa_2_rev,NEG_E0,20.0,4,0.0,0,0.0,0.0,0,0,4,3,340.0,15,5,34.09,75,0.0,0.0,0.0
369.0,6,pa_3,E1,20.0,4,0.0,0,0.0,0.0,0,0,4,3,340.0,15,5,34.09,75,0.0,0.0,0.0
369.0,6,pa_3_rev,NEG_E1,20.0,4,60.0,3,75.0,0.0,0,0,1,3,340.0,15,5,34.09,75,20.0,0.43,0.75
369.0,6,pa_6,E5,25.0,5,75.0,3,60.0,0.0,0,0,2,3,340.0,15,5,34.09,75,25.0,0.38,0.6
369.0,6,pa_6_rev,NEG_E5,25.0,5,0.0,0,0.0,0.0,0,0,5,3,340.0,15,5,34.09,75,0.0,0.0,0.0
369.0,6,pa_7,E6,20.0,4,0.0,0,0.0,0.0,0,0,4,2,340.0,15,5,34.09,75,0.0,0.0,0.0
369.0,6,pa_7_rev,NEG_E6,20.0,4,0.0,0,0.0,0.0,0,0,4,2,340.0,15,5,34.09,75,0.0,0.0,0.0
369.0,6,pa_8,E7,25.0,5,0.0,0,0.0,0.0,0,0,5,3,340.0,15,5,34.09,75,0.0,0.0,0.0
369.0,6,pa_8_rev,NEG_E7,25.0,5,125.0,5,100.0,100.0,3,3,0,0,340.0,15,5,34.09,75,25.0,1.0,1.0
370.0,6,pa_2,E0,20.0,4,80.0,4,100.0,66.67,2,2,0,1,340.0,15,5,34.09,75,20.0,0.86,1.0
370.0,6,pa_2_rev,NEG_E0,20.0,4,0.0,0,0.0,0.0,0,0,4,3,340.0,15,5,34.09,75,0.0,0.0,0.0
370.0,6,pa_3,E1,20.0,4,0.0,0,0.0,0.0,0,0,4,3,340.0,15,5,34.09,75,0.0,0.0,0.0
370.0,6,pa_3_rev,NEG_E1,20.0,4,60.0,3,75.0,0.0,0,0,1,3,340.0,15,5,34.09,75,20.0,0.43,0.75
370.0,6,pa_6,E5,25.0,5,75.0,3,60.0,0.0,0,0,2,3,340.0,15,5,34.09,75,25.0,0.38,0.6
370.0,6,pa_6_rev,NEG_E5,25.0,5,0.0,0,0.0,0.0,0,0,5,3,340.0,15,5,34.09,75,0.0,0.0,0.0
370.0,6,pa_7,E6,20.0,4,0.0,0,0.0,0.0,0,0,4,2,340.0,15,5,34.09,75,0.0,0.0,0.0
370.0,6,pa_7_rev,NEG_E6,20.0,4,0.0,0,0.0,0.0,0,0,4,2,340.0,15,5,34.09,75,0.0,0.0,0.0
370.0,6,pa_8,E7,25.0,5,0.0,0,0.0,0.0,0,0,5,3,340.0,15,5,34.09,75,0.0,0.0,0.0
370.0,6,pa_8_rev,NEG_E7,25.0,5,125.0,5,100.0,100.0,3,3,0,0,340.0,15,5,34.09,75,25.0,1.0,1.0
371.0,6,pa_2,E0,20.0,4,80.0,4,100.0,66.67,2,2,0,1,340.0,15,5,34.09,75,20.0,0.86,1.0
371.0,6,pa_2_rev,NEG_E0,20.0,4,0.0,0,0.0,0.0,0,0,4,3,340.0,15,5,34.09,75,0.0,0.0,0.0
371.0,6,pa_3,E1,20.0,4,0.0,0,0.0,0.0,0,0,4,3,340.0,15,5,34.09,75,0.0,0.0,0.0
371.0,6,pa_3_rev,NEG_E1,20.0,4,60.0,3,75.0,0.0,0,0,1,3,340.0,15,5,34.09,75,20.0,0.43,0.75
371.0,6,pa_6,E5,25.0,5,75.0,3,60.0,0.0,0,0,2,3,340.0,15,5,34.09,75,25.0,0.38,0.6
371.0,6,pa_6_rev,NEG_E5,25.0,5,0.0,0,0.0,0.0,0,0,5,3,340.0,15,5,34.09,75,0.0,0.0,0.0
371.0,6,pa_7,E6,20.0,4,0.0,0,0.0,0.0,0,0,4,2,340.0,15,5,34.09,75,0.0,0.0,0.0
371.0,6,pa_7_rev,NEG_E6,20.0,4,0.0,0,0.0,0.0,0,0,4,2,340.0,15,5,34.09,75,0.0,0.0,0.0
371.0,6,pa_8,E7,25.0,5,0.0,0,0.0,0.0,0,0,5,3,340.0,15,5,34.09,75,0.0,0.0,0.0
371.0,6,pa_8_rev,NEG_E7,25.0,5,125.0,5,100.0,100.0,3,3,0,0,340.0,15,5,34.09,75,25.0,1.0,1.0
372.0,6,pa_2,E0,20.0,4,80.0,4,100.0,66.67,2,2,0,1,340.0,15,5,34.09,75,20.0,0.86,1.0
372.0,6,pa_2_rev,NEG_E0,20.0,4,0.0,0,0.0,0.0,0,0,4,3,340.0,15,5,34.09,75,0.0,0.0,0.0
372.0,6,pa_3,E1,20.0,4,0.0,0,0.0,0.0,0,0,4,3,340.0,15,5,34.09,75,0.0,0.0,0.0
372.0,6,pa_3_rev,NEG_E1,20.0,4,60.0,3,75.0,0.0,0,0,1,3,340.0,15,5,34.09,75,20.0,0.43,0.75
372.0,6,pa_6,E5,25.0,5,75.0,3,60.0,0.0,0,0,2,3,340.0,15,5,34.09,75,25.0,0.38,0.6
372.0,6,pa_6_rev,NEG_E5,25.0,5,0.0,0,0.0,0.0,0,0,5,3,340.0,15,5,34.09,75,0.0,0.0,0.0
372.0,6,pa_7,E6,20.0,4,0.0,0,0.0,0.0,0,0,4,2,340.0,15,5,34.09,75,0.0,0.0,0.0
372.0,6,pa_7_rev,NEG_E6,20.0,4,0.0,0,0.0,0.0,0,0,4,2,340.0,15,5,34.09,75,0.0,0.0,0.0
372.0,6,pa_8,E7,25.0,5,0.0,0,0.0,0.0,0,0,5,3,340.0,15,5,34.09,75,0.0,0.0,0.0
372.0,6,pa_8_rev,NEG_E7,25.0,5,125.0,5,100.0,100.0,3,3,0,0,340.0,15,5,34.09,75,25.0,1.0,1.0
373.0,6,pa_2,E0,20.0,4,80.0,4,100.0,66.67,2,2,0,1,340.0,15,5,34.09,75,20.0,0.86,1.0
373.0,6,pa_2_rev,NEG_E0,20.0,4,0.0,0,0.0,0.0,0,0,4,3,340.0,15,5,34.09,75,0.0,0.0,0.0
373.0,6,pa_3,E1,20.0,4,0.0,0,0.0,0.0,0,0,4,3,340.0,15,5,34.09,75,0.0,0.0,0.0
373.0,6,pa_3_rev,NEG_E1,20.0,4,60.0,3,75.0,0.0,0,0,1,3,340.0,15,5,34.09,75,20.0,0.43,0.75
373.0,6,pa_6,E5,25.0,5,75.0,3,60.0,0.0,0,0,2,3,340.0,15,5,34.09,75,25.0,0.38,0.6
373.0,6,pa_6_rev,NEG_E5,25.0,5,0.0,0,0.0,0.0,0,0,5,3,340.0,15,5,34.09,75,0.0,0.0,0.0
373.0,6,pa_7,E6,20.0,4,0.0,0,0.0,0.0,0,0,4,2,340.0,15,5,34.09,75,0.0,0.0,0.0
373.0,6,pa_7_rev,NEG_E6,20.0,4,0.0,0,0.0,0.0,0,0,4,2,340.0,15,5,34.09,75,0.0,0.0,0.0
373.0,6,pa_8,E7,25.0,5,0.0,0,0.0,0.0,0,0,5,3,340.0,15,5,34.09,75,0.0,0.0,0.0
373.0,6,pa_8_rev,NEG_E7,25.0,5,125.0,5,100.0,100.0,3,3,0,0,340.0,15,5,34.09,75,25.0,1.0,1.0
374.0,6,pa_2,E0,20.0,4,80.0,4,100.0,66.67,2,2,0,1,340.0,15,5,34.09,75,20.0,0.86,1.0
374.0,6,pa_2_rev,NEG_E0,20.0,4,0.0,0,0.0,0.0,0,0,4,3,340.0,15,5,34.09,75,0.0,0.0,0.0
374.0,6,pa_3,E1,20.0,4,0.0,0,0.0,0.0,0,0,4,3,340.0,15,5,34.09,75,0.0,0.0,0.0
374.0,6,pa_3_rev,NEG_E1,20.0,4,60.0,3,75.0,0.0,0,0,1,3,340.0,15,5,34.09,75,20.0,0.43,0.75
374.0,6,pa_6,E5,25.0,5,75.0,3,60.0,0.0,0,0,2,3,340.0,15,5,34.09,75,25.0,0.38,0.6
374.0,6,pa_6_rev,NEG_E5,25.0,5,0.0,0,0.0,0.0,0,0,5,3,340.0,15,5,34.09,75,0.0,0.0,0.0
374.0,6,pa_7,E6,20.0,4,0.0,0,0.0,0.0,0,0,4,2,340.0,15,5,34.09,75,0.0,0.0,0.0
374.0,6,pa_7_rev,NEG_E6,20.0,4,0.0,0,0.0,0.0,0,0,4,2,340.0,15,5,34.09,75,0.0,0.0,0.0
374.0,6,pa_8,E7,25.0,5,0.0,0,0.0,0.0,0,0,5,3,340.0,15,5,34.09,75,0.0,0.0,0.0
374.0,6,pa_8_rev,NEG_E7,25.0,5,125.0,5,100.0,100.0,3,3,0,0,340.0,15,5,34.09,75,25.0,1.0,1.0
375.0,6,pa_2,E0,20.0,4,80.0,4,100.0,66.67,2,2,0,1,340.0,15,5,34.09,75,20.0,0.86,1.0
375.0,6,pa_2_rev,NEG_E0,20.0,4,0.0,0,0.0,0.0,0,0,4,3,340.0,15,5,34.09,75,0.0,0.0,0.0
375.0,6,pa_3,E1,20.0,4,0.0,0,0.0,0.0,0,0,4,3,340.0,15,5,34.09,75,0.0,0.0,0.0
375.0,6,pa_3_rev,NEG_E1,20.0,4,60.0,3,75.0,0.0,0,0,1,3,340.0,15,5,34.09,75,20.0,0.43,0.75
375.0,6,pa_6,E5,25.0,5,75.0,3,60.0,0.0,0,0,2,3,340.0,15,5,34.09,75,25.0,0.38,0.6
375.0,6,pa_6_rev,NEG_E5,25.0,5,0.0,0,0.0,0.0,0,0,5,3,340.0,15,5,34.09,75,0.0,0.0,0.0
375.0,6,pa_7,E6,20.0,4,0.0,0,0.0,0.0,0,0,4,2,340.0,15,5,34.09,75,0.0,0.0,0.0
375.0,6,pa_7_rev,NEG_E6,20.0,4,0.0,0,0.0,0.0,0,0,4,2,340.0,15,5,34.09,75,0.0,0.0,0.0
375.0,6,pa_8,E7,25.0,5,0.0,0,0.0,0.0,0,0,5,3,340.0,15,5,34.09,75,0.0,0.0,0.0
375.0,6,pa_8_rev,NEG_E7,25.0,5,125.0,5,100.0,100.0,3,3,0,0,340.0,15,5,34.09,75,25.0,1.0,1.0
376.0,6,pa_2,E0,20.0,4,80.0,4,100.0,66.67,2,2,0,1,340.0,15,5,34.09,76,20.0,0.86,1.0
376.0,6,pa_2_rev,NEG_E0,20.0,4,0.0,0,0.0,0.0,0,0,4,3,340.0,15,5,34.09,76,0.0,0.0,0.0
376.0,6,pa_3,E1,20.0,4,0.0,0,0.0,0.0,0,0,4,3,340.0,15,5,34.09,76,0.0,0.0,0.0
376.0,6,pa_3_rev,NEG_E1,20.0,4,60.0,3,75.0,0.0,0,0,1,3,340.0,15,5,34.09,76,20.0,0.43,0.75
376.0,6,pa_6,E5,25.0,5,75.0,3,60.0,0.0,0,0,2,3,340.0,15,5,34.09,76,25.0,0.38,0.6
376.0,6,pa_6_rev,NEG_E5,25.0,5,0.0,0,0.0,0.0,0,0,5,3,340.0,15,5,34.09,76,0.0,0.0,0.0
376.0,6,pa_7,E6,20.0,4,0.0,0,0.0,0.0,0,0,4,2,340.0,15,5,34.09,76,0.0,0.0,0.0
376.0,6,pa_7_rev,NEG_E6,20.0,4,0.0,0,0.0,0.0,0,0,4,2,340.0,15,5,34.09,76,0.0,0.0,0.0
376.0,6,pa_8,E7,25.0,5,0.0,0,0.0,0.0,0,0,5,3,340.0,15,5,34.09,76,0.0,0.0,0.0
376.0,6,pa_8_rev,NEG_E7,25.0,5,125.0,5,100.0,100.0,3,3,0,0,340.0,15,5,34.09,76,25.0,1.0,1.0
377.0,6,pa_2,E0,20.0,4,80.0,4,100.0,66.67,2,2,0,1,340.0,15,5,34.09,77,20.0,0.86,1.0
377.0,6,pa_2_rev,NEG_E0,20.0,4,0.0,0,0.0,0.0,0,0,4,3,340.0,15,5,34.09,77,0.0,0.0,0.0
377.0,6,pa_3,E1,20.0,4,0.0,0,0.0,0.0,0,0,4,3,340.0,15,5,34.09,77,0.0,0.0,0.0
377.0,6,pa_3_rev,NEG_E1,20.0,4,60.0,3,75.0,0.0,0,0,1,3,340.0,15,5,34.09,77,20.0,0.43,0.75
377.0,6,pa_6,E5,25.0,5,75.0,3,60.0,0.0,0,0,2,3,340.0,15,5,34.09,77,25.0,0.38,0.6
377.0,6,pa_6_rev,NEG_E5,25.0,5,0.0,0,0.0,0.0,0,0,5,3,340.0,15,5,34.09,77,0.0,0.0,0.0
377.0,6,pa_7,E6,20.0,4,0.0,0,0.0,0.0,0,0,4,2,340.0,15,5,34.09,77,0.0,0.0,0.0
377.0,6,pa_7_rev,NEG_E6,20.0,4,0.0,0,0.0,0.0,0,0,4,2,340.0,15,5,34.09,77,0.0,0.0,0.0
377.0,6,pa_8,E7,25.0,5,0.0,0,0.0,0.0,0,0,5,3,340.0,15,5,34.09,77,0.0,0.0,0.0
377.0,6,pa_8_rev,NEG_E7,25.0,5,125.0,5,100.0,100.0,3,3,0,0,340.0,15,5,34.09,77,25.0,1.0,1.0
378.0,6,pa_2,E0,20.0,4,80.0,4,100.0,66.67,2,2,0,1,340.0,15,5,34.09,77,20.0,0.86,1.0
378.0,6,pa_2_rev,NEG_E0,20.0,4,0.0,0,0.0,0.0,0,0,4,3,340.0,15,5,34.09,77,0.0,0.0,0.0
378.0,6,pa_3,E1,20.0,4,0.0,0,0.0,0.0,0,0,4,3,340.0,15,5,34.09,77,0.0,0.0,0.0
378.0,6,pa_3_rev,NEG_E1,20.0,4,60.0,3,75.0,0.0,0,0,1,3,340.0,15,5,34.09,77,20.0,0.43,0.75
378.0,6,pa_6,E5,25.0,5,75.0,3,60.0,0.0,0,0,2,3,340.0,15,5,34.09,77,25.0,0.38,0.6
378.0,6,pa_6_rev,NEG_E5,25.0,5,0.0,0,0.0,0.0,0,0,5,3,340.0,15,5,34.09,77,0.0,0.0,0.0
378.0,6,pa_7,E6,20.0,4,0.0,0,0.0,0.0,0,0,4,2,340.0,15,5,34.09,77,0.0,0.0,0.0
378.0,6,pa_7_rev,NEG_E6,20.0,4,0.0,0,0.0,0.0,0,0,4,2,340.0,15,5,34.09,77,0.0,0.0,0.0
378.0,6,pa_8,E7,25.0,5,0.0,0,0.0,0.0,0,0,5,3,340.0,15,5,34.09,77,0.0,0.0,0.0
378.0,6,pa_8_rev,NEG_E7,25.0,5,125.0,5,100.0,100.0,3,3,0,0,340.0,15,5,34.09,77,25.0,1.0,1.0
379.0,6,pa_2,E0,20.0,4,80.0,4,100.0,66.67,2,2,0,1,340.0,15,5,34.09,77,20.0,0.86,1.0
379.0,6,pa_2_rev,NEG_E0,20.0,4,0.0,0,0.0,0.0,0,0,4,3,340.0,15,5,34.09,77,0.0,0.0,0.0
379.0,6,pa_3,E1,20.0,4,0.0,0,0.0,0.0,0,0,4,3,340.0,15,5,34.09,77,0.0,0.0,0.0
379.0,6,pa_3_rev,NEG_E1,20.0,4,60.0,3,75.0,0.0,0,0,1,3,340.0,15,5,34.09,77,20.0,0.43,0.75
379.0,6,pa_6,E5,25.0,5,75.0,3,60.0,0.0,0,0,2,3,340.0,15,5,34.09,77,25.0,0.38,0.6
379.0,6,pa_6_rev,NEG_E5,25.0,5,0.0,0,0.0,0.0,0,0,5,3,340.0,15,5,34.09,77,0.0,0.0,0.0
379.0,6,pa_7,E6,20.0,4,0.0,0,0.0,0.0,0,0,4,2,340.0,15,5,34.09,77,0.0,0.0,0.0
379.0,6,pa_7_rev,NEG_E6,20.0,4,0.0,0,0.0,0.0,0,0,4,2,340.0,15,5,34.09,77,0.0,0.0,0.0
379.0,6,pa_8,E7,25.0,5,0.0,0,0.0,0.0,0,0,5,3,340.0,15,5,34.09,77,0.0,0.0,0.0
379.0,6,pa_8_rev,NEG_E7,25.0,5,125.0,5,100.0,100.0,3,3,0,0,340.0,15,5,34.09,77,25.0,1.0,1.0
380.0,6,pa_2,E0,20.0,4,80.0,4,100.0,66.67,2,2,0,1,340.0,15,5,34.09,77,20.0,0.86,1.0
380.0,6,pa_2_rev,NEG_E0,20.0,4,0.0,0,0.0,0.0,0,0,4,3,340.0,15,5,34.09,77,0.0,0.0,0.0
380.0,6,pa_3,E1,20.0,4,0.0,0,0.0,0.0,0,0,4,3,340.0,15,5,34.09,77,0.0,0.0,0.0
380.0,6,pa_3_rev,NEG_E1,20.0,4,60.0,3,75.0,0.0,0,0,1,3,340.0,15,5,34.09,77,20.0,0.43,0.75
380.0,6,pa_6,E5,25.0,5,75.0,3,60.0,0.0,0,0,2,3,340.0,15,5,34.09,77,25.0,0.38,0.6
380.0,6,pa_6_rev,NEG_E5,25.0,5,0.0,0,0.0,0.0,0,0,5,3,340.0,15,5,34.09,77,0.0,0.0,0.0
380.0,6,pa_7,E6,20.0,4,0.0,0,0.0,0.0,0,0,4,2,340.0,15,5,34.09,77,0.0,0.0,0.0
380.0,6,pa_7_rev,NEG_E6,20.0,4,0.0,0,0.0,0.0,0,0,4,2,340.0,15,5,34.09,77,0.0,0.0,0.0
380.0,6,pa_8,E7,25.0,5,0.0,0,0.0,0.0,0,0,5,3,340.0,15,5,34.09,77,0.0,0.0,0.0
380.0,6,pa_8_rev,NEG_E7,25.0,5,125.0,5,100.0,100.0,3,3,0,0,340.0,15,5,34.09,77,25.0,1.0,1.0
381.0,6,pa_2,E0,20.0,4,80.0,4,100.0,66.67,2,2,0,1,340.0,15,5,34.09,78,20.0,0.86,1.0
381.0,6,pa_2_rev,NEG_E0,20.0,4,0.0,0,0.0,0.0,0,0,4,3,340.0,15,5,34.09,78,0.0,0.0,0.0
381.0,6,pa_3,E1,20.0,4,0.0,0,0.0,0.0,0,0,4,3,340.0,15,5,34.09,78,0.0,0.0,0.0
381.0,6,pa_3_rev,NEG_E1,20.0,4,60.0,3,75.0,0.0,0,0,1,3,340.0,15,5,34.09,78,20.0,0.43,0.75
381.0,6,pa_6,E5,25.0,5,75.0,3,60.0,0.0,0,0,2,3,340.0,15,5,34.09,78,25.0,0.38,0.6
381.0,6,pa_6_rev,NEG_E5,25.0,5,0.0,0,0.0,0.0,0,0,5,3,340.0,15,5,34.09,78,0.0,0.0,0.0
381.0,6,pa_7,E6,20.0,4,0.0,0,0.0,0.0,0,0,4,2,340.0,15,5,34.09,78,0.0,0.0,0.0
381.0,6,pa_7_rev,NEG_E6,20.0,4,0.0,0,0.0,0.0,0,0,4,2,340.0,15,5,34.09,78,0.0,0.0,0.0
381.0,6,pa_8,E7,25.0,5,0.0,0,0.0,0.0,0,0,5,3,340.0,15,5,34.09,78,0.0,0.0,0.0
381.0,6,pa_8_rev,NEG_E7,25.0,5,125.0,5,100.0,100.0,3,3,0,0,340.0,15,5,34.09,78,25.0,1.0,1.0
382.0,6,pa_2,E0,20.0,4,80.0,4,100.0,66.67,2,2,0,1,340.0,15,5,34.09,78,20.0,0.86,1.0
382.0,6,pa_2_rev,NEG_E0,20.0,4,0.0,0,0.0,0.0,0,0,4,3,340.0,15,5,34.09,78,0.0,0.0,0.0
382.0,6,pa_3,E1,20.0,4,0.0,0,0.0,0.0,0,0,4,3,340.0,15,5,34.09,78,0.0,0.0,0.0
382.0,6,pa_3_rev,NEG_E1,20.0,4,60.0,3,75.0,0.0,0,0,1,3,340.0,15,5,34.09,78,20.0,0.43,0.75
382.0,6,pa_6,E5,25.0,5,75.0,3,60.0,0.0,0,0,2,3,340.0,15,5,34.09,78,25.0,0.38,0.6
382.0,6,pa_6_rev,NEG_E5,25.0,5,0.0,0,0.0,0.0,0,0,5,3,340.0,15,5,34.09,78,0.0,0.0,0.0
382.0,6,pa_7,E6,20.0,4,0.0,0,0.0,0.0,0,0,4,2,340.0,15,5,34.09,78,0.0,0.0,0.0
382.0,6,pa_7_rev,NEG_E6,20.0,4,0.0,0,0.0,0.0,0,0,4,2,340.0,15,5,34.09,78,0.0,0.0,0.0
382.0,6,pa_8,E7,25.0,5,0.0,0,0.0,0.0,0,0,5,3,340.0,15,5,34.09,78,0.0,0.0,0.0
382.0,6,pa_8_rev,NEG_E7,25.0,5,125.0,5,100.0,100.0,3,3,0,0,340.0,15,5,34.09,78,25.0,1.0,1.0
383.0,6,pa_2,E0,20.0,4,80.0,4,100.0,66.67,2,2,0,1,340.0,15,5,34.09,78,20.0,0.86,1.0
383.0,6,pa_2_rev,NEG_E0,20.0,4,0.0,0,0.0,0.0,0,0,4,3,340.0,15,5,34.09,78,0.0,0.0,0.0
383.0,6,pa_3,E1,20.0,4,0.0,0,0.0,0.0,0,0,4,3,340.0,15,5,34.09,78,0.0,0.0,0.0
383.0,6,pa_3_rev,NEG_E1,20.0,4,60.0,3,75.0,0.0,0,0,1,3,340.0,15,5,34.09,78,20.0,0.43,0.75
383.0,6,pa_6,E5,25.0,5,75.0,3,60.0,0.0,0,0,2,3,340.0,15,5,34.09,78,25.0,0.38,0.6
383.0,6,pa_6_rev,NEG_E5,25.0,5,0.0,0,0.0,0.0,0,0,5,3,340.0,15,5,34.09,78,0.0,0.0,0.0
383.0,6,pa_7,E6,20.0,4,0.0,0,0.0,0.0,0,0,4,2,340.0,15,5,34.09,78,0.0,0.0,0.0
383.0,6,pa_7_rev,NEG_E6,20.0,4,0.0,0,0.0,0.0,0,0,4,2,340.0,15,5,34.09,78,0.0,0.0,0.0
383.0,6,pa_8,E7,25.0,5,0.0,0,0.0,0.0,0,0,5,3,340.0,15,5,34.09,78,0.0,0.0,0.0
383.0,6,pa_8_rev,NEG_E7,25.0,5,125.0,5,100.0,100.0,3,3,0,0,340.0,15,5,34.09,78,25.0,1.0,1.0
384.0,6,pa_2,E0,20.0,4,80.0,4,100.0,66.67,2,2,0,1,340.0,15,5,34.09,78,20.0,0.86,1.0
384.0,6,pa_2_rev,NEG_E0,20.0,4,0.0,0,0.0,0.0,0,0,4,3,340.0,15,5,34.09,78,0.0,0.0,0.0
384.0,6,pa_3,E1,20.0,4,0.0,0,0.0,0.0,0,0,4,3,340.0,15,5,34.09,78,0.0,0.0,0.0
384.0,6,pa_3_rev,NEG_E1,20.0,4,60.0,3,75.0,0.0,0,0,1,3,340.0,15,5,34.09,78,20.0,0.43,0.75
384.0,6,pa_6,E5,25.0,5,75.0,3,60.0,0.0,0,0,2,3,340.0,15,5,34.09,78,25.0,0.38,0.6
384.0,6,pa_6_rev,NEG_E5,25.0,5,0.0,0,0.0,0.0,0,0,5,3,340.0,15,5,34.09,78,0.0,0.0,0.0
384.0,6,pa_7,E6,20.0,4,0.0,0,0.0,0.0,0,0,4,2,340.0,15,5,34.09,78,0.0,0.0,0.0
384.0,6,pa_7_rev,NEG_E6,20.0,4,0.0,0,0.0,0.0,0,0,4,2,340.0,15,5,34.09,78,0.0,0.0,0.0
384.0,6,pa_8,E7,25.0,5,0.0,0,0.0,0.0,0,0,5,3,340.0,15,5,34.09,78,0.0,0.0,0.0
384.0,6,pa_8_rev,NEG_E7,25.0,5,125.0,5,100.0,100.0,3,3,0,0,340.0,15,5,34.09,78,25.0,1.0,1.0
385.0,6,pa_2,E0,20.0,4,80.0,4,100.0,66.67,2,2,0,1,340.0,15,5,34.09,78,20.0,0.86,1.0
385.0,6,pa_2_rev,NEG_E0,20.0,4,0.0,0,0.0,0.0,0,0,4,3,340.0,15,5,34.09,78,0.0,0.0,0.0
385.0,6,pa_3,E1,20.0,4,0.0,0,0.0,0.0,0,0,4,3,340.0,15,5,34.09,78,0.0,0.0,0.0
385.0,6,pa_3_rev,NEG_E1,20.0,4,60.0,3,75.0,0.0,0,0,1,3,340.0,15,5,34.09,78,20.0,0.43,0.75
385.0,6,pa_6,E5,25.0,5,75.0,3,60.0,0.0,0,0,2,3,340.0,15,5,34.09,78,25.0,0.38,0.6
385.0,6,pa_6_rev,NEG_E5,25.0,5,0.0,0,0.0,0.0,0,0,5,3,340.0,15,5,34.09,78,0.0,0.0,0.0
385.0,6,pa_7,E6,20.0,4,0.0,0,0.0,0.0,0,0,4,2,340.0,15,5,34.09,78,0.0,0.0,0.0
385.0,6,pa_7_rev,NEG_E6,20.0,4,0.0,0,0.0,0.0,0,0,4,2,340.0,15,5,34.09,78,0.0,0.0,0.0
385.0,6,pa_8,E7,25.0,5,0.0,0,0.0,0.0,0,0,5,3,340.0,15,5,34.09,78,0.0,0.0,0.0
385.0,6,pa_8_rev,NEG_E7,25.0,5,125.0,5,100.0,100.0,3,3,0,0,340.0,15,5,34.09,78,25.0,1.0,1.0
386.0,6,pa_2,E0,20.0,4,80.0,4,100.0,66.67,2,2,0,1,340.0,15,5,34.09,78,20.0,0.86,1.0
386.0,6,pa_2_rev,NEG_E0,20.0,4,0.0,0,0.0,0.0,0,0,4,3,340.0,15,5,34.09,78,0.0,0.0,0.0
386.0,6,pa_3,E1,20.0,4,0.0,0,0.0,0.0,0,0,4,3,340.0,15,5,34.09,78,0.0,0.0,0.0
386.0,6,pa_3_rev,NEG_E1,20.0,4,60.0,3,75.0,0.0,0,0,1,3,340.0,15,5,34.09,78,20.0,0.43,0.75
386.0,6,pa_6,E5,25.0,5,75.0,3,60.0,0.0,0,0,2,3,340.0,15,5,34.09,78,25.0,0.38,0.6
386.0,6,pa_6_rev,NEG_E5,25.0,5,0.0,0,0.0,0.0,0,0,5,3,340.0,15,5,34.09,78,0.0,0.0,0.0
386.0,6,pa_7,E6,20.0,4,0.0,0,0.0,0.0,0,0,4,2,340.0,15,5,34.09,78,0.0,0.0,0.0
386.0,6,pa_7_rev,NEG_E6,20.0,4,0.0,0,0.0,0.0,0,0,4,2,340.0,15,5,34.09,78,0.0,0.0,0.0
386.0,6,pa_8,E7,25.0,5,0.0,0,0.0,0.0,0,0,5,3,340.0,15,5,34.09,78,0.0,0.0,0.0
386.0,6,pa_8_rev,NEG_E7,25.0,5,125.0,5,100.0,100.0,3,3,0,0,340.0,15,5,34.09,78,25.0,1.0,1.0
387.0,6,pa_2,E0,20.0,4,80.0,4,100.0,66.67,2,2,0,1,340.0,15,5,34.09,78,20.0,0.86,1.0
387.0,6,pa_2_rev,NEG_E0,20.0,4,0.0,0,0.0,0.0,0,0,4,3,340.0,15,5,34.09,78,0.0,0.0,0.0
387.0,6,pa_3,E1,20.0,4,0.0,0,0.0,0.0,0,0,4,3,340.0,15,5,34.09,78,0.0,0.0,0.0
387.0,6,pa_3_rev,NEG_E1,20.0,4,60.0,3,75.0,0.0,0,0,1,3,340.0,15,5,34.09,78,20.0,0.43,0.75
387.0,6,pa_6,E5,25.0,5,75.0,3,60.0,0.0,0,0,2,3,340.0,15,5,34.09,78,25.0,0.38,0.6
387.0,6,pa_6_rev,NEG_E5,25.0,5,0.0,0,0.0,0.0,0,0,5,3,340.0,15,5,34.09,78,0.0,0.0,0.0
387.0,6,pa_7,E6,20.0,4,0.0,0,0.0,0.0,0,0,4,2,340.0,15,5,34.09,78,0.0,0.0,0.0
387.0,6,pa_7_rev,NEG_E6,20.0,4,0.0,0,0.0,0.0,0,0,4,2,340.0,15,5,34.09,78,0.0,0.0,0.0
387.0,6,pa_8,E7,25.0,5,0.0,0,0.0,0.0,0,0,5,3,340.0,15,5,34.09,78,0.0,0.0,0.0
387.0,6,pa_8_rev,NEG_E7,25.0,5,125.0,5,100.0,100.0,3,3,0,0,340.0,15,5,34.09,78,25.0,1.0,1.0
388.0,6,pa_2,E0,20.0,4,80.0,4,100.0,66.67,2,2,0,1,340.0,15,5,34.09,78,20.0,0.86,1.0
388.0,6,pa_2_rev,NEG_E0,20.0,4,0.0,0,0.0,0.0,0,0,4,3,340.0,15,5,34.09,78,0.0,0.0,0.0
388.0,6,pa_3,E1,20.0,4,0.0,0,0.0,0.0,0,0,4,3,340.0,15,5,34.09,78,0.0,0.0,0.0
388.0,6,pa_3_rev,NEG_E1,20.0,4,60.0,3,75.0,0.0,0,0,1,3,340.0,15,5,34.09,78,20.0,0.43,0.75
388.0,6,pa_6,E5,25.0,5,75.0,3,60.0,0.0,0,0,2,3,340.0,15,5,34.09,78,25.0,0.38,0.6
388.0,6,pa_6_rev,NEG_E5,25.0,5,0.0,0,0.0,0.0,0,0,5,3,340.0,15,5,34.09,78,0.0,0.0,0.0
388.0,6,pa_7,E6,20.0,4,0.0,0,0.0,0.0,0,0,4,2,340.0,15,5,34.09,78,0.0,0.0,0.0
388.0,6,pa_7_rev,NEG_E6,20.0,4,0.0,0,0.0,0.0,0,0,4,2,340.0,15,5,34.09,78,0.0,0.0,0.0
388.0,6,pa_8,E7,25.0,5,0.0,0,0.0,0.0,0,0,5,3,340.0,15,5,34.09,78,0.0,0.0,0.0
388.0,6,pa_8_rev,NEG_E7,25.0,5,125.0,5,100.0,100.0,3,3,0,0,340.0,15,5,34.09,78,25.0,1.0,1.0
389.0,6,pa_2,E0,20.0,4,80.0,4,100.0,66.67,2,2,0,1,340.0,15,5,34.09,78,20.0,0.86,1.0
389.0,6,pa_2_rev,NEG_E0,20.0,4,0.0,0,0.0,0.0,0,0,4,3,340.0,15,5,34.09,78,0.0,0.0,0.0
389.0,6,pa_3,E1,20.0,4,0.0,0,0.0,0.0,0,0,4,3,340.0,15,5,34.09,78,0.0,0.0,0.0
389.0,6,pa_3_rev,NEG_E1,20.0,4,60.0,3,75.0,0.0,0,0,1,3,340.0,15,5,34.09,78,20.0,0.43,0.75
389.0,6,pa_6,E5,25.0,5,75.0,3,60.0,0.0,0,0,2,3,340.0,15,5,34.09,78,25.0,0.38,0.6
389.0,6,pa_6_rev,NEG_E5,25.0,5,0.0,0,0.0,0.0,0,0,5,3,340.0,15,5,34.09,78,0.0,0.0,0.0
389.0,6,pa_7,E6,20.0,4,0.0,0,0.0,0.0,0,0,4,2,340.0,15,5,34.09,78,0.0,0.0,0.0
389.0,6,pa_7_rev,NEG_E6,20.0,4,0.0,0,0.0,0.0,0,0,4,2,340.0,15,5,34.09,78,0.0,0.0,0.0
389.0,6,pa_8,E7,25.0,5,0.0,0,0.0,0.0,0,0,5,3,340.0,15,5,34.09,78,0.0,0.0,0.0
389.0,6,pa_8_rev,NEG_E7,25.0,5,125.0,5,100.0,100.0,3,3,0,0,340.0,15,5,34.09,78,25.0,1.0,1.0
390.0,6,pa_2,E0,20.0,4,80.0,4,100.0,66.67,2,2,0,1,340.0,15,5,34.09,78,20.0,0.86,1.0
390.0,6,pa_2_rev,NEG_E0,20.0,4,0.0,0,0.0,0.0,0,0,4,3,340.0,15,5,34.09,78,0.0,0.0,0.0
390.0,6,pa_3,E1,20.0,4,0.0,0,0.0,0.0,0,0,4,3,340.0,15,5,34.09,78,0.0,0.0,0.0
390.0,6,pa_3_rev,NEG_E1,20.0,4,60.0,3,75.0,0.0,0,0,1,3,340.0,15,5,34.09,78,20.0,0.43,0.75
390.0,6,pa_6,E5,25.0,5,75.0,3,60.0,0.0,0,0,2,3,340.0,15,5,34.09,78,25.0,0.38,0.6
390.0,6,pa_6_rev,NEG_E5,25.0,5,0.0,0,0.0,0.0,0,0,5,3,340.0,15,5,34.09,78,0.0,0.0,0.0
390.0,6,pa_7,E6,20.0,4,0.0,0,0.0,0.0,0,0,4,2,340.0,15,5,34.09,78,0.0,0.0,0.0
390.0,6,pa_7_rev,NEG_E6,20.0,4,0.0,0,0.0,0.0,0,0,4,2,340.0,15,5,34.09,78,0.0,0.0,0.0
390.0,6,pa_8,E7,25.0,5,0.0,0,0.0,0.0,0,0,5,3,340.0,15,5,34.09,78,0.0,0.0,0.0
390.0,6,pa_8_rev,NEG_E7,25.0,5,125.0,5,100.0,100.0,3,3,0,0,340.0,15,5,34.09,78,25.0,1.0,1.0
391.0,6,pa_2,E0,20.0,4,80.0,4,100.0,66.67,2,2,0,1,340.0,15,5,34.09,80,20.0,0.86,1.0
391.0,6,pa_2_rev,NEG_E0,20.0,4,0.0,0,0.0,0.0,0,0,4,3,340.0,15,5,34.09,80,0.0,0.0,0.0
391.0,6,pa_3,E1,20.0,4,0.0,0,0.0,0.0,0,0,4,3,340.0,15,5,34.09,80,0.0,0.0,0.0
391.0,6,pa_3_rev,NEG_E1,20.0,4,60.0,3,75.0,0.0,0,0,1,3,340.0,15,5,34.09,80,20.0,0.43,0.75
391.0,6,pa_6,E5,25.0,5,75.0,3,60.0,0.0,0,0,2,3,340.0,15,5,34.09,80,25.0,0.38,0.6
391.0,6,pa_6_rev,NEG_E5,25.0,5,0.0,0,0.0,0.0,0,0,5,3,340.0,15,5,34.09,80,0.0,0.0,0.0
391.0,6,pa_7,E6,20.0,4,0.0,0,0.0,0.0,0,0,4,2,340.0,15,5,34.09,80,0.0,0.0,0.0
391.0,6,pa_7_rev,NEG_E6,20.0,4,0.0,0,0.0,0.0,0,0,4,2,340.0,15,5,34.09,80,0.0,0.0,0.0
391.0,6,pa_8,E7,25.0,5,0.0,0,0.0,0.0,0,0,5,3,340.0,15,5,34.09,80,0.0,0.0,0.0
391.0,6,pa_8_rev,NEG_E7,25.0,5,125.0,5,100.0,100.0,3,3,0,0,340.0,15,5,34.09,80,25.0,1.0,1.0
392.0,6,pa_2,E0,20.0,4,80.0,4,100.0,66.67,2,2,0,1,340.0,15,5,34.09,80,20.0,0.86,1.0
392.0,6,pa_2_rev,NEG_E0,20.0,4,0.0,0,0.0,0.0,0,0,4,3,340.0,15,5,34.09,80,0.0,0.0,0.0
392.0,6,pa_3,E1,20.0,4,0.0,0,0.0,0.0,0,0,4,3,340.0,15,5,34.09,80,0.0,0.0,0.0
392.0,6,pa_3_rev,NEG_E1,20.0,4,60.0,3,75.0,0.0,0,0,1,3,340.0,15,5,34.09,80,20.0,0.43,0.75
392.0,6,pa_6,E5,25.0,5,75.0,3,60.0,0.0,0,0,2,3,340.0,15,5,34.09,80,25.0,0.38,0.6
392.0,6,pa_6_rev,NEG_E5,25.0,5,0.0,0,0.0,0.0,0,0,5,3,340.0,15,5,34.09,80,0.0,0.0,0.0
392.0,6,pa_7,E6,20.0,4,0.0,0,0.0,0.0,0,0,4,2,340.0,15,5,34.09,80,0.0,0.0,0.0
392.0,6,pa_7_rev,NEG_E6,20.0,4,0.0,0,0.0,0.0,0,0,4,2,340.0,15,5,34.09,80,0.0,0.0,0.0
392.0,6,pa_8,E7,25.0,5,0.0,0,0.0,0.0,0,0,5,3,340.0,15,5,34.09,80,0.0,0.0,0.0
392.0,6,pa_8_rev,NEG_E7,25.0,5,125.0,5,100.0,100.0,3,3,0,0,340.0,15,5,34.09,80,25.0,1.0,1.0
393.0,6,pa_2,E0,20.0,4,80.0,4,100.0,66.67,2,2,0,1,340.0,15,5,34.09,80,20.0,0.86,1.0
393.0,6,pa_2_rev,NEG_E0,20.0,4,0.0,0,0.0,0.0,0,0,4,3,340.0,15,5,34.09,80,0.0,0.0,0.0
393.0,6,pa_3,E1,20.0,4,0.0,0,0.0,0.0,0,0,4,3,340.0,15,5,34.09,80,0.0,0.0,0.0
393.0,6,pa_3_rev,NEG_E1,20.0,4,60.0,3,75.0,0.0,0,0,1,3,340.0,15,5,34.09,80,20.0,0.43,0.75
393.0,6,pa_6,E5,25.0,5,75.0,3,60.0,0.0,0,0,2,3,340.0,15,5,34.09,80,25.0,0.38,0.6
393.0,6,pa_6_rev,NEG_E5,25.0,5,0.0,0,0.0,0.0,0,0,5,3,340.0,15,5,34.09,80,0.0,0.0,0.0
393.0,6,pa_7,E6,20.0,4,0.0,0,0.0,0.0,0,0,4,2,340.0,15,5,34.09,80,0.0,0.0,0.0
393.0,6,pa_7_rev,NEG_E6,20.0,4,0.0,0,0.0,0.0,0,0,4,2,340.0,15,5,34.09,80,0.0,0.0,0.0
393.0,6,pa_8,E7,25.0,5,0.0,0,0.0,0.0,0,0,5,3,340.0,15,5,34.09,80,0.0,0.0,0.0
393.0,6,pa_8_rev,NEG_E7,25.0,5,125.0,5,100.0,100.0,3,3,0,0,340.0,15,5,34.09,80,25.0,1.0,1.0
394.0,6,pa_2,E0,20.0,4,80.0,4,100.0,66.67,2,2,0,1,360.0,16,5,36.36,80,20.0,0.86,1.0
394.0,6,pa_2_rev,NEG_E0,20.0,4,0.0,0,0.0,0.0,0,0,4,3,360.0,16,5,36.36,80,0.0,0.0,0.0
394.0,6,pa_3,E1,20.0,4,20.0,1,25.0,0.0,0,0,3,3,360.0,16,5,36.36,80,20.0,0.14,0.25
394.0,6,pa_3_rev,NEG_E1,20.0,4,60.0,3,75.0,0.0,0,0,1,3,360.0,16,5,36.36,80,20.0,0.43,0.75
394.0,6,pa_6,E5,25.0,5,75.0,3,60.0,0.0,0,0,2,3,360.0,16,5,36.36,80,25.0,0.38,0.6
394.0,6,pa_6_rev,NEG_E5,25.0,5,0.0,0,0.0,0.0,0,0,5,3,360.0,16,5,36.36,80,0.0,0.0,0.0
394.0,6,pa_7,E6,20.0,4,0.0,0,0.0,0.0,0,0,4,2,360.0,16,5,36.36,80,0.0,0.0,0.0
394.0,6,pa_7_rev,NEG_E6,20.0,4,0.0,0,0.0,0.0,0,0,4,2,360.0,16,5,36.36,80,0.0,0.0,0.0
394.0,6,pa_8,E7,25.0,5,0.0,0,0.0,0.0,0,0,5,3,360.0,16,5,36.36,80,0.0,0.0,0.0
394.0,6,pa_8_rev,NEG_E7,25.0,5,125.0,5,100.0,100.0,3,3,0,0,360.0,16,5,36.36,80,25.0,1.0,1.0
395.0,6,pa_2,E0,20.0,4,80.0,4,100.0,66.67,2,2,0,1,360.0,16,5,36.36,80,20.0,0.86,1.0
395.0,6,pa_2_rev,NEG_E0,20.0,4,0.0,0,0.0,0.0,0,0,4,3,360.0,16,5,36.36,80,0.0,0.0,0.0
395.0,6,pa_3,E1,20.0,4,20.0,1,25.0,0.0,0,0,3,3,360.0,16,5,36.36,80,20.0,0.14,0.25
395.0,6,pa_3_rev,NEG_E1,20.0,4,60.0,3,75.0,0.0,0,0,1,3,360.0,16,5,36.36,80,20.0,0.43,0.75
395.0,6,pa_6,E5,25.0,5,75.0,3,60.0,0.0,0,0,2,3,360.0,16,5,36.36,80,25.0,0.38,0.6
395.0,6,pa_6_rev,NEG_E5,25.0,5,0.0,0,0.0,0.0,0,0,5,3,360.0,16,5,36.36,80,0.0,0.0,0.0
395.0,6,pa_7,E6,20.0,4,0.0,0,0.0,0.0,0,0,4,2,360.0,16,5,36.36,80,0.0,0.0,0.0
395.0,6,pa_7_rev,NEG_E6,20.0,4,0.0,0,0.0,0.0,0,0,4,2,360.0,16,5,36.36,80,0.0,0.0,0.0
395.0,6,pa_8,E7,25.0,5,0.0,0,0.0,0.0,0,0,5,3,360.0,16,5,36.36,80,0.0,0.0,0.0
395.0,6,pa_8_rev,NEG_E7,25.0,5,125.0,5,100.0,100.0,3,3,0,0,360.0,16,5,36.36,80,25.0,1.0,1.0
396.0,6,pa_2,E0,20.0,4,80.0,4,100.0,66.67,2,2,0,1,360.0,16,5,36.36,80,20.0,0.86,1.0
396.0,6,pa_2_rev,NEG_E0,20.0,4,0.0,0,0.0,0.0,0,0,4,3,360.0,16,5,36.36,80,0.0,0.0,0.0
396.0,6,pa_3,E1,20.0,4,20.0,1,25.0,0.0,0,0,3,3,360.0,16,5,36.36,80,20.0,0.14,0.25
396.0,6,pa_3_rev,NEG_E1,20.0,4,60.0,3,75.0,0.0,0,0,1,3,360.0,16,5,36.36,80,20.0,0.43,0.75
396.0,6,pa_6,E5,25.0,5,75.0,3,60.0,0.0,0,0,2,3,360.0,16,5,36.36,80,25.0,0.38,0.6
396.0,6,pa_6_rev,NEG_E5,25.0,5,0.0,0,0.0,0.0,0,0,5,3,360.0,16,5,36.36,80,0.0,0.0,0.0
396.0,6,pa_7,E6,20.0,4,0.0,0,0.0,0.0,0,0,4,2,360.0,16,5,36.36,80,0.0,0.0,0.0
396.0,6,pa_7_rev,NEG_E6,20.0,4,0.0,0,0.0,0.0,0,0,4,2,360.0,16,5,36.36,80,0.0,0.0,0.0
396.0,6,pa_8,E7,25.0,5,0.0,0,0.0,0.0,0,0,5,3,360.0,16,5,36.36,80,0.0,0.0,0.0
396.0,6,pa_8_rev,NEG_E7,25.0,5,125.0,5,100.0,100.0,3,3,0,0,360.0,16,5,36.36,80,25.0,1.0,1.0
397.0,6,pa_2,E0,20.0,4,80.0,4,100.0,66.67,2,2,0,1,360.0,16,5,36.36,79,20.0,0.86,1.0
397.0,6,pa_2_rev,NEG_E0,20.0,4,0.0,0,0.0,0.0,0,0,4,3,360.0,16,5,36.36,79,0.0,0.0,0.0
397.0,6,pa_3,E1,20.0,4,20.0,1,25.0,0.0,0,0,3,3,360.0,16,5,36.36,79,20.0,0.14,0.25
397.0,6,pa_3_rev,NEG_E1,20.0,4,60.0,3,75.0,0.0,0,0,1,3,360.0,16,5,36.36,79,20.0,0.43,0.75
397.0,6,pa_6,E5,25.0,5,75.0,3,60.0,0.0,0,0,2,3,360.0,16,5,36.36,79,25.0,0.38,0.6
397.0,6,pa_6_rev,NEG_E5,25.0,5,0.0,0,0.0,0.0,0,0,5,3,360.0,16,5,36.36,79,0.0,0.0,0.0
397.0,6,pa_7,E6,20.0,4,0.0,0,0.0,0.0,0,0,4,2,360.0,16,5,36.36,79,0.0,0.0,0.0
397.0,6,pa_7_rev,NEG_E6,20.0,4,0.0,0,0.0,0.0,0,0,4,2,360.0,16,5,36.36,79,0.0,0.0,0.0
397.0,6,pa_8,E7,25.0,5,0.0,0,0.0,0.0,0,0,5,3,360.0,16,5,36.36,79,0.0,0.0,0.0
397.0,6,pa_8_rev,NEG_E7,25.0,5,125.0,5,100.0,100.0,3,3,0,0,360.0,16,5,36.36,79,25.0,1.0,1.0
398.0,6,pa_2,E0,20.0,4,80.0,4,100.0,66.67,2,2,0,1,360.0,16,5,36.36,79,20.0,0.86,1.0
398.0,6,pa_2_rev,NEG_E0,20.0,4,0.0,0,0.0,0.0,0,0,4,3,360.0,16,5,36.36,79,0.0,0.0,0.0
398.0,6,pa_3,E1,20.0,4,20.0,1,25.0,0.0,0,0,3,3,360.0,16,5,36.36,79,20.0,0.14,0.25
398.0,6,pa_3_rev,NEG_E1,20.0,4,60.0,3,75.0,0.0,0,0,1,3,360.0,16,5,36.36,79,20.0,0.43,0.75
398.0,6,pa_6,E5,25.0,5,75.0,3,60.0,0.0,0,0,2,3,360.0,16,5,36.36,79,25.0,0.38,0.6
398.0,6,pa_6_rev,NEG_E5,25.0,5,0.0,0,0.0,0.0,0,0,5,3,360.0,16,5,36.36,79,0.0,0.0,0.0
398.0,6,pa_7,E6,20.0,4,0.0,0,0.0,0.0,0,0,4,2,360.0,16,5,36.36,79,0.0,0.0,0.0
398.0,6,pa_7_rev,NEG_E6,20.0,4,0.0,0,0.0,0.0,0,0,4,2,360.0,16,5,36.36,79,0.0,0.0,0.0
398.0,6,pa_8,E7,25.0,5,0.0,0,0.0,0.0,0,0,5,3,360.0,16,5,36.36,79,0.0,0.0,0.0
398.0,6,pa_8_rev,NEG_E7,25.0,5,125.0,5,100.0,100.0,3,3,0,0,360.0,16,5,36.36,79,25.0,1.0,1.0
399.0,6,pa_2,E0,20.0,4,80.0,4,100.0,66.67,2,2,0,1,360.0,16,5,36.36,79,20.0,0.86,1.0
399.0,6,pa_2_rev,NEG_E0,20.0,4,0.0,0,0.0,0.0,0,0,4,3,360.0,16,5,36.36,79,0.0,0.0,0.0
399.0,6,pa_3,E1,20.0,4,20.0,1,25.0,0.0,0,0,3,3,360.0,16,5,36.36,79,20.0,0.14,0.25
399.0,6,pa_3_rev,NEG_E1,20.0,4,60.0,3,75.0,0.0,0,0,1,3,360.0,16,5,36.36,79,20.0,0.43,0.75
399.0,6,pa_6,E5,25.0,5,75.0,3,60.0,0.0,0,0,2,3,360.0,16,5,36.36,79,25.0,0.38,0.6
399.0,6,pa_6_rev,NEG_E5,25.0,5,0.0,0,0.0,0.0,0,0,5,3,360.0,16,5,36.36,79,0.0,0.0,0.0
399.0,6,pa_7,E6,20.0,4,0.0,0,0.0,0.0,0,0,4,2,360.0,16,5,36.36,79,0.0,0.0,0.0
399.0,6,pa_7_rev,NEG_E6,20.0,4,0.0,0,0.0,0.0,0,0,4,2,360.0,16,5,36.36,79,0.0,0.0,0.0
399.0,6,pa_8,E7,25.0,5,0.0,0,0.0,0.0,0,0,5,3,360.0,16,5,36.36,79,0.0,0.0,0.0
399.0,6,pa_8_rev,NEG_E7,25.0,5,125.0,5,100.0,100.0,3,3,0,0,360.0,16,5,36.36,79,25.0,1.0,1.0
400.0,6,pa_2,E0,20.0,4,80.0,4,100.0,66.67,2,2,0,1,360.0,16,5,36.36,79,20.0,0.86,1.0
400.0,6,pa_2_rev,NEG_E0,20.0,4,0.0,0,0.0,0.0,0,0,4,3,360.0,16,5,36.36,79,0.0,0.0,0.0
400.0,6,pa_3,E1,20.0,4,20.0,1,25.0,0.0,0,0,3,3,360.0,16,5,36.36,79,20.0,0.14,0.25
400.0,6,pa_3_rev,NEG_E1,20.0,4,60.0,3,75.0,0.0,0,0,1,3,360.0,16,5,36.36,79,20.0,0.43,0.75
400.0,6,pa_6,E5,25.0,5,75.0,3,60.0,0.0,0,0,2,3,360.0,16,5,36.36,79,25.0,0.38,0.6
400.0,6,pa_6_rev,NEG_E5,25.0,5,0.0,0,0.0,0.0,0,0,5,3,360.0,16,5,36.36,79,0.0,0.0,0.0
400.0,6,pa_7,E6,20.0,4,0.0,0,0.0,0.0,0,0,4,2,360.0,16,5,36.36,79,0.0,0.0,0.0
400.0,6,pa_7_rev,NEG_E6,20.0,4,0.0,0,0.0,0.0,0,0,4,2,360.0,16,5,36.36,79,0.0,0.0,0.0
400.0,6,pa_8,E7,25.0,5,0.0,0,0.0,0.0,0,0,5,3,360.0,16,5,36.36,79,0.0,0.0,0.0
400.0,6,pa_8_rev,NEG_E7,25.0,5,125.0,5,100.0,100.0,3,3,0,0,360.0,16,5,36.36,79,25.0,1.0,1.0
401.0,6,pa_2,E0,20.0,4,80.0,4,100.0,66.67,2,2,0,1,360.0,16,5,36.36,80,20.0,0.86,1.0
401.0,6,pa_2_rev,NEG_E0,20.0,4,0.0,0,0.0,0.0,0,0,4,3,360.0,16,5,36.36,80,0.0,0.0,0.0
401.0,6,pa_3,E1,20.0,4,20.0,1,25.0,0.0,0,0,3,3,360.0,16,5,36.36,80,20.0,0.14,0.25
401.0,6,pa_3_rev,NEG_E1,20.0,4,60.0,3,75.0,0.0,0,0,1,3,360.0,16,5,36.36,80,20.0,0.43,0.75
401.0,6,pa_6,E5,25.0,5,75.0,3,60.0,0.0,0,0,2,3,360.0,16,5,36.36,80,25.0,0.38,0.6
401.0,6,pa_6_rev,NEG_E5,25.0,5,0.0,0,0.0,0.0,0,0,5,3,360.0,16,5,36.36,80,0.0,0.0,0.0
401.0,6,pa_7,E6,20.0,4,0.0,0,0.0,0.0,0,0,4,2,360.0,16,5,36.36,80,0.0,0.0,0.0
401.0,6,pa_7_rev,NEG_E6,20.0,4,0.0,0,0.0,0.0,0,0,4,2,360.0,16,5,36.36,80,0.0,0.0,0.0
401.0,6,pa_8,E7,25.0,5,0.0,0,0.0,0.0,0,0,5,3,360.0,16,5,36.36,80,0.0,0.0,0.0
401.0,6,pa_8_rev,NEG_E7,25.0,5,125.0,5,100.0,100.0,3,3,0,0,360.0,16,5,36.36,80,25.0,1.0,1.0
402.0,6,pa_2,E0,20.0,4,80.0,4,100.0,66.67,2,2,0,1,360.0,16,5,36.36,80,20.0,0.86,1.0
402.0,6,pa_2_rev,NEG_E0,20.0,4,0.0,0,0.0,0.0,0,0,4,3,360.0,16,5,36.36,80,0.0,0.0,0.0
402.0,6,pa_3,E1,20.0,4,20.0,1,25.0,0.0,0,0,3,3,360.0,16,5,36.36,80,20.0,0.14,0.25
402.0,6,pa_3_rev,NEG_E1,20.0,4,60.0,3,75.0,0.0,0,0,1,3,360.0,16,5,36.36,80,20.0,0.43,0.75
402.0,6,pa_6,E5,25.0,5,75.0,3,60.0,0.0,0,0,2,3,360.0,16,5,36.36,80,25.0,0.38,0.6
402.0,6,pa_6_rev,NEG_E5,25.0,5,0.0,0,0.0,0.0,0,0,5,3,360.0,16,5,36.36,80,0.0,0.0,0.0
402.0,6,pa_7,E6,20.0,4,0.0,0,0.0,0.0,0,0,4,2,360.0,16,5,36.36,80,0.0,0.0,0.0
402.0,6,pa_7_rev,NEG_E6,20.0,4,0.0,0,0.0,0.0,0,0,4,2,360.0,16,5,36.36,80,0.0,0.0,0.0
402.0,6,pa_8,E7,25.0,5,0.0,0,0.0,0.0,0,0,5,3,360.0,16,5,36.36,80,0.0,0.0,0.0
402.0,6,pa_8_rev,NEG_E7,25.0,5,125.0,5,100.0,100.0,3,3,0,0,360.0,16,5,36.36,80,25.0,1.0,1.0
403.0,6,pa_2,E0,20.0,4,80.0,4,100.0,66.67,2,2,0,1,360.0,16,5,36.36,80,20.0,0.86,1.0
403.0,6,pa_2_rev,NEG_E0,20.0,4,0.0,0,0.0,0.0,0,0,4,3,360.0,16,5,36.36,80,0.0,0.0,0.0
403.0,6,pa_3,E1,20.0,4,20.0,1,25.0,0.0,0,0,3,3,360.0,16,5,36.36,80,20.0,0.14,0.25
403.0,6,pa_3_rev,NEG_E1,20.0,4,60.0,3,75.0,0.0,0,0,1,3,360.0,16,5,36.36,80,20.0,0.43,0.75
403.0,6,pa_6,E5,25.0,5,75.0,3,60.0,0.0,0,0,2,3,360.0,16,5,36.36,80,25.0,0.38,0.6
403.0,6,pa_6_rev,NEG_E5,25.0,5,0.0,0,0.0,0.0,0,0,5,3,360.0,16,5,36.36,80,0.0,0.0,0.0
403.0,6,pa_7,E6,20.0,4,0.0,0,0.0,0.0,0,0,4,2,360.0,16,5,36.36,80,0.0,0.0,0.0
403.0,6,pa_7_rev,NEG_E6,20.0,4,0.0,0,0.0,0.0,0,0,4,2,360.0,16,5,36.36,80,0.0,0.0,0.0
403.0,6,pa_8,E7,25.0,5,0.0,0,0.0,0.0,0,0,5,3,360.0,16,5,36.36,80,0.0,0.0,0.0
403.0,6,pa_8_rev,NEG_E7,25.0,5,125.0,5,100.0,100.0,3,3,0,0,360.0,16,5,36.36,80,25.0,1.0,1.0
404.0,6,pa_2,E0,20.0,4,80.0,4,100.0,66.67,2,2,0,1,360.0,16,5,36.36,80,20.0,0.86,1.0
404.0,6,pa_2_rev,NEG_E0,20.0,4,0.0,0,0.0,0.0,0,0,4,3,360.0,16,5,36.36,80,0.0,0.0,0.0
404.0,6,pa_3,E1,20.0,4,20.0,1,25.0,0.0,0,0,3,3,360.0,16,5,36.36,80,20.0,0.14,0.25
404.0,6,pa_3_rev,NEG_E1,20.0,4,60.0,3,75.0,0.0,0,0,1,3,360.0,16,5,36.36,80,20.0,0.43,0.75
404.0,6,pa_6,E5,25.0,5,75.0,3,60.0,0.0,0,0,2,3,360.0,16,5,36.36,80,25.0,0.38,0.6
404.0,6,pa_6_rev,NEG_E5,25.0,5,0.0,0,0.0,0.0,0,0,5,3,360.0,16,5,36.36,80,0.0,0.0,0.0
404.0,6,pa_7,E6,20.0,4,0.0,0,0.0,0.0,0,0,4,2,360.0,16,5,36.36,80,0.0,0.0,0.0
404.0,6,pa_7_rev,NEG_E6,20.0,4,0.0,0,0.0,0.0,0,0,4,2,360.0,16,5,36.36,80,0.0,0.0,0.0
404.0,6,pa_8,E7,25.0,5,0.0,0,0.0,0.0,0,0,5,3,360.0,16,5,36.36,80,0.0,0.0,0.0
404.0,6,pa_8_rev,NEG_E7,25.0,5,125.0,5,100.0,100.0,3,3,0,0,360.0,16,5,36.36,80,25.0,1.0,1.0
405.0,6,pa_2,E0,20.0,4,80.0,4,100.0,66.67,2,2,0,1,360.0,16,5,36.36,80,20.0,0.86,1.0
405.0,6,pa_2_rev,NEG_E0,20.0,4,0.0,0,0.0,0.0,0,0,4,3,360.0,16,5,36.36,80,0.0,0.0,0.0
405.0,6,pa_3,E1,20.0,4,20.0,1,25.0,0.0,0,0,3,3,360.0,16,5,36.36,80,20.0,0.14,0.25
405.0,6,pa_3_rev,NEG_E1,20.0,4,60.0,3,75.0,0.0,0,0,1,3,360.0,16,5,36.36,80,20.0,0.43,0.75
405.0,6,pa_6,E5,25.0,5,75.0,3,60.0,0.0,0,0,2,3,360.0,16,5,36.36,80,25.0,0.38,0.6
405.0,6,pa_6_rev,NEG_E5,25.0,5,0.0,0,0.0,0.0,0,0,5,3,360.0,16,5,36.36,80,0.0,0.0,0.0
405.0,6,pa_7,E6,20.0,4,0.0,0,0.0,0.0,0,0,4,2,360.0,16,5,36.36,80,0.0,0.0,0.0
405.0,6,pa_7_rev,NEG_E6,20.0,4,0.0,0,0.0,0.0,0,0,4,2,360.0,16,5,36.36,80,0.0,0.0,0.0
405.0,6,pa_8,E7,25.0,5,0.0,0,0.0,0.0,0,0,5,3,360.0,16,5,36.36,80,0.0,0.0,0.0
405.0,6,pa_8_rev,NEG_E7,25.0,5,125.0,5,100.0,100.0,3,3,0,0,360.0,16,5,36.36,80,25.0,1.0,1.0
406.0,6,pa_2,E0,20.0,4,80.0,4,100.0,66.67,2,2,0,1,360.0,16,5,36.36,83,20.0,0.86,1.0
406.0,6,pa_2_rev,NEG_E0,20.0,4,0.0,0,0.0,0.0,0,0,4,3,360.0,16,5,36.36,83,0.0,0.0,0.0
406.0,6,pa_3,E1,20.0,4,20.0,1,25.0,0.0,0,0,3,3,360.0,16,5,36.36,83,20.0,0.14,0.25
406.0,6,pa_3_rev,NEG_E1,20.0,4,60.0,3,75.0,0.0,0,0,1,3,360.0,16,5,36.36,83,20.0,0.43,0.75
406.0,6,pa_6,E5,25.0,5,75.0,3,60.0,0.0,0,0,2,3,360.0,16,5,36.36,83,25.0,0.38,0.6
406.0,6,pa_6_rev,NEG_E5,25.0,5,0.0,0,0.0,0.0,0,0,5,3,360.0,16,5,36.36,83,0.0,0.0,0.0
406.0,6,pa_7,E6,20.0,4,0.0,0,0.0,0.0,0,0,4,2,360.0,16,5,36.36,83,0.0,0.0,0.0
406.0,6,pa_7_rev,NEG_E6,20.0,4,0.0,0,0.0,0.0,0,0,4,2,360.0,16,5,36.36,83,0.0,0.0,0.0
406.0,6,pa_8,E7,25.0,5,0.0,0,0.0,0.0,0,0,5,3,360.0,16,5,36.36,83,0.0,0.0,0.0
406.0,6,pa_8_rev,NEG_E7,25.0,5,125.0,5,100.0,100.0,3,3,0,0,360.0,16,5,36.36,83,25.0,1.0,1.0
407.0,6,pa_2,E0,20.0,4,80.0,4,100.0,66.67,2,2,0,1,360.0,16,5,36.36,83,20.0,0.86,1.0
407.0,6,pa_2_rev,NEG_E0,20.0,4,0.0,0,0.0,0.0,0,0,4,3,360.0,16,5,36.36,83,0.0,0.0,0.0
407.0,6,pa_3,E1,20.0,4,20.0,1,25.0,0.0,0,0,3,3,360.0,16,5,36.36,83,20.0,0.14,0.25
407.0,6,pa_3_rev,NEG_E1,20.0,4,60.0,3,75.0,0.0,0,0,1,3,360.0,16,5,36.36,83,20.0,0.43,0.75
407.0,6,pa_6,E5,25.0,5,75.0,3,60.0,0.0,0,0,2,3,360.0,16,5,36.36,83,25.0,0.38,0.6
407.0,6,pa_6_rev,NEG_E5,25.0,5,0.0,0,0.0,0.0,0,0,5,3,360.0,16,5,36.36,83,0.0,0.0,0.0
407.0,6,pa_7,E6,20.0,4,0.0,0,0.0,0.0,0,0,4,2,360.0,16,5,36.36,83,0.0,0.0,0.0
407.0,6,pa_7_rev,NEG_E6,20.0,4,0.0,0,0.0,0.0,0,0,4,2,360.0,16,5,36.36,83,0.0,0.0,0.0
407.0,6,pa_8,E7,25.0,5,0.0,0,0.0,0.0,0,0,5,3,360.0,16,5,36.36,83,0.0,0.0,0.0
407.0,6,pa_8_rev,NEG_E7,25.0,5,125.0,5,100.0,100.0,3,3,0,0,360.0,16,5,36.36,83,25.0,1.0,1.0
408.0,6,pa_2,E0,20.0,4,80.0,4,100.0,66.67,2,2,0,1,360.0,16,5,36.36,83,20.0,0.86,1.0
408.0,6,pa_2_rev,NEG_E0,20.0,4,0.0,0,0.0,0.0,0,0,4,3,360.0,16,5,36.36,83,0.0,0.0,0.0
408.0,6,pa_3,E1,20.0,4,20.0,1,25.0,0.0,0,0,3,3,360.0,16,5,36.36,83,20.0,0.14,0.25
408.0,6,pa_3_rev,NEG_E1,20.0,4,60.0,3,75.0,0.0,0,0,1,3,360.0,16,5,36.36,83,20.0,0.43,0.75
408.0,6,pa_6,E5,25.0,5,75.0,3,60.0,0.0,0,0,2,3,360.0,16,5,36.36,83,25.0,0.38,0.6
408.0,6,pa_6_rev,NEG_E5,25.0,5,0.0,0,0.0,0.0,0,0,5,3,360.0,16,5,36.36,83,0.0,0.0,0.0
408.0,6,pa_7,E6,20.0,4,0.0,0,0.0,0.0,0,0,4,2,360.0,16,5,36.36,83,0.0,0.0,0.0
408.0,6,pa_7_rev,NEG_E6,20.0,4,0.0,0,0.0,0.0,0,0,4,2,360.0,16,5,36.36,83,0.0,0.0,0.0
408.0,6,pa_8,E7,25.0,5,0.0,0,0.0,0.0,0,0,5,3,360.0,16,5,36.36,83,0.0,0.0,0.0
408.0,6,pa_8_rev,NEG_E7,25.0,5,125.0,5,100.0,100.0,3,3,0,0,360.0,16,5,36.36,83,25.0,1.0,1.0
409.0,6,pa_2,E0,20.0,4,80.0,4,100.0,66.67,2,2,0,1,360.0,16,5,36.36,83,20.0,0.86,1.0
409.0,6,pa_2_rev,NEG_E0,20.0,4,0.0,0,0.0,0.0,0,0,4,3,360.0,16,5,36.36,83,0.0,0.0,0.0
409.0,6,pa_3,E1,20.0,4,20.0,1,25.0,0.0,0,0,3,3,360.0,16,5,36.36,83,20.0,0.14,0.25
409.0,6,pa_3_rev,NEG_E1,20.0,4,60.0,3,75.0,0.0,0,0,1,3,360.0,16,5,36.36,83,20.0,0.43,0.75
409.0,6,pa_6,E5,25.0,5,75.0,3,60.0,0.0,0,0,2,3,360.0,16,5,36.36,83,25.0,0.38,0.6
409.0,6,pa_6_rev,NEG_E5,25.0,5,0.0,0,0.0,0.0,0,0,5,3,360.0,16,5,36.36,83,0.0,0.0,0.0
409.0,6,pa_7,E6,20.0,4,0.0,0,0.0,0.0,0,0,4,2,360.0,16,5,36.36,83,0.0,0.0,0.0
409.0,6,pa_7_rev,NEG_E6,20.0,4,0.0,0,0.0,0.0,0,0,4,2,360.0,16,5,36.36,83,0.0,0.0,0.0
409.0,6,pa_8,E7,25.0,5,0.0,0,0.0,0.0,0,0,5,3,360.0,16,5,36.36,83,0.0,0.0,0.0
409.0,6,pa_8_rev,NEG_E7,25.0,5,125.0,5,100.0,100.0,3,3,0,0,360.0,16,5,36.36,83,25.0,1.0,1.0
410.0,6,pa_2,E0,20.0,4,80.0,4,100.0,66.67,2,2,0,1,360.0,16,5,36.36,83,20.0,0.86,1.0
410.0,6,pa_2_rev,NEG_E0,20.0,4,0.0,0,0.0,0.0,0,0,4,3,360.0,16,5,36.36,83,0.0,0.0,0.0
410.0,6,pa_3,E1,20.0,4,20.0,1,25.0,0.0,0,0,3,3,360.0,16,5,36.36,83,20.0,0.14,0.25
410.0,6,pa_3_rev,NEG_E1,20.0,4,60.0,3,75.0,0.0,0,0,1,3,360.0,16,5,36.36,83,20.0,0.43,0.75
410.0,6,pa_6,E5,25.0,5,75.0,3,60.0,0.0,0,0,2,3,360.0,16,5,36.36,83,25.0,0.38,0.6
410.0,6,pa_6_rev,NEG_E5,25.0,5,0.0,0,0.0,0.0,0,0,5,3,360.0,16,5,36.36,83,0.0,0.0,0.0
410.0,6,pa_7,E6,20.0,4,0.0,0,0.0,0.0,0,0,4,2,360.0,16,5,36.36,83,0.0,0.0,0.0
410.0,6,pa_7_rev,NEG_E6,20.0,4,0.0,0,0.0,0.0,0,0,4,2,360.0,16,5,36.36,83,0.0,0.0,0.0
410.0,6,pa_8,E7,25.0,5,0.0,0,0.0,0.0,0,0,5,3,360.0,16,5,36.36,83,0.0,0.0,0.0
410.0,6,pa_8_rev,NEG_E7,25.0,5,125.0,5,100.0,100.0,3,3,0,0,360.0,16,5,36.36,83,25.0,1.0,1.0
411.0,6,pa_2,E0,20.0,4,80.0,4,100.0,66.67,2,2,0,1,360.0,16,5,36.36,83,20.0,0.86,1.0
411.0,6,pa_2_rev,NEG_E0,20.0,4,0.0,0,0.0,0.0,0,0,4,3,360.0,16,5,36.36,83,0.0,0.0,0.0
411.0,6,pa_3,E1,20.0,4,20.0,1,25.0,0.0,0,0,3,3,360.0,16,5,36.36,83,20.0,0.14,0.25
411.0,6,pa_3_rev,NEG_E1,20.0,4,60.0,3,75.0,0.0,0,0,1,3,360.0,16,5,36.36,83,20.0,0.43,0.75
411.0,6,pa_6,E5,25.0,5,75.0,3,60.0,0.0,0,0,2,3,360.0,16,5,36.36,83,25.0,0.38,0.6
411.0,6,pa_6_rev,NEG_E5,25.0,5,0.0,0,0.0,0.0,0,0,5,3,360.0,16,5,36.36,83,0.0,0.0,0.0
411.0,6,pa_7,E6,20.0,4,0.0,0,0.0,0.0,0,0,4,2,360.0,16,5,36.36,83,0.0,0.0,0.0
411.0,6,pa_7_rev,NEG_E6,20.0,4,0.0,0,0.0,0.0,0,0,4,2,360.0,16,5,36.36,83,0.0,0.0,0.0
411.0,6,pa_8,E7,25.0,5,0.0,0,0.0,0.0,0,0,5,3,360.0,16,5,36.36,83,0.0,0.0,0.0
411.0,6,pa_8_rev,NEG_E7,25.0,5,125.0,5,100.0,100.0,3,3,0,0,360.0,16,5,36.36,83,25.0,1.0,1.0
412.0,6,pa_2,E0,20.0,4,80.0,4,100.0,66.67,2,2,0,1,380.0,17,5,38.64,83,20.0,0.86,1.0
412.0,6,pa_2_rev,NEG_E0,20.0,4,0.0,0,0.0,0.0,0,0,4,3,380.0,17,5,38.64,83,0.0,0.0,0.0
412.0,6,pa_3,E1,20.0,4,20.0,1,25.0,0.0,0,0,3,3,380.0,17,5,38.64,83,20.0,0.14,0.25
412.0,6,pa_3_rev,NEG_E1,20.0,4,60.0,3,75.0,0.0,0,0,1,3,380.0,17,5,38.64,83,20.0,0.43,0.75
412.0,6,pa_6,E5,25.0,5,75.0,3,60.0,0.0,0,0,2,3,380.0,17,5,38.64,83,25.0,0.38,0.6
412.0,6,pa_6_rev,NEG_E5,25.0,5,0.0,0,0.0,0.0,0,0,5,3,380.0,17,5,38.64,83,0.0,0.0,0.0
412.0,6,pa_7,E6,20.0,4,0.0,0,0.0,0.0,0,0,4,2,380.0,17,5,38.64,83,0.0,0.0,0.0
412.0,6,pa_7_rev,NEG_E6,20.0,4,20.0,1,25.0,0.0,0,0,3,2,380.0,17,5,38.64,83,20.0,0.17,0.25
412.0,6,pa_8,E7,25.0,5,0.0,0,0.0,0.0,0,0,5,3,380.0,17,5,38.64,83,0.0,0.0,0.0
412.0,6,pa_8_rev,NEG_E7,25.0,5,125.0,5,100.0,100.0,3,3,0,0,380.0,17,5,38.64,83,25.0,1.0,1.0
413.0,6,pa_2,E0,20.0,4,80.0,4,100.0,66.67,2,2,0,1,380.0,17,5,38.64,83,20.0,0.86,1.0
413.0,6,pa_2_rev,NEG_E0,20.0,4,0.0,0,0.0,0.0,0,0,4,3,380.0,17,5,38.64,83,0.0,0.0,0.0
413.0,6,pa_3,E1,20.0,4,20.0,1,25.0,0.0,0,0,3,3,380.0,17,5,38.64,83,20.0,0.14,0.25
413.0,6,pa_3_rev,NEG_E1,20.0,4,60.0,3,75.0,0.0,0,0,1,3,380.0,17,5,38.64,83,20.0,0.43,0.75
413.0,6,pa_6,E5,25.0,5,75.0,3,60.0,0.0,0,0,2,3,380.0,17,5,38.64,83,25.0,0.38,0.6
413.0,6,pa_6_rev,NEG_E5,25.0,5,0.0,0,0.0,0.0,0,0,5,3,380.0,17,5,38.64,83,0.0,0.0,0.0
413.0,6,pa_7,E6,20.0,4,0.0,0,0.0,0.0,0,0,4,2,380.0,17,5,38.64,83,0.0,0.0,0.0
413.0,6,pa_7_rev,NEG_E6,20.0,4,20.0,1,25.0,0.0,0,0,3,2,380.0,17,5,38.64,83,20.0,0.17,0.25
413.0,6,pa_8,E7,25.0,5,0.0,0,0.0,0.0,0,0,5,3,380.0,17,5,38.64,83,0.0,0.0,0.0
413.0,6,pa_8_rev,NEG_E7,25.0,5,125.0,5,100.0,100.0,3,3,0,0,380.0,17,5,38.64,83,25.0,1.0,1.0
414.0,6,pa_2,E0,20.0,4,80.0,4,100.0,66.67,2,2,0,1,380.0,17,5,38.64,83,20.0,0.86,1.0
414.0,6,pa_2_rev,NEG_E0,20.0,4,0.0,0,0.0,0.0,0,0,4,3,380.0,17,5,38.64,83,0.0,0.0,0.0
414.0,6,pa_3,E1,20.0,4,20.0,1,25.0,0.0,0,0,3,3,380.0,17,5,38.64,83,20.0,0.14,0.25
414.0,6,pa_3_rev,NEG_E1,20.0,4,60.0,3,75.0,0.0,0,0,1,3,380.0,17,5,38.64,83,20.0,0.43,0.75
414.0,6,pa_6,E5,25.0,5,75.0,3,60.0,0.0,0,0,2,3,380.0,17,5,38.64,83,25.0,0.38,0.6
414.0,6,pa_6_rev,NEG_E5,25.0,5,0.0,0,0.0,0.0,0,0,5,3,380.0,17,5,38.64,83,0.0,0.0,0.0
414.0,6,pa_7,E6,20.0,4,0.0,0,0.0,0.0,0,0,4,2,380.0,17,5,38.64,83,0.0,0.0,0.0
414.0,6,pa_7_rev,NEG_E6,20.0,4,20.0,1,25.0,0.0,0,0,3,2,380.0,17,5,38.64,83,20.0,0.17,0.25
414.0,6,pa_8,E7,25.0,5,0.0,0,0.0,0.0,0,0,5,3,380.0,17,5,38.64,83,0.0,0.0,0.0
414.0,6,pa_8_rev,NEG_E7,25.0,5,125.0,5,100.0,100.0,3,3,0,0,380.0,17,5,38.64,83,25.0,1.0,1.0
415.0,6,pa_2,E0,20.0,4,80.0,4,100.0,66.67,2,2,0,1,380.0,17,5,38.64,83,20.0,0.86,1.0
415.0,6,pa_2_rev,NEG_E0,20.0,4,0.0,0,0.0,0.0,0,0,4,3,380.0,17,5,38.64,83,0.0,0.0,0.0
415.0,6,pa_3,E1,20.0,4,20.0,1,25.0,0.0,0,0,3,3,380.0,17,5,38.64,83,20.0,0.14,0.25
415.0,6,pa_3_rev,NEG_E1,20.0,4,60.0,3,75.0,0.0,0,0,1,3,380.0,17,5,38.64,83,20.0,0.43,0.75
415.0,6,pa_6,E5,25.0,5,75.0,3,60.0,0.0,0,0,2,3,380.0,17,5,38.64,83,25.0,0.38,0.6
415.0,6,pa_6_rev,NEG_E5,25.0,5,0.0,0,0.0,0.0,0,0,5,3,380.0,17,5,38.64,83,0.0,0.0,0.0
415.0,6,pa_7,E6,20.0,4,0.0,0,0.0,0.0,0,0,4,2,380.0,17,5,38.64,83,0.0,0.0,0.0
415.0,6,pa_7_rev,NEG_E6,20.0,4,20.0,1,25.0,0.0,0,0,3,2,380.0,17,5,38.64,83,20.0,0.17,0.25
415.0,6,pa_8,E7,25.0,5,0.0,0,0.0,0.0,0,0,5,3,380.0,17,5,38.64,83,0.0,0.0,0.0
415.0,6,pa_8_rev,NEG_E7,25.0,5,125.0,5,100.0,100.0,3,3,0,0,380.0,17,5,38.64,83,25.0,1.0,1.0
416.0,6,pa_2,E0,20.0,4,80.0,4,100.0,66.67,2,2,0,1,380.0,17,5,38.64,83,20.0,0.86,1.0
416.0,6,pa_2_rev,NEG_E0,20.0,4,0.0,0,0.0,0.0,0,0,4,3,380.0,17,5,38.64,83,0.0,0.0,0.0
416.0,6,pa_3,E1,20.0,4,20.0,1,25.0,0.0,0,0,3,3,380.0,17,5,38.64,83,20.0,0.14,0.25
416.0,6,pa_3_rev,NEG_E1,20.0,4,60.0,3,75.0,0.0,0,0,1,3,380.0,17,5,38.64,83,20.0,0.43,0.75
416.0,6,pa_6,E5,25.0,5,75.0,3,60.0,0.0,0,0,2,3,380.0,17,5,38.64,83,25.0,0.38,0.6
416.0,6,pa_6_rev,NEG_E5,25.0,5,0.0,0,0.0,0.0,0,0,5,3,380.0,17,5,38.64,83,0.0,0.0,0.0
416.0,6,pa_7,E6,20.0,4,0.0,0,0.0,0.0,0,0,4,2,380.0,17,5,38.64,83,0.0,0.0,0.0
416.0,6,pa_7_rev,NEG_E6,20.0,4,20.0,1,25.0,0.0,0,0,3,2,380.0,17,5,38.64,83,20.0,0.17,0.25
416.0,6,pa_8,E7,25.0,5,0.0,0,0.0,0.0,0,0,5,3,380.0,17,5,38.64,83,0.0,0.0,0.0
416.0,6,pa_8_rev,NEG_E7,25.0,5,125.0,5,100.0,100.0,3,3,0,0,380.0,17,5,38.64,83,25.0,1.0,1.0
417.0,6,pa_2,E0,20.0,4,80.0,4,100.0,66.67,2,2,0,1,380.0,17,5,38.64,83,20.0,0.86,1.0
417.0,6,pa_2_rev,NEG_E0,20.0,4,0.0,0,0.0,0.0,0,0,4,3,380.0,17,5,38.64,83,0.0,0.0,0.0
417.0,6,pa_3,E1,20.0,4,20.0,1,25.0,0.0,0,0,3,3,380.0,17,5,38.64,83,20.0,0.14,0.25
417.0,6,pa_3_rev,NEG_E1,20.0,4,60.0,3,75.0,0.0,0,0,1,3,380.0,17,5,38.64,83,20.0,0.43,0.75
417.0,6,pa_6,E5,25.0,5,75.0,3,60.0,0.0,0,0,2,3,380.0,17,5,38.64,83,25.0,0.38,0.6
417.0,6,pa_6_rev,NEG_E5,25.0,5,0.0,0,0.0,0.0,0,0,5,3,380.0,17,5,38.64,83,0.0,0.0,0.0
417.0,6,pa_7,E6,20.0,4,0.0,0,0.0,0.0,0,0,4,2,380.0,17,5,38.64,83,0.0,0.0,0.0
417.0,6,pa_7_rev,NEG_E6,20.0,4,20.0,1,25.0,0.0,0,0,3,2,380.0,17,5,38.64,83,20.0,0.17,0.25
417.0,6,pa_8,E7,25.0,5,0.0,0,0.0,0.0,0,0,5,3,380.0,17,5,38.64,83,0.0,0.0,0.0
417.0,6,pa_8_rev,NEG_E7,25.0,5,125.0,5,100.0,100.0,3,3,0,0,380.0,17,5,38.64,83,25.0,1.0,1.0
418.0,6,pa_2,E0,20.0,4,80.0,4,100.0,66.67,2,2,0,1,380.0,17,5,38.64,83,20.0,0.86,1.0
418.0,6,pa_2_rev,NEG_E0,20.0,4,0.0,0,0.0,0.0,0,0,4,3,380.0,17,5,38.64,83,0.0,0.0,0.0
418.0,6,pa_3,E1,20.0,4,20.0,1,25.0,0.0,0,0,3,3,380.0,17,5,38.64,83,20.0,0.14,0.25
418.0,6,pa_3_rev,NEG_E1,20.0,4,60.0,3,75.0,0.0,0,0,1,3,380.0,17,5,38.64,83,20.0,0.43,0.75
418.0,6,pa_6,E5,25.0,5,75.0,3,60.0,0.0,0,0,2,3,380.0,17,5,38.64,83,25.0,0.38,0.6
418.0,6,pa_6_rev,NEG_E5,25.0,5,0.0,0,0.0,0.0,0,0,5,3,380.0,17,5,38.64,83,0.0,0.0,0.0
418.0,6,pa_7,E6,20.0,4,0.0,0,0.0,0.0,0,0,4,2,380.0,17,5,38.64,83,0.0,0.0,0.0
418.0,6,pa_7_rev,NEG_E6,20.0,4,20.0,1,25.0,0.0,0,0,3,2,380.0,17,5,38.64,83,20.0,0.17,0.25
418.0,6,pa_8,E7,25.0,5,0.0,0,0.0,0.0,0,0,5,3,380.0,17,5,38.64,83,0.0,0.0,0.0
418.0,6,pa_8_rev,NEG_E7,25.0,5,125.0,5,100.0,100.0,3,3,0,0,380.0,17,5,38.64,83,25.0,1.0,1.0
419.0,6,pa_2,E0,20.0,4,80.0,4,100.0,66.67,2,2,0,1,380.0,17,5,38.64,82,20.0,0.86,1.0
419.0,6,pa_2_rev,NEG_E0,20.0,4,0.0,0,0.0,0.0,0,0,4,3,380.0,17,5,38.64,82,0.0,0.0,0.0
419.0,6,pa_3,E1,20.0,4,20.0,1,25.0,0.0,0,0,3,3,380.0,17,5,38.64,82,20.0,0.14,0.25
419.0,6,pa_3_rev,NEG_E1,20.0,4,60.0,3,75.0,0.0,0,0,1,3,380.0,17,5,38.64,82,20.0,0.43,0.75
419.0,6,pa_6,E5,25.0,5,75.0,3,60.0,0.0,0,0,2,3,380.0,17,5,38.64,82,25.0,0.38,0.6
419.0,6,pa_6_rev,NEG_E5,25.0,5,0.0,0,0.0,0.0,0,0,5,3,380.0,17,5,38.64,82,0.0,0.0,0.0
419.0,6,pa_7,E6,20.0,4,0.0,0,0.0,0.0,0,0,4,2,380.0,17,5,38.64,82,0.0,0.0,0.0
419.0,6,pa_7_rev,NEG_E6,20.0,4,20.0,1,25.0,0.0,0,0,3,2,380.0,17,5,38.64,82,20.0,0.17,0.25
419.0,6,pa_8,E7,25.0,5,0.0,0,0.0,0.0,0,0,5,3,380.0,17,5,38.64,82,0.0,0.0,0.0
419.0,6,pa_8_rev,NEG_E7,25.0,5,125.0,5,100.0,100.0,3,3,0,0,380.0,17,5,38.64,82,25.0,1.0,1.0
420.0,7,pa_2,E0,20.0,4,80.0,4,100.0,66.67,2,2,0,1,380.0,17,5,38.64,82,20.0,0.86,1.0
420.0,7,pa_2_rev,NEG_E0,20.0,4,0.0,0,0.0,0.0,0,0,4,3,380.0,17,5,38.64,82,0.0,0.0,0.0
420.0,7,pa_3,E1,20.0,4,20.0,1,25.0,0.0,0,0,3,3,380.0,17,5,38.64,82,20.0,0.14,0.25
420.0,7,pa_3_rev,NEG_E1,20.0,4,60.0,3,75.0,0.0,0,0,1,3,380.0,17,5,38.64,82,20.0,0.43,0.75
420.0,7,pa_6,E5,25.0,5,75.0,3,60.0,0.0,0,0,2,3,380.0,17,5,38.64,82,25.0,0.38,0.6
420.0,7,pa_6_rev,NEG_E5,25.0,5,0.0,0,0.0,0.0,0,0,5,3,380.0,17,5,38.64,82,0.0,0.0,0.0
420.0,7,pa_7,E6,20.0,4,0.0,0,0.0,0.0,0,0,4,2,380.0,17,5,38.64,82,0.0,0.0,0.0
420.0,7,pa_7_rev,NEG_E6,20.0,4,20.0,1,25.0,0.0,0,0,3,2,380.0,17,5,38.64,82,20.0,0.17,0.25
420.0,7,pa_8,E7,25.0,5,0.0,0,0.0,0.0,0,0,5,3,380.0,17,5,38.64,82,0.0,0.0,0.0
420.0,7,pa_8_rev,NEG_E7,25.0,5,125.0,5,100.0,100.0,3,3,0,0,380.0,17,5,38.64,82,25.0,1.0,1.0
421.0,7,pa_2,E0,20.0,4,80.0,4,100.0,66.67,2,2,0,1,380.0,17,5,38.64,82,20.0,0.86,1.0
421.0,7,pa_2_rev,NEG_E0,20.0,4,0.0,0,0.0,0.0,0,0,4,3,380.0,17,5,38.64,82,0.0,0.0,0.0
421.0,7,pa_3,E1,20.0,4,20.0,1,25.0,0.0,0,0,3,3,380.0,17,5,38.64,82,20.0,0.14,0.25
421.0,7,pa_3_rev,NEG_E1,20.0,4,60.0,3,75.0,0.0,0,0,1,3,380.0,17,5,38.64,82,20.0,0.43,0.75
421.0,7,pa_6,E5,25.0,5,75.0,3,60.0,0.0,0,0,2,3,380.0,17,5,38.64,82,25.0,0.38,0.6
421.0,7,pa_6_rev,NEG_E5,25.0,5,0.0,0,0.0,0.0,0,0,5,3,380.0,17,5,38.64,82,0.0,0.0,0.0
421.0,7,pa_7,E6,20.0,4,0.0,0,0.0,0.0,0,0,4,2,380.0,17,5,38.64,82,0.0,0.0,0.0
421.0,7,pa_7_rev,NEG_E6,20.0,4,20.0,1,25.0,0.0,0,0,3,2,380.0,17,5,38.64,82,20.0,0.17,0.25
421.0,7,pa_8,E7,25.0,5,0.0,0,0.0,0.0,0,0,5,3,380.0,17,5,38.64,82,0.0,0.0,0.0
421.0,7,pa_8_rev,NEG_E7,25.0,5,125.0,5,100.0,100.0,3,3,0,0,380.0,17,5,38.64,82,25.0,1.0,1.0
422.0,7,pa_2,E0,20.0,4,80.0,4,100.0,66.67,2,2,0,1,380.0,17,5,38.64,82,20.0,0.86,1.0
422.0,7,pa_2_rev,NEG_E0,20.0,4,0.0,0,0.0,0.0,0,0,4,3,380.0,17,5,38.64,82,0.0,0.0,0.0
422.0,7,pa_3,E1,20.0,4,20.0,1,25.0,0.0,0,0,3,3,380.0,17,5,38.64,82,20.0,0.14,0.25
422.0,7,pa_3_rev,NEG_E1,20.0,4,60.0,3,75.0,0.0,0,0,1,3,380.0,17,5,38.64,82,20.0,0.43,0.75
422.0,7,pa_6,E5,25.0,5,75.0,3,60.0,0.0,0,0,2,3,380.0,17,5,38.64,82,25.0,0.38,0.6
422.0,7,pa_6_rev,NEG_E5,25.0,5,0.0,0,0.0,0.0,0,0,5,3,380.0,17,5,38.64,82,0.0,0.0,0.0
422.0,7,pa_7,E6,20.0,4,0.0,0,0.0,0.0,0,0,4,2,380.0,17,5,38.64,82,0.0,0.0,0.0
422.0,7,pa_7_rev,NEG_E6,20.0,4,20.0,1,25.0,0.0,0,0,3,2,380.0,17,5,38.64,82,20.0,0.17,0.25
422.0,7,pa_8,E7,25.0,5,0.0,0,0.0,0.0,0,0,5,3,380.0,17,5,38.64,82,0.0,0.0,0.0
422.0,7,pa_8_rev,NEG_E7,25.0,5,125.0,5,100.0,100.0,3,3,0,0,380.0,17,5,38.64,82,25.0,1.0,1.0
423.0,7,pa_2,E0,20.0,4,80.0,4,100.0,66.67,2,2,0,1,380.0,17,5,38.64,82,20.0,0.86,1.0
423.0,7,pa_2_rev,NEG_E0,20.0,4,0.0,0,0.0,0.0,0,0,4,3,380.0,17,5,38.64,82,0.0,0.0,0.0
423.0,7,pa_3,E1,20.0,4,20.0,1,25.0,0.0,0,0,3,3,380.0,17,5,38.64,82,20.0,0.14,0.25
423.0,7,pa_3_rev,NEG_E1,20.0,4,60.0,3,75.0,0.0,0,0,1,3,380.0,17,5,38.64,82,20.0,0.43,0.75
423.0,7,pa_6,E5,25.0,5,75.0,3,60.0,0.0,0,0,2,3,380.0,17,5,38.64,82,25.0,0.38,0.6
423.0,7,pa_6_rev,NEG_E5,25.0,5,0.0,0,0.0,0.0,0,0,5,3,380.0,17,5,38.64,82,0.0,0.0,0.0
423.0,7,pa_7,E6,20.0,4,0.0,0,0.0,0.0,0,0,4,2,380.0,17,5,38.64,82,0.0,0.0,0.0
423.0,7,pa_7_rev,NEG_E6,20.0,4,20.0,1,25.0,0.0,0,0,3,2,380.0,17,5,38.64,82,20.0,0.17,0.25
423.0,7,pa_8,E7,25.0,5,0.0,0,0.0,0.0,0,0,5,3,380.0,17,5,38.64,82,0.0,0.0,0.0
423.0,7,pa_8_rev,NEG_E7,25.0,5,125.0,5,100.0,100.0,3,3,0,0,380.0,17,5,38.64,82,25.0,1.0,1.0
424.0,7,pa_2,E0,20.0,4,80.0,4,100.0,66.67,2,2,0,1,380.0,17,5,38.64,82,20.0,0.86,1.0
424.0,7,pa_2_rev,NEG_E0,20.0,4,0.0,0,0.0,0.0,0,0,4,3,380.0,17,5,38.64,82,0.0,0.0,0.0
424.0,7,pa_3,E1,20.0,4,20.0,1,25.0,0.0,0,0,3,3,380.0,17,5,38.64,82,20.0,0.14,0.25
424.0,7,pa_3_rev,NEG_E1,20.0,4,60.0,3,75.0,0.0,0,0,1,3,380.0,17,5,38.64,82,20.0,0.43,0.75
424.0,7,pa_6,E5,25.0,5,75.0,3,60.0,0.0,0,0,2,3,380.0,17,5,38.64,82,25.0,0.38,0.6
424.0,7,pa_6_rev,NEG_E5,25.0,5,0.0,0,0.0,0.0,0,0,5,3,380.0,17,5,38.64,82,0.0,0.0,0.0
424.0,7,pa_7,E6,20.0,4,0.0,0,0.0,0.0,0,0,4,2,380.0,17,5,38.64,82,0.0,0.0,0.0
424.0,7,pa_7_rev,NEG_E6,20.0,4,20.0,1,25.0,0.0,0,0,3,2,380.0,17,5,38.64,82,20.0,0.17,0.25
424.0,7,pa_8,E7,25.0,5,0.0,0,0.0,0.0,0,0,5,3,380.0,17,5,38.64,82,0.0,0.0,0.0
424.0,7,pa_8_rev,NEG_E7,25.0,5,125.0,5,100.0,100.0,3,3,0,0,380.0,17,5,38.64,82,25.0,1.0,1.0
425.0,7,pa_2,E0,20.0,4,80.0,4,100.0,66.67,2,2,0,1,380.0,17,5,38.64,82,20.0,0.86,1.0
425.0,7,pa_2_rev,NEG_E0,20.0,4,0.0,0,0.0,0.0,0,0,4,3,380.0,17,5,38.64,82,0.0,0.0,0.0
425.0,7,pa_3,E1,20.0,4,20.0,1,25.0,0.0,0,0,3,3,380.0,17,5,38.64,82,20.0,0.14,0.25
425.0,7,pa_3_rev,NEG_E1,20.0,4,60.0,3,75.0,0.0,0,0,1,3,380.0,17,5,38.64,82,20.0,0.43,0.75
425.0,7,pa_6,E5,25.0,5,75.0,3,60.0,0.0,0,0,2,3,380.0,17,5,38.64,82,25.0,0.38,0.6
425.0,7,pa_6_rev,NEG_E5,25.0,5,0.0,0,0.0,0.0,0,0,5,3,380.0,17,5,38.64,82,0.0,0.0,0.0
425.0,7,pa_7,E6,20.0,4,0.0,0,0.0,0.0,0,0,4,2,380.0,17,5,38.64,82,0.0,0.0,0.0
425.0,7,pa_7_rev,NEG_E6,20.0,4,20.0,1,25.0,0.0,0,0,3,2,380.0,17,5,38.64,82,20.0,0.17,0.25
425.0,7,pa_8,E7,25.0,5,0.0,0,0.0,0.0,0,0,5,3,380.0,17,5,38.64,82,0.0,0.0,0.0
425.0,7,pa_8_rev,NEG_E7,25.0,5,125.0,5,100.0,100.0,3,3,0,0,380.0,17,5,38.64,82,25.0,1.0,1.0
426.0,7,pa_2,E0,20.0,4,80.0,4,100.0,66.67,2,2,0,1,380.0,17,5,38.64,84,20.0,0.86,1.0
426.0,7,pa_2_rev,NEG_E0,20.0,4,0.0,0,0.0,0.0,0,0,4,3,380.0,17,5,38.64,84,0.0,0.0,0.0
426.0,7,pa_3,E1,20.0,4,20.0,1,25.0,0.0,0,0,3,3,380.0,17,5,38.64,84,20.0,0.14,0.25
426.0,7,pa_3_rev,NEG_E1,20.0,4,60.0,3,75.0,0.0,0,0,1,3,380.0,17,5,38.64,84,20.0,0.43,0.75
426.0,7,pa_6,E5,25.0,5,75.0,3,60.0,0.0,0,0,2,3,380.0,17,5,38.64,84,25.0,0.38,0.6
426.0,7,pa_6_rev,NEG_E5,25.0,5,0.0,0,0.0,0.0,0,0,5,3,380.0,17,5,38.64,84,0.0,0.0,0.0
426.0,7,pa_7,E6,20.0,4,0.0,0,0.0,0.0,0,0,4,2,380.0,17,5,38.64,84,0.0,0.0,0.0
426.0,7,pa_7_rev,NEG_E6,20.0,4,20.0,1,25.0,0.0,0,0,3,2,380.0,17,5,38.64,84,20.0,0.17,0.25
426.0,7,pa_8,E7,25.0,5,0.0,0,0.0,0.0,0,0,5,3,380.0,17,5,38.64,84,0.0,0.0,0.0
426.0,7,pa_8_rev,NEG_E7,25.0,5,125.0,5,100.0,100.0,3,3,0,0,380.0,17,5,38.64,84,25.0,1.0,1.0
427.0,7,pa_2,E0,20.0,4,80.0,4,100.0,66.67,2,2,0,1,380.0,17,5,38.64,84,20.0,0.86,1.0
427.0,7,pa_2_rev,NEG_E0,20.0,4,0.0,0,0.0,0.0,0,0,4,3,380.0,17,5,38.64,84,0.0,0.0,0.0
427.0,7,pa_3,E1,20.0,4,20.0,1,25.0,0.0,0,0,3,3,380.0,17,5,38.64,84,20.0,0.14,0.25
427.0,7,pa_3_rev,NEG_E1,20.0,4,60.0,3,75.0,0.0,0,0,1,3,380.0,17,5,38.64,84,20.0,0.43,0.75
427.0,7,pa_6,E5,25.0,5,75.0,3,60.0,0.0,0,0,2,3,380.0,17,5,38.64,84,25.0,0.38,0.6
427.0,7,pa_6_rev,NEG_E5,25.0,5,0.0,0,0.0,0.0,0,0,5,3,380.0,17,5,38.64,84,0.0,0.0,0.0
427.0,7,pa_7,E6,20.0,4,0.0,0,0.0,0.0,0,0,4,2,380.0,17,5,38.64,84,0.0,0.0,0.0
427.0,7,pa_7_rev,NEG_E6,20.0,4,20.0,1,25.0,0.0,0,0,3,2,380.0,17,5,38.64,84,20.0,0.17,0.25
427.0,7,pa_8,E7,25.0,5,0.0,0,0.0,0.0,0,0,5,3,380.0,17,5,38.64,84,0.0,0.0,0.0
427.0,7,pa_8_rev,NEG_E7,25.0,5,125.0,5,100.0,100.0,3,3,0,0,380.0,17,5,38.64,84,25.0,1.0,1.0
428.0,7,pa_2,E0,20.0,4,80.0,4,100.0,66.67,2,2,0,1,380.0,17,5,38.64,84,20.0,0.86,1.0
428.0,7,pa_2_rev,NEG_E0,20.0,4,0.0,0,0.0,0.0,0,0,4,3,380.0,17,5,38.64,84,0.0,0.0,0.0
428.0,7,pa_3,E1,20.0,4,20.0,1,25.0,0.0,0,0,3,3,380.0,17,5,38.64,84,20.0,0.14,0.25
428.0,7,pa_3_rev,NEG_E1,20.0,4,60.0,3,75.0,0.0,0,0,1,3,380.0,17,5,38.64,84,20.0,0.43,0.75
428.0,7,pa_6,E5,25.0,5,75.0,3,60.0,0.0,0,0,2,3,380.0,17,5,38.64,84,25.0,0.38,0.6
428.0,7,pa_6_rev,NEG_E5,25.0,5,0.0,0,0.0,0.0,0,0,5,3,380.0,17,5,38.64,84,0.0,0.0,0.0
428.0,7,pa_7,E6,20.0,4,0.0,0,0.0,0.0,0,0,4,2,380.0,17,5,38.64,84,0.0,0.0,0.0
428.0,7,pa_7_rev,NEG_E6,20.0,4,20.0,1,25.0,0.0,0,0,3,2,380.0,17,5,38.64,84,20.0,0.17,0.25
428.0,7,pa_8,E7,25.0,5,0.0,0,0.0,0.0,0,0,5,3,380.0,17,5,38.64,84,0.0,0.0,0.0
428.0,7,pa_8_rev,NEG_E7,25.0,5,125.0,5,100.0,100.0,3,3,0,0,380.0,17,5,38.64,84,25.0,1.0,1.0
429.0,7,pa_2,E0,20.0,4,80.0,4,100.0,66.67,2,2,0,1,380.0,17,5,38.64,84,20.0,0.86,1.0
429.0,7,pa_2_rev,NEG_E0,20.0,4,0.0,0,0.0,0.0,0,0,4,3,380.0,17,5,38.64,84,0.0,0.0,0.0
429.0,7,pa_3,E1,20.0,4,20.0,1,25.0,0.0,0,0,3,3,380.0,17,5,38.64,84,20.0,0.14,0.25
429.0,7,pa_3_rev,NEG_E1,20.0,4,60.0,3,75.0,0.0,0,0,1,3,380.0,17,5,38.64,84,20.0,0.43,0.75
429.0,7,pa_6,E5,25.0,5,75.0,3,60.0,0.0,0,0,2,3,380.0,17,5,38.64,84,25.0,0.38,0.6
429.0,7,pa_6_rev,NEG_E5,25.0,5,0.0,0,0.0,0.0,0,0,5,3,380.0,17,5,38.64,84,0.0,0.0,0.0
429.0,7,pa_7,E6,20.0,4,0.0,0,0.0,0.0,0,0,4,2,380.0,17,5,38.64,84,0.0,0.0,0.0
429.0,7,pa_7_rev,NEG_E6,20.0,4,20.0,1,25.0,0.0,0,0,3,2,380.0,17,5,38.64,84,20.0,0.17,0.25
429.0,7,pa_8,E7,25.0,5,0.0,0,0.0,0.0,0,0,5,3,380.0,17,5,38.64,84,0.0,0.0,0.0
429.0,7,pa_8_rev,NEG_E7,25.0,5,125.0,5,100.0,100.0,3,3,0,0,380.0,17,5,38.64,84,25.0,1.0,1.0
430.0,7,pa_2,E0,20.0,4,80.0,4,100.0,66.67,2,2,0,1,380.0,17,5,38.64,84,20.0,0.86,1.0
430.0,7,pa_2_rev,NEG_E0,20.0,4,0.0,0,0.0,0.0,0,0,4,3,380.0,17,5,38.64,84,0.0,0.0,0.0
430.0,7,pa_3,E1,20.0,4,20.0,1,25.0,0.0,0,0,3,3,380.0,17,5,38.64,84,20.0,0.14,0.25
430.0,7,pa_3_rev,NEG_E1,20.0,4,60.0,3,75.0,0.0,0,0,1,3,380.0,17,5,38.64,84,20.0,0.43,0.75
430.0,7,pa_6,E5,25.0,5,75.0,3,60.0,0.0,0,0,2,3,380.0,17,5,38.64,84,25.0,0.38,0.6
430.0,7,pa_6_rev,NEG_E5,25.0,5,0.0,0,0.0,0.0,0,0,5,3,380.0,17,5,38.64,84,0.0,0.0,0.0
430.0,7,pa_7,E6,20.0,4,0.0,0,0.0,0.0,0,0,4,2,380.0,17,5,38.64,84,0.0,0.0,0.0
430.0,7,pa_7_rev,NEG_E6,20.0,4,20.0,1,25.0,0.0,0,0,3,2,380.0,17,5,38.64,84,20.0,0.17,0.25
430.0,7,pa_8,E7,25.0,5,0.0,0,0.0,0.0,0,0,5,3,380.0,17,5,38.64,84,0.0,0.0,0.0
430.0,7,pa_8_rev,NEG_E7,25.0,5,125.0,5,100.0,100.0,3,3,0,0,380.0,17,5,38.64,84,25.0,1.0,1.0
431.0,7,pa_2,E0,20.0,4,80.0,4,100.0,66.67,2,2,0,1,380.0,17,5,38.64,84,20.0,0.86,1.0
431.0,7,pa_2_rev,NEG_E0,20.0,4,0.0,0,0.0,0.0,0,0,4,3,380.0,17,5,38.64,84,0.0,0.0,0.0
431.0,7,pa_3,E1,20.0,4,20.0,1,25.0,0.0,0,0,3,3,380.0,17,5,38.64,84,20.0,0.14,0.25
431.0,7,pa_3_rev,NEG_E1,20.0,4,60.0,3,75.0,0.0,0,0,1,3,380.0,17,5,38.64,84,20.0,0.43,0.75
431.0,7,pa_6,E5,25.0,5,75.0,3,60.0,0.0,0,0,2,3,380.0,17,5,38.64,84,25.0,0.38,0.6
431.0,7,pa_6_rev,NEG_E5,25.0,5,0.0,0,0.0,0.0,0,0,5,3,380.0,17,5,38.64,84,0.0,0.0,0.0
431.0,7,pa_7,E6,20.0,4,0.0,0,0.0,0.0,0,0,4,2,380.0,17,5,38.64,84,0.0,0.0,0.0
431.0,7,pa_7_rev,NEG_E6,20.0,4,20.0,1,25.0,0.0,0,0,3,2,380.0,17,5,38.64,84,20.0,0.17,0.25
431.0,7,pa_8,E7,25.0,5,0.0,0,0.0,0.0,0,0,5,3,380.0,17,5,38.64,84,0.0,0.0,0.0
431.0,7,pa_8_rev,NEG_E7,25.0,5,125.0,5,100.0,100.0,3,3,0,0,380.0,17,5,38.64,84,25.0,1.0,1.0
432.0,7,pa_2,E0,20.0,4,80.0,4,100.0,66.67,2,2,0,1,380.0,17,5,38.64,84,20.0,0.86,1.0
432.0,7,pa_2_rev,NEG_E0,20.0,4,0.0,0,0.0,0.0,0,0,4,3,380.0,17,5,38.64,84,0.0,0.0,0.0
432.0,7,pa_3,E1,20.0,4,20.0,1,25.0,0.0,0,0,3,3,380.0,17,5,38.64,84,20.0,0.14,0.25
432.0,7,pa_3_rev,NEG_E1,20.0,4,60.0,3,75.0,0.0,0,0,1,3,380.0,17,5,38.64,84,20.0,0.43,0.75
432.0,7,pa_6,E5,25.0,5,75.0,3,60.0,0.0,0,0,2,3,380.0,17,5,38.64,84,25.0,0.38,0.6
432.0,7,pa_6_rev,NEG_E5,25.0,5,0.0,0,0.0,0.0,0,0,5,3,380.0,17,5,38.64,84,0.0,0.0,0.0
432.0,7,pa_7,E6,20.0,4,0.0,0,0.0,0.0,0,0,4,2,380.0,17,5,38.64,84,0.0,0.0,0.0
432.0,7,pa_7_rev,NEG_E6,20.0,4,20.0,1,25.0,0.0,0,0,3,2,380.0,17,5,38.64,84,20.0,0.17,0.25
432.0,7,pa_8,E7,25.0,5,0.0,0,0.0,0.0,0,0,5,3,380.0,17,5,38.64,84,0.0,0.0,0.0
432.0,7,pa_8_rev,NEG_E7,25.0,5,125.0,5,100.0,100.0,3,3,0,0,380.0,17,5,38.64,84,25.0,1.0,1.0
433.0,7,pa_2,E0,20.0,4,80.0,4,100.0,66.67,2,2,0,1,380.0,17,5,38.64,85,20.0,0.86,1.0
433.0,7,pa_2_rev,NEG_E0,20.0,4,0.0,0,0.0,0.0,0,0,4,3,380.0,17,5,38.64,85,0.0,0.0,0.0
433.0,7,pa_3,E1,20.0,4,20.0,1,25.0,0.0,0,0,3,3,380.0,17,5,38.64,85,20.0,0.14,0.25
433.0,7,pa_3_rev,NEG_E1,20.0,4,60.0,3,75.0,0.0,0,0,1,3,380.0,17,5,38.64,85,20.0,0.43,0.75
433.0,7,pa_6,E5,25.0,5,75.0,3,60.0,0.0,0,0,2,3,380.0,17,5,38.64,85,25.0,0.38,0.6
433.0,7,pa_6_rev,NEG_E5,25.0,5,0.0,0,0.0,0.0,0,0,5,3,380.0,17,5,38.64,85,0.0,0.0,0.0
433.0,7,pa_7,E6,20.0,4,0.0,0,0.0,0.0,0,0,4,2,380.0,17,5,38.64,85,0.0,0.0,0.0
433.0,7,pa_7_rev,NEG_E6,20.0,4,20.0,1,25.0,0.0,0,0,3,2,380.0,17,5,38.64,85,20.0,0.17,0.25
433.0,7,pa_8,E7,25.0,5,0.0,0,0.0,0.0,0,0,5,3,380.0,17,5,38.64,85,0.0,0.0,0.0
433.0,7,pa_8_rev,NEG_E7,25.0,5,125.0,5,100.0,100.0,3,3,0,0,380.0,17,5,38.64,85,25.0,1.0,1.0
434.0,7,pa_2,E0,20.0,4,80.0,4,100.0,66.67,2,2,0,1,380.0,17,5,38.64,85,20.0,0.86,1.0
434.0,7,pa_2_rev,NEG_E0,20.0,4,0.0,0,0.0,0.0,0,0,4,3,380.0,17,5,38.64,85,0.0,0.0,0.0
434.0,7,pa_3,E1,20.0,4,20.0,1,25.0,0.0,0,0,3,3,380.0,17,5,38.64,85,20.0,0.14,0.25
434.0,7,pa_3_rev,NEG_E1,20.0,4,60.0,3,75.0,0.0,0,0,1,3,380.0,17,5,38.64,85,20.0,0.43,0.75
434.0,7,pa_6,E5,25.0,5,75.0,3,60.0,0.0,0,0,2,3,380.0,17,5,38.64,85,25.0,0.38,0.6
434.0,7,pa_6_rev,NEG_E5,25.0,5,0.0,0,0.0,0.0,0,0,5,3,380.0,17,5,38.64,85,0.0,0.0,0.0
434.0,7,pa_7,E6,20.0,4,0.0,0,0.0,0.0,0,0,4,2,380.0,17,5,38.64,85,0.0,0.0,0.0
434.0,7,pa_7_rev,NEG_E6,20.0,4,20.0,1,25.0,0.0,0,0,3,2,380.0,17,5,38.64,85,20.0,0.17,0.25
434.0,7,pa_8,E7,25.0,5,0.0,0,0.0,0.0,0,0,5,3,380.0,17,5,38.64,85,0.0,0.0,0.0
434.0,7,pa_8_rev,NEG_E7,25.0,5,125.0,5,100.0,100.0,3,3,0,0,380.0,17,5,38.64,85,25.0,1.0,1.0
435.0,7,pa_2,E0,20.0,4,80.0,4,100.0,66.67,2,2,0,1,380.0,17,5,38.64,85,20.0,0.86,1.0
435.0,7,pa_2_rev,NEG_E0,20.0,4,0.0,0,0.0,0.0,0,0,4,3,380.0,17,5,38.64,85,0.0,0.0,0.0
435.0,7,pa_3,E1,20.0,4,20.0,1,25.0,0.0,0,0,3,3,380.0,17,5,38.64,85,20.0,0.14,0.25
435.0,7,pa_3_rev,NEG_E1,20.0,4,60.0,3,75.0,0.0,0,0,1,3,380.0,17,5,38.64,85,20.0,0.43,0.75
435.0,7,pa_6,E5,25.0,5,75.0,3,60.0,0.0,0,0,2,3,380.0,17,5,38.64,85,25.0,0.38,0.6
435.0,7,pa_6_rev,NEG_E5,25.0,5,0.0,0,0.0,0.0,0,0,5,3,380.0,17,5,38.64,85,0.0,0.0,0.0
435.0,7,pa_7,E6,20.0,4,0.0,0,0.0,0.0,0,0,4,2,380.0,17,5,38.64,85,0.0,0.0,0.0
435.0,7,pa_7_rev,NEG_E6,20.0,4,20.0,1,25.0,0.0,0,0,3,2,380.0,17,5,38.64,85,20.0,0.17,0.25
435.0,7,pa_8,E7,25.0,5,0.0,0,0.0,0.0,0,0,5,3,380.0,17,5,38.64,85,0.0,0.0,0.0
435.0,7,pa_8_rev,NEG_E7,25.0,5,125.0,5,100.0,100.0,3,3,0,0,380.0,17,5,38.64,85,25.0,1.0,1.0
436.0,7,pa_2,E0,20.0,4,80.0,4,100.0,66.67,2,2,0,1,380.0,17,5,38.64,85,20.0,0.86,1.0
436.0,7,pa_2_rev,NEG_E0,20.0,4,0.0,0,0.0,0.0,0,0,4,3,380.0,17,5,38.64,85,0.0,0.0,0.0
436.0,7,pa_3,E1,20.0,4,20.0,1,25.0,0.0,0,0,3,3,380.0,17,5,38.64,85,20.0,0.14,0.25
436.0,7,pa_3_rev,NEG_E1,20.0,4,60.0,3,75.0,0.0,0,0,1,3,380.0,17,5,38.64,85,20.0,0.43,0.75
436.0,7,pa_6,E5,25.0,5,75.0,3,60.0,0.0,0,0,2,3,380.0,17,5,38.64,85,25.0,0.38,0.6
436.0,7,pa_6_rev,NEG_E5,25.0,5,0.0,0,0.0,0.0,0,0,5,3,380.0,17,5,38.64,85,0.0,0.0,0.0
436.0,7,pa_7,E6,20.0,4,0.0,0,0.0,0.0,0,0,4,2,380.0,17,5,38.64,85,0.0,0.0,0.0
436.0,7,pa_7_rev,NEG_E6,20.0,4,20.0,1,25.0,0.0,0,0,3,2,380.0,17,5,38.64,85,20.0,0.17,0.25
436.0,7,pa_8,E7,25.0,5,0.0,0,0.0,0.0,0,0,5,3,380.0,17,5,38.64,85,0.0,0.0,0.0
436.0,7,pa_8_rev,NEG_E7,25.0,5,125.0,5,100.0,100.0,3,3,0,0,380.0,17,5,38.64,85,25.0,1.0,1.0
437.0,7,pa_2,E0,20.0,4,80.0,4,100.0,66.67,2,2,0,1,380.0,17,5,38.64,85,20.0,0.86,1.0
437.0,7,pa_2_rev,NEG_E0,20.0,4,0.0,0,0.0,0.0,0,0,4,3,380.0,17,5,38.64,85,0.0,0.0,0.0
437.0,7,pa_3,E1,20.0,4,20.0,1,25.0,0.0,0,0,3,3,380.0,17,5,38.64,85,20.0,0.14,0.25
437.0,7,pa_3_rev,NEG_E1,20.0,4,60.0,3,75.0,0.0,0,0,1,3,380.0,17,5,38.64,85,20.0,0.43,0.75
437.0,7,pa_6,E5,25.0,5,75.0,3,60.0,0.0,0,0,2,3,380.0,17,5,38.64,85,25.0,0.38,0.6
437.0,7,pa_6_rev,NEG_E5,25.0,5,0.0,0,0.0,0.0,0,0,5,3,380.0,17,5,38.64,85,0.0,0.0,0.0
437.0,7,pa_7,E6,20.0,4,0.0,0,0.0,0.0,0,0,4,2,380.0,17,5,38.64,85,0.0,0.0,0.0
437.0,7,pa_7_rev,NEG_E6,20.0,4,20.0,1,25.0,0.0,0,0,3,2,380.0,17,5,38.64,85,20.0,0.17,0.25
437.0,7,pa_8,E7,25.0,5,0.0,0,0.0,0.0,0,0,5,3,380.0,17,5,38.64,85,0.0,0.0,0.0
437.0,7,pa_8_rev,NEG_E7,25.0,5,125.0,5,100.0,100.0,3,3,0,0,380.0,17,5,38.64,85,25.0,1.0,1.0
438.0,7,pa_2,E0,20.0,4,80.0,4,100.0,66.67,2,2,0,1,380.0,17,5,38.64,85,20.0,0.86,1.0
438.0,7,pa_2_rev,NEG_E0,20.0,4,0.0,0,0.0,0.0,0,0,4,3,380.0,17,5,38.64,85,0.0,0.0,0.0
438.0,7,pa_3,E1,20.0,4,20.0,1,25.0,0.0,0,0,3,3,380.0,17,5,38.64,85,20.0,0.14,0.25
438.0,7,pa_3_rev,NEG_E1,20.0,4,60.0,3,75.0,0.0,0,0,1,3,380.0,17,5,38.64,85,20.0,0.43,0.75
438.0,7,pa_6,E5,25.0,5,75.0,3,60.0,0.0,0,0,2,3,380.0,17,5,38.64,85,25.0,0.38,0.6
438.0,7,pa_6_rev,NEG_E5,25.0,5,0.0,0,0.0,0.0,0,0,5,3,380.0,17,5,38.64,85,0.0,0.0,0.0
438.0,7,pa_7,E6,20.0,4,0.0,0,0.0,0.0,0,0,4,2,380.0,17,5,38.64,85,0.0,0.0,0.0
438.0,7,pa_7_rev,NEG_E6,20.0,4,20.0,1,25.0,0.0,0,0,3,2,380.0,17,5,38.64,85,20.0,0.17,0.25
438.0,7,pa_8,E7,25.0,5,0.0,0,0.0,0.0,0,0,5,3,380.0,17,5,38.64,85,0.0,0.0,0.0
438.0,7,pa_8_rev,NEG_E7,25.0,5,125.0,5,100.0,100.0,3,3,0,0,380.0,17,5,38.64,85,25.0,1.0,1.0
439.0,7,pa_2,E0,20.0,4,80.0,4,100.0,66.67,2,2,0,1,380.0,17,5,38.64,85,20.0,0.86,1.0
439.0,7,pa_2_rev,NEG_E0,20.0,4,0.0,0,0.0,0.0,0,0,4,3,380.0,17,5,38.64,85,0.0,0.0,0.0
439.0,7,pa_3,E1,20.0,4,20.0,1,25.0,0.0,0,0,3,3,380.0,17,5,38.64,85,20.0,0.14,0.25
439.0,7,pa_3_rev,NEG_E1,20.0,4,60.0,3,75.0,0.0,0,0,1,3,380.0,17,5,38.64,85,20.0,0.43,0.75
439.0,7,pa_6,E5,25.0,5,75.0,3,60.0,0.0,0,0,2,3,380.0,17,5,38.64,85,25.0,0.38,0.6
439.0,7,pa_6_rev,NEG_E5,25.0,5,0.0,0,0.0,0.0,0,0,5,3,380.0,17,5,38.64,85,0.0,0.0,0.0
439.0,7,pa_7,E6,20.0,4,0.0,0,0.0,0.0,0,0,4,2,380.0,17,5,38.64,85,0.0,0.0,0.0
439.0,7,pa_7_rev,NEG_E6,20.0,4,20.0,1,25.0,0.0,0,0,3,2,380.0,17,5,38.64,85,20.0,0.17,0.25
439.0,7,pa_8,E7,25.0,5,0.0,0,0.0,0.0,0,0,5,3,380.0,17,5,38.64,85,0.0,0.0,0.0
439.0,7,pa_8_rev,NEG_E7,25.0,5,125.0,5,100.0,100.0,3,3,0,0,380.0,17,5,38.64,85,25.0,1.0,1.0
440.0,7,pa_2,E0,20.0,4,80.0,4,100.0,66.67,2,2,0,1,380.0,17,5,38.64,85,20.0,0.86,1.0
440.0,7,pa_2_rev,NEG_E0,20.0,4,0.0,0,0.0,0.0,0,0,4,3,380.0,17,5,38.64,85,0.0,0.0,0.0
440.0,7,pa_3,E1,20.0,4,20.0,1,25.0,0.0,0,0,3,3,380.0,17,5,38.64,85,20.0,0.14,0.25
440.0,7,pa_3_rev,NEG_E1,20.0,4,60.0,3,75.0,0.0,0,0,1,3,380.0,17,5,38.64,85,20.0,0.43,0.75
440.0,7,pa_6,E5,25.0,5,75.0,3,60.0,0.0,0,0,2,3,380.0,17,5,38.64,85,25.0,0.38,0.6
440.0,7,pa_6_rev,NEG_E5,25.0,5,0.0,0,0.0,0.0,0,0,5,3,380.0,17,5,38.64,85,0.0,0.0,0.0
440.0,7,pa_7,E6,20.0,4,0.0,0,0.0,0.0,0,0,4,2,380.0,17,5,38.64,85,0.0,0.0,0.0
440.0,7,pa_7_rev,NEG_E6,20.0,4,20.0,1,25.0,0.0,0,0,3,2,380.0,17,5,38.64,85,20.0,0.17,0.25
440.0,7,pa_8,E7,25.0,5,0.0,0,0.0,0.0,0,0,5,3,380.0,17,5,38.64,85,0.0,0.0,0.0
440.0,7,pa_8_rev,NEG_E7,25.0,5,125.0,5,100.0,100.0,3,3,0,0,380.0,17,5,38.64,85,25.0,1.0,1.0
441.0,7,pa_2,E0,20.0,4,80.0,4,100.0,66.67,2,2,0,1,380.0,17,5,38.64,85,20.0,0.86,1.0
441.0,7,pa_2_rev,NEG_E0,20.0,4,0.0,0,0.0,0.0,0,0,4,3,380.0,17,5,38.64,85,0.0,0.0,0.0
441.0,7,pa_3,E1,20.0,4,20.0,1,25.0,0.0,0,0,3,3,380.0,17,5,38.64,85,20.0,0.14,0.25
441.0,7,pa_3_rev,NEG_E1,20.0,4,60.0,3,75.0,0.0,0,0,1,3,380.0,17,5,38.64,85,20.0,0.43,0.75
441.0,7,pa_6,E5,25.0,5,75.0,3,60.0,0.0,0,0,2,3,380.0,17,5,38.64,85,25.0,0.38,0.6
441.0,7,pa_6_rev,NEG_E5,25.0,5,0.0,0,0.0,0.0,0,0,5,3,380.0,17,5,38.64,85,0.0,0.0,0.0
441.0,7,pa_7,E6,20.0,4,0.0,0,0.0,0.0,0,0,4,2,380.0,17,5,38.64,85,0.0,0.0,0.0
441.0,7,pa_7_rev,NEG_E6,20.0,4,20.0,1,25.0,0.0,0,0,3,2,380.0,17,5,38.64,85,20.0,0.17,0.25
441.0,7,pa_8,E7,25.0,5,0.0,0,0.0,0.0,0,0,5,3,380.0,17,5,38.64,85,0.0,0.0,0.0
441.0,7,pa_8_rev,NEG_E7,25.0,5,125.0,5,100.0,100.0,3,3,0,0,380.0,17,5,38.64,85,25.0,1.0,1.0
442.0,7,pa_2,E0,20.0,4,80.0,4,100.0,66.67,2,2,0,1,380.0,17,5,38.64,85,20.0,0.86,1.0
442.0,7,pa_2_rev,NEG_E0,20.0,4,0.0,0,0.0,0.0,0,0,4,3,380.0,17,5,38.64,85,0.0,0.0,0.0
442.0,7,pa_3,E1,20.0,4,20.0,1,25.0,0.0,0,0,3,3,380.0,17,5,38.64,85,20.0,0.14,0.25
442.0,7,pa_3_rev,NEG_E1,20.0,4,60.0,3,75.0,0.0,0,0,1,3,380.0,17,5,38.64,85,20.0,0.43,0.75
442.0,7,pa_6,E5,25.0,5,75.0,3,60.0,0.0,0,0,2,3,380.0,17,5,38.64,85,25.0,0.38,0.6
442.0,7,pa_6_rev,NEG_E5,25.0,5,0.0,0,0.0,0.0,0,0,5,3,380.0,17,5,38.64,85,0.0,0.0,0.0
442.0,7,pa_7,E6,20.0,4,0.0,0,0.0,0.0,0,0,4,2,380.0,17,5,38.64,85,0.0,0.0,0.0
442.0,7,pa_7_rev,NEG_E6,20.0,4,20.0,1,25.0,0.0,0,0,3,2,380.0,17,5,38.64,85,20.0,0.17,0.25
442.0,7,pa_8,E7,25.0,5,0.0,0,0.0,0.0,0,0,5,3,380.0,17,5,38.64,85,0.0,0.0,0.0
442.0,7,pa_8_rev,NEG_E7,25.0,5,125.0,5,100.0,100.0,3,3,0,0,380.0,17,5,38.64,85,25.0,1.0,1.0
443.0,7,pa_2,E0,20.0,4,80.0,4,100.0,66.67,2,2,0,1,380.0,17,5,38.64,85,20.0,0.86,1.0
443.0,7,pa_2_rev,NEG_E0,20.0,4,0.0,0,0.0,0.0,0,0,4,3,380.0,17,5,38.64,85,0.0,0.0,0.0
443.0,7,pa_3,E1,20.0,4,20.0,1,25.0,0.0,0,0,3,3,380.0,17,5,38.64,85,20.0,0.14,0.25
443.0,7,pa_3_rev,NEG_E1,20.0,4,60.0,3,75.0,0.0,0,0,1,3,380.0,17,5,38.64,85,20.0,0.43,0.75
443.0,7,pa_6,E5,25.0,5,75.0,3,60.0,0.0,0,0,2,3,380.0,17,5,38.64,85,25.0,0.38,0.6
443.0,7,pa_6_rev,NEG_E5,25.0,5,0.0,0,0.0,0.0,0,0,5,3,380.0,17,5,38.64,85,0.0,0.0,0.0
443.0,7,pa_7,E6,20.0,4,0.0,0,0.0,0.0,0,0,4,2,380.0,17,5,38.64,85,0.0,0.0,0.0
443.0,7,pa_7_rev,NEG_E6,20.0,4,20.0,1,25.0,0.0,0,0,3,2,380.0,17,5,38.64,85,20.0,0.17,0.25
443.0,7,pa_8,E7,25.0,5,0.0,0,0.0,0.0,0,0,5,3,380.0,17,5,38.64,85,0.0,0.0,0.0
443.0,7,pa_8_rev,NEG_E7,25.0,5,125.0,5,100.0,100.0,3,3,0,0,380.0,17,5,38.64,85,25.0,1.0,1.0
444.0,7,pa_2,E0,20.0,4,80.0,4,100.0,66.67,2,2,0,1,380.0,17,5,38.64,85,20.0,0.86,1.0
444.0,7,pa_2_rev,NEG_E0,20.0,4,0.0,0,0.0,0.0,0,0,4,3,380.0,17,5,38.64,85,0.0,0.0,0.0
444.0,7,pa_3,E1,20.0,4,20.0,1,25.0,0.0,0,0,3,3,380.0,17,5,38.64,85,20.0,0.14,0.25
444.0,7,pa_3_rev,NEG_E1,20.0,4,60.0,3,75.0,0.0,0,0,1,3,380.0,17,5,38.64,85,20.0,0.43,0.75
444.0,7,pa_6,E5,25.0,5,75.0,3,60.0,0.0,0,0,2,3,380.0,17,5,38.64,85,25.0,0.38,0.6
444.0,7,pa_6_rev,NEG_E5,25.0,5,0.0,0,0.0,0.0,0,0,5,3,380.0,17,5,38.64,85,0.0,0.0,0.0
444.0,7,pa_7,E6,20.0,4,0.0,0,0.0,0.0,0,0,4,2,380.0,17,5,38.64,85,0.0,0.0,0.0
444.0,7,pa_7_rev,NEG_E6,20.0,4,20.0,1,25.0,0.0,0,0,3,2,380.0,17,5,38.64,85,20.0,0.17,0.25
444.0,7,pa_8,E7,25.0,5,0.0,0,0.0,0.0,0,0,5,3,380.0,17,5,38.64,85,0.0,0.0,0.0
444.0,7,pa_8_rev,NEG_E7,25.0,5,125.0,5,100.0,100.0,3,3,0,0,380.0,17,5,38.64,85,25.0,1.0,1.0
445.0,7,pa_2,E0,20.0,4,80.0,4,100.0,66.67,2,2,0,1,400.0,18,5,40.91,85,20.0,0.86,1.0
445.0,7,pa_2_rev,NEG_E0,20.0,4,0.0,0,0.0,0.0,0,0,4,3,400.0,18,5,40.91,85,0.0,0.0,0.0
445.0,7,pa_3,E1,20.0,4,20.0,1,25.0,0.0,0,0,3,3,400.0,18,5,40.91,85,20.0,0.14,0.25
445.0,7,pa_3_rev,NEG_E1,20.0,4,60.0,3,75.0,0.0,0,0,1,3,400.0,18,5,40.91,85,20.0,0.43,0.75
445.0,7,pa_6,E5,25.0,5,75.0,3,60.0,0.0,0,0,2,3,400.0,18,5,40.91,85,25.0,0.38,0.6
445.0,7,pa_6_rev,NEG_E5,25.0,5,0.0,0,0.0,0.0,0,0,5,3,400.0,18,5,40.91,85,0.0,0.0,0.0
445.0,7,pa_7,E6,20.0,4,0.0,0,0.0,0.0,0,0,4,2,400.0,18,5,40.91,85,0.0,0.0,0.0
445.0,7,pa_7_rev,NEG_E6,20.0,4,40.0,2,50.0,0.0,0,0,2,2,400.0,18,5,40.91,85,20.0,0.33,0.5
445.0,7,pa_8,E7,25.0,5,0.0,0,0.0,0.0,0,0,5,3,400.0,18,5,40.91,85,0.0,0.0,0.0
445.0,7,pa_8_rev,NEG_E7,25.0,5,125.0,5,100.0,100.0,3,3,0,0,400.0,18,5,40.91,85,25.0,1.0,1.0
446.0,7,pa_2,E0,20.0,4,80.0,4,100.0,66.67,2,2,0,1,400.0,18,5,40.91,85,20.0,0.86,1.0
446.0,7,pa_2_rev,NEG_E0,20.0,4,0.0,0,0.0,0.0,0,0,4,3,400.0,18,5,40.91,85,0.0,0.0,0.0
446.0,7,pa_3,E1,20.0,4,20.0,1,25.0,0.0,0,0,3,3,400.0,18,5,40.91,85,20.0,0.14,0.25
446.0,7,pa_3_rev,NEG_E1,20.0,4,60.0,3,75.0,0.0,0,0,1,3,400.0,18,5,40.91,85,20.0,0.43,0.75
446.0,7,pa_6,E5,25.0,5,75.0,3,60.0,0.0,0,0,2,3,400.0,18,5,40.91,85,25.0,0.38,0.6
446.0,7,pa_6_rev,NEG_E5,25.0,5,0.0,0,0.0,0.0,0,0,5,3,400.0,18,5,40.91,85,0.0,0.0,0.0
446.0,7,pa_7,E6,20.0,4,0.0,0,0.0,0.0,0,0,4,2,400.0,18,5,40.91,85,0.0,0.0,0.0
446.0,7,pa_7_rev,NEG_E6,20.0,4,40.0,2,50.0,0.0,0,0,2,2,400.0,18,5,40.91,85,20.0,0.33,0.5
446.0,7,pa_8,E7,25.0,5,0.0,0,0.0,0.0,0,0,5,3,400.0,18,5,40.91,85,0.0,0.0,0.0
446.0,7,pa_8_rev,NEG_E7,25.0,5,125.0,5,100.0,100.0,3,3,0,0,400.0,18,5,40.91,85,25.0,1.0,1.0
447.0,7,pa_2,E0,20.0,4,80.0,4,100.0,66.67,2,2,0,1,400.0,18,5,40.91,85,20.0,0.86,1.0
447.0,7,pa_2_rev,NEG_E0,20.0,4,0.0,0,0.0,0.0,0,0,4,3,400.0,18,5,40.91,85,0.0,0.0,0.0
447.0,7,pa_3,E1,20.0,4,20.0,1,25.0,0.0,0,0,3,3,400.0,18,5,40.91,85,20.0,0.14,0.25
447.0,7,pa_3_rev,NEG_E1,20.0,4,60.0,3,75.0,0.0,0,0,1,3,400.0,18,5,40.91,85,20.0,0.43,0.75
447.0,7,pa_6,E5,25.0,5,75.0,3,60.0,0.0,0,0,2,3,400.0,18,5,40.91,85,25.0,0.38,0.6
447.0,7,pa_6_rev,NEG_E5,25.0,5,0.0,0,0.0,0.0,0,0,5,3,400.0,18,5,40.91,85,0.0,0.0,0.0
447.0,7,pa_7,E6,20.0,4,0.0,0,0.0,0.0,0,0,4,2,400.0,18,5,40.91,85,0.0,0.0,0.0
447.0,7,pa_7_rev,NEG_E6,20.0,4,40.0,2,50.0,0.0,0,0,2,2,400.0,18,5,40.91,85,20.0,0.33,0.5
447.0,7,pa_8,E7,25.0,5,0.0,0,0.0,0.0,0,0,5,3,400.0,18,5,40.91,85,0.0,0.0,0.0
447.0,7,pa_8_rev,NEG_E7,25.0,5,125.0,5,100.0,100.0,3,3,0,0,400.0,18,5,40.91,85,25.0,1.0,1.0
448.0,7,pa_2,E0,20.0,4,80.0,4,100.0,66.67,2,2,0,1,400.0,18,5,40.91,85,20.0,0.86,1.0
448.0,7,pa_2_rev,NEG_E0,20.0,4,0.0,0,0.0,0.0,0,0,4,3,400.0,18,5,40.91,85,0.0,0.0,0.0
448.0,7,pa_3,E1,20.0,4,20.0,1,25.0,0.0,0,0,3,3,400.0,18,5,40.91,85,20.0,0.14,0.25
448.0,7,pa_3_rev,NEG_E1,20.0,4,60.0,3,75.0,0.0,0,0,1,3,400.0,18,5,40.91,85,20.0,0.43,0.75
448.0,7,pa_6,E5,25.0,5,75.0,3,60.0,0.0,0,0,2,3,400.0,18,5,40.91,85,25.0,0.38,0.6
448.0,7,pa_6_rev,NEG_E5,25.0,5,0.0,0,0.0,0.0,0,0,5,3,400.0,18,5,40.91,85,0.0,0.0,0.0
448.0,7,pa_7,E6,20.0,4,0.0,0,0.0,0.0,0,0,4,2,400.0,18,5,40.91,85,0.0,0.0,0.0
448.0,7,pa_7_rev,NEG_E6,20.0,4,40.0,2,50.0,0.0,0,0,2,2,400.0,18,5,40.91,85,20.0,0.33,0.5
448.0,7,pa_8,E7,25.0,5,0.0,0,0.0,0.0,0,0,5,3,400.0,18,5,40.91,85,0.0,0.0,0.0
448.0,7,pa_8_rev,NEG_E7,25.0,5,125.0,5,100.0,100.0,3,3,0,0,400.0,18,5,40.91,85,25.0,1.0,1.0
449.0,7,pa_2,E0,20.0,4,80.0,4,100.0,66.67,2,2,0,1,400.0,18,5,40.91,85,20.0,0.86,1.0
449.0,7,pa_2_rev,NEG_E0,20.0,4,0.0,0,0.0,0.0,0,0,4,3,400.0,18,5,40.91,85,0.0,0.0,0.0
449.0,7,pa_3,E1,20.0,4,20.0,1,25.0,0.0,0,0,3,3,400.0,18,5,40.91,85,20.0,0.14,0.25
449.0,7,pa_3_rev,NEG_E1,20.0,4,60.0,3,75.0,0.0,0,0,1,3,400.0,18,5,40.91,85,20.0,0.43,0.75
449.0,7,pa_6,E5,25.0,5,75.0,3,60.0,0.0,0,0,2,3,400.0,18,5,40.91,85,25.0,0.38,0.6
449.0,7,pa_6_rev,NEG_E5,25.0,5,0.0,0,0.0,0.0,0,0,5,3,400.0,18,5,40.91,85,0.0,0.0,0.0
449.0,7,pa_7,E6,20.0,4,0.0,0,0.0,0.0,0,0,4,2,400.0,18,5,40.91,85,0.0,0.0,0.0
449.0,7,pa_7_rev,NEG_E6,20.0,4,40.0,2,50.0,0.0,0,0,2,2,400.0,18,5,40.91,85,20.0,0.33,0.5
449.0,7,pa_8,E7,25.0,5,0.0,0,0.0,0.0,0,0,5,3,400.0,18,5,40.91,85,0.0,0.0,0.0
449.0,7,pa_8_rev,NEG_E7,25.0,5,125.0,5,100.0,100.0,3,3,0,0,400.0,18,5,40.91,85,25.0,1.0,1.0
450.0,7,pa_2,E0,20.0,4,80.0,4,100.0,66.67,2,2,0,1,400.0,18,5,40.91,85,20.0,0.86,1.0
450.0,7,pa_2_rev,NEG_E0,20.0,4,0.0,0,0.0,0.0,0,0,4,3,400.0,18,5,40.91,85,0.0,0.0,0.0
450.0,7,pa_3,E1,20.0,4,20.0,1,25.0,0.0,0,0,3,3,400.0,18,5,40.91,85,20.0,0.14,0.25
450.0,7,pa_3_rev,NEG_E1,20.0,4,60.0,3,75.0,0.0,0,0,1,3,400.0,18,5,40.91,85,20.0,0.43,0.75
450.0,7,pa_6,E5,25.0,5,75.0,3,60.0,0.0,0,0,2,3,400.0,18,5,40.91,85,25.0,0.38,0.6
450.0,7,pa_6_rev,NEG_E5,25.0,5,0.0,0,0.0,0.0,0,0,5,3,400.0,18,5,40.91,85,0.0,0.0,0.0
450.0,7,pa_7,E6,20.0,4,0.0,0,0.0,0.0,0,0,4,2,400.0,18,5,40.91,85,0.0,0.0,0.0
450.0,7,pa_7_rev,NEG_E6,20.0,4,40.0,2,50.0,0.0,0,0,2,2,400.0,18,5,40.91,85,20.0,0.33,0.5
450.0,7,pa_8,E7,25.0,5,0.0,0,0.0,0.0,0,0,5,3,400.0,18,5,40.91,85,0.0,0.0,0.0
450.0,7,pa_8_rev,NEG_E7,25.0,5,125.0,5,100.0,100.0,3,3,0,0,400.0,18,5,40.91,85,25.0,1.0,1.0
451.0,7,pa_2,E0,20.0,4,80.0,4,100.0,66.67,2,2,0,1,400.0,18,5,40.91,89,20.0,0.86,1.0
451.0,7,pa_2_rev,NEG_E0,20.0,4,0.0,0,0.0,0.0,0,0,4,3,400.0,18,5,40.91,89,0.0,0.0,0.0
451.0,7,pa_3,E1,20.0,4,20.0,1,25.0,0.0,0,0,3,3,400.0,18,5,40.91,89,20.0,0.14,0.25
451.0,7,pa_3_rev,NEG_E1,20.0,4,60.0,3,75.0,0.0,0,0,1,3,400.0,18,5,40.91,89,20.0,0.43,0.75
451.0,7,pa_6,E5,25.0,5,75.0,3,60.0,0.0,0,0,2,3,400.0,18,5,40.91,89,25.0,0.38,0.6
451.0,7,pa_6_rev,NEG_E5,25.0,5,0.0,0,0.0,0.0,0,0,5,3,400.0,18,5,40.91,89,0.0,0.0,0.0
451.0,7,pa_7,E6,20.0,4,0.0,0,0.0,0.0,0,0,4,2,400.0,18,5,40.91,89,0.0,0.0,0.0
451.0,7,pa_7_rev,NEG_E6,20.0,4,40.0,2,50.0,0.0,0,0,2,2,400.0,18,5,40.91,89,20.0,0.33,0.5
451.0,7,pa_8,E7,25.0,5,0.0,0,0.0,0.0,0,0,5,3,400.0,18,5,40.91,89,0.0,0.0,0.0
451.0,7,pa_8_rev,NEG_E7,25.0,5,125.0,5,100.0,100.0,3,3,0,0,400.0,18,5,40.91,89,25.0,1.0,1.0
452.0,7,pa_2,E0,20.0,4,80.0,4,100.0,66.67,2,2,0,1,400.0,18,5,40.91,89,20.0,0.86,1.0
452.0,7,pa_2_rev,NEG_E0,20.0,4,0.0,0,0.0,0.0,0,0,4,3,400.0,18,5,40.91,89,0.0,0.0,0.0
452.0,7,pa_3,E1,20.0,4,20.0,1,25.0,0.0,0,0,3,3,400.0,18,5,40.91,89,20.0,0.14,0.25
452.0,7,pa_3_rev,NEG_E1,20.0,4,60.0,3,75.0,0.0,0,0,1,3,400.0,18,5,40.91,89,20.0,0.43,0.75
452.0,7,pa_6,E5,25.0,5,75.0,3,60.0,0.0,0,0,2,3,400.0,18,5,40.91,89,25.0,0.38,0.6
452.0,7,pa_6_rev,NEG_E5,25.0,5,0.0,0,0.0,0.0,0,0,5,3,400.0,18,5,40.91,89,0.0,0.0,0.0
452.0,7,pa_7,E6,20.0,4,0.0,0,0.0,0.0,0,0,4,2,400.0,18,5,40.91,89,0.0,0.0,0.0
452.0,7,pa_7_rev,NEG_E6,20.0,4,40.0,2,50.0,0.0,0,0,2,2,400.0,18,5,40.91,89,20.0,0.33,0.5
452.0,7,pa_8,E7,25.0,5,0.0,0,0.0,0.0,0,0,5,3,400.0,18,5,40.91,89,0.0,0.0,0.0
452.0,7,pa_8_rev,NEG_E7,25.0,5,125.0,5,100.0,100.0,3,3,0,0,400.0,18,5,40.91,89,25.0,1.0,1.0
453.0,7,pa_2,E0,20.0,4,80.0,4,100.0,66.67,2,2,0,1,400.0,18,5,40.91,89,20.0,0.86,1.0
453.0,7,pa_2_rev,NEG_E0,20.0,4,0.0,0,0.0,0.0,0,0,4,3,400.0,18,5,40.91,89,0.0,0.0,0.0
453.0,7,pa_3,E1,20.0,4,20.0,1,25.0,0.0,0,0,3,3,400.0,18,5,40.91,89,20.0,0.14,0.25
453.0,7,pa_3_rev,NEG_E1,20.0,4,60.0,3,75.0,0.0,0,0,1,3,400.0,18,5,40.91,89,20.0,0.43,0.75
453.0,7,pa_6,E5,25.0,5,75.0,3,60.0,0.0,0,0,2,3,400.0,18,5,40.91,89,25.0,0.38,0.6
453.0,7,pa_6_rev,NEG_E5,25.0,5,0.0,0,0.0,0.0,0,0,5,3,400.0,18,5,40.91,89,0.0,0.0,0.0
453.0,7,pa_7,E6,20.0,4,0.0,0,0.0,0.0,0,0,4,2,400.0,18,5,40.91,89,0.0,0.0,0.0
453.0,7,pa_7_rev,NEG_E6,20.0,4,40.0,2,50.0,0.0,0,0,2,2,400.0,18,5,40.91,89,20.0,0.33,0.5
453.0,7,pa_8,E7,25.0,5,0.0,0,0.0,0.0,0,0,5,3,400.0,18,5,40.91,89,0.0,0.0,0.0
453.0,7,pa_8_rev,NEG_E7,25.0,5,125.0,5,100.0,100.0,3,3,0,0,400.0,18,5,40.91,89,25.0,1.0,1.0
454.0,7,pa_2,E0,20.0,4,80.0,4,100.0,66.67,2,2,0,1,420.0,19,5,43.18,90,20.0,0.86,1.0
454.0,7,pa_2_rev,NEG_E0,20.0,4,0.0,0,0.0,0.0,0,0,4,3,420.0,19,5,43.18,90,0.0,0.0,0.0
454.0,7,pa_3,E1,20.0,4,40.0,2,50.0,0.0,0,0,2,3,420.0,19,5,43.18,90,20.0,0.29,0.5
454.0,7,pa_3_rev,NEG_E1,20.0,4,60.0,3,75.0,0.0,0,0,1,3,420.0,19,5,43.18,90,20.0,0.43,0.75
454.0,7,pa_6,E5,25.0,5,75.0,3,60.0,0.0,0,0,2,3,420.0,19,5,43.18,90,25.0,0.38,0.6
454.0,7,pa_6_rev,NEG_E5,25.0,5,0.0,0,0.0,0.0,0,0,5,3,420.0,19,5,43.18,90,0.0,0.0,0.0
454.0,7,pa_7,E6,20.0,4,0.0,0,0.0,0.0,0,0,4,2,420.0,19,5,43.18,90,0.0,0.0,0.0
454.0,7,pa_7_rev,NEG_E6,20.0,4,40.0,2,50.0,0.0,0,0,2,2,420.0,19,5,43.18,90,20.0,0.33,0.5
454.0,7,pa_8,E7,25.0,5,0.0,0,0.0,0.0,0,0,5,3,420.0,19,5,43.18,90,0.0,0.0,0.0
454.0,7,pa_8_rev,NEG_E7,25.0,5,125.0,5,100.0,100.0,3,3,0,0,420.0,19,5,43.18,90,25.0,1.0,1.0
455.0,7,pa_2,E0,20.0,4,80.0,4,100.0,66.67,2,2,0,1,420.0,19,5,43.18,91,20.0,0.86,1.0
455.0,7,pa_2_rev,NEG_E0,20.0,4,0.0,0,0.0,0.0,0,0,4,3,420.0,19,5,43.18,91,0.0,0.0,0.0
455.0,7,pa_3,E1,20.0,4,40.0,2,50.0,0.0,0,0,2,3,420.0,19,5,43.18,91,20.0,0.29,0.5
455.0,7,pa_3_rev,NEG_E1,20.0,4,60.0,3,75.0,0.0,0,0,1,3,420.0,19,5,43.18,91,20.0,0.43,0.75
455.0,7,pa_6,E5,25.0,5,75.0,3,60.0,0.0,0,0,2,3,420.0,19,5,43.18,91,25.0,0.38,0.6
455.0,7,pa_6_rev,NEG_E5,25.0,5,0.0,0,0.0,0.0,0,0,5,3,420.0,19,5,43.18,91,0.0,0.0,0.0
455.0,7,pa_7,E6,20.0,4,0.0,0,0.0,0.0,0,0,4,2,420.0,19,5,43.18,91,0.0,0.0,0.0
455.0,7,pa_7_rev,NEG_E6,20.0,4,40.0,2,50.0,0.0,0,0,2,2,420.0,19,5,43.18,91,20.0,0.33,0.5
455.0,7,pa_8,E7,25.0,5,0.0,0,0.0,0.0,0,0,5,3,420.0,19,5,43.18,91,0.0,0.0,0.0
455.0,7,pa_8_rev,NEG_E7,25.0,5,125.0,5,100.0,100.0,3,3,0,0,420.0,19,5,43.18,91,25.0,1.0,1.0
456.0,7,pa_2,E0,20.0,4,80.0,4,100.0,66.67,2,2,0,1,420.0,19,5,43.18,90,20.0,0.86,1.0
456.0,7,pa_2_rev,NEG_E0,20.0,4,0.0,0,0.0,0.0,0,0,4,3,420.0,19,5,43.18,90,0.0,0.0,0.0
456.0,7,pa_3,E1,20.0,4,40.0,2,50.0,0.0,0,0,2,3,420.0,19,5,43.18,90,20.0,0.29,0.5
456.0,7,pa_3_rev,NEG_E1,20.0,4,60.0,3,75.0,0.0,0,0,1,3,420.0,19,5,43.18,90,20.0,0.43,0.75
456.0,7,pa_6,E5,25.0,5,75.0,3,60.0,0.0,0,0,2,3,420.0,19,5,43.18,90,25.0,0.38,0.6
456.0,7,pa_6_rev,NEG_E5,25.0,5,0.0,0,0.0,0.0,0,0,5,3,420.0,19,5,43.18,90,0.0,0.0,0.0
456.0,7,pa_7,E6,20.0,4,0.0,0,0.0,0.0,0,0,4,2,420.0,19,5,43.18,90,0.0,0.0,0.0
456.0,7,pa_7_rev,NEG_E6,20.0,4,40.0,2,50.0,0.0,0,0,2,2,420.0,19,5,43.18,90,20.0,0.33,0.5
456.0,7,pa_8,E7,25.0,5,0.0,0,0.0,0.0,0,0,5,3,420.0,19,5,43.18,90,0.0,0.0,0.0
456.0,7,pa_8_rev,NEG_E7,25.0,5,125.0,5,100.0,100.0,3,3,0,0,420.0,19,5,43.18,90,25.0,1.0,1.0
457.0,7,pa_2,E0,20.0,4,80.0,4,100.0,66.67,2,2,0,1,420.0,19,5,43.18,90,20.0,0.86,1.0
457.0,7,pa_2_rev,NEG_E0,20.0,4,0.0,0,0.0,0.0,0,0,4,3,420.0,19,5,43.18,90,0.0,0.0,0.0
457.0,7,pa_3,E1,20.0,4,40.0,2,50.0,0.0,0,0,2,3,420.0,19,5,43.18,90,20.0,0.29,0.5
457.0,7,pa_3_rev,NEG_E1,20.0,4,60.0,3,75.0,0.0,0,0,1,3,420.0,19,5,43.18,90,20.0,0.43,0.75
457.0,7,pa_6,E5,25.0,5,75.0,3,60.0,0.0,0,0,2,3,420.0,19,5,43.18,90,25.0,0.38,0.6
457.0,7,pa_6_rev,NEG_E5,25.0,5,0.0,0,0.0,0.0,0,0,5,3,420.0,19,5,43.18,90,0.0,0.0,0.0
457.0,7,pa_7,E6,20.0,4,0.0,0,0.0,0.0,0,0,4,2,420.0,19,5,43.18,90,0.0,0.0,0.0
457.0,7,pa_7_rev,NEG_E6,20.0,4,40.0,2,50.0,0.0,0,0,2,2,420.0,19,5,43.18,90,20.0,0.33,0.5
457.0,7,pa_8,E7,25.0,5,0.0,0,0.0,0.0,0,0,5,3,420.0,19,5,43.18,90,0.0,0.0,0.0
457.0,7,pa_8_rev,NEG_E7,25.0,5,125.0,5,100.0,100.0,3,3,0,0,420.0,19,5,43.18,90,25.0,1.0,1.0
458.0,7,pa_2,E0,20.0,4,80.0,4,100.0,66.67,2,2,0,1,420.0,19,5,43.18,90,20.0,0.86,1.0
458.0,7,pa_2_rev,NEG_E0,20.0,4,0.0,0,0.0,0.0,0,0,4,3,420.0,19,5,43.18,90,0.0,0.0,0.0
458.0,7,pa_3,E1,20.0,4,40.0,2,50.0,0.0,0,0,2,3,420.0,19,5,43.18,90,20.0,0.29,0.5
458.0,7,pa_3_rev,NEG_E1,20.0,4,60.0,3,75.0,0.0,0,0,1,3,420.0,19,5,43.18,90,20.0,0.43,0.75
458.0,7,pa_6,E5,25.0,5,75.0,3,60.0,0.0,0,0,2,3,420.0,19,5,43.18,90,25.0,0.38,0.6
458.0,7,pa_6_rev,NEG_E5,25.0,5,0.0,0,0.0,0.0,0,0,5,3,420.0,19,5,43.18,90,0.0,0.0,0.0
458.0,7,pa_7,E6,20.0,4,0.0,0,0.0,0.0,0,0,4,2,420.0,19,5,43.18,90,0.0,0.0,0.0
458.0,7,pa_7_rev,NEG_E6,20.0,4,40.0,2,50.0,0.0,0,0,2,2,420.0,19,5,43.18,90,20.0,0.33,0.5
458.0,7,pa_8,E7,25.0,5,0.0,0,0.0,0.0,0,0,5,3,420.0,19,5,43.18,90,0.0,0.0,0.0
458.0,7,pa_8_rev,NEG_E7,25.0,5,125.0,5,100.0,100.0,3,3,0,0,420.0,19,5,43.18,90,25.0,1.0,1.0
459.0,7,pa_2,E0,20.0,4,80.0,4,100.0,66.67,2,2,0,1,420.0,19,5,43.18,90,20.0,0.86,1.0
459.0,7,pa_2_rev,NEG_E0,20.0,4,0.0,0,0.0,0.0,0,0,4,3,420.0,19,5,43.18,90,0.0,0.0,0.0
459.0,7,pa_3,E1,20.0,4,40.0,2,50.0,0.0,0,0,2,3,420.0,19,5,43.18,90,20.0,0.29,0.5
459.0,7,pa_3_rev,NEG_E1,20.0,4,60.0,3,75.0,0.0,0,0,1,3,420.0,19,5,43.18,90,20.0,0.43,0.75
459.0,7,pa_6,E5,25.0,5,75.0,3,60.0,0.0,0,0,2,3,420.0,19,5,43.18,90,25.0,0.38,0.6
459.0,7,pa_6_rev,NEG_E5,25.0,5,0.0,0,0.0,0.0,0,0,5,3,420.0,19,5,43.18,90,0.0,0.0,0.0
459.0,7,pa_7,E6,20.0,4,0.0,0,0.0,0.0,0,0,4,2,420.0,19,5,43.18,90,0.0,0.0,0.0
459.0,7,pa_7_rev,NEG_E6,20.0,4,40.0,2,50.0,0.0,0,0,2,2,420.0,19,5,43.18,90,20.0,0.33,0.5
459.0,7,pa_8,E7,25.0,5,0.0,0,0.0,0.0,0,0,5,3,420.0,19,5,43.18,90,0.0,0.0,0.0
459.0,7,pa_8_rev,NEG_E7,25.0,5,125.0,5,100.0,100.0,3,3,0,0,420.0,19,5,43.18,90,25.0,1.0,1.0
460.0,7,pa_2,E0,20.0,4,80.0,4,100.0,66.67,2,2,0,1,420.0,19,5,43.18,90,20.0,0.86,1.0
460.0,7,pa_2_rev,NEG_E0,20.0,4,0.0,0,0.0,0.0,0,0,4,3,420.0,19,5,43.18,90,0.0,0.0,0.0
460.0,7,pa_3,E1,20.0,4,40.0,2,50.0,0.0,0,0,2,3,420.0,19,5,43.18,90,20.0,0.29,0.5
460.0,7,pa_3_rev,NEG_E1,20.0,4,60.0,3,75.0,0.0,0,0,1,3,420.0,19,5,43.18,90,20.0,0.43,0.75
460.0,7,pa_6,E5,25.0,5,75.0,3,60.0,0.0,0,0,2,3,420.0,19,5,43.18,90,25.0,0.38,0.6
460.0,7,pa_6_rev,NEG_E5,25.0,5,0.0,0,0.0,0.0,0,0,5,3,420.0,19,5,43.18,90,0.0,0.0,0.0
460.0,7,pa_7,E6,20.0,4,0.0,0,0.0,0.0,0,0,4,2,420.0,19,5,43.18,90,0.0,0.0,0.0
460.0,7,pa_7_rev,NEG_E6,20.0,4,40.0,2,50.0,0.0,0,0,2,2,420.0,19,5,43.18,90,20.0,0.33,0.5
460.0,7,pa_8,E7,25.0,5,0.0,0,0.0,0.0,0,0,5,3,420.0,19,5,43.18,90,0.0,0.0,0.0
460.0,7,pa_8_rev,NEG_E7,25.0,5,125.0,5,100.0,100.0,3,3,0,0,420.0,19,5,43.18,90,25.0,1.0,1.0
461.0,7,pa_2,E0,20.0,4,80.0,4,100.0,66.67,2,2,0,1,420.0,19,5,43.18,90,20.0,0.86,1.0
461.0,7,pa_2_rev,NEG_E0,20.0,4,0.0,0,0.0,0.0,0,0,4,3,420.0,19,5,43.18,90,0.0,0.0,0.0
461.0,7,pa_3,E1,20.0,4,40.0,2,50.0,0.0,0,0,2,3,420.0,19,5,43.18,90,20.0,0.29,0.5
461.0,7,pa_3_rev,NEG_E1,20.0,4,60.0,3,75.0,0.0,0,0,1,3,420.0,19,5,43.18,90,20.0,0.43,0.75
461.0,7,pa_6,E5,25.0,5,75.0,3,60.0,0.0,0,0,2,3,420.0,19,5,43.18,90,25.0,0.38,0.6
461.0,7,pa_6_rev,NEG_E5,25.0,5,0.0,0,0.0,0.0,0,0,5,3,420.0,19,5,43.18,90,0.0,0.0,0.0
461.0,7,pa_7,E6,20.0,4,0.0,0,0.0,0.0,0,0,4,2,420.0,19,5,43.18,90,0.0,0.0,0.0
461.0,7,pa_7_rev,NEG_E6,20.0,4,40.0,2,50.0,0.0,0,0,2,2,420.0,19,5,43.18,90,20.0,0.33,0.5
461.0,7,pa_8,E7,25.0,5,0.0,0,0.0,0.0,0,0,5,3,420.0,19,5,43.18,90,0.0,0.0,0.0
461.0,7,pa_8_rev,NEG_E7,25.0,5,125.0,5,100.0,100.0,3,3,0,0,420.0,19,5,43.18,90,25.0,1.0,1.0
462.0,7,pa_2,E0,20.0,4,80.0,4,100.0,66.67,2,2,0,1,420.0,19,5,43.18,90,20.0,0.86,1.0
462.0,7,pa_2_rev,NEG_E0,20.0,4,0.0,0,0.0,0.0,0,0,4,3,420.0,19,5,43.18,90,0.0,0.0,0.0
462.0,7,pa_3,E1,20.0,4,40.0,2,50.0,0.0,0,0,2,3,420.0,19,5,43.18,90,20.0,0.29,0.5
462.0,7,pa_3_rev,NEG_E1,20.0,4,60.0,3,75.0,0.0,0,0,1,3,420.0,19,5,43.18,90,20.0,0.43,0.75
462.0,7,pa_6,E5,25.0,5,75.0,3,60.0,0.0,0,0,2,3,420.0,19,5,43.18,90,25.0,0.38,0.6
462.0,7,pa_6_rev,NEG_E5,25.0,5,0.0,0,0.0,0.0,0,0,5,3,420.0,19,5,43.18,90,0.0,0.0,0.0
462.0,7,pa_7,E6,20.0,4,0.0,0,0.0,0.0,0,0,4,2,420.0,19,5,43.18,90,0.0,0.0,0.0
462.0,7,pa_7_rev,NEG_E6,20.0,4,40.0,2,50.0,0.0,0,0,2,2,420.0,19,5,43.18,90,20.0,0.33,0.5
462.0,7,pa_8,E7,25.0,5,0.0,0,0.0,0.0,0,0,5,3,420.0,19,5,43.18,90,0.0,0.0,0.0
462.0,7,pa_8_rev,NEG_E7,25.0,5,125.0,5,100.0,100.0,3,3,0,0,420.0,19,5,43.18,90,25.0,1.0,1.0
463.0,7,pa_2,E0,20.0,4,80.0,4,100.0,66.67,2,2,0,1,420.0,19,5,43.18,90,20.0,0.86,1.0
463.0,7,pa_2_rev,NEG_E0,20.0,4,0.0,0,0.0,0.0,0,0,4,3,420.0,19,5,43.18,90,0.0,0.0,0.0
463.0,7,pa_3,E1,20.0,4,40.0,2,50.0,0.0,0,0,2,3,420.0,19,5,43.18,90,20.0,0.29,0.5
463.0,7,pa_3_rev,NEG_E1,20.0,4,60.0,3,75.0,0.0,0,0,1,3,420.0,19,5,43.18,90,20.0,0.43,0.75
463.0,7,pa_6,E5,25.0,5,75.0,3,60.0,0.0,0,0,2,3,420.0,19,5,43.18,90,25.0,0.38,0.6
463.0,7,pa_6_rev,NEG_E5,25.0,5,0.0,0,0.0,0.0,0,0,5,3,420.0,19,5,43.18,90,0.0,0.0,0.0
463.0,7,pa_7,E6,20.0,4,0.0,0,0.0,0.0,0,0,4,2,420.0,19,5,43.18,90,0.0,0.0,0.0
463.0,7,pa_7_rev,NEG_E6,20.0,4,40.0,2,50.0,0.0,0,0,2,2,420.0,19,5,43.18,90,20.0,0.33,0.5
463.0,7,pa_8,E7,25.0,5,0.0,0,0.0,0.0,0,0,5,3,420.0,19,5,43.18,90,0.0,0.0,0.0
463.0,7,pa_8_rev,NEG_E7,25.0,5,125.0,5,100.0,100.0,3,3,0,0,420.0,19,5,43.18,90,25.0,1.0,1.0
464.0,7,pa_2,E0,20.0,4,80.0,4,100.0,66.67,2,2,0,1,420.0,19,5,43.18,90,20.0,0.86,1.0
464.0,7,pa_2_rev,NEG_E0,20.0,4,0.0,0,0.0,0.0,0,0,4,3,420.0,19,5,43.18,90,0.0,0.0,0.0
464.0,7,pa_3,E1,20.0,4,40.0,2,50.0,0.0,0,0,2,3,420.0,19,5,43.18,90,20.0,0.29,0.5
464.0,7,pa_3_rev,NEG_E1,20.0,4,60.0,3,75.0,0.0,0,0,1,3,420.0,19,5,43.18,90,20.0,0.43,0.75
464.0,7,pa_6,E5,25.0,5,75.0,3,60.0,0.0,0,0,2,3,420.0,19,5,43.18,90,25.0,0.38,0.6
464.0,7,pa_6_rev,NEG_E5,25.0,5,0.0,0,0.0,0.0,0,0,5,3,420.0,19,5,43.18,90,0.0,0.0,0.0
464.0,7,pa_7,E6,20.0,4,0.0,0,0.0,0.0,0,0,4,2,420.0,19,5,43.18,90,0.0,0.0,0.0
464.0,7,pa_7_rev,NEG_E6,20.0,4,40.0,2,50.0,0.0,0,0,2,2,420.0,19,5,43.18,90,20.0,0.33,0.5
464.0,7,pa_8,E7,25.0,5,0.0,0,0.0,0.0,0,0,5,3,420.0,19,5,43.18,90,0.0,0.0,0.0
464.0,7,pa_8_rev,NEG_E7,25.0,5,125.0,5,100.0,100.0,3,3,0,0,420.0,19,5,43.18,90,25.0,1.0,1.0
465.0,7,pa_2,E0,20.0,4,80.0,4,100.0,66.67,2,2,0,1,420.0,19,5,43.18,90,20.0,0.86,1.0
465.0,7,pa_2_rev,NEG_E0,20.0,4,0.0,0,0.0,0.0,0,0,4,3,420.0,19,5,43.18,90,0.0,0.0,0.0
465.0,7,pa_3,E1,20.0,4,40.0,2,50.0,0.0,0,0,2,3,420.0,19,5,43.18,90,20.0,0.29,0.5
465.0,7,pa_3_rev,NEG_E1,20.0,4,60.0,3,75.0,0.0,0,0,1,3,420.0,19,5,43.18,90,20.0,0.43,0.75
465.0,7,pa_6,E5,25.0,5,75.0,3,60.0,0.0,0,0,2,3,420.0,19,5,43.18,90,25.0,0.38,0.6
465.0,7,pa_6_rev,NEG_E5,25.0,5,0.0,0,0.0,0.0,0,0,5,3,420.0,19,5,43.18,90,0.0,0.0,0.0
465.0,7,pa_7,E6,20.0,4,0.0,0,0.0,0.0,0,0,4,2,420.0,19,5,43.18,90,0.0,0.0,0.0
465.0,7,pa_7_rev,NEG_E6,20.0,4,40.0,2,50.0,0.0,0,0,2,2,420.0,19,5,43.18,90,20.0,0.33,0.5
465.0,7,pa_8,E7,25.0,5,0.0,0,0.0,0.0,0,0,5,3,420.0,19,5,43.18,90,0.0,0.0,0.0
465.0,7,pa_8_rev,NEG_E7,25.0,5,125.0,5,100.0,100.0,3,3,0,0,420.0,19,5,43.18,90,25.0,1.0,1.0
466.0,7,pa_2,E0,20.0,4,80.0,4,100.0,66.67,2,2,0,1,420.0,19,5,43.18,90,20.0,0.86,1.0
466.0,7,pa_2_rev,NEG_E0,20.0,4,0.0,0,0.0,0.0,0,0,4,3,420.0,19,5,43.18,90,0.0,0.0,0.0
466.0,7,pa_3,E1,20.0,4,40.0,2,50.0,0.0,0,0,2,3,420.0,19,5,43.18,90,20.0,0.29,0.5
466.0,7,pa_3_rev,NEG_E1,20.0,4,60.0,3,75.0,0.0,0,0,1,3,420.0,19,5,43.18,90,20.0,0.43,0.75
466.0,7,pa_6,E5,25.0,5,75.0,3,60.0,0.0,0,0,2,3,420.0,19,5,43.18,90,25.0,0.38,0.6
466.0,7,pa_6_rev,NEG_E5,25.0,5,0.0,0,0.0,0.0,0,0,5,3,420.0,19,5,43.18,90,0.0,0.0,0.0
466.0,7,pa_7,E6,20.0,4,0.0,0,0.0,0.0,0,0,4,2,420.0,19,5,43.18,90,0.0,0.0,0.0
466.0,7,pa_7_rev,NEG_E6,20.0,4,40.0,2,50.0,0.0,0,0,2,2,420.0,19,5,43.18,90,20.0,0.33,0.5
466.0,7,pa_8,E7,25.0,5,0.0,0,0.0,0.0,0,0,5,3,420.0,19,5,43.18,90,0.0,0.0,0.0
466.0,7,pa_8_rev,NEG_E7,25.0,5,125.0,5,100.0,100.0,3,3,0,0,420.0,19,5,43.18,90,25.0,1.0,1.0
467.0,7,pa_2,E0,20.0,4,80.0,4,100.0,66.67,2,2,0,1,420.0,19,5,43.18,90,20.0,0.86,1.0
467.0,7,pa_2_rev,NEG_E0,20.0,4,0.0,0,0.0,0.0,0,0,4,3,420.0,19,5,43.18,90,0.0,0.0,0.0
467.0,7,pa_3,E1,20.0,4,40.0,2,50.0,0.0,0,0,2,3,420.0,19,5,43.18,90,20.0,0.29,0.5
467.0,7,pa_3_rev,NEG_E1,20.0,4,60.0,3,75.0,0.0,0,0,1,3,420.0,19,5,43.18,90,20.0,0.43,0.75
467.0,7,pa_6,E5,25.0,5,75.0,3,60.0,0.0,0,0,2,3,420.0,19,5,43.18,90,25.0,0.38,0.6
467.0,7,pa_6_rev,NEG_E5,25.0,5,0.0,0,0.0,0.0,0,0,5,3,420.0,19,5,43.18,90,0.0,0.0,0.0
467.0,7,pa_7,E6,20.0,4,0.0,0,0.0,0.0,0,0,4,2,420.0,19,5,43.18,90,0.0,0.0,0.0
467.0,7,pa_7_rev,NEG_E6,20.0,4,40.0,2,50.0,0.0,0,0,2,2,420.0,19,5,43.18,90,20.0,0.33,0.5
467.0,7,pa_8,E7,25.0,5,0.0,0,0.0,0.0,0,0,5,3,420.0,19,5,43.18,90,0.0,0.0,0.0
467.0,7,pa_8_rev,NEG_E7,25.0,5,125.0,5,100.0,100.0,3,3,0,0,420.0,19,5,43.18,90,25.0,1.0,1.0
468.0,7,pa_2,E0,20.0,4,80.0,4,100.0,66.67,2,2,0,1,420.0,19,5,43.18,90,20.0,0.86,1.0
468.0,7,pa_2_rev,NEG_E0,20.0,4,0.0,0,0.0,0.0,0,0,4,3,420.0,19,5,43.18,90,0.0,0.0,0.0
468.0,7,pa_3,E1,20.0,4,40.0,2,50.0,0.0,0,0,2,3,420.0,19,5,43.18,90,20.0,0.29,0.5
468.0,7,pa_3_rev,NEG_E1,20.0,4,60.0,3,75.0,0.0,0,0,1,3,420.0,19,5,43.18,90,20.0,0.43,0.75
468.0,7,pa_6,E5,25.0,5,75.0,3,60.0,0.0,0,0,2,3,420.0,19,5,43.18,90,25.0,0.38,0.6
468.0,7,pa_6_rev,NEG_E5,25.0,5,0.0,0,0.0,0.0,0,0,5,3,420.0,19,5,43.18,90,0.0,0.0,0.0
468.0,7,pa_7,E6,20.0,4,0.0,0,0.0,0.0,0,0,4,2,420.0,19,5,43.18,90,0.0,0.0,0.0
468.0,7,pa_7_rev,NEG_E6,20.0,4,40.0,2,50.0,0.0,0,0,2,2,420.0,19,5,43.18,90,20.0,0.33,0.5
468.0,7,pa_8,E7,25.0,5,0.0,0,0.0,0.0,0,0,5,3,420.0,19,5,43.18,90,0.0,0.0,0.0
468.0,7,pa_8_rev,NEG_E7,25.0,5,125.0,5,100.0,100.0,3,3,0,0,420.0,19,5,43.18,90,25.0,1.0,1.0
469.0,7,pa_2,E0,20.0,4,80.0,4,100.0,66.67,2,2,0,1,440.0,20,5,45.45,90,20.0,0.86,1.0
469.0,7,pa_2_rev,NEG_E0,20.0,4,0.0,0,0.0,0.0,0,0,4,3,440.0,20,5,45.45,90,0.0,0.0,0.0
469.0,7,pa_3,E1,20.0,4,60.0,3,75.0,0.0,0,0,1,3,440.0,20,5,45.45,90,20.0,0.43,0.75
469.0,7,pa_3_rev,NEG_E1,20.0,4,60.0,3,75.0,0.0,0,0,1,3,440.0,20,5,45.45,90,20.0,0.43,0.75
469.0,7,pa_6,E5,25.0,5,75.0,3,60.0,0.0,0,0,2,3,440.0,20,5,45.45,90,25.0,0.38,0.6
469.0,7,pa_6_rev,NEG_E5,25.0,5,0.0,0,0.0,0.0,0,0,5,3,440.0,20,5,45.45,90,0.0,0.0,0.0
469.0,7,pa_7,E6,20.0,4,0.0,0,0.0,0.0,0,0,4,2,440.0,20,5,45.45,90,0.0,0.0,0.0
469.0,7,pa_7_rev,NEG_E6,20.0,4,40.0,2,50.0,0.0,0,0,2,2,440.0,20,5,45.45,90,20.0,0.33,0.5
469.0,7,pa_8,E7,25.0,5,0.0,0,0.0,0.0,0,0,5,3,440.0,20,5,45.45,90,0.0,0.0,0.0
469.0,7,pa_8_rev,NEG_E7,25.0,5,125.0,5,100.0,100.0,3,3,0,0,440.0,20,5,45.45,90,25.0,1.0,1.0
470.0,7,pa_2,E0,20.0,4,80.0,4,100.0,66.67,2,2,0,1,440.0,20,5,45.45,90,20.0,0.86,1.0
470.0,7,pa_2_rev,NEG_E0,20.0,4,0.0,0,0.0,0.0,0,0,4,3,440.0,20,5,45.45,90,0.0,0.0,0.0
470.0,7,pa_3,E1,20.0,4,60.0,3,75.0,0.0,0,0,1,3,440.0,20,5,45.45,90,20.0,0.43,0.75
470.0,7,pa_3_rev,NEG_E1,20.0,4,60.0,3,75.0,0.0,0,0,1,3,440.0,20,5,45.45,90,20.0,0.43,0.75
470.0,7,pa_6,E5,25.0,5,75.0,3,60.0,0.0,0,0,2,3,440.0,20,5,45.45,90,25.0,0.38,0.6
470.0,7,pa_6_rev,NEG_E5,25.0,5,0.0,0,0.0,0.0,0,0,5,3,440.0,20,5,45.45,90,0.0,0.0,0.0
470.0,7,pa_7,E6,20.0,4,0.0,0,0.0,0.0,0,0,4,2,440.0,20,5,45.45,90,0.0,0.0,0.0
470.0,7,pa_7_rev,NEG_E6,20.0,4,40.0,2,50.0,0.0,0,0,2,2,440.0,20,5,45.45,90,20.0,0.33,0.5
470.0,7,pa_8,E7,25.0,5,0.0,0,0.0,0.0,0,0,5,3,440.0,20,5,45.45,90,0.0,0.0,0.0
470.0,7,pa_8_rev,NEG_E7,25.0,5,125.0,5,100.0,100.0,3,3,0,0,440.0,20,5,45.45,90,25.0,1.0,1.0
471.0,7,pa_2,E0,20.0,4,80.0,4,100.0,66.67,2,2,0,1,440.0,20,5,45.45,90,20.0,0.86,1.0
471.0,7,pa_2_rev,NEG_E0,20.0,4,0.0,0,0.0,0.0,0,0,4,3,440.0,20,5,45.45,90,0.0,0.0,0.0
471.0,7,pa_3,E1,20.0,4,60.0,3,75.0,0.0,0,0,1,3,440.0,20,5,45.45,90,20.0,0.43,0.75
471.0,7,pa_3_rev,NEG_E1,20.0,4,60.0,3,75.0,0.0,0,0,1,3,440.0,20,5,45.45,90,20.0,0.43,0.75
471.0,7,pa_6,E5,25.0,5,75.0,3,60.0,0.0,0,0,2,3,440.0,20,5,45.45,90,25.0,0.38,0.6
471.0,7,pa_6_rev,NEG_E5,25.0,5,0.0,0,0.0,0.0,0,0,5,3,440.0,20,5,45.45,90,0.0,0.0,0.0
471.0,7,pa_7,E6,20.0,4,0.0,0,0.0,0.0,0,0,4,2,440.0,20,5,45.45,90,0.0,0.0,0.0
471.0,7,pa_7_rev,NEG_E6,20.0,4,40.0,2,50.0,0.0,0,0,2,2,440.0,20,5,45.45,90,20.0,0.33,0.5
471.0,7,pa_8,E7,25.0,5,0.0,0,0.0,0.0,0,0,5,3,440.0,20,5,45.45,90,0.0,0.0,0.0
471.0,7,pa_8_rev,NEG_E7,25.0,5,125.0,5,100.0,100.0,3,3,0,0,440.0,20,5,45.45,90,25.0,1.0,1.0
472.0,7,pa_2,E0,20.0,4,80.0,4,100.0,66.67,2,2,0,1,440.0,20,5,45.45,90,20.0,0.86,1.0
472.0,7,pa_2_rev,NEG_E0,20.0,4,0.0,0,0.0,0.0,0,0,4,3,440.0,20,5,45.45,90,0.0,0.0,0.0
472.0,7,pa_3,E1,20.0,4,60.0,3,75.0,0.0,0,0,1,3,440.0,20,5,45.45,90,20.0,0.43,0.75
472.0,7,pa_3_rev,NEG_E1,20.0,4,60.0,3,75.0,0.0,0,0,1,3,440.0,20,5,45.45,90,20.0,0.43,0.75
472.0,7,pa_6,E5,25.0,5,75.0,3,60.0,0.0,0,0,2,3,440.0,20,5,45.45,90,25.0,0.38,0.6
472.0,7,pa_6_rev,NEG_E5,25.0,5,0.0,0,0.0,0.0,0,0,5,3,440.0,20,5,45.45,90,0.0,0.0,0.0
472.0,7,pa_7,E6,20.0,4,0.0,0,0.0,0.0,0,0,4,2,440.0,20,5,45.45,90,0.0,0.0,0.0
472.0,7,pa_7_rev,NEG_E6,20.0,4,40.0,2,50.0,0.0,0,0,2,2,440.0,20,5,45.45,90,20.0,0.33,0.5
472.0,7,pa_8,E7,25.0,5,0.0,0,0.0,0.0,0,0,5,3,440.0,20,5,45.45,90,0.0,0.0,0.0
472.0,7,pa_8_rev,NEG_E7,25.0,5,125.0,5,100.0,100.0,3,3,0,0,440.0,20,5,45.45,90,25.0,1.0,1.0
473.0,7,pa_2,E0,20.0,4,80.0,4,100.0,66.67,2,2,0,1,440.0,20,5,45.45,89,20.0,0.86,1.0
473.0,7,pa_2_rev,NEG_E0,20.0,4,0.0,0,0.0,0.0,0,0,4,3,440.0,20,5,45.45,89,0.0,0.0,0.0
473.0,7,pa_3,E1,20.0,4,60.0,3,75.0,0.0,0,0,1,3,440.0,20,5,45.45,89,20.0,0.43,0.75
473.0,7,pa_3_rev,NEG_E1,20.0,4,60.0,3,75.0,0.0,0,0,1,3,440.0,20,5,45.45,89,20.0,0.43,0.75
473.0,7,pa_6,E5,25.0,5,75.0,3,60.0,0.0,0,0,2,3,440.0,20,5,45.45,89,25.0,0.38,0.6
473.0,7,pa_6_rev,NEG_E5,25.0,5,0.0,0,0.0,0.0,0,0,5,3,440.0,20,5,45.45,89,0.0,0.0,0.0
473.0,7,pa_7,E6,20.0,4,0.0,0,0.0,0.0,0,0,4,2,440.0,20,5,45.45,89,0.0,0.0,0.0
473.0,7,pa_7_rev,NEG_E6,20.0,4,40.0,2,50.0,0.0,0,0,2,2,440.0,20,5,45.45,89,20.0,0.33,0.5
473.0,7,pa_8,E7,25.0,5,0.0,0,0.0,0.0,0,0,5,3,440.0,20,5,45.45,89,0.0,0.0,0.0
473.0,7,pa_8_rev,NEG_E7,25.0,5,125.0,5,100.0,100.0,3,3,0,0,440.0,20,5,45.45,89,25.0,1.0,1.0
474.0,7,pa_2,E0,20.0,4,80.0,4,100.0,66.67,2,2,0,1,440.0,20,5,45.45,89,20.0,0.86,1.0
474.0,7,pa_2_rev,NEG_E0,20.0,4,0.0,0,0.0,0.0,0,0,4,3,440.0,20,5,45.45,89,0.0,0.0,0.0
474.0,7,pa_3,E1,20.0,4,60.0,3,75.0,0.0,0,0,1,3,440.0,20,5,45.45,89,20.0,0.43,0.75
474.0,7,pa_3_rev,NEG_E1,20.0,4,60.0,3,75.0,0.0,0,0,1,3,440.0,20,5,45.45,89,20.0,0.43,0.75
474.0,7,pa_6,E5,25.0,5,75.0,3,60.0,0.0,0,0,2,3,440.0,20,5,45.45,89,25.0,0.38,0.6
474.0,7,pa_6_rev,NEG_E5,25.0,5,0.0,0,0.0,0.0,0,0,5,3,440.0,20,5,45.45,89,0.0,0.0,0.0
474.0,7,pa_7,E6,20.0,4,0.0,0,0.0,0.0,0,0,4,2,440.0,20,5,45.45,89,0.0,0.0,0.0
474.0,7,pa_7_rev,NEG_E6,20.0,4,40.0,2,50.0,0.0,0,0,2,2,440.0,20,5,45.45,89,20.0,0.33,0.5
474.0,7,pa_8,E7,25.0,5,0.0,0,0.0,0.0,0,0,5,3,440.0,20,5,45.45,89,0.0,0.0,0.0
474.0,7,pa_8_rev,NEG_E7,25.0,5,125.0,5,100.0,100.0,3,3,0,0,440.0,20,5,45.45,89,25.0,1.0,1.0
475.0,7,pa_2,E0,20.0,4,80.0,4,100.0,66.67,2,2,0,1,440.0,20,5,45.45,89,20.0,0.86,1.0
475.0,7,pa_2_rev,NEG_E0,20.0,4,0.0,0,0.0,0.0,0,0,4,3,440.0,20,5,45.45,89,0.0,0.0,0.0
475.0,7,pa_3,E1,20.0,4,60.0,3,75.0,0.0,0,0,1,3,440.0,20,5,45.45,89,20.0,0.43,0.75
475.0,7,pa_3_rev,NEG_E1,20.0,4,60.0,3,75.0,0.0,0,0,1,3,440.0,20,5,45.45,89,20.0,0.43,0.75
475.0,7,pa_6,E5,25.0,5,75.0,3,60.0,0.0,0,0,2,3,440.0,20,5,45.45,89,25.0,0.38,0.6
475.0,7,pa_6_rev,NEG_E5,25.0,5,0.0,0,0.0,0.0,0,0,5,3,440.0,20,5,45.45,89,0.0,0.0,0.0
475.0,7,pa_7,E6,20.0,4,0.0,0,0.0,0.0,0,0,4,2,440.0,20,5,45.45,89,0.0,0.0,0.0
475.0,7,pa_7_rev,NEG_E6,20.0,4,40.0,2,50.0,0.0,0,0,2,2,440.0,20,5,45.45,89,20.0,0.33,0.5
475.0,7,pa_8,E7,25.0,5,0.0,0,0.0,0.0,0,0,5,3,440.0,20,5,45.45,89,0.0,0.0,0.0
475.0,7,pa_8_rev,NEG_E7,25.0,5,125.0,5,100.0,100.0,3,3,0,0,440.0,20,5,45.45,89,25.0,1.0,1.0
476.0,7,pa_2,E0,20.0,4,80.0,4,100.0,66.67,2,2,0,1,480.0,22,5,50.0,90,20.0,0.86,1.0
476.0,7,pa_2_rev,NEG_E0,20.0,4,0.0,0,0.0,0.0,0,0,4,3,480.0,22,5,50.0,90,0.0,0.0,0.0
476.0,7,pa_3,E1,20.0,4,80.0,4,100.0,0.0,0,0,0,3,480.0,22,5,50.0,90,20.0,0.57,1.0
476.0,7,pa_3_rev,NEG_E1,20.0,4,80.0,4,100.0,0.0,0,0,0,3,480.0,22,5,50.0,90,20.0,0.57,1.0
476.0,7,pa_6,E5,25.0,5,75.0,3,60.0,0.0,0,0,2,3,480.0,22,5,50.0,90,25.0,0.38,0.6
476.0,7,pa_6_rev,NEG_E5,25.0,5,0.0,0,0.0,0.0,0,0,5,3,480.0,22,5,50.0,90,0.0,0.0,0.0
476.0,7,pa_7,E6,20.0,4,0.0,0,0.0,0.0,0,0,4,2,480.0,22,5,50.0,90,0.0,0.0,0.0
476.0,7,pa_7_rev,NEG_E6,20.0,4,40.0,2,50.0,0.0,0,0,2,2,480.0,22,5,50.0,90,20.0,0.33,0.5
476.0,7,pa_8,E7,25.0,5,0.0,0,0.0,0.0,0,0,5,3,480.0,22,5,50.0,90,0.0,0.0,0.0
476.0,7,pa_8_rev,NEG_E7,25.0,5,125.0,5,100.0,100.0,3,3,0,0,480.0,22,5,50.0,90,25.0,1.0,1.0
477.0,7,pa_2,E0,20.0,4,80.0,4,100.0,66.67,2,2,0,1,480.0,22,5,50.0,90,20.0,0.86,1.0
477.0,7,pa_2_rev,NEG_E0,20.0,4,0.0,0,0.0,0.0,0,0,4,3,480.0,22,5,50.0,90,0.0,0.0,0.0
477.0,7,pa_3,E1,20.0,4,80.0,4,100.0,0.0,0,0,0,3,480.0,22,5,50.0,90,20.0,0.57,1.0
477.0,7,pa_3_rev,NEG_E1,20.0,4,80.0,4,100.0,0.0,0,0,0,3,480.0,22,5,50.0,90,20.0,0.57,1.0
477.0,7,pa_6,E5,25.0,5,75.0,3,60.0,0.0,0,0,2,3,480.0,22,5,50.0,90,25.0,0.38,0.6
477.0,7,pa_6_rev,NEG_E5,25.0,5,0.0,0,0.0,0.0,0,0,5,3,480.0,22,5,50.0,90,0.0,0.0,0.0
477.0,7,pa_7,E6,20.0,4,0.0,0,0.0,0.0,0,0,4,2,480.0,22,5,50.0,90,0.0,0.0,0.0
477.0,7,pa_7_rev,NEG_E6,20.0,4,40.0,2,50.0,0.0,0,0,2,2,480.0,22,5,50.0,90,20.0,0.33,0.5
477.0,7,pa_8,E7,25.0,5,0.0,0,0.0,0.0,0,0,5,3,480.0,22,5,50.0,90,0.0,0.0,0.0
477.0,7,pa_8_rev,NEG_E7,25.0,5,125.0,5,100.0,100.0,3,3,0,0,480.0,22,5,50.0,90,25.0,1.0,1.0
478.0,7,pa_2,E0,20.0,4,80.0,4,100.0,66.67,2,2,0,1,480.0,22,5,50.0,91,20.0,0.86,1.0
478.0,7,pa_2_rev,NEG_E0,20.0,4,0.0,0,0.0,0.0,0,0,4,3,480.0,22,5,50.0,91,0.0,0.0,0.0
478.0,7,pa_3,E1,20.0,4,80.0,4,100.0,0.0,0,0,0,3,480.0,22,5,50.0,91,20.0,0.57,1.0
478.0,7,pa_3_rev,NEG_E1,20.0,4,80.0,4,100.0,0.0,0,0,0,3,480.0,22,5,50.0,91,20.0,0.57,1.0
478.0,7,pa_6,E5,25.0,5,75.0,3,60.0,0.0,0,0,2,3,480.0,22,5,50.0,91,25.0,0.38,0.6
478.0,7,pa_6_rev,NEG_E5,25.0,5,0.0,0,0.0,0.0,0,0,5,3,480.0,22,5,50.0,91,0.0,0.0,0.0
478.0,7,pa_7,E6,20.0,4,0.0,0,0.0,0.0,0,0,4,2,480.0,22,5,50.0,91,0.0,0.0,0.0
478.0,7,pa_7_rev,NEG_E6,20.0,4,40.0,2,50.0,0.0,0,0,2,2,480.0,22,5,50.0,91,20.0,0.33,0.5
478.0,7,pa_8,E7,25.0,5,0.0,0,0.0,0.0,0,0,5,3,480.0,22,5,50.0,91,0.0,0.0,0.0
478.0,7,pa_8_rev,NEG_E7,25.0,5,125.0,5,100.0,100.0,3,3,0,0,480.0,22,5,50.0,91,25.0,1.0,1.0
479.0,7,pa_2,E0,20.0,4,80.0,4,100.0,66.67,2,2,0,1,480.0,22,5,50.0,91,20.0,0.86,1.0
479.0,7,pa_2_rev,NEG_E0,20.0,4,0.0,0,0.0,0.0,0,0,4,3,480.0,22,5,50.0,91,0.0,0.0,0.0
479.0,7,pa_3,E1,20.0,4,80.0,4,100.0,0.0,0,0,0,3,480.0,22,5,50.0,91,20.0,0.57,1.0
479.0,7,pa_3_rev,NEG_E1,20.0,4,80.0,4,100.0,0.0,0,0,0,3,480.0,22,5,50.0,91,20.0,0.57,1.0
479.0,7,pa_6,E5,25.0,5,75.0,3,60.0,0.0,0,0,2,3,480.0,22,5,50.0,91,25.0,0.38,0.6
479.0,7,pa_6_rev,NEG_E5,25.0,5,0.0,0,0.0,0.0,0,0,5,3,480.0,22,5,50.0,91,0.0,0.0,0.0
479.0,7,pa_7,E6,20.0,4,0.0,0,0.0,0.0,0,0,4,2,480.0,22,5,50.0,91,0.0,0.0,0.0
479.0,7,pa_7_rev,NEG_E6,20.0,4,40.0,2,50.0,0.0,0,0,2,2,480.0,22,5,50.0,91,20.0,0.33,0.5
479.0,7,pa_8,E7,25.0,5,0.0,0,0.0,0.0,0,0,5,3,480.0,22,5,50.0,91,0.0,0.0,0.0
479.0,7,pa_8_rev,NEG_E7,25.0,5,125.0,5,100.0,100.0,3,3,0,0,480.0,22,5,50.0,91,25.0,1.0,1.0
480.0,8,pa_2,E0,20.0,4,80.0,4,100.0,66.67,2,2,0,1,480.0,22,5,50.0,91,20.0,0.86,1.0
480.0,8,pa_2_rev,NEG_E0,20.0,4,0.0,0,0.0,0.0,0,0,4,3,480.0,22,5,50.0,91,0.0,0.0,0.0
480.0,8,pa_3,E1,20.0,4,80.0,4,100.0,0.0,0,0,0,3,480.0,22,5,50.0,91,20.0,0.57,1.0
480.0,8,pa_3_rev,NEG_E1,20.0,4,80.0,4,100.0,0.0,0,0,0,3,480.0,22,5,50.0,91,20.0,0.57,1.0
480.0,8,pa_6,E5,25.0,5,75.0,3,60.0,0.0,0,0,2,3,480.0,22,5,50.0,91,25.0,0.38,0.6
480.0,8,pa_6_rev,NEG_E5,25.0,5,0.0,0,0.0,0.0,0,0,5,3,480.0,22,5,50.0,91,0.0,0.0,0.0
480.0,8,pa_7,E6,20.0,4,0.0,0,0.0,0.0,0,0,4,2,480.0,22,5,50.0,91,0.0,0.0,0.0
480.0,8,pa_7_rev,NEG_E6,20.0,4,40.0,2,50.0,0.0,0,0,2,2,480.0,22,5,50.0,91,20.0,0.33,0.5
480.0,8,pa_8,E7,25.0,5,0.0,0,0.0,0.0,0,0,5,3,480.0,22,5,50.0,91,0.0,0.0,0.0
480.0,8,pa_8_rev,NEG_E7,25.0,5,125.0,5,100.0,100.0,3,3,0,0,480.0,22,5,50.0,91,25.0,1.0,1.0
481.0,8,pa_2,E0,20.0,4,80.0,4,100.0,66.67,2,2,0,1,480.0,22,5,50.0,93,20.0,0.86,1.0
481.0,8,pa_2_rev,NEG_E0,20.0,4,0.0,0,0.0,0.0,0,0,4,3,480.0,22,5,50.0,93,0.0,0.0,0.0
481.0,8,pa_3,E1,20.0,4,80.0,4,100.0,0.0,0,0,0,3,480.0,22,5,50.0,93,20.0,0.57,1.0
481.0,8,pa_3_rev,NEG_E1,20.0,4,80.0,4,100.0,0.0,0,0,0,3,480.0,22,5,50.0,93,20.0,0.57,1.0
481.0,8,pa_6,E5,25.0,5,75.0,3,60.0,0.0,0,0,2,3,480.0,22,5,50.0,93,25.0,0.38,0.6
481.0,8,pa_6_rev,NEG_E5,25.0,5,0.0,0,0.0,0.0,0,0,5,3,480.0,22,5,50.0,93,0.0,0.0,0.0
481.0,8,pa_7,E6,20.0,4,0.0,0,0.0,0.0,0,0,4,2,480.0,22,5,50.0,93,0.0,0.0,0.0
481.0,8,pa_7_rev,NEG_E6,20.0,4,40.0,2,50.0,0.0,0,0,2,2,480.0,22,5,50.0,93,20.0,0.33,0.5
481.0,8,pa_8,E7,25.0,5,0.0,0,0.0,0.0,0,0,5,3,480.0,22,5,50.0,93,0.0,0.0,0.0
481.0,8,pa_8_rev,NEG_E7,25.0,5,125.0,5,100.0,100.0,3,3,0,0,480.0,22,5,50.0,93,25.0,1.0,1.0
482.0,8,pa_2,E0,20.0,4,80.0,4,100.0,66.67,2,2,0,1,480.0,22,6,50.0,93,20.0,0.86,1.0
482.0,8,pa_2_rev,NEG_E0,20.0,4,0.0,0,0.0,0.0,0,0,4,3,480.0,22,6,50.0,93,0.0,0.0,0.0
482.0,8,pa_3,E1,20.0,4,80.0,4,100.0,33.33,1,1,0,2,480.0,22,6,50.0,93,20.0,0.71,1.0
482.0,8,pa_3_rev,NEG_E1,20.0,4,80.0,4,100.0,0.0,0,0,0,3,480.0,22,6,50.0,93,20.0,0.57,1.0
482.0,8,pa_6,E5,25.0,5,75.0,3,60.0,0.0,0,0,2,3,480.0,22,6,50.0,93,25.0,0.38,0.6
482.0,8,pa_6_rev,NEG_E5,25.0,5,0.0,0,0.0,0.0,0,0,5,3,480.0,22,6,50.0,93,0.0,0.0,0.0
482.0,8,pa_7,E6,20.0,4,0.0,0,0.0,0.0,0,0,4,2,480.0,22,6,50.0,93,0.0,0.0,0.0
482.0,8,pa_7_rev,NEG_E6,20.0,4,40.0,2,50.0,0.0,0,0,2,2,480.0,22,6,50.0,93,20.0,0.33,0.5
482.0,8,pa_8,E7,25.0,5,0.0,0,0.0,0.0,0,0,5,3,480.0,22,6,50.0,93,0.0,0.0,0.0
482.0,8,pa_8_rev,NEG_E7,25.0,5,125.0,5,100.0,100.0,3,3,0,0,480.0,22,6,50.0,93,25.0,1.0,1.0
483.0,8,pa_2,E0,20.0,4,80.0,4,100.0,66.67,2,2,0,1,480.0,22,6,50.0,95,20.0,0.86,1.0
483.0,8,pa_2_rev,NEG_E0,20.0,4,0.0,0,0.0,0.0,0,0,4,3,480.0,22,6,50.0,95,0.0,0.0,0.0
483.0,8,pa_3,E1,20.0,4,80.0,4,100.0,33.33,1,1,0,2,480.0,22,6,50.0,95,20.0,0.71,1.0
483.0,8,pa_3_rev,NEG_E1,20.0,4,80.0,4,100.0,0.0,0,0,0,3,480.0,22,6,50.0,95,20.0,0.57,1.0
483.0,8,pa_6,E5,25.0,5,75.0,3,60.0,0.0,0,0,2,3,480.0,22,6,50.0,95,25.0,0.38,0.6
483.0,8,pa_6_rev,NEG_E5,25.0,5,0.0,0,0.0,0.0,0,0,5,3,480.0,22,6,50.0,95,0.0,0.0,0.0
483.0,8,pa_7,E6,20.0,4,0.0,0,0.0,0.0,0,0,4,2,480.0,22,6,50.0,95,0.0,0.0,0.0
483.0,8,pa_7_rev,NEG_E6,20.0,4,40.0,2,50.0,0.0,0,0,2,2,480.0,22,6,50.0,95,20.0,0.33,0.5
483.0,8,pa_8,E7,25.0,5,0.0,0,0.0,0.0,0,0,5,3,480.0,22,6,50.0,95,0.0,0.0,0.0
483.0,8,pa_8_rev,NEG_E7,25.0,5,125.0,5,100.0,100.0,3,3,0,0,480.0,22,6,50.0,95,25.0,1.0,1.0
484.0,8,pa_2,E0,20.0,4,80.0,4,100.0,66.67,2,2,0,1,480.0,22,6,50.0,95,20.0,0.86,1.0
484.0,8,pa_2_rev,NEG_E0,20.0,4,0.0,0,0.0,0.0,0,0,4,3,480.0,22,6,50.0,95,0.0,0.0,0.0
484.0,8,pa_3,E1,20.0,4,80.0,4,100.0,33.33,1,1,0,2,480.0,22,6,50.0,95,20.0,0.71,1.0
484.0,8,pa_3_rev,NEG_E1,20.0,4,80.0,4,100.0,0.0,0,0,0,3,480.0,22,6,50.0,95,20.0,0.57,1.0
484.0,8,pa_6,E5,25.0,5,75.0,3,60.0,0.0,0,0,2,3,480.0,22,6,50.0,95,25.0,0.38,0.6
484.0,8,pa_6_rev,NEG_E5,25.0,5,0.0,0,0.0,0.0,0,0,5,3,480.0,22,6,50.0,95,0.0,0.0,0.0
484.0,8,pa_7,E6,20.0,4,0.0,0,0.0,0.0,0,0,4,2,480.0,22,6,50.0,95,0.0,0.0,0.0
484.0,8,pa_7_rev,NEG_E6,20.0,4,40.0,2,50.0,0.0,0,0,2,2,480.0,22,6,50.0,95,20.0,0.33,0.5
484.0,8,pa_8,E7,25.0,5,0.0,0,0.0,0.0,0,0,5,3,480.0,22,6,50.0,95,0.0,0.0,0.0
484.0,8,pa_8_rev,NEG_E7,25.0,5,125.0,5,100.0,100.0,3,3,0,0,480.0,22,6,50.0,95,25.0,1.0,1.0
485.0,8,pa_2,E0,20.0,4,80.0,4,100.0,66.67,2,2,0,1,480.0,22,6,50.0,95,20.0,0.86,1.0
485.0,8,pa_2_rev,NEG_E0,20.0,4,0.0,0,0.0,0.0,0,0,4,3,480.0,22,6,50.0,95,0.0,0.0,0.0
485.0,8,pa_3,E1,20.0,4,80.0,4,100.0,33.33,1,1,0,2,480.0,22,6,50.0,95,20.0,0.71,1.0
485.0,8,pa_3_rev,NEG_E1,20.0,4,80.0,4,100.0,0.0,0,0,0,3,480.0,22,6,50.0,95,20.0,0.57,1.0
485.0,8,pa_6,E5,25.0,5,75.0,3,60.0,0.0,0,0,2,3,480.0,22,6,50.0,95,25.0,0.38,0.6
485.0,8,pa_6_rev,NEG_E5,25.0,5,0.0,0,0.0,0.0,0,0,5,3,480.0,22,6,50.0,95,0.0,0.0,0.0
485.0,8,pa_7,E6,20.0,4,0.0,0,0.0,0.0,0,0,4,2,480.0,22,6,50.0,95,0.0,0.0,0.0
485.0,8,pa_7_rev,NEG_E6,20.0,4,40.0,2,50.0,0.0,0,0,2,2,480.0,22,6,50.0,95,20.0,0.33,0.5
485.0,8,pa_8,E7,25.0,5,0.0,0,0.0,0.0,0,0,5,3,480.0,22,6,50.0,95,0.0,0.0,0.0
485.0,8,pa_8_rev,NEG_E7,25.0,5,125.0,5,100.0,100.0,3,3,0,0,480.0,22,6,50.0,95,25.0,1.0,1.0
486.0,8,pa_2,E0,20.0,4,80.0,4,100.0,66.67,2,2,0,1,480.0,22,6,50.0,95,20.0,0.86,1.0
486.0,8,pa_2_rev,NEG_E0,20.0,4,0.0,0,0.0,0.0,0,0,4,3,480.0,22,6,50.0,95,0.0,0.0,0.0
486.0,8,pa_3,E1,20.0,4,80.0,4,100.0,33.33,1,1,0,2,480.0,22,6,50.0,95,20.0,0.71,1.0
486.0,8,pa_3_rev,NEG_E1,20.0,4,80.0,4,100.0,0.0,0,0,0,3,480.0,22,6,50.0,95,20.0,0.57,1.0
486.0,8,pa_6,E5,25.0,5,75.0,3,60.0,0.0,0,0,2,3,480.0,22,6,50.0,95,25.0,0.38,0.6
486.0,8,pa_6_rev,NEG_E5,25.0,5,0.0,0,0.0,0.0,0,0,5,3,480.0,22,6,50.0,95,0.0,0.0,0.0
486.0,8,pa_7,E6,20.0,4,0.0,0,0.0,0.0,0,0,4,2,480.0,22,6,50.0,95,0.0,0.0,0.0
486.0,8,pa_7_rev,NEG_E6,20.0,4,40.0,2,50.0,0.0,0,0,2,2,480.0,22,6,50.0,95,20.0,0.33,0.5
486.0,8,pa_8,E7,25.0,5,0.0,0,0.0,0.0,0,0,5,3,480.0,22,6,50.0,95,0.0,0.0,0.0
486.0,8,pa_8_rev,NEG_E7,25.0,5,125.0,5,100.0,100.0,3,3,0,0,480.0,22,6,50.0,95,25.0,1.0,1.0
487.0,8,pa_2,E0,20.0,4,80.0,4,100.0,66.67,2,2,0,1,480.0,22,6,50.0,95,20.0,0.86,1.0
487.0,8,pa_2_rev,NEG_E0,20.0,4,0.0,0,0.0,0.0,0,0,4,3,480.0,22,6,50.0,95,0.0,0.0,0.0
487.0,8,pa_3,E1,20.0,4,80.0,4,100.0,33.33,1,1,0,2,480.0,22,6,50.0,95,20.0,0.71,1.0
487.0,8,pa_3_rev,NEG_E1,20.0,4,80.0,4,100.0,0.0,0,0,0,3,480.0,22,6,50.0,95,20.0,0.57,1.0
487.0,8,pa_6,E5,25.0,5,75.0,3,60.0,0.0,0,0,2,3,480.0,22,6,50.0,95,25.0,0.38,0.6
487.0,8,pa_6_rev,NEG_E5,25.0,5,0.0,0,0.0,0.0,0,0,5,3,480.0,22,6,50.0,95,0.0,0.0,0.0
487.0,8,pa_7,E6,20.0,4,0.0,0,0.0,0.0,0,0,4,2,480.0,22,6,50.0,95,0.0,0.0,0.0
487.0,8,pa_7_rev,NEG_E6,20.0,4,40.0,2,50.0,0.0,0,0,2,2,480.0,22,6,50.0,95,20.0,0.33,0.5
487.0,8,pa_8,E7,25.0,5,0.0,0,0.0,0.0,0,0,5,3,480.0,22,6,50.0,95,0.0,0.0,0.0
487.0,8,pa_8_rev,NEG_E7,25.0,5,125.0,5,100.0,100.0,3,3,0,0,480.0,22,6,50.0,95,25.0,1.0,1.0
488.0,8,pa_2,E0,20.0,4,80.0,4,100.0,66.67,2,2,0,1,480.0,22,6,50.0,96,20.0,0.86,1.0
488.0,8,pa_2_rev,NEG_E0,20.0,4,0.0,0,0.0,0.0,0,0,4,3,480.0,22,6,50.0,96,0.0,0.0,0.0
488.0,8,pa_3,E1,20.0,4,80.0,4,100.0,33.33,1,1,0,2,480.0,22,6,50.0,96,20.0,0.71,1.0
488.0,8,pa_3_rev,NEG_E1,20.0,4,80.0,4,100.0,0.0,0,0,0,3,480.0,22,6,50.0,96,20.0,0.57,1.0
488.0,8,pa_6,E5,25.0,5,75.0,3,60.0,0.0,0,0,2,3,480.0,22,6,50.0,96,25.0,0.38,0.6
488.0,8,pa_6_rev,NEG_E5,25.0,5,0.0,0,0.0,0.0,0,0,5,3,480.0,22,6,50.0,96,0.0,0.0,0.0
488.0,8,pa_7,E6,20.0,4,0.0,0,0.0,0.0,0,0,4,2,480.0,22,6,50.0,96,0.0,0.0,0.0
488.0,8,pa_7_rev,NEG_E6,20.0,4,40.0,2,50.0,0.0,0,0,2,2,480.0,22,6,50.0,96,20.0,0.33,0.5
488.0,8,pa_8,E7,25.0,5,0.0,0,0.0,0.0,0,0,5,3,480.0,22,6,50.0,96,0.0,0.0,0.0
488.0,8,pa_8_rev,NEG_E7,25.0,5,125.0,5,100.0,100.0,3,3,0,0,480.0,22,6,50.0,96,25.0,1.0,1.0
489.0,8,pa_2,E0,20.0,4,80.0,4,100.0,66.67,2,2,0,1,480.0,22,6,50.0,96,20.0,0.86,1.0
489.0,8,pa_2_rev,NEG_E0,20.0,4,0.0,0,0.0,0.0,0,0,4,3,480.0,22,6,50.0,96,0.0,0.0,0.0
489.0,8,pa_3,E1,20.0,4,80.0,4,100.0,33.33,1,1,0,2,480.0,22,6,50.0,96,20.0,0.71,1.0
489.0,8,pa_3_rev,NEG_E1,20.0,4,80.0,4,100.0,0.0,0,0,0,3,480.0,22,6,50.0,96,20.0,0.57,1.0
489.0,8,pa_6,E5,25.0,5,75.0,3,60.0,0.0,0,0,2,3,480.0,22,6,50.0,96,25.0,0.38,0.6
489.0,8,pa_6_rev,NEG_E5,25.0,5,0.0,0,0.0,0.0,0,0,5,3,480.0,22,6,50.0,96,0.0,0.0,0.0
489.0,8,pa_7,E6,20.0,4,0.0,0,0.0,0.0,0,0,4,2,480.0,22,6,50.0,96,0.0,0.0,0.0
489.0,8,pa_7_rev,NEG_E6,20.0,4,40.0,2,50.0,0.0,0,0,2,2,480.0,22,6,50.0,96,20.0,0.33,0.5
489.0,8,pa_8,E7,25.0,5,0.0,0,0.0,0.0,0,0,5,3,480.0,22,6,50.0,96,0.0,0.0,0.0
489.0,8,pa_8_rev,NEG_E7,25.0,5,125.0,5,100.0,100.0,3,3,0,0,480.0,22,6,50.0,96,25.0,1.0,1.0
490.0,8,pa_2,E0,20.0,4,80.0,4,100.0,66.67,2,2,0,1,480.0,22,6,50.0,96,20.0,0.86,1.0
490.0,8,pa_2_rev,NEG_E0,20.0,4,0.0,0,0.0,0.0,0,0,4,3,480.0,22,6,50.0,96,0.0,0.0,0.0
490.0,8,pa_3,E1,20.0,4,80.0,4,100.0,33.33,1,1,0,2,480.0,22,6,50.0,96,20.0,0.71,1.0
490.0,8,pa_3_rev,NEG_E1,20.0,4,80.0,4,100.0,0.0,0,0,0,3,480.0,22,6,50.0,96,20.0,0.57,1.0
490.0,8,pa_6,E5,25.0,5,75.0,3,60.0,0.0,0,0,2,3,480.0,22,6,50.0,96,25.0,0.38,0.6
490.0,8,pa_6_rev,NEG_E5,25.0,5,0.0,0,0.0,0.0,0,0,5,3,480.0,22,6,50.0,96,0.0,0.0,0.0
490.0,8,pa_7,E6,20.0,4,0.0,0,0.0,0.0,0,0,4,2,480.0,22,6,50.0,96,0.0,0.0,0.0
490.0,8,pa_7_rev,NEG_E6,20.0,4,40.0,2,50.0,0.0,0,0,2,2,480.0,22,6,50.0,96,20.0,0.33,0.5
490.0,8,pa_8,E7,25.0,5,0.0,0,0.0,0.0,0,0,5,3,480.0,22,6,50.0,96,0.0,0.0,0.0
490.0,8,pa_8_rev,NEG_E7,25.0,5,125.0,5,100.0,100.0,3,3,0,0,480.0,22,6,50.0,96,25.0,1.0,1.0
491.0,8,pa_2,E0,20.0,4,80.0,4,100.0,66.67,2,2,0,1,480.0,22,6,50.0,96,20.0,0.86,1.0
491.0,8,pa_2_rev,NEG_E0,20.0,4,0.0,0,0.0,0.0,0,0,4,3,480.0,22,6,50.0,96,0.0,0.0,0.0
491.0,8,pa_3,E1,20.0,4,80.0,4,100.0,33.33,1,1,0,2,480.0,22,6,50.0,96,20.0,0.71,1.0
491.0,8,pa_3_rev,NEG_E1,20.0,4,80.0,4,100.0,0.0,0,0,0,3,480.0,22,6,50.0,96,20.0,0.57,1.0
491.0,8,pa_6,E5,25.0,5,75.0,3,60.0,0.0,0,0,2,3,480.0,22,6,50.0,96,25.0,0.38,0.6
491.0,8,pa_6_rev,NEG_E5,25.0,5,0.0,0,0.0,0.0,0,0,5,3,480.0,22,6,50.0,96,0.0,0.0,0.0
491.0,8,pa_7,E6,20.0,4,0.0,0,0.0,0.0,0,0,4,2,480.0,22,6,50.0,96,0.0,0.0,0.0
491.0,8,pa_7_rev,NEG_E6,20.0,4,40.0,2,50.0,0.0,0,0,2,2,480.0,22,6,50.0,96,20.0,0.33,0.5
491.0,8,pa_8,E7,25.0,5,0.0,0,0.0,0.0,0,0,5,3,480.0,22,6,50.0,96,0.0,0.0,0.0
491.0,8,pa_8_rev,NEG_E7,25.0,5,125.0,5,100.0,100.0,3,3,0,0,480.0,22,6,50.0,96,25.0,1.0,1.0
492.0,8,pa_2,E0,20.0,4,80.0,4,100.0,66.67,2,2,0,1,505.0,23,6,52.27,96,20.0,0.86,1.0
492.0,8,pa_2_rev,NEG_E0,20.0,4,0.0,0,0.0,0.0,0,0,4,3,505.0,23,6,52.27,96,0.0,0.0,0.0
492.0,8,pa_3,E1,20.0,4,80.0,4,100.0,33.33,1,1,0,2,505.0,23,6,52.27,96,20.0,0.71,1.0
492.0,8,pa_3_rev,NEG_E1,20.0,4,80.0,4,100.0,0.0,0,0,0,3,505.0,23,6,52.27,96,20.0,0.57,1.0
492.0,8,pa_6,E5,25.0,5,100.0,4,80.0,0.0,0,0,1,3,505.0,23,6,52.27,96,25.0,0.5,0.8
492.0,8,pa_6_rev,NEG_E5,25.0,5,0.0,0,0.0,0.0,0,0,5,3,505.0,23,6,52.27,96,0.0,0.0,0.0
492.0,8,pa_7,E6,20.0,4,0.0,0,0.0,0.0,0,0,4,2,505.0,23,6,52.27,96,0.0,0.0,0.0
492.0,8,pa_7_rev,NEG_E6,20.0,4,40.0,2,50.0,0.0,0,0,2,2,505.0,23,6,52.27,96,20.0,0.33,0.5
492.0,8,pa_8,E7,25.0,5,0.0,0,0.0,0.0,0,0,5,3,505.0,23,6,52.27,96,0.0,0.0,0.0
492.0,8,pa_8_rev,NEG_E7,25.0,5,125.0,5,100.0,100.0,3,3,0,0,505.0,23,6,52.27,96,25.0,1.0,1.0
493.0,8,pa_2,E0,20.0,4,80.0,4,100.0,66.67,2,2,0,1,505.0,23,6,52.27,96,20.0,0.86,1.0
493.0,8,pa_2_rev,NEG_E0,20.0,4,0.0,0,0.0,0.0,0,0,4,3,505.0,23,6,52.27,96,0.0,0.0,0.0
493.0,8,pa_3,E1,20.0,4,80.0,4,100.0,33.33,1,1,0,2,505.0,23,6,52.27,96,20.0,0.71,1.0
493.0,8,pa_3_rev,NEG_E1,20.0,4,80.0,4,100.0,0.0,0,0,0,3,505.0,23,6,52.27,96,20.0,0.57,1.0
493.0,8,pa_6,E5,25.0,5,100.0,4,80.0,0.0,0,0,1,3,505.0,23,6,52.27,96,25.0,0.5,0.8
493.0,8,pa_6_rev,NEG_E5,25.0,5,0.0,0,0.0,0.0,0,0,5,3,505.0,23,6,52.27,96,0.0,0.0,0.0
493.0,8,pa_7,E6,20.0,4,0.0,0,0.0,0.0,0,0,4,2,505.0,23,6,52.27,96,0.0,0.0,0.0
493.0,8,pa_7_rev,NEG_E6,20.0,4,40.0,2,50.0,0.0,0,0,2,2,505.0,23,6,52.27,96,20.0,0.33,0.5
493.0,8,pa_8,E7,25.0,5,0.0,0,0.0,0.0,0,0,5,3,505.0,23,6,52.27,96,0.0,0.0,0.0
493.0,8,pa_8_rev,NEG_E7,25.0,5,125.0,5,100.0,100.0,3,3,0,0,505.0,23,6,52.27,96,25.0,1.0,1.0
494.0,8,pa_2,E0,20.0,4,80.0,4,100.0,66.67,2,2,0,1,505.0,23,6,52.27,96,20.0,0.86,1.0
494.0,8,pa_2_rev,NEG_E0,20.0,4,0.0,0,0.0,0.0,0,0,4,3,505.0,23,6,52.27,96,0.0,0.0,0.0
494.0,8,pa_3,E1,20.0,4,80.0,4,100.0,33.33,1,1,0,2,505.0,23,6,52.27,96,20.0,0.71,1.0
494.0,8,pa_3_rev,NEG_E1,20.0,4,80.0,4,100.0,0.0,0,0,0,3,505.0,23,6,52.27,96,20.0,0.57,1.0
494.0,8,pa_6,E5,25.0,5,100.0,4,80.0,0.0,0,0,1,3,505.0,23,6,52.27,96,25.0,0.5,0.8
494.0,8,pa_6_rev,NEG_E5,25.0,5,0.0,0,0.0,0.0,0,0,5,3,505.0,23,6,52.27,96,0.0,0.0,0.0
494.0,8,pa_7,E6,20.0,4,0.0,0,0.0,0.0,0,0,4,2,505.0,23,6,52.27,96,0.0,0.0,0.0
494.0,8,pa_7_rev,NEG_E6,20.0,4,40.0,2,50.0,0.0,0,0,2,2,505.0,23,6,52.27,96,20.0,0.33,0.5
494.0,8,pa_8,E7,25.0,5,0.0,0,0.0,0.0,0,0,5,3,505.0,23,6,52.27,96,0.0,0.0,0.0
494.0,8,pa_8_rev,NEG_E7,25.0,5,125.0,5,100.0,100.0,3,3,0,0,505.0,23,6,52.27,96,25.0,1.0,1.0
495.0,8,pa_2,E0,20.0,4,80.0,4,100.0,66.67,2,2,0,1,505.0,23,6,52.27,96,20.0,0.86,1.0
495.0,8,pa_2_rev,NEG_E0,20.0,4,0.0,0,0.0,0.0,0,0,4,3,505.0,23,6,52.27,96,0.0,0.0,0.0
495.0,8,pa_3,E1,20.0,4,80.0,4,100.0,33.33,1,1,0,2,505.0,23,6,52.27,96,20.0,0.71,1.0
495.0,8,pa_3_rev,NEG_E1,20.0,4,80.0,4,100.0,0.0,0,0,0,3,505.0,23,6,52.27,96,20.0,0.57,1.0
495.0,8,pa_6,E5,25.0,5,100.0,4,80.0,0.0,0,0,1,3,505.0,23,6,52.27,96,25.0,0.5,0.8
495.0,8,pa_6_rev,NEG_E5,25.0,5,0.0,0,0.0,0.0,0,0,5,3,505.0,23,6,52.27,96,0.0,0.0,0.0
495.0,8,pa_7,E6,20.0,4,0.0,0,0.0,0.0,0,0,4,2,505.0,23,6,52.27,96,0.0,0.0,0.0
495.0,8,pa_7_rev,NEG_E6,20.0,4,40.0,2,50.0,0.0,0,0,2,2,505.0,23,6,52.27,96,20.0,0.33,0.5
495.0,8,pa_8,E7,25.0,5,0.0,0,0.0,0.0,0,0,5,3,505.0,23,6,52.27,96,0.0,0.0,0.0
495.0,8,pa_8_rev,NEG_E7,25.0,5,125.0,5,100.0,100.0,3,3,0,0,505.0,23,6,52.27,96,25.0,1.0,1.0
496.0,8,pa_2,E0,20.0,4,80.0,4,100.0,66.67,2,2,0,1,505.0,23,6,52.27,96,20.0,0.86,1.0
496.0,8,pa_2_rev,NEG_E0,20.0,4,0.0,0,0.0,0.0,0,0,4,3,505.0,23,6,52.27,96,0.0,0.0,0.0
496.0,8,pa_3,E1,20.0,4,80.0,4,100.0,33.33,1,1,0,2,505.0,23,6,52.27,96,20.0,0.71,1.0
496.0,8,pa_3_rev,NEG_E1,20.0,4,80.0,4,100.0,0.0,0,0,0,3,505.0,23,6,52.27,96,20.0,0.57,1.0
496.0,8,pa_6,E5,25.0,5,100.0,4,80.0,0.0,0,0,1,3,505.0,23,6,52.27,96,25.0,0.5,0.8
496.0,8,pa_6_rev,NEG_E5,25.0,5,0.0,0,0.0,0.0,0,0,5,3,505.0,23,6,52.27,96,0.0,0.0,0.0
496.0,8,pa_7,E6,20.0,4,0.0,0,0.0,0.0,0,0,4,2,505.0,23,6,52.27,96,0.0,0.0,0.0
496.0,8,pa_7_rev,NEG_E6,20.0,4,40.0,2,50.0,0.0,0,0,2,2,505.0,23,6,52.27,96,20.0,0.33,0.5
496.0,8,pa_8,E7,25.0,5,0.0,0,0.0,0.0,0,0,5,3,505.0,23,6,52.27,96,0.0,0.0,0.0
496.0,8,pa_8_rev,NEG_E7,25.0,5,125.0,5,100.0,100.0,3,3,0,0,505.0,23,6,52.27,96,25.0,1.0,1.0
497.0,8,pa_2,E0,20.0,4,80.0,4,100.0,66.67,2,2,0,1,505.0,23,6,52.27,95,20.0,0.86,1.0
497.0,8,pa_2_rev,NEG_E0,20.0,4,0.0,0,0.0,0.0,0,0,4,3,505.0,23,6,52.27,95,0.0,0.0,0.0
497.0,8,pa_3,E1,20.0,4,80.0,4,100.0,33.33,1,1,0,2,505.0,23,6,52.27,95,20.0,0.71,1.0
497.0,8,pa_3_rev,NEG_E1,20.0,4,80.0,4,100.0,0.0,0,0,0,3,505.0,23,6,52.27,95,20.0,0.57,1.0
497.0,8,pa_6,E5,25.0,5,100.0,4,80.0,0.0,0,0,1,3,505.0,23,6,52.27,95,25.0,0.5,0.8
497.0,8,pa_6_rev,NEG_E5,25.0,5,0.0,0,0.0,0.0,0,0,5,3,505.0,23,6,52.27,95,0.0,0.0,0.0
497.0,8,pa_7,E6,20.0,4,0.0,0,0.0,0.0,0,0,4,2,505.0,23,6,52.27,95,0.0,0.0,0.0
497.0,8,pa_7_rev,NEG_E6,20.0,4,40.0,2,50.0,0.0,0,0,2,2,505.0,23,6,52.27,95,20.0,0.33,0.5
497.0,8,pa_8,E7,25.0,5,0.0,0,0.0,0.0,0,0,5,3,505.0,23,6,52.27,95,0.0,0.0,0.0
497.0,8,pa_8_rev,NEG_E7,25.0,5,125.0,5,100.0,100.0,3,3,0,0,505.0,23,6,52.27,95,25.0,1.0,1.0
498.0,8,pa_2,E0,20.0,4,80.0,4,100.0,66.67,2,2,0,1,505.0,23,6,52.27,95,20.0,0.86,1.0
498.0,8,pa_2_rev,NEG_E0,20.0,4,0.0,0,0.0,0.0,0,0,4,3,505.0,23,6,52.27,95,0.0,0.0,0.0
498.0,8,pa_3,E1,20.0,4,80.0,4,100.0,33.33,1,1,0,2,505.0,23,6,52.27,95,20.0,0.71,1.0
498.0,8,pa_3_rev,NEG_E1,20.0,4,80.0,4,100.0,0.0,0,0,0,3,505.0,23,6,52.27,95,20.0,0.57,1.0
498.0,8,pa_6,E5,25.0,5,100.0,4,80.0,0.0,0,0,1,3,505.0,23,6,52.27,95,25.0,0.5,0.8
498.0,8,pa_6_rev,NEG_E5,25.0,5,0.0,0,0.0,0.0,0,0,5,3,505.0,23,6,52.27,95,0.0,0.0,0.0
498.0,8,pa_7,E6,20.0,4,0.0,0,0.0,0.0,0,0,4,2,505.0,23,6,52.27,95,0.0,0.0,0.0
498.0,8,pa_7_rev,NEG_E6,20.0,4,40.0,2,50.0,0.0,0,0,2,2,505.0,23,6,52.27,95,20.0,0.33,0.5
498.0,8,pa_8,E7,25.0,5,0.0,0,0.0,0.0,0,0,5,3,505.0,23,6,52.27,95,0.0,0.0,0.0
498.0,8,pa_8_rev,NEG_E7,25.0,5,125.0,5,100.0,100.0,3,3,0,0,505.0,23,6,52.27,95,25.0,1.0,1.0
499.0,8,pa_2,E0,20.0,4,80.0,4,100.0,66.67,2,2,0,1,505.0,23,6,52.27,95,20.0,0.86,1.0
499.0,8,pa_2_rev,NEG_E0,20.0,4,0.0,0,0.0,0.0,0,0,4,3,505.0,23,6,52.27,95,0.0,0.0,0.0
499.0,8,pa_3,E1,20.0,4,80.0,4,100.0,33.33,1,1,0,2,505.0,23,6,52.27,95,20.0,0.71,1.0
499.0,8,pa_3_rev,NEG_E1,20.0,4,80.0,4,100.0,0.0,0,0,0,3,505.0,23,6,52.27,95,20.0,0.57,1.0
499.0,8,pa_6,E5,25.0,5,100.0,4,80.0,0.0,0,0,1,3,505.0,23,6,52.27,95,25.0,0.5,0.8
499.0,8,pa_6_rev,NEG_E5,25.0,5,0.0,0,0.0,0.0,0,0,5,3,505.0,23,6,52.27,95,0.0,0.0,0.0
499.0,8,pa_7,E6,20.0,4,0.0,0,0.0,0.0,0,0,4,2,505.0,23,6,52.27,95,0.0,0.0,0.0
499.0,8,pa_7_rev,NEG_E6,20.0,4,40.0,2,50.0,0.0,0,0,2,2,505.0,23,6,52.27,95,20.0,0.33,0.5
499.0,8,pa_8,E7,25.0,5,0.0,0,0.0,0.0,0,0,5,3,505.0,23,6,52.27,95,0.0,0.0,0.0
499.0,8,pa_8_rev,NEG_E7,25.0,5,125.0,5,100.0,100.0,3,3,0,0,505.0,23,6,52.27,95,25.0,1.0,1.0
500.0,8,pa_2,E0,20.0,4,80.0,4,100.0,66.67,2,2,0,1,505.0,23,6,52.27,95,20.0,0.86,1.0
500.0,8,pa_2_rev,NEG_E0,20.0,4,0.0,0,0.0,0.0,0,0,4,3,505.0,23,6,52.27,95,0.0,0.0,0.0
500.0,8,pa_3,E1,20.0,4,80.0,4,100.0,33.33,1,1,0,2,505.0,23,6,52.27,95,20.0,0.71,1.0
500.0,8,pa_3_rev,NEG_E1,20.0,4,80.0,4,100.0,0.0,0,0,0,3,505.0,23,6,52.27,95,20.0,0.57,1.0
500.0,8,pa_6,E5,25.0,5,100.0,4,80.0,0.0,0,0,1,3,505.0,23,6,52.27,95,25.0,0.5,0.8
500.0,8,pa_6_rev,NEG_E5,25.0,5,0.0,0,0.0,0.0,0,0,5,3,505.0,23,6,52.27,95,0.0,0.0,0.0
500.0,8,pa_7,E6,20.0,4,0.0,0,0.0,0.0,0,0,4,2,505.0,23,6,52.27,95,0.0,0.0,0.0
500.0,8,pa_7_rev,NEG_E6,20.0,4,40.0,2,50.0,0.0,0,0,2,2,505.0,23,6,52.27,95,20.0,0.33,0.5
500.0,8,pa_8,E7,25.0,5,0.0,0,0.0,0.0,0,0,5,3,505.0,23,6,52.27,95,0.0,0.0,0.0
500.0,8,pa_8_rev,NEG_E7,25.0,5,125.0,5,100.0,100.0,3,3,0,0,505.0,23,6,52.27,95,25.0,1.0,1.0
501.0,8,pa_2,E0,20.0,4,80.0,4,100.0,66.67,2,2,0,1,505.0,23,6,52.27,96,20.0,0.86,1.0
501.0,8,pa_2_rev,NEG_E0,20.0,4,0.0,0,0.0,0.0,0,0,4,3,505.0,23,6,52.27,96,0.0,0.0,0.0
501.0,8,pa_3,E1,20.0,4,80.0,4,100.0,33.33,1,1,0,2,505.0,23,6,52.27,96,20.0,0.71,1.0
501.0,8,pa_3_rev,NEG_E1,20.0,4,80.0,4,100.0,0.0,0,0,0,3,505.0,23,6,52.27,96,20.0,0.57,1.0
501.0,8,pa_6,E5,25.0,5,100.0,4,80.0,0.0,0,0,1,3,505.0,23,6,52.27,96,25.0,0.5,0.8
501.0,8,pa_6_rev,NEG_E5,25.0,5,0.0,0,0.0,0.0,0,0,5,3,505.0,23,6,52.27,96,0.0,0.0,0.0
501.0,8,pa_7,E6,20.0,4,0.0,0,0.0,0.0,0,0,4,2,505.0,23,6,52.27,96,0.0,0.0,0.0
501.0,8,pa_7_rev,NEG_E6,20.0,4,40.0,2,50.0,0.0,0,0,2,2,505.0,23,6,52.27,96,20.0,0.33,0.5
501.0,8,pa_8,E7,25.0,5,0.0,0,0.0,0.0,0,0,5,3,505.0,23,6,52.27,96,0.0,0.0,0.0
501.0,8,pa_8_rev,NEG_E7,25.0,5,125.0,5,100.0,100.0,3,3,0,0,505.0,23,6,52.27,96,25.0,1.0,1.0
502.0,8,pa_2,E0,20.0,4,80.0,4,100.0,66.67,2,2,0,1,505.0,23,6,52.27,95,20.0,0.86,1.0
502.0,8,pa_2_rev,NEG_E0,20.0,4,0.0,0,0.0,0.0,0,0,4,3,505.0,23,6,52.27,95,0.0,0.0,0.0
502.0,8,pa_3,E1,20.0,4,80.0,4,100.0,33.33,1,1,0,2,505.0,23,6,52.27,95,20.0,0.71,1.0
502.0,8,pa_3_rev,NEG_E1,20.0,4,80.0,4,100.0,0.0,0,0,0,3,505.0,23,6,52.27,95,20.0,0.57,1.0
502.0,8,pa_6,E5,25.0,5,100.0,4,80.0,0.0,0,0,1,3,505.0,23,6,52.27,95,25.0,0.5,0.8
502.0,8,pa_6_rev,NEG_E5,25.0,5,0.0,0,0.0,0.0,0,0,5,3,505.0,23,6,52.27,95,0.0,0.0,0.0
502.0,8,pa_7,E6,20.0,4,0.0,0,0.0,0.0,0,0,4,2,505.0,23,6,52.27,95,0.0,0.0,0.0
502.0,8,pa_7_rev,NEG_E6,20.0,4,40.0,2,50.0,0.0,0,0,2,2,505.0,23,6,52.27,95,20.0,0.33,0.5
502.0,8,pa_8,E7,25.0,5,0.0,0,0.0,0.0,0,0,5,3,505.0,23,6,52.27,95,0.0,0.0,0.0
502.0,8,pa_8_rev,NEG_E7,25.0,5,125.0,5,100.0,100.0,3,3,0,0,505.0,23,6,52.27,95,25.0,1.0,1.0
503.0,8,pa_2,E0,20.0,4,80.0,4,100.0,66.67,2,2,0,1,505.0,23,6,52.27,95,20.0,0.86,1.0
503.0,8,pa_2_rev,NEG_E0,20.0,4,0.0,0,0.0,0.0,0,0,4,3,505.0,23,6,52.27,95,0.0,0.0,0.0
503.0,8,pa_3,E1,20.0,4,80.0,4,100.0,33.33,1,1,0,2,505.0,23,6,52.27,95,20.0,0.71,1.0
503.0,8,pa_3_rev,NEG_E1,20.0,4,80.0,4,100.0,0.0,0,0,0,3,505.0,23,6,52.27,95,20.0,0.57,1.0
503.0,8,pa_6,E5,25.0,5,100.0,4,80.0,0.0,0,0,1,3,505.0,23,6,52.27,95,25.0,0.5,0.8
503.0,8,pa_6_rev,NEG_E5,25.0,5,0.0,0,0.0,0.0,0,0,5,3,505.0,23,6,52.27,95,0.0,0.0,0.0
503.0,8,pa_7,E6,20.0,4,0.0,0,0.0,0.0,0,0,4,2,505.0,23,6,52.27,95,0.0,0.0,0.0
503.0,8,pa_7_rev,NEG_E6,20.0,4,40.0,2,50.0,0.0,0,0,2,2,505.0,23,6,52.27,95,20.0,0.33,0.5
503.0,8,pa_8,E7,25.0,5,0.0,0,0.0,0.0,0,0,5,3,505.0,23,6,52.27,95,0.0,0.0,0.0
503.0,8,pa_8_rev,NEG_E7,25.0,5,125.0,5,100.0,100.0,3,3,0,0,505.0,23,6,52.27,95,25.0,1.0,1.0
504.0,8,pa_2,E0,20.0,4,80.0,4,100.0,66.67,2,2,0,1,505.0,23,6,52.27,95,20.0,0.86,1.0
504.0,8,pa_2_rev,NEG_E0,20.0,4,0.0,0,0.0,0.0,0,0,4,3,505.0,23,6,52.27,95,0.0,0.0,0.0
504.0,8,pa_3,E1,20.0,4,80.0,4,100.0,33.33,1,1,0,2,505.0,23,6,52.27,95,20.0,0.71,1.0
504.0,8,pa_3_rev,NEG_E1,20.0,4,80.0,4,100.0,0.0,0,0,0,3,505.0,23,6,52.27,95,20.0,0.57,1.0
504.0,8,pa_6,E5,25.0,5,100.0,4,80.0,0.0,0,0,1,3,505.0,23,6,52.27,95,25.0,0.5,0.8
504.0,8,pa_6_rev,NEG_E5,25.0,5,0.0,0,0.0,0.0,0,0,5,3,505.0,23,6,52.27,95,0.0,0.0,0.0
504.0,8,pa_7,E6,20.0,4,0.0,0,0.0,0.0,0,0,4,2,505.0,23,6,52.27,95,0.0,0.0,0.0
504.0,8,pa_7_rev,NEG_E6,20.0,4,40.0,2,50.0,0.0,0,0,2,2,505.0,23,6,52.27,95,20.0,0.33,0.5
504.0,8,pa_8,E7,25.0,5,0.0,0,0.0,0.0,0,0,5,3,505.0,23,6,52.27,95,0.0,0.0,0.0
504.0,8,pa_8_rev,NEG_E7,25.0,5,125.0,5,100.0,100.0,3,3,0,0,505.0,23,6,52.27,95,25.0,1.0,1.0
505.0,8,pa_2,E0,20.0,4,80.0,4,100.0,66.67,2,2,0,1,505.0,23,6,52.27,95,20.0,0.86,1.0
505.0,8,pa_2_rev,NEG_E0,20.0,4,0.0,0,0.0,0.0,0,0,4,3,505.0,23,6,52.27,95,0.0,0.0,0.0
505.0,8,pa_3,E1,20.0,4,80.0,4,100.0,33.33,1,1,0,2,505.0,23,6,52.27,95,20.0,0.71,1.0
505.0,8,pa_3_rev,NEG_E1,20.0,4,80.0,4,100.0,0.0,0,0,0,3,505.0,23,6,52.27,95,20.0,0.57,1.0
505.0,8,pa_6,E5,25.0,5,100.0,4,80.0,0.0,0,0,1,3,505.0,23,6,52.27,95,25.0,0.5,0.8
505.0,8,pa_6_rev,NEG_E5,25.0,5,0.0,0,0.0,0.0,0,0,5,3,505.0,23,6,52.27,95,0.0,0.0,0.0
505.0,8,pa_7,E6,20.0,4,0.0,0,0.0,0.0,0,0,4,2,505.0,23,6,52.27,95,0.0,0.0,0.0
505.0,8,pa_7_rev,NEG_E6,20.0,4,40.0,2,50.0,0.0,0,0,2,2,505.0,23,6,52.27,95,20.0,0.33,0.5
505.0,8,pa_8,E7,25.0,5,0.0,0,0.0,0.0,0,0,5,3,505.0,23,6,52.27,95,0.0,0.0,0.0
505.0,8,pa_8_rev,NEG_E7,25.0,5,125.0,5,100.0,100.0,3,3,0,0,505.0,23,6,52.27,95,25.0,1.0,1.0
506.0,8,pa_2,E0,20.0,4,80.0,4,100.0,66.67,2,2,0,1,505.0,23,6,52.27,95,20.0,0.86,1.0
506.0,8,pa_2_rev,NEG_E0,20.0,4,0.0,0,0.0,0.0,0,0,4,3,505.0,23,6,52.27,95,0.0,0.0,0.0
506.0,8,pa_3,E1,20.0,4,80.0,4,100.0,33.33,1,1,0,2,505.0,23,6,52.27,95,20.0,0.71,1.0
506.0,8,pa_3_rev,NEG_E1,20.0,4,80.0,4,100.0,0.0,0,0,0,3,505.0,23,6,52.27,95,20.0,0.57,1.0
506.0,8,pa_6,E5,25.0,5,100.0,4,80.0,0.0,0,0,1,3,505.0,23,6,52.27,95,25.0,0.5,0.8
506.0,8,pa_6_rev,NEG_E5,25.0,5,0.0,0,0.0,0.0,0,0,5,3,505.0,23,6,52.27,95,0.0,0.0,0.0
506.0,8,pa_7,E6,20.0,4,0.0,0,0.0,0.0,0,0,4,2,505.0,23,6,52.27,95,0.0,0.0,0.0
506.0,8,pa_7_rev,NEG_E6,20.0,4,40.0,2,50.0,0.0,0,0,2,2,505.0,23,6,52.27,95,20.0,0.33,0.5
506.0,8,pa_8,E7,25.0,5,0.0,0,0.0,0.0,0,0,5,3,505.0,23,6,52.27,95,0.0,0.0,0.0
506.0,8,pa_8_rev,NEG_E7,25.0,5,125.0,5,100.0,100.0,3,3,0,0,505.0,23,6,52.27,95,25.0,1.0,1.0
507.0,8,pa_2,E0,20.0,4,80.0,4,100.0,66.67,2,2,0,1,505.0,23,6,52.27,95,20.0,0.86,1.0
507.0,8,pa_2_rev,NEG_E0,20.0,4,0.0,0,0.0,0.0,0,0,4,3,505.0,23,6,52.27,95,0.0,0.0,0.0
507.0,8,pa_3,E1,20.0,4,80.0,4,100.0,33.33,1,1,0,2,505.0,23,6,52.27,95,20.0,0.71,1.0
507.0,8,pa_3_rev,NEG_E1,20.0,4,80.0,4,100.0,0.0,0,0,0,3,505.0,23,6,52.27,95,20.0,0.57,1.0
507.0,8,pa_6,E5,25.0,5,100.0,4,80.0,0.0,0,0,1,3,505.0,23,6,52.27,95,25.0,0.5,0.8
507.0,8,pa_6_rev,NEG_E5,25.0,5,0.0,0,0.0,0.0,0,0,5,3,505.0,23,6,52.27,95,0.0,0.0,0.0
507.0,8,pa_7,E6,20.0,4,0.0,0,0.0,0.0,0,0,4,2,505.0,23,6,52.27,95,0.0,0.0,0.0
507.0,8,pa_7_rev,NEG_E6,20.0,4,40.0,2,50.0,0.0,0,0,2,2,505.0,23,6,52.27,95,20.0,0.33,0.5
507.0,8,pa_8,E7,25.0,5,0.0,0,0.0,0.0,0,0,5,3,505.0,23,6,52.27,95,0.0,0.0,0.0
507.0,8,pa_8_rev,NEG_E7,25.0,5,125.0,5,100.0,100.0,3,3,0,0,505.0,23,6,52.27,95,25.0,1.0,1.0
508.0,8,pa_2,E0,20.0,4,80.0,4,100.0,66.67,2,2,0,1,505.0,23,6,52.27,95,20.0,0.86,1.0
508.0,8,pa_2_rev,NEG_E0,20.0,4,0.0,0,0.0,0.0,0,0,4,3,505.0,23,6,52.27,95,0.0,0.0,0.0
508.0,8,pa_3,E1,20.0,4,80.0,4,100.0,33.33,1,1,0,2,505.0,23,6,52.27,95,20.0,0.71,1.0
508.0,8,pa_3_rev,NEG_E1,20.0,4,80.0,4,100.0,0.0,0,0,0,3,505.0,23,6,52.27,95,20.0,0.57,1.0
508.0,8,pa_6,E5,25.0,5,100.0,4,80.0,0.0,0,0,1,3,505.0,23,6,52.27,95,25.0,0.5,0.8
508.0,8,pa_6_rev,NEG_E5,25.0,5,0.0,0,0.0,0.0,0,0,5,3,505.0,23,6,52.27,95,0.0,0.0,0.0
508.0,8,pa_7,E6,20.0,4,0.0,0,0.0,0.0,0,0,4,2,505.0,23,6,52.27,95,0.0,0.0,0.0
508.0,8,pa_7_rev,NEG_E6,20.0,4,40.0,2,50.0,0.0,0,0,2,2,505.0,23,6,52.27,95,20.0,0.33,0.5
508.0,8,pa_8,E7,25.0,5,0.0,0,0.0,0.0,0,0,5,3,505.0,23,6,52.27,95,0.0,0.0,0.0
508.0,8,pa_8_rev,NEG_E7,25.0,5,125.0,5,100.0,100.0,3,3,0,0,505.0,23,6,52.27,95,25.0,1.0,1.0
509.0,8,pa_2,E0,20.0,4,80.0,4,100.0,66.67,2,2,0,1,505.0,23,6,52.27,95,20.0,0.86,1.0
509.0,8,pa_2_rev,NEG_E0,20.0,4,0.0,0,0.0,0.0,0,0,4,3,505.0,23,6,52.27,95,0.0,0.0,0.0
509.0,8,pa_3,E1,20.0,4,80.0,4,100.0,33.33,1,1,0,2,505.0,23,6,52.27,95,20.0,0.71,1.0
509.0,8,pa_3_rev,NEG_E1,20.0,4,80.0,4,100.0,0.0,0,0,0,3,505.0,23,6,52.27,95,20.0,0.57,1.0
509.0,8,pa_6,E5,25.0,5,100.0,4,80.0,0.0,0,0,1,3,505.0,23,6,52.27,95,25.0,0.5,0.8
509.0,8,pa_6_rev,NEG_E5,25.0,5,0.0,0,0.0,0.0,0,0,5,3,505.0,23,6,52.27,95,0.0,0.0,0.0
509.0,8,pa_7,E6,20.0,4,0.0,0,0.0,0.0,0,0,4,2,505.0,23,6,52.27,95,0.0,0.0,0.0
509.0,8,pa_7_rev,NEG_E6,20.0,4,40.0,2,50.0,0.0,0,0,2,2,505.0,23,6,52.27,95,20.0,0.33,0.5
509.0,8,pa_8,E7,25.0,5,0.0,0,0.0,0.0,0,0,5,3,505.0,23,6,52.27,95,0.0,0.0,0.0
509.0,8,pa_8_rev,NEG_E7,25.0,5,125.0,5,100.0,100.0,3,3,0,0,505.0,23,6,52.27,95,25.0,1.0,1.0
510.0,8,pa_2,E0,20.0,4,80.0,4,100.0,66.67,2,2,0,1,505.0,23,6,52.27,95,20.0,0.86,1.0
510.0,8,pa_2_rev,NEG_E0,20.0,4,0.0,0,0.0,0.0,0,0,4,3,505.0,23,6,52.27,95,0.0,0.0,0.0
510.0,8,pa_3,E1,20.0,4,80.0,4,100.0,33.33,1,1,0,2,505.0,23,6,52.27,95,20.0,0.71,1.0
510.0,8,pa_3_rev,NEG_E1,20.0,4,80.0,4,100.0,0.0,0,0,0,3,505.0,23,6,52.27,95,20.0,0.57,1.0
510.0,8,pa_6,E5,25.0,5,100.0,4,80.0,0.0,0,0,1,3,505.0,23,6,52.27,95,25.0,0.5,0.8
510.0,8,pa_6_rev,NEG_E5,25.0,5,0.0,0,0.0,0.0,0,0,5,3,505.0,23,6,52.27,95,0.0,0.0,0.0
510.0,8,pa_7,E6,20.0,4,0.0,0,0.0,0.0,0,0,4,2,505.0,23,6,52.27,95,0.0,0.0,0.0
510.0,8,pa_7_rev,NEG_E6,20.0,4,40.0,2,50.0,0.0,0,0,2,2,505.0,23,6,52.27,95,20.0,0.33,0.5
510.0,8,pa_8,E7,25.0,5,0.0,0,0.0,0.0,0,0,5,3,505.0,23,6,52.27,95,0.0,0.0,0.0
510.0,8,pa_8_rev,NEG_E7,25.0,5,125.0,5,100.0,100.0,3,3,0,0,505.0,23,6,52.27,95,25.0,1.0,1.0
511.0,8,pa_2,E0,20.0,4,80.0,4,100.0,66.67,2,2,0,1,505.0,23,6,52.27,95,20.0,0.86,1.0
511.0,8,pa_2_rev,NEG_E0,20.0,4,0.0,0,0.0,0.0,0,0,4,3,505.0,23,6,52.27,95,0.0,0.0,0.0
511.0,8,pa_3,E1,20.0,4,80.0,4,100.0,33.33,1,1,0,2,505.0,23,6,52.27,95,20.0,0.71,1.0
511.0,8,pa_3_rev,NEG_E1,20.0,4,80.0,4,100.0,0.0,0,0,0,3,505.0,23,6,52.27,95,20.0,0.57,1.0
511.0,8,pa_6,E5,25.0,5,100.0,4,80.0,0.0,0,0,1,3,505.0,23,6,52.27,95,25.0,0.5,0.8
511.0,8,pa_6_rev,NEG_E5,25.0,5,0.0,0,0.0,0.0,0,0,5,3,505.0,23,6,52.27,95,0.0,0.0,0.0
511.0,8,pa_7,E6,20.0,4,0.0,0,0.0,0.0,0,0,4,2,505.0,23,6,52.27,95,0.0,0.0,0.0
511.0,8,pa_7_rev,NEG_E6,20.0,4,40.0,2,50.0,0.0,0,0,2,2,505.0,23,6,52.27,95,20.0,0.33,0.5
511.0,8,pa_8,E7,25.0,5,0.0,0,0.0,0.0,0,0,5,3,505.0,23,6,52.27,95,0.0,0.0,0.0
511.0,8,pa_8_rev,NEG_E7,25.0,5,125.0,5,100.0,100.0,3,3,0,0,505.0,23,6,52.27,95,25.0,1.0,1.0
512.0,8,pa_2,E0,20.0,4,80.0,4,100.0,66.67,2,2,0,1,505.0,23,6,52.27,96,20.0,0.86,1.0
512.0,8,pa_2_rev,NEG_E0,20.0,4,0.0,0,0.0,0.0,0,0,4,3,505.0,23,6,52.27,96,0.0,0.0,0.0
512.0,8,pa_3,E1,20.0,4,80.0,4,100.0,33.33,1,1,0,2,505.0,23,6,52.27,96,20.0,0.71,1.0
512.0,8,pa_3_rev,NEG_E1,20.0,4,80.0,4,100.0,0.0,0,0,0,3,505.0,23,6,52.27,96,20.0,0.57,1.0
512.0,8,pa_6,E5,25.0,5,100.0,4,80.0,0.0,0,0,1,3,505.0,23,6,52.27,96,25.0,0.5,0.8
512.0,8,pa_6_rev,NEG_E5,25.0,5,0.0,0,0.0,0.0,0,0,5,3,505.0,23,6,52.27,96,0.0,0.0,0.0
512.0,8,pa_7,E6,20.0,4,0.0,0,0.0,0.0,0,0,4,2,505.0,23,6,52.27,96,0.0,0.0,0.0
512.0,8,pa_7_rev,NEG_E6,20.0,4,40.0,2,50.0,0.0,0,0,2,2,505.0,23,6,52.27,96,20.0,0.33,0.5
512.0,8,pa_8,E7,25.0,5,0.0,0,0.0,0.0,0,0,5,3,505.0,23,6,52.27,96,0.0,0.0,0.0
512.0,8,pa_8_rev,NEG_E7,25.0,5,125.0,5,100.0,100.0,3,3,0,0,505.0,23,6,52.27,96,25.0,1.0,1.0
513.0,8,pa_2,E0,20.0,4,80.0,4,100.0,66.67,2,2,0,1,505.0,23,6,52.27,95,20.0,0.86,1.0
513.0,8,pa_2_rev,NEG_E0,20.0,4,0.0,0,0.0,0.0,0,0,4,3,505.0,23,6,52.27,95,0.0,0.0,0.0
513.0,8,pa_3,E1,20.0,4,80.0,4,100.0,33.33,1,1,0,2,505.0,23,6,52.27,95,20.0,0.71,1.0
513.0,8,pa_3_rev,NEG_E1,20.0,4,80.0,4,100.0,0.0,0,0,0,3,505.0,23,6,52.27,95,20.0,0.57,1.0
513.0,8,pa_6,E5,25.0,5,100.0,4,80.0,0.0,0,0,1,3,505.0,23,6,52.27,95,25.0,0.5,0.8
513.0,8,pa_6_rev,NEG_E5,25.0,5,0.0,0,0.0,0.0,0,0,5,3,505.0,23,6,52.27,95,0.0,0.0,0.0
513.0,8,pa_7,E6,20.0,4,0.0,0,0.0,0.0,0,0,4,2,505.0,23,6,52.27,95,0.0,0.0,0.0
513.0,8,pa_7_rev,NEG_E6,20.0,4,40.0,2,50.0,0.0,0,0,2,2,505.0,23,6,52.27,95,20.0,0.33,0.5
513.0,8,pa_8,E7,25.0,5,0.0,0,0.0,0.0,0,0,5,3,505.0,23,6,52.27,95,0.0,0.0,0.0
513.0,8,pa_8_rev,NEG_E7,25.0,5,125.0,5,100.0,100.0,3,3,0,0,505.0,23,6,52.27,95,25.0,1.0,1.0
514.0,8,pa_2,E0,20.0,4,80.0,4,100.0,66.67,2,2,0,1,505.0,23,6,52.27,95,20.0,0.86,1.0
514.0,8,pa_2_rev,NEG_E0,20.0,4,0.0,0,0.0,0.0,0,0,4,3,505.0,23,6,52.27,95,0.0,0.0,0.0
514.0,8,pa_3,E1,20.0,4,80.0,4,100.0,33.33,1,1,0,2,505.0,23,6,52.27,95,20.0,0.71,1.0
514.0,8,pa_3_rev,NEG_E1,20.0,4,80.0,4,100.0,0.0,0,0,0,3,505.0,23,6,52.27,95,20.0,0.57,1.0
514.0,8,pa_6,E5,25.0,5,100.0,4,80.0,0.0,0,0,1,3,505.0,23,6,52.27,95,25.0,0.5,0.8
514.0,8,pa_6_rev,NEG_E5,25.0,5,0.0,0,0.0,0.0,0,0,5,3,505.0,23,6,52.27,95,0.0,0.0,0.0
514.0,8,pa_7,E6,20.0,4,0.0,0,0.0,0.0,0,0,4,2,505.0,23,6,52.27,95,0.0,0.0,0.0
514.0,8,pa_7_rev,NEG_E6,20.0,4,40.0,2,50.0,0.0,0,0,2,2,505.0,23,6,52.27,95,20.0,0.33,0.5
514.0,8,pa_8,E7,25.0,5,0.0,0,0.0,0.0,0,0,5,3,505.0,23,6,52.27,95,0.0,0.0,0.0
514.0,8,pa_8_rev,NEG_E7,25.0,5,125.0,5,100.0,100.0,3,3,0,0,505.0,23,6,52.27,95,25.0,1.0,1.0
515.0,8,pa_2,E0,20.0,4,80.0,4,100.0,66.67,2,2,0,1,505.0,23,6,52.27,97,20.0,0.86,1.0
515.0,8,pa_2_rev,NEG_E0,20.0,4,0.0,0,0.0,0.0,0,0,4,3,505.0,23,6,52.27,97,0.0,0.0,0.0
515.0,8,pa_3,E1,20.0,4,80.0,4,100.0,33.33,1,1,0,2,505.0,23,6,52.27,97,20.0,0.71,1.0
515.0,8,pa_3_rev,NEG_E1,20.0,4,80.0,4,100.0,0.0,0,0,0,3,505.0,23,6,52.27,97,20.0,0.57,1.0
515.0,8,pa_6,E5,25.0,5,100.0,4,80.0,0.0,0,0,1,3,505.0,23,6,52.27,97,25.0,0.5,0.8
515.0,8,pa_6_rev,NEG_E5,25.0,5,0.0,0,0.0,0.0,0,0,5,3,505.0,23,6,52.27,97,0.0,0.0,0.0
515.0,8,pa_7,E6,20.0,4,0.0,0,0.0,0.0,0,0,4,2,505.0,23,6,52.27,97,0.0,0.0,0.0
515.0,8,pa_7_rev,NEG_E6,20.0,4,40.0,2,50.0,0.0,0,0,2,2,505.0,23,6,52.27,97,20.0,0.33,0.5
515.0,8,pa_8,E7,25.0,5,0.0,0,0.0,0.0,0,0,5,3,505.0,23,6,52.27,97,0.0,0.0,0.0
515.0,8,pa_8_rev,NEG_E7,25.0,5,125.0,5,100.0,100.0,3,3,0,0,505.0,23,6,52.27,97,25.0,1.0,1.0
516.0,8,pa_2,E0,20.0,4,80.0,4,100.0,66.67,2,2,0,1,505.0,23,6,52.27,97,20.0,0.86,1.0
516.0,8,pa_2_rev,NEG_E0,20.0,4,0.0,0,0.0,0.0,0,0,4,3,505.0,23,6,52.27,97,0.0,0.0,0.0
516.0,8,pa_3,E1,20.0,4,80.0,4,100.0,33.33,1,1,0,2,505.0,23,6,52.27,97,20.0,0.71,1.0
516.0,8,pa_3_rev,NEG_E1,20.0,4,80.0,4,100.0,0.0,0,0,0,3,505.0,23,6,52.27,97,20.0,0.57,1.0
516.0,8,pa_6,E5,25.0,5,100.0,4,80.0,0.0,0,0,1,3,505.0,23,6,52.27,97,25.0,0.5,0.8
516.0,8,pa_6_rev,NEG_E5,25.0,5,0.0,0,0.0,0.0,0,0,5,3,505.0,23,6,52.27,97,0.0,0.0,0.0
516.0,8,pa_7,E6,20.0,4,0.0,0,0.0,0.0,0,0,4,2,505.0,23,6,52.27,97,0.0,0.0,0.0
516.0,8,pa_7_rev,NEG_E6,20.0,4,40.0,2,50.0,0.0,0,0,2,2,505.0,23,6,52.27,97,20.0,0.33,0.5
516.0,8,pa_8,E7,25.0,5,0.0,0,0.0,0.0,0,0,5,3,505.0,23,6,52.27,97,0.0,0.0,0.0
516.0,8,pa_8_rev,NEG_E7,25.0,5,125.0,5,100.0,100.0,3,3,0,0,505.0,23,6,52.27,97,25.0,1.0,1.0
517.0,8,pa_2,E0,20.0,4,80.0,4,100.0,66.67,2,2,0,1,505.0,23,6,52.27,97,20.0,0.86,1.0
517.0,8,pa_2_rev,NEG_E0,20.0,4,0.0,0,0.0,0.0,0,0,4,3,505.0,23,6,52.27,97,0.0,0.0,0.0
517.0,8,pa_3,E1,20.0,4,80.0,4,100.0,33.33,1,1,0,2,505.0,23,6,52.27,97,20.0,0.71,1.0
517.0,8,pa_3_rev,NEG_E1,20.0,4,80.0,4,100.0,0.0,0,0,0,3,505.0,23,6,52.27,97,20.0,0.57,1.0
517.0,8,pa_6,E5,25.0,5,100.0,4,80.0,0.0,0,0,1,3,505.0,23,6,52.27,97,25.0,0.5,0.8
517.0,8,pa_6_rev,NEG_E5,25.0,5,0.0,0,0.0,0.0,0,0,5,3,505.0,23,6,52.27,97,0.0,0.0,0.0
517.0,8,pa_7,E6,20.0,4,0.0,0,0.0,0.0,0,0,4,2,505.0,23,6,52.27,97,0.0,0.0,0.0
517.0,8,pa_7_rev,NEG_E6,20.0,4,40.0,2,50.0,0.0,0,0,2,2,505.0,23,6,52.27,97,20.0,0.33,0.5
517.0,8,pa_8,E7,25.0,5,0.0,0,0.0,0.0,0,0,5,3,505.0,23,6,52.27,97,0.0,0.0,0.0
517.0,8,pa_8_rev,NEG_E7,25.0,5,125.0,5,100.0,100.0,3,3,0,0,505.0,23,6,52.27,97,25.0,1.0,1.0
518.0,8,pa_2,E0,20.0,4,80.0,4,100.0,66.67,2,2,0,1,525.0,24,6,54.55,96,20.0,0.86,1.0
518.0,8,pa_2_rev,NEG_E0,20.0,4,0.0,0,0.0,0.0,0,0,4,3,525.0,24,6,54.55,96,0.0,0.0,0.0
518.0,8,pa_3,E1,20.0,4,80.0,4,100.0,33.33,1,1,0,2,525.0,24,6,54.55,96,20.0,0.71,1.0
518.0,8,pa_3_rev,NEG_E1,20.0,4,80.0,4,100.0,0.0,0,0,0,3,525.0,24,6,54.55,96,20.0,0.57,1.0
518.0,8,pa_6,E5,25.0,5,100.0,4,80.0,0.0,0,0,1,3,525.0,24,6,54.55,96,25.0,0.5,0.8
518.0,8,pa_6_rev,NEG_E5,25.0,5,0.0,0,0.0,0.0,0,0,5,3,525.0,24,6,54.55,96,0.0,0.0,0.0
518.0,8,pa_7,E6,20.0,4,0.0,0,0.0,0.0,0,0,4,2,525.0,24,6,54.55,96,0.0,0.0,0.0
518.0,8,pa_7_rev,NEG_E6,20.0,4,60.0,3,75.0,0.0,0,0,1,2,525.0,24,6,54.55,96,20.0,0.5,0.75
518.0,8,pa_8,E7,25.0,5,0.0,0,0.0,0.0,0,0,5,3,525.0,24,6,54.55,96,0.0,0.0,0.0
518.0,8,pa_8_rev,NEG_E7,25.0,5,125.0,5,100.0,100.0,3,3,0,0,525.0,24,6,54.55,96,25.0,1.0,1.0
519.0,8,pa_2,E0,20.0,4,80.0,4,100.0,66.67,2,2,0,1,525.0,24,6,54.55,96,20.0,0.86,1.0
519.0,8,pa_2_rev,NEG_E0,20.0,4,0.0,0,0.0,0.0,0,0,4,3,525.0,24,6,54.55,96,0.0,0.0,0.0
519.0,8,pa_3,E1,20.0,4,80.0,4,100.0,33.33,1,1,0,2,525.0,24,6,54.55,96,20.0,0.71,1.0
519.0,8,pa_3_rev,NEG_E1,20.0,4,80.0,4,100.0,0.0,0,0,0,3,525.0,24,6,54.55,96,20.0,0.57,1.0
519.0,8,pa_6,E5,25.0,5,100.0,4,80.0,0.0,0,0,1,3,525.0,24,6,54.55,96,25.0,0.5,0.8
519.0,8,pa_6_rev,NEG_E5,25.0,5,0.0,0,0.0,0.0,0,0,5,3,525.0,24,6,54.55,96,0.0,0.0,0.0
519.0,8,pa_7,E6,20.0,4,0.0,0,0.0,0.0,0,0,4,2,525.0,24,6,54.55,96,0.0,0.0,0.0
519.0,8,pa_7_rev,NEG_E6,20.0,4,60.0,3,75.0,0.0,0,0,1,2,525.0,24,6,54.55,96,20.0,0.5,0.75
519.0,8,pa_8,E7,25.0,5,0.0,0,0.0,0.0,0,0,5,3,525.0,24,6,54.55,96,0.0,0.0,0.0
519.0,8,pa_8_rev,NEG_E7,25.0,5,125.0,5,100.0,100.0,3,3,0,0,525.0,24,6,54.55,96,25.0,1.0,1.0
520.0,8,pa_2,E0,20.0,4,80.0,4,100.0,66.67,2,2,0,1,525.0,24,6,54.55,96,20.0,0.86,1.0
520.0,8,pa_2_rev,NEG_E0,20.0,4,0.0,0,0.0,0.0,0,0,4,3,525.0,24,6,54.55,96,0.0,0.0,0.0
520.0,8,pa_3,E1,20.0,4,80.0,4,100.0,33.33,1,1,0,2,525.0,24,6,54.55,96,20.0,0.71,1.0
520.0,8,pa_3_rev,NEG_E1,20.0,4,80.0,4,100.0,0.0,0,0,0,3,525.0,24,6,54.55,96,20.0,0.57,1.0
520.0,8,pa_6,E5,25.0,5,100.0,4,80.0,0.0,0,0,1,3,525.0,24,6,54.55,96,25.0,0.5,0.8
520.0,8,pa_6_rev,NEG_E5,25.0,5,0.0,0,0.0,0.0,0,0,5,3,525.0,24,6,54.55,96,0.0,0.0,0.0
520.0,8,pa_7,E6,20.0,4,0.0,0,0.0,0.0,0,0,4,2,525.0,24,6,54.55,96,0.0,0.0,0.0
520.0,8,pa_7_rev,NEG_E6,20.0,4,60.0,3,75.0,0.0,0,0,1,2,525.0,24,6,54.55,96,20.0,0.5,0.75
520.0,8,pa_8,E7,25.0,5,0.0,0,0.0,0.0,0,0,5,3,525.0,24,6,54.55,96,0.0,0.0,0.0
520.0,8,pa_8_rev,NEG_E7,25.0,5,125.0,5,100.0,100.0,3,3,0,0,525.0,24,6,54.55,96,25.0,1.0,1.0
521.0,8,pa_2,E0,20.0,4,80.0,4,100.0,66.67,2,2,0,1,525.0,24,6,54.55,97,20.0,0.86,1.0
521.0,8,pa_2_rev,NEG_E0,20.0,4,0.0,0,0.0,0.0,0,0,4,3,525.0,24,6,54.55,97,0.0,0.0,0.0
521.0,8,pa_3,E1,20.0,4,80.0,4,100.0,33.33,1,1,0,2,525.0,24,6,54.55,97,20.0,0.71,1.0
521.0,8,pa_3_rev,NEG_E1,20.0,4,80.0,4,100.0,0.0,0,0,0,3,525.0,24,6,54.55,97,20.0,0.57,1.0
521.0,8,pa_6,E5,25.0,5,100.0,4,80.0,0.0,0,0,1,3,525.0,24,6,54.55,97,25.0,0.5,0.8
521.0,8,pa_6_rev,NEG_E5,25.0,5,0.0,0,0.0,0.0,0,0,5,3,525.0,24,6,54.55,97,0.0,0.0,0.0
521.0,8,pa_7,E6,20.0,4,0.0,0,0.0,0.0,0,0,4,2,525.0,24,6,54.55,97,0.0,0.0,0.0
521.0,8,pa_7_rev,NEG_E6,20.0,4,60.0,3,75.0,0.0,0,0,1,2,525.0,24,6,54.55,97,20.0,0.5,0.75
521.0,8,pa_8,E7,25.0,5,0.0,0,0.0,0.0,0,0,5,3,525.0,24,6,54.55,97,0.0,0.0,0.0
521.0,8,pa_8_rev,NEG_E7,25.0,5,125.0,5,100.0,100.0,3,3,0,0,525.0,24,6,54.55,97,25.0,1.0,1.0
522.0,8,pa_2,E0,20.0,4,80.0,4,100.0,66.67,2,2,0,1,525.0,24,6,54.55,97,20.0,0.86,1.0
522.0,8,pa_2_rev,NEG_E0,20.0,4,0.0,0,0.0,0.0,0,0,4,3,525.0,24,6,54.55,97,0.0,0.0,0.0
522.0,8,pa_3,E1,20.0,4,80.0,4,100.0,33.33,1,1,0,2,525.0,24,6,54.55,97,20.0,0.71,1.0
522.0,8,pa_3_rev,NEG_E1,20.0,4,80.0,4,100.0,0.0,0,0,0,3,525.0,24,6,54.55,97,20.0,0.57,1.0
522.0,8,pa_6,E5,25.0,5,100.0,4,80.0,0.0,0,0,1,3,525.0,24,6,54.55,97,25.0,0.5,0.8
522.0,8,pa_6_rev,NEG_E5,25.0,5,0.0,0,0.0,0.0,0,0,5,3,525.0,24,6,54.55,97,0.0,0.0,0.0
522.0,8,pa_7,E6,20.0,4,0.0,0,0.0,0.0,0,0,4,2,525.0,24,6,54.55,97,0.0,0.0,0.0
522.0,8,pa_7_rev,NEG_E6,20.0,4,60.0,3,75.0,0.0,0,0,1,2,525.0,24,6,54.55,97,20.0,0.5,0.75
522.0,8,pa_8,E7,25.0,5,0.0,0,0.0,0.0,0,0,5,3,525.0,24,6,54.55,97,0.0,0.0,0.0
522.0,8,pa_8_rev,NEG_E7,25.0,5,125.0,5,100.0,100.0,3,3,0,0,525.0,24,6,54.55,97,25.0,1.0,1.0
523.0,8,pa_2,E0,20.0,4,80.0,4,100.0,66.67,2,2,0,1,525.0,24,6,54.55,96,20.0,0.86,1.0
523.0,8,pa_2_rev,NEG_E0,20.0,4,0.0,0,0.0,0.0,0,0,4,3,525.0,24,6,54.55,96,0.0,0.0,0.0
523.0,8,pa_3,E1,20.0,4,80.0,4,100.0,33.33,1,1,0,2,525.0,24,6,54.55,96,20.0,0.71,1.0
523.0,8,pa_3_rev,NEG_E1,20.0,4,80.0,4,100.0,0.0,0,0,0,3,525.0,24,6,54.55,96,20.0,0.57,1.0
523.0,8,pa_6,E5,25.0,5,100.0,4,80.0,0.0,0,0,1,3,525.0,24,6,54.55,96,25.0,0.5,0.8
523.0,8,pa_6_rev,NEG_E5,25.0,5,0.0,0,0.0,0.0,0,0,5,3,525.0,24,6,54.55,96,0.0,0.0,0.0
523.0,8,pa_7,E6,20.0,4,0.0,0,0.0,0.0,0,0,4,2,525.0,24,6,54.55,96,0.0,0.0,0.0
523.0,8,pa_7_rev,NEG_E6,20.0,4,60.0,3,75.0,0.0,0,0,1,2,525.0,24,6,54.55,96,20.0,0.5,0.75
523.0,8,pa_8,E7,25.0,5,0.0,0,0.0,0.0,0,0,5,3,525.0,24,6,54.55,96,0.0,0.0,0.0
523.0,8,pa_8_rev,NEG_E7,25.0,5,125.0,5,100.0,100.0,3,3,0,0,525.0,24,6,54.55,96,25.0,1.0,1.0
524.0,8,pa_2,E0,20.0,4,80.0,4,100.0,66.67,2,2,0,1,525.0,24,7,54.55,96,20.0,0.86,1.0
524.0,8,pa_2_rev,NEG_E0,20.0,4,0.0,0,0.0,0.0,0,0,4,3,525.0,24,7,54.55,96,0.0,0.0,0.0
524.0,8,pa_3,E1,20.0,4,80.0,4,100.0,33.33,1,1,0,2,525.0,24,7,54.55,96,20.0,0.71,1.0
524.0,8,pa_3_rev,NEG_E1,20.0,4,80.0,4,100.0,33.33,1,1,0,2,525.0,24,7,54.55,96,20.0,0.71,1.0
524.0,8,pa_6,E5,25.0,5,100.0,4,80.0,0.0,0,0,1,3,525.0,24,7,54.55,96,25.0,0.5,0.8
524.0,8,pa_6_rev,NEG_E5,25.0,5,0.0,0,0.0,0.0,0,0,5,3,525.0,24,7,54.55,96,0.0,0.0,0.0
524.0,8,pa_7,E6,20.0,4,0.0,0,0.0,0.0,0,0,4,2,525.0,24,7,54.55,96,0.0,0.0,0.0
524.0,8,pa_7_rev,NEG_E6,20.0,4,60.0,3,75.0,0.0,0,0,1,2,525.0,24,7,54.55,96,20.0,0.5,0.75
524.0,8,pa_8,E7,25.0,5,0.0,0,0.0,0.0,0,0,5,3,525.0,24,7,54.55,96,0.0,0.0,0.0
524.0,8,pa_8_rev,NEG_E7,25.0,5,125.0,5,100.0,100.0,3,3,0,0,525.0,24,7,54.55,96,25.0,1.0,1.0
525.0,8,pa_2,E0,20.0,4,80.0,4,100.0,66.67,2,2,0,1,545.0,25,7,56.82,96,20.0,0.86,1.0
525.0,8,pa_2_rev,NEG_E0,20.0,4,0.0,0,0.0,0.0,0,0,4,3,545.0,25,7,56.82,96,0.0,0.0,0.0
525.0,8,pa_3,E1,20.0,4,80.0,4,100.0,33.33,1,1,0,2,545.0,25,7,56.82,96,20.0,0.71,1.0
525.0,8,pa_3_rev,NEG_E1,20.0,4,80.0,4,100.0,33.33,1,1,0,2,545.0,25,7,56.82,96,20.0,0.71,1.0
525.0,8,pa_6,E5,25.0,5,100.0,4,80.0,0.0,0,0,1,3,545.0,25,7,56.82,96,25.0,0.5,0.8
525.0,8,pa_6_rev,NEG_E5,25.0,5,0.0,0,0.0,0.0,0,0,5,3,545.0,25,7,56.82,96,0.0,0.0,0.0
525.0,8,pa_7,E6,20.0,4,0.0,0,0.0,0.0,0,0,4,2,545.0,25,7,56.82,96,0.0,0.0,0.0
525.0,8,pa_7_rev,NEG_E6,20.0,4,80.0,4,100.0,0.0,0,0,0,2,545.0,25,7,56.82,96,20.0,0.67,1.0
525.0,8,pa_8,E7,25.0,5,0.0,0,0.0,0.0,0,0,5,3,545.0,25,7,56.82,96,0.0,0.0,0.0
525.0,8,pa_8_rev,NEG_E7,25.0,5,125.0,5,100.0,100.0,3,3,0,0,545.0,25,7,56.82,96,25.0,1.0,1.0
526.0,8,pa_2,E0,20.0,4,80.0,4,100.0,66.67,2,2,0,1,545.0,25,7,56.82,96,20.0,0.86,1.0
526.0,8,pa_2_rev,NEG_E0,20.0,4,0.0,0,0.0,0.0,0,0,4,3,545.0,25,7,56.82,96,0.0,0.0,0.0
526.0,8,pa_3,E1,20.0,4,80.0,4,100.0,33.33,1,1,0,2,545.0,25,7,56.82,96,20.0,0.71,1.0
526.0,8,pa_3_rev,NEG_E1,20.0,4,80.0,4,100.0,33.33,1,1,0,2,545.0,25,7,56.82,96,20.0,0.71,1.0
526.0,8,pa_6,E5,25.0,5,100.0,4,80.0,0.0,0,0,1,3,545.0,25,7,56.82,96,25.0,0.5,0.8
526.0,8,pa_6_rev,NEG_E5,25.0,5,0.0,0,0.0,0.0,0,0,5,3,545.0,25,7,56.82,96,0.0,0.0,0.0
526.0,8,pa_7,E6,20.0,4,0.0,0,0.0,0.0,0,0,4,2,545.0,25,7,56.82,96,0.0,0.0,0.0
526.0,8,pa_7_rev,NEG_E6,20.0,4,80.0,4,100.0,0.0,0,0,0,2,545.0,25,7,56.82,96,20.0,0.67,1.0
526.0,8,pa_8,E7,25.0,5,0.0,0,0.0,0.0,0,0,5,3,545.0,25,7,56.82,96,0.0,0.0,0.0
526.0,8,pa_8_rev,NEG_E7,25.0,5,125.0,5,100.0,100.0,3,3,0,0,545.0,25,7,56.82,96,25.0,1.0,1.0
527.0,8,pa_2,E0,20.0,4,80.0,4,100.0,66.67,2,2,0,1,545.0,25,7,56.82,96,20.0,0.86,1.0
527.0,8,pa_2_rev,NEG_E0,20.0,4,0.0,0,0.0,0.0,0,0,4,3,545.0,25,7,56.82,96,0.0,0.0,0.0
527.0,8,pa_3,E1,20.0,4,80.0,4,100.0,33.33,1,1,0,2,545.0,25,7,56.82,96,20.0,0.71,1.0
527.0,8,pa_3_rev,NEG_E1,20.0,4,80.0,4,100.0,33.33,1,1,0,2,545.0,25,7,56.82,96,20.0,0.71,1.0
527.0,8,pa_6,E5,25.0,5,100.0,4,80.0,0.0,0,0,1,3,545.0,25,7,56.82,96,25.0,0.5,0.8
527.0,8,pa_6_rev,NEG_E5,25.0,5,0.0,0,0.0,0.0,0,0,5,3,545.0,25,7,56.82,96,0.0,0.0,0.0
527.0,8,pa_7,E6,20.0,4,0.0,0,0.0,0.0,0,0,4,2,545.0,25,7,56.82,96,0.0,0.0,0.0
527.0,8,pa_7_rev,NEG_E6,20.0,4,80.0,4,100.0,0.0,0,0,0,2,545.0,25,7,56.82,96,20.0,0.67,1.0
527.0,8,pa_8,E7,25.0,5,0.0,0,0.0,0.0,0,0,5,3,545.0,25,7,56.82,96,0.0,0.0,0.0
527.0,8,pa_8_rev,NEG_E7,25.0,5,125.0,5,100.0,100.0,3,3,0,0,545.0,25,7,56.82,96,25.0,1.0,1.0
528.0,8,pa_2,E0,20.0,4,80.0,4,100.0,66.67,2,2,0,1,545.0,25,7,56.82,96,20.0,0.86,1.0
528.0,8,pa_2_rev,NEG_E0,20.0,4,0.0,0,0.0,0.0,0,0,4,3,545.0,25,7,56.82,96,0.0,0.0,0.0
528.0,8,pa_3,E1,20.0,4,80.0,4,100.0,33.33,1,1,0,2,545.0,25,7,56.82,96,20.0,0.71,1.0
528.0,8,pa_3_rev,NEG_E1,20.0,4,80.0,4,100.0,33.33,1,1,0,2,545.0,25,7,56.82,96,20.0,0.71,1.0
528.0,8,pa_6,E5,25.0,5,100.0,4,80.0,0.0,0,0,1,3,545.0,25,7,56.82,96,25.0,0.5,0.8
528.0,8,pa_6_rev,NEG_E5,25.0,5,0.0,0,0.0,0.0,0,0,5,3,545.0,25,7,56.82,96,0.0,0.0,0.0
528.0,8,pa_7,E6,20.0,4,0.0,0,0.0,0.0,0,0,4,2,545.0,25,7,56.82,96,0.0,0.0,0.0
528.0,8,pa_7_rev,NEG_E6,20.0,4,80.0,4,100.0,0.0,0,0,0,2,545.0,25,7,56.82,96,20.0,0.67,1.0
528.0,8,pa_8,E7,25.0,5,0.0,0,0.0,0.0,0,0,5,3,545.0,25,7,56.82,96,0.0,0.0,0.0
528.0,8,pa_8_rev,NEG_E7,25.0,5,125.0,5,100.0,100.0,3,3,0,0,545.0,25,7,56.82,96,25.0,1.0,1.0
529.0,8,pa_2,E0,20.0,4,80.0,4,100.0,66.67,2,2,0,1,545.0,25,7,56.82,96,20.0,0.86,1.0
529.0,8,pa_2_rev,NEG_E0,20.0,4,0.0,0,0.0,0.0,0,0,4,3,545.0,25,7,56.82,96,0.0,0.0,0.0
529.0,8,pa_3,E1,20.0,4,80.0,4,100.0,33.33,1,1,0,2,545.0,25,7,56.82,96,20.0,0.71,1.0
529.0,8,pa_3_rev,NEG_E1,20.0,4,80.0,4,100.0,33.33,1,1,0,2,545.0,25,7,56.82,96,20.0,0.71,1.0
529.0,8,pa_6,E5,25.0,5,100.0,4,80.0,0.0,0,0,1,3,545.0,25,7,56.82,96,25.0,0.5,0.8
529.0,8,pa_6_rev,NEG_E5,25.0,5,0.0,0,0.0,0.0,0,0,5,3,545.0,25,7,56.82,96,0.0,0.0,0.0
529.0,8,pa_7,E6,20.0,4,0.0,0,0.0,0.0,0,0,4,2,545.0,25,7,56.82,96,0.0,0.0,0.0
529.0,8,pa_7_rev,NEG_E6,20.0,4,80.0,4,100.0,0.0,0,0,0,2,545.0,25,7,56.82,96,20.0,0.67,1.0
529.0,8,pa_8,E7,25.0,5,0.0,0,0.0,0.0,0,0,5,3,545.0,25,7,56.82,96,0.0,0.0,0.0
529.0,8,pa_8_rev,NEG_E7,25.0,5,125.0,5,100.0,100.0,3,3,0,0,545.0,25,7,56.82,96,25.0,1.0,1.0
530.0,8,pa_2,E0,20.0,4,80.0,4,100.0,66.67,2,2,0,1,545.0,25,7,56.82,97,20.0,0.86,1.0
530.0,8,pa_2_rev,NEG_E0,20.0,4,0.0,0,0.0,0.0,0,0,4,3,545.0,25,7,56.82,97,0.0,0.0,0.0
530.0,8,pa_3,E1,20.0,4,80.0,4,100.0,33.33,1,1,0,2,545.0,25,7,56.82,97,20.0,0.71,1.0
530.0,8,pa_3_rev,NEG_E1,20.0,4,80.0,4,100.0,33.33,1,1,0,2,545.0,25,7,56.82,97,20.0,0.71,1.0
530.0,8,pa_6,E5,25.0,5,100.0,4,80.0,0.0,0,0,1,3,545.0,25,7,56.82,97,25.0,0.5,0.8
530.0,8,pa_6_rev,NEG_E5,25.0,5,0.0,0,0.0,0.0,0,0,5,3,545.0,25,7,56.82,97,0.0,0.0,0.0
530.0,8,pa_7,E6,20.0,4,0.0,0,0.0,0.0,0,0,4,2,545.0,25,7,56.82,97,0.0,0.0,0.0
530.0,8,pa_7_rev,NEG_E6,20.0,4,80.0,4,100.0,0.0,0,0,0,2,545.0,25,7,56.82,97,20.0,0.67,1.0
530.0,8,pa_8,E7,25.0,5,0.0,0,0.0,0.0,0,0,5,3,545.0,25,7,56.82,97,0.0,0.0,0.0
530.0,8,pa_8_rev,NEG_E7,25.0,5,125.0,5,100.0,100.0,3,3,0,0,545.0,25,7,56.82,97,25.0,1.0,1.0
531.0,8,pa_2,E0,20.0,4,80.0,4,100.0,66.67,2,2,0,1,545.0,25,7,56.82,97,20.0,0.86,1.0
531.0,8,pa_2_rev,NEG_E0,20.0,4,0.0,0,0.0,0.0,0,0,4,3,545.0,25,7,56.82,97,0.0,0.0,0.0
531.0,8,pa_3,E1,20.0,4,80.0,4,100.0,33.33,1,1,0,2,545.0,25,7,56.82,97,20.0,0.71,1.0
531.0,8,pa_3_rev,NEG_E1,20.0,4,80.0,4,100.0,33.33,1,1,0,2,545.0,25,7,56.82,97,20.0,0.71,1.0
531.0,8,pa_6,E5,25.0,5,100.0,4,80.0,0.0,0,0,1,3,545.0,25,7,56.82,97,25.0,0.5,0.8
531.0,8,pa_6_rev,NEG_E5,25.0,5,0.0,0,0.0,0.0,0,0,5,3,545.0,25,7,56.82,97,0.0,0.0,0.0
531.0,8,pa_7,E6,20.0,4,0.0,0,0.0,0.0,0,0,4,2,545.0,25,7,56.82,97,0.0,0.0,0.0
531.0,8,pa_7_rev,NEG_E6,20.0,4,80.0,4,100.0,0.0,0,0,0,2,545.0,25,7,56.82,97,20.0,0.67,1.0
531.0,8,pa_8,E7,25.0,5,0.0,0,0.0,0.0,0,0,5,3,545.0,25,7,56.82,97,0.0,0.0,0.0
531.0,8,pa_8_rev,NEG_E7,25.0,5,125.0,5,100.0,100.0,3,3,0,0,545.0,25,7,56.82,97,25.0,1.0,1.0
532.0,8,pa_2,E0,20.0,4,80.0,4,100.0,66.67,2,2,0,1,545.0,25,7,56.82,97,20.0,0.86,1.0
532.0,8,pa_2_rev,NEG_E0,20.0,4,0.0,0,0.0,0.0,0,0,4,3,545.0,25,7,56.82,97,0.0,0.0,0.0
532.0,8,pa_3,E1,20.0,4,80.0,4,100.0,33.33,1,1,0,2,545.0,25,7,56.82,97,20.0,0.71,1.0
532.0,8,pa_3_rev,NEG_E1,20.0,4,80.0,4,100.0,33.33,1,1,0,2,545.0,25,7,56.82,97,20.0,0.71,1.0
532.0,8,pa_6,E5,25.0,5,100.0,4,80.0,0.0,0,0,1,3,545.0,25,7,56.82,97,25.0,0.5,0.8
532.0,8,pa_6_rev,NEG_E5,25.0,5,0.0,0,0.0,0.0,0,0,5,3,545.0,25,7,56.82,97,0.0,0.0,0.0
532.0,8,pa_7,E6,20.0,4,0.0,0,0.0,0.0,0,0,4,2,545.0,25,7,56.82,97,0.0,0.0,0.0
532.0,8,pa_7_rev,NEG_E6,20.0,4,80.0,4,100.0,0.0,0,0,0,2,545.0,25,7,56.82,97,20.0,0.67,1.0
532.0,8,pa_8,E7,25.0,5,0.0,0,0.0,0.0,0,0,5,3,545.0,25,7,56.82,97,0.0,0.0,0.0
532.0,8,pa_8_rev,NEG_E7,25.0,5,125.0,5,100.0,100.0,3,3,0,0,545.0,25,7,56.82,97,25.0,1.0,1.0
533.0,8,pa_2,E0,20.0,4,80.0,4,100.0,66.67,2,2,0,1,545.0,25,7,56.82,97,20.0,0.86,1.0
533.0,8,pa_2_rev,NEG_E0,20.0,4,0.0,0,0.0,0.0,0,0,4,3,545.0,25,7,56.82,97,0.0,0.0,0.0
533.0,8,pa_3,E1,20.0,4,80.0,4,100.0,33.33,1,1,0,2,545.0,25,7,56.82,97,20.0,0.71,1.0
533.0,8,pa_3_rev,NEG_E1,20.0,4,80.0,4,100.0,33.33,1,1,0,2,545.0,25,7,56.82,97,20.0,0.71,1.0
533.0,8,pa_6,E5,25.0,5,100.0,4,80.0,0.0,0,0,1,3,545.0,25,7,56.82,97,25.0,0.5,0.8
533.0,8,pa_6_rev,NEG_E5,25.0,5,0.0,0,0.0,0.0,0,0,5,3,545.0,25,7,56.82,97,0.0,0.0,0.0
533.0,8,pa_7,E6,20.0,4,0.0,0,0.0,0.0,0,0,4,2,545.0,25,7,56.82,97,0.0,0.0,0.0
533.0,8,pa_7_rev,NEG_E6,20.0,4,80.0,4,100.0,0.0,0,0,0,2,545.0,25,7,56.82,97,20.0,0.67,1.0
533.0,8,pa_8,E7,25.0,5,0.0,0,0.0,0.0,0,0,5,3,545.0,25,7,56.82,97,0.0,0.0,0.0
533.0,8,pa_8_rev,NEG_E7,25.0,5,125.0,5,100.0,100.0,3,3,0,0,545.0,25,7,56.82,97,25.0,1.0,1.0
534.0,8,pa_2,E0,20.0,4,80.0,4,100.0,66.67,2,2,0,1,545.0,25,7,56.82,97,20.0,0.86,1.0
534.0,8,pa_2_rev,NEG_E0,20.0,4,0.0,0,0.0,0.0,0,0,4,3,545.0,25,7,56.82,97,0.0,0.0,0.0
534.0,8,pa_3,E1,20.0,4,80.0,4,100.0,33.33,1,1,0,2,545.0,25,7,56.82,97,20.0,0.71,1.0
534.0,8,pa_3_rev,NEG_E1,20.0,4,80.0,4,100.0,33.33,1,1,0,2,545.0,25,7,56.82,97,20.0,0.71,1.0
534.0,8,pa_6,E5,25.0,5,100.0,4,80.0,0.0,0,0,1,3,545.0,25,7,56.82,97,25.0,0.5,0.8
534.0,8,pa_6_rev,NEG_E5,25.0,5,0.0,0,0.0,0.0,0,0,5,3,545.0,25,7,56.82,97,0.0,0.0,0.0
534.0,8,pa_7,E6,20.0,4,0.0,0,0.0,0.0,0,0,4,2,545.0,25,7,56.82,97,0.0,0.0,0.0
534.0,8,pa_7_rev,NEG_E6,20.0,4,80.0,4,100.0,0.0,0,0,0,2,545.0,25,7,56.82,97,20.0,0.67,1.0
534.0,8,pa_8,E7,25.0,5,0.0,0,0.0,0.0,0,0,5,3,545.0,25,7,56.82,97,0.0,0.0,0.0
534.0,8,pa_8_rev,NEG_E7,25.0,5,125.0,5,100.0,100.0,3,3,0,0,545.0,25,7,56.82,97,25.0,1.0,1.0
535.0,8,pa_2,E0,20.0,4,80.0,4,100.0,66.67,2,2,0,1,545.0,25,7,56.82,97,20.0,0.86,1.0
535.0,8,pa_2_rev,NEG_E0,20.0,4,0.0,0,0.0,0.0,0,0,4,3,545.0,25,7,56.82,97,0.0,0.0,0.0
535.0,8,pa_3,E1,20.0,4,80.0,4,100.0,33.33,1,1,0,2,545.0,25,7,56.82,97,20.0,0.71,1.0
535.0,8,pa_3_rev,NEG_E1,20.0,4,80.0,4,100.0,33.33,1,1,0,2,545.0,25,7,56.82,97,20.0,0.71,1.0
535.0,8,pa_6,E5,25.0,5,100.0,4,80.0,0.0,0,0,1,3,545.0,25,7,56.82,97,25.0,0.5,0.8
535.0,8,pa_6_rev,NEG_E5,25.0,5,0.0,0,0.0,0.0,0,0,5,3,545.0,25,7,56.82,97,0.0,0.0,0.0
535.0,8,pa_7,E6,20.0,4,0.0,0,0.0,0.0,0,0,4,2,545.0,25,7,56.82,97,0.0,0.0,0.0
535.0,8,pa_7_rev,NEG_E6,20.0,4,80.0,4,100.0,0.0,0,0,0,2,545.0,25,7,56.82,97,20.0,0.67,1.0
535.0,8,pa_8,E7,25.0,5,0.0,0,0.0,0.0,0,0,5,3,545.0,25,7,56.82,97,0.0,0.0,0.0
535.0,8,pa_8_rev,NEG_E7,25.0,5,125.0,5,100.0,100.0,3,3,0,0,545.0,25,7,56.82,97,25.0,1.0,1.0
536.0,8,pa_2,E0,20.0,4,80.0,4,100.0,66.67,2,2,0,1,545.0,25,7,56.82,98,20.0,0.86,1.0
536.0,8,pa_2_rev,NEG_E0,20.0,4,0.0,0,0.0,0.0,0,0,4,3,545.0,25,7,56.82,98,0.0,0.0,0.0
536.0,8,pa_3,E1,20.0,4,80.0,4,100.0,33.33,1,1,0,2,545.0,25,7,56.82,98,20.0,0.71,1.0
536.0,8,pa_3_rev,NEG_E1,20.0,4,80.0,4,100.0,33.33,1,1,0,2,545.0,25,7,56.82,98,20.0,0.71,1.0
536.0,8,pa_6,E5,25.0,5,100.0,4,80.0,0.0,0,0,1,3,545.0,25,7,56.82,98,25.0,0.5,0.8
536.0,8,pa_6_rev,NEG_E5,25.0,5,0.0,0,0.0,0.0,0,0,5,3,545.0,25,7,56.82,98,0.0,0.0,0.0
536.0,8,pa_7,E6,20.0,4,0.0,0,0.0,0.0,0,0,4,2,545.0,25,7,56.82,98,0.0,0.0,0.0
536.0,8,pa_7_rev,NEG_E6,20.0,4,80.0,4,100.0,0.0,0,0,0,2,545.0,25,7,56.82,98,20.0,0.67,1.0
536.0,8,pa_8,E7,25.0,5,0.0,0,0.0,0.0,0,0,5,3,545.0,25,7,56.82,98,0.0,0.0,0.0
536.0,8,pa_8_rev,NEG_E7,25.0,5,125.0,5,100.0,100.0,3,3,0,0,545.0,25,7,56.82,98,25.0,1.0,1.0
537.0,8,pa_2,E0,20.0,4,80.0,4,100.0,66.67,2,2,0,1,545.0,25,7,56.82,98,20.0,0.86,1.0
537.0,8,pa_2_rev,NEG_E0,20.0,4,0.0,0,0.0,0.0,0,0,4,3,545.0,25,7,56.82,98,0.0,0.0,0.0
537.0,8,pa_3,E1,20.0,4,80.0,4,100.0,33.33,1,1,0,2,545.0,25,7,56.82,98,20.0,0.71,1.0
537.0,8,pa_3_rev,NEG_E1,20.0,4,80.0,4,100.0,33.33,1,1,0,2,545.0,25,7,56.82,98,20.0,0.71,1.0
537.0,8,pa_6,E5,25.0,5,100.0,4,80.0,0.0,0,0,1,3,545.0,25,7,56.82,98,25.0,0.5,0.8
537.0,8,pa_6_rev,NEG_E5,25.0,5,0.0,0,0.0,0.0,0,0,5,3,545.0,25,7,56.82,98,0.0,0.0,0.0
537.0,8,pa_7,E6,20.0,4,0.0,0,0.0,0.0,0,0,4,2,545.0,25,7,56.82,98,0.0,0.0,0.0
537.0,8,pa_7_rev,NEG_E6,20.0,4,80.0,4,100.0,0.0,0,0,0,2,545.0,25,7,56.82,98,20.0,0.67,1.0
537.0,8,pa_8,E7,25.0,5,0.0,0,0.0,0.0,0,0,5,3,545.0,25,7,56.82,98,0.0,0.0,0.0
537.0,8,pa_8_rev,NEG_E7,25.0,5,125.0,5,100.0,100.0,3,3,0,0,545.0,25,7,56.82,98,25.0,1.0,1.0
538.0,8,pa_2,E0,20.0,4,80.0,4,100.0,66.67,2,2,0,1,545.0,25,7,56.82,98,20.0,0.86,1.0
538.0,8,pa_2_rev,NEG_E0,20.0,4,0.0,0,0.0,0.0,0,0,4,3,545.0,25,7,56.82,98,0.0,0.0,0.0
538.0,8,pa_3,E1,20.0,4,80.0,4,100.0,33.33,1,1,0,2,545.0,25,7,56.82,98,20.0,0.71,1.0
538.0,8,pa_3_rev,NEG_E1,20.0,4,80.0,4,100.0,33.33,1,1,0,2,545.0,25,7,56.82,98,20.0,0.71,1.0
538.0,8,pa_6,E5,25.0,5,100.0,4,80.0,0.0,0,0,1,3,545.0,25,7,56.82,98,25.0,0.5,0.8
538.0,8,pa_6_rev,NEG_E5,25.0,5,0.0,0,0.0,0.0,0,0,5,3,545.0,25,7,56.82,98,0.0,0.0,0.0
538.0,8,pa_7,E6,20.0,4,0.0,0,0.0,0.0,0,0,4,2,545.0,25,7,56.82,98,0.0,0.0,0.0
538.0,8,pa_7_rev,NEG_E6,20.0,4,80.0,4,100.0,0.0,0,0,0,2,545.0,25,7,56.82,98,20.0,0.67,1.0
538.0,8,pa_8,E7,25.0,5,0.0,0,0.0,0.0,0,0,5,3,545.0,25,7,56.82,98,0.0,0.0,0.0
538.0,8,pa_8_rev,NEG_E7,25.0,5,125.0,5,100.0,100.0,3,3,0,0,545.0,25,7,56.82,98,25.0,1.0,1.0
539.0,8,pa_2,E0,20.0,4,80.0,4,100.0,66.67,2,2,0,1,545.0,25,7,56.82,98,20.0,0.86,1.0
539.0,8,pa_2_rev,NEG_E0,20.0,4,0.0,0,0.0,0.0,0,0,4,3,545.0,25,7,56.82,98,0.0,0.0,0.0
539.0,8,pa_3,E1,20.0,4,80.0,4,100.0,33.33,1,1,0,2,545.0,25,7,56.82,98,20.0,0.71,1.0
539.0,8,pa_3_rev,NEG_E1,20.0,4,80.0,4,100.0,33.33,1,1,0,2,545.0,25,7,56.82,98,20.0,0.71,1.0
539.0,8,pa_6,E5,25.0,5,100.0,4,80.0,0.0,0,0,1,3,545.0,25,7,56.82,98,25.0,0.5,0.8
539.0,8,pa_6_rev,NEG_E5,25.0,5,0.0,0,0.0,0.0,0,0,5,3,545.0,25,7,56.82,98,0.0,0.0,0.0
539.0,8,pa_7,E6,20.0,4,0.0,0,0.0,0.0,0,0,4,2,545.0,25,7,56.82,98,0.0,0.0,0.0
539.0,8,pa_7_rev,NEG_E6,20.0,4,80.0,4,100.0,0.0,0,0,0,2,545.0,25,7,56.82,98,20.0,0.67,1.0
539.0,8,pa_8,E7,25.0,5,0.0,0,0.0,0.0,0,0,5,3,545.0,25,7,56.82,98,0.0,0.0,0.0
539.0,8,pa_8_rev,NEG_E7,25.0,5,125.0,5,100.0,100.0,3,3,0,0,545.0,25,7,56.82,98,25.0,1.0,1.0
540.0,9,pa_2,E0,20.0,4,80.0,4,100.0,66.67,2,2,0,1,545.0,25,8,56.82,98,20.0,0.86,1.0
540.0,9,pa_2_rev,NEG_E0,20.0,4,0.0,0,0.0,0.0,0,0,4,3,545.0,25,8,56.82,98,0.0,0.0,0.0
540.0,9,pa_3,E1,20.0,4,80.0,4,100.0,33.33,1,1,0,2,545.0,25,8,56.82,98,20.0,0.71,1.0
540.0,9,pa_3_rev,NEG_E1,20.0,4,80.0,4,100.0,66.67,2,2,0,1,545.0,25,8,56.82,98,20.0,0.86,1.0
540.0,9,pa_6,E5,25.0,5,100.0,4,80.0,0.0,0,0,1,3,545.0,25,8,56.82,98,25.0,0.5,0.8
540.0,9,pa_6_rev,NEG_E5,25.0,5,0.0,0,0.0,0.0,0,0,5,3,545.0,25,8,56.82,98,0.0,0.0,0.0
540.0,9,pa_7,E6,20.0,4,0.0,0,0.0,0.0,0,0,4,2,545.0,25,8,56.82,98,0.0,0.0,0.0
540.0,9,pa_7_rev,NEG_E6,20.0,4,80.0,4,100.0,0.0,0,0,0,2,545.0,25,8,56.82,98,20.0,0.67,1.0
540.0,9,pa_8,E7,25.0,5,0.0,0,0.0,0.0,0,0,5,3,545.0,25,8,56.82,98,0.0,0.0,0.0
540.0,9,pa_8_rev,NEG_E7,25.0,5,125.0,5,100.0,100.0,3,3,0,0,545.0,25,8,56.82,98,25.0,1.0,1.0
541.0,9,pa_2,E0,20.0,4,80.0,4,100.0,66.67,2,2,0,1,545.0,25,8,56.82,99,20.0,0.86,1.0
541.0,9,pa_2_rev,NEG_E0,20.0,4,0.0,0,0.0,0.0,0,0,4,3,545.0,25,8,56.82,99,0.0,0.0,0.0
541.0,9,pa_3,E1,20.0,4,80.0,4,100.0,33.33,1,1,0,2,545.0,25,8,56.82,99,20.0,0.71,1.0
541.0,9,pa_3_rev,NEG_E1,20.0,4,80.0,4,100.0,66.67,2,2,0,1,545.0,25,8,56.82,99,20.0,0.86,1.0
541.0,9,pa_6,E5,25.0,5,100.0,4,80.0,0.0,0,0,1,3,545.0,25,8,56.82,99,25.0,0.5,0.8
541.0,9,pa_6_rev,NEG_E5,25.0,5,0.0,0,0.0,0.0,0,0,5,3,545.0,25,8,56.82,99,0.0,0.0,0.0
541.0,9,pa_7,E6,20.0,4,0.0,0,0.0,0.0,0,0,4,2,545.0,25,8,56.82,99,0.0,0.0,0.0
541.0,9,pa_7_rev,NEG_E6,20.0,4,80.0,4,100.0,0.0,0,0,0,2,545.0,25,8,56.82,99,20.0,0.67,1.0
541.0,9,pa_8,E7,25.0,5,0.0,0,0.0,0.0,0,0,5,3,545.0,25,8,56.82,99,0.0,0.0,0.0
541.0,9,pa_8_rev,NEG_E7,25.0,5,125.0,5,100.0,100.0,3,3,0,0,545.0,25,8,56.82,99,25.0,1.0,1.0
542.0,9,pa_2,E0,20.0,4,80.0,4,100.0,66.67,2,2,0,1,545.0,25,8,56.82,99,20.0,0.86,1.0
542.0,9,pa_2_rev,NEG_E0,20.0,4,0.0,0,0.0,0.0,0,0,4,3,545.0,25,8,56.82,99,0.0,0.0,0.0
542.0,9,pa_3,E1,20.0,4,80.0,4,100.0,33.33,1,1,0,2,545.0,25,8,56.82,99,20.0,0.71,1.0
542.0,9,pa_3_rev,NEG_E1,20.0,4,80.0,4,100.0,66.67,2,2,0,1,545.0,25,8,56.82,99,20.0,0.86,1.0
542.0,9,pa_6,E5,25.0,5,100.0,4,80.0,0.0,0,0,1,3,545.0,25,8,56.82,99,25.0,0.5,0.8
542.0,9,pa_6_rev,NEG_E5,25.0,5,0.0,0,0.0,0.0,0,0,5,3,545.0,25,8,56.82,99,0.0,0.0,0.0
542.0,9,pa_7,E6,20.0,4,0.0,0,0.0,0.0,0,0,4,2,545.0,25,8,56.82,99,0.0,0.0,0.0
542.0,9,pa_7_rev,NEG_E6,20.0,4,80.0,4,100.0,0.0,0,0,0,2,545.0,25,8,56.82,99,20.0,0.67,1.0
542.0,9,pa_8,E7,25.0,5,0.0,0,0.0,0.0,0,0,5,3,545.0,25,8,56.82,99,0.0,0.0,0.0
542.0,9,pa_8_rev,NEG_E7,25.0,5,125.0,5,100.0,100.0,3,3,0,0,545.0,25,8,56.82,99,25.0,1.0,1.0
543.0,9,pa_2,E0,20.0,4,80.0,4,100.0,66.67,2,2,0,1,545.0,25,8,56.82,100,20.0,0.86,1.0
543.0,9,pa_2_rev,NEG_E0,20.0,4,0.0,0,0.0,0.0,0,0,4,3,545.0,25,8,56.82,100,0.0,0.0,0.0
543.0,9,pa_3,E1,20.0,4,80.0,4,100.0,33.33,1,1,0,2,545.0,25,8,56.82,100,20.0,0.71,1.0
543.0,9,pa_3_rev,NEG_E1,20.0,4,80.0,4,100.0,66.67,2,2,0,1,545.0,25,8,56.82,100,20.0,0.86,1.0
543.0,9,pa_6,E5,25.0,5,100.0,4,80.0,0.0,0,0,1,3,545.0,25,8,56.82,100,25.0,0.5,0.8
543.0,9,pa_6_rev,NEG_E5,25.0,5,0.0,0,0.0,0.0,0,0,5,3,545.0,25,8,56.82,100,0.0,0.0,0.0
543.0,9,pa_7,E6,20.0,4,0.0,0,0.0,0.0,0,0,4,2,545.0,25,8,56.82,100,0.0,0.0,0.0
543.0,9,pa_7_rev,NEG_E6,20.0,4,80.0,4,100.0,0.0,0,0,0,2,545.0,25,8,56.82,100,20.0,0.67,1.0
543.0,9,pa_8,E7,25.0,5,0.0,0,0.0,0.0,0,0,5,3,545.0,25,8,56.82,100,0.0,0.0,0.0
543.0,9,pa_8_rev,NEG_E7,25.0,5,125.0,5,100.0,100.0,3,3,0,0,545.0,25,8,56.82,100,25.0,1.0,1.0
544.0,9,pa_2,E0,20.0,4,80.0,4,100.0,66.67,2,2,0,1,545.0,25,8,56.82,100,20.0,0.86,1.0
544.0,9,pa_2_rev,NEG_E0,20.0,4,0.0,0,0.0,0.0,0,0,4,3,545.0,25,8,56.82,100,0.0,0.0,0.0
544.0,9,pa_3,E1,20.0,4,80.0,4,100.0,33.33,1,1,0,2,545.0,25,8,56.82,100,20.0,0.71,1.0
544.0,9,pa_3_rev,NEG_E1,20.0,4,80.0,4,100.0,66.67,2,2,0,1,545.0,25,8,56.82,100,20.0,0.86,1.0
544.0,9,pa_6,E5,25.0,5,100.0,4,80.0,0.0,0,0,1,3,545.0,25,8,56.82,100,25.0,0.5,0.8
544.0,9,pa_6_rev,NEG_E5,25.0,5,0.0,0,0.0,0.0,0,0,5,3,545.0,25,8,56.82,100,0.0,0.0,0.0
544.0,9,pa_7,E6,20.0,4,0.0,0,0.0,0.0,0,0,4,2,545.0,25,8,56.82,100,0.0,0.0,0.0
544.0,9,pa_7_rev,NEG_E6,20.0,4,80.0,4,100.0,0.0,0,0,0,2,545.0,25,8,56.82,100,20.0,0.67,1.0
544.0,9,pa_8,E7,25.0,5,0.0,0,0.0,0.0,0,0,5,3,545.0,25,8,56.82,100,0.0,0.0,0.0
544.0,9,pa_8_rev,NEG_E7,25.0,5,125.0,5,100.0,100.0,3,3,0,0,545.0,25,8,56.82,100,25.0,1.0,1.0
545.0,9,pa_2,E0,20.0,4,80.0,4,100.0,66.67,2,2,0,1,545.0,25,8,56.82,100,20.0,0.86,1.0
545.0,9,pa_2_rev,NEG_E0,20.0,4,0.0,0,0.0,0.0,0,0,4,3,545.0,25,8,56.82,100,0.0,0.0,0.0
545.0,9,pa_3,E1,20.0,4,80.0,4,100.0,33.33,1,1,0,2,545.0,25,8,56.82,100,20.0,0.71,1.0
545.0,9,pa_3_rev,NEG_E1,20.0,4,80.0,4,100.0,66.67,2,2,0,1,545.0,25,8,56.82,100,20.0,0.86,1.0
545.0,9,pa_6,E5,25.0,5,100.0,4,80.0,0.0,0,0,1,3,545.0,25,8,56.82,100,25.0,0.5,0.8
545.0,9,pa_6_rev,NEG_E5,25.0,5,0.0,0,0.0,0.0,0,0,5,3,545.0,25,8,56.82,100,0.0,0.0,0.0
545.0,9,pa_7,E6,20.0,4,0.0,0,0.0,0.0,0,0,4,2,545.0,25,8,56.82,100,0.0,0.0,0.0
545.0,9,pa_7_rev,NEG_E6,20.0,4,80.0,4,100.0,0.0,0,0,0,2,545.0,25,8,56.82,100,20.0,0.67,1.0
545.0,9,pa_8,E7,25.0,5,0.0,0,0.0,0.0,0,0,5,3,545.0,25,8,56.82,100,0.0,0.0,0.0
545.0,9,pa_8_rev,NEG_E7,25.0,5,125.0,5,100.0,100.0,3,3,0,0,545.0,25,8,56.82,100,25.0,1.0,1.0
546.0,9,pa_2,E0,20.0,4,80.0,4,100.0,66.67,2,2,0,1,545.0,25,8,56.82,101,20.0,0.86,1.0
546.0,9,pa_2_rev,NEG_E0,20.0,4,0.0,0,0.0,0.0,0,0,4,3,545.0,25,8,56.82,101,0.0,0.0,0.0
546.0,9,pa_3,E1,20.0,4,80.0,4,100.0,33.33,1,1,0,2,545.0,25,8,56.82,101,20.0,0.71,1.0
546.0,9,pa_3_rev,NEG_E1,20.0,4,80.0,4,100.0,66.67,2,2,0,1,545.0,25,8,56.82,101,20.0,0.86,1.0
546.0,9,pa_6,E5,25.0,5,100.0,4,80.0,0.0,0,0,1,3,545.0,25,8,56.82,101,25.0,0.5,0.8
546.0,9,pa_6_rev,NEG_E5,25.0,5,0.0,0,0.0,0.0,0,0,5,3,545.0,25,8,56.82,101,0.0,0.0,0.0
546.0,9,pa_7,E6,20.0,4,0.0,0,0.0,0.0,0,0,4,2,545.0,25,8,56.82,101,0.0,0.0,0.0
546.0,9,pa_7_rev,NEG_E6,20.0,4,80.0,4,100.0,0.0,0,0,0,2,545.0,25,8,56.82,101,20.0,0.67,1.0
546.0,9,pa_8,E7,25.0,5,0.0,0,0.0,0.0,0,0,5,3,545.0,25,8,56.82,101,0.0,0.0,0.0
546.0,9,pa_8_rev,NEG_E7,25.0,5,125.0,5,100.0,100.0,3,3,0,0,545.0,25,8,56.82,101,25.0,1.0,1.0
547.0,9,pa_2,E0,20.0,4,80.0,4,100.0,66.67,2,2,0,1,545.0,25,8,56.82,101,20.0,0.86,1.0
547.0,9,pa_2_rev,NEG_E0,20.0,4,0.0,0,0.0,0.0,0,0,4,3,545.0,25,8,56.82,101,0.0,0.0,0.0
547.0,9,pa_3,E1,20.0,4,80.0,4,100.0,33.33,1,1,0,2,545.0,25,8,56.82,101,20.0,0.71,1.0
547.0,9,pa_3_rev,NEG_E1,20.0,4,80.0,4,100.0,66.67,2,2,0,1,545.0,25,8,56.82,101,20.0,0.86,1.0
547.0,9,pa_6,E5,25.0,5,100.0,4,80.0,0.0,0,0,1,3,545.0,25,8,56.82,101,25.0,0.5,0.8
547.0,9,pa_6_rev,NEG_E5,25.0,5,0.0,0,0.0,0.0,0,0,5,3,545.0,25,8,56.82,101,0.0,0.0,0.0
547.0,9,pa_7,E6,20.0,4,0.0,0,0.0,0.0,0,0,4,2,545.0,25,8,56.82,101,0.0,0.0,0.0
547.0,9,pa_7_rev,NEG_E6,20.0,4,80.0,4,100.0,0.0,0,0,0,2,545.0,25,8,56.82,101,20.0,0.67,1.0
547.0,9,pa_8,E7,25.0,5,0.0,0,0.0,0.0,0,0,5,3,545.0,25,8,56.82,101,0.0,0.0,0.0
547.0,9,pa_8_rev,NEG_E7,25.0,5,125.0,5,100.0,100.0,3,3,0,0,545.0,25,8,56.82,101,25.0,1.0,1.0
548.0,9,pa_2,E0,20.0,4,80.0,4,100.0,66.67,2,2,0,1,545.0,25,8,56.82,100,20.0,0.86,1.0
548.0,9,pa_2_rev,NEG_E0,20.0,4,0.0,0,0.0,0.0,0,0,4,3,545.0,25,8,56.82,100,0.0,0.0,0.0
548.0,9,pa_3,E1,20.0,4,80.0,4,100.0,33.33,1,1,0,2,545.0,25,8,56.82,100,20.0,0.71,1.0
548.0,9,pa_3_rev,NEG_E1,20.0,4,80.0,4,100.0,66.67,2,2,0,1,545.0,25,8,56.82,100,20.0,0.86,1.0
548.0,9,pa_6,E5,25.0,5,100.0,4,80.0,0.0,0,0,1,3,545.0,25,8,56.82,100,25.0,0.5,0.8
548.0,9,pa_6_rev,NEG_E5,25.0,5,0.0,0,0.0,0.0,0,0,5,3,545.0,25,8,56.82,100,0.0,0.0,0.0
548.0,9,pa_7,E6,20.0,4,0.0,0,0.0,0.0,0,0,4,2,545.0,25,8,56.82,100,0.0,0.0,0.0
548.0,9,pa_7_rev,NEG_E6,20.0,4,80.0,4,100.0,0.0,0,0,0,2,545.0,25,8,56.82,100,20.0,0.67,1.0
548.0,9,pa_8,E7,25.0,5,0.0,0,0.0,0.0,0,0,5,3,545.0,25,8,56.82,100,0.0,0.0,0.0
548.0,9,pa_8_rev,NEG_E7,25.0,5,125.0,5,100.0,100.0,3,3,0,0,545.0,25,8,56.82,100,25.0,1.0,1.0
549.0,9,pa_2,E0,20.0,4,80.0,4,100.0,66.67,2,2,0,1,545.0,25,8,56.82,100,20.0,0.86,1.0
549.0,9,pa_2_rev,NEG_E0,20.0,4,0.0,0,0.0,0.0,0,0,4,3,545.0,25,8,56.82,100,0.0,0.0,0.0
549.0,9,pa_3,E1,20.0,4,80.0,4,100.0,33.33,1,1,0,2,545.0,25,8,56.82,100,20.0,0.71,1.0
549.0,9,pa_3_rev,NEG_E1,20.0,4,80.0,4,100.0,66.67,2,2,0,1,545.0,25,8,56.82,100,20.0,0.86,1.0
549.0,9,pa_6,E5,25.0,5,100.0,4,80.0,0.0,0,0,1,3,545.0,25,8,56.82,100,25.0,0.5,0.8
549.0,9,pa_6_rev,NEG_E5,25.0,5,0.0,0,0.0,0.0,0,0,5,3,545.0,25,8,56.82,100,0.0,0.0,0.0
549.0,9,pa_7,E6,20.0,4,0.0,0,0.0,0.0,0,0,4,2,545.0,25,8,56.82,100,0.0,0.0,0.0
549.0,9,pa_7_rev,NEG_E6,20.0,4,80.0,4,100.0,0.0,0,0,0,2,545.0,25,8,56.82,100,20.0,0.67,1.0
549.0,9,pa_8,E7,25.0,5,0.0,0,0.0,0.0,0,0,5,3,545.0,25,8,56.82,100,0.0,0.0,0.0
549.0,9,pa_8_rev,NEG_E7,25.0,5,125.0,5,100.0,100.0,3,3,0,0,545.0,25,8,56.82,100,25.0,1.0,1.0
550.0,9,pa_2,E0,20.0,4,80.0,4,100.0,66.67,2,2,0,1,545.0,25,8,56.82,100,20.0,0.86,1.0
550.0,9,pa_2_rev,NEG_E0,20.0,4,0.0,0,0.0,0.0,0,0,4,3,545.0,25,8,56.82,100,0.0,0.0,0.0
550.0,9,pa_3,E1,20.0,4,80.0,4,100.0,33.33,1,1,0,2,545.0,25,8,56.82,100,20.0,0.71,1.0
550.0,9,pa_3_rev,NEG_E1,20.0,4,80.0,4,100.0,66.67,2,2,0,1,545.0,25,8,56.82,100,20.0,0.86,1.0
550.0,9,pa_6,E5,25.0,5,100.0,4,80.0,0.0,0,0,1,3,545.0,25,8,56.82,100,25.0,0.5,0.8
550.0,9,pa_6_rev,NEG_E5,25.0,5,0.0,0,0.0,0.0,0,0,5,3,545.0,25,8,56.82,100,0.0,0.0,0.0
550.0,9,pa_7,E6,20.0,4,0.0,0,0.0,0.0,0,0,4,2,545.0,25,8,56.82,100,0.0,0.0,0.0
550.0,9,pa_7_rev,NEG_E6,20.0,4,80.0,4,100.0,0.0,0,0,0,2,545.0,25,8,56.82,100,20.0,0.67,1.0
550.0,9,pa_8,E7,25.0,5,0.0,0,0.0,0.0,0,0,5,3,545.0,25,8,56.82,100,0.0,0.0,0.0
550.0,9,pa_8_rev,NEG_E7,25.0,5,125.0,5,100.0,100.0,3,3,0,0,545.0,25,8,56.82,100,25.0,1.0,1.0
551.0,9,pa_2,E0,20.0,4,80.0,4,100.0,66.67,2,2,0,1,545.0,25,8,56.82,101,20.0,0.86,1.0
551.0,9,pa_2_rev,NEG_E0,20.0,4,0.0,0,0.0,0.0,0,0,4,3,545.0,25,8,56.82,101,0.0,0.0,0.0
551.0,9,pa_3,E1,20.0,4,80.0,4,100.0,33.33,1,1,0,2,545.0,25,8,56.82,101,20.0,0.71,1.0
551.0,9,pa_3_rev,NEG_E1,20.0,4,80.0,4,100.0,66.67,2,2,0,1,545.0,25,8,56.82,101,20.0,0.86,1.0
551.0,9,pa_6,E5,25.0,5,100.0,4,80.0,0.0,0,0,1,3,545.0,25,8,56.82,101,25.0,0.5,0.8
551.0,9,pa_6_rev,NEG_E5,25.0,5,0.0,0,0.0,0.0,0,0,5,3,545.0,25,8,56.82,101,0.0,0.0,0.0
551.0,9,pa_7,E6,20.0,4,0.0,0,0.0,0.0,0,0,4,2,545.0,25,8,56.82,101,0.0,0.0,0.0
551.0,9,pa_7_rev,NEG_E6,20.0,4,80.0,4,100.0,0.0,0,0,0,2,545.0,25,8,56.82,101,20.0,0.67,1.0
551.0,9,pa_8,E7,25.0,5,0.0,0,0.0,0.0,0,0,5,3,545.0,25,8,56.82,101,0.0,0.0,0.0
551.0,9,pa_8_rev,NEG_E7,25.0,5,125.0,5,100.0,100.0,3,3,0,0,545.0,25,8,56.82,101,25.0,1.0,1.0
552.0,9,pa_2,E0,20.0,4,80.0,4,100.0,66.67,2,2,0,1,545.0,25,8,56.82,102,20.0,0.86,1.0
552.0,9,pa_2_rev,NEG_E0,20.0,4,0.0,0,0.0,0.0,0,0,4,3,545.0,25,8,56.82,102,0.0,0.0,0.0
552.0,9,pa_3,E1,20.0,4,80.0,4,100.0,33.33,1,1,0,2,545.0,25,8,56.82,102,20.0,0.71,1.0
552.0,9,pa_3_rev,NEG_E1,20.0,4,80.0,4,100.0,66.67,2,2,0,1,545.0,25,8,56.82,102,20.0,0.86,1.0
552.0,9,pa_6,E5,25.0,5,100.0,4,80.0,0.0,0,0,1,3,545.0,25,8,56.82,102,25.0,0.5,0.8
552.0,9,pa_6_rev,NEG_E5,25.0,5,0.0,0,0.0,0.0,0,0,5,3,545.0,25,8,56.82,102,0.0,0.0,0.0
552.0,9,pa_7,E6,20.0,4,0.0,0,0.0,0.0,0,0,4,2,545.0,25,8,56.82,102,0.0,0.0,0.0
552.0,9,pa_7_rev,NEG_E6,20.0,4,80.0,4,100.0,0.0,0,0,0,2,545.0,25,8,56.82,102,20.0,0.67,1.0
552.0,9,pa_8,E7,25.0,5,0.0,0,0.0,0.0,0,0,5,3,545.0,25,8,56.82,102,0.0,0.0,0.0
552.0,9,pa_8_rev,NEG_E7,25.0,5,125.0,5,100.0,100.0,3,3,0,0,545.0,25,8,56.82,102,25.0,1.0,1.0
553.0,9,pa_2,E0,20.0,4,80.0,4,100.0,66.67,2,2,0,1,545.0,25,8,56.82,102,20.0,0.86,1.0
553.0,9,pa_2_rev,NEG_E0,20.0,4,0.0,0,0.0,0.0,0,0,4,3,545.0,25,8,56.82,102,0.0,0.0,0.0
553.0,9,pa_3,E1,20.0,4,80.0,4,100.0,33.33,1,1,0,2,545.0,25,8,56.82,102,20.0,0.71,1.0
553.0,9,pa_3_rev,NEG_E1,20.0,4,80.0,4,100.0,66.67,2,2,0,1,545.0,25,8,56.82,102,20.0,0.86,1.0
553.0,9,pa_6,E5,25.0,5,100.0,4,80.0,0.0,0,0,1,3,545.0,25,8,56.82,102,25.0,0.5,0.8
553.0,9,pa_6_rev,NEG_E5,25.0,5,0.0,0,0.0,0.0,0,0,5,3,545.0,25,8,56.82,102,0.0,0.0,0.0
553.0,9,pa_7,E6,20.0,4,0.0,0,0.0,0.0,0,0,4,2,545.0,25,8,56.82,102,0.0,0.0,0.0
553.0,9,pa_7_rev,NEG_E6,20.0,4,80.0,4,100.0,0.0,0,0,0,2,545.0,25,8,56.82,102,20.0,0.67,1.0
553.0,9,pa_8,E7,25.0,5,0.0,0,0.0,0.0,0,0,5,3,545.0,25,8,56.82,102,0.0,0.0,0.0
553.0,9,pa_8_rev,NEG_E7,25.0,5,125.0,5,100.0,100.0,3,3,0,0,545.0,25,8,56.82,102,25.0,1.0,1.0
554.0,9,pa_2,E0,20.0,4,80.0,4,100.0,66.67,2,2,0,1,545.0,25,8,56.82,104,20.0,0.86,1.0
554.0,9,pa_2_rev,NEG_E0,20.0,4,0.0,0,0.0,0.0,0,0,4,3,545.0,25,8,56.82,104,0.0,0.0,0.0
554.0,9,pa_3,E1,20.0,4,80.0,4,100.0,33.33,1,1,0,2,545.0,25,8,56.82,104,20.0,0.71,1.0
554.0,9,pa_3_rev,NEG_E1,20.0,4,80.0,4,100.0,66.67,2,2,0,1,545.0,25,8,56.82,104,20.0,0.86,1.0
554.0,9,pa_6,E5,25.0,5,100.0,4,80.0,0.0,0,0,1,3,545.0,25,8,56.82,104,25.0,0.5,0.8
554.0,9,pa_6_rev,NEG_E5,25.0,5,0.0,0,0.0,0.0,0,0,5,3,545.0,25,8,56.82,104,0.0,0.0,0.0
554.0,9,pa_7,E6,20.0,4,0.0,0,0.0,0.0,0,0,4,2,545.0,25,8,56.82,104,0.0,0.0,0.0
554.0,9,pa_7_rev,NEG_E6,20.0,4,80.0,4,100.0,0.0,0,0,0,2,545.0,25,8,56.82,104,20.0,0.67,1.0
554.0,9,pa_8,E7,25.0,5,0.0,0,0.0,0.0,0,0,5,3,545.0,25,8,56.82,104,0.0,0.0,0.0
554.0,9,pa_8_rev,NEG_E7,25.0,5,125.0,5,100.0,100.0,3,3,0,0,545.0,25,8,56.82,104,25.0,1.0,1.0
555.0,9,pa_2,E0,20.0,4,80.0,4,100.0,66.67,2,2,0,1,545.0,25,8,56.82,104,20.0,0.86,1.0
555.0,9,pa_2_rev,NEG_E0,20.0,4,0.0,0,0.0,0.0,0,0,4,3,545.0,25,8,56.82,104,0.0,0.0,0.0
555.0,9,pa_3,E1,20.0,4,80.0,4,100.0,33.33,1,1,0,2,545.0,25,8,56.82,104,20.0,0.71,1.0
555.0,9,pa_3_rev,NEG_E1,20.0,4,80.0,4,100.0,66.67,2,2,0,1,545.0,25,8,56.82,104,20.0,0.86,1.0
555.0,9,pa_6,E5,25.0,5,100.0,4,80.0,0.0,0,0,1,3,545.0,25,8,56.82,104,25.0,0.5,0.8
555.0,9,pa_6_rev,NEG_E5,25.0,5,0.0,0,0.0,0.0,0,0,5,3,545.0,25,8,56.82,104,0.0,0.0,0.0
555.0,9,pa_7,E6,20.0,4,0.0,0,0.0,0.0,0,0,4,2,545.0,25,8,56.82,104,0.0,0.0,0.0
555.0,9,pa_7_rev,NEG_E6,20.0,4,80.0,4,100.0,0.0,0,0,0,2,545.0,25,8,56.82,104,20.0,0.67,1.0
555.0,9,pa_8,E7,25.0,5,0.0,0,0.0,0.0,0,0,5,3,545.0,25,8,56.82,104,0.0,0.0,0.0
555.0,9,pa_8_rev,NEG_E7,25.0,5,125.0,5,100.0,100.0,3,3,0,0,545.0,25,8,56.82,104,25.0,1.0,1.0
556.0,9,pa_2,E0,20.0,4,80.0,4,100.0,66.67,2,2,0,1,545.0,25,8,56.82,105,20.0,0.86,1.0
556.0,9,pa_2_rev,NEG_E0,20.0,4,0.0,0,0.0,0.0,0,0,4,3,545.0,25,8,56.82,105,0.0,0.0,0.0
556.0,9,pa_3,E1,20.0,4,80.0,4,100.0,33.33,1,1,0,2,545.0,25,8,56.82,105,20.0,0.71,1.0
556.0,9,pa_3_rev,NEG_E1,20.0,4,80.0,4,100.0,66.67,2,2,0,1,545.0,25,8,56.82,105,20.0,0.86,1.0
556.0,9,pa_6,E5,25.0,5,100.0,4,80.0,0.0,0,0,1,3,545.0,25,8,56.82,105,25.0,0.5,0.8
556.0,9,pa_6_rev,NEG_E5,25.0,5,0.0,0,0.0,0.0,0,0,5,3,545.0,25,8,56.82,105,0.0,0.0,0.0
556.0,9,pa_7,E6,20.0,4,0.0,0,0.0,0.0,0,0,4,2,545.0,25,8,56.82,105,0.0,0.0,0.0
556.0,9,pa_7_rev,NEG_E6,20.0,4,80.0,4,100.0,0.0,0,0,0,2,545.0,25,8,56.82,105,20.0,0.67,1.0
556.0,9,pa_8,E7,25.0,5,0.0,0,0.0,0.0,0,0,5,3,545.0,25,8,56.82,105,0.0,0.0,0.0
556.0,9,pa_8_rev,NEG_E7,25.0,5,125.0,5,100.0,100.0,3,3,0,0,545.0,25,8,56.82,105,25.0,1.0,1.0
557.0,9,pa_2,E0,20.0,4,80.0,4,100.0,66.67,2,2,0,1,545.0,25,8,56.82,106,20.0,0.86,1.0
557.0,9,pa_2_rev,NEG_E0,20.0,4,0.0,0,0.0,0.0,0,0,4,3,545.0,25,8,56.82,106,0.0,0.0,0.0
557.0,9,pa_3,E1,20.0,4,80.0,4,100.0,33.33,1,1,0,2,545.0,25,8,56.82,106,20.0,0.71,1.0
557.0,9,pa_3_rev,NEG_E1,20.0,4,80.0,4,100.0,66.67,2,2,0,1,545.0,25,8,56.82,106,20.0,0.86,1.0
557.0,9,pa_6,E5,25.0,5,100.0,4,80.0,0.0,0,0,1,3,545.0,25,8,56.82,106,25.0,0.5,0.8
557.0,9,pa_6_rev,NEG_E5,25.0,5,0.0,0,0.0,0.0,0,0,5,3,545.0,25,8,56.82,106,0.0,0.0,0.0
557.0,9,pa_7,E6,20.0,4,0.0,0,0.0,0.0,0,0,4,2,545.0,25,8,56.82,106,0.0,0.0,0.0
557.0,9,pa_7_rev,NEG_E6,20.0,4,80.0,4,100.0,0.0,0,0,0,2,545.0,25,8,56.82,106,20.0,0.67,1.0
557.0,9,pa_8,E7,25.0,5,0.0,0,0.0,0.0,0,0,5,3,545.0,25,8,56.82,106,0.0,0.0,0.0
557.0,9,pa_8_rev,NEG_E7,25.0,5,125.0,5,100.0,100.0,3,3,0,0,545.0,25,8,56.82,106,25.0,1.0,1.0
558.0,9,pa_2,E0,20.0,4,80.0,4,100.0,66.67,2,2,0,1,545.0,25,8,56.82,106,20.0,0.86,1.0
558.0,9,pa_2_rev,NEG_E0,20.0,4,0.0,0,0.0,0.0,0,0,4,3,545.0,25,8,56.82,106,0.0,0.0,0.0
558.0,9,pa_3,E1,20.0,4,80.0,4,100.0,33.33,1,1,0,2,545.0,25,8,56.82,106,20.0,0.71,1.0
558.0,9,pa_3_rev,NEG_E1,20.0,4,80.0,4,100.0,66.67,2,2,0,1,545.0,25,8,56.82,106,20.0,0.86,1.0
558.0,9,pa_6,E5,25.0,5,100.0,4,80.0,0.0,0,0,1,3,545.0,25,8,56.82,106,25.0,0.5,0.8
558.0,9,pa_6_rev,NEG_E5,25.0,5,0.0,0,0.0,0.0,0,0,5,3,545.0,25,8,56.82,106,0.0,0.0,0.0
558.0,9,pa_7,E6,20.0,4,0.0,0,0.0,0.0,0,0,4,2,545.0,25,8,56.82,106,0.0,0.0,0.0
558.0,9,pa_7_rev,NEG_E6,20.0,4,80.0,4,100.0,0.0,0,0,0,2,545.0,25,8,56.82,106,20.0,0.67,1.0
558.0,9,pa_8,E7,25.0,5,0.0,0,0.0,0.0,0,0,5,3,545.0,25,8,56.82,106,0.0,0.0,0.0
558.0,9,pa_8_rev,NEG_E7,25.0,5,125.0,5,100.0,100.0,3,3,0,0,545.0,25,8,56.82,106,25.0,1.0,1.0
559.0,9,pa_2,E0,20.0,4,80.0,4,100.0,66.67,2,2,0,1,545.0,25,8,56.82,106,20.0,0.86,1.0
559.0,9,pa_2_rev,NEG_E0,20.0,4,0.0,0,0.0,0.0,0,0,4,3,545.0,25,8,56.82,106,0.0,0.0,0.0
559.0,9,pa_3,E1,20.0,4,80.0,4,100.0,33.33,1,1,0,2,545.0,25,8,56.82,106,20.0,0.71,1.0
559.0,9,pa_3_rev,NEG_E1,20.0,4,80.0,4,100.0,66.67,2,2,0,1,545.0,25,8,56.82,106,20.0,0.86,1.0
559.0,9,pa_6,E5,25.0,5,100.0,4,80.0,0.0,0,0,1,3,545.0,25,8,56.82,106,25.0,0.5,0.8
559.0,9,pa_6_rev,NEG_E5,25.0,5,0.0,0,0.0,0.0,0,0,5,3,545.0,25,8,56.82,106,0.0,0.0,0.0
559.0,9,pa_7,E6,20.0,4,0.0,0,0.0,0.0,0,0,4,2,545.0,25,8,56.82,106,0.0,0.0,0.0
559.0,9,pa_7_rev,NEG_E6,20.0,4,80.0,4,100.0,0.0,0,0,0,2,545.0,25,8,56.82,106,20.0,0.67,1.0
559.0,9,pa_8,E7,25.0,5,0.0,0,0.0,0.0,0,0,5,3,545.0,25,8,56.82,106,0.0,0.0,0.0
559.0,9,pa_8_rev,NEG_E7,25.0,5,125.0,5,100.0,100.0,3,3,0,0,545.0,25,8,56.82,106,25.0,1.0,1.0
560.0,9,pa_2,E0,20.0,4,80.0,4,100.0,66.67,2,2,0,1,545.0,25,8,56.82,106,20.0,0.86,1.0
560.0,9,pa_2_rev,NEG_E0,20.0,4,0.0,0,0.0,0.0,0,0,4,3,545.0,25,8,56.82,106,0.0,0.0,0.0
560.0,9,pa_3,E1,20.0,4,80.0,4,100.0,33.33,1,1,0,2,545.0,25,8,56.82,106,20.0,0.71,1.0
560.0,9,pa_3_rev,NEG_E1,20.0,4,80.0,4,100.0,66.67,2,2,0,1,545.0,25,8,56.82,106,20.0,0.86,1.0
560.0,9,pa_6,E5,25.0,5,100.0,4,80.0,0.0,0,0,1,3,545.0,25,8,56.82,106,25.0,0.5,0.8
560.0,9,pa_6_rev,NEG_E5,25.0,5,0.0,0,0.0,0.0,0,0,5,3,545.0,25,8,56.82,106,0.0,0.0,0.0
560.0,9,pa_7,E6,20.0,4,0.0,0,0.0,0.0,0,0,4,2,545.0,25,8,56.82,106,0.0,0.0,0.0
560.0,9,pa_7_rev,NEG_E6,20.0,4,80.0,4,100.0,0.0,0,0,0,2,545.0,25,8,56.82,106,20.0,0.67,1.0
560.0,9,pa_8,E7,25.0,5,0.0,0,0.0,0.0,0,0,5,3,545.0,25,8,56.82,106,0.0,0.0,0.0
560.0,9,pa_8_rev,NEG_E7,25.0,5,125.0,5,100.0,100.0,3,3,0,0,545.0,25,8,56.82,106,25.0,1.0,1.0
561.0,9,pa_2,E0,20.0,4,80.0,4,100.0,66.67,2,2,0,1,545.0,25,8,56.82,106,20.0,0.86,1.0
561.0,9,pa_2_rev,NEG_E0,20.0,4,0.0,0,0.0,0.0,0,0,4,3,545.0,25,8,56.82,106,0.0,0.0,0.0
561.0,9,pa_3,E1,20.0,4,80.0,4,100.0,33.33,1,1,0,2,545.0,25,8,56.82,106,20.0,0.71,1.0
561.0,9,pa_3_rev,NEG_E1,20.0,4,80.0,4,100.0,66.67,2,2,0,1,545.0,25,8,56.82,106,20.0,0.86,1.0
561.0,9,pa_6,E5,25.0,5,100.0,4,80.0,0.0,0,0,1,3,545.0,25,8,56.82,106,25.0,0.5,0.8
561.0,9,pa_6_rev,NEG_E5,25.0,5,0.0,0,0.0,0.0,0,0,5,3,545.0,25,8,56.82,106,0.0,0.0,0.0
561.0,9,pa_7,E6,20.0,4,0.0,0,0.0,0.0,0,0,4,2,545.0,25,8,56.82,106,0.0,0.0,0.0
561.0,9,pa_7_rev,NEG_E6,20.0,4,80.0,4,100.0,0.0,0,0,0,2,545.0,25,8,56.82,106,20.0,0.67,1.0
561.0,9,pa_8,E7,25.0,5,0.0,0,0.0,0.0,0,0,5,3,545.0,25,8,56.82,106,0.0,0.0,0.0
561.0,9,pa_8_rev,NEG_E7,25.0,5,125.0,5,100.0,100.0,3,3,0,0,545.0,25,8,56.82,106,25.0,1.0,1.0
562.0,9,pa_2,E0,20.0,4,80.0,4,100.0,66.67,2,2,0,1,545.0,25,8,56.82,106,20.0,0.86,1.0
562.0,9,pa_2_rev,NEG_E0,20.0,4,0.0,0,0.0,0.0,0,0,4,3,545.0,25,8,56.82,106,0.0,0.0,0.0
562.0,9,pa_3,E1,20.0,4,80.0,4,100.0,33.33,1,1,0,2,545.0,25,8,56.82,106,20.0,0.71,1.0
562.0,9,pa_3_rev,NEG_E1,20.0,4,80.0,4,100.0,66.67,2,2,0,1,545.0,25,8,56.82,106,20.0,0.86,1.0
562.0,9,pa_6,E5,25.0,5,100.0,4,80.0,0.0,0,0,1,3,545.0,25,8,56.82,106,25.0,0.5,0.8
562.0,9,pa_6_rev,NEG_E5,25.0,5,0.0,0,0.0,0.0,0,0,5,3,545.0,25,8,56.82,106,0.0,0.0,0.0
562.0,9,pa_7,E6,20.0,4,0.0,0,0.0,0.0,0,0,4,2,545.0,25,8,56.82,106,0.0,0.0,0.0
562.0,9,pa_7_rev,NEG_E6,20.0,4,80.0,4,100.0,0.0,0,0,0,2,545.0,25,8,56.82,106,20.0,0.67,1.0
562.0,9,pa_8,E7,25.0,5,0.0,0,0.0,0.0,0,0,5,3,545.0,25,8,56.82,106,0.0,0.0,0.0
562.0,9,pa_8_rev,NEG_E7,25.0,5,125.0,5,100.0,100.0,3,3,0,0,545.0,25,8,56.82,106,25.0,1.0,1.0
563.0,9,pa_2,E0,20.0,4,80.0,4,100.0,66.67,2,2,0,1,545.0,25,8,56.82,106,20.0,0.86,1.0
563.0,9,pa_2_rev,NEG_E0,20.0,4,0.0,0,0.0,0.0,0,0,4,3,545.0,25,8,56.82,106,0.0,0.0,0.0
563.0,9,pa_3,E1,20.0,4,80.0,4,100.0,33.33,1,1,0,2,545.0,25,8,56.82,106,20.0,0.71,1.0
563.0,9,pa_3_rev,NEG_E1,20.0,4,80.0,4,100.0,66.67,2,2,0,1,545.0,25,8,56.82,106,20.0,0.86,1.0
563.0,9,pa_6,E5,25.0,5,100.0,4,80.0,0.0,0,0,1,3,545.0,25,8,56.82,106,25.0,0.5,0.8
563.0,9,pa_6_rev,NEG_E5,25.0,5,0.0,0,0.0,0.0,0,0,5,3,545.0,25,8,56.82,106,0.0,0.0,0.0
563.0,9,pa_7,E6,20.0,4,0.0,0,0.0,0.0,0,0,4,2,545.0,25,8,56.82,106,0.0,0.0,0.0
563.0,9,pa_7_rev,NEG_E6,20.0,4,80.0,4,100.0,0.0,0,0,0,2,545.0,25,8,56.82,106,20.0,0.67,1.0
563.0,9,pa_8,E7,25.0,5,0.0,0,0.0,0.0,0,0,5,3,545.0,25,8,56.82,106,0.0,0.0,0.0
563.0,9,pa_8_rev,NEG_E7,25.0,5,125.0,5,100.0,100.0,3,3,0,0,545.0,25,8,56.82,106,25.0,1.0,1.0
564.0,9,pa_2,E0,20.0,4,80.0,4,100.0,66.67,2,2,0,1,545.0,25,8,56.82,106,20.0,0.86,1.0
564.0,9,pa_2_rev,NEG_E0,20.0,4,0.0,0,0.0,0.0,0,0,4,3,545.0,25,8,56.82,106,0.0,0.0,0.0
564.0,9,pa_3,E1,20.0,4,80.0,4,100.0,33.33,1,1,0,2,545.0,25,8,56.82,106,20.0,0.71,1.0
564.0,9,pa_3_rev,NEG_E1,20.0,4,80.0,4,100.0,66.67,2,2,0,1,545.0,25,8,56.82,106,20.0,0.86,1.0
564.0,9,pa_6,E5,25.0,5,100.0,4,80.0,0.0,0,0,1,3,545.0,25,8,56.82,106,25.0,0.5,0.8
564.0,9,pa_6_rev,NEG_E5,25.0,5,0.0,0,0.0,0.0,0,0,5,3,545.0,25,8,56.82,106,0.0,0.0,0.0
564.0,9,pa_7,E6,20.0,4,0.0,0,0.0,0.0,0,0,4,2,545.0,25,8,56.82,106,0.0,0.0,0.0
564.0,9,pa_7_rev,NEG_E6,20.0,4,80.0,4,100.0,0.0,0,0,0,2,545.0,25,8,56.82,106,20.0,0.67,1.0
564.0,9,pa_8,E7,25.0,5,0.0,0,0.0,0.0,0,0,5,3,545.0,25,8,56.82,106,0.0,0.0,0.0
564.0,9,pa_8_rev,NEG_E7,25.0,5,125.0,5,100.0,100.0,3,3,0,0,545.0,25,8,56.82,106,25.0,1.0,1.0
565.0,9,pa_2,E0,20.0,4,80.0,4,100.0,66.67,2,2,0,1,545.0,25,8,56.82,106,20.0,0.86,1.0
565.0,9,pa_2_rev,NEG_E0,20.0,4,0.0,0,0.0,0.0,0,0,4,3,545.0,25,8,56.82,106,0.0,0.0,0.0
565.0,9,pa_3,E1,20.0,4,80.0,4,100.0,33.33,1,1,0,2,545.0,25,8,56.82,106,20.0,0.71,1.0
565.0,9,pa_3_rev,NEG_E1,20.0,4,80.0,4,100.0,66.67,2,2,0,1,545.0,25,8,56.82,106,20.0,0.86,1.0
565.0,9,pa_6,E5,25.0,5,100.0,4,80.0,0.0,0,0,1,3,545.0,25,8,56.82,106,25.0,0.5,0.8
565.0,9,pa_6_rev,NEG_E5,25.0,5,0.0,0,0.0,0.0,0,0,5,3,545.0,25,8,56.82,106,0.0,0.0,0.0
565.0,9,pa_7,E6,20.0,4,0.0,0,0.0,0.0,0,0,4,2,545.0,25,8,56.82,106,0.0,0.0,0.0
565.0,9,pa_7_rev,NEG_E6,20.0,4,80.0,4,100.0,0.0,0,0,0,2,545.0,25,8,56.82,106,20.0,0.67,1.0
565.0,9,pa_8,E7,25.0,5,0.0,0,0.0,0.0,0,0,5,3,545.0,25,8,56.82,106,0.0,0.0,0.0
565.0,9,pa_8_rev,NEG_E7,25.0,5,125.0,5,100.0,100.0,3,3,0,0,545.0,25,8,56.82,106,25.0,1.0,1.0
566.0,9,pa_2,E0,20.0,4,80.0,4,100.0,66.67,2,2,0,1,545.0,25,8,56.82,106,20.0,0.86,1.0
566.0,9,pa_2_rev,NEG_E0,20.0,4,0.0,0,0.0,0.0,0,0,4,3,545.0,25,8,56.82,106,0.0,0.0,0.0
566.0,9,pa_3,E1,20.0,4,80.0,4,100.0,33.33,1,1,0,2,545.0,25,8,56.82,106,20.0,0.71,1.0
566.0,9,pa_3_rev,NEG_E1,20.0,4,80.0,4,100.0,66.67,2,2,0,1,545.0,25,8,56.82,106,20.0,0.86,1.0
566.0,9,pa_6,E5,25.0,5,100.0,4,80.0,0.0,0,0,1,3,545.0,25,8,56.82,106,25.0,0.5,0.8
566.0,9,pa_6_rev,NEG_E5,25.0,5,0.0,0,0.0,0.0,0,0,5,3,545.0,25,8,56.82,106,0.0,0.0,0.0
566.0,9,pa_7,E6,20.0,4,0.0,0,0.0,0.0,0,0,4,2,545.0,25,8,56.82,106,0.0,0.0,0.0
566.0,9,pa_7_rev,NEG_E6,20.0,4,80.0,4,100.0,0.0,0,0,0,2,545.0,25,8,56.82,106,20.0,0.67,1.0
566.0,9,pa_8,E7,25.0,5,0.0,0,0.0,0.0,0,0,5,3,545.0,25,8,56.82,106,0.0,0.0,0.0
566.0,9,pa_8_rev,NEG_E7,25.0,5,125.0,5,100.0,100.0,3,3,0,0,545.0,25,8,56.82,106,25.0,1.0,1.0
567.0,9,pa_2,E0,20.0,4,80.0,4,100.0,66.67,2,2,0,1,545.0,25,8,56.82,106,20.0,0.86,1.0
567.0,9,pa_2_rev,NEG_E0,20.0,4,0.0,0,0.0,0.0,0,0,4,3,545.0,25,8,56.82,106,0.0,0.0,0.0
567.0,9,pa_3,E1,20.0,4,80.0,4,100.0,33.33,1,1,0,2,545.0,25,8,56.82,106,20.0,0.71,1.0
567.0,9,pa_3_rev,NEG_E1,20.0,4,80.0,4,100.0,66.67,2,2,0,1,545.0,25,8,56.82,106,20.0,0.86,1.0
567.0,9,pa_6,E5,25.0,5,100.0,4,80.0,0.0,0,0,1,3,545.0,25,8,56.82,106,25.0,0.5,0.8
567.0,9,pa_6_rev,NEG_E5,25.0,5,0.0,0,0.0,0.0,0,0,5,3,545.0,25,8,56.82,106,0.0,0.0,0.0
567.0,9,pa_7,E6,20.0,4,0.0,0,0.0,0.0,0,0,4,2,545.0,25,8,56.82,106,0.0,0.0,0.0
567.0,9,pa_7_rev,NEG_E6,20.0,4,80.0,4,100.0,0.0,0,0,0,2,545.0,25,8,56.82,106,20.0,0.67,1.0
567.0,9,pa_8,E7,25.0,5,0.0,0,0.0,0.0,0,0,5,3,545.0,25,8,56.82,106,0.0,0.0,0.0
567.0,9,pa_8_rev,NEG_E7,25.0,5,125.0,5,100.0,100.0,3,3,0,0,545.0,25,8,56.82,106,25.0,1.0,1.0
568.0,9,pa_2,E0,20.0,4,80.0,4,100.0,66.67,2,2,0,1,545.0,25,8,56.82,106,20.0,0.86,1.0
568.0,9,pa_2_rev,NEG_E0,20.0,4,0.0,0,0.0,0.0,0,0,4,3,545.0,25,8,56.82,106,0.0,0.0,0.0
568.0,9,pa_3,E1,20.0,4,80.0,4,100.0,33.33,1,1,0,2,545.0,25,8,56.82,106,20.0,0.71,1.0
568.0,9,pa_3_rev,NEG_E1,20.0,4,80.0,4,100.0,66.67,2,2,0,1,545.0,25,8,56.82,106,20.0,0.86,1.0
568.0,9,pa_6,E5,25.0,5,100.0,4,80.0,0.0,0,0,1,3,545.0,25,8,56.82,106,25.0,0.5,0.8
568.0,9,pa_6_rev,NEG_E5,25.0,5,0.0,0,0.0,0.0,0,0,5,3,545.0,25,8,56.82,106,0.0,0.0,0.0
568.0,9,pa_7,E6,20.0,4,0.0,0,0.0,0.0,0,0,4,2,545.0,25,8,56.82,106,0.0,0.0,0.0
568.0,9,pa_7_rev,NEG_E6,20.0,4,80.0,4,100.0,0.0,0,0,0,2,545.0,25,8,56.82,106,20.0,0.67,1.0
568.0,9,pa_8,E7,25.0,5,0.0,0,0.0,0.0,0,0,5,3,545.0,25,8,56.82,106,0.0,0.0,0.0
568.0,9,pa_8_rev,NEG_E7,25.0,5,125.0,5,100.0,100.0,3,3,0,0,545.0,25,8,56.82,106,25.0,1.0,1.0
569.0,9,pa_2,E0,20.0,4,80.0,4,100.0,66.67,2,2,0,1,545.0,25,8,56.82,106,20.0,0.86,1.0
569.0,9,pa_2_rev,NEG_E0,20.0,4,0.0,0,0.0,0.0,0,0,4,3,545.0,25,8,56.82,106,0.0,0.0,0.0
569.0,9,pa_3,E1,20.0,4,80.0,4,100.0,33.33,1,1,0,2,545.0,25,8,56.82,106,20.0,0.71,1.0
569.0,9,pa_3_rev,NEG_E1,20.0,4,80.0,4,100.0,66.67,2,2,0,1,545.0,25,8,56.82,106,20.0,0.86,1.0
569.0,9,pa_6,E5,25.0,5,100.0,4,80.0,0.0,0,0,1,3,545.0,25,8,56.82,106,25.0,0.5,0.8
569.0,9,pa_6_rev,NEG_E5,25.0,5,0.0,0,0.0,0.0,0,0,5,3,545.0,25,8,56.82,106,0.0,0.0,0.0
569.0,9,pa_7,E6,20.0,4,0.0,0,0.0,0.0,0,0,4,2,545.0,25,8,56.82,106,0.0,0.0,0.0
569.0,9,pa_7_rev,NEG_E6,20.0,4,80.0,4,100.0,0.0,0,0,0,2,545.0,25,8,56.82,106,20.0,0.67,1.0
569.0,9,pa_8,E7,25.0,5,0.0,0,0.0,0.0,0,0,5,3,545.0,25,8,56.82,106,0.0,0.0,0.0
569.0,9,pa_8_rev,NEG_E7,25.0,5,125.0,5,100.0,100.0,3,3,0,0,545.0,25,8,56.82,106,25.0,1.0,1.0
570.0,9,pa_2,E0,20.0,4,80.0,4,100.0,66.67,2,2,0,1,545.0,25,8,56.82,106,20.0,0.86,1.0
570.0,9,pa_2_rev,NEG_E0,20.0,4,0.0,0,0.0,0.0,0,0,4,3,545.0,25,8,56.82,106,0.0,0.0,0.0
570.0,9,pa_3,E1,20.0,4,80.0,4,100.0,33.33,1,1,0,2,545.0,25,8,56.82,106,20.0,0.71,1.0
570.0,9,pa_3_rev,NEG_E1,20.0,4,80.0,4,100.0,66.67,2,2,0,1,545.0,25,8,56.82,106,20.0,0.86,1.0
570.0,9,pa_6,E5,25.0,5,100.0,4,80.0,0.0,0,0,1,3,545.0,25,8,56.82,106,25.0,0.5,0.8
570.0,9,pa_6_rev,NEG_E5,25.0,5,0.0,0,0.0,0.0,0,0,5,3,545.0,25,8,56.82,106,0.0,0.0,0.0
570.0,9,pa_7,E6,20.0,4,0.0,0,0.0,0.0,0,0,4,2,545.0,25,8,56.82,106,0.0,0.0,0.0
570.0,9,pa_7_rev,NEG_E6,20.0,4,80.0,4,100.0,0.0,0,0,0,2,545.0,25,8,56.82,106,20.0,0.67,1.0
570.0,9,pa_8,E7,25.0,5,0.0,0,0.0,0.0,0,0,5,3,545.0,25,8,56.82,106,0.0,0.0,0.0
570.0,9,pa_8_rev,NEG_E7,25.0,5,125.0,5,100.0,100.0,3,3,0,0,545.0,25,8,56.82,106,25.0,1.0,1.0
571.0,9,pa_2,E0,20.0,4,80.0,4,100.0,66.67,2,2,0,1,545.0,25,8,56.82,107,20.0,0.86,1.0
571.0,9,pa_2_rev,NEG_E0,20.0,4,0.0,0,0.0,0.0,0,0,4,3,545.0,25,8,56.82,107,0.0,0.0,0.0
571.0,9,pa_3,E1,20.0,4,80.0,4,100.0,33.33,1,1,0,2,545.0,25,8,56.82,107,20.0,0.71,1.0
571.0,9,pa_3_rev,NEG_E1,20.0,4,80.0,4,100.0,66.67,2,2,0,1,545.0,25,8,56.82,107,20.0,0.86,1.0
571.0,9,pa_6,E5,25.0,5,100.0,4,80.0,0.0,0,0,1,3,545.0,25,8,56.82,107,25.0,0.5,0.8
571.0,9,pa_6_rev,NEG_E5,25.0,5,0.0,0,0.0,0.0,0,0,5,3,545.0,25,8,56.82,107,0.0,0.0,0.0
571.0,9,pa_7,E6,20.0,4,0.0,0,0.0,0.0,0,0,4,2,545.0,25,8,56.82,107,0.0,0.0,0.0
571.0,9,pa_7_rev,NEG_E6,20.0,4,80.0,4,100.0,0.0,0,0,0,2,545.0,25,8,56.82,107,20.0,0.67,1.0
571.0,9,pa_8,E7,25.0,5,0.0,0,0.0,0.0,0,0,5,3,545.0,25,8,56.82,107,0.0,0.0,0.0
571.0,9,pa_8_rev,NEG_E7,25.0,5,125.0,5,100.0,100.0,3,3,0,0,545.0,25,8,56.82,107,25.0,1.0,1.0
572.0,9,pa_2,E0,20.0,4,80.0,4,100.0,66.67,2,2,0,1,545.0,25,8,56.82,107,20.0,0.86,1.0
572.0,9,pa_2_rev,NEG_E0,20.0,4,0.0,0,0.0,0.0,0,0,4,3,545.0,25,8,56.82,107,0.0,0.0,0.0
572.0,9,pa_3,E1,20.0,4,80.0,4,100.0,33.33,1,1,0,2,545.0,25,8,56.82,107,20.0,0.71,1.0
572.0,9,pa_3_rev,NEG_E1,20.0,4,80.0,4,100.0,66.67,2,2,0,1,545.0,25,8,56.82,107,20.0,0.86,1.0
572.0,9,pa_6,E5,25.0,5,100.0,4,80.0,0.0,0,0,1,3,545.0,25,8,56.82,107,25.0,0.5,0.8
572.0,9,pa_6_rev,NEG_E5,25.0,5,0.0,0,0.0,0.0,0,0,5,3,545.0,25,8,56.82,107,0.0,0.0,0.0
572.0,9,pa_7,E6,20.0,4,0.0,0,0.0,0.0,0,0,4,2,545.0,25,8,56.82,107,0.0,0.0,0.0
572.0,9,pa_7_rev,NEG_E6,20.0,4,80.0,4,100.0,0.0,0,0,0,2,545.0,25,8,56.82,107,20.0,0.67,1.0
572.0,9,pa_8,E7,25.0,5,0.0,0,0.0,0.0,0,0,5,3,545.0,25,8,56.82,107,0.0,0.0,0.0
572.0,9,pa_8_rev,NEG_E7,25.0,5,125.0,5,100.0,100.0,3,3,0,0,545.0,25,8,56.82,107,25.0,1.0,1.0
573.0,9,pa_2,E0,20.0,4,80.0,4,100.0,66.67,2,2,0,1,545.0,25,8,56.82,107,20.0,0.86,1.0
573.0,9,pa_2_rev,NEG_E0,20.0,4,0.0,0,0.0,0.0,0,0,4,3,545.0,25,8,56.82,107,0.0,0.0,0.0
573.0,9,pa_3,E1,20.0,4,80.0,4,100.0,33.33,1,1,0,2,545.0,25,8,56.82,107,20.0,0.71,1.0
573.0,9,pa_3_rev,NEG_E1,20.0,4,80.0,4,100.0,66.67,2,2,0,1,545.0,25,8,56.82,107,20.0,0.86,1.0
573.0,9,pa_6,E5,25.0,5,100.0,4,80.0,0.0,0,0,1,3,545.0,25,8,56.82,107,25.0,0.5,0.8
573.0,9,pa_6_rev,NEG_E5,25.0,5,0.0,0,0.0,0.0,0,0,5,3,545.0,25,8,56.82,107,0.0,0.0,0.0
573.0,9,pa_7,E6,20.0,4,0.0,0,0.0,0.0,0,0,4,2,545.0,25,8,56.82,107,0.0,0.0,0.0
573.0,9,pa_7_rev,NEG_E6,20.0,4,80.0,4,100.0,0.0,0,0,0,2,545.0,25,8,56.82,107,20.0,0.67,1.0
573.0,9,pa_8,E7,25.0,5,0.0,0,0.0,0.0,0,0,5,3,545.0,25,8,56.82,107,0.0,0.0,0.0
573.0,9,pa_8_rev,NEG_E7,25.0,5,125.0,5,100.0,100.0,3,3,0,0,545.0,25,8,56.82,107,25.0,1.0,1.0
574.0,9,pa_2,E0,20.0,4,80.0,4,100.0,66.67,2,2,0,1,545.0,25,8,56.82,107,20.0,0.86,1.0
574.0,9,pa_2_rev,NEG_E0,20.0,4,0.0,0,0.0,0.0,0,0,4,3,545.0,25,8,56.82,107,0.0,0.0,0.0
574.0,9,pa_3,E1,20.0,4,80.0,4,100.0,33.33,1,1,0,2,545.0,25,8,56.82,107,20.0,0.71,1.0
574.0,9,pa_3_rev,NEG_E1,20.0,4,80.0,4,100.0,66.67,2,2,0,1,545.0,25,8,56.82,107,20.0,0.86,1.0
574.0,9,pa_6,E5,25.0,5,100.0,4,80.0,0.0,0,0,1,3,545.0,25,8,56.82,107,25.0,0.5,0.8
574.0,9,pa_6_rev,NEG_E5,25.0,5,0.0,0,0.0,0.0,0,0,5,3,545.0,25,8,56.82,107,0.0,0.0,0.0
574.0,9,pa_7,E6,20.0,4,0.0,0,0.0,0.0,0,0,4,2,545.0,25,8,56.82,107,0.0,0.0,0.0
574.0,9,pa_7_rev,NEG_E6,20.0,4,80.0,4,100.0,0.0,0,0,0,2,545.0,25,8,56.82,107,20.0,0.67,1.0
574.0,9,pa_8,E7,25.0,5,0.0,0,0.0,0.0,0,0,5,3,545.0,25,8,56.82,107,0.0,0.0,0.0
574.0,9,pa_8_rev,NEG_E7,25.0,5,125.0,5,100.0,100.0,3,3,0,0,545.0,25,8,56.82,107,25.0,1.0,1.0
575.0,9,pa_2,E0,20.0,4,80.0,4,100.0,66.67,2,2,0,1,545.0,25,8,56.82,106,20.0,0.86,1.0
575.0,9,pa_2_rev,NEG_E0,20.0,4,0.0,0,0.0,0.0,0,0,4,3,545.0,25,8,56.82,106,0.0,0.0,0.0
575.0,9,pa_3,E1,20.0,4,80.0,4,100.0,33.33,1,1,0,2,545.0,25,8,56.82,106,20.0,0.71,1.0
575.0,9,pa_3_rev,NEG_E1,20.0,4,80.0,4,100.0,66.67,2,2,0,1,545.0,25,8,56.82,106,20.0,0.86,1.0
575.0,9,pa_6,E5,25.0,5,100.0,4,80.0,0.0,0,0,1,3,545.0,25,8,56.82,106,25.0,0.5,0.8
575.0,9,pa_6_rev,NEG_E5,25.0,5,0.0,0,0.0,0.0,0,0,5,3,545.0,25,8,56.82,106,0.0,0.0,0.0
575.0,9,pa_7,E6,20.0,4,0.0,0,0.0,0.0,0,0,4,2,545.0,25,8,56.82,106,0.0,0.0,0.0
575.0,9,pa_7_rev,NEG_E6,20.0,4,80.0,4,100.0,0.0,0,0,0,2,545.0,25,8,56.82,106,20.0,0.67,1.0
575.0,9,pa_8,E7,25.0,5,0.0,0,0.0,0.0,0,0,5,3,545.0,25,8,56.82,106,0.0,0.0,0.0
575.0,9,pa_8_rev,NEG_E7,25.0,5,125.0,5,100.0,100.0,3,3,0,0,545.0,25,8,56.82,106,25.0,1.0,1.0
576.0,9,pa_2,E0,20.0,4,80.0,4,100.0,66.67,2,2,0,1,545.0,25,9,56.82,106,20.0,0.86,1.0
576.0,9,pa_2_rev,NEG_E0,20.0,4,0.0,0,0.0,0.0,0,0,4,3,545.0,25,9,56.82,106,0.0,0.0,0.0
576.0,9,pa_3,E1,20.0,4,80.0,4,100.0,66.67,2,2,0,1,545.0,25,9,56.82,106,20.0,0.86,1.0
576.0,9,pa_3_rev,NEG_E1,20.0,4,80.0,4,100.0,66.67,2,2,0,1,545.0,25,9,56.82,106,20.0,0.86,1.0
576.0,9,pa_6,E5,25.0,5,100.0,4,80.0,0.0,0,0,1,3,545.0,25,9,56.82,106,25.0,0.5,0.8
576.0,9,pa_6_rev,NEG_E5,25.0,5,0.0,0,0.0,0.0,0,0,5,3,545.0,25,9,56.82,106,0.0,0.0,0.0
576.0,9,pa_7,E6,20.0,4,0.0,0,0.0,0.0,0,0,4,2,545.0,25,9,56.82,106,0.0,0.0,0.0
576.0,9,pa_7_rev,NEG_E6,20.0,4,80.0,4,100.0,0.0,0,0,0,2,545.0,25,9,56.82,106,20.0,0.67,1.0
576.0,9,pa_8,E7,25.0,5,0.0,0,0.0,0.0,0,0,5,3,545.0,25,9,56.82,106,0.0,0.0,0.0
576.0,9,pa_8_rev,NEG_E7,25.0,5,125.0,5,100.0,100.0,3,3,0,0,545.0,25,9,56.82,106,25.0,1.0,1.0
577.0,9,pa_2,E0,20.0,4,80.0,4,100.0,66.67,2,2,0,1,545.0,25,10,56.82,106,20.0,0.86,1.0
577.0,9,pa_2_rev,NEG_E0,20.0,4,0.0,0,0.0,0.0,0,0,4,3,545.0,25,10,56.82,106,0.0,0.0,0.0
577.0,9,pa_3,E1,20.0,4,80.0,4,100.0,66.67,2,2,0,1,545.0,25,10,56.82,106,20.0,0.86,1.0
577.0,9,pa_3_rev,NEG_E1,20.0,4,80.0,4,100.0,100.0,3,3,0,0,545.0,25,10,56.82,106,20.0,1.0,1.0
577.0,9,pa_6,E5,25.0,5,100.0,4,80.0,0.0,0,0,1,3,545.0,25,10,56.82,106,25.0,0.5,0.8
577.0,9,pa_6_rev,NEG_E5,25.0,5,0.0,0,0.0,0.0,0,0,5,3,545.0,25,10,56.82,106,0.0,0.0,0.0
577.0,9,pa_7,E6,20.0,4,0.0,0,0.0,0.0,0,0,4,2,545.0,25,10,56.82,106,0.0,0.0,0.0
577.0,9,pa_7_rev,NEG_E6,20.0,4,80.0,4,100.0,0.0,0,0,0,2,545.0,25,10,56.82,106,20.0,0.67,1.0
577.0,9,pa_8,E7,25.0,5,0.0,0,0.0,0.0,0,0,5,3,545.0,25,10,56.82,106,0.0,0.0,0.0
577.0,9,pa_8_rev,NEG_E7,25.0,5,125.0,5,100.0,100.0,3,3,0,0,545.0,25,10,56.82,106,25.0,1.0,1.0
578.0,9,pa_2,E0,20.0,4,80.0,4,100.0,66.67,2,2,0,1,545.0,25,10,56.82,106,20.0,0.86,1.0
578.0,9,pa_2_rev,NEG_E0,20.0,4,0.0,0,0.0,0.0,0,0,4,3,545.0,25,10,56.82,106,0.0,0.0,0.0
578.0,9,pa_3,E1,20.0,4,80.0,4,100.0,66.67,2,2,0,1,545.0,25,10,56.82,106,20.0,0.86,1.0
578.0,9,pa_3_rev,NEG_E1,20.0,4,80.0,4,100.0,100.0,3,3,0,0,545.0,25,10,56.82,106,20.0,1.0,1.0
578.0,9,pa_6,E5,25.0,5,100.0,4,80.0,0.0,0,0,1,3,545.0,25,10,56.82,106,25.0,0.5,0.8
578.0,9,pa_6_rev,NEG_E5,25.0,5,0.0,0,0.0,0.0,0,0,5,3,545.0,25,10,56.82,106,0.0,0.0,0.0
578.0,9,pa_7,E6,20.0,4,0.0,0,0.0,0.0,0,0,4,2,545.0,25,10,56.82,106,0.0,0.0,0.0
578.0,9,pa_7_rev,NEG_E6,20.0,4,80.0,4,100.0,0.0,0,0,0,2,545.0,25,10,56.82,106,20.0,0.67,1.0
578.0,9,pa_8,E7,25.0,5,0.0,0,0.0,0.0,0,0,5,3,545.0,25,10,56.82,106,0.0,0.0,0.0
578.0,9,pa_8_rev,NEG_E7,25.0,5,125.0,5,100.0,100.0,3,3,0,0,545.0,25,10,56.82,106,25.0,1.0,1.0
579.0,9,pa_2,E0,20.0,4,80.0,4,100.0,66.67,2,2,0,1,570.0,26,10,59.09,106,20.0,0.86,1.0
579.0,9,pa_2_rev,NEG_E0,20.0,4,0.0,0,0.0,0.0,0,0,4,3,570.0,26,10,59.09,106,0.0,0.0,0.0
579.0,9,pa_3,E1,20.0,4,80.0,4,100.0,66.67,2,2,0,1,570.0,26,10,59.09,106,20.0,0.86,1.0
579.0,9,pa_3_rev,NEG_E1,20.0,4,80.0,4,100.0,100.0,3,3,0,0,570.0,26,10,59.09,106,20.0,1.0,1.0
579.0,9,pa_6,E5,25.0,5,125.0,5,100.0,0.0,0,0,0,3,570.0,26,10,59.09,106,25.0,0.62,1.0
579.0,9,pa_6_rev,NEG_E5,25.0,5,0.0,0,0.0,0.0,0,0,5,3,570.0,26,10,59.09,106,0.0,0.0,0.0
579.0,9,pa_7,E6,20.0,4,0.0,0,0.0,0.0,0,0,4,2,570.0,26,10,59.09,106,0.0,0.0,0.0
579.0,9,pa_7_rev,NEG_E6,20.0,4,80.0,4,100.0,0.0,0,0,0,2,570.0,26,10,59.09,106,20.0,0.67,1.0
579.0,9,pa_8,E7,25.0,5,0.0,0,0.0,0.0,0,0,5,3,570.0,26,10,59.09,106,0.0,0.0,0.0
579.0,9,pa_8_rev,NEG_E7,25.0,5,125.0,5,100.0,100.0,3,3,0,0,570.0,26,10,59.09,106,25.0,1.0,1.0
580.0,9,pa_2,E0,20.0,4,80.0,4,100.0,66.67,2,2,0,1,570.0,26,10,59.09,106,20.0,0.86,1.0
580.0,9,pa_2_rev,NEG_E0,20.0,4,0.0,0,0.0,0.0,0,0,4,3,570.0,26,10,59.09,106,0.0,0.0,0.0
580.0,9,pa_3,E1,20.0,4,80.0,4,100.0,66.67,2,2,0,1,570.0,26,10,59.09,106,20.0,0.86,1.0
580.0,9,pa_3_rev,NEG_E1,20.0,4,80.0,4,100.0,100.0,3,3,0,0,570.0,26,10,59.09,106,20.0,1.0,1.0
580.0,9,pa_6,E5,25.0,5,125.0,5,100.0,0.0,0,0,0,3,570.0,26,10,59.09,106,25.0,0.62,1.0
580.0,9,pa_6_rev,NEG_E5,25.0,5,0.0,0,0.0,0.0,0,0,5,3,570.0,26,10,59.09,106,0.0,0.0,0.0
580.0,9,pa_7,E6,20.0,4,0.0,0,0.0,0.0,0,0,4,2,570.0,26,10,59.09,106,0.0,0.0,0.0
580.0,9,pa_7_rev,NEG_E6,20.0,4,80.0,4,100.0,0.0,0,0,0,2,570.0,26,10,59.09,106,20.0,0.67,1.0
580.0,9,pa_8,E7,25.0,5,0.0,0,0.0,0.0,0,0,5,3,570.0,26,10,59.09,106,0.0,0.0,0.0
580.0,9,pa_8_rev,NEG_E7,25.0,5,125.0,5,100.0,100.0,3,3,0,0,570.0,26,10,59.09,106,25.0,1.0,1.0
581.0,9,pa_2,E0,20.0,4,80.0,4,100.0,66.67,2,2,0,1,570.0,26,10,59.09,107,20.0,0.86,1.0
581.0,9,pa_2_rev,NEG_E0,20.0,4,0.0,0,0.0,0.0,0,0,4,3,570.0,26,10,59.09,107,0.0,0.0,0.0
581.0,9,pa_3,E1,20.0,4,80.0,4,100.0,66.67,2,2,0,1,570.0,26,10,59.09,107,20.0,0.86,1.0
581.0,9,pa_3_rev,NEG_E1,20.0,4,80.0,4,100.0,100.0,3,3,0,0,570.0,26,10,59.09,107,20.0,1.0,1.0
581.0,9,pa_6,E5,25.0,5,125.0,5,100.0,0.0,0,0,0,3,570.0,26,10,59.09,107,25.0,0.62,1.0
581.0,9,pa_6_rev,NEG_E5,25.0,5,0.0,0,0.0,0.0,0,0,5,3,570.0,26,10,59.09,107,0.0,0.0,0.0
581.0,9,pa_7,E6,20.0,4,0.0,0,0.0,0.0,0,0,4,2,570.0,26,10,59.09,107,0.0,0.0,0.0
581.0,9,pa_7_rev,NEG_E6,20.0,4,80.0,4,100.0,0.0,0,0,0,2,570.0,26,10,59.09,107,20.0,0.67,1.0
581.0,9,pa_8,E7,25.0,5,0.0,0,0.0,0.0,0,0,5,3,570.0,26,10,59.09,107,0.0,0.0,0.0
581.0,9,pa_8_rev,NEG_E7,25.0,5,125.0,5,100.0,100.0,3,3,0,0,570.0,26,10,59.09,107,25.0,1.0,1.0
582.0,9,pa_2,E0,20.0,4,80.0,4,100.0,66.67,2,2,0,1,570.0,26,10,59.09,107,20.0,0.86,1.0
582.0,9,pa_2_rev,NEG_E0,20.0,4,0.0,0,0.0,0.0,0,0,4,3,570.0,26,10,59.09,107,0.0,0.0,0.0
582.0,9,pa_3,E1,20.0,4,80.0,4,100.0,66.67,2,2,0,1,570.0,26,10,59.09,107,20.0,0.86,1.0
582.0,9,pa_3_rev,NEG_E1,20.0,4,80.0,4,100.0,100.0,3,3,0,0,570.0,26,10,59.09,107,20.0,1.0,1.0
582.0,9,pa_6,E5,25.0,5,125.0,5,100.0,0.0,0,0,0,3,570.0,26,10,59.09,107,25.0,0.62,1.0
582.0,9,pa_6_rev,NEG_E5,25.0,5,0.0,0,0.0,0.0,0,0,5,3,570.0,26,10,59.09,107,0.0,0.0,0.0
582.0,9,pa_7,E6,20.0,4,0.0,0,0.0,0.0,0,0,4,2,570.0,26,10,59.09,107,0.0,0.0,0.0
582.0,9,pa_7_rev,NEG_E6,20.0,4,80.0,4,100.0,0.0,0,0,0,2,570.0,26,10,59.09,107,20.0,0.67,1.0
582.0,9,pa_8,E7,25.0,5,0.0,0,0.0,0.0,0,0,5,3,570.0,26,10,59.09,107,0.0,0.0,0.0
582.0,9,pa_8_rev,NEG_E7,25.0,5,125.0,5,100.0,100.0,3,3,0,0,570.0,26,10,59.09,107,25.0,1.0,1.0
583.0,9,pa_2,E0,20.0,4,80.0,4,100.0,66.67,2,2,0,1,570.0,26,10,59.09,107,20.0,0.86,1.0
583.0,9,pa_2_rev,NEG_E0,20.0,4,0.0,0,0.0,0.0,0,0,4,3,570.0,26,10,59.09,107,0.0,0.0,0.0
583.0,9,pa_3,E1,20.0,4,80.0,4,100.0,66.67,2,2,0,1,570.0,26,10,59.09,107,20.0,0.86,1.0
583.0,9,pa_3_rev,NEG_E1,20.0,4,80.0,4,100.0,100.0,3,3,0,0,570.0,26,10,59.09,107,20.0,1.0,1.0
583.0,9,pa_6,E5,25.0,5,125.0,5,100.0,0.0,0,0,0,3,570.0,26,10,59.09,107,25.0,0.62,1.0
583.0,9,pa_6_rev,NEG_E5,25.0,5,0.0,0,0.0,0.0,0,0,5,3,570.0,26,10,59.09,107,0.0,0.0,0.0
583.0,9,pa_7,E6,20.0,4,0.0,0,0.0,0.0,0,0,4,2,570.0,26,10,59.09,107,0.0,0.0,0.0
583.0,9,pa_7_rev,NEG_E6,20.0,4,80.0,4,100.0,0.0,0,0,0,2,570.0,26,10,59.09,107,20.0,0.67,1.0
583.0,9,pa_8,E7,25.0,5,0.0,0,0.0,0.0,0,0,5,3,570.0,26,10,59.09,107,0.0,0.0,0.0
583.0,9,pa_8_rev,NEG_E7,25.0,5,125.0,5,100.0,100.0,3,3,0,0,570.0,26,10,59.09,107,25.0,1.0,1.0
584.0,9,pa_2,E0,20.0,4,80.0,4,100.0,66.67,2,2,0,1,570.0,26,10,59.09,107,20.0,0.86,1.0
584.0,9,pa_2_rev,NEG_E0,20.0,4,0.0,0,0.0,0.0,0,0,4,3,570.0,26,10,59.09,107,0.0,0.0,0.0
584.0,9,pa_3,E1,20.0,4,80.0,4,100.0,66.67,2,2,0,1,570.0,26,10,59.09,107,20.0,0.86,1.0
584.0,9,pa_3_rev,NEG_E1,20.0,4,80.0,4,100.0,100.0,3,3,0,0,570.0,26,10,59.09,107,20.0,1.0,1.0
584.0,9,pa_6,E5,25.0,5,125.0,5,100.0,0.0,0,0,0,3,570.0,26,10,59.09,107,25.0,0.62,1.0
584.0,9,pa_6_rev,NEG_E5,25.0,5,0.0,0,0.0,0.0,0,0,5,3,570.0,26,10,59.09,107,0.0,0.0,0.0
584.0,9,pa_7,E6,20.0,4,0.0,0,0.0,0.0,0,0,4,2,570.0,26,10,59.09,107,0.0,0.0,0.0
584.0,9,pa_7_rev,NEG_E6,20.0,4,80.0,4,100.0,0.0,0,0,0,2,570.0,26,10,59.09,107,20.0,0.67,1.0
584.0,9,pa_8,E7,25.0,5,0.0,0,0.0,0.0,0,0,5,3,570.0,26,10,59.09,107,0.0,0.0,0.0
584.0,9,pa_8_rev,NEG_E7,25.0,5,125.0,5,100.0,100.0,3,3,0,0,570.0,26,10,59.09,107,25.0,1.0,1.0
585.0,9,pa_2,E0,20.0,4,80.0,4,100.0,66.67,2,2,0,1,570.0,26,10,59.09,107,20.0,0.86,1.0
585.0,9,pa_2_rev,NEG_E0,20.0,4,0.0,0,0.0,0.0,0,0,4,3,570.0,26,10,59.09,107,0.0,0.0,0.0
585.0,9,pa_3,E1,20.0,4,80.0,4,100.0,66.67,2,2,0,1,570.0,26,10,59.09,107,20.0,0.86,1.0
585.0,9,pa_3_rev,NEG_E1,20.0,4,80.0,4,100.0,100.0,3,3,0,0,570.0,26,10,59.09,107,20.0,1.0,1.0
585.0,9,pa_6,E5,25.0,5,125.0,5,100.0,0.0,0,0,0,3,570.0,26,10,59.09,107,25.0,0.62,1.0
585.0,9,pa_6_rev,NEG_E5,25.0,5,0.0,0,0.0,0.0,0,0,5,3,570.0,26,10,59.09,107,0.0,0.0,0.0
585.0,9,pa_7,E6,20.0,4,0.0,0,0.0,0.0,0,0,4,2,570.0,26,10,59.09,107,0.0,0.0,0.0
585.0,9,pa_7_rev,NEG_E6,20.0,4,80.0,4,100.0,0.0,0,0,0,2,570.0,26,10,59.09,107,20.0,0.67,1.0
585.0,9,pa_8,E7,25.0,5,0.0,0,0.0,0.0,0,0,5,3,570.0,26,10,59.09,107,0.0,0.0,0.0
585.0,9,pa_8_rev,NEG_E7,25.0,5,125.0,5,100.0,100.0,3,3,0,0,570.0,26,10,59.09,107,25.0,1.0,1.0
586.0,9,pa_2,E0,20.0,4,80.0,4,100.0,66.67,2,2,0,1,570.0,26,10,59.09,108,20.0,0.86,1.0
586.0,9,pa_2_rev,NEG_E0,20.0,4,0.0,0,0.0,0.0,0,0,4,3,570.0,26,10,59.09,108,0.0,0.0,0.0
586.0,9,pa_3,E1,20.0,4,80.0,4,100.0,66.67,2,2,0,1,570.0,26,10,59.09,108,20.0,0.86,1.0
586.0,9,pa_3_rev,NEG_E1,20.0,4,80.0,4,100.0,100.0,3,3,0,0,570.0,26,10,59.09,108,20.0,1.0,1.0
586.0,9,pa_6,E5,25.0,5,125.0,5,100.0,0.0,0,0,0,3,570.0,26,10,59.09,108,25.0,0.62,1.0
586.0,9,pa_6_rev,NEG_E5,25.0,5,0.0,0,0.0,0.0,0,0,5,3,570.0,26,10,59.09,108,0.0,0.0,0.0
586.0,9,pa_7,E6,20.0,4,0.0,0,0.0,0.0,0,0,4,2,570.0,26,10,59.09,108,0.0,0.0,0.0
586.0,9,pa_7_rev,NEG_E6,20.0,4,80.0,4,100.0,0.0,0,0,0,2,570.0,26,10,59.09,108,20.0,0.67,1.0
586.0,9,pa_8,E7,25.0,5,0.0,0,0.0,0.0,0,0,5,3,570.0,26,10,59.09,108,0.0,0.0,0.0
586.0,9,pa_8_rev,NEG_E7,25.0,5,125.0,5,100.0,100.0,3,3,0,0,570.0,26,10,59.09,108,25.0,1.0,1.0
587.0,9,pa_2,E0,20.0,4,80.0,4,100.0,66.67,2,2,0,1,570.0,26,11,59.09,108,20.0,0.86,1.0
587.0,9,pa_2_rev,NEG_E0,20.0,4,0.0,0,0.0,0.0,0,0,4,3,570.0,26,11,59.09,108,0.0,0.0,0.0
587.0,9,pa_3,E1,20.0,4,80.0,4,100.0,100.0,3,3,0,0,570.0,26,11,59.09,108,20.0,1.0,1.0
587.0,9,pa_3_rev,NEG_E1,20.0,4,80.0,4,100.0,100.0,3,3,0,0,570.0,26,11,59.09,108,20.0,1.0,1.0
587.0,9,pa_6,E5,25.0,5,125.0,5,100.0,0.0,0,0,0,3,570.0,26,11,59.09,108,25.0,0.62,1.0
587.0,9,pa_6_rev,NEG_E5,25.0,5,0.0,0,0.0,0.0,0,0,5,3,570.0,26,11,59.09,108,0.0,0.0,0.0
587.0,9,pa_7,E6,20.0,4,0.0,0,0.0,0.0,0,0,4,2,570.0,26,11,59.09,108,0.0,0.0,0.0
587.0,9,pa_7_rev,NEG_E6,20.0,4,80.0,4,100.0,0.0,0,0,0,2,570.0,26,11,59.09,108,20.0,0.67,1.0
587.0,9,pa_8,E7,25.0,5,0.0,0,0.0,0.0,0,0,5,3,570.0,26,11,59.09,108,0.0,0.0,0.0
587.0,9,pa_8_rev,NEG_E7,25.0,5,125.0,5,100.0,100.0,3,3,0,0,570.0,26,11,59.09,108,25.0,1.0,1.0
588.0,9,pa_2,E0,20.0,4,80.0,4,100.0,66.67,2,2,0,1,570.0,26,11,59.09,108,20.0,0.86,1.0
588.0,9,pa_2_rev,NEG_E0,20.0,4,0.0,0,0.0,0.0,0,0,4,3,570.0,26,11,59.09,108,0.0,0.0,0.0
588.0,9,pa_3,E1,20.0,4,80.0,4,100.0,100.0,3,3,0,0,570.0,26,11,59.09,108,20.0,1.0,1.0
588.0,9,pa_3_rev,NEG_E1,20.0,4,80.0,4,100.0,100.0,3,3,0,0,570.0,26,11,59.09,108,20.0,1.0,1.0
588.0,9,pa_6,E5,25.0,5,125.0,5,100.0,0.0,0,0,0,3,570.0,26,11,59.09,108,25.0,0.62,1.0
588.0,9,pa_6_rev,NEG_E5,25.0,5,0.0,0,0.0,0.0,0,0,5,3,570.0,26,11,59.09,108,0.0,0.0,0.0
588.0,9,pa_7,E6,20.0,4,0.0,0,0.0,0.0,0,0,4,2,570.0,26,11,59.09,108,0.0,0.0,0.0
588.0,9,pa_7_rev,NEG_E6,20.0,4,80.0,4,100.0,0.0,0,0,0,2,570.0,26,11,59.09,108,20.0,0.67,1.0
588.0,9,pa_8,E7,25.0,5,0.0,0,0.0,0.0,0,0,5,3,570.0,26,11,59.09,108,0.0,0.0,0.0
588.0,9,pa_8_rev,NEG_E7,25.0,5,125.0,5,100.0,100.0,3,3,0,0,570.0,26,11,59.09,108,25.0,1.0,1.0
589.0,9,pa_2,E0,20.0,4,80.0,4,100.0,66.67,2,2,0,1,570.0,26,11,59.09,109,20.0,0.86,1.0
589.0,9,pa_2_rev,NEG_E0,20.0,4,0.0,0,0.0,0.0,0,0,4,3,570.0,26,11,59.09,109,0.0,0.0,0.0
589.0,9,pa_3,E1,20.0,4,80.0,4,100.0,100.0,3,3,0,0,570.0,26,11,59.09,109,20.0,1.0,1.0
589.0,9,pa_3_rev,NEG_E1,20.0,4,80.0,4,100.0,100.0,3,3,0,0,570.0,26,11,59.09,109,20.0,1.0,1.0
589.0,9,pa_6,E5,25.0,5,125.0,5,100.0,0.0,0,0,0,3,570.0,26,11,59.09,109,25.0,0.62,1.0
589.0,9,pa_6_rev,NEG_E5,25.0,5,0.0,0,0.0,0.0,0,0,5,3,570.0,26,11,59.09,109,0.0,0.0,0.0
589.0,9,pa_7,E6,20.0,4,0.0,0,0.0,0.0,0,0,4,2,570.0,26,11,59.09,109,0.0,0.0,0.0
589.0,9,pa_7_rev,NEG_E6,20.0,4,80.0,4,100.0,0.0,0,0,0,2,570.0,26,11,59.09,109,20.0,0.67,1.0
589.0,9,pa_8,E7,25.0,5,0.0,0,0.0,0.0,0,0,5,3,570.0,26,11,59.09,109,0.0,0.0,0.0
589.0,9,pa_8_rev,NEG_E7,25.0,5,125.0,5,100.0,100.0,3,3,0,0,570.0,26,11,59.09,109,25.0,1.0,1.0
590.0,9,pa_2,E0,20.0,4,80.0,4,100.0,66.67,2,2,0,1,570.0,26,11,59.09,109,20.0,0.86,1.0
590.0,9,pa_2_rev,NEG_E0,20.0,4,0.0,0,0.0,0.0,0,0,4,3,570.0,26,11,59.09,109,0.0,0.0,0.0
590.0,9,pa_3,E1,20.0,4,80.0,4,100.0,100.0,3,3,0,0,570.0,26,11,59.09,109,20.0,1.0,1.0
590.0,9,pa_3_rev,NEG_E1,20.0,4,80.0,4,100.0,100.0,3,3,0,0,570.0,26,11,59.09,109,20.0,1.0,1.0
590.0,9,pa_6,E5,25.0,5,125.0,5,100.0,0.0,0,0,0,3,570.0,26,11,59.09,109,25.0,0.62,1.0
590.0,9,pa_6_rev,NEG_E5,25.0,5,0.0,0,0.0,0.0,0,0,5,3,570.0,26,11,59.09,109,0.0,0.0,0.0
590.0,9,pa_7,E6,20.0,4,0.0,0,0.0,0.0,0,0,4,2,570.0,26,11,59.09,109,0.0,0.0,0.0
590.0,9,pa_7_rev,NEG_E6,20.0,4,80.0,4,100.0,0.0,0,0,0,2,570.0,26,11,59.09,109,20.0,0.67,1.0
590.0,9,pa_8,E7,25.0,5,0.0,0,0.0,0.0,0,0,5,3,570.0,26,11,59.09,109,0.0,0.0,0.0
590.0,9,pa_8_rev,NEG_E7,25.0,5,125.0,5,100.0,100.0,3,3,0,0,570.0,26,11,59.09,109,25.0,1.0,1.0
591.0,9,pa_2,E0,20.0,4,80.0,4,100.0,66.67,2,2,0,1,570.0,26,11,59.09,109,20.0,0.86,1.0
591.0,9,pa_2_rev,NEG_E0,20.0,4,0.0,0,0.0,0.0,0,0,4,3,570.0,26,11,59.09,109,0.0,0.0,0.0
591.0,9,pa_3,E1,20.0,4,80.0,4,100.0,100.0,3,3,0,0,570.0,26,11,59.09,109,20.0,1.0,1.0
591.0,9,pa_3_rev,NEG_E1,20.0,4,80.0,4,100.0,100.0,3,3,0,0,570.0,26,11,59.09,109,20.0,1.0,1.0
591.0,9,pa_6,E5,25.0,5,125.0,5,100.0,0.0,0,0,0,3,570.0,26,11,59.09,109,25.0,0.62,1.0
591.0,9,pa_6_rev,NEG_E5,25.0,5,0.0,0,0.0,0.0,0,0,5,3,570.0,26,11,59.09,109,0.0,0.0,0.0
591.0,9,pa_7,E6,20.0,4,0.0,0,0.0,0.0,0,0,4,2,570.0,26,11,59.09,109,0.0,0.0,0.0
591.0,9,pa_7_rev,NEG_E6,20.0,4,80.0,4,100.0,0.0,0,0,0,2,570.0,26,11,59.09,109,20.0,0.67,1.0
591.0,9,pa_8,E7,25.0,5,0.0,0,0.0,0.0,0,0,5,3,570.0,26,11,59.09,109,0.0,0.0,0.0
591.0,9,pa_8_rev,NEG_E7,25.0,5,125.0,5,100.0,100.0,3,3,0,0,570.0,26,11,59.09,109,25.0,1.0,1.0
592.0,9,pa_2,E0,20.0,4,80.0,4,100.0,66.67,2,2,0,1,570.0,26,11,59.09,109,20.0,0.86,1.0
592.0,9,pa_2_rev,NEG_E0,20.0,4,0.0,0,0.0,0.0,0,0,4,3,570.0,26,11,59.09,109,0.0,0.0,0.0
592.0,9,pa_3,E1,20.0,4,80.0,4,100.0,100.0,3,3,0,0,570.0,26,11,59.09,109,20.0,1.0,1.0
592.0,9,pa_3_rev,NEG_E1,20.0,4,80.0,4,100.0,100.0,3,3,0,0,570.0,26,11,59.09,109,20.0,1.0,1.0
592.0,9,pa_6,E5,25.0,5,125.0,5,100.0,0.0,0,0,0,3,570.0,26,11,59.09,109,25.0,0.62,1.0
592.0,9,pa_6_rev,NEG_E5,25.0,5,0.0,0,0.0,0.0,0,0,5,3,570.0,26,11,59.09,109,0.0,0.0,0.0
592.0,9,pa_7,E6,20.0,4,0.0,0,0.0,0.0,0,0,4,2,570.0,26,11,59.09,109,0.0,0.0,0.0
592.0,9,pa_7_rev,NEG_E6,20.0,4,80.0,4,100.0,0.0,0,0,0,2,570.0,26,11,59.09,109,20.0,0.67,1.0
592.0,9,pa_8,E7,25.0,5,0.0,0,0.0,0.0,0,0,5,3,570.0,26,11,59.09,109,0.0,0.0,0.0
592.0,9,pa_8_rev,NEG_E7,25.0,5,125.0,5,100.0,100.0,3,3,0,0,570.0,26,11,59.09,109,25.0,1.0,1.0
593.0,9,pa_2,E0,20.0,4,80.0,4,100.0,66.67,2,2,0,1,570.0,26,11,59.09,109,20.0,0.86,1.0
593.0,9,pa_2_rev,NEG_E0,20.0,4,0.0,0,0.0,0.0,0,0,4,3,570.0,26,11,59.09,109,0.0,0.0,0.0
593.0,9,pa_3,E1,20.0,4,80.0,4,100.0,100.0,3,3,0,0,570.0,26,11,59.09,109,20.0,1.0,1.0
593.0,9,pa_3_rev,NEG_E1,20.0,4,80.0,4,100.0,100.0,3,3,0,0,570.0,26,11,59.09,109,20.0,1.0,1.0
593.0,9,pa_6,E5,25.0,5,125.0,5,100.0,0.0,0,0,0,3,570.0,26,11,59.09,109,25.0,0.62,1.0
593.0,9,pa_6_rev,NEG_E5,25.0,5,0.0,0,0.0,0.0,0,0,5,3,570.0,26,11,59.09,109,0.0,0.0,0.0
593.0,9,pa_7,E6,20.0,4,0.0,0,0.0,0.0,0,0,4,2,570.0,26,11,59.09,109,0.0,0.0,0.0
593.0,9,pa_7_rev,NEG_E6,20.0,4,80.0,4,100.0,0.0,0,0,0,2,570.0,26,11,59.09,109,20.0,0.67,1.0
593.0,9,pa_8,E7,25.0,5,0.0,0,0.0,0.0,0,0,5,3,570.0,26,11,59.09,109,0.0,0.0,0.0
593.0,9,pa_8_rev,NEG_E7,25.0,5,125.0,5,100.0,100.0,3,3,0,0,570.0,26,11,59.09,109,25.0,1.0,1.0
594.0,9,pa_2,E0,20.0,4,80.0,4,100.0,66.67,2,2,0,1,570.0,26,11,59.09,109,20.0,0.86,1.0
594.0,9,pa_2_rev,NEG_E0,20.0,4,0.0,0,0.0,0.0,0,0,4,3,570.0,26,11,59.09,109,0.0,0.0,0.0
594.0,9,pa_3,E1,20.0,4,80.0,4,100.0,100.0,3,3,0,0,570.0,26,11,59.09,109,20.0,1.0,1.0
594.0,9,pa_3_rev,NEG_E1,20.0,4,80.0,4,100.0,100.0,3,3,0,0,570.0,26,11,59.09,109,20.0,1.0,1.0
594.0,9,pa_6,E5,25.0,5,125.0,5,100.0,0.0,0,0,0,3,570.0,26,11,59.09,109,25.0,0.62,1.0
594.0,9,pa_6_rev,NEG_E5,25.0,5,0.0,0,0.0,0.0,0,0,5,3,570.0,26,11,59.09,109,0.0,0.0,0.0
594.0,9,pa_7,E6,20.0,4,0.0,0,0.0,0.0,0,0,4,2,570.0,26,11,59.09,109,0.0,0.0,0.0
594.0,9,pa_7_rev,NEG_E6,20.0,4,80.0,4,100.0,0.0,0,0,0,2,570.0,26,11,59.09,109,20.0,0.67,1.0
594.0,9,pa_8,E7,25.0,5,0.0,0,0.0,0.0,0,0,5,3,570.0,26,11,59.09,109,0.0,0.0,0.0
594.0,9,pa_8_rev,NEG_E7,25.0,5,125.0,5,100.0,100.0,3,3,0,0,570.0,26,11,59.09,109,25.0,1.0,1.0
595.0,9,pa_2,E0,20.0,4,80.0,4,100.0,66.67,2,2,0,1,570.0,26,11,59.09,109,20.0,0.86,1.0
595.0,9,pa_2_rev,NEG_E0,20.0,4,0.0,0,0.0,0.0,0,0,4,3,570.0,26,11,59.09,109,0.0,0.0,0.0
595.0,9,pa_3,E1,20.0,4,80.0,4,100.0,100.0,3,3,0,0,570.0,26,11,59.09,109,20.0,1.0,1.0
595.0,9,pa_3_rev,NEG_E1,20.0,4,80.0,4,100.0,100.0,3,3,0,0,570.0,26,11,59.09,109,20.0,1.0,1.0
595.0,9,pa_6,E5,25.0,5,125.0,5,100.0,0.0,0,0,0,3,570.0,26,11,59.09,109,25.0,0.62,1.0
595.0,9,pa_6_rev,NEG_E5,25.0,5,0.0,0,0.0,0.0,0,0,5,3,570.0,26,11,59.09,109,0.0,0.0,0.0
595.0,9,pa_7,E6,20.0,4,0.0,0,0.0,0.0,0,0,4,2,570.0,26,11,59.09,109,0.0,0.0,0.0
595.0,9,pa_7_rev,NEG_E6,20.0,4,80.0,4,100.0,0.0,0,0,0,2,570.0,26,11,59.09,109,20.0,0.67,1.0
595.0,9,pa_8,E7,25.0,5,0.0,0,0.0,0.0,0,0,5,3,570.0,26,11,59.09,109,0.0,0.0,0.0
595.0,9,pa_8_rev,NEG_E7,25.0,5,125.0,5,100.0,100.0,3,3,0,0,570.0,26,11,59.09,109,25.0,1.0,1.0
596.0,9,pa_2,E0,20.0,4,80.0,4,100.0,66.67,2,2,0,1,570.0,26,13,59.09,109,20.0,0.86,1.0
596.0,9,pa_2_rev,NEG_E0,20.0,4,0.0,0,0.0,0.0,0,0,4,3,570.0,26,13,59.09,109,0.0,0.0,0.0
596.0,9,pa_3,E1,20.0,4,80.0,4,100.0,100.0,3,3,0,0,570.0,26,13,59.09,109,20.0,1.0,1.0
596.0,9,pa_3_rev,NEG_E1,20.0,4,80.0,4,100.0,100.0,3,3,0,0,570.0,26,13,59.09,109,20.0,1.0,1.0
596.0,9,pa_6,E5,25.0,5,125.0,5,100.0,0.0,0,0,0,3,570.0,26,13,59.09,109,25.0,0.62,1.0
596.0,9,pa_6_rev,NEG_E5,25.0,5,0.0,0,0.0,0.0,0,0,5,3,570.0,26,13,59.09,109,0.0,0.0,0.0
596.0,9,pa_7,E6,20.0,4,0.0,0,0.0,0.0,0,0,4,2,570.0,26,13,59.09,109,0.0,0.0,0.0
596.0,9,pa_7_rev,NEG_E6,20.0,4,80.0,4,100.0,100.0,2,2,0,0,570.0,26,13,59.09,109,20.0,1.0,1.0
596.0,9,pa_8,E7,25.0,5,0.0,0,0.0,0.0,0,0,5,3,570.0,26,13,59.09,109,0.0,0.0,0.0
596.0,9,pa_8_rev,NEG_E7,25.0,5,125.0,5,100.0,100.0,3,3,0,0,570.0,26,13,59.09,109,25.0,1.0,1.0
597.0,9,pa_2,E0,20.0,4,80.0,4,100.0,66.67,2,2,0,1,570.0,26,13,59.09,109,20.0,0.86,1.0
597.0,9,pa_2_rev,NEG_E0,20.0,4,0.0,0,0.0,0.0,0,0,4,3,570.0,26,13,59.09,109,0.0,0.0,0.0
597.0,9,pa_3,E1,20.0,4,80.0,4,100.0,100.0,3,3,0,0,570.0,26,13,59.09,109,20.0,1.0,1.0
597.0,9,pa_3_rev,NEG_E1,20.0,4,80.0,4,100.0,100.0,3,3,0,0,570.0,26,13,59.09,109,20.0,1.0,1.0
597.0,9,pa_6,E5,25.0,5,125.0,5,100.0,0.0,0,0,0,3,570.0,26,13,59.09,109,25.0,0.62,1.0
597.0,9,pa_6_rev,NEG_E5,25.0,5,0.0,0,0.0,0.0,0,0,5,3,570.0,26,13,59.09,109,0.0,0.0,0.0
597.0,9,pa_7,E6,20.0,4,0.0,0,0.0,0.0,0,0,4,2,570.0,26,13,59.09,109,0.0,0.0,0.0
597.0,9,pa_7_rev,NEG_E6,20.0,4,80.0,4,100.0,100.0,2,2,0,0,570.0,26,13,59.09,109,20.0,1.0,1.0
597.0,9,pa_8,E7,25.0,5,0.0,0,0.0,0.0,0,0,5,3,570.0,26,13,59.09,109,0.0,0.0,0.0
597.0,9,pa_8_rev,NEG_E7,25.0,5,125.0,5,100.0,100.0,3,3,0,0,570.0,26,13,59.09,109,25.0,1.0,1.0
598.0,9,pa_2,E0,20.0,4,80.0,4,100.0,66.67,2,2,0,1,570.0,26,13,59.09,109,20.0,0.86,1.0
598.0,9,pa_2_rev,NEG_E0,20.0,4,0.0,0,0.0,0.0,0,0,4,3,570.0,26,13,59.09,109,0.0,0.0,0.0
598.0,9,pa_3,E1,20.0,4,80.0,4,100.0,100.0,3,3,0,0,570.0,26,13,59.09,109,20.0,1.0,1.0
598.0,9,pa_3_rev,NEG_E1,20.0,4,80.0,4,100.0,100.0,3,3,0,0,570.0,26,13,59.09,109,20.0,1.0,1.0
598.0,9,pa_6,E5,25.0,5,125.0,5,100.0,0.0,0,0,0,3,570.0,26,13,59.09,109,25.0,0.62,1.0
598.0,9,pa_6_rev,NEG_E5,25.0,5,0.0,0,0.0,0.0,0,0,5,3,570.0,26,13,59.09,109,0.0,0.0,0.0
598.0,9,pa_7,E6,20.0,4,0.0,0,0.0,0.0,0,0,4,2,570.0,26,13,59.09,109,0.0,0.0,0.0
598.0,9,pa_7_rev,NEG_E6,20.0,4,80.0,4,100.0,100.0,2,2,0,0,570.0,26,13,59.09,109,20.0,1.0,1.0
598.0,9,pa_8,E7,25.0,5,0.0,0,0.0,0.0,0,0,5,3,570.0,26,13,59.09,109,0.0,0.0,0.0
598.0,9,pa_8_rev,NEG_E7,25.0,5,125.0,5,100.0,100.0,3,3,0,0,570.0,26,13,59.09,109,25.0,1.0,1.0
599.0,9,pa_2,E0,20.0,4,80.0,4,100.0,66.67,2,2,0,1,570.0,26,13,59.09,109,20.0,0.86,1.0
599.0,9,pa_2_rev,NEG_E0,20.0,4,0.0,0,0.0,0.0,0,0,4,3,570.0,26,13,59.09,109,0.0,0.0,0.0
599.0,9,pa_3,E1,20.0,4,80.0,4,100.0,100.0,3,3,0,0,570.0,26,13,59.09,109,20.0,1.0,1.0
599.0,9,pa_3_rev,NEG_E1,20.0,4,80.0,4,100.0,100.0,3,3,0,0,570.0,26,13,59.09,109,20.0,1.0,1.0
599.0,9,pa_6,E5,25.0,5,125.0,5,100.0,0.0,0,0,0,3,570.0,26,13,59.09,109,25.0,0.62,1.0
599.0,9,pa_6_rev,NEG_E5,25.0,5,0.0,0,0.0,0.0,0,0,5,3,570.0,26,13,59.09,109,0.0,0.0,0.0
599.0,9,pa_7,E6,20.0,4,0.0,0,0.0,0.0,0,0,4,2,570.0,26,13,59.09,109,0.0,0.0,0.0
599.0,9,pa_7_rev,NEG_E6,20.0,4,80.0,4,100.0,100.0,2,2,0,0,570.0,26,13,59.09,109,20.0,1.0,1.0
599.0,9,pa_8,E7,25.0,5,0.0,0,0.0,0.0,0,0,5,3,570.0,26,13,59.09,109,0.0,0.0,0.0
599.0,9,pa_8_rev,NEG_E7,25.0,5,125.0,5,100.0,100.0,3,3,0,0,570.0,26,13,59.09,109,25.0,1.0,1.0
600.0,10,pa_2,E0,20.0,4,80.0,4,100.0,66.67,2,2,0,1,570.0,26,13,59.09,109,20.0,0.86,1.0
600.0,10,pa_2_rev,NEG_E0,20.0,4,0.0,0,0.0,0.0,0,0,4,3,570.0,26,13,59.09,109,0.0,0.0,0.0
600.0,10,pa_3,E1,20.0,4,80.0,4,100.0,100.0,3,3,0,0,570.0,26,13,59.09,109,20.0,1.0,1.0
600.0,10,pa_3_rev,NEG_E1,20.0,4,80.0,4,100.0,100.0,3,3,0,0,570.0,26,13,59.09,109,20.0,1.0,1.0
600.0,10,pa_6,E5,25.0,5,125.0,5,100.0,0.0,0,0,0,3,570.0,26,13,59.09,109,25.0,0.62,1.0
600.0,10,pa_6_rev,NEG_E5,25.0,5,0.0,0,0.0,0.0,0,0,5,3,570.0,26,13,59.09,109,0.0,0.0,0.0
600.0,10,pa_7,E6,20.0,4,0.0,0,0.0,0.0,0,0,4,2,570.0,26,13,59.09,109,0.0,0.0,0.0
600.0,10,pa_7_rev,NEG_E6,20.0,4,80.0,4,100.0,100.0,2,2,0,0,570.0,26,13,59.09,109,20.0,1.0,1.0
600.0,10,pa_8,E7,25.0,5,0.0,0,0.0,0.0,0,0,5,3,570.0,26,13,59.09,109,0.0,0.0,0.0
600.0,10,pa_8_rev,NEG_E7,25.0,5,125.0,5,100.0,100.0,3,3,0,0,570.0,26,13,59.09,109,25.0,1.0,1.0
