timestep_sec,hour_of_day,minute_of_hour,is_peak_hour,is_business_hour,time_period,station_id,station_edge,station_power_capacity_kW,station_charging_slots,station_power_demand_kW,station_vehicles_charging,station_charging_utilization_percent,station_waiting_utilization_percent,station_vehicles_waiting,station_queue_length,station_charging_slots_available,station_waiting_slots_available,system_total_power_demand_kW,system_total_vehicles_charging,system_total_vehicles_waiting,system_charging_utilization_percent,system_total_active_vehicles,load_per_vehicle_kW,congestion_ratio,demand_to_capacity_ratio,station_power_demand_kW_lag1,station_power_demand_kW_lag5,station_vehicles_charging_lag1,station_vehicles_charging_lag5,system_total_power_demand_kW_lag1,system_total_power_demand_kW_lag5,station_power_demand_kW_rolling_avg_5min,station_power_demand_kW_rolling_avg_10min,station_vehicles_charging_rolling_avg_5min,station_vehicles_charging_rolling_avg_10min
1.0,0,0,0,0,night,pa_2,E0,20.0,4,0.0,0,0.0,0.0,0,0,4,3,0.0,0,0,0.0,8,0.0,0.0,0.0,0.0,0.0,0.0,0.0,0.0,0.0,0.0,0.0,0.0,0.0
2.0,0,0,0,0,night,pa_2,E0,20.0,4,0.0,0,0.0,0.0,0,0,4,3,0.0,0,0,0.0,8,0.0,0.0,0.0,0.0,0.0,0.0,0.0,0.0,0.0,0.0,0.0,0.0,0.0
3.0,0,0,0,0,night,pa_2,E0,20.0,4,0.0,0,0.0,0.0,0,0,4,3,0.0,0,0,0.0,12,0.0,0.0,0.0,0.0,0.0,0.0,0.0,0.0,0.0,0.0,0.0,0.0,0.0
4.0,0,0,0,0,night,pa_2,E0,20.0,4,0.0,0,0.0,0.0,0,0,4,3,0.0,0,0,0.0,14,0.0,0.0,0.0,0.0,0.0,0.0,0.0,0.0,0.0,0.0,0.0,0.0,0.0
5.0,0,0,0,0,night,pa_2,E0,20.0,4,0.0,0,0.0,0.0,0,0,4,3,0.0,0,0,0.0,14,0.0,0.0,0.0,0.0,0.0,0.0,0.0,0.0,0.0,0.0,0.0,0.0,0.0
6.0,0,0,0,0,night,pa_2,E0,20.0,4,0.0,0,0.0,0.0,0,0,4,3,0.0,0,0,0.0,16,0.0,0.0,0.0,0.0,0.0,0.0,0.0,0.0,0.0,0.0,0.0,0.0,0.0
7.0,0,0,0,0,night,pa_2,E0,20.0,4,0.0,0,0.0,0.0,0,0,4,3,0.0,0,0,0.0,17,0.0,0.0,0.0,0.0,0.0,0.0,0.0,0.0,0.0,0.0,0.0,0.0,0.0
8.0,0,0,0,0,night,pa_2,E0,20.0,4,0.0,0,0.0,0.0,0,0,4,3,0.0,0,0,0.0,18,0.0,0.0,0.0,0.0,0.0,0.0,0.0,0.0,0.0,0.0,0.0,0.0,0.0
9.0,0,0,0,0,night,pa_2,E0,20.0,4,0.0,0,0.0,0.0,0,0,4,3,0.0,0,0,0.0,18,0.0,0.0,0.0,0.0,0.0,0.0,0.0,0.0,0.0,0.0,0.0,0.0,0.0
10.0,0,0,0,0,night,pa_2,E0,20.0,4,0.0,0,0.0,0.0,0,0,4,3,0.0,0,0,0.0,20,0.0,0.0,0.0,0.0,0.0,0.0,0.0,0.0,0.0,0.0,0.0,0.0,0.0
11.0,0,0,0,0,night,pa_2,E0,20.0,4,0.0,0,0.0,0.0,0,0,4,3,0.0,0,0,0.0,20,0.0,0.0,0.0,0.0,0.0,0.0,0.0,0.0,0.0,0.0,0.0,0.0,0.0
12.0,0,0,0,0,night,pa_2,E0,20.0,4,0.0,0,0.0,0.0,0,0,4,3,0.0,0,0,0.0,20,0.0,0.0,0.0,0.0,0.0,0.0,0.0,0.0,0.0,0.0,0.0,0.0,0.0
13.0,0,0,0,0,night,pa_2,E0,20.0,4,0.0,0,0.0,0.0,0,0,4,3,0.0,0,0,0.0,20,0.0,0.0,0.0,0.0,0.0,0.0,0.0,0.0,0.0,0.0,0.0,0.0,0.0
14.0,0,0,0,0,night,pa_2,E0,20.0,4,0.0,0,0.0,0.0,0,0,4,3,0.0,0,0,0.0,22,0.0,0.0,0.0,0.0,0.0,0.0,0.0,0.0,0.0,0.0,0.0,0.0,0.0
15.0,0,0,0,0,night,pa_2,E0,20.0,4,0.0,0,0.0,0.0,0,0,4,3,0.0,0,0,0.0,22,0.0,0.0,0.0,0.0,0.0,0.0,0.0,0.0,0.0,0.0,0.0,0.0,0.0
16.0,0,0,0,0,night,pa_2,E0,20.0,4,0.0,0,0.0,0.0,0,0,4,3,0.0,0,0,0.0,22,0.0,0.0,0.0,0.0,0.0,0.0,0.0,0.0,0.0,0.0,0.0,0.0,0.0
17.0,0,0,0,0,night,pa_2,E0,20.0,4,0.0,0,0.0,0.0,0,0,4,3,0.0,0,0,0.0,22,0.0,0.0,0.0,0.0,0.0,0.0,0.0,0.0,0.0,0.0,0.0,0.0,0.0
18.0,0,0,0,0,night,pa_2,E0,20.0,4,0.0,0,0.0,0.0,0,0,4,3,0.0,0,0,0.0,24,0.0,0.0,0.0,0.0,0.0,0.0,0.0,0.0,0.0,0.0,0.0,0.0,0.0
19.0,0,0,0,0,night,pa_2,E0,20.0,4,0.0,0,0.0,0.0,0,0,4,3,0.0,0,0,0.0,24,0.0,0.0,0.0,0.0,0.0,0.0,0.0,0.0,0.0,0.0,0.0,0.0,0.0
20.0,0,0,0,0,night,pa_2,E0,20.0,4,0.0,0,0.0,0.0,0,0,4,3,0.0,0,0,0.0,24,0.0,0.0,0.0,0.0,0.0,0.0,0.0,0.0,0.0,0.0,0.0,0.0,0.0
21.0,0,0,0,0,night,pa_2,E0,20.0,4,0.0,0,0.0,0.0,0,0,4,3,0.0,0,0,0.0,24,0.0,0.0,0.0,0.0,0.0,0.0,0.0,0.0,0.0,0.0,0.0,0.0,0.0
22.0,0,0,0,0,night,pa_2,E0,20.0,4,0.0,0,0.0,0.0,0,0,4,3,0.0,0,0,0.0,24,0.0,0.0,0.0,0.0,0.0,0.0,0.0,0.0,0.0,0.0,0.0,0.0,0.0
23.0,0,0,0,0,night,pa_2,E0,20.0,4,0.0,0,0.0,0.0,0,0,4,3,0.0,0,0,0.0,24,0.0,0.0,0.0,0.0,0.0,0.0,0.0,0.0,0.0,0.0,0.0,0.0,0.0
24.0,0,0,0,0,night,pa_2,E0,20.0,4,0.0,0,0.0,0.0,0,0,4,3,0.0,0,0,0.0,24,0.0,0.0,0.0,0.0,0.0,0.0,0.0,0.0,0.0,0.0,0.0,0.0,0.0
25.0,0,0,0,0,night,pa_2,E0,20.0,4,0.0,0,0.0,0.0,0,0,4,3,0.0,0,0,0.0,24,0.0,0.0,0.0,0.0,0.0,0.0,0.0,0.0,0.0,0.0,0.0,0.0,0.0
26.0,0,0,0,0,night,pa_2,E0,20.0,4,0.0,0,0.0,0.0,0,0,4,3,0.0,0,0,0.0,24,0.0,0.0,0.0,0.0,0.0,0.0,0.0,0.0,0.0,0.0,0.0,0.0,0.0
27.0,0,0,0,0,night,pa_2,E0,20.0,4,0.0,0,0.0,0.0,0,0,4,3,0.0,0,0,0.0,24,0.0,0.0,0.0,0.0,0.0,0.0,0.0,0.0,0.0,0.0,0.0,0.0,0.0
28.0,0,0,0,0,night,pa_2,E0,20.0,4,0.0,0,0.0,0.0,0,0,4,3,0.0,0,0,0.0,24,0.0,0.0,0.0,0.0,0.0,0.0,0.0,0.0,0.0,0.0,0.0,0.0,0.0
29.0,0,0,0,0,night,pa_2,E0,20.0,4,0.0,0,0.0,0.0,0,0,4,3,0.0,0,0,0.0,24,0.0,0.0,0.0,0.0,0.0,0.0,0.0,0.0,0.0,0.0,0.0,0.0,0.0
30.0,0,0,0,0,night,pa_2,E0,20.0,4,0.0,0,0.0,0.0,0,0,4,3,0.0,0,0,0.0,24,0.0,0.0,0.0,0.0,0.0,0.0,0.0,0.0,0.0,0.0,0.0,0.0,0.0
31.0,0,0,0,0,night,pa_2,E0,20.0,4,0.0,0,0.0,0.0,0,0,4,3,0.0,0,0,0.0,24,0.0,0.0,0.0,0.0,0.0,0.0,0.0,0.0,0.0,0.0,0.0,0.0,0.0
32.0,0,0,0,0,night,pa_2,E0,20.0,4,0.0,0,0.0,0.0,0,0,4,3,0.0,0,0,0.0,24,0.0,0.0,0.0,0.0,0.0,0.0,0.0,0.0,0.0,0.0,0.0,0.0,0.0
33.0,0,0,0,0,night,pa_2,E0,20.0,4,0.0,0,0.0,0.0,0,0,4,3,0.0,0,0,0.0,24,0.0,0.0,0.0,0.0,0.0,0.0,0.0,0.0,0.0,0.0,0.0,0.0,0.0
34.0,0,0,0,0,night,pa_2,E0,20.0,4,0.0,0,0.0,0.0,0,0,4,3,0.0,0,0,0.0,24,0.0,0.0,0.0,0.0,0.0,0.0,0.0,0.0,0.0,0.0,0.0,0.0,0.0
35.0,0,0,0,0,night,pa_2,E0,20.0,4,0.0,0,0.0,0.0,0,0,4,3,0.0,0,0,0.0,24,0.0,0.0,0.0,0.0,0.0,0.0,0.0,0.0,0.0,0.0,0.0,0.0,0.0
36.0,0,0,0,0,night,pa_2,E0,20.0,4,0.0,0,0.0,0.0,0,0,4,3,0.0,0,0,0.0,24,0.0,0.0,0.0,0.0,0.0,0.0,0.0,0.0,0.0,0.0,0.0,0.0,0.0
37.0,0,0,0,0,night,pa_2,E0,20.0,4,0.0,0,0.0,0.0,0,0,4,3,0.0,0,0,0.0,24,0.0,0.0,0.0,0.0,0.0,0.0,0.0,0.0,0.0,0.0,0.0,0.0,0.0
38.0,0,0,0,0,night,pa_2,E0,20.0,4,0.0,0,0.0,0.0,0,0,4,3,0.0,0,0,0.0,24,0.0,0.0,0.0,0.0,0.0,0.0,0.0,0.0,0.0,0.0,0.0,0.0,0.0
39.0,0,0,0,0,night,pa_2,E0,20.0,4,0.0,0,0.0,0.0,0,0,4,3,0.0,0,0,0.0,24,0.0,0.0,0.0,0.0,0.0,0.0,0.0,0.0,0.0,0.0,0.0,0.0,0.0
40.0,0,0,0,0,night,pa_2,E0,20.0,4,0.0,0,0.0,0.0,0,0,4,3,0.0,0,0,0.0,24,0.0,0.0,0.0,0.0,0.0,0.0,0.0,0.0,0.0,0.0,0.0,0.0,0.0
41.0,0,0,0,0,night,pa_2,E0,20.0,4,0.0,0,0.0,0.0,0,0,4,3,0.0,0,0,0.0,25,0.0,0.0,0.0,0.0,0.0,0.0,0.0,0.0,0.0,0.0,0.0,0.0,0.0
42.0,0,0,0,0,night,pa_2,E0,20.0,4,0.0,0,0.0,0.0,0,0,4,3,0.0,0,0,0.0,25,0.0,0.0,0.0,0.0,0.0,0.0,0.0,0.0,0.0,0.0,0.0,0.0,0.0
43.0,0,0,0,0,night,pa_2,E0,20.0,4,0.0,0,0.0,0.0,0,0,4,3,0.0,0,0,0.0,25,0.0,0.0,0.0,0.0,0.0,0.0,0.0,0.0,0.0,0.0,0.0,0.0,0.0
44.0,0,0,0,0,night,pa_2,E0,20.0,4,0.0,0,0.0,0.0,0,0,4,3,0.0,0,0,0.0,25,0.0,0.0,0.0,0.0,0.0,0.0,0.0,0.0,0.0,0.0,0.0,0.0,0.0
45.0,0,0,0,0,night,pa_2,E0,20.0,4,0.0,0,0.0,0.0,0,0,4,3,0.0,0,0,0.0,25,0.0,0.0,0.0,0.0,0.0,0.0,0.0,0.0,0.0,0.0,0.0,0.0,0.0
46.0,0,0,0,0,night,pa_2,E0,20.0,4,0.0,0,0.0,0.0,0,0,4,3,0.0,0,0,0.0,26,0.0,0.0,0.0,0.0,0.0,0.0,0.0,0.0,0.0,0.0,0.0,0.0,0.0
47.0,0,0,0,0,night,pa_2,E0,20.0,4,0.0,0,0.0,0.0,0,0,4,3,0.0,0,0,0.0,26,0.0,0.0,0.0,0.0,0.0,0.0,0.0,0.0,0.0,0.0,0.0,0.0,0.0
48.0,0,0,0,0,night,pa_2,E0,20.0,4,0.0,0,0.0,0.0,0,0,4,3,0.0,0,0,0.0,26,0.0,0.0,0.0,0.0,0.0,0.0,0.0,0.0,0.0,0.0,0.0,0.0,0.0
49.0,0,0,0,0,night,pa_2,E0,20.0,4,0.0,0,0.0,0.0,0,0,4,3,0.0,0,0,0.0,26,0.0,0.0,0.0,0.0,0.0,0.0,0.0,0.0,0.0,0.0,0.0,0.0,0.0
50.0,0,0,0,0,night,pa_2,E0,20.0,4,0.0,0,0.0,0.0,0,0,4,3,0.0,0,0,0.0,26,0.0,0.0,0.0,0.0,0.0,0.0,0.0,0.0,0.0,0.0,0.0,0.0,0.0
51.0,0,0,0,0,night,pa_2,E0,20.0,4,0.0,0,0.0,0.0,0,0,4,3,0.0,0,0,0.0,26,0.0,0.0,0.0,0.0,0.0,0.0,0.0,0.0,0.0,0.0,0.0,0.0,0.0
52.0,0,0,0,0,night,pa_2,E0,20.0,4,0.0,0,0.0,0.0,0,0,4,3,0.0,0,0,0.0,28,0.0,0.0,0.0,0.0,0.0,0.0,0.0,0.0,0.0,0.0,0.0,0.0,0.0
53.0,0,0,0,0,night,pa_2,E0,20.0,4,0.0,0,0.0,0.0,0,0,4,3,0.0,0,0,0.0,28,0.0,0.0,0.0,0.0,0.0,0.0,0.0,0.0,0.0,0.0,0.0,0.0,0.0
54.0,0,0,0,0,night,pa_2,E0,20.0,4,0.0,0,0.0,0.0,0,0,4,3,0.0,0,0,0.0,28,0.0,0.0,0.0,0.0,0.0,0.0,0.0,0.0,0.0,0.0,0.0,0.0,0.0
55.0,0,0,0,0,night,pa_2,E0,20.0,4,0.0,0,0.0,0.0,0,0,4,3,0.0,0,0,0.0,28,0.0,0.0,0.0,0.0,0.0,0.0,0.0,0.0,0.0,0.0,0.0,0.0,0.0
56.0,0,0,0,0,night,pa_2,E0,20.0,4,0.0,0,0.0,0.0,0,0,4,3,0.0,0,0,0.0,28,0.0,0.0,0.0,0.0,0.0,0.0,0.0,0.0,0.0,0.0,0.0,0.0,0.0
57.0,0,0,0,0,night,pa_2,E0,20.0,4,0.0,0,0.0,0.0,0,0,4,3,0.0,0,0,0.0,28,0.0,0.0,0.0,0.0,0.0,0.0,0.0,0.0,0.0,0.0,0.0,0.0,0.0
58.0,0,0,0,0,night,pa_2,E0,20.0,4,0.0,0,0.0,0.0,0,0,4,3,0.0,0,0,0.0,28,0.0,0.0,0.0,0.0,0.0,0.0,0.0,0.0,0.0,0.0,0.0,0.0,0.0
59.0,0,0,0,0,night,pa_2,E0,20.0,4,0.0,0,0.0,0.0,0,0,4,3,0.0,0,0,0.0,28,0.0,0.0,0.0,0.0,0.0,0.0,0.0,0.0,0.0,0.0,0.0,0.0,0.0
60.0,0,1,0,0,night,pa_2,E0,20.0,4,0.0,0,0.0,0.0,0,0,4,3,0.0,0,0,0.0,28,0.0,0.0,0.0,0.0,0.0,0.0,0.0,0.0,0.0,0.0,0.0,0.0,0.0
61.0,0,1,0,0,night,pa_2,E0,20.0,4,0.0,0,0.0,0.0,0,0,4,3,0.0,0,0,0.0,30,0.0,0.0,0.0,0.0,0.0,0.0,0.0,0.0,0.0,0.0,0.0,0.0,0.0
62.0,0,1,0,0,night,pa_2,E0,20.0,4,0.0,0,0.0,0.0,0,0,4,3,0.0,0,0,0.0,30,0.0,0.0,0.0,0.0,0.0,0.0,0.0,0.0,0.0,0.0,0.0,0.0,0.0
63.0,0,1,0,0,night,pa_2,E0,20.0,4,0.0,0,0.0,0.0,0,0,4,3,0.0,0,0,0.0,30,0.0,0.0,0.0,0.0,0.0,0.0,0.0,0.0,0.0,0.0,0.0,0.0,0.0
64.0,0,1,0,0,night,pa_2,E0,20.0,4,0.0,0,0.0,0.0,0,0,4,3,0.0,0,0,0.0,30,0.0,0.0,0.0,0.0,0.0,0.0,0.0,0.0,0.0,0.0,0.0,0.0,0.0
65.0,0,1,0,0,night,pa_2,E0,20.0,4,0.0,0,0.0,0.0,0,0,4,3,0.0,0,0,0.0,30,0.0,0.0,0.0,0.0,0.0,0.0,0.0,0.0,0.0,0.0,0.0,0.0,0.0
66.0,0,1,0,0,night,pa_2,E0,20.0,4,0.0,0,0.0,0.0,0,0,4,3,0.0,0,0,0.0,30,0.0,0.0,0.0,0.0,0.0,0.0,0.0,0.0,0.0,0.0,0.0,0.0,0.0
67.0,0,1,0,0,night,pa_2,E0,20.0,4,0.0,0,0.0,0.0,0,0,4,3,0.0,0,0,0.0,30,0.0,0.0,0.0,0.0,0.0,0.0,0.0,0.0,0.0,0.0,0.0,0.0,0.0
68.0,0,1,0,0,night,pa_2,E0,20.0,4,0.0,0,0.0,0.0,0,0,4,3,0.0,0,0,0.0,30,0.0,0.0,0.0,0.0,0.0,0.0,0.0,0.0,0.0,0.0,0.0,0.0,0.0
69.0,0,1,0,0,night,pa_2,E0,20.0,4,0.0,0,0.0,0.0,0,0,4,3,0.0,0,0,0.0,30,0.0,0.0,0.0,0.0,0.0,0.0,0.0,0.0,0.0,0.0,0.0,0.0,0.0
70.0,0,1,0,0,night,pa_2,E0,20.0,4,0.0,0,0.0,0.0,0,0,4,3,0.0,0,0,0.0,30,0.0,0.0,0.0,0.0,0.0,0.0,0.0,0.0,0.0,0.0,0.0,0.0,0.0
71.0,0,1,0,0,night,pa_2,E0,20.0,4,0.0,0,0.0,0.0,0,0,4,3,0.0,0,0,0.0,30,0.0,0.0,0.0,0.0,0.0,0.0,0.0,0.0,0.0,0.0,0.0,0.0,0.0
72.0,0,1,0,0,night,pa_2,E0,20.0,4,0.0,0,0.0,0.0,0,0,4,3,0.0,0,0,0.0,30,0.0,0.0,0.0,0.0,0.0,0.0,0.0,0.0,0.0,0.0,0.0,0.0,0.0
73.0,0,1,0,0,night,pa_2,E0,20.0,4,0.0,0,0.0,0.0,0,0,4,3,0.0,0,0,0.0,32,0.0,0.0,0.0,0.0,0.0,0.0,0.0,0.0,0.0,0.0,0.0,0.0,0.0
74.0,0,1,0,0,night,pa_2,E0,20.0,4,0.0,0,0.0,0.0,0,0,4,3,0.0,0,0,0.0,32,0.0,0.0,0.0,0.0,0.0,0.0,0.0,0.0,0.0,0.0,0.0,0.0,0.0
75.0,0,1,0,0,night,pa_2,E0,20.0,4,0.0,0,0.0,0.0,0,0,4,3,0.0,0,0,0.0,32,0.0,0.0,0.0,0.0,0.0,0.0,0.0,0.0,0.0,0.0,0.0,0.0,0.0
76.0,0,1,0,0,night,pa_2,E0,20.0,4,0.0,0,0.0,0.0,0,0,4,3,0.0,0,0,0.0,32,0.0,0.0,0.0,0.0,0.0,0.0,0.0,0.0,0.0,0.0,0.0,0.0,0.0
77.0,0,1,0,0,night,pa_2,E0,20.0,4,0.0,0,0.0,0.0,0,0,4,3,0.0,0,0,0.0,32,0.0,0.0,0.0,0.0,0.0,0.0,0.0,0.0,0.0,0.0,0.0,0.0,0.0
78.0,0,1,0,0,night,pa_2,E0,20.0,4,0.0,0,0.0,0.0,0,0,4,3,0.0,0,0,0.0,32,0.0,0.0,0.0,0.0,0.0,0.0,0.0,0.0,0.0,0.0,0.0,0.0,0.0
79.0,0,1,0,0,night,pa_2,E0,20.0,4,0.0,0,0.0,0.0,0,0,4,3,0.0,0,0,0.0,32,0.0,0.0,0.0,0.0,0.0,0.0,0.0,0.0,0.0,0.0,0.0,0.0,0.0
80.0,0,1,0,0,night,pa_2,E0,20.0,4,0.0,0,0.0,0.0,0,0,4,3,0.0,0,0,0.0,32,0.0,0.0,0.0,0.0,0.0,0.0,0.0,0.0,0.0,0.0,0.0,0.0,0.0
81.0,0,1,0,0,night,pa_2,E0,20.0,4,0.0,0,0.0,0.0,0,0,4,3,0.0,0,0,0.0,34,0.0,0.0,0.0,0.0,0.0,0.0,0.0,0.0,0.0,0.0,0.0,0.0,0.0
82.0,0,1,0,0,night,pa_2,E0,20.0,4,0.0,0,0.0,0.0,0,0,4,3,0.0,0,0,0.0,34,0.0,0.0,0.0,0.0,0.0,0.0,0.0,0.0,0.0,0.0,0.0,0.0,0.0
83.0,0,1,0,0,night,pa_2,E0,20.0,4,0.0,0,0.0,0.0,0,0,4,3,0.0,0,0,0.0,34,0.0,0.0,0.0,0.0,0.0,0.0,0.0,0.0,0.0,0.0,0.0,0.0,0.0
84.0,0,1,0,0,night,pa_2,E0,20.0,4,0.0,0,0.0,0.0,0,0,4,3,0.0,0,0,0.0,34,0.0,0.0,0.0,0.0,0.0,0.0,0.0,0.0,0.0,0.0,0.0,0.0,0.0
85.0,0,1,0,0,night,pa_2,E0,20.0,4,0.0,0,0.0,0.0,0,0,4,3,0.0,0,0,0.0,34,0.0,0.0,0.0,0.0,0.0,0.0,0.0,0.0,0.0,0.0,0.0,0.0,0.0
86.0,0,1,0,0,night,pa_2,E0,20.0,4,0.0,0,0.0,0.0,0,0,4,3,0.0,0,0,0.0,34,0.0,0.0,0.0,0.0,0.0,0.0,0.0,0.0,0.0,0.0,0.0,0.0,0.0
87.0,0,1,0,0,night,pa_2,E0,20.0,4,0.0,0,0.0,0.0,0,0,4,3,0.0,0,0,0.0,34,0.0,0.0,0.0,0.0,0.0,0.0,0.0,0.0,0.0,0.0,0.0,0.0,0.0
88.0,0,1,0,0,night,pa_2,E0,20.0,4,0.0,0,0.0,0.0,0,0,4,3,0.0,0,0,0.0,34,0.0,0.0,0.0,0.0,0.0,0.0,0.0,0.0,0.0,0.0,0.0,0.0,0.0
89.0,0,1,0,0,night,pa_2,E0,20.0,4,0.0,0,0.0,0.0,0,0,4,3,0.0,0,0,0.0,34,0.0,0.0,0.0,0.0,0.0,0.0,0.0,0.0,0.0,0.0,0.0,0.0,0.0
90.0,0,1,0,0,night,pa_2,E0,20.0,4,0.0,0,0.0,0.0,0,0,4,3,0.0,0,0,0.0,34,0.0,0.0,0.0,0.0,0.0,0.0,0.0,0.0,0.0,0.0,0.0,0.0,0.0
91.0,0,1,0,0,night,pa_2,E0,20.0,4,0.0,0,0.0,0.0,0,0,4,3,0.0,0,0,0.0,35,0.0,0.0,0.0,0.0,0.0,0.0,0.0,0.0,0.0,0.0,0.0,0.0,0.0
92.0,0,1,0,0,night,pa_2,E0,20.0,4,0.0,0,0.0,0.0,0,0,4,3,0.0,0,0,0.0,35,0.0,0.0,0.0,0.0,0.0,0.0,0.0,0.0,0.0,0.0,0.0,0.0,0.0
93.0,0,1,0,0,night,pa_2,E0,20.0,4,0.0,0,0.0,0.0,0,0,4,3,0.0,0,0,0.0,36,0.0,0.0,0.0,0.0,0.0,0.0,0.0,0.0,0.0,0.0,0.0,0.0,0.0
94.0,0,1,0,0,night,pa_2,E0,20.0,4,0.0,0,0.0,0.0,0,0,4,3,0.0,0,0,0.0,36,0.0,0.0,0.0,0.0,0.0,0.0,0.0,0.0,0.0,0.0,0.0,0.0,0.0
95.0,0,1,0,0,night,pa_2,E0,20.0,4,0.0,0,0.0,0.0,0,0,4,3,0.0,0,0,0.0,36,0.0,0.0,0.0,0.0,0.0,0.0,0.0,0.0,0.0,0.0,0.0,0.0,0.0
96.0,0,1,0,0,night,pa_2,E0,20.0,4,0.0,0,0.0,0.0,0,0,4,3,0.0,0,0,0.0,36,0.0,0.0,0.0,0.0,0.0,0.0,0.0,0.0,0.0,0.0,0.0,0.0,0.0
97.0,0,1,0,0,night,pa_2,E0,20.0,4,0.0,0,0.0,0.0,0,0,4,3,0.0,0,0,0.0,36,0.0,0.0,0.0,0.0,0.0,0.0,0.0,0.0,0.0,0.0,0.0,0.0,0.0
98.0,0,1,0,0,night,pa_2,E0,20.0,4,0.0,0,0.0,0.0,0,0,4,3,0.0,0,0,0.0,36,0.0,0.0,0.0,0.0,0.0,0.0,0.0,0.0,0.0,0.0,0.0,0.0,0.0
99.0,0,1,0,0,night,pa_2,E0,20.0,4,0.0,0,0.0,0.0,0,0,4,3,0.0,0,0,0.0,36,0.0,0.0,0.0,0.0,0.0,0.0,0.0,0.0,0.0,0.0,0.0,0.0,0.0
100.0,0,1,0,0,night,pa_2,E0,20.0,4,0.0,0,0.0,0.0,0,0,4,3,0.0,0,0,0.0,36,0.0,0.0,0.0,0.0,0.0,0.0,0.0,0.0,0.0,0.0,0.0,0.0,0.0
101.0,0,1,0,0,night,pa_2,E0,20.0,4,0.0,0,0.0,0.0,0,0,4,3,0.0,0,0,0.0,36,0.0,0.0,0.0,0.0,0.0,0.0,0.0,0.0,0.0,0.0,0.0,0.0,0.0
102.0,0,1,0,0,night,pa_2,E0,20.0,4,0.0,0,0.0,0.0,0,0,4,3,0.0,0,0,0.0,36,0.0,0.0,0.0,0.0,0.0,0.0,0.0,0.0,0.0,0.0,0.0,0.0,0.0
103.0,0,1,0,0,night,pa_2,E0,20.0,4,0.0,0,0.0,0.0,0,0,4,3,0.0,0,0,0.0,41,0.0,0.0,0.0,0.0,0.0,0.0,0.0,0.0,0.0,0.0,0.0,0.0,0.0
104.0,0,1,0,0,night,pa_2,E0,20.0,4,0.0,0,0.0,0.0,0,0,4,3,0.0,0,0,0.0,41,0.0,0.0,0.0,0.0,0.0,0.0,0.0,0.0,0.0,0.0,0.0,0.0,0.0
105.0,0,1,0,0,night,pa_2,E0,20.0,4,0.0,0,0.0,0.0,0,0,4,3,0.0,0,0,0.0,41,0.0,0.0,0.0,0.0,0.0,0.0,0.0,0.0,0.0,0.0,0.0,0.0,0.0
106.0,0,1,0,0,night,pa_2,E0,20.0,4,0.0,0,0.0,0.0,0,0,4,3,0.0,0,0,0.0,41,0.0,0.0,0.0,0.0,0.0,0.0,0.0,0.0,0.0,0.0,0.0,0.0,0.0
107.0,0,1,0,0,night,pa_2,E0,20.0,4,0.0,0,0.0,0.0,0,0,4,3,0.0,0,0,0.0,41,0.0,0.0,0.0,0.0,0.0,0.0,0.0,0.0,0.0,0.0,0.0,0.0,0.0
108.0,0,1,0,0,night,pa_2,E0,20.0,4,0.0,0,0.0,0.0,0,0,4,3,0.0,0,0,0.0,41,0.0,0.0,0.0,0.0,0.0,0.0,0.0,0.0,0.0,0.0,0.0,0.0,0.0
109.0,0,1,0,0,night,pa_2,E0,20.0,4,0.0,0,0.0,0.0,0,0,4,3,0.0,0,0,0.0,41,0.0,0.0,0.0,0.0,0.0,0.0,0.0,0.0,0.0,0.0,0.0,0.0,0.0
110.0,0,1,0,0,night,pa_2,E0,20.0,4,0.0,0,0.0,0.0,0,0,4,3,0.0,0,0,0.0,41,0.0,0.0,0.0,0.0,0.0,0.0,0.0,0.0,0.0,0.0,0.0,0.0,0.0
111.0,0,1,0,0,night,pa_2,E0,20.0,4,0.0,0,0.0,0.0,0,0,4,3,0.0,0,0,0.0,41,0.0,0.0,0.0,0.0,0.0,0.0,0.0,0.0,0.0,0.0,0.0,0.0,0.0
112.0,0,1,0,0,night,pa_2,E0,20.0,4,0.0,0,0.0,0.0,0,0,4,3,0.0,0,0,0.0,41,0.0,0.0,0.0,0.0,0.0,0.0,0.0,0.0,0.0,0.0,0.0,0.0,0.0
113.0,0,1,0,0,night,pa_2,E0,20.0,4,0.0,0,0.0,0.0,0,0,4,3,0.0,0,0,0.0,41,0.0,0.0,0.0,0.0,0.0,0.0,0.0,0.0,0.0,0.0,0.0,0.0,0.0
114.0,0,1,0,0,night,pa_2,E0,20.0,4,0.0,0,0.0,0.0,0,0,4,3,0.0,0,0,0.0,41,0.0,0.0,0.0,0.0,0.0,0.0,0.0,0.0,0.0,0.0,0.0,0.0,0.0
115.0,0,1,0,0,night,pa_2,E0,20.0,4,0.0,0,0.0,0.0,0,0,4,3,0.0,0,0,0.0,41,0.0,0.0,0.0,0.0,0.0,0.0,0.0,0.0,0.0,0.0,0.0,0.0,0.0
116.0,0,1,0,0,night,pa_2,E0,20.0,4,0.0,0,0.0,0.0,0,0,4,3,0.0,0,0,0.0,41,0.0,0.0,0.0,0.0,0.0,0.0,0.0,0.0,0.0,0.0,0.0,0.0,0.0
117.0,0,1,0,0,night,pa_2,E0,20.0,4,0.0,0,0.0,0.0,0,0,4,3,0.0,0,0,0.0,41,0.0,0.0,0.0,0.0,0.0,0.0,0.0,0.0,0.0,0.0,0.0,0.0,0.0
118.0,0,1,0,0,night,pa_2,E0,20.0,4,0.0,0,0.0,0.0,0,0,4,3,0.0,0,0,0.0,41,0.0,0.0,0.0,0.0,0.0,0.0,0.0,0.0,0.0,0.0,0.0,0.0,0.0
119.0,0,1,0,0,night,pa_2,E0,20.0,4,0.0,0,0.0,0.0,0,0,4,3,0.0,0,0,0.0,41,0.0,0.0,0.0,0.0,0.0,0.0,0.0,0.0,0.0,0.0,0.0,0.0,0.0
120.0,0,2,0,0,night,pa_2,E0,20.0,4,0.0,0,0.0,0.0,0,0,4,3,0.0,0,0,0.0,41,0.0,0.0,0.0,0.0,0.0,0.0,0.0,0.0,0.0,0.0,0.0,0.0,0.0
121.0,0,2,0,0,night,pa_2,E0,20.0,4,0.0,0,0.0,0.0,0,0,4,3,0.0,0,0,0.0,44,0.0,0.0,0.0,0.0,0.0,0.0,0.0,0.0,0.0,0.0,0.0,0.0,0.0
122.0,0,2,0,0,night,pa_2,E0,20.0,4,0.0,0,0.0,0.0,0,0,4,3,0.0,0,0,0.0,44,0.0,0.0,0.0,0.0,0.0,0.0,0.0,0.0,0.0,0.0,0.0,0.0,0.0
123.0,0,2,0,0,night,pa_2,E0,20.0,4,0.0,0,0.0,0.0,0,0,4,3,0.0,0,0,0.0,46,0.0,0.0,0.0,0.0,0.0,0.0,0.0,0.0,0.0,0.0,0.0,0.0,0.0
124.0,0,2,0,0,night,pa_2,E0,20.0,4,0.0,0,0.0,0.0,0,0,4,3,0.0,0,0,0.0,46,0.0,0.0,0.0,0.0,0.0,0.0,0.0,0.0,0.0,0.0,0.0,0.0,0.0
125.0,0,2,0,0,night,pa_2,E0,20.0,4,0.0,0,0.0,0.0,0,0,4,3,0.0,0,0,0.0,46,0.0,0.0,0.0,0.0,0.0,0.0,0.0,0.0,0.0,0.0,0.0,0.0,0.0
126.0,0,2,0,0,night,pa_2,E0,20.0,4,0.0,0,0.0,0.0,0,0,4,3,0.0,0,0,0.0,46,0.0,0.0,0.0,0.0,0.0,0.0,0.0,0.0,0.0,0.0,0.0,0.0,0.0
127.0,0,2,0,0,night,pa_2,E0,20.0,4,0.0,0,0.0,0.0,0,0,4,3,0.0,0,0,0.0,46,0.0,0.0,0.0,0.0,0.0,0.0,0.0,0.0,0.0,0.0,0.0,0.0,0.0
128.0,0,2,0,0,night,pa_2,E0,20.0,4,0.0,0,0.0,0.0,0,0,4,3,0.0,0,0,0.0,46,0.0,0.0,0.0,0.0,0.0,0.0,0.0,0.0,0.0,0.0,0.0,0.0,0.0
129.0,0,2,0,0,night,pa_2,E0,20.0,4,0.0,0,0.0,0.0,0,0,4,3,0.0,0,0,0.0,46,0.0,0.0,0.0,0.0,0.0,0.0,0.0,0.0,0.0,0.0,0.0,0.0,0.0
130.0,0,2,0,0,night,pa_2,E0,20.0,4,0.0,0,0.0,0.0,0,0,4,3,0.0,0,0,0.0,46,0.0,0.0,0.0,0.0,0.0,0.0,0.0,0.0,0.0,0.0,0.0,0.0,0.0
131.0,0,2,0,0,night,pa_2,E0,20.0,4,0.0,0,0.0,0.0,0,0,4,3,0.0,0,0,0.0,46,0.0,0.0,0.0,0.0,0.0,0.0,0.0,0.0,0.0,0.0,0.0,0.0,0.0
132.0,0,2,0,0,night,pa_2,E0,20.0,4,0.0,0,0.0,0.0,0,0,4,3,0.0,0,0,0.0,46,0.0,0.0,0.0,0.0,0.0,0.0,0.0,0.0,0.0,0.0,0.0,0.0,0.0
133.0,0,2,0,0,night,pa_2,E0,20.0,4,0.0,0,0.0,0.0,0,0,4,3,0.0,0,0,0.0,46,0.0,0.0,0.0,0.0,0.0,0.0,0.0,0.0,0.0,0.0,0.0,0.0,0.0
134.0,0,2,0,0,night,pa_2,E0,20.0,4,0.0,0,0.0,0.0,0,0,4,3,0.0,0,0,0.0,46,0.0,0.0,0.0,0.0,0.0,0.0,0.0,0.0,0.0,0.0,0.0,0.0,0.0
135.0,0,2,0,0,night,pa_2,E0,20.0,4,0.0,0,0.0,0.0,0,0,4,3,0.0,0,0,0.0,46,0.0,0.0,0.0,0.0,0.0,0.0,0.0,0.0,0.0,0.0,0.0,0.0,0.0
136.0,0,2,0,0,night,pa_2,E0,20.0,4,0.0,0,0.0,0.0,0,0,4,3,0.0,0,0,0.0,47,0.0,0.0,0.0,0.0,0.0,0.0,0.0,0.0,0.0,0.0,0.0,0.0,0.0
137.0,0,2,0,0,night,pa_2,E0,20.0,4,0.0,0,0.0,0.0,0,0,4,3,0.0,0,0,0.0,47,0.0,0.0,0.0,0.0,0.0,0.0,0.0,0.0,0.0,0.0,0.0,0.0,0.0
138.0,0,2,0,0,night,pa_2,E0,20.0,4,0.0,0,0.0,0.0,0,0,4,3,0.0,0,0,0.0,47,0.0,0.0,0.0,0.0,0.0,0.0,0.0,0.0,0.0,0.0,0.0,0.0,0.0
139.0,0,2,0,0,night,pa_2,E0,20.0,4,0.0,0,0.0,0.0,0,0,4,3,0.0,0,0,0.0,47,0.0,0.0,0.0,0.0,0.0,0.0,0.0,0.0,0.0,0.0,0.0,0.0,0.0
140.0,0,2,0,0,night,pa_2,E0,20.0,4,0.0,0,0.0,0.0,0,0,4,3,0.0,0,0,0.0,47,0.0,0.0,0.0,0.0,0.0,0.0,0.0,0.0,0.0,0.0,0.0,0.0,0.0
141.0,0,2,0,0,night,pa_2,E0,20.0,4,0.0,0,0.0,0.0,0,0,4,3,0.0,0,0,0.0,47,0.0,0.0,0.0,0.0,0.0,0.0,0.0,0.0,0.0,0.0,0.0,0.0,0.0
142.0,0,2,0,0,night,pa_2,E0,20.0,4,0.0,0,0.0,0.0,0,0,4,3,0.0,0,0,0.0,47,0.0,0.0,0.0,0.0,0.0,0.0,0.0,0.0,0.0,0.0,0.0,0.0,0.0
143.0,0,2,0,0,night,pa_2,E0,20.0,4,0.0,0,0.0,0.0,0,0,4,3,0.0,0,0,0.0,47,0.0,0.0,0.0,0.0,0.0,0.0,0.0,0.0,0.0,0.0,0.0,0.0,0.0
144.0,0,2,0,0,night,pa_2,E0,20.0,4,0.0,0,0.0,0.0,0,0,4,3,0.0,0,0,0.0,47,0.0,0.0,0.0,0.0,0.0,0.0,0.0,0.0,0.0,0.0,0.0,0.0,0.0
145.0,0,2,0,0,night,pa_2,E0,20.0,4,0.0,0,0.0,0.0,0,0,4,3,0.0,0,0,0.0,52,0.0,0.0,0.0,0.0,0.0,0.0,0.0,0.0,0.0,0.0,0.0,0.0,0.0
146.0,0,2,0,0,night,pa_2,E0,20.0,4,0.0,0,0.0,0.0,0,0,4,3,0.0,0,0,0.0,52,0.0,0.0,0.0,0.0,0.0,0.0,0.0,0.0,0.0,0.0,0.0,0.0,0.0
147.0,0,2,0,0,night,pa_2,E0,20.0,4,0.0,0,0.0,0.0,0,0,4,3,0.0,0,0,0.0,52,0.0,0.0,0.0,0.0,0.0,0.0,0.0,0.0,0.0,0.0,0.0,0.0,0.0
148.0,0,2,0,0,night,pa_2,E0,20.0,4,0.0,0,0.0,0.0,0,0,4,3,0.0,0,0,0.0,52,0.0,0.0,0.0,0.0,0.0,0.0,0.0,0.0,0.0,0.0,0.0,0.0,0.0
149.0,0,2,0,0,night,pa_2,E0,20.0,4,0.0,0,0.0,0.0,0,0,4,3,0.0,0,0,0.0,52,0.0,0.0,0.0,0.0,0.0,0.0,0.0,0.0,0.0,0.0,0.0,0.0,0.0
150.0,0,2,0,0,night,pa_2,E0,20.0,4,0.0,0,0.0,0.0,0,0,4,3,0.0,0,0,0.0,52,0.0,0.0,0.0,0.0,0.0,0.0,0.0,0.0,0.0,0.0,0.0,0.0,0.0
151.0,0,2,0,0,night,pa_2,E0,20.0,4,0.0,0,0.0,0.0,0,0,4,3,0.0,0,0,0.0,52,0.0,0.0,0.0,0.0,0.0,0.0,0.0,0.0,0.0,0.0,0.0,0.0,0.0
152.0,0,2,0,0,night,pa_2,E0,20.0,4,0.0,0,0.0,0.0,0,0,4,3,0.0,0,0,0.0,52,0.0,0.0,0.0,0.0,0.0,0.0,0.0,0.0,0.0,0.0,0.0,0.0,0.0
153.0,0,2,0,0,night,pa_2,E0,20.0,4,0.0,0,0.0,0.0,0,0,4,3,0.0,0,0,0.0,52,0.0,0.0,0.0,0.0,0.0,0.0,0.0,0.0,0.0,0.0,0.0,0.0,0.0
154.0,0,2,0,0,night,pa_2,E0,20.0,4,0.0,0,0.0,0.0,0,0,4,3,0.0,0,0,0.0,52,0.0,0.0,0.0,0.0,0.0,0.0,0.0,0.0,0.0,0.0,0.0,0.0,0.0
155.0,0,2,0,0,night,pa_2,E0,20.0,4,0.0,0,0.0,0.0,0,0,4,3,0.0,0,0,0.0,54,0.0,0.0,0.0,0.0,0.0,0.0,0.0,0.0,0.0,0.0,0.0,0.0,0.0
156.0,0,2,0,0,night,pa_2,E0,20.0,4,0.0,0,0.0,0.0,0,0,4,3,0.0,0,0,0.0,54,0.0,0.0,0.0,0.0,0.0,0.0,0.0,0.0,0.0,0.0,0.0,0.0,0.0
157.0,0,2,0,0,night,pa_2,E0,20.0,4,0.0,0,0.0,0.0,0,0,4,3,0.0,0,0,0.0,54,0.0,0.0,0.0,0.0,0.0,0.0,0.0,0.0,0.0,0.0,0.0,0.0,0.0
158.0,0,2,0,0,night,pa_2,E0,20.0,4,0.0,0,0.0,0.0,0,0,4,3,0.0,0,0,0.0,54,0.0,0.0,0.0,0.0,0.0,0.0,0.0,0.0,0.0,0.0,0.0,0.0,0.0
159.0,0,2,0,0,night,pa_2,E0,20.0,4,0.0,0,0.0,0.0,0,0,4,3,0.0,0,0,0.0,54,0.0,0.0,0.0,0.0,0.0,0.0,0.0,0.0,0.0,0.0,0.0,0.0,0.0
160.0,0,2,0,0,night,pa_2,E0,20.0,4,0.0,0,0.0,0.0,0,0,4,3,0.0,0,0,0.0,54,0.0,0.0,0.0,0.0,0.0,0.0,0.0,0.0,0.0,0.0,0.0,0.0,0.0
161.0,0,2,0,0,night,pa_2,E0,20.0,4,0.0,0,0.0,0.0,0,0,4,3,0.0,0,0,0.0,56,0.0,0.0,0.0,0.0,0.0,0.0,0.0,0.0,0.0,0.0,0.0,0.0,0.0
162.0,0,2,0,0,night,pa_2,E0,20.0,4,0.0,0,0.0,0.0,0,0,4,3,0.0,0,0,0.0,56,0.0,0.0,0.0,0.0,0.0,0.0,0.0,0.0,0.0,0.0,0.0,0.0,0.0
163.0,0,2,0,0,night,pa_2,E0,20.0,4,0.0,0,0.0,0.0,0,0,4,3,0.0,0,0,0.0,56,0.0,0.0,0.0,0.0,0.0,0.0,0.0,0.0,0.0,0.0,0.0,0.0,0.0
164.0,0,2,0,0,night,pa_2,E0,20.0,4,0.0,0,0.0,0.0,0,0,4,3,0.0,0,0,0.0,56,0.0,0.0,0.0,0.0,0.0,0.0,0.0,0.0,0.0,0.0,0.0,0.0,0.0
165.0,0,2,0,0,night,pa_2,E0,20.0,4,0.0,0,0.0,0.0,0,0,4,3,0.0,0,0,0.0,56,0.0,0.0,0.0,0.0,0.0,0.0,0.0,0.0,0.0,0.0,0.0,0.0,0.0
166.0,0,2,0,0,night,pa_2,E0,20.0,4,0.0,0,0.0,0.0,0,0,4,3,0.0,0,0,0.0,56,0.0,0.0,0.0,0.0,0.0,0.0,0.0,0.0,0.0,0.0,0.0,0.0,0.0
167.0,0,2,0,0,night,pa_2,E0,20.0,4,0.0,0,0.0,0.0,0,0,4,3,0.0,0,0,0.0,56,0.0,0.0,0.0,0.0,0.0,0.0,0.0,0.0,0.0,0.0,0.0,0.0,0.0
168.0,0,2,0,0,night,pa_2,E0,20.0,4,0.0,0,0.0,0.0,0,0,4,3,0.0,0,0,0.0,56,0.0,0.0,0.0,0.0,0.0,0.0,0.0,0.0,0.0,0.0,0.0,0.0,0.0
169.0,0,2,0,0,night,pa_2,E0,20.0,4,0.0,0,0.0,0.0,0,0,4,3,0.0,0,0,0.0,56,0.0,0.0,0.0,0.0,0.0,0.0,0.0,0.0,0.0,0.0,0.0,0.0,0.0
170.0,0,2,0,0,night,pa_2,E0,20.0,4,0.0,0,0.0,0.0,0,0,4,3,0.0,0,0,0.0,56,0.0,0.0,0.0,0.0,0.0,0.0,0.0,0.0,0.0,0.0,0.0,0.0,0.0
171.0,0,2,0,0,night,pa_2,E0,20.0,4,0.0,0,0.0,0.0,0,0,4,3,0.0,0,0,0.0,56,0.0,0.0,0.0,0.0,0.0,0.0,0.0,0.0,0.0,0.0,0.0,0.0,0.0
172.0,0,2,0,0,night,pa_2,E0,20.0,4,0.0,0,0.0,0.0,0,0,4,3,0.0,0,0,0.0,56,0.0,0.0,0.0,0.0,0.0,0.0,0.0,0.0,0.0,0.0,0.0,0.0,0.0
173.0,0,2,0,0,night,pa_2,E0,20.0,4,0.0,0,0.0,0.0,0,0,4,3,0.0,0,0,0.0,56,0.0,0.0,0.0,0.0,0.0,0.0,0.0,0.0,0.0,0.0,0.0,0.0,0.0
174.0,0,2,0,0,night,pa_2,E0,20.0,4,0.0,0,0.0,0.0,0,0,4,3,0.0,0,0,0.0,56,0.0,0.0,0.0,0.0,0.0,0.0,0.0,0.0,0.0,0.0,0.0,0.0,0.0
175.0,0,2,0,0,night,pa_2,E0,20.0,4,0.0,0,0.0,0.0,0,0,4,3,0.0,0,0,0.0,56,0.0,0.0,0.0,0.0,0.0,0.0,0.0,0.0,0.0,0.0,0.0,0.0,0.0
176.0,0,2,0,0,night,pa_2,E0,20.0,4,0.0,0,0.0,0.0,0,0,4,3,0.0,0,0,0.0,56,0.0,0.0,0.0,0.0,0.0,0.0,0.0,0.0,0.0,0.0,0.0,0.0,0.0
177.0,0,2,0,0,night,pa_2,E0,20.0,4,0.0,0,0.0,0.0,0,0,4,3,0.0,0,0,0.0,56,0.0,0.0,0.0,0.0,0.0,0.0,0.0,0.0,0.0,0.0,0.0,0.0,0.0
178.0,0,2,0,0,night,pa_2,E0,20.0,4,0.0,0,0.0,0.0,0,0,4,3,0.0,0,0,0.0,56,0.0,0.0,0.0,0.0,0.0,0.0,0.0,0.0,0.0,0.0,0.0,0.0,0.0
179.0,0,2,0,0,night,pa_2,E0,20.0,4,0.0,0,0.0,0.0,0,0,4,3,0.0,0,0,0.0,56,0.0,0.0,0.0,0.0,0.0,0.0,0.0,0.0,0.0,0.0,0.0,0.0,0.0
180.0,0,3,0,0,night,pa_2,E0,20.0,4,0.0,0,0.0,0.0,0,0,4,3,0.0,0,0,0.0,56,0.0,0.0,0.0,0.0,0.0,0.0,0.0,0.0,0.0,0.0,0.0,0.0,0.0
181.0,0,3,0,0,night,pa_2,E0,20.0,4,20.0,1,25.0,0.0,0,0,3,3,20.0,1,0,2.27,59,20.0,0.14,0.25,0.0,0.0,0.0,0.0,0.0,0.0,4.0,2.0,0.2,0.1
182.0,0,3,0,0,night,pa_2,E0,20.0,4,20.0,1,25.0,0.0,0,0,3,3,40.0,2,0,4.55,59,20.0,0.14,0.25,20.0,0.0,1.0,0.0,20.0,0.0,8.0,4.0,0.4,0.2
183.0,0,3,0,0,night,pa_2,E0,20.0,4,20.0,1,25.0,0.0,0,0,3,3,60.0,3,0,6.82,61,20.0,0.14,0.25,20.0,0.0,1.0,0.0,40.0,0.0,12.0,6.0,0.6,0.3
184.0,0,3,0,0,night,pa_2,E0,20.0,4,20.0,1,25.0,0.0,0,0,3,3,60.0,3,0,6.82,61,20.0,0.14,0.25,20.0,0.0,1.0,0.0,60.0,0.0,16.0,8.0,0.8,0.4
185.0,0,3,0,0,night,pa_2,E0,20.0,4,20.0,1,25.0,0.0,0,0,3,3,60.0,3,0,6.82,61,20.0,0.14,0.25,20.0,0.0,1.0,0.0,60.0,0.0,20.0,10.0,1.0,0.5
186.0,0,3,0,0,night,pa_2,E0,20.0,4,20.0,1,25.0,0.0,0,0,3,3,60.0,3,0,6.82,62,20.0,0.14,0.25,20.0,20.0,1.0,1.0,60.0,20.0,20.0,12.0,1.0,0.6
187.0,0,3,0,0,night,pa_2,E0,20.0,4,20.0,1,25.0,0.0,0,0,3,3,60.0,3,0,6.82,62,20.0,0.14,0.25,20.0,20.0,1.0,1.0,60.0,40.0,20.0,14.0,1.0,0.7
188.0,0,3,0,0,night,pa_2,E0,20.0,4,20.0,1,25.0,0.0,0,0,3,3,105.0,5,0,11.36,63,20.0,0.14,0.25,20.0,20.0,1.0,1.0,60.0,60.0,20.0,16.0,1.0,0.8
189.0,0,3,0,0,night,pa_2,E0,20.0,4,20.0,1,25.0,0.0,0,0,3,3,150.0,7,0,15.91,63,20.0,0.14,0.25,20.0,20.0,1.0,1.0,105.0,60.0,20.0,18.0,1.0,0.9
190.0,0,3,0,0,night,pa_2,E0,20.0,4,20.0,1,25.0,0.0,0,0,3,3,150.0,7,0,15.91,63,20.0,0.14,0.25,20.0,20.0,1.0,1.0,150.0,60.0,20.0,20.0,1.0,1.0
191.0,0,3,0,0,night,pa_2,E0,20.0,4,20.0,1,25.0,0.0,0,0,3,3,170.0,8,0,18.18,63,20.0,0.14,0.25,20.0,20.0,1.0,1.0,150.0,60.0,20.0,20.0,1.0,1.0
192.0,0,3,0,0,night,pa_2,E0,20.0,4,20.0,1,25.0,0.0,0,0,3,3,170.0,8,0,18.18,63,20.0,0.14,0.25,20.0,20.0,1.0,1.0,170.0,60.0,20.0,20.0,1.0,1.0
193.0,0,3,0,0,night,pa_2,E0,20.0,4,20.0,1,25.0,0.0,0,0,3,3,170.0,8,0,18.18,63,20.0,0.14,0.25,20.0,20.0,1.0,1.0,170.0,105.0,20.0,20.0,1.0,1.0
194.0,0,3,0,0,night,pa_2,E0,20.0,4,20.0,1,25.0,0.0,0,0,3,3,170.0,8,0,18.18,63,20.0,0.14,0.25,20.0,20.0,1.0,1.0,170.0,150.0,20.0,20.0,1.0,1.0
195.0,0,3,0,0,night,pa_2,E0,20.0,4,20.0,1,25.0,0.0,0,0,3,3,170.0,8,0,18.18,63,20.0,0.14,0.25,20.0,20.0,1.0,1.0,170.0,150.0,20.0,20.0,1.0,1.0
196.0,0,3,0,0,night,pa_2,E0,20.0,4,20.0,1,25.0,0.0,0,0,3,3,170.0,8,0,18.18,63,20.0,0.14,0.25,20.0,20.0,1.0,1.0,170.0,170.0,20.0,20.0,1.0,1.0
197.0,0,3,0,0,night,pa_2,E0,20.0,4,20.0,1,25.0,0.0,0,0,3,3,170.0,8,0,18.18,63,20.0,0.14,0.25,20.0,20.0,1.0,1.0,170.0,170.0,20.0,20.0,1.0,1.0
198.0,0,3,0,0,night,pa_2,E0,20.0,4,20.0,1,25.0,0.0,0,0,3,3,170.0,8,0,18.18,63,20.0,0.14,0.25,20.0,20.0,1.0,1.0,170.0,170.0,20.0,20.0,1.0,1.0
199.0,0,3,0,0,night,pa_2,E0,20.0,4,20.0,1,25.0,0.0,0,0,3,3,170.0,8,0,18.18,63,20.0,0.14,0.25,20.0,20.0,1.0,1.0,170.0,170.0,20.0,20.0,1.0,1.0
200.0,0,3,0,0,night,pa_2,E0,20.0,4,20.0,1,25.0,0.0,0,0,3,3,170.0,8,0,18.18,63,20.0,0.14,0.25,20.0,20.0,1.0,1.0,170.0,170.0,20.0,20.0,1.0,1.0
201.0,0,3,0,0,night,pa_2,E0,20.0,4,20.0,1,25.0,0.0,0,0,3,3,170.0,8,0,18.18,64,20.0,0.14,0.25,20.0,20.0,1.0,1.0,170.0,170.0,20.0,20.0,1.0,1.0
202.0,0,3,0,0,night,pa_2,E0,20.0,4,20.0,1,25.0,0.0,0,0,3,3,170.0,8,0,18.18,64,20.0,0.14,0.25,20.0,20.0,1.0,1.0,170.0,170.0,20.0,20.0,1.0,1.0
203.0,0,3,0,0,night,pa_2,E0,20.0,4,20.0,1,25.0,0.0,0,0,3,3,170.0,8,0,18.18,64,20.0,0.14,0.25,20.0,20.0,1.0,1.0,170.0,170.0,20.0,20.0,1.0,1.0
204.0,0,3,0,0,night,pa_2,E0,20.0,4,20.0,1,25.0,0.0,0,0,3,3,170.0,8,0,18.18,64,20.0,0.14,0.25,20.0,20.0,1.0,1.0,170.0,170.0,20.0,20.0,1.0,1.0
205.0,0,3,0,0,night,pa_2,E0,20.0,4,20.0,1,25.0,0.0,0,0,3,3,170.0,8,0,18.18,64,20.0,0.14,0.25,20.0,20.0,1.0,1.0,170.0,170.0,20.0,20.0,1.0,1.0
206.0,0,3,0,0,night,pa_2,E0,20.0,4,20.0,1,25.0,0.0,0,0,3,3,170.0,8,0,18.18,69,20.0,0.14,0.25,20.0,20.0,1.0,1.0,170.0,170.0,20.0,20.0,1.0,1.0
207.0,0,3,0,0,night,pa_2,E0,20.0,4,20.0,1,25.0,0.0,0,0,3,3,170.0,8,0,18.18,69,20.0,0.14,0.25,20.0,20.0,1.0,1.0,170.0,170.0,20.0,20.0,1.0,1.0
208.0,0,3,0,0,night,pa_2,E0,20.0,4,20.0,1,25.0,0.0,0,0,3,3,170.0,8,0,18.18,69,20.0,0.14,0.25,20.0,20.0,1.0,1.0,170.0,170.0,20.0,20.0,1.0,1.0
209.0,0,3,0,0,night,pa_2,E0,20.0,4,20.0,1,25.0,0.0,0,0,3,3,170.0,8,0,18.18,69,20.0,0.14,0.25,20.0,20.0,1.0,1.0,170.0,170.0,20.0,20.0,1.0,1.0
210.0,0,3,0,0,night,pa_2,E0,20.0,4,20.0,1,25.0,0.0,0,0,3,3,170.0,8,0,18.18,69,20.0,0.14,0.25,20.0,20.0,1.0,1.0,170.0,170.0,20.0,20.0,1.0,1.0
211.0,0,3,0,0,night,pa_2,E0,20.0,4,20.0,1,25.0,0.0,0,0,3,3,170.0,8,0,18.18,69,20.0,0.14,0.25,20.0,20.0,1.0,1.0,170.0,170.0,20.0,20.0,1.0,1.0
212.0,0,3,0,0,night,pa_2,E0,20.0,4,20.0,1,25.0,0.0,0,0,3,3,170.0,8,0,18.18,69,20.0,0.14,0.25,20.0,20.0,1.0,1.0,170.0,170.0,20.0,20.0,1.0,1.0
213.0,0,3,0,0,night,pa_2,E0,20.0,4,20.0,1,25.0,0.0,0,0,3,3,170.0,8,0,18.18,69,20.0,0.14,0.25,20.0,20.0,1.0,1.0,170.0,170.0,20.0,20.0,1.0,1.0
214.0,0,3,0,0,night,pa_2,E0,20.0,4,20.0,1,25.0,0.0,0,0,3,3,170.0,8,0,18.18,69,20.0,0.14,0.25,20.0,20.0,1.0,1.0,170.0,170.0,20.0,20.0,1.0,1.0
215.0,0,3,0,0,night,pa_2,E0,20.0,4,20.0,1,25.0,0.0,0,0,3,3,170.0,8,0,18.18,69,20.0,0.14,0.25,20.0,20.0,1.0,1.0,170.0,170.0,20.0,20.0,1.0,1.0
216.0,0,3,0,0,night,pa_2,E0,20.0,4,20.0,1,25.0,0.0,0,0,3,3,170.0,8,0,18.18,69,20.0,0.14,0.25,20.0,20.0,1.0,1.0,170.0,170.0,20.0,20.0,1.0,1.0
217.0,0,3,0,0,night,pa_2,E0,20.0,4,20.0,1,25.0,0.0,0,0,3,3,170.0,8,0,18.18,71,20.0,0.14,0.25,20.0,20.0,1.0,1.0,170.0,170.0,20.0,20.0,1.0,1.0
218.0,0,3,0,0,night,pa_2,E0,20.0,4,20.0,1,25.0,0.0,0,0,3,3,170.0,8,0,18.18,71,20.0,0.14,0.25,20.0,20.0,1.0,1.0,170.0,170.0,20.0,20.0,1.0,1.0
219.0,0,3,0,0,night,pa_2,E0,20.0,4,20.0,1,25.0,0.0,0,0,3,3,170.0,8,0,18.18,71,20.0,0.14,0.25,20.0,20.0,1.0,1.0,170.0,170.0,20.0,20.0,1.0,1.0
220.0,0,3,0,0,night,pa_2,E0,20.0,4,20.0,1,25.0,0.0,0,0,3,3,170.0,8,0,18.18,71,20.0,0.14,0.25,20.0,20.0,1.0,1.0,170.0,170.0,20.0,20.0,1.0,1.0
221.0,0,3,0,0,night,pa_2,E0,20.0,4,20.0,1,25.0,0.0,0,0,3,3,170.0,8,0,18.18,71,20.0,0.14,0.25,20.0,20.0,1.0,1.0,170.0,170.0,20.0,20.0,1.0,1.0
222.0,0,3,0,0,night,pa_2,E0,20.0,4,20.0,1,25.0,0.0,0,0,3,3,195.0,9,0,20.45,71,20.0,0.14,0.25,20.0,20.0,1.0,1.0,170.0,170.0,20.0,20.0,1.0,1.0
223.0,0,3,0,0,night,pa_2,E0,20.0,4,20.0,1,25.0,0.0,0,0,3,3,195.0,9,0,20.45,71,20.0,0.14,0.25,20.0,20.0,1.0,1.0,195.0,170.0,20.0,20.0,1.0,1.0
224.0,0,3,0,0,night,pa_2,E0,20.0,4,20.0,1,25.0,0.0,0,0,3,3,195.0,9,0,20.45,71,20.0,0.14,0.25,20.0,20.0,1.0,1.0,195.0,170.0,20.0,20.0,1.0,1.0
225.0,0,3,0,0,night,pa_2,E0,20.0,4,20.0,1,25.0,0.0,0,0,3,3,195.0,9,0,20.45,71,20.0,0.14,0.25,20.0,20.0,1.0,1.0,195.0,170.0,20.0,20.0,1.0,1.0
226.0,0,3,0,0,night,pa_2,E0,20.0,4,20.0,1,25.0,0.0,0,0,3,3,195.0,9,0,20.45,72,20.0,0.14,0.25,20.0,20.0,1.0,1.0,195.0,170.0,20.0,20.0,1.0,1.0
227.0,0,3,0,0,night,pa_2,E0,20.0,4,20.0,1,25.0,0.0,0,0,3,3,195.0,9,0,20.45,72,20.0,0.14,0.25,20.0,20.0,1.0,1.0,195.0,195.0,20.0,20.0,1.0,1.0
228.0,0,3,0,0,night,pa_2,E0,20.0,4,20.0,1,25.0,0.0,0,0,3,3,195.0,9,0,20.45,72,20.0,0.14,0.25,20.0,20.0,1.0,1.0,195.0,195.0,20.0,20.0,1.0,1.0
229.0,0,3,0,0,night,pa_2,E0,20.0,4,20.0,1,25.0,0.0,0,0,3,3,195.0,9,0,20.45,72,20.0,0.14,0.25,20.0,20.0,1.0,1.0,195.0,195.0,20.0,20.0,1.0,1.0
230.0,0,3,0,0,night,pa_2,E0,20.0,4,20.0,1,25.0,0.0,0,0,3,3,195.0,9,0,20.45,72,20.0,0.14,0.25,20.0,20.0,1.0,1.0,195.0,195.0,20.0,20.0,1.0,1.0
231.0,0,3,0,0,night,pa_2,E0,20.0,4,20.0,1,25.0,0.0,0,0,3,3,195.0,9,0,20.45,72,20.0,0.14,0.25,20.0,20.0,1.0,1.0,195.0,195.0,20.0,20.0,1.0,1.0
232.0,0,3,0,0,night,pa_2,E0,20.0,4,20.0,1,25.0,0.0,0,0,3,3,195.0,9,0,20.45,72,20.0,0.14,0.25,20.0,20.0,1.0,1.0,195.0,195.0,20.0,20.0,1.0,1.0
233.0,0,3,0,0,night,pa_2,E0,20.0,4,20.0,1,25.0,0.0,0,0,3,3,195.0,9,0,20.45,72,20.0,0.14,0.25,20.0,20.0,1.0,1.0,195.0,195.0,20.0,20.0,1.0,1.0
234.0,0,3,0,0,night,pa_2,E0,20.0,4,20.0,1,25.0,0.0,0,0,3,3,195.0,9,0,20.45,72,20.0,0.14,0.25,20.0,20.0,1.0,1.0,195.0,195.0,20.0,20.0,1.0,1.0
235.0,0,3,0,0,night,pa_2,E0,20.0,4,20.0,1,25.0,0.0,0,0,3,3,195.0,9,0,20.45,72,20.0,0.14,0.25,20.0,20.0,1.0,1.0,195.0,195.0,20.0,20.0,1.0,1.0
236.0,0,3,0,0,night,pa_2,E0,20.0,4,20.0,1,25.0,0.0,0,0,3,3,195.0,9,0,20.45,72,20.0,0.14,0.25,20.0,20.0,1.0,1.0,195.0,195.0,20.0,20.0,1.0,1.0
237.0,0,3,0,0,night,pa_2,E0,20.0,4,20.0,1,25.0,0.0,0,0,3,3,195.0,9,0,20.45,72,20.0,0.14,0.25,20.0,20.0,1.0,1.0,195.0,195.0,20.0,20.0,1.0,1.0
238.0,0,3,0,0,night,pa_2,E0,20.0,4,20.0,1,25.0,0.0,0,0,3,3,220.0,10,0,22.73,72,20.0,0.14,0.25,20.0,20.0,1.0,1.0,195.0,195.0,20.0,20.0,1.0,1.0
239.0,0,3,0,0,night,pa_2,E0,20.0,4,20.0,1,25.0,0.0,0,0,3,3,220.0,10,0,22.73,72,20.0,0.14,0.25,20.0,20.0,1.0,1.0,220.0,195.0,20.0,20.0,1.0,1.0
240.0,0,4,0,0,night,pa_2,E0,20.0,4,20.0,1,25.0,0.0,0,0,3,3,220.0,10,0,22.73,72,20.0,0.14,0.25,20.0,20.0,1.0,1.0,220.0,195.0,20.0,20.0,1.0,1.0
241.0,0,4,0,0,night,pa_2,E0,20.0,4,20.0,1,25.0,0.0,0,0,3,3,220.0,10,0,22.73,76,20.0,0.14,0.25,20.0,20.0,1.0,1.0,220.0,195.0,20.0,20.0,1.0,1.0
242.0,0,4,0,0,night,pa_2,E0,20.0,4,20.0,1,25.0,0.0,0,0,3,3,220.0,10,0,22.73,76,20.0,0.14,0.25,20.0,20.0,1.0,1.0,220.0,195.0,20.0,20.0,1.0,1.0
243.0,0,4,0,0,night,pa_2,E0,20.0,4,20.0,1,25.0,0.0,0,0,3,3,220.0,10,0,22.73,78,20.0,0.14,0.25,20.0,20.0,1.0,1.0,220.0,220.0,20.0,20.0,1.0,1.0
244.0,0,4,0,0,night,pa_2,E0,20.0,4,20.0,1,25.0,0.0,0,0,3,3,220.0,10,0,22.73,78,20.0,0.14,0.25,20.0,20.0,1.0,1.0,220.0,220.0,20.0,20.0,1.0,1.0
245.0,0,4,0,0,night,pa_2,E0,20.0,4,20.0,1,25.0,0.0,0,0,3,3,220.0,10,0,22.73,78,20.0,0.14,0.25,20.0,20.0,1.0,1.0,220.0,220.0,20.0,20.0,1.0,1.0
246.0,0,4,0,0,night,pa_2,E0,20.0,4,20.0,1,25.0,0.0,0,0,3,3,220.0,10,0,22.73,79,20.0,0.14,0.25,20.0,20.0,1.0,1.0,220.0,220.0,20.0,20.0,1.0,1.0
247.0,0,4,0,0,night,pa_2,E0,20.0,4,40.0,2,50.0,0.0,0,0,2,3,240.0,11,0,25.0,79,20.0,0.29,0.5,20.0,20.0,1.0,1.0,220.0,220.0,24.0,22.0,1.2,1.1
248.0,0,4,0,0,night,pa_2,E0,20.0,4,40.0,2,50.0,0.0,0,0,2,3,240.0,11,0,25.0,80,20.0,0.29,0.5,40.0,20.0,2.0,1.0,240.0,220.0,28.0,24.0,1.4,1.2
249.0,0,4,0,0,night,pa_2,E0,20.0,4,40.0,2,50.0,0.0,0,0,2,3,240.0,11,0,25.0,80,20.0,0.29,0.5,40.0,20.0,2.0,1.0,240.0,220.0,32.0,26.0,1.6,1.3
250.0,0,4,0,0,night,pa_2,E0,20.0,4,40.0,2,50.0,0.0,0,0,2,3,240.0,11,0,25.0,80,20.0,0.29,0.5,40.0,20.0,2.0,1.0,240.0,220.0,36.0,28.0,1.8,1.4
251.0,0,4,0,0,night,pa_2,E0,20.0,4,40.0,2,50.0,0.0,0,0,2,3,240.0,11,0,25.0,80,20.0,0.29,0.5,40.0,20.0,2.0,1.0,240.0,220.0,40.0,30.0,2.0,1.5
252.0,0,4,0,0,night,pa_2,E0,20.0,4,40.0,2,50.0,0.0,0,0,2,3,260.0,12,0,27.27,80,20.0,0.29,0.5,40.0,40.0,2.0,2.0,240.0,240.0,40.0,32.0,2.0,1.6
253.0,0,4,0,0,night,pa_2,E0,20.0,4,40.0,2,50.0,0.0,0,0,2,3,260.0,12,0,27.27,80,20.0,0.29,0.5,40.0,40.0,2.0,2.0,260.0,240.0,40.0,34.0,2.0,1.7
254.0,0,4,0,0,night,pa_2,E0,20.0,4,40.0,2,50.0,0.0,0,0,2,3,260.0,12,0,27.27,80,20.0,0.29,0.5,40.0,40.0,2.0,2.0,260.0,240.0,40.0,36.0,2.0,1.8
255.0,0,4,0,0,night,pa_2,E0,20.0,4,40.0,2,50.0,0.0,0,0,2,3,260.0,12,0,27.27,80,20.0,0.29,0.5,40.0,40.0,2.0,2.0,260.0,240.0,40.0,38.0,2.0,1.9
256.0,0,4,0,0,night,pa_2,E0,20.0,4,40.0,2,50.0,0.0,0,0,2,3,260.0,12,0,27.27,80,20.0,0.29,0.5,40.0,40.0,2.0,2.0,260.0,240.0,40.0,40.0,2.0,2.0
257.0,0,4,0,0,night,pa_2,E0,20.0,4,40.0,2,50.0,0.0,0,0,2,3,280.0,13,0,29.55,80,20.0,0.29,0.5,40.0,40.0,2.0,2.0,260.0,260.0,40.0,40.0,2.0,2.0
258.0,0,4,0,0,night,pa_2,E0,20.0,4,40.0,2,50.0,0.0,0,0,2,3,280.0,13,0,29.55,82,20.0,0.29,0.5,40.0,40.0,2.0,2.0,280.0,260.0,40.0,40.0,2.0,2.0
259.0,0,4,0,0,night,pa_2,E0,20.0,4,40.0,2,50.0,0.0,0,0,2,3,280.0,13,0,29.55,82,20.0,0.29,0.5,40.0,40.0,2.0,2.0,280.0,260.0,40.0,40.0,2.0,2.0
260.0,0,4,0,0,night,pa_2,E0,20.0,4,40.0,2,50.0,0.0,0,0,2,3,280.0,13,0,29.55,82,20.0,0.29,0.5,40.0,40.0,2.0,2.0,280.0,260.0,40.0,40.0,2.0,2.0
261.0,0,4,0,0,night,pa_2,E0,20.0,4,40.0,2,50.0,0.0,0,0,2,3,280.0,13,0,29.55,82,20.0,0.29,0.5,40.0,40.0,2.0,2.0,280.0,260.0,40.0,40.0,2.0,2.0
262.0,0,4,0,0,night,pa_2,E0,20.0,4,40.0,2,50.0,0.0,0,0,2,3,280.0,13,0,29.55,82,20.0,0.29,0.5,40.0,40.0,2.0,2.0,280.0,280.0,40.0,40.0,2.0,2.0
263.0,0,4,0,0,night,pa_2,E0,20.0,4,40.0,2,50.0,0.0,0,0,2,3,280.0,13,0,29.55,82,20.0,0.29,0.5,40.0,40.0,2.0,2.0,280.0,280.0,40.0,40.0,2.0,2.0
264.0,0,4,0,0,night,pa_2,E0,20.0,4,40.0,2,50.0,0.0,0,0,2,3,280.0,13,0,29.55,82,20.0,0.29,0.5,40.0,40.0,2.0,2.0,280.0,280.0,40.0,40.0,2.0,2.0
265.0,0,4,0,0,night,pa_2,E0,20.0,4,40.0,2,50.0,0.0,0,0,2,3,280.0,13,0,29.55,82,20.0,0.29,0.5,40.0,40.0,2.0,2.0,280.0,280.0,40.0,40.0,2.0,2.0
266.0,0,4,0,0,night,pa_2,E0,20.0,4,40.0,2,50.0,0.0,0,0,2,3,300.0,14,0,31.82,82,20.0,0.29,0.5,40.0,40.0,2.0,2.0,280.0,280.0,40.0,40.0,2.0,2.0
267.0,0,4,0,0,night,pa_2,E0,20.0,4,40.0,2,50.0,0.0,0,0,2,3,300.0,14,0,31.82,82,20.0,0.29,0.5,40.0,40.0,2.0,2.0,300.0,280.0,40.0,40.0,2.0,2.0
268.0,0,4,0,0,night,pa_2,E0,20.0,4,40.0,2,50.0,0.0,0,0,2,3,325.0,15,0,34.09,82,20.0,0.29,0.5,40.0,40.0,2.0,2.0,300.0,280.0,40.0,40.0,2.0,2.0
269.0,0,4,0,0,night,pa_2,E0,20.0,4,40.0,2,50.0,0.0,0,0,2,3,350.0,16,0,36.36,82,20.0,0.29,0.5,40.0,40.0,2.0,2.0,325.0,280.0,40.0,40.0,2.0,2.0
270.0,0,4,0,0,night,pa_2,E0,20.0,4,40.0,2,50.0,0.0,0,0,2,3,370.0,17,0,38.64,82,20.0,0.29,0.5,40.0,40.0,2.0,2.0,350.0,280.0,40.0,40.0,2.0,2.0
271.0,0,4,0,0,night,pa_2,E0,20.0,4,40.0,2,50.0,0.0,0,0,2,3,370.0,17,0,38.64,83,20.0,0.29,0.5,40.0,40.0,2.0,2.0,370.0,300.0,40.0,40.0,2.0,2.0
272.0,0,4,0,0,night,pa_2,E0,20.0,4,40.0,2,50.0,0.0,0,0,2,3,390.0,18,0,40.91,83,20.0,0.29,0.5,40.0,40.0,2.0,2.0,370.0,300.0,40.0,40.0,2.0,2.0
273.0,0,4,0,0,night,pa_2,E0,20.0,4,40.0,2,50.0,0.0,0,0,2,3,415.0,19,0,43.18,84,20.0,0.29,0.5,40.0,40.0,2.0,2.0,390.0,325.0,40.0,40.0,2.0,2.0
274.0,0,4,0,0,night,pa_2,E0,20.0,4,40.0,2,50.0,0.0,0,0,2,3,440.0,20,0,45.45,84,20.0,0.29,0.5,40.0,40.0,2.0,2.0,415.0,350.0,40.0,40.0,2.0,2.0
275.0,0,4,0,0,night,pa_2,E0,20.0,4,60.0,3,75.0,0.0,0,0,1,3,480.0,22,0,50.0,84,20.0,0.43,0.75,40.0,40.0,2.0,2.0,440.0,370.0,44.0,42.0,2.2,2.1
276.0,0,4,0,0,night,pa_2,E0,20.0,4,60.0,3,75.0,0.0,0,0,1,3,500.0,23,0,52.27,84,20.0,0.43,0.75,60.0,40.0,3.0,2.0,480.0,370.0,48.0,44.0,2.4,2.2
277.0,0,4,0,0,night,pa_2,E0,20.0,4,60.0,3,75.0,0.0,0,0,1,3,500.0,23,0,52.27,84,20.0,0.43,0.75,60.0,40.0,3.0,2.0,500.0,390.0,52.0,46.0,2.6,2.3
278.0,0,4,0,0,night,pa_2,E0,20.0,4,60.0,3,75.0,0.0,0,0,1,3,500.0,23,0,52.27,84,20.0,0.43,0.75,60.0,40.0,3.0,2.0,500.0,415.0,56.0,48.0,2.8,2.4
279.0,0,4,0,0,night,pa_2,E0,20.0,4,60.0,3,75.0,0.0,0,0,1,3,500.0,23,0,52.27,84,20.0,0.43,0.75,60.0,40.0,3.0,2.0,500.0,440.0,60.0,50.0,3.0,2.5
280.0,0,4,0,0,night,pa_2,E0,20.0,4,60.0,3,75.0,0.0,0,0,1,3,520.0,24,0,54.55,84,20.0,0.43,0.75,60.0,60.0,3.0,3.0,500.0,480.0,60.0,52.0,3.0,2.6
281.0,0,4,0,0,night,pa_2,E0,20.0,4,60.0,3,75.0,0.0,0,0,1,3,545.0,25,0,56.82,85,20.0,0.43,0.75,60.0,60.0,3.0,3.0,520.0,500.0,60.0,54.0,3.0,2.7
282.0,0,4,0,0,night,pa_2,E0,20.0,4,60.0,3,75.0,0.0,0,0,1,3,545.0,25,0,56.82,85,20.0,0.43,0.75,60.0,60.0,3.0,3.0,545.0,500.0,60.0,56.0,3.0,2.8
283.0,0,4,0,0,night,pa_2,E0,20.0,4,60.0,3,75.0,0.0,0,0,1,3,545.0,25,0,56.82,85,20.0,0.43,0.75,60.0,60.0,3.0,3.0,545.0,500.0,60.0,58.0,3.0,2.9
284.0,0,4,0,0,night,pa_2,E0,20.0,4,60.0,3,75.0,0.0,0,0,1,3,545.0,25,0,56.82,85,20.0,0.43,0.75,60.0,60.0,3.0,3.0,545.0,500.0,60.0,60.0,3.0,3.0
285.0,0,4,0,0,night,pa_2,E0,20.0,4,60.0,3,75.0,0.0,0,0,1,3,545.0,25,0,56.82,85,20.0,0.43,0.75,60.0,60.0,3.0,3.0,545.0,520.0,60.0,60.0,3.0,3.0
286.0,0,4,0,0,night,pa_2,E0,20.0,4,60.0,3,75.0,0.0,0,0,1,3,545.0,25,0,56.82,85,20.0,0.43,0.75,60.0,60.0,3.0,3.0,545.0,545.0,60.0,60.0,3.0,3.0
287.0,0,4,0,0,night,pa_2,E0,20.0,4,60.0,3,75.0,0.0,0,0,1,3,545.0,25,0,56.82,85,20.0,0.43,0.75,60.0,60.0,3.0,3.0,545.0,545.0,60.0,60.0,3.0,3.0
288.0,0,4,0,0,night,pa_2,E0,20.0,4,60.0,3,75.0,0.0,0,0,1,3,545.0,25,0,56.82,85,20.0,0.43,0.75,60.0,60.0,3.0,3.0,545.0,545.0,60.0,60.0,3.0,3.0
289.0,0,4,0,0,night,pa_2,E0,20.0,4,60.0,3,75.0,0.0,0,0,1,3,545.0,25,0,56.82,90,20.0,0.43,0.75,60.0,60.0,3.0,3.0,545.0,545.0,60.0,60.0,3.0,3.0
290.0,0,4,0,0,night,pa_2,E0,20.0,4,60.0,3,75.0,0.0,0,0,1,3,545.0,25,0,56.82,90,20.0,0.43,0.75,60.0,60.0,3.0,3.0,545.0,545.0,60.0,60.0,3.0,3.0
291.0,0,4,0,0,night,pa_2,E0,20.0,4,60.0,3,75.0,0.0,0,0,1,3,545.0,25,0,56.82,90,20.0,0.43,0.75,60.0,60.0,3.0,3.0,545.0,545.0,60.0,60.0,3.0,3.0
292.0,0,4,0,0,night,pa_2,E0,20.0,4,60.0,3,75.0,0.0,0,0,1,3,610.0,28,0,63.64,90,20.0,0.43,0.75,60.0,60.0,3.0,3.0,545.0,545.0,60.0,60.0,3.0,3.0
293.0,0,4,0,0,night,pa_2,E0,20.0,4,60.0,3,75.0,0.0,0,0,1,3,610.0,28,0,63.64,90,20.0,0.43,0.75,60.0,60.0,3.0,3.0,610.0,545.0,60.0,60.0,3.0,3.0
294.0,0,4,0,0,night,pa_2,E0,20.0,4,60.0,3,75.0,0.0,0,0,1,3,610.0,28,0,63.64,90,20.0,0.43,0.75,60.0,60.0,3.0,3.0,610.0,545.0,60.0,60.0,3.0,3.0
295.0,0,4,0,0,night,pa_2,E0,20.0,4,60.0,3,75.0,0.0,0,0,1,3,610.0,28,0,63.64,90,20.0,0.43,0.75,60.0,60.0,3.0,3.0,610.0,545.0,60.0,60.0,3.0,3.0
296.0,0,4,0,0,night,pa_2,E0,20.0,4,60.0,3,75.0,0.0,0,0,1,3,610.0,28,0,63.64,90,20.0,0.43,0.75,60.0,60.0,3.0,3.0,610.0,545.0,60.0,60.0,3.0,3.0
297.0,0,4,0,0,night,pa_2,E0,20.0,4,60.0,3,75.0,0.0,0,0,1,3,610.0,28,0,63.64,90,20.0,0.43,0.75,60.0,60.0,3.0,3.0,610.0,610.0,60.0,60.0,3.0,3.0
298.0,0,4,0,0,night,pa_2,E0,20.0,4,60.0,3,75.0,0.0,0,0,1,3,610.0,28,0,63.64,90,20.0,0.43,0.75,60.0,60.0,3.0,3.0,610.0,610.0,60.0,60.0,3.0,3.0
299.0,0,4,0,0,night,pa_2,E0,20.0,4,60.0,3,75.0,0.0,0,0,1,3,610.0,28,0,63.64,90,20.0,0.43,0.75,60.0,60.0,3.0,3.0,610.0,610.0,60.0,60.0,3.0,3.0
300.0,0,5,0,0,night,pa_2,E0,20.0,4,60.0,3,75.0,0.0,0,0,1,3,610.0,28,0,63.64,90,20.0,0.43,0.75,60.0,60.0,3.0,3.0,610.0,610.0,60.0,60.0,3.0,3.0
301.0,0,5,0,0,night,pa_2,E0,20.0,4,60.0,3,75.0,0.0,0,0,1,3,635.0,29,0,65.91,92,20.0,0.43,0.75,60.0,60.0,3.0,3.0,610.0,610.0,60.0,60.0,3.0,3.0
302.0,0,5,0,0,night,pa_2,E0,20.0,4,60.0,3,75.0,0.0,0,0,1,3,635.0,29,0,65.91,92,20.0,0.43,0.75,60.0,60.0,3.0,3.0,635.0,610.0,60.0,60.0,3.0,3.0
303.0,0,5,0,0,night,pa_2,E0,20.0,4,60.0,3,75.0,0.0,0,0,1,3,635.0,29,0,65.91,92,20.0,0.43,0.75,60.0,60.0,3.0,3.0,635.0,610.0,60.0,60.0,3.0,3.0
304.0,0,5,0,0,night,pa_2,E0,20.0,4,60.0,3,75.0,0.0,0,0,1,3,635.0,29,0,65.91,92,20.0,0.43,0.75,60.0,60.0,3.0,3.0,635.0,610.0,60.0,60.0,3.0,3.0
305.0,0,5,0,0,night,pa_2,E0,20.0,4,60.0,3,75.0,0.0,0,0,1,3,635.0,29,0,65.91,92,20.0,0.43,0.75,60.0,60.0,3.0,3.0,635.0,610.0,60.0,60.0,3.0,3.0
306.0,0,5,0,0,night,pa_2,E0,20.0,4,60.0,3,75.0,0.0,0,0,1,3,635.0,29,0,65.91,92,20.0,0.43,0.75,60.0,60.0,3.0,3.0,635.0,635.0,60.0,60.0,3.0,3.0
307.0,0,5,0,0,night,pa_2,E0,20.0,4,80.0,4,100.0,0.0,0,0,0,3,680.0,31,0,70.45,92,20.0,0.57,1.0,60.0,60.0,3.0,3.0,635.0,635.0,64.0,62.0,3.2,3.1
308.0,0,5,0,0,night,pa_2,E0,20.0,4,80.0,4,100.0,0.0,0,0,0,3,680.0,31,0,70.45,92,20.0,0.57,1.0,80.0,60.0,4.0,3.0,680.0,635.0,68.0,64.0,3.4,3.2
309.0,0,5,0,0,night,pa_2,E0,20.0,4,80.0,4,100.0,0.0,0,0,0,3,680.0,31,0,70.45,97,20.0,0.57,1.0,80.0,60.0,4.0,3.0,680.0,635.0,72.0,66.0,3.6,3.3
310.0,0,5,0,0,night,pa_2,E0,20.0,4,80.0,4,100.0,0.0,0,0,0,3,680.0,31,0,70.45,97,20.0,0.57,1.0,80.0,60.0,4.0,3.0,680.0,635.0,76.0,68.0,3.8,3.4
311.0,0,5,0,0,night,pa_2,E0,20.0,4,80.0,4,100.0,0.0,0,0,0,3,680.0,31,0,70.45,97,20.0,0.57,1.0,80.0,60.0,4.0,3.0,680.0,635.0,80.0,70.0,4.0,3.5
312.0,0,5,0,0,night,pa_2,E0,20.0,4,80.0,4,100.0,0.0,0,0,0,3,680.0,31,0,70.45,97,20.0,0.57,1.0,80.0,80.0,4.0,4.0,680.0,680.0,80.0,72.0,4.0,3.6
313.0,0,5,0,0,night,pa_2,E0,20.0,4,80.0,4,100.0,0.0,0,0,0,3,680.0,31,0,70.45,97,20.0,0.57,1.0,80.0,80.0,4.0,4.0,680.0,680.0,80.0,74.0,4.0,3.7
314.0,0,5,0,0,night,pa_2,E0,20.0,4,80.0,4,100.0,0.0,0,0,0,3,680.0,31,0,70.45,97,20.0,0.57,1.0,80.0,80.0,4.0,4.0,680.0,680.0,80.0,76.0,4.0,3.8
315.0,0,5,0,0,night,pa_2,E0,20.0,4,80.0,4,100.0,0.0,0,0,0,3,680.0,31,0,70.45,97,20.0,0.57,1.0,80.0,80.0,4.0,4.0,680.0,680.0,80.0,78.0,4.0,3.9
316.0,0,5,0,0,night,pa_2,E0,20.0,4,80.0,4,100.0,0.0,0,0,0,3,680.0,31,0,70.45,98,20.0,0.57,1.0,80.0,80.0,4.0,4.0,680.0,680.0,80.0,80.0,4.0,4.0
317.0,0,5,0,0,night,pa_2,E0,20.0,4,80.0,4,100.0,0.0,0,0,0,3,680.0,31,0,70.45,98,20.0,0.57,1.0,80.0,80.0,4.0,4.0,680.0,680.0,80.0,80.0,4.0,4.0
318.0,0,5,0,0,night,pa_2,E0,20.0,4,80.0,4,100.0,0.0,0,0,0,3,680.0,31,0,70.45,98,20.0,0.57,1.0,80.0,80.0,4.0,4.0,680.0,680.0,80.0,80.0,4.0,4.0
319.0,0,5,0,0,night,pa_2,E0,20.0,4,80.0,4,100.0,0.0,0,0,0,3,680.0,31,0,70.45,98,20.0,0.57,1.0,80.0,80.0,4.0,4.0,680.0,680.0,80.0,80.0,4.0,4.0
320.0,0,5,0,0,night,pa_2,E0,20.0,4,80.0,4,100.0,0.0,0,0,0,3,680.0,31,0,70.45,98,20.0,0.57,1.0,80.0,80.0,4.0,4.0,680.0,680.0,80.0,80.0,4.0,4.0
321.0,0,5,0,0,night,pa_2,E0,20.0,4,80.0,4,100.0,0.0,0,0,0,3,680.0,31,0,70.45,100,20.0,0.57,1.0,80.0,80.0,4.0,4.0,680.0,680.0,80.0,80.0,4.0,4.0
322.0,0,5,0,0,night,pa_2,E0,20.0,4,80.0,4,100.0,0.0,0,0,0,3,680.0,31,0,70.45,100,20.0,0.57,1.0,80.0,80.0,4.0,4.0,680.0,680.0,80.0,80.0,4.0,4.0
323.0,0,5,0,0,night,pa_2,E0,20.0,4,80.0,4,100.0,0.0,0,0,0,3,680.0,31,0,70.45,100,20.0,0.57,1.0,80.0,80.0,4.0,4.0,680.0,680.0,80.0,80.0,4.0,4.0
324.0,0,5,0,0,night,pa_2,E0,20.0,4,80.0,4,100.0,0.0,0,0,0,3,680.0,31,0,70.45,100,20.0,0.57,1.0,80.0,80.0,4.0,4.0,680.0,680.0,80.0,80.0,4.0,4.0
325.0,0,5,0,0,night,pa_2,E0,20.0,4,80.0,4,100.0,0.0,0,0,0,3,680.0,31,0,70.45,100,20.0,0.57,1.0,80.0,80.0,4.0,4.0,680.0,680.0,80.0,80.0,4.0,4.0
326.0,0,5,0,0,night,pa_2,E0,20.0,4,80.0,4,100.0,0.0,0,0,0,3,700.0,32,0,72.73,100,20.0,0.57,1.0,80.0,80.0,4.0,4.0,680.0,680.0,80.0,80.0,4.0,4.0
327.0,0,5,0,0,night,pa_2,E0,20.0,4,80.0,4,100.0,0.0,0,0,0,3,700.0,32,0,72.73,100,20.0,0.57,1.0,80.0,80.0,4.0,4.0,700.0,680.0,80.0,80.0,4.0,4.0
328.0,0,5,0,0,night,pa_2,E0,20.0,4,80.0,4,100.0,0.0,0,0,0,3,700.0,32,0,72.73,100,20.0,0.57,1.0,80.0,80.0,4.0,4.0,700.0,680.0,80.0,80.0,4.0,4.0
329.0,0,5,0,0,night,pa_2,E0,20.0,4,80.0,4,100.0,0.0,0,0,0,3,700.0,32,0,72.73,100,20.0,0.57,1.0,80.0,80.0,4.0,4.0,700.0,680.0,80.0,80.0,4.0,4.0
330.0,0,5,0,0,night,pa_2,E0,20.0,4,80.0,4,100.0,0.0,0,0,0,3,700.0,32,0,72.73,100,20.0,0.57,1.0,80.0,80.0,4.0,4.0,700.0,680.0,80.0,80.0,4.0,4.0
331.0,0,5,0,0,night,pa_2,E0,20.0,4,80.0,4,100.0,0.0,0,0,0,3,700.0,32,0,72.73,100,20.0,0.57,1.0,80.0,80.0,4.0,4.0,700.0,700.0,80.0,80.0,4.0,4.0
332.0,0,5,0,0,night,pa_2,E0,20.0,4,80.0,4,100.0,0.0,0,0,0,3,700.0,32,0,72.73,100,20.0,0.57,1.0,80.0,80.0,4.0,4.0,700.0,700.0,80.0,80.0,4.0,4.0
333.0,0,5,0,0,night,pa_2,E0,20.0,4,80.0,4,100.0,0.0,0,0,0,3,700.0,32,0,72.73,100,20.0,0.57,1.0,80.0,80.0,4.0,4.0,700.0,700.0,80.0,80.0,4.0,4.0
334.0,0,5,0,0,night,pa_2,E0,20.0,4,80.0,4,100.0,0.0,0,0,0,3,700.0,32,0,72.73,100,20.0,0.57,1.0,80.0,80.0,4.0,4.0,700.0,700.0,80.0,80.0,4.0,4.0
335.0,0,5,0,0,night,pa_2,E0,20.0,4,80.0,4,100.0,0.0,0,0,0,3,700.0,32,0,72.73,100,20.0,0.57,1.0,80.0,80.0,4.0,4.0,700.0,700.0,80.0,80.0,4.0,4.0
336.0,0,5,0,0,night,pa_2,E0,20.0,4,80.0,4,100.0,0.0,0,0,0,3,700.0,32,0,72.73,100,20.0,0.57,1.0,80.0,80.0,4.0,4.0,700.0,700.0,80.0,80.0,4.0,4.0
337.0,0,5,0,0,night,pa_2,E0,20.0,4,80.0,4,100.0,0.0,0,0,0,3,700.0,32,0,72.73,100,20.0,0.57,1.0,80.0,80.0,4.0,4.0,700.0,700.0,80.0,80.0,4.0,4.0
338.0,0,5,0,0,night,pa_2,E0,20.0,4,80.0,4,100.0,0.0,0,0,0,3,700.0,32,0,72.73,100,20.0,0.57,1.0,80.0,80.0,4.0,4.0,700.0,700.0,80.0,80.0,4.0,4.0
339.0,0,5,0,0,night,pa_2,E0,20.0,4,80.0,4,100.0,0.0,0,0,0,3,700.0,32,0,72.73,100,20.0,0.57,1.0,80.0,80.0,4.0,4.0,700.0,700.0,80.0,80.0,4.0,4.0
340.0,0,5,0,0,night,pa_2,E0,20.0,4,80.0,4,100.0,0.0,0,0,0,3,740.0,34,0,77.27,100,20.0,0.57,1.0,80.0,80.0,4.0,4.0,700.0,700.0,80.0,80.0,4.0,4.0
341.0,0,5,0,0,night,pa_2,E0,20.0,4,80.0,4,100.0,0.0,0,0,0,3,740.0,34,0,77.27,100,20.0,0.57,1.0,80.0,80.0,4.0,4.0,740.0,700.0,80.0,80.0,4.0,4.0
342.0,0,5,0,0,night,pa_2,E0,20.0,4,80.0,4,100.0,0.0,0,0,0,3,740.0,34,0,77.27,100,20.0,0.57,1.0,80.0,80.0,4.0,4.0,740.0,700.0,80.0,80.0,4.0,4.0
343.0,0,5,0,0,night,pa_2,E0,20.0,4,80.0,4,100.0,0.0,0,0,0,3,740.0,34,0,77.27,100,20.0,0.57,1.0,80.0,80.0,4.0,4.0,740.0,700.0,80.0,80.0,4.0,4.0
344.0,0,5,0,0,night,pa_2,E0,20.0,4,80.0,4,100.0,0.0,0,0,0,3,740.0,34,0,77.27,100,20.0,0.57,1.0,80.0,80.0,4.0,4.0,740.0,700.0,80.0,80.0,4.0,4.0
345.0,0,5,0,0,night,pa_2,E0,20.0,4,80.0,4,100.0,0.0,0,0,0,3,740.0,34,0,77.27,100,20.0,0.57,1.0,80.0,80.0,4.0,4.0,740.0,740.0,80.0,80.0,4.0,4.0
346.0,0,5,0,0,night,pa_2,E0,20.0,4,80.0,4,100.0,0.0,0,0,0,3,740.0,34,0,77.27,100,20.0,0.57,1.0,80.0,80.0,4.0,4.0,740.0,740.0,80.0,80.0,4.0,4.0
347.0,0,5,0,0,night,pa_2,E0,20.0,4,80.0,4,100.0,0.0,0,0,0,3,740.0,34,0,77.27,100,20.0,0.57,1.0,80.0,80.0,4.0,4.0,740.0,740.0,80.0,80.0,4.0,4.0
348.0,0,5,0,0,night,pa_2,E0,20.0,4,80.0,4,100.0,0.0,0,0,0,3,740.0,34,0,77.27,100,20.0,0.57,1.0,80.0,80.0,4.0,4.0,740.0,740.0,80.0,80.0,4.0,4.0
349.0,0,5,0,0,night,pa_2,E0,20.0,4,80.0,4,100.0,0.0,0,0,0,3,740.0,34,0,77.27,100,20.0,0.57,1.0,80.0,80.0,4.0,4.0,740.0,740.0,80.0,80.0,4.0,4.0
350.0,0,5,0,0,night,pa_2,E0,20.0,4,80.0,4,100.0,0.0,0,0,0,3,740.0,34,0,77.27,100,20.0,0.57,1.0,80.0,80.0,4.0,4.0,740.0,740.0,80.0,80.0,4.0,4.0
351.0,0,5,0,0,night,pa_2,E0,20.0,4,80.0,4,100.0,0.0,0,0,0,3,740.0,34,0,77.27,100,20.0,0.57,1.0,80.0,80.0,4.0,4.0,740.0,740.0,80.0,80.0,4.0,4.0
352.0,0,5,0,0,night,pa_2,E0,20.0,4,80.0,4,100.0,0.0,0,0,0,3,740.0,34,0,77.27,100,20.0,0.57,1.0,80.0,80.0,4.0,4.0,740.0,740.0,80.0,80.0,4.0,4.0
353.0,0,5,0,0,night,pa_2,E0,20.0,4,80.0,4,100.0,0.0,0,0,0,3,740.0,34,0,77.27,100,20.0,0.57,1.0,80.0,80.0,4.0,4.0,740.0,740.0,80.0,80.0,4.0,4.0
354.0,0,5,0,0,night,pa_2,E0,20.0,4,80.0,4,100.0,0.0,0,0,0,3,740.0,34,0,77.27,100,20.0,0.57,1.0,80.0,80.0,4.0,4.0,740.0,740.0,80.0,80.0,4.0,4.0
355.0,0,5,0,0,night,pa_2,E0,20.0,4,80.0,4,100.0,0.0,0,0,0,3,740.0,34,0,77.27,100,20.0,0.57,1.0,80.0,80.0,4.0,4.0,740.0,740.0,80.0,80.0,4.0,4.0
356.0,0,5,0,0,night,pa_2,E0,20.0,4,80.0,4,100.0,0.0,0,0,0,3,740.0,34,0,77.27,100,20.0,0.57,1.0,80.0,80.0,4.0,4.0,740.0,740.0,80.0,80.0,4.0,4.0
357.0,0,5,0,0,night,pa_2,E0,20.0,4,80.0,4,100.0,0.0,0,0,0,3,740.0,34,0,77.27,100,20.0,0.57,1.0,80.0,80.0,4.0,4.0,740.0,740.0,80.0,80.0,4.0,4.0
358.0,0,5,0,0,night,pa_2,E0,20.0,4,80.0,4,100.0,0.0,0,0,0,3,740.0,34,0,77.27,100,20.0,0.57,1.0,80.0,80.0,4.0,4.0,740.0,740.0,80.0,80.0,4.0,4.0
359.0,0,5,0,0,night,pa_2,E0,20.0,4,80.0,4,100.0,0.0,0,0,0,3,765.0,35,0,79.55,100,20.0,0.57,1.0,80.0,80.0,4.0,4.0,740.0,740.0,80.0,80.0,4.0,4.0
360.0,0,6,0,0,night,pa_2,E0,20.0,4,80.0,4,100.0,0.0,0,0,0,3,790.0,36,0,81.82,100,20.0,0.57,1.0,80.0,80.0,4.0,4.0,765.0,740.0,80.0,80.0,4.0,4.0
361.0,0,6,0,0,night,pa_2,E0,20.0,4,80.0,4,100.0,0.0,0,0,0,3,790.0,36,0,81.82,107,20.0,0.57,1.0,80.0,80.0,4.0,4.0,790.0,740.0,80.0,80.0,4.0,4.0
362.0,0,6,0,0,night,pa_2,E0,20.0,4,80.0,4,100.0,0.0,0,0,0,3,790.0,36,0,81.82,107,20.0,0.57,1.0,80.0,80.0,4.0,4.0,790.0,740.0,80.0,80.0,4.0,4.0
363.0,0,6,0,0,night,pa_2,E0,20.0,4,80.0,4,100.0,0.0,0,0,0,3,810.0,37,0,84.09,109,20.0,0.57,1.0,80.0,80.0,4.0,4.0,790.0,740.0,80.0,80.0,4.0,4.0
364.0,0,6,0,0,night,pa_2,E0,20.0,4,80.0,4,100.0,0.0,0,0,0,3,810.0,37,0,84.09,110,20.0,0.57,1.0,80.0,80.0,4.0,4.0,810.0,765.0,80.0,80.0,4.0,4.0
365.0,0,6,0,0,night,pa_2,E0,20.0,4,80.0,4,100.0,0.0,0,0,0,3,810.0,37,0,84.09,110,20.0,0.57,1.0,80.0,80.0,4.0,4.0,810.0,790.0,80.0,80.0,4.0,4.0
366.0,0,6,0,0,night,pa_2,E0,20.0,4,80.0,4,100.0,0.0,0,0,0,3,830.0,38,0,86.36,111,20.0,0.57,1.0,80.0,80.0,4.0,4.0,810.0,790.0,80.0,80.0,4.0,4.0
367.0,0,6,0,0,night,pa_2,E0,20.0,4,80.0,4,100.0,0.0,0,0,0,3,855.0,39,0,88.64,112,20.0,0.57,1.0,80.0,80.0,4.0,4.0,830.0,790.0,80.0,80.0,4.0,4.0
368.0,0,6,0,0,night,pa_2,E0,20.0,4,80.0,4,100.0,0.0,0,0,0,3,855.0,39,0,88.64,111,20.0,0.57,1.0,80.0,80.0,4.0,4.0,855.0,810.0,80.0,80.0,4.0,4.0
369.0,0,6,0,0,night,pa_2,E0,20.0,4,80.0,4,100.0,0.0,0,0,0,3,855.0,39,0,88.64,111,20.0,0.57,1.0,80.0,80.0,4.0,4.0,855.0,810.0,80.0,80.0,4.0,4.0
370.0,0,6,0,0,night,pa_2,E0,20.0,4,80.0,4,100.0,0.0,0,0,0,3,855.0,39,0,88.64,112,20.0,0.57,1.0,80.0,80.0,4.0,4.0,855.0,810.0,80.0,80.0,4.0,4.0
371.0,0,6,0,0,night,pa_2,E0,20.0,4,80.0,4,100.0,33.33,1,1,0,2,880.0,40,1,90.91,111,20.0,0.71,1.0,80.0,80.0,4.0,4.0,855.0,830.0,80.0,80.0,4.0,4.0
372.0,0,6,0,0,night,pa_2,E0,20.0,4,80.0,4,100.0,33.33,1,1,0,2,880.0,40,1,90.91,112,20.0,0.71,1.0,80.0,80.0,4.0,4.0,880.0,855.0,80.0,80.0,4.0,4.0
373.0,0,6,0,0,night,pa_2,E0,20.0,4,80.0,4,100.0,33.33,1,1,0,2,880.0,40,1,90.91,112,20.0,0.71,1.0,80.0,80.0,4.0,4.0,880.0,855.0,80.0,80.0,4.0,4.0
374.0,0,6,0,0,night,pa_2,E0,20.0,4,80.0,4,100.0,33.33,1,1,0,2,880.0,40,2,90.91,112,20.0,0.71,1.0,80.0,80.0,4.0,4.0,880.0,855.0,80.0,80.0,4.0,4.0
375.0,0,6,0,0,night,pa_2,E0,20.0,4,80.0,4,100.0,33.33,1,1,0,2,880.0,40,2,90.91,112,20.0,0.71,1.0,80.0,80.0,4.0,4.0,880.0,855.0,80.0,80.0,4.0,4.0
376.0,0,6,0,0,night,pa_2,E0,20.0,4,80.0,4,100.0,33.33,1,1,0,2,880.0,40,2,90.91,113,20.0,0.71,1.0,80.0,80.0,4.0,4.0,880.0,880.0,80.0,80.0,4.0,4.0
377.0,0,6,0,0,night,pa_2,E0,20.0,4,80.0,4,100.0,33.33,1,1,0,2,880.0,40,2,90.91,113,20.0,0.71,1.0,80.0,80.0,4.0,4.0,880.0,880.0,80.0,80.0,4.0,4.0
378.0,0,6,0,0,night,pa_2,E0,20.0,4,80.0,4,100.0,33.33,1,1,0,2,880.0,40,2,90.91,112,20.0,0.71,1.0,80.0,80.0,4.0,4.0,880.0,880.0,80.0,80.0,4.0,4.0
379.0,0,6,0,0,night,pa_2,E0,20.0,4,80.0,4,100.0,33.33,1,1,0,2,880.0,40,2,90.91,112,20.0,0.71,1.0,80.0,80.0,4.0,4.0,880.0,880.0,80.0,80.0,4.0,4.0
380.0,0,6,0,0,night,pa_2,E0,20.0,4,80.0,4,100.0,33.33,1,1,0,2,880.0,40,2,90.91,112,20.0,0.71,1.0,80.0,80.0,4.0,4.0,880.0,880.0,80.0,80.0,4.0,4.0
381.0,0,6,0,0,night,pa_2,E0,20.0,4,80.0,4,100.0,33.33,1,1,0,2,880.0,40,2,90.91,112,20.0,0.71,1.0,80.0,80.0,4.0,4.0,880.0,880.0,80.0,80.0,4.0,4.0
382.0,0,6,0,0,night,pa_2,E0,20.0,4,80.0,4,100.0,33.33,1,1,0,2,880.0,40,2,90.91,112,20.0,0.71,1.0,80.0,80.0,4.0,4.0,880.0,880.0,80.0,80.0,4.0,4.0
383.0,0,6,0,0,night,pa_2,E0,20.0,4,80.0,4,100.0,33.33,1,1,0,2,880.0,40,2,90.91,112,20.0,0.71,1.0,80.0,80.0,4.0,4.0,880.0,880.0,80.0,80.0,4.0,4.0
384.0,0,6,0,0,night,pa_2,E0,20.0,4,80.0,4,100.0,33.33,1,1,0,2,880.0,40,2,90.91,112,20.0,0.71,1.0,80.0,80.0,4.0,4.0,880.0,880.0,80.0,80.0,4.0,4.0
385.0,0,6,0,0,night,pa_2,E0,20.0,4,80.0,4,100.0,33.33,1,1,0,2,880.0,40,2,90.91,112,20.0,0.71,1.0,80.0,80.0,4.0,4.0,880.0,880.0,80.0,80.0,4.0,4.0
386.0,0,6,0,0,night,pa_2,E0,20.0,4,80.0,4,100.0,33.33,1,1,0,2,880.0,40,2,90.91,111,20.0,0.71,1.0,80.0,80.0,4.0,4.0,880.0,880.0,80.0,80.0,4.0,4.0
387.0,0,6,0,0,night,pa_2,E0,20.0,4,80.0,4,100.0,33.33,1,1,0,2,880.0,40,2,90.91,111,20.0,0.71,1.0,80.0,80.0,4.0,4.0,880.0,880.0,80.0,80.0,4.0,4.0
388.0,0,6,0,0,night,pa_2,E0,20.0,4,80.0,4,100.0,33.33,1,1,0,2,880.0,40,3,90.91,110,20.0,0.71,1.0,80.0,80.0,4.0,4.0,880.0,880.0,80.0,80.0,4.0,4.0
389.0,0,6,0,0,night,pa_2,E0,20.0,4,80.0,4,100.0,33.33,1,1,0,2,880.0,40,4,90.91,110,20.0,0.71,1.0,80.0,80.0,4.0,4.0,880.0,880.0,80.0,80.0,4.0,4.0
390.0,0,6,0,0,night,pa_2,E0,20.0,4,80.0,4,100.0,33.33,1,1,0,2,880.0,40,4,90.91,110,20.0,0.71,1.0,80.0,80.0,4.0,4.0,880.0,880.0,80.0,80.0,4.0,4.0
391.0,0,6,0,0,night,pa_2,E0,20.0,4,80.0,4,100.0,33.33,1,1,0,2,880.0,40,4,90.91,109,20.0,0.71,1.0,80.0,80.0,4.0,4.0,880.0,880.0,80.0,80.0,4.0,4.0
392.0,0,6,0,0,night,pa_2,E0,20.0,4,80.0,4,100.0,33.33,1,1,0,2,880.0,40,4,90.91,108,20.0,0.71,1.0,80.0,80.0,4.0,4.0,880.0,880.0,80.0,80.0,4.0,4.0
393.0,0,6,0,0,night,pa_2,E0,20.0,4,80.0,4,100.0,33.33,1,1,0,2,930.0,42,4,95.45,107,20.0,0.71,1.0,80.0,80.0,4.0,4.0,880.0,880.0,80.0,80.0,4.0,4.0
394.0,0,6,0,0,night,pa_2,E0,20.0,4,80.0,4,100.0,33.33,1,1,0,2,930.0,42,4,95.45,107,20.0,0.71,1.0,80.0,80.0,4.0,4.0,930.0,880.0,80.0,80.0,4.0,4.0
395.0,0,6,0,0,night,pa_2,E0,20.0,4,80.0,4,100.0,33.33,1,1,0,2,930.0,42,4,95.45,106,20.0,0.71,1.0,80.0,80.0,4.0,4.0,930.0,880.0,80.0,80.0,4.0,4.0
396.0,0,6,0,0,night,pa_2,E0,20.0,4,80.0,4,100.0,33.33,1,1,0,2,930.0,42,4,95.45,106,20.0,0.71,1.0,80.0,80.0,4.0,4.0,930.0,880.0,80.0,80.0,4.0,4.0
397.0,0,6,0,0,night,pa_2,E0,20.0,4,80.0,4,100.0,33.33,1,1,0,2,930.0,42,4,95.45,106,20.0,0.71,1.0,80.0,80.0,4.0,4.0,930.0,880.0,80.0,80.0,4.0,4.0
398.0,0,6,0,0,night,pa_2,E0,20.0,4,80.0,4,100.0,33.33,1,1,0,2,930.0,42,5,95.45,106,20.0,0.71,1.0,80.0,80.0,4.0,4.0,930.0,930.0,80.0,80.0,4.0,4.0
399.0,0,6,0,0,night,pa_2,E0,20.0,4,80.0,4,100.0,33.33,1,1,0,2,930.0,42,5,95.45,106,20.0,0.71,1.0,80.0,80.0,4.0,4.0,930.0,930.0,80.0,80.0,4.0,4.0
400.0,0,6,0,0,night,pa_2,E0,20.0,4,80.0,4,100.0,33.33,1,1,0,2,930.0,42,5,95.45,106,20.0,0.71,1.0,80.0,80.0,4.0,4.0,930.0,930.0,80.0,80.0,4.0,4.0
401.0,0,6,0,0,night,pa_2,E0,20.0,4,80.0,4,100.0,33.33,1,1,0,2,930.0,42,5,95.45,108,20.0,0.71,1.0,80.0,80.0,4.0,4.0,930.0,930.0,80.0,80.0,4.0,4.0
402.0,0,6,0,0,night,pa_2,E0,20.0,4,80.0,4,100.0,33.33,1,1,0,2,930.0,42,5,95.45,107,20.0,0.71,1.0,80.0,80.0,4.0,4.0,930.0,930.0,80.0,80.0,4.0,4.0
403.0,0,6,0,0,night,pa_2,E0,20.0,4,80.0,4,100.0,33.33,1,1,0,2,930.0,42,5,95.45,107,20.0,0.71,1.0,80.0,80.0,4.0,4.0,930.0,930.0,80.0,80.0,4.0,4.0
404.0,0,6,0,0,night,pa_2,E0,20.0,4,80.0,4,100.0,33.33,1,1,0,2,930.0,42,5,95.45,107,20.0,0.71,1.0,80.0,80.0,4.0,4.0,930.0,930.0,80.0,80.0,4.0,4.0
405.0,0,6,0,0,night,pa_2,E0,20.0,4,80.0,4,100.0,33.33,1,1,0,2,930.0,42,5,95.45,107,20.0,0.71,1.0,80.0,80.0,4.0,4.0,930.0,930.0,80.0,80.0,4.0,4.0
406.0,0,6,0,0,night,pa_2,E0,20.0,4,80.0,4,100.0,33.33,1,1,0,2,930.0,42,5,95.45,108,20.0,0.71,1.0,80.0,80.0,4.0,4.0,930.0,930.0,80.0,80.0,4.0,4.0
407.0,0,6,0,0,night,pa_2,E0,20.0,4,80.0,4,100.0,33.33,1,1,0,2,930.0,42,5,95.45,108,20.0,0.71,1.0,80.0,80.0,4.0,4.0,930.0,930.0,80.0,80.0,4.0,4.0
408.0,0,6,0,0,night,pa_2,E0,20.0,4,80.0,4,100.0,33.33,1,1,0,2,930.0,42,5,95.45,108,20.0,0.71,1.0,80.0,80.0,4.0,4.0,930.0,930.0,80.0,80.0,4.0,4.0
409.0,0,6,0,0,night,pa_2,E0,20.0,4,80.0,4,100.0,33.33,1,1,0,2,930.0,42,5,95.45,108,20.0,0.71,1.0,80.0,80.0,4.0,4.0,930.0,930.0,80.0,80.0,4.0,4.0
410.0,0,6,0,0,night,pa_2,E0,20.0,4,80.0,4,100.0,33.33,1,1,0,2,930.0,42,5,95.45,108,20.0,0.71,1.0,80.0,80.0,4.0,4.0,930.0,930.0,80.0,80.0,4.0,4.0
411.0,0,6,0,0,night,pa_2,E0,20.0,4,80.0,4,100.0,33.33,1,1,0,2,930.0,42,5,95.45,107,20.0,0.71,1.0,80.0,80.0,4.0,4.0,930.0,930.0,80.0,80.0,4.0,4.0
412.0,0,6,0,0,night,pa_2,E0,20.0,4,80.0,4,100.0,33.33,1,1,0,2,930.0,42,5,95.45,112,20.0,0.71,1.0,80.0,80.0,4.0,4.0,930.0,930.0,80.0,80.0,4.0,4.0
413.0,0,6,0,0,night,pa_2,E0,20.0,4,80.0,4,100.0,33.33,1,1,0,2,930.0,42,5,95.45,112,20.0,0.71,1.0,80.0,80.0,4.0,4.0,930.0,930.0,80.0,80.0,4.0,4.0
414.0,0,6,0,0,night,pa_2,E0,20.0,4,80.0,4,100.0,33.33,1,1,0,2,930.0,42,5,95.45,112,20.0,0.71,1.0,80.0,80.0,4.0,4.0,930.0,930.0,80.0,80.0,4.0,4.0
415.0,0,6,0,0,night,pa_2,E0,20.0,4,80.0,4,100.0,33.33,1,1,0,2,930.0,42,5,95.45,112,20.0,0.71,1.0,80.0,80.0,4.0,4.0,930.0,930.0,80.0,80.0,4.0,4.0
416.0,0,6,0,0,night,pa_2,E0,20.0,4,80.0,4,100.0,33.33,1,1,0,2,930.0,42,5,95.45,112,20.0,0.71,1.0,80.0,80.0,4.0,4.0,930.0,930.0,80.0,80.0,4.0,4.0
417.0,0,6,0,0,night,pa_2,E0,20.0,4,80.0,4,100.0,33.33,1,1,0,2,930.0,42,5,95.45,112,20.0,0.71,1.0,80.0,80.0,4.0,4.0,930.0,930.0,80.0,80.0,4.0,4.0
418.0,0,6,0,0,night,pa_2,E0,20.0,4,80.0,4,100.0,33.33,1,1,0,2,930.0,42,5,95.45,112,20.0,0.71,1.0,80.0,80.0,4.0,4.0,930.0,930.0,80.0,80.0,4.0,4.0
419.0,0,6,0,0,night,pa_2,E0,20.0,4,80.0,4,100.0,33.33,1,1,0,2,930.0,42,5,95.45,110,20.0,0.71,1.0,80.0,80.0,4.0,4.0,930.0,930.0,80.0,80.0,4.0,4.0
420.0,0,7,0,0,night,pa_2,E0,20.0,4,80.0,4,100.0,33.33,1,1,0,2,930.0,42,6,95.45,110,20.0,0.71,1.0,80.0,80.0,4.0,4.0,930.0,930.0,80.0,80.0,4.0,4.0
421.0,0,7,0,0,night,pa_2,E0,20.0,4,80.0,4,100.0,33.33,1,1,0,2,930.0,42,6,95.45,112,20.0,0.71,1.0,80.0,80.0,4.0,4.0,930.0,930.0,80.0,80.0,4.0,4.0
422.0,0,7,0,0,night,pa_2,E0,20.0,4,80.0,4,100.0,33.33,1,1,0,2,930.0,42,6,95.45,112,20.0,0.71,1.0,80.0,80.0,4.0,4.0,930.0,930.0,80.0,80.0,4.0,4.0
423.0,0,7,0,0,night,pa_2,E0,20.0,4,80.0,4,100.0,33.33,1,1,0,2,955.0,43,6,97.73,112,20.0,0.71,1.0,80.0,80.0,4.0,4.0,930.0,930.0,80.0,80.0,4.0,4.0
424.0,0,7,0,0,night,pa_2,E0,20.0,4,80.0,4,100.0,33.33,1,1,0,2,955.0,43,6,97.73,112,20.0,0.71,1.0,80.0,80.0,4.0,4.0,955.0,930.0,80.0,80.0,4.0,4.0
425.0,0,7,0,0,night,pa_2,E0,20.0,4,80.0,4,100.0,33.33,1,1,0,2,955.0,43,6,97.73,112,20.0,0.71,1.0,80.0,80.0,4.0,4.0,955.0,930.0,80.0,80.0,4.0,4.0
426.0,0,7,0,0,night,pa_2,E0,20.0,4,80.0,4,100.0,33.33,1,1,0,2,980.0,44,6,100.0,112,20.0,0.71,1.0,80.0,80.0,4.0,4.0,955.0,930.0,80.0,80.0,4.0,4.0
427.0,0,7,0,0,night,pa_2,E0,20.0,4,80.0,4,100.0,33.33,1,1,0,2,980.0,44,6,100.0,112,20.0,0.71,1.0,80.0,80.0,4.0,4.0,980.0,930.0,80.0,80.0,4.0,4.0
428.0,0,7,0,0,night,pa_2,E0,20.0,4,80.0,4,100.0,33.33,1,1,0,2,980.0,44,6,100.0,112,20.0,0.71,1.0,80.0,80.0,4.0,4.0,980.0,955.0,80.0,80.0,4.0,4.0
429.0,0,7,0,0,night,pa_2,E0,20.0,4,80.0,4,100.0,33.33,1,1,0,2,980.0,44,6,100.0,112,20.0,0.71,1.0,80.0,80.0,4.0,4.0,980.0,955.0,80.0,80.0,4.0,4.0
430.0,0,7,0,0,night,pa_2,E0,20.0,4,80.0,4,100.0,33.33,1,1,0,2,980.0,44,6,100.0,112,20.0,0.71,1.0,80.0,80.0,4.0,4.0,980.0,955.0,80.0,80.0,4.0,4.0
431.0,0,7,0,0,night,pa_2,E0,20.0,4,80.0,4,100.0,33.33,1,1,0,2,980.0,44,6,100.0,112,20.0,0.71,1.0,80.0,80.0,4.0,4.0,980.0,980.0,80.0,80.0,4.0,4.0
432.0,0,7,0,0,night,pa_2,E0,20.0,4,80.0,4,100.0,33.33,1,1,0,2,980.0,44,6,100.0,112,20.0,0.71,1.0,80.0,80.0,4.0,4.0,980.0,980.0,80.0,80.0,4.0,4.0
433.0,0,7,0,0,night,pa_2,E0,20.0,4,80.0,4,100.0,66.67,2,2,0,1,980.0,44,8,100.0,117,20.0,0.86,1.0,80.0,80.0,4.0,4.0,980.0,980.0,80.0,80.0,4.0,4.0
434.0,0,7,0,0,night,pa_2,E0,20.0,4,80.0,4,100.0,66.67,2,2,0,1,980.0,44,8,100.0,117,20.0,0.86,1.0,80.0,80.0,4.0,4.0,980.0,980.0,80.0,80.0,4.0,4.0
435.0,0,7,0,0,night,pa_2,E0,20.0,4,80.0,4,100.0,66.67,2,2,0,1,980.0,44,8,100.0,117,20.0,0.86,1.0,80.0,80.0,4.0,4.0,980.0,980.0,80.0,80.0,4.0,4.0
436.0,0,7,0,0,night,pa_2,E0,20.0,4,80.0,4,100.0,66.67,2,2,0,1,980.0,44,8,100.0,117,20.0,0.86,1.0,80.0,80.0,4.0,4.0,980.0,980.0,80.0,80.0,4.0,4.0
437.0,0,7,0,0,night,pa_2,E0,20.0,4,80.0,4,100.0,66.67,2,2,0,1,980.0,44,8,100.0,117,20.0,0.86,1.0,80.0,80.0,4.0,4.0,980.0,980.0,80.0,80.0,4.0,4.0
438.0,0,7,0,0,night,pa_2,E0,20.0,4,80.0,4,100.0,66.67,2,2,0,1,980.0,44,8,100.0,117,20.0,0.86,1.0,80.0,80.0,4.0,4.0,980.0,980.0,80.0,80.0,4.0,4.0
439.0,0,7,0,0,night,pa_2,E0,20.0,4,80.0,4,100.0,66.67,2,2,0,1,980.0,44,8,100.0,117,20.0,0.86,1.0,80.0,80.0,4.0,4.0,980.0,980.0,80.0,80.0,4.0,4.0
440.0,0,7,0,0,night,pa_2,E0,20.0,4,80.0,4,100.0,66.67,2,2,0,1,980.0,44,8,100.0,117,20.0,0.86,1.0,80.0,80.0,4.0,4.0,980.0,980.0,80.0,80.0,4.0,4.0
441.0,0,7,0,0,night,pa_2,E0,20.0,4,80.0,4,100.0,66.67,2,2,0,1,980.0,44,8,100.0,117,20.0,0.86,1.0,80.0,80.0,4.0,4.0,980.0,980.0,80.0,80.0,4.0,4.0
442.0,0,7,0,0,night,pa_2,E0,20.0,4,80.0,4,100.0,66.67,2,2,0,1,980.0,44,9,100.0,117,20.0,0.86,1.0,80.0,80.0,4.0,4.0,980.0,980.0,80.0,80.0,4.0,4.0
443.0,0,7,0,0,night,pa_2,E0,20.0,4,80.0,4,100.0,66.67,2,2,0,1,980.0,44,9,100.0,116,20.0,0.86,1.0,80.0,80.0,4.0,4.0,980.0,980.0,80.0,80.0,4.0,4.0
444.0,0,7,0,0,night,pa_2,E0,20.0,4,80.0,4,100.0,66.67,2,2,0,1,980.0,44,9,100.0,116,20.0,0.86,1.0,80.0,80.0,4.0,4.0,980.0,980.0,80.0,80.0,4.0,4.0
445.0,0,7,0,0,night,pa_2,E0,20.0,4,80.0,4,100.0,66.67,2,2,0,1,980.0,44,10,100.0,116,20.0,0.86,1.0,80.0,80.0,4.0,4.0,980.0,980.0,80.0,80.0,4.0,4.0
446.0,0,7,0,0,night,pa_2,E0,20.0,4,80.0,4,100.0,66.67,2,2,0,1,980.0,44,10,100.0,114,20.0,0.86,1.0,80.0,80.0,4.0,4.0,980.0,980.0,80.0,80.0,4.0,4.0
447.0,0,7,0,0,night,pa_2,E0,20.0,4,80.0,4,100.0,66.67,2,2,0,1,980.0,44,10,100.0,113,20.0,0.86,1.0,80.0,80.0,4.0,4.0,980.0,980.0,80.0,80.0,4.0,4.0
448.0,0,7,0,0,night,pa_2,E0,20.0,4,80.0,4,100.0,66.67,2,2,0,1,980.0,44,10,100.0,113,20.0,0.86,1.0,80.0,80.0,4.0,4.0,980.0,980.0,80.0,80.0,4.0,4.0
449.0,0,7,0,0,night,pa_2,E0,20.0,4,80.0,4,100.0,66.67,2,2,0,1,980.0,44,10,100.0,113,20.0,0.86,1.0,80.0,80.0,4.0,4.0,980.0,980.0,80.0,80.0,4.0,4.0
450.0,0,7,0,0,night,pa_2,E0,20.0,4,80.0,4,100.0,66.67,2,2,0,1,980.0,44,10,100.0,113,20.0,0.86,1.0,80.0,80.0,4.0,4.0,980.0,980.0,80.0,80.0,4.0,4.0
451.0,0,7,0,0,night,pa_2,E0,20.0,4,80.0,4,100.0,66.67,2,2,0,1,980.0,44,10,100.0,113,20.0,0.86,1.0,80.0,80.0,4.0,4.0,980.0,980.0,80.0,80.0,4.0,4.0
452.0,0,7,0,0,night,pa_2,E0,20.0,4,80.0,4,100.0,66.67,2,2,0,1,980.0,44,11,100.0,113,20.0,0.86,1.0,80.0,80.0,4.0,4.0,980.0,980.0,80.0,80.0,4.0,4.0
453.0,0,7,0,0,night,pa_2,E0,20.0,4,80.0,4,100.0,66.67,2,2,0,1,980.0,44,11,100.0,114,20.0,0.86,1.0,80.0,80.0,4.0,4.0,980.0,980.0,80.0,80.0,4.0,4.0
454.0,0,7,0,0,night,pa_2,E0,20.0,4,80.0,4,100.0,66.67,2,2,0,1,980.0,44,11,100.0,114,20.0,0.86,1.0,80.0,80.0,4.0,4.0,980.0,980.0,80.0,80.0,4.0,4.0
455.0,0,7,0,0,night,pa_2,E0,20.0,4,80.0,4,100.0,66.67,2,2,0,1,980.0,44,11,100.0,114,20.0,0.86,1.0,80.0,80.0,4.0,4.0,980.0,980.0,80.0,80.0,4.0,4.0
456.0,0,7,0,0,night,pa_2,E0,20.0,4,80.0,4,100.0,66.67,2,2,0,1,980.0,44,12,100.0,114,20.0,0.86,1.0,80.0,80.0,4.0,4.0,980.0,980.0,80.0,80.0,4.0,4.0
457.0,0,7,0,0,night,pa_2,E0,20.0,4,80.0,4,100.0,66.67,2,2,0,1,980.0,44,14,100.0,114,20.0,0.86,1.0,80.0,80.0,4.0,4.0,980.0,980.0,80.0,80.0,4.0,4.0
458.0,0,7,0,0,night,pa_2,E0,20.0,4,80.0,4,100.0,66.67,2,2,0,1,980.0,44,15,100.0,113,20.0,0.86,1.0,80.0,80.0,4.0,4.0,980.0,980.0,80.0,80.0,4.0,4.0
459.0,0,7,0,0,night,pa_2,E0,20.0,4,80.0,4,100.0,66.67,2,2,0,1,980.0,44,15,100.0,112,20.0,0.86,1.0,80.0,80.0,4.0,4.0,980.0,980.0,80.0,80.0,4.0,4.0
460.0,0,7,0,0,night,pa_2,E0,20.0,4,80.0,4,100.0,66.67,2,2,0,1,980.0,44,15,100.0,112,20.0,0.86,1.0,80.0,80.0,4.0,4.0,980.0,980.0,80.0,80.0,4.0,4.0
461.0,0,7,0,0,night,pa_2,E0,20.0,4,80.0,4,100.0,100.0,3,3,0,0,980.0,44,18,100.0,112,20.0,1.0,1.0,80.0,80.0,4.0,4.0,980.0,980.0,80.0,80.0,4.0,4.0
462.0,0,7,0,0,night,pa_2,E0,20.0,4,80.0,4,100.0,100.0,3,3,0,0,980.0,44,18,100.0,112,20.0,1.0,1.0,80.0,80.0,4.0,4.0,980.0,980.0,80.0,80.0,4.0,4.0
463.0,0,7,0,0,night,pa_2,E0,20.0,4,80.0,4,100.0,100.0,3,3,0,0,980.0,44,18,100.0,113,20.0,1.0,1.0,80.0,80.0,4.0,4.0,980.0,980.0,80.0,80.0,4.0,4.0
464.0,0,7,0,0,night,pa_2,E0,20.0,4,80.0,4,100.0,100.0,3,3,0,0,980.0,44,18,100.0,113,20.0,1.0,1.0,80.0,80.0,4.0,4.0,980.0,980.0,80.0,80.0,4.0,4.0
465.0,0,7,0,0,night,pa_2,E0,20.0,4,80.0,4,100.0,100.0,3,3,0,0,980.0,44,18,100.0,112,20.0,1.0,1.0,80.0,80.0,4.0,4.0,980.0,980.0,80.0,80.0,4.0,4.0
466.0,0,7,0,0,night,pa_2,E0,20.0,4,80.0,4,100.0,100.0,3,3,0,0,980.0,44,18,100.0,111,20.0,1.0,1.0,80.0,80.0,4.0,4.0,980.0,980.0,80.0,80.0,4.0,4.0
467.0,0,7,0,0,night,pa_2,E0,20.0,4,80.0,4,100.0,100.0,3,3,0,0,980.0,44,18,100.0,110,20.0,1.0,1.0,80.0,80.0,4.0,4.0,980.0,980.0,80.0,80.0,4.0,4.0
468.0,0,7,0,0,night,pa_2,E0,20.0,4,80.0,4,100.0,100.0,3,3,0,0,980.0,44,19,100.0,110,20.0,1.0,1.0,80.0,80.0,4.0,4.0,980.0,980.0,80.0,80.0,4.0,4.0
469.0,0,7,0,0,night,pa_2,E0,20.0,4,80.0,4,100.0,100.0,3,3,0,0,980.0,44,19,100.0,110,20.0,1.0,1.0,80.0,80.0,4.0,4.0,980.0,980.0,80.0,80.0,4.0,4.0
470.0,0,7,0,0,night,pa_2,E0,20.0,4,80.0,4,100.0,100.0,3,3,0,0,980.0,44,19,100.0,110,20.0,1.0,1.0,80.0,80.0,4.0,4.0,980.0,980.0,80.0,80.0,4.0,4.0
471.0,0,7,0,0,night,pa_2,E0,20.0,4,80.0,4,100.0,100.0,3,3,0,0,980.0,44,19,100.0,109,20.0,1.0,1.0,80.0,80.0,4.0,4.0,980.0,980.0,80.0,80.0,4.0,4.0
472.0,0,7,0,0,night,pa_2,E0,20.0,4,80.0,4,100.0,100.0,3,3,0,0,980.0,44,19,100.0,108,20.0,1.0,1.0,80.0,80.0,4.0,4.0,980.0,980.0,80.0,80.0,4.0,4.0
473.0,0,7,0,0,night,pa_2,E0,20.0,4,80.0,4,100.0,100.0,3,3,0,0,980.0,44,19,100.0,108,20.0,1.0,1.0,80.0,80.0,4.0,4.0,980.0,980.0,80.0,80.0,4.0,4.0
474.0,0,7,0,0,night,pa_2,E0,20.0,4,80.0,4,100.0,100.0,3,3,0,0,980.0,44,19,100.0,108,20.0,1.0,1.0,80.0,80.0,4.0,4.0,980.0,980.0,80.0,80.0,4.0,4.0
475.0,0,7,0,0,night,pa_2,E0,20.0,4,80.0,4,100.0,100.0,3,3,0,0,980.0,44,20,100.0,108,20.0,1.0,1.0,80.0,80.0,4.0,4.0,980.0,980.0,80.0,80.0,4.0,4.0
476.0,0,7,0,0,night,pa_2,E0,20.0,4,80.0,4,100.0,100.0,3,3,0,0,980.0,44,20,100.0,108,20.0,1.0,1.0,80.0,80.0,4.0,4.0,980.0,980.0,80.0,80.0,4.0,4.0
477.0,0,7,0,0,night,pa_2,E0,20.0,4,80.0,4,100.0,100.0,3,3,0,0,980.0,44,20,100.0,108,20.0,1.0,1.0,80.0,80.0,4.0,4.0,980.0,980.0,80.0,80.0,4.0,4.0
478.0,0,7,0,0,night,pa_2,E0,20.0,4,80.0,4,100.0,100.0,3,3,0,0,980.0,44,21,100.0,107,20.0,1.0,1.0,80.0,80.0,4.0,4.0,980.0,980.0,80.0,80.0,4.0,4.0
479.0,0,7,0,0,night,pa_2,E0,20.0,4,80.0,4,100.0,100.0,3,3,0,0,980.0,44,21,100.0,107,20.0,1.0,1.0,80.0,80.0,4.0,4.0,980.0,980.0,80.0,80.0,4.0,4.0
480.0,0,8,0,0,night,pa_2,E0,20.0,4,80.0,4,100.0,100.0,3,3,0,0,980.0,44,21,100.0,106,20.0,1.0,1.0,80.0,80.0,4.0,4.0,980.0,980.0,80.0,80.0,4.0,4.0
481.0,0,8,0,0,night,pa_2,E0,20.0,4,80.0,4,100.0,100.0,3,3,0,0,980.0,44,21,100.0,110,20.0,1.0,1.0,80.0,80.0,4.0,4.0,980.0,980.0,80.0,80.0,4.0,4.0
482.0,0,8,0,0,night,pa_2,E0,20.0,4,80.0,4,100.0,100.0,3,3,0,0,980.0,44,21,100.0,110,20.0,1.0,1.0,80.0,80.0,4.0,4.0,980.0,980.0,80.0,80.0,4.0,4.0
483.0,0,8,0,0,night,pa_2,E0,20.0,4,80.0,4,100.0,100.0,3,3,0,0,980.0,44,21,100.0,112,20.0,1.0,1.0,80.0,80.0,4.0,4.0,980.0,980.0,80.0,80.0,4.0,4.0
484.0,0,8,0,0,night,pa_2,E0,20.0,4,80.0,4,100.0,100.0,3,3,0,0,980.0,44,21,100.0,112,20.0,1.0,1.0,80.0,80.0,4.0,4.0,980.0,980.0,80.0,80.0,4.0,4.0
485.0,0,8,0,0,night,pa_2,E0,20.0,4,80.0,4,100.0,100.0,3,3,0,0,980.0,44,22,100.0,112,20.0,1.0,1.0,80.0,80.0,4.0,4.0,980.0,980.0,80.0,80.0,4.0,4.0
486.0,0,8,0,0,night,pa_2,E0,20.0,4,80.0,4,100.0,100.0,3,3,0,0,980.0,44,22,100.0,113,20.0,1.0,1.0,80.0,80.0,4.0,4.0,980.0,980.0,80.0,80.0,4.0,4.0
487.0,0,8,0,0,night,pa_2,E0,20.0,4,80.0,4,100.0,100.0,3,3,0,0,980.0,44,22,100.0,112,20.0,1.0,1.0,80.0,80.0,4.0,4.0,980.0,980.0,80.0,80.0,4.0,4.0
488.0,0,8,0,0,night,pa_2,E0,20.0,4,80.0,4,100.0,100.0,3,3,0,0,980.0,44,23,100.0,113,20.0,1.0,1.0,80.0,80.0,4.0,4.0,980.0,980.0,80.0,80.0,4.0,4.0
489.0,0,8,0,0,night,pa_2,E0,20.0,4,80.0,4,100.0,100.0,3,3,0,0,980.0,44,23,100.0,113,20.0,1.0,1.0,80.0,80.0,4.0,4.0,980.0,980.0,80.0,80.0,4.0,4.0
490.0,0,8,0,0,night,pa_2,E0,20.0,4,80.0,4,100.0,100.0,3,3,0,0,980.0,44,23,100.0,113,20.0,1.0,1.0,80.0,80.0,4.0,4.0,980.0,980.0,80.0,80.0,4.0,4.0
491.0,0,8,0,0,night,pa_2,E0,20.0,4,80.0,4,100.0,100.0,3,3,0,0,980.0,44,23,100.0,113,20.0,1.0,1.0,80.0,80.0,4.0,4.0,980.0,980.0,80.0,80.0,4.0,4.0
492.0,0,8,0,0,night,pa_2,E0,20.0,4,80.0,4,100.0,100.0,3,3,0,0,980.0,44,23,100.0,113,20.0,1.0,1.0,80.0,80.0,4.0,4.0,980.0,980.0,80.0,80.0,4.0,4.0
493.0,0,8,0,0,night,pa_2,E0,20.0,4,80.0,4,100.0,100.0,3,3,0,0,980.0,44,24,100.0,113,20.0,1.0,1.0,80.0,80.0,4.0,4.0,980.0,980.0,80.0,80.0,4.0,4.0
494.0,0,8,0,0,night,pa_2,E0,20.0,4,80.0,4,100.0,100.0,3,3,0,0,980.0,44,24,100.0,113,20.0,1.0,1.0,80.0,80.0,4.0,4.0,980.0,980.0,80.0,80.0,4.0,4.0
495.0,0,8,0,0,night,pa_2,E0,20.0,4,80.0,4,100.0,100.0,3,3,0,0,980.0,44,24,100.0,113,20.0,1.0,1.0,80.0,80.0,4.0,4.0,980.0,980.0,80.0,80.0,4.0,4.0
496.0,0,8,0,0,night,pa_2,E0,20.0,4,80.0,4,100.0,100.0,3,3,0,0,980.0,44,25,100.0,113,20.0,1.0,1.0,80.0,80.0,4.0,4.0,980.0,980.0,80.0,80.0,4.0,4.0
497.0,0,8,0,0,night,pa_2,E0,20.0,4,80.0,4,100.0,100.0,3,3,0,0,980.0,44,26,100.0,113,20.0,1.0,1.0,80.0,80.0,4.0,4.0,980.0,980.0,80.0,80.0,4.0,4.0
498.0,0,8,0,0,night,pa_2,E0,20.0,4,80.0,4,100.0,133.33,4,4,0,-1,980.0,44,27,100.0,112,20.0,1.14,1.0,80.0,80.0,4.0,4.0,980.0,980.0,80.0,80.0,4.0,4.0
499.0,0,8,0,0,night,pa_2,E0,20.0,4,80.0,4,100.0,133.33,4,4,0,-1,980.0,44,27,100.0,112,20.0,1.14,1.0,80.0,80.0,4.0,4.0,980.0,980.0,80.0,80.0,4.0,4.0
500.0,0,8,0,0,night,pa_2,E0,20.0,4,80.0,4,100.0,133.33,4,4,0,-1,980.0,44,27,100.0,112,20.0,1.14,1.0,80.0,80.0,4.0,4.0,980.0,980.0,80.0,80.0,4.0,4.0
501.0,0,8,0,0,night,pa_2,E0,20.0,4,80.0,4,100.0,133.33,4,4,0,-1,980.0,44,27,100.0,111,20.0,1.14,1.0,80.0,80.0,4.0,4.0,980.0,980.0,80.0,80.0,4.0,4.0
502.0,0,8,0,0,night,pa_2,E0,20.0,4,80.0,4,100.0,133.33,4,4,0,-1,980.0,44,27,100.0,110,20.0,1.14,1.0,80.0,80.0,4.0,4.0,980.0,980.0,80.0,80.0,4.0,4.0
503.0,0,8,0,0,night,pa_2,E0,20.0,4,80.0,4,100.0,133.33,4,4,0,-1,980.0,44,27,100.0,110,20.0,1.14,1.0,80.0,80.0,4.0,4.0,980.0,980.0,80.0,80.0,4.0,4.0
504.0,0,8,0,0,night,pa_2,E0,20.0,4,80.0,4,100.0,133.33,4,4,0,-1,980.0,44,27,100.0,110,20.0,1.14,1.0,80.0,80.0,4.0,4.0,980.0,980.0,80.0,80.0,4.0,4.0
505.0,0,8,0,0,night,pa_2,E0,20.0,4,80.0,4,100.0,133.33,4,4,0,-1,980.0,44,27,100.0,112,20.0,1.14,1.0,80.0,80.0,4.0,4.0,980.0,980.0,80.0,80.0,4.0,4.0
506.0,0,8,0,0,night,pa_2,E0,20.0,4,80.0,4,100.0,133.33,4,4,0,-1,980.0,44,27,100.0,112,20.0,1.14,1.0,80.0,80.0,4.0,4.0,980.0,980.0,80.0,80.0,4.0,4.0
507.0,0,8,0,0,night,pa_2,E0,20.0,4,80.0,4,100.0,133.33,4,4,0,-1,980.0,44,27,100.0,112,20.0,1.14,1.0,80.0,80.0,4.0,4.0,980.0,980.0,80.0,80.0,4.0,4.0
508.0,0,8,0,0,night,pa_2,E0,20.0,4,80.0,4,100.0,133.33,4,4,0,-1,980.0,44,27,100.0,112,20.0,1.14,1.0,80.0,80.0,4.0,4.0,980.0,980.0,80.0,80.0,4.0,4.0
509.0,0,8,0,0,night,pa_2,E0,20.0,4,80.0,4,100.0,133.33,4,4,0,-1,980.0,44,27,100.0,112,20.0,1.14,1.0,80.0,80.0,4.0,4.0,980.0,980.0,80.0,80.0,4.0,4.0
510.0,0,8,0,0,night,pa_2,E0,20.0,4,80.0,4,100.0,133.33,4,4,0,-1,980.0,44,27,100.0,112,20.0,1.14,1.0,80.0,80.0,4.0,4.0,980.0,980.0,80.0,80.0,4.0,4.0
511.0,0,8,0,0,night,pa_2,E0,20.0,4,80.0,4,100.0,133.33,4,4,0,-1,980.0,44,27,100.0,111,20.0,1.14,1.0,80.0,80.0,4.0,4.0,980.0,980.0,80.0,80.0,4.0,4.0
512.0,0,8,0,0,night,pa_2,E0,20.0,4,80.0,4,100.0,133.33,4,4,0,-1,980.0,44,28,100.0,111,20.0,1.14,1.0,80.0,80.0,4.0,4.0,980.0,980.0,80.0,80.0,4.0,4.0
513.0,0,8,0,0,night,pa_2,E0,20.0,4,80.0,4,100.0,133.33,4,4,0,-1,980.0,44,28,100.0,111,20.0,1.14,1.0,80.0,80.0,4.0,4.0,980.0,980.0,80.0,80.0,4.0,4.0
514.0,0,8,0,0,night,pa_2,E0,20.0,4,80.0,4,100.0,133.33,4,4,0,-1,980.0,44,28,100.0,111,20.0,1.14,1.0,80.0,80.0,4.0,4.0,980.0,980.0,80.0,80.0,4.0,4.0
515.0,0,8,0,0,night,pa_2,E0,20.0,4,80.0,4,100.0,133.33,4,4,0,-1,980.0,44,28,100.0,115,20.0,1.14,1.0,80.0,80.0,4.0,4.0,980.0,980.0,80.0,80.0,4.0,4.0
516.0,0,8,0,0,night,pa_2,E0,20.0,4,80.0,4,100.0,133.33,4,4,0,-1,980.0,44,28,100.0,115,20.0,1.14,1.0,80.0,80.0,4.0,4.0,980.0,980.0,80.0,80.0,4.0,4.0
517.0,0,8,0,0,night,pa_2,E0,20.0,4,80.0,4,100.0,133.33,4,4,0,-1,980.0,44,28,100.0,115,20.0,1.14,1.0,80.0,80.0,4.0,4.0,980.0,980.0,80.0,80.0,4.0,4.0
518.0,0,8,0,0,night,pa_2,E0,20.0,4,80.0,4,100.0,133.33,4,4,0,-1,980.0,44,28,100.0,114,20.0,1.14,1.0,80.0,80.0,4.0,4.0,980.0,980.0,80.0,80.0,4.0,4.0
519.0,0,8,0,0,night,pa_2,E0,20.0,4,80.0,4,100.0,133.33,4,4,0,-1,980.0,44,28,100.0,114,20.0,1.14,1.0,80.0,80.0,4.0,4.0,980.0,980.0,80.0,80.0,4.0,4.0
520.0,0,8,0,0,night,pa_2,E0,20.0,4,80.0,4,100.0,133.33,4,4,0,-1,980.0,44,28,100.0,114,20.0,1.14,1.0,80.0,80.0,4.0,4.0,980.0,980.0,80.0,80.0,4.0,4.0
521.0,0,8,0,0,night,pa_2,E0,20.0,4,80.0,4,100.0,133.33,4,4,0,-1,980.0,44,28,100.0,115,20.0,1.14,1.0,80.0,80.0,4.0,4.0,980.0,980.0,80.0,80.0,4.0,4.0
522.0,0,8,0,0,night,pa_2,E0,20.0,4,80.0,4,100.0,133.33,4,4,0,-1,980.0,44,28,100.0,115,20.0,1.14,1.0,80.0,80.0,4.0,4.0,980.0,980.0,80.0,80.0,4.0,4.0
523.0,0,8,0,0,night,pa_2,E0,20.0,4,80.0,4,100.0,133.33,4,4,0,-1,980.0,44,28,100.0,115,20.0,1.14,1.0,80.0,80.0,4.0,4.0,980.0,980.0,80.0,80.0,4.0,4.0
524.0,0,8,0,0,night,pa_2,E0,20.0,4,80.0,4,100.0,133.33,4,4,0,-1,980.0,44,28,100.0,115,20.0,1.14,1.0,80.0,80.0,4.0,4.0,980.0,980.0,80.0,80.0,4.0,4.0
525.0,0,8,0,0,night,pa_2,E0,20.0,4,80.0,4,100.0,133.33,4,4,0,-1,980.0,44,29,100.0,115,20.0,1.14,1.0,80.0,80.0,4.0,4.0,980.0,980.0,80.0,80.0,4.0,4.0
526.0,0,8,0,0,night,pa_2,E0,20.0,4,80.0,4,100.0,133.33,4,4,0,-1,980.0,44,29,100.0,115,20.0,1.14,1.0,80.0,80.0,4.0,4.0,980.0,980.0,80.0,80.0,4.0,4.0
527.0,0,8,0,0,night,pa_2,E0,20.0,4,80.0,4,100.0,133.33,4,4,0,-1,980.0,44,29,100.0,114,20.0,1.14,1.0,80.0,80.0,4.0,4.0,980.0,980.0,80.0,80.0,4.0,4.0
528.0,0,8,0,0,night,pa_2,E0,20.0,4,80.0,4,100.0,133.33,4,4,0,-1,980.0,44,29,100.0,114,20.0,1.14,1.0,80.0,80.0,4.0,4.0,980.0,980.0,80.0,80.0,4.0,4.0
529.0,0,8,0,0,night,pa_2,E0,20.0,4,80.0,4,100.0,133.33,4,4,0,-1,980.0,44,29,100.0,114,20.0,1.14,1.0,80.0,80.0,4.0,4.0,980.0,980.0,80.0,80.0,4.0,4.0
530.0,0,8,0,0,night,pa_2,E0,20.0,4,80.0,4,100.0,133.33,4,4,0,-1,980.0,44,29,100.0,113,20.0,1.14,1.0,80.0,80.0,4.0,4.0,980.0,980.0,80.0,80.0,4.0,4.0
531.0,0,8,0,0,night,pa_2,E0,20.0,4,80.0,4,100.0,133.33,4,4,0,-1,980.0,44,29,100.0,113,20.0,1.14,1.0,80.0,80.0,4.0,4.0,980.0,980.0,80.0,80.0,4.0,4.0
532.0,0,8,0,0,night,pa_2,E0,20.0,4,80.0,4,100.0,133.33,4,4,0,-1,980.0,44,29,100.0,113,20.0,1.14,1.0,80.0,80.0,4.0,4.0,980.0,980.0,80.0,80.0,4.0,4.0
533.0,0,8,0,0,night,pa_2,E0,20.0,4,80.0,4,100.0,133.33,4,4,0,-1,980.0,44,30,100.0,113,20.0,1.14,1.0,80.0,80.0,4.0,4.0,980.0,980.0,80.0,80.0,4.0,4.0
534.0,0,8,0,0,night,pa_2,E0,20.0,4,80.0,4,100.0,133.33,4,4,0,-1,980.0,44,30,100.0,113,20.0,1.14,1.0,80.0,80.0,4.0,4.0,980.0,980.0,80.0,80.0,4.0,4.0
535.0,0,8,0,0,night,pa_2,E0,20.0,4,80.0,4,100.0,133.33,4,4,0,-1,980.0,44,30,100.0,112,20.0,1.14,1.0,80.0,80.0,4.0,4.0,980.0,980.0,80.0,80.0,4.0,4.0
536.0,0,8,0,0,night,pa_2,E0,20.0,4,80.0,4,100.0,133.33,4,4,0,-1,980.0,44,30,100.0,112,20.0,1.14,1.0,80.0,80.0,4.0,4.0,980.0,980.0,80.0,80.0,4.0,4.0
537.0,0,8,0,0,night,pa_2,E0,20.0,4,80.0,4,100.0,133.33,4,4,0,-1,980.0,44,30,100.0,112,20.0,1.14,1.0,80.0,80.0,4.0,4.0,980.0,980.0,80.0,80.0,4.0,4.0
538.0,0,8,0,0,night,pa_2,E0,20.0,4,80.0,4,100.0,133.33,4,4,0,-1,980.0,44,30,100.0,112,20.0,1.14,1.0,80.0,80.0,4.0,4.0,980.0,980.0,80.0,80.0,4.0,4.0
539.0,0,8,0,0,night,pa_2,E0,20.0,4,80.0,4,100.0,133.33,4,4,0,-1,980.0,44,30,100.0,112,20.0,1.14,1.0,80.0,80.0,4.0,4.0,980.0,980.0,80.0,80.0,4.0,4.0
540.0,0,9,0,0,night,pa_2,E0,20.0,4,80.0,4,100.0,133.33,4,4,0,-1,980.0,44,31,100.0,112,20.0,1.14,1.0,80.0,80.0,4.0,4.0,980.0,980.0,80.0,80.0,4.0,4.0
541.0,0,9,0,0,night,pa_2,E0,20.0,4,80.0,4,100.0,133.33,4,4,0,-1,980.0,44,31,100.0,115,20.0,1.14,1.0,80.0,80.0,4.0,4.0,980.0,980.0,80.0,80.0,4.0,4.0
542.0,0,9,0,0,night,pa_2,E0,20.0,4,80.0,4,100.0,133.33,4,4,0,-1,980.0,44,31,100.0,115,20.0,1.14,1.0,80.0,80.0,4.0,4.0,980.0,980.0,80.0,80.0,4.0,4.0
543.0,0,9,0,0,night,pa_2,E0,20.0,4,80.0,4,100.0,133.33,4,4,0,-1,980.0,44,32,100.0,117,20.0,1.14,1.0,80.0,80.0,4.0,4.0,980.0,980.0,80.0,80.0,4.0,4.0
544.0,0,9,0,0,night,pa_2,E0,20.0,4,80.0,4,100.0,133.33,4,4,0,-1,980.0,44,32,100.0,117,20.0,1.14,1.0,80.0,80.0,4.0,4.0,980.0,980.0,80.0,80.0,4.0,4.0
545.0,0,9,0,0,night,pa_2,E0,20.0,4,80.0,4,100.0,133.33,4,4,0,-1,980.0,44,32,100.0,117,20.0,1.14,1.0,80.0,80.0,4.0,4.0,980.0,980.0,80.0,80.0,4.0,4.0
546.0,0,9,0,0,night,pa_2,E0,20.0,4,80.0,4,100.0,133.33,4,4,0,-1,980.0,44,32,100.0,117,20.0,1.14,1.0,80.0,80.0,4.0,4.0,980.0,980.0,80.0,80.0,4.0,4.0
547.0,0,9,0,0,night,pa_2,E0,20.0,4,80.0,4,100.0,133.33,4,4,0,-1,980.0,44,32,100.0,118,20.0,1.14,1.0,80.0,80.0,4.0,4.0,980.0,980.0,80.0,80.0,4.0,4.0
548.0,0,9,0,0,night,pa_2,E0,20.0,4,80.0,4,100.0,133.33,4,4,0,-1,980.0,44,34,100.0,117,20.0,1.14,1.0,80.0,80.0,4.0,4.0,980.0,980.0,80.0,80.0,4.0,4.0
549.0,0,9,0,0,night,pa_2,E0,20.0,4,80.0,4,100.0,133.33,4,4,0,-1,980.0,44,35,100.0,116,20.0,1.14,1.0,80.0,80.0,4.0,4.0,980.0,980.0,80.0,80.0,4.0,4.0
550.0,0,9,0,0,night,pa_2,E0,20.0,4,80.0,4,100.0,166.67,5,5,0,-2,980.0,44,39,100.0,116,20.0,1.29,1.0,80.0,80.0,4.0,4.0,980.0,980.0,80.0,80.0,4.0,4.0
551.0,0,9,0,0,night,pa_2,E0,20.0,4,80.0,4,100.0,166.67,5,5,0,-2,980.0,44,39,100.0,116,20.0,1.29,1.0,80.0,80.0,4.0,4.0,980.0,980.0,80.0,80.0,4.0,4.0
552.0,0,9,0,0,night,pa_2,E0,20.0,4,80.0,4,100.0,166.67,5,5,0,-2,980.0,44,40,100.0,116,20.0,1.29,1.0,80.0,80.0,4.0,4.0,980.0,980.0,80.0,80.0,4.0,4.0
553.0,0,9,0,0,night,pa_2,E0,20.0,4,80.0,4,100.0,166.67,5,5,0,-2,980.0,44,40,100.0,116,20.0,1.29,1.0,80.0,80.0,4.0,4.0,980.0,980.0,80.0,80.0,4.0,4.0
554.0,0,9,0,0,night,pa_2,E0,20.0,4,80.0,4,100.0,166.67,5,5,0,-2,980.0,44,40,100.0,116,20.0,1.29,1.0,80.0,80.0,4.0,4.0,980.0,980.0,80.0,80.0,4.0,4.0
555.0,0,9,0,0,night,pa_2,E0,20.0,4,80.0,4,100.0,166.67,5,5,0,-2,980.0,44,40,100.0,115,20.0,1.29,1.0,80.0,80.0,4.0,4.0,980.0,980.0,80.0,80.0,4.0,4.0
556.0,0,9,0,0,night,pa_2,E0,20.0,4,80.0,4,100.0,166.67,5,5,0,-2,980.0,44,40,100.0,115,20.0,1.29,1.0,80.0,80.0,4.0,4.0,980.0,980.0,80.0,80.0,4.0,4.0
557.0,0,9,0,0,night,pa_2,E0,20.0,4,80.0,4,100.0,166.67,5,5,0,-2,980.0,44,40,100.0,114,20.0,1.29,1.0,80.0,80.0,4.0,4.0,980.0,980.0,80.0,80.0,4.0,4.0
558.0,0,9,0,0,night,pa_2,E0,20.0,4,80.0,4,100.0,166.67,5,5,0,-2,980.0,44,40,100.0,114,20.0,1.29,1.0,80.0,80.0,4.0,4.0,980.0,980.0,80.0,80.0,4.0,4.0
559.0,0,9,0,0,night,pa_2,E0,20.0,4,80.0,4,100.0,166.67,5,5,0,-2,980.0,44,40,100.0,113,20.0,1.29,1.0,80.0,80.0,4.0,4.0,980.0,980.0,80.0,80.0,4.0,4.0
560.0,0,9,0,0,night,pa_2,E0,20.0,4,80.0,4,100.0,166.67,5,5,0,-2,980.0,44,40,100.0,113,20.0,1.29,1.0,80.0,80.0,4.0,4.0,980.0,980.0,80.0,80.0,4.0,4.0
561.0,0,9,0,0,night,pa_2,E0,20.0,4,80.0,4,100.0,166.67,5,5,0,-2,980.0,44,41,100.0,115,20.0,1.29,1.0,80.0,80.0,4.0,4.0,980.0,980.0,80.0,80.0,4.0,4.0
562.0,0,9,0,0,night,pa_2,E0,20.0,4,80.0,4,100.0,166.67,5,5,0,-2,980.0,44,41,100.0,115,20.0,1.29,1.0,80.0,80.0,4.0,4.0,980.0,980.0,80.0,80.0,4.0,4.0
563.0,0,9,0,0,night,pa_2,E0,20.0,4,80.0,4,100.0,166.67,5,5,0,-2,980.0,44,41,100.0,115,20.0,1.29,1.0,80.0,80.0,4.0,4.0,980.0,980.0,80.0,80.0,4.0,4.0
564.0,0,9,0,0,night,pa_2,E0,20.0,4,80.0,4,100.0,166.67,5,5,0,-2,980.0,44,41,100.0,114,20.0,1.29,1.0,80.0,80.0,4.0,4.0,980.0,980.0,80.0,80.0,4.0,4.0
565.0,0,9,0,0,night,pa_2,E0,20.0,4,80.0,4,100.0,166.67,5,5,0,-2,980.0,44,42,100.0,114,20.0,1.29,1.0,80.0,80.0,4.0,4.0,980.0,980.0,80.0,80.0,4.0,4.0
566.0,0,9,0,0,night,pa_2,E0,20.0,4,80.0,4,100.0,166.67,5,5,0,-2,980.0,44,42,100.0,116,20.0,1.29,1.0,80.0,80.0,4.0,4.0,980.0,980.0,80.0,80.0,4.0,4.0
567.0,0,9,0,0,night,pa_2,E0,20.0,4,80.0,4,100.0,166.67,5,5,0,-2,980.0,44,42,100.0,116,20.0,1.29,1.0,80.0,80.0,4.0,4.0,980.0,980.0,80.0,80.0,4.0,4.0
568.0,0,9,0,0,night,pa_2,E0,20.0,4,80.0,4,100.0,166.67,5,5,0,-2,980.0,44,42,100.0,116,20.0,1.29,1.0,80.0,80.0,4.0,4.0,980.0,980.0,80.0,80.0,4.0,4.0
569.0,0,9,0,0,night,pa_2,E0,20.0,4,80.0,4,100.0,166.67,5,5,0,-2,980.0,44,42,100.0,114,20.0,1.29,1.0,80.0,80.0,4.0,4.0,980.0,980.0,80.0,80.0,4.0,4.0
570.0,0,9,0,0,night,pa_2,E0,20.0,4,80.0,4,100.0,166.67,5,5,0,-2,980.0,44,42,100.0,114,20.0,1.29,1.0,80.0,80.0,4.0,4.0,980.0,980.0,80.0,80.0,4.0,4.0
571.0,0,9,0,0,night,pa_2,E0,20.0,4,80.0,4,100.0,166.67,5,5,0,-2,980.0,44,42,100.0,114,20.0,1.29,1.0,80.0,80.0,4.0,4.0,980.0,980.0,80.0,80.0,4.0,4.0
572.0,0,9,0,0,night,pa_2,E0,20.0,4,80.0,4,100.0,166.67,5,5,0,-2,980.0,44,42,100.0,114,20.0,1.29,1.0,80.0,80.0,4.0,4.0,980.0,980.0,80.0,80.0,4.0,4.0
573.0,0,9,0,0,night,pa_2,E0,20.0,4,80.0,4,100.0,166.67,5,5,0,-2,980.0,44,42,100.0,112,20.0,1.29,1.0,80.0,80.0,4.0,4.0,980.0,980.0,80.0,80.0,4.0,4.0
574.0,0,9,0,0,night,pa_2,E0,20.0,4,80.0,4,100.0,166.67,5,5,0,-2,980.0,44,42,100.0,112,20.0,1.29,1.0,80.0,80.0,4.0,4.0,980.0,980.0,80.0,80.0,4.0,4.0
575.0,0,9,0,0,night,pa_2,E0,20.0,4,80.0,4,100.0,166.67,5,5,0,-2,980.0,44,42,100.0,111,20.0,1.29,1.0,80.0,80.0,4.0,4.0,980.0,980.0,80.0,80.0,4.0,4.0
576.0,0,9,0,0,night,pa_2,E0,20.0,4,80.0,4,100.0,166.67,5,5,0,-2,980.0,44,42,100.0,110,20.0,1.29,1.0,80.0,80.0,4.0,4.0,980.0,980.0,80.0,80.0,4.0,4.0
577.0,0,9,0,0,night,pa_2,E0,20.0,4,80.0,4,100.0,166.67,5,5,0,-2,980.0,44,42,100.0,114,20.0,1.29,1.0,80.0,80.0,4.0,4.0,980.0,980.0,80.0,80.0,4.0,4.0
578.0,0,9,0,0,night,pa_2,E0,20.0,4,80.0,4,100.0,166.67,5,5,0,-2,980.0,44,42,100.0,114,20.0,1.29,1.0,80.0,80.0,4.0,4.0,980.0,980.0,80.0,80.0,4.0,4.0
579.0,0,9,0,0,night,pa_2,E0,20.0,4,80.0,4,100.0,166.67,5,5,0,-2,980.0,44,42,100.0,114,20.0,1.29,1.0,80.0,80.0,4.0,4.0,980.0,980.0,80.0,80.0,4.0,4.0
580.0,0,9,0,0,night,pa_2,E0,20.0,4,80.0,4,100.0,166.67,5,5,0,-2,980.0,44,42,100.0,114,20.0,1.29,1.0,80.0,80.0,4.0,4.0,980.0,980.0,80.0,80.0,4.0,4.0
581.0,0,9,0,0,night,pa_2,E0,20.0,4,80.0,4,100.0,166.67,5,5,0,-2,980.0,44,42,100.0,114,20.0,1.29,1.0,80.0,80.0,4.0,4.0,980.0,980.0,80.0,80.0,4.0,4.0
582.0,0,9,0,0,night,pa_2,E0,20.0,4,80.0,4,100.0,166.67,5,5,0,-2,980.0,44,43,100.0,114,20.0,1.29,1.0,80.0,80.0,4.0,4.0,980.0,980.0,80.0,80.0,4.0,4.0
583.0,0,9,0,0,night,pa_2,E0,20.0,4,80.0,4,100.0,166.67,5,5,0,-2,980.0,44,43,100.0,114,20.0,1.29,1.0,80.0,80.0,4.0,4.0,980.0,980.0,80.0,80.0,4.0,4.0
584.0,0,9,0,0,night,pa_2,E0,20.0,4,80.0,4,100.0,166.67,5,5,0,-2,980.0,44,43,100.0,113,20.0,1.29,1.0,80.0,80.0,4.0,4.0,980.0,980.0,80.0,80.0,4.0,4.0
585.0,0,9,0,0,night,pa_2,E0,20.0,4,80.0,4,100.0,166.67,5,5,0,-2,980.0,44,43,100.0,113,20.0,1.29,1.0,80.0,80.0,4.0,4.0,980.0,980.0,80.0,80.0,4.0,4.0
586.0,0,9,0,0,night,pa_2,E0,20.0,4,80.0,4,100.0,166.67,5,5,0,-2,980.0,44,43,100.0,114,20.0,1.29,1.0,80.0,80.0,4.0,4.0,980.0,980.0,80.0,80.0,4.0,4.0
587.0,0,9,0,0,night,pa_2,E0,20.0,4,80.0,4,100.0,166.67,5,5,0,-2,980.0,44,44,100.0,114,20.0,1.29,1.0,80.0,80.0,4.0,4.0,980.0,980.0,80.0,80.0,4.0,4.0
588.0,0,9,0,0,night,pa_2,E0,20.0,4,80.0,4,100.0,166.67,5,5,0,-2,980.0,44,44,100.0,113,20.0,1.29,1.0,80.0,80.0,4.0,4.0,980.0,980.0,80.0,80.0,4.0,4.0
589.0,0,9,0,0,night,pa_2,E0,20.0,4,80.0,4,100.0,166.67,5,5,0,-2,980.0,44,44,100.0,113,20.0,1.29,1.0,80.0,80.0,4.0,4.0,980.0,980.0,80.0,80.0,4.0,4.0
590.0,0,9,0,0,night,pa_2,E0,20.0,4,80.0,4,100.0,166.67,5,5,0,-2,980.0,44,44,100.0,113,20.0,1.29,1.0,80.0,80.0,4.0,4.0,980.0,980.0,80.0,80.0,4.0,4.0
591.0,0,9,0,0,night,pa_2,E0,20.0,4,80.0,4,100.0,166.67,5,5,0,-2,980.0,44,44,100.0,113,20.0,1.29,1.0,80.0,80.0,4.0,4.0,980.0,980.0,80.0,80.0,4.0,4.0
592.0,0,9,0,0,night,pa_2,E0,20.0,4,80.0,4,100.0,166.67,5,5,0,-2,980.0,44,44,100.0,113,20.0,1.29,1.0,80.0,80.0,4.0,4.0,980.0,980.0,80.0,80.0,4.0,4.0
593.0,0,9,0,0,night,pa_2,E0,20.0,4,80.0,4,100.0,166.67,5,5,0,-2,980.0,44,44,100.0,113,20.0,1.29,1.0,80.0,80.0,4.0,4.0,980.0,980.0,80.0,80.0,4.0,4.0
594.0,0,9,0,0,night,pa_2,E0,20.0,4,80.0,4,100.0,166.67,5,5,0,-2,980.0,44,44,100.0,113,20.0,1.29,1.0,80.0,80.0,4.0,4.0,980.0,980.0,80.0,80.0,4.0,4.0
595.0,0,9,0,0,night,pa_2,E0,20.0,4,80.0,4,100.0,166.67,5,5,0,-2,980.0,44,44,100.0,113,20.0,1.29,1.0,80.0,80.0,4.0,4.0,980.0,980.0,80.0,80.0,4.0,4.0
596.0,0,9,0,0,night,pa_2,E0,20.0,4,80.0,4,100.0,166.67,5,5,0,-2,980.0,44,44,100.0,113,20.0,1.29,1.0,80.0,80.0,4.0,4.0,980.0,980.0,80.0,80.0,4.0,4.0
597.0,0,9,0,0,night,pa_2,E0,20.0,4,80.0,4,100.0,166.67,5,5,0,-2,980.0,44,44,100.0,113,20.0,1.29,1.0,80.0,80.0,4.0,4.0,980.0,980.0,80.0,80.0,4.0,4.0
598.0,0,9,0,0,night,pa_2,E0,20.0,4,80.0,4,100.0,166.67,5,5,0,-2,980.0,44,44,100.0,111,20.0,1.29,1.0,80.0,80.0,4.0,4.0,980.0,980.0,80.0,80.0,4.0,4.0
599.0,0,9,0,0,night,pa_2,E0,20.0,4,80.0,4,100.0,166.67,5,5,0,-2,980.0,44,45,100.0,111,20.0,1.29,1.0,80.0,80.0,4.0,4.0,980.0,980.0,80.0,80.0,4.0,4.0
600.0,0,10,0,0,night,pa_2,E0,20.0,4,80.0,4,100.0,166.67,5,5,0,-2,980.0,44,45,100.0,110,20.0,1.29,1.0,80.0,80.0,4.0,4.0,980.0,980.0,80.0,80.0,4.0,4.0
1.0,0,0,0,0,night,pa_2_rev,-E0,20.0,4,0.0,0,0.0,0.0,0,0,4,3,0.0,0,0,0.0,8,0.0,0.0,0.0,0.0,0.0,0.0,0.0,0.0,0.0,0.0,0.0,0.0,0.0
2.0,0,0,0,0,night,pa_2_rev,-E0,20.0,4,0.0,0,0.0,0.0,0,0,4,3,0.0,0,0,0.0,8,0.0,0.0,0.0,0.0,0.0,0.0,0.0,0.0,0.0,0.0,0.0,0.0,0.0
3.0,0,0,0,0,night,pa_2_rev,-E0,20.0,4,0.0,0,0.0,0.0,0,0,4,3,0.0,0,0,0.0,12,0.0,0.0,0.0,0.0,0.0,0.0,0.0,0.0,0.0,0.0,0.0,0.0,0.0
4.0,0,0,0,0,night,pa_2_rev,-E0,20.0,4,0.0,0,0.0,0.0,0,0,4,3,0.0,0,0,0.0,14,0.0,0.0,0.0,0.0,0.0,0.0,0.0,0.0,0.0,0.0,0.0,0.0,0.0
5.0,0,0,0,0,night,pa_2_rev,-E0,20.0,4,0.0,0,0.0,0.0,0,0,4,3,0.0,0,0,0.0,14,0.0,0.0,0.0,0.0,0.0,0.0,0.0,0.0,0.0,0.0,0.0,0.0,0.0
6.0,0,0,0,0,night,pa_2_rev,-E0,20.0,4,0.0,0,0.0,0.0,0,0,4,3,0.0,0,0,0.0,16,0.0,0.0,0.0,0.0,0.0,0.0,0.0,0.0,0.0,0.0,0.0,0.0,0.0
7.0,0,0,0,0,night,pa_2_rev,-E0,20.0,4,0.0,0,0.0,0.0,0,0,4,3,0.0,0,0,0.0,17,0.0,0.0,0.0,0.0,0.0,0.0,0.0,0.0,0.0,0.0,0.0,0.0,0.0
8.0,0,0,0,0,night,pa_2_rev,-E0,20.0,4,0.0,0,0.0,0.0,0,0,4,3,0.0,0,0,0.0,18,0.0,0.0,0.0,0.0,0.0,0.0,0.0,0.0,0.0,0.0,0.0,0.0,0.0
9.0,0,0,0,0,night,pa_2_rev,-E0,20.0,4,0.0,0,0.0,0.0,0,0,4,3,0.0,0,0,0.0,18,0.0,0.0,0.0,0.0,0.0,0.0,0.0,0.0,0.0,0.0,0.0,0.0,0.0
10.0,0,0,0,0,night,pa_2_rev,-E0,20.0,4,0.0,0,0.0,0.0,0,0,4,3,0.0,0,0,0.0,20,0.0,0.0,0.0,0.0,0.0,0.0,0.0,0.0,0.0,0.0,0.0,0.0,0.0
11.0,0,0,0,0,night,pa_2_rev,-E0,20.0,4,0.0,0,0.0,0.0,0,0,4,3,0.0,0,0,0.0,20,0.0,0.0,0.0,0.0,0.0,0.0,0.0,0.0,0.0,0.0,0.0,0.0,0.0
12.0,0,0,0,0,night,pa_2_rev,-E0,20.0,4,0.0,0,0.0,0.0,0,0,4,3,0.0,0,0,0.0,20,0.0,0.0,0.0,0.0,0.0,0.0,0.0,0.0,0.0,0.0,0.0,0.0,0.0
13.0,0,0,0,0,night,pa_2_rev,-E0,20.0,4,0.0,0,0.0,0.0,0,0,4,3,0.0,0,0,0.0,20,0.0,0.0,0.0,0.0,0.0,0.0,0.0,0.0,0.0,0.0,0.0,0.0,0.0
14.0,0,0,0,0,night,pa_2_rev,-E0,20.0,4,0.0,0,0.0,0.0,0,0,4,3,0.0,0,0,0.0,22,0.0,0.0,0.0,0.0,0.0,0.0,0.0,0.0,0.0,0.0,0.0,0.0,0.0
15.0,0,0,0,0,night,pa_2_rev,-E0,20.0,4,0.0,0,0.0,0.0,0,0,4,3,0.0,0,0,0.0,22,0.0,0.0,0.0,0.0,0.0,0.0,0.0,0.0,0.0,0.0,0.0,0.0,0.0
16.0,0,0,0,0,night,pa_2_rev,-E0,20.0,4,0.0,0,0.0,0.0,0,0,4,3,0.0,0,0,0.0,22,0.0,0.0,0.0,0.0,0.0,0.0,0.0,0.0,0.0,0.0,0.0,0.0,0.0
17.0,0,0,0,0,night,pa_2_rev,-E0,20.0,4,0.0,0,0.0,0.0,0,0,4,3,0.0,0,0,0.0,22,0.0,0.0,0.0,0.0,0.0,0.0,0.0,0.0,0.0,0.0,0.0,0.0,0.0
18.0,0,0,0,0,night,pa_2_rev,-E0,20.0,4,0.0,0,0.0,0.0,0,0,4,3,0.0,0,0,0.0,24,0.0,0.0,0.0,0.0,0.0,0.0,0.0,0.0,0.0,0.0,0.0,0.0,0.0
19.0,0,0,0,0,night,pa_2_rev,-E0,20.0,4,0.0,0,0.0,0.0,0,0,4,3,0.0,0,0,0.0,24,0.0,0.0,0.0,0.0,0.0,0.0,0.0,0.0,0.0,0.0,0.0,0.0,0.0
20.0,0,0,0,0,night,pa_2_rev,-E0,20.0,4,0.0,0,0.0,0.0,0,0,4,3,0.0,0,0,0.0,24,0.0,0.0,0.0,0.0,0.0,0.0,0.0,0.0,0.0,0.0,0.0,0.0,0.0
21.0,0,0,0,0,night,pa_2_rev,-E0,20.0,4,0.0,0,0.0,0.0,0,0,4,3,0.0,0,0,0.0,24,0.0,0.0,0.0,0.0,0.0,0.0,0.0,0.0,0.0,0.0,0.0,0.0,0.0
22.0,0,0,0,0,night,pa_2_rev,-E0,20.0,4,0.0,0,0.0,0.0,0,0,4,3,0.0,0,0,0.0,24,0.0,0.0,0.0,0.0,0.0,0.0,0.0,0.0,0.0,0.0,0.0,0.0,0.0
23.0,0,0,0,0,night,pa_2_rev,-E0,20.0,4,0.0,0,0.0,0.0,0,0,4,3,0.0,0,0,0.0,24,0.0,0.0,0.0,0.0,0.0,0.0,0.0,0.0,0.0,0.0,0.0,0.0,0.0
24.0,0,0,0,0,night,pa_2_rev,-E0,20.0,4,0.0,0,0.0,0.0,0,0,4,3,0.0,0,0,0.0,24,0.0,0.0,0.0,0.0,0.0,0.0,0.0,0.0,0.0,0.0,0.0,0.0,0.0
25.0,0,0,0,0,night,pa_2_rev,-E0,20.0,4,0.0,0,0.0,0.0,0,0,4,3,0.0,0,0,0.0,24,0.0,0.0,0.0,0.0,0.0,0.0,0.0,0.0,0.0,0.0,0.0,0.0,0.0
26.0,0,0,0,0,night,pa_2_rev,-E0,20.0,4,0.0,0,0.0,0.0,0,0,4,3,0.0,0,0,0.0,24,0.0,0.0,0.0,0.0,0.0,0.0,0.0,0.0,0.0,0.0,0.0,0.0,0.0
27.0,0,0,0,0,night,pa_2_rev,-E0,20.0,4,0.0,0,0.0,0.0,0,0,4,3,0.0,0,0,0.0,24,0.0,0.0,0.0,0.0,0.0,0.0,0.0,0.0,0.0,0.0,0.0,0.0,0.0
28.0,0,0,0,0,night,pa_2_rev,-E0,20.0,4,0.0,0,0.0,0.0,0,0,4,3,0.0,0,0,0.0,24,0.0,0.0,0.0,0.0,0.0,0.0,0.0,0.0,0.0,0.0,0.0,0.0,0.0
29.0,0,0,0,0,night,pa_2_rev,-E0,20.0,4,0.0,0,0.0,0.0,0,0,4,3,0.0,0,0,0.0,24,0.0,0.0,0.0,0.0,0.0,0.0,0.0,0.0,0.0,0.0,0.0,0.0,0.0
30.0,0,0,0,0,night,pa_2_rev,-E0,20.0,4,0.0,0,0.0,0.0,0,0,4,3,0.0,0,0,0.0,24,0.0,0.0,0.0,0.0,0.0,0.0,0.0,0.0,0.0,0.0,0.0,0.0,0.0
31.0,0,0,0,0,night,pa_2_rev,-E0,20.0,4,0.0,0,0.0,0.0,0,0,4,3,0.0,0,0,0.0,24,0.0,0.0,0.0,0.0,0.0,0.0,0.0,0.0,0.0,0.0,0.0,0.0,0.0
32.0,0,0,0,0,night,pa_2_rev,-E0,20.0,4,0.0,0,0.0,0.0,0,0,4,3,0.0,0,0,0.0,24,0.0,0.0,0.0,0.0,0.0,0.0,0.0,0.0,0.0,0.0,0.0,0.0,0.0
33.0,0,0,0,0,night,pa_2_rev,-E0,20.0,4,0.0,0,0.0,0.0,0,0,4,3,0.0,0,0,0.0,24,0.0,0.0,0.0,0.0,0.0,0.0,0.0,0.0,0.0,0.0,0.0,0.0,0.0
34.0,0,0,0,0,night,pa_2_rev,-E0,20.0,4,0.0,0,0.0,0.0,0,0,4,3,0.0,0,0,0.0,24,0.0,0.0,0.0,0.0,0.0,0.0,0.0,0.0,0.0,0.0,0.0,0.0,0.0
35.0,0,0,0,0,night,pa_2_rev,-E0,20.0,4,0.0,0,0.0,0.0,0,0,4,3,0.0,0,0,0.0,24,0.0,0.0,0.0,0.0,0.0,0.0,0.0,0.0,0.0,0.0,0.0,0.0,0.0
36.0,0,0,0,0,night,pa_2_rev,-E0,20.0,4,0.0,0,0.0,0.0,0,0,4,3,0.0,0,0,0.0,24,0.0,0.0,0.0,0.0,0.0,0.0,0.0,0.0,0.0,0.0,0.0,0.0,0.0
37.0,0,0,0,0,night,pa_2_rev,-E0,20.0,4,0.0,0,0.0,0.0,0,0,4,3,0.0,0,0,0.0,24,0.0,0.0,0.0,0.0,0.0,0.0,0.0,0.0,0.0,0.0,0.0,0.0,0.0
38.0,0,0,0,0,night,pa_2_rev,-E0,20.0,4,0.0,0,0.0,0.0,0,0,4,3,0.0,0,0,0.0,24,0.0,0.0,0.0,0.0,0.0,0.0,0.0,0.0,0.0,0.0,0.0,0.0,0.0
39.0,0,0,0,0,night,pa_2_rev,-E0,20.0,4,0.0,0,0.0,0.0,0,0,4,3,0.0,0,0,0.0,24,0.0,0.0,0.0,0.0,0.0,0.0,0.0,0.0,0.0,0.0,0.0,0.0,0.0
40.0,0,0,0,0,night,pa_2_rev,-E0,20.0,4,0.0,0,0.0,0.0,0,0,4,3,0.0,0,0,0.0,24,0.0,0.0,0.0,0.0,0.0,0.0,0.0,0.0,0.0,0.0,0.0,0.0,0.0
41.0,0,0,0,0,night,pa_2_rev,-E0,20.0,4,0.0,0,0.0,0.0,0,0,4,3,0.0,0,0,0.0,25,0.0,0.0,0.0,0.0,0.0,0.0,0.0,0.0,0.0,0.0,0.0,0.0,0.0
42.0,0,0,0,0,night,pa_2_rev,-E0,20.0,4,0.0,0,0.0,0.0,0,0,4,3,0.0,0,0,0.0,25,0.0,0.0,0.0,0.0,0.0,0.0,0.0,0.0,0.0,0.0,0.0,0.0,0.0
43.0,0,0,0,0,night,pa_2_rev,-E0,20.0,4,0.0,0,0.0,0.0,0,0,4,3,0.0,0,0,0.0,25,0.0,0.0,0.0,0.0,0.0,0.0,0.0,0.0,0.0,0.0,0.0,0.0,0.0
44.0,0,0,0,0,night,pa_2_rev,-E0,20.0,4,0.0,0,0.0,0.0,0,0,4,3,0.0,0,0,0.0,25,0.0,0.0,0.0,0.0,0.0,0.0,0.0,0.0,0.0,0.0,0.0,0.0,0.0
45.0,0,0,0,0,night,pa_2_rev,-E0,20.0,4,0.0,0,0.0,0.0,0,0,4,3,0.0,0,0,0.0,25,0.0,0.0,0.0,0.0,0.0,0.0,0.0,0.0,0.0,0.0,0.0,0.0,0.0
46.0,0,0,0,0,night,pa_2_rev,-E0,20.0,4,0.0,0,0.0,0.0,0,0,4,3,0.0,0,0,0.0,26,0.0,0.0,0.0,0.0,0.0,0.0,0.0,0.0,0.0,0.0,0.0,0.0,0.0
47.0,0,0,0,0,night,pa_2_rev,-E0,20.0,4,0.0,0,0.0,0.0,0,0,4,3,0.0,0,0,0.0,26,0.0,0.0,0.0,0.0,0.0,0.0,0.0,0.0,0.0,0.0,0.0,0.0,0.0
48.0,0,0,0,0,night,pa_2_rev,-E0,20.0,4,0.0,0,0.0,0.0,0,0,4,3,0.0,0,0,0.0,26,0.0,0.0,0.0,0.0,0.0,0.0,0.0,0.0,0.0,0.0,0.0,0.0,0.0
49.0,0,0,0,0,night,pa_2_rev,-E0,20.0,4,0.0,0,0.0,0.0,0,0,4,3,0.0,0,0,0.0,26,0.0,0.0,0.0,0.0,0.0,0.0,0.0,0.0,0.0,0.0,0.0,0.0,0.0
50.0,0,0,0,0,night,pa_2_rev,-E0,20.0,4,0.0,0,0.0,0.0,0,0,4,3,0.0,0,0,0.0,26,0.0,0.0,0.0,0.0,0.0,0.0,0.0,0.0,0.0,0.0,0.0,0.0,0.0
51.0,0,0,0,0,night,pa_2_rev,-E0,20.0,4,0.0,0,0.0,0.0,0,0,4,3,0.0,0,0,0.0,26,0.0,0.0,0.0,0.0,0.0,0.0,0.0,0.0,0.0,0.0,0.0,0.0,0.0
52.0,0,0,0,0,night,pa_2_rev,-E0,20.0,4,0.0,0,0.0,0.0,0,0,4,3,0.0,0,0,0.0,28,0.0,0.0,0.0,0.0,0.0,0.0,0.0,0.0,0.0,0.0,0.0,0.0,0.0
53.0,0,0,0,0,night,pa_2_rev,-E0,20.0,4,0.0,0,0.0,0.0,0,0,4,3,0.0,0,0,0.0,28,0.0,0.0,0.0,0.0,0.0,0.0,0.0,0.0,0.0,0.0,0.0,0.0,0.0
54.0,0,0,0,0,night,pa_2_rev,-E0,20.0,4,0.0,0,0.0,0.0,0,0,4,3,0.0,0,0,0.0,28,0.0,0.0,0.0,0.0,0.0,0.0,0.0,0.0,0.0,0.0,0.0,0.0,0.0
55.0,0,0,0,0,night,pa_2_rev,-E0,20.0,4,0.0,0,0.0,0.0,0,0,4,3,0.0,0,0,0.0,28,0.0,0.0,0.0,0.0,0.0,0.0,0.0,0.0,0.0,0.0,0.0,0.0,0.0
56.0,0,0,0,0,night,pa_2_rev,-E0,20.0,4,0.0,0,0.0,0.0,0,0,4,3,0.0,0,0,0.0,28,0.0,0.0,0.0,0.0,0.0,0.0,0.0,0.0,0.0,0.0,0.0,0.0,0.0
57.0,0,0,0,0,night,pa_2_rev,-E0,20.0,4,0.0,0,0.0,0.0,0,0,4,3,0.0,0,0,0.0,28,0.0,0.0,0.0,0.0,0.0,0.0,0.0,0.0,0.0,0.0,0.0,0.0,0.0
58.0,0,0,0,0,night,pa_2_rev,-E0,20.0,4,0.0,0,0.0,0.0,0,0,4,3,0.0,0,0,0.0,28,0.0,0.0,0.0,0.0,0.0,0.0,0.0,0.0,0.0,0.0,0.0,0.0,0.0
59.0,0,0,0,0,night,pa_2_rev,-E0,20.0,4,0.0,0,0.0,0.0,0,0,4,3,0.0,0,0,0.0,28,0.0,0.0,0.0,0.0,0.0,0.0,0.0,0.0,0.0,0.0,0.0,0.0,0.0
60.0,0,1,0,0,night,pa_2_rev,-E0,20.0,4,0.0,0,0.0,0.0,0,0,4,3,0.0,0,0,0.0,28,0.0,0.0,0.0,0.0,0.0,0.0,0.0,0.0,0.0,0.0,0.0,0.0,0.0
61.0,0,1,0,0,night,pa_2_rev,-E0,20.0,4,0.0,0,0.0,0.0,0,0,4,3,0.0,0,0,0.0,30,0.0,0.0,0.0,0.0,0.0,0.0,0.0,0.0,0.0,0.0,0.0,0.0,0.0
62.0,0,1,0,0,night,pa_2_rev,-E0,20.0,4,0.0,0,0.0,0.0,0,0,4,3,0.0,0,0,0.0,30,0.0,0.0,0.0,0.0,0.0,0.0,0.0,0.0,0.0,0.0,0.0,0.0,0.0
63.0,0,1,0,0,night,pa_2_rev,-E0,20.0,4,0.0,0,0.0,0.0,0,0,4,3,0.0,0,0,0.0,30,0.0,0.0,0.0,0.0,0.0,0.0,0.0,0.0,0.0,0.0,0.0,0.0,0.0
64.0,0,1,0,0,night,pa_2_rev,-E0,20.0,4,0.0,0,0.0,0.0,0,0,4,3,0.0,0,0,0.0,30,0.0,0.0,0.0,0.0,0.0,0.0,0.0,0.0,0.0,0.0,0.0,0.0,0.0
65.0,0,1,0,0,night,pa_2_rev,-E0,20.0,4,0.0,0,0.0,0.0,0,0,4,3,0.0,0,0,0.0,30,0.0,0.0,0.0,0.0,0.0,0.0,0.0,0.0,0.0,0.0,0.0,0.0,0.0
66.0,0,1,0,0,night,pa_2_rev,-E0,20.0,4,0.0,0,0.0,0.0,0,0,4,3,0.0,0,0,0.0,30,0.0,0.0,0.0,0.0,0.0,0.0,0.0,0.0,0.0,0.0,0.0,0.0,0.0
67.0,0,1,0,0,night,pa_2_rev,-E0,20.0,4,0.0,0,0.0,0.0,0,0,4,3,0.0,0,0,0.0,30,0.0,0.0,0.0,0.0,0.0,0.0,0.0,0.0,0.0,0.0,0.0,0.0,0.0
68.0,0,1,0,0,night,pa_2_rev,-E0,20.0,4,0.0,0,0.0,0.0,0,0,4,3,0.0,0,0,0.0,30,0.0,0.0,0.0,0.0,0.0,0.0,0.0,0.0,0.0,0.0,0.0,0.0,0.0
69.0,0,1,0,0,night,pa_2_rev,-E0,20.0,4,0.0,0,0.0,0.0,0,0,4,3,0.0,0,0,0.0,30,0.0,0.0,0.0,0.0,0.0,0.0,0.0,0.0,0.0,0.0,0.0,0.0,0.0
70.0,0,1,0,0,night,pa_2_rev,-E0,20.0,4,0.0,0,0.0,0.0,0,0,4,3,0.0,0,0,0.0,30,0.0,0.0,0.0,0.0,0.0,0.0,0.0,0.0,0.0,0.0,0.0,0.0,0.0
71.0,0,1,0,0,night,pa_2_rev,-E0,20.0,4,0.0,0,0.0,0.0,0,0,4,3,0.0,0,0,0.0,30,0.0,0.0,0.0,0.0,0.0,0.0,0.0,0.0,0.0,0.0,0.0,0.0,0.0
72.0,0,1,0,0,night,pa_2_rev,-E0,20.0,4,0.0,0,0.0,0.0,0,0,4,3,0.0,0,0,0.0,30,0.0,0.0,0.0,0.0,0.0,0.0,0.0,0.0,0.0,0.0,0.0,0.0,0.0
73.0,0,1,0,0,night,pa_2_rev,-E0,20.0,4,0.0,0,0.0,0.0,0,0,4,3,0.0,0,0,0.0,32,0.0,0.0,0.0,0.0,0.0,0.0,0.0,0.0,0.0,0.0,0.0,0.0,0.0
74.0,0,1,0,0,night,pa_2_rev,-E0,20.0,4,0.0,0,0.0,0.0,0,0,4,3,0.0,0,0,0.0,32,0.0,0.0,0.0,0.0,0.0,0.0,0.0,0.0,0.0,0.0,0.0,0.0,0.0
75.0,0,1,0,0,night,pa_2_rev,-E0,20.0,4,0.0,0,0.0,0.0,0,0,4,3,0.0,0,0,0.0,32,0.0,0.0,0.0,0.0,0.0,0.0,0.0,0.0,0.0,0.0,0.0,0.0,0.0
76.0,0,1,0,0,night,pa_2_rev,-E0,20.0,4,0.0,0,0.0,0.0,0,0,4,3,0.0,0,0,0.0,32,0.0,0.0,0.0,0.0,0.0,0.0,0.0,0.0,0.0,0.0,0.0,0.0,0.0
77.0,0,1,0,0,night,pa_2_rev,-E0,20.0,4,0.0,0,0.0,0.0,0,0,4,3,0.0,0,0,0.0,32,0.0,0.0,0.0,0.0,0.0,0.0,0.0,0.0,0.0,0.0,0.0,0.0,0.0
78.0,0,1,0,0,night,pa_2_rev,-E0,20.0,4,0.0,0,0.0,0.0,0,0,4,3,0.0,0,0,0.0,32,0.0,0.0,0.0,0.0,0.0,0.0,0.0,0.0,0.0,0.0,0.0,0.0,0.0
79.0,0,1,0,0,night,pa_2_rev,-E0,20.0,4,0.0,0,0.0,0.0,0,0,4,3,0.0,0,0,0.0,32,0.0,0.0,0.0,0.0,0.0,0.0,0.0,0.0,0.0,0.0,0.0,0.0,0.0
80.0,0,1,0,0,night,pa_2_rev,-E0,20.0,4,0.0,0,0.0,0.0,0,0,4,3,0.0,0,0,0.0,32,0.0,0.0,0.0,0.0,0.0,0.0,0.0,0.0,0.0,0.0,0.0,0.0,0.0
81.0,0,1,0,0,night,pa_2_rev,-E0,20.0,4,0.0,0,0.0,0.0,0,0,4,3,0.0,0,0,0.0,34,0.0,0.0,0.0,0.0,0.0,0.0,0.0,0.0,0.0,0.0,0.0,0.0,0.0
82.0,0,1,0,0,night,pa_2_rev,-E0,20.0,4,0.0,0,0.0,0.0,0,0,4,3,0.0,0,0,0.0,34,0.0,0.0,0.0,0.0,0.0,0.0,0.0,0.0,0.0,0.0,0.0,0.0,0.0
83.0,0,1,0,0,night,pa_2_rev,-E0,20.0,4,0.0,0,0.0,0.0,0,0,4,3,0.0,0,0,0.0,34,0.0,0.0,0.0,0.0,0.0,0.0,0.0,0.0,0.0,0.0,0.0,0.0,0.0
84.0,0,1,0,0,night,pa_2_rev,-E0,20.0,4,0.0,0,0.0,0.0,0,0,4,3,0.0,0,0,0.0,34,0.0,0.0,0.0,0.0,0.0,0.0,0.0,0.0,0.0,0.0,0.0,0.0,0.0
85.0,0,1,0,0,night,pa_2_rev,-E0,20.0,4,0.0,0,0.0,0.0,0,0,4,3,0.0,0,0,0.0,34,0.0,0.0,0.0,0.0,0.0,0.0,0.0,0.0,0.0,0.0,0.0,0.0,0.0
86.0,0,1,0,0,night,pa_2_rev,-E0,20.0,4,0.0,0,0.0,0.0,0,0,4,3,0.0,0,0,0.0,34,0.0,0.0,0.0,0.0,0.0,0.0,0.0,0.0,0.0,0.0,0.0,0.0,0.0
87.0,0,1,0,0,night,pa_2_rev,-E0,20.0,4,0.0,0,0.0,0.0,0,0,4,3,0.0,0,0,0.0,34,0.0,0.0,0.0,0.0,0.0,0.0,0.0,0.0,0.0,0.0,0.0,0.0,0.0
88.0,0,1,0,0,night,pa_2_rev,-E0,20.0,4,0.0,0,0.0,0.0,0,0,4,3,0.0,0,0,0.0,34,0.0,0.0,0.0,0.0,0.0,0.0,0.0,0.0,0.0,0.0,0.0,0.0,0.0
89.0,0,1,0,0,night,pa_2_rev,-E0,20.0,4,0.0,0,0.0,0.0,0,0,4,3,0.0,0,0,0.0,34,0.0,0.0,0.0,0.0,0.0,0.0,0.0,0.0,0.0,0.0,0.0,0.0,0.0
90.0,0,1,0,0,night,pa_2_rev,-E0,20.0,4,0.0,0,0.0,0.0,0,0,4,3,0.0,0,0,0.0,34,0.0,0.0,0.0,0.0,0.0,0.0,0.0,0.0,0.0,0.0,0.0,0.0,0.0
91.0,0,1,0,0,night,pa_2_rev,-E0,20.0,4,0.0,0,0.0,0.0,0,0,4,3,0.0,0,0,0.0,35,0.0,0.0,0.0,0.0,0.0,0.0,0.0,0.0,0.0,0.0,0.0,0.0,0.0
92.0,0,1,0,0,night,pa_2_rev,-E0,20.0,4,0.0,0,0.0,0.0,0,0,4,3,0.0,0,0,0.0,35,0.0,0.0,0.0,0.0,0.0,0.0,0.0,0.0,0.0,0.0,0.0,0.0,0.0
93.0,0,1,0,0,night,pa_2_rev,-E0,20.0,4,0.0,0,0.0,0.0,0,0,4,3,0.0,0,0,0.0,36,0.0,0.0,0.0,0.0,0.0,0.0,0.0,0.0,0.0,0.0,0.0,0.0,0.0
94.0,0,1,0,0,night,pa_2_rev,-E0,20.0,4,0.0,0,0.0,0.0,0,0,4,3,0.0,0,0,0.0,36,0.0,0.0,0.0,0.0,0.0,0.0,0.0,0.0,0.0,0.0,0.0,0.0,0.0
95.0,0,1,0,0,night,pa_2_rev,-E0,20.0,4,0.0,0,0.0,0.0,0,0,4,3,0.0,0,0,0.0,36,0.0,0.0,0.0,0.0,0.0,0.0,0.0,0.0,0.0,0.0,0.0,0.0,0.0
96.0,0,1,0,0,night,pa_2_rev,-E0,20.0,4,0.0,0,0.0,0.0,0,0,4,3,0.0,0,0,0.0,36,0.0,0.0,0.0,0.0,0.0,0.0,0.0,0.0,0.0,0.0,0.0,0.0,0.0
97.0,0,1,0,0,night,pa_2_rev,-E0,20.0,4,0.0,0,0.0,0.0,0,0,4,3,0.0,0,0,0.0,36,0.0,0.0,0.0,0.0,0.0,0.0,0.0,0.0,0.0,0.0,0.0,0.0,0.0
98.0,0,1,0,0,night,pa_2_rev,-E0,20.0,4,0.0,0,0.0,0.0,0,0,4,3,0.0,0,0,0.0,36,0.0,0.0,0.0,0.0,0.0,0.0,0.0,0.0,0.0,0.0,0.0,0.0,0.0
99.0,0,1,0,0,night,pa_2_rev,-E0,20.0,4,0.0,0,0.0,0.0,0,0,4,3,0.0,0,0,0.0,36,0.0,0.0,0.0,0.0,0.0,0.0,0.0,0.0,0.0,0.0,0.0,0.0,0.0
100.0,0,1,0,0,night,pa_2_rev,-E0,20.0,4,0.0,0,0.0,0.0,0,0,4,3,0.0,0,0,0.0,36,0.0,0.0,0.0,0.0,0.0,0.0,0.0,0.0,0.0,0.0,0.0,0.0,0.0
101.0,0,1,0,0,night,pa_2_rev,-E0,20.0,4,0.0,0,0.0,0.0,0,0,4,3,0.0,0,0,0.0,36,0.0,0.0,0.0,0.0,0.0,0.0,0.0,0.0,0.0,0.0,0.0,0.0,0.0
102.0,0,1,0,0,night,pa_2_rev,-E0,20.0,4,0.0,0,0.0,0.0,0,0,4,3,0.0,0,0,0.0,36,0.0,0.0,0.0,0.0,0.0,0.0,0.0,0.0,0.0,0.0,0.0,0.0,0.0
103.0,0,1,0,0,night,pa_2_rev,-E0,20.0,4,0.0,0,0.0,0.0,0,0,4,3,0.0,0,0,0.0,41,0.0,0.0,0.0,0.0,0.0,0.0,0.0,0.0,0.0,0.0,0.0,0.0,0.0
104.0,0,1,0,0,night,pa_2_rev,-E0,20.0,4,0.0,0,0.0,0.0,0,0,4,3,0.0,0,0,0.0,41,0.0,0.0,0.0,0.0,0.0,0.0,0.0,0.0,0.0,0.0,0.0,0.0,0.0
105.0,0,1,0,0,night,pa_2_rev,-E0,20.0,4,0.0,0,0.0,0.0,0,0,4,3,0.0,0,0,0.0,41,0.0,0.0,0.0,0.0,0.0,0.0,0.0,0.0,0.0,0.0,0.0,0.0,0.0
106.0,0,1,0,0,night,pa_2_rev,-E0,20.0,4,0.0,0,0.0,0.0,0,0,4,3,0.0,0,0,0.0,41,0.0,0.0,0.0,0.0,0.0,0.0,0.0,0.0,0.0,0.0,0.0,0.0,0.0
107.0,0,1,0,0,night,pa_2_rev,-E0,20.0,4,0.0,0,0.0,0.0,0,0,4,3,0.0,0,0,0.0,41,0.0,0.0,0.0,0.0,0.0,0.0,0.0,0.0,0.0,0.0,0.0,0.0,0.0
108.0,0,1,0,0,night,pa_2_rev,-E0,20.0,4,0.0,0,0.0,0.0,0,0,4,3,0.0,0,0,0.0,41,0.0,0.0,0.0,0.0,0.0,0.0,0.0,0.0,0.0,0.0,0.0,0.0,0.0
109.0,0,1,0,0,night,pa_2_rev,-E0,20.0,4,0.0,0,0.0,0.0,0,0,4,3,0.0,0,0,0.0,41,0.0,0.0,0.0,0.0,0.0,0.0,0.0,0.0,0.0,0.0,0.0,0.0,0.0
110.0,0,1,0,0,night,pa_2_rev,-E0,20.0,4,0.0,0,0.0,0.0,0,0,4,3,0.0,0,0,0.0,41,0.0,0.0,0.0,0.0,0.0,0.0,0.0,0.0,0.0,0.0,0.0,0.0,0.0
111.0,0,1,0,0,night,pa_2_rev,-E0,20.0,4,0.0,0,0.0,0.0,0,0,4,3,0.0,0,0,0.0,41,0.0,0.0,0.0,0.0,0.0,0.0,0.0,0.0,0.0,0.0,0.0,0.0,0.0
112.0,0,1,0,0,night,pa_2_rev,-E0,20.0,4,0.0,0,0.0,0.0,0,0,4,3,0.0,0,0,0.0,41,0.0,0.0,0.0,0.0,0.0,0.0,0.0,0.0,0.0,0.0,0.0,0.0,0.0
113.0,0,1,0,0,night,pa_2_rev,-E0,20.0,4,0.0,0,0.0,0.0,0,0,4,3,0.0,0,0,0.0,41,0.0,0.0,0.0,0.0,0.0,0.0,0.0,0.0,0.0,0.0,0.0,0.0,0.0
114.0,0,1,0,0,night,pa_2_rev,-E0,20.0,4,0.0,0,0.0,0.0,0,0,4,3,0.0,0,0,0.0,41,0.0,0.0,0.0,0.0,0.0,0.0,0.0,0.0,0.0,0.0,0.0,0.0,0.0
115.0,0,1,0,0,night,pa_2_rev,-E0,20.0,4,0.0,0,0.0,0.0,0,0,4,3,0.0,0,0,0.0,41,0.0,0.0,0.0,0.0,0.0,0.0,0.0,0.0,0.0,0.0,0.0,0.0,0.0
116.0,0,1,0,0,night,pa_2_rev,-E0,20.0,4,0.0,0,0.0,0.0,0,0,4,3,0.0,0,0,0.0,41,0.0,0.0,0.0,0.0,0.0,0.0,0.0,0.0,0.0,0.0,0.0,0.0,0.0
117.0,0,1,0,0,night,pa_2_rev,-E0,20.0,4,0.0,0,0.0,0.0,0,0,4,3,0.0,0,0,0.0,41,0.0,0.0,0.0,0.0,0.0,0.0,0.0,0.0,0.0,0.0,0.0,0.0,0.0
118.0,0,1,0,0,night,pa_2_rev,-E0,20.0,4,0.0,0,0.0,0.0,0,0,4,3,0.0,0,0,0.0,41,0.0,0.0,0.0,0.0,0.0,0.0,0.0,0.0,0.0,0.0,0.0,0.0,0.0
119.0,0,1,0,0,night,pa_2_rev,-E0,20.0,4,0.0,0,0.0,0.0,0,0,4,3,0.0,0,0,0.0,41,0.0,0.0,0.0,0.0,0.0,0.0,0.0,0.0,0.0,0.0,0.0,0.0,0.0
120.0,0,2,0,0,night,pa_2_rev,-E0,20.0,4,0.0,0,0.0,0.0,0,0,4,3,0.0,0,0,0.0,41,0.0,0.0,0.0,0.0,0.0,0.0,0.0,0.0,0.0,0.0,0.0,0.0,0.0
121.0,0,2,0,0,night,pa_2_rev,-E0,20.0,4,0.0,0,0.0,0.0,0,0,4,3,0.0,0,0,0.0,44,0.0,0.0,0.0,0.0,0.0,0.0,0.0,0.0,0.0,0.0,0.0,0.0,0.0
122.0,0,2,0,0,night,pa_2_rev,-E0,20.0,4,0.0,0,0.0,0.0,0,0,4,3,0.0,0,0,0.0,44,0.0,0.0,0.0,0.0,0.0,0.0,0.0,0.0,0.0,0.0,0.0,0.0,0.0
123.0,0,2,0,0,night,pa_2_rev,-E0,20.0,4,0.0,0,0.0,0.0,0,0,4,3,0.0,0,0,0.0,46,0.0,0.0,0.0,0.0,0.0,0.0,0.0,0.0,0.0,0.0,0.0,0.0,0.0
124.0,0,2,0,0,night,pa_2_rev,-E0,20.0,4,0.0,0,0.0,0.0,0,0,4,3,0.0,0,0,0.0,46,0.0,0.0,0.0,0.0,0.0,0.0,0.0,0.0,0.0,0.0,0.0,0.0,0.0
125.0,0,2,0,0,night,pa_2_rev,-E0,20.0,4,0.0,0,0.0,0.0,0,0,4,3,0.0,0,0,0.0,46,0.0,0.0,0.0,0.0,0.0,0.0,0.0,0.0,0.0,0.0,0.0,0.0,0.0
126.0,0,2,0,0,night,pa_2_rev,-E0,20.0,4,0.0,0,0.0,0.0,0,0,4,3,0.0,0,0,0.0,46,0.0,0.0,0.0,0.0,0.0,0.0,0.0,0.0,0.0,0.0,0.0,0.0,0.0
127.0,0,2,0,0,night,pa_2_rev,-E0,20.0,4,0.0,0,0.0,0.0,0,0,4,3,0.0,0,0,0.0,46,0.0,0.0,0.0,0.0,0.0,0.0,0.0,0.0,0.0,0.0,0.0,0.0,0.0
128.0,0,2,0,0,night,pa_2_rev,-E0,20.0,4,0.0,0,0.0,0.0,0,0,4,3,0.0,0,0,0.0,46,0.0,0.0,0.0,0.0,0.0,0.0,0.0,0.0,0.0,0.0,0.0,0.0,0.0
129.0,0,2,0,0,night,pa_2_rev,-E0,20.0,4,0.0,0,0.0,0.0,0,0,4,3,0.0,0,0,0.0,46,0.0,0.0,0.0,0.0,0.0,0.0,0.0,0.0,0.0,0.0,0.0,0.0,0.0
130.0,0,2,0,0,night,pa_2_rev,-E0,20.0,4,0.0,0,0.0,0.0,0,0,4,3,0.0,0,0,0.0,46,0.0,0.0,0.0,0.0,0.0,0.0,0.0,0.0,0.0,0.0,0.0,0.0,0.0
131.0,0,2,0,0,night,pa_2_rev,-E0,20.0,4,0.0,0,0.0,0.0,0,0,4,3,0.0,0,0,0.0,46,0.0,0.0,0.0,0.0,0.0,0.0,0.0,0.0,0.0,0.0,0.0,0.0,0.0
132.0,0,2,0,0,night,pa_2_rev,-E0,20.0,4,0.0,0,0.0,0.0,0,0,4,3,0.0,0,0,0.0,46,0.0,0.0,0.0,0.0,0.0,0.0,0.0,0.0,0.0,0.0,0.0,0.0,0.0
133.0,0,2,0,0,night,pa_2_rev,-E0,20.0,4,0.0,0,0.0,0.0,0,0,4,3,0.0,0,0,0.0,46,0.0,0.0,0.0,0.0,0.0,0.0,0.0,0.0,0.0,0.0,0.0,0.0,0.0
134.0,0,2,0,0,night,pa_2_rev,-E0,20.0,4,0.0,0,0.0,0.0,0,0,4,3,0.0,0,0,0.0,46,0.0,0.0,0.0,0.0,0.0,0.0,0.0,0.0,0.0,0.0,0.0,0.0,0.0
135.0,0,2,0,0,night,pa_2_rev,-E0,20.0,4,0.0,0,0.0,0.0,0,0,4,3,0.0,0,0,0.0,46,0.0,0.0,0.0,0.0,0.0,0.0,0.0,0.0,0.0,0.0,0.0,0.0,0.0
136.0,0,2,0,0,night,pa_2_rev,-E0,20.0,4,0.0,0,0.0,0.0,0,0,4,3,0.0,0,0,0.0,47,0.0,0.0,0.0,0.0,0.0,0.0,0.0,0.0,0.0,0.0,0.0,0.0,0.0
137.0,0,2,0,0,night,pa_2_rev,-E0,20.0,4,0.0,0,0.0,0.0,0,0,4,3,0.0,0,0,0.0,47,0.0,0.0,0.0,0.0,0.0,0.0,0.0,0.0,0.0,0.0,0.0,0.0,0.0
138.0,0,2,0,0,night,pa_2_rev,-E0,20.0,4,0.0,0,0.0,0.0,0,0,4,3,0.0,0,0,0.0,47,0.0,0.0,0.0,0.0,0.0,0.0,0.0,0.0,0.0,0.0,0.0,0.0,0.0
139.0,0,2,0,0,night,pa_2_rev,-E0,20.0,4,0.0,0,0.0,0.0,0,0,4,3,0.0,0,0,0.0,47,0.0,0.0,0.0,0.0,0.0,0.0,0.0,0.0,0.0,0.0,0.0,0.0,0.0
140.0,0,2,0,0,night,pa_2_rev,-E0,20.0,4,0.0,0,0.0,0.0,0,0,4,3,0.0,0,0,0.0,47,0.0,0.0,0.0,0.0,0.0,0.0,0.0,0.0,0.0,0.0,0.0,0.0,0.0
141.0,0,2,0,0,night,pa_2_rev,-E0,20.0,4,0.0,0,0.0,0.0,0,0,4,3,0.0,0,0,0.0,47,0.0,0.0,0.0,0.0,0.0,0.0,0.0,0.0,0.0,0.0,0.0,0.0,0.0
142.0,0,2,0,0,night,pa_2_rev,-E0,20.0,4,0.0,0,0.0,0.0,0,0,4,3,0.0,0,0,0.0,47,0.0,0.0,0.0,0.0,0.0,0.0,0.0,0.0,0.0,0.0,0.0,0.0,0.0
143.0,0,2,0,0,night,pa_2_rev,-E0,20.0,4,0.0,0,0.0,0.0,0,0,4,3,0.0,0,0,0.0,47,0.0,0.0,0.0,0.0,0.0,0.0,0.0,0.0,0.0,0.0,0.0,0.0,0.0
144.0,0,2,0,0,night,pa_2_rev,-E0,20.0,4,0.0,0,0.0,0.0,0,0,4,3,0.0,0,0,0.0,47,0.0,0.0,0.0,0.0,0.0,0.0,0.0,0.0,0.0,0.0,0.0,0.0,0.0
145.0,0,2,0,0,night,pa_2_rev,-E0,20.0,4,0.0,0,0.0,0.0,0,0,4,3,0.0,0,0,0.0,52,0.0,0.0,0.0,0.0,0.0,0.0,0.0,0.0,0.0,0.0,0.0,0.0,0.0
146.0,0,2,0,0,night,pa_2_rev,-E0,20.0,4,0.0,0,0.0,0.0,0,0,4,3,0.0,0,0,0.0,52,0.0,0.0,0.0,0.0,0.0,0.0,0.0,0.0,0.0,0.0,0.0,0.0,0.0
147.0,0,2,0,0,night,pa_2_rev,-E0,20.0,4,0.0,0,0.0,0.0,0,0,4,3,0.0,0,0,0.0,52,0.0,0.0,0.0,0.0,0.0,0.0,0.0,0.0,0.0,0.0,0.0,0.0,0.0
148.0,0,2,0,0,night,pa_2_rev,-E0,20.0,4,0.0,0,0.0,0.0,0,0,4,3,0.0,0,0,0.0,52,0.0,0.0,0.0,0.0,0.0,0.0,0.0,0.0,0.0,0.0,0.0,0.0,0.0
149.0,0,2,0,0,night,pa_2_rev,-E0,20.0,4,0.0,0,0.0,0.0,0,0,4,3,0.0,0,0,0.0,52,0.0,0.0,0.0,0.0,0.0,0.0,0.0,0.0,0.0,0.0,0.0,0.0,0.0
150.0,0,2,0,0,night,pa_2_rev,-E0,20.0,4,0.0,0,0.0,0.0,0,0,4,3,0.0,0,0,0.0,52,0.0,0.0,0.0,0.0,0.0,0.0,0.0,0.0,0.0,0.0,0.0,0.0,0.0
151.0,0,2,0,0,night,pa_2_rev,-E0,20.0,4,0.0,0,0.0,0.0,0,0,4,3,0.0,0,0,0.0,52,0.0,0.0,0.0,0.0,0.0,0.0,0.0,0.0,0.0,0.0,0.0,0.0,0.0
152.0,0,2,0,0,night,pa_2_rev,-E0,20.0,4,0.0,0,0.0,0.0,0,0,4,3,0.0,0,0,0.0,52,0.0,0.0,0.0,0.0,0.0,0.0,0.0,0.0,0.0,0.0,0.0,0.0,0.0
153.0,0,2,0,0,night,pa_2_rev,-E0,20.0,4,0.0,0,0.0,0.0,0,0,4,3,0.0,0,0,0.0,52,0.0,0.0,0.0,0.0,0.0,0.0,0.0,0.0,0.0,0.0,0.0,0.0,0.0
154.0,0,2,0,0,night,pa_2_rev,-E0,20.0,4,0.0,0,0.0,0.0,0,0,4,3,0.0,0,0,0.0,52,0.0,0.0,0.0,0.0,0.0,0.0,0.0,0.0,0.0,0.0,0.0,0.0,0.0
155.0,0,2,0,0,night,pa_2_rev,-E0,20.0,4,0.0,0,0.0,0.0,0,0,4,3,0.0,0,0,0.0,54,0.0,0.0,0.0,0.0,0.0,0.0,0.0,0.0,0.0,0.0,0.0,0.0,0.0
156.0,0,2,0,0,night,pa_2_rev,-E0,20.0,4,0.0,0,0.0,0.0,0,0,4,3,0.0,0,0,0.0,54,0.0,0.0,0.0,0.0,0.0,0.0,0.0,0.0,0.0,0.0,0.0,0.0,0.0
157.0,0,2,0,0,night,pa_2_rev,-E0,20.0,4,0.0,0,0.0,0.0,0,0,4,3,0.0,0,0,0.0,54,0.0,0.0,0.0,0.0,0.0,0.0,0.0,0.0,0.0,0.0,0.0,0.0,0.0
158.0,0,2,0,0,night,pa_2_rev,-E0,20.0,4,0.0,0,0.0,0.0,0,0,4,3,0.0,0,0,0.0,54,0.0,0.0,0.0,0.0,0.0,0.0,0.0,0.0,0.0,0.0,0.0,0.0,0.0
159.0,0,2,0,0,night,pa_2_rev,-E0,20.0,4,0.0,0,0.0,0.0,0,0,4,3,0.0,0,0,0.0,54,0.0,0.0,0.0,0.0,0.0,0.0,0.0,0.0,0.0,0.0,0.0,0.0,0.0
160.0,0,2,0,0,night,pa_2_rev,-E0,20.0,4,0.0,0,0.0,0.0,0,0,4,3,0.0,0,0,0.0,54,0.0,0.0,0.0,0.0,0.0,0.0,0.0,0.0,0.0,0.0,0.0,0.0,0.0
161.0,0,2,0,0,night,pa_2_rev,-E0,20.0,4,0.0,0,0.0,0.0,0,0,4,3,0.0,0,0,0.0,56,0.0,0.0,0.0,0.0,0.0,0.0,0.0,0.0,0.0,0.0,0.0,0.0,0.0
162.0,0,2,0,0,night,pa_2_rev,-E0,20.0,4,0.0,0,0.0,0.0,0,0,4,3,0.0,0,0,0.0,56,0.0,0.0,0.0,0.0,0.0,0.0,0.0,0.0,0.0,0.0,0.0,0.0,0.0
163.0,0,2,0,0,night,pa_2_rev,-E0,20.0,4,0.0,0,0.0,0.0,0,0,4,3,0.0,0,0,0.0,56,0.0,0.0,0.0,0.0,0.0,0.0,0.0,0.0,0.0,0.0,0.0,0.0,0.0
164.0,0,2,0,0,night,pa_2_rev,-E0,20.0,4,0.0,0,0.0,0.0,0,0,4,3,0.0,0,0,0.0,56,0.0,0.0,0.0,0.0,0.0,0.0,0.0,0.0,0.0,0.0,0.0,0.0,0.0
165.0,0,2,0,0,night,pa_2_rev,-E0,20.0,4,0.0,0,0.0,0.0,0,0,4,3,0.0,0,0,0.0,56,0.0,0.0,0.0,0.0,0.0,0.0,0.0,0.0,0.0,0.0,0.0,0.0,0.0
166.0,0,2,0,0,night,pa_2_rev,-E0,20.0,4,0.0,0,0.0,0.0,0,0,4,3,0.0,0,0,0.0,56,0.0,0.0,0.0,0.0,0.0,0.0,0.0,0.0,0.0,0.0,0.0,0.0,0.0
167.0,0,2,0,0,night,pa_2_rev,-E0,20.0,4,0.0,0,0.0,0.0,0,0,4,3,0.0,0,0,0.0,56,0.0,0.0,0.0,0.0,0.0,0.0,0.0,0.0,0.0,0.0,0.0,0.0,0.0
168.0,0,2,0,0,night,pa_2_rev,-E0,20.0,4,0.0,0,0.0,0.0,0,0,4,3,0.0,0,0,0.0,56,0.0,0.0,0.0,0.0,0.0,0.0,0.0,0.0,0.0,0.0,0.0,0.0,0.0
169.0,0,2,0,0,night,pa_2_rev,-E0,20.0,4,0.0,0,0.0,0.0,0,0,4,3,0.0,0,0,0.0,56,0.0,0.0,0.0,0.0,0.0,0.0,0.0,0.0,0.0,0.0,0.0,0.0,0.0
170.0,0,2,0,0,night,pa_2_rev,-E0,20.0,4,0.0,0,0.0,0.0,0,0,4,3,0.0,0,0,0.0,56,0.0,0.0,0.0,0.0,0.0,0.0,0.0,0.0,0.0,0.0,0.0,0.0,0.0
171.0,0,2,0,0,night,pa_2_rev,-E0,20.0,4,0.0,0,0.0,0.0,0,0,4,3,0.0,0,0,0.0,56,0.0,0.0,0.0,0.0,0.0,0.0,0.0,0.0,0.0,0.0,0.0,0.0,0.0
172.0,0,2,0,0,night,pa_2_rev,-E0,20.0,4,0.0,0,0.0,0.0,0,0,4,3,0.0,0,0,0.0,56,0.0,0.0,0.0,0.0,0.0,0.0,0.0,0.0,0.0,0.0,0.0,0.0,0.0
173.0,0,2,0,0,night,pa_2_rev,-E0,20.0,4,0.0,0,0.0,0.0,0,0,4,3,0.0,0,0,0.0,56,0.0,0.0,0.0,0.0,0.0,0.0,0.0,0.0,0.0,0.0,0.0,0.0,0.0
174.0,0,2,0,0,night,pa_2_rev,-E0,20.0,4,0.0,0,0.0,0.0,0,0,4,3,0.0,0,0,0.0,56,0.0,0.0,0.0,0.0,0.0,0.0,0.0,0.0,0.0,0.0,0.0,0.0,0.0
175.0,0,2,0,0,night,pa_2_rev,-E0,20.0,4,0.0,0,0.0,0.0,0,0,4,3,0.0,0,0,0.0,56,0.0,0.0,0.0,0.0,0.0,0.0,0.0,0.0,0.0,0.0,0.0,0.0,0.0
176.0,0,2,0,0,night,pa_2_rev,-E0,20.0,4,0.0,0,0.0,0.0,0,0,4,3,0.0,0,0,0.0,56,0.0,0.0,0.0,0.0,0.0,0.0,0.0,0.0,0.0,0.0,0.0,0.0,0.0
177.0,0,2,0,0,night,pa_2_rev,-E0,20.0,4,0.0,0,0.0,0.0,0,0,4,3,0.0,0,0,0.0,56,0.0,0.0,0.0,0.0,0.0,0.0,0.0,0.0,0.0,0.0,0.0,0.0,0.0
178.0,0,2,0,0,night,pa_2_rev,-E0,20.0,4,0.0,0,0.0,0.0,0,0,4,3,0.0,0,0,0.0,56,0.0,0.0,0.0,0.0,0.0,0.0,0.0,0.0,0.0,0.0,0.0,0.0,0.0
179.0,0,2,0,0,night,pa_2_rev,-E0,20.0,4,0.0,0,0.0,0.0,0,0,4,3,0.0,0,0,0.0,56,0.0,0.0,0.0,0.0,0.0,0.0,0.0,0.0,0.0,0.0,0.0,0.0,0.0
180.0,0,3,0,0,night,pa_2_rev,-E0,20.0,4,0.0,0,0.0,0.0,0,0,4,3,0.0,0,0,0.0,56,0.0,0.0,0.0,0.0,0.0,0.0,0.0,0.0,0.0,0.0,0.0,0.0,0.0
181.0,0,3,0,0,night,pa_2_rev,-E0,20.0,4,0.0,0,0.0,0.0,0,0,4,3,20.0,1,0,2.27,59,0.0,0.0,0.0,0.0,0.0,0.0,0.0,0.0,0.0,0.0,0.0,0.0,0.0
182.0,0,3,0,0,night,pa_2_rev,-E0,20.0,4,20.0,1,25.0,0.0,0,0,3,3,40.0,2,0,4.55,59,20.0,0.14,0.25,0.0,0.0,0.0,0.0,20.0,0.0,4.0,2.0,0.2,0.1
183.0,0,3,0,0,night,pa_2_rev,-E0,20.0,4,20.0,1,25.0,0.0,0,0,3,3,60.0,3,0,6.82,61,20.0,0.14,0.25,20.0,0.0,1.0,0.0,40.0,0.0,8.0,4.0,0.4,0.2
184.0,0,3,0,0,night,pa_2_rev,-E0,20.0,4,20.0,1,25.0,0.0,0,0,3,3,60.0,3,0,6.82,61,20.0,0.14,0.25,20.0,0.0,1.0,0.0,60.0,0.0,12.0,6.0,0.6,0.3
185.0,0,3,0,0,night,pa_2_rev,-E0,20.0,4,20.0,1,25.0,0.0,0,0,3,3,60.0,3,0,6.82,61,20.0,0.14,0.25,20.0,0.0,1.0,0.0,60.0,0.0,16.0,8.0,0.8,0.4
186.0,0,3,0,0,night,pa_2_rev,-E0,20.0,4,20.0,1,25.0,0.0,0,0,3,3,60.0,3,0,6.82,62,20.0,0.14,0.25,20.0,0.0,1.0,0.0,60.0,20.0,20.0,10.0,1.0,0.5
187.0,0,3,0,0,night,pa_2_rev,-E0,20.0,4,20.0,1,25.0,0.0,0,0,3,3,60.0,3,0,6.82,62,20.0,0.14,0.25,20.0,20.0,1.0,1.0,60.0,40.0,20.0,12.0,1.0,0.6
188.0,0,3,0,0,night,pa_2_rev,-E0,20.0,4,20.0,1,25.0,0.0,0,0,3,3,105.0,5,0,11.36,63,20.0,0.14,0.25,20.0,20.0,1.0,1.0,60.0,60.0,20.0,14.0,1.0,0.7
189.0,0,3,0,0,night,pa_2_rev,-E0,20.0,4,20.0,1,25.0,0.0,0,0,3,3,150.0,7,0,15.91,63,20.0,0.14,0.25,20.0,20.0,1.0,1.0,105.0,60.0,20.0,16.0,1.0,0.8
190.0,0,3,0,0,night,pa_2_rev,-E0,20.0,4,20.0,1,25.0,0.0,0,0,3,3,150.0,7,0,15.91,63,20.0,0.14,0.25,20.0,20.0,1.0,1.0,150.0,60.0,20.0,18.0,1.0,0.9
191.0,0,3,0,0,night,pa_2_rev,-E0,20.0,4,20.0,1,25.0,0.0,0,0,3,3,170.0,8,0,18.18,63,20.0,0.14,0.25,20.0,20.0,1.0,1.0,150.0,60.0,20.0,20.0,1.0,1.0
192.0,0,3,0,0,night,pa_2_rev,-E0,20.0,4,20.0,1,25.0,0.0,0,0,3,3,170.0,8,0,18.18,63,20.0,0.14,0.25,20.0,20.0,1.0,1.0,170.0,60.0,20.0,20.0,1.0,1.0
193.0,0,3,0,0,night,pa_2_rev,-E0,20.0,4,20.0,1,25.0,0.0,0,0,3,3,170.0,8,0,18.18,63,20.0,0.14,0.25,20.0,20.0,1.0,1.0,170.0,105.0,20.0,20.0,1.0,1.0
194.0,0,3,0,0,night,pa_2_rev,-E0,20.0,4,20.0,1,25.0,0.0,0,0,3,3,170.0,8,0,18.18,63,20.0,0.14,0.25,20.0,20.0,1.0,1.0,170.0,150.0,20.0,20.0,1.0,1.0
195.0,0,3,0,0,night,pa_2_rev,-E0,20.0,4,20.0,1,25.0,0.0,0,0,3,3,170.0,8,0,18.18,63,20.0,0.14,0.25,20.0,20.0,1.0,1.0,170.0,150.0,20.0,20.0,1.0,1.0
196.0,0,3,0,0,night,pa_2_rev,-E0,20.0,4,20.0,1,25.0,0.0,0,0,3,3,170.0,8,0,18.18,63,20.0,0.14,0.25,20.0,20.0,1.0,1.0,170.0,170.0,20.0,20.0,1.0,1.0
197.0,0,3,0,0,night,pa_2_rev,-E0,20.0,4,20.0,1,25.0,0.0,0,0,3,3,170.0,8,0,18.18,63,20.0,0.14,0.25,20.0,20.0,1.0,1.0,170.0,170.0,20.0,20.0,1.0,1.0
198.0,0,3,0,0,night,pa_2_rev,-E0,20.0,4,20.0,1,25.0,0.0,0,0,3,3,170.0,8,0,18.18,63,20.0,0.14,0.25,20.0,20.0,1.0,1.0,170.0,170.0,20.0,20.0,1.0,1.0
199.0,0,3,0,0,night,pa_2_rev,-E0,20.0,4,20.0,1,25.0,0.0,0,0,3,3,170.0,8,0,18.18,63,20.0,0.14,0.25,20.0,20.0,1.0,1.0,170.0,170.0,20.0,20.0,1.0,1.0
200.0,0,3,0,0,night,pa_2_rev,-E0,20.0,4,20.0,1,25.0,0.0,0,0,3,3,170.0,8,0,18.18,63,20.0,0.14,0.25,20.0,20.0,1.0,1.0,170.0,170.0,20.0,20.0,1.0,1.0
201.0,0,3,0,0,night,pa_2_rev,-E0,20.0,4,20.0,1,25.0,0.0,0,0,3,3,170.0,8,0,18.18,64,20.0,0.14,0.25,20.0,20.0,1.0,1.0,170.0,170.0,20.0,20.0,1.0,1.0
202.0,0,3,0,0,night,pa_2_rev,-E0,20.0,4,20.0,1,25.0,0.0,0,0,3,3,170.0,8,0,18.18,64,20.0,0.14,0.25,20.0,20.0,1.0,1.0,170.0,170.0,20.0,20.0,1.0,1.0
203.0,0,3,0,0,night,pa_2_rev,-E0,20.0,4,20.0,1,25.0,0.0,0,0,3,3,170.0,8,0,18.18,64,20.0,0.14,0.25,20.0,20.0,1.0,1.0,170.0,170.0,20.0,20.0,1.0,1.0
204.0,0,3,0,0,night,pa_2_rev,-E0,20.0,4,20.0,1,25.0,0.0,0,0,3,3,170.0,8,0,18.18,64,20.0,0.14,0.25,20.0,20.0,1.0,1.0,170.0,170.0,20.0,20.0,1.0,1.0
205.0,0,3,0,0,night,pa_2_rev,-E0,20.0,4,20.0,1,25.0,0.0,0,0,3,3,170.0,8,0,18.18,64,20.0,0.14,0.25,20.0,20.0,1.0,1.0,170.0,170.0,20.0,20.0,1.0,1.0
206.0,0,3,0,0,night,pa_2_rev,-E0,20.0,4,20.0,1,25.0,0.0,0,0,3,3,170.0,8,0,18.18,69,20.0,0.14,0.25,20.0,20.0,1.0,1.0,170.0,170.0,20.0,20.0,1.0,1.0
207.0,0,3,0,0,night,pa_2_rev,-E0,20.0,4,20.0,1,25.0,0.0,0,0,3,3,170.0,8,0,18.18,69,20.0,0.14,0.25,20.0,20.0,1.0,1.0,170.0,170.0,20.0,20.0,1.0,1.0
208.0,0,3,0,0,night,pa_2_rev,-E0,20.0,4,20.0,1,25.0,0.0,0,0,3,3,170.0,8,0,18.18,69,20.0,0.14,0.25,20.0,20.0,1.0,1.0,170.0,170.0,20.0,20.0,1.0,1.0
209.0,0,3,0,0,night,pa_2_rev,-E0,20.0,4,20.0,1,25.0,0.0,0,0,3,3,170.0,8,0,18.18,69,20.0,0.14,0.25,20.0,20.0,1.0,1.0,170.0,170.0,20.0,20.0,1.0,1.0
210.0,0,3,0,0,night,pa_2_rev,-E0,20.0,4,20.0,1,25.0,0.0,0,0,3,3,170.0,8,0,18.18,69,20.0,0.14,0.25,20.0,20.0,1.0,1.0,170.0,170.0,20.0,20.0,1.0,1.0
211.0,0,3,0,0,night,pa_2_rev,-E0,20.0,4,20.0,1,25.0,0.0,0,0,3,3,170.0,8,0,18.18,69,20.0,0.14,0.25,20.0,20.0,1.0,1.0,170.0,170.0,20.0,20.0,1.0,1.0
212.0,0,3,0,0,night,pa_2_rev,-E0,20.0,4,20.0,1,25.0,0.0,0,0,3,3,170.0,8,0,18.18,69,20.0,0.14,0.25,20.0,20.0,1.0,1.0,170.0,170.0,20.0,20.0,1.0,1.0
213.0,0,3,0,0,night,pa_2_rev,-E0,20.0,4,20.0,1,25.0,0.0,0,0,3,3,170.0,8,0,18.18,69,20.0,0.14,0.25,20.0,20.0,1.0,1.0,170.0,170.0,20.0,20.0,1.0,1.0
214.0,0,3,0,0,night,pa_2_rev,-E0,20.0,4,20.0,1,25.0,0.0,0,0,3,3,170.0,8,0,18.18,69,20.0,0.14,0.25,20.0,20.0,1.0,1.0,170.0,170.0,20.0,20.0,1.0,1.0
215.0,0,3,0,0,night,pa_2_rev,-E0,20.0,4,20.0,1,25.0,0.0,0,0,3,3,170.0,8,0,18.18,69,20.0,0.14,0.25,20.0,20.0,1.0,1.0,170.0,170.0,20.0,20.0,1.0,1.0
216.0,0,3,0,0,night,pa_2_rev,-E0,20.0,4,20.0,1,25.0,0.0,0,0,3,3,170.0,8,0,18.18,69,20.0,0.14,0.25,20.0,20.0,1.0,1.0,170.0,170.0,20.0,20.0,1.0,1.0
217.0,0,3,0,0,night,pa_2_rev,-E0,20.0,4,20.0,1,25.0,0.0,0,0,3,3,170.0,8,0,18.18,71,20.0,0.14,0.25,20.0,20.0,1.0,1.0,170.0,170.0,20.0,20.0,1.0,1.0
218.0,0,3,0,0,night,pa_2_rev,-E0,20.0,4,20.0,1,25.0,0.0,0,0,3,3,170.0,8,0,18.18,71,20.0,0.14,0.25,20.0,20.0,1.0,1.0,170.0,170.0,20.0,20.0,1.0,1.0
219.0,0,3,0,0,night,pa_2_rev,-E0,20.0,4,20.0,1,25.0,0.0,0,0,3,3,170.0,8,0,18.18,71,20.0,0.14,0.25,20.0,20.0,1.0,1.0,170.0,170.0,20.0,20.0,1.0,1.0
220.0,0,3,0,0,night,pa_2_rev,-E0,20.0,4,20.0,1,25.0,0.0,0,0,3,3,170.0,8,0,18.18,71,20.0,0.14,0.25,20.0,20.0,1.0,1.0,170.0,170.0,20.0,20.0,1.0,1.0
221.0,0,3,0,0,night,pa_2_rev,-E0,20.0,4,20.0,1,25.0,0.0,0,0,3,3,170.0,8,0,18.18,71,20.0,0.14,0.25,20.0,20.0,1.0,1.0,170.0,170.0,20.0,20.0,1.0,1.0
222.0,0,3,0,0,night,pa_2_rev,-E0,20.0,4,20.0,1,25.0,0.0,0,0,3,3,195.0,9,0,20.45,71,20.0,0.14,0.25,20.0,20.0,1.0,1.0,170.0,170.0,20.0,20.0,1.0,1.0
223.0,0,3,0,0,night,pa_2_rev,-E0,20.0,4,20.0,1,25.0,0.0,0,0,3,3,195.0,9,0,20.45,71,20.0,0.14,0.25,20.0,20.0,1.0,1.0,195.0,170.0,20.0,20.0,1.0,1.0
224.0,0,3,0,0,night,pa_2_rev,-E0,20.0,4,20.0,1,25.0,0.0,0,0,3,3,195.0,9,0,20.45,71,20.0,0.14,0.25,20.0,20.0,1.0,1.0,195.0,170.0,20.0,20.0,1.0,1.0
225.0,0,3,0,0,night,pa_2_rev,-E0,20.0,4,20.0,1,25.0,0.0,0,0,3,3,195.0,9,0,20.45,71,20.0,0.14,0.25,20.0,20.0,1.0,1.0,195.0,170.0,20.0,20.0,1.0,1.0
226.0,0,3,0,0,night,pa_2_rev,-E0,20.0,4,20.0,1,25.0,0.0,0,0,3,3,195.0,9,0,20.45,72,20.0,0.14,0.25,20.0,20.0,1.0,1.0,195.0,170.0,20.0,20.0,1.0,1.0
227.0,0,3,0,0,night,pa_2_rev,-E0,20.0,4,20.0,1,25.0,0.0,0,0,3,3,195.0,9,0,20.45,72,20.0,0.14,0.25,20.0,20.0,1.0,1.0,195.0,195.0,20.0,20.0,1.0,1.0
228.0,0,3,0,0,night,pa_2_rev,-E0,20.0,4,20.0,1,25.0,0.0,0,0,3,3,195.0,9,0,20.45,72,20.0,0.14,0.25,20.0,20.0,1.0,1.0,195.0,195.0,20.0,20.0,1.0,1.0
229.0,0,3,0,0,night,pa_2_rev,-E0,20.0,4,20.0,1,25.0,0.0,0,0,3,3,195.0,9,0,20.45,72,20.0,0.14,0.25,20.0,20.0,1.0,1.0,195.0,195.0,20.0,20.0,1.0,1.0
230.0,0,3,0,0,night,pa_2_rev,-E0,20.0,4,20.0,1,25.0,0.0,0,0,3,3,195.0,9,0,20.45,72,20.0,0.14,0.25,20.0,20.0,1.0,1.0,195.0,195.0,20.0,20.0,1.0,1.0
231.0,0,3,0,0,night,pa_2_rev,-E0,20.0,4,20.0,1,25.0,0.0,0,0,3,3,195.0,9,0,20.45,72,20.0,0.14,0.25,20.0,20.0,1.0,1.0,195.0,195.0,20.0,20.0,1.0,1.0
232.0,0,3,0,0,night,pa_2_rev,-E0,20.0,4,20.0,1,25.0,0.0,0,0,3,3,195.0,9,0,20.45,72,20.0,0.14,0.25,20.0,20.0,1.0,1.0,195.0,195.0,20.0,20.0,1.0,1.0
233.0,0,3,0,0,night,pa_2_rev,-E0,20.0,4,20.0,1,25.0,0.0,0,0,3,3,195.0,9,0,20.45,72,20.0,0.14,0.25,20.0,20.0,1.0,1.0,195.0,195.0,20.0,20.0,1.0,1.0
234.0,0,3,0,0,night,pa_2_rev,-E0,20.0,4,20.0,1,25.0,0.0,0,0,3,3,195.0,9,0,20.45,72,20.0,0.14,0.25,20.0,20.0,1.0,1.0,195.0,195.0,20.0,20.0,1.0,1.0
235.0,0,3,0,0,night,pa_2_rev,-E0,20.0,4,20.0,1,25.0,0.0,0,0,3,3,195.0,9,0,20.45,72,20.0,0.14,0.25,20.0,20.0,1.0,1.0,195.0,195.0,20.0,20.0,1.0,1.0
236.0,0,3,0,0,night,pa_2_rev,-E0,20.0,4,20.0,1,25.0,0.0,0,0,3,3,195.0,9,0,20.45,72,20.0,0.14,0.25,20.0,20.0,1.0,1.0,195.0,195.0,20.0,20.0,1.0,1.0
237.0,0,3,0,0,night,pa_2_rev,-E0,20.0,4,20.0,1,25.0,0.0,0,0,3,3,195.0,9,0,20.45,72,20.0,0.14,0.25,20.0,20.0,1.0,1.0,195.0,195.0,20.0,20.0,1.0,1.0
238.0,0,3,0,0,night,pa_2_rev,-E0,20.0,4,20.0,1,25.0,0.0,0,0,3,3,220.0,10,0,22.73,72,20.0,0.14,0.25,20.0,20.0,1.0,1.0,195.0,195.0,20.0,20.0,1.0,1.0
239.0,0,3,0,0,night,pa_2_rev,-E0,20.0,4,20.0,1,25.0,0.0,0,0,3,3,220.0,10,0,22.73,72,20.0,0.14,0.25,20.0,20.0,1.0,1.0,220.0,195.0,20.0,20.0,1.0,1.0
240.0,0,4,0,0,night,pa_2_rev,-E0,20.0,4,20.0,1,25.0,0.0,0,0,3,3,220.0,10,0,22.73,72,20.0,0.14,0.25,20.0,20.0,1.0,1.0,220.0,195.0,20.0,20.0,1.0,1.0
241.0,0,4,0,0,night,pa_2_rev,-E0,20.0,4,20.0,1,25.0,0.0,0,0,3,3,220.0,10,0,22.73,76,20.0,0.14,0.25,20.0,20.0,1.0,1.0,220.0,195.0,20.0,20.0,1.0,1.0
242.0,0,4,0,0,night,pa_2_rev,-E0,20.0,4,20.0,1,25.0,0.0,0,0,3,3,220.0,10,0,22.73,76,20.0,0.14,0.25,20.0,20.0,1.0,1.0,220.0,195.0,20.0,20.0,1.0,1.0
243.0,0,4,0,0,night,pa_2_rev,-E0,20.0,4,20.0,1,25.0,0.0,0,0,3,3,220.0,10,0,22.73,78,20.0,0.14,0.25,20.0,20.0,1.0,1.0,220.0,220.0,20.0,20.0,1.0,1.0
244.0,0,4,0,0,night,pa_2_rev,-E0,20.0,4,20.0,1,25.0,0.0,0,0,3,3,220.0,10,0,22.73,78,20.0,0.14,0.25,20.0,20.0,1.0,1.0,220.0,220.0,20.0,20.0,1.0,1.0
245.0,0,4,0,0,night,pa_2_rev,-E0,20.0,4,20.0,1,25.0,0.0,0,0,3,3,220.0,10,0,22.73,78,20.0,0.14,0.25,20.0,20.0,1.0,1.0,220.0,220.0,20.0,20.0,1.0,1.0
246.0,0,4,0,0,night,pa_2_rev,-E0,20.0,4,20.0,1,25.0,0.0,0,0,3,3,220.0,10,0,22.73,79,20.0,0.14,0.25,20.0,20.0,1.0,1.0,220.0,220.0,20.0,20.0,1.0,1.0
247.0,0,4,0,0,night,pa_2_rev,-E0,20.0,4,20.0,1,25.0,0.0,0,0,3,3,240.0,11,0,25.0,79,20.0,0.14,0.25,20.0,20.0,1.0,1.0,220.0,220.0,20.0,20.0,1.0,1.0
248.0,0,4,0,0,night,pa_2_rev,-E0,20.0,4,20.0,1,25.0,0.0,0,0,3,3,240.0,11,0,25.0,80,20.0,0.14,0.25,20.0,20.0,1.0,1.0,240.0,220.0,20.0,20.0,1.0,1.0
249.0,0,4,0,0,night,pa_2_rev,-E0,20.0,4,20.0,1,25.0,0.0,0,0,3,3,240.0,11,0,25.0,80,20.0,0.14,0.25,20.0,20.0,1.0,1.0,240.0,220.0,20.0,20.0,1.0,1.0
250.0,0,4,0,0,night,pa_2_rev,-E0,20.0,4,20.0,1,25.0,0.0,0,0,3,3,240.0,11,0,25.0,80,20.0,0.14,0.25,20.0,20.0,1.0,1.0,240.0,220.0,20.0,20.0,1.0,1.0
251.0,0,4,0,0,night,pa_2_rev,-E0,20.0,4,20.0,1,25.0,0.0,0,0,3,3,240.0,11,0,25.0,80,20.0,0.14,0.25,20.0,20.0,1.0,1.0,240.0,220.0,20.0,20.0,1.0,1.0
252.0,0,4,0,0,night,pa_2_rev,-E0,20.0,4,40.0,2,50.0,0.0,0,0,2,3,260.0,12,0,27.27,80,20.0,0.29,0.5,20.0,20.0,1.0,1.0,240.0,240.0,24.0,22.0,1.2,1.1
253.0,0,4,0,0,night,pa_2_rev,-E0,20.0,4,40.0,2,50.0,0.0,0,0,2,3,260.0,12,0,27.27,80,20.0,0.29,0.5,40.0,20.0,2.0,1.0,260.0,240.0,28.0,24.0,1.4,1.2
254.0,0,4,0,0,night,pa_2_rev,-E0,20.0,4,40.0,2,50.0,0.0,0,0,2,3,260.0,12,0,27.27,80,20.0,0.29,0.5,40.0,20.0,2.0,1.0,260.0,240.0,32.0,26.0,1.6,1.3
255.0,0,4,0,0,night,pa_2_rev,-E0,20.0,4,40.0,2,50.0,0.0,0,0,2,3,260.0,12,0,27.27,80,20.0,0.29,0.5,40.0,20.0,2.0,1.0,260.0,240.0,36.0,28.0,1.8,1.4
256.0,0,4,0,0,night,pa_2_rev,-E0,20.0,4,40.0,2,50.0,0.0,0,0,2,3,260.0,12,0,27.27,80,20.0,0.29,0.5,40.0,20.0,2.0,1.0,260.0,240.0,40.0,30.0,2.0,1.5
257.0,0,4,0,0,night,pa_2_rev,-E0,20.0,4,40.0,2,50.0,0.0,0,0,2,3,280.0,13,0,29.55,80,20.0,0.29,0.5,40.0,40.0,2.0,2.0,260.0,260.0,40.0,32.0,2.0,1.6
258.0,0,4,0,0,night,pa_2_rev,-E0,20.0,4,40.0,2,50.0,0.0,0,0,2,3,280.0,13,0,29.55,82,20.0,0.29,0.5,40.0,40.0,2.0,2.0,280.0,260.0,40.0,34.0,2.0,1.7
259.0,0,4,0,0,night,pa_2_rev,-E0,20.0,4,40.0,2,50.0,0.0,0,0,2,3,280.0,13,0,29.55,82,20.0,0.29,0.5,40.0,40.0,2.0,2.0,280.0,260.0,40.0,36.0,2.0,1.8
260.0,0,4,0,0,night,pa_2_rev,-E0,20.0,4,40.0,2,50.0,0.0,0,0,2,3,280.0,13,0,29.55,82,20.0,0.29,0.5,40.0,40.0,2.0,2.0,280.0,260.0,40.0,38.0,2.0,1.9
261.0,0,4,0,0,night,pa_2_rev,-E0,20.0,4,40.0,2,50.0,0.0,0,0,2,3,280.0,13,0,29.55,82,20.0,0.29,0.5,40.0,40.0,2.0,2.0,280.0,260.0,40.0,40.0,2.0,2.0
262.0,0,4,0,0,night,pa_2_rev,-E0,20.0,4,40.0,2,50.0,0.0,0,0,2,3,280.0,13,0,29.55,82,20.0,0.29,0.5,40.0,40.0,2.0,2.0,280.0,280.0,40.0,40.0,2.0,2.0
263.0,0,4,0,0,night,pa_2_rev,-E0,20.0,4,40.0,2,50.0,0.0,0,0,2,3,280.0,13,0,29.55,82,20.0,0.29,0.5,40.0,40.0,2.0,2.0,280.0,280.0,40.0,40.0,2.0,2.0
264.0,0,4,0,0,night,pa_2_rev,-E0,20.0,4,40.0,2,50.0,0.0,0,0,2,3,280.0,13,0,29.55,82,20.0,0.29,0.5,40.0,40.0,2.0,2.0,280.0,280.0,40.0,40.0,2.0,2.0
265.0,0,4,0,0,night,pa_2_rev,-E0,20.0,4,40.0,2,50.0,0.0,0,0,2,3,280.0,13,0,29.55,82,20.0,0.29,0.5,40.0,40.0,2.0,2.0,280.0,280.0,40.0,40.0,2.0,2.0
266.0,0,4,0,0,night,pa_2_rev,-E0,20.0,4,40.0,2,50.0,0.0,0,0,2,3,300.0,14,0,31.82,82,20.0,0.29,0.5,40.0,40.0,2.0,2.0,280.0,280.0,40.0,40.0,2.0,2.0
267.0,0,4,0,0,night,pa_2_rev,-E0,20.0,4,40.0,2,50.0,0.0,0,0,2,3,300.0,14,0,31.82,82,20.0,0.29,0.5,40.0,40.0,2.0,2.0,300.0,280.0,40.0,40.0,2.0,2.0
268.0,0,4,0,0,night,pa_2_rev,-E0,20.0,4,40.0,2,50.0,0.0,0,0,2,3,325.0,15,0,34.09,82,20.0,0.29,0.5,40.0,40.0,2.0,2.0,300.0,280.0,40.0,40.0,2.0,2.0
269.0,0,4,0,0,night,pa_2_rev,-E0,20.0,4,40.0,2,50.0,0.0,0,0,2,3,350.0,16,0,36.36,82,20.0,0.29,0.5,40.0,40.0,2.0,2.0,325.0,280.0,40.0,40.0,2.0,2.0
270.0,0,4,0,0,night,pa_2_rev,-E0,20.0,4,40.0,2,50.0,0.0,0,0,2,3,370.0,17,0,38.64,82,20.0,0.29,0.5,40.0,40.0,2.0,2.0,350.0,280.0,40.0,40.0,2.0,2.0
271.0,0,4,0,0,night,pa_2_rev,-E0,20.0,4,40.0,2,50.0,0.0,0,0,2,3,370.0,17,0,38.64,83,20.0,0.29,0.5,40.0,40.0,2.0,2.0,370.0,300.0,40.0,40.0,2.0,2.0
272.0,0,4,0,0,night,pa_2_rev,-E0,20.0,4,40.0,2,50.0,0.0,0,0,2,3,390.0,18,0,40.91,83,20.0,0.29,0.5,40.0,40.0,2.0,2.0,370.0,300.0,40.0,40.0,2.0,2.0
273.0,0,4,0,0,night,pa_2_rev,-E0,20.0,4,40.0,2,50.0,0.0,0,0,2,3,415.0,19,0,43.18,84,20.0,0.29,0.5,40.0,40.0,2.0,2.0,390.0,325.0,40.0,40.0,2.0,2.0
274.0,0,4,0,0,night,pa_2_rev,-E0,20.0,4,40.0,2,50.0,0.0,0,0,2,3,440.0,20,0,45.45,84,20.0,0.29,0.5,40.0,40.0,2.0,2.0,415.0,350.0,40.0,40.0,2.0,2.0
275.0,0,4,0,0,night,pa_2_rev,-E0,20.0,4,60.0,3,75.0,0.0,0,0,1,3,480.0,22,0,50.0,84,20.0,0.43,0.75,40.0,40.0,2.0,2.0,440.0,370.0,44.0,42.0,2.2,2.1
276.0,0,4,0,0,night,pa_2_rev,-E0,20.0,4,60.0,3,75.0,0.0,0,0,1,3,500.0,23,0,52.27,84,20.0,0.43,0.75,60.0,40.0,3.0,2.0,480.0,370.0,48.0,44.0,2.4,2.2
277.0,0,4,0,0,night,pa_2_rev,-E0,20.0,4,60.0,3,75.0,0.0,0,0,1,3,500.0,23,0,52.27,84,20.0,0.43,0.75,60.0,40.0,3.0,2.0,500.0,390.0,52.0,46.0,2.6,2.3
278.0,0,4,0,0,night,pa_2_rev,-E0,20.0,4,60.0,3,75.0,0.0,0,0,1,3,500.0,23,0,52.27,84,20.0,0.43,0.75,60.0,40.0,3.0,2.0,500.0,415.0,56.0,48.0,2.8,2.4
279.0,0,4,0,0,night,pa_2_rev,-E0,20.0,4,60.0,3,75.0,0.0,0,0,1,3,500.0,23,0,52.27,84,20.0,0.43,0.75,60.0,40.0,3.0,2.0,500.0,440.0,60.0,50.0,3.0,2.5
280.0,0,4,0,0,night,pa_2_rev,-E0,20.0,4,60.0,3,75.0,0.0,0,0,1,3,520.0,24,0,54.55,84,20.0,0.43,0.75,60.0,60.0,3.0,3.0,500.0,480.0,60.0,52.0,3.0,2.6
281.0,0,4,0,0,night,pa_2_rev,-E0,20.0,4,60.0,3,75.0,0.0,0,0,1,3,545.0,25,0,56.82,85,20.0,0.43,0.75,60.0,60.0,3.0,3.0,520.0,500.0,60.0,54.0,3.0,2.7
282.0,0,4,0,0,night,pa_2_rev,-E0,20.0,4,60.0,3,75.0,0.0,0,0,1,3,545.0,25,0,56.82,85,20.0,0.43,0.75,60.0,60.0,3.0,3.0,545.0,500.0,60.0,56.0,3.0,2.8
283.0,0,4,0,0,night,pa_2_rev,-E0,20.0,4,60.0,3,75.0,0.0,0,0,1,3,545.0,25,0,56.82,85,20.0,0.43,0.75,60.0,60.0,3.0,3.0,545.0,500.0,60.0,58.0,3.0,2.9
284.0,0,4,0,0,night,pa_2_rev,-E0,20.0,4,60.0,3,75.0,0.0,0,0,1,3,545.0,25,0,56.82,85,20.0,0.43,0.75,60.0,60.0,3.0,3.0,545.0,500.0,60.0,60.0,3.0,3.0
285.0,0,4,0,0,night,pa_2_rev,-E0,20.0,4,60.0,3,75.0,0.0,0,0,1,3,545.0,25,0,56.82,85,20.0,0.43,0.75,60.0,60.0,3.0,3.0,545.0,520.0,60.0,60.0,3.0,3.0
286.0,0,4,0,0,night,pa_2_rev,-E0,20.0,4,60.0,3,75.0,0.0,0,0,1,3,545.0,25,0,56.82,85,20.0,0.43,0.75,60.0,60.0,3.0,3.0,545.0,545.0,60.0,60.0,3.0,3.0
287.0,0,4,0,0,night,pa_2_rev,-E0,20.0,4,60.0,3,75.0,0.0,0,0,1,3,545.0,25,0,56.82,85,20.0,0.43,0.75,60.0,60.0,3.0,3.0,545.0,545.0,60.0,60.0,3.0,3.0
288.0,0,4,0,0,night,pa_2_rev,-E0,20.0,4,60.0,3,75.0,0.0,0,0,1,3,545.0,25,0,56.82,85,20.0,0.43,0.75,60.0,60.0,3.0,3.0,545.0,545.0,60.0,60.0,3.0,3.0
289.0,0,4,0,0,night,pa_2_rev,-E0,20.0,4,60.0,3,75.0,0.0,0,0,1,3,545.0,25,0,56.82,90,20.0,0.43,0.75,60.0,60.0,3.0,3.0,545.0,545.0,60.0,60.0,3.0,3.0
290.0,0,4,0,0,night,pa_2_rev,-E0,20.0,4,60.0,3,75.0,0.0,0,0,1,3,545.0,25,0,56.82,90,20.0,0.43,0.75,60.0,60.0,3.0,3.0,545.0,545.0,60.0,60.0,3.0,3.0
291.0,0,4,0,0,night,pa_2_rev,-E0,20.0,4,60.0,3,75.0,0.0,0,0,1,3,545.0,25,0,56.82,90,20.0,0.43,0.75,60.0,60.0,3.0,3.0,545.0,545.0,60.0,60.0,3.0,3.0
292.0,0,4,0,0,night,pa_2_rev,-E0,20.0,4,60.0,3,75.0,0.0,0,0,1,3,610.0,28,0,63.64,90,20.0,0.43,0.75,60.0,60.0,3.0,3.0,545.0,545.0,60.0,60.0,3.0,3.0
293.0,0,4,0,0,night,pa_2_rev,-E0,20.0,4,60.0,3,75.0,0.0,0,0,1,3,610.0,28,0,63.64,90,20.0,0.43,0.75,60.0,60.0,3.0,3.0,610.0,545.0,60.0,60.0,3.0,3.0
294.0,0,4,0,0,night,pa_2_rev,-E0,20.0,4,60.0,3,75.0,0.0,0,0,1,3,610.0,28,0,63.64,90,20.0,0.43,0.75,60.0,60.0,3.0,3.0,610.0,545.0,60.0,60.0,3.0,3.0
295.0,0,4,0,0,night,pa_2_rev,-E0,20.0,4,60.0,3,75.0,0.0,0,0,1,3,610.0,28,0,63.64,90,20.0,0.43,0.75,60.0,60.0,3.0,3.0,610.0,545.0,60.0,60.0,3.0,3.0
296.0,0,4,0,0,night,pa_2_rev,-E0,20.0,4,60.0,3,75.0,0.0,0,0,1,3,610.0,28,0,63.64,90,20.0,0.43,0.75,60.0,60.0,3.0,3.0,610.0,545.0,60.0,60.0,3.0,3.0
297.0,0,4,0,0,night,pa_2_rev,-E0,20.0,4,60.0,3,75.0,0.0,0,0,1,3,610.0,28,0,63.64,90,20.0,0.43,0.75,60.0,60.0,3.0,3.0,610.0,610.0,60.0,60.0,3.0,3.0
298.0,0,4,0,0,night,pa_2_rev,-E0,20.0,4,60.0,3,75.0,0.0,0,0,1,3,610.0,28,0,63.64,90,20.0,0.43,0.75,60.0,60.0,3.0,3.0,610.0,610.0,60.0,60.0,3.0,3.0
299.0,0,4,0,0,night,pa_2_rev,-E0,20.0,4,60.0,3,75.0,0.0,0,0,1,3,610.0,28,0,63.64,90,20.0,0.43,0.75,60.0,60.0,3.0,3.0,610.0,610.0,60.0,60.0,3.0,3.0
300.0,0,5,0,0,night,pa_2_rev,-E0,20.0,4,60.0,3,75.0,0.0,0,0,1,3,610.0,28,0,63.64,90,20.0,0.43,0.75,60.0,60.0,3.0,3.0,610.0,610.0,60.0,60.0,3.0,3.0
301.0,0,5,0,0,night,pa_2_rev,-E0,20.0,4,60.0,3,75.0,0.0,0,0,1,3,635.0,29,0,65.91,92,20.0,0.43,0.75,60.0,60.0,3.0,3.0,610.0,610.0,60.0,60.0,3.0,3.0
302.0,0,5,0,0,night,pa_2_rev,-E0,20.0,4,60.0,3,75.0,0.0,0,0,1,3,635.0,29,0,65.91,92,20.0,0.43,0.75,60.0,60.0,3.0,3.0,635.0,610.0,60.0,60.0,3.0,3.0
303.0,0,5,0,0,night,pa_2_rev,-E0,20.0,4,60.0,3,75.0,0.0,0,0,1,3,635.0,29,0,65.91,92,20.0,0.43,0.75,60.0,60.0,3.0,3.0,635.0,610.0,60.0,60.0,3.0,3.0
304.0,0,5,0,0,night,pa_2_rev,-E0,20.0,4,60.0,3,75.0,0.0,0,0,1,3,635.0,29,0,65.91,92,20.0,0.43,0.75,60.0,60.0,3.0,3.0,635.0,610.0,60.0,60.0,3.0,3.0
305.0,0,5,0,0,night,pa_2_rev,-E0,20.0,4,60.0,3,75.0,0.0,0,0,1,3,635.0,29,0,65.91,92,20.0,0.43,0.75,60.0,60.0,3.0,3.0,635.0,610.0,60.0,60.0,3.0,3.0
306.0,0,5,0,0,night,pa_2_rev,-E0,20.0,4,60.0,3,75.0,0.0,0,0,1,3,635.0,29,0,65.91,92,20.0,0.43,0.75,60.0,60.0,3.0,3.0,635.0,635.0,60.0,60.0,3.0,3.0
307.0,0,5,0,0,night,pa_2_rev,-E0,20.0,4,60.0,3,75.0,0.0,0,0,1,3,680.0,31,0,70.45,92,20.0,0.43,0.75,60.0,60.0,3.0,3.0,635.0,635.0,60.0,60.0,3.0,3.0
308.0,0,5,0,0,night,pa_2_rev,-E0,20.0,4,60.0,3,75.0,0.0,0,0,1,3,680.0,31,0,70.45,92,20.0,0.43,0.75,60.0,60.0,3.0,3.0,680.0,635.0,60.0,60.0,3.0,3.0
309.0,0,5,0,0,night,pa_2_rev,-E0,20.0,4,60.0,3,75.0,0.0,0,0,1,3,680.0,31,0,70.45,97,20.0,0.43,0.75,60.0,60.0,3.0,3.0,680.0,635.0,60.0,60.0,3.0,3.0
310.0,0,5,0,0,night,pa_2_rev,-E0,20.0,4,60.0,3,75.0,0.0,0,0,1,3,680.0,31,0,70.45,97,20.0,0.43,0.75,60.0,60.0,3.0,3.0,680.0,635.0,60.0,60.0,3.0,3.0
311.0,0,5,0,0,night,pa_2_rev,-E0,20.0,4,60.0,3,75.0,0.0,0,0,1,3,680.0,31,0,70.45,97,20.0,0.43,0.75,60.0,60.0,3.0,3.0,680.0,635.0,60.0,60.0,3.0,3.0
312.0,0,5,0,0,night,pa_2_rev,-E0,20.0,4,60.0,3,75.0,0.0,0,0,1,3,680.0,31,0,70.45,97,20.0,0.43,0.75,60.0,60.0,3.0,3.0,680.0,680.0,60.0,60.0,3.0,3.0
313.0,0,5,0,0,night,pa_2_rev,-E0,20.0,4,60.0,3,75.0,0.0,0,0,1,3,680.0,31,0,70.45,97,20.0,0.43,0.75,60.0,60.0,3.0,3.0,680.0,680.0,60.0,60.0,3.0,3.0
314.0,0,5,0,0,night,pa_2_rev,-E0,20.0,4,60.0,3,75.0,0.0,0,0,1,3,680.0,31,0,70.45,97,20.0,0.43,0.75,60.0,60.0,3.0,3.0,680.0,680.0,60.0,60.0,3.0,3.0
315.0,0,5,0,0,night,pa_2_rev,-E0,20.0,4,60.0,3,75.0,0.0,0,0,1,3,680.0,31,0,70.45,97,20.0,0.43,0.75,60.0,60.0,3.0,3.0,680.0,680.0,60.0,60.0,3.0,3.0
316.0,0,5,0,0,night,pa_2_rev,-E0,20.0,4,60.0,3,75.0,0.0,0,0,1,3,680.0,31,0,70.45,98,20.0,0.43,0.75,60.0,60.0,3.0,3.0,680.0,680.0,60.0,60.0,3.0,3.0
317.0,0,5,0,0,night,pa_2_rev,-E0,20.0,4,60.0,3,75.0,0.0,0,0,1,3,680.0,31,0,70.45,98,20.0,0.43,0.75,60.0,60.0,3.0,3.0,680.0,680.0,60.0,60.0,3.0,3.0
318.0,0,5,0,0,night,pa_2_rev,-E0,20.0,4,60.0,3,75.0,0.0,0,0,1,3,680.0,31,0,70.45,98,20.0,0.43,0.75,60.0,60.0,3.0,3.0,680.0,680.0,60.0,60.0,3.0,3.0
319.0,0,5,0,0,night,pa_2_rev,-E0,20.0,4,60.0,3,75.0,0.0,0,0,1,3,680.0,31,0,70.45,98,20.0,0.43,0.75,60.0,60.0,3.0,3.0,680.0,680.0,60.0,60.0,3.0,3.0
320.0,0,5,0,0,night,pa_2_rev,-E0,20.0,4,60.0,3,75.0,0.0,0,0,1,3,680.0,31,0,70.45,98,20.0,0.43,0.75,60.0,60.0,3.0,3.0,680.0,680.0,60.0,60.0,3.0,3.0
321.0,0,5,0,0,night,pa_2_rev,-E0,20.0,4,60.0,3,75.0,0.0,0,0,1,3,680.0,31,0,70.45,100,20.0,0.43,0.75,60.0,60.0,3.0,3.0,680.0,680.0,60.0,60.0,3.0,3.0
322.0,0,5,0,0,night,pa_2_rev,-E0,20.0,4,60.0,3,75.0,0.0,0,0,1,3,680.0,31,0,70.45,100,20.0,0.43,0.75,60.0,60.0,3.0,3.0,680.0,680.0,60.0,60.0,3.0,3.0
323.0,0,5,0,0,night,pa_2_rev,-E0,20.0,4,60.0,3,75.0,0.0,0,0,1,3,680.0,31,0,70.45,100,20.0,0.43,0.75,60.0,60.0,3.0,3.0,680.0,680.0,60.0,60.0,3.0,3.0
324.0,0,5,0,0,night,pa_2_rev,-E0,20.0,4,60.0,3,75.0,0.0,0,0,1,3,680.0,31,0,70.45,100,20.0,0.43,0.75,60.0,60.0,3.0,3.0,680.0,680.0,60.0,60.0,3.0,3.0
325.0,0,5,0,0,night,pa_2_rev,-E0,20.0,4,60.0,3,75.0,0.0,0,0,1,3,680.0,31,0,70.45,100,20.0,0.43,0.75,60.0,60.0,3.0,3.0,680.0,680.0,60.0,60.0,3.0,3.0
326.0,0,5,0,0,night,pa_2_rev,-E0,20.0,4,80.0,4,100.0,0.0,0,0,0,3,700.0,32,0,72.73,100,20.0,0.57,1.0,60.0,60.0,3.0,3.0,680.0,680.0,64.0,62.0,3.2,3.1
327.0,0,5,0,0,night,pa_2_rev,-E0,20.0,4,80.0,4,100.0,0.0,0,0,0,3,700.0,32,0,72.73,100,20.0,0.57,1.0,80.0,60.0,4.0,3.0,700.0,680.0,68.0,64.0,3.4,3.2
328.0,0,5,0,0,night,pa_2_rev,-E0,20.0,4,80.0,4,100.0,0.0,0,0,0,3,700.0,32,0,72.73,100,20.0,0.57,1.0,80.0,60.0,4.0,3.0,700.0,680.0,72.0,66.0,3.6,3.3
329.0,0,5,0,0,night,pa_2_rev,-E0,20.0,4,80.0,4,100.0,0.0,0,0,0,3,700.0,32,0,72.73,100,20.0,0.57,1.0,80.0,60.0,4.0,3.0,700.0,680.0,76.0,68.0,3.8,3.4
330.0,0,5,0,0,night,pa_2_rev,-E0,20.0,4,80.0,4,100.0,0.0,0,0,0,3,700.0,32,0,72.73,100,20.0,0.57,1.0,80.0,60.0,4.0,3.0,700.0,680.0,80.0,70.0,4.0,3.5
331.0,0,5,0,0,night,pa_2_rev,-E0,20.0,4,80.0,4,100.0,0.0,0,0,0,3,700.0,32,0,72.73,100,20.0,0.57,1.0,80.0,80.0,4.0,4.0,700.0,700.0,80.0,72.0,4.0,3.6
332.0,0,5,0,0,night,pa_2_rev,-E0,20.0,4,80.0,4,100.0,0.0,0,0,0,3,700.0,32,0,72.73,100,20.0,0.57,1.0,80.0,80.0,4.0,4.0,700.0,700.0,80.0,74.0,4.0,3.7
333.0,0,5,0,0,night,pa_2_rev,-E0,20.0,4,80.0,4,100.0,0.0,0,0,0,3,700.0,32,0,72.73,100,20.0,0.57,1.0,80.0,80.0,4.0,4.0,700.0,700.0,80.0,76.0,4.0,3.8
334.0,0,5,0,0,night,pa_2_rev,-E0,20.0,4,80.0,4,100.0,0.0,0,0,0,3,700.0,32,0,72.73,100,20.0,0.57,1.0,80.0,80.0,4.0,4.0,700.0,700.0,80.0,78.0,4.0,3.9
335.0,0,5,0,0,night,pa_2_rev,-E0,20.0,4,80.0,4,100.0,0.0,0,0,0,3,700.0,32,0,72.73,100,20.0,0.57,1.0,80.0,80.0,4.0,4.0,700.0,700.0,80.0,80.0,4.0,4.0
336.0,0,5,0,0,night,pa_2_rev,-E0,20.0,4,80.0,4,100.0,0.0,0,0,0,3,700.0,32,0,72.73,100,20.0,0.57,1.0,80.0,80.0,4.0,4.0,700.0,700.0,80.0,80.0,4.0,4.0
337.0,0,5,0,0,night,pa_2_rev,-E0,20.0,4,80.0,4,100.0,0.0,0,0,0,3,700.0,32,0,72.73,100,20.0,0.57,1.0,80.0,80.0,4.0,4.0,700.0,700.0,80.0,80.0,4.0,4.0
338.0,0,5,0,0,night,pa_2_rev,-E0,20.0,4,80.0,4,100.0,0.0,0,0,0,3,700.0,32,0,72.73,100,20.0,0.57,1.0,80.0,80.0,4.0,4.0,700.0,700.0,80.0,80.0,4.0,4.0
339.0,0,5,0,0,night,pa_2_rev,-E0,20.0,4,80.0,4,100.0,0.0,0,0,0,3,700.0,32,0,72.73,100,20.0,0.57,1.0,80.0,80.0,4.0,4.0,700.0,700.0,80.0,80.0,4.0,4.0
340.0,0,5,0,0,night,pa_2_rev,-E0,20.0,4,80.0,4,100.0,0.0,0,0,0,3,740.0,34,0,77.27,100,20.0,0.57,1.0,80.0,80.0,4.0,4.0,700.0,700.0,80.0,80.0,4.0,4.0
341.0,0,5,0,0,night,pa_2_rev,-E0,20.0,4,80.0,4,100.0,0.0,0,0,0,3,740.0,34,0,77.27,100,20.0,0.57,1.0,80.0,80.0,4.0,4.0,740.0,700.0,80.0,80.0,4.0,4.0
342.0,0,5,0,0,night,pa_2_rev,-E0,20.0,4,80.0,4,100.0,0.0,0,0,0,3,740.0,34,0,77.27,100,20.0,0.57,1.0,80.0,80.0,4.0,4.0,740.0,700.0,80.0,80.0,4.0,4.0
343.0,0,5,0,0,night,pa_2_rev,-E0,20.0,4,80.0,4,100.0,0.0,0,0,0,3,740.0,34,0,77.27,100,20.0,0.57,1.0,80.0,80.0,4.0,4.0,740.0,700.0,80.0,80.0,4.0,4.0
344.0,0,5,0,0,night,pa_2_rev,-E0,20.0,4,80.0,4,100.0,0.0,0,0,0,3,740.0,34,0,77.27,100,20.0,0.57,1.0,80.0,80.0,4.0,4.0,740.0,700.0,80.0,80.0,4.0,4.0
345.0,0,5,0,0,night,pa_2_rev,-E0,20.0,4,80.0,4,100.0,0.0,0,0,0,3,740.0,34,0,77.27,100,20.0,0.57,1.0,80.0,80.0,4.0,4.0,740.0,740.0,80.0,80.0,4.0,4.0
346.0,0,5,0,0,night,pa_2_rev,-E0,20.0,4,80.0,4,100.0,0.0,0,0,0,3,740.0,34,0,77.27,100,20.0,0.57,1.0,80.0,80.0,4.0,4.0,740.0,740.0,80.0,80.0,4.0,4.0
347.0,0,5,0,0,night,pa_2_rev,-E0,20.0,4,80.0,4,100.0,0.0,0,0,0,3,740.0,34,0,77.27,100,20.0,0.57,1.0,80.0,80.0,4.0,4.0,740.0,740.0,80.0,80.0,4.0,4.0
348.0,0,5,0,0,night,pa_2_rev,-E0,20.0,4,80.0,4,100.0,0.0,0,0,0,3,740.0,34,0,77.27,100,20.0,0.57,1.0,80.0,80.0,4.0,4.0,740.0,740.0,80.0,80.0,4.0,4.0
349.0,0,5,0,0,night,pa_2_rev,-E0,20.0,4,80.0,4,100.0,0.0,0,0,0,3,740.0,34,0,77.27,100,20.0,0.57,1.0,80.0,80.0,4.0,4.0,740.0,740.0,80.0,80.0,4.0,4.0
350.0,0,5,0,0,night,pa_2_rev,-E0,20.0,4,80.0,4,100.0,0.0,0,0,0,3,740.0,34,0,77.27,100,20.0,0.57,1.0,80.0,80.0,4.0,4.0,740.0,740.0,80.0,80.0,4.0,4.0
351.0,0,5,0,0,night,pa_2_rev,-E0,20.0,4,80.0,4,100.0,0.0,0,0,0,3,740.0,34,0,77.27,100,20.0,0.57,1.0,80.0,80.0,4.0,4.0,740.0,740.0,80.0,80.0,4.0,4.0
352.0,0,5,0,0,night,pa_2_rev,-E0,20.0,4,80.0,4,100.0,0.0,0,0,0,3,740.0,34,0,77.27,100,20.0,0.57,1.0,80.0,80.0,4.0,4.0,740.0,740.0,80.0,80.0,4.0,4.0
353.0,0,5,0,0,night,pa_2_rev,-E0,20.0,4,80.0,4,100.0,0.0,0,0,0,3,740.0,34,0,77.27,100,20.0,0.57,1.0,80.0,80.0,4.0,4.0,740.0,740.0,80.0,80.0,4.0,4.0
354.0,0,5,0,0,night,pa_2_rev,-E0,20.0,4,80.0,4,100.0,0.0,0,0,0,3,740.0,34,0,77.27,100,20.0,0.57,1.0,80.0,80.0,4.0,4.0,740.0,740.0,80.0,80.0,4.0,4.0
355.0,0,5,0,0,night,pa_2_rev,-E0,20.0,4,80.0,4,100.0,0.0,0,0,0,3,740.0,34,0,77.27,100,20.0,0.57,1.0,80.0,80.0,4.0,4.0,740.0,740.0,80.0,80.0,4.0,4.0
356.0,0,5,0,0,night,pa_2_rev,-E0,20.0,4,80.0,4,100.0,0.0,0,0,0,3,740.0,34,0,77.27,100,20.0,0.57,1.0,80.0,80.0,4.0,4.0,740.0,740.0,80.0,80.0,4.0,4.0
357.0,0,5,0,0,night,pa_2_rev,-E0,20.0,4,80.0,4,100.0,0.0,0,0,0,3,740.0,34,0,77.27,100,20.0,0.57,1.0,80.0,80.0,4.0,4.0,740.0,740.0,80.0,80.0,4.0,4.0
358.0,0,5,0,0,night,pa_2_rev,-E0,20.0,4,80.0,4,100.0,0.0,0,0,0,3,740.0,34,0,77.27,100,20.0,0.57,1.0,80.0,80.0,4.0,4.0,740.0,740.0,80.0,80.0,4.0,4.0
359.0,0,5,0,0,night,pa_2_rev,-E0,20.0,4,80.0,4,100.0,0.0,0,0,0,3,765.0,35,0,79.55,100,20.0,0.57,1.0,80.0,80.0,4.0,4.0,740.0,740.0,80.0,80.0,4.0,4.0
360.0,0,6,0,0,night,pa_2_rev,-E0,20.0,4,80.0,4,100.0,0.0,0,0,0,3,790.0,36,0,81.82,100,20.0,0.57,1.0,80.0,80.0,4.0,4.0,765.0,740.0,80.0,80.0,4.0,4.0
361.0,0,6,0,0,night,pa_2_rev,-E0,20.0,4,80.0,4,100.0,0.0,0,0,0,3,790.0,36,0,81.82,107,20.0,0.57,1.0,80.0,80.0,4.0,4.0,790.0,740.0,80.0,80.0,4.0,4.0
362.0,0,6,0,0,night,pa_2_rev,-E0,20.0,4,80.0,4,100.0,0.0,0,0,0,3,790.0,36,0,81.82,107,20.0,0.57,1.0,80.0,80.0,4.0,4.0,790.0,740.0,80.0,80.0,4.0,4.0
363.0,0,6,0,0,night,pa_2_rev,-E0,20.0,4,80.0,4,100.0,0.0,0,0,0,3,810.0,37,0,84.09,109,20.0,0.57,1.0,80.0,80.0,4.0,4.0,790.0,740.0,80.0,80.0,4.0,4.0
364.0,0,6,0,0,night,pa_2_rev,-E0,20.0,4,80.0,4,100.0,0.0,0,0,0,3,810.0,37,0,84.09,110,20.0,0.57,1.0,80.0,80.0,4.0,4.0,810.0,765.0,80.0,80.0,4.0,4.0
365.0,0,6,0,0,night,pa_2_rev,-E0,20.0,4,80.0,4,100.0,0.0,0,0,0,3,810.0,37,0,84.09,110,20.0,0.57,1.0,80.0,80.0,4.0,4.0,810.0,790.0,80.0,80.0,4.0,4.0
366.0,0,6,0,0,night,pa_2_rev,-E0,20.0,4,80.0,4,100.0,0.0,0,0,0,3,830.0,38,0,86.36,111,20.0,0.57,1.0,80.0,80.0,4.0,4.0,810.0,790.0,80.0,80.0,4.0,4.0
367.0,0,6,0,0,night,pa_2_rev,-E0,20.0,4,80.0,4,100.0,0.0,0,0,0,3,855.0,39,0,88.64,112,20.0,0.57,1.0,80.0,80.0,4.0,4.0,830.0,790.0,80.0,80.0,4.0,4.0
368.0,0,6,0,0,night,pa_2_rev,-E0,20.0,4,80.0,4,100.0,0.0,0,0,0,3,855.0,39,0,88.64,111,20.0,0.57,1.0,80.0,80.0,4.0,4.0,855.0,810.0,80.0,80.0,4.0,4.0
369.0,0,6,0,0,night,pa_2_rev,-E0,20.0,4,80.0,4,100.0,0.0,0,0,0,3,855.0,39,0,88.64,111,20.0,0.57,1.0,80.0,80.0,4.0,4.0,855.0,810.0,80.0,80.0,4.0,4.0
370.0,0,6,0,0,night,pa_2_rev,-E0,20.0,4,80.0,4,100.0,0.0,0,0,0,3,855.0,39,0,88.64,112,20.0,0.57,1.0,80.0,80.0,4.0,4.0,855.0,810.0,80.0,80.0,4.0,4.0
371.0,0,6,0,0,night,pa_2_rev,-E0,20.0,4,80.0,4,100.0,0.0,0,0,0,3,880.0,40,1,90.91,111,20.0,0.57,1.0,80.0,80.0,4.0,4.0,855.0,830.0,80.0,80.0,4.0,4.0
372.0,0,6,0,0,night,pa_2_rev,-E0,20.0,4,80.0,4,100.0,0.0,0,0,0,3,880.0,40,1,90.91,112,20.0,0.57,1.0,80.0,80.0,4.0,4.0,880.0,855.0,80.0,80.0,4.0,4.0
373.0,0,6,0,0,night,pa_2_rev,-E0,20.0,4,80.0,4,100.0,0.0,0,0,0,3,880.0,40,1,90.91,112,20.0,0.57,1.0,80.0,80.0,4.0,4.0,880.0,855.0,80.0,80.0,4.0,4.0
374.0,0,6,0,0,night,pa_2_rev,-E0,20.0,4,80.0,4,100.0,33.33,1,1,0,2,880.0,40,2,90.91,112,20.0,0.71,1.0,80.0,80.0,4.0,4.0,880.0,855.0,80.0,80.0,4.0,4.0
375.0,0,6,0,0,night,pa_2_rev,-E0,20.0,4,80.0,4,100.0,33.33,1,1,0,2,880.0,40,2,90.91,112,20.0,0.71,1.0,80.0,80.0,4.0,4.0,880.0,855.0,80.0,80.0,4.0,4.0
376.0,0,6,0,0,night,pa_2_rev,-E0,20.0,4,80.0,4,100.0,33.33,1,1,0,2,880.0,40,2,90.91,113,20.0,0.71,1.0,80.0,80.0,4.0,4.0,880.0,880.0,80.0,80.0,4.0,4.0
377.0,0,6,0,0,night,pa_2_rev,-E0,20.0,4,80.0,4,100.0,33.33,1,1,0,2,880.0,40,2,90.91,113,20.0,0.71,1.0,80.0,80.0,4.0,4.0,880.0,880.0,80.0,80.0,4.0,4.0
378.0,0,6,0,0,night,pa_2_rev,-E0,20.0,4,80.0,4,100.0,33.33,1,1,0,2,880.0,40,2,90.91,112,20.0,0.71,1.0,80.0,80.0,4.0,4.0,880.0,880.0,80.0,80.0,4.0,4.0
379.0,0,6,0,0,night,pa_2_rev,-E0,20.0,4,80.0,4,100.0,33.33,1,1,0,2,880.0,40,2,90.91,112,20.0,0.71,1.0,80.0,80.0,4.0,4.0,880.0,880.0,80.0,80.0,4.0,4.0
380.0,0,6,0,0,night,pa_2_rev,-E0,20.0,4,80.0,4,100.0,33.33,1,1,0,2,880.0,40,2,90.91,112,20.0,0.71,1.0,80.0,80.0,4.0,4.0,880.0,880.0,80.0,80.0,4.0,4.0
381.0,0,6,0,0,night,pa_2_rev,-E0,20.0,4,80.0,4,100.0,33.33,1,1,0,2,880.0,40,2,90.91,112,20.0,0.71,1.0,80.0,80.0,4.0,4.0,880.0,880.0,80.0,80.0,4.0,4.0
382.0,0,6,0,0,night,pa_2_rev,-E0,20.0,4,80.0,4,100.0,33.33,1,1,0,2,880.0,40,2,90.91,112,20.0,0.71,1.0,80.0,80.0,4.0,4.0,880.0,880.0,80.0,80.0,4.0,4.0
383.0,0,6,0,0,night,pa_2_rev,-E0,20.0,4,80.0,4,100.0,33.33,1,1,0,2,880.0,40,2,90.91,112,20.0,0.71,1.0,80.0,80.0,4.0,4.0,880.0,880.0,80.0,80.0,4.0,4.0
384.0,0,6,0,0,night,pa_2_rev,-E0,20.0,4,80.0,4,100.0,33.33,1,1,0,2,880.0,40,2,90.91,112,20.0,0.71,1.0,80.0,80.0,4.0,4.0,880.0,880.0,80.0,80.0,4.0,4.0
385.0,0,6,0,0,night,pa_2_rev,-E0,20.0,4,80.0,4,100.0,33.33,1,1,0,2,880.0,40,2,90.91,112,20.0,0.71,1.0,80.0,80.0,4.0,4.0,880.0,880.0,80.0,80.0,4.0,4.0
386.0,0,6,0,0,night,pa_2_rev,-E0,20.0,4,80.0,4,100.0,33.33,1,1,0,2,880.0,40,2,90.91,111,20.0,0.71,1.0,80.0,80.0,4.0,4.0,880.0,880.0,80.0,80.0,4.0,4.0
387.0,0,6,0,0,night,pa_2_rev,-E0,20.0,4,80.0,4,100.0,33.33,1,1,0,2,880.0,40,2,90.91,111,20.0,0.71,1.0,80.0,80.0,4.0,4.0,880.0,880.0,80.0,80.0,4.0,4.0
388.0,0,6,0,0,night,pa_2_rev,-E0,20.0,4,80.0,4,100.0,33.33,1,1,0,2,880.0,40,3,90.91,110,20.0,0.71,1.0,80.0,80.0,4.0,4.0,880.0,880.0,80.0,80.0,4.0,4.0
389.0,0,6,0,0,night,pa_2_rev,-E0,20.0,4,80.0,4,100.0,33.33,1,1,0,2,880.0,40,4,90.91,110,20.0,0.71,1.0,80.0,80.0,4.0,4.0,880.0,880.0,80.0,80.0,4.0,4.0
390.0,0,6,0,0,night,pa_2_rev,-E0,20.0,4,80.0,4,100.0,33.33,1,1,0,2,880.0,40,4,90.91,110,20.0,0.71,1.0,80.0,80.0,4.0,4.0,880.0,880.0,80.0,80.0,4.0,4.0
391.0,0,6,0,0,night,pa_2_rev,-E0,20.0,4,80.0,4,100.0,33.33,1,1,0,2,880.0,40,4,90.91,109,20.0,0.71,1.0,80.0,80.0,4.0,4.0,880.0,880.0,80.0,80.0,4.0,4.0
392.0,0,6,0,0,night,pa_2_rev,-E0,20.0,4,80.0,4,100.0,33.33,1,1,0,2,880.0,40,4,90.91,108,20.0,0.71,1.0,80.0,80.0,4.0,4.0,880.0,880.0,80.0,80.0,4.0,4.0
393.0,0,6,0,0,night,pa_2_rev,-E0,20.0,4,80.0,4,100.0,33.33,1,1,0,2,930.0,42,4,95.45,107,20.0,0.71,1.0,80.0,80.0,4.0,4.0,880.0,880.0,80.0,80.0,4.0,4.0
394.0,0,6,0,0,night,pa_2_rev,-E0,20.0,4,80.0,4,100.0,33.33,1,1,0,2,930.0,42,4,95.45,107,20.0,0.71,1.0,80.0,80.0,4.0,4.0,930.0,880.0,80.0,80.0,4.0,4.0
395.0,0,6,0,0,night,pa_2_rev,-E0,20.0,4,80.0,4,100.0,33.33,1,1,0,2,930.0,42,4,95.45,106,20.0,0.71,1.0,80.0,80.0,4.0,4.0,930.0,880.0,80.0,80.0,4.0,4.0
396.0,0,6,0,0,night,pa_2_rev,-E0,20.0,4,80.0,4,100.0,33.33,1,1,0,2,930.0,42,4,95.45,106,20.0,0.71,1.0,80.0,80.0,4.0,4.0,930.0,880.0,80.0,80.0,4.0,4.0
397.0,0,6,0,0,night,pa_2_rev,-E0,20.0,4,80.0,4,100.0,33.33,1,1,0,2,930.0,42,4,95.45,106,20.0,0.71,1.0,80.0,80.0,4.0,4.0,930.0,880.0,80.0,80.0,4.0,4.0
398.0,0,6,0,0,night,pa_2_rev,-E0,20.0,4,80.0,4,100.0,33.33,1,1,0,2,930.0,42,5,95.45,106,20.0,0.71,1.0,80.0,80.0,4.0,4.0,930.0,930.0,80.0,80.0,4.0,4.0
399.0,0,6,0,0,night,pa_2_rev,-E0,20.0,4,80.0,4,100.0,33.33,1,1,0,2,930.0,42,5,95.45,106,20.0,0.71,1.0,80.0,80.0,4.0,4.0,930.0,930.0,80.0,80.0,4.0,4.0
400.0,0,6,0,0,night,pa_2_rev,-E0,20.0,4,80.0,4,100.0,33.33,1,1,0,2,930.0,42,5,95.45,106,20.0,0.71,1.0,80.0,80.0,4.0,4.0,930.0,930.0,80.0,80.0,4.0,4.0
401.0,0,6,0,0,night,pa_2_rev,-E0,20.0,4,80.0,4,100.0,33.33,1,1,0,2,930.0,42,5,95.45,108,20.0,0.71,1.0,80.0,80.0,4.0,4.0,930.0,930.0,80.0,80.0,4.0,4.0
402.0,0,6,0,0,night,pa_2_rev,-E0,20.0,4,80.0,4,100.0,33.33,1,1,0,2,930.0,42,5,95.45,107,20.0,0.71,1.0,80.0,80.0,4.0,4.0,930.0,930.0,80.0,80.0,4.0,4.0
403.0,0,6,0,0,night,pa_2_rev,-E0,20.0,4,80.0,4,100.0,33.33,1,1,0,2,930.0,42,5,95.45,107,20.0,0.71,1.0,80.0,80.0,4.0,4.0,930.0,930.0,80.0,80.0,4.0,4.0
404.0,0,6,0,0,night,pa_2_rev,-E0,20.0,4,80.0,4,100.0,33.33,1,1,0,2,930.0,42,5,95.45,107,20.0,0.71,1.0,80.0,80.0,4.0,4.0,930.0,930.0,80.0,80.0,4.0,4.0
405.0,0,6,0,0,night,pa_2_rev,-E0,20.0,4,80.0,4,100.0,33.33,1,1,0,2,930.0,42,5,95.45,107,20.0,0.71,1.0,80.0,80.0,4.0,4.0,930.0,930.0,80.0,80.0,4.0,4.0
406.0,0,6,0,0,night,pa_2_rev,-E0,20.0,4,80.0,4,100.0,33.33,1,1,0,2,930.0,42,5,95.45,108,20.0,0.71,1.0,80.0,80.0,4.0,4.0,930.0,930.0,80.0,80.0,4.0,4.0
407.0,0,6,0,0,night,pa_2_rev,-E0,20.0,4,80.0,4,100.0,33.33,1,1,0,2,930.0,42,5,95.45,108,20.0,0.71,1.0,80.0,80.0,4.0,4.0,930.0,930.0,80.0,80.0,4.0,4.0
408.0,0,6,0,0,night,pa_2_rev,-E0,20.0,4,80.0,4,100.0,33.33,1,1,0,2,930.0,42,5,95.45,108,20.0,0.71,1.0,80.0,80.0,4.0,4.0,930.0,930.0,80.0,80.0,4.0,4.0
409.0,0,6,0,0,night,pa_2_rev,-E0,20.0,4,80.0,4,100.0,33.33,1,1,0,2,930.0,42,5,95.45,108,20.0,0.71,1.0,80.0,80.0,4.0,4.0,930.0,930.0,80.0,80.0,4.0,4.0
410.0,0,6,0,0,night,pa_2_rev,-E0,20.0,4,80.0,4,100.0,33.33,1,1,0,2,930.0,42,5,95.45,108,20.0,0.71,1.0,80.0,80.0,4.0,4.0,930.0,930.0,80.0,80.0,4.0,4.0
411.0,0,6,0,0,night,pa_2_rev,-E0,20.0,4,80.0,4,100.0,33.33,1,1,0,2,930.0,42,5,95.45,107,20.0,0.71,1.0,80.0,80.0,4.0,4.0,930.0,930.0,80.0,80.0,4.0,4.0
412.0,0,6,0,0,night,pa_2_rev,-E0,20.0,4,80.0,4,100.0,33.33,1,1,0,2,930.0,42,5,95.45,112,20.0,0.71,1.0,80.0,80.0,4.0,4.0,930.0,930.0,80.0,80.0,4.0,4.0
413.0,0,6,0,0,night,pa_2_rev,-E0,20.0,4,80.0,4,100.0,33.33,1,1,0,2,930.0,42,5,95.45,112,20.0,0.71,1.0,80.0,80.0,4.0,4.0,930.0,930.0,80.0,80.0,4.0,4.0
414.0,0,6,0,0,night,pa_2_rev,-E0,20.0,4,80.0,4,100.0,33.33,1,1,0,2,930.0,42,5,95.45,112,20.0,0.71,1.0,80.0,80.0,4.0,4.0,930.0,930.0,80.0,80.0,4.0,4.0
415.0,0,6,0,0,night,pa_2_rev,-E0,20.0,4,80.0,4,100.0,33.33,1,1,0,2,930.0,42,5,95.45,112,20.0,0.71,1.0,80.0,80.0,4.0,4.0,930.0,930.0,80.0,80.0,4.0,4.0
416.0,0,6,0,0,night,pa_2_rev,-E0,20.0,4,80.0,4,100.0,33.33,1,1,0,2,930.0,42,5,95.45,112,20.0,0.71,1.0,80.0,80.0,4.0,4.0,930.0,930.0,80.0,80.0,4.0,4.0
417.0,0,6,0,0,night,pa_2_rev,-E0,20.0,4,80.0,4,100.0,33.33,1,1,0,2,930.0,42,5,95.45,112,20.0,0.71,1.0,80.0,80.0,4.0,4.0,930.0,930.0,80.0,80.0,4.0,4.0
418.0,0,6,0,0,night,pa_2_rev,-E0,20.0,4,80.0,4,100.0,33.33,1,1,0,2,930.0,42,5,95.45,112,20.0,0.71,1.0,80.0,80.0,4.0,4.0,930.0,930.0,80.0,80.0,4.0,4.0
419.0,0,6,0,0,night,pa_2_rev,-E0,20.0,4,80.0,4,100.0,33.33,1,1,0,2,930.0,42,5,95.45,110,20.0,0.71,1.0,80.0,80.0,4.0,4.0,930.0,930.0,80.0,80.0,4.0,4.0
420.0,0,7,0,0,night,pa_2_rev,-E0,20.0,4,80.0,4,100.0,33.33,1,1,0,2,930.0,42,6,95.45,110,20.0,0.71,1.0,80.0,80.0,4.0,4.0,930.0,930.0,80.0,80.0,4.0,4.0
421.0,0,7,0,0,night,pa_2_rev,-E0,20.0,4,80.0,4,100.0,33.33,1,1,0,2,930.0,42,6,95.45,112,20.0,0.71,1.0,80.0,80.0,4.0,4.0,930.0,930.0,80.0,80.0,4.0,4.0
422.0,0,7,0,0,night,pa_2_rev,-E0,20.0,4,80.0,4,100.0,33.33,1,1,0,2,930.0,42,6,95.45,112,20.0,0.71,1.0,80.0,80.0,4.0,4.0,930.0,930.0,80.0,80.0,4.0,4.0
423.0,0,7,0,0,night,pa_2_rev,-E0,20.0,4,80.0,4,100.0,33.33,1,1,0,2,955.0,43,6,97.73,112,20.0,0.71,1.0,80.0,80.0,4.0,4.0,930.0,930.0,80.0,80.0,4.0,4.0
424.0,0,7,0,0,night,pa_2_rev,-E0,20.0,4,80.0,4,100.0,33.33,1,1,0,2,955.0,43,6,97.73,112,20.0,0.71,1.0,80.0,80.0,4.0,4.0,955.0,930.0,80.0,80.0,4.0,4.0
425.0,0,7,0,0,night,pa_2_rev,-E0,20.0,4,80.0,4,100.0,33.33,1,1,0,2,955.0,43,6,97.73,112,20.0,0.71,1.0,80.0,80.0,4.0,4.0,955.0,930.0,80.0,80.0,4.0,4.0
426.0,0,7,0,0,night,pa_2_rev,-E0,20.0,4,80.0,4,100.0,33.33,1,1,0,2,980.0,44,6,100.0,112,20.0,0.71,1.0,80.0,80.0,4.0,4.0,955.0,930.0,80.0,80.0,4.0,4.0
427.0,0,7,0,0,night,pa_2_rev,-E0,20.0,4,80.0,4,100.0,33.33,1,1,0,2,980.0,44,6,100.0,112,20.0,0.71,1.0,80.0,80.0,4.0,4.0,980.0,930.0,80.0,80.0,4.0,4.0
428.0,0,7,0,0,night,pa_2_rev,-E0,20.0,4,80.0,4,100.0,33.33,1,1,0,2,980.0,44,6,100.0,112,20.0,0.71,1.0,80.0,80.0,4.0,4.0,980.0,955.0,80.0,80.0,4.0,4.0
429.0,0,7,0,0,night,pa_2_rev,-E0,20.0,4,80.0,4,100.0,33.33,1,1,0,2,980.0,44,6,100.0,112,20.0,0.71,1.0,80.0,80.0,4.0,4.0,980.0,955.0,80.0,80.0,4.0,4.0
430.0,0,7,0,0,night,pa_2_rev,-E0,20.0,4,80.0,4,100.0,33.33,1,1,0,2,980.0,44,6,100.0,112,20.0,0.71,1.0,80.0,80.0,4.0,4.0,980.0,955.0,80.0,80.0,4.0,4.0
431.0,0,7,0,0,night,pa_2_rev,-E0,20.0,4,80.0,4,100.0,33.33,1,1,0,2,980.0,44,6,100.0,112,20.0,0.71,1.0,80.0,80.0,4.0,4.0,980.0,980.0,80.0,80.0,4.0,4.0
432.0,0,7,0,0,night,pa_2_rev,-E0,20.0,4,80.0,4,100.0,33.33,1,1,0,2,980.0,44,6,100.0,112,20.0,0.71,1.0,80.0,80.0,4.0,4.0,980.0,980.0,80.0,80.0,4.0,4.0
433.0,0,7,0,0,night,pa_2_rev,-E0,20.0,4,80.0,4,100.0,66.67,2,2,0,1,980.0,44,8,100.0,117,20.0,0.86,1.0,80.0,80.0,4.0,4.0,980.0,980.0,80.0,80.0,4.0,4.0
434.0,0,7,0,0,night,pa_2_rev,-E0,20.0,4,80.0,4,100.0,66.67,2,2,0,1,980.0,44,8,100.0,117,20.0,0.86,1.0,80.0,80.0,4.0,4.0,980.0,980.0,80.0,80.0,4.0,4.0
435.0,0,7,0,0,night,pa_2_rev,-E0,20.0,4,80.0,4,100.0,66.67,2,2,0,1,980.0,44,8,100.0,117,20.0,0.86,1.0,80.0,80.0,4.0,4.0,980.0,980.0,80.0,80.0,4.0,4.0
436.0,0,7,0,0,night,pa_2_rev,-E0,20.0,4,80.0,4,100.0,66.67,2,2,0,1,980.0,44,8,100.0,117,20.0,0.86,1.0,80.0,80.0,4.0,4.0,980.0,980.0,80.0,80.0,4.0,4.0
437.0,0,7,0,0,night,pa_2_rev,-E0,20.0,4,80.0,4,100.0,66.67,2,2,0,1,980.0,44,8,100.0,117,20.0,0.86,1.0,80.0,80.0,4.0,4.0,980.0,980.0,80.0,80.0,4.0,4.0
438.0,0,7,0,0,night,pa_2_rev,-E0,20.0,4,80.0,4,100.0,66.67,2,2,0,1,980.0,44,8,100.0,117,20.0,0.86,1.0,80.0,80.0,4.0,4.0,980.0,980.0,80.0,80.0,4.0,4.0
439.0,0,7,0,0,night,pa_2_rev,-E0,20.0,4,80.0,4,100.0,66.67,2,2,0,1,980.0,44,8,100.0,117,20.0,0.86,1.0,80.0,80.0,4.0,4.0,980.0,980.0,80.0,80.0,4.0,4.0
440.0,0,7,0,0,night,pa_2_rev,-E0,20.0,4,80.0,4,100.0,66.67,2,2,0,1,980.0,44,8,100.0,117,20.0,0.86,1.0,80.0,80.0,4.0,4.0,980.0,980.0,80.0,80.0,4.0,4.0
441.0,0,7,0,0,night,pa_2_rev,-E0,20.0,4,80.0,4,100.0,66.67,2,2,0,1,980.0,44,8,100.0,117,20.0,0.86,1.0,80.0,80.0,4.0,4.0,980.0,980.0,80.0,80.0,4.0,4.0
442.0,0,7,0,0,night,pa_2_rev,-E0,20.0,4,80.0,4,100.0,66.67,2,2,0,1,980.0,44,9,100.0,117,20.0,0.86,1.0,80.0,80.0,4.0,4.0,980.0,980.0,80.0,80.0,4.0,4.0
443.0,0,7,0,0,night,pa_2_rev,-E0,20.0,4,80.0,4,100.0,66.67,2,2,0,1,980.0,44,9,100.0,116,20.0,0.86,1.0,80.0,80.0,4.0,4.0,980.0,980.0,80.0,80.0,4.0,4.0
444.0,0,7,0,0,night,pa_2_rev,-E0,20.0,4,80.0,4,100.0,66.67,2,2,0,1,980.0,44,9,100.0,116,20.0,0.86,1.0,80.0,80.0,4.0,4.0,980.0,980.0,80.0,80.0,4.0,4.0
445.0,0,7,0,0,night,pa_2_rev,-E0,20.0,4,80.0,4,100.0,66.67,2,2,0,1,980.0,44,10,100.0,116,20.0,0.86,1.0,80.0,80.0,4.0,4.0,980.0,980.0,80.0,80.0,4.0,4.0
446.0,0,7,0,0,night,pa_2_rev,-E0,20.0,4,80.0,4,100.0,66.67,2,2,0,1,980.0,44,10,100.0,114,20.0,0.86,1.0,80.0,80.0,4.0,4.0,980.0,980.0,80.0,80.0,4.0,4.0
447.0,0,7,0,0,night,pa_2_rev,-E0,20.0,4,80.0,4,100.0,66.67,2,2,0,1,980.0,44,10,100.0,113,20.0,0.86,1.0,80.0,80.0,4.0,4.0,980.0,980.0,80.0,80.0,4.0,4.0
448.0,0,7,0,0,night,pa_2_rev,-E0,20.0,4,80.0,4,100.0,66.67,2,2,0,1,980.0,44,10,100.0,113,20.0,0.86,1.0,80.0,80.0,4.0,4.0,980.0,980.0,80.0,80.0,4.0,4.0
449.0,0,7,0,0,night,pa_2_rev,-E0,20.0,4,80.0,4,100.0,66.67,2,2,0,1,980.0,44,10,100.0,113,20.0,0.86,1.0,80.0,80.0,4.0,4.0,980.0,980.0,80.0,80.0,4.0,4.0
450.0,0,7,0,0,night,pa_2_rev,-E0,20.0,4,80.0,4,100.0,66.67,2,2,0,1,980.0,44,10,100.0,113,20.0,0.86,1.0,80.0,80.0,4.0,4.0,980.0,980.0,80.0,80.0,4.0,4.0
451.0,0,7,0,0,night,pa_2_rev,-E0,20.0,4,80.0,4,100.0,66.67,2,2,0,1,980.0,44,10,100.0,113,20.0,0.86,1.0,80.0,80.0,4.0,4.0,980.0,980.0,80.0,80.0,4.0,4.0
452.0,0,7,0,0,night,pa_2_rev,-E0,20.0,4,80.0,4,100.0,66.67,2,2,0,1,980.0,44,11,100.0,113,20.0,0.86,1.0,80.0,80.0,4.0,4.0,980.0,980.0,80.0,80.0,4.0,4.0
453.0,0,7,0,0,night,pa_2_rev,-E0,20.0,4,80.0,4,100.0,66.67,2,2,0,1,980.0,44,11,100.0,114,20.0,0.86,1.0,80.0,80.0,4.0,4.0,980.0,980.0,80.0,80.0,4.0,4.0
454.0,0,7,0,0,night,pa_2_rev,-E0,20.0,4,80.0,4,100.0,66.67,2,2,0,1,980.0,44,11,100.0,114,20.0,0.86,1.0,80.0,80.0,4.0,4.0,980.0,980.0,80.0,80.0,4.0,4.0
455.0,0,7,0,0,night,pa_2_rev,-E0,20.0,4,80.0,4,100.0,66.67,2,2,0,1,980.0,44,11,100.0,114,20.0,0.86,1.0,80.0,80.0,4.0,4.0,980.0,980.0,80.0,80.0,4.0,4.0
456.0,0,7,0,0,night,pa_2_rev,-E0,20.0,4,80.0,4,100.0,66.67,2,2,0,1,980.0,44,12,100.0,114,20.0,0.86,1.0,80.0,80.0,4.0,4.0,980.0,980.0,80.0,80.0,4.0,4.0
457.0,0,7,0,0,night,pa_2_rev,-E0,20.0,4,80.0,4,100.0,66.67,2,2,0,1,980.0,44,14,100.0,114,20.0,0.86,1.0,80.0,80.0,4.0,4.0,980.0,980.0,80.0,80.0,4.0,4.0
458.0,0,7,0,0,night,pa_2_rev,-E0,20.0,4,80.0,4,100.0,66.67,2,2,0,1,980.0,44,15,100.0,113,20.0,0.86,1.0,80.0,80.0,4.0,4.0,980.0,980.0,80.0,80.0,4.0,4.0
459.0,0,7,0,0,night,pa_2_rev,-E0,20.0,4,80.0,4,100.0,66.67,2,2,0,1,980.0,44,15,100.0,112,20.0,0.86,1.0,80.0,80.0,4.0,4.0,980.0,980.0,80.0,80.0,4.0,4.0
460.0,0,7,0,0,night,pa_2_rev,-E0,20.0,4,80.0,4,100.0,66.67,2,2,0,1,980.0,44,15,100.0,112,20.0,0.86,1.0,80.0,80.0,4.0,4.0,980.0,980.0,80.0,80.0,4.0,4.0
461.0,0,7,0,0,night,pa_2_rev,-E0,20.0,4,80.0,4,100.0,100.0,3,3,0,0,980.0,44,18,100.0,112,20.0,1.0,1.0,80.0,80.0,4.0,4.0,980.0,980.0,80.0,80.0,4.0,4.0
462.0,0,7,0,0,night,pa_2_rev,-E0,20.0,4,80.0,4,100.0,100.0,3,3,0,0,980.0,44,18,100.0,112,20.0,1.0,1.0,80.0,80.0,4.0,4.0,980.0,980.0,80.0,80.0,4.0,4.0
463.0,0,7,0,0,night,pa_2_rev,-E0,20.0,4,80.0,4,100.0,100.0,3,3,0,0,980.0,44,18,100.0,113,20.0,1.0,1.0,80.0,80.0,4.0,4.0,980.0,980.0,80.0,80.0,4.0,4.0
464.0,0,7,0,0,night,pa_2_rev,-E0,20.0,4,80.0,4,100.0,100.0,3,3,0,0,980.0,44,18,100.0,113,20.0,1.0,1.0,80.0,80.0,4.0,4.0,980.0,980.0,80.0,80.0,4.0,4.0
465.0,0,7,0,0,night,pa_2_rev,-E0,20.0,4,80.0,4,100.0,100.0,3,3,0,0,980.0,44,18,100.0,112,20.0,1.0,1.0,80.0,80.0,4.0,4.0,980.0,980.0,80.0,80.0,4.0,4.0
466.0,0,7,0,0,night,pa_2_rev,-E0,20.0,4,80.0,4,100.0,100.0,3,3,0,0,980.0,44,18,100.0,111,20.0,1.0,1.0,80.0,80.0,4.0,4.0,980.0,980.0,80.0,80.0,4.0,4.0
467.0,0,7,0,0,night,pa_2_rev,-E0,20.0,4,80.0,4,100.0,100.0,3,3,0,0,980.0,44,18,100.0,110,20.0,1.0,1.0,80.0,80.0,4.0,4.0,980.0,980.0,80.0,80.0,4.0,4.0
468.0,0,7,0,0,night,pa_2_rev,-E0,20.0,4,80.0,4,100.0,100.0,3,3,0,0,980.0,44,19,100.0,110,20.0,1.0,1.0,80.0,80.0,4.0,4.0,980.0,980.0,80.0,80.0,4.0,4.0
469.0,0,7,0,0,night,pa_2_rev,-E0,20.0,4,80.0,4,100.0,100.0,3,3,0,0,980.0,44,19,100.0,110,20.0,1.0,1.0,80.0,80.0,4.0,4.0,980.0,980.0,80.0,80.0,4.0,4.0
470.0,0,7,0,0,night,pa_2_rev,-E0,20.0,4,80.0,4,100.0,100.0,3,3,0,0,980.0,44,19,100.0,110,20.0,1.0,1.0,80.0,80.0,4.0,4.0,980.0,980.0,80.0,80.0,4.0,4.0
471.0,0,7,0,0,night,pa_2_rev,-E0,20.0,4,80.0,4,100.0,100.0,3,3,0,0,980.0,44,19,100.0,109,20.0,1.0,1.0,80.0,80.0,4.0,4.0,980.0,980.0,80.0,80.0,4.0,4.0
472.0,0,7,0,0,night,pa_2_rev,-E0,20.0,4,80.0,4,100.0,100.0,3,3,0,0,980.0,44,19,100.0,108,20.0,1.0,1.0,80.0,80.0,4.0,4.0,980.0,980.0,80.0,80.0,4.0,4.0
473.0,0,7,0,0,night,pa_2_rev,-E0,20.0,4,80.0,4,100.0,100.0,3,3,0,0,980.0,44,19,100.0,108,20.0,1.0,1.0,80.0,80.0,4.0,4.0,980.0,980.0,80.0,80.0,4.0,4.0
474.0,0,7,0,0,night,pa_2_rev,-E0,20.0,4,80.0,4,100.0,100.0,3,3,0,0,980.0,44,19,100.0,108,20.0,1.0,1.0,80.0,80.0,4.0,4.0,980.0,980.0,80.0,80.0,4.0,4.0
475.0,0,7,0,0,night,pa_2_rev,-E0,20.0,4,80.0,4,100.0,100.0,3,3,0,0,980.0,44,20,100.0,108,20.0,1.0,1.0,80.0,80.0,4.0,4.0,980.0,980.0,80.0,80.0,4.0,4.0
476.0,0,7,0,0,night,pa_2_rev,-E0,20.0,4,80.0,4,100.0,100.0,3,3,0,0,980.0,44,20,100.0,108,20.0,1.0,1.0,80.0,80.0,4.0,4.0,980.0,980.0,80.0,80.0,4.0,4.0
477.0,0,7,0,0,night,pa_2_rev,-E0,20.0,4,80.0,4,100.0,100.0,3,3,0,0,980.0,44,20,100.0,108,20.0,1.0,1.0,80.0,80.0,4.0,4.0,980.0,980.0,80.0,80.0,4.0,4.0
478.0,0,7,0,0,night,pa_2_rev,-E0,20.0,4,80.0,4,100.0,100.0,3,3,0,0,980.0,44,21,100.0,107,20.0,1.0,1.0,80.0,80.0,4.0,4.0,980.0,980.0,80.0,80.0,4.0,4.0
479.0,0,7,0,0,night,pa_2_rev,-E0,20.0,4,80.0,4,100.0,100.0,3,3,0,0,980.0,44,21,100.0,107,20.0,1.0,1.0,80.0,80.0,4.0,4.0,980.0,980.0,80.0,80.0,4.0,4.0
480.0,0,8,0,0,night,pa_2_rev,-E0,20.0,4,80.0,4,100.0,100.0,3,3,0,0,980.0,44,21,100.0,106,20.0,1.0,1.0,80.0,80.0,4.0,4.0,980.0,980.0,80.0,80.0,4.0,4.0
481.0,0,8,0,0,night,pa_2_rev,-E0,20.0,4,80.0,4,100.0,100.0,3,3,0,0,980.0,44,21,100.0,110,20.0,1.0,1.0,80.0,80.0,4.0,4.0,980.0,980.0,80.0,80.0,4.0,4.0
482.0,0,8,0,0,night,pa_2_rev,-E0,20.0,4,80.0,4,100.0,100.0,3,3,0,0,980.0,44,21,100.0,110,20.0,1.0,1.0,80.0,80.0,4.0,4.0,980.0,980.0,80.0,80.0,4.0,4.0
483.0,0,8,0,0,night,pa_2_rev,-E0,20.0,4,80.0,4,100.0,100.0,3,3,0,0,980.0,44,21,100.0,112,20.0,1.0,1.0,80.0,80.0,4.0,4.0,980.0,980.0,80.0,80.0,4.0,4.0
484.0,0,8,0,0,night,pa_2_rev,-E0,20.0,4,80.0,4,100.0,100.0,3,3,0,0,980.0,44,21,100.0,112,20.0,1.0,1.0,80.0,80.0,4.0,4.0,980.0,980.0,80.0,80.0,4.0,4.0
485.0,0,8,0,0,night,pa_2_rev,-E0,20.0,4,80.0,4,100.0,100.0,3,3,0,0,980.0,44,22,100.0,112,20.0,1.0,1.0,80.0,80.0,4.0,4.0,980.0,980.0,80.0,80.0,4.0,4.0
486.0,0,8,0,0,night,pa_2_rev,-E0,20.0,4,80.0,4,100.0,100.0,3,3,0,0,980.0,44,22,100.0,113,20.0,1.0,1.0,80.0,80.0,4.0,4.0,980.0,980.0,80.0,80.0,4.0,4.0
487.0,0,8,0,0,night,pa_2_rev,-E0,20.0,4,80.0,4,100.0,100.0,3,3,0,0,980.0,44,22,100.0,112,20.0,1.0,1.0,80.0,80.0,4.0,4.0,980.0,980.0,80.0,80.0,4.0,4.0
488.0,0,8,0,0,night,pa_2_rev,-E0,20.0,4,80.0,4,100.0,100.0,3,3,0,0,980.0,44,23,100.0,113,20.0,1.0,1.0,80.0,80.0,4.0,4.0,980.0,980.0,80.0,80.0,4.0,4.0
489.0,0,8,0,0,night,pa_2_rev,-E0,20.0,4,80.0,4,100.0,100.0,3,3,0,0,980.0,44,23,100.0,113,20.0,1.0,1.0,80.0,80.0,4.0,4.0,980.0,980.0,80.0,80.0,4.0,4.0
490.0,0,8,0,0,night,pa_2_rev,-E0,20.0,4,80.0,4,100.0,100.0,3,3,0,0,980.0,44,23,100.0,113,20.0,1.0,1.0,80.0,80.0,4.0,4.0,980.0,980.0,80.0,80.0,4.0,4.0
491.0,0,8,0,0,night,pa_2_rev,-E0,20.0,4,80.0,4,100.0,100.0,3,3,0,0,980.0,44,23,100.0,113,20.0,1.0,1.0,80.0,80.0,4.0,4.0,980.0,980.0,80.0,80.0,4.0,4.0
492.0,0,8,0,0,night,pa_2_rev,-E0,20.0,4,80.0,4,100.0,100.0,3,3,0,0,980.0,44,23,100.0,113,20.0,1.0,1.0,80.0,80.0,4.0,4.0,980.0,980.0,80.0,80.0,4.0,4.0
493.0,0,8,0,0,night,pa_2_rev,-E0,20.0,4,80.0,4,100.0,100.0,3,3,0,0,980.0,44,24,100.0,113,20.0,1.0,1.0,80.0,80.0,4.0,4.0,980.0,980.0,80.0,80.0,4.0,4.0
494.0,0,8,0,0,night,pa_2_rev,-E0,20.0,4,80.0,4,100.0,100.0,3,3,0,0,980.0,44,24,100.0,113,20.0,1.0,1.0,80.0,80.0,4.0,4.0,980.0,980.0,80.0,80.0,4.0,4.0
495.0,0,8,0,0,night,pa_2_rev,-E0,20.0,4,80.0,4,100.0,100.0,3,3,0,0,980.0,44,24,100.0,113,20.0,1.0,1.0,80.0,80.0,4.0,4.0,980.0,980.0,80.0,80.0,4.0,4.0
496.0,0,8,0,0,night,pa_2_rev,-E0,20.0,4,80.0,4,100.0,100.0,3,3,0,0,980.0,44,25,100.0,113,20.0,1.0,1.0,80.0,80.0,4.0,4.0,980.0,980.0,80.0,80.0,4.0,4.0
497.0,0,8,0,0,night,pa_2_rev,-E0,20.0,4,80.0,4,100.0,100.0,3,3,0,0,980.0,44,26,100.0,113,20.0,1.0,1.0,80.0,80.0,4.0,4.0,980.0,980.0,80.0,80.0,4.0,4.0
498.0,0,8,0,0,night,pa_2_rev,-E0,20.0,4,80.0,4,100.0,100.0,3,3,0,0,980.0,44,27,100.0,112,20.0,1.0,1.0,80.0,80.0,4.0,4.0,980.0,980.0,80.0,80.0,4.0,4.0
499.0,0,8,0,0,night,pa_2_rev,-E0,20.0,4,80.0,4,100.0,100.0,3,3,0,0,980.0,44,27,100.0,112,20.0,1.0,1.0,80.0,80.0,4.0,4.0,980.0,980.0,80.0,80.0,4.0,4.0
500.0,0,8,0,0,night,pa_2_rev,-E0,20.0,4,80.0,4,100.0,100.0,3,3,0,0,980.0,44,27,100.0,112,20.0,1.0,1.0,80.0,80.0,4.0,4.0,980.0,980.0,80.0,80.0,4.0,4.0
501.0,0,8,0,0,night,pa_2_rev,-E0,20.0,4,80.0,4,100.0,100.0,3,3,0,0,980.0,44,27,100.0,111,20.0,1.0,1.0,80.0,80.0,4.0,4.0,980.0,980.0,80.0,80.0,4.0,4.0
502.0,0,8,0,0,night,pa_2_rev,-E0,20.0,4,80.0,4,100.0,100.0,3,3,0,0,980.0,44,27,100.0,110,20.0,1.0,1.0,80.0,80.0,4.0,4.0,980.0,980.0,80.0,80.0,4.0,4.0
503.0,0,8,0,0,night,pa_2_rev,-E0,20.0,4,80.0,4,100.0,100.0,3,3,0,0,980.0,44,27,100.0,110,20.0,1.0,1.0,80.0,80.0,4.0,4.0,980.0,980.0,80.0,80.0,4.0,4.0
504.0,0,8,0,0,night,pa_2_rev,-E0,20.0,4,80.0,4,100.0,100.0,3,3,0,0,980.0,44,27,100.0,110,20.0,1.0,1.0,80.0,80.0,4.0,4.0,980.0,980.0,80.0,80.0,4.0,4.0
505.0,0,8,0,0,night,pa_2_rev,-E0,20.0,4,80.0,4,100.0,100.0,3,3,0,0,980.0,44,27,100.0,112,20.0,1.0,1.0,80.0,80.0,4.0,4.0,980.0,980.0,80.0,80.0,4.0,4.0
506.0,0,8,0,0,night,pa_2_rev,-E0,20.0,4,80.0,4,100.0,100.0,3,3,0,0,980.0,44,27,100.0,112,20.0,1.0,1.0,80.0,80.0,4.0,4.0,980.0,980.0,80.0,80.0,4.0,4.0
507.0,0,8,0,0,night,pa_2_rev,-E0,20.0,4,80.0,4,100.0,100.0,3,3,0,0,980.0,44,27,100.0,112,20.0,1.0,1.0,80.0,80.0,4.0,4.0,980.0,980.0,80.0,80.0,4.0,4.0
508.0,0,8,0,0,night,pa_2_rev,-E0,20.0,4,80.0,4,100.0,100.0,3,3,0,0,980.0,44,27,100.0,112,20.0,1.0,1.0,80.0,80.0,4.0,4.0,980.0,980.0,80.0,80.0,4.0,4.0
509.0,0,8,0,0,night,pa_2_rev,-E0,20.0,4,80.0,4,100.0,100.0,3,3,0,0,980.0,44,27,100.0,112,20.0,1.0,1.0,80.0,80.0,4.0,4.0,980.0,980.0,80.0,80.0,4.0,4.0
510.0,0,8,0,0,night,pa_2_rev,-E0,20.0,4,80.0,4,100.0,100.0,3,3,0,0,980.0,44,27,100.0,112,20.0,1.0,1.0,80.0,80.0,4.0,4.0,980.0,980.0,80.0,80.0,4.0,4.0
511.0,0,8,0,0,night,pa_2_rev,-E0,20.0,4,80.0,4,100.0,100.0,3,3,0,0,980.0,44,27,100.0,111,20.0,1.0,1.0,80.0,80.0,4.0,4.0,980.0,980.0,80.0,80.0,4.0,4.0
512.0,0,8,0,0,night,pa_2_rev,-E0,20.0,4,80.0,4,100.0,133.33,4,4,0,-1,980.0,44,28,100.0,111,20.0,1.14,1.0,80.0,80.0,4.0,4.0,980.0,980.0,80.0,80.0,4.0,4.0
513.0,0,8,0,0,night,pa_2_rev,-E0,20.0,4,80.0,4,100.0,133.33,4,4,0,-1,980.0,44,28,100.0,111,20.0,1.14,1.0,80.0,80.0,4.0,4.0,980.0,980.0,80.0,80.0,4.0,4.0
514.0,0,8,0,0,night,pa_2_rev,-E0,20.0,4,80.0,4,100.0,133.33,4,4,0,-1,980.0,44,28,100.0,111,20.0,1.14,1.0,80.0,80.0,4.0,4.0,980.0,980.0,80.0,80.0,4.0,4.0
515.0,0,8,0,0,night,pa_2_rev,-E0,20.0,4,80.0,4,100.0,133.33,4,4,0,-1,980.0,44,28,100.0,115,20.0,1.14,1.0,80.0,80.0,4.0,4.0,980.0,980.0,80.0,80.0,4.0,4.0
516.0,0,8,0,0,night,pa_2_rev,-E0,20.0,4,80.0,4,100.0,133.33,4,4,0,-1,980.0,44,28,100.0,115,20.0,1.14,1.0,80.0,80.0,4.0,4.0,980.0,980.0,80.0,80.0,4.0,4.0
517.0,0,8,0,0,night,pa_2_rev,-E0,20.0,4,80.0,4,100.0,133.33,4,4,0,-1,980.0,44,28,100.0,115,20.0,1.14,1.0,80.0,80.0,4.0,4.0,980.0,980.0,80.0,80.0,4.0,4.0
518.0,0,8,0,0,night,pa_2_rev,-E0,20.0,4,80.0,4,100.0,133.33,4,4,0,-1,980.0,44,28,100.0,114,20.0,1.14,1.0,80.0,80.0,4.0,4.0,980.0,980.0,80.0,80.0,4.0,4.0
519.0,0,8,0,0,night,pa_2_rev,-E0,20.0,4,80.0,4,100.0,133.33,4,4,0,-1,980.0,44,28,100.0,114,20.0,1.14,1.0,80.0,80.0,4.0,4.0,980.0,980.0,80.0,80.0,4.0,4.0
520.0,0,8,0,0,night,pa_2_rev,-E0,20.0,4,80.0,4,100.0,133.33,4,4,0,-1,980.0,44,28,100.0,114,20.0,1.14,1.0,80.0,80.0,4.0,4.0,980.0,980.0,80.0,80.0,4.0,4.0
521.0,0,8,0,0,night,pa_2_rev,-E0,20.0,4,80.0,4,100.0,133.33,4,4,0,-1,980.0,44,28,100.0,115,20.0,1.14,1.0,80.0,80.0,4.0,4.0,980.0,980.0,80.0,80.0,4.0,4.0
522.0,0,8,0,0,night,pa_2_rev,-E0,20.0,4,80.0,4,100.0,133.33,4,4,0,-1,980.0,44,28,100.0,115,20.0,1.14,1.0,80.0,80.0,4.0,4.0,980.0,980.0,80.0,80.0,4.0,4.0
523.0,0,8,0,0,night,pa_2_rev,-E0,20.0,4,80.0,4,100.0,133.33,4,4,0,-1,980.0,44,28,100.0,115,20.0,1.14,1.0,80.0,80.0,4.0,4.0,980.0,980.0,80.0,80.0,4.0,4.0
524.0,0,8,0,0,night,pa_2_rev,-E0,20.0,4,80.0,4,100.0,133.33,4,4,0,-1,980.0,44,28,100.0,115,20.0,1.14,1.0,80.0,80.0,4.0,4.0,980.0,980.0,80.0,80.0,4.0,4.0
525.0,0,8,0,0,night,pa_2_rev,-E0,20.0,4,80.0,4,100.0,133.33,4,4,0,-1,980.0,44,29,100.0,115,20.0,1.14,1.0,80.0,80.0,4.0,4.0,980.0,980.0,80.0,80.0,4.0,4.0
526.0,0,8,0,0,night,pa_2_rev,-E0,20.0,4,80.0,4,100.0,133.33,4,4,0,-1,980.0,44,29,100.0,115,20.0,1.14,1.0,80.0,80.0,4.0,4.0,980.0,980.0,80.0,80.0,4.0,4.0
527.0,0,8,0,0,night,pa_2_rev,-E0,20.0,4,80.0,4,100.0,133.33,4,4,0,-1,980.0,44,29,100.0,114,20.0,1.14,1.0,80.0,80.0,4.0,4.0,980.0,980.0,80.0,80.0,4.0,4.0
528.0,0,8,0,0,night,pa_2_rev,-E0,20.0,4,80.0,4,100.0,133.33,4,4,0,-1,980.0,44,29,100.0,114,20.0,1.14,1.0,80.0,80.0,4.0,4.0,980.0,980.0,80.0,80.0,4.0,4.0
529.0,0,8,0,0,night,pa_2_rev,-E0,20.0,4,80.0,4,100.0,133.33,4,4,0,-1,980.0,44,29,100.0,114,20.0,1.14,1.0,80.0,80.0,4.0,4.0,980.0,980.0,80.0,80.0,4.0,4.0
530.0,0,8,0,0,night,pa_2_rev,-E0,20.0,4,80.0,4,100.0,133.33,4,4,0,-1,980.0,44,29,100.0,113,20.0,1.14,1.0,80.0,80.0,4.0,4.0,980.0,980.0,80.0,80.0,4.0,4.0
531.0,0,8,0,0,night,pa_2_rev,-E0,20.0,4,80.0,4,100.0,133.33,4,4,0,-1,980.0,44,29,100.0,113,20.0,1.14,1.0,80.0,80.0,4.0,4.0,980.0,980.0,80.0,80.0,4.0,4.0
532.0,0,8,0,0,night,pa_2_rev,-E0,20.0,4,80.0,4,100.0,133.33,4,4,0,-1,980.0,44,29,100.0,113,20.0,1.14,1.0,80.0,80.0,4.0,4.0,980.0,980.0,80.0,80.0,4.0,4.0
533.0,0,8,0,0,night,pa_2_rev,-E0,20.0,4,80.0,4,100.0,133.33,4,4,0,-1,980.0,44,30,100.0,113,20.0,1.14,1.0,80.0,80.0,4.0,4.0,980.0,980.0,80.0,80.0,4.0,4.0
534.0,0,8,0,0,night,pa_2_rev,-E0,20.0,4,80.0,4,100.0,133.33,4,4,0,-1,980.0,44,30,100.0,113,20.0,1.14,1.0,80.0,80.0,4.0,4.0,980.0,980.0,80.0,80.0,4.0,4.0
535.0,0,8,0,0,night,pa_2_rev,-E0,20.0,4,80.0,4,100.0,133.33,4,4,0,-1,980.0,44,30,100.0,112,20.0,1.14,1.0,80.0,80.0,4.0,4.0,980.0,980.0,80.0,80.0,4.0,4.0
536.0,0,8,0,0,night,pa_2_rev,-E0,20.0,4,80.0,4,100.0,133.33,4,4,0,-1,980.0,44,30,100.0,112,20.0,1.14,1.0,80.0,80.0,4.0,4.0,980.0,980.0,80.0,80.0,4.0,4.0
537.0,0,8,0,0,night,pa_2_rev,-E0,20.0,4,80.0,4,100.0,133.33,4,4,0,-1,980.0,44,30,100.0,112,20.0,1.14,1.0,80.0,80.0,4.0,4.0,980.0,980.0,80.0,80.0,4.0,4.0
538.0,0,8,0,0,night,pa_2_rev,-E0,20.0,4,80.0,4,100.0,133.33,4,4,0,-1,980.0,44,30,100.0,112,20.0,1.14,1.0,80.0,80.0,4.0,4.0,980.0,980.0,80.0,80.0,4.0,4.0
539.0,0,8,0,0,night,pa_2_rev,-E0,20.0,4,80.0,4,100.0,133.33,4,4,0,-1,980.0,44,30,100.0,112,20.0,1.14,1.0,80.0,80.0,4.0,4.0,980.0,980.0,80.0,80.0,4.0,4.0
540.0,0,9,0,0,night,pa_2_rev,-E0,20.0,4,80.0,4,100.0,133.33,4,4,0,-1,980.0,44,31,100.0,112,20.0,1.14,1.0,80.0,80.0,4.0,4.0,980.0,980.0,80.0,80.0,4.0,4.0
541.0,0,9,0,0,night,pa_2_rev,-E0,20.0,4,80.0,4,100.0,133.33,4,4,0,-1,980.0,44,31,100.0,115,20.0,1.14,1.0,80.0,80.0,4.0,4.0,980.0,980.0,80.0,80.0,4.0,4.0
542.0,0,9,0,0,night,pa_2_rev,-E0,20.0,4,80.0,4,100.0,133.33,4,4,0,-1,980.0,44,31,100.0,115,20.0,1.14,1.0,80.0,80.0,4.0,4.0,980.0,980.0,80.0,80.0,4.0,4.0
543.0,0,9,0,0,night,pa_2_rev,-E0,20.0,4,80.0,4,100.0,133.33,4,4,0,-1,980.0,44,32,100.0,117,20.0,1.14,1.0,80.0,80.0,4.0,4.0,980.0,980.0,80.0,80.0,4.0,4.0
544.0,0,9,0,0,night,pa_2_rev,-E0,20.0,4,80.0,4,100.0,133.33,4,4,0,-1,980.0,44,32,100.0,117,20.0,1.14,1.0,80.0,80.0,4.0,4.0,980.0,980.0,80.0,80.0,4.0,4.0
545.0,0,9,0,0,night,pa_2_rev,-E0,20.0,4,80.0,4,100.0,133.33,4,4,0,-1,980.0,44,32,100.0,117,20.0,1.14,1.0,80.0,80.0,4.0,4.0,980.0,980.0,80.0,80.0,4.0,4.0
546.0,0,9,0,0,night,pa_2_rev,-E0,20.0,4,80.0,4,100.0,133.33,4,4,0,-1,980.0,44,32,100.0,117,20.0,1.14,1.0,80.0,80.0,4.0,4.0,980.0,980.0,80.0,80.0,4.0,4.0
547.0,0,9,0,0,night,pa_2_rev,-E0,20.0,4,80.0,4,100.0,133.33,4,4,0,-1,980.0,44,32,100.0,118,20.0,1.14,1.0,80.0,80.0,4.0,4.0,980.0,980.0,80.0,80.0,4.0,4.0
548.0,0,9,0,0,night,pa_2_rev,-E0,20.0,4,80.0,4,100.0,133.33,4,4,0,-1,980.0,44,34,100.0,117,20.0,1.14,1.0,80.0,80.0,4.0,4.0,980.0,980.0,80.0,80.0,4.0,4.0
549.0,0,9,0,0,night,pa_2_rev,-E0,20.0,4,80.0,4,100.0,133.33,4,4,0,-1,980.0,44,35,100.0,116,20.0,1.14,1.0,80.0,80.0,4.0,4.0,980.0,980.0,80.0,80.0,4.0,4.0
550.0,0,9,0,0,night,pa_2_rev,-E0,20.0,4,80.0,4,100.0,166.67,5,5,0,-2,980.0,44,39,100.0,116,20.0,1.29,1.0,80.0,80.0,4.0,4.0,980.0,980.0,80.0,80.0,4.0,4.0
551.0,0,9,0,0,night,pa_2_rev,-E0,20.0,4,80.0,4,100.0,166.67,5,5,0,-2,980.0,44,39,100.0,116,20.0,1.29,1.0,80.0,80.0,4.0,4.0,980.0,980.0,80.0,80.0,4.0,4.0
552.0,0,9,0,0,night,pa_2_rev,-E0,20.0,4,80.0,4,100.0,166.67,5,5,0,-2,980.0,44,40,100.0,116,20.0,1.29,1.0,80.0,80.0,4.0,4.0,980.0,980.0,80.0,80.0,4.0,4.0
553.0,0,9,0,0,night,pa_2_rev,-E0,20.0,4,80.0,4,100.0,166.67,5,5,0,-2,980.0,44,40,100.0,116,20.0,1.29,1.0,80.0,80.0,4.0,4.0,980.0,980.0,80.0,80.0,4.0,4.0
554.0,0,9,0,0,night,pa_2_rev,-E0,20.0,4,80.0,4,100.0,166.67,5,5,0,-2,980.0,44,40,100.0,116,20.0,1.29,1.0,80.0,80.0,4.0,4.0,980.0,980.0,80.0,80.0,4.0,4.0
555.0,0,9,0,0,night,pa_2_rev,-E0,20.0,4,80.0,4,100.0,166.67,5,5,0,-2,980.0,44,40,100.0,115,20.0,1.29,1.0,80.0,80.0,4.0,4.0,980.0,980.0,80.0,80.0,4.0,4.0
556.0,0,9,0,0,night,pa_2_rev,-E0,20.0,4,80.0,4,100.0,166.67,5,5,0,-2,980.0,44,40,100.0,115,20.0,1.29,1.0,80.0,80.0,4.0,4.0,980.0,980.0,80.0,80.0,4.0,4.0
557.0,0,9,0,0,night,pa_2_rev,-E0,20.0,4,80.0,4,100.0,166.67,5,5,0,-2,980.0,44,40,100.0,114,20.0,1.29,1.0,80.0,80.0,4.0,4.0,980.0,980.0,80.0,80.0,4.0,4.0
558.0,0,9,0,0,night,pa_2_rev,-E0,20.0,4,80.0,4,100.0,166.67,5,5,0,-2,980.0,44,40,100.0,114,20.0,1.29,1.0,80.0,80.0,4.0,4.0,980.0,980.0,80.0,80.0,4.0,4.0
559.0,0,9,0,0,night,pa_2_rev,-E0,20.0,4,80.0,4,100.0,166.67,5,5,0,-2,980.0,44,40,100.0,113,20.0,1.29,1.0,80.0,80.0,4.0,4.0,980.0,980.0,80.0,80.0,4.0,4.0
560.0,0,9,0,0,night,pa_2_rev,-E0,20.0,4,80.0,4,100.0,166.67,5,5,0,-2,980.0,44,40,100.0,113,20.0,1.29,1.0,80.0,80.0,4.0,4.0,980.0,980.0,80.0,80.0,4.0,4.0
561.0,0,9,0,0,night,pa_2_rev,-E0,20.0,4,80.0,4,100.0,166.67,5,5,0,-2,980.0,44,41,100.0,115,20.0,1.29,1.0,80.0,80.0,4.0,4.0,980.0,980.0,80.0,80.0,4.0,4.0
562.0,0,9,0,0,night,pa_2_rev,-E0,20.0,4,80.0,4,100.0,166.67,5,5,0,-2,980.0,44,41,100.0,115,20.0,1.29,1.0,80.0,80.0,4.0,4.0,980.0,980.0,80.0,80.0,4.0,4.0
563.0,0,9,0,0,night,pa_2_rev,-E0,20.0,4,80.0,4,100.0,166.67,5,5,0,-2,980.0,44,41,100.0,115,20.0,1.29,1.0,80.0,80.0,4.0,4.0,980.0,980.0,80.0,80.0,4.0,4.0
564.0,0,9,0,0,night,pa_2_rev,-E0,20.0,4,80.0,4,100.0,166.67,5,5,0,-2,980.0,44,41,100.0,114,20.0,1.29,1.0,80.0,80.0,4.0,4.0,980.0,980.0,80.0,80.0,4.0,4.0
565.0,0,9,0,0,night,pa_2_rev,-E0,20.0,4,80.0,4,100.0,166.67,5,5,0,-2,980.0,44,42,100.0,114,20.0,1.29,1.0,80.0,80.0,4.0,4.0,980.0,980.0,80.0,80.0,4.0,4.0
566.0,0,9,0,0,night,pa_2_rev,-E0,20.0,4,80.0,4,100.0,166.67,5,5,0,-2,980.0,44,42,100.0,116,20.0,1.29,1.0,80.0,80.0,4.0,4.0,980.0,980.0,80.0,80.0,4.0,4.0
567.0,0,9,0,0,night,pa_2_rev,-E0,20.0,4,80.0,4,100.0,166.67,5,5,0,-2,980.0,44,42,100.0,116,20.0,1.29,1.0,80.0,80.0,4.0,4.0,980.0,980.0,80.0,80.0,4.0,4.0
568.0,0,9,0,0,night,pa_2_rev,-E0,20.0,4,80.0,4,100.0,166.67,5,5,0,-2,980.0,44,42,100.0,116,20.0,1.29,1.0,80.0,80.0,4.0,4.0,980.0,980.0,80.0,80.0,4.0,4.0
569.0,0,9,0,0,night,pa_2_rev,-E0,20.0,4,80.0,4,100.0,166.67,5,5,0,-2,980.0,44,42,100.0,114,20.0,1.29,1.0,80.0,80.0,4.0,4.0,980.0,980.0,80.0,80.0,4.0,4.0
570.0,0,9,0,0,night,pa_2_rev,-E0,20.0,4,80.0,4,100.0,166.67,5,5,0,-2,980.0,44,42,100.0,114,20.0,1.29,1.0,80.0,80.0,4.0,4.0,980.0,980.0,80.0,80.0,4.0,4.0
571.0,0,9,0,0,night,pa_2_rev,-E0,20.0,4,80.0,4,100.0,166.67,5,5,0,-2,980.0,44,42,100.0,114,20.0,1.29,1.0,80.0,80.0,4.0,4.0,980.0,980.0,80.0,80.0,4.0,4.0
572.0,0,9,0,0,night,pa_2_rev,-E0,20.0,4,80.0,4,100.0,166.67,5,5,0,-2,980.0,44,42,100.0,114,20.0,1.29,1.0,80.0,80.0,4.0,4.0,980.0,980.0,80.0,80.0,4.0,4.0
573.0,0,9,0,0,night,pa_2_rev,-E0,20.0,4,80.0,4,100.0,166.67,5,5,0,-2,980.0,44,42,100.0,112,20.0,1.29,1.0,80.0,80.0,4.0,4.0,980.0,980.0,80.0,80.0,4.0,4.0
574.0,0,9,0,0,night,pa_2_rev,-E0,20.0,4,80.0,4,100.0,166.67,5,5,0,-2,980.0,44,42,100.0,112,20.0,1.29,1.0,80.0,80.0,4.0,4.0,980.0,980.0,80.0,80.0,4.0,4.0
575.0,0,9,0,0,night,pa_2_rev,-E0,20.0,4,80.0,4,100.0,166.67,5,5,0,-2,980.0,44,42,100.0,111,20.0,1.29,1.0,80.0,80.0,4.0,4.0,980.0,980.0,80.0,80.0,4.0,4.0
576.0,0,9,0,0,night,pa_2_rev,-E0,20.0,4,80.0,4,100.0,166.67,5,5,0,-2,980.0,44,42,100.0,110,20.0,1.29,1.0,80.0,80.0,4.0,4.0,980.0,980.0,80.0,80.0,4.0,4.0
577.0,0,9,0,0,night,pa_2_rev,-E0,20.0,4,80.0,4,100.0,166.67,5,5,0,-2,980.0,44,42,100.0,114,20.0,1.29,1.0,80.0,80.0,4.0,4.0,980.0,980.0,80.0,80.0,4.0,4.0
578.0,0,9,0,0,night,pa_2_rev,-E0,20.0,4,80.0,4,100.0,166.67,5,5,0,-2,980.0,44,42,100.0,114,20.0,1.29,1.0,80.0,80.0,4.0,4.0,980.0,980.0,80.0,80.0,4.0,4.0
579.0,0,9,0,0,night,pa_2_rev,-E0,20.0,4,80.0,4,100.0,166.67,5,5,0,-2,980.0,44,42,100.0,114,20.0,1.29,1.0,80.0,80.0,4.0,4.0,980.0,980.0,80.0,80.0,4.0,4.0
580.0,0,9,0,0,night,pa_2_rev,-E0,20.0,4,80.0,4,100.0,166.67,5,5,0,-2,980.0,44,42,100.0,114,20.0,1.29,1.0,80.0,80.0,4.0,4.0,980.0,980.0,80.0,80.0,4.0,4.0
581.0,0,9,0,0,night,pa_2_rev,-E0,20.0,4,80.0,4,100.0,166.67,5,5,0,-2,980.0,44,42,100.0,114,20.0,1.29,1.0,80.0,80.0,4.0,4.0,980.0,980.0,80.0,80.0,4.0,4.0
582.0,0,9,0,0,night,pa_2_rev,-E0,20.0,4,80.0,4,100.0,166.67,5,5,0,-2,980.0,44,43,100.0,114,20.0,1.29,1.0,80.0,80.0,4.0,4.0,980.0,980.0,80.0,80.0,4.0,4.0
583.0,0,9,0,0,night,pa_2_rev,-E0,20.0,4,80.0,4,100.0,166.67,5,5,0,-2,980.0,44,43,100.0,114,20.0,1.29,1.0,80.0,80.0,4.0,4.0,980.0,980.0,80.0,80.0,4.0,4.0
584.0,0,9,0,0,night,pa_2_rev,-E0,20.0,4,80.0,4,100.0,166.67,5,5,0,-2,980.0,44,43,100.0,113,20.0,1.29,1.0,80.0,80.0,4.0,4.0,980.0,980.0,80.0,80.0,4.0,4.0
585.0,0,9,0,0,night,pa_2_rev,-E0,20.0,4,80.0,4,100.0,166.67,5,5,0,-2,980.0,44,43,100.0,113,20.0,1.29,1.0,80.0,80.0,4.0,4.0,980.0,980.0,80.0,80.0,4.0,4.0
586.0,0,9,0,0,night,pa_2_rev,-E0,20.0,4,80.0,4,100.0,166.67,5,5,0,-2,980.0,44,43,100.0,114,20.0,1.29,1.0,80.0,80.0,4.0,4.0,980.0,980.0,80.0,80.0,4.0,4.0
587.0,0,9,0,0,night,pa_2_rev,-E0,20.0,4,80.0,4,100.0,166.67,5,5,0,-2,980.0,44,44,100.0,114,20.0,1.29,1.0,80.0,80.0,4.0,4.0,980.0,980.0,80.0,80.0,4.0,4.0
588.0,0,9,0,0,night,pa_2_rev,-E0,20.0,4,80.0,4,100.0,166.67,5,5,0,-2,980.0,44,44,100.0,113,20.0,1.29,1.0,80.0,80.0,4.0,4.0,980.0,980.0,80.0,80.0,4.0,4.0
589.0,0,9,0,0,night,pa_2_rev,-E0,20.0,4,80.0,4,100.0,166.67,5,5,0,-2,980.0,44,44,100.0,113,20.0,1.29,1.0,80.0,80.0,4.0,4.0,980.0,980.0,80.0,80.0,4.0,4.0
590.0,0,9,0,0,night,pa_2_rev,-E0,20.0,4,80.0,4,100.0,166.67,5,5,0,-2,980.0,44,44,100.0,113,20.0,1.29,1.0,80.0,80.0,4.0,4.0,980.0,980.0,80.0,80.0,4.0,4.0
591.0,0,9,0,0,night,pa_2_rev,-E0,20.0,4,80.0,4,100.0,166.67,5,5,0,-2,980.0,44,44,100.0,113,20.0,1.29,1.0,80.0,80.0,4.0,4.0,980.0,980.0,80.0,80.0,4.0,4.0
592.0,0,9,0,0,night,pa_2_rev,-E0,20.0,4,80.0,4,100.0,166.67,5,5,0,-2,980.0,44,44,100.0,113,20.0,1.29,1.0,80.0,80.0,4.0,4.0,980.0,980.0,80.0,80.0,4.0,4.0
593.0,0,9,0,0,night,pa_2_rev,-E0,20.0,4,80.0,4,100.0,166.67,5,5,0,-2,980.0,44,44,100.0,113,20.0,1.29,1.0,80.0,80.0,4.0,4.0,980.0,980.0,80.0,80.0,4.0,4.0
594.0,0,9,0,0,night,pa_2_rev,-E0,20.0,4,80.0,4,100.0,166.67,5,5,0,-2,980.0,44,44,100.0,113,20.0,1.29,1.0,80.0,80.0,4.0,4.0,980.0,980.0,80.0,80.0,4.0,4.0
595.0,0,9,0,0,night,pa_2_rev,-E0,20.0,4,80.0,4,100.0,166.67,5,5,0,-2,980.0,44,44,100.0,113,20.0,1.29,1.0,80.0,80.0,4.0,4.0,980.0,980.0,80.0,80.0,4.0,4.0
596.0,0,9,0,0,night,pa_2_rev,-E0,20.0,4,80.0,4,100.0,166.67,5,5,0,-2,980.0,44,44,100.0,113,20.0,1.29,1.0,80.0,80.0,4.0,4.0,980.0,980.0,80.0,80.0,4.0,4.0
597.0,0,9,0,0,night,pa_2_rev,-E0,20.0,4,80.0,4,100.0,166.67,5,5,0,-2,980.0,44,44,100.0,113,20.0,1.29,1.0,80.0,80.0,4.0,4.0,980.0,980.0,80.0,80.0,4.0,4.0
598.0,0,9,0,0,night,pa_2_rev,-E0,20.0,4,80.0,4,100.0,166.67,5,5,0,-2,980.0,44,44,100.0,111,20.0,1.29,1.0,80.0,80.0,4.0,4.0,980.0,980.0,80.0,80.0,4.0,4.0
599.0,0,9,0,0,night,pa_2_rev,-E0,20.0,4,80.0,4,100.0,166.67,5,5,0,-2,980.0,44,45,100.0,111,20.0,1.29,1.0,80.0,80.0,4.0,4.0,980.0,980.0,80.0,80.0,4.0,4.0
600.0,0,10,0,0,night,pa_2_rev,-E0,20.0,4,80.0,4,100.0,166.67,5,5,0,-2,980.0,44,45,100.0,110,20.0,1.29,1.0,80.0,80.0,4.0,4.0,980.0,980.0,80.0,80.0,4.0,4.0
1.0,0,0,0,0,night,pa_3,E1,20.0,4,0.0,0,0.0,0.0,0,0,4,3,0.0,0,0,0.0,8,0.0,0.0,0.0,0.0,0.0,0.0,0.0,0.0,0.0,0.0,0.0,0.0,0.0
2.0,0,0,0,0,night,pa_3,E1,20.0,4,0.0,0,0.0,0.0,0,0,4,3,0.0,0,0,0.0,8,0.0,0.0,0.0,0.0,0.0,0.0,0.0,0.0,0.0,0.0,0.0,0.0,0.0
3.0,0,0,0,0,night,pa_3,E1,20.0,4,0.0,0,0.0,0.0,0,0,4,3,0.0,0,0,0.0,12,0.0,0.0,0.0,0.0,0.0,0.0,0.0,0.0,0.0,0.0,0.0,0.0,0.0
4.0,0,0,0,0,night,pa_3,E1,20.0,4,0.0,0,0.0,0.0,0,0,4,3,0.0,0,0,0.0,14,0.0,0.0,0.0,0.0,0.0,0.0,0.0,0.0,0.0,0.0,0.0,0.0,0.0
5.0,0,0,0,0,night,pa_3,E1,20.0,4,0.0,0,0.0,0.0,0,0,4,3,0.0,0,0,0.0,14,0.0,0.0,0.0,0.0,0.0,0.0,0.0,0.0,0.0,0.0,0.0,0.0,0.0
6.0,0,0,0,0,night,pa_3,E1,20.0,4,0.0,0,0.0,0.0,0,0,4,3,0.0,0,0,0.0,16,0.0,0.0,0.0,0.0,0.0,0.0,0.0,0.0,0.0,0.0,0.0,0.0,0.0
7.0,0,0,0,0,night,pa_3,E1,20.0,4,0.0,0,0.0,0.0,0,0,4,3,0.0,0,0,0.0,17,0.0,0.0,0.0,0.0,0.0,0.0,0.0,0.0,0.0,0.0,0.0,0.0,0.0
8.0,0,0,0,0,night,pa_3,E1,20.0,4,0.0,0,0.0,0.0,0,0,4,3,0.0,0,0,0.0,18,0.0,0.0,0.0,0.0,0.0,0.0,0.0,0.0,0.0,0.0,0.0,0.0,0.0
9.0,0,0,0,0,night,pa_3,E1,20.0,4,0.0,0,0.0,0.0,0,0,4,3,0.0,0,0,0.0,18,0.0,0.0,0.0,0.0,0.0,0.0,0.0,0.0,0.0,0.0,0.0,0.0,0.0
10.0,0,0,0,0,night,pa_3,E1,20.0,4,0.0,0,0.0,0.0,0,0,4,3,0.0,0,0,0.0,20,0.0,0.0,0.0,0.0,0.0,0.0,0.0,0.0,0.0,0.0,0.0,0.0,0.0
11.0,0,0,0,0,night,pa_3,E1,20.0,4,0.0,0,0.0,0.0,0,0,4,3,0.0,0,0,0.0,20,0.0,0.0,0.0,0.0,0.0,0.0,0.0,0.0,0.0,0.0,0.0,0.0,0.0
12.0,0,0,0,0,night,pa_3,E1,20.0,4,0.0,0,0.0,0.0,0,0,4,3,0.0,0,0,0.0,20,0.0,0.0,0.0,0.0,0.0,0.0,0.0,0.0,0.0,0.0,0.0,0.0,0.0
13.0,0,0,0,0,night,pa_3,E1,20.0,4,0.0,0,0.0,0.0,0,0,4,3,0.0,0,0,0.0,20,0.0,0.0,0.0,0.0,0.0,0.0,0.0,0.0,0.0,0.0,0.0,0.0,0.0
14.0,0,0,0,0,night,pa_3,E1,20.0,4,0.0,0,0.0,0.0,0,0,4,3,0.0,0,0,0.0,22,0.0,0.0,0.0,0.0,0.0,0.0,0.0,0.0,0.0,0.0,0.0,0.0,0.0
15.0,0,0,0,0,night,pa_3,E1,20.0,4,0.0,0,0.0,0.0,0,0,4,3,0.0,0,0,0.0,22,0.0,0.0,0.0,0.0,0.0,0.0,0.0,0.0,0.0,0.0,0.0,0.0,0.0
16.0,0,0,0,0,night,pa_3,E1,20.0,4,0.0,0,0.0,0.0,0,0,4,3,0.0,0,0,0.0,22,0.0,0.0,0.0,0.0,0.0,0.0,0.0,0.0,0.0,0.0,0.0,0.0,0.0
17.0,0,0,0,0,night,pa_3,E1,20.0,4,0.0,0,0.0,0.0,0,0,4,3,0.0,0,0,0.0,22,0.0,0.0,0.0,0.0,0.0,0.0,0.0,0.0,0.0,0.0,0.0,0.0,0.0
18.0,0,0,0,0,night,pa_3,E1,20.0,4,0.0,0,0.0,0.0,0,0,4,3,0.0,0,0,0.0,24,0.0,0.0,0.0,0.0,0.0,0.0,0.0,0.0,0.0,0.0,0.0,0.0,0.0
19.0,0,0,0,0,night,pa_3,E1,20.0,4,0.0,0,0.0,0.0,0,0,4,3,0.0,0,0,0.0,24,0.0,0.0,0.0,0.0,0.0,0.0,0.0,0.0,0.0,0.0,0.0,0.0,0.0
20.0,0,0,0,0,night,pa_3,E1,20.0,4,0.0,0,0.0,0.0,0,0,4,3,0.0,0,0,0.0,24,0.0,0.0,0.0,0.0,0.0,0.0,0.0,0.0,0.0,0.0,0.0,0.0,0.0
21.0,0,0,0,0,night,pa_3,E1,20.0,4,0.0,0,0.0,0.0,0,0,4,3,0.0,0,0,0.0,24,0.0,0.0,0.0,0.0,0.0,0.0,0.0,0.0,0.0,0.0,0.0,0.0,0.0
22.0,0,0,0,0,night,pa_3,E1,20.0,4,0.0,0,0.0,0.0,0,0,4,3,0.0,0,0,0.0,24,0.0,0.0,0.0,0.0,0.0,0.0,0.0,0.0,0.0,0.0,0.0,0.0,0.0
23.0,0,0,0,0,night,pa_3,E1,20.0,4,0.0,0,0.0,0.0,0,0,4,3,0.0,0,0,0.0,24,0.0,0.0,0.0,0.0,0.0,0.0,0.0,0.0,0.0,0.0,0.0,0.0,0.0
24.0,0,0,0,0,night,pa_3,E1,20.0,4,0.0,0,0.0,0.0,0,0,4,3,0.0,0,0,0.0,24,0.0,0.0,0.0,0.0,0.0,0.0,0.0,0.0,0.0,0.0,0.0,0.0,0.0
25.0,0,0,0,0,night,pa_3,E1,20.0,4,0.0,0,0.0,0.0,0,0,4,3,0.0,0,0,0.0,24,0.0,0.0,0.0,0.0,0.0,0.0,0.0,0.0,0.0,0.0,0.0,0.0,0.0
26.0,0,0,0,0,night,pa_3,E1,20.0,4,0.0,0,0.0,0.0,0,0,4,3,0.0,0,0,0.0,24,0.0,0.0,0.0,0.0,0.0,0.0,0.0,0.0,0.0,0.0,0.0,0.0,0.0
27.0,0,0,0,0,night,pa_3,E1,20.0,4,0.0,0,0.0,0.0,0,0,4,3,0.0,0,0,0.0,24,0.0,0.0,0.0,0.0,0.0,0.0,0.0,0.0,0.0,0.0,0.0,0.0,0.0
28.0,0,0,0,0,night,pa_3,E1,20.0,4,0.0,0,0.0,0.0,0,0,4,3,0.0,0,0,0.0,24,0.0,0.0,0.0,0.0,0.0,0.0,0.0,0.0,0.0,0.0,0.0,0.0,0.0
29.0,0,0,0,0,night,pa_3,E1,20.0,4,0.0,0,0.0,0.0,0,0,4,3,0.0,0,0,0.0,24,0.0,0.0,0.0,0.0,0.0,0.0,0.0,0.0,0.0,0.0,0.0,0.0,0.0
30.0,0,0,0,0,night,pa_3,E1,20.0,4,0.0,0,0.0,0.0,0,0,4,3,0.0,0,0,0.0,24,0.0,0.0,0.0,0.0,0.0,0.0,0.0,0.0,0.0,0.0,0.0,0.0,0.0
31.0,0,0,0,0,night,pa_3,E1,20.0,4,0.0,0,0.0,0.0,0,0,4,3,0.0,0,0,0.0,24,0.0,0.0,0.0,0.0,0.0,0.0,0.0,0.0,0.0,0.0,0.0,0.0,0.0
32.0,0,0,0,0,night,pa_3,E1,20.0,4,0.0,0,0.0,0.0,0,0,4,3,0.0,0,0,0.0,24,0.0,0.0,0.0,0.0,0.0,0.0,0.0,0.0,0.0,0.0,0.0,0.0,0.0
33.0,0,0,0,0,night,pa_3,E1,20.0,4,0.0,0,0.0,0.0,0,0,4,3,0.0,0,0,0.0,24,0.0,0.0,0.0,0.0,0.0,0.0,0.0,0.0,0.0,0.0,0.0,0.0,0.0
34.0,0,0,0,0,night,pa_3,E1,20.0,4,0.0,0,0.0,0.0,0,0,4,3,0.0,0,0,0.0,24,0.0,0.0,0.0,0.0,0.0,0.0,0.0,0.0,0.0,0.0,0.0,0.0,0.0
35.0,0,0,0,0,night,pa_3,E1,20.0,4,0.0,0,0.0,0.0,0,0,4,3,0.0,0,0,0.0,24,0.0,0.0,0.0,0.0,0.0,0.0,0.0,0.0,0.0,0.0,0.0,0.0,0.0
36.0,0,0,0,0,night,pa_3,E1,20.0,4,0.0,0,0.0,0.0,0,0,4,3,0.0,0,0,0.0,24,0.0,0.0,0.0,0.0,0.0,0.0,0.0,0.0,0.0,0.0,0.0,0.0,0.0
37.0,0,0,0,0,night,pa_3,E1,20.0,4,0.0,0,0.0,0.0,0,0,4,3,0.0,0,0,0.0,24,0.0,0.0,0.0,0.0,0.0,0.0,0.0,0.0,0.0,0.0,0.0,0.0,0.0
38.0,0,0,0,0,night,pa_3,E1,20.0,4,0.0,0,0.0,0.0,0,0,4,3,0.0,0,0,0.0,24,0.0,0.0,0.0,0.0,0.0,0.0,0.0,0.0,0.0,0.0,0.0,0.0,0.0
39.0,0,0,0,0,night,pa_3,E1,20.0,4,0.0,0,0.0,0.0,0,0,4,3,0.0,0,0,0.0,24,0.0,0.0,0.0,0.0,0.0,0.0,0.0,0.0,0.0,0.0,0.0,0.0,0.0
40.0,0,0,0,0,night,pa_3,E1,20.0,4,0.0,0,0.0,0.0,0,0,4,3,0.0,0,0,0.0,24,0.0,0.0,0.0,0.0,0.0,0.0,0.0,0.0,0.0,0.0,0.0,0.0,0.0
41.0,0,0,0,0,night,pa_3,E1,20.0,4,0.0,0,0.0,0.0,0,0,4,3,0.0,0,0,0.0,25,0.0,0.0,0.0,0.0,0.0,0.0,0.0,0.0,0.0,0.0,0.0,0.0,0.0
42.0,0,0,0,0,night,pa_3,E1,20.0,4,0.0,0,0.0,0.0,0,0,4,3,0.0,0,0,0.0,25,0.0,0.0,0.0,0.0,0.0,0.0,0.0,0.0,0.0,0.0,0.0,0.0,0.0
43.0,0,0,0,0,night,pa_3,E1,20.0,4,0.0,0,0.0,0.0,0,0,4,3,0.0,0,0,0.0,25,0.0,0.0,0.0,0.0,0.0,0.0,0.0,0.0,0.0,0.0,0.0,0.0,0.0
44.0,0,0,0,0,night,pa_3,E1,20.0,4,0.0,0,0.0,0.0,0,0,4,3,0.0,0,0,0.0,25,0.0,0.0,0.0,0.0,0.0,0.0,0.0,0.0,0.0,0.0,0.0,0.0,0.0
45.0,0,0,0,0,night,pa_3,E1,20.0,4,0.0,0,0.0,0.0,0,0,4,3,0.0,0,0,0.0,25,0.0,0.0,0.0,0.0,0.0,0.0,0.0,0.0,0.0,0.0,0.0,0.0,0.0
46.0,0,0,0,0,night,pa_3,E1,20.0,4,0.0,0,0.0,0.0,0,0,4,3,0.0,0,0,0.0,26,0.0,0.0,0.0,0.0,0.0,0.0,0.0,0.0,0.0,0.0,0.0,0.0,0.0
47.0,0,0,0,0,night,pa_3,E1,20.0,4,0.0,0,0.0,0.0,0,0,4,3,0.0,0,0,0.0,26,0.0,0.0,0.0,0.0,0.0,0.0,0.0,0.0,0.0,0.0,0.0,0.0,0.0
48.0,0,0,0,0,night,pa_3,E1,20.0,4,0.0,0,0.0,0.0,0,0,4,3,0.0,0,0,0.0,26,0.0,0.0,0.0,0.0,0.0,0.0,0.0,0.0,0.0,0.0,0.0,0.0,0.0
49.0,0,0,0,0,night,pa_3,E1,20.0,4,0.0,0,0.0,0.0,0,0,4,3,0.0,0,0,0.0,26,0.0,0.0,0.0,0.0,0.0,0.0,0.0,0.0,0.0,0.0,0.0,0.0,0.0
50.0,0,0,0,0,night,pa_3,E1,20.0,4,0.0,0,0.0,0.0,0,0,4,3,0.0,0,0,0.0,26,0.0,0.0,0.0,0.0,0.0,0.0,0.0,0.0,0.0,0.0,0.0,0.0,0.0
51.0,0,0,0,0,night,pa_3,E1,20.0,4,0.0,0,0.0,0.0,0,0,4,3,0.0,0,0,0.0,26,0.0,0.0,0.0,0.0,0.0,0.0,0.0,0.0,0.0,0.0,0.0,0.0,0.0
52.0,0,0,0,0,night,pa_3,E1,20.0,4,0.0,0,0.0,0.0,0,0,4,3,0.0,0,0,0.0,28,0.0,0.0,0.0,0.0,0.0,0.0,0.0,0.0,0.0,0.0,0.0,0.0,0.0
53.0,0,0,0,0,night,pa_3,E1,20.0,4,0.0,0,0.0,0.0,0,0,4,3,0.0,0,0,0.0,28,0.0,0.0,0.0,0.0,0.0,0.0,0.0,0.0,0.0,0.0,0.0,0.0,0.0
54.0,0,0,0,0,night,pa_3,E1,20.0,4,0.0,0,0.0,0.0,0,0,4,3,0.0,0,0,0.0,28,0.0,0.0,0.0,0.0,0.0,0.0,0.0,0.0,0.0,0.0,0.0,0.0,0.0
55.0,0,0,0,0,night,pa_3,E1,20.0,4,0.0,0,0.0,0.0,0,0,4,3,0.0,0,0,0.0,28,0.0,0.0,0.0,0.0,0.0,0.0,0.0,0.0,0.0,0.0,0.0,0.0,0.0
56.0,0,0,0,0,night,pa_3,E1,20.0,4,0.0,0,0.0,0.0,0,0,4,3,0.0,0,0,0.0,28,0.0,0.0,0.0,0.0,0.0,0.0,0.0,0.0,0.0,0.0,0.0,0.0,0.0
57.0,0,0,0,0,night,pa_3,E1,20.0,4,0.0,0,0.0,0.0,0,0,4,3,0.0,0,0,0.0,28,0.0,0.0,0.0,0.0,0.0,0.0,0.0,0.0,0.0,0.0,0.0,0.0,0.0
58.0,0,0,0,0,night,pa_3,E1,20.0,4,0.0,0,0.0,0.0,0,0,4,3,0.0,0,0,0.0,28,0.0,0.0,0.0,0.0,0.0,0.0,0.0,0.0,0.0,0.0,0.0,0.0,0.0
59.0,0,0,0,0,night,pa_3,E1,20.0,4,0.0,0,0.0,0.0,0,0,4,3,0.0,0,0,0.0,28,0.0,0.0,0.0,0.0,0.0,0.0,0.0,0.0,0.0,0.0,0.0,0.0,0.0
60.0,0,1,0,0,night,pa_3,E1,20.0,4,0.0,0,0.0,0.0,0,0,4,3,0.0,0,0,0.0,28,0.0,0.0,0.0,0.0,0.0,0.0,0.0,0.0,0.0,0.0,0.0,0.0,0.0
61.0,0,1,0,0,night,pa_3,E1,20.0,4,0.0,0,0.0,0.0,0,0,4,3,0.0,0,0,0.0,30,0.0,0.0,0.0,0.0,0.0,0.0,0.0,0.0,0.0,0.0,0.0,0.0,0.0
62.0,0,1,0,0,night,pa_3,E1,20.0,4,0.0,0,0.0,0.0,0,0,4,3,0.0,0,0,0.0,30,0.0,0.0,0.0,0.0,0.0,0.0,0.0,0.0,0.0,0.0,0.0,0.0,0.0
63.0,0,1,0,0,night,pa_3,E1,20.0,4,0.0,0,0.0,0.0,0,0,4,3,0.0,0,0,0.0,30,0.0,0.0,0.0,0.0,0.0,0.0,0.0,0.0,0.0,0.0,0.0,0.0,0.0
64.0,0,1,0,0,night,pa_3,E1,20.0,4,0.0,0,0.0,0.0,0,0,4,3,0.0,0,0,0.0,30,0.0,0.0,0.0,0.0,0.0,0.0,0.0,0.0,0.0,0.0,0.0,0.0,0.0
65.0,0,1,0,0,night,pa_3,E1,20.0,4,0.0,0,0.0,0.0,0,0,4,3,0.0,0,0,0.0,30,0.0,0.0,0.0,0.0,0.0,0.0,0.0,0.0,0.0,0.0,0.0,0.0,0.0
66.0,0,1,0,0,night,pa_3,E1,20.0,4,0.0,0,0.0,0.0,0,0,4,3,0.0,0,0,0.0,30,0.0,0.0,0.0,0.0,0.0,0.0,0.0,0.0,0.0,0.0,0.0,0.0,0.0
67.0,0,1,0,0,night,pa_3,E1,20.0,4,0.0,0,0.0,0.0,0,0,4,3,0.0,0,0,0.0,30,0.0,0.0,0.0,0.0,0.0,0.0,0.0,0.0,0.0,0.0,0.0,0.0,0.0
68.0,0,1,0,0,night,pa_3,E1,20.0,4,0.0,0,0.0,0.0,0,0,4,3,0.0,0,0,0.0,30,0.0,0.0,0.0,0.0,0.0,0.0,0.0,0.0,0.0,0.0,0.0,0.0,0.0
69.0,0,1,0,0,night,pa_3,E1,20.0,4,0.0,0,0.0,0.0,0,0,4,3,0.0,0,0,0.0,30,0.0,0.0,0.0,0.0,0.0,0.0,0.0,0.0,0.0,0.0,0.0,0.0,0.0
70.0,0,1,0,0,night,pa_3,E1,20.0,4,0.0,0,0.0,0.0,0,0,4,3,0.0,0,0,0.0,30,0.0,0.0,0.0,0.0,0.0,0.0,0.0,0.0,0.0,0.0,0.0,0.0,0.0
71.0,0,1,0,0,night,pa_3,E1,20.0,4,0.0,0,0.0,0.0,0,0,4,3,0.0,0,0,0.0,30,0.0,0.0,0.0,0.0,0.0,0.0,0.0,0.0,0.0,0.0,0.0,0.0,0.0
72.0,0,1,0,0,night,pa_3,E1,20.0,4,0.0,0,0.0,0.0,0,0,4,3,0.0,0,0,0.0,30,0.0,0.0,0.0,0.0,0.0,0.0,0.0,0.0,0.0,0.0,0.0,0.0,0.0
73.0,0,1,0,0,night,pa_3,E1,20.0,4,0.0,0,0.0,0.0,0,0,4,3,0.0,0,0,0.0,32,0.0,0.0,0.0,0.0,0.0,0.0,0.0,0.0,0.0,0.0,0.0,0.0,0.0
74.0,0,1,0,0,night,pa_3,E1,20.0,4,0.0,0,0.0,0.0,0,0,4,3,0.0,0,0,0.0,32,0.0,0.0,0.0,0.0,0.0,0.0,0.0,0.0,0.0,0.0,0.0,0.0,0.0
75.0,0,1,0,0,night,pa_3,E1,20.0,4,0.0,0,0.0,0.0,0,0,4,3,0.0,0,0,0.0,32,0.0,0.0,0.0,0.0,0.0,0.0,0.0,0.0,0.0,0.0,0.0,0.0,0.0
76.0,0,1,0,0,night,pa_3,E1,20.0,4,0.0,0,0.0,0.0,0,0,4,3,0.0,0,0,0.0,32,0.0,0.0,0.0,0.0,0.0,0.0,0.0,0.0,0.0,0.0,0.0,0.0,0.0
77.0,0,1,0,0,night,pa_3,E1,20.0,4,0.0,0,0.0,0.0,0,0,4,3,0.0,0,0,0.0,32,0.0,0.0,0.0,0.0,0.0,0.0,0.0,0.0,0.0,0.0,0.0,0.0,0.0
78.0,0,1,0,0,night,pa_3,E1,20.0,4,0.0,0,0.0,0.0,0,0,4,3,0.0,0,0,0.0,32,0.0,0.0,0.0,0.0,0.0,0.0,0.0,0.0,0.0,0.0,0.0,0.0,0.0
79.0,0,1,0,0,night,pa_3,E1,20.0,4,0.0,0,0.0,0.0,0,0,4,3,0.0,0,0,0.0,32,0.0,0.0,0.0,0.0,0.0,0.0,0.0,0.0,0.0,0.0,0.0,0.0,0.0
80.0,0,1,0,0,night,pa_3,E1,20.0,4,0.0,0,0.0,0.0,0,0,4,3,0.0,0,0,0.0,32,0.0,0.0,0.0,0.0,0.0,0.0,0.0,0.0,0.0,0.0,0.0,0.0,0.0
81.0,0,1,0,0,night,pa_3,E1,20.0,4,0.0,0,0.0,0.0,0,0,4,3,0.0,0,0,0.0,34,0.0,0.0,0.0,0.0,0.0,0.0,0.0,0.0,0.0,0.0,0.0,0.0,0.0
82.0,0,1,0,0,night,pa_3,E1,20.0,4,0.0,0,0.0,0.0,0,0,4,3,0.0,0,0,0.0,34,0.0,0.0,0.0,0.0,0.0,0.0,0.0,0.0,0.0,0.0,0.0,0.0,0.0
83.0,0,1,0,0,night,pa_3,E1,20.0,4,0.0,0,0.0,0.0,0,0,4,3,0.0,0,0,0.0,34,0.0,0.0,0.0,0.0,0.0,0.0,0.0,0.0,0.0,0.0,0.0,0.0,0.0
84.0,0,1,0,0,night,pa_3,E1,20.0,4,0.0,0,0.0,0.0,0,0,4,3,0.0,0,0,0.0,34,0.0,0.0,0.0,0.0,0.0,0.0,0.0,0.0,0.0,0.0,0.0,0.0,0.0
85.0,0,1,0,0,night,pa_3,E1,20.0,4,0.0,0,0.0,0.0,0,0,4,3,0.0,0,0,0.0,34,0.0,0.0,0.0,0.0,0.0,0.0,0.0,0.0,0.0,0.0,0.0,0.0,0.0
86.0,0,1,0,0,night,pa_3,E1,20.0,4,0.0,0,0.0,0.0,0,0,4,3,0.0,0,0,0.0,34,0.0,0.0,0.0,0.0,0.0,0.0,0.0,0.0,0.0,0.0,0.0,0.0,0.0
87.0,0,1,0,0,night,pa_3,E1,20.0,4,0.0,0,0.0,0.0,0,0,4,3,0.0,0,0,0.0,34,0.0,0.0,0.0,0.0,0.0,0.0,0.0,0.0,0.0,0.0,0.0,0.0,0.0
88.0,0,1,0,0,night,pa_3,E1,20.0,4,0.0,0,0.0,0.0,0,0,4,3,0.0,0,0,0.0,34,0.0,0.0,0.0,0.0,0.0,0.0,0.0,0.0,0.0,0.0,0.0,0.0,0.0
89.0,0,1,0,0,night,pa_3,E1,20.0,4,0.0,0,0.0,0.0,0,0,4,3,0.0,0,0,0.0,34,0.0,0.0,0.0,0.0,0.0,0.0,0.0,0.0,0.0,0.0,0.0,0.0,0.0
90.0,0,1,0,0,night,pa_3,E1,20.0,4,0.0,0,0.0,0.0,0,0,4,3,0.0,0,0,0.0,34,0.0,0.0,0.0,0.0,0.0,0.0,0.0,0.0,0.0,0.0,0.0,0.0,0.0
91.0,0,1,0,0,night,pa_3,E1,20.0,4,0.0,0,0.0,0.0,0,0,4,3,0.0,0,0,0.0,35,0.0,0.0,0.0,0.0,0.0,0.0,0.0,0.0,0.0,0.0,0.0,0.0,0.0
92.0,0,1,0,0,night,pa_3,E1,20.0,4,0.0,0,0.0,0.0,0,0,4,3,0.0,0,0,0.0,35,0.0,0.0,0.0,0.0,0.0,0.0,0.0,0.0,0.0,0.0,0.0,0.0,0.0
93.0,0,1,0,0,night,pa_3,E1,20.0,4,0.0,0,0.0,0.0,0,0,4,3,0.0,0,0,0.0,36,0.0,0.0,0.0,0.0,0.0,0.0,0.0,0.0,0.0,0.0,0.0,0.0,0.0
94.0,0,1,0,0,night,pa_3,E1,20.0,4,0.0,0,0.0,0.0,0,0,4,3,0.0,0,0,0.0,36,0.0,0.0,0.0,0.0,0.0,0.0,0.0,0.0,0.0,0.0,0.0,0.0,0.0
95.0,0,1,0,0,night,pa_3,E1,20.0,4,0.0,0,0.0,0.0,0,0,4,3,0.0,0,0,0.0,36,0.0,0.0,0.0,0.0,0.0,0.0,0.0,0.0,0.0,0.0,0.0,0.0,0.0
96.0,0,1,0,0,night,pa_3,E1,20.0,4,0.0,0,0.0,0.0,0,0,4,3,0.0,0,0,0.0,36,0.0,0.0,0.0,0.0,0.0,0.0,0.0,0.0,0.0,0.0,0.0,0.0,0.0
97.0,0,1,0,0,night,pa_3,E1,20.0,4,0.0,0,0.0,0.0,0,0,4,3,0.0,0,0,0.0,36,0.0,0.0,0.0,0.0,0.0,0.0,0.0,0.0,0.0,0.0,0.0,0.0,0.0
98.0,0,1,0,0,night,pa_3,E1,20.0,4,0.0,0,0.0,0.0,0,0,4,3,0.0,0,0,0.0,36,0.0,0.0,0.0,0.0,0.0,0.0,0.0,0.0,0.0,0.0,0.0,0.0,0.0
99.0,0,1,0,0,night,pa_3,E1,20.0,4,0.0,0,0.0,0.0,0,0,4,3,0.0,0,0,0.0,36,0.0,0.0,0.0,0.0,0.0,0.0,0.0,0.0,0.0,0.0,0.0,0.0,0.0
100.0,0,1,0,0,night,pa_3,E1,20.0,4,0.0,0,0.0,0.0,0,0,4,3,0.0,0,0,0.0,36,0.0,0.0,0.0,0.0,0.0,0.0,0.0,0.0,0.0,0.0,0.0,0.0,0.0
101.0,0,1,0,0,night,pa_3,E1,20.0,4,0.0,0,0.0,0.0,0,0,4,3,0.0,0,0,0.0,36,0.0,0.0,0.0,0.0,0.0,0.0,0.0,0.0,0.0,0.0,0.0,0.0,0.0
102.0,0,1,0,0,night,pa_3,E1,20.0,4,0.0,0,0.0,0.0,0,0,4,3,0.0,0,0,0.0,36,0.0,0.0,0.0,0.0,0.0,0.0,0.0,0.0,0.0,0.0,0.0,0.0,0.0
103.0,0,1,0,0,night,pa_3,E1,20.0,4,0.0,0,0.0,0.0,0,0,4,3,0.0,0,0,0.0,41,0.0,0.0,0.0,0.0,0.0,0.0,0.0,0.0,0.0,0.0,0.0,0.0,0.0
104.0,0,1,0,0,night,pa_3,E1,20.0,4,0.0,0,0.0,0.0,0,0,4,3,0.0,0,0,0.0,41,0.0,0.0,0.0,0.0,0.0,0.0,0.0,0.0,0.0,0.0,0.0,0.0,0.0
105.0,0,1,0,0,night,pa_3,E1,20.0,4,0.0,0,0.0,0.0,0,0,4,3,0.0,0,0,0.0,41,0.0,0.0,0.0,0.0,0.0,0.0,0.0,0.0,0.0,0.0,0.0,0.0,0.0
106.0,0,1,0,0,night,pa_3,E1,20.0,4,0.0,0,0.0,0.0,0,0,4,3,0.0,0,0,0.0,41,0.0,0.0,0.0,0.0,0.0,0.0,0.0,0.0,0.0,0.0,0.0,0.0,0.0
107.0,0,1,0,0,night,pa_3,E1,20.0,4,0.0,0,0.0,0.0,0,0,4,3,0.0,0,0,0.0,41,0.0,0.0,0.0,0.0,0.0,0.0,0.0,0.0,0.0,0.0,0.0,0.0,0.0
108.0,0,1,0,0,night,pa_3,E1,20.0,4,0.0,0,0.0,0.0,0,0,4,3,0.0,0,0,0.0,41,0.0,0.0,0.0,0.0,0.0,0.0,0.0,0.0,0.0,0.0,0.0,0.0,0.0
109.0,0,1,0,0,night,pa_3,E1,20.0,4,0.0,0,0.0,0.0,0,0,4,3,0.0,0,0,0.0,41,0.0,0.0,0.0,0.0,0.0,0.0,0.0,0.0,0.0,0.0,0.0,0.0,0.0
110.0,0,1,0,0,night,pa_3,E1,20.0,4,0.0,0,0.0,0.0,0,0,4,3,0.0,0,0,0.0,41,0.0,0.0,0.0,0.0,0.0,0.0,0.0,0.0,0.0,0.0,0.0,0.0,0.0
111.0,0,1,0,0,night,pa_3,E1,20.0,4,0.0,0,0.0,0.0,0,0,4,3,0.0,0,0,0.0,41,0.0,0.0,0.0,0.0,0.0,0.0,0.0,0.0,0.0,0.0,0.0,0.0,0.0
112.0,0,1,0,0,night,pa_3,E1,20.0,4,0.0,0,0.0,0.0,0,0,4,3,0.0,0,0,0.0,41,0.0,0.0,0.0,0.0,0.0,0.0,0.0,0.0,0.0,0.0,0.0,0.0,0.0
113.0,0,1,0,0,night,pa_3,E1,20.0,4,0.0,0,0.0,0.0,0,0,4,3,0.0,0,0,0.0,41,0.0,0.0,0.0,0.0,0.0,0.0,0.0,0.0,0.0,0.0,0.0,0.0,0.0
114.0,0,1,0,0,night,pa_3,E1,20.0,4,0.0,0,0.0,0.0,0,0,4,3,0.0,0,0,0.0,41,0.0,0.0,0.0,0.0,0.0,0.0,0.0,0.0,0.0,0.0,0.0,0.0,0.0
115.0,0,1,0,0,night,pa_3,E1,20.0,4,0.0,0,0.0,0.0,0,0,4,3,0.0,0,0,0.0,41,0.0,0.0,0.0,0.0,0.0,0.0,0.0,0.0,0.0,0.0,0.0,0.0,0.0
116.0,0,1,0,0,night,pa_3,E1,20.0,4,0.0,0,0.0,0.0,0,0,4,3,0.0,0,0,0.0,41,0.0,0.0,0.0,0.0,0.0,0.0,0.0,0.0,0.0,0.0,0.0,0.0,0.0
117.0,0,1,0,0,night,pa_3,E1,20.0,4,0.0,0,0.0,0.0,0,0,4,3,0.0,0,0,0.0,41,0.0,0.0,0.0,0.0,0.0,0.0,0.0,0.0,0.0,0.0,0.0,0.0,0.0
118.0,0,1,0,0,night,pa_3,E1,20.0,4,0.0,0,0.0,0.0,0,0,4,3,0.0,0,0,0.0,41,0.0,0.0,0.0,0.0,0.0,0.0,0.0,0.0,0.0,0.0,0.0,0.0,0.0
119.0,0,1,0,0,night,pa_3,E1,20.0,4,0.0,0,0.0,0.0,0,0,4,3,0.0,0,0,0.0,41,0.0,0.0,0.0,0.0,0.0,0.0,0.0,0.0,0.0,0.0,0.0,0.0,0.0
120.0,0,2,0,0,night,pa_3,E1,20.0,4,0.0,0,0.0,0.0,0,0,4,3,0.0,0,0,0.0,41,0.0,0.0,0.0,0.0,0.0,0.0,0.0,0.0,0.0,0.0,0.0,0.0,0.0
121.0,0,2,0,0,night,pa_3,E1,20.0,4,0.0,0,0.0,0.0,0,0,4,3,0.0,0,0,0.0,44,0.0,0.0,0.0,0.0,0.0,0.0,0.0,0.0,0.0,0.0,0.0,0.0,0.0
122.0,0,2,0,0,night,pa_3,E1,20.0,4,0.0,0,0.0,0.0,0,0,4,3,0.0,0,0,0.0,44,0.0,0.0,0.0,0.0,0.0,0.0,0.0,0.0,0.0,0.0,0.0,0.0,0.0
123.0,0,2,0,0,night,pa_3,E1,20.0,4,0.0,0,0.0,0.0,0,0,4,3,0.0,0,0,0.0,46,0.0,0.0,0.0,0.0,0.0,0.0,0.0,0.0,0.0,0.0,0.0,0.0,0.0
124.0,0,2,0,0,night,pa_3,E1,20.0,4,0.0,0,0.0,0.0,0,0,4,3,0.0,0,0,0.0,46,0.0,0.0,0.0,0.0,0.0,0.0,0.0,0.0,0.0,0.0,0.0,0.0,0.0
125.0,0,2,0,0,night,pa_3,E1,20.0,4,0.0,0,0.0,0.0,0,0,4,3,0.0,0,0,0.0,46,0.0,0.0,0.0,0.0,0.0,0.0,0.0,0.0,0.0,0.0,0.0,0.0,0.0
126.0,0,2,0,0,night,pa_3,E1,20.0,4,0.0,0,0.0,0.0,0,0,4,3,0.0,0,0,0.0,46,0.0,0.0,0.0,0.0,0.0,0.0,0.0,0.0,0.0,0.0,0.0,0.0,0.0
127.0,0,2,0,0,night,pa_3,E1,20.0,4,0.0,0,0.0,0.0,0,0,4,3,0.0,0,0,0.0,46,0.0,0.0,0.0,0.0,0.0,0.0,0.0,0.0,0.0,0.0,0.0,0.0,0.0
128.0,0,2,0,0,night,pa_3,E1,20.0,4,0.0,0,0.0,0.0,0,0,4,3,0.0,0,0,0.0,46,0.0,0.0,0.0,0.0,0.0,0.0,0.0,0.0,0.0,0.0,0.0,0.0,0.0
129.0,0,2,0,0,night,pa_3,E1,20.0,4,0.0,0,0.0,0.0,0,0,4,3,0.0,0,0,0.0,46,0.0,0.0,0.0,0.0,0.0,0.0,0.0,0.0,0.0,0.0,0.0,0.0,0.0
130.0,0,2,0,0,night,pa_3,E1,20.0,4,0.0,0,0.0,0.0,0,0,4,3,0.0,0,0,0.0,46,0.0,0.0,0.0,0.0,0.0,0.0,0.0,0.0,0.0,0.0,0.0,0.0,0.0
131.0,0,2,0,0,night,pa_3,E1,20.0,4,0.0,0,0.0,0.0,0,0,4,3,0.0,0,0,0.0,46,0.0,0.0,0.0,0.0,0.0,0.0,0.0,0.0,0.0,0.0,0.0,0.0,0.0
132.0,0,2,0,0,night,pa_3,E1,20.0,4,0.0,0,0.0,0.0,0,0,4,3,0.0,0,0,0.0,46,0.0,0.0,0.0,0.0,0.0,0.0,0.0,0.0,0.0,0.0,0.0,0.0,0.0
133.0,0,2,0,0,night,pa_3,E1,20.0,4,0.0,0,0.0,0.0,0,0,4,3,0.0,0,0,0.0,46,0.0,0.0,0.0,0.0,0.0,0.0,0.0,0.0,0.0,0.0,0.0,0.0,0.0
134.0,0,2,0,0,night,pa_3,E1,20.0,4,0.0,0,0.0,0.0,0,0,4,3,0.0,0,0,0.0,46,0.0,0.0,0.0,0.0,0.0,0.0,0.0,0.0,0.0,0.0,0.0,0.0,0.0
135.0,0,2,0,0,night,pa_3,E1,20.0,4,0.0,0,0.0,0.0,0,0,4,3,0.0,0,0,0.0,46,0.0,0.0,0.0,0.0,0.0,0.0,0.0,0.0,0.0,0.0,0.0,0.0,0.0
136.0,0,2,0,0,night,pa_3,E1,20.0,4,0.0,0,0.0,0.0,0,0,4,3,0.0,0,0,0.0,47,0.0,0.0,0.0,0.0,0.0,0.0,0.0,0.0,0.0,0.0,0.0,0.0,0.0
137.0,0,2,0,0,night,pa_3,E1,20.0,4,0.0,0,0.0,0.0,0,0,4,3,0.0,0,0,0.0,47,0.0,0.0,0.0,0.0,0.0,0.0,0.0,0.0,0.0,0.0,0.0,0.0,0.0
138.0,0,2,0,0,night,pa_3,E1,20.0,4,0.0,0,0.0,0.0,0,0,4,3,0.0,0,0,0.0,47,0.0,0.0,0.0,0.0,0.0,0.0,0.0,0.0,0.0,0.0,0.0,0.0,0.0
139.0,0,2,0,0,night,pa_3,E1,20.0,4,0.0,0,0.0,0.0,0,0,4,3,0.0,0,0,0.0,47,0.0,0.0,0.0,0.0,0.0,0.0,0.0,0.0,0.0,0.0,0.0,0.0,0.0
140.0,0,2,0,0,night,pa_3,E1,20.0,4,0.0,0,0.0,0.0,0,0,4,3,0.0,0,0,0.0,47,0.0,0.0,0.0,0.0,0.0,0.0,0.0,0.0,0.0,0.0,0.0,0.0,0.0
141.0,0,2,0,0,night,pa_3,E1,20.0,4,0.0,0,0.0,0.0,0,0,4,3,0.0,0,0,0.0,47,0.0,0.0,0.0,0.0,0.0,0.0,0.0,0.0,0.0,0.0,0.0,0.0,0.0
142.0,0,2,0,0,night,pa_3,E1,20.0,4,0.0,0,0.0,0.0,0,0,4,3,0.0,0,0,0.0,47,0.0,0.0,0.0,0.0,0.0,0.0,0.0,0.0,0.0,0.0,0.0,0.0,0.0
143.0,0,2,0,0,night,pa_3,E1,20.0,4,0.0,0,0.0,0.0,0,0,4,3,0.0,0,0,0.0,47,0.0,0.0,0.0,0.0,0.0,0.0,0.0,0.0,0.0,0.0,0.0,0.0,0.0
144.0,0,2,0,0,night,pa_3,E1,20.0,4,0.0,0,0.0,0.0,0,0,4,3,0.0,0,0,0.0,47,0.0,0.0,0.0,0.0,0.0,0.0,0.0,0.0,0.0,0.0,0.0,0.0,0.0
145.0,0,2,0,0,night,pa_3,E1,20.0,4,0.0,0,0.0,0.0,0,0,4,3,0.0,0,0,0.0,52,0.0,0.0,0.0,0.0,0.0,0.0,0.0,0.0,0.0,0.0,0.0,0.0,0.0
146.0,0,2,0,0,night,pa_3,E1,20.0,4,0.0,0,0.0,0.0,0,0,4,3,0.0,0,0,0.0,52,0.0,0.0,0.0,0.0,0.0,0.0,0.0,0.0,0.0,0.0,0.0,0.0,0.0
147.0,0,2,0,0,night,pa_3,E1,20.0,4,0.0,0,0.0,0.0,0,0,4,3,0.0,0,0,0.0,52,0.0,0.0,0.0,0.0,0.0,0.0,0.0,0.0,0.0,0.0,0.0,0.0,0.0
148.0,0,2,0,0,night,pa_3,E1,20.0,4,0.0,0,0.0,0.0,0,0,4,3,0.0,0,0,0.0,52,0.0,0.0,0.0,0.0,0.0,0.0,0.0,0.0,0.0,0.0,0.0,0.0,0.0
149.0,0,2,0,0,night,pa_3,E1,20.0,4,0.0,0,0.0,0.0,0,0,4,3,0.0,0,0,0.0,52,0.0,0.0,0.0,0.0,0.0,0.0,0.0,0.0,0.0,0.0,0.0,0.0,0.0
150.0,0,2,0,0,night,pa_3,E1,20.0,4,0.0,0,0.0,0.0,0,0,4,3,0.0,0,0,0.0,52,0.0,0.0,0.0,0.0,0.0,0.0,0.0,0.0,0.0,0.0,0.0,0.0,0.0
151.0,0,2,0,0,night,pa_3,E1,20.0,4,0.0,0,0.0,0.0,0,0,4,3,0.0,0,0,0.0,52,0.0,0.0,0.0,0.0,0.0,0.0,0.0,0.0,0.0,0.0,0.0,0.0,0.0
152.0,0,2,0,0,night,pa_3,E1,20.0,4,0.0,0,0.0,0.0,0,0,4,3,0.0,0,0,0.0,52,0.0,0.0,0.0,0.0,0.0,0.0,0.0,0.0,0.0,0.0,0.0,0.0,0.0
153.0,0,2,0,0,night,pa_3,E1,20.0,4,0.0,0,0.0,0.0,0,0,4,3,0.0,0,0,0.0,52,0.0,0.0,0.0,0.0,0.0,0.0,0.0,0.0,0.0,0.0,0.0,0.0,0.0
154.0,0,2,0,0,night,pa_3,E1,20.0,4,0.0,0,0.0,0.0,0,0,4,3,0.0,0,0,0.0,52,0.0,0.0,0.0,0.0,0.0,0.0,0.0,0.0,0.0,0.0,0.0,0.0,0.0
155.0,0,2,0,0,night,pa_3,E1,20.0,4,0.0,0,0.0,0.0,0,0,4,3,0.0,0,0,0.0,54,0.0,0.0,0.0,0.0,0.0,0.0,0.0,0.0,0.0,0.0,0.0,0.0,0.0
156.0,0,2,0,0,night,pa_3,E1,20.0,4,0.0,0,0.0,0.0,0,0,4,3,0.0,0,0,0.0,54,0.0,0.0,0.0,0.0,0.0,0.0,0.0,0.0,0.0,0.0,0.0,0.0,0.0
157.0,0,2,0,0,night,pa_3,E1,20.0,4,0.0,0,0.0,0.0,0,0,4,3,0.0,0,0,0.0,54,0.0,0.0,0.0,0.0,0.0,0.0,0.0,0.0,0.0,0.0,0.0,0.0,0.0
158.0,0,2,0,0,night,pa_3,E1,20.0,4,0.0,0,0.0,0.0,0,0,4,3,0.0,0,0,0.0,54,0.0,0.0,0.0,0.0,0.0,0.0,0.0,0.0,0.0,0.0,0.0,0.0,0.0
159.0,0,2,0,0,night,pa_3,E1,20.0,4,0.0,0,0.0,0.0,0,0,4,3,0.0,0,0,0.0,54,0.0,0.0,0.0,0.0,0.0,0.0,0.0,0.0,0.0,0.0,0.0,0.0,0.0
160.0,0,2,0,0,night,pa_3,E1,20.0,4,0.0,0,0.0,0.0,0,0,4,3,0.0,0,0,0.0,54,0.0,0.0,0.0,0.0,0.0,0.0,0.0,0.0,0.0,0.0,0.0,0.0,0.0
161.0,0,2,0,0,night,pa_3,E1,20.0,4,0.0,0,0.0,0.0,0,0,4,3,0.0,0,0,0.0,56,0.0,0.0,0.0,0.0,0.0,0.0,0.0,0.0,0.0,0.0,0.0,0.0,0.0
162.0,0,2,0,0,night,pa_3,E1,20.0,4,0.0,0,0.0,0.0,0,0,4,3,0.0,0,0,0.0,56,0.0,0.0,0.0,0.0,0.0,0.0,0.0,0.0,0.0,0.0,0.0,0.0,0.0
163.0,0,2,0,0,night,pa_3,E1,20.0,4,0.0,0,0.0,0.0,0,0,4,3,0.0,0,0,0.0,56,0.0,0.0,0.0,0.0,0.0,0.0,0.0,0.0,0.0,0.0,0.0,0.0,0.0
164.0,0,2,0,0,night,pa_3,E1,20.0,4,0.0,0,0.0,0.0,0,0,4,3,0.0,0,0,0.0,56,0.0,0.0,0.0,0.0,0.0,0.0,0.0,0.0,0.0,0.0,0.0,0.0,0.0
165.0,0,2,0,0,night,pa_3,E1,20.0,4,0.0,0,0.0,0.0,0,0,4,3,0.0,0,0,0.0,56,0.0,0.0,0.0,0.0,0.0,0.0,0.0,0.0,0.0,0.0,0.0,0.0,0.0
166.0,0,2,0,0,night,pa_3,E1,20.0,4,0.0,0,0.0,0.0,0,0,4,3,0.0,0,0,0.0,56,0.0,0.0,0.0,0.0,0.0,0.0,0.0,0.0,0.0,0.0,0.0,0.0,0.0
167.0,0,2,0,0,night,pa_3,E1,20.0,4,0.0,0,0.0,0.0,0,0,4,3,0.0,0,0,0.0,56,0.0,0.0,0.0,0.0,0.0,0.0,0.0,0.0,0.0,0.0,0.0,0.0,0.0
168.0,0,2,0,0,night,pa_3,E1,20.0,4,0.0,0,0.0,0.0,0,0,4,3,0.0,0,0,0.0,56,0.0,0.0,0.0,0.0,0.0,0.0,0.0,0.0,0.0,0.0,0.0,0.0,0.0
169.0,0,2,0,0,night,pa_3,E1,20.0,4,0.0,0,0.0,0.0,0,0,4,3,0.0,0,0,0.0,56,0.0,0.0,0.0,0.0,0.0,0.0,0.0,0.0,0.0,0.0,0.0,0.0,0.0
170.0,0,2,0,0,night,pa_3,E1,20.0,4,0.0,0,0.0,0.0,0,0,4,3,0.0,0,0,0.0,56,0.0,0.0,0.0,0.0,0.0,0.0,0.0,0.0,0.0,0.0,0.0,0.0,0.0
171.0,0,2,0,0,night,pa_3,E1,20.0,4,0.0,0,0.0,0.0,0,0,4,3,0.0,0,0,0.0,56,0.0,0.0,0.0,0.0,0.0,0.0,0.0,0.0,0.0,0.0,0.0,0.0,0.0
172.0,0,2,0,0,night,pa_3,E1,20.0,4,0.0,0,0.0,0.0,0,0,4,3,0.0,0,0,0.0,56,0.0,0.0,0.0,0.0,0.0,0.0,0.0,0.0,0.0,0.0,0.0,0.0,0.0
173.0,0,2,0,0,night,pa_3,E1,20.0,4,0.0,0,0.0,0.0,0,0,4,3,0.0,0,0,0.0,56,0.0,0.0,0.0,0.0,0.0,0.0,0.0,0.0,0.0,0.0,0.0,0.0,0.0
174.0,0,2,0,0,night,pa_3,E1,20.0,4,0.0,0,0.0,0.0,0,0,4,3,0.0,0,0,0.0,56,0.0,0.0,0.0,0.0,0.0,0.0,0.0,0.0,0.0,0.0,0.0,0.0,0.0
175.0,0,2,0,0,night,pa_3,E1,20.0,4,0.0,0,0.0,0.0,0,0,4,3,0.0,0,0,0.0,56,0.0,0.0,0.0,0.0,0.0,0.0,0.0,0.0,0.0,0.0,0.0,0.0,0.0
176.0,0,2,0,0,night,pa_3,E1,20.0,4,0.0,0,0.0,0.0,0,0,4,3,0.0,0,0,0.0,56,0.0,0.0,0.0,0.0,0.0,0.0,0.0,0.0,0.0,0.0,0.0,0.0,0.0
177.0,0,2,0,0,night,pa_3,E1,20.0,4,0.0,0,0.0,0.0,0,0,4,3,0.0,0,0,0.0,56,0.0,0.0,0.0,0.0,0.0,0.0,0.0,0.0,0.0,0.0,0.0,0.0,0.0
178.0,0,2,0,0,night,pa_3,E1,20.0,4,0.0,0,0.0,0.0,0,0,4,3,0.0,0,0,0.0,56,0.0,0.0,0.0,0.0,0.0,0.0,0.0,0.0,0.0,0.0,0.0,0.0,0.0
179.0,0,2,0,0,night,pa_3,E1,20.0,4,0.0,0,0.0,0.0,0,0,4,3,0.0,0,0,0.0,56,0.0,0.0,0.0,0.0,0.0,0.0,0.0,0.0,0.0,0.0,0.0,0.0,0.0
180.0,0,3,0,0,night,pa_3,E1,20.0,4,0.0,0,0.0,0.0,0,0,4,3,0.0,0,0,0.0,56,0.0,0.0,0.0,0.0,0.0,0.0,0.0,0.0,0.0,0.0,0.0,0.0,0.0
181.0,0,3,0,0,night,pa_3,E1,20.0,4,0.0,0,0.0,0.0,0,0,4,3,20.0,1,0,2.27,59,0.0,0.0,0.0,0.0,0.0,0.0,0.0,0.0,0.0,0.0,0.0,0.0,0.0
182.0,0,3,0,0,night,pa_3,E1,20.0,4,0.0,0,0.0,0.0,0,0,4,3,40.0,2,0,4.55,59,0.0,0.0,0.0,0.0,0.0,0.0,0.0,20.0,0.0,0.0,0.0,0.0,0.0
183.0,0,3,0,0,night,pa_3,E1,20.0,4,20.0,1,25.0,0.0,0,0,3,3,60.0,3,0,6.82,61,20.0,0.14,0.25,0.0,0.0,0.0,0.0,40.0,0.0,4.0,2.0,0.2,0.1
184.0,0,3,0,0,night,pa_3,E1,20.0,4,20.0,1,25.0,0.0,0,0,3,3,60.0,3,0,6.82,61,20.0,0.14,0.25,20.0,0.0,1.0,0.0,60.0,0.0,8.0,4.0,0.4,0.2
185.0,0,3,0,0,night,pa_3,E1,20.0,4,20.0,1,25.0,0.0,0,0,3,3,60.0,3,0,6.82,61,20.0,0.14,0.25,20.0,0.0,1.0,0.0,60.0,0.0,12.0,6.0,0.6,0.3
186.0,0,3,0,0,night,pa_3,E1,20.0,4,20.0,1,25.0,0.0,0,0,3,3,60.0,3,0,6.82,62,20.0,0.14,0.25,20.0,0.0,1.0,0.0,60.0,20.0,16.0,8.0,0.8,0.4
187.0,0,3,0,0,night,pa_3,E1,20.0,4,20.0,1,25.0,0.0,0,0,3,3,60.0,3,0,6.82,62,20.0,0.14,0.25,20.0,0.0,1.0,0.0,60.0,40.0,20.0,10.0,1.0,0.5
188.0,0,3,0,0,night,pa_3,E1,20.0,4,20.0,1,25.0,0.0,0,0,3,3,105.0,5,0,11.36,63,20.0,0.14,0.25,20.0,20.0,1.0,1.0,60.0,60.0,20.0,12.0,1.0,0.6
189.0,0,3,0,0,night,pa_3,E1,20.0,4,20.0,1,25.0,0.0,0,0,3,3,150.0,7,0,15.91,63,20.0,0.14,0.25,20.0,20.0,1.0,1.0,105.0,60.0,20.0,14.0,1.0,0.7
190.0,0,3,0,0,night,pa_3,E1,20.0,4,20.0,1,25.0,0.0,0,0,3,3,150.0,7,0,15.91,63,20.0,0.14,0.25,20.0,20.0,1.0,1.0,150.0,60.0,20.0,16.0,1.0,0.8
191.0,0,3,0,0,night,pa_3,E1,20.0,4,20.0,1,25.0,0.0,0,0,3,3,170.0,8,0,18.18,63,20.0,0.14,0.25,20.0,20.0,1.0,1.0,150.0,60.0,20.0,18.0,1.0,0.9
192.0,0,3,0,0,night,pa_3,E1,20.0,4,20.0,1,25.0,0.0,0,0,3,3,170.0,8,0,18.18,63,20.0,0.14,0.25,20.0,20.0,1.0,1.0,170.0,60.0,20.0,20.0,1.0,1.0
193.0,0,3,0,0,night,pa_3,E1,20.0,4,20.0,1,25.0,0.0,0,0,3,3,170.0,8,0,18.18,63,20.0,0.14,0.25,20.0,20.0,1.0,1.0,170.0,105.0,20.0,20.0,1.0,1.0
194.0,0,3,0,0,night,pa_3,E1,20.0,4,20.0,1,25.0,0.0,0,0,3,3,170.0,8,0,18.18,63,20.0,0.14,0.25,20.0,20.0,1.0,1.0,170.0,150.0,20.0,20.0,1.0,1.0
195.0,0,3,0,0,night,pa_3,E1,20.0,4,20.0,1,25.0,0.0,0,0,3,3,170.0,8,0,18.18,63,20.0,0.14,0.25,20.0,20.0,1.0,1.0,170.0,150.0,20.0,20.0,1.0,1.0
196.0,0,3,0,0,night,pa_3,E1,20.0,4,20.0,1,25.0,0.0,0,0,3,3,170.0,8,0,18.18,63,20.0,0.14,0.25,20.0,20.0,1.0,1.0,170.0,170.0,20.0,20.0,1.0,1.0
197.0,0,3,0,0,night,pa_3,E1,20.0,4,20.0,1,25.0,0.0,0,0,3,3,170.0,8,0,18.18,63,20.0,0.14,0.25,20.0,20.0,1.0,1.0,170.0,170.0,20.0,20.0,1.0,1.0
198.0,0,3,0,0,night,pa_3,E1,20.0,4,20.0,1,25.0,0.0,0,0,3,3,170.0,8,0,18.18,63,20.0,0.14,0.25,20.0,20.0,1.0,1.0,170.0,170.0,20.0,20.0,1.0,1.0
199.0,0,3,0,0,night,pa_3,E1,20.0,4,20.0,1,25.0,0.0,0,0,3,3,170.0,8,0,18.18,63,20.0,0.14,0.25,20.0,20.0,1.0,1.0,170.0,170.0,20.0,20.0,1.0,1.0
200.0,0,3,0,0,night,pa_3,E1,20.0,4,20.0,1,25.0,0.0,0,0,3,3,170.0,8,0,18.18,63,20.0,0.14,0.25,20.0,20.0,1.0,1.0,170.0,170.0,20.0,20.0,1.0,1.0
201.0,0,3,0,0,night,pa_3,E1,20.0,4,20.0,1,25.0,0.0,0,0,3,3,170.0,8,0,18.18,64,20.0,0.14,0.25,20.0,20.0,1.0,1.0,170.0,170.0,20.0,20.0,1.0,1.0
202.0,0,3,0,0,night,pa_3,E1,20.0,4,20.0,1,25.0,0.0,0,0,3,3,170.0,8,0,18.18,64,20.0,0.14,0.25,20.0,20.0,1.0,1.0,170.0,170.0,20.0,20.0,1.0,1.0
203.0,0,3,0,0,night,pa_3,E1,20.0,4,20.0,1,25.0,0.0,0,0,3,3,170.0,8,0,18.18,64,20.0,0.14,0.25,20.0,20.0,1.0,1.0,170.0,170.0,20.0,20.0,1.0,1.0
204.0,0,3,0,0,night,pa_3,E1,20.0,4,20.0,1,25.0,0.0,0,0,3,3,170.0,8,0,18.18,64,20.0,0.14,0.25,20.0,20.0,1.0,1.0,170.0,170.0,20.0,20.0,1.0,1.0
205.0,0,3,0,0,night,pa_3,E1,20.0,4,20.0,1,25.0,0.0,0,0,3,3,170.0,8,0,18.18,64,20.0,0.14,0.25,20.0,20.0,1.0,1.0,170.0,170.0,20.0,20.0,1.0,1.0
206.0,0,3,0,0,night,pa_3,E1,20.0,4,20.0,1,25.0,0.0,0,0,3,3,170.0,8,0,18.18,69,20.0,0.14,0.25,20.0,20.0,1.0,1.0,170.0,170.0,20.0,20.0,1.0,1.0
207.0,0,3,0,0,night,pa_3,E1,20.0,4,20.0,1,25.0,0.0,0,0,3,3,170.0,8,0,18.18,69,20.0,0.14,0.25,20.0,20.0,1.0,1.0,170.0,170.0,20.0,20.0,1.0,1.0
208.0,0,3,0,0,night,pa_3,E1,20.0,4,20.0,1,25.0,0.0,0,0,3,3,170.0,8,0,18.18,69,20.0,0.14,0.25,20.0,20.0,1.0,1.0,170.0,170.0,20.0,20.0,1.0,1.0
209.0,0,3,0,0,night,pa_3,E1,20.0,4,20.0,1,25.0,0.0,0,0,3,3,170.0,8,0,18.18,69,20.0,0.14,0.25,20.0,20.0,1.0,1.0,170.0,170.0,20.0,20.0,1.0,1.0
210.0,0,3,0,0,night,pa_3,E1,20.0,4,20.0,1,25.0,0.0,0,0,3,3,170.0,8,0,18.18,69,20.0,0.14,0.25,20.0,20.0,1.0,1.0,170.0,170.0,20.0,20.0,1.0,1.0
211.0,0,3,0,0,night,pa_3,E1,20.0,4,20.0,1,25.0,0.0,0,0,3,3,170.0,8,0,18.18,69,20.0,0.14,0.25,20.0,20.0,1.0,1.0,170.0,170.0,20.0,20.0,1.0,1.0
212.0,0,3,0,0,night,pa_3,E1,20.0,4,20.0,1,25.0,0.0,0,0,3,3,170.0,8,0,18.18,69,20.0,0.14,0.25,20.0,20.0,1.0,1.0,170.0,170.0,20.0,20.0,1.0,1.0
213.0,0,3,0,0,night,pa_3,E1,20.0,4,20.0,1,25.0,0.0,0,0,3,3,170.0,8,0,18.18,69,20.0,0.14,0.25,20.0,20.0,1.0,1.0,170.0,170.0,20.0,20.0,1.0,1.0
214.0,0,3,0,0,night,pa_3,E1,20.0,4,20.0,1,25.0,0.0,0,0,3,3,170.0,8,0,18.18,69,20.0,0.14,0.25,20.0,20.0,1.0,1.0,170.0,170.0,20.0,20.0,1.0,1.0
215.0,0,3,0,0,night,pa_3,E1,20.0,4,20.0,1,25.0,0.0,0,0,3,3,170.0,8,0,18.18,69,20.0,0.14,0.25,20.0,20.0,1.0,1.0,170.0,170.0,20.0,20.0,1.0,1.0
216.0,0,3,0,0,night,pa_3,E1,20.0,4,20.0,1,25.0,0.0,0,0,3,3,170.0,8,0,18.18,69,20.0,0.14,0.25,20.0,20.0,1.0,1.0,170.0,170.0,20.0,20.0,1.0,1.0
217.0,0,3,0,0,night,pa_3,E1,20.0,4,20.0,1,25.0,0.0,0,0,3,3,170.0,8,0,18.18,71,20.0,0.14,0.25,20.0,20.0,1.0,1.0,170.0,170.0,20.0,20.0,1.0,1.0
218.0,0,3,0,0,night,pa_3,E1,20.0,4,20.0,1,25.0,0.0,0,0,3,3,170.0,8,0,18.18,71,20.0,0.14,0.25,20.0,20.0,1.0,1.0,170.0,170.0,20.0,20.0,1.0,1.0
219.0,0,3,0,0,night,pa_3,E1,20.0,4,20.0,1,25.0,0.0,0,0,3,3,170.0,8,0,18.18,71,20.0,0.14,0.25,20.0,20.0,1.0,1.0,170.0,170.0,20.0,20.0,1.0,1.0
220.0,0,3,0,0,night,pa_3,E1,20.0,4,20.0,1,25.0,0.0,0,0,3,3,170.0,8,0,18.18,71,20.0,0.14,0.25,20.0,20.0,1.0,1.0,170.0,170.0,20.0,20.0,1.0,1.0
221.0,0,3,0,0,night,pa_3,E1,20.0,4,20.0,1,25.0,0.0,0,0,3,3,170.0,8,0,18.18,71,20.0,0.14,0.25,20.0,20.0,1.0,1.0,170.0,170.0,20.0,20.0,1.0,1.0
222.0,0,3,0,0,night,pa_3,E1,20.0,4,20.0,1,25.0,0.0,0,0,3,3,195.0,9,0,20.45,71,20.0,0.14,0.25,20.0,20.0,1.0,1.0,170.0,170.0,20.0,20.0,1.0,1.0
223.0,0,3,0,0,night,pa_3,E1,20.0,4,20.0,1,25.0,0.0,0,0,3,3,195.0,9,0,20.45,71,20.0,0.14,0.25,20.0,20.0,1.0,1.0,195.0,170.0,20.0,20.0,1.0,1.0
224.0,0,3,0,0,night,pa_3,E1,20.0,4,20.0,1,25.0,0.0,0,0,3,3,195.0,9,0,20.45,71,20.0,0.14,0.25,20.0,20.0,1.0,1.0,195.0,170.0,20.0,20.0,1.0,1.0
225.0,0,3,0,0,night,pa_3,E1,20.0,4,20.0,1,25.0,0.0,0,0,3,3,195.0,9,0,20.45,71,20.0,0.14,0.25,20.0,20.0,1.0,1.0,195.0,170.0,20.0,20.0,1.0,1.0
226.0,0,3,0,0,night,pa_3,E1,20.0,4,20.0,1,25.0,0.0,0,0,3,3,195.0,9,0,20.45,72,20.0,0.14,0.25,20.0,20.0,1.0,1.0,195.0,170.0,20.0,20.0,1.0,1.0
227.0,0,3,0,0,night,pa_3,E1,20.0,4,20.0,1,25.0,0.0,0,0,3,3,195.0,9,0,20.45,72,20.0,0.14,0.25,20.0,20.0,1.0,1.0,195.0,195.0,20.0,20.0,1.0,1.0
228.0,0,3,0,0,night,pa_3,E1,20.0,4,20.0,1,25.0,0.0,0,0,3,3,195.0,9,0,20.45,72,20.0,0.14,0.25,20.0,20.0,1.0,1.0,195.0,195.0,20.0,20.0,1.0,1.0
229.0,0,3,0,0,night,pa_3,E1,20.0,4,20.0,1,25.0,0.0,0,0,3,3,195.0,9,0,20.45,72,20.0,0.14,0.25,20.0,20.0,1.0,1.0,195.0,195.0,20.0,20.0,1.0,1.0
230.0,0,3,0,0,night,pa_3,E1,20.0,4,20.0,1,25.0,0.0,0,0,3,3,195.0,9,0,20.45,72,20.0,0.14,0.25,20.0,20.0,1.0,1.0,195.0,195.0,20.0,20.0,1.0,1.0
231.0,0,3,0,0,night,pa_3,E1,20.0,4,20.0,1,25.0,0.0,0,0,3,3,195.0,9,0,20.45,72,20.0,0.14,0.25,20.0,20.0,1.0,1.0,195.0,195.0,20.0,20.0,1.0,1.0
232.0,0,3,0,0,night,pa_3,E1,20.0,4,20.0,1,25.0,0.0,0,0,3,3,195.0,9,0,20.45,72,20.0,0.14,0.25,20.0,20.0,1.0,1.0,195.0,195.0,20.0,20.0,1.0,1.0
233.0,0,3,0,0,night,pa_3,E1,20.0,4,20.0,1,25.0,0.0,0,0,3,3,195.0,9,0,20.45,72,20.0,0.14,0.25,20.0,20.0,1.0,1.0,195.0,195.0,20.0,20.0,1.0,1.0
234.0,0,3,0,0,night,pa_3,E1,20.0,4,20.0,1,25.0,0.0,0,0,3,3,195.0,9,0,20.45,72,20.0,0.14,0.25,20.0,20.0,1.0,1.0,195.0,195.0,20.0,20.0,1.0,1.0
235.0,0,3,0,0,night,pa_3,E1,20.0,4,20.0,1,25.0,0.0,0,0,3,3,195.0,9,0,20.45,72,20.0,0.14,0.25,20.0,20.0,1.0,1.0,195.0,195.0,20.0,20.0,1.0,1.0
236.0,0,3,0,0,night,pa_3,E1,20.0,4,20.0,1,25.0,0.0,0,0,3,3,195.0,9,0,20.45,72,20.0,0.14,0.25,20.0,20.0,1.0,1.0,195.0,195.0,20.0,20.0,1.0,1.0
237.0,0,3,0,0,night,pa_3,E1,20.0,4,20.0,1,25.0,0.0,0,0,3,3,195.0,9,0,20.45,72,20.0,0.14,0.25,20.0,20.0,1.0,1.0,195.0,195.0,20.0,20.0,1.0,1.0
238.0,0,3,0,0,night,pa_3,E1,20.0,4,20.0,1,25.0,0.0,0,0,3,3,220.0,10,0,22.73,72,20.0,0.14,0.25,20.0,20.0,1.0,1.0,195.0,195.0,20.0,20.0,1.0,1.0
239.0,0,3,0,0,night,pa_3,E1,20.0,4,20.0,1,25.0,0.0,0,0,3,3,220.0,10,0,22.73,72,20.0,0.14,0.25,20.0,20.0,1.0,1.0,220.0,195.0,20.0,20.0,1.0,1.0
240.0,0,4,0,0,night,pa_3,E1,20.0,4,20.0,1,25.0,0.0,0,0,3,3,220.0,10,0,22.73,72,20.0,0.14,0.25,20.0,20.0,1.0,1.0,220.0,195.0,20.0,20.0,1.0,1.0
241.0,0,4,0,0,night,pa_3,E1,20.0,4,20.0,1,25.0,0.0,0,0,3,3,220.0,10,0,22.73,76,20.0,0.14,0.25,20.0,20.0,1.0,1.0,220.0,195.0,20.0,20.0,1.0,1.0
242.0,0,4,0,0,night,pa_3,E1,20.0,4,20.0,1,25.0,0.0,0,0,3,3,220.0,10,0,22.73,76,20.0,0.14,0.25,20.0,20.0,1.0,1.0,220.0,195.0,20.0,20.0,1.0,1.0
243.0,0,4,0,0,night,pa_3,E1,20.0,4,20.0,1,25.0,0.0,0,0,3,3,220.0,10,0,22.73,78,20.0,0.14,0.25,20.0,20.0,1.0,1.0,220.0,220.0,20.0,20.0,1.0,1.0
244.0,0,4,0,0,night,pa_3,E1,20.0,4,20.0,1,25.0,0.0,0,0,3,3,220.0,10,0,22.73,78,20.0,0.14,0.25,20.0,20.0,1.0,1.0,220.0,220.0,20.0,20.0,1.0,1.0
245.0,0,4,0,0,night,pa_3,E1,20.0,4,20.0,1,25.0,0.0,0,0,3,3,220.0,10,0,22.73,78,20.0,0.14,0.25,20.0,20.0,1.0,1.0,220.0,220.0,20.0,20.0,1.0,1.0
246.0,0,4,0,0,night,pa_3,E1,20.0,4,20.0,1,25.0,0.0,0,0,3,3,220.0,10,0,22.73,79,20.0,0.14,0.25,20.0,20.0,1.0,1.0,220.0,220.0,20.0,20.0,1.0,1.0
247.0,0,4,0,0,night,pa_3,E1,20.0,4,20.0,1,25.0,0.0,0,0,3,3,240.0,11,0,25.0,79,20.0,0.14,0.25,20.0,20.0,1.0,1.0,220.0,220.0,20.0,20.0,1.0,1.0
248.0,0,4,0,0,night,pa_3,E1,20.0,4,20.0,1,25.0,0.0,0,0,3,3,240.0,11,0,25.0,80,20.0,0.14,0.25,20.0,20.0,1.0,1.0,240.0,220.0,20.0,20.0,1.0,1.0
249.0,0,4,0,0,night,pa_3,E1,20.0,4,20.0,1,25.0,0.0,0,0,3,3,240.0,11,0,25.0,80,20.0,0.14,0.25,20.0,20.0,1.0,1.0,240.0,220.0,20.0,20.0,1.0,1.0
250.0,0,4,0,0,night,pa_3,E1,20.0,4,20.0,1,25.0,0.0,0,0,3,3,240.0,11,0,25.0,80,20.0,0.14,0.25,20.0,20.0,1.0,1.0,240.0,220.0,20.0,20.0,1.0,1.0
251.0,0,4,0,0,night,pa_3,E1,20.0,4,20.0,1,25.0,0.0,0,0,3,3,240.0,11,0,25.0,80,20.0,0.14,0.25,20.0,20.0,1.0,1.0,240.0,220.0,20.0,20.0,1.0,1.0
252.0,0,4,0,0,night,pa_3,E1,20.0,4,20.0,1,25.0,0.0,0,0,3,3,260.0,12,0,27.27,80,20.0,0.14,0.25,20.0,20.0,1.0,1.0,240.0,240.0,20.0,20.0,1.0,1.0
253.0,0,4,0,0,night,pa_3,E1,20.0,4,20.0,1,25.0,0.0,0,0,3,3,260.0,12,0,27.27,80,20.0,0.14,0.25,20.0,20.0,1.0,1.0,260.0,240.0,20.0,20.0,1.0,1.0
254.0,0,4,0,0,night,pa_3,E1,20.0,4,20.0,1,25.0,0.0,0,0,3,3,260.0,12,0,27.27,80,20.0,0.14,0.25,20.0,20.0,1.0,1.0,260.0,240.0,20.0,20.0,1.0,1.0
255.0,0,4,0,0,night,pa_3,E1,20.0,4,20.0,1,25.0,0.0,0,0,3,3,260.0,12,0,27.27,80,20.0,0.14,0.25,20.0,20.0,1.0,1.0,260.0,240.0,20.0,20.0,1.0,1.0
256.0,0,4,0,0,night,pa_3,E1,20.0,4,20.0,1,25.0,0.0,0,0,3,3,260.0,12,0,27.27,80,20.0,0.14,0.25,20.0,20.0,1.0,1.0,260.0,240.0,20.0,20.0,1.0,1.0
257.0,0,4,0,0,night,pa_3,E1,20.0,4,40.0,2,50.0,0.0,0,0,2,3,280.0,13,0,29.55,80,20.0,0.29,0.5,20.0,20.0,1.0,1.0,260.0,260.0,24.0,22.0,1.2,1.1
258.0,0,4,0,0,night,pa_3,E1,20.0,4,40.0,2,50.0,0.0,0,0,2,3,280.0,13,0,29.55,82,20.0,0.29,0.5,40.0,20.0,2.0,1.0,280.0,260.0,28.0,24.0,1.4,1.2
259.0,0,4,0,0,night,pa_3,E1,20.0,4,40.0,2,50.0,0.0,0,0,2,3,280.0,13,0,29.55,82,20.0,0.29,0.5,40.0,20.0,2.0,1.0,280.0,260.0,32.0,26.0,1.6,1.3
260.0,0,4,0,0,night,pa_3,E1,20.0,4,40.0,2,50.0,0.0,0,0,2,3,280.0,13,0,29.55,82,20.0,0.29,0.5,40.0,20.0,2.0,1.0,280.0,260.0,36.0,28.0,1.8,1.4
261.0,0,4,0,0,night,pa_3,E1,20.0,4,40.0,2,50.0,0.0,0,0,2,3,280.0,13,0,29.55,82,20.0,0.29,0.5,40.0,20.0,2.0,1.0,280.0,260.0,40.0,30.0,2.0,1.5
262.0,0,4,0,0,night,pa_3,E1,20.0,4,40.0,2,50.0,0.0,0,0,2,3,280.0,13,0,29.55,82,20.0,0.29,0.5,40.0,40.0,2.0,2.0,280.0,280.0,40.0,32.0,2.0,1.6
263.0,0,4,0,0,night,pa_3,E1,20.0,4,40.0,2,50.0,0.0,0,0,2,3,280.0,13,0,29.55,82,20.0,0.29,0.5,40.0,40.0,2.0,2.0,280.0,280.0,40.0,34.0,2.0,1.7
264.0,0,4,0,0,night,pa_3,E1,20.0,4,40.0,2,50.0,0.0,0,0,2,3,280.0,13,0,29.55,82,20.0,0.29,0.5,40.0,40.0,2.0,2.0,280.0,280.0,40.0,36.0,2.0,1.8
265.0,0,4,0,0,night,pa_3,E1,20.0,4,40.0,2,50.0,0.0,0,0,2,3,280.0,13,0,29.55,82,20.0,0.29,0.5,40.0,40.0,2.0,2.0,280.0,280.0,40.0,38.0,2.0,1.9
266.0,0,4,0,0,night,pa_3,E1,20.0,4,40.0,2,50.0,0.0,0,0,2,3,300.0,14,0,31.82,82,20.0,0.29,0.5,40.0,40.0,2.0,2.0,280.0,280.0,40.0,40.0,2.0,2.0
267.0,0,4,0,0,night,pa_3,E1,20.0,4,40.0,2,50.0,0.0,0,0,2,3,300.0,14,0,31.82,82,20.0,0.29,0.5,40.0,40.0,2.0,2.0,300.0,280.0,40.0,40.0,2.0,2.0
268.0,0,4,0,0,night,pa_3,E1,20.0,4,40.0,2,50.0,0.0,0,0,2,3,325.0,15,0,34.09,82,20.0,0.29,0.5,40.0,40.0,2.0,2.0,300.0,280.0,40.0,40.0,2.0,2.0
269.0,0,4,0,0,night,pa_3,E1,20.0,4,40.0,2,50.0,0.0,0,0,2,3,350.0,16,0,36.36,82,20.0,0.29,0.5,40.0,40.0,2.0,2.0,325.0,280.0,40.0,40.0,2.0,2.0
270.0,0,4,0,0,night,pa_3,E1,20.0,4,40.0,2,50.0,0.0,0,0,2,3,370.0,17,0,38.64,82,20.0,0.29,0.5,40.0,40.0,2.0,2.0,350.0,280.0,40.0,40.0,2.0,2.0
271.0,0,4,0,0,night,pa_3,E1,20.0,4,40.0,2,50.0,0.0,0,0,2,3,370.0,17,0,38.64,83,20.0,0.29,0.5,40.0,40.0,2.0,2.0,370.0,300.0,40.0,40.0,2.0,2.0
272.0,0,4,0,0,night,pa_3,E1,20.0,4,40.0,2,50.0,0.0,0,0,2,3,390.0,18,0,40.91,83,20.0,0.29,0.5,40.0,40.0,2.0,2.0,370.0,300.0,40.0,40.0,2.0,2.0
273.0,0,4,0,0,night,pa_3,E1,20.0,4,40.0,2,50.0,0.0,0,0,2,3,415.0,19,0,43.18,84,20.0,0.29,0.5,40.0,40.0,2.0,2.0,390.0,325.0,40.0,40.0,2.0,2.0
274.0,0,4,0,0,night,pa_3,E1,20.0,4,40.0,2,50.0,0.0,0,0,2,3,440.0,20,0,45.45,84,20.0,0.29,0.5,40.0,40.0,2.0,2.0,415.0,350.0,40.0,40.0,2.0,2.0
275.0,0,4,0,0,night,pa_3,E1,20.0,4,40.0,2,50.0,0.0,0,0,2,3,480.0,22,0,50.0,84,20.0,0.29,0.5,40.0,40.0,2.0,2.0,440.0,370.0,40.0,40.0,2.0,2.0
276.0,0,4,0,0,night,pa_3,E1,20.0,4,60.0,3,75.0,0.0,0,0,1,3,500.0,23,0,52.27,84,20.0,0.43,0.75,40.0,40.0,2.0,2.0,480.0,370.0,44.0,42.0,2.2,2.1
277.0,0,4,0,0,night,pa_3,E1,20.0,4,60.0,3,75.0,0.0,0,0,1,3,500.0,23,0,52.27,84,20.0,0.43,0.75,60.0,40.0,3.0,2.0,500.0,390.0,48.0,44.0,2.4,2.2
278.0,0,4,0,0,night,pa_3,E1,20.0,4,60.0,3,75.0,0.0,0,0,1,3,500.0,23,0,52.27,84,20.0,0.43,0.75,60.0,40.0,3.0,2.0,500.0,415.0,52.0,46.0,2.6,2.3
279.0,0,4,0,0,night,pa_3,E1,20.0,4,60.0,3,75.0,0.0,0,0,1,3,500.0,23,0,52.27,84,20.0,0.43,0.75,60.0,40.0,3.0,2.0,500.0,440.0,56.0,48.0,2.8,2.4
280.0,0,4,0,0,night,pa_3,E1,20.0,4,60.0,3,75.0,0.0,0,0,1,3,520.0,24,0,54.55,84,20.0,0.43,0.75,60.0,40.0,3.0,2.0,500.0,480.0,60.0,50.0,3.0,2.5
281.0,0,4,0,0,night,pa_3,E1,20.0,4,60.0,3,75.0,0.0,0,0,1,3,545.0,25,0,56.82,85,20.0,0.43,0.75,60.0,60.0,3.0,3.0,520.0,500.0,60.0,52.0,3.0,2.6
282.0,0,4,0,0,night,pa_3,E1,20.0,4,60.0,3,75.0,0.0,0,0,1,3,545.0,25,0,56.82,85,20.0,0.43,0.75,60.0,60.0,3.0,3.0,545.0,500.0,60.0,54.0,3.0,2.7
283.0,0,4,0,0,night,pa_3,E1,20.0,4,60.0,3,75.0,0.0,0,0,1,3,545.0,25,0,56.82,85,20.0,0.43,0.75,60.0,60.0,3.0,3.0,545.0,500.0,60.0,56.0,3.0,2.8
284.0,0,4,0,0,night,pa_3,E1,20.0,4,60.0,3,75.0,0.0,0,0,1,3,545.0,25,0,56.82,85,20.0,0.43,0.75,60.0,60.0,3.0,3.0,545.0,500.0,60.0,58.0,3.0,2.9
285.0,0,4,0,0,night,pa_3,E1,20.0,4,60.0,3,75.0,0.0,0,0,1,3,545.0,25,0,56.82,85,20.0,0.43,0.75,60.0,60.0,3.0,3.0,545.0,520.0,60.0,60.0,3.0,3.0
286.0,0,4,0,0,night,pa_3,E1,20.0,4,60.0,3,75.0,0.0,0,0,1,3,545.0,25,0,56.82,85,20.0,0.43,0.75,60.0,60.0,3.0,3.0,545.0,545.0,60.0,60.0,3.0,3.0
287.0,0,4,0,0,night,pa_3,E1,20.0,4,60.0,3,75.0,0.0,0,0,1,3,545.0,25,0,56.82,85,20.0,0.43,0.75,60.0,60.0,3.0,3.0,545.0,545.0,60.0,60.0,3.0,3.0
288.0,0,4,0,0,night,pa_3,E1,20.0,4,60.0,3,75.0,0.0,0,0,1,3,545.0,25,0,56.82,85,20.0,0.43,0.75,60.0,60.0,3.0,3.0,545.0,545.0,60.0,60.0,3.0,3.0
289.0,0,4,0,0,night,pa_3,E1,20.0,4,60.0,3,75.0,0.0,0,0,1,3,545.0,25,0,56.82,90,20.0,0.43,0.75,60.0,60.0,3.0,3.0,545.0,545.0,60.0,60.0,3.0,3.0
290.0,0,4,0,0,night,pa_3,E1,20.0,4,60.0,3,75.0,0.0,0,0,1,3,545.0,25,0,56.82,90,20.0,0.43,0.75,60.0,60.0,3.0,3.0,545.0,545.0,60.0,60.0,3.0,3.0
291.0,0,4,0,0,night,pa_3,E1,20.0,4,60.0,3,75.0,0.0,0,0,1,3,545.0,25,0,56.82,90,20.0,0.43,0.75,60.0,60.0,3.0,3.0,545.0,545.0,60.0,60.0,3.0,3.0
292.0,0,4,0,0,night,pa_3,E1,20.0,4,60.0,3,75.0,0.0,0,0,1,3,610.0,28,0,63.64,90,20.0,0.43,0.75,60.0,60.0,3.0,3.0,545.0,545.0,60.0,60.0,3.0,3.0
293.0,0,4,0,0,night,pa_3,E1,20.0,4,60.0,3,75.0,0.0,0,0,1,3,610.0,28,0,63.64,90,20.0,0.43,0.75,60.0,60.0,3.0,3.0,610.0,545.0,60.0,60.0,3.0,3.0
294.0,0,4,0,0,night,pa_3,E1,20.0,4,60.0,3,75.0,0.0,0,0,1,3,610.0,28,0,63.64,90,20.0,0.43,0.75,60.0,60.0,3.0,3.0,610.0,545.0,60.0,60.0,3.0,3.0
295.0,0,4,0,0,night,pa_3,E1,20.0,4,60.0,3,75.0,0.0,0,0,1,3,610.0,28,0,63.64,90,20.0,0.43,0.75,60.0,60.0,3.0,3.0,610.0,545.0,60.0,60.0,3.0,3.0
296.0,0,4,0,0,night,pa_3,E1,20.0,4,60.0,3,75.0,0.0,0,0,1,3,610.0,28,0,63.64,90,20.0,0.43,0.75,60.0,60.0,3.0,3.0,610.0,545.0,60.0,60.0,3.0,3.0
297.0,0,4,0,0,night,pa_3,E1,20.0,4,60.0,3,75.0,0.0,0,0,1,3,610.0,28,0,63.64,90,20.0,0.43,0.75,60.0,60.0,3.0,3.0,610.0,610.0,60.0,60.0,3.0,3.0
298.0,0,4,0,0,night,pa_3,E1,20.0,4,60.0,3,75.0,0.0,0,0,1,3,610.0,28,0,63.64,90,20.0,0.43,0.75,60.0,60.0,3.0,3.0,610.0,610.0,60.0,60.0,3.0,3.0
299.0,0,4,0,0,night,pa_3,E1,20.0,4,60.0,3,75.0,0.0,0,0,1,3,610.0,28,0,63.64,90,20.0,0.43,0.75,60.0,60.0,3.0,3.0,610.0,610.0,60.0,60.0,3.0,3.0
300.0,0,5,0,0,night,pa_3,E1,20.0,4,60.0,3,75.0,0.0,0,0,1,3,610.0,28,0,63.64,90,20.0,0.43,0.75,60.0,60.0,3.0,3.0,610.0,610.0,60.0,60.0,3.0,3.0
301.0,0,5,0,0,night,pa_3,E1,20.0,4,60.0,3,75.0,0.0,0,0,1,3,635.0,29,0,65.91,92,20.0,0.43,0.75,60.0,60.0,3.0,3.0,610.0,610.0,60.0,60.0,3.0,3.0
302.0,0,5,0,0,night,pa_3,E1,20.0,4,60.0,3,75.0,0.0,0,0,1,3,635.0,29,0,65.91,92,20.0,0.43,0.75,60.0,60.0,3.0,3.0,635.0,610.0,60.0,60.0,3.0,3.0
303.0,0,5,0,0,night,pa_3,E1,20.0,4,60.0,3,75.0,0.0,0,0,1,3,635.0,29,0,65.91,92,20.0,0.43,0.75,60.0,60.0,3.0,3.0,635.0,610.0,60.0,60.0,3.0,3.0
304.0,0,5,0,0,night,pa_3,E1,20.0,4,60.0,3,75.0,0.0,0,0,1,3,635.0,29,0,65.91,92,20.0,0.43,0.75,60.0,60.0,3.0,3.0,635.0,610.0,60.0,60.0,3.0,3.0
305.0,0,5,0,0,night,pa_3,E1,20.0,4,60.0,3,75.0,0.0,0,0,1,3,635.0,29,0,65.91,92,20.0,0.43,0.75,60.0,60.0,3.0,3.0,635.0,610.0,60.0,60.0,3.0,3.0
306.0,0,5,0,0,night,pa_3,E1,20.0,4,60.0,3,75.0,0.0,0,0,1,3,635.0,29,0,65.91,92,20.0,0.43,0.75,60.0,60.0,3.0,3.0,635.0,635.0,60.0,60.0,3.0,3.0
307.0,0,5,0,0,night,pa_3,E1,20.0,4,60.0,3,75.0,0.0,0,0,1,3,680.0,31,0,70.45,92,20.0,0.43,0.75,60.0,60.0,3.0,3.0,635.0,635.0,60.0,60.0,3.0,3.0
308.0,0,5,0,0,night,pa_3,E1,20.0,4,60.0,3,75.0,0.0,0,0,1,3,680.0,31,0,70.45,92,20.0,0.43,0.75,60.0,60.0,3.0,3.0,680.0,635.0,60.0,60.0,3.0,3.0
309.0,0,5,0,0,night,pa_3,E1,20.0,4,60.0,3,75.0,0.0,0,0,1,3,680.0,31,0,70.45,97,20.0,0.43,0.75,60.0,60.0,3.0,3.0,680.0,635.0,60.0,60.0,3.0,3.0
310.0,0,5,0,0,night,pa_3,E1,20.0,4,60.0,3,75.0,0.0,0,0,1,3,680.0,31,0,70.45,97,20.0,0.43,0.75,60.0,60.0,3.0,3.0,680.0,635.0,60.0,60.0,3.0,3.0
311.0,0,5,0,0,night,pa_3,E1,20.0,4,60.0,3,75.0,0.0,0,0,1,3,680.0,31,0,70.45,97,20.0,0.43,0.75,60.0,60.0,3.0,3.0,680.0,635.0,60.0,60.0,3.0,3.0
312.0,0,5,0,0,night,pa_3,E1,20.0,4,60.0,3,75.0,0.0,0,0,1,3,680.0,31,0,70.45,97,20.0,0.43,0.75,60.0,60.0,3.0,3.0,680.0,680.0,60.0,60.0,3.0,3.0
313.0,0,5,0,0,night,pa_3,E1,20.0,4,60.0,3,75.0,0.0,0,0,1,3,680.0,31,0,70.45,97,20.0,0.43,0.75,60.0,60.0,3.0,3.0,680.0,680.0,60.0,60.0,3.0,3.0
314.0,0,5,0,0,night,pa_3,E1,20.0,4,60.0,3,75.0,0.0,0,0,1,3,680.0,31,0,70.45,97,20.0,0.43,0.75,60.0,60.0,3.0,3.0,680.0,680.0,60.0,60.0,3.0,3.0
315.0,0,5,0,0,night,pa_3,E1,20.0,4,60.0,3,75.0,0.0,0,0,1,3,680.0,31,0,70.45,97,20.0,0.43,0.75,60.0,60.0,3.0,3.0,680.0,680.0,60.0,60.0,3.0,3.0
316.0,0,5,0,0,night,pa_3,E1,20.0,4,60.0,3,75.0,0.0,0,0,1,3,680.0,31,0,70.45,98,20.0,0.43,0.75,60.0,60.0,3.0,3.0,680.0,680.0,60.0,60.0,3.0,3.0
317.0,0,5,0,0,night,pa_3,E1,20.0,4,60.0,3,75.0,0.0,0,0,1,3,680.0,31,0,70.45,98,20.0,0.43,0.75,60.0,60.0,3.0,3.0,680.0,680.0,60.0,60.0,3.0,3.0
318.0,0,5,0,0,night,pa_3,E1,20.0,4,60.0,3,75.0,0.0,0,0,1,3,680.0,31,0,70.45,98,20.0,0.43,0.75,60.0,60.0,3.0,3.0,680.0,680.0,60.0,60.0,3.0,3.0
319.0,0,5,0,0,night,pa_3,E1,20.0,4,60.0,3,75.0,0.0,0,0,1,3,680.0,31,0,70.45,98,20.0,0.43,0.75,60.0,60.0,3.0,3.0,680.0,680.0,60.0,60.0,3.0,3.0
320.0,0,5,0,0,night,pa_3,E1,20.0,4,60.0,3,75.0,0.0,0,0,1,3,680.0,31,0,70.45,98,20.0,0.43,0.75,60.0,60.0,3.0,3.0,680.0,680.0,60.0,60.0,3.0,3.0
321.0,0,5,0,0,night,pa_3,E1,20.0,4,60.0,3,75.0,0.0,0,0,1,3,680.0,31,0,70.45,100,20.0,0.43,0.75,60.0,60.0,3.0,3.0,680.0,680.0,60.0,60.0,3.0,3.0
322.0,0,5,0,0,night,pa_3,E1,20.0,4,60.0,3,75.0,0.0,0,0,1,3,680.0,31,0,70.45,100,20.0,0.43,0.75,60.0,60.0,3.0,3.0,680.0,680.0,60.0,60.0,3.0,3.0
323.0,0,5,0,0,night,pa_3,E1,20.0,4,60.0,3,75.0,0.0,0,0,1,3,680.0,31,0,70.45,100,20.0,0.43,0.75,60.0,60.0,3.0,3.0,680.0,680.0,60.0,60.0,3.0,3.0
324.0,0,5,0,0,night,pa_3,E1,20.0,4,60.0,3,75.0,0.0,0,0,1,3,680.0,31,0,70.45,100,20.0,0.43,0.75,60.0,60.0,3.0,3.0,680.0,680.0,60.0,60.0,3.0,3.0
325.0,0,5,0,0,night,pa_3,E1,20.0,4,60.0,3,75.0,0.0,0,0,1,3,680.0,31,0,70.45,100,20.0,0.43,0.75,60.0,60.0,3.0,3.0,680.0,680.0,60.0,60.0,3.0,3.0
326.0,0,5,0,0,night,pa_3,E1,20.0,4,60.0,3,75.0,0.0,0,0,1,3,700.0,32,0,72.73,100,20.0,0.43,0.75,60.0,60.0,3.0,3.0,680.0,680.0,60.0,60.0,3.0,3.0
327.0,0,5,0,0,night,pa_3,E1,20.0,4,60.0,3,75.0,0.0,0,0,1,3,700.0,32,0,72.73,100,20.0,0.43,0.75,60.0,60.0,3.0,3.0,700.0,680.0,60.0,60.0,3.0,3.0
328.0,0,5,0,0,night,pa_3,E1,20.0,4,60.0,3,75.0,0.0,0,0,1,3,700.0,32,0,72.73,100,20.0,0.43,0.75,60.0,60.0,3.0,3.0,700.0,680.0,60.0,60.0,3.0,3.0
329.0,0,5,0,0,night,pa_3,E1,20.0,4,60.0,3,75.0,0.0,0,0,1,3,700.0,32,0,72.73,100,20.0,0.43,0.75,60.0,60.0,3.0,3.0,700.0,680.0,60.0,60.0,3.0,3.0
330.0,0,5,0,0,night,pa_3,E1,20.0,4,60.0,3,75.0,0.0,0,0,1,3,700.0,32,0,72.73,100,20.0,0.43,0.75,60.0,60.0,3.0,3.0,700.0,680.0,60.0,60.0,3.0,3.0
331.0,0,5,0,0,night,pa_3,E1,20.0,4,60.0,3,75.0,0.0,0,0,1,3,700.0,32,0,72.73,100,20.0,0.43,0.75,60.0,60.0,3.0,3.0,700.0,700.0,60.0,60.0,3.0,3.0
332.0,0,5,0,0,night,pa_3,E1,20.0,4,60.0,3,75.0,0.0,0,0,1,3,700.0,32,0,72.73,100,20.0,0.43,0.75,60.0,60.0,3.0,3.0,700.0,700.0,60.0,60.0,3.0,3.0
333.0,0,5,0,0,night,pa_3,E1,20.0,4,60.0,3,75.0,0.0,0,0,1,3,700.0,32,0,72.73,100,20.0,0.43,0.75,60.0,60.0,3.0,3.0,700.0,700.0,60.0,60.0,3.0,3.0
334.0,0,5,0,0,night,pa_3,E1,20.0,4,60.0,3,75.0,0.0,0,0,1,3,700.0,32,0,72.73,100,20.0,0.43,0.75,60.0,60.0,3.0,3.0,700.0,700.0,60.0,60.0,3.0,3.0
335.0,0,5,0,0,night,pa_3,E1,20.0,4,60.0,3,75.0,0.0,0,0,1,3,700.0,32,0,72.73,100,20.0,0.43,0.75,60.0,60.0,3.0,3.0,700.0,700.0,60.0,60.0,3.0,3.0
336.0,0,5,0,0,night,pa_3,E1,20.0,4,60.0,3,75.0,0.0,0,0,1,3,700.0,32,0,72.73,100,20.0,0.43,0.75,60.0,60.0,3.0,3.0,700.0,700.0,60.0,60.0,3.0,3.0
337.0,0,5,0,0,night,pa_3,E1,20.0,4,60.0,3,75.0,0.0,0,0,1,3,700.0,32,0,72.73,100,20.0,0.43,0.75,60.0,60.0,3.0,3.0,700.0,700.0,60.0,60.0,3.0,3.0
338.0,0,5,0,0,night,pa_3,E1,20.0,4,60.0,3,75.0,0.0,0,0,1,3,700.0,32,0,72.73,100,20.0,0.43,0.75,60.0,60.0,3.0,3.0,700.0,700.0,60.0,60.0,3.0,3.0
339.0,0,5,0,0,night,pa_3,E1,20.0,4,60.0,3,75.0,0.0,0,0,1,3,700.0,32,0,72.73,100,20.0,0.43,0.75,60.0,60.0,3.0,3.0,700.0,700.0,60.0,60.0,3.0,3.0
340.0,0,5,0,0,night,pa_3,E1,20.0,4,80.0,4,100.0,0.0,0,0,0,3,740.0,34,0,77.27,100,20.0,0.57,1.0,60.0,60.0,3.0,3.0,700.0,700.0,64.0,62.0,3.2,3.1
341.0,0,5,0,0,night,pa_3,E1,20.0,4,80.0,4,100.0,0.0,0,0,0,3,740.0,34,0,77.27,100,20.0,0.57,1.0,80.0,60.0,4.0,3.0,740.0,700.0,68.0,64.0,3.4,3.2
342.0,0,5,0,0,night,pa_3,E1,20.0,4,80.0,4,100.0,0.0,0,0,0,3,740.0,34,0,77.27,100,20.0,0.57,1.0,80.0,60.0,4.0,3.0,740.0,700.0,72.0,66.0,3.6,3.3
343.0,0,5,0,0,night,pa_3,E1,20.0,4,80.0,4,100.0,0.0,0,0,0,3,740.0,34,0,77.27,100,20.0,0.57,1.0,80.0,60.0,4.0,3.0,740.0,700.0,76.0,68.0,3.8,3.4
344.0,0,5,0,0,night,pa_3,E1,20.0,4,80.0,4,100.0,0.0,0,0,0,3,740.0,34,0,77.27,100,20.0,0.57,1.0,80.0,60.0,4.0,3.0,740.0,700.0,80.0,70.0,4.0,3.5
345.0,0,5,0,0,night,pa_3,E1,20.0,4,80.0,4,100.0,0.0,0,0,0,3,740.0,34,0,77.27,100,20.0,0.57,1.0,80.0,80.0,4.0,4.0,740.0,740.0,80.0,72.0,4.0,3.6
346.0,0,5,0,0,night,pa_3,E1,20.0,4,80.0,4,100.0,0.0,0,0,0,3,740.0,34,0,77.27,100,20.0,0.57,1.0,80.0,80.0,4.0,4.0,740.0,740.0,80.0,74.0,4.0,3.7
347.0,0,5,0,0,night,pa_3,E1,20.0,4,80.0,4,100.0,0.0,0,0,0,3,740.0,34,0,77.27,100,20.0,0.57,1.0,80.0,80.0,4.0,4.0,740.0,740.0,80.0,76.0,4.0,3.8
348.0,0,5,0,0,night,pa_3,E1,20.0,4,80.0,4,100.0,0.0,0,0,0,3,740.0,34,0,77.27,100,20.0,0.57,1.0,80.0,80.0,4.0,4.0,740.0,740.0,80.0,78.0,4.0,3.9
349.0,0,5,0,0,night,pa_3,E1,20.0,4,80.0,4,100.0,0.0,0,0,0,3,740.0,34,0,77.27,100,20.0,0.57,1.0,80.0,80.0,4.0,4.0,740.0,740.0,80.0,80.0,4.0,4.0
350.0,0,5,0,0,night,pa_3,E1,20.0,4,80.0,4,100.0,0.0,0,0,0,3,740.0,34,0,77.27,100,20.0,0.57,1.0,80.0,80.0,4.0,4.0,740.0,740.0,80.0,80.0,4.0,4.0
351.0,0,5,0,0,night,pa_3,E1,20.0,4,80.0,4,100.0,0.0,0,0,0,3,740.0,34,0,77.27,100,20.0,0.57,1.0,80.0,80.0,4.0,4.0,740.0,740.0,80.0,80.0,4.0,4.0
352.0,0,5,0,0,night,pa_3,E1,20.0,4,80.0,4,100.0,0.0,0,0,0,3,740.0,34,0,77.27,100,20.0,0.57,1.0,80.0,80.0,4.0,4.0,740.0,740.0,80.0,80.0,4.0,4.0
353.0,0,5,0,0,night,pa_3,E1,20.0,4,80.0,4,100.0,0.0,0,0,0,3,740.0,34,0,77.27,100,20.0,0.57,1.0,80.0,80.0,4.0,4.0,740.0,740.0,80.0,80.0,4.0,4.0
354.0,0,5,0,0,night,pa_3,E1,20.0,4,80.0,4,100.0,0.0,0,0,0,3,740.0,34,0,77.27,100,20.0,0.57,1.0,80.0,80.0,4.0,4.0,740.0,740.0,80.0,80.0,4.0,4.0
355.0,0,5,0,0,night,pa_3,E1,20.0,4,80.0,4,100.0,0.0,0,0,0,3,740.0,34,0,77.27,100,20.0,0.57,1.0,80.0,80.0,4.0,4.0,740.0,740.0,80.0,80.0,4.0,4.0
356.0,0,5,0,0,night,pa_3,E1,20.0,4,80.0,4,100.0,0.0,0,0,0,3,740.0,34,0,77.27,100,20.0,0.57,1.0,80.0,80.0,4.0,4.0,740.0,740.0,80.0,80.0,4.0,4.0
357.0,0,5,0,0,night,pa_3,E1,20.0,4,80.0,4,100.0,0.0,0,0,0,3,740.0,34,0,77.27,100,20.0,0.57,1.0,80.0,80.0,4.0,4.0,740.0,740.0,80.0,80.0,4.0,4.0
358.0,0,5,0,0,night,pa_3,E1,20.0,4,80.0,4,100.0,0.0,0,0,0,3,740.0,34,0,77.27,100,20.0,0.57,1.0,80.0,80.0,4.0,4.0,740.0,740.0,80.0,80.0,4.0,4.0
359.0,0,5,0,0,night,pa_3,E1,20.0,4,80.0,4,100.0,0.0,0,0,0,3,765.0,35,0,79.55,100,20.0,0.57,1.0,80.0,80.0,4.0,4.0,740.0,740.0,80.0,80.0,4.0,4.0
360.0,0,6,0,0,night,pa_3,E1,20.0,4,80.0,4,100.0,0.0,0,0,0,3,790.0,36,0,81.82,100,20.0,0.57,1.0,80.0,80.0,4.0,4.0,765.0,740.0,80.0,80.0,4.0,4.0
361.0,0,6,0,0,night,pa_3,E1,20.0,4,80.0,4,100.0,0.0,0,0,0,3,790.0,36,0,81.82,107,20.0,0.57,1.0,80.0,80.0,4.0,4.0,790.0,740.0,80.0,80.0,4.0,4.0
362.0,0,6,0,0,night,pa_3,E1,20.0,4,80.0,4,100.0,0.0,0,0,0,3,790.0,36,0,81.82,107,20.0,0.57,1.0,80.0,80.0,4.0,4.0,790.0,740.0,80.0,80.0,4.0,4.0
363.0,0,6,0,0,night,pa_3,E1,20.0,4,80.0,4,100.0,0.0,0,0,0,3,810.0,37,0,84.09,109,20.0,0.57,1.0,80.0,80.0,4.0,4.0,790.0,740.0,80.0,80.0,4.0,4.0
364.0,0,6,0,0,night,pa_3,E1,20.0,4,80.0,4,100.0,0.0,0,0,0,3,810.0,37,0,84.09,110,20.0,0.57,1.0,80.0,80.0,4.0,4.0,810.0,765.0,80.0,80.0,4.0,4.0
365.0,0,6,0,0,night,pa_3,E1,20.0,4,80.0,4,100.0,0.0,0,0,0,3,810.0,37,0,84.09,110,20.0,0.57,1.0,80.0,80.0,4.0,4.0,810.0,790.0,80.0,80.0,4.0,4.0
366.0,0,6,0,0,night,pa_3,E1,20.0,4,80.0,4,100.0,0.0,0,0,0,3,830.0,38,0,86.36,111,20.0,0.57,1.0,80.0,80.0,4.0,4.0,810.0,790.0,80.0,80.0,4.0,4.0
367.0,0,6,0,0,night,pa_3,E1,20.0,4,80.0,4,100.0,0.0,0,0,0,3,855.0,39,0,88.64,112,20.0,0.57,1.0,80.0,80.0,4.0,4.0,830.0,790.0,80.0,80.0,4.0,4.0
368.0,0,6,0,0,night,pa_3,E1,20.0,4,80.0,4,100.0,0.0,0,0,0,3,855.0,39,0,88.64,111,20.0,0.57,1.0,80.0,80.0,4.0,4.0,855.0,810.0,80.0,80.0,4.0,4.0
369.0,0,6,0,0,night,pa_3,E1,20.0,4,80.0,4,100.0,0.0,0,0,0,3,855.0,39,0,88.64,111,20.0,0.57,1.0,80.0,80.0,4.0,4.0,855.0,810.0,80.0,80.0,4.0,4.0
370.0,0,6,0,0,night,pa_3,E1,20.0,4,80.0,4,100.0,0.0,0,0,0,3,855.0,39,0,88.64,112,20.0,0.57,1.0,80.0,80.0,4.0,4.0,855.0,810.0,80.0,80.0,4.0,4.0
371.0,0,6,0,0,night,pa_3,E1,20.0,4,80.0,4,100.0,0.0,0,0,0,3,880.0,40,1,90.91,111,20.0,0.57,1.0,80.0,80.0,4.0,4.0,855.0,830.0,80.0,80.0,4.0,4.0
372.0,0,6,0,0,night,pa_3,E1,20.0,4,80.0,4,100.0,0.0,0,0,0,3,880.0,40,1,90.91,112,20.0,0.57,1.0,80.0,80.0,4.0,4.0,880.0,855.0,80.0,80.0,4.0,4.0
373.0,0,6,0,0,night,pa_3,E1,20.0,4,80.0,4,100.0,0.0,0,0,0,3,880.0,40,1,90.91,112,20.0,0.57,1.0,80.0,80.0,4.0,4.0,880.0,855.0,80.0,80.0,4.0,4.0
374.0,0,6,0,0,night,pa_3,E1,20.0,4,80.0,4,100.0,0.0,0,0,0,3,880.0,40,2,90.91,112,20.0,0.57,1.0,80.0,80.0,4.0,4.0,880.0,855.0,80.0,80.0,4.0,4.0
375.0,0,6,0,0,night,pa_3,E1,20.0,4,80.0,4,100.0,0.0,0,0,0,3,880.0,40,2,90.91,112,20.0,0.57,1.0,80.0,80.0,4.0,4.0,880.0,855.0,80.0,80.0,4.0,4.0
376.0,0,6,0,0,night,pa_3,E1,20.0,4,80.0,4,100.0,0.0,0,0,0,3,880.0,40,2,90.91,113,20.0,0.57,1.0,80.0,80.0,4.0,4.0,880.0,880.0,80.0,80.0,4.0,4.0
377.0,0,6,0,0,night,pa_3,E1,20.0,4,80.0,4,100.0,0.0,0,0,0,3,880.0,40,2,90.91,113,20.0,0.57,1.0,80.0,80.0,4.0,4.0,880.0,880.0,80.0,80.0,4.0,4.0
378.0,0,6,0,0,night,pa_3,E1,20.0,4,80.0,4,100.0,0.0,0,0,0,3,880.0,40,2,90.91,112,20.0,0.57,1.0,80.0,80.0,4.0,4.0,880.0,880.0,80.0,80.0,4.0,4.0
379.0,0,6,0,0,night,pa_3,E1,20.0,4,80.0,4,100.0,0.0,0,0,0,3,880.0,40,2,90.91,112,20.0,0.57,1.0,80.0,80.0,4.0,4.0,880.0,880.0,80.0,80.0,4.0,4.0
380.0,0,6,0,0,night,pa_3,E1,20.0,4,80.0,4,100.0,0.0,0,0,0,3,880.0,40,2,90.91,112,20.0,0.57,1.0,80.0,80.0,4.0,4.0,880.0,880.0,80.0,80.0,4.0,4.0
381.0,0,6,0,0,night,pa_3,E1,20.0,4,80.0,4,100.0,0.0,0,0,0,3,880.0,40,2,90.91,112,20.0,0.57,1.0,80.0,80.0,4.0,4.0,880.0,880.0,80.0,80.0,4.0,4.0
382.0,0,6,0,0,night,pa_3,E1,20.0,4,80.0,4,100.0,0.0,0,0,0,3,880.0,40,2,90.91,112,20.0,0.57,1.0,80.0,80.0,4.0,4.0,880.0,880.0,80.0,80.0,4.0,4.0
383.0,0,6,0,0,night,pa_3,E1,20.0,4,80.0,4,100.0,0.0,0,0,0,3,880.0,40,2,90.91,112,20.0,0.57,1.0,80.0,80.0,4.0,4.0,880.0,880.0,80.0,80.0,4.0,4.0
384.0,0,6,0,0,night,pa_3,E1,20.0,4,80.0,4,100.0,0.0,0,0,0,3,880.0,40,2,90.91,112,20.0,0.57,1.0,80.0,80.0,4.0,4.0,880.0,880.0,80.0,80.0,4.0,4.0
385.0,0,6,0,0,night,pa_3,E1,20.0,4,80.0,4,100.0,0.0,0,0,0,3,880.0,40,2,90.91,112,20.0,0.57,1.0,80.0,80.0,4.0,4.0,880.0,880.0,80.0,80.0,4.0,4.0
386.0,0,6,0,0,night,pa_3,E1,20.0,4,80.0,4,100.0,0.0,0,0,0,3,880.0,40,2,90.91,111,20.0,0.57,1.0,80.0,80.0,4.0,4.0,880.0,880.0,80.0,80.0,4.0,4.0
387.0,0,6,0,0,night,pa_3,E1,20.0,4,80.0,4,100.0,0.0,0,0,0,3,880.0,40,2,90.91,111,20.0,0.57,1.0,80.0,80.0,4.0,4.0,880.0,880.0,80.0,80.0,4.0,4.0
388.0,0,6,0,0,night,pa_3,E1,20.0,4,80.0,4,100.0,33.33,1,1,0,2,880.0,40,3,90.91,110,20.0,0.71,1.0,80.0,80.0,4.0,4.0,880.0,880.0,80.0,80.0,4.0,4.0
389.0,0,6,0,0,night,pa_3,E1,20.0,4,80.0,4,100.0,33.33,1,1,0,2,880.0,40,4,90.91,110,20.0,0.71,1.0,80.0,80.0,4.0,4.0,880.0,880.0,80.0,80.0,4.0,4.0
390.0,0,6,0,0,night,pa_3,E1,20.0,4,80.0,4,100.0,33.33,1,1,0,2,880.0,40,4,90.91,110,20.0,0.71,1.0,80.0,80.0,4.0,4.0,880.0,880.0,80.0,80.0,4.0,4.0
391.0,0,6,0,0,night,pa_3,E1,20.0,4,80.0,4,100.0,33.33,1,1,0,2,880.0,40,4,90.91,109,20.0,0.71,1.0,80.0,80.0,4.0,4.0,880.0,880.0,80.0,80.0,4.0,4.0
392.0,0,6,0,0,night,pa_3,E1,20.0,4,80.0,4,100.0,33.33,1,1,0,2,880.0,40,4,90.91,108,20.0,0.71,1.0,80.0,80.0,4.0,4.0,880.0,880.0,80.0,80.0,4.0,4.0
393.0,0,6,0,0,night,pa_3,E1,20.0,4,80.0,4,100.0,33.33,1,1,0,2,930.0,42,4,95.45,107,20.0,0.71,1.0,80.0,80.0,4.0,4.0,880.0,880.0,80.0,80.0,4.0,4.0
394.0,0,6,0,0,night,pa_3,E1,20.0,4,80.0,4,100.0,33.33,1,1,0,2,930.0,42,4,95.45,107,20.0,0.71,1.0,80.0,80.0,4.0,4.0,930.0,880.0,80.0,80.0,4.0,4.0
395.0,0,6,0,0,night,pa_3,E1,20.0,4,80.0,4,100.0,33.33,1,1,0,2,930.0,42,4,95.45,106,20.0,0.71,1.0,80.0,80.0,4.0,4.0,930.0,880.0,80.0,80.0,4.0,4.0
396.0,0,6,0,0,night,pa_3,E1,20.0,4,80.0,4,100.0,33.33,1,1,0,2,930.0,42,4,95.45,106,20.0,0.71,1.0,80.0,80.0,4.0,4.0,930.0,880.0,80.0,80.0,4.0,4.0
397.0,0,6,0,0,night,pa_3,E1,20.0,4,80.0,4,100.0,33.33,1,1,0,2,930.0,42,4,95.45,106,20.0,0.71,1.0,80.0,80.0,4.0,4.0,930.0,880.0,80.0,80.0,4.0,4.0
398.0,0,6,0,0,night,pa_3,E1,20.0,4,80.0,4,100.0,33.33,1,1,0,2,930.0,42,5,95.45,106,20.0,0.71,1.0,80.0,80.0,4.0,4.0,930.0,930.0,80.0,80.0,4.0,4.0
399.0,0,6,0,0,night,pa_3,E1,20.0,4,80.0,4,100.0,33.33,1,1,0,2,930.0,42,5,95.45,106,20.0,0.71,1.0,80.0,80.0,4.0,4.0,930.0,930.0,80.0,80.0,4.0,4.0
400.0,0,6,0,0,night,pa_3,E1,20.0,4,80.0,4,100.0,33.33,1,1,0,2,930.0,42,5,95.45,106,20.0,0.71,1.0,80.0,80.0,4.0,4.0,930.0,930.0,80.0,80.0,4.0,4.0
401.0,0,6,0,0,night,pa_3,E1,20.0,4,80.0,4,100.0,33.33,1,1,0,2,930.0,42,5,95.45,108,20.0,0.71,1.0,80.0,80.0,4.0,4.0,930.0,930.0,80.0,80.0,4.0,4.0
402.0,0,6,0,0,night,pa_3,E1,20.0,4,80.0,4,100.0,33.33,1,1,0,2,930.0,42,5,95.45,107,20.0,0.71,1.0,80.0,80.0,4.0,4.0,930.0,930.0,80.0,80.0,4.0,4.0
403.0,0,6,0,0,night,pa_3,E1,20.0,4,80.0,4,100.0,33.33,1,1,0,2,930.0,42,5,95.45,107,20.0,0.71,1.0,80.0,80.0,4.0,4.0,930.0,930.0,80.0,80.0,4.0,4.0
404.0,0,6,0,0,night,pa_3,E1,20.0,4,80.0,4,100.0,33.33,1,1,0,2,930.0,42,5,95.45,107,20.0,0.71,1.0,80.0,80.0,4.0,4.0,930.0,930.0,80.0,80.0,4.0,4.0
405.0,0,6,0,0,night,pa_3,E1,20.0,4,80.0,4,100.0,33.33,1,1,0,2,930.0,42,5,95.45,107,20.0,0.71,1.0,80.0,80.0,4.0,4.0,930.0,930.0,80.0,80.0,4.0,4.0
406.0,0,6,0,0,night,pa_3,E1,20.0,4,80.0,4,100.0,33.33,1,1,0,2,930.0,42,5,95.45,108,20.0,0.71,1.0,80.0,80.0,4.0,4.0,930.0,930.0,80.0,80.0,4.0,4.0
407.0,0,6,0,0,night,pa_3,E1,20.0,4,80.0,4,100.0,33.33,1,1,0,2,930.0,42,5,95.45,108,20.0,0.71,1.0,80.0,80.0,4.0,4.0,930.0,930.0,80.0,80.0,4.0,4.0
408.0,0,6,0,0,night,pa_3,E1,20.0,4,80.0,4,100.0,33.33,1,1,0,2,930.0,42,5,95.45,108,20.0,0.71,1.0,80.0,80.0,4.0,4.0,930.0,930.0,80.0,80.0,4.0,4.0
409.0,0,6,0,0,night,pa_3,E1,20.0,4,80.0,4,100.0,33.33,1,1,0,2,930.0,42,5,95.45,108,20.0,0.71,1.0,80.0,80.0,4.0,4.0,930.0,930.0,80.0,80.0,4.0,4.0
410.0,0,6,0,0,night,pa_3,E1,20.0,4,80.0,4,100.0,33.33,1,1,0,2,930.0,42,5,95.45,108,20.0,0.71,1.0,80.0,80.0,4.0,4.0,930.0,930.0,80.0,80.0,4.0,4.0
411.0,0,6,0,0,night,pa_3,E1,20.0,4,80.0,4,100.0,33.33,1,1,0,2,930.0,42,5,95.45,107,20.0,0.71,1.0,80.0,80.0,4.0,4.0,930.0,930.0,80.0,80.0,4.0,4.0
412.0,0,6,0,0,night,pa_3,E1,20.0,4,80.0,4,100.0,33.33,1,1,0,2,930.0,42,5,95.45,112,20.0,0.71,1.0,80.0,80.0,4.0,4.0,930.0,930.0,80.0,80.0,4.0,4.0
413.0,0,6,0,0,night,pa_3,E1,20.0,4,80.0,4,100.0,33.33,1,1,0,2,930.0,42,5,95.45,112,20.0,0.71,1.0,80.0,80.0,4.0,4.0,930.0,930.0,80.0,80.0,4.0,4.0
414.0,0,6,0,0,night,pa_3,E1,20.0,4,80.0,4,100.0,33.33,1,1,0,2,930.0,42,5,95.45,112,20.0,0.71,1.0,80.0,80.0,4.0,4.0,930.0,930.0,80.0,80.0,4.0,4.0
415.0,0,6,0,0,night,pa_3,E1,20.0,4,80.0,4,100.0,33.33,1,1,0,2,930.0,42,5,95.45,112,20.0,0.71,1.0,80.0,80.0,4.0,4.0,930.0,930.0,80.0,80.0,4.0,4.0
416.0,0,6,0,0,night,pa_3,E1,20.0,4,80.0,4,100.0,33.33,1,1,0,2,930.0,42,5,95.45,112,20.0,0.71,1.0,80.0,80.0,4.0,4.0,930.0,930.0,80.0,80.0,4.0,4.0
417.0,0,6,0,0,night,pa_3,E1,20.0,4,80.0,4,100.0,33.33,1,1,0,2,930.0,42,5,95.45,112,20.0,0.71,1.0,80.0,80.0,4.0,4.0,930.0,930.0,80.0,80.0,4.0,4.0
418.0,0,6,0,0,night,pa_3,E1,20.0,4,80.0,4,100.0,33.33,1,1,0,2,930.0,42,5,95.45,112,20.0,0.71,1.0,80.0,80.0,4.0,4.0,930.0,930.0,80.0,80.0,4.0,4.0
419.0,0,6,0,0,night,pa_3,E1,20.0,4,80.0,4,100.0,33.33,1,1,0,2,930.0,42,5,95.45,110,20.0,0.71,1.0,80.0,80.0,4.0,4.0,930.0,930.0,80.0,80.0,4.0,4.0
420.0,0,7,0,0,night,pa_3,E1,20.0,4,80.0,4,100.0,33.33,1,1,0,2,930.0,42,6,95.45,110,20.0,0.71,1.0,80.0,80.0,4.0,4.0,930.0,930.0,80.0,80.0,4.0,4.0
421.0,0,7,0,0,night,pa_3,E1,20.0,4,80.0,4,100.0,33.33,1,1,0,2,930.0,42,6,95.45,112,20.0,0.71,1.0,80.0,80.0,4.0,4.0,930.0,930.0,80.0,80.0,4.0,4.0
422.0,0,7,0,0,night,pa_3,E1,20.0,4,80.0,4,100.0,33.33,1,1,0,2,930.0,42,6,95.45,112,20.0,0.71,1.0,80.0,80.0,4.0,4.0,930.0,930.0,80.0,80.0,4.0,4.0
423.0,0,7,0,0,night,pa_3,E1,20.0,4,80.0,4,100.0,33.33,1,1,0,2,955.0,43,6,97.73,112,20.0,0.71,1.0,80.0,80.0,4.0,4.0,930.0,930.0,80.0,80.0,4.0,4.0
424.0,0,7,0,0,night,pa_3,E1,20.0,4,80.0,4,100.0,33.33,1,1,0,2,955.0,43,6,97.73,112,20.0,0.71,1.0,80.0,80.0,4.0,4.0,955.0,930.0,80.0,80.0,4.0,4.0
425.0,0,7,0,0,night,pa_3,E1,20.0,4,80.0,4,100.0,33.33,1,1,0,2,955.0,43,6,97.73,112,20.0,0.71,1.0,80.0,80.0,4.0,4.0,955.0,930.0,80.0,80.0,4.0,4.0
426.0,0,7,0,0,night,pa_3,E1,20.0,4,80.0,4,100.0,33.33,1,1,0,2,980.0,44,6,100.0,112,20.0,0.71,1.0,80.0,80.0,4.0,4.0,955.0,930.0,80.0,80.0,4.0,4.0
427.0,0,7,0,0,night,pa_3,E1,20.0,4,80.0,4,100.0,33.33,1,1,0,2,980.0,44,6,100.0,112,20.0,0.71,1.0,80.0,80.0,4.0,4.0,980.0,930.0,80.0,80.0,4.0,4.0
428.0,0,7,0,0,night,pa_3,E1,20.0,4,80.0,4,100.0,33.33,1,1,0,2,980.0,44,6,100.0,112,20.0,0.71,1.0,80.0,80.0,4.0,4.0,980.0,955.0,80.0,80.0,4.0,4.0
429.0,0,7,0,0,night,pa_3,E1,20.0,4,80.0,4,100.0,33.33,1,1,0,2,980.0,44,6,100.0,112,20.0,0.71,1.0,80.0,80.0,4.0,4.0,980.0,955.0,80.0,80.0,4.0,4.0
430.0,0,7,0,0,night,pa_3,E1,20.0,4,80.0,4,100.0,33.33,1,1,0,2,980.0,44,6,100.0,112,20.0,0.71,1.0,80.0,80.0,4.0,4.0,980.0,955.0,80.0,80.0,4.0,4.0
431.0,0,7,0,0,night,pa_3,E1,20.0,4,80.0,4,100.0,33.33,1,1,0,2,980.0,44,6,100.0,112,20.0,0.71,1.0,80.0,80.0,4.0,4.0,980.0,980.0,80.0,80.0,4.0,4.0
432.0,0,7,0,0,night,pa_3,E1,20.0,4,80.0,4,100.0,33.33,1,1,0,2,980.0,44,6,100.0,112,20.0,0.71,1.0,80.0,80.0,4.0,4.0,980.0,980.0,80.0,80.0,4.0,4.0
433.0,0,7,0,0,night,pa_3,E1,20.0,4,80.0,4,100.0,33.33,1,1,0,2,980.0,44,8,100.0,117,20.0,0.71,1.0,80.0,80.0,4.0,4.0,980.0,980.0,80.0,80.0,4.0,4.0
434.0,0,7,0,0,night,pa_3,E1,20.0,4,80.0,4,100.0,33.33,1,1,0,2,980.0,44,8,100.0,117,20.0,0.71,1.0,80.0,80.0,4.0,4.0,980.0,980.0,80.0,80.0,4.0,4.0
435.0,0,7,0,0,night,pa_3,E1,20.0,4,80.0,4,100.0,33.33,1,1,0,2,980.0,44,8,100.0,117,20.0,0.71,1.0,80.0,80.0,4.0,4.0,980.0,980.0,80.0,80.0,4.0,4.0
436.0,0,7,0,0,night,pa_3,E1,20.0,4,80.0,4,100.0,33.33,1,1,0,2,980.0,44,8,100.0,117,20.0,0.71,1.0,80.0,80.0,4.0,4.0,980.0,980.0,80.0,80.0,4.0,4.0
437.0,0,7,0,0,night,pa_3,E1,20.0,4,80.0,4,100.0,33.33,1,1,0,2,980.0,44,8,100.0,117,20.0,0.71,1.0,80.0,80.0,4.0,4.0,980.0,980.0,80.0,80.0,4.0,4.0
438.0,0,7,0,0,night,pa_3,E1,20.0,4,80.0,4,100.0,33.33,1,1,0,2,980.0,44,8,100.0,117,20.0,0.71,1.0,80.0,80.0,4.0,4.0,980.0,980.0,80.0,80.0,4.0,4.0
439.0,0,7,0,0,night,pa_3,E1,20.0,4,80.0,4,100.0,33.33,1,1,0,2,980.0,44,8,100.0,117,20.0,0.71,1.0,80.0,80.0,4.0,4.0,980.0,980.0,80.0,80.0,4.0,4.0
440.0,0,7,0,0,night,pa_3,E1,20.0,4,80.0,4,100.0,33.33,1,1,0,2,980.0,44,8,100.0,117,20.0,0.71,1.0,80.0,80.0,4.0,4.0,980.0,980.0,80.0,80.0,4.0,4.0
441.0,0,7,0,0,night,pa_3,E1,20.0,4,80.0,4,100.0,33.33,1,1,0,2,980.0,44,8,100.0,117,20.0,0.71,1.0,80.0,80.0,4.0,4.0,980.0,980.0,80.0,80.0,4.0,4.0
442.0,0,7,0,0,night,pa_3,E1,20.0,4,80.0,4,100.0,66.67,2,2,0,1,980.0,44,9,100.0,117,20.0,0.86,1.0,80.0,80.0,4.0,4.0,980.0,980.0,80.0,80.0,4.0,4.0
443.0,0,7,0,0,night,pa_3,E1,20.0,4,80.0,4,100.0,66.67,2,2,0,1,980.0,44,9,100.0,116,20.0,0.86,1.0,80.0,80.0,4.0,4.0,980.0,980.0,80.0,80.0,4.0,4.0
444.0,0,7,0,0,night,pa_3,E1,20.0,4,80.0,4,100.0,66.67,2,2,0,1,980.0,44,9,100.0,116,20.0,0.86,1.0,80.0,80.0,4.0,4.0,980.0,980.0,80.0,80.0,4.0,4.0
445.0,0,7,0,0,night,pa_3,E1,20.0,4,80.0,4,100.0,66.67,2,2,0,1,980.0,44,10,100.0,116,20.0,0.86,1.0,80.0,80.0,4.0,4.0,980.0,980.0,80.0,80.0,4.0,4.0
446.0,0,7,0,0,night,pa_3,E1,20.0,4,80.0,4,100.0,66.67,2,2,0,1,980.0,44,10,100.0,114,20.0,0.86,1.0,80.0,80.0,4.0,4.0,980.0,980.0,80.0,80.0,4.0,4.0
447.0,0,7,0,0,night,pa_3,E1,20.0,4,80.0,4,100.0,66.67,2,2,0,1,980.0,44,10,100.0,113,20.0,0.86,1.0,80.0,80.0,4.0,4.0,980.0,980.0,80.0,80.0,4.0,4.0
448.0,0,7,0,0,night,pa_3,E1,20.0,4,80.0,4,100.0,66.67,2,2,0,1,980.0,44,10,100.0,113,20.0,0.86,1.0,80.0,80.0,4.0,4.0,980.0,980.0,80.0,80.0,4.0,4.0
449.0,0,7,0,0,night,pa_3,E1,20.0,4,80.0,4,100.0,66.67,2,2,0,1,980.0,44,10,100.0,113,20.0,0.86,1.0,80.0,80.0,4.0,4.0,980.0,980.0,80.0,80.0,4.0,4.0
450.0,0,7,0,0,night,pa_3,E1,20.0,4,80.0,4,100.0,66.67,2,2,0,1,980.0,44,10,100.0,113,20.0,0.86,1.0,80.0,80.0,4.0,4.0,980.0,980.0,80.0,80.0,4.0,4.0
451.0,0,7,0,0,night,pa_3,E1,20.0,4,80.0,4,100.0,66.67,2,2,0,1,980.0,44,10,100.0,113,20.0,0.86,1.0,80.0,80.0,4.0,4.0,980.0,980.0,80.0,80.0,4.0,4.0
452.0,0,7,0,0,night,pa_3,E1,20.0,4,80.0,4,100.0,66.67,2,2,0,1,980.0,44,11,100.0,113,20.0,0.86,1.0,80.0,80.0,4.0,4.0,980.0,980.0,80.0,80.0,4.0,4.0
453.0,0,7,0,0,night,pa_3,E1,20.0,4,80.0,4,100.0,66.67,2,2,0,1,980.0,44,11,100.0,114,20.0,0.86,1.0,80.0,80.0,4.0,4.0,980.0,980.0,80.0,80.0,4.0,4.0
454.0,0,7,0,0,night,pa_3,E1,20.0,4,80.0,4,100.0,66.67,2,2,0,1,980.0,44,11,100.0,114,20.0,0.86,1.0,80.0,80.0,4.0,4.0,980.0,980.0,80.0,80.0,4.0,4.0
455.0,0,7,0,0,night,pa_3,E1,20.0,4,80.0,4,100.0,66.67,2,2,0,1,980.0,44,11,100.0,114,20.0,0.86,1.0,80.0,80.0,4.0,4.0,980.0,980.0,80.0,80.0,4.0,4.0
456.0,0,7,0,0,night,pa_3,E1,20.0,4,80.0,4,100.0,66.67,2,2,0,1,980.0,44,12,100.0,114,20.0,0.86,1.0,80.0,80.0,4.0,4.0,980.0,980.0,80.0,80.0,4.0,4.0
457.0,0,7,0,0,night,pa_3,E1,20.0,4,80.0,4,100.0,66.67,2,2,0,1,980.0,44,14,100.0,114,20.0,0.86,1.0,80.0,80.0,4.0,4.0,980.0,980.0,80.0,80.0,4.0,4.0
458.0,0,7,0,0,night,pa_3,E1,20.0,4,80.0,4,100.0,66.67,2,2,0,1,980.0,44,15,100.0,113,20.0,0.86,1.0,80.0,80.0,4.0,4.0,980.0,980.0,80.0,80.0,4.0,4.0
459.0,0,7,0,0,night,pa_3,E1,20.0,4,80.0,4,100.0,66.67,2,2,0,1,980.0,44,15,100.0,112,20.0,0.86,1.0,80.0,80.0,4.0,4.0,980.0,980.0,80.0,80.0,4.0,4.0
460.0,0,7,0,0,night,pa_3,E1,20.0,4,80.0,4,100.0,66.67,2,2,0,1,980.0,44,15,100.0,112,20.0,0.86,1.0,80.0,80.0,4.0,4.0,980.0,980.0,80.0,80.0,4.0,4.0
461.0,0,7,0,0,night,pa_3,E1,20.0,4,80.0,4,100.0,66.67,2,2,0,1,980.0,44,18,100.0,112,20.0,0.86,1.0,80.0,80.0,4.0,4.0,980.0,980.0,80.0,80.0,4.0,4.0
462.0,0,7,0,0,night,pa_3,E1,20.0,4,80.0,4,100.0,66.67,2,2,0,1,980.0,44,18,100.0,112,20.0,0.86,1.0,80.0,80.0,4.0,4.0,980.0,980.0,80.0,80.0,4.0,4.0
463.0,0,7,0,0,night,pa_3,E1,20.0,4,80.0,4,100.0,66.67,2,2,0,1,980.0,44,18,100.0,113,20.0,0.86,1.0,80.0,80.0,4.0,4.0,980.0,980.0,80.0,80.0,4.0,4.0
464.0,0,7,0,0,night,pa_3,E1,20.0,4,80.0,4,100.0,66.67,2,2,0,1,980.0,44,18,100.0,113,20.0,0.86,1.0,80.0,80.0,4.0,4.0,980.0,980.0,80.0,80.0,4.0,4.0
465.0,0,7,0,0,night,pa_3,E1,20.0,4,80.0,4,100.0,66.67,2,2,0,1,980.0,44,18,100.0,112,20.0,0.86,1.0,80.0,80.0,4.0,4.0,980.0,980.0,80.0,80.0,4.0,4.0
466.0,0,7,0,0,night,pa_3,E1,20.0,4,80.0,4,100.0,66.67,2,2,0,1,980.0,44,18,100.0,111,20.0,0.86,1.0,80.0,80.0,4.0,4.0,980.0,980.0,80.0,80.0,4.0,4.0
467.0,0,7,0,0,night,pa_3,E1,20.0,4,80.0,4,100.0,66.67,2,2,0,1,980.0,44,18,100.0,110,20.0,0.86,1.0,80.0,80.0,4.0,4.0,980.0,980.0,80.0,80.0,4.0,4.0
468.0,0,7,0,0,night,pa_3,E1,20.0,4,80.0,4,100.0,100.0,3,3,0,0,980.0,44,19,100.0,110,20.0,1.0,1.0,80.0,80.0,4.0,4.0,980.0,980.0,80.0,80.0,4.0,4.0
469.0,0,7,0,0,night,pa_3,E1,20.0,4,80.0,4,100.0,100.0,3,3,0,0,980.0,44,19,100.0,110,20.0,1.0,1.0,80.0,80.0,4.0,4.0,980.0,980.0,80.0,80.0,4.0,4.0
470.0,0,7,0,0,night,pa_3,E1,20.0,4,80.0,4,100.0,100.0,3,3,0,0,980.0,44,19,100.0,110,20.0,1.0,1.0,80.0,80.0,4.0,4.0,980.0,980.0,80.0,80.0,4.0,4.0
471.0,0,7,0,0,night,pa_3,E1,20.0,4,80.0,4,100.0,100.0,3,3,0,0,980.0,44,19,100.0,109,20.0,1.0,1.0,80.0,80.0,4.0,4.0,980.0,980.0,80.0,80.0,4.0,4.0
472.0,0,7,0,0,night,pa_3,E1,20.0,4,80.0,4,100.0,100.0,3,3,0,0,980.0,44,19,100.0,108,20.0,1.0,1.0,80.0,80.0,4.0,4.0,980.0,980.0,80.0,80.0,4.0,4.0
473.0,0,7,0,0,night,pa_3,E1,20.0,4,80.0,4,100.0,100.0,3,3,0,0,980.0,44,19,100.0,108,20.0,1.0,1.0,80.0,80.0,4.0,4.0,980.0,980.0,80.0,80.0,4.0,4.0
474.0,0,7,0,0,night,pa_3,E1,20.0,4,80.0,4,100.0,100.0,3,3,0,0,980.0,44,19,100.0,108,20.0,1.0,1.0,80.0,80.0,4.0,4.0,980.0,980.0,80.0,80.0,4.0,4.0
475.0,0,7,0,0,night,pa_3,E1,20.0,4,80.0,4,100.0,100.0,3,3,0,0,980.0,44,20,100.0,108,20.0,1.0,1.0,80.0,80.0,4.0,4.0,980.0,980.0,80.0,80.0,4.0,4.0
476.0,0,7,0,0,night,pa_3,E1,20.0,4,80.0,4,100.0,100.0,3,3,0,0,980.0,44,20,100.0,108,20.0,1.0,1.0,80.0,80.0,4.0,4.0,980.0,980.0,80.0,80.0,4.0,4.0
477.0,0,7,0,0,night,pa_3,E1,20.0,4,80.0,4,100.0,100.0,3,3,0,0,980.0,44,20,100.0,108,20.0,1.0,1.0,80.0,80.0,4.0,4.0,980.0,980.0,80.0,80.0,4.0,4.0
478.0,0,7,0,0,night,pa_3,E1,20.0,4,80.0,4,100.0,100.0,3,3,0,0,980.0,44,21,100.0,107,20.0,1.0,1.0,80.0,80.0,4.0,4.0,980.0,980.0,80.0,80.0,4.0,4.0
479.0,0,7,0,0,night,pa_3,E1,20.0,4,80.0,4,100.0,100.0,3,3,0,0,980.0,44,21,100.0,107,20.0,1.0,1.0,80.0,80.0,4.0,4.0,980.0,980.0,80.0,80.0,4.0,4.0
480.0,0,8,0,0,night,pa_3,E1,20.0,4,80.0,4,100.0,100.0,3,3,0,0,980.0,44,21,100.0,106,20.0,1.0,1.0,80.0,80.0,4.0,4.0,980.0,980.0,80.0,80.0,4.0,4.0
481.0,0,8,0,0,night,pa_3,E1,20.0,4,80.0,4,100.0,100.0,3,3,0,0,980.0,44,21,100.0,110,20.0,1.0,1.0,80.0,80.0,4.0,4.0,980.0,980.0,80.0,80.0,4.0,4.0
482.0,0,8,0,0,night,pa_3,E1,20.0,4,80.0,4,100.0,100.0,3,3,0,0,980.0,44,21,100.0,110,20.0,1.0,1.0,80.0,80.0,4.0,4.0,980.0,980.0,80.0,80.0,4.0,4.0
483.0,0,8,0,0,night,pa_3,E1,20.0,4,80.0,4,100.0,100.0,3,3,0,0,980.0,44,21,100.0,112,20.0,1.0,1.0,80.0,80.0,4.0,4.0,980.0,980.0,80.0,80.0,4.0,4.0
484.0,0,8,0,0,night,pa_3,E1,20.0,4,80.0,4,100.0,100.0,3,3,0,0,980.0,44,21,100.0,112,20.0,1.0,1.0,80.0,80.0,4.0,4.0,980.0,980.0,80.0,80.0,4.0,4.0
485.0,0,8,0,0,night,pa_3,E1,20.0,4,80.0,4,100.0,100.0,3,3,0,0,980.0,44,22,100.0,112,20.0,1.0,1.0,80.0,80.0,4.0,4.0,980.0,980.0,80.0,80.0,4.0,4.0
486.0,0,8,0,0,night,pa_3,E1,20.0,4,80.0,4,100.0,100.0,3,3,0,0,980.0,44,22,100.0,113,20.0,1.0,1.0,80.0,80.0,4.0,4.0,980.0,980.0,80.0,80.0,4.0,4.0
487.0,0,8,0,0,night,pa_3,E1,20.0,4,80.0,4,100.0,100.0,3,3,0,0,980.0,44,22,100.0,112,20.0,1.0,1.0,80.0,80.0,4.0,4.0,980.0,980.0,80.0,80.0,4.0,4.0
488.0,0,8,0,0,night,pa_3,E1,20.0,4,80.0,4,100.0,100.0,3,3,0,0,980.0,44,23,100.0,113,20.0,1.0,1.0,80.0,80.0,4.0,4.0,980.0,980.0,80.0,80.0,4.0,4.0
489.0,0,8,0,0,night,pa_3,E1,20.0,4,80.0,4,100.0,100.0,3,3,0,0,980.0,44,23,100.0,113,20.0,1.0,1.0,80.0,80.0,4.0,4.0,980.0,980.0,80.0,80.0,4.0,4.0
490.0,0,8,0,0,night,pa_3,E1,20.0,4,80.0,4,100.0,100.0,3,3,0,0,980.0,44,23,100.0,113,20.0,1.0,1.0,80.0,80.0,4.0,4.0,980.0,980.0,80.0,80.0,4.0,4.0
491.0,0,8,0,0,night,pa_3,E1,20.0,4,80.0,4,100.0,100.0,3,3,0,0,980.0,44,23,100.0,113,20.0,1.0,1.0,80.0,80.0,4.0,4.0,980.0,980.0,80.0,80.0,4.0,4.0
492.0,0,8,0,0,night,pa_3,E1,20.0,4,80.0,4,100.0,100.0,3,3,0,0,980.0,44,23,100.0,113,20.0,1.0,1.0,80.0,80.0,4.0,4.0,980.0,980.0,80.0,80.0,4.0,4.0
493.0,0,8,0,0,night,pa_3,E1,20.0,4,80.0,4,100.0,100.0,3,3,0,0,980.0,44,24,100.0,113,20.0,1.0,1.0,80.0,80.0,4.0,4.0,980.0,980.0,80.0,80.0,4.0,4.0
494.0,0,8,0,0,night,pa_3,E1,20.0,4,80.0,4,100.0,100.0,3,3,0,0,980.0,44,24,100.0,113,20.0,1.0,1.0,80.0,80.0,4.0,4.0,980.0,980.0,80.0,80.0,4.0,4.0
495.0,0,8,0,0,night,pa_3,E1,20.0,4,80.0,4,100.0,100.0,3,3,0,0,980.0,44,24,100.0,113,20.0,1.0,1.0,80.0,80.0,4.0,4.0,980.0,980.0,80.0,80.0,4.0,4.0
496.0,0,8,0,0,night,pa_3,E1,20.0,4,80.0,4,100.0,100.0,3,3,0,0,980.0,44,25,100.0,113,20.0,1.0,1.0,80.0,80.0,4.0,4.0,980.0,980.0,80.0,80.0,4.0,4.0
497.0,0,8,0,0,night,pa_3,E1,20.0,4,80.0,4,100.0,100.0,3,3,0,0,980.0,44,26,100.0,113,20.0,1.0,1.0,80.0,80.0,4.0,4.0,980.0,980.0,80.0,80.0,4.0,4.0
498.0,0,8,0,0,night,pa_3,E1,20.0,4,80.0,4,100.0,100.0,3,3,0,0,980.0,44,27,100.0,112,20.0,1.0,1.0,80.0,80.0,4.0,4.0,980.0,980.0,80.0,80.0,4.0,4.0
499.0,0,8,0,0,night,pa_3,E1,20.0,4,80.0,4,100.0,100.0,3,3,0,0,980.0,44,27,100.0,112,20.0,1.0,1.0,80.0,80.0,4.0,4.0,980.0,980.0,80.0,80.0,4.0,4.0
500.0,0,8,0,0,night,pa_3,E1,20.0,4,80.0,4,100.0,100.0,3,3,0,0,980.0,44,27,100.0,112,20.0,1.0,1.0,80.0,80.0,4.0,4.0,980.0,980.0,80.0,80.0,4.0,4.0
501.0,0,8,0,0,night,pa_3,E1,20.0,4,80.0,4,100.0,100.0,3,3,0,0,980.0,44,27,100.0,111,20.0,1.0,1.0,80.0,80.0,4.0,4.0,980.0,980.0,80.0,80.0,4.0,4.0
502.0,0,8,0,0,night,pa_3,E1,20.0,4,80.0,4,100.0,100.0,3,3,0,0,980.0,44,27,100.0,110,20.0,1.0,1.0,80.0,80.0,4.0,4.0,980.0,980.0,80.0,80.0,4.0,4.0
503.0,0,8,0,0,night,pa_3,E1,20.0,4,80.0,4,100.0,100.0,3,3,0,0,980.0,44,27,100.0,110,20.0,1.0,1.0,80.0,80.0,4.0,4.0,980.0,980.0,80.0,80.0,4.0,4.0
504.0,0,8,0,0,night,pa_3,E1,20.0,4,80.0,4,100.0,100.0,3,3,0,0,980.0,44,27,100.0,110,20.0,1.0,1.0,80.0,80.0,4.0,4.0,980.0,980.0,80.0,80.0,4.0,4.0
505.0,0,8,0,0,night,pa_3,E1,20.0,4,80.0,4,100.0,100.0,3,3,0,0,980.0,44,27,100.0,112,20.0,1.0,1.0,80.0,80.0,4.0,4.0,980.0,980.0,80.0,80.0,4.0,4.0
506.0,0,8,0,0,night,pa_3,E1,20.0,4,80.0,4,100.0,100.0,3,3,0,0,980.0,44,27,100.0,112,20.0,1.0,1.0,80.0,80.0,4.0,4.0,980.0,980.0,80.0,80.0,4.0,4.0
507.0,0,8,0,0,night,pa_3,E1,20.0,4,80.0,4,100.0,100.0,3,3,0,0,980.0,44,27,100.0,112,20.0,1.0,1.0,80.0,80.0,4.0,4.0,980.0,980.0,80.0,80.0,4.0,4.0
508.0,0,8,0,0,night,pa_3,E1,20.0,4,80.0,4,100.0,100.0,3,3,0,0,980.0,44,27,100.0,112,20.0,1.0,1.0,80.0,80.0,4.0,4.0,980.0,980.0,80.0,80.0,4.0,4.0
509.0,0,8,0,0,night,pa_3,E1,20.0,4,80.0,4,100.0,100.0,3,3,0,0,980.0,44,27,100.0,112,20.0,1.0,1.0,80.0,80.0,4.0,4.0,980.0,980.0,80.0,80.0,4.0,4.0
510.0,0,8,0,0,night,pa_3,E1,20.0,4,80.0,4,100.0,100.0,3,3,0,0,980.0,44,27,100.0,112,20.0,1.0,1.0,80.0,80.0,4.0,4.0,980.0,980.0,80.0,80.0,4.0,4.0
511.0,0,8,0,0,night,pa_3,E1,20.0,4,80.0,4,100.0,100.0,3,3,0,0,980.0,44,27,100.0,111,20.0,1.0,1.0,80.0,80.0,4.0,4.0,980.0,980.0,80.0,80.0,4.0,4.0
512.0,0,8,0,0,night,pa_3,E1,20.0,4,80.0,4,100.0,100.0,3,3,0,0,980.0,44,28,100.0,111,20.0,1.0,1.0,80.0,80.0,4.0,4.0,980.0,980.0,80.0,80.0,4.0,4.0
513.0,0,8,0,0,night,pa_3,E1,20.0,4,80.0,4,100.0,100.0,3,3,0,0,980.0,44,28,100.0,111,20.0,1.0,1.0,80.0,80.0,4.0,4.0,980.0,980.0,80.0,80.0,4.0,4.0
514.0,0,8,0,0,night,pa_3,E1,20.0,4,80.0,4,100.0,100.0,3,3,0,0,980.0,44,28,100.0,111,20.0,1.0,1.0,80.0,80.0,4.0,4.0,980.0,980.0,80.0,80.0,4.0,4.0
515.0,0,8,0,0,night,pa_3,E1,20.0,4,80.0,4,100.0,100.0,3,3,0,0,980.0,44,28,100.0,115,20.0,1.0,1.0,80.0,80.0,4.0,4.0,980.0,980.0,80.0,80.0,4.0,4.0
516.0,0,8,0,0,night,pa_3,E1,20.0,4,80.0,4,100.0,100.0,3,3,0,0,980.0,44,28,100.0,115,20.0,1.0,1.0,80.0,80.0,4.0,4.0,980.0,980.0,80.0,80.0,4.0,4.0
517.0,0,8,0,0,night,pa_3,E1,20.0,4,80.0,4,100.0,100.0,3,3,0,0,980.0,44,28,100.0,115,20.0,1.0,1.0,80.0,80.0,4.0,4.0,980.0,980.0,80.0,80.0,4.0,4.0
518.0,0,8,0,0,night,pa_3,E1,20.0,4,80.0,4,100.0,100.0,3,3,0,0,980.0,44,28,100.0,114,20.0,1.0,1.0,80.0,80.0,4.0,4.0,980.0,980.0,80.0,80.0,4.0,4.0
519.0,0,8,0,0,night,pa_3,E1,20.0,4,80.0,4,100.0,100.0,3,3,0,0,980.0,44,28,100.0,114,20.0,1.0,1.0,80.0,80.0,4.0,4.0,980.0,980.0,80.0,80.0,4.0,4.0
520.0,0,8,0,0,night,pa_3,E1,20.0,4,80.0,4,100.0,100.0,3,3,0,0,980.0,44,28,100.0,114,20.0,1.0,1.0,80.0,80.0,4.0,4.0,980.0,980.0,80.0,80.0,4.0,4.0
521.0,0,8,0,0,night,pa_3,E1,20.0,4,80.0,4,100.0,100.0,3,3,0,0,980.0,44,28,100.0,115,20.0,1.0,1.0,80.0,80.0,4.0,4.0,980.0,980.0,80.0,80.0,4.0,4.0
522.0,0,8,0,0,night,pa_3,E1,20.0,4,80.0,4,100.0,100.0,3,3,0,0,980.0,44,28,100.0,115,20.0,1.0,1.0,80.0,80.0,4.0,4.0,980.0,980.0,80.0,80.0,4.0,4.0
523.0,0,8,0,0,night,pa_3,E1,20.0,4,80.0,4,100.0,100.0,3,3,0,0,980.0,44,28,100.0,115,20.0,1.0,1.0,80.0,80.0,4.0,4.0,980.0,980.0,80.0,80.0,4.0,4.0
524.0,0,8,0,0,night,pa_3,E1,20.0,4,80.0,4,100.0,100.0,3,3,0,0,980.0,44,28,100.0,115,20.0,1.0,1.0,80.0,80.0,4.0,4.0,980.0,980.0,80.0,80.0,4.0,4.0
525.0,0,8,0,0,night,pa_3,E1,20.0,4,80.0,4,100.0,133.33,4,4,0,-1,980.0,44,29,100.0,115,20.0,1.14,1.0,80.0,80.0,4.0,4.0,980.0,980.0,80.0,80.0,4.0,4.0
526.0,0,8,0,0,night,pa_3,E1,20.0,4,80.0,4,100.0,133.33,4,4,0,-1,980.0,44,29,100.0,115,20.0,1.14,1.0,80.0,80.0,4.0,4.0,980.0,980.0,80.0,80.0,4.0,4.0
527.0,0,8,0,0,night,pa_3,E1,20.0,4,80.0,4,100.0,133.33,4,4,0,-1,980.0,44,29,100.0,114,20.0,1.14,1.0,80.0,80.0,4.0,4.0,980.0,980.0,80.0,80.0,4.0,4.0
528.0,0,8,0,0,night,pa_3,E1,20.0,4,80.0,4,100.0,133.33,4,4,0,-1,980.0,44,29,100.0,114,20.0,1.14,1.0,80.0,80.0,4.0,4.0,980.0,980.0,80.0,80.0,4.0,4.0
529.0,0,8,0,0,night,pa_3,E1,20.0,4,80.0,4,100.0,133.33,4,4,0,-1,980.0,44,29,100.0,114,20.0,1.14,1.0,80.0,80.0,4.0,4.0,980.0,980.0,80.0,80.0,4.0,4.0
530.0,0,8,0,0,night,pa_3,E1,20.0,4,80.0,4,100.0,133.33,4,4,0,-1,980.0,44,29,100.0,113,20.0,1.14,1.0,80.0,80.0,4.0,4.0,980.0,980.0,80.0,80.0,4.0,4.0
531.0,0,8,0,0,night,pa_3,E1,20.0,4,80.0,4,100.0,133.33,4,4,0,-1,980.0,44,29,100.0,113,20.0,1.14,1.0,80.0,80.0,4.0,4.0,980.0,980.0,80.0,80.0,4.0,4.0
532.0,0,8,0,0,night,pa_3,E1,20.0,4,80.0,4,100.0,133.33,4,4,0,-1,980.0,44,29,100.0,113,20.0,1.14,1.0,80.0,80.0,4.0,4.0,980.0,980.0,80.0,80.0,4.0,4.0
533.0,0,8,0,0,night,pa_3,E1,20.0,4,80.0,4,100.0,133.33,4,4,0,-1,980.0,44,30,100.0,113,20.0,1.14,1.0,80.0,80.0,4.0,4.0,980.0,980.0,80.0,80.0,4.0,4.0
534.0,0,8,0,0,night,pa_3,E1,20.0,4,80.0,4,100.0,133.33,4,4,0,-1,980.0,44,30,100.0,113,20.0,1.14,1.0,80.0,80.0,4.0,4.0,980.0,980.0,80.0,80.0,4.0,4.0
535.0,0,8,0,0,night,pa_3,E1,20.0,4,80.0,4,100.0,133.33,4,4,0,-1,980.0,44,30,100.0,112,20.0,1.14,1.0,80.0,80.0,4.0,4.0,980.0,980.0,80.0,80.0,4.0,4.0
536.0,0,8,0,0,night,pa_3,E1,20.0,4,80.0,4,100.0,133.33,4,4,0,-1,980.0,44,30,100.0,112,20.0,1.14,1.0,80.0,80.0,4.0,4.0,980.0,980.0,80.0,80.0,4.0,4.0
537.0,0,8,0,0,night,pa_3,E1,20.0,4,80.0,4,100.0,133.33,4,4,0,-1,980.0,44,30,100.0,112,20.0,1.14,1.0,80.0,80.0,4.0,4.0,980.0,980.0,80.0,80.0,4.0,4.0
538.0,0,8,0,0,night,pa_3,E1,20.0,4,80.0,4,100.0,133.33,4,4,0,-1,980.0,44,30,100.0,112,20.0,1.14,1.0,80.0,80.0,4.0,4.0,980.0,980.0,80.0,80.0,4.0,4.0
539.0,0,8,0,0,night,pa_3,E1,20.0,4,80.0,4,100.0,133.33,4,4,0,-1,980.0,44,30,100.0,112,20.0,1.14,1.0,80.0,80.0,4.0,4.0,980.0,980.0,80.0,80.0,4.0,4.0
540.0,0,9,0,0,night,pa_3,E1,20.0,4,80.0,4,100.0,133.33,4,4,0,-1,980.0,44,31,100.0,112,20.0,1.14,1.0,80.0,80.0,4.0,4.0,980.0,980.0,80.0,80.0,4.0,4.0
541.0,0,9,0,0,night,pa_3,E1,20.0,4,80.0,4,100.0,133.33,4,4,0,-1,980.0,44,31,100.0,115,20.0,1.14,1.0,80.0,80.0,4.0,4.0,980.0,980.0,80.0,80.0,4.0,4.0
542.0,0,9,0,0,night,pa_3,E1,20.0,4,80.0,4,100.0,133.33,4,4,0,-1,980.0,44,31,100.0,115,20.0,1.14,1.0,80.0,80.0,4.0,4.0,980.0,980.0,80.0,80.0,4.0,4.0
543.0,0,9,0,0,night,pa_3,E1,20.0,4,80.0,4,100.0,133.33,4,4,0,-1,980.0,44,32,100.0,117,20.0,1.14,1.0,80.0,80.0,4.0,4.0,980.0,980.0,80.0,80.0,4.0,4.0
544.0,0,9,0,0,night,pa_3,E1,20.0,4,80.0,4,100.0,133.33,4,4,0,-1,980.0,44,32,100.0,117,20.0,1.14,1.0,80.0,80.0,4.0,4.0,980.0,980.0,80.0,80.0,4.0,4.0
545.0,0,9,0,0,night,pa_3,E1,20.0,4,80.0,4,100.0,133.33,4,4,0,-1,980.0,44,32,100.0,117,20.0,1.14,1.0,80.0,80.0,4.0,4.0,980.0,980.0,80.0,80.0,4.0,4.0
546.0,0,9,0,0,night,pa_3,E1,20.0,4,80.0,4,100.0,133.33,4,4,0,-1,980.0,44,32,100.0,117,20.0,1.14,1.0,80.0,80.0,4.0,4.0,980.0,980.0,80.0,80.0,4.0,4.0
547.0,0,9,0,0,night,pa_3,E1,20.0,4,80.0,4,100.0,133.33,4,4,0,-1,980.0,44,32,100.0,118,20.0,1.14,1.0,80.0,80.0,4.0,4.0,980.0,980.0,80.0,80.0,4.0,4.0
548.0,0,9,0,0,night,pa_3,E1,20.0,4,80.0,4,100.0,133.33,4,4,0,-1,980.0,44,34,100.0,117,20.0,1.14,1.0,80.0,80.0,4.0,4.0,980.0,980.0,80.0,80.0,4.0,4.0
549.0,0,9,0,0,night,pa_3,E1,20.0,4,80.0,4,100.0,133.33,4,4,0,-1,980.0,44,35,100.0,116,20.0,1.14,1.0,80.0,80.0,4.0,4.0,980.0,980.0,80.0,80.0,4.0,4.0
550.0,0,9,0,0,night,pa_3,E1,20.0,4,80.0,4,100.0,166.67,5,5,0,-2,980.0,44,39,100.0,116,20.0,1.29,1.0,80.0,80.0,4.0,4.0,980.0,980.0,80.0,80.0,4.0,4.0
551.0,0,9,0,0,night,pa_3,E1,20.0,4,80.0,4,100.0,166.67,5,5,0,-2,980.0,44,39,100.0,116,20.0,1.29,1.0,80.0,80.0,4.0,4.0,980.0,980.0,80.0,80.0,4.0,4.0
552.0,0,9,0,0,night,pa_3,E1,20.0,4,80.0,4,100.0,166.67,5,5,0,-2,980.0,44,40,100.0,116,20.0,1.29,1.0,80.0,80.0,4.0,4.0,980.0,980.0,80.0,80.0,4.0,4.0
553.0,0,9,0,0,night,pa_3,E1,20.0,4,80.0,4,100.0,166.67,5,5,0,-2,980.0,44,40,100.0,116,20.0,1.29,1.0,80.0,80.0,4.0,4.0,980.0,980.0,80.0,80.0,4.0,4.0
554.0,0,9,0,0,night,pa_3,E1,20.0,4,80.0,4,100.0,166.67,5,5,0,-2,980.0,44,40,100.0,116,20.0,1.29,1.0,80.0,80.0,4.0,4.0,980.0,980.0,80.0,80.0,4.0,4.0
555.0,0,9,0,0,night,pa_3,E1,20.0,4,80.0,4,100.0,166.67,5,5,0,-2,980.0,44,40,100.0,115,20.0,1.29,1.0,80.0,80.0,4.0,4.0,980.0,980.0,80.0,80.0,4.0,4.0
556.0,0,9,0,0,night,pa_3,E1,20.0,4,80.0,4,100.0,166.67,5,5,0,-2,980.0,44,40,100.0,115,20.0,1.29,1.0,80.0,80.0,4.0,4.0,980.0,980.0,80.0,80.0,4.0,4.0
557.0,0,9,0,0,night,pa_3,E1,20.0,4,80.0,4,100.0,166.67,5,5,0,-2,980.0,44,40,100.0,114,20.0,1.29,1.0,80.0,80.0,4.0,4.0,980.0,980.0,80.0,80.0,4.0,4.0
558.0,0,9,0,0,night,pa_3,E1,20.0,4,80.0,4,100.0,166.67,5,5,0,-2,980.0,44,40,100.0,114,20.0,1.29,1.0,80.0,80.0,4.0,4.0,980.0,980.0,80.0,80.0,4.0,4.0
559.0,0,9,0,0,night,pa_3,E1,20.0,4,80.0,4,100.0,166.67,5,5,0,-2,980.0,44,40,100.0,113,20.0,1.29,1.0,80.0,80.0,4.0,4.0,980.0,980.0,80.0,80.0,4.0,4.0
560.0,0,9,0,0,night,pa_3,E1,20.0,4,80.0,4,100.0,166.67,5,5,0,-2,980.0,44,40,100.0,113,20.0,1.29,1.0,80.0,80.0,4.0,4.0,980.0,980.0,80.0,80.0,4.0,4.0
561.0,0,9,0,0,night,pa_3,E1,20.0,4,80.0,4,100.0,166.67,5,5,0,-2,980.0,44,41,100.0,115,20.0,1.29,1.0,80.0,80.0,4.0,4.0,980.0,980.0,80.0,80.0,4.0,4.0
562.0,0,9,0,0,night,pa_3,E1,20.0,4,80.0,4,100.0,166.67,5,5,0,-2,980.0,44,41,100.0,115,20.0,1.29,1.0,80.0,80.0,4.0,4.0,980.0,980.0,80.0,80.0,4.0,4.0
563.0,0,9,0,0,night,pa_3,E1,20.0,4,80.0,4,100.0,166.67,5,5,0,-2,980.0,44,41,100.0,115,20.0,1.29,1.0,80.0,80.0,4.0,4.0,980.0,980.0,80.0,80.0,4.0,4.0
564.0,0,9,0,0,night,pa_3,E1,20.0,4,80.0,4,100.0,166.67,5,5,0,-2,980.0,44,41,100.0,114,20.0,1.29,1.0,80.0,80.0,4.0,4.0,980.0,980.0,80.0,80.0,4.0,4.0
565.0,0,9,0,0,night,pa_3,E1,20.0,4,80.0,4,100.0,166.67,5,5,0,-2,980.0,44,42,100.0,114,20.0,1.29,1.0,80.0,80.0,4.0,4.0,980.0,980.0,80.0,80.0,4.0,4.0
566.0,0,9,0,0,night,pa_3,E1,20.0,4,80.0,4,100.0,166.67,5,5,0,-2,980.0,44,42,100.0,116,20.0,1.29,1.0,80.0,80.0,4.0,4.0,980.0,980.0,80.0,80.0,4.0,4.0
567.0,0,9,0,0,night,pa_3,E1,20.0,4,80.0,4,100.0,166.67,5,5,0,-2,980.0,44,42,100.0,116,20.0,1.29,1.0,80.0,80.0,4.0,4.0,980.0,980.0,80.0,80.0,4.0,4.0
568.0,0,9,0,0,night,pa_3,E1,20.0,4,80.0,4,100.0,166.67,5,5,0,-2,980.0,44,42,100.0,116,20.0,1.29,1.0,80.0,80.0,4.0,4.0,980.0,980.0,80.0,80.0,4.0,4.0
569.0,0,9,0,0,night,pa_3,E1,20.0,4,80.0,4,100.0,166.67,5,5,0,-2,980.0,44,42,100.0,114,20.0,1.29,1.0,80.0,80.0,4.0,4.0,980.0,980.0,80.0,80.0,4.0,4.0
570.0,0,9,0,0,night,pa_3,E1,20.0,4,80.0,4,100.0,166.67,5,5,0,-2,980.0,44,42,100.0,114,20.0,1.29,1.0,80.0,80.0,4.0,4.0,980.0,980.0,80.0,80.0,4.0,4.0
571.0,0,9,0,0,night,pa_3,E1,20.0,4,80.0,4,100.0,166.67,5,5,0,-2,980.0,44,42,100.0,114,20.0,1.29,1.0,80.0,80.0,4.0,4.0,980.0,980.0,80.0,80.0,4.0,4.0
572.0,0,9,0,0,night,pa_3,E1,20.0,4,80.0,4,100.0,166.67,5,5,0,-2,980.0,44,42,100.0,114,20.0,1.29,1.0,80.0,80.0,4.0,4.0,980.0,980.0,80.0,80.0,4.0,4.0
573.0,0,9,0,0,night,pa_3,E1,20.0,4,80.0,4,100.0,166.67,5,5,0,-2,980.0,44,42,100.0,112,20.0,1.29,1.0,80.0,80.0,4.0,4.0,980.0,980.0,80.0,80.0,4.0,4.0
574.0,0,9,0,0,night,pa_3,E1,20.0,4,80.0,4,100.0,166.67,5,5,0,-2,980.0,44,42,100.0,112,20.0,1.29,1.0,80.0,80.0,4.0,4.0,980.0,980.0,80.0,80.0,4.0,4.0
575.0,0,9,0,0,night,pa_3,E1,20.0,4,80.0,4,100.0,166.67,5,5,0,-2,980.0,44,42,100.0,111,20.0,1.29,1.0,80.0,80.0,4.0,4.0,980.0,980.0,80.0,80.0,4.0,4.0
576.0,0,9,0,0,night,pa_3,E1,20.0,4,80.0,4,100.0,166.67,5,5,0,-2,980.0,44,42,100.0,110,20.0,1.29,1.0,80.0,80.0,4.0,4.0,980.0,980.0,80.0,80.0,4.0,4.0
577.0,0,9,0,0,night,pa_3,E1,20.0,4,80.0,4,100.0,166.67,5,5,0,-2,980.0,44,42,100.0,114,20.0,1.29,1.0,80.0,80.0,4.0,4.0,980.0,980.0,80.0,80.0,4.0,4.0
578.0,0,9,0,0,night,pa_3,E1,20.0,4,80.0,4,100.0,166.67,5,5,0,-2,980.0,44,42,100.0,114,20.0,1.29,1.0,80.0,80.0,4.0,4.0,980.0,980.0,80.0,80.0,4.0,4.0
579.0,0,9,0,0,night,pa_3,E1,20.0,4,80.0,4,100.0,166.67,5,5,0,-2,980.0,44,42,100.0,114,20.0,1.29,1.0,80.0,80.0,4.0,4.0,980.0,980.0,80.0,80.0,4.0,4.0
580.0,0,9,0,0,night,pa_3,E1,20.0,4,80.0,4,100.0,166.67,5,5,0,-2,980.0,44,42,100.0,114,20.0,1.29,1.0,80.0,80.0,4.0,4.0,980.0,980.0,80.0,80.0,4.0,4.0
581.0,0,9,0,0,night,pa_3,E1,20.0,4,80.0,4,100.0,166.67,5,5,0,-2,980.0,44,42,100.0,114,20.0,1.29,1.0,80.0,80.0,4.0,4.0,980.0,980.0,80.0,80.0,4.0,4.0
582.0,0,9,0,0,night,pa_3,E1,20.0,4,80.0,4,100.0,166.67,5,5,0,-2,980.0,44,43,100.0,114,20.0,1.29,1.0,80.0,80.0,4.0,4.0,980.0,980.0,80.0,80.0,4.0,4.0
583.0,0,9,0,0,night,pa_3,E1,20.0,4,80.0,4,100.0,166.67,5,5,0,-2,980.0,44,43,100.0,114,20.0,1.29,1.0,80.0,80.0,4.0,4.0,980.0,980.0,80.0,80.0,4.0,4.0
584.0,0,9,0,0,night,pa_3,E1,20.0,4,80.0,4,100.0,166.67,5,5,0,-2,980.0,44,43,100.0,113,20.0,1.29,1.0,80.0,80.0,4.0,4.0,980.0,980.0,80.0,80.0,4.0,4.0
585.0,0,9,0,0,night,pa_3,E1,20.0,4,80.0,4,100.0,166.67,5,5,0,-2,980.0,44,43,100.0,113,20.0,1.29,1.0,80.0,80.0,4.0,4.0,980.0,980.0,80.0,80.0,4.0,4.0
586.0,0,9,0,0,night,pa_3,E1,20.0,4,80.0,4,100.0,166.67,5,5,0,-2,980.0,44,43,100.0,114,20.0,1.29,1.0,80.0,80.0,4.0,4.0,980.0,980.0,80.0,80.0,4.0,4.0
587.0,0,9,0,0,night,pa_3,E1,20.0,4,80.0,4,100.0,166.67,5,5,0,-2,980.0,44,44,100.0,114,20.0,1.29,1.0,80.0,80.0,4.0,4.0,980.0,980.0,80.0,80.0,4.0,4.0
588.0,0,9,0,0,night,pa_3,E1,20.0,4,80.0,4,100.0,166.67,5,5,0,-2,980.0,44,44,100.0,113,20.0,1.29,1.0,80.0,80.0,4.0,4.0,980.0,980.0,80.0,80.0,4.0,4.0
589.0,0,9,0,0,night,pa_3,E1,20.0,4,80.0,4,100.0,166.67,5,5,0,-2,980.0,44,44,100.0,113,20.0,1.29,1.0,80.0,80.0,4.0,4.0,980.0,980.0,80.0,80.0,4.0,4.0
590.0,0,9,0,0,night,pa_3,E1,20.0,4,80.0,4,100.0,166.67,5,5,0,-2,980.0,44,44,100.0,113,20.0,1.29,1.0,80.0,80.0,4.0,4.0,980.0,980.0,80.0,80.0,4.0,4.0
591.0,0,9,0,0,night,pa_3,E1,20.0,4,80.0,4,100.0,166.67,5,5,0,-2,980.0,44,44,100.0,113,20.0,1.29,1.0,80.0,80.0,4.0,4.0,980.0,980.0,80.0,80.0,4.0,4.0
592.0,0,9,0,0,night,pa_3,E1,20.0,4,80.0,4,100.0,166.67,5,5,0,-2,980.0,44,44,100.0,113,20.0,1.29,1.0,80.0,80.0,4.0,4.0,980.0,980.0,80.0,80.0,4.0,4.0
593.0,0,9,0,0,night,pa_3,E1,20.0,4,80.0,4,100.0,166.67,5,5,0,-2,980.0,44,44,100.0,113,20.0,1.29,1.0,80.0,80.0,4.0,4.0,980.0,980.0,80.0,80.0,4.0,4.0
594.0,0,9,0,0,night,pa_3,E1,20.0,4,80.0,4,100.0,166.67,5,5,0,-2,980.0,44,44,100.0,113,20.0,1.29,1.0,80.0,80.0,4.0,4.0,980.0,980.0,80.0,80.0,4.0,4.0
595.0,0,9,0,0,night,pa_3,E1,20.0,4,80.0,4,100.0,166.67,5,5,0,-2,980.0,44,44,100.0,113,20.0,1.29,1.0,80.0,80.0,4.0,4.0,980.0,980.0,80.0,80.0,4.0,4.0
596.0,0,9,0,0,night,pa_3,E1,20.0,4,80.0,4,100.0,166.67,5,5,0,-2,980.0,44,44,100.0,113,20.0,1.29,1.0,80.0,80.0,4.0,4.0,980.0,980.0,80.0,80.0,4.0,4.0
597.0,0,9,0,0,night,pa_3,E1,20.0,4,80.0,4,100.0,166.67,5,5,0,-2,980.0,44,44,100.0,113,20.0,1.29,1.0,80.0,80.0,4.0,4.0,980.0,980.0,80.0,80.0,4.0,4.0
598.0,0,9,0,0,night,pa_3,E1,20.0,4,80.0,4,100.0,166.67,5,5,0,-2,980.0,44,44,100.0,111,20.0,1.29,1.0,80.0,80.0,4.0,4.0,980.0,980.0,80.0,80.0,4.0,4.0
599.0,0,9,0,0,night,pa_3,E1,20.0,4,80.0,4,100.0,166.67,5,5,0,-2,980.0,44,45,100.0,111,20.0,1.29,1.0,80.0,80.0,4.0,4.0,980.0,980.0,80.0,80.0,4.0,4.0
600.0,0,10,0,0,night,pa_3,E1,20.0,4,80.0,4,100.0,166.67,5,5,0,-2,980.0,44,45,100.0,110,20.0,1.29,1.0,80.0,80.0,4.0,4.0,980.0,980.0,80.0,80.0,4.0,4.0
1.0,0,0,0,0,night,pa_3_rev,-E1,20.0,4,0.0,0,0.0,0.0,0,0,4,3,0.0,0,0,0.0,8,0.0,0.0,0.0,0.0,0.0,0.0,0.0,0.0,0.0,0.0,0.0,0.0,0.0
2.0,0,0,0,0,night,pa_3_rev,-E1,20.0,4,0.0,0,0.0,0.0,0,0,4,3,0.0,0,0,0.0,8,0.0,0.0,0.0,0.0,0.0,0.0,0.0,0.0,0.0,0.0,0.0,0.0,0.0
3.0,0,0,0,0,night,pa_3_rev,-E1,20.0,4,0.0,0,0.0,0.0,0,0,4,3,0.0,0,0,0.0,12,0.0,0.0,0.0,0.0,0.0,0.0,0.0,0.0,0.0,0.0,0.0,0.0,0.0
4.0,0,0,0,0,night,pa_3_rev,-E1,20.0,4,0.0,0,0.0,0.0,0,0,4,3,0.0,0,0,0.0,14,0.0,0.0,0.0,0.0,0.0,0.0,0.0,0.0,0.0,0.0,0.0,0.0,0.0
5.0,0,0,0,0,night,pa_3_rev,-E1,20.0,4,0.0,0,0.0,0.0,0,0,4,3,0.0,0,0,0.0,14,0.0,0.0,0.0,0.0,0.0,0.0,0.0,0.0,0.0,0.0,0.0,0.0,0.0
6.0,0,0,0,0,night,pa_3_rev,-E1,20.0,4,0.0,0,0.0,0.0,0,0,4,3,0.0,0,0,0.0,16,0.0,0.0,0.0,0.0,0.0,0.0,0.0,0.0,0.0,0.0,0.0,0.0,0.0
7.0,0,0,0,0,night,pa_3_rev,-E1,20.0,4,0.0,0,0.0,0.0,0,0,4,3,0.0,0,0,0.0,17,0.0,0.0,0.0,0.0,0.0,0.0,0.0,0.0,0.0,0.0,0.0,0.0,0.0
8.0,0,0,0,0,night,pa_3_rev,-E1,20.0,4,0.0,0,0.0,0.0,0,0,4,3,0.0,0,0,0.0,18,0.0,0.0,0.0,0.0,0.0,0.0,0.0,0.0,0.0,0.0,0.0,0.0,0.0
9.0,0,0,0,0,night,pa_3_rev,-E1,20.0,4,0.0,0,0.0,0.0,0,0,4,3,0.0,0,0,0.0,18,0.0,0.0,0.0,0.0,0.0,0.0,0.0,0.0,0.0,0.0,0.0,0.0,0.0
10.0,0,0,0,0,night,pa_3_rev,-E1,20.0,4,0.0,0,0.0,0.0,0,0,4,3,0.0,0,0,0.0,20,0.0,0.0,0.0,0.0,0.0,0.0,0.0,0.0,0.0,0.0,0.0,0.0,0.0
11.0,0,0,0,0,night,pa_3_rev,-E1,20.0,4,0.0,0,0.0,0.0,0,0,4,3,0.0,0,0,0.0,20,0.0,0.0,0.0,0.0,0.0,0.0,0.0,0.0,0.0,0.0,0.0,0.0,0.0
12.0,0,0,0,0,night,pa_3_rev,-E1,20.0,4,0.0,0,0.0,0.0,0,0,4,3,0.0,0,0,0.0,20,0.0,0.0,0.0,0.0,0.0,0.0,0.0,0.0,0.0,0.0,0.0,0.0,0.0
13.0,0,0,0,0,night,pa_3_rev,-E1,20.0,4,0.0,0,0.0,0.0,0,0,4,3,0.0,0,0,0.0,20,0.0,0.0,0.0,0.0,0.0,0.0,0.0,0.0,0.0,0.0,0.0,0.0,0.0
14.0,0,0,0,0,night,pa_3_rev,-E1,20.0,4,0.0,0,0.0,0.0,0,0,4,3,0.0,0,0,0.0,22,0.0,0.0,0.0,0.0,0.0,0.0,0.0,0.0,0.0,0.0,0.0,0.0,0.0
15.0,0,0,0,0,night,pa_3_rev,-E1,20.0,4,0.0,0,0.0,0.0,0,0,4,3,0.0,0,0,0.0,22,0.0,0.0,0.0,0.0,0.0,0.0,0.0,0.0,0.0,0.0,0.0,0.0,0.0
16.0,0,0,0,0,night,pa_3_rev,-E1,20.0,4,0.0,0,0.0,0.0,0,0,4,3,0.0,0,0,0.0,22,0.0,0.0,0.0,0.0,0.0,0.0,0.0,0.0,0.0,0.0,0.0,0.0,0.0
17.0,0,0,0,0,night,pa_3_rev,-E1,20.0,4,0.0,0,0.0,0.0,0,0,4,3,0.0,0,0,0.0,22,0.0,0.0,0.0,0.0,0.0,0.0,0.0,0.0,0.0,0.0,0.0,0.0,0.0
18.0,0,0,0,0,night,pa_3_rev,-E1,20.0,4,0.0,0,0.0,0.0,0,0,4,3,0.0,0,0,0.0,24,0.0,0.0,0.0,0.0,0.0,0.0,0.0,0.0,0.0,0.0,0.0,0.0,0.0
19.0,0,0,0,0,night,pa_3_rev,-E1,20.0,4,0.0,0,0.0,0.0,0,0,4,3,0.0,0,0,0.0,24,0.0,0.0,0.0,0.0,0.0,0.0,0.0,0.0,0.0,0.0,0.0,0.0,0.0
20.0,0,0,0,0,night,pa_3_rev,-E1,20.0,4,0.0,0,0.0,0.0,0,0,4,3,0.0,0,0,0.0,24,0.0,0.0,0.0,0.0,0.0,0.0,0.0,0.0,0.0,0.0,0.0,0.0,0.0
21.0,0,0,0,0,night,pa_3_rev,-E1,20.0,4,0.0,0,0.0,0.0,0,0,4,3,0.0,0,0,0.0,24,0.0,0.0,0.0,0.0,0.0,0.0,0.0,0.0,0.0,0.0,0.0,0.0,0.0
22.0,0,0,0,0,night,pa_3_rev,-E1,20.0,4,0.0,0,0.0,0.0,0,0,4,3,0.0,0,0,0.0,24,0.0,0.0,0.0,0.0,0.0,0.0,0.0,0.0,0.0,0.0,0.0,0.0,0.0
23.0,0,0,0,0,night,pa_3_rev,-E1,20.0,4,0.0,0,0.0,0.0,0,0,4,3,0.0,0,0,0.0,24,0.0,0.0,0.0,0.0,0.0,0.0,0.0,0.0,0.0,0.0,0.0,0.0,0.0
24.0,0,0,0,0,night,pa_3_rev,-E1,20.0,4,0.0,0,0.0,0.0,0,0,4,3,0.0,0,0,0.0,24,0.0,0.0,0.0,0.0,0.0,0.0,0.0,0.0,0.0,0.0,0.0,0.0,0.0
25.0,0,0,0,0,night,pa_3_rev,-E1,20.0,4,0.0,0,0.0,0.0,0,0,4,3,0.0,0,0,0.0,24,0.0,0.0,0.0,0.0,0.0,0.0,0.0,0.0,0.0,0.0,0.0,0.0,0.0
26.0,0,0,0,0,night,pa_3_rev,-E1,20.0,4,0.0,0,0.0,0.0,0,0,4,3,0.0,0,0,0.0,24,0.0,0.0,0.0,0.0,0.0,0.0,0.0,0.0,0.0,0.0,0.0,0.0,0.0
27.0,0,0,0,0,night,pa_3_rev,-E1,20.0,4,0.0,0,0.0,0.0,0,0,4,3,0.0,0,0,0.0,24,0.0,0.0,0.0,0.0,0.0,0.0,0.0,0.0,0.0,0.0,0.0,0.0,0.0
28.0,0,0,0,0,night,pa_3_rev,-E1,20.0,4,0.0,0,0.0,0.0,0,0,4,3,0.0,0,0,0.0,24,0.0,0.0,0.0,0.0,0.0,0.0,0.0,0.0,0.0,0.0,0.0,0.0,0.0
29.0,0,0,0,0,night,pa_3_rev,-E1,20.0,4,0.0,0,0.0,0.0,0,0,4,3,0.0,0,0,0.0,24,0.0,0.0,0.0,0.0,0.0,0.0,0.0,0.0,0.0,0.0,0.0,0.0,0.0
30.0,0,0,0,0,night,pa_3_rev,-E1,20.0,4,0.0,0,0.0,0.0,0,0,4,3,0.0,0,0,0.0,24,0.0,0.0,0.0,0.0,0.0,0.0,0.0,0.0,0.0,0.0,0.0,0.0,0.0
31.0,0,0,0,0,night,pa_3_rev,-E1,20.0,4,0.0,0,0.0,0.0,0,0,4,3,0.0,0,0,0.0,24,0.0,0.0,0.0,0.0,0.0,0.0,0.0,0.0,0.0,0.0,0.0,0.0,0.0
32.0,0,0,0,0,night,pa_3_rev,-E1,20.0,4,0.0,0,0.0,0.0,0,0,4,3,0.0,0,0,0.0,24,0.0,0.0,0.0,0.0,0.0,0.0,0.0,0.0,0.0,0.0,0.0,0.0,0.0
33.0,0,0,0,0,night,pa_3_rev,-E1,20.0,4,0.0,0,0.0,0.0,0,0,4,3,0.0,0,0,0.0,24,0.0,0.0,0.0,0.0,0.0,0.0,0.0,0.0,0.0,0.0,0.0,0.0,0.0
34.0,0,0,0,0,night,pa_3_rev,-E1,20.0,4,0.0,0,0.0,0.0,0,0,4,3,0.0,0,0,0.0,24,0.0,0.0,0.0,0.0,0.0,0.0,0.0,0.0,0.0,0.0,0.0,0.0,0.0
35.0,0,0,0,0,night,pa_3_rev,-E1,20.0,4,0.0,0,0.0,0.0,0,0,4,3,0.0,0,0,0.0,24,0.0,0.0,0.0,0.0,0.0,0.0,0.0,0.0,0.0,0.0,0.0,0.0,0.0
36.0,0,0,0,0,night,pa_3_rev,-E1,20.0,4,0.0,0,0.0,0.0,0,0,4,3,0.0,0,0,0.0,24,0.0,0.0,0.0,0.0,0.0,0.0,0.0,0.0,0.0,0.0,0.0,0.0,0.0
37.0,0,0,0,0,night,pa_3_rev,-E1,20.0,4,0.0,0,0.0,0.0,0,0,4,3,0.0,0,0,0.0,24,0.0,0.0,0.0,0.0,0.0,0.0,0.0,0.0,0.0,0.0,0.0,0.0,0.0
38.0,0,0,0,0,night,pa_3_rev,-E1,20.0,4,0.0,0,0.0,0.0,0,0,4,3,0.0,0,0,0.0,24,0.0,0.0,0.0,0.0,0.0,0.0,0.0,0.0,0.0,0.0,0.0,0.0,0.0
39.0,0,0,0,0,night,pa_3_rev,-E1,20.0,4,0.0,0,0.0,0.0,0,0,4,3,0.0,0,0,0.0,24,0.0,0.0,0.0,0.0,0.0,0.0,0.0,0.0,0.0,0.0,0.0,0.0,0.0
40.0,0,0,0,0,night,pa_3_rev,-E1,20.0,4,0.0,0,0.0,0.0,0,0,4,3,0.0,0,0,0.0,24,0.0,0.0,0.0,0.0,0.0,0.0,0.0,0.0,0.0,0.0,0.0,0.0,0.0
41.0,0,0,0,0,night,pa_3_rev,-E1,20.0,4,0.0,0,0.0,0.0,0,0,4,3,0.0,0,0,0.0,25,0.0,0.0,0.0,0.0,0.0,0.0,0.0,0.0,0.0,0.0,0.0,0.0,0.0
42.0,0,0,0,0,night,pa_3_rev,-E1,20.0,4,0.0,0,0.0,0.0,0,0,4,3,0.0,0,0,0.0,25,0.0,0.0,0.0,0.0,0.0,0.0,0.0,0.0,0.0,0.0,0.0,0.0,0.0
43.0,0,0,0,0,night,pa_3_rev,-E1,20.0,4,0.0,0,0.0,0.0,0,0,4,3,0.0,0,0,0.0,25,0.0,0.0,0.0,0.0,0.0,0.0,0.0,0.0,0.0,0.0,0.0,0.0,0.0
44.0,0,0,0,0,night,pa_3_rev,-E1,20.0,4,0.0,0,0.0,0.0,0,0,4,3,0.0,0,0,0.0,25,0.0,0.0,0.0,0.0,0.0,0.0,0.0,0.0,0.0,0.0,0.0,0.0,0.0
45.0,0,0,0,0,night,pa_3_rev,-E1,20.0,4,0.0,0,0.0,0.0,0,0,4,3,0.0,0,0,0.0,25,0.0,0.0,0.0,0.0,0.0,0.0,0.0,0.0,0.0,0.0,0.0,0.0,0.0
46.0,0,0,0,0,night,pa_3_rev,-E1,20.0,4,0.0,0,0.0,0.0,0,0,4,3,0.0,0,0,0.0,26,0.0,0.0,0.0,0.0,0.0,0.0,0.0,0.0,0.0,0.0,0.0,0.0,0.0
47.0,0,0,0,0,night,pa_3_rev,-E1,20.0,4,0.0,0,0.0,0.0,0,0,4,3,0.0,0,0,0.0,26,0.0,0.0,0.0,0.0,0.0,0.0,0.0,0.0,0.0,0.0,0.0,0.0,0.0
48.0,0,0,0,0,night,pa_3_rev,-E1,20.0,4,0.0,0,0.0,0.0,0,0,4,3,0.0,0,0,0.0,26,0.0,0.0,0.0,0.0,0.0,0.0,0.0,0.0,0.0,0.0,0.0,0.0,0.0
49.0,0,0,0,0,night,pa_3_rev,-E1,20.0,4,0.0,0,0.0,0.0,0,0,4,3,0.0,0,0,0.0,26,0.0,0.0,0.0,0.0,0.0,0.0,0.0,0.0,0.0,0.0,0.0,0.0,0.0
50.0,0,0,0,0,night,pa_3_rev,-E1,20.0,4,0.0,0,0.0,0.0,0,0,4,3,0.0,0,0,0.0,26,0.0,0.0,0.0,0.0,0.0,0.0,0.0,0.0,0.0,0.0,0.0,0.0,0.0
51.0,0,0,0,0,night,pa_3_rev,-E1,20.0,4,0.0,0,0.0,0.0,0,0,4,3,0.0,0,0,0.0,26,0.0,0.0,0.0,0.0,0.0,0.0,0.0,0.0,0.0,0.0,0.0,0.0,0.0
52.0,0,0,0,0,night,pa_3_rev,-E1,20.0,4,0.0,0,0.0,0.0,0,0,4,3,0.0,0,0,0.0,28,0.0,0.0,0.0,0.0,0.0,0.0,0.0,0.0,0.0,0.0,0.0,0.0,0.0
53.0,0,0,0,0,night,pa_3_rev,-E1,20.0,4,0.0,0,0.0,0.0,0,0,4,3,0.0,0,0,0.0,28,0.0,0.0,0.0,0.0,0.0,0.0,0.0,0.0,0.0,0.0,0.0,0.0,0.0
54.0,0,0,0,0,night,pa_3_rev,-E1,20.0,4,0.0,0,0.0,0.0,0,0,4,3,0.0,0,0,0.0,28,0.0,0.0,0.0,0.0,0.0,0.0,0.0,0.0,0.0,0.0,0.0,0.0,0.0
55.0,0,0,0,0,night,pa_3_rev,-E1,20.0,4,0.0,0,0.0,0.0,0,0,4,3,0.0,0,0,0.0,28,0.0,0.0,0.0,0.0,0.0,0.0,0.0,0.0,0.0,0.0,0.0,0.0,0.0
56.0,0,0,0,0,night,pa_3_rev,-E1,20.0,4,0.0,0,0.0,0.0,0,0,4,3,0.0,0,0,0.0,28,0.0,0.0,0.0,0.0,0.0,0.0,0.0,0.0,0.0,0.0,0.0,0.0,0.0
57.0,0,0,0,0,night,pa_3_rev,-E1,20.0,4,0.0,0,0.0,0.0,0,0,4,3,0.0,0,0,0.0,28,0.0,0.0,0.0,0.0,0.0,0.0,0.0,0.0,0.0,0.0,0.0,0.0,0.0
58.0,0,0,0,0,night,pa_3_rev,-E1,20.0,4,0.0,0,0.0,0.0,0,0,4,3,0.0,0,0,0.0,28,0.0,0.0,0.0,0.0,0.0,0.0,0.0,0.0,0.0,0.0,0.0,0.0,0.0
59.0,0,0,0,0,night,pa_3_rev,-E1,20.0,4,0.0,0,0.0,0.0,0,0,4,3,0.0,0,0,0.0,28,0.0,0.0,0.0,0.0,0.0,0.0,0.0,0.0,0.0,0.0,0.0,0.0,0.0
60.0,0,1,0,0,night,pa_3_rev,-E1,20.0,4,0.0,0,0.0,0.0,0,0,4,3,0.0,0,0,0.0,28,0.0,0.0,0.0,0.0,0.0,0.0,0.0,0.0,0.0,0.0,0.0,0.0,0.0
61.0,0,1,0,0,night,pa_3_rev,-E1,20.0,4,0.0,0,0.0,0.0,0,0,4,3,0.0,0,0,0.0,30,0.0,0.0,0.0,0.0,0.0,0.0,0.0,0.0,0.0,0.0,0.0,0.0,0.0
62.0,0,1,0,0,night,pa_3_rev,-E1,20.0,4,0.0,0,0.0,0.0,0,0,4,3,0.0,0,0,0.0,30,0.0,0.0,0.0,0.0,0.0,0.0,0.0,0.0,0.0,0.0,0.0,0.0,0.0
63.0,0,1,0,0,night,pa_3_rev,-E1,20.0,4,0.0,0,0.0,0.0,0,0,4,3,0.0,0,0,0.0,30,0.0,0.0,0.0,0.0,0.0,0.0,0.0,0.0,0.0,0.0,0.0,0.0,0.0
64.0,0,1,0,0,night,pa_3_rev,-E1,20.0,4,0.0,0,0.0,0.0,0,0,4,3,0.0,0,0,0.0,30,0.0,0.0,0.0,0.0,0.0,0.0,0.0,0.0,0.0,0.0,0.0,0.0,0.0
65.0,0,1,0,0,night,pa_3_rev,-E1,20.0,4,0.0,0,0.0,0.0,0,0,4,3,0.0,0,0,0.0,30,0.0,0.0,0.0,0.0,0.0,0.0,0.0,0.0,0.0,0.0,0.0,0.0,0.0
66.0,0,1,0,0,night,pa_3_rev,-E1,20.0,4,0.0,0,0.0,0.0,0,0,4,3,0.0,0,0,0.0,30,0.0,0.0,0.0,0.0,0.0,0.0,0.0,0.0,0.0,0.0,0.0,0.0,0.0
67.0,0,1,0,0,night,pa_3_rev,-E1,20.0,4,0.0,0,0.0,0.0,0,0,4,3,0.0,0,0,0.0,30,0.0,0.0,0.0,0.0,0.0,0.0,0.0,0.0,0.0,0.0,0.0,0.0,0.0
68.0,0,1,0,0,night,pa_3_rev,-E1,20.0,4,0.0,0,0.0,0.0,0,0,4,3,0.0,0,0,0.0,30,0.0,0.0,0.0,0.0,0.0,0.0,0.0,0.0,0.0,0.0,0.0,0.0,0.0
69.0,0,1,0,0,night,pa_3_rev,-E1,20.0,4,0.0,0,0.0,0.0,0,0,4,3,0.0,0,0,0.0,30,0.0,0.0,0.0,0.0,0.0,0.0,0.0,0.0,0.0,0.0,0.0,0.0,0.0
70.0,0,1,0,0,night,pa_3_rev,-E1,20.0,4,0.0,0,0.0,0.0,0,0,4,3,0.0,0,0,0.0,30,0.0,0.0,0.0,0.0,0.0,0.0,0.0,0.0,0.0,0.0,0.0,0.0,0.0
71.0,0,1,0,0,night,pa_3_rev,-E1,20.0,4,0.0,0,0.0,0.0,0,0,4,3,0.0,0,0,0.0,30,0.0,0.0,0.0,0.0,0.0,0.0,0.0,0.0,0.0,0.0,0.0,0.0,0.0
72.0,0,1,0,0,night,pa_3_rev,-E1,20.0,4,0.0,0,0.0,0.0,0,0,4,3,0.0,0,0,0.0,30,0.0,0.0,0.0,0.0,0.0,0.0,0.0,0.0,0.0,0.0,0.0,0.0,0.0
73.0,0,1,0,0,night,pa_3_rev,-E1,20.0,4,0.0,0,0.0,0.0,0,0,4,3,0.0,0,0,0.0,32,0.0,0.0,0.0,0.0,0.0,0.0,0.0,0.0,0.0,0.0,0.0,0.0,0.0
74.0,0,1,0,0,night,pa_3_rev,-E1,20.0,4,0.0,0,0.0,0.0,0,0,4,3,0.0,0,0,0.0,32,0.0,0.0,0.0,0.0,0.0,0.0,0.0,0.0,0.0,0.0,0.0,0.0,0.0
75.0,0,1,0,0,night,pa_3_rev,-E1,20.0,4,0.0,0,0.0,0.0,0,0,4,3,0.0,0,0,0.0,32,0.0,0.0,0.0,0.0,0.0,0.0,0.0,0.0,0.0,0.0,0.0,0.0,0.0
76.0,0,1,0,0,night,pa_3_rev,-E1,20.0,4,0.0,0,0.0,0.0,0,0,4,3,0.0,0,0,0.0,32,0.0,0.0,0.0,0.0,0.0,0.0,0.0,0.0,0.0,0.0,0.0,0.0,0.0
77.0,0,1,0,0,night,pa_3_rev,-E1,20.0,4,0.0,0,0.0,0.0,0,0,4,3,0.0,0,0,0.0,32,0.0,0.0,0.0,0.0,0.0,0.0,0.0,0.0,0.0,0.0,0.0,0.0,0.0
78.0,0,1,0,0,night,pa_3_rev,-E1,20.0,4,0.0,0,0.0,0.0,0,0,4,3,0.0,0,0,0.0,32,0.0,0.0,0.0,0.0,0.0,0.0,0.0,0.0,0.0,0.0,0.0,0.0,0.0
79.0,0,1,0,0,night,pa_3_rev,-E1,20.0,4,0.0,0,0.0,0.0,0,0,4,3,0.0,0,0,0.0,32,0.0,0.0,0.0,0.0,0.0,0.0,0.0,0.0,0.0,0.0,0.0,0.0,0.0
80.0,0,1,0,0,night,pa_3_rev,-E1,20.0,4,0.0,0,0.0,0.0,0,0,4,3,0.0,0,0,0.0,32,0.0,0.0,0.0,0.0,0.0,0.0,0.0,0.0,0.0,0.0,0.0,0.0,0.0
81.0,0,1,0,0,night,pa_3_rev,-E1,20.0,4,0.0,0,0.0,0.0,0,0,4,3,0.0,0,0,0.0,34,0.0,0.0,0.0,0.0,0.0,0.0,0.0,0.0,0.0,0.0,0.0,0.0,0.0
82.0,0,1,0,0,night,pa_3_rev,-E1,20.0,4,0.0,0,0.0,0.0,0,0,4,3,0.0,0,0,0.0,34,0.0,0.0,0.0,0.0,0.0,0.0,0.0,0.0,0.0,0.0,0.0,0.0,0.0
83.0,0,1,0,0,night,pa_3_rev,-E1,20.0,4,0.0,0,0.0,0.0,0,0,4,3,0.0,0,0,0.0,34,0.0,0.0,0.0,0.0,0.0,0.0,0.0,0.0,0.0,0.0,0.0,0.0,0.0
84.0,0,1,0,0,night,pa_3_rev,-E1,20.0,4,0.0,0,0.0,0.0,0,0,4,3,0.0,0,0,0.0,34,0.0,0.0,0.0,0.0,0.0,0.0,0.0,0.0,0.0,0.0,0.0,0.0,0.0
85.0,0,1,0,0,night,pa_3_rev,-E1,20.0,4,0.0,0,0.0,0.0,0,0,4,3,0.0,0,0,0.0,34,0.0,0.0,0.0,0.0,0.0,0.0,0.0,0.0,0.0,0.0,0.0,0.0,0.0
86.0,0,1,0,0,night,pa_3_rev,-E1,20.0,4,0.0,0,0.0,0.0,0,0,4,3,0.0,0,0,0.0,34,0.0,0.0,0.0,0.0,0.0,0.0,0.0,0.0,0.0,0.0,0.0,0.0,0.0
87.0,0,1,0,0,night,pa_3_rev,-E1,20.0,4,0.0,0,0.0,0.0,0,0,4,3,0.0,0,0,0.0,34,0.0,0.0,0.0,0.0,0.0,0.0,0.0,0.0,0.0,0.0,0.0,0.0,0.0
88.0,0,1,0,0,night,pa_3_rev,-E1,20.0,4,0.0,0,0.0,0.0,0,0,4,3,0.0,0,0,0.0,34,0.0,0.0,0.0,0.0,0.0,0.0,0.0,0.0,0.0,0.0,0.0,0.0,0.0
89.0,0,1,0,0,night,pa_3_rev,-E1,20.0,4,0.0,0,0.0,0.0,0,0,4,3,0.0,0,0,0.0,34,0.0,0.0,0.0,0.0,0.0,0.0,0.0,0.0,0.0,0.0,0.0,0.0,0.0
90.0,0,1,0,0,night,pa_3_rev,-E1,20.0,4,0.0,0,0.0,0.0,0,0,4,3,0.0,0,0,0.0,34,0.0,0.0,0.0,0.0,0.0,0.0,0.0,0.0,0.0,0.0,0.0,0.0,0.0
91.0,0,1,0,0,night,pa_3_rev,-E1,20.0,4,0.0,0,0.0,0.0,0,0,4,3,0.0,0,0,0.0,35,0.0,0.0,0.0,0.0,0.0,0.0,0.0,0.0,0.0,0.0,0.0,0.0,0.0
92.0,0,1,0,0,night,pa_3_rev,-E1,20.0,4,0.0,0,0.0,0.0,0,0,4,3,0.0,0,0,0.0,35,0.0,0.0,0.0,0.0,0.0,0.0,0.0,0.0,0.0,0.0,0.0,0.0,0.0
93.0,0,1,0,0,night,pa_3_rev,-E1,20.0,4,0.0,0,0.0,0.0,0,0,4,3,0.0,0,0,0.0,36,0.0,0.0,0.0,0.0,0.0,0.0,0.0,0.0,0.0,0.0,0.0,0.0,0.0
94.0,0,1,0,0,night,pa_3_rev,-E1,20.0,4,0.0,0,0.0,0.0,0,0,4,3,0.0,0,0,0.0,36,0.0,0.0,0.0,0.0,0.0,0.0,0.0,0.0,0.0,0.0,0.0,0.0,0.0
95.0,0,1,0,0,night,pa_3_rev,-E1,20.0,4,0.0,0,0.0,0.0,0,0,4,3,0.0,0,0,0.0,36,0.0,0.0,0.0,0.0,0.0,0.0,0.0,0.0,0.0,0.0,0.0,0.0,0.0
96.0,0,1,0,0,night,pa_3_rev,-E1,20.0,4,0.0,0,0.0,0.0,0,0,4,3,0.0,0,0,0.0,36,0.0,0.0,0.0,0.0,0.0,0.0,0.0,0.0,0.0,0.0,0.0,0.0,0.0
97.0,0,1,0,0,night,pa_3_rev,-E1,20.0,4,0.0,0,0.0,0.0,0,0,4,3,0.0,0,0,0.0,36,0.0,0.0,0.0,0.0,0.0,0.0,0.0,0.0,0.0,0.0,0.0,0.0,0.0
98.0,0,1,0,0,night,pa_3_rev,-E1,20.0,4,0.0,0,0.0,0.0,0,0,4,3,0.0,0,0,0.0,36,0.0,0.0,0.0,0.0,0.0,0.0,0.0,0.0,0.0,0.0,0.0,0.0,0.0
99.0,0,1,0,0,night,pa_3_rev,-E1,20.0,4,0.0,0,0.0,0.0,0,0,4,3,0.0,0,0,0.0,36,0.0,0.0,0.0,0.0,0.0,0.0,0.0,0.0,0.0,0.0,0.0,0.0,0.0
100.0,0,1,0,0,night,pa_3_rev,-E1,20.0,4,0.0,0,0.0,0.0,0,0,4,3,0.0,0,0,0.0,36,0.0,0.0,0.0,0.0,0.0,0.0,0.0,0.0,0.0,0.0,0.0,0.0,0.0
101.0,0,1,0,0,night,pa_3_rev,-E1,20.0,4,0.0,0,0.0,0.0,0,0,4,3,0.0,0,0,0.0,36,0.0,0.0,0.0,0.0,0.0,0.0,0.0,0.0,0.0,0.0,0.0,0.0,0.0
102.0,0,1,0,0,night,pa_3_rev,-E1,20.0,4,0.0,0,0.0,0.0,0,0,4,3,0.0,0,0,0.0,36,0.0,0.0,0.0,0.0,0.0,0.0,0.0,0.0,0.0,0.0,0.0,0.0,0.0
103.0,0,1,0,0,night,pa_3_rev,-E1,20.0,4,0.0,0,0.0,0.0,0,0,4,3,0.0,0,0,0.0,41,0.0,0.0,0.0,0.0,0.0,0.0,0.0,0.0,0.0,0.0,0.0,0.0,0.0
104.0,0,1,0,0,night,pa_3_rev,-E1,20.0,4,0.0,0,0.0,0.0,0,0,4,3,0.0,0,0,0.0,41,0.0,0.0,0.0,0.0,0.0,0.0,0.0,0.0,0.0,0.0,0.0,0.0,0.0
105.0,0,1,0,0,night,pa_3_rev,-E1,20.0,4,0.0,0,0.0,0.0,0,0,4,3,0.0,0,0,0.0,41,0.0,0.0,0.0,0.0,0.0,0.0,0.0,0.0,0.0,0.0,0.0,0.0,0.0
106.0,0,1,0,0,night,pa_3_rev,-E1,20.0,4,0.0,0,0.0,0.0,0,0,4,3,0.0,0,0,0.0,41,0.0,0.0,0.0,0.0,0.0,0.0,0.0,0.0,0.0,0.0,0.0,0.0,0.0
107.0,0,1,0,0,night,pa_3_rev,-E1,20.0,4,0.0,0,0.0,0.0,0,0,4,3,0.0,0,0,0.0,41,0.0,0.0,0.0,0.0,0.0,0.0,0.0,0.0,0.0,0.0,0.0,0.0,0.0
108.0,0,1,0,0,night,pa_3_rev,-E1,20.0,4,0.0,0,0.0,0.0,0,0,4,3,0.0,0,0,0.0,41,0.0,0.0,0.0,0.0,0.0,0.0,0.0,0.0,0.0,0.0,0.0,0.0,0.0
109.0,0,1,0,0,night,pa_3_rev,-E1,20.0,4,0.0,0,0.0,0.0,0,0,4,3,0.0,0,0,0.0,41,0.0,0.0,0.0,0.0,0.0,0.0,0.0,0.0,0.0,0.0,0.0,0.0,0.0
110.0,0,1,0,0,night,pa_3_rev,-E1,20.0,4,0.0,0,0.0,0.0,0,0,4,3,0.0,0,0,0.0,41,0.0,0.0,0.0,0.0,0.0,0.0,0.0,0.0,0.0,0.0,0.0,0.0,0.0
111.0,0,1,0,0,night,pa_3_rev,-E1,20.0,4,0.0,0,0.0,0.0,0,0,4,3,0.0,0,0,0.0,41,0.0,0.0,0.0,0.0,0.0,0.0,0.0,0.0,0.0,0.0,0.0,0.0,0.0
112.0,0,1,0,0,night,pa_3_rev,-E1,20.0,4,0.0,0,0.0,0.0,0,0,4,3,0.0,0,0,0.0,41,0.0,0.0,0.0,0.0,0.0,0.0,0.0,0.0,0.0,0.0,0.0,0.0,0.0
113.0,0,1,0,0,night,pa_3_rev,-E1,20.0,4,0.0,0,0.0,0.0,0,0,4,3,0.0,0,0,0.0,41,0.0,0.0,0.0,0.0,0.0,0.0,0.0,0.0,0.0,0.0,0.0,0.0,0.0
114.0,0,1,0,0,night,pa_3_rev,-E1,20.0,4,0.0,0,0.0,0.0,0,0,4,3,0.0,0,0,0.0,41,0.0,0.0,0.0,0.0,0.0,0.0,0.0,0.0,0.0,0.0,0.0,0.0,0.0
115.0,0,1,0,0,night,pa_3_rev,-E1,20.0,4,0.0,0,0.0,0.0,0,0,4,3,0.0,0,0,0.0,41,0.0,0.0,0.0,0.0,0.0,0.0,0.0,0.0,0.0,0.0,0.0,0.0,0.0
116.0,0,1,0,0,night,pa_3_rev,-E1,20.0,4,0.0,0,0.0,0.0,0,0,4,3,0.0,0,0,0.0,41,0.0,0.0,0.0,0.0,0.0,0.0,0.0,0.0,0.0,0.0,0.0,0.0,0.0
117.0,0,1,0,0,night,pa_3_rev,-E1,20.0,4,0.0,0,0.0,0.0,0,0,4,3,0.0,0,0,0.0,41,0.0,0.0,0.0,0.0,0.0,0.0,0.0,0.0,0.0,0.0,0.0,0.0,0.0
118.0,0,1,0,0,night,pa_3_rev,-E1,20.0,4,0.0,0,0.0,0.0,0,0,4,3,0.0,0,0,0.0,41,0.0,0.0,0.0,0.0,0.0,0.0,0.0,0.0,0.0,0.0,0.0,0.0,0.0
119.0,0,1,0,0,night,pa_3_rev,-E1,20.0,4,0.0,0,0.0,0.0,0,0,4,3,0.0,0,0,0.0,41,0.0,0.0,0.0,0.0,0.0,0.0,0.0,0.0,0.0,0.0,0.0,0.0,0.0
120.0,0,2,0,0,night,pa_3_rev,-E1,20.0,4,0.0,0,0.0,0.0,0,0,4,3,0.0,0,0,0.0,41,0.0,0.0,0.0,0.0,0.0,0.0,0.0,0.0,0.0,0.0,0.0,0.0,0.0
121.0,0,2,0,0,night,pa_3_rev,-E1,20.0,4,0.0,0,0.0,0.0,0,0,4,3,0.0,0,0,0.0,44,0.0,0.0,0.0,0.0,0.0,0.0,0.0,0.0,0.0,0.0,0.0,0.0,0.0
122.0,0,2,0,0,night,pa_3_rev,-E1,20.0,4,0.0,0,0.0,0.0,0,0,4,3,0.0,0,0,0.0,44,0.0,0.0,0.0,0.0,0.0,0.0,0.0,0.0,0.0,0.0,0.0,0.0,0.0
123.0,0,2,0,0,night,pa_3_rev,-E1,20.0,4,0.0,0,0.0,0.0,0,0,4,3,0.0,0,0,0.0,46,0.0,0.0,0.0,0.0,0.0,0.0,0.0,0.0,0.0,0.0,0.0,0.0,0.0
124.0,0,2,0,0,night,pa_3_rev,-E1,20.0,4,0.0,0,0.0,0.0,0,0,4,3,0.0,0,0,0.0,46,0.0,0.0,0.0,0.0,0.0,0.0,0.0,0.0,0.0,0.0,0.0,0.0,0.0
125.0,0,2,0,0,night,pa_3_rev,-E1,20.0,4,0.0,0,0.0,0.0,0,0,4,3,0.0,0,0,0.0,46,0.0,0.0,0.0,0.0,0.0,0.0,0.0,0.0,0.0,0.0,0.0,0.0,0.0
126.0,0,2,0,0,night,pa_3_rev,-E1,20.0,4,0.0,0,0.0,0.0,0,0,4,3,0.0,0,0,0.0,46,0.0,0.0,0.0,0.0,0.0,0.0,0.0,0.0,0.0,0.0,0.0,0.0,0.0
127.0,0,2,0,0,night,pa_3_rev,-E1,20.0,4,0.0,0,0.0,0.0,0,0,4,3,0.0,0,0,0.0,46,0.0,0.0,0.0,0.0,0.0,0.0,0.0,0.0,0.0,0.0,0.0,0.0,0.0
128.0,0,2,0,0,night,pa_3_rev,-E1,20.0,4,0.0,0,0.0,0.0,0,0,4,3,0.0,0,0,0.0,46,0.0,0.0,0.0,0.0,0.0,0.0,0.0,0.0,0.0,0.0,0.0,0.0,0.0
129.0,0,2,0,0,night,pa_3_rev,-E1,20.0,4,0.0,0,0.0,0.0,0,0,4,3,0.0,0,0,0.0,46,0.0,0.0,0.0,0.0,0.0,0.0,0.0,0.0,0.0,0.0,0.0,0.0,0.0
130.0,0,2,0,0,night,pa_3_rev,-E1,20.0,4,0.0,0,0.0,0.0,0,0,4,3,0.0,0,0,0.0,46,0.0,0.0,0.0,0.0,0.0,0.0,0.0,0.0,0.0,0.0,0.0,0.0,0.0
131.0,0,2,0,0,night,pa_3_rev,-E1,20.0,4,0.0,0,0.0,0.0,0,0,4,3,0.0,0,0,0.0,46,0.0,0.0,0.0,0.0,0.0,0.0,0.0,0.0,0.0,0.0,0.0,0.0,0.0
132.0,0,2,0,0,night,pa_3_rev,-E1,20.0,4,0.0,0,0.0,0.0,0,0,4,3,0.0,0,0,0.0,46,0.0,0.0,0.0,0.0,0.0,0.0,0.0,0.0,0.0,0.0,0.0,0.0,0.0
133.0,0,2,0,0,night,pa_3_rev,-E1,20.0,4,0.0,0,0.0,0.0,0,0,4,3,0.0,0,0,0.0,46,0.0,0.0,0.0,0.0,0.0,0.0,0.0,0.0,0.0,0.0,0.0,0.0,0.0
134.0,0,2,0,0,night,pa_3_rev,-E1,20.0,4,0.0,0,0.0,0.0,0,0,4,3,0.0,0,0,0.0,46,0.0,0.0,0.0,0.0,0.0,0.0,0.0,0.0,0.0,0.0,0.0,0.0,0.0
135.0,0,2,0,0,night,pa_3_rev,-E1,20.0,4,0.0,0,0.0,0.0,0,0,4,3,0.0,0,0,0.0,46,0.0,0.0,0.0,0.0,0.0,0.0,0.0,0.0,0.0,0.0,0.0,0.0,0.0
136.0,0,2,0,0,night,pa_3_rev,-E1,20.0,4,0.0,0,0.0,0.0,0,0,4,3,0.0,0,0,0.0,47,0.0,0.0,0.0,0.0,0.0,0.0,0.0,0.0,0.0,0.0,0.0,0.0,0.0
137.0,0,2,0,0,night,pa_3_rev,-E1,20.0,4,0.0,0,0.0,0.0,0,0,4,3,0.0,0,0,0.0,47,0.0,0.0,0.0,0.0,0.0,0.0,0.0,0.0,0.0,0.0,0.0,0.0,0.0
138.0,0,2,0,0,night,pa_3_rev,-E1,20.0,4,0.0,0,0.0,0.0,0,0,4,3,0.0,0,0,0.0,47,0.0,0.0,0.0,0.0,0.0,0.0,0.0,0.0,0.0,0.0,0.0,0.0,0.0
139.0,0,2,0,0,night,pa_3_rev,-E1,20.0,4,0.0,0,0.0,0.0,0,0,4,3,0.0,0,0,0.0,47,0.0,0.0,0.0,0.0,0.0,0.0,0.0,0.0,0.0,0.0,0.0,0.0,0.0
140.0,0,2,0,0,night,pa_3_rev,-E1,20.0,4,0.0,0,0.0,0.0,0,0,4,3,0.0,0,0,0.0,47,0.0,0.0,0.0,0.0,0.0,0.0,0.0,0.0,0.0,0.0,0.0,0.0,0.0
141.0,0,2,0,0,night,pa_3_rev,-E1,20.0,4,0.0,0,0.0,0.0,0,0,4,3,0.0,0,0,0.0,47,0.0,0.0,0.0,0.0,0.0,0.0,0.0,0.0,0.0,0.0,0.0,0.0,0.0
142.0,0,2,0,0,night,pa_3_rev,-E1,20.0,4,0.0,0,0.0,0.0,0,0,4,3,0.0,0,0,0.0,47,0.0,0.0,0.0,0.0,0.0,0.0,0.0,0.0,0.0,0.0,0.0,0.0,0.0
143.0,0,2,0,0,night,pa_3_rev,-E1,20.0,4,0.0,0,0.0,0.0,0,0,4,3,0.0,0,0,0.0,47,0.0,0.0,0.0,0.0,0.0,0.0,0.0,0.0,0.0,0.0,0.0,0.0,0.0
144.0,0,2,0,0,night,pa_3_rev,-E1,20.0,4,0.0,0,0.0,0.0,0,0,4,3,0.0,0,0,0.0,47,0.0,0.0,0.0,0.0,0.0,0.0,0.0,0.0,0.0,0.0,0.0,0.0,0.0
145.0,0,2,0,0,night,pa_3_rev,-E1,20.0,4,0.0,0,0.0,0.0,0,0,4,3,0.0,0,0,0.0,52,0.0,0.0,0.0,0.0,0.0,0.0,0.0,0.0,0.0,0.0,0.0,0.0,0.0
146.0,0,2,0,0,night,pa_3_rev,-E1,20.0,4,0.0,0,0.0,0.0,0,0,4,3,0.0,0,0,0.0,52,0.0,0.0,0.0,0.0,0.0,0.0,0.0,0.0,0.0,0.0,0.0,0.0,0.0
147.0,0,2,0,0,night,pa_3_rev,-E1,20.0,4,0.0,0,0.0,0.0,0,0,4,3,0.0,0,0,0.0,52,0.0,0.0,0.0,0.0,0.0,0.0,0.0,0.0,0.0,0.0,0.0,0.0,0.0
148.0,0,2,0,0,night,pa_3_rev,-E1,20.0,4,0.0,0,0.0,0.0,0,0,4,3,0.0,0,0,0.0,52,0.0,0.0,0.0,0.0,0.0,0.0,0.0,0.0,0.0,0.0,0.0,0.0,0.0
149.0,0,2,0,0,night,pa_3_rev,-E1,20.0,4,0.0,0,0.0,0.0,0,0,4,3,0.0,0,0,0.0,52,0.0,0.0,0.0,0.0,0.0,0.0,0.0,0.0,0.0,0.0,0.0,0.0,0.0
150.0,0,2,0,0,night,pa_3_rev,-E1,20.0,4,0.0,0,0.0,0.0,0,0,4,3,0.0,0,0,0.0,52,0.0,0.0,0.0,0.0,0.0,0.0,0.0,0.0,0.0,0.0,0.0,0.0,0.0
151.0,0,2,0,0,night,pa_3_rev,-E1,20.0,4,0.0,0,0.0,0.0,0,0,4,3,0.0,0,0,0.0,52,0.0,0.0,0.0,0.0,0.0,0.0,0.0,0.0,0.0,0.0,0.0,0.0,0.0
152.0,0,2,0,0,night,pa_3_rev,-E1,20.0,4,0.0,0,0.0,0.0,0,0,4,3,0.0,0,0,0.0,52,0.0,0.0,0.0,0.0,0.0,0.0,0.0,0.0,0.0,0.0,0.0,0.0,0.0
153.0,0,2,0,0,night,pa_3_rev,-E1,20.0,4,0.0,0,0.0,0.0,0,0,4,3,0.0,0,0,0.0,52,0.0,0.0,0.0,0.0,0.0,0.0,0.0,0.0,0.0,0.0,0.0,0.0,0.0
154.0,0,2,0,0,night,pa_3_rev,-E1,20.0,4,0.0,0,0.0,0.0,0,0,4,3,0.0,0,0,0.0,52,0.0,0.0,0.0,0.0,0.0,0.0,0.0,0.0,0.0,0.0,0.0,0.0,0.0
155.0,0,2,0,0,night,pa_3_rev,-E1,20.0,4,0.0,0,0.0,0.0,0,0,4,3,0.0,0,0,0.0,54,0.0,0.0,0.0,0.0,0.0,0.0,0.0,0.0,0.0,0.0,0.0,0.0,0.0
156.0,0,2,0,0,night,pa_3_rev,-E1,20.0,4,0.0,0,0.0,0.0,0,0,4,3,0.0,0,0,0.0,54,0.0,0.0,0.0,0.0,0.0,0.0,0.0,0.0,0.0,0.0,0.0,0.0,0.0
157.0,0,2,0,0,night,pa_3_rev,-E1,20.0,4,0.0,0,0.0,0.0,0,0,4,3,0.0,0,0,0.0,54,0.0,0.0,0.0,0.0,0.0,0.0,0.0,0.0,0.0,0.0,0.0,0.0,0.0
158.0,0,2,0,0,night,pa_3_rev,-E1,20.0,4,0.0,0,0.0,0.0,0,0,4,3,0.0,0,0,0.0,54,0.0,0.0,0.0,0.0,0.0,0.0,0.0,0.0,0.0,0.0,0.0,0.0,0.0
159.0,0,2,0,0,night,pa_3_rev,-E1,20.0,4,0.0,0,0.0,0.0,0,0,4,3,0.0,0,0,0.0,54,0.0,0.0,0.0,0.0,0.0,0.0,0.0,0.0,0.0,0.0,0.0,0.0,0.0
160.0,0,2,0,0,night,pa_3_rev,-E1,20.0,4,0.0,0,0.0,0.0,0,0,4,3,0.0,0,0,0.0,54,0.0,0.0,0.0,0.0,0.0,0.0,0.0,0.0,0.0,0.0,0.0,0.0,0.0
161.0,0,2,0,0,night,pa_3_rev,-E1,20.0,4,0.0,0,0.0,0.0,0,0,4,3,0.0,0,0,0.0,56,0.0,0.0,0.0,0.0,0.0,0.0,0.0,0.0,0.0,0.0,0.0,0.0,0.0
162.0,0,2,0,0,night,pa_3_rev,-E1,20.0,4,0.0,0,0.0,0.0,0,0,4,3,0.0,0,0,0.0,56,0.0,0.0,0.0,0.0,0.0,0.0,0.0,0.0,0.0,0.0,0.0,0.0,0.0
163.0,0,2,0,0,night,pa_3_rev,-E1,20.0,4,0.0,0,0.0,0.0,0,0,4,3,0.0,0,0,0.0,56,0.0,0.0,0.0,0.0,0.0,0.0,0.0,0.0,0.0,0.0,0.0,0.0,0.0
164.0,0,2,0,0,night,pa_3_rev,-E1,20.0,4,0.0,0,0.0,0.0,0,0,4,3,0.0,0,0,0.0,56,0.0,0.0,0.0,0.0,0.0,0.0,0.0,0.0,0.0,0.0,0.0,0.0,0.0
165.0,0,2,0,0,night,pa_3_rev,-E1,20.0,4,0.0,0,0.0,0.0,0,0,4,3,0.0,0,0,0.0,56,0.0,0.0,0.0,0.0,0.0,0.0,0.0,0.0,0.0,0.0,0.0,0.0,0.0
166.0,0,2,0,0,night,pa_3_rev,-E1,20.0,4,0.0,0,0.0,0.0,0,0,4,3,0.0,0,0,0.0,56,0.0,0.0,0.0,0.0,0.0,0.0,0.0,0.0,0.0,0.0,0.0,0.0,0.0
167.0,0,2,0,0,night,pa_3_rev,-E1,20.0,4,0.0,0,0.0,0.0,0,0,4,3,0.0,0,0,0.0,56,0.0,0.0,0.0,0.0,0.0,0.0,0.0,0.0,0.0,0.0,0.0,0.0,0.0
168.0,0,2,0,0,night,pa_3_rev,-E1,20.0,4,0.0,0,0.0,0.0,0,0,4,3,0.0,0,0,0.0,56,0.0,0.0,0.0,0.0,0.0,0.0,0.0,0.0,0.0,0.0,0.0,0.0,0.0
169.0,0,2,0,0,night,pa_3_rev,-E1,20.0,4,0.0,0,0.0,0.0,0,0,4,3,0.0,0,0,0.0,56,0.0,0.0,0.0,0.0,0.0,0.0,0.0,0.0,0.0,0.0,0.0,0.0,0.0
170.0,0,2,0,0,night,pa_3_rev,-E1,20.0,4,0.0,0,0.0,0.0,0,0,4,3,0.0,0,0,0.0,56,0.0,0.0,0.0,0.0,0.0,0.0,0.0,0.0,0.0,0.0,0.0,0.0,0.0
171.0,0,2,0,0,night,pa_3_rev,-E1,20.0,4,0.0,0,0.0,0.0,0,0,4,3,0.0,0,0,0.0,56,0.0,0.0,0.0,0.0,0.0,0.0,0.0,0.0,0.0,0.0,0.0,0.0,0.0
172.0,0,2,0,0,night,pa_3_rev,-E1,20.0,4,0.0,0,0.0,0.0,0,0,4,3,0.0,0,0,0.0,56,0.0,0.0,0.0,0.0,0.0,0.0,0.0,0.0,0.0,0.0,0.0,0.0,0.0
173.0,0,2,0,0,night,pa_3_rev,-E1,20.0,4,0.0,0,0.0,0.0,0,0,4,3,0.0,0,0,0.0,56,0.0,0.0,0.0,0.0,0.0,0.0,0.0,0.0,0.0,0.0,0.0,0.0,0.0
174.0,0,2,0,0,night,pa_3_rev,-E1,20.0,4,0.0,0,0.0,0.0,0,0,4,3,0.0,0,0,0.0,56,0.0,0.0,0.0,0.0,0.0,0.0,0.0,0.0,0.0,0.0,0.0,0.0,0.0
175.0,0,2,0,0,night,pa_3_rev,-E1,20.0,4,0.0,0,0.0,0.0,0,0,4,3,0.0,0,0,0.0,56,0.0,0.0,0.0,0.0,0.0,0.0,0.0,0.0,0.0,0.0,0.0,0.0,0.0
176.0,0,2,0,0,night,pa_3_rev,-E1,20.0,4,0.0,0,0.0,0.0,0,0,4,3,0.0,0,0,0.0,56,0.0,0.0,0.0,0.0,0.0,0.0,0.0,0.0,0.0,0.0,0.0,0.0,0.0
177.0,0,2,0,0,night,pa_3_rev,-E1,20.0,4,0.0,0,0.0,0.0,0,0,4,3,0.0,0,0,0.0,56,0.0,0.0,0.0,0.0,0.0,0.0,0.0,0.0,0.0,0.0,0.0,0.0,0.0
178.0,0,2,0,0,night,pa_3_rev,-E1,20.0,4,0.0,0,0.0,0.0,0,0,4,3,0.0,0,0,0.0,56,0.0,0.0,0.0,0.0,0.0,0.0,0.0,0.0,0.0,0.0,0.0,0.0,0.0
179.0,0,2,0,0,night,pa_3_rev,-E1,20.0,4,0.0,0,0.0,0.0,0,0,4,3,0.0,0,0,0.0,56,0.0,0.0,0.0,0.0,0.0,0.0,0.0,0.0,0.0,0.0,0.0,0.0,0.0
180.0,0,3,0,0,night,pa_3_rev,-E1,20.0,4,0.0,0,0.0,0.0,0,0,4,3,0.0,0,0,0.0,56,0.0,0.0,0.0,0.0,0.0,0.0,0.0,0.0,0.0,0.0,0.0,0.0,0.0
181.0,0,3,0,0,night,pa_3_rev,-E1,20.0,4,0.0,0,0.0,0.0,0,0,4,3,20.0,1,0,2.27,59,0.0,0.0,0.0,0.0,0.0,0.0,0.0,0.0,0.0,0.0,0.0,0.0,0.0
182.0,0,3,0,0,night,pa_3_rev,-E1,20.0,4,0.0,0,0.0,0.0,0,0,4,3,40.0,2,0,4.55,59,0.0,0.0,0.0,0.0,0.0,0.0,0.0,20.0,0.0,0.0,0.0,0.0,0.0
183.0,0,3,0,0,night,pa_3_rev,-E1,20.0,4,0.0,0,0.0,0.0,0,0,4,3,60.0,3,0,6.82,61,0.0,0.0,0.0,0.0,0.0,0.0,0.0,40.0,0.0,0.0,0.0,0.0,0.0
184.0,0,3,0,0,night,pa_3_rev,-E1,20.0,4,0.0,0,0.0,0.0,0,0,4,3,60.0,3,0,6.82,61,0.0,0.0,0.0,0.0,0.0,0.0,0.0,60.0,0.0,0.0,0.0,0.0,0.0
185.0,0,3,0,0,night,pa_3_rev,-E1,20.0,4,0.0,0,0.0,0.0,0,0,4,3,60.0,3,0,6.82,61,0.0,0.0,0.0,0.0,0.0,0.0,0.0,60.0,0.0,0.0,0.0,0.0,0.0
186.0,0,3,0,0,night,pa_3_rev,-E1,20.0,4,0.0,0,0.0,0.0,0,0,4,3,60.0,3,0,6.82,62,0.0,0.0,0.0,0.0,0.0,0.0,0.0,60.0,20.0,0.0,0.0,0.0,0.0
187.0,0,3,0,0,night,pa_3_rev,-E1,20.0,4,0.0,0,0.0,0.0,0,0,4,3,60.0,3,0,6.82,62,0.0,0.0,0.0,0.0,0.0,0.0,0.0,60.0,40.0,0.0,0.0,0.0,0.0
188.0,0,3,0,0,night,pa_3_rev,-E1,20.0,4,20.0,1,25.0,0.0,0,0,3,3,105.0,5,0,11.36,63,20.0,0.14,0.25,0.0,0.0,0.0,0.0,60.0,60.0,4.0,2.0,0.2,0.1
189.0,0,3,0,0,night,pa_3_rev,-E1,20.0,4,20.0,1,25.0,0.0,0,0,3,3,150.0,7,0,15.91,63,20.0,0.14,0.25,20.0,0.0,1.0,0.0,105.0,60.0,8.0,4.0,0.4,0.2
190.0,0,3,0,0,night,pa_3_rev,-E1,20.0,4,20.0,1,25.0,0.0,0,0,3,3,150.0,7,0,15.91,63,20.0,0.14,0.25,20.0,0.0,1.0,0.0,150.0,60.0,12.0,6.0,0.6,0.3
191.0,0,3,0,0,night,pa_3_rev,-E1,20.0,4,20.0,1,25.0,0.0,0,0,3,3,170.0,8,0,18.18,63,20.0,0.14,0.25,20.0,0.0,1.0,0.0,150.0,60.0,16.0,8.0,0.8,0.4
192.0,0,3,0,0,night,pa_3_rev,-E1,20.0,4,20.0,1,25.0,0.0,0,0,3,3,170.0,8,0,18.18,63,20.0,0.14,0.25,20.0,0.0,1.0,0.0,170.0,60.0,20.0,10.0,1.0,0.5
193.0,0,3,0,0,night,pa_3_rev,-E1,20.0,4,20.0,1,25.0,0.0,0,0,3,3,170.0,8,0,18.18,63,20.0,0.14,0.25,20.0,20.0,1.0,1.0,170.0,105.0,20.0,12.0,1.0,0.6
194.0,0,3,0,0,night,pa_3_rev,-E1,20.0,4,20.0,1,25.0,0.0,0,0,3,3,170.0,8,0,18.18,63,20.0,0.14,0.25,20.0,20.0,1.0,1.0,170.0,150.0,20.0,14.0,1.0,0.7
195.0,0,3,0,0,night,pa_3_rev,-E1,20.0,4,20.0,1,25.0,0.0,0,0,3,3,170.0,8,0,18.18,63,20.0,0.14,0.25,20.0,20.0,1.0,1.0,170.0,150.0,20.0,16.0,1.0,0.8
196.0,0,3,0,0,night,pa_3_rev,-E1,20.0,4,20.0,1,25.0,0.0,0,0,3,3,170.0,8,0,18.18,63,20.0,0.14,0.25,20.0,20.0,1.0,1.0,170.0,170.0,20.0,18.0,1.0,0.9
197.0,0,3,0,0,night,pa_3_rev,-E1,20.0,4,20.0,1,25.0,0.0,0,0,3,3,170.0,8,0,18.18,63,20.0,0.14,0.25,20.0,20.0,1.0,1.0,170.0,170.0,20.0,20.0,1.0,1.0
198.0,0,3,0,0,night,pa_3_rev,-E1,20.0,4,20.0,1,25.0,0.0,0,0,3,3,170.0,8,0,18.18,63,20.0,0.14,0.25,20.0,20.0,1.0,1.0,170.0,170.0,20.0,20.0,1.0,1.0
199.0,0,3,0,0,night,pa_3_rev,-E1,20.0,4,20.0,1,25.0,0.0,0,0,3,3,170.0,8,0,18.18,63,20.0,0.14,0.25,20.0,20.0,1.0,1.0,170.0,170.0,20.0,20.0,1.0,1.0
200.0,0,3,0,0,night,pa_3_rev,-E1,20.0,4,20.0,1,25.0,0.0,0,0,3,3,170.0,8,0,18.18,63,20.0,0.14,0.25,20.0,20.0,1.0,1.0,170.0,170.0,20.0,20.0,1.0,1.0
201.0,0,3,0,0,night,pa_3_rev,-E1,20.0,4,20.0,1,25.0,0.0,0,0,3,3,170.0,8,0,18.18,64,20.0,0.14,0.25,20.0,20.0,1.0,1.0,170.0,170.0,20.0,20.0,1.0,1.0
202.0,0,3,0,0,night,pa_3_rev,-E1,20.0,4,20.0,1,25.0,0.0,0,0,3,3,170.0,8,0,18.18,64,20.0,0.14,0.25,20.0,20.0,1.0,1.0,170.0,170.0,20.0,20.0,1.0,1.0
203.0,0,3,0,0,night,pa_3_rev,-E1,20.0,4,20.0,1,25.0,0.0,0,0,3,3,170.0,8,0,18.18,64,20.0,0.14,0.25,20.0,20.0,1.0,1.0,170.0,170.0,20.0,20.0,1.0,1.0
204.0,0,3,0,0,night,pa_3_rev,-E1,20.0,4,20.0,1,25.0,0.0,0,0,3,3,170.0,8,0,18.18,64,20.0,0.14,0.25,20.0,20.0,1.0,1.0,170.0,170.0,20.0,20.0,1.0,1.0
205.0,0,3,0,0,night,pa_3_rev,-E1,20.0,4,20.0,1,25.0,0.0,0,0,3,3,170.0,8,0,18.18,64,20.0,0.14,0.25,20.0,20.0,1.0,1.0,170.0,170.0,20.0,20.0,1.0,1.0
206.0,0,3,0,0,night,pa_3_rev,-E1,20.0,4,20.0,1,25.0,0.0,0,0,3,3,170.0,8,0,18.18,69,20.0,0.14,0.25,20.0,20.0,1.0,1.0,170.0,170.0,20.0,20.0,1.0,1.0
207.0,0,3,0,0,night,pa_3_rev,-E1,20.0,4,20.0,1,25.0,0.0,0,0,3,3,170.0,8,0,18.18,69,20.0,0.14,0.25,20.0,20.0,1.0,1.0,170.0,170.0,20.0,20.0,1.0,1.0
208.0,0,3,0,0,night,pa_3_rev,-E1,20.0,4,20.0,1,25.0,0.0,0,0,3,3,170.0,8,0,18.18,69,20.0,0.14,0.25,20.0,20.0,1.0,1.0,170.0,170.0,20.0,20.0,1.0,1.0
209.0,0,3,0,0,night,pa_3_rev,-E1,20.0,4,20.0,1,25.0,0.0,0,0,3,3,170.0,8,0,18.18,69,20.0,0.14,0.25,20.0,20.0,1.0,1.0,170.0,170.0,20.0,20.0,1.0,1.0
210.0,0,3,0,0,night,pa_3_rev,-E1,20.0,4,20.0,1,25.0,0.0,0,0,3,3,170.0,8,0,18.18,69,20.0,0.14,0.25,20.0,20.0,1.0,1.0,170.0,170.0,20.0,20.0,1.0,1.0
211.0,0,3,0,0,night,pa_3_rev,-E1,20.0,4,20.0,1,25.0,0.0,0,0,3,3,170.0,8,0,18.18,69,20.0,0.14,0.25,20.0,20.0,1.0,1.0,170.0,170.0,20.0,20.0,1.0,1.0
212.0,0,3,0,0,night,pa_3_rev,-E1,20.0,4,20.0,1,25.0,0.0,0,0,3,3,170.0,8,0,18.18,69,20.0,0.14,0.25,20.0,20.0,1.0,1.0,170.0,170.0,20.0,20.0,1.0,1.0
213.0,0,3,0,0,night,pa_3_rev,-E1,20.0,4,20.0,1,25.0,0.0,0,0,3,3,170.0,8,0,18.18,69,20.0,0.14,0.25,20.0,20.0,1.0,1.0,170.0,170.0,20.0,20.0,1.0,1.0
214.0,0,3,0,0,night,pa_3_rev,-E1,20.0,4,20.0,1,25.0,0.0,0,0,3,3,170.0,8,0,18.18,69,20.0,0.14,0.25,20.0,20.0,1.0,1.0,170.0,170.0,20.0,20.0,1.0,1.0
215.0,0,3,0,0,night,pa_3_rev,-E1,20.0,4,20.0,1,25.0,0.0,0,0,3,3,170.0,8,0,18.18,69,20.0,0.14,0.25,20.0,20.0,1.0,1.0,170.0,170.0,20.0,20.0,1.0,1.0
216.0,0,3,0,0,night,pa_3_rev,-E1,20.0,4,20.0,1,25.0,0.0,0,0,3,3,170.0,8,0,18.18,69,20.0,0.14,0.25,20.0,20.0,1.0,1.0,170.0,170.0,20.0,20.0,1.0,1.0
217.0,0,3,0,0,night,pa_3_rev,-E1,20.0,4,20.0,1,25.0,0.0,0,0,3,3,170.0,8,0,18.18,71,20.0,0.14,0.25,20.0,20.0,1.0,1.0,170.0,170.0,20.0,20.0,1.0,1.0
218.0,0,3,0,0,night,pa_3_rev,-E1,20.0,4,20.0,1,25.0,0.0,0,0,3,3,170.0,8,0,18.18,71,20.0,0.14,0.25,20.0,20.0,1.0,1.0,170.0,170.0,20.0,20.0,1.0,1.0
219.0,0,3,0,0,night,pa_3_rev,-E1,20.0,4,20.0,1,25.0,0.0,0,0,3,3,170.0,8,0,18.18,71,20.0,0.14,0.25,20.0,20.0,1.0,1.0,170.0,170.0,20.0,20.0,1.0,1.0
220.0,0,3,0,0,night,pa_3_rev,-E1,20.0,4,20.0,1,25.0,0.0,0,0,3,3,170.0,8,0,18.18,71,20.0,0.14,0.25,20.0,20.0,1.0,1.0,170.0,170.0,20.0,20.0,1.0,1.0
221.0,0,3,0,0,night,pa_3_rev,-E1,20.0,4,20.0,1,25.0,0.0,0,0,3,3,170.0,8,0,18.18,71,20.0,0.14,0.25,20.0,20.0,1.0,1.0,170.0,170.0,20.0,20.0,1.0,1.0
222.0,0,3,0,0,night,pa_3_rev,-E1,20.0,4,20.0,1,25.0,0.0,0,0,3,3,195.0,9,0,20.45,71,20.0,0.14,0.25,20.0,20.0,1.0,1.0,170.0,170.0,20.0,20.0,1.0,1.0
223.0,0,3,0,0,night,pa_3_rev,-E1,20.0,4,20.0,1,25.0,0.0,0,0,3,3,195.0,9,0,20.45,71,20.0,0.14,0.25,20.0,20.0,1.0,1.0,195.0,170.0,20.0,20.0,1.0,1.0
224.0,0,3,0,0,night,pa_3_rev,-E1,20.0,4,20.0,1,25.0,0.0,0,0,3,3,195.0,9,0,20.45,71,20.0,0.14,0.25,20.0,20.0,1.0,1.0,195.0,170.0,20.0,20.0,1.0,1.0
225.0,0,3,0,0,night,pa_3_rev,-E1,20.0,4,20.0,1,25.0,0.0,0,0,3,3,195.0,9,0,20.45,71,20.0,0.14,0.25,20.0,20.0,1.0,1.0,195.0,170.0,20.0,20.0,1.0,1.0
226.0,0,3,0,0,night,pa_3_rev,-E1,20.0,4,20.0,1,25.0,0.0,0,0,3,3,195.0,9,0,20.45,72,20.0,0.14,0.25,20.0,20.0,1.0,1.0,195.0,170.0,20.0,20.0,1.0,1.0
227.0,0,3,0,0,night,pa_3_rev,-E1,20.0,4,20.0,1,25.0,0.0,0,0,3,3,195.0,9,0,20.45,72,20.0,0.14,0.25,20.0,20.0,1.0,1.0,195.0,195.0,20.0,20.0,1.0,1.0
228.0,0,3,0,0,night,pa_3_rev,-E1,20.0,4,20.0,1,25.0,0.0,0,0,3,3,195.0,9,0,20.45,72,20.0,0.14,0.25,20.0,20.0,1.0,1.0,195.0,195.0,20.0,20.0,1.0,1.0
229.0,0,3,0,0,night,pa_3_rev,-E1,20.0,4,20.0,1,25.0,0.0,0,0,3,3,195.0,9,0,20.45,72,20.0,0.14,0.25,20.0,20.0,1.0,1.0,195.0,195.0,20.0,20.0,1.0,1.0
230.0,0,3,0,0,night,pa_3_rev,-E1,20.0,4,20.0,1,25.0,0.0,0,0,3,3,195.0,9,0,20.45,72,20.0,0.14,0.25,20.0,20.0,1.0,1.0,195.0,195.0,20.0,20.0,1.0,1.0
231.0,0,3,0,0,night,pa_3_rev,-E1,20.0,4,20.0,1,25.0,0.0,0,0,3,3,195.0,9,0,20.45,72,20.0,0.14,0.25,20.0,20.0,1.0,1.0,195.0,195.0,20.0,20.0,1.0,1.0
232.0,0,3,0,0,night,pa_3_rev,-E1,20.0,4,20.0,1,25.0,0.0,0,0,3,3,195.0,9,0,20.45,72,20.0,0.14,0.25,20.0,20.0,1.0,1.0,195.0,195.0,20.0,20.0,1.0,1.0
233.0,0,3,0,0,night,pa_3_rev,-E1,20.0,4,20.0,1,25.0,0.0,0,0,3,3,195.0,9,0,20.45,72,20.0,0.14,0.25,20.0,20.0,1.0,1.0,195.0,195.0,20.0,20.0,1.0,1.0
234.0,0,3,0,0,night,pa_3_rev,-E1,20.0,4,20.0,1,25.0,0.0,0,0,3,3,195.0,9,0,20.45,72,20.0,0.14,0.25,20.0,20.0,1.0,1.0,195.0,195.0,20.0,20.0,1.0,1.0
235.0,0,3,0,0,night,pa_3_rev,-E1,20.0,4,20.0,1,25.0,0.0,0,0,3,3,195.0,9,0,20.45,72,20.0,0.14,0.25,20.0,20.0,1.0,1.0,195.0,195.0,20.0,20.0,1.0,1.0
236.0,0,3,0,0,night,pa_3_rev,-E1,20.0,4,20.0,1,25.0,0.0,0,0,3,3,195.0,9,0,20.45,72,20.0,0.14,0.25,20.0,20.0,1.0,1.0,195.0,195.0,20.0,20.0,1.0,1.0
237.0,0,3,0,0,night,pa_3_rev,-E1,20.0,4,20.0,1,25.0,0.0,0,0,3,3,195.0,9,0,20.45,72,20.0,0.14,0.25,20.0,20.0,1.0,1.0,195.0,195.0,20.0,20.0,1.0,1.0
238.0,0,3,0,0,night,pa_3_rev,-E1,20.0,4,20.0,1,25.0,0.0,0,0,3,3,220.0,10,0,22.73,72,20.0,0.14,0.25,20.0,20.0,1.0,1.0,195.0,195.0,20.0,20.0,1.0,1.0
239.0,0,3,0,0,night,pa_3_rev,-E1,20.0,4,20.0,1,25.0,0.0,0,0,3,3,220.0,10,0,22.73,72,20.0,0.14,0.25,20.0,20.0,1.0,1.0,220.0,195.0,20.0,20.0,1.0,1.0
240.0,0,4,0,0,night,pa_3_rev,-E1,20.0,4,20.0,1,25.0,0.0,0,0,3,3,220.0,10,0,22.73,72,20.0,0.14,0.25,20.0,20.0,1.0,1.0,220.0,195.0,20.0,20.0,1.0,1.0
241.0,0,4,0,0,night,pa_3_rev,-E1,20.0,4,20.0,1,25.0,0.0,0,0,3,3,220.0,10,0,22.73,76,20.0,0.14,0.25,20.0,20.0,1.0,1.0,220.0,195.0,20.0,20.0,1.0,1.0
242.0,0,4,0,0,night,pa_3_rev,-E1,20.0,4,20.0,1,25.0,0.0,0,0,3,3,220.0,10,0,22.73,76,20.0,0.14,0.25,20.0,20.0,1.0,1.0,220.0,195.0,20.0,20.0,1.0,1.0
243.0,0,4,0,0,night,pa_3_rev,-E1,20.0,4,20.0,1,25.0,0.0,0,0,3,3,220.0,10,0,22.73,78,20.0,0.14,0.25,20.0,20.0,1.0,1.0,220.0,220.0,20.0,20.0,1.0,1.0
244.0,0,4,0,0,night,pa_3_rev,-E1,20.0,4,20.0,1,25.0,0.0,0,0,3,3,220.0,10,0,22.73,78,20.0,0.14,0.25,20.0,20.0,1.0,1.0,220.0,220.0,20.0,20.0,1.0,1.0
245.0,0,4,0,0,night,pa_3_rev,-E1,20.0,4,20.0,1,25.0,0.0,0,0,3,3,220.0,10,0,22.73,78,20.0,0.14,0.25,20.0,20.0,1.0,1.0,220.0,220.0,20.0,20.0,1.0,1.0
246.0,0,4,0,0,night,pa_3_rev,-E1,20.0,4,20.0,1,25.0,0.0,0,0,3,3,220.0,10,0,22.73,79,20.0,0.14,0.25,20.0,20.0,1.0,1.0,220.0,220.0,20.0,20.0,1.0,1.0
247.0,0,4,0,0,night,pa_3_rev,-E1,20.0,4,20.0,1,25.0,0.0,0,0,3,3,240.0,11,0,25.0,79,20.0,0.14,0.25,20.0,20.0,1.0,1.0,220.0,220.0,20.0,20.0,1.0,1.0
248.0,0,4,0,0,night,pa_3_rev,-E1,20.0,4,20.0,1,25.0,0.0,0,0,3,3,240.0,11,0,25.0,80,20.0,0.14,0.25,20.0,20.0,1.0,1.0,240.0,220.0,20.0,20.0,1.0,1.0
249.0,0,4,0,0,night,pa_3_rev,-E1,20.0,4,20.0,1,25.0,0.0,0,0,3,3,240.0,11,0,25.0,80,20.0,0.14,0.25,20.0,20.0,1.0,1.0,240.0,220.0,20.0,20.0,1.0,1.0
250.0,0,4,0,0,night,pa_3_rev,-E1,20.0,4,20.0,1,25.0,0.0,0,0,3,3,240.0,11,0,25.0,80,20.0,0.14,0.25,20.0,20.0,1.0,1.0,240.0,220.0,20.0,20.0,1.0,1.0
251.0,0,4,0,0,night,pa_3_rev,-E1,20.0,4,20.0,1,25.0,0.0,0,0,3,3,240.0,11,0,25.0,80,20.0,0.14,0.25,20.0,20.0,1.0,1.0,240.0,220.0,20.0,20.0,1.0,1.0
252.0,0,4,0,0,night,pa_3_rev,-E1,20.0,4,20.0,1,25.0,0.0,0,0,3,3,260.0,12,0,27.27,80,20.0,0.14,0.25,20.0,20.0,1.0,1.0,240.0,240.0,20.0,20.0,1.0,1.0
253.0,0,4,0,0,night,pa_3_rev,-E1,20.0,4,20.0,1,25.0,0.0,0,0,3,3,260.0,12,0,27.27,80,20.0,0.14,0.25,20.0,20.0,1.0,1.0,260.0,240.0,20.0,20.0,1.0,1.0
254.0,0,4,0,0,night,pa_3_rev,-E1,20.0,4,20.0,1,25.0,0.0,0,0,3,3,260.0,12,0,27.27,80,20.0,0.14,0.25,20.0,20.0,1.0,1.0,260.0,240.0,20.0,20.0,1.0,1.0
255.0,0,4,0,0,night,pa_3_rev,-E1,20.0,4,20.0,1,25.0,0.0,0,0,3,3,260.0,12,0,27.27,80,20.0,0.14,0.25,20.0,20.0,1.0,1.0,260.0,240.0,20.0,20.0,1.0,1.0
256.0,0,4,0,0,night,pa_3_rev,-E1,20.0,4,20.0,1,25.0,0.0,0,0,3,3,260.0,12,0,27.27,80,20.0,0.14,0.25,20.0,20.0,1.0,1.0,260.0,240.0,20.0,20.0,1.0,1.0
257.0,0,4,0,0,night,pa_3_rev,-E1,20.0,4,20.0,1,25.0,0.0,0,0,3,3,280.0,13,0,29.55,80,20.0,0.14,0.25,20.0,20.0,1.0,1.0,260.0,260.0,20.0,20.0,1.0,1.0
258.0,0,4,0,0,night,pa_3_rev,-E1,20.0,4,20.0,1,25.0,0.0,0,0,3,3,280.0,13,0,29.55,82,20.0,0.14,0.25,20.0,20.0,1.0,1.0,280.0,260.0,20.0,20.0,1.0,1.0
259.0,0,4,0,0,night,pa_3_rev,-E1,20.0,4,20.0,1,25.0,0.0,0,0,3,3,280.0,13,0,29.55,82,20.0,0.14,0.25,20.0,20.0,1.0,1.0,280.0,260.0,20.0,20.0,1.0,1.0
260.0,0,4,0,0,night,pa_3_rev,-E1,20.0,4,20.0,1,25.0,0.0,0,0,3,3,280.0,13,0,29.55,82,20.0,0.14,0.25,20.0,20.0,1.0,1.0,280.0,260.0,20.0,20.0,1.0,1.0
261.0,0,4,0,0,night,pa_3_rev,-E1,20.0,4,20.0,1,25.0,0.0,0,0,3,3,280.0,13,0,29.55,82,20.0,0.14,0.25,20.0,20.0,1.0,1.0,280.0,260.0,20.0,20.0,1.0,1.0
262.0,0,4,0,0,night,pa_3_rev,-E1,20.0,4,20.0,1,25.0,0.0,0,0,3,3,280.0,13,0,29.55,82,20.0,0.14,0.25,20.0,20.0,1.0,1.0,280.0,280.0,20.0,20.0,1.0,1.0
263.0,0,4,0,0,night,pa_3_rev,-E1,20.0,4,20.0,1,25.0,0.0,0,0,3,3,280.0,13,0,29.55,82,20.0,0.14,0.25,20.0,20.0,1.0,1.0,280.0,280.0,20.0,20.0,1.0,1.0
264.0,0,4,0,0,night,pa_3_rev,-E1,20.0,4,20.0,1,25.0,0.0,0,0,3,3,280.0,13,0,29.55,82,20.0,0.14,0.25,20.0,20.0,1.0,1.0,280.0,280.0,20.0,20.0,1.0,1.0
265.0,0,4,0,0,night,pa_3_rev,-E1,20.0,4,20.0,1,25.0,0.0,0,0,3,3,280.0,13,0,29.55,82,20.0,0.14,0.25,20.0,20.0,1.0,1.0,280.0,280.0,20.0,20.0,1.0,1.0
266.0,0,4,0,0,night,pa_3_rev,-E1,20.0,4,40.0,2,50.0,0.0,0,0,2,3,300.0,14,0,31.82,82,20.0,0.29,0.5,20.0,20.0,1.0,1.0,280.0,280.0,24.0,22.0,1.2,1.1
267.0,0,4,0,0,night,pa_3_rev,-E1,20.0,4,40.0,2,50.0,0.0,0,0,2,3,300.0,14,0,31.82,82,20.0,0.29,0.5,40.0,20.0,2.0,1.0,300.0,280.0,28.0,24.0,1.4,1.2
268.0,0,4,0,0,night,pa_3_rev,-E1,20.0,4,40.0,2,50.0,0.0,0,0,2,3,325.0,15,0,34.09,82,20.0,0.29,0.5,40.0,20.0,2.0,1.0,300.0,280.0,32.0,26.0,1.6,1.3
269.0,0,4,0,0,night,pa_3_rev,-E1,20.0,4,40.0,2,50.0,0.0,0,0,2,3,350.0,16,0,36.36,82,20.0,0.29,0.5,40.0,20.0,2.0,1.0,325.0,280.0,36.0,28.0,1.8,1.4
270.0,0,4,0,0,night,pa_3_rev,-E1,20.0,4,40.0,2,50.0,0.0,0,0,2,3,370.0,17,0,38.64,82,20.0,0.29,0.5,40.0,20.0,2.0,1.0,350.0,280.0,40.0,30.0,2.0,1.5
271.0,0,4,0,0,night,pa_3_rev,-E1,20.0,4,40.0,2,50.0,0.0,0,0,2,3,370.0,17,0,38.64,83,20.0,0.29,0.5,40.0,40.0,2.0,2.0,370.0,300.0,40.0,32.0,2.0,1.6
272.0,0,4,0,0,night,pa_3_rev,-E1,20.0,4,40.0,2,50.0,0.0,0,0,2,3,390.0,18,0,40.91,83,20.0,0.29,0.5,40.0,40.0,2.0,2.0,370.0,300.0,40.0,34.0,2.0,1.7
273.0,0,4,0,0,night,pa_3_rev,-E1,20.0,4,40.0,2,50.0,0.0,0,0,2,3,415.0,19,0,43.18,84,20.0,0.29,0.5,40.0,40.0,2.0,2.0,390.0,325.0,40.0,36.0,2.0,1.8
274.0,0,4,0,0,night,pa_3_rev,-E1,20.0,4,40.0,2,50.0,0.0,0,0,2,3,440.0,20,0,45.45,84,20.0,0.29,0.5,40.0,40.0,2.0,2.0,415.0,350.0,40.0,38.0,2.0,1.9
275.0,0,4,0,0,night,pa_3_rev,-E1,20.0,4,40.0,2,50.0,0.0,0,0,2,3,480.0,22,0,50.0,84,20.0,0.29,0.5,40.0,40.0,2.0,2.0,440.0,370.0,40.0,40.0,2.0,2.0
276.0,0,4,0,0,night,pa_3_rev,-E1,20.0,4,40.0,2,50.0,0.0,0,0,2,3,500.0,23,0,52.27,84,20.0,0.29,0.5,40.0,40.0,2.0,2.0,480.0,370.0,40.0,40.0,2.0,2.0
277.0,0,4,0,0,night,pa_3_rev,-E1,20.0,4,40.0,2,50.0,0.0,0,0,2,3,500.0,23,0,52.27,84,20.0,0.29,0.5,40.0,40.0,2.0,2.0,500.0,390.0,40.0,40.0,2.0,2.0
278.0,0,4,0,0,night,pa_3_rev,-E1,20.0,4,40.0,2,50.0,0.0,0,0,2,3,500.0,23,0,52.27,84,20.0,0.29,0.5,40.0,40.0,2.0,2.0,500.0,415.0,40.0,40.0,2.0,2.0
279.0,0,4,0,0,night,pa_3_rev,-E1,20.0,4,40.0,2,50.0,0.0,0,0,2,3,500.0,23,0,52.27,84,20.0,0.29,0.5,40.0,40.0,2.0,2.0,500.0,440.0,40.0,40.0,2.0,2.0
280.0,0,4,0,0,night,pa_3_rev,-E1,20.0,4,60.0,3,75.0,0.0,0,0,1,3,520.0,24,0,54.55,84,20.0,0.43,0.75,40.0,40.0,2.0,2.0,500.0,480.0,44.0,42.0,2.2,2.1
281.0,0,4,0,0,night,pa_3_rev,-E1,20.0,4,60.0,3,75.0,0.0,0,0,1,3,545.0,25,0,56.82,85,20.0,0.43,0.75,60.0,40.0,3.0,2.0,520.0,500.0,48.0,44.0,2.4,2.2
282.0,0,4,0,0,night,pa_3_rev,-E1,20.0,4,60.0,3,75.0,0.0,0,0,1,3,545.0,25,0,56.82,85,20.0,0.43,0.75,60.0,40.0,3.0,2.0,545.0,500.0,52.0,46.0,2.6,2.3
283.0,0,4,0,0,night,pa_3_rev,-E1,20.0,4,60.0,3,75.0,0.0,0,0,1,3,545.0,25,0,56.82,85,20.0,0.43,0.75,60.0,40.0,3.0,2.0,545.0,500.0,56.0,48.0,2.8,2.4
284.0,0,4,0,0,night,pa_3_rev,-E1,20.0,4,60.0,3,75.0,0.0,0,0,1,3,545.0,25,0,56.82,85,20.0,0.43,0.75,60.0,40.0,3.0,2.0,545.0,500.0,60.0,50.0,3.0,2.5
285.0,0,4,0,0,night,pa_3_rev,-E1,20.0,4,60.0,3,75.0,0.0,0,0,1,3,545.0,25,0,56.82,85,20.0,0.43,0.75,60.0,60.0,3.0,3.0,545.0,520.0,60.0,52.0,3.0,2.6
286.0,0,4,0,0,night,pa_3_rev,-E1,20.0,4,60.0,3,75.0,0.0,0,0,1,3,545.0,25,0,56.82,85,20.0,0.43,0.75,60.0,60.0,3.0,3.0,545.0,545.0,60.0,54.0,3.0,2.7
287.0,0,4,0,0,night,pa_3_rev,-E1,20.0,4,60.0,3,75.0,0.0,0,0,1,3,545.0,25,0,56.82,85,20.0,0.43,0.75,60.0,60.0,3.0,3.0,545.0,545.0,60.0,56.0,3.0,2.8
288.0,0,4,0,0,night,pa_3_rev,-E1,20.0,4,60.0,3,75.0,0.0,0,0,1,3,545.0,25,0,56.82,85,20.0,0.43,0.75,60.0,60.0,3.0,3.0,545.0,545.0,60.0,58.0,3.0,2.9
289.0,0,4,0,0,night,pa_3_rev,-E1,20.0,4,60.0,3,75.0,0.0,0,0,1,3,545.0,25,0,56.82,90,20.0,0.43,0.75,60.0,60.0,3.0,3.0,545.0,545.0,60.0,60.0,3.0,3.0
290.0,0,4,0,0,night,pa_3_rev,-E1,20.0,4,60.0,3,75.0,0.0,0,0,1,3,545.0,25,0,56.82,90,20.0,0.43,0.75,60.0,60.0,3.0,3.0,545.0,545.0,60.0,60.0,3.0,3.0
291.0,0,4,0,0,night,pa_3_rev,-E1,20.0,4,60.0,3,75.0,0.0,0,0,1,3,545.0,25,0,56.82,90,20.0,0.43,0.75,60.0,60.0,3.0,3.0,545.0,545.0,60.0,60.0,3.0,3.0
292.0,0,4,0,0,night,pa_3_rev,-E1,20.0,4,60.0,3,75.0,0.0,0,0,1,3,610.0,28,0,63.64,90,20.0,0.43,0.75,60.0,60.0,3.0,3.0,545.0,545.0,60.0,60.0,3.0,3.0
293.0,0,4,0,0,night,pa_3_rev,-E1,20.0,4,60.0,3,75.0,0.0,0,0,1,3,610.0,28,0,63.64,90,20.0,0.43,0.75,60.0,60.0,3.0,3.0,610.0,545.0,60.0,60.0,3.0,3.0
294.0,0,4,0,0,night,pa_3_rev,-E1,20.0,4,60.0,3,75.0,0.0,0,0,1,3,610.0,28,0,63.64,90,20.0,0.43,0.75,60.0,60.0,3.0,3.0,610.0,545.0,60.0,60.0,3.0,3.0
295.0,0,4,0,0,night,pa_3_rev,-E1,20.0,4,60.0,3,75.0,0.0,0,0,1,3,610.0,28,0,63.64,90,20.0,0.43,0.75,60.0,60.0,3.0,3.0,610.0,545.0,60.0,60.0,3.0,3.0
296.0,0,4,0,0,night,pa_3_rev,-E1,20.0,4,60.0,3,75.0,0.0,0,0,1,3,610.0,28,0,63.64,90,20.0,0.43,0.75,60.0,60.0,3.0,3.0,610.0,545.0,60.0,60.0,3.0,3.0
297.0,0,4,0,0,night,pa_3_rev,-E1,20.0,4,60.0,3,75.0,0.0,0,0,1,3,610.0,28,0,63.64,90,20.0,0.43,0.75,60.0,60.0,3.0,3.0,610.0,610.0,60.0,60.0,3.0,3.0
298.0,0,4,0,0,night,pa_3_rev,-E1,20.0,4,60.0,3,75.0,0.0,0,0,1,3,610.0,28,0,63.64,90,20.0,0.43,0.75,60.0,60.0,3.0,3.0,610.0,610.0,60.0,60.0,3.0,3.0
299.0,0,4,0,0,night,pa_3_rev,-E1,20.0,4,60.0,3,75.0,0.0,0,0,1,3,610.0,28,0,63.64,90,20.0,0.43,0.75,60.0,60.0,3.0,3.0,610.0,610.0,60.0,60.0,3.0,3.0
300.0,0,5,0,0,night,pa_3_rev,-E1,20.0,4,60.0,3,75.0,0.0,0,0,1,3,610.0,28,0,63.64,90,20.0,0.43,0.75,60.0,60.0,3.0,3.0,610.0,610.0,60.0,60.0,3.0,3.0
301.0,0,5,0,0,night,pa_3_rev,-E1,20.0,4,60.0,3,75.0,0.0,0,0,1,3,635.0,29,0,65.91,92,20.0,0.43,0.75,60.0,60.0,3.0,3.0,610.0,610.0,60.0,60.0,3.0,3.0
302.0,0,5,0,0,night,pa_3_rev,-E1,20.0,4,60.0,3,75.0,0.0,0,0,1,3,635.0,29,0,65.91,92,20.0,0.43,0.75,60.0,60.0,3.0,3.0,635.0,610.0,60.0,60.0,3.0,3.0
303.0,0,5,0,0,night,pa_3_rev,-E1,20.0,4,60.0,3,75.0,0.0,0,0,1,3,635.0,29,0,65.91,92,20.0,0.43,0.75,60.0,60.0,3.0,3.0,635.0,610.0,60.0,60.0,3.0,3.0
304.0,0,5,0,0,night,pa_3_rev,-E1,20.0,4,60.0,3,75.0,0.0,0,0,1,3,635.0,29,0,65.91,92,20.0,0.43,0.75,60.0,60.0,3.0,3.0,635.0,610.0,60.0,60.0,3.0,3.0
305.0,0,5,0,0,night,pa_3_rev,-E1,20.0,4,60.0,3,75.0,0.0,0,0,1,3,635.0,29,0,65.91,92,20.0,0.43,0.75,60.0,60.0,3.0,3.0,635.0,610.0,60.0,60.0,3.0,3.0
306.0,0,5,0,0,night,pa_3_rev,-E1,20.0,4,60.0,3,75.0,0.0,0,0,1,3,635.0,29,0,65.91,92,20.0,0.43,0.75,60.0,60.0,3.0,3.0,635.0,635.0,60.0,60.0,3.0,3.0
307.0,0,5,0,0,night,pa_3_rev,-E1,20.0,4,60.0,3,75.0,0.0,0,0,1,3,680.0,31,0,70.45,92,20.0,0.43,0.75,60.0,60.0,3.0,3.0,635.0,635.0,60.0,60.0,3.0,3.0
308.0,0,5,0,0,night,pa_3_rev,-E1,20.0,4,60.0,3,75.0,0.0,0,0,1,3,680.0,31,0,70.45,92,20.0,0.43,0.75,60.0,60.0,3.0,3.0,680.0,635.0,60.0,60.0,3.0,3.0
309.0,0,5,0,0,night,pa_3_rev,-E1,20.0,4,60.0,3,75.0,0.0,0,0,1,3,680.0,31,0,70.45,97,20.0,0.43,0.75,60.0,60.0,3.0,3.0,680.0,635.0,60.0,60.0,3.0,3.0
310.0,0,5,0,0,night,pa_3_rev,-E1,20.0,4,60.0,3,75.0,0.0,0,0,1,3,680.0,31,0,70.45,97,20.0,0.43,0.75,60.0,60.0,3.0,3.0,680.0,635.0,60.0,60.0,3.0,3.0
311.0,0,5,0,0,night,pa_3_rev,-E1,20.0,4,60.0,3,75.0,0.0,0,0,1,3,680.0,31,0,70.45,97,20.0,0.43,0.75,60.0,60.0,3.0,3.0,680.0,635.0,60.0,60.0,3.0,3.0
312.0,0,5,0,0,night,pa_3_rev,-E1,20.0,4,60.0,3,75.0,0.0,0,0,1,3,680.0,31,0,70.45,97,20.0,0.43,0.75,60.0,60.0,3.0,3.0,680.0,680.0,60.0,60.0,3.0,3.0
313.0,0,5,0,0,night,pa_3_rev,-E1,20.0,4,60.0,3,75.0,0.0,0,0,1,3,680.0,31,0,70.45,97,20.0,0.43,0.75,60.0,60.0,3.0,3.0,680.0,680.0,60.0,60.0,3.0,3.0
314.0,0,5,0,0,night,pa_3_rev,-E1,20.0,4,60.0,3,75.0,0.0,0,0,1,3,680.0,31,0,70.45,97,20.0,0.43,0.75,60.0,60.0,3.0,3.0,680.0,680.0,60.0,60.0,3.0,3.0
315.0,0,5,0,0,night,pa_3_rev,-E1,20.0,4,60.0,3,75.0,0.0,0,0,1,3,680.0,31,0,70.45,97,20.0,0.43,0.75,60.0,60.0,3.0,3.0,680.0,680.0,60.0,60.0,3.0,3.0
316.0,0,5,0,0,night,pa_3_rev,-E1,20.0,4,60.0,3,75.0,0.0,0,0,1,3,680.0,31,0,70.45,98,20.0,0.43,0.75,60.0,60.0,3.0,3.0,680.0,680.0,60.0,60.0,3.0,3.0
317.0,0,5,0,0,night,pa_3_rev,-E1,20.0,4,60.0,3,75.0,0.0,0,0,1,3,680.0,31,0,70.45,98,20.0,0.43,0.75,60.0,60.0,3.0,3.0,680.0,680.0,60.0,60.0,3.0,3.0
318.0,0,5,0,0,night,pa_3_rev,-E1,20.0,4,60.0,3,75.0,0.0,0,0,1,3,680.0,31,0,70.45,98,20.0,0.43,0.75,60.0,60.0,3.0,3.0,680.0,680.0,60.0,60.0,3.0,3.0
319.0,0,5,0,0,night,pa_3_rev,-E1,20.0,4,60.0,3,75.0,0.0,0,0,1,3,680.0,31,0,70.45,98,20.0,0.43,0.75,60.0,60.0,3.0,3.0,680.0,680.0,60.0,60.0,3.0,3.0
320.0,0,5,0,0,night,pa_3_rev,-E1,20.0,4,60.0,3,75.0,0.0,0,0,1,3,680.0,31,0,70.45,98,20.0,0.43,0.75,60.0,60.0,3.0,3.0,680.0,680.0,60.0,60.0,3.0,3.0
321.0,0,5,0,0,night,pa_3_rev,-E1,20.0,4,60.0,3,75.0,0.0,0,0,1,3,680.0,31,0,70.45,100,20.0,0.43,0.75,60.0,60.0,3.0,3.0,680.0,680.0,60.0,60.0,3.0,3.0
322.0,0,5,0,0,night,pa_3_rev,-E1,20.0,4,60.0,3,75.0,0.0,0,0,1,3,680.0,31,0,70.45,100,20.0,0.43,0.75,60.0,60.0,3.0,3.0,680.0,680.0,60.0,60.0,3.0,3.0
323.0,0,5,0,0,night,pa_3_rev,-E1,20.0,4,60.0,3,75.0,0.0,0,0,1,3,680.0,31,0,70.45,100,20.0,0.43,0.75,60.0,60.0,3.0,3.0,680.0,680.0,60.0,60.0,3.0,3.0
324.0,0,5,0,0,night,pa_3_rev,-E1,20.0,4,60.0,3,75.0,0.0,0,0,1,3,680.0,31,0,70.45,100,20.0,0.43,0.75,60.0,60.0,3.0,3.0,680.0,680.0,60.0,60.0,3.0,3.0
325.0,0,5,0,0,night,pa_3_rev,-E1,20.0,4,60.0,3,75.0,0.0,0,0,1,3,680.0,31,0,70.45,100,20.0,0.43,0.75,60.0,60.0,3.0,3.0,680.0,680.0,60.0,60.0,3.0,3.0
326.0,0,5,0,0,night,pa_3_rev,-E1,20.0,4,60.0,3,75.0,0.0,0,0,1,3,700.0,32,0,72.73,100,20.0,0.43,0.75,60.0,60.0,3.0,3.0,680.0,680.0,60.0,60.0,3.0,3.0
327.0,0,5,0,0,night,pa_3_rev,-E1,20.0,4,60.0,3,75.0,0.0,0,0,1,3,700.0,32,0,72.73,100,20.0,0.43,0.75,60.0,60.0,3.0,3.0,700.0,680.0,60.0,60.0,3.0,3.0
328.0,0,5,0,0,night,pa_3_rev,-E1,20.0,4,60.0,3,75.0,0.0,0,0,1,3,700.0,32,0,72.73,100,20.0,0.43,0.75,60.0,60.0,3.0,3.0,700.0,680.0,60.0,60.0,3.0,3.0
329.0,0,5,0,0,night,pa_3_rev,-E1,20.0,4,60.0,3,75.0,0.0,0,0,1,3,700.0,32,0,72.73,100,20.0,0.43,0.75,60.0,60.0,3.0,3.0,700.0,680.0,60.0,60.0,3.0,3.0
330.0,0,5,0,0,night,pa_3_rev,-E1,20.0,4,60.0,3,75.0,0.0,0,0,1,3,700.0,32,0,72.73,100,20.0,0.43,0.75,60.0,60.0,3.0,3.0,700.0,680.0,60.0,60.0,3.0,3.0
331.0,0,5,0,0,night,pa_3_rev,-E1,20.0,4,60.0,3,75.0,0.0,0,0,1,3,700.0,32,0,72.73,100,20.0,0.43,0.75,60.0,60.0,3.0,3.0,700.0,700.0,60.0,60.0,3.0,3.0
332.0,0,5,0,0,night,pa_3_rev,-E1,20.0,4,60.0,3,75.0,0.0,0,0,1,3,700.0,32,0,72.73,100,20.0,0.43,0.75,60.0,60.0,3.0,3.0,700.0,700.0,60.0,60.0,3.0,3.0
333.0,0,5,0,0,night,pa_3_rev,-E1,20.0,4,60.0,3,75.0,0.0,0,0,1,3,700.0,32,0,72.73,100,20.0,0.43,0.75,60.0,60.0,3.0,3.0,700.0,700.0,60.0,60.0,3.0,3.0
334.0,0,5,0,0,night,pa_3_rev,-E1,20.0,4,60.0,3,75.0,0.0,0,0,1,3,700.0,32,0,72.73,100,20.0,0.43,0.75,60.0,60.0,3.0,3.0,700.0,700.0,60.0,60.0,3.0,3.0
335.0,0,5,0,0,night,pa_3_rev,-E1,20.0,4,60.0,3,75.0,0.0,0,0,1,3,700.0,32,0,72.73,100,20.0,0.43,0.75,60.0,60.0,3.0,3.0,700.0,700.0,60.0,60.0,3.0,3.0
336.0,0,5,0,0,night,pa_3_rev,-E1,20.0,4,60.0,3,75.0,0.0,0,0,1,3,700.0,32,0,72.73,100,20.0,0.43,0.75,60.0,60.0,3.0,3.0,700.0,700.0,60.0,60.0,3.0,3.0
337.0,0,5,0,0,night,pa_3_rev,-E1,20.0,4,60.0,3,75.0,0.0,0,0,1,3,700.0,32,0,72.73,100,20.0,0.43,0.75,60.0,60.0,3.0,3.0,700.0,700.0,60.0,60.0,3.0,3.0
338.0,0,5,0,0,night,pa_3_rev,-E1,20.0,4,60.0,3,75.0,0.0,0,0,1,3,700.0,32,0,72.73,100,20.0,0.43,0.75,60.0,60.0,3.0,3.0,700.0,700.0,60.0,60.0,3.0,3.0
339.0,0,5,0,0,night,pa_3_rev,-E1,20.0,4,60.0,3,75.0,0.0,0,0,1,3,700.0,32,0,72.73,100,20.0,0.43,0.75,60.0,60.0,3.0,3.0,700.0,700.0,60.0,60.0,3.0,3.0
340.0,0,5,0,0,night,pa_3_rev,-E1,20.0,4,80.0,4,100.0,0.0,0,0,0,3,740.0,34,0,77.27,100,20.0,0.57,1.0,60.0,60.0,3.0,3.0,700.0,700.0,64.0,62.0,3.2,3.1
341.0,0,5,0,0,night,pa_3_rev,-E1,20.0,4,80.0,4,100.0,0.0,0,0,0,3,740.0,34,0,77.27,100,20.0,0.57,1.0,80.0,60.0,4.0,3.0,740.0,700.0,68.0,64.0,3.4,3.2
342.0,0,5,0,0,night,pa_3_rev,-E1,20.0,4,80.0,4,100.0,0.0,0,0,0,3,740.0,34,0,77.27,100,20.0,0.57,1.0,80.0,60.0,4.0,3.0,740.0,700.0,72.0,66.0,3.6,3.3
343.0,0,5,0,0,night,pa_3_rev,-E1,20.0,4,80.0,4,100.0,0.0,0,0,0,3,740.0,34,0,77.27,100,20.0,0.57,1.0,80.0,60.0,4.0,3.0,740.0,700.0,76.0,68.0,3.8,3.4
344.0,0,5,0,0,night,pa_3_rev,-E1,20.0,4,80.0,4,100.0,0.0,0,0,0,3,740.0,34,0,77.27,100,20.0,0.57,1.0,80.0,60.0,4.0,3.0,740.0,700.0,80.0,70.0,4.0,3.5
345.0,0,5,0,0,night,pa_3_rev,-E1,20.0,4,80.0,4,100.0,0.0,0,0,0,3,740.0,34,0,77.27,100,20.0,0.57,1.0,80.0,80.0,4.0,4.0,740.0,740.0,80.0,72.0,4.0,3.6
346.0,0,5,0,0,night,pa_3_rev,-E1,20.0,4,80.0,4,100.0,0.0,0,0,0,3,740.0,34,0,77.27,100,20.0,0.57,1.0,80.0,80.0,4.0,4.0,740.0,740.0,80.0,74.0,4.0,3.7
347.0,0,5,0,0,night,pa_3_rev,-E1,20.0,4,80.0,4,100.0,0.0,0,0,0,3,740.0,34,0,77.27,100,20.0,0.57,1.0,80.0,80.0,4.0,4.0,740.0,740.0,80.0,76.0,4.0,3.8
348.0,0,5,0,0,night,pa_3_rev,-E1,20.0,4,80.0,4,100.0,0.0,0,0,0,3,740.0,34,0,77.27,100,20.0,0.57,1.0,80.0,80.0,4.0,4.0,740.0,740.0,80.0,78.0,4.0,3.9
349.0,0,5,0,0,night,pa_3_rev,-E1,20.0,4,80.0,4,100.0,0.0,0,0,0,3,740.0,34,0,77.27,100,20.0,0.57,1.0,80.0,80.0,4.0,4.0,740.0,740.0,80.0,80.0,4.0,4.0
350.0,0,5,0,0,night,pa_3_rev,-E1,20.0,4,80.0,4,100.0,0.0,0,0,0,3,740.0,34,0,77.27,100,20.0,0.57,1.0,80.0,80.0,4.0,4.0,740.0,740.0,80.0,80.0,4.0,4.0
351.0,0,5,0,0,night,pa_3_rev,-E1,20.0,4,80.0,4,100.0,0.0,0,0,0,3,740.0,34,0,77.27,100,20.0,0.57,1.0,80.0,80.0,4.0,4.0,740.0,740.0,80.0,80.0,4.0,4.0
352.0,0,5,0,0,night,pa_3_rev,-E1,20.0,4,80.0,4,100.0,0.0,0,0,0,3,740.0,34,0,77.27,100,20.0,0.57,1.0,80.0,80.0,4.0,4.0,740.0,740.0,80.0,80.0,4.0,4.0
353.0,0,5,0,0,night,pa_3_rev,-E1,20.0,4,80.0,4,100.0,0.0,0,0,0,3,740.0,34,0,77.27,100,20.0,0.57,1.0,80.0,80.0,4.0,4.0,740.0,740.0,80.0,80.0,4.0,4.0
354.0,0,5,0,0,night,pa_3_rev,-E1,20.0,4,80.0,4,100.0,0.0,0,0,0,3,740.0,34,0,77.27,100,20.0,0.57,1.0,80.0,80.0,4.0,4.0,740.0,740.0,80.0,80.0,4.0,4.0
355.0,0,5,0,0,night,pa_3_rev,-E1,20.0,4,80.0,4,100.0,0.0,0,0,0,3,740.0,34,0,77.27,100,20.0,0.57,1.0,80.0,80.0,4.0,4.0,740.0,740.0,80.0,80.0,4.0,4.0
356.0,0,5,0,0,night,pa_3_rev,-E1,20.0,4,80.0,4,100.0,0.0,0,0,0,3,740.0,34,0,77.27,100,20.0,0.57,1.0,80.0,80.0,4.0,4.0,740.0,740.0,80.0,80.0,4.0,4.0
357.0,0,5,0,0,night,pa_3_rev,-E1,20.0,4,80.0,4,100.0,0.0,0,0,0,3,740.0,34,0,77.27,100,20.0,0.57,1.0,80.0,80.0,4.0,4.0,740.0,740.0,80.0,80.0,4.0,4.0
358.0,0,5,0,0,night,pa_3_rev,-E1,20.0,4,80.0,4,100.0,0.0,0,0,0,3,740.0,34,0,77.27,100,20.0,0.57,1.0,80.0,80.0,4.0,4.0,740.0,740.0,80.0,80.0,4.0,4.0
359.0,0,5,0,0,night,pa_3_rev,-E1,20.0,4,80.0,4,100.0,0.0,0,0,0,3,765.0,35,0,79.55,100,20.0,0.57,1.0,80.0,80.0,4.0,4.0,740.0,740.0,80.0,80.0,4.0,4.0
360.0,0,6,0,0,night,pa_3_rev,-E1,20.0,4,80.0,4,100.0,0.0,0,0,0,3,790.0,36,0,81.82,100,20.0,0.57,1.0,80.0,80.0,4.0,4.0,765.0,740.0,80.0,80.0,4.0,4.0
361.0,0,6,0,0,night,pa_3_rev,-E1,20.0,4,80.0,4,100.0,0.0,0,0,0,3,790.0,36,0,81.82,107,20.0,0.57,1.0,80.0,80.0,4.0,4.0,790.0,740.0,80.0,80.0,4.0,4.0
362.0,0,6,0,0,night,pa_3_rev,-E1,20.0,4,80.0,4,100.0,0.0,0,0,0,3,790.0,36,0,81.82,107,20.0,0.57,1.0,80.0,80.0,4.0,4.0,790.0,740.0,80.0,80.0,4.0,4.0
363.0,0,6,0,0,night,pa_3_rev,-E1,20.0,4,80.0,4,100.0,0.0,0,0,0,3,810.0,37,0,84.09,109,20.0,0.57,1.0,80.0,80.0,4.0,4.0,790.0,740.0,80.0,80.0,4.0,4.0
364.0,0,6,0,0,night,pa_3_rev,-E1,20.0,4,80.0,4,100.0,0.0,0,0,0,3,810.0,37,0,84.09,110,20.0,0.57,1.0,80.0,80.0,4.0,4.0,810.0,765.0,80.0,80.0,4.0,4.0
365.0,0,6,0,0,night,pa_3_rev,-E1,20.0,4,80.0,4,100.0,0.0,0,0,0,3,810.0,37,0,84.09,110,20.0,0.57,1.0,80.0,80.0,4.0,4.0,810.0,790.0,80.0,80.0,4.0,4.0
366.0,0,6,0,0,night,pa_3_rev,-E1,20.0,4,80.0,4,100.0,0.0,0,0,0,3,830.0,38,0,86.36,111,20.0,0.57,1.0,80.0,80.0,4.0,4.0,810.0,790.0,80.0,80.0,4.0,4.0
367.0,0,6,0,0,night,pa_3_rev,-E1,20.0,4,80.0,4,100.0,0.0,0,0,0,3,855.0,39,0,88.64,112,20.0,0.57,1.0,80.0,80.0,4.0,4.0,830.0,790.0,80.0,80.0,4.0,4.0
368.0,0,6,0,0,night,pa_3_rev,-E1,20.0,4,80.0,4,100.0,0.0,0,0,0,3,855.0,39,0,88.64,111,20.0,0.57,1.0,80.0,80.0,4.0,4.0,855.0,810.0,80.0,80.0,4.0,4.0
369.0,0,6,0,0,night,pa_3_rev,-E1,20.0,4,80.0,4,100.0,0.0,0,0,0,3,855.0,39,0,88.64,111,20.0,0.57,1.0,80.0,80.0,4.0,4.0,855.0,810.0,80.0,80.0,4.0,4.0
370.0,0,6,0,0,night,pa_3_rev,-E1,20.0,4,80.0,4,100.0,0.0,0,0,0,3,855.0,39,0,88.64,112,20.0,0.57,1.0,80.0,80.0,4.0,4.0,855.0,810.0,80.0,80.0,4.0,4.0
371.0,0,6,0,0,night,pa_3_rev,-E1,20.0,4,80.0,4,100.0,0.0,0,0,0,3,880.0,40,1,90.91,111,20.0,0.57,1.0,80.0,80.0,4.0,4.0,855.0,830.0,80.0,80.0,4.0,4.0
372.0,0,6,0,0,night,pa_3_rev,-E1,20.0,4,80.0,4,100.0,0.0,0,0,0,3,880.0,40,1,90.91,112,20.0,0.57,1.0,80.0,80.0,4.0,4.0,880.0,855.0,80.0,80.0,4.0,4.0
373.0,0,6,0,0,night,pa_3_rev,-E1,20.0,4,80.0,4,100.0,0.0,0,0,0,3,880.0,40,1,90.91,112,20.0,0.57,1.0,80.0,80.0,4.0,4.0,880.0,855.0,80.0,80.0,4.0,4.0
374.0,0,6,0,0,night,pa_3_rev,-E1,20.0,4,80.0,4,100.0,0.0,0,0,0,3,880.0,40,2,90.91,112,20.0,0.57,1.0,80.0,80.0,4.0,4.0,880.0,855.0,80.0,80.0,4.0,4.0
375.0,0,6,0,0,night,pa_3_rev,-E1,20.0,4,80.0,4,100.0,0.0,0,0,0,3,880.0,40,2,90.91,112,20.0,0.57,1.0,80.0,80.0,4.0,4.0,880.0,855.0,80.0,80.0,4.0,4.0
376.0,0,6,0,0,night,pa_3_rev,-E1,20.0,4,80.0,4,100.0,0.0,0,0,0,3,880.0,40,2,90.91,113,20.0,0.57,1.0,80.0,80.0,4.0,4.0,880.0,880.0,80.0,80.0,4.0,4.0
377.0,0,6,0,0,night,pa_3_rev,-E1,20.0,4,80.0,4,100.0,0.0,0,0,0,3,880.0,40,2,90.91,113,20.0,0.57,1.0,80.0,80.0,4.0,4.0,880.0,880.0,80.0,80.0,4.0,4.0
378.0,0,6,0,0,night,pa_3_rev,-E1,20.0,4,80.0,4,100.0,0.0,0,0,0,3,880.0,40,2,90.91,112,20.0,0.57,1.0,80.0,80.0,4.0,4.0,880.0,880.0,80.0,80.0,4.0,4.0
379.0,0,6,0,0,night,pa_3_rev,-E1,20.0,4,80.0,4,100.0,0.0,0,0,0,3,880.0,40,2,90.91,112,20.0,0.57,1.0,80.0,80.0,4.0,4.0,880.0,880.0,80.0,80.0,4.0,4.0
380.0,0,6,0,0,night,pa_3_rev,-E1,20.0,4,80.0,4,100.0,0.0,0,0,0,3,880.0,40,2,90.91,112,20.0,0.57,1.0,80.0,80.0,4.0,4.0,880.0,880.0,80.0,80.0,4.0,4.0
381.0,0,6,0,0,night,pa_3_rev,-E1,20.0,4,80.0,4,100.0,0.0,0,0,0,3,880.0,40,2,90.91,112,20.0,0.57,1.0,80.0,80.0,4.0,4.0,880.0,880.0,80.0,80.0,4.0,4.0
382.0,0,6,0,0,night,pa_3_rev,-E1,20.0,4,80.0,4,100.0,0.0,0,0,0,3,880.0,40,2,90.91,112,20.0,0.57,1.0,80.0,80.0,4.0,4.0,880.0,880.0,80.0,80.0,4.0,4.0
383.0,0,6,0,0,night,pa_3_rev,-E1,20.0,4,80.0,4,100.0,0.0,0,0,0,3,880.0,40,2,90.91,112,20.0,0.57,1.0,80.0,80.0,4.0,4.0,880.0,880.0,80.0,80.0,4.0,4.0
384.0,0,6,0,0,night,pa_3_rev,-E1,20.0,4,80.0,4,100.0,0.0,0,0,0,3,880.0,40,2,90.91,112,20.0,0.57,1.0,80.0,80.0,4.0,4.0,880.0,880.0,80.0,80.0,4.0,4.0
385.0,0,6,0,0,night,pa_3_rev,-E1,20.0,4,80.0,4,100.0,0.0,0,0,0,3,880.0,40,2,90.91,112,20.0,0.57,1.0,80.0,80.0,4.0,4.0,880.0,880.0,80.0,80.0,4.0,4.0
386.0,0,6,0,0,night,pa_3_rev,-E1,20.0,4,80.0,4,100.0,0.0,0,0,0,3,880.0,40,2,90.91,111,20.0,0.57,1.0,80.0,80.0,4.0,4.0,880.0,880.0,80.0,80.0,4.0,4.0
387.0,0,6,0,0,night,pa_3_rev,-E1,20.0,4,80.0,4,100.0,0.0,0,0,0,3,880.0,40,2,90.91,111,20.0,0.57,1.0,80.0,80.0,4.0,4.0,880.0,880.0,80.0,80.0,4.0,4.0
388.0,0,6,0,0,night,pa_3_rev,-E1,20.0,4,80.0,4,100.0,0.0,0,0,0,3,880.0,40,3,90.91,110,20.0,0.57,1.0,80.0,80.0,4.0,4.0,880.0,880.0,80.0,80.0,4.0,4.0
389.0,0,6,0,0,night,pa_3_rev,-E1,20.0,4,80.0,4,100.0,33.33,1,1,0,2,880.0,40,4,90.91,110,20.0,0.71,1.0,80.0,80.0,4.0,4.0,880.0,880.0,80.0,80.0,4.0,4.0
390.0,0,6,0,0,night,pa_3_rev,-E1,20.0,4,80.0,4,100.0,33.33,1,1,0,2,880.0,40,4,90.91,110,20.0,0.71,1.0,80.0,80.0,4.0,4.0,880.0,880.0,80.0,80.0,4.0,4.0
391.0,0,6,0,0,night,pa_3_rev,-E1,20.0,4,80.0,4,100.0,33.33,1,1,0,2,880.0,40,4,90.91,109,20.0,0.71,1.0,80.0,80.0,4.0,4.0,880.0,880.0,80.0,80.0,4.0,4.0
392.0,0,6,0,0,night,pa_3_rev,-E1,20.0,4,80.0,4,100.0,33.33,1,1,0,2,880.0,40,4,90.91,108,20.0,0.71,1.0,80.0,80.0,4.0,4.0,880.0,880.0,80.0,80.0,4.0,4.0
393.0,0,6,0,0,night,pa_3_rev,-E1,20.0,4,80.0,4,100.0,33.33,1,1,0,2,930.0,42,4,95.45,107,20.0,0.71,1.0,80.0,80.0,4.0,4.0,880.0,880.0,80.0,80.0,4.0,4.0
394.0,0,6,0,0,night,pa_3_rev,-E1,20.0,4,80.0,4,100.0,33.33,1,1,0,2,930.0,42,4,95.45,107,20.0,0.71,1.0,80.0,80.0,4.0,4.0,930.0,880.0,80.0,80.0,4.0,4.0
395.0,0,6,0,0,night,pa_3_rev,-E1,20.0,4,80.0,4,100.0,33.33,1,1,0,2,930.0,42,4,95.45,106,20.0,0.71,1.0,80.0,80.0,4.0,4.0,930.0,880.0,80.0,80.0,4.0,4.0
396.0,0,6,0,0,night,pa_3_rev,-E1,20.0,4,80.0,4,100.0,33.33,1,1,0,2,930.0,42,4,95.45,106,20.0,0.71,1.0,80.0,80.0,4.0,4.0,930.0,880.0,80.0,80.0,4.0,4.0
397.0,0,6,0,0,night,pa_3_rev,-E1,20.0,4,80.0,4,100.0,33.33,1,1,0,2,930.0,42,4,95.45,106,20.0,0.71,1.0,80.0,80.0,4.0,4.0,930.0,880.0,80.0,80.0,4.0,4.0
398.0,0,6,0,0,night,pa_3_rev,-E1,20.0,4,80.0,4,100.0,33.33,1,1,0,2,930.0,42,5,95.45,106,20.0,0.71,1.0,80.0,80.0,4.0,4.0,930.0,930.0,80.0,80.0,4.0,4.0
399.0,0,6,0,0,night,pa_3_rev,-E1,20.0,4,80.0,4,100.0,33.33,1,1,0,2,930.0,42,5,95.45,106,20.0,0.71,1.0,80.0,80.0,4.0,4.0,930.0,930.0,80.0,80.0,4.0,4.0
400.0,0,6,0,0,night,pa_3_rev,-E1,20.0,4,80.0,4,100.0,33.33,1,1,0,2,930.0,42,5,95.45,106,20.0,0.71,1.0,80.0,80.0,4.0,4.0,930.0,930.0,80.0,80.0,4.0,4.0
401.0,0,6,0,0,night,pa_3_rev,-E1,20.0,4,80.0,4,100.0,33.33,1,1,0,2,930.0,42,5,95.45,108,20.0,0.71,1.0,80.0,80.0,4.0,4.0,930.0,930.0,80.0,80.0,4.0,4.0
402.0,0,6,0,0,night,pa_3_rev,-E1,20.0,4,80.0,4,100.0,33.33,1,1,0,2,930.0,42,5,95.45,107,20.0,0.71,1.0,80.0,80.0,4.0,4.0,930.0,930.0,80.0,80.0,4.0,4.0
403.0,0,6,0,0,night,pa_3_rev,-E1,20.0,4,80.0,4,100.0,33.33,1,1,0,2,930.0,42,5,95.45,107,20.0,0.71,1.0,80.0,80.0,4.0,4.0,930.0,930.0,80.0,80.0,4.0,4.0
404.0,0,6,0,0,night,pa_3_rev,-E1,20.0,4,80.0,4,100.0,33.33,1,1,0,2,930.0,42,5,95.45,107,20.0,0.71,1.0,80.0,80.0,4.0,4.0,930.0,930.0,80.0,80.0,4.0,4.0
405.0,0,6,0,0,night,pa_3_rev,-E1,20.0,4,80.0,4,100.0,33.33,1,1,0,2,930.0,42,5,95.45,107,20.0,0.71,1.0,80.0,80.0,4.0,4.0,930.0,930.0,80.0,80.0,4.0,4.0
406.0,0,6,0,0,night,pa_3_rev,-E1,20.0,4,80.0,4,100.0,33.33,1,1,0,2,930.0,42,5,95.45,108,20.0,0.71,1.0,80.0,80.0,4.0,4.0,930.0,930.0,80.0,80.0,4.0,4.0
407.0,0,6,0,0,night,pa_3_rev,-E1,20.0,4,80.0,4,100.0,33.33,1,1,0,2,930.0,42,5,95.45,108,20.0,0.71,1.0,80.0,80.0,4.0,4.0,930.0,930.0,80.0,80.0,4.0,4.0
408.0,0,6,0,0,night,pa_3_rev,-E1,20.0,4,80.0,4,100.0,33.33,1,1,0,2,930.0,42,5,95.45,108,20.0,0.71,1.0,80.0,80.0,4.0,4.0,930.0,930.0,80.0,80.0,4.0,4.0
409.0,0,6,0,0,night,pa_3_rev,-E1,20.0,4,80.0,4,100.0,33.33,1,1,0,2,930.0,42,5,95.45,108,20.0,0.71,1.0,80.0,80.0,4.0,4.0,930.0,930.0,80.0,80.0,4.0,4.0
410.0,0,6,0,0,night,pa_3_rev,-E1,20.0,4,80.0,4,100.0,33.33,1,1,0,2,930.0,42,5,95.45,108,20.0,0.71,1.0,80.0,80.0,4.0,4.0,930.0,930.0,80.0,80.0,4.0,4.0
411.0,0,6,0,0,night,pa_3_rev,-E1,20.0,4,80.0,4,100.0,33.33,1,1,0,2,930.0,42,5,95.45,107,20.0,0.71,1.0,80.0,80.0,4.0,4.0,930.0,930.0,80.0,80.0,4.0,4.0
412.0,0,6,0,0,night,pa_3_rev,-E1,20.0,4,80.0,4,100.0,33.33,1,1,0,2,930.0,42,5,95.45,112,20.0,0.71,1.0,80.0,80.0,4.0,4.0,930.0,930.0,80.0,80.0,4.0,4.0
413.0,0,6,0,0,night,pa_3_rev,-E1,20.0,4,80.0,4,100.0,33.33,1,1,0,2,930.0,42,5,95.45,112,20.0,0.71,1.0,80.0,80.0,4.0,4.0,930.0,930.0,80.0,80.0,4.0,4.0
414.0,0,6,0,0,night,pa_3_rev,-E1,20.0,4,80.0,4,100.0,33.33,1,1,0,2,930.0,42,5,95.45,112,20.0,0.71,1.0,80.0,80.0,4.0,4.0,930.0,930.0,80.0,80.0,4.0,4.0
415.0,0,6,0,0,night,pa_3_rev,-E1,20.0,4,80.0,4,100.0,33.33,1,1,0,2,930.0,42,5,95.45,112,20.0,0.71,1.0,80.0,80.0,4.0,4.0,930.0,930.0,80.0,80.0,4.0,4.0
416.0,0,6,0,0,night,pa_3_rev,-E1,20.0,4,80.0,4,100.0,33.33,1,1,0,2,930.0,42,5,95.45,112,20.0,0.71,1.0,80.0,80.0,4.0,4.0,930.0,930.0,80.0,80.0,4.0,4.0
417.0,0,6,0,0,night,pa_3_rev,-E1,20.0,4,80.0,4,100.0,33.33,1,1,0,2,930.0,42,5,95.45,112,20.0,0.71,1.0,80.0,80.0,4.0,4.0,930.0,930.0,80.0,80.0,4.0,4.0
418.0,0,6,0,0,night,pa_3_rev,-E1,20.0,4,80.0,4,100.0,33.33,1,1,0,2,930.0,42,5,95.45,112,20.0,0.71,1.0,80.0,80.0,4.0,4.0,930.0,930.0,80.0,80.0,4.0,4.0
419.0,0,6,0,0,night,pa_3_rev,-E1,20.0,4,80.0,4,100.0,33.33,1,1,0,2,930.0,42,5,95.45,110,20.0,0.71,1.0,80.0,80.0,4.0,4.0,930.0,930.0,80.0,80.0,4.0,4.0
420.0,0,7,0,0,night,pa_3_rev,-E1,20.0,4,80.0,4,100.0,33.33,1,1,0,2,930.0,42,6,95.45,110,20.0,0.71,1.0,80.0,80.0,4.0,4.0,930.0,930.0,80.0,80.0,4.0,4.0
421.0,0,7,0,0,night,pa_3_rev,-E1,20.0,4,80.0,4,100.0,33.33,1,1,0,2,930.0,42,6,95.45,112,20.0,0.71,1.0,80.0,80.0,4.0,4.0,930.0,930.0,80.0,80.0,4.0,4.0
422.0,0,7,0,0,night,pa_3_rev,-E1,20.0,4,80.0,4,100.0,33.33,1,1,0,2,930.0,42,6,95.45,112,20.0,0.71,1.0,80.0,80.0,4.0,4.0,930.0,930.0,80.0,80.0,4.0,4.0
423.0,0,7,0,0,night,pa_3_rev,-E1,20.0,4,80.0,4,100.0,33.33,1,1,0,2,955.0,43,6,97.73,112,20.0,0.71,1.0,80.0,80.0,4.0,4.0,930.0,930.0,80.0,80.0,4.0,4.0
424.0,0,7,0,0,night,pa_3_rev,-E1,20.0,4,80.0,4,100.0,33.33,1,1,0,2,955.0,43,6,97.73,112,20.0,0.71,1.0,80.0,80.0,4.0,4.0,955.0,930.0,80.0,80.0,4.0,4.0
425.0,0,7,0,0,night,pa_3_rev,-E1,20.0,4,80.0,4,100.0,33.33,1,1,0,2,955.0,43,6,97.73,112,20.0,0.71,1.0,80.0,80.0,4.0,4.0,955.0,930.0,80.0,80.0,4.0,4.0
426.0,0,7,0,0,night,pa_3_rev,-E1,20.0,4,80.0,4,100.0,33.33,1,1,0,2,980.0,44,6,100.0,112,20.0,0.71,1.0,80.0,80.0,4.0,4.0,955.0,930.0,80.0,80.0,4.0,4.0
427.0,0,7,0,0,night,pa_3_rev,-E1,20.0,4,80.0,4,100.0,33.33,1,1,0,2,980.0,44,6,100.0,112,20.0,0.71,1.0,80.0,80.0,4.0,4.0,980.0,930.0,80.0,80.0,4.0,4.0
428.0,0,7,0,0,night,pa_3_rev,-E1,20.0,4,80.0,4,100.0,33.33,1,1,0,2,980.0,44,6,100.0,112,20.0,0.71,1.0,80.0,80.0,4.0,4.0,980.0,955.0,80.0,80.0,4.0,4.0
429.0,0,7,0,0,night,pa_3_rev,-E1,20.0,4,80.0,4,100.0,33.33,1,1,0,2,980.0,44,6,100.0,112,20.0,0.71,1.0,80.0,80.0,4.0,4.0,980.0,955.0,80.0,80.0,4.0,4.0
430.0,0,7,0,0,night,pa_3_rev,-E1,20.0,4,80.0,4,100.0,33.33,1,1,0,2,980.0,44,6,100.0,112,20.0,0.71,1.0,80.0,80.0,4.0,4.0,980.0,955.0,80.0,80.0,4.0,4.0
431.0,0,7,0,0,night,pa_3_rev,-E1,20.0,4,80.0,4,100.0,33.33,1,1,0,2,980.0,44,6,100.0,112,20.0,0.71,1.0,80.0,80.0,4.0,4.0,980.0,980.0,80.0,80.0,4.0,4.0
432.0,0,7,0,0,night,pa_3_rev,-E1,20.0,4,80.0,4,100.0,33.33,1,1,0,2,980.0,44,6,100.0,112,20.0,0.71,1.0,80.0,80.0,4.0,4.0,980.0,980.0,80.0,80.0,4.0,4.0
433.0,0,7,0,0,night,pa_3_rev,-E1,20.0,4,80.0,4,100.0,33.33,1,1,0,2,980.0,44,8,100.0,117,20.0,0.71,1.0,80.0,80.0,4.0,4.0,980.0,980.0,80.0,80.0,4.0,4.0
434.0,0,7,0,0,night,pa_3_rev,-E1,20.0,4,80.0,4,100.0,33.33,1,1,0,2,980.0,44,8,100.0,117,20.0,0.71,1.0,80.0,80.0,4.0,4.0,980.0,980.0,80.0,80.0,4.0,4.0
435.0,0,7,0,0,night,pa_3_rev,-E1,20.0,4,80.0,4,100.0,33.33,1,1,0,2,980.0,44,8,100.0,117,20.0,0.71,1.0,80.0,80.0,4.0,4.0,980.0,980.0,80.0,80.0,4.0,4.0
436.0,0,7,0,0,night,pa_3_rev,-E1,20.0,4,80.0,4,100.0,33.33,1,1,0,2,980.0,44,8,100.0,117,20.0,0.71,1.0,80.0,80.0,4.0,4.0,980.0,980.0,80.0,80.0,4.0,4.0
437.0,0,7,0,0,night,pa_3_rev,-E1,20.0,4,80.0,4,100.0,33.33,1,1,0,2,980.0,44,8,100.0,117,20.0,0.71,1.0,80.0,80.0,4.0,4.0,980.0,980.0,80.0,80.0,4.0,4.0
438.0,0,7,0,0,night,pa_3_rev,-E1,20.0,4,80.0,4,100.0,33.33,1,1,0,2,980.0,44,8,100.0,117,20.0,0.71,1.0,80.0,80.0,4.0,4.0,980.0,980.0,80.0,80.0,4.0,4.0
439.0,0,7,0,0,night,pa_3_rev,-E1,20.0,4,80.0,4,100.0,33.33,1,1,0,2,980.0,44,8,100.0,117,20.0,0.71,1.0,80.0,80.0,4.0,4.0,980.0,980.0,80.0,80.0,4.0,4.0
440.0,0,7,0,0,night,pa_3_rev,-E1,20.0,4,80.0,4,100.0,33.33,1,1,0,2,980.0,44,8,100.0,117,20.0,0.71,1.0,80.0,80.0,4.0,4.0,980.0,980.0,80.0,80.0,4.0,4.0
441.0,0,7,0,0,night,pa_3_rev,-E1,20.0,4,80.0,4,100.0,33.33,1,1,0,2,980.0,44,8,100.0,117,20.0,0.71,1.0,80.0,80.0,4.0,4.0,980.0,980.0,80.0,80.0,4.0,4.0
442.0,0,7,0,0,night,pa_3_rev,-E1,20.0,4,80.0,4,100.0,33.33,1,1,0,2,980.0,44,9,100.0,117,20.0,0.71,1.0,80.0,80.0,4.0,4.0,980.0,980.0,80.0,80.0,4.0,4.0
443.0,0,7,0,0,night,pa_3_rev,-E1,20.0,4,80.0,4,100.0,33.33,1,1,0,2,980.0,44,9,100.0,116,20.0,0.71,1.0,80.0,80.0,4.0,4.0,980.0,980.0,80.0,80.0,4.0,4.0
444.0,0,7,0,0,night,pa_3_rev,-E1,20.0,4,80.0,4,100.0,33.33,1,1,0,2,980.0,44,9,100.0,116,20.0,0.71,1.0,80.0,80.0,4.0,4.0,980.0,980.0,80.0,80.0,4.0,4.0
445.0,0,7,0,0,night,pa_3_rev,-E1,20.0,4,80.0,4,100.0,66.67,2,2,0,1,980.0,44,10,100.0,116,20.0,0.86,1.0,80.0,80.0,4.0,4.0,980.0,980.0,80.0,80.0,4.0,4.0
446.0,0,7,0,0,night,pa_3_rev,-E1,20.0,4,80.0,4,100.0,66.67,2,2,0,1,980.0,44,10,100.0,114,20.0,0.86,1.0,80.0,80.0,4.0,4.0,980.0,980.0,80.0,80.0,4.0,4.0
447.0,0,7,0,0,night,pa_3_rev,-E1,20.0,4,80.0,4,100.0,66.67,2,2,0,1,980.0,44,10,100.0,113,20.0,0.86,1.0,80.0,80.0,4.0,4.0,980.0,980.0,80.0,80.0,4.0,4.0
448.0,0,7,0,0,night,pa_3_rev,-E1,20.0,4,80.0,4,100.0,66.67,2,2,0,1,980.0,44,10,100.0,113,20.0,0.86,1.0,80.0,80.0,4.0,4.0,980.0,980.0,80.0,80.0,4.0,4.0
449.0,0,7,0,0,night,pa_3_rev,-E1,20.0,4,80.0,4,100.0,66.67,2,2,0,1,980.0,44,10,100.0,113,20.0,0.86,1.0,80.0,80.0,4.0,4.0,980.0,980.0,80.0,80.0,4.0,4.0
450.0,0,7,0,0,night,pa_3_rev,-E1,20.0,4,80.0,4,100.0,66.67,2,2,0,1,980.0,44,10,100.0,113,20.0,0.86,1.0,80.0,80.0,4.0,4.0,980.0,980.0,80.0,80.0,4.0,4.0
451.0,0,7,0,0,night,pa_3_rev,-E1,20.0,4,80.0,4,100.0,66.67,2,2,0,1,980.0,44,10,100.0,113,20.0,0.86,1.0,80.0,80.0,4.0,4.0,980.0,980.0,80.0,80.0,4.0,4.0
452.0,0,7,0,0,night,pa_3_rev,-E1,20.0,4,80.0,4,100.0,66.67,2,2,0,1,980.0,44,11,100.0,113,20.0,0.86,1.0,80.0,80.0,4.0,4.0,980.0,980.0,80.0,80.0,4.0,4.0
453.0,0,7,0,0,night,pa_3_rev,-E1,20.0,4,80.0,4,100.0,66.67,2,2,0,1,980.0,44,11,100.0,114,20.0,0.86,1.0,80.0,80.0,4.0,4.0,980.0,980.0,80.0,80.0,4.0,4.0
454.0,0,7,0,0,night,pa_3_rev,-E1,20.0,4,80.0,4,100.0,66.67,2,2,0,1,980.0,44,11,100.0,114,20.0,0.86,1.0,80.0,80.0,4.0,4.0,980.0,980.0,80.0,80.0,4.0,4.0
455.0,0,7,0,0,night,pa_3_rev,-E1,20.0,4,80.0,4,100.0,66.67,2,2,0,1,980.0,44,11,100.0,114,20.0,0.86,1.0,80.0,80.0,4.0,4.0,980.0,980.0,80.0,80.0,4.0,4.0
456.0,0,7,0,0,night,pa_3_rev,-E1,20.0,4,80.0,4,100.0,66.67,2,2,0,1,980.0,44,12,100.0,114,20.0,0.86,1.0,80.0,80.0,4.0,4.0,980.0,980.0,80.0,80.0,4.0,4.0
457.0,0,7,0,0,night,pa_3_rev,-E1,20.0,4,80.0,4,100.0,66.67,2,2,0,1,980.0,44,14,100.0,114,20.0,0.86,1.0,80.0,80.0,4.0,4.0,980.0,980.0,80.0,80.0,4.0,4.0
458.0,0,7,0,0,night,pa_3_rev,-E1,20.0,4,80.0,4,100.0,66.67,2,2,0,1,980.0,44,15,100.0,113,20.0,0.86,1.0,80.0,80.0,4.0,4.0,980.0,980.0,80.0,80.0,4.0,4.0
459.0,0,7,0,0,night,pa_3_rev,-E1,20.0,4,80.0,4,100.0,66.67,2,2,0,1,980.0,44,15,100.0,112,20.0,0.86,1.0,80.0,80.0,4.0,4.0,980.0,980.0,80.0,80.0,4.0,4.0
460.0,0,7,0,0,night,pa_3_rev,-E1,20.0,4,80.0,4,100.0,66.67,2,2,0,1,980.0,44,15,100.0,112,20.0,0.86,1.0,80.0,80.0,4.0,4.0,980.0,980.0,80.0,80.0,4.0,4.0
461.0,0,7,0,0,night,pa_3_rev,-E1,20.0,4,80.0,4,100.0,66.67,2,2,0,1,980.0,44,18,100.0,112,20.0,0.86,1.0,80.0,80.0,4.0,4.0,980.0,980.0,80.0,80.0,4.0,4.0
462.0,0,7,0,0,night,pa_3_rev,-E1,20.0,4,80.0,4,100.0,66.67,2,2,0,1,980.0,44,18,100.0,112,20.0,0.86,1.0,80.0,80.0,4.0,4.0,980.0,980.0,80.0,80.0,4.0,4.0
463.0,0,7,0,0,night,pa_3_rev,-E1,20.0,4,80.0,4,100.0,66.67,2,2,0,1,980.0,44,18,100.0,113,20.0,0.86,1.0,80.0,80.0,4.0,4.0,980.0,980.0,80.0,80.0,4.0,4.0
464.0,0,7,0,0,night,pa_3_rev,-E1,20.0,4,80.0,4,100.0,66.67,2,2,0,1,980.0,44,18,100.0,113,20.0,0.86,1.0,80.0,80.0,4.0,4.0,980.0,980.0,80.0,80.0,4.0,4.0
465.0,0,7,0,0,night,pa_3_rev,-E1,20.0,4,80.0,4,100.0,66.67,2,2,0,1,980.0,44,18,100.0,112,20.0,0.86,1.0,80.0,80.0,4.0,4.0,980.0,980.0,80.0,80.0,4.0,4.0
466.0,0,7,0,0,night,pa_3_rev,-E1,20.0,4,80.0,4,100.0,66.67,2,2,0,1,980.0,44,18,100.0,111,20.0,0.86,1.0,80.0,80.0,4.0,4.0,980.0,980.0,80.0,80.0,4.0,4.0
467.0,0,7,0,0,night,pa_3_rev,-E1,20.0,4,80.0,4,100.0,66.67,2,2,0,1,980.0,44,18,100.0,110,20.0,0.86,1.0,80.0,80.0,4.0,4.0,980.0,980.0,80.0,80.0,4.0,4.0
468.0,0,7,0,0,night,pa_3_rev,-E1,20.0,4,80.0,4,100.0,66.67,2,2,0,1,980.0,44,19,100.0,110,20.0,0.86,1.0,80.0,80.0,4.0,4.0,980.0,980.0,80.0,80.0,4.0,4.0
469.0,0,7,0,0,night,pa_3_rev,-E1,20.0,4,80.0,4,100.0,66.67,2,2,0,1,980.0,44,19,100.0,110,20.0,0.86,1.0,80.0,80.0,4.0,4.0,980.0,980.0,80.0,80.0,4.0,4.0
470.0,0,7,0,0,night,pa_3_rev,-E1,20.0,4,80.0,4,100.0,66.67,2,2,0,1,980.0,44,19,100.0,110,20.0,0.86,1.0,80.0,80.0,4.0,4.0,980.0,980.0,80.0,80.0,4.0,4.0
471.0,0,7,0,0,night,pa_3_rev,-E1,20.0,4,80.0,4,100.0,66.67,2,2,0,1,980.0,44,19,100.0,109,20.0,0.86,1.0,80.0,80.0,4.0,4.0,980.0,980.0,80.0,80.0,4.0,4.0
472.0,0,7,0,0,night,pa_3_rev,-E1,20.0,4,80.0,4,100.0,66.67,2,2,0,1,980.0,44,19,100.0,108,20.0,0.86,1.0,80.0,80.0,4.0,4.0,980.0,980.0,80.0,80.0,4.0,4.0
473.0,0,7,0,0,night,pa_3_rev,-E1,20.0,4,80.0,4,100.0,66.67,2,2,0,1,980.0,44,19,100.0,108,20.0,0.86,1.0,80.0,80.0,4.0,4.0,980.0,980.0,80.0,80.0,4.0,4.0
474.0,0,7,0,0,night,pa_3_rev,-E1,20.0,4,80.0,4,100.0,66.67,2,2,0,1,980.0,44,19,100.0,108,20.0,0.86,1.0,80.0,80.0,4.0,4.0,980.0,980.0,80.0,80.0,4.0,4.0
475.0,0,7,0,0,night,pa_3_rev,-E1,20.0,4,80.0,4,100.0,100.0,3,3,0,0,980.0,44,20,100.0,108,20.0,1.0,1.0,80.0,80.0,4.0,4.0,980.0,980.0,80.0,80.0,4.0,4.0
476.0,0,7,0,0,night,pa_3_rev,-E1,20.0,4,80.0,4,100.0,100.0,3,3,0,0,980.0,44,20,100.0,108,20.0,1.0,1.0,80.0,80.0,4.0,4.0,980.0,980.0,80.0,80.0,4.0,4.0
477.0,0,7,0,0,night,pa_3_rev,-E1,20.0,4,80.0,4,100.0,100.0,3,3,0,0,980.0,44,20,100.0,108,20.0,1.0,1.0,80.0,80.0,4.0,4.0,980.0,980.0,80.0,80.0,4.0,4.0
478.0,0,7,0,0,night,pa_3_rev,-E1,20.0,4,80.0,4,100.0,100.0,3,3,0,0,980.0,44,21,100.0,107,20.0,1.0,1.0,80.0,80.0,4.0,4.0,980.0,980.0,80.0,80.0,4.0,4.0
479.0,0,7,0,0,night,pa_3_rev,-E1,20.0,4,80.0,4,100.0,100.0,3,3,0,0,980.0,44,21,100.0,107,20.0,1.0,1.0,80.0,80.0,4.0,4.0,980.0,980.0,80.0,80.0,4.0,4.0
480.0,0,8,0,0,night,pa_3_rev,-E1,20.0,4,80.0,4,100.0,100.0,3,3,0,0,980.0,44,21,100.0,106,20.0,1.0,1.0,80.0,80.0,4.0,4.0,980.0,980.0,80.0,80.0,4.0,4.0
481.0,0,8,0,0,night,pa_3_rev,-E1,20.0,4,80.0,4,100.0,100.0,3,3,0,0,980.0,44,21,100.0,110,20.0,1.0,1.0,80.0,80.0,4.0,4.0,980.0,980.0,80.0,80.0,4.0,4.0
482.0,0,8,0,0,night,pa_3_rev,-E1,20.0,4,80.0,4,100.0,100.0,3,3,0,0,980.0,44,21,100.0,110,20.0,1.0,1.0,80.0,80.0,4.0,4.0,980.0,980.0,80.0,80.0,4.0,4.0
483.0,0,8,0,0,night,pa_3_rev,-E1,20.0,4,80.0,4,100.0,100.0,3,3,0,0,980.0,44,21,100.0,112,20.0,1.0,1.0,80.0,80.0,4.0,4.0,980.0,980.0,80.0,80.0,4.0,4.0
484.0,0,8,0,0,night,pa_3_rev,-E1,20.0,4,80.0,4,100.0,100.0,3,3,0,0,980.0,44,21,100.0,112,20.0,1.0,1.0,80.0,80.0,4.0,4.0,980.0,980.0,80.0,80.0,4.0,4.0
485.0,0,8,0,0,night,pa_3_rev,-E1,20.0,4,80.0,4,100.0,100.0,3,3,0,0,980.0,44,22,100.0,112,20.0,1.0,1.0,80.0,80.0,4.0,4.0,980.0,980.0,80.0,80.0,4.0,4.0
486.0,0,8,0,0,night,pa_3_rev,-E1,20.0,4,80.0,4,100.0,100.0,3,3,0,0,980.0,44,22,100.0,113,20.0,1.0,1.0,80.0,80.0,4.0,4.0,980.0,980.0,80.0,80.0,4.0,4.0
487.0,0,8,0,0,night,pa_3_rev,-E1,20.0,4,80.0,4,100.0,100.0,3,3,0,0,980.0,44,22,100.0,112,20.0,1.0,1.0,80.0,80.0,4.0,4.0,980.0,980.0,80.0,80.0,4.0,4.0
488.0,0,8,0,0,night,pa_3_rev,-E1,20.0,4,80.0,4,100.0,100.0,3,3,0,0,980.0,44,23,100.0,113,20.0,1.0,1.0,80.0,80.0,4.0,4.0,980.0,980.0,80.0,80.0,4.0,4.0
489.0,0,8,0,0,night,pa_3_rev,-E1,20.0,4,80.0,4,100.0,100.0,3,3,0,0,980.0,44,23,100.0,113,20.0,1.0,1.0,80.0,80.0,4.0,4.0,980.0,980.0,80.0,80.0,4.0,4.0
490.0,0,8,0,0,night,pa_3_rev,-E1,20.0,4,80.0,4,100.0,100.0,3,3,0,0,980.0,44,23,100.0,113,20.0,1.0,1.0,80.0,80.0,4.0,4.0,980.0,980.0,80.0,80.0,4.0,4.0
491.0,0,8,0,0,night,pa_3_rev,-E1,20.0,4,80.0,4,100.0,100.0,3,3,0,0,980.0,44,23,100.0,113,20.0,1.0,1.0,80.0,80.0,4.0,4.0,980.0,980.0,80.0,80.0,4.0,4.0
492.0,0,8,0,0,night,pa_3_rev,-E1,20.0,4,80.0,4,100.0,100.0,3,3,0,0,980.0,44,23,100.0,113,20.0,1.0,1.0,80.0,80.0,4.0,4.0,980.0,980.0,80.0,80.0,4.0,4.0
493.0,0,8,0,0,night,pa_3_rev,-E1,20.0,4,80.0,4,100.0,100.0,3,3,0,0,980.0,44,24,100.0,113,20.0,1.0,1.0,80.0,80.0,4.0,4.0,980.0,980.0,80.0,80.0,4.0,4.0
494.0,0,8,0,0,night,pa_3_rev,-E1,20.0,4,80.0,4,100.0,100.0,3,3,0,0,980.0,44,24,100.0,113,20.0,1.0,1.0,80.0,80.0,4.0,4.0,980.0,980.0,80.0,80.0,4.0,4.0
495.0,0,8,0,0,night,pa_3_rev,-E1,20.0,4,80.0,4,100.0,100.0,3,3,0,0,980.0,44,24,100.0,113,20.0,1.0,1.0,80.0,80.0,4.0,4.0,980.0,980.0,80.0,80.0,4.0,4.0
496.0,0,8,0,0,night,pa_3_rev,-E1,20.0,4,80.0,4,100.0,100.0,3,3,0,0,980.0,44,25,100.0,113,20.0,1.0,1.0,80.0,80.0,4.0,4.0,980.0,980.0,80.0,80.0,4.0,4.0
497.0,0,8,0,0,night,pa_3_rev,-E1,20.0,4,80.0,4,100.0,100.0,3,3,0,0,980.0,44,26,100.0,113,20.0,1.0,1.0,80.0,80.0,4.0,4.0,980.0,980.0,80.0,80.0,4.0,4.0
498.0,0,8,0,0,night,pa_3_rev,-E1,20.0,4,80.0,4,100.0,100.0,3,3,0,0,980.0,44,27,100.0,112,20.0,1.0,1.0,80.0,80.0,4.0,4.0,980.0,980.0,80.0,80.0,4.0,4.0
499.0,0,8,0,0,night,pa_3_rev,-E1,20.0,4,80.0,4,100.0,100.0,3,3,0,0,980.0,44,27,100.0,112,20.0,1.0,1.0,80.0,80.0,4.0,4.0,980.0,980.0,80.0,80.0,4.0,4.0
500.0,0,8,0,0,night,pa_3_rev,-E1,20.0,4,80.0,4,100.0,100.0,3,3,0,0,980.0,44,27,100.0,112,20.0,1.0,1.0,80.0,80.0,4.0,4.0,980.0,980.0,80.0,80.0,4.0,4.0
501.0,0,8,0,0,night,pa_3_rev,-E1,20.0,4,80.0,4,100.0,100.0,3,3,0,0,980.0,44,27,100.0,111,20.0,1.0,1.0,80.0,80.0,4.0,4.0,980.0,980.0,80.0,80.0,4.0,4.0
502.0,0,8,0,0,night,pa_3_rev,-E1,20.0,4,80.0,4,100.0,100.0,3,3,0,0,980.0,44,27,100.0,110,20.0,1.0,1.0,80.0,80.0,4.0,4.0,980.0,980.0,80.0,80.0,4.0,4.0
503.0,0,8,0,0,night,pa_3_rev,-E1,20.0,4,80.0,4,100.0,100.0,3,3,0,0,980.0,44,27,100.0,110,20.0,1.0,1.0,80.0,80.0,4.0,4.0,980.0,980.0,80.0,80.0,4.0,4.0
504.0,0,8,0,0,night,pa_3_rev,-E1,20.0,4,80.0,4,100.0,100.0,3,3,0,0,980.0,44,27,100.0,110,20.0,1.0,1.0,80.0,80.0,4.0,4.0,980.0,980.0,80.0,80.0,4.0,4.0
505.0,0,8,0,0,night,pa_3_rev,-E1,20.0,4,80.0,4,100.0,100.0,3,3,0,0,980.0,44,27,100.0,112,20.0,1.0,1.0,80.0,80.0,4.0,4.0,980.0,980.0,80.0,80.0,4.0,4.0
506.0,0,8,0,0,night,pa_3_rev,-E1,20.0,4,80.0,4,100.0,100.0,3,3,0,0,980.0,44,27,100.0,112,20.0,1.0,1.0,80.0,80.0,4.0,4.0,980.0,980.0,80.0,80.0,4.0,4.0
507.0,0,8,0,0,night,pa_3_rev,-E1,20.0,4,80.0,4,100.0,100.0,3,3,0,0,980.0,44,27,100.0,112,20.0,1.0,1.0,80.0,80.0,4.0,4.0,980.0,980.0,80.0,80.0,4.0,4.0
508.0,0,8,0,0,night,pa_3_rev,-E1,20.0,4,80.0,4,100.0,100.0,3,3,0,0,980.0,44,27,100.0,112,20.0,1.0,1.0,80.0,80.0,4.0,4.0,980.0,980.0,80.0,80.0,4.0,4.0
509.0,0,8,0,0,night,pa_3_rev,-E1,20.0,4,80.0,4,100.0,100.0,3,3,0,0,980.0,44,27,100.0,112,20.0,1.0,1.0,80.0,80.0,4.0,4.0,980.0,980.0,80.0,80.0,4.0,4.0
510.0,0,8,0,0,night,pa_3_rev,-E1,20.0,4,80.0,4,100.0,100.0,3,3,0,0,980.0,44,27,100.0,112,20.0,1.0,1.0,80.0,80.0,4.0,4.0,980.0,980.0,80.0,80.0,4.0,4.0
511.0,0,8,0,0,night,pa_3_rev,-E1,20.0,4,80.0,4,100.0,100.0,3,3,0,0,980.0,44,27,100.0,111,20.0,1.0,1.0,80.0,80.0,4.0,4.0,980.0,980.0,80.0,80.0,4.0,4.0
512.0,0,8,0,0,night,pa_3_rev,-E1,20.0,4,80.0,4,100.0,100.0,3,3,0,0,980.0,44,28,100.0,111,20.0,1.0,1.0,80.0,80.0,4.0,4.0,980.0,980.0,80.0,80.0,4.0,4.0
513.0,0,8,0,0,night,pa_3_rev,-E1,20.0,4,80.0,4,100.0,100.0,3,3,0,0,980.0,44,28,100.0,111,20.0,1.0,1.0,80.0,80.0,4.0,4.0,980.0,980.0,80.0,80.0,4.0,4.0
514.0,0,8,0,0,night,pa_3_rev,-E1,20.0,4,80.0,4,100.0,100.0,3,3,0,0,980.0,44,28,100.0,111,20.0,1.0,1.0,80.0,80.0,4.0,4.0,980.0,980.0,80.0,80.0,4.0,4.0
515.0,0,8,0,0,night,pa_3_rev,-E1,20.0,4,80.0,4,100.0,100.0,3,3,0,0,980.0,44,28,100.0,115,20.0,1.0,1.0,80.0,80.0,4.0,4.0,980.0,980.0,80.0,80.0,4.0,4.0
516.0,0,8,0,0,night,pa_3_rev,-E1,20.0,4,80.0,4,100.0,100.0,3,3,0,0,980.0,44,28,100.0,115,20.0,1.0,1.0,80.0,80.0,4.0,4.0,980.0,980.0,80.0,80.0,4.0,4.0
517.0,0,8,0,0,night,pa_3_rev,-E1,20.0,4,80.0,4,100.0,100.0,3,3,0,0,980.0,44,28,100.0,115,20.0,1.0,1.0,80.0,80.0,4.0,4.0,980.0,980.0,80.0,80.0,4.0,4.0
518.0,0,8,0,0,night,pa_3_rev,-E1,20.0,4,80.0,4,100.0,100.0,3,3,0,0,980.0,44,28,100.0,114,20.0,1.0,1.0,80.0,80.0,4.0,4.0,980.0,980.0,80.0,80.0,4.0,4.0
519.0,0,8,0,0,night,pa_3_rev,-E1,20.0,4,80.0,4,100.0,100.0,3,3,0,0,980.0,44,28,100.0,114,20.0,1.0,1.0,80.0,80.0,4.0,4.0,980.0,980.0,80.0,80.0,4.0,4.0
520.0,0,8,0,0,night,pa_3_rev,-E1,20.0,4,80.0,4,100.0,100.0,3,3,0,0,980.0,44,28,100.0,114,20.0,1.0,1.0,80.0,80.0,4.0,4.0,980.0,980.0,80.0,80.0,4.0,4.0
521.0,0,8,0,0,night,pa_3_rev,-E1,20.0,4,80.0,4,100.0,100.0,3,3,0,0,980.0,44,28,100.0,115,20.0,1.0,1.0,80.0,80.0,4.0,4.0,980.0,980.0,80.0,80.0,4.0,4.0
522.0,0,8,0,0,night,pa_3_rev,-E1,20.0,4,80.0,4,100.0,100.0,3,3,0,0,980.0,44,28,100.0,115,20.0,1.0,1.0,80.0,80.0,4.0,4.0,980.0,980.0,80.0,80.0,4.0,4.0
523.0,0,8,0,0,night,pa_3_rev,-E1,20.0,4,80.0,4,100.0,100.0,3,3,0,0,980.0,44,28,100.0,115,20.0,1.0,1.0,80.0,80.0,4.0,4.0,980.0,980.0,80.0,80.0,4.0,4.0
524.0,0,8,0,0,night,pa_3_rev,-E1,20.0,4,80.0,4,100.0,100.0,3,3,0,0,980.0,44,28,100.0,115,20.0,1.0,1.0,80.0,80.0,4.0,4.0,980.0,980.0,80.0,80.0,4.0,4.0
525.0,0,8,0,0,night,pa_3_rev,-E1,20.0,4,80.0,4,100.0,100.0,3,3,0,0,980.0,44,29,100.0,115,20.0,1.0,1.0,80.0,80.0,4.0,4.0,980.0,980.0,80.0,80.0,4.0,4.0
526.0,0,8,0,0,night,pa_3_rev,-E1,20.0,4,80.0,4,100.0,100.0,3,3,0,0,980.0,44,29,100.0,115,20.0,1.0,1.0,80.0,80.0,4.0,4.0,980.0,980.0,80.0,80.0,4.0,4.0
527.0,0,8,0,0,night,pa_3_rev,-E1,20.0,4,80.0,4,100.0,100.0,3,3,0,0,980.0,44,29,100.0,114,20.0,1.0,1.0,80.0,80.0,4.0,4.0,980.0,980.0,80.0,80.0,4.0,4.0
528.0,0,8,0,0,night,pa_3_rev,-E1,20.0,4,80.0,4,100.0,100.0,3,3,0,0,980.0,44,29,100.0,114,20.0,1.0,1.0,80.0,80.0,4.0,4.0,980.0,980.0,80.0,80.0,4.0,4.0
529.0,0,8,0,0,night,pa_3_rev,-E1,20.0,4,80.0,4,100.0,100.0,3,3,0,0,980.0,44,29,100.0,114,20.0,1.0,1.0,80.0,80.0,4.0,4.0,980.0,980.0,80.0,80.0,4.0,4.0
530.0,0,8,0,0,night,pa_3_rev,-E1,20.0,4,80.0,4,100.0,100.0,3,3,0,0,980.0,44,29,100.0,113,20.0,1.0,1.0,80.0,80.0,4.0,4.0,980.0,980.0,80.0,80.0,4.0,4.0
531.0,0,8,0,0,night,pa_3_rev,-E1,20.0,4,80.0,4,100.0,100.0,3,3,0,0,980.0,44,29,100.0,113,20.0,1.0,1.0,80.0,80.0,4.0,4.0,980.0,980.0,80.0,80.0,4.0,4.0
532.0,0,8,0,0,night,pa_3_rev,-E1,20.0,4,80.0,4,100.0,100.0,3,3,0,0,980.0,44,29,100.0,113,20.0,1.0,1.0,80.0,80.0,4.0,4.0,980.0,980.0,80.0,80.0,4.0,4.0
533.0,0,8,0,0,night,pa_3_rev,-E1,20.0,4,80.0,4,100.0,133.33,4,4,0,-1,980.0,44,30,100.0,113,20.0,1.14,1.0,80.0,80.0,4.0,4.0,980.0,980.0,80.0,80.0,4.0,4.0
534.0,0,8,0,0,night,pa_3_rev,-E1,20.0,4,80.0,4,100.0,133.33,4,4,0,-1,980.0,44,30,100.0,113,20.0,1.14,1.0,80.0,80.0,4.0,4.0,980.0,980.0,80.0,80.0,4.0,4.0
535.0,0,8,0,0,night,pa_3_rev,-E1,20.0,4,80.0,4,100.0,133.33,4,4,0,-1,980.0,44,30,100.0,112,20.0,1.14,1.0,80.0,80.0,4.0,4.0,980.0,980.0,80.0,80.0,4.0,4.0
536.0,0,8,0,0,night,pa_3_rev,-E1,20.0,4,80.0,4,100.0,133.33,4,4,0,-1,980.0,44,30,100.0,112,20.0,1.14,1.0,80.0,80.0,4.0,4.0,980.0,980.0,80.0,80.0,4.0,4.0
537.0,0,8,0,0,night,pa_3_rev,-E1,20.0,4,80.0,4,100.0,133.33,4,4,0,-1,980.0,44,30,100.0,112,20.0,1.14,1.0,80.0,80.0,4.0,4.0,980.0,980.0,80.0,80.0,4.0,4.0
538.0,0,8,0,0,night,pa_3_rev,-E1,20.0,4,80.0,4,100.0,133.33,4,4,0,-1,980.0,44,30,100.0,112,20.0,1.14,1.0,80.0,80.0,4.0,4.0,980.0,980.0,80.0,80.0,4.0,4.0
539.0,0,8,0,0,night,pa_3_rev,-E1,20.0,4,80.0,4,100.0,133.33,4,4,0,-1,980.0,44,30,100.0,112,20.0,1.14,1.0,80.0,80.0,4.0,4.0,980.0,980.0,80.0,80.0,4.0,4.0
540.0,0,9,0,0,night,pa_3_rev,-E1,20.0,4,80.0,4,100.0,133.33,4,4,0,-1,980.0,44,31,100.0,112,20.0,1.14,1.0,80.0,80.0,4.0,4.0,980.0,980.0,80.0,80.0,4.0,4.0
541.0,0,9,0,0,night,pa_3_rev,-E1,20.0,4,80.0,4,100.0,133.33,4,4,0,-1,980.0,44,31,100.0,115,20.0,1.14,1.0,80.0,80.0,4.0,4.0,980.0,980.0,80.0,80.0,4.0,4.0
542.0,0,9,0,0,night,pa_3_rev,-E1,20.0,4,80.0,4,100.0,133.33,4,4,0,-1,980.0,44,31,100.0,115,20.0,1.14,1.0,80.0,80.0,4.0,4.0,980.0,980.0,80.0,80.0,4.0,4.0
543.0,0,9,0,0,night,pa_3_rev,-E1,20.0,4,80.0,4,100.0,133.33,4,4,0,-1,980.0,44,32,100.0,117,20.0,1.14,1.0,80.0,80.0,4.0,4.0,980.0,980.0,80.0,80.0,4.0,4.0
544.0,0,9,0,0,night,pa_3_rev,-E1,20.0,4,80.0,4,100.0,133.33,4,4,0,-1,980.0,44,32,100.0,117,20.0,1.14,1.0,80.0,80.0,4.0,4.0,980.0,980.0,80.0,80.0,4.0,4.0
545.0,0,9,0,0,night,pa_3_rev,-E1,20.0,4,80.0,4,100.0,133.33,4,4,0,-1,980.0,44,32,100.0,117,20.0,1.14,1.0,80.0,80.0,4.0,4.0,980.0,980.0,80.0,80.0,4.0,4.0
546.0,0,9,0,0,night,pa_3_rev,-E1,20.0,4,80.0,4,100.0,133.33,4,4,0,-1,980.0,44,32,100.0,117,20.0,1.14,1.0,80.0,80.0,4.0,4.0,980.0,980.0,80.0,80.0,4.0,4.0
547.0,0,9,0,0,night,pa_3_rev,-E1,20.0,4,80.0,4,100.0,133.33,4,4,0,-1,980.0,44,32,100.0,118,20.0,1.14,1.0,80.0,80.0,4.0,4.0,980.0,980.0,80.0,80.0,4.0,4.0
548.0,0,9,0,0,night,pa_3_rev,-E1,20.0,4,80.0,4,100.0,133.33,4,4,0,-1,980.0,44,34,100.0,117,20.0,1.14,1.0,80.0,80.0,4.0,4.0,980.0,980.0,80.0,80.0,4.0,4.0
549.0,0,9,0,0,night,pa_3_rev,-E1,20.0,4,80.0,4,100.0,133.33,4,4,0,-1,980.0,44,35,100.0,116,20.0,1.14,1.0,80.0,80.0,4.0,4.0,980.0,980.0,80.0,80.0,4.0,4.0
550.0,0,9,0,0,night,pa_3_rev,-E1,20.0,4,80.0,4,100.0,133.33,4,4,0,-1,980.0,44,39,100.0,116,20.0,1.14,1.0,80.0,80.0,4.0,4.0,980.0,980.0,80.0,80.0,4.0,4.0
551.0,0,9,0,0,night,pa_3_rev,-E1,20.0,4,80.0,4,100.0,133.33,4,4,0,-1,980.0,44,39,100.0,116,20.0,1.14,1.0,80.0,80.0,4.0,4.0,980.0,980.0,80.0,80.0,4.0,4.0
552.0,0,9,0,0,night,pa_3_rev,-E1,20.0,4,80.0,4,100.0,166.67,5,5,0,-2,980.0,44,40,100.0,116,20.0,1.29,1.0,80.0,80.0,4.0,4.0,980.0,980.0,80.0,80.0,4.0,4.0
553.0,0,9,0,0,night,pa_3_rev,-E1,20.0,4,80.0,4,100.0,166.67,5,5,0,-2,980.0,44,40,100.0,116,20.0,1.29,1.0,80.0,80.0,4.0,4.0,980.0,980.0,80.0,80.0,4.0,4.0
554.0,0,9,0,0,night,pa_3_rev,-E1,20.0,4,80.0,4,100.0,166.67,5,5,0,-2,980.0,44,40,100.0,116,20.0,1.29,1.0,80.0,80.0,4.0,4.0,980.0,980.0,80.0,80.0,4.0,4.0
555.0,0,9,0,0,night,pa_3_rev,-E1,20.0,4,80.0,4,100.0,166.67,5,5,0,-2,980.0,44,40,100.0,115,20.0,1.29,1.0,80.0,80.0,4.0,4.0,980.0,980.0,80.0,80.0,4.0,4.0
556.0,0,9,0,0,night,pa_3_rev,-E1,20.0,4,80.0,4,100.0,166.67,5,5,0,-2,980.0,44,40,100.0,115,20.0,1.29,1.0,80.0,80.0,4.0,4.0,980.0,980.0,80.0,80.0,4.0,4.0
557.0,0,9,0,0,night,pa_3_rev,-E1,20.0,4,80.0,4,100.0,166.67,5,5,0,-2,980.0,44,40,100.0,114,20.0,1.29,1.0,80.0,80.0,4.0,4.0,980.0,980.0,80.0,80.0,4.0,4.0
558.0,0,9,0,0,night,pa_3_rev,-E1,20.0,4,80.0,4,100.0,166.67,5,5,0,-2,980.0,44,40,100.0,114,20.0,1.29,1.0,80.0,80.0,4.0,4.0,980.0,980.0,80.0,80.0,4.0,4.0
559.0,0,9,0,0,night,pa_3_rev,-E1,20.0,4,80.0,4,100.0,166.67,5,5,0,-2,980.0,44,40,100.0,113,20.0,1.29,1.0,80.0,80.0,4.0,4.0,980.0,980.0,80.0,80.0,4.0,4.0
560.0,0,9,0,0,night,pa_3_rev,-E1,20.0,4,80.0,4,100.0,166.67,5,5,0,-2,980.0,44,40,100.0,113,20.0,1.29,1.0,80.0,80.0,4.0,4.0,980.0,980.0,80.0,80.0,4.0,4.0
561.0,0,9,0,0,night,pa_3_rev,-E1,20.0,4,80.0,4,100.0,166.67,5,5,0,-2,980.0,44,41,100.0,115,20.0,1.29,1.0,80.0,80.0,4.0,4.0,980.0,980.0,80.0,80.0,4.0,4.0
562.0,0,9,0,0,night,pa_3_rev,-E1,20.0,4,80.0,4,100.0,166.67,5,5,0,-2,980.0,44,41,100.0,115,20.0,1.29,1.0,80.0,80.0,4.0,4.0,980.0,980.0,80.0,80.0,4.0,4.0
563.0,0,9,0,0,night,pa_3_rev,-E1,20.0,4,80.0,4,100.0,166.67,5,5,0,-2,980.0,44,41,100.0,115,20.0,1.29,1.0,80.0,80.0,4.0,4.0,980.0,980.0,80.0,80.0,4.0,4.0
564.0,0,9,0,0,night,pa_3_rev,-E1,20.0,4,80.0,4,100.0,166.67,5,5,0,-2,980.0,44,41,100.0,114,20.0,1.29,1.0,80.0,80.0,4.0,4.0,980.0,980.0,80.0,80.0,4.0,4.0
565.0,0,9,0,0,night,pa_3_rev,-E1,20.0,4,80.0,4,100.0,166.67,5,5,0,-2,980.0,44,42,100.0,114,20.0,1.29,1.0,80.0,80.0,4.0,4.0,980.0,980.0,80.0,80.0,4.0,4.0
566.0,0,9,0,0,night,pa_3_rev,-E1,20.0,4,80.0,4,100.0,166.67,5,5,0,-2,980.0,44,42,100.0,116,20.0,1.29,1.0,80.0,80.0,4.0,4.0,980.0,980.0,80.0,80.0,4.0,4.0
567.0,0,9,0,0,night,pa_3_rev,-E1,20.0,4,80.0,4,100.0,166.67,5,5,0,-2,980.0,44,42,100.0,116,20.0,1.29,1.0,80.0,80.0,4.0,4.0,980.0,980.0,80.0,80.0,4.0,4.0
568.0,0,9,0,0,night,pa_3_rev,-E1,20.0,4,80.0,4,100.0,166.67,5,5,0,-2,980.0,44,42,100.0,116,20.0,1.29,1.0,80.0,80.0,4.0,4.0,980.0,980.0,80.0,80.0,4.0,4.0
569.0,0,9,0,0,night,pa_3_rev,-E1,20.0,4,80.0,4,100.0,166.67,5,5,0,-2,980.0,44,42,100.0,114,20.0,1.29,1.0,80.0,80.0,4.0,4.0,980.0,980.0,80.0,80.0,4.0,4.0
570.0,0,9,0,0,night,pa_3_rev,-E1,20.0,4,80.0,4,100.0,166.67,5,5,0,-2,980.0,44,42,100.0,114,20.0,1.29,1.0,80.0,80.0,4.0,4.0,980.0,980.0,80.0,80.0,4.0,4.0
571.0,0,9,0,0,night,pa_3_rev,-E1,20.0,4,80.0,4,100.0,166.67,5,5,0,-2,980.0,44,42,100.0,114,20.0,1.29,1.0,80.0,80.0,4.0,4.0,980.0,980.0,80.0,80.0,4.0,4.0
572.0,0,9,0,0,night,pa_3_rev,-E1,20.0,4,80.0,4,100.0,166.67,5,5,0,-2,980.0,44,42,100.0,114,20.0,1.29,1.0,80.0,80.0,4.0,4.0,980.0,980.0,80.0,80.0,4.0,4.0
573.0,0,9,0,0,night,pa_3_rev,-E1,20.0,4,80.0,4,100.0,166.67,5,5,0,-2,980.0,44,42,100.0,112,20.0,1.29,1.0,80.0,80.0,4.0,4.0,980.0,980.0,80.0,80.0,4.0,4.0
574.0,0,9,0,0,night,pa_3_rev,-E1,20.0,4,80.0,4,100.0,166.67,5,5,0,-2,980.0,44,42,100.0,112,20.0,1.29,1.0,80.0,80.0,4.0,4.0,980.0,980.0,80.0,80.0,4.0,4.0
575.0,0,9,0,0,night,pa_3_rev,-E1,20.0,4,80.0,4,100.0,166.67,5,5,0,-2,980.0,44,42,100.0,111,20.0,1.29,1.0,80.0,80.0,4.0,4.0,980.0,980.0,80.0,80.0,4.0,4.0
576.0,0,9,0,0,night,pa_3_rev,-E1,20.0,4,80.0,4,100.0,166.67,5,5,0,-2,980.0,44,42,100.0,110,20.0,1.29,1.0,80.0,80.0,4.0,4.0,980.0,980.0,80.0,80.0,4.0,4.0
577.0,0,9,0,0,night,pa_3_rev,-E1,20.0,4,80.0,4,100.0,166.67,5,5,0,-2,980.0,44,42,100.0,114,20.0,1.29,1.0,80.0,80.0,4.0,4.0,980.0,980.0,80.0,80.0,4.0,4.0
578.0,0,9,0,0,night,pa_3_rev,-E1,20.0,4,80.0,4,100.0,166.67,5,5,0,-2,980.0,44,42,100.0,114,20.0,1.29,1.0,80.0,80.0,4.0,4.0,980.0,980.0,80.0,80.0,4.0,4.0
579.0,0,9,0,0,night,pa_3_rev,-E1,20.0,4,80.0,4,100.0,166.67,5,5,0,-2,980.0,44,42,100.0,114,20.0,1.29,1.0,80.0,80.0,4.0,4.0,980.0,980.0,80.0,80.0,4.0,4.0
580.0,0,9,0,0,night,pa_3_rev,-E1,20.0,4,80.0,4,100.0,166.67,5,5,0,-2,980.0,44,42,100.0,114,20.0,1.29,1.0,80.0,80.0,4.0,4.0,980.0,980.0,80.0,80.0,4.0,4.0
581.0,0,9,0,0,night,pa_3_rev,-E1,20.0,4,80.0,4,100.0,166.67,5,5,0,-2,980.0,44,42,100.0,114,20.0,1.29,1.0,80.0,80.0,4.0,4.0,980.0,980.0,80.0,80.0,4.0,4.0
582.0,0,9,0,0,night,pa_3_rev,-E1,20.0,4,80.0,4,100.0,166.67,5,5,0,-2,980.0,44,43,100.0,114,20.0,1.29,1.0,80.0,80.0,4.0,4.0,980.0,980.0,80.0,80.0,4.0,4.0
583.0,0,9,0,0,night,pa_3_rev,-E1,20.0,4,80.0,4,100.0,166.67,5,5,0,-2,980.0,44,43,100.0,114,20.0,1.29,1.0,80.0,80.0,4.0,4.0,980.0,980.0,80.0,80.0,4.0,4.0
584.0,0,9,0,0,night,pa_3_rev,-E1,20.0,4,80.0,4,100.0,166.67,5,5,0,-2,980.0,44,43,100.0,113,20.0,1.29,1.0,80.0,80.0,4.0,4.0,980.0,980.0,80.0,80.0,4.0,4.0
585.0,0,9,0,0,night,pa_3_rev,-E1,20.0,4,80.0,4,100.0,166.67,5,5,0,-2,980.0,44,43,100.0,113,20.0,1.29,1.0,80.0,80.0,4.0,4.0,980.0,980.0,80.0,80.0,4.0,4.0
586.0,0,9,0,0,night,pa_3_rev,-E1,20.0,4,80.0,4,100.0,166.67,5,5,0,-2,980.0,44,43,100.0,114,20.0,1.29,1.0,80.0,80.0,4.0,4.0,980.0,980.0,80.0,80.0,4.0,4.0
587.0,0,9,0,0,night,pa_3_rev,-E1,20.0,4,80.0,4,100.0,166.67,5,5,0,-2,980.0,44,44,100.0,114,20.0,1.29,1.0,80.0,80.0,4.0,4.0,980.0,980.0,80.0,80.0,4.0,4.0
588.0,0,9,0,0,night,pa_3_rev,-E1,20.0,4,80.0,4,100.0,166.67,5,5,0,-2,980.0,44,44,100.0,113,20.0,1.29,1.0,80.0,80.0,4.0,4.0,980.0,980.0,80.0,80.0,4.0,4.0
589.0,0,9,0,0,night,pa_3_rev,-E1,20.0,4,80.0,4,100.0,166.67,5,5,0,-2,980.0,44,44,100.0,113,20.0,1.29,1.0,80.0,80.0,4.0,4.0,980.0,980.0,80.0,80.0,4.0,4.0
590.0,0,9,0,0,night,pa_3_rev,-E1,20.0,4,80.0,4,100.0,166.67,5,5,0,-2,980.0,44,44,100.0,113,20.0,1.29,1.0,80.0,80.0,4.0,4.0,980.0,980.0,80.0,80.0,4.0,4.0
591.0,0,9,0,0,night,pa_3_rev,-E1,20.0,4,80.0,4,100.0,166.67,5,5,0,-2,980.0,44,44,100.0,113,20.0,1.29,1.0,80.0,80.0,4.0,4.0,980.0,980.0,80.0,80.0,4.0,4.0
592.0,0,9,0,0,night,pa_3_rev,-E1,20.0,4,80.0,4,100.0,166.67,5,5,0,-2,980.0,44,44,100.0,113,20.0,1.29,1.0,80.0,80.0,4.0,4.0,980.0,980.0,80.0,80.0,4.0,4.0
593.0,0,9,0,0,night,pa_3_rev,-E1,20.0,4,80.0,4,100.0,166.67,5,5,0,-2,980.0,44,44,100.0,113,20.0,1.29,1.0,80.0,80.0,4.0,4.0,980.0,980.0,80.0,80.0,4.0,4.0
594.0,0,9,0,0,night,pa_3_rev,-E1,20.0,4,80.0,4,100.0,166.67,5,5,0,-2,980.0,44,44,100.0,113,20.0,1.29,1.0,80.0,80.0,4.0,4.0,980.0,980.0,80.0,80.0,4.0,4.0
595.0,0,9,0,0,night,pa_3_rev,-E1,20.0,4,80.0,4,100.0,166.67,5,5,0,-2,980.0,44,44,100.0,113,20.0,1.29,1.0,80.0,80.0,4.0,4.0,980.0,980.0,80.0,80.0,4.0,4.0
596.0,0,9,0,0,night,pa_3_rev,-E1,20.0,4,80.0,4,100.0,166.67,5,5,0,-2,980.0,44,44,100.0,113,20.0,1.29,1.0,80.0,80.0,4.0,4.0,980.0,980.0,80.0,80.0,4.0,4.0
597.0,0,9,0,0,night,pa_3_rev,-E1,20.0,4,80.0,4,100.0,166.67,5,5,0,-2,980.0,44,44,100.0,113,20.0,1.29,1.0,80.0,80.0,4.0,4.0,980.0,980.0,80.0,80.0,4.0,4.0
598.0,0,9,0,0,night,pa_3_rev,-E1,20.0,4,80.0,4,100.0,166.67,5,5,0,-2,980.0,44,44,100.0,111,20.0,1.29,1.0,80.0,80.0,4.0,4.0,980.0,980.0,80.0,80.0,4.0,4.0
599.0,0,9,0,0,night,pa_3_rev,-E1,20.0,4,80.0,4,100.0,166.67,5,5,0,-2,980.0,44,45,100.0,111,20.0,1.29,1.0,80.0,80.0,4.0,4.0,980.0,980.0,80.0,80.0,4.0,4.0
600.0,0,10,0,0,night,pa_3_rev,-E1,20.0,4,80.0,4,100.0,166.67,5,5,0,-2,980.0,44,45,100.0,110,20.0,1.29,1.0,80.0,80.0,4.0,4.0,980.0,980.0,80.0,80.0,4.0,4.0
1.0,0,0,0,0,night,pa_6,E5,25.0,5,0.0,0,0.0,0.0,0,0,5,3,0.0,0,0,0.0,8,0.0,0.0,0.0,0.0,0.0,0.0,0.0,0.0,0.0,0.0,0.0,0.0,0.0
2.0,0,0,0,0,night,pa_6,E5,25.0,5,0.0,0,0.0,0.0,0,0,5,3,0.0,0,0,0.0,8,0.0,0.0,0.0,0.0,0.0,0.0,0.0,0.0,0.0,0.0,0.0,0.0,0.0
3.0,0,0,0,0,night,pa_6,E5,25.0,5,0.0,0,0.0,0.0,0,0,5,3,0.0,0,0,0.0,12,0.0,0.0,0.0,0.0,0.0,0.0,0.0,0.0,0.0,0.0,0.0,0.0,0.0
4.0,0,0,0,0,night,pa_6,E5,25.0,5,0.0,0,0.0,0.0,0,0,5,3,0.0,0,0,0.0,14,0.0,0.0,0.0,0.0,0.0,0.0,0.0,0.0,0.0,0.0,0.0,0.0,0.0
5.0,0,0,0,0,night,pa_6,E5,25.0,5,0.0,0,0.0,0.0,0,0,5,3,0.0,0,0,0.0,14,0.0,0.0,0.0,0.0,0.0,0.0,0.0,0.0,0.0,0.0,0.0,0.0,0.0
6.0,0,0,0,0,night,pa_6,E5,25.0,5,0.0,0,0.0,0.0,0,0,5,3,0.0,0,0,0.0,16,0.0,0.0,0.0,0.0,0.0,0.0,0.0,0.0,0.0,0.0,0.0,0.0,0.0
7.0,0,0,0,0,night,pa_6,E5,25.0,5,0.0,0,0.0,0.0,0,0,5,3,0.0,0,0,0.0,17,0.0,0.0,0.0,0.0,0.0,0.0,0.0,0.0,0.0,0.0,0.0,0.0,0.0
8.0,0,0,0,0,night,pa_6,E5,25.0,5,0.0,0,0.0,0.0,0,0,5,3,0.0,0,0,0.0,18,0.0,0.0,0.0,0.0,0.0,0.0,0.0,0.0,0.0,0.0,0.0,0.0,0.0
9.0,0,0,0,0,night,pa_6,E5,25.0,5,0.0,0,0.0,0.0,0,0,5,3,0.0,0,0,0.0,18,0.0,0.0,0.0,0.0,0.0,0.0,0.0,0.0,0.0,0.0,0.0,0.0,0.0
10.0,0,0,0,0,night,pa_6,E5,25.0,5,0.0,0,0.0,0.0,0,0,5,3,0.0,0,0,0.0,20,0.0,0.0,0.0,0.0,0.0,0.0,0.0,0.0,0.0,0.0,0.0,0.0,0.0
11.0,0,0,0,0,night,pa_6,E5,25.0,5,0.0,0,0.0,0.0,0,0,5,3,0.0,0,0,0.0,20,0.0,0.0,0.0,0.0,0.0,0.0,0.0,0.0,0.0,0.0,0.0,0.0,0.0
12.0,0,0,0,0,night,pa_6,E5,25.0,5,0.0,0,0.0,0.0,0,0,5,3,0.0,0,0,0.0,20,0.0,0.0,0.0,0.0,0.0,0.0,0.0,0.0,0.0,0.0,0.0,0.0,0.0
13.0,0,0,0,0,night,pa_6,E5,25.0,5,0.0,0,0.0,0.0,0,0,5,3,0.0,0,0,0.0,20,0.0,0.0,0.0,0.0,0.0,0.0,0.0,0.0,0.0,0.0,0.0,0.0,0.0
14.0,0,0,0,0,night,pa_6,E5,25.0,5,0.0,0,0.0,0.0,0,0,5,3,0.0,0,0,0.0,22,0.0,0.0,0.0,0.0,0.0,0.0,0.0,0.0,0.0,0.0,0.0,0.0,0.0
15.0,0,0,0,0,night,pa_6,E5,25.0,5,0.0,0,0.0,0.0,0,0,5,3,0.0,0,0,0.0,22,0.0,0.0,0.0,0.0,0.0,0.0,0.0,0.0,0.0,0.0,0.0,0.0,0.0
16.0,0,0,0,0,night,pa_6,E5,25.0,5,0.0,0,0.0,0.0,0,0,5,3,0.0,0,0,0.0,22,0.0,0.0,0.0,0.0,0.0,0.0,0.0,0.0,0.0,0.0,0.0,0.0,0.0
17.0,0,0,0,0,night,pa_6,E5,25.0,5,0.0,0,0.0,0.0,0,0,5,3,0.0,0,0,0.0,22,0.0,0.0,0.0,0.0,0.0,0.0,0.0,0.0,0.0,0.0,0.0,0.0,0.0
18.0,0,0,0,0,night,pa_6,E5,25.0,5,0.0,0,0.0,0.0,0,0,5,3,0.0,0,0,0.0,24,0.0,0.0,0.0,0.0,0.0,0.0,0.0,0.0,0.0,0.0,0.0,0.0,0.0
19.0,0,0,0,0,night,pa_6,E5,25.0,5,0.0,0,0.0,0.0,0,0,5,3,0.0,0,0,0.0,24,0.0,0.0,0.0,0.0,0.0,0.0,0.0,0.0,0.0,0.0,0.0,0.0,0.0
20.0,0,0,0,0,night,pa_6,E5,25.0,5,0.0,0,0.0,0.0,0,0,5,3,0.0,0,0,0.0,24,0.0,0.0,0.0,0.0,0.0,0.0,0.0,0.0,0.0,0.0,0.0,0.0,0.0
21.0,0,0,0,0,night,pa_6,E5,25.0,5,0.0,0,0.0,0.0,0,0,5,3,0.0,0,0,0.0,24,0.0,0.0,0.0,0.0,0.0,0.0,0.0,0.0,0.0,0.0,0.0,0.0,0.0
22.0,0,0,0,0,night,pa_6,E5,25.0,5,0.0,0,0.0,0.0,0,0,5,3,0.0,0,0,0.0,24,0.0,0.0,0.0,0.0,0.0,0.0,0.0,0.0,0.0,0.0,0.0,0.0,0.0
23.0,0,0,0,0,night,pa_6,E5,25.0,5,0.0,0,0.0,0.0,0,0,5,3,0.0,0,0,0.0,24,0.0,0.0,0.0,0.0,0.0,0.0,0.0,0.0,0.0,0.0,0.0,0.0,0.0
24.0,0,0,0,0,night,pa_6,E5,25.0,5,0.0,0,0.0,0.0,0,0,5,3,0.0,0,0,0.0,24,0.0,0.0,0.0,0.0,0.0,0.0,0.0,0.0,0.0,0.0,0.0,0.0,0.0
25.0,0,0,0,0,night,pa_6,E5,25.0,5,0.0,0,0.0,0.0,0,0,5,3,0.0,0,0,0.0,24,0.0,0.0,0.0,0.0,0.0,0.0,0.0,0.0,0.0,0.0,0.0,0.0,0.0
26.0,0,0,0,0,night,pa_6,E5,25.0,5,0.0,0,0.0,0.0,0,0,5,3,0.0,0,0,0.0,24,0.0,0.0,0.0,0.0,0.0,0.0,0.0,0.0,0.0,0.0,0.0,0.0,0.0
27.0,0,0,0,0,night,pa_6,E5,25.0,5,0.0,0,0.0,0.0,0,0,5,3,0.0,0,0,0.0,24,0.0,0.0,0.0,0.0,0.0,0.0,0.0,0.0,0.0,0.0,0.0,0.0,0.0
28.0,0,0,0,0,night,pa_6,E5,25.0,5,0.0,0,0.0,0.0,0,0,5,3,0.0,0,0,0.0,24,0.0,0.0,0.0,0.0,0.0,0.0,0.0,0.0,0.0,0.0,0.0,0.0,0.0
29.0,0,0,0,0,night,pa_6,E5,25.0,5,0.0,0,0.0,0.0,0,0,5,3,0.0,0,0,0.0,24,0.0,0.0,0.0,0.0,0.0,0.0,0.0,0.0,0.0,0.0,0.0,0.0,0.0
30.0,0,0,0,0,night,pa_6,E5,25.0,5,0.0,0,0.0,0.0,0,0,5,3,0.0,0,0,0.0,24,0.0,0.0,0.0,0.0,0.0,0.0,0.0,0.0,0.0,0.0,0.0,0.0,0.0
31.0,0,0,0,0,night,pa_6,E5,25.0,5,0.0,0,0.0,0.0,0,0,5,3,0.0,0,0,0.0,24,0.0,0.0,0.0,0.0,0.0,0.0,0.0,0.0,0.0,0.0,0.0,0.0,0.0
32.0,0,0,0,0,night,pa_6,E5,25.0,5,0.0,0,0.0,0.0,0,0,5,3,0.0,0,0,0.0,24,0.0,0.0,0.0,0.0,0.0,0.0,0.0,0.0,0.0,0.0,0.0,0.0,0.0
33.0,0,0,0,0,night,pa_6,E5,25.0,5,0.0,0,0.0,0.0,0,0,5,3,0.0,0,0,0.0,24,0.0,0.0,0.0,0.0,0.0,0.0,0.0,0.0,0.0,0.0,0.0,0.0,0.0
34.0,0,0,0,0,night,pa_6,E5,25.0,5,0.0,0,0.0,0.0,0,0,5,3,0.0,0,0,0.0,24,0.0,0.0,0.0,0.0,0.0,0.0,0.0,0.0,0.0,0.0,0.0,0.0,0.0
35.0,0,0,0,0,night,pa_6,E5,25.0,5,0.0,0,0.0,0.0,0,0,5,3,0.0,0,0,0.0,24,0.0,0.0,0.0,0.0,0.0,0.0,0.0,0.0,0.0,0.0,0.0,0.0,0.0
36.0,0,0,0,0,night,pa_6,E5,25.0,5,0.0,0,0.0,0.0,0,0,5,3,0.0,0,0,0.0,24,0.0,0.0,0.0,0.0,0.0,0.0,0.0,0.0,0.0,0.0,0.0,0.0,0.0
37.0,0,0,0,0,night,pa_6,E5,25.0,5,0.0,0,0.0,0.0,0,0,5,3,0.0,0,0,0.0,24,0.0,0.0,0.0,0.0,0.0,0.0,0.0,0.0,0.0,0.0,0.0,0.0,0.0
38.0,0,0,0,0,night,pa_6,E5,25.0,5,0.0,0,0.0,0.0,0,0,5,3,0.0,0,0,0.0,24,0.0,0.0,0.0,0.0,0.0,0.0,0.0,0.0,0.0,0.0,0.0,0.0,0.0
39.0,0,0,0,0,night,pa_6,E5,25.0,5,0.0,0,0.0,0.0,0,0,5,3,0.0,0,0,0.0,24,0.0,0.0,0.0,0.0,0.0,0.0,0.0,0.0,0.0,0.0,0.0,0.0,0.0
40.0,0,0,0,0,night,pa_6,E5,25.0,5,0.0,0,0.0,0.0,0,0,5,3,0.0,0,0,0.0,24,0.0,0.0,0.0,0.0,0.0,0.0,0.0,0.0,0.0,0.0,0.0,0.0,0.0
41.0,0,0,0,0,night,pa_6,E5,25.0,5,0.0,0,0.0,0.0,0,0,5,3,0.0,0,0,0.0,25,0.0,0.0,0.0,0.0,0.0,0.0,0.0,0.0,0.0,0.0,0.0,0.0,0.0
42.0,0,0,0,0,night,pa_6,E5,25.0,5,0.0,0,0.0,0.0,0,0,5,3,0.0,0,0,0.0,25,0.0,0.0,0.0,0.0,0.0,0.0,0.0,0.0,0.0,0.0,0.0,0.0,0.0
43.0,0,0,0,0,night,pa_6,E5,25.0,5,0.0,0,0.0,0.0,0,0,5,3,0.0,0,0,0.0,25,0.0,0.0,0.0,0.0,0.0,0.0,0.0,0.0,0.0,0.0,0.0,0.0,0.0
44.0,0,0,0,0,night,pa_6,E5,25.0,5,0.0,0,0.0,0.0,0,0,5,3,0.0,0,0,0.0,25,0.0,0.0,0.0,0.0,0.0,0.0,0.0,0.0,0.0,0.0,0.0,0.0,0.0
45.0,0,0,0,0,night,pa_6,E5,25.0,5,0.0,0,0.0,0.0,0,0,5,3,0.0,0,0,0.0,25,0.0,0.0,0.0,0.0,0.0,0.0,0.0,0.0,0.0,0.0,0.0,0.0,0.0
46.0,0,0,0,0,night,pa_6,E5,25.0,5,0.0,0,0.0,0.0,0,0,5,3,0.0,0,0,0.0,26,0.0,0.0,0.0,0.0,0.0,0.0,0.0,0.0,0.0,0.0,0.0,0.0,0.0
47.0,0,0,0,0,night,pa_6,E5,25.0,5,0.0,0,0.0,0.0,0,0,5,3,0.0,0,0,0.0,26,0.0,0.0,0.0,0.0,0.0,0.0,0.0,0.0,0.0,0.0,0.0,0.0,0.0
48.0,0,0,0,0,night,pa_6,E5,25.0,5,0.0,0,0.0,0.0,0,0,5,3,0.0,0,0,0.0,26,0.0,0.0,0.0,0.0,0.0,0.0,0.0,0.0,0.0,0.0,0.0,0.0,0.0
49.0,0,0,0,0,night,pa_6,E5,25.0,5,0.0,0,0.0,0.0,0,0,5,3,0.0,0,0,0.0,26,0.0,0.0,0.0,0.0,0.0,0.0,0.0,0.0,0.0,0.0,0.0,0.0,0.0
50.0,0,0,0,0,night,pa_6,E5,25.0,5,0.0,0,0.0,0.0,0,0,5,3,0.0,0,0,0.0,26,0.0,0.0,0.0,0.0,0.0,0.0,0.0,0.0,0.0,0.0,0.0,0.0,0.0
51.0,0,0,0,0,night,pa_6,E5,25.0,5,0.0,0,0.0,0.0,0,0,5,3,0.0,0,0,0.0,26,0.0,0.0,0.0,0.0,0.0,0.0,0.0,0.0,0.0,0.0,0.0,0.0,0.0
52.0,0,0,0,0,night,pa_6,E5,25.0,5,0.0,0,0.0,0.0,0,0,5,3,0.0,0,0,0.0,28,0.0,0.0,0.0,0.0,0.0,0.0,0.0,0.0,0.0,0.0,0.0,0.0,0.0
53.0,0,0,0,0,night,pa_6,E5,25.0,5,0.0,0,0.0,0.0,0,0,5,3,0.0,0,0,0.0,28,0.0,0.0,0.0,0.0,0.0,0.0,0.0,0.0,0.0,0.0,0.0,0.0,0.0
54.0,0,0,0,0,night,pa_6,E5,25.0,5,0.0,0,0.0,0.0,0,0,5,3,0.0,0,0,0.0,28,0.0,0.0,0.0,0.0,0.0,0.0,0.0,0.0,0.0,0.0,0.0,0.0,0.0
55.0,0,0,0,0,night,pa_6,E5,25.0,5,0.0,0,0.0,0.0,0,0,5,3,0.0,0,0,0.0,28,0.0,0.0,0.0,0.0,0.0,0.0,0.0,0.0,0.0,0.0,0.0,0.0,0.0
56.0,0,0,0,0,night,pa_6,E5,25.0,5,0.0,0,0.0,0.0,0,0,5,3,0.0,0,0,0.0,28,0.0,0.0,0.0,0.0,0.0,0.0,0.0,0.0,0.0,0.0,0.0,0.0,0.0
57.0,0,0,0,0,night,pa_6,E5,25.0,5,0.0,0,0.0,0.0,0,0,5,3,0.0,0,0,0.0,28,0.0,0.0,0.0,0.0,0.0,0.0,0.0,0.0,0.0,0.0,0.0,0.0,0.0
58.0,0,0,0,0,night,pa_6,E5,25.0,5,0.0,0,0.0,0.0,0,0,5,3,0.0,0,0,0.0,28,0.0,0.0,0.0,0.0,0.0,0.0,0.0,0.0,0.0,0.0,0.0,0.0,0.0
59.0,0,0,0,0,night,pa_6,E5,25.0,5,0.0,0,0.0,0.0,0,0,5,3,0.0,0,0,0.0,28,0.0,0.0,0.0,0.0,0.0,0.0,0.0,0.0,0.0,0.0,0.0,0.0,0.0
60.0,0,1,0,0,night,pa_6,E5,25.0,5,0.0,0,0.0,0.0,0,0,5,3,0.0,0,0,0.0,28,0.0,0.0,0.0,0.0,0.0,0.0,0.0,0.0,0.0,0.0,0.0,0.0,0.0
61.0,0,1,0,0,night,pa_6,E5,25.0,5,0.0,0,0.0,0.0,0,0,5,3,0.0,0,0,0.0,30,0.0,0.0,0.0,0.0,0.0,0.0,0.0,0.0,0.0,0.0,0.0,0.0,0.0
62.0,0,1,0,0,night,pa_6,E5,25.0,5,0.0,0,0.0,0.0,0,0,5,3,0.0,0,0,0.0,30,0.0,0.0,0.0,0.0,0.0,0.0,0.0,0.0,0.0,0.0,0.0,0.0,0.0
63.0,0,1,0,0,night,pa_6,E5,25.0,5,0.0,0,0.0,0.0,0,0,5,3,0.0,0,0,0.0,30,0.0,0.0,0.0,0.0,0.0,0.0,0.0,0.0,0.0,0.0,0.0,0.0,0.0
64.0,0,1,0,0,night,pa_6,E5,25.0,5,0.0,0,0.0,0.0,0,0,5,3,0.0,0,0,0.0,30,0.0,0.0,0.0,0.0,0.0,0.0,0.0,0.0,0.0,0.0,0.0,0.0,0.0
65.0,0,1,0,0,night,pa_6,E5,25.0,5,0.0,0,0.0,0.0,0,0,5,3,0.0,0,0,0.0,30,0.0,0.0,0.0,0.0,0.0,0.0,0.0,0.0,0.0,0.0,0.0,0.0,0.0
66.0,0,1,0,0,night,pa_6,E5,25.0,5,0.0,0,0.0,0.0,0,0,5,3,0.0,0,0,0.0,30,0.0,0.0,0.0,0.0,0.0,0.0,0.0,0.0,0.0,0.0,0.0,0.0,0.0
67.0,0,1,0,0,night,pa_6,E5,25.0,5,0.0,0,0.0,0.0,0,0,5,3,0.0,0,0,0.0,30,0.0,0.0,0.0,0.0,0.0,0.0,0.0,0.0,0.0,0.0,0.0,0.0,0.0
68.0,0,1,0,0,night,pa_6,E5,25.0,5,0.0,0,0.0,0.0,0,0,5,3,0.0,0,0,0.0,30,0.0,0.0,0.0,0.0,0.0,0.0,0.0,0.0,0.0,0.0,0.0,0.0,0.0
69.0,0,1,0,0,night,pa_6,E5,25.0,5,0.0,0,0.0,0.0,0,0,5,3,0.0,0,0,0.0,30,0.0,0.0,0.0,0.0,0.0,0.0,0.0,0.0,0.0,0.0,0.0,0.0,0.0
70.0,0,1,0,0,night,pa_6,E5,25.0,5,0.0,0,0.0,0.0,0,0,5,3,0.0,0,0,0.0,30,0.0,0.0,0.0,0.0,0.0,0.0,0.0,0.0,0.0,0.0,0.0,0.0,0.0
71.0,0,1,0,0,night,pa_6,E5,25.0,5,0.0,0,0.0,0.0,0,0,5,3,0.0,0,0,0.0,30,0.0,0.0,0.0,0.0,0.0,0.0,0.0,0.0,0.0,0.0,0.0,0.0,0.0
72.0,0,1,0,0,night,pa_6,E5,25.0,5,0.0,0,0.0,0.0,0,0,5,3,0.0,0,0,0.0,30,0.0,0.0,0.0,0.0,0.0,0.0,0.0,0.0,0.0,0.0,0.0,0.0,0.0
73.0,0,1,0,0,night,pa_6,E5,25.0,5,0.0,0,0.0,0.0,0,0,5,3,0.0,0,0,0.0,32,0.0,0.0,0.0,0.0,0.0,0.0,0.0,0.0,0.0,0.0,0.0,0.0,0.0
74.0,0,1,0,0,night,pa_6,E5,25.0,5,0.0,0,0.0,0.0,0,0,5,3,0.0,0,0,0.0,32,0.0,0.0,0.0,0.0,0.0,0.0,0.0,0.0,0.0,0.0,0.0,0.0,0.0
75.0,0,1,0,0,night,pa_6,E5,25.0,5,0.0,0,0.0,0.0,0,0,5,3,0.0,0,0,0.0,32,0.0,0.0,0.0,0.0,0.0,0.0,0.0,0.0,0.0,0.0,0.0,0.0,0.0
76.0,0,1,0,0,night,pa_6,E5,25.0,5,0.0,0,0.0,0.0,0,0,5,3,0.0,0,0,0.0,32,0.0,0.0,0.0,0.0,0.0,0.0,0.0,0.0,0.0,0.0,0.0,0.0,0.0
77.0,0,1,0,0,night,pa_6,E5,25.0,5,0.0,0,0.0,0.0,0,0,5,3,0.0,0,0,0.0,32,0.0,0.0,0.0,0.0,0.0,0.0,0.0,0.0,0.0,0.0,0.0,0.0,0.0
78.0,0,1,0,0,night,pa_6,E5,25.0,5,0.0,0,0.0,0.0,0,0,5,3,0.0,0,0,0.0,32,0.0,0.0,0.0,0.0,0.0,0.0,0.0,0.0,0.0,0.0,0.0,0.0,0.0
79.0,0,1,0,0,night,pa_6,E5,25.0,5,0.0,0,0.0,0.0,0,0,5,3,0.0,0,0,0.0,32,0.0,0.0,0.0,0.0,0.0,0.0,0.0,0.0,0.0,0.0,0.0,0.0,0.0
80.0,0,1,0,0,night,pa_6,E5,25.0,5,0.0,0,0.0,0.0,0,0,5,3,0.0,0,0,0.0,32,0.0,0.0,0.0,0.0,0.0,0.0,0.0,0.0,0.0,0.0,0.0,0.0,0.0
81.0,0,1,0,0,night,pa_6,E5,25.0,5,0.0,0,0.0,0.0,0,0,5,3,0.0,0,0,0.0,34,0.0,0.0,0.0,0.0,0.0,0.0,0.0,0.0,0.0,0.0,0.0,0.0,0.0
82.0,0,1,0,0,night,pa_6,E5,25.0,5,0.0,0,0.0,0.0,0,0,5,3,0.0,0,0,0.0,34,0.0,0.0,0.0,0.0,0.0,0.0,0.0,0.0,0.0,0.0,0.0,0.0,0.0
83.0,0,1,0,0,night,pa_6,E5,25.0,5,0.0,0,0.0,0.0,0,0,5,3,0.0,0,0,0.0,34,0.0,0.0,0.0,0.0,0.0,0.0,0.0,0.0,0.0,0.0,0.0,0.0,0.0
84.0,0,1,0,0,night,pa_6,E5,25.0,5,0.0,0,0.0,0.0,0,0,5,3,0.0,0,0,0.0,34,0.0,0.0,0.0,0.0,0.0,0.0,0.0,0.0,0.0,0.0,0.0,0.0,0.0
85.0,0,1,0,0,night,pa_6,E5,25.0,5,0.0,0,0.0,0.0,0,0,5,3,0.0,0,0,0.0,34,0.0,0.0,0.0,0.0,0.0,0.0,0.0,0.0,0.0,0.0,0.0,0.0,0.0
86.0,0,1,0,0,night,pa_6,E5,25.0,5,0.0,0,0.0,0.0,0,0,5,3,0.0,0,0,0.0,34,0.0,0.0,0.0,0.0,0.0,0.0,0.0,0.0,0.0,0.0,0.0,0.0,0.0
87.0,0,1,0,0,night,pa_6,E5,25.0,5,0.0,0,0.0,0.0,0,0,5,3,0.0,0,0,0.0,34,0.0,0.0,0.0,0.0,0.0,0.0,0.0,0.0,0.0,0.0,0.0,0.0,0.0
88.0,0,1,0,0,night,pa_6,E5,25.0,5,0.0,0,0.0,0.0,0,0,5,3,0.0,0,0,0.0,34,0.0,0.0,0.0,0.0,0.0,0.0,0.0,0.0,0.0,0.0,0.0,0.0,0.0
89.0,0,1,0,0,night,pa_6,E5,25.0,5,0.0,0,0.0,0.0,0,0,5,3,0.0,0,0,0.0,34,0.0,0.0,0.0,0.0,0.0,0.0,0.0,0.0,0.0,0.0,0.0,0.0,0.0
90.0,0,1,0,0,night,pa_6,E5,25.0,5,0.0,0,0.0,0.0,0,0,5,3,0.0,0,0,0.0,34,0.0,0.0,0.0,0.0,0.0,0.0,0.0,0.0,0.0,0.0,0.0,0.0,0.0
91.0,0,1,0,0,night,pa_6,E5,25.0,5,0.0,0,0.0,0.0,0,0,5,3,0.0,0,0,0.0,35,0.0,0.0,0.0,0.0,0.0,0.0,0.0,0.0,0.0,0.0,0.0,0.0,0.0
92.0,0,1,0,0,night,pa_6,E5,25.0,5,0.0,0,0.0,0.0,0,0,5,3,0.0,0,0,0.0,35,0.0,0.0,0.0,0.0,0.0,0.0,0.0,0.0,0.0,0.0,0.0,0.0,0.0
93.0,0,1,0,0,night,pa_6,E5,25.0,5,0.0,0,0.0,0.0,0,0,5,3,0.0,0,0,0.0,36,0.0,0.0,0.0,0.0,0.0,0.0,0.0,0.0,0.0,0.0,0.0,0.0,0.0
94.0,0,1,0,0,night,pa_6,E5,25.0,5,0.0,0,0.0,0.0,0,0,5,3,0.0,0,0,0.0,36,0.0,0.0,0.0,0.0,0.0,0.0,0.0,0.0,0.0,0.0,0.0,0.0,0.0
95.0,0,1,0,0,night,pa_6,E5,25.0,5,0.0,0,0.0,0.0,0,0,5,3,0.0,0,0,0.0,36,0.0,0.0,0.0,0.0,0.0,0.0,0.0,0.0,0.0,0.0,0.0,0.0,0.0
96.0,0,1,0,0,night,pa_6,E5,25.0,5,0.0,0,0.0,0.0,0,0,5,3,0.0,0,0,0.0,36,0.0,0.0,0.0,0.0,0.0,0.0,0.0,0.0,0.0,0.0,0.0,0.0,0.0
97.0,0,1,0,0,night,pa_6,E5,25.0,5,0.0,0,0.0,0.0,0,0,5,3,0.0,0,0,0.0,36,0.0,0.0,0.0,0.0,0.0,0.0,0.0,0.0,0.0,0.0,0.0,0.0,0.0
98.0,0,1,0,0,night,pa_6,E5,25.0,5,0.0,0,0.0,0.0,0,0,5,3,0.0,0,0,0.0,36,0.0,0.0,0.0,0.0,0.0,0.0,0.0,0.0,0.0,0.0,0.0,0.0,0.0
99.0,0,1,0,0,night,pa_6,E5,25.0,5,0.0,0,0.0,0.0,0,0,5,3,0.0,0,0,0.0,36,0.0,0.0,0.0,0.0,0.0,0.0,0.0,0.0,0.0,0.0,0.0,0.0,0.0
100.0,0,1,0,0,night,pa_6,E5,25.0,5,0.0,0,0.0,0.0,0,0,5,3,0.0,0,0,0.0,36,0.0,0.0,0.0,0.0,0.0,0.0,0.0,0.0,0.0,0.0,0.0,0.0,0.0
101.0,0,1,0,0,night,pa_6,E5,25.0,5,0.0,0,0.0,0.0,0,0,5,3,0.0,0,0,0.0,36,0.0,0.0,0.0,0.0,0.0,0.0,0.0,0.0,0.0,0.0,0.0,0.0,0.0
102.0,0,1,0,0,night,pa_6,E5,25.0,5,0.0,0,0.0,0.0,0,0,5,3,0.0,0,0,0.0,36,0.0,0.0,0.0,0.0,0.0,0.0,0.0,0.0,0.0,0.0,0.0,0.0,0.0
103.0,0,1,0,0,night,pa_6,E5,25.0,5,0.0,0,0.0,0.0,0,0,5,3,0.0,0,0,0.0,41,0.0,0.0,0.0,0.0,0.0,0.0,0.0,0.0,0.0,0.0,0.0,0.0,0.0
104.0,0,1,0,0,night,pa_6,E5,25.0,5,0.0,0,0.0,0.0,0,0,5,3,0.0,0,0,0.0,41,0.0,0.0,0.0,0.0,0.0,0.0,0.0,0.0,0.0,0.0,0.0,0.0,0.0
105.0,0,1,0,0,night,pa_6,E5,25.0,5,0.0,0,0.0,0.0,0,0,5,3,0.0,0,0,0.0,41,0.0,0.0,0.0,0.0,0.0,0.0,0.0,0.0,0.0,0.0,0.0,0.0,0.0
106.0,0,1,0,0,night,pa_6,E5,25.0,5,0.0,0,0.0,0.0,0,0,5,3,0.0,0,0,0.0,41,0.0,0.0,0.0,0.0,0.0,0.0,0.0,0.0,0.0,0.0,0.0,0.0,0.0
107.0,0,1,0,0,night,pa_6,E5,25.0,5,0.0,0,0.0,0.0,0,0,5,3,0.0,0,0,0.0,41,0.0,0.0,0.0,0.0,0.0,0.0,0.0,0.0,0.0,0.0,0.0,0.0,0.0
108.0,0,1,0,0,night,pa_6,E5,25.0,5,0.0,0,0.0,0.0,0,0,5,3,0.0,0,0,0.0,41,0.0,0.0,0.0,0.0,0.0,0.0,0.0,0.0,0.0,0.0,0.0,0.0,0.0
109.0,0,1,0,0,night,pa_6,E5,25.0,5,0.0,0,0.0,0.0,0,0,5,3,0.0,0,0,0.0,41,0.0,0.0,0.0,0.0,0.0,0.0,0.0,0.0,0.0,0.0,0.0,0.0,0.0
110.0,0,1,0,0,night,pa_6,E5,25.0,5,0.0,0,0.0,0.0,0,0,5,3,0.0,0,0,0.0,41,0.0,0.0,0.0,0.0,0.0,0.0,0.0,0.0,0.0,0.0,0.0,0.0,0.0
111.0,0,1,0,0,night,pa_6,E5,25.0,5,0.0,0,0.0,0.0,0,0,5,3,0.0,0,0,0.0,41,0.0,0.0,0.0,0.0,0.0,0.0,0.0,0.0,0.0,0.0,0.0,0.0,0.0
112.0,0,1,0,0,night,pa_6,E5,25.0,5,0.0,0,0.0,0.0,0,0,5,3,0.0,0,0,0.0,41,0.0,0.0,0.0,0.0,0.0,0.0,0.0,0.0,0.0,0.0,0.0,0.0,0.0
113.0,0,1,0,0,night,pa_6,E5,25.0,5,0.0,0,0.0,0.0,0,0,5,3,0.0,0,0,0.0,41,0.0,0.0,0.0,0.0,0.0,0.0,0.0,0.0,0.0,0.0,0.0,0.0,0.0
114.0,0,1,0,0,night,pa_6,E5,25.0,5,0.0,0,0.0,0.0,0,0,5,3,0.0,0,0,0.0,41,0.0,0.0,0.0,0.0,0.0,0.0,0.0,0.0,0.0,0.0,0.0,0.0,0.0
115.0,0,1,0,0,night,pa_6,E5,25.0,5,0.0,0,0.0,0.0,0,0,5,3,0.0,0,0,0.0,41,0.0,0.0,0.0,0.0,0.0,0.0,0.0,0.0,0.0,0.0,0.0,0.0,0.0
116.0,0,1,0,0,night,pa_6,E5,25.0,5,0.0,0,0.0,0.0,0,0,5,3,0.0,0,0,0.0,41,0.0,0.0,0.0,0.0,0.0,0.0,0.0,0.0,0.0,0.0,0.0,0.0,0.0
117.0,0,1,0,0,night,pa_6,E5,25.0,5,0.0,0,0.0,0.0,0,0,5,3,0.0,0,0,0.0,41,0.0,0.0,0.0,0.0,0.0,0.0,0.0,0.0,0.0,0.0,0.0,0.0,0.0
118.0,0,1,0,0,night,pa_6,E5,25.0,5,0.0,0,0.0,0.0,0,0,5,3,0.0,0,0,0.0,41,0.0,0.0,0.0,0.0,0.0,0.0,0.0,0.0,0.0,0.0,0.0,0.0,0.0
119.0,0,1,0,0,night,pa_6,E5,25.0,5,0.0,0,0.0,0.0,0,0,5,3,0.0,0,0,0.0,41,0.0,0.0,0.0,0.0,0.0,0.0,0.0,0.0,0.0,0.0,0.0,0.0,0.0
120.0,0,2,0,0,night,pa_6,E5,25.0,5,0.0,0,0.0,0.0,0,0,5,3,0.0,0,0,0.0,41,0.0,0.0,0.0,0.0,0.0,0.0,0.0,0.0,0.0,0.0,0.0,0.0,0.0
121.0,0,2,0,0,night,pa_6,E5,25.0,5,0.0,0,0.0,0.0,0,0,5,3,0.0,0,0,0.0,44,0.0,0.0,0.0,0.0,0.0,0.0,0.0,0.0,0.0,0.0,0.0,0.0,0.0
122.0,0,2,0,0,night,pa_6,E5,25.0,5,0.0,0,0.0,0.0,0,0,5,3,0.0,0,0,0.0,44,0.0,0.0,0.0,0.0,0.0,0.0,0.0,0.0,0.0,0.0,0.0,0.0,0.0
123.0,0,2,0,0,night,pa_6,E5,25.0,5,0.0,0,0.0,0.0,0,0,5,3,0.0,0,0,0.0,46,0.0,0.0,0.0,0.0,0.0,0.0,0.0,0.0,0.0,0.0,0.0,0.0,0.0
124.0,0,2,0,0,night,pa_6,E5,25.0,5,0.0,0,0.0,0.0,0,0,5,3,0.0,0,0,0.0,46,0.0,0.0,0.0,0.0,0.0,0.0,0.0,0.0,0.0,0.0,0.0,0.0,0.0
125.0,0,2,0,0,night,pa_6,E5,25.0,5,0.0,0,0.0,0.0,0,0,5,3,0.0,0,0,0.0,46,0.0,0.0,0.0,0.0,0.0,0.0,0.0,0.0,0.0,0.0,0.0,0.0,0.0
126.0,0,2,0,0,night,pa_6,E5,25.0,5,0.0,0,0.0,0.0,0,0,5,3,0.0,0,0,0.0,46,0.0,0.0,0.0,0.0,0.0,0.0,0.0,0.0,0.0,0.0,0.0,0.0,0.0
127.0,0,2,0,0,night,pa_6,E5,25.0,5,0.0,0,0.0,0.0,0,0,5,3,0.0,0,0,0.0,46,0.0,0.0,0.0,0.0,0.0,0.0,0.0,0.0,0.0,0.0,0.0,0.0,0.0
128.0,0,2,0,0,night,pa_6,E5,25.0,5,0.0,0,0.0,0.0,0,0,5,3,0.0,0,0,0.0,46,0.0,0.0,0.0,0.0,0.0,0.0,0.0,0.0,0.0,0.0,0.0,0.0,0.0
129.0,0,2,0,0,night,pa_6,E5,25.0,5,0.0,0,0.0,0.0,0,0,5,3,0.0,0,0,0.0,46,0.0,0.0,0.0,0.0,0.0,0.0,0.0,0.0,0.0,0.0,0.0,0.0,0.0
130.0,0,2,0,0,night,pa_6,E5,25.0,5,0.0,0,0.0,0.0,0,0,5,3,0.0,0,0,0.0,46,0.0,0.0,0.0,0.0,0.0,0.0,0.0,0.0,0.0,0.0,0.0,0.0,0.0
131.0,0,2,0,0,night,pa_6,E5,25.0,5,0.0,0,0.0,0.0,0,0,5,3,0.0,0,0,0.0,46,0.0,0.0,0.0,0.0,0.0,0.0,0.0,0.0,0.0,0.0,0.0,0.0,0.0
132.0,0,2,0,0,night,pa_6,E5,25.0,5,0.0,0,0.0,0.0,0,0,5,3,0.0,0,0,0.0,46,0.0,0.0,0.0,0.0,0.0,0.0,0.0,0.0,0.0,0.0,0.0,0.0,0.0
133.0,0,2,0,0,night,pa_6,E5,25.0,5,0.0,0,0.0,0.0,0,0,5,3,0.0,0,0,0.0,46,0.0,0.0,0.0,0.0,0.0,0.0,0.0,0.0,0.0,0.0,0.0,0.0,0.0
134.0,0,2,0,0,night,pa_6,E5,25.0,5,0.0,0,0.0,0.0,0,0,5,3,0.0,0,0,0.0,46,0.0,0.0,0.0,0.0,0.0,0.0,0.0,0.0,0.0,0.0,0.0,0.0,0.0
135.0,0,2,0,0,night,pa_6,E5,25.0,5,0.0,0,0.0,0.0,0,0,5,3,0.0,0,0,0.0,46,0.0,0.0,0.0,0.0,0.0,0.0,0.0,0.0,0.0,0.0,0.0,0.0,0.0
136.0,0,2,0,0,night,pa_6,E5,25.0,5,0.0,0,0.0,0.0,0,0,5,3,0.0,0,0,0.0,47,0.0,0.0,0.0,0.0,0.0,0.0,0.0,0.0,0.0,0.0,0.0,0.0,0.0
137.0,0,2,0,0,night,pa_6,E5,25.0,5,0.0,0,0.0,0.0,0,0,5,3,0.0,0,0,0.0,47,0.0,0.0,0.0,0.0,0.0,0.0,0.0,0.0,0.0,0.0,0.0,0.0,0.0
138.0,0,2,0,0,night,pa_6,E5,25.0,5,0.0,0,0.0,0.0,0,0,5,3,0.0,0,0,0.0,47,0.0,0.0,0.0,0.0,0.0,0.0,0.0,0.0,0.0,0.0,0.0,0.0,0.0
139.0,0,2,0,0,night,pa_6,E5,25.0,5,0.0,0,0.0,0.0,0,0,5,3,0.0,0,0,0.0,47,0.0,0.0,0.0,0.0,0.0,0.0,0.0,0.0,0.0,0.0,0.0,0.0,0.0
140.0,0,2,0,0,night,pa_6,E5,25.0,5,0.0,0,0.0,0.0,0,0,5,3,0.0,0,0,0.0,47,0.0,0.0,0.0,0.0,0.0,0.0,0.0,0.0,0.0,0.0,0.0,0.0,0.0
141.0,0,2,0,0,night,pa_6,E5,25.0,5,0.0,0,0.0,0.0,0,0,5,3,0.0,0,0,0.0,47,0.0,0.0,0.0,0.0,0.0,0.0,0.0,0.0,0.0,0.0,0.0,0.0,0.0
142.0,0,2,0,0,night,pa_6,E5,25.0,5,0.0,0,0.0,0.0,0,0,5,3,0.0,0,0,0.0,47,0.0,0.0,0.0,0.0,0.0,0.0,0.0,0.0,0.0,0.0,0.0,0.0,0.0
143.0,0,2,0,0,night,pa_6,E5,25.0,5,0.0,0,0.0,0.0,0,0,5,3,0.0,0,0,0.0,47,0.0,0.0,0.0,0.0,0.0,0.0,0.0,0.0,0.0,0.0,0.0,0.0,0.0
144.0,0,2,0,0,night,pa_6,E5,25.0,5,0.0,0,0.0,0.0,0,0,5,3,0.0,0,0,0.0,47,0.0,0.0,0.0,0.0,0.0,0.0,0.0,0.0,0.0,0.0,0.0,0.0,0.0
145.0,0,2,0,0,night,pa_6,E5,25.0,5,0.0,0,0.0,0.0,0,0,5,3,0.0,0,0,0.0,52,0.0,0.0,0.0,0.0,0.0,0.0,0.0,0.0,0.0,0.0,0.0,0.0,0.0
146.0,0,2,0,0,night,pa_6,E5,25.0,5,0.0,0,0.0,0.0,0,0,5,3,0.0,0,0,0.0,52,0.0,0.0,0.0,0.0,0.0,0.0,0.0,0.0,0.0,0.0,0.0,0.0,0.0
147.0,0,2,0,0,night,pa_6,E5,25.0,5,0.0,0,0.0,0.0,0,0,5,3,0.0,0,0,0.0,52,0.0,0.0,0.0,0.0,0.0,0.0,0.0,0.0,0.0,0.0,0.0,0.0,0.0
148.0,0,2,0,0,night,pa_6,E5,25.0,5,0.0,0,0.0,0.0,0,0,5,3,0.0,0,0,0.0,52,0.0,0.0,0.0,0.0,0.0,0.0,0.0,0.0,0.0,0.0,0.0,0.0,0.0
149.0,0,2,0,0,night,pa_6,E5,25.0,5,0.0,0,0.0,0.0,0,0,5,3,0.0,0,0,0.0,52,0.0,0.0,0.0,0.0,0.0,0.0,0.0,0.0,0.0,0.0,0.0,0.0,0.0
150.0,0,2,0,0,night,pa_6,E5,25.0,5,0.0,0,0.0,0.0,0,0,5,3,0.0,0,0,0.0,52,0.0,0.0,0.0,0.0,0.0,0.0,0.0,0.0,0.0,0.0,0.0,0.0,0.0
151.0,0,2,0,0,night,pa_6,E5,25.0,5,0.0,0,0.0,0.0,0,0,5,3,0.0,0,0,0.0,52,0.0,0.0,0.0,0.0,0.0,0.0,0.0,0.0,0.0,0.0,0.0,0.0,0.0
152.0,0,2,0,0,night,pa_6,E5,25.0,5,0.0,0,0.0,0.0,0,0,5,3,0.0,0,0,0.0,52,0.0,0.0,0.0,0.0,0.0,0.0,0.0,0.0,0.0,0.0,0.0,0.0,0.0
153.0,0,2,0,0,night,pa_6,E5,25.0,5,0.0,0,0.0,0.0,0,0,5,3,0.0,0,0,0.0,52,0.0,0.0,0.0,0.0,0.0,0.0,0.0,0.0,0.0,0.0,0.0,0.0,0.0
154.0,0,2,0,0,night,pa_6,E5,25.0,5,0.0,0,0.0,0.0,0,0,5,3,0.0,0,0,0.0,52,0.0,0.0,0.0,0.0,0.0,0.0,0.0,0.0,0.0,0.0,0.0,0.0,0.0
155.0,0,2,0,0,night,pa_6,E5,25.0,5,0.0,0,0.0,0.0,0,0,5,3,0.0,0,0,0.0,54,0.0,0.0,0.0,0.0,0.0,0.0,0.0,0.0,0.0,0.0,0.0,0.0,0.0
156.0,0,2,0,0,night,pa_6,E5,25.0,5,0.0,0,0.0,0.0,0,0,5,3,0.0,0,0,0.0,54,0.0,0.0,0.0,0.0,0.0,0.0,0.0,0.0,0.0,0.0,0.0,0.0,0.0
157.0,0,2,0,0,night,pa_6,E5,25.0,5,0.0,0,0.0,0.0,0,0,5,3,0.0,0,0,0.0,54,0.0,0.0,0.0,0.0,0.0,0.0,0.0,0.0,0.0,0.0,0.0,0.0,0.0
158.0,0,2,0,0,night,pa_6,E5,25.0,5,0.0,0,0.0,0.0,0,0,5,3,0.0,0,0,0.0,54,0.0,0.0,0.0,0.0,0.0,0.0,0.0,0.0,0.0,0.0,0.0,0.0,0.0
159.0,0,2,0,0,night,pa_6,E5,25.0,5,0.0,0,0.0,0.0,0,0,5,3,0.0,0,0,0.0,54,0.0,0.0,0.0,0.0,0.0,0.0,0.0,0.0,0.0,0.0,0.0,0.0,0.0
160.0,0,2,0,0,night,pa_6,E5,25.0,5,0.0,0,0.0,0.0,0,0,5,3,0.0,0,0,0.0,54,0.0,0.0,0.0,0.0,0.0,0.0,0.0,0.0,0.0,0.0,0.0,0.0,0.0
161.0,0,2,0,0,night,pa_6,E5,25.0,5,0.0,0,0.0,0.0,0,0,5,3,0.0,0,0,0.0,56,0.0,0.0,0.0,0.0,0.0,0.0,0.0,0.0,0.0,0.0,0.0,0.0,0.0
162.0,0,2,0,0,night,pa_6,E5,25.0,5,0.0,0,0.0,0.0,0,0,5,3,0.0,0,0,0.0,56,0.0,0.0,0.0,0.0,0.0,0.0,0.0,0.0,0.0,0.0,0.0,0.0,0.0
163.0,0,2,0,0,night,pa_6,E5,25.0,5,0.0,0,0.0,0.0,0,0,5,3,0.0,0,0,0.0,56,0.0,0.0,0.0,0.0,0.0,0.0,0.0,0.0,0.0,0.0,0.0,0.0,0.0
164.0,0,2,0,0,night,pa_6,E5,25.0,5,0.0,0,0.0,0.0,0,0,5,3,0.0,0,0,0.0,56,0.0,0.0,0.0,0.0,0.0,0.0,0.0,0.0,0.0,0.0,0.0,0.0,0.0
165.0,0,2,0,0,night,pa_6,E5,25.0,5,0.0,0,0.0,0.0,0,0,5,3,0.0,0,0,0.0,56,0.0,0.0,0.0,0.0,0.0,0.0,0.0,0.0,0.0,0.0,0.0,0.0,0.0
166.0,0,2,0,0,night,pa_6,E5,25.0,5,0.0,0,0.0,0.0,0,0,5,3,0.0,0,0,0.0,56,0.0,0.0,0.0,0.0,0.0,0.0,0.0,0.0,0.0,0.0,0.0,0.0,0.0
167.0,0,2,0,0,night,pa_6,E5,25.0,5,0.0,0,0.0,0.0,0,0,5,3,0.0,0,0,0.0,56,0.0,0.0,0.0,0.0,0.0,0.0,0.0,0.0,0.0,0.0,0.0,0.0,0.0
168.0,0,2,0,0,night,pa_6,E5,25.0,5,0.0,0,0.0,0.0,0,0,5,3,0.0,0,0,0.0,56,0.0,0.0,0.0,0.0,0.0,0.0,0.0,0.0,0.0,0.0,0.0,0.0,0.0
169.0,0,2,0,0,night,pa_6,E5,25.0,5,0.0,0,0.0,0.0,0,0,5,3,0.0,0,0,0.0,56,0.0,0.0,0.0,0.0,0.0,0.0,0.0,0.0,0.0,0.0,0.0,0.0,0.0
170.0,0,2,0,0,night,pa_6,E5,25.0,5,0.0,0,0.0,0.0,0,0,5,3,0.0,0,0,0.0,56,0.0,0.0,0.0,0.0,0.0,0.0,0.0,0.0,0.0,0.0,0.0,0.0,0.0
171.0,0,2,0,0,night,pa_6,E5,25.0,5,0.0,0,0.0,0.0,0,0,5,3,0.0,0,0,0.0,56,0.0,0.0,0.0,0.0,0.0,0.0,0.0,0.0,0.0,0.0,0.0,0.0,0.0
172.0,0,2,0,0,night,pa_6,E5,25.0,5,0.0,0,0.0,0.0,0,0,5,3,0.0,0,0,0.0,56,0.0,0.0,0.0,0.0,0.0,0.0,0.0,0.0,0.0,0.0,0.0,0.0,0.0
173.0,0,2,0,0,night,pa_6,E5,25.0,5,0.0,0,0.0,0.0,0,0,5,3,0.0,0,0,0.0,56,0.0,0.0,0.0,0.0,0.0,0.0,0.0,0.0,0.0,0.0,0.0,0.0,0.0
174.0,0,2,0,0,night,pa_6,E5,25.0,5,0.0,0,0.0,0.0,0,0,5,3,0.0,0,0,0.0,56,0.0,0.0,0.0,0.0,0.0,0.0,0.0,0.0,0.0,0.0,0.0,0.0,0.0
175.0,0,2,0,0,night,pa_6,E5,25.0,5,0.0,0,0.0,0.0,0,0,5,3,0.0,0,0,0.0,56,0.0,0.0,0.0,0.0,0.0,0.0,0.0,0.0,0.0,0.0,0.0,0.0,0.0
176.0,0,2,0,0,night,pa_6,E5,25.0,5,0.0,0,0.0,0.0,0,0,5,3,0.0,0,0,0.0,56,0.0,0.0,0.0,0.0,0.0,0.0,0.0,0.0,0.0,0.0,0.0,0.0,0.0
177.0,0,2,0,0,night,pa_6,E5,25.0,5,0.0,0,0.0,0.0,0,0,5,3,0.0,0,0,0.0,56,0.0,0.0,0.0,0.0,0.0,0.0,0.0,0.0,0.0,0.0,0.0,0.0,0.0
178.0,0,2,0,0,night,pa_6,E5,25.0,5,0.0,0,0.0,0.0,0,0,5,3,0.0,0,0,0.0,56,0.0,0.0,0.0,0.0,0.0,0.0,0.0,0.0,0.0,0.0,0.0,0.0,0.0
179.0,0,2,0,0,night,pa_6,E5,25.0,5,0.0,0,0.0,0.0,0,0,5,3,0.0,0,0,0.0,56,0.0,0.0,0.0,0.0,0.0,0.0,0.0,0.0,0.0,0.0,0.0,0.0,0.0
180.0,0,3,0,0,night,pa_6,E5,25.0,5,0.0,0,0.0,0.0,0,0,5,3,0.0,0,0,0.0,56,0.0,0.0,0.0,0.0,0.0,0.0,0.0,0.0,0.0,0.0,0.0,0.0,0.0
181.0,0,3,0,0,night,pa_6,E5,25.0,5,0.0,0,0.0,0.0,0,0,5,3,20.0,1,0,2.27,59,0.0,0.0,0.0,0.0,0.0,0.0,0.0,0.0,0.0,0.0,0.0,0.0,0.0
182.0,0,3,0,0,night,pa_6,E5,25.0,5,0.0,0,0.0,0.0,0,0,5,3,40.0,2,0,4.55,59,0.0,0.0,0.0,0.0,0.0,0.0,0.0,20.0,0.0,0.0,0.0,0.0,0.0
183.0,0,3,0,0,night,pa_6,E5,25.0,5,0.0,0,0.0,0.0,0,0,5,3,60.0,3,0,6.82,61,0.0,0.0,0.0,0.0,0.0,0.0,0.0,40.0,0.0,0.0,0.0,0.0,0.0
184.0,0,3,0,0,night,pa_6,E5,25.0,5,0.0,0,0.0,0.0,0,0,5,3,60.0,3,0,6.82,61,0.0,0.0,0.0,0.0,0.0,0.0,0.0,60.0,0.0,0.0,0.0,0.0,0.0
185.0,0,3,0,0,night,pa_6,E5,25.0,5,0.0,0,0.0,0.0,0,0,5,3,60.0,3,0,6.82,61,0.0,0.0,0.0,0.0,0.0,0.0,0.0,60.0,0.0,0.0,0.0,0.0,0.0
186.0,0,3,0,0,night,pa_6,E5,25.0,5,0.0,0,0.0,0.0,0,0,5,3,60.0,3,0,6.82,62,0.0,0.0,0.0,0.0,0.0,0.0,0.0,60.0,20.0,0.0,0.0,0.0,0.0
187.0,0,3,0,0,night,pa_6,E5,25.0,5,0.0,0,0.0,0.0,0,0,5,3,60.0,3,0,6.82,62,0.0,0.0,0.0,0.0,0.0,0.0,0.0,60.0,40.0,0.0,0.0,0.0,0.0
188.0,0,3,0,0,night,pa_6,E5,25.0,5,25.0,1,20.0,0.0,0,0,4,3,105.0,5,0,11.36,63,25.0,0.12,0.2,0.0,0.0,0.0,0.0,60.0,60.0,5.0,2.5,0.2,0.1
189.0,0,3,0,0,night,pa_6,E5,25.0,5,25.0,1,20.0,0.0,0,0,4,3,150.0,7,0,15.91,63,25.0,0.12,0.2,25.0,0.0,1.0,0.0,105.0,60.0,10.0,5.0,0.4,0.2
190.0,0,3,0,0,night,pa_6,E5,25.0,5,25.0,1,20.0,0.0,0,0,4,3,150.0,7,0,15.91,63,25.0,0.12,0.2,25.0,0.0,1.0,0.0,150.0,60.0,15.0,7.5,0.6,0.3
191.0,0,3,0,0,night,pa_6,E5,25.0,5,25.0,1,20.0,0.0,0,0,4,3,170.0,8,0,18.18,63,25.0,0.12,0.2,25.0,0.0,1.0,0.0,150.0,60.0,20.0,10.0,0.8,0.4
192.0,0,3,0,0,night,pa_6,E5,25.0,5,25.0,1,20.0,0.0,0,0,4,3,170.0,8,0,18.18,63,25.0,0.12,0.2,25.0,0.0,1.0,0.0,170.0,60.0,25.0,12.5,1.0,0.5
193.0,0,3,0,0,night,pa_6,E5,25.0,5,25.0,1,20.0,0.0,0,0,4,3,170.0,8,0,18.18,63,25.0,0.12,0.2,25.0,25.0,1.0,1.0,170.0,105.0,25.0,15.0,1.0,0.6
194.0,0,3,0,0,night,pa_6,E5,25.0,5,25.0,1,20.0,0.0,0,0,4,3,170.0,8,0,18.18,63,25.0,0.12,0.2,25.0,25.0,1.0,1.0,170.0,150.0,25.0,17.5,1.0,0.7
195.0,0,3,0,0,night,pa_6,E5,25.0,5,25.0,1,20.0,0.0,0,0,4,3,170.0,8,0,18.18,63,25.0,0.12,0.2,25.0,25.0,1.0,1.0,170.0,150.0,25.0,20.0,1.0,0.8
196.0,0,3,0,0,night,pa_6,E5,25.0,5,25.0,1,20.0,0.0,0,0,4,3,170.0,8,0,18.18,63,25.0,0.12,0.2,25.0,25.0,1.0,1.0,170.0,170.0,25.0,22.5,1.0,0.9
197.0,0,3,0,0,night,pa_6,E5,25.0,5,25.0,1,20.0,0.0,0,0,4,3,170.0,8,0,18.18,63,25.0,0.12,0.2,25.0,25.0,1.0,1.0,170.0,170.0,25.0,25.0,1.0,1.0
198.0,0,3,0,0,night,pa_6,E5,25.0,5,25.0,1,20.0,0.0,0,0,4,3,170.0,8,0,18.18,63,25.0,0.12,0.2,25.0,25.0,1.0,1.0,170.0,170.0,25.0,25.0,1.0,1.0
199.0,0,3,0,0,night,pa_6,E5,25.0,5,25.0,1,20.0,0.0,0,0,4,3,170.0,8,0,18.18,63,25.0,0.12,0.2,25.0,25.0,1.0,1.0,170.0,170.0,25.0,25.0,1.0,1.0
200.0,0,3,0,0,night,pa_6,E5,25.0,5,25.0,1,20.0,0.0,0,0,4,3,170.0,8,0,18.18,63,25.0,0.12,0.2,25.0,25.0,1.0,1.0,170.0,170.0,25.0,25.0,1.0,1.0
201.0,0,3,0,0,night,pa_6,E5,25.0,5,25.0,1,20.0,0.0,0,0,4,3,170.0,8,0,18.18,64,25.0,0.12,0.2,25.0,25.0,1.0,1.0,170.0,170.0,25.0,25.0,1.0,1.0
202.0,0,3,0,0,night,pa_6,E5,25.0,5,25.0,1,20.0,0.0,0,0,4,3,170.0,8,0,18.18,64,25.0,0.12,0.2,25.0,25.0,1.0,1.0,170.0,170.0,25.0,25.0,1.0,1.0
203.0,0,3,0,0,night,pa_6,E5,25.0,5,25.0,1,20.0,0.0,0,0,4,3,170.0,8,0,18.18,64,25.0,0.12,0.2,25.0,25.0,1.0,1.0,170.0,170.0,25.0,25.0,1.0,1.0
204.0,0,3,0,0,night,pa_6,E5,25.0,5,25.0,1,20.0,0.0,0,0,4,3,170.0,8,0,18.18,64,25.0,0.12,0.2,25.0,25.0,1.0,1.0,170.0,170.0,25.0,25.0,1.0,1.0
205.0,0,3,0,0,night,pa_6,E5,25.0,5,25.0,1,20.0,0.0,0,0,4,3,170.0,8,0,18.18,64,25.0,0.12,0.2,25.0,25.0,1.0,1.0,170.0,170.0,25.0,25.0,1.0,1.0
206.0,0,3,0,0,night,pa_6,E5,25.0,5,25.0,1,20.0,0.0,0,0,4,3,170.0,8,0,18.18,69,25.0,0.12,0.2,25.0,25.0,1.0,1.0,170.0,170.0,25.0,25.0,1.0,1.0
207.0,0,3,0,0,night,pa_6,E5,25.0,5,25.0,1,20.0,0.0,0,0,4,3,170.0,8,0,18.18,69,25.0,0.12,0.2,25.0,25.0,1.0,1.0,170.0,170.0,25.0,25.0,1.0,1.0
208.0,0,3,0,0,night,pa_6,E5,25.0,5,25.0,1,20.0,0.0,0,0,4,3,170.0,8,0,18.18,69,25.0,0.12,0.2,25.0,25.0,1.0,1.0,170.0,170.0,25.0,25.0,1.0,1.0
209.0,0,3,0,0,night,pa_6,E5,25.0,5,25.0,1,20.0,0.0,0,0,4,3,170.0,8,0,18.18,69,25.0,0.12,0.2,25.0,25.0,1.0,1.0,170.0,170.0,25.0,25.0,1.0,1.0
210.0,0,3,0,0,night,pa_6,E5,25.0,5,25.0,1,20.0,0.0,0,0,4,3,170.0,8,0,18.18,69,25.0,0.12,0.2,25.0,25.0,1.0,1.0,170.0,170.0,25.0,25.0,1.0,1.0
211.0,0,3,0,0,night,pa_6,E5,25.0,5,25.0,1,20.0,0.0,0,0,4,3,170.0,8,0,18.18,69,25.0,0.12,0.2,25.0,25.0,1.0,1.0,170.0,170.0,25.0,25.0,1.0,1.0
212.0,0,3,0,0,night,pa_6,E5,25.0,5,25.0,1,20.0,0.0,0,0,4,3,170.0,8,0,18.18,69,25.0,0.12,0.2,25.0,25.0,1.0,1.0,170.0,170.0,25.0,25.0,1.0,1.0
213.0,0,3,0,0,night,pa_6,E5,25.0,5,25.0,1,20.0,0.0,0,0,4,3,170.0,8,0,18.18,69,25.0,0.12,0.2,25.0,25.0,1.0,1.0,170.0,170.0,25.0,25.0,1.0,1.0
214.0,0,3,0,0,night,pa_6,E5,25.0,5,25.0,1,20.0,0.0,0,0,4,3,170.0,8,0,18.18,69,25.0,0.12,0.2,25.0,25.0,1.0,1.0,170.0,170.0,25.0,25.0,1.0,1.0
215.0,0,3,0,0,night,pa_6,E5,25.0,5,25.0,1,20.0,0.0,0,0,4,3,170.0,8,0,18.18,69,25.0,0.12,0.2,25.0,25.0,1.0,1.0,170.0,170.0,25.0,25.0,1.0,1.0
216.0,0,3,0,0,night,pa_6,E5,25.0,5,25.0,1,20.0,0.0,0,0,4,3,170.0,8,0,18.18,69,25.0,0.12,0.2,25.0,25.0,1.0,1.0,170.0,170.0,25.0,25.0,1.0,1.0
217.0,0,3,0,0,night,pa_6,E5,25.0,5,25.0,1,20.0,0.0,0,0,4,3,170.0,8,0,18.18,71,25.0,0.12,0.2,25.0,25.0,1.0,1.0,170.0,170.0,25.0,25.0,1.0,1.0
218.0,0,3,0,0,night,pa_6,E5,25.0,5,25.0,1,20.0,0.0,0,0,4,3,170.0,8,0,18.18,71,25.0,0.12,0.2,25.0,25.0,1.0,1.0,170.0,170.0,25.0,25.0,1.0,1.0
219.0,0,3,0,0,night,pa_6,E5,25.0,5,25.0,1,20.0,0.0,0,0,4,3,170.0,8,0,18.18,71,25.0,0.12,0.2,25.0,25.0,1.0,1.0,170.0,170.0,25.0,25.0,1.0,1.0
220.0,0,3,0,0,night,pa_6,E5,25.0,5,25.0,1,20.0,0.0,0,0,4,3,170.0,8,0,18.18,71,25.0,0.12,0.2,25.0,25.0,1.0,1.0,170.0,170.0,25.0,25.0,1.0,1.0
221.0,0,3,0,0,night,pa_6,E5,25.0,5,25.0,1,20.0,0.0,0,0,4,3,170.0,8,0,18.18,71,25.0,0.12,0.2,25.0,25.0,1.0,1.0,170.0,170.0,25.0,25.0,1.0,1.0
222.0,0,3,0,0,night,pa_6,E5,25.0,5,25.0,1,20.0,0.0,0,0,4,3,195.0,9,0,20.45,71,25.0,0.12,0.2,25.0,25.0,1.0,1.0,170.0,170.0,25.0,25.0,1.0,1.0
223.0,0,3,0,0,night,pa_6,E5,25.0,5,25.0,1,20.0,0.0,0,0,4,3,195.0,9,0,20.45,71,25.0,0.12,0.2,25.0,25.0,1.0,1.0,195.0,170.0,25.0,25.0,1.0,1.0
224.0,0,3,0,0,night,pa_6,E5,25.0,5,25.0,1,20.0,0.0,0,0,4,3,195.0,9,0,20.45,71,25.0,0.12,0.2,25.0,25.0,1.0,1.0,195.0,170.0,25.0,25.0,1.0,1.0
225.0,0,3,0,0,night,pa_6,E5,25.0,5,25.0,1,20.0,0.0,0,0,4,3,195.0,9,0,20.45,71,25.0,0.12,0.2,25.0,25.0,1.0,1.0,195.0,170.0,25.0,25.0,1.0,1.0
226.0,0,3,0,0,night,pa_6,E5,25.0,5,25.0,1,20.0,0.0,0,0,4,3,195.0,9,0,20.45,72,25.0,0.12,0.2,25.0,25.0,1.0,1.0,195.0,170.0,25.0,25.0,1.0,1.0
227.0,0,3,0,0,night,pa_6,E5,25.0,5,25.0,1,20.0,0.0,0,0,4,3,195.0,9,0,20.45,72,25.0,0.12,0.2,25.0,25.0,1.0,1.0,195.0,195.0,25.0,25.0,1.0,1.0
228.0,0,3,0,0,night,pa_6,E5,25.0,5,25.0,1,20.0,0.0,0,0,4,3,195.0,9,0,20.45,72,25.0,0.12,0.2,25.0,25.0,1.0,1.0,195.0,195.0,25.0,25.0,1.0,1.0
229.0,0,3,0,0,night,pa_6,E5,25.0,5,25.0,1,20.0,0.0,0,0,4,3,195.0,9,0,20.45,72,25.0,0.12,0.2,25.0,25.0,1.0,1.0,195.0,195.0,25.0,25.0,1.0,1.0
230.0,0,3,0,0,night,pa_6,E5,25.0,5,25.0,1,20.0,0.0,0,0,4,3,195.0,9,0,20.45,72,25.0,0.12,0.2,25.0,25.0,1.0,1.0,195.0,195.0,25.0,25.0,1.0,1.0
231.0,0,3,0,0,night,pa_6,E5,25.0,5,25.0,1,20.0,0.0,0,0,4,3,195.0,9,0,20.45,72,25.0,0.12,0.2,25.0,25.0,1.0,1.0,195.0,195.0,25.0,25.0,1.0,1.0
232.0,0,3,0,0,night,pa_6,E5,25.0,5,25.0,1,20.0,0.0,0,0,4,3,195.0,9,0,20.45,72,25.0,0.12,0.2,25.0,25.0,1.0,1.0,195.0,195.0,25.0,25.0,1.0,1.0
233.0,0,3,0,0,night,pa_6,E5,25.0,5,25.0,1,20.0,0.0,0,0,4,3,195.0,9,0,20.45,72,25.0,0.12,0.2,25.0,25.0,1.0,1.0,195.0,195.0,25.0,25.0,1.0,1.0
234.0,0,3,0,0,night,pa_6,E5,25.0,5,25.0,1,20.0,0.0,0,0,4,3,195.0,9,0,20.45,72,25.0,0.12,0.2,25.0,25.0,1.0,1.0,195.0,195.0,25.0,25.0,1.0,1.0
235.0,0,3,0,0,night,pa_6,E5,25.0,5,25.0,1,20.0,0.0,0,0,4,3,195.0,9,0,20.45,72,25.0,0.12,0.2,25.0,25.0,1.0,1.0,195.0,195.0,25.0,25.0,1.0,1.0
236.0,0,3,0,0,night,pa_6,E5,25.0,5,25.0,1,20.0,0.0,0,0,4,3,195.0,9,0,20.45,72,25.0,0.12,0.2,25.0,25.0,1.0,1.0,195.0,195.0,25.0,25.0,1.0,1.0
237.0,0,3,0,0,night,pa_6,E5,25.0,5,25.0,1,20.0,0.0,0,0,4,3,195.0,9,0,20.45,72,25.0,0.12,0.2,25.0,25.0,1.0,1.0,195.0,195.0,25.0,25.0,1.0,1.0
238.0,0,3,0,0,night,pa_6,E5,25.0,5,25.0,1,20.0,0.0,0,0,4,3,220.0,10,0,22.73,72,25.0,0.12,0.2,25.0,25.0,1.0,1.0,195.0,195.0,25.0,25.0,1.0,1.0
239.0,0,3,0,0,night,pa_6,E5,25.0,5,25.0,1,20.0,0.0,0,0,4,3,220.0,10,0,22.73,72,25.0,0.12,0.2,25.0,25.0,1.0,1.0,220.0,195.0,25.0,25.0,1.0,1.0
240.0,0,4,0,0,night,pa_6,E5,25.0,5,25.0,1,20.0,0.0,0,0,4,3,220.0,10,0,22.73,72,25.0,0.12,0.2,25.0,25.0,1.0,1.0,220.0,195.0,25.0,25.0,1.0,1.0
241.0,0,4,0,0,night,pa_6,E5,25.0,5,25.0,1,20.0,0.0,0,0,4,3,220.0,10,0,22.73,76,25.0,0.12,0.2,25.0,25.0,1.0,1.0,220.0,195.0,25.0,25.0,1.0,1.0
242.0,0,4,0,0,night,pa_6,E5,25.0,5,25.0,1,20.0,0.0,0,0,4,3,220.0,10,0,22.73,76,25.0,0.12,0.2,25.0,25.0,1.0,1.0,220.0,195.0,25.0,25.0,1.0,1.0
243.0,0,4,0,0,night,pa_6,E5,25.0,5,25.0,1,20.0,0.0,0,0,4,3,220.0,10,0,22.73,78,25.0,0.12,0.2,25.0,25.0,1.0,1.0,220.0,220.0,25.0,25.0,1.0,1.0
244.0,0,4,0,0,night,pa_6,E5,25.0,5,25.0,1,20.0,0.0,0,0,4,3,220.0,10,0,22.73,78,25.0,0.12,0.2,25.0,25.0,1.0,1.0,220.0,220.0,25.0,25.0,1.0,1.0
245.0,0,4,0,0,night,pa_6,E5,25.0,5,25.0,1,20.0,0.0,0,0,4,3,220.0,10,0,22.73,78,25.0,0.12,0.2,25.0,25.0,1.0,1.0,220.0,220.0,25.0,25.0,1.0,1.0
246.0,0,4,0,0,night,pa_6,E5,25.0,5,25.0,1,20.0,0.0,0,0,4,3,220.0,10,0,22.73,79,25.0,0.12,0.2,25.0,25.0,1.0,1.0,220.0,220.0,25.0,25.0,1.0,1.0
247.0,0,4,0,0,night,pa_6,E5,25.0,5,25.0,1,20.0,0.0,0,0,4,3,240.0,11,0,25.0,79,25.0,0.12,0.2,25.0,25.0,1.0,1.0,220.0,220.0,25.0,25.0,1.0,1.0
248.0,0,4,0,0,night,pa_6,E5,25.0,5,25.0,1,20.0,0.0,0,0,4,3,240.0,11,0,25.0,80,25.0,0.12,0.2,25.0,25.0,1.0,1.0,240.0,220.0,25.0,25.0,1.0,1.0
249.0,0,4,0,0,night,pa_6,E5,25.0,5,25.0,1,20.0,0.0,0,0,4,3,240.0,11,0,25.0,80,25.0,0.12,0.2,25.0,25.0,1.0,1.0,240.0,220.0,25.0,25.0,1.0,1.0
250.0,0,4,0,0,night,pa_6,E5,25.0,5,25.0,1,20.0,0.0,0,0,4,3,240.0,11,0,25.0,80,25.0,0.12,0.2,25.0,25.0,1.0,1.0,240.0,220.0,25.0,25.0,1.0,1.0
251.0,0,4,0,0,night,pa_6,E5,25.0,5,25.0,1,20.0,0.0,0,0,4,3,240.0,11,0,25.0,80,25.0,0.12,0.2,25.0,25.0,1.0,1.0,240.0,220.0,25.0,25.0,1.0,1.0
252.0,0,4,0,0,night,pa_6,E5,25.0,5,25.0,1,20.0,0.0,0,0,4,3,260.0,12,0,27.27,80,25.0,0.12,0.2,25.0,25.0,1.0,1.0,240.0,240.0,25.0,25.0,1.0,1.0
253.0,0,4,0,0,night,pa_6,E5,25.0,5,25.0,1,20.0,0.0,0,0,4,3,260.0,12,0,27.27,80,25.0,0.12,0.2,25.0,25.0,1.0,1.0,260.0,240.0,25.0,25.0,1.0,1.0
254.0,0,4,0,0,night,pa_6,E5,25.0,5,25.0,1,20.0,0.0,0,0,4,3,260.0,12,0,27.27,80,25.0,0.12,0.2,25.0,25.0,1.0,1.0,260.0,240.0,25.0,25.0,1.0,1.0
255.0,0,4,0,0,night,pa_6,E5,25.0,5,25.0,1,20.0,0.0,0,0,4,3,260.0,12,0,27.27,80,25.0,0.12,0.2,25.0,25.0,1.0,1.0,260.0,240.0,25.0,25.0,1.0,1.0
256.0,0,4,0,0,night,pa_6,E5,25.0,5,25.0,1,20.0,0.0,0,0,4,3,260.0,12,0,27.27,80,25.0,0.12,0.2,25.0,25.0,1.0,1.0,260.0,240.0,25.0,25.0,1.0,1.0
257.0,0,4,0,0,night,pa_6,E5,25.0,5,25.0,1,20.0,0.0,0,0,4,3,280.0,13,0,29.55,80,25.0,0.12,0.2,25.0,25.0,1.0,1.0,260.0,260.0,25.0,25.0,1.0,1.0
258.0,0,4,0,0,night,pa_6,E5,25.0,5,25.0,1,20.0,0.0,0,0,4,3,280.0,13,0,29.55,82,25.0,0.12,0.2,25.0,25.0,1.0,1.0,280.0,260.0,25.0,25.0,1.0,1.0
259.0,0,4,0,0,night,pa_6,E5,25.0,5,25.0,1,20.0,0.0,0,0,4,3,280.0,13,0,29.55,82,25.0,0.12,0.2,25.0,25.0,1.0,1.0,280.0,260.0,25.0,25.0,1.0,1.0
260.0,0,4,0,0,night,pa_6,E5,25.0,5,25.0,1,20.0,0.0,0,0,4,3,280.0,13,0,29.55,82,25.0,0.12,0.2,25.0,25.0,1.0,1.0,280.0,260.0,25.0,25.0,1.0,1.0
261.0,0,4,0,0,night,pa_6,E5,25.0,5,25.0,1,20.0,0.0,0,0,4,3,280.0,13,0,29.55,82,25.0,0.12,0.2,25.0,25.0,1.0,1.0,280.0,260.0,25.0,25.0,1.0,1.0
262.0,0,4,0,0,night,pa_6,E5,25.0,5,25.0,1,20.0,0.0,0,0,4,3,280.0,13,0,29.55,82,25.0,0.12,0.2,25.0,25.0,1.0,1.0,280.0,280.0,25.0,25.0,1.0,1.0
263.0,0,4,0,0,night,pa_6,E5,25.0,5,25.0,1,20.0,0.0,0,0,4,3,280.0,13,0,29.55,82,25.0,0.12,0.2,25.0,25.0,1.0,1.0,280.0,280.0,25.0,25.0,1.0,1.0
264.0,0,4,0,0,night,pa_6,E5,25.0,5,25.0,1,20.0,0.0,0,0,4,3,280.0,13,0,29.55,82,25.0,0.12,0.2,25.0,25.0,1.0,1.0,280.0,280.0,25.0,25.0,1.0,1.0
265.0,0,4,0,0,night,pa_6,E5,25.0,5,25.0,1,20.0,0.0,0,0,4,3,280.0,13,0,29.55,82,25.0,0.12,0.2,25.0,25.0,1.0,1.0,280.0,280.0,25.0,25.0,1.0,1.0
266.0,0,4,0,0,night,pa_6,E5,25.0,5,25.0,1,20.0,0.0,0,0,4,3,300.0,14,0,31.82,82,25.0,0.12,0.2,25.0,25.0,1.0,1.0,280.0,280.0,25.0,25.0,1.0,1.0
267.0,0,4,0,0,night,pa_6,E5,25.0,5,25.0,1,20.0,0.0,0,0,4,3,300.0,14,0,31.82,82,25.0,0.12,0.2,25.0,25.0,1.0,1.0,300.0,280.0,25.0,25.0,1.0,1.0
268.0,0,4,0,0,night,pa_6,E5,25.0,5,50.0,2,40.0,0.0,0,0,3,3,325.0,15,0,34.09,82,25.0,0.25,0.4,25.0,25.0,1.0,1.0,300.0,280.0,30.0,27.5,1.2,1.1
269.0,0,4,0,0,night,pa_6,E5,25.0,5,50.0,2,40.0,0.0,0,0,3,3,350.0,16,0,36.36,82,25.0,0.25,0.4,50.0,25.0,2.0,1.0,325.0,280.0,35.0,30.0,1.4,1.2
270.0,0,4,0,0,night,pa_6,E5,25.0,5,50.0,2,40.0,0.0,0,0,3,3,370.0,17,0,38.64,82,25.0,0.25,0.4,50.0,25.0,2.0,1.0,350.0,280.0,40.0,32.5,1.6,1.3
271.0,0,4,0,0,night,pa_6,E5,25.0,5,50.0,2,40.0,0.0,0,0,3,3,370.0,17,0,38.64,83,25.0,0.25,0.4,50.0,25.0,2.0,1.0,370.0,300.0,45.0,35.0,1.8,1.4
272.0,0,4,0,0,night,pa_6,E5,25.0,5,50.0,2,40.0,0.0,0,0,3,3,390.0,18,0,40.91,83,25.0,0.25,0.4,50.0,25.0,2.0,1.0,370.0,300.0,50.0,37.5,2.0,1.5
273.0,0,4,0,0,night,pa_6,E5,25.0,5,50.0,2,40.0,0.0,0,0,3,3,415.0,19,0,43.18,84,25.0,0.25,0.4,50.0,50.0,2.0,2.0,390.0,325.0,50.0,40.0,2.0,1.6
274.0,0,4,0,0,night,pa_6,E5,25.0,5,50.0,2,40.0,0.0,0,0,3,3,440.0,20,0,45.45,84,25.0,0.25,0.4,50.0,50.0,2.0,2.0,415.0,350.0,50.0,42.5,2.0,1.7
275.0,0,4,0,0,night,pa_6,E5,25.0,5,50.0,2,40.0,0.0,0,0,3,3,480.0,22,0,50.0,84,25.0,0.25,0.4,50.0,50.0,2.0,2.0,440.0,370.0,50.0,45.0,2.0,1.8
276.0,0,4,0,0,night,pa_6,E5,25.0,5,50.0,2,40.0,0.0,0,0,3,3,500.0,23,0,52.27,84,25.0,0.25,0.4,50.0,50.0,2.0,2.0,480.0,370.0,50.0,47.5,2.0,1.9
277.0,0,4,0,0,night,pa_6,E5,25.0,5,50.0,2,40.0,0.0,0,0,3,3,500.0,23,0,52.27,84,25.0,0.25,0.4,50.0,50.0,2.0,2.0,500.0,390.0,50.0,50.0,2.0,2.0
278.0,0,4,0,0,night,pa_6,E5,25.0,5,50.0,2,40.0,0.0,0,0,3,3,500.0,23,0,52.27,84,25.0,0.25,0.4,50.0,50.0,2.0,2.0,500.0,415.0,50.0,50.0,2.0,2.0
279.0,0,4,0,0,night,pa_6,E5,25.0,5,50.0,2,40.0,0.0,0,0,3,3,500.0,23,0,52.27,84,25.0,0.25,0.4,50.0,50.0,2.0,2.0,500.0,440.0,50.0,50.0,2.0,2.0
280.0,0,4,0,0,night,pa_6,E5,25.0,5,50.0,2,40.0,0.0,0,0,3,3,520.0,24,0,54.55,84,25.0,0.25,0.4,50.0,50.0,2.0,2.0,500.0,480.0,50.0,50.0,2.0,2.0
281.0,0,4,0,0,night,pa_6,E5,25.0,5,75.0,3,60.0,0.0,0,0,2,3,545.0,25,0,56.82,85,25.0,0.38,0.6,50.0,50.0,2.0,2.0,520.0,500.0,55.0,52.5,2.2,2.1
282.0,0,4,0,0,night,pa_6,E5,25.0,5,75.0,3,60.0,0.0,0,0,2,3,545.0,25,0,56.82,85,25.0,0.38,0.6,75.0,50.0,3.0,2.0,545.0,500.0,60.0,55.0,2.4,2.2
283.0,0,4,0,0,night,pa_6,E5,25.0,5,75.0,3,60.0,0.0,0,0,2,3,545.0,25,0,56.82,85,25.0,0.38,0.6,75.0,50.0,3.0,2.0,545.0,500.0,65.0,57.5,2.6,2.3
284.0,0,4,0,0,night,pa_6,E5,25.0,5,75.0,3,60.0,0.0,0,0,2,3,545.0,25,0,56.82,85,25.0,0.38,0.6,75.0,50.0,3.0,2.0,545.0,500.0,70.0,60.0,2.8,2.4
285.0,0,4,0,0,night,pa_6,E5,25.0,5,75.0,3,60.0,0.0,0,0,2,3,545.0,25,0,56.82,85,25.0,0.38,0.6,75.0,50.0,3.0,2.0,545.0,520.0,75.0,62.5,3.0,2.5
286.0,0,4,0,0,night,pa_6,E5,25.0,5,75.0,3,60.0,0.0,0,0,2,3,545.0,25,0,56.82,85,25.0,0.38,0.6,75.0,75.0,3.0,3.0,545.0,545.0,75.0,65.0,3.0,2.6
287.0,0,4,0,0,night,pa_6,E5,25.0,5,75.0,3,60.0,0.0,0,0,2,3,545.0,25,0,56.82,85,25.0,0.38,0.6,75.0,75.0,3.0,3.0,545.0,545.0,75.0,67.5,3.0,2.7
288.0,0,4,0,0,night,pa_6,E5,25.0,5,75.0,3,60.0,0.0,0,0,2,3,545.0,25,0,56.82,85,25.0,0.38,0.6,75.0,75.0,3.0,3.0,545.0,545.0,75.0,70.0,3.0,2.8
289.0,0,4,0,0,night,pa_6,E5,25.0,5,75.0,3,60.0,0.0,0,0,2,3,545.0,25,0,56.82,90,25.0,0.38,0.6,75.0,75.0,3.0,3.0,545.0,545.0,75.0,72.5,3.0,2.9
290.0,0,4,0,0,night,pa_6,E5,25.0,5,75.0,3,60.0,0.0,0,0,2,3,545.0,25,0,56.82,90,25.0,0.38,0.6,75.0,75.0,3.0,3.0,545.0,545.0,75.0,75.0,3.0,3.0
291.0,0,4,0,0,night,pa_6,E5,25.0,5,75.0,3,60.0,0.0,0,0,2,3,545.0,25,0,56.82,90,25.0,0.38,0.6,75.0,75.0,3.0,3.0,545.0,545.0,75.0,75.0,3.0,3.0
292.0,0,4,0,0,night,pa_6,E5,25.0,5,75.0,3,60.0,0.0,0,0,2,3,610.0,28,0,63.64,90,25.0,0.38,0.6,75.0,75.0,3.0,3.0,545.0,545.0,75.0,75.0,3.0,3.0
293.0,0,4,0,0,night,pa_6,E5,25.0,5,75.0,3,60.0,0.0,0,0,2,3,610.0,28,0,63.64,90,25.0,0.38,0.6,75.0,75.0,3.0,3.0,610.0,545.0,75.0,75.0,3.0,3.0
294.0,0,4,0,0,night,pa_6,E5,25.0,5,75.0,3,60.0,0.0,0,0,2,3,610.0,28,0,63.64,90,25.0,0.38,0.6,75.0,75.0,3.0,3.0,610.0,545.0,75.0,75.0,3.0,3.0
295.0,0,4,0,0,night,pa_6,E5,25.0,5,75.0,3,60.0,0.0,0,0,2,3,610.0,28,0,63.64,90,25.0,0.38,0.6,75.0,75.0,3.0,3.0,610.0,545.0,75.0,75.0,3.0,3.0
296.0,0,4,0,0,night,pa_6,E5,25.0,5,75.0,3,60.0,0.0,0,0,2,3,610.0,28,0,63.64,90,25.0,0.38,0.6,75.0,75.0,3.0,3.0,610.0,545.0,75.0,75.0,3.0,3.0
297.0,0,4,0,0,night,pa_6,E5,25.0,5,75.0,3,60.0,0.0,0,0,2,3,610.0,28,0,63.64,90,25.0,0.38,0.6,75.0,75.0,3.0,3.0,610.0,610.0,75.0,75.0,3.0,3.0
298.0,0,4,0,0,night,pa_6,E5,25.0,5,75.0,3,60.0,0.0,0,0,2,3,610.0,28,0,63.64,90,25.0,0.38,0.6,75.0,75.0,3.0,3.0,610.0,610.0,75.0,75.0,3.0,3.0
299.0,0,4,0,0,night,pa_6,E5,25.0,5,75.0,3,60.0,0.0,0,0,2,3,610.0,28,0,63.64,90,25.0,0.38,0.6,75.0,75.0,3.0,3.0,610.0,610.0,75.0,75.0,3.0,3.0
300.0,0,5,0,0,night,pa_6,E5,25.0,5,75.0,3,60.0,0.0,0,0,2,3,610.0,28,0,63.64,90,25.0,0.38,0.6,75.0,75.0,3.0,3.0,610.0,610.0,75.0,75.0,3.0,3.0
301.0,0,5,0,0,night,pa_6,E5,25.0,5,75.0,3,60.0,0.0,0,0,2,3,635.0,29,0,65.91,92,25.0,0.38,0.6,75.0,75.0,3.0,3.0,610.0,610.0,75.0,75.0,3.0,3.0
302.0,0,5,0,0,night,pa_6,E5,25.0,5,75.0,3,60.0,0.0,0,0,2,3,635.0,29,0,65.91,92,25.0,0.38,0.6,75.0,75.0,3.0,3.0,635.0,610.0,75.0,75.0,3.0,3.0
303.0,0,5,0,0,night,pa_6,E5,25.0,5,75.0,3,60.0,0.0,0,0,2,3,635.0,29,0,65.91,92,25.0,0.38,0.6,75.0,75.0,3.0,3.0,635.0,610.0,75.0,75.0,3.0,3.0
304.0,0,5,0,0,night,pa_6,E5,25.0,5,75.0,3,60.0,0.0,0,0,2,3,635.0,29,0,65.91,92,25.0,0.38,0.6,75.0,75.0,3.0,3.0,635.0,610.0,75.0,75.0,3.0,3.0
305.0,0,5,0,0,night,pa_6,E5,25.0,5,75.0,3,60.0,0.0,0,0,2,3,635.0,29,0,65.91,92,25.0,0.38,0.6,75.0,75.0,3.0,3.0,635.0,610.0,75.0,75.0,3.0,3.0
306.0,0,5,0,0,night,pa_6,E5,25.0,5,75.0,3,60.0,0.0,0,0,2,3,635.0,29,0,65.91,92,25.0,0.38,0.6,75.0,75.0,3.0,3.0,635.0,635.0,75.0,75.0,3.0,3.0
307.0,0,5,0,0,night,pa_6,E5,25.0,5,75.0,3,60.0,0.0,0,0,2,3,680.0,31,0,70.45,92,25.0,0.38,0.6,75.0,75.0,3.0,3.0,635.0,635.0,75.0,75.0,3.0,3.0
308.0,0,5,0,0,night,pa_6,E5,25.0,5,75.0,3,60.0,0.0,0,0,2,3,680.0,31,0,70.45,92,25.0,0.38,0.6,75.0,75.0,3.0,3.0,680.0,635.0,75.0,75.0,3.0,3.0
309.0,0,5,0,0,night,pa_6,E5,25.0,5,75.0,3,60.0,0.0,0,0,2,3,680.0,31,0,70.45,97,25.0,0.38,0.6,75.0,75.0,3.0,3.0,680.0,635.0,75.0,75.0,3.0,3.0
310.0,0,5,0,0,night,pa_6,E5,25.0,5,75.0,3,60.0,0.0,0,0,2,3,680.0,31,0,70.45,97,25.0,0.38,0.6,75.0,75.0,3.0,3.0,680.0,635.0,75.0,75.0,3.0,3.0
311.0,0,5,0,0,night,pa_6,E5,25.0,5,75.0,3,60.0,0.0,0,0,2,3,680.0,31,0,70.45,97,25.0,0.38,0.6,75.0,75.0,3.0,3.0,680.0,635.0,75.0,75.0,3.0,3.0
312.0,0,5,0,0,night,pa_6,E5,25.0,5,75.0,3,60.0,0.0,0,0,2,3,680.0,31,0,70.45,97,25.0,0.38,0.6,75.0,75.0,3.0,3.0,680.0,680.0,75.0,75.0,3.0,3.0
313.0,0,5,0,0,night,pa_6,E5,25.0,5,75.0,3,60.0,0.0,0,0,2,3,680.0,31,0,70.45,97,25.0,0.38,0.6,75.0,75.0,3.0,3.0,680.0,680.0,75.0,75.0,3.0,3.0
314.0,0,5,0,0,night,pa_6,E5,25.0,5,75.0,3,60.0,0.0,0,0,2,3,680.0,31,0,70.45,97,25.0,0.38,0.6,75.0,75.0,3.0,3.0,680.0,680.0,75.0,75.0,3.0,3.0
315.0,0,5,0,0,night,pa_6,E5,25.0,5,75.0,3,60.0,0.0,0,0,2,3,680.0,31,0,70.45,97,25.0,0.38,0.6,75.0,75.0,3.0,3.0,680.0,680.0,75.0,75.0,3.0,3.0
316.0,0,5,0,0,night,pa_6,E5,25.0,5,75.0,3,60.0,0.0,0,0,2,3,680.0,31,0,70.45,98,25.0,0.38,0.6,75.0,75.0,3.0,3.0,680.0,680.0,75.0,75.0,3.0,3.0
317.0,0,5,0,0,night,pa_6,E5,25.0,5,75.0,3,60.0,0.0,0,0,2,3,680.0,31,0,70.45,98,25.0,0.38,0.6,75.0,75.0,3.0,3.0,680.0,680.0,75.0,75.0,3.0,3.0
318.0,0,5,0,0,night,pa_6,E5,25.0,5,75.0,3,60.0,0.0,0,0,2,3,680.0,31,0,70.45,98,25.0,0.38,0.6,75.0,75.0,3.0,3.0,680.0,680.0,75.0,75.0,3.0,3.0
319.0,0,5,0,0,night,pa_6,E5,25.0,5,75.0,3,60.0,0.0,0,0,2,3,680.0,31,0,70.45,98,25.0,0.38,0.6,75.0,75.0,3.0,3.0,680.0,680.0,75.0,75.0,3.0,3.0
320.0,0,5,0,0,night,pa_6,E5,25.0,5,75.0,3,60.0,0.0,0,0,2,3,680.0,31,0,70.45,98,25.0,0.38,0.6,75.0,75.0,3.0,3.0,680.0,680.0,75.0,75.0,3.0,3.0
321.0,0,5,0,0,night,pa_6,E5,25.0,5,75.0,3,60.0,0.0,0,0,2,3,680.0,31,0,70.45,100,25.0,0.38,0.6,75.0,75.0,3.0,3.0,680.0,680.0,75.0,75.0,3.0,3.0
322.0,0,5,0,0,night,pa_6,E5,25.0,5,75.0,3,60.0,0.0,0,0,2,3,680.0,31,0,70.45,100,25.0,0.38,0.6,75.0,75.0,3.0,3.0,680.0,680.0,75.0,75.0,3.0,3.0
323.0,0,5,0,0,night,pa_6,E5,25.0,5,75.0,3,60.0,0.0,0,0,2,3,680.0,31,0,70.45,100,25.0,0.38,0.6,75.0,75.0,3.0,3.0,680.0,680.0,75.0,75.0,3.0,3.0
324.0,0,5,0,0,night,pa_6,E5,25.0,5,75.0,3,60.0,0.0,0,0,2,3,680.0,31,0,70.45,100,25.0,0.38,0.6,75.0,75.0,3.0,3.0,680.0,680.0,75.0,75.0,3.0,3.0
325.0,0,5,0,0,night,pa_6,E5,25.0,5,75.0,3,60.0,0.0,0,0,2,3,680.0,31,0,70.45,100,25.0,0.38,0.6,75.0,75.0,3.0,3.0,680.0,680.0,75.0,75.0,3.0,3.0
326.0,0,5,0,0,night,pa_6,E5,25.0,5,75.0,3,60.0,0.0,0,0,2,3,700.0,32,0,72.73,100,25.0,0.38,0.6,75.0,75.0,3.0,3.0,680.0,680.0,75.0,75.0,3.0,3.0
327.0,0,5,0,0,night,pa_6,E5,25.0,5,75.0,3,60.0,0.0,0,0,2,3,700.0,32,0,72.73,100,25.0,0.38,0.6,75.0,75.0,3.0,3.0,700.0,680.0,75.0,75.0,3.0,3.0
328.0,0,5,0,0,night,pa_6,E5,25.0,5,75.0,3,60.0,0.0,0,0,2,3,700.0,32,0,72.73,100,25.0,0.38,0.6,75.0,75.0,3.0,3.0,700.0,680.0,75.0,75.0,3.0,3.0
329.0,0,5,0,0,night,pa_6,E5,25.0,5,75.0,3,60.0,0.0,0,0,2,3,700.0,32,0,72.73,100,25.0,0.38,0.6,75.0,75.0,3.0,3.0,700.0,680.0,75.0,75.0,3.0,3.0
330.0,0,5,0,0,night,pa_6,E5,25.0,5,75.0,3,60.0,0.0,0,0,2,3,700.0,32,0,72.73,100,25.0,0.38,0.6,75.0,75.0,3.0,3.0,700.0,680.0,75.0,75.0,3.0,3.0
331.0,0,5,0,0,night,pa_6,E5,25.0,5,75.0,3,60.0,0.0,0,0,2,3,700.0,32,0,72.73,100,25.0,0.38,0.6,75.0,75.0,3.0,3.0,700.0,700.0,75.0,75.0,3.0,3.0
332.0,0,5,0,0,night,pa_6,E5,25.0,5,75.0,3,60.0,0.0,0,0,2,3,700.0,32,0,72.73,100,25.0,0.38,0.6,75.0,75.0,3.0,3.0,700.0,700.0,75.0,75.0,3.0,3.0
333.0,0,5,0,0,night,pa_6,E5,25.0,5,75.0,3,60.0,0.0,0,0,2,3,700.0,32,0,72.73,100,25.0,0.38,0.6,75.0,75.0,3.0,3.0,700.0,700.0,75.0,75.0,3.0,3.0
334.0,0,5,0,0,night,pa_6,E5,25.0,5,75.0,3,60.0,0.0,0,0,2,3,700.0,32,0,72.73,100,25.0,0.38,0.6,75.0,75.0,3.0,3.0,700.0,700.0,75.0,75.0,3.0,3.0
335.0,0,5,0,0,night,pa_6,E5,25.0,5,75.0,3,60.0,0.0,0,0,2,3,700.0,32,0,72.73,100,25.0,0.38,0.6,75.0,75.0,3.0,3.0,700.0,700.0,75.0,75.0,3.0,3.0
336.0,0,5,0,0,night,pa_6,E5,25.0,5,75.0,3,60.0,0.0,0,0,2,3,700.0,32,0,72.73,100,25.0,0.38,0.6,75.0,75.0,3.0,3.0,700.0,700.0,75.0,75.0,3.0,3.0
337.0,0,5,0,0,night,pa_6,E5,25.0,5,75.0,3,60.0,0.0,0,0,2,3,700.0,32,0,72.73,100,25.0,0.38,0.6,75.0,75.0,3.0,3.0,700.0,700.0,75.0,75.0,3.0,3.0
338.0,0,5,0,0,night,pa_6,E5,25.0,5,75.0,3,60.0,0.0,0,0,2,3,700.0,32,0,72.73,100,25.0,0.38,0.6,75.0,75.0,3.0,3.0,700.0,700.0,75.0,75.0,3.0,3.0
339.0,0,5,0,0,night,pa_6,E5,25.0,5,75.0,3,60.0,0.0,0,0,2,3,700.0,32,0,72.73,100,25.0,0.38,0.6,75.0,75.0,3.0,3.0,700.0,700.0,75.0,75.0,3.0,3.0
340.0,0,5,0,0,night,pa_6,E5,25.0,5,75.0,3,60.0,0.0,0,0,2,3,740.0,34,0,77.27,100,25.0,0.38,0.6,75.0,75.0,3.0,3.0,700.0,700.0,75.0,75.0,3.0,3.0
341.0,0,5,0,0,night,pa_6,E5,25.0,5,75.0,3,60.0,0.0,0,0,2,3,740.0,34,0,77.27,100,25.0,0.38,0.6,75.0,75.0,3.0,3.0,740.0,700.0,75.0,75.0,3.0,3.0
342.0,0,5,0,0,night,pa_6,E5,25.0,5,75.0,3,60.0,0.0,0,0,2,3,740.0,34,0,77.27,100,25.0,0.38,0.6,75.0,75.0,3.0,3.0,740.0,700.0,75.0,75.0,3.0,3.0
343.0,0,5,0,0,night,pa_6,E5,25.0,5,75.0,3,60.0,0.0,0,0,2,3,740.0,34,0,77.27,100,25.0,0.38,0.6,75.0,75.0,3.0,3.0,740.0,700.0,75.0,75.0,3.0,3.0
344.0,0,5,0,0,night,pa_6,E5,25.0,5,75.0,3,60.0,0.0,0,0,2,3,740.0,34,0,77.27,100,25.0,0.38,0.6,75.0,75.0,3.0,3.0,740.0,700.0,75.0,75.0,3.0,3.0
345.0,0,5,0,0,night,pa_6,E5,25.0,5,75.0,3,60.0,0.0,0,0,2,3,740.0,34,0,77.27,100,25.0,0.38,0.6,75.0,75.0,3.0,3.0,740.0,740.0,75.0,75.0,3.0,3.0
346.0,0,5,0,0,night,pa_6,E5,25.0,5,75.0,3,60.0,0.0,0,0,2,3,740.0,34,0,77.27,100,25.0,0.38,0.6,75.0,75.0,3.0,3.0,740.0,740.0,75.0,75.0,3.0,3.0
347.0,0,5,0,0,night,pa_6,E5,25.0,5,75.0,3,60.0,0.0,0,0,2,3,740.0,34,0,77.27,100,25.0,0.38,0.6,75.0,75.0,3.0,3.0,740.0,740.0,75.0,75.0,3.0,3.0
348.0,0,5,0,0,night,pa_6,E5,25.0,5,75.0,3,60.0,0.0,0,0,2,3,740.0,34,0,77.27,100,25.0,0.38,0.6,75.0,75.0,3.0,3.0,740.0,740.0,75.0,75.0,3.0,3.0
349.0,0,5,0,0,night,pa_6,E5,25.0,5,75.0,3,60.0,0.0,0,0,2,3,740.0,34,0,77.27,100,25.0,0.38,0.6,75.0,75.0,3.0,3.0,740.0,740.0,75.0,75.0,3.0,3.0
350.0,0,5,0,0,night,pa_6,E5,25.0,5,75.0,3,60.0,0.0,0,0,2,3,740.0,34,0,77.27,100,25.0,0.38,0.6,75.0,75.0,3.0,3.0,740.0,740.0,75.0,75.0,3.0,3.0
351.0,0,5,0,0,night,pa_6,E5,25.0,5,75.0,3,60.0,0.0,0,0,2,3,740.0,34,0,77.27,100,25.0,0.38,0.6,75.0,75.0,3.0,3.0,740.0,740.0,75.0,75.0,3.0,3.0
352.0,0,5,0,0,night,pa_6,E5,25.0,5,75.0,3,60.0,0.0,0,0,2,3,740.0,34,0,77.27,100,25.0,0.38,0.6,75.0,75.0,3.0,3.0,740.0,740.0,75.0,75.0,3.0,3.0
353.0,0,5,0,0,night,pa_6,E5,25.0,5,75.0,3,60.0,0.0,0,0,2,3,740.0,34,0,77.27,100,25.0,0.38,0.6,75.0,75.0,3.0,3.0,740.0,740.0,75.0,75.0,3.0,3.0
354.0,0,5,0,0,night,pa_6,E5,25.0,5,75.0,3,60.0,0.0,0,0,2,3,740.0,34,0,77.27,100,25.0,0.38,0.6,75.0,75.0,3.0,3.0,740.0,740.0,75.0,75.0,3.0,3.0
355.0,0,5,0,0,night,pa_6,E5,25.0,5,75.0,3,60.0,0.0,0,0,2,3,740.0,34,0,77.27,100,25.0,0.38,0.6,75.0,75.0,3.0,3.0,740.0,740.0,75.0,75.0,3.0,3.0
356.0,0,5,0,0,night,pa_6,E5,25.0,5,75.0,3,60.0,0.0,0,0,2,3,740.0,34,0,77.27,100,25.0,0.38,0.6,75.0,75.0,3.0,3.0,740.0,740.0,75.0,75.0,3.0,3.0
357.0,0,5,0,0,night,pa_6,E5,25.0,5,75.0,3,60.0,0.0,0,0,2,3,740.0,34,0,77.27,100,25.0,0.38,0.6,75.0,75.0,3.0,3.0,740.0,740.0,75.0,75.0,3.0,3.0
358.0,0,5,0,0,night,pa_6,E5,25.0,5,75.0,3,60.0,0.0,0,0,2,3,740.0,34,0,77.27,100,25.0,0.38,0.6,75.0,75.0,3.0,3.0,740.0,740.0,75.0,75.0,3.0,3.0
359.0,0,5,0,0,night,pa_6,E5,25.0,5,100.0,4,80.0,0.0,0,0,1,3,765.0,35,0,79.55,100,25.0,0.5,0.8,75.0,75.0,3.0,3.0,740.0,740.0,80.0,77.5,3.2,3.1
360.0,0,6,0,0,night,pa_6,E5,25.0,5,100.0,4,80.0,0.0,0,0,1,3,790.0,36,0,81.82,100,25.0,0.5,0.8,100.0,75.0,4.0,3.0,765.0,740.0,85.0,80.0,3.4,3.2
361.0,0,6,0,0,night,pa_6,E5,25.0,5,100.0,4,80.0,0.0,0,0,1,3,790.0,36,0,81.82,107,25.0,0.5,0.8,100.0,75.0,4.0,3.0,790.0,740.0,90.0,82.5,3.6,3.3
362.0,0,6,0,0,night,pa_6,E5,25.0,5,100.0,4,80.0,0.0,0,0,1,3,790.0,36,0,81.82,107,25.0,0.5,0.8,100.0,75.0,4.0,3.0,790.0,740.0,95.0,85.0,3.8,3.4
363.0,0,6,0,0,night,pa_6,E5,25.0,5,100.0,4,80.0,0.0,0,0,1,3,810.0,37,0,84.09,109,25.0,0.5,0.8,100.0,75.0,4.0,3.0,790.0,740.0,100.0,87.5,4.0,3.5
364.0,0,6,0,0,night,pa_6,E5,25.0,5,100.0,4,80.0,0.0,0,0,1,3,810.0,37,0,84.09,110,25.0,0.5,0.8,100.0,100.0,4.0,4.0,810.0,765.0,100.0,90.0,4.0,3.6
365.0,0,6,0,0,night,pa_6,E5,25.0,5,100.0,4,80.0,0.0,0,0,1,3,810.0,37,0,84.09,110,25.0,0.5,0.8,100.0,100.0,4.0,4.0,810.0,790.0,100.0,92.5,4.0,3.7
366.0,0,6,0,0,night,pa_6,E5,25.0,5,100.0,4,80.0,0.0,0,0,1,3,830.0,38,0,86.36,111,25.0,0.5,0.8,100.0,100.0,4.0,4.0,810.0,790.0,100.0,95.0,4.0,3.8
367.0,0,6,0,0,night,pa_6,E5,25.0,5,100.0,4,80.0,0.0,0,0,1,3,855.0,39,0,88.64,112,25.0,0.5,0.8,100.0,100.0,4.0,4.0,830.0,790.0,100.0,97.5,4.0,3.9
368.0,0,6,0,0,night,pa_6,E5,25.0,5,100.0,4,80.0,0.0,0,0,1,3,855.0,39,0,88.64,111,25.0,0.5,0.8,100.0,100.0,4.0,4.0,855.0,810.0,100.0,100.0,4.0,4.0
369.0,0,6,0,0,night,pa_6,E5,25.0,5,100.0,4,80.0,0.0,0,0,1,3,855.0,39,0,88.64,111,25.0,0.5,0.8,100.0,100.0,4.0,4.0,855.0,810.0,100.0,100.0,4.0,4.0
370.0,0,6,0,0,night,pa_6,E5,25.0,5,100.0,4,80.0,0.0,0,0,1,3,855.0,39,0,88.64,112,25.0,0.5,0.8,100.0,100.0,4.0,4.0,855.0,810.0,100.0,100.0,4.0,4.0
371.0,0,6,0,0,night,pa_6,E5,25.0,5,100.0,4,80.0,0.0,0,0,1,3,880.0,40,1,90.91,111,25.0,0.5,0.8,100.0,100.0,4.0,4.0,855.0,830.0,100.0,100.0,4.0,4.0
372.0,0,6,0,0,night,pa_6,E5,25.0,5,100.0,4,80.0,0.0,0,0,1,3,880.0,40,1,90.91,112,25.0,0.5,0.8,100.0,100.0,4.0,4.0,880.0,855.0,100.0,100.0,4.0,4.0
373.0,0,6,0,0,night,pa_6,E5,25.0,5,100.0,4,80.0,0.0,0,0,1,3,880.0,40,1,90.91,112,25.0,0.5,0.8,100.0,100.0,4.0,4.0,880.0,855.0,100.0,100.0,4.0,4.0
374.0,0,6,0,0,night,pa_6,E5,25.0,5,100.0,4,80.0,0.0,0,0,1,3,880.0,40,2,90.91,112,25.0,0.5,0.8,100.0,100.0,4.0,4.0,880.0,855.0,100.0,100.0,4.0,4.0
375.0,0,6,0,0,night,pa_6,E5,25.0,5,100.0,4,80.0,0.0,0,0,1,3,880.0,40,2,90.91,112,25.0,0.5,0.8,100.0,100.0,4.0,4.0,880.0,855.0,100.0,100.0,4.0,4.0
376.0,0,6,0,0,night,pa_6,E5,25.0,5,100.0,4,80.0,0.0,0,0,1,3,880.0,40,2,90.91,113,25.0,0.5,0.8,100.0,100.0,4.0,4.0,880.0,880.0,100.0,100.0,4.0,4.0
377.0,0,6,0,0,night,pa_6,E5,25.0,5,100.0,4,80.0,0.0,0,0,1,3,880.0,40,2,90.91,113,25.0,0.5,0.8,100.0,100.0,4.0,4.0,880.0,880.0,100.0,100.0,4.0,4.0
378.0,0,6,0,0,night,pa_6,E5,25.0,5,100.0,4,80.0,0.0,0,0,1,3,880.0,40,2,90.91,112,25.0,0.5,0.8,100.0,100.0,4.0,4.0,880.0,880.0,100.0,100.0,4.0,4.0
379.0,0,6,0,0,night,pa_6,E5,25.0,5,100.0,4,80.0,0.0,0,0,1,3,880.0,40,2,90.91,112,25.0,0.5,0.8,100.0,100.0,4.0,4.0,880.0,880.0,100.0,100.0,4.0,4.0
380.0,0,6,0,0,night,pa_6,E5,25.0,5,100.0,4,80.0,0.0,0,0,1,3,880.0,40,2,90.91,112,25.0,0.5,0.8,100.0,100.0,4.0,4.0,880.0,880.0,100.0,100.0,4.0,4.0
381.0,0,6,0,0,night,pa_6,E5,25.0,5,100.0,4,80.0,0.0,0,0,1,3,880.0,40,2,90.91,112,25.0,0.5,0.8,100.0,100.0,4.0,4.0,880.0,880.0,100.0,100.0,4.0,4.0
382.0,0,6,0,0,night,pa_6,E5,25.0,5,100.0,4,80.0,0.0,0,0,1,3,880.0,40,2,90.91,112,25.0,0.5,0.8,100.0,100.0,4.0,4.0,880.0,880.0,100.0,100.0,4.0,4.0
383.0,0,6,0,0,night,pa_6,E5,25.0,5,100.0,4,80.0,0.0,0,0,1,3,880.0,40,2,90.91,112,25.0,0.5,0.8,100.0,100.0,4.0,4.0,880.0,880.0,100.0,100.0,4.0,4.0
384.0,0,6,0,0,night,pa_6,E5,25.0,5,100.0,4,80.0,0.0,0,0,1,3,880.0,40,2,90.91,112,25.0,0.5,0.8,100.0,100.0,4.0,4.0,880.0,880.0,100.0,100.0,4.0,4.0
385.0,0,6,0,0,night,pa_6,E5,25.0,5,100.0,4,80.0,0.0,0,0,1,3,880.0,40,2,90.91,112,25.0,0.5,0.8,100.0,100.0,4.0,4.0,880.0,880.0,100.0,100.0,4.0,4.0
386.0,0,6,0,0,night,pa_6,E5,25.0,5,100.0,4,80.0,0.0,0,0,1,3,880.0,40,2,90.91,111,25.0,0.5,0.8,100.0,100.0,4.0,4.0,880.0,880.0,100.0,100.0,4.0,4.0
387.0,0,6,0,0,night,pa_6,E5,25.0,5,100.0,4,80.0,0.0,0,0,1,3,880.0,40,2,90.91,111,25.0,0.5,0.8,100.0,100.0,4.0,4.0,880.0,880.0,100.0,100.0,4.0,4.0
388.0,0,6,0,0,night,pa_6,E5,25.0,5,100.0,4,80.0,0.0,0,0,1,3,880.0,40,3,90.91,110,25.0,0.5,0.8,100.0,100.0,4.0,4.0,880.0,880.0,100.0,100.0,4.0,4.0
389.0,0,6,0,0,night,pa_6,E5,25.0,5,100.0,4,80.0,0.0,0,0,1,3,880.0,40,4,90.91,110,25.0,0.5,0.8,100.0,100.0,4.0,4.0,880.0,880.0,100.0,100.0,4.0,4.0
390.0,0,6,0,0,night,pa_6,E5,25.0,5,100.0,4,80.0,0.0,0,0,1,3,880.0,40,4,90.91,110,25.0,0.5,0.8,100.0,100.0,4.0,4.0,880.0,880.0,100.0,100.0,4.0,4.0
391.0,0,6,0,0,night,pa_6,E5,25.0,5,100.0,4,80.0,0.0,0,0,1,3,880.0,40,4,90.91,109,25.0,0.5,0.8,100.0,100.0,4.0,4.0,880.0,880.0,100.0,100.0,4.0,4.0
392.0,0,6,0,0,night,pa_6,E5,25.0,5,100.0,4,80.0,0.0,0,0,1,3,880.0,40,4,90.91,108,25.0,0.5,0.8,100.0,100.0,4.0,4.0,880.0,880.0,100.0,100.0,4.0,4.0
393.0,0,6,0,0,night,pa_6,E5,25.0,5,125.0,5,100.0,0.0,0,0,0,3,930.0,42,4,95.45,107,25.0,0.62,1.0,100.0,100.0,4.0,4.0,880.0,880.0,105.0,102.5,4.2,4.1
394.0,0,6,0,0,night,pa_6,E5,25.0,5,125.0,5,100.0,0.0,0,0,0,3,930.0,42,4,95.45,107,25.0,0.62,1.0,125.0,100.0,5.0,4.0,930.0,880.0,110.0,105.0,4.4,4.2
395.0,0,6,0,0,night,pa_6,E5,25.0,5,125.0,5,100.0,0.0,0,0,0,3,930.0,42,4,95.45,106,25.0,0.62,1.0,125.0,100.0,5.0,4.0,930.0,880.0,115.0,107.5,4.6,4.3
396.0,0,6,0,0,night,pa_6,E5,25.0,5,125.0,5,100.0,0.0,0,0,0,3,930.0,42,4,95.45,106,25.0,0.62,1.0,125.0,100.0,5.0,4.0,930.0,880.0,120.0,110.0,4.8,4.4
397.0,0,6,0,0,night,pa_6,E5,25.0,5,125.0,5,100.0,0.0,0,0,0,3,930.0,42,4,95.45,106,25.0,0.62,1.0,125.0,100.0,5.0,4.0,930.0,880.0,125.0,112.5,5.0,4.5
398.0,0,6,0,0,night,pa_6,E5,25.0,5,125.0,5,100.0,0.0,0,0,0,3,930.0,42,5,95.45,106,25.0,0.62,1.0,125.0,125.0,5.0,5.0,930.0,930.0,125.0,115.0,5.0,4.6
399.0,0,6,0,0,night,pa_6,E5,25.0,5,125.0,5,100.0,0.0,0,0,0,3,930.0,42,5,95.45,106,25.0,0.62,1.0,125.0,125.0,5.0,5.0,930.0,930.0,125.0,117.5,5.0,4.7
400.0,0,6,0,0,night,pa_6,E5,25.0,5,125.0,5,100.0,0.0,0,0,0,3,930.0,42,5,95.45,106,25.0,0.62,1.0,125.0,125.0,5.0,5.0,930.0,930.0,125.0,120.0,5.0,4.8
401.0,0,6,0,0,night,pa_6,E5,25.0,5,125.0,5,100.0,0.0,0,0,0,3,930.0,42,5,95.45,108,25.0,0.62,1.0,125.0,125.0,5.0,5.0,930.0,930.0,125.0,122.5,5.0,4.9
402.0,0,6,0,0,night,pa_6,E5,25.0,5,125.0,5,100.0,0.0,0,0,0,3,930.0,42,5,95.45,107,25.0,0.62,1.0,125.0,125.0,5.0,5.0,930.0,930.0,125.0,125.0,5.0,5.0
403.0,0,6,0,0,night,pa_6,E5,25.0,5,125.0,5,100.0,0.0,0,0,0,3,930.0,42,5,95.45,107,25.0,0.62,1.0,125.0,125.0,5.0,5.0,930.0,930.0,125.0,125.0,5.0,5.0
404.0,0,6,0,0,night,pa_6,E5,25.0,5,125.0,5,100.0,0.0,0,0,0,3,930.0,42,5,95.45,107,25.0,0.62,1.0,125.0,125.0,5.0,5.0,930.0,930.0,125.0,125.0,5.0,5.0
405.0,0,6,0,0,night,pa_6,E5,25.0,5,125.0,5,100.0,0.0,0,0,0,3,930.0,42,5,95.45,107,25.0,0.62,1.0,125.0,125.0,5.0,5.0,930.0,930.0,125.0,125.0,5.0,5.0
406.0,0,6,0,0,night,pa_6,E5,25.0,5,125.0,5,100.0,0.0,0,0,0,3,930.0,42,5,95.45,108,25.0,0.62,1.0,125.0,125.0,5.0,5.0,930.0,930.0,125.0,125.0,5.0,5.0
407.0,0,6,0,0,night,pa_6,E5,25.0,5,125.0,5,100.0,0.0,0,0,0,3,930.0,42,5,95.45,108,25.0,0.62,1.0,125.0,125.0,5.0,5.0,930.0,930.0,125.0,125.0,5.0,5.0
408.0,0,6,0,0,night,pa_6,E5,25.0,5,125.0,5,100.0,0.0,0,0,0,3,930.0,42,5,95.45,108,25.0,0.62,1.0,125.0,125.0,5.0,5.0,930.0,930.0,125.0,125.0,5.0,5.0
409.0,0,6,0,0,night,pa_6,E5,25.0,5,125.0,5,100.0,0.0,0,0,0,3,930.0,42,5,95.45,108,25.0,0.62,1.0,125.0,125.0,5.0,5.0,930.0,930.0,125.0,125.0,5.0,5.0
410.0,0,6,0,0,night,pa_6,E5,25.0,5,125.0,5,100.0,0.0,0,0,0,3,930.0,42,5,95.45,108,25.0,0.62,1.0,125.0,125.0,5.0,5.0,930.0,930.0,125.0,125.0,5.0,5.0
411.0,0,6,0,0,night,pa_6,E5,25.0,5,125.0,5,100.0,0.0,0,0,0,3,930.0,42,5,95.45,107,25.0,0.62,1.0,125.0,125.0,5.0,5.0,930.0,930.0,125.0,125.0,5.0,5.0
412.0,0,6,0,0,night,pa_6,E5,25.0,5,125.0,5,100.0,0.0,0,0,0,3,930.0,42,5,95.45,112,25.0,0.62,1.0,125.0,125.0,5.0,5.0,930.0,930.0,125.0,125.0,5.0,5.0
413.0,0,6,0,0,night,pa_6,E5,25.0,5,125.0,5,100.0,0.0,0,0,0,3,930.0,42,5,95.45,112,25.0,0.62,1.0,125.0,125.0,5.0,5.0,930.0,930.0,125.0,125.0,5.0,5.0
414.0,0,6,0,0,night,pa_6,E5,25.0,5,125.0,5,100.0,0.0,0,0,0,3,930.0,42,5,95.45,112,25.0,0.62,1.0,125.0,125.0,5.0,5.0,930.0,930.0,125.0,125.0,5.0,5.0
415.0,0,6,0,0,night,pa_6,E5,25.0,5,125.0,5,100.0,0.0,0,0,0,3,930.0,42,5,95.45,112,25.0,0.62,1.0,125.0,125.0,5.0,5.0,930.0,930.0,125.0,125.0,5.0,5.0
416.0,0,6,0,0,night,pa_6,E5,25.0,5,125.0,5,100.0,0.0,0,0,0,3,930.0,42,5,95.45,112,25.0,0.62,1.0,125.0,125.0,5.0,5.0,930.0,930.0,125.0,125.0,5.0,5.0
417.0,0,6,0,0,night,pa_6,E5,25.0,5,125.0,5,100.0,0.0,0,0,0,3,930.0,42,5,95.45,112,25.0,0.62,1.0,125.0,125.0,5.0,5.0,930.0,930.0,125.0,125.0,5.0,5.0
418.0,0,6,0,0,night,pa_6,E5,25.0,5,125.0,5,100.0,0.0,0,0,0,3,930.0,42,5,95.45,112,25.0,0.62,1.0,125.0,125.0,5.0,5.0,930.0,930.0,125.0,125.0,5.0,5.0
419.0,0,6,0,0,night,pa_6,E5,25.0,5,125.0,5,100.0,0.0,0,0,0,3,930.0,42,5,95.45,110,25.0,0.62,1.0,125.0,125.0,5.0,5.0,930.0,930.0,125.0,125.0,5.0,5.0
420.0,0,7,0,0,night,pa_6,E5,25.0,5,125.0,5,100.0,0.0,0,0,0,3,930.0,42,6,95.45,110,25.0,0.62,1.0,125.0,125.0,5.0,5.0,930.0,930.0,125.0,125.0,5.0,5.0
421.0,0,7,0,0,night,pa_6,E5,25.0,5,125.0,5,100.0,0.0,0,0,0,3,930.0,42,6,95.45,112,25.0,0.62,1.0,125.0,125.0,5.0,5.0,930.0,930.0,125.0,125.0,5.0,5.0
422.0,0,7,0,0,night,pa_6,E5,25.0,5,125.0,5,100.0,0.0,0,0,0,3,930.0,42,6,95.45,112,25.0,0.62,1.0,125.0,125.0,5.0,5.0,930.0,930.0,125.0,125.0,5.0,5.0
423.0,0,7,0,0,night,pa_6,E5,25.0,5,125.0,5,100.0,0.0,0,0,0,3,955.0,43,6,97.73,112,25.0,0.62,1.0,125.0,125.0,5.0,5.0,930.0,930.0,125.0,125.0,5.0,5.0
424.0,0,7,0,0,night,pa_6,E5,25.0,5,125.0,5,100.0,0.0,0,0,0,3,955.0,43,6,97.73,112,25.0,0.62,1.0,125.0,125.0,5.0,5.0,955.0,930.0,125.0,125.0,5.0,5.0
425.0,0,7,0,0,night,pa_6,E5,25.0,5,125.0,5,100.0,0.0,0,0,0,3,955.0,43,6,97.73,112,25.0,0.62,1.0,125.0,125.0,5.0,5.0,955.0,930.0,125.0,125.0,5.0,5.0
426.0,0,7,0,0,night,pa_6,E5,25.0,5,125.0,5,100.0,0.0,0,0,0,3,980.0,44,6,100.0,112,25.0,0.62,1.0,125.0,125.0,5.0,5.0,955.0,930.0,125.0,125.0,5.0,5.0
427.0,0,7,0,0,night,pa_6,E5,25.0,5,125.0,5,100.0,0.0,0,0,0,3,980.0,44,6,100.0,112,25.0,0.62,1.0,125.0,125.0,5.0,5.0,980.0,930.0,125.0,125.0,5.0,5.0
428.0,0,7,0,0,night,pa_6,E5,25.0,5,125.0,5,100.0,0.0,0,0,0,3,980.0,44,6,100.0,112,25.0,0.62,1.0,125.0,125.0,5.0,5.0,980.0,955.0,125.0,125.0,5.0,5.0
429.0,0,7,0,0,night,pa_6,E5,25.0,5,125.0,5,100.0,0.0,0,0,0,3,980.0,44,6,100.0,112,25.0,0.62,1.0,125.0,125.0,5.0,5.0,980.0,955.0,125.0,125.0,5.0,5.0
430.0,0,7,0,0,night,pa_6,E5,25.0,5,125.0,5,100.0,0.0,0,0,0,3,980.0,44,6,100.0,112,25.0,0.62,1.0,125.0,125.0,5.0,5.0,980.0,955.0,125.0,125.0,5.0,5.0
431.0,0,7,0,0,night,pa_6,E5,25.0,5,125.0,5,100.0,0.0,0,0,0,3,980.0,44,6,100.0,112,25.0,0.62,1.0,125.0,125.0,5.0,5.0,980.0,980.0,125.0,125.0,5.0,5.0
432.0,0,7,0,0,night,pa_6,E5,25.0,5,125.0,5,100.0,0.0,0,0,0,3,980.0,44,6,100.0,112,25.0,0.62,1.0,125.0,125.0,5.0,5.0,980.0,980.0,125.0,125.0,5.0,5.0
433.0,0,7,0,0,night,pa_6,E5,25.0,5,125.0,5,100.0,0.0,0,0,0,3,980.0,44,8,100.0,117,25.0,0.62,1.0,125.0,125.0,5.0,5.0,980.0,980.0,125.0,125.0,5.0,5.0
434.0,0,7,0,0,night,pa_6,E5,25.0,5,125.0,5,100.0,0.0,0,0,0,3,980.0,44,8,100.0,117,25.0,0.62,1.0,125.0,125.0,5.0,5.0,980.0,980.0,125.0,125.0,5.0,5.0
435.0,0,7,0,0,night,pa_6,E5,25.0,5,125.0,5,100.0,0.0,0,0,0,3,980.0,44,8,100.0,117,25.0,0.62,1.0,125.0,125.0,5.0,5.0,980.0,980.0,125.0,125.0,5.0,5.0
436.0,0,7,0,0,night,pa_6,E5,25.0,5,125.0,5,100.0,0.0,0,0,0,3,980.0,44,8,100.0,117,25.0,0.62,1.0,125.0,125.0,5.0,5.0,980.0,980.0,125.0,125.0,5.0,5.0
437.0,0,7,0,0,night,pa_6,E5,25.0,5,125.0,5,100.0,0.0,0,0,0,3,980.0,44,8,100.0,117,25.0,0.62,1.0,125.0,125.0,5.0,5.0,980.0,980.0,125.0,125.0,5.0,5.0
438.0,0,7,0,0,night,pa_6,E5,25.0,5,125.0,5,100.0,0.0,0,0,0,3,980.0,44,8,100.0,117,25.0,0.62,1.0,125.0,125.0,5.0,5.0,980.0,980.0,125.0,125.0,5.0,5.0
439.0,0,7,0,0,night,pa_6,E5,25.0,5,125.0,5,100.0,0.0,0,0,0,3,980.0,44,8,100.0,117,25.0,0.62,1.0,125.0,125.0,5.0,5.0,980.0,980.0,125.0,125.0,5.0,5.0
440.0,0,7,0,0,night,pa_6,E5,25.0,5,125.0,5,100.0,0.0,0,0,0,3,980.0,44,8,100.0,117,25.0,0.62,1.0,125.0,125.0,5.0,5.0,980.0,980.0,125.0,125.0,5.0,5.0
441.0,0,7,0,0,night,pa_6,E5,25.0,5,125.0,5,100.0,0.0,0,0,0,3,980.0,44,8,100.0,117,25.0,0.62,1.0,125.0,125.0,5.0,5.0,980.0,980.0,125.0,125.0,5.0,5.0
442.0,0,7,0,0,night,pa_6,E5,25.0,5,125.0,5,100.0,0.0,0,0,0,3,980.0,44,9,100.0,117,25.0,0.62,1.0,125.0,125.0,5.0,5.0,980.0,980.0,125.0,125.0,5.0,5.0
443.0,0,7,0,0,night,pa_6,E5,25.0,5,125.0,5,100.0,0.0,0,0,0,3,980.0,44,9,100.0,116,25.0,0.62,1.0,125.0,125.0,5.0,5.0,980.0,980.0,125.0,125.0,5.0,5.0
444.0,0,7,0,0,night,pa_6,E5,25.0,5,125.0,5,100.0,0.0,0,0,0,3,980.0,44,9,100.0,116,25.0,0.62,1.0,125.0,125.0,5.0,5.0,980.0,980.0,125.0,125.0,5.0,5.0
445.0,0,7,0,0,night,pa_6,E5,25.0,5,125.0,5,100.0,0.0,0,0,0,3,980.0,44,10,100.0,116,25.0,0.62,1.0,125.0,125.0,5.0,5.0,980.0,980.0,125.0,125.0,5.0,5.0
446.0,0,7,0,0,night,pa_6,E5,25.0,5,125.0,5,100.0,0.0,0,0,0,3,980.0,44,10,100.0,114,25.0,0.62,1.0,125.0,125.0,5.0,5.0,980.0,980.0,125.0,125.0,5.0,5.0
447.0,0,7,0,0,night,pa_6,E5,25.0,5,125.0,5,100.0,0.0,0,0,0,3,980.0,44,10,100.0,113,25.0,0.62,1.0,125.0,125.0,5.0,5.0,980.0,980.0,125.0,125.0,5.0,5.0
448.0,0,7,0,0,night,pa_6,E5,25.0,5,125.0,5,100.0,0.0,0,0,0,3,980.0,44,10,100.0,113,25.0,0.62,1.0,125.0,125.0,5.0,5.0,980.0,980.0,125.0,125.0,5.0,5.0
449.0,0,7,0,0,night,pa_6,E5,25.0,5,125.0,5,100.0,0.0,0,0,0,3,980.0,44,10,100.0,113,25.0,0.62,1.0,125.0,125.0,5.0,5.0,980.0,980.0,125.0,125.0,5.0,5.0
450.0,0,7,0,0,night,pa_6,E5,25.0,5,125.0,5,100.0,0.0,0,0,0,3,980.0,44,10,100.0,113,25.0,0.62,1.0,125.0,125.0,5.0,5.0,980.0,980.0,125.0,125.0,5.0,5.0
451.0,0,7,0,0,night,pa_6,E5,25.0,5,125.0,5,100.0,0.0,0,0,0,3,980.0,44,10,100.0,113,25.0,0.62,1.0,125.0,125.0,5.0,5.0,980.0,980.0,125.0,125.0,5.0,5.0
452.0,0,7,0,0,night,pa_6,E5,25.0,5,125.0,5,100.0,33.33,1,1,0,2,980.0,44,11,100.0,113,25.0,0.75,1.0,125.0,125.0,5.0,5.0,980.0,980.0,125.0,125.0,5.0,5.0
453.0,0,7,0,0,night,pa_6,E5,25.0,5,125.0,5,100.0,33.33,1,1,0,2,980.0,44,11,100.0,114,25.0,0.75,1.0,125.0,125.0,5.0,5.0,980.0,980.0,125.0,125.0,5.0,5.0
454.0,0,7,0,0,night,pa_6,E5,25.0,5,125.0,5,100.0,33.33,1,1,0,2,980.0,44,11,100.0,114,25.0,0.75,1.0,125.0,125.0,5.0,5.0,980.0,980.0,125.0,125.0,5.0,5.0
455.0,0,7,0,0,night,pa_6,E5,25.0,5,125.0,5,100.0,33.33,1,1,0,2,980.0,44,11,100.0,114,25.0,0.75,1.0,125.0,125.0,5.0,5.0,980.0,980.0,125.0,125.0,5.0,5.0
456.0,0,7,0,0,night,pa_6,E5,25.0,5,125.0,5,100.0,33.33,1,1,0,2,980.0,44,12,100.0,114,25.0,0.75,1.0,125.0,125.0,5.0,5.0,980.0,980.0,125.0,125.0,5.0,5.0
457.0,0,7,0,0,night,pa_6,E5,25.0,5,125.0,5,100.0,33.33,1,1,0,2,980.0,44,14,100.0,114,25.0,0.75,1.0,125.0,125.0,5.0,5.0,980.0,980.0,125.0,125.0,5.0,5.0
458.0,0,7,0,0,night,pa_6,E5,25.0,5,125.0,5,100.0,33.33,1,1,0,2,980.0,44,15,100.0,113,25.0,0.75,1.0,125.0,125.0,5.0,5.0,980.0,980.0,125.0,125.0,5.0,5.0
459.0,0,7,0,0,night,pa_6,E5,25.0,5,125.0,5,100.0,33.33,1,1,0,2,980.0,44,15,100.0,112,25.0,0.75,1.0,125.0,125.0,5.0,5.0,980.0,980.0,125.0,125.0,5.0,5.0
460.0,0,7,0,0,night,pa_6,E5,25.0,5,125.0,5,100.0,33.33,1,1,0,2,980.0,44,15,100.0,112,25.0,0.75,1.0,125.0,125.0,5.0,5.0,980.0,980.0,125.0,125.0,5.0,5.0
461.0,0,7,0,0,night,pa_6,E5,25.0,5,125.0,5,100.0,33.33,1,1,0,2,980.0,44,18,100.0,112,25.0,0.75,1.0,125.0,125.0,5.0,5.0,980.0,980.0,125.0,125.0,5.0,5.0
462.0,0,7,0,0,night,pa_6,E5,25.0,5,125.0,5,100.0,33.33,1,1,0,2,980.0,44,18,100.0,112,25.0,0.75,1.0,125.0,125.0,5.0,5.0,980.0,980.0,125.0,125.0,5.0,5.0
463.0,0,7,0,0,night,pa_6,E5,25.0,5,125.0,5,100.0,33.33,1,1,0,2,980.0,44,18,100.0,113,25.0,0.75,1.0,125.0,125.0,5.0,5.0,980.0,980.0,125.0,125.0,5.0,5.0
464.0,0,7,0,0,night,pa_6,E5,25.0,5,125.0,5,100.0,33.33,1,1,0,2,980.0,44,18,100.0,113,25.0,0.75,1.0,125.0,125.0,5.0,5.0,980.0,980.0,125.0,125.0,5.0,5.0
465.0,0,7,0,0,night,pa_6,E5,25.0,5,125.0,5,100.0,33.33,1,1,0,2,980.0,44,18,100.0,112,25.0,0.75,1.0,125.0,125.0,5.0,5.0,980.0,980.0,125.0,125.0,5.0,5.0
466.0,0,7,0,0,night,pa_6,E5,25.0,5,125.0,5,100.0,33.33,1,1,0,2,980.0,44,18,100.0,111,25.0,0.75,1.0,125.0,125.0,5.0,5.0,980.0,980.0,125.0,125.0,5.0,5.0
467.0,0,7,0,0,night,pa_6,E5,25.0,5,125.0,5,100.0,33.33,1,1,0,2,980.0,44,18,100.0,110,25.0,0.75,1.0,125.0,125.0,5.0,5.0,980.0,980.0,125.0,125.0,5.0,5.0
468.0,0,7,0,0,night,pa_6,E5,25.0,5,125.0,5,100.0,33.33,1,1,0,2,980.0,44,19,100.0,110,25.0,0.75,1.0,125.0,125.0,5.0,5.0,980.0,980.0,125.0,125.0,5.0,5.0
469.0,0,7,0,0,night,pa_6,E5,25.0,5,125.0,5,100.0,33.33,1,1,0,2,980.0,44,19,100.0,110,25.0,0.75,1.0,125.0,125.0,5.0,5.0,980.0,980.0,125.0,125.0,5.0,5.0
470.0,0,7,0,0,night,pa_6,E5,25.0,5,125.0,5,100.0,33.33,1,1,0,2,980.0,44,19,100.0,110,25.0,0.75,1.0,125.0,125.0,5.0,5.0,980.0,980.0,125.0,125.0,5.0,5.0
471.0,0,7,0,0,night,pa_6,E5,25.0,5,125.0,5,100.0,33.33,1,1,0,2,980.0,44,19,100.0,109,25.0,0.75,1.0,125.0,125.0,5.0,5.0,980.0,980.0,125.0,125.0,5.0,5.0
472.0,0,7,0,0,night,pa_6,E5,25.0,5,125.0,5,100.0,33.33,1,1,0,2,980.0,44,19,100.0,108,25.0,0.75,1.0,125.0,125.0,5.0,5.0,980.0,980.0,125.0,125.0,5.0,5.0
473.0,0,7,0,0,night,pa_6,E5,25.0,5,125.0,5,100.0,33.33,1,1,0,2,980.0,44,19,100.0,108,25.0,0.75,1.0,125.0,125.0,5.0,5.0,980.0,980.0,125.0,125.0,5.0,5.0
474.0,0,7,0,0,night,pa_6,E5,25.0,5,125.0,5,100.0,33.33,1,1,0,2,980.0,44,19,100.0,108,25.0,0.75,1.0,125.0,125.0,5.0,5.0,980.0,980.0,125.0,125.0,5.0,5.0
475.0,0,7,0,0,night,pa_6,E5,25.0,5,125.0,5,100.0,33.33,1,1,0,2,980.0,44,20,100.0,108,25.0,0.75,1.0,125.0,125.0,5.0,5.0,980.0,980.0,125.0,125.0,5.0,5.0
476.0,0,7,0,0,night,pa_6,E5,25.0,5,125.0,5,100.0,33.33,1,1,0,2,980.0,44,20,100.0,108,25.0,0.75,1.0,125.0,125.0,5.0,5.0,980.0,980.0,125.0,125.0,5.0,5.0
477.0,0,7,0,0,night,pa_6,E5,25.0,5,125.0,5,100.0,33.33,1,1,0,2,980.0,44,20,100.0,108,25.0,0.75,1.0,125.0,125.0,5.0,5.0,980.0,980.0,125.0,125.0,5.0,5.0
478.0,0,7,0,0,night,pa_6,E5,25.0,5,125.0,5,100.0,66.67,2,2,0,1,980.0,44,21,100.0,107,25.0,0.88,1.0,125.0,125.0,5.0,5.0,980.0,980.0,125.0,125.0,5.0,5.0
479.0,0,7,0,0,night,pa_6,E5,25.0,5,125.0,5,100.0,66.67,2,2,0,1,980.0,44,21,100.0,107,25.0,0.88,1.0,125.0,125.0,5.0,5.0,980.0,980.0,125.0,125.0,5.0,5.0
480.0,0,8,0,0,night,pa_6,E5,25.0,5,125.0,5,100.0,66.67,2,2,0,1,980.0,44,21,100.0,106,25.0,0.88,1.0,125.0,125.0,5.0,5.0,980.0,980.0,125.0,125.0,5.0,5.0
481.0,0,8,0,0,night,pa_6,E5,25.0,5,125.0,5,100.0,66.67,2,2,0,1,980.0,44,21,100.0,110,25.0,0.88,1.0,125.0,125.0,5.0,5.0,980.0,980.0,125.0,125.0,5.0,5.0
482.0,0,8,0,0,night,pa_6,E5,25.0,5,125.0,5,100.0,66.67,2,2,0,1,980.0,44,21,100.0,110,25.0,0.88,1.0,125.0,125.0,5.0,5.0,980.0,980.0,125.0,125.0,5.0,5.0
483.0,0,8,0,0,night,pa_6,E5,25.0,5,125.0,5,100.0,66.67,2,2,0,1,980.0,44,21,100.0,112,25.0,0.88,1.0,125.0,125.0,5.0,5.0,980.0,980.0,125.0,125.0,5.0,5.0
484.0,0,8,0,0,night,pa_6,E5,25.0,5,125.0,5,100.0,66.67,2,2,0,1,980.0,44,21,100.0,112,25.0,0.88,1.0,125.0,125.0,5.0,5.0,980.0,980.0,125.0,125.0,5.0,5.0
485.0,0,8,0,0,night,pa_6,E5,25.0,5,125.0,5,100.0,66.67,2,2,0,1,980.0,44,22,100.0,112,25.0,0.88,1.0,125.0,125.0,5.0,5.0,980.0,980.0,125.0,125.0,5.0,5.0
486.0,0,8,0,0,night,pa_6,E5,25.0,5,125.0,5,100.0,66.67,2,2,0,1,980.0,44,22,100.0,113,25.0,0.88,1.0,125.0,125.0,5.0,5.0,980.0,980.0,125.0,125.0,5.0,5.0
487.0,0,8,0,0,night,pa_6,E5,25.0,5,125.0,5,100.0,66.67,2,2,0,1,980.0,44,22,100.0,112,25.0,0.88,1.0,125.0,125.0,5.0,5.0,980.0,980.0,125.0,125.0,5.0,5.0
488.0,0,8,0,0,night,pa_6,E5,25.0,5,125.0,5,100.0,66.67,2,2,0,1,980.0,44,23,100.0,113,25.0,0.88,1.0,125.0,125.0,5.0,5.0,980.0,980.0,125.0,125.0,5.0,5.0
489.0,0,8,0,0,night,pa_6,E5,25.0,5,125.0,5,100.0,66.67,2,2,0,1,980.0,44,23,100.0,113,25.0,0.88,1.0,125.0,125.0,5.0,5.0,980.0,980.0,125.0,125.0,5.0,5.0
490.0,0,8,0,0,night,pa_6,E5,25.0,5,125.0,5,100.0,66.67,2,2,0,1,980.0,44,23,100.0,113,25.0,0.88,1.0,125.0,125.0,5.0,5.0,980.0,980.0,125.0,125.0,5.0,5.0
491.0,0,8,0,0,night,pa_6,E5,25.0,5,125.0,5,100.0,66.67,2,2,0,1,980.0,44,23,100.0,113,25.0,0.88,1.0,125.0,125.0,5.0,5.0,980.0,980.0,125.0,125.0,5.0,5.0
492.0,0,8,0,0,night,pa_6,E5,25.0,5,125.0,5,100.0,66.67,2,2,0,1,980.0,44,23,100.0,113,25.0,0.88,1.0,125.0,125.0,5.0,5.0,980.0,980.0,125.0,125.0,5.0,5.0
493.0,0,8,0,0,night,pa_6,E5,25.0,5,125.0,5,100.0,66.67,2,2,0,1,980.0,44,24,100.0,113,25.0,0.88,1.0,125.0,125.0,5.0,5.0,980.0,980.0,125.0,125.0,5.0,5.0
494.0,0,8,0,0,night,pa_6,E5,25.0,5,125.0,5,100.0,66.67,2,2,0,1,980.0,44,24,100.0,113,25.0,0.88,1.0,125.0,125.0,5.0,5.0,980.0,980.0,125.0,125.0,5.0,5.0
495.0,0,8,0,0,night,pa_6,E5,25.0,5,125.0,5,100.0,66.67,2,2,0,1,980.0,44,24,100.0,113,25.0,0.88,1.0,125.0,125.0,5.0,5.0,980.0,980.0,125.0,125.0,5.0,5.0
496.0,0,8,0,0,night,pa_6,E5,25.0,5,125.0,5,100.0,66.67,2,2,0,1,980.0,44,25,100.0,113,25.0,0.88,1.0,125.0,125.0,5.0,5.0,980.0,980.0,125.0,125.0,5.0,5.0
497.0,0,8,0,0,night,pa_6,E5,25.0,5,125.0,5,100.0,66.67,2,2,0,1,980.0,44,26,100.0,113,25.0,0.88,1.0,125.0,125.0,5.0,5.0,980.0,980.0,125.0,125.0,5.0,5.0
498.0,0,8,0,0,night,pa_6,E5,25.0,5,125.0,5,100.0,66.67,2,2,0,1,980.0,44,27,100.0,112,25.0,0.88,1.0,125.0,125.0,5.0,5.0,980.0,980.0,125.0,125.0,5.0,5.0
499.0,0,8,0,0,night,pa_6,E5,25.0,5,125.0,5,100.0,66.67,2,2,0,1,980.0,44,27,100.0,112,25.0,0.88,1.0,125.0,125.0,5.0,5.0,980.0,980.0,125.0,125.0,5.0,5.0
500.0,0,8,0,0,night,pa_6,E5,25.0,5,125.0,5,100.0,66.67,2,2,0,1,980.0,44,27,100.0,112,25.0,0.88,1.0,125.0,125.0,5.0,5.0,980.0,980.0,125.0,125.0,5.0,5.0
501.0,0,8,0,0,night,pa_6,E5,25.0,5,125.0,5,100.0,66.67,2,2,0,1,980.0,44,27,100.0,111,25.0,0.88,1.0,125.0,125.0,5.0,5.0,980.0,980.0,125.0,125.0,5.0,5.0
502.0,0,8,0,0,night,pa_6,E5,25.0,5,125.0,5,100.0,66.67,2,2,0,1,980.0,44,27,100.0,110,25.0,0.88,1.0,125.0,125.0,5.0,5.0,980.0,980.0,125.0,125.0,5.0,5.0
503.0,0,8,0,0,night,pa_6,E5,25.0,5,125.0,5,100.0,66.67,2,2,0,1,980.0,44,27,100.0,110,25.0,0.88,1.0,125.0,125.0,5.0,5.0,980.0,980.0,125.0,125.0,5.0,5.0
504.0,0,8,0,0,night,pa_6,E5,25.0,5,125.0,5,100.0,66.67,2,2,0,1,980.0,44,27,100.0,110,25.0,0.88,1.0,125.0,125.0,5.0,5.0,980.0,980.0,125.0,125.0,5.0,5.0
505.0,0,8,0,0,night,pa_6,E5,25.0,5,125.0,5,100.0,66.67,2,2,0,1,980.0,44,27,100.0,112,25.0,0.88,1.0,125.0,125.0,5.0,5.0,980.0,980.0,125.0,125.0,5.0,5.0
506.0,0,8,0,0,night,pa_6,E5,25.0,5,125.0,5,100.0,66.67,2,2,0,1,980.0,44,27,100.0,112,25.0,0.88,1.0,125.0,125.0,5.0,5.0,980.0,980.0,125.0,125.0,5.0,5.0
507.0,0,8,0,0,night,pa_6,E5,25.0,5,125.0,5,100.0,66.67,2,2,0,1,980.0,44,27,100.0,112,25.0,0.88,1.0,125.0,125.0,5.0,5.0,980.0,980.0,125.0,125.0,5.0,5.0
508.0,0,8,0,0,night,pa_6,E5,25.0,5,125.0,5,100.0,66.67,2,2,0,1,980.0,44,27,100.0,112,25.0,0.88,1.0,125.0,125.0,5.0,5.0,980.0,980.0,125.0,125.0,5.0,5.0
509.0,0,8,0,0,night,pa_6,E5,25.0,5,125.0,5,100.0,66.67,2,2,0,1,980.0,44,27,100.0,112,25.0,0.88,1.0,125.0,125.0,5.0,5.0,980.0,980.0,125.0,125.0,5.0,5.0
510.0,0,8,0,0,night,pa_6,E5,25.0,5,125.0,5,100.0,66.67,2,2,0,1,980.0,44,27,100.0,112,25.0,0.88,1.0,125.0,125.0,5.0,5.0,980.0,980.0,125.0,125.0,5.0,5.0
511.0,0,8,0,0,night,pa_6,E5,25.0,5,125.0,5,100.0,66.67,2,2,0,1,980.0,44,27,100.0,111,25.0,0.88,1.0,125.0,125.0,5.0,5.0,980.0,980.0,125.0,125.0,5.0,5.0
512.0,0,8,0,0,night,pa_6,E5,25.0,5,125.0,5,100.0,66.67,2,2,0,1,980.0,44,28,100.0,111,25.0,0.88,1.0,125.0,125.0,5.0,5.0,980.0,980.0,125.0,125.0,5.0,5.0
513.0,0,8,0,0,night,pa_6,E5,25.0,5,125.0,5,100.0,66.67,2,2,0,1,980.0,44,28,100.0,111,25.0,0.88,1.0,125.0,125.0,5.0,5.0,980.0,980.0,125.0,125.0,5.0,5.0
514.0,0,8,0,0,night,pa_6,E5,25.0,5,125.0,5,100.0,66.67,2,2,0,1,980.0,44,28,100.0,111,25.0,0.88,1.0,125.0,125.0,5.0,5.0,980.0,980.0,125.0,125.0,5.0,5.0
515.0,0,8,0,0,night,pa_6,E5,25.0,5,125.0,5,100.0,66.67,2,2,0,1,980.0,44,28,100.0,115,25.0,0.88,1.0,125.0,125.0,5.0,5.0,980.0,980.0,125.0,125.0,5.0,5.0
516.0,0,8,0,0,night,pa_6,E5,25.0,5,125.0,5,100.0,66.67,2,2,0,1,980.0,44,28,100.0,115,25.0,0.88,1.0,125.0,125.0,5.0,5.0,980.0,980.0,125.0,125.0,5.0,5.0
517.0,0,8,0,0,night,pa_6,E5,25.0,5,125.0,5,100.0,66.67,2,2,0,1,980.0,44,28,100.0,115,25.0,0.88,1.0,125.0,125.0,5.0,5.0,980.0,980.0,125.0,125.0,5.0,5.0
518.0,0,8,0,0,night,pa_6,E5,25.0,5,125.0,5,100.0,66.67,2,2,0,1,980.0,44,28,100.0,114,25.0,0.88,1.0,125.0,125.0,5.0,5.0,980.0,980.0,125.0,125.0,5.0,5.0
519.0,0,8,0,0,night,pa_6,E5,25.0,5,125.0,5,100.0,66.67,2,2,0,1,980.0,44,28,100.0,114,25.0,0.88,1.0,125.0,125.0,5.0,5.0,980.0,980.0,125.0,125.0,5.0,5.0
520.0,0,8,0,0,night,pa_6,E5,25.0,5,125.0,5,100.0,66.67,2,2,0,1,980.0,44,28,100.0,114,25.0,0.88,1.0,125.0,125.0,5.0,5.0,980.0,980.0,125.0,125.0,5.0,5.0
521.0,0,8,0,0,night,pa_6,E5,25.0,5,125.0,5,100.0,66.67,2,2,0,1,980.0,44,28,100.0,115,25.0,0.88,1.0,125.0,125.0,5.0,5.0,980.0,980.0,125.0,125.0,5.0,5.0
522.0,0,8,0,0,night,pa_6,E5,25.0,5,125.0,5,100.0,66.67,2,2,0,1,980.0,44,28,100.0,115,25.0,0.88,1.0,125.0,125.0,5.0,5.0,980.0,980.0,125.0,125.0,5.0,5.0
523.0,0,8,0,0,night,pa_6,E5,25.0,5,125.0,5,100.0,66.67,2,2,0,1,980.0,44,28,100.0,115,25.0,0.88,1.0,125.0,125.0,5.0,5.0,980.0,980.0,125.0,125.0,5.0,5.0
524.0,0,8,0,0,night,pa_6,E5,25.0,5,125.0,5,100.0,66.67,2,2,0,1,980.0,44,28,100.0,115,25.0,0.88,1.0,125.0,125.0,5.0,5.0,980.0,980.0,125.0,125.0,5.0,5.0
525.0,0,8,0,0,night,pa_6,E5,25.0,5,125.0,5,100.0,66.67,2,2,0,1,980.0,44,29,100.0,115,25.0,0.88,1.0,125.0,125.0,5.0,5.0,980.0,980.0,125.0,125.0,5.0,5.0
526.0,0,8,0,0,night,pa_6,E5,25.0,5,125.0,5,100.0,66.67,2,2,0,1,980.0,44,29,100.0,115,25.0,0.88,1.0,125.0,125.0,5.0,5.0,980.0,980.0,125.0,125.0,5.0,5.0
527.0,0,8,0,0,night,pa_6,E5,25.0,5,125.0,5,100.0,66.67,2,2,0,1,980.0,44,29,100.0,114,25.0,0.88,1.0,125.0,125.0,5.0,5.0,980.0,980.0,125.0,125.0,5.0,5.0
528.0,0,8,0,0,night,pa_6,E5,25.0,5,125.0,5,100.0,66.67,2,2,0,1,980.0,44,29,100.0,114,25.0,0.88,1.0,125.0,125.0,5.0,5.0,980.0,980.0,125.0,125.0,5.0,5.0
529.0,0,8,0,0,night,pa_6,E5,25.0,5,125.0,5,100.0,66.67,2,2,0,1,980.0,44,29,100.0,114,25.0,0.88,1.0,125.0,125.0,5.0,5.0,980.0,980.0,125.0,125.0,5.0,5.0
530.0,0,8,0,0,night,pa_6,E5,25.0,5,125.0,5,100.0,66.67,2,2,0,1,980.0,44,29,100.0,113,25.0,0.88,1.0,125.0,125.0,5.0,5.0,980.0,980.0,125.0,125.0,5.0,5.0
531.0,0,8,0,0,night,pa_6,E5,25.0,5,125.0,5,100.0,66.67,2,2,0,1,980.0,44,29,100.0,113,25.0,0.88,1.0,125.0,125.0,5.0,5.0,980.0,980.0,125.0,125.0,5.0,5.0
532.0,0,8,0,0,night,pa_6,E5,25.0,5,125.0,5,100.0,66.67,2,2,0,1,980.0,44,29,100.0,113,25.0,0.88,1.0,125.0,125.0,5.0,5.0,980.0,980.0,125.0,125.0,5.0,5.0
533.0,0,8,0,0,night,pa_6,E5,25.0,5,125.0,5,100.0,66.67,2,2,0,1,980.0,44,30,100.0,113,25.0,0.88,1.0,125.0,125.0,5.0,5.0,980.0,980.0,125.0,125.0,5.0,5.0
534.0,0,8,0,0,night,pa_6,E5,25.0,5,125.0,5,100.0,66.67,2,2,0,1,980.0,44,30,100.0,113,25.0,0.88,1.0,125.0,125.0,5.0,5.0,980.0,980.0,125.0,125.0,5.0,5.0
535.0,0,8,0,0,night,pa_6,E5,25.0,5,125.0,5,100.0,66.67,2,2,0,1,980.0,44,30,100.0,112,25.0,0.88,1.0,125.0,125.0,5.0,5.0,980.0,980.0,125.0,125.0,5.0,5.0
536.0,0,8,0,0,night,pa_6,E5,25.0,5,125.0,5,100.0,66.67,2,2,0,1,980.0,44,30,100.0,112,25.0,0.88,1.0,125.0,125.0,5.0,5.0,980.0,980.0,125.0,125.0,5.0,5.0
537.0,0,8,0,0,night,pa_6,E5,25.0,5,125.0,5,100.0,66.67,2,2,0,1,980.0,44,30,100.0,112,25.0,0.88,1.0,125.0,125.0,5.0,5.0,980.0,980.0,125.0,125.0,5.0,5.0
538.0,0,8,0,0,night,pa_6,E5,25.0,5,125.0,5,100.0,66.67,2,2,0,1,980.0,44,30,100.0,112,25.0,0.88,1.0,125.0,125.0,5.0,5.0,980.0,980.0,125.0,125.0,5.0,5.0
539.0,0,8,0,0,night,pa_6,E5,25.0,5,125.0,5,100.0,66.67,2,2,0,1,980.0,44,30,100.0,112,25.0,0.88,1.0,125.0,125.0,5.0,5.0,980.0,980.0,125.0,125.0,5.0,5.0
540.0,0,9,0,0,night,pa_6,E5,25.0,5,125.0,5,100.0,100.0,3,3,0,0,980.0,44,31,100.0,112,25.0,1.0,1.0,125.0,125.0,5.0,5.0,980.0,980.0,125.0,125.0,5.0,5.0
541.0,0,9,0,0,night,pa_6,E5,25.0,5,125.0,5,100.0,100.0,3,3,0,0,980.0,44,31,100.0,115,25.0,1.0,1.0,125.0,125.0,5.0,5.0,980.0,980.0,125.0,125.0,5.0,5.0
542.0,0,9,0,0,night,pa_6,E5,25.0,5,125.0,5,100.0,100.0,3,3,0,0,980.0,44,31,100.0,115,25.0,1.0,1.0,125.0,125.0,5.0,5.0,980.0,980.0,125.0,125.0,5.0,5.0
543.0,0,9,0,0,night,pa_6,E5,25.0,5,125.0,5,100.0,100.0,3,3,0,0,980.0,44,32,100.0,117,25.0,1.0,1.0,125.0,125.0,5.0,5.0,980.0,980.0,125.0,125.0,5.0,5.0
544.0,0,9,0,0,night,pa_6,E5,25.0,5,125.0,5,100.0,100.0,3,3,0,0,980.0,44,32,100.0,117,25.0,1.0,1.0,125.0,125.0,5.0,5.0,980.0,980.0,125.0,125.0,5.0,5.0
545.0,0,9,0,0,night,pa_6,E5,25.0,5,125.0,5,100.0,100.0,3,3,0,0,980.0,44,32,100.0,117,25.0,1.0,1.0,125.0,125.0,5.0,5.0,980.0,980.0,125.0,125.0,5.0,5.0
546.0,0,9,0,0,night,pa_6,E5,25.0,5,125.0,5,100.0,100.0,3,3,0,0,980.0,44,32,100.0,117,25.0,1.0,1.0,125.0,125.0,5.0,5.0,980.0,980.0,125.0,125.0,5.0,5.0
547.0,0,9,0,0,night,pa_6,E5,25.0,5,125.0,5,100.0,100.0,3,3,0,0,980.0,44,32,100.0,118,25.0,1.0,1.0,125.0,125.0,5.0,5.0,980.0,980.0,125.0,125.0,5.0,5.0
548.0,0,9,0,0,night,pa_6,E5,25.0,5,125.0,5,100.0,100.0,3,3,0,0,980.0,44,34,100.0,117,25.0,1.0,1.0,125.0,125.0,5.0,5.0,980.0,980.0,125.0,125.0,5.0,5.0
549.0,0,9,0,0,night,pa_6,E5,25.0,5,125.0,5,100.0,100.0,3,3,0,0,980.0,44,35,100.0,116,25.0,1.0,1.0,125.0,125.0,5.0,5.0,980.0,980.0,125.0,125.0,5.0,5.0
550.0,0,9,0,0,night,pa_6,E5,25.0,5,125.0,5,100.0,100.0,3,3,0,0,980.0,44,39,100.0,116,25.0,1.0,1.0,125.0,125.0,5.0,5.0,980.0,980.0,125.0,125.0,5.0,5.0
551.0,0,9,0,0,night,pa_6,E5,25.0,5,125.0,5,100.0,100.0,3,3,0,0,980.0,44,39,100.0,116,25.0,1.0,1.0,125.0,125.0,5.0,5.0,980.0,980.0,125.0,125.0,5.0,5.0
552.0,0,9,0,0,night,pa_6,E5,25.0,5,125.0,5,100.0,100.0,3,3,0,0,980.0,44,40,100.0,116,25.0,1.0,1.0,125.0,125.0,5.0,5.0,980.0,980.0,125.0,125.0,5.0,5.0
553.0,0,9,0,0,night,pa_6,E5,25.0,5,125.0,5,100.0,100.0,3,3,0,0,980.0,44,40,100.0,116,25.0,1.0,1.0,125.0,125.0,5.0,5.0,980.0,980.0,125.0,125.0,5.0,5.0
554.0,0,9,0,0,night,pa_6,E5,25.0,5,125.0,5,100.0,100.0,3,3,0,0,980.0,44,40,100.0,116,25.0,1.0,1.0,125.0,125.0,5.0,5.0,980.0,980.0,125.0,125.0,5.0,5.0
555.0,0,9,0,0,night,pa_6,E5,25.0,5,125.0,5,100.0,100.0,3,3,0,0,980.0,44,40,100.0,115,25.0,1.0,1.0,125.0,125.0,5.0,5.0,980.0,980.0,125.0,125.0,5.0,5.0
556.0,0,9,0,0,night,pa_6,E5,25.0,5,125.0,5,100.0,100.0,3,3,0,0,980.0,44,40,100.0,115,25.0,1.0,1.0,125.0,125.0,5.0,5.0,980.0,980.0,125.0,125.0,5.0,5.0
557.0,0,9,0,0,night,pa_6,E5,25.0,5,125.0,5,100.0,100.0,3,3,0,0,980.0,44,40,100.0,114,25.0,1.0,1.0,125.0,125.0,5.0,5.0,980.0,980.0,125.0,125.0,5.0,5.0
558.0,0,9,0,0,night,pa_6,E5,25.0,5,125.0,5,100.0,100.0,3,3,0,0,980.0,44,40,100.0,114,25.0,1.0,1.0,125.0,125.0,5.0,5.0,980.0,980.0,125.0,125.0,5.0,5.0
559.0,0,9,0,0,night,pa_6,E5,25.0,5,125.0,5,100.0,100.0,3,3,0,0,980.0,44,40,100.0,113,25.0,1.0,1.0,125.0,125.0,5.0,5.0,980.0,980.0,125.0,125.0,5.0,5.0
560.0,0,9,0,0,night,pa_6,E5,25.0,5,125.0,5,100.0,100.0,3,3,0,0,980.0,44,40,100.0,113,25.0,1.0,1.0,125.0,125.0,5.0,5.0,980.0,980.0,125.0,125.0,5.0,5.0
561.0,0,9,0,0,night,pa_6,E5,25.0,5,125.0,5,100.0,133.33,4,4,0,-1,980.0,44,41,100.0,115,25.0,1.12,1.0,125.0,125.0,5.0,5.0,980.0,980.0,125.0,125.0,5.0,5.0
562.0,0,9,0,0,night,pa_6,E5,25.0,5,125.0,5,100.0,133.33,4,4,0,-1,980.0,44,41,100.0,115,25.0,1.12,1.0,125.0,125.0,5.0,5.0,980.0,980.0,125.0,125.0,5.0,5.0
563.0,0,9,0,0,night,pa_6,E5,25.0,5,125.0,5,100.0,133.33,4,4,0,-1,980.0,44,41,100.0,115,25.0,1.12,1.0,125.0,125.0,5.0,5.0,980.0,980.0,125.0,125.0,5.0,5.0
564.0,0,9,0,0,night,pa_6,E5,25.0,5,125.0,5,100.0,133.33,4,4,0,-1,980.0,44,41,100.0,114,25.0,1.12,1.0,125.0,125.0,5.0,5.0,980.0,980.0,125.0,125.0,5.0,5.0
565.0,0,9,0,0,night,pa_6,E5,25.0,5,125.0,5,100.0,133.33,4,4,0,-1,980.0,44,42,100.0,114,25.0,1.12,1.0,125.0,125.0,5.0,5.0,980.0,980.0,125.0,125.0,5.0,5.0
566.0,0,9,0,0,night,pa_6,E5,25.0,5,125.0,5,100.0,133.33,4,4,0,-1,980.0,44,42,100.0,116,25.0,1.12,1.0,125.0,125.0,5.0,5.0,980.0,980.0,125.0,125.0,5.0,5.0
567.0,0,9,0,0,night,pa_6,E5,25.0,5,125.0,5,100.0,133.33,4,4,0,-1,980.0,44,42,100.0,116,25.0,1.12,1.0,125.0,125.0,5.0,5.0,980.0,980.0,125.0,125.0,5.0,5.0
568.0,0,9,0,0,night,pa_6,E5,25.0,5,125.0,5,100.0,133.33,4,4,0,-1,980.0,44,42,100.0,116,25.0,1.12,1.0,125.0,125.0,5.0,5.0,980.0,980.0,125.0,125.0,5.0,5.0
569.0,0,9,0,0,night,pa_6,E5,25.0,5,125.0,5,100.0,133.33,4,4,0,-1,980.0,44,42,100.0,114,25.0,1.12,1.0,125.0,125.0,5.0,5.0,980.0,980.0,125.0,125.0,5.0,5.0
570.0,0,9,0,0,night,pa_6,E5,25.0,5,125.0,5,100.0,133.33,4,4,0,-1,980.0,44,42,100.0,114,25.0,1.12,1.0,125.0,125.0,5.0,5.0,980.0,980.0,125.0,125.0,5.0,5.0
571.0,0,9,0,0,night,pa_6,E5,25.0,5,125.0,5,100.0,133.33,4,4,0,-1,980.0,44,42,100.0,114,25.0,1.12,1.0,125.0,125.0,5.0,5.0,980.0,980.0,125.0,125.0,5.0,5.0
572.0,0,9,0,0,night,pa_6,E5,25.0,5,125.0,5,100.0,133.33,4,4,0,-1,980.0,44,42,100.0,114,25.0,1.12,1.0,125.0,125.0,5.0,5.0,980.0,980.0,125.0,125.0,5.0,5.0
573.0,0,9,0,0,night,pa_6,E5,25.0,5,125.0,5,100.0,133.33,4,4,0,-1,980.0,44,42,100.0,112,25.0,1.12,1.0,125.0,125.0,5.0,5.0,980.0,980.0,125.0,125.0,5.0,5.0
574.0,0,9,0,0,night,pa_6,E5,25.0,5,125.0,5,100.0,133.33,4,4,0,-1,980.0,44,42,100.0,112,25.0,1.12,1.0,125.0,125.0,5.0,5.0,980.0,980.0,125.0,125.0,5.0,5.0
575.0,0,9,0,0,night,pa_6,E5,25.0,5,125.0,5,100.0,133.33,4,4,0,-1,980.0,44,42,100.0,111,25.0,1.12,1.0,125.0,125.0,5.0,5.0,980.0,980.0,125.0,125.0,5.0,5.0
576.0,0,9,0,0,night,pa_6,E5,25.0,5,125.0,5,100.0,133.33,4,4,0,-1,980.0,44,42,100.0,110,25.0,1.12,1.0,125.0,125.0,5.0,5.0,980.0,980.0,125.0,125.0,5.0,5.0
577.0,0,9,0,0,night,pa_6,E5,25.0,5,125.0,5,100.0,133.33,4,4,0,-1,980.0,44,42,100.0,114,25.0,1.12,1.0,125.0,125.0,5.0,5.0,980.0,980.0,125.0,125.0,5.0,5.0
578.0,0,9,0,0,night,pa_6,E5,25.0,5,125.0,5,100.0,133.33,4,4,0,-1,980.0,44,42,100.0,114,25.0,1.12,1.0,125.0,125.0,5.0,5.0,980.0,980.0,125.0,125.0,5.0,5.0
579.0,0,9,0,0,night,pa_6,E5,25.0,5,125.0,5,100.0,133.33,4,4,0,-1,980.0,44,42,100.0,114,25.0,1.12,1.0,125.0,125.0,5.0,5.0,980.0,980.0,125.0,125.0,5.0,5.0
580.0,0,9,0,0,night,pa_6,E5,25.0,5,125.0,5,100.0,133.33,4,4,0,-1,980.0,44,42,100.0,114,25.0,1.12,1.0,125.0,125.0,5.0,5.0,980.0,980.0,125.0,125.0,5.0,5.0
581.0,0,9,0,0,night,pa_6,E5,25.0,5,125.0,5,100.0,133.33,4,4,0,-1,980.0,44,42,100.0,114,25.0,1.12,1.0,125.0,125.0,5.0,5.0,980.0,980.0,125.0,125.0,5.0,5.0
582.0,0,9,0,0,night,pa_6,E5,25.0,5,125.0,5,100.0,133.33,4,4,0,-1,980.0,44,43,100.0,114,25.0,1.12,1.0,125.0,125.0,5.0,5.0,980.0,980.0,125.0,125.0,5.0,5.0
583.0,0,9,0,0,night,pa_6,E5,25.0,5,125.0,5,100.0,133.33,4,4,0,-1,980.0,44,43,100.0,114,25.0,1.12,1.0,125.0,125.0,5.0,5.0,980.0,980.0,125.0,125.0,5.0,5.0
584.0,0,9,0,0,night,pa_6,E5,25.0,5,125.0,5,100.0,133.33,4,4,0,-1,980.0,44,43,100.0,113,25.0,1.12,1.0,125.0,125.0,5.0,5.0,980.0,980.0,125.0,125.0,5.0,5.0
585.0,0,9,0,0,night,pa_6,E5,25.0,5,125.0,5,100.0,133.33,4,4,0,-1,980.0,44,43,100.0,113,25.0,1.12,1.0,125.0,125.0,5.0,5.0,980.0,980.0,125.0,125.0,5.0,5.0
586.0,0,9,0,0,night,pa_6,E5,25.0,5,125.0,5,100.0,133.33,4,4,0,-1,980.0,44,43,100.0,114,25.0,1.12,1.0,125.0,125.0,5.0,5.0,980.0,980.0,125.0,125.0,5.0,5.0
587.0,0,9,0,0,night,pa_6,E5,25.0,5,125.0,5,100.0,133.33,4,4,0,-1,980.0,44,44,100.0,114,25.0,1.12,1.0,125.0,125.0,5.0,5.0,980.0,980.0,125.0,125.0,5.0,5.0
588.0,0,9,0,0,night,pa_6,E5,25.0,5,125.0,5,100.0,133.33,4,4,0,-1,980.0,44,44,100.0,113,25.0,1.12,1.0,125.0,125.0,5.0,5.0,980.0,980.0,125.0,125.0,5.0,5.0
589.0,0,9,0,0,night,pa_6,E5,25.0,5,125.0,5,100.0,133.33,4,4,0,-1,980.0,44,44,100.0,113,25.0,1.12,1.0,125.0,125.0,5.0,5.0,980.0,980.0,125.0,125.0,5.0,5.0
590.0,0,9,0,0,night,pa_6,E5,25.0,5,125.0,5,100.0,133.33,4,4,0,-1,980.0,44,44,100.0,113,25.0,1.12,1.0,125.0,125.0,5.0,5.0,980.0,980.0,125.0,125.0,5.0,5.0
591.0,0,9,0,0,night,pa_6,E5,25.0,5,125.0,5,100.0,133.33,4,4,0,-1,980.0,44,44,100.0,113,25.0,1.12,1.0,125.0,125.0,5.0,5.0,980.0,980.0,125.0,125.0,5.0,5.0
592.0,0,9,0,0,night,pa_6,E5,25.0,5,125.0,5,100.0,133.33,4,4,0,-1,980.0,44,44,100.0,113,25.0,1.12,1.0,125.0,125.0,5.0,5.0,980.0,980.0,125.0,125.0,5.0,5.0
593.0,0,9,0,0,night,pa_6,E5,25.0,5,125.0,5,100.0,133.33,4,4,0,-1,980.0,44,44,100.0,113,25.0,1.12,1.0,125.0,125.0,5.0,5.0,980.0,980.0,125.0,125.0,5.0,5.0
594.0,0,9,0,0,night,pa_6,E5,25.0,5,125.0,5,100.0,133.33,4,4,0,-1,980.0,44,44,100.0,113,25.0,1.12,1.0,125.0,125.0,5.0,5.0,980.0,980.0,125.0,125.0,5.0,5.0
595.0,0,9,0,0,night,pa_6,E5,25.0,5,125.0,5,100.0,133.33,4,4,0,-1,980.0,44,44,100.0,113,25.0,1.12,1.0,125.0,125.0,5.0,5.0,980.0,980.0,125.0,125.0,5.0,5.0
596.0,0,9,0,0,night,pa_6,E5,25.0,5,125.0,5,100.0,133.33,4,4,0,-1,980.0,44,44,100.0,113,25.0,1.12,1.0,125.0,125.0,5.0,5.0,980.0,980.0,125.0,125.0,5.0,5.0
597.0,0,9,0,0,night,pa_6,E5,25.0,5,125.0,5,100.0,133.33,4,4,0,-1,980.0,44,44,100.0,113,25.0,1.12,1.0,125.0,125.0,5.0,5.0,980.0,980.0,125.0,125.0,5.0,5.0
598.0,0,9,0,0,night,pa_6,E5,25.0,5,125.0,5,100.0,133.33,4,4,0,-1,980.0,44,44,100.0,111,25.0,1.12,1.0,125.0,125.0,5.0,5.0,980.0,980.0,125.0,125.0,5.0,5.0
599.0,0,9,0,0,night,pa_6,E5,25.0,5,125.0,5,100.0,133.33,4,4,0,-1,980.0,44,45,100.0,111,25.0,1.12,1.0,125.0,125.0,5.0,5.0,980.0,980.0,125.0,125.0,5.0,5.0
600.0,0,10,0,0,night,pa_6,E5,25.0,5,125.0,5,100.0,133.33,4,4,0,-1,980.0,44,45,100.0,110,25.0,1.12,1.0,125.0,125.0,5.0,5.0,980.0,980.0,125.0,125.0,5.0,5.0
1.0,0,0,0,0,night,pa_6_rev,-E5,25.0,5,0.0,0,0.0,0.0,0,0,5,3,0.0,0,0,0.0,8,0.0,0.0,0.0,0.0,0.0,0.0,0.0,0.0,0.0,0.0,0.0,0.0,0.0
2.0,0,0,0,0,night,pa_6_rev,-E5,25.0,5,0.0,0,0.0,0.0,0,0,5,3,0.0,0,0,0.0,8,0.0,0.0,0.0,0.0,0.0,0.0,0.0,0.0,0.0,0.0,0.0,0.0,0.0
3.0,0,0,0,0,night,pa_6_rev,-E5,25.0,5,0.0,0,0.0,0.0,0,0,5,3,0.0,0,0,0.0,12,0.0,0.0,0.0,0.0,0.0,0.0,0.0,0.0,0.0,0.0,0.0,0.0,0.0
4.0,0,0,0,0,night,pa_6_rev,-E5,25.0,5,0.0,0,0.0,0.0,0,0,5,3,0.0,0,0,0.0,14,0.0,0.0,0.0,0.0,0.0,0.0,0.0,0.0,0.0,0.0,0.0,0.0,0.0
5.0,0,0,0,0,night,pa_6_rev,-E5,25.0,5,0.0,0,0.0,0.0,0,0,5,3,0.0,0,0,0.0,14,0.0,0.0,0.0,0.0,0.0,0.0,0.0,0.0,0.0,0.0,0.0,0.0,0.0
6.0,0,0,0,0,night,pa_6_rev,-E5,25.0,5,0.0,0,0.0,0.0,0,0,5,3,0.0,0,0,0.0,16,0.0,0.0,0.0,0.0,0.0,0.0,0.0,0.0,0.0,0.0,0.0,0.0,0.0
7.0,0,0,0,0,night,pa_6_rev,-E5,25.0,5,0.0,0,0.0,0.0,0,0,5,3,0.0,0,0,0.0,17,0.0,0.0,0.0,0.0,0.0,0.0,0.0,0.0,0.0,0.0,0.0,0.0,0.0
8.0,0,0,0,0,night,pa_6_rev,-E5,25.0,5,0.0,0,0.0,0.0,0,0,5,3,0.0,0,0,0.0,18,0.0,0.0,0.0,0.0,0.0,0.0,0.0,0.0,0.0,0.0,0.0,0.0,0.0
9.0,0,0,0,0,night,pa_6_rev,-E5,25.0,5,0.0,0,0.0,0.0,0,0,5,3,0.0,0,0,0.0,18,0.0,0.0,0.0,0.0,0.0,0.0,0.0,0.0,0.0,0.0,0.0,0.0,0.0
10.0,0,0,0,0,night,pa_6_rev,-E5,25.0,5,0.0,0,0.0,0.0,0,0,5,3,0.0,0,0,0.0,20,0.0,0.0,0.0,0.0,0.0,0.0,0.0,0.0,0.0,0.0,0.0,0.0,0.0
11.0,0,0,0,0,night,pa_6_rev,-E5,25.0,5,0.0,0,0.0,0.0,0,0,5,3,0.0,0,0,0.0,20,0.0,0.0,0.0,0.0,0.0,0.0,0.0,0.0,0.0,0.0,0.0,0.0,0.0
12.0,0,0,0,0,night,pa_6_rev,-E5,25.0,5,0.0,0,0.0,0.0,0,0,5,3,0.0,0,0,0.0,20,0.0,0.0,0.0,0.0,0.0,0.0,0.0,0.0,0.0,0.0,0.0,0.0,0.0
13.0,0,0,0,0,night,pa_6_rev,-E5,25.0,5,0.0,0,0.0,0.0,0,0,5,3,0.0,0,0,0.0,20,0.0,0.0,0.0,0.0,0.0,0.0,0.0,0.0,0.0,0.0,0.0,0.0,0.0
14.0,0,0,0,0,night,pa_6_rev,-E5,25.0,5,0.0,0,0.0,0.0,0,0,5,3,0.0,0,0,0.0,22,0.0,0.0,0.0,0.0,0.0,0.0,0.0,0.0,0.0,0.0,0.0,0.0,0.0
15.0,0,0,0,0,night,pa_6_rev,-E5,25.0,5,0.0,0,0.0,0.0,0,0,5,3,0.0,0,0,0.0,22,0.0,0.0,0.0,0.0,0.0,0.0,0.0,0.0,0.0,0.0,0.0,0.0,0.0
16.0,0,0,0,0,night,pa_6_rev,-E5,25.0,5,0.0,0,0.0,0.0,0,0,5,3,0.0,0,0,0.0,22,0.0,0.0,0.0,0.0,0.0,0.0,0.0,0.0,0.0,0.0,0.0,0.0,0.0
17.0,0,0,0,0,night,pa_6_rev,-E5,25.0,5,0.0,0,0.0,0.0,0,0,5,3,0.0,0,0,0.0,22,0.0,0.0,0.0,0.0,0.0,0.0,0.0,0.0,0.0,0.0,0.0,0.0,0.0
18.0,0,0,0,0,night,pa_6_rev,-E5,25.0,5,0.0,0,0.0,0.0,0,0,5,3,0.0,0,0,0.0,24,0.0,0.0,0.0,0.0,0.0,0.0,0.0,0.0,0.0,0.0,0.0,0.0,0.0
19.0,0,0,0,0,night,pa_6_rev,-E5,25.0,5,0.0,0,0.0,0.0,0,0,5,3,0.0,0,0,0.0,24,0.0,0.0,0.0,0.0,0.0,0.0,0.0,0.0,0.0,0.0,0.0,0.0,0.0
20.0,0,0,0,0,night,pa_6_rev,-E5,25.0,5,0.0,0,0.0,0.0,0,0,5,3,0.0,0,0,0.0,24,0.0,0.0,0.0,0.0,0.0,0.0,0.0,0.0,0.0,0.0,0.0,0.0,0.0
21.0,0,0,0,0,night,pa_6_rev,-E5,25.0,5,0.0,0,0.0,0.0,0,0,5,3,0.0,0,0,0.0,24,0.0,0.0,0.0,0.0,0.0,0.0,0.0,0.0,0.0,0.0,0.0,0.0,0.0
22.0,0,0,0,0,night,pa_6_rev,-E5,25.0,5,0.0,0,0.0,0.0,0,0,5,3,0.0,0,0,0.0,24,0.0,0.0,0.0,0.0,0.0,0.0,0.0,0.0,0.0,0.0,0.0,0.0,0.0
23.0,0,0,0,0,night,pa_6_rev,-E5,25.0,5,0.0,0,0.0,0.0,0,0,5,3,0.0,0,0,0.0,24,0.0,0.0,0.0,0.0,0.0,0.0,0.0,0.0,0.0,0.0,0.0,0.0,0.0
24.0,0,0,0,0,night,pa_6_rev,-E5,25.0,5,0.0,0,0.0,0.0,0,0,5,3,0.0,0,0,0.0,24,0.0,0.0,0.0,0.0,0.0,0.0,0.0,0.0,0.0,0.0,0.0,0.0,0.0
25.0,0,0,0,0,night,pa_6_rev,-E5,25.0,5,0.0,0,0.0,0.0,0,0,5,3,0.0,0,0,0.0,24,0.0,0.0,0.0,0.0,0.0,0.0,0.0,0.0,0.0,0.0,0.0,0.0,0.0
26.0,0,0,0,0,night,pa_6_rev,-E5,25.0,5,0.0,0,0.0,0.0,0,0,5,3,0.0,0,0,0.0,24,0.0,0.0,0.0,0.0,0.0,0.0,0.0,0.0,0.0,0.0,0.0,0.0,0.0
27.0,0,0,0,0,night,pa_6_rev,-E5,25.0,5,0.0,0,0.0,0.0,0,0,5,3,0.0,0,0,0.0,24,0.0,0.0,0.0,0.0,0.0,0.0,0.0,0.0,0.0,0.0,0.0,0.0,0.0
28.0,0,0,0,0,night,pa_6_rev,-E5,25.0,5,0.0,0,0.0,0.0,0,0,5,3,0.0,0,0,0.0,24,0.0,0.0,0.0,0.0,0.0,0.0,0.0,0.0,0.0,0.0,0.0,0.0,0.0
29.0,0,0,0,0,night,pa_6_rev,-E5,25.0,5,0.0,0,0.0,0.0,0,0,5,3,0.0,0,0,0.0,24,0.0,0.0,0.0,0.0,0.0,0.0,0.0,0.0,0.0,0.0,0.0,0.0,0.0
30.0,0,0,0,0,night,pa_6_rev,-E5,25.0,5,0.0,0,0.0,0.0,0,0,5,3,0.0,0,0,0.0,24,0.0,0.0,0.0,0.0,0.0,0.0,0.0,0.0,0.0,0.0,0.0,0.0,0.0
31.0,0,0,0,0,night,pa_6_rev,-E5,25.0,5,0.0,0,0.0,0.0,0,0,5,3,0.0,0,0,0.0,24,0.0,0.0,0.0,0.0,0.0,0.0,0.0,0.0,0.0,0.0,0.0,0.0,0.0
32.0,0,0,0,0,night,pa_6_rev,-E5,25.0,5,0.0,0,0.0,0.0,0,0,5,3,0.0,0,0,0.0,24,0.0,0.0,0.0,0.0,0.0,0.0,0.0,0.0,0.0,0.0,0.0,0.0,0.0
33.0,0,0,0,0,night,pa_6_rev,-E5,25.0,5,0.0,0,0.0,0.0,0,0,5,3,0.0,0,0,0.0,24,0.0,0.0,0.0,0.0,0.0,0.0,0.0,0.0,0.0,0.0,0.0,0.0,0.0
34.0,0,0,0,0,night,pa_6_rev,-E5,25.0,5,0.0,0,0.0,0.0,0,0,5,3,0.0,0,0,0.0,24,0.0,0.0,0.0,0.0,0.0,0.0,0.0,0.0,0.0,0.0,0.0,0.0,0.0
35.0,0,0,0,0,night,pa_6_rev,-E5,25.0,5,0.0,0,0.0,0.0,0,0,5,3,0.0,0,0,0.0,24,0.0,0.0,0.0,0.0,0.0,0.0,0.0,0.0,0.0,0.0,0.0,0.0,0.0
36.0,0,0,0,0,night,pa_6_rev,-E5,25.0,5,0.0,0,0.0,0.0,0,0,5,3,0.0,0,0,0.0,24,0.0,0.0,0.0,0.0,0.0,0.0,0.0,0.0,0.0,0.0,0.0,0.0,0.0
37.0,0,0,0,0,night,pa_6_rev,-E5,25.0,5,0.0,0,0.0,0.0,0,0,5,3,0.0,0,0,0.0,24,0.0,0.0,0.0,0.0,0.0,0.0,0.0,0.0,0.0,0.0,0.0,0.0,0.0
38.0,0,0,0,0,night,pa_6_rev,-E5,25.0,5,0.0,0,0.0,0.0,0,0,5,3,0.0,0,0,0.0,24,0.0,0.0,0.0,0.0,0.0,0.0,0.0,0.0,0.0,0.0,0.0,0.0,0.0
39.0,0,0,0,0,night,pa_6_rev,-E5,25.0,5,0.0,0,0.0,0.0,0,0,5,3,0.0,0,0,0.0,24,0.0,0.0,0.0,0.0,0.0,0.0,0.0,0.0,0.0,0.0,0.0,0.0,0.0
40.0,0,0,0,0,night,pa_6_rev,-E5,25.0,5,0.0,0,0.0,0.0,0,0,5,3,0.0,0,0,0.0,24,0.0,0.0,0.0,0.0,0.0,0.0,0.0,0.0,0.0,0.0,0.0,0.0,0.0
41.0,0,0,0,0,night,pa_6_rev,-E5,25.0,5,0.0,0,0.0,0.0,0,0,5,3,0.0,0,0,0.0,25,0.0,0.0,0.0,0.0,0.0,0.0,0.0,0.0,0.0,0.0,0.0,0.0,0.0
42.0,0,0,0,0,night,pa_6_rev,-E5,25.0,5,0.0,0,0.0,0.0,0,0,5,3,0.0,0,0,0.0,25,0.0,0.0,0.0,0.0,0.0,0.0,0.0,0.0,0.0,0.0,0.0,0.0,0.0
43.0,0,0,0,0,night,pa_6_rev,-E5,25.0,5,0.0,0,0.0,0.0,0,0,5,3,0.0,0,0,0.0,25,0.0,0.0,0.0,0.0,0.0,0.0,0.0,0.0,0.0,0.0,0.0,0.0,0.0
44.0,0,0,0,0,night,pa_6_rev,-E5,25.0,5,0.0,0,0.0,0.0,0,0,5,3,0.0,0,0,0.0,25,0.0,0.0,0.0,0.0,0.0,0.0,0.0,0.0,0.0,0.0,0.0,0.0,0.0
45.0,0,0,0,0,night,pa_6_rev,-E5,25.0,5,0.0,0,0.0,0.0,0,0,5,3,0.0,0,0,0.0,25,0.0,0.0,0.0,0.0,0.0,0.0,0.0,0.0,0.0,0.0,0.0,0.0,0.0
46.0,0,0,0,0,night,pa_6_rev,-E5,25.0,5,0.0,0,0.0,0.0,0,0,5,3,0.0,0,0,0.0,26,0.0,0.0,0.0,0.0,0.0,0.0,0.0,0.0,0.0,0.0,0.0,0.0,0.0
47.0,0,0,0,0,night,pa_6_rev,-E5,25.0,5,0.0,0,0.0,0.0,0,0,5,3,0.0,0,0,0.0,26,0.0,0.0,0.0,0.0,0.0,0.0,0.0,0.0,0.0,0.0,0.0,0.0,0.0
48.0,0,0,0,0,night,pa_6_rev,-E5,25.0,5,0.0,0,0.0,0.0,0,0,5,3,0.0,0,0,0.0,26,0.0,0.0,0.0,0.0,0.0,0.0,0.0,0.0,0.0,0.0,0.0,0.0,0.0
49.0,0,0,0,0,night,pa_6_rev,-E5,25.0,5,0.0,0,0.0,0.0,0,0,5,3,0.0,0,0,0.0,26,0.0,0.0,0.0,0.0,0.0,0.0,0.0,0.0,0.0,0.0,0.0,0.0,0.0
50.0,0,0,0,0,night,pa_6_rev,-E5,25.0,5,0.0,0,0.0,0.0,0,0,5,3,0.0,0,0,0.0,26,0.0,0.0,0.0,0.0,0.0,0.0,0.0,0.0,0.0,0.0,0.0,0.0,0.0
51.0,0,0,0,0,night,pa_6_rev,-E5,25.0,5,0.0,0,0.0,0.0,0,0,5,3,0.0,0,0,0.0,26,0.0,0.0,0.0,0.0,0.0,0.0,0.0,0.0,0.0,0.0,0.0,0.0,0.0
52.0,0,0,0,0,night,pa_6_rev,-E5,25.0,5,0.0,0,0.0,0.0,0,0,5,3,0.0,0,0,0.0,28,0.0,0.0,0.0,0.0,0.0,0.0,0.0,0.0,0.0,0.0,0.0,0.0,0.0
53.0,0,0,0,0,night,pa_6_rev,-E5,25.0,5,0.0,0,0.0,0.0,0,0,5,3,0.0,0,0,0.0,28,0.0,0.0,0.0,0.0,0.0,0.0,0.0,0.0,0.0,0.0,0.0,0.0,0.0
54.0,0,0,0,0,night,pa_6_rev,-E5,25.0,5,0.0,0,0.0,0.0,0,0,5,3,0.0,0,0,0.0,28,0.0,0.0,0.0,0.0,0.0,0.0,0.0,0.0,0.0,0.0,0.0,0.0,0.0
55.0,0,0,0,0,night,pa_6_rev,-E5,25.0,5,0.0,0,0.0,0.0,0,0,5,3,0.0,0,0,0.0,28,0.0,0.0,0.0,0.0,0.0,0.0,0.0,0.0,0.0,0.0,0.0,0.0,0.0
56.0,0,0,0,0,night,pa_6_rev,-E5,25.0,5,0.0,0,0.0,0.0,0,0,5,3,0.0,0,0,0.0,28,0.0,0.0,0.0,0.0,0.0,0.0,0.0,0.0,0.0,0.0,0.0,0.0,0.0
57.0,0,0,0,0,night,pa_6_rev,-E5,25.0,5,0.0,0,0.0,0.0,0,0,5,3,0.0,0,0,0.0,28,0.0,0.0,0.0,0.0,0.0,0.0,0.0,0.0,0.0,0.0,0.0,0.0,0.0
58.0,0,0,0,0,night,pa_6_rev,-E5,25.0,5,0.0,0,0.0,0.0,0,0,5,3,0.0,0,0,0.0,28,0.0,0.0,0.0,0.0,0.0,0.0,0.0,0.0,0.0,0.0,0.0,0.0,0.0
59.0,0,0,0,0,night,pa_6_rev,-E5,25.0,5,0.0,0,0.0,0.0,0,0,5,3,0.0,0,0,0.0,28,0.0,0.0,0.0,0.0,0.0,0.0,0.0,0.0,0.0,0.0,0.0,0.0,0.0
60.0,0,1,0,0,night,pa_6_rev,-E5,25.0,5,0.0,0,0.0,0.0,0,0,5,3,0.0,0,0,0.0,28,0.0,0.0,0.0,0.0,0.0,0.0,0.0,0.0,0.0,0.0,0.0,0.0,0.0
61.0,0,1,0,0,night,pa_6_rev,-E5,25.0,5,0.0,0,0.0,0.0,0,0,5,3,0.0,0,0,0.0,30,0.0,0.0,0.0,0.0,0.0,0.0,0.0,0.0,0.0,0.0,0.0,0.0,0.0
62.0,0,1,0,0,night,pa_6_rev,-E5,25.0,5,0.0,0,0.0,0.0,0,0,5,3,0.0,0,0,0.0,30,0.0,0.0,0.0,0.0,0.0,0.0,0.0,0.0,0.0,0.0,0.0,0.0,0.0
63.0,0,1,0,0,night,pa_6_rev,-E5,25.0,5,0.0,0,0.0,0.0,0,0,5,3,0.0,0,0,0.0,30,0.0,0.0,0.0,0.0,0.0,0.0,0.0,0.0,0.0,0.0,0.0,0.0,0.0
64.0,0,1,0,0,night,pa_6_rev,-E5,25.0,5,0.0,0,0.0,0.0,0,0,5,3,0.0,0,0,0.0,30,0.0,0.0,0.0,0.0,0.0,0.0,0.0,0.0,0.0,0.0,0.0,0.0,0.0
65.0,0,1,0,0,night,pa_6_rev,-E5,25.0,5,0.0,0,0.0,0.0,0,0,5,3,0.0,0,0,0.0,30,0.0,0.0,0.0,0.0,0.0,0.0,0.0,0.0,0.0,0.0,0.0,0.0,0.0
66.0,0,1,0,0,night,pa_6_rev,-E5,25.0,5,0.0,0,0.0,0.0,0,0,5,3,0.0,0,0,0.0,30,0.0,0.0,0.0,0.0,0.0,0.0,0.0,0.0,0.0,0.0,0.0,0.0,0.0
67.0,0,1,0,0,night,pa_6_rev,-E5,25.0,5,0.0,0,0.0,0.0,0,0,5,3,0.0,0,0,0.0,30,0.0,0.0,0.0,0.0,0.0,0.0,0.0,0.0,0.0,0.0,0.0,0.0,0.0
68.0,0,1,0,0,night,pa_6_rev,-E5,25.0,5,0.0,0,0.0,0.0,0,0,5,3,0.0,0,0,0.0,30,0.0,0.0,0.0,0.0,0.0,0.0,0.0,0.0,0.0,0.0,0.0,0.0,0.0
69.0,0,1,0,0,night,pa_6_rev,-E5,25.0,5,0.0,0,0.0,0.0,0,0,5,3,0.0,0,0,0.0,30,0.0,0.0,0.0,0.0,0.0,0.0,0.0,0.0,0.0,0.0,0.0,0.0,0.0
70.0,0,1,0,0,night,pa_6_rev,-E5,25.0,5,0.0,0,0.0,0.0,0,0,5,3,0.0,0,0,0.0,30,0.0,0.0,0.0,0.0,0.0,0.0,0.0,0.0,0.0,0.0,0.0,0.0,0.0
71.0,0,1,0,0,night,pa_6_rev,-E5,25.0,5,0.0,0,0.0,0.0,0,0,5,3,0.0,0,0,0.0,30,0.0,0.0,0.0,0.0,0.0,0.0,0.0,0.0,0.0,0.0,0.0,0.0,0.0
72.0,0,1,0,0,night,pa_6_rev,-E5,25.0,5,0.0,0,0.0,0.0,0,0,5,3,0.0,0,0,0.0,30,0.0,0.0,0.0,0.0,0.0,0.0,0.0,0.0,0.0,0.0,0.0,0.0,0.0
73.0,0,1,0,0,night,pa_6_rev,-E5,25.0,5,0.0,0,0.0,0.0,0,0,5,3,0.0,0,0,0.0,32,0.0,0.0,0.0,0.0,0.0,0.0,0.0,0.0,0.0,0.0,0.0,0.0,0.0
74.0,0,1,0,0,night,pa_6_rev,-E5,25.0,5,0.0,0,0.0,0.0,0,0,5,3,0.0,0,0,0.0,32,0.0,0.0,0.0,0.0,0.0,0.0,0.0,0.0,0.0,0.0,0.0,0.0,0.0
75.0,0,1,0,0,night,pa_6_rev,-E5,25.0,5,0.0,0,0.0,0.0,0,0,5,3,0.0,0,0,0.0,32,0.0,0.0,0.0,0.0,0.0,0.0,0.0,0.0,0.0,0.0,0.0,0.0,0.0
76.0,0,1,0,0,night,pa_6_rev,-E5,25.0,5,0.0,0,0.0,0.0,0,0,5,3,0.0,0,0,0.0,32,0.0,0.0,0.0,0.0,0.0,0.0,0.0,0.0,0.0,0.0,0.0,0.0,0.0
77.0,0,1,0,0,night,pa_6_rev,-E5,25.0,5,0.0,0,0.0,0.0,0,0,5,3,0.0,0,0,0.0,32,0.0,0.0,0.0,0.0,0.0,0.0,0.0,0.0,0.0,0.0,0.0,0.0,0.0
78.0,0,1,0,0,night,pa_6_rev,-E5,25.0,5,0.0,0,0.0,0.0,0,0,5,3,0.0,0,0,0.0,32,0.0,0.0,0.0,0.0,0.0,0.0,0.0,0.0,0.0,0.0,0.0,0.0,0.0
79.0,0,1,0,0,night,pa_6_rev,-E5,25.0,5,0.0,0,0.0,0.0,0,0,5,3,0.0,0,0,0.0,32,0.0,0.0,0.0,0.0,0.0,0.0,0.0,0.0,0.0,0.0,0.0,0.0,0.0
80.0,0,1,0,0,night,pa_6_rev,-E5,25.0,5,0.0,0,0.0,0.0,0,0,5,3,0.0,0,0,0.0,32,0.0,0.0,0.0,0.0,0.0,0.0,0.0,0.0,0.0,0.0,0.0,0.0,0.0
81.0,0,1,0,0,night,pa_6_rev,-E5,25.0,5,0.0,0,0.0,0.0,0,0,5,3,0.0,0,0,0.0,34,0.0,0.0,0.0,0.0,0.0,0.0,0.0,0.0,0.0,0.0,0.0,0.0,0.0
82.0,0,1,0,0,night,pa_6_rev,-E5,25.0,5,0.0,0,0.0,0.0,0,0,5,3,0.0,0,0,0.0,34,0.0,0.0,0.0,0.0,0.0,0.0,0.0,0.0,0.0,0.0,0.0,0.0,0.0
83.0,0,1,0,0,night,pa_6_rev,-E5,25.0,5,0.0,0,0.0,0.0,0,0,5,3,0.0,0,0,0.0,34,0.0,0.0,0.0,0.0,0.0,0.0,0.0,0.0,0.0,0.0,0.0,0.0,0.0
84.0,0,1,0,0,night,pa_6_rev,-E5,25.0,5,0.0,0,0.0,0.0,0,0,5,3,0.0,0,0,0.0,34,0.0,0.0,0.0,0.0,0.0,0.0,0.0,0.0,0.0,0.0,0.0,0.0,0.0
85.0,0,1,0,0,night,pa_6_rev,-E5,25.0,5,0.0,0,0.0,0.0,0,0,5,3,0.0,0,0,0.0,34,0.0,0.0,0.0,0.0,0.0,0.0,0.0,0.0,0.0,0.0,0.0,0.0,0.0
86.0,0,1,0,0,night,pa_6_rev,-E5,25.0,5,0.0,0,0.0,0.0,0,0,5,3,0.0,0,0,0.0,34,0.0,0.0,0.0,0.0,0.0,0.0,0.0,0.0,0.0,0.0,0.0,0.0,0.0
87.0,0,1,0,0,night,pa_6_rev,-E5,25.0,5,0.0,0,0.0,0.0,0,0,5,3,0.0,0,0,0.0,34,0.0,0.0,0.0,0.0,0.0,0.0,0.0,0.0,0.0,0.0,0.0,0.0,0.0
88.0,0,1,0,0,night,pa_6_rev,-E5,25.0,5,0.0,0,0.0,0.0,0,0,5,3,0.0,0,0,0.0,34,0.0,0.0,0.0,0.0,0.0,0.0,0.0,0.0,0.0,0.0,0.0,0.0,0.0
89.0,0,1,0,0,night,pa_6_rev,-E5,25.0,5,0.0,0,0.0,0.0,0,0,5,3,0.0,0,0,0.0,34,0.0,0.0,0.0,0.0,0.0,0.0,0.0,0.0,0.0,0.0,0.0,0.0,0.0
90.0,0,1,0,0,night,pa_6_rev,-E5,25.0,5,0.0,0,0.0,0.0,0,0,5,3,0.0,0,0,0.0,34,0.0,0.0,0.0,0.0,0.0,0.0,0.0,0.0,0.0,0.0,0.0,0.0,0.0
91.0,0,1,0,0,night,pa_6_rev,-E5,25.0,5,0.0,0,0.0,0.0,0,0,5,3,0.0,0,0,0.0,35,0.0,0.0,0.0,0.0,0.0,0.0,0.0,0.0,0.0,0.0,0.0,0.0,0.0
92.0,0,1,0,0,night,pa_6_rev,-E5,25.0,5,0.0,0,0.0,0.0,0,0,5,3,0.0,0,0,0.0,35,0.0,0.0,0.0,0.0,0.0,0.0,0.0,0.0,0.0,0.0,0.0,0.0,0.0
93.0,0,1,0,0,night,pa_6_rev,-E5,25.0,5,0.0,0,0.0,0.0,0,0,5,3,0.0,0,0,0.0,36,0.0,0.0,0.0,0.0,0.0,0.0,0.0,0.0,0.0,0.0,0.0,0.0,0.0
94.0,0,1,0,0,night,pa_6_rev,-E5,25.0,5,0.0,0,0.0,0.0,0,0,5,3,0.0,0,0,0.0,36,0.0,0.0,0.0,0.0,0.0,0.0,0.0,0.0,0.0,0.0,0.0,0.0,0.0
95.0,0,1,0,0,night,pa_6_rev,-E5,25.0,5,0.0,0,0.0,0.0,0,0,5,3,0.0,0,0,0.0,36,0.0,0.0,0.0,0.0,0.0,0.0,0.0,0.0,0.0,0.0,0.0,0.0,0.0
96.0,0,1,0,0,night,pa_6_rev,-E5,25.0,5,0.0,0,0.0,0.0,0,0,5,3,0.0,0,0,0.0,36,0.0,0.0,0.0,0.0,0.0,0.0,0.0,0.0,0.0,0.0,0.0,0.0,0.0
97.0,0,1,0,0,night,pa_6_rev,-E5,25.0,5,0.0,0,0.0,0.0,0,0,5,3,0.0,0,0,0.0,36,0.0,0.0,0.0,0.0,0.0,0.0,0.0,0.0,0.0,0.0,0.0,0.0,0.0
98.0,0,1,0,0,night,pa_6_rev,-E5,25.0,5,0.0,0,0.0,0.0,0,0,5,3,0.0,0,0,0.0,36,0.0,0.0,0.0,0.0,0.0,0.0,0.0,0.0,0.0,0.0,0.0,0.0,0.0
99.0,0,1,0,0,night,pa_6_rev,-E5,25.0,5,0.0,0,0.0,0.0,0,0,5,3,0.0,0,0,0.0,36,0.0,0.0,0.0,0.0,0.0,0.0,0.0,0.0,0.0,0.0,0.0,0.0,0.0
100.0,0,1,0,0,night,pa_6_rev,-E5,25.0,5,0.0,0,0.0,0.0,0,0,5,3,0.0,0,0,0.0,36,0.0,0.0,0.0,0.0,0.0,0.0,0.0,0.0,0.0,0.0,0.0,0.0,0.0
101.0,0,1,0,0,night,pa_6_rev,-E5,25.0,5,0.0,0,0.0,0.0,0,0,5,3,0.0,0,0,0.0,36,0.0,0.0,0.0,0.0,0.0,0.0,0.0,0.0,0.0,0.0,0.0,0.0,0.0
102.0,0,1,0,0,night,pa_6_rev,-E5,25.0,5,0.0,0,0.0,0.0,0,0,5,3,0.0,0,0,0.0,36,0.0,0.0,0.0,0.0,0.0,0.0,0.0,0.0,0.0,0.0,0.0,0.0,0.0
103.0,0,1,0,0,night,pa_6_rev,-E5,25.0,5,0.0,0,0.0,0.0,0,0,5,3,0.0,0,0,0.0,41,0.0,0.0,0.0,0.0,0.0,0.0,0.0,0.0,0.0,0.0,0.0,0.0,0.0
104.0,0,1,0,0,night,pa_6_rev,-E5,25.0,5,0.0,0,0.0,0.0,0,0,5,3,0.0,0,0,0.0,41,0.0,0.0,0.0,0.0,0.0,0.0,0.0,0.0,0.0,0.0,0.0,0.0,0.0
105.0,0,1,0,0,night,pa_6_rev,-E5,25.0,5,0.0,0,0.0,0.0,0,0,5,3,0.0,0,0,0.0,41,0.0,0.0,0.0,0.0,0.0,0.0,0.0,0.0,0.0,0.0,0.0,0.0,0.0
106.0,0,1,0,0,night,pa_6_rev,-E5,25.0,5,0.0,0,0.0,0.0,0,0,5,3,0.0,0,0,0.0,41,0.0,0.0,0.0,0.0,0.0,0.0,0.0,0.0,0.0,0.0,0.0,0.0,0.0
107.0,0,1,0,0,night,pa_6_rev,-E5,25.0,5,0.0,0,0.0,0.0,0,0,5,3,0.0,0,0,0.0,41,0.0,0.0,0.0,0.0,0.0,0.0,0.0,0.0,0.0,0.0,0.0,0.0,0.0
108.0,0,1,0,0,night,pa_6_rev,-E5,25.0,5,0.0,0,0.0,0.0,0,0,5,3,0.0,0,0,0.0,41,0.0,0.0,0.0,0.0,0.0,0.0,0.0,0.0,0.0,0.0,0.0,0.0,0.0
109.0,0,1,0,0,night,pa_6_rev,-E5,25.0,5,0.0,0,0.0,0.0,0,0,5,3,0.0,0,0,0.0,41,0.0,0.0,0.0,0.0,0.0,0.0,0.0,0.0,0.0,0.0,0.0,0.0,0.0
110.0,0,1,0,0,night,pa_6_rev,-E5,25.0,5,0.0,0,0.0,0.0,0,0,5,3,0.0,0,0,0.0,41,0.0,0.0,0.0,0.0,0.0,0.0,0.0,0.0,0.0,0.0,0.0,0.0,0.0
111.0,0,1,0,0,night,pa_6_rev,-E5,25.0,5,0.0,0,0.0,0.0,0,0,5,3,0.0,0,0,0.0,41,0.0,0.0,0.0,0.0,0.0,0.0,0.0,0.0,0.0,0.0,0.0,0.0,0.0
112.0,0,1,0,0,night,pa_6_rev,-E5,25.0,5,0.0,0,0.0,0.0,0,0,5,3,0.0,0,0,0.0,41,0.0,0.0,0.0,0.0,0.0,0.0,0.0,0.0,0.0,0.0,0.0,0.0,0.0
113.0,0,1,0,0,night,pa_6_rev,-E5,25.0,5,0.0,0,0.0,0.0,0,0,5,3,0.0,0,0,0.0,41,0.0,0.0,0.0,0.0,0.0,0.0,0.0,0.0,0.0,0.0,0.0,0.0,0.0
114.0,0,1,0,0,night,pa_6_rev,-E5,25.0,5,0.0,0,0.0,0.0,0,0,5,3,0.0,0,0,0.0,41,0.0,0.0,0.0,0.0,0.0,0.0,0.0,0.0,0.0,0.0,0.0,0.0,0.0
115.0,0,1,0,0,night,pa_6_rev,-E5,25.0,5,0.0,0,0.0,0.0,0,0,5,3,0.0,0,0,0.0,41,0.0,0.0,0.0,0.0,0.0,0.0,0.0,0.0,0.0,0.0,0.0,0.0,0.0
116.0,0,1,0,0,night,pa_6_rev,-E5,25.0,5,0.0,0,0.0,0.0,0,0,5,3,0.0,0,0,0.0,41,0.0,0.0,0.0,0.0,0.0,0.0,0.0,0.0,0.0,0.0,0.0,0.0,0.0
117.0,0,1,0,0,night,pa_6_rev,-E5,25.0,5,0.0,0,0.0,0.0,0,0,5,3,0.0,0,0,0.0,41,0.0,0.0,0.0,0.0,0.0,0.0,0.0,0.0,0.0,0.0,0.0,0.0,0.0
118.0,0,1,0,0,night,pa_6_rev,-E5,25.0,5,0.0,0,0.0,0.0,0,0,5,3,0.0,0,0,0.0,41,0.0,0.0,0.0,0.0,0.0,0.0,0.0,0.0,0.0,0.0,0.0,0.0,0.0
119.0,0,1,0,0,night,pa_6_rev,-E5,25.0,5,0.0,0,0.0,0.0,0,0,5,3,0.0,0,0,0.0,41,0.0,0.0,0.0,0.0,0.0,0.0,0.0,0.0,0.0,0.0,0.0,0.0,0.0
120.0,0,2,0,0,night,pa_6_rev,-E5,25.0,5,0.0,0,0.0,0.0,0,0,5,3,0.0,0,0,0.0,41,0.0,0.0,0.0,0.0,0.0,0.0,0.0,0.0,0.0,0.0,0.0,0.0,0.0
121.0,0,2,0,0,night,pa_6_rev,-E5,25.0,5,0.0,0,0.0,0.0,0,0,5,3,0.0,0,0,0.0,44,0.0,0.0,0.0,0.0,0.0,0.0,0.0,0.0,0.0,0.0,0.0,0.0,0.0
122.0,0,2,0,0,night,pa_6_rev,-E5,25.0,5,0.0,0,0.0,0.0,0,0,5,3,0.0,0,0,0.0,44,0.0,0.0,0.0,0.0,0.0,0.0,0.0,0.0,0.0,0.0,0.0,0.0,0.0
123.0,0,2,0,0,night,pa_6_rev,-E5,25.0,5,0.0,0,0.0,0.0,0,0,5,3,0.0,0,0,0.0,46,0.0,0.0,0.0,0.0,0.0,0.0,0.0,0.0,0.0,0.0,0.0,0.0,0.0
124.0,0,2,0,0,night,pa_6_rev,-E5,25.0,5,0.0,0,0.0,0.0,0,0,5,3,0.0,0,0,0.0,46,0.0,0.0,0.0,0.0,0.0,0.0,0.0,0.0,0.0,0.0,0.0,0.0,0.0
125.0,0,2,0,0,night,pa_6_rev,-E5,25.0,5,0.0,0,0.0,0.0,0,0,5,3,0.0,0,0,0.0,46,0.0,0.0,0.0,0.0,0.0,0.0,0.0,0.0,0.0,0.0,0.0,0.0,0.0
126.0,0,2,0,0,night,pa_6_rev,-E5,25.0,5,0.0,0,0.0,0.0,0,0,5,3,0.0,0,0,0.0,46,0.0,0.0,0.0,0.0,0.0,0.0,0.0,0.0,0.0,0.0,0.0,0.0,0.0
127.0,0,2,0,0,night,pa_6_rev,-E5,25.0,5,0.0,0,0.0,0.0,0,0,5,3,0.0,0,0,0.0,46,0.0,0.0,0.0,0.0,0.0,0.0,0.0,0.0,0.0,0.0,0.0,0.0,0.0
128.0,0,2,0,0,night,pa_6_rev,-E5,25.0,5,0.0,0,0.0,0.0,0,0,5,3,0.0,0,0,0.0,46,0.0,0.0,0.0,0.0,0.0,0.0,0.0,0.0,0.0,0.0,0.0,0.0,0.0
129.0,0,2,0,0,night,pa_6_rev,-E5,25.0,5,0.0,0,0.0,0.0,0,0,5,3,0.0,0,0,0.0,46,0.0,0.0,0.0,0.0,0.0,0.0,0.0,0.0,0.0,0.0,0.0,0.0,0.0
130.0,0,2,0,0,night,pa_6_rev,-E5,25.0,5,0.0,0,0.0,0.0,0,0,5,3,0.0,0,0,0.0,46,0.0,0.0,0.0,0.0,0.0,0.0,0.0,0.0,0.0,0.0,0.0,0.0,0.0
131.0,0,2,0,0,night,pa_6_rev,-E5,25.0,5,0.0,0,0.0,0.0,0,0,5,3,0.0,0,0,0.0,46,0.0,0.0,0.0,0.0,0.0,0.0,0.0,0.0,0.0,0.0,0.0,0.0,0.0
132.0,0,2,0,0,night,pa_6_rev,-E5,25.0,5,0.0,0,0.0,0.0,0,0,5,3,0.0,0,0,0.0,46,0.0,0.0,0.0,0.0,0.0,0.0,0.0,0.0,0.0,0.0,0.0,0.0,0.0
133.0,0,2,0,0,night,pa_6_rev,-E5,25.0,5,0.0,0,0.0,0.0,0,0,5,3,0.0,0,0,0.0,46,0.0,0.0,0.0,0.0,0.0,0.0,0.0,0.0,0.0,0.0,0.0,0.0,0.0
134.0,0,2,0,0,night,pa_6_rev,-E5,25.0,5,0.0,0,0.0,0.0,0,0,5,3,0.0,0,0,0.0,46,0.0,0.0,0.0,0.0,0.0,0.0,0.0,0.0,0.0,0.0,0.0,0.0,0.0
135.0,0,2,0,0,night,pa_6_rev,-E5,25.0,5,0.0,0,0.0,0.0,0,0,5,3,0.0,0,0,0.0,46,0.0,0.0,0.0,0.0,0.0,0.0,0.0,0.0,0.0,0.0,0.0,0.0,0.0
136.0,0,2,0,0,night,pa_6_rev,-E5,25.0,5,0.0,0,0.0,0.0,0,0,5,3,0.0,0,0,0.0,47,0.0,0.0,0.0,0.0,0.0,0.0,0.0,0.0,0.0,0.0,0.0,0.0,0.0
137.0,0,2,0,0,night,pa_6_rev,-E5,25.0,5,0.0,0,0.0,0.0,0,0,5,3,0.0,0,0,0.0,47,0.0,0.0,0.0,0.0,0.0,0.0,0.0,0.0,0.0,0.0,0.0,0.0,0.0
138.0,0,2,0,0,night,pa_6_rev,-E5,25.0,5,0.0,0,0.0,0.0,0,0,5,3,0.0,0,0,0.0,47,0.0,0.0,0.0,0.0,0.0,0.0,0.0,0.0,0.0,0.0,0.0,0.0,0.0
139.0,0,2,0,0,night,pa_6_rev,-E5,25.0,5,0.0,0,0.0,0.0,0,0,5,3,0.0,0,0,0.0,47,0.0,0.0,0.0,0.0,0.0,0.0,0.0,0.0,0.0,0.0,0.0,0.0,0.0
140.0,0,2,0,0,night,pa_6_rev,-E5,25.0,5,0.0,0,0.0,0.0,0,0,5,3,0.0,0,0,0.0,47,0.0,0.0,0.0,0.0,0.0,0.0,0.0,0.0,0.0,0.0,0.0,0.0,0.0
141.0,0,2,0,0,night,pa_6_rev,-E5,25.0,5,0.0,0,0.0,0.0,0,0,5,3,0.0,0,0,0.0,47,0.0,0.0,0.0,0.0,0.0,0.0,0.0,0.0,0.0,0.0,0.0,0.0,0.0
142.0,0,2,0,0,night,pa_6_rev,-E5,25.0,5,0.0,0,0.0,0.0,0,0,5,3,0.0,0,0,0.0,47,0.0,0.0,0.0,0.0,0.0,0.0,0.0,0.0,0.0,0.0,0.0,0.0,0.0
143.0,0,2,0,0,night,pa_6_rev,-E5,25.0,5,0.0,0,0.0,0.0,0,0,5,3,0.0,0,0,0.0,47,0.0,0.0,0.0,0.0,0.0,0.0,0.0,0.0,0.0,0.0,0.0,0.0,0.0
144.0,0,2,0,0,night,pa_6_rev,-E5,25.0,5,0.0,0,0.0,0.0,0,0,5,3,0.0,0,0,0.0,47,0.0,0.0,0.0,0.0,0.0,0.0,0.0,0.0,0.0,0.0,0.0,0.0,0.0
145.0,0,2,0,0,night,pa_6_rev,-E5,25.0,5,0.0,0,0.0,0.0,0,0,5,3,0.0,0,0,0.0,52,0.0,0.0,0.0,0.0,0.0,0.0,0.0,0.0,0.0,0.0,0.0,0.0,0.0
146.0,0,2,0,0,night,pa_6_rev,-E5,25.0,5,0.0,0,0.0,0.0,0,0,5,3,0.0,0,0,0.0,52,0.0,0.0,0.0,0.0,0.0,0.0,0.0,0.0,0.0,0.0,0.0,0.0,0.0
147.0,0,2,0,0,night,pa_6_rev,-E5,25.0,5,0.0,0,0.0,0.0,0,0,5,3,0.0,0,0,0.0,52,0.0,0.0,0.0,0.0,0.0,0.0,0.0,0.0,0.0,0.0,0.0,0.0,0.0
148.0,0,2,0,0,night,pa_6_rev,-E5,25.0,5,0.0,0,0.0,0.0,0,0,5,3,0.0,0,0,0.0,52,0.0,0.0,0.0,0.0,0.0,0.0,0.0,0.0,0.0,0.0,0.0,0.0,0.0
149.0,0,2,0,0,night,pa_6_rev,-E5,25.0,5,0.0,0,0.0,0.0,0,0,5,3,0.0,0,0,0.0,52,0.0,0.0,0.0,0.0,0.0,0.0,0.0,0.0,0.0,0.0,0.0,0.0,0.0
150.0,0,2,0,0,night,pa_6_rev,-E5,25.0,5,0.0,0,0.0,0.0,0,0,5,3,0.0,0,0,0.0,52,0.0,0.0,0.0,0.0,0.0,0.0,0.0,0.0,0.0,0.0,0.0,0.0,0.0
151.0,0,2,0,0,night,pa_6_rev,-E5,25.0,5,0.0,0,0.0,0.0,0,0,5,3,0.0,0,0,0.0,52,0.0,0.0,0.0,0.0,0.0,0.0,0.0,0.0,0.0,0.0,0.0,0.0,0.0
152.0,0,2,0,0,night,pa_6_rev,-E5,25.0,5,0.0,0,0.0,0.0,0,0,5,3,0.0,0,0,0.0,52,0.0,0.0,0.0,0.0,0.0,0.0,0.0,0.0,0.0,0.0,0.0,0.0,0.0
153.0,0,2,0,0,night,pa_6_rev,-E5,25.0,5,0.0,0,0.0,0.0,0,0,5,3,0.0,0,0,0.0,52,0.0,0.0,0.0,0.0,0.0,0.0,0.0,0.0,0.0,0.0,0.0,0.0,0.0
154.0,0,2,0,0,night,pa_6_rev,-E5,25.0,5,0.0,0,0.0,0.0,0,0,5,3,0.0,0,0,0.0,52,0.0,0.0,0.0,0.0,0.0,0.0,0.0,0.0,0.0,0.0,0.0,0.0,0.0
155.0,0,2,0,0,night,pa_6_rev,-E5,25.0,5,0.0,0,0.0,0.0,0,0,5,3,0.0,0,0,0.0,54,0.0,0.0,0.0,0.0,0.0,0.0,0.0,0.0,0.0,0.0,0.0,0.0,0.0
156.0,0,2,0,0,night,pa_6_rev,-E5,25.0,5,0.0,0,0.0,0.0,0,0,5,3,0.0,0,0,0.0,54,0.0,0.0,0.0,0.0,0.0,0.0,0.0,0.0,0.0,0.0,0.0,0.0,0.0
157.0,0,2,0,0,night,pa_6_rev,-E5,25.0,5,0.0,0,0.0,0.0,0,0,5,3,0.0,0,0,0.0,54,0.0,0.0,0.0,0.0,0.0,0.0,0.0,0.0,0.0,0.0,0.0,0.0,0.0
158.0,0,2,0,0,night,pa_6_rev,-E5,25.0,5,0.0,0,0.0,0.0,0,0,5,3,0.0,0,0,0.0,54,0.0,0.0,0.0,0.0,0.0,0.0,0.0,0.0,0.0,0.0,0.0,0.0,0.0
159.0,0,2,0,0,night,pa_6_rev,-E5,25.0,5,0.0,0,0.0,0.0,0,0,5,3,0.0,0,0,0.0,54,0.0,0.0,0.0,0.0,0.0,0.0,0.0,0.0,0.0,0.0,0.0,0.0,0.0
160.0,0,2,0,0,night,pa_6_rev,-E5,25.0,5,0.0,0,0.0,0.0,0,0,5,3,0.0,0,0,0.0,54,0.0,0.0,0.0,0.0,0.0,0.0,0.0,0.0,0.0,0.0,0.0,0.0,0.0
161.0,0,2,0,0,night,pa_6_rev,-E5,25.0,5,0.0,0,0.0,0.0,0,0,5,3,0.0,0,0,0.0,56,0.0,0.0,0.0,0.0,0.0,0.0,0.0,0.0,0.0,0.0,0.0,0.0,0.0
162.0,0,2,0,0,night,pa_6_rev,-E5,25.0,5,0.0,0,0.0,0.0,0,0,5,3,0.0,0,0,0.0,56,0.0,0.0,0.0,0.0,0.0,0.0,0.0,0.0,0.0,0.0,0.0,0.0,0.0
163.0,0,2,0,0,night,pa_6_rev,-E5,25.0,5,0.0,0,0.0,0.0,0,0,5,3,0.0,0,0,0.0,56,0.0,0.0,0.0,0.0,0.0,0.0,0.0,0.0,0.0,0.0,0.0,0.0,0.0
164.0,0,2,0,0,night,pa_6_rev,-E5,25.0,5,0.0,0,0.0,0.0,0,0,5,3,0.0,0,0,0.0,56,0.0,0.0,0.0,0.0,0.0,0.0,0.0,0.0,0.0,0.0,0.0,0.0,0.0
165.0,0,2,0,0,night,pa_6_rev,-E5,25.0,5,0.0,0,0.0,0.0,0,0,5,3,0.0,0,0,0.0,56,0.0,0.0,0.0,0.0,0.0,0.0,0.0,0.0,0.0,0.0,0.0,0.0,0.0
166.0,0,2,0,0,night,pa_6_rev,-E5,25.0,5,0.0,0,0.0,0.0,0,0,5,3,0.0,0,0,0.0,56,0.0,0.0,0.0,0.0,0.0,0.0,0.0,0.0,0.0,0.0,0.0,0.0,0.0
167.0,0,2,0,0,night,pa_6_rev,-E5,25.0,5,0.0,0,0.0,0.0,0,0,5,3,0.0,0,0,0.0,56,0.0,0.0,0.0,0.0,0.0,0.0,0.0,0.0,0.0,0.0,0.0,0.0,0.0
168.0,0,2,0,0,night,pa_6_rev,-E5,25.0,5,0.0,0,0.0,0.0,0,0,5,3,0.0,0,0,0.0,56,0.0,0.0,0.0,0.0,0.0,0.0,0.0,0.0,0.0,0.0,0.0,0.0,0.0
169.0,0,2,0,0,night,pa_6_rev,-E5,25.0,5,0.0,0,0.0,0.0,0,0,5,3,0.0,0,0,0.0,56,0.0,0.0,0.0,0.0,0.0,0.0,0.0,0.0,0.0,0.0,0.0,0.0,0.0
170.0,0,2,0,0,night,pa_6_rev,-E5,25.0,5,0.0,0,0.0,0.0,0,0,5,3,0.0,0,0,0.0,56,0.0,0.0,0.0,0.0,0.0,0.0,0.0,0.0,0.0,0.0,0.0,0.0,0.0
171.0,0,2,0,0,night,pa_6_rev,-E5,25.0,5,0.0,0,0.0,0.0,0,0,5,3,0.0,0,0,0.0,56,0.0,0.0,0.0,0.0,0.0,0.0,0.0,0.0,0.0,0.0,0.0,0.0,0.0
172.0,0,2,0,0,night,pa_6_rev,-E5,25.0,5,0.0,0,0.0,0.0,0,0,5,3,0.0,0,0,0.0,56,0.0,0.0,0.0,0.0,0.0,0.0,0.0,0.0,0.0,0.0,0.0,0.0,0.0
173.0,0,2,0,0,night,pa_6_rev,-E5,25.0,5,0.0,0,0.0,0.0,0,0,5,3,0.0,0,0,0.0,56,0.0,0.0,0.0,0.0,0.0,0.0,0.0,0.0,0.0,0.0,0.0,0.0,0.0
174.0,0,2,0,0,night,pa_6_rev,-E5,25.0,5,0.0,0,0.0,0.0,0,0,5,3,0.0,0,0,0.0,56,0.0,0.0,0.0,0.0,0.0,0.0,0.0,0.0,0.0,0.0,0.0,0.0,0.0
175.0,0,2,0,0,night,pa_6_rev,-E5,25.0,5,0.0,0,0.0,0.0,0,0,5,3,0.0,0,0,0.0,56,0.0,0.0,0.0,0.0,0.0,0.0,0.0,0.0,0.0,0.0,0.0,0.0,0.0
176.0,0,2,0,0,night,pa_6_rev,-E5,25.0,5,0.0,0,0.0,0.0,0,0,5,3,0.0,0,0,0.0,56,0.0,0.0,0.0,0.0,0.0,0.0,0.0,0.0,0.0,0.0,0.0,0.0,0.0
177.0,0,2,0,0,night,pa_6_rev,-E5,25.0,5,0.0,0,0.0,0.0,0,0,5,3,0.0,0,0,0.0,56,0.0,0.0,0.0,0.0,0.0,0.0,0.0,0.0,0.0,0.0,0.0,0.0,0.0
178.0,0,2,0,0,night,pa_6_rev,-E5,25.0,5,0.0,0,0.0,0.0,0,0,5,3,0.0,0,0,0.0,56,0.0,0.0,0.0,0.0,0.0,0.0,0.0,0.0,0.0,0.0,0.0,0.0,0.0
179.0,0,2,0,0,night,pa_6_rev,-E5,25.0,5,0.0,0,0.0,0.0,0,0,5,3,0.0,0,0,0.0,56,0.0,0.0,0.0,0.0,0.0,0.0,0.0,0.0,0.0,0.0,0.0,0.0,0.0
180.0,0,3,0,0,night,pa_6_rev,-E5,25.0,5,0.0,0,0.0,0.0,0,0,5,3,0.0,0,0,0.0,56,0.0,0.0,0.0,0.0,0.0,0.0,0.0,0.0,0.0,0.0,0.0,0.0,0.0
181.0,0,3,0,0,night,pa_6_rev,-E5,25.0,5,0.0,0,0.0,0.0,0,0,5,3,20.0,1,0,2.27,59,0.0,0.0,0.0,0.0,0.0,0.0,0.0,0.0,0.0,0.0,0.0,0.0,0.0
182.0,0,3,0,0,night,pa_6_rev,-E5,25.0,5,0.0,0,0.0,0.0,0,0,5,3,40.0,2,0,4.55,59,0.0,0.0,0.0,0.0,0.0,0.0,0.0,20.0,0.0,0.0,0.0,0.0,0.0
183.0,0,3,0,0,night,pa_6_rev,-E5,25.0,5,0.0,0,0.0,0.0,0,0,5,3,60.0,3,0,6.82,61,0.0,0.0,0.0,0.0,0.0,0.0,0.0,40.0,0.0,0.0,0.0,0.0,0.0
184.0,0,3,0,0,night,pa_6_rev,-E5,25.0,5,0.0,0,0.0,0.0,0,0,5,3,60.0,3,0,6.82,61,0.0,0.0,0.0,0.0,0.0,0.0,0.0,60.0,0.0,0.0,0.0,0.0,0.0
185.0,0,3,0,0,night,pa_6_rev,-E5,25.0,5,0.0,0,0.0,0.0,0,0,5,3,60.0,3,0,6.82,61,0.0,0.0,0.0,0.0,0.0,0.0,0.0,60.0,0.0,0.0,0.0,0.0,0.0
186.0,0,3,0,0,night,pa_6_rev,-E5,25.0,5,0.0,0,0.0,0.0,0,0,5,3,60.0,3,0,6.82,62,0.0,0.0,0.0,0.0,0.0,0.0,0.0,60.0,20.0,0.0,0.0,0.0,0.0
187.0,0,3,0,0,night,pa_6_rev,-E5,25.0,5,0.0,0,0.0,0.0,0,0,5,3,60.0,3,0,6.82,62,0.0,0.0,0.0,0.0,0.0,0.0,0.0,60.0,40.0,0.0,0.0,0.0,0.0
188.0,0,3,0,0,night,pa_6_rev,-E5,25.0,5,0.0,0,0.0,0.0,0,0,5,3,105.0,5,0,11.36,63,0.0,0.0,0.0,0.0,0.0,0.0,0.0,60.0,60.0,0.0,0.0,0.0,0.0
189.0,0,3,0,0,night,pa_6_rev,-E5,25.0,5,25.0,1,20.0,0.0,0,0,4,3,150.0,7,0,15.91,63,25.0,0.12,0.2,0.0,0.0,0.0,0.0,105.0,60.0,5.0,2.5,0.2,0.1
190.0,0,3,0,0,night,pa_6_rev,-E5,25.0,5,25.0,1,20.0,0.0,0,0,4,3,150.0,7,0,15.91,63,25.0,0.12,0.2,25.0,0.0,1.0,0.0,150.0,60.0,10.0,5.0,0.4,0.2
191.0,0,3,0,0,night,pa_6_rev,-E5,25.0,5,25.0,1,20.0,0.0,0,0,4,3,170.0,8,0,18.18,63,25.0,0.12,0.2,25.0,0.0,1.0,0.0,150.0,60.0,15.0,7.5,0.6,0.3
192.0,0,3,0,0,night,pa_6_rev,-E5,25.0,5,25.0,1,20.0,0.0,0,0,4,3,170.0,8,0,18.18,63,25.0,0.12,0.2,25.0,0.0,1.0,0.0,170.0,60.0,20.0,10.0,0.8,0.4
193.0,0,3,0,0,night,pa_6_rev,-E5,25.0,5,25.0,1,20.0,0.0,0,0,4,3,170.0,8,0,18.18,63,25.0,0.12,0.2,25.0,0.0,1.0,0.0,170.0,105.0,25.0,12.5,1.0,0.5
194.0,0,3,0,0,night,pa_6_rev,-E5,25.0,5,25.0,1,20.0,0.0,0,0,4,3,170.0,8,0,18.18,63,25.0,0.12,0.2,25.0,25.0,1.0,1.0,170.0,150.0,25.0,15.0,1.0,0.6
195.0,0,3,0,0,night,pa_6_rev,-E5,25.0,5,25.0,1,20.0,0.0,0,0,4,3,170.0,8,0,18.18,63,25.0,0.12,0.2,25.0,25.0,1.0,1.0,170.0,150.0,25.0,17.5,1.0,0.7
196.0,0,3,0,0,night,pa_6_rev,-E5,25.0,5,25.0,1,20.0,0.0,0,0,4,3,170.0,8,0,18.18,63,25.0,0.12,0.2,25.0,25.0,1.0,1.0,170.0,170.0,25.0,20.0,1.0,0.8
197.0,0,3,0,0,night,pa_6_rev,-E5,25.0,5,25.0,1,20.0,0.0,0,0,4,3,170.0,8,0,18.18,63,25.0,0.12,0.2,25.0,25.0,1.0,1.0,170.0,170.0,25.0,22.5,1.0,0.9
198.0,0,3,0,0,night,pa_6_rev,-E5,25.0,5,25.0,1,20.0,0.0,0,0,4,3,170.0,8,0,18.18,63,25.0,0.12,0.2,25.0,25.0,1.0,1.0,170.0,170.0,25.0,25.0,1.0,1.0
199.0,0,3,0,0,night,pa_6_rev,-E5,25.0,5,25.0,1,20.0,0.0,0,0,4,3,170.0,8,0,18.18,63,25.0,0.12,0.2,25.0,25.0,1.0,1.0,170.0,170.0,25.0,25.0,1.0,1.0
200.0,0,3,0,0,night,pa_6_rev,-E5,25.0,5,25.0,1,20.0,0.0,0,0,4,3,170.0,8,0,18.18,63,25.0,0.12,0.2,25.0,25.0,1.0,1.0,170.0,170.0,25.0,25.0,1.0,1.0
201.0,0,3,0,0,night,pa_6_rev,-E5,25.0,5,25.0,1,20.0,0.0,0,0,4,3,170.0,8,0,18.18,64,25.0,0.12,0.2,25.0,25.0,1.0,1.0,170.0,170.0,25.0,25.0,1.0,1.0
202.0,0,3,0,0,night,pa_6_rev,-E5,25.0,5,25.0,1,20.0,0.0,0,0,4,3,170.0,8,0,18.18,64,25.0,0.12,0.2,25.0,25.0,1.0,1.0,170.0,170.0,25.0,25.0,1.0,1.0
203.0,0,3,0,0,night,pa_6_rev,-E5,25.0,5,25.0,1,20.0,0.0,0,0,4,3,170.0,8,0,18.18,64,25.0,0.12,0.2,25.0,25.0,1.0,1.0,170.0,170.0,25.0,25.0,1.0,1.0
204.0,0,3,0,0,night,pa_6_rev,-E5,25.0,5,25.0,1,20.0,0.0,0,0,4,3,170.0,8,0,18.18,64,25.0,0.12,0.2,25.0,25.0,1.0,1.0,170.0,170.0,25.0,25.0,1.0,1.0
205.0,0,3,0,0,night,pa_6_rev,-E5,25.0,5,25.0,1,20.0,0.0,0,0,4,3,170.0,8,0,18.18,64,25.0,0.12,0.2,25.0,25.0,1.0,1.0,170.0,170.0,25.0,25.0,1.0,1.0
206.0,0,3,0,0,night,pa_6_rev,-E5,25.0,5,25.0,1,20.0,0.0,0,0,4,3,170.0,8,0,18.18,69,25.0,0.12,0.2,25.0,25.0,1.0,1.0,170.0,170.0,25.0,25.0,1.0,1.0
207.0,0,3,0,0,night,pa_6_rev,-E5,25.0,5,25.0,1,20.0,0.0,0,0,4,3,170.0,8,0,18.18,69,25.0,0.12,0.2,25.0,25.0,1.0,1.0,170.0,170.0,25.0,25.0,1.0,1.0
208.0,0,3,0,0,night,pa_6_rev,-E5,25.0,5,25.0,1,20.0,0.0,0,0,4,3,170.0,8,0,18.18,69,25.0,0.12,0.2,25.0,25.0,1.0,1.0,170.0,170.0,25.0,25.0,1.0,1.0
209.0,0,3,0,0,night,pa_6_rev,-E5,25.0,5,25.0,1,20.0,0.0,0,0,4,3,170.0,8,0,18.18,69,25.0,0.12,0.2,25.0,25.0,1.0,1.0,170.0,170.0,25.0,25.0,1.0,1.0
210.0,0,3,0,0,night,pa_6_rev,-E5,25.0,5,25.0,1,20.0,0.0,0,0,4,3,170.0,8,0,18.18,69,25.0,0.12,0.2,25.0,25.0,1.0,1.0,170.0,170.0,25.0,25.0,1.0,1.0
211.0,0,3,0,0,night,pa_6_rev,-E5,25.0,5,25.0,1,20.0,0.0,0,0,4,3,170.0,8,0,18.18,69,25.0,0.12,0.2,25.0,25.0,1.0,1.0,170.0,170.0,25.0,25.0,1.0,1.0
212.0,0,3,0,0,night,pa_6_rev,-E5,25.0,5,25.0,1,20.0,0.0,0,0,4,3,170.0,8,0,18.18,69,25.0,0.12,0.2,25.0,25.0,1.0,1.0,170.0,170.0,25.0,25.0,1.0,1.0
213.0,0,3,0,0,night,pa_6_rev,-E5,25.0,5,25.0,1,20.0,0.0,0,0,4,3,170.0,8,0,18.18,69,25.0,0.12,0.2,25.0,25.0,1.0,1.0,170.0,170.0,25.0,25.0,1.0,1.0
214.0,0,3,0,0,night,pa_6_rev,-E5,25.0,5,25.0,1,20.0,0.0,0,0,4,3,170.0,8,0,18.18,69,25.0,0.12,0.2,25.0,25.0,1.0,1.0,170.0,170.0,25.0,25.0,1.0,1.0
215.0,0,3,0,0,night,pa_6_rev,-E5,25.0,5,25.0,1,20.0,0.0,0,0,4,3,170.0,8,0,18.18,69,25.0,0.12,0.2,25.0,25.0,1.0,1.0,170.0,170.0,25.0,25.0,1.0,1.0
216.0,0,3,0,0,night,pa_6_rev,-E5,25.0,5,25.0,1,20.0,0.0,0,0,4,3,170.0,8,0,18.18,69,25.0,0.12,0.2,25.0,25.0,1.0,1.0,170.0,170.0,25.0,25.0,1.0,1.0
217.0,0,3,0,0,night,pa_6_rev,-E5,25.0,5,25.0,1,20.0,0.0,0,0,4,3,170.0,8,0,18.18,71,25.0,0.12,0.2,25.0,25.0,1.0,1.0,170.0,170.0,25.0,25.0,1.0,1.0
218.0,0,3,0,0,night,pa_6_rev,-E5,25.0,5,25.0,1,20.0,0.0,0,0,4,3,170.0,8,0,18.18,71,25.0,0.12,0.2,25.0,25.0,1.0,1.0,170.0,170.0,25.0,25.0,1.0,1.0
219.0,0,3,0,0,night,pa_6_rev,-E5,25.0,5,25.0,1,20.0,0.0,0,0,4,3,170.0,8,0,18.18,71,25.0,0.12,0.2,25.0,25.0,1.0,1.0,170.0,170.0,25.0,25.0,1.0,1.0
220.0,0,3,0,0,night,pa_6_rev,-E5,25.0,5,25.0,1,20.0,0.0,0,0,4,3,170.0,8,0,18.18,71,25.0,0.12,0.2,25.0,25.0,1.0,1.0,170.0,170.0,25.0,25.0,1.0,1.0
221.0,0,3,0,0,night,pa_6_rev,-E5,25.0,5,25.0,1,20.0,0.0,0,0,4,3,170.0,8,0,18.18,71,25.0,0.12,0.2,25.0,25.0,1.0,1.0,170.0,170.0,25.0,25.0,1.0,1.0
222.0,0,3,0,0,night,pa_6_rev,-E5,25.0,5,25.0,1,20.0,0.0,0,0,4,3,195.0,9,0,20.45,71,25.0,0.12,0.2,25.0,25.0,1.0,1.0,170.0,170.0,25.0,25.0,1.0,1.0
223.0,0,3,0,0,night,pa_6_rev,-E5,25.0,5,25.0,1,20.0,0.0,0,0,4,3,195.0,9,0,20.45,71,25.0,0.12,0.2,25.0,25.0,1.0,1.0,195.0,170.0,25.0,25.0,1.0,1.0
224.0,0,3,0,0,night,pa_6_rev,-E5,25.0,5,25.0,1,20.0,0.0,0,0,4,3,195.0,9,0,20.45,71,25.0,0.12,0.2,25.0,25.0,1.0,1.0,195.0,170.0,25.0,25.0,1.0,1.0
225.0,0,3,0,0,night,pa_6_rev,-E5,25.0,5,25.0,1,20.0,0.0,0,0,4,3,195.0,9,0,20.45,71,25.0,0.12,0.2,25.0,25.0,1.0,1.0,195.0,170.0,25.0,25.0,1.0,1.0
226.0,0,3,0,0,night,pa_6_rev,-E5,25.0,5,25.0,1,20.0,0.0,0,0,4,3,195.0,9,0,20.45,72,25.0,0.12,0.2,25.0,25.0,1.0,1.0,195.0,170.0,25.0,25.0,1.0,1.0
227.0,0,3,0,0,night,pa_6_rev,-E5,25.0,5,25.0,1,20.0,0.0,0,0,4,3,195.0,9,0,20.45,72,25.0,0.12,0.2,25.0,25.0,1.0,1.0,195.0,195.0,25.0,25.0,1.0,1.0
228.0,0,3,0,0,night,pa_6_rev,-E5,25.0,5,25.0,1,20.0,0.0,0,0,4,3,195.0,9,0,20.45,72,25.0,0.12,0.2,25.0,25.0,1.0,1.0,195.0,195.0,25.0,25.0,1.0,1.0
229.0,0,3,0,0,night,pa_6_rev,-E5,25.0,5,25.0,1,20.0,0.0,0,0,4,3,195.0,9,0,20.45,72,25.0,0.12,0.2,25.0,25.0,1.0,1.0,195.0,195.0,25.0,25.0,1.0,1.0
230.0,0,3,0,0,night,pa_6_rev,-E5,25.0,5,25.0,1,20.0,0.0,0,0,4,3,195.0,9,0,20.45,72,25.0,0.12,0.2,25.0,25.0,1.0,1.0,195.0,195.0,25.0,25.0,1.0,1.0
231.0,0,3,0,0,night,pa_6_rev,-E5,25.0,5,25.0,1,20.0,0.0,0,0,4,3,195.0,9,0,20.45,72,25.0,0.12,0.2,25.0,25.0,1.0,1.0,195.0,195.0,25.0,25.0,1.0,1.0
232.0,0,3,0,0,night,pa_6_rev,-E5,25.0,5,25.0,1,20.0,0.0,0,0,4,3,195.0,9,0,20.45,72,25.0,0.12,0.2,25.0,25.0,1.0,1.0,195.0,195.0,25.0,25.0,1.0,1.0
233.0,0,3,0,0,night,pa_6_rev,-E5,25.0,5,25.0,1,20.0,0.0,0,0,4,3,195.0,9,0,20.45,72,25.0,0.12,0.2,25.0,25.0,1.0,1.0,195.0,195.0,25.0,25.0,1.0,1.0
234.0,0,3,0,0,night,pa_6_rev,-E5,25.0,5,25.0,1,20.0,0.0,0,0,4,3,195.0,9,0,20.45,72,25.0,0.12,0.2,25.0,25.0,1.0,1.0,195.0,195.0,25.0,25.0,1.0,1.0
235.0,0,3,0,0,night,pa_6_rev,-E5,25.0,5,25.0,1,20.0,0.0,0,0,4,3,195.0,9,0,20.45,72,25.0,0.12,0.2,25.0,25.0,1.0,1.0,195.0,195.0,25.0,25.0,1.0,1.0
236.0,0,3,0,0,night,pa_6_rev,-E5,25.0,5,25.0,1,20.0,0.0,0,0,4,3,195.0,9,0,20.45,72,25.0,0.12,0.2,25.0,25.0,1.0,1.0,195.0,195.0,25.0,25.0,1.0,1.0
237.0,0,3,0,0,night,pa_6_rev,-E5,25.0,5,25.0,1,20.0,0.0,0,0,4,3,195.0,9,0,20.45,72,25.0,0.12,0.2,25.0,25.0,1.0,1.0,195.0,195.0,25.0,25.0,1.0,1.0
238.0,0,3,0,0,night,pa_6_rev,-E5,25.0,5,25.0,1,20.0,0.0,0,0,4,3,220.0,10,0,22.73,72,25.0,0.12,0.2,25.0,25.0,1.0,1.0,195.0,195.0,25.0,25.0,1.0,1.0
239.0,0,3,0,0,night,pa_6_rev,-E5,25.0,5,25.0,1,20.0,0.0,0,0,4,3,220.0,10,0,22.73,72,25.0,0.12,0.2,25.0,25.0,1.0,1.0,220.0,195.0,25.0,25.0,1.0,1.0
240.0,0,4,0,0,night,pa_6_rev,-E5,25.0,5,25.0,1,20.0,0.0,0,0,4,3,220.0,10,0,22.73,72,25.0,0.12,0.2,25.0,25.0,1.0,1.0,220.0,195.0,25.0,25.0,1.0,1.0
241.0,0,4,0,0,night,pa_6_rev,-E5,25.0,5,25.0,1,20.0,0.0,0,0,4,3,220.0,10,0,22.73,76,25.0,0.12,0.2,25.0,25.0,1.0,1.0,220.0,195.0,25.0,25.0,1.0,1.0
242.0,0,4,0,0,night,pa_6_rev,-E5,25.0,5,25.0,1,20.0,0.0,0,0,4,3,220.0,10,0,22.73,76,25.0,0.12,0.2,25.0,25.0,1.0,1.0,220.0,195.0,25.0,25.0,1.0,1.0
243.0,0,4,0,0,night,pa_6_rev,-E5,25.0,5,25.0,1,20.0,0.0,0,0,4,3,220.0,10,0,22.73,78,25.0,0.12,0.2,25.0,25.0,1.0,1.0,220.0,220.0,25.0,25.0,1.0,1.0
244.0,0,4,0,0,night,pa_6_rev,-E5,25.0,5,25.0,1,20.0,0.0,0,0,4,3,220.0,10,0,22.73,78,25.0,0.12,0.2,25.0,25.0,1.0,1.0,220.0,220.0,25.0,25.0,1.0,1.0
245.0,0,4,0,0,night,pa_6_rev,-E5,25.0,5,25.0,1,20.0,0.0,0,0,4,3,220.0,10,0,22.73,78,25.0,0.12,0.2,25.0,25.0,1.0,1.0,220.0,220.0,25.0,25.0,1.0,1.0
246.0,0,4,0,0,night,pa_6_rev,-E5,25.0,5,25.0,1,20.0,0.0,0,0,4,3,220.0,10,0,22.73,79,25.0,0.12,0.2,25.0,25.0,1.0,1.0,220.0,220.0,25.0,25.0,1.0,1.0
247.0,0,4,0,0,night,pa_6_rev,-E5,25.0,5,25.0,1,20.0,0.0,0,0,4,3,240.0,11,0,25.0,79,25.0,0.12,0.2,25.0,25.0,1.0,1.0,220.0,220.0,25.0,25.0,1.0,1.0
248.0,0,4,0,0,night,pa_6_rev,-E5,25.0,5,25.0,1,20.0,0.0,0,0,4,3,240.0,11,0,25.0,80,25.0,0.12,0.2,25.0,25.0,1.0,1.0,240.0,220.0,25.0,25.0,1.0,1.0
249.0,0,4,0,0,night,pa_6_rev,-E5,25.0,5,25.0,1,20.0,0.0,0,0,4,3,240.0,11,0,25.0,80,25.0,0.12,0.2,25.0,25.0,1.0,1.0,240.0,220.0,25.0,25.0,1.0,1.0
250.0,0,4,0,0,night,pa_6_rev,-E5,25.0,5,25.0,1,20.0,0.0,0,0,4,3,240.0,11,0,25.0,80,25.0,0.12,0.2,25.0,25.0,1.0,1.0,240.0,220.0,25.0,25.0,1.0,1.0
251.0,0,4,0,0,night,pa_6_rev,-E5,25.0,5,25.0,1,20.0,0.0,0,0,4,3,240.0,11,0,25.0,80,25.0,0.12,0.2,25.0,25.0,1.0,1.0,240.0,220.0,25.0,25.0,1.0,1.0
252.0,0,4,0,0,night,pa_6_rev,-E5,25.0,5,25.0,1,20.0,0.0,0,0,4,3,260.0,12,0,27.27,80,25.0,0.12,0.2,25.0,25.0,1.0,1.0,240.0,240.0,25.0,25.0,1.0,1.0
253.0,0,4,0,0,night,pa_6_rev,-E5,25.0,5,25.0,1,20.0,0.0,0,0,4,3,260.0,12,0,27.27,80,25.0,0.12,0.2,25.0,25.0,1.0,1.0,260.0,240.0,25.0,25.0,1.0,1.0
254.0,0,4,0,0,night,pa_6_rev,-E5,25.0,5,25.0,1,20.0,0.0,0,0,4,3,260.0,12,0,27.27,80,25.0,0.12,0.2,25.0,25.0,1.0,1.0,260.0,240.0,25.0,25.0,1.0,1.0
255.0,0,4,0,0,night,pa_6_rev,-E5,25.0,5,25.0,1,20.0,0.0,0,0,4,3,260.0,12,0,27.27,80,25.0,0.12,0.2,25.0,25.0,1.0,1.0,260.0,240.0,25.0,25.0,1.0,1.0
256.0,0,4,0,0,night,pa_6_rev,-E5,25.0,5,25.0,1,20.0,0.0,0,0,4,3,260.0,12,0,27.27,80,25.0,0.12,0.2,25.0,25.0,1.0,1.0,260.0,240.0,25.0,25.0,1.0,1.0
257.0,0,4,0,0,night,pa_6_rev,-E5,25.0,5,25.0,1,20.0,0.0,0,0,4,3,280.0,13,0,29.55,80,25.0,0.12,0.2,25.0,25.0,1.0,1.0,260.0,260.0,25.0,25.0,1.0,1.0
258.0,0,4,0,0,night,pa_6_rev,-E5,25.0,5,25.0,1,20.0,0.0,0,0,4,3,280.0,13,0,29.55,82,25.0,0.12,0.2,25.0,25.0,1.0,1.0,280.0,260.0,25.0,25.0,1.0,1.0
259.0,0,4,0,0,night,pa_6_rev,-E5,25.0,5,25.0,1,20.0,0.0,0,0,4,3,280.0,13,0,29.55,82,25.0,0.12,0.2,25.0,25.0,1.0,1.0,280.0,260.0,25.0,25.0,1.0,1.0
260.0,0,4,0,0,night,pa_6_rev,-E5,25.0,5,25.0,1,20.0,0.0,0,0,4,3,280.0,13,0,29.55,82,25.0,0.12,0.2,25.0,25.0,1.0,1.0,280.0,260.0,25.0,25.0,1.0,1.0
261.0,0,4,0,0,night,pa_6_rev,-E5,25.0,5,25.0,1,20.0,0.0,0,0,4,3,280.0,13,0,29.55,82,25.0,0.12,0.2,25.0,25.0,1.0,1.0,280.0,260.0,25.0,25.0,1.0,1.0
262.0,0,4,0,0,night,pa_6_rev,-E5,25.0,5,25.0,1,20.0,0.0,0,0,4,3,280.0,13,0,29.55,82,25.0,0.12,0.2,25.0,25.0,1.0,1.0,280.0,280.0,25.0,25.0,1.0,1.0
263.0,0,4,0,0,night,pa_6_rev,-E5,25.0,5,25.0,1,20.0,0.0,0,0,4,3,280.0,13,0,29.55,82,25.0,0.12,0.2,25.0,25.0,1.0,1.0,280.0,280.0,25.0,25.0,1.0,1.0
264.0,0,4,0,0,night,pa_6_rev,-E5,25.0,5,25.0,1,20.0,0.0,0,0,4,3,280.0,13,0,29.55,82,25.0,0.12,0.2,25.0,25.0,1.0,1.0,280.0,280.0,25.0,25.0,1.0,1.0
265.0,0,4,0,0,night,pa_6_rev,-E5,25.0,5,25.0,1,20.0,0.0,0,0,4,3,280.0,13,0,29.55,82,25.0,0.12,0.2,25.0,25.0,1.0,1.0,280.0,280.0,25.0,25.0,1.0,1.0
266.0,0,4,0,0,night,pa_6_rev,-E5,25.0,5,25.0,1,20.0,0.0,0,0,4,3,300.0,14,0,31.82,82,25.0,0.12,0.2,25.0,25.0,1.0,1.0,280.0,280.0,25.0,25.0,1.0,1.0
267.0,0,4,0,0,night,pa_6_rev,-E5,25.0,5,25.0,1,20.0,0.0,0,0,4,3,300.0,14,0,31.82,82,25.0,0.12,0.2,25.0,25.0,1.0,1.0,300.0,280.0,25.0,25.0,1.0,1.0
268.0,0,4,0,0,night,pa_6_rev,-E5,25.0,5,25.0,1,20.0,0.0,0,0,4,3,325.0,15,0,34.09,82,25.0,0.12,0.2,25.0,25.0,1.0,1.0,300.0,280.0,25.0,25.0,1.0,1.0
269.0,0,4,0,0,night,pa_6_rev,-E5,25.0,5,50.0,2,40.0,0.0,0,0,3,3,350.0,16,0,36.36,82,25.0,0.25,0.4,25.0,25.0,1.0,1.0,325.0,280.0,30.0,27.5,1.2,1.1
270.0,0,4,0,0,night,pa_6_rev,-E5,25.0,5,50.0,2,40.0,0.0,0,0,3,3,370.0,17,0,38.64,82,25.0,0.25,0.4,50.0,25.0,2.0,1.0,350.0,280.0,35.0,30.0,1.4,1.2
271.0,0,4,0,0,night,pa_6_rev,-E5,25.0,5,50.0,2,40.0,0.0,0,0,3,3,370.0,17,0,38.64,83,25.0,0.25,0.4,50.0,25.0,2.0,1.0,370.0,300.0,40.0,32.5,1.6,1.3
272.0,0,4,0,0,night,pa_6_rev,-E5,25.0,5,50.0,2,40.0,0.0,0,0,3,3,390.0,18,0,40.91,83,25.0,0.25,0.4,50.0,25.0,2.0,1.0,370.0,300.0,45.0,35.0,1.8,1.4
273.0,0,4,0,0,night,pa_6_rev,-E5,25.0,5,50.0,2,40.0,0.0,0,0,3,3,415.0,19,0,43.18,84,25.0,0.25,0.4,50.0,25.0,2.0,1.0,390.0,325.0,50.0,37.5,2.0,1.5
274.0,0,4,0,0,night,pa_6_rev,-E5,25.0,5,50.0,2,40.0,0.0,0,0,3,3,440.0,20,0,45.45,84,25.0,0.25,0.4,50.0,50.0,2.0,2.0,415.0,350.0,50.0,40.0,2.0,1.6
275.0,0,4,0,0,night,pa_6_rev,-E5,25.0,5,50.0,2,40.0,0.0,0,0,3,3,480.0,22,0,50.0,84,25.0,0.25,0.4,50.0,50.0,2.0,2.0,440.0,370.0,50.0,42.5,2.0,1.7
276.0,0,4,0,0,night,pa_6_rev,-E5,25.0,5,50.0,2,40.0,0.0,0,0,3,3,500.0,23,0,52.27,84,25.0,0.25,0.4,50.0,50.0,2.0,2.0,480.0,370.0,50.0,45.0,2.0,1.8
277.0,0,4,0,0,night,pa_6_rev,-E5,25.0,5,50.0,2,40.0,0.0,0,0,3,3,500.0,23,0,52.27,84,25.0,0.25,0.4,50.0,50.0,2.0,2.0,500.0,390.0,50.0,47.5,2.0,1.9
278.0,0,4,0,0,night,pa_6_rev,-E5,25.0,5,50.0,2,40.0,0.0,0,0,3,3,500.0,23,0,52.27,84,25.0,0.25,0.4,50.0,50.0,2.0,2.0,500.0,415.0,50.0,50.0,2.0,2.0
279.0,0,4,0,0,night,pa_6_rev,-E5,25.0,5,50.0,2,40.0,0.0,0,0,3,3,500.0,23,0,52.27,84,25.0,0.25,0.4,50.0,50.0,2.0,2.0,500.0,440.0,50.0,50.0,2.0,2.0
280.0,0,4,0,0,night,pa_6_rev,-E5,25.0,5,50.0,2,40.0,0.0,0,0,3,3,520.0,24,0,54.55,84,25.0,0.25,0.4,50.0,50.0,2.0,2.0,500.0,480.0,50.0,50.0,2.0,2.0
281.0,0,4,0,0,night,pa_6_rev,-E5,25.0,5,50.0,2,40.0,0.0,0,0,3,3,545.0,25,0,56.82,85,25.0,0.25,0.4,50.0,50.0,2.0,2.0,520.0,500.0,50.0,50.0,2.0,2.0
282.0,0,4,0,0,night,pa_6_rev,-E5,25.0,5,50.0,2,40.0,0.0,0,0,3,3,545.0,25,0,56.82,85,25.0,0.25,0.4,50.0,50.0,2.0,2.0,545.0,500.0,50.0,50.0,2.0,2.0
283.0,0,4,0,0,night,pa_6_rev,-E5,25.0,5,50.0,2,40.0,0.0,0,0,3,3,545.0,25,0,56.82,85,25.0,0.25,0.4,50.0,50.0,2.0,2.0,545.0,500.0,50.0,50.0,2.0,2.0
284.0,0,4,0,0,night,pa_6_rev,-E5,25.0,5,50.0,2,40.0,0.0,0,0,3,3,545.0,25,0,56.82,85,25.0,0.25,0.4,50.0,50.0,2.0,2.0,545.0,500.0,50.0,50.0,2.0,2.0
285.0,0,4,0,0,night,pa_6_rev,-E5,25.0,5,50.0,2,40.0,0.0,0,0,3,3,545.0,25,0,56.82,85,25.0,0.25,0.4,50.0,50.0,2.0,2.0,545.0,520.0,50.0,50.0,2.0,2.0
286.0,0,4,0,0,night,pa_6_rev,-E5,25.0,5,50.0,2,40.0,0.0,0,0,3,3,545.0,25,0,56.82,85,25.0,0.25,0.4,50.0,50.0,2.0,2.0,545.0,545.0,50.0,50.0,2.0,2.0
287.0,0,4,0,0,night,pa_6_rev,-E5,25.0,5,50.0,2,40.0,0.0,0,0,3,3,545.0,25,0,56.82,85,25.0,0.25,0.4,50.0,50.0,2.0,2.0,545.0,545.0,50.0,50.0,2.0,2.0
288.0,0,4,0,0,night,pa_6_rev,-E5,25.0,5,50.0,2,40.0,0.0,0,0,3,3,545.0,25,0,56.82,85,25.0,0.25,0.4,50.0,50.0,2.0,2.0,545.0,545.0,50.0,50.0,2.0,2.0
289.0,0,4,0,0,night,pa_6_rev,-E5,25.0,5,50.0,2,40.0,0.0,0,0,3,3,545.0,25,0,56.82,90,25.0,0.25,0.4,50.0,50.0,2.0,2.0,545.0,545.0,50.0,50.0,2.0,2.0
290.0,0,4,0,0,night,pa_6_rev,-E5,25.0,5,50.0,2,40.0,0.0,0,0,3,3,545.0,25,0,56.82,90,25.0,0.25,0.4,50.0,50.0,2.0,2.0,545.0,545.0,50.0,50.0,2.0,2.0
291.0,0,4,0,0,night,pa_6_rev,-E5,25.0,5,50.0,2,40.0,0.0,0,0,3,3,545.0,25,0,56.82,90,25.0,0.25,0.4,50.0,50.0,2.0,2.0,545.0,545.0,50.0,50.0,2.0,2.0
292.0,0,4,0,0,night,pa_6_rev,-E5,25.0,5,75.0,3,60.0,0.0,0,0,2,3,610.0,28,0,63.64,90,25.0,0.38,0.6,50.0,50.0,2.0,2.0,545.0,545.0,55.0,52.5,2.2,2.1
293.0,0,4,0,0,night,pa_6_rev,-E5,25.0,5,75.0,3,60.0,0.0,0,0,2,3,610.0,28,0,63.64,90,25.0,0.38,0.6,75.0,50.0,3.0,2.0,610.0,545.0,60.0,55.0,2.4,2.2
294.0,0,4,0,0,night,pa_6_rev,-E5,25.0,5,75.0,3,60.0,0.0,0,0,2,3,610.0,28,0,63.64,90,25.0,0.38,0.6,75.0,50.0,3.0,2.0,610.0,545.0,65.0,57.5,2.6,2.3
295.0,0,4,0,0,night,pa_6_rev,-E5,25.0,5,75.0,3,60.0,0.0,0,0,2,3,610.0,28,0,63.64,90,25.0,0.38,0.6,75.0,50.0,3.0,2.0,610.0,545.0,70.0,60.0,2.8,2.4
296.0,0,4,0,0,night,pa_6_rev,-E5,25.0,5,75.0,3,60.0,0.0,0,0,2,3,610.0,28,0,63.64,90,25.0,0.38,0.6,75.0,50.0,3.0,2.0,610.0,545.0,75.0,62.5,3.0,2.5
297.0,0,4,0,0,night,pa_6_rev,-E5,25.0,5,75.0,3,60.0,0.0,0,0,2,3,610.0,28,0,63.64,90,25.0,0.38,0.6,75.0,75.0,3.0,3.0,610.0,610.0,75.0,65.0,3.0,2.6
298.0,0,4,0,0,night,pa_6_rev,-E5,25.0,5,75.0,3,60.0,0.0,0,0,2,3,610.0,28,0,63.64,90,25.0,0.38,0.6,75.0,75.0,3.0,3.0,610.0,610.0,75.0,67.5,3.0,2.7
299.0,0,4,0,0,night,pa_6_rev,-E5,25.0,5,75.0,3,60.0,0.0,0,0,2,3,610.0,28,0,63.64,90,25.0,0.38,0.6,75.0,75.0,3.0,3.0,610.0,610.0,75.0,70.0,3.0,2.8
300.0,0,5,0,0,night,pa_6_rev,-E5,25.0,5,75.0,3,60.0,0.0,0,0,2,3,610.0,28,0,63.64,90,25.0,0.38,0.6,75.0,75.0,3.0,3.0,610.0,610.0,75.0,72.5,3.0,2.9
301.0,0,5,0,0,night,pa_6_rev,-E5,25.0,5,75.0,3,60.0,0.0,0,0,2,3,635.0,29,0,65.91,92,25.0,0.38,0.6,75.0,75.0,3.0,3.0,610.0,610.0,75.0,75.0,3.0,3.0
302.0,0,5,0,0,night,pa_6_rev,-E5,25.0,5,75.0,3,60.0,0.0,0,0,2,3,635.0,29,0,65.91,92,25.0,0.38,0.6,75.0,75.0,3.0,3.0,635.0,610.0,75.0,75.0,3.0,3.0
303.0,0,5,0,0,night,pa_6_rev,-E5,25.0,5,75.0,3,60.0,0.0,0,0,2,3,635.0,29,0,65.91,92,25.0,0.38,0.6,75.0,75.0,3.0,3.0,635.0,610.0,75.0,75.0,3.0,3.0
304.0,0,5,0,0,night,pa_6_rev,-E5,25.0,5,75.0,3,60.0,0.0,0,0,2,3,635.0,29,0,65.91,92,25.0,0.38,0.6,75.0,75.0,3.0,3.0,635.0,610.0,75.0,75.0,3.0,3.0
305.0,0,5,0,0,night,pa_6_rev,-E5,25.0,5,75.0,3,60.0,0.0,0,0,2,3,635.0,29,0,65.91,92,25.0,0.38,0.6,75.0,75.0,3.0,3.0,635.0,610.0,75.0,75.0,3.0,3.0
306.0,0,5,0,0,night,pa_6_rev,-E5,25.0,5,75.0,3,60.0,0.0,0,0,2,3,635.0,29,0,65.91,92,25.0,0.38,0.6,75.0,75.0,3.0,3.0,635.0,635.0,75.0,75.0,3.0,3.0
307.0,0,5,0,0,night,pa_6_rev,-E5,25.0,5,75.0,3,60.0,0.0,0,0,2,3,680.0,31,0,70.45,92,25.0,0.38,0.6,75.0,75.0,3.0,3.0,635.0,635.0,75.0,75.0,3.0,3.0
308.0,0,5,0,0,night,pa_6_rev,-E5,25.0,5,75.0,3,60.0,0.0,0,0,2,3,680.0,31,0,70.45,92,25.0,0.38,0.6,75.0,75.0,3.0,3.0,680.0,635.0,75.0,75.0,3.0,3.0
309.0,0,5,0,0,night,pa_6_rev,-E5,25.0,5,75.0,3,60.0,0.0,0,0,2,3,680.0,31,0,70.45,97,25.0,0.38,0.6,75.0,75.0,3.0,3.0,680.0,635.0,75.0,75.0,3.0,3.0
310.0,0,5,0,0,night,pa_6_rev,-E5,25.0,5,75.0,3,60.0,0.0,0,0,2,3,680.0,31,0,70.45,97,25.0,0.38,0.6,75.0,75.0,3.0,3.0,680.0,635.0,75.0,75.0,3.0,3.0
311.0,0,5,0,0,night,pa_6_rev,-E5,25.0,5,75.0,3,60.0,0.0,0,0,2,3,680.0,31,0,70.45,97,25.0,0.38,0.6,75.0,75.0,3.0,3.0,680.0,635.0,75.0,75.0,3.0,3.0
312.0,0,5,0,0,night,pa_6_rev,-E5,25.0,5,75.0,3,60.0,0.0,0,0,2,3,680.0,31,0,70.45,97,25.0,0.38,0.6,75.0,75.0,3.0,3.0,680.0,680.0,75.0,75.0,3.0,3.0
313.0,0,5,0,0,night,pa_6_rev,-E5,25.0,5,75.0,3,60.0,0.0,0,0,2,3,680.0,31,0,70.45,97,25.0,0.38,0.6,75.0,75.0,3.0,3.0,680.0,680.0,75.0,75.0,3.0,3.0
314.0,0,5,0,0,night,pa_6_rev,-E5,25.0,5,75.0,3,60.0,0.0,0,0,2,3,680.0,31,0,70.45,97,25.0,0.38,0.6,75.0,75.0,3.0,3.0,680.0,680.0,75.0,75.0,3.0,3.0
315.0,0,5,0,0,night,pa_6_rev,-E5,25.0,5,75.0,3,60.0,0.0,0,0,2,3,680.0,31,0,70.45,97,25.0,0.38,0.6,75.0,75.0,3.0,3.0,680.0,680.0,75.0,75.0,3.0,3.0
316.0,0,5,0,0,night,pa_6_rev,-E5,25.0,5,75.0,3,60.0,0.0,0,0,2,3,680.0,31,0,70.45,98,25.0,0.38,0.6,75.0,75.0,3.0,3.0,680.0,680.0,75.0,75.0,3.0,3.0
317.0,0,5,0,0,night,pa_6_rev,-E5,25.0,5,75.0,3,60.0,0.0,0,0,2,3,680.0,31,0,70.45,98,25.0,0.38,0.6,75.0,75.0,3.0,3.0,680.0,680.0,75.0,75.0,3.0,3.0
318.0,0,5,0,0,night,pa_6_rev,-E5,25.0,5,75.0,3,60.0,0.0,0,0,2,3,680.0,31,0,70.45,98,25.0,0.38,0.6,75.0,75.0,3.0,3.0,680.0,680.0,75.0,75.0,3.0,3.0
319.0,0,5,0,0,night,pa_6_rev,-E5,25.0,5,75.0,3,60.0,0.0,0,0,2,3,680.0,31,0,70.45,98,25.0,0.38,0.6,75.0,75.0,3.0,3.0,680.0,680.0,75.0,75.0,3.0,3.0
320.0,0,5,0,0,night,pa_6_rev,-E5,25.0,5,75.0,3,60.0,0.0,0,0,2,3,680.0,31,0,70.45,98,25.0,0.38,0.6,75.0,75.0,3.0,3.0,680.0,680.0,75.0,75.0,3.0,3.0
321.0,0,5,0,0,night,pa_6_rev,-E5,25.0,5,75.0,3,60.0,0.0,0,0,2,3,680.0,31,0,70.45,100,25.0,0.38,0.6,75.0,75.0,3.0,3.0,680.0,680.0,75.0,75.0,3.0,3.0
322.0,0,5,0,0,night,pa_6_rev,-E5,25.0,5,75.0,3,60.0,0.0,0,0,2,3,680.0,31,0,70.45,100,25.0,0.38,0.6,75.0,75.0,3.0,3.0,680.0,680.0,75.0,75.0,3.0,3.0
323.0,0,5,0,0,night,pa_6_rev,-E5,25.0,5,75.0,3,60.0,0.0,0,0,2,3,680.0,31,0,70.45,100,25.0,0.38,0.6,75.0,75.0,3.0,3.0,680.0,680.0,75.0,75.0,3.0,3.0
324.0,0,5,0,0,night,pa_6_rev,-E5,25.0,5,75.0,3,60.0,0.0,0,0,2,3,680.0,31,0,70.45,100,25.0,0.38,0.6,75.0,75.0,3.0,3.0,680.0,680.0,75.0,75.0,3.0,3.0
325.0,0,5,0,0,night,pa_6_rev,-E5,25.0,5,75.0,3,60.0,0.0,0,0,2,3,680.0,31,0,70.45,100,25.0,0.38,0.6,75.0,75.0,3.0,3.0,680.0,680.0,75.0,75.0,3.0,3.0
326.0,0,5,0,0,night,pa_6_rev,-E5,25.0,5,75.0,3,60.0,0.0,0,0,2,3,700.0,32,0,72.73,100,25.0,0.38,0.6,75.0,75.0,3.0,3.0,680.0,680.0,75.0,75.0,3.0,3.0
327.0,0,5,0,0,night,pa_6_rev,-E5,25.0,5,75.0,3,60.0,0.0,0,0,2,3,700.0,32,0,72.73,100,25.0,0.38,0.6,75.0,75.0,3.0,3.0,700.0,680.0,75.0,75.0,3.0,3.0
328.0,0,5,0,0,night,pa_6_rev,-E5,25.0,5,75.0,3,60.0,0.0,0,0,2,3,700.0,32,0,72.73,100,25.0,0.38,0.6,75.0,75.0,3.0,3.0,700.0,680.0,75.0,75.0,3.0,3.0
329.0,0,5,0,0,night,pa_6_rev,-E5,25.0,5,75.0,3,60.0,0.0,0,0,2,3,700.0,32,0,72.73,100,25.0,0.38,0.6,75.0,75.0,3.0,3.0,700.0,680.0,75.0,75.0,3.0,3.0
330.0,0,5,0,0,night,pa_6_rev,-E5,25.0,5,75.0,3,60.0,0.0,0,0,2,3,700.0,32,0,72.73,100,25.0,0.38,0.6,75.0,75.0,3.0,3.0,700.0,680.0,75.0,75.0,3.0,3.0
331.0,0,5,0,0,night,pa_6_rev,-E5,25.0,5,75.0,3,60.0,0.0,0,0,2,3,700.0,32,0,72.73,100,25.0,0.38,0.6,75.0,75.0,3.0,3.0,700.0,700.0,75.0,75.0,3.0,3.0
332.0,0,5,0,0,night,pa_6_rev,-E5,25.0,5,75.0,3,60.0,0.0,0,0,2,3,700.0,32,0,72.73,100,25.0,0.38,0.6,75.0,75.0,3.0,3.0,700.0,700.0,75.0,75.0,3.0,3.0
333.0,0,5,0,0,night,pa_6_rev,-E5,25.0,5,75.0,3,60.0,0.0,0,0,2,3,700.0,32,0,72.73,100,25.0,0.38,0.6,75.0,75.0,3.0,3.0,700.0,700.0,75.0,75.0,3.0,3.0
334.0,0,5,0,0,night,pa_6_rev,-E5,25.0,5,75.0,3,60.0,0.0,0,0,2,3,700.0,32,0,72.73,100,25.0,0.38,0.6,75.0,75.0,3.0,3.0,700.0,700.0,75.0,75.0,3.0,3.0
335.0,0,5,0,0,night,pa_6_rev,-E5,25.0,5,75.0,3,60.0,0.0,0,0,2,3,700.0,32,0,72.73,100,25.0,0.38,0.6,75.0,75.0,3.0,3.0,700.0,700.0,75.0,75.0,3.0,3.0
336.0,0,5,0,0,night,pa_6_rev,-E5,25.0,5,75.0,3,60.0,0.0,0,0,2,3,700.0,32,0,72.73,100,25.0,0.38,0.6,75.0,75.0,3.0,3.0,700.0,700.0,75.0,75.0,3.0,3.0
337.0,0,5,0,0,night,pa_6_rev,-E5,25.0,5,75.0,3,60.0,0.0,0,0,2,3,700.0,32,0,72.73,100,25.0,0.38,0.6,75.0,75.0,3.0,3.0,700.0,700.0,75.0,75.0,3.0,3.0
338.0,0,5,0,0,night,pa_6_rev,-E5,25.0,5,75.0,3,60.0,0.0,0,0,2,3,700.0,32,0,72.73,100,25.0,0.38,0.6,75.0,75.0,3.0,3.0,700.0,700.0,75.0,75.0,3.0,3.0
339.0,0,5,0,0,night,pa_6_rev,-E5,25.0,5,75.0,3,60.0,0.0,0,0,2,3,700.0,32,0,72.73,100,25.0,0.38,0.6,75.0,75.0,3.0,3.0,700.0,700.0,75.0,75.0,3.0,3.0
340.0,0,5,0,0,night,pa_6_rev,-E5,25.0,5,75.0,3,60.0,0.0,0,0,2,3,740.0,34,0,77.27,100,25.0,0.38,0.6,75.0,75.0,3.0,3.0,700.0,700.0,75.0,75.0,3.0,3.0
341.0,0,5,0,0,night,pa_6_rev,-E5,25.0,5,75.0,3,60.0,0.0,0,0,2,3,740.0,34,0,77.27,100,25.0,0.38,0.6,75.0,75.0,3.0,3.0,740.0,700.0,75.0,75.0,3.0,3.0
342.0,0,5,0,0,night,pa_6_rev,-E5,25.0,5,75.0,3,60.0,0.0,0,0,2,3,740.0,34,0,77.27,100,25.0,0.38,0.6,75.0,75.0,3.0,3.0,740.0,700.0,75.0,75.0,3.0,3.0
343.0,0,5,0,0,night,pa_6_rev,-E5,25.0,5,75.0,3,60.0,0.0,0,0,2,3,740.0,34,0,77.27,100,25.0,0.38,0.6,75.0,75.0,3.0,3.0,740.0,700.0,75.0,75.0,3.0,3.0
344.0,0,5,0,0,night,pa_6_rev,-E5,25.0,5,75.0,3,60.0,0.0,0,0,2,3,740.0,34,0,77.27,100,25.0,0.38,0.6,75.0,75.0,3.0,3.0,740.0,700.0,75.0,75.0,3.0,3.0
345.0,0,5,0,0,night,pa_6_rev,-E5,25.0,5,75.0,3,60.0,0.0,0,0,2,3,740.0,34,0,77.27,100,25.0,0.38,0.6,75.0,75.0,3.0,3.0,740.0,740.0,75.0,75.0,3.0,3.0
346.0,0,5,0,0,night,pa_6_rev,-E5,25.0,5,75.0,3,60.0,0.0,0,0,2,3,740.0,34,0,77.27,100,25.0,0.38,0.6,75.0,75.0,3.0,3.0,740.0,740.0,75.0,75.0,3.0,3.0
347.0,0,5,0,0,night,pa_6_rev,-E5,25.0,5,75.0,3,60.0,0.0,0,0,2,3,740.0,34,0,77.27,100,25.0,0.38,0.6,75.0,75.0,3.0,3.0,740.0,740.0,75.0,75.0,3.0,3.0
348.0,0,5,0,0,night,pa_6_rev,-E5,25.0,5,75.0,3,60.0,0.0,0,0,2,3,740.0,34,0,77.27,100,25.0,0.38,0.6,75.0,75.0,3.0,3.0,740.0,740.0,75.0,75.0,3.0,3.0
349.0,0,5,0,0,night,pa_6_rev,-E5,25.0,5,75.0,3,60.0,0.0,0,0,2,3,740.0,34,0,77.27,100,25.0,0.38,0.6,75.0,75.0,3.0,3.0,740.0,740.0,75.0,75.0,3.0,3.0
350.0,0,5,0,0,night,pa_6_rev,-E5,25.0,5,75.0,3,60.0,0.0,0,0,2,3,740.0,34,0,77.27,100,25.0,0.38,0.6,75.0,75.0,3.0,3.0,740.0,740.0,75.0,75.0,3.0,3.0
351.0,0,5,0,0,night,pa_6_rev,-E5,25.0,5,75.0,3,60.0,0.0,0,0,2,3,740.0,34,0,77.27,100,25.0,0.38,0.6,75.0,75.0,3.0,3.0,740.0,740.0,75.0,75.0,3.0,3.0
352.0,0,5,0,0,night,pa_6_rev,-E5,25.0,5,75.0,3,60.0,0.0,0,0,2,3,740.0,34,0,77.27,100,25.0,0.38,0.6,75.0,75.0,3.0,3.0,740.0,740.0,75.0,75.0,3.0,3.0
353.0,0,5,0,0,night,pa_6_rev,-E5,25.0,5,75.0,3,60.0,0.0,0,0,2,3,740.0,34,0,77.27,100,25.0,0.38,0.6,75.0,75.0,3.0,3.0,740.0,740.0,75.0,75.0,3.0,3.0
354.0,0,5,0,0,night,pa_6_rev,-E5,25.0,5,75.0,3,60.0,0.0,0,0,2,3,740.0,34,0,77.27,100,25.0,0.38,0.6,75.0,75.0,3.0,3.0,740.0,740.0,75.0,75.0,3.0,3.0
355.0,0,5,0,0,night,pa_6_rev,-E5,25.0,5,75.0,3,60.0,0.0,0,0,2,3,740.0,34,0,77.27,100,25.0,0.38,0.6,75.0,75.0,3.0,3.0,740.0,740.0,75.0,75.0,3.0,3.0
356.0,0,5,0,0,night,pa_6_rev,-E5,25.0,5,75.0,3,60.0,0.0,0,0,2,3,740.0,34,0,77.27,100,25.0,0.38,0.6,75.0,75.0,3.0,3.0,740.0,740.0,75.0,75.0,3.0,3.0
357.0,0,5,0,0,night,pa_6_rev,-E5,25.0,5,75.0,3,60.0,0.0,0,0,2,3,740.0,34,0,77.27,100,25.0,0.38,0.6,75.0,75.0,3.0,3.0,740.0,740.0,75.0,75.0,3.0,3.0
358.0,0,5,0,0,night,pa_6_rev,-E5,25.0,5,75.0,3,60.0,0.0,0,0,2,3,740.0,34,0,77.27,100,25.0,0.38,0.6,75.0,75.0,3.0,3.0,740.0,740.0,75.0,75.0,3.0,3.0
359.0,0,5,0,0,night,pa_6_rev,-E5,25.0,5,75.0,3,60.0,0.0,0,0,2,3,765.0,35,0,79.55,100,25.0,0.38,0.6,75.0,75.0,3.0,3.0,740.0,740.0,75.0,75.0,3.0,3.0
360.0,0,6,0,0,night,pa_6_rev,-E5,25.0,5,100.0,4,80.0,0.0,0,0,1,3,790.0,36,0,81.82,100,25.0,0.5,0.8,75.0,75.0,3.0,3.0,765.0,740.0,80.0,77.5,3.2,3.1
361.0,0,6,0,0,night,pa_6_rev,-E5,25.0,5,100.0,4,80.0,0.0,0,0,1,3,790.0,36,0,81.82,107,25.0,0.5,0.8,100.0,75.0,4.0,3.0,790.0,740.0,85.0,80.0,3.4,3.2
362.0,0,6,0,0,night,pa_6_rev,-E5,25.0,5,100.0,4,80.0,0.0,0,0,1,3,790.0,36,0,81.82,107,25.0,0.5,0.8,100.0,75.0,4.0,3.0,790.0,740.0,90.0,82.5,3.6,3.3
363.0,0,6,0,0,night,pa_6_rev,-E5,25.0,5,100.0,4,80.0,0.0,0,0,1,3,810.0,37,0,84.09,109,25.0,0.5,0.8,100.0,75.0,4.0,3.0,790.0,740.0,95.0,85.0,3.8,3.4
364.0,0,6,0,0,night,pa_6_rev,-E5,25.0,5,100.0,4,80.0,0.0,0,0,1,3,810.0,37,0,84.09,110,25.0,0.5,0.8,100.0,75.0,4.0,3.0,810.0,765.0,100.0,87.5,4.0,3.5
365.0,0,6,0,0,night,pa_6_rev,-E5,25.0,5,100.0,4,80.0,0.0,0,0,1,3,810.0,37,0,84.09,110,25.0,0.5,0.8,100.0,100.0,4.0,4.0,810.0,790.0,100.0,90.0,4.0,3.6
366.0,0,6,0,0,night,pa_6_rev,-E5,25.0,5,100.0,4,80.0,0.0,0,0,1,3,830.0,38,0,86.36,111,25.0,0.5,0.8,100.0,100.0,4.0,4.0,810.0,790.0,100.0,92.5,4.0,3.7
367.0,0,6,0,0,night,pa_6_rev,-E5,25.0,5,100.0,4,80.0,0.0,0,0,1,3,855.0,39,0,88.64,112,25.0,0.5,0.8,100.0,100.0,4.0,4.0,830.0,790.0,100.0,95.0,4.0,3.8
368.0,0,6,0,0,night,pa_6_rev,-E5,25.0,5,100.0,4,80.0,0.0,0,0,1,3,855.0,39,0,88.64,111,25.0,0.5,0.8,100.0,100.0,4.0,4.0,855.0,810.0,100.0,97.5,4.0,3.9
369.0,0,6,0,0,night,pa_6_rev,-E5,25.0,5,100.0,4,80.0,0.0,0,0,1,3,855.0,39,0,88.64,111,25.0,0.5,0.8,100.0,100.0,4.0,4.0,855.0,810.0,100.0,100.0,4.0,4.0
370.0,0,6,0,0,night,pa_6_rev,-E5,25.0,5,100.0,4,80.0,0.0,0,0,1,3,855.0,39,0,88.64,112,25.0,0.5,0.8,100.0,100.0,4.0,4.0,855.0,810.0,100.0,100.0,4.0,4.0
371.0,0,6,0,0,night,pa_6_rev,-E5,25.0,5,100.0,4,80.0,0.0,0,0,1,3,880.0,40,1,90.91,111,25.0,0.5,0.8,100.0,100.0,4.0,4.0,855.0,830.0,100.0,100.0,4.0,4.0
372.0,0,6,0,0,night,pa_6_rev,-E5,25.0,5,100.0,4,80.0,0.0,0,0,1,3,880.0,40,1,90.91,112,25.0,0.5,0.8,100.0,100.0,4.0,4.0,880.0,855.0,100.0,100.0,4.0,4.0
373.0,0,6,0,0,night,pa_6_rev,-E5,25.0,5,100.0,4,80.0,0.0,0,0,1,3,880.0,40,1,90.91,112,25.0,0.5,0.8,100.0,100.0,4.0,4.0,880.0,855.0,100.0,100.0,4.0,4.0
374.0,0,6,0,0,night,pa_6_rev,-E5,25.0,5,100.0,4,80.0,0.0,0,0,1,3,880.0,40,2,90.91,112,25.0,0.5,0.8,100.0,100.0,4.0,4.0,880.0,855.0,100.0,100.0,4.0,4.0
375.0,0,6,0,0,night,pa_6_rev,-E5,25.0,5,100.0,4,80.0,0.0,0,0,1,3,880.0,40,2,90.91,112,25.0,0.5,0.8,100.0,100.0,4.0,4.0,880.0,855.0,100.0,100.0,4.0,4.0
376.0,0,6,0,0,night,pa_6_rev,-E5,25.0,5,100.0,4,80.0,0.0,0,0,1,3,880.0,40,2,90.91,113,25.0,0.5,0.8,100.0,100.0,4.0,4.0,880.0,880.0,100.0,100.0,4.0,4.0
377.0,0,6,0,0,night,pa_6_rev,-E5,25.0,5,100.0,4,80.0,0.0,0,0,1,3,880.0,40,2,90.91,113,25.0,0.5,0.8,100.0,100.0,4.0,4.0,880.0,880.0,100.0,100.0,4.0,4.0
378.0,0,6,0,0,night,pa_6_rev,-E5,25.0,5,100.0,4,80.0,0.0,0,0,1,3,880.0,40,2,90.91,112,25.0,0.5,0.8,100.0,100.0,4.0,4.0,880.0,880.0,100.0,100.0,4.0,4.0
379.0,0,6,0,0,night,pa_6_rev,-E5,25.0,5,100.0,4,80.0,0.0,0,0,1,3,880.0,40,2,90.91,112,25.0,0.5,0.8,100.0,100.0,4.0,4.0,880.0,880.0,100.0,100.0,4.0,4.0
380.0,0,6,0,0,night,pa_6_rev,-E5,25.0,5,100.0,4,80.0,0.0,0,0,1,3,880.0,40,2,90.91,112,25.0,0.5,0.8,100.0,100.0,4.0,4.0,880.0,880.0,100.0,100.0,4.0,4.0
381.0,0,6,0,0,night,pa_6_rev,-E5,25.0,5,100.0,4,80.0,0.0,0,0,1,3,880.0,40,2,90.91,112,25.0,0.5,0.8,100.0,100.0,4.0,4.0,880.0,880.0,100.0,100.0,4.0,4.0
382.0,0,6,0,0,night,pa_6_rev,-E5,25.0,5,100.0,4,80.0,0.0,0,0,1,3,880.0,40,2,90.91,112,25.0,0.5,0.8,100.0,100.0,4.0,4.0,880.0,880.0,100.0,100.0,4.0,4.0
383.0,0,6,0,0,night,pa_6_rev,-E5,25.0,5,100.0,4,80.0,0.0,0,0,1,3,880.0,40,2,90.91,112,25.0,0.5,0.8,100.0,100.0,4.0,4.0,880.0,880.0,100.0,100.0,4.0,4.0
384.0,0,6,0,0,night,pa_6_rev,-E5,25.0,5,100.0,4,80.0,0.0,0,0,1,3,880.0,40,2,90.91,112,25.0,0.5,0.8,100.0,100.0,4.0,4.0,880.0,880.0,100.0,100.0,4.0,4.0
385.0,0,6,0,0,night,pa_6_rev,-E5,25.0,5,100.0,4,80.0,0.0,0,0,1,3,880.0,40,2,90.91,112,25.0,0.5,0.8,100.0,100.0,4.0,4.0,880.0,880.0,100.0,100.0,4.0,4.0
386.0,0,6,0,0,night,pa_6_rev,-E5,25.0,5,100.0,4,80.0,0.0,0,0,1,3,880.0,40,2,90.91,111,25.0,0.5,0.8,100.0,100.0,4.0,4.0,880.0,880.0,100.0,100.0,4.0,4.0
387.0,0,6,0,0,night,pa_6_rev,-E5,25.0,5,100.0,4,80.0,0.0,0,0,1,3,880.0,40,2,90.91,111,25.0,0.5,0.8,100.0,100.0,4.0,4.0,880.0,880.0,100.0,100.0,4.0,4.0
388.0,0,6,0,0,night,pa_6_rev,-E5,25.0,5,100.0,4,80.0,0.0,0,0,1,3,880.0,40,3,90.91,110,25.0,0.5,0.8,100.0,100.0,4.0,4.0,880.0,880.0,100.0,100.0,4.0,4.0
389.0,0,6,0,0,night,pa_6_rev,-E5,25.0,5,100.0,4,80.0,0.0,0,0,1,3,880.0,40,4,90.91,110,25.0,0.5,0.8,100.0,100.0,4.0,4.0,880.0,880.0,100.0,100.0,4.0,4.0
390.0,0,6,0,0,night,pa_6_rev,-E5,25.0,5,100.0,4,80.0,0.0,0,0,1,3,880.0,40,4,90.91,110,25.0,0.5,0.8,100.0,100.0,4.0,4.0,880.0,880.0,100.0,100.0,4.0,4.0
391.0,0,6,0,0,night,pa_6_rev,-E5,25.0,5,100.0,4,80.0,0.0,0,0,1,3,880.0,40,4,90.91,109,25.0,0.5,0.8,100.0,100.0,4.0,4.0,880.0,880.0,100.0,100.0,4.0,4.0
392.0,0,6,0,0,night,pa_6_rev,-E5,25.0,5,100.0,4,80.0,0.0,0,0,1,3,880.0,40,4,90.91,108,25.0,0.5,0.8,100.0,100.0,4.0,4.0,880.0,880.0,100.0,100.0,4.0,4.0
393.0,0,6,0,0,night,pa_6_rev,-E5,25.0,5,125.0,5,100.0,0.0,0,0,0,3,930.0,42,4,95.45,107,25.0,0.62,1.0,100.0,100.0,4.0,4.0,880.0,880.0,105.0,102.5,4.2,4.1
394.0,0,6,0,0,night,pa_6_rev,-E5,25.0,5,125.0,5,100.0,0.0,0,0,0,3,930.0,42,4,95.45,107,25.0,0.62,1.0,125.0,100.0,5.0,4.0,930.0,880.0,110.0,105.0,4.4,4.2
395.0,0,6,0,0,night,pa_6_rev,-E5,25.0,5,125.0,5,100.0,0.0,0,0,0,3,930.0,42,4,95.45,106,25.0,0.62,1.0,125.0,100.0,5.0,4.0,930.0,880.0,115.0,107.5,4.6,4.3
396.0,0,6,0,0,night,pa_6_rev,-E5,25.0,5,125.0,5,100.0,0.0,0,0,0,3,930.0,42,4,95.45,106,25.0,0.62,1.0,125.0,100.0,5.0,4.0,930.0,880.0,120.0,110.0,4.8,4.4
397.0,0,6,0,0,night,pa_6_rev,-E5,25.0,5,125.0,5,100.0,0.0,0,0,0,3,930.0,42,4,95.45,106,25.0,0.62,1.0,125.0,100.0,5.0,4.0,930.0,880.0,125.0,112.5,5.0,4.5
398.0,0,6,0,0,night,pa_6_rev,-E5,25.0,5,125.0,5,100.0,0.0,0,0,0,3,930.0,42,5,95.45,106,25.0,0.62,1.0,125.0,125.0,5.0,5.0,930.0,930.0,125.0,115.0,5.0,4.6
399.0,0,6,0,0,night,pa_6_rev,-E5,25.0,5,125.0,5,100.0,0.0,0,0,0,3,930.0,42,5,95.45,106,25.0,0.62,1.0,125.0,125.0,5.0,5.0,930.0,930.0,125.0,117.5,5.0,4.7
400.0,0,6,0,0,night,pa_6_rev,-E5,25.0,5,125.0,5,100.0,0.0,0,0,0,3,930.0,42,5,95.45,106,25.0,0.62,1.0,125.0,125.0,5.0,5.0,930.0,930.0,125.0,120.0,5.0,4.8
401.0,0,6,0,0,night,pa_6_rev,-E5,25.0,5,125.0,5,100.0,0.0,0,0,0,3,930.0,42,5,95.45,108,25.0,0.62,1.0,125.0,125.0,5.0,5.0,930.0,930.0,125.0,122.5,5.0,4.9
402.0,0,6,0,0,night,pa_6_rev,-E5,25.0,5,125.0,5,100.0,0.0,0,0,0,3,930.0,42,5,95.45,107,25.0,0.62,1.0,125.0,125.0,5.0,5.0,930.0,930.0,125.0,125.0,5.0,5.0
403.0,0,6,0,0,night,pa_6_rev,-E5,25.0,5,125.0,5,100.0,0.0,0,0,0,3,930.0,42,5,95.45,107,25.0,0.62,1.0,125.0,125.0,5.0,5.0,930.0,930.0,125.0,125.0,5.0,5.0
404.0,0,6,0,0,night,pa_6_rev,-E5,25.0,5,125.0,5,100.0,0.0,0,0,0,3,930.0,42,5,95.45,107,25.0,0.62,1.0,125.0,125.0,5.0,5.0,930.0,930.0,125.0,125.0,5.0,5.0
405.0,0,6,0,0,night,pa_6_rev,-E5,25.0,5,125.0,5,100.0,0.0,0,0,0,3,930.0,42,5,95.45,107,25.0,0.62,1.0,125.0,125.0,5.0,5.0,930.0,930.0,125.0,125.0,5.0,5.0
406.0,0,6,0,0,night,pa_6_rev,-E5,25.0,5,125.0,5,100.0,0.0,0,0,0,3,930.0,42,5,95.45,108,25.0,0.62,1.0,125.0,125.0,5.0,5.0,930.0,930.0,125.0,125.0,5.0,5.0
407.0,0,6,0,0,night,pa_6_rev,-E5,25.0,5,125.0,5,100.0,0.0,0,0,0,3,930.0,42,5,95.45,108,25.0,0.62,1.0,125.0,125.0,5.0,5.0,930.0,930.0,125.0,125.0,5.0,5.0
408.0,0,6,0,0,night,pa_6_rev,-E5,25.0,5,125.0,5,100.0,0.0,0,0,0,3,930.0,42,5,95.45,108,25.0,0.62,1.0,125.0,125.0,5.0,5.0,930.0,930.0,125.0,125.0,5.0,5.0
409.0,0,6,0,0,night,pa_6_rev,-E5,25.0,5,125.0,5,100.0,0.0,0,0,0,3,930.0,42,5,95.45,108,25.0,0.62,1.0,125.0,125.0,5.0,5.0,930.0,930.0,125.0,125.0,5.0,5.0
410.0,0,6,0,0,night,pa_6_rev,-E5,25.0,5,125.0,5,100.0,0.0,0,0,0,3,930.0,42,5,95.45,108,25.0,0.62,1.0,125.0,125.0,5.0,5.0,930.0,930.0,125.0,125.0,5.0,5.0
411.0,0,6,0,0,night,pa_6_rev,-E5,25.0,5,125.0,5,100.0,0.0,0,0,0,3,930.0,42,5,95.45,107,25.0,0.62,1.0,125.0,125.0,5.0,5.0,930.0,930.0,125.0,125.0,5.0,5.0
412.0,0,6,0,0,night,pa_6_rev,-E5,25.0,5,125.0,5,100.0,0.0,0,0,0,3,930.0,42,5,95.45,112,25.0,0.62,1.0,125.0,125.0,5.0,5.0,930.0,930.0,125.0,125.0,5.0,5.0
413.0,0,6,0,0,night,pa_6_rev,-E5,25.0,5,125.0,5,100.0,0.0,0,0,0,3,930.0,42,5,95.45,112,25.0,0.62,1.0,125.0,125.0,5.0,5.0,930.0,930.0,125.0,125.0,5.0,5.0
414.0,0,6,0,0,night,pa_6_rev,-E5,25.0,5,125.0,5,100.0,0.0,0,0,0,3,930.0,42,5,95.45,112,25.0,0.62,1.0,125.0,125.0,5.0,5.0,930.0,930.0,125.0,125.0,5.0,5.0
415.0,0,6,0,0,night,pa_6_rev,-E5,25.0,5,125.0,5,100.0,0.0,0,0,0,3,930.0,42,5,95.45,112,25.0,0.62,1.0,125.0,125.0,5.0,5.0,930.0,930.0,125.0,125.0,5.0,5.0
416.0,0,6,0,0,night,pa_6_rev,-E5,25.0,5,125.0,5,100.0,0.0,0,0,0,3,930.0,42,5,95.45,112,25.0,0.62,1.0,125.0,125.0,5.0,5.0,930.0,930.0,125.0,125.0,5.0,5.0
417.0,0,6,0,0,night,pa_6_rev,-E5,25.0,5,125.0,5,100.0,0.0,0,0,0,3,930.0,42,5,95.45,112,25.0,0.62,1.0,125.0,125.0,5.0,5.0,930.0,930.0,125.0,125.0,5.0,5.0
418.0,0,6,0,0,night,pa_6_rev,-E5,25.0,5,125.0,5,100.0,0.0,0,0,0,3,930.0,42,5,95.45,112,25.0,0.62,1.0,125.0,125.0,5.0,5.0,930.0,930.0,125.0,125.0,5.0,5.0
419.0,0,6,0,0,night,pa_6_rev,-E5,25.0,5,125.0,5,100.0,0.0,0,0,0,3,930.0,42,5,95.45,110,25.0,0.62,1.0,125.0,125.0,5.0,5.0,930.0,930.0,125.0,125.0,5.0,5.0
420.0,0,7,0,0,night,pa_6_rev,-E5,25.0,5,125.0,5,100.0,0.0,0,0,0,3,930.0,42,6,95.45,110,25.0,0.62,1.0,125.0,125.0,5.0,5.0,930.0,930.0,125.0,125.0,5.0,5.0
421.0,0,7,0,0,night,pa_6_rev,-E5,25.0,5,125.0,5,100.0,0.0,0,0,0,3,930.0,42,6,95.45,112,25.0,0.62,1.0,125.0,125.0,5.0,5.0,930.0,930.0,125.0,125.0,5.0,5.0
422.0,0,7,0,0,night,pa_6_rev,-E5,25.0,5,125.0,5,100.0,0.0,0,0,0,3,930.0,42,6,95.45,112,25.0,0.62,1.0,125.0,125.0,5.0,5.0,930.0,930.0,125.0,125.0,5.0,5.0
423.0,0,7,0,0,night,pa_6_rev,-E5,25.0,5,125.0,5,100.0,0.0,0,0,0,3,955.0,43,6,97.73,112,25.0,0.62,1.0,125.0,125.0,5.0,5.0,930.0,930.0,125.0,125.0,5.0,5.0
424.0,0,7,0,0,night,pa_6_rev,-E5,25.0,5,125.0,5,100.0,0.0,0,0,0,3,955.0,43,6,97.73,112,25.0,0.62,1.0,125.0,125.0,5.0,5.0,955.0,930.0,125.0,125.0,5.0,5.0
425.0,0,7,0,0,night,pa_6_rev,-E5,25.0,5,125.0,5,100.0,0.0,0,0,0,3,955.0,43,6,97.73,112,25.0,0.62,1.0,125.0,125.0,5.0,5.0,955.0,930.0,125.0,125.0,5.0,5.0
426.0,0,7,0,0,night,pa_6_rev,-E5,25.0,5,125.0,5,100.0,0.0,0,0,0,3,980.0,44,6,100.0,112,25.0,0.62,1.0,125.0,125.0,5.0,5.0,955.0,930.0,125.0,125.0,5.0,5.0
427.0,0,7,0,0,night,pa_6_rev,-E5,25.0,5,125.0,5,100.0,0.0,0,0,0,3,980.0,44,6,100.0,112,25.0,0.62,1.0,125.0,125.0,5.0,5.0,980.0,930.0,125.0,125.0,5.0,5.0
428.0,0,7,0,0,night,pa_6_rev,-E5,25.0,5,125.0,5,100.0,0.0,0,0,0,3,980.0,44,6,100.0,112,25.0,0.62,1.0,125.0,125.0,5.0,5.0,980.0,955.0,125.0,125.0,5.0,5.0
429.0,0,7,0,0,night,pa_6_rev,-E5,25.0,5,125.0,5,100.0,0.0,0,0,0,3,980.0,44,6,100.0,112,25.0,0.62,1.0,125.0,125.0,5.0,5.0,980.0,955.0,125.0,125.0,5.0,5.0
430.0,0,7,0,0,night,pa_6_rev,-E5,25.0,5,125.0,5,100.0,0.0,0,0,0,3,980.0,44,6,100.0,112,25.0,0.62,1.0,125.0,125.0,5.0,5.0,980.0,955.0,125.0,125.0,5.0,5.0
431.0,0,7,0,0,night,pa_6_rev,-E5,25.0,5,125.0,5,100.0,0.0,0,0,0,3,980.0,44,6,100.0,112,25.0,0.62,1.0,125.0,125.0,5.0,5.0,980.0,980.0,125.0,125.0,5.0,5.0
432.0,0,7,0,0,night,pa_6_rev,-E5,25.0,5,125.0,5,100.0,0.0,0,0,0,3,980.0,44,6,100.0,112,25.0,0.62,1.0,125.0,125.0,5.0,5.0,980.0,980.0,125.0,125.0,5.0,5.0
433.0,0,7,0,0,night,pa_6_rev,-E5,25.0,5,125.0,5,100.0,0.0,0,0,0,3,980.0,44,8,100.0,117,25.0,0.62,1.0,125.0,125.0,5.0,5.0,980.0,980.0,125.0,125.0,5.0,5.0
434.0,0,7,0,0,night,pa_6_rev,-E5,25.0,5,125.0,5,100.0,0.0,0,0,0,3,980.0,44,8,100.0,117,25.0,0.62,1.0,125.0,125.0,5.0,5.0,980.0,980.0,125.0,125.0,5.0,5.0
435.0,0,7,0,0,night,pa_6_rev,-E5,25.0,5,125.0,5,100.0,0.0,0,0,0,3,980.0,44,8,100.0,117,25.0,0.62,1.0,125.0,125.0,5.0,5.0,980.0,980.0,125.0,125.0,5.0,5.0
436.0,0,7,0,0,night,pa_6_rev,-E5,25.0,5,125.0,5,100.0,0.0,0,0,0,3,980.0,44,8,100.0,117,25.0,0.62,1.0,125.0,125.0,5.0,5.0,980.0,980.0,125.0,125.0,5.0,5.0
437.0,0,7,0,0,night,pa_6_rev,-E5,25.0,5,125.0,5,100.0,0.0,0,0,0,3,980.0,44,8,100.0,117,25.0,0.62,1.0,125.0,125.0,5.0,5.0,980.0,980.0,125.0,125.0,5.0,5.0
438.0,0,7,0,0,night,pa_6_rev,-E5,25.0,5,125.0,5,100.0,0.0,0,0,0,3,980.0,44,8,100.0,117,25.0,0.62,1.0,125.0,125.0,5.0,5.0,980.0,980.0,125.0,125.0,5.0,5.0
439.0,0,7,0,0,night,pa_6_rev,-E5,25.0,5,125.0,5,100.0,0.0,0,0,0,3,980.0,44,8,100.0,117,25.0,0.62,1.0,125.0,125.0,5.0,5.0,980.0,980.0,125.0,125.0,5.0,5.0
440.0,0,7,0,0,night,pa_6_rev,-E5,25.0,5,125.0,5,100.0,0.0,0,0,0,3,980.0,44,8,100.0,117,25.0,0.62,1.0,125.0,125.0,5.0,5.0,980.0,980.0,125.0,125.0,5.0,5.0
441.0,0,7,0,0,night,pa_6_rev,-E5,25.0,5,125.0,5,100.0,0.0,0,0,0,3,980.0,44,8,100.0,117,25.0,0.62,1.0,125.0,125.0,5.0,5.0,980.0,980.0,125.0,125.0,5.0,5.0
442.0,0,7,0,0,night,pa_6_rev,-E5,25.0,5,125.0,5,100.0,0.0,0,0,0,3,980.0,44,9,100.0,117,25.0,0.62,1.0,125.0,125.0,5.0,5.0,980.0,980.0,125.0,125.0,5.0,5.0
443.0,0,7,0,0,night,pa_6_rev,-E5,25.0,5,125.0,5,100.0,0.0,0,0,0,3,980.0,44,9,100.0,116,25.0,0.62,1.0,125.0,125.0,5.0,5.0,980.0,980.0,125.0,125.0,5.0,5.0
444.0,0,7,0,0,night,pa_6_rev,-E5,25.0,5,125.0,5,100.0,0.0,0,0,0,3,980.0,44,9,100.0,116,25.0,0.62,1.0,125.0,125.0,5.0,5.0,980.0,980.0,125.0,125.0,5.0,5.0
445.0,0,7,0,0,night,pa_6_rev,-E5,25.0,5,125.0,5,100.0,0.0,0,0,0,3,980.0,44,10,100.0,116,25.0,0.62,1.0,125.0,125.0,5.0,5.0,980.0,980.0,125.0,125.0,5.0,5.0
446.0,0,7,0,0,night,pa_6_rev,-E5,25.0,5,125.0,5,100.0,0.0,0,0,0,3,980.0,44,10,100.0,114,25.0,0.62,1.0,125.0,125.0,5.0,5.0,980.0,980.0,125.0,125.0,5.0,5.0
447.0,0,7,0,0,night,pa_6_rev,-E5,25.0,5,125.0,5,100.0,0.0,0,0,0,3,980.0,44,10,100.0,113,25.0,0.62,1.0,125.0,125.0,5.0,5.0,980.0,980.0,125.0,125.0,5.0,5.0
448.0,0,7,0,0,night,pa_6_rev,-E5,25.0,5,125.0,5,100.0,0.0,0,0,0,3,980.0,44,10,100.0,113,25.0,0.62,1.0,125.0,125.0,5.0,5.0,980.0,980.0,125.0,125.0,5.0,5.0
449.0,0,7,0,0,night,pa_6_rev,-E5,25.0,5,125.0,5,100.0,0.0,0,0,0,3,980.0,44,10,100.0,113,25.0,0.62,1.0,125.0,125.0,5.0,5.0,980.0,980.0,125.0,125.0,5.0,5.0
450.0,0,7,0,0,night,pa_6_rev,-E5,25.0,5,125.0,5,100.0,0.0,0,0,0,3,980.0,44,10,100.0,113,25.0,0.62,1.0,125.0,125.0,5.0,5.0,980.0,980.0,125.0,125.0,5.0,5.0
451.0,0,7,0,0,night,pa_6_rev,-E5,25.0,5,125.0,5,100.0,0.0,0,0,0,3,980.0,44,10,100.0,113,25.0,0.62,1.0,125.0,125.0,5.0,5.0,980.0,980.0,125.0,125.0,5.0,5.0
452.0,0,7,0,0,night,pa_6_rev,-E5,25.0,5,125.0,5,100.0,0.0,0,0,0,3,980.0,44,11,100.0,113,25.0,0.62,1.0,125.0,125.0,5.0,5.0,980.0,980.0,125.0,125.0,5.0,5.0
453.0,0,7,0,0,night,pa_6_rev,-E5,25.0,5,125.0,5,100.0,0.0,0,0,0,3,980.0,44,11,100.0,114,25.0,0.62,1.0,125.0,125.0,5.0,5.0,980.0,980.0,125.0,125.0,5.0,5.0
454.0,0,7,0,0,night,pa_6_rev,-E5,25.0,5,125.0,5,100.0,0.0,0,0,0,3,980.0,44,11,100.0,114,25.0,0.62,1.0,125.0,125.0,5.0,5.0,980.0,980.0,125.0,125.0,5.0,5.0
455.0,0,7,0,0,night,pa_6_rev,-E5,25.0,5,125.0,5,100.0,0.0,0,0,0,3,980.0,44,11,100.0,114,25.0,0.62,1.0,125.0,125.0,5.0,5.0,980.0,980.0,125.0,125.0,5.0,5.0
456.0,0,7,0,0,night,pa_6_rev,-E5,25.0,5,125.0,5,100.0,33.33,1,1,0,2,980.0,44,12,100.0,114,25.0,0.75,1.0,125.0,125.0,5.0,5.0,980.0,980.0,125.0,125.0,5.0,5.0
457.0,0,7,0,0,night,pa_6_rev,-E5,25.0,5,125.0,5,100.0,33.33,1,1,0,2,980.0,44,14,100.0,114,25.0,0.75,1.0,125.0,125.0,5.0,5.0,980.0,980.0,125.0,125.0,5.0,5.0
458.0,0,7,0,0,night,pa_6_rev,-E5,25.0,5,125.0,5,100.0,33.33,1,1,0,2,980.0,44,15,100.0,113,25.0,0.75,1.0,125.0,125.0,5.0,5.0,980.0,980.0,125.0,125.0,5.0,5.0
459.0,0,7,0,0,night,pa_6_rev,-E5,25.0,5,125.0,5,100.0,33.33,1,1,0,2,980.0,44,15,100.0,112,25.0,0.75,1.0,125.0,125.0,5.0,5.0,980.0,980.0,125.0,125.0,5.0,5.0
460.0,0,7,0,0,night,pa_6_rev,-E5,25.0,5,125.0,5,100.0,33.33,1,1,0,2,980.0,44,15,100.0,112,25.0,0.75,1.0,125.0,125.0,5.0,5.0,980.0,980.0,125.0,125.0,5.0,5.0
461.0,0,7,0,0,night,pa_6_rev,-E5,25.0,5,125.0,5,100.0,33.33,1,1,0,2,980.0,44,18,100.0,112,25.0,0.75,1.0,125.0,125.0,5.0,5.0,980.0,980.0,125.0,125.0,5.0,5.0
462.0,0,7,0,0,night,pa_6_rev,-E5,25.0,5,125.0,5,100.0,33.33,1,1,0,2,980.0,44,18,100.0,112,25.0,0.75,1.0,125.0,125.0,5.0,5.0,980.0,980.0,125.0,125.0,5.0,5.0
463.0,0,7,0,0,night,pa_6_rev,-E5,25.0,5,125.0,5,100.0,33.33,1,1,0,2,980.0,44,18,100.0,113,25.0,0.75,1.0,125.0,125.0,5.0,5.0,980.0,980.0,125.0,125.0,5.0,5.0
464.0,0,7,0,0,night,pa_6_rev,-E5,25.0,5,125.0,5,100.0,33.33,1,1,0,2,980.0,44,18,100.0,113,25.0,0.75,1.0,125.0,125.0,5.0,5.0,980.0,980.0,125.0,125.0,5.0,5.0
465.0,0,7,0,0,night,pa_6_rev,-E5,25.0,5,125.0,5,100.0,33.33,1,1,0,2,980.0,44,18,100.0,112,25.0,0.75,1.0,125.0,125.0,5.0,5.0,980.0,980.0,125.0,125.0,5.0,5.0
466.0,0,7,0,0,night,pa_6_rev,-E5,25.0,5,125.0,5,100.0,33.33,1,1,0,2,980.0,44,18,100.0,111,25.0,0.75,1.0,125.0,125.0,5.0,5.0,980.0,980.0,125.0,125.0,5.0,5.0
467.0,0,7,0,0,night,pa_6_rev,-E5,25.0,5,125.0,5,100.0,33.33,1,1,0,2,980.0,44,18,100.0,110,25.0,0.75,1.0,125.0,125.0,5.0,5.0,980.0,980.0,125.0,125.0,5.0,5.0
468.0,0,7,0,0,night,pa_6_rev,-E5,25.0,5,125.0,5,100.0,33.33,1,1,0,2,980.0,44,19,100.0,110,25.0,0.75,1.0,125.0,125.0,5.0,5.0,980.0,980.0,125.0,125.0,5.0,5.0
469.0,0,7,0,0,night,pa_6_rev,-E5,25.0,5,125.0,5,100.0,33.33,1,1,0,2,980.0,44,19,100.0,110,25.0,0.75,1.0,125.0,125.0,5.0,5.0,980.0,980.0,125.0,125.0,5.0,5.0
470.0,0,7,0,0,night,pa_6_rev,-E5,25.0,5,125.0,5,100.0,33.33,1,1,0,2,980.0,44,19,100.0,110,25.0,0.75,1.0,125.0,125.0,5.0,5.0,980.0,980.0,125.0,125.0,5.0,5.0
471.0,0,7,0,0,night,pa_6_rev,-E5,25.0,5,125.0,5,100.0,33.33,1,1,0,2,980.0,44,19,100.0,109,25.0,0.75,1.0,125.0,125.0,5.0,5.0,980.0,980.0,125.0,125.0,5.0,5.0
472.0,0,7,0,0,night,pa_6_rev,-E5,25.0,5,125.0,5,100.0,33.33,1,1,0,2,980.0,44,19,100.0,108,25.0,0.75,1.0,125.0,125.0,5.0,5.0,980.0,980.0,125.0,125.0,5.0,5.0
473.0,0,7,0,0,night,pa_6_rev,-E5,25.0,5,125.0,5,100.0,33.33,1,1,0,2,980.0,44,19,100.0,108,25.0,0.75,1.0,125.0,125.0,5.0,5.0,980.0,980.0,125.0,125.0,5.0,5.0
474.0,0,7,0,0,night,pa_6_rev,-E5,25.0,5,125.0,5,100.0,33.33,1,1,0,2,980.0,44,19,100.0,108,25.0,0.75,1.0,125.0,125.0,5.0,5.0,980.0,980.0,125.0,125.0,5.0,5.0
475.0,0,7,0,0,night,pa_6_rev,-E5,25.0,5,125.0,5,100.0,33.33,1,1,0,2,980.0,44,20,100.0,108,25.0,0.75,1.0,125.0,125.0,5.0,5.0,980.0,980.0,125.0,125.0,5.0,5.0
476.0,0,7,0,0,night,pa_6_rev,-E5,25.0,5,125.0,5,100.0,33.33,1,1,0,2,980.0,44,20,100.0,108,25.0,0.75,1.0,125.0,125.0,5.0,5.0,980.0,980.0,125.0,125.0,5.0,5.0
477.0,0,7,0,0,night,pa_6_rev,-E5,25.0,5,125.0,5,100.0,33.33,1,1,0,2,980.0,44,20,100.0,108,25.0,0.75,1.0,125.0,125.0,5.0,5.0,980.0,980.0,125.0,125.0,5.0,5.0
478.0,0,7,0,0,night,pa_6_rev,-E5,25.0,5,125.0,5,100.0,33.33,1,1,0,2,980.0,44,21,100.0,107,25.0,0.75,1.0,125.0,125.0,5.0,5.0,980.0,980.0,125.0,125.0,5.0,5.0
479.0,0,7,0,0,night,pa_6_rev,-E5,25.0,5,125.0,5,100.0,33.33,1,1,0,2,980.0,44,21,100.0,107,25.0,0.75,1.0,125.0,125.0,5.0,5.0,980.0,980.0,125.0,125.0,5.0,5.0
480.0,0,8,0,0,night,pa_6_rev,-E5,25.0,5,125.0,5,100.0,33.33,1,1,0,2,980.0,44,21,100.0,106,25.0,0.75,1.0,125.0,125.0,5.0,5.0,980.0,980.0,125.0,125.0,5.0,5.0
481.0,0,8,0,0,night,pa_6_rev,-E5,25.0,5,125.0,5,100.0,33.33,1,1,0,2,980.0,44,21,100.0,110,25.0,0.75,1.0,125.0,125.0,5.0,5.0,980.0,980.0,125.0,125.0,5.0,5.0
482.0,0,8,0,0,night,pa_6_rev,-E5,25.0,5,125.0,5,100.0,33.33,1,1,0,2,980.0,44,21,100.0,110,25.0,0.75,1.0,125.0,125.0,5.0,5.0,980.0,980.0,125.0,125.0,5.0,5.0
483.0,0,8,0,0,night,pa_6_rev,-E5,25.0,5,125.0,5,100.0,33.33,1,1,0,2,980.0,44,21,100.0,112,25.0,0.75,1.0,125.0,125.0,5.0,5.0,980.0,980.0,125.0,125.0,5.0,5.0
484.0,0,8,0,0,night,pa_6_rev,-E5,25.0,5,125.0,5,100.0,33.33,1,1,0,2,980.0,44,21,100.0,112,25.0,0.75,1.0,125.0,125.0,5.0,5.0,980.0,980.0,125.0,125.0,5.0,5.0
485.0,0,8,0,0,night,pa_6_rev,-E5,25.0,5,125.0,5,100.0,66.67,2,2,0,1,980.0,44,22,100.0,112,25.0,0.88,1.0,125.0,125.0,5.0,5.0,980.0,980.0,125.0,125.0,5.0,5.0
486.0,0,8,0,0,night,pa_6_rev,-E5,25.0,5,125.0,5,100.0,66.67,2,2,0,1,980.0,44,22,100.0,113,25.0,0.88,1.0,125.0,125.0,5.0,5.0,980.0,980.0,125.0,125.0,5.0,5.0
487.0,0,8,0,0,night,pa_6_rev,-E5,25.0,5,125.0,5,100.0,66.67,2,2,0,1,980.0,44,22,100.0,112,25.0,0.88,1.0,125.0,125.0,5.0,5.0,980.0,980.0,125.0,125.0,5.0,5.0
488.0,0,8,0,0,night,pa_6_rev,-E5,25.0,5,125.0,5,100.0,66.67,2,2,0,1,980.0,44,23,100.0,113,25.0,0.88,1.0,125.0,125.0,5.0,5.0,980.0,980.0,125.0,125.0,5.0,5.0
489.0,0,8,0,0,night,pa_6_rev,-E5,25.0,5,125.0,5,100.0,66.67,2,2,0,1,980.0,44,23,100.0,113,25.0,0.88,1.0,125.0,125.0,5.0,5.0,980.0,980.0,125.0,125.0,5.0,5.0
490.0,0,8,0,0,night,pa_6_rev,-E5,25.0,5,125.0,5,100.0,66.67,2,2,0,1,980.0,44,23,100.0,113,25.0,0.88,1.0,125.0,125.0,5.0,5.0,980.0,980.0,125.0,125.0,5.0,5.0
491.0,0,8,0,0,night,pa_6_rev,-E5,25.0,5,125.0,5,100.0,66.67,2,2,0,1,980.0,44,23,100.0,113,25.0,0.88,1.0,125.0,125.0,5.0,5.0,980.0,980.0,125.0,125.0,5.0,5.0
492.0,0,8,0,0,night,pa_6_rev,-E5,25.0,5,125.0,5,100.0,66.67,2,2,0,1,980.0,44,23,100.0,113,25.0,0.88,1.0,125.0,125.0,5.0,5.0,980.0,980.0,125.0,125.0,5.0,5.0
493.0,0,8,0,0,night,pa_6_rev,-E5,25.0,5,125.0,5,100.0,66.67,2,2,0,1,980.0,44,24,100.0,113,25.0,0.88,1.0,125.0,125.0,5.0,5.0,980.0,980.0,125.0,125.0,5.0,5.0
494.0,0,8,0,0,night,pa_6_rev,-E5,25.0,5,125.0,5,100.0,66.67,2,2,0,1,980.0,44,24,100.0,113,25.0,0.88,1.0,125.0,125.0,5.0,5.0,980.0,980.0,125.0,125.0,5.0,5.0
495.0,0,8,0,0,night,pa_6_rev,-E5,25.0,5,125.0,5,100.0,66.67,2,2,0,1,980.0,44,24,100.0,113,25.0,0.88,1.0,125.0,125.0,5.0,5.0,980.0,980.0,125.0,125.0,5.0,5.0
496.0,0,8,0,0,night,pa_6_rev,-E5,25.0,5,125.0,5,100.0,66.67,2,2,0,1,980.0,44,25,100.0,113,25.0,0.88,1.0,125.0,125.0,5.0,5.0,980.0,980.0,125.0,125.0,5.0,5.0
497.0,0,8,0,0,night,pa_6_rev,-E5,25.0,5,125.0,5,100.0,66.67,2,2,0,1,980.0,44,26,100.0,113,25.0,0.88,1.0,125.0,125.0,5.0,5.0,980.0,980.0,125.0,125.0,5.0,5.0
498.0,0,8,0,0,night,pa_6_rev,-E5,25.0,5,125.0,5,100.0,66.67,2,2,0,1,980.0,44,27,100.0,112,25.0,0.88,1.0,125.0,125.0,5.0,5.0,980.0,980.0,125.0,125.0,5.0,5.0
499.0,0,8,0,0,night,pa_6_rev,-E5,25.0,5,125.0,5,100.0,66.67,2,2,0,1,980.0,44,27,100.0,112,25.0,0.88,1.0,125.0,125.0,5.0,5.0,980.0,980.0,125.0,125.0,5.0,5.0
500.0,0,8,0,0,night,pa_6_rev,-E5,25.0,5,125.0,5,100.0,66.67,2,2,0,1,980.0,44,27,100.0,112,25.0,0.88,1.0,125.0,125.0,5.0,5.0,980.0,980.0,125.0,125.0,5.0,5.0
501.0,0,8,0,0,night,pa_6_rev,-E5,25.0,5,125.0,5,100.0,66.67,2,2,0,1,980.0,44,27,100.0,111,25.0,0.88,1.0,125.0,125.0,5.0,5.0,980.0,980.0,125.0,125.0,5.0,5.0
502.0,0,8,0,0,night,pa_6_rev,-E5,25.0,5,125.0,5,100.0,66.67,2,2,0,1,980.0,44,27,100.0,110,25.0,0.88,1.0,125.0,125.0,5.0,5.0,980.0,980.0,125.0,125.0,5.0,5.0
503.0,0,8,0,0,night,pa_6_rev,-E5,25.0,5,125.0,5,100.0,66.67,2,2,0,1,980.0,44,27,100.0,110,25.0,0.88,1.0,125.0,125.0,5.0,5.0,980.0,980.0,125.0,125.0,5.0,5.0
504.0,0,8,0,0,night,pa_6_rev,-E5,25.0,5,125.0,5,100.0,66.67,2,2,0,1,980.0,44,27,100.0,110,25.0,0.88,1.0,125.0,125.0,5.0,5.0,980.0,980.0,125.0,125.0,5.0,5.0
505.0,0,8,0,0,night,pa_6_rev,-E5,25.0,5,125.0,5,100.0,66.67,2,2,0,1,980.0,44,27,100.0,112,25.0,0.88,1.0,125.0,125.0,5.0,5.0,980.0,980.0,125.0,125.0,5.0,5.0
506.0,0,8,0,0,night,pa_6_rev,-E5,25.0,5,125.0,5,100.0,66.67,2,2,0,1,980.0,44,27,100.0,112,25.0,0.88,1.0,125.0,125.0,5.0,5.0,980.0,980.0,125.0,125.0,5.0,5.0
507.0,0,8,0,0,night,pa_6_rev,-E5,25.0,5,125.0,5,100.0,66.67,2,2,0,1,980.0,44,27,100.0,112,25.0,0.88,1.0,125.0,125.0,5.0,5.0,980.0,980.0,125.0,125.0,5.0,5.0
508.0,0,8,0,0,night,pa_6_rev,-E5,25.0,5,125.0,5,100.0,66.67,2,2,0,1,980.0,44,27,100.0,112,25.0,0.88,1.0,125.0,125.0,5.0,5.0,980.0,980.0,125.0,125.0,5.0,5.0
509.0,0,8,0,0,night,pa_6_rev,-E5,25.0,5,125.0,5,100.0,66.67,2,2,0,1,980.0,44,27,100.0,112,25.0,0.88,1.0,125.0,125.0,5.0,5.0,980.0,980.0,125.0,125.0,5.0,5.0
510.0,0,8,0,0,night,pa_6_rev,-E5,25.0,5,125.0,5,100.0,66.67,2,2,0,1,980.0,44,27,100.0,112,25.0,0.88,1.0,125.0,125.0,5.0,5.0,980.0,980.0,125.0,125.0,5.0,5.0
511.0,0,8,0,0,night,pa_6_rev,-E5,25.0,5,125.0,5,100.0,66.67,2,2,0,1,980.0,44,27,100.0,111,25.0,0.88,1.0,125.0,125.0,5.0,5.0,980.0,980.0,125.0,125.0,5.0,5.0
512.0,0,8,0,0,night,pa_6_rev,-E5,25.0,5,125.0,5,100.0,66.67,2,2,0,1,980.0,44,28,100.0,111,25.0,0.88,1.0,125.0,125.0,5.0,5.0,980.0,980.0,125.0,125.0,5.0,5.0
513.0,0,8,0,0,night,pa_6_rev,-E5,25.0,5,125.0,5,100.0,66.67,2,2,0,1,980.0,44,28,100.0,111,25.0,0.88,1.0,125.0,125.0,5.0,5.0,980.0,980.0,125.0,125.0,5.0,5.0
514.0,0,8,0,0,night,pa_6_rev,-E5,25.0,5,125.0,5,100.0,66.67,2,2,0,1,980.0,44,28,100.0,111,25.0,0.88,1.0,125.0,125.0,5.0,5.0,980.0,980.0,125.0,125.0,5.0,5.0
515.0,0,8,0,0,night,pa_6_rev,-E5,25.0,5,125.0,5,100.0,66.67,2,2,0,1,980.0,44,28,100.0,115,25.0,0.88,1.0,125.0,125.0,5.0,5.0,980.0,980.0,125.0,125.0,5.0,5.0
516.0,0,8,0,0,night,pa_6_rev,-E5,25.0,5,125.0,5,100.0,66.67,2,2,0,1,980.0,44,28,100.0,115,25.0,0.88,1.0,125.0,125.0,5.0,5.0,980.0,980.0,125.0,125.0,5.0,5.0
517.0,0,8,0,0,night,pa_6_rev,-E5,25.0,5,125.0,5,100.0,66.67,2,2,0,1,980.0,44,28,100.0,115,25.0,0.88,1.0,125.0,125.0,5.0,5.0,980.0,980.0,125.0,125.0,5.0,5.0
518.0,0,8,0,0,night,pa_6_rev,-E5,25.0,5,125.0,5,100.0,66.67,2,2,0,1,980.0,44,28,100.0,114,25.0,0.88,1.0,125.0,125.0,5.0,5.0,980.0,980.0,125.0,125.0,5.0,5.0
519.0,0,8,0,0,night,pa_6_rev,-E5,25.0,5,125.0,5,100.0,66.67,2,2,0,1,980.0,44,28,100.0,114,25.0,0.88,1.0,125.0,125.0,5.0,5.0,980.0,980.0,125.0,125.0,5.0,5.0
520.0,0,8,0,0,night,pa_6_rev,-E5,25.0,5,125.0,5,100.0,66.67,2,2,0,1,980.0,44,28,100.0,114,25.0,0.88,1.0,125.0,125.0,5.0,5.0,980.0,980.0,125.0,125.0,5.0,5.0
521.0,0,8,0,0,night,pa_6_rev,-E5,25.0,5,125.0,5,100.0,66.67,2,2,0,1,980.0,44,28,100.0,115,25.0,0.88,1.0,125.0,125.0,5.0,5.0,980.0,980.0,125.0,125.0,5.0,5.0
522.0,0,8,0,0,night,pa_6_rev,-E5,25.0,5,125.0,5,100.0,66.67,2,2,0,1,980.0,44,28,100.0,115,25.0,0.88,1.0,125.0,125.0,5.0,5.0,980.0,980.0,125.0,125.0,5.0,5.0
523.0,0,8,0,0,night,pa_6_rev,-E5,25.0,5,125.0,5,100.0,66.67,2,2,0,1,980.0,44,28,100.0,115,25.0,0.88,1.0,125.0,125.0,5.0,5.0,980.0,980.0,125.0,125.0,5.0,5.0
524.0,0,8,0,0,night,pa_6_rev,-E5,25.0,5,125.0,5,100.0,66.67,2,2,0,1,980.0,44,28,100.0,115,25.0,0.88,1.0,125.0,125.0,5.0,5.0,980.0,980.0,125.0,125.0,5.0,5.0
525.0,0,8,0,0,night,pa_6_rev,-E5,25.0,5,125.0,5,100.0,66.67,2,2,0,1,980.0,44,29,100.0,115,25.0,0.88,1.0,125.0,125.0,5.0,5.0,980.0,980.0,125.0,125.0,5.0,5.0
526.0,0,8,0,0,night,pa_6_rev,-E5,25.0,5,125.0,5,100.0,66.67,2,2,0,1,980.0,44,29,100.0,115,25.0,0.88,1.0,125.0,125.0,5.0,5.0,980.0,980.0,125.0,125.0,5.0,5.0
527.0,0,8,0,0,night,pa_6_rev,-E5,25.0,5,125.0,5,100.0,66.67,2,2,0,1,980.0,44,29,100.0,114,25.0,0.88,1.0,125.0,125.0,5.0,5.0,980.0,980.0,125.0,125.0,5.0,5.0
528.0,0,8,0,0,night,pa_6_rev,-E5,25.0,5,125.0,5,100.0,66.67,2,2,0,1,980.0,44,29,100.0,114,25.0,0.88,1.0,125.0,125.0,5.0,5.0,980.0,980.0,125.0,125.0,5.0,5.0
529.0,0,8,0,0,night,pa_6_rev,-E5,25.0,5,125.0,5,100.0,66.67,2,2,0,1,980.0,44,29,100.0,114,25.0,0.88,1.0,125.0,125.0,5.0,5.0,980.0,980.0,125.0,125.0,5.0,5.0
530.0,0,8,0,0,night,pa_6_rev,-E5,25.0,5,125.0,5,100.0,66.67,2,2,0,1,980.0,44,29,100.0,113,25.0,0.88,1.0,125.0,125.0,5.0,5.0,980.0,980.0,125.0,125.0,5.0,5.0
531.0,0,8,0,0,night,pa_6_rev,-E5,25.0,5,125.0,5,100.0,66.67,2,2,0,1,980.0,44,29,100.0,113,25.0,0.88,1.0,125.0,125.0,5.0,5.0,980.0,980.0,125.0,125.0,5.0,5.0
532.0,0,8,0,0,night,pa_6_rev,-E5,25.0,5,125.0,5,100.0,66.67,2,2,0,1,980.0,44,29,100.0,113,25.0,0.88,1.0,125.0,125.0,5.0,5.0,980.0,980.0,125.0,125.0,5.0,5.0
533.0,0,8,0,0,night,pa_6_rev,-E5,25.0,5,125.0,5,100.0,66.67,2,2,0,1,980.0,44,30,100.0,113,25.0,0.88,1.0,125.0,125.0,5.0,5.0,980.0,980.0,125.0,125.0,5.0,5.0
534.0,0,8,0,0,night,pa_6_rev,-E5,25.0,5,125.0,5,100.0,66.67,2,2,0,1,980.0,44,30,100.0,113,25.0,0.88,1.0,125.0,125.0,5.0,5.0,980.0,980.0,125.0,125.0,5.0,5.0
535.0,0,8,0,0,night,pa_6_rev,-E5,25.0,5,125.0,5,100.0,66.67,2,2,0,1,980.0,44,30,100.0,112,25.0,0.88,1.0,125.0,125.0,5.0,5.0,980.0,980.0,125.0,125.0,5.0,5.0
536.0,0,8,0,0,night,pa_6_rev,-E5,25.0,5,125.0,5,100.0,66.67,2,2,0,1,980.0,44,30,100.0,112,25.0,0.88,1.0,125.0,125.0,5.0,5.0,980.0,980.0,125.0,125.0,5.0,5.0
537.0,0,8,0,0,night,pa_6_rev,-E5,25.0,5,125.0,5,100.0,66.67,2,2,0,1,980.0,44,30,100.0,112,25.0,0.88,1.0,125.0,125.0,5.0,5.0,980.0,980.0,125.0,125.0,5.0,5.0
538.0,0,8,0,0,night,pa_6_rev,-E5,25.0,5,125.0,5,100.0,66.67,2,2,0,1,980.0,44,30,100.0,112,25.0,0.88,1.0,125.0,125.0,5.0,5.0,980.0,980.0,125.0,125.0,5.0,5.0
539.0,0,8,0,0,night,pa_6_rev,-E5,25.0,5,125.0,5,100.0,66.67,2,2,0,1,980.0,44,30,100.0,112,25.0,0.88,1.0,125.0,125.0,5.0,5.0,980.0,980.0,125.0,125.0,5.0,5.0
540.0,0,9,0,0,night,pa_6_rev,-E5,25.0,5,125.0,5,100.0,66.67,2,2,0,1,980.0,44,31,100.0,112,25.0,0.88,1.0,125.0,125.0,5.0,5.0,980.0,980.0,125.0,125.0,5.0,5.0
541.0,0,9,0,0,night,pa_6_rev,-E5,25.0,5,125.0,5,100.0,66.67,2,2,0,1,980.0,44,31,100.0,115,25.0,0.88,1.0,125.0,125.0,5.0,5.0,980.0,980.0,125.0,125.0,5.0,5.0
542.0,0,9,0,0,night,pa_6_rev,-E5,25.0,5,125.0,5,100.0,66.67,2,2,0,1,980.0,44,31,100.0,115,25.0,0.88,1.0,125.0,125.0,5.0,5.0,980.0,980.0,125.0,125.0,5.0,5.0
543.0,0,9,0,0,night,pa_6_rev,-E5,25.0,5,125.0,5,100.0,100.0,3,3,0,0,980.0,44,32,100.0,117,25.0,1.0,1.0,125.0,125.0,5.0,5.0,980.0,980.0,125.0,125.0,5.0,5.0
544.0,0,9,0,0,night,pa_6_rev,-E5,25.0,5,125.0,5,100.0,100.0,3,3,0,0,980.0,44,32,100.0,117,25.0,1.0,1.0,125.0,125.0,5.0,5.0,980.0,980.0,125.0,125.0,5.0,5.0
545.0,0,9,0,0,night,pa_6_rev,-E5,25.0,5,125.0,5,100.0,100.0,3,3,0,0,980.0,44,32,100.0,117,25.0,1.0,1.0,125.0,125.0,5.0,5.0,980.0,980.0,125.0,125.0,5.0,5.0
546.0,0,9,0,0,night,pa_6_rev,-E5,25.0,5,125.0,5,100.0,100.0,3,3,0,0,980.0,44,32,100.0,117,25.0,1.0,1.0,125.0,125.0,5.0,5.0,980.0,980.0,125.0,125.0,5.0,5.0
547.0,0,9,0,0,night,pa_6_rev,-E5,25.0,5,125.0,5,100.0,100.0,3,3,0,0,980.0,44,32,100.0,118,25.0,1.0,1.0,125.0,125.0,5.0,5.0,980.0,980.0,125.0,125.0,5.0,5.0
548.0,0,9,0,0,night,pa_6_rev,-E5,25.0,5,125.0,5,100.0,100.0,3,3,0,0,980.0,44,34,100.0,117,25.0,1.0,1.0,125.0,125.0,5.0,5.0,980.0,980.0,125.0,125.0,5.0,5.0
549.0,0,9,0,0,night,pa_6_rev,-E5,25.0,5,125.0,5,100.0,100.0,3,3,0,0,980.0,44,35,100.0,116,25.0,1.0,1.0,125.0,125.0,5.0,5.0,980.0,980.0,125.0,125.0,5.0,5.0
550.0,0,9,0,0,night,pa_6_rev,-E5,25.0,5,125.0,5,100.0,100.0,3,3,0,0,980.0,44,39,100.0,116,25.0,1.0,1.0,125.0,125.0,5.0,5.0,980.0,980.0,125.0,125.0,5.0,5.0
551.0,0,9,0,0,night,pa_6_rev,-E5,25.0,5,125.0,5,100.0,100.0,3,3,0,0,980.0,44,39,100.0,116,25.0,1.0,1.0,125.0,125.0,5.0,5.0,980.0,980.0,125.0,125.0,5.0,5.0
552.0,0,9,0,0,night,pa_6_rev,-E5,25.0,5,125.0,5,100.0,100.0,3,3,0,0,980.0,44,40,100.0,116,25.0,1.0,1.0,125.0,125.0,5.0,5.0,980.0,980.0,125.0,125.0,5.0,5.0
553.0,0,9,0,0,night,pa_6_rev,-E5,25.0,5,125.0,5,100.0,100.0,3,3,0,0,980.0,44,40,100.0,116,25.0,1.0,1.0,125.0,125.0,5.0,5.0,980.0,980.0,125.0,125.0,5.0,5.0
554.0,0,9,0,0,night,pa_6_rev,-E5,25.0,5,125.0,5,100.0,100.0,3,3,0,0,980.0,44,40,100.0,116,25.0,1.0,1.0,125.0,125.0,5.0,5.0,980.0,980.0,125.0,125.0,5.0,5.0
555.0,0,9,0,0,night,pa_6_rev,-E5,25.0,5,125.0,5,100.0,100.0,3,3,0,0,980.0,44,40,100.0,115,25.0,1.0,1.0,125.0,125.0,5.0,5.0,980.0,980.0,125.0,125.0,5.0,5.0
556.0,0,9,0,0,night,pa_6_rev,-E5,25.0,5,125.0,5,100.0,100.0,3,3,0,0,980.0,44,40,100.0,115,25.0,1.0,1.0,125.0,125.0,5.0,5.0,980.0,980.0,125.0,125.0,5.0,5.0
557.0,0,9,0,0,night,pa_6_rev,-E5,25.0,5,125.0,5,100.0,100.0,3,3,0,0,980.0,44,40,100.0,114,25.0,1.0,1.0,125.0,125.0,5.0,5.0,980.0,980.0,125.0,125.0,5.0,5.0
558.0,0,9,0,0,night,pa_6_rev,-E5,25.0,5,125.0,5,100.0,100.0,3,3,0,0,980.0,44,40,100.0,114,25.0,1.0,1.0,125.0,125.0,5.0,5.0,980.0,980.0,125.0,125.0,5.0,5.0
559.0,0,9,0,0,night,pa_6_rev,-E5,25.0,5,125.0,5,100.0,100.0,3,3,0,0,980.0,44,40,100.0,113,25.0,1.0,1.0,125.0,125.0,5.0,5.0,980.0,980.0,125.0,125.0,5.0,5.0
560.0,0,9,0,0,night,pa_6_rev,-E5,25.0,5,125.0,5,100.0,100.0,3,3,0,0,980.0,44,40,100.0,113,25.0,1.0,1.0,125.0,125.0,5.0,5.0,980.0,980.0,125.0,125.0,5.0,5.0
561.0,0,9,0,0,night,pa_6_rev,-E5,25.0,5,125.0,5,100.0,100.0,3,3,0,0,980.0,44,41,100.0,115,25.0,1.0,1.0,125.0,125.0,5.0,5.0,980.0,980.0,125.0,125.0,5.0,5.0
562.0,0,9,0,0,night,pa_6_rev,-E5,25.0,5,125.0,5,100.0,100.0,3,3,0,0,980.0,44,41,100.0,115,25.0,1.0,1.0,125.0,125.0,5.0,5.0,980.0,980.0,125.0,125.0,5.0,5.0
563.0,0,9,0,0,night,pa_6_rev,-E5,25.0,5,125.0,5,100.0,100.0,3,3,0,0,980.0,44,41,100.0,115,25.0,1.0,1.0,125.0,125.0,5.0,5.0,980.0,980.0,125.0,125.0,5.0,5.0
564.0,0,9,0,0,night,pa_6_rev,-E5,25.0,5,125.0,5,100.0,100.0,3,3,0,0,980.0,44,41,100.0,114,25.0,1.0,1.0,125.0,125.0,5.0,5.0,980.0,980.0,125.0,125.0,5.0,5.0
565.0,0,9,0,0,night,pa_6_rev,-E5,25.0,5,125.0,5,100.0,133.33,4,4,0,-1,980.0,44,42,100.0,114,25.0,1.12,1.0,125.0,125.0,5.0,5.0,980.0,980.0,125.0,125.0,5.0,5.0
566.0,0,9,0,0,night,pa_6_rev,-E5,25.0,5,125.0,5,100.0,133.33,4,4,0,-1,980.0,44,42,100.0,116,25.0,1.12,1.0,125.0,125.0,5.0,5.0,980.0,980.0,125.0,125.0,5.0,5.0
567.0,0,9,0,0,night,pa_6_rev,-E5,25.0,5,125.0,5,100.0,133.33,4,4,0,-1,980.0,44,42,100.0,116,25.0,1.12,1.0,125.0,125.0,5.0,5.0,980.0,980.0,125.0,125.0,5.0,5.0
568.0,0,9,0,0,night,pa_6_rev,-E5,25.0,5,125.0,5,100.0,133.33,4,4,0,-1,980.0,44,42,100.0,116,25.0,1.12,1.0,125.0,125.0,5.0,5.0,980.0,980.0,125.0,125.0,5.0,5.0
569.0,0,9,0,0,night,pa_6_rev,-E5,25.0,5,125.0,5,100.0,133.33,4,4,0,-1,980.0,44,42,100.0,114,25.0,1.12,1.0,125.0,125.0,5.0,5.0,980.0,980.0,125.0,125.0,5.0,5.0
570.0,0,9,0,0,night,pa_6_rev,-E5,25.0,5,125.0,5,100.0,133.33,4,4,0,-1,980.0,44,42,100.0,114,25.0,1.12,1.0,125.0,125.0,5.0,5.0,980.0,980.0,125.0,125.0,5.0,5.0
571.0,0,9,0,0,night,pa_6_rev,-E5,25.0,5,125.0,5,100.0,133.33,4,4,0,-1,980.0,44,42,100.0,114,25.0,1.12,1.0,125.0,125.0,5.0,5.0,980.0,980.0,125.0,125.0,5.0,5.0
572.0,0,9,0,0,night,pa_6_rev,-E5,25.0,5,125.0,5,100.0,133.33,4,4,0,-1,980.0,44,42,100.0,114,25.0,1.12,1.0,125.0,125.0,5.0,5.0,980.0,980.0,125.0,125.0,5.0,5.0
573.0,0,9,0,0,night,pa_6_rev,-E5,25.0,5,125.0,5,100.0,133.33,4,4,0,-1,980.0,44,42,100.0,112,25.0,1.12,1.0,125.0,125.0,5.0,5.0,980.0,980.0,125.0,125.0,5.0,5.0
574.0,0,9,0,0,night,pa_6_rev,-E5,25.0,5,125.0,5,100.0,133.33,4,4,0,-1,980.0,44,42,100.0,112,25.0,1.12,1.0,125.0,125.0,5.0,5.0,980.0,980.0,125.0,125.0,5.0,5.0
575.0,0,9,0,0,night,pa_6_rev,-E5,25.0,5,125.0,5,100.0,133.33,4,4,0,-1,980.0,44,42,100.0,111,25.0,1.12,1.0,125.0,125.0,5.0,5.0,980.0,980.0,125.0,125.0,5.0,5.0
576.0,0,9,0,0,night,pa_6_rev,-E5,25.0,5,125.0,5,100.0,133.33,4,4,0,-1,980.0,44,42,100.0,110,25.0,1.12,1.0,125.0,125.0,5.0,5.0,980.0,980.0,125.0,125.0,5.0,5.0
577.0,0,9,0,0,night,pa_6_rev,-E5,25.0,5,125.0,5,100.0,133.33,4,4,0,-1,980.0,44,42,100.0,114,25.0,1.12,1.0,125.0,125.0,5.0,5.0,980.0,980.0,125.0,125.0,5.0,5.0
578.0,0,9,0,0,night,pa_6_rev,-E5,25.0,5,125.0,5,100.0,133.33,4,4,0,-1,980.0,44,42,100.0,114,25.0,1.12,1.0,125.0,125.0,5.0,5.0,980.0,980.0,125.0,125.0,5.0,5.0
579.0,0,9,0,0,night,pa_6_rev,-E5,25.0,5,125.0,5,100.0,133.33,4,4,0,-1,980.0,44,42,100.0,114,25.0,1.12,1.0,125.0,125.0,5.0,5.0,980.0,980.0,125.0,125.0,5.0,5.0
580.0,0,9,0,0,night,pa_6_rev,-E5,25.0,5,125.0,5,100.0,133.33,4,4,0,-1,980.0,44,42,100.0,114,25.0,1.12,1.0,125.0,125.0,5.0,5.0,980.0,980.0,125.0,125.0,5.0,5.0
581.0,0,9,0,0,night,pa_6_rev,-E5,25.0,5,125.0,5,100.0,133.33,4,4,0,-1,980.0,44,42,100.0,114,25.0,1.12,1.0,125.0,125.0,5.0,5.0,980.0,980.0,125.0,125.0,5.0,5.0
582.0,0,9,0,0,night,pa_6_rev,-E5,25.0,5,125.0,5,100.0,133.33,4,4,0,-1,980.0,44,43,100.0,114,25.0,1.12,1.0,125.0,125.0,5.0,5.0,980.0,980.0,125.0,125.0,5.0,5.0
583.0,0,9,0,0,night,pa_6_rev,-E5,25.0,5,125.0,5,100.0,133.33,4,4,0,-1,980.0,44,43,100.0,114,25.0,1.12,1.0,125.0,125.0,5.0,5.0,980.0,980.0,125.0,125.0,5.0,5.0
584.0,0,9,0,0,night,pa_6_rev,-E5,25.0,5,125.0,5,100.0,133.33,4,4,0,-1,980.0,44,43,100.0,113,25.0,1.12,1.0,125.0,125.0,5.0,5.0,980.0,980.0,125.0,125.0,5.0,5.0
585.0,0,9,0,0,night,pa_6_rev,-E5,25.0,5,125.0,5,100.0,133.33,4,4,0,-1,980.0,44,43,100.0,113,25.0,1.12,1.0,125.0,125.0,5.0,5.0,980.0,980.0,125.0,125.0,5.0,5.0
586.0,0,9,0,0,night,pa_6_rev,-E5,25.0,5,125.0,5,100.0,133.33,4,4,0,-1,980.0,44,43,100.0,114,25.0,1.12,1.0,125.0,125.0,5.0,5.0,980.0,980.0,125.0,125.0,5.0,5.0
587.0,0,9,0,0,night,pa_6_rev,-E5,25.0,5,125.0,5,100.0,133.33,4,4,0,-1,980.0,44,44,100.0,114,25.0,1.12,1.0,125.0,125.0,5.0,5.0,980.0,980.0,125.0,125.0,5.0,5.0
588.0,0,9,0,0,night,pa_6_rev,-E5,25.0,5,125.0,5,100.0,133.33,4,4,0,-1,980.0,44,44,100.0,113,25.0,1.12,1.0,125.0,125.0,5.0,5.0,980.0,980.0,125.0,125.0,5.0,5.0
589.0,0,9,0,0,night,pa_6_rev,-E5,25.0,5,125.0,5,100.0,133.33,4,4,0,-1,980.0,44,44,100.0,113,25.0,1.12,1.0,125.0,125.0,5.0,5.0,980.0,980.0,125.0,125.0,5.0,5.0
590.0,0,9,0,0,night,pa_6_rev,-E5,25.0,5,125.0,5,100.0,133.33,4,4,0,-1,980.0,44,44,100.0,113,25.0,1.12,1.0,125.0,125.0,5.0,5.0,980.0,980.0,125.0,125.0,5.0,5.0
591.0,0,9,0,0,night,pa_6_rev,-E5,25.0,5,125.0,5,100.0,133.33,4,4,0,-1,980.0,44,44,100.0,113,25.0,1.12,1.0,125.0,125.0,5.0,5.0,980.0,980.0,125.0,125.0,5.0,5.0
592.0,0,9,0,0,night,pa_6_rev,-E5,25.0,5,125.0,5,100.0,133.33,4,4,0,-1,980.0,44,44,100.0,113,25.0,1.12,1.0,125.0,125.0,5.0,5.0,980.0,980.0,125.0,125.0,5.0,5.0
593.0,0,9,0,0,night,pa_6_rev,-E5,25.0,5,125.0,5,100.0,133.33,4,4,0,-1,980.0,44,44,100.0,113,25.0,1.12,1.0,125.0,125.0,5.0,5.0,980.0,980.0,125.0,125.0,5.0,5.0
594.0,0,9,0,0,night,pa_6_rev,-E5,25.0,5,125.0,5,100.0,133.33,4,4,0,-1,980.0,44,44,100.0,113,25.0,1.12,1.0,125.0,125.0,5.0,5.0,980.0,980.0,125.0,125.0,5.0,5.0
595.0,0,9,0,0,night,pa_6_rev,-E5,25.0,5,125.0,5,100.0,133.33,4,4,0,-1,980.0,44,44,100.0,113,25.0,1.12,1.0,125.0,125.0,5.0,5.0,980.0,980.0,125.0,125.0,5.0,5.0
596.0,0,9,0,0,night,pa_6_rev,-E5,25.0,5,125.0,5,100.0,133.33,4,4,0,-1,980.0,44,44,100.0,113,25.0,1.12,1.0,125.0,125.0,5.0,5.0,980.0,980.0,125.0,125.0,5.0,5.0
597.0,0,9,0,0,night,pa_6_rev,-E5,25.0,5,125.0,5,100.0,133.33,4,4,0,-1,980.0,44,44,100.0,113,25.0,1.12,1.0,125.0,125.0,5.0,5.0,980.0,980.0,125.0,125.0,5.0,5.0
598.0,0,9,0,0,night,pa_6_rev,-E5,25.0,5,125.0,5,100.0,133.33,4,4,0,-1,980.0,44,44,100.0,111,25.0,1.12,1.0,125.0,125.0,5.0,5.0,980.0,980.0,125.0,125.0,5.0,5.0
599.0,0,9,0,0,night,pa_6_rev,-E5,25.0,5,125.0,5,100.0,133.33,4,4,0,-1,980.0,44,45,100.0,111,25.0,1.12,1.0,125.0,125.0,5.0,5.0,980.0,980.0,125.0,125.0,5.0,5.0
600.0,0,10,0,0,night,pa_6_rev,-E5,25.0,5,125.0,5,100.0,133.33,4,4,0,-1,980.0,44,45,100.0,110,25.0,1.12,1.0,125.0,125.0,5.0,5.0,980.0,980.0,125.0,125.0,5.0,5.0
1.0,0,0,0,0,night,pa_7,E6,20.0,4,0.0,0,0.0,0.0,0,0,4,2,0.0,0,0,0.0,8,0.0,0.0,0.0,0.0,0.0,0.0,0.0,0.0,0.0,0.0,0.0,0.0,0.0
2.0,0,0,0,0,night,pa_7,E6,20.0,4,0.0,0,0.0,0.0,0,0,4,2,0.0,0,0,0.0,8,0.0,0.0,0.0,0.0,0.0,0.0,0.0,0.0,0.0,0.0,0.0,0.0,0.0
3.0,0,0,0,0,night,pa_7,E6,20.0,4,0.0,0,0.0,0.0,0,0,4,2,0.0,0,0,0.0,12,0.0,0.0,0.0,0.0,0.0,0.0,0.0,0.0,0.0,0.0,0.0,0.0,0.0
4.0,0,0,0,0,night,pa_7,E6,20.0,4,0.0,0,0.0,0.0,0,0,4,2,0.0,0,0,0.0,14,0.0,0.0,0.0,0.0,0.0,0.0,0.0,0.0,0.0,0.0,0.0,0.0,0.0
5.0,0,0,0,0,night,pa_7,E6,20.0,4,0.0,0,0.0,0.0,0,0,4,2,0.0,0,0,0.0,14,0.0,0.0,0.0,0.0,0.0,0.0,0.0,0.0,0.0,0.0,0.0,0.0,0.0
6.0,0,0,0,0,night,pa_7,E6,20.0,4,0.0,0,0.0,0.0,0,0,4,2,0.0,0,0,0.0,16,0.0,0.0,0.0,0.0,0.0,0.0,0.0,0.0,0.0,0.0,0.0,0.0,0.0
7.0,0,0,0,0,night,pa_7,E6,20.0,4,0.0,0,0.0,0.0,0,0,4,2,0.0,0,0,0.0,17,0.0,0.0,0.0,0.0,0.0,0.0,0.0,0.0,0.0,0.0,0.0,0.0,0.0
8.0,0,0,0,0,night,pa_7,E6,20.0,4,0.0,0,0.0,0.0,0,0,4,2,0.0,0,0,0.0,18,0.0,0.0,0.0,0.0,0.0,0.0,0.0,0.0,0.0,0.0,0.0,0.0,0.0
9.0,0,0,0,0,night,pa_7,E6,20.0,4,0.0,0,0.0,0.0,0,0,4,2,0.0,0,0,0.0,18,0.0,0.0,0.0,0.0,0.0,0.0,0.0,0.0,0.0,0.0,0.0,0.0,0.0
10.0,0,0,0,0,night,pa_7,E6,20.0,4,0.0,0,0.0,0.0,0,0,4,2,0.0,0,0,0.0,20,0.0,0.0,0.0,0.0,0.0,0.0,0.0,0.0,0.0,0.0,0.0,0.0,0.0
11.0,0,0,0,0,night,pa_7,E6,20.0,4,0.0,0,0.0,0.0,0,0,4,2,0.0,0,0,0.0,20,0.0,0.0,0.0,0.0,0.0,0.0,0.0,0.0,0.0,0.0,0.0,0.0,0.0
12.0,0,0,0,0,night,pa_7,E6,20.0,4,0.0,0,0.0,0.0,0,0,4,2,0.0,0,0,0.0,20,0.0,0.0,0.0,0.0,0.0,0.0,0.0,0.0,0.0,0.0,0.0,0.0,0.0
13.0,0,0,0,0,night,pa_7,E6,20.0,4,0.0,0,0.0,0.0,0,0,4,2,0.0,0,0,0.0,20,0.0,0.0,0.0,0.0,0.0,0.0,0.0,0.0,0.0,0.0,0.0,0.0,0.0
14.0,0,0,0,0,night,pa_7,E6,20.0,4,0.0,0,0.0,0.0,0,0,4,2,0.0,0,0,0.0,22,0.0,0.0,0.0,0.0,0.0,0.0,0.0,0.0,0.0,0.0,0.0,0.0,0.0
15.0,0,0,0,0,night,pa_7,E6,20.0,4,0.0,0,0.0,0.0,0,0,4,2,0.0,0,0,0.0,22,0.0,0.0,0.0,0.0,0.0,0.0,0.0,0.0,0.0,0.0,0.0,0.0,0.0
16.0,0,0,0,0,night,pa_7,E6,20.0,4,0.0,0,0.0,0.0,0,0,4,2,0.0,0,0,0.0,22,0.0,0.0,0.0,0.0,0.0,0.0,0.0,0.0,0.0,0.0,0.0,0.0,0.0
17.0,0,0,0,0,night,pa_7,E6,20.0,4,0.0,0,0.0,0.0,0,0,4,2,0.0,0,0,0.0,22,0.0,0.0,0.0,0.0,0.0,0.0,0.0,0.0,0.0,0.0,0.0,0.0,0.0
18.0,0,0,0,0,night,pa_7,E6,20.0,4,0.0,0,0.0,0.0,0,0,4,2,0.0,0,0,0.0,24,0.0,0.0,0.0,0.0,0.0,0.0,0.0,0.0,0.0,0.0,0.0,0.0,0.0
19.0,0,0,0,0,night,pa_7,E6,20.0,4,0.0,0,0.0,0.0,0,0,4,2,0.0,0,0,0.0,24,0.0,0.0,0.0,0.0,0.0,0.0,0.0,0.0,0.0,0.0,0.0,0.0,0.0
20.0,0,0,0,0,night,pa_7,E6,20.0,4,0.0,0,0.0,0.0,0,0,4,2,0.0,0,0,0.0,24,0.0,0.0,0.0,0.0,0.0,0.0,0.0,0.0,0.0,0.0,0.0,0.0,0.0
21.0,0,0,0,0,night,pa_7,E6,20.0,4,0.0,0,0.0,0.0,0,0,4,2,0.0,0,0,0.0,24,0.0,0.0,0.0,0.0,0.0,0.0,0.0,0.0,0.0,0.0,0.0,0.0,0.0
22.0,0,0,0,0,night,pa_7,E6,20.0,4,0.0,0,0.0,0.0,0,0,4,2,0.0,0,0,0.0,24,0.0,0.0,0.0,0.0,0.0,0.0,0.0,0.0,0.0,0.0,0.0,0.0,0.0
23.0,0,0,0,0,night,pa_7,E6,20.0,4,0.0,0,0.0,0.0,0,0,4,2,0.0,0,0,0.0,24,0.0,0.0,0.0,0.0,0.0,0.0,0.0,0.0,0.0,0.0,0.0,0.0,0.0
24.0,0,0,0,0,night,pa_7,E6,20.0,4,0.0,0,0.0,0.0,0,0,4,2,0.0,0,0,0.0,24,0.0,0.0,0.0,0.0,0.0,0.0,0.0,0.0,0.0,0.0,0.0,0.0,0.0
25.0,0,0,0,0,night,pa_7,E6,20.0,4,0.0,0,0.0,0.0,0,0,4,2,0.0,0,0,0.0,24,0.0,0.0,0.0,0.0,0.0,0.0,0.0,0.0,0.0,0.0,0.0,0.0,0.0
26.0,0,0,0,0,night,pa_7,E6,20.0,4,0.0,0,0.0,0.0,0,0,4,2,0.0,0,0,0.0,24,0.0,0.0,0.0,0.0,0.0,0.0,0.0,0.0,0.0,0.0,0.0,0.0,0.0
27.0,0,0,0,0,night,pa_7,E6,20.0,4,0.0,0,0.0,0.0,0,0,4,2,0.0,0,0,0.0,24,0.0,0.0,0.0,0.0,0.0,0.0,0.0,0.0,0.0,0.0,0.0,0.0,0.0
28.0,0,0,0,0,night,pa_7,E6,20.0,4,0.0,0,0.0,0.0,0,0,4,2,0.0,0,0,0.0,24,0.0,0.0,0.0,0.0,0.0,0.0,0.0,0.0,0.0,0.0,0.0,0.0,0.0
29.0,0,0,0,0,night,pa_7,E6,20.0,4,0.0,0,0.0,0.0,0,0,4,2,0.0,0,0,0.0,24,0.0,0.0,0.0,0.0,0.0,0.0,0.0,0.0,0.0,0.0,0.0,0.0,0.0
30.0,0,0,0,0,night,pa_7,E6,20.0,4,0.0,0,0.0,0.0,0,0,4,2,0.0,0,0,0.0,24,0.0,0.0,0.0,0.0,0.0,0.0,0.0,0.0,0.0,0.0,0.0,0.0,0.0
31.0,0,0,0,0,night,pa_7,E6,20.0,4,0.0,0,0.0,0.0,0,0,4,2,0.0,0,0,0.0,24,0.0,0.0,0.0,0.0,0.0,0.0,0.0,0.0,0.0,0.0,0.0,0.0,0.0
32.0,0,0,0,0,night,pa_7,E6,20.0,4,0.0,0,0.0,0.0,0,0,4,2,0.0,0,0,0.0,24,0.0,0.0,0.0,0.0,0.0,0.0,0.0,0.0,0.0,0.0,0.0,0.0,0.0
33.0,0,0,0,0,night,pa_7,E6,20.0,4,0.0,0,0.0,0.0,0,0,4,2,0.0,0,0,0.0,24,0.0,0.0,0.0,0.0,0.0,0.0,0.0,0.0,0.0,0.0,0.0,0.0,0.0
34.0,0,0,0,0,night,pa_7,E6,20.0,4,0.0,0,0.0,0.0,0,0,4,2,0.0,0,0,0.0,24,0.0,0.0,0.0,0.0,0.0,0.0,0.0,0.0,0.0,0.0,0.0,0.0,0.0
35.0,0,0,0,0,night,pa_7,E6,20.0,4,0.0,0,0.0,0.0,0,0,4,2,0.0,0,0,0.0,24,0.0,0.0,0.0,0.0,0.0,0.0,0.0,0.0,0.0,0.0,0.0,0.0,0.0
36.0,0,0,0,0,night,pa_7,E6,20.0,4,0.0,0,0.0,0.0,0,0,4,2,0.0,0,0,0.0,24,0.0,0.0,0.0,0.0,0.0,0.0,0.0,0.0,0.0,0.0,0.0,0.0,0.0
37.0,0,0,0,0,night,pa_7,E6,20.0,4,0.0,0,0.0,0.0,0,0,4,2,0.0,0,0,0.0,24,0.0,0.0,0.0,0.0,0.0,0.0,0.0,0.0,0.0,0.0,0.0,0.0,0.0
38.0,0,0,0,0,night,pa_7,E6,20.0,4,0.0,0,0.0,0.0,0,0,4,2,0.0,0,0,0.0,24,0.0,0.0,0.0,0.0,0.0,0.0,0.0,0.0,0.0,0.0,0.0,0.0,0.0
39.0,0,0,0,0,night,pa_7,E6,20.0,4,0.0,0,0.0,0.0,0,0,4,2,0.0,0,0,0.0,24,0.0,0.0,0.0,0.0,0.0,0.0,0.0,0.0,0.0,0.0,0.0,0.0,0.0
40.0,0,0,0,0,night,pa_7,E6,20.0,4,0.0,0,0.0,0.0,0,0,4,2,0.0,0,0,0.0,24,0.0,0.0,0.0,0.0,0.0,0.0,0.0,0.0,0.0,0.0,0.0,0.0,0.0
41.0,0,0,0,0,night,pa_7,E6,20.0,4,0.0,0,0.0,0.0,0,0,4,2,0.0,0,0,0.0,25,0.0,0.0,0.0,0.0,0.0,0.0,0.0,0.0,0.0,0.0,0.0,0.0,0.0
42.0,0,0,0,0,night,pa_7,E6,20.0,4,0.0,0,0.0,0.0,0,0,4,2,0.0,0,0,0.0,25,0.0,0.0,0.0,0.0,0.0,0.0,0.0,0.0,0.0,0.0,0.0,0.0,0.0
43.0,0,0,0,0,night,pa_7,E6,20.0,4,0.0,0,0.0,0.0,0,0,4,2,0.0,0,0,0.0,25,0.0,0.0,0.0,0.0,0.0,0.0,0.0,0.0,0.0,0.0,0.0,0.0,0.0
44.0,0,0,0,0,night,pa_7,E6,20.0,4,0.0,0,0.0,0.0,0,0,4,2,0.0,0,0,0.0,25,0.0,0.0,0.0,0.0,0.0,0.0,0.0,0.0,0.0,0.0,0.0,0.0,0.0
45.0,0,0,0,0,night,pa_7,E6,20.0,4,0.0,0,0.0,0.0,0,0,4,2,0.0,0,0,0.0,25,0.0,0.0,0.0,0.0,0.0,0.0,0.0,0.0,0.0,0.0,0.0,0.0,0.0
46.0,0,0,0,0,night,pa_7,E6,20.0,4,0.0,0,0.0,0.0,0,0,4,2,0.0,0,0,0.0,26,0.0,0.0,0.0,0.0,0.0,0.0,0.0,0.0,0.0,0.0,0.0,0.0,0.0
47.0,0,0,0,0,night,pa_7,E6,20.0,4,0.0,0,0.0,0.0,0,0,4,2,0.0,0,0,0.0,26,0.0,0.0,0.0,0.0,0.0,0.0,0.0,0.0,0.0,0.0,0.0,0.0,0.0
48.0,0,0,0,0,night,pa_7,E6,20.0,4,0.0,0,0.0,0.0,0,0,4,2,0.0,0,0,0.0,26,0.0,0.0,0.0,0.0,0.0,0.0,0.0,0.0,0.0,0.0,0.0,0.0,0.0
49.0,0,0,0,0,night,pa_7,E6,20.0,4,0.0,0,0.0,0.0,0,0,4,2,0.0,0,0,0.0,26,0.0,0.0,0.0,0.0,0.0,0.0,0.0,0.0,0.0,0.0,0.0,0.0,0.0
50.0,0,0,0,0,night,pa_7,E6,20.0,4,0.0,0,0.0,0.0,0,0,4,2,0.0,0,0,0.0,26,0.0,0.0,0.0,0.0,0.0,0.0,0.0,0.0,0.0,0.0,0.0,0.0,0.0
51.0,0,0,0,0,night,pa_7,E6,20.0,4,0.0,0,0.0,0.0,0,0,4,2,0.0,0,0,0.0,26,0.0,0.0,0.0,0.0,0.0,0.0,0.0,0.0,0.0,0.0,0.0,0.0,0.0
52.0,0,0,0,0,night,pa_7,E6,20.0,4,0.0,0,0.0,0.0,0,0,4,2,0.0,0,0,0.0,28,0.0,0.0,0.0,0.0,0.0,0.0,0.0,0.0,0.0,0.0,0.0,0.0,0.0
53.0,0,0,0,0,night,pa_7,E6,20.0,4,0.0,0,0.0,0.0,0,0,4,2,0.0,0,0,0.0,28,0.0,0.0,0.0,0.0,0.0,0.0,0.0,0.0,0.0,0.0,0.0,0.0,0.0
54.0,0,0,0,0,night,pa_7,E6,20.0,4,0.0,0,0.0,0.0,0,0,4,2,0.0,0,0,0.0,28,0.0,0.0,0.0,0.0,0.0,0.0,0.0,0.0,0.0,0.0,0.0,0.0,0.0
55.0,0,0,0,0,night,pa_7,E6,20.0,4,0.0,0,0.0,0.0,0,0,4,2,0.0,0,0,0.0,28,0.0,0.0,0.0,0.0,0.0,0.0,0.0,0.0,0.0,0.0,0.0,0.0,0.0
56.0,0,0,0,0,night,pa_7,E6,20.0,4,0.0,0,0.0,0.0,0,0,4,2,0.0,0,0,0.0,28,0.0,0.0,0.0,0.0,0.0,0.0,0.0,0.0,0.0,0.0,0.0,0.0,0.0
57.0,0,0,0,0,night,pa_7,E6,20.0,4,0.0,0,0.0,0.0,0,0,4,2,0.0,0,0,0.0,28,0.0,0.0,0.0,0.0,0.0,0.0,0.0,0.0,0.0,0.0,0.0,0.0,0.0
58.0,0,0,0,0,night,pa_7,E6,20.0,4,0.0,0,0.0,0.0,0,0,4,2,0.0,0,0,0.0,28,0.0,0.0,0.0,0.0,0.0,0.0,0.0,0.0,0.0,0.0,0.0,0.0,0.0
59.0,0,0,0,0,night,pa_7,E6,20.0,4,0.0,0,0.0,0.0,0,0,4,2,0.0,0,0,0.0,28,0.0,0.0,0.0,0.0,0.0,0.0,0.0,0.0,0.0,0.0,0.0,0.0,0.0
60.0,0,1,0,0,night,pa_7,E6,20.0,4,0.0,0,0.0,0.0,0,0,4,2,0.0,0,0,0.0,28,0.0,0.0,0.0,0.0,0.0,0.0,0.0,0.0,0.0,0.0,0.0,0.0,0.0
61.0,0,1,0,0,night,pa_7,E6,20.0,4,0.0,0,0.0,0.0,0,0,4,2,0.0,0,0,0.0,30,0.0,0.0,0.0,0.0,0.0,0.0,0.0,0.0,0.0,0.0,0.0,0.0,0.0
62.0,0,1,0,0,night,pa_7,E6,20.0,4,0.0,0,0.0,0.0,0,0,4,2,0.0,0,0,0.0,30,0.0,0.0,0.0,0.0,0.0,0.0,0.0,0.0,0.0,0.0,0.0,0.0,0.0
63.0,0,1,0,0,night,pa_7,E6,20.0,4,0.0,0,0.0,0.0,0,0,4,2,0.0,0,0,0.0,30,0.0,0.0,0.0,0.0,0.0,0.0,0.0,0.0,0.0,0.0,0.0,0.0,0.0
64.0,0,1,0,0,night,pa_7,E6,20.0,4,0.0,0,0.0,0.0,0,0,4,2,0.0,0,0,0.0,30,0.0,0.0,0.0,0.0,0.0,0.0,0.0,0.0,0.0,0.0,0.0,0.0,0.0
65.0,0,1,0,0,night,pa_7,E6,20.0,4,0.0,0,0.0,0.0,0,0,4,2,0.0,0,0,0.0,30,0.0,0.0,0.0,0.0,0.0,0.0,0.0,0.0,0.0,0.0,0.0,0.0,0.0
66.0,0,1,0,0,night,pa_7,E6,20.0,4,0.0,0,0.0,0.0,0,0,4,2,0.0,0,0,0.0,30,0.0,0.0,0.0,0.0,0.0,0.0,0.0,0.0,0.0,0.0,0.0,0.0,0.0
67.0,0,1,0,0,night,pa_7,E6,20.0,4,0.0,0,0.0,0.0,0,0,4,2,0.0,0,0,0.0,30,0.0,0.0,0.0,0.0,0.0,0.0,0.0,0.0,0.0,0.0,0.0,0.0,0.0
68.0,0,1,0,0,night,pa_7,E6,20.0,4,0.0,0,0.0,0.0,0,0,4,2,0.0,0,0,0.0,30,0.0,0.0,0.0,0.0,0.0,0.0,0.0,0.0,0.0,0.0,0.0,0.0,0.0
69.0,0,1,0,0,night,pa_7,E6,20.0,4,0.0,0,0.0,0.0,0,0,4,2,0.0,0,0,0.0,30,0.0,0.0,0.0,0.0,0.0,0.0,0.0,0.0,0.0,0.0,0.0,0.0,0.0
70.0,0,1,0,0,night,pa_7,E6,20.0,4,0.0,0,0.0,0.0,0,0,4,2,0.0,0,0,0.0,30,0.0,0.0,0.0,0.0,0.0,0.0,0.0,0.0,0.0,0.0,0.0,0.0,0.0
71.0,0,1,0,0,night,pa_7,E6,20.0,4,0.0,0,0.0,0.0,0,0,4,2,0.0,0,0,0.0,30,0.0,0.0,0.0,0.0,0.0,0.0,0.0,0.0,0.0,0.0,0.0,0.0,0.0
72.0,0,1,0,0,night,pa_7,E6,20.0,4,0.0,0,0.0,0.0,0,0,4,2,0.0,0,0,0.0,30,0.0,0.0,0.0,0.0,0.0,0.0,0.0,0.0,0.0,0.0,0.0,0.0,0.0
73.0,0,1,0,0,night,pa_7,E6,20.0,4,0.0,0,0.0,0.0,0,0,4,2,0.0,0,0,0.0,32,0.0,0.0,0.0,0.0,0.0,0.0,0.0,0.0,0.0,0.0,0.0,0.0,0.0
74.0,0,1,0,0,night,pa_7,E6,20.0,4,0.0,0,0.0,0.0,0,0,4,2,0.0,0,0,0.0,32,0.0,0.0,0.0,0.0,0.0,0.0,0.0,0.0,0.0,0.0,0.0,0.0,0.0
75.0,0,1,0,0,night,pa_7,E6,20.0,4,0.0,0,0.0,0.0,0,0,4,2,0.0,0,0,0.0,32,0.0,0.0,0.0,0.0,0.0,0.0,0.0,0.0,0.0,0.0,0.0,0.0,0.0
76.0,0,1,0,0,night,pa_7,E6,20.0,4,0.0,0,0.0,0.0,0,0,4,2,0.0,0,0,0.0,32,0.0,0.0,0.0,0.0,0.0,0.0,0.0,0.0,0.0,0.0,0.0,0.0,0.0
77.0,0,1,0,0,night,pa_7,E6,20.0,4,0.0,0,0.0,0.0,0,0,4,2,0.0,0,0,0.0,32,0.0,0.0,0.0,0.0,0.0,0.0,0.0,0.0,0.0,0.0,0.0,0.0,0.0
78.0,0,1,0,0,night,pa_7,E6,20.0,4,0.0,0,0.0,0.0,0,0,4,2,0.0,0,0,0.0,32,0.0,0.0,0.0,0.0,0.0,0.0,0.0,0.0,0.0,0.0,0.0,0.0,0.0
79.0,0,1,0,0,night,pa_7,E6,20.0,4,0.0,0,0.0,0.0,0,0,4,2,0.0,0,0,0.0,32,0.0,0.0,0.0,0.0,0.0,0.0,0.0,0.0,0.0,0.0,0.0,0.0,0.0
80.0,0,1,0,0,night,pa_7,E6,20.0,4,0.0,0,0.0,0.0,0,0,4,2,0.0,0,0,0.0,32,0.0,0.0,0.0,0.0,0.0,0.0,0.0,0.0,0.0,0.0,0.0,0.0,0.0
81.0,0,1,0,0,night,pa_7,E6,20.0,4,0.0,0,0.0,0.0,0,0,4,2,0.0,0,0,0.0,34,0.0,0.0,0.0,0.0,0.0,0.0,0.0,0.0,0.0,0.0,0.0,0.0,0.0
82.0,0,1,0,0,night,pa_7,E6,20.0,4,0.0,0,0.0,0.0,0,0,4,2,0.0,0,0,0.0,34,0.0,0.0,0.0,0.0,0.0,0.0,0.0,0.0,0.0,0.0,0.0,0.0,0.0
83.0,0,1,0,0,night,pa_7,E6,20.0,4,0.0,0,0.0,0.0,0,0,4,2,0.0,0,0,0.0,34,0.0,0.0,0.0,0.0,0.0,0.0,0.0,0.0,0.0,0.0,0.0,0.0,0.0
84.0,0,1,0,0,night,pa_7,E6,20.0,4,0.0,0,0.0,0.0,0,0,4,2,0.0,0,0,0.0,34,0.0,0.0,0.0,0.0,0.0,0.0,0.0,0.0,0.0,0.0,0.0,0.0,0.0
85.0,0,1,0,0,night,pa_7,E6,20.0,4,0.0,0,0.0,0.0,0,0,4,2,0.0,0,0,0.0,34,0.0,0.0,0.0,0.0,0.0,0.0,0.0,0.0,0.0,0.0,0.0,0.0,0.0
86.0,0,1,0,0,night,pa_7,E6,20.0,4,0.0,0,0.0,0.0,0,0,4,2,0.0,0,0,0.0,34,0.0,0.0,0.0,0.0,0.0,0.0,0.0,0.0,0.0,0.0,0.0,0.0,0.0
87.0,0,1,0,0,night,pa_7,E6,20.0,4,0.0,0,0.0,0.0,0,0,4,2,0.0,0,0,0.0,34,0.0,0.0,0.0,0.0,0.0,0.0,0.0,0.0,0.0,0.0,0.0,0.0,0.0
88.0,0,1,0,0,night,pa_7,E6,20.0,4,0.0,0,0.0,0.0,0,0,4,2,0.0,0,0,0.0,34,0.0,0.0,0.0,0.0,0.0,0.0,0.0,0.0,0.0,0.0,0.0,0.0,0.0
89.0,0,1,0,0,night,pa_7,E6,20.0,4,0.0,0,0.0,0.0,0,0,4,2,0.0,0,0,0.0,34,0.0,0.0,0.0,0.0,0.0,0.0,0.0,0.0,0.0,0.0,0.0,0.0,0.0
90.0,0,1,0,0,night,pa_7,E6,20.0,4,0.0,0,0.0,0.0,0,0,4,2,0.0,0,0,0.0,34,0.0,0.0,0.0,0.0,0.0,0.0,0.0,0.0,0.0,0.0,0.0,0.0,0.0
91.0,0,1,0,0,night,pa_7,E6,20.0,4,0.0,0,0.0,0.0,0,0,4,2,0.0,0,0,0.0,35,0.0,0.0,0.0,0.0,0.0,0.0,0.0,0.0,0.0,0.0,0.0,0.0,0.0
92.0,0,1,0,0,night,pa_7,E6,20.0,4,0.0,0,0.0,0.0,0,0,4,2,0.0,0,0,0.0,35,0.0,0.0,0.0,0.0,0.0,0.0,0.0,0.0,0.0,0.0,0.0,0.0,0.0
93.0,0,1,0,0,night,pa_7,E6,20.0,4,0.0,0,0.0,0.0,0,0,4,2,0.0,0,0,0.0,36,0.0,0.0,0.0,0.0,0.0,0.0,0.0,0.0,0.0,0.0,0.0,0.0,0.0
94.0,0,1,0,0,night,pa_7,E6,20.0,4,0.0,0,0.0,0.0,0,0,4,2,0.0,0,0,0.0,36,0.0,0.0,0.0,0.0,0.0,0.0,0.0,0.0,0.0,0.0,0.0,0.0,0.0
95.0,0,1,0,0,night,pa_7,E6,20.0,4,0.0,0,0.0,0.0,0,0,4,2,0.0,0,0,0.0,36,0.0,0.0,0.0,0.0,0.0,0.0,0.0,0.0,0.0,0.0,0.0,0.0,0.0
96.0,0,1,0,0,night,pa_7,E6,20.0,4,0.0,0,0.0,0.0,0,0,4,2,0.0,0,0,0.0,36,0.0,0.0,0.0,0.0,0.0,0.0,0.0,0.0,0.0,0.0,0.0,0.0,0.0
97.0,0,1,0,0,night,pa_7,E6,20.0,4,0.0,0,0.0,0.0,0,0,4,2,0.0,0,0,0.0,36,0.0,0.0,0.0,0.0,0.0,0.0,0.0,0.0,0.0,0.0,0.0,0.0,0.0
98.0,0,1,0,0,night,pa_7,E6,20.0,4,0.0,0,0.0,0.0,0,0,4,2,0.0,0,0,0.0,36,0.0,0.0,0.0,0.0,0.0,0.0,0.0,0.0,0.0,0.0,0.0,0.0,0.0
99.0,0,1,0,0,night,pa_7,E6,20.0,4,0.0,0,0.0,0.0,0,0,4,2,0.0,0,0,0.0,36,0.0,0.0,0.0,0.0,0.0,0.0,0.0,0.0,0.0,0.0,0.0,0.0,0.0
100.0,0,1,0,0,night,pa_7,E6,20.0,4,0.0,0,0.0,0.0,0,0,4,2,0.0,0,0,0.0,36,0.0,0.0,0.0,0.0,0.0,0.0,0.0,0.0,0.0,0.0,0.0,0.0,0.0
101.0,0,1,0,0,night,pa_7,E6,20.0,4,0.0,0,0.0,0.0,0,0,4,2,0.0,0,0,0.0,36,0.0,0.0,0.0,0.0,0.0,0.0,0.0,0.0,0.0,0.0,0.0,0.0,0.0
102.0,0,1,0,0,night,pa_7,E6,20.0,4,0.0,0,0.0,0.0,0,0,4,2,0.0,0,0,0.0,36,0.0,0.0,0.0,0.0,0.0,0.0,0.0,0.0,0.0,0.0,0.0,0.0,0.0
103.0,0,1,0,0,night,pa_7,E6,20.0,4,0.0,0,0.0,0.0,0,0,4,2,0.0,0,0,0.0,41,0.0,0.0,0.0,0.0,0.0,0.0,0.0,0.0,0.0,0.0,0.0,0.0,0.0
104.0,0,1,0,0,night,pa_7,E6,20.0,4,0.0,0,0.0,0.0,0,0,4,2,0.0,0,0,0.0,41,0.0,0.0,0.0,0.0,0.0,0.0,0.0,0.0,0.0,0.0,0.0,0.0,0.0
105.0,0,1,0,0,night,pa_7,E6,20.0,4,0.0,0,0.0,0.0,0,0,4,2,0.0,0,0,0.0,41,0.0,0.0,0.0,0.0,0.0,0.0,0.0,0.0,0.0,0.0,0.0,0.0,0.0
106.0,0,1,0,0,night,pa_7,E6,20.0,4,0.0,0,0.0,0.0,0,0,4,2,0.0,0,0,0.0,41,0.0,0.0,0.0,0.0,0.0,0.0,0.0,0.0,0.0,0.0,0.0,0.0,0.0
107.0,0,1,0,0,night,pa_7,E6,20.0,4,0.0,0,0.0,0.0,0,0,4,2,0.0,0,0,0.0,41,0.0,0.0,0.0,0.0,0.0,0.0,0.0,0.0,0.0,0.0,0.0,0.0,0.0
108.0,0,1,0,0,night,pa_7,E6,20.0,4,0.0,0,0.0,0.0,0,0,4,2,0.0,0,0,0.0,41,0.0,0.0,0.0,0.0,0.0,0.0,0.0,0.0,0.0,0.0,0.0,0.0,0.0
109.0,0,1,0,0,night,pa_7,E6,20.0,4,0.0,0,0.0,0.0,0,0,4,2,0.0,0,0,0.0,41,0.0,0.0,0.0,0.0,0.0,0.0,0.0,0.0,0.0,0.0,0.0,0.0,0.0
110.0,0,1,0,0,night,pa_7,E6,20.0,4,0.0,0,0.0,0.0,0,0,4,2,0.0,0,0,0.0,41,0.0,0.0,0.0,0.0,0.0,0.0,0.0,0.0,0.0,0.0,0.0,0.0,0.0
111.0,0,1,0,0,night,pa_7,E6,20.0,4,0.0,0,0.0,0.0,0,0,4,2,0.0,0,0,0.0,41,0.0,0.0,0.0,0.0,0.0,0.0,0.0,0.0,0.0,0.0,0.0,0.0,0.0
112.0,0,1,0,0,night,pa_7,E6,20.0,4,0.0,0,0.0,0.0,0,0,4,2,0.0,0,0,0.0,41,0.0,0.0,0.0,0.0,0.0,0.0,0.0,0.0,0.0,0.0,0.0,0.0,0.0
113.0,0,1,0,0,night,pa_7,E6,20.0,4,0.0,0,0.0,0.0,0,0,4,2,0.0,0,0,0.0,41,0.0,0.0,0.0,0.0,0.0,0.0,0.0,0.0,0.0,0.0,0.0,0.0,0.0
114.0,0,1,0,0,night,pa_7,E6,20.0,4,0.0,0,0.0,0.0,0,0,4,2,0.0,0,0,0.0,41,0.0,0.0,0.0,0.0,0.0,0.0,0.0,0.0,0.0,0.0,0.0,0.0,0.0
115.0,0,1,0,0,night,pa_7,E6,20.0,4,0.0,0,0.0,0.0,0,0,4,2,0.0,0,0,0.0,41,0.0,0.0,0.0,0.0,0.0,0.0,0.0,0.0,0.0,0.0,0.0,0.0,0.0
116.0,0,1,0,0,night,pa_7,E6,20.0,4,0.0,0,0.0,0.0,0,0,4,2,0.0,0,0,0.0,41,0.0,0.0,0.0,0.0,0.0,0.0,0.0,0.0,0.0,0.0,0.0,0.0,0.0
117.0,0,1,0,0,night,pa_7,E6,20.0,4,0.0,0,0.0,0.0,0,0,4,2,0.0,0,0,0.0,41,0.0,0.0,0.0,0.0,0.0,0.0,0.0,0.0,0.0,0.0,0.0,0.0,0.0
118.0,0,1,0,0,night,pa_7,E6,20.0,4,0.0,0,0.0,0.0,0,0,4,2,0.0,0,0,0.0,41,0.0,0.0,0.0,0.0,0.0,0.0,0.0,0.0,0.0,0.0,0.0,0.0,0.0
119.0,0,1,0,0,night,pa_7,E6,20.0,4,0.0,0,0.0,0.0,0,0,4,2,0.0,0,0,0.0,41,0.0,0.0,0.0,0.0,0.0,0.0,0.0,0.0,0.0,0.0,0.0,0.0,0.0
120.0,0,2,0,0,night,pa_7,E6,20.0,4,0.0,0,0.0,0.0,0,0,4,2,0.0,0,0,0.0,41,0.0,0.0,0.0,0.0,0.0,0.0,0.0,0.0,0.0,0.0,0.0,0.0,0.0
121.0,0,2,0,0,night,pa_7,E6,20.0,4,0.0,0,0.0,0.0,0,0,4,2,0.0,0,0,0.0,44,0.0,0.0,0.0,0.0,0.0,0.0,0.0,0.0,0.0,0.0,0.0,0.0,0.0
122.0,0,2,0,0,night,pa_7,E6,20.0,4,0.0,0,0.0,0.0,0,0,4,2,0.0,0,0,0.0,44,0.0,0.0,0.0,0.0,0.0,0.0,0.0,0.0,0.0,0.0,0.0,0.0,0.0
123.0,0,2,0,0,night,pa_7,E6,20.0,4,0.0,0,0.0,0.0,0,0,4,2,0.0,0,0,0.0,46,0.0,0.0,0.0,0.0,0.0,0.0,0.0,0.0,0.0,0.0,0.0,0.0,0.0
124.0,0,2,0,0,night,pa_7,E6,20.0,4,0.0,0,0.0,0.0,0,0,4,2,0.0,0,0,0.0,46,0.0,0.0,0.0,0.0,0.0,0.0,0.0,0.0,0.0,0.0,0.0,0.0,0.0
125.0,0,2,0,0,night,pa_7,E6,20.0,4,0.0,0,0.0,0.0,0,0,4,2,0.0,0,0,0.0,46,0.0,0.0,0.0,0.0,0.0,0.0,0.0,0.0,0.0,0.0,0.0,0.0,0.0
126.0,0,2,0,0,night,pa_7,E6,20.0,4,0.0,0,0.0,0.0,0,0,4,2,0.0,0,0,0.0,46,0.0,0.0,0.0,0.0,0.0,0.0,0.0,0.0,0.0,0.0,0.0,0.0,0.0
127.0,0,2,0,0,night,pa_7,E6,20.0,4,0.0,0,0.0,0.0,0,0,4,2,0.0,0,0,0.0,46,0.0,0.0,0.0,0.0,0.0,0.0,0.0,0.0,0.0,0.0,0.0,0.0,0.0
128.0,0,2,0,0,night,pa_7,E6,20.0,4,0.0,0,0.0,0.0,0,0,4,2,0.0,0,0,0.0,46,0.0,0.0,0.0,0.0,0.0,0.0,0.0,0.0,0.0,0.0,0.0,0.0,0.0
129.0,0,2,0,0,night,pa_7,E6,20.0,4,0.0,0,0.0,0.0,0,0,4,2,0.0,0,0,0.0,46,0.0,0.0,0.0,0.0,0.0,0.0,0.0,0.0,0.0,0.0,0.0,0.0,0.0
130.0,0,2,0,0,night,pa_7,E6,20.0,4,0.0,0,0.0,0.0,0,0,4,2,0.0,0,0,0.0,46,0.0,0.0,0.0,0.0,0.0,0.0,0.0,0.0,0.0,0.0,0.0,0.0,0.0
131.0,0,2,0,0,night,pa_7,E6,20.0,4,0.0,0,0.0,0.0,0,0,4,2,0.0,0,0,0.0,46,0.0,0.0,0.0,0.0,0.0,0.0,0.0,0.0,0.0,0.0,0.0,0.0,0.0
132.0,0,2,0,0,night,pa_7,E6,20.0,4,0.0,0,0.0,0.0,0,0,4,2,0.0,0,0,0.0,46,0.0,0.0,0.0,0.0,0.0,0.0,0.0,0.0,0.0,0.0,0.0,0.0,0.0
133.0,0,2,0,0,night,pa_7,E6,20.0,4,0.0,0,0.0,0.0,0,0,4,2,0.0,0,0,0.0,46,0.0,0.0,0.0,0.0,0.0,0.0,0.0,0.0,0.0,0.0,0.0,0.0,0.0
134.0,0,2,0,0,night,pa_7,E6,20.0,4,0.0,0,0.0,0.0,0,0,4,2,0.0,0,0,0.0,46,0.0,0.0,0.0,0.0,0.0,0.0,0.0,0.0,0.0,0.0,0.0,0.0,0.0
135.0,0,2,0,0,night,pa_7,E6,20.0,4,0.0,0,0.0,0.0,0,0,4,2,0.0,0,0,0.0,46,0.0,0.0,0.0,0.0,0.0,0.0,0.0,0.0,0.0,0.0,0.0,0.0,0.0
136.0,0,2,0,0,night,pa_7,E6,20.0,4,0.0,0,0.0,0.0,0,0,4,2,0.0,0,0,0.0,47,0.0,0.0,0.0,0.0,0.0,0.0,0.0,0.0,0.0,0.0,0.0,0.0,0.0
137.0,0,2,0,0,night,pa_7,E6,20.0,4,0.0,0,0.0,0.0,0,0,4,2,0.0,0,0,0.0,47,0.0,0.0,0.0,0.0,0.0,0.0,0.0,0.0,0.0,0.0,0.0,0.0,0.0
138.0,0,2,0,0,night,pa_7,E6,20.0,4,0.0,0,0.0,0.0,0,0,4,2,0.0,0,0,0.0,47,0.0,0.0,0.0,0.0,0.0,0.0,0.0,0.0,0.0,0.0,0.0,0.0,0.0
139.0,0,2,0,0,night,pa_7,E6,20.0,4,0.0,0,0.0,0.0,0,0,4,2,0.0,0,0,0.0,47,0.0,0.0,0.0,0.0,0.0,0.0,0.0,0.0,0.0,0.0,0.0,0.0,0.0
140.0,0,2,0,0,night,pa_7,E6,20.0,4,0.0,0,0.0,0.0,0,0,4,2,0.0,0,0,0.0,47,0.0,0.0,0.0,0.0,0.0,0.0,0.0,0.0,0.0,0.0,0.0,0.0,0.0
141.0,0,2,0,0,night,pa_7,E6,20.0,4,0.0,0,0.0,0.0,0,0,4,2,0.0,0,0,0.0,47,0.0,0.0,0.0,0.0,0.0,0.0,0.0,0.0,0.0,0.0,0.0,0.0,0.0
142.0,0,2,0,0,night,pa_7,E6,20.0,4,0.0,0,0.0,0.0,0,0,4,2,0.0,0,0,0.0,47,0.0,0.0,0.0,0.0,0.0,0.0,0.0,0.0,0.0,0.0,0.0,0.0,0.0
143.0,0,2,0,0,night,pa_7,E6,20.0,4,0.0,0,0.0,0.0,0,0,4,2,0.0,0,0,0.0,47,0.0,0.0,0.0,0.0,0.0,0.0,0.0,0.0,0.0,0.0,0.0,0.0,0.0
144.0,0,2,0,0,night,pa_7,E6,20.0,4,0.0,0,0.0,0.0,0,0,4,2,0.0,0,0,0.0,47,0.0,0.0,0.0,0.0,0.0,0.0,0.0,0.0,0.0,0.0,0.0,0.0,0.0
145.0,0,2,0,0,night,pa_7,E6,20.0,4,0.0,0,0.0,0.0,0,0,4,2,0.0,0,0,0.0,52,0.0,0.0,0.0,0.0,0.0,0.0,0.0,0.0,0.0,0.0,0.0,0.0,0.0
146.0,0,2,0,0,night,pa_7,E6,20.0,4,0.0,0,0.0,0.0,0,0,4,2,0.0,0,0,0.0,52,0.0,0.0,0.0,0.0,0.0,0.0,0.0,0.0,0.0,0.0,0.0,0.0,0.0
147.0,0,2,0,0,night,pa_7,E6,20.0,4,0.0,0,0.0,0.0,0,0,4,2,0.0,0,0,0.0,52,0.0,0.0,0.0,0.0,0.0,0.0,0.0,0.0,0.0,0.0,0.0,0.0,0.0
148.0,0,2,0,0,night,pa_7,E6,20.0,4,0.0,0,0.0,0.0,0,0,4,2,0.0,0,0,0.0,52,0.0,0.0,0.0,0.0,0.0,0.0,0.0,0.0,0.0,0.0,0.0,0.0,0.0
149.0,0,2,0,0,night,pa_7,E6,20.0,4,0.0,0,0.0,0.0,0,0,4,2,0.0,0,0,0.0,52,0.0,0.0,0.0,0.0,0.0,0.0,0.0,0.0,0.0,0.0,0.0,0.0,0.0
150.0,0,2,0,0,night,pa_7,E6,20.0,4,0.0,0,0.0,0.0,0,0,4,2,0.0,0,0,0.0,52,0.0,0.0,0.0,0.0,0.0,0.0,0.0,0.0,0.0,0.0,0.0,0.0,0.0
151.0,0,2,0,0,night,pa_7,E6,20.0,4,0.0,0,0.0,0.0,0,0,4,2,0.0,0,0,0.0,52,0.0,0.0,0.0,0.0,0.0,0.0,0.0,0.0,0.0,0.0,0.0,0.0,0.0
152.0,0,2,0,0,night,pa_7,E6,20.0,4,0.0,0,0.0,0.0,0,0,4,2,0.0,0,0,0.0,52,0.0,0.0,0.0,0.0,0.0,0.0,0.0,0.0,0.0,0.0,0.0,0.0,0.0
153.0,0,2,0,0,night,pa_7,E6,20.0,4,0.0,0,0.0,0.0,0,0,4,2,0.0,0,0,0.0,52,0.0,0.0,0.0,0.0,0.0,0.0,0.0,0.0,0.0,0.0,0.0,0.0,0.0
154.0,0,2,0,0,night,pa_7,E6,20.0,4,0.0,0,0.0,0.0,0,0,4,2,0.0,0,0,0.0,52,0.0,0.0,0.0,0.0,0.0,0.0,0.0,0.0,0.0,0.0,0.0,0.0,0.0
155.0,0,2,0,0,night,pa_7,E6,20.0,4,0.0,0,0.0,0.0,0,0,4,2,0.0,0,0,0.0,54,0.0,0.0,0.0,0.0,0.0,0.0,0.0,0.0,0.0,0.0,0.0,0.0,0.0
156.0,0,2,0,0,night,pa_7,E6,20.0,4,0.0,0,0.0,0.0,0,0,4,2,0.0,0,0,0.0,54,0.0,0.0,0.0,0.0,0.0,0.0,0.0,0.0,0.0,0.0,0.0,0.0,0.0
157.0,0,2,0,0,night,pa_7,E6,20.0,4,0.0,0,0.0,0.0,0,0,4,2,0.0,0,0,0.0,54,0.0,0.0,0.0,0.0,0.0,0.0,0.0,0.0,0.0,0.0,0.0,0.0,0.0
158.0,0,2,0,0,night,pa_7,E6,20.0,4,0.0,0,0.0,0.0,0,0,4,2,0.0,0,0,0.0,54,0.0,0.0,0.0,0.0,0.0,0.0,0.0,0.0,0.0,0.0,0.0,0.0,0.0
159.0,0,2,0,0,night,pa_7,E6,20.0,4,0.0,0,0.0,0.0,0,0,4,2,0.0,0,0,0.0,54,0.0,0.0,0.0,0.0,0.0,0.0,0.0,0.0,0.0,0.0,0.0,0.0,0.0
160.0,0,2,0,0,night,pa_7,E6,20.0,4,0.0,0,0.0,0.0,0,0,4,2,0.0,0,0,0.0,54,0.0,0.0,0.0,0.0,0.0,0.0,0.0,0.0,0.0,0.0,0.0,0.0,0.0
161.0,0,2,0,0,night,pa_7,E6,20.0,4,0.0,0,0.0,0.0,0,0,4,2,0.0,0,0,0.0,56,0.0,0.0,0.0,0.0,0.0,0.0,0.0,0.0,0.0,0.0,0.0,0.0,0.0
162.0,0,2,0,0,night,pa_7,E6,20.0,4,0.0,0,0.0,0.0,0,0,4,2,0.0,0,0,0.0,56,0.0,0.0,0.0,0.0,0.0,0.0,0.0,0.0,0.0,0.0,0.0,0.0,0.0
163.0,0,2,0,0,night,pa_7,E6,20.0,4,0.0,0,0.0,0.0,0,0,4,2,0.0,0,0,0.0,56,0.0,0.0,0.0,0.0,0.0,0.0,0.0,0.0,0.0,0.0,0.0,0.0,0.0
164.0,0,2,0,0,night,pa_7,E6,20.0,4,0.0,0,0.0,0.0,0,0,4,2,0.0,0,0,0.0,56,0.0,0.0,0.0,0.0,0.0,0.0,0.0,0.0,0.0,0.0,0.0,0.0,0.0
165.0,0,2,0,0,night,pa_7,E6,20.0,4,0.0,0,0.0,0.0,0,0,4,2,0.0,0,0,0.0,56,0.0,0.0,0.0,0.0,0.0,0.0,0.0,0.0,0.0,0.0,0.0,0.0,0.0
166.0,0,2,0,0,night,pa_7,E6,20.0,4,0.0,0,0.0,0.0,0,0,4,2,0.0,0,0,0.0,56,0.0,0.0,0.0,0.0,0.0,0.0,0.0,0.0,0.0,0.0,0.0,0.0,0.0
167.0,0,2,0,0,night,pa_7,E6,20.0,4,0.0,0,0.0,0.0,0,0,4,2,0.0,0,0,0.0,56,0.0,0.0,0.0,0.0,0.0,0.0,0.0,0.0,0.0,0.0,0.0,0.0,0.0
168.0,0,2,0,0,night,pa_7,E6,20.0,4,0.0,0,0.0,0.0,0,0,4,2,0.0,0,0,0.0,56,0.0,0.0,0.0,0.0,0.0,0.0,0.0,0.0,0.0,0.0,0.0,0.0,0.0
169.0,0,2,0,0,night,pa_7,E6,20.0,4,0.0,0,0.0,0.0,0,0,4,2,0.0,0,0,0.0,56,0.0,0.0,0.0,0.0,0.0,0.0,0.0,0.0,0.0,0.0,0.0,0.0,0.0
170.0,0,2,0,0,night,pa_7,E6,20.0,4,0.0,0,0.0,0.0,0,0,4,2,0.0,0,0,0.0,56,0.0,0.0,0.0,0.0,0.0,0.0,0.0,0.0,0.0,0.0,0.0,0.0,0.0
171.0,0,2,0,0,night,pa_7,E6,20.0,4,0.0,0,0.0,0.0,0,0,4,2,0.0,0,0,0.0,56,0.0,0.0,0.0,0.0,0.0,0.0,0.0,0.0,0.0,0.0,0.0,0.0,0.0
172.0,0,2,0,0,night,pa_7,E6,20.0,4,0.0,0,0.0,0.0,0,0,4,2,0.0,0,0,0.0,56,0.0,0.0,0.0,0.0,0.0,0.0,0.0,0.0,0.0,0.0,0.0,0.0,0.0
173.0,0,2,0,0,night,pa_7,E6,20.0,4,0.0,0,0.0,0.0,0,0,4,2,0.0,0,0,0.0,56,0.0,0.0,0.0,0.0,0.0,0.0,0.0,0.0,0.0,0.0,0.0,0.0,0.0
174.0,0,2,0,0,night,pa_7,E6,20.0,4,0.0,0,0.0,0.0,0,0,4,2,0.0,0,0,0.0,56,0.0,0.0,0.0,0.0,0.0,0.0,0.0,0.0,0.0,0.0,0.0,0.0,0.0
175.0,0,2,0,0,night,pa_7,E6,20.0,4,0.0,0,0.0,0.0,0,0,4,2,0.0,0,0,0.0,56,0.0,0.0,0.0,0.0,0.0,0.0,0.0,0.0,0.0,0.0,0.0,0.0,0.0
176.0,0,2,0,0,night,pa_7,E6,20.0,4,0.0,0,0.0,0.0,0,0,4,2,0.0,0,0,0.0,56,0.0,0.0,0.0,0.0,0.0,0.0,0.0,0.0,0.0,0.0,0.0,0.0,0.0
177.0,0,2,0,0,night,pa_7,E6,20.0,4,0.0,0,0.0,0.0,0,0,4,2,0.0,0,0,0.0,56,0.0,0.0,0.0,0.0,0.0,0.0,0.0,0.0,0.0,0.0,0.0,0.0,0.0
178.0,0,2,0,0,night,pa_7,E6,20.0,4,0.0,0,0.0,0.0,0,0,4,2,0.0,0,0,0.0,56,0.0,0.0,0.0,0.0,0.0,0.0,0.0,0.0,0.0,0.0,0.0,0.0,0.0
179.0,0,2,0,0,night,pa_7,E6,20.0,4,0.0,0,0.0,0.0,0,0,4,2,0.0,0,0,0.0,56,0.0,0.0,0.0,0.0,0.0,0.0,0.0,0.0,0.0,0.0,0.0,0.0,0.0
180.0,0,3,0,0,night,pa_7,E6,20.0,4,0.0,0,0.0,0.0,0,0,4,2,0.0,0,0,0.0,56,0.0,0.0,0.0,0.0,0.0,0.0,0.0,0.0,0.0,0.0,0.0,0.0,0.0
181.0,0,3,0,0,night,pa_7,E6,20.0,4,0.0,0,0.0,0.0,0,0,4,2,20.0,1,0,2.27,59,0.0,0.0,0.0,0.0,0.0,0.0,0.0,0.0,0.0,0.0,0.0,0.0,0.0
182.0,0,3,0,0,night,pa_7,E6,20.0,4,0.0,0,0.0,0.0,0,0,4,2,40.0,2,0,4.55,59,0.0,0.0,0.0,0.0,0.0,0.0,0.0,20.0,0.0,0.0,0.0,0.0,0.0
183.0,0,3,0,0,night,pa_7,E6,20.0,4,0.0,0,0.0,0.0,0,0,4,2,60.0,3,0,6.82,61,0.0,0.0,0.0,0.0,0.0,0.0,0.0,40.0,0.0,0.0,0.0,0.0,0.0
184.0,0,3,0,0,night,pa_7,E6,20.0,4,0.0,0,0.0,0.0,0,0,4,2,60.0,3,0,6.82,61,0.0,0.0,0.0,0.0,0.0,0.0,0.0,60.0,0.0,0.0,0.0,0.0,0.0
185.0,0,3,0,0,night,pa_7,E6,20.0,4,0.0,0,0.0,0.0,0,0,4,2,60.0,3,0,6.82,61,0.0,0.0,0.0,0.0,0.0,0.0,0.0,60.0,0.0,0.0,0.0,0.0,0.0
186.0,0,3,0,0,night,pa_7,E6,20.0,4,0.0,0,0.0,0.0,0,0,4,2,60.0,3,0,6.82,62,0.0,0.0,0.0,0.0,0.0,0.0,0.0,60.0,20.0,0.0,0.0,0.0,0.0
187.0,0,3,0,0,night,pa_7,E6,20.0,4,0.0,0,0.0,0.0,0,0,4,2,60.0,3,0,6.82,62,0.0,0.0,0.0,0.0,0.0,0.0,0.0,60.0,40.0,0.0,0.0,0.0,0.0
188.0,0,3,0,0,night,pa_7,E6,20.0,4,0.0,0,0.0,0.0,0,0,4,2,105.0,5,0,11.36,63,0.0,0.0,0.0,0.0,0.0,0.0,0.0,60.0,60.0,0.0,0.0,0.0,0.0
189.0,0,3,0,0,night,pa_7,E6,20.0,4,20.0,1,25.0,0.0,0,0,3,2,150.0,7,0,15.91,63,20.0,0.17,0.25,0.0,0.0,0.0,0.0,105.0,60.0,4.0,2.0,0.2,0.1
190.0,0,3,0,0,night,pa_7,E6,20.0,4,20.0,1,25.0,0.0,0,0,3,2,150.0,7,0,15.91,63,20.0,0.17,0.25,20.0,0.0,1.0,0.0,150.0,60.0,8.0,4.0,0.4,0.2
191.0,0,3,0,0,night,pa_7,E6,20.0,4,20.0,1,25.0,0.0,0,0,3,2,170.0,8,0,18.18,63,20.0,0.17,0.25,20.0,0.0,1.0,0.0,150.0,60.0,12.0,6.0,0.6,0.3
192.0,0,3,0,0,night,pa_7,E6,20.0,4,20.0,1,25.0,0.0,0,0,3,2,170.0,8,0,18.18,63,20.0,0.17,0.25,20.0,0.0,1.0,0.0,170.0,60.0,16.0,8.0,0.8,0.4
193.0,0,3,0,0,night,pa_7,E6,20.0,4,20.0,1,25.0,0.0,0,0,3,2,170.0,8,0,18.18,63,20.0,0.17,0.25,20.0,0.0,1.0,0.0,170.0,105.0,20.0,10.0,1.0,0.5
194.0,0,3,0,0,night,pa_7,E6,20.0,4,20.0,1,25.0,0.0,0,0,3,2,170.0,8,0,18.18,63,20.0,0.17,0.25,20.0,20.0,1.0,1.0,170.0,150.0,20.0,12.0,1.0,0.6
195.0,0,3,0,0,night,pa_7,E6,20.0,4,20.0,1,25.0,0.0,0,0,3,2,170.0,8,0,18.18,63,20.0,0.17,0.25,20.0,20.0,1.0,1.0,170.0,150.0,20.0,14.0,1.0,0.7
196.0,0,3,0,0,night,pa_7,E6,20.0,4,20.0,1,25.0,0.0,0,0,3,2,170.0,8,0,18.18,63,20.0,0.17,0.25,20.0,20.0,1.0,1.0,170.0,170.0,20.0,16.0,1.0,0.8
197.0,0,3,0,0,night,pa_7,E6,20.0,4,20.0,1,25.0,0.0,0,0,3,2,170.0,8,0,18.18,63,20.0,0.17,0.25,20.0,20.0,1.0,1.0,170.0,170.0,20.0,18.0,1.0,0.9
198.0,0,3,0,0,night,pa_7,E6,20.0,4,20.0,1,25.0,0.0,0,0,3,2,170.0,8,0,18.18,63,20.0,0.17,0.25,20.0,20.0,1.0,1.0,170.0,170.0,20.0,20.0,1.0,1.0
199.0,0,3,0,0,night,pa_7,E6,20.0,4,20.0,1,25.0,0.0,0,0,3,2,170.0,8,0,18.18,63,20.0,0.17,0.25,20.0,20.0,1.0,1.0,170.0,170.0,20.0,20.0,1.0,1.0
200.0,0,3,0,0,night,pa_7,E6,20.0,4,20.0,1,25.0,0.0,0,0,3,2,170.0,8,0,18.18,63,20.0,0.17,0.25,20.0,20.0,1.0,1.0,170.0,170.0,20.0,20.0,1.0,1.0
201.0,0,3,0,0,night,pa_7,E6,20.0,4,20.0,1,25.0,0.0,0,0,3,2,170.0,8,0,18.18,64,20.0,0.17,0.25,20.0,20.0,1.0,1.0,170.0,170.0,20.0,20.0,1.0,1.0
202.0,0,3,0,0,night,pa_7,E6,20.0,4,20.0,1,25.0,0.0,0,0,3,2,170.0,8,0,18.18,64,20.0,0.17,0.25,20.0,20.0,1.0,1.0,170.0,170.0,20.0,20.0,1.0,1.0
203.0,0,3,0,0,night,pa_7,E6,20.0,4,20.0,1,25.0,0.0,0,0,3,2,170.0,8,0,18.18,64,20.0,0.17,0.25,20.0,20.0,1.0,1.0,170.0,170.0,20.0,20.0,1.0,1.0
204.0,0,3,0,0,night,pa_7,E6,20.0,4,20.0,1,25.0,0.0,0,0,3,2,170.0,8,0,18.18,64,20.0,0.17,0.25,20.0,20.0,1.0,1.0,170.0,170.0,20.0,20.0,1.0,1.0
205.0,0,3,0,0,night,pa_7,E6,20.0,4,20.0,1,25.0,0.0,0,0,3,2,170.0,8,0,18.18,64,20.0,0.17,0.25,20.0,20.0,1.0,1.0,170.0,170.0,20.0,20.0,1.0,1.0
206.0,0,3,0,0,night,pa_7,E6,20.0,4,20.0,1,25.0,0.0,0,0,3,2,170.0,8,0,18.18,69,20.0,0.17,0.25,20.0,20.0,1.0,1.0,170.0,170.0,20.0,20.0,1.0,1.0
207.0,0,3,0,0,night,pa_7,E6,20.0,4,20.0,1,25.0,0.0,0,0,3,2,170.0,8,0,18.18,69,20.0,0.17,0.25,20.0,20.0,1.0,1.0,170.0,170.0,20.0,20.0,1.0,1.0
208.0,0,3,0,0,night,pa_7,E6,20.0,4,20.0,1,25.0,0.0,0,0,3,2,170.0,8,0,18.18,69,20.0,0.17,0.25,20.0,20.0,1.0,1.0,170.0,170.0,20.0,20.0,1.0,1.0
209.0,0,3,0,0,night,pa_7,E6,20.0,4,20.0,1,25.0,0.0,0,0,3,2,170.0,8,0,18.18,69,20.0,0.17,0.25,20.0,20.0,1.0,1.0,170.0,170.0,20.0,20.0,1.0,1.0
210.0,0,3,0,0,night,pa_7,E6,20.0,4,20.0,1,25.0,0.0,0,0,3,2,170.0,8,0,18.18,69,20.0,0.17,0.25,20.0,20.0,1.0,1.0,170.0,170.0,20.0,20.0,1.0,1.0
211.0,0,3,0,0,night,pa_7,E6,20.0,4,20.0,1,25.0,0.0,0,0,3,2,170.0,8,0,18.18,69,20.0,0.17,0.25,20.0,20.0,1.0,1.0,170.0,170.0,20.0,20.0,1.0,1.0
212.0,0,3,0,0,night,pa_7,E6,20.0,4,20.0,1,25.0,0.0,0,0,3,2,170.0,8,0,18.18,69,20.0,0.17,0.25,20.0,20.0,1.0,1.0,170.0,170.0,20.0,20.0,1.0,1.0
213.0,0,3,0,0,night,pa_7,E6,20.0,4,20.0,1,25.0,0.0,0,0,3,2,170.0,8,0,18.18,69,20.0,0.17,0.25,20.0,20.0,1.0,1.0,170.0,170.0,20.0,20.0,1.0,1.0
214.0,0,3,0,0,night,pa_7,E6,20.0,4,20.0,1,25.0,0.0,0,0,3,2,170.0,8,0,18.18,69,20.0,0.17,0.25,20.0,20.0,1.0,1.0,170.0,170.0,20.0,20.0,1.0,1.0
215.0,0,3,0,0,night,pa_7,E6,20.0,4,20.0,1,25.0,0.0,0,0,3,2,170.0,8,0,18.18,69,20.0,0.17,0.25,20.0,20.0,1.0,1.0,170.0,170.0,20.0,20.0,1.0,1.0
216.0,0,3,0,0,night,pa_7,E6,20.0,4,20.0,1,25.0,0.0,0,0,3,2,170.0,8,0,18.18,69,20.0,0.17,0.25,20.0,20.0,1.0,1.0,170.0,170.0,20.0,20.0,1.0,1.0
217.0,0,3,0,0,night,pa_7,E6,20.0,4,20.0,1,25.0,0.0,0,0,3,2,170.0,8,0,18.18,71,20.0,0.17,0.25,20.0,20.0,1.0,1.0,170.0,170.0,20.0,20.0,1.0,1.0
218.0,0,3,0,0,night,pa_7,E6,20.0,4,20.0,1,25.0,0.0,0,0,3,2,170.0,8,0,18.18,71,20.0,0.17,0.25,20.0,20.0,1.0,1.0,170.0,170.0,20.0,20.0,1.0,1.0
219.0,0,3,0,0,night,pa_7,E6,20.0,4,20.0,1,25.0,0.0,0,0,3,2,170.0,8,0,18.18,71,20.0,0.17,0.25,20.0,20.0,1.0,1.0,170.0,170.0,20.0,20.0,1.0,1.0
220.0,0,3,0,0,night,pa_7,E6,20.0,4,20.0,1,25.0,0.0,0,0,3,2,170.0,8,0,18.18,71,20.0,0.17,0.25,20.0,20.0,1.0,1.0,170.0,170.0,20.0,20.0,1.0,1.0
221.0,0,3,0,0,night,pa_7,E6,20.0,4,20.0,1,25.0,0.0,0,0,3,2,170.0,8,0,18.18,71,20.0,0.17,0.25,20.0,20.0,1.0,1.0,170.0,170.0,20.0,20.0,1.0,1.0
222.0,0,3,0,0,night,pa_7,E6,20.0,4,20.0,1,25.0,0.0,0,0,3,2,195.0,9,0,20.45,71,20.0,0.17,0.25,20.0,20.0,1.0,1.0,170.0,170.0,20.0,20.0,1.0,1.0
223.0,0,3,0,0,night,pa_7,E6,20.0,4,20.0,1,25.0,0.0,0,0,3,2,195.0,9,0,20.45,71,20.0,0.17,0.25,20.0,20.0,1.0,1.0,195.0,170.0,20.0,20.0,1.0,1.0
224.0,0,3,0,0,night,pa_7,E6,20.0,4,20.0,1,25.0,0.0,0,0,3,2,195.0,9,0,20.45,71,20.0,0.17,0.25,20.0,20.0,1.0,1.0,195.0,170.0,20.0,20.0,1.0,1.0
225.0,0,3,0,0,night,pa_7,E6,20.0,4,20.0,1,25.0,0.0,0,0,3,2,195.0,9,0,20.45,71,20.0,0.17,0.25,20.0,20.0,1.0,1.0,195.0,170.0,20.0,20.0,1.0,1.0
226.0,0,3,0,0,night,pa_7,E6,20.0,4,20.0,1,25.0,0.0,0,0,3,2,195.0,9,0,20.45,72,20.0,0.17,0.25,20.0,20.0,1.0,1.0,195.0,170.0,20.0,20.0,1.0,1.0
227.0,0,3,0,0,night,pa_7,E6,20.0,4,20.0,1,25.0,0.0,0,0,3,2,195.0,9,0,20.45,72,20.0,0.17,0.25,20.0,20.0,1.0,1.0,195.0,195.0,20.0,20.0,1.0,1.0
228.0,0,3,0,0,night,pa_7,E6,20.0,4,20.0,1,25.0,0.0,0,0,3,2,195.0,9,0,20.45,72,20.0,0.17,0.25,20.0,20.0,1.0,1.0,195.0,195.0,20.0,20.0,1.0,1.0
229.0,0,3,0,0,night,pa_7,E6,20.0,4,20.0,1,25.0,0.0,0,0,3,2,195.0,9,0,20.45,72,20.0,0.17,0.25,20.0,20.0,1.0,1.0,195.0,195.0,20.0,20.0,1.0,1.0
230.0,0,3,0,0,night,pa_7,E6,20.0,4,20.0,1,25.0,0.0,0,0,3,2,195.0,9,0,20.45,72,20.0,0.17,0.25,20.0,20.0,1.0,1.0,195.0,195.0,20.0,20.0,1.0,1.0
231.0,0,3,0,0,night,pa_7,E6,20.0,4,20.0,1,25.0,0.0,0,0,3,2,195.0,9,0,20.45,72,20.0,0.17,0.25,20.0,20.0,1.0,1.0,195.0,195.0,20.0,20.0,1.0,1.0
232.0,0,3,0,0,night,pa_7,E6,20.0,4,20.0,1,25.0,0.0,0,0,3,2,195.0,9,0,20.45,72,20.0,0.17,0.25,20.0,20.0,1.0,1.0,195.0,195.0,20.0,20.0,1.0,1.0
233.0,0,3,0,0,night,pa_7,E6,20.0,4,20.0,1,25.0,0.0,0,0,3,2,195.0,9,0,20.45,72,20.0,0.17,0.25,20.0,20.0,1.0,1.0,195.0,195.0,20.0,20.0,1.0,1.0
234.0,0,3,0,0,night,pa_7,E6,20.0,4,20.0,1,25.0,0.0,0,0,3,2,195.0,9,0,20.45,72,20.0,0.17,0.25,20.0,20.0,1.0,1.0,195.0,195.0,20.0,20.0,1.0,1.0
235.0,0,3,0,0,night,pa_7,E6,20.0,4,20.0,1,25.0,0.0,0,0,3,2,195.0,9,0,20.45,72,20.0,0.17,0.25,20.0,20.0,1.0,1.0,195.0,195.0,20.0,20.0,1.0,1.0
236.0,0,3,0,0,night,pa_7,E6,20.0,4,20.0,1,25.0,0.0,0,0,3,2,195.0,9,0,20.45,72,20.0,0.17,0.25,20.0,20.0,1.0,1.0,195.0,195.0,20.0,20.0,1.0,1.0
237.0,0,3,0,0,night,pa_7,E6,20.0,4,20.0,1,25.0,0.0,0,0,3,2,195.0,9,0,20.45,72,20.0,0.17,0.25,20.0,20.0,1.0,1.0,195.0,195.0,20.0,20.0,1.0,1.0
238.0,0,3,0,0,night,pa_7,E6,20.0,4,20.0,1,25.0,0.0,0,0,3,2,220.0,10,0,22.73,72,20.0,0.17,0.25,20.0,20.0,1.0,1.0,195.0,195.0,20.0,20.0,1.0,1.0
239.0,0,3,0,0,night,pa_7,E6,20.0,4,20.0,1,25.0,0.0,0,0,3,2,220.0,10,0,22.73,72,20.0,0.17,0.25,20.0,20.0,1.0,1.0,220.0,195.0,20.0,20.0,1.0,1.0
240.0,0,4,0,0,night,pa_7,E6,20.0,4,20.0,1,25.0,0.0,0,0,3,2,220.0,10,0,22.73,72,20.0,0.17,0.25,20.0,20.0,1.0,1.0,220.0,195.0,20.0,20.0,1.0,1.0
241.0,0,4,0,0,night,pa_7,E6,20.0,4,20.0,1,25.0,0.0,0,0,3,2,220.0,10,0,22.73,76,20.0,0.17,0.25,20.0,20.0,1.0,1.0,220.0,195.0,20.0,20.0,1.0,1.0
242.0,0,4,0,0,night,pa_7,E6,20.0,4,20.0,1,25.0,0.0,0,0,3,2,220.0,10,0,22.73,76,20.0,0.17,0.25,20.0,20.0,1.0,1.0,220.0,195.0,20.0,20.0,1.0,1.0
243.0,0,4,0,0,night,pa_7,E6,20.0,4,20.0,1,25.0,0.0,0,0,3,2,220.0,10,0,22.73,78,20.0,0.17,0.25,20.0,20.0,1.0,1.0,220.0,220.0,20.0,20.0,1.0,1.0
244.0,0,4,0,0,night,pa_7,E6,20.0,4,20.0,1,25.0,0.0,0,0,3,2,220.0,10,0,22.73,78,20.0,0.17,0.25,20.0,20.0,1.0,1.0,220.0,220.0,20.0,20.0,1.0,1.0
245.0,0,4,0,0,night,pa_7,E6,20.0,4,20.0,1,25.0,0.0,0,0,3,2,220.0,10,0,22.73,78,20.0,0.17,0.25,20.0,20.0,1.0,1.0,220.0,220.0,20.0,20.0,1.0,1.0
246.0,0,4,0,0,night,pa_7,E6,20.0,4,20.0,1,25.0,0.0,0,0,3,2,220.0,10,0,22.73,79,20.0,0.17,0.25,20.0,20.0,1.0,1.0,220.0,220.0,20.0,20.0,1.0,1.0
247.0,0,4,0,0,night,pa_7,E6,20.0,4,20.0,1,25.0,0.0,0,0,3,2,240.0,11,0,25.0,79,20.0,0.17,0.25,20.0,20.0,1.0,1.0,220.0,220.0,20.0,20.0,1.0,1.0
248.0,0,4,0,0,night,pa_7,E6,20.0,4,20.0,1,25.0,0.0,0,0,3,2,240.0,11,0,25.0,80,20.0,0.17,0.25,20.0,20.0,1.0,1.0,240.0,220.0,20.0,20.0,1.0,1.0
249.0,0,4,0,0,night,pa_7,E6,20.0,4,20.0,1,25.0,0.0,0,0,3,2,240.0,11,0,25.0,80,20.0,0.17,0.25,20.0,20.0,1.0,1.0,240.0,220.0,20.0,20.0,1.0,1.0
250.0,0,4,0,0,night,pa_7,E6,20.0,4,20.0,1,25.0,0.0,0,0,3,2,240.0,11,0,25.0,80,20.0,0.17,0.25,20.0,20.0,1.0,1.0,240.0,220.0,20.0,20.0,1.0,1.0
251.0,0,4,0,0,night,pa_7,E6,20.0,4,20.0,1,25.0,0.0,0,0,3,2,240.0,11,0,25.0,80,20.0,0.17,0.25,20.0,20.0,1.0,1.0,240.0,220.0,20.0,20.0,1.0,1.0
252.0,0,4,0,0,night,pa_7,E6,20.0,4,20.0,1,25.0,0.0,0,0,3,2,260.0,12,0,27.27,80,20.0,0.17,0.25,20.0,20.0,1.0,1.0,240.0,240.0,20.0,20.0,1.0,1.0
253.0,0,4,0,0,night,pa_7,E6,20.0,4,20.0,1,25.0,0.0,0,0,3,2,260.0,12,0,27.27,80,20.0,0.17,0.25,20.0,20.0,1.0,1.0,260.0,240.0,20.0,20.0,1.0,1.0
254.0,0,4,0,0,night,pa_7,E6,20.0,4,20.0,1,25.0,0.0,0,0,3,2,260.0,12,0,27.27,80,20.0,0.17,0.25,20.0,20.0,1.0,1.0,260.0,240.0,20.0,20.0,1.0,1.0
255.0,0,4,0,0,night,pa_7,E6,20.0,4,20.0,1,25.0,0.0,0,0,3,2,260.0,12,0,27.27,80,20.0,0.17,0.25,20.0,20.0,1.0,1.0,260.0,240.0,20.0,20.0,1.0,1.0
256.0,0,4,0,0,night,pa_7,E6,20.0,4,20.0,1,25.0,0.0,0,0,3,2,260.0,12,0,27.27,80,20.0,0.17,0.25,20.0,20.0,1.0,1.0,260.0,240.0,20.0,20.0,1.0,1.0
257.0,0,4,0,0,night,pa_7,E6,20.0,4,20.0,1,25.0,0.0,0,0,3,2,280.0,13,0,29.55,80,20.0,0.17,0.25,20.0,20.0,1.0,1.0,260.0,260.0,20.0,20.0,1.0,1.0
258.0,0,4,0,0,night,pa_7,E6,20.0,4,20.0,1,25.0,0.0,0,0,3,2,280.0,13,0,29.55,82,20.0,0.17,0.25,20.0,20.0,1.0,1.0,280.0,260.0,20.0,20.0,1.0,1.0
259.0,0,4,0,0,night,pa_7,E6,20.0,4,20.0,1,25.0,0.0,0,0,3,2,280.0,13,0,29.55,82,20.0,0.17,0.25,20.0,20.0,1.0,1.0,280.0,260.0,20.0,20.0,1.0,1.0
260.0,0,4,0,0,night,pa_7,E6,20.0,4,20.0,1,25.0,0.0,0,0,3,2,280.0,13,0,29.55,82,20.0,0.17,0.25,20.0,20.0,1.0,1.0,280.0,260.0,20.0,20.0,1.0,1.0
261.0,0,4,0,0,night,pa_7,E6,20.0,4,20.0,1,25.0,0.0,0,0,3,2,280.0,13,0,29.55,82,20.0,0.17,0.25,20.0,20.0,1.0,1.0,280.0,260.0,20.0,20.0,1.0,1.0
262.0,0,4,0,0,night,pa_7,E6,20.0,4,20.0,1,25.0,0.0,0,0,3,2,280.0,13,0,29.55,82,20.0,0.17,0.25,20.0,20.0,1.0,1.0,280.0,280.0,20.0,20.0,1.0,1.0
263.0,0,4,0,0,night,pa_7,E6,20.0,4,20.0,1,25.0,0.0,0,0,3,2,280.0,13,0,29.55,82,20.0,0.17,0.25,20.0,20.0,1.0,1.0,280.0,280.0,20.0,20.0,1.0,1.0
264.0,0,4,0,0,night,pa_7,E6,20.0,4,20.0,1,25.0,0.0,0,0,3,2,280.0,13,0,29.55,82,20.0,0.17,0.25,20.0,20.0,1.0,1.0,280.0,280.0,20.0,20.0,1.0,1.0
265.0,0,4,0,0,night,pa_7,E6,20.0,4,20.0,1,25.0,0.0,0,0,3,2,280.0,13,0,29.55,82,20.0,0.17,0.25,20.0,20.0,1.0,1.0,280.0,280.0,20.0,20.0,1.0,1.0
266.0,0,4,0,0,night,pa_7,E6,20.0,4,20.0,1,25.0,0.0,0,0,3,2,300.0,14,0,31.82,82,20.0,0.17,0.25,20.0,20.0,1.0,1.0,280.0,280.0,20.0,20.0,1.0,1.0
267.0,0,4,0,0,night,pa_7,E6,20.0,4,20.0,1,25.0,0.0,0,0,3,2,300.0,14,0,31.82,82,20.0,0.17,0.25,20.0,20.0,1.0,1.0,300.0,280.0,20.0,20.0,1.0,1.0
268.0,0,4,0,0,night,pa_7,E6,20.0,4,20.0,1,25.0,0.0,0,0,3,2,325.0,15,0,34.09,82,20.0,0.17,0.25,20.0,20.0,1.0,1.0,300.0,280.0,20.0,20.0,1.0,1.0
269.0,0,4,0,0,night,pa_7,E6,20.0,4,20.0,1,25.0,0.0,0,0,3,2,350.0,16,0,36.36,82,20.0,0.17,0.25,20.0,20.0,1.0,1.0,325.0,280.0,20.0,20.0,1.0,1.0
270.0,0,4,0,0,night,pa_7,E6,20.0,4,40.0,2,50.0,0.0,0,0,2,2,370.0,17,0,38.64,82,20.0,0.33,0.5,20.0,20.0,1.0,1.0,350.0,280.0,24.0,22.0,1.2,1.1
271.0,0,4,0,0,night,pa_7,E6,20.0,4,40.0,2,50.0,0.0,0,0,2,2,370.0,17,0,38.64,83,20.0,0.33,0.5,40.0,20.0,2.0,1.0,370.0,300.0,28.0,24.0,1.4,1.2
272.0,0,4,0,0,night,pa_7,E6,20.0,4,40.0,2,50.0,0.0,0,0,2,2,390.0,18,0,40.91,83,20.0,0.33,0.5,40.0,20.0,2.0,1.0,370.0,300.0,32.0,26.0,1.6,1.3
273.0,0,4,0,0,night,pa_7,E6,20.0,4,40.0,2,50.0,0.0,0,0,2,2,415.0,19,0,43.18,84,20.0,0.33,0.5,40.0,20.0,2.0,1.0,390.0,325.0,36.0,28.0,1.8,1.4
274.0,0,4,0,0,night,pa_7,E6,20.0,4,40.0,2,50.0,0.0,0,0,2,2,440.0,20,0,45.45,84,20.0,0.33,0.5,40.0,20.0,2.0,1.0,415.0,350.0,40.0,30.0,2.0,1.5
275.0,0,4,0,0,night,pa_7,E6,20.0,4,40.0,2,50.0,0.0,0,0,2,2,480.0,22,0,50.0,84,20.0,0.33,0.5,40.0,40.0,2.0,2.0,440.0,370.0,40.0,32.0,2.0,1.6
276.0,0,4,0,0,night,pa_7,E6,20.0,4,40.0,2,50.0,0.0,0,0,2,2,500.0,23,0,52.27,84,20.0,0.33,0.5,40.0,40.0,2.0,2.0,480.0,370.0,40.0,34.0,2.0,1.7
277.0,0,4,0,0,night,pa_7,E6,20.0,4,40.0,2,50.0,0.0,0,0,2,2,500.0,23,0,52.27,84,20.0,0.33,0.5,40.0,40.0,2.0,2.0,500.0,390.0,40.0,36.0,2.0,1.8
278.0,0,4,0,0,night,pa_7,E6,20.0,4,40.0,2,50.0,0.0,0,0,2,2,500.0,23,0,52.27,84,20.0,0.33,0.5,40.0,40.0,2.0,2.0,500.0,415.0,40.0,38.0,2.0,1.9
279.0,0,4,0,0,night,pa_7,E6,20.0,4,40.0,2,50.0,0.0,0,0,2,2,500.0,23,0,52.27,84,20.0,0.33,0.5,40.0,40.0,2.0,2.0,500.0,440.0,40.0,40.0,2.0,2.0
280.0,0,4,0,0,night,pa_7,E6,20.0,4,40.0,2,50.0,0.0,0,0,2,2,520.0,24,0,54.55,84,20.0,0.33,0.5,40.0,40.0,2.0,2.0,500.0,480.0,40.0,40.0,2.0,2.0
281.0,0,4,0,0,night,pa_7,E6,20.0,4,40.0,2,50.0,0.0,0,0,2,2,545.0,25,0,56.82,85,20.0,0.33,0.5,40.0,40.0,2.0,2.0,520.0,500.0,40.0,40.0,2.0,2.0
282.0,0,4,0,0,night,pa_7,E6,20.0,4,40.0,2,50.0,0.0,0,0,2,2,545.0,25,0,56.82,85,20.0,0.33,0.5,40.0,40.0,2.0,2.0,545.0,500.0,40.0,40.0,2.0,2.0
283.0,0,4,0,0,night,pa_7,E6,20.0,4,40.0,2,50.0,0.0,0,0,2,2,545.0,25,0,56.82,85,20.0,0.33,0.5,40.0,40.0,2.0,2.0,545.0,500.0,40.0,40.0,2.0,2.0
284.0,0,4,0,0,night,pa_7,E6,20.0,4,40.0,2,50.0,0.0,0,0,2,2,545.0,25,0,56.82,85,20.0,0.33,0.5,40.0,40.0,2.0,2.0,545.0,500.0,40.0,40.0,2.0,2.0
285.0,0,4,0,0,night,pa_7,E6,20.0,4,40.0,2,50.0,0.0,0,0,2,2,545.0,25,0,56.82,85,20.0,0.33,0.5,40.0,40.0,2.0,2.0,545.0,520.0,40.0,40.0,2.0,2.0
286.0,0,4,0,0,night,pa_7,E6,20.0,4,40.0,2,50.0,0.0,0,0,2,2,545.0,25,0,56.82,85,20.0,0.33,0.5,40.0,40.0,2.0,2.0,545.0,545.0,40.0,40.0,2.0,2.0
287.0,0,4,0,0,night,pa_7,E6,20.0,4,40.0,2,50.0,0.0,0,0,2,2,545.0,25,0,56.82,85,20.0,0.33,0.5,40.0,40.0,2.0,2.0,545.0,545.0,40.0,40.0,2.0,2.0
288.0,0,4,0,0,night,pa_7,E6,20.0,4,40.0,2,50.0,0.0,0,0,2,2,545.0,25,0,56.82,85,20.0,0.33,0.5,40.0,40.0,2.0,2.0,545.0,545.0,40.0,40.0,2.0,2.0
289.0,0,4,0,0,night,pa_7,E6,20.0,4,40.0,2,50.0,0.0,0,0,2,2,545.0,25,0,56.82,90,20.0,0.33,0.5,40.0,40.0,2.0,2.0,545.0,545.0,40.0,40.0,2.0,2.0
290.0,0,4,0,0,night,pa_7,E6,20.0,4,40.0,2,50.0,0.0,0,0,2,2,545.0,25,0,56.82,90,20.0,0.33,0.5,40.0,40.0,2.0,2.0,545.0,545.0,40.0,40.0,2.0,2.0
291.0,0,4,0,0,night,pa_7,E6,20.0,4,40.0,2,50.0,0.0,0,0,2,2,545.0,25,0,56.82,90,20.0,0.33,0.5,40.0,40.0,2.0,2.0,545.0,545.0,40.0,40.0,2.0,2.0
292.0,0,4,0,0,night,pa_7,E6,20.0,4,60.0,3,75.0,0.0,0,0,1,2,610.0,28,0,63.64,90,20.0,0.5,0.75,40.0,40.0,2.0,2.0,545.0,545.0,44.0,42.0,2.2,2.1
293.0,0,4,0,0,night,pa_7,E6,20.0,4,60.0,3,75.0,0.0,0,0,1,2,610.0,28,0,63.64,90,20.0,0.5,0.75,60.0,40.0,3.0,2.0,610.0,545.0,48.0,44.0,2.4,2.2
294.0,0,4,0,0,night,pa_7,E6,20.0,4,60.0,3,75.0,0.0,0,0,1,2,610.0,28,0,63.64,90,20.0,0.5,0.75,60.0,40.0,3.0,2.0,610.0,545.0,52.0,46.0,2.6,2.3
295.0,0,4,0,0,night,pa_7,E6,20.0,4,60.0,3,75.0,0.0,0,0,1,2,610.0,28,0,63.64,90,20.0,0.5,0.75,60.0,40.0,3.0,2.0,610.0,545.0,56.0,48.0,2.8,2.4
296.0,0,4,0,0,night,pa_7,E6,20.0,4,60.0,3,75.0,0.0,0,0,1,2,610.0,28,0,63.64,90,20.0,0.5,0.75,60.0,40.0,3.0,2.0,610.0,545.0,60.0,50.0,3.0,2.5
297.0,0,4,0,0,night,pa_7,E6,20.0,4,60.0,3,75.0,0.0,0,0,1,2,610.0,28,0,63.64,90,20.0,0.5,0.75,60.0,60.0,3.0,3.0,610.0,610.0,60.0,52.0,3.0,2.6
298.0,0,4,0,0,night,pa_7,E6,20.0,4,60.0,3,75.0,0.0,0,0,1,2,610.0,28,0,63.64,90,20.0,0.5,0.75,60.0,60.0,3.0,3.0,610.0,610.0,60.0,54.0,3.0,2.7
299.0,0,4,0,0,night,pa_7,E6,20.0,4,60.0,3,75.0,0.0,0,0,1,2,610.0,28,0,63.64,90,20.0,0.5,0.75,60.0,60.0,3.0,3.0,610.0,610.0,60.0,56.0,3.0,2.8
300.0,0,5,0,0,night,pa_7,E6,20.0,4,60.0,3,75.0,0.0,0,0,1,2,610.0,28,0,63.64,90,20.0,0.5,0.75,60.0,60.0,3.0,3.0,610.0,610.0,60.0,58.0,3.0,2.9
301.0,0,5,0,0,night,pa_7,E6,20.0,4,60.0,3,75.0,0.0,0,0,1,2,635.0,29,0,65.91,92,20.0,0.5,0.75,60.0,60.0,3.0,3.0,610.0,610.0,60.0,60.0,3.0,3.0
302.0,0,5,0,0,night,pa_7,E6,20.0,4,60.0,3,75.0,0.0,0,0,1,2,635.0,29,0,65.91,92,20.0,0.5,0.75,60.0,60.0,3.0,3.0,635.0,610.0,60.0,60.0,3.0,3.0
303.0,0,5,0,0,night,pa_7,E6,20.0,4,60.0,3,75.0,0.0,0,0,1,2,635.0,29,0,65.91,92,20.0,0.5,0.75,60.0,60.0,3.0,3.0,635.0,610.0,60.0,60.0,3.0,3.0
304.0,0,5,0,0,night,pa_7,E6,20.0,4,60.0,3,75.0,0.0,0,0,1,2,635.0,29,0,65.91,92,20.0,0.5,0.75,60.0,60.0,3.0,3.0,635.0,610.0,60.0,60.0,3.0,3.0
305.0,0,5,0,0,night,pa_7,E6,20.0,4,60.0,3,75.0,0.0,0,0,1,2,635.0,29,0,65.91,92,20.0,0.5,0.75,60.0,60.0,3.0,3.0,635.0,610.0,60.0,60.0,3.0,3.0
306.0,0,5,0,0,night,pa_7,E6,20.0,4,60.0,3,75.0,0.0,0,0,1,2,635.0,29,0,65.91,92,20.0,0.5,0.75,60.0,60.0,3.0,3.0,635.0,635.0,60.0,60.0,3.0,3.0
307.0,0,5,0,0,night,pa_7,E6,20.0,4,60.0,3,75.0,0.0,0,0,1,2,680.0,31,0,70.45,92,20.0,0.5,0.75,60.0,60.0,3.0,3.0,635.0,635.0,60.0,60.0,3.0,3.0
308.0,0,5,0,0,night,pa_7,E6,20.0,4,60.0,3,75.0,0.0,0,0,1,2,680.0,31,0,70.45,92,20.0,0.5,0.75,60.0,60.0,3.0,3.0,680.0,635.0,60.0,60.0,3.0,3.0
309.0,0,5,0,0,night,pa_7,E6,20.0,4,60.0,3,75.0,0.0,0,0,1,2,680.0,31,0,70.45,97,20.0,0.5,0.75,60.0,60.0,3.0,3.0,680.0,635.0,60.0,60.0,3.0,3.0
310.0,0,5,0,0,night,pa_7,E6,20.0,4,60.0,3,75.0,0.0,0,0,1,2,680.0,31,0,70.45,97,20.0,0.5,0.75,60.0,60.0,3.0,3.0,680.0,635.0,60.0,60.0,3.0,3.0
311.0,0,5,0,0,night,pa_7,E6,20.0,4,60.0,3,75.0,0.0,0,0,1,2,680.0,31,0,70.45,97,20.0,0.5,0.75,60.0,60.0,3.0,3.0,680.0,635.0,60.0,60.0,3.0,3.0
312.0,0,5,0,0,night,pa_7,E6,20.0,4,60.0,3,75.0,0.0,0,0,1,2,680.0,31,0,70.45,97,20.0,0.5,0.75,60.0,60.0,3.0,3.0,680.0,680.0,60.0,60.0,3.0,3.0
313.0,0,5,0,0,night,pa_7,E6,20.0,4,60.0,3,75.0,0.0,0,0,1,2,680.0,31,0,70.45,97,20.0,0.5,0.75,60.0,60.0,3.0,3.0,680.0,680.0,60.0,60.0,3.0,3.0
314.0,0,5,0,0,night,pa_7,E6,20.0,4,60.0,3,75.0,0.0,0,0,1,2,680.0,31,0,70.45,97,20.0,0.5,0.75,60.0,60.0,3.0,3.0,680.0,680.0,60.0,60.0,3.0,3.0
315.0,0,5,0,0,night,pa_7,E6,20.0,4,60.0,3,75.0,0.0,0,0,1,2,680.0,31,0,70.45,97,20.0,0.5,0.75,60.0,60.0,3.0,3.0,680.0,680.0,60.0,60.0,3.0,3.0
316.0,0,5,0,0,night,pa_7,E6,20.0,4,60.0,3,75.0,0.0,0,0,1,2,680.0,31,0,70.45,98,20.0,0.5,0.75,60.0,60.0,3.0,3.0,680.0,680.0,60.0,60.0,3.0,3.0
317.0,0,5,0,0,night,pa_7,E6,20.0,4,60.0,3,75.0,0.0,0,0,1,2,680.0,31,0,70.45,98,20.0,0.5,0.75,60.0,60.0,3.0,3.0,680.0,680.0,60.0,60.0,3.0,3.0
318.0,0,5,0,0,night,pa_7,E6,20.0,4,60.0,3,75.0,0.0,0,0,1,2,680.0,31,0,70.45,98,20.0,0.5,0.75,60.0,60.0,3.0,3.0,680.0,680.0,60.0,60.0,3.0,3.0
319.0,0,5,0,0,night,pa_7,E6,20.0,4,60.0,3,75.0,0.0,0,0,1,2,680.0,31,0,70.45,98,20.0,0.5,0.75,60.0,60.0,3.0,3.0,680.0,680.0,60.0,60.0,3.0,3.0
320.0,0,5,0,0,night,pa_7,E6,20.0,4,60.0,3,75.0,0.0,0,0,1,2,680.0,31,0,70.45,98,20.0,0.5,0.75,60.0,60.0,3.0,3.0,680.0,680.0,60.0,60.0,3.0,3.0
321.0,0,5,0,0,night,pa_7,E6,20.0,4,60.0,3,75.0,0.0,0,0,1,2,680.0,31,0,70.45,100,20.0,0.5,0.75,60.0,60.0,3.0,3.0,680.0,680.0,60.0,60.0,3.0,3.0
322.0,0,5,0,0,night,pa_7,E6,20.0,4,60.0,3,75.0,0.0,0,0,1,2,680.0,31,0,70.45,100,20.0,0.5,0.75,60.0,60.0,3.0,3.0,680.0,680.0,60.0,60.0,3.0,3.0
323.0,0,5,0,0,night,pa_7,E6,20.0,4,60.0,3,75.0,0.0,0,0,1,2,680.0,31,0,70.45,100,20.0,0.5,0.75,60.0,60.0,3.0,3.0,680.0,680.0,60.0,60.0,3.0,3.0
324.0,0,5,0,0,night,pa_7,E6,20.0,4,60.0,3,75.0,0.0,0,0,1,2,680.0,31,0,70.45,100,20.0,0.5,0.75,60.0,60.0,3.0,3.0,680.0,680.0,60.0,60.0,3.0,3.0
325.0,0,5,0,0,night,pa_7,E6,20.0,4,60.0,3,75.0,0.0,0,0,1,2,680.0,31,0,70.45,100,20.0,0.5,0.75,60.0,60.0,3.0,3.0,680.0,680.0,60.0,60.0,3.0,3.0
326.0,0,5,0,0,night,pa_7,E6,20.0,4,60.0,3,75.0,0.0,0,0,1,2,700.0,32,0,72.73,100,20.0,0.5,0.75,60.0,60.0,3.0,3.0,680.0,680.0,60.0,60.0,3.0,3.0
327.0,0,5,0,0,night,pa_7,E6,20.0,4,60.0,3,75.0,0.0,0,0,1,2,700.0,32,0,72.73,100,20.0,0.5,0.75,60.0,60.0,3.0,3.0,700.0,680.0,60.0,60.0,3.0,3.0
328.0,0,5,0,0,night,pa_7,E6,20.0,4,60.0,3,75.0,0.0,0,0,1,2,700.0,32,0,72.73,100,20.0,0.5,0.75,60.0,60.0,3.0,3.0,700.0,680.0,60.0,60.0,3.0,3.0
329.0,0,5,0,0,night,pa_7,E6,20.0,4,60.0,3,75.0,0.0,0,0,1,2,700.0,32,0,72.73,100,20.0,0.5,0.75,60.0,60.0,3.0,3.0,700.0,680.0,60.0,60.0,3.0,3.0
330.0,0,5,0,0,night,pa_7,E6,20.0,4,60.0,3,75.0,0.0,0,0,1,2,700.0,32,0,72.73,100,20.0,0.5,0.75,60.0,60.0,3.0,3.0,700.0,680.0,60.0,60.0,3.0,3.0
331.0,0,5,0,0,night,pa_7,E6,20.0,4,60.0,3,75.0,0.0,0,0,1,2,700.0,32,0,72.73,100,20.0,0.5,0.75,60.0,60.0,3.0,3.0,700.0,700.0,60.0,60.0,3.0,3.0
332.0,0,5,0,0,night,pa_7,E6,20.0,4,60.0,3,75.0,0.0,0,0,1,2,700.0,32,0,72.73,100,20.0,0.5,0.75,60.0,60.0,3.0,3.0,700.0,700.0,60.0,60.0,3.0,3.0
333.0,0,5,0,0,night,pa_7,E6,20.0,4,60.0,3,75.0,0.0,0,0,1,2,700.0,32,0,72.73,100,20.0,0.5,0.75,60.0,60.0,3.0,3.0,700.0,700.0,60.0,60.0,3.0,3.0
334.0,0,5,0,0,night,pa_7,E6,20.0,4,60.0,3,75.0,0.0,0,0,1,2,700.0,32,0,72.73,100,20.0,0.5,0.75,60.0,60.0,3.0,3.0,700.0,700.0,60.0,60.0,3.0,3.0
335.0,0,5,0,0,night,pa_7,E6,20.0,4,60.0,3,75.0,0.0,0,0,1,2,700.0,32,0,72.73,100,20.0,0.5,0.75,60.0,60.0,3.0,3.0,700.0,700.0,60.0,60.0,3.0,3.0
336.0,0,5,0,0,night,pa_7,E6,20.0,4,60.0,3,75.0,0.0,0,0,1,2,700.0,32,0,72.73,100,20.0,0.5,0.75,60.0,60.0,3.0,3.0,700.0,700.0,60.0,60.0,3.0,3.0
337.0,0,5,0,0,night,pa_7,E6,20.0,4,60.0,3,75.0,0.0,0,0,1,2,700.0,32,0,72.73,100,20.0,0.5,0.75,60.0,60.0,3.0,3.0,700.0,700.0,60.0,60.0,3.0,3.0
338.0,0,5,0,0,night,pa_7,E6,20.0,4,60.0,3,75.0,0.0,0,0,1,2,700.0,32,0,72.73,100,20.0,0.5,0.75,60.0,60.0,3.0,3.0,700.0,700.0,60.0,60.0,3.0,3.0
339.0,0,5,0,0,night,pa_7,E6,20.0,4,60.0,3,75.0,0.0,0,0,1,2,700.0,32,0,72.73,100,20.0,0.5,0.75,60.0,60.0,3.0,3.0,700.0,700.0,60.0,60.0,3.0,3.0
340.0,0,5,0,0,night,pa_7,E6,20.0,4,60.0,3,75.0,0.0,0,0,1,2,740.0,34,0,77.27,100,20.0,0.5,0.75,60.0,60.0,3.0,3.0,700.0,700.0,60.0,60.0,3.0,3.0
341.0,0,5,0,0,night,pa_7,E6,20.0,4,60.0,3,75.0,0.0,0,0,1,2,740.0,34,0,77.27,100,20.0,0.5,0.75,60.0,60.0,3.0,3.0,740.0,700.0,60.0,60.0,3.0,3.0
342.0,0,5,0,0,night,pa_7,E6,20.0,4,60.0,3,75.0,0.0,0,0,1,2,740.0,34,0,77.27,100,20.0,0.5,0.75,60.0,60.0,3.0,3.0,740.0,700.0,60.0,60.0,3.0,3.0
343.0,0,5,0,0,night,pa_7,E6,20.0,4,60.0,3,75.0,0.0,0,0,1,2,740.0,34,0,77.27,100,20.0,0.5,0.75,60.0,60.0,3.0,3.0,740.0,700.0,60.0,60.0,3.0,3.0
344.0,0,5,0,0,night,pa_7,E6,20.0,4,60.0,3,75.0,0.0,0,0,1,2,740.0,34,0,77.27,100,20.0,0.5,0.75,60.0,60.0,3.0,3.0,740.0,700.0,60.0,60.0,3.0,3.0
345.0,0,5,0,0,night,pa_7,E6,20.0,4,60.0,3,75.0,0.0,0,0,1,2,740.0,34,0,77.27,100,20.0,0.5,0.75,60.0,60.0,3.0,3.0,740.0,740.0,60.0,60.0,3.0,3.0
346.0,0,5,0,0,night,pa_7,E6,20.0,4,60.0,3,75.0,0.0,0,0,1,2,740.0,34,0,77.27,100,20.0,0.5,0.75,60.0,60.0,3.0,3.0,740.0,740.0,60.0,60.0,3.0,3.0
347.0,0,5,0,0,night,pa_7,E6,20.0,4,60.0,3,75.0,0.0,0,0,1,2,740.0,34,0,77.27,100,20.0,0.5,0.75,60.0,60.0,3.0,3.0,740.0,740.0,60.0,60.0,3.0,3.0
348.0,0,5,0,0,night,pa_7,E6,20.0,4,60.0,3,75.0,0.0,0,0,1,2,740.0,34,0,77.27,100,20.0,0.5,0.75,60.0,60.0,3.0,3.0,740.0,740.0,60.0,60.0,3.0,3.0
349.0,0,5,0,0,night,pa_7,E6,20.0,4,60.0,3,75.0,0.0,0,0,1,2,740.0,34,0,77.27,100,20.0,0.5,0.75,60.0,60.0,3.0,3.0,740.0,740.0,60.0,60.0,3.0,3.0
350.0,0,5,0,0,night,pa_7,E6,20.0,4,60.0,3,75.0,0.0,0,0,1,2,740.0,34,0,77.27,100,20.0,0.5,0.75,60.0,60.0,3.0,3.0,740.0,740.0,60.0,60.0,3.0,3.0
351.0,0,5,0,0,night,pa_7,E6,20.0,4,60.0,3,75.0,0.0,0,0,1,2,740.0,34,0,77.27,100,20.0,0.5,0.75,60.0,60.0,3.0,3.0,740.0,740.0,60.0,60.0,3.0,3.0
352.0,0,5,0,0,night,pa_7,E6,20.0,4,60.0,3,75.0,0.0,0,0,1,2,740.0,34,0,77.27,100,20.0,0.5,0.75,60.0,60.0,3.0,3.0,740.0,740.0,60.0,60.0,3.0,3.0
353.0,0,5,0,0,night,pa_7,E6,20.0,4,60.0,3,75.0,0.0,0,0,1,2,740.0,34,0,77.27,100,20.0,0.5,0.75,60.0,60.0,3.0,3.0,740.0,740.0,60.0,60.0,3.0,3.0
354.0,0,5,0,0,night,pa_7,E6,20.0,4,60.0,3,75.0,0.0,0,0,1,2,740.0,34,0,77.27,100,20.0,0.5,0.75,60.0,60.0,3.0,3.0,740.0,740.0,60.0,60.0,3.0,3.0
355.0,0,5,0,0,night,pa_7,E6,20.0,4,60.0,3,75.0,0.0,0,0,1,2,740.0,34,0,77.27,100,20.0,0.5,0.75,60.0,60.0,3.0,3.0,740.0,740.0,60.0,60.0,3.0,3.0
356.0,0,5,0,0,night,pa_7,E6,20.0,4,60.0,3,75.0,0.0,0,0,1,2,740.0,34,0,77.27,100,20.0,0.5,0.75,60.0,60.0,3.0,3.0,740.0,740.0,60.0,60.0,3.0,3.0
357.0,0,5,0,0,night,pa_7,E6,20.0,4,60.0,3,75.0,0.0,0,0,1,2,740.0,34,0,77.27,100,20.0,0.5,0.75,60.0,60.0,3.0,3.0,740.0,740.0,60.0,60.0,3.0,3.0
358.0,0,5,0,0,night,pa_7,E6,20.0,4,60.0,3,75.0,0.0,0,0,1,2,740.0,34,0,77.27,100,20.0,0.5,0.75,60.0,60.0,3.0,3.0,740.0,740.0,60.0,60.0,3.0,3.0
359.0,0,5,0,0,night,pa_7,E6,20.0,4,60.0,3,75.0,0.0,0,0,1,2,765.0,35,0,79.55,100,20.0,0.5,0.75,60.0,60.0,3.0,3.0,740.0,740.0,60.0,60.0,3.0,3.0
360.0,0,6,0,0,night,pa_7,E6,20.0,4,60.0,3,75.0,0.0,0,0,1,2,790.0,36,0,81.82,100,20.0,0.5,0.75,60.0,60.0,3.0,3.0,765.0,740.0,60.0,60.0,3.0,3.0
361.0,0,6,0,0,night,pa_7,E6,20.0,4,60.0,3,75.0,0.0,0,0,1,2,790.0,36,0,81.82,107,20.0,0.5,0.75,60.0,60.0,3.0,3.0,790.0,740.0,60.0,60.0,3.0,3.0
362.0,0,6,0,0,night,pa_7,E6,20.0,4,60.0,3,75.0,0.0,0,0,1,2,790.0,36,0,81.82,107,20.0,0.5,0.75,60.0,60.0,3.0,3.0,790.0,740.0,60.0,60.0,3.0,3.0
363.0,0,6,0,0,night,pa_7,E6,20.0,4,80.0,4,100.0,0.0,0,0,0,2,810.0,37,0,84.09,109,20.0,0.67,1.0,60.0,60.0,3.0,3.0,790.0,740.0,64.0,62.0,3.2,3.1
364.0,0,6,0,0,night,pa_7,E6,20.0,4,80.0,4,100.0,0.0,0,0,0,2,810.0,37,0,84.09,110,20.0,0.67,1.0,80.0,60.0,4.0,3.0,810.0,765.0,68.0,64.0,3.4,3.2
365.0,0,6,0,0,night,pa_7,E6,20.0,4,80.0,4,100.0,0.0,0,0,0,2,810.0,37,0,84.09,110,20.0,0.67,1.0,80.0,60.0,4.0,3.0,810.0,790.0,72.0,66.0,3.6,3.3
366.0,0,6,0,0,night,pa_7,E6,20.0,4,80.0,4,100.0,0.0,0,0,0,2,830.0,38,0,86.36,111,20.0,0.67,1.0,80.0,60.0,4.0,3.0,810.0,790.0,76.0,68.0,3.8,3.4
367.0,0,6,0,0,night,pa_7,E6,20.0,4,80.0,4,100.0,0.0,0,0,0,2,855.0,39,0,88.64,112,20.0,0.67,1.0,80.0,60.0,4.0,3.0,830.0,790.0,80.0,70.0,4.0,3.5
368.0,0,6,0,0,night,pa_7,E6,20.0,4,80.0,4,100.0,0.0,0,0,0,2,855.0,39,0,88.64,111,20.0,0.67,1.0,80.0,80.0,4.0,4.0,855.0,810.0,80.0,72.0,4.0,3.6
369.0,0,6,0,0,night,pa_7,E6,20.0,4,80.0,4,100.0,0.0,0,0,0,2,855.0,39,0,88.64,111,20.0,0.67,1.0,80.0,80.0,4.0,4.0,855.0,810.0,80.0,74.0,4.0,3.7
370.0,0,6,0,0,night,pa_7,E6,20.0,4,80.0,4,100.0,0.0,0,0,0,2,855.0,39,0,88.64,112,20.0,0.67,1.0,80.0,80.0,4.0,4.0,855.0,810.0,80.0,76.0,4.0,3.8
371.0,0,6,0,0,night,pa_7,E6,20.0,4,80.0,4,100.0,0.0,0,0,0,2,880.0,40,1,90.91,111,20.0,0.67,1.0,80.0,80.0,4.0,4.0,855.0,830.0,80.0,78.0,4.0,3.9
372.0,0,6,0,0,night,pa_7,E6,20.0,4,80.0,4,100.0,0.0,0,0,0,2,880.0,40,1,90.91,112,20.0,0.67,1.0,80.0,80.0,4.0,4.0,880.0,855.0,80.0,80.0,4.0,4.0
373.0,0,6,0,0,night,pa_7,E6,20.0,4,80.0,4,100.0,0.0,0,0,0,2,880.0,40,1,90.91,112,20.0,0.67,1.0,80.0,80.0,4.0,4.0,880.0,855.0,80.0,80.0,4.0,4.0
374.0,0,6,0,0,night,pa_7,E6,20.0,4,80.0,4,100.0,0.0,0,0,0,2,880.0,40,2,90.91,112,20.0,0.67,1.0,80.0,80.0,4.0,4.0,880.0,855.0,80.0,80.0,4.0,4.0
375.0,0,6,0,0,night,pa_7,E6,20.0,4,80.0,4,100.0,0.0,0,0,0,2,880.0,40,2,90.91,112,20.0,0.67,1.0,80.0,80.0,4.0,4.0,880.0,855.0,80.0,80.0,4.0,4.0
376.0,0,6,0,0,night,pa_7,E6,20.0,4,80.0,4,100.0,0.0,0,0,0,2,880.0,40,2,90.91,113,20.0,0.67,1.0,80.0,80.0,4.0,4.0,880.0,880.0,80.0,80.0,4.0,4.0
377.0,0,6,0,0,night,pa_7,E6,20.0,4,80.0,4,100.0,0.0,0,0,0,2,880.0,40,2,90.91,113,20.0,0.67,1.0,80.0,80.0,4.0,4.0,880.0,880.0,80.0,80.0,4.0,4.0
378.0,0,6,0,0,night,pa_7,E6,20.0,4,80.0,4,100.0,0.0,0,0,0,2,880.0,40,2,90.91,112,20.0,0.67,1.0,80.0,80.0,4.0,4.0,880.0,880.0,80.0,80.0,4.0,4.0
379.0,0,6,0,0,night,pa_7,E6,20.0,4,80.0,4,100.0,0.0,0,0,0,2,880.0,40,2,90.91,112,20.0,0.67,1.0,80.0,80.0,4.0,4.0,880.0,880.0,80.0,80.0,4.0,4.0
380.0,0,6,0,0,night,pa_7,E6,20.0,4,80.0,4,100.0,0.0,0,0,0,2,880.0,40,2,90.91,112,20.0,0.67,1.0,80.0,80.0,4.0,4.0,880.0,880.0,80.0,80.0,4.0,4.0
381.0,0,6,0,0,night,pa_7,E6,20.0,4,80.0,4,100.0,0.0,0,0,0,2,880.0,40,2,90.91,112,20.0,0.67,1.0,80.0,80.0,4.0,4.0,880.0,880.0,80.0,80.0,4.0,4.0
382.0,0,6,0,0,night,pa_7,E6,20.0,4,80.0,4,100.0,0.0,0,0,0,2,880.0,40,2,90.91,112,20.0,0.67,1.0,80.0,80.0,4.0,4.0,880.0,880.0,80.0,80.0,4.0,4.0
383.0,0,6,0,0,night,pa_7,E6,20.0,4,80.0,4,100.0,0.0,0,0,0,2,880.0,40,2,90.91,112,20.0,0.67,1.0,80.0,80.0,4.0,4.0,880.0,880.0,80.0,80.0,4.0,4.0
384.0,0,6,0,0,night,pa_7,E6,20.0,4,80.0,4,100.0,0.0,0,0,0,2,880.0,40,2,90.91,112,20.0,0.67,1.0,80.0,80.0,4.0,4.0,880.0,880.0,80.0,80.0,4.0,4.0
385.0,0,6,0,0,night,pa_7,E6,20.0,4,80.0,4,100.0,0.0,0,0,0,2,880.0,40,2,90.91,112,20.0,0.67,1.0,80.0,80.0,4.0,4.0,880.0,880.0,80.0,80.0,4.0,4.0
386.0,0,6,0,0,night,pa_7,E6,20.0,4,80.0,4,100.0,0.0,0,0,0,2,880.0,40,2,90.91,111,20.0,0.67,1.0,80.0,80.0,4.0,4.0,880.0,880.0,80.0,80.0,4.0,4.0
387.0,0,6,0,0,night,pa_7,E6,20.0,4,80.0,4,100.0,0.0,0,0,0,2,880.0,40,2,90.91,111,20.0,0.67,1.0,80.0,80.0,4.0,4.0,880.0,880.0,80.0,80.0,4.0,4.0
388.0,0,6,0,0,night,pa_7,E6,20.0,4,80.0,4,100.0,0.0,0,0,0,2,880.0,40,3,90.91,110,20.0,0.67,1.0,80.0,80.0,4.0,4.0,880.0,880.0,80.0,80.0,4.0,4.0
389.0,0,6,0,0,night,pa_7,E6,20.0,4,80.0,4,100.0,0.0,0,0,0,2,880.0,40,4,90.91,110,20.0,0.67,1.0,80.0,80.0,4.0,4.0,880.0,880.0,80.0,80.0,4.0,4.0
390.0,0,6,0,0,night,pa_7,E6,20.0,4,80.0,4,100.0,0.0,0,0,0,2,880.0,40,4,90.91,110,20.0,0.67,1.0,80.0,80.0,4.0,4.0,880.0,880.0,80.0,80.0,4.0,4.0
391.0,0,6,0,0,night,pa_7,E6,20.0,4,80.0,4,100.0,0.0,0,0,0,2,880.0,40,4,90.91,109,20.0,0.67,1.0,80.0,80.0,4.0,4.0,880.0,880.0,80.0,80.0,4.0,4.0
392.0,0,6,0,0,night,pa_7,E6,20.0,4,80.0,4,100.0,0.0,0,0,0,2,880.0,40,4,90.91,108,20.0,0.67,1.0,80.0,80.0,4.0,4.0,880.0,880.0,80.0,80.0,4.0,4.0
393.0,0,6,0,0,night,pa_7,E6,20.0,4,80.0,4,100.0,0.0,0,0,0,2,930.0,42,4,95.45,107,20.0,0.67,1.0,80.0,80.0,4.0,4.0,880.0,880.0,80.0,80.0,4.0,4.0
394.0,0,6,0,0,night,pa_7,E6,20.0,4,80.0,4,100.0,0.0,0,0,0,2,930.0,42,4,95.45,107,20.0,0.67,1.0,80.0,80.0,4.0,4.0,930.0,880.0,80.0,80.0,4.0,4.0
395.0,0,6,0,0,night,pa_7,E6,20.0,4,80.0,4,100.0,0.0,0,0,0,2,930.0,42,4,95.45,106,20.0,0.67,1.0,80.0,80.0,4.0,4.0,930.0,880.0,80.0,80.0,4.0,4.0
396.0,0,6,0,0,night,pa_7,E6,20.0,4,80.0,4,100.0,0.0,0,0,0,2,930.0,42,4,95.45,106,20.0,0.67,1.0,80.0,80.0,4.0,4.0,930.0,880.0,80.0,80.0,4.0,4.0
397.0,0,6,0,0,night,pa_7,E6,20.0,4,80.0,4,100.0,0.0,0,0,0,2,930.0,42,4,95.45,106,20.0,0.67,1.0,80.0,80.0,4.0,4.0,930.0,880.0,80.0,80.0,4.0,4.0
398.0,0,6,0,0,night,pa_7,E6,20.0,4,80.0,4,100.0,50.0,1,1,0,1,930.0,42,5,95.45,106,20.0,0.83,1.0,80.0,80.0,4.0,4.0,930.0,930.0,80.0,80.0,4.0,4.0
399.0,0,6,0,0,night,pa_7,E6,20.0,4,80.0,4,100.0,50.0,1,1,0,1,930.0,42,5,95.45,106,20.0,0.83,1.0,80.0,80.0,4.0,4.0,930.0,930.0,80.0,80.0,4.0,4.0
400.0,0,6,0,0,night,pa_7,E6,20.0,4,80.0,4,100.0,50.0,1,1,0,1,930.0,42,5,95.45,106,20.0,0.83,1.0,80.0,80.0,4.0,4.0,930.0,930.0,80.0,80.0,4.0,4.0
401.0,0,6,0,0,night,pa_7,E6,20.0,4,80.0,4,100.0,50.0,1,1,0,1,930.0,42,5,95.45,108,20.0,0.83,1.0,80.0,80.0,4.0,4.0,930.0,930.0,80.0,80.0,4.0,4.0
402.0,0,6,0,0,night,pa_7,E6,20.0,4,80.0,4,100.0,50.0,1,1,0,1,930.0,42,5,95.45,107,20.0,0.83,1.0,80.0,80.0,4.0,4.0,930.0,930.0,80.0,80.0,4.0,4.0
403.0,0,6,0,0,night,pa_7,E6,20.0,4,80.0,4,100.0,50.0,1,1,0,1,930.0,42,5,95.45,107,20.0,0.83,1.0,80.0,80.0,4.0,4.0,930.0,930.0,80.0,80.0,4.0,4.0
404.0,0,6,0,0,night,pa_7,E6,20.0,4,80.0,4,100.0,50.0,1,1,0,1,930.0,42,5,95.45,107,20.0,0.83,1.0,80.0,80.0,4.0,4.0,930.0,930.0,80.0,80.0,4.0,4.0
405.0,0,6,0,0,night,pa_7,E6,20.0,4,80.0,4,100.0,50.0,1,1,0,1,930.0,42,5,95.45,107,20.0,0.83,1.0,80.0,80.0,4.0,4.0,930.0,930.0,80.0,80.0,4.0,4.0
406.0,0,6,0,0,night,pa_7,E6,20.0,4,80.0,4,100.0,50.0,1,1,0,1,930.0,42,5,95.45,108,20.0,0.83,1.0,80.0,80.0,4.0,4.0,930.0,930.0,80.0,80.0,4.0,4.0
407.0,0,6,0,0,night,pa_7,E6,20.0,4,80.0,4,100.0,50.0,1,1,0,1,930.0,42,5,95.45,108,20.0,0.83,1.0,80.0,80.0,4.0,4.0,930.0,930.0,80.0,80.0,4.0,4.0
408.0,0,6,0,0,night,pa_7,E6,20.0,4,80.0,4,100.0,50.0,1,1,0,1,930.0,42,5,95.45,108,20.0,0.83,1.0,80.0,80.0,4.0,4.0,930.0,930.0,80.0,80.0,4.0,4.0
409.0,0,6,0,0,night,pa_7,E6,20.0,4,80.0,4,100.0,50.0,1,1,0,1,930.0,42,5,95.45,108,20.0,0.83,1.0,80.0,80.0,4.0,4.0,930.0,930.0,80.0,80.0,4.0,4.0
410.0,0,6,0,0,night,pa_7,E6,20.0,4,80.0,4,100.0,50.0,1,1,0,1,930.0,42,5,95.45,108,20.0,0.83,1.0,80.0,80.0,4.0,4.0,930.0,930.0,80.0,80.0,4.0,4.0
411.0,0,6,0,0,night,pa_7,E6,20.0,4,80.0,4,100.0,50.0,1,1,0,1,930.0,42,5,95.45,107,20.0,0.83,1.0,80.0,80.0,4.0,4.0,930.0,930.0,80.0,80.0,4.0,4.0
412.0,0,6,0,0,night,pa_7,E6,20.0,4,80.0,4,100.0,50.0,1,1,0,1,930.0,42,5,95.45,112,20.0,0.83,1.0,80.0,80.0,4.0,4.0,930.0,930.0,80.0,80.0,4.0,4.0
413.0,0,6,0,0,night,pa_7,E6,20.0,4,80.0,4,100.0,50.0,1,1,0,1,930.0,42,5,95.45,112,20.0,0.83,1.0,80.0,80.0,4.0,4.0,930.0,930.0,80.0,80.0,4.0,4.0
414.0,0,6,0,0,night,pa_7,E6,20.0,4,80.0,4,100.0,50.0,1,1,0,1,930.0,42,5,95.45,112,20.0,0.83,1.0,80.0,80.0,4.0,4.0,930.0,930.0,80.0,80.0,4.0,4.0
415.0,0,6,0,0,night,pa_7,E6,20.0,4,80.0,4,100.0,50.0,1,1,0,1,930.0,42,5,95.45,112,20.0,0.83,1.0,80.0,80.0,4.0,4.0,930.0,930.0,80.0,80.0,4.0,4.0
416.0,0,6,0,0,night,pa_7,E6,20.0,4,80.0,4,100.0,50.0,1,1,0,1,930.0,42,5,95.45,112,20.0,0.83,1.0,80.0,80.0,4.0,4.0,930.0,930.0,80.0,80.0,4.0,4.0
417.0,0,6,0,0,night,pa_7,E6,20.0,4,80.0,4,100.0,50.0,1,1,0,1,930.0,42,5,95.45,112,20.0,0.83,1.0,80.0,80.0,4.0,4.0,930.0,930.0,80.0,80.0,4.0,4.0
418.0,0,6,0,0,night,pa_7,E6,20.0,4,80.0,4,100.0,50.0,1,1,0,1,930.0,42,5,95.45,112,20.0,0.83,1.0,80.0,80.0,4.0,4.0,930.0,930.0,80.0,80.0,4.0,4.0
419.0,0,6,0,0,night,pa_7,E6,20.0,4,80.0,4,100.0,50.0,1,1,0,1,930.0,42,5,95.45,110,20.0,0.83,1.0,80.0,80.0,4.0,4.0,930.0,930.0,80.0,80.0,4.0,4.0
420.0,0,7,0,0,night,pa_7,E6,20.0,4,80.0,4,100.0,50.0,1,1,0,1,930.0,42,6,95.45,110,20.0,0.83,1.0,80.0,80.0,4.0,4.0,930.0,930.0,80.0,80.0,4.0,4.0
421.0,0,7,0,0,night,pa_7,E6,20.0,4,80.0,4,100.0,50.0,1,1,0,1,930.0,42,6,95.45,112,20.0,0.83,1.0,80.0,80.0,4.0,4.0,930.0,930.0,80.0,80.0,4.0,4.0
422.0,0,7,0,0,night,pa_7,E6,20.0,4,80.0,4,100.0,50.0,1,1,0,1,930.0,42,6,95.45,112,20.0,0.83,1.0,80.0,80.0,4.0,4.0,930.0,930.0,80.0,80.0,4.0,4.0
423.0,0,7,0,0,night,pa_7,E6,20.0,4,80.0,4,100.0,50.0,1,1,0,1,955.0,43,6,97.73,112,20.0,0.83,1.0,80.0,80.0,4.0,4.0,930.0,930.0,80.0,80.0,4.0,4.0
424.0,0,7,0,0,night,pa_7,E6,20.0,4,80.0,4,100.0,50.0,1,1,0,1,955.0,43,6,97.73,112,20.0,0.83,1.0,80.0,80.0,4.0,4.0,955.0,930.0,80.0,80.0,4.0,4.0
425.0,0,7,0,0,night,pa_7,E6,20.0,4,80.0,4,100.0,50.0,1,1,0,1,955.0,43,6,97.73,112,20.0,0.83,1.0,80.0,80.0,4.0,4.0,955.0,930.0,80.0,80.0,4.0,4.0
426.0,0,7,0,0,night,pa_7,E6,20.0,4,80.0,4,100.0,50.0,1,1,0,1,980.0,44,6,100.0,112,20.0,0.83,1.0,80.0,80.0,4.0,4.0,955.0,930.0,80.0,80.0,4.0,4.0
427.0,0,7,0,0,night,pa_7,E6,20.0,4,80.0,4,100.0,50.0,1,1,0,1,980.0,44,6,100.0,112,20.0,0.83,1.0,80.0,80.0,4.0,4.0,980.0,930.0,80.0,80.0,4.0,4.0
428.0,0,7,0,0,night,pa_7,E6,20.0,4,80.0,4,100.0,50.0,1,1,0,1,980.0,44,6,100.0,112,20.0,0.83,1.0,80.0,80.0,4.0,4.0,980.0,955.0,80.0,80.0,4.0,4.0
429.0,0,7,0,0,night,pa_7,E6,20.0,4,80.0,4,100.0,50.0,1,1,0,1,980.0,44,6,100.0,112,20.0,0.83,1.0,80.0,80.0,4.0,4.0,980.0,955.0,80.0,80.0,4.0,4.0
430.0,0,7,0,0,night,pa_7,E6,20.0,4,80.0,4,100.0,50.0,1,1,0,1,980.0,44,6,100.0,112,20.0,0.83,1.0,80.0,80.0,4.0,4.0,980.0,955.0,80.0,80.0,4.0,4.0
431.0,0,7,0,0,night,pa_7,E6,20.0,4,80.0,4,100.0,50.0,1,1,0,1,980.0,44,6,100.0,112,20.0,0.83,1.0,80.0,80.0,4.0,4.0,980.0,980.0,80.0,80.0,4.0,4.0
432.0,0,7,0,0,night,pa_7,E6,20.0,4,80.0,4,100.0,50.0,1,1,0,1,980.0,44,6,100.0,112,20.0,0.83,1.0,80.0,80.0,4.0,4.0,980.0,980.0,80.0,80.0,4.0,4.0
433.0,0,7,0,0,night,pa_7,E6,20.0,4,80.0,4,100.0,50.0,1,1,0,1,980.0,44,8,100.0,117,20.0,0.83,1.0,80.0,80.0,4.0,4.0,980.0,980.0,80.0,80.0,4.0,4.0
434.0,0,7,0,0,night,pa_7,E6,20.0,4,80.0,4,100.0,50.0,1,1,0,1,980.0,44,8,100.0,117,20.0,0.83,1.0,80.0,80.0,4.0,4.0,980.0,980.0,80.0,80.0,4.0,4.0
435.0,0,7,0,0,night,pa_7,E6,20.0,4,80.0,4,100.0,50.0,1,1,0,1,980.0,44,8,100.0,117,20.0,0.83,1.0,80.0,80.0,4.0,4.0,980.0,980.0,80.0,80.0,4.0,4.0
436.0,0,7,0,0,night,pa_7,E6,20.0,4,80.0,4,100.0,50.0,1,1,0,1,980.0,44,8,100.0,117,20.0,0.83,1.0,80.0,80.0,4.0,4.0,980.0,980.0,80.0,80.0,4.0,4.0
437.0,0,7,0,0,night,pa_7,E6,20.0,4,80.0,4,100.0,50.0,1,1,0,1,980.0,44,8,100.0,117,20.0,0.83,1.0,80.0,80.0,4.0,4.0,980.0,980.0,80.0,80.0,4.0,4.0
438.0,0,7,0,0,night,pa_7,E6,20.0,4,80.0,4,100.0,50.0,1,1,0,1,980.0,44,8,100.0,117,20.0,0.83,1.0,80.0,80.0,4.0,4.0,980.0,980.0,80.0,80.0,4.0,4.0
439.0,0,7,0,0,night,pa_7,E6,20.0,4,80.0,4,100.0,50.0,1,1,0,1,980.0,44,8,100.0,117,20.0,0.83,1.0,80.0,80.0,4.0,4.0,980.0,980.0,80.0,80.0,4.0,4.0
440.0,0,7,0,0,night,pa_7,E6,20.0,4,80.0,4,100.0,50.0,1,1,0,1,980.0,44,8,100.0,117,20.0,0.83,1.0,80.0,80.0,4.0,4.0,980.0,980.0,80.0,80.0,4.0,4.0
441.0,0,7,0,0,night,pa_7,E6,20.0,4,80.0,4,100.0,50.0,1,1,0,1,980.0,44,8,100.0,117,20.0,0.83,1.0,80.0,80.0,4.0,4.0,980.0,980.0,80.0,80.0,4.0,4.0
442.0,0,7,0,0,night,pa_7,E6,20.0,4,80.0,4,100.0,50.0,1,1,0,1,980.0,44,9,100.0,117,20.0,0.83,1.0,80.0,80.0,4.0,4.0,980.0,980.0,80.0,80.0,4.0,4.0
443.0,0,7,0,0,night,pa_7,E6,20.0,4,80.0,4,100.0,50.0,1,1,0,1,980.0,44,9,100.0,116,20.0,0.83,1.0,80.0,80.0,4.0,4.0,980.0,980.0,80.0,80.0,4.0,4.0
444.0,0,7,0,0,night,pa_7,E6,20.0,4,80.0,4,100.0,50.0,1,1,0,1,980.0,44,9,100.0,116,20.0,0.83,1.0,80.0,80.0,4.0,4.0,980.0,980.0,80.0,80.0,4.0,4.0
445.0,0,7,0,0,night,pa_7,E6,20.0,4,80.0,4,100.0,50.0,1,1,0,1,980.0,44,10,100.0,116,20.0,0.83,1.0,80.0,80.0,4.0,4.0,980.0,980.0,80.0,80.0,4.0,4.0
446.0,0,7,0,0,night,pa_7,E6,20.0,4,80.0,4,100.0,50.0,1,1,0,1,980.0,44,10,100.0,114,20.0,0.83,1.0,80.0,80.0,4.0,4.0,980.0,980.0,80.0,80.0,4.0,4.0
447.0,0,7,0,0,night,pa_7,E6,20.0,4,80.0,4,100.0,50.0,1,1,0,1,980.0,44,10,100.0,113,20.0,0.83,1.0,80.0,80.0,4.0,4.0,980.0,980.0,80.0,80.0,4.0,4.0
448.0,0,7,0,0,night,pa_7,E6,20.0,4,80.0,4,100.0,50.0,1,1,0,1,980.0,44,10,100.0,113,20.0,0.83,1.0,80.0,80.0,4.0,4.0,980.0,980.0,80.0,80.0,4.0,4.0
449.0,0,7,0,0,night,pa_7,E6,20.0,4,80.0,4,100.0,50.0,1,1,0,1,980.0,44,10,100.0,113,20.0,0.83,1.0,80.0,80.0,4.0,4.0,980.0,980.0,80.0,80.0,4.0,4.0
450.0,0,7,0,0,night,pa_7,E6,20.0,4,80.0,4,100.0,50.0,1,1,0,1,980.0,44,10,100.0,113,20.0,0.83,1.0,80.0,80.0,4.0,4.0,980.0,980.0,80.0,80.0,4.0,4.0
451.0,0,7,0,0,night,pa_7,E6,20.0,4,80.0,4,100.0,50.0,1,1,0,1,980.0,44,10,100.0,113,20.0,0.83,1.0,80.0,80.0,4.0,4.0,980.0,980.0,80.0,80.0,4.0,4.0
452.0,0,7,0,0,night,pa_7,E6,20.0,4,80.0,4,100.0,50.0,1,1,0,1,980.0,44,11,100.0,113,20.0,0.83,1.0,80.0,80.0,4.0,4.0,980.0,980.0,80.0,80.0,4.0,4.0
453.0,0,7,0,0,night,pa_7,E6,20.0,4,80.0,4,100.0,50.0,1,1,0,1,980.0,44,11,100.0,114,20.0,0.83,1.0,80.0,80.0,4.0,4.0,980.0,980.0,80.0,80.0,4.0,4.0
454.0,0,7,0,0,night,pa_7,E6,20.0,4,80.0,4,100.0,50.0,1,1,0,1,980.0,44,11,100.0,114,20.0,0.83,1.0,80.0,80.0,4.0,4.0,980.0,980.0,80.0,80.0,4.0,4.0
455.0,0,7,0,0,night,pa_7,E6,20.0,4,80.0,4,100.0,50.0,1,1,0,1,980.0,44,11,100.0,114,20.0,0.83,1.0,80.0,80.0,4.0,4.0,980.0,980.0,80.0,80.0,4.0,4.0
456.0,0,7,0,0,night,pa_7,E6,20.0,4,80.0,4,100.0,50.0,1,1,0,1,980.0,44,12,100.0,114,20.0,0.83,1.0,80.0,80.0,4.0,4.0,980.0,980.0,80.0,80.0,4.0,4.0
457.0,0,7,0,0,night,pa_7,E6,20.0,4,80.0,4,100.0,100.0,2,2,0,0,980.0,44,14,100.0,114,20.0,1.0,1.0,80.0,80.0,4.0,4.0,980.0,980.0,80.0,80.0,4.0,4.0
458.0,0,7,0,0,night,pa_7,E6,20.0,4,80.0,4,100.0,100.0,2,2,0,0,980.0,44,15,100.0,113,20.0,1.0,1.0,80.0,80.0,4.0,4.0,980.0,980.0,80.0,80.0,4.0,4.0
459.0,0,7,0,0,night,pa_7,E6,20.0,4,80.0,4,100.0,100.0,2,2,0,0,980.0,44,15,100.0,112,20.0,1.0,1.0,80.0,80.0,4.0,4.0,980.0,980.0,80.0,80.0,4.0,4.0
460.0,0,7,0,0,night,pa_7,E6,20.0,4,80.0,4,100.0,100.0,2,2,0,0,980.0,44,15,100.0,112,20.0,1.0,1.0,80.0,80.0,4.0,4.0,980.0,980.0,80.0,80.0,4.0,4.0
461.0,0,7,0,0,night,pa_7,E6,20.0,4,80.0,4,100.0,100.0,2,2,0,0,980.0,44,18,100.0,112,20.0,1.0,1.0,80.0,80.0,4.0,4.0,980.0,980.0,80.0,80.0,4.0,4.0
462.0,0,7,0,0,night,pa_7,E6,20.0,4,80.0,4,100.0,100.0,2,2,0,0,980.0,44,18,100.0,112,20.0,1.0,1.0,80.0,80.0,4.0,4.0,980.0,980.0,80.0,80.0,4.0,4.0
463.0,0,7,0,0,night,pa_7,E6,20.0,4,80.0,4,100.0,100.0,2,2,0,0,980.0,44,18,100.0,113,20.0,1.0,1.0,80.0,80.0,4.0,4.0,980.0,980.0,80.0,80.0,4.0,4.0
464.0,0,7,0,0,night,pa_7,E6,20.0,4,80.0,4,100.0,100.0,2,2,0,0,980.0,44,18,100.0,113,20.0,1.0,1.0,80.0,80.0,4.0,4.0,980.0,980.0,80.0,80.0,4.0,4.0
465.0,0,7,0,0,night,pa_7,E6,20.0,4,80.0,4,100.0,100.0,2,2,0,0,980.0,44,18,100.0,112,20.0,1.0,1.0,80.0,80.0,4.0,4.0,980.0,980.0,80.0,80.0,4.0,4.0
466.0,0,7,0,0,night,pa_7,E6,20.0,4,80.0,4,100.0,100.0,2,2,0,0,980.0,44,18,100.0,111,20.0,1.0,1.0,80.0,80.0,4.0,4.0,980.0,980.0,80.0,80.0,4.0,4.0
467.0,0,7,0,0,night,pa_7,E6,20.0,4,80.0,4,100.0,100.0,2,2,0,0,980.0,44,18,100.0,110,20.0,1.0,1.0,80.0,80.0,4.0,4.0,980.0,980.0,80.0,80.0,4.0,4.0
468.0,0,7,0,0,night,pa_7,E6,20.0,4,80.0,4,100.0,100.0,2,2,0,0,980.0,44,19,100.0,110,20.0,1.0,1.0,80.0,80.0,4.0,4.0,980.0,980.0,80.0,80.0,4.0,4.0
469.0,0,7,0,0,night,pa_7,E6,20.0,4,80.0,4,100.0,100.0,2,2,0,0,980.0,44,19,100.0,110,20.0,1.0,1.0,80.0,80.0,4.0,4.0,980.0,980.0,80.0,80.0,4.0,4.0
470.0,0,7,0,0,night,pa_7,E6,20.0,4,80.0,4,100.0,100.0,2,2,0,0,980.0,44,19,100.0,110,20.0,1.0,1.0,80.0,80.0,4.0,4.0,980.0,980.0,80.0,80.0,4.0,4.0
471.0,0,7,0,0,night,pa_7,E6,20.0,4,80.0,4,100.0,100.0,2,2,0,0,980.0,44,19,100.0,109,20.0,1.0,1.0,80.0,80.0,4.0,4.0,980.0,980.0,80.0,80.0,4.0,4.0
472.0,0,7,0,0,night,pa_7,E6,20.0,4,80.0,4,100.0,100.0,2,2,0,0,980.0,44,19,100.0,108,20.0,1.0,1.0,80.0,80.0,4.0,4.0,980.0,980.0,80.0,80.0,4.0,4.0
473.0,0,7,0,0,night,pa_7,E6,20.0,4,80.0,4,100.0,100.0,2,2,0,0,980.0,44,19,100.0,108,20.0,1.0,1.0,80.0,80.0,4.0,4.0,980.0,980.0,80.0,80.0,4.0,4.0
474.0,0,7,0,0,night,pa_7,E6,20.0,4,80.0,4,100.0,100.0,2,2,0,0,980.0,44,19,100.0,108,20.0,1.0,1.0,80.0,80.0,4.0,4.0,980.0,980.0,80.0,80.0,4.0,4.0
475.0,0,7,0,0,night,pa_7,E6,20.0,4,80.0,4,100.0,100.0,2,2,0,0,980.0,44,20,100.0,108,20.0,1.0,1.0,80.0,80.0,4.0,4.0,980.0,980.0,80.0,80.0,4.0,4.0
476.0,0,7,0,0,night,pa_7,E6,20.0,4,80.0,4,100.0,100.0,2,2,0,0,980.0,44,20,100.0,108,20.0,1.0,1.0,80.0,80.0,4.0,4.0,980.0,980.0,80.0,80.0,4.0,4.0
477.0,0,7,0,0,night,pa_7,E6,20.0,4,80.0,4,100.0,100.0,2,2,0,0,980.0,44,20,100.0,108,20.0,1.0,1.0,80.0,80.0,4.0,4.0,980.0,980.0,80.0,80.0,4.0,4.0
478.0,0,7,0,0,night,pa_7,E6,20.0,4,80.0,4,100.0,100.0,2,2,0,0,980.0,44,21,100.0,107,20.0,1.0,1.0,80.0,80.0,4.0,4.0,980.0,980.0,80.0,80.0,4.0,4.0
479.0,0,7,0,0,night,pa_7,E6,20.0,4,80.0,4,100.0,100.0,2,2,0,0,980.0,44,21,100.0,107,20.0,1.0,1.0,80.0,80.0,4.0,4.0,980.0,980.0,80.0,80.0,4.0,4.0
480.0,0,8,0,0,night,pa_7,E6,20.0,4,80.0,4,100.0,100.0,2,2,0,0,980.0,44,21,100.0,106,20.0,1.0,1.0,80.0,80.0,4.0,4.0,980.0,980.0,80.0,80.0,4.0,4.0
481.0,0,8,0,0,night,pa_7,E6,20.0,4,80.0,4,100.0,100.0,2,2,0,0,980.0,44,21,100.0,110,20.0,1.0,1.0,80.0,80.0,4.0,4.0,980.0,980.0,80.0,80.0,4.0,4.0
482.0,0,8,0,0,night,pa_7,E6,20.0,4,80.0,4,100.0,100.0,2,2,0,0,980.0,44,21,100.0,110,20.0,1.0,1.0,80.0,80.0,4.0,4.0,980.0,980.0,80.0,80.0,4.0,4.0
483.0,0,8,0,0,night,pa_7,E6,20.0,4,80.0,4,100.0,100.0,2,2,0,0,980.0,44,21,100.0,112,20.0,1.0,1.0,80.0,80.0,4.0,4.0,980.0,980.0,80.0,80.0,4.0,4.0
484.0,0,8,0,0,night,pa_7,E6,20.0,4,80.0,4,100.0,100.0,2,2,0,0,980.0,44,21,100.0,112,20.0,1.0,1.0,80.0,80.0,4.0,4.0,980.0,980.0,80.0,80.0,4.0,4.0
485.0,0,8,0,0,night,pa_7,E6,20.0,4,80.0,4,100.0,100.0,2,2,0,0,980.0,44,22,100.0,112,20.0,1.0,1.0,80.0,80.0,4.0,4.0,980.0,980.0,80.0,80.0,4.0,4.0
486.0,0,8,0,0,night,pa_7,E6,20.0,4,80.0,4,100.0,100.0,2,2,0,0,980.0,44,22,100.0,113,20.0,1.0,1.0,80.0,80.0,4.0,4.0,980.0,980.0,80.0,80.0,4.0,4.0
487.0,0,8,0,0,night,pa_7,E6,20.0,4,80.0,4,100.0,100.0,2,2,0,0,980.0,44,22,100.0,112,20.0,1.0,1.0,80.0,80.0,4.0,4.0,980.0,980.0,80.0,80.0,4.0,4.0
488.0,0,8,0,0,night,pa_7,E6,20.0,4,80.0,4,100.0,150.0,3,3,0,-1,980.0,44,23,100.0,113,20.0,1.17,1.0,80.0,80.0,4.0,4.0,980.0,980.0,80.0,80.0,4.0,4.0
489.0,0,8,0,0,night,pa_7,E6,20.0,4,80.0,4,100.0,150.0,3,3,0,-1,980.0,44,23,100.0,113,20.0,1.17,1.0,80.0,80.0,4.0,4.0,980.0,980.0,80.0,80.0,4.0,4.0
490.0,0,8,0,0,night,pa_7,E6,20.0,4,80.0,4,100.0,150.0,3,3,0,-1,980.0,44,23,100.0,113,20.0,1.17,1.0,80.0,80.0,4.0,4.0,980.0,980.0,80.0,80.0,4.0,4.0
491.0,0,8,0,0,night,pa_7,E6,20.0,4,80.0,4,100.0,150.0,3,3,0,-1,980.0,44,23,100.0,113,20.0,1.17,1.0,80.0,80.0,4.0,4.0,980.0,980.0,80.0,80.0,4.0,4.0
492.0,0,8,0,0,night,pa_7,E6,20.0,4,80.0,4,100.0,150.0,3,3,0,-1,980.0,44,23,100.0,113,20.0,1.17,1.0,80.0,80.0,4.0,4.0,980.0,980.0,80.0,80.0,4.0,4.0
493.0,0,8,0,0,night,pa_7,E6,20.0,4,80.0,4,100.0,150.0,3,3,0,-1,980.0,44,24,100.0,113,20.0,1.17,1.0,80.0,80.0,4.0,4.0,980.0,980.0,80.0,80.0,4.0,4.0
494.0,0,8,0,0,night,pa_7,E6,20.0,4,80.0,4,100.0,150.0,3,3,0,-1,980.0,44,24,100.0,113,20.0,1.17,1.0,80.0,80.0,4.0,4.0,980.0,980.0,80.0,80.0,4.0,4.0
495.0,0,8,0,0,night,pa_7,E6,20.0,4,80.0,4,100.0,150.0,3,3,0,-1,980.0,44,24,100.0,113,20.0,1.17,1.0,80.0,80.0,4.0,4.0,980.0,980.0,80.0,80.0,4.0,4.0
496.0,0,8,0,0,night,pa_7,E6,20.0,4,80.0,4,100.0,150.0,3,3,0,-1,980.0,44,25,100.0,113,20.0,1.17,1.0,80.0,80.0,4.0,4.0,980.0,980.0,80.0,80.0,4.0,4.0
497.0,0,8,0,0,night,pa_7,E6,20.0,4,80.0,4,100.0,150.0,3,3,0,-1,980.0,44,26,100.0,113,20.0,1.17,1.0,80.0,80.0,4.0,4.0,980.0,980.0,80.0,80.0,4.0,4.0
498.0,0,8,0,0,night,pa_7,E6,20.0,4,80.0,4,100.0,150.0,3,3,0,-1,980.0,44,27,100.0,112,20.0,1.17,1.0,80.0,80.0,4.0,4.0,980.0,980.0,80.0,80.0,4.0,4.0
499.0,0,8,0,0,night,pa_7,E6,20.0,4,80.0,4,100.0,150.0,3,3,0,-1,980.0,44,27,100.0,112,20.0,1.17,1.0,80.0,80.0,4.0,4.0,980.0,980.0,80.0,80.0,4.0,4.0
500.0,0,8,0,0,night,pa_7,E6,20.0,4,80.0,4,100.0,150.0,3,3,0,-1,980.0,44,27,100.0,112,20.0,1.17,1.0,80.0,80.0,4.0,4.0,980.0,980.0,80.0,80.0,4.0,4.0
501.0,0,8,0,0,night,pa_7,E6,20.0,4,80.0,4,100.0,150.0,3,3,0,-1,980.0,44,27,100.0,111,20.0,1.17,1.0,80.0,80.0,4.0,4.0,980.0,980.0,80.0,80.0,4.0,4.0
502.0,0,8,0,0,night,pa_7,E6,20.0,4,80.0,4,100.0,150.0,3,3,0,-1,980.0,44,27,100.0,110,20.0,1.17,1.0,80.0,80.0,4.0,4.0,980.0,980.0,80.0,80.0,4.0,4.0
503.0,0,8,0,0,night,pa_7,E6,20.0,4,80.0,4,100.0,150.0,3,3,0,-1,980.0,44,27,100.0,110,20.0,1.17,1.0,80.0,80.0,4.0,4.0,980.0,980.0,80.0,80.0,4.0,4.0
504.0,0,8,0,0,night,pa_7,E6,20.0,4,80.0,4,100.0,150.0,3,3,0,-1,980.0,44,27,100.0,110,20.0,1.17,1.0,80.0,80.0,4.0,4.0,980.0,980.0,80.0,80.0,4.0,4.0
505.0,0,8,0,0,night,pa_7,E6,20.0,4,80.0,4,100.0,150.0,3,3,0,-1,980.0,44,27,100.0,112,20.0,1.17,1.0,80.0,80.0,4.0,4.0,980.0,980.0,80.0,80.0,4.0,4.0
506.0,0,8,0,0,night,pa_7,E6,20.0,4,80.0,4,100.0,150.0,3,3,0,-1,980.0,44,27,100.0,112,20.0,1.17,1.0,80.0,80.0,4.0,4.0,980.0,980.0,80.0,80.0,4.0,4.0
507.0,0,8,0,0,night,pa_7,E6,20.0,4,80.0,4,100.0,150.0,3,3,0,-1,980.0,44,27,100.0,112,20.0,1.17,1.0,80.0,80.0,4.0,4.0,980.0,980.0,80.0,80.0,4.0,4.0
508.0,0,8,0,0,night,pa_7,E6,20.0,4,80.0,4,100.0,150.0,3,3,0,-1,980.0,44,27,100.0,112,20.0,1.17,1.0,80.0,80.0,4.0,4.0,980.0,980.0,80.0,80.0,4.0,4.0
509.0,0,8,0,0,night,pa_7,E6,20.0,4,80.0,4,100.0,150.0,3,3,0,-1,980.0,44,27,100.0,112,20.0,1.17,1.0,80.0,80.0,4.0,4.0,980.0,980.0,80.0,80.0,4.0,4.0
510.0,0,8,0,0,night,pa_7,E6,20.0,4,80.0,4,100.0,150.0,3,3,0,-1,980.0,44,27,100.0,112,20.0,1.17,1.0,80.0,80.0,4.0,4.0,980.0,980.0,80.0,80.0,4.0,4.0
511.0,0,8,0,0,night,pa_7,E6,20.0,4,80.0,4,100.0,150.0,3,3,0,-1,980.0,44,27,100.0,111,20.0,1.17,1.0,80.0,80.0,4.0,4.0,980.0,980.0,80.0,80.0,4.0,4.0
512.0,0,8,0,0,night,pa_7,E6,20.0,4,80.0,4,100.0,150.0,3,3,0,-1,980.0,44,28,100.0,111,20.0,1.17,1.0,80.0,80.0,4.0,4.0,980.0,980.0,80.0,80.0,4.0,4.0
513.0,0,8,0,0,night,pa_7,E6,20.0,4,80.0,4,100.0,150.0,3,3,0,-1,980.0,44,28,100.0,111,20.0,1.17,1.0,80.0,80.0,4.0,4.0,980.0,980.0,80.0,80.0,4.0,4.0
514.0,0,8,0,0,night,pa_7,E6,20.0,4,80.0,4,100.0,150.0,3,3,0,-1,980.0,44,28,100.0,111,20.0,1.17,1.0,80.0,80.0,4.0,4.0,980.0,980.0,80.0,80.0,4.0,4.0
515.0,0,8,0,0,night,pa_7,E6,20.0,4,80.0,4,100.0,150.0,3,3,0,-1,980.0,44,28,100.0,115,20.0,1.17,1.0,80.0,80.0,4.0,4.0,980.0,980.0,80.0,80.0,4.0,4.0
516.0,0,8,0,0,night,pa_7,E6,20.0,4,80.0,4,100.0,150.0,3,3,0,-1,980.0,44,28,100.0,115,20.0,1.17,1.0,80.0,80.0,4.0,4.0,980.0,980.0,80.0,80.0,4.0,4.0
517.0,0,8,0,0,night,pa_7,E6,20.0,4,80.0,4,100.0,150.0,3,3,0,-1,980.0,44,28,100.0,115,20.0,1.17,1.0,80.0,80.0,4.0,4.0,980.0,980.0,80.0,80.0,4.0,4.0
518.0,0,8,0,0,night,pa_7,E6,20.0,4,80.0,4,100.0,150.0,3,3,0,-1,980.0,44,28,100.0,114,20.0,1.17,1.0,80.0,80.0,4.0,4.0,980.0,980.0,80.0,80.0,4.0,4.0
519.0,0,8,0,0,night,pa_7,E6,20.0,4,80.0,4,100.0,150.0,3,3,0,-1,980.0,44,28,100.0,114,20.0,1.17,1.0,80.0,80.0,4.0,4.0,980.0,980.0,80.0,80.0,4.0,4.0
520.0,0,8,0,0,night,pa_7,E6,20.0,4,80.0,4,100.0,150.0,3,3,0,-1,980.0,44,28,100.0,114,20.0,1.17,1.0,80.0,80.0,4.0,4.0,980.0,980.0,80.0,80.0,4.0,4.0
521.0,0,8,0,0,night,pa_7,E6,20.0,4,80.0,4,100.0,150.0,3,3,0,-1,980.0,44,28,100.0,115,20.0,1.17,1.0,80.0,80.0,4.0,4.0,980.0,980.0,80.0,80.0,4.0,4.0
522.0,0,8,0,0,night,pa_7,E6,20.0,4,80.0,4,100.0,150.0,3,3,0,-1,980.0,44,28,100.0,115,20.0,1.17,1.0,80.0,80.0,4.0,4.0,980.0,980.0,80.0,80.0,4.0,4.0
523.0,0,8,0,0,night,pa_7,E6,20.0,4,80.0,4,100.0,150.0,3,3,0,-1,980.0,44,28,100.0,115,20.0,1.17,1.0,80.0,80.0,4.0,4.0,980.0,980.0,80.0,80.0,4.0,4.0
524.0,0,8,0,0,night,pa_7,E6,20.0,4,80.0,4,100.0,150.0,3,3,0,-1,980.0,44,28,100.0,115,20.0,1.17,1.0,80.0,80.0,4.0,4.0,980.0,980.0,80.0,80.0,4.0,4.0
525.0,0,8,0,0,night,pa_7,E6,20.0,4,80.0,4,100.0,150.0,3,3,0,-1,980.0,44,29,100.0,115,20.0,1.17,1.0,80.0,80.0,4.0,4.0,980.0,980.0,80.0,80.0,4.0,4.0
526.0,0,8,0,0,night,pa_7,E6,20.0,4,80.0,4,100.0,150.0,3,3,0,-1,980.0,44,29,100.0,115,20.0,1.17,1.0,80.0,80.0,4.0,4.0,980.0,980.0,80.0,80.0,4.0,4.0
527.0,0,8,0,0,night,pa_7,E6,20.0,4,80.0,4,100.0,150.0,3,3,0,-1,980.0,44,29,100.0,114,20.0,1.17,1.0,80.0,80.0,4.0,4.0,980.0,980.0,80.0,80.0,4.0,4.0
528.0,0,8,0,0,night,pa_7,E6,20.0,4,80.0,4,100.0,150.0,3,3,0,-1,980.0,44,29,100.0,114,20.0,1.17,1.0,80.0,80.0,4.0,4.0,980.0,980.0,80.0,80.0,4.0,4.0
529.0,0,8,0,0,night,pa_7,E6,20.0,4,80.0,4,100.0,150.0,3,3,0,-1,980.0,44,29,100.0,114,20.0,1.17,1.0,80.0,80.0,4.0,4.0,980.0,980.0,80.0,80.0,4.0,4.0
530.0,0,8,0,0,night,pa_7,E6,20.0,4,80.0,4,100.0,150.0,3,3,0,-1,980.0,44,29,100.0,113,20.0,1.17,1.0,80.0,80.0,4.0,4.0,980.0,980.0,80.0,80.0,4.0,4.0
531.0,0,8,0,0,night,pa_7,E6,20.0,4,80.0,4,100.0,150.0,3,3,0,-1,980.0,44,29,100.0,113,20.0,1.17,1.0,80.0,80.0,4.0,4.0,980.0,980.0,80.0,80.0,4.0,4.0
532.0,0,8,0,0,night,pa_7,E6,20.0,4,80.0,4,100.0,150.0,3,3,0,-1,980.0,44,29,100.0,113,20.0,1.17,1.0,80.0,80.0,4.0,4.0,980.0,980.0,80.0,80.0,4.0,4.0
533.0,0,8,0,0,night,pa_7,E6,20.0,4,80.0,4,100.0,150.0,3,3,0,-1,980.0,44,30,100.0,113,20.0,1.17,1.0,80.0,80.0,4.0,4.0,980.0,980.0,80.0,80.0,4.0,4.0
534.0,0,8,0,0,night,pa_7,E6,20.0,4,80.0,4,100.0,150.0,3,3,0,-1,980.0,44,30,100.0,113,20.0,1.17,1.0,80.0,80.0,4.0,4.0,980.0,980.0,80.0,80.0,4.0,4.0
535.0,0,8,0,0,night,pa_7,E6,20.0,4,80.0,4,100.0,150.0,3,3,0,-1,980.0,44,30,100.0,112,20.0,1.17,1.0,80.0,80.0,4.0,4.0,980.0,980.0,80.0,80.0,4.0,4.0
536.0,0,8,0,0,night,pa_7,E6,20.0,4,80.0,4,100.0,150.0,3,3,0,-1,980.0,44,30,100.0,112,20.0,1.17,1.0,80.0,80.0,4.0,4.0,980.0,980.0,80.0,80.0,4.0,4.0
537.0,0,8,0,0,night,pa_7,E6,20.0,4,80.0,4,100.0,150.0,3,3,0,-1,980.0,44,30,100.0,112,20.0,1.17,1.0,80.0,80.0,4.0,4.0,980.0,980.0,80.0,80.0,4.0,4.0
538.0,0,8,0,0,night,pa_7,E6,20.0,4,80.0,4,100.0,150.0,3,3,0,-1,980.0,44,30,100.0,112,20.0,1.17,1.0,80.0,80.0,4.0,4.0,980.0,980.0,80.0,80.0,4.0,4.0
539.0,0,8,0,0,night,pa_7,E6,20.0,4,80.0,4,100.0,150.0,3,3,0,-1,980.0,44,30,100.0,112,20.0,1.17,1.0,80.0,80.0,4.0,4.0,980.0,980.0,80.0,80.0,4.0,4.0
540.0,0,9,0,0,night,pa_7,E6,20.0,4,80.0,4,100.0,150.0,3,3,0,-1,980.0,44,31,100.0,112,20.0,1.17,1.0,80.0,80.0,4.0,4.0,980.0,980.0,80.0,80.0,4.0,4.0
541.0,0,9,0,0,night,pa_7,E6,20.0,4,80.0,4,100.0,150.0,3,3,0,-1,980.0,44,31,100.0,115,20.0,1.17,1.0,80.0,80.0,4.0,4.0,980.0,980.0,80.0,80.0,4.0,4.0
542.0,0,9,0,0,night,pa_7,E6,20.0,4,80.0,4,100.0,150.0,3,3,0,-1,980.0,44,31,100.0,115,20.0,1.17,1.0,80.0,80.0,4.0,4.0,980.0,980.0,80.0,80.0,4.0,4.0
543.0,0,9,0,0,night,pa_7,E6,20.0,4,80.0,4,100.0,150.0,3,3,0,-1,980.0,44,32,100.0,117,20.0,1.17,1.0,80.0,80.0,4.0,4.0,980.0,980.0,80.0,80.0,4.0,4.0
544.0,0,9,0,0,night,pa_7,E6,20.0,4,80.0,4,100.0,150.0,3,3,0,-1,980.0,44,32,100.0,117,20.0,1.17,1.0,80.0,80.0,4.0,4.0,980.0,980.0,80.0,80.0,4.0,4.0
545.0,0,9,0,0,night,pa_7,E6,20.0,4,80.0,4,100.0,150.0,3,3,0,-1,980.0,44,32,100.0,117,20.0,1.17,1.0,80.0,80.0,4.0,4.0,980.0,980.0,80.0,80.0,4.0,4.0
546.0,0,9,0,0,night,pa_7,E6,20.0,4,80.0,4,100.0,150.0,3,3,0,-1,980.0,44,32,100.0,117,20.0,1.17,1.0,80.0,80.0,4.0,4.0,980.0,980.0,80.0,80.0,4.0,4.0
547.0,0,9,0,0,night,pa_7,E6,20.0,4,80.0,4,100.0,150.0,3,3,0,-1,980.0,44,32,100.0,118,20.0,1.17,1.0,80.0,80.0,4.0,4.0,980.0,980.0,80.0,80.0,4.0,4.0
548.0,0,9,0,0,night,pa_7,E6,20.0,4,80.0,4,100.0,200.0,4,4,0,-2,980.0,44,34,100.0,117,20.0,1.33,1.0,80.0,80.0,4.0,4.0,980.0,980.0,80.0,80.0,4.0,4.0
549.0,0,9,0,0,night,pa_7,E6,20.0,4,80.0,4,100.0,200.0,4,4,0,-2,980.0,44,35,100.0,116,20.0,1.33,1.0,80.0,80.0,4.0,4.0,980.0,980.0,80.0,80.0,4.0,4.0
550.0,0,9,0,0,night,pa_7,E6,20.0,4,80.0,4,100.0,200.0,4,4,0,-2,980.0,44,39,100.0,116,20.0,1.33,1.0,80.0,80.0,4.0,4.0,980.0,980.0,80.0,80.0,4.0,4.0
551.0,0,9,0,0,night,pa_7,E6,20.0,4,80.0,4,100.0,200.0,4,4,0,-2,980.0,44,39,100.0,116,20.0,1.33,1.0,80.0,80.0,4.0,4.0,980.0,980.0,80.0,80.0,4.0,4.0
552.0,0,9,0,0,night,pa_7,E6,20.0,4,80.0,4,100.0,200.0,4,4,0,-2,980.0,44,40,100.0,116,20.0,1.33,1.0,80.0,80.0,4.0,4.0,980.0,980.0,80.0,80.0,4.0,4.0
553.0,0,9,0,0,night,pa_7,E6,20.0,4,80.0,4,100.0,200.0,4,4,0,-2,980.0,44,40,100.0,116,20.0,1.33,1.0,80.0,80.0,4.0,4.0,980.0,980.0,80.0,80.0,4.0,4.0
554.0,0,9,0,0,night,pa_7,E6,20.0,4,80.0,4,100.0,200.0,4,4,0,-2,980.0,44,40,100.0,116,20.0,1.33,1.0,80.0,80.0,4.0,4.0,980.0,980.0,80.0,80.0,4.0,4.0
555.0,0,9,0,0,night,pa_7,E6,20.0,4,80.0,4,100.0,200.0,4,4,0,-2,980.0,44,40,100.0,115,20.0,1.33,1.0,80.0,80.0,4.0,4.0,980.0,980.0,80.0,80.0,4.0,4.0
556.0,0,9,0,0,night,pa_7,E6,20.0,4,80.0,4,100.0,200.0,4,4,0,-2,980.0,44,40,100.0,115,20.0,1.33,1.0,80.0,80.0,4.0,4.0,980.0,980.0,80.0,80.0,4.0,4.0
557.0,0,9,0,0,night,pa_7,E6,20.0,4,80.0,4,100.0,200.0,4,4,0,-2,980.0,44,40,100.0,114,20.0,1.33,1.0,80.0,80.0,4.0,4.0,980.0,980.0,80.0,80.0,4.0,4.0
558.0,0,9,0,0,night,pa_7,E6,20.0,4,80.0,4,100.0,200.0,4,4,0,-2,980.0,44,40,100.0,114,20.0,1.33,1.0,80.0,80.0,4.0,4.0,980.0,980.0,80.0,80.0,4.0,4.0
559.0,0,9,0,0,night,pa_7,E6,20.0,4,80.0,4,100.0,200.0,4,4,0,-2,980.0,44,40,100.0,113,20.0,1.33,1.0,80.0,80.0,4.0,4.0,980.0,980.0,80.0,80.0,4.0,4.0
560.0,0,9,0,0,night,pa_7,E6,20.0,4,80.0,4,100.0,200.0,4,4,0,-2,980.0,44,40,100.0,113,20.0,1.33,1.0,80.0,80.0,4.0,4.0,980.0,980.0,80.0,80.0,4.0,4.0
561.0,0,9,0,0,night,pa_7,E6,20.0,4,80.0,4,100.0,200.0,4,4,0,-2,980.0,44,41,100.0,115,20.0,1.33,1.0,80.0,80.0,4.0,4.0,980.0,980.0,80.0,80.0,4.0,4.0
562.0,0,9,0,0,night,pa_7,E6,20.0,4,80.0,4,100.0,200.0,4,4,0,-2,980.0,44,41,100.0,115,20.0,1.33,1.0,80.0,80.0,4.0,4.0,980.0,980.0,80.0,80.0,4.0,4.0
563.0,0,9,0,0,night,pa_7,E6,20.0,4,80.0,4,100.0,200.0,4,4,0,-2,980.0,44,41,100.0,115,20.0,1.33,1.0,80.0,80.0,4.0,4.0,980.0,980.0,80.0,80.0,4.0,4.0
564.0,0,9,0,0,night,pa_7,E6,20.0,4,80.0,4,100.0,200.0,4,4,0,-2,980.0,44,41,100.0,114,20.0,1.33,1.0,80.0,80.0,4.0,4.0,980.0,980.0,80.0,80.0,4.0,4.0
565.0,0,9,0,0,night,pa_7,E6,20.0,4,80.0,4,100.0,200.0,4,4,0,-2,980.0,44,42,100.0,114,20.0,1.33,1.0,80.0,80.0,4.0,4.0,980.0,980.0,80.0,80.0,4.0,4.0
566.0,0,9,0,0,night,pa_7,E6,20.0,4,80.0,4,100.0,200.0,4,4,0,-2,980.0,44,42,100.0,116,20.0,1.33,1.0,80.0,80.0,4.0,4.0,980.0,980.0,80.0,80.0,4.0,4.0
567.0,0,9,0,0,night,pa_7,E6,20.0,4,80.0,4,100.0,200.0,4,4,0,-2,980.0,44,42,100.0,116,20.0,1.33,1.0,80.0,80.0,4.0,4.0,980.0,980.0,80.0,80.0,4.0,4.0
568.0,0,9,0,0,night,pa_7,E6,20.0,4,80.0,4,100.0,200.0,4,4,0,-2,980.0,44,42,100.0,116,20.0,1.33,1.0,80.0,80.0,4.0,4.0,980.0,980.0,80.0,80.0,4.0,4.0
569.0,0,9,0,0,night,pa_7,E6,20.0,4,80.0,4,100.0,200.0,4,4,0,-2,980.0,44,42,100.0,114,20.0,1.33,1.0,80.0,80.0,4.0,4.0,980.0,980.0,80.0,80.0,4.0,4.0
570.0,0,9,0,0,night,pa_7,E6,20.0,4,80.0,4,100.0,200.0,4,4,0,-2,980.0,44,42,100.0,114,20.0,1.33,1.0,80.0,80.0,4.0,4.0,980.0,980.0,80.0,80.0,4.0,4.0
571.0,0,9,0,0,night,pa_7,E6,20.0,4,80.0,4,100.0,200.0,4,4,0,-2,980.0,44,42,100.0,114,20.0,1.33,1.0,80.0,80.0,4.0,4.0,980.0,980.0,80.0,80.0,4.0,4.0
572.0,0,9,0,0,night,pa_7,E6,20.0,4,80.0,4,100.0,200.0,4,4,0,-2,980.0,44,42,100.0,114,20.0,1.33,1.0,80.0,80.0,4.0,4.0,980.0,980.0,80.0,80.0,4.0,4.0
573.0,0,9,0,0,night,pa_7,E6,20.0,4,80.0,4,100.0,200.0,4,4,0,-2,980.0,44,42,100.0,112,20.0,1.33,1.0,80.0,80.0,4.0,4.0,980.0,980.0,80.0,80.0,4.0,4.0
574.0,0,9,0,0,night,pa_7,E6,20.0,4,80.0,4,100.0,200.0,4,4,0,-2,980.0,44,42,100.0,112,20.0,1.33,1.0,80.0,80.0,4.0,4.0,980.0,980.0,80.0,80.0,4.0,4.0
575.0,0,9,0,0,night,pa_7,E6,20.0,4,80.0,4,100.0,200.0,4,4,0,-2,980.0,44,42,100.0,111,20.0,1.33,1.0,80.0,80.0,4.0,4.0,980.0,980.0,80.0,80.0,4.0,4.0
576.0,0,9,0,0,night,pa_7,E6,20.0,4,80.0,4,100.0,200.0,4,4,0,-2,980.0,44,42,100.0,110,20.0,1.33,1.0,80.0,80.0,4.0,4.0,980.0,980.0,80.0,80.0,4.0,4.0
577.0,0,9,0,0,night,pa_7,E6,20.0,4,80.0,4,100.0,200.0,4,4,0,-2,980.0,44,42,100.0,114,20.0,1.33,1.0,80.0,80.0,4.0,4.0,980.0,980.0,80.0,80.0,4.0,4.0
578.0,0,9,0,0,night,pa_7,E6,20.0,4,80.0,4,100.0,200.0,4,4,0,-2,980.0,44,42,100.0,114,20.0,1.33,1.0,80.0,80.0,4.0,4.0,980.0,980.0,80.0,80.0,4.0,4.0
579.0,0,9,0,0,night,pa_7,E6,20.0,4,80.0,4,100.0,200.0,4,4,0,-2,980.0,44,42,100.0,114,20.0,1.33,1.0,80.0,80.0,4.0,4.0,980.0,980.0,80.0,80.0,4.0,4.0
580.0,0,9,0,0,night,pa_7,E6,20.0,4,80.0,4,100.0,200.0,4,4,0,-2,980.0,44,42,100.0,114,20.0,1.33,1.0,80.0,80.0,4.0,4.0,980.0,980.0,80.0,80.0,4.0,4.0
581.0,0,9,0,0,night,pa_7,E6,20.0,4,80.0,4,100.0,200.0,4,4,0,-2,980.0,44,42,100.0,114,20.0,1.33,1.0,80.0,80.0,4.0,4.0,980.0,980.0,80.0,80.0,4.0,4.0
582.0,0,9,0,0,night,pa_7,E6,20.0,4,80.0,4,100.0,250.0,5,5,0,-3,980.0,44,43,100.0,114,20.0,1.5,1.0,80.0,80.0,4.0,4.0,980.0,980.0,80.0,80.0,4.0,4.0
583.0,0,9,0,0,night,pa_7,E6,20.0,4,80.0,4,100.0,250.0,5,5,0,-3,980.0,44,43,100.0,114,20.0,1.5,1.0,80.0,80.0,4.0,4.0,980.0,980.0,80.0,80.0,4.0,4.0
584.0,0,9,0,0,night,pa_7,E6,20.0,4,80.0,4,100.0,250.0,5,5,0,-3,980.0,44,43,100.0,113,20.0,1.5,1.0,80.0,80.0,4.0,4.0,980.0,980.0,80.0,80.0,4.0,4.0
585.0,0,9,0,0,night,pa_7,E6,20.0,4,80.0,4,100.0,250.0,5,5,0,-3,980.0,44,43,100.0,113,20.0,1.5,1.0,80.0,80.0,4.0,4.0,980.0,980.0,80.0,80.0,4.0,4.0
586.0,0,9,0,0,night,pa_7,E6,20.0,4,80.0,4,100.0,250.0,5,5,0,-3,980.0,44,43,100.0,114,20.0,1.5,1.0,80.0,80.0,4.0,4.0,980.0,980.0,80.0,80.0,4.0,4.0
587.0,0,9,0,0,night,pa_7,E6,20.0,4,80.0,4,100.0,250.0,5,5,0,-3,980.0,44,44,100.0,114,20.0,1.5,1.0,80.0,80.0,4.0,4.0,980.0,980.0,80.0,80.0,4.0,4.0
588.0,0,9,0,0,night,pa_7,E6,20.0,4,80.0,4,100.0,250.0,5,5,0,-3,980.0,44,44,100.0,113,20.0,1.5,1.0,80.0,80.0,4.0,4.0,980.0,980.0,80.0,80.0,4.0,4.0
589.0,0,9,0,0,night,pa_7,E6,20.0,4,80.0,4,100.0,250.0,5,5,0,-3,980.0,44,44,100.0,113,20.0,1.5,1.0,80.0,80.0,4.0,4.0,980.0,980.0,80.0,80.0,4.0,4.0
590.0,0,9,0,0,night,pa_7,E6,20.0,4,80.0,4,100.0,250.0,5,5,0,-3,980.0,44,44,100.0,113,20.0,1.5,1.0,80.0,80.0,4.0,4.0,980.0,980.0,80.0,80.0,4.0,4.0
591.0,0,9,0,0,night,pa_7,E6,20.0,4,80.0,4,100.0,250.0,5,5,0,-3,980.0,44,44,100.0,113,20.0,1.5,1.0,80.0,80.0,4.0,4.0,980.0,980.0,80.0,80.0,4.0,4.0
592.0,0,9,0,0,night,pa_7,E6,20.0,4,80.0,4,100.0,250.0,5,5,0,-3,980.0,44,44,100.0,113,20.0,1.5,1.0,80.0,80.0,4.0,4.0,980.0,980.0,80.0,80.0,4.0,4.0
593.0,0,9,0,0,night,pa_7,E6,20.0,4,80.0,4,100.0,250.0,5,5,0,-3,980.0,44,44,100.0,113,20.0,1.5,1.0,80.0,80.0,4.0,4.0,980.0,980.0,80.0,80.0,4.0,4.0
594.0,0,9,0,0,night,pa_7,E6,20.0,4,80.0,4,100.0,250.0,5,5,0,-3,980.0,44,44,100.0,113,20.0,1.5,1.0,80.0,80.0,4.0,4.0,980.0,980.0,80.0,80.0,4.0,4.0
595.0,0,9,0,0,night,pa_7,E6,20.0,4,80.0,4,100.0,250.0,5,5,0,-3,980.0,44,44,100.0,113,20.0,1.5,1.0,80.0,80.0,4.0,4.0,980.0,980.0,80.0,80.0,4.0,4.0
596.0,0,9,0,0,night,pa_7,E6,20.0,4,80.0,4,100.0,250.0,5,5,0,-3,980.0,44,44,100.0,113,20.0,1.5,1.0,80.0,80.0,4.0,4.0,980.0,980.0,80.0,80.0,4.0,4.0
597.0,0,9,0,0,night,pa_7,E6,20.0,4,80.0,4,100.0,250.0,5,5,0,-3,980.0,44,44,100.0,113,20.0,1.5,1.0,80.0,80.0,4.0,4.0,980.0,980.0,80.0,80.0,4.0,4.0
598.0,0,9,0,0,night,pa_7,E6,20.0,4,80.0,4,100.0,250.0,5,5,0,-3,980.0,44,44,100.0,111,20.0,1.5,1.0,80.0,80.0,4.0,4.0,980.0,980.0,80.0,80.0,4.0,4.0
599.0,0,9,0,0,night,pa_7,E6,20.0,4,80.0,4,100.0,250.0,5,5,0,-3,980.0,44,45,100.0,111,20.0,1.5,1.0,80.0,80.0,4.0,4.0,980.0,980.0,80.0,80.0,4.0,4.0
600.0,0,10,0,0,night,pa_7,E6,20.0,4,80.0,4,100.0,250.0,5,5,0,-3,980.0,44,45,100.0,110,20.0,1.5,1.0,80.0,80.0,4.0,4.0,980.0,980.0,80.0,80.0,4.0,4.0
1.0,0,0,0,0,night,pa_7_rev,-E6,20.0,4,0.0,0,0.0,0.0,0,0,4,2,0.0,0,0,0.0,8,0.0,0.0,0.0,0.0,0.0,0.0,0.0,0.0,0.0,0.0,0.0,0.0,0.0
2.0,0,0,0,0,night,pa_7_rev,-E6,20.0,4,0.0,0,0.0,0.0,0,0,4,2,0.0,0,0,0.0,8,0.0,0.0,0.0,0.0,0.0,0.0,0.0,0.0,0.0,0.0,0.0,0.0,0.0
3.0,0,0,0,0,night,pa_7_rev,-E6,20.0,4,0.0,0,0.0,0.0,0,0,4,2,0.0,0,0,0.0,12,0.0,0.0,0.0,0.0,0.0,0.0,0.0,0.0,0.0,0.0,0.0,0.0,0.0
4.0,0,0,0,0,night,pa_7_rev,-E6,20.0,4,0.0,0,0.0,0.0,0,0,4,2,0.0,0,0,0.0,14,0.0,0.0,0.0,0.0,0.0,0.0,0.0,0.0,0.0,0.0,0.0,0.0,0.0
5.0,0,0,0,0,night,pa_7_rev,-E6,20.0,4,0.0,0,0.0,0.0,0,0,4,2,0.0,0,0,0.0,14,0.0,0.0,0.0,0.0,0.0,0.0,0.0,0.0,0.0,0.0,0.0,0.0,0.0
6.0,0,0,0,0,night,pa_7_rev,-E6,20.0,4,0.0,0,0.0,0.0,0,0,4,2,0.0,0,0,0.0,16,0.0,0.0,0.0,0.0,0.0,0.0,0.0,0.0,0.0,0.0,0.0,0.0,0.0
7.0,0,0,0,0,night,pa_7_rev,-E6,20.0,4,0.0,0,0.0,0.0,0,0,4,2,0.0,0,0,0.0,17,0.0,0.0,0.0,0.0,0.0,0.0,0.0,0.0,0.0,0.0,0.0,0.0,0.0
8.0,0,0,0,0,night,pa_7_rev,-E6,20.0,4,0.0,0,0.0,0.0,0,0,4,2,0.0,0,0,0.0,18,0.0,0.0,0.0,0.0,0.0,0.0,0.0,0.0,0.0,0.0,0.0,0.0,0.0
9.0,0,0,0,0,night,pa_7_rev,-E6,20.0,4,0.0,0,0.0,0.0,0,0,4,2,0.0,0,0,0.0,18,0.0,0.0,0.0,0.0,0.0,0.0,0.0,0.0,0.0,0.0,0.0,0.0,0.0
10.0,0,0,0,0,night,pa_7_rev,-E6,20.0,4,0.0,0,0.0,0.0,0,0,4,2,0.0,0,0,0.0,20,0.0,0.0,0.0,0.0,0.0,0.0,0.0,0.0,0.0,0.0,0.0,0.0,0.0
11.0,0,0,0,0,night,pa_7_rev,-E6,20.0,4,0.0,0,0.0,0.0,0,0,4,2,0.0,0,0,0.0,20,0.0,0.0,0.0,0.0,0.0,0.0,0.0,0.0,0.0,0.0,0.0,0.0,0.0
12.0,0,0,0,0,night,pa_7_rev,-E6,20.0,4,0.0,0,0.0,0.0,0,0,4,2,0.0,0,0,0.0,20,0.0,0.0,0.0,0.0,0.0,0.0,0.0,0.0,0.0,0.0,0.0,0.0,0.0
13.0,0,0,0,0,night,pa_7_rev,-E6,20.0,4,0.0,0,0.0,0.0,0,0,4,2,0.0,0,0,0.0,20,0.0,0.0,0.0,0.0,0.0,0.0,0.0,0.0,0.0,0.0,0.0,0.0,0.0
14.0,0,0,0,0,night,pa_7_rev,-E6,20.0,4,0.0,0,0.0,0.0,0,0,4,2,0.0,0,0,0.0,22,0.0,0.0,0.0,0.0,0.0,0.0,0.0,0.0,0.0,0.0,0.0,0.0,0.0
15.0,0,0,0,0,night,pa_7_rev,-E6,20.0,4,0.0,0,0.0,0.0,0,0,4,2,0.0,0,0,0.0,22,0.0,0.0,0.0,0.0,0.0,0.0,0.0,0.0,0.0,0.0,0.0,0.0,0.0
16.0,0,0,0,0,night,pa_7_rev,-E6,20.0,4,0.0,0,0.0,0.0,0,0,4,2,0.0,0,0,0.0,22,0.0,0.0,0.0,0.0,0.0,0.0,0.0,0.0,0.0,0.0,0.0,0.0,0.0
17.0,0,0,0,0,night,pa_7_rev,-E6,20.0,4,0.0,0,0.0,0.0,0,0,4,2,0.0,0,0,0.0,22,0.0,0.0,0.0,0.0,0.0,0.0,0.0,0.0,0.0,0.0,0.0,0.0,0.0
18.0,0,0,0,0,night,pa_7_rev,-E6,20.0,4,0.0,0,0.0,0.0,0,0,4,2,0.0,0,0,0.0,24,0.0,0.0,0.0,0.0,0.0,0.0,0.0,0.0,0.0,0.0,0.0,0.0,0.0
19.0,0,0,0,0,night,pa_7_rev,-E6,20.0,4,0.0,0,0.0,0.0,0,0,4,2,0.0,0,0,0.0,24,0.0,0.0,0.0,0.0,0.0,0.0,0.0,0.0,0.0,0.0,0.0,0.0,0.0
20.0,0,0,0,0,night,pa_7_rev,-E6,20.0,4,0.0,0,0.0,0.0,0,0,4,2,0.0,0,0,0.0,24,0.0,0.0,0.0,0.0,0.0,0.0,0.0,0.0,0.0,0.0,0.0,0.0,0.0
21.0,0,0,0,0,night,pa_7_rev,-E6,20.0,4,0.0,0,0.0,0.0,0,0,4,2,0.0,0,0,0.0,24,0.0,0.0,0.0,0.0,0.0,0.0,0.0,0.0,0.0,0.0,0.0,0.0,0.0
22.0,0,0,0,0,night,pa_7_rev,-E6,20.0,4,0.0,0,0.0,0.0,0,0,4,2,0.0,0,0,0.0,24,0.0,0.0,0.0,0.0,0.0,0.0,0.0,0.0,0.0,0.0,0.0,0.0,0.0
23.0,0,0,0,0,night,pa_7_rev,-E6,20.0,4,0.0,0,0.0,0.0,0,0,4,2,0.0,0,0,0.0,24,0.0,0.0,0.0,0.0,0.0,0.0,0.0,0.0,0.0,0.0,0.0,0.0,0.0
24.0,0,0,0,0,night,pa_7_rev,-E6,20.0,4,0.0,0,0.0,0.0,0,0,4,2,0.0,0,0,0.0,24,0.0,0.0,0.0,0.0,0.0,0.0,0.0,0.0,0.0,0.0,0.0,0.0,0.0
25.0,0,0,0,0,night,pa_7_rev,-E6,20.0,4,0.0,0,0.0,0.0,0,0,4,2,0.0,0,0,0.0,24,0.0,0.0,0.0,0.0,0.0,0.0,0.0,0.0,0.0,0.0,0.0,0.0,0.0
26.0,0,0,0,0,night,pa_7_rev,-E6,20.0,4,0.0,0,0.0,0.0,0,0,4,2,0.0,0,0,0.0,24,0.0,0.0,0.0,0.0,0.0,0.0,0.0,0.0,0.0,0.0,0.0,0.0,0.0
27.0,0,0,0,0,night,pa_7_rev,-E6,20.0,4,0.0,0,0.0,0.0,0,0,4,2,0.0,0,0,0.0,24,0.0,0.0,0.0,0.0,0.0,0.0,0.0,0.0,0.0,0.0,0.0,0.0,0.0
28.0,0,0,0,0,night,pa_7_rev,-E6,20.0,4,0.0,0,0.0,0.0,0,0,4,2,0.0,0,0,0.0,24,0.0,0.0,0.0,0.0,0.0,0.0,0.0,0.0,0.0,0.0,0.0,0.0,0.0
29.0,0,0,0,0,night,pa_7_rev,-E6,20.0,4,0.0,0,0.0,0.0,0,0,4,2,0.0,0,0,0.0,24,0.0,0.0,0.0,0.0,0.0,0.0,0.0,0.0,0.0,0.0,0.0,0.0,0.0
30.0,0,0,0,0,night,pa_7_rev,-E6,20.0,4,0.0,0,0.0,0.0,0,0,4,2,0.0,0,0,0.0,24,0.0,0.0,0.0,0.0,0.0,0.0,0.0,0.0,0.0,0.0,0.0,0.0,0.0
31.0,0,0,0,0,night,pa_7_rev,-E6,20.0,4,0.0,0,0.0,0.0,0,0,4,2,0.0,0,0,0.0,24,0.0,0.0,0.0,0.0,0.0,0.0,0.0,0.0,0.0,0.0,0.0,0.0,0.0
32.0,0,0,0,0,night,pa_7_rev,-E6,20.0,4,0.0,0,0.0,0.0,0,0,4,2,0.0,0,0,0.0,24,0.0,0.0,0.0,0.0,0.0,0.0,0.0,0.0,0.0,0.0,0.0,0.0,0.0
33.0,0,0,0,0,night,pa_7_rev,-E6,20.0,4,0.0,0,0.0,0.0,0,0,4,2,0.0,0,0,0.0,24,0.0,0.0,0.0,0.0,0.0,0.0,0.0,0.0,0.0,0.0,0.0,0.0,0.0
34.0,0,0,0,0,night,pa_7_rev,-E6,20.0,4,0.0,0,0.0,0.0,0,0,4,2,0.0,0,0,0.0,24,0.0,0.0,0.0,0.0,0.0,0.0,0.0,0.0,0.0,0.0,0.0,0.0,0.0
35.0,0,0,0,0,night,pa_7_rev,-E6,20.0,4,0.0,0,0.0,0.0,0,0,4,2,0.0,0,0,0.0,24,0.0,0.0,0.0,0.0,0.0,0.0,0.0,0.0,0.0,0.0,0.0,0.0,0.0
36.0,0,0,0,0,night,pa_7_rev,-E6,20.0,4,0.0,0,0.0,0.0,0,0,4,2,0.0,0,0,0.0,24,0.0,0.0,0.0,0.0,0.0,0.0,0.0,0.0,0.0,0.0,0.0,0.0,0.0
37.0,0,0,0,0,night,pa_7_rev,-E6,20.0,4,0.0,0,0.0,0.0,0,0,4,2,0.0,0,0,0.0,24,0.0,0.0,0.0,0.0,0.0,0.0,0.0,0.0,0.0,0.0,0.0,0.0,0.0
38.0,0,0,0,0,night,pa_7_rev,-E6,20.0,4,0.0,0,0.0,0.0,0,0,4,2,0.0,0,0,0.0,24,0.0,0.0,0.0,0.0,0.0,0.0,0.0,0.0,0.0,0.0,0.0,0.0,0.0
39.0,0,0,0,0,night,pa_7_rev,-E6,20.0,4,0.0,0,0.0,0.0,0,0,4,2,0.0,0,0,0.0,24,0.0,0.0,0.0,0.0,0.0,0.0,0.0,0.0,0.0,0.0,0.0,0.0,0.0
40.0,0,0,0,0,night,pa_7_rev,-E6,20.0,4,0.0,0,0.0,0.0,0,0,4,2,0.0,0,0,0.0,24,0.0,0.0,0.0,0.0,0.0,0.0,0.0,0.0,0.0,0.0,0.0,0.0,0.0
41.0,0,0,0,0,night,pa_7_rev,-E6,20.0,4,0.0,0,0.0,0.0,0,0,4,2,0.0,0,0,0.0,25,0.0,0.0,0.0,0.0,0.0,0.0,0.0,0.0,0.0,0.0,0.0,0.0,0.0
42.0,0,0,0,0,night,pa_7_rev,-E6,20.0,4,0.0,0,0.0,0.0,0,0,4,2,0.0,0,0,0.0,25,0.0,0.0,0.0,0.0,0.0,0.0,0.0,0.0,0.0,0.0,0.0,0.0,0.0
43.0,0,0,0,0,night,pa_7_rev,-E6,20.0,4,0.0,0,0.0,0.0,0,0,4,2,0.0,0,0,0.0,25,0.0,0.0,0.0,0.0,0.0,0.0,0.0,0.0,0.0,0.0,0.0,0.0,0.0
44.0,0,0,0,0,night,pa_7_rev,-E6,20.0,4,0.0,0,0.0,0.0,0,0,4,2,0.0,0,0,0.0,25,0.0,0.0,0.0,0.0,0.0,0.0,0.0,0.0,0.0,0.0,0.0,0.0,0.0
45.0,0,0,0,0,night,pa_7_rev,-E6,20.0,4,0.0,0,0.0,0.0,0,0,4,2,0.0,0,0,0.0,25,0.0,0.0,0.0,0.0,0.0,0.0,0.0,0.0,0.0,0.0,0.0,0.0,0.0
46.0,0,0,0,0,night,pa_7_rev,-E6,20.0,4,0.0,0,0.0,0.0,0,0,4,2,0.0,0,0,0.0,26,0.0,0.0,0.0,0.0,0.0,0.0,0.0,0.0,0.0,0.0,0.0,0.0,0.0
47.0,0,0,0,0,night,pa_7_rev,-E6,20.0,4,0.0,0,0.0,0.0,0,0,4,2,0.0,0,0,0.0,26,0.0,0.0,0.0,0.0,0.0,0.0,0.0,0.0,0.0,0.0,0.0,0.0,0.0
48.0,0,0,0,0,night,pa_7_rev,-E6,20.0,4,0.0,0,0.0,0.0,0,0,4,2,0.0,0,0,0.0,26,0.0,0.0,0.0,0.0,0.0,0.0,0.0,0.0,0.0,0.0,0.0,0.0,0.0
49.0,0,0,0,0,night,pa_7_rev,-E6,20.0,4,0.0,0,0.0,0.0,0,0,4,2,0.0,0,0,0.0,26,0.0,0.0,0.0,0.0,0.0,0.0,0.0,0.0,0.0,0.0,0.0,0.0,0.0
50.0,0,0,0,0,night,pa_7_rev,-E6,20.0,4,0.0,0,0.0,0.0,0,0,4,2,0.0,0,0,0.0,26,0.0,0.0,0.0,0.0,0.0,0.0,0.0,0.0,0.0,0.0,0.0,0.0,0.0
51.0,0,0,0,0,night,pa_7_rev,-E6,20.0,4,0.0,0,0.0,0.0,0,0,4,2,0.0,0,0,0.0,26,0.0,0.0,0.0,0.0,0.0,0.0,0.0,0.0,0.0,0.0,0.0,0.0,0.0
52.0,0,0,0,0,night,pa_7_rev,-E6,20.0,4,0.0,0,0.0,0.0,0,0,4,2,0.0,0,0,0.0,28,0.0,0.0,0.0,0.0,0.0,0.0,0.0,0.0,0.0,0.0,0.0,0.0,0.0
53.0,0,0,0,0,night,pa_7_rev,-E6,20.0,4,0.0,0,0.0,0.0,0,0,4,2,0.0,0,0,0.0,28,0.0,0.0,0.0,0.0,0.0,0.0,0.0,0.0,0.0,0.0,0.0,0.0,0.0
54.0,0,0,0,0,night,pa_7_rev,-E6,20.0,4,0.0,0,0.0,0.0,0,0,4,2,0.0,0,0,0.0,28,0.0,0.0,0.0,0.0,0.0,0.0,0.0,0.0,0.0,0.0,0.0,0.0,0.0
55.0,0,0,0,0,night,pa_7_rev,-E6,20.0,4,0.0,0,0.0,0.0,0,0,4,2,0.0,0,0,0.0,28,0.0,0.0,0.0,0.0,0.0,0.0,0.0,0.0,0.0,0.0,0.0,0.0,0.0
56.0,0,0,0,0,night,pa_7_rev,-E6,20.0,4,0.0,0,0.0,0.0,0,0,4,2,0.0,0,0,0.0,28,0.0,0.0,0.0,0.0,0.0,0.0,0.0,0.0,0.0,0.0,0.0,0.0,0.0
57.0,0,0,0,0,night,pa_7_rev,-E6,20.0,4,0.0,0,0.0,0.0,0,0,4,2,0.0,0,0,0.0,28,0.0,0.0,0.0,0.0,0.0,0.0,0.0,0.0,0.0,0.0,0.0,0.0,0.0
58.0,0,0,0,0,night,pa_7_rev,-E6,20.0,4,0.0,0,0.0,0.0,0,0,4,2,0.0,0,0,0.0,28,0.0,0.0,0.0,0.0,0.0,0.0,0.0,0.0,0.0,0.0,0.0,0.0,0.0
59.0,0,0,0,0,night,pa_7_rev,-E6,20.0,4,0.0,0,0.0,0.0,0,0,4,2,0.0,0,0,0.0,28,0.0,0.0,0.0,0.0,0.0,0.0,0.0,0.0,0.0,0.0,0.0,0.0,0.0
60.0,0,1,0,0,night,pa_7_rev,-E6,20.0,4,0.0,0,0.0,0.0,0,0,4,2,0.0,0,0,0.0,28,0.0,0.0,0.0,0.0,0.0,0.0,0.0,0.0,0.0,0.0,0.0,0.0,0.0
61.0,0,1,0,0,night,pa_7_rev,-E6,20.0,4,0.0,0,0.0,0.0,0,0,4,2,0.0,0,0,0.0,30,0.0,0.0,0.0,0.0,0.0,0.0,0.0,0.0,0.0,0.0,0.0,0.0,0.0
62.0,0,1,0,0,night,pa_7_rev,-E6,20.0,4,0.0,0,0.0,0.0,0,0,4,2,0.0,0,0,0.0,30,0.0,0.0,0.0,0.0,0.0,0.0,0.0,0.0,0.0,0.0,0.0,0.0,0.0
63.0,0,1,0,0,night,pa_7_rev,-E6,20.0,4,0.0,0,0.0,0.0,0,0,4,2,0.0,0,0,0.0,30,0.0,0.0,0.0,0.0,0.0,0.0,0.0,0.0,0.0,0.0,0.0,0.0,0.0
64.0,0,1,0,0,night,pa_7_rev,-E6,20.0,4,0.0,0,0.0,0.0,0,0,4,2,0.0,0,0,0.0,30,0.0,0.0,0.0,0.0,0.0,0.0,0.0,0.0,0.0,0.0,0.0,0.0,0.0
65.0,0,1,0,0,night,pa_7_rev,-E6,20.0,4,0.0,0,0.0,0.0,0,0,4,2,0.0,0,0,0.0,30,0.0,0.0,0.0,0.0,0.0,0.0,0.0,0.0,0.0,0.0,0.0,0.0,0.0
66.0,0,1,0,0,night,pa_7_rev,-E6,20.0,4,0.0,0,0.0,0.0,0,0,4,2,0.0,0,0,0.0,30,0.0,0.0,0.0,0.0,0.0,0.0,0.0,0.0,0.0,0.0,0.0,0.0,0.0
67.0,0,1,0,0,night,pa_7_rev,-E6,20.0,4,0.0,0,0.0,0.0,0,0,4,2,0.0,0,0,0.0,30,0.0,0.0,0.0,0.0,0.0,0.0,0.0,0.0,0.0,0.0,0.0,0.0,0.0
68.0,0,1,0,0,night,pa_7_rev,-E6,20.0,4,0.0,0,0.0,0.0,0,0,4,2,0.0,0,0,0.0,30,0.0,0.0,0.0,0.0,0.0,0.0,0.0,0.0,0.0,0.0,0.0,0.0,0.0
69.0,0,1,0,0,night,pa_7_rev,-E6,20.0,4,0.0,0,0.0,0.0,0,0,4,2,0.0,0,0,0.0,30,0.0,0.0,0.0,0.0,0.0,0.0,0.0,0.0,0.0,0.0,0.0,0.0,0.0
70.0,0,1,0,0,night,pa_7_rev,-E6,20.0,4,0.0,0,0.0,0.0,0,0,4,2,0.0,0,0,0.0,30,0.0,0.0,0.0,0.0,0.0,0.0,0.0,0.0,0.0,0.0,0.0,0.0,0.0
71.0,0,1,0,0,night,pa_7_rev,-E6,20.0,4,0.0,0,0.0,0.0,0,0,4,2,0.0,0,0,0.0,30,0.0,0.0,0.0,0.0,0.0,0.0,0.0,0.0,0.0,0.0,0.0,0.0,0.0
72.0,0,1,0,0,night,pa_7_rev,-E6,20.0,4,0.0,0,0.0,0.0,0,0,4,2,0.0,0,0,0.0,30,0.0,0.0,0.0,0.0,0.0,0.0,0.0,0.0,0.0,0.0,0.0,0.0,0.0
73.0,0,1,0,0,night,pa_7_rev,-E6,20.0,4,0.0,0,0.0,0.0,0,0,4,2,0.0,0,0,0.0,32,0.0,0.0,0.0,0.0,0.0,0.0,0.0,0.0,0.0,0.0,0.0,0.0,0.0
74.0,0,1,0,0,night,pa_7_rev,-E6,20.0,4,0.0,0,0.0,0.0,0,0,4,2,0.0,0,0,0.0,32,0.0,0.0,0.0,0.0,0.0,0.0,0.0,0.0,0.0,0.0,0.0,0.0,0.0
75.0,0,1,0,0,night,pa_7_rev,-E6,20.0,4,0.0,0,0.0,0.0,0,0,4,2,0.0,0,0,0.0,32,0.0,0.0,0.0,0.0,0.0,0.0,0.0,0.0,0.0,0.0,0.0,0.0,0.0
76.0,0,1,0,0,night,pa_7_rev,-E6,20.0,4,0.0,0,0.0,0.0,0,0,4,2,0.0,0,0,0.0,32,0.0,0.0,0.0,0.0,0.0,0.0,0.0,0.0,0.0,0.0,0.0,0.0,0.0
77.0,0,1,0,0,night,pa_7_rev,-E6,20.0,4,0.0,0,0.0,0.0,0,0,4,2,0.0,0,0,0.0,32,0.0,0.0,0.0,0.0,0.0,0.0,0.0,0.0,0.0,0.0,0.0,0.0,0.0
78.0,0,1,0,0,night,pa_7_rev,-E6,20.0,4,0.0,0,0.0,0.0,0,0,4,2,0.0,0,0,0.0,32,0.0,0.0,0.0,0.0,0.0,0.0,0.0,0.0,0.0,0.0,0.0,0.0,0.0
79.0,0,1,0,0,night,pa_7_rev,-E6,20.0,4,0.0,0,0.0,0.0,0,0,4,2,0.0,0,0,0.0,32,0.0,0.0,0.0,0.0,0.0,0.0,0.0,0.0,0.0,0.0,0.0,0.0,0.0
80.0,0,1,0,0,night,pa_7_rev,-E6,20.0,4,0.0,0,0.0,0.0,0,0,4,2,0.0,0,0,0.0,32,0.0,0.0,0.0,0.0,0.0,0.0,0.0,0.0,0.0,0.0,0.0,0.0,0.0
81.0,0,1,0,0,night,pa_7_rev,-E6,20.0,4,0.0,0,0.0,0.0,0,0,4,2,0.0,0,0,0.0,34,0.0,0.0,0.0,0.0,0.0,0.0,0.0,0.0,0.0,0.0,0.0,0.0,0.0
82.0,0,1,0,0,night,pa_7_rev,-E6,20.0,4,0.0,0,0.0,0.0,0,0,4,2,0.0,0,0,0.0,34,0.0,0.0,0.0,0.0,0.0,0.0,0.0,0.0,0.0,0.0,0.0,0.0,0.0
83.0,0,1,0,0,night,pa_7_rev,-E6,20.0,4,0.0,0,0.0,0.0,0,0,4,2,0.0,0,0,0.0,34,0.0,0.0,0.0,0.0,0.0,0.0,0.0,0.0,0.0,0.0,0.0,0.0,0.0
84.0,0,1,0,0,night,pa_7_rev,-E6,20.0,4,0.0,0,0.0,0.0,0,0,4,2,0.0,0,0,0.0,34,0.0,0.0,0.0,0.0,0.0,0.0,0.0,0.0,0.0,0.0,0.0,0.0,0.0
85.0,0,1,0,0,night,pa_7_rev,-E6,20.0,4,0.0,0,0.0,0.0,0,0,4,2,0.0,0,0,0.0,34,0.0,0.0,0.0,0.0,0.0,0.0,0.0,0.0,0.0,0.0,0.0,0.0,0.0
86.0,0,1,0,0,night,pa_7_rev,-E6,20.0,4,0.0,0,0.0,0.0,0,0,4,2,0.0,0,0,0.0,34,0.0,0.0,0.0,0.0,0.0,0.0,0.0,0.0,0.0,0.0,0.0,0.0,0.0
87.0,0,1,0,0,night,pa_7_rev,-E6,20.0,4,0.0,0,0.0,0.0,0,0,4,2,0.0,0,0,0.0,34,0.0,0.0,0.0,0.0,0.0,0.0,0.0,0.0,0.0,0.0,0.0,0.0,0.0
88.0,0,1,0,0,night,pa_7_rev,-E6,20.0,4,0.0,0,0.0,0.0,0,0,4,2,0.0,0,0,0.0,34,0.0,0.0,0.0,0.0,0.0,0.0,0.0,0.0,0.0,0.0,0.0,0.0,0.0
89.0,0,1,0,0,night,pa_7_rev,-E6,20.0,4,0.0,0,0.0,0.0,0,0,4,2,0.0,0,0,0.0,34,0.0,0.0,0.0,0.0,0.0,0.0,0.0,0.0,0.0,0.0,0.0,0.0,0.0
90.0,0,1,0,0,night,pa_7_rev,-E6,20.0,4,0.0,0,0.0,0.0,0,0,4,2,0.0,0,0,0.0,34,0.0,0.0,0.0,0.0,0.0,0.0,0.0,0.0,0.0,0.0,0.0,0.0,0.0
91.0,0,1,0,0,night,pa_7_rev,-E6,20.0,4,0.0,0,0.0,0.0,0,0,4,2,0.0,0,0,0.0,35,0.0,0.0,0.0,0.0,0.0,0.0,0.0,0.0,0.0,0.0,0.0,0.0,0.0
92.0,0,1,0,0,night,pa_7_rev,-E6,20.0,4,0.0,0,0.0,0.0,0,0,4,2,0.0,0,0,0.0,35,0.0,0.0,0.0,0.0,0.0,0.0,0.0,0.0,0.0,0.0,0.0,0.0,0.0
93.0,0,1,0,0,night,pa_7_rev,-E6,20.0,4,0.0,0,0.0,0.0,0,0,4,2,0.0,0,0,0.0,36,0.0,0.0,0.0,0.0,0.0,0.0,0.0,0.0,0.0,0.0,0.0,0.0,0.0
94.0,0,1,0,0,night,pa_7_rev,-E6,20.0,4,0.0,0,0.0,0.0,0,0,4,2,0.0,0,0,0.0,36,0.0,0.0,0.0,0.0,0.0,0.0,0.0,0.0,0.0,0.0,0.0,0.0,0.0
95.0,0,1,0,0,night,pa_7_rev,-E6,20.0,4,0.0,0,0.0,0.0,0,0,4,2,0.0,0,0,0.0,36,0.0,0.0,0.0,0.0,0.0,0.0,0.0,0.0,0.0,0.0,0.0,0.0,0.0
96.0,0,1,0,0,night,pa_7_rev,-E6,20.0,4,0.0,0,0.0,0.0,0,0,4,2,0.0,0,0,0.0,36,0.0,0.0,0.0,0.0,0.0,0.0,0.0,0.0,0.0,0.0,0.0,0.0,0.0
97.0,0,1,0,0,night,pa_7_rev,-E6,20.0,4,0.0,0,0.0,0.0,0,0,4,2,0.0,0,0,0.0,36,0.0,0.0,0.0,0.0,0.0,0.0,0.0,0.0,0.0,0.0,0.0,0.0,0.0
98.0,0,1,0,0,night,pa_7_rev,-E6,20.0,4,0.0,0,0.0,0.0,0,0,4,2,0.0,0,0,0.0,36,0.0,0.0,0.0,0.0,0.0,0.0,0.0,0.0,0.0,0.0,0.0,0.0,0.0
99.0,0,1,0,0,night,pa_7_rev,-E6,20.0,4,0.0,0,0.0,0.0,0,0,4,2,0.0,0,0,0.0,36,0.0,0.0,0.0,0.0,0.0,0.0,0.0,0.0,0.0,0.0,0.0,0.0,0.0
100.0,0,1,0,0,night,pa_7_rev,-E6,20.0,4,0.0,0,0.0,0.0,0,0,4,2,0.0,0,0,0.0,36,0.0,0.0,0.0,0.0,0.0,0.0,0.0,0.0,0.0,0.0,0.0,0.0,0.0
101.0,0,1,0,0,night,pa_7_rev,-E6,20.0,4,0.0,0,0.0,0.0,0,0,4,2,0.0,0,0,0.0,36,0.0,0.0,0.0,0.0,0.0,0.0,0.0,0.0,0.0,0.0,0.0,0.0,0.0
102.0,0,1,0,0,night,pa_7_rev,-E6,20.0,4,0.0,0,0.0,0.0,0,0,4,2,0.0,0,0,0.0,36,0.0,0.0,0.0,0.0,0.0,0.0,0.0,0.0,0.0,0.0,0.0,0.0,0.0
103.0,0,1,0,0,night,pa_7_rev,-E6,20.0,4,0.0,0,0.0,0.0,0,0,4,2,0.0,0,0,0.0,41,0.0,0.0,0.0,0.0,0.0,0.0,0.0,0.0,0.0,0.0,0.0,0.0,0.0
104.0,0,1,0,0,night,pa_7_rev,-E6,20.0,4,0.0,0,0.0,0.0,0,0,4,2,0.0,0,0,0.0,41,0.0,0.0,0.0,0.0,0.0,0.0,0.0,0.0,0.0,0.0,0.0,0.0,0.0
105.0,0,1,0,0,night,pa_7_rev,-E6,20.0,4,0.0,0,0.0,0.0,0,0,4,2,0.0,0,0,0.0,41,0.0,0.0,0.0,0.0,0.0,0.0,0.0,0.0,0.0,0.0,0.0,0.0,0.0
106.0,0,1,0,0,night,pa_7_rev,-E6,20.0,4,0.0,0,0.0,0.0,0,0,4,2,0.0,0,0,0.0,41,0.0,0.0,0.0,0.0,0.0,0.0,0.0,0.0,0.0,0.0,0.0,0.0,0.0
107.0,0,1,0,0,night,pa_7_rev,-E6,20.0,4,0.0,0,0.0,0.0,0,0,4,2,0.0,0,0,0.0,41,0.0,0.0,0.0,0.0,0.0,0.0,0.0,0.0,0.0,0.0,0.0,0.0,0.0
108.0,0,1,0,0,night,pa_7_rev,-E6,20.0,4,0.0,0,0.0,0.0,0,0,4,2,0.0,0,0,0.0,41,0.0,0.0,0.0,0.0,0.0,0.0,0.0,0.0,0.0,0.0,0.0,0.0,0.0
109.0,0,1,0,0,night,pa_7_rev,-E6,20.0,4,0.0,0,0.0,0.0,0,0,4,2,0.0,0,0,0.0,41,0.0,0.0,0.0,0.0,0.0,0.0,0.0,0.0,0.0,0.0,0.0,0.0,0.0
110.0,0,1,0,0,night,pa_7_rev,-E6,20.0,4,0.0,0,0.0,0.0,0,0,4,2,0.0,0,0,0.0,41,0.0,0.0,0.0,0.0,0.0,0.0,0.0,0.0,0.0,0.0,0.0,0.0,0.0
111.0,0,1,0,0,night,pa_7_rev,-E6,20.0,4,0.0,0,0.0,0.0,0,0,4,2,0.0,0,0,0.0,41,0.0,0.0,0.0,0.0,0.0,0.0,0.0,0.0,0.0,0.0,0.0,0.0,0.0
112.0,0,1,0,0,night,pa_7_rev,-E6,20.0,4,0.0,0,0.0,0.0,0,0,4,2,0.0,0,0,0.0,41,0.0,0.0,0.0,0.0,0.0,0.0,0.0,0.0,0.0,0.0,0.0,0.0,0.0
113.0,0,1,0,0,night,pa_7_rev,-E6,20.0,4,0.0,0,0.0,0.0,0,0,4,2,0.0,0,0,0.0,41,0.0,0.0,0.0,0.0,0.0,0.0,0.0,0.0,0.0,0.0,0.0,0.0,0.0
114.0,0,1,0,0,night,pa_7_rev,-E6,20.0,4,0.0,0,0.0,0.0,0,0,4,2,0.0,0,0,0.0,41,0.0,0.0,0.0,0.0,0.0,0.0,0.0,0.0,0.0,0.0,0.0,0.0,0.0
115.0,0,1,0,0,night,pa_7_rev,-E6,20.0,4,0.0,0,0.0,0.0,0,0,4,2,0.0,0,0,0.0,41,0.0,0.0,0.0,0.0,0.0,0.0,0.0,0.0,0.0,0.0,0.0,0.0,0.0
116.0,0,1,0,0,night,pa_7_rev,-E6,20.0,4,0.0,0,0.0,0.0,0,0,4,2,0.0,0,0,0.0,41,0.0,0.0,0.0,0.0,0.0,0.0,0.0,0.0,0.0,0.0,0.0,0.0,0.0
117.0,0,1,0,0,night,pa_7_rev,-E6,20.0,4,0.0,0,0.0,0.0,0,0,4,2,0.0,0,0,0.0,41,0.0,0.0,0.0,0.0,0.0,0.0,0.0,0.0,0.0,0.0,0.0,0.0,0.0
118.0,0,1,0,0,night,pa_7_rev,-E6,20.0,4,0.0,0,0.0,0.0,0,0,4,2,0.0,0,0,0.0,41,0.0,0.0,0.0,0.0,0.0,0.0,0.0,0.0,0.0,0.0,0.0,0.0,0.0
119.0,0,1,0,0,night,pa_7_rev,-E6,20.0,4,0.0,0,0.0,0.0,0,0,4,2,0.0,0,0,0.0,41,0.0,0.0,0.0,0.0,0.0,0.0,0.0,0.0,0.0,0.0,0.0,0.0,0.0
120.0,0,2,0,0,night,pa_7_rev,-E6,20.0,4,0.0,0,0.0,0.0,0,0,4,2,0.0,0,0,0.0,41,0.0,0.0,0.0,0.0,0.0,0.0,0.0,0.0,0.0,0.0,0.0,0.0,0.0
121.0,0,2,0,0,night,pa_7_rev,-E6,20.0,4,0.0,0,0.0,0.0,0,0,4,2,0.0,0,0,0.0,44,0.0,0.0,0.0,0.0,0.0,0.0,0.0,0.0,0.0,0.0,0.0,0.0,0.0
122.0,0,2,0,0,night,pa_7_rev,-E6,20.0,4,0.0,0,0.0,0.0,0,0,4,2,0.0,0,0,0.0,44,0.0,0.0,0.0,0.0,0.0,0.0,0.0,0.0,0.0,0.0,0.0,0.0,0.0
123.0,0,2,0,0,night,pa_7_rev,-E6,20.0,4,0.0,0,0.0,0.0,0,0,4,2,0.0,0,0,0.0,46,0.0,0.0,0.0,0.0,0.0,0.0,0.0,0.0,0.0,0.0,0.0,0.0,0.0
124.0,0,2,0,0,night,pa_7_rev,-E6,20.0,4,0.0,0,0.0,0.0,0,0,4,2,0.0,0,0,0.0,46,0.0,0.0,0.0,0.0,0.0,0.0,0.0,0.0,0.0,0.0,0.0,0.0,0.0
125.0,0,2,0,0,night,pa_7_rev,-E6,20.0,4,0.0,0,0.0,0.0,0,0,4,2,0.0,0,0,0.0,46,0.0,0.0,0.0,0.0,0.0,0.0,0.0,0.0,0.0,0.0,0.0,0.0,0.0
126.0,0,2,0,0,night,pa_7_rev,-E6,20.0,4,0.0,0,0.0,0.0,0,0,4,2,0.0,0,0,0.0,46,0.0,0.0,0.0,0.0,0.0,0.0,0.0,0.0,0.0,0.0,0.0,0.0,0.0
127.0,0,2,0,0,night,pa_7_rev,-E6,20.0,4,0.0,0,0.0,0.0,0,0,4,2,0.0,0,0,0.0,46,0.0,0.0,0.0,0.0,0.0,0.0,0.0,0.0,0.0,0.0,0.0,0.0,0.0
128.0,0,2,0,0,night,pa_7_rev,-E6,20.0,4,0.0,0,0.0,0.0,0,0,4,2,0.0,0,0,0.0,46,0.0,0.0,0.0,0.0,0.0,0.0,0.0,0.0,0.0,0.0,0.0,0.0,0.0
129.0,0,2,0,0,night,pa_7_rev,-E6,20.0,4,0.0,0,0.0,0.0,0,0,4,2,0.0,0,0,0.0,46,0.0,0.0,0.0,0.0,0.0,0.0,0.0,0.0,0.0,0.0,0.0,0.0,0.0
130.0,0,2,0,0,night,pa_7_rev,-E6,20.0,4,0.0,0,0.0,0.0,0,0,4,2,0.0,0,0,0.0,46,0.0,0.0,0.0,0.0,0.0,0.0,0.0,0.0,0.0,0.0,0.0,0.0,0.0
131.0,0,2,0,0,night,pa_7_rev,-E6,20.0,4,0.0,0,0.0,0.0,0,0,4,2,0.0,0,0,0.0,46,0.0,0.0,0.0,0.0,0.0,0.0,0.0,0.0,0.0,0.0,0.0,0.0,0.0
132.0,0,2,0,0,night,pa_7_rev,-E6,20.0,4,0.0,0,0.0,0.0,0,0,4,2,0.0,0,0,0.0,46,0.0,0.0,0.0,0.0,0.0,0.0,0.0,0.0,0.0,0.0,0.0,0.0,0.0
133.0,0,2,0,0,night,pa_7_rev,-E6,20.0,4,0.0,0,0.0,0.0,0,0,4,2,0.0,0,0,0.0,46,0.0,0.0,0.0,0.0,0.0,0.0,0.0,0.0,0.0,0.0,0.0,0.0,0.0
134.0,0,2,0,0,night,pa_7_rev,-E6,20.0,4,0.0,0,0.0,0.0,0,0,4,2,0.0,0,0,0.0,46,0.0,0.0,0.0,0.0,0.0,0.0,0.0,0.0,0.0,0.0,0.0,0.0,0.0
135.0,0,2,0,0,night,pa_7_rev,-E6,20.0,4,0.0,0,0.0,0.0,0,0,4,2,0.0,0,0,0.0,46,0.0,0.0,0.0,0.0,0.0,0.0,0.0,0.0,0.0,0.0,0.0,0.0,0.0
136.0,0,2,0,0,night,pa_7_rev,-E6,20.0,4,0.0,0,0.0,0.0,0,0,4,2,0.0,0,0,0.0,47,0.0,0.0,0.0,0.0,0.0,0.0,0.0,0.0,0.0,0.0,0.0,0.0,0.0
137.0,0,2,0,0,night,pa_7_rev,-E6,20.0,4,0.0,0,0.0,0.0,0,0,4,2,0.0,0,0,0.0,47,0.0,0.0,0.0,0.0,0.0,0.0,0.0,0.0,0.0,0.0,0.0,0.0,0.0
138.0,0,2,0,0,night,pa_7_rev,-E6,20.0,4,0.0,0,0.0,0.0,0,0,4,2,0.0,0,0,0.0,47,0.0,0.0,0.0,0.0,0.0,0.0,0.0,0.0,0.0,0.0,0.0,0.0,0.0
139.0,0,2,0,0,night,pa_7_rev,-E6,20.0,4,0.0,0,0.0,0.0,0,0,4,2,0.0,0,0,0.0,47,0.0,0.0,0.0,0.0,0.0,0.0,0.0,0.0,0.0,0.0,0.0,0.0,0.0
140.0,0,2,0,0,night,pa_7_rev,-E6,20.0,4,0.0,0,0.0,0.0,0,0,4,2,0.0,0,0,0.0,47,0.0,0.0,0.0,0.0,0.0,0.0,0.0,0.0,0.0,0.0,0.0,0.0,0.0
141.0,0,2,0,0,night,pa_7_rev,-E6,20.0,4,0.0,0,0.0,0.0,0,0,4,2,0.0,0,0,0.0,47,0.0,0.0,0.0,0.0,0.0,0.0,0.0,0.0,0.0,0.0,0.0,0.0,0.0
142.0,0,2,0,0,night,pa_7_rev,-E6,20.0,4,0.0,0,0.0,0.0,0,0,4,2,0.0,0,0,0.0,47,0.0,0.0,0.0,0.0,0.0,0.0,0.0,0.0,0.0,0.0,0.0,0.0,0.0
143.0,0,2,0,0,night,pa_7_rev,-E6,20.0,4,0.0,0,0.0,0.0,0,0,4,2,0.0,0,0,0.0,47,0.0,0.0,0.0,0.0,0.0,0.0,0.0,0.0,0.0,0.0,0.0,0.0,0.0
144.0,0,2,0,0,night,pa_7_rev,-E6,20.0,4,0.0,0,0.0,0.0,0,0,4,2,0.0,0,0,0.0,47,0.0,0.0,0.0,0.0,0.0,0.0,0.0,0.0,0.0,0.0,0.0,0.0,0.0
145.0,0,2,0,0,night,pa_7_rev,-E6,20.0,4,0.0,0,0.0,0.0,0,0,4,2,0.0,0,0,0.0,52,0.0,0.0,0.0,0.0,0.0,0.0,0.0,0.0,0.0,0.0,0.0,0.0,0.0
146.0,0,2,0,0,night,pa_7_rev,-E6,20.0,4,0.0,0,0.0,0.0,0,0,4,2,0.0,0,0,0.0,52,0.0,0.0,0.0,0.0,0.0,0.0,0.0,0.0,0.0,0.0,0.0,0.0,0.0
147.0,0,2,0,0,night,pa_7_rev,-E6,20.0,4,0.0,0,0.0,0.0,0,0,4,2,0.0,0,0,0.0,52,0.0,0.0,0.0,0.0,0.0,0.0,0.0,0.0,0.0,0.0,0.0,0.0,0.0
148.0,0,2,0,0,night,pa_7_rev,-E6,20.0,4,0.0,0,0.0,0.0,0,0,4,2,0.0,0,0,0.0,52,0.0,0.0,0.0,0.0,0.0,0.0,0.0,0.0,0.0,0.0,0.0,0.0,0.0
149.0,0,2,0,0,night,pa_7_rev,-E6,20.0,4,0.0,0,0.0,0.0,0,0,4,2,0.0,0,0,0.0,52,0.0,0.0,0.0,0.0,0.0,0.0,0.0,0.0,0.0,0.0,0.0,0.0,0.0
150.0,0,2,0,0,night,pa_7_rev,-E6,20.0,4,0.0,0,0.0,0.0,0,0,4,2,0.0,0,0,0.0,52,0.0,0.0,0.0,0.0,0.0,0.0,0.0,0.0,0.0,0.0,0.0,0.0,0.0
151.0,0,2,0,0,night,pa_7_rev,-E6,20.0,4,0.0,0,0.0,0.0,0,0,4,2,0.0,0,0,0.0,52,0.0,0.0,0.0,0.0,0.0,0.0,0.0,0.0,0.0,0.0,0.0,0.0,0.0
152.0,0,2,0,0,night,pa_7_rev,-E6,20.0,4,0.0,0,0.0,0.0,0,0,4,2,0.0,0,0,0.0,52,0.0,0.0,0.0,0.0,0.0,0.0,0.0,0.0,0.0,0.0,0.0,0.0,0.0
153.0,0,2,0,0,night,pa_7_rev,-E6,20.0,4,0.0,0,0.0,0.0,0,0,4,2,0.0,0,0,0.0,52,0.0,0.0,0.0,0.0,0.0,0.0,0.0,0.0,0.0,0.0,0.0,0.0,0.0
154.0,0,2,0,0,night,pa_7_rev,-E6,20.0,4,0.0,0,0.0,0.0,0,0,4,2,0.0,0,0,0.0,52,0.0,0.0,0.0,0.0,0.0,0.0,0.0,0.0,0.0,0.0,0.0,0.0,0.0
155.0,0,2,0,0,night,pa_7_rev,-E6,20.0,4,0.0,0,0.0,0.0,0,0,4,2,0.0,0,0,0.0,54,0.0,0.0,0.0,0.0,0.0,0.0,0.0,0.0,0.0,0.0,0.0,0.0,0.0
156.0,0,2,0,0,night,pa_7_rev,-E6,20.0,4,0.0,0,0.0,0.0,0,0,4,2,0.0,0,0,0.0,54,0.0,0.0,0.0,0.0,0.0,0.0,0.0,0.0,0.0,0.0,0.0,0.0,0.0
157.0,0,2,0,0,night,pa_7_rev,-E6,20.0,4,0.0,0,0.0,0.0,0,0,4,2,0.0,0,0,0.0,54,0.0,0.0,0.0,0.0,0.0,0.0,0.0,0.0,0.0,0.0,0.0,0.0,0.0
158.0,0,2,0,0,night,pa_7_rev,-E6,20.0,4,0.0,0,0.0,0.0,0,0,4,2,0.0,0,0,0.0,54,0.0,0.0,0.0,0.0,0.0,0.0,0.0,0.0,0.0,0.0,0.0,0.0,0.0
159.0,0,2,0,0,night,pa_7_rev,-E6,20.0,4,0.0,0,0.0,0.0,0,0,4,2,0.0,0,0,0.0,54,0.0,0.0,0.0,0.0,0.0,0.0,0.0,0.0,0.0,0.0,0.0,0.0,0.0
160.0,0,2,0,0,night,pa_7_rev,-E6,20.0,4,0.0,0,0.0,0.0,0,0,4,2,0.0,0,0,0.0,54,0.0,0.0,0.0,0.0,0.0,0.0,0.0,0.0,0.0,0.0,0.0,0.0,0.0
161.0,0,2,0,0,night,pa_7_rev,-E6,20.0,4,0.0,0,0.0,0.0,0,0,4,2,0.0,0,0,0.0,56,0.0,0.0,0.0,0.0,0.0,0.0,0.0,0.0,0.0,0.0,0.0,0.0,0.0
162.0,0,2,0,0,night,pa_7_rev,-E6,20.0,4,0.0,0,0.0,0.0,0,0,4,2,0.0,0,0,0.0,56,0.0,0.0,0.0,0.0,0.0,0.0,0.0,0.0,0.0,0.0,0.0,0.0,0.0
163.0,0,2,0,0,night,pa_7_rev,-E6,20.0,4,0.0,0,0.0,0.0,0,0,4,2,0.0,0,0,0.0,56,0.0,0.0,0.0,0.0,0.0,0.0,0.0,0.0,0.0,0.0,0.0,0.0,0.0
164.0,0,2,0,0,night,pa_7_rev,-E6,20.0,4,0.0,0,0.0,0.0,0,0,4,2,0.0,0,0,0.0,56,0.0,0.0,0.0,0.0,0.0,0.0,0.0,0.0,0.0,0.0,0.0,0.0,0.0
165.0,0,2,0,0,night,pa_7_rev,-E6,20.0,4,0.0,0,0.0,0.0,0,0,4,2,0.0,0,0,0.0,56,0.0,0.0,0.0,0.0,0.0,0.0,0.0,0.0,0.0,0.0,0.0,0.0,0.0
166.0,0,2,0,0,night,pa_7_rev,-E6,20.0,4,0.0,0,0.0,0.0,0,0,4,2,0.0,0,0,0.0,56,0.0,0.0,0.0,0.0,0.0,0.0,0.0,0.0,0.0,0.0,0.0,0.0,0.0
167.0,0,2,0,0,night,pa_7_rev,-E6,20.0,4,0.0,0,0.0,0.0,0,0,4,2,0.0,0,0,0.0,56,0.0,0.0,0.0,0.0,0.0,0.0,0.0,0.0,0.0,0.0,0.0,0.0,0.0
168.0,0,2,0,0,night,pa_7_rev,-E6,20.0,4,0.0,0,0.0,0.0,0,0,4,2,0.0,0,0,0.0,56,0.0,0.0,0.0,0.0,0.0,0.0,0.0,0.0,0.0,0.0,0.0,0.0,0.0
169.0,0,2,0,0,night,pa_7_rev,-E6,20.0,4,0.0,0,0.0,0.0,0,0,4,2,0.0,0,0,0.0,56,0.0,0.0,0.0,0.0,0.0,0.0,0.0,0.0,0.0,0.0,0.0,0.0,0.0
170.0,0,2,0,0,night,pa_7_rev,-E6,20.0,4,0.0,0,0.0,0.0,0,0,4,2,0.0,0,0,0.0,56,0.0,0.0,0.0,0.0,0.0,0.0,0.0,0.0,0.0,0.0,0.0,0.0,0.0
171.0,0,2,0,0,night,pa_7_rev,-E6,20.0,4,0.0,0,0.0,0.0,0,0,4,2,0.0,0,0,0.0,56,0.0,0.0,0.0,0.0,0.0,0.0,0.0,0.0,0.0,0.0,0.0,0.0,0.0
172.0,0,2,0,0,night,pa_7_rev,-E6,20.0,4,0.0,0,0.0,0.0,0,0,4,2,0.0,0,0,0.0,56,0.0,0.0,0.0,0.0,0.0,0.0,0.0,0.0,0.0,0.0,0.0,0.0,0.0
173.0,0,2,0,0,night,pa_7_rev,-E6,20.0,4,0.0,0,0.0,0.0,0,0,4,2,0.0,0,0,0.0,56,0.0,0.0,0.0,0.0,0.0,0.0,0.0,0.0,0.0,0.0,0.0,0.0,0.0
174.0,0,2,0,0,night,pa_7_rev,-E6,20.0,4,0.0,0,0.0,0.0,0,0,4,2,0.0,0,0,0.0,56,0.0,0.0,0.0,0.0,0.0,0.0,0.0,0.0,0.0,0.0,0.0,0.0,0.0
175.0,0,2,0,0,night,pa_7_rev,-E6,20.0,4,0.0,0,0.0,0.0,0,0,4,2,0.0,0,0,0.0,56,0.0,0.0,0.0,0.0,0.0,0.0,0.0,0.0,0.0,0.0,0.0,0.0,0.0
176.0,0,2,0,0,night,pa_7_rev,-E6,20.0,4,0.0,0,0.0,0.0,0,0,4,2,0.0,0,0,0.0,56,0.0,0.0,0.0,0.0,0.0,0.0,0.0,0.0,0.0,0.0,0.0,0.0,0.0
177.0,0,2,0,0,night,pa_7_rev,-E6,20.0,4,0.0,0,0.0,0.0,0,0,4,2,0.0,0,0,0.0,56,0.0,0.0,0.0,0.0,0.0,0.0,0.0,0.0,0.0,0.0,0.0,0.0,0.0
178.0,0,2,0,0,night,pa_7_rev,-E6,20.0,4,0.0,0,0.0,0.0,0,0,4,2,0.0,0,0,0.0,56,0.0,0.0,0.0,0.0,0.0,0.0,0.0,0.0,0.0,0.0,0.0,0.0,0.0
179.0,0,2,0,0,night,pa_7_rev,-E6,20.0,4,0.0,0,0.0,0.0,0,0,4,2,0.0,0,0,0.0,56,0.0,0.0,0.0,0.0,0.0,0.0,0.0,0.0,0.0,0.0,0.0,0.0,0.0
180.0,0,3,0,0,night,pa_7_rev,-E6,20.0,4,0.0,0,0.0,0.0,0,0,4,2,0.0,0,0,0.0,56,0.0,0.0,0.0,0.0,0.0,0.0,0.0,0.0,0.0,0.0,0.0,0.0,0.0
181.0,0,3,0,0,night,pa_7_rev,-E6,20.0,4,0.0,0,0.0,0.0,0,0,4,2,20.0,1,0,2.27,59,0.0,0.0,0.0,0.0,0.0,0.0,0.0,0.0,0.0,0.0,0.0,0.0,0.0
182.0,0,3,0,0,night,pa_7_rev,-E6,20.0,4,0.0,0,0.0,0.0,0,0,4,2,40.0,2,0,4.55,59,0.0,0.0,0.0,0.0,0.0,0.0,0.0,20.0,0.0,0.0,0.0,0.0,0.0
183.0,0,3,0,0,night,pa_7_rev,-E6,20.0,4,0.0,0,0.0,0.0,0,0,4,2,60.0,3,0,6.82,61,0.0,0.0,0.0,0.0,0.0,0.0,0.0,40.0,0.0,0.0,0.0,0.0,0.0
184.0,0,3,0,0,night,pa_7_rev,-E6,20.0,4,0.0,0,0.0,0.0,0,0,4,2,60.0,3,0,6.82,61,0.0,0.0,0.0,0.0,0.0,0.0,0.0,60.0,0.0,0.0,0.0,0.0,0.0
185.0,0,3,0,0,night,pa_7_rev,-E6,20.0,4,0.0,0,0.0,0.0,0,0,4,2,60.0,3,0,6.82,61,0.0,0.0,0.0,0.0,0.0,0.0,0.0,60.0,0.0,0.0,0.0,0.0,0.0
186.0,0,3,0,0,night,pa_7_rev,-E6,20.0,4,0.0,0,0.0,0.0,0,0,4,2,60.0,3,0,6.82,62,0.0,0.0,0.0,0.0,0.0,0.0,0.0,60.0,20.0,0.0,0.0,0.0,0.0
187.0,0,3,0,0,night,pa_7_rev,-E6,20.0,4,0.0,0,0.0,0.0,0,0,4,2,60.0,3,0,6.82,62,0.0,0.0,0.0,0.0,0.0,0.0,0.0,60.0,40.0,0.0,0.0,0.0,0.0
188.0,0,3,0,0,night,pa_7_rev,-E6,20.0,4,0.0,0,0.0,0.0,0,0,4,2,105.0,5,0,11.36,63,0.0,0.0,0.0,0.0,0.0,0.0,0.0,60.0,60.0,0.0,0.0,0.0,0.0
189.0,0,3,0,0,night,pa_7_rev,-E6,20.0,4,0.0,0,0.0,0.0,0,0,4,2,150.0,7,0,15.91,63,0.0,0.0,0.0,0.0,0.0,0.0,0.0,105.0,60.0,0.0,0.0,0.0,0.0
190.0,0,3,0,0,night,pa_7_rev,-E6,20.0,4,0.0,0,0.0,0.0,0,0,4,2,150.0,7,0,15.91,63,0.0,0.0,0.0,0.0,0.0,0.0,0.0,150.0,60.0,0.0,0.0,0.0,0.0
191.0,0,3,0,0,night,pa_7_rev,-E6,20.0,4,20.0,1,25.0,0.0,0,0,3,2,170.0,8,0,18.18,63,20.0,0.17,0.25,0.0,0.0,0.0,0.0,150.0,60.0,4.0,2.0,0.2,0.1
192.0,0,3,0,0,night,pa_7_rev,-E6,20.0,4,20.0,1,25.0,0.0,0,0,3,2,170.0,8,0,18.18,63,20.0,0.17,0.25,20.0,0.0,1.0,0.0,170.0,60.0,8.0,4.0,0.4,0.2
193.0,0,3,0,0,night,pa_7_rev,-E6,20.0,4,20.0,1,25.0,0.0,0,0,3,2,170.0,8,0,18.18,63,20.0,0.17,0.25,20.0,0.0,1.0,0.0,170.0,105.0,12.0,6.0,0.6,0.3
194.0,0,3,0,0,night,pa_7_rev,-E6,20.0,4,20.0,1,25.0,0.0,0,0,3,2,170.0,8,0,18.18,63,20.0,0.17,0.25,20.0,0.0,1.0,0.0,170.0,150.0,16.0,8.0,0.8,0.4
195.0,0,3,0,0,night,pa_7_rev,-E6,20.0,4,20.0,1,25.0,0.0,0,0,3,2,170.0,8,0,18.18,63,20.0,0.17,0.25,20.0,0.0,1.0,0.0,170.0,150.0,20.0,10.0,1.0,0.5
196.0,0,3,0,0,night,pa_7_rev,-E6,20.0,4,20.0,1,25.0,0.0,0,0,3,2,170.0,8,0,18.18,63,20.0,0.17,0.25,20.0,20.0,1.0,1.0,170.0,170.0,20.0,12.0,1.0,0.6
197.0,0,3,0,0,night,pa_7_rev,-E6,20.0,4,20.0,1,25.0,0.0,0,0,3,2,170.0,8,0,18.18,63,20.0,0.17,0.25,20.0,20.0,1.0,1.0,170.0,170.0,20.0,14.0,1.0,0.7
198.0,0,3,0,0,night,pa_7_rev,-E6,20.0,4,20.0,1,25.0,0.0,0,0,3,2,170.0,8,0,18.18,63,20.0,0.17,0.25,20.0,20.0,1.0,1.0,170.0,170.0,20.0,16.0,1.0,0.8
199.0,0,3,0,0,night,pa_7_rev,-E6,20.0,4,20.0,1,25.0,0.0,0,0,3,2,170.0,8,0,18.18,63,20.0,0.17,0.25,20.0,20.0,1.0,1.0,170.0,170.0,20.0,18.0,1.0,0.9
200.0,0,3,0,0,night,pa_7_rev,-E6,20.0,4,20.0,1,25.0,0.0,0,0,3,2,170.0,8,0,18.18,63,20.0,0.17,0.25,20.0,20.0,1.0,1.0,170.0,170.0,20.0,20.0,1.0,1.0
201.0,0,3,0,0,night,pa_7_rev,-E6,20.0,4,20.0,1,25.0,0.0,0,0,3,2,170.0,8,0,18.18,64,20.0,0.17,0.25,20.0,20.0,1.0,1.0,170.0,170.0,20.0,20.0,1.0,1.0
202.0,0,3,0,0,night,pa_7_rev,-E6,20.0,4,20.0,1,25.0,0.0,0,0,3,2,170.0,8,0,18.18,64,20.0,0.17,0.25,20.0,20.0,1.0,1.0,170.0,170.0,20.0,20.0,1.0,1.0
203.0,0,3,0,0,night,pa_7_rev,-E6,20.0,4,20.0,1,25.0,0.0,0,0,3,2,170.0,8,0,18.18,64,20.0,0.17,0.25,20.0,20.0,1.0,1.0,170.0,170.0,20.0,20.0,1.0,1.0
204.0,0,3,0,0,night,pa_7_rev,-E6,20.0,4,20.0,1,25.0,0.0,0,0,3,2,170.0,8,0,18.18,64,20.0,0.17,0.25,20.0,20.0,1.0,1.0,170.0,170.0,20.0,20.0,1.0,1.0
205.0,0,3,0,0,night,pa_7_rev,-E6,20.0,4,20.0,1,25.0,0.0,0,0,3,2,170.0,8,0,18.18,64,20.0,0.17,0.25,20.0,20.0,1.0,1.0,170.0,170.0,20.0,20.0,1.0,1.0
206.0,0,3,0,0,night,pa_7_rev,-E6,20.0,4,20.0,1,25.0,0.0,0,0,3,2,170.0,8,0,18.18,69,20.0,0.17,0.25,20.0,20.0,1.0,1.0,170.0,170.0,20.0,20.0,1.0,1.0
207.0,0,3,0,0,night,pa_7_rev,-E6,20.0,4,20.0,1,25.0,0.0,0,0,3,2,170.0,8,0,18.18,69,20.0,0.17,0.25,20.0,20.0,1.0,1.0,170.0,170.0,20.0,20.0,1.0,1.0
208.0,0,3,0,0,night,pa_7_rev,-E6,20.0,4,20.0,1,25.0,0.0,0,0,3,2,170.0,8,0,18.18,69,20.0,0.17,0.25,20.0,20.0,1.0,1.0,170.0,170.0,20.0,20.0,1.0,1.0
209.0,0,3,0,0,night,pa_7_rev,-E6,20.0,4,20.0,1,25.0,0.0,0,0,3,2,170.0,8,0,18.18,69,20.0,0.17,0.25,20.0,20.0,1.0,1.0,170.0,170.0,20.0,20.0,1.0,1.0
210.0,0,3,0,0,night,pa_7_rev,-E6,20.0,4,20.0,1,25.0,0.0,0,0,3,2,170.0,8,0,18.18,69,20.0,0.17,0.25,20.0,20.0,1.0,1.0,170.0,170.0,20.0,20.0,1.0,1.0
211.0,0,3,0,0,night,pa_7_rev,-E6,20.0,4,20.0,1,25.0,0.0,0,0,3,2,170.0,8,0,18.18,69,20.0,0.17,0.25,20.0,20.0,1.0,1.0,170.0,170.0,20.0,20.0,1.0,1.0
212.0,0,3,0,0,night,pa_7_rev,-E6,20.0,4,20.0,1,25.0,0.0,0,0,3,2,170.0,8,0,18.18,69,20.0,0.17,0.25,20.0,20.0,1.0,1.0,170.0,170.0,20.0,20.0,1.0,1.0
213.0,0,3,0,0,night,pa_7_rev,-E6,20.0,4,20.0,1,25.0,0.0,0,0,3,2,170.0,8,0,18.18,69,20.0,0.17,0.25,20.0,20.0,1.0,1.0,170.0,170.0,20.0,20.0,1.0,1.0
214.0,0,3,0,0,night,pa_7_rev,-E6,20.0,4,20.0,1,25.0,0.0,0,0,3,2,170.0,8,0,18.18,69,20.0,0.17,0.25,20.0,20.0,1.0,1.0,170.0,170.0,20.0,20.0,1.0,1.0
215.0,0,3,0,0,night,pa_7_rev,-E6,20.0,4,20.0,1,25.0,0.0,0,0,3,2,170.0,8,0,18.18,69,20.0,0.17,0.25,20.0,20.0,1.0,1.0,170.0,170.0,20.0,20.0,1.0,1.0
216.0,0,3,0,0,night,pa_7_rev,-E6,20.0,4,20.0,1,25.0,0.0,0,0,3,2,170.0,8,0,18.18,69,20.0,0.17,0.25,20.0,20.0,1.0,1.0,170.0,170.0,20.0,20.0,1.0,1.0
217.0,0,3,0,0,night,pa_7_rev,-E6,20.0,4,20.0,1,25.0,0.0,0,0,3,2,170.0,8,0,18.18,71,20.0,0.17,0.25,20.0,20.0,1.0,1.0,170.0,170.0,20.0,20.0,1.0,1.0
218.0,0,3,0,0,night,pa_7_rev,-E6,20.0,4,20.0,1,25.0,0.0,0,0,3,2,170.0,8,0,18.18,71,20.0,0.17,0.25,20.0,20.0,1.0,1.0,170.0,170.0,20.0,20.0,1.0,1.0
219.0,0,3,0,0,night,pa_7_rev,-E6,20.0,4,20.0,1,25.0,0.0,0,0,3,2,170.0,8,0,18.18,71,20.0,0.17,0.25,20.0,20.0,1.0,1.0,170.0,170.0,20.0,20.0,1.0,1.0
220.0,0,3,0,0,night,pa_7_rev,-E6,20.0,4,20.0,1,25.0,0.0,0,0,3,2,170.0,8,0,18.18,71,20.0,0.17,0.25,20.0,20.0,1.0,1.0,170.0,170.0,20.0,20.0,1.0,1.0
221.0,0,3,0,0,night,pa_7_rev,-E6,20.0,4,20.0,1,25.0,0.0,0,0,3,2,170.0,8,0,18.18,71,20.0,0.17,0.25,20.0,20.0,1.0,1.0,170.0,170.0,20.0,20.0,1.0,1.0
222.0,0,3,0,0,night,pa_7_rev,-E6,20.0,4,20.0,1,25.0,0.0,0,0,3,2,195.0,9,0,20.45,71,20.0,0.17,0.25,20.0,20.0,1.0,1.0,170.0,170.0,20.0,20.0,1.0,1.0
223.0,0,3,0,0,night,pa_7_rev,-E6,20.0,4,20.0,1,25.0,0.0,0,0,3,2,195.0,9,0,20.45,71,20.0,0.17,0.25,20.0,20.0,1.0,1.0,195.0,170.0,20.0,20.0,1.0,1.0
224.0,0,3,0,0,night,pa_7_rev,-E6,20.0,4,20.0,1,25.0,0.0,0,0,3,2,195.0,9,0,20.45,71,20.0,0.17,0.25,20.0,20.0,1.0,1.0,195.0,170.0,20.0,20.0,1.0,1.0
225.0,0,3,0,0,night,pa_7_rev,-E6,20.0,4,20.0,1,25.0,0.0,0,0,3,2,195.0,9,0,20.45,71,20.0,0.17,0.25,20.0,20.0,1.0,1.0,195.0,170.0,20.0,20.0,1.0,1.0
226.0,0,3,0,0,night,pa_7_rev,-E6,20.0,4,20.0,1,25.0,0.0,0,0,3,2,195.0,9,0,20.45,72,20.0,0.17,0.25,20.0,20.0,1.0,1.0,195.0,170.0,20.0,20.0,1.0,1.0
227.0,0,3,0,0,night,pa_7_rev,-E6,20.0,4,20.0,1,25.0,0.0,0,0,3,2,195.0,9,0,20.45,72,20.0,0.17,0.25,20.0,20.0,1.0,1.0,195.0,195.0,20.0,20.0,1.0,1.0
228.0,0,3,0,0,night,pa_7_rev,-E6,20.0,4,20.0,1,25.0,0.0,0,0,3,2,195.0,9,0,20.45,72,20.0,0.17,0.25,20.0,20.0,1.0,1.0,195.0,195.0,20.0,20.0,1.0,1.0
229.0,0,3,0,0,night,pa_7_rev,-E6,20.0,4,20.0,1,25.0,0.0,0,0,3,2,195.0,9,0,20.45,72,20.0,0.17,0.25,20.0,20.0,1.0,1.0,195.0,195.0,20.0,20.0,1.0,1.0
230.0,0,3,0,0,night,pa_7_rev,-E6,20.0,4,20.0,1,25.0,0.0,0,0,3,2,195.0,9,0,20.45,72,20.0,0.17,0.25,20.0,20.0,1.0,1.0,195.0,195.0,20.0,20.0,1.0,1.0
231.0,0,3,0,0,night,pa_7_rev,-E6,20.0,4,20.0,1,25.0,0.0,0,0,3,2,195.0,9,0,20.45,72,20.0,0.17,0.25,20.0,20.0,1.0,1.0,195.0,195.0,20.0,20.0,1.0,1.0
232.0,0,3,0,0,night,pa_7_rev,-E6,20.0,4,20.0,1,25.0,0.0,0,0,3,2,195.0,9,0,20.45,72,20.0,0.17,0.25,20.0,20.0,1.0,1.0,195.0,195.0,20.0,20.0,1.0,1.0
233.0,0,3,0,0,night,pa_7_rev,-E6,20.0,4,20.0,1,25.0,0.0,0,0,3,2,195.0,9,0,20.45,72,20.0,0.17,0.25,20.0,20.0,1.0,1.0,195.0,195.0,20.0,20.0,1.0,1.0
234.0,0,3,0,0,night,pa_7_rev,-E6,20.0,4,20.0,1,25.0,0.0,0,0,3,2,195.0,9,0,20.45,72,20.0,0.17,0.25,20.0,20.0,1.0,1.0,195.0,195.0,20.0,20.0,1.0,1.0
235.0,0,3,0,0,night,pa_7_rev,-E6,20.0,4,20.0,1,25.0,0.0,0,0,3,2,195.0,9,0,20.45,72,20.0,0.17,0.25,20.0,20.0,1.0,1.0,195.0,195.0,20.0,20.0,1.0,1.0
236.0,0,3,0,0,night,pa_7_rev,-E6,20.0,4,20.0,1,25.0,0.0,0,0,3,2,195.0,9,0,20.45,72,20.0,0.17,0.25,20.0,20.0,1.0,1.0,195.0,195.0,20.0,20.0,1.0,1.0
237.0,0,3,0,0,night,pa_7_rev,-E6,20.0,4,20.0,1,25.0,0.0,0,0,3,2,195.0,9,0,20.45,72,20.0,0.17,0.25,20.0,20.0,1.0,1.0,195.0,195.0,20.0,20.0,1.0,1.0
238.0,0,3,0,0,night,pa_7_rev,-E6,20.0,4,20.0,1,25.0,0.0,0,0,3,2,220.0,10,0,22.73,72,20.0,0.17,0.25,20.0,20.0,1.0,1.0,195.0,195.0,20.0,20.0,1.0,1.0
239.0,0,3,0,0,night,pa_7_rev,-E6,20.0,4,20.0,1,25.0,0.0,0,0,3,2,220.0,10,0,22.73,72,20.0,0.17,0.25,20.0,20.0,1.0,1.0,220.0,195.0,20.0,20.0,1.0,1.0
240.0,0,4,0,0,night,pa_7_rev,-E6,20.0,4,20.0,1,25.0,0.0,0,0,3,2,220.0,10,0,22.73,72,20.0,0.17,0.25,20.0,20.0,1.0,1.0,220.0,195.0,20.0,20.0,1.0,1.0
241.0,0,4,0,0,night,pa_7_rev,-E6,20.0,4,20.0,1,25.0,0.0,0,0,3,2,220.0,10,0,22.73,76,20.0,0.17,0.25,20.0,20.0,1.0,1.0,220.0,195.0,20.0,20.0,1.0,1.0
242.0,0,4,0,0,night,pa_7_rev,-E6,20.0,4,20.0,1,25.0,0.0,0,0,3,2,220.0,10,0,22.73,76,20.0,0.17,0.25,20.0,20.0,1.0,1.0,220.0,195.0,20.0,20.0,1.0,1.0
243.0,0,4,0,0,night,pa_7_rev,-E6,20.0,4,20.0,1,25.0,0.0,0,0,3,2,220.0,10,0,22.73,78,20.0,0.17,0.25,20.0,20.0,1.0,1.0,220.0,220.0,20.0,20.0,1.0,1.0
244.0,0,4,0,0,night,pa_7_rev,-E6,20.0,4,20.0,1,25.0,0.0,0,0,3,2,220.0,10,0,22.73,78,20.0,0.17,0.25,20.0,20.0,1.0,1.0,220.0,220.0,20.0,20.0,1.0,1.0
245.0,0,4,0,0,night,pa_7_rev,-E6,20.0,4,20.0,1,25.0,0.0,0,0,3,2,220.0,10,0,22.73,78,20.0,0.17,0.25,20.0,20.0,1.0,1.0,220.0,220.0,20.0,20.0,1.0,1.0
246.0,0,4,0,0,night,pa_7_rev,-E6,20.0,4,20.0,1,25.0,0.0,0,0,3,2,220.0,10,0,22.73,79,20.0,0.17,0.25,20.0,20.0,1.0,1.0,220.0,220.0,20.0,20.0,1.0,1.0
247.0,0,4,0,0,night,pa_7_rev,-E6,20.0,4,20.0,1,25.0,0.0,0,0,3,2,240.0,11,0,25.0,79,20.0,0.17,0.25,20.0,20.0,1.0,1.0,220.0,220.0,20.0,20.0,1.0,1.0
248.0,0,4,0,0,night,pa_7_rev,-E6,20.0,4,20.0,1,25.0,0.0,0,0,3,2,240.0,11,0,25.0,80,20.0,0.17,0.25,20.0,20.0,1.0,1.0,240.0,220.0,20.0,20.0,1.0,1.0
249.0,0,4,0,0,night,pa_7_rev,-E6,20.0,4,20.0,1,25.0,0.0,0,0,3,2,240.0,11,0,25.0,80,20.0,0.17,0.25,20.0,20.0,1.0,1.0,240.0,220.0,20.0,20.0,1.0,1.0
250.0,0,4,0,0,night,pa_7_rev,-E6,20.0,4,20.0,1,25.0,0.0,0,0,3,2,240.0,11,0,25.0,80,20.0,0.17,0.25,20.0,20.0,1.0,1.0,240.0,220.0,20.0,20.0,1.0,1.0
251.0,0,4,0,0,night,pa_7_rev,-E6,20.0,4,20.0,1,25.0,0.0,0,0,3,2,240.0,11,0,25.0,80,20.0,0.17,0.25,20.0,20.0,1.0,1.0,240.0,220.0,20.0,20.0,1.0,1.0
252.0,0,4,0,0,night,pa_7_rev,-E6,20.0,4,20.0,1,25.0,0.0,0,0,3,2,260.0,12,0,27.27,80,20.0,0.17,0.25,20.0,20.0,1.0,1.0,240.0,240.0,20.0,20.0,1.0,1.0
253.0,0,4,0,0,night,pa_7_rev,-E6,20.0,4,20.0,1,25.0,0.0,0,0,3,2,260.0,12,0,27.27,80,20.0,0.17,0.25,20.0,20.0,1.0,1.0,260.0,240.0,20.0,20.0,1.0,1.0
254.0,0,4,0,0,night,pa_7_rev,-E6,20.0,4,20.0,1,25.0,0.0,0,0,3,2,260.0,12,0,27.27,80,20.0,0.17,0.25,20.0,20.0,1.0,1.0,260.0,240.0,20.0,20.0,1.0,1.0
255.0,0,4,0,0,night,pa_7_rev,-E6,20.0,4,20.0,1,25.0,0.0,0,0,3,2,260.0,12,0,27.27,80,20.0,0.17,0.25,20.0,20.0,1.0,1.0,260.0,240.0,20.0,20.0,1.0,1.0
256.0,0,4,0,0,night,pa_7_rev,-E6,20.0,4,20.0,1,25.0,0.0,0,0,3,2,260.0,12,0,27.27,80,20.0,0.17,0.25,20.0,20.0,1.0,1.0,260.0,240.0,20.0,20.0,1.0,1.0
257.0,0,4,0,0,night,pa_7_rev,-E6,20.0,4,20.0,1,25.0,0.0,0,0,3,2,280.0,13,0,29.55,80,20.0,0.17,0.25,20.0,20.0,1.0,1.0,260.0,260.0,20.0,20.0,1.0,1.0
258.0,0,4,0,0,night,pa_7_rev,-E6,20.0,4,20.0,1,25.0,0.0,0,0,3,2,280.0,13,0,29.55,82,20.0,0.17,0.25,20.0,20.0,1.0,1.0,280.0,260.0,20.0,20.0,1.0,1.0
259.0,0,4,0,0,night,pa_7_rev,-E6,20.0,4,20.0,1,25.0,0.0,0,0,3,2,280.0,13,0,29.55,82,20.0,0.17,0.25,20.0,20.0,1.0,1.0,280.0,260.0,20.0,20.0,1.0,1.0
260.0,0,4,0,0,night,pa_7_rev,-E6,20.0,4,20.0,1,25.0,0.0,0,0,3,2,280.0,13,0,29.55,82,20.0,0.17,0.25,20.0,20.0,1.0,1.0,280.0,260.0,20.0,20.0,1.0,1.0
261.0,0,4,0,0,night,pa_7_rev,-E6,20.0,4,20.0,1,25.0,0.0,0,0,3,2,280.0,13,0,29.55,82,20.0,0.17,0.25,20.0,20.0,1.0,1.0,280.0,260.0,20.0,20.0,1.0,1.0
262.0,0,4,0,0,night,pa_7_rev,-E6,20.0,4,20.0,1,25.0,0.0,0,0,3,2,280.0,13,0,29.55,82,20.0,0.17,0.25,20.0,20.0,1.0,1.0,280.0,280.0,20.0,20.0,1.0,1.0
263.0,0,4,0,0,night,pa_7_rev,-E6,20.0,4,20.0,1,25.0,0.0,0,0,3,2,280.0,13,0,29.55,82,20.0,0.17,0.25,20.0,20.0,1.0,1.0,280.0,280.0,20.0,20.0,1.0,1.0
264.0,0,4,0,0,night,pa_7_rev,-E6,20.0,4,20.0,1,25.0,0.0,0,0,3,2,280.0,13,0,29.55,82,20.0,0.17,0.25,20.0,20.0,1.0,1.0,280.0,280.0,20.0,20.0,1.0,1.0
265.0,0,4,0,0,night,pa_7_rev,-E6,20.0,4,20.0,1,25.0,0.0,0,0,3,2,280.0,13,0,29.55,82,20.0,0.17,0.25,20.0,20.0,1.0,1.0,280.0,280.0,20.0,20.0,1.0,1.0
266.0,0,4,0,0,night,pa_7_rev,-E6,20.0,4,20.0,1,25.0,0.0,0,0,3,2,300.0,14,0,31.82,82,20.0,0.17,0.25,20.0,20.0,1.0,1.0,280.0,280.0,20.0,20.0,1.0,1.0
267.0,0,4,0,0,night,pa_7_rev,-E6,20.0,4,20.0,1,25.0,0.0,0,0,3,2,300.0,14,0,31.82,82,20.0,0.17,0.25,20.0,20.0,1.0,1.0,300.0,280.0,20.0,20.0,1.0,1.0
268.0,0,4,0,0,night,pa_7_rev,-E6,20.0,4,20.0,1,25.0,0.0,0,0,3,2,325.0,15,0,34.09,82,20.0,0.17,0.25,20.0,20.0,1.0,1.0,300.0,280.0,20.0,20.0,1.0,1.0
269.0,0,4,0,0,night,pa_7_rev,-E6,20.0,4,20.0,1,25.0,0.0,0,0,3,2,350.0,16,0,36.36,82,20.0,0.17,0.25,20.0,20.0,1.0,1.0,325.0,280.0,20.0,20.0,1.0,1.0
270.0,0,4,0,0,night,pa_7_rev,-E6,20.0,4,20.0,1,25.0,0.0,0,0,3,2,370.0,17,0,38.64,82,20.0,0.17,0.25,20.0,20.0,1.0,1.0,350.0,280.0,20.0,20.0,1.0,1.0
271.0,0,4,0,0,night,pa_7_rev,-E6,20.0,4,20.0,1,25.0,0.0,0,0,3,2,370.0,17,0,38.64,83,20.0,0.17,0.25,20.0,20.0,1.0,1.0,370.0,300.0,20.0,20.0,1.0,1.0
272.0,0,4,0,0,night,pa_7_rev,-E6,20.0,4,40.0,2,50.0,0.0,0,0,2,2,390.0,18,0,40.91,83,20.0,0.33,0.5,20.0,20.0,1.0,1.0,370.0,300.0,24.0,22.0,1.2,1.1
273.0,0,4,0,0,night,pa_7_rev,-E6,20.0,4,40.0,2,50.0,0.0,0,0,2,2,415.0,19,0,43.18,84,20.0,0.33,0.5,40.0,20.0,2.0,1.0,390.0,325.0,28.0,24.0,1.4,1.2
274.0,0,4,0,0,night,pa_7_rev,-E6,20.0,4,40.0,2,50.0,0.0,0,0,2,2,440.0,20,0,45.45,84,20.0,0.33,0.5,40.0,20.0,2.0,1.0,415.0,350.0,32.0,26.0,1.6,1.3
275.0,0,4,0,0,night,pa_7_rev,-E6,20.0,4,40.0,2,50.0,0.0,0,0,2,2,480.0,22,0,50.0,84,20.0,0.33,0.5,40.0,20.0,2.0,1.0,440.0,370.0,36.0,28.0,1.8,1.4
276.0,0,4,0,0,night,pa_7_rev,-E6,20.0,4,40.0,2,50.0,0.0,0,0,2,2,500.0,23,0,52.27,84,20.0,0.33,0.5,40.0,20.0,2.0,1.0,480.0,370.0,40.0,30.0,2.0,1.5
277.0,0,4,0,0,night,pa_7_rev,-E6,20.0,4,40.0,2,50.0,0.0,0,0,2,2,500.0,23,0,52.27,84,20.0,0.33,0.5,40.0,40.0,2.0,2.0,500.0,390.0,40.0,32.0,2.0,1.6
278.0,0,4,0,0,night,pa_7_rev,-E6,20.0,4,40.0,2,50.0,0.0,0,0,2,2,500.0,23,0,52.27,84,20.0,0.33,0.5,40.0,40.0,2.0,2.0,500.0,415.0,40.0,34.0,2.0,1.7
279.0,0,4,0,0,night,pa_7_rev,-E6,20.0,4,40.0,2,50.0,0.0,0,0,2,2,500.0,23,0,52.27,84,20.0,0.33,0.5,40.0,40.0,2.0,2.0,500.0,440.0,40.0,36.0,2.0,1.8
280.0,0,4,0,0,night,pa_7_rev,-E6,20.0,4,40.0,2,50.0,0.0,0,0,2,2,520.0,24,0,54.55,84,20.0,0.33,0.5,40.0,40.0,2.0,2.0,500.0,480.0,40.0,38.0,2.0,1.9
281.0,0,4,0,0,night,pa_7_rev,-E6,20.0,4,40.0,2,50.0,0.0,0,0,2,2,545.0,25,0,56.82,85,20.0,0.33,0.5,40.0,40.0,2.0,2.0,520.0,500.0,40.0,40.0,2.0,2.0
282.0,0,4,0,0,night,pa_7_rev,-E6,20.0,4,40.0,2,50.0,0.0,0,0,2,2,545.0,25,0,56.82,85,20.0,0.33,0.5,40.0,40.0,2.0,2.0,545.0,500.0,40.0,40.0,2.0,2.0
283.0,0,4,0,0,night,pa_7_rev,-E6,20.0,4,40.0,2,50.0,0.0,0,0,2,2,545.0,25,0,56.82,85,20.0,0.33,0.5,40.0,40.0,2.0,2.0,545.0,500.0,40.0,40.0,2.0,2.0
284.0,0,4,0,0,night,pa_7_rev,-E6,20.0,4,40.0,2,50.0,0.0,0,0,2,2,545.0,25,0,56.82,85,20.0,0.33,0.5,40.0,40.0,2.0,2.0,545.0,500.0,40.0,40.0,2.0,2.0
285.0,0,4,0,0,night,pa_7_rev,-E6,20.0,4,40.0,2,50.0,0.0,0,0,2,2,545.0,25,0,56.82,85,20.0,0.33,0.5,40.0,40.0,2.0,2.0,545.0,520.0,40.0,40.0,2.0,2.0
286.0,0,4,0,0,night,pa_7_rev,-E6,20.0,4,40.0,2,50.0,0.0,0,0,2,2,545.0,25,0,56.82,85,20.0,0.33,0.5,40.0,40.0,2.0,2.0,545.0,545.0,40.0,40.0,2.0,2.0
287.0,0,4,0,0,night,pa_7_rev,-E6,20.0,4,40.0,2,50.0,0.0,0,0,2,2,545.0,25,0,56.82,85,20.0,0.33,0.5,40.0,40.0,2.0,2.0,545.0,545.0,40.0,40.0,2.0,2.0
288.0,0,4,0,0,night,pa_7_rev,-E6,20.0,4,40.0,2,50.0,0.0,0,0,2,2,545.0,25,0,56.82,85,20.0,0.33,0.5,40.0,40.0,2.0,2.0,545.0,545.0,40.0,40.0,2.0,2.0
289.0,0,4,0,0,night,pa_7_rev,-E6,20.0,4,40.0,2,50.0,0.0,0,0,2,2,545.0,25,0,56.82,90,20.0,0.33,0.5,40.0,40.0,2.0,2.0,545.0,545.0,40.0,40.0,2.0,2.0
290.0,0,4,0,0,night,pa_7_rev,-E6,20.0,4,40.0,2,50.0,0.0,0,0,2,2,545.0,25,0,56.82,90,20.0,0.33,0.5,40.0,40.0,2.0,2.0,545.0,545.0,40.0,40.0,2.0,2.0
291.0,0,4,0,0,night,pa_7_rev,-E6,20.0,4,40.0,2,50.0,0.0,0,0,2,2,545.0,25,0,56.82,90,20.0,0.33,0.5,40.0,40.0,2.0,2.0,545.0,545.0,40.0,40.0,2.0,2.0
292.0,0,4,0,0,night,pa_7_rev,-E6,20.0,4,60.0,3,75.0,0.0,0,0,1,2,610.0,28,0,63.64,90,20.0,0.5,0.75,40.0,40.0,2.0,2.0,545.0,545.0,44.0,42.0,2.2,2.1
293.0,0,4,0,0,night,pa_7_rev,-E6,20.0,4,60.0,3,75.0,0.0,0,0,1,2,610.0,28,0,63.64,90,20.0,0.5,0.75,60.0,40.0,3.0,2.0,610.0,545.0,48.0,44.0,2.4,2.2
294.0,0,4,0,0,night,pa_7_rev,-E6,20.0,4,60.0,3,75.0,0.0,0,0,1,2,610.0,28,0,63.64,90,20.0,0.5,0.75,60.0,40.0,3.0,2.0,610.0,545.0,52.0,46.0,2.6,2.3
295.0,0,4,0,0,night,pa_7_rev,-E6,20.0,4,60.0,3,75.0,0.0,0,0,1,2,610.0,28,0,63.64,90,20.0,0.5,0.75,60.0,40.0,3.0,2.0,610.0,545.0,56.0,48.0,2.8,2.4
296.0,0,4,0,0,night,pa_7_rev,-E6,20.0,4,60.0,3,75.0,0.0,0,0,1,2,610.0,28,0,63.64,90,20.0,0.5,0.75,60.0,40.0,3.0,2.0,610.0,545.0,60.0,50.0,3.0,2.5
297.0,0,4,0,0,night,pa_7_rev,-E6,20.0,4,60.0,3,75.0,0.0,0,0,1,2,610.0,28,0,63.64,90,20.0,0.5,0.75,60.0,60.0,3.0,3.0,610.0,610.0,60.0,52.0,3.0,2.6
298.0,0,4,0,0,night,pa_7_rev,-E6,20.0,4,60.0,3,75.0,0.0,0,0,1,2,610.0,28,0,63.64,90,20.0,0.5,0.75,60.0,60.0,3.0,3.0,610.0,610.0,60.0,54.0,3.0,2.7
299.0,0,4,0,0,night,pa_7_rev,-E6,20.0,4,60.0,3,75.0,0.0,0,0,1,2,610.0,28,0,63.64,90,20.0,0.5,0.75,60.0,60.0,3.0,3.0,610.0,610.0,60.0,56.0,3.0,2.8
300.0,0,5,0,0,night,pa_7_rev,-E6,20.0,4,60.0,3,75.0,0.0,0,0,1,2,610.0,28,0,63.64,90,20.0,0.5,0.75,60.0,60.0,3.0,3.0,610.0,610.0,60.0,58.0,3.0,2.9
301.0,0,5,0,0,night,pa_7_rev,-E6,20.0,4,60.0,3,75.0,0.0,0,0,1,2,635.0,29,0,65.91,92,20.0,0.5,0.75,60.0,60.0,3.0,3.0,610.0,610.0,60.0,60.0,3.0,3.0
302.0,0,5,0,0,night,pa_7_rev,-E6,20.0,4,60.0,3,75.0,0.0,0,0,1,2,635.0,29,0,65.91,92,20.0,0.5,0.75,60.0,60.0,3.0,3.0,635.0,610.0,60.0,60.0,3.0,3.0
303.0,0,5,0,0,night,pa_7_rev,-E6,20.0,4,60.0,3,75.0,0.0,0,0,1,2,635.0,29,0,65.91,92,20.0,0.5,0.75,60.0,60.0,3.0,3.0,635.0,610.0,60.0,60.0,3.0,3.0
304.0,0,5,0,0,night,pa_7_rev,-E6,20.0,4,60.0,3,75.0,0.0,0,0,1,2,635.0,29,0,65.91,92,20.0,0.5,0.75,60.0,60.0,3.0,3.0,635.0,610.0,60.0,60.0,3.0,3.0
305.0,0,5,0,0,night,pa_7_rev,-E6,20.0,4,60.0,3,75.0,0.0,0,0,1,2,635.0,29,0,65.91,92,20.0,0.5,0.75,60.0,60.0,3.0,3.0,635.0,610.0,60.0,60.0,3.0,3.0
306.0,0,5,0,0,night,pa_7_rev,-E6,20.0,4,60.0,3,75.0,0.0,0,0,1,2,635.0,29,0,65.91,92,20.0,0.5,0.75,60.0,60.0,3.0,3.0,635.0,635.0,60.0,60.0,3.0,3.0
307.0,0,5,0,0,night,pa_7_rev,-E6,20.0,4,60.0,3,75.0,0.0,0,0,1,2,680.0,31,0,70.45,92,20.0,0.5,0.75,60.0,60.0,3.0,3.0,635.0,635.0,60.0,60.0,3.0,3.0
308.0,0,5,0,0,night,pa_7_rev,-E6,20.0,4,60.0,3,75.0,0.0,0,0,1,2,680.0,31,0,70.45,92,20.0,0.5,0.75,60.0,60.0,3.0,3.0,680.0,635.0,60.0,60.0,3.0,3.0
309.0,0,5,0,0,night,pa_7_rev,-E6,20.0,4,60.0,3,75.0,0.0,0,0,1,2,680.0,31,0,70.45,97,20.0,0.5,0.75,60.0,60.0,3.0,3.0,680.0,635.0,60.0,60.0,3.0,3.0
310.0,0,5,0,0,night,pa_7_rev,-E6,20.0,4,60.0,3,75.0,0.0,0,0,1,2,680.0,31,0,70.45,97,20.0,0.5,0.75,60.0,60.0,3.0,3.0,680.0,635.0,60.0,60.0,3.0,3.0
311.0,0,5,0,0,night,pa_7_rev,-E6,20.0,4,60.0,3,75.0,0.0,0,0,1,2,680.0,31,0,70.45,97,20.0,0.5,0.75,60.0,60.0,3.0,3.0,680.0,635.0,60.0,60.0,3.0,3.0
312.0,0,5,0,0,night,pa_7_rev,-E6,20.0,4,60.0,3,75.0,0.0,0,0,1,2,680.0,31,0,70.45,97,20.0,0.5,0.75,60.0,60.0,3.0,3.0,680.0,680.0,60.0,60.0,3.0,3.0
313.0,0,5,0,0,night,pa_7_rev,-E6,20.0,4,60.0,3,75.0,0.0,0,0,1,2,680.0,31,0,70.45,97,20.0,0.5,0.75,60.0,60.0,3.0,3.0,680.0,680.0,60.0,60.0,3.0,3.0
314.0,0,5,0,0,night,pa_7_rev,-E6,20.0,4,60.0,3,75.0,0.0,0,0,1,2,680.0,31,0,70.45,97,20.0,0.5,0.75,60.0,60.0,3.0,3.0,680.0,680.0,60.0,60.0,3.0,3.0
315.0,0,5,0,0,night,pa_7_rev,-E6,20.0,4,60.0,3,75.0,0.0,0,0,1,2,680.0,31,0,70.45,97,20.0,0.5,0.75,60.0,60.0,3.0,3.0,680.0,680.0,60.0,60.0,3.0,3.0
316.0,0,5,0,0,night,pa_7_rev,-E6,20.0,4,60.0,3,75.0,0.0,0,0,1,2,680.0,31,0,70.45,98,20.0,0.5,0.75,60.0,60.0,3.0,3.0,680.0,680.0,60.0,60.0,3.0,3.0
317.0,0,5,0,0,night,pa_7_rev,-E6,20.0,4,60.0,3,75.0,0.0,0,0,1,2,680.0,31,0,70.45,98,20.0,0.5,0.75,60.0,60.0,3.0,3.0,680.0,680.0,60.0,60.0,3.0,3.0
318.0,0,5,0,0,night,pa_7_rev,-E6,20.0,4,60.0,3,75.0,0.0,0,0,1,2,680.0,31,0,70.45,98,20.0,0.5,0.75,60.0,60.0,3.0,3.0,680.0,680.0,60.0,60.0,3.0,3.0
319.0,0,5,0,0,night,pa_7_rev,-E6,20.0,4,60.0,3,75.0,0.0,0,0,1,2,680.0,31,0,70.45,98,20.0,0.5,0.75,60.0,60.0,3.0,3.0,680.0,680.0,60.0,60.0,3.0,3.0
320.0,0,5,0,0,night,pa_7_rev,-E6,20.0,4,60.0,3,75.0,0.0,0,0,1,2,680.0,31,0,70.45,98,20.0,0.5,0.75,60.0,60.0,3.0,3.0,680.0,680.0,60.0,60.0,3.0,3.0
321.0,0,5,0,0,night,pa_7_rev,-E6,20.0,4,60.0,3,75.0,0.0,0,0,1,2,680.0,31,0,70.45,100,20.0,0.5,0.75,60.0,60.0,3.0,3.0,680.0,680.0,60.0,60.0,3.0,3.0
322.0,0,5,0,0,night,pa_7_rev,-E6,20.0,4,60.0,3,75.0,0.0,0,0,1,2,680.0,31,0,70.45,100,20.0,0.5,0.75,60.0,60.0,3.0,3.0,680.0,680.0,60.0,60.0,3.0,3.0
323.0,0,5,0,0,night,pa_7_rev,-E6,20.0,4,60.0,3,75.0,0.0,0,0,1,2,680.0,31,0,70.45,100,20.0,0.5,0.75,60.0,60.0,3.0,3.0,680.0,680.0,60.0,60.0,3.0,3.0
324.0,0,5,0,0,night,pa_7_rev,-E6,20.0,4,60.0,3,75.0,0.0,0,0,1,2,680.0,31,0,70.45,100,20.0,0.5,0.75,60.0,60.0,3.0,3.0,680.0,680.0,60.0,60.0,3.0,3.0
325.0,0,5,0,0,night,pa_7_rev,-E6,20.0,4,60.0,3,75.0,0.0,0,0,1,2,680.0,31,0,70.45,100,20.0,0.5,0.75,60.0,60.0,3.0,3.0,680.0,680.0,60.0,60.0,3.0,3.0
326.0,0,5,0,0,night,pa_7_rev,-E6,20.0,4,60.0,3,75.0,0.0,0,0,1,2,700.0,32,0,72.73,100,20.0,0.5,0.75,60.0,60.0,3.0,3.0,680.0,680.0,60.0,60.0,3.0,3.0
327.0,0,5,0,0,night,pa_7_rev,-E6,20.0,4,60.0,3,75.0,0.0,0,0,1,2,700.0,32,0,72.73,100,20.0,0.5,0.75,60.0,60.0,3.0,3.0,700.0,680.0,60.0,60.0,3.0,3.0
328.0,0,5,0,0,night,pa_7_rev,-E6,20.0,4,60.0,3,75.0,0.0,0,0,1,2,700.0,32,0,72.73,100,20.0,0.5,0.75,60.0,60.0,3.0,3.0,700.0,680.0,60.0,60.0,3.0,3.0
329.0,0,5,0,0,night,pa_7_rev,-E6,20.0,4,60.0,3,75.0,0.0,0,0,1,2,700.0,32,0,72.73,100,20.0,0.5,0.75,60.0,60.0,3.0,3.0,700.0,680.0,60.0,60.0,3.0,3.0
330.0,0,5,0,0,night,pa_7_rev,-E6,20.0,4,60.0,3,75.0,0.0,0,0,1,2,700.0,32,0,72.73,100,20.0,0.5,0.75,60.0,60.0,3.0,3.0,700.0,680.0,60.0,60.0,3.0,3.0
331.0,0,5,0,0,night,pa_7_rev,-E6,20.0,4,60.0,3,75.0,0.0,0,0,1,2,700.0,32,0,72.73,100,20.0,0.5,0.75,60.0,60.0,3.0,3.0,700.0,700.0,60.0,60.0,3.0,3.0
332.0,0,5,0,0,night,pa_7_rev,-E6,20.0,4,60.0,3,75.0,0.0,0,0,1,2,700.0,32,0,72.73,100,20.0,0.5,0.75,60.0,60.0,3.0,3.0,700.0,700.0,60.0,60.0,3.0,3.0
333.0,0,5,0,0,night,pa_7_rev,-E6,20.0,4,60.0,3,75.0,0.0,0,0,1,2,700.0,32,0,72.73,100,20.0,0.5,0.75,60.0,60.0,3.0,3.0,700.0,700.0,60.0,60.0,3.0,3.0
334.0,0,5,0,0,night,pa_7_rev,-E6,20.0,4,60.0,3,75.0,0.0,0,0,1,2,700.0,32,0,72.73,100,20.0,0.5,0.75,60.0,60.0,3.0,3.0,700.0,700.0,60.0,60.0,3.0,3.0
335.0,0,5,0,0,night,pa_7_rev,-E6,20.0,4,60.0,3,75.0,0.0,0,0,1,2,700.0,32,0,72.73,100,20.0,0.5,0.75,60.0,60.0,3.0,3.0,700.0,700.0,60.0,60.0,3.0,3.0
336.0,0,5,0,0,night,pa_7_rev,-E6,20.0,4,60.0,3,75.0,0.0,0,0,1,2,700.0,32,0,72.73,100,20.0,0.5,0.75,60.0,60.0,3.0,3.0,700.0,700.0,60.0,60.0,3.0,3.0
337.0,0,5,0,0,night,pa_7_rev,-E6,20.0,4,60.0,3,75.0,0.0,0,0,1,2,700.0,32,0,72.73,100,20.0,0.5,0.75,60.0,60.0,3.0,3.0,700.0,700.0,60.0,60.0,3.0,3.0
338.0,0,5,0,0,night,pa_7_rev,-E6,20.0,4,60.0,3,75.0,0.0,0,0,1,2,700.0,32,0,72.73,100,20.0,0.5,0.75,60.0,60.0,3.0,3.0,700.0,700.0,60.0,60.0,3.0,3.0
339.0,0,5,0,0,night,pa_7_rev,-E6,20.0,4,60.0,3,75.0,0.0,0,0,1,2,700.0,32,0,72.73,100,20.0,0.5,0.75,60.0,60.0,3.0,3.0,700.0,700.0,60.0,60.0,3.0,3.0
340.0,0,5,0,0,night,pa_7_rev,-E6,20.0,4,60.0,3,75.0,0.0,0,0,1,2,740.0,34,0,77.27,100,20.0,0.5,0.75,60.0,60.0,3.0,3.0,700.0,700.0,60.0,60.0,3.0,3.0
341.0,0,5,0,0,night,pa_7_rev,-E6,20.0,4,60.0,3,75.0,0.0,0,0,1,2,740.0,34,0,77.27,100,20.0,0.5,0.75,60.0,60.0,3.0,3.0,740.0,700.0,60.0,60.0,3.0,3.0
342.0,0,5,0,0,night,pa_7_rev,-E6,20.0,4,60.0,3,75.0,0.0,0,0,1,2,740.0,34,0,77.27,100,20.0,0.5,0.75,60.0,60.0,3.0,3.0,740.0,700.0,60.0,60.0,3.0,3.0
343.0,0,5,0,0,night,pa_7_rev,-E6,20.0,4,60.0,3,75.0,0.0,0,0,1,2,740.0,34,0,77.27,100,20.0,0.5,0.75,60.0,60.0,3.0,3.0,740.0,700.0,60.0,60.0,3.0,3.0
344.0,0,5,0,0,night,pa_7_rev,-E6,20.0,4,60.0,3,75.0,0.0,0,0,1,2,740.0,34,0,77.27,100,20.0,0.5,0.75,60.0,60.0,3.0,3.0,740.0,700.0,60.0,60.0,3.0,3.0
345.0,0,5,0,0,night,pa_7_rev,-E6,20.0,4,60.0,3,75.0,0.0,0,0,1,2,740.0,34,0,77.27,100,20.0,0.5,0.75,60.0,60.0,3.0,3.0,740.0,740.0,60.0,60.0,3.0,3.0
346.0,0,5,0,0,night,pa_7_rev,-E6,20.0,4,60.0,3,75.0,0.0,0,0,1,2,740.0,34,0,77.27,100,20.0,0.5,0.75,60.0,60.0,3.0,3.0,740.0,740.0,60.0,60.0,3.0,3.0
347.0,0,5,0,0,night,pa_7_rev,-E6,20.0,4,60.0,3,75.0,0.0,0,0,1,2,740.0,34,0,77.27,100,20.0,0.5,0.75,60.0,60.0,3.0,3.0,740.0,740.0,60.0,60.0,3.0,3.0
348.0,0,5,0,0,night,pa_7_rev,-E6,20.0,4,60.0,3,75.0,0.0,0,0,1,2,740.0,34,0,77.27,100,20.0,0.5,0.75,60.0,60.0,3.0,3.0,740.0,740.0,60.0,60.0,3.0,3.0
349.0,0,5,0,0,night,pa_7_rev,-E6,20.0,4,60.0,3,75.0,0.0,0,0,1,2,740.0,34,0,77.27,100,20.0,0.5,0.75,60.0,60.0,3.0,3.0,740.0,740.0,60.0,60.0,3.0,3.0
350.0,0,5,0,0,night,pa_7_rev,-E6,20.0,4,60.0,3,75.0,0.0,0,0,1,2,740.0,34,0,77.27,100,20.0,0.5,0.75,60.0,60.0,3.0,3.0,740.0,740.0,60.0,60.0,3.0,3.0
351.0,0,5,0,0,night,pa_7_rev,-E6,20.0,4,60.0,3,75.0,0.0,0,0,1,2,740.0,34,0,77.27,100,20.0,0.5,0.75,60.0,60.0,3.0,3.0,740.0,740.0,60.0,60.0,3.0,3.0
352.0,0,5,0,0,night,pa_7_rev,-E6,20.0,4,60.0,3,75.0,0.0,0,0,1,2,740.0,34,0,77.27,100,20.0,0.5,0.75,60.0,60.0,3.0,3.0,740.0,740.0,60.0,60.0,3.0,3.0
353.0,0,5,0,0,night,pa_7_rev,-E6,20.0,4,60.0,3,75.0,0.0,0,0,1,2,740.0,34,0,77.27,100,20.0,0.5,0.75,60.0,60.0,3.0,3.0,740.0,740.0,60.0,60.0,3.0,3.0
354.0,0,5,0,0,night,pa_7_rev,-E6,20.0,4,60.0,3,75.0,0.0,0,0,1,2,740.0,34,0,77.27,100,20.0,0.5,0.75,60.0,60.0,3.0,3.0,740.0,740.0,60.0,60.0,3.0,3.0
355.0,0,5,0,0,night,pa_7_rev,-E6,20.0,4,60.0,3,75.0,0.0,0,0,1,2,740.0,34,0,77.27,100,20.0,0.5,0.75,60.0,60.0,3.0,3.0,740.0,740.0,60.0,60.0,3.0,3.0
356.0,0,5,0,0,night,pa_7_rev,-E6,20.0,4,60.0,3,75.0,0.0,0,0,1,2,740.0,34,0,77.27,100,20.0,0.5,0.75,60.0,60.0,3.0,3.0,740.0,740.0,60.0,60.0,3.0,3.0
357.0,0,5,0,0,night,pa_7_rev,-E6,20.0,4,60.0,3,75.0,0.0,0,0,1,2,740.0,34,0,77.27,100,20.0,0.5,0.75,60.0,60.0,3.0,3.0,740.0,740.0,60.0,60.0,3.0,3.0
358.0,0,5,0,0,night,pa_7_rev,-E6,20.0,4,60.0,3,75.0,0.0,0,0,1,2,740.0,34,0,77.27,100,20.0,0.5,0.75,60.0,60.0,3.0,3.0,740.0,740.0,60.0,60.0,3.0,3.0
359.0,0,5,0,0,night,pa_7_rev,-E6,20.0,4,60.0,3,75.0,0.0,0,0,1,2,765.0,35,0,79.55,100,20.0,0.5,0.75,60.0,60.0,3.0,3.0,740.0,740.0,60.0,60.0,3.0,3.0
360.0,0,6,0,0,night,pa_7_rev,-E6,20.0,4,60.0,3,75.0,0.0,0,0,1,2,790.0,36,0,81.82,100,20.0,0.5,0.75,60.0,60.0,3.0,3.0,765.0,740.0,60.0,60.0,3.0,3.0
361.0,0,6,0,0,night,pa_7_rev,-E6,20.0,4,60.0,3,75.0,0.0,0,0,1,2,790.0,36,0,81.82,107,20.0,0.5,0.75,60.0,60.0,3.0,3.0,790.0,740.0,60.0,60.0,3.0,3.0
362.0,0,6,0,0,night,pa_7_rev,-E6,20.0,4,60.0,3,75.0,0.0,0,0,1,2,790.0,36,0,81.82,107,20.0,0.5,0.75,60.0,60.0,3.0,3.0,790.0,740.0,60.0,60.0,3.0,3.0
363.0,0,6,0,0,night,pa_7_rev,-E6,20.0,4,60.0,3,75.0,0.0,0,0,1,2,810.0,37,0,84.09,109,20.0,0.5,0.75,60.0,60.0,3.0,3.0,790.0,740.0,60.0,60.0,3.0,3.0
364.0,0,6,0,0,night,pa_7_rev,-E6,20.0,4,60.0,3,75.0,0.0,0,0,1,2,810.0,37,0,84.09,110,20.0,0.5,0.75,60.0,60.0,3.0,3.0,810.0,765.0,60.0,60.0,3.0,3.0
365.0,0,6,0,0,night,pa_7_rev,-E6,20.0,4,60.0,3,75.0,0.0,0,0,1,2,810.0,37,0,84.09,110,20.0,0.5,0.75,60.0,60.0,3.0,3.0,810.0,790.0,60.0,60.0,3.0,3.0
366.0,0,6,0,0,night,pa_7_rev,-E6,20.0,4,80.0,4,100.0,0.0,0,0,0,2,830.0,38,0,86.36,111,20.0,0.67,1.0,60.0,60.0,3.0,3.0,810.0,790.0,64.0,62.0,3.2,3.1
367.0,0,6,0,0,night,pa_7_rev,-E6,20.0,4,80.0,4,100.0,0.0,0,0,0,2,855.0,39,0,88.64,112,20.0,0.67,1.0,80.0,60.0,4.0,3.0,830.0,790.0,68.0,64.0,3.4,3.2
368.0,0,6,0,0,night,pa_7_rev,-E6,20.0,4,80.0,4,100.0,0.0,0,0,0,2,855.0,39,0,88.64,111,20.0,0.67,1.0,80.0,60.0,4.0,3.0,855.0,810.0,72.0,66.0,3.6,3.3
369.0,0,6,0,0,night,pa_7_rev,-E6,20.0,4,80.0,4,100.0,0.0,0,0,0,2,855.0,39,0,88.64,111,20.0,0.67,1.0,80.0,60.0,4.0,3.0,855.0,810.0,76.0,68.0,3.8,3.4
370.0,0,6,0,0,night,pa_7_rev,-E6,20.0,4,80.0,4,100.0,0.0,0,0,0,2,855.0,39,0,88.64,112,20.0,0.67,1.0,80.0,60.0,4.0,3.0,855.0,810.0,80.0,70.0,4.0,3.5
371.0,0,6,0,0,night,pa_7_rev,-E6,20.0,4,80.0,4,100.0,0.0,0,0,0,2,880.0,40,1,90.91,111,20.0,0.67,1.0,80.0,80.0,4.0,4.0,855.0,830.0,80.0,72.0,4.0,3.6
372.0,0,6,0,0,night,pa_7_rev,-E6,20.0,4,80.0,4,100.0,0.0,0,0,0,2,880.0,40,1,90.91,112,20.0,0.67,1.0,80.0,80.0,4.0,4.0,880.0,855.0,80.0,74.0,4.0,3.7
373.0,0,6,0,0,night,pa_7_rev,-E6,20.0,4,80.0,4,100.0,0.0,0,0,0,2,880.0,40,1,90.91,112,20.0,0.67,1.0,80.0,80.0,4.0,4.0,880.0,855.0,80.0,76.0,4.0,3.8
374.0,0,6,0,0,night,pa_7_rev,-E6,20.0,4,80.0,4,100.0,0.0,0,0,0,2,880.0,40,2,90.91,112,20.0,0.67,1.0,80.0,80.0,4.0,4.0,880.0,855.0,80.0,78.0,4.0,3.9
375.0,0,6,0,0,night,pa_7_rev,-E6,20.0,4,80.0,4,100.0,0.0,0,0,0,2,880.0,40,2,90.91,112,20.0,0.67,1.0,80.0,80.0,4.0,4.0,880.0,855.0,80.0,80.0,4.0,4.0
376.0,0,6,0,0,night,pa_7_rev,-E6,20.0,4,80.0,4,100.0,0.0,0,0,0,2,880.0,40,2,90.91,113,20.0,0.67,1.0,80.0,80.0,4.0,4.0,880.0,880.0,80.0,80.0,4.0,4.0
377.0,0,6,0,0,night,pa_7_rev,-E6,20.0,4,80.0,4,100.0,0.0,0,0,0,2,880.0,40,2,90.91,113,20.0,0.67,1.0,80.0,80.0,4.0,4.0,880.0,880.0,80.0,80.0,4.0,4.0
378.0,0,6,0,0,night,pa_7_rev,-E6,20.0,4,80.0,4,100.0,0.0,0,0,0,2,880.0,40,2,90.91,112,20.0,0.67,1.0,80.0,80.0,4.0,4.0,880.0,880.0,80.0,80.0,4.0,4.0
379.0,0,6,0,0,night,pa_7_rev,-E6,20.0,4,80.0,4,100.0,0.0,0,0,0,2,880.0,40,2,90.91,112,20.0,0.67,1.0,80.0,80.0,4.0,4.0,880.0,880.0,80.0,80.0,4.0,4.0
380.0,0,6,0,0,night,pa_7_rev,-E6,20.0,4,80.0,4,100.0,0.0,0,0,0,2,880.0,40,2,90.91,112,20.0,0.67,1.0,80.0,80.0,4.0,4.0,880.0,880.0,80.0,80.0,4.0,4.0
381.0,0,6,0,0,night,pa_7_rev,-E6,20.0,4,80.0,4,100.0,0.0,0,0,0,2,880.0,40,2,90.91,112,20.0,0.67,1.0,80.0,80.0,4.0,4.0,880.0,880.0,80.0,80.0,4.0,4.0
382.0,0,6,0,0,night,pa_7_rev,-E6,20.0,4,80.0,4,100.0,0.0,0,0,0,2,880.0,40,2,90.91,112,20.0,0.67,1.0,80.0,80.0,4.0,4.0,880.0,880.0,80.0,80.0,4.0,4.0
383.0,0,6,0,0,night,pa_7_rev,-E6,20.0,4,80.0,4,100.0,0.0,0,0,0,2,880.0,40,2,90.91,112,20.0,0.67,1.0,80.0,80.0,4.0,4.0,880.0,880.0,80.0,80.0,4.0,4.0
384.0,0,6,0,0,night,pa_7_rev,-E6,20.0,4,80.0,4,100.0,0.0,0,0,0,2,880.0,40,2,90.91,112,20.0,0.67,1.0,80.0,80.0,4.0,4.0,880.0,880.0,80.0,80.0,4.0,4.0
385.0,0,6,0,0,night,pa_7_rev,-E6,20.0,4,80.0,4,100.0,0.0,0,0,0,2,880.0,40,2,90.91,112,20.0,0.67,1.0,80.0,80.0,4.0,4.0,880.0,880.0,80.0,80.0,4.0,4.0
386.0,0,6,0,0,night,pa_7_rev,-E6,20.0,4,80.0,4,100.0,0.0,0,0,0,2,880.0,40,2,90.91,111,20.0,0.67,1.0,80.0,80.0,4.0,4.0,880.0,880.0,80.0,80.0,4.0,4.0
387.0,0,6,0,0,night,pa_7_rev,-E6,20.0,4,80.0,4,100.0,0.0,0,0,0,2,880.0,40,2,90.91,111,20.0,0.67,1.0,80.0,80.0,4.0,4.0,880.0,880.0,80.0,80.0,4.0,4.0
388.0,0,6,0,0,night,pa_7_rev,-E6,20.0,4,80.0,4,100.0,0.0,0,0,0,2,880.0,40,3,90.91,110,20.0,0.67,1.0,80.0,80.0,4.0,4.0,880.0,880.0,80.0,80.0,4.0,4.0
389.0,0,6,0,0,night,pa_7_rev,-E6,20.0,4,80.0,4,100.0,0.0,0,0,0,2,880.0,40,4,90.91,110,20.0,0.67,1.0,80.0,80.0,4.0,4.0,880.0,880.0,80.0,80.0,4.0,4.0
390.0,0,6,0,0,night,pa_7_rev,-E6,20.0,4,80.0,4,100.0,0.0,0,0,0,2,880.0,40,4,90.91,110,20.0,0.67,1.0,80.0,80.0,4.0,4.0,880.0,880.0,80.0,80.0,4.0,4.0
391.0,0,6,0,0,night,pa_7_rev,-E6,20.0,4,80.0,4,100.0,0.0,0,0,0,2,880.0,40,4,90.91,109,20.0,0.67,1.0,80.0,80.0,4.0,4.0,880.0,880.0,80.0,80.0,4.0,4.0
392.0,0,6,0,0,night,pa_7_rev,-E6,20.0,4,80.0,4,100.0,0.0,0,0,0,2,880.0,40,4,90.91,108,20.0,0.67,1.0,80.0,80.0,4.0,4.0,880.0,880.0,80.0,80.0,4.0,4.0
393.0,0,6,0,0,night,pa_7_rev,-E6,20.0,4,80.0,4,100.0,0.0,0,0,0,2,930.0,42,4,95.45,107,20.0,0.67,1.0,80.0,80.0,4.0,4.0,880.0,880.0,80.0,80.0,4.0,4.0
394.0,0,6,0,0,night,pa_7_rev,-E6,20.0,4,80.0,4,100.0,0.0,0,0,0,2,930.0,42,4,95.45,107,20.0,0.67,1.0,80.0,80.0,4.0,4.0,930.0,880.0,80.0,80.0,4.0,4.0
395.0,0,6,0,0,night,pa_7_rev,-E6,20.0,4,80.0,4,100.0,0.0,0,0,0,2,930.0,42,4,95.45,106,20.0,0.67,1.0,80.0,80.0,4.0,4.0,930.0,880.0,80.0,80.0,4.0,4.0
396.0,0,6,0,0,night,pa_7_rev,-E6,20.0,4,80.0,4,100.0,0.0,0,0,0,2,930.0,42,4,95.45,106,20.0,0.67,1.0,80.0,80.0,4.0,4.0,930.0,880.0,80.0,80.0,4.0,4.0
397.0,0,6,0,0,night,pa_7_rev,-E6,20.0,4,80.0,4,100.0,0.0,0,0,0,2,930.0,42,4,95.45,106,20.0,0.67,1.0,80.0,80.0,4.0,4.0,930.0,880.0,80.0,80.0,4.0,4.0
398.0,0,6,0,0,night,pa_7_rev,-E6,20.0,4,80.0,4,100.0,0.0,0,0,0,2,930.0,42,5,95.45,106,20.0,0.67,1.0,80.0,80.0,4.0,4.0,930.0,930.0,80.0,80.0,4.0,4.0
399.0,0,6,0,0,night,pa_7_rev,-E6,20.0,4,80.0,4,100.0,0.0,0,0,0,2,930.0,42,5,95.45,106,20.0,0.67,1.0,80.0,80.0,4.0,4.0,930.0,930.0,80.0,80.0,4.0,4.0
400.0,0,6,0,0,night,pa_7_rev,-E6,20.0,4,80.0,4,100.0,0.0,0,0,0,2,930.0,42,5,95.45,106,20.0,0.67,1.0,80.0,80.0,4.0,4.0,930.0,930.0,80.0,80.0,4.0,4.0
401.0,0,6,0,0,night,pa_7_rev,-E6,20.0,4,80.0,4,100.0,0.0,0,0,0,2,930.0,42,5,95.45,108,20.0,0.67,1.0,80.0,80.0,4.0,4.0,930.0,930.0,80.0,80.0,4.0,4.0
402.0,0,6,0,0,night,pa_7_rev,-E6,20.0,4,80.0,4,100.0,0.0,0,0,0,2,930.0,42,5,95.45,107,20.0,0.67,1.0,80.0,80.0,4.0,4.0,930.0,930.0,80.0,80.0,4.0,4.0
403.0,0,6,0,0,night,pa_7_rev,-E6,20.0,4,80.0,4,100.0,0.0,0,0,0,2,930.0,42,5,95.45,107,20.0,0.67,1.0,80.0,80.0,4.0,4.0,930.0,930.0,80.0,80.0,4.0,4.0
404.0,0,6,0,0,night,pa_7_rev,-E6,20.0,4,80.0,4,100.0,0.0,0,0,0,2,930.0,42,5,95.45,107,20.0,0.67,1.0,80.0,80.0,4.0,4.0,930.0,930.0,80.0,80.0,4.0,4.0
405.0,0,6,0,0,night,pa_7_rev,-E6,20.0,4,80.0,4,100.0,0.0,0,0,0,2,930.0,42,5,95.45,107,20.0,0.67,1.0,80.0,80.0,4.0,4.0,930.0,930.0,80.0,80.0,4.0,4.0
406.0,0,6,0,0,night,pa_7_rev,-E6,20.0,4,80.0,4,100.0,0.0,0,0,0,2,930.0,42,5,95.45,108,20.0,0.67,1.0,80.0,80.0,4.0,4.0,930.0,930.0,80.0,80.0,4.0,4.0
407.0,0,6,0,0,night,pa_7_rev,-E6,20.0,4,80.0,4,100.0,0.0,0,0,0,2,930.0,42,5,95.45,108,20.0,0.67,1.0,80.0,80.0,4.0,4.0,930.0,930.0,80.0,80.0,4.0,4.0
408.0,0,6,0,0,night,pa_7_rev,-E6,20.0,4,80.0,4,100.0,0.0,0,0,0,2,930.0,42,5,95.45,108,20.0,0.67,1.0,80.0,80.0,4.0,4.0,930.0,930.0,80.0,80.0,4.0,4.0
409.0,0,6,0,0,night,pa_7_rev,-E6,20.0,4,80.0,4,100.0,0.0,0,0,0,2,930.0,42,5,95.45,108,20.0,0.67,1.0,80.0,80.0,4.0,4.0,930.0,930.0,80.0,80.0,4.0,4.0
410.0,0,6,0,0,night,pa_7_rev,-E6,20.0,4,80.0,4,100.0,0.0,0,0,0,2,930.0,42,5,95.45,108,20.0,0.67,1.0,80.0,80.0,4.0,4.0,930.0,930.0,80.0,80.0,4.0,4.0
411.0,0,6,0,0,night,pa_7_rev,-E6,20.0,4,80.0,4,100.0,0.0,0,0,0,2,930.0,42,5,95.45,107,20.0,0.67,1.0,80.0,80.0,4.0,4.0,930.0,930.0,80.0,80.0,4.0,4.0
412.0,0,6,0,0,night,pa_7_rev,-E6,20.0,4,80.0,4,100.0,0.0,0,0,0,2,930.0,42,5,95.45,112,20.0,0.67,1.0,80.0,80.0,4.0,4.0,930.0,930.0,80.0,80.0,4.0,4.0
413.0,0,6,0,0,night,pa_7_rev,-E6,20.0,4,80.0,4,100.0,0.0,0,0,0,2,930.0,42,5,95.45,112,20.0,0.67,1.0,80.0,80.0,4.0,4.0,930.0,930.0,80.0,80.0,4.0,4.0
414.0,0,6,0,0,night,pa_7_rev,-E6,20.0,4,80.0,4,100.0,0.0,0,0,0,2,930.0,42,5,95.45,112,20.0,0.67,1.0,80.0,80.0,4.0,4.0,930.0,930.0,80.0,80.0,4.0,4.0
415.0,0,6,0,0,night,pa_7_rev,-E6,20.0,4,80.0,4,100.0,0.0,0,0,0,2,930.0,42,5,95.45,112,20.0,0.67,1.0,80.0,80.0,4.0,4.0,930.0,930.0,80.0,80.0,4.0,4.0
416.0,0,6,0,0,night,pa_7_rev,-E6,20.0,4,80.0,4,100.0,0.0,0,0,0,2,930.0,42,5,95.45,112,20.0,0.67,1.0,80.0,80.0,4.0,4.0,930.0,930.0,80.0,80.0,4.0,4.0
417.0,0,6,0,0,night,pa_7_rev,-E6,20.0,4,80.0,4,100.0,0.0,0,0,0,2,930.0,42,5,95.45,112,20.0,0.67,1.0,80.0,80.0,4.0,4.0,930.0,930.0,80.0,80.0,4.0,4.0
418.0,0,6,0,0,night,pa_7_rev,-E6,20.0,4,80.0,4,100.0,0.0,0,0,0,2,930.0,42,5,95.45,112,20.0,0.67,1.0,80.0,80.0,4.0,4.0,930.0,930.0,80.0,80.0,4.0,4.0
419.0,0,6,0,0,night,pa_7_rev,-E6,20.0,4,80.0,4,100.0,0.0,0,0,0,2,930.0,42,5,95.45,110,20.0,0.67,1.0,80.0,80.0,4.0,4.0,930.0,930.0,80.0,80.0,4.0,4.0
420.0,0,7,0,0,night,pa_7_rev,-E6,20.0,4,80.0,4,100.0,50.0,1,1,0,1,930.0,42,6,95.45,110,20.0,0.83,1.0,80.0,80.0,4.0,4.0,930.0,930.0,80.0,80.0,4.0,4.0
421.0,0,7,0,0,night,pa_7_rev,-E6,20.0,4,80.0,4,100.0,50.0,1,1,0,1,930.0,42,6,95.45,112,20.0,0.83,1.0,80.0,80.0,4.0,4.0,930.0,930.0,80.0,80.0,4.0,4.0
422.0,0,7,0,0,night,pa_7_rev,-E6,20.0,4,80.0,4,100.0,50.0,1,1,0,1,930.0,42,6,95.45,112,20.0,0.83,1.0,80.0,80.0,4.0,4.0,930.0,930.0,80.0,80.0,4.0,4.0
423.0,0,7,0,0,night,pa_7_rev,-E6,20.0,4,80.0,4,100.0,50.0,1,1,0,1,955.0,43,6,97.73,112,20.0,0.83,1.0,80.0,80.0,4.0,4.0,930.0,930.0,80.0,80.0,4.0,4.0
424.0,0,7,0,0,night,pa_7_rev,-E6,20.0,4,80.0,4,100.0,50.0,1,1,0,1,955.0,43,6,97.73,112,20.0,0.83,1.0,80.0,80.0,4.0,4.0,955.0,930.0,80.0,80.0,4.0,4.0
425.0,0,7,0,0,night,pa_7_rev,-E6,20.0,4,80.0,4,100.0,50.0,1,1,0,1,955.0,43,6,97.73,112,20.0,0.83,1.0,80.0,80.0,4.0,4.0,955.0,930.0,80.0,80.0,4.0,4.0
426.0,0,7,0,0,night,pa_7_rev,-E6,20.0,4,80.0,4,100.0,50.0,1,1,0,1,980.0,44,6,100.0,112,20.0,0.83,1.0,80.0,80.0,4.0,4.0,955.0,930.0,80.0,80.0,4.0,4.0
427.0,0,7,0,0,night,pa_7_rev,-E6,20.0,4,80.0,4,100.0,50.0,1,1,0,1,980.0,44,6,100.0,112,20.0,0.83,1.0,80.0,80.0,4.0,4.0,980.0,930.0,80.0,80.0,4.0,4.0
428.0,0,7,0,0,night,pa_7_rev,-E6,20.0,4,80.0,4,100.0,50.0,1,1,0,1,980.0,44,6,100.0,112,20.0,0.83,1.0,80.0,80.0,4.0,4.0,980.0,955.0,80.0,80.0,4.0,4.0
429.0,0,7,0,0,night,pa_7_rev,-E6,20.0,4,80.0,4,100.0,50.0,1,1,0,1,980.0,44,6,100.0,112,20.0,0.83,1.0,80.0,80.0,4.0,4.0,980.0,955.0,80.0,80.0,4.0,4.0
430.0,0,7,0,0,night,pa_7_rev,-E6,20.0,4,80.0,4,100.0,50.0,1,1,0,1,980.0,44,6,100.0,112,20.0,0.83,1.0,80.0,80.0,4.0,4.0,980.0,955.0,80.0,80.0,4.0,4.0
431.0,0,7,0,0,night,pa_7_rev,-E6,20.0,4,80.0,4,100.0,50.0,1,1,0,1,980.0,44,6,100.0,112,20.0,0.83,1.0,80.0,80.0,4.0,4.0,980.0,980.0,80.0,80.0,4.0,4.0
432.0,0,7,0,0,night,pa_7_rev,-E6,20.0,4,80.0,4,100.0,50.0,1,1,0,1,980.0,44,6,100.0,112,20.0,0.83,1.0,80.0,80.0,4.0,4.0,980.0,980.0,80.0,80.0,4.0,4.0
433.0,0,7,0,0,night,pa_7_rev,-E6,20.0,4,80.0,4,100.0,50.0,1,1,0,1,980.0,44,8,100.0,117,20.0,0.83,1.0,80.0,80.0,4.0,4.0,980.0,980.0,80.0,80.0,4.0,4.0
434.0,0,7,0,0,night,pa_7_rev,-E6,20.0,4,80.0,4,100.0,50.0,1,1,0,1,980.0,44,8,100.0,117,20.0,0.83,1.0,80.0,80.0,4.0,4.0,980.0,980.0,80.0,80.0,4.0,4.0
435.0,0,7,0,0,night,pa_7_rev,-E6,20.0,4,80.0,4,100.0,50.0,1,1,0,1,980.0,44,8,100.0,117,20.0,0.83,1.0,80.0,80.0,4.0,4.0,980.0,980.0,80.0,80.0,4.0,4.0
436.0,0,7,0,0,night,pa_7_rev,-E6,20.0,4,80.0,4,100.0,50.0,1,1,0,1,980.0,44,8,100.0,117,20.0,0.83,1.0,80.0,80.0,4.0,4.0,980.0,980.0,80.0,80.0,4.0,4.0
437.0,0,7,0,0,night,pa_7_rev,-E6,20.0,4,80.0,4,100.0,50.0,1,1,0,1,980.0,44,8,100.0,117,20.0,0.83,1.0,80.0,80.0,4.0,4.0,980.0,980.0,80.0,80.0,4.0,4.0
438.0,0,7,0,0,night,pa_7_rev,-E6,20.0,4,80.0,4,100.0,50.0,1,1,0,1,980.0,44,8,100.0,117,20.0,0.83,1.0,80.0,80.0,4.0,4.0,980.0,980.0,80.0,80.0,4.0,4.0
439.0,0,7,0,0,night,pa_7_rev,-E6,20.0,4,80.0,4,100.0,50.0,1,1,0,1,980.0,44,8,100.0,117,20.0,0.83,1.0,80.0,80.0,4.0,4.0,980.0,980.0,80.0,80.0,4.0,4.0
440.0,0,7,0,0,night,pa_7_rev,-E6,20.0,4,80.0,4,100.0,50.0,1,1,0,1,980.0,44,8,100.0,117,20.0,0.83,1.0,80.0,80.0,4.0,4.0,980.0,980.0,80.0,80.0,4.0,4.0
441.0,0,7,0,0,night,pa_7_rev,-E6,20.0,4,80.0,4,100.0,50.0,1,1,0,1,980.0,44,8,100.0,117,20.0,0.83,1.0,80.0,80.0,4.0,4.0,980.0,980.0,80.0,80.0,4.0,4.0
442.0,0,7,0,0,night,pa_7_rev,-E6,20.0,4,80.0,4,100.0,50.0,1,1,0,1,980.0,44,9,100.0,117,20.0,0.83,1.0,80.0,80.0,4.0,4.0,980.0,980.0,80.0,80.0,4.0,4.0
443.0,0,7,0,0,night,pa_7_rev,-E6,20.0,4,80.0,4,100.0,50.0,1,1,0,1,980.0,44,9,100.0,116,20.0,0.83,1.0,80.0,80.0,4.0,4.0,980.0,980.0,80.0,80.0,4.0,4.0
444.0,0,7,0,0,night,pa_7_rev,-E6,20.0,4,80.0,4,100.0,50.0,1,1,0,1,980.0,44,9,100.0,116,20.0,0.83,1.0,80.0,80.0,4.0,4.0,980.0,980.0,80.0,80.0,4.0,4.0
445.0,0,7,0,0,night,pa_7_rev,-E6,20.0,4,80.0,4,100.0,50.0,1,1,0,1,980.0,44,10,100.0,116,20.0,0.83,1.0,80.0,80.0,4.0,4.0,980.0,980.0,80.0,80.0,4.0,4.0
446.0,0,7,0,0,night,pa_7_rev,-E6,20.0,4,80.0,4,100.0,50.0,1,1,0,1,980.0,44,10,100.0,114,20.0,0.83,1.0,80.0,80.0,4.0,4.0,980.0,980.0,80.0,80.0,4.0,4.0
447.0,0,7,0,0,night,pa_7_rev,-E6,20.0,4,80.0,4,100.0,50.0,1,1,0,1,980.0,44,10,100.0,113,20.0,0.83,1.0,80.0,80.0,4.0,4.0,980.0,980.0,80.0,80.0,4.0,4.0
448.0,0,7,0,0,night,pa_7_rev,-E6,20.0,4,80.0,4,100.0,50.0,1,1,0,1,980.0,44,10,100.0,113,20.0,0.83,1.0,80.0,80.0,4.0,4.0,980.0,980.0,80.0,80.0,4.0,4.0
449.0,0,7,0,0,night,pa_7_rev,-E6,20.0,4,80.0,4,100.0,50.0,1,1,0,1,980.0,44,10,100.0,113,20.0,0.83,1.0,80.0,80.0,4.0,4.0,980.0,980.0,80.0,80.0,4.0,4.0
450.0,0,7,0,0,night,pa_7_rev,-E6,20.0,4,80.0,4,100.0,50.0,1,1,0,1,980.0,44,10,100.0,113,20.0,0.83,1.0,80.0,80.0,4.0,4.0,980.0,980.0,80.0,80.0,4.0,4.0
451.0,0,7,0,0,night,pa_7_rev,-E6,20.0,4,80.0,4,100.0,50.0,1,1,0,1,980.0,44,10,100.0,113,20.0,0.83,1.0,80.0,80.0,4.0,4.0,980.0,980.0,80.0,80.0,4.0,4.0
452.0,0,7,0,0,night,pa_7_rev,-E6,20.0,4,80.0,4,100.0,50.0,1,1,0,1,980.0,44,11,100.0,113,20.0,0.83,1.0,80.0,80.0,4.0,4.0,980.0,980.0,80.0,80.0,4.0,4.0
453.0,0,7,0,0,night,pa_7_rev,-E6,20.0,4,80.0,4,100.0,50.0,1,1,0,1,980.0,44,11,100.0,114,20.0,0.83,1.0,80.0,80.0,4.0,4.0,980.0,980.0,80.0,80.0,4.0,4.0
454.0,0,7,0,0,night,pa_7_rev,-E6,20.0,4,80.0,4,100.0,50.0,1,1,0,1,980.0,44,11,100.0,114,20.0,0.83,1.0,80.0,80.0,4.0,4.0,980.0,980.0,80.0,80.0,4.0,4.0
455.0,0,7,0,0,night,pa_7_rev,-E6,20.0,4,80.0,4,100.0,50.0,1,1,0,1,980.0,44,11,100.0,114,20.0,0.83,1.0,80.0,80.0,4.0,4.0,980.0,980.0,80.0,80.0,4.0,4.0
456.0,0,7,0,0,night,pa_7_rev,-E6,20.0,4,80.0,4,100.0,50.0,1,1,0,1,980.0,44,12,100.0,114,20.0,0.83,1.0,80.0,80.0,4.0,4.0,980.0,980.0,80.0,80.0,4.0,4.0
457.0,0,7,0,0,night,pa_7_rev,-E6,20.0,4,80.0,4,100.0,100.0,2,2,0,0,980.0,44,14,100.0,114,20.0,1.0,1.0,80.0,80.0,4.0,4.0,980.0,980.0,80.0,80.0,4.0,4.0
458.0,0,7,0,0,night,pa_7_rev,-E6,20.0,4,80.0,4,100.0,100.0,2,2,0,0,980.0,44,15,100.0,113,20.0,1.0,1.0,80.0,80.0,4.0,4.0,980.0,980.0,80.0,80.0,4.0,4.0
459.0,0,7,0,0,night,pa_7_rev,-E6,20.0,4,80.0,4,100.0,100.0,2,2,0,0,980.0,44,15,100.0,112,20.0,1.0,1.0,80.0,80.0,4.0,4.0,980.0,980.0,80.0,80.0,4.0,4.0
460.0,0,7,0,0,night,pa_7_rev,-E6,20.0,4,80.0,4,100.0,100.0,2,2,0,0,980.0,44,15,100.0,112,20.0,1.0,1.0,80.0,80.0,4.0,4.0,980.0,980.0,80.0,80.0,4.0,4.0
461.0,0,7,0,0,night,pa_7_rev,-E6,20.0,4,80.0,4,100.0,100.0,2,2,0,0,980.0,44,18,100.0,112,20.0,1.0,1.0,80.0,80.0,4.0,4.0,980.0,980.0,80.0,80.0,4.0,4.0
462.0,0,7,0,0,night,pa_7_rev,-E6,20.0,4,80.0,4,100.0,100.0,2,2,0,0,980.0,44,18,100.0,112,20.0,1.0,1.0,80.0,80.0,4.0,4.0,980.0,980.0,80.0,80.0,4.0,4.0
463.0,0,7,0,0,night,pa_7_rev,-E6,20.0,4,80.0,4,100.0,100.0,2,2,0,0,980.0,44,18,100.0,113,20.0,1.0,1.0,80.0,80.0,4.0,4.0,980.0,980.0,80.0,80.0,4.0,4.0
464.0,0,7,0,0,night,pa_7_rev,-E6,20.0,4,80.0,4,100.0,100.0,2,2,0,0,980.0,44,18,100.0,113,20.0,1.0,1.0,80.0,80.0,4.0,4.0,980.0,980.0,80.0,80.0,4.0,4.0
465.0,0,7,0,0,night,pa_7_rev,-E6,20.0,4,80.0,4,100.0,100.0,2,2,0,0,980.0,44,18,100.0,112,20.0,1.0,1.0,80.0,80.0,4.0,4.0,980.0,980.0,80.0,80.0,4.0,4.0
466.0,0,7,0,0,night,pa_7_rev,-E6,20.0,4,80.0,4,100.0,100.0,2,2,0,0,980.0,44,18,100.0,111,20.0,1.0,1.0,80.0,80.0,4.0,4.0,980.0,980.0,80.0,80.0,4.0,4.0
467.0,0,7,0,0,night,pa_7_rev,-E6,20.0,4,80.0,4,100.0,100.0,2,2,0,0,980.0,44,18,100.0,110,20.0,1.0,1.0,80.0,80.0,4.0,4.0,980.0,980.0,80.0,80.0,4.0,4.0
468.0,0,7,0,0,night,pa_7_rev,-E6,20.0,4,80.0,4,100.0,100.0,2,2,0,0,980.0,44,19,100.0,110,20.0,1.0,1.0,80.0,80.0,4.0,4.0,980.0,980.0,80.0,80.0,4.0,4.0
469.0,0,7,0,0,night,pa_7_rev,-E6,20.0,4,80.0,4,100.0,100.0,2,2,0,0,980.0,44,19,100.0,110,20.0,1.0,1.0,80.0,80.0,4.0,4.0,980.0,980.0,80.0,80.0,4.0,4.0
470.0,0,7,0,0,night,pa_7_rev,-E6,20.0,4,80.0,4,100.0,100.0,2,2,0,0,980.0,44,19,100.0,110,20.0,1.0,1.0,80.0,80.0,4.0,4.0,980.0,980.0,80.0,80.0,4.0,4.0
471.0,0,7,0,0,night,pa_7_rev,-E6,20.0,4,80.0,4,100.0,100.0,2,2,0,0,980.0,44,19,100.0,109,20.0,1.0,1.0,80.0,80.0,4.0,4.0,980.0,980.0,80.0,80.0,4.0,4.0
472.0,0,7,0,0,night,pa_7_rev,-E6,20.0,4,80.0,4,100.0,100.0,2,2,0,0,980.0,44,19,100.0,108,20.0,1.0,1.0,80.0,80.0,4.0,4.0,980.0,980.0,80.0,80.0,4.0,4.0
473.0,0,7,0,0,night,pa_7_rev,-E6,20.0,4,80.0,4,100.0,100.0,2,2,0,0,980.0,44,19,100.0,108,20.0,1.0,1.0,80.0,80.0,4.0,4.0,980.0,980.0,80.0,80.0,4.0,4.0
474.0,0,7,0,0,night,pa_7_rev,-E6,20.0,4,80.0,4,100.0,100.0,2,2,0,0,980.0,44,19,100.0,108,20.0,1.0,1.0,80.0,80.0,4.0,4.0,980.0,980.0,80.0,80.0,4.0,4.0
475.0,0,7,0,0,night,pa_7_rev,-E6,20.0,4,80.0,4,100.0,100.0,2,2,0,0,980.0,44,20,100.0,108,20.0,1.0,1.0,80.0,80.0,4.0,4.0,980.0,980.0,80.0,80.0,4.0,4.0
476.0,0,7,0,0,night,pa_7_rev,-E6,20.0,4,80.0,4,100.0,100.0,2,2,0,0,980.0,44,20,100.0,108,20.0,1.0,1.0,80.0,80.0,4.0,4.0,980.0,980.0,80.0,80.0,4.0,4.0
477.0,0,7,0,0,night,pa_7_rev,-E6,20.0,4,80.0,4,100.0,100.0,2,2,0,0,980.0,44,20,100.0,108,20.0,1.0,1.0,80.0,80.0,4.0,4.0,980.0,980.0,80.0,80.0,4.0,4.0
478.0,0,7,0,0,night,pa_7_rev,-E6,20.0,4,80.0,4,100.0,100.0,2,2,0,0,980.0,44,21,100.0,107,20.0,1.0,1.0,80.0,80.0,4.0,4.0,980.0,980.0,80.0,80.0,4.0,4.0
479.0,0,7,0,0,night,pa_7_rev,-E6,20.0,4,80.0,4,100.0,100.0,2,2,0,0,980.0,44,21,100.0,107,20.0,1.0,1.0,80.0,80.0,4.0,4.0,980.0,980.0,80.0,80.0,4.0,4.0
480.0,0,8,0,0,night,pa_7_rev,-E6,20.0,4,80.0,4,100.0,100.0,2,2,0,0,980.0,44,21,100.0,106,20.0,1.0,1.0,80.0,80.0,4.0,4.0,980.0,980.0,80.0,80.0,4.0,4.0
481.0,0,8,0,0,night,pa_7_rev,-E6,20.0,4,80.0,4,100.0,100.0,2,2,0,0,980.0,44,21,100.0,110,20.0,1.0,1.0,80.0,80.0,4.0,4.0,980.0,980.0,80.0,80.0,4.0,4.0
482.0,0,8,0,0,night,pa_7_rev,-E6,20.0,4,80.0,4,100.0,100.0,2,2,0,0,980.0,44,21,100.0,110,20.0,1.0,1.0,80.0,80.0,4.0,4.0,980.0,980.0,80.0,80.0,4.0,4.0
483.0,0,8,0,0,night,pa_7_rev,-E6,20.0,4,80.0,4,100.0,100.0,2,2,0,0,980.0,44,21,100.0,112,20.0,1.0,1.0,80.0,80.0,4.0,4.0,980.0,980.0,80.0,80.0,4.0,4.0
484.0,0,8,0,0,night,pa_7_rev,-E6,20.0,4,80.0,4,100.0,100.0,2,2,0,0,980.0,44,21,100.0,112,20.0,1.0,1.0,80.0,80.0,4.0,4.0,980.0,980.0,80.0,80.0,4.0,4.0
485.0,0,8,0,0,night,pa_7_rev,-E6,20.0,4,80.0,4,100.0,100.0,2,2,0,0,980.0,44,22,100.0,112,20.0,1.0,1.0,80.0,80.0,4.0,4.0,980.0,980.0,80.0,80.0,4.0,4.0
486.0,0,8,0,0,night,pa_7_rev,-E6,20.0,4,80.0,4,100.0,100.0,2,2,0,0,980.0,44,22,100.0,113,20.0,1.0,1.0,80.0,80.0,4.0,4.0,980.0,980.0,80.0,80.0,4.0,4.0
487.0,0,8,0,0,night,pa_7_rev,-E6,20.0,4,80.0,4,100.0,100.0,2,2,0,0,980.0,44,22,100.0,112,20.0,1.0,1.0,80.0,80.0,4.0,4.0,980.0,980.0,80.0,80.0,4.0,4.0
488.0,0,8,0,0,night,pa_7_rev,-E6,20.0,4,80.0,4,100.0,100.0,2,2,0,0,980.0,44,23,100.0,113,20.0,1.0,1.0,80.0,80.0,4.0,4.0,980.0,980.0,80.0,80.0,4.0,4.0
489.0,0,8,0,0,night,pa_7_rev,-E6,20.0,4,80.0,4,100.0,100.0,2,2,0,0,980.0,44,23,100.0,113,20.0,1.0,1.0,80.0,80.0,4.0,4.0,980.0,980.0,80.0,80.0,4.0,4.0
490.0,0,8,0,0,night,pa_7_rev,-E6,20.0,4,80.0,4,100.0,100.0,2,2,0,0,980.0,44,23,100.0,113,20.0,1.0,1.0,80.0,80.0,4.0,4.0,980.0,980.0,80.0,80.0,4.0,4.0
491.0,0,8,0,0,night,pa_7_rev,-E6,20.0,4,80.0,4,100.0,100.0,2,2,0,0,980.0,44,23,100.0,113,20.0,1.0,1.0,80.0,80.0,4.0,4.0,980.0,980.0,80.0,80.0,4.0,4.0
492.0,0,8,0,0,night,pa_7_rev,-E6,20.0,4,80.0,4,100.0,100.0,2,2,0,0,980.0,44,23,100.0,113,20.0,1.0,1.0,80.0,80.0,4.0,4.0,980.0,980.0,80.0,80.0,4.0,4.0
493.0,0,8,0,0,night,pa_7_rev,-E6,20.0,4,80.0,4,100.0,150.0,3,3,0,-1,980.0,44,24,100.0,113,20.0,1.17,1.0,80.0,80.0,4.0,4.0,980.0,980.0,80.0,80.0,4.0,4.0
494.0,0,8,0,0,night,pa_7_rev,-E6,20.0,4,80.0,4,100.0,150.0,3,3,0,-1,980.0,44,24,100.0,113,20.0,1.17,1.0,80.0,80.0,4.0,4.0,980.0,980.0,80.0,80.0,4.0,4.0
495.0,0,8,0,0,night,pa_7_rev,-E6,20.0,4,80.0,4,100.0,150.0,3,3,0,-1,980.0,44,24,100.0,113,20.0,1.17,1.0,80.0,80.0,4.0,4.0,980.0,980.0,80.0,80.0,4.0,4.0
496.0,0,8,0,0,night,pa_7_rev,-E6,20.0,4,80.0,4,100.0,150.0,3,3,0,-1,980.0,44,25,100.0,113,20.0,1.17,1.0,80.0,80.0,4.0,4.0,980.0,980.0,80.0,80.0,4.0,4.0
497.0,0,8,0,0,night,pa_7_rev,-E6,20.0,4,80.0,4,100.0,150.0,3,3,0,-1,980.0,44,26,100.0,113,20.0,1.17,1.0,80.0,80.0,4.0,4.0,980.0,980.0,80.0,80.0,4.0,4.0
498.0,0,8,0,0,night,pa_7_rev,-E6,20.0,4,80.0,4,100.0,150.0,3,3,0,-1,980.0,44,27,100.0,112,20.0,1.17,1.0,80.0,80.0,4.0,4.0,980.0,980.0,80.0,80.0,4.0,4.0
499.0,0,8,0,0,night,pa_7_rev,-E6,20.0,4,80.0,4,100.0,150.0,3,3,0,-1,980.0,44,27,100.0,112,20.0,1.17,1.0,80.0,80.0,4.0,4.0,980.0,980.0,80.0,80.0,4.0,4.0
500.0,0,8,0,0,night,pa_7_rev,-E6,20.0,4,80.0,4,100.0,150.0,3,3,0,-1,980.0,44,27,100.0,112,20.0,1.17,1.0,80.0,80.0,4.0,4.0,980.0,980.0,80.0,80.0,4.0,4.0
501.0,0,8,0,0,night,pa_7_rev,-E6,20.0,4,80.0,4,100.0,150.0,3,3,0,-1,980.0,44,27,100.0,111,20.0,1.17,1.0,80.0,80.0,4.0,4.0,980.0,980.0,80.0,80.0,4.0,4.0
502.0,0,8,0,0,night,pa_7_rev,-E6,20.0,4,80.0,4,100.0,150.0,3,3,0,-1,980.0,44,27,100.0,110,20.0,1.17,1.0,80.0,80.0,4.0,4.0,980.0,980.0,80.0,80.0,4.0,4.0
503.0,0,8,0,0,night,pa_7_rev,-E6,20.0,4,80.0,4,100.0,150.0,3,3,0,-1,980.0,44,27,100.0,110,20.0,1.17,1.0,80.0,80.0,4.0,4.0,980.0,980.0,80.0,80.0,4.0,4.0
504.0,0,8,0,0,night,pa_7_rev,-E6,20.0,4,80.0,4,100.0,150.0,3,3,0,-1,980.0,44,27,100.0,110,20.0,1.17,1.0,80.0,80.0,4.0,4.0,980.0,980.0,80.0,80.0,4.0,4.0
505.0,0,8,0,0,night,pa_7_rev,-E6,20.0,4,80.0,4,100.0,150.0,3,3,0,-1,980.0,44,27,100.0,112,20.0,1.17,1.0,80.0,80.0,4.0,4.0,980.0,980.0,80.0,80.0,4.0,4.0
506.0,0,8,0,0,night,pa_7_rev,-E6,20.0,4,80.0,4,100.0,150.0,3,3,0,-1,980.0,44,27,100.0,112,20.0,1.17,1.0,80.0,80.0,4.0,4.0,980.0,980.0,80.0,80.0,4.0,4.0
507.0,0,8,0,0,night,pa_7_rev,-E6,20.0,4,80.0,4,100.0,150.0,3,3,0,-1,980.0,44,27,100.0,112,20.0,1.17,1.0,80.0,80.0,4.0,4.0,980.0,980.0,80.0,80.0,4.0,4.0
508.0,0,8,0,0,night,pa_7_rev,-E6,20.0,4,80.0,4,100.0,150.0,3,3,0,-1,980.0,44,27,100.0,112,20.0,1.17,1.0,80.0,80.0,4.0,4.0,980.0,980.0,80.0,80.0,4.0,4.0
509.0,0,8,0,0,night,pa_7_rev,-E6,20.0,4,80.0,4,100.0,150.0,3,3,0,-1,980.0,44,27,100.0,112,20.0,1.17,1.0,80.0,80.0,4.0,4.0,980.0,980.0,80.0,80.0,4.0,4.0
510.0,0,8,0,0,night,pa_7_rev,-E6,20.0,4,80.0,4,100.0,150.0,3,3,0,-1,980.0,44,27,100.0,112,20.0,1.17,1.0,80.0,80.0,4.0,4.0,980.0,980.0,80.0,80.0,4.0,4.0
511.0,0,8,0,0,night,pa_7_rev,-E6,20.0,4,80.0,4,100.0,150.0,3,3,0,-1,980.0,44,27,100.0,111,20.0,1.17,1.0,80.0,80.0,4.0,4.0,980.0,980.0,80.0,80.0,4.0,4.0
512.0,0,8,0,0,night,pa_7_rev,-E6,20.0,4,80.0,4,100.0,150.0,3,3,0,-1,980.0,44,28,100.0,111,20.0,1.17,1.0,80.0,80.0,4.0,4.0,980.0,980.0,80.0,80.0,4.0,4.0
513.0,0,8,0,0,night,pa_7_rev,-E6,20.0,4,80.0,4,100.0,150.0,3,3,0,-1,980.0,44,28,100.0,111,20.0,1.17,1.0,80.0,80.0,4.0,4.0,980.0,980.0,80.0,80.0,4.0,4.0
514.0,0,8,0,0,night,pa_7_rev,-E6,20.0,4,80.0,4,100.0,150.0,3,3,0,-1,980.0,44,28,100.0,111,20.0,1.17,1.0,80.0,80.0,4.0,4.0,980.0,980.0,80.0,80.0,4.0,4.0
515.0,0,8,0,0,night,pa_7_rev,-E6,20.0,4,80.0,4,100.0,150.0,3,3,0,-1,980.0,44,28,100.0,115,20.0,1.17,1.0,80.0,80.0,4.0,4.0,980.0,980.0,80.0,80.0,4.0,4.0
516.0,0,8,0,0,night,pa_7_rev,-E6,20.0,4,80.0,4,100.0,150.0,3,3,0,-1,980.0,44,28,100.0,115,20.0,1.17,1.0,80.0,80.0,4.0,4.0,980.0,980.0,80.0,80.0,4.0,4.0
517.0,0,8,0,0,night,pa_7_rev,-E6,20.0,4,80.0,4,100.0,150.0,3,3,0,-1,980.0,44,28,100.0,115,20.0,1.17,1.0,80.0,80.0,4.0,4.0,980.0,980.0,80.0,80.0,4.0,4.0
518.0,0,8,0,0,night,pa_7_rev,-E6,20.0,4,80.0,4,100.0,150.0,3,3,0,-1,980.0,44,28,100.0,114,20.0,1.17,1.0,80.0,80.0,4.0,4.0,980.0,980.0,80.0,80.0,4.0,4.0
519.0,0,8,0,0,night,pa_7_rev,-E6,20.0,4,80.0,4,100.0,150.0,3,3,0,-1,980.0,44,28,100.0,114,20.0,1.17,1.0,80.0,80.0,4.0,4.0,980.0,980.0,80.0,80.0,4.0,4.0
520.0,0,8,0,0,night,pa_7_rev,-E6,20.0,4,80.0,4,100.0,150.0,3,3,0,-1,980.0,44,28,100.0,114,20.0,1.17,1.0,80.0,80.0,4.0,4.0,980.0,980.0,80.0,80.0,4.0,4.0
521.0,0,8,0,0,night,pa_7_rev,-E6,20.0,4,80.0,4,100.0,150.0,3,3,0,-1,980.0,44,28,100.0,115,20.0,1.17,1.0,80.0,80.0,4.0,4.0,980.0,980.0,80.0,80.0,4.0,4.0
522.0,0,8,0,0,night,pa_7_rev,-E6,20.0,4,80.0,4,100.0,150.0,3,3,0,-1,980.0,44,28,100.0,115,20.0,1.17,1.0,80.0,80.0,4.0,4.0,980.0,980.0,80.0,80.0,4.0,4.0
523.0,0,8,0,0,night,pa_7_rev,-E6,20.0,4,80.0,4,100.0,150.0,3,3,0,-1,980.0,44,28,100.0,115,20.0,1.17,1.0,80.0,80.0,4.0,4.0,980.0,980.0,80.0,80.0,4.0,4.0
524.0,0,8,0,0,night,pa_7_rev,-E6,20.0,4,80.0,4,100.0,150.0,3,3,0,-1,980.0,44,28,100.0,115,20.0,1.17,1.0,80.0,80.0,4.0,4.0,980.0,980.0,80.0,80.0,4.0,4.0
525.0,0,8,0,0,night,pa_7_rev,-E6,20.0,4,80.0,4,100.0,150.0,3,3,0,-1,980.0,44,29,100.0,115,20.0,1.17,1.0,80.0,80.0,4.0,4.0,980.0,980.0,80.0,80.0,4.0,4.0
526.0,0,8,0,0,night,pa_7_rev,-E6,20.0,4,80.0,4,100.0,150.0,3,3,0,-1,980.0,44,29,100.0,115,20.0,1.17,1.0,80.0,80.0,4.0,4.0,980.0,980.0,80.0,80.0,4.0,4.0
527.0,0,8,0,0,night,pa_7_rev,-E6,20.0,4,80.0,4,100.0,150.0,3,3,0,-1,980.0,44,29,100.0,114,20.0,1.17,1.0,80.0,80.0,4.0,4.0,980.0,980.0,80.0,80.0,4.0,4.0
528.0,0,8,0,0,night,pa_7_rev,-E6,20.0,4,80.0,4,100.0,150.0,3,3,0,-1,980.0,44,29,100.0,114,20.0,1.17,1.0,80.0,80.0,4.0,4.0,980.0,980.0,80.0,80.0,4.0,4.0
529.0,0,8,0,0,night,pa_7_rev,-E6,20.0,4,80.0,4,100.0,150.0,3,3,0,-1,980.0,44,29,100.0,114,20.0,1.17,1.0,80.0,80.0,4.0,4.0,980.0,980.0,80.0,80.0,4.0,4.0
530.0,0,8,0,0,night,pa_7_rev,-E6,20.0,4,80.0,4,100.0,150.0,3,3,0,-1,980.0,44,29,100.0,113,20.0,1.17,1.0,80.0,80.0,4.0,4.0,980.0,980.0,80.0,80.0,4.0,4.0
531.0,0,8,0,0,night,pa_7_rev,-E6,20.0,4,80.0,4,100.0,150.0,3,3,0,-1,980.0,44,29,100.0,113,20.0,1.17,1.0,80.0,80.0,4.0,4.0,980.0,980.0,80.0,80.0,4.0,4.0
532.0,0,8,0,0,night,pa_7_rev,-E6,20.0,4,80.0,4,100.0,150.0,3,3,0,-1,980.0,44,29,100.0,113,20.0,1.17,1.0,80.0,80.0,4.0,4.0,980.0,980.0,80.0,80.0,4.0,4.0
533.0,0,8,0,0,night,pa_7_rev,-E6,20.0,4,80.0,4,100.0,150.0,3,3,0,-1,980.0,44,30,100.0,113,20.0,1.17,1.0,80.0,80.0,4.0,4.0,980.0,980.0,80.0,80.0,4.0,4.0
534.0,0,8,0,0,night,pa_7_rev,-E6,20.0,4,80.0,4,100.0,150.0,3,3,0,-1,980.0,44,30,100.0,113,20.0,1.17,1.0,80.0,80.0,4.0,4.0,980.0,980.0,80.0,80.0,4.0,4.0
535.0,0,8,0,0,night,pa_7_rev,-E6,20.0,4,80.0,4,100.0,150.0,3,3,0,-1,980.0,44,30,100.0,112,20.0,1.17,1.0,80.0,80.0,4.0,4.0,980.0,980.0,80.0,80.0,4.0,4.0
536.0,0,8,0,0,night,pa_7_rev,-E6,20.0,4,80.0,4,100.0,150.0,3,3,0,-1,980.0,44,30,100.0,112,20.0,1.17,1.0,80.0,80.0,4.0,4.0,980.0,980.0,80.0,80.0,4.0,4.0
537.0,0,8,0,0,night,pa_7_rev,-E6,20.0,4,80.0,4,100.0,150.0,3,3,0,-1,980.0,44,30,100.0,112,20.0,1.17,1.0,80.0,80.0,4.0,4.0,980.0,980.0,80.0,80.0,4.0,4.0
538.0,0,8,0,0,night,pa_7_rev,-E6,20.0,4,80.0,4,100.0,150.0,3,3,0,-1,980.0,44,30,100.0,112,20.0,1.17,1.0,80.0,80.0,4.0,4.0,980.0,980.0,80.0,80.0,4.0,4.0
539.0,0,8,0,0,night,pa_7_rev,-E6,20.0,4,80.0,4,100.0,150.0,3,3,0,-1,980.0,44,30,100.0,112,20.0,1.17,1.0,80.0,80.0,4.0,4.0,980.0,980.0,80.0,80.0,4.0,4.0
540.0,0,9,0,0,night,pa_7_rev,-E6,20.0,4,80.0,4,100.0,150.0,3,3,0,-1,980.0,44,31,100.0,112,20.0,1.17,1.0,80.0,80.0,4.0,4.0,980.0,980.0,80.0,80.0,4.0,4.0
541.0,0,9,0,0,night,pa_7_rev,-E6,20.0,4,80.0,4,100.0,150.0,3,3,0,-1,980.0,44,31,100.0,115,20.0,1.17,1.0,80.0,80.0,4.0,4.0,980.0,980.0,80.0,80.0,4.0,4.0
542.0,0,9,0,0,night,pa_7_rev,-E6,20.0,4,80.0,4,100.0,150.0,3,3,0,-1,980.0,44,31,100.0,115,20.0,1.17,1.0,80.0,80.0,4.0,4.0,980.0,980.0,80.0,80.0,4.0,4.0
543.0,0,9,0,0,night,pa_7_rev,-E6,20.0,4,80.0,4,100.0,150.0,3,3,0,-1,980.0,44,32,100.0,117,20.0,1.17,1.0,80.0,80.0,4.0,4.0,980.0,980.0,80.0,80.0,4.0,4.0
544.0,0,9,0,0,night,pa_7_rev,-E6,20.0,4,80.0,4,100.0,150.0,3,3,0,-1,980.0,44,32,100.0,117,20.0,1.17,1.0,80.0,80.0,4.0,4.0,980.0,980.0,80.0,80.0,4.0,4.0
545.0,0,9,0,0,night,pa_7_rev,-E6,20.0,4,80.0,4,100.0,150.0,3,3,0,-1,980.0,44,32,100.0,117,20.0,1.17,1.0,80.0,80.0,4.0,4.0,980.0,980.0,80.0,80.0,4.0,4.0
546.0,0,9,0,0,night,pa_7_rev,-E6,20.0,4,80.0,4,100.0,150.0,3,3,0,-1,980.0,44,32,100.0,117,20.0,1.17,1.0,80.0,80.0,4.0,4.0,980.0,980.0,80.0,80.0,4.0,4.0
547.0,0,9,0,0,night,pa_7_rev,-E6,20.0,4,80.0,4,100.0,150.0,3,3,0,-1,980.0,44,32,100.0,118,20.0,1.17,1.0,80.0,80.0,4.0,4.0,980.0,980.0,80.0,80.0,4.0,4.0
548.0,0,9,0,0,night,pa_7_rev,-E6,20.0,4,80.0,4,100.0,200.0,4,4,0,-2,980.0,44,34,100.0,117,20.0,1.33,1.0,80.0,80.0,4.0,4.0,980.0,980.0,80.0,80.0,4.0,4.0
549.0,0,9,0,0,night,pa_7_rev,-E6,20.0,4,80.0,4,100.0,200.0,4,4,0,-2,980.0,44,35,100.0,116,20.0,1.33,1.0,80.0,80.0,4.0,4.0,980.0,980.0,80.0,80.0,4.0,4.0
550.0,0,9,0,0,night,pa_7_rev,-E6,20.0,4,80.0,4,100.0,200.0,4,4,0,-2,980.0,44,39,100.0,116,20.0,1.33,1.0,80.0,80.0,4.0,4.0,980.0,980.0,80.0,80.0,4.0,4.0
551.0,0,9,0,0,night,pa_7_rev,-E6,20.0,4,80.0,4,100.0,200.0,4,4,0,-2,980.0,44,39,100.0,116,20.0,1.33,1.0,80.0,80.0,4.0,4.0,980.0,980.0,80.0,80.0,4.0,4.0
552.0,0,9,0,0,night,pa_7_rev,-E6,20.0,4,80.0,4,100.0,200.0,4,4,0,-2,980.0,44,40,100.0,116,20.0,1.33,1.0,80.0,80.0,4.0,4.0,980.0,980.0,80.0,80.0,4.0,4.0
553.0,0,9,0,0,night,pa_7_rev,-E6,20.0,4,80.0,4,100.0,200.0,4,4,0,-2,980.0,44,40,100.0,116,20.0,1.33,1.0,80.0,80.0,4.0,4.0,980.0,980.0,80.0,80.0,4.0,4.0
554.0,0,9,0,0,night,pa_7_rev,-E6,20.0,4,80.0,4,100.0,200.0,4,4,0,-2,980.0,44,40,100.0,116,20.0,1.33,1.0,80.0,80.0,4.0,4.0,980.0,980.0,80.0,80.0,4.0,4.0
555.0,0,9,0,0,night,pa_7_rev,-E6,20.0,4,80.0,4,100.0,200.0,4,4,0,-2,980.0,44,40,100.0,115,20.0,1.33,1.0,80.0,80.0,4.0,4.0,980.0,980.0,80.0,80.0,4.0,4.0
556.0,0,9,0,0,night,pa_7_rev,-E6,20.0,4,80.0,4,100.0,200.0,4,4,0,-2,980.0,44,40,100.0,115,20.0,1.33,1.0,80.0,80.0,4.0,4.0,980.0,980.0,80.0,80.0,4.0,4.0
557.0,0,9,0,0,night,pa_7_rev,-E6,20.0,4,80.0,4,100.0,200.0,4,4,0,-2,980.0,44,40,100.0,114,20.0,1.33,1.0,80.0,80.0,4.0,4.0,980.0,980.0,80.0,80.0,4.0,4.0
558.0,0,9,0,0,night,pa_7_rev,-E6,20.0,4,80.0,4,100.0,200.0,4,4,0,-2,980.0,44,40,100.0,114,20.0,1.33,1.0,80.0,80.0,4.0,4.0,980.0,980.0,80.0,80.0,4.0,4.0
559.0,0,9,0,0,night,pa_7_rev,-E6,20.0,4,80.0,4,100.0,200.0,4,4,0,-2,980.0,44,40,100.0,113,20.0,1.33,1.0,80.0,80.0,4.0,4.0,980.0,980.0,80.0,80.0,4.0,4.0
560.0,0,9,0,0,night,pa_7_rev,-E6,20.0,4,80.0,4,100.0,200.0,4,4,0,-2,980.0,44,40,100.0,113,20.0,1.33,1.0,80.0,80.0,4.0,4.0,980.0,980.0,80.0,80.0,4.0,4.0
561.0,0,9,0,0,night,pa_7_rev,-E6,20.0,4,80.0,4,100.0,200.0,4,4,0,-2,980.0,44,41,100.0,115,20.0,1.33,1.0,80.0,80.0,4.0,4.0,980.0,980.0,80.0,80.0,4.0,4.0
562.0,0,9,0,0,night,pa_7_rev,-E6,20.0,4,80.0,4,100.0,200.0,4,4,0,-2,980.0,44,41,100.0,115,20.0,1.33,1.0,80.0,80.0,4.0,4.0,980.0,980.0,80.0,80.0,4.0,4.0
563.0,0,9,0,0,night,pa_7_rev,-E6,20.0,4,80.0,4,100.0,200.0,4,4,0,-2,980.0,44,41,100.0,115,20.0,1.33,1.0,80.0,80.0,4.0,4.0,980.0,980.0,80.0,80.0,4.0,4.0
564.0,0,9,0,0,night,pa_7_rev,-E6,20.0,4,80.0,4,100.0,200.0,4,4,0,-2,980.0,44,41,100.0,114,20.0,1.33,1.0,80.0,80.0,4.0,4.0,980.0,980.0,80.0,80.0,4.0,4.0
565.0,0,9,0,0,night,pa_7_rev,-E6,20.0,4,80.0,4,100.0,200.0,4,4,0,-2,980.0,44,42,100.0,114,20.0,1.33,1.0,80.0,80.0,4.0,4.0,980.0,980.0,80.0,80.0,4.0,4.0
566.0,0,9,0,0,night,pa_7_rev,-E6,20.0,4,80.0,4,100.0,200.0,4,4,0,-2,980.0,44,42,100.0,116,20.0,1.33,1.0,80.0,80.0,4.0,4.0,980.0,980.0,80.0,80.0,4.0,4.0
567.0,0,9,0,0,night,pa_7_rev,-E6,20.0,4,80.0,4,100.0,200.0,4,4,0,-2,980.0,44,42,100.0,116,20.0,1.33,1.0,80.0,80.0,4.0,4.0,980.0,980.0,80.0,80.0,4.0,4.0
568.0,0,9,0,0,night,pa_7_rev,-E6,20.0,4,80.0,4,100.0,200.0,4,4,0,-2,980.0,44,42,100.0,116,20.0,1.33,1.0,80.0,80.0,4.0,4.0,980.0,980.0,80.0,80.0,4.0,4.0
569.0,0,9,0,0,night,pa_7_rev,-E6,20.0,4,80.0,4,100.0,200.0,4,4,0,-2,980.0,44,42,100.0,114,20.0,1.33,1.0,80.0,80.0,4.0,4.0,980.0,980.0,80.0,80.0,4.0,4.0
570.0,0,9,0,0,night,pa_7_rev,-E6,20.0,4,80.0,4,100.0,200.0,4,4,0,-2,980.0,44,42,100.0,114,20.0,1.33,1.0,80.0,80.0,4.0,4.0,980.0,980.0,80.0,80.0,4.0,4.0
571.0,0,9,0,0,night,pa_7_rev,-E6,20.0,4,80.0,4,100.0,200.0,4,4,0,-2,980.0,44,42,100.0,114,20.0,1.33,1.0,80.0,80.0,4.0,4.0,980.0,980.0,80.0,80.0,4.0,4.0
572.0,0,9,0,0,night,pa_7_rev,-E6,20.0,4,80.0,4,100.0,200.0,4,4,0,-2,980.0,44,42,100.0,114,20.0,1.33,1.0,80.0,80.0,4.0,4.0,980.0,980.0,80.0,80.0,4.0,4.0
573.0,0,9,0,0,night,pa_7_rev,-E6,20.0,4,80.0,4,100.0,200.0,4,4,0,-2,980.0,44,42,100.0,112,20.0,1.33,1.0,80.0,80.0,4.0,4.0,980.0,980.0,80.0,80.0,4.0,4.0
574.0,0,9,0,0,night,pa_7_rev,-E6,20.0,4,80.0,4,100.0,200.0,4,4,0,-2,980.0,44,42,100.0,112,20.0,1.33,1.0,80.0,80.0,4.0,4.0,980.0,980.0,80.0,80.0,4.0,4.0
575.0,0,9,0,0,night,pa_7_rev,-E6,20.0,4,80.0,4,100.0,200.0,4,4,0,-2,980.0,44,42,100.0,111,20.0,1.33,1.0,80.0,80.0,4.0,4.0,980.0,980.0,80.0,80.0,4.0,4.0
576.0,0,9,0,0,night,pa_7_rev,-E6,20.0,4,80.0,4,100.0,200.0,4,4,0,-2,980.0,44,42,100.0,110,20.0,1.33,1.0,80.0,80.0,4.0,4.0,980.0,980.0,80.0,80.0,4.0,4.0
577.0,0,9,0,0,night,pa_7_rev,-E6,20.0,4,80.0,4,100.0,200.0,4,4,0,-2,980.0,44,42,100.0,114,20.0,1.33,1.0,80.0,80.0,4.0,4.0,980.0,980.0,80.0,80.0,4.0,4.0
578.0,0,9,0,0,night,pa_7_rev,-E6,20.0,4,80.0,4,100.0,200.0,4,4,0,-2,980.0,44,42,100.0,114,20.0,1.33,1.0,80.0,80.0,4.0,4.0,980.0,980.0,80.0,80.0,4.0,4.0
579.0,0,9,0,0,night,pa_7_rev,-E6,20.0,4,80.0,4,100.0,200.0,4,4,0,-2,980.0,44,42,100.0,114,20.0,1.33,1.0,80.0,80.0,4.0,4.0,980.0,980.0,80.0,80.0,4.0,4.0
580.0,0,9,0,0,night,pa_7_rev,-E6,20.0,4,80.0,4,100.0,200.0,4,4,0,-2,980.0,44,42,100.0,114,20.0,1.33,1.0,80.0,80.0,4.0,4.0,980.0,980.0,80.0,80.0,4.0,4.0
581.0,0,9,0,0,night,pa_7_rev,-E6,20.0,4,80.0,4,100.0,200.0,4,4,0,-2,980.0,44,42,100.0,114,20.0,1.33,1.0,80.0,80.0,4.0,4.0,980.0,980.0,80.0,80.0,4.0,4.0
582.0,0,9,0,0,night,pa_7_rev,-E6,20.0,4,80.0,4,100.0,200.0,4,4,0,-2,980.0,44,43,100.0,114,20.0,1.33,1.0,80.0,80.0,4.0,4.0,980.0,980.0,80.0,80.0,4.0,4.0
583.0,0,9,0,0,night,pa_7_rev,-E6,20.0,4,80.0,4,100.0,200.0,4,4,0,-2,980.0,44,43,100.0,114,20.0,1.33,1.0,80.0,80.0,4.0,4.0,980.0,980.0,80.0,80.0,4.0,4.0
584.0,0,9,0,0,night,pa_7_rev,-E6,20.0,4,80.0,4,100.0,200.0,4,4,0,-2,980.0,44,43,100.0,113,20.0,1.33,1.0,80.0,80.0,4.0,4.0,980.0,980.0,80.0,80.0,4.0,4.0
585.0,0,9,0,0,night,pa_7_rev,-E6,20.0,4,80.0,4,100.0,200.0,4,4,0,-2,980.0,44,43,100.0,113,20.0,1.33,1.0,80.0,80.0,4.0,4.0,980.0,980.0,80.0,80.0,4.0,4.0
586.0,0,9,0,0,night,pa_7_rev,-E6,20.0,4,80.0,4,100.0,200.0,4,4,0,-2,980.0,44,43,100.0,114,20.0,1.33,1.0,80.0,80.0,4.0,4.0,980.0,980.0,80.0,80.0,4.0,4.0
587.0,0,9,0,0,night,pa_7_rev,-E6,20.0,4,80.0,4,100.0,250.0,5,5,0,-3,980.0,44,44,100.0,114,20.0,1.5,1.0,80.0,80.0,4.0,4.0,980.0,980.0,80.0,80.0,4.0,4.0
588.0,0,9,0,0,night,pa_7_rev,-E6,20.0,4,80.0,4,100.0,250.0,5,5,0,-3,980.0,44,44,100.0,113,20.0,1.5,1.0,80.0,80.0,4.0,4.0,980.0,980.0,80.0,80.0,4.0,4.0
589.0,0,9,0,0,night,pa_7_rev,-E6,20.0,4,80.0,4,100.0,250.0,5,5,0,-3,980.0,44,44,100.0,113,20.0,1.5,1.0,80.0,80.0,4.0,4.0,980.0,980.0,80.0,80.0,4.0,4.0
590.0,0,9,0,0,night,pa_7_rev,-E6,20.0,4,80.0,4,100.0,250.0,5,5,0,-3,980.0,44,44,100.0,113,20.0,1.5,1.0,80.0,80.0,4.0,4.0,980.0,980.0,80.0,80.0,4.0,4.0
591.0,0,9,0,0,night,pa_7_rev,-E6,20.0,4,80.0,4,100.0,250.0,5,5,0,-3,980.0,44,44,100.0,113,20.0,1.5,1.0,80.0,80.0,4.0,4.0,980.0,980.0,80.0,80.0,4.0,4.0
592.0,0,9,0,0,night,pa_7_rev,-E6,20.0,4,80.0,4,100.0,250.0,5,5,0,-3,980.0,44,44,100.0,113,20.0,1.5,1.0,80.0,80.0,4.0,4.0,980.0,980.0,80.0,80.0,4.0,4.0
593.0,0,9,0,0,night,pa_7_rev,-E6,20.0,4,80.0,4,100.0,250.0,5,5,0,-3,980.0,44,44,100.0,113,20.0,1.5,1.0,80.0,80.0,4.0,4.0,980.0,980.0,80.0,80.0,4.0,4.0
594.0,0,9,0,0,night,pa_7_rev,-E6,20.0,4,80.0,4,100.0,250.0,5,5,0,-3,980.0,44,44,100.0,113,20.0,1.5,1.0,80.0,80.0,4.0,4.0,980.0,980.0,80.0,80.0,4.0,4.0
595.0,0,9,0,0,night,pa_7_rev,-E6,20.0,4,80.0,4,100.0,250.0,5,5,0,-3,980.0,44,44,100.0,113,20.0,1.5,1.0,80.0,80.0,4.0,4.0,980.0,980.0,80.0,80.0,4.0,4.0
596.0,0,9,0,0,night,pa_7_rev,-E6,20.0,4,80.0,4,100.0,250.0,5,5,0,-3,980.0,44,44,100.0,113,20.0,1.5,1.0,80.0,80.0,4.0,4.0,980.0,980.0,80.0,80.0,4.0,4.0
597.0,0,9,0,0,night,pa_7_rev,-E6,20.0,4,80.0,4,100.0,250.0,5,5,0,-3,980.0,44,44,100.0,113,20.0,1.5,1.0,80.0,80.0,4.0,4.0,980.0,980.0,80.0,80.0,4.0,4.0
598.0,0,9,0,0,night,pa_7_rev,-E6,20.0,4,80.0,4,100.0,250.0,5,5,0,-3,980.0,44,44,100.0,111,20.0,1.5,1.0,80.0,80.0,4.0,4.0,980.0,980.0,80.0,80.0,4.0,4.0
599.0,0,9,0,0,night,pa_7_rev,-E6,20.0,4,80.0,4,100.0,250.0,5,5,0,-3,980.0,44,45,100.0,111,20.0,1.5,1.0,80.0,80.0,4.0,4.0,980.0,980.0,80.0,80.0,4.0,4.0
600.0,0,10,0,0,night,pa_7_rev,-E6,20.0,4,80.0,4,100.0,250.0,5,5,0,-3,980.0,44,45,100.0,110,20.0,1.5,1.0,80.0,80.0,4.0,4.0,980.0,980.0,80.0,80.0,4.0,4.0
1.0,0,0,0,0,night,pa_8,E7,25.0,5,0.0,0,0.0,0.0,0,0,5,3,0.0,0,0,0.0,8,0.0,0.0,0.0,0.0,0.0,0.0,0.0,0.0,0.0,0.0,0.0,0.0,0.0
2.0,0,0,0,0,night,pa_8,E7,25.0,5,0.0,0,0.0,0.0,0,0,5,3,0.0,0,0,0.0,8,0.0,0.0,0.0,0.0,0.0,0.0,0.0,0.0,0.0,0.0,0.0,0.0,0.0
3.0,0,0,0,0,night,pa_8,E7,25.0,5,0.0,0,0.0,0.0,0,0,5,3,0.0,0,0,0.0,12,0.0,0.0,0.0,0.0,0.0,0.0,0.0,0.0,0.0,0.0,0.0,0.0,0.0
4.0,0,0,0,0,night,pa_8,E7,25.0,5,0.0,0,0.0,0.0,0,0,5,3,0.0,0,0,0.0,14,0.0,0.0,0.0,0.0,0.0,0.0,0.0,0.0,0.0,0.0,0.0,0.0,0.0
5.0,0,0,0,0,night,pa_8,E7,25.0,5,0.0,0,0.0,0.0,0,0,5,3,0.0,0,0,0.0,14,0.0,0.0,0.0,0.0,0.0,0.0,0.0,0.0,0.0,0.0,0.0,0.0,0.0
6.0,0,0,0,0,night,pa_8,E7,25.0,5,0.0,0,0.0,0.0,0,0,5,3,0.0,0,0,0.0,16,0.0,0.0,0.0,0.0,0.0,0.0,0.0,0.0,0.0,0.0,0.0,0.0,0.0
7.0,0,0,0,0,night,pa_8,E7,25.0,5,0.0,0,0.0,0.0,0,0,5,3,0.0,0,0,0.0,17,0.0,0.0,0.0,0.0,0.0,0.0,0.0,0.0,0.0,0.0,0.0,0.0,0.0
8.0,0,0,0,0,night,pa_8,E7,25.0,5,0.0,0,0.0,0.0,0,0,5,3,0.0,0,0,0.0,18,0.0,0.0,0.0,0.0,0.0,0.0,0.0,0.0,0.0,0.0,0.0,0.0,0.0
9.0,0,0,0,0,night,pa_8,E7,25.0,5,0.0,0,0.0,0.0,0,0,5,3,0.0,0,0,0.0,18,0.0,0.0,0.0,0.0,0.0,0.0,0.0,0.0,0.0,0.0,0.0,0.0,0.0
10.0,0,0,0,0,night,pa_8,E7,25.0,5,0.0,0,0.0,0.0,0,0,5,3,0.0,0,0,0.0,20,0.0,0.0,0.0,0.0,0.0,0.0,0.0,0.0,0.0,0.0,0.0,0.0,0.0
11.0,0,0,0,0,night,pa_8,E7,25.0,5,0.0,0,0.0,0.0,0,0,5,3,0.0,0,0,0.0,20,0.0,0.0,0.0,0.0,0.0,0.0,0.0,0.0,0.0,0.0,0.0,0.0,0.0
12.0,0,0,0,0,night,pa_8,E7,25.0,5,0.0,0,0.0,0.0,0,0,5,3,0.0,0,0,0.0,20,0.0,0.0,0.0,0.0,0.0,0.0,0.0,0.0,0.0,0.0,0.0,0.0,0.0
13.0,0,0,0,0,night,pa_8,E7,25.0,5,0.0,0,0.0,0.0,0,0,5,3,0.0,0,0,0.0,20,0.0,0.0,0.0,0.0,0.0,0.0,0.0,0.0,0.0,0.0,0.0,0.0,0.0
14.0,0,0,0,0,night,pa_8,E7,25.0,5,0.0,0,0.0,0.0,0,0,5,3,0.0,0,0,0.0,22,0.0,0.0,0.0,0.0,0.0,0.0,0.0,0.0,0.0,0.0,0.0,0.0,0.0
15.0,0,0,0,0,night,pa_8,E7,25.0,5,0.0,0,0.0,0.0,0,0,5,3,0.0,0,0,0.0,22,0.0,0.0,0.0,0.0,0.0,0.0,0.0,0.0,0.0,0.0,0.0,0.0,0.0
16.0,0,0,0,0,night,pa_8,E7,25.0,5,0.0,0,0.0,0.0,0,0,5,3,0.0,0,0,0.0,22,0.0,0.0,0.0,0.0,0.0,0.0,0.0,0.0,0.0,0.0,0.0,0.0,0.0
17.0,0,0,0,0,night,pa_8,E7,25.0,5,0.0,0,0.0,0.0,0,0,5,3,0.0,0,0,0.0,22,0.0,0.0,0.0,0.0,0.0,0.0,0.0,0.0,0.0,0.0,0.0,0.0,0.0
18.0,0,0,0,0,night,pa_8,E7,25.0,5,0.0,0,0.0,0.0,0,0,5,3,0.0,0,0,0.0,24,0.0,0.0,0.0,0.0,0.0,0.0,0.0,0.0,0.0,0.0,0.0,0.0,0.0
19.0,0,0,0,0,night,pa_8,E7,25.0,5,0.0,0,0.0,0.0,0,0,5,3,0.0,0,0,0.0,24,0.0,0.0,0.0,0.0,0.0,0.0,0.0,0.0,0.0,0.0,0.0,0.0,0.0
20.0,0,0,0,0,night,pa_8,E7,25.0,5,0.0,0,0.0,0.0,0,0,5,3,0.0,0,0,0.0,24,0.0,0.0,0.0,0.0,0.0,0.0,0.0,0.0,0.0,0.0,0.0,0.0,0.0
21.0,0,0,0,0,night,pa_8,E7,25.0,5,0.0,0,0.0,0.0,0,0,5,3,0.0,0,0,0.0,24,0.0,0.0,0.0,0.0,0.0,0.0,0.0,0.0,0.0,0.0,0.0,0.0,0.0
22.0,0,0,0,0,night,pa_8,E7,25.0,5,0.0,0,0.0,0.0,0,0,5,3,0.0,0,0,0.0,24,0.0,0.0,0.0,0.0,0.0,0.0,0.0,0.0,0.0,0.0,0.0,0.0,0.0
23.0,0,0,0,0,night,pa_8,E7,25.0,5,0.0,0,0.0,0.0,0,0,5,3,0.0,0,0,0.0,24,0.0,0.0,0.0,0.0,0.0,0.0,0.0,0.0,0.0,0.0,0.0,0.0,0.0
24.0,0,0,0,0,night,pa_8,E7,25.0,5,0.0,0,0.0,0.0,0,0,5,3,0.0,0,0,0.0,24,0.0,0.0,0.0,0.0,0.0,0.0,0.0,0.0,0.0,0.0,0.0,0.0,0.0
25.0,0,0,0,0,night,pa_8,E7,25.0,5,0.0,0,0.0,0.0,0,0,5,3,0.0,0,0,0.0,24,0.0,0.0,0.0,0.0,0.0,0.0,0.0,0.0,0.0,0.0,0.0,0.0,0.0
26.0,0,0,0,0,night,pa_8,E7,25.0,5,0.0,0,0.0,0.0,0,0,5,3,0.0,0,0,0.0,24,0.0,0.0,0.0,0.0,0.0,0.0,0.0,0.0,0.0,0.0,0.0,0.0,0.0
27.0,0,0,0,0,night,pa_8,E7,25.0,5,0.0,0,0.0,0.0,0,0,5,3,0.0,0,0,0.0,24,0.0,0.0,0.0,0.0,0.0,0.0,0.0,0.0,0.0,0.0,0.0,0.0,0.0
28.0,0,0,0,0,night,pa_8,E7,25.0,5,0.0,0,0.0,0.0,0,0,5,3,0.0,0,0,0.0,24,0.0,0.0,0.0,0.0,0.0,0.0,0.0,0.0,0.0,0.0,0.0,0.0,0.0
29.0,0,0,0,0,night,pa_8,E7,25.0,5,0.0,0,0.0,0.0,0,0,5,3,0.0,0,0,0.0,24,0.0,0.0,0.0,0.0,0.0,0.0,0.0,0.0,0.0,0.0,0.0,0.0,0.0
30.0,0,0,0,0,night,pa_8,E7,25.0,5,0.0,0,0.0,0.0,0,0,5,3,0.0,0,0,0.0,24,0.0,0.0,0.0,0.0,0.0,0.0,0.0,0.0,0.0,0.0,0.0,0.0,0.0
31.0,0,0,0,0,night,pa_8,E7,25.0,5,0.0,0,0.0,0.0,0,0,5,3,0.0,0,0,0.0,24,0.0,0.0,0.0,0.0,0.0,0.0,0.0,0.0,0.0,0.0,0.0,0.0,0.0
32.0,0,0,0,0,night,pa_8,E7,25.0,5,0.0,0,0.0,0.0,0,0,5,3,0.0,0,0,0.0,24,0.0,0.0,0.0,0.0,0.0,0.0,0.0,0.0,0.0,0.0,0.0,0.0,0.0
33.0,0,0,0,0,night,pa_8,E7,25.0,5,0.0,0,0.0,0.0,0,0,5,3,0.0,0,0,0.0,24,0.0,0.0,0.0,0.0,0.0,0.0,0.0,0.0,0.0,0.0,0.0,0.0,0.0
34.0,0,0,0,0,night,pa_8,E7,25.0,5,0.0,0,0.0,0.0,0,0,5,3,0.0,0,0,0.0,24,0.0,0.0,0.0,0.0,0.0,0.0,0.0,0.0,0.0,0.0,0.0,0.0,0.0
35.0,0,0,0,0,night,pa_8,E7,25.0,5,0.0,0,0.0,0.0,0,0,5,3,0.0,0,0,0.0,24,0.0,0.0,0.0,0.0,0.0,0.0,0.0,0.0,0.0,0.0,0.0,0.0,0.0
36.0,0,0,0,0,night,pa_8,E7,25.0,5,0.0,0,0.0,0.0,0,0,5,3,0.0,0,0,0.0,24,0.0,0.0,0.0,0.0,0.0,0.0,0.0,0.0,0.0,0.0,0.0,0.0,0.0
37.0,0,0,0,0,night,pa_8,E7,25.0,5,0.0,0,0.0,0.0,0,0,5,3,0.0,0,0,0.0,24,0.0,0.0,0.0,0.0,0.0,0.0,0.0,0.0,0.0,0.0,0.0,0.0,0.0
38.0,0,0,0,0,night,pa_8,E7,25.0,5,0.0,0,0.0,0.0,0,0,5,3,0.0,0,0,0.0,24,0.0,0.0,0.0,0.0,0.0,0.0,0.0,0.0,0.0,0.0,0.0,0.0,0.0
39.0,0,0,0,0,night,pa_8,E7,25.0,5,0.0,0,0.0,0.0,0,0,5,3,0.0,0,0,0.0,24,0.0,0.0,0.0,0.0,0.0,0.0,0.0,0.0,0.0,0.0,0.0,0.0,0.0
40.0,0,0,0,0,night,pa_8,E7,25.0,5,0.0,0,0.0,0.0,0,0,5,3,0.0,0,0,0.0,24,0.0,0.0,0.0,0.0,0.0,0.0,0.0,0.0,0.0,0.0,0.0,0.0,0.0
41.0,0,0,0,0,night,pa_8,E7,25.0,5,0.0,0,0.0,0.0,0,0,5,3,0.0,0,0,0.0,25,0.0,0.0,0.0,0.0,0.0,0.0,0.0,0.0,0.0,0.0,0.0,0.0,0.0
42.0,0,0,0,0,night,pa_8,E7,25.0,5,0.0,0,0.0,0.0,0,0,5,3,0.0,0,0,0.0,25,0.0,0.0,0.0,0.0,0.0,0.0,0.0,0.0,0.0,0.0,0.0,0.0,0.0
43.0,0,0,0,0,night,pa_8,E7,25.0,5,0.0,0,0.0,0.0,0,0,5,3,0.0,0,0,0.0,25,0.0,0.0,0.0,0.0,0.0,0.0,0.0,0.0,0.0,0.0,0.0,0.0,0.0
44.0,0,0,0,0,night,pa_8,E7,25.0,5,0.0,0,0.0,0.0,0,0,5,3,0.0,0,0,0.0,25,0.0,0.0,0.0,0.0,0.0,0.0,0.0,0.0,0.0,0.0,0.0,0.0,0.0
45.0,0,0,0,0,night,pa_8,E7,25.0,5,0.0,0,0.0,0.0,0,0,5,3,0.0,0,0,0.0,25,0.0,0.0,0.0,0.0,0.0,0.0,0.0,0.0,0.0,0.0,0.0,0.0,0.0
46.0,0,0,0,0,night,pa_8,E7,25.0,5,0.0,0,0.0,0.0,0,0,5,3,0.0,0,0,0.0,26,0.0,0.0,0.0,0.0,0.0,0.0,0.0,0.0,0.0,0.0,0.0,0.0,0.0
47.0,0,0,0,0,night,pa_8,E7,25.0,5,0.0,0,0.0,0.0,0,0,5,3,0.0,0,0,0.0,26,0.0,0.0,0.0,0.0,0.0,0.0,0.0,0.0,0.0,0.0,0.0,0.0,0.0
48.0,0,0,0,0,night,pa_8,E7,25.0,5,0.0,0,0.0,0.0,0,0,5,3,0.0,0,0,0.0,26,0.0,0.0,0.0,0.0,0.0,0.0,0.0,0.0,0.0,0.0,0.0,0.0,0.0
49.0,0,0,0,0,night,pa_8,E7,25.0,5,0.0,0,0.0,0.0,0,0,5,3,0.0,0,0,0.0,26,0.0,0.0,0.0,0.0,0.0,0.0,0.0,0.0,0.0,0.0,0.0,0.0,0.0
50.0,0,0,0,0,night,pa_8,E7,25.0,5,0.0,0,0.0,0.0,0,0,5,3,0.0,0,0,0.0,26,0.0,0.0,0.0,0.0,0.0,0.0,0.0,0.0,0.0,0.0,0.0,0.0,0.0
51.0,0,0,0,0,night,pa_8,E7,25.0,5,0.0,0,0.0,0.0,0,0,5,3,0.0,0,0,0.0,26,0.0,0.0,0.0,0.0,0.0,0.0,0.0,0.0,0.0,0.0,0.0,0.0,0.0
52.0,0,0,0,0,night,pa_8,E7,25.0,5,0.0,0,0.0,0.0,0,0,5,3,0.0,0,0,0.0,28,0.0,0.0,0.0,0.0,0.0,0.0,0.0,0.0,0.0,0.0,0.0,0.0,0.0
53.0,0,0,0,0,night,pa_8,E7,25.0,5,0.0,0,0.0,0.0,0,0,5,3,0.0,0,0,0.0,28,0.0,0.0,0.0,0.0,0.0,0.0,0.0,0.0,0.0,0.0,0.0,0.0,0.0
54.0,0,0,0,0,night,pa_8,E7,25.0,5,0.0,0,0.0,0.0,0,0,5,3,0.0,0,0,0.0,28,0.0,0.0,0.0,0.0,0.0,0.0,0.0,0.0,0.0,0.0,0.0,0.0,0.0
55.0,0,0,0,0,night,pa_8,E7,25.0,5,0.0,0,0.0,0.0,0,0,5,3,0.0,0,0,0.0,28,0.0,0.0,0.0,0.0,0.0,0.0,0.0,0.0,0.0,0.0,0.0,0.0,0.0
56.0,0,0,0,0,night,pa_8,E7,25.0,5,0.0,0,0.0,0.0,0,0,5,3,0.0,0,0,0.0,28,0.0,0.0,0.0,0.0,0.0,0.0,0.0,0.0,0.0,0.0,0.0,0.0,0.0
57.0,0,0,0,0,night,pa_8,E7,25.0,5,0.0,0,0.0,0.0,0,0,5,3,0.0,0,0,0.0,28,0.0,0.0,0.0,0.0,0.0,0.0,0.0,0.0,0.0,0.0,0.0,0.0,0.0
58.0,0,0,0,0,night,pa_8,E7,25.0,5,0.0,0,0.0,0.0,0,0,5,3,0.0,0,0,0.0,28,0.0,0.0,0.0,0.0,0.0,0.0,0.0,0.0,0.0,0.0,0.0,0.0,0.0
59.0,0,0,0,0,night,pa_8,E7,25.0,5,0.0,0,0.0,0.0,0,0,5,3,0.0,0,0,0.0,28,0.0,0.0,0.0,0.0,0.0,0.0,0.0,0.0,0.0,0.0,0.0,0.0,0.0
60.0,0,1,0,0,night,pa_8,E7,25.0,5,0.0,0,0.0,0.0,0,0,5,3,0.0,0,0,0.0,28,0.0,0.0,0.0,0.0,0.0,0.0,0.0,0.0,0.0,0.0,0.0,0.0,0.0
61.0,0,1,0,0,night,pa_8,E7,25.0,5,0.0,0,0.0,0.0,0,0,5,3,0.0,0,0,0.0,30,0.0,0.0,0.0,0.0,0.0,0.0,0.0,0.0,0.0,0.0,0.0,0.0,0.0
62.0,0,1,0,0,night,pa_8,E7,25.0,5,0.0,0,0.0,0.0,0,0,5,3,0.0,0,0,0.0,30,0.0,0.0,0.0,0.0,0.0,0.0,0.0,0.0,0.0,0.0,0.0,0.0,0.0
63.0,0,1,0,0,night,pa_8,E7,25.0,5,0.0,0,0.0,0.0,0,0,5,3,0.0,0,0,0.0,30,0.0,0.0,0.0,0.0,0.0,0.0,0.0,0.0,0.0,0.0,0.0,0.0,0.0
64.0,0,1,0,0,night,pa_8,E7,25.0,5,0.0,0,0.0,0.0,0,0,5,3,0.0,0,0,0.0,30,0.0,0.0,0.0,0.0,0.0,0.0,0.0,0.0,0.0,0.0,0.0,0.0,0.0
65.0,0,1,0,0,night,pa_8,E7,25.0,5,0.0,0,0.0,0.0,0,0,5,3,0.0,0,0,0.0,30,0.0,0.0,0.0,0.0,0.0,0.0,0.0,0.0,0.0,0.0,0.0,0.0,0.0
66.0,0,1,0,0,night,pa_8,E7,25.0,5,0.0,0,0.0,0.0,0,0,5,3,0.0,0,0,0.0,30,0.0,0.0,0.0,0.0,0.0,0.0,0.0,0.0,0.0,0.0,0.0,0.0,0.0
67.0,0,1,0,0,night,pa_8,E7,25.0,5,0.0,0,0.0,0.0,0,0,5,3,0.0,0,0,0.0,30,0.0,0.0,0.0,0.0,0.0,0.0,0.0,0.0,0.0,0.0,0.0,0.0,0.0
68.0,0,1,0,0,night,pa_8,E7,25.0,5,0.0,0,0.0,0.0,0,0,5,3,0.0,0,0,0.0,30,0.0,0.0,0.0,0.0,0.0,0.0,0.0,0.0,0.0,0.0,0.0,0.0,0.0
69.0,0,1,0,0,night,pa_8,E7,25.0,5,0.0,0,0.0,0.0,0,0,5,3,0.0,0,0,0.0,30,0.0,0.0,0.0,0.0,0.0,0.0,0.0,0.0,0.0,0.0,0.0,0.0,0.0
70.0,0,1,0,0,night,pa_8,E7,25.0,5,0.0,0,0.0,0.0,0,0,5,3,0.0,0,0,0.0,30,0.0,0.0,0.0,0.0,0.0,0.0,0.0,0.0,0.0,0.0,0.0,0.0,0.0
71.0,0,1,0,0,night,pa_8,E7,25.0,5,0.0,0,0.0,0.0,0,0,5,3,0.0,0,0,0.0,30,0.0,0.0,0.0,0.0,0.0,0.0,0.0,0.0,0.0,0.0,0.0,0.0,0.0
72.0,0,1,0,0,night,pa_8,E7,25.0,5,0.0,0,0.0,0.0,0,0,5,3,0.0,0,0,0.0,30,0.0,0.0,0.0,0.0,0.0,0.0,0.0,0.0,0.0,0.0,0.0,0.0,0.0
73.0,0,1,0,0,night,pa_8,E7,25.0,5,0.0,0,0.0,0.0,0,0,5,3,0.0,0,0,0.0,32,0.0,0.0,0.0,0.0,0.0,0.0,0.0,0.0,0.0,0.0,0.0,0.0,0.0
74.0,0,1,0,0,night,pa_8,E7,25.0,5,0.0,0,0.0,0.0,0,0,5,3,0.0,0,0,0.0,32,0.0,0.0,0.0,0.0,0.0,0.0,0.0,0.0,0.0,0.0,0.0,0.0,0.0
75.0,0,1,0,0,night,pa_8,E7,25.0,5,0.0,0,0.0,0.0,0,0,5,3,0.0,0,0,0.0,32,0.0,0.0,0.0,0.0,0.0,0.0,0.0,0.0,0.0,0.0,0.0,0.0,0.0
76.0,0,1,0,0,night,pa_8,E7,25.0,5,0.0,0,0.0,0.0,0,0,5,3,0.0,0,0,0.0,32,0.0,0.0,0.0,0.0,0.0,0.0,0.0,0.0,0.0,0.0,0.0,0.0,0.0
77.0,0,1,0,0,night,pa_8,E7,25.0,5,0.0,0,0.0,0.0,0,0,5,3,0.0,0,0,0.0,32,0.0,0.0,0.0,0.0,0.0,0.0,0.0,0.0,0.0,0.0,0.0,0.0,0.0
78.0,0,1,0,0,night,pa_8,E7,25.0,5,0.0,0,0.0,0.0,0,0,5,3,0.0,0,0,0.0,32,0.0,0.0,0.0,0.0,0.0,0.0,0.0,0.0,0.0,0.0,0.0,0.0,0.0
79.0,0,1,0,0,night,pa_8,E7,25.0,5,0.0,0,0.0,0.0,0,0,5,3,0.0,0,0,0.0,32,0.0,0.0,0.0,0.0,0.0,0.0,0.0,0.0,0.0,0.0,0.0,0.0,0.0
80.0,0,1,0,0,night,pa_8,E7,25.0,5,0.0,0,0.0,0.0,0,0,5,3,0.0,0,0,0.0,32,0.0,0.0,0.0,0.0,0.0,0.0,0.0,0.0,0.0,0.0,0.0,0.0,0.0
81.0,0,1,0,0,night,pa_8,E7,25.0,5,0.0,0,0.0,0.0,0,0,5,3,0.0,0,0,0.0,34,0.0,0.0,0.0,0.0,0.0,0.0,0.0,0.0,0.0,0.0,0.0,0.0,0.0
82.0,0,1,0,0,night,pa_8,E7,25.0,5,0.0,0,0.0,0.0,0,0,5,3,0.0,0,0,0.0,34,0.0,0.0,0.0,0.0,0.0,0.0,0.0,0.0,0.0,0.0,0.0,0.0,0.0
83.0,0,1,0,0,night,pa_8,E7,25.0,5,0.0,0,0.0,0.0,0,0,5,3,0.0,0,0,0.0,34,0.0,0.0,0.0,0.0,0.0,0.0,0.0,0.0,0.0,0.0,0.0,0.0,0.0
84.0,0,1,0,0,night,pa_8,E7,25.0,5,0.0,0,0.0,0.0,0,0,5,3,0.0,0,0,0.0,34,0.0,0.0,0.0,0.0,0.0,0.0,0.0,0.0,0.0,0.0,0.0,0.0,0.0
85.0,0,1,0,0,night,pa_8,E7,25.0,5,0.0,0,0.0,0.0,0,0,5,3,0.0,0,0,0.0,34,0.0,0.0,0.0,0.0,0.0,0.0,0.0,0.0,0.0,0.0,0.0,0.0,0.0
86.0,0,1,0,0,night,pa_8,E7,25.0,5,0.0,0,0.0,0.0,0,0,5,3,0.0,0,0,0.0,34,0.0,0.0,0.0,0.0,0.0,0.0,0.0,0.0,0.0,0.0,0.0,0.0,0.0
87.0,0,1,0,0,night,pa_8,E7,25.0,5,0.0,0,0.0,0.0,0,0,5,3,0.0,0,0,0.0,34,0.0,0.0,0.0,0.0,0.0,0.0,0.0,0.0,0.0,0.0,0.0,0.0,0.0
88.0,0,1,0,0,night,pa_8,E7,25.0,5,0.0,0,0.0,0.0,0,0,5,3,0.0,0,0,0.0,34,0.0,0.0,0.0,0.0,0.0,0.0,0.0,0.0,0.0,0.0,0.0,0.0,0.0
89.0,0,1,0,0,night,pa_8,E7,25.0,5,0.0,0,0.0,0.0,0,0,5,3,0.0,0,0,0.0,34,0.0,0.0,0.0,0.0,0.0,0.0,0.0,0.0,0.0,0.0,0.0,0.0,0.0
90.0,0,1,0,0,night,pa_8,E7,25.0,5,0.0,0,0.0,0.0,0,0,5,3,0.0,0,0,0.0,34,0.0,0.0,0.0,0.0,0.0,0.0,0.0,0.0,0.0,0.0,0.0,0.0,0.0
91.0,0,1,0,0,night,pa_8,E7,25.0,5,0.0,0,0.0,0.0,0,0,5,3,0.0,0,0,0.0,35,0.0,0.0,0.0,0.0,0.0,0.0,0.0,0.0,0.0,0.0,0.0,0.0,0.0
92.0,0,1,0,0,night,pa_8,E7,25.0,5,0.0,0,0.0,0.0,0,0,5,3,0.0,0,0,0.0,35,0.0,0.0,0.0,0.0,0.0,0.0,0.0,0.0,0.0,0.0,0.0,0.0,0.0
93.0,0,1,0,0,night,pa_8,E7,25.0,5,0.0,0,0.0,0.0,0,0,5,3,0.0,0,0,0.0,36,0.0,0.0,0.0,0.0,0.0,0.0,0.0,0.0,0.0,0.0,0.0,0.0,0.0
94.0,0,1,0,0,night,pa_8,E7,25.0,5,0.0,0,0.0,0.0,0,0,5,3,0.0,0,0,0.0,36,0.0,0.0,0.0,0.0,0.0,0.0,0.0,0.0,0.0,0.0,0.0,0.0,0.0
95.0,0,1,0,0,night,pa_8,E7,25.0,5,0.0,0,0.0,0.0,0,0,5,3,0.0,0,0,0.0,36,0.0,0.0,0.0,0.0,0.0,0.0,0.0,0.0,0.0,0.0,0.0,0.0,0.0
96.0,0,1,0,0,night,pa_8,E7,25.0,5,0.0,0,0.0,0.0,0,0,5,3,0.0,0,0,0.0,36,0.0,0.0,0.0,0.0,0.0,0.0,0.0,0.0,0.0,0.0,0.0,0.0,0.0
97.0,0,1,0,0,night,pa_8,E7,25.0,5,0.0,0,0.0,0.0,0,0,5,3,0.0,0,0,0.0,36,0.0,0.0,0.0,0.0,0.0,0.0,0.0,0.0,0.0,0.0,0.0,0.0,0.0
98.0,0,1,0,0,night,pa_8,E7,25.0,5,0.0,0,0.0,0.0,0,0,5,3,0.0,0,0,0.0,36,0.0,0.0,0.0,0.0,0.0,0.0,0.0,0.0,0.0,0.0,0.0,0.0,0.0
99.0,0,1,0,0,night,pa_8,E7,25.0,5,0.0,0,0.0,0.0,0,0,5,3,0.0,0,0,0.0,36,0.0,0.0,0.0,0.0,0.0,0.0,0.0,0.0,0.0,0.0,0.0,0.0,0.0
100.0,0,1,0,0,night,pa_8,E7,25.0,5,0.0,0,0.0,0.0,0,0,5,3,0.0,0,0,0.0,36,0.0,0.0,0.0,0.0,0.0,0.0,0.0,0.0,0.0,0.0,0.0,0.0,0.0
101.0,0,1,0,0,night,pa_8,E7,25.0,5,0.0,0,0.0,0.0,0,0,5,3,0.0,0,0,0.0,36,0.0,0.0,0.0,0.0,0.0,0.0,0.0,0.0,0.0,0.0,0.0,0.0,0.0
102.0,0,1,0,0,night,pa_8,E7,25.0,5,0.0,0,0.0,0.0,0,0,5,3,0.0,0,0,0.0,36,0.0,0.0,0.0,0.0,0.0,0.0,0.0,0.0,0.0,0.0,0.0,0.0,0.0
103.0,0,1,0,0,night,pa_8,E7,25.0,5,0.0,0,0.0,0.0,0,0,5,3,0.0,0,0,0.0,41,0.0,0.0,0.0,0.0,0.0,0.0,0.0,0.0,0.0,0.0,0.0,0.0,0.0
104.0,0,1,0,0,night,pa_8,E7,25.0,5,0.0,0,0.0,0.0,0,0,5,3,0.0,0,0,0.0,41,0.0,0.0,0.0,0.0,0.0,0.0,0.0,0.0,0.0,0.0,0.0,0.0,0.0
105.0,0,1,0,0,night,pa_8,E7,25.0,5,0.0,0,0.0,0.0,0,0,5,3,0.0,0,0,0.0,41,0.0,0.0,0.0,0.0,0.0,0.0,0.0,0.0,0.0,0.0,0.0,0.0,0.0
106.0,0,1,0,0,night,pa_8,E7,25.0,5,0.0,0,0.0,0.0,0,0,5,3,0.0,0,0,0.0,41,0.0,0.0,0.0,0.0,0.0,0.0,0.0,0.0,0.0,0.0,0.0,0.0,0.0
107.0,0,1,0,0,night,pa_8,E7,25.0,5,0.0,0,0.0,0.0,0,0,5,3,0.0,0,0,0.0,41,0.0,0.0,0.0,0.0,0.0,0.0,0.0,0.0,0.0,0.0,0.0,0.0,0.0
108.0,0,1,0,0,night,pa_8,E7,25.0,5,0.0,0,0.0,0.0,0,0,5,3,0.0,0,0,0.0,41,0.0,0.0,0.0,0.0,0.0,0.0,0.0,0.0,0.0,0.0,0.0,0.0,0.0
109.0,0,1,0,0,night,pa_8,E7,25.0,5,0.0,0,0.0,0.0,0,0,5,3,0.0,0,0,0.0,41,0.0,0.0,0.0,0.0,0.0,0.0,0.0,0.0,0.0,0.0,0.0,0.0,0.0
110.0,0,1,0,0,night,pa_8,E7,25.0,5,0.0,0,0.0,0.0,0,0,5,3,0.0,0,0,0.0,41,0.0,0.0,0.0,0.0,0.0,0.0,0.0,0.0,0.0,0.0,0.0,0.0,0.0
111.0,0,1,0,0,night,pa_8,E7,25.0,5,0.0,0,0.0,0.0,0,0,5,3,0.0,0,0,0.0,41,0.0,0.0,0.0,0.0,0.0,0.0,0.0,0.0,0.0,0.0,0.0,0.0,0.0
112.0,0,1,0,0,night,pa_8,E7,25.0,5,0.0,0,0.0,0.0,0,0,5,3,0.0,0,0,0.0,41,0.0,0.0,0.0,0.0,0.0,0.0,0.0,0.0,0.0,0.0,0.0,0.0,0.0
113.0,0,1,0,0,night,pa_8,E7,25.0,5,0.0,0,0.0,0.0,0,0,5,3,0.0,0,0,0.0,41,0.0,0.0,0.0,0.0,0.0,0.0,0.0,0.0,0.0,0.0,0.0,0.0,0.0
114.0,0,1,0,0,night,pa_8,E7,25.0,5,0.0,0,0.0,0.0,0,0,5,3,0.0,0,0,0.0,41,0.0,0.0,0.0,0.0,0.0,0.0,0.0,0.0,0.0,0.0,0.0,0.0,0.0
115.0,0,1,0,0,night,pa_8,E7,25.0,5,0.0,0,0.0,0.0,0,0,5,3,0.0,0,0,0.0,41,0.0,0.0,0.0,0.0,0.0,0.0,0.0,0.0,0.0,0.0,0.0,0.0,0.0
116.0,0,1,0,0,night,pa_8,E7,25.0,5,0.0,0,0.0,0.0,0,0,5,3,0.0,0,0,0.0,41,0.0,0.0,0.0,0.0,0.0,0.0,0.0,0.0,0.0,0.0,0.0,0.0,0.0
117.0,0,1,0,0,night,pa_8,E7,25.0,5,0.0,0,0.0,0.0,0,0,5,3,0.0,0,0,0.0,41,0.0,0.0,0.0,0.0,0.0,0.0,0.0,0.0,0.0,0.0,0.0,0.0,0.0
118.0,0,1,0,0,night,pa_8,E7,25.0,5,0.0,0,0.0,0.0,0,0,5,3,0.0,0,0,0.0,41,0.0,0.0,0.0,0.0,0.0,0.0,0.0,0.0,0.0,0.0,0.0,0.0,0.0
119.0,0,1,0,0,night,pa_8,E7,25.0,5,0.0,0,0.0,0.0,0,0,5,3,0.0,0,0,0.0,41,0.0,0.0,0.0,0.0,0.0,0.0,0.0,0.0,0.0,0.0,0.0,0.0,0.0
120.0,0,2,0,0,night,pa_8,E7,25.0,5,0.0,0,0.0,0.0,0,0,5,3,0.0,0,0,0.0,41,0.0,0.0,0.0,0.0,0.0,0.0,0.0,0.0,0.0,0.0,0.0,0.0,0.0
121.0,0,2,0,0,night,pa_8,E7,25.0,5,0.0,0,0.0,0.0,0,0,5,3,0.0,0,0,0.0,44,0.0,0.0,0.0,0.0,0.0,0.0,0.0,0.0,0.0,0.0,0.0,0.0,0.0
122.0,0,2,0,0,night,pa_8,E7,25.0,5,0.0,0,0.0,0.0,0,0,5,3,0.0,0,0,0.0,44,0.0,0.0,0.0,0.0,0.0,0.0,0.0,0.0,0.0,0.0,0.0,0.0,0.0
123.0,0,2,0,0,night,pa_8,E7,25.0,5,0.0,0,0.0,0.0,0,0,5,3,0.0,0,0,0.0,46,0.0,0.0,0.0,0.0,0.0,0.0,0.0,0.0,0.0,0.0,0.0,0.0,0.0
124.0,0,2,0,0,night,pa_8,E7,25.0,5,0.0,0,0.0,0.0,0,0,5,3,0.0,0,0,0.0,46,0.0,0.0,0.0,0.0,0.0,0.0,0.0,0.0,0.0,0.0,0.0,0.0,0.0
125.0,0,2,0,0,night,pa_8,E7,25.0,5,0.0,0,0.0,0.0,0,0,5,3,0.0,0,0,0.0,46,0.0,0.0,0.0,0.0,0.0,0.0,0.0,0.0,0.0,0.0,0.0,0.0,0.0
126.0,0,2,0,0,night,pa_8,E7,25.0,5,0.0,0,0.0,0.0,0,0,5,3,0.0,0,0,0.0,46,0.0,0.0,0.0,0.0,0.0,0.0,0.0,0.0,0.0,0.0,0.0,0.0,0.0
127.0,0,2,0,0,night,pa_8,E7,25.0,5,0.0,0,0.0,0.0,0,0,5,3,0.0,0,0,0.0,46,0.0,0.0,0.0,0.0,0.0,0.0,0.0,0.0,0.0,0.0,0.0,0.0,0.0
128.0,0,2,0,0,night,pa_8,E7,25.0,5,0.0,0,0.0,0.0,0,0,5,3,0.0,0,0,0.0,46,0.0,0.0,0.0,0.0,0.0,0.0,0.0,0.0,0.0,0.0,0.0,0.0,0.0
129.0,0,2,0,0,night,pa_8,E7,25.0,5,0.0,0,0.0,0.0,0,0,5,3,0.0,0,0,0.0,46,0.0,0.0,0.0,0.0,0.0,0.0,0.0,0.0,0.0,0.0,0.0,0.0,0.0
130.0,0,2,0,0,night,pa_8,E7,25.0,5,0.0,0,0.0,0.0,0,0,5,3,0.0,0,0,0.0,46,0.0,0.0,0.0,0.0,0.0,0.0,0.0,0.0,0.0,0.0,0.0,0.0,0.0
131.0,0,2,0,0,night,pa_8,E7,25.0,5,0.0,0,0.0,0.0,0,0,5,3,0.0,0,0,0.0,46,0.0,0.0,0.0,0.0,0.0,0.0,0.0,0.0,0.0,0.0,0.0,0.0,0.0
132.0,0,2,0,0,night,pa_8,E7,25.0,5,0.0,0,0.0,0.0,0,0,5,3,0.0,0,0,0.0,46,0.0,0.0,0.0,0.0,0.0,0.0,0.0,0.0,0.0,0.0,0.0,0.0,0.0
133.0,0,2,0,0,night,pa_8,E7,25.0,5,0.0,0,0.0,0.0,0,0,5,3,0.0,0,0,0.0,46,0.0,0.0,0.0,0.0,0.0,0.0,0.0,0.0,0.0,0.0,0.0,0.0,0.0
134.0,0,2,0,0,night,pa_8,E7,25.0,5,0.0,0,0.0,0.0,0,0,5,3,0.0,0,0,0.0,46,0.0,0.0,0.0,0.0,0.0,0.0,0.0,0.0,0.0,0.0,0.0,0.0,0.0
135.0,0,2,0,0,night,pa_8,E7,25.0,5,0.0,0,0.0,0.0,0,0,5,3,0.0,0,0,0.0,46,0.0,0.0,0.0,0.0,0.0,0.0,0.0,0.0,0.0,0.0,0.0,0.0,0.0
136.0,0,2,0,0,night,pa_8,E7,25.0,5,0.0,0,0.0,0.0,0,0,5,3,0.0,0,0,0.0,47,0.0,0.0,0.0,0.0,0.0,0.0,0.0,0.0,0.0,0.0,0.0,0.0,0.0
137.0,0,2,0,0,night,pa_8,E7,25.0,5,0.0,0,0.0,0.0,0,0,5,3,0.0,0,0,0.0,47,0.0,0.0,0.0,0.0,0.0,0.0,0.0,0.0,0.0,0.0,0.0,0.0,0.0
138.0,0,2,0,0,night,pa_8,E7,25.0,5,0.0,0,0.0,0.0,0,0,5,3,0.0,0,0,0.0,47,0.0,0.0,0.0,0.0,0.0,0.0,0.0,0.0,0.0,0.0,0.0,0.0,0.0
139.0,0,2,0,0,night,pa_8,E7,25.0,5,0.0,0,0.0,0.0,0,0,5,3,0.0,0,0,0.0,47,0.0,0.0,0.0,0.0,0.0,0.0,0.0,0.0,0.0,0.0,0.0,0.0,0.0
140.0,0,2,0,0,night,pa_8,E7,25.0,5,0.0,0,0.0,0.0,0,0,5,3,0.0,0,0,0.0,47,0.0,0.0,0.0,0.0,0.0,0.0,0.0,0.0,0.0,0.0,0.0,0.0,0.0
141.0,0,2,0,0,night,pa_8,E7,25.0,5,0.0,0,0.0,0.0,0,0,5,3,0.0,0,0,0.0,47,0.0,0.0,0.0,0.0,0.0,0.0,0.0,0.0,0.0,0.0,0.0,0.0,0.0
142.0,0,2,0,0,night,pa_8,E7,25.0,5,0.0,0,0.0,0.0,0,0,5,3,0.0,0,0,0.0,47,0.0,0.0,0.0,0.0,0.0,0.0,0.0,0.0,0.0,0.0,0.0,0.0,0.0
143.0,0,2,0,0,night,pa_8,E7,25.0,5,0.0,0,0.0,0.0,0,0,5,3,0.0,0,0,0.0,47,0.0,0.0,0.0,0.0,0.0,0.0,0.0,0.0,0.0,0.0,0.0,0.0,0.0
144.0,0,2,0,0,night,pa_8,E7,25.0,5,0.0,0,0.0,0.0,0,0,5,3,0.0,0,0,0.0,47,0.0,0.0,0.0,0.0,0.0,0.0,0.0,0.0,0.0,0.0,0.0,0.0,0.0
145.0,0,2,0,0,night,pa_8,E7,25.0,5,0.0,0,0.0,0.0,0,0,5,3,0.0,0,0,0.0,52,0.0,0.0,0.0,0.0,0.0,0.0,0.0,0.0,0.0,0.0,0.0,0.0,0.0
146.0,0,2,0,0,night,pa_8,E7,25.0,5,0.0,0,0.0,0.0,0,0,5,3,0.0,0,0,0.0,52,0.0,0.0,0.0,0.0,0.0,0.0,0.0,0.0,0.0,0.0,0.0,0.0,0.0
147.0,0,2,0,0,night,pa_8,E7,25.0,5,0.0,0,0.0,0.0,0,0,5,3,0.0,0,0,0.0,52,0.0,0.0,0.0,0.0,0.0,0.0,0.0,0.0,0.0,0.0,0.0,0.0,0.0
148.0,0,2,0,0,night,pa_8,E7,25.0,5,0.0,0,0.0,0.0,0,0,5,3,0.0,0,0,0.0,52,0.0,0.0,0.0,0.0,0.0,0.0,0.0,0.0,0.0,0.0,0.0,0.0,0.0
149.0,0,2,0,0,night,pa_8,E7,25.0,5,0.0,0,0.0,0.0,0,0,5,3,0.0,0,0,0.0,52,0.0,0.0,0.0,0.0,0.0,0.0,0.0,0.0,0.0,0.0,0.0,0.0,0.0
150.0,0,2,0,0,night,pa_8,E7,25.0,5,0.0,0,0.0,0.0,0,0,5,3,0.0,0,0,0.0,52,0.0,0.0,0.0,0.0,0.0,0.0,0.0,0.0,0.0,0.0,0.0,0.0,0.0
151.0,0,2,0,0,night,pa_8,E7,25.0,5,0.0,0,0.0,0.0,0,0,5,3,0.0,0,0,0.0,52,0.0,0.0,0.0,0.0,0.0,0.0,0.0,0.0,0.0,0.0,0.0,0.0,0.0
152.0,0,2,0,0,night,pa_8,E7,25.0,5,0.0,0,0.0,0.0,0,0,5,3,0.0,0,0,0.0,52,0.0,0.0,0.0,0.0,0.0,0.0,0.0,0.0,0.0,0.0,0.0,0.0,0.0
153.0,0,2,0,0,night,pa_8,E7,25.0,5,0.0,0,0.0,0.0,0,0,5,3,0.0,0,0,0.0,52,0.0,0.0,0.0,0.0,0.0,0.0,0.0,0.0,0.0,0.0,0.0,0.0,0.0
154.0,0,2,0,0,night,pa_8,E7,25.0,5,0.0,0,0.0,0.0,0,0,5,3,0.0,0,0,0.0,52,0.0,0.0,0.0,0.0,0.0,0.0,0.0,0.0,0.0,0.0,0.0,0.0,0.0
155.0,0,2,0,0,night,pa_8,E7,25.0,5,0.0,0,0.0,0.0,0,0,5,3,0.0,0,0,0.0,54,0.0,0.0,0.0,0.0,0.0,0.0,0.0,0.0,0.0,0.0,0.0,0.0,0.0
156.0,0,2,0,0,night,pa_8,E7,25.0,5,0.0,0,0.0,0.0,0,0,5,3,0.0,0,0,0.0,54,0.0,0.0,0.0,0.0,0.0,0.0,0.0,0.0,0.0,0.0,0.0,0.0,0.0
157.0,0,2,0,0,night,pa_8,E7,25.0,5,0.0,0,0.0,0.0,0,0,5,3,0.0,0,0,0.0,54,0.0,0.0,0.0,0.0,0.0,0.0,0.0,0.0,0.0,0.0,0.0,0.0,0.0
158.0,0,2,0,0,night,pa_8,E7,25.0,5,0.0,0,0.0,0.0,0,0,5,3,0.0,0,0,0.0,54,0.0,0.0,0.0,0.0,0.0,0.0,0.0,0.0,0.0,0.0,0.0,0.0,0.0
159.0,0,2,0,0,night,pa_8,E7,25.0,5,0.0,0,0.0,0.0,0,0,5,3,0.0,0,0,0.0,54,0.0,0.0,0.0,0.0,0.0,0.0,0.0,0.0,0.0,0.0,0.0,0.0,0.0
160.0,0,2,0,0,night,pa_8,E7,25.0,5,0.0,0,0.0,0.0,0,0,5,3,0.0,0,0,0.0,54,0.0,0.0,0.0,0.0,0.0,0.0,0.0,0.0,0.0,0.0,0.0,0.0,0.0
161.0,0,2,0,0,night,pa_8,E7,25.0,5,0.0,0,0.0,0.0,0,0,5,3,0.0,0,0,0.0,56,0.0,0.0,0.0,0.0,0.0,0.0,0.0,0.0,0.0,0.0,0.0,0.0,0.0
162.0,0,2,0,0,night,pa_8,E7,25.0,5,0.0,0,0.0,0.0,0,0,5,3,0.0,0,0,0.0,56,0.0,0.0,0.0,0.0,0.0,0.0,0.0,0.0,0.0,0.0,0.0,0.0,0.0
163.0,0,2,0,0,night,pa_8,E7,25.0,5,0.0,0,0.0,0.0,0,0,5,3,0.0,0,0,0.0,56,0.0,0.0,0.0,0.0,0.0,0.0,0.0,0.0,0.0,0.0,0.0,0.0,0.0
164.0,0,2,0,0,night,pa_8,E7,25.0,5,0.0,0,0.0,0.0,0,0,5,3,0.0,0,0,0.0,56,0.0,0.0,0.0,0.0,0.0,0.0,0.0,0.0,0.0,0.0,0.0,0.0,0.0
165.0,0,2,0,0,night,pa_8,E7,25.0,5,0.0,0,0.0,0.0,0,0,5,3,0.0,0,0,0.0,56,0.0,0.0,0.0,0.0,0.0,0.0,0.0,0.0,0.0,0.0,0.0,0.0,0.0
166.0,0,2,0,0,night,pa_8,E7,25.0,5,0.0,0,0.0,0.0,0,0,5,3,0.0,0,0,0.0,56,0.0,0.0,0.0,0.0,0.0,0.0,0.0,0.0,0.0,0.0,0.0,0.0,0.0
167.0,0,2,0,0,night,pa_8,E7,25.0,5,0.0,0,0.0,0.0,0,0,5,3,0.0,0,0,0.0,56,0.0,0.0,0.0,0.0,0.0,0.0,0.0,0.0,0.0,0.0,0.0,0.0,0.0
168.0,0,2,0,0,night,pa_8,E7,25.0,5,0.0,0,0.0,0.0,0,0,5,3,0.0,0,0,0.0,56,0.0,0.0,0.0,0.0,0.0,0.0,0.0,0.0,0.0,0.0,0.0,0.0,0.0
169.0,0,2,0,0,night,pa_8,E7,25.0,5,0.0,0,0.0,0.0,0,0,5,3,0.0,0,0,0.0,56,0.0,0.0,0.0,0.0,0.0,0.0,0.0,0.0,0.0,0.0,0.0,0.0,0.0
170.0,0,2,0,0,night,pa_8,E7,25.0,5,0.0,0,0.0,0.0,0,0,5,3,0.0,0,0,0.0,56,0.0,0.0,0.0,0.0,0.0,0.0,0.0,0.0,0.0,0.0,0.0,0.0,0.0
171.0,0,2,0,0,night,pa_8,E7,25.0,5,0.0,0,0.0,0.0,0,0,5,3,0.0,0,0,0.0,56,0.0,0.0,0.0,0.0,0.0,0.0,0.0,0.0,0.0,0.0,0.0,0.0,0.0
172.0,0,2,0,0,night,pa_8,E7,25.0,5,0.0,0,0.0,0.0,0,0,5,3,0.0,0,0,0.0,56,0.0,0.0,0.0,0.0,0.0,0.0,0.0,0.0,0.0,0.0,0.0,0.0,0.0
173.0,0,2,0,0,night,pa_8,E7,25.0,5,0.0,0,0.0,0.0,0,0,5,3,0.0,0,0,0.0,56,0.0,0.0,0.0,0.0,0.0,0.0,0.0,0.0,0.0,0.0,0.0,0.0,0.0
174.0,0,2,0,0,night,pa_8,E7,25.0,5,0.0,0,0.0,0.0,0,0,5,3,0.0,0,0,0.0,56,0.0,0.0,0.0,0.0,0.0,0.0,0.0,0.0,0.0,0.0,0.0,0.0,0.0
175.0,0,2,0,0,night,pa_8,E7,25.0,5,0.0,0,0.0,0.0,0,0,5,3,0.0,0,0,0.0,56,0.0,0.0,0.0,0.0,0.0,0.0,0.0,0.0,0.0,0.0,0.0,0.0,0.0
176.0,0,2,0,0,night,pa_8,E7,25.0,5,0.0,0,0.0,0.0,0,0,5,3,0.0,0,0,0.0,56,0.0,0.0,0.0,0.0,0.0,0.0,0.0,0.0,0.0,0.0,0.0,0.0,0.0
177.0,0,2,0,0,night,pa_8,E7,25.0,5,0.0,0,0.0,0.0,0,0,5,3,0.0,0,0,0.0,56,0.0,0.0,0.0,0.0,0.0,0.0,0.0,0.0,0.0,0.0,0.0,0.0,0.0
178.0,0,2,0,0,night,pa_8,E7,25.0,5,0.0,0,0.0,0.0,0,0,5,3,0.0,0,0,0.0,56,0.0,0.0,0.0,0.0,0.0,0.0,0.0,0.0,0.0,0.0,0.0,0.0,0.0
179.0,0,2,0,0,night,pa_8,E7,25.0,5,0.0,0,0.0,0.0,0,0,5,3,0.0,0,0,0.0,56,0.0,0.0,0.0,0.0,0.0,0.0,0.0,0.0,0.0,0.0,0.0,0.0,0.0
180.0,0,3,0,0,night,pa_8,E7,25.0,5,0.0,0,0.0,0.0,0,0,5,3,0.0,0,0,0.0,56,0.0,0.0,0.0,0.0,0.0,0.0,0.0,0.0,0.0,0.0,0.0,0.0,0.0
181.0,0,3,0,0,night,pa_8,E7,25.0,5,0.0,0,0.0,0.0,0,0,5,3,20.0,1,0,2.27,59,0.0,0.0,0.0,0.0,0.0,0.0,0.0,0.0,0.0,0.0,0.0,0.0,0.0
182.0,0,3,0,0,night,pa_8,E7,25.0,5,0.0,0,0.0,0.0,0,0,5,3,40.0,2,0,4.55,59,0.0,0.0,0.0,0.0,0.0,0.0,0.0,20.0,0.0,0.0,0.0,0.0,0.0
183.0,0,3,0,0,night,pa_8,E7,25.0,5,0.0,0,0.0,0.0,0,0,5,3,60.0,3,0,6.82,61,0.0,0.0,0.0,0.0,0.0,0.0,0.0,40.0,0.0,0.0,0.0,0.0,0.0
184.0,0,3,0,0,night,pa_8,E7,25.0,5,0.0,0,0.0,0.0,0,0,5,3,60.0,3,0,6.82,61,0.0,0.0,0.0,0.0,0.0,0.0,0.0,60.0,0.0,0.0,0.0,0.0,0.0
185.0,0,3,0,0,night,pa_8,E7,25.0,5,0.0,0,0.0,0.0,0,0,5,3,60.0,3,0,6.82,61,0.0,0.0,0.0,0.0,0.0,0.0,0.0,60.0,0.0,0.0,0.0,0.0,0.0
186.0,0,3,0,0,night,pa_8,E7,25.0,5,0.0,0,0.0,0.0,0,0,5,3,60.0,3,0,6.82,62,0.0,0.0,0.0,0.0,0.0,0.0,0.0,60.0,20.0,0.0,0.0,0.0,0.0
187.0,0,3,0,0,night,pa_8,E7,25.0,5,0.0,0,0.0,0.0,0,0,5,3,60.0,3,0,6.82,62,0.0,0.0,0.0,0.0,0.0,0.0,0.0,60.0,40.0,0.0,0.0,0.0,0.0
188.0,0,3,0,0,night,pa_8,E7,25.0,5,0.0,0,0.0,0.0,0,0,5,3,105.0,5,0,11.36,63,0.0,0.0,0.0,0.0,0.0,0.0,0.0,60.0,60.0,0.0,0.0,0.0,0.0
189.0,0,3,0,0,night,pa_8,E7,25.0,5,0.0,0,0.0,0.0,0,0,5,3,150.0,7,0,15.91,63,0.0,0.0,0.0,0.0,0.0,0.0,0.0,105.0,60.0,0.0,0.0,0.0,0.0
190.0,0,3,0,0,night,pa_8,E7,25.0,5,0.0,0,0.0,0.0,0,0,5,3,150.0,7,0,15.91,63,0.0,0.0,0.0,0.0,0.0,0.0,0.0,150.0,60.0,0.0,0.0,0.0,0.0
191.0,0,3,0,0,night,pa_8,E7,25.0,5,0.0,0,0.0,0.0,0,0,5,3,170.0,8,0,18.18,63,0.0,0.0,0.0,0.0,0.0,0.0,0.0,150.0,60.0,0.0,0.0,0.0,0.0
192.0,0,3,0,0,night,pa_8,E7,25.0,5,0.0,0,0.0,0.0,0,0,5,3,170.0,8,0,18.18,63,0.0,0.0,0.0,0.0,0.0,0.0,0.0,170.0,60.0,0.0,0.0,0.0,0.0
193.0,0,3,0,0,night,pa_8,E7,25.0,5,0.0,0,0.0,0.0,0,0,5,3,170.0,8,0,18.18,63,0.0,0.0,0.0,0.0,0.0,0.0,0.0,170.0,105.0,0.0,0.0,0.0,0.0
194.0,0,3,0,0,night,pa_8,E7,25.0,5,0.0,0,0.0,0.0,0,0,5,3,170.0,8,0,18.18,63,0.0,0.0,0.0,0.0,0.0,0.0,0.0,170.0,150.0,0.0,0.0,0.0,0.0
195.0,0,3,0,0,night,pa_8,E7,25.0,5,0.0,0,0.0,0.0,0,0,5,3,170.0,8,0,18.18,63,0.0,0.0,0.0,0.0,0.0,0.0,0.0,170.0,150.0,0.0,0.0,0.0,0.0
196.0,0,3,0,0,night,pa_8,E7,25.0,5,0.0,0,0.0,0.0,0,0,5,3,170.0,8,0,18.18,63,0.0,0.0,0.0,0.0,0.0,0.0,0.0,170.0,170.0,0.0,0.0,0.0,0.0
197.0,0,3,0,0,night,pa_8,E7,25.0,5,0.0,0,0.0,0.0,0,0,5,3,170.0,8,0,18.18,63,0.0,0.0,0.0,0.0,0.0,0.0,0.0,170.0,170.0,0.0,0.0,0.0,0.0
198.0,0,3,0,0,night,pa_8,E7,25.0,5,0.0,0,0.0,0.0,0,0,5,3,170.0,8,0,18.18,63,0.0,0.0,0.0,0.0,0.0,0.0,0.0,170.0,170.0,0.0,0.0,0.0,0.0
199.0,0,3,0,0,night,pa_8,E7,25.0,5,0.0,0,0.0,0.0,0,0,5,3,170.0,8,0,18.18,63,0.0,0.0,0.0,0.0,0.0,0.0,0.0,170.0,170.0,0.0,0.0,0.0,0.0
200.0,0,3,0,0,night,pa_8,E7,25.0,5,0.0,0,0.0,0.0,0,0,5,3,170.0,8,0,18.18,63,0.0,0.0,0.0,0.0,0.0,0.0,0.0,170.0,170.0,0.0,0.0,0.0,0.0
201.0,0,3,0,0,night,pa_8,E7,25.0,5,0.0,0,0.0,0.0,0,0,5,3,170.0,8,0,18.18,64,0.0,0.0,0.0,0.0,0.0,0.0,0.0,170.0,170.0,0.0,0.0,0.0,0.0
202.0,0,3,0,0,night,pa_8,E7,25.0,5,0.0,0,0.0,0.0,0,0,5,3,170.0,8,0,18.18,64,0.0,0.0,0.0,0.0,0.0,0.0,0.0,170.0,170.0,0.0,0.0,0.0,0.0
203.0,0,3,0,0,night,pa_8,E7,25.0,5,0.0,0,0.0,0.0,0,0,5,3,170.0,8,0,18.18,64,0.0,0.0,0.0,0.0,0.0,0.0,0.0,170.0,170.0,0.0,0.0,0.0,0.0
204.0,0,3,0,0,night,pa_8,E7,25.0,5,0.0,0,0.0,0.0,0,0,5,3,170.0,8,0,18.18,64,0.0,0.0,0.0,0.0,0.0,0.0,0.0,170.0,170.0,0.0,0.0,0.0,0.0
205.0,0,3,0,0,night,pa_8,E7,25.0,5,0.0,0,0.0,0.0,0,0,5,3,170.0,8,0,18.18,64,0.0,0.0,0.0,0.0,0.0,0.0,0.0,170.0,170.0,0.0,0.0,0.0,0.0
206.0,0,3,0,0,night,pa_8,E7,25.0,5,0.0,0,0.0,0.0,0,0,5,3,170.0,8,0,18.18,69,0.0,0.0,0.0,0.0,0.0,0.0,0.0,170.0,170.0,0.0,0.0,0.0,0.0
207.0,0,3,0,0,night,pa_8,E7,25.0,5,0.0,0,0.0,0.0,0,0,5,3,170.0,8,0,18.18,69,0.0,0.0,0.0,0.0,0.0,0.0,0.0,170.0,170.0,0.0,0.0,0.0,0.0
208.0,0,3,0,0,night,pa_8,E7,25.0,5,0.0,0,0.0,0.0,0,0,5,3,170.0,8,0,18.18,69,0.0,0.0,0.0,0.0,0.0,0.0,0.0,170.0,170.0,0.0,0.0,0.0,0.0
209.0,0,3,0,0,night,pa_8,E7,25.0,5,0.0,0,0.0,0.0,0,0,5,3,170.0,8,0,18.18,69,0.0,0.0,0.0,0.0,0.0,0.0,0.0,170.0,170.0,0.0,0.0,0.0,0.0
210.0,0,3,0,0,night,pa_8,E7,25.0,5,0.0,0,0.0,0.0,0,0,5,3,170.0,8,0,18.18,69,0.0,0.0,0.0,0.0,0.0,0.0,0.0,170.0,170.0,0.0,0.0,0.0,0.0
211.0,0,3,0,0,night,pa_8,E7,25.0,5,0.0,0,0.0,0.0,0,0,5,3,170.0,8,0,18.18,69,0.0,0.0,0.0,0.0,0.0,0.0,0.0,170.0,170.0,0.0,0.0,0.0,0.0
212.0,0,3,0,0,night,pa_8,E7,25.0,5,0.0,0,0.0,0.0,0,0,5,3,170.0,8,0,18.18,69,0.0,0.0,0.0,0.0,0.0,0.0,0.0,170.0,170.0,0.0,0.0,0.0,0.0
213.0,0,3,0,0,night,pa_8,E7,25.0,5,0.0,0,0.0,0.0,0,0,5,3,170.0,8,0,18.18,69,0.0,0.0,0.0,0.0,0.0,0.0,0.0,170.0,170.0,0.0,0.0,0.0,0.0
214.0,0,3,0,0,night,pa_8,E7,25.0,5,0.0,0,0.0,0.0,0,0,5,3,170.0,8,0,18.18,69,0.0,0.0,0.0,0.0,0.0,0.0,0.0,170.0,170.0,0.0,0.0,0.0,0.0
215.0,0,3,0,0,night,pa_8,E7,25.0,5,0.0,0,0.0,0.0,0,0,5,3,170.0,8,0,18.18,69,0.0,0.0,0.0,0.0,0.0,0.0,0.0,170.0,170.0,0.0,0.0,0.0,0.0
216.0,0,3,0,0,night,pa_8,E7,25.0,5,0.0,0,0.0,0.0,0,0,5,3,170.0,8,0,18.18,69,0.0,0.0,0.0,0.0,0.0,0.0,0.0,170.0,170.0,0.0,0.0,0.0,0.0
217.0,0,3,0,0,night,pa_8,E7,25.0,5,0.0,0,0.0,0.0,0,0,5,3,170.0,8,0,18.18,71,0.0,0.0,0.0,0.0,0.0,0.0,0.0,170.0,170.0,0.0,0.0,0.0,0.0
218.0,0,3,0,0,night,pa_8,E7,25.0,5,0.0,0,0.0,0.0,0,0,5,3,170.0,8,0,18.18,71,0.0,0.0,0.0,0.0,0.0,0.0,0.0,170.0,170.0,0.0,0.0,0.0,0.0
219.0,0,3,0,0,night,pa_8,E7,25.0,5,0.0,0,0.0,0.0,0,0,5,3,170.0,8,0,18.18,71,0.0,0.0,0.0,0.0,0.0,0.0,0.0,170.0,170.0,0.0,0.0,0.0,0.0
220.0,0,3,0,0,night,pa_8,E7,25.0,5,0.0,0,0.0,0.0,0,0,5,3,170.0,8,0,18.18,71,0.0,0.0,0.0,0.0,0.0,0.0,0.0,170.0,170.0,0.0,0.0,0.0,0.0
221.0,0,3,0,0,night,pa_8,E7,25.0,5,0.0,0,0.0,0.0,0,0,5,3,170.0,8,0,18.18,71,0.0,0.0,0.0,0.0,0.0,0.0,0.0,170.0,170.0,0.0,0.0,0.0,0.0
222.0,0,3,0,0,night,pa_8,E7,25.0,5,25.0,1,20.0,0.0,0,0,4,3,195.0,9,0,20.45,71,25.0,0.12,0.2,0.0,0.0,0.0,0.0,170.0,170.0,5.0,2.5,0.2,0.1
223.0,0,3,0,0,night,pa_8,E7,25.0,5,25.0,1,20.0,0.0,0,0,4,3,195.0,9,0,20.45,71,25.0,0.12,0.2,25.0,0.0,1.0,0.0,195.0,170.0,10.0,5.0,0.4,0.2
224.0,0,3,0,0,night,pa_8,E7,25.0,5,25.0,1,20.0,0.0,0,0,4,3,195.0,9,0,20.45,71,25.0,0.12,0.2,25.0,0.0,1.0,0.0,195.0,170.0,15.0,7.5,0.6,0.3
225.0,0,3,0,0,night,pa_8,E7,25.0,5,25.0,1,20.0,0.0,0,0,4,3,195.0,9,0,20.45,71,25.0,0.12,0.2,25.0,0.0,1.0,0.0,195.0,170.0,20.0,10.0,0.8,0.4
226.0,0,3,0,0,night,pa_8,E7,25.0,5,25.0,1,20.0,0.0,0,0,4,3,195.0,9,0,20.45,72,25.0,0.12,0.2,25.0,0.0,1.0,0.0,195.0,170.0,25.0,12.5,1.0,0.5
227.0,0,3,0,0,night,pa_8,E7,25.0,5,25.0,1,20.0,0.0,0,0,4,3,195.0,9,0,20.45,72,25.0,0.12,0.2,25.0,25.0,1.0,1.0,195.0,195.0,25.0,15.0,1.0,0.6
228.0,0,3,0,0,night,pa_8,E7,25.0,5,25.0,1,20.0,0.0,0,0,4,3,195.0,9,0,20.45,72,25.0,0.12,0.2,25.0,25.0,1.0,1.0,195.0,195.0,25.0,17.5,1.0,0.7
229.0,0,3,0,0,night,pa_8,E7,25.0,5,25.0,1,20.0,0.0,0,0,4,3,195.0,9,0,20.45,72,25.0,0.12,0.2,25.0,25.0,1.0,1.0,195.0,195.0,25.0,20.0,1.0,0.8
230.0,0,3,0,0,night,pa_8,E7,25.0,5,25.0,1,20.0,0.0,0,0,4,3,195.0,9,0,20.45,72,25.0,0.12,0.2,25.0,25.0,1.0,1.0,195.0,195.0,25.0,22.5,1.0,0.9
231.0,0,3,0,0,night,pa_8,E7,25.0,5,25.0,1,20.0,0.0,0,0,4,3,195.0,9,0,20.45,72,25.0,0.12,0.2,25.0,25.0,1.0,1.0,195.0,195.0,25.0,25.0,1.0,1.0
232.0,0,3,0,0,night,pa_8,E7,25.0,5,25.0,1,20.0,0.0,0,0,4,3,195.0,9,0,20.45,72,25.0,0.12,0.2,25.0,25.0,1.0,1.0,195.0,195.0,25.0,25.0,1.0,1.0
233.0,0,3,0,0,night,pa_8,E7,25.0,5,25.0,1,20.0,0.0,0,0,4,3,195.0,9,0,20.45,72,25.0,0.12,0.2,25.0,25.0,1.0,1.0,195.0,195.0,25.0,25.0,1.0,1.0
234.0,0,3,0,0,night,pa_8,E7,25.0,5,25.0,1,20.0,0.0,0,0,4,3,195.0,9,0,20.45,72,25.0,0.12,0.2,25.0,25.0,1.0,1.0,195.0,195.0,25.0,25.0,1.0,1.0
235.0,0,3,0,0,night,pa_8,E7,25.0,5,25.0,1,20.0,0.0,0,0,4,3,195.0,9,0,20.45,72,25.0,0.12,0.2,25.0,25.0,1.0,1.0,195.0,195.0,25.0,25.0,1.0,1.0
236.0,0,3,0,0,night,pa_8,E7,25.0,5,25.0,1,20.0,0.0,0,0,4,3,195.0,9,0,20.45,72,25.0,0.12,0.2,25.0,25.0,1.0,1.0,195.0,195.0,25.0,25.0,1.0,1.0
237.0,0,3,0,0,night,pa_8,E7,25.0,5,25.0,1,20.0,0.0,0,0,4,3,195.0,9,0,20.45,72,25.0,0.12,0.2,25.0,25.0,1.0,1.0,195.0,195.0,25.0,25.0,1.0,1.0
238.0,0,3,0,0,night,pa_8,E7,25.0,5,25.0,1,20.0,0.0,0,0,4,3,220.0,10,0,22.73,72,25.0,0.12,0.2,25.0,25.0,1.0,1.0,195.0,195.0,25.0,25.0,1.0,1.0
239.0,0,3,0,0,night,pa_8,E7,25.0,5,25.0,1,20.0,0.0,0,0,4,3,220.0,10,0,22.73,72,25.0,0.12,0.2,25.0,25.0,1.0,1.0,220.0,195.0,25.0,25.0,1.0,1.0
240.0,0,4,0,0,night,pa_8,E7,25.0,5,25.0,1,20.0,0.0,0,0,4,3,220.0,10,0,22.73,72,25.0,0.12,0.2,25.0,25.0,1.0,1.0,220.0,195.0,25.0,25.0,1.0,1.0
241.0,0,4,0,0,night,pa_8,E7,25.0,5,25.0,1,20.0,0.0,0,0,4,3,220.0,10,0,22.73,76,25.0,0.12,0.2,25.0,25.0,1.0,1.0,220.0,195.0,25.0,25.0,1.0,1.0
242.0,0,4,0,0,night,pa_8,E7,25.0,5,25.0,1,20.0,0.0,0,0,4,3,220.0,10,0,22.73,76,25.0,0.12,0.2,25.0,25.0,1.0,1.0,220.0,195.0,25.0,25.0,1.0,1.0
243.0,0,4,0,0,night,pa_8,E7,25.0,5,25.0,1,20.0,0.0,0,0,4,3,220.0,10,0,22.73,78,25.0,0.12,0.2,25.0,25.0,1.0,1.0,220.0,220.0,25.0,25.0,1.0,1.0
244.0,0,4,0,0,night,pa_8,E7,25.0,5,25.0,1,20.0,0.0,0,0,4,3,220.0,10,0,22.73,78,25.0,0.12,0.2,25.0,25.0,1.0,1.0,220.0,220.0,25.0,25.0,1.0,1.0
245.0,0,4,0,0,night,pa_8,E7,25.0,5,25.0,1,20.0,0.0,0,0,4,3,220.0,10,0,22.73,78,25.0,0.12,0.2,25.0,25.0,1.0,1.0,220.0,220.0,25.0,25.0,1.0,1.0
246.0,0,4,0,0,night,pa_8,E7,25.0,5,25.0,1,20.0,0.0,0,0,4,3,220.0,10,0,22.73,79,25.0,0.12,0.2,25.0,25.0,1.0,1.0,220.0,220.0,25.0,25.0,1.0,1.0
247.0,0,4,0,0,night,pa_8,E7,25.0,5,25.0,1,20.0,0.0,0,0,4,3,240.0,11,0,25.0,79,25.0,0.12,0.2,25.0,25.0,1.0,1.0,220.0,220.0,25.0,25.0,1.0,1.0
248.0,0,4,0,0,night,pa_8,E7,25.0,5,25.0,1,20.0,0.0,0,0,4,3,240.0,11,0,25.0,80,25.0,0.12,0.2,25.0,25.0,1.0,1.0,240.0,220.0,25.0,25.0,1.0,1.0
249.0,0,4,0,0,night,pa_8,E7,25.0,5,25.0,1,20.0,0.0,0,0,4,3,240.0,11,0,25.0,80,25.0,0.12,0.2,25.0,25.0,1.0,1.0,240.0,220.0,25.0,25.0,1.0,1.0
250.0,0,4,0,0,night,pa_8,E7,25.0,5,25.0,1,20.0,0.0,0,0,4,3,240.0,11,0,25.0,80,25.0,0.12,0.2,25.0,25.0,1.0,1.0,240.0,220.0,25.0,25.0,1.0,1.0
251.0,0,4,0,0,night,pa_8,E7,25.0,5,25.0,1,20.0,0.0,0,0,4,3,240.0,11,0,25.0,80,25.0,0.12,0.2,25.0,25.0,1.0,1.0,240.0,220.0,25.0,25.0,1.0,1.0
252.0,0,4,0,0,night,pa_8,E7,25.0,5,25.0,1,20.0,0.0,0,0,4,3,260.0,12,0,27.27,80,25.0,0.12,0.2,25.0,25.0,1.0,1.0,240.0,240.0,25.0,25.0,1.0,1.0
253.0,0,4,0,0,night,pa_8,E7,25.0,5,25.0,1,20.0,0.0,0,0,4,3,260.0,12,0,27.27,80,25.0,0.12,0.2,25.0,25.0,1.0,1.0,260.0,240.0,25.0,25.0,1.0,1.0
254.0,0,4,0,0,night,pa_8,E7,25.0,5,25.0,1,20.0,0.0,0,0,4,3,260.0,12,0,27.27,80,25.0,0.12,0.2,25.0,25.0,1.0,1.0,260.0,240.0,25.0,25.0,1.0,1.0
255.0,0,4,0,0,night,pa_8,E7,25.0,5,25.0,1,20.0,0.0,0,0,4,3,260.0,12,0,27.27,80,25.0,0.12,0.2,25.0,25.0,1.0,1.0,260.0,240.0,25.0,25.0,1.0,1.0
256.0,0,4,0,0,night,pa_8,E7,25.0,5,25.0,1,20.0,0.0,0,0,4,3,260.0,12,0,27.27,80,25.0,0.12,0.2,25.0,25.0,1.0,1.0,260.0,240.0,25.0,25.0,1.0,1.0
257.0,0,4,0,0,night,pa_8,E7,25.0,5,25.0,1,20.0,0.0,0,0,4,3,280.0,13,0,29.55,80,25.0,0.12,0.2,25.0,25.0,1.0,1.0,260.0,260.0,25.0,25.0,1.0,1.0
258.0,0,4,0,0,night,pa_8,E7,25.0,5,25.0,1,20.0,0.0,0,0,4,3,280.0,13,0,29.55,82,25.0,0.12,0.2,25.0,25.0,1.0,1.0,280.0,260.0,25.0,25.0,1.0,1.0
259.0,0,4,0,0,night,pa_8,E7,25.0,5,25.0,1,20.0,0.0,0,0,4,3,280.0,13,0,29.55,82,25.0,0.12,0.2,25.0,25.0,1.0,1.0,280.0,260.0,25.0,25.0,1.0,1.0
260.0,0,4,0,0,night,pa_8,E7,25.0,5,25.0,1,20.0,0.0,0,0,4,3,280.0,13,0,29.55,82,25.0,0.12,0.2,25.0,25.0,1.0,1.0,280.0,260.0,25.0,25.0,1.0,1.0
261.0,0,4,0,0,night,pa_8,E7,25.0,5,25.0,1,20.0,0.0,0,0,4,3,280.0,13,0,29.55,82,25.0,0.12,0.2,25.0,25.0,1.0,1.0,280.0,260.0,25.0,25.0,1.0,1.0
262.0,0,4,0,0,night,pa_8,E7,25.0,5,25.0,1,20.0,0.0,0,0,4,3,280.0,13,0,29.55,82,25.0,0.12,0.2,25.0,25.0,1.0,1.0,280.0,280.0,25.0,25.0,1.0,1.0
263.0,0,4,0,0,night,pa_8,E7,25.0,5,25.0,1,20.0,0.0,0,0,4,3,280.0,13,0,29.55,82,25.0,0.12,0.2,25.0,25.0,1.0,1.0,280.0,280.0,25.0,25.0,1.0,1.0
264.0,0,4,0,0,night,pa_8,E7,25.0,5,25.0,1,20.0,0.0,0,0,4,3,280.0,13,0,29.55,82,25.0,0.12,0.2,25.0,25.0,1.0,1.0,280.0,280.0,25.0,25.0,1.0,1.0
265.0,0,4,0,0,night,pa_8,E7,25.0,5,25.0,1,20.0,0.0,0,0,4,3,280.0,13,0,29.55,82,25.0,0.12,0.2,25.0,25.0,1.0,1.0,280.0,280.0,25.0,25.0,1.0,1.0
266.0,0,4,0,0,night,pa_8,E7,25.0,5,25.0,1,20.0,0.0,0,0,4,3,300.0,14,0,31.82,82,25.0,0.12,0.2,25.0,25.0,1.0,1.0,280.0,280.0,25.0,25.0,1.0,1.0
267.0,0,4,0,0,night,pa_8,E7,25.0,5,25.0,1,20.0,0.0,0,0,4,3,300.0,14,0,31.82,82,25.0,0.12,0.2,25.0,25.0,1.0,1.0,300.0,280.0,25.0,25.0,1.0,1.0
268.0,0,4,0,0,night,pa_8,E7,25.0,5,25.0,1,20.0,0.0,0,0,4,3,325.0,15,0,34.09,82,25.0,0.12,0.2,25.0,25.0,1.0,1.0,300.0,280.0,25.0,25.0,1.0,1.0
269.0,0,4,0,0,night,pa_8,E7,25.0,5,25.0,1,20.0,0.0,0,0,4,3,350.0,16,0,36.36,82,25.0,0.12,0.2,25.0,25.0,1.0,1.0,325.0,280.0,25.0,25.0,1.0,1.0
270.0,0,4,0,0,night,pa_8,E7,25.0,5,25.0,1,20.0,0.0,0,0,4,3,370.0,17,0,38.64,82,25.0,0.12,0.2,25.0,25.0,1.0,1.0,350.0,280.0,25.0,25.0,1.0,1.0
271.0,0,4,0,0,night,pa_8,E7,25.0,5,25.0,1,20.0,0.0,0,0,4,3,370.0,17,0,38.64,83,25.0,0.12,0.2,25.0,25.0,1.0,1.0,370.0,300.0,25.0,25.0,1.0,1.0
272.0,0,4,0,0,night,pa_8,E7,25.0,5,25.0,1,20.0,0.0,0,0,4,3,390.0,18,0,40.91,83,25.0,0.12,0.2,25.0,25.0,1.0,1.0,370.0,300.0,25.0,25.0,1.0,1.0
273.0,0,4,0,0,night,pa_8,E7,25.0,5,50.0,2,40.0,0.0,0,0,3,3,415.0,19,0,43.18,84,25.0,0.25,0.4,25.0,25.0,1.0,1.0,390.0,325.0,30.0,27.5,1.2,1.1
274.0,0,4,0,0,night,pa_8,E7,25.0,5,50.0,2,40.0,0.0,0,0,3,3,440.0,20,0,45.45,84,25.0,0.25,0.4,50.0,25.0,2.0,1.0,415.0,350.0,35.0,30.0,1.4,1.2
275.0,0,4,0,0,night,pa_8,E7,25.0,5,50.0,2,40.0,0.0,0,0,3,3,480.0,22,0,50.0,84,25.0,0.25,0.4,50.0,25.0,2.0,1.0,440.0,370.0,40.0,32.5,1.6,1.3
276.0,0,4,0,0,night,pa_8,E7,25.0,5,50.0,2,40.0,0.0,0,0,3,3,500.0,23,0,52.27,84,25.0,0.25,0.4,50.0,25.0,2.0,1.0,480.0,370.0,45.0,35.0,1.8,1.4
277.0,0,4,0,0,night,pa_8,E7,25.0,5,50.0,2,40.0,0.0,0,0,3,3,500.0,23,0,52.27,84,25.0,0.25,0.4,50.0,25.0,2.0,1.0,500.0,390.0,50.0,37.5,2.0,1.5
278.0,0,4,0,0,night,pa_8,E7,25.0,5,50.0,2,40.0,0.0,0,0,3,3,500.0,23,0,52.27,84,25.0,0.25,0.4,50.0,50.0,2.0,2.0,500.0,415.0,50.0,40.0,2.0,1.6
279.0,0,4,0,0,night,pa_8,E7,25.0,5,50.0,2,40.0,0.0,0,0,3,3,500.0,23,0,52.27,84,25.0,0.25,0.4,50.0,50.0,2.0,2.0,500.0,440.0,50.0,42.5,2.0,1.7
280.0,0,4,0,0,night,pa_8,E7,25.0,5,50.0,2,40.0,0.0,0,0,3,3,520.0,24,0,54.55,84,25.0,0.25,0.4,50.0,50.0,2.0,2.0,500.0,480.0,50.0,45.0,2.0,1.8
281.0,0,4,0,0,night,pa_8,E7,25.0,5,50.0,2,40.0,0.0,0,0,3,3,545.0,25,0,56.82,85,25.0,0.25,0.4,50.0,50.0,2.0,2.0,520.0,500.0,50.0,47.5,2.0,1.9
282.0,0,4,0,0,night,pa_8,E7,25.0,5,50.0,2,40.0,0.0,0,0,3,3,545.0,25,0,56.82,85,25.0,0.25,0.4,50.0,50.0,2.0,2.0,545.0,500.0,50.0,50.0,2.0,2.0
283.0,0,4,0,0,night,pa_8,E7,25.0,5,50.0,2,40.0,0.0,0,0,3,3,545.0,25,0,56.82,85,25.0,0.25,0.4,50.0,50.0,2.0,2.0,545.0,500.0,50.0,50.0,2.0,2.0
284.0,0,4,0,0,night,pa_8,E7,25.0,5,50.0,2,40.0,0.0,0,0,3,3,545.0,25,0,56.82,85,25.0,0.25,0.4,50.0,50.0,2.0,2.0,545.0,500.0,50.0,50.0,2.0,2.0
285.0,0,4,0,0,night,pa_8,E7,25.0,5,50.0,2,40.0,0.0,0,0,3,3,545.0,25,0,56.82,85,25.0,0.25,0.4,50.0,50.0,2.0,2.0,545.0,520.0,50.0,50.0,2.0,2.0
286.0,0,4,0,0,night,pa_8,E7,25.0,5,50.0,2,40.0,0.0,0,0,3,3,545.0,25,0,56.82,85,25.0,0.25,0.4,50.0,50.0,2.0,2.0,545.0,545.0,50.0,50.0,2.0,2.0
287.0,0,4,0,0,night,pa_8,E7,25.0,5,50.0,2,40.0,0.0,0,0,3,3,545.0,25,0,56.82,85,25.0,0.25,0.4,50.0,50.0,2.0,2.0,545.0,545.0,50.0,50.0,2.0,2.0
288.0,0,4,0,0,night,pa_8,E7,25.0,5,50.0,2,40.0,0.0,0,0,3,3,545.0,25,0,56.82,85,25.0,0.25,0.4,50.0,50.0,2.0,2.0,545.0,545.0,50.0,50.0,2.0,2.0
289.0,0,4,0,0,night,pa_8,E7,25.0,5,50.0,2,40.0,0.0,0,0,3,3,545.0,25,0,56.82,90,25.0,0.25,0.4,50.0,50.0,2.0,2.0,545.0,545.0,50.0,50.0,2.0,2.0
290.0,0,4,0,0,night,pa_8,E7,25.0,5,50.0,2,40.0,0.0,0,0,3,3,545.0,25,0,56.82,90,25.0,0.25,0.4,50.0,50.0,2.0,2.0,545.0,545.0,50.0,50.0,2.0,2.0
291.0,0,4,0,0,night,pa_8,E7,25.0,5,50.0,2,40.0,0.0,0,0,3,3,545.0,25,0,56.82,90,25.0,0.25,0.4,50.0,50.0,2.0,2.0,545.0,545.0,50.0,50.0,2.0,2.0
292.0,0,4,0,0,night,pa_8,E7,25.0,5,50.0,2,40.0,0.0,0,0,3,3,610.0,28,0,63.64,90,25.0,0.25,0.4,50.0,50.0,2.0,2.0,545.0,545.0,50.0,50.0,2.0,2.0
293.0,0,4,0,0,night,pa_8,E7,25.0,5,50.0,2,40.0,0.0,0,0,3,3,610.0,28,0,63.64,90,25.0,0.25,0.4,50.0,50.0,2.0,2.0,610.0,545.0,50.0,50.0,2.0,2.0
294.0,0,4,0,0,night,pa_8,E7,25.0,5,50.0,2,40.0,0.0,0,0,3,3,610.0,28,0,63.64,90,25.0,0.25,0.4,50.0,50.0,2.0,2.0,610.0,545.0,50.0,50.0,2.0,2.0
295.0,0,4,0,0,night,pa_8,E7,25.0,5,50.0,2,40.0,0.0,0,0,3,3,610.0,28,0,63.64,90,25.0,0.25,0.4,50.0,50.0,2.0,2.0,610.0,545.0,50.0,50.0,2.0,2.0
296.0,0,4,0,0,night,pa_8,E7,25.0,5,50.0,2,40.0,0.0,0,0,3,3,610.0,28,0,63.64,90,25.0,0.25,0.4,50.0,50.0,2.0,2.0,610.0,545.0,50.0,50.0,2.0,2.0
297.0,0,4,0,0,night,pa_8,E7,25.0,5,50.0,2,40.0,0.0,0,0,3,3,610.0,28,0,63.64,90,25.0,0.25,0.4,50.0,50.0,2.0,2.0,610.0,610.0,50.0,50.0,2.0,2.0
298.0,0,4,0,0,night,pa_8,E7,25.0,5,50.0,2,40.0,0.0,0,0,3,3,610.0,28,0,63.64,90,25.0,0.25,0.4,50.0,50.0,2.0,2.0,610.0,610.0,50.0,50.0,2.0,2.0
299.0,0,4,0,0,night,pa_8,E7,25.0,5,50.0,2,40.0,0.0,0,0,3,3,610.0,28,0,63.64,90,25.0,0.25,0.4,50.0,50.0,2.0,2.0,610.0,610.0,50.0,50.0,2.0,2.0
300.0,0,5,0,0,night,pa_8,E7,25.0,5,50.0,2,40.0,0.0,0,0,3,3,610.0,28,0,63.64,90,25.0,0.25,0.4,50.0,50.0,2.0,2.0,610.0,610.0,50.0,50.0,2.0,2.0
301.0,0,5,0,0,night,pa_8,E7,25.0,5,75.0,3,60.0,0.0,0,0,2,3,635.0,29,0,65.91,92,25.0,0.38,0.6,50.0,50.0,2.0,2.0,610.0,610.0,55.0,52.5,2.2,2.1
302.0,0,5,0,0,night,pa_8,E7,25.0,5,75.0,3,60.0,0.0,0,0,2,3,635.0,29,0,65.91,92,25.0,0.38,0.6,75.0,50.0,3.0,2.0,635.0,610.0,60.0,55.0,2.4,2.2
303.0,0,5,0,0,night,pa_8,E7,25.0,5,75.0,3,60.0,0.0,0,0,2,3,635.0,29,0,65.91,92,25.0,0.38,0.6,75.0,50.0,3.0,2.0,635.0,610.0,65.0,57.5,2.6,2.3
304.0,0,5,0,0,night,pa_8,E7,25.0,5,75.0,3,60.0,0.0,0,0,2,3,635.0,29,0,65.91,92,25.0,0.38,0.6,75.0,50.0,3.0,2.0,635.0,610.0,70.0,60.0,2.8,2.4
305.0,0,5,0,0,night,pa_8,E7,25.0,5,75.0,3,60.0,0.0,0,0,2,3,635.0,29,0,65.91,92,25.0,0.38,0.6,75.0,50.0,3.0,2.0,635.0,610.0,75.0,62.5,3.0,2.5
306.0,0,5,0,0,night,pa_8,E7,25.0,5,75.0,3,60.0,0.0,0,0,2,3,635.0,29,0,65.91,92,25.0,0.38,0.6,75.0,75.0,3.0,3.0,635.0,635.0,75.0,65.0,3.0,2.6
307.0,0,5,0,0,night,pa_8,E7,25.0,5,75.0,3,60.0,0.0,0,0,2,3,680.0,31,0,70.45,92,25.0,0.38,0.6,75.0,75.0,3.0,3.0,635.0,635.0,75.0,67.5,3.0,2.7
308.0,0,5,0,0,night,pa_8,E7,25.0,5,75.0,3,60.0,0.0,0,0,2,3,680.0,31,0,70.45,92,25.0,0.38,0.6,75.0,75.0,3.0,3.0,680.0,635.0,75.0,70.0,3.0,2.8
309.0,0,5,0,0,night,pa_8,E7,25.0,5,75.0,3,60.0,0.0,0,0,2,3,680.0,31,0,70.45,97,25.0,0.38,0.6,75.0,75.0,3.0,3.0,680.0,635.0,75.0,72.5,3.0,2.9
310.0,0,5,0,0,night,pa_8,E7,25.0,5,75.0,3,60.0,0.0,0,0,2,3,680.0,31,0,70.45,97,25.0,0.38,0.6,75.0,75.0,3.0,3.0,680.0,635.0,75.0,75.0,3.0,3.0
311.0,0,5,0,0,night,pa_8,E7,25.0,5,75.0,3,60.0,0.0,0,0,2,3,680.0,31,0,70.45,97,25.0,0.38,0.6,75.0,75.0,3.0,3.0,680.0,635.0,75.0,75.0,3.0,3.0
312.0,0,5,0,0,night,pa_8,E7,25.0,5,75.0,3,60.0,0.0,0,0,2,3,680.0,31,0,70.45,97,25.0,0.38,0.6,75.0,75.0,3.0,3.0,680.0,680.0,75.0,75.0,3.0,3.0
313.0,0,5,0,0,night,pa_8,E7,25.0,5,75.0,3,60.0,0.0,0,0,2,3,680.0,31,0,70.45,97,25.0,0.38,0.6,75.0,75.0,3.0,3.0,680.0,680.0,75.0,75.0,3.0,3.0
314.0,0,5,0,0,night,pa_8,E7,25.0,5,75.0,3,60.0,0.0,0,0,2,3,680.0,31,0,70.45,97,25.0,0.38,0.6,75.0,75.0,3.0,3.0,680.0,680.0,75.0,75.0,3.0,3.0
315.0,0,5,0,0,night,pa_8,E7,25.0,5,75.0,3,60.0,0.0,0,0,2,3,680.0,31,0,70.45,97,25.0,0.38,0.6,75.0,75.0,3.0,3.0,680.0,680.0,75.0,75.0,3.0,3.0
316.0,0,5,0,0,night,pa_8,E7,25.0,5,75.0,3,60.0,0.0,0,0,2,3,680.0,31,0,70.45,98,25.0,0.38,0.6,75.0,75.0,3.0,3.0,680.0,680.0,75.0,75.0,3.0,3.0
317.0,0,5,0,0,night,pa_8,E7,25.0,5,75.0,3,60.0,0.0,0,0,2,3,680.0,31,0,70.45,98,25.0,0.38,0.6,75.0,75.0,3.0,3.0,680.0,680.0,75.0,75.0,3.0,3.0
318.0,0,5,0,0,night,pa_8,E7,25.0,5,75.0,3,60.0,0.0,0,0,2,3,680.0,31,0,70.45,98,25.0,0.38,0.6,75.0,75.0,3.0,3.0,680.0,680.0,75.0,75.0,3.0,3.0
319.0,0,5,0,0,night,pa_8,E7,25.0,5,75.0,3,60.0,0.0,0,0,2,3,680.0,31,0,70.45,98,25.0,0.38,0.6,75.0,75.0,3.0,3.0,680.0,680.0,75.0,75.0,3.0,3.0
320.0,0,5,0,0,night,pa_8,E7,25.0,5,75.0,3,60.0,0.0,0,0,2,3,680.0,31,0,70.45,98,25.0,0.38,0.6,75.0,75.0,3.0,3.0,680.0,680.0,75.0,75.0,3.0,3.0
321.0,0,5,0,0,night,pa_8,E7,25.0,5,75.0,3,60.0,0.0,0,0,2,3,680.0,31,0,70.45,100,25.0,0.38,0.6,75.0,75.0,3.0,3.0,680.0,680.0,75.0,75.0,3.0,3.0
322.0,0,5,0,0,night,pa_8,E7,25.0,5,75.0,3,60.0,0.0,0,0,2,3,680.0,31,0,70.45,100,25.0,0.38,0.6,75.0,75.0,3.0,3.0,680.0,680.0,75.0,75.0,3.0,3.0
323.0,0,5,0,0,night,pa_8,E7,25.0,5,75.0,3,60.0,0.0,0,0,2,3,680.0,31,0,70.45,100,25.0,0.38,0.6,75.0,75.0,3.0,3.0,680.0,680.0,75.0,75.0,3.0,3.0
324.0,0,5,0,0,night,pa_8,E7,25.0,5,75.0,3,60.0,0.0,0,0,2,3,680.0,31,0,70.45,100,25.0,0.38,0.6,75.0,75.0,3.0,3.0,680.0,680.0,75.0,75.0,3.0,3.0
325.0,0,5,0,0,night,pa_8,E7,25.0,5,75.0,3,60.0,0.0,0,0,2,3,680.0,31,0,70.45,100,25.0,0.38,0.6,75.0,75.0,3.0,3.0,680.0,680.0,75.0,75.0,3.0,3.0
326.0,0,5,0,0,night,pa_8,E7,25.0,5,75.0,3,60.0,0.0,0,0,2,3,700.0,32,0,72.73,100,25.0,0.38,0.6,75.0,75.0,3.0,3.0,680.0,680.0,75.0,75.0,3.0,3.0
327.0,0,5,0,0,night,pa_8,E7,25.0,5,75.0,3,60.0,0.0,0,0,2,3,700.0,32,0,72.73,100,25.0,0.38,0.6,75.0,75.0,3.0,3.0,700.0,680.0,75.0,75.0,3.0,3.0
328.0,0,5,0,0,night,pa_8,E7,25.0,5,75.0,3,60.0,0.0,0,0,2,3,700.0,32,0,72.73,100,25.0,0.38,0.6,75.0,75.0,3.0,3.0,700.0,680.0,75.0,75.0,3.0,3.0
329.0,0,5,0,0,night,pa_8,E7,25.0,5,75.0,3,60.0,0.0,0,0,2,3,700.0,32,0,72.73,100,25.0,0.38,0.6,75.0,75.0,3.0,3.0,700.0,680.0,75.0,75.0,3.0,3.0
330.0,0,5,0,0,night,pa_8,E7,25.0,5,75.0,3,60.0,0.0,0,0,2,3,700.0,32,0,72.73,100,25.0,0.38,0.6,75.0,75.0,3.0,3.0,700.0,680.0,75.0,75.0,3.0,3.0
331.0,0,5,0,0,night,pa_8,E7,25.0,5,75.0,3,60.0,0.0,0,0,2,3,700.0,32,0,72.73,100,25.0,0.38,0.6,75.0,75.0,3.0,3.0,700.0,700.0,75.0,75.0,3.0,3.0
332.0,0,5,0,0,night,pa_8,E7,25.0,5,75.0,3,60.0,0.0,0,0,2,3,700.0,32,0,72.73,100,25.0,0.38,0.6,75.0,75.0,3.0,3.0,700.0,700.0,75.0,75.0,3.0,3.0
333.0,0,5,0,0,night,pa_8,E7,25.0,5,75.0,3,60.0,0.0,0,0,2,3,700.0,32,0,72.73,100,25.0,0.38,0.6,75.0,75.0,3.0,3.0,700.0,700.0,75.0,75.0,3.0,3.0
334.0,0,5,0,0,night,pa_8,E7,25.0,5,75.0,3,60.0,0.0,0,0,2,3,700.0,32,0,72.73,100,25.0,0.38,0.6,75.0,75.0,3.0,3.0,700.0,700.0,75.0,75.0,3.0,3.0
335.0,0,5,0,0,night,pa_8,E7,25.0,5,75.0,3,60.0,0.0,0,0,2,3,700.0,32,0,72.73,100,25.0,0.38,0.6,75.0,75.0,3.0,3.0,700.0,700.0,75.0,75.0,3.0,3.0
336.0,0,5,0,0,night,pa_8,E7,25.0,5,75.0,3,60.0,0.0,0,0,2,3,700.0,32,0,72.73,100,25.0,0.38,0.6,75.0,75.0,3.0,3.0,700.0,700.0,75.0,75.0,3.0,3.0
337.0,0,5,0,0,night,pa_8,E7,25.0,5,75.0,3,60.0,0.0,0,0,2,3,700.0,32,0,72.73,100,25.0,0.38,0.6,75.0,75.0,3.0,3.0,700.0,700.0,75.0,75.0,3.0,3.0
338.0,0,5,0,0,night,pa_8,E7,25.0,5,75.0,3,60.0,0.0,0,0,2,3,700.0,32,0,72.73,100,25.0,0.38,0.6,75.0,75.0,3.0,3.0,700.0,700.0,75.0,75.0,3.0,3.0
339.0,0,5,0,0,night,pa_8,E7,25.0,5,75.0,3,60.0,0.0,0,0,2,3,700.0,32,0,72.73,100,25.0,0.38,0.6,75.0,75.0,3.0,3.0,700.0,700.0,75.0,75.0,3.0,3.0
340.0,0,5,0,0,night,pa_8,E7,25.0,5,75.0,3,60.0,0.0,0,0,2,3,740.0,34,0,77.27,100,25.0,0.38,0.6,75.0,75.0,3.0,3.0,700.0,700.0,75.0,75.0,3.0,3.0
341.0,0,5,0,0,night,pa_8,E7,25.0,5,75.0,3,60.0,0.0,0,0,2,3,740.0,34,0,77.27,100,25.0,0.38,0.6,75.0,75.0,3.0,3.0,740.0,700.0,75.0,75.0,3.0,3.0
342.0,0,5,0,0,night,pa_8,E7,25.0,5,75.0,3,60.0,0.0,0,0,2,3,740.0,34,0,77.27,100,25.0,0.38,0.6,75.0,75.0,3.0,3.0,740.0,700.0,75.0,75.0,3.0,3.0
343.0,0,5,0,0,night,pa_8,E7,25.0,5,75.0,3,60.0,0.0,0,0,2,3,740.0,34,0,77.27,100,25.0,0.38,0.6,75.0,75.0,3.0,3.0,740.0,700.0,75.0,75.0,3.0,3.0
344.0,0,5,0,0,night,pa_8,E7,25.0,5,75.0,3,60.0,0.0,0,0,2,3,740.0,34,0,77.27,100,25.0,0.38,0.6,75.0,75.0,3.0,3.0,740.0,700.0,75.0,75.0,3.0,3.0
345.0,0,5,0,0,night,pa_8,E7,25.0,5,75.0,3,60.0,0.0,0,0,2,3,740.0,34,0,77.27,100,25.0,0.38,0.6,75.0,75.0,3.0,3.0,740.0,740.0,75.0,75.0,3.0,3.0
346.0,0,5,0,0,night,pa_8,E7,25.0,5,75.0,3,60.0,0.0,0,0,2,3,740.0,34,0,77.27,100,25.0,0.38,0.6,75.0,75.0,3.0,3.0,740.0,740.0,75.0,75.0,3.0,3.0
347.0,0,5,0,0,night,pa_8,E7,25.0,5,75.0,3,60.0,0.0,0,0,2,3,740.0,34,0,77.27,100,25.0,0.38,0.6,75.0,75.0,3.0,3.0,740.0,740.0,75.0,75.0,3.0,3.0
348.0,0,5,0,0,night,pa_8,E7,25.0,5,75.0,3,60.0,0.0,0,0,2,3,740.0,34,0,77.27,100,25.0,0.38,0.6,75.0,75.0,3.0,3.0,740.0,740.0,75.0,75.0,3.0,3.0
349.0,0,5,0,0,night,pa_8,E7,25.0,5,75.0,3,60.0,0.0,0,0,2,3,740.0,34,0,77.27,100,25.0,0.38,0.6,75.0,75.0,3.0,3.0,740.0,740.0,75.0,75.0,3.0,3.0
350.0,0,5,0,0,night,pa_8,E7,25.0,5,75.0,3,60.0,0.0,0,0,2,3,740.0,34,0,77.27,100,25.0,0.38,0.6,75.0,75.0,3.0,3.0,740.0,740.0,75.0,75.0,3.0,3.0
351.0,0,5,0,0,night,pa_8,E7,25.0,5,75.0,3,60.0,0.0,0,0,2,3,740.0,34,0,77.27,100,25.0,0.38,0.6,75.0,75.0,3.0,3.0,740.0,740.0,75.0,75.0,3.0,3.0
352.0,0,5,0,0,night,pa_8,E7,25.0,5,75.0,3,60.0,0.0,0,0,2,3,740.0,34,0,77.27,100,25.0,0.38,0.6,75.0,75.0,3.0,3.0,740.0,740.0,75.0,75.0,3.0,3.0
353.0,0,5,0,0,night,pa_8,E7,25.0,5,75.0,3,60.0,0.0,0,0,2,3,740.0,34,0,77.27,100,25.0,0.38,0.6,75.0,75.0,3.0,3.0,740.0,740.0,75.0,75.0,3.0,3.0
354.0,0,5,0,0,night,pa_8,E7,25.0,5,75.0,3,60.0,0.0,0,0,2,3,740.0,34,0,77.27,100,25.0,0.38,0.6,75.0,75.0,3.0,3.0,740.0,740.0,75.0,75.0,3.0,3.0
355.0,0,5,0,0,night,pa_8,E7,25.0,5,75.0,3,60.0,0.0,0,0,2,3,740.0,34,0,77.27,100,25.0,0.38,0.6,75.0,75.0,3.0,3.0,740.0,740.0,75.0,75.0,3.0,3.0
356.0,0,5,0,0,night,pa_8,E7,25.0,5,75.0,3,60.0,0.0,0,0,2,3,740.0,34,0,77.27,100,25.0,0.38,0.6,75.0,75.0,3.0,3.0,740.0,740.0,75.0,75.0,3.0,3.0
357.0,0,5,0,0,night,pa_8,E7,25.0,5,75.0,3,60.0,0.0,0,0,2,3,740.0,34,0,77.27,100,25.0,0.38,0.6,75.0,75.0,3.0,3.0,740.0,740.0,75.0,75.0,3.0,3.0
358.0,0,5,0,0,night,pa_8,E7,25.0,5,75.0,3,60.0,0.0,0,0,2,3,740.0,34,0,77.27,100,25.0,0.38,0.6,75.0,75.0,3.0,3.0,740.0,740.0,75.0,75.0,3.0,3.0
359.0,0,5,0,0,night,pa_8,E7,25.0,5,75.0,3,60.0,0.0,0,0,2,3,765.0,35,0,79.55,100,25.0,0.38,0.6,75.0,75.0,3.0,3.0,740.0,740.0,75.0,75.0,3.0,3.0
360.0,0,6,0,0,night,pa_8,E7,25.0,5,75.0,3,60.0,0.0,0,0,2,3,790.0,36,0,81.82,100,25.0,0.38,0.6,75.0,75.0,3.0,3.0,765.0,740.0,75.0,75.0,3.0,3.0
361.0,0,6,0,0,night,pa_8,E7,25.0,5,75.0,3,60.0,0.0,0,0,2,3,790.0,36,0,81.82,107,25.0,0.38,0.6,75.0,75.0,3.0,3.0,790.0,740.0,75.0,75.0,3.0,3.0
362.0,0,6,0,0,night,pa_8,E7,25.0,5,75.0,3,60.0,0.0,0,0,2,3,790.0,36,0,81.82,107,25.0,0.38,0.6,75.0,75.0,3.0,3.0,790.0,740.0,75.0,75.0,3.0,3.0
363.0,0,6,0,0,night,pa_8,E7,25.0,5,75.0,3,60.0,0.0,0,0,2,3,810.0,37,0,84.09,109,25.0,0.38,0.6,75.0,75.0,3.0,3.0,790.0,740.0,75.0,75.0,3.0,3.0
364.0,0,6,0,0,night,pa_8,E7,25.0,5,75.0,3,60.0,0.0,0,0,2,3,810.0,37,0,84.09,110,25.0,0.38,0.6,75.0,75.0,3.0,3.0,810.0,765.0,75.0,75.0,3.0,3.0
365.0,0,6,0,0,night,pa_8,E7,25.0,5,75.0,3,60.0,0.0,0,0,2,3,810.0,37,0,84.09,110,25.0,0.38,0.6,75.0,75.0,3.0,3.0,810.0,790.0,75.0,75.0,3.0,3.0
366.0,0,6,0,0,night,pa_8,E7,25.0,5,75.0,3,60.0,0.0,0,0,2,3,830.0,38,0,86.36,111,25.0,0.38,0.6,75.0,75.0,3.0,3.0,810.0,790.0,75.0,75.0,3.0,3.0
367.0,0,6,0,0,night,pa_8,E7,25.0,5,100.0,4,80.0,0.0,0,0,1,3,855.0,39,0,88.64,112,25.0,0.5,0.8,75.0,75.0,3.0,3.0,830.0,790.0,80.0,77.5,3.2,3.1
368.0,0,6,0,0,night,pa_8,E7,25.0,5,100.0,4,80.0,0.0,0,0,1,3,855.0,39,0,88.64,111,25.0,0.5,0.8,100.0,75.0,4.0,3.0,855.0,810.0,85.0,80.0,3.4,3.2
369.0,0,6,0,0,night,pa_8,E7,25.0,5,100.0,4,80.0,0.0,0,0,1,3,855.0,39,0,88.64,111,25.0,0.5,0.8,100.0,75.0,4.0,3.0,855.0,810.0,90.0,82.5,3.6,3.3
370.0,0,6,0,0,night,pa_8,E7,25.0,5,100.0,4,80.0,0.0,0,0,1,3,855.0,39,0,88.64,112,25.0,0.5,0.8,100.0,75.0,4.0,3.0,855.0,810.0,95.0,85.0,3.8,3.4
371.0,0,6,0,0,night,pa_8,E7,25.0,5,100.0,4,80.0,0.0,0,0,1,3,880.0,40,1,90.91,111,25.0,0.5,0.8,100.0,75.0,4.0,3.0,855.0,830.0,100.0,87.5,4.0,3.5
372.0,0,6,0,0,night,pa_8,E7,25.0,5,100.0,4,80.0,0.0,0,0,1,3,880.0,40,1,90.91,112,25.0,0.5,0.8,100.0,100.0,4.0,4.0,880.0,855.0,100.0,90.0,4.0,3.6
373.0,0,6,0,0,night,pa_8,E7,25.0,5,100.0,4,80.0,0.0,0,0,1,3,880.0,40,1,90.91,112,25.0,0.5,0.8,100.0,100.0,4.0,4.0,880.0,855.0,100.0,92.5,4.0,3.7
374.0,0,6,0,0,night,pa_8,E7,25.0,5,100.0,4,80.0,0.0,0,0,1,3,880.0,40,2,90.91,112,25.0,0.5,0.8,100.0,100.0,4.0,4.0,880.0,855.0,100.0,95.0,4.0,3.8
375.0,0,6,0,0,night,pa_8,E7,25.0,5,100.0,4,80.0,0.0,0,0,1,3,880.0,40,2,90.91,112,25.0,0.5,0.8,100.0,100.0,4.0,4.0,880.0,855.0,100.0,97.5,4.0,3.9
376.0,0,6,0,0,night,pa_8,E7,25.0,5,100.0,4,80.0,0.0,0,0,1,3,880.0,40,2,90.91,113,25.0,0.5,0.8,100.0,100.0,4.0,4.0,880.0,880.0,100.0,100.0,4.0,4.0
377.0,0,6,0,0,night,pa_8,E7,25.0,5,100.0,4,80.0,0.0,0,0,1,3,880.0,40,2,90.91,113,25.0,0.5,0.8,100.0,100.0,4.0,4.0,880.0,880.0,100.0,100.0,4.0,4.0
378.0,0,6,0,0,night,pa_8,E7,25.0,5,100.0,4,80.0,0.0,0,0,1,3,880.0,40,2,90.91,112,25.0,0.5,0.8,100.0,100.0,4.0,4.0,880.0,880.0,100.0,100.0,4.0,4.0
379.0,0,6,0,0,night,pa_8,E7,25.0,5,100.0,4,80.0,0.0,0,0,1,3,880.0,40,2,90.91,112,25.0,0.5,0.8,100.0,100.0,4.0,4.0,880.0,880.0,100.0,100.0,4.0,4.0
380.0,0,6,0,0,night,pa_8,E7,25.0,5,100.0,4,80.0,0.0,0,0,1,3,880.0,40,2,90.91,112,25.0,0.5,0.8,100.0,100.0,4.0,4.0,880.0,880.0,100.0,100.0,4.0,4.0
381.0,0,6,0,0,night,pa_8,E7,25.0,5,100.0,4,80.0,0.0,0,0,1,3,880.0,40,2,90.91,112,25.0,0.5,0.8,100.0,100.0,4.0,4.0,880.0,880.0,100.0,100.0,4.0,4.0
382.0,0,6,0,0,night,pa_8,E7,25.0,5,100.0,4,80.0,0.0,0,0,1,3,880.0,40,2,90.91,112,25.0,0.5,0.8,100.0,100.0,4.0,4.0,880.0,880.0,100.0,100.0,4.0,4.0
383.0,0,6,0,0,night,pa_8,E7,25.0,5,100.0,4,80.0,0.0,0,0,1,3,880.0,40,2,90.91,112,25.0,0.5,0.8,100.0,100.0,4.0,4.0,880.0,880.0,100.0,100.0,4.0,4.0
384.0,0,6,0,0,night,pa_8,E7,25.0,5,100.0,4,80.0,0.0,0,0,1,3,880.0,40,2,90.91,112,25.0,0.5,0.8,100.0,100.0,4.0,4.0,880.0,880.0,100.0,100.0,4.0,4.0
385.0,0,6,0,0,night,pa_8,E7,25.0,5,100.0,4,80.0,0.0,0,0,1,3,880.0,40,2,90.91,112,25.0,0.5,0.8,100.0,100.0,4.0,4.0,880.0,880.0,100.0,100.0,4.0,4.0
386.0,0,6,0,0,night,pa_8,E7,25.0,5,100.0,4,80.0,0.0,0,0,1,3,880.0,40,2,90.91,111,25.0,0.5,0.8,100.0,100.0,4.0,4.0,880.0,880.0,100.0,100.0,4.0,4.0
387.0,0,6,0,0,night,pa_8,E7,25.0,5,100.0,4,80.0,0.0,0,0,1,3,880.0,40,2,90.91,111,25.0,0.5,0.8,100.0,100.0,4.0,4.0,880.0,880.0,100.0,100.0,4.0,4.0
388.0,0,6,0,0,night,pa_8,E7,25.0,5,100.0,4,80.0,0.0,0,0,1,3,880.0,40,3,90.91,110,25.0,0.5,0.8,100.0,100.0,4.0,4.0,880.0,880.0,100.0,100.0,4.0,4.0
389.0,0,6,0,0,night,pa_8,E7,25.0,5,100.0,4,80.0,0.0,0,0,1,3,880.0,40,4,90.91,110,25.0,0.5,0.8,100.0,100.0,4.0,4.0,880.0,880.0,100.0,100.0,4.0,4.0
390.0,0,6,0,0,night,pa_8,E7,25.0,5,100.0,4,80.0,0.0,0,0,1,3,880.0,40,4,90.91,110,25.0,0.5,0.8,100.0,100.0,4.0,4.0,880.0,880.0,100.0,100.0,4.0,4.0
391.0,0,6,0,0,night,pa_8,E7,25.0,5,100.0,4,80.0,0.0,0,0,1,3,880.0,40,4,90.91,109,25.0,0.5,0.8,100.0,100.0,4.0,4.0,880.0,880.0,100.0,100.0,4.0,4.0
392.0,0,6,0,0,night,pa_8,E7,25.0,5,100.0,4,80.0,0.0,0,0,1,3,880.0,40,4,90.91,108,25.0,0.5,0.8,100.0,100.0,4.0,4.0,880.0,880.0,100.0,100.0,4.0,4.0
393.0,0,6,0,0,night,pa_8,E7,25.0,5,100.0,4,80.0,0.0,0,0,1,3,930.0,42,4,95.45,107,25.0,0.5,0.8,100.0,100.0,4.0,4.0,880.0,880.0,100.0,100.0,4.0,4.0
394.0,0,6,0,0,night,pa_8,E7,25.0,5,100.0,4,80.0,0.0,0,0,1,3,930.0,42,4,95.45,107,25.0,0.5,0.8,100.0,100.0,4.0,4.0,930.0,880.0,100.0,100.0,4.0,4.0
395.0,0,6,0,0,night,pa_8,E7,25.0,5,100.0,4,80.0,0.0,0,0,1,3,930.0,42,4,95.45,106,25.0,0.5,0.8,100.0,100.0,4.0,4.0,930.0,880.0,100.0,100.0,4.0,4.0
396.0,0,6,0,0,night,pa_8,E7,25.0,5,100.0,4,80.0,0.0,0,0,1,3,930.0,42,4,95.45,106,25.0,0.5,0.8,100.0,100.0,4.0,4.0,930.0,880.0,100.0,100.0,4.0,4.0
397.0,0,6,0,0,night,pa_8,E7,25.0,5,100.0,4,80.0,0.0,0,0,1,3,930.0,42,4,95.45,106,25.0,0.5,0.8,100.0,100.0,4.0,4.0,930.0,880.0,100.0,100.0,4.0,4.0
398.0,0,6,0,0,night,pa_8,E7,25.0,5,100.0,4,80.0,0.0,0,0,1,3,930.0,42,5,95.45,106,25.0,0.5,0.8,100.0,100.0,4.0,4.0,930.0,930.0,100.0,100.0,4.0,4.0
399.0,0,6,0,0,night,pa_8,E7,25.0,5,100.0,4,80.0,0.0,0,0,1,3,930.0,42,5,95.45,106,25.0,0.5,0.8,100.0,100.0,4.0,4.0,930.0,930.0,100.0,100.0,4.0,4.0
400.0,0,6,0,0,night,pa_8,E7,25.0,5,100.0,4,80.0,0.0,0,0,1,3,930.0,42,5,95.45,106,25.0,0.5,0.8,100.0,100.0,4.0,4.0,930.0,930.0,100.0,100.0,4.0,4.0
401.0,0,6,0,0,night,pa_8,E7,25.0,5,100.0,4,80.0,0.0,0,0,1,3,930.0,42,5,95.45,108,25.0,0.5,0.8,100.0,100.0,4.0,4.0,930.0,930.0,100.0,100.0,4.0,4.0
402.0,0,6,0,0,night,pa_8,E7,25.0,5,100.0,4,80.0,0.0,0,0,1,3,930.0,42,5,95.45,107,25.0,0.5,0.8,100.0,100.0,4.0,4.0,930.0,930.0,100.0,100.0,4.0,4.0
403.0,0,6,0,0,night,pa_8,E7,25.0,5,100.0,4,80.0,0.0,0,0,1,3,930.0,42,5,95.45,107,25.0,0.5,0.8,100.0,100.0,4.0,4.0,930.0,930.0,100.0,100.0,4.0,4.0
404.0,0,6,0,0,night,pa_8,E7,25.0,5,100.0,4,80.0,0.0,0,0,1,3,930.0,42,5,95.45,107,25.0,0.5,0.8,100.0,100.0,4.0,4.0,930.0,930.0,100.0,100.0,4.0,4.0
405.0,0,6,0,0,night,pa_8,E7,25.0,5,100.0,4,80.0,0.0,0,0,1,3,930.0,42,5,95.45,107,25.0,0.5,0.8,100.0,100.0,4.0,4.0,930.0,930.0,100.0,100.0,4.0,4.0
406.0,0,6,0,0,night,pa_8,E7,25.0,5,100.0,4,80.0,0.0,0,0,1,3,930.0,42,5,95.45,108,25.0,0.5,0.8,100.0,100.0,4.0,4.0,930.0,930.0,100.0,100.0,4.0,4.0
407.0,0,6,0,0,night,pa_8,E7,25.0,5,100.0,4,80.0,0.0,0,0,1,3,930.0,42,5,95.45,108,25.0,0.5,0.8,100.0,100.0,4.0,4.0,930.0,930.0,100.0,100.0,4.0,4.0
408.0,0,6,0,0,night,pa_8,E7,25.0,5,100.0,4,80.0,0.0,0,0,1,3,930.0,42,5,95.45,108,25.0,0.5,0.8,100.0,100.0,4.0,4.0,930.0,930.0,100.0,100.0,4.0,4.0
409.0,0,6,0,0,night,pa_8,E7,25.0,5,100.0,4,80.0,0.0,0,0,1,3,930.0,42,5,95.45,108,25.0,0.5,0.8,100.0,100.0,4.0,4.0,930.0,930.0,100.0,100.0,4.0,4.0
410.0,0,6,0,0,night,pa_8,E7,25.0,5,100.0,4,80.0,0.0,0,0,1,3,930.0,42,5,95.45,108,25.0,0.5,0.8,100.0,100.0,4.0,4.0,930.0,930.0,100.0,100.0,4.0,4.0
411.0,0,6,0,0,night,pa_8,E7,25.0,5,100.0,4,80.0,0.0,0,0,1,3,930.0,42,5,95.45,107,25.0,0.5,0.8,100.0,100.0,4.0,4.0,930.0,930.0,100.0,100.0,4.0,4.0
412.0,0,6,0,0,night,pa_8,E7,25.0,5,100.0,4,80.0,0.0,0,0,1,3,930.0,42,5,95.45,112,25.0,0.5,0.8,100.0,100.0,4.0,4.0,930.0,930.0,100.0,100.0,4.0,4.0
413.0,0,6,0,0,night,pa_8,E7,25.0,5,100.0,4,80.0,0.0,0,0,1,3,930.0,42,5,95.45,112,25.0,0.5,0.8,100.0,100.0,4.0,4.0,930.0,930.0,100.0,100.0,4.0,4.0
414.0,0,6,0,0,night,pa_8,E7,25.0,5,100.0,4,80.0,0.0,0,0,1,3,930.0,42,5,95.45,112,25.0,0.5,0.8,100.0,100.0,4.0,4.0,930.0,930.0,100.0,100.0,4.0,4.0
415.0,0,6,0,0,night,pa_8,E7,25.0,5,100.0,4,80.0,0.0,0,0,1,3,930.0,42,5,95.45,112,25.0,0.5,0.8,100.0,100.0,4.0,4.0,930.0,930.0,100.0,100.0,4.0,4.0
416.0,0,6,0,0,night,pa_8,E7,25.0,5,100.0,4,80.0,0.0,0,0,1,3,930.0,42,5,95.45,112,25.0,0.5,0.8,100.0,100.0,4.0,4.0,930.0,930.0,100.0,100.0,4.0,4.0
417.0,0,6,0,0,night,pa_8,E7,25.0,5,100.0,4,80.0,0.0,0,0,1,3,930.0,42,5,95.45,112,25.0,0.5,0.8,100.0,100.0,4.0,4.0,930.0,930.0,100.0,100.0,4.0,4.0
418.0,0,6,0,0,night,pa_8,E7,25.0,5,100.0,4,80.0,0.0,0,0,1,3,930.0,42,5,95.45,112,25.0,0.5,0.8,100.0,100.0,4.0,4.0,930.0,930.0,100.0,100.0,4.0,4.0
419.0,0,6,0,0,night,pa_8,E7,25.0,5,100.0,4,80.0,0.0,0,0,1,3,930.0,42,5,95.45,110,25.0,0.5,0.8,100.0,100.0,4.0,4.0,930.0,930.0,100.0,100.0,4.0,4.0
420.0,0,7,0,0,night,pa_8,E7,25.0,5,100.0,4,80.0,0.0,0,0,1,3,930.0,42,6,95.45,110,25.0,0.5,0.8,100.0,100.0,4.0,4.0,930.0,930.0,100.0,100.0,4.0,4.0
421.0,0,7,0,0,night,pa_8,E7,25.0,5,100.0,4,80.0,0.0,0,0,1,3,930.0,42,6,95.45,112,25.0,0.5,0.8,100.0,100.0,4.0,4.0,930.0,930.0,100.0,100.0,4.0,4.0
422.0,0,7,0,0,night,pa_8,E7,25.0,5,100.0,4,80.0,0.0,0,0,1,3,930.0,42,6,95.45,112,25.0,0.5,0.8,100.0,100.0,4.0,4.0,930.0,930.0,100.0,100.0,4.0,4.0
423.0,0,7,0,0,night,pa_8,E7,25.0,5,125.0,5,100.0,0.0,0,0,0,3,955.0,43,6,97.73,112,25.0,0.62,1.0,100.0,100.0,4.0,4.0,930.0,930.0,105.0,102.5,4.2,4.1
424.0,0,7,0,0,night,pa_8,E7,25.0,5,125.0,5,100.0,0.0,0,0,0,3,955.0,43,6,97.73,112,25.0,0.62,1.0,125.0,100.0,5.0,4.0,955.0,930.0,110.0,105.0,4.4,4.2
425.0,0,7,0,0,night,pa_8,E7,25.0,5,125.0,5,100.0,0.0,0,0,0,3,955.0,43,6,97.73,112,25.0,0.62,1.0,125.0,100.0,5.0,4.0,955.0,930.0,115.0,107.5,4.6,4.3
426.0,0,7,0,0,night,pa_8,E7,25.0,5,125.0,5,100.0,0.0,0,0,0,3,980.0,44,6,100.0,112,25.0,0.62,1.0,125.0,100.0,5.0,4.0,955.0,930.0,120.0,110.0,4.8,4.4
427.0,0,7,0,0,night,pa_8,E7,25.0,5,125.0,5,100.0,0.0,0,0,0,3,980.0,44,6,100.0,112,25.0,0.62,1.0,125.0,100.0,5.0,4.0,980.0,930.0,125.0,112.5,5.0,4.5
428.0,0,7,0,0,night,pa_8,E7,25.0,5,125.0,5,100.0,0.0,0,0,0,3,980.0,44,6,100.0,112,25.0,0.62,1.0,125.0,125.0,5.0,5.0,980.0,955.0,125.0,115.0,5.0,4.6
429.0,0,7,0,0,night,pa_8,E7,25.0,5,125.0,5,100.0,0.0,0,0,0,3,980.0,44,6,100.0,112,25.0,0.62,1.0,125.0,125.0,5.0,5.0,980.0,955.0,125.0,117.5,5.0,4.7
430.0,0,7,0,0,night,pa_8,E7,25.0,5,125.0,5,100.0,0.0,0,0,0,3,980.0,44,6,100.0,112,25.0,0.62,1.0,125.0,125.0,5.0,5.0,980.0,955.0,125.0,120.0,5.0,4.8
431.0,0,7,0,0,night,pa_8,E7,25.0,5,125.0,5,100.0,0.0,0,0,0,3,980.0,44,6,100.0,112,25.0,0.62,1.0,125.0,125.0,5.0,5.0,980.0,980.0,125.0,122.5,5.0,4.9
432.0,0,7,0,0,night,pa_8,E7,25.0,5,125.0,5,100.0,0.0,0,0,0,3,980.0,44,6,100.0,112,25.0,0.62,1.0,125.0,125.0,5.0,5.0,980.0,980.0,125.0,125.0,5.0,5.0
433.0,0,7,0,0,night,pa_8,E7,25.0,5,125.0,5,100.0,0.0,0,0,0,3,980.0,44,8,100.0,117,25.0,0.62,1.0,125.0,125.0,5.0,5.0,980.0,980.0,125.0,125.0,5.0,5.0
434.0,0,7,0,0,night,pa_8,E7,25.0,5,125.0,5,100.0,0.0,0,0,0,3,980.0,44,8,100.0,117,25.0,0.62,1.0,125.0,125.0,5.0,5.0,980.0,980.0,125.0,125.0,5.0,5.0
435.0,0,7,0,0,night,pa_8,E7,25.0,5,125.0,5,100.0,0.0,0,0,0,3,980.0,44,8,100.0,117,25.0,0.62,1.0,125.0,125.0,5.0,5.0,980.0,980.0,125.0,125.0,5.0,5.0
436.0,0,7,0,0,night,pa_8,E7,25.0,5,125.0,5,100.0,0.0,0,0,0,3,980.0,44,8,100.0,117,25.0,0.62,1.0,125.0,125.0,5.0,5.0,980.0,980.0,125.0,125.0,5.0,5.0
437.0,0,7,0,0,night,pa_8,E7,25.0,5,125.0,5,100.0,0.0,0,0,0,3,980.0,44,8,100.0,117,25.0,0.62,1.0,125.0,125.0,5.0,5.0,980.0,980.0,125.0,125.0,5.0,5.0
438.0,0,7,0,0,night,pa_8,E7,25.0,5,125.0,5,100.0,0.0,0,0,0,3,980.0,44,8,100.0,117,25.0,0.62,1.0,125.0,125.0,5.0,5.0,980.0,980.0,125.0,125.0,5.0,5.0
439.0,0,7,0,0,night,pa_8,E7,25.0,5,125.0,5,100.0,0.0,0,0,0,3,980.0,44,8,100.0,117,25.0,0.62,1.0,125.0,125.0,5.0,5.0,980.0,980.0,125.0,125.0,5.0,5.0
440.0,0,7,0,0,night,pa_8,E7,25.0,5,125.0,5,100.0,0.0,0,0,0,3,980.0,44,8,100.0,117,25.0,0.62,1.0,125.0,125.0,5.0,5.0,980.0,980.0,125.0,125.0,5.0,5.0
441.0,0,7,0,0,night,pa_8,E7,25.0,5,125.0,5,100.0,0.0,0,0,0,3,980.0,44,8,100.0,117,25.0,0.62,1.0,125.0,125.0,5.0,5.0,980.0,980.0,125.0,125.0,5.0,5.0
442.0,0,7,0,0,night,pa_8,E7,25.0,5,125.0,5,100.0,0.0,0,0,0,3,980.0,44,9,100.0,117,25.0,0.62,1.0,125.0,125.0,5.0,5.0,980.0,980.0,125.0,125.0,5.0,5.0
443.0,0,7,0,0,night,pa_8,E7,25.0,5,125.0,5,100.0,0.0,0,0,0,3,980.0,44,9,100.0,116,25.0,0.62,1.0,125.0,125.0,5.0,5.0,980.0,980.0,125.0,125.0,5.0,5.0
444.0,0,7,0,0,night,pa_8,E7,25.0,5,125.0,5,100.0,0.0,0,0,0,3,980.0,44,9,100.0,116,25.0,0.62,1.0,125.0,125.0,5.0,5.0,980.0,980.0,125.0,125.0,5.0,5.0
445.0,0,7,0,0,night,pa_8,E7,25.0,5,125.0,5,100.0,0.0,0,0,0,3,980.0,44,10,100.0,116,25.0,0.62,1.0,125.0,125.0,5.0,5.0,980.0,980.0,125.0,125.0,5.0,5.0
446.0,0,7,0,0,night,pa_8,E7,25.0,5,125.0,5,100.0,0.0,0,0,0,3,980.0,44,10,100.0,114,25.0,0.62,1.0,125.0,125.0,5.0,5.0,980.0,980.0,125.0,125.0,5.0,5.0
447.0,0,7,0,0,night,pa_8,E7,25.0,5,125.0,5,100.0,0.0,0,0,0,3,980.0,44,10,100.0,113,25.0,0.62,1.0,125.0,125.0,5.0,5.0,980.0,980.0,125.0,125.0,5.0,5.0
448.0,0,7,0,0,night,pa_8,E7,25.0,5,125.0,5,100.0,0.0,0,0,0,3,980.0,44,10,100.0,113,25.0,0.62,1.0,125.0,125.0,5.0,5.0,980.0,980.0,125.0,125.0,5.0,5.0
449.0,0,7,0,0,night,pa_8,E7,25.0,5,125.0,5,100.0,0.0,0,0,0,3,980.0,44,10,100.0,113,25.0,0.62,1.0,125.0,125.0,5.0,5.0,980.0,980.0,125.0,125.0,5.0,5.0
450.0,0,7,0,0,night,pa_8,E7,25.0,5,125.0,5,100.0,0.0,0,0,0,3,980.0,44,10,100.0,113,25.0,0.62,1.0,125.0,125.0,5.0,5.0,980.0,980.0,125.0,125.0,5.0,5.0
451.0,0,7,0,0,night,pa_8,E7,25.0,5,125.0,5,100.0,0.0,0,0,0,3,980.0,44,10,100.0,113,25.0,0.62,1.0,125.0,125.0,5.0,5.0,980.0,980.0,125.0,125.0,5.0,5.0
452.0,0,7,0,0,night,pa_8,E7,25.0,5,125.0,5,100.0,0.0,0,0,0,3,980.0,44,11,100.0,113,25.0,0.62,1.0,125.0,125.0,5.0,5.0,980.0,980.0,125.0,125.0,5.0,5.0
453.0,0,7,0,0,night,pa_8,E7,25.0,5,125.0,5,100.0,0.0,0,0,0,3,980.0,44,11,100.0,114,25.0,0.62,1.0,125.0,125.0,5.0,5.0,980.0,980.0,125.0,125.0,5.0,5.0
454.0,0,7,0,0,night,pa_8,E7,25.0,5,125.0,5,100.0,0.0,0,0,0,3,980.0,44,11,100.0,114,25.0,0.62,1.0,125.0,125.0,5.0,5.0,980.0,980.0,125.0,125.0,5.0,5.0
455.0,0,7,0,0,night,pa_8,E7,25.0,5,125.0,5,100.0,0.0,0,0,0,3,980.0,44,11,100.0,114,25.0,0.62,1.0,125.0,125.0,5.0,5.0,980.0,980.0,125.0,125.0,5.0,5.0
456.0,0,7,0,0,night,pa_8,E7,25.0,5,125.0,5,100.0,0.0,0,0,0,3,980.0,44,12,100.0,114,25.0,0.62,1.0,125.0,125.0,5.0,5.0,980.0,980.0,125.0,125.0,5.0,5.0
457.0,0,7,0,0,night,pa_8,E7,25.0,5,125.0,5,100.0,0.0,0,0,0,3,980.0,44,14,100.0,114,25.0,0.62,1.0,125.0,125.0,5.0,5.0,980.0,980.0,125.0,125.0,5.0,5.0
458.0,0,7,0,0,night,pa_8,E7,25.0,5,125.0,5,100.0,33.33,1,1,0,2,980.0,44,15,100.0,113,25.0,0.75,1.0,125.0,125.0,5.0,5.0,980.0,980.0,125.0,125.0,5.0,5.0
459.0,0,7,0,0,night,pa_8,E7,25.0,5,125.0,5,100.0,33.33,1,1,0,2,980.0,44,15,100.0,112,25.0,0.75,1.0,125.0,125.0,5.0,5.0,980.0,980.0,125.0,125.0,5.0,5.0
460.0,0,7,0,0,night,pa_8,E7,25.0,5,125.0,5,100.0,33.33,1,1,0,2,980.0,44,15,100.0,112,25.0,0.75,1.0,125.0,125.0,5.0,5.0,980.0,980.0,125.0,125.0,5.0,5.0
461.0,0,7,0,0,night,pa_8,E7,25.0,5,125.0,5,100.0,33.33,1,1,0,2,980.0,44,18,100.0,112,25.0,0.75,1.0,125.0,125.0,5.0,5.0,980.0,980.0,125.0,125.0,5.0,5.0
462.0,0,7,0,0,night,pa_8,E7,25.0,5,125.0,5,100.0,33.33,1,1,0,2,980.0,44,18,100.0,112,25.0,0.75,1.0,125.0,125.0,5.0,5.0,980.0,980.0,125.0,125.0,5.0,5.0
463.0,0,7,0,0,night,pa_8,E7,25.0,5,125.0,5,100.0,33.33,1,1,0,2,980.0,44,18,100.0,113,25.0,0.75,1.0,125.0,125.0,5.0,5.0,980.0,980.0,125.0,125.0,5.0,5.0
464.0,0,7,0,0,night,pa_8,E7,25.0,5,125.0,5,100.0,33.33,1,1,0,2,980.0,44,18,100.0,113,25.0,0.75,1.0,125.0,125.0,5.0,5.0,980.0,980.0,125.0,125.0,5.0,5.0
465.0,0,7,0,0,night,pa_8,E7,25.0,5,125.0,5,100.0,33.33,1,1,0,2,980.0,44,18,100.0,112,25.0,0.75,1.0,125.0,125.0,5.0,5.0,980.0,980.0,125.0,125.0,5.0,5.0
466.0,0,7,0,0,night,pa_8,E7,25.0,5,125.0,5,100.0,33.33,1,1,0,2,980.0,44,18,100.0,111,25.0,0.75,1.0,125.0,125.0,5.0,5.0,980.0,980.0,125.0,125.0,5.0,5.0
467.0,0,7,0,0,night,pa_8,E7,25.0,5,125.0,5,100.0,33.33,1,1,0,2,980.0,44,18,100.0,110,25.0,0.75,1.0,125.0,125.0,5.0,5.0,980.0,980.0,125.0,125.0,5.0,5.0
468.0,0,7,0,0,night,pa_8,E7,25.0,5,125.0,5,100.0,33.33,1,1,0,2,980.0,44,19,100.0,110,25.0,0.75,1.0,125.0,125.0,5.0,5.0,980.0,980.0,125.0,125.0,5.0,5.0
469.0,0,7,0,0,night,pa_8,E7,25.0,5,125.0,5,100.0,33.33,1,1,0,2,980.0,44,19,100.0,110,25.0,0.75,1.0,125.0,125.0,5.0,5.0,980.0,980.0,125.0,125.0,5.0,5.0
470.0,0,7,0,0,night,pa_8,E7,25.0,5,125.0,5,100.0,33.33,1,1,0,2,980.0,44,19,100.0,110,25.0,0.75,1.0,125.0,125.0,5.0,5.0,980.0,980.0,125.0,125.0,5.0,5.0
471.0,0,7,0,0,night,pa_8,E7,25.0,5,125.0,5,100.0,33.33,1,1,0,2,980.0,44,19,100.0,109,25.0,0.75,1.0,125.0,125.0,5.0,5.0,980.0,980.0,125.0,125.0,5.0,5.0
472.0,0,7,0,0,night,pa_8,E7,25.0,5,125.0,5,100.0,33.33,1,1,0,2,980.0,44,19,100.0,108,25.0,0.75,1.0,125.0,125.0,5.0,5.0,980.0,980.0,125.0,125.0,5.0,5.0
473.0,0,7,0,0,night,pa_8,E7,25.0,5,125.0,5,100.0,33.33,1,1,0,2,980.0,44,19,100.0,108,25.0,0.75,1.0,125.0,125.0,5.0,5.0,980.0,980.0,125.0,125.0,5.0,5.0
474.0,0,7,0,0,night,pa_8,E7,25.0,5,125.0,5,100.0,33.33,1,1,0,2,980.0,44,19,100.0,108,25.0,0.75,1.0,125.0,125.0,5.0,5.0,980.0,980.0,125.0,125.0,5.0,5.0
475.0,0,7,0,0,night,pa_8,E7,25.0,5,125.0,5,100.0,33.33,1,1,0,2,980.0,44,20,100.0,108,25.0,0.75,1.0,125.0,125.0,5.0,5.0,980.0,980.0,125.0,125.0,5.0,5.0
476.0,0,7,0,0,night,pa_8,E7,25.0,5,125.0,5,100.0,33.33,1,1,0,2,980.0,44,20,100.0,108,25.0,0.75,1.0,125.0,125.0,5.0,5.0,980.0,980.0,125.0,125.0,5.0,5.0
477.0,0,7,0,0,night,pa_8,E7,25.0,5,125.0,5,100.0,33.33,1,1,0,2,980.0,44,20,100.0,108,25.0,0.75,1.0,125.0,125.0,5.0,5.0,980.0,980.0,125.0,125.0,5.0,5.0
478.0,0,7,0,0,night,pa_8,E7,25.0,5,125.0,5,100.0,33.33,1,1,0,2,980.0,44,21,100.0,107,25.0,0.75,1.0,125.0,125.0,5.0,5.0,980.0,980.0,125.0,125.0,5.0,5.0
479.0,0,7,0,0,night,pa_8,E7,25.0,5,125.0,5,100.0,33.33,1,1,0,2,980.0,44,21,100.0,107,25.0,0.75,1.0,125.0,125.0,5.0,5.0,980.0,980.0,125.0,125.0,5.0,5.0
480.0,0,8,0,0,night,pa_8,E7,25.0,5,125.0,5,100.0,33.33,1,1,0,2,980.0,44,21,100.0,106,25.0,0.75,1.0,125.0,125.0,5.0,5.0,980.0,980.0,125.0,125.0,5.0,5.0
481.0,0,8,0,0,night,pa_8,E7,25.0,5,125.0,5,100.0,33.33,1,1,0,2,980.0,44,21,100.0,110,25.0,0.75,1.0,125.0,125.0,5.0,5.0,980.0,980.0,125.0,125.0,5.0,5.0
482.0,0,8,0,0,night,pa_8,E7,25.0,5,125.0,5,100.0,33.33,1,1,0,2,980.0,44,21,100.0,110,25.0,0.75,1.0,125.0,125.0,5.0,5.0,980.0,980.0,125.0,125.0,5.0,5.0
483.0,0,8,0,0,night,pa_8,E7,25.0,5,125.0,5,100.0,33.33,1,1,0,2,980.0,44,21,100.0,112,25.0,0.75,1.0,125.0,125.0,5.0,5.0,980.0,980.0,125.0,125.0,5.0,5.0
484.0,0,8,0,0,night,pa_8,E7,25.0,5,125.0,5,100.0,33.33,1,1,0,2,980.0,44,21,100.0,112,25.0,0.75,1.0,125.0,125.0,5.0,5.0,980.0,980.0,125.0,125.0,5.0,5.0
485.0,0,8,0,0,night,pa_8,E7,25.0,5,125.0,5,100.0,33.33,1,1,0,2,980.0,44,22,100.0,112,25.0,0.75,1.0,125.0,125.0,5.0,5.0,980.0,980.0,125.0,125.0,5.0,5.0
486.0,0,8,0,0,night,pa_8,E7,25.0,5,125.0,5,100.0,33.33,1,1,0,2,980.0,44,22,100.0,113,25.0,0.75,1.0,125.0,125.0,5.0,5.0,980.0,980.0,125.0,125.0,5.0,5.0
487.0,0,8,0,0,night,pa_8,E7,25.0,5,125.0,5,100.0,33.33,1,1,0,2,980.0,44,22,100.0,112,25.0,0.75,1.0,125.0,125.0,5.0,5.0,980.0,980.0,125.0,125.0,5.0,5.0
488.0,0,8,0,0,night,pa_8,E7,25.0,5,125.0,5,100.0,33.33,1,1,0,2,980.0,44,23,100.0,113,25.0,0.75,1.0,125.0,125.0,5.0,5.0,980.0,980.0,125.0,125.0,5.0,5.0
489.0,0,8,0,0,night,pa_8,E7,25.0,5,125.0,5,100.0,33.33,1,1,0,2,980.0,44,23,100.0,113,25.0,0.75,1.0,125.0,125.0,5.0,5.0,980.0,980.0,125.0,125.0,5.0,5.0
490.0,0,8,0,0,night,pa_8,E7,25.0,5,125.0,5,100.0,33.33,1,1,0,2,980.0,44,23,100.0,113,25.0,0.75,1.0,125.0,125.0,5.0,5.0,980.0,980.0,125.0,125.0,5.0,5.0
491.0,0,8,0,0,night,pa_8,E7,25.0,5,125.0,5,100.0,33.33,1,1,0,2,980.0,44,23,100.0,113,25.0,0.75,1.0,125.0,125.0,5.0,5.0,980.0,980.0,125.0,125.0,5.0,5.0
492.0,0,8,0,0,night,pa_8,E7,25.0,5,125.0,5,100.0,33.33,1,1,0,2,980.0,44,23,100.0,113,25.0,0.75,1.0,125.0,125.0,5.0,5.0,980.0,980.0,125.0,125.0,5.0,5.0
493.0,0,8,0,0,night,pa_8,E7,25.0,5,125.0,5,100.0,33.33,1,1,0,2,980.0,44,24,100.0,113,25.0,0.75,1.0,125.0,125.0,5.0,5.0,980.0,980.0,125.0,125.0,5.0,5.0
494.0,0,8,0,0,night,pa_8,E7,25.0,5,125.0,5,100.0,33.33,1,1,0,2,980.0,44,24,100.0,113,25.0,0.75,1.0,125.0,125.0,5.0,5.0,980.0,980.0,125.0,125.0,5.0,5.0
495.0,0,8,0,0,night,pa_8,E7,25.0,5,125.0,5,100.0,33.33,1,1,0,2,980.0,44,24,100.0,113,25.0,0.75,1.0,125.0,125.0,5.0,5.0,980.0,980.0,125.0,125.0,5.0,5.0
496.0,0,8,0,0,night,pa_8,E7,25.0,5,125.0,5,100.0,66.67,2,2,0,1,980.0,44,25,100.0,113,25.0,0.88,1.0,125.0,125.0,5.0,5.0,980.0,980.0,125.0,125.0,5.0,5.0
497.0,0,8,0,0,night,pa_8,E7,25.0,5,125.0,5,100.0,66.67,2,2,0,1,980.0,44,26,100.0,113,25.0,0.88,1.0,125.0,125.0,5.0,5.0,980.0,980.0,125.0,125.0,5.0,5.0
498.0,0,8,0,0,night,pa_8,E7,25.0,5,125.0,5,100.0,66.67,2,2,0,1,980.0,44,27,100.0,112,25.0,0.88,1.0,125.0,125.0,5.0,5.0,980.0,980.0,125.0,125.0,5.0,5.0
499.0,0,8,0,0,night,pa_8,E7,25.0,5,125.0,5,100.0,66.67,2,2,0,1,980.0,44,27,100.0,112,25.0,0.88,1.0,125.0,125.0,5.0,5.0,980.0,980.0,125.0,125.0,5.0,5.0
500.0,0,8,0,0,night,pa_8,E7,25.0,5,125.0,5,100.0,66.67,2,2,0,1,980.0,44,27,100.0,112,25.0,0.88,1.0,125.0,125.0,5.0,5.0,980.0,980.0,125.0,125.0,5.0,5.0
501.0,0,8,0,0,night,pa_8,E7,25.0,5,125.0,5,100.0,66.67,2,2,0,1,980.0,44,27,100.0,111,25.0,0.88,1.0,125.0,125.0,5.0,5.0,980.0,980.0,125.0,125.0,5.0,5.0
502.0,0,8,0,0,night,pa_8,E7,25.0,5,125.0,5,100.0,66.67,2,2,0,1,980.0,44,27,100.0,110,25.0,0.88,1.0,125.0,125.0,5.0,5.0,980.0,980.0,125.0,125.0,5.0,5.0
503.0,0,8,0,0,night,pa_8,E7,25.0,5,125.0,5,100.0,66.67,2,2,0,1,980.0,44,27,100.0,110,25.0,0.88,1.0,125.0,125.0,5.0,5.0,980.0,980.0,125.0,125.0,5.0,5.0
504.0,0,8,0,0,night,pa_8,E7,25.0,5,125.0,5,100.0,66.67,2,2,0,1,980.0,44,27,100.0,110,25.0,0.88,1.0,125.0,125.0,5.0,5.0,980.0,980.0,125.0,125.0,5.0,5.0
505.0,0,8,0,0,night,pa_8,E7,25.0,5,125.0,5,100.0,66.67,2,2,0,1,980.0,44,27,100.0,112,25.0,0.88,1.0,125.0,125.0,5.0,5.0,980.0,980.0,125.0,125.0,5.0,5.0
506.0,0,8,0,0,night,pa_8,E7,25.0,5,125.0,5,100.0,66.67,2,2,0,1,980.0,44,27,100.0,112,25.0,0.88,1.0,125.0,125.0,5.0,5.0,980.0,980.0,125.0,125.0,5.0,5.0
507.0,0,8,0,0,night,pa_8,E7,25.0,5,125.0,5,100.0,66.67,2,2,0,1,980.0,44,27,100.0,112,25.0,0.88,1.0,125.0,125.0,5.0,5.0,980.0,980.0,125.0,125.0,5.0,5.0
508.0,0,8,0,0,night,pa_8,E7,25.0,5,125.0,5,100.0,66.67,2,2,0,1,980.0,44,27,100.0,112,25.0,0.88,1.0,125.0,125.0,5.0,5.0,980.0,980.0,125.0,125.0,5.0,5.0
509.0,0,8,0,0,night,pa_8,E7,25.0,5,125.0,5,100.0,66.67,2,2,0,1,980.0,44,27,100.0,112,25.0,0.88,1.0,125.0,125.0,5.0,5.0,980.0,980.0,125.0,125.0,5.0,5.0
510.0,0,8,0,0,night,pa_8,E7,25.0,5,125.0,5,100.0,66.67,2,2,0,1,980.0,44,27,100.0,112,25.0,0.88,1.0,125.0,125.0,5.0,5.0,980.0,980.0,125.0,125.0,5.0,5.0
511.0,0,8,0,0,night,pa_8,E7,25.0,5,125.0,5,100.0,66.67,2,2,0,1,980.0,44,27,100.0,111,25.0,0.88,1.0,125.0,125.0,5.0,5.0,980.0,980.0,125.0,125.0,5.0,5.0
512.0,0,8,0,0,night,pa_8,E7,25.0,5,125.0,5,100.0,66.67,2,2,0,1,980.0,44,28,100.0,111,25.0,0.88,1.0,125.0,125.0,5.0,5.0,980.0,980.0,125.0,125.0,5.0,5.0
513.0,0,8,0,0,night,pa_8,E7,25.0,5,125.0,5,100.0,66.67,2,2,0,1,980.0,44,28,100.0,111,25.0,0.88,1.0,125.0,125.0,5.0,5.0,980.0,980.0,125.0,125.0,5.0,5.0
514.0,0,8,0,0,night,pa_8,E7,25.0,5,125.0,5,100.0,66.67,2,2,0,1,980.0,44,28,100.0,111,25.0,0.88,1.0,125.0,125.0,5.0,5.0,980.0,980.0,125.0,125.0,5.0,5.0
515.0,0,8,0,0,night,pa_8,E7,25.0,5,125.0,5,100.0,66.67,2,2,0,1,980.0,44,28,100.0,115,25.0,0.88,1.0,125.0,125.0,5.0,5.0,980.0,980.0,125.0,125.0,5.0,5.0
516.0,0,8,0,0,night,pa_8,E7,25.0,5,125.0,5,100.0,66.67,2,2,0,1,980.0,44,28,100.0,115,25.0,0.88,1.0,125.0,125.0,5.0,5.0,980.0,980.0,125.0,125.0,5.0,5.0
517.0,0,8,0,0,night,pa_8,E7,25.0,5,125.0,5,100.0,66.67,2,2,0,1,980.0,44,28,100.0,115,25.0,0.88,1.0,125.0,125.0,5.0,5.0,980.0,980.0,125.0,125.0,5.0,5.0
518.0,0,8,0,0,night,pa_8,E7,25.0,5,125.0,5,100.0,66.67,2,2,0,1,980.0,44,28,100.0,114,25.0,0.88,1.0,125.0,125.0,5.0,5.0,980.0,980.0,125.0,125.0,5.0,5.0
519.0,0,8,0,0,night,pa_8,E7,25.0,5,125.0,5,100.0,66.67,2,2,0,1,980.0,44,28,100.0,114,25.0,0.88,1.0,125.0,125.0,5.0,5.0,980.0,980.0,125.0,125.0,5.0,5.0
520.0,0,8,0,0,night,pa_8,E7,25.0,5,125.0,5,100.0,66.67,2,2,0,1,980.0,44,28,100.0,114,25.0,0.88,1.0,125.0,125.0,5.0,5.0,980.0,980.0,125.0,125.0,5.0,5.0
521.0,0,8,0,0,night,pa_8,E7,25.0,5,125.0,5,100.0,66.67,2,2,0,1,980.0,44,28,100.0,115,25.0,0.88,1.0,125.0,125.0,5.0,5.0,980.0,980.0,125.0,125.0,5.0,5.0
522.0,0,8,0,0,night,pa_8,E7,25.0,5,125.0,5,100.0,66.67,2,2,0,1,980.0,44,28,100.0,115,25.0,0.88,1.0,125.0,125.0,5.0,5.0,980.0,980.0,125.0,125.0,5.0,5.0
523.0,0,8,0,0,night,pa_8,E7,25.0,5,125.0,5,100.0,66.67,2,2,0,1,980.0,44,28,100.0,115,25.0,0.88,1.0,125.0,125.0,5.0,5.0,980.0,980.0,125.0,125.0,5.0,5.0
524.0,0,8,0,0,night,pa_8,E7,25.0,5,125.0,5,100.0,66.67,2,2,0,1,980.0,44,28,100.0,115,25.0,0.88,1.0,125.0,125.0,5.0,5.0,980.0,980.0,125.0,125.0,5.0,5.0
525.0,0,8,0,0,night,pa_8,E7,25.0,5,125.0,5,100.0,66.67,2,2,0,1,980.0,44,29,100.0,115,25.0,0.88,1.0,125.0,125.0,5.0,5.0,980.0,980.0,125.0,125.0,5.0,5.0
526.0,0,8,0,0,night,pa_8,E7,25.0,5,125.0,5,100.0,66.67,2,2,0,1,980.0,44,29,100.0,115,25.0,0.88,1.0,125.0,125.0,5.0,5.0,980.0,980.0,125.0,125.0,5.0,5.0
527.0,0,8,0,0,night,pa_8,E7,25.0,5,125.0,5,100.0,66.67,2,2,0,1,980.0,44,29,100.0,114,25.0,0.88,1.0,125.0,125.0,5.0,5.0,980.0,980.0,125.0,125.0,5.0,5.0
528.0,0,8,0,0,night,pa_8,E7,25.0,5,125.0,5,100.0,66.67,2,2,0,1,980.0,44,29,100.0,114,25.0,0.88,1.0,125.0,125.0,5.0,5.0,980.0,980.0,125.0,125.0,5.0,5.0
529.0,0,8,0,0,night,pa_8,E7,25.0,5,125.0,5,100.0,66.67,2,2,0,1,980.0,44,29,100.0,114,25.0,0.88,1.0,125.0,125.0,5.0,5.0,980.0,980.0,125.0,125.0,5.0,5.0
530.0,0,8,0,0,night,pa_8,E7,25.0,5,125.0,5,100.0,66.67,2,2,0,1,980.0,44,29,100.0,113,25.0,0.88,1.0,125.0,125.0,5.0,5.0,980.0,980.0,125.0,125.0,5.0,5.0
531.0,0,8,0,0,night,pa_8,E7,25.0,5,125.0,5,100.0,66.67,2,2,0,1,980.0,44,29,100.0,113,25.0,0.88,1.0,125.0,125.0,5.0,5.0,980.0,980.0,125.0,125.0,5.0,5.0
532.0,0,8,0,0,night,pa_8,E7,25.0,5,125.0,5,100.0,66.67,2,2,0,1,980.0,44,29,100.0,113,25.0,0.88,1.0,125.0,125.0,5.0,5.0,980.0,980.0,125.0,125.0,5.0,5.0
533.0,0,8,0,0,night,pa_8,E7,25.0,5,125.0,5,100.0,66.67,2,2,0,1,980.0,44,30,100.0,113,25.0,0.88,1.0,125.0,125.0,5.0,5.0,980.0,980.0,125.0,125.0,5.0,5.0
534.0,0,8,0,0,night,pa_8,E7,25.0,5,125.0,5,100.0,66.67,2,2,0,1,980.0,44,30,100.0,113,25.0,0.88,1.0,125.0,125.0,5.0,5.0,980.0,980.0,125.0,125.0,5.0,5.0
535.0,0,8,0,0,night,pa_8,E7,25.0,5,125.0,5,100.0,66.67,2,2,0,1,980.0,44,30,100.0,112,25.0,0.88,1.0,125.0,125.0,5.0,5.0,980.0,980.0,125.0,125.0,5.0,5.0
536.0,0,8,0,0,night,pa_8,E7,25.0,5,125.0,5,100.0,66.67,2,2,0,1,980.0,44,30,100.0,112,25.0,0.88,1.0,125.0,125.0,5.0,5.0,980.0,980.0,125.0,125.0,5.0,5.0
537.0,0,8,0,0,night,pa_8,E7,25.0,5,125.0,5,100.0,66.67,2,2,0,1,980.0,44,30,100.0,112,25.0,0.88,1.0,125.0,125.0,5.0,5.0,980.0,980.0,125.0,125.0,5.0,5.0
538.0,0,8,0,0,night,pa_8,E7,25.0,5,125.0,5,100.0,66.67,2,2,0,1,980.0,44,30,100.0,112,25.0,0.88,1.0,125.0,125.0,5.0,5.0,980.0,980.0,125.0,125.0,5.0,5.0
539.0,0,8,0,0,night,pa_8,E7,25.0,5,125.0,5,100.0,66.67,2,2,0,1,980.0,44,30,100.0,112,25.0,0.88,1.0,125.0,125.0,5.0,5.0,980.0,980.0,125.0,125.0,5.0,5.0
540.0,0,9,0,0,night,pa_8,E7,25.0,5,125.0,5,100.0,66.67,2,2,0,1,980.0,44,31,100.0,112,25.0,0.88,1.0,125.0,125.0,5.0,5.0,980.0,980.0,125.0,125.0,5.0,5.0
541.0,0,9,0,0,night,pa_8,E7,25.0,5,125.0,5,100.0,66.67,2,2,0,1,980.0,44,31,100.0,115,25.0,0.88,1.0,125.0,125.0,5.0,5.0,980.0,980.0,125.0,125.0,5.0,5.0
542.0,0,9,0,0,night,pa_8,E7,25.0,5,125.0,5,100.0,66.67,2,2,0,1,980.0,44,31,100.0,115,25.0,0.88,1.0,125.0,125.0,5.0,5.0,980.0,980.0,125.0,125.0,5.0,5.0
543.0,0,9,0,0,night,pa_8,E7,25.0,5,125.0,5,100.0,66.67,2,2,0,1,980.0,44,32,100.0,117,25.0,0.88,1.0,125.0,125.0,5.0,5.0,980.0,980.0,125.0,125.0,5.0,5.0
544.0,0,9,0,0,night,pa_8,E7,25.0,5,125.0,5,100.0,66.67,2,2,0,1,980.0,44,32,100.0,117,25.0,0.88,1.0,125.0,125.0,5.0,5.0,980.0,980.0,125.0,125.0,5.0,5.0
545.0,0,9,0,0,night,pa_8,E7,25.0,5,125.0,5,100.0,66.67,2,2,0,1,980.0,44,32,100.0,117,25.0,0.88,1.0,125.0,125.0,5.0,5.0,980.0,980.0,125.0,125.0,5.0,5.0
546.0,0,9,0,0,night,pa_8,E7,25.0,5,125.0,5,100.0,66.67,2,2,0,1,980.0,44,32,100.0,117,25.0,0.88,1.0,125.0,125.0,5.0,5.0,980.0,980.0,125.0,125.0,5.0,5.0
547.0,0,9,0,0,night,pa_8,E7,25.0,5,125.0,5,100.0,66.67,2,2,0,1,980.0,44,32,100.0,118,25.0,0.88,1.0,125.0,125.0,5.0,5.0,980.0,980.0,125.0,125.0,5.0,5.0
548.0,0,9,0,0,night,pa_8,E7,25.0,5,125.0,5,100.0,66.67,2,2,0,1,980.0,44,34,100.0,117,25.0,0.88,1.0,125.0,125.0,5.0,5.0,980.0,980.0,125.0,125.0,5.0,5.0
549.0,0,9,0,0,night,pa_8,E7,25.0,5,125.0,5,100.0,100.0,3,3,0,0,980.0,44,35,100.0,116,25.0,1.0,1.0,125.0,125.0,5.0,5.0,980.0,980.0,125.0,125.0,5.0,5.0
550.0,0,9,0,0,night,pa_8,E7,25.0,5,125.0,5,100.0,100.0,3,3,0,0,980.0,44,39,100.0,116,25.0,1.0,1.0,125.0,125.0,5.0,5.0,980.0,980.0,125.0,125.0,5.0,5.0
551.0,0,9,0,0,night,pa_8,E7,25.0,5,125.0,5,100.0,100.0,3,3,0,0,980.0,44,39,100.0,116,25.0,1.0,1.0,125.0,125.0,5.0,5.0,980.0,980.0,125.0,125.0,5.0,5.0
552.0,0,9,0,0,night,pa_8,E7,25.0,5,125.0,5,100.0,100.0,3,3,0,0,980.0,44,40,100.0,116,25.0,1.0,1.0,125.0,125.0,5.0,5.0,980.0,980.0,125.0,125.0,5.0,5.0
553.0,0,9,0,0,night,pa_8,E7,25.0,5,125.0,5,100.0,100.0,3,3,0,0,980.0,44,40,100.0,116,25.0,1.0,1.0,125.0,125.0,5.0,5.0,980.0,980.0,125.0,125.0,5.0,5.0
554.0,0,9,0,0,night,pa_8,E7,25.0,5,125.0,5,100.0,100.0,3,3,0,0,980.0,44,40,100.0,116,25.0,1.0,1.0,125.0,125.0,5.0,5.0,980.0,980.0,125.0,125.0,5.0,5.0
555.0,0,9,0,0,night,pa_8,E7,25.0,5,125.0,5,100.0,100.0,3,3,0,0,980.0,44,40,100.0,115,25.0,1.0,1.0,125.0,125.0,5.0,5.0,980.0,980.0,125.0,125.0,5.0,5.0
556.0,0,9,0,0,night,pa_8,E7,25.0,5,125.0,5,100.0,100.0,3,3,0,0,980.0,44,40,100.0,115,25.0,1.0,1.0,125.0,125.0,5.0,5.0,980.0,980.0,125.0,125.0,5.0,5.0
557.0,0,9,0,0,night,pa_8,E7,25.0,5,125.0,5,100.0,100.0,3,3,0,0,980.0,44,40,100.0,114,25.0,1.0,1.0,125.0,125.0,5.0,5.0,980.0,980.0,125.0,125.0,5.0,5.0
558.0,0,9,0,0,night,pa_8,E7,25.0,5,125.0,5,100.0,100.0,3,3,0,0,980.0,44,40,100.0,114,25.0,1.0,1.0,125.0,125.0,5.0,5.0,980.0,980.0,125.0,125.0,5.0,5.0
559.0,0,9,0,0,night,pa_8,E7,25.0,5,125.0,5,100.0,100.0,3,3,0,0,980.0,44,40,100.0,113,25.0,1.0,1.0,125.0,125.0,5.0,5.0,980.0,980.0,125.0,125.0,5.0,5.0
560.0,0,9,0,0,night,pa_8,E7,25.0,5,125.0,5,100.0,100.0,3,3,0,0,980.0,44,40,100.0,113,25.0,1.0,1.0,125.0,125.0,5.0,5.0,980.0,980.0,125.0,125.0,5.0,5.0
561.0,0,9,0,0,night,pa_8,E7,25.0,5,125.0,5,100.0,100.0,3,3,0,0,980.0,44,41,100.0,115,25.0,1.0,1.0,125.0,125.0,5.0,5.0,980.0,980.0,125.0,125.0,5.0,5.0
562.0,0,9,0,0,night,pa_8,E7,25.0,5,125.0,5,100.0,100.0,3,3,0,0,980.0,44,41,100.0,115,25.0,1.0,1.0,125.0,125.0,5.0,5.0,980.0,980.0,125.0,125.0,5.0,5.0
563.0,0,9,0,0,night,pa_8,E7,25.0,5,125.0,5,100.0,100.0,3,3,0,0,980.0,44,41,100.0,115,25.0,1.0,1.0,125.0,125.0,5.0,5.0,980.0,980.0,125.0,125.0,5.0,5.0
564.0,0,9,0,0,night,pa_8,E7,25.0,5,125.0,5,100.0,100.0,3,3,0,0,980.0,44,41,100.0,114,25.0,1.0,1.0,125.0,125.0,5.0,5.0,980.0,980.0,125.0,125.0,5.0,5.0
565.0,0,9,0,0,night,pa_8,E7,25.0,5,125.0,5,100.0,100.0,3,3,0,0,980.0,44,42,100.0,114,25.0,1.0,1.0,125.0,125.0,5.0,5.0,980.0,980.0,125.0,125.0,5.0,5.0
566.0,0,9,0,0,night,pa_8,E7,25.0,5,125.0,5,100.0,100.0,3,3,0,0,980.0,44,42,100.0,116,25.0,1.0,1.0,125.0,125.0,5.0,5.0,980.0,980.0,125.0,125.0,5.0,5.0
567.0,0,9,0,0,night,pa_8,E7,25.0,5,125.0,5,100.0,100.0,3,3,0,0,980.0,44,42,100.0,116,25.0,1.0,1.0,125.0,125.0,5.0,5.0,980.0,980.0,125.0,125.0,5.0,5.0
568.0,0,9,0,0,night,pa_8,E7,25.0,5,125.0,5,100.0,100.0,3,3,0,0,980.0,44,42,100.0,116,25.0,1.0,1.0,125.0,125.0,5.0,5.0,980.0,980.0,125.0,125.0,5.0,5.0
569.0,0,9,0,0,night,pa_8,E7,25.0,5,125.0,5,100.0,100.0,3,3,0,0,980.0,44,42,100.0,114,25.0,1.0,1.0,125.0,125.0,5.0,5.0,980.0,980.0,125.0,125.0,5.0,5.0
570.0,0,9,0,0,night,pa_8,E7,25.0,5,125.0,5,100.0,100.0,3,3,0,0,980.0,44,42,100.0,114,25.0,1.0,1.0,125.0,125.0,5.0,5.0,980.0,980.0,125.0,125.0,5.0,5.0
571.0,0,9,0,0,night,pa_8,E7,25.0,5,125.0,5,100.0,100.0,3,3,0,0,980.0,44,42,100.0,114,25.0,1.0,1.0,125.0,125.0,5.0,5.0,980.0,980.0,125.0,125.0,5.0,5.0
572.0,0,9,0,0,night,pa_8,E7,25.0,5,125.0,5,100.0,100.0,3,3,0,0,980.0,44,42,100.0,114,25.0,1.0,1.0,125.0,125.0,5.0,5.0,980.0,980.0,125.0,125.0,5.0,5.0
573.0,0,9,0,0,night,pa_8,E7,25.0,5,125.0,5,100.0,100.0,3,3,0,0,980.0,44,42,100.0,112,25.0,1.0,1.0,125.0,125.0,5.0,5.0,980.0,980.0,125.0,125.0,5.0,5.0
574.0,0,9,0,0,night,pa_8,E7,25.0,5,125.0,5,100.0,100.0,3,3,0,0,980.0,44,42,100.0,112,25.0,1.0,1.0,125.0,125.0,5.0,5.0,980.0,980.0,125.0,125.0,5.0,5.0
575.0,0,9,0,0,night,pa_8,E7,25.0,5,125.0,5,100.0,100.0,3,3,0,0,980.0,44,42,100.0,111,25.0,1.0,1.0,125.0,125.0,5.0,5.0,980.0,980.0,125.0,125.0,5.0,5.0
576.0,0,9,0,0,night,pa_8,E7,25.0,5,125.0,5,100.0,100.0,3,3,0,0,980.0,44,42,100.0,110,25.0,1.0,1.0,125.0,125.0,5.0,5.0,980.0,980.0,125.0,125.0,5.0,5.0
577.0,0,9,0,0,night,pa_8,E7,25.0,5,125.0,5,100.0,100.0,3,3,0,0,980.0,44,42,100.0,114,25.0,1.0,1.0,125.0,125.0,5.0,5.0,980.0,980.0,125.0,125.0,5.0,5.0
578.0,0,9,0,0,night,pa_8,E7,25.0,5,125.0,5,100.0,100.0,3,3,0,0,980.0,44,42,100.0,114,25.0,1.0,1.0,125.0,125.0,5.0,5.0,980.0,980.0,125.0,125.0,5.0,5.0
579.0,0,9,0,0,night,pa_8,E7,25.0,5,125.0,5,100.0,100.0,3,3,0,0,980.0,44,42,100.0,114,25.0,1.0,1.0,125.0,125.0,5.0,5.0,980.0,980.0,125.0,125.0,5.0,5.0
580.0,0,9,0,0,night,pa_8,E7,25.0,5,125.0,5,100.0,100.0,3,3,0,0,980.0,44,42,100.0,114,25.0,1.0,1.0,125.0,125.0,5.0,5.0,980.0,980.0,125.0,125.0,5.0,5.0
581.0,0,9,0,0,night,pa_8,E7,25.0,5,125.0,5,100.0,100.0,3,3,0,0,980.0,44,42,100.0,114,25.0,1.0,1.0,125.0,125.0,5.0,5.0,980.0,980.0,125.0,125.0,5.0,5.0
582.0,0,9,0,0,night,pa_8,E7,25.0,5,125.0,5,100.0,100.0,3,3,0,0,980.0,44,43,100.0,114,25.0,1.0,1.0,125.0,125.0,5.0,5.0,980.0,980.0,125.0,125.0,5.0,5.0
583.0,0,9,0,0,night,pa_8,E7,25.0,5,125.0,5,100.0,100.0,3,3,0,0,980.0,44,43,100.0,114,25.0,1.0,1.0,125.0,125.0,5.0,5.0,980.0,980.0,125.0,125.0,5.0,5.0
584.0,0,9,0,0,night,pa_8,E7,25.0,5,125.0,5,100.0,100.0,3,3,0,0,980.0,44,43,100.0,113,25.0,1.0,1.0,125.0,125.0,5.0,5.0,980.0,980.0,125.0,125.0,5.0,5.0
585.0,0,9,0,0,night,pa_8,E7,25.0,5,125.0,5,100.0,100.0,3,3,0,0,980.0,44,43,100.0,113,25.0,1.0,1.0,125.0,125.0,5.0,5.0,980.0,980.0,125.0,125.0,5.0,5.0
586.0,0,9,0,0,night,pa_8,E7,25.0,5,125.0,5,100.0,100.0,3,3,0,0,980.0,44,43,100.0,114,25.0,1.0,1.0,125.0,125.0,5.0,5.0,980.0,980.0,125.0,125.0,5.0,5.0
587.0,0,9,0,0,night,pa_8,E7,25.0,5,125.0,5,100.0,100.0,3,3,0,0,980.0,44,44,100.0,114,25.0,1.0,1.0,125.0,125.0,5.0,5.0,980.0,980.0,125.0,125.0,5.0,5.0
588.0,0,9,0,0,night,pa_8,E7,25.0,5,125.0,5,100.0,100.0,3,3,0,0,980.0,44,44,100.0,113,25.0,1.0,1.0,125.0,125.0,5.0,5.0,980.0,980.0,125.0,125.0,5.0,5.0
589.0,0,9,0,0,night,pa_8,E7,25.0,5,125.0,5,100.0,100.0,3,3,0,0,980.0,44,44,100.0,113,25.0,1.0,1.0,125.0,125.0,5.0,5.0,980.0,980.0,125.0,125.0,5.0,5.0
590.0,0,9,0,0,night,pa_8,E7,25.0,5,125.0,5,100.0,100.0,3,3,0,0,980.0,44,44,100.0,113,25.0,1.0,1.0,125.0,125.0,5.0,5.0,980.0,980.0,125.0,125.0,5.0,5.0
591.0,0,9,0,0,night,pa_8,E7,25.0,5,125.0,5,100.0,100.0,3,3,0,0,980.0,44,44,100.0,113,25.0,1.0,1.0,125.0,125.0,5.0,5.0,980.0,980.0,125.0,125.0,5.0,5.0
592.0,0,9,0,0,night,pa_8,E7,25.0,5,125.0,5,100.0,100.0,3,3,0,0,980.0,44,44,100.0,113,25.0,1.0,1.0,125.0,125.0,5.0,5.0,980.0,980.0,125.0,125.0,5.0,5.0
593.0,0,9,0,0,night,pa_8,E7,25.0,5,125.0,5,100.0,100.0,3,3,0,0,980.0,44,44,100.0,113,25.0,1.0,1.0,125.0,125.0,5.0,5.0,980.0,980.0,125.0,125.0,5.0,5.0
594.0,0,9,0,0,night,pa_8,E7,25.0,5,125.0,5,100.0,100.0,3,3,0,0,980.0,44,44,100.0,113,25.0,1.0,1.0,125.0,125.0,5.0,5.0,980.0,980.0,125.0,125.0,5.0,5.0
595.0,0,9,0,0,night,pa_8,E7,25.0,5,125.0,5,100.0,100.0,3,3,0,0,980.0,44,44,100.0,113,25.0,1.0,1.0,125.0,125.0,5.0,5.0,980.0,980.0,125.0,125.0,5.0,5.0
596.0,0,9,0,0,night,pa_8,E7,25.0,5,125.0,5,100.0,100.0,3,3,0,0,980.0,44,44,100.0,113,25.0,1.0,1.0,125.0,125.0,5.0,5.0,980.0,980.0,125.0,125.0,5.0,5.0
597.0,0,9,0,0,night,pa_8,E7,25.0,5,125.0,5,100.0,100.0,3,3,0,0,980.0,44,44,100.0,113,25.0,1.0,1.0,125.0,125.0,5.0,5.0,980.0,980.0,125.0,125.0,5.0,5.0
598.0,0,9,0,0,night,pa_8,E7,25.0,5,125.0,5,100.0,100.0,3,3,0,0,980.0,44,44,100.0,111,25.0,1.0,1.0,125.0,125.0,5.0,5.0,980.0,980.0,125.0,125.0,5.0,5.0
599.0,0,9,0,0,night,pa_8,E7,25.0,5,125.0,5,100.0,133.33,4,4,0,-1,980.0,44,45,100.0,111,25.0,1.12,1.0,125.0,125.0,5.0,5.0,980.0,980.0,125.0,125.0,5.0,5.0
600.0,0,10,0,0,night,pa_8,E7,25.0,5,125.0,5,100.0,133.33,4,4,0,-1,980.0,44,45,100.0,110,25.0,1.12,1.0,125.0,125.0,5.0,5.0,980.0,980.0,125.0,125.0,5.0,5.0
1.0,0,0,0,0,night,pa_8_rev,-E7,25.0,5,0.0,0,0.0,0.0,0,0,5,3,0.0,0,0,0.0,8,0.0,0.0,0.0,0.0,0.0,0.0,0.0,0.0,0.0,0.0,0.0,0.0,0.0
2.0,0,0,0,0,night,pa_8_rev,-E7,25.0,5,0.0,0,0.0,0.0,0,0,5,3,0.0,0,0,0.0,8,0.0,0.0,0.0,0.0,0.0,0.0,0.0,0.0,0.0,0.0,0.0,0.0,0.0
3.0,0,0,0,0,night,pa_8_rev,-E7,25.0,5,0.0,0,0.0,0.0,0,0,5,3,0.0,0,0,0.0,12,0.0,0.0,0.0,0.0,0.0,0.0,0.0,0.0,0.0,0.0,0.0,0.0,0.0
4.0,0,0,0,0,night,pa_8_rev,-E7,25.0,5,0.0,0,0.0,0.0,0,0,5,3,0.0,0,0,0.0,14,0.0,0.0,0.0,0.0,0.0,0.0,0.0,0.0,0.0,0.0,0.0,0.0,0.0
5.0,0,0,0,0,night,pa_8_rev,-E7,25.0,5,0.0,0,0.0,0.0,0,0,5,3,0.0,0,0,0.0,14,0.0,0.0,0.0,0.0,0.0,0.0,0.0,0.0,0.0,0.0,0.0,0.0,0.0
6.0,0,0,0,0,night,pa_8_rev,-E7,25.0,5,0.0,0,0.0,0.0,0,0,5,3,0.0,0,0,0.0,16,0.0,0.0,0.0,0.0,0.0,0.0,0.0,0.0,0.0,0.0,0.0,0.0,0.0
7.0,0,0,0,0,night,pa_8_rev,-E7,25.0,5,0.0,0,0.0,0.0,0,0,5,3,0.0,0,0,0.0,17,0.0,0.0,0.0,0.0,0.0,0.0,0.0,0.0,0.0,0.0,0.0,0.0,0.0
8.0,0,0,0,0,night,pa_8_rev,-E7,25.0,5,0.0,0,0.0,0.0,0,0,5,3,0.0,0,0,0.0,18,0.0,0.0,0.0,0.0,0.0,0.0,0.0,0.0,0.0,0.0,0.0,0.0,0.0
9.0,0,0,0,0,night,pa_8_rev,-E7,25.0,5,0.0,0,0.0,0.0,0,0,5,3,0.0,0,0,0.0,18,0.0,0.0,0.0,0.0,0.0,0.0,0.0,0.0,0.0,0.0,0.0,0.0,0.0
10.0,0,0,0,0,night,pa_8_rev,-E7,25.0,5,0.0,0,0.0,0.0,0,0,5,3,0.0,0,0,0.0,20,0.0,0.0,0.0,0.0,0.0,0.0,0.0,0.0,0.0,0.0,0.0,0.0,0.0
11.0,0,0,0,0,night,pa_8_rev,-E7,25.0,5,0.0,0,0.0,0.0,0,0,5,3,0.0,0,0,0.0,20,0.0,0.0,0.0,0.0,0.0,0.0,0.0,0.0,0.0,0.0,0.0,0.0,0.0
12.0,0,0,0,0,night,pa_8_rev,-E7,25.0,5,0.0,0,0.0,0.0,0,0,5,3,0.0,0,0,0.0,20,0.0,0.0,0.0,0.0,0.0,0.0,0.0,0.0,0.0,0.0,0.0,0.0,0.0
13.0,0,0,0,0,night,pa_8_rev,-E7,25.0,5,0.0,0,0.0,0.0,0,0,5,3,0.0,0,0,0.0,20,0.0,0.0,0.0,0.0,0.0,0.0,0.0,0.0,0.0,0.0,0.0,0.0,0.0
14.0,0,0,0,0,night,pa_8_rev,-E7,25.0,5,0.0,0,0.0,0.0,0,0,5,3,0.0,0,0,0.0,22,0.0,0.0,0.0,0.0,0.0,0.0,0.0,0.0,0.0,0.0,0.0,0.0,0.0
15.0,0,0,0,0,night,pa_8_rev,-E7,25.0,5,0.0,0,0.0,0.0,0,0,5,3,0.0,0,0,0.0,22,0.0,0.0,0.0,0.0,0.0,0.0,0.0,0.0,0.0,0.0,0.0,0.0,0.0
16.0,0,0,0,0,night,pa_8_rev,-E7,25.0,5,0.0,0,0.0,0.0,0,0,5,3,0.0,0,0,0.0,22,0.0,0.0,0.0,0.0,0.0,0.0,0.0,0.0,0.0,0.0,0.0,0.0,0.0
17.0,0,0,0,0,night,pa_8_rev,-E7,25.0,5,0.0,0,0.0,0.0,0,0,5,3,0.0,0,0,0.0,22,0.0,0.0,0.0,0.0,0.0,0.0,0.0,0.0,0.0,0.0,0.0,0.0,0.0
18.0,0,0,0,0,night,pa_8_rev,-E7,25.0,5,0.0,0,0.0,0.0,0,0,5,3,0.0,0,0,0.0,24,0.0,0.0,0.0,0.0,0.0,0.0,0.0,0.0,0.0,0.0,0.0,0.0,0.0
19.0,0,0,0,0,night,pa_8_rev,-E7,25.0,5,0.0,0,0.0,0.0,0,0,5,3,0.0,0,0,0.0,24,0.0,0.0,0.0,0.0,0.0,0.0,0.0,0.0,0.0,0.0,0.0,0.0,0.0
20.0,0,0,0,0,night,pa_8_rev,-E7,25.0,5,0.0,0,0.0,0.0,0,0,5,3,0.0,0,0,0.0,24,0.0,0.0,0.0,0.0,0.0,0.0,0.0,0.0,0.0,0.0,0.0,0.0,0.0
21.0,0,0,0,0,night,pa_8_rev,-E7,25.0,5,0.0,0,0.0,0.0,0,0,5,3,0.0,0,0,0.0,24,0.0,0.0,0.0,0.0,0.0,0.0,0.0,0.0,0.0,0.0,0.0,0.0,0.0
22.0,0,0,0,0,night,pa_8_rev,-E7,25.0,5,0.0,0,0.0,0.0,0,0,5,3,0.0,0,0,0.0,24,0.0,0.0,0.0,0.0,0.0,0.0,0.0,0.0,0.0,0.0,0.0,0.0,0.0
23.0,0,0,0,0,night,pa_8_rev,-E7,25.0,5,0.0,0,0.0,0.0,0,0,5,3,0.0,0,0,0.0,24,0.0,0.0,0.0,0.0,0.0,0.0,0.0,0.0,0.0,0.0,0.0,0.0,0.0
24.0,0,0,0,0,night,pa_8_rev,-E7,25.0,5,0.0,0,0.0,0.0,0,0,5,3,0.0,0,0,0.0,24,0.0,0.0,0.0,0.0,0.0,0.0,0.0,0.0,0.0,0.0,0.0,0.0,0.0
25.0,0,0,0,0,night,pa_8_rev,-E7,25.0,5,0.0,0,0.0,0.0,0,0,5,3,0.0,0,0,0.0,24,0.0,0.0,0.0,0.0,0.0,0.0,0.0,0.0,0.0,0.0,0.0,0.0,0.0
26.0,0,0,0,0,night,pa_8_rev,-E7,25.0,5,0.0,0,0.0,0.0,0,0,5,3,0.0,0,0,0.0,24,0.0,0.0,0.0,0.0,0.0,0.0,0.0,0.0,0.0,0.0,0.0,0.0,0.0
27.0,0,0,0,0,night,pa_8_rev,-E7,25.0,5,0.0,0,0.0,0.0,0,0,5,3,0.0,0,0,0.0,24,0.0,0.0,0.0,0.0,0.0,0.0,0.0,0.0,0.0,0.0,0.0,0.0,0.0
28.0,0,0,0,0,night,pa_8_rev,-E7,25.0,5,0.0,0,0.0,0.0,0,0,5,3,0.0,0,0,0.0,24,0.0,0.0,0.0,0.0,0.0,0.0,0.0,0.0,0.0,0.0,0.0,0.0,0.0
29.0,0,0,0,0,night,pa_8_rev,-E7,25.0,5,0.0,0,0.0,0.0,0,0,5,3,0.0,0,0,0.0,24,0.0,0.0,0.0,0.0,0.0,0.0,0.0,0.0,0.0,0.0,0.0,0.0,0.0
30.0,0,0,0,0,night,pa_8_rev,-E7,25.0,5,0.0,0,0.0,0.0,0,0,5,3,0.0,0,0,0.0,24,0.0,0.0,0.0,0.0,0.0,0.0,0.0,0.0,0.0,0.0,0.0,0.0,0.0
31.0,0,0,0,0,night,pa_8_rev,-E7,25.0,5,0.0,0,0.0,0.0,0,0,5,3,0.0,0,0,0.0,24,0.0,0.0,0.0,0.0,0.0,0.0,0.0,0.0,0.0,0.0,0.0,0.0,0.0
32.0,0,0,0,0,night,pa_8_rev,-E7,25.0,5,0.0,0,0.0,0.0,0,0,5,3,0.0,0,0,0.0,24,0.0,0.0,0.0,0.0,0.0,0.0,0.0,0.0,0.0,0.0,0.0,0.0,0.0
33.0,0,0,0,0,night,pa_8_rev,-E7,25.0,5,0.0,0,0.0,0.0,0,0,5,3,0.0,0,0,0.0,24,0.0,0.0,0.0,0.0,0.0,0.0,0.0,0.0,0.0,0.0,0.0,0.0,0.0
34.0,0,0,0,0,night,pa_8_rev,-E7,25.0,5,0.0,0,0.0,0.0,0,0,5,3,0.0,0,0,0.0,24,0.0,0.0,0.0,0.0,0.0,0.0,0.0,0.0,0.0,0.0,0.0,0.0,0.0
35.0,0,0,0,0,night,pa_8_rev,-E7,25.0,5,0.0,0,0.0,0.0,0,0,5,3,0.0,0,0,0.0,24,0.0,0.0,0.0,0.0,0.0,0.0,0.0,0.0,0.0,0.0,0.0,0.0,0.0
36.0,0,0,0,0,night,pa_8_rev,-E7,25.0,5,0.0,0,0.0,0.0,0,0,5,3,0.0,0,0,0.0,24,0.0,0.0,0.0,0.0,0.0,0.0,0.0,0.0,0.0,0.0,0.0,0.0,0.0
37.0,0,0,0,0,night,pa_8_rev,-E7,25.0,5,0.0,0,0.0,0.0,0,0,5,3,0.0,0,0,0.0,24,0.0,0.0,0.0,0.0,0.0,0.0,0.0,0.0,0.0,0.0,0.0,0.0,0.0
38.0,0,0,0,0,night,pa_8_rev,-E7,25.0,5,0.0,0,0.0,0.0,0,0,5,3,0.0,0,0,0.0,24,0.0,0.0,0.0,0.0,0.0,0.0,0.0,0.0,0.0,0.0,0.0,0.0,0.0
39.0,0,0,0,0,night,pa_8_rev,-E7,25.0,5,0.0,0,0.0,0.0,0,0,5,3,0.0,0,0,0.0,24,0.0,0.0,0.0,0.0,0.0,0.0,0.0,0.0,0.0,0.0,0.0,0.0,0.0
40.0,0,0,0,0,night,pa_8_rev,-E7,25.0,5,0.0,0,0.0,0.0,0,0,5,3,0.0,0,0,0.0,24,0.0,0.0,0.0,0.0,0.0,0.0,0.0,0.0,0.0,0.0,0.0,0.0,0.0
41.0,0,0,0,0,night,pa_8_rev,-E7,25.0,5,0.0,0,0.0,0.0,0,0,5,3,0.0,0,0,0.0,25,0.0,0.0,0.0,0.0,0.0,0.0,0.0,0.0,0.0,0.0,0.0,0.0,0.0
42.0,0,0,0,0,night,pa_8_rev,-E7,25.0,5,0.0,0,0.0,0.0,0,0,5,3,0.0,0,0,0.0,25,0.0,0.0,0.0,0.0,0.0,0.0,0.0,0.0,0.0,0.0,0.0,0.0,0.0
43.0,0,0,0,0,night,pa_8_rev,-E7,25.0,5,0.0,0,0.0,0.0,0,0,5,3,0.0,0,0,0.0,25,0.0,0.0,0.0,0.0,0.0,0.0,0.0,0.0,0.0,0.0,0.0,0.0,0.0
44.0,0,0,0,0,night,pa_8_rev,-E7,25.0,5,0.0,0,0.0,0.0,0,0,5,3,0.0,0,0,0.0,25,0.0,0.0,0.0,0.0,0.0,0.0,0.0,0.0,0.0,0.0,0.0,0.0,0.0
45.0,0,0,0,0,night,pa_8_rev,-E7,25.0,5,0.0,0,0.0,0.0,0,0,5,3,0.0,0,0,0.0,25,0.0,0.0,0.0,0.0,0.0,0.0,0.0,0.0,0.0,0.0,0.0,0.0,0.0
46.0,0,0,0,0,night,pa_8_rev,-E7,25.0,5,0.0,0,0.0,0.0,0,0,5,3,0.0,0,0,0.0,26,0.0,0.0,0.0,0.0,0.0,0.0,0.0,0.0,0.0,0.0,0.0,0.0,0.0
47.0,0,0,0,0,night,pa_8_rev,-E7,25.0,5,0.0,0,0.0,0.0,0,0,5,3,0.0,0,0,0.0,26,0.0,0.0,0.0,0.0,0.0,0.0,0.0,0.0,0.0,0.0,0.0,0.0,0.0
48.0,0,0,0,0,night,pa_8_rev,-E7,25.0,5,0.0,0,0.0,0.0,0,0,5,3,0.0,0,0,0.0,26,0.0,0.0,0.0,0.0,0.0,0.0,0.0,0.0,0.0,0.0,0.0,0.0,0.0
49.0,0,0,0,0,night,pa_8_rev,-E7,25.0,5,0.0,0,0.0,0.0,0,0,5,3,0.0,0,0,0.0,26,0.0,0.0,0.0,0.0,0.0,0.0,0.0,0.0,0.0,0.0,0.0,0.0,0.0
50.0,0,0,0,0,night,pa_8_rev,-E7,25.0,5,0.0,0,0.0,0.0,0,0,5,3,0.0,0,0,0.0,26,0.0,0.0,0.0,0.0,0.0,0.0,0.0,0.0,0.0,0.0,0.0,0.0,0.0
51.0,0,0,0,0,night,pa_8_rev,-E7,25.0,5,0.0,0,0.0,0.0,0,0,5,3,0.0,0,0,0.0,26,0.0,0.0,0.0,0.0,0.0,0.0,0.0,0.0,0.0,0.0,0.0,0.0,0.0
52.0,0,0,0,0,night,pa_8_rev,-E7,25.0,5,0.0,0,0.0,0.0,0,0,5,3,0.0,0,0,0.0,28,0.0,0.0,0.0,0.0,0.0,0.0,0.0,0.0,0.0,0.0,0.0,0.0,0.0
53.0,0,0,0,0,night,pa_8_rev,-E7,25.0,5,0.0,0,0.0,0.0,0,0,5,3,0.0,0,0,0.0,28,0.0,0.0,0.0,0.0,0.0,0.0,0.0,0.0,0.0,0.0,0.0,0.0,0.0
54.0,0,0,0,0,night,pa_8_rev,-E7,25.0,5,0.0,0,0.0,0.0,0,0,5,3,0.0,0,0,0.0,28,0.0,0.0,0.0,0.0,0.0,0.0,0.0,0.0,0.0,0.0,0.0,0.0,0.0
55.0,0,0,0,0,night,pa_8_rev,-E7,25.0,5,0.0,0,0.0,0.0,0,0,5,3,0.0,0,0,0.0,28,0.0,0.0,0.0,0.0,0.0,0.0,0.0,0.0,0.0,0.0,0.0,0.0,0.0
56.0,0,0,0,0,night,pa_8_rev,-E7,25.0,5,0.0,0,0.0,0.0,0,0,5,3,0.0,0,0,0.0,28,0.0,0.0,0.0,0.0,0.0,0.0,0.0,0.0,0.0,0.0,0.0,0.0,0.0
57.0,0,0,0,0,night,pa_8_rev,-E7,25.0,5,0.0,0,0.0,0.0,0,0,5,3,0.0,0,0,0.0,28,0.0,0.0,0.0,0.0,0.0,0.0,0.0,0.0,0.0,0.0,0.0,0.0,0.0
58.0,0,0,0,0,night,pa_8_rev,-E7,25.0,5,0.0,0,0.0,0.0,0,0,5,3,0.0,0,0,0.0,28,0.0,0.0,0.0,0.0,0.0,0.0,0.0,0.0,0.0,0.0,0.0,0.0,0.0
59.0,0,0,0,0,night,pa_8_rev,-E7,25.0,5,0.0,0,0.0,0.0,0,0,5,3,0.0,0,0,0.0,28,0.0,0.0,0.0,0.0,0.0,0.0,0.0,0.0,0.0,0.0,0.0,0.0,0.0
60.0,0,1,0,0,night,pa_8_rev,-E7,25.0,5,0.0,0,0.0,0.0,0,0,5,3,0.0,0,0,0.0,28,0.0,0.0,0.0,0.0,0.0,0.0,0.0,0.0,0.0,0.0,0.0,0.0,0.0
61.0,0,1,0,0,night,pa_8_rev,-E7,25.0,5,0.0,0,0.0,0.0,0,0,5,3,0.0,0,0,0.0,30,0.0,0.0,0.0,0.0,0.0,0.0,0.0,0.0,0.0,0.0,0.0,0.0,0.0
62.0,0,1,0,0,night,pa_8_rev,-E7,25.0,5,0.0,0,0.0,0.0,0,0,5,3,0.0,0,0,0.0,30,0.0,0.0,0.0,0.0,0.0,0.0,0.0,0.0,0.0,0.0,0.0,0.0,0.0
63.0,0,1,0,0,night,pa_8_rev,-E7,25.0,5,0.0,0,0.0,0.0,0,0,5,3,0.0,0,0,0.0,30,0.0,0.0,0.0,0.0,0.0,0.0,0.0,0.0,0.0,0.0,0.0,0.0,0.0
64.0,0,1,0,0,night,pa_8_rev,-E7,25.0,5,0.0,0,0.0,0.0,0,0,5,3,0.0,0,0,0.0,30,0.0,0.0,0.0,0.0,0.0,0.0,0.0,0.0,0.0,0.0,0.0,0.0,0.0
65.0,0,1,0,0,night,pa_8_rev,-E7,25.0,5,0.0,0,0.0,0.0,0,0,5,3,0.0,0,0,0.0,30,0.0,0.0,0.0,0.0,0.0,0.0,0.0,0.0,0.0,0.0,0.0,0.0,0.0
66.0,0,1,0,0,night,pa_8_rev,-E7,25.0,5,0.0,0,0.0,0.0,0,0,5,3,0.0,0,0,0.0,30,0.0,0.0,0.0,0.0,0.0,0.0,0.0,0.0,0.0,0.0,0.0,0.0,0.0
67.0,0,1,0,0,night,pa_8_rev,-E7,25.0,5,0.0,0,0.0,0.0,0,0,5,3,0.0,0,0,0.0,30,0.0,0.0,0.0,0.0,0.0,0.0,0.0,0.0,0.0,0.0,0.0,0.0,0.0
68.0,0,1,0,0,night,pa_8_rev,-E7,25.0,5,0.0,0,0.0,0.0,0,0,5,3,0.0,0,0,0.0,30,0.0,0.0,0.0,0.0,0.0,0.0,0.0,0.0,0.0,0.0,0.0,0.0,0.0
69.0,0,1,0,0,night,pa_8_rev,-E7,25.0,5,0.0,0,0.0,0.0,0,0,5,3,0.0,0,0,0.0,30,0.0,0.0,0.0,0.0,0.0,0.0,0.0,0.0,0.0,0.0,0.0,0.0,0.0
70.0,0,1,0,0,night,pa_8_rev,-E7,25.0,5,0.0,0,0.0,0.0,0,0,5,3,0.0,0,0,0.0,30,0.0,0.0,0.0,0.0,0.0,0.0,0.0,0.0,0.0,0.0,0.0,0.0,0.0
71.0,0,1,0,0,night,pa_8_rev,-E7,25.0,5,0.0,0,0.0,0.0,0,0,5,3,0.0,0,0,0.0,30,0.0,0.0,0.0,0.0,0.0,0.0,0.0,0.0,0.0,0.0,0.0,0.0,0.0
72.0,0,1,0,0,night,pa_8_rev,-E7,25.0,5,0.0,0,0.0,0.0,0,0,5,3,0.0,0,0,0.0,30,0.0,0.0,0.0,0.0,0.0,0.0,0.0,0.0,0.0,0.0,0.0,0.0,0.0
73.0,0,1,0,0,night,pa_8_rev,-E7,25.0,5,0.0,0,0.0,0.0,0,0,5,3,0.0,0,0,0.0,32,0.0,0.0,0.0,0.0,0.0,0.0,0.0,0.0,0.0,0.0,0.0,0.0,0.0
74.0,0,1,0,0,night,pa_8_rev,-E7,25.0,5,0.0,0,0.0,0.0,0,0,5,3,0.0,0,0,0.0,32,0.0,0.0,0.0,0.0,0.0,0.0,0.0,0.0,0.0,0.0,0.0,0.0,0.0
75.0,0,1,0,0,night,pa_8_rev,-E7,25.0,5,0.0,0,0.0,0.0,0,0,5,3,0.0,0,0,0.0,32,0.0,0.0,0.0,0.0,0.0,0.0,0.0,0.0,0.0,0.0,0.0,0.0,0.0
76.0,0,1,0,0,night,pa_8_rev,-E7,25.0,5,0.0,0,0.0,0.0,0,0,5,3,0.0,0,0,0.0,32,0.0,0.0,0.0,0.0,0.0,0.0,0.0,0.0,0.0,0.0,0.0,0.0,0.0
77.0,0,1,0,0,night,pa_8_rev,-E7,25.0,5,0.0,0,0.0,0.0,0,0,5,3,0.0,0,0,0.0,32,0.0,0.0,0.0,0.0,0.0,0.0,0.0,0.0,0.0,0.0,0.0,0.0,0.0
78.0,0,1,0,0,night,pa_8_rev,-E7,25.0,5,0.0,0,0.0,0.0,0,0,5,3,0.0,0,0,0.0,32,0.0,0.0,0.0,0.0,0.0,0.0,0.0,0.0,0.0,0.0,0.0,0.0,0.0
79.0,0,1,0,0,night,pa_8_rev,-E7,25.0,5,0.0,0,0.0,0.0,0,0,5,3,0.0,0,0,0.0,32,0.0,0.0,0.0,0.0,0.0,0.0,0.0,0.0,0.0,0.0,0.0,0.0,0.0
80.0,0,1,0,0,night,pa_8_rev,-E7,25.0,5,0.0,0,0.0,0.0,0,0,5,3,0.0,0,0,0.0,32,0.0,0.0,0.0,0.0,0.0,0.0,0.0,0.0,0.0,0.0,0.0,0.0,0.0
81.0,0,1,0,0,night,pa_8_rev,-E7,25.0,5,0.0,0,0.0,0.0,0,0,5,3,0.0,0,0,0.0,34,0.0,0.0,0.0,0.0,0.0,0.0,0.0,0.0,0.0,0.0,0.0,0.0,0.0
82.0,0,1,0,0,night,pa_8_rev,-E7,25.0,5,0.0,0,0.0,0.0,0,0,5,3,0.0,0,0,0.0,34,0.0,0.0,0.0,0.0,0.0,0.0,0.0,0.0,0.0,0.0,0.0,0.0,0.0
83.0,0,1,0,0,night,pa_8_rev,-E7,25.0,5,0.0,0,0.0,0.0,0,0,5,3,0.0,0,0,0.0,34,0.0,0.0,0.0,0.0,0.0,0.0,0.0,0.0,0.0,0.0,0.0,0.0,0.0
84.0,0,1,0,0,night,pa_8_rev,-E7,25.0,5,0.0,0,0.0,0.0,0,0,5,3,0.0,0,0,0.0,34,0.0,0.0,0.0,0.0,0.0,0.0,0.0,0.0,0.0,0.0,0.0,0.0,0.0
85.0,0,1,0,0,night,pa_8_rev,-E7,25.0,5,0.0,0,0.0,0.0,0,0,5,3,0.0,0,0,0.0,34,0.0,0.0,0.0,0.0,0.0,0.0,0.0,0.0,0.0,0.0,0.0,0.0,0.0
86.0,0,1,0,0,night,pa_8_rev,-E7,25.0,5,0.0,0,0.0,0.0,0,0,5,3,0.0,0,0,0.0,34,0.0,0.0,0.0,0.0,0.0,0.0,0.0,0.0,0.0,0.0,0.0,0.0,0.0
87.0,0,1,0,0,night,pa_8_rev,-E7,25.0,5,0.0,0,0.0,0.0,0,0,5,3,0.0,0,0,0.0,34,0.0,0.0,0.0,0.0,0.0,0.0,0.0,0.0,0.0,0.0,0.0,0.0,0.0
88.0,0,1,0,0,night,pa_8_rev,-E7,25.0,5,0.0,0,0.0,0.0,0,0,5,3,0.0,0,0,0.0,34,0.0,0.0,0.0,0.0,0.0,0.0,0.0,0.0,0.0,0.0,0.0,0.0,0.0
89.0,0,1,0,0,night,pa_8_rev,-E7,25.0,5,0.0,0,0.0,0.0,0,0,5,3,0.0,0,0,0.0,34,0.0,0.0,0.0,0.0,0.0,0.0,0.0,0.0,0.0,0.0,0.0,0.0,0.0
90.0,0,1,0,0,night,pa_8_rev,-E7,25.0,5,0.0,0,0.0,0.0,0,0,5,3,0.0,0,0,0.0,34,0.0,0.0,0.0,0.0,0.0,0.0,0.0,0.0,0.0,0.0,0.0,0.0,0.0
91.0,0,1,0,0,night,pa_8_rev,-E7,25.0,5,0.0,0,0.0,0.0,0,0,5,3,0.0,0,0,0.0,35,0.0,0.0,0.0,0.0,0.0,0.0,0.0,0.0,0.0,0.0,0.0,0.0,0.0
92.0,0,1,0,0,night,pa_8_rev,-E7,25.0,5,0.0,0,0.0,0.0,0,0,5,3,0.0,0,0,0.0,35,0.0,0.0,0.0,0.0,0.0,0.0,0.0,0.0,0.0,0.0,0.0,0.0,0.0
93.0,0,1,0,0,night,pa_8_rev,-E7,25.0,5,0.0,0,0.0,0.0,0,0,5,3,0.0,0,0,0.0,36,0.0,0.0,0.0,0.0,0.0,0.0,0.0,0.0,0.0,0.0,0.0,0.0,0.0
94.0,0,1,0,0,night,pa_8_rev,-E7,25.0,5,0.0,0,0.0,0.0,0,0,5,3,0.0,0,0,0.0,36,0.0,0.0,0.0,0.0,0.0,0.0,0.0,0.0,0.0,0.0,0.0,0.0,0.0
95.0,0,1,0,0,night,pa_8_rev,-E7,25.0,5,0.0,0,0.0,0.0,0,0,5,3,0.0,0,0,0.0,36,0.0,0.0,0.0,0.0,0.0,0.0,0.0,0.0,0.0,0.0,0.0,0.0,0.0
96.0,0,1,0,0,night,pa_8_rev,-E7,25.0,5,0.0,0,0.0,0.0,0,0,5,3,0.0,0,0,0.0,36,0.0,0.0,0.0,0.0,0.0,0.0,0.0,0.0,0.0,0.0,0.0,0.0,0.0
97.0,0,1,0,0,night,pa_8_rev,-E7,25.0,5,0.0,0,0.0,0.0,0,0,5,3,0.0,0,0,0.0,36,0.0,0.0,0.0,0.0,0.0,0.0,0.0,0.0,0.0,0.0,0.0,0.0,0.0
98.0,0,1,0,0,night,pa_8_rev,-E7,25.0,5,0.0,0,0.0,0.0,0,0,5,3,0.0,0,0,0.0,36,0.0,0.0,0.0,0.0,0.0,0.0,0.0,0.0,0.0,0.0,0.0,0.0,0.0
99.0,0,1,0,0,night,pa_8_rev,-E7,25.0,5,0.0,0,0.0,0.0,0,0,5,3,0.0,0,0,0.0,36,0.0,0.0,0.0,0.0,0.0,0.0,0.0,0.0,0.0,0.0,0.0,0.0,0.0
100.0,0,1,0,0,night,pa_8_rev,-E7,25.0,5,0.0,0,0.0,0.0,0,0,5,3,0.0,0,0,0.0,36,0.0,0.0,0.0,0.0,0.0,0.0,0.0,0.0,0.0,0.0,0.0,0.0,0.0
101.0,0,1,0,0,night,pa_8_rev,-E7,25.0,5,0.0,0,0.0,0.0,0,0,5,3,0.0,0,0,0.0,36,0.0,0.0,0.0,0.0,0.0,0.0,0.0,0.0,0.0,0.0,0.0,0.0,0.0
102.0,0,1,0,0,night,pa_8_rev,-E7,25.0,5,0.0,0,0.0,0.0,0,0,5,3,0.0,0,0,0.0,36,0.0,0.0,0.0,0.0,0.0,0.0,0.0,0.0,0.0,0.0,0.0,0.0,0.0
103.0,0,1,0,0,night,pa_8_rev,-E7,25.0,5,0.0,0,0.0,0.0,0,0,5,3,0.0,0,0,0.0,41,0.0,0.0,0.0,0.0,0.0,0.0,0.0,0.0,0.0,0.0,0.0,0.0,0.0
104.0,0,1,0,0,night,pa_8_rev,-E7,25.0,5,0.0,0,0.0,0.0,0,0,5,3,0.0,0,0,0.0,41,0.0,0.0,0.0,0.0,0.0,0.0,0.0,0.0,0.0,0.0,0.0,0.0,0.0
105.0,0,1,0,0,night,pa_8_rev,-E7,25.0,5,0.0,0,0.0,0.0,0,0,5,3,0.0,0,0,0.0,41,0.0,0.0,0.0,0.0,0.0,0.0,0.0,0.0,0.0,0.0,0.0,0.0,0.0
106.0,0,1,0,0,night,pa_8_rev,-E7,25.0,5,0.0,0,0.0,0.0,0,0,5,3,0.0,0,0,0.0,41,0.0,0.0,0.0,0.0,0.0,0.0,0.0,0.0,0.0,0.0,0.0,0.0,0.0
107.0,0,1,0,0,night,pa_8_rev,-E7,25.0,5,0.0,0,0.0,0.0,0,0,5,3,0.0,0,0,0.0,41,0.0,0.0,0.0,0.0,0.0,0.0,0.0,0.0,0.0,0.0,0.0,0.0,0.0
108.0,0,1,0,0,night,pa_8_rev,-E7,25.0,5,0.0,0,0.0,0.0,0,0,5,3,0.0,0,0,0.0,41,0.0,0.0,0.0,0.0,0.0,0.0,0.0,0.0,0.0,0.0,0.0,0.0,0.0
109.0,0,1,0,0,night,pa_8_rev,-E7,25.0,5,0.0,0,0.0,0.0,0,0,5,3,0.0,0,0,0.0,41,0.0,0.0,0.0,0.0,0.0,0.0,0.0,0.0,0.0,0.0,0.0,0.0,0.0
110.0,0,1,0,0,night,pa_8_rev,-E7,25.0,5,0.0,0,0.0,0.0,0,0,5,3,0.0,0,0,0.0,41,0.0,0.0,0.0,0.0,0.0,0.0,0.0,0.0,0.0,0.0,0.0,0.0,0.0
111.0,0,1,0,0,night,pa_8_rev,-E7,25.0,5,0.0,0,0.0,0.0,0,0,5,3,0.0,0,0,0.0,41,0.0,0.0,0.0,0.0,0.0,0.0,0.0,0.0,0.0,0.0,0.0,0.0,0.0
112.0,0,1,0,0,night,pa_8_rev,-E7,25.0,5,0.0,0,0.0,0.0,0,0,5,3,0.0,0,0,0.0,41,0.0,0.0,0.0,0.0,0.0,0.0,0.0,0.0,0.0,0.0,0.0,0.0,0.0
113.0,0,1,0,0,night,pa_8_rev,-E7,25.0,5,0.0,0,0.0,0.0,0,0,5,3,0.0,0,0,0.0,41,0.0,0.0,0.0,0.0,0.0,0.0,0.0,0.0,0.0,0.0,0.0,0.0,0.0
114.0,0,1,0,0,night,pa_8_rev,-E7,25.0,5,0.0,0,0.0,0.0,0,0,5,3,0.0,0,0,0.0,41,0.0,0.0,0.0,0.0,0.0,0.0,0.0,0.0,0.0,0.0,0.0,0.0,0.0
115.0,0,1,0,0,night,pa_8_rev,-E7,25.0,5,0.0,0,0.0,0.0,0,0,5,3,0.0,0,0,0.0,41,0.0,0.0,0.0,0.0,0.0,0.0,0.0,0.0,0.0,0.0,0.0,0.0,0.0
116.0,0,1,0,0,night,pa_8_rev,-E7,25.0,5,0.0,0,0.0,0.0,0,0,5,3,0.0,0,0,0.0,41,0.0,0.0,0.0,0.0,0.0,0.0,0.0,0.0,0.0,0.0,0.0,0.0,0.0
117.0,0,1,0,0,night,pa_8_rev,-E7,25.0,5,0.0,0,0.0,0.0,0,0,5,3,0.0,0,0,0.0,41,0.0,0.0,0.0,0.0,0.0,0.0,0.0,0.0,0.0,0.0,0.0,0.0,0.0
118.0,0,1,0,0,night,pa_8_rev,-E7,25.0,5,0.0,0,0.0,0.0,0,0,5,3,0.0,0,0,0.0,41,0.0,0.0,0.0,0.0,0.0,0.0,0.0,0.0,0.0,0.0,0.0,0.0,0.0
119.0,0,1,0,0,night,pa_8_rev,-E7,25.0,5,0.0,0,0.0,0.0,0,0,5,3,0.0,0,0,0.0,41,0.0,0.0,0.0,0.0,0.0,0.0,0.0,0.0,0.0,0.0,0.0,0.0,0.0
120.0,0,2,0,0,night,pa_8_rev,-E7,25.0,5,0.0,0,0.0,0.0,0,0,5,3,0.0,0,0,0.0,41,0.0,0.0,0.0,0.0,0.0,0.0,0.0,0.0,0.0,0.0,0.0,0.0,0.0
121.0,0,2,0,0,night,pa_8_rev,-E7,25.0,5,0.0,0,0.0,0.0,0,0,5,3,0.0,0,0,0.0,44,0.0,0.0,0.0,0.0,0.0,0.0,0.0,0.0,0.0,0.0,0.0,0.0,0.0
122.0,0,2,0,0,night,pa_8_rev,-E7,25.0,5,0.0,0,0.0,0.0,0,0,5,3,0.0,0,0,0.0,44,0.0,0.0,0.0,0.0,0.0,0.0,0.0,0.0,0.0,0.0,0.0,0.0,0.0
123.0,0,2,0,0,night,pa_8_rev,-E7,25.0,5,0.0,0,0.0,0.0,0,0,5,3,0.0,0,0,0.0,46,0.0,0.0,0.0,0.0,0.0,0.0,0.0,0.0,0.0,0.0,0.0,0.0,0.0
124.0,0,2,0,0,night,pa_8_rev,-E7,25.0,5,0.0,0,0.0,0.0,0,0,5,3,0.0,0,0,0.0,46,0.0,0.0,0.0,0.0,0.0,0.0,0.0,0.0,0.0,0.0,0.0,0.0,0.0
125.0,0,2,0,0,night,pa_8_rev,-E7,25.0,5,0.0,0,0.0,0.0,0,0,5,3,0.0,0,0,0.0,46,0.0,0.0,0.0,0.0,0.0,0.0,0.0,0.0,0.0,0.0,0.0,0.0,0.0
126.0,0,2,0,0,night,pa_8_rev,-E7,25.0,5,0.0,0,0.0,0.0,0,0,5,3,0.0,0,0,0.0,46,0.0,0.0,0.0,0.0,0.0,0.0,0.0,0.0,0.0,0.0,0.0,0.0,0.0
127.0,0,2,0,0,night,pa_8_rev,-E7,25.0,5,0.0,0,0.0,0.0,0,0,5,3,0.0,0,0,0.0,46,0.0,0.0,0.0,0.0,0.0,0.0,0.0,0.0,0.0,0.0,0.0,0.0,0.0
128.0,0,2,0,0,night,pa_8_rev,-E7,25.0,5,0.0,0,0.0,0.0,0,0,5,3,0.0,0,0,0.0,46,0.0,0.0,0.0,0.0,0.0,0.0,0.0,0.0,0.0,0.0,0.0,0.0,0.0
129.0,0,2,0,0,night,pa_8_rev,-E7,25.0,5,0.0,0,0.0,0.0,0,0,5,3,0.0,0,0,0.0,46,0.0,0.0,0.0,0.0,0.0,0.0,0.0,0.0,0.0,0.0,0.0,0.0,0.0
130.0,0,2,0,0,night,pa_8_rev,-E7,25.0,5,0.0,0,0.0,0.0,0,0,5,3,0.0,0,0,0.0,46,0.0,0.0,0.0,0.0,0.0,0.0,0.0,0.0,0.0,0.0,0.0,0.0,0.0
131.0,0,2,0,0,night,pa_8_rev,-E7,25.0,5,0.0,0,0.0,0.0,0,0,5,3,0.0,0,0,0.0,46,0.0,0.0,0.0,0.0,0.0,0.0,0.0,0.0,0.0,0.0,0.0,0.0,0.0
132.0,0,2,0,0,night,pa_8_rev,-E7,25.0,5,0.0,0,0.0,0.0,0,0,5,3,0.0,0,0,0.0,46,0.0,0.0,0.0,0.0,0.0,0.0,0.0,0.0,0.0,0.0,0.0,0.0,0.0
133.0,0,2,0,0,night,pa_8_rev,-E7,25.0,5,0.0,0,0.0,0.0,0,0,5,3,0.0,0,0,0.0,46,0.0,0.0,0.0,0.0,0.0,0.0,0.0,0.0,0.0,0.0,0.0,0.0,0.0
134.0,0,2,0,0,night,pa_8_rev,-E7,25.0,5,0.0,0,0.0,0.0,0,0,5,3,0.0,0,0,0.0,46,0.0,0.0,0.0,0.0,0.0,0.0,0.0,0.0,0.0,0.0,0.0,0.0,0.0
135.0,0,2,0,0,night,pa_8_rev,-E7,25.0,5,0.0,0,0.0,0.0,0,0,5,3,0.0,0,0,0.0,46,0.0,0.0,0.0,0.0,0.0,0.0,0.0,0.0,0.0,0.0,0.0,0.0,0.0
136.0,0,2,0,0,night,pa_8_rev,-E7,25.0,5,0.0,0,0.0,0.0,0,0,5,3,0.0,0,0,0.0,47,0.0,0.0,0.0,0.0,0.0,0.0,0.0,0.0,0.0,0.0,0.0,0.0,0.0
137.0,0,2,0,0,night,pa_8_rev,-E7,25.0,5,0.0,0,0.0,0.0,0,0,5,3,0.0,0,0,0.0,47,0.0,0.0,0.0,0.0,0.0,0.0,0.0,0.0,0.0,0.0,0.0,0.0,0.0
138.0,0,2,0,0,night,pa_8_rev,-E7,25.0,5,0.0,0,0.0,0.0,0,0,5,3,0.0,0,0,0.0,47,0.0,0.0,0.0,0.0,0.0,0.0,0.0,0.0,0.0,0.0,0.0,0.0,0.0
139.0,0,2,0,0,night,pa_8_rev,-E7,25.0,5,0.0,0,0.0,0.0,0,0,5,3,0.0,0,0,0.0,47,0.0,0.0,0.0,0.0,0.0,0.0,0.0,0.0,0.0,0.0,0.0,0.0,0.0
140.0,0,2,0,0,night,pa_8_rev,-E7,25.0,5,0.0,0,0.0,0.0,0,0,5,3,0.0,0,0,0.0,47,0.0,0.0,0.0,0.0,0.0,0.0,0.0,0.0,0.0,0.0,0.0,0.0,0.0
141.0,0,2,0,0,night,pa_8_rev,-E7,25.0,5,0.0,0,0.0,0.0,0,0,5,3,0.0,0,0,0.0,47,0.0,0.0,0.0,0.0,0.0,0.0,0.0,0.0,0.0,0.0,0.0,0.0,0.0
142.0,0,2,0,0,night,pa_8_rev,-E7,25.0,5,0.0,0,0.0,0.0,0,0,5,3,0.0,0,0,0.0,47,0.0,0.0,0.0,0.0,0.0,0.0,0.0,0.0,0.0,0.0,0.0,0.0,0.0
143.0,0,2,0,0,night,pa_8_rev,-E7,25.0,5,0.0,0,0.0,0.0,0,0,5,3,0.0,0,0,0.0,47,0.0,0.0,0.0,0.0,0.0,0.0,0.0,0.0,0.0,0.0,0.0,0.0,0.0
144.0,0,2,0,0,night,pa_8_rev,-E7,25.0,5,0.0,0,0.0,0.0,0,0,5,3,0.0,0,0,0.0,47,0.0,0.0,0.0,0.0,0.0,0.0,0.0,0.0,0.0,0.0,0.0,0.0,0.0
145.0,0,2,0,0,night,pa_8_rev,-E7,25.0,5,0.0,0,0.0,0.0,0,0,5,3,0.0,0,0,0.0,52,0.0,0.0,0.0,0.0,0.0,0.0,0.0,0.0,0.0,0.0,0.0,0.0,0.0
146.0,0,2,0,0,night,pa_8_rev,-E7,25.0,5,0.0,0,0.0,0.0,0,0,5,3,0.0,0,0,0.0,52,0.0,0.0,0.0,0.0,0.0,0.0,0.0,0.0,0.0,0.0,0.0,0.0,0.0
147.0,0,2,0,0,night,pa_8_rev,-E7,25.0,5,0.0,0,0.0,0.0,0,0,5,3,0.0,0,0,0.0,52,0.0,0.0,0.0,0.0,0.0,0.0,0.0,0.0,0.0,0.0,0.0,0.0,0.0
148.0,0,2,0,0,night,pa_8_rev,-E7,25.0,5,0.0,0,0.0,0.0,0,0,5,3,0.0,0,0,0.0,52,0.0,0.0,0.0,0.0,0.0,0.0,0.0,0.0,0.0,0.0,0.0,0.0,0.0
149.0,0,2,0,0,night,pa_8_rev,-E7,25.0,5,0.0,0,0.0,0.0,0,0,5,3,0.0,0,0,0.0,52,0.0,0.0,0.0,0.0,0.0,0.0,0.0,0.0,0.0,0.0,0.0,0.0,0.0
150.0,0,2,0,0,night,pa_8_rev,-E7,25.0,5,0.0,0,0.0,0.0,0,0,5,3,0.0,0,0,0.0,52,0.0,0.0,0.0,0.0,0.0,0.0,0.0,0.0,0.0,0.0,0.0,0.0,0.0
151.0,0,2,0,0,night,pa_8_rev,-E7,25.0,5,0.0,0,0.0,0.0,0,0,5,3,0.0,0,0,0.0,52,0.0,0.0,0.0,0.0,0.0,0.0,0.0,0.0,0.0,0.0,0.0,0.0,0.0
152.0,0,2,0,0,night,pa_8_rev,-E7,25.0,5,0.0,0,0.0,0.0,0,0,5,3,0.0,0,0,0.0,52,0.0,0.0,0.0,0.0,0.0,0.0,0.0,0.0,0.0,0.0,0.0,0.0,0.0
153.0,0,2,0,0,night,pa_8_rev,-E7,25.0,5,0.0,0,0.0,0.0,0,0,5,3,0.0,0,0,0.0,52,0.0,0.0,0.0,0.0,0.0,0.0,0.0,0.0,0.0,0.0,0.0,0.0,0.0
154.0,0,2,0,0,night,pa_8_rev,-E7,25.0,5,0.0,0,0.0,0.0,0,0,5,3,0.0,0,0,0.0,52,0.0,0.0,0.0,0.0,0.0,0.0,0.0,0.0,0.0,0.0,0.0,0.0,0.0
155.0,0,2,0,0,night,pa_8_rev,-E7,25.0,5,0.0,0,0.0,0.0,0,0,5,3,0.0,0,0,0.0,54,0.0,0.0,0.0,0.0,0.0,0.0,0.0,0.0,0.0,0.0,0.0,0.0,0.0
156.0,0,2,0,0,night,pa_8_rev,-E7,25.0,5,0.0,0,0.0,0.0,0,0,5,3,0.0,0,0,0.0,54,0.0,0.0,0.0,0.0,0.0,0.0,0.0,0.0,0.0,0.0,0.0,0.0,0.0
157.0,0,2,0,0,night,pa_8_rev,-E7,25.0,5,0.0,0,0.0,0.0,0,0,5,3,0.0,0,0,0.0,54,0.0,0.0,0.0,0.0,0.0,0.0,0.0,0.0,0.0,0.0,0.0,0.0,0.0
158.0,0,2,0,0,night,pa_8_rev,-E7,25.0,5,0.0,0,0.0,0.0,0,0,5,3,0.0,0,0,0.0,54,0.0,0.0,0.0,0.0,0.0,0.0,0.0,0.0,0.0,0.0,0.0,0.0,0.0
159.0,0,2,0,0,night,pa_8_rev,-E7,25.0,5,0.0,0,0.0,0.0,0,0,5,3,0.0,0,0,0.0,54,0.0,0.0,0.0,0.0,0.0,0.0,0.0,0.0,0.0,0.0,0.0,0.0,0.0
160.0,0,2,0,0,night,pa_8_rev,-E7,25.0,5,0.0,0,0.0,0.0,0,0,5,3,0.0,0,0,0.0,54,0.0,0.0,0.0,0.0,0.0,0.0,0.0,0.0,0.0,0.0,0.0,0.0,0.0
161.0,0,2,0,0,night,pa_8_rev,-E7,25.0,5,0.0,0,0.0,0.0,0,0,5,3,0.0,0,0,0.0,56,0.0,0.0,0.0,0.0,0.0,0.0,0.0,0.0,0.0,0.0,0.0,0.0,0.0
162.0,0,2,0,0,night,pa_8_rev,-E7,25.0,5,0.0,0,0.0,0.0,0,0,5,3,0.0,0,0,0.0,56,0.0,0.0,0.0,0.0,0.0,0.0,0.0,0.0,0.0,0.0,0.0,0.0,0.0
163.0,0,2,0,0,night,pa_8_rev,-E7,25.0,5,0.0,0,0.0,0.0,0,0,5,3,0.0,0,0,0.0,56,0.0,0.0,0.0,0.0,0.0,0.0,0.0,0.0,0.0,0.0,0.0,0.0,0.0
164.0,0,2,0,0,night,pa_8_rev,-E7,25.0,5,0.0,0,0.0,0.0,0,0,5,3,0.0,0,0,0.0,56,0.0,0.0,0.0,0.0,0.0,0.0,0.0,0.0,0.0,0.0,0.0,0.0,0.0
165.0,0,2,0,0,night,pa_8_rev,-E7,25.0,5,0.0,0,0.0,0.0,0,0,5,3,0.0,0,0,0.0,56,0.0,0.0,0.0,0.0,0.0,0.0,0.0,0.0,0.0,0.0,0.0,0.0,0.0
166.0,0,2,0,0,night,pa_8_rev,-E7,25.0,5,0.0,0,0.0,0.0,0,0,5,3,0.0,0,0,0.0,56,0.0,0.0,0.0,0.0,0.0,0.0,0.0,0.0,0.0,0.0,0.0,0.0,0.0
167.0,0,2,0,0,night,pa_8_rev,-E7,25.0,5,0.0,0,0.0,0.0,0,0,5,3,0.0,0,0,0.0,56,0.0,0.0,0.0,0.0,0.0,0.0,0.0,0.0,0.0,0.0,0.0,0.0,0.0
168.0,0,2,0,0,night,pa_8_rev,-E7,25.0,5,0.0,0,0.0,0.0,0,0,5,3,0.0,0,0,0.0,56,0.0,0.0,0.0,0.0,0.0,0.0,0.0,0.0,0.0,0.0,0.0,0.0,0.0
169.0,0,2,0,0,night,pa_8_rev,-E7,25.0,5,0.0,0,0.0,0.0,0,0,5,3,0.0,0,0,0.0,56,0.0,0.0,0.0,0.0,0.0,0.0,0.0,0.0,0.0,0.0,0.0,0.0,0.0
170.0,0,2,0,0,night,pa_8_rev,-E7,25.0,5,0.0,0,0.0,0.0,0,0,5,3,0.0,0,0,0.0,56,0.0,0.0,0.0,0.0,0.0,0.0,0.0,0.0,0.0,0.0,0.0,0.0,0.0
171.0,0,2,0,0,night,pa_8_rev,-E7,25.0,5,0.0,0,0.0,0.0,0,0,5,3,0.0,0,0,0.0,56,0.0,0.0,0.0,0.0,0.0,0.0,0.0,0.0,0.0,0.0,0.0,0.0,0.0
172.0,0,2,0,0,night,pa_8_rev,-E7,25.0,5,0.0,0,0.0,0.0,0,0,5,3,0.0,0,0,0.0,56,0.0,0.0,0.0,0.0,0.0,0.0,0.0,0.0,0.0,0.0,0.0,0.0,0.0
173.0,0,2,0,0,night,pa_8_rev,-E7,25.0,5,0.0,0,0.0,0.0,0,0,5,3,0.0,0,0,0.0,56,0.0,0.0,0.0,0.0,0.0,0.0,0.0,0.0,0.0,0.0,0.0,0.0,0.0
174.0,0,2,0,0,night,pa_8_rev,-E7,25.0,5,0.0,0,0.0,0.0,0,0,5,3,0.0,0,0,0.0,56,0.0,0.0,0.0,0.0,0.0,0.0,0.0,0.0,0.0,0.0,0.0,0.0,0.0
175.0,0,2,0,0,night,pa_8_rev,-E7,25.0,5,0.0,0,0.0,0.0,0,0,5,3,0.0,0,0,0.0,56,0.0,0.0,0.0,0.0,0.0,0.0,0.0,0.0,0.0,0.0,0.0,0.0,0.0
176.0,0,2,0,0,night,pa_8_rev,-E7,25.0,5,0.0,0,0.0,0.0,0,0,5,3,0.0,0,0,0.0,56,0.0,0.0,0.0,0.0,0.0,0.0,0.0,0.0,0.0,0.0,0.0,0.0,0.0
177.0,0,2,0,0,night,pa_8_rev,-E7,25.0,5,0.0,0,0.0,0.0,0,0,5,3,0.0,0,0,0.0,56,0.0,0.0,0.0,0.0,0.0,0.0,0.0,0.0,0.0,0.0,0.0,0.0,0.0
178.0,0,2,0,0,night,pa_8_rev,-E7,25.0,5,0.0,0,0.0,0.0,0,0,5,3,0.0,0,0,0.0,56,0.0,0.0,0.0,0.0,0.0,0.0,0.0,0.0,0.0,0.0,0.0,0.0,0.0
179.0,0,2,0,0,night,pa_8_rev,-E7,25.0,5,0.0,0,0.0,0.0,0,0,5,3,0.0,0,0,0.0,56,0.0,0.0,0.0,0.0,0.0,0.0,0.0,0.0,0.0,0.0,0.0,0.0,0.0
180.0,0,3,0,0,night,pa_8_rev,-E7,25.0,5,0.0,0,0.0,0.0,0,0,5,3,0.0,0,0,0.0,56,0.0,0.0,0.0,0.0,0.0,0.0,0.0,0.0,0.0,0.0,0.0,0.0,0.0
181.0,0,3,0,0,night,pa_8_rev,-E7,25.0,5,0.0,0,0.0,0.0,0,0,5,3,20.0,1,0,2.27,59,0.0,0.0,0.0,0.0,0.0,0.0,0.0,0.0,0.0,0.0,0.0,0.0,0.0
182.0,0,3,0,0,night,pa_8_rev,-E7,25.0,5,0.0,0,0.0,0.0,0,0,5,3,40.0,2,0,4.55,59,0.0,0.0,0.0,0.0,0.0,0.0,0.0,20.0,0.0,0.0,0.0,0.0,0.0
183.0,0,3,0,0,night,pa_8_rev,-E7,25.0,5,0.0,0,0.0,0.0,0,0,5,3,60.0,3,0,6.82,61,0.0,0.0,0.0,0.0,0.0,0.0,0.0,40.0,0.0,0.0,0.0,0.0,0.0
184.0,0,3,0,0,night,pa_8_rev,-E7,25.0,5,0.0,0,0.0,0.0,0,0,5,3,60.0,3,0,6.82,61,0.0,0.0,0.0,0.0,0.0,0.0,0.0,60.0,0.0,0.0,0.0,0.0,0.0
185.0,0,3,0,0,night,pa_8_rev,-E7,25.0,5,0.0,0,0.0,0.0,0,0,5,3,60.0,3,0,6.82,61,0.0,0.0,0.0,0.0,0.0,0.0,0.0,60.0,0.0,0.0,0.0,0.0,0.0
186.0,0,3,0,0,night,pa_8_rev,-E7,25.0,5,0.0,0,0.0,0.0,0,0,5,3,60.0,3,0,6.82,62,0.0,0.0,0.0,0.0,0.0,0.0,0.0,60.0,20.0,0.0,0.0,0.0,0.0
187.0,0,3,0,0,night,pa_8_rev,-E7,25.0,5,0.0,0,0.0,0.0,0,0,5,3,60.0,3,0,6.82,62,0.0,0.0,0.0,0.0,0.0,0.0,0.0,60.0,40.0,0.0,0.0,0.0,0.0
188.0,0,3,0,0,night,pa_8_rev,-E7,25.0,5,0.0,0,0.0,0.0,0,0,5,3,105.0,5,0,11.36,63,0.0,0.0,0.0,0.0,0.0,0.0,0.0,60.0,60.0,0.0,0.0,0.0,0.0
189.0,0,3,0,0,night,pa_8_rev,-E7,25.0,5,0.0,0,0.0,0.0,0,0,5,3,150.0,7,0,15.91,63,0.0,0.0,0.0,0.0,0.0,0.0,0.0,105.0,60.0,0.0,0.0,0.0,0.0
190.0,0,3,0,0,night,pa_8_rev,-E7,25.0,5,0.0,0,0.0,0.0,0,0,5,3,150.0,7,0,15.91,63,0.0,0.0,0.0,0.0,0.0,0.0,0.0,150.0,60.0,0.0,0.0,0.0,0.0
191.0,0,3,0,0,night,pa_8_rev,-E7,25.0,5,0.0,0,0.0,0.0,0,0,5,3,170.0,8,0,18.18,63,0.0,0.0,0.0,0.0,0.0,0.0,0.0,150.0,60.0,0.0,0.0,0.0,0.0
192.0,0,3,0,0,night,pa_8_rev,-E7,25.0,5,0.0,0,0.0,0.0,0,0,5,3,170.0,8,0,18.18,63,0.0,0.0,0.0,0.0,0.0,0.0,0.0,170.0,60.0,0.0,0.0,0.0,0.0
193.0,0,3,0,0,night,pa_8_rev,-E7,25.0,5,0.0,0,0.0,0.0,0,0,5,3,170.0,8,0,18.18,63,0.0,0.0,0.0,0.0,0.0,0.0,0.0,170.0,105.0,0.0,0.0,0.0,0.0
194.0,0,3,0,0,night,pa_8_rev,-E7,25.0,5,0.0,0,0.0,0.0,0,0,5,3,170.0,8,0,18.18,63,0.0,0.0,0.0,0.0,0.0,0.0,0.0,170.0,150.0,0.0,0.0,0.0,0.0
195.0,0,3,0,0,night,pa_8_rev,-E7,25.0,5,0.0,0,0.0,0.0,0,0,5,3,170.0,8,0,18.18,63,0.0,0.0,0.0,0.0,0.0,0.0,0.0,170.0,150.0,0.0,0.0,0.0,0.0
196.0,0,3,0,0,night,pa_8_rev,-E7,25.0,5,0.0,0,0.0,0.0,0,0,5,3,170.0,8,0,18.18,63,0.0,0.0,0.0,0.0,0.0,0.0,0.0,170.0,170.0,0.0,0.0,0.0,0.0
197.0,0,3,0,0,night,pa_8_rev,-E7,25.0,5,0.0,0,0.0,0.0,0,0,5,3,170.0,8,0,18.18,63,0.0,0.0,0.0,0.0,0.0,0.0,0.0,170.0,170.0,0.0,0.0,0.0,0.0
198.0,0,3,0,0,night,pa_8_rev,-E7,25.0,5,0.0,0,0.0,0.0,0,0,5,3,170.0,8,0,18.18,63,0.0,0.0,0.0,0.0,0.0,0.0,0.0,170.0,170.0,0.0,0.0,0.0,0.0
199.0,0,3,0,0,night,pa_8_rev,-E7,25.0,5,0.0,0,0.0,0.0,0,0,5,3,170.0,8,0,18.18,63,0.0,0.0,0.0,0.0,0.0,0.0,0.0,170.0,170.0,0.0,0.0,0.0,0.0
200.0,0,3,0,0,night,pa_8_rev,-E7,25.0,5,0.0,0,0.0,0.0,0,0,5,3,170.0,8,0,18.18,63,0.0,0.0,0.0,0.0,0.0,0.0,0.0,170.0,170.0,0.0,0.0,0.0,0.0
201.0,0,3,0,0,night,pa_8_rev,-E7,25.0,5,0.0,0,0.0,0.0,0,0,5,3,170.0,8,0,18.18,64,0.0,0.0,0.0,0.0,0.0,0.0,0.0,170.0,170.0,0.0,0.0,0.0,0.0
202.0,0,3,0,0,night,pa_8_rev,-E7,25.0,5,0.0,0,0.0,0.0,0,0,5,3,170.0,8,0,18.18,64,0.0,0.0,0.0,0.0,0.0,0.0,0.0,170.0,170.0,0.0,0.0,0.0,0.0
203.0,0,3,0,0,night,pa_8_rev,-E7,25.0,5,0.0,0,0.0,0.0,0,0,5,3,170.0,8,0,18.18,64,0.0,0.0,0.0,0.0,0.0,0.0,0.0,170.0,170.0,0.0,0.0,0.0,0.0
204.0,0,3,0,0,night,pa_8_rev,-E7,25.0,5,0.0,0,0.0,0.0,0,0,5,3,170.0,8,0,18.18,64,0.0,0.0,0.0,0.0,0.0,0.0,0.0,170.0,170.0,0.0,0.0,0.0,0.0
205.0,0,3,0,0,night,pa_8_rev,-E7,25.0,5,0.0,0,0.0,0.0,0,0,5,3,170.0,8,0,18.18,64,0.0,0.0,0.0,0.0,0.0,0.0,0.0,170.0,170.0,0.0,0.0,0.0,0.0
206.0,0,3,0,0,night,pa_8_rev,-E7,25.0,5,0.0,0,0.0,0.0,0,0,5,3,170.0,8,0,18.18,69,0.0,0.0,0.0,0.0,0.0,0.0,0.0,170.0,170.0,0.0,0.0,0.0,0.0
207.0,0,3,0,0,night,pa_8_rev,-E7,25.0,5,0.0,0,0.0,0.0,0,0,5,3,170.0,8,0,18.18,69,0.0,0.0,0.0,0.0,0.0,0.0,0.0,170.0,170.0,0.0,0.0,0.0,0.0
208.0,0,3,0,0,night,pa_8_rev,-E7,25.0,5,0.0,0,0.0,0.0,0,0,5,3,170.0,8,0,18.18,69,0.0,0.0,0.0,0.0,0.0,0.0,0.0,170.0,170.0,0.0,0.0,0.0,0.0
209.0,0,3,0,0,night,pa_8_rev,-E7,25.0,5,0.0,0,0.0,0.0,0,0,5,3,170.0,8,0,18.18,69,0.0,0.0,0.0,0.0,0.0,0.0,0.0,170.0,170.0,0.0,0.0,0.0,0.0
210.0,0,3,0,0,night,pa_8_rev,-E7,25.0,5,0.0,0,0.0,0.0,0,0,5,3,170.0,8,0,18.18,69,0.0,0.0,0.0,0.0,0.0,0.0,0.0,170.0,170.0,0.0,0.0,0.0,0.0
211.0,0,3,0,0,night,pa_8_rev,-E7,25.0,5,0.0,0,0.0,0.0,0,0,5,3,170.0,8,0,18.18,69,0.0,0.0,0.0,0.0,0.0,0.0,0.0,170.0,170.0,0.0,0.0,0.0,0.0
212.0,0,3,0,0,night,pa_8_rev,-E7,25.0,5,0.0,0,0.0,0.0,0,0,5,3,170.0,8,0,18.18,69,0.0,0.0,0.0,0.0,0.0,0.0,0.0,170.0,170.0,0.0,0.0,0.0,0.0
213.0,0,3,0,0,night,pa_8_rev,-E7,25.0,5,0.0,0,0.0,0.0,0,0,5,3,170.0,8,0,18.18,69,0.0,0.0,0.0,0.0,0.0,0.0,0.0,170.0,170.0,0.0,0.0,0.0,0.0
214.0,0,3,0,0,night,pa_8_rev,-E7,25.0,5,0.0,0,0.0,0.0,0,0,5,3,170.0,8,0,18.18,69,0.0,0.0,0.0,0.0,0.0,0.0,0.0,170.0,170.0,0.0,0.0,0.0,0.0
215.0,0,3,0,0,night,pa_8_rev,-E7,25.0,5,0.0,0,0.0,0.0,0,0,5,3,170.0,8,0,18.18,69,0.0,0.0,0.0,0.0,0.0,0.0,0.0,170.0,170.0,0.0,0.0,0.0,0.0
216.0,0,3,0,0,night,pa_8_rev,-E7,25.0,5,0.0,0,0.0,0.0,0,0,5,3,170.0,8,0,18.18,69,0.0,0.0,0.0,0.0,0.0,0.0,0.0,170.0,170.0,0.0,0.0,0.0,0.0
217.0,0,3,0,0,night,pa_8_rev,-E7,25.0,5,0.0,0,0.0,0.0,0,0,5,3,170.0,8,0,18.18,71,0.0,0.0,0.0,0.0,0.0,0.0,0.0,170.0,170.0,0.0,0.0,0.0,0.0
218.0,0,3,0,0,night,pa_8_rev,-E7,25.0,5,0.0,0,0.0,0.0,0,0,5,3,170.0,8,0,18.18,71,0.0,0.0,0.0,0.0,0.0,0.0,0.0,170.0,170.0,0.0,0.0,0.0,0.0
219.0,0,3,0,0,night,pa_8_rev,-E7,25.0,5,0.0,0,0.0,0.0,0,0,5,3,170.0,8,0,18.18,71,0.0,0.0,0.0,0.0,0.0,0.0,0.0,170.0,170.0,0.0,0.0,0.0,0.0
220.0,0,3,0,0,night,pa_8_rev,-E7,25.0,5,0.0,0,0.0,0.0,0,0,5,3,170.0,8,0,18.18,71,0.0,0.0,0.0,0.0,0.0,0.0,0.0,170.0,170.0,0.0,0.0,0.0,0.0
221.0,0,3,0,0,night,pa_8_rev,-E7,25.0,5,0.0,0,0.0,0.0,0,0,5,3,170.0,8,0,18.18,71,0.0,0.0,0.0,0.0,0.0,0.0,0.0,170.0,170.0,0.0,0.0,0.0,0.0
222.0,0,3,0,0,night,pa_8_rev,-E7,25.0,5,0.0,0,0.0,0.0,0,0,5,3,195.0,9,0,20.45,71,0.0,0.0,0.0,0.0,0.0,0.0,0.0,170.0,170.0,0.0,0.0,0.0,0.0
223.0,0,3,0,0,night,pa_8_rev,-E7,25.0,5,0.0,0,0.0,0.0,0,0,5,3,195.0,9,0,20.45,71,0.0,0.0,0.0,0.0,0.0,0.0,0.0,195.0,170.0,0.0,0.0,0.0,0.0
224.0,0,3,0,0,night,pa_8_rev,-E7,25.0,5,0.0,0,0.0,0.0,0,0,5,3,195.0,9,0,20.45,71,0.0,0.0,0.0,0.0,0.0,0.0,0.0,195.0,170.0,0.0,0.0,0.0,0.0
225.0,0,3,0,0,night,pa_8_rev,-E7,25.0,5,0.0,0,0.0,0.0,0,0,5,3,195.0,9,0,20.45,71,0.0,0.0,0.0,0.0,0.0,0.0,0.0,195.0,170.0,0.0,0.0,0.0,0.0
226.0,0,3,0,0,night,pa_8_rev,-E7,25.0,5,0.0,0,0.0,0.0,0,0,5,3,195.0,9,0,20.45,72,0.0,0.0,0.0,0.0,0.0,0.0,0.0,195.0,170.0,0.0,0.0,0.0,0.0
227.0,0,3,0,0,night,pa_8_rev,-E7,25.0,5,0.0,0,0.0,0.0,0,0,5,3,195.0,9,0,20.45,72,0.0,0.0,0.0,0.0,0.0,0.0,0.0,195.0,195.0,0.0,0.0,0.0,0.0
228.0,0,3,0,0,night,pa_8_rev,-E7,25.0,5,0.0,0,0.0,0.0,0,0,5,3,195.0,9,0,20.45,72,0.0,0.0,0.0,0.0,0.0,0.0,0.0,195.0,195.0,0.0,0.0,0.0,0.0
229.0,0,3,0,0,night,pa_8_rev,-E7,25.0,5,0.0,0,0.0,0.0,0,0,5,3,195.0,9,0,20.45,72,0.0,0.0,0.0,0.0,0.0,0.0,0.0,195.0,195.0,0.0,0.0,0.0,0.0
230.0,0,3,0,0,night,pa_8_rev,-E7,25.0,5,0.0,0,0.0,0.0,0,0,5,3,195.0,9,0,20.45,72,0.0,0.0,0.0,0.0,0.0,0.0,0.0,195.0,195.0,0.0,0.0,0.0,0.0
231.0,0,3,0,0,night,pa_8_rev,-E7,25.0,5,0.0,0,0.0,0.0,0,0,5,3,195.0,9,0,20.45,72,0.0,0.0,0.0,0.0,0.0,0.0,0.0,195.0,195.0,0.0,0.0,0.0,0.0
232.0,0,3,0,0,night,pa_8_rev,-E7,25.0,5,0.0,0,0.0,0.0,0,0,5,3,195.0,9,0,20.45,72,0.0,0.0,0.0,0.0,0.0,0.0,0.0,195.0,195.0,0.0,0.0,0.0,0.0
233.0,0,3,0,0,night,pa_8_rev,-E7,25.0,5,0.0,0,0.0,0.0,0,0,5,3,195.0,9,0,20.45,72,0.0,0.0,0.0,0.0,0.0,0.0,0.0,195.0,195.0,0.0,0.0,0.0,0.0
234.0,0,3,0,0,night,pa_8_rev,-E7,25.0,5,0.0,0,0.0,0.0,0,0,5,3,195.0,9,0,20.45,72,0.0,0.0,0.0,0.0,0.0,0.0,0.0,195.0,195.0,0.0,0.0,0.0,0.0
235.0,0,3,0,0,night,pa_8_rev,-E7,25.0,5,0.0,0,0.0,0.0,0,0,5,3,195.0,9,0,20.45,72,0.0,0.0,0.0,0.0,0.0,0.0,0.0,195.0,195.0,0.0,0.0,0.0,0.0
236.0,0,3,0,0,night,pa_8_rev,-E7,25.0,5,0.0,0,0.0,0.0,0,0,5,3,195.0,9,0,20.45,72,0.0,0.0,0.0,0.0,0.0,0.0,0.0,195.0,195.0,0.0,0.0,0.0,0.0
237.0,0,3,0,0,night,pa_8_rev,-E7,25.0,5,0.0,0,0.0,0.0,0,0,5,3,195.0,9,0,20.45,72,0.0,0.0,0.0,0.0,0.0,0.0,0.0,195.0,195.0,0.0,0.0,0.0,0.0
238.0,0,3,0,0,night,pa_8_rev,-E7,25.0,5,25.0,1,20.0,0.0,0,0,4,3,220.0,10,0,22.73,72,25.0,0.12,0.2,0.0,0.0,0.0,0.0,195.0,195.0,5.0,2.5,0.2,0.1
239.0,0,3,0,0,night,pa_8_rev,-E7,25.0,5,25.0,1,20.0,0.0,0,0,4,3,220.0,10,0,22.73,72,25.0,0.12,0.2,25.0,0.0,1.0,0.0,220.0,195.0,10.0,5.0,0.4,0.2
240.0,0,4,0,0,night,pa_8_rev,-E7,25.0,5,25.0,1,20.0,0.0,0,0,4,3,220.0,10,0,22.73,72,25.0,0.12,0.2,25.0,0.0,1.0,0.0,220.0,195.0,15.0,7.5,0.6,0.3
241.0,0,4,0,0,night,pa_8_rev,-E7,25.0,5,25.0,1,20.0,0.0,0,0,4,3,220.0,10,0,22.73,76,25.0,0.12,0.2,25.0,0.0,1.0,0.0,220.0,195.0,20.0,10.0,0.8,0.4
242.0,0,4,0,0,night,pa_8_rev,-E7,25.0,5,25.0,1,20.0,0.0,0,0,4,3,220.0,10,0,22.73,76,25.0,0.12,0.2,25.0,0.0,1.0,0.0,220.0,195.0,25.0,12.5,1.0,0.5
243.0,0,4,0,0,night,pa_8_rev,-E7,25.0,5,25.0,1,20.0,0.0,0,0,4,3,220.0,10,0,22.73,78,25.0,0.12,0.2,25.0,25.0,1.0,1.0,220.0,220.0,25.0,15.0,1.0,0.6
244.0,0,4,0,0,night,pa_8_rev,-E7,25.0,5,25.0,1,20.0,0.0,0,0,4,3,220.0,10,0,22.73,78,25.0,0.12,0.2,25.0,25.0,1.0,1.0,220.0,220.0,25.0,17.5,1.0,0.7
245.0,0,4,0,0,night,pa_8_rev,-E7,25.0,5,25.0,1,20.0,0.0,0,0,4,3,220.0,10,0,22.73,78,25.0,0.12,0.2,25.0,25.0,1.0,1.0,220.0,220.0,25.0,20.0,1.0,0.8
246.0,0,4,0,0,night,pa_8_rev,-E7,25.0,5,25.0,1,20.0,0.0,0,0,4,3,220.0,10,0,22.73,79,25.0,0.12,0.2,25.0,25.0,1.0,1.0,220.0,220.0,25.0,22.5,1.0,0.9
247.0,0,4,0,0,night,pa_8_rev,-E7,25.0,5,25.0,1,20.0,0.0,0,0,4,3,240.0,11,0,25.0,79,25.0,0.12,0.2,25.0,25.0,1.0,1.0,220.0,220.0,25.0,25.0,1.0,1.0
248.0,0,4,0,0,night,pa_8_rev,-E7,25.0,5,25.0,1,20.0,0.0,0,0,4,3,240.0,11,0,25.0,80,25.0,0.12,0.2,25.0,25.0,1.0,1.0,240.0,220.0,25.0,25.0,1.0,1.0
249.0,0,4,0,0,night,pa_8_rev,-E7,25.0,5,25.0,1,20.0,0.0,0,0,4,3,240.0,11,0,25.0,80,25.0,0.12,0.2,25.0,25.0,1.0,1.0,240.0,220.0,25.0,25.0,1.0,1.0
250.0,0,4,0,0,night,pa_8_rev,-E7,25.0,5,25.0,1,20.0,0.0,0,0,4,3,240.0,11,0,25.0,80,25.0,0.12,0.2,25.0,25.0,1.0,1.0,240.0,220.0,25.0,25.0,1.0,1.0
251.0,0,4,0,0,night,pa_8_rev,-E7,25.0,5,25.0,1,20.0,0.0,0,0,4,3,240.0,11,0,25.0,80,25.0,0.12,0.2,25.0,25.0,1.0,1.0,240.0,220.0,25.0,25.0,1.0,1.0
252.0,0,4,0,0,night,pa_8_rev,-E7,25.0,5,25.0,1,20.0,0.0,0,0,4,3,260.0,12,0,27.27,80,25.0,0.12,0.2,25.0,25.0,1.0,1.0,240.0,240.0,25.0,25.0,1.0,1.0
253.0,0,4,0,0,night,pa_8_rev,-E7,25.0,5,25.0,1,20.0,0.0,0,0,4,3,260.0,12,0,27.27,80,25.0,0.12,0.2,25.0,25.0,1.0,1.0,260.0,240.0,25.0,25.0,1.0,1.0
254.0,0,4,0,0,night,pa_8_rev,-E7,25.0,5,25.0,1,20.0,0.0,0,0,4,3,260.0,12,0,27.27,80,25.0,0.12,0.2,25.0,25.0,1.0,1.0,260.0,240.0,25.0,25.0,1.0,1.0
255.0,0,4,0,0,night,pa_8_rev,-E7,25.0,5,25.0,1,20.0,0.0,0,0,4,3,260.0,12,0,27.27,80,25.0,0.12,0.2,25.0,25.0,1.0,1.0,260.0,240.0,25.0,25.0,1.0,1.0
256.0,0,4,0,0,night,pa_8_rev,-E7,25.0,5,25.0,1,20.0,0.0,0,0,4,3,260.0,12,0,27.27,80,25.0,0.12,0.2,25.0,25.0,1.0,1.0,260.0,240.0,25.0,25.0,1.0,1.0
257.0,0,4,0,0,night,pa_8_rev,-E7,25.0,5,25.0,1,20.0,0.0,0,0,4,3,280.0,13,0,29.55,80,25.0,0.12,0.2,25.0,25.0,1.0,1.0,260.0,260.0,25.0,25.0,1.0,1.0
258.0,0,4,0,0,night,pa_8_rev,-E7,25.0,5,25.0,1,20.0,0.0,0,0,4,3,280.0,13,0,29.55,82,25.0,0.12,0.2,25.0,25.0,1.0,1.0,280.0,260.0,25.0,25.0,1.0,1.0
259.0,0,4,0,0,night,pa_8_rev,-E7,25.0,5,25.0,1,20.0,0.0,0,0,4,3,280.0,13,0,29.55,82,25.0,0.12,0.2,25.0,25.0,1.0,1.0,280.0,260.0,25.0,25.0,1.0,1.0
260.0,0,4,0,0,night,pa_8_rev,-E7,25.0,5,25.0,1,20.0,0.0,0,0,4,3,280.0,13,0,29.55,82,25.0,0.12,0.2,25.0,25.0,1.0,1.0,280.0,260.0,25.0,25.0,1.0,1.0
261.0,0,4,0,0,night,pa_8_rev,-E7,25.0,5,25.0,1,20.0,0.0,0,0,4,3,280.0,13,0,29.55,82,25.0,0.12,0.2,25.0,25.0,1.0,1.0,280.0,260.0,25.0,25.0,1.0,1.0
262.0,0,4,0,0,night,pa_8_rev,-E7,25.0,5,25.0,1,20.0,0.0,0,0,4,3,280.0,13,0,29.55,82,25.0,0.12,0.2,25.0,25.0,1.0,1.0,280.0,280.0,25.0,25.0,1.0,1.0
263.0,0,4,0,0,night,pa_8_rev,-E7,25.0,5,25.0,1,20.0,0.0,0,0,4,3,280.0,13,0,29.55,82,25.0,0.12,0.2,25.0,25.0,1.0,1.0,280.0,280.0,25.0,25.0,1.0,1.0
264.0,0,4,0,0,night,pa_8_rev,-E7,25.0,5,25.0,1,20.0,0.0,0,0,4,3,280.0,13,0,29.55,82,25.0,0.12,0.2,25.0,25.0,1.0,1.0,280.0,280.0,25.0,25.0,1.0,1.0
265.0,0,4,0,0,night,pa_8_rev,-E7,25.0,5,25.0,1,20.0,0.0,0,0,4,3,280.0,13,0,29.55,82,25.0,0.12,0.2,25.0,25.0,1.0,1.0,280.0,280.0,25.0,25.0,1.0,1.0
266.0,0,4,0,0,night,pa_8_rev,-E7,25.0,5,25.0,1,20.0,0.0,0,0,4,3,300.0,14,0,31.82,82,25.0,0.12,0.2,25.0,25.0,1.0,1.0,280.0,280.0,25.0,25.0,1.0,1.0
267.0,0,4,0,0,night,pa_8_rev,-E7,25.0,5,25.0,1,20.0,0.0,0,0,4,3,300.0,14,0,31.82,82,25.0,0.12,0.2,25.0,25.0,1.0,1.0,300.0,280.0,25.0,25.0,1.0,1.0
268.0,0,4,0,0,night,pa_8_rev,-E7,25.0,5,25.0,1,20.0,0.0,0,0,4,3,325.0,15,0,34.09,82,25.0,0.12,0.2,25.0,25.0,1.0,1.0,300.0,280.0,25.0,25.0,1.0,1.0
269.0,0,4,0,0,night,pa_8_rev,-E7,25.0,5,25.0,1,20.0,0.0,0,0,4,3,350.0,16,0,36.36,82,25.0,0.12,0.2,25.0,25.0,1.0,1.0,325.0,280.0,25.0,25.0,1.0,1.0
270.0,0,4,0,0,night,pa_8_rev,-E7,25.0,5,25.0,1,20.0,0.0,0,0,4,3,370.0,17,0,38.64,82,25.0,0.12,0.2,25.0,25.0,1.0,1.0,350.0,280.0,25.0,25.0,1.0,1.0
271.0,0,4,0,0,night,pa_8_rev,-E7,25.0,5,25.0,1,20.0,0.0,0,0,4,3,370.0,17,0,38.64,83,25.0,0.12,0.2,25.0,25.0,1.0,1.0,370.0,300.0,25.0,25.0,1.0,1.0
272.0,0,4,0,0,night,pa_8_rev,-E7,25.0,5,25.0,1,20.0,0.0,0,0,4,3,390.0,18,0,40.91,83,25.0,0.12,0.2,25.0,25.0,1.0,1.0,370.0,300.0,25.0,25.0,1.0,1.0
273.0,0,4,0,0,night,pa_8_rev,-E7,25.0,5,25.0,1,20.0,0.0,0,0,4,3,415.0,19,0,43.18,84,25.0,0.12,0.2,25.0,25.0,1.0,1.0,390.0,325.0,25.0,25.0,1.0,1.0
274.0,0,4,0,0,night,pa_8_rev,-E7,25.0,5,50.0,2,40.0,0.0,0,0,3,3,440.0,20,0,45.45,84,25.0,0.25,0.4,25.0,25.0,1.0,1.0,415.0,350.0,30.0,27.5,1.2,1.1
275.0,0,4,0,0,night,pa_8_rev,-E7,25.0,5,50.0,2,40.0,0.0,0,0,3,3,480.0,22,0,50.0,84,25.0,0.25,0.4,50.0,25.0,2.0,1.0,440.0,370.0,35.0,30.0,1.4,1.2
276.0,0,4,0,0,night,pa_8_rev,-E7,25.0,5,50.0,2,40.0,0.0,0,0,3,3,500.0,23,0,52.27,84,25.0,0.25,0.4,50.0,25.0,2.0,1.0,480.0,370.0,40.0,32.5,1.6,1.3
277.0,0,4,0,0,night,pa_8_rev,-E7,25.0,5,50.0,2,40.0,0.0,0,0,3,3,500.0,23,0,52.27,84,25.0,0.25,0.4,50.0,25.0,2.0,1.0,500.0,390.0,45.0,35.0,1.8,1.4
278.0,0,4,0,0,night,pa_8_rev,-E7,25.0,5,50.0,2,40.0,0.0,0,0,3,3,500.0,23,0,52.27,84,25.0,0.25,0.4,50.0,25.0,2.0,1.0,500.0,415.0,50.0,37.5,2.0,1.5
279.0,0,4,0,0,night,pa_8_rev,-E7,25.0,5,50.0,2,40.0,0.0,0,0,3,3,500.0,23,0,52.27,84,25.0,0.25,0.4,50.0,50.0,2.0,2.0,500.0,440.0,50.0,40.0,2.0,1.6
280.0,0,4,0,0,night,pa_8_rev,-E7,25.0,5,50.0,2,40.0,0.0,0,0,3,3,520.0,24,0,54.55,84,25.0,0.25,0.4,50.0,50.0,2.0,2.0,500.0,480.0,50.0,42.5,2.0,1.7
281.0,0,4,0,0,night,pa_8_rev,-E7,25.0,5,50.0,2,40.0,0.0,0,0,3,3,545.0,25,0,56.82,85,25.0,0.25,0.4,50.0,50.0,2.0,2.0,520.0,500.0,50.0,45.0,2.0,1.8
282.0,0,4,0,0,night,pa_8_rev,-E7,25.0,5,50.0,2,40.0,0.0,0,0,3,3,545.0,25,0,56.82,85,25.0,0.25,0.4,50.0,50.0,2.0,2.0,545.0,500.0,50.0,47.5,2.0,1.9
283.0,0,4,0,0,night,pa_8_rev,-E7,25.0,5,50.0,2,40.0,0.0,0,0,3,3,545.0,25,0,56.82,85,25.0,0.25,0.4,50.0,50.0,2.0,2.0,545.0,500.0,50.0,50.0,2.0,2.0
284.0,0,4,0,0,night,pa_8_rev,-E7,25.0,5,50.0,2,40.0,0.0,0,0,3,3,545.0,25,0,56.82,85,25.0,0.25,0.4,50.0,50.0,2.0,2.0,545.0,500.0,50.0,50.0,2.0,2.0
285.0,0,4,0,0,night,pa_8_rev,-E7,25.0,5,50.0,2,40.0,0.0,0,0,3,3,545.0,25,0,56.82,85,25.0,0.25,0.4,50.0,50.0,2.0,2.0,545.0,520.0,50.0,50.0,2.0,2.0
286.0,0,4,0,0,night,pa_8_rev,-E7,25.0,5,50.0,2,40.0,0.0,0,0,3,3,545.0,25,0,56.82,85,25.0,0.25,0.4,50.0,50.0,2.0,2.0,545.0,545.0,50.0,50.0,2.0,2.0
287.0,0,4,0,0,night,pa_8_rev,-E7,25.0,5,50.0,2,40.0,0.0,0,0,3,3,545.0,25,0,56.82,85,25.0,0.25,0.4,50.0,50.0,2.0,2.0,545.0,545.0,50.0,50.0,2.0,2.0
288.0,0,4,0,0,night,pa_8_rev,-E7,25.0,5,50.0,2,40.0,0.0,0,0,3,3,545.0,25,0,56.82,85,25.0,0.25,0.4,50.0,50.0,2.0,2.0,545.0,545.0,50.0,50.0,2.0,2.0
289.0,0,4,0,0,night,pa_8_rev,-E7,25.0,5,50.0,2,40.0,0.0,0,0,3,3,545.0,25,0,56.82,90,25.0,0.25,0.4,50.0,50.0,2.0,2.0,545.0,545.0,50.0,50.0,2.0,2.0
290.0,0,4,0,0,night,pa_8_rev,-E7,25.0,5,50.0,2,40.0,0.0,0,0,3,3,545.0,25,0,56.82,90,25.0,0.25,0.4,50.0,50.0,2.0,2.0,545.0,545.0,50.0,50.0,2.0,2.0
291.0,0,4,0,0,night,pa_8_rev,-E7,25.0,5,50.0,2,40.0,0.0,0,0,3,3,545.0,25,0,56.82,90,25.0,0.25,0.4,50.0,50.0,2.0,2.0,545.0,545.0,50.0,50.0,2.0,2.0
292.0,0,4,0,0,night,pa_8_rev,-E7,25.0,5,50.0,2,40.0,0.0,0,0,3,3,610.0,28,0,63.64,90,25.0,0.25,0.4,50.0,50.0,2.0,2.0,545.0,545.0,50.0,50.0,2.0,2.0
293.0,0,4,0,0,night,pa_8_rev,-E7,25.0,5,50.0,2,40.0,0.0,0,0,3,3,610.0,28,0,63.64,90,25.0,0.25,0.4,50.0,50.0,2.0,2.0,610.0,545.0,50.0,50.0,2.0,2.0
294.0,0,4,0,0,night,pa_8_rev,-E7,25.0,5,50.0,2,40.0,0.0,0,0,3,3,610.0,28,0,63.64,90,25.0,0.25,0.4,50.0,50.0,2.0,2.0,610.0,545.0,50.0,50.0,2.0,2.0
295.0,0,4,0,0,night,pa_8_rev,-E7,25.0,5,50.0,2,40.0,0.0,0,0,3,3,610.0,28,0,63.64,90,25.0,0.25,0.4,50.0,50.0,2.0,2.0,610.0,545.0,50.0,50.0,2.0,2.0
296.0,0,4,0,0,night,pa_8_rev,-E7,25.0,5,50.0,2,40.0,0.0,0,0,3,3,610.0,28,0,63.64,90,25.0,0.25,0.4,50.0,50.0,2.0,2.0,610.0,545.0,50.0,50.0,2.0,2.0
297.0,0,4,0,0,night,pa_8_rev,-E7,25.0,5,50.0,2,40.0,0.0,0,0,3,3,610.0,28,0,63.64,90,25.0,0.25,0.4,50.0,50.0,2.0,2.0,610.0,610.0,50.0,50.0,2.0,2.0
298.0,0,4,0,0,night,pa_8_rev,-E7,25.0,5,50.0,2,40.0,0.0,0,0,3,3,610.0,28,0,63.64,90,25.0,0.25,0.4,50.0,50.0,2.0,2.0,610.0,610.0,50.0,50.0,2.0,2.0
299.0,0,4,0,0,night,pa_8_rev,-E7,25.0,5,50.0,2,40.0,0.0,0,0,3,3,610.0,28,0,63.64,90,25.0,0.25,0.4,50.0,50.0,2.0,2.0,610.0,610.0,50.0,50.0,2.0,2.0
300.0,0,5,0,0,night,pa_8_rev,-E7,25.0,5,50.0,2,40.0,0.0,0,0,3,3,610.0,28,0,63.64,90,25.0,0.25,0.4,50.0,50.0,2.0,2.0,610.0,610.0,50.0,50.0,2.0,2.0
301.0,0,5,0,0,night,pa_8_rev,-E7,25.0,5,50.0,2,40.0,0.0,0,0,3,3,635.0,29,0,65.91,92,25.0,0.25,0.4,50.0,50.0,2.0,2.0,610.0,610.0,50.0,50.0,2.0,2.0
302.0,0,5,0,0,night,pa_8_rev,-E7,25.0,5,50.0,2,40.0,0.0,0,0,3,3,635.0,29,0,65.91,92,25.0,0.25,0.4,50.0,50.0,2.0,2.0,635.0,610.0,50.0,50.0,2.0,2.0
303.0,0,5,0,0,night,pa_8_rev,-E7,25.0,5,50.0,2,40.0,0.0,0,0,3,3,635.0,29,0,65.91,92,25.0,0.25,0.4,50.0,50.0,2.0,2.0,635.0,610.0,50.0,50.0,2.0,2.0
304.0,0,5,0,0,night,pa_8_rev,-E7,25.0,5,50.0,2,40.0,0.0,0,0,3,3,635.0,29,0,65.91,92,25.0,0.25,0.4,50.0,50.0,2.0,2.0,635.0,610.0,50.0,50.0,2.0,2.0
305.0,0,5,0,0,night,pa_8_rev,-E7,25.0,5,50.0,2,40.0,0.0,0,0,3,3,635.0,29,0,65.91,92,25.0,0.25,0.4,50.0,50.0,2.0,2.0,635.0,610.0,50.0,50.0,2.0,2.0
306.0,0,5,0,0,night,pa_8_rev,-E7,25.0,5,50.0,2,40.0,0.0,0,0,3,3,635.0,29,0,65.91,92,25.0,0.25,0.4,50.0,50.0,2.0,2.0,635.0,635.0,50.0,50.0,2.0,2.0
307.0,0,5,0,0,night,pa_8_rev,-E7,25.0,5,75.0,3,60.0,0.0,0,0,2,3,680.0,31,0,70.45,92,25.0,0.38,0.6,50.0,50.0,2.0,2.0,635.0,635.0,55.0,52.5,2.2,2.1
308.0,0,5,0,0,night,pa_8_rev,-E7,25.0,5,75.0,3,60.0,0.0,0,0,2,3,680.0,31,0,70.45,92,25.0,0.38,0.6,75.0,50.0,3.0,2.0,680.0,635.0,60.0,55.0,2.4,2.2
309.0,0,5,0,0,night,pa_8_rev,-E7,25.0,5,75.0,3,60.0,0.0,0,0,2,3,680.0,31,0,70.45,97,25.0,0.38,0.6,75.0,50.0,3.0,2.0,680.0,635.0,65.0,57.5,2.6,2.3
310.0,0,5,0,0,night,pa_8_rev,-E7,25.0,5,75.0,3,60.0,0.0,0,0,2,3,680.0,31,0,70.45,97,25.0,0.38,0.6,75.0,50.0,3.0,2.0,680.0,635.0,70.0,60.0,2.8,2.4
311.0,0,5,0,0,night,pa_8_rev,-E7,25.0,5,75.0,3,60.0,0.0,0,0,2,3,680.0,31,0,70.45,97,25.0,0.38,0.6,75.0,50.0,3.0,2.0,680.0,635.0,75.0,62.5,3.0,2.5
312.0,0,5,0,0,night,pa_8_rev,-E7,25.0,5,75.0,3,60.0,0.0,0,0,2,3,680.0,31,0,70.45,97,25.0,0.38,0.6,75.0,75.0,3.0,3.0,680.0,680.0,75.0,65.0,3.0,2.6
313.0,0,5,0,0,night,pa_8_rev,-E7,25.0,5,75.0,3,60.0,0.0,0,0,2,3,680.0,31,0,70.45,97,25.0,0.38,0.6,75.0,75.0,3.0,3.0,680.0,680.0,75.0,67.5,3.0,2.7
314.0,0,5,0,0,night,pa_8_rev,-E7,25.0,5,75.0,3,60.0,0.0,0,0,2,3,680.0,31,0,70.45,97,25.0,0.38,0.6,75.0,75.0,3.0,3.0,680.0,680.0,75.0,70.0,3.0,2.8
315.0,0,5,0,0,night,pa_8_rev,-E7,25.0,5,75.0,3,60.0,0.0,0,0,2,3,680.0,31,0,70.45,97,25.0,0.38,0.6,75.0,75.0,3.0,3.0,680.0,680.0,75.0,72.5,3.0,2.9
316.0,0,5,0,0,night,pa_8_rev,-E7,25.0,5,75.0,3,60.0,0.0,0,0,2,3,680.0,31,0,70.45,98,25.0,0.38,0.6,75.0,75.0,3.0,3.0,680.0,680.0,75.0,75.0,3.0,3.0
317.0,0,5,0,0,night,pa_8_rev,-E7,25.0,5,75.0,3,60.0,0.0,0,0,2,3,680.0,31,0,70.45,98,25.0,0.38,0.6,75.0,75.0,3.0,3.0,680.0,680.0,75.0,75.0,3.0,3.0
318.0,0,5,0,0,night,pa_8_rev,-E7,25.0,5,75.0,3,60.0,0.0,0,0,2,3,680.0,31,0,70.45,98,25.0,0.38,0.6,75.0,75.0,3.0,3.0,680.0,680.0,75.0,75.0,3.0,3.0
319.0,0,5,0,0,night,pa_8_rev,-E7,25.0,5,75.0,3,60.0,0.0,0,0,2,3,680.0,31,0,70.45,98,25.0,0.38,0.6,75.0,75.0,3.0,3.0,680.0,680.0,75.0,75.0,3.0,3.0
320.0,0,5,0,0,night,pa_8_rev,-E7,25.0,5,75.0,3,60.0,0.0,0,0,2,3,680.0,31,0,70.45,98,25.0,0.38,0.6,75.0,75.0,3.0,3.0,680.0,680.0,75.0,75.0,3.0,3.0
321.0,0,5,0,0,night,pa_8_rev,-E7,25.0,5,75.0,3,60.0,0.0,0,0,2,3,680.0,31,0,70.45,100,25.0,0.38,0.6,75.0,75.0,3.0,3.0,680.0,680.0,75.0,75.0,3.0,3.0
322.0,0,5,0,0,night,pa_8_rev,-E7,25.0,5,75.0,3,60.0,0.0,0,0,2,3,680.0,31,0,70.45,100,25.0,0.38,0.6,75.0,75.0,3.0,3.0,680.0,680.0,75.0,75.0,3.0,3.0
323.0,0,5,0,0,night,pa_8_rev,-E7,25.0,5,75.0,3,60.0,0.0,0,0,2,3,680.0,31,0,70.45,100,25.0,0.38,0.6,75.0,75.0,3.0,3.0,680.0,680.0,75.0,75.0,3.0,3.0
324.0,0,5,0,0,night,pa_8_rev,-E7,25.0,5,75.0,3,60.0,0.0,0,0,2,3,680.0,31,0,70.45,100,25.0,0.38,0.6,75.0,75.0,3.0,3.0,680.0,680.0,75.0,75.0,3.0,3.0
325.0,0,5,0,0,night,pa_8_rev,-E7,25.0,5,75.0,3,60.0,0.0,0,0,2,3,680.0,31,0,70.45,100,25.0,0.38,0.6,75.0,75.0,3.0,3.0,680.0,680.0,75.0,75.0,3.0,3.0
326.0,0,5,0,0,night,pa_8_rev,-E7,25.0,5,75.0,3,60.0,0.0,0,0,2,3,700.0,32,0,72.73,100,25.0,0.38,0.6,75.0,75.0,3.0,3.0,680.0,680.0,75.0,75.0,3.0,3.0
327.0,0,5,0,0,night,pa_8_rev,-E7,25.0,5,75.0,3,60.0,0.0,0,0,2,3,700.0,32,0,72.73,100,25.0,0.38,0.6,75.0,75.0,3.0,3.0,700.0,680.0,75.0,75.0,3.0,3.0
328.0,0,5,0,0,night,pa_8_rev,-E7,25.0,5,75.0,3,60.0,0.0,0,0,2,3,700.0,32,0,72.73,100,25.0,0.38,0.6,75.0,75.0,3.0,3.0,700.0,680.0,75.0,75.0,3.0,3.0
329.0,0,5,0,0,night,pa_8_rev,-E7,25.0,5,75.0,3,60.0,0.0,0,0,2,3,700.0,32,0,72.73,100,25.0,0.38,0.6,75.0,75.0,3.0,3.0,700.0,680.0,75.0,75.0,3.0,3.0
330.0,0,5,0,0,night,pa_8_rev,-E7,25.0,5,75.0,3,60.0,0.0,0,0,2,3,700.0,32,0,72.73,100,25.0,0.38,0.6,75.0,75.0,3.0,3.0,700.0,680.0,75.0,75.0,3.0,3.0
331.0,0,5,0,0,night,pa_8_rev,-E7,25.0,5,75.0,3,60.0,0.0,0,0,2,3,700.0,32,0,72.73,100,25.0,0.38,0.6,75.0,75.0,3.0,3.0,700.0,700.0,75.0,75.0,3.0,3.0
332.0,0,5,0,0,night,pa_8_rev,-E7,25.0,5,75.0,3,60.0,0.0,0,0,2,3,700.0,32,0,72.73,100,25.0,0.38,0.6,75.0,75.0,3.0,3.0,700.0,700.0,75.0,75.0,3.0,3.0
333.0,0,5,0,0,night,pa_8_rev,-E7,25.0,5,75.0,3,60.0,0.0,0,0,2,3,700.0,32,0,72.73,100,25.0,0.38,0.6,75.0,75.0,3.0,3.0,700.0,700.0,75.0,75.0,3.0,3.0
334.0,0,5,0,0,night,pa_8_rev,-E7,25.0,5,75.0,3,60.0,0.0,0,0,2,3,700.0,32,0,72.73,100,25.0,0.38,0.6,75.0,75.0,3.0,3.0,700.0,700.0,75.0,75.0,3.0,3.0
335.0,0,5,0,0,night,pa_8_rev,-E7,25.0,5,75.0,3,60.0,0.0,0,0,2,3,700.0,32,0,72.73,100,25.0,0.38,0.6,75.0,75.0,3.0,3.0,700.0,700.0,75.0,75.0,3.0,3.0
336.0,0,5,0,0,night,pa_8_rev,-E7,25.0,5,75.0,3,60.0,0.0,0,0,2,3,700.0,32,0,72.73,100,25.0,0.38,0.6,75.0,75.0,3.0,3.0,700.0,700.0,75.0,75.0,3.0,3.0
337.0,0,5,0,0,night,pa_8_rev,-E7,25.0,5,75.0,3,60.0,0.0,0,0,2,3,700.0,32,0,72.73,100,25.0,0.38,0.6,75.0,75.0,3.0,3.0,700.0,700.0,75.0,75.0,3.0,3.0
338.0,0,5,0,0,night,pa_8_rev,-E7,25.0,5,75.0,3,60.0,0.0,0,0,2,3,700.0,32,0,72.73,100,25.0,0.38,0.6,75.0,75.0,3.0,3.0,700.0,700.0,75.0,75.0,3.0,3.0
339.0,0,5,0,0,night,pa_8_rev,-E7,25.0,5,75.0,3,60.0,0.0,0,0,2,3,700.0,32,0,72.73,100,25.0,0.38,0.6,75.0,75.0,3.0,3.0,700.0,700.0,75.0,75.0,3.0,3.0
340.0,0,5,0,0,night,pa_8_rev,-E7,25.0,5,75.0,3,60.0,0.0,0,0,2,3,740.0,34,0,77.27,100,25.0,0.38,0.6,75.0,75.0,3.0,3.0,700.0,700.0,75.0,75.0,3.0,3.0
341.0,0,5,0,0,night,pa_8_rev,-E7,25.0,5,75.0,3,60.0,0.0,0,0,2,3,740.0,34,0,77.27,100,25.0,0.38,0.6,75.0,75.0,3.0,3.0,740.0,700.0,75.0,75.0,3.0,3.0
342.0,0,5,0,0,night,pa_8_rev,-E7,25.0,5,75.0,3,60.0,0.0,0,0,2,3,740.0,34,0,77.27,100,25.0,0.38,0.6,75.0,75.0,3.0,3.0,740.0,700.0,75.0,75.0,3.0,3.0
343.0,0,5,0,0,night,pa_8_rev,-E7,25.0,5,75.0,3,60.0,0.0,0,0,2,3,740.0,34,0,77.27,100,25.0,0.38,0.6,75.0,75.0,3.0,3.0,740.0,700.0,75.0,75.0,3.0,3.0
344.0,0,5,0,0,night,pa_8_rev,-E7,25.0,5,75.0,3,60.0,0.0,0,0,2,3,740.0,34,0,77.27,100,25.0,0.38,0.6,75.0,75.0,3.0,3.0,740.0,700.0,75.0,75.0,3.0,3.0
345.0,0,5,0,0,night,pa_8_rev,-E7,25.0,5,75.0,3,60.0,0.0,0,0,2,3,740.0,34,0,77.27,100,25.0,0.38,0.6,75.0,75.0,3.0,3.0,740.0,740.0,75.0,75.0,3.0,3.0
346.0,0,5,0,0,night,pa_8_rev,-E7,25.0,5,75.0,3,60.0,0.0,0,0,2,3,740.0,34,0,77.27,100,25.0,0.38,0.6,75.0,75.0,3.0,3.0,740.0,740.0,75.0,75.0,3.0,3.0
347.0,0,5,0,0,night,pa_8_rev,-E7,25.0,5,75.0,3,60.0,0.0,0,0,2,3,740.0,34,0,77.27,100,25.0,0.38,0.6,75.0,75.0,3.0,3.0,740.0,740.0,75.0,75.0,3.0,3.0
348.0,0,5,0,0,night,pa_8_rev,-E7,25.0,5,75.0,3,60.0,0.0,0,0,2,3,740.0,34,0,77.27,100,25.0,0.38,0.6,75.0,75.0,3.0,3.0,740.0,740.0,75.0,75.0,3.0,3.0
349.0,0,5,0,0,night,pa_8_rev,-E7,25.0,5,75.0,3,60.0,0.0,0,0,2,3,740.0,34,0,77.27,100,25.0,0.38,0.6,75.0,75.0,3.0,3.0,740.0,740.0,75.0,75.0,3.0,3.0
350.0,0,5,0,0,night,pa_8_rev,-E7,25.0,5,75.0,3,60.0,0.0,0,0,2,3,740.0,34,0,77.27,100,25.0,0.38,0.6,75.0,75.0,3.0,3.0,740.0,740.0,75.0,75.0,3.0,3.0
351.0,0,5,0,0,night,pa_8_rev,-E7,25.0,5,75.0,3,60.0,0.0,0,0,2,3,740.0,34,0,77.27,100,25.0,0.38,0.6,75.0,75.0,3.0,3.0,740.0,740.0,75.0,75.0,3.0,3.0
352.0,0,5,0,0,night,pa_8_rev,-E7,25.0,5,75.0,3,60.0,0.0,0,0,2,3,740.0,34,0,77.27,100,25.0,0.38,0.6,75.0,75.0,3.0,3.0,740.0,740.0,75.0,75.0,3.0,3.0
353.0,0,5,0,0,night,pa_8_rev,-E7,25.0,5,75.0,3,60.0,0.0,0,0,2,3,740.0,34,0,77.27,100,25.0,0.38,0.6,75.0,75.0,3.0,3.0,740.0,740.0,75.0,75.0,3.0,3.0
354.0,0,5,0,0,night,pa_8_rev,-E7,25.0,5,75.0,3,60.0,0.0,0,0,2,3,740.0,34,0,77.27,100,25.0,0.38,0.6,75.0,75.0,3.0,3.0,740.0,740.0,75.0,75.0,3.0,3.0
355.0,0,5,0,0,night,pa_8_rev,-E7,25.0,5,75.0,3,60.0,0.0,0,0,2,3,740.0,34,0,77.27,100,25.0,0.38,0.6,75.0,75.0,3.0,3.0,740.0,740.0,75.0,75.0,3.0,3.0
356.0,0,5,0,0,night,pa_8_rev,-E7,25.0,5,75.0,3,60.0,0.0,0,0,2,3,740.0,34,0,77.27,100,25.0,0.38,0.6,75.0,75.0,3.0,3.0,740.0,740.0,75.0,75.0,3.0,3.0
357.0,0,5,0,0,night,pa_8_rev,-E7,25.0,5,75.0,3,60.0,0.0,0,0,2,3,740.0,34,0,77.27,100,25.0,0.38,0.6,75.0,75.0,3.0,3.0,740.0,740.0,75.0,75.0,3.0,3.0
358.0,0,5,0,0,night,pa_8_rev,-E7,25.0,5,75.0,3,60.0,0.0,0,0,2,3,740.0,34,0,77.27,100,25.0,0.38,0.6,75.0,75.0,3.0,3.0,740.0,740.0,75.0,75.0,3.0,3.0
359.0,0,5,0,0,night,pa_8_rev,-E7,25.0,5,75.0,3,60.0,0.0,0,0,2,3,765.0,35,0,79.55,100,25.0,0.38,0.6,75.0,75.0,3.0,3.0,740.0,740.0,75.0,75.0,3.0,3.0
360.0,0,6,0,0,night,pa_8_rev,-E7,25.0,5,75.0,3,60.0,0.0,0,0,2,3,790.0,36,0,81.82,100,25.0,0.38,0.6,75.0,75.0,3.0,3.0,765.0,740.0,75.0,75.0,3.0,3.0
361.0,0,6,0,0,night,pa_8_rev,-E7,25.0,5,75.0,3,60.0,0.0,0,0,2,3,790.0,36,0,81.82,107,25.0,0.38,0.6,75.0,75.0,3.0,3.0,790.0,740.0,75.0,75.0,3.0,3.0
362.0,0,6,0,0,night,pa_8_rev,-E7,25.0,5,75.0,3,60.0,0.0,0,0,2,3,790.0,36,0,81.82,107,25.0,0.38,0.6,75.0,75.0,3.0,3.0,790.0,740.0,75.0,75.0,3.0,3.0
363.0,0,6,0,0,night,pa_8_rev,-E7,25.0,5,75.0,3,60.0,0.0,0,0,2,3,810.0,37,0,84.09,109,25.0,0.38,0.6,75.0,75.0,3.0,3.0,790.0,740.0,75.0,75.0,3.0,3.0
364.0,0,6,0,0,night,pa_8_rev,-E7,25.0,5,75.0,3,60.0,0.0,0,0,2,3,810.0,37,0,84.09,110,25.0,0.38,0.6,75.0,75.0,3.0,3.0,810.0,765.0,75.0,75.0,3.0,3.0
365.0,0,6,0,0,night,pa_8_rev,-E7,25.0,5,75.0,3,60.0,0.0,0,0,2,3,810.0,37,0,84.09,110,25.0,0.38,0.6,75.0,75.0,3.0,3.0,810.0,790.0,75.0,75.0,3.0,3.0
366.0,0,6,0,0,night,pa_8_rev,-E7,25.0,5,75.0,3,60.0,0.0,0,0,2,3,830.0,38,0,86.36,111,25.0,0.38,0.6,75.0,75.0,3.0,3.0,810.0,790.0,75.0,75.0,3.0,3.0
367.0,0,6,0,0,night,pa_8_rev,-E7,25.0,5,75.0,3,60.0,0.0,0,0,2,3,855.0,39,0,88.64,112,25.0,0.38,0.6,75.0,75.0,3.0,3.0,830.0,790.0,75.0,75.0,3.0,3.0
368.0,0,6,0,0,night,pa_8_rev,-E7,25.0,5,75.0,3,60.0,0.0,0,0,2,3,855.0,39,0,88.64,111,25.0,0.38,0.6,75.0,75.0,3.0,3.0,855.0,810.0,75.0,75.0,3.0,3.0
369.0,0,6,0,0,night,pa_8_rev,-E7,25.0,5,75.0,3,60.0,0.0,0,0,2,3,855.0,39,0,88.64,111,25.0,0.38,0.6,75.0,75.0,3.0,3.0,855.0,810.0,75.0,75.0,3.0,3.0
370.0,0,6,0,0,night,pa_8_rev,-E7,25.0,5,75.0,3,60.0,0.0,0,0,2,3,855.0,39,0,88.64,112,25.0,0.38,0.6,75.0,75.0,3.0,3.0,855.0,810.0,75.0,75.0,3.0,3.0
371.0,0,6,0,0,night,pa_8_rev,-E7,25.0,5,100.0,4,80.0,0.0,0,0,1,3,880.0,40,1,90.91,111,25.0,0.5,0.8,75.0,75.0,3.0,3.0,855.0,830.0,80.0,77.5,3.2,3.1
372.0,0,6,0,0,night,pa_8_rev,-E7,25.0,5,100.0,4,80.0,0.0,0,0,1,3,880.0,40,1,90.91,112,25.0,0.5,0.8,100.0,75.0,4.0,3.0,880.0,855.0,85.0,80.0,3.4,3.2
373.0,0,6,0,0,night,pa_8_rev,-E7,25.0,5,100.0,4,80.0,0.0,0,0,1,3,880.0,40,1,90.91,112,25.0,0.5,0.8,100.0,75.0,4.0,3.0,880.0,855.0,90.0,82.5,3.6,3.3
374.0,0,6,0,0,night,pa_8_rev,-E7,25.0,5,100.0,4,80.0,0.0,0,0,1,3,880.0,40,2,90.91,112,25.0,0.5,0.8,100.0,75.0,4.0,3.0,880.0,855.0,95.0,85.0,3.8,3.4
375.0,0,6,0,0,night,pa_8_rev,-E7,25.0,5,100.0,4,80.0,0.0,0,0,1,3,880.0,40,2,90.91,112,25.0,0.5,0.8,100.0,75.0,4.0,3.0,880.0,855.0,100.0,87.5,4.0,3.5
376.0,0,6,0,0,night,pa_8_rev,-E7,25.0,5,100.0,4,80.0,0.0,0,0,1,3,880.0,40,2,90.91,113,25.0,0.5,0.8,100.0,100.0,4.0,4.0,880.0,880.0,100.0,90.0,4.0,3.6
377.0,0,6,0,0,night,pa_8_rev,-E7,25.0,5,100.0,4,80.0,0.0,0,0,1,3,880.0,40,2,90.91,113,25.0,0.5,0.8,100.0,100.0,4.0,4.0,880.0,880.0,100.0,92.5,4.0,3.7
378.0,0,6,0,0,night,pa_8_rev,-E7,25.0,5,100.0,4,80.0,0.0,0,0,1,3,880.0,40,2,90.91,112,25.0,0.5,0.8,100.0,100.0,4.0,4.0,880.0,880.0,100.0,95.0,4.0,3.8
379.0,0,6,0,0,night,pa_8_rev,-E7,25.0,5,100.0,4,80.0,0.0,0,0,1,3,880.0,40,2,90.91,112,25.0,0.5,0.8,100.0,100.0,4.0,4.0,880.0,880.0,100.0,97.5,4.0,3.9
380.0,0,6,0,0,night,pa_8_rev,-E7,25.0,5,100.0,4,80.0,0.0,0,0,1,3,880.0,40,2,90.91,112,25.0,0.5,0.8,100.0,100.0,4.0,4.0,880.0,880.0,100.0,100.0,4.0,4.0
381.0,0,6,0,0,night,pa_8_rev,-E7,25.0,5,100.0,4,80.0,0.0,0,0,1,3,880.0,40,2,90.91,112,25.0,0.5,0.8,100.0,100.0,4.0,4.0,880.0,880.0,100.0,100.0,4.0,4.0
382.0,0,6,0,0,night,pa_8_rev,-E7,25.0,5,100.0,4,80.0,0.0,0,0,1,3,880.0,40,2,90.91,112,25.0,0.5,0.8,100.0,100.0,4.0,4.0,880.0,880.0,100.0,100.0,4.0,4.0
383.0,0,6,0,0,night,pa_8_rev,-E7,25.0,5,100.0,4,80.0,0.0,0,0,1,3,880.0,40,2,90.91,112,25.0,0.5,0.8,100.0,100.0,4.0,4.0,880.0,880.0,100.0,100.0,4.0,4.0
384.0,0,6,0,0,night,pa_8_rev,-E7,25.0,5,100.0,4,80.0,0.0,0,0,1,3,880.0,40,2,90.91,112,25.0,0.5,0.8,100.0,100.0,4.0,4.0,880.0,880.0,100.0,100.0,4.0,4.0
385.0,0,6,0,0,night,pa_8_rev,-E7,25.0,5,100.0,4,80.0,0.0,0,0,1,3,880.0,40,2,90.91,112,25.0,0.5,0.8,100.0,100.0,4.0,4.0,880.0,880.0,100.0,100.0,4.0,4.0
386.0,0,6,0,0,night,pa_8_rev,-E7,25.0,5,100.0,4,80.0,0.0,0,0,1,3,880.0,40,2,90.91,111,25.0,0.5,0.8,100.0,100.0,4.0,4.0,880.0,880.0,100.0,100.0,4.0,4.0
387.0,0,6,0,0,night,pa_8_rev,-E7,25.0,5,100.0,4,80.0,0.0,0,0,1,3,880.0,40,2,90.91,111,25.0,0.5,0.8,100.0,100.0,4.0,4.0,880.0,880.0,100.0,100.0,4.0,4.0
388.0,0,6,0,0,night,pa_8_rev,-E7,25.0,5,100.0,4,80.0,0.0,0,0,1,3,880.0,40,3,90.91,110,25.0,0.5,0.8,100.0,100.0,4.0,4.0,880.0,880.0,100.0,100.0,4.0,4.0
389.0,0,6,0,0,night,pa_8_rev,-E7,25.0,5,100.0,4,80.0,0.0,0,0,1,3,880.0,40,4,90.91,110,25.0,0.5,0.8,100.0,100.0,4.0,4.0,880.0,880.0,100.0,100.0,4.0,4.0
390.0,0,6,0,0,night,pa_8_rev,-E7,25.0,5,100.0,4,80.0,0.0,0,0,1,3,880.0,40,4,90.91,110,25.0,0.5,0.8,100.0,100.0,4.0,4.0,880.0,880.0,100.0,100.0,4.0,4.0
391.0,0,6,0,0,night,pa_8_rev,-E7,25.0,5,100.0,4,80.0,0.0,0,0,1,3,880.0,40,4,90.91,109,25.0,0.5,0.8,100.0,100.0,4.0,4.0,880.0,880.0,100.0,100.0,4.0,4.0
392.0,0,6,0,0,night,pa_8_rev,-E7,25.0,5,100.0,4,80.0,0.0,0,0,1,3,880.0,40,4,90.91,108,25.0,0.5,0.8,100.0,100.0,4.0,4.0,880.0,880.0,100.0,100.0,4.0,4.0
393.0,0,6,0,0,night,pa_8_rev,-E7,25.0,5,100.0,4,80.0,0.0,0,0,1,3,930.0,42,4,95.45,107,25.0,0.5,0.8,100.0,100.0,4.0,4.0,880.0,880.0,100.0,100.0,4.0,4.0
394.0,0,6,0,0,night,pa_8_rev,-E7,25.0,5,100.0,4,80.0,0.0,0,0,1,3,930.0,42,4,95.45,107,25.0,0.5,0.8,100.0,100.0,4.0,4.0,930.0,880.0,100.0,100.0,4.0,4.0
395.0,0,6,0,0,night,pa_8_rev,-E7,25.0,5,100.0,4,80.0,0.0,0,0,1,3,930.0,42,4,95.45,106,25.0,0.5,0.8,100.0,100.0,4.0,4.0,930.0,880.0,100.0,100.0,4.0,4.0
396.0,0,6,0,0,night,pa_8_rev,-E7,25.0,5,100.0,4,80.0,0.0,0,0,1,3,930.0,42,4,95.45,106,25.0,0.5,0.8,100.0,100.0,4.0,4.0,930.0,880.0,100.0,100.0,4.0,4.0
397.0,0,6,0,0,night,pa_8_rev,-E7,25.0,5,100.0,4,80.0,0.0,0,0,1,3,930.0,42,4,95.45,106,25.0,0.5,0.8,100.0,100.0,4.0,4.0,930.0,880.0,100.0,100.0,4.0,4.0
398.0,0,6,0,0,night,pa_8_rev,-E7,25.0,5,100.0,4,80.0,0.0,0,0,1,3,930.0,42,5,95.45,106,25.0,0.5,0.8,100.0,100.0,4.0,4.0,930.0,930.0,100.0,100.0,4.0,4.0
399.0,0,6,0,0,night,pa_8_rev,-E7,25.0,5,100.0,4,80.0,0.0,0,0,1,3,930.0,42,5,95.45,106,25.0,0.5,0.8,100.0,100.0,4.0,4.0,930.0,930.0,100.0,100.0,4.0,4.0
400.0,0,6,0,0,night,pa_8_rev,-E7,25.0,5,100.0,4,80.0,0.0,0,0,1,3,930.0,42,5,95.45,106,25.0,0.5,0.8,100.0,100.0,4.0,4.0,930.0,930.0,100.0,100.0,4.0,4.0
401.0,0,6,0,0,night,pa_8_rev,-E7,25.0,5,100.0,4,80.0,0.0,0,0,1,3,930.0,42,5,95.45,108,25.0,0.5,0.8,100.0,100.0,4.0,4.0,930.0,930.0,100.0,100.0,4.0,4.0
402.0,0,6,0,0,night,pa_8_rev,-E7,25.0,5,100.0,4,80.0,0.0,0,0,1,3,930.0,42,5,95.45,107,25.0,0.5,0.8,100.0,100.0,4.0,4.0,930.0,930.0,100.0,100.0,4.0,4.0
403.0,0,6,0,0,night,pa_8_rev,-E7,25.0,5,100.0,4,80.0,0.0,0,0,1,3,930.0,42,5,95.45,107,25.0,0.5,0.8,100.0,100.0,4.0,4.0,930.0,930.0,100.0,100.0,4.0,4.0
404.0,0,6,0,0,night,pa_8_rev,-E7,25.0,5,100.0,4,80.0,0.0,0,0,1,3,930.0,42,5,95.45,107,25.0,0.5,0.8,100.0,100.0,4.0,4.0,930.0,930.0,100.0,100.0,4.0,4.0
405.0,0,6,0,0,night,pa_8_rev,-E7,25.0,5,100.0,4,80.0,0.0,0,0,1,3,930.0,42,5,95.45,107,25.0,0.5,0.8,100.0,100.0,4.0,4.0,930.0,930.0,100.0,100.0,4.0,4.0
406.0,0,6,0,0,night,pa_8_rev,-E7,25.0,5,100.0,4,80.0,0.0,0,0,1,3,930.0,42,5,95.45,108,25.0,0.5,0.8,100.0,100.0,4.0,4.0,930.0,930.0,100.0,100.0,4.0,4.0
407.0,0,6,0,0,night,pa_8_rev,-E7,25.0,5,100.0,4,80.0,0.0,0,0,1,3,930.0,42,5,95.45,108,25.0,0.5,0.8,100.0,100.0,4.0,4.0,930.0,930.0,100.0,100.0,4.0,4.0
408.0,0,6,0,0,night,pa_8_rev,-E7,25.0,5,100.0,4,80.0,0.0,0,0,1,3,930.0,42,5,95.45,108,25.0,0.5,0.8,100.0,100.0,4.0,4.0,930.0,930.0,100.0,100.0,4.0,4.0
409.0,0,6,0,0,night,pa_8_rev,-E7,25.0,5,100.0,4,80.0,0.0,0,0,1,3,930.0,42,5,95.45,108,25.0,0.5,0.8,100.0,100.0,4.0,4.0,930.0,930.0,100.0,100.0,4.0,4.0
410.0,0,6,0,0,night,pa_8_rev,-E7,25.0,5,100.0,4,80.0,0.0,0,0,1,3,930.0,42,5,95.45,108,25.0,0.5,0.8,100.0,100.0,4.0,4.0,930.0,930.0,100.0,100.0,4.0,4.0
411.0,0,6,0,0,night,pa_8_rev,-E7,25.0,5,100.0,4,80.0,0.0,0,0,1,3,930.0,42,5,95.45,107,25.0,0.5,0.8,100.0,100.0,4.0,4.0,930.0,930.0,100.0,100.0,4.0,4.0
412.0,0,6,0,0,night,pa_8_rev,-E7,25.0,5,100.0,4,80.0,0.0,0,0,1,3,930.0,42,5,95.45,112,25.0,0.5,0.8,100.0,100.0,4.0,4.0,930.0,930.0,100.0,100.0,4.0,4.0
413.0,0,6,0,0,night,pa_8_rev,-E7,25.0,5,100.0,4,80.0,0.0,0,0,1,3,930.0,42,5,95.45,112,25.0,0.5,0.8,100.0,100.0,4.0,4.0,930.0,930.0,100.0,100.0,4.0,4.0
414.0,0,6,0,0,night,pa_8_rev,-E7,25.0,5,100.0,4,80.0,0.0,0,0,1,3,930.0,42,5,95.45,112,25.0,0.5,0.8,100.0,100.0,4.0,4.0,930.0,930.0,100.0,100.0,4.0,4.0
415.0,0,6,0,0,night,pa_8_rev,-E7,25.0,5,100.0,4,80.0,0.0,0,0,1,3,930.0,42,5,95.45,112,25.0,0.5,0.8,100.0,100.0,4.0,4.0,930.0,930.0,100.0,100.0,4.0,4.0
416.0,0,6,0,0,night,pa_8_rev,-E7,25.0,5,100.0,4,80.0,0.0,0,0,1,3,930.0,42,5,95.45,112,25.0,0.5,0.8,100.0,100.0,4.0,4.0,930.0,930.0,100.0,100.0,4.0,4.0
417.0,0,6,0,0,night,pa_8_rev,-E7,25.0,5,100.0,4,80.0,0.0,0,0,1,3,930.0,42,5,95.45,112,25.0,0.5,0.8,100.0,100.0,4.0,4.0,930.0,930.0,100.0,100.0,4.0,4.0
418.0,0,6,0,0,night,pa_8_rev,-E7,25.0,5,100.0,4,80.0,0.0,0,0,1,3,930.0,42,5,95.45,112,25.0,0.5,0.8,100.0,100.0,4.0,4.0,930.0,930.0,100.0,100.0,4.0,4.0
419.0,0,6,0,0,night,pa_8_rev,-E7,25.0,5,100.0,4,80.0,0.0,0,0,1,3,930.0,42,5,95.45,110,25.0,0.5,0.8,100.0,100.0,4.0,4.0,930.0,930.0,100.0,100.0,4.0,4.0
420.0,0,7,0,0,night,pa_8_rev,-E7,25.0,5,100.0,4,80.0,0.0,0,0,1,3,930.0,42,6,95.45,110,25.0,0.5,0.8,100.0,100.0,4.0,4.0,930.0,930.0,100.0,100.0,4.0,4.0
421.0,0,7,0,0,night,pa_8_rev,-E7,25.0,5,100.0,4,80.0,0.0,0,0,1,3,930.0,42,6,95.45,112,25.0,0.5,0.8,100.0,100.0,4.0,4.0,930.0,930.0,100.0,100.0,4.0,4.0
422.0,0,7,0,0,night,pa_8_rev,-E7,25.0,5,100.0,4,80.0,0.0,0,0,1,3,930.0,42,6,95.45,112,25.0,0.5,0.8,100.0,100.0,4.0,4.0,930.0,930.0,100.0,100.0,4.0,4.0
423.0,0,7,0,0,night,pa_8_rev,-E7,25.0,5,100.0,4,80.0,0.0,0,0,1,3,955.0,43,6,97.73,112,25.0,0.5,0.8,100.0,100.0,4.0,4.0,930.0,930.0,100.0,100.0,4.0,4.0
424.0,0,7,0,0,night,pa_8_rev,-E7,25.0,5,100.0,4,80.0,0.0,0,0,1,3,955.0,43,6,97.73,112,25.0,0.5,0.8,100.0,100.0,4.0,4.0,955.0,930.0,100.0,100.0,4.0,4.0
425.0,0,7,0,0,night,pa_8_rev,-E7,25.0,5,100.0,4,80.0,0.0,0,0,1,3,955.0,43,6,97.73,112,25.0,0.5,0.8,100.0,100.0,4.0,4.0,955.0,930.0,100.0,100.0,4.0,4.0
426.0,0,7,0,0,night,pa_8_rev,-E7,25.0,5,125.0,5,100.0,0.0,0,0,0,3,980.0,44,6,100.0,112,25.0,0.62,1.0,100.0,100.0,4.0,4.0,955.0,930.0,105.0,102.5,4.2,4.1
427.0,0,7,0,0,night,pa_8_rev,-E7,25.0,5,125.0,5,100.0,0.0,0,0,0,3,980.0,44,6,100.0,112,25.0,0.62,1.0,125.0,100.0,5.0,4.0,980.0,930.0,110.0,105.0,4.4,4.2
428.0,0,7,0,0,night,pa_8_rev,-E7,25.0,5,125.0,5,100.0,0.0,0,0,0,3,980.0,44,6,100.0,112,25.0,0.62,1.0,125.0,100.0,5.0,4.0,980.0,955.0,115.0,107.5,4.6,4.3
429.0,0,7,0,0,night,pa_8_rev,-E7,25.0,5,125.0,5,100.0,0.0,0,0,0,3,980.0,44,6,100.0,112,25.0,0.62,1.0,125.0,100.0,5.0,4.0,980.0,955.0,120.0,110.0,4.8,4.4
430.0,0,7,0,0,night,pa_8_rev,-E7,25.0,5,125.0,5,100.0,0.0,0,0,0,3,980.0,44,6,100.0,112,25.0,0.62,1.0,125.0,100.0,5.0,4.0,980.0,955.0,125.0,112.5,5.0,4.5
431.0,0,7,0,0,night,pa_8_rev,-E7,25.0,5,125.0,5,100.0,0.0,0,0,0,3,980.0,44,6,100.0,112,25.0,0.62,1.0,125.0,125.0,5.0,5.0,980.0,980.0,125.0,115.0,5.0,4.6
432.0,0,7,0,0,night,pa_8_rev,-E7,25.0,5,125.0,5,100.0,0.0,0,0,0,3,980.0,44,6,100.0,112,25.0,0.62,1.0,125.0,125.0,5.0,5.0,980.0,980.0,125.0,117.5,5.0,4.7
433.0,0,7,0,0,night,pa_8_rev,-E7,25.0,5,125.0,5,100.0,0.0,0,0,0,3,980.0,44,8,100.0,117,25.0,0.62,1.0,125.0,125.0,5.0,5.0,980.0,980.0,125.0,120.0,5.0,4.8
434.0,0,7,0,0,night,pa_8_rev,-E7,25.0,5,125.0,5,100.0,0.0,0,0,0,3,980.0,44,8,100.0,117,25.0,0.62,1.0,125.0,125.0,5.0,5.0,980.0,980.0,125.0,122.5,5.0,4.9
435.0,0,7,0,0,night,pa_8_rev,-E7,25.0,5,125.0,5,100.0,0.0,0,0,0,3,980.0,44,8,100.0,117,25.0,0.62,1.0,125.0,125.0,5.0,5.0,980.0,980.0,125.0,125.0,5.0,5.0
436.0,0,7,0,0,night,pa_8_rev,-E7,25.0,5,125.0,5,100.0,0.0,0,0,0,3,980.0,44,8,100.0,117,25.0,0.62,1.0,125.0,125.0,5.0,5.0,980.0,980.0,125.0,125.0,5.0,5.0
437.0,0,7,0,0,night,pa_8_rev,-E7,25.0,5,125.0,5,100.0,0.0,0,0,0,3,980.0,44,8,100.0,117,25.0,0.62,1.0,125.0,125.0,5.0,5.0,980.0,980.0,125.0,125.0,5.0,5.0
438.0,0,7,0,0,night,pa_8_rev,-E7,25.0,5,125.0,5,100.0,0.0,0,0,0,3,980.0,44,8,100.0,117,25.0,0.62,1.0,125.0,125.0,5.0,5.0,980.0,980.0,125.0,125.0,5.0,5.0
439.0,0,7,0,0,night,pa_8_rev,-E7,25.0,5,125.0,5,100.0,0.0,0,0,0,3,980.0,44,8,100.0,117,25.0,0.62,1.0,125.0,125.0,5.0,5.0,980.0,980.0,125.0,125.0,5.0,5.0
440.0,0,7,0,0,night,pa_8_rev,-E7,25.0,5,125.0,5,100.0,0.0,0,0,0,3,980.0,44,8,100.0,117,25.0,0.62,1.0,125.0,125.0,5.0,5.0,980.0,980.0,125.0,125.0,5.0,5.0
441.0,0,7,0,0,night,pa_8_rev,-E7,25.0,5,125.0,5,100.0,0.0,0,0,0,3,980.0,44,8,100.0,117,25.0,0.62,1.0,125.0,125.0,5.0,5.0,980.0,980.0,125.0,125.0,5.0,5.0
442.0,0,7,0,0,night,pa_8_rev,-E7,25.0,5,125.0,5,100.0,0.0,0,0,0,3,980.0,44,9,100.0,117,25.0,0.62,1.0,125.0,125.0,5.0,5.0,980.0,980.0,125.0,125.0,5.0,5.0
443.0,0,7,0,0,night,pa_8_rev,-E7,25.0,5,125.0,5,100.0,0.0,0,0,0,3,980.0,44,9,100.0,116,25.0,0.62,1.0,125.0,125.0,5.0,5.0,980.0,980.0,125.0,125.0,5.0,5.0
444.0,0,7,0,0,night,pa_8_rev,-E7,25.0,5,125.0,5,100.0,0.0,0,0,0,3,980.0,44,9,100.0,116,25.0,0.62,1.0,125.0,125.0,5.0,5.0,980.0,980.0,125.0,125.0,5.0,5.0
445.0,0,7,0,0,night,pa_8_rev,-E7,25.0,5,125.0,5,100.0,0.0,0,0,0,3,980.0,44,10,100.0,116,25.0,0.62,1.0,125.0,125.0,5.0,5.0,980.0,980.0,125.0,125.0,5.0,5.0
446.0,0,7,0,0,night,pa_8_rev,-E7,25.0,5,125.0,5,100.0,0.0,0,0,0,3,980.0,44,10,100.0,114,25.0,0.62,1.0,125.0,125.0,5.0,5.0,980.0,980.0,125.0,125.0,5.0,5.0
447.0,0,7,0,0,night,pa_8_rev,-E7,25.0,5,125.0,5,100.0,0.0,0,0,0,3,980.0,44,10,100.0,113,25.0,0.62,1.0,125.0,125.0,5.0,5.0,980.0,980.0,125.0,125.0,5.0,5.0
448.0,0,7,0,0,night,pa_8_rev,-E7,25.0,5,125.0,5,100.0,0.0,0,0,0,3,980.0,44,10,100.0,113,25.0,0.62,1.0,125.0,125.0,5.0,5.0,980.0,980.0,125.0,125.0,5.0,5.0
449.0,0,7,0,0,night,pa_8_rev,-E7,25.0,5,125.0,5,100.0,0.0,0,0,0,3,980.0,44,10,100.0,113,25.0,0.62,1.0,125.0,125.0,5.0,5.0,980.0,980.0,125.0,125.0,5.0,5.0
450.0,0,7,0,0,night,pa_8_rev,-E7,25.0,5,125.0,5,100.0,0.0,0,0,0,3,980.0,44,10,100.0,113,25.0,0.62,1.0,125.0,125.0,5.0,5.0,980.0,980.0,125.0,125.0,5.0,5.0
451.0,0,7,0,0,night,pa_8_rev,-E7,25.0,5,125.0,5,100.0,0.0,0,0,0,3,980.0,44,10,100.0,113,25.0,0.62,1.0,125.0,125.0,5.0,5.0,980.0,980.0,125.0,125.0,5.0,5.0
452.0,0,7,0,0,night,pa_8_rev,-E7,25.0,5,125.0,5,100.0,0.0,0,0,0,3,980.0,44,11,100.0,113,25.0,0.62,1.0,125.0,125.0,5.0,5.0,980.0,980.0,125.0,125.0,5.0,5.0
453.0,0,7,0,0,night,pa_8_rev,-E7,25.0,5,125.0,5,100.0,0.0,0,0,0,3,980.0,44,11,100.0,114,25.0,0.62,1.0,125.0,125.0,5.0,5.0,980.0,980.0,125.0,125.0,5.0,5.0
454.0,0,7,0,0,night,pa_8_rev,-E7,25.0,5,125.0,5,100.0,0.0,0,0,0,3,980.0,44,11,100.0,114,25.0,0.62,1.0,125.0,125.0,5.0,5.0,980.0,980.0,125.0,125.0,5.0,5.0
455.0,0,7,0,0,night,pa_8_rev,-E7,25.0,5,125.0,5,100.0,0.0,0,0,0,3,980.0,44,11,100.0,114,25.0,0.62,1.0,125.0,125.0,5.0,5.0,980.0,980.0,125.0,125.0,5.0,5.0
456.0,0,7,0,0,night,pa_8_rev,-E7,25.0,5,125.0,5,100.0,0.0,0,0,0,3,980.0,44,12,100.0,114,25.0,0.62,1.0,125.0,125.0,5.0,5.0,980.0,980.0,125.0,125.0,5.0,5.0
457.0,0,7,0,0,night,pa_8_rev,-E7,25.0,5,125.0,5,100.0,0.0,0,0,0,3,980.0,44,14,100.0,114,25.0,0.62,1.0,125.0,125.0,5.0,5.0,980.0,980.0,125.0,125.0,5.0,5.0
458.0,0,7,0,0,night,pa_8_rev,-E7,25.0,5,125.0,5,100.0,0.0,0,0,0,3,980.0,44,15,100.0,113,25.0,0.62,1.0,125.0,125.0,5.0,5.0,980.0,980.0,125.0,125.0,5.0,5.0
459.0,0,7,0,0,night,pa_8_rev,-E7,25.0,5,125.0,5,100.0,0.0,0,0,0,3,980.0,44,15,100.0,112,25.0,0.62,1.0,125.0,125.0,5.0,5.0,980.0,980.0,125.0,125.0,5.0,5.0
460.0,0,7,0,0,night,pa_8_rev,-E7,25.0,5,125.0,5,100.0,0.0,0,0,0,3,980.0,44,15,100.0,112,25.0,0.62,1.0,125.0,125.0,5.0,5.0,980.0,980.0,125.0,125.0,5.0,5.0
461.0,0,7,0,0,night,pa_8_rev,-E7,25.0,5,125.0,5,100.0,33.33,1,1,0,2,980.0,44,18,100.0,112,25.0,0.75,1.0,125.0,125.0,5.0,5.0,980.0,980.0,125.0,125.0,5.0,5.0
462.0,0,7,0,0,night,pa_8_rev,-E7,25.0,5,125.0,5,100.0,33.33,1,1,0,2,980.0,44,18,100.0,112,25.0,0.75,1.0,125.0,125.0,5.0,5.0,980.0,980.0,125.0,125.0,5.0,5.0
463.0,0,7,0,0,night,pa_8_rev,-E7,25.0,5,125.0,5,100.0,33.33,1,1,0,2,980.0,44,18,100.0,113,25.0,0.75,1.0,125.0,125.0,5.0,5.0,980.0,980.0,125.0,125.0,5.0,5.0
464.0,0,7,0,0,night,pa_8_rev,-E7,25.0,5,125.0,5,100.0,33.33,1,1,0,2,980.0,44,18,100.0,113,25.0,0.75,1.0,125.0,125.0,5.0,5.0,980.0,980.0,125.0,125.0,5.0,5.0
465.0,0,7,0,0,night,pa_8_rev,-E7,25.0,5,125.0,5,100.0,33.33,1,1,0,2,980.0,44,18,100.0,112,25.0,0.75,1.0,125.0,125.0,5.0,5.0,980.0,980.0,125.0,125.0,5.0,5.0
466.0,0,7,0,0,night,pa_8_rev,-E7,25.0,5,125.0,5,100.0,33.33,1,1,0,2,980.0,44,18,100.0,111,25.0,0.75,1.0,125.0,125.0,5.0,5.0,980.0,980.0,125.0,125.0,5.0,5.0
467.0,0,7,0,0,night,pa_8_rev,-E7,25.0,5,125.0,5,100.0,33.33,1,1,0,2,980.0,44,18,100.0,110,25.0,0.75,1.0,125.0,125.0,5.0,5.0,980.0,980.0,125.0,125.0,5.0,5.0
468.0,0,7,0,0,night,pa_8_rev,-E7,25.0,5,125.0,5,100.0,33.33,1,1,0,2,980.0,44,19,100.0,110,25.0,0.75,1.0,125.0,125.0,5.0,5.0,980.0,980.0,125.0,125.0,5.0,5.0
469.0,0,7,0,0,night,pa_8_rev,-E7,25.0,5,125.0,5,100.0,33.33,1,1,0,2,980.0,44,19,100.0,110,25.0,0.75,1.0,125.0,125.0,5.0,5.0,980.0,980.0,125.0,125.0,5.0,5.0
470.0,0,7,0,0,night,pa_8_rev,-E7,25.0,5,125.0,5,100.0,33.33,1,1,0,2,980.0,44,19,100.0,110,25.0,0.75,1.0,125.0,125.0,5.0,5.0,980.0,980.0,125.0,125.0,5.0,5.0
471.0,0,7,0,0,night,pa_8_rev,-E7,25.0,5,125.0,5,100.0,33.33,1,1,0,2,980.0,44,19,100.0,109,25.0,0.75,1.0,125.0,125.0,5.0,5.0,980.0,980.0,125.0,125.0,5.0,5.0
472.0,0,7,0,0,night,pa_8_rev,-E7,25.0,5,125.0,5,100.0,33.33,1,1,0,2,980.0,44,19,100.0,108,25.0,0.75,1.0,125.0,125.0,5.0,5.0,980.0,980.0,125.0,125.0,5.0,5.0
473.0,0,7,0,0,night,pa_8_rev,-E7,25.0,5,125.0,5,100.0,33.33,1,1,0,2,980.0,44,19,100.0,108,25.0,0.75,1.0,125.0,125.0,5.0,5.0,980.0,980.0,125.0,125.0,5.0,5.0
474.0,0,7,0,0,night,pa_8_rev,-E7,25.0,5,125.0,5,100.0,33.33,1,1,0,2,980.0,44,19,100.0,108,25.0,0.75,1.0,125.0,125.0,5.0,5.0,980.0,980.0,125.0,125.0,5.0,5.0
475.0,0,7,0,0,night,pa_8_rev,-E7,25.0,5,125.0,5,100.0,33.33,1,1,0,2,980.0,44,20,100.0,108,25.0,0.75,1.0,125.0,125.0,5.0,5.0,980.0,980.0,125.0,125.0,5.0,5.0
476.0,0,7,0,0,night,pa_8_rev,-E7,25.0,5,125.0,5,100.0,33.33,1,1,0,2,980.0,44,20,100.0,108,25.0,0.75,1.0,125.0,125.0,5.0,5.0,980.0,980.0,125.0,125.0,5.0,5.0
477.0,0,7,0,0,night,pa_8_rev,-E7,25.0,5,125.0,5,100.0,33.33,1,1,0,2,980.0,44,20,100.0,108,25.0,0.75,1.0,125.0,125.0,5.0,5.0,980.0,980.0,125.0,125.0,5.0,5.0
478.0,0,7,0,0,night,pa_8_rev,-E7,25.0,5,125.0,5,100.0,33.33,1,1,0,2,980.0,44,21,100.0,107,25.0,0.75,1.0,125.0,125.0,5.0,5.0,980.0,980.0,125.0,125.0,5.0,5.0
479.0,0,7,0,0,night,pa_8_rev,-E7,25.0,5,125.0,5,100.0,33.33,1,1,0,2,980.0,44,21,100.0,107,25.0,0.75,1.0,125.0,125.0,5.0,5.0,980.0,980.0,125.0,125.0,5.0,5.0
480.0,0,8,0,0,night,pa_8_rev,-E7,25.0,5,125.0,5,100.0,33.33,1,1,0,2,980.0,44,21,100.0,106,25.0,0.75,1.0,125.0,125.0,5.0,5.0,980.0,980.0,125.0,125.0,5.0,5.0
481.0,0,8,0,0,night,pa_8_rev,-E7,25.0,5,125.0,5,100.0,33.33,1,1,0,2,980.0,44,21,100.0,110,25.0,0.75,1.0,125.0,125.0,5.0,5.0,980.0,980.0,125.0,125.0,5.0,5.0
482.0,0,8,0,0,night,pa_8_rev,-E7,25.0,5,125.0,5,100.0,33.33,1,1,0,2,980.0,44,21,100.0,110,25.0,0.75,1.0,125.0,125.0,5.0,5.0,980.0,980.0,125.0,125.0,5.0,5.0
483.0,0,8,0,0,night,pa_8_rev,-E7,25.0,5,125.0,5,100.0,33.33,1,1,0,2,980.0,44,21,100.0,112,25.0,0.75,1.0,125.0,125.0,5.0,5.0,980.0,980.0,125.0,125.0,5.0,5.0
484.0,0,8,0,0,night,pa_8_rev,-E7,25.0,5,125.0,5,100.0,33.33,1,1,0,2,980.0,44,21,100.0,112,25.0,0.75,1.0,125.0,125.0,5.0,5.0,980.0,980.0,125.0,125.0,5.0,5.0
485.0,0,8,0,0,night,pa_8_rev,-E7,25.0,5,125.0,5,100.0,33.33,1,1,0,2,980.0,44,22,100.0,112,25.0,0.75,1.0,125.0,125.0,5.0,5.0,980.0,980.0,125.0,125.0,5.0,5.0
486.0,0,8,0,0,night,pa_8_rev,-E7,25.0,5,125.0,5,100.0,33.33,1,1,0,2,980.0,44,22,100.0,113,25.0,0.75,1.0,125.0,125.0,5.0,5.0,980.0,980.0,125.0,125.0,5.0,5.0
487.0,0,8,0,0,night,pa_8_rev,-E7,25.0,5,125.0,5,100.0,33.33,1,1,0,2,980.0,44,22,100.0,112,25.0,0.75,1.0,125.0,125.0,5.0,5.0,980.0,980.0,125.0,125.0,5.0,5.0
488.0,0,8,0,0,night,pa_8_rev,-E7,25.0,5,125.0,5,100.0,33.33,1,1,0,2,980.0,44,23,100.0,113,25.0,0.75,1.0,125.0,125.0,5.0,5.0,980.0,980.0,125.0,125.0,5.0,5.0
489.0,0,8,0,0,night,pa_8_rev,-E7,25.0,5,125.0,5,100.0,33.33,1,1,0,2,980.0,44,23,100.0,113,25.0,0.75,1.0,125.0,125.0,5.0,5.0,980.0,980.0,125.0,125.0,5.0,5.0
490.0,0,8,0,0,night,pa_8_rev,-E7,25.0,5,125.0,5,100.0,33.33,1,1,0,2,980.0,44,23,100.0,113,25.0,0.75,1.0,125.0,125.0,5.0,5.0,980.0,980.0,125.0,125.0,5.0,5.0
491.0,0,8,0,0,night,pa_8_rev,-E7,25.0,5,125.0,5,100.0,33.33,1,1,0,2,980.0,44,23,100.0,113,25.0,0.75,1.0,125.0,125.0,5.0,5.0,980.0,980.0,125.0,125.0,5.0,5.0
492.0,0,8,0,0,night,pa_8_rev,-E7,25.0,5,125.0,5,100.0,33.33,1,1,0,2,980.0,44,23,100.0,113,25.0,0.75,1.0,125.0,125.0,5.0,5.0,980.0,980.0,125.0,125.0,5.0,5.0
493.0,0,8,0,0,night,pa_8_rev,-E7,25.0,5,125.0,5,100.0,33.33,1,1,0,2,980.0,44,24,100.0,113,25.0,0.75,1.0,125.0,125.0,5.0,5.0,980.0,980.0,125.0,125.0,5.0,5.0
494.0,0,8,0,0,night,pa_8_rev,-E7,25.0,5,125.0,5,100.0,33.33,1,1,0,2,980.0,44,24,100.0,113,25.0,0.75,1.0,125.0,125.0,5.0,5.0,980.0,980.0,125.0,125.0,5.0,5.0
495.0,0,8,0,0,night,pa_8_rev,-E7,25.0,5,125.0,5,100.0,33.33,1,1,0,2,980.0,44,24,100.0,113,25.0,0.75,1.0,125.0,125.0,5.0,5.0,980.0,980.0,125.0,125.0,5.0,5.0
496.0,0,8,0,0,night,pa_8_rev,-E7,25.0,5,125.0,5,100.0,33.33,1,1,0,2,980.0,44,25,100.0,113,25.0,0.75,1.0,125.0,125.0,5.0,5.0,980.0,980.0,125.0,125.0,5.0,5.0
497.0,0,8,0,0,night,pa_8_rev,-E7,25.0,5,125.0,5,100.0,66.67,2,2,0,1,980.0,44,26,100.0,113,25.0,0.88,1.0,125.0,125.0,5.0,5.0,980.0,980.0,125.0,125.0,5.0,5.0
498.0,0,8,0,0,night,pa_8_rev,-E7,25.0,5,125.0,5,100.0,66.67,2,2,0,1,980.0,44,27,100.0,112,25.0,0.88,1.0,125.0,125.0,5.0,5.0,980.0,980.0,125.0,125.0,5.0,5.0
499.0,0,8,0,0,night,pa_8_rev,-E7,25.0,5,125.0,5,100.0,66.67,2,2,0,1,980.0,44,27,100.0,112,25.0,0.88,1.0,125.0,125.0,5.0,5.0,980.0,980.0,125.0,125.0,5.0,5.0
500.0,0,8,0,0,night,pa_8_rev,-E7,25.0,5,125.0,5,100.0,66.67,2,2,0,1,980.0,44,27,100.0,112,25.0,0.88,1.0,125.0,125.0,5.0,5.0,980.0,980.0,125.0,125.0,5.0,5.0
501.0,0,8,0,0,night,pa_8_rev,-E7,25.0,5,125.0,5,100.0,66.67,2,2,0,1,980.0,44,27,100.0,111,25.0,0.88,1.0,125.0,125.0,5.0,5.0,980.0,980.0,125.0,125.0,5.0,5.0
502.0,0,8,0,0,night,pa_8_rev,-E7,25.0,5,125.0,5,100.0,66.67,2,2,0,1,980.0,44,27,100.0,110,25.0,0.88,1.0,125.0,125.0,5.0,5.0,980.0,980.0,125.0,125.0,5.0,5.0
503.0,0,8,0,0,night,pa_8_rev,-E7,25.0,5,125.0,5,100.0,66.67,2,2,0,1,980.0,44,27,100.0,110,25.0,0.88,1.0,125.0,125.0,5.0,5.0,980.0,980.0,125.0,125.0,5.0,5.0
504.0,0,8,0,0,night,pa_8_rev,-E7,25.0,5,125.0,5,100.0,66.67,2,2,0,1,980.0,44,27,100.0,110,25.0,0.88,1.0,125.0,125.0,5.0,5.0,980.0,980.0,125.0,125.0,5.0,5.0
505.0,0,8,0,0,night,pa_8_rev,-E7,25.0,5,125.0,5,100.0,66.67,2,2,0,1,980.0,44,27,100.0,112,25.0,0.88,1.0,125.0,125.0,5.0,5.0,980.0,980.0,125.0,125.0,5.0,5.0
506.0,0,8,0,0,night,pa_8_rev,-E7,25.0,5,125.0,5,100.0,66.67,2,2,0,1,980.0,44,27,100.0,112,25.0,0.88,1.0,125.0,125.0,5.0,5.0,980.0,980.0,125.0,125.0,5.0,5.0
507.0,0,8,0,0,night,pa_8_rev,-E7,25.0,5,125.0,5,100.0,66.67,2,2,0,1,980.0,44,27,100.0,112,25.0,0.88,1.0,125.0,125.0,5.0,5.0,980.0,980.0,125.0,125.0,5.0,5.0
508.0,0,8,0,0,night,pa_8_rev,-E7,25.0,5,125.0,5,100.0,66.67,2,2,0,1,980.0,44,27,100.0,112,25.0,0.88,1.0,125.0,125.0,5.0,5.0,980.0,980.0,125.0,125.0,5.0,5.0
509.0,0,8,0,0,night,pa_8_rev,-E7,25.0,5,125.0,5,100.0,66.67,2,2,0,1,980.0,44,27,100.0,112,25.0,0.88,1.0,125.0,125.0,5.0,5.0,980.0,980.0,125.0,125.0,5.0,5.0
510.0,0,8,0,0,night,pa_8_rev,-E7,25.0,5,125.0,5,100.0,66.67,2,2,0,1,980.0,44,27,100.0,112,25.0,0.88,1.0,125.0,125.0,5.0,5.0,980.0,980.0,125.0,125.0,5.0,5.0
511.0,0,8,0,0,night,pa_8_rev,-E7,25.0,5,125.0,5,100.0,66.67,2,2,0,1,980.0,44,27,100.0,111,25.0,0.88,1.0,125.0,125.0,5.0,5.0,980.0,980.0,125.0,125.0,5.0,5.0
512.0,0,8,0,0,night,pa_8_rev,-E7,25.0,5,125.0,5,100.0,66.67,2,2,0,1,980.0,44,28,100.0,111,25.0,0.88,1.0,125.0,125.0,5.0,5.0,980.0,980.0,125.0,125.0,5.0,5.0
513.0,0,8,0,0,night,pa_8_rev,-E7,25.0,5,125.0,5,100.0,66.67,2,2,0,1,980.0,44,28,100.0,111,25.0,0.88,1.0,125.0,125.0,5.0,5.0,980.0,980.0,125.0,125.0,5.0,5.0
514.0,0,8,0,0,night,pa_8_rev,-E7,25.0,5,125.0,5,100.0,66.67,2,2,0,1,980.0,44,28,100.0,111,25.0,0.88,1.0,125.0,125.0,5.0,5.0,980.0,980.0,125.0,125.0,5.0,5.0
515.0,0,8,0,0,night,pa_8_rev,-E7,25.0,5,125.0,5,100.0,66.67,2,2,0,1,980.0,44,28,100.0,115,25.0,0.88,1.0,125.0,125.0,5.0,5.0,980.0,980.0,125.0,125.0,5.0,5.0
516.0,0,8,0,0,night,pa_8_rev,-E7,25.0,5,125.0,5,100.0,66.67,2,2,0,1,980.0,44,28,100.0,115,25.0,0.88,1.0,125.0,125.0,5.0,5.0,980.0,980.0,125.0,125.0,5.0,5.0
517.0,0,8,0,0,night,pa_8_rev,-E7,25.0,5,125.0,5,100.0,66.67,2,2,0,1,980.0,44,28,100.0,115,25.0,0.88,1.0,125.0,125.0,5.0,5.0,980.0,980.0,125.0,125.0,5.0,5.0
518.0,0,8,0,0,night,pa_8_rev,-E7,25.0,5,125.0,5,100.0,66.67,2,2,0,1,980.0,44,28,100.0,114,25.0,0.88,1.0,125.0,125.0,5.0,5.0,980.0,980.0,125.0,125.0,5.0,5.0
519.0,0,8,0,0,night,pa_8_rev,-E7,25.0,5,125.0,5,100.0,66.67,2,2,0,1,980.0,44,28,100.0,114,25.0,0.88,1.0,125.0,125.0,5.0,5.0,980.0,980.0,125.0,125.0,5.0,5.0
520.0,0,8,0,0,night,pa_8_rev,-E7,25.0,5,125.0,5,100.0,66.67,2,2,0,1,980.0,44,28,100.0,114,25.0,0.88,1.0,125.0,125.0,5.0,5.0,980.0,980.0,125.0,125.0,5.0,5.0
521.0,0,8,0,0,night,pa_8_rev,-E7,25.0,5,125.0,5,100.0,66.67,2,2,0,1,980.0,44,28,100.0,115,25.0,0.88,1.0,125.0,125.0,5.0,5.0,980.0,980.0,125.0,125.0,5.0,5.0
522.0,0,8,0,0,night,pa_8_rev,-E7,25.0,5,125.0,5,100.0,66.67,2,2,0,1,980.0,44,28,100.0,115,25.0,0.88,1.0,125.0,125.0,5.0,5.0,980.0,980.0,125.0,125.0,5.0,5.0
523.0,0,8,0,0,night,pa_8_rev,-E7,25.0,5,125.0,5,100.0,66.67,2,2,0,1,980.0,44,28,100.0,115,25.0,0.88,1.0,125.0,125.0,5.0,5.0,980.0,980.0,125.0,125.0,5.0,5.0
524.0,0,8,0,0,night,pa_8_rev,-E7,25.0,5,125.0,5,100.0,66.67,2,2,0,1,980.0,44,28,100.0,115,25.0,0.88,1.0,125.0,125.0,5.0,5.0,980.0,980.0,125.0,125.0,5.0,5.0
525.0,0,8,0,0,night,pa_8_rev,-E7,25.0,5,125.0,5,100.0,66.67,2,2,0,1,980.0,44,29,100.0,115,25.0,0.88,1.0,125.0,125.0,5.0,5.0,980.0,980.0,125.0,125.0,5.0,5.0
526.0,0,8,0,0,night,pa_8_rev,-E7,25.0,5,125.0,5,100.0,66.67,2,2,0,1,980.0,44,29,100.0,115,25.0,0.88,1.0,125.0,125.0,5.0,5.0,980.0,980.0,125.0,125.0,5.0,5.0
527.0,0,8,0,0,night,pa_8_rev,-E7,25.0,5,125.0,5,100.0,66.67,2,2,0,1,980.0,44,29,100.0,114,25.0,0.88,1.0,125.0,125.0,5.0,5.0,980.0,980.0,125.0,125.0,5.0,5.0
528.0,0,8,0,0,night,pa_8_rev,-E7,25.0,5,125.0,5,100.0,66.67,2,2,0,1,980.0,44,29,100.0,114,25.0,0.88,1.0,125.0,125.0,5.0,5.0,980.0,980.0,125.0,125.0,5.0,5.0
529.0,0,8,0,0,night,pa_8_rev,-E7,25.0,5,125.0,5,100.0,66.67,2,2,0,1,980.0,44,29,100.0,114,25.0,0.88,1.0,125.0,125.0,5.0,5.0,980.0,980.0,125.0,125.0,5.0,5.0
530.0,0,8,0,0,night,pa_8_rev,-E7,25.0,5,125.0,5,100.0,66.67,2,2,0,1,980.0,44,29,100.0,113,25.0,0.88,1.0,125.0,125.0,5.0,5.0,980.0,980.0,125.0,125.0,5.0,5.0
531.0,0,8,0,0,night,pa_8_rev,-E7,25.0,5,125.0,5,100.0,66.67,2,2,0,1,980.0,44,29,100.0,113,25.0,0.88,1.0,125.0,125.0,5.0,5.0,980.0,980.0,125.0,125.0,5.0,5.0
532.0,0,8,0,0,night,pa_8_rev,-E7,25.0,5,125.0,5,100.0,66.67,2,2,0,1,980.0,44,29,100.0,113,25.0,0.88,1.0,125.0,125.0,5.0,5.0,980.0,980.0,125.0,125.0,5.0,5.0
533.0,0,8,0,0,night,pa_8_rev,-E7,25.0,5,125.0,5,100.0,66.67,2,2,0,1,980.0,44,30,100.0,113,25.0,0.88,1.0,125.0,125.0,5.0,5.0,980.0,980.0,125.0,125.0,5.0,5.0
534.0,0,8,0,0,night,pa_8_rev,-E7,25.0,5,125.0,5,100.0,66.67,2,2,0,1,980.0,44,30,100.0,113,25.0,0.88,1.0,125.0,125.0,5.0,5.0,980.0,980.0,125.0,125.0,5.0,5.0
535.0,0,8,0,0,night,pa_8_rev,-E7,25.0,5,125.0,5,100.0,66.67,2,2,0,1,980.0,44,30,100.0,112,25.0,0.88,1.0,125.0,125.0,5.0,5.0,980.0,980.0,125.0,125.0,5.0,5.0
536.0,0,8,0,0,night,pa_8_rev,-E7,25.0,5,125.0,5,100.0,66.67,2,2,0,1,980.0,44,30,100.0,112,25.0,0.88,1.0,125.0,125.0,5.0,5.0,980.0,980.0,125.0,125.0,5.0,5.0
537.0,0,8,0,0,night,pa_8_rev,-E7,25.0,5,125.0,5,100.0,66.67,2,2,0,1,980.0,44,30,100.0,112,25.0,0.88,1.0,125.0,125.0,5.0,5.0,980.0,980.0,125.0,125.0,5.0,5.0
538.0,0,8,0,0,night,pa_8_rev,-E7,25.0,5,125.0,5,100.0,66.67,2,2,0,1,980.0,44,30,100.0,112,25.0,0.88,1.0,125.0,125.0,5.0,5.0,980.0,980.0,125.0,125.0,5.0,5.0
539.0,0,8,0,0,night,pa_8_rev,-E7,25.0,5,125.0,5,100.0,66.67,2,2,0,1,980.0,44,30,100.0,112,25.0,0.88,1.0,125.0,125.0,5.0,5.0,980.0,980.0,125.0,125.0,5.0,5.0
540.0,0,9,0,0,night,pa_8_rev,-E7,25.0,5,125.0,5,100.0,66.67,2,2,0,1,980.0,44,31,100.0,112,25.0,0.88,1.0,125.0,125.0,5.0,5.0,980.0,980.0,125.0,125.0,5.0,5.0
541.0,0,9,0,0,night,pa_8_rev,-E7,25.0,5,125.0,5,100.0,66.67,2,2,0,1,980.0,44,31,100.0,115,25.0,0.88,1.0,125.0,125.0,5.0,5.0,980.0,980.0,125.0,125.0,5.0,5.0
542.0,0,9,0,0,night,pa_8_rev,-E7,25.0,5,125.0,5,100.0,66.67,2,2,0,1,980.0,44,31,100.0,115,25.0,0.88,1.0,125.0,125.0,5.0,5.0,980.0,980.0,125.0,125.0,5.0,5.0
543.0,0,9,0,0,night,pa_8_rev,-E7,25.0,5,125.0,5,100.0,66.67,2,2,0,1,980.0,44,32,100.0,117,25.0,0.88,1.0,125.0,125.0,5.0,5.0,980.0,980.0,125.0,125.0,5.0,5.0
544.0,0,9,0,0,night,pa_8_rev,-E7,25.0,5,125.0,5,100.0,66.67,2,2,0,1,980.0,44,32,100.0,117,25.0,0.88,1.0,125.0,125.0,5.0,5.0,980.0,980.0,125.0,125.0,5.0,5.0
545.0,0,9,0,0,night,pa_8_rev,-E7,25.0,5,125.0,5,100.0,66.67,2,2,0,1,980.0,44,32,100.0,117,25.0,0.88,1.0,125.0,125.0,5.0,5.0,980.0,980.0,125.0,125.0,5.0,5.0
546.0,0,9,0,0,night,pa_8_rev,-E7,25.0,5,125.0,5,100.0,66.67,2,2,0,1,980.0,44,32,100.0,117,25.0,0.88,1.0,125.0,125.0,5.0,5.0,980.0,980.0,125.0,125.0,5.0,5.0
547.0,0,9,0,0,night,pa_8_rev,-E7,25.0,5,125.0,5,100.0,66.67,2,2,0,1,980.0,44,32,100.0,118,25.0,0.88,1.0,125.0,125.0,5.0,5.0,980.0,980.0,125.0,125.0,5.0,5.0
548.0,0,9,0,0,night,pa_8_rev,-E7,25.0,5,125.0,5,100.0,66.67,2,2,0,1,980.0,44,34,100.0,117,25.0,0.88,1.0,125.0,125.0,5.0,5.0,980.0,980.0,125.0,125.0,5.0,5.0
549.0,0,9,0,0,night,pa_8_rev,-E7,25.0,5,125.0,5,100.0,66.67,2,2,0,1,980.0,44,35,100.0,116,25.0,0.88,1.0,125.0,125.0,5.0,5.0,980.0,980.0,125.0,125.0,5.0,5.0
550.0,0,9,0,0,night,pa_8_rev,-E7,25.0,5,125.0,5,100.0,100.0,3,3,0,0,980.0,44,39,100.0,116,25.0,1.0,1.0,125.0,125.0,5.0,5.0,980.0,980.0,125.0,125.0,5.0,5.0
551.0,0,9,0,0,night,pa_8_rev,-E7,25.0,5,125.0,5,100.0,100.0,3,3,0,0,980.0,44,39,100.0,116,25.0,1.0,1.0,125.0,125.0,5.0,5.0,980.0,980.0,125.0,125.0,5.0,5.0
552.0,0,9,0,0,night,pa_8_rev,-E7,25.0,5,125.0,5,100.0,100.0,3,3,0,0,980.0,44,40,100.0,116,25.0,1.0,1.0,125.0,125.0,5.0,5.0,980.0,980.0,125.0,125.0,5.0,5.0
553.0,0,9,0,0,night,pa_8_rev,-E7,25.0,5,125.0,5,100.0,100.0,3,3,0,0,980.0,44,40,100.0,116,25.0,1.0,1.0,125.0,125.0,5.0,5.0,980.0,980.0,125.0,125.0,5.0,5.0
554.0,0,9,0,0,night,pa_8_rev,-E7,25.0,5,125.0,5,100.0,100.0,3,3,0,0,980.0,44,40,100.0,116,25.0,1.0,1.0,125.0,125.0,5.0,5.0,980.0,980.0,125.0,125.0,5.0,5.0
555.0,0,9,0,0,night,pa_8_rev,-E7,25.0,5,125.0,5,100.0,100.0,3,3,0,0,980.0,44,40,100.0,115,25.0,1.0,1.0,125.0,125.0,5.0,5.0,980.0,980.0,125.0,125.0,5.0,5.0
556.0,0,9,0,0,night,pa_8_rev,-E7,25.0,5,125.0,5,100.0,100.0,3,3,0,0,980.0,44,40,100.0,115,25.0,1.0,1.0,125.0,125.0,5.0,5.0,980.0,980.0,125.0,125.0,5.0,5.0
557.0,0,9,0,0,night,pa_8_rev,-E7,25.0,5,125.0,5,100.0,100.0,3,3,0,0,980.0,44,40,100.0,114,25.0,1.0,1.0,125.0,125.0,5.0,5.0,980.0,980.0,125.0,125.0,5.0,5.0
558.0,0,9,0,0,night,pa_8_rev,-E7,25.0,5,125.0,5,100.0,100.0,3,3,0,0,980.0,44,40,100.0,114,25.0,1.0,1.0,125.0,125.0,5.0,5.0,980.0,980.0,125.0,125.0,5.0,5.0
559.0,0,9,0,0,night,pa_8_rev,-E7,25.0,5,125.0,5,100.0,100.0,3,3,0,0,980.0,44,40,100.0,113,25.0,1.0,1.0,125.0,125.0,5.0,5.0,980.0,980.0,125.0,125.0,5.0,5.0
560.0,0,9,0,0,night,pa_8_rev,-E7,25.0,5,125.0,5,100.0,100.0,3,3,0,0,980.0,44,40,100.0,113,25.0,1.0,1.0,125.0,125.0,5.0,5.0,980.0,980.0,125.0,125.0,5.0,5.0
561.0,0,9,0,0,night,pa_8_rev,-E7,25.0,5,125.0,5,100.0,100.0,3,3,0,0,980.0,44,41,100.0,115,25.0,1.0,1.0,125.0,125.0,5.0,5.0,980.0,980.0,125.0,125.0,5.0,5.0
562.0,0,9,0,0,night,pa_8_rev,-E7,25.0,5,125.0,5,100.0,100.0,3,3,0,0,980.0,44,41,100.0,115,25.0,1.0,1.0,125.0,125.0,5.0,5.0,980.0,980.0,125.0,125.0,5.0,5.0
563.0,0,9,0,0,night,pa_8_rev,-E7,25.0,5,125.0,5,100.0,100.0,3,3,0,0,980.0,44,41,100.0,115,25.0,1.0,1.0,125.0,125.0,5.0,5.0,980.0,980.0,125.0,125.0,5.0,5.0
564.0,0,9,0,0,night,pa_8_rev,-E7,25.0,5,125.0,5,100.0,100.0,3,3,0,0,980.0,44,41,100.0,114,25.0,1.0,1.0,125.0,125.0,5.0,5.0,980.0,980.0,125.0,125.0,5.0,5.0
565.0,0,9,0,0,night,pa_8_rev,-E7,25.0,5,125.0,5,100.0,100.0,3,3,0,0,980.0,44,42,100.0,114,25.0,1.0,1.0,125.0,125.0,5.0,5.0,980.0,980.0,125.0,125.0,5.0,5.0
566.0,0,9,0,0,night,pa_8_rev,-E7,25.0,5,125.0,5,100.0,100.0,3,3,0,0,980.0,44,42,100.0,116,25.0,1.0,1.0,125.0,125.0,5.0,5.0,980.0,980.0,125.0,125.0,5.0,5.0
567.0,0,9,0,0,night,pa_8_rev,-E7,25.0,5,125.0,5,100.0,100.0,3,3,0,0,980.0,44,42,100.0,116,25.0,1.0,1.0,125.0,125.0,5.0,5.0,980.0,980.0,125.0,125.0,5.0,5.0
568.0,0,9,0,0,night,pa_8_rev,-E7,25.0,5,125.0,5,100.0,100.0,3,3,0,0,980.0,44,42,100.0,116,25.0,1.0,1.0,125.0,125.0,5.0,5.0,980.0,980.0,125.0,125.0,5.0,5.0
569.0,0,9,0,0,night,pa_8_rev,-E7,25.0,5,125.0,5,100.0,100.0,3,3,0,0,980.0,44,42,100.0,114,25.0,1.0,1.0,125.0,125.0,5.0,5.0,980.0,980.0,125.0,125.0,5.0,5.0
570.0,0,9,0,0,night,pa_8_rev,-E7,25.0,5,125.0,5,100.0,100.0,3,3,0,0,980.0,44,42,100.0,114,25.0,1.0,1.0,125.0,125.0,5.0,5.0,980.0,980.0,125.0,125.0,5.0,5.0
571.0,0,9,0,0,night,pa_8_rev,-E7,25.0,5,125.0,5,100.0,100.0,3,3,0,0,980.0,44,42,100.0,114,25.0,1.0,1.0,125.0,125.0,5.0,5.0,980.0,980.0,125.0,125.0,5.0,5.0
572.0,0,9,0,0,night,pa_8_rev,-E7,25.0,5,125.0,5,100.0,100.0,3,3,0,0,980.0,44,42,100.0,114,25.0,1.0,1.0,125.0,125.0,5.0,5.0,980.0,980.0,125.0,125.0,5.0,5.0
573.0,0,9,0,0,night,pa_8_rev,-E7,25.0,5,125.0,5,100.0,100.0,3,3,0,0,980.0,44,42,100.0,112,25.0,1.0,1.0,125.0,125.0,5.0,5.0,980.0,980.0,125.0,125.0,5.0,5.0
574.0,0,9,0,0,night,pa_8_rev,-E7,25.0,5,125.0,5,100.0,100.0,3,3,0,0,980.0,44,42,100.0,112,25.0,1.0,1.0,125.0,125.0,5.0,5.0,980.0,980.0,125.0,125.0,5.0,5.0
575.0,0,9,0,0,night,pa_8_rev,-E7,25.0,5,125.0,5,100.0,100.0,3,3,0,0,980.0,44,42,100.0,111,25.0,1.0,1.0,125.0,125.0,5.0,5.0,980.0,980.0,125.0,125.0,5.0,5.0
576.0,0,9,0,0,night,pa_8_rev,-E7,25.0,5,125.0,5,100.0,100.0,3,3,0,0,980.0,44,42,100.0,110,25.0,1.0,1.0,125.0,125.0,5.0,5.0,980.0,980.0,125.0,125.0,5.0,5.0
577.0,0,9,0,0,night,pa_8_rev,-E7,25.0,5,125.0,5,100.0,100.0,3,3,0,0,980.0,44,42,100.0,114,25.0,1.0,1.0,125.0,125.0,5.0,5.0,980.0,980.0,125.0,125.0,5.0,5.0
578.0,0,9,0,0,night,pa_8_rev,-E7,25.0,5,125.0,5,100.0,100.0,3,3,0,0,980.0,44,42,100.0,114,25.0,1.0,1.0,125.0,125.0,5.0,5.0,980.0,980.0,125.0,125.0,5.0,5.0
579.0,0,9,0,0,night,pa_8_rev,-E7,25.0,5,125.0,5,100.0,100.0,3,3,0,0,980.0,44,42,100.0,114,25.0,1.0,1.0,125.0,125.0,5.0,5.0,980.0,980.0,125.0,125.0,5.0,5.0
580.0,0,9,0,0,night,pa_8_rev,-E7,25.0,5,125.0,5,100.0,100.0,3,3,0,0,980.0,44,42,100.0,114,25.0,1.0,1.0,125.0,125.0,5.0,5.0,980.0,980.0,125.0,125.0,5.0,5.0
581.0,0,9,0,0,night,pa_8_rev,-E7,25.0,5,125.0,5,100.0,100.0,3,3,0,0,980.0,44,42,100.0,114,25.0,1.0,1.0,125.0,125.0,5.0,5.0,980.0,980.0,125.0,125.0,5.0,5.0
582.0,0,9,0,0,night,pa_8_rev,-E7,25.0,5,125.0,5,100.0,100.0,3,3,0,0,980.0,44,43,100.0,114,25.0,1.0,1.0,125.0,125.0,5.0,5.0,980.0,980.0,125.0,125.0,5.0,5.0
583.0,0,9,0,0,night,pa_8_rev,-E7,25.0,5,125.0,5,100.0,100.0,3,3,0,0,980.0,44,43,100.0,114,25.0,1.0,1.0,125.0,125.0,5.0,5.0,980.0,980.0,125.0,125.0,5.0,5.0
584.0,0,9,0,0,night,pa_8_rev,-E7,25.0,5,125.0,5,100.0,100.0,3,3,0,0,980.0,44,43,100.0,113,25.0,1.0,1.0,125.0,125.0,5.0,5.0,980.0,980.0,125.0,125.0,5.0,5.0
585.0,0,9,0,0,night,pa_8_rev,-E7,25.0,5,125.0,5,100.0,100.0,3,3,0,0,980.0,44,43,100.0,113,25.0,1.0,1.0,125.0,125.0,5.0,5.0,980.0,980.0,125.0,125.0,5.0,5.0
586.0,0,9,0,0,night,pa_8_rev,-E7,25.0,5,125.0,5,100.0,100.0,3,3,0,0,980.0,44,43,100.0,114,25.0,1.0,1.0,125.0,125.0,5.0,5.0,980.0,980.0,125.0,125.0,5.0,5.0
587.0,0,9,0,0,night,pa_8_rev,-E7,25.0,5,125.0,5,100.0,100.0,3,3,0,0,980.0,44,44,100.0,114,25.0,1.0,1.0,125.0,125.0,5.0,5.0,980.0,980.0,125.0,125.0,5.0,5.0
588.0,0,9,0,0,night,pa_8_rev,-E7,25.0,5,125.0,5,100.0,100.0,3,3,0,0,980.0,44,44,100.0,113,25.0,1.0,1.0,125.0,125.0,5.0,5.0,980.0,980.0,125.0,125.0,5.0,5.0
589.0,0,9,0,0,night,pa_8_rev,-E7,25.0,5,125.0,5,100.0,100.0,3,3,0,0,980.0,44,44,100.0,113,25.0,1.0,1.0,125.0,125.0,5.0,5.0,980.0,980.0,125.0,125.0,5.0,5.0
590.0,0,9,0,0,night,pa_8_rev,-E7,25.0,5,125.0,5,100.0,100.0,3,3,0,0,980.0,44,44,100.0,113,25.0,1.0,1.0,125.0,125.0,5.0,5.0,980.0,980.0,125.0,125.0,5.0,5.0
591.0,0,9,0,0,night,pa_8_rev,-E7,25.0,5,125.0,5,100.0,100.0,3,3,0,0,980.0,44,44,100.0,113,25.0,1.0,1.0,125.0,125.0,5.0,5.0,980.0,980.0,125.0,125.0,5.0,5.0
592.0,0,9,0,0,night,pa_8_rev,-E7,25.0,5,125.0,5,100.0,100.0,3,3,0,0,980.0,44,44,100.0,113,25.0,1.0,1.0,125.0,125.0,5.0,5.0,980.0,980.0,125.0,125.0,5.0,5.0
593.0,0,9,0,0,night,pa_8_rev,-E7,25.0,5,125.0,5,100.0,100.0,3,3,0,0,980.0,44,44,100.0,113,25.0,1.0,1.0,125.0,125.0,5.0,5.0,980.0,980.0,125.0,125.0,5.0,5.0
594.0,0,9,0,0,night,pa_8_rev,-E7,25.0,5,125.0,5,100.0,100.0,3,3,0,0,980.0,44,44,100.0,113,25.0,1.0,1.0,125.0,125.0,5.0,5.0,980.0,980.0,125.0,125.0,5.0,5.0
595.0,0,9,0,0,night,pa_8_rev,-E7,25.0,5,125.0,5,100.0,100.0,3,3,0,0,980.0,44,44,100.0,113,25.0,1.0,1.0,125.0,125.0,5.0,5.0,980.0,980.0,125.0,125.0,5.0,5.0
596.0,0,9,0,0,night,pa_8_rev,-E7,25.0,5,125.0,5,100.0,100.0,3,3,0,0,980.0,44,44,100.0,113,25.0,1.0,1.0,125.0,125.0,5.0,5.0,980.0,980.0,125.0,125.0,5.0,5.0
597.0,0,9,0,0,night,pa_8_rev,-E7,25.0,5,125.0,5,100.0,100.0,3,3,0,0,980.0,44,44,100.0,113,25.0,1.0,1.0,125.0,125.0,5.0,5.0,980.0,980.0,125.0,125.0,5.0,5.0
598.0,0,9,0,0,night,pa_8_rev,-E7,25.0,5,125.0,5,100.0,100.0,3,3,0,0,980.0,44,44,100.0,111,25.0,1.0,1.0,125.0,125.0,5.0,5.0,980.0,980.0,125.0,125.0,5.0,5.0
599.0,0,9,0,0,night,pa_8_rev,-E7,25.0,5,125.0,5,100.0,100.0,3,3,0,0,980.0,44,45,100.0,111,25.0,1.0,1.0,125.0,125.0,5.0,5.0,980.0,980.0,125.0,125.0,5.0,5.0
600.0,0,10,0,0,night,pa_8_rev,-E7,25.0,5,125.0,5,100.0,100.0,3,3,0,0,980.0,44,45,100.0,110,25.0,1.0,1.0,125.0,125.0,5.0,5.0,980.0,980.0,125.0,125.0,5.0,5.0
