timestep_sec,station_id,station_edge,charging_capacity,waiting_capacity,vehicles_charging,vehicles_waiting,charging_vehicle_ids,waiting_vehicle_ids,charging_times_sec,waiting_times_sec,total_power_load_kW,charging_utilization_percent,waiting_utilization_percent,available_charging_slots,available_waiting_slots
1.0,pa_2,E0,4,3,0,0,NONE,NONE,NONE,NONE,0.0,0.0,0.0,4,3
1.0,pa_2_rev,NEG_E0,4,3,0,0,NONE,NONE,NONE,NONE,0.0,0.0,0.0,4,3
1.0,pa_3,E1,4,3,0,0,NONE,NONE,NONE,NONE,0.0,0.0,0.0,4,3
1.0,pa_3_rev,NEG_E1,4,3,0,0,NONE,NONE,NONE,NONE,0.0,0.0,0.0,4,3
1.0,pa_6,E5,5,3,0,0,NONE,NONE,NONE,NONE,0.0,0.0,0.0,5,3
1.0,pa_6_rev,NEG_E5,5,3,0,0,NONE,NONE,NONE,NONE,0.0,0.0,0.0,5,3
1.0,pa_7,E6,4,2,0,0,NONE,NONE,NONE,NONE,0.0,0.0,0.0,4,2
1.0,pa_7_rev,NEG_E6,4,2,0,0,NONE,NONE,NONE,NONE,0.0,0.0,0.0,4,2
1.0,pa_8,E7,5,3,0,0,NONE,NONE,NONE,NONE,0.0,0.0,0.0,5,3
1.0,pa_8_rev,NEG_E7,5,3,0,0,NONE,NONE,NONE,NONE,0.0,0.0,0.0,5,3
2.0,pa_2,E0,4,3,0,0,NONE,NONE,NONE,NONE,0.0,0.0,0.0,4,3
2.0,pa_2_rev,NEG_E0,4,3,0,0,NONE,NONE,NONE,NONE,0.0,0.0,0.0,4,3
2.0,pa_3,E1,4,3,0,0,NONE,NONE,NONE,NONE,0.0,0.0,0.0,4,3
2.0,pa_3_rev,NEG_E1,4,3,0,0,NONE,NONE,NONE,NONE,0.0,0.0,0.0,4,3
2.0,pa_6,E5,5,3,0,0,NONE,NONE,NONE,NONE,0.0,0.0,0.0,5,3
2.0,pa_6_rev,NEG_E5,5,3,0,0,NONE,NONE,NONE,NONE,0.0,0.0,0.0,5,3
2.0,pa_7,E6,4,2,0,0,NONE,NONE,NONE,NONE,0.0,0.0,0.0,4,2
2.0,pa_7_rev,NEG_E6,4,2,0,0,NONE,NONE,NONE,NONE,0.0,0.0,0.0,4,2
2.0,pa_8,E7,5,3,0,0,NONE,NONE,NONE,NONE,0.0,0.0,0.0,5,3
2.0,pa_8_rev,NEG_E7,5,3,0,0,NONE,NONE,NONE,NONE,0.0,0.0,0.0,5,3
3.0,pa_2,E0,4,3,0,0,NONE,NONE,NONE,NONE,0.0,0.0,0.0,4,3
3.0,pa_2_rev,NEG_E0,4,3,0,0,NONE,NONE,NONE,NONE,0.0,0.0,0.0,4,3
3.0,pa_3,E1,4,3,0,0,NONE,NONE,NONE,NONE,0.0,0.0,0.0,4,3
3.0,pa_3_rev,NEG_E1,4,3,0,0,NONE,NONE,NONE,NONE,0.0,0.0,0.0,4,3
3.0,pa_6,E5,5,3,0,0,NONE,NONE,NONE,NONE,0.0,0.0,0.0,5,3
3.0,pa_6_rev,NEG_E5,5,3,0,0,NONE,NONE,NONE,NONE,0.0,0.0,0.0,5,3
3.0,pa_7,E6,4,2,0,0,NONE,NONE,NONE,NONE,0.0,0.0,0.0,4,2
3.0,pa_7_rev,NEG_E6,4,2,0,0,NONE,NONE,NONE,NONE,0.0,0.0,0.0,4,2
3.0,pa_8,E7,5,3,0,0,NONE,NONE,NONE,NONE,0.0,0.0,0.0,5,3
3.0,pa_8_rev,NEG_E7,5,3,0,0,NONE,NONE,NONE,NONE,0.0,0.0,0.0,5,3
4.0,pa_2,E0,4,3,0,0,NONE,NONE,NONE,NONE,0.0,0.0,0.0,4,3
4.0,pa_2_rev,NEG_E0,4,3,0,0,NONE,NONE,NONE,NONE,0.0,0.0,0.0,4,3
4.0,pa_3,E1,4,3,0,0,NONE,NONE,NONE,NONE,0.0,0.0,0.0,4,3
4.0,pa_3_rev,NEG_E1,4,3,0,0,NONE,NONE,NONE,NONE,0.0,0.0,0.0,4,3
4.0,pa_6,E5,5,3,0,0,NONE,NONE,NONE,NONE,0.0,0.0,0.0,5,3
4.0,pa_6_rev,NEG_E5,5,3,0,0,NONE,NONE,NONE,NONE,0.0,0.0,0.0,5,3
4.0,pa_7,E6,4,2,0,0,NONE,NONE,NONE,NONE,0.0,0.0,0.0,4,2
4.0,pa_7_rev,NEG_E6,4,2,0,0,NONE,NONE,NONE,NONE,0.0,0.0,0.0,4,2
4.0,pa_8,E7,5,3,0,0,NONE,NONE,NONE,NONE,0.0,0.0,0.0,5,3
4.0,pa_8_rev,NEG_E7,5,3,0,0,NONE,NONE,NONE,NONE,0.0,0.0,0.0,5,3
5.0,pa_2,E0,4,3,0,0,NONE,NONE,NONE,NONE,0.0,0.0,0.0,4,3
5.0,pa_2_rev,NEG_E0,4,3,0,0,NONE,NONE,NONE,NONE,0.0,0.0,0.0,4,3
5.0,pa_3,E1,4,3,0,0,NONE,NONE,NONE,NONE,0.0,0.0,0.0,4,3
5.0,pa_3_rev,NEG_E1,4,3,0,0,NONE,NONE,NONE,NONE,0.0,0.0,0.0,4,3
5.0,pa_6,E5,5,3,0,0,NONE,NONE,NONE,NONE,0.0,0.0,0.0,5,3
5.0,pa_6_rev,NEG_E5,5,3,0,0,NONE,NONE,NONE,NONE,0.0,0.0,0.0,5,3
5.0,pa_7,E6,4,2,0,0,NONE,NONE,NONE,NONE,0.0,0.0,0.0,4,2
5.0,pa_7_rev,NEG_E6,4,2,0,0,NONE,NONE,NONE,NONE,0.0,0.0,0.0,4,2
5.0,pa_8,E7,5,3,0,0,NONE,NONE,NONE,NONE,0.0,0.0,0.0,5,3
5.0,pa_8_rev,NEG_E7,5,3,0,0,NONE,NONE,NONE,NONE,0.0,0.0,0.0,5,3
6.0,pa_2,E0,4,3,0,0,NONE,NONE,NONE,NONE,0.0,0.0,0.0,4,3
6.0,pa_2_rev,NEG_E0,4,3,0,0,NONE,NONE,NONE,NONE,0.0,0.0,0.0,4,3
6.0,pa_3,E1,4,3,0,0,NONE,NONE,NONE,NONE,0.0,0.0,0.0,4,3
6.0,pa_3_rev,NEG_E1,4,3,0,0,NONE,NONE,NONE,NONE,0.0,0.0,0.0,4,3
6.0,pa_6,E5,5,3,0,0,NONE,NONE,NONE,NONE,0.0,0.0,0.0,5,3
6.0,pa_6_rev,NEG_E5,5,3,0,0,NONE,NONE,NONE,NONE,0.0,0.0,0.0,5,3
6.0,pa_7,E6,4,2,0,0,NONE,NONE,NONE,NONE,0.0,0.0,0.0,4,2
6.0,pa_7_rev,NEG_E6,4,2,0,0,NONE,NONE,NONE,NONE,0.0,0.0,0.0,4,2
6.0,pa_8,E7,5,3,0,0,NONE,NONE,NONE,NONE,0.0,0.0,0.0,5,3
6.0,pa_8_rev,NEG_E7,5,3,0,0,NONE,NONE,NONE,NONE,0.0,0.0,0.0,5,3
7.0,pa_2,E0,4,3,0,0,NONE,NONE,NONE,NONE,0.0,0.0,0.0,4,3
7.0,pa_2_rev,NEG_E0,4,3,0,0,NONE,NONE,NONE,NONE,0.0,0.0,0.0,4,3
7.0,pa_3,E1,4,3,0,0,NONE,NONE,NONE,NONE,0.0,0.0,0.0,4,3
7.0,pa_3_rev,NEG_E1,4,3,0,0,NONE,NONE,NONE,NONE,0.0,0.0,0.0,4,3
7.0,pa_6,E5,5,3,0,0,NONE,NONE,NONE,NONE,0.0,0.0,0.0,5,3
7.0,pa_6_rev,NEG_E5,5,3,0,0,NONE,NONE,NONE,NONE,0.0,0.0,0.0,5,3
7.0,pa_7,E6,4,2,0,0,NONE,NONE,NONE,NONE,0.0,0.0,0.0,4,2
7.0,pa_7_rev,NEG_E6,4,2,0,0,NONE,NONE,NONE,NONE,0.0,0.0,0.0,4,2
7.0,pa_8,E7,5,3,0,0,NONE,NONE,NONE,NONE,0.0,0.0,0.0,5,3
7.0,pa_8_rev,NEG_E7,5,3,0,0,NONE,NONE,NONE,NONE,0.0,0.0,0.0,5,3
8.0,pa_2,E0,4,3,0,0,NONE,NONE,NONE,NONE,0.0,0.0,0.0,4,3
8.0,pa_2_rev,NEG_E0,4,3,0,0,NONE,NONE,NONE,NONE,0.0,0.0,0.0,4,3
8.0,pa_3,E1,4,3,0,0,NONE,NONE,NONE,NONE,0.0,0.0,0.0,4,3
8.0,pa_3_rev,NEG_E1,4,3,0,0,NONE,NONE,NONE,NONE,0.0,0.0,0.0,4,3
8.0,pa_6,E5,5,3,0,0,NONE,NONE,NONE,NONE,0.0,0.0,0.0,5,3
8.0,pa_6_rev,NEG_E5,5,3,0,0,NONE,NONE,NONE,NONE,0.0,0.0,0.0,5,3
8.0,pa_7,E6,4,2,0,0,NONE,NONE,NONE,NONE,0.0,0.0,0.0,4,2
8.0,pa_7_rev,NEG_E6,4,2,0,0,NONE,NONE,NONE,NONE,0.0,0.0,0.0,4,2
8.0,pa_8,E7,5,3,0,0,NONE,NONE,NONE,NONE,0.0,0.0,0.0,5,3
8.0,pa_8_rev,NEG_E7,5,3,0,0,NONE,NONE,NONE,NONE,0.0,0.0,0.0,5,3
9.0,pa_2,E0,4,3,0,0,NONE,NONE,NONE,NONE,0.0,0.0,0.0,4,3
9.0,pa_2_rev,NEG_E0,4,3,0,0,NONE,NONE,NONE,NONE,0.0,0.0,0.0,4,3
9.0,pa_3,E1,4,3,0,0,NONE,NONE,NONE,NONE,0.0,0.0,0.0,4,3
9.0,pa_3_rev,NEG_E1,4,3,0,0,NONE,NONE,NONE,NONE,0.0,0.0,0.0,4,3
9.0,pa_6,E5,5,3,0,0,NONE,NONE,NONE,NONE,0.0,0.0,0.0,5,3
9.0,pa_6_rev,NEG_E5,5,3,0,0,NONE,NONE,NONE,NONE,0.0,0.0,0.0,5,3
9.0,pa_7,E6,4,2,0,0,NONE,NONE,NONE,NONE,0.0,0.0,0.0,4,2
9.0,pa_7_rev,NEG_E6,4,2,0,0,NONE,NONE,NONE,NONE,0.0,0.0,0.0,4,2
9.0,pa_8,E7,5,3,0,0,NONE,NONE,NONE,NONE,0.0,0.0,0.0,5,3
9.0,pa_8_rev,NEG_E7,5,3,0,0,NONE,NONE,NONE,NONE,0.0,0.0,0.0,5,3
10.0,pa_2,E0,4,3,0,0,NONE,NONE,NONE,NONE,0.0,0.0,0.0,4,3
10.0,pa_2_rev,NEG_E0,4,3,0,0,NONE,NONE,NONE,NONE,0.0,0.0,0.0,4,3
10.0,pa_3,E1,4,3,0,0,NONE,NONE,NONE,NONE,0.0,0.0,0.0,4,3
10.0,pa_3_rev,NEG_E1,4,3,0,0,NONE,NONE,NONE,NONE,0.0,0.0,0.0,4,3
10.0,pa_6,E5,5,3,0,0,NONE,NONE,NONE,NONE,0.0,0.0,0.0,5,3
10.0,pa_6_rev,NEG_E5,5,3,0,0,NONE,NONE,NONE,NONE,0.0,0.0,0.0,5,3
10.0,pa_7,E6,4,2,0,0,NONE,NONE,NONE,NONE,0.0,0.0,0.0,4,2
10.0,pa_7_rev,NEG_E6,4,2,0,0,NONE,NONE,NONE,NONE,0.0,0.0,0.0,4,2
10.0,pa_8,E7,5,3,0,0,NONE,NONE,NONE,NONE,0.0,0.0,0.0,5,3
10.0,pa_8_rev,NEG_E7,5,3,0,0,NONE,NONE,NONE,NONE,0.0,0.0,0.0,5,3
11.0,pa_2,E0,4,3,0,0,NONE,NONE,NONE,NONE,0.0,0.0,0.0,4,3
11.0,pa_2_rev,NEG_E0,4,3,0,0,NONE,NONE,NONE,NONE,0.0,0.0,0.0,4,3
11.0,pa_3,E1,4,3,0,0,NONE,NONE,NONE,NONE,0.0,0.0,0.0,4,3
11.0,pa_3_rev,NEG_E1,4,3,0,0,NONE,NONE,NONE,NONE,0.0,0.0,0.0,4,3
11.0,pa_6,E5,5,3,0,0,NONE,NONE,NONE,NONE,0.0,0.0,0.0,5,3
11.0,pa_6_rev,NEG_E5,5,3,0,0,NONE,NONE,NONE,NONE,0.0,0.0,0.0,5,3
11.0,pa_7,E6,4,2,0,0,NONE,NONE,NONE,NONE,0.0,0.0,0.0,4,2
11.0,pa_7_rev,NEG_E6,4,2,0,0,NONE,NONE,NONE,NONE,0.0,0.0,0.0,4,2
11.0,pa_8,E7,5,3,0,0,NONE,NONE,NONE,NONE,0.0,0.0,0.0,5,3
11.0,pa_8_rev,NEG_E7,5,3,0,0,NONE,NONE,NONE,NONE,0.0,0.0,0.0,5,3
12.0,pa_2,E0,4,3,0,0,NONE,NONE,NONE,NONE,0.0,0.0,0.0,4,3
12.0,pa_2_rev,NEG_E0,4,3,0,0,NONE,NONE,NONE,NONE,0.0,0.0,0.0,4,3
12.0,pa_3,E1,4,3,0,0,NONE,NONE,NONE,NONE,0.0,0.0,0.0,4,3
12.0,pa_3_rev,NEG_E1,4,3,0,0,NONE,NONE,NONE,NONE,0.0,0.0,0.0,4,3
12.0,pa_6,E5,5,3,0,0,NONE,NONE,NONE,NONE,0.0,0.0,0.0,5,3
12.0,pa_6_rev,NEG_E5,5,3,0,0,NONE,NONE,NONE,NONE,0.0,0.0,0.0,5,3
12.0,pa_7,E6,4,2,0,0,NONE,NONE,NONE,NONE,0.0,0.0,0.0,4,2
12.0,pa_7_rev,NEG_E6,4,2,0,0,NONE,NONE,NONE,NONE,0.0,0.0,0.0,4,2
12.0,pa_8,E7,5,3,0,0,NONE,NONE,NONE,NONE,0.0,0.0,0.0,5,3
12.0,pa_8_rev,NEG_E7,5,3,0,0,NONE,NONE,NONE,NONE,0.0,0.0,0.0,5,3
13.0,pa_2,E0,4,3,0,0,NONE,NONE,NONE,NONE,0.0,0.0,0.0,4,3
13.0,pa_2_rev,NEG_E0,4,3,0,0,NONE,NONE,NONE,NONE,0.0,0.0,0.0,4,3
13.0,pa_3,E1,4,3,0,0,NONE,NONE,NONE,NONE,0.0,0.0,0.0,4,3
13.0,pa_3_rev,NEG_E1,4,3,0,0,NONE,NONE,NONE,NONE,0.0,0.0,0.0,4,3
13.0,pa_6,E5,5,3,0,0,NONE,NONE,NONE,NONE,0.0,0.0,0.0,5,3
13.0,pa_6_rev,NEG_E5,5,3,0,0,NONE,NONE,NONE,NONE,0.0,0.0,0.0,5,3
13.0,pa_7,E6,4,2,0,0,NONE,NONE,NONE,NONE,0.0,0.0,0.0,4,2
13.0,pa_7_rev,NEG_E6,4,2,0,0,NONE,NONE,NONE,NONE,0.0,0.0,0.0,4,2
13.0,pa_8,E7,5,3,0,0,NONE,NONE,NONE,NONE,0.0,0.0,0.0,5,3
13.0,pa_8_rev,NEG_E7,5,3,0,0,NONE,NONE,NONE,NONE,0.0,0.0,0.0,5,3
14.0,pa_2,E0,4,3,0,0,NONE,NONE,NONE,NONE,0.0,0.0,0.0,4,3
14.0,pa_2_rev,NEG_E0,4,3,0,0,NONE,NONE,NONE,NONE,0.0,0.0,0.0,4,3
14.0,pa_3,E1,4,3,0,0,NONE,NONE,NONE,NONE,0.0,0.0,0.0,4,3
14.0,pa_3_rev,NEG_E1,4,3,0,0,NONE,NONE,NONE,NONE,0.0,0.0,0.0,4,3
14.0,pa_6,E5,5,3,0,0,NONE,NONE,NONE,NONE,0.0,0.0,0.0,5,3
14.0,pa_6_rev,NEG_E5,5,3,0,0,NONE,NONE,NONE,NONE,0.0,0.0,0.0,5,3
14.0,pa_7,E6,4,2,0,0,NONE,NONE,NONE,NONE,0.0,0.0,0.0,4,2
14.0,pa_7_rev,NEG_E6,4,2,0,0,NONE,NONE,NONE,NONE,0.0,0.0,0.0,4,2
14.0,pa_8,E7,5,3,0,0,NONE,NONE,NONE,NONE,0.0,0.0,0.0,5,3
14.0,pa_8_rev,NEG_E7,5,3,0,0,NONE,NONE,NONE,NONE,0.0,0.0,0.0,5,3
15.0,pa_2,E0,4,3,0,0,NONE,NONE,NONE,NONE,0.0,0.0,0.0,4,3
15.0,pa_2_rev,NEG_E0,4,3,0,0,NONE,NONE,NONE,NONE,0.0,0.0,0.0,4,3
15.0,pa_3,E1,4,3,0,0,NONE,NONE,NONE,NONE,0.0,0.0,0.0,4,3
15.0,pa_3_rev,NEG_E1,4,3,0,0,NONE,NONE,NONE,NONE,0.0,0.0,0.0,4,3
15.0,pa_6,E5,5,3,0,0,NONE,NONE,NONE,NONE,0.0,0.0,0.0,5,3
15.0,pa_6_rev,NEG_E5,5,3,0,0,NONE,NONE,NONE,NONE,0.0,0.0,0.0,5,3
15.0,pa_7,E6,4,2,0,0,NONE,NONE,NONE,NONE,0.0,0.0,0.0,4,2
15.0,pa_7_rev,NEG_E6,4,2,0,0,NONE,NONE,NONE,NONE,0.0,0.0,0.0,4,2
15.0,pa_8,E7,5,3,0,0,NONE,NONE,NONE,NONE,0.0,0.0,0.0,5,3
15.0,pa_8_rev,NEG_E7,5,3,0,0,NONE,NONE,NONE,NONE,0.0,0.0,0.0,5,3
16.0,pa_2,E0,4,3,0,0,NONE,NONE,NONE,NONE,0.0,0.0,0.0,4,3
16.0,pa_2_rev,NEG_E0,4,3,0,0,NONE,NONE,NONE,NONE,0.0,0.0,0.0,4,3
16.0,pa_3,E1,4,3,0,0,NONE,NONE,NONE,NONE,0.0,0.0,0.0,4,3
16.0,pa_3_rev,NEG_E1,4,3,0,0,NONE,NONE,NONE,NONE,0.0,0.0,0.0,4,3
16.0,pa_6,E5,5,3,0,0,NONE,NONE,NONE,NONE,0.0,0.0,0.0,5,3
16.0,pa_6_rev,NEG_E5,5,3,0,0,NONE,NONE,NONE,NONE,0.0,0.0,0.0,5,3
16.0,pa_7,E6,4,2,0,0,NONE,NONE,NONE,NONE,0.0,0.0,0.0,4,2
16.0,pa_7_rev,NEG_E6,4,2,0,0,NONE,NONE,NONE,NONE,0.0,0.0,0.0,4,2
16.0,pa_8,E7,5,3,0,0,NONE,NONE,NONE,NONE,0.0,0.0,0.0,5,3
16.0,pa_8_rev,NEG_E7,5,3,0,0,NONE,NONE,NONE,NONE,0.0,0.0,0.0,5,3
17.0,pa_2,E0,4,3,0,0,NONE,NONE,NONE,NONE,0.0,0.0,0.0,4,3
17.0,pa_2_rev,NEG_E0,4,3,0,0,NONE,NONE,NONE,NONE,0.0,0.0,0.0,4,3
17.0,pa_3,E1,4,3,0,0,NONE,NONE,NONE,NONE,0.0,0.0,0.0,4,3
17.0,pa_3_rev,NEG_E1,4,3,0,0,NONE,NONE,NONE,NONE,0.0,0.0,0.0,4,3
17.0,pa_6,E5,5,3,0,0,NONE,NONE,NONE,NONE,0.0,0.0,0.0,5,3
17.0,pa_6_rev,NEG_E5,5,3,0,0,NONE,NONE,NONE,NONE,0.0,0.0,0.0,5,3
17.0,pa_7,E6,4,2,0,0,NONE,NONE,NONE,NONE,0.0,0.0,0.0,4,2
17.0,pa_7_rev,NEG_E6,4,2,0,0,NONE,NONE,NONE,NONE,0.0,0.0,0.0,4,2
17.0,pa_8,E7,5,3,0,0,NONE,NONE,NONE,NONE,0.0,0.0,0.0,5,3
17.0,pa_8_rev,NEG_E7,5,3,0,0,NONE,NONE,NONE,NONE,0.0,0.0,0.0,5,3
18.0,pa_2,E0,4,3,0,0,NONE,NONE,NONE,NONE,0.0,0.0,0.0,4,3
18.0,pa_2_rev,NEG_E0,4,3,0,0,NONE,NONE,NONE,NONE,0.0,0.0,0.0,4,3
18.0,pa_3,E1,4,3,0,0,NONE,NONE,NONE,NONE,0.0,0.0,0.0,4,3
18.0,pa_3_rev,NEG_E1,4,3,0,0,NONE,NONE,NONE,NONE,0.0,0.0,0.0,4,3
18.0,pa_6,E5,5,3,0,0,NONE,NONE,NONE,NONE,0.0,0.0,0.0,5,3
18.0,pa_6_rev,NEG_E5,5,3,0,0,NONE,NONE,NONE,NONE,0.0,0.0,0.0,5,3
18.0,pa_7,E6,4,2,0,0,NONE,NONE,NONE,NONE,0.0,0.0,0.0,4,2
18.0,pa_7_rev,NEG_E6,4,2,0,0,NONE,NONE,NONE,NONE,0.0,0.0,0.0,4,2
18.0,pa_8,E7,5,3,0,0,NONE,NONE,NONE,NONE,0.0,0.0,0.0,5,3
18.0,pa_8_rev,NEG_E7,5,3,0,0,NONE,NONE,NONE,NONE,0.0,0.0,0.0,5,3
19.0,pa_2,E0,4,3,0,0,NONE,NONE,NONE,NONE,0.0,0.0,0.0,4,3
19.0,pa_2_rev,NEG_E0,4,3,0,0,NONE,NONE,NONE,NONE,0.0,0.0,0.0,4,3
19.0,pa_3,E1,4,3,0,0,NONE,NONE,NONE,NONE,0.0,0.0,0.0,4,3
19.0,pa_3_rev,NEG_E1,4,3,0,0,NONE,NONE,NONE,NONE,0.0,0.0,0.0,4,3
19.0,pa_6,E5,5,3,0,0,NONE,NONE,NONE,NONE,0.0,0.0,0.0,5,3
19.0,pa_6_rev,NEG_E5,5,3,0,0,NONE,NONE,NONE,NONE,0.0,0.0,0.0,5,3
19.0,pa_7,E6,4,2,0,0,NONE,NONE,NONE,NONE,0.0,0.0,0.0,4,2
19.0,pa_7_rev,NEG_E6,4,2,0,0,NONE,NONE,NONE,NONE,0.0,0.0,0.0,4,2
19.0,pa_8,E7,5,3,0,0,NONE,NONE,NONE,NONE,0.0,0.0,0.0,5,3
19.0,pa_8_rev,NEG_E7,5,3,0,0,NONE,NONE,NONE,NONE,0.0,0.0,0.0,5,3
20.0,pa_2,E0,4,3,0,0,NONE,NONE,NONE,NONE,0.0,0.0,0.0,4,3
20.0,pa_2_rev,NEG_E0,4,3,0,0,NONE,NONE,NONE,NONE,0.0,0.0,0.0,4,3
20.0,pa_3,E1,4,3,0,0,NONE,NONE,NONE,NONE,0.0,0.0,0.0,4,3
20.0,pa_3_rev,NEG_E1,4,3,0,0,NONE,NONE,NONE,NONE,0.0,0.0,0.0,4,3
20.0,pa_6,E5,5,3,0,0,NONE,NONE,NONE,NONE,0.0,0.0,0.0,5,3
20.0,pa_6_rev,NEG_E5,5,3,0,0,NONE,NONE,NONE,NONE,0.0,0.0,0.0,5,3
20.0,pa_7,E6,4,2,0,0,NONE,NONE,NONE,NONE,0.0,0.0,0.0,4,2
20.0,pa_7_rev,NEG_E6,4,2,0,0,NONE,NONE,NONE,NONE,0.0,0.0,0.0,4,2
20.0,pa_8,E7,5,3,0,0,NONE,NONE,NONE,NONE,0.0,0.0,0.0,5,3
20.0,pa_8_rev,NEG_E7,5,3,0,0,NONE,NONE,NONE,NONE,0.0,0.0,0.0,5,3
21.0,pa_2,E0,4,3,0,0,NONE,NONE,NONE,NONE,0.0,0.0,0.0,4,3
21.0,pa_2_rev,NEG_E0,4,3,0,0,NONE,NONE,NONE,NONE,0.0,0.0,0.0,4,3
21.0,pa_3,E1,4,3,0,0,NONE,NONE,NONE,NONE,0.0,0.0,0.0,4,3
21.0,pa_3_rev,NEG_E1,4,3,0,0,NONE,NONE,NONE,NONE,0.0,0.0,0.0,4,3
21.0,pa_6,E5,5,3,0,0,NONE,NONE,NONE,NONE,0.0,0.0,0.0,5,3
21.0,pa_6_rev,NEG_E5,5,3,0,0,NONE,NONE,NONE,NONE,0.0,0.0,0.0,5,3
21.0,pa_7,E6,4,2,0,0,NONE,NONE,NONE,NONE,0.0,0.0,0.0,4,2
21.0,pa_7_rev,NEG_E6,4,2,0,0,NONE,NONE,NONE,NONE,0.0,0.0,0.0,4,2
21.0,pa_8,E7,5,3,0,0,NONE,NONE,NONE,NONE,0.0,0.0,0.0,5,3
21.0,pa_8_rev,NEG_E7,5,3,0,0,NONE,NONE,NONE,NONE,0.0,0.0,0.0,5,3
22.0,pa_2,E0,4,3,0,0,NONE,NONE,NONE,NONE,0.0,0.0,0.0,4,3
22.0,pa_2_rev,NEG_E0,4,3,0,0,NONE,NONE,NONE,NONE,0.0,0.0,0.0,4,3
22.0,pa_3,E1,4,3,0,0,NONE,NONE,NONE,NONE,0.0,0.0,0.0,4,3
22.0,pa_3_rev,NEG_E1,4,3,0,0,NONE,NONE,NONE,NONE,0.0,0.0,0.0,4,3
22.0,pa_6,E5,5,3,0,0,NONE,NONE,NONE,NONE,0.0,0.0,0.0,5,3
22.0,pa_6_rev,NEG_E5,5,3,0,0,NONE,NONE,NONE,NONE,0.0,0.0,0.0,5,3
22.0,pa_7,E6,4,2,0,0,NONE,NONE,NONE,NONE,0.0,0.0,0.0,4,2
22.0,pa_7_rev,NEG_E6,4,2,0,0,NONE,NONE,NONE,NONE,0.0,0.0,0.0,4,2
22.0,pa_8,E7,5,3,0,0,NONE,NONE,NONE,NONE,0.0,0.0,0.0,5,3
22.0,pa_8_rev,NEG_E7,5,3,0,0,NONE,NONE,NONE,NONE,0.0,0.0,0.0,5,3
23.0,pa_2,E0,4,3,0,0,NONE,NONE,NONE,NONE,0.0,0.0,0.0,4,3
23.0,pa_2_rev,NEG_E0,4,3,0,0,NONE,NONE,NONE,NONE,0.0,0.0,0.0,4,3
23.0,pa_3,E1,4,3,0,0,NONE,NONE,NONE,NONE,0.0,0.0,0.0,4,3
23.0,pa_3_rev,NEG_E1,4,3,0,0,NONE,NONE,NONE,NONE,0.0,0.0,0.0,4,3
23.0,pa_6,E5,5,3,0,0,NONE,NONE,NONE,NONE,0.0,0.0,0.0,5,3
23.0,pa_6_rev,NEG_E5,5,3,0,0,NONE,NONE,NONE,NONE,0.0,0.0,0.0,5,3
23.0,pa_7,E6,4,2,0,0,NONE,NONE,NONE,NONE,0.0,0.0,0.0,4,2
23.0,pa_7_rev,NEG_E6,4,2,0,0,NONE,NONE,NONE,NONE,0.0,0.0,0.0,4,2
23.0,pa_8,E7,5,3,0,0,NONE,NONE,NONE,NONE,0.0,0.0,0.0,5,3
23.0,pa_8_rev,NEG_E7,5,3,0,0,NONE,NONE,NONE,NONE,0.0,0.0,0.0,5,3
24.0,pa_2,E0,4,3,0,0,NONE,NONE,NONE,NONE,0.0,0.0,0.0,4,3
24.0,pa_2_rev,NEG_E0,4,3,0,0,NONE,NONE,NONE,NONE,0.0,0.0,0.0,4,3
24.0,pa_3,E1,4,3,0,0,NONE,NONE,NONE,NONE,0.0,0.0,0.0,4,3
24.0,pa_3_rev,NEG_E1,4,3,0,0,NONE,NONE,NONE,NONE,0.0,0.0,0.0,4,3
24.0,pa_6,E5,5,3,0,0,NONE,NONE,NONE,NONE,0.0,0.0,0.0,5,3
24.0,pa_6_rev,NEG_E5,5,3,0,0,NONE,NONE,NONE,NONE,0.0,0.0,0.0,5,3
24.0,pa_7,E6,4,2,0,0,NONE,NONE,NONE,NONE,0.0,0.0,0.0,4,2
24.0,pa_7_rev,NEG_E6,4,2,0,0,NONE,NONE,NONE,NONE,0.0,0.0,0.0,4,2
24.0,pa_8,E7,5,3,0,0,NONE,NONE,NONE,NONE,0.0,0.0,0.0,5,3
24.0,pa_8_rev,NEG_E7,5,3,0,0,NONE,NONE,NONE,NONE,0.0,0.0,0.0,5,3
25.0,pa_2,E0,4,3,0,0,NONE,NONE,NONE,NONE,0.0,0.0,0.0,4,3
25.0,pa_2_rev,NEG_E0,4,3,0,0,NONE,NONE,NONE,NONE,0.0,0.0,0.0,4,3
25.0,pa_3,E1,4,3,0,0,NONE,NONE,NONE,NONE,0.0,0.0,0.0,4,3
25.0,pa_3_rev,NEG_E1,4,3,0,0,NONE,NONE,NONE,NONE,0.0,0.0,0.0,4,3
25.0,pa_6,E5,5,3,0,0,NONE,NONE,NONE,NONE,0.0,0.0,0.0,5,3
25.0,pa_6_rev,NEG_E5,5,3,0,0,NONE,NONE,NONE,NONE,0.0,0.0,0.0,5,3
25.0,pa_7,E6,4,2,0,0,NONE,NONE,NONE,NONE,0.0,0.0,0.0,4,2
25.0,pa_7_rev,NEG_E6,4,2,0,0,NONE,NONE,NONE,NONE,0.0,0.0,0.0,4,2
25.0,pa_8,E7,5,3,0,0,NONE,NONE,NONE,NONE,0.0,0.0,0.0,5,3
25.0,pa_8_rev,NEG_E7,5,3,0,0,NONE,NONE,NONE,NONE,0.0,0.0,0.0,5,3
26.0,pa_2,E0,4,3,0,0,NONE,NONE,NONE,NONE,0.0,0.0,0.0,4,3
26.0,pa_2_rev,NEG_E0,4,3,0,0,NONE,NONE,NONE,NONE,0.0,0.0,0.0,4,3
26.0,pa_3,E1,4,3,0,0,NONE,NONE,NONE,NONE,0.0,0.0,0.0,4,3
26.0,pa_3_rev,NEG_E1,4,3,0,0,NONE,NONE,NONE,NONE,0.0,0.0,0.0,4,3
26.0,pa_6,E5,5,3,0,0,NONE,NONE,NONE,NONE,0.0,0.0,0.0,5,3
26.0,pa_6_rev,NEG_E5,5,3,0,0,NONE,NONE,NONE,NONE,0.0,0.0,0.0,5,3
26.0,pa_7,E6,4,2,0,0,NONE,NONE,NONE,NONE,0.0,0.0,0.0,4,2
26.0,pa_7_rev,NEG_E6,4,2,0,0,NONE,NONE,NONE,NONE,0.0,0.0,0.0,4,2
26.0,pa_8,E7,5,3,0,0,NONE,NONE,NONE,NONE,0.0,0.0,0.0,5,3
26.0,pa_8_rev,NEG_E7,5,3,0,0,NONE,NONE,NONE,NONE,0.0,0.0,0.0,5,3
27.0,pa_2,E0,4,3,0,0,NONE,NONE,NONE,NONE,0.0,0.0,0.0,4,3
27.0,pa_2_rev,NEG_E0,4,3,0,0,NONE,NONE,NONE,NONE,0.0,0.0,0.0,4,3
27.0,pa_3,E1,4,3,0,0,NONE,NONE,NONE,NONE,0.0,0.0,0.0,4,3
27.0,pa_3_rev,NEG_E1,4,3,0,0,NONE,NONE,NONE,NONE,0.0,0.0,0.0,4,3
27.0,pa_6,E5,5,3,0,0,NONE,NONE,NONE,NONE,0.0,0.0,0.0,5,3
27.0,pa_6_rev,NEG_E5,5,3,0,0,NONE,NONE,NONE,NONE,0.0,0.0,0.0,5,3
27.0,pa_7,E6,4,2,0,0,NONE,NONE,NONE,NONE,0.0,0.0,0.0,4,2
27.0,pa_7_rev,NEG_E6,4,2,0,0,NONE,NONE,NONE,NONE,0.0,0.0,0.0,4,2
27.0,pa_8,E7,5,3,0,0,NONE,NONE,NONE,NONE,0.0,0.0,0.0,5,3
27.0,pa_8_rev,NEG_E7,5,3,0,0,NONE,NONE,NONE,NONE,0.0,0.0,0.0,5,3
28.0,pa_2,E0,4,3,0,0,NONE,NONE,NONE,NONE,0.0,0.0,0.0,4,3
28.0,pa_2_rev,NEG_E0,4,3,0,0,NONE,NONE,NONE,NONE,0.0,0.0,0.0,4,3
28.0,pa_3,E1,4,3,0,0,NONE,NONE,NONE,NONE,0.0,0.0,0.0,4,3
28.0,pa_3_rev,NEG_E1,4,3,0,0,NONE,NONE,NONE,NONE,0.0,0.0,0.0,4,3
28.0,pa_6,E5,5,3,0,0,NONE,NONE,NONE,NONE,0.0,0.0,0.0,5,3
28.0,pa_6_rev,NEG_E5,5,3,0,0,NONE,NONE,NONE,NONE,0.0,0.0,0.0,5,3
28.0,pa_7,E6,4,2,0,0,NONE,NONE,NONE,NONE,0.0,0.0,0.0,4,2
28.0,pa_7_rev,NEG_E6,4,2,0,0,NONE,NONE,NONE,NONE,0.0,0.0,0.0,4,2
28.0,pa_8,E7,5,3,0,0,NONE,NONE,NONE,NONE,0.0,0.0,0.0,5,3
28.0,pa_8_rev,NEG_E7,5,3,0,0,NONE,NONE,NONE,NONE,0.0,0.0,0.0,5,3
29.0,pa_2,E0,4,3,0,0,NONE,NONE,NONE,NONE,0.0,0.0,0.0,4,3
29.0,pa_2_rev,NEG_E0,4,3,0,0,NONE,NONE,NONE,NONE,0.0,0.0,0.0,4,3
29.0,pa_3,E1,4,3,0,0,NONE,NONE,NONE,NONE,0.0,0.0,0.0,4,3
29.0,pa_3_rev,NEG_E1,4,3,0,0,NONE,NONE,NONE,NONE,0.0,0.0,0.0,4,3
29.0,pa_6,E5,5,3,0,0,NONE,NONE,NONE,NONE,0.0,0.0,0.0,5,3
29.0,pa_6_rev,NEG_E5,5,3,0,0,NONE,NONE,NONE,NONE,0.0,0.0,0.0,5,3
29.0,pa_7,E6,4,2,0,0,NONE,NONE,NONE,NONE,0.0,0.0,0.0,4,2
29.0,pa_7_rev,NEG_E6,4,2,0,0,NONE,NONE,NONE,NONE,0.0,0.0,0.0,4,2
29.0,pa_8,E7,5,3,0,0,NONE,NONE,NONE,NONE,0.0,0.0,0.0,5,3
29.0,pa_8_rev,NEG_E7,5,3,0,0,NONE,NONE,NONE,NONE,0.0,0.0,0.0,5,3
30.0,pa_2,E0,4,3,0,0,NONE,NONE,NONE,NONE,0.0,0.0,0.0,4,3
30.0,pa_2_rev,NEG_E0,4,3,0,0,NONE,NONE,NONE,NONE,0.0,0.0,0.0,4,3
30.0,pa_3,E1,4,3,0,0,NONE,NONE,NONE,NONE,0.0,0.0,0.0,4,3
30.0,pa_3_rev,NEG_E1,4,3,0,0,NONE,NONE,NONE,NONE,0.0,0.0,0.0,4,3
30.0,pa_6,E5,5,3,0,0,NONE,NONE,NONE,NONE,0.0,0.0,0.0,5,3
30.0,pa_6_rev,NEG_E5,5,3,0,0,NONE,NONE,NONE,NONE,0.0,0.0,0.0,5,3
30.0,pa_7,E6,4,2,0,0,NONE,NONE,NONE,NONE,0.0,0.0,0.0,4,2
30.0,pa_7_rev,NEG_E6,4,2,0,0,NONE,NONE,NONE,NONE,0.0,0.0,0.0,4,2
30.0,pa_8,E7,5,3,0,0,NONE,NONE,NONE,NONE,0.0,0.0,0.0,5,3
30.0,pa_8_rev,NEG_E7,5,3,0,0,NONE,NONE,NONE,NONE,0.0,0.0,0.0,5,3
31.0,pa_2,E0,4,3,0,0,NONE,NONE,NONE,NONE,0.0,0.0,0.0,4,3
31.0,pa_2_rev,NEG_E0,4,3,0,0,NONE,NONE,NONE,NONE,0.0,0.0,0.0,4,3
31.0,pa_3,E1,4,3,0,0,NONE,NONE,NONE,NONE,0.0,0.0,0.0,4,3
31.0,pa_3_rev,NEG_E1,4,3,0,0,NONE,NONE,NONE,NONE,0.0,0.0,0.0,4,3
31.0,pa_6,E5,5,3,0,0,NONE,NONE,NONE,NONE,0.0,0.0,0.0,5,3
31.0,pa_6_rev,NEG_E5,5,3,0,0,NONE,NONE,NONE,NONE,0.0,0.0,0.0,5,3
31.0,pa_7,E6,4,2,0,0,NONE,NONE,NONE,NONE,0.0,0.0,0.0,4,2
31.0,pa_7_rev,NEG_E6,4,2,0,0,NONE,NONE,NONE,NONE,0.0,0.0,0.0,4,2
31.0,pa_8,E7,5,3,0,0,NONE,NONE,NONE,NONE,0.0,0.0,0.0,5,3
31.0,pa_8_rev,NEG_E7,5,3,0,0,NONE,NONE,NONE,NONE,0.0,0.0,0.0,5,3
32.0,pa_2,E0,4,3,0,0,NONE,NONE,NONE,NONE,0.0,0.0,0.0,4,3
32.0,pa_2_rev,NEG_E0,4,3,0,0,NONE,NONE,NONE,NONE,0.0,0.0,0.0,4,3
32.0,pa_3,E1,4,3,0,0,NONE,NONE,NONE,NONE,0.0,0.0,0.0,4,3
32.0,pa_3_rev,NEG_E1,4,3,0,0,NONE,NONE,NONE,NONE,0.0,0.0,0.0,4,3
32.0,pa_6,E5,5,3,0,0,NONE,NONE,NONE,NONE,0.0,0.0,0.0,5,3
32.0,pa_6_rev,NEG_E5,5,3,0,0,NONE,NONE,NONE,NONE,0.0,0.0,0.0,5,3
32.0,pa_7,E6,4,2,0,0,NONE,NONE,NONE,NONE,0.0,0.0,0.0,4,2
32.0,pa_7_rev,NEG_E6,4,2,0,0,NONE,NONE,NONE,NONE,0.0,0.0,0.0,4,2
32.0,pa_8,E7,5,3,0,0,NONE,NONE,NONE,NONE,0.0,0.0,0.0,5,3
32.0,pa_8_rev,NEG_E7,5,3,0,0,NONE,NONE,NONE,NONE,0.0,0.0,0.0,5,3
33.0,pa_2,E0,4,3,0,0,NONE,NONE,NONE,NONE,0.0,0.0,0.0,4,3
33.0,pa_2_rev,NEG_E0,4,3,0,0,NONE,NONE,NONE,NONE,0.0,0.0,0.0,4,3
33.0,pa_3,E1,4,3,0,0,NONE,NONE,NONE,NONE,0.0,0.0,0.0,4,3
33.0,pa_3_rev,NEG_E1,4,3,0,0,NONE,NONE,NONE,NONE,0.0,0.0,0.0,4,3
33.0,pa_6,E5,5,3,0,0,NONE,NONE,NONE,NONE,0.0,0.0,0.0,5,3
33.0,pa_6_rev,NEG_E5,5,3,0,0,NONE,NONE,NONE,NONE,0.0,0.0,0.0,5,3
33.0,pa_7,E6,4,2,0,0,NONE,NONE,NONE,NONE,0.0,0.0,0.0,4,2
33.0,pa_7_rev,NEG_E6,4,2,0,0,NONE,NONE,NONE,NONE,0.0,0.0,0.0,4,2
33.0,pa_8,E7,5,3,0,0,NONE,NONE,NONE,NONE,0.0,0.0,0.0,5,3
33.0,pa_8_rev,NEG_E7,5,3,0,0,NONE,NONE,NONE,NONE,0.0,0.0,0.0,5,3
34.0,pa_2,E0,4,3,0,0,NONE,NONE,NONE,NONE,0.0,0.0,0.0,4,3
34.0,pa_2_rev,NEG_E0,4,3,0,0,NONE,NONE,NONE,NONE,0.0,0.0,0.0,4,3
34.0,pa_3,E1,4,3,0,0,NONE,NONE,NONE,NONE,0.0,0.0,0.0,4,3
34.0,pa_3_rev,NEG_E1,4,3,0,0,NONE,NONE,NONE,NONE,0.0,0.0,0.0,4,3
34.0,pa_6,E5,5,3,0,0,NONE,NONE,NONE,NONE,0.0,0.0,0.0,5,3
34.0,pa_6_rev,NEG_E5,5,3,0,0,NONE,NONE,NONE,NONE,0.0,0.0,0.0,5,3
34.0,pa_7,E6,4,2,0,0,NONE,NONE,NONE,NONE,0.0,0.0,0.0,4,2
34.0,pa_7_rev,NEG_E6,4,2,0,0,NONE,NONE,NONE,NONE,0.0,0.0,0.0,4,2
34.0,pa_8,E7,5,3,0,0,NONE,NONE,NONE,NONE,0.0,0.0,0.0,5,3
34.0,pa_8_rev,NEG_E7,5,3,0,0,NONE,NONE,NONE,NONE,0.0,0.0,0.0,5,3
35.0,pa_2,E0,4,3,0,0,NONE,NONE,NONE,NONE,0.0,0.0,0.0,4,3
35.0,pa_2_rev,NEG_E0,4,3,0,0,NONE,NONE,NONE,NONE,0.0,0.0,0.0,4,3
35.0,pa_3,E1,4,3,0,0,NONE,NONE,NONE,NONE,0.0,0.0,0.0,4,3
35.0,pa_3_rev,NEG_E1,4,3,0,0,NONE,NONE,NONE,NONE,0.0,0.0,0.0,4,3
35.0,pa_6,E5,5,3,0,0,NONE,NONE,NONE,NONE,0.0,0.0,0.0,5,3
35.0,pa_6_rev,NEG_E5,5,3,0,0,NONE,NONE,NONE,NONE,0.0,0.0,0.0,5,3
35.0,pa_7,E6,4,2,0,0,NONE,NONE,NONE,NONE,0.0,0.0,0.0,4,2
35.0,pa_7_rev,NEG_E6,4,2,0,0,NONE,NONE,NONE,NONE,0.0,0.0,0.0,4,2
35.0,pa_8,E7,5,3,0,0,NONE,NONE,NONE,NONE,0.0,0.0,0.0,5,3
35.0,pa_8_rev,NEG_E7,5,3,0,0,NONE,NONE,NONE,NONE,0.0,0.0,0.0,5,3
36.0,pa_2,E0,4,3,0,0,NONE,NONE,NONE,NONE,0.0,0.0,0.0,4,3
36.0,pa_2_rev,NEG_E0,4,3,0,0,NONE,NONE,NONE,NONE,0.0,0.0,0.0,4,3
36.0,pa_3,E1,4,3,0,0,NONE,NONE,NONE,NONE,0.0,0.0,0.0,4,3
36.0,pa_3_rev,NEG_E1,4,3,0,0,NONE,NONE,NONE,NONE,0.0,0.0,0.0,4,3
36.0,pa_6,E5,5,3,0,0,NONE,NONE,NONE,NONE,0.0,0.0,0.0,5,3
36.0,pa_6_rev,NEG_E5,5,3,0,0,NONE,NONE,NONE,NONE,0.0,0.0,0.0,5,3
36.0,pa_7,E6,4,2,0,0,NONE,NONE,NONE,NONE,0.0,0.0,0.0,4,2
36.0,pa_7_rev,NEG_E6,4,2,0,0,NONE,NONE,NONE,NONE,0.0,0.0,0.0,4,2
36.0,pa_8,E7,5,3,0,0,NONE,NONE,NONE,NONE,0.0,0.0,0.0,5,3
36.0,pa_8_rev,NEG_E7,5,3,0,0,NONE,NONE,NONE,NONE,0.0,0.0,0.0,5,3
37.0,pa_2,E0,4,3,0,0,NONE,NONE,NONE,NONE,0.0,0.0,0.0,4,3
37.0,pa_2_rev,NEG_E0,4,3,0,0,NONE,NONE,NONE,NONE,0.0,0.0,0.0,4,3
37.0,pa_3,E1,4,3,0,0,NONE,NONE,NONE,NONE,0.0,0.0,0.0,4,3
37.0,pa_3_rev,NEG_E1,4,3,0,0,NONE,NONE,NONE,NONE,0.0,0.0,0.0,4,3
37.0,pa_6,E5,5,3,0,0,NONE,NONE,NONE,NONE,0.0,0.0,0.0,5,3
37.0,pa_6_rev,NEG_E5,5,3,0,0,NONE,NONE,NONE,NONE,0.0,0.0,0.0,5,3
37.0,pa_7,E6,4,2,0,0,NONE,NONE,NONE,NONE,0.0,0.0,0.0,4,2
37.0,pa_7_rev,NEG_E6,4,2,0,0,NONE,NONE,NONE,NONE,0.0,0.0,0.0,4,2
37.0,pa_8,E7,5,3,0,0,NONE,NONE,NONE,NONE,0.0,0.0,0.0,5,3
37.0,pa_8_rev,NEG_E7,5,3,0,0,NONE,NONE,NONE,NONE,0.0,0.0,0.0,5,3
38.0,pa_2,E0,4,3,0,0,NONE,NONE,NONE,NONE,0.0,0.0,0.0,4,3
38.0,pa_2_rev,NEG_E0,4,3,0,0,NONE,NONE,NONE,NONE,0.0,0.0,0.0,4,3
38.0,pa_3,E1,4,3,0,0,NONE,NONE,NONE,NONE,0.0,0.0,0.0,4,3
38.0,pa_3_rev,NEG_E1,4,3,0,0,NONE,NONE,NONE,NONE,0.0,0.0,0.0,4,3
38.0,pa_6,E5,5,3,0,0,NONE,NONE,NONE,NONE,0.0,0.0,0.0,5,3
38.0,pa_6_rev,NEG_E5,5,3,0,0,NONE,NONE,NONE,NONE,0.0,0.0,0.0,5,3
38.0,pa_7,E6,4,2,0,0,NONE,NONE,NONE,NONE,0.0,0.0,0.0,4,2
38.0,pa_7_rev,NEG_E6,4,2,0,0,NONE,NONE,NONE,NONE,0.0,0.0,0.0,4,2
38.0,pa_8,E7,5,3,0,0,NONE,NONE,NONE,NONE,0.0,0.0,0.0,5,3
38.0,pa_8_rev,NEG_E7,5,3,0,0,NONE,NONE,NONE,NONE,0.0,0.0,0.0,5,3
39.0,pa_2,E0,4,3,0,0,NONE,NONE,NONE,NONE,0.0,0.0,0.0,4,3
39.0,pa_2_rev,NEG_E0,4,3,0,0,NONE,NONE,NONE,NONE,0.0,0.0,0.0,4,3
39.0,pa_3,E1,4,3,0,0,NONE,NONE,NONE,NONE,0.0,0.0,0.0,4,3
39.0,pa_3_rev,NEG_E1,4,3,0,0,NONE,NONE,NONE,NONE,0.0,0.0,0.0,4,3
39.0,pa_6,E5,5,3,0,0,NONE,NONE,NONE,NONE,0.0,0.0,0.0,5,3
39.0,pa_6_rev,NEG_E5,5,3,0,0,NONE,NONE,NONE,NONE,0.0,0.0,0.0,5,3
39.0,pa_7,E6,4,2,0,0,NONE,NONE,NONE,NONE,0.0,0.0,0.0,4,2
39.0,pa_7_rev,NEG_E6,4,2,0,0,NONE,NONE,NONE,NONE,0.0,0.0,0.0,4,2
39.0,pa_8,E7,5,3,0,0,NONE,NONE,NONE,NONE,0.0,0.0,0.0,5,3
39.0,pa_8_rev,NEG_E7,5,3,0,0,NONE,NONE,NONE,NONE,0.0,0.0,0.0,5,3
40.0,pa_2,E0,4,3,0,0,NONE,NONE,NONE,NONE,0.0,0.0,0.0,4,3
40.0,pa_2_rev,NEG_E0,4,3,0,0,NONE,NONE,NONE,NONE,0.0,0.0,0.0,4,3
40.0,pa_3,E1,4,3,0,0,NONE,NONE,NONE,NONE,0.0,0.0,0.0,4,3
40.0,pa_3_rev,NEG_E1,4,3,0,0,NONE,NONE,NONE,NONE,0.0,0.0,0.0,4,3
40.0,pa_6,E5,5,3,0,0,NONE,NONE,NONE,NONE,0.0,0.0,0.0,5,3
40.0,pa_6_rev,NEG_E5,5,3,0,0,NONE,NONE,NONE,NONE,0.0,0.0,0.0,5,3
40.0,pa_7,E6,4,2,0,0,NONE,NONE,NONE,NONE,0.0,0.0,0.0,4,2
40.0,pa_7_rev,NEG_E6,4,2,0,0,NONE,NONE,NONE,NONE,0.0,0.0,0.0,4,2
40.0,pa_8,E7,5,3,0,0,NONE,NONE,NONE,NONE,0.0,0.0,0.0,5,3
40.0,pa_8_rev,NEG_E7,5,3,0,0,NONE,NONE,NONE,NONE,0.0,0.0,0.0,5,3
41.0,pa_2,E0,4,3,0,0,NONE,NONE,NONE,NONE,0.0,0.0,0.0,4,3
41.0,pa_2_rev,NEG_E0,4,3,0,0,NONE,NONE,NONE,NONE,0.0,0.0,0.0,4,3
41.0,pa_3,E1,4,3,0,0,NONE,NONE,NONE,NONE,0.0,0.0,0.0,4,3
41.0,pa_3_rev,NEG_E1,4,3,0,0,NONE,NONE,NONE,NONE,0.0,0.0,0.0,4,3
41.0,pa_6,E5,5,3,0,0,NONE,NONE,NONE,NONE,0.0,0.0,0.0,5,3
41.0,pa_6_rev,NEG_E5,5,3,0,0,NONE,NONE,NONE,NONE,0.0,0.0,0.0,5,3
41.0,pa_7,E6,4,2,0,0,NONE,NONE,NONE,NONE,0.0,0.0,0.0,4,2
41.0,pa_7_rev,NEG_E6,4,2,0,0,NONE,NONE,NONE,NONE,0.0,0.0,0.0,4,2
41.0,pa_8,E7,5,3,0,0,NONE,NONE,NONE,NONE,0.0,0.0,0.0,5,3
41.0,pa_8_rev,NEG_E7,5,3,0,0,NONE,NONE,NONE,NONE,0.0,0.0,0.0,5,3
42.0,pa_2,E0,4,3,0,0,NONE,NONE,NONE,NONE,0.0,0.0,0.0,4,3
42.0,pa_2_rev,NEG_E0,4,3,0,0,NONE,NONE,NONE,NONE,0.0,0.0,0.0,4,3
42.0,pa_3,E1,4,3,0,0,NONE,NONE,NONE,NONE,0.0,0.0,0.0,4,3
42.0,pa_3_rev,NEG_E1,4,3,0,0,NONE,NONE,NONE,NONE,0.0,0.0,0.0,4,3
42.0,pa_6,E5,5,3,0,0,NONE,NONE,NONE,NONE,0.0,0.0,0.0,5,3
42.0,pa_6_rev,NEG_E5,5,3,0,0,NONE,NONE,NONE,NONE,0.0,0.0,0.0,5,3
42.0,pa_7,E6,4,2,0,0,NONE,NONE,NONE,NONE,0.0,0.0,0.0,4,2
42.0,pa_7_rev,NEG_E6,4,2,0,0,NONE,NONE,NONE,NONE,0.0,0.0,0.0,4,2
42.0,pa_8,E7,5,3,0,0,NONE,NONE,NONE,NONE,0.0,0.0,0.0,5,3
42.0,pa_8_rev,NEG_E7,5,3,0,0,NONE,NONE,NONE,NONE,0.0,0.0,0.0,5,3
43.0,pa_2,E0,4,3,0,0,NONE,NONE,NONE,NONE,0.0,0.0,0.0,4,3
43.0,pa_2_rev,NEG_E0,4,3,0,0,NONE,NONE,NONE,NONE,0.0,0.0,0.0,4,3
43.0,pa_3,E1,4,3,0,0,NONE,NONE,NONE,NONE,0.0,0.0,0.0,4,3
43.0,pa_3_rev,NEG_E1,4,3,0,0,NONE,NONE,NONE,NONE,0.0,0.0,0.0,4,3
43.0,pa_6,E5,5,3,0,0,NONE,NONE,NONE,NONE,0.0,0.0,0.0,5,3
43.0,pa_6_rev,NEG_E5,5,3,0,0,NONE,NONE,NONE,NONE,0.0,0.0,0.0,5,3
43.0,pa_7,E6,4,2,0,0,NONE,NONE,NONE,NONE,0.0,0.0,0.0,4,2
43.0,pa_7_rev,NEG_E6,4,2,0,0,NONE,NONE,NONE,NONE,0.0,0.0,0.0,4,2
43.0,pa_8,E7,5,3,0,0,NONE,NONE,NONE,NONE,0.0,0.0,0.0,5,3
43.0,pa_8_rev,NEG_E7,5,3,0,0,NONE,NONE,NONE,NONE,0.0,0.0,0.0,5,3
44.0,pa_2,E0,4,3,0,0,NONE,NONE,NONE,NONE,0.0,0.0,0.0,4,3
44.0,pa_2_rev,NEG_E0,4,3,0,0,NONE,NONE,NONE,NONE,0.0,0.0,0.0,4,3
44.0,pa_3,E1,4,3,0,0,NONE,NONE,NONE,NONE,0.0,0.0,0.0,4,3
44.0,pa_3_rev,NEG_E1,4,3,0,0,NONE,NONE,NONE,NONE,0.0,0.0,0.0,4,3
44.0,pa_6,E5,5,3,0,0,NONE,NONE,NONE,NONE,0.0,0.0,0.0,5,3
44.0,pa_6_rev,NEG_E5,5,3,0,0,NONE,NONE,NONE,NONE,0.0,0.0,0.0,5,3
44.0,pa_7,E6,4,2,0,0,NONE,NONE,NONE,NONE,0.0,0.0,0.0,4,2
44.0,pa_7_rev,NEG_E6,4,2,0,0,NONE,NONE,NONE,NONE,0.0,0.0,0.0,4,2
44.0,pa_8,E7,5,3,0,0,NONE,NONE,NONE,NONE,0.0,0.0,0.0,5,3
44.0,pa_8_rev,NEG_E7,5,3,0,0,NONE,NONE,NONE,NONE,0.0,0.0,0.0,5,3
45.0,pa_2,E0,4,3,0,0,NONE,NONE,NONE,NONE,0.0,0.0,0.0,4,3
45.0,pa_2_rev,NEG_E0,4,3,0,0,NONE,NONE,NONE,NONE,0.0,0.0,0.0,4,3
45.0,pa_3,E1,4,3,0,0,NONE,NONE,NONE,NONE,0.0,0.0,0.0,4,3
45.0,pa_3_rev,NEG_E1,4,3,0,0,NONE,NONE,NONE,NONE,0.0,0.0,0.0,4,3
45.0,pa_6,E5,5,3,0,0,NONE,NONE,NONE,NONE,0.0,0.0,0.0,5,3
45.0,pa_6_rev,NEG_E5,5,3,0,0,NONE,NONE,NONE,NONE,0.0,0.0,0.0,5,3
45.0,pa_7,E6,4,2,0,0,NONE,NONE,NONE,NONE,0.0,0.0,0.0,4,2
45.0,pa_7_rev,NEG_E6,4,2,0,0,NONE,NONE,NONE,NONE,0.0,0.0,0.0,4,2
45.0,pa_8,E7,5,3,0,0,NONE,NONE,NONE,NONE,0.0,0.0,0.0,5,3
45.0,pa_8_rev,NEG_E7,5,3,0,0,NONE,NONE,NONE,NONE,0.0,0.0,0.0,5,3
46.0,pa_2,E0,4,3,0,0,NONE,NONE,NONE,NONE,0.0,0.0,0.0,4,3
46.0,pa_2_rev,NEG_E0,4,3,0,0,NONE,NONE,NONE,NONE,0.0,0.0,0.0,4,3
46.0,pa_3,E1,4,3,0,0,NONE,NONE,NONE,NONE,0.0,0.0,0.0,4,3
46.0,pa_3_rev,NEG_E1,4,3,0,0,NONE,NONE,NONE,NONE,0.0,0.0,0.0,4,3
46.0,pa_6,E5,5,3,0,0,NONE,NONE,NONE,NONE,0.0,0.0,0.0,5,3
46.0,pa_6_rev,NEG_E5,5,3,0,0,NONE,NONE,NONE,NONE,0.0,0.0,0.0,5,3
46.0,pa_7,E6,4,2,0,0,NONE,NONE,NONE,NONE,0.0,0.0,0.0,4,2
46.0,pa_7_rev,NEG_E6,4,2,0,0,NONE,NONE,NONE,NONE,0.0,0.0,0.0,4,2
46.0,pa_8,E7,5,3,0,0,NONE,NONE,NONE,NONE,0.0,0.0,0.0,5,3
46.0,pa_8_rev,NEG_E7,5,3,0,0,NONE,NONE,NONE,NONE,0.0,0.0,0.0,5,3
47.0,pa_2,E0,4,3,0,0,NONE,NONE,NONE,NONE,0.0,0.0,0.0,4,3
47.0,pa_2_rev,NEG_E0,4,3,0,0,NONE,NONE,NONE,NONE,0.0,0.0,0.0,4,3
47.0,pa_3,E1,4,3,0,0,NONE,NONE,NONE,NONE,0.0,0.0,0.0,4,3
47.0,pa_3_rev,NEG_E1,4,3,0,0,NONE,NONE,NONE,NONE,0.0,0.0,0.0,4,3
47.0,pa_6,E5,5,3,0,0,NONE,NONE,NONE,NONE,0.0,0.0,0.0,5,3
47.0,pa_6_rev,NEG_E5,5,3,0,0,NONE,NONE,NONE,NONE,0.0,0.0,0.0,5,3
47.0,pa_7,E6,4,2,0,0,NONE,NONE,NONE,NONE,0.0,0.0,0.0,4,2
47.0,pa_7_rev,NEG_E6,4,2,0,0,NONE,NONE,NONE,NONE,0.0,0.0,0.0,4,2
47.0,pa_8,E7,5,3,0,0,NONE,NONE,NONE,NONE,0.0,0.0,0.0,5,3
47.0,pa_8_rev,NEG_E7,5,3,0,0,NONE,NONE,NONE,NONE,0.0,0.0,0.0,5,3
48.0,pa_2,E0,4,3,0,0,NONE,NONE,NONE,NONE,0.0,0.0,0.0,4,3
48.0,pa_2_rev,NEG_E0,4,3,0,0,NONE,NONE,NONE,NONE,0.0,0.0,0.0,4,3
48.0,pa_3,E1,4,3,0,0,NONE,NONE,NONE,NONE,0.0,0.0,0.0,4,3
48.0,pa_3_rev,NEG_E1,4,3,0,0,NONE,NONE,NONE,NONE,0.0,0.0,0.0,4,3
48.0,pa_6,E5,5,3,0,0,NONE,NONE,NONE,NONE,0.0,0.0,0.0,5,3
48.0,pa_6_rev,NEG_E5,5,3,0,0,NONE,NONE,NONE,NONE,0.0,0.0,0.0,5,3
48.0,pa_7,E6,4,2,0,0,NONE,NONE,NONE,NONE,0.0,0.0,0.0,4,2
48.0,pa_7_rev,NEG_E6,4,2,0,0,NONE,NONE,NONE,NONE,0.0,0.0,0.0,4,2
48.0,pa_8,E7,5,3,0,0,NONE,NONE,NONE,NONE,0.0,0.0,0.0,5,3
48.0,pa_8_rev,NEG_E7,5,3,0,0,NONE,NONE,NONE,NONE,0.0,0.0,0.0,5,3
49.0,pa_2,E0,4,3,0,0,NONE,NONE,NONE,NONE,0.0,0.0,0.0,4,3
49.0,pa_2_rev,NEG_E0,4,3,0,0,NONE,NONE,NONE,NONE,0.0,0.0,0.0,4,3
49.0,pa_3,E1,4,3,0,0,NONE,NONE,NONE,NONE,0.0,0.0,0.0,4,3
49.0,pa_3_rev,NEG_E1,4,3,0,0,NONE,NONE,NONE,NONE,0.0,0.0,0.0,4,3
49.0,pa_6,E5,5,3,0,0,NONE,NONE,NONE,NONE,0.0,0.0,0.0,5,3
49.0,pa_6_rev,NEG_E5,5,3,0,0,NONE,NONE,NONE,NONE,0.0,0.0,0.0,5,3
49.0,pa_7,E6,4,2,0,0,NONE,NONE,NONE,NONE,0.0,0.0,0.0,4,2
49.0,pa_7_rev,NEG_E6,4,2,0,0,NONE,NONE,NONE,NONE,0.0,0.0,0.0,4,2
49.0,pa_8,E7,5,3,0,0,NONE,NONE,NONE,NONE,0.0,0.0,0.0,5,3
49.0,pa_8_rev,NEG_E7,5,3,0,0,NONE,NONE,NONE,NONE,0.0,0.0,0.0,5,3
50.0,pa_2,E0,4,3,0,0,NONE,NONE,NONE,NONE,0.0,0.0,0.0,4,3
50.0,pa_2_rev,NEG_E0,4,3,0,0,NONE,NONE,NONE,NONE,0.0,0.0,0.0,4,3
50.0,pa_3,E1,4,3,0,0,NONE,NONE,NONE,NONE,0.0,0.0,0.0,4,3
50.0,pa_3_rev,NEG_E1,4,3,0,0,NONE,NONE,NONE,NONE,0.0,0.0,0.0,4,3
50.0,pa_6,E5,5,3,0,0,NONE,NONE,NONE,NONE,0.0,0.0,0.0,5,3
50.0,pa_6_rev,NEG_E5,5,3,0,0,NONE,NONE,NONE,NONE,0.0,0.0,0.0,5,3
50.0,pa_7,E6,4,2,0,0,NONE,NONE,NONE,NONE,0.0,0.0,0.0,4,2
50.0,pa_7_rev,NEG_E6,4,2,0,0,NONE,NONE,NONE,NONE,0.0,0.0,0.0,4,2
50.0,pa_8,E7,5,3,0,0,NONE,NONE,NONE,NONE,0.0,0.0,0.0,5,3
50.0,pa_8_rev,NEG_E7,5,3,0,0,NONE,NONE,NONE,NONE,0.0,0.0,0.0,5,3
51.0,pa_2,E0,4,3,0,0,NONE,NONE,NONE,NONE,0.0,0.0,0.0,4,3
51.0,pa_2_rev,NEG_E0,4,3,0,0,NONE,NONE,NONE,NONE,0.0,0.0,0.0,4,3
51.0,pa_3,E1,4,3,0,0,NONE,NONE,NONE,NONE,0.0,0.0,0.0,4,3
51.0,pa_3_rev,NEG_E1,4,3,0,0,NONE,NONE,NONE,NONE,0.0,0.0,0.0,4,3
51.0,pa_6,E5,5,3,0,0,NONE,NONE,NONE,NONE,0.0,0.0,0.0,5,3
51.0,pa_6_rev,NEG_E5,5,3,0,0,NONE,NONE,NONE,NONE,0.0,0.0,0.0,5,3
51.0,pa_7,E6,4,2,0,0,NONE,NONE,NONE,NONE,0.0,0.0,0.0,4,2
51.0,pa_7_rev,NEG_E6,4,2,0,0,NONE,NONE,NONE,NONE,0.0,0.0,0.0,4,2
51.0,pa_8,E7,5,3,0,0,NONE,NONE,NONE,NONE,0.0,0.0,0.0,5,3
51.0,pa_8_rev,NEG_E7,5,3,0,0,NONE,NONE,NONE,NONE,0.0,0.0,0.0,5,3
52.0,pa_2,E0,4,3,0,0,NONE,NONE,NONE,NONE,0.0,0.0,0.0,4,3
52.0,pa_2_rev,NEG_E0,4,3,0,0,NONE,NONE,NONE,NONE,0.0,0.0,0.0,4,3
52.0,pa_3,E1,4,3,0,0,NONE,NONE,NONE,NONE,0.0,0.0,0.0,4,3
52.0,pa_3_rev,NEG_E1,4,3,0,0,NONE,NONE,NONE,NONE,0.0,0.0,0.0,4,3
52.0,pa_6,E5,5,3,0,0,NONE,NONE,NONE,NONE,0.0,0.0,0.0,5,3
52.0,pa_6_rev,NEG_E5,5,3,0,0,NONE,NONE,NONE,NONE,0.0,0.0,0.0,5,3
52.0,pa_7,E6,4,2,0,0,NONE,NONE,NONE,NONE,0.0,0.0,0.0,4,2
52.0,pa_7_rev,NEG_E6,4,2,0,0,NONE,NONE,NONE,NONE,0.0,0.0,0.0,4,2
52.0,pa_8,E7,5,3,0,0,NONE,NONE,NONE,NONE,0.0,0.0,0.0,5,3
52.0,pa_8_rev,NEG_E7,5,3,0,0,NONE,NONE,NONE,NONE,0.0,0.0,0.0,5,3
53.0,pa_2,E0,4,3,0,0,NONE,NONE,NONE,NONE,0.0,0.0,0.0,4,3
53.0,pa_2_rev,NEG_E0,4,3,0,0,NONE,NONE,NONE,NONE,0.0,0.0,0.0,4,3
53.0,pa_3,E1,4,3,0,0,NONE,NONE,NONE,NONE,0.0,0.0,0.0,4,3
53.0,pa_3_rev,NEG_E1,4,3,0,0,NONE,NONE,NONE,NONE,0.0,0.0,0.0,4,3
53.0,pa_6,E5,5,3,0,0,NONE,NONE,NONE,NONE,0.0,0.0,0.0,5,3
53.0,pa_6_rev,NEG_E5,5,3,0,0,NONE,NONE,NONE,NONE,0.0,0.0,0.0,5,3
53.0,pa_7,E6,4,2,0,0,NONE,NONE,NONE,NONE,0.0,0.0,0.0,4,2
53.0,pa_7_rev,NEG_E6,4,2,0,0,NONE,NONE,NONE,NONE,0.0,0.0,0.0,4,2
53.0,pa_8,E7,5,3,0,0,NONE,NONE,NONE,NONE,0.0,0.0,0.0,5,3
53.0,pa_8_rev,NEG_E7,5,3,0,0,NONE,NONE,NONE,NONE,0.0,0.0,0.0,5,3
54.0,pa_2,E0,4,3,0,0,NONE,NONE,NONE,NONE,0.0,0.0,0.0,4,3
54.0,pa_2_rev,NEG_E0,4,3,0,0,NONE,NONE,NONE,NONE,0.0,0.0,0.0,4,3
54.0,pa_3,E1,4,3,0,0,NONE,NONE,NONE,NONE,0.0,0.0,0.0,4,3
54.0,pa_3_rev,NEG_E1,4,3,0,0,NONE,NONE,NONE,NONE,0.0,0.0,0.0,4,3
54.0,pa_6,E5,5,3,0,0,NONE,NONE,NONE,NONE,0.0,0.0,0.0,5,3
54.0,pa_6_rev,NEG_E5,5,3,0,0,NONE,NONE,NONE,NONE,0.0,0.0,0.0,5,3
54.0,pa_7,E6,4,2,0,0,NONE,NONE,NONE,NONE,0.0,0.0,0.0,4,2
54.0,pa_7_rev,NEG_E6,4,2,0,0,NONE,NONE,NONE,NONE,0.0,0.0,0.0,4,2
54.0,pa_8,E7,5,3,0,0,NONE,NONE,NONE,NONE,0.0,0.0,0.0,5,3
54.0,pa_8_rev,NEG_E7,5,3,0,0,NONE,NONE,NONE,NONE,0.0,0.0,0.0,5,3
55.0,pa_2,E0,4,3,0,0,NONE,NONE,NONE,NONE,0.0,0.0,0.0,4,3
55.0,pa_2_rev,NEG_E0,4,3,0,0,NONE,NONE,NONE,NONE,0.0,0.0,0.0,4,3
55.0,pa_3,E1,4,3,0,0,NONE,NONE,NONE,NONE,0.0,0.0,0.0,4,3
55.0,pa_3_rev,NEG_E1,4,3,0,0,NONE,NONE,NONE,NONE,0.0,0.0,0.0,4,3
55.0,pa_6,E5,5,3,0,0,NONE,NONE,NONE,NONE,0.0,0.0,0.0,5,3
55.0,pa_6_rev,NEG_E5,5,3,0,0,NONE,NONE,NONE,NONE,0.0,0.0,0.0,5,3
55.0,pa_7,E6,4,2,0,0,NONE,NONE,NONE,NONE,0.0,0.0,0.0,4,2
55.0,pa_7_rev,NEG_E6,4,2,0,0,NONE,NONE,NONE,NONE,0.0,0.0,0.0,4,2
55.0,pa_8,E7,5,3,0,0,NONE,NONE,NONE,NONE,0.0,0.0,0.0,5,3
55.0,pa_8_rev,NEG_E7,5,3,0,0,NONE,NONE,NONE,NONE,0.0,0.0,0.0,5,3
56.0,pa_2,E0,4,3,0,0,NONE,NONE,NONE,NONE,0.0,0.0,0.0,4,3
56.0,pa_2_rev,NEG_E0,4,3,0,0,NONE,NONE,NONE,NONE,0.0,0.0,0.0,4,3
56.0,pa_3,E1,4,3,0,0,NONE,NONE,NONE,NONE,0.0,0.0,0.0,4,3
56.0,pa_3_rev,NEG_E1,4,3,0,0,NONE,NONE,NONE,NONE,0.0,0.0,0.0,4,3
56.0,pa_6,E5,5,3,0,0,NONE,NONE,NONE,NONE,0.0,0.0,0.0,5,3
56.0,pa_6_rev,NEG_E5,5,3,0,0,NONE,NONE,NONE,NONE,0.0,0.0,0.0,5,3
56.0,pa_7,E6,4,2,0,0,NONE,NONE,NONE,NONE,0.0,0.0,0.0,4,2
56.0,pa_7_rev,NEG_E6,4,2,0,0,NONE,NONE,NONE,NONE,0.0,0.0,0.0,4,2
56.0,pa_8,E7,5,3,0,0,NONE,NONE,NONE,NONE,0.0,0.0,0.0,5,3
56.0,pa_8_rev,NEG_E7,5,3,0,0,NONE,NONE,NONE,NONE,0.0,0.0,0.0,5,3
57.0,pa_2,E0,4,3,0,0,NONE,NONE,NONE,NONE,0.0,0.0,0.0,4,3
57.0,pa_2_rev,NEG_E0,4,3,0,0,NONE,NONE,NONE,NONE,0.0,0.0,0.0,4,3
57.0,pa_3,E1,4,3,0,0,NONE,NONE,NONE,NONE,0.0,0.0,0.0,4,3
57.0,pa_3_rev,NEG_E1,4,3,0,0,NONE,NONE,NONE,NONE,0.0,0.0,0.0,4,3
57.0,pa_6,E5,5,3,0,0,NONE,NONE,NONE,NONE,0.0,0.0,0.0,5,3
57.0,pa_6_rev,NEG_E5,5,3,0,0,NONE,NONE,NONE,NONE,0.0,0.0,0.0,5,3
57.0,pa_7,E6,4,2,0,0,NONE,NONE,NONE,NONE,0.0,0.0,0.0,4,2
57.0,pa_7_rev,NEG_E6,4,2,0,0,NONE,NONE,NONE,NONE,0.0,0.0,0.0,4,2
57.0,pa_8,E7,5,3,0,0,NONE,NONE,NONE,NONE,0.0,0.0,0.0,5,3
57.0,pa_8_rev,NEG_E7,5,3,0,0,NONE,NONE,NONE,NONE,0.0,0.0,0.0,5,3
58.0,pa_2,E0,4,3,0,0,NONE,NONE,NONE,NONE,0.0,0.0,0.0,4,3
58.0,pa_2_rev,NEG_E0,4,3,0,0,NONE,NONE,NONE,NONE,0.0,0.0,0.0,4,3
58.0,pa_3,E1,4,3,0,0,NONE,NONE,NONE,NONE,0.0,0.0,0.0,4,3
58.0,pa_3_rev,NEG_E1,4,3,0,0,NONE,NONE,NONE,NONE,0.0,0.0,0.0,4,3
58.0,pa_6,E5,5,3,0,0,NONE,NONE,NONE,NONE,0.0,0.0,0.0,5,3
58.0,pa_6_rev,NEG_E5,5,3,0,0,NONE,NONE,NONE,NONE,0.0,0.0,0.0,5,3
58.0,pa_7,E6,4,2,0,0,NONE,NONE,NONE,NONE,0.0,0.0,0.0,4,2
58.0,pa_7_rev,NEG_E6,4,2,0,0,NONE,NONE,NONE,NONE,0.0,0.0,0.0,4,2
58.0,pa_8,E7,5,3,0,0,NONE,NONE,NONE,NONE,0.0,0.0,0.0,5,3
58.0,pa_8_rev,NEG_E7,5,3,0,0,NONE,NONE,NONE,NONE,0.0,0.0,0.0,5,3
59.0,pa_2,E0,4,3,0,0,NONE,NONE,NONE,NONE,0.0,0.0,0.0,4,3
59.0,pa_2_rev,NEG_E0,4,3,0,0,NONE,NONE,NONE,NONE,0.0,0.0,0.0,4,3
59.0,pa_3,E1,4,3,0,0,NONE,NONE,NONE,NONE,0.0,0.0,0.0,4,3
59.0,pa_3_rev,NEG_E1,4,3,0,0,NONE,NONE,NONE,NONE,0.0,0.0,0.0,4,3
59.0,pa_6,E5,5,3,0,0,NONE,NONE,NONE,NONE,0.0,0.0,0.0,5,3
59.0,pa_6_rev,NEG_E5,5,3,0,0,NONE,NONE,NONE,NONE,0.0,0.0,0.0,5,3
59.0,pa_7,E6,4,2,0,0,NONE,NONE,NONE,NONE,0.0,0.0,0.0,4,2
59.0,pa_7_rev,NEG_E6,4,2,0,0,NONE,NONE,NONE,NONE,0.0,0.0,0.0,4,2
59.0,pa_8,E7,5,3,0,0,NONE,NONE,NONE,NONE,0.0,0.0,0.0,5,3
59.0,pa_8_rev,NEG_E7,5,3,0,0,NONE,NONE,NONE,NONE,0.0,0.0,0.0,5,3
60.0,pa_2,E0,4,3,0,0,NONE,NONE,NONE,NONE,0.0,0.0,0.0,4,3
60.0,pa_2_rev,NEG_E0,4,3,0,0,NONE,NONE,NONE,NONE,0.0,0.0,0.0,4,3
60.0,pa_3,E1,4,3,0,0,NONE,NONE,NONE,NONE,0.0,0.0,0.0,4,3
60.0,pa_3_rev,NEG_E1,4,3,0,0,NONE,NONE,NONE,NONE,0.0,0.0,0.0,4,3
60.0,pa_6,E5,5,3,0,0,NONE,NONE,NONE,NONE,0.0,0.0,0.0,5,3
60.0,pa_6_rev,NEG_E5,5,3,0,0,NONE,NONE,NONE,NONE,0.0,0.0,0.0,5,3
60.0,pa_7,E6,4,2,0,0,NONE,NONE,NONE,NONE,0.0,0.0,0.0,4,2
60.0,pa_7_rev,NEG_E6,4,2,0,0,NONE,NONE,NONE,NONE,0.0,0.0,0.0,4,2
60.0,pa_8,E7,5,3,0,0,NONE,NONE,NONE,NONE,0.0,0.0,0.0,5,3
60.0,pa_8_rev,NEG_E7,5,3,0,0,NONE,NONE,NONE,NONE,0.0,0.0,0.0,5,3
61.0,pa_2,E0,4,3,0,0,NONE,NONE,NONE,NONE,0.0,0.0,0.0,4,3
61.0,pa_2_rev,NEG_E0,4,3,0,0,NONE,NONE,NONE,NONE,0.0,0.0,0.0,4,3
61.0,pa_3,E1,4,3,0,0,NONE,NONE,NONE,NONE,0.0,0.0,0.0,4,3
61.0,pa_3_rev,NEG_E1,4,3,0,0,NONE,NONE,NONE,NONE,0.0,0.0,0.0,4,3
61.0,pa_6,E5,5,3,0,0,NONE,NONE,NONE,NONE,0.0,0.0,0.0,5,3
61.0,pa_6_rev,NEG_E5,5,3,0,0,NONE,NONE,NONE,NONE,0.0,0.0,0.0,5,3
61.0,pa_7,E6,4,2,0,0,NONE,NONE,NONE,NONE,0.0,0.0,0.0,4,2
61.0,pa_7_rev,NEG_E6,4,2,0,0,NONE,NONE,NONE,NONE,0.0,0.0,0.0,4,2
61.0,pa_8,E7,5,3,0,0,NONE,NONE,NONE,NONE,0.0,0.0,0.0,5,3
61.0,pa_8_rev,NEG_E7,5,3,0,0,NONE,NONE,NONE,NONE,0.0,0.0,0.0,5,3
62.0,pa_2,E0,4,3,0,0,NONE,NONE,NONE,NONE,0.0,0.0,0.0,4,3
62.0,pa_2_rev,NEG_E0,4,3,0,0,NONE,NONE,NONE,NONE,0.0,0.0,0.0,4,3
62.0,pa_3,E1,4,3,0,0,NONE,NONE,NONE,NONE,0.0,0.0,0.0,4,3
62.0,pa_3_rev,NEG_E1,4,3,0,0,NONE,NONE,NONE,NONE,0.0,0.0,0.0,4,3
62.0,pa_6,E5,5,3,0,0,NONE,NONE,NONE,NONE,0.0,0.0,0.0,5,3
62.0,pa_6_rev,NEG_E5,5,3,0,0,NONE,NONE,NONE,NONE,0.0,0.0,0.0,5,3
62.0,pa_7,E6,4,2,0,0,NONE,NONE,NONE,NONE,0.0,0.0,0.0,4,2
62.0,pa_7_rev,NEG_E6,4,2,0,0,NONE,NONE,NONE,NONE,0.0,0.0,0.0,4,2
62.0,pa_8,E7,5,3,0,0,NONE,NONE,NONE,NONE,0.0,0.0,0.0,5,3
62.0,pa_8_rev,NEG_E7,5,3,0,0,NONE,NONE,NONE,NONE,0.0,0.0,0.0,5,3
63.0,pa_2,E0,4,3,0,0,NONE,NONE,NONE,NONE,0.0,0.0,0.0,4,3
63.0,pa_2_rev,NEG_E0,4,3,0,0,NONE,NONE,NONE,NONE,0.0,0.0,0.0,4,3
63.0,pa_3,E1,4,3,0,0,NONE,NONE,NONE,NONE,0.0,0.0,0.0,4,3
63.0,pa_3_rev,NEG_E1,4,3,0,0,NONE,NONE,NONE,NONE,0.0,0.0,0.0,4,3
63.0,pa_6,E5,5,3,0,0,NONE,NONE,NONE,NONE,0.0,0.0,0.0,5,3
63.0,pa_6_rev,NEG_E5,5,3,0,0,NONE,NONE,NONE,NONE,0.0,0.0,0.0,5,3
63.0,pa_7,E6,4,2,0,0,NONE,NONE,NONE,NONE,0.0,0.0,0.0,4,2
63.0,pa_7_rev,NEG_E6,4,2,0,0,NONE,NONE,NONE,NONE,0.0,0.0,0.0,4,2
63.0,pa_8,E7,5,3,0,0,NONE,NONE,NONE,NONE,0.0,0.0,0.0,5,3
63.0,pa_8_rev,NEG_E7,5,3,0,0,NONE,NONE,NONE,NONE,0.0,0.0,0.0,5,3
64.0,pa_2,E0,4,3,0,0,NONE,NONE,NONE,NONE,0.0,0.0,0.0,4,3
64.0,pa_2_rev,NEG_E0,4,3,0,0,NONE,NONE,NONE,NONE,0.0,0.0,0.0,4,3
64.0,pa_3,E1,4,3,0,0,NONE,NONE,NONE,NONE,0.0,0.0,0.0,4,3
64.0,pa_3_rev,NEG_E1,4,3,0,0,NONE,NONE,NONE,NONE,0.0,0.0,0.0,4,3
64.0,pa_6,E5,5,3,0,0,NONE,NONE,NONE,NONE,0.0,0.0,0.0,5,3
64.0,pa_6_rev,NEG_E5,5,3,0,0,NONE,NONE,NONE,NONE,0.0,0.0,0.0,5,3
64.0,pa_7,E6,4,2,0,0,NONE,NONE,NONE,NONE,0.0,0.0,0.0,4,2
64.0,pa_7_rev,NEG_E6,4,2,0,0,NONE,NONE,NONE,NONE,0.0,0.0,0.0,4,2
64.0,pa_8,E7,5,3,0,0,NONE,NONE,NONE,NONE,0.0,0.0,0.0,5,3
64.0,pa_8_rev,NEG_E7,5,3,0,0,NONE,NONE,NONE,NONE,0.0,0.0,0.0,5,3
65.0,pa_2,E0,4,3,0,0,NONE,NONE,NONE,NONE,0.0,0.0,0.0,4,3
65.0,pa_2_rev,NEG_E0,4,3,0,0,NONE,NONE,NONE,NONE,0.0,0.0,0.0,4,3
65.0,pa_3,E1,4,3,0,0,NONE,NONE,NONE,NONE,0.0,0.0,0.0,4,3
65.0,pa_3_rev,NEG_E1,4,3,0,0,NONE,NONE,NONE,NONE,0.0,0.0,0.0,4,3
65.0,pa_6,E5,5,3,0,0,NONE,NONE,NONE,NONE,0.0,0.0,0.0,5,3
65.0,pa_6_rev,NEG_E5,5,3,0,0,NONE,NONE,NONE,NONE,0.0,0.0,0.0,5,3
65.0,pa_7,E6,4,2,0,0,NONE,NONE,NONE,NONE,0.0,0.0,0.0,4,2
65.0,pa_7_rev,NEG_E6,4,2,0,0,NONE,NONE,NONE,NONE,0.0,0.0,0.0,4,2
65.0,pa_8,E7,5,3,0,0,NONE,NONE,NONE,NONE,0.0,0.0,0.0,5,3
65.0,pa_8_rev,NEG_E7,5,3,0,0,NONE,NONE,NONE,NONE,0.0,0.0,0.0,5,3
66.0,pa_2,E0,4,3,0,0,NONE,NONE,NONE,NONE,0.0,0.0,0.0,4,3
66.0,pa_2_rev,NEG_E0,4,3,0,0,NONE,NONE,NONE,NONE,0.0,0.0,0.0,4,3
66.0,pa_3,E1,4,3,0,0,NONE,NONE,NONE,NONE,0.0,0.0,0.0,4,3
66.0,pa_3_rev,NEG_E1,4,3,0,0,NONE,NONE,NONE,NONE,0.0,0.0,0.0,4,3
66.0,pa_6,E5,5,3,0,0,NONE,NONE,NONE,NONE,0.0,0.0,0.0,5,3
66.0,pa_6_rev,NEG_E5,5,3,0,0,NONE,NONE,NONE,NONE,0.0,0.0,0.0,5,3
66.0,pa_7,E6,4,2,0,0,NONE,NONE,NONE,NONE,0.0,0.0,0.0,4,2
66.0,pa_7_rev,NEG_E6,4,2,0,0,NONE,NONE,NONE,NONE,0.0,0.0,0.0,4,2
66.0,pa_8,E7,5,3,0,0,NONE,NONE,NONE,NONE,0.0,0.0,0.0,5,3
66.0,pa_8_rev,NEG_E7,5,3,0,0,NONE,NONE,NONE,NONE,0.0,0.0,0.0,5,3
67.0,pa_2,E0,4,3,0,0,NONE,NONE,NONE,NONE,0.0,0.0,0.0,4,3
67.0,pa_2_rev,NEG_E0,4,3,0,0,NONE,NONE,NONE,NONE,0.0,0.0,0.0,4,3
67.0,pa_3,E1,4,3,0,0,NONE,NONE,NONE,NONE,0.0,0.0,0.0,4,3
67.0,pa_3_rev,NEG_E1,4,3,0,0,NONE,NONE,NONE,NONE,0.0,0.0,0.0,4,3
67.0,pa_6,E5,5,3,0,0,NONE,NONE,NONE,NONE,0.0,0.0,0.0,5,3
67.0,pa_6_rev,NEG_E5,5,3,0,0,NONE,NONE,NONE,NONE,0.0,0.0,0.0,5,3
67.0,pa_7,E6,4,2,0,0,NONE,NONE,NONE,NONE,0.0,0.0,0.0,4,2
67.0,pa_7_rev,NEG_E6,4,2,0,0,NONE,NONE,NONE,NONE,0.0,0.0,0.0,4,2
67.0,pa_8,E7,5,3,0,0,NONE,NONE,NONE,NONE,0.0,0.0,0.0,5,3
67.0,pa_8_rev,NEG_E7,5,3,0,0,NONE,NONE,NONE,NONE,0.0,0.0,0.0,5,3
68.0,pa_2,E0,4,3,0,0,NONE,NONE,NONE,NONE,0.0,0.0,0.0,4,3
68.0,pa_2_rev,NEG_E0,4,3,0,0,NONE,NONE,NONE,NONE,0.0,0.0,0.0,4,3
68.0,pa_3,E1,4,3,0,0,NONE,NONE,NONE,NONE,0.0,0.0,0.0,4,3
68.0,pa_3_rev,NEG_E1,4,3,0,0,NONE,NONE,NONE,NONE,0.0,0.0,0.0,4,3
68.0,pa_6,E5,5,3,0,0,NONE,NONE,NONE,NONE,0.0,0.0,0.0,5,3
68.0,pa_6_rev,NEG_E5,5,3,0,0,NONE,NONE,NONE,NONE,0.0,0.0,0.0,5,3
68.0,pa_7,E6,4,2,0,0,NONE,NONE,NONE,NONE,0.0,0.0,0.0,4,2
68.0,pa_7_rev,NEG_E6,4,2,0,0,NONE,NONE,NONE,NONE,0.0,0.0,0.0,4,2
68.0,pa_8,E7,5,3,0,0,NONE,NONE,NONE,NONE,0.0,0.0,0.0,5,3
68.0,pa_8_rev,NEG_E7,5,3,0,0,NONE,NONE,NONE,NONE,0.0,0.0,0.0,5,3
69.0,pa_2,E0,4,3,0,0,NONE,NONE,NONE,NONE,0.0,0.0,0.0,4,3
69.0,pa_2_rev,NEG_E0,4,3,0,0,NONE,NONE,NONE,NONE,0.0,0.0,0.0,4,3
69.0,pa_3,E1,4,3,0,0,NONE,NONE,NONE,NONE,0.0,0.0,0.0,4,3
69.0,pa_3_rev,NEG_E1,4,3,0,0,NONE,NONE,NONE,NONE,0.0,0.0,0.0,4,3
69.0,pa_6,E5,5,3,0,0,NONE,NONE,NONE,NONE,0.0,0.0,0.0,5,3
69.0,pa_6_rev,NEG_E5,5,3,0,0,NONE,NONE,NONE,NONE,0.0,0.0,0.0,5,3
69.0,pa_7,E6,4,2,0,0,NONE,NONE,NONE,NONE,0.0,0.0,0.0,4,2
69.0,pa_7_rev,NEG_E6,4,2,0,0,NONE,NONE,NONE,NONE,0.0,0.0,0.0,4,2
69.0,pa_8,E7,5,3,0,0,NONE,NONE,NONE,NONE,0.0,0.0,0.0,5,3
69.0,pa_8_rev,NEG_E7,5,3,0,0,NONE,NONE,NONE,NONE,0.0,0.0,0.0,5,3
70.0,pa_2,E0,4,3,0,0,NONE,NONE,NONE,NONE,0.0,0.0,0.0,4,3
70.0,pa_2_rev,NEG_E0,4,3,0,0,NONE,NONE,NONE,NONE,0.0,0.0,0.0,4,3
70.0,pa_3,E1,4,3,0,0,NONE,NONE,NONE,NONE,0.0,0.0,0.0,4,3
70.0,pa_3_rev,NEG_E1,4,3,0,0,NONE,NONE,NONE,NONE,0.0,0.0,0.0,4,3
70.0,pa_6,E5,5,3,0,0,NONE,NONE,NONE,NONE,0.0,0.0,0.0,5,3
70.0,pa_6_rev,NEG_E5,5,3,0,0,NONE,NONE,NONE,NONE,0.0,0.0,0.0,5,3
70.0,pa_7,E6,4,2,0,0,NONE,NONE,NONE,NONE,0.0,0.0,0.0,4,2
70.0,pa_7_rev,NEG_E6,4,2,0,0,NONE,NONE,NONE,NONE,0.0,0.0,0.0,4,2
70.0,pa_8,E7,5,3,0,0,NONE,NONE,NONE,NONE,0.0,0.0,0.0,5,3
70.0,pa_8_rev,NEG_E7,5,3,0,0,NONE,NONE,NONE,NONE,0.0,0.0,0.0,5,3
71.0,pa_2,E0,4,3,0,0,NONE,NONE,NONE,NONE,0.0,0.0,0.0,4,3
71.0,pa_2_rev,NEG_E0,4,3,0,0,NONE,NONE,NONE,NONE,0.0,0.0,0.0,4,3
71.0,pa_3,E1,4,3,0,0,NONE,NONE,NONE,NONE,0.0,0.0,0.0,4,3
71.0,pa_3_rev,NEG_E1,4,3,0,0,NONE,NONE,NONE,NONE,0.0,0.0,0.0,4,3
71.0,pa_6,E5,5,3,0,0,NONE,NONE,NONE,NONE,0.0,0.0,0.0,5,3
71.0,pa_6_rev,NEG_E5,5,3,0,0,NONE,NONE,NONE,NONE,0.0,0.0,0.0,5,3
71.0,pa_7,E6,4,2,0,0,NONE,NONE,NONE,NONE,0.0,0.0,0.0,4,2
71.0,pa_7_rev,NEG_E6,4,2,0,0,NONE,NONE,NONE,NONE,0.0,0.0,0.0,4,2
71.0,pa_8,E7,5,3,0,0,NONE,NONE,NONE,NONE,0.0,0.0,0.0,5,3
71.0,pa_8_rev,NEG_E7,5,3,0,0,NONE,NONE,NONE,NONE,0.0,0.0,0.0,5,3
72.0,pa_2,E0,4,3,0,0,NONE,NONE,NONE,NONE,0.0,0.0,0.0,4,3
72.0,pa_2_rev,NEG_E0,4,3,0,0,NONE,NONE,NONE,NONE,0.0,0.0,0.0,4,3
72.0,pa_3,E1,4,3,0,0,NONE,NONE,NONE,NONE,0.0,0.0,0.0,4,3
72.0,pa_3_rev,NEG_E1,4,3,0,0,NONE,NONE,NONE,NONE,0.0,0.0,0.0,4,3
72.0,pa_6,E5,5,3,0,0,NONE,NONE,NONE,NONE,0.0,0.0,0.0,5,3
72.0,pa_6_rev,NEG_E5,5,3,0,0,NONE,NONE,NONE,NONE,0.0,0.0,0.0,5,3
72.0,pa_7,E6,4,2,0,0,NONE,NONE,NONE,NONE,0.0,0.0,0.0,4,2
72.0,pa_7_rev,NEG_E6,4,2,0,0,NONE,NONE,NONE,NONE,0.0,0.0,0.0,4,2
72.0,pa_8,E7,5,3,0,0,NONE,NONE,NONE,NONE,0.0,0.0,0.0,5,3
72.0,pa_8_rev,NEG_E7,5,3,0,0,NONE,NONE,NONE,NONE,0.0,0.0,0.0,5,3
73.0,pa_2,E0,4,3,0,0,NONE,NONE,NONE,NONE,0.0,0.0,0.0,4,3
73.0,pa_2_rev,NEG_E0,4,3,0,0,NONE,NONE,NONE,NONE,0.0,0.0,0.0,4,3
73.0,pa_3,E1,4,3,0,0,NONE,NONE,NONE,NONE,0.0,0.0,0.0,4,3
73.0,pa_3_rev,NEG_E1,4,3,0,0,NONE,NONE,NONE,NONE,0.0,0.0,0.0,4,3
73.0,pa_6,E5,5,3,0,0,NONE,NONE,NONE,NONE,0.0,0.0,0.0,5,3
73.0,pa_6_rev,NEG_E5,5,3,0,0,NONE,NONE,NONE,NONE,0.0,0.0,0.0,5,3
73.0,pa_7,E6,4,2,0,0,NONE,NONE,NONE,NONE,0.0,0.0,0.0,4,2
73.0,pa_7_rev,NEG_E6,4,2,0,0,NONE,NONE,NONE,NONE,0.0,0.0,0.0,4,2
73.0,pa_8,E7,5,3,0,0,NONE,NONE,NONE,NONE,0.0,0.0,0.0,5,3
73.0,pa_8_rev,NEG_E7,5,3,0,0,NONE,NONE,NONE,NONE,0.0,0.0,0.0,5,3
74.0,pa_2,E0,4,3,0,0,NONE,NONE,NONE,NONE,0.0,0.0,0.0,4,3
74.0,pa_2_rev,NEG_E0,4,3,0,0,NONE,NONE,NONE,NONE,0.0,0.0,0.0,4,3
74.0,pa_3,E1,4,3,0,0,NONE,NONE,NONE,NONE,0.0,0.0,0.0,4,3
74.0,pa_3_rev,NEG_E1,4,3,0,0,NONE,NONE,NONE,NONE,0.0,0.0,0.0,4,3
74.0,pa_6,E5,5,3,0,0,NONE,NONE,NONE,NONE,0.0,0.0,0.0,5,3
74.0,pa_6_rev,NEG_E5,5,3,0,0,NONE,NONE,NONE,NONE,0.0,0.0,0.0,5,3
74.0,pa_7,E6,4,2,0,0,NONE,NONE,NONE,NONE,0.0,0.0,0.0,4,2
74.0,pa_7_rev,NEG_E6,4,2,0,0,NONE,NONE,NONE,NONE,0.0,0.0,0.0,4,2
74.0,pa_8,E7,5,3,0,0,NONE,NONE,NONE,NONE,0.0,0.0,0.0,5,3
74.0,pa_8_rev,NEG_E7,5,3,0,0,NONE,NONE,NONE,NONE,0.0,0.0,0.0,5,3
75.0,pa_2,E0,4,3,0,0,NONE,NONE,NONE,NONE,0.0,0.0,0.0,4,3
75.0,pa_2_rev,NEG_E0,4,3,0,0,NONE,NONE,NONE,NONE,0.0,0.0,0.0,4,3
75.0,pa_3,E1,4,3,0,0,NONE,NONE,NONE,NONE,0.0,0.0,0.0,4,3
75.0,pa_3_rev,NEG_E1,4,3,0,0,NONE,NONE,NONE,NONE,0.0,0.0,0.0,4,3
75.0,pa_6,E5,5,3,0,0,NONE,NONE,NONE,NONE,0.0,0.0,0.0,5,3
75.0,pa_6_rev,NEG_E5,5,3,0,0,NONE,NONE,NONE,NONE,0.0,0.0,0.0,5,3
75.0,pa_7,E6,4,2,0,0,NONE,NONE,NONE,NONE,0.0,0.0,0.0,4,2
75.0,pa_7_rev,NEG_E6,4,2,0,0,NONE,NONE,NONE,NONE,0.0,0.0,0.0,4,2
75.0,pa_8,E7,5,3,0,0,NONE,NONE,NONE,NONE,0.0,0.0,0.0,5,3
75.0,pa_8_rev,NEG_E7,5,3,0,0,NONE,NONE,NONE,NONE,0.0,0.0,0.0,5,3
76.0,pa_2,E0,4,3,0,0,NONE,NONE,NONE,NONE,0.0,0.0,0.0,4,3
76.0,pa_2_rev,NEG_E0,4,3,0,0,NONE,NONE,NONE,NONE,0.0,0.0,0.0,4,3
76.0,pa_3,E1,4,3,0,0,NONE,NONE,NONE,NONE,0.0,0.0,0.0,4,3
76.0,pa_3_rev,NEG_E1,4,3,0,0,NONE,NONE,NONE,NONE,0.0,0.0,0.0,4,3
76.0,pa_6,E5,5,3,0,0,NONE,NONE,NONE,NONE,0.0,0.0,0.0,5,3
76.0,pa_6_rev,NEG_E5,5,3,0,0,NONE,NONE,NONE,NONE,0.0,0.0,0.0,5,3
76.0,pa_7,E6,4,2,0,0,NONE,NONE,NONE,NONE,0.0,0.0,0.0,4,2
76.0,pa_7_rev,NEG_E6,4,2,0,0,NONE,NONE,NONE,NONE,0.0,0.0,0.0,4,2
76.0,pa_8,E7,5,3,0,0,NONE,NONE,NONE,NONE,0.0,0.0,0.0,5,3
76.0,pa_8_rev,NEG_E7,5,3,0,0,NONE,NONE,NONE,NONE,0.0,0.0,0.0,5,3
77.0,pa_2,E0,4,3,0,0,NONE,NONE,NONE,NONE,0.0,0.0,0.0,4,3
77.0,pa_2_rev,NEG_E0,4,3,0,0,NONE,NONE,NONE,NONE,0.0,0.0,0.0,4,3
77.0,pa_3,E1,4,3,0,0,NONE,NONE,NONE,NONE,0.0,0.0,0.0,4,3
77.0,pa_3_rev,NEG_E1,4,3,0,0,NONE,NONE,NONE,NONE,0.0,0.0,0.0,4,3
77.0,pa_6,E5,5,3,0,0,NONE,NONE,NONE,NONE,0.0,0.0,0.0,5,3
77.0,pa_6_rev,NEG_E5,5,3,0,0,NONE,NONE,NONE,NONE,0.0,0.0,0.0,5,3
77.0,pa_7,E6,4,2,0,0,NONE,NONE,NONE,NONE,0.0,0.0,0.0,4,2
77.0,pa_7_rev,NEG_E6,4,2,0,0,NONE,NONE,NONE,NONE,0.0,0.0,0.0,4,2
77.0,pa_8,E7,5,3,0,0,NONE,NONE,NONE,NONE,0.0,0.0,0.0,5,3
77.0,pa_8_rev,NEG_E7,5,3,0,0,NONE,NONE,NONE,NONE,0.0,0.0,0.0,5,3
78.0,pa_2,E0,4,3,0,0,NONE,NONE,NONE,NONE,0.0,0.0,0.0,4,3
78.0,pa_2_rev,NEG_E0,4,3,0,0,NONE,NONE,NONE,NONE,0.0,0.0,0.0,4,3
78.0,pa_3,E1,4,3,0,0,NONE,NONE,NONE,NONE,0.0,0.0,0.0,4,3
78.0,pa_3_rev,NEG_E1,4,3,0,0,NONE,NONE,NONE,NONE,0.0,0.0,0.0,4,3
78.0,pa_6,E5,5,3,0,0,NONE,NONE,NONE,NONE,0.0,0.0,0.0,5,3
78.0,pa_6_rev,NEG_E5,5,3,0,0,NONE,NONE,NONE,NONE,0.0,0.0,0.0,5,3
78.0,pa_7,E6,4,2,0,0,NONE,NONE,NONE,NONE,0.0,0.0,0.0,4,2
78.0,pa_7_rev,NEG_E6,4,2,0,0,NONE,NONE,NONE,NONE,0.0,0.0,0.0,4,2
78.0,pa_8,E7,5,3,0,0,NONE,NONE,NONE,NONE,0.0,0.0,0.0,5,3
78.0,pa_8_rev,NEG_E7,5,3,0,0,NONE,NONE,NONE,NONE,0.0,0.0,0.0,5,3
79.0,pa_2,E0,4,3,0,0,NONE,NONE,NONE,NONE,0.0,0.0,0.0,4,3
79.0,pa_2_rev,NEG_E0,4,3,0,0,NONE,NONE,NONE,NONE,0.0,0.0,0.0,4,3
79.0,pa_3,E1,4,3,0,0,NONE,NONE,NONE,NONE,0.0,0.0,0.0,4,3
79.0,pa_3_rev,NEG_E1,4,3,0,0,NONE,NONE,NONE,NONE,0.0,0.0,0.0,4,3
79.0,pa_6,E5,5,3,0,0,NONE,NONE,NONE,NONE,0.0,0.0,0.0,5,3
79.0,pa_6_rev,NEG_E5,5,3,0,0,NONE,NONE,NONE,NONE,0.0,0.0,0.0,5,3
79.0,pa_7,E6,4,2,0,0,NONE,NONE,NONE,NONE,0.0,0.0,0.0,4,2
79.0,pa_7_rev,NEG_E6,4,2,0,0,NONE,NONE,NONE,NONE,0.0,0.0,0.0,4,2
79.0,pa_8,E7,5,3,0,0,NONE,NONE,NONE,NONE,0.0,0.0,0.0,5,3
79.0,pa_8_rev,NEG_E7,5,3,0,0,NONE,NONE,NONE,NONE,0.0,0.0,0.0,5,3
80.0,pa_2,E0,4,3,0,0,NONE,NONE,NONE,NONE,0.0,0.0,0.0,4,3
80.0,pa_2_rev,NEG_E0,4,3,0,0,NONE,NONE,NONE,NONE,0.0,0.0,0.0,4,3
80.0,pa_3,E1,4,3,0,0,NONE,NONE,NONE,NONE,0.0,0.0,0.0,4,3
80.0,pa_3_rev,NEG_E1,4,3,0,0,NONE,NONE,NONE,NONE,0.0,0.0,0.0,4,3
80.0,pa_6,E5,5,3,0,0,NONE,NONE,NONE,NONE,0.0,0.0,0.0,5,3
80.0,pa_6_rev,NEG_E5,5,3,0,0,NONE,NONE,NONE,NONE,0.0,0.0,0.0,5,3
80.0,pa_7,E6,4,2,0,0,NONE,NONE,NONE,NONE,0.0,0.0,0.0,4,2
80.0,pa_7_rev,NEG_E6,4,2,0,0,NONE,NONE,NONE,NONE,0.0,0.0,0.0,4,2
80.0,pa_8,E7,5,3,0,0,NONE,NONE,NONE,NONE,0.0,0.0,0.0,5,3
80.0,pa_8_rev,NEG_E7,5,3,0,0,NONE,NONE,NONE,NONE,0.0,0.0,0.0,5,3
81.0,pa_2,E0,4,3,0,0,NONE,NONE,NONE,NONE,0.0,0.0,0.0,4,3
81.0,pa_2_rev,NEG_E0,4,3,0,0,NONE,NONE,NONE,NONE,0.0,0.0,0.0,4,3
81.0,pa_3,E1,4,3,0,0,NONE,NONE,NONE,NONE,0.0,0.0,0.0,4,3
81.0,pa_3_rev,NEG_E1,4,3,0,0,NONE,NONE,NONE,NONE,0.0,0.0,0.0,4,3
81.0,pa_6,E5,5,3,0,0,NONE,NONE,NONE,NONE,0.0,0.0,0.0,5,3
81.0,pa_6_rev,NEG_E5,5,3,0,0,NONE,NONE,NONE,NONE,0.0,0.0,0.0,5,3
81.0,pa_7,E6,4,2,0,0,NONE,NONE,NONE,NONE,0.0,0.0,0.0,4,2
81.0,pa_7_rev,NEG_E6,4,2,0,0,NONE,NONE,NONE,NONE,0.0,0.0,0.0,4,2
81.0,pa_8,E7,5,3,0,0,NONE,NONE,NONE,NONE,0.0,0.0,0.0,5,3
81.0,pa_8_rev,NEG_E7,5,3,0,0,NONE,NONE,NONE,NONE,0.0,0.0,0.0,5,3
82.0,pa_2,E0,4,3,0,0,NONE,NONE,NONE,NONE,0.0,0.0,0.0,4,3
82.0,pa_2_rev,NEG_E0,4,3,0,0,NONE,NONE,NONE,NONE,0.0,0.0,0.0,4,3
82.0,pa_3,E1,4,3,0,0,NONE,NONE,NONE,NONE,0.0,0.0,0.0,4,3
82.0,pa_3_rev,NEG_E1,4,3,0,0,NONE,NONE,NONE,NONE,0.0,0.0,0.0,4,3
82.0,pa_6,E5,5,3,0,0,NONE,NONE,NONE,NONE,0.0,0.0,0.0,5,3
82.0,pa_6_rev,NEG_E5,5,3,0,0,NONE,NONE,NONE,NONE,0.0,0.0,0.0,5,3
82.0,pa_7,E6,4,2,0,0,NONE,NONE,NONE,NONE,0.0,0.0,0.0,4,2
82.0,pa_7_rev,NEG_E6,4,2,0,0,NONE,NONE,NONE,NONE,0.0,0.0,0.0,4,2
82.0,pa_8,E7,5,3,0,0,NONE,NONE,NONE,NONE,0.0,0.0,0.0,5,3
82.0,pa_8_rev,NEG_E7,5,3,0,0,NONE,NONE,NONE,NONE,0.0,0.0,0.0,5,3
83.0,pa_2,E0,4,3,0,0,NONE,NONE,NONE,NONE,0.0,0.0,0.0,4,3
83.0,pa_2_rev,NEG_E0,4,3,0,0,NONE,NONE,NONE,NONE,0.0,0.0,0.0,4,3
83.0,pa_3,E1,4,3,0,0,NONE,NONE,NONE,NONE,0.0,0.0,0.0,4,3
83.0,pa_3_rev,NEG_E1,4,3,0,0,NONE,NONE,NONE,NONE,0.0,0.0,0.0,4,3
83.0,pa_6,E5,5,3,0,0,NONE,NONE,NONE,NONE,0.0,0.0,0.0,5,3
83.0,pa_6_rev,NEG_E5,5,3,0,0,NONE,NONE,NONE,NONE,0.0,0.0,0.0,5,3
83.0,pa_7,E6,4,2,0,0,NONE,NONE,NONE,NONE,0.0,0.0,0.0,4,2
83.0,pa_7_rev,NEG_E6,4,2,0,0,NONE,NONE,NONE,NONE,0.0,0.0,0.0,4,2
83.0,pa_8,E7,5,3,0,0,NONE,NONE,NONE,NONE,0.0,0.0,0.0,5,3
83.0,pa_8_rev,NEG_E7,5,3,0,0,NONE,NONE,NONE,NONE,0.0,0.0,0.0,5,3
84.0,pa_2,E0,4,3,0,0,NONE,NONE,NONE,NONE,0.0,0.0,0.0,4,3
84.0,pa_2_rev,NEG_E0,4,3,0,0,NONE,NONE,NONE,NONE,0.0,0.0,0.0,4,3
84.0,pa_3,E1,4,3,0,0,NONE,NONE,NONE,NONE,0.0,0.0,0.0,4,3
84.0,pa_3_rev,NEG_E1,4,3,0,0,NONE,NONE,NONE,NONE,0.0,0.0,0.0,4,3
84.0,pa_6,E5,5,3,0,0,NONE,NONE,NONE,NONE,0.0,0.0,0.0,5,3
84.0,pa_6_rev,NEG_E5,5,3,0,0,NONE,NONE,NONE,NONE,0.0,0.0,0.0,5,3
84.0,pa_7,E6,4,2,0,0,NONE,NONE,NONE,NONE,0.0,0.0,0.0,4,2
84.0,pa_7_rev,NEG_E6,4,2,0,0,NONE,NONE,NONE,NONE,0.0,0.0,0.0,4,2
84.0,pa_8,E7,5,3,0,0,NONE,NONE,NONE,NONE,0.0,0.0,0.0,5,3
84.0,pa_8_rev,NEG_E7,5,3,0,0,NONE,NONE,NONE,NONE,0.0,0.0,0.0,5,3
85.0,pa_2,E0,4,3,0,0,NONE,NONE,NONE,NONE,0.0,0.0,0.0,4,3
85.0,pa_2_rev,NEG_E0,4,3,0,0,NONE,NONE,NONE,NONE,0.0,0.0,0.0,4,3
85.0,pa_3,E1,4,3,0,0,NONE,NONE,NONE,NONE,0.0,0.0,0.0,4,3
85.0,pa_3_rev,NEG_E1,4,3,0,0,NONE,NONE,NONE,NONE,0.0,0.0,0.0,4,3
85.0,pa_6,E5,5,3,0,0,NONE,NONE,NONE,NONE,0.0,0.0,0.0,5,3
85.0,pa_6_rev,NEG_E5,5,3,0,0,NONE,NONE,NONE,NONE,0.0,0.0,0.0,5,3
85.0,pa_7,E6,4,2,0,0,NONE,NONE,NONE,NONE,0.0,0.0,0.0,4,2
85.0,pa_7_rev,NEG_E6,4,2,0,0,NONE,NONE,NONE,NONE,0.0,0.0,0.0,4,2
85.0,pa_8,E7,5,3,0,0,NONE,NONE,NONE,NONE,0.0,0.0,0.0,5,3
85.0,pa_8_rev,NEG_E7,5,3,0,0,NONE,NONE,NONE,NONE,0.0,0.0,0.0,5,3
86.0,pa_2,E0,4,3,0,0,NONE,NONE,NONE,NONE,0.0,0.0,0.0,4,3
86.0,pa_2_rev,NEG_E0,4,3,0,0,NONE,NONE,NONE,NONE,0.0,0.0,0.0,4,3
86.0,pa_3,E1,4,3,0,0,NONE,NONE,NONE,NONE,0.0,0.0,0.0,4,3
86.0,pa_3_rev,NEG_E1,4,3,0,0,NONE,NONE,NONE,NONE,0.0,0.0,0.0,4,3
86.0,pa_6,E5,5,3,0,0,NONE,NONE,NONE,NONE,0.0,0.0,0.0,5,3
86.0,pa_6_rev,NEG_E5,5,3,0,0,NONE,NONE,NONE,NONE,0.0,0.0,0.0,5,3
86.0,pa_7,E6,4,2,0,0,NONE,NONE,NONE,NONE,0.0,0.0,0.0,4,2
86.0,pa_7_rev,NEG_E6,4,2,0,0,NONE,NONE,NONE,NONE,0.0,0.0,0.0,4,2
86.0,pa_8,E7,5,3,0,0,NONE,NONE,NONE,NONE,0.0,0.0,0.0,5,3
86.0,pa_8_rev,NEG_E7,5,3,0,0,NONE,NONE,NONE,NONE,0.0,0.0,0.0,5,3
87.0,pa_2,E0,4,3,0,0,NONE,NONE,NONE,NONE,0.0,0.0,0.0,4,3
87.0,pa_2_rev,NEG_E0,4,3,0,0,NONE,NONE,NONE,NONE,0.0,0.0,0.0,4,3
87.0,pa_3,E1,4,3,0,0,NONE,NONE,NONE,NONE,0.0,0.0,0.0,4,3
87.0,pa_3_rev,NEG_E1,4,3,0,0,NONE,NONE,NONE,NONE,0.0,0.0,0.0,4,3
87.0,pa_6,E5,5,3,1,0,easyBike_forward3.0,NONE,0.0,NONE,25.0,20.0,0.0,4,3
87.0,pa_6_rev,NEG_E5,5,3,0,0,NONE,NONE,NONE,NONE,0.0,0.0,0.0,5,3
87.0,pa_7,E6,4,2,0,0,NONE,NONE,NONE,NONE,0.0,0.0,0.0,4,2
87.0,pa_7_rev,NEG_E6,4,2,0,0,NONE,NONE,NONE,NONE,0.0,0.0,0.0,4,2
87.0,pa_8,E7,5,3,0,0,NONE,NONE,NONE,NONE,0.0,0.0,0.0,5,3
87.0,pa_8_rev,NEG_E7,5,3,0,0,NONE,NONE,NONE,NONE,0.0,0.0,0.0,5,3
88.0,pa_2,E0,4,3,0,0,NONE,NONE,NONE,NONE,0.0,0.0,0.0,4,3
88.0,pa_2_rev,NEG_E0,4,3,0,0,NONE,NONE,NONE,NONE,0.0,0.0,0.0,4,3
88.0,pa_3,E1,4,3,0,0,NONE,NONE,NONE,NONE,0.0,0.0,0.0,4,3
88.0,pa_3_rev,NEG_E1,4,3,0,0,NONE,NONE,NONE,NONE,0.0,0.0,0.0,4,3
88.0,pa_6,E5,5,3,1,0,easyBike_forward3.0,NONE,1.0,NONE,25.0,20.0,0.0,4,3
88.0,pa_6_rev,NEG_E5,5,3,0,0,NONE,NONE,NONE,NONE,0.0,0.0,0.0,5,3
88.0,pa_7,E6,4,2,0,0,NONE,NONE,NONE,NONE,0.0,0.0,0.0,4,2
88.0,pa_7_rev,NEG_E6,4,2,0,0,NONE,NONE,NONE,NONE,0.0,0.0,0.0,4,2
88.0,pa_8,E7,5,3,0,0,NONE,NONE,NONE,NONE,0.0,0.0,0.0,5,3
88.0,pa_8_rev,NEG_E7,5,3,0,0,NONE,NONE,NONE,NONE,0.0,0.0,0.0,5,3
89.0,pa_2,E0,4,3,0,0,NONE,NONE,NONE,NONE,0.0,0.0,0.0,4,3
89.0,pa_2_rev,NEG_E0,4,3,0,0,NONE,NONE,NONE,NONE,0.0,0.0,0.0,4,3
89.0,pa_3,E1,4,3,0,0,NONE,NONE,NONE,NONE,0.0,0.0,0.0,4,3
89.0,pa_3_rev,NEG_E1,4,3,0,0,NONE,NONE,NONE,NONE,0.0,0.0,0.0,4,3
89.0,pa_6,E5,5,3,1,0,easyBike_forward3.0,NONE,2.0,NONE,25.0,20.0,0.0,4,3
89.0,pa_6_rev,NEG_E5,5,3,0,0,NONE,NONE,NONE,NONE,0.0,0.0,0.0,5,3
89.0,pa_7,E6,4,2,0,0,NONE,NONE,NONE,NONE,0.0,0.0,0.0,4,2
89.0,pa_7_rev,NEG_E6,4,2,0,0,NONE,NONE,NONE,NONE,0.0,0.0,0.0,4,2
89.0,pa_8,E7,5,3,0,0,NONE,NONE,NONE,NONE,0.0,0.0,0.0,5,3
89.0,pa_8_rev,NEG_E7,5,3,0,0,NONE,NONE,NONE,NONE,0.0,0.0,0.0,5,3
90.0,pa_2,E0,4,3,0,0,NONE,NONE,NONE,NONE,0.0,0.0,0.0,4,3
90.0,pa_2_rev,NEG_E0,4,3,0,0,NONE,NONE,NONE,NONE,0.0,0.0,0.0,4,3
90.0,pa_3,E1,4,3,0,0,NONE,NONE,NONE,NONE,0.0,0.0,0.0,4,3
90.0,pa_3_rev,NEG_E1,4,3,0,0,NONE,NONE,NONE,NONE,0.0,0.0,0.0,4,3
90.0,pa_6,E5,5,3,1,0,easyBike_forward3.0,NONE,3.0,NONE,25.0,20.0,0.0,4,3
90.0,pa_6_rev,NEG_E5,5,3,0,0,NONE,NONE,NONE,NONE,0.0,0.0,0.0,5,3
90.0,pa_7,E6,4,2,0,0,NONE,NONE,NONE,NONE,0.0,0.0,0.0,4,2
90.0,pa_7_rev,NEG_E6,4,2,0,0,NONE,NONE,NONE,NONE,0.0,0.0,0.0,4,2
90.0,pa_8,E7,5,3,0,0,NONE,NONE,NONE,NONE,0.0,0.0,0.0,5,3
90.0,pa_8_rev,NEG_E7,5,3,0,0,NONE,NONE,NONE,NONE,0.0,0.0,0.0,5,3
91.0,pa_2,E0,4,3,1,0,easyBike_forward2.0,NONE,0.0,NONE,20.0,25.0,0.0,3,3
91.0,pa_2_rev,NEG_E0,4,3,0,0,NONE,NONE,NONE,NONE,0.0,0.0,0.0,4,3
91.0,pa_3,E1,4,3,0,0,NONE,NONE,NONE,NONE,0.0,0.0,0.0,4,3
91.0,pa_3_rev,NEG_E1,4,3,0,0,NONE,NONE,NONE,NONE,0.0,0.0,0.0,4,3
91.0,pa_6,E5,5,3,1,0,easyBike_forward3.0,NONE,4.0,NONE,25.0,20.0,0.0,4,3
91.0,pa_6_rev,NEG_E5,5,3,0,0,NONE,NONE,NONE,NONE,0.0,0.0,0.0,5,3
91.0,pa_7,E6,4,2,0,0,NONE,NONE,NONE,NONE,0.0,0.0,0.0,4,2
91.0,pa_7_rev,NEG_E6,4,2,0,0,NONE,NONE,NONE,NONE,0.0,0.0,0.0,4,2
91.0,pa_8,E7,5,3,0,0,NONE,NONE,NONE,NONE,0.0,0.0,0.0,5,3
91.0,pa_8_rev,NEG_E7,5,3,0,0,NONE,NONE,NONE,NONE,0.0,0.0,0.0,5,3
92.0,pa_2,E0,4,3,1,0,easyBike_forward2.0,NONE,1.0,NONE,20.0,25.0,0.0,3,3
92.0,pa_2_rev,NEG_E0,4,3,0,0,NONE,NONE,NONE,NONE,0.0,0.0,0.0,4,3
92.0,pa_3,E1,4,3,0,0,NONE,NONE,NONE,NONE,0.0,0.0,0.0,4,3
92.0,pa_3_rev,NEG_E1,4,3,0,0,NONE,NONE,NONE,NONE,0.0,0.0,0.0,4,3
92.0,pa_6,E5,5,3,1,0,easyBike_forward3.0,NONE,5.0,NONE,25.0,20.0,0.0,4,3
92.0,pa_6_rev,NEG_E5,5,3,0,0,NONE,NONE,NONE,NONE,0.0,0.0,0.0,5,3
92.0,pa_7,E6,4,2,0,0,NONE,NONE,NONE,NONE,0.0,0.0,0.0,4,2
92.0,pa_7_rev,NEG_E6,4,2,0,0,NONE,NONE,NONE,NONE,0.0,0.0,0.0,4,2
92.0,pa_8,E7,5,3,0,0,NONE,NONE,NONE,NONE,0.0,0.0,0.0,5,3
92.0,pa_8_rev,NEG_E7,5,3,0,0,NONE,NONE,NONE,NONE,0.0,0.0,0.0,5,3
93.0,pa_2,E0,4,3,1,0,easyBike_forward2.0,NONE,2.0,NONE,20.0,25.0,0.0,3,3
93.0,pa_2_rev,NEG_E0,4,3,0,0,NONE,NONE,NONE,NONE,0.0,0.0,0.0,4,3
93.0,pa_3,E1,4,3,0,0,NONE,NONE,NONE,NONE,0.0,0.0,0.0,4,3
93.0,pa_3_rev,NEG_E1,4,3,0,0,NONE,NONE,NONE,NONE,0.0,0.0,0.0,4,3
93.0,pa_6,E5,5,3,1,0,easyBike_forward3.0,NONE,6.0,NONE,25.0,20.0,0.0,4,3
93.0,pa_6_rev,NEG_E5,5,3,0,0,NONE,NONE,NONE,NONE,0.0,0.0,0.0,5,3
93.0,pa_7,E6,4,2,0,0,NONE,NONE,NONE,NONE,0.0,0.0,0.0,4,2
93.0,pa_7_rev,NEG_E6,4,2,0,0,NONE,NONE,NONE,NONE,0.0,0.0,0.0,4,2
93.0,pa_8,E7,5,3,0,0,NONE,NONE,NONE,NONE,0.0,0.0,0.0,5,3
93.0,pa_8_rev,NEG_E7,5,3,0,0,NONE,NONE,NONE,NONE,0.0,0.0,0.0,5,3
94.0,pa_2,E0,4,3,1,0,easyBike_forward2.0,NONE,3.0,NONE,20.0,25.0,0.0,3,3
94.0,pa_2_rev,NEG_E0,4,3,0,0,NONE,NONE,NONE,NONE,0.0,0.0,0.0,4,3
94.0,pa_3,E1,4,3,0,0,NONE,NONE,NONE,NONE,0.0,0.0,0.0,4,3
94.0,pa_3_rev,NEG_E1,4,3,0,0,NONE,NONE,NONE,NONE,0.0,0.0,0.0,4,3
94.0,pa_6,E5,5,3,1,0,easyBike_forward3.0,NONE,7.0,NONE,25.0,20.0,0.0,4,3
94.0,pa_6_rev,NEG_E5,5,3,0,0,NONE,NONE,NONE,NONE,0.0,0.0,0.0,5,3
94.0,pa_7,E6,4,2,0,0,NONE,NONE,NONE,NONE,0.0,0.0,0.0,4,2
94.0,pa_7_rev,NEG_E6,4,2,0,0,NONE,NONE,NONE,NONE,0.0,0.0,0.0,4,2
94.0,pa_8,E7,5,3,0,0,NONE,NONE,NONE,NONE,0.0,0.0,0.0,5,3
94.0,pa_8_rev,NEG_E7,5,3,0,0,NONE,NONE,NONE,NONE,0.0,0.0,0.0,5,3
95.0,pa_2,E0,4,3,2,0,"easyBike_forward2.0,easyBike_forward1.0",NONE,"4.0,0.0",NONE,40.0,50.0,0.0,2,3
95.0,pa_2_rev,NEG_E0,4,3,0,0,NONE,NONE,NONE,NONE,0.0,0.0,0.0,4,3
95.0,pa_3,E1,4,3,0,0,NONE,NONE,NONE,NONE,0.0,0.0,0.0,4,3
95.0,pa_3_rev,NEG_E1,4,3,0,0,NONE,NONE,NONE,NONE,0.0,0.0,0.0,4,3
95.0,pa_6,E5,5,3,1,0,easyBike_forward3.0,NONE,8.0,NONE,25.0,20.0,0.0,4,3
95.0,pa_6_rev,NEG_E5,5,3,0,0,NONE,NONE,NONE,NONE,0.0,0.0,0.0,5,3
95.0,pa_7,E6,4,2,0,0,NONE,NONE,NONE,NONE,0.0,0.0,0.0,4,2
95.0,pa_7_rev,NEG_E6,4,2,0,0,NONE,NONE,NONE,NONE,0.0,0.0,0.0,4,2
95.0,pa_8,E7,5,3,0,0,NONE,NONE,NONE,NONE,0.0,0.0,0.0,5,3
95.0,pa_8_rev,NEG_E7,5,3,0,0,NONE,NONE,NONE,NONE,0.0,0.0,0.0,5,3
96.0,pa_2,E0,4,3,2,0,"easyBike_forward2.0,easyBike_forward1.0",NONE,"5.0,1.0",NONE,40.0,50.0,0.0,2,3
96.0,pa_2_rev,NEG_E0,4,3,0,0,NONE,NONE,NONE,NONE,0.0,0.0,0.0,4,3
96.0,pa_3,E1,4,3,0,0,NONE,NONE,NONE,NONE,0.0,0.0,0.0,4,3
96.0,pa_3_rev,NEG_E1,4,3,0,0,NONE,NONE,NONE,NONE,0.0,0.0,0.0,4,3
96.0,pa_6,E5,5,3,1,0,easyBike_forward3.0,NONE,9.0,NONE,25.0,20.0,0.0,4,3
96.0,pa_6_rev,NEG_E5,5,3,0,0,NONE,NONE,NONE,NONE,0.0,0.0,0.0,5,3
96.0,pa_7,E6,4,2,0,0,NONE,NONE,NONE,NONE,0.0,0.0,0.0,4,2
96.0,pa_7_rev,NEG_E6,4,2,0,0,NONE,NONE,NONE,NONE,0.0,0.0,0.0,4,2
96.0,pa_8,E7,5,3,0,0,NONE,NONE,NONE,NONE,0.0,0.0,0.0,5,3
96.0,pa_8_rev,NEG_E7,5,3,0,0,NONE,NONE,NONE,NONE,0.0,0.0,0.0,5,3
97.0,pa_2,E0,4,3,2,0,"easyBike_forward2.0,easyBike_forward1.0",NONE,"6.0,2.0",NONE,40.0,50.0,0.0,2,3
97.0,pa_2_rev,NEG_E0,4,3,0,0,NONE,NONE,NONE,NONE,0.0,0.0,0.0,4,3
97.0,pa_3,E1,4,3,0,0,NONE,NONE,NONE,NONE,0.0,0.0,0.0,4,3
97.0,pa_3_rev,NEG_E1,4,3,0,0,NONE,NONE,NONE,NONE,0.0,0.0,0.0,4,3
97.0,pa_6,E5,5,3,1,0,easyBike_forward3.0,NONE,10.0,NONE,25.0,20.0,0.0,4,3
97.0,pa_6_rev,NEG_E5,5,3,0,0,NONE,NONE,NONE,NONE,0.0,0.0,0.0,5,3
97.0,pa_7,E6,4,2,0,0,NONE,NONE,NONE,NONE,0.0,0.0,0.0,4,2
97.0,pa_7_rev,NEG_E6,4,2,0,0,NONE,NONE,NONE,NONE,0.0,0.0,0.0,4,2
97.0,pa_8,E7,5,3,0,0,NONE,NONE,NONE,NONE,0.0,0.0,0.0,5,3
97.0,pa_8_rev,NEG_E7,5,3,0,0,NONE,NONE,NONE,NONE,0.0,0.0,0.0,5,3
98.0,pa_2,E0,4,3,3,0,"easyBike_forward4.0,easyBike_forward2.0,easyBike_forward1.0",NONE,"0.0,7.0,3.0",NONE,60.0,75.0,0.0,1,3
98.0,pa_2_rev,NEG_E0,4,3,0,0,NONE,NONE,NONE,NONE,0.0,0.0,0.0,4,3
98.0,pa_3,E1,4,3,0,0,NONE,NONE,NONE,NONE,0.0,0.0,0.0,4,3
98.0,pa_3_rev,NEG_E1,4,3,0,0,NONE,NONE,NONE,NONE,0.0,0.0,0.0,4,3
98.0,pa_6,E5,5,3,1,0,easyBike_forward3.0,NONE,11.0,NONE,25.0,20.0,0.0,4,3
98.0,pa_6_rev,NEG_E5,5,3,0,0,NONE,NONE,NONE,NONE,0.0,0.0,0.0,5,3
98.0,pa_7,E6,4,2,0,0,NONE,NONE,NONE,NONE,0.0,0.0,0.0,4,2
98.0,pa_7_rev,NEG_E6,4,2,0,0,NONE,NONE,NONE,NONE,0.0,0.0,0.0,4,2
98.0,pa_8,E7,5,3,0,0,NONE,NONE,NONE,NONE,0.0,0.0,0.0,5,3
98.0,pa_8_rev,NEG_E7,5,3,0,0,NONE,NONE,NONE,NONE,0.0,0.0,0.0,5,3
99.0,pa_2,E0,4,3,3,0,"easyBike_forward4.0,easyBike_forward2.0,easyBike_forward1.0",NONE,"1.0,8.0,4.0",NONE,60.0,75.0,0.0,1,3
99.0,pa_2_rev,NEG_E0,4,3,0,0,NONE,NONE,NONE,NONE,0.0,0.0,0.0,4,3
99.0,pa_3,E1,4,3,0,0,NONE,NONE,NONE,NONE,0.0,0.0,0.0,4,3
99.0,pa_3_rev,NEG_E1,4,3,0,0,NONE,NONE,NONE,NONE,0.0,0.0,0.0,4,3
99.0,pa_6,E5,5,3,1,0,easyBike_forward3.0,NONE,12.0,NONE,25.0,20.0,0.0,4,3
99.0,pa_6_rev,NEG_E5,5,3,0,0,NONE,NONE,NONE,NONE,0.0,0.0,0.0,5,3
99.0,pa_7,E6,4,2,0,0,NONE,NONE,NONE,NONE,0.0,0.0,0.0,4,2
99.0,pa_7_rev,NEG_E6,4,2,0,0,NONE,NONE,NONE,NONE,0.0,0.0,0.0,4,2
99.0,pa_8,E7,5,3,0,0,NONE,NONE,NONE,NONE,0.0,0.0,0.0,5,3
99.0,pa_8_rev,NEG_E7,5,3,0,0,NONE,NONE,NONE,NONE,0.0,0.0,0.0,5,3
100.0,pa_2,E0,4,3,3,0,"easyBike_forward4.0,easyBike_forward2.0,easyBike_forward1.0",NONE,"2.0,9.0,5.0",NONE,60.0,75.0,0.0,1,3
100.0,pa_2_rev,NEG_E0,4,3,0,0,NONE,NONE,NONE,NONE,0.0,0.0,0.0,4,3
100.0,pa_3,E1,4,3,0,0,NONE,NONE,NONE,NONE,0.0,0.0,0.0,4,3
100.0,pa_3_rev,NEG_E1,4,3,0,0,NONE,NONE,NONE,NONE,0.0,0.0,0.0,4,3
100.0,pa_6,E5,5,3,1,0,easyBike_forward3.0,NONE,13.0,NONE,25.0,20.0,0.0,4,3
100.0,pa_6_rev,NEG_E5,5,3,0,0,NONE,NONE,NONE,NONE,0.0,0.0,0.0,5,3
100.0,pa_7,E6,4,2,0,0,NONE,NONE,NONE,NONE,0.0,0.0,0.0,4,2
100.0,pa_7_rev,NEG_E6,4,2,0,0,NONE,NONE,NONE,NONE,0.0,0.0,0.0,4,2
100.0,pa_8,E7,5,3,0,0,NONE,NONE,NONE,NONE,0.0,0.0,0.0,5,3
100.0,pa_8_rev,NEG_E7,5,3,0,0,NONE,NONE,NONE,NONE,0.0,0.0,0.0,5,3
101.0,pa_2,E0,4,3,3,0,"easyBike_forward4.0,easyBike_forward2.0,easyBike_forward1.0",NONE,"3.0,10.0,6.0",NONE,60.0,75.0,0.0,1,3
101.0,pa_2_rev,NEG_E0,4,3,0,0,NONE,NONE,NONE,NONE,0.0,0.0,0.0,4,3
101.0,pa_3,E1,4,3,0,0,NONE,NONE,NONE,NONE,0.0,0.0,0.0,4,3
101.0,pa_3_rev,NEG_E1,4,3,0,0,NONE,NONE,NONE,NONE,0.0,0.0,0.0,4,3
101.0,pa_6,E5,5,3,1,0,easyBike_forward3.0,NONE,14.0,NONE,25.0,20.0,0.0,4,3
101.0,pa_6_rev,NEG_E5,5,3,0,0,NONE,NONE,NONE,NONE,0.0,0.0,0.0,5,3
101.0,pa_7,E6,4,2,0,0,NONE,NONE,NONE,NONE,0.0,0.0,0.0,4,2
101.0,pa_7_rev,NEG_E6,4,2,0,0,NONE,NONE,NONE,NONE,0.0,0.0,0.0,4,2
101.0,pa_8,E7,5,3,0,0,NONE,NONE,NONE,NONE,0.0,0.0,0.0,5,3
101.0,pa_8_rev,NEG_E7,5,3,0,0,NONE,NONE,NONE,NONE,0.0,0.0,0.0,5,3
102.0,pa_2,E0,4,3,3,0,"easyBike_forward4.0,easyBike_forward2.0,easyBike_forward1.0",NONE,"4.0,11.0,7.0",NONE,60.0,75.0,0.0,1,3
102.0,pa_2_rev,NEG_E0,4,3,0,0,NONE,NONE,NONE,NONE,0.0,0.0,0.0,4,3
102.0,pa_3,E1,4,3,0,0,NONE,NONE,NONE,NONE,0.0,0.0,0.0,4,3
102.0,pa_3_rev,NEG_E1,4,3,0,0,NONE,NONE,NONE,NONE,0.0,0.0,0.0,4,3
102.0,pa_6,E5,5,3,1,0,easyBike_forward3.0,NONE,15.0,NONE,25.0,20.0,0.0,4,3
102.0,pa_6_rev,NEG_E5,5,3,0,0,NONE,NONE,NONE,NONE,0.0,0.0,0.0,5,3
102.0,pa_7,E6,4,2,0,0,NONE,NONE,NONE,NONE,0.0,0.0,0.0,4,2
102.0,pa_7_rev,NEG_E6,4,2,0,0,NONE,NONE,NONE,NONE,0.0,0.0,0.0,4,2
102.0,pa_8,E7,5,3,0,0,NONE,NONE,NONE,NONE,0.0,0.0,0.0,5,3
102.0,pa_8_rev,NEG_E7,5,3,0,0,NONE,NONE,NONE,NONE,0.0,0.0,0.0,5,3
103.0,pa_2,E0,4,3,3,0,"easyBike_forward4.0,easyBike_forward2.0,easyBike_forward1.0",NONE,"5.0,12.0,8.0",NONE,60.0,75.0,0.0,1,3
103.0,pa_2_rev,NEG_E0,4,3,0,0,NONE,NONE,NONE,NONE,0.0,0.0,0.0,4,3
103.0,pa_3,E1,4,3,0,0,NONE,NONE,NONE,NONE,0.0,0.0,0.0,4,3
103.0,pa_3_rev,NEG_E1,4,3,0,0,NONE,NONE,NONE,NONE,0.0,0.0,0.0,4,3
103.0,pa_6,E5,5,3,1,0,easyBike_forward3.0,NONE,16.0,NONE,25.0,20.0,0.0,4,3
103.0,pa_6_rev,NEG_E5,5,3,0,0,NONE,NONE,NONE,NONE,0.0,0.0,0.0,5,3
103.0,pa_7,E6,4,2,0,0,NONE,NONE,NONE,NONE,0.0,0.0,0.0,4,2
103.0,pa_7_rev,NEG_E6,4,2,0,0,NONE,NONE,NONE,NONE,0.0,0.0,0.0,4,2
103.0,pa_8,E7,5,3,0,0,NONE,NONE,NONE,NONE,0.0,0.0,0.0,5,3
103.0,pa_8_rev,NEG_E7,5,3,0,0,NONE,NONE,NONE,NONE,0.0,0.0,0.0,5,3
104.0,pa_2,E0,4,3,3,0,"easyBike_forward4.0,easyBike_forward2.0,easyBike_forward1.0",NONE,"6.0,13.0,9.0",NONE,60.0,75.0,0.0,1,3
104.0,pa_2_rev,NEG_E0,4,3,0,0,NONE,NONE,NONE,NONE,0.0,0.0,0.0,4,3
104.0,pa_3,E1,4,3,0,0,NONE,NONE,NONE,NONE,0.0,0.0,0.0,4,3
104.0,pa_3_rev,NEG_E1,4,3,0,0,NONE,NONE,NONE,NONE,0.0,0.0,0.0,4,3
104.0,pa_6,E5,5,3,1,0,easyBike_forward3.0,NONE,17.0,NONE,25.0,20.0,0.0,4,3
104.0,pa_6_rev,NEG_E5,5,3,0,0,NONE,NONE,NONE,NONE,0.0,0.0,0.0,5,3
104.0,pa_7,E6,4,2,0,0,NONE,NONE,NONE,NONE,0.0,0.0,0.0,4,2
104.0,pa_7_rev,NEG_E6,4,2,0,0,NONE,NONE,NONE,NONE,0.0,0.0,0.0,4,2
104.0,pa_8,E7,5,3,0,0,NONE,NONE,NONE,NONE,0.0,0.0,0.0,5,3
104.0,pa_8_rev,NEG_E7,5,3,0,0,NONE,NONE,NONE,NONE,0.0,0.0,0.0,5,3
105.0,pa_2,E0,4,3,3,0,"easyBike_forward4.0,easyBike_forward2.0,easyBike_forward1.0",NONE,"7.0,14.0,10.0",NONE,60.0,75.0,0.0,1,3
105.0,pa_2_rev,NEG_E0,4,3,0,0,NONE,NONE,NONE,NONE,0.0,0.0,0.0,4,3
105.0,pa_3,E1,4,3,0,0,NONE,NONE,NONE,NONE,0.0,0.0,0.0,4,3
105.0,pa_3_rev,NEG_E1,4,3,0,0,NONE,NONE,NONE,NONE,0.0,0.0,0.0,4,3
105.0,pa_6,E5,5,3,1,0,easyBike_forward3.0,NONE,18.0,NONE,25.0,20.0,0.0,4,3
105.0,pa_6_rev,NEG_E5,5,3,0,0,NONE,NONE,NONE,NONE,0.0,0.0,0.0,5,3
105.0,pa_7,E6,4,2,0,0,NONE,NONE,NONE,NONE,0.0,0.0,0.0,4,2
105.0,pa_7_rev,NEG_E6,4,2,0,0,NONE,NONE,NONE,NONE,0.0,0.0,0.0,4,2
105.0,pa_8,E7,5,3,0,0,NONE,NONE,NONE,NONE,0.0,0.0,0.0,5,3
105.0,pa_8_rev,NEG_E7,5,3,0,0,NONE,NONE,NONE,NONE,0.0,0.0,0.0,5,3
106.0,pa_2,E0,4,3,3,0,"easyBike_forward4.0,easyBike_forward2.0,easyBike_forward1.0",NONE,"8.0,15.0,11.0",NONE,60.0,75.0,0.0,1,3
106.0,pa_2_rev,NEG_E0,4,3,0,0,NONE,NONE,NONE,NONE,0.0,0.0,0.0,4,3
106.0,pa_3,E1,4,3,0,0,NONE,NONE,NONE,NONE,0.0,0.0,0.0,4,3
106.0,pa_3_rev,NEG_E1,4,3,0,0,NONE,NONE,NONE,NONE,0.0,0.0,0.0,4,3
106.0,pa_6,E5,5,3,1,0,easyBike_forward3.0,NONE,19.0,NONE,25.0,20.0,0.0,4,3
106.0,pa_6_rev,NEG_E5,5,3,0,0,NONE,NONE,NONE,NONE,0.0,0.0,0.0,5,3
106.0,pa_7,E6,4,2,0,0,NONE,NONE,NONE,NONE,0.0,0.0,0.0,4,2
106.0,pa_7_rev,NEG_E6,4,2,0,0,NONE,NONE,NONE,NONE,0.0,0.0,0.0,4,2
106.0,pa_8,E7,5,3,0,0,NONE,NONE,NONE,NONE,0.0,0.0,0.0,5,3
106.0,pa_8_rev,NEG_E7,5,3,0,0,NONE,NONE,NONE,NONE,0.0,0.0,0.0,5,3
107.0,pa_2,E0,4,3,3,0,"easyBike_forward4.0,easyBike_forward2.0,easyBike_forward1.0",NONE,"9.0,16.0,12.0",NONE,60.0,75.0,0.0,1,3
107.0,pa_2_rev,NEG_E0,4,3,0,0,NONE,NONE,NONE,NONE,0.0,0.0,0.0,4,3
107.0,pa_3,E1,4,3,0,0,NONE,NONE,NONE,NONE,0.0,0.0,0.0,4,3
107.0,pa_3_rev,NEG_E1,4,3,0,0,NONE,NONE,NONE,NONE,0.0,0.0,0.0,4,3
107.0,pa_6,E5,5,3,1,0,easyBike_forward3.0,NONE,20.0,NONE,25.0,20.0,0.0,4,3
107.0,pa_6_rev,NEG_E5,5,3,0,0,NONE,NONE,NONE,NONE,0.0,0.0,0.0,5,3
107.0,pa_7,E6,4,2,0,0,NONE,NONE,NONE,NONE,0.0,0.0,0.0,4,2
107.0,pa_7_rev,NEG_E6,4,2,0,0,NONE,NONE,NONE,NONE,0.0,0.0,0.0,4,2
107.0,pa_8,E7,5,3,0,0,NONE,NONE,NONE,NONE,0.0,0.0,0.0,5,3
107.0,pa_8_rev,NEG_E7,5,3,0,0,NONE,NONE,NONE,NONE,0.0,0.0,0.0,5,3
108.0,pa_2,E0,4,3,3,0,"easyBike_forward4.0,easyBike_forward2.0,easyBike_forward1.0",NONE,"10.0,17.0,13.0",NONE,60.0,75.0,0.0,1,3
108.0,pa_2_rev,NEG_E0,4,3,0,0,NONE,NONE,NONE,NONE,0.0,0.0,0.0,4,3
108.0,pa_3,E1,4,3,0,0,NONE,NONE,NONE,NONE,0.0,0.0,0.0,4,3
108.0,pa_3_rev,NEG_E1,4,3,0,0,NONE,NONE,NONE,NONE,0.0,0.0,0.0,4,3
108.0,pa_6,E5,5,3,1,0,easyBike_forward3.0,NONE,21.0,NONE,25.0,20.0,0.0,4,3
108.0,pa_6_rev,NEG_E5,5,3,0,0,NONE,NONE,NONE,NONE,0.0,0.0,0.0,5,3
108.0,pa_7,E6,4,2,0,0,NONE,NONE,NONE,NONE,0.0,0.0,0.0,4,2
108.0,pa_7_rev,NEG_E6,4,2,0,0,NONE,NONE,NONE,NONE,0.0,0.0,0.0,4,2
108.0,pa_8,E7,5,3,0,0,NONE,NONE,NONE,NONE,0.0,0.0,0.0,5,3
108.0,pa_8_rev,NEG_E7,5,3,0,0,NONE,NONE,NONE,NONE,0.0,0.0,0.0,5,3
109.0,pa_2,E0,4,3,3,0,"easyBike_forward4.0,easyBike_forward2.0,easyBike_forward1.0",NONE,"11.0,18.0,14.0",NONE,60.0,75.0,0.0,1,3
109.0,pa_2_rev,NEG_E0,4,3,0,0,NONE,NONE,NONE,NONE,0.0,0.0,0.0,4,3
109.0,pa_3,E1,4,3,0,0,NONE,NONE,NONE,NONE,0.0,0.0,0.0,4,3
109.0,pa_3_rev,NEG_E1,4,3,0,0,NONE,NONE,NONE,NONE,0.0,0.0,0.0,4,3
109.0,pa_6,E5,5,3,1,0,easyBike_forward3.0,NONE,22.0,NONE,25.0,20.0,0.0,4,3
109.0,pa_6_rev,NEG_E5,5,3,0,0,NONE,NONE,NONE,NONE,0.0,0.0,0.0,5,3
109.0,pa_7,E6,4,2,0,0,NONE,NONE,NONE,NONE,0.0,0.0,0.0,4,2
109.0,pa_7_rev,NEG_E6,4,2,0,0,NONE,NONE,NONE,NONE,0.0,0.0,0.0,4,2
109.0,pa_8,E7,5,3,0,0,NONE,NONE,NONE,NONE,0.0,0.0,0.0,5,3
109.0,pa_8_rev,NEG_E7,5,3,0,0,NONE,NONE,NONE,NONE,0.0,0.0,0.0,5,3
110.0,pa_2,E0,4,3,3,0,"easyBike_forward4.0,easyBike_forward2.0,easyBike_forward1.0",NONE,"12.0,19.0,15.0",NONE,60.0,75.0,0.0,1,3
110.0,pa_2_rev,NEG_E0,4,3,0,0,NONE,NONE,NONE,NONE,0.0,0.0,0.0,4,3
110.0,pa_3,E1,4,3,0,0,NONE,NONE,NONE,NONE,0.0,0.0,0.0,4,3
110.0,pa_3_rev,NEG_E1,4,3,0,0,NONE,NONE,NONE,NONE,0.0,0.0,0.0,4,3
110.0,pa_6,E5,5,3,1,0,easyBike_forward3.0,NONE,23.0,NONE,25.0,20.0,0.0,4,3
110.0,pa_6_rev,NEG_E5,5,3,0,0,NONE,NONE,NONE,NONE,0.0,0.0,0.0,5,3
110.0,pa_7,E6,4,2,0,0,NONE,NONE,NONE,NONE,0.0,0.0,0.0,4,2
110.0,pa_7_rev,NEG_E6,4,2,0,0,NONE,NONE,NONE,NONE,0.0,0.0,0.0,4,2
110.0,pa_8,E7,5,3,0,0,NONE,NONE,NONE,NONE,0.0,0.0,0.0,5,3
110.0,pa_8_rev,NEG_E7,5,3,0,0,NONE,NONE,NONE,NONE,0.0,0.0,0.0,5,3
111.0,pa_2,E0,4,3,3,0,"easyBike_forward4.0,easyBike_forward2.0,easyBike_forward1.0",NONE,"13.0,20.0,16.0",NONE,60.0,75.0,0.0,1,3
111.0,pa_2_rev,NEG_E0,4,3,0,0,NONE,NONE,NONE,NONE,0.0,0.0,0.0,4,3
111.0,pa_3,E1,4,3,0,0,NONE,NONE,NONE,NONE,0.0,0.0,0.0,4,3
111.0,pa_3_rev,NEG_E1,4,3,0,0,NONE,NONE,NONE,NONE,0.0,0.0,0.0,4,3
111.0,pa_6,E5,5,3,1,0,easyBike_forward3.0,NONE,24.0,NONE,25.0,20.0,0.0,4,3
111.0,pa_6_rev,NEG_E5,5,3,0,0,NONE,NONE,NONE,NONE,0.0,0.0,0.0,5,3
111.0,pa_7,E6,4,2,0,0,NONE,NONE,NONE,NONE,0.0,0.0,0.0,4,2
111.0,pa_7_rev,NEG_E6,4,2,0,0,NONE,NONE,NONE,NONE,0.0,0.0,0.0,4,2
111.0,pa_8,E7,5,3,0,0,NONE,NONE,NONE,NONE,0.0,0.0,0.0,5,3
111.0,pa_8_rev,NEG_E7,5,3,0,0,NONE,NONE,NONE,NONE,0.0,0.0,0.0,5,3
112.0,pa_2,E0,4,3,3,0,"easyBike_forward4.0,easyBike_forward2.0,easyBike_forward1.0",NONE,"14.0,21.0,17.0",NONE,60.0,75.0,0.0,1,3
112.0,pa_2_rev,NEG_E0,4,3,0,0,NONE,NONE,NONE,NONE,0.0,0.0,0.0,4,3
112.0,pa_3,E1,4,3,0,0,NONE,NONE,NONE,NONE,0.0,0.0,0.0,4,3
112.0,pa_3_rev,NEG_E1,4,3,0,0,NONE,NONE,NONE,NONE,0.0,0.0,0.0,4,3
112.0,pa_6,E5,5,3,1,0,easyBike_forward3.0,NONE,25.0,NONE,25.0,20.0,0.0,4,3
112.0,pa_6_rev,NEG_E5,5,3,0,0,NONE,NONE,NONE,NONE,0.0,0.0,0.0,5,3
112.0,pa_7,E6,4,2,0,0,NONE,NONE,NONE,NONE,0.0,0.0,0.0,4,2
112.0,pa_7_rev,NEG_E6,4,2,0,0,NONE,NONE,NONE,NONE,0.0,0.0,0.0,4,2
112.0,pa_8,E7,5,3,0,0,NONE,NONE,NONE,NONE,0.0,0.0,0.0,5,3
112.0,pa_8_rev,NEG_E7,5,3,0,0,NONE,NONE,NONE,NONE,0.0,0.0,0.0,5,3
113.0,pa_2,E0,4,3,3,0,"easyBike_forward4.0,easyBike_forward2.0,easyBike_forward1.0",NONE,"15.0,22.0,18.0",NONE,60.0,75.0,0.0,1,3
113.0,pa_2_rev,NEG_E0,4,3,0,0,NONE,NONE,NONE,NONE,0.0,0.0,0.0,4,3
113.0,pa_3,E1,4,3,0,0,NONE,NONE,NONE,NONE,0.0,0.0,0.0,4,3
113.0,pa_3_rev,NEG_E1,4,3,0,0,NONE,NONE,NONE,NONE,0.0,0.0,0.0,4,3
113.0,pa_6,E5,5,3,1,0,easyBike_forward3.0,NONE,26.0,NONE,25.0,20.0,0.0,4,3
113.0,pa_6_rev,NEG_E5,5,3,0,0,NONE,NONE,NONE,NONE,0.0,0.0,0.0,5,3
113.0,pa_7,E6,4,2,0,0,NONE,NONE,NONE,NONE,0.0,0.0,0.0,4,2
113.0,pa_7_rev,NEG_E6,4,2,0,0,NONE,NONE,NONE,NONE,0.0,0.0,0.0,4,2
113.0,pa_8,E7,5,3,0,0,NONE,NONE,NONE,NONE,0.0,0.0,0.0,5,3
113.0,pa_8_rev,NEG_E7,5,3,0,0,NONE,NONE,NONE,NONE,0.0,0.0,0.0,5,3
114.0,pa_2,E0,4,3,3,0,"easyBike_forward4.0,easyBike_forward2.0,easyBike_forward1.0",NONE,"16.0,23.0,19.0",NONE,60.0,75.0,0.0,1,3
114.0,pa_2_rev,NEG_E0,4,3,0,0,NONE,NONE,NONE,NONE,0.0,0.0,0.0,4,3
114.0,pa_3,E1,4,3,0,0,NONE,NONE,NONE,NONE,0.0,0.0,0.0,4,3
114.0,pa_3_rev,NEG_E1,4,3,0,0,NONE,NONE,NONE,NONE,0.0,0.0,0.0,4,3
114.0,pa_6,E5,5,3,1,0,easyBike_forward3.0,NONE,27.0,NONE,25.0,20.0,0.0,4,3
114.0,pa_6_rev,NEG_E5,5,3,0,0,NONE,NONE,NONE,NONE,0.0,0.0,0.0,5,3
114.0,pa_7,E6,4,2,0,0,NONE,NONE,NONE,NONE,0.0,0.0,0.0,4,2
114.0,pa_7_rev,NEG_E6,4,2,0,0,NONE,NONE,NONE,NONE,0.0,0.0,0.0,4,2
114.0,pa_8,E7,5,3,0,0,NONE,NONE,NONE,NONE,0.0,0.0,0.0,5,3
114.0,pa_8_rev,NEG_E7,5,3,0,0,NONE,NONE,NONE,NONE,0.0,0.0,0.0,5,3
115.0,pa_2,E0,4,3,3,0,"easyBike_forward4.0,easyBike_forward2.0,easyBike_forward1.0",NONE,"17.0,24.0,20.0",NONE,60.0,75.0,0.0,1,3
115.0,pa_2_rev,NEG_E0,4,3,0,0,NONE,NONE,NONE,NONE,0.0,0.0,0.0,4,3
115.0,pa_3,E1,4,3,0,0,NONE,NONE,NONE,NONE,0.0,0.0,0.0,4,3
115.0,pa_3_rev,NEG_E1,4,3,0,0,NONE,NONE,NONE,NONE,0.0,0.0,0.0,4,3
115.0,pa_6,E5,5,3,1,0,easyBike_forward3.0,NONE,28.0,NONE,25.0,20.0,0.0,4,3
115.0,pa_6_rev,NEG_E5,5,3,0,0,NONE,NONE,NONE,NONE,0.0,0.0,0.0,5,3
115.0,pa_7,E6,4,2,0,0,NONE,NONE,NONE,NONE,0.0,0.0,0.0,4,2
115.0,pa_7_rev,NEG_E6,4,2,0,0,NONE,NONE,NONE,NONE,0.0,0.0,0.0,4,2
115.0,pa_8,E7,5,3,0,0,NONE,NONE,NONE,NONE,0.0,0.0,0.0,5,3
115.0,pa_8_rev,NEG_E7,5,3,0,0,NONE,NONE,NONE,NONE,0.0,0.0,0.0,5,3
116.0,pa_2,E0,4,3,3,0,"easyBike_forward4.0,easyBike_forward2.0,easyBike_forward1.0",NONE,"18.0,25.0,21.0",NONE,60.0,75.0,0.0,1,3
116.0,pa_2_rev,NEG_E0,4,3,0,0,NONE,NONE,NONE,NONE,0.0,0.0,0.0,4,3
116.0,pa_3,E1,4,3,0,0,NONE,NONE,NONE,NONE,0.0,0.0,0.0,4,3
116.0,pa_3_rev,NEG_E1,4,3,0,0,NONE,NONE,NONE,NONE,0.0,0.0,0.0,4,3
116.0,pa_6,E5,5,3,1,0,easyBike_forward3.0,NONE,29.0,NONE,25.0,20.0,0.0,4,3
116.0,pa_6_rev,NEG_E5,5,3,0,0,NONE,NONE,NONE,NONE,0.0,0.0,0.0,5,3
116.0,pa_7,E6,4,2,0,0,NONE,NONE,NONE,NONE,0.0,0.0,0.0,4,2
116.0,pa_7_rev,NEG_E6,4,2,0,0,NONE,NONE,NONE,NONE,0.0,0.0,0.0,4,2
116.0,pa_8,E7,5,3,0,0,NONE,NONE,NONE,NONE,0.0,0.0,0.0,5,3
116.0,pa_8_rev,NEG_E7,5,3,0,0,NONE,NONE,NONE,NONE,0.0,0.0,0.0,5,3
117.0,pa_2,E0,4,3,3,0,"easyBike_forward4.0,easyBike_forward2.0,easyBike_forward1.0",NONE,"19.0,26.0,22.0",NONE,60.0,75.0,0.0,1,3
117.0,pa_2_rev,NEG_E0,4,3,0,0,NONE,NONE,NONE,NONE,0.0,0.0,0.0,4,3
117.0,pa_3,E1,4,3,0,0,NONE,NONE,NONE,NONE,0.0,0.0,0.0,4,3
117.0,pa_3_rev,NEG_E1,4,3,0,0,NONE,NONE,NONE,NONE,0.0,0.0,0.0,4,3
117.0,pa_6,E5,5,3,1,0,easyBike_forward3.0,NONE,30.0,NONE,25.0,20.0,0.0,4,3
117.0,pa_6_rev,NEG_E5,5,3,0,0,NONE,NONE,NONE,NONE,0.0,0.0,0.0,5,3
117.0,pa_7,E6,4,2,0,0,NONE,NONE,NONE,NONE,0.0,0.0,0.0,4,2
117.0,pa_7_rev,NEG_E6,4,2,0,0,NONE,NONE,NONE,NONE,0.0,0.0,0.0,4,2
117.0,pa_8,E7,5,3,0,0,NONE,NONE,NONE,NONE,0.0,0.0,0.0,5,3
117.0,pa_8_rev,NEG_E7,5,3,0,0,NONE,NONE,NONE,NONE,0.0,0.0,0.0,5,3
118.0,pa_2,E0,4,3,3,0,"easyBike_forward4.0,easyBike_forward2.0,easyBike_forward1.0",NONE,"20.0,27.0,23.0",NONE,60.0,75.0,0.0,1,3
118.0,pa_2_rev,NEG_E0,4,3,0,0,NONE,NONE,NONE,NONE,0.0,0.0,0.0,4,3
118.0,pa_3,E1,4,3,0,0,NONE,NONE,NONE,NONE,0.0,0.0,0.0,4,3
118.0,pa_3_rev,NEG_E1,4,3,0,0,NONE,NONE,NONE,NONE,0.0,0.0,0.0,4,3
118.0,pa_6,E5,5,3,1,0,easyBike_forward3.0,NONE,31.0,NONE,25.0,20.0,0.0,4,3
118.0,pa_6_rev,NEG_E5,5,3,0,0,NONE,NONE,NONE,NONE,0.0,0.0,0.0,5,3
118.0,pa_7,E6,4,2,0,0,NONE,NONE,NONE,NONE,0.0,0.0,0.0,4,2
118.0,pa_7_rev,NEG_E6,4,2,0,0,NONE,NONE,NONE,NONE,0.0,0.0,0.0,4,2
118.0,pa_8,E7,5,3,0,0,NONE,NONE,NONE,NONE,0.0,0.0,0.0,5,3
118.0,pa_8_rev,NEG_E7,5,3,0,0,NONE,NONE,NONE,NONE,0.0,0.0,0.0,5,3
119.0,pa_2,E0,4,3,3,0,"easyBike_forward4.0,easyBike_forward2.0,easyBike_forward1.0",NONE,"21.0,28.0,24.0",NONE,60.0,75.0,0.0,1,3
119.0,pa_2_rev,NEG_E0,4,3,0,0,NONE,NONE,NONE,NONE,0.0,0.0,0.0,4,3
119.0,pa_3,E1,4,3,0,0,NONE,NONE,NONE,NONE,0.0,0.0,0.0,4,3
119.0,pa_3_rev,NEG_E1,4,3,0,0,NONE,NONE,NONE,NONE,0.0,0.0,0.0,4,3
119.0,pa_6,E5,5,3,1,0,easyBike_forward3.0,NONE,32.0,NONE,25.0,20.0,0.0,4,3
119.0,pa_6_rev,NEG_E5,5,3,0,0,NONE,NONE,NONE,NONE,0.0,0.0,0.0,5,3
119.0,pa_7,E6,4,2,0,0,NONE,NONE,NONE,NONE,0.0,0.0,0.0,4,2
119.0,pa_7_rev,NEG_E6,4,2,0,0,NONE,NONE,NONE,NONE,0.0,0.0,0.0,4,2
119.0,pa_8,E7,5,3,0,0,NONE,NONE,NONE,NONE,0.0,0.0,0.0,5,3
119.0,pa_8_rev,NEG_E7,5,3,0,0,NONE,NONE,NONE,NONE,0.0,0.0,0.0,5,3
120.0,pa_2,E0,4,3,3,0,"easyBike_forward4.0,easyBike_forward2.0,easyBike_forward1.0",NONE,"22.0,29.0,25.0",NONE,60.0,75.0,0.0,1,3
120.0,pa_2_rev,NEG_E0,4,3,0,0,NONE,NONE,NONE,NONE,0.0,0.0,0.0,4,3
120.0,pa_3,E1,4,3,0,0,NONE,NONE,NONE,NONE,0.0,0.0,0.0,4,3
120.0,pa_3_rev,NEG_E1,4,3,0,0,NONE,NONE,NONE,NONE,0.0,0.0,0.0,4,3
120.0,pa_6,E5,5,3,1,0,easyBike_forward3.0,NONE,33.0,NONE,25.0,20.0,0.0,4,3
120.0,pa_6_rev,NEG_E5,5,3,0,0,NONE,NONE,NONE,NONE,0.0,0.0,0.0,5,3
120.0,pa_7,E6,4,2,0,0,NONE,NONE,NONE,NONE,0.0,0.0,0.0,4,2
120.0,pa_7_rev,NEG_E6,4,2,0,0,NONE,NONE,NONE,NONE,0.0,0.0,0.0,4,2
120.0,pa_8,E7,5,3,0,0,NONE,NONE,NONE,NONE,0.0,0.0,0.0,5,3
120.0,pa_8_rev,NEG_E7,5,3,0,0,NONE,NONE,NONE,NONE,0.0,0.0,0.0,5,3
121.0,pa_2,E0,4,3,3,0,"easyBike_forward4.0,easyBike_forward2.0,easyBike_forward1.0",NONE,"23.0,30.0,26.0",NONE,60.0,75.0,0.0,1,3
121.0,pa_2_rev,NEG_E0,4,3,0,0,NONE,NONE,NONE,NONE,0.0,0.0,0.0,4,3
121.0,pa_3,E1,4,3,0,0,NONE,NONE,NONE,NONE,0.0,0.0,0.0,4,3
121.0,pa_3_rev,NEG_E1,4,3,0,0,NONE,NONE,NONE,NONE,0.0,0.0,0.0,4,3
121.0,pa_6,E5,5,3,1,0,easyBike_forward3.0,NONE,34.0,NONE,25.0,20.0,0.0,4,3
121.0,pa_6_rev,NEG_E5,5,3,0,0,NONE,NONE,NONE,NONE,0.0,0.0,0.0,5,3
121.0,pa_7,E6,4,2,0,0,NONE,NONE,NONE,NONE,0.0,0.0,0.0,4,2
121.0,pa_7_rev,NEG_E6,4,2,0,0,NONE,NONE,NONE,NONE,0.0,0.0,0.0,4,2
121.0,pa_8,E7,5,3,0,0,NONE,NONE,NONE,NONE,0.0,0.0,0.0,5,3
121.0,pa_8_rev,NEG_E7,5,3,0,0,NONE,NONE,NONE,NONE,0.0,0.0,0.0,5,3
122.0,pa_2,E0,4,3,3,0,"easyBike_forward4.0,easyBike_forward2.0,easyBike_forward1.0",NONE,"24.0,31.0,27.0",NONE,60.0,75.0,0.0,1,3
122.0,pa_2_rev,NEG_E0,4,3,0,0,NONE,NONE,NONE,NONE,0.0,0.0,0.0,4,3
122.0,pa_3,E1,4,3,0,0,NONE,NONE,NONE,NONE,0.0,0.0,0.0,4,3
122.0,pa_3_rev,NEG_E1,4,3,0,0,NONE,NONE,NONE,NONE,0.0,0.0,0.0,4,3
122.0,pa_6,E5,5,3,1,0,easyBike_forward3.0,NONE,35.0,NONE,25.0,20.0,0.0,4,3
122.0,pa_6_rev,NEG_E5,5,3,0,0,NONE,NONE,NONE,NONE,0.0,0.0,0.0,5,3
122.0,pa_7,E6,4,2,0,0,NONE,NONE,NONE,NONE,0.0,0.0,0.0,4,2
122.0,pa_7_rev,NEG_E6,4,2,0,0,NONE,NONE,NONE,NONE,0.0,0.0,0.0,4,2
122.0,pa_8,E7,5,3,0,0,NONE,NONE,NONE,NONE,0.0,0.0,0.0,5,3
122.0,pa_8_rev,NEG_E7,5,3,0,0,NONE,NONE,NONE,NONE,0.0,0.0,0.0,5,3
123.0,pa_2,E0,4,3,3,0,"easyBike_forward4.0,easyBike_forward2.0,easyBike_forward1.0",NONE,"25.0,32.0,28.0",NONE,60.0,75.0,0.0,1,3
123.0,pa_2_rev,NEG_E0,4,3,0,0,NONE,NONE,NONE,NONE,0.0,0.0,0.0,4,3
123.0,pa_3,E1,4,3,0,0,NONE,NONE,NONE,NONE,0.0,0.0,0.0,4,3
123.0,pa_3_rev,NEG_E1,4,3,0,0,NONE,NONE,NONE,NONE,0.0,0.0,0.0,4,3
123.0,pa_6,E5,5,3,1,0,easyBike_forward3.0,NONE,36.0,NONE,25.0,20.0,0.0,4,3
123.0,pa_6_rev,NEG_E5,5,3,0,0,NONE,NONE,NONE,NONE,0.0,0.0,0.0,5,3
123.0,pa_7,E6,4,2,0,0,NONE,NONE,NONE,NONE,0.0,0.0,0.0,4,2
123.0,pa_7_rev,NEG_E6,4,2,0,0,NONE,NONE,NONE,NONE,0.0,0.0,0.0,4,2
123.0,pa_8,E7,5,3,0,0,NONE,NONE,NONE,NONE,0.0,0.0,0.0,5,3
123.0,pa_8_rev,NEG_E7,5,3,0,0,NONE,NONE,NONE,NONE,0.0,0.0,0.0,5,3
124.0,pa_2,E0,4,3,3,0,"easyBike_forward4.0,easyBike_forward2.0,easyBike_forward1.0",NONE,"26.0,33.0,29.0",NONE,60.0,75.0,0.0,1,3
124.0,pa_2_rev,NEG_E0,4,3,0,0,NONE,NONE,NONE,NONE,0.0,0.0,0.0,4,3
124.0,pa_3,E1,4,3,0,0,NONE,NONE,NONE,NONE,0.0,0.0,0.0,4,3
124.0,pa_3_rev,NEG_E1,4,3,0,0,NONE,NONE,NONE,NONE,0.0,0.0,0.0,4,3
124.0,pa_6,E5,5,3,1,0,easyBike_forward3.0,NONE,37.0,NONE,25.0,20.0,0.0,4,3
124.0,pa_6_rev,NEG_E5,5,3,0,0,NONE,NONE,NONE,NONE,0.0,0.0,0.0,5,3
124.0,pa_7,E6,4,2,0,0,NONE,NONE,NONE,NONE,0.0,0.0,0.0,4,2
124.0,pa_7_rev,NEG_E6,4,2,0,0,NONE,NONE,NONE,NONE,0.0,0.0,0.0,4,2
124.0,pa_8,E7,5,3,0,0,NONE,NONE,NONE,NONE,0.0,0.0,0.0,5,3
124.0,pa_8_rev,NEG_E7,5,3,0,0,NONE,NONE,NONE,NONE,0.0,0.0,0.0,5,3
125.0,pa_2,E0,4,3,3,0,"easyBike_forward4.0,easyBike_forward2.0,easyBike_forward1.0",NONE,"27.0,34.0,30.0",NONE,60.0,75.0,0.0,1,3
125.0,pa_2_rev,NEG_E0,4,3,0,0,NONE,NONE,NONE,NONE,0.0,0.0,0.0,4,3
125.0,pa_3,E1,4,3,0,0,NONE,NONE,NONE,NONE,0.0,0.0,0.0,4,3
125.0,pa_3_rev,NEG_E1,4,3,0,0,NONE,NONE,NONE,NONE,0.0,0.0,0.0,4,3
125.0,pa_6,E5,5,3,1,0,easyBike_forward3.0,NONE,38.0,NONE,25.0,20.0,0.0,4,3
125.0,pa_6_rev,NEG_E5,5,3,0,0,NONE,NONE,NONE,NONE,0.0,0.0,0.0,5,3
125.0,pa_7,E6,4,2,0,0,NONE,NONE,NONE,NONE,0.0,0.0,0.0,4,2
125.0,pa_7_rev,NEG_E6,4,2,0,0,NONE,NONE,NONE,NONE,0.0,0.0,0.0,4,2
125.0,pa_8,E7,5,3,0,0,NONE,NONE,NONE,NONE,0.0,0.0,0.0,5,3
125.0,pa_8_rev,NEG_E7,5,3,0,0,NONE,NONE,NONE,NONE,0.0,0.0,0.0,5,3
126.0,pa_2,E0,4,3,3,0,"easyBike_forward4.0,easyBike_forward2.0,easyBike_forward1.0",NONE,"28.0,35.0,31.0",NONE,60.0,75.0,0.0,1,3
126.0,pa_2_rev,NEG_E0,4,3,0,0,NONE,NONE,NONE,NONE,0.0,0.0,0.0,4,3
126.0,pa_3,E1,4,3,0,0,NONE,NONE,NONE,NONE,0.0,0.0,0.0,4,3
126.0,pa_3_rev,NEG_E1,4,3,0,0,NONE,NONE,NONE,NONE,0.0,0.0,0.0,4,3
126.0,pa_6,E5,5,3,1,0,easyBike_forward3.0,NONE,39.0,NONE,25.0,20.0,0.0,4,3
126.0,pa_6_rev,NEG_E5,5,3,0,0,NONE,NONE,NONE,NONE,0.0,0.0,0.0,5,3
126.0,pa_7,E6,4,2,0,0,NONE,NONE,NONE,NONE,0.0,0.0,0.0,4,2
126.0,pa_7_rev,NEG_E6,4,2,0,0,NONE,NONE,NONE,NONE,0.0,0.0,0.0,4,2
126.0,pa_8,E7,5,3,0,0,NONE,NONE,NONE,NONE,0.0,0.0,0.0,5,3
126.0,pa_8_rev,NEG_E7,5,3,0,0,NONE,NONE,NONE,NONE,0.0,0.0,0.0,5,3
127.0,pa_2,E0,4,3,3,0,"easyBike_forward4.0,easyBike_forward2.0,easyBike_forward1.0",NONE,"29.0,36.0,32.0",NONE,60.0,75.0,0.0,1,3
127.0,pa_2_rev,NEG_E0,4,3,0,0,NONE,NONE,NONE,NONE,0.0,0.0,0.0,4,3
127.0,pa_3,E1,4,3,0,0,NONE,NONE,NONE,NONE,0.0,0.0,0.0,4,3
127.0,pa_3_rev,NEG_E1,4,3,0,0,NONE,NONE,NONE,NONE,0.0,0.0,0.0,4,3
127.0,pa_6,E5,5,3,1,0,easyBike_forward3.0,NONE,40.0,NONE,25.0,20.0,0.0,4,3
127.0,pa_6_rev,NEG_E5,5,3,0,0,NONE,NONE,NONE,NONE,0.0,0.0,0.0,5,3
127.0,pa_7,E6,4,2,0,0,NONE,NONE,NONE,NONE,0.0,0.0,0.0,4,2
127.0,pa_7_rev,NEG_E6,4,2,0,0,NONE,NONE,NONE,NONE,0.0,0.0,0.0,4,2
127.0,pa_8,E7,5,3,0,0,NONE,NONE,NONE,NONE,0.0,0.0,0.0,5,3
127.0,pa_8_rev,NEG_E7,5,3,0,0,NONE,NONE,NONE,NONE,0.0,0.0,0.0,5,3
128.0,pa_2,E0,4,3,3,0,"easyBike_forward4.0,easyBike_forward2.0,easyBike_forward1.0",NONE,"30.0,37.0,33.0",NONE,60.0,75.0,0.0,1,3
128.0,pa_2_rev,NEG_E0,4,3,0,0,NONE,NONE,NONE,NONE,0.0,0.0,0.0,4,3
128.0,pa_3,E1,4,3,0,0,NONE,NONE,NONE,NONE,0.0,0.0,0.0,4,3
128.0,pa_3_rev,NEG_E1,4,3,0,0,NONE,NONE,NONE,NONE,0.0,0.0,0.0,4,3
128.0,pa_6,E5,5,3,1,0,easyBike_forward3.0,NONE,41.0,NONE,25.0,20.0,0.0,4,3
128.0,pa_6_rev,NEG_E5,5,3,0,0,NONE,NONE,NONE,NONE,0.0,0.0,0.0,5,3
128.0,pa_7,E6,4,2,0,0,NONE,NONE,NONE,NONE,0.0,0.0,0.0,4,2
128.0,pa_7_rev,NEG_E6,4,2,0,0,NONE,NONE,NONE,NONE,0.0,0.0,0.0,4,2
128.0,pa_8,E7,5,3,0,0,NONE,NONE,NONE,NONE,0.0,0.0,0.0,5,3
128.0,pa_8_rev,NEG_E7,5,3,0,0,NONE,NONE,NONE,NONE,0.0,0.0,0.0,5,3
129.0,pa_2,E0,4,3,3,0,"easyBike_forward4.0,easyBike_forward2.0,easyBike_forward1.0",NONE,"31.0,38.0,34.0",NONE,60.0,75.0,0.0,1,3
129.0,pa_2_rev,NEG_E0,4,3,0,0,NONE,NONE,NONE,NONE,0.0,0.0,0.0,4,3
129.0,pa_3,E1,4,3,0,0,NONE,NONE,NONE,NONE,0.0,0.0,0.0,4,3
129.0,pa_3_rev,NEG_E1,4,3,0,0,NONE,NONE,NONE,NONE,0.0,0.0,0.0,4,3
129.0,pa_6,E5,5,3,1,0,easyBike_forward3.0,NONE,42.0,NONE,25.0,20.0,0.0,4,3
129.0,pa_6_rev,NEG_E5,5,3,0,0,NONE,NONE,NONE,NONE,0.0,0.0,0.0,5,3
129.0,pa_7,E6,4,2,0,0,NONE,NONE,NONE,NONE,0.0,0.0,0.0,4,2
129.0,pa_7_rev,NEG_E6,4,2,0,0,NONE,NONE,NONE,NONE,0.0,0.0,0.0,4,2
129.0,pa_8,E7,5,3,0,0,NONE,NONE,NONE,NONE,0.0,0.0,0.0,5,3
129.0,pa_8_rev,NEG_E7,5,3,0,0,NONE,NONE,NONE,NONE,0.0,0.0,0.0,5,3
130.0,pa_2,E0,4,3,3,0,"easyBike_forward4.0,easyBike_forward2.0,easyBike_forward1.0",NONE,"32.0,39.0,35.0",NONE,60.0,75.0,0.0,1,3
130.0,pa_2_rev,NEG_E0,4,3,0,0,NONE,NONE,NONE,NONE,0.0,0.0,0.0,4,3
130.0,pa_3,E1,4,3,0,0,NONE,NONE,NONE,NONE,0.0,0.0,0.0,4,3
130.0,pa_3_rev,NEG_E1,4,3,0,0,NONE,NONE,NONE,NONE,0.0,0.0,0.0,4,3
130.0,pa_6,E5,5,3,1,0,easyBike_forward3.0,NONE,43.0,NONE,25.0,20.0,0.0,4,3
130.0,pa_6_rev,NEG_E5,5,3,0,0,NONE,NONE,NONE,NONE,0.0,0.0,0.0,5,3
130.0,pa_7,E6,4,2,0,0,NONE,NONE,NONE,NONE,0.0,0.0,0.0,4,2
130.0,pa_7_rev,NEG_E6,4,2,0,0,NONE,NONE,NONE,NONE,0.0,0.0,0.0,4,2
130.0,pa_8,E7,5,3,0,0,NONE,NONE,NONE,NONE,0.0,0.0,0.0,5,3
130.0,pa_8_rev,NEG_E7,5,3,0,0,NONE,NONE,NONE,NONE,0.0,0.0,0.0,5,3
131.0,pa_2,E0,4,3,3,0,"easyBike_forward4.0,easyBike_forward2.0,easyBike_forward1.0",NONE,"33.0,40.0,36.0",NONE,60.0,75.0,0.0,1,3
131.0,pa_2_rev,NEG_E0,4,3,0,0,NONE,NONE,NONE,NONE,0.0,0.0,0.0,4,3
131.0,pa_3,E1,4,3,0,0,NONE,NONE,NONE,NONE,0.0,0.0,0.0,4,3
131.0,pa_3_rev,NEG_E1,4,3,0,0,NONE,NONE,NONE,NONE,0.0,0.0,0.0,4,3
131.0,pa_6,E5,5,3,1,0,easyBike_forward3.0,NONE,44.0,NONE,25.0,20.0,0.0,4,3
131.0,pa_6_rev,NEG_E5,5,3,0,0,NONE,NONE,NONE,NONE,0.0,0.0,0.0,5,3
131.0,pa_7,E6,4,2,0,0,NONE,NONE,NONE,NONE,0.0,0.0,0.0,4,2
131.0,pa_7_rev,NEG_E6,4,2,0,0,NONE,NONE,NONE,NONE,0.0,0.0,0.0,4,2
131.0,pa_8,E7,5,3,0,0,NONE,NONE,NONE,NONE,0.0,0.0,0.0,5,3
131.0,pa_8_rev,NEG_E7,5,3,0,0,NONE,NONE,NONE,NONE,0.0,0.0,0.0,5,3
132.0,pa_2,E0,4,3,3,0,"easyBike_forward4.0,easyBike_forward2.0,easyBike_forward1.0",NONE,"34.0,41.0,37.0",NONE,60.0,75.0,0.0,1,3
132.0,pa_2_rev,NEG_E0,4,3,0,0,NONE,NONE,NONE,NONE,0.0,0.0,0.0,4,3
132.0,pa_3,E1,4,3,0,0,NONE,NONE,NONE,NONE,0.0,0.0,0.0,4,3
132.0,pa_3_rev,NEG_E1,4,3,0,0,NONE,NONE,NONE,NONE,0.0,0.0,0.0,4,3
132.0,pa_6,E5,5,3,1,0,easyBike_forward3.0,NONE,45.0,NONE,25.0,20.0,0.0,4,3
132.0,pa_6_rev,NEG_E5,5,3,0,0,NONE,NONE,NONE,NONE,0.0,0.0,0.0,5,3
132.0,pa_7,E6,4,2,0,0,NONE,NONE,NONE,NONE,0.0,0.0,0.0,4,2
132.0,pa_7_rev,NEG_E6,4,2,0,0,NONE,NONE,NONE,NONE,0.0,0.0,0.0,4,2
132.0,pa_8,E7,5,3,0,0,NONE,NONE,NONE,NONE,0.0,0.0,0.0,5,3
132.0,pa_8_rev,NEG_E7,5,3,0,0,NONE,NONE,NONE,NONE,0.0,0.0,0.0,5,3
133.0,pa_2,E0,4,3,3,0,"easyBike_forward4.0,easyBike_forward2.0,easyBike_forward1.0",NONE,"35.0,42.0,38.0",NONE,60.0,75.0,0.0,1,3
133.0,pa_2_rev,NEG_E0,4,3,0,0,NONE,NONE,NONE,NONE,0.0,0.0,0.0,4,3
133.0,pa_3,E1,4,3,0,0,NONE,NONE,NONE,NONE,0.0,0.0,0.0,4,3
133.0,pa_3_rev,NEG_E1,4,3,0,0,NONE,NONE,NONE,NONE,0.0,0.0,0.0,4,3
133.0,pa_6,E5,5,3,1,0,easyBike_forward3.0,NONE,46.0,NONE,25.0,20.0,0.0,4,3
133.0,pa_6_rev,NEG_E5,5,3,0,0,NONE,NONE,NONE,NONE,0.0,0.0,0.0,5,3
133.0,pa_7,E6,4,2,0,0,NONE,NONE,NONE,NONE,0.0,0.0,0.0,4,2
133.0,pa_7_rev,NEG_E6,4,2,0,0,NONE,NONE,NONE,NONE,0.0,0.0,0.0,4,2
133.0,pa_8,E7,5,3,0,0,NONE,NONE,NONE,NONE,0.0,0.0,0.0,5,3
133.0,pa_8_rev,NEG_E7,5,3,0,0,NONE,NONE,NONE,NONE,0.0,0.0,0.0,5,3
134.0,pa_2,E0,4,3,3,0,"easyBike_forward4.0,easyBike_forward2.0,easyBike_forward1.0",NONE,"36.0,43.0,39.0",NONE,60.0,75.0,0.0,1,3
134.0,pa_2_rev,NEG_E0,4,3,0,0,NONE,NONE,NONE,NONE,0.0,0.0,0.0,4,3
134.0,pa_3,E1,4,3,0,0,NONE,NONE,NONE,NONE,0.0,0.0,0.0,4,3
134.0,pa_3_rev,NEG_E1,4,3,0,0,NONE,NONE,NONE,NONE,0.0,0.0,0.0,4,3
134.0,pa_6,E5,5,3,1,0,easyBike_forward3.0,NONE,47.0,NONE,25.0,20.0,0.0,4,3
134.0,pa_6_rev,NEG_E5,5,3,0,0,NONE,NONE,NONE,NONE,0.0,0.0,0.0,5,3
134.0,pa_7,E6,4,2,0,0,NONE,NONE,NONE,NONE,0.0,0.0,0.0,4,2
134.0,pa_7_rev,NEG_E6,4,2,0,0,NONE,NONE,NONE,NONE,0.0,0.0,0.0,4,2
134.0,pa_8,E7,5,3,0,0,NONE,NONE,NONE,NONE,0.0,0.0,0.0,5,3
134.0,pa_8_rev,NEG_E7,5,3,0,0,NONE,NONE,NONE,NONE,0.0,0.0,0.0,5,3
135.0,pa_2,E0,4,3,3,0,"easyBike_forward4.0,easyBike_forward2.0,easyBike_forward1.0",NONE,"37.0,44.0,40.0",NONE,60.0,75.0,0.0,1,3
135.0,pa_2_rev,NEG_E0,4,3,0,0,NONE,NONE,NONE,NONE,0.0,0.0,0.0,4,3
135.0,pa_3,E1,4,3,0,0,NONE,NONE,NONE,NONE,0.0,0.0,0.0,4,3
135.0,pa_3_rev,NEG_E1,4,3,0,0,NONE,NONE,NONE,NONE,0.0,0.0,0.0,4,3
135.0,pa_6,E5,5,3,1,0,easyBike_forward3.0,NONE,48.0,NONE,25.0,20.0,0.0,4,3
135.0,pa_6_rev,NEG_E5,5,3,0,0,NONE,NONE,NONE,NONE,0.0,0.0,0.0,5,3
135.0,pa_7,E6,4,2,0,0,NONE,NONE,NONE,NONE,0.0,0.0,0.0,4,2
135.0,pa_7_rev,NEG_E6,4,2,0,0,NONE,NONE,NONE,NONE,0.0,0.0,0.0,4,2
135.0,pa_8,E7,5,3,0,0,NONE,NONE,NONE,NONE,0.0,0.0,0.0,5,3
135.0,pa_8_rev,NEG_E7,5,3,0,0,NONE,NONE,NONE,NONE,0.0,0.0,0.0,5,3
136.0,pa_2,E0,4,3,3,0,"easyBike_forward4.0,easyBike_forward2.0,easyBike_forward1.0",NONE,"38.0,45.0,41.0",NONE,60.0,75.0,0.0,1,3
136.0,pa_2_rev,NEG_E0,4,3,0,0,NONE,NONE,NONE,NONE,0.0,0.0,0.0,4,3
136.0,pa_3,E1,4,3,0,0,NONE,NONE,NONE,NONE,0.0,0.0,0.0,4,3
136.0,pa_3_rev,NEG_E1,4,3,0,0,NONE,NONE,NONE,NONE,0.0,0.0,0.0,4,3
136.0,pa_6,E5,5,3,1,0,easyBike_forward3.0,NONE,49.0,NONE,25.0,20.0,0.0,4,3
136.0,pa_6_rev,NEG_E5,5,3,0,0,NONE,NONE,NONE,NONE,0.0,0.0,0.0,5,3
136.0,pa_7,E6,4,2,0,0,NONE,NONE,NONE,NONE,0.0,0.0,0.0,4,2
136.0,pa_7_rev,NEG_E6,4,2,0,0,NONE,NONE,NONE,NONE,0.0,0.0,0.0,4,2
136.0,pa_8,E7,5,3,0,0,NONE,NONE,NONE,NONE,0.0,0.0,0.0,5,3
136.0,pa_8_rev,NEG_E7,5,3,0,0,NONE,NONE,NONE,NONE,0.0,0.0,0.0,5,3
137.0,pa_2,E0,4,3,3,0,"easyBike_forward4.0,easyBike_forward2.0,easyBike_forward1.0",NONE,"39.0,46.0,42.0",NONE,60.0,75.0,0.0,1,3
137.0,pa_2_rev,NEG_E0,4,3,0,0,NONE,NONE,NONE,NONE,0.0,0.0,0.0,4,3
137.0,pa_3,E1,4,3,0,0,NONE,NONE,NONE,NONE,0.0,0.0,0.0,4,3
137.0,pa_3_rev,NEG_E1,4,3,0,0,NONE,NONE,NONE,NONE,0.0,0.0,0.0,4,3
137.0,pa_6,E5,5,3,1,0,easyBike_forward3.0,NONE,50.0,NONE,25.0,20.0,0.0,4,3
137.0,pa_6_rev,NEG_E5,5,3,0,0,NONE,NONE,NONE,NONE,0.0,0.0,0.0,5,3
137.0,pa_7,E6,4,2,0,0,NONE,NONE,NONE,NONE,0.0,0.0,0.0,4,2
137.0,pa_7_rev,NEG_E6,4,2,0,0,NONE,NONE,NONE,NONE,0.0,0.0,0.0,4,2
137.0,pa_8,E7,5,3,0,0,NONE,NONE,NONE,NONE,0.0,0.0,0.0,5,3
137.0,pa_8_rev,NEG_E7,5,3,0,0,NONE,NONE,NONE,NONE,0.0,0.0,0.0,5,3
138.0,pa_2,E0,4,3,3,0,"easyBike_forward4.0,easyBike_forward2.0,easyBike_forward1.0",NONE,"40.0,47.0,43.0",NONE,60.0,75.0,0.0,1,3
138.0,pa_2_rev,NEG_E0,4,3,0,0,NONE,NONE,NONE,NONE,0.0,0.0,0.0,4,3
138.0,pa_3,E1,4,3,0,0,NONE,NONE,NONE,NONE,0.0,0.0,0.0,4,3
138.0,pa_3_rev,NEG_E1,4,3,0,0,NONE,NONE,NONE,NONE,0.0,0.0,0.0,4,3
138.0,pa_6,E5,5,3,1,0,easyBike_forward3.0,NONE,51.0,NONE,25.0,20.0,0.0,4,3
138.0,pa_6_rev,NEG_E5,5,3,0,0,NONE,NONE,NONE,NONE,0.0,0.0,0.0,5,3
138.0,pa_7,E6,4,2,0,0,NONE,NONE,NONE,NONE,0.0,0.0,0.0,4,2
138.0,pa_7_rev,NEG_E6,4,2,0,0,NONE,NONE,NONE,NONE,0.0,0.0,0.0,4,2
138.0,pa_8,E7,5,3,0,0,NONE,NONE,NONE,NONE,0.0,0.0,0.0,5,3
138.0,pa_8_rev,NEG_E7,5,3,0,0,NONE,NONE,NONE,NONE,0.0,0.0,0.0,5,3
139.0,pa_2,E0,4,3,3,0,"easyBike_forward4.0,easyBike_forward2.0,easyBike_forward1.0",NONE,"41.0,48.0,44.0",NONE,60.0,75.0,0.0,1,3
139.0,pa_2_rev,NEG_E0,4,3,0,0,NONE,NONE,NONE,NONE,0.0,0.0,0.0,4,3
139.0,pa_3,E1,4,3,0,0,NONE,NONE,NONE,NONE,0.0,0.0,0.0,4,3
139.0,pa_3_rev,NEG_E1,4,3,0,0,NONE,NONE,NONE,NONE,0.0,0.0,0.0,4,3
139.0,pa_6,E5,5,3,1,0,easyBike_forward3.0,NONE,52.0,NONE,25.0,20.0,0.0,4,3
139.0,pa_6_rev,NEG_E5,5,3,0,0,NONE,NONE,NONE,NONE,0.0,0.0,0.0,5,3
139.0,pa_7,E6,4,2,0,0,NONE,NONE,NONE,NONE,0.0,0.0,0.0,4,2
139.0,pa_7_rev,NEG_E6,4,2,0,0,NONE,NONE,NONE,NONE,0.0,0.0,0.0,4,2
139.0,pa_8,E7,5,3,0,0,NONE,NONE,NONE,NONE,0.0,0.0,0.0,5,3
139.0,pa_8_rev,NEG_E7,5,3,0,0,NONE,NONE,NONE,NONE,0.0,0.0,0.0,5,3
140.0,pa_2,E0,4,3,3,0,"easyBike_forward4.0,easyBike_forward2.0,easyBike_forward1.0",NONE,"42.0,49.0,45.0",NONE,60.0,75.0,0.0,1,3
140.0,pa_2_rev,NEG_E0,4,3,0,0,NONE,NONE,NONE,NONE,0.0,0.0,0.0,4,3
140.0,pa_3,E1,4,3,0,0,NONE,NONE,NONE,NONE,0.0,0.0,0.0,4,3
140.0,pa_3_rev,NEG_E1,4,3,0,0,NONE,NONE,NONE,NONE,0.0,0.0,0.0,4,3
140.0,pa_6,E5,5,3,1,0,easyBike_forward3.0,NONE,53.0,NONE,25.0,20.0,0.0,4,3
140.0,pa_6_rev,NEG_E5,5,3,0,0,NONE,NONE,NONE,NONE,0.0,0.0,0.0,5,3
140.0,pa_7,E6,4,2,0,0,NONE,NONE,NONE,NONE,0.0,0.0,0.0,4,2
140.0,pa_7_rev,NEG_E6,4,2,0,0,NONE,NONE,NONE,NONE,0.0,0.0,0.0,4,2
140.0,pa_8,E7,5,3,0,0,NONE,NONE,NONE,NONE,0.0,0.0,0.0,5,3
140.0,pa_8_rev,NEG_E7,5,3,0,0,NONE,NONE,NONE,NONE,0.0,0.0,0.0,5,3
141.0,pa_2,E0,4,3,3,0,"easyBike_forward4.0,easyBike_forward2.0,easyBike_forward1.0",NONE,"43.0,50.0,46.0",NONE,60.0,75.0,0.0,1,3
141.0,pa_2_rev,NEG_E0,4,3,0,0,NONE,NONE,NONE,NONE,0.0,0.0,0.0,4,3
141.0,pa_3,E1,4,3,0,0,NONE,NONE,NONE,NONE,0.0,0.0,0.0,4,3
141.0,pa_3_rev,NEG_E1,4,3,0,0,NONE,NONE,NONE,NONE,0.0,0.0,0.0,4,3
141.0,pa_6,E5,5,3,1,0,easyBike_forward3.0,NONE,54.0,NONE,25.0,20.0,0.0,4,3
141.0,pa_6_rev,NEG_E5,5,3,0,0,NONE,NONE,NONE,NONE,0.0,0.0,0.0,5,3
141.0,pa_7,E6,4,2,0,0,NONE,NONE,NONE,NONE,0.0,0.0,0.0,4,2
141.0,pa_7_rev,NEG_E6,4,2,0,0,NONE,NONE,NONE,NONE,0.0,0.0,0.0,4,2
141.0,pa_8,E7,5,3,0,0,NONE,NONE,NONE,NONE,0.0,0.0,0.0,5,3
141.0,pa_8_rev,NEG_E7,5,3,0,0,NONE,NONE,NONE,NONE,0.0,0.0,0.0,5,3
142.0,pa_2,E0,4,3,3,0,"easyBike_forward4.0,easyBike_forward2.0,easyBike_forward1.0",NONE,"44.0,51.0,47.0",NONE,60.0,75.0,0.0,1,3
142.0,pa_2_rev,NEG_E0,4,3,0,0,NONE,NONE,NONE,NONE,0.0,0.0,0.0,4,3
142.0,pa_3,E1,4,3,0,0,NONE,NONE,NONE,NONE,0.0,0.0,0.0,4,3
142.0,pa_3_rev,NEG_E1,4,3,0,0,NONE,NONE,NONE,NONE,0.0,0.0,0.0,4,3
142.0,pa_6,E5,5,3,1,0,easyBike_forward3.0,NONE,55.0,NONE,25.0,20.0,0.0,4,3
142.0,pa_6_rev,NEG_E5,5,3,0,0,NONE,NONE,NONE,NONE,0.0,0.0,0.0,5,3
142.0,pa_7,E6,4,2,0,0,NONE,NONE,NONE,NONE,0.0,0.0,0.0,4,2
142.0,pa_7_rev,NEG_E6,4,2,0,0,NONE,NONE,NONE,NONE,0.0,0.0,0.0,4,2
142.0,pa_8,E7,5,3,0,0,NONE,NONE,NONE,NONE,0.0,0.0,0.0,5,3
142.0,pa_8_rev,NEG_E7,5,3,1,0,easyBike_reverse2.1,NONE,0.0,NONE,25.0,20.0,0.0,4,3
143.0,pa_2,E0,4,3,4,0,"easyBike_forward4.0,easyBike_forward2.0,easyBike_forward1.0,easyBike_forward1.1",NONE,"45.0,52.0,48.0,0.0",NONE,80.0,100.0,0.0,0,3
143.0,pa_2_rev,NEG_E0,4,3,0,0,NONE,NONE,NONE,NONE,0.0,0.0,0.0,4,3
143.0,pa_3,E1,4,3,0,0,NONE,NONE,NONE,NONE,0.0,0.0,0.0,4,3
143.0,pa_3_rev,NEG_E1,4,3,0,0,NONE,NONE,NONE,NONE,0.0,0.0,0.0,4,3
143.0,pa_6,E5,5,3,1,0,easyBike_forward3.0,NONE,56.0,NONE,25.0,20.0,0.0,4,3
143.0,pa_6_rev,NEG_E5,5,3,0,0,NONE,NONE,NONE,NONE,0.0,0.0,0.0,5,3
143.0,pa_7,E6,4,2,0,0,NONE,NONE,NONE,NONE,0.0,0.0,0.0,4,2
143.0,pa_7_rev,NEG_E6,4,2,0,0,NONE,NONE,NONE,NONE,0.0,0.0,0.0,4,2
143.0,pa_8,E7,5,3,0,0,NONE,NONE,NONE,NONE,0.0,0.0,0.0,5,3
143.0,pa_8_rev,NEG_E7,5,3,1,0,easyBike_reverse2.1,NONE,1.0,NONE,25.0,20.0,0.0,4,3
144.0,pa_2,E0,4,3,4,0,"easyBike_forward4.0,easyBike_forward2.0,easyBike_forward1.0,easyBike_forward1.1",NONE,"46.0,53.0,49.0,1.0",NONE,80.0,100.0,0.0,0,3
144.0,pa_2_rev,NEG_E0,4,3,0,0,NONE,NONE,NONE,NONE,0.0,0.0,0.0,4,3
144.0,pa_3,E1,4,3,0,0,NONE,NONE,NONE,NONE,0.0,0.0,0.0,4,3
144.0,pa_3_rev,NEG_E1,4,3,0,0,NONE,NONE,NONE,NONE,0.0,0.0,0.0,4,3
144.0,pa_6,E5,5,3,1,0,easyBike_forward3.0,NONE,57.0,NONE,25.0,20.0,0.0,4,3
144.0,pa_6_rev,NEG_E5,5,3,0,0,NONE,NONE,NONE,NONE,0.0,0.0,0.0,5,3
144.0,pa_7,E6,4,2,0,0,NONE,NONE,NONE,NONE,0.0,0.0,0.0,4,2
144.0,pa_7_rev,NEG_E6,4,2,0,0,NONE,NONE,NONE,NONE,0.0,0.0,0.0,4,2
144.0,pa_8,E7,5,3,0,0,NONE,NONE,NONE,NONE,0.0,0.0,0.0,5,3
144.0,pa_8_rev,NEG_E7,5,3,1,0,easyBike_reverse2.1,NONE,2.0,NONE,25.0,20.0,0.0,4,3
145.0,pa_2,E0,4,3,4,0,"easyBike_forward4.0,easyBike_forward2.0,easyBike_forward1.0,easyBike_forward1.1",NONE,"47.0,54.0,50.0,2.0",NONE,80.0,100.0,0.0,0,3
145.0,pa_2_rev,NEG_E0,4,3,0,0,NONE,NONE,NONE,NONE,0.0,0.0,0.0,4,3
145.0,pa_3,E1,4,3,0,0,NONE,NONE,NONE,NONE,0.0,0.0,0.0,4,3
145.0,pa_3_rev,NEG_E1,4,3,0,0,NONE,NONE,NONE,NONE,0.0,0.0,0.0,4,3
145.0,pa_6,E5,5,3,1,0,easyBike_forward3.0,NONE,58.0,NONE,25.0,20.0,0.0,4,3
145.0,pa_6_rev,NEG_E5,5,3,0,0,NONE,NONE,NONE,NONE,0.0,0.0,0.0,5,3
145.0,pa_7,E6,4,2,0,0,NONE,NONE,NONE,NONE,0.0,0.0,0.0,4,2
145.0,pa_7_rev,NEG_E6,4,2,0,0,NONE,NONE,NONE,NONE,0.0,0.0,0.0,4,2
145.0,pa_8,E7,5,3,0,0,NONE,NONE,NONE,NONE,0.0,0.0,0.0,5,3
145.0,pa_8_rev,NEG_E7,5,3,1,0,easyBike_reverse2.1,NONE,3.0,NONE,25.0,20.0,0.0,4,3
146.0,pa_2,E0,4,3,4,0,"easyBike_forward4.0,easyBike_forward2.0,easyBike_forward1.0,easyBike_forward1.1",NONE,"48.0,55.0,51.0,3.0",NONE,80.0,100.0,0.0,0,3
146.0,pa_2_rev,NEG_E0,4,3,0,0,NONE,NONE,NONE,NONE,0.0,0.0,0.0,4,3
146.0,pa_3,E1,4,3,0,0,NONE,NONE,NONE,NONE,0.0,0.0,0.0,4,3
146.0,pa_3_rev,NEG_E1,4,3,0,0,NONE,NONE,NONE,NONE,0.0,0.0,0.0,4,3
146.0,pa_6,E5,5,3,1,0,easyBike_forward3.0,NONE,59.0,NONE,25.0,20.0,0.0,4,3
146.0,pa_6_rev,NEG_E5,5,3,0,0,NONE,NONE,NONE,NONE,0.0,0.0,0.0,5,3
146.0,pa_7,E6,4,2,0,0,NONE,NONE,NONE,NONE,0.0,0.0,0.0,4,2
146.0,pa_7_rev,NEG_E6,4,2,0,0,NONE,NONE,NONE,NONE,0.0,0.0,0.0,4,2
146.0,pa_8,E7,5,3,0,0,NONE,NONE,NONE,NONE,0.0,0.0,0.0,5,3
146.0,pa_8_rev,NEG_E7,5,3,1,0,easyBike_reverse2.1,NONE,4.0,NONE,25.0,20.0,0.0,4,3
147.0,pa_2,E0,4,3,4,0,"easyBike_forward4.0,easyBike_forward2.0,easyBike_forward1.0,easyBike_forward1.1",NONE,"49.0,56.0,52.0,4.0",NONE,80.0,100.0,0.0,0,3
147.0,pa_2_rev,NEG_E0,4,3,0,0,NONE,NONE,NONE,NONE,0.0,0.0,0.0,4,3
147.0,pa_3,E1,4,3,0,0,NONE,NONE,NONE,NONE,0.0,0.0,0.0,4,3
147.0,pa_3_rev,NEG_E1,4,3,0,0,NONE,NONE,NONE,NONE,0.0,0.0,0.0,4,3
147.0,pa_6,E5,5,3,1,0,easyBike_forward3.0,NONE,60.0,NONE,25.0,20.0,0.0,4,3
147.0,pa_6_rev,NEG_E5,5,3,0,0,NONE,NONE,NONE,NONE,0.0,0.0,0.0,5,3
147.0,pa_7,E6,4,2,0,0,NONE,NONE,NONE,NONE,0.0,0.0,0.0,4,2
147.0,pa_7_rev,NEG_E6,4,2,0,0,NONE,NONE,NONE,NONE,0.0,0.0,0.0,4,2
147.0,pa_8,E7,5,3,0,0,NONE,NONE,NONE,NONE,0.0,0.0,0.0,5,3
147.0,pa_8_rev,NEG_E7,5,3,1,0,easyBike_reverse2.1,NONE,5.0,NONE,25.0,20.0,0.0,4,3
148.0,pa_2,E0,4,3,4,0,"easyBike_forward4.0,easyBike_forward2.0,easyBike_forward1.0,easyBike_forward1.1",NONE,"50.0,57.0,53.0,5.0",NONE,80.0,100.0,0.0,0,3
148.0,pa_2_rev,NEG_E0,4,3,0,0,NONE,NONE,NONE,NONE,0.0,0.0,0.0,4,3
148.0,pa_3,E1,4,3,0,0,NONE,NONE,NONE,NONE,0.0,0.0,0.0,4,3
148.0,pa_3_rev,NEG_E1,4,3,0,0,NONE,NONE,NONE,NONE,0.0,0.0,0.0,4,3
148.0,pa_6,E5,5,3,1,0,easyBike_forward3.0,NONE,61.0,NONE,25.0,20.0,0.0,4,3
148.0,pa_6_rev,NEG_E5,5,3,0,0,NONE,NONE,NONE,NONE,0.0,0.0,0.0,5,3
148.0,pa_7,E6,4,2,0,0,NONE,NONE,NONE,NONE,0.0,0.0,0.0,4,2
148.0,pa_7_rev,NEG_E6,4,2,0,0,NONE,NONE,NONE,NONE,0.0,0.0,0.0,4,2
148.0,pa_8,E7,5,3,0,0,NONE,NONE,NONE,NONE,0.0,0.0,0.0,5,3
148.0,pa_8_rev,NEG_E7,5,3,2,0,"easyBike_reverse2.1,easyBike_reverse3.1",NONE,"6.0,0.0",NONE,50.0,40.0,0.0,3,3
149.0,pa_2,E0,4,3,4,0,"easyBike_forward4.0,easyBike_forward2.0,easyBike_forward1.0,easyBike_forward1.1",NONE,"51.0,58.0,54.0,6.0",NONE,80.0,100.0,0.0,0,3
149.0,pa_2_rev,NEG_E0,4,3,0,0,NONE,NONE,NONE,NONE,0.0,0.0,0.0,4,3
149.0,pa_3,E1,4,3,0,0,NONE,NONE,NONE,NONE,0.0,0.0,0.0,4,3
149.0,pa_3_rev,NEG_E1,4,3,0,0,NONE,NONE,NONE,NONE,0.0,0.0,0.0,4,3
149.0,pa_6,E5,5,3,1,0,easyBike_forward3.0,NONE,62.0,NONE,25.0,20.0,0.0,4,3
149.0,pa_6_rev,NEG_E5,5,3,0,0,NONE,NONE,NONE,NONE,0.0,0.0,0.0,5,3
149.0,pa_7,E6,4,2,0,0,NONE,NONE,NONE,NONE,0.0,0.0,0.0,4,2
149.0,pa_7_rev,NEG_E6,4,2,0,0,NONE,NONE,NONE,NONE,0.0,0.0,0.0,4,2
149.0,pa_8,E7,5,3,0,0,NONE,NONE,NONE,NONE,0.0,0.0,0.0,5,3
149.0,pa_8_rev,NEG_E7,5,3,2,0,"easyBike_reverse2.1,easyBike_reverse3.1",NONE,"7.0,1.0",NONE,50.0,40.0,0.0,3,3
150.0,pa_2,E0,4,3,4,0,"easyBike_forward4.0,easyBike_forward2.0,easyBike_forward1.0,easyBike_forward1.1",NONE,"52.0,59.0,55.0,7.0",NONE,80.0,100.0,0.0,0,3
150.0,pa_2_rev,NEG_E0,4,3,0,0,NONE,NONE,NONE,NONE,0.0,0.0,0.0,4,3
150.0,pa_3,E1,4,3,0,0,NONE,NONE,NONE,NONE,0.0,0.0,0.0,4,3
150.0,pa_3_rev,NEG_E1,4,3,0,0,NONE,NONE,NONE,NONE,0.0,0.0,0.0,4,3
150.0,pa_6,E5,5,3,1,0,easyBike_forward3.0,NONE,63.0,NONE,25.0,20.0,0.0,4,3
150.0,pa_6_rev,NEG_E5,5,3,0,0,NONE,NONE,NONE,NONE,0.0,0.0,0.0,5,3
150.0,pa_7,E6,4,2,0,0,NONE,NONE,NONE,NONE,0.0,0.0,0.0,4,2
150.0,pa_7_rev,NEG_E6,4,2,0,0,NONE,NONE,NONE,NONE,0.0,0.0,0.0,4,2
150.0,pa_8,E7,5,3,0,0,NONE,NONE,NONE,NONE,0.0,0.0,0.0,5,3
150.0,pa_8_rev,NEG_E7,5,3,2,0,"easyBike_reverse2.1,easyBike_reverse3.1",NONE,"8.0,2.0",NONE,50.0,40.0,0.0,3,3
151.0,pa_2,E0,4,3,4,1,"easyBike_forward4.0,easyBike_forward2.0,easyBike_forward1.0,easyBike_forward1.1",easyBike_forward2.1,"53.0,60.0,56.0,8.0",0.0,80.0,100.0,33.3,0,2
151.0,pa_2_rev,NEG_E0,4,3,0,0,NONE,NONE,NONE,NONE,0.0,0.0,0.0,4,3
151.0,pa_3,E1,4,3,0,0,NONE,NONE,NONE,NONE,0.0,0.0,0.0,4,3
151.0,pa_3_rev,NEG_E1,4,3,0,0,NONE,NONE,NONE,NONE,0.0,0.0,0.0,4,3
151.0,pa_6,E5,5,3,1,0,easyBike_forward3.0,NONE,64.0,NONE,25.0,20.0,0.0,4,3
151.0,pa_6_rev,NEG_E5,5,3,0,0,NONE,NONE,NONE,NONE,0.0,0.0,0.0,5,3
151.0,pa_7,E6,4,2,0,0,NONE,NONE,NONE,NONE,0.0,0.0,0.0,4,2
151.0,pa_7_rev,NEG_E6,4,2,0,0,NONE,NONE,NONE,NONE,0.0,0.0,0.0,4,2
151.0,pa_8,E7,5,3,0,0,NONE,NONE,NONE,NONE,0.0,0.0,0.0,5,3
151.0,pa_8_rev,NEG_E7,5,3,2,0,"easyBike_reverse2.1,easyBike_reverse3.1",NONE,"9.0,3.0",NONE,50.0,40.0,0.0,3,3
152.0,pa_2,E0,4,3,4,1,"easyBike_forward4.0,easyBike_forward2.0,easyBike_forward1.0,easyBike_forward1.1",easyBike_forward2.1,"54.0,61.0,57.0,9.0",1.0,80.0,100.0,33.3,0,2
152.0,pa_2_rev,NEG_E0,4,3,0,0,NONE,NONE,NONE,NONE,0.0,0.0,0.0,4,3
152.0,pa_3,E1,4,3,0,0,NONE,NONE,NONE,NONE,0.0,0.0,0.0,4,3
152.0,pa_3_rev,NEG_E1,4,3,0,0,NONE,NONE,NONE,NONE,0.0,0.0,0.0,4,3
152.0,pa_6,E5,5,3,1,0,easyBike_forward3.0,NONE,65.0,NONE,25.0,20.0,0.0,4,3
152.0,pa_6_rev,NEG_E5,5,3,0,0,NONE,NONE,NONE,NONE,0.0,0.0,0.0,5,3
152.0,pa_7,E6,4,2,0,0,NONE,NONE,NONE,NONE,0.0,0.0,0.0,4,2
152.0,pa_7_rev,NEG_E6,4,2,0,0,NONE,NONE,NONE,NONE,0.0,0.0,0.0,4,2
152.0,pa_8,E7,5,3,0,0,NONE,NONE,NONE,NONE,0.0,0.0,0.0,5,3
152.0,pa_8_rev,NEG_E7,5,3,2,0,"easyBike_reverse2.1,easyBike_reverse3.1",NONE,"10.0,4.0",NONE,50.0,40.0,0.0,3,3
153.0,pa_2,E0,4,3,4,1,"easyBike_forward4.0,easyBike_forward2.0,easyBike_forward1.0,easyBike_forward1.1",easyBike_forward2.1,"55.0,62.0,58.0,10.0",2.0,80.0,100.0,33.3,0,2
153.0,pa_2_rev,NEG_E0,4,3,0,0,NONE,NONE,NONE,NONE,0.0,0.0,0.0,4,3
153.0,pa_3,E1,4,3,0,0,NONE,NONE,NONE,NONE,0.0,0.0,0.0,4,3
153.0,pa_3_rev,NEG_E1,4,3,0,0,NONE,NONE,NONE,NONE,0.0,0.0,0.0,4,3
153.0,pa_6,E5,5,3,1,0,easyBike_forward3.0,NONE,66.0,NONE,25.0,20.0,0.0,4,3
153.0,pa_6_rev,NEG_E5,5,3,0,0,NONE,NONE,NONE,NONE,0.0,0.0,0.0,5,3
153.0,pa_7,E6,4,2,0,0,NONE,NONE,NONE,NONE,0.0,0.0,0.0,4,2
153.0,pa_7_rev,NEG_E6,4,2,0,0,NONE,NONE,NONE,NONE,0.0,0.0,0.0,4,2
153.0,pa_8,E7,5,3,0,0,NONE,NONE,NONE,NONE,0.0,0.0,0.0,5,3
153.0,pa_8_rev,NEG_E7,5,3,2,0,"easyBike_reverse2.1,easyBike_reverse3.1",NONE,"11.0,5.0",NONE,50.0,40.0,0.0,3,3
154.0,pa_2,E0,4,3,4,1,"easyBike_forward4.0,easyBike_forward2.0,easyBike_forward1.0,easyBike_forward1.1",easyBike_forward2.1,"56.0,63.0,59.0,11.0",3.0,80.0,100.0,33.3,0,2
154.0,pa_2_rev,NEG_E0,4,3,0,0,NONE,NONE,NONE,NONE,0.0,0.0,0.0,4,3
154.0,pa_3,E1,4,3,0,0,NONE,NONE,NONE,NONE,0.0,0.0,0.0,4,3
154.0,pa_3_rev,NEG_E1,4,3,0,0,NONE,NONE,NONE,NONE,0.0,0.0,0.0,4,3
154.0,pa_6,E5,5,3,1,0,easyBike_forward3.0,NONE,67.0,NONE,25.0,20.0,0.0,4,3
154.0,pa_6_rev,NEG_E5,5,3,0,0,NONE,NONE,NONE,NONE,0.0,0.0,0.0,5,3
154.0,pa_7,E6,4,2,0,0,NONE,NONE,NONE,NONE,0.0,0.0,0.0,4,2
154.0,pa_7_rev,NEG_E6,4,2,0,0,NONE,NONE,NONE,NONE,0.0,0.0,0.0,4,2
154.0,pa_8,E7,5,3,0,0,NONE,NONE,NONE,NONE,0.0,0.0,0.0,5,3
154.0,pa_8_rev,NEG_E7,5,3,2,0,"easyBike_reverse2.1,easyBike_reverse3.1",NONE,"12.0,6.0",NONE,50.0,40.0,0.0,3,3
155.0,pa_2,E0,4,3,4,1,"easyBike_forward4.0,easyBike_forward2.0,easyBike_forward1.0,easyBike_forward1.1",easyBike_forward2.1,"57.0,64.0,60.0,12.0",4.0,80.0,100.0,33.3,0,2
155.0,pa_2_rev,NEG_E0,4,3,0,0,NONE,NONE,NONE,NONE,0.0,0.0,0.0,4,3
155.0,pa_3,E1,4,3,0,0,NONE,NONE,NONE,NONE,0.0,0.0,0.0,4,3
155.0,pa_3_rev,NEG_E1,4,3,0,0,NONE,NONE,NONE,NONE,0.0,0.0,0.0,4,3
155.0,pa_6,E5,5,3,1,0,easyBike_forward3.0,NONE,68.0,NONE,25.0,20.0,0.0,4,3
155.0,pa_6_rev,NEG_E5,5,3,0,0,NONE,NONE,NONE,NONE,0.0,0.0,0.0,5,3
155.0,pa_7,E6,4,2,0,0,NONE,NONE,NONE,NONE,0.0,0.0,0.0,4,2
155.0,pa_7_rev,NEG_E6,4,2,0,0,NONE,NONE,NONE,NONE,0.0,0.0,0.0,4,2
155.0,pa_8,E7,5,3,0,0,NONE,NONE,NONE,NONE,0.0,0.0,0.0,5,3
155.0,pa_8_rev,NEG_E7,5,3,2,0,"easyBike_reverse2.1,easyBike_reverse3.1",NONE,"13.0,7.0",NONE,50.0,40.0,0.0,3,3
156.0,pa_2,E0,4,3,4,1,"easyBike_forward4.0,easyBike_forward2.0,easyBike_forward1.0,easyBike_forward1.1",easyBike_forward2.1,"58.0,65.0,61.0,13.0",5.0,80.0,100.0,33.3,0,2
156.0,pa_2_rev,NEG_E0,4,3,0,0,NONE,NONE,NONE,NONE,0.0,0.0,0.0,4,3
156.0,pa_3,E1,4,3,0,0,NONE,NONE,NONE,NONE,0.0,0.0,0.0,4,3
156.0,pa_3_rev,NEG_E1,4,3,0,0,NONE,NONE,NONE,NONE,0.0,0.0,0.0,4,3
156.0,pa_6,E5,5,3,1,0,easyBike_forward3.0,NONE,69.0,NONE,25.0,20.0,0.0,4,3
156.0,pa_6_rev,NEG_E5,5,3,0,0,NONE,NONE,NONE,NONE,0.0,0.0,0.0,5,3
156.0,pa_7,E6,4,2,0,0,NONE,NONE,NONE,NONE,0.0,0.0,0.0,4,2
156.0,pa_7_rev,NEG_E6,4,2,0,0,NONE,NONE,NONE,NONE,0.0,0.0,0.0,4,2
156.0,pa_8,E7,5,3,0,0,NONE,NONE,NONE,NONE,0.0,0.0,0.0,5,3
156.0,pa_8_rev,NEG_E7,5,3,2,0,"easyBike_reverse2.1,easyBike_reverse3.1",NONE,"14.0,8.0",NONE,50.0,40.0,0.0,3,3
157.0,pa_2,E0,4,3,4,1,"easyBike_forward4.0,easyBike_forward2.0,easyBike_forward1.0,easyBike_forward1.1",easyBike_forward2.1,"59.0,66.0,62.0,14.0",6.0,80.0,100.0,33.3,0,2
157.0,pa_2_rev,NEG_E0,4,3,0,0,NONE,NONE,NONE,NONE,0.0,0.0,0.0,4,3
157.0,pa_3,E1,4,3,0,0,NONE,NONE,NONE,NONE,0.0,0.0,0.0,4,3
157.0,pa_3_rev,NEG_E1,4,3,0,0,NONE,NONE,NONE,NONE,0.0,0.0,0.0,4,3
157.0,pa_6,E5,5,3,1,0,easyBike_forward3.0,NONE,70.0,NONE,25.0,20.0,0.0,4,3
157.0,pa_6_rev,NEG_E5,5,3,0,0,NONE,NONE,NONE,NONE,0.0,0.0,0.0,5,3
157.0,pa_7,E6,4,2,0,0,NONE,NONE,NONE,NONE,0.0,0.0,0.0,4,2
157.0,pa_7_rev,NEG_E6,4,2,0,0,NONE,NONE,NONE,NONE,0.0,0.0,0.0,4,2
157.0,pa_8,E7,5,3,0,0,NONE,NONE,NONE,NONE,0.0,0.0,0.0,5,3
157.0,pa_8_rev,NEG_E7,5,3,3,0,"easyBike_reverse2.1,easyBike_reverse3.1,easyBike_reverse4.1",NONE,"15.0,9.0,0.0",NONE,75.0,60.0,0.0,2,3
158.0,pa_2,E0,4,3,4,1,"easyBike_forward4.0,easyBike_forward2.0,easyBike_forward1.0,easyBike_forward1.1",easyBike_forward2.1,"60.0,67.0,63.0,15.0",7.0,80.0,100.0,33.3,0,2
158.0,pa_2_rev,NEG_E0,4,3,0,0,NONE,NONE,NONE,NONE,0.0,0.0,0.0,4,3
158.0,pa_3,E1,4,3,0,0,NONE,NONE,NONE,NONE,0.0,0.0,0.0,4,3
158.0,pa_3_rev,NEG_E1,4,3,0,0,NONE,NONE,NONE,NONE,0.0,0.0,0.0,4,3
158.0,pa_6,E5,5,3,1,0,easyBike_forward3.0,NONE,71.0,NONE,25.0,20.0,0.0,4,3
158.0,pa_6_rev,NEG_E5,5,3,0,0,NONE,NONE,NONE,NONE,0.0,0.0,0.0,5,3
158.0,pa_7,E6,4,2,0,0,NONE,NONE,NONE,NONE,0.0,0.0,0.0,4,2
158.0,pa_7_rev,NEG_E6,4,2,0,0,NONE,NONE,NONE,NONE,0.0,0.0,0.0,4,2
158.0,pa_8,E7,5,3,0,0,NONE,NONE,NONE,NONE,0.0,0.0,0.0,5,3
158.0,pa_8_rev,NEG_E7,5,3,3,0,"easyBike_reverse2.1,easyBike_reverse3.1,easyBike_reverse4.1",NONE,"16.0,10.0,1.0",NONE,75.0,60.0,0.0,2,3
159.0,pa_2,E0,4,3,4,1,"easyBike_forward4.0,easyBike_forward2.0,easyBike_forward1.0,easyBike_forward1.1",easyBike_forward2.1,"61.0,68.0,64.0,16.0",8.0,80.0,100.0,33.3,0,2
159.0,pa_2_rev,NEG_E0,4,3,0,0,NONE,NONE,NONE,NONE,0.0,0.0,0.0,4,3
159.0,pa_3,E1,4,3,0,0,NONE,NONE,NONE,NONE,0.0,0.0,0.0,4,3
159.0,pa_3_rev,NEG_E1,4,3,0,0,NONE,NONE,NONE,NONE,0.0,0.0,0.0,4,3
159.0,pa_6,E5,5,3,1,0,easyBike_forward3.0,NONE,72.0,NONE,25.0,20.0,0.0,4,3
159.0,pa_6_rev,NEG_E5,5,3,0,0,NONE,NONE,NONE,NONE,0.0,0.0,0.0,5,3
159.0,pa_7,E6,4,2,0,0,NONE,NONE,NONE,NONE,0.0,0.0,0.0,4,2
159.0,pa_7_rev,NEG_E6,4,2,0,0,NONE,NONE,NONE,NONE,0.0,0.0,0.0,4,2
159.0,pa_8,E7,5,3,0,0,NONE,NONE,NONE,NONE,0.0,0.0,0.0,5,3
159.0,pa_8_rev,NEG_E7,5,3,3,0,"easyBike_reverse2.1,easyBike_reverse3.1,easyBike_reverse4.1",NONE,"17.0,11.0,2.0",NONE,75.0,60.0,0.0,2,3
160.0,pa_2,E0,4,3,4,1,"easyBike_forward4.0,easyBike_forward2.0,easyBike_forward1.0,easyBike_forward1.1",easyBike_forward2.1,"62.0,69.0,65.0,17.0",9.0,80.0,100.0,33.3,0,2
160.0,pa_2_rev,NEG_E0,4,3,0,0,NONE,NONE,NONE,NONE,0.0,0.0,0.0,4,3
160.0,pa_3,E1,4,3,0,0,NONE,NONE,NONE,NONE,0.0,0.0,0.0,4,3
160.0,pa_3_rev,NEG_E1,4,3,0,0,NONE,NONE,NONE,NONE,0.0,0.0,0.0,4,3
160.0,pa_6,E5,5,3,2,0,"easyBike_forward3.1,easyBike_forward3.0",NONE,"0.0,73.0",NONE,50.0,40.0,0.0,3,3
160.0,pa_6_rev,NEG_E5,5,3,0,0,NONE,NONE,NONE,NONE,0.0,0.0,0.0,5,3
160.0,pa_7,E6,4,2,0,0,NONE,NONE,NONE,NONE,0.0,0.0,0.0,4,2
160.0,pa_7_rev,NEG_E6,4,2,0,0,NONE,NONE,NONE,NONE,0.0,0.0,0.0,4,2
160.0,pa_8,E7,5,3,0,0,NONE,NONE,NONE,NONE,0.0,0.0,0.0,5,3
160.0,pa_8_rev,NEG_E7,5,3,3,0,"easyBike_reverse2.1,easyBike_reverse3.1,easyBike_reverse4.1",NONE,"18.0,12.0,3.0",NONE,75.0,60.0,0.0,2,3
161.0,pa_2,E0,4,3,4,1,"easyBike_forward4.0,easyBike_forward2.0,easyBike_forward1.0,easyBike_forward1.1",easyBike_forward2.1,"63.0,70.0,66.0,18.0",10.0,80.0,100.0,33.3,0,2
161.0,pa_2_rev,NEG_E0,4,3,0,0,NONE,NONE,NONE,NONE,0.0,0.0,0.0,4,3
161.0,pa_3,E1,4,3,0,0,NONE,NONE,NONE,NONE,0.0,0.0,0.0,4,3
161.0,pa_3_rev,NEG_E1,4,3,0,0,NONE,NONE,NONE,NONE,0.0,0.0,0.0,4,3
161.0,pa_6,E5,5,3,2,0,"easyBike_forward3.1,easyBike_forward3.0",NONE,"1.0,74.0",NONE,50.0,40.0,0.0,3,3
161.0,pa_6_rev,NEG_E5,5,3,0,0,NONE,NONE,NONE,NONE,0.0,0.0,0.0,5,3
161.0,pa_7,E6,4,2,0,0,NONE,NONE,NONE,NONE,0.0,0.0,0.0,4,2
161.0,pa_7_rev,NEG_E6,4,2,0,0,NONE,NONE,NONE,NONE,0.0,0.0,0.0,4,2
161.0,pa_8,E7,5,3,0,0,NONE,NONE,NONE,NONE,0.0,0.0,0.0,5,3
161.0,pa_8_rev,NEG_E7,5,3,3,0,"easyBike_reverse2.1,easyBike_reverse3.1,easyBike_reverse4.1",NONE,"19.0,13.0,4.0",NONE,75.0,60.0,0.0,2,3
162.0,pa_2,E0,4,3,4,1,"easyBike_forward4.0,easyBike_forward2.0,easyBike_forward1.0,easyBike_forward1.1",easyBike_forward2.1,"64.0,71.0,67.0,19.0",11.0,80.0,100.0,33.3,0,2
162.0,pa_2_rev,NEG_E0,4,3,0,0,NONE,NONE,NONE,NONE,0.0,0.0,0.0,4,3
162.0,pa_3,E1,4,3,0,0,NONE,NONE,NONE,NONE,0.0,0.0,0.0,4,3
162.0,pa_3_rev,NEG_E1,4,3,0,0,NONE,NONE,NONE,NONE,0.0,0.0,0.0,4,3
162.0,pa_6,E5,5,3,2,0,"easyBike_forward3.1,easyBike_forward3.0",NONE,"2.0,75.0",NONE,50.0,40.0,0.0,3,3
162.0,pa_6_rev,NEG_E5,5,3,0,0,NONE,NONE,NONE,NONE,0.0,0.0,0.0,5,3
162.0,pa_7,E6,4,2,0,0,NONE,NONE,NONE,NONE,0.0,0.0,0.0,4,2
162.0,pa_7_rev,NEG_E6,4,2,0,0,NONE,NONE,NONE,NONE,0.0,0.0,0.0,4,2
162.0,pa_8,E7,5,3,0,0,NONE,NONE,NONE,NONE,0.0,0.0,0.0,5,3
162.0,pa_8_rev,NEG_E7,5,3,3,0,"easyBike_reverse2.1,easyBike_reverse3.1,easyBike_reverse4.1",NONE,"20.0,14.0,5.0",NONE,75.0,60.0,0.0,2,3
163.0,pa_2,E0,4,3,4,1,"easyBike_forward4.0,easyBike_forward2.0,easyBike_forward1.0,easyBike_forward1.1",easyBike_forward2.1,"65.0,72.0,68.0,20.0",12.0,80.0,100.0,33.3,0,2
163.0,pa_2_rev,NEG_E0,4,3,0,0,NONE,NONE,NONE,NONE,0.0,0.0,0.0,4,3
163.0,pa_3,E1,4,3,0,0,NONE,NONE,NONE,NONE,0.0,0.0,0.0,4,3
163.0,pa_3_rev,NEG_E1,4,3,0,0,NONE,NONE,NONE,NONE,0.0,0.0,0.0,4,3
163.0,pa_6,E5,5,3,2,0,"easyBike_forward3.1,easyBike_forward3.0",NONE,"3.0,76.0",NONE,50.0,40.0,0.0,3,3
163.0,pa_6_rev,NEG_E5,5,3,0,0,NONE,NONE,NONE,NONE,0.0,0.0,0.0,5,3
163.0,pa_7,E6,4,2,0,0,NONE,NONE,NONE,NONE,0.0,0.0,0.0,4,2
163.0,pa_7_rev,NEG_E6,4,2,0,0,NONE,NONE,NONE,NONE,0.0,0.0,0.0,4,2
163.0,pa_8,E7,5,3,0,0,NONE,NONE,NONE,NONE,0.0,0.0,0.0,5,3
163.0,pa_8_rev,NEG_E7,5,3,3,0,"easyBike_reverse2.1,easyBike_reverse3.1,easyBike_reverse4.1",NONE,"21.0,15.0,6.0",NONE,75.0,60.0,0.0,2,3
164.0,pa_2,E0,4,3,4,1,"easyBike_forward4.0,easyBike_forward2.0,easyBike_forward1.0,easyBike_forward1.1",easyBike_forward2.1,"66.0,73.0,69.0,21.0",13.0,80.0,100.0,33.3,0,2
164.0,pa_2_rev,NEG_E0,4,3,0,0,NONE,NONE,NONE,NONE,0.0,0.0,0.0,4,3
164.0,pa_3,E1,4,3,0,0,NONE,NONE,NONE,NONE,0.0,0.0,0.0,4,3
164.0,pa_3_rev,NEG_E1,4,3,0,0,NONE,NONE,NONE,NONE,0.0,0.0,0.0,4,3
164.0,pa_6,E5,5,3,2,0,"easyBike_forward3.1,easyBike_forward3.0",NONE,"4.0,77.0",NONE,50.0,40.0,0.0,3,3
164.0,pa_6_rev,NEG_E5,5,3,0,0,NONE,NONE,NONE,NONE,0.0,0.0,0.0,5,3
164.0,pa_7,E6,4,2,0,0,NONE,NONE,NONE,NONE,0.0,0.0,0.0,4,2
164.0,pa_7_rev,NEG_E6,4,2,0,0,NONE,NONE,NONE,NONE,0.0,0.0,0.0,4,2
164.0,pa_8,E7,5,3,0,0,NONE,NONE,NONE,NONE,0.0,0.0,0.0,5,3
164.0,pa_8_rev,NEG_E7,5,3,3,0,"easyBike_reverse2.1,easyBike_reverse3.1,easyBike_reverse4.1",NONE,"22.0,16.0,7.0",NONE,75.0,60.0,0.0,2,3
165.0,pa_2,E0,4,3,4,1,"easyBike_forward4.0,easyBike_forward2.0,easyBike_forward1.0,easyBike_forward1.1",easyBike_forward2.1,"67.0,74.0,70.0,22.0",14.0,80.0,100.0,33.3,0,2
165.0,pa_2_rev,NEG_E0,4,3,0,0,NONE,NONE,NONE,NONE,0.0,0.0,0.0,4,3
165.0,pa_3,E1,4,3,0,0,NONE,NONE,NONE,NONE,0.0,0.0,0.0,4,3
165.0,pa_3_rev,NEG_E1,4,3,0,0,NONE,NONE,NONE,NONE,0.0,0.0,0.0,4,3
165.0,pa_6,E5,5,3,2,0,"easyBike_forward3.1,easyBike_forward3.0",NONE,"5.0,78.0",NONE,50.0,40.0,0.0,3,3
165.0,pa_6_rev,NEG_E5,5,3,0,0,NONE,NONE,NONE,NONE,0.0,0.0,0.0,5,3
165.0,pa_7,E6,4,2,0,0,NONE,NONE,NONE,NONE,0.0,0.0,0.0,4,2
165.0,pa_7_rev,NEG_E6,4,2,0,0,NONE,NONE,NONE,NONE,0.0,0.0,0.0,4,2
165.0,pa_8,E7,5,3,0,0,NONE,NONE,NONE,NONE,0.0,0.0,0.0,5,3
165.0,pa_8_rev,NEG_E7,5,3,3,0,"easyBike_reverse2.1,easyBike_reverse3.1,easyBike_reverse4.1",NONE,"23.0,17.0,8.0",NONE,75.0,60.0,0.0,2,3
166.0,pa_2,E0,4,3,4,1,"easyBike_forward4.0,easyBike_forward2.0,easyBike_forward1.0,easyBike_forward1.1",easyBike_forward2.1,"68.0,75.0,71.0,23.0",15.0,80.0,100.0,33.3,0,2
166.0,pa_2_rev,NEG_E0,4,3,0,0,NONE,NONE,NONE,NONE,0.0,0.0,0.0,4,3
166.0,pa_3,E1,4,3,0,0,NONE,NONE,NONE,NONE,0.0,0.0,0.0,4,3
166.0,pa_3_rev,NEG_E1,4,3,0,0,NONE,NONE,NONE,NONE,0.0,0.0,0.0,4,3
166.0,pa_6,E5,5,3,2,0,"easyBike_forward3.1,easyBike_forward3.0",NONE,"6.0,79.0",NONE,50.0,40.0,0.0,3,3
166.0,pa_6_rev,NEG_E5,5,3,0,0,NONE,NONE,NONE,NONE,0.0,0.0,0.0,5,3
166.0,pa_7,E6,4,2,0,0,NONE,NONE,NONE,NONE,0.0,0.0,0.0,4,2
166.0,pa_7_rev,NEG_E6,4,2,0,0,NONE,NONE,NONE,NONE,0.0,0.0,0.0,4,2
166.0,pa_8,E7,5,3,0,0,NONE,NONE,NONE,NONE,0.0,0.0,0.0,5,3
166.0,pa_8_rev,NEG_E7,5,3,3,0,"easyBike_reverse2.1,easyBike_reverse3.1,easyBike_reverse4.1",NONE,"24.0,18.0,9.0",NONE,75.0,60.0,0.0,2,3
167.0,pa_2,E0,4,3,4,1,"easyBike_forward4.0,easyBike_forward2.0,easyBike_forward1.0,easyBike_forward1.1",easyBike_forward2.1,"69.0,76.0,72.0,24.0",16.0,80.0,100.0,33.3,0,2
167.0,pa_2_rev,NEG_E0,4,3,0,0,NONE,NONE,NONE,NONE,0.0,0.0,0.0,4,3
167.0,pa_3,E1,4,3,0,0,NONE,NONE,NONE,NONE,0.0,0.0,0.0,4,3
167.0,pa_3_rev,NEG_E1,4,3,0,0,NONE,NONE,NONE,NONE,0.0,0.0,0.0,4,3
167.0,pa_6,E5,5,3,2,0,"easyBike_forward3.1,easyBike_forward3.0",NONE,"7.0,80.0",NONE,50.0,40.0,0.0,3,3
167.0,pa_6_rev,NEG_E5,5,3,0,0,NONE,NONE,NONE,NONE,0.0,0.0,0.0,5,3
167.0,pa_7,E6,4,2,0,0,NONE,NONE,NONE,NONE,0.0,0.0,0.0,4,2
167.0,pa_7_rev,NEG_E6,4,2,0,0,NONE,NONE,NONE,NONE,0.0,0.0,0.0,4,2
167.0,pa_8,E7,5,3,0,0,NONE,NONE,NONE,NONE,0.0,0.0,0.0,5,3
167.0,pa_8_rev,NEG_E7,5,3,3,0,"easyBike_reverse2.1,easyBike_reverse3.1,easyBike_reverse4.1",NONE,"25.0,19.0,10.0",NONE,75.0,60.0,0.0,2,3
168.0,pa_2,E0,4,3,4,1,"easyBike_forward4.0,easyBike_forward2.0,easyBike_forward1.0,easyBike_forward1.1",easyBike_forward2.1,"70.0,77.0,73.0,25.0",17.0,80.0,100.0,33.3,0,2
168.0,pa_2_rev,NEG_E0,4,3,0,0,NONE,NONE,NONE,NONE,0.0,0.0,0.0,4,3
168.0,pa_3,E1,4,3,0,0,NONE,NONE,NONE,NONE,0.0,0.0,0.0,4,3
168.0,pa_3_rev,NEG_E1,4,3,0,0,NONE,NONE,NONE,NONE,0.0,0.0,0.0,4,3
168.0,pa_6,E5,5,3,2,0,"easyBike_forward3.1,easyBike_forward3.0",NONE,"8.0,81.0",NONE,50.0,40.0,0.0,3,3
168.0,pa_6_rev,NEG_E5,5,3,0,0,NONE,NONE,NONE,NONE,0.0,0.0,0.0,5,3
168.0,pa_7,E6,4,2,0,0,NONE,NONE,NONE,NONE,0.0,0.0,0.0,4,2
168.0,pa_7_rev,NEG_E6,4,2,0,0,NONE,NONE,NONE,NONE,0.0,0.0,0.0,4,2
168.0,pa_8,E7,5,3,0,0,NONE,NONE,NONE,NONE,0.0,0.0,0.0,5,3
168.0,pa_8_rev,NEG_E7,5,3,3,0,"easyBike_reverse2.1,easyBike_reverse3.1,easyBike_reverse4.1",NONE,"26.0,20.0,11.0",NONE,75.0,60.0,0.0,2,3
169.0,pa_2,E0,4,3,4,1,"easyBike_forward4.0,easyBike_forward2.0,easyBike_forward1.0,easyBike_forward1.1",easyBike_forward2.1,"71.0,78.0,74.0,26.0",18.0,80.0,100.0,33.3,0,2
169.0,pa_2_rev,NEG_E0,4,3,0,0,NONE,NONE,NONE,NONE,0.0,0.0,0.0,4,3
169.0,pa_3,E1,4,3,0,0,NONE,NONE,NONE,NONE,0.0,0.0,0.0,4,3
169.0,pa_3_rev,NEG_E1,4,3,0,0,NONE,NONE,NONE,NONE,0.0,0.0,0.0,4,3
169.0,pa_6,E5,5,3,2,0,"easyBike_forward3.1,easyBike_forward3.0",NONE,"9.0,82.0",NONE,50.0,40.0,0.0,3,3
169.0,pa_6_rev,NEG_E5,5,3,0,0,NONE,NONE,NONE,NONE,0.0,0.0,0.0,5,3
169.0,pa_7,E6,4,2,0,0,NONE,NONE,NONE,NONE,0.0,0.0,0.0,4,2
169.0,pa_7_rev,NEG_E6,4,2,0,0,NONE,NONE,NONE,NONE,0.0,0.0,0.0,4,2
169.0,pa_8,E7,5,3,0,0,NONE,NONE,NONE,NONE,0.0,0.0,0.0,5,3
169.0,pa_8_rev,NEG_E7,5,3,3,0,"easyBike_reverse2.1,easyBike_reverse3.1,easyBike_reverse4.1",NONE,"27.0,21.0,12.0",NONE,75.0,60.0,0.0,2,3
170.0,pa_2,E0,4,3,4,1,"easyBike_forward4.0,easyBike_forward2.0,easyBike_forward1.0,easyBike_forward1.1",easyBike_forward2.1,"72.0,79.0,75.0,27.0",19.0,80.0,100.0,33.3,0,2
170.0,pa_2_rev,NEG_E0,4,3,0,0,NONE,NONE,NONE,NONE,0.0,0.0,0.0,4,3
170.0,pa_3,E1,4,3,0,0,NONE,NONE,NONE,NONE,0.0,0.0,0.0,4,3
170.0,pa_3_rev,NEG_E1,4,3,0,0,NONE,NONE,NONE,NONE,0.0,0.0,0.0,4,3
170.0,pa_6,E5,5,3,2,0,"easyBike_forward3.1,easyBike_forward3.0",NONE,"10.0,83.0",NONE,50.0,40.0,0.0,3,3
170.0,pa_6_rev,NEG_E5,5,3,0,0,NONE,NONE,NONE,NONE,0.0,0.0,0.0,5,3
170.0,pa_7,E6,4,2,0,0,NONE,NONE,NONE,NONE,0.0,0.0,0.0,4,2
170.0,pa_7_rev,NEG_E6,4,2,0,0,NONE,NONE,NONE,NONE,0.0,0.0,0.0,4,2
170.0,pa_8,E7,5,3,0,0,NONE,NONE,NONE,NONE,0.0,0.0,0.0,5,3
170.0,pa_8_rev,NEG_E7,5,3,3,0,"easyBike_reverse2.1,easyBike_reverse3.1,easyBike_reverse4.1",NONE,"28.0,22.0,13.0",NONE,75.0,60.0,0.0,2,3
171.0,pa_2,E0,4,3,4,1,"easyBike_forward4.0,easyBike_forward2.0,easyBike_forward1.0,easyBike_forward1.1",easyBike_forward2.1,"73.0,80.0,76.0,28.0",20.0,80.0,100.0,33.3,0,2
171.0,pa_2_rev,NEG_E0,4,3,0,0,NONE,NONE,NONE,NONE,0.0,0.0,0.0,4,3
171.0,pa_3,E1,4,3,0,0,NONE,NONE,NONE,NONE,0.0,0.0,0.0,4,3
171.0,pa_3_rev,NEG_E1,4,3,0,0,NONE,NONE,NONE,NONE,0.0,0.0,0.0,4,3
171.0,pa_6,E5,5,3,2,0,"easyBike_forward3.1,easyBike_forward3.0",NONE,"11.0,84.0",NONE,50.0,40.0,0.0,3,3
171.0,pa_6_rev,NEG_E5,5,3,0,0,NONE,NONE,NONE,NONE,0.0,0.0,0.0,5,3
171.0,pa_7,E6,4,2,0,0,NONE,NONE,NONE,NONE,0.0,0.0,0.0,4,2
171.0,pa_7_rev,NEG_E6,4,2,0,0,NONE,NONE,NONE,NONE,0.0,0.0,0.0,4,2
171.0,pa_8,E7,5,3,0,0,NONE,NONE,NONE,NONE,0.0,0.0,0.0,5,3
171.0,pa_8_rev,NEG_E7,5,3,3,0,"easyBike_reverse2.1,easyBike_reverse3.1,easyBike_reverse4.1",NONE,"29.0,23.0,14.0",NONE,75.0,60.0,0.0,2,3
172.0,pa_2,E0,4,3,4,2,"easyBike_forward4.0,easyBike_forward2.0,easyBike_forward1.0,easyBike_forward1.1","easyBike_forward2.1,easyBike_forward4.1","74.0,81.0,77.0,29.0","21.0,0.0",80.0,100.0,66.7,0,1
172.0,pa_2_rev,NEG_E0,4,3,0,0,NONE,NONE,NONE,NONE,0.0,0.0,0.0,4,3
172.0,pa_3,E1,4,3,0,0,NONE,NONE,NONE,NONE,0.0,0.0,0.0,4,3
172.0,pa_3_rev,NEG_E1,4,3,0,0,NONE,NONE,NONE,NONE,0.0,0.0,0.0,4,3
172.0,pa_6,E5,5,3,2,0,"easyBike_forward3.1,easyBike_forward3.0",NONE,"12.0,85.0",NONE,50.0,40.0,0.0,3,3
172.0,pa_6_rev,NEG_E5,5,3,0,0,NONE,NONE,NONE,NONE,0.0,0.0,0.0,5,3
172.0,pa_7,E6,4,2,0,0,NONE,NONE,NONE,NONE,0.0,0.0,0.0,4,2
172.0,pa_7_rev,NEG_E6,4,2,0,0,NONE,NONE,NONE,NONE,0.0,0.0,0.0,4,2
172.0,pa_8,E7,5,3,0,0,NONE,NONE,NONE,NONE,0.0,0.0,0.0,5,3
172.0,pa_8_rev,NEG_E7,5,3,3,0,"easyBike_reverse2.1,easyBike_reverse3.1,easyBike_reverse4.1",NONE,"30.0,24.0,15.0",NONE,75.0,60.0,0.0,2,3
173.0,pa_2,E0,4,3,4,2,"easyBike_forward4.0,easyBike_forward2.0,easyBike_forward1.0,easyBike_forward1.1","easyBike_forward2.1,easyBike_forward4.1","75.0,82.0,78.0,30.0","22.0,1.0",80.0,100.0,66.7,0,1
173.0,pa_2_rev,NEG_E0,4,3,0,0,NONE,NONE,NONE,NONE,0.0,0.0,0.0,4,3
173.0,pa_3,E1,4,3,0,0,NONE,NONE,NONE,NONE,0.0,0.0,0.0,4,3
173.0,pa_3_rev,NEG_E1,4,3,0,0,NONE,NONE,NONE,NONE,0.0,0.0,0.0,4,3
173.0,pa_6,E5,5,3,2,0,"easyBike_forward3.1,easyBike_forward3.0",NONE,"13.0,86.0",NONE,50.0,40.0,0.0,3,3
173.0,pa_6_rev,NEG_E5,5,3,0,0,NONE,NONE,NONE,NONE,0.0,0.0,0.0,5,3
173.0,pa_7,E6,4,2,0,0,NONE,NONE,NONE,NONE,0.0,0.0,0.0,4,2
173.0,pa_7_rev,NEG_E6,4,2,0,0,NONE,NONE,NONE,NONE,0.0,0.0,0.0,4,2
173.0,pa_8,E7,5,3,0,0,NONE,NONE,NONE,NONE,0.0,0.0,0.0,5,3
173.0,pa_8_rev,NEG_E7,5,3,3,0,"easyBike_reverse2.1,easyBike_reverse3.1,easyBike_reverse4.1",NONE,"31.0,25.0,16.0",NONE,75.0,60.0,0.0,2,3
174.0,pa_2,E0,4,3,4,2,"easyBike_forward4.0,easyBike_forward2.0,easyBike_forward1.0,easyBike_forward1.1","easyBike_forward2.1,easyBike_forward4.1","76.0,83.0,79.0,31.0","23.0,2.0",80.0,100.0,66.7,0,1
174.0,pa_2_rev,NEG_E0,4,3,0,0,NONE,NONE,NONE,NONE,0.0,0.0,0.0,4,3
174.0,pa_3,E1,4,3,0,0,NONE,NONE,NONE,NONE,0.0,0.0,0.0,4,3
174.0,pa_3_rev,NEG_E1,4,3,0,0,NONE,NONE,NONE,NONE,0.0,0.0,0.0,4,3
174.0,pa_6,E5,5,3,2,0,"easyBike_forward3.1,easyBike_forward3.0",NONE,"14.0,87.0",NONE,50.0,40.0,0.0,3,3
174.0,pa_6_rev,NEG_E5,5,3,0,0,NONE,NONE,NONE,NONE,0.0,0.0,0.0,5,3
174.0,pa_7,E6,4,2,0,0,NONE,NONE,NONE,NONE,0.0,0.0,0.0,4,2
174.0,pa_7_rev,NEG_E6,4,2,0,0,NONE,NONE,NONE,NONE,0.0,0.0,0.0,4,2
174.0,pa_8,E7,5,3,0,0,NONE,NONE,NONE,NONE,0.0,0.0,0.0,5,3
174.0,pa_8_rev,NEG_E7,5,3,3,0,"easyBike_reverse2.1,easyBike_reverse3.1,easyBike_reverse4.1",NONE,"32.0,26.0,17.0",NONE,75.0,60.0,0.0,2,3
175.0,pa_2,E0,4,3,4,2,"easyBike_forward4.0,easyBike_forward2.0,easyBike_forward1.0,easyBike_forward1.1","easyBike_forward2.1,easyBike_forward4.1","77.0,84.0,80.0,32.0","24.0,3.0",80.0,100.0,66.7,0,1
175.0,pa_2_rev,NEG_E0,4,3,0,0,NONE,NONE,NONE,NONE,0.0,0.0,0.0,4,3
175.0,pa_3,E1,4,3,0,0,NONE,NONE,NONE,NONE,0.0,0.0,0.0,4,3
175.0,pa_3_rev,NEG_E1,4,3,0,0,NONE,NONE,NONE,NONE,0.0,0.0,0.0,4,3
175.0,pa_6,E5,5,3,2,0,"easyBike_forward3.1,easyBike_forward3.0",NONE,"15.0,88.0",NONE,50.0,40.0,0.0,3,3
175.0,pa_6_rev,NEG_E5,5,3,0,0,NONE,NONE,NONE,NONE,0.0,0.0,0.0,5,3
175.0,pa_7,E6,4,2,0,0,NONE,NONE,NONE,NONE,0.0,0.0,0.0,4,2
175.0,pa_7_rev,NEG_E6,4,2,0,0,NONE,NONE,NONE,NONE,0.0,0.0,0.0,4,2
175.0,pa_8,E7,5,3,0,0,NONE,NONE,NONE,NONE,0.0,0.0,0.0,5,3
175.0,pa_8_rev,NEG_E7,5,3,3,0,"easyBike_reverse2.1,easyBike_reverse3.1,easyBike_reverse4.1",NONE,"33.0,27.0,18.0",NONE,75.0,60.0,0.0,2,3
176.0,pa_2,E0,4,3,4,2,"easyBike_forward4.0,easyBike_forward2.0,easyBike_forward1.0,easyBike_forward1.1","easyBike_forward2.1,easyBike_forward4.1","78.0,85.0,81.0,33.0","25.0,4.0",80.0,100.0,66.7,0,1
176.0,pa_2_rev,NEG_E0,4,3,0,0,NONE,NONE,NONE,NONE,0.0,0.0,0.0,4,3
176.0,pa_3,E1,4,3,0,0,NONE,NONE,NONE,NONE,0.0,0.0,0.0,4,3
176.0,pa_3_rev,NEG_E1,4,3,1,0,easyBike_reverse1.0,NONE,0.0,NONE,20.0,25.0,0.0,3,3
176.0,pa_6,E5,5,3,2,0,"easyBike_forward3.1,easyBike_forward3.0",NONE,"16.0,89.0",NONE,50.0,40.0,0.0,3,3
176.0,pa_6_rev,NEG_E5,5,3,0,0,NONE,NONE,NONE,NONE,0.0,0.0,0.0,5,3
176.0,pa_7,E6,4,2,0,0,NONE,NONE,NONE,NONE,0.0,0.0,0.0,4,2
176.0,pa_7_rev,NEG_E6,4,2,0,0,NONE,NONE,NONE,NONE,0.0,0.0,0.0,4,2
176.0,pa_8,E7,5,3,0,0,NONE,NONE,NONE,NONE,0.0,0.0,0.0,5,3
176.0,pa_8_rev,NEG_E7,5,3,3,0,"easyBike_reverse2.1,easyBike_reverse3.1,easyBike_reverse4.1",NONE,"34.0,28.0,19.0",NONE,75.0,60.0,0.0,2,3
177.0,pa_2,E0,4,3,4,2,"easyBike_forward4.0,easyBike_forward2.0,easyBike_forward1.0,easyBike_forward1.1","easyBike_forward2.1,easyBike_forward4.1","79.0,86.0,82.0,34.0","26.0,5.0",80.0,100.0,66.7,0,1
177.0,pa_2_rev,NEG_E0,4,3,0,0,NONE,NONE,NONE,NONE,0.0,0.0,0.0,4,3
177.0,pa_3,E1,4,3,0,0,NONE,NONE,NONE,NONE,0.0,0.0,0.0,4,3
177.0,pa_3_rev,NEG_E1,4,3,1,0,easyBike_reverse1.0,NONE,1.0,NONE,20.0,25.0,0.0,3,3
177.0,pa_6,E5,5,3,2,0,"easyBike_forward3.1,easyBike_forward3.0",NONE,"17.0,90.0",NONE,50.0,40.0,0.0,3,3
177.0,pa_6_rev,NEG_E5,5,3,0,0,NONE,NONE,NONE,NONE,0.0,0.0,0.0,5,3
177.0,pa_7,E6,4,2,0,0,NONE,NONE,NONE,NONE,0.0,0.0,0.0,4,2
177.0,pa_7_rev,NEG_E6,4,2,0,0,NONE,NONE,NONE,NONE,0.0,0.0,0.0,4,2
177.0,pa_8,E7,5,3,0,0,NONE,NONE,NONE,NONE,0.0,0.0,0.0,5,3
177.0,pa_8_rev,NEG_E7,5,3,3,0,"easyBike_reverse2.1,easyBike_reverse3.1,easyBike_reverse4.1",NONE,"35.0,29.0,20.0",NONE,75.0,60.0,0.0,2,3
178.0,pa_2,E0,4,3,4,2,"easyBike_forward4.0,easyBike_forward2.0,easyBike_forward1.0,easyBike_forward1.1","easyBike_forward2.1,easyBike_forward4.1","80.0,87.0,83.0,35.0","27.0,6.0",80.0,100.0,66.7,0,1
178.0,pa_2_rev,NEG_E0,4,3,0,0,NONE,NONE,NONE,NONE,0.0,0.0,0.0,4,3
178.0,pa_3,E1,4,3,0,0,NONE,NONE,NONE,NONE,0.0,0.0,0.0,4,3
178.0,pa_3_rev,NEG_E1,4,3,1,0,easyBike_reverse1.0,NONE,2.0,NONE,20.0,25.0,0.0,3,3
178.0,pa_6,E5,5,3,2,0,"easyBike_forward3.1,easyBike_forward3.0",NONE,"18.0,91.0",NONE,50.0,40.0,0.0,3,3
178.0,pa_6_rev,NEG_E5,5,3,0,0,NONE,NONE,NONE,NONE,0.0,0.0,0.0,5,3
178.0,pa_7,E6,4,2,0,0,NONE,NONE,NONE,NONE,0.0,0.0,0.0,4,2
178.0,pa_7_rev,NEG_E6,4,2,0,0,NONE,NONE,NONE,NONE,0.0,0.0,0.0,4,2
178.0,pa_8,E7,5,3,0,0,NONE,NONE,NONE,NONE,0.0,0.0,0.0,5,3
178.0,pa_8_rev,NEG_E7,5,3,3,0,"easyBike_reverse2.1,easyBike_reverse3.1,easyBike_reverse4.1",NONE,"36.0,30.0,21.0",NONE,75.0,60.0,0.0,2,3
179.0,pa_2,E0,4,3,4,2,"easyBike_forward4.0,easyBike_forward2.0,easyBike_forward1.0,easyBike_forward1.1","easyBike_forward2.1,easyBike_forward4.1","81.0,88.0,84.0,36.0","28.0,7.0",80.0,100.0,66.7,0,1
179.0,pa_2_rev,NEG_E0,4,3,0,0,NONE,NONE,NONE,NONE,0.0,0.0,0.0,4,3
179.0,pa_3,E1,4,3,0,0,NONE,NONE,NONE,NONE,0.0,0.0,0.0,4,3
179.0,pa_3_rev,NEG_E1,4,3,1,0,easyBike_reverse1.0,NONE,3.0,NONE,20.0,25.0,0.0,3,3
179.0,pa_6,E5,5,3,2,0,"easyBike_forward3.1,easyBike_forward3.0",NONE,"19.0,92.0",NONE,50.0,40.0,0.0,3,3
179.0,pa_6_rev,NEG_E5,5,3,0,0,NONE,NONE,NONE,NONE,0.0,0.0,0.0,5,3
179.0,pa_7,E6,4,2,0,0,NONE,NONE,NONE,NONE,0.0,0.0,0.0,4,2
179.0,pa_7_rev,NEG_E6,4,2,0,0,NONE,NONE,NONE,NONE,0.0,0.0,0.0,4,2
179.0,pa_8,E7,5,3,0,0,NONE,NONE,NONE,NONE,0.0,0.0,0.0,5,3
179.0,pa_8_rev,NEG_E7,5,3,3,0,"easyBike_reverse2.1,easyBike_reverse3.1,easyBike_reverse4.1",NONE,"37.0,31.0,22.0",NONE,75.0,60.0,0.0,2,3
180.0,pa_2,E0,4,3,4,2,"easyBike_forward4.0,easyBike_forward2.0,easyBike_forward1.0,easyBike_forward1.1","easyBike_forward2.1,easyBike_forward4.1","82.0,89.0,85.0,37.0","29.0,8.0",80.0,100.0,66.7,0,1
180.0,pa_2_rev,NEG_E0,4,3,0,0,NONE,NONE,NONE,NONE,0.0,0.0,0.0,4,3
180.0,pa_3,E1,4,3,0,0,NONE,NONE,NONE,NONE,0.0,0.0,0.0,4,3
180.0,pa_3_rev,NEG_E1,4,3,1,0,easyBike_reverse1.0,NONE,4.0,NONE,20.0,25.0,0.0,3,3
180.0,pa_6,E5,5,3,2,0,"easyBike_forward3.1,easyBike_forward3.0",NONE,"20.0,93.0",NONE,50.0,40.0,0.0,3,3
180.0,pa_6_rev,NEG_E5,5,3,0,0,NONE,NONE,NONE,NONE,0.0,0.0,0.0,5,3
180.0,pa_7,E6,4,2,0,0,NONE,NONE,NONE,NONE,0.0,0.0,0.0,4,2
180.0,pa_7_rev,NEG_E6,4,2,0,0,NONE,NONE,NONE,NONE,0.0,0.0,0.0,4,2
180.0,pa_8,E7,5,3,0,0,NONE,NONE,NONE,NONE,0.0,0.0,0.0,5,3
180.0,pa_8_rev,NEG_E7,5,3,3,0,"easyBike_reverse2.1,easyBike_reverse3.1,easyBike_reverse4.1",NONE,"38.0,32.0,23.0",NONE,75.0,60.0,0.0,2,3
181.0,pa_2,E0,4,3,4,2,"easyBike_forward4.0,easyBike_forward2.0,easyBike_forward1.0,easyBike_forward1.1","easyBike_forward2.1,easyBike_forward4.1","83.0,90.0,86.0,38.0","30.0,9.0",80.0,100.0,66.7,0,1
181.0,pa_2_rev,NEG_E0,4,3,0,0,NONE,NONE,NONE,NONE,0.0,0.0,0.0,4,3
181.0,pa_3,E1,4,3,0,0,NONE,NONE,NONE,NONE,0.0,0.0,0.0,4,3
181.0,pa_3_rev,NEG_E1,4,3,1,0,easyBike_reverse1.0,NONE,5.0,NONE,20.0,25.0,0.0,3,3
181.0,pa_6,E5,5,3,2,0,"easyBike_forward3.1,easyBike_forward3.0",NONE,"21.0,94.0",NONE,50.0,40.0,0.0,3,3
181.0,pa_6_rev,NEG_E5,5,3,0,0,NONE,NONE,NONE,NONE,0.0,0.0,0.0,5,3
181.0,pa_7,E6,4,2,0,0,NONE,NONE,NONE,NONE,0.0,0.0,0.0,4,2
181.0,pa_7_rev,NEG_E6,4,2,0,0,NONE,NONE,NONE,NONE,0.0,0.0,0.0,4,2
181.0,pa_8,E7,5,3,0,0,NONE,NONE,NONE,NONE,0.0,0.0,0.0,5,3
181.0,pa_8_rev,NEG_E7,5,3,3,0,"easyBike_reverse2.1,easyBike_reverse3.1,easyBike_reverse4.1",NONE,"39.0,33.0,24.0",NONE,75.0,60.0,0.0,2,3
182.0,pa_2,E0,4,3,4,2,"easyBike_forward4.0,easyBike_forward2.0,easyBike_forward1.0,easyBike_forward1.1","easyBike_forward2.1,easyBike_forward4.1","84.0,91.0,87.0,39.0","31.0,10.0",80.0,100.0,66.7,0,1
182.0,pa_2_rev,NEG_E0,4,3,0,0,NONE,NONE,NONE,NONE,0.0,0.0,0.0,4,3
182.0,pa_3,E1,4,3,0,0,NONE,NONE,NONE,NONE,0.0,0.0,0.0,4,3
182.0,pa_3_rev,NEG_E1,4,3,1,0,easyBike_reverse1.0,NONE,6.0,NONE,20.0,25.0,0.0,3,3
182.0,pa_6,E5,5,3,2,0,"easyBike_forward3.1,easyBike_forward3.0",NONE,"22.0,95.0",NONE,50.0,40.0,0.0,3,3
182.0,pa_6_rev,NEG_E5,5,3,0,0,NONE,NONE,NONE,NONE,0.0,0.0,0.0,5,3
182.0,pa_7,E6,4,2,0,0,NONE,NONE,NONE,NONE,0.0,0.0,0.0,4,2
182.0,pa_7_rev,NEG_E6,4,2,0,0,NONE,NONE,NONE,NONE,0.0,0.0,0.0,4,2
182.0,pa_8,E7,5,3,0,0,NONE,NONE,NONE,NONE,0.0,0.0,0.0,5,3
182.0,pa_8_rev,NEG_E7,5,3,3,0,"easyBike_reverse2.1,easyBike_reverse3.1,easyBike_reverse4.1",NONE,"40.0,34.0,25.0",NONE,75.0,60.0,0.0,2,3
183.0,pa_2,E0,4,3,4,2,"easyBike_forward4.0,easyBike_forward2.0,easyBike_forward1.0,easyBike_forward1.1","easyBike_forward2.1,easyBike_forward4.1","85.0,92.0,88.0,40.0","32.0,11.0",80.0,100.0,66.7,0,1
183.0,pa_2_rev,NEG_E0,4,3,0,0,NONE,NONE,NONE,NONE,0.0,0.0,0.0,4,3
183.0,pa_3,E1,4,3,0,0,NONE,NONE,NONE,NONE,0.0,0.0,0.0,4,3
183.0,pa_3_rev,NEG_E1,4,3,1,0,easyBike_reverse1.0,NONE,7.0,NONE,20.0,25.0,0.0,3,3
183.0,pa_6,E5,5,3,2,0,"easyBike_forward3.1,easyBike_forward3.0",NONE,"23.0,96.0",NONE,50.0,40.0,0.0,3,3
183.0,pa_6_rev,NEG_E5,5,3,0,0,NONE,NONE,NONE,NONE,0.0,0.0,0.0,5,3
183.0,pa_7,E6,4,2,0,0,NONE,NONE,NONE,NONE,0.0,0.0,0.0,4,2
183.0,pa_7_rev,NEG_E6,4,2,0,0,NONE,NONE,NONE,NONE,0.0,0.0,0.0,4,2
183.0,pa_8,E7,5,3,0,0,NONE,NONE,NONE,NONE,0.0,0.0,0.0,5,3
183.0,pa_8_rev,NEG_E7,5,3,3,0,"easyBike_reverse2.1,easyBike_reverse3.1,easyBike_reverse4.1",NONE,"41.0,35.0,26.0",NONE,75.0,60.0,0.0,2,3
184.0,pa_2,E0,4,3,4,2,"easyBike_forward4.0,easyBike_forward2.0,easyBike_forward1.0,easyBike_forward1.1","easyBike_forward2.1,easyBike_forward4.1","86.0,93.0,89.0,41.0","33.0,12.0",80.0,100.0,66.7,0,1
184.0,pa_2_rev,NEG_E0,4,3,0,0,NONE,NONE,NONE,NONE,0.0,0.0,0.0,4,3
184.0,pa_3,E1,4,3,0,0,NONE,NONE,NONE,NONE,0.0,0.0,0.0,4,3
184.0,pa_3_rev,NEG_E1,4,3,1,0,easyBike_reverse1.0,NONE,8.0,NONE,20.0,25.0,0.0,3,3
184.0,pa_6,E5,5,3,2,0,"easyBike_forward3.1,easyBike_forward3.0",NONE,"24.0,97.0",NONE,50.0,40.0,0.0,3,3
184.0,pa_6_rev,NEG_E5,5,3,0,0,NONE,NONE,NONE,NONE,0.0,0.0,0.0,5,3
184.0,pa_7,E6,4,2,0,0,NONE,NONE,NONE,NONE,0.0,0.0,0.0,4,2
184.0,pa_7_rev,NEG_E6,4,2,0,0,NONE,NONE,NONE,NONE,0.0,0.0,0.0,4,2
184.0,pa_8,E7,5,3,0,0,NONE,NONE,NONE,NONE,0.0,0.0,0.0,5,3
184.0,pa_8_rev,NEG_E7,5,3,3,0,"easyBike_reverse2.1,easyBike_reverse3.1,easyBike_reverse4.1",NONE,"42.0,36.0,27.0",NONE,75.0,60.0,0.0,2,3
185.0,pa_2,E0,4,3,4,2,"easyBike_forward4.0,easyBike_forward2.0,easyBike_forward1.0,easyBike_forward1.1","easyBike_forward2.1,easyBike_forward4.1","87.0,94.0,90.0,42.0","34.0,13.0",80.0,100.0,66.7,0,1
185.0,pa_2_rev,NEG_E0,4,3,0,0,NONE,NONE,NONE,NONE,0.0,0.0,0.0,4,3
185.0,pa_3,E1,4,3,0,0,NONE,NONE,NONE,NONE,0.0,0.0,0.0,4,3
185.0,pa_3_rev,NEG_E1,4,3,1,0,easyBike_reverse1.0,NONE,9.0,NONE,20.0,25.0,0.0,3,3
185.0,pa_6,E5,5,3,2,0,"easyBike_forward3.1,easyBike_forward3.0",NONE,"25.0,98.0",NONE,50.0,40.0,0.0,3,3
185.0,pa_6_rev,NEG_E5,5,3,0,0,NONE,NONE,NONE,NONE,0.0,0.0,0.0,5,3
185.0,pa_7,E6,4,2,0,0,NONE,NONE,NONE,NONE,0.0,0.0,0.0,4,2
185.0,pa_7_rev,NEG_E6,4,2,0,0,NONE,NONE,NONE,NONE,0.0,0.0,0.0,4,2
185.0,pa_8,E7,5,3,0,0,NONE,NONE,NONE,NONE,0.0,0.0,0.0,5,3
185.0,pa_8_rev,NEG_E7,5,3,3,0,"easyBike_reverse2.1,easyBike_reverse3.1,easyBike_reverse4.1",NONE,"43.0,37.0,28.0",NONE,75.0,60.0,0.0,2,3
186.0,pa_2,E0,4,3,4,2,"easyBike_forward4.0,easyBike_forward2.0,easyBike_forward1.0,easyBike_forward1.1","easyBike_forward2.1,easyBike_forward4.1","88.0,95.0,91.0,43.0","35.0,14.0",80.0,100.0,66.7,0,1
186.0,pa_2_rev,NEG_E0,4,3,0,0,NONE,NONE,NONE,NONE,0.0,0.0,0.0,4,3
186.0,pa_3,E1,4,3,0,0,NONE,NONE,NONE,NONE,0.0,0.0,0.0,4,3
186.0,pa_3_rev,NEG_E1,4,3,1,0,easyBike_reverse1.0,NONE,10.0,NONE,20.0,25.0,0.0,3,3
186.0,pa_6,E5,5,3,2,0,"easyBike_forward3.1,easyBike_forward3.0",NONE,"26.0,99.0",NONE,50.0,40.0,0.0,3,3
186.0,pa_6_rev,NEG_E5,5,3,0,0,NONE,NONE,NONE,NONE,0.0,0.0,0.0,5,3
186.0,pa_7,E6,4,2,0,0,NONE,NONE,NONE,NONE,0.0,0.0,0.0,4,2
186.0,pa_7_rev,NEG_E6,4,2,0,0,NONE,NONE,NONE,NONE,0.0,0.0,0.0,4,2
186.0,pa_8,E7,5,3,0,0,NONE,NONE,NONE,NONE,0.0,0.0,0.0,5,3
186.0,pa_8_rev,NEG_E7,5,3,3,0,"easyBike_reverse2.1,easyBike_reverse3.1,easyBike_reverse4.1",NONE,"44.0,38.0,29.0",NONE,75.0,60.0,0.0,2,3
187.0,pa_2,E0,4,3,4,2,"easyBike_forward4.0,easyBike_forward2.0,easyBike_forward1.0,easyBike_forward1.1","easyBike_forward2.1,easyBike_forward4.1","89.0,96.0,92.0,44.0","36.0,15.0",80.0,100.0,66.7,0,1
187.0,pa_2_rev,NEG_E0,4,3,0,0,NONE,NONE,NONE,NONE,0.0,0.0,0.0,4,3
187.0,pa_3,E1,4,3,0,0,NONE,NONE,NONE,NONE,0.0,0.0,0.0,4,3
187.0,pa_3_rev,NEG_E1,4,3,1,0,easyBike_reverse1.0,NONE,11.0,NONE,20.0,25.0,0.0,3,3
187.0,pa_6,E5,5,3,2,0,"easyBike_forward3.1,easyBike_forward3.0",NONE,"27.0,100.0",NONE,50.0,40.0,0.0,3,3
187.0,pa_6_rev,NEG_E5,5,3,0,0,NONE,NONE,NONE,NONE,0.0,0.0,0.0,5,3
187.0,pa_7,E6,4,2,0,0,NONE,NONE,NONE,NONE,0.0,0.0,0.0,4,2
187.0,pa_7_rev,NEG_E6,4,2,0,0,NONE,NONE,NONE,NONE,0.0,0.0,0.0,4,2
187.0,pa_8,E7,5,3,0,0,NONE,NONE,NONE,NONE,0.0,0.0,0.0,5,3
187.0,pa_8_rev,NEG_E7,5,3,3,0,"easyBike_reverse2.1,easyBike_reverse3.1,easyBike_reverse4.1",NONE,"45.0,39.0,30.0",NONE,75.0,60.0,0.0,2,3
188.0,pa_2,E0,4,3,4,2,"easyBike_forward4.0,easyBike_forward2.0,easyBike_forward1.0,easyBike_forward1.1","easyBike_forward2.1,easyBike_forward4.1","90.0,97.0,93.0,45.0","37.0,16.0",80.0,100.0,66.7,0,1
188.0,pa_2_rev,NEG_E0,4,3,0,0,NONE,NONE,NONE,NONE,0.0,0.0,0.0,4,3
188.0,pa_3,E1,4,3,0,0,NONE,NONE,NONE,NONE,0.0,0.0,0.0,4,3
188.0,pa_3_rev,NEG_E1,4,3,1,0,easyBike_reverse1.0,NONE,12.0,NONE,20.0,25.0,0.0,3,3
188.0,pa_6,E5,5,3,2,0,"easyBike_forward3.1,easyBike_forward3.0",NONE,"28.0,101.0",NONE,50.0,40.0,0.0,3,3
188.0,pa_6_rev,NEG_E5,5,3,0,0,NONE,NONE,NONE,NONE,0.0,0.0,0.0,5,3
188.0,pa_7,E6,4,2,0,0,NONE,NONE,NONE,NONE,0.0,0.0,0.0,4,2
188.0,pa_7_rev,NEG_E6,4,2,0,0,NONE,NONE,NONE,NONE,0.0,0.0,0.0,4,2
188.0,pa_8,E7,5,3,0,0,NONE,NONE,NONE,NONE,0.0,0.0,0.0,5,3
188.0,pa_8_rev,NEG_E7,5,3,3,0,"easyBike_reverse2.1,easyBike_reverse3.1,easyBike_reverse4.1",NONE,"46.0,40.0,31.0",NONE,75.0,60.0,0.0,2,3
189.0,pa_2,E0,4,3,4,2,"easyBike_forward4.0,easyBike_forward2.0,easyBike_forward1.0,easyBike_forward1.1","easyBike_forward2.1,easyBike_forward4.1","91.0,98.0,94.0,46.0","38.0,17.0",80.0,100.0,66.7,0,1
189.0,pa_2_rev,NEG_E0,4,3,0,0,NONE,NONE,NONE,NONE,0.0,0.0,0.0,4,3
189.0,pa_3,E1,4,3,0,0,NONE,NONE,NONE,NONE,0.0,0.0,0.0,4,3
189.0,pa_3_rev,NEG_E1,4,3,1,0,easyBike_reverse1.0,NONE,13.0,NONE,20.0,25.0,0.0,3,3
189.0,pa_6,E5,5,3,2,0,"easyBike_forward3.1,easyBike_forward3.0",NONE,"29.0,102.0",NONE,50.0,40.0,0.0,3,3
189.0,pa_6_rev,NEG_E5,5,3,0,0,NONE,NONE,NONE,NONE,0.0,0.0,0.0,5,3
189.0,pa_7,E6,4,2,0,0,NONE,NONE,NONE,NONE,0.0,0.0,0.0,4,2
189.0,pa_7_rev,NEG_E6,4,2,0,0,NONE,NONE,NONE,NONE,0.0,0.0,0.0,4,2
189.0,pa_8,E7,5,3,0,0,NONE,NONE,NONE,NONE,0.0,0.0,0.0,5,3
189.0,pa_8_rev,NEG_E7,5,3,3,0,"easyBike_reverse2.1,easyBike_reverse3.1,easyBike_reverse4.1",NONE,"47.0,41.0,32.0",NONE,75.0,60.0,0.0,2,3
190.0,pa_2,E0,4,3,4,2,"easyBike_forward4.0,easyBike_forward2.0,easyBike_forward1.0,easyBike_forward1.1","easyBike_forward2.1,easyBike_forward4.1","92.0,99.0,95.0,47.0","39.0,18.0",80.0,100.0,66.7,0,1
190.0,pa_2_rev,NEG_E0,4,3,0,0,NONE,NONE,NONE,NONE,0.0,0.0,0.0,4,3
190.0,pa_3,E1,4,3,0,0,NONE,NONE,NONE,NONE,0.0,0.0,0.0,4,3
190.0,pa_3_rev,NEG_E1,4,3,1,0,easyBike_reverse1.0,NONE,14.0,NONE,20.0,25.0,0.0,3,3
190.0,pa_6,E5,5,3,2,0,"easyBike_forward3.1,easyBike_forward3.0",NONE,"30.0,103.0",NONE,50.0,40.0,0.0,3,3
190.0,pa_6_rev,NEG_E5,5,3,0,0,NONE,NONE,NONE,NONE,0.0,0.0,0.0,5,3
190.0,pa_7,E6,4,2,0,0,NONE,NONE,NONE,NONE,0.0,0.0,0.0,4,2
190.0,pa_7_rev,NEG_E6,4,2,0,0,NONE,NONE,NONE,NONE,0.0,0.0,0.0,4,2
190.0,pa_8,E7,5,3,0,0,NONE,NONE,NONE,NONE,0.0,0.0,0.0,5,3
190.0,pa_8_rev,NEG_E7,5,3,3,0,"easyBike_reverse2.1,easyBike_reverse3.1,easyBike_reverse4.1",NONE,"48.0,42.0,33.0",NONE,75.0,60.0,0.0,2,3
191.0,pa_2,E0,4,3,4,2,"easyBike_forward4.0,easyBike_forward2.0,easyBike_forward1.0,easyBike_forward1.1","easyBike_forward2.1,easyBike_forward4.1","93.0,100.0,96.0,48.0","40.0,19.0",80.0,100.0,66.7,0,1
191.0,pa_2_rev,NEG_E0,4,3,0,0,NONE,NONE,NONE,NONE,0.0,0.0,0.0,4,3
191.0,pa_3,E1,4,3,0,0,NONE,NONE,NONE,NONE,0.0,0.0,0.0,4,3
191.0,pa_3_rev,NEG_E1,4,3,1,0,easyBike_reverse1.0,NONE,15.0,NONE,20.0,25.0,0.0,3,3
191.0,pa_6,E5,5,3,2,0,"easyBike_forward3.1,easyBike_forward3.0",NONE,"31.0,104.0",NONE,50.0,40.0,0.0,3,3
191.0,pa_6_rev,NEG_E5,5,3,0,0,NONE,NONE,NONE,NONE,0.0,0.0,0.0,5,3
191.0,pa_7,E6,4,2,0,0,NONE,NONE,NONE,NONE,0.0,0.0,0.0,4,2
191.0,pa_7_rev,NEG_E6,4,2,0,0,NONE,NONE,NONE,NONE,0.0,0.0,0.0,4,2
191.0,pa_8,E7,5,3,0,0,NONE,NONE,NONE,NONE,0.0,0.0,0.0,5,3
191.0,pa_8_rev,NEG_E7,5,3,3,0,"easyBike_reverse2.1,easyBike_reverse3.1,easyBike_reverse4.1",NONE,"49.0,43.0,34.0",NONE,75.0,60.0,0.0,2,3
192.0,pa_2,E0,4,3,4,2,"easyBike_forward4.0,easyBike_forward2.0,easyBike_forward1.0,easyBike_forward1.1","easyBike_forward2.1,easyBike_forward4.1","94.0,101.0,97.0,49.0","41.0,20.0",80.0,100.0,66.7,0,1
192.0,pa_2_rev,NEG_E0,4,3,0,0,NONE,NONE,NONE,NONE,0.0,0.0,0.0,4,3
192.0,pa_3,E1,4,3,0,0,NONE,NONE,NONE,NONE,0.0,0.0,0.0,4,3
192.0,pa_3_rev,NEG_E1,4,3,1,0,easyBike_reverse1.0,NONE,16.0,NONE,20.0,25.0,0.0,3,3
192.0,pa_6,E5,5,3,2,0,"easyBike_forward3.1,easyBike_forward3.0",NONE,"32.0,105.0",NONE,50.0,40.0,0.0,3,3
192.0,pa_6_rev,NEG_E5,5,3,0,0,NONE,NONE,NONE,NONE,0.0,0.0,0.0,5,3
192.0,pa_7,E6,4,2,0,0,NONE,NONE,NONE,NONE,0.0,0.0,0.0,4,2
192.0,pa_7_rev,NEG_E6,4,2,0,0,NONE,NONE,NONE,NONE,0.0,0.0,0.0,4,2
192.0,pa_8,E7,5,3,0,0,NONE,NONE,NONE,NONE,0.0,0.0,0.0,5,3
192.0,pa_8_rev,NEG_E7,5,3,3,0,"easyBike_reverse2.1,easyBike_reverse3.1,easyBike_reverse4.1",NONE,"50.0,44.0,35.0",NONE,75.0,60.0,0.0,2,3
193.0,pa_2,E0,4,3,4,2,"easyBike_forward4.0,easyBike_forward2.0,easyBike_forward1.0,easyBike_forward1.1","easyBike_forward2.1,easyBike_forward4.1","95.0,102.0,98.0,50.0","42.0,21.0",80.0,100.0,66.7,0,1
193.0,pa_2_rev,NEG_E0,4,3,0,0,NONE,NONE,NONE,NONE,0.0,0.0,0.0,4,3
193.0,pa_3,E1,4,3,0,0,NONE,NONE,NONE,NONE,0.0,0.0,0.0,4,3
193.0,pa_3_rev,NEG_E1,4,3,1,0,easyBike_reverse1.0,NONE,17.0,NONE,20.0,25.0,0.0,3,3
193.0,pa_6,E5,5,3,2,0,"easyBike_forward3.1,easyBike_forward3.0",NONE,"33.0,106.0",NONE,50.0,40.0,0.0,3,3
193.0,pa_6_rev,NEG_E5,5,3,0,0,NONE,NONE,NONE,NONE,0.0,0.0,0.0,5,3
193.0,pa_7,E6,4,2,0,0,NONE,NONE,NONE,NONE,0.0,0.0,0.0,4,2
193.0,pa_7_rev,NEG_E6,4,2,0,0,NONE,NONE,NONE,NONE,0.0,0.0,0.0,4,2
193.0,pa_8,E7,5,3,0,0,NONE,NONE,NONE,NONE,0.0,0.0,0.0,5,3
193.0,pa_8_rev,NEG_E7,5,3,3,0,"easyBike_reverse2.1,easyBike_reverse3.1,easyBike_reverse4.1",NONE,"51.0,45.0,36.0",NONE,75.0,60.0,0.0,2,3
194.0,pa_2,E0,4,3,4,2,"easyBike_forward4.0,easyBike_forward2.0,easyBike_forward1.0,easyBike_forward1.1","easyBike_forward2.1,easyBike_forward4.1","96.0,103.0,99.0,51.0","43.0,22.0",80.0,100.0,66.7,0,1
194.0,pa_2_rev,NEG_E0,4,3,0,0,NONE,NONE,NONE,NONE,0.0,0.0,0.0,4,3
194.0,pa_3,E1,4,3,0,0,NONE,NONE,NONE,NONE,0.0,0.0,0.0,4,3
194.0,pa_3_rev,NEG_E1,4,3,1,0,easyBike_reverse1.0,NONE,18.0,NONE,20.0,25.0,0.0,3,3
194.0,pa_6,E5,5,3,2,0,"easyBike_forward3.1,easyBike_forward3.0",NONE,"34.0,107.0",NONE,50.0,40.0,0.0,3,3
194.0,pa_6_rev,NEG_E5,5,3,0,0,NONE,NONE,NONE,NONE,0.0,0.0,0.0,5,3
194.0,pa_7,E6,4,2,0,0,NONE,NONE,NONE,NONE,0.0,0.0,0.0,4,2
194.0,pa_7_rev,NEG_E6,4,2,0,0,NONE,NONE,NONE,NONE,0.0,0.0,0.0,4,2
194.0,pa_8,E7,5,3,0,0,NONE,NONE,NONE,NONE,0.0,0.0,0.0,5,3
194.0,pa_8_rev,NEG_E7,5,3,3,0,"easyBike_reverse2.1,easyBike_reverse3.1,easyBike_reverse4.1",NONE,"52.0,46.0,37.0",NONE,75.0,60.0,0.0,2,3
195.0,pa_2,E0,4,3,4,3,"easyBike_forward4.0,easyBike_forward2.0,easyBike_forward1.0,easyBike_forward1.1","easyBike_forward2.1,easyBike_forward4.1,easyBike_forward1.2","97.0,104.0,100.0,52.0","44.0,23.0,0.0",80.0,100.0,100.0,0,0
195.0,pa_2_rev,NEG_E0,4,3,0,0,NONE,NONE,NONE,NONE,0.0,0.0,0.0,4,3
195.0,pa_3,E1,4,3,0,0,NONE,NONE,NONE,NONE,0.0,0.0,0.0,4,3
195.0,pa_3_rev,NEG_E1,4,3,1,0,easyBike_reverse1.0,NONE,19.0,NONE,20.0,25.0,0.0,3,3
195.0,pa_6,E5,5,3,2,0,"easyBike_forward3.1,easyBike_forward3.0",NONE,"35.0,108.0",NONE,50.0,40.0,0.0,3,3
195.0,pa_6_rev,NEG_E5,5,3,0,0,NONE,NONE,NONE,NONE,0.0,0.0,0.0,5,3
195.0,pa_7,E6,4,2,0,0,NONE,NONE,NONE,NONE,0.0,0.0,0.0,4,2
195.0,pa_7_rev,NEG_E6,4,2,0,0,NONE,NONE,NONE,NONE,0.0,0.0,0.0,4,2
195.0,pa_8,E7,5,3,0,0,NONE,NONE,NONE,NONE,0.0,0.0,0.0,5,3
195.0,pa_8_rev,NEG_E7,5,3,3,0,"easyBike_reverse2.1,easyBike_reverse3.1,easyBike_reverse4.1",NONE,"53.0,47.0,38.0",NONE,75.0,60.0,0.0,2,3
196.0,pa_2,E0,4,3,4,3,"easyBike_forward4.0,easyBike_forward2.0,easyBike_forward1.0,easyBike_forward1.1","easyBike_forward2.1,easyBike_forward4.1,easyBike_forward1.2","98.0,105.0,101.0,53.0","45.0,24.0,1.0",80.0,100.0,100.0,0,0
196.0,pa_2_rev,NEG_E0,4,3,0,0,NONE,NONE,NONE,NONE,0.0,0.0,0.0,4,3
196.0,pa_3,E1,4,3,0,0,NONE,NONE,NONE,NONE,0.0,0.0,0.0,4,3
196.0,pa_3_rev,NEG_E1,4,3,1,0,easyBike_reverse1.0,NONE,20.0,NONE,20.0,25.0,0.0,3,3
196.0,pa_6,E5,5,3,2,0,"easyBike_forward3.1,easyBike_forward3.0",NONE,"36.0,109.0",NONE,50.0,40.0,0.0,3,3
196.0,pa_6_rev,NEG_E5,5,3,0,0,NONE,NONE,NONE,NONE,0.0,0.0,0.0,5,3
196.0,pa_7,E6,4,2,0,0,NONE,NONE,NONE,NONE,0.0,0.0,0.0,4,2
196.0,pa_7_rev,NEG_E6,4,2,0,0,NONE,NONE,NONE,NONE,0.0,0.0,0.0,4,2
196.0,pa_8,E7,5,3,0,0,NONE,NONE,NONE,NONE,0.0,0.0,0.0,5,3
196.0,pa_8_rev,NEG_E7,5,3,3,0,"easyBike_reverse2.1,easyBike_reverse3.1,easyBike_reverse4.1",NONE,"54.0,48.0,39.0",NONE,75.0,60.0,0.0,2,3
197.0,pa_2,E0,4,3,4,3,"easyBike_forward4.0,easyBike_forward2.0,easyBike_forward1.0,easyBike_forward1.1","easyBike_forward2.1,easyBike_forward4.1,easyBike_forward1.2","99.0,106.0,102.0,54.0","46.0,25.0,2.0",80.0,100.0,100.0,0,0
197.0,pa_2_rev,NEG_E0,4,3,0,0,NONE,NONE,NONE,NONE,0.0,0.0,0.0,4,3
197.0,pa_3,E1,4,3,0,0,NONE,NONE,NONE,NONE,0.0,0.0,0.0,4,3
197.0,pa_3_rev,NEG_E1,4,3,1,0,easyBike_reverse1.0,NONE,21.0,NONE,20.0,25.0,0.0,3,3
197.0,pa_6,E5,5,3,2,0,"easyBike_forward3.1,easyBike_forward3.0",NONE,"37.0,110.0",NONE,50.0,40.0,0.0,3,3
197.0,pa_6_rev,NEG_E5,5,3,0,0,NONE,NONE,NONE,NONE,0.0,0.0,0.0,5,3
197.0,pa_7,E6,4,2,0,0,NONE,NONE,NONE,NONE,0.0,0.0,0.0,4,2
197.0,pa_7_rev,NEG_E6,4,2,0,0,NONE,NONE,NONE,NONE,0.0,0.0,0.0,4,2
197.0,pa_8,E7,5,3,0,0,NONE,NONE,NONE,NONE,0.0,0.0,0.0,5,3
197.0,pa_8_rev,NEG_E7,5,3,4,0,"easyBike_reverse2.1,easyBike_reverse3.0,easyBike_reverse3.1,easyBike_reverse4.1",NONE,"55.0,0.0,49.0,40.0",NONE,100.0,80.0,0.0,1,3
198.0,pa_2,E0,4,3,4,3,"easyBike_forward4.0,easyBike_forward2.0,easyBike_forward1.0,easyBike_forward1.1","easyBike_forward2.1,easyBike_forward4.1,easyBike_forward1.2","100.0,107.0,103.0,55.0","47.0,26.0,3.0",80.0,100.0,100.0,0,0
198.0,pa_2_rev,NEG_E0,4,3,0,0,NONE,NONE,NONE,NONE,0.0,0.0,0.0,4,3
198.0,pa_3,E1,4,3,0,0,NONE,NONE,NONE,NONE,0.0,0.0,0.0,4,3
198.0,pa_3_rev,NEG_E1,4,3,1,0,easyBike_reverse1.0,NONE,22.0,NONE,20.0,25.0,0.0,3,3
198.0,pa_6,E5,5,3,2,0,"easyBike_forward3.1,easyBike_forward3.0",NONE,"38.0,111.0",NONE,50.0,40.0,0.0,3,3
198.0,pa_6_rev,NEG_E5,5,3,0,0,NONE,NONE,NONE,NONE,0.0,0.0,0.0,5,3
198.0,pa_7,E6,4,2,0,0,NONE,NONE,NONE,NONE,0.0,0.0,0.0,4,2
198.0,pa_7_rev,NEG_E6,4,2,0,0,NONE,NONE,NONE,NONE,0.0,0.0,0.0,4,2
198.0,pa_8,E7,5,3,0,0,NONE,NONE,NONE,NONE,0.0,0.0,0.0,5,3
198.0,pa_8_rev,NEG_E7,5,3,4,0,"easyBike_reverse2.1,easyBike_reverse3.0,easyBike_reverse3.1,easyBike_reverse4.1",NONE,"56.0,1.0,50.0,41.0",NONE,100.0,80.0,0.0,1,3
199.0,pa_2,E0,4,3,4,3,"easyBike_forward4.0,easyBike_forward2.0,easyBike_forward1.0,easyBike_forward1.1","easyBike_forward2.1,easyBike_forward4.1,easyBike_forward1.2","101.0,108.0,104.0,56.0","48.0,27.0,4.0",80.0,100.0,100.0,0,0
199.0,pa_2_rev,NEG_E0,4,3,0,0,NONE,NONE,NONE,NONE,0.0,0.0,0.0,4,3
199.0,pa_3,E1,4,3,0,0,NONE,NONE,NONE,NONE,0.0,0.0,0.0,4,3
199.0,pa_3_rev,NEG_E1,4,3,1,0,easyBike_reverse1.0,NONE,23.0,NONE,20.0,25.0,0.0,3,3
199.0,pa_6,E5,5,3,2,0,"easyBike_forward3.1,easyBike_forward3.0",NONE,"39.0,112.0",NONE,50.0,40.0,0.0,3,3
199.0,pa_6_rev,NEG_E5,5,3,0,0,NONE,NONE,NONE,NONE,0.0,0.0,0.0,5,3
199.0,pa_7,E6,4,2,0,0,NONE,NONE,NONE,NONE,0.0,0.0,0.0,4,2
199.0,pa_7_rev,NEG_E6,4,2,0,0,NONE,NONE,NONE,NONE,0.0,0.0,0.0,4,2
199.0,pa_8,E7,5,3,0,0,NONE,NONE,NONE,NONE,0.0,0.0,0.0,5,3
199.0,pa_8_rev,NEG_E7,5,3,5,0,"easyBike_reverse2.1,easyBike_reverse3.0,easyBike_reverse3.1,easyBike_reverse2.0,easyBike_reverse4.1",NONE,"57.0,2.0,51.0,0.0,42.0",NONE,125.0,100.0,0.0,0,3
200.0,pa_2,E0,4,3,4,3,"easyBike_forward4.0,easyBike_forward2.0,easyBike_forward1.0,easyBike_forward1.1","easyBike_forward2.1,easyBike_forward4.1,easyBike_forward1.2","102.0,109.0,105.0,57.0","49.0,28.0,5.0",80.0,100.0,100.0,0,0
200.0,pa_2_rev,NEG_E0,4,3,0,0,NONE,NONE,NONE,NONE,0.0,0.0,0.0,4,3
200.0,pa_3,E1,4,3,0,0,NONE,NONE,NONE,NONE,0.0,0.0,0.0,4,3
200.0,pa_3_rev,NEG_E1,4,3,1,0,easyBike_reverse1.0,NONE,24.0,NONE,20.0,25.0,0.0,3,3
200.0,pa_6,E5,5,3,2,0,"easyBike_forward3.1,easyBike_forward3.0",NONE,"40.0,113.0",NONE,50.0,40.0,0.0,3,3
200.0,pa_6_rev,NEG_E5,5,3,0,0,NONE,NONE,NONE,NONE,0.0,0.0,0.0,5,3
200.0,pa_7,E6,4,2,0,0,NONE,NONE,NONE,NONE,0.0,0.0,0.0,4,2
200.0,pa_7_rev,NEG_E6,4,2,0,0,NONE,NONE,NONE,NONE,0.0,0.0,0.0,4,2
200.0,pa_8,E7,5,3,0,0,NONE,NONE,NONE,NONE,0.0,0.0,0.0,5,3
200.0,pa_8_rev,NEG_E7,5,3,5,0,"easyBike_reverse2.1,easyBike_reverse3.0,easyBike_reverse3.1,easyBike_reverse2.0,easyBike_reverse4.1",NONE,"58.0,3.0,52.0,1.0,43.0",NONE,125.0,100.0,0.0,0,3
201.0,pa_2,E0,4,3,4,3,"easyBike_forward4.0,easyBike_forward2.0,easyBike_forward1.0,easyBike_forward1.1","easyBike_forward2.1,easyBike_forward4.1,easyBike_forward1.2","103.0,110.0,106.0,58.0","50.0,29.0,6.0",80.0,100.0,100.0,0,0
201.0,pa_2_rev,NEG_E0,4,3,0,0,NONE,NONE,NONE,NONE,0.0,0.0,0.0,4,3
201.0,pa_3,E1,4,3,0,0,NONE,NONE,NONE,NONE,0.0,0.0,0.0,4,3
201.0,pa_3_rev,NEG_E1,4,3,1,0,easyBike_reverse1.0,NONE,25.0,NONE,20.0,25.0,0.0,3,3
201.0,pa_6,E5,5,3,2,0,"easyBike_forward3.1,easyBike_forward3.0",NONE,"41.0,114.0",NONE,50.0,40.0,0.0,3,3
201.0,pa_6_rev,NEG_E5,5,3,0,0,NONE,NONE,NONE,NONE,0.0,0.0,0.0,5,3
201.0,pa_7,E6,4,2,0,0,NONE,NONE,NONE,NONE,0.0,0.0,0.0,4,2
201.0,pa_7_rev,NEG_E6,4,2,0,0,NONE,NONE,NONE,NONE,0.0,0.0,0.0,4,2
201.0,pa_8,E7,5,3,0,0,NONE,NONE,NONE,NONE,0.0,0.0,0.0,5,3
201.0,pa_8_rev,NEG_E7,5,3,5,0,"easyBike_reverse2.1,easyBike_reverse3.0,easyBike_reverse3.1,easyBike_reverse2.0,easyBike_reverse4.1",NONE,"59.0,4.0,53.0,2.0,44.0",NONE,125.0,100.0,0.0,0,3
202.0,pa_2,E0,4,3,4,3,"easyBike_forward4.0,easyBike_forward2.0,easyBike_forward1.0,easyBike_forward1.1","easyBike_forward2.1,easyBike_forward4.1,easyBike_forward1.2","104.0,111.0,107.0,59.0","51.0,30.0,7.0",80.0,100.0,100.0,0,0
202.0,pa_2_rev,NEG_E0,4,3,0,0,NONE,NONE,NONE,NONE,0.0,0.0,0.0,4,3
202.0,pa_3,E1,4,3,0,0,NONE,NONE,NONE,NONE,0.0,0.0,0.0,4,3
202.0,pa_3_rev,NEG_E1,4,3,1,0,easyBike_reverse1.0,NONE,26.0,NONE,20.0,25.0,0.0,3,3
202.0,pa_6,E5,5,3,2,0,"easyBike_forward3.1,easyBike_forward3.0",NONE,"42.0,115.0",NONE,50.0,40.0,0.0,3,3
202.0,pa_6_rev,NEG_E5,5,3,0,0,NONE,NONE,NONE,NONE,0.0,0.0,0.0,5,3
202.0,pa_7,E6,4,2,0,0,NONE,NONE,NONE,NONE,0.0,0.0,0.0,4,2
202.0,pa_7_rev,NEG_E6,4,2,0,0,NONE,NONE,NONE,NONE,0.0,0.0,0.0,4,2
202.0,pa_8,E7,5,3,0,0,NONE,NONE,NONE,NONE,0.0,0.0,0.0,5,3
202.0,pa_8_rev,NEG_E7,5,3,5,0,"easyBike_reverse2.1,easyBike_reverse3.0,easyBike_reverse3.1,easyBike_reverse2.0,easyBike_reverse4.1",NONE,"60.0,5.0,54.0,3.0,45.0",NONE,125.0,100.0,0.0,0,3
203.0,pa_2,E0,4,3,4,3,"easyBike_forward4.0,easyBike_forward2.0,easyBike_forward1.0,easyBike_forward1.1","easyBike_forward2.1,easyBike_forward4.1,easyBike_forward1.2","105.0,112.0,108.0,60.0","52.0,31.0,8.0",80.0,100.0,100.0,0,0
203.0,pa_2_rev,NEG_E0,4,3,0,0,NONE,NONE,NONE,NONE,0.0,0.0,0.0,4,3
203.0,pa_3,E1,4,3,0,0,NONE,NONE,NONE,NONE,0.0,0.0,0.0,4,3
203.0,pa_3_rev,NEG_E1,4,3,1,0,easyBike_reverse1.0,NONE,27.0,NONE,20.0,25.0,0.0,3,3
203.0,pa_6,E5,5,3,2,0,"easyBike_forward3.1,easyBike_forward3.0",NONE,"43.0,116.0",NONE,50.0,40.0,0.0,3,3
203.0,pa_6_rev,NEG_E5,5,3,0,0,NONE,NONE,NONE,NONE,0.0,0.0,0.0,5,3
203.0,pa_7,E6,4,2,0,0,NONE,NONE,NONE,NONE,0.0,0.0,0.0,4,2
203.0,pa_7_rev,NEG_E6,4,2,0,0,NONE,NONE,NONE,NONE,0.0,0.0,0.0,4,2
203.0,pa_8,E7,5,3,0,0,NONE,NONE,NONE,NONE,0.0,0.0,0.0,5,3
203.0,pa_8_rev,NEG_E7,5,3,5,1,"easyBike_reverse2.1,easyBike_reverse3.0,easyBike_reverse3.1,easyBike_reverse2.0,easyBike_reverse4.1",easyBike_reverse4.0,"61.0,6.0,55.0,4.0,46.0",0.0,125.0,100.0,33.3,0,2
204.0,pa_2,E0,4,3,4,3,"easyBike_forward4.0,easyBike_forward2.0,easyBike_forward1.0,easyBike_forward1.1","easyBike_forward2.1,easyBike_forward4.1,easyBike_forward1.2","106.0,113.0,109.0,61.0","53.0,32.0,9.0",80.0,100.0,100.0,0,0
204.0,pa_2_rev,NEG_E0,4,3,0,0,NONE,NONE,NONE,NONE,0.0,0.0,0.0,4,3
204.0,pa_3,E1,4,3,0,0,NONE,NONE,NONE,NONE,0.0,0.0,0.0,4,3
204.0,pa_3_rev,NEG_E1,4,3,1,0,easyBike_reverse1.0,NONE,28.0,NONE,20.0,25.0,0.0,3,3
204.0,pa_6,E5,5,3,2,0,"easyBike_forward3.1,easyBike_forward3.0",NONE,"44.0,117.0",NONE,50.0,40.0,0.0,3,3
204.0,pa_6_rev,NEG_E5,5,3,0,0,NONE,NONE,NONE,NONE,0.0,0.0,0.0,5,3
204.0,pa_7,E6,4,2,0,0,NONE,NONE,NONE,NONE,0.0,0.0,0.0,4,2
204.0,pa_7_rev,NEG_E6,4,2,0,0,NONE,NONE,NONE,NONE,0.0,0.0,0.0,4,2
204.0,pa_8,E7,5,3,0,0,NONE,NONE,NONE,NONE,0.0,0.0,0.0,5,3
204.0,pa_8_rev,NEG_E7,5,3,5,1,"easyBike_reverse2.1,easyBike_reverse3.0,easyBike_reverse3.1,easyBike_reverse2.0,easyBike_reverse4.1",easyBike_reverse4.0,"62.0,7.0,56.0,5.0,47.0",1.0,125.0,100.0,33.3,0,2
205.0,pa_2,E0,4,3,4,3,"easyBike_forward4.0,easyBike_forward2.0,easyBike_forward1.0,easyBike_forward1.1","easyBike_forward2.1,easyBike_forward4.1,easyBike_forward1.2","107.0,114.0,110.0,62.0","54.0,33.0,10.0",80.0,100.0,100.0,0,0
205.0,pa_2_rev,NEG_E0,4,3,0,0,NONE,NONE,NONE,NONE,0.0,0.0,0.0,4,3
205.0,pa_3,E1,4,3,0,0,NONE,NONE,NONE,NONE,0.0,0.0,0.0,4,3
205.0,pa_3_rev,NEG_E1,4,3,1,0,easyBike_reverse1.0,NONE,29.0,NONE,20.0,25.0,0.0,3,3
205.0,pa_6,E5,5,3,2,0,"easyBike_forward3.1,easyBike_forward3.0",NONE,"45.0,118.0",NONE,50.0,40.0,0.0,3,3
205.0,pa_6_rev,NEG_E5,5,3,0,0,NONE,NONE,NONE,NONE,0.0,0.0,0.0,5,3
205.0,pa_7,E6,4,2,0,0,NONE,NONE,NONE,NONE,0.0,0.0,0.0,4,2
205.0,pa_7_rev,NEG_E6,4,2,0,0,NONE,NONE,NONE,NONE,0.0,0.0,0.0,4,2
205.0,pa_8,E7,5,3,0,0,NONE,NONE,NONE,NONE,0.0,0.0,0.0,5,3
205.0,pa_8_rev,NEG_E7,5,3,5,1,"easyBike_reverse2.1,easyBike_reverse3.0,easyBike_reverse3.1,easyBike_reverse2.0,easyBike_reverse4.1",easyBike_reverse4.0,"63.0,8.0,57.0,6.0,48.0",2.0,125.0,100.0,33.3,0,2
206.0,pa_2,E0,4,3,4,3,"easyBike_forward4.0,easyBike_forward2.0,easyBike_forward1.0,easyBike_forward1.1","easyBike_forward2.1,easyBike_forward4.1,easyBike_forward1.2","108.0,115.0,111.0,63.0","55.0,34.0,11.0",80.0,100.0,100.0,0,0
206.0,pa_2_rev,NEG_E0,4,3,0,0,NONE,NONE,NONE,NONE,0.0,0.0,0.0,4,3
206.0,pa_3,E1,4,3,0,0,NONE,NONE,NONE,NONE,0.0,0.0,0.0,4,3
206.0,pa_3_rev,NEG_E1,4,3,1,0,easyBike_reverse1.0,NONE,30.0,NONE,20.0,25.0,0.0,3,3
206.0,pa_6,E5,5,3,2,0,"easyBike_forward3.1,easyBike_forward3.0",NONE,"46.0,119.0",NONE,50.0,40.0,0.0,3,3
206.0,pa_6_rev,NEG_E5,5,3,0,0,NONE,NONE,NONE,NONE,0.0,0.0,0.0,5,3
206.0,pa_7,E6,4,2,0,0,NONE,NONE,NONE,NONE,0.0,0.0,0.0,4,2
206.0,pa_7_rev,NEG_E6,4,2,0,0,NONE,NONE,NONE,NONE,0.0,0.0,0.0,4,2
206.0,pa_8,E7,5,3,0,0,NONE,NONE,NONE,NONE,0.0,0.0,0.0,5,3
206.0,pa_8_rev,NEG_E7,5,3,5,1,"easyBike_reverse2.1,easyBike_reverse3.0,easyBike_reverse3.1,easyBike_reverse2.0,easyBike_reverse4.1",easyBike_reverse4.0,"64.0,9.0,58.0,7.0,49.0",3.0,125.0,100.0,33.3,0,2
207.0,pa_2,E0,4,3,4,3,"easyBike_forward4.0,easyBike_forward2.0,easyBike_forward1.0,easyBike_forward1.1","easyBike_forward2.1,easyBike_forward4.1,easyBike_forward1.2","109.0,116.0,112.0,64.0","56.0,35.0,12.0",80.0,100.0,100.0,0,0
207.0,pa_2_rev,NEG_E0,4,3,0,0,NONE,NONE,NONE,NONE,0.0,0.0,0.0,4,3
207.0,pa_3,E1,4,3,0,0,NONE,NONE,NONE,NONE,0.0,0.0,0.0,4,3
207.0,pa_3_rev,NEG_E1,4,3,1,0,easyBike_reverse1.0,NONE,31.0,NONE,20.0,25.0,0.0,3,3
207.0,pa_6,E5,5,3,2,0,"easyBike_forward3.1,easyBike_forward3.0",NONE,"47.0,120.0",NONE,50.0,40.0,0.0,3,3
207.0,pa_6_rev,NEG_E5,5,3,0,0,NONE,NONE,NONE,NONE,0.0,0.0,0.0,5,3
207.0,pa_7,E6,4,2,0,0,NONE,NONE,NONE,NONE,0.0,0.0,0.0,4,2
207.0,pa_7_rev,NEG_E6,4,2,0,0,NONE,NONE,NONE,NONE,0.0,0.0,0.0,4,2
207.0,pa_8,E7,5,3,0,0,NONE,NONE,NONE,NONE,0.0,0.0,0.0,5,3
207.0,pa_8_rev,NEG_E7,5,3,5,1,"easyBike_reverse2.1,easyBike_reverse3.0,easyBike_reverse3.1,easyBike_reverse2.0,easyBike_reverse4.1",easyBike_reverse4.0,"65.0,10.0,59.0,8.0,50.0",4.0,125.0,100.0,33.3,0,2
208.0,pa_2,E0,4,3,4,3,"easyBike_forward4.0,easyBike_forward2.0,easyBike_forward1.0,easyBike_forward1.1","easyBike_forward2.1,easyBike_forward4.1,easyBike_forward1.2","110.0,117.0,113.0,65.0","57.0,36.0,13.0",80.0,100.0,100.0,0,0
208.0,pa_2_rev,NEG_E0,4,3,0,0,NONE,NONE,NONE,NONE,0.0,0.0,0.0,4,3
208.0,pa_3,E1,4,3,0,0,NONE,NONE,NONE,NONE,0.0,0.0,0.0,4,3
208.0,pa_3_rev,NEG_E1,4,3,1,0,easyBike_reverse1.0,NONE,32.0,NONE,20.0,25.0,0.0,3,3
208.0,pa_6,E5,5,3,2,0,"easyBike_forward3.1,easyBike_forward3.0",NONE,"48.0,121.0",NONE,50.0,40.0,0.0,3,3
208.0,pa_6_rev,NEG_E5,5,3,0,0,NONE,NONE,NONE,NONE,0.0,0.0,0.0,5,3
208.0,pa_7,E6,4,2,0,0,NONE,NONE,NONE,NONE,0.0,0.0,0.0,4,2
208.0,pa_7_rev,NEG_E6,4,2,0,0,NONE,NONE,NONE,NONE,0.0,0.0,0.0,4,2
208.0,pa_8,E7,5,3,0,0,NONE,NONE,NONE,NONE,0.0,0.0,0.0,5,3
208.0,pa_8_rev,NEG_E7,5,3,5,1,"easyBike_reverse2.1,easyBike_reverse3.0,easyBike_reverse3.1,easyBike_reverse2.0,easyBike_reverse4.1",easyBike_reverse4.0,"66.0,11.0,60.0,9.0,51.0",5.0,125.0,100.0,33.3,0,2
209.0,pa_2,E0,4,3,4,3,"easyBike_forward4.0,easyBike_forward2.0,easyBike_forward1.0,easyBike_forward1.1","easyBike_forward2.1,easyBike_forward4.1,easyBike_forward1.2","111.0,118.0,114.0,66.0","58.0,37.0,14.0",80.0,100.0,100.0,0,0
209.0,pa_2_rev,NEG_E0,4,3,0,0,NONE,NONE,NONE,NONE,0.0,0.0,0.0,4,3
209.0,pa_3,E1,4,3,0,0,NONE,NONE,NONE,NONE,0.0,0.0,0.0,4,3
209.0,pa_3_rev,NEG_E1,4,3,1,0,easyBike_reverse1.0,NONE,33.0,NONE,20.0,25.0,0.0,3,3
209.0,pa_6,E5,5,3,2,0,"easyBike_forward3.1,easyBike_forward3.0",NONE,"49.0,122.0",NONE,50.0,40.0,0.0,3,3
209.0,pa_6_rev,NEG_E5,5,3,0,0,NONE,NONE,NONE,NONE,0.0,0.0,0.0,5,3
209.0,pa_7,E6,4,2,0,0,NONE,NONE,NONE,NONE,0.0,0.0,0.0,4,2
209.0,pa_7_rev,NEG_E6,4,2,0,0,NONE,NONE,NONE,NONE,0.0,0.0,0.0,4,2
209.0,pa_8,E7,5,3,0,0,NONE,NONE,NONE,NONE,0.0,0.0,0.0,5,3
209.0,pa_8_rev,NEG_E7,5,3,5,1,"easyBike_reverse2.1,easyBike_reverse3.0,easyBike_reverse3.1,easyBike_reverse2.0,easyBike_reverse4.1",easyBike_reverse4.0,"67.0,12.0,61.0,10.0,52.0",6.0,125.0,100.0,33.3,0,2
210.0,pa_2,E0,4,3,4,3,"easyBike_forward4.0,easyBike_forward2.0,easyBike_forward1.0,easyBike_forward1.1","easyBike_forward2.1,easyBike_forward4.1,easyBike_forward1.2","112.0,119.0,115.0,67.0","59.0,38.0,15.0",80.0,100.0,100.0,0,0
210.0,pa_2_rev,NEG_E0,4,3,0,0,NONE,NONE,NONE,NONE,0.0,0.0,0.0,4,3
210.0,pa_3,E1,4,3,0,0,NONE,NONE,NONE,NONE,0.0,0.0,0.0,4,3
210.0,pa_3_rev,NEG_E1,4,3,1,0,easyBike_reverse1.0,NONE,34.0,NONE,20.0,25.0,0.0,3,3
210.0,pa_6,E5,5,3,2,0,"easyBike_forward3.1,easyBike_forward3.0",NONE,"50.0,123.0",NONE,50.0,40.0,0.0,3,3
210.0,pa_6_rev,NEG_E5,5,3,0,0,NONE,NONE,NONE,NONE,0.0,0.0,0.0,5,3
210.0,pa_7,E6,4,2,0,0,NONE,NONE,NONE,NONE,0.0,0.0,0.0,4,2
210.0,pa_7_rev,NEG_E6,4,2,0,0,NONE,NONE,NONE,NONE,0.0,0.0,0.0,4,2
210.0,pa_8,E7,5,3,0,0,NONE,NONE,NONE,NONE,0.0,0.0,0.0,5,3
210.0,pa_8_rev,NEG_E7,5,3,5,1,"easyBike_reverse2.1,easyBike_reverse3.0,easyBike_reverse3.1,easyBike_reverse2.0,easyBike_reverse4.1",easyBike_reverse4.0,"68.0,13.0,62.0,11.0,53.0",7.0,125.0,100.0,33.3,0,2
211.0,pa_2,E0,4,3,4,3,"easyBike_forward4.0,easyBike_forward2.0,easyBike_forward1.0,easyBike_forward1.1","easyBike_forward2.1,easyBike_forward4.1,easyBike_forward1.2","113.0,120.0,116.0,68.0","60.0,39.0,16.0",80.0,100.0,100.0,0,0
211.0,pa_2_rev,NEG_E0,4,3,0,0,NONE,NONE,NONE,NONE,0.0,0.0,0.0,4,3
211.0,pa_3,E1,4,3,0,0,NONE,NONE,NONE,NONE,0.0,0.0,0.0,4,3
211.0,pa_3_rev,NEG_E1,4,3,1,0,easyBike_reverse1.0,NONE,35.0,NONE,20.0,25.0,0.0,3,3
211.0,pa_6,E5,5,3,2,0,"easyBike_forward3.1,easyBike_forward3.0",NONE,"51.0,124.0",NONE,50.0,40.0,0.0,3,3
211.0,pa_6_rev,NEG_E5,5,3,0,0,NONE,NONE,NONE,NONE,0.0,0.0,0.0,5,3
211.0,pa_7,E6,4,2,0,0,NONE,NONE,NONE,NONE,0.0,0.0,0.0,4,2
211.0,pa_7_rev,NEG_E6,4,2,0,0,NONE,NONE,NONE,NONE,0.0,0.0,0.0,4,2
211.0,pa_8,E7,5,3,0,0,NONE,NONE,NONE,NONE,0.0,0.0,0.0,5,3
211.0,pa_8_rev,NEG_E7,5,3,5,1,"easyBike_reverse2.1,easyBike_reverse3.0,easyBike_reverse3.1,easyBike_reverse2.0,easyBike_reverse4.1",easyBike_reverse4.0,"69.0,14.0,63.0,12.0,54.0",8.0,125.0,100.0,33.3,0,2
212.0,pa_2,E0,4,3,4,3,"easyBike_forward4.0,easyBike_forward2.0,easyBike_forward1.0,easyBike_forward1.1","easyBike_forward2.1,easyBike_forward4.1,easyBike_forward1.2","114.0,121.0,117.0,69.0","61.0,40.0,17.0",80.0,100.0,100.0,0,0
212.0,pa_2_rev,NEG_E0,4,3,0,0,NONE,NONE,NONE,NONE,0.0,0.0,0.0,4,3
212.0,pa_3,E1,4,3,0,0,NONE,NONE,NONE,NONE,0.0,0.0,0.0,4,3
212.0,pa_3_rev,NEG_E1,4,3,1,0,easyBike_reverse1.0,NONE,36.0,NONE,20.0,25.0,0.0,3,3
212.0,pa_6,E5,5,3,2,0,"easyBike_forward3.1,easyBike_forward3.0",NONE,"52.0,125.0",NONE,50.0,40.0,0.0,3,3
212.0,pa_6_rev,NEG_E5,5,3,0,0,NONE,NONE,NONE,NONE,0.0,0.0,0.0,5,3
212.0,pa_7,E6,4,2,0,0,NONE,NONE,NONE,NONE,0.0,0.0,0.0,4,2
212.0,pa_7_rev,NEG_E6,4,2,0,0,NONE,NONE,NONE,NONE,0.0,0.0,0.0,4,2
212.0,pa_8,E7,5,3,0,0,NONE,NONE,NONE,NONE,0.0,0.0,0.0,5,3
212.0,pa_8_rev,NEG_E7,5,3,5,1,"easyBike_reverse2.1,easyBike_reverse3.0,easyBike_reverse3.1,easyBike_reverse2.0,easyBike_reverse4.1",easyBike_reverse4.0,"70.0,15.0,64.0,13.0,55.0",9.0,125.0,100.0,33.3,0,2
213.0,pa_2,E0,4,3,4,3,"easyBike_forward4.0,easyBike_forward2.0,easyBike_forward1.0,easyBike_forward1.1","easyBike_forward2.1,easyBike_forward4.1,easyBike_forward1.2","115.0,122.0,118.0,70.0","62.0,41.0,18.0",80.0,100.0,100.0,0,0
213.0,pa_2_rev,NEG_E0,4,3,0,0,NONE,NONE,NONE,NONE,0.0,0.0,0.0,4,3
213.0,pa_3,E1,4,3,0,0,NONE,NONE,NONE,NONE,0.0,0.0,0.0,4,3
213.0,pa_3_rev,NEG_E1,4,3,1,0,easyBike_reverse1.0,NONE,37.0,NONE,20.0,25.0,0.0,3,3
213.0,pa_6,E5,5,3,2,0,"easyBike_forward3.1,easyBike_forward3.0",NONE,"53.0,126.0",NONE,50.0,40.0,0.0,3,3
213.0,pa_6_rev,NEG_E5,5,3,0,0,NONE,NONE,NONE,NONE,0.0,0.0,0.0,5,3
213.0,pa_7,E6,4,2,0,0,NONE,NONE,NONE,NONE,0.0,0.0,0.0,4,2
213.0,pa_7_rev,NEG_E6,4,2,0,0,NONE,NONE,NONE,NONE,0.0,0.0,0.0,4,2
213.0,pa_8,E7,5,3,0,0,NONE,NONE,NONE,NONE,0.0,0.0,0.0,5,3
213.0,pa_8_rev,NEG_E7,5,3,5,1,"easyBike_reverse2.1,easyBike_reverse3.0,easyBike_reverse3.1,easyBike_reverse2.0,easyBike_reverse4.1",easyBike_reverse4.0,"71.0,16.0,65.0,14.0,56.0",10.0,125.0,100.0,33.3,0,2
214.0,pa_2,E0,4,3,4,3,"easyBike_forward4.0,easyBike_forward2.0,easyBike_forward1.0,easyBike_forward1.1","easyBike_forward2.1,easyBike_forward4.1,easyBike_forward1.2","116.0,123.0,119.0,71.0","63.0,42.0,19.0",80.0,100.0,100.0,0,0
214.0,pa_2_rev,NEG_E0,4,3,0,0,NONE,NONE,NONE,NONE,0.0,0.0,0.0,4,3
214.0,pa_3,E1,4,3,0,0,NONE,NONE,NONE,NONE,0.0,0.0,0.0,4,3
214.0,pa_3_rev,NEG_E1,4,3,1,0,easyBike_reverse1.0,NONE,38.0,NONE,20.0,25.0,0.0,3,3
214.0,pa_6,E5,5,3,2,0,"easyBike_forward3.1,easyBike_forward3.0",NONE,"54.0,127.0",NONE,50.0,40.0,0.0,3,3
214.0,pa_6_rev,NEG_E5,5,3,0,0,NONE,NONE,NONE,NONE,0.0,0.0,0.0,5,3
214.0,pa_7,E6,4,2,0,0,NONE,NONE,NONE,NONE,0.0,0.0,0.0,4,2
214.0,pa_7_rev,NEG_E6,4,2,0,0,NONE,NONE,NONE,NONE,0.0,0.0,0.0,4,2
214.0,pa_8,E7,5,3,0,0,NONE,NONE,NONE,NONE,0.0,0.0,0.0,5,3
214.0,pa_8_rev,NEG_E7,5,3,5,1,"easyBike_reverse2.1,easyBike_reverse3.0,easyBike_reverse3.1,easyBike_reverse2.0,easyBike_reverse4.1",easyBike_reverse4.0,"72.0,17.0,66.0,15.0,57.0",11.0,125.0,100.0,33.3,0,2
215.0,pa_2,E0,4,3,4,3,"easyBike_forward4.0,easyBike_forward2.0,easyBike_forward1.0,easyBike_forward1.1","easyBike_forward2.1,easyBike_forward4.1,easyBike_forward1.2","117.0,124.0,120.0,72.0","64.0,43.0,20.0",80.0,100.0,100.0,0,0
215.0,pa_2_rev,NEG_E0,4,3,0,0,NONE,NONE,NONE,NONE,0.0,0.0,0.0,4,3
215.0,pa_3,E1,4,3,0,0,NONE,NONE,NONE,NONE,0.0,0.0,0.0,4,3
215.0,pa_3_rev,NEG_E1,4,3,1,0,easyBike_reverse1.0,NONE,39.0,NONE,20.0,25.0,0.0,3,3
215.0,pa_6,E5,5,3,2,0,"easyBike_forward3.1,easyBike_forward3.0",NONE,"55.0,128.0",NONE,50.0,40.0,0.0,3,3
215.0,pa_6_rev,NEG_E5,5,3,0,0,NONE,NONE,NONE,NONE,0.0,0.0,0.0,5,3
215.0,pa_7,E6,4,2,0,0,NONE,NONE,NONE,NONE,0.0,0.0,0.0,4,2
215.0,pa_7_rev,NEG_E6,4,2,0,0,NONE,NONE,NONE,NONE,0.0,0.0,0.0,4,2
215.0,pa_8,E7,5,3,0,0,NONE,NONE,NONE,NONE,0.0,0.0,0.0,5,3
215.0,pa_8_rev,NEG_E7,5,3,5,1,"easyBike_reverse2.1,easyBike_reverse3.0,easyBike_reverse3.1,easyBike_reverse2.0,easyBike_reverse4.1",easyBike_reverse4.0,"73.0,18.0,67.0,16.0,58.0",12.0,125.0,100.0,33.3,0,2
216.0,pa_2,E0,4,3,4,3,"easyBike_forward4.0,easyBike_forward2.0,easyBike_forward1.0,easyBike_forward1.1","easyBike_forward2.1,easyBike_forward4.1,easyBike_forward1.2","118.0,125.0,121.0,73.0","65.0,44.0,21.0",80.0,100.0,100.0,0,0
216.0,pa_2_rev,NEG_E0,4,3,0,0,NONE,NONE,NONE,NONE,0.0,0.0,0.0,4,3
216.0,pa_3,E1,4,3,0,0,NONE,NONE,NONE,NONE,0.0,0.0,0.0,4,3
216.0,pa_3_rev,NEG_E1,4,3,1,0,easyBike_reverse1.0,NONE,40.0,NONE,20.0,25.0,0.0,3,3
216.0,pa_6,E5,5,3,2,0,"easyBike_forward3.1,easyBike_forward3.0",NONE,"56.0,129.0",NONE,50.0,40.0,0.0,3,3
216.0,pa_6_rev,NEG_E5,5,3,0,0,NONE,NONE,NONE,NONE,0.0,0.0,0.0,5,3
216.0,pa_7,E6,4,2,0,0,NONE,NONE,NONE,NONE,0.0,0.0,0.0,4,2
216.0,pa_7_rev,NEG_E6,4,2,0,0,NONE,NONE,NONE,NONE,0.0,0.0,0.0,4,2
216.0,pa_8,E7,5,3,0,0,NONE,NONE,NONE,NONE,0.0,0.0,0.0,5,3
216.0,pa_8_rev,NEG_E7,5,3,5,1,"easyBike_reverse2.1,easyBike_reverse3.0,easyBike_reverse3.1,easyBike_reverse2.0,easyBike_reverse4.1",easyBike_reverse4.0,"74.0,19.0,68.0,17.0,59.0",13.0,125.0,100.0,33.3,0,2
217.0,pa_2,E0,4,3,4,3,"easyBike_forward4.0,easyBike_forward2.0,easyBike_forward1.0,easyBike_forward1.1","easyBike_forward2.1,easyBike_forward4.1,easyBike_forward1.2","119.0,126.0,122.0,74.0","66.0,45.0,22.0",80.0,100.0,100.0,0,0
217.0,pa_2_rev,NEG_E0,4,3,0,0,NONE,NONE,NONE,NONE,0.0,0.0,0.0,4,3
217.0,pa_3,E1,4,3,0,0,NONE,NONE,NONE,NONE,0.0,0.0,0.0,4,3
217.0,pa_3_rev,NEG_E1,4,3,1,0,easyBike_reverse1.0,NONE,41.0,NONE,20.0,25.0,0.0,3,3
217.0,pa_6,E5,5,3,2,0,"easyBike_forward3.1,easyBike_forward3.0",NONE,"57.0,130.0",NONE,50.0,40.0,0.0,3,3
217.0,pa_6_rev,NEG_E5,5,3,0,0,NONE,NONE,NONE,NONE,0.0,0.0,0.0,5,3
217.0,pa_7,E6,4,2,0,0,NONE,NONE,NONE,NONE,0.0,0.0,0.0,4,2
217.0,pa_7_rev,NEG_E6,4,2,0,0,NONE,NONE,NONE,NONE,0.0,0.0,0.0,4,2
217.0,pa_8,E7,5,3,0,0,NONE,NONE,NONE,NONE,0.0,0.0,0.0,5,3
217.0,pa_8_rev,NEG_E7,5,3,5,1,"easyBike_reverse2.1,easyBike_reverse3.0,easyBike_reverse3.1,easyBike_reverse2.0,easyBike_reverse4.1",easyBike_reverse4.0,"75.0,20.0,69.0,18.0,60.0",14.0,125.0,100.0,33.3,0,2
218.0,pa_2,E0,4,3,4,3,"easyBike_forward4.0,easyBike_forward2.0,easyBike_forward1.0,easyBike_forward1.1","easyBike_forward2.1,easyBike_forward4.1,easyBike_forward1.2","120.0,127.0,123.0,75.0","67.0,46.0,23.0",80.0,100.0,100.0,0,0
218.0,pa_2_rev,NEG_E0,4,3,0,0,NONE,NONE,NONE,NONE,0.0,0.0,0.0,4,3
218.0,pa_3,E1,4,3,0,0,NONE,NONE,NONE,NONE,0.0,0.0,0.0,4,3
218.0,pa_3_rev,NEG_E1,4,3,1,0,easyBike_reverse1.0,NONE,42.0,NONE,20.0,25.0,0.0,3,3
218.0,pa_6,E5,5,3,2,0,"easyBike_forward3.1,easyBike_forward3.0",NONE,"58.0,131.0",NONE,50.0,40.0,0.0,3,3
218.0,pa_6_rev,NEG_E5,5,3,0,0,NONE,NONE,NONE,NONE,0.0,0.0,0.0,5,3
218.0,pa_7,E6,4,2,0,0,NONE,NONE,NONE,NONE,0.0,0.0,0.0,4,2
218.0,pa_7_rev,NEG_E6,4,2,0,0,NONE,NONE,NONE,NONE,0.0,0.0,0.0,4,2
218.0,pa_8,E7,5,3,0,0,NONE,NONE,NONE,NONE,0.0,0.0,0.0,5,3
218.0,pa_8_rev,NEG_E7,5,3,5,1,"easyBike_reverse2.1,easyBike_reverse3.0,easyBike_reverse3.1,easyBike_reverse2.0,easyBike_reverse4.1",easyBike_reverse4.0,"76.0,21.0,70.0,19.0,61.0",15.0,125.0,100.0,33.3,0,2
219.0,pa_2,E0,4,3,4,3,"easyBike_forward4.0,easyBike_forward2.0,easyBike_forward1.0,easyBike_forward1.1","easyBike_forward2.1,easyBike_forward4.1,easyBike_forward1.2","121.0,128.0,124.0,76.0","68.0,47.0,24.0",80.0,100.0,100.0,0,0
219.0,pa_2_rev,NEG_E0,4,3,0,0,NONE,NONE,NONE,NONE,0.0,0.0,0.0,4,3
219.0,pa_3,E1,4,3,0,0,NONE,NONE,NONE,NONE,0.0,0.0,0.0,4,3
219.0,pa_3_rev,NEG_E1,4,3,1,0,easyBike_reverse1.0,NONE,43.0,NONE,20.0,25.0,0.0,3,3
219.0,pa_6,E5,5,3,2,0,"easyBike_forward3.1,easyBike_forward3.0",NONE,"59.0,132.0",NONE,50.0,40.0,0.0,3,3
219.0,pa_6_rev,NEG_E5,5,3,0,0,NONE,NONE,NONE,NONE,0.0,0.0,0.0,5,3
219.0,pa_7,E6,4,2,0,0,NONE,NONE,NONE,NONE,0.0,0.0,0.0,4,2
219.0,pa_7_rev,NEG_E6,4,2,0,0,NONE,NONE,NONE,NONE,0.0,0.0,0.0,4,2
219.0,pa_8,E7,5,3,0,0,NONE,NONE,NONE,NONE,0.0,0.0,0.0,5,3
219.0,pa_8_rev,NEG_E7,5,3,5,1,"easyBike_reverse2.1,easyBike_reverse3.0,easyBike_reverse3.1,easyBike_reverse2.0,easyBike_reverse4.1",easyBike_reverse4.0,"77.0,22.0,71.0,20.0,62.0",16.0,125.0,100.0,33.3,0,2
220.0,pa_2,E0,4,3,4,3,"easyBike_forward4.0,easyBike_forward2.0,easyBike_forward1.0,easyBike_forward1.1","easyBike_forward2.1,easyBike_forward4.1,easyBike_forward1.2","122.0,129.0,125.0,77.0","69.0,48.0,25.0",80.0,100.0,100.0,0,0
220.0,pa_2_rev,NEG_E0,4,3,0,0,NONE,NONE,NONE,NONE,0.0,0.0,0.0,4,3
220.0,pa_3,E1,4,3,0,0,NONE,NONE,NONE,NONE,0.0,0.0,0.0,4,3
220.0,pa_3_rev,NEG_E1,4,3,1,0,easyBike_reverse1.0,NONE,44.0,NONE,20.0,25.0,0.0,3,3
220.0,pa_6,E5,5,3,2,0,"easyBike_forward3.1,easyBike_forward3.0",NONE,"60.0,133.0",NONE,50.0,40.0,0.0,3,3
220.0,pa_6_rev,NEG_E5,5,3,0,0,NONE,NONE,NONE,NONE,0.0,0.0,0.0,5,3
220.0,pa_7,E6,4,2,0,0,NONE,NONE,NONE,NONE,0.0,0.0,0.0,4,2
220.0,pa_7_rev,NEG_E6,4,2,0,0,NONE,NONE,NONE,NONE,0.0,0.0,0.0,4,2
220.0,pa_8,E7,5,3,0,0,NONE,NONE,NONE,NONE,0.0,0.0,0.0,5,3
220.0,pa_8_rev,NEG_E7,5,3,5,1,"easyBike_reverse2.1,easyBike_reverse3.0,easyBike_reverse3.1,easyBike_reverse2.0,easyBike_reverse4.1",easyBike_reverse4.0,"78.0,23.0,72.0,21.0,63.0",17.0,125.0,100.0,33.3,0,2
221.0,pa_2,E0,4,3,4,3,"easyBike_forward4.0,easyBike_forward2.0,easyBike_forward1.0,easyBike_forward1.1","easyBike_forward2.1,easyBike_forward4.1,easyBike_forward1.2","123.0,130.0,126.0,78.0","70.0,49.0,26.0",80.0,100.0,100.0,0,0
221.0,pa_2_rev,NEG_E0,4,3,0,0,NONE,NONE,NONE,NONE,0.0,0.0,0.0,4,3
221.0,pa_3,E1,4,3,0,0,NONE,NONE,NONE,NONE,0.0,0.0,0.0,4,3
221.0,pa_3_rev,NEG_E1,4,3,1,0,easyBike_reverse1.0,NONE,45.0,NONE,20.0,25.0,0.0,3,3
221.0,pa_6,E5,5,3,2,0,"easyBike_forward3.1,easyBike_forward3.0",NONE,"61.0,134.0",NONE,50.0,40.0,0.0,3,3
221.0,pa_6_rev,NEG_E5,5,3,0,0,NONE,NONE,NONE,NONE,0.0,0.0,0.0,5,3
221.0,pa_7,E6,4,2,0,0,NONE,NONE,NONE,NONE,0.0,0.0,0.0,4,2
221.0,pa_7_rev,NEG_E6,4,2,0,0,NONE,NONE,NONE,NONE,0.0,0.0,0.0,4,2
221.0,pa_8,E7,5,3,0,0,NONE,NONE,NONE,NONE,0.0,0.0,0.0,5,3
221.0,pa_8_rev,NEG_E7,5,3,5,1,"easyBike_reverse2.1,easyBike_reverse3.0,easyBike_reverse3.1,easyBike_reverse2.0,easyBike_reverse4.1",easyBike_reverse4.0,"79.0,24.0,73.0,22.0,64.0",18.0,125.0,100.0,33.3,0,2
222.0,pa_2,E0,4,3,4,3,"easyBike_forward4.0,easyBike_forward2.0,easyBike_forward1.0,easyBike_forward1.1","easyBike_forward2.1,easyBike_forward4.1,easyBike_forward1.2","124.0,131.0,127.0,79.0","71.0,50.0,27.0",80.0,100.0,100.0,0,0
222.0,pa_2_rev,NEG_E0,4,3,0,0,NONE,NONE,NONE,NONE,0.0,0.0,0.0,4,3
222.0,pa_3,E1,4,3,0,0,NONE,NONE,NONE,NONE,0.0,0.0,0.0,4,3
222.0,pa_3_rev,NEG_E1,4,3,1,0,easyBike_reverse1.0,NONE,46.0,NONE,20.0,25.0,0.0,3,3
222.0,pa_6,E5,5,3,2,0,"easyBike_forward3.1,easyBike_forward3.0",NONE,"62.0,135.0",NONE,50.0,40.0,0.0,3,3
222.0,pa_6_rev,NEG_E5,5,3,0,0,NONE,NONE,NONE,NONE,0.0,0.0,0.0,5,3
222.0,pa_7,E6,4,2,0,0,NONE,NONE,NONE,NONE,0.0,0.0,0.0,4,2
222.0,pa_7_rev,NEG_E6,4,2,0,0,NONE,NONE,NONE,NONE,0.0,0.0,0.0,4,2
222.0,pa_8,E7,5,3,0,0,NONE,NONE,NONE,NONE,0.0,0.0,0.0,5,3
222.0,pa_8_rev,NEG_E7,5,3,5,1,"easyBike_reverse2.1,easyBike_reverse3.0,easyBike_reverse3.1,easyBike_reverse2.0,easyBike_reverse4.1",easyBike_reverse4.0,"80.0,25.0,74.0,23.0,65.0",19.0,125.0,100.0,33.3,0,2
223.0,pa_2,E0,4,3,4,3,"easyBike_forward4.0,easyBike_forward2.0,easyBike_forward1.0,easyBike_forward1.1","easyBike_forward2.1,easyBike_forward4.1,easyBike_forward1.2","125.0,132.0,128.0,80.0","72.0,51.0,28.0",80.0,100.0,100.0,0,0
223.0,pa_2_rev,NEG_E0,4,3,0,0,NONE,NONE,NONE,NONE,0.0,0.0,0.0,4,3
223.0,pa_3,E1,4,3,0,0,NONE,NONE,NONE,NONE,0.0,0.0,0.0,4,3
223.0,pa_3_rev,NEG_E1,4,3,1,0,easyBike_reverse1.0,NONE,47.0,NONE,20.0,25.0,0.0,3,3
223.0,pa_6,E5,5,3,2,0,"easyBike_forward3.1,easyBike_forward3.0",NONE,"63.0,136.0",NONE,50.0,40.0,0.0,3,3
223.0,pa_6_rev,NEG_E5,5,3,0,0,NONE,NONE,NONE,NONE,0.0,0.0,0.0,5,3
223.0,pa_7,E6,4,2,0,0,NONE,NONE,NONE,NONE,0.0,0.0,0.0,4,2
223.0,pa_7_rev,NEG_E6,4,2,0,0,NONE,NONE,NONE,NONE,0.0,0.0,0.0,4,2
223.0,pa_8,E7,5,3,0,0,NONE,NONE,NONE,NONE,0.0,0.0,0.0,5,3
223.0,pa_8_rev,NEG_E7,5,3,5,1,"easyBike_reverse2.1,easyBike_reverse3.0,easyBike_reverse3.1,easyBike_reverse2.0,easyBike_reverse4.1",easyBike_reverse4.0,"81.0,26.0,75.0,24.0,66.0",20.0,125.0,100.0,33.3,0,2
224.0,pa_2,E0,4,3,4,3,"easyBike_forward4.0,easyBike_forward2.0,easyBike_forward1.0,easyBike_forward1.1","easyBike_forward2.1,easyBike_forward4.1,easyBike_forward1.2","126.0,133.0,129.0,81.0","73.0,52.0,29.0",80.0,100.0,100.0,0,0
224.0,pa_2_rev,NEG_E0,4,3,0,0,NONE,NONE,NONE,NONE,0.0,0.0,0.0,4,3
224.0,pa_3,E1,4,3,0,0,NONE,NONE,NONE,NONE,0.0,0.0,0.0,4,3
224.0,pa_3_rev,NEG_E1,4,3,1,0,easyBike_reverse1.0,NONE,48.0,NONE,20.0,25.0,0.0,3,3
224.0,pa_6,E5,5,3,2,0,"easyBike_forward3.1,easyBike_forward3.0",NONE,"64.0,137.0",NONE,50.0,40.0,0.0,3,3
224.0,pa_6_rev,NEG_E5,5,3,0,0,NONE,NONE,NONE,NONE,0.0,0.0,0.0,5,3
224.0,pa_7,E6,4,2,0,0,NONE,NONE,NONE,NONE,0.0,0.0,0.0,4,2
224.0,pa_7_rev,NEG_E6,4,2,0,0,NONE,NONE,NONE,NONE,0.0,0.0,0.0,4,2
224.0,pa_8,E7,5,3,0,0,NONE,NONE,NONE,NONE,0.0,0.0,0.0,5,3
224.0,pa_8_rev,NEG_E7,5,3,5,1,"easyBike_reverse2.1,easyBike_reverse3.0,easyBike_reverse3.1,easyBike_reverse2.0,easyBike_reverse4.1",easyBike_reverse4.0,"82.0,27.0,76.0,25.0,67.0",21.0,125.0,100.0,33.3,0,2
225.0,pa_2,E0,4,3,4,3,"easyBike_forward4.0,easyBike_forward2.0,easyBike_forward1.0,easyBike_forward1.1","easyBike_forward2.1,easyBike_forward4.1,easyBike_forward1.2","127.0,134.0,130.0,82.0","74.0,53.0,30.0",80.0,100.0,100.0,0,0
225.0,pa_2_rev,NEG_E0,4,3,0,0,NONE,NONE,NONE,NONE,0.0,0.0,0.0,4,3
225.0,pa_3,E1,4,3,0,0,NONE,NONE,NONE,NONE,0.0,0.0,0.0,4,3
225.0,pa_3_rev,NEG_E1,4,3,1,0,easyBike_reverse1.0,NONE,49.0,NONE,20.0,25.0,0.0,3,3
225.0,pa_6,E5,5,3,2,0,"easyBike_forward3.1,easyBike_forward3.0",NONE,"65.0,138.0",NONE,50.0,40.0,0.0,3,3
225.0,pa_6_rev,NEG_E5,5,3,0,0,NONE,NONE,NONE,NONE,0.0,0.0,0.0,5,3
225.0,pa_7,E6,4,2,0,0,NONE,NONE,NONE,NONE,0.0,0.0,0.0,4,2
225.0,pa_7_rev,NEG_E6,4,2,0,0,NONE,NONE,NONE,NONE,0.0,0.0,0.0,4,2
225.0,pa_8,E7,5,3,0,0,NONE,NONE,NONE,NONE,0.0,0.0,0.0,5,3
225.0,pa_8_rev,NEG_E7,5,3,5,1,"easyBike_reverse2.1,easyBike_reverse3.0,easyBike_reverse3.1,easyBike_reverse2.0,easyBike_reverse4.1",easyBike_reverse4.0,"83.0,28.0,77.0,26.0,68.0",22.0,125.0,100.0,33.3,0,2
226.0,pa_2,E0,4,3,4,3,"easyBike_forward4.0,easyBike_forward2.0,easyBike_forward1.0,easyBike_forward1.1","easyBike_forward2.1,easyBike_forward4.1,easyBike_forward1.2","128.0,135.0,131.0,83.0","75.0,54.0,31.0",80.0,100.0,100.0,0,0
226.0,pa_2_rev,NEG_E0,4,3,0,0,NONE,NONE,NONE,NONE,0.0,0.0,0.0,4,3
226.0,pa_3,E1,4,3,0,0,NONE,NONE,NONE,NONE,0.0,0.0,0.0,4,3
226.0,pa_3_rev,NEG_E1,4,3,1,0,easyBike_reverse1.0,NONE,50.0,NONE,20.0,25.0,0.0,3,3
226.0,pa_6,E5,5,3,2,0,"easyBike_forward3.1,easyBike_forward3.0",NONE,"66.0,139.0",NONE,50.0,40.0,0.0,3,3
226.0,pa_6_rev,NEG_E5,5,3,0,0,NONE,NONE,NONE,NONE,0.0,0.0,0.0,5,3
226.0,pa_7,E6,4,2,0,0,NONE,NONE,NONE,NONE,0.0,0.0,0.0,4,2
226.0,pa_7_rev,NEG_E6,4,2,0,0,NONE,NONE,NONE,NONE,0.0,0.0,0.0,4,2
226.0,pa_8,E7,5,3,0,0,NONE,NONE,NONE,NONE,0.0,0.0,0.0,5,3
226.0,pa_8_rev,NEG_E7,5,3,5,1,"easyBike_reverse2.1,easyBike_reverse3.0,easyBike_reverse3.1,easyBike_reverse2.0,easyBike_reverse4.1",easyBike_reverse4.0,"84.0,29.0,78.0,27.0,69.0",23.0,125.0,100.0,33.3,0,2
227.0,pa_2,E0,4,3,4,3,"easyBike_forward4.0,easyBike_forward2.0,easyBike_forward1.0,easyBike_forward1.1","easyBike_forward2.1,easyBike_forward4.1,easyBike_forward1.2","129.0,136.0,132.0,84.0","76.0,55.0,32.0",80.0,100.0,100.0,0,0
227.0,pa_2_rev,NEG_E0,4,3,0,0,NONE,NONE,NONE,NONE,0.0,0.0,0.0,4,3
227.0,pa_3,E1,4,3,0,0,NONE,NONE,NONE,NONE,0.0,0.0,0.0,4,3
227.0,pa_3_rev,NEG_E1,4,3,1,0,easyBike_reverse1.0,NONE,51.0,NONE,20.0,25.0,0.0,3,3
227.0,pa_6,E5,5,3,2,0,"easyBike_forward3.1,easyBike_forward3.0",NONE,"67.0,140.0",NONE,50.0,40.0,0.0,3,3
227.0,pa_6_rev,NEG_E5,5,3,0,0,NONE,NONE,NONE,NONE,0.0,0.0,0.0,5,3
227.0,pa_7,E6,4,2,0,0,NONE,NONE,NONE,NONE,0.0,0.0,0.0,4,2
227.0,pa_7_rev,NEG_E6,4,2,0,0,NONE,NONE,NONE,NONE,0.0,0.0,0.0,4,2
227.0,pa_8,E7,5,3,0,0,NONE,NONE,NONE,NONE,0.0,0.0,0.0,5,3
227.0,pa_8_rev,NEG_E7,5,3,5,1,"easyBike_reverse2.1,easyBike_reverse3.0,easyBike_reverse3.1,easyBike_reverse2.0,easyBike_reverse4.1",easyBike_reverse4.0,"85.0,30.0,79.0,28.0,70.0",24.0,125.0,100.0,33.3,0,2
228.0,pa_2,E0,4,3,4,3,"easyBike_forward4.0,easyBike_forward2.0,easyBike_forward1.0,easyBike_forward1.1","easyBike_forward2.1,easyBike_forward4.1,easyBike_forward1.2","130.0,137.0,133.0,85.0","77.0,56.0,33.0",80.0,100.0,100.0,0,0
228.0,pa_2_rev,NEG_E0,4,3,0,0,NONE,NONE,NONE,NONE,0.0,0.0,0.0,4,3
228.0,pa_3,E1,4,3,0,0,NONE,NONE,NONE,NONE,0.0,0.0,0.0,4,3
228.0,pa_3_rev,NEG_E1,4,3,1,0,easyBike_reverse1.0,NONE,52.0,NONE,20.0,25.0,0.0,3,3
228.0,pa_6,E5,5,3,2,0,"easyBike_forward3.1,easyBike_forward3.0",NONE,"68.0,141.0",NONE,50.0,40.0,0.0,3,3
228.0,pa_6_rev,NEG_E5,5,3,0,0,NONE,NONE,NONE,NONE,0.0,0.0,0.0,5,3
228.0,pa_7,E6,4,2,0,0,NONE,NONE,NONE,NONE,0.0,0.0,0.0,4,2
228.0,pa_7_rev,NEG_E6,4,2,0,0,NONE,NONE,NONE,NONE,0.0,0.0,0.0,4,2
228.0,pa_8,E7,5,3,0,0,NONE,NONE,NONE,NONE,0.0,0.0,0.0,5,3
228.0,pa_8_rev,NEG_E7,5,3,5,1,"easyBike_reverse2.1,easyBike_reverse3.0,easyBike_reverse3.1,easyBike_reverse2.0,easyBike_reverse4.1",easyBike_reverse4.0,"86.0,31.0,80.0,29.0,71.0",25.0,125.0,100.0,33.3,0,2
229.0,pa_2,E0,4,3,4,3,"easyBike_forward4.0,easyBike_forward2.0,easyBike_forward1.0,easyBike_forward1.1","easyBike_forward2.1,easyBike_forward4.1,easyBike_forward1.2","131.0,138.0,134.0,86.0","78.0,57.0,34.0",80.0,100.0,100.0,0,0
229.0,pa_2_rev,NEG_E0,4,3,0,0,NONE,NONE,NONE,NONE,0.0,0.0,0.0,4,3
229.0,pa_3,E1,4,3,0,0,NONE,NONE,NONE,NONE,0.0,0.0,0.0,4,3
229.0,pa_3_rev,NEG_E1,4,3,1,0,easyBike_reverse1.0,NONE,53.0,NONE,20.0,25.0,0.0,3,3
229.0,pa_6,E5,5,3,2,0,"easyBike_forward3.1,easyBike_forward3.0",NONE,"69.0,142.0",NONE,50.0,40.0,0.0,3,3
229.0,pa_6_rev,NEG_E5,5,3,0,0,NONE,NONE,NONE,NONE,0.0,0.0,0.0,5,3
229.0,pa_7,E6,4,2,0,0,NONE,NONE,NONE,NONE,0.0,0.0,0.0,4,2
229.0,pa_7_rev,NEG_E6,4,2,0,0,NONE,NONE,NONE,NONE,0.0,0.0,0.0,4,2
229.0,pa_8,E7,5,3,0,0,NONE,NONE,NONE,NONE,0.0,0.0,0.0,5,3
229.0,pa_8_rev,NEG_E7,5,3,5,1,"easyBike_reverse2.1,easyBike_reverse3.0,easyBike_reverse3.1,easyBike_reverse2.0,easyBike_reverse4.1",easyBike_reverse4.0,"87.0,32.0,81.0,30.0,72.0",26.0,125.0,100.0,33.3,0,2
230.0,pa_2,E0,4,3,4,3,"easyBike_forward4.0,easyBike_forward2.0,easyBike_forward1.0,easyBike_forward1.1","easyBike_forward2.1,easyBike_forward4.1,easyBike_forward1.2","132.0,139.0,135.0,87.0","79.0,58.0,35.0",80.0,100.0,100.0,0,0
230.0,pa_2_rev,NEG_E0,4,3,0,0,NONE,NONE,NONE,NONE,0.0,0.0,0.0,4,3
230.0,pa_3,E1,4,3,0,0,NONE,NONE,NONE,NONE,0.0,0.0,0.0,4,3
230.0,pa_3_rev,NEG_E1,4,3,1,0,easyBike_reverse1.0,NONE,54.0,NONE,20.0,25.0,0.0,3,3
230.0,pa_6,E5,5,3,2,0,"easyBike_forward3.1,easyBike_forward3.0",NONE,"70.0,143.0",NONE,50.0,40.0,0.0,3,3
230.0,pa_6_rev,NEG_E5,5,3,0,0,NONE,NONE,NONE,NONE,0.0,0.0,0.0,5,3
230.0,pa_7,E6,4,2,0,0,NONE,NONE,NONE,NONE,0.0,0.0,0.0,4,2
230.0,pa_7_rev,NEG_E6,4,2,0,0,NONE,NONE,NONE,NONE,0.0,0.0,0.0,4,2
230.0,pa_8,E7,5,3,0,0,NONE,NONE,NONE,NONE,0.0,0.0,0.0,5,3
230.0,pa_8_rev,NEG_E7,5,3,5,1,"easyBike_reverse2.1,easyBike_reverse3.0,easyBike_reverse3.1,easyBike_reverse2.0,easyBike_reverse4.1",easyBike_reverse4.0,"88.0,33.0,82.0,31.0,73.0",27.0,125.0,100.0,33.3,0,2
231.0,pa_2,E0,4,3,4,3,"easyBike_forward4.0,easyBike_forward2.0,easyBike_forward1.0,easyBike_forward1.1","easyBike_forward2.1,easyBike_forward4.1,easyBike_forward1.2","133.0,140.0,136.0,88.0","80.0,59.0,36.0",80.0,100.0,100.0,0,0
231.0,pa_2_rev,NEG_E0,4,3,0,0,NONE,NONE,NONE,NONE,0.0,0.0,0.0,4,3
231.0,pa_3,E1,4,3,0,0,NONE,NONE,NONE,NONE,0.0,0.0,0.0,4,3
231.0,pa_3_rev,NEG_E1,4,3,1,0,easyBike_reverse1.0,NONE,55.0,NONE,20.0,25.0,0.0,3,3
231.0,pa_6,E5,5,3,2,0,"easyBike_forward3.1,easyBike_forward3.0",NONE,"71.0,144.0",NONE,50.0,40.0,0.0,3,3
231.0,pa_6_rev,NEG_E5,5,3,0,0,NONE,NONE,NONE,NONE,0.0,0.0,0.0,5,3
231.0,pa_7,E6,4,2,0,0,NONE,NONE,NONE,NONE,0.0,0.0,0.0,4,2
231.0,pa_7_rev,NEG_E6,4,2,0,0,NONE,NONE,NONE,NONE,0.0,0.0,0.0,4,2
231.0,pa_8,E7,5,3,0,0,NONE,NONE,NONE,NONE,0.0,0.0,0.0,5,3
231.0,pa_8_rev,NEG_E7,5,3,5,1,"easyBike_reverse2.1,easyBike_reverse3.0,easyBike_reverse3.1,easyBike_reverse2.0,easyBike_reverse4.1",easyBike_reverse4.0,"89.0,34.0,83.0,32.0,74.0",28.0,125.0,100.0,33.3,0,2
232.0,pa_2,E0,4,3,4,3,"easyBike_forward4.0,easyBike_forward2.0,easyBike_forward1.0,easyBike_forward1.1","easyBike_forward2.1,easyBike_forward4.1,easyBike_forward1.2","134.0,141.0,137.0,89.0","81.0,60.0,37.0",80.0,100.0,100.0,0,0
232.0,pa_2_rev,NEG_E0,4,3,0,0,NONE,NONE,NONE,NONE,0.0,0.0,0.0,4,3
232.0,pa_3,E1,4,3,0,0,NONE,NONE,NONE,NONE,0.0,0.0,0.0,4,3
232.0,pa_3_rev,NEG_E1,4,3,1,0,easyBike_reverse1.0,NONE,56.0,NONE,20.0,25.0,0.0,3,3
232.0,pa_6,E5,5,3,3,0,"easyBike_forward3.1,easyBike_forward3.2,easyBike_forward3.0",NONE,"72.0,0.0,145.0",NONE,75.0,60.0,0.0,2,3
232.0,pa_6_rev,NEG_E5,5,3,0,0,NONE,NONE,NONE,NONE,0.0,0.0,0.0,5,3
232.0,pa_7,E6,4,2,0,0,NONE,NONE,NONE,NONE,0.0,0.0,0.0,4,2
232.0,pa_7_rev,NEG_E6,4,2,0,0,NONE,NONE,NONE,NONE,0.0,0.0,0.0,4,2
232.0,pa_8,E7,5,3,0,0,NONE,NONE,NONE,NONE,0.0,0.0,0.0,5,3
232.0,pa_8_rev,NEG_E7,5,3,5,2,"easyBike_reverse2.1,easyBike_reverse3.0,easyBike_reverse3.1,easyBike_reverse2.0,easyBike_reverse4.1","easyBike_reverse4.0,easyBike_reverse2.3","90.0,35.0,84.0,33.0,75.0","29.0,0.0",125.0,100.0,66.7,0,1
233.0,pa_2,E0,4,3,4,3,"easyBike_forward4.0,easyBike_forward2.0,easyBike_forward1.0,easyBike_forward1.1","easyBike_forward2.1,easyBike_forward4.1,easyBike_forward1.2","135.0,142.0,138.0,90.0","82.0,61.0,38.0",80.0,100.0,100.0,0,0
233.0,pa_2_rev,NEG_E0,4,3,0,0,NONE,NONE,NONE,NONE,0.0,0.0,0.0,4,3
233.0,pa_3,E1,4,3,0,0,NONE,NONE,NONE,NONE,0.0,0.0,0.0,4,3
233.0,pa_3_rev,NEG_E1,4,3,1,0,easyBike_reverse1.0,NONE,57.0,NONE,20.0,25.0,0.0,3,3
233.0,pa_6,E5,5,3,3,0,"easyBike_forward3.1,easyBike_forward3.2,easyBike_forward3.0",NONE,"73.0,1.0,146.0",NONE,75.0,60.0,0.0,2,3
233.0,pa_6_rev,NEG_E5,5,3,0,0,NONE,NONE,NONE,NONE,0.0,0.0,0.0,5,3
233.0,pa_7,E6,4,2,0,0,NONE,NONE,NONE,NONE,0.0,0.0,0.0,4,2
233.0,pa_7_rev,NEG_E6,4,2,0,0,NONE,NONE,NONE,NONE,0.0,0.0,0.0,4,2
233.0,pa_8,E7,5,3,0,0,NONE,NONE,NONE,NONE,0.0,0.0,0.0,5,3
233.0,pa_8_rev,NEG_E7,5,3,5,2,"easyBike_reverse2.1,easyBike_reverse3.0,easyBike_reverse3.1,easyBike_reverse2.0,easyBike_reverse4.1","easyBike_reverse4.0,easyBike_reverse2.3","91.0,36.0,85.0,34.0,76.0","30.0,1.0",125.0,100.0,66.7,0,1
234.0,pa_2,E0,4,3,4,3,"easyBike_forward4.0,easyBike_forward2.0,easyBike_forward1.0,easyBike_forward1.1","easyBike_forward2.1,easyBike_forward4.1,easyBike_forward1.2","136.0,143.0,139.0,91.0","83.0,62.0,39.0",80.0,100.0,100.0,0,0
234.0,pa_2_rev,NEG_E0,4,3,0,0,NONE,NONE,NONE,NONE,0.0,0.0,0.0,4,3
234.0,pa_3,E1,4,3,0,0,NONE,NONE,NONE,NONE,0.0,0.0,0.0,4,3
234.0,pa_3_rev,NEG_E1,4,3,1,0,easyBike_reverse1.0,NONE,58.0,NONE,20.0,25.0,0.0,3,3
234.0,pa_6,E5,5,3,3,0,"easyBike_forward3.1,easyBike_forward3.2,easyBike_forward3.0",NONE,"74.0,2.0,147.0",NONE,75.0,60.0,0.0,2,3
234.0,pa_6_rev,NEG_E5,5,3,0,0,NONE,NONE,NONE,NONE,0.0,0.0,0.0,5,3
234.0,pa_7,E6,4,2,0,0,NONE,NONE,NONE,NONE,0.0,0.0,0.0,4,2
234.0,pa_7_rev,NEG_E6,4,2,0,0,NONE,NONE,NONE,NONE,0.0,0.0,0.0,4,2
234.0,pa_8,E7,5,3,0,0,NONE,NONE,NONE,NONE,0.0,0.0,0.0,5,3
234.0,pa_8_rev,NEG_E7,5,3,5,2,"easyBike_reverse2.1,easyBike_reverse3.0,easyBike_reverse3.1,easyBike_reverse2.0,easyBike_reverse4.1","easyBike_reverse4.0,easyBike_reverse2.3","92.0,37.0,86.0,35.0,77.0","31.0,2.0",125.0,100.0,66.7,0,1
235.0,pa_2,E0,4,3,4,3,"easyBike_forward4.0,easyBike_forward2.0,easyBike_forward1.0,easyBike_forward1.1","easyBike_forward2.1,easyBike_forward4.1,easyBike_forward1.2","137.0,144.0,140.0,92.0","84.0,63.0,40.0",80.0,100.0,100.0,0,0
235.0,pa_2_rev,NEG_E0,4,3,0,0,NONE,NONE,NONE,NONE,0.0,0.0,0.0,4,3
235.0,pa_3,E1,4,3,0,0,NONE,NONE,NONE,NONE,0.0,0.0,0.0,4,3
235.0,pa_3_rev,NEG_E1,4,3,1,0,easyBike_reverse1.0,NONE,59.0,NONE,20.0,25.0,0.0,3,3
235.0,pa_6,E5,5,3,3,0,"easyBike_forward3.1,easyBike_forward3.2,easyBike_forward3.0",NONE,"75.0,3.0,148.0",NONE,75.0,60.0,0.0,2,3
235.0,pa_6_rev,NEG_E5,5,3,0,0,NONE,NONE,NONE,NONE,0.0,0.0,0.0,5,3
235.0,pa_7,E6,4,2,0,0,NONE,NONE,NONE,NONE,0.0,0.0,0.0,4,2
235.0,pa_7_rev,NEG_E6,4,2,0,0,NONE,NONE,NONE,NONE,0.0,0.0,0.0,4,2
235.0,pa_8,E7,5,3,0,0,NONE,NONE,NONE,NONE,0.0,0.0,0.0,5,3
235.0,pa_8_rev,NEG_E7,5,3,5,2,"easyBike_reverse2.1,easyBike_reverse3.0,easyBike_reverse3.1,easyBike_reverse2.0,easyBike_reverse4.1","easyBike_reverse4.0,easyBike_reverse2.3","93.0,38.0,87.0,36.0,78.0","32.0,3.0",125.0,100.0,66.7,0,1
236.0,pa_2,E0,4,3,4,3,"easyBike_forward4.0,easyBike_forward2.0,easyBike_forward1.0,easyBike_forward1.1","easyBike_forward2.1,easyBike_forward4.1,easyBike_forward1.2","138.0,145.0,141.0,93.0","85.0,64.0,41.0",80.0,100.0,100.0,0,0
236.0,pa_2_rev,NEG_E0,4,3,0,0,NONE,NONE,NONE,NONE,0.0,0.0,0.0,4,3
236.0,pa_3,E1,4,3,0,0,NONE,NONE,NONE,NONE,0.0,0.0,0.0,4,3
236.0,pa_3_rev,NEG_E1,4,3,1,0,easyBike_reverse1.0,NONE,60.0,NONE,20.0,25.0,0.0,3,3
236.0,pa_6,E5,5,3,3,0,"easyBike_forward3.1,easyBike_forward3.2,easyBike_forward3.0",NONE,"76.0,4.0,149.0",NONE,75.0,60.0,0.0,2,3
236.0,pa_6_rev,NEG_E5,5,3,0,0,NONE,NONE,NONE,NONE,0.0,0.0,0.0,5,3
236.0,pa_7,E6,4,2,0,0,NONE,NONE,NONE,NONE,0.0,0.0,0.0,4,2
236.0,pa_7_rev,NEG_E6,4,2,0,0,NONE,NONE,NONE,NONE,0.0,0.0,0.0,4,2
236.0,pa_8,E7,5,3,0,0,NONE,NONE,NONE,NONE,0.0,0.0,0.0,5,3
236.0,pa_8_rev,NEG_E7,5,3,5,2,"easyBike_reverse2.1,easyBike_reverse3.0,easyBike_reverse3.1,easyBike_reverse2.0,easyBike_reverse4.1","easyBike_reverse4.0,easyBike_reverse2.3","94.0,39.0,88.0,37.0,79.0","33.0,4.0",125.0,100.0,66.7,0,1
237.0,pa_2,E0,4,3,4,3,"easyBike_forward4.0,easyBike_forward2.0,easyBike_forward1.0,easyBike_forward1.1","easyBike_forward2.1,easyBike_forward4.1,easyBike_forward1.2","139.0,146.0,142.0,94.0","86.0,65.0,42.0",80.0,100.0,100.0,0,0
237.0,pa_2_rev,NEG_E0,4,3,0,0,NONE,NONE,NONE,NONE,0.0,0.0,0.0,4,3
237.0,pa_3,E1,4,3,0,0,NONE,NONE,NONE,NONE,0.0,0.0,0.0,4,3
237.0,pa_3_rev,NEG_E1,4,3,1,0,easyBike_reverse1.0,NONE,61.0,NONE,20.0,25.0,0.0,3,3
237.0,pa_6,E5,5,3,3,0,"easyBike_forward3.1,easyBike_forward3.2,easyBike_forward3.0",NONE,"77.0,5.0,150.0",NONE,75.0,60.0,0.0,2,3
237.0,pa_6_rev,NEG_E5,5,3,0,0,NONE,NONE,NONE,NONE,0.0,0.0,0.0,5,3
237.0,pa_7,E6,4,2,0,0,NONE,NONE,NONE,NONE,0.0,0.0,0.0,4,2
237.0,pa_7_rev,NEG_E6,4,2,0,0,NONE,NONE,NONE,NONE,0.0,0.0,0.0,4,2
237.0,pa_8,E7,5,3,0,0,NONE,NONE,NONE,NONE,0.0,0.0,0.0,5,3
237.0,pa_8_rev,NEG_E7,5,3,5,2,"easyBike_reverse2.1,easyBike_reverse3.0,easyBike_reverse3.1,easyBike_reverse2.0,easyBike_reverse4.1","easyBike_reverse4.0,easyBike_reverse2.3","95.0,40.0,89.0,38.0,80.0","34.0,5.0",125.0,100.0,66.7,0,1
238.0,pa_2,E0,4,3,4,3,"easyBike_forward4.0,easyBike_forward2.0,easyBike_forward1.0,easyBike_forward1.1","easyBike_forward2.1,easyBike_forward4.1,easyBike_forward1.2","140.0,147.0,143.0,95.0","87.0,66.0,43.0",80.0,100.0,100.0,0,0
238.0,pa_2_rev,NEG_E0,4,3,0,0,NONE,NONE,NONE,NONE,0.0,0.0,0.0,4,3
238.0,pa_3,E1,4,3,0,0,NONE,NONE,NONE,NONE,0.0,0.0,0.0,4,3
238.0,pa_3_rev,NEG_E1,4,3,1,0,easyBike_reverse1.0,NONE,62.0,NONE,20.0,25.0,0.0,3,3
238.0,pa_6,E5,5,3,3,0,"easyBike_forward3.1,easyBike_forward3.2,easyBike_forward3.0",NONE,"78.0,6.0,151.0",NONE,75.0,60.0,0.0,2,3
238.0,pa_6_rev,NEG_E5,5,3,0,0,NONE,NONE,NONE,NONE,0.0,0.0,0.0,5,3
238.0,pa_7,E6,4,2,0,0,NONE,NONE,NONE,NONE,0.0,0.0,0.0,4,2
238.0,pa_7_rev,NEG_E6,4,2,0,0,NONE,NONE,NONE,NONE,0.0,0.0,0.0,4,2
238.0,pa_8,E7,5,3,0,0,NONE,NONE,NONE,NONE,0.0,0.0,0.0,5,3
238.0,pa_8_rev,NEG_E7,5,3,5,2,"easyBike_reverse2.1,easyBike_reverse3.0,easyBike_reverse3.1,easyBike_reverse2.0,easyBike_reverse4.1","easyBike_reverse4.0,easyBike_reverse2.3","96.0,41.0,90.0,39.0,81.0","35.0,6.0",125.0,100.0,66.7,0,1
239.0,pa_2,E0,4,3,4,3,"easyBike_forward4.0,easyBike_forward2.0,easyBike_forward1.0,easyBike_forward1.1","easyBike_forward2.1,easyBike_forward4.1,easyBike_forward1.2","141.0,148.0,144.0,96.0","88.0,67.0,44.0",80.0,100.0,100.0,0,0
239.0,pa_2_rev,NEG_E0,4,3,0,0,NONE,NONE,NONE,NONE,0.0,0.0,0.0,4,3
239.0,pa_3,E1,4,3,0,0,NONE,NONE,NONE,NONE,0.0,0.0,0.0,4,3
239.0,pa_3_rev,NEG_E1,4,3,1,0,easyBike_reverse1.0,NONE,63.0,NONE,20.0,25.0,0.0,3,3
239.0,pa_6,E5,5,3,3,0,"easyBike_forward3.1,easyBike_forward3.2,easyBike_forward3.0",NONE,"79.0,7.0,152.0",NONE,75.0,60.0,0.0,2,3
239.0,pa_6_rev,NEG_E5,5,3,0,0,NONE,NONE,NONE,NONE,0.0,0.0,0.0,5,3
239.0,pa_7,E6,4,2,0,0,NONE,NONE,NONE,NONE,0.0,0.0,0.0,4,2
239.0,pa_7_rev,NEG_E6,4,2,0,0,NONE,NONE,NONE,NONE,0.0,0.0,0.0,4,2
239.0,pa_8,E7,5,3,0,0,NONE,NONE,NONE,NONE,0.0,0.0,0.0,5,3
239.0,pa_8_rev,NEG_E7,5,3,5,2,"easyBike_reverse2.1,easyBike_reverse3.0,easyBike_reverse3.1,easyBike_reverse2.0,easyBike_reverse4.1","easyBike_reverse4.0,easyBike_reverse2.3","97.0,42.0,91.0,40.0,82.0","36.0,7.0",125.0,100.0,66.7,0,1
240.0,pa_2,E0,4,3,4,3,"easyBike_forward4.0,easyBike_forward2.0,easyBike_forward1.0,easyBike_forward1.1","easyBike_forward2.1,easyBike_forward4.1,easyBike_forward1.2","142.0,149.0,145.0,97.0","89.0,68.0,45.0",80.0,100.0,100.0,0,0
240.0,pa_2_rev,NEG_E0,4,3,0,0,NONE,NONE,NONE,NONE,0.0,0.0,0.0,4,3
240.0,pa_3,E1,4,3,0,0,NONE,NONE,NONE,NONE,0.0,0.0,0.0,4,3
240.0,pa_3_rev,NEG_E1,4,3,1,0,easyBike_reverse1.0,NONE,64.0,NONE,20.0,25.0,0.0,3,3
240.0,pa_6,E5,5,3,3,0,"easyBike_forward3.1,easyBike_forward3.2,easyBike_forward3.0",NONE,"80.0,8.0,153.0",NONE,75.0,60.0,0.0,2,3
240.0,pa_6_rev,NEG_E5,5,3,0,0,NONE,NONE,NONE,NONE,0.0,0.0,0.0,5,3
240.0,pa_7,E6,4,2,0,0,NONE,NONE,NONE,NONE,0.0,0.0,0.0,4,2
240.0,pa_7_rev,NEG_E6,4,2,0,0,NONE,NONE,NONE,NONE,0.0,0.0,0.0,4,2
240.0,pa_8,E7,5,3,0,0,NONE,NONE,NONE,NONE,0.0,0.0,0.0,5,3
240.0,pa_8_rev,NEG_E7,5,3,5,2,"easyBike_reverse2.1,easyBike_reverse3.0,easyBike_reverse3.1,easyBike_reverse2.0,easyBike_reverse4.1","easyBike_reverse4.0,easyBike_reverse2.3","98.0,43.0,92.0,41.0,83.0","37.0,8.0",125.0,100.0,66.7,0,1
241.0,pa_2,E0,4,3,4,3,"easyBike_forward4.0,easyBike_forward2.0,easyBike_forward1.0,easyBike_forward1.1","easyBike_forward2.1,easyBike_forward4.1,easyBike_forward1.2","143.0,150.0,146.0,98.0","90.0,69.0,46.0",80.0,100.0,100.0,0,0
241.0,pa_2_rev,NEG_E0,4,3,0,0,NONE,NONE,NONE,NONE,0.0,0.0,0.0,4,3
241.0,pa_3,E1,4,3,0,0,NONE,NONE,NONE,NONE,0.0,0.0,0.0,4,3
241.0,pa_3_rev,NEG_E1,4,3,1,0,easyBike_reverse1.0,NONE,65.0,NONE,20.0,25.0,0.0,3,3
241.0,pa_6,E5,5,3,3,0,"easyBike_forward3.1,easyBike_forward3.2,easyBike_forward3.0",NONE,"81.0,9.0,154.0",NONE,75.0,60.0,0.0,2,3
241.0,pa_6_rev,NEG_E5,5,3,0,0,NONE,NONE,NONE,NONE,0.0,0.0,0.0,5,3
241.0,pa_7,E6,4,2,0,0,NONE,NONE,NONE,NONE,0.0,0.0,0.0,4,2
241.0,pa_7_rev,NEG_E6,4,2,0,0,NONE,NONE,NONE,NONE,0.0,0.0,0.0,4,2
241.0,pa_8,E7,5,3,0,0,NONE,NONE,NONE,NONE,0.0,0.0,0.0,5,3
241.0,pa_8_rev,NEG_E7,5,3,5,2,"easyBike_reverse2.1,easyBike_reverse3.0,easyBike_reverse3.1,easyBike_reverse2.0,easyBike_reverse4.1","easyBike_reverse4.0,easyBike_reverse2.3","99.0,44.0,93.0,42.0,84.0","38.0,9.0",125.0,100.0,66.7,0,1
242.0,pa_2,E0,4,3,4,3,"easyBike_forward4.0,easyBike_forward2.0,easyBike_forward1.0,easyBike_forward1.1","easyBike_forward2.1,easyBike_forward4.1,easyBike_forward1.2","144.0,151.0,147.0,99.0","91.0,70.0,47.0",80.0,100.0,100.0,0,0
242.0,pa_2_rev,NEG_E0,4,3,0,0,NONE,NONE,NONE,NONE,0.0,0.0,0.0,4,3
242.0,pa_3,E1,4,3,0,0,NONE,NONE,NONE,NONE,0.0,0.0,0.0,4,3
242.0,pa_3_rev,NEG_E1,4,3,1,0,easyBike_reverse1.0,NONE,66.0,NONE,20.0,25.0,0.0,3,3
242.0,pa_6,E5,5,3,3,0,"easyBike_forward3.1,easyBike_forward3.2,easyBike_forward3.0",NONE,"82.0,10.0,155.0",NONE,75.0,60.0,0.0,2,3
242.0,pa_6_rev,NEG_E5,5,3,0,0,NONE,NONE,NONE,NONE,0.0,0.0,0.0,5,3
242.0,pa_7,E6,4,2,0,0,NONE,NONE,NONE,NONE,0.0,0.0,0.0,4,2
242.0,pa_7_rev,NEG_E6,4,2,0,0,NONE,NONE,NONE,NONE,0.0,0.0,0.0,4,2
242.0,pa_8,E7,5,3,0,0,NONE,NONE,NONE,NONE,0.0,0.0,0.0,5,3
242.0,pa_8_rev,NEG_E7,5,3,5,2,"easyBike_reverse2.1,easyBike_reverse3.0,easyBike_reverse3.1,easyBike_reverse2.0,easyBike_reverse4.1","easyBike_reverse4.0,easyBike_reverse2.3","100.0,45.0,94.0,43.0,85.0","39.0,10.0",125.0,100.0,66.7,0,1
243.0,pa_2,E0,4,3,4,3,"easyBike_forward4.0,easyBike_forward2.0,easyBike_forward1.0,easyBike_forward1.1","easyBike_forward2.1,easyBike_forward4.1,easyBike_forward1.2","145.0,152.0,148.0,100.0","92.0,71.0,48.0",80.0,100.0,100.0,0,0
243.0,pa_2_rev,NEG_E0,4,3,0,0,NONE,NONE,NONE,NONE,0.0,0.0,0.0,4,3
243.0,pa_3,E1,4,3,0,0,NONE,NONE,NONE,NONE,0.0,0.0,0.0,4,3
243.0,pa_3_rev,NEG_E1,4,3,1,0,easyBike_reverse1.0,NONE,67.0,NONE,20.0,25.0,0.0,3,3
243.0,pa_6,E5,5,3,3,0,"easyBike_forward3.1,easyBike_forward3.2,easyBike_forward3.0",NONE,"83.0,11.0,156.0",NONE,75.0,60.0,0.0,2,3
243.0,pa_6_rev,NEG_E5,5,3,0,0,NONE,NONE,NONE,NONE,0.0,0.0,0.0,5,3
243.0,pa_7,E6,4,2,0,0,NONE,NONE,NONE,NONE,0.0,0.0,0.0,4,2
243.0,pa_7_rev,NEG_E6,4,2,0,0,NONE,NONE,NONE,NONE,0.0,0.0,0.0,4,2
243.0,pa_8,E7,5,3,0,0,NONE,NONE,NONE,NONE,0.0,0.0,0.0,5,3
243.0,pa_8_rev,NEG_E7,5,3,5,2,"easyBike_reverse2.1,easyBike_reverse3.0,easyBike_reverse3.1,easyBike_reverse2.0,easyBike_reverse4.1","easyBike_reverse4.0,easyBike_reverse2.3","101.0,46.0,95.0,44.0,86.0","40.0,11.0",125.0,100.0,66.7,0,1
244.0,pa_2,E0,4,3,4,3,"easyBike_forward4.0,easyBike_forward2.0,easyBike_forward1.0,easyBike_forward1.1","easyBike_forward2.1,easyBike_forward4.1,easyBike_forward1.2","146.0,153.0,149.0,101.0","93.0,72.0,49.0",80.0,100.0,100.0,0,0
244.0,pa_2_rev,NEG_E0,4,3,0,0,NONE,NONE,NONE,NONE,0.0,0.0,0.0,4,3
244.0,pa_3,E1,4,3,0,0,NONE,NONE,NONE,NONE,0.0,0.0,0.0,4,3
244.0,pa_3_rev,NEG_E1,4,3,1,0,easyBike_reverse1.0,NONE,68.0,NONE,20.0,25.0,0.0,3,3
244.0,pa_6,E5,5,3,3,0,"easyBike_forward3.1,easyBike_forward3.2,easyBike_forward3.0",NONE,"84.0,12.0,157.0",NONE,75.0,60.0,0.0,2,3
244.0,pa_6_rev,NEG_E5,5,3,0,0,NONE,NONE,NONE,NONE,0.0,0.0,0.0,5,3
244.0,pa_7,E6,4,2,0,0,NONE,NONE,NONE,NONE,0.0,0.0,0.0,4,2
244.0,pa_7_rev,NEG_E6,4,2,0,0,NONE,NONE,NONE,NONE,0.0,0.0,0.0,4,2
244.0,pa_8,E7,5,3,0,0,NONE,NONE,NONE,NONE,0.0,0.0,0.0,5,3
244.0,pa_8_rev,NEG_E7,5,3,5,2,"easyBike_reverse2.1,easyBike_reverse3.0,easyBike_reverse3.1,easyBike_reverse2.0,easyBike_reverse4.1","easyBike_reverse4.0,easyBike_reverse2.3","102.0,47.0,96.0,45.0,87.0","41.0,12.0",125.0,100.0,66.7,0,1
245.0,pa_2,E0,4,3,4,3,"easyBike_forward4.0,easyBike_forward2.0,easyBike_forward1.0,easyBike_forward1.1","easyBike_forward2.1,easyBike_forward4.1,easyBike_forward1.2","147.0,154.0,150.0,102.0","94.0,73.0,50.0",80.0,100.0,100.0,0,0
245.0,pa_2_rev,NEG_E0,4,3,0,0,NONE,NONE,NONE,NONE,0.0,0.0,0.0,4,3
245.0,pa_3,E1,4,3,0,0,NONE,NONE,NONE,NONE,0.0,0.0,0.0,4,3
245.0,pa_3_rev,NEG_E1,4,3,1,0,easyBike_reverse1.0,NONE,69.0,NONE,20.0,25.0,0.0,3,3
245.0,pa_6,E5,5,3,3,0,"easyBike_forward3.1,easyBike_forward3.2,easyBike_forward3.0",NONE,"85.0,13.0,158.0",NONE,75.0,60.0,0.0,2,3
245.0,pa_6_rev,NEG_E5,5,3,0,0,NONE,NONE,NONE,NONE,0.0,0.0,0.0,5,3
245.0,pa_7,E6,4,2,0,0,NONE,NONE,NONE,NONE,0.0,0.0,0.0,4,2
245.0,pa_7_rev,NEG_E6,4,2,0,0,NONE,NONE,NONE,NONE,0.0,0.0,0.0,4,2
245.0,pa_8,E7,5,3,0,0,NONE,NONE,NONE,NONE,0.0,0.0,0.0,5,3
245.0,pa_8_rev,NEG_E7,5,3,5,2,"easyBike_reverse2.1,easyBike_reverse3.0,easyBike_reverse3.1,easyBike_reverse2.0,easyBike_reverse4.1","easyBike_reverse4.0,easyBike_reverse2.3","103.0,48.0,97.0,46.0,88.0","42.0,13.0",125.0,100.0,66.7,0,1
246.0,pa_2,E0,4,3,4,3,"easyBike_forward4.0,easyBike_forward2.0,easyBike_forward1.0,easyBike_forward1.1","easyBike_forward2.1,easyBike_forward4.1,easyBike_forward1.2","148.0,155.0,151.0,103.0","95.0,74.0,51.0",80.0,100.0,100.0,0,0
246.0,pa_2_rev,NEG_E0,4,3,0,0,NONE,NONE,NONE,NONE,0.0,0.0,0.0,4,3
246.0,pa_3,E1,4,3,0,0,NONE,NONE,NONE,NONE,0.0,0.0,0.0,4,3
246.0,pa_3_rev,NEG_E1,4,3,1,0,easyBike_reverse1.0,NONE,70.0,NONE,20.0,25.0,0.0,3,3
246.0,pa_6,E5,5,3,3,0,"easyBike_forward3.1,easyBike_forward3.2,easyBike_forward3.0",NONE,"86.0,14.0,159.0",NONE,75.0,60.0,0.0,2,3
246.0,pa_6_rev,NEG_E5,5,3,0,0,NONE,NONE,NONE,NONE,0.0,0.0,0.0,5,3
246.0,pa_7,E6,4,2,0,0,NONE,NONE,NONE,NONE,0.0,0.0,0.0,4,2
246.0,pa_7_rev,NEG_E6,4,2,0,0,NONE,NONE,NONE,NONE,0.0,0.0,0.0,4,2
246.0,pa_8,E7,5,3,0,0,NONE,NONE,NONE,NONE,0.0,0.0,0.0,5,3
246.0,pa_8_rev,NEG_E7,5,3,5,2,"easyBike_reverse2.1,easyBike_reverse3.0,easyBike_reverse3.1,easyBike_reverse2.0,easyBike_reverse4.1","easyBike_reverse4.0,easyBike_reverse2.3","104.0,49.0,98.0,47.0,89.0","43.0,14.0",125.0,100.0,66.7,0,1
247.0,pa_2,E0,4,3,4,3,"easyBike_forward4.0,easyBike_forward2.0,easyBike_forward1.0,easyBike_forward1.1","easyBike_forward2.1,easyBike_forward4.1,easyBike_forward1.2","149.0,156.0,152.0,104.0","96.0,75.0,52.0",80.0,100.0,100.0,0,0
247.0,pa_2_rev,NEG_E0,4,3,0,0,NONE,NONE,NONE,NONE,0.0,0.0,0.0,4,3
247.0,pa_3,E1,4,3,0,0,NONE,NONE,NONE,NONE,0.0,0.0,0.0,4,3
247.0,pa_3_rev,NEG_E1,4,3,1,0,easyBike_reverse1.0,NONE,71.0,NONE,20.0,25.0,0.0,3,3
247.0,pa_6,E5,5,3,3,0,"easyBike_forward3.1,easyBike_forward3.2,easyBike_forward3.0",NONE,"87.0,15.0,160.0",NONE,75.0,60.0,0.0,2,3
247.0,pa_6_rev,NEG_E5,5,3,0,0,NONE,NONE,NONE,NONE,0.0,0.0,0.0,5,3
247.0,pa_7,E6,4,2,0,0,NONE,NONE,NONE,NONE,0.0,0.0,0.0,4,2
247.0,pa_7_rev,NEG_E6,4,2,0,0,NONE,NONE,NONE,NONE,0.0,0.0,0.0,4,2
247.0,pa_8,E7,5,3,0,0,NONE,NONE,NONE,NONE,0.0,0.0,0.0,5,3
247.0,pa_8_rev,NEG_E7,5,3,5,2,"easyBike_reverse2.1,easyBike_reverse3.0,easyBike_reverse3.1,easyBike_reverse2.0,easyBike_reverse4.1","easyBike_reverse4.0,easyBike_reverse2.3","105.0,50.0,99.0,48.0,90.0","44.0,15.0",125.0,100.0,66.7,0,1
248.0,pa_2,E0,4,3,4,3,"easyBike_forward4.0,easyBike_forward2.0,easyBike_forward1.0,easyBike_forward1.1","easyBike_forward2.1,easyBike_forward4.1,easyBike_forward1.2","150.0,157.0,153.0,105.0","97.0,76.0,53.0",80.0,100.0,100.0,0,0
248.0,pa_2_rev,NEG_E0,4,3,0,0,NONE,NONE,NONE,NONE,0.0,0.0,0.0,4,3
248.0,pa_3,E1,4,3,0,0,NONE,NONE,NONE,NONE,0.0,0.0,0.0,4,3
248.0,pa_3_rev,NEG_E1,4,3,1,0,easyBike_reverse1.0,NONE,72.0,NONE,20.0,25.0,0.0,3,3
248.0,pa_6,E5,5,3,3,0,"easyBike_forward3.1,easyBike_forward3.2,easyBike_forward3.0",NONE,"88.0,16.0,161.0",NONE,75.0,60.0,0.0,2,3
248.0,pa_6_rev,NEG_E5,5,3,0,0,NONE,NONE,NONE,NONE,0.0,0.0,0.0,5,3
248.0,pa_7,E6,4,2,0,0,NONE,NONE,NONE,NONE,0.0,0.0,0.0,4,2
248.0,pa_7_rev,NEG_E6,4,2,0,0,NONE,NONE,NONE,NONE,0.0,0.0,0.0,4,2
248.0,pa_8,E7,5,3,0,0,NONE,NONE,NONE,NONE,0.0,0.0,0.0,5,3
248.0,pa_8_rev,NEG_E7,5,3,5,2,"easyBike_reverse2.1,easyBike_reverse3.0,easyBike_reverse3.1,easyBike_reverse2.0,easyBike_reverse4.1","easyBike_reverse4.0,easyBike_reverse2.3","106.0,51.0,100.0,49.0,91.0","45.0,16.0",125.0,100.0,66.7,0,1
249.0,pa_2,E0,4,3,4,3,"easyBike_forward4.0,easyBike_forward2.0,easyBike_forward1.0,easyBike_forward1.1","easyBike_forward2.1,easyBike_forward4.1,easyBike_forward1.2","151.0,158.0,154.0,106.0","98.0,77.0,54.0",80.0,100.0,100.0,0,0
249.0,pa_2_rev,NEG_E0,4,3,0,0,NONE,NONE,NONE,NONE,0.0,0.0,0.0,4,3
249.0,pa_3,E1,4,3,0,0,NONE,NONE,NONE,NONE,0.0,0.0,0.0,4,3
249.0,pa_3_rev,NEG_E1,4,3,1,0,easyBike_reverse1.0,NONE,73.0,NONE,20.0,25.0,0.0,3,3
249.0,pa_6,E5,5,3,3,0,"easyBike_forward3.1,easyBike_forward3.2,easyBike_forward3.0",NONE,"89.0,17.0,162.0",NONE,75.0,60.0,0.0,2,3
249.0,pa_6_rev,NEG_E5,5,3,0,0,NONE,NONE,NONE,NONE,0.0,0.0,0.0,5,3
249.0,pa_7,E6,4,2,0,0,NONE,NONE,NONE,NONE,0.0,0.0,0.0,4,2
249.0,pa_7_rev,NEG_E6,4,2,0,0,NONE,NONE,NONE,NONE,0.0,0.0,0.0,4,2
249.0,pa_8,E7,5,3,0,0,NONE,NONE,NONE,NONE,0.0,0.0,0.0,5,3
249.0,pa_8_rev,NEG_E7,5,3,5,2,"easyBike_reverse2.1,easyBike_reverse3.0,easyBike_reverse3.1,easyBike_reverse2.0,easyBike_reverse4.1","easyBike_reverse4.0,easyBike_reverse2.3","107.0,52.0,101.0,50.0,92.0","46.0,17.0",125.0,100.0,66.7,0,1
250.0,pa_2,E0,4,3,4,3,"easyBike_forward4.0,easyBike_forward2.0,easyBike_forward1.0,easyBike_forward1.1","easyBike_forward2.1,easyBike_forward4.1,easyBike_forward1.2","152.0,159.0,155.0,107.0","99.0,78.0,55.0",80.0,100.0,100.0,0,0
250.0,pa_2_rev,NEG_E0,4,3,0,0,NONE,NONE,NONE,NONE,0.0,0.0,0.0,4,3
250.0,pa_3,E1,4,3,0,0,NONE,NONE,NONE,NONE,0.0,0.0,0.0,4,3
250.0,pa_3_rev,NEG_E1,4,3,1,0,easyBike_reverse1.0,NONE,74.0,NONE,20.0,25.0,0.0,3,3
250.0,pa_6,E5,5,3,3,0,"easyBike_forward3.1,easyBike_forward3.2,easyBike_forward3.0",NONE,"90.0,18.0,163.0",NONE,75.0,60.0,0.0,2,3
250.0,pa_6_rev,NEG_E5,5,3,0,0,NONE,NONE,NONE,NONE,0.0,0.0,0.0,5,3
250.0,pa_7,E6,4,2,0,0,NONE,NONE,NONE,NONE,0.0,0.0,0.0,4,2
250.0,pa_7_rev,NEG_E6,4,2,0,0,NONE,NONE,NONE,NONE,0.0,0.0,0.0,4,2
250.0,pa_8,E7,5,3,0,0,NONE,NONE,NONE,NONE,0.0,0.0,0.0,5,3
250.0,pa_8_rev,NEG_E7,5,3,5,2,"easyBike_reverse2.1,easyBike_reverse3.0,easyBike_reverse3.1,easyBike_reverse2.0,easyBike_reverse4.1","easyBike_reverse4.0,easyBike_reverse2.3","108.0,53.0,102.0,51.0,93.0","47.0,18.0",125.0,100.0,66.7,0,1
251.0,pa_2,E0,4,3,4,3,"easyBike_forward4.0,easyBike_forward2.0,easyBike_forward1.0,easyBike_forward1.1","easyBike_forward2.1,easyBike_forward4.1,easyBike_forward1.2","153.0,160.0,156.0,108.0","100.0,79.0,56.0",80.0,100.0,100.0,0,0
251.0,pa_2_rev,NEG_E0,4,3,0,0,NONE,NONE,NONE,NONE,0.0,0.0,0.0,4,3
251.0,pa_3,E1,4,3,0,0,NONE,NONE,NONE,NONE,0.0,0.0,0.0,4,3
251.0,pa_3_rev,NEG_E1,4,3,1,0,easyBike_reverse1.0,NONE,75.0,NONE,20.0,25.0,0.0,3,3
251.0,pa_6,E5,5,3,3,0,"easyBike_forward3.1,easyBike_forward3.2,easyBike_forward3.0",NONE,"91.0,19.0,164.0",NONE,75.0,60.0,0.0,2,3
251.0,pa_6_rev,NEG_E5,5,3,0,0,NONE,NONE,NONE,NONE,0.0,0.0,0.0,5,3
251.0,pa_7,E6,4,2,0,0,NONE,NONE,NONE,NONE,0.0,0.0,0.0,4,2
251.0,pa_7_rev,NEG_E6,4,2,0,0,NONE,NONE,NONE,NONE,0.0,0.0,0.0,4,2
251.0,pa_8,E7,5,3,0,0,NONE,NONE,NONE,NONE,0.0,0.0,0.0,5,3
251.0,pa_8_rev,NEG_E7,5,3,5,3,"easyBike_reverse2.1,easyBike_reverse3.0,easyBike_reverse3.1,easyBike_reverse2.0,easyBike_reverse4.1","easyBike_reverse4.0,easyBike_reverse2.3,easyBike_reverse3.3","109.0,54.0,103.0,52.0,94.0","48.0,19.0,0.0",125.0,100.0,100.0,0,0
252.0,pa_2,E0,4,3,4,3,"easyBike_forward4.0,easyBike_forward2.0,easyBike_forward1.0,easyBike_forward1.1","easyBike_forward2.1,easyBike_forward4.1,easyBike_forward1.2","154.0,161.0,157.0,109.0","101.0,80.0,57.0",80.0,100.0,100.0,0,0
252.0,pa_2_rev,NEG_E0,4,3,0,0,NONE,NONE,NONE,NONE,0.0,0.0,0.0,4,3
252.0,pa_3,E1,4,3,0,0,NONE,NONE,NONE,NONE,0.0,0.0,0.0,4,3
252.0,pa_3_rev,NEG_E1,4,3,1,0,easyBike_reverse1.0,NONE,76.0,NONE,20.0,25.0,0.0,3,3
252.0,pa_6,E5,5,3,3,0,"easyBike_forward3.1,easyBike_forward3.2,easyBike_forward3.0",NONE,"92.0,20.0,165.0",NONE,75.0,60.0,0.0,2,3
252.0,pa_6_rev,NEG_E5,5,3,0,0,NONE,NONE,NONE,NONE,0.0,0.0,0.0,5,3
252.0,pa_7,E6,4,2,0,0,NONE,NONE,NONE,NONE,0.0,0.0,0.0,4,2
252.0,pa_7_rev,NEG_E6,4,2,0,0,NONE,NONE,NONE,NONE,0.0,0.0,0.0,4,2
252.0,pa_8,E7,5,3,0,0,NONE,NONE,NONE,NONE,0.0,0.0,0.0,5,3
252.0,pa_8_rev,NEG_E7,5,3,5,3,"easyBike_reverse2.1,easyBike_reverse3.0,easyBike_reverse3.1,easyBike_reverse2.0,easyBike_reverse4.1","easyBike_reverse4.0,easyBike_reverse2.3,easyBike_reverse3.3","110.0,55.0,104.0,53.0,95.0","49.0,20.0,1.0",125.0,100.0,100.0,0,0
253.0,pa_2,E0,4,3,4,3,"easyBike_forward4.0,easyBike_forward2.0,easyBike_forward1.0,easyBike_forward1.1","easyBike_forward2.1,easyBike_forward4.1,easyBike_forward1.2","155.0,162.0,158.0,110.0","102.0,81.0,58.0",80.0,100.0,100.0,0,0
253.0,pa_2_rev,NEG_E0,4,3,0,0,NONE,NONE,NONE,NONE,0.0,0.0,0.0,4,3
253.0,pa_3,E1,4,3,0,0,NONE,NONE,NONE,NONE,0.0,0.0,0.0,4,3
253.0,pa_3_rev,NEG_E1,4,3,1,0,easyBike_reverse1.0,NONE,77.0,NONE,20.0,25.0,0.0,3,3
253.0,pa_6,E5,5,3,3,0,"easyBike_forward3.1,easyBike_forward3.2,easyBike_forward3.0",NONE,"93.0,21.0,166.0",NONE,75.0,60.0,0.0,2,3
253.0,pa_6_rev,NEG_E5,5,3,0,0,NONE,NONE,NONE,NONE,0.0,0.0,0.0,5,3
253.0,pa_7,E6,4,2,0,0,NONE,NONE,NONE,NONE,0.0,0.0,0.0,4,2
253.0,pa_7_rev,NEG_E6,4,2,0,0,NONE,NONE,NONE,NONE,0.0,0.0,0.0,4,2
253.0,pa_8,E7,5,3,0,0,NONE,NONE,NONE,NONE,0.0,0.0,0.0,5,3
253.0,pa_8_rev,NEG_E7,5,3,5,3,"easyBike_reverse2.1,easyBike_reverse3.0,easyBike_reverse3.1,easyBike_reverse2.0,easyBike_reverse4.1","easyBike_reverse4.0,easyBike_reverse2.3,easyBike_reverse3.3","111.0,56.0,105.0,54.0,96.0","50.0,21.0,2.0",125.0,100.0,100.0,0,0
254.0,pa_2,E0,4,3,4,3,"easyBike_forward4.0,easyBike_forward2.0,easyBike_forward1.0,easyBike_forward1.1","easyBike_forward2.1,easyBike_forward4.1,easyBike_forward1.2","156.0,163.0,159.0,111.0","103.0,82.0,59.0",80.0,100.0,100.0,0,0
254.0,pa_2_rev,NEG_E0,4,3,0,0,NONE,NONE,NONE,NONE,0.0,0.0,0.0,4,3
254.0,pa_3,E1,4,3,0,0,NONE,NONE,NONE,NONE,0.0,0.0,0.0,4,3
254.0,pa_3_rev,NEG_E1,4,3,1,0,easyBike_reverse1.0,NONE,78.0,NONE,20.0,25.0,0.0,3,3
254.0,pa_6,E5,5,3,3,0,"easyBike_forward3.1,easyBike_forward3.2,easyBike_forward3.0",NONE,"94.0,22.0,167.0",NONE,75.0,60.0,0.0,2,3
254.0,pa_6_rev,NEG_E5,5,3,0,0,NONE,NONE,NONE,NONE,0.0,0.0,0.0,5,3
254.0,pa_7,E6,4,2,0,0,NONE,NONE,NONE,NONE,0.0,0.0,0.0,4,2
254.0,pa_7_rev,NEG_E6,4,2,0,0,NONE,NONE,NONE,NONE,0.0,0.0,0.0,4,2
254.0,pa_8,E7,5,3,0,0,NONE,NONE,NONE,NONE,0.0,0.0,0.0,5,3
254.0,pa_8_rev,NEG_E7,5,3,5,3,"easyBike_reverse2.1,easyBike_reverse3.0,easyBike_reverse3.1,easyBike_reverse2.0,easyBike_reverse4.1","easyBike_reverse4.0,easyBike_reverse2.3,easyBike_reverse3.3","112.0,57.0,106.0,55.0,97.0","51.0,22.0,3.0",125.0,100.0,100.0,0,0
255.0,pa_2,E0,4,3,4,3,"easyBike_forward4.0,easyBike_forward2.0,easyBike_forward1.0,easyBike_forward1.1","easyBike_forward2.1,easyBike_forward4.1,easyBike_forward1.2","157.0,164.0,160.0,112.0","104.0,83.0,60.0",80.0,100.0,100.0,0,0
255.0,pa_2_rev,NEG_E0,4,3,0,0,NONE,NONE,NONE,NONE,0.0,0.0,0.0,4,3
255.0,pa_3,E1,4,3,0,0,NONE,NONE,NONE,NONE,0.0,0.0,0.0,4,3
255.0,pa_3_rev,NEG_E1,4,3,1,0,easyBike_reverse1.0,NONE,79.0,NONE,20.0,25.0,0.0,3,3
255.0,pa_6,E5,5,3,3,0,"easyBike_forward3.1,easyBike_forward3.2,easyBike_forward3.0",NONE,"95.0,23.0,168.0",NONE,75.0,60.0,0.0,2,3
255.0,pa_6_rev,NEG_E5,5,3,0,0,NONE,NONE,NONE,NONE,0.0,0.0,0.0,5,3
255.0,pa_7,E6,4,2,0,0,NONE,NONE,NONE,NONE,0.0,0.0,0.0,4,2
255.0,pa_7_rev,NEG_E6,4,2,0,0,NONE,NONE,NONE,NONE,0.0,0.0,0.0,4,2
255.0,pa_8,E7,5,3,0,0,NONE,NONE,NONE,NONE,0.0,0.0,0.0,5,3
255.0,pa_8_rev,NEG_E7,5,3,5,3,"easyBike_reverse2.1,easyBike_reverse3.0,easyBike_reverse3.1,easyBike_reverse2.0,easyBike_reverse4.1","easyBike_reverse4.0,easyBike_reverse2.3,easyBike_reverse3.3","113.0,58.0,107.0,56.0,98.0","52.0,23.0,4.0",125.0,100.0,100.0,0,0
256.0,pa_2,E0,4,3,4,3,"easyBike_forward4.0,easyBike_forward2.0,easyBike_forward1.0,easyBike_forward1.1","easyBike_forward2.1,easyBike_forward4.1,easyBike_forward1.2","158.0,165.0,161.0,113.0","105.0,84.0,61.0",80.0,100.0,100.0,0,0
256.0,pa_2_rev,NEG_E0,4,3,0,0,NONE,NONE,NONE,NONE,0.0,0.0,0.0,4,3
256.0,pa_3,E1,4,3,0,0,NONE,NONE,NONE,NONE,0.0,0.0,0.0,4,3
256.0,pa_3_rev,NEG_E1,4,3,1,0,easyBike_reverse1.0,NONE,80.0,NONE,20.0,25.0,0.0,3,3
256.0,pa_6,E5,5,3,3,0,"easyBike_forward3.1,easyBike_forward3.2,easyBike_forward3.0",NONE,"96.0,24.0,169.0",NONE,75.0,60.0,0.0,2,3
256.0,pa_6_rev,NEG_E5,5,3,0,0,NONE,NONE,NONE,NONE,0.0,0.0,0.0,5,3
256.0,pa_7,E6,4,2,0,0,NONE,NONE,NONE,NONE,0.0,0.0,0.0,4,2
256.0,pa_7_rev,NEG_E6,4,2,0,0,NONE,NONE,NONE,NONE,0.0,0.0,0.0,4,2
256.0,pa_8,E7,5,3,0,0,NONE,NONE,NONE,NONE,0.0,0.0,0.0,5,3
256.0,pa_8_rev,NEG_E7,5,3,5,3,"easyBike_reverse2.1,easyBike_reverse3.0,easyBike_reverse3.1,easyBike_reverse2.0,easyBike_reverse4.1","easyBike_reverse4.0,easyBike_reverse2.3,easyBike_reverse3.3","114.0,59.0,108.0,57.0,99.0","53.0,24.0,5.0",125.0,100.0,100.0,0,0
257.0,pa_2,E0,4,3,4,3,"easyBike_forward4.0,easyBike_forward2.0,easyBike_forward1.0,easyBike_forward1.1","easyBike_forward2.1,easyBike_forward4.1,easyBike_forward1.2","159.0,166.0,162.0,114.0","106.0,85.0,62.0",80.0,100.0,100.0,0,0
257.0,pa_2_rev,NEG_E0,4,3,0,0,NONE,NONE,NONE,NONE,0.0,0.0,0.0,4,3
257.0,pa_3,E1,4,3,0,0,NONE,NONE,NONE,NONE,0.0,0.0,0.0,4,3
257.0,pa_3_rev,NEG_E1,4,3,1,0,easyBike_reverse1.0,NONE,81.0,NONE,20.0,25.0,0.0,3,3
257.0,pa_6,E5,5,3,3,0,"easyBike_forward3.1,easyBike_forward3.2,easyBike_forward3.0",NONE,"97.0,25.0,170.0",NONE,75.0,60.0,0.0,2,3
257.0,pa_6_rev,NEG_E5,5,3,0,0,NONE,NONE,NONE,NONE,0.0,0.0,0.0,5,3
257.0,pa_7,E6,4,2,0,0,NONE,NONE,NONE,NONE,0.0,0.0,0.0,4,2
257.0,pa_7_rev,NEG_E6,4,2,0,0,NONE,NONE,NONE,NONE,0.0,0.0,0.0,4,2
257.0,pa_8,E7,5,3,0,0,NONE,NONE,NONE,NONE,0.0,0.0,0.0,5,3
257.0,pa_8_rev,NEG_E7,5,3,5,3,"easyBike_reverse2.1,easyBike_reverse3.0,easyBike_reverse3.1,easyBike_reverse2.0,easyBike_reverse4.1","easyBike_reverse4.0,easyBike_reverse2.3,easyBike_reverse3.3","115.0,60.0,109.0,58.0,100.0","54.0,25.0,6.0",125.0,100.0,100.0,0,0
258.0,pa_2,E0,4,3,4,3,"easyBike_forward4.0,easyBike_forward2.0,easyBike_forward1.0,easyBike_forward1.1","easyBike_forward2.1,easyBike_forward4.1,easyBike_forward1.2","160.0,167.0,163.0,115.0","107.0,86.0,63.0",80.0,100.0,100.0,0,0
258.0,pa_2_rev,NEG_E0,4,3,0,0,NONE,NONE,NONE,NONE,0.0,0.0,0.0,4,3
258.0,pa_3,E1,4,3,0,0,NONE,NONE,NONE,NONE,0.0,0.0,0.0,4,3
258.0,pa_3_rev,NEG_E1,4,3,1,0,easyBike_reverse1.0,NONE,82.0,NONE,20.0,25.0,0.0,3,3
258.0,pa_6,E5,5,3,3,0,"easyBike_forward3.1,easyBike_forward3.2,easyBike_forward3.0",NONE,"98.0,26.0,171.0",NONE,75.0,60.0,0.0,2,3
258.0,pa_6_rev,NEG_E5,5,3,0,0,NONE,NONE,NONE,NONE,0.0,0.0,0.0,5,3
258.0,pa_7,E6,4,2,0,0,NONE,NONE,NONE,NONE,0.0,0.0,0.0,4,2
258.0,pa_7_rev,NEG_E6,4,2,0,0,NONE,NONE,NONE,NONE,0.0,0.0,0.0,4,2
258.0,pa_8,E7,5,3,0,0,NONE,NONE,NONE,NONE,0.0,0.0,0.0,5,3
258.0,pa_8_rev,NEG_E7,5,3,5,3,"easyBike_reverse2.1,easyBike_reverse3.0,easyBike_reverse3.1,easyBike_reverse2.0,easyBike_reverse4.1","easyBike_reverse4.0,easyBike_reverse2.3,easyBike_reverse3.3","116.0,61.0,110.0,59.0,101.0","55.0,26.0,7.0",125.0,100.0,100.0,0,0
259.0,pa_2,E0,4,3,4,3,"easyBike_forward4.0,easyBike_forward2.0,easyBike_forward1.0,easyBike_forward1.1","easyBike_forward2.1,easyBike_forward4.1,easyBike_forward1.2","161.0,168.0,164.0,116.0","108.0,87.0,64.0",80.0,100.0,100.0,0,0
259.0,pa_2_rev,NEG_E0,4,3,0,0,NONE,NONE,NONE,NONE,0.0,0.0,0.0,4,3
259.0,pa_3,E1,4,3,0,0,NONE,NONE,NONE,NONE,0.0,0.0,0.0,4,3
259.0,pa_3_rev,NEG_E1,4,3,2,0,"easyBike_reverse1.2,easyBike_reverse1.0",NONE,"0.0,83.0",NONE,40.0,50.0,0.0,2,3
259.0,pa_6,E5,5,3,3,0,"easyBike_forward3.1,easyBike_forward3.2,easyBike_forward3.0",NONE,"99.0,27.0,172.0",NONE,75.0,60.0,0.0,2,3
259.0,pa_6_rev,NEG_E5,5,3,0,0,NONE,NONE,NONE,NONE,0.0,0.0,0.0,5,3
259.0,pa_7,E6,4,2,0,0,NONE,NONE,NONE,NONE,0.0,0.0,0.0,4,2
259.0,pa_7_rev,NEG_E6,4,2,0,0,NONE,NONE,NONE,NONE,0.0,0.0,0.0,4,2
259.0,pa_8,E7,5,3,0,0,NONE,NONE,NONE,NONE,0.0,0.0,0.0,5,3
259.0,pa_8_rev,NEG_E7,5,3,5,3,"easyBike_reverse2.1,easyBike_reverse3.0,easyBike_reverse3.1,easyBike_reverse2.0,easyBike_reverse4.1","easyBike_reverse4.0,easyBike_reverse2.3,easyBike_reverse3.3","117.0,62.0,111.0,60.0,102.0","56.0,27.0,8.0",125.0,100.0,100.0,0,0
260.0,pa_2,E0,4,3,4,3,"easyBike_forward4.0,easyBike_forward2.0,easyBike_forward1.0,easyBike_forward1.1","easyBike_forward2.1,easyBike_forward4.1,easyBike_forward1.2","162.0,169.0,165.0,117.0","109.0,88.0,65.0",80.0,100.0,100.0,0,0
260.0,pa_2_rev,NEG_E0,4,3,0,0,NONE,NONE,NONE,NONE,0.0,0.0,0.0,4,3
260.0,pa_3,E1,4,3,0,0,NONE,NONE,NONE,NONE,0.0,0.0,0.0,4,3
260.0,pa_3_rev,NEG_E1,4,3,2,0,"easyBike_reverse1.2,easyBike_reverse1.0",NONE,"1.0,84.0",NONE,40.0,50.0,0.0,2,3
260.0,pa_6,E5,5,3,3,0,"easyBike_forward3.1,easyBike_forward3.2,easyBike_forward3.0",NONE,"100.0,28.0,173.0",NONE,75.0,60.0,0.0,2,3
260.0,pa_6_rev,NEG_E5,5,3,0,0,NONE,NONE,NONE,NONE,0.0,0.0,0.0,5,3
260.0,pa_7,E6,4,2,0,0,NONE,NONE,NONE,NONE,0.0,0.0,0.0,4,2
260.0,pa_7_rev,NEG_E6,4,2,0,0,NONE,NONE,NONE,NONE,0.0,0.0,0.0,4,2
260.0,pa_8,E7,5,3,0,0,NONE,NONE,NONE,NONE,0.0,0.0,0.0,5,3
260.0,pa_8_rev,NEG_E7,5,3,5,3,"easyBike_reverse2.1,easyBike_reverse3.0,easyBike_reverse3.1,easyBike_reverse2.0,easyBike_reverse4.1","easyBike_reverse4.0,easyBike_reverse2.3,easyBike_reverse3.3","118.0,63.0,112.0,61.0,103.0","57.0,28.0,9.0",125.0,100.0,100.0,0,0
261.0,pa_2,E0,4,3,4,3,"easyBike_forward4.0,easyBike_forward2.0,easyBike_forward1.0,easyBike_forward1.1","easyBike_forward2.1,easyBike_forward4.1,easyBike_forward1.2","163.0,170.0,166.0,118.0","110.0,89.0,66.0",80.0,100.0,100.0,0,0
261.0,pa_2_rev,NEG_E0,4,3,0,0,NONE,NONE,NONE,NONE,0.0,0.0,0.0,4,3
261.0,pa_3,E1,4,3,0,0,NONE,NONE,NONE,NONE,0.0,0.0,0.0,4,3
261.0,pa_3_rev,NEG_E1,4,3,2,0,"easyBike_reverse1.2,easyBike_reverse1.0",NONE,"2.0,85.0",NONE,40.0,50.0,0.0,2,3
261.0,pa_6,E5,5,3,3,0,"easyBike_forward3.1,easyBike_forward3.2,easyBike_forward3.0",NONE,"101.0,29.0,174.0",NONE,75.0,60.0,0.0,2,3
261.0,pa_6_rev,NEG_E5,5,3,0,0,NONE,NONE,NONE,NONE,0.0,0.0,0.0,5,3
261.0,pa_7,E6,4,2,0,0,NONE,NONE,NONE,NONE,0.0,0.0,0.0,4,2
261.0,pa_7_rev,NEG_E6,4,2,0,0,NONE,NONE,NONE,NONE,0.0,0.0,0.0,4,2
261.0,pa_8,E7,5,3,0,0,NONE,NONE,NONE,NONE,0.0,0.0,0.0,5,3
261.0,pa_8_rev,NEG_E7,5,3,5,3,"easyBike_reverse2.1,easyBike_reverse3.0,easyBike_reverse3.1,easyBike_reverse2.0,easyBike_reverse4.1","easyBike_reverse4.0,easyBike_reverse2.3,easyBike_reverse3.3","119.0,64.0,113.0,62.0,104.0","58.0,29.0,10.0",125.0,100.0,100.0,0,0
262.0,pa_2,E0,4,3,4,3,"easyBike_forward4.0,easyBike_forward2.0,easyBike_forward1.0,easyBike_forward1.1","easyBike_forward2.1,easyBike_forward4.1,easyBike_forward1.2","164.0,171.0,167.0,119.0","111.0,90.0,67.0",80.0,100.0,100.0,0,0
262.0,pa_2_rev,NEG_E0,4,3,0,0,NONE,NONE,NONE,NONE,0.0,0.0,0.0,4,3
262.0,pa_3,E1,4,3,0,0,NONE,NONE,NONE,NONE,0.0,0.0,0.0,4,3
262.0,pa_3_rev,NEG_E1,4,3,2,0,"easyBike_reverse1.2,easyBike_reverse1.0",NONE,"3.0,86.0",NONE,40.0,50.0,0.0,2,3
262.0,pa_6,E5,5,3,3,0,"easyBike_forward3.1,easyBike_forward3.2,easyBike_forward3.0",NONE,"102.0,30.0,175.0",NONE,75.0,60.0,0.0,2,3
262.0,pa_6_rev,NEG_E5,5,3,0,0,NONE,NONE,NONE,NONE,0.0,0.0,0.0,5,3
262.0,pa_7,E6,4,2,0,0,NONE,NONE,NONE,NONE,0.0,0.0,0.0,4,2
262.0,pa_7_rev,NEG_E6,4,2,0,0,NONE,NONE,NONE,NONE,0.0,0.0,0.0,4,2
262.0,pa_8,E7,5,3,0,0,NONE,NONE,NONE,NONE,0.0,0.0,0.0,5,3
262.0,pa_8_rev,NEG_E7,5,3,5,3,"easyBike_reverse2.1,easyBike_reverse3.0,easyBike_reverse3.1,easyBike_reverse2.0,easyBike_reverse4.1","easyBike_reverse4.0,easyBike_reverse2.3,easyBike_reverse3.3","120.0,65.0,114.0,63.0,105.0","59.0,30.0,11.0",125.0,100.0,100.0,0,0
263.0,pa_2,E0,4,3,4,3,"easyBike_forward4.0,easyBike_forward2.0,easyBike_forward1.0,easyBike_forward1.1","easyBike_forward2.1,easyBike_forward4.1,easyBike_forward1.2","165.0,172.0,168.0,120.0","112.0,91.0,68.0",80.0,100.0,100.0,0,0
263.0,pa_2_rev,NEG_E0,4,3,0,0,NONE,NONE,NONE,NONE,0.0,0.0,0.0,4,3
263.0,pa_3,E1,4,3,0,0,NONE,NONE,NONE,NONE,0.0,0.0,0.0,4,3
263.0,pa_3_rev,NEG_E1,4,3,2,0,"easyBike_reverse1.2,easyBike_reverse1.0",NONE,"4.0,87.0",NONE,40.0,50.0,0.0,2,3
263.0,pa_6,E5,5,3,3,0,"easyBike_forward3.1,easyBike_forward3.2,easyBike_forward3.0",NONE,"103.0,31.0,176.0",NONE,75.0,60.0,0.0,2,3
263.0,pa_6_rev,NEG_E5,5,3,0,0,NONE,NONE,NONE,NONE,0.0,0.0,0.0,5,3
263.0,pa_7,E6,4,2,0,0,NONE,NONE,NONE,NONE,0.0,0.0,0.0,4,2
263.0,pa_7_rev,NEG_E6,4,2,0,0,NONE,NONE,NONE,NONE,0.0,0.0,0.0,4,2
263.0,pa_8,E7,5,3,0,0,NONE,NONE,NONE,NONE,0.0,0.0,0.0,5,3
263.0,pa_8_rev,NEG_E7,5,3,5,3,"easyBike_reverse2.1,easyBike_reverse3.0,easyBike_reverse3.1,easyBike_reverse2.0,easyBike_reverse4.1","easyBike_reverse4.0,easyBike_reverse2.3,easyBike_reverse3.3","121.0,66.0,115.0,64.0,106.0","60.0,31.0,12.0",125.0,100.0,100.0,0,0
264.0,pa_2,E0,4,3,4,3,"easyBike_forward4.0,easyBike_forward2.0,easyBike_forward1.0,easyBike_forward1.1","easyBike_forward2.1,easyBike_forward4.1,easyBike_forward1.2","166.0,173.0,169.0,121.0","113.0,92.0,69.0",80.0,100.0,100.0,0,0
264.0,pa_2_rev,NEG_E0,4,3,0,0,NONE,NONE,NONE,NONE,0.0,0.0,0.0,4,3
264.0,pa_3,E1,4,3,0,0,NONE,NONE,NONE,NONE,0.0,0.0,0.0,4,3
264.0,pa_3_rev,NEG_E1,4,3,2,0,"easyBike_reverse1.2,easyBike_reverse1.0",NONE,"5.0,88.0",NONE,40.0,50.0,0.0,2,3
264.0,pa_6,E5,5,3,3,0,"easyBike_forward3.1,easyBike_forward3.2,easyBike_forward3.0",NONE,"104.0,32.0,177.0",NONE,75.0,60.0,0.0,2,3
264.0,pa_6_rev,NEG_E5,5,3,0,0,NONE,NONE,NONE,NONE,0.0,0.0,0.0,5,3
264.0,pa_7,E6,4,2,0,0,NONE,NONE,NONE,NONE,0.0,0.0,0.0,4,2
264.0,pa_7_rev,NEG_E6,4,2,0,0,NONE,NONE,NONE,NONE,0.0,0.0,0.0,4,2
264.0,pa_8,E7,5,3,0,0,NONE,NONE,NONE,NONE,0.0,0.0,0.0,5,3
264.0,pa_8_rev,NEG_E7,5,3,5,3,"easyBike_reverse2.1,easyBike_reverse3.0,easyBike_reverse3.1,easyBike_reverse2.0,easyBike_reverse4.1","easyBike_reverse4.0,easyBike_reverse2.3,easyBike_reverse3.3","122.0,67.0,116.0,65.0,107.0","61.0,32.0,13.0",125.0,100.0,100.0,0,0
265.0,pa_2,E0,4,3,4,3,"easyBike_forward4.0,easyBike_forward2.0,easyBike_forward1.0,easyBike_forward1.1","easyBike_forward2.1,easyBike_forward4.1,easyBike_forward1.2","167.0,174.0,170.0,122.0","114.0,93.0,70.0",80.0,100.0,100.0,0,0
265.0,pa_2_rev,NEG_E0,4,3,0,0,NONE,NONE,NONE,NONE,0.0,0.0,0.0,4,3
265.0,pa_3,E1,4,3,0,0,NONE,NONE,NONE,NONE,0.0,0.0,0.0,4,3
265.0,pa_3_rev,NEG_E1,4,3,2,0,"easyBike_reverse1.2,easyBike_reverse1.0",NONE,"6.0,89.0",NONE,40.0,50.0,0.0,2,3
265.0,pa_6,E5,5,3,3,0,"easyBike_forward3.1,easyBike_forward3.2,easyBike_forward3.0",NONE,"105.0,33.0,178.0",NONE,75.0,60.0,0.0,2,3
265.0,pa_6_rev,NEG_E5,5,3,0,0,NONE,NONE,NONE,NONE,0.0,0.0,0.0,5,3
265.0,pa_7,E6,4,2,0,0,NONE,NONE,NONE,NONE,0.0,0.0,0.0,4,2
265.0,pa_7_rev,NEG_E6,4,2,0,0,NONE,NONE,NONE,NONE,0.0,0.0,0.0,4,2
265.0,pa_8,E7,5,3,0,0,NONE,NONE,NONE,NONE,0.0,0.0,0.0,5,3
265.0,pa_8_rev,NEG_E7,5,3,5,3,"easyBike_reverse2.1,easyBike_reverse3.0,easyBike_reverse3.1,easyBike_reverse2.0,easyBike_reverse4.1","easyBike_reverse4.0,easyBike_reverse2.3,easyBike_reverse3.3","123.0,68.0,117.0,66.0,108.0","62.0,33.0,14.0",125.0,100.0,100.0,0,0
266.0,pa_2,E0,4,3,4,3,"easyBike_forward4.0,easyBike_forward2.0,easyBike_forward1.0,easyBike_forward1.1","easyBike_forward2.1,easyBike_forward4.1,easyBike_forward1.2","168.0,175.0,171.0,123.0","115.0,94.0,71.0",80.0,100.0,100.0,0,0
266.0,pa_2_rev,NEG_E0,4,3,0,0,NONE,NONE,NONE,NONE,0.0,0.0,0.0,4,3
266.0,pa_3,E1,4,3,0,0,NONE,NONE,NONE,NONE,0.0,0.0,0.0,4,3
266.0,pa_3_rev,NEG_E1,4,3,2,0,"easyBike_reverse1.2,easyBike_reverse1.0",NONE,"7.0,90.0",NONE,40.0,50.0,0.0,2,3
266.0,pa_6,E5,5,3,3,0,"easyBike_forward3.1,easyBike_forward3.2,easyBike_forward3.0",NONE,"106.0,34.0,179.0",NONE,75.0,60.0,0.0,2,3
266.0,pa_6_rev,NEG_E5,5,3,0,0,NONE,NONE,NONE,NONE,0.0,0.0,0.0,5,3
266.0,pa_7,E6,4,2,0,0,NONE,NONE,NONE,NONE,0.0,0.0,0.0,4,2
266.0,pa_7_rev,NEG_E6,4,2,0,0,NONE,NONE,NONE,NONE,0.0,0.0,0.0,4,2
266.0,pa_8,E7,5,3,0,0,NONE,NONE,NONE,NONE,0.0,0.0,0.0,5,3
266.0,pa_8_rev,NEG_E7,5,3,5,3,"easyBike_reverse2.1,easyBike_reverse3.0,easyBike_reverse3.1,easyBike_reverse2.0,easyBike_reverse4.1","easyBike_reverse4.0,easyBike_reverse2.3,easyBike_reverse3.3","124.0,69.0,118.0,67.0,109.0","63.0,34.0,15.0",125.0,100.0,100.0,0,0
267.0,pa_2,E0,4,3,4,3,"easyBike_forward4.0,easyBike_forward2.0,easyBike_forward1.0,easyBike_forward1.1","easyBike_forward2.1,easyBike_forward4.1,easyBike_forward1.2","169.0,176.0,172.0,124.0","116.0,95.0,72.0",80.0,100.0,100.0,0,0
267.0,pa_2_rev,NEG_E0,4,3,0,0,NONE,NONE,NONE,NONE,0.0,0.0,0.0,4,3
267.0,pa_3,E1,4,3,0,0,NONE,NONE,NONE,NONE,0.0,0.0,0.0,4,3
267.0,pa_3_rev,NEG_E1,4,3,2,0,"easyBike_reverse1.2,easyBike_reverse1.0",NONE,"8.0,91.0",NONE,40.0,50.0,0.0,2,3
267.0,pa_6,E5,5,3,3,0,"easyBike_forward3.1,easyBike_forward3.2,easyBike_forward3.0",NONE,"107.0,35.0,180.0",NONE,75.0,60.0,0.0,2,3
267.0,pa_6_rev,NEG_E5,5,3,0,0,NONE,NONE,NONE,NONE,0.0,0.0,0.0,5,3
267.0,pa_7,E6,4,2,0,0,NONE,NONE,NONE,NONE,0.0,0.0,0.0,4,2
267.0,pa_7_rev,NEG_E6,4,2,0,0,NONE,NONE,NONE,NONE,0.0,0.0,0.0,4,2
267.0,pa_8,E7,5,3,0,0,NONE,NONE,NONE,NONE,0.0,0.0,0.0,5,3
267.0,pa_8_rev,NEG_E7,5,3,5,3,"easyBike_reverse2.1,easyBike_reverse3.0,easyBike_reverse3.1,easyBike_reverse2.0,easyBike_reverse4.1","easyBike_reverse4.0,easyBike_reverse2.3,easyBike_reverse3.3","125.0,70.0,119.0,68.0,110.0","64.0,35.0,16.0",125.0,100.0,100.0,0,0
268.0,pa_2,E0,4,3,4,3,"easyBike_forward4.0,easyBike_forward2.0,easyBike_forward1.0,easyBike_forward1.1","easyBike_forward2.1,easyBike_forward4.1,easyBike_forward1.2","170.0,177.0,173.0,125.0","117.0,96.0,73.0",80.0,100.0,100.0,0,0
268.0,pa_2_rev,NEG_E0,4,3,0,0,NONE,NONE,NONE,NONE,0.0,0.0,0.0,4,3
268.0,pa_3,E1,4,3,0,0,NONE,NONE,NONE,NONE,0.0,0.0,0.0,4,3
268.0,pa_3_rev,NEG_E1,4,3,2,0,"easyBike_reverse1.2,easyBike_reverse1.0",NONE,"9.0,92.0",NONE,40.0,50.0,0.0,2,3
268.0,pa_6,E5,5,3,3,0,"easyBike_forward3.1,easyBike_forward3.2,easyBike_forward3.0",NONE,"108.0,36.0,181.0",NONE,75.0,60.0,0.0,2,3
268.0,pa_6_rev,NEG_E5,5,3,0,0,NONE,NONE,NONE,NONE,0.0,0.0,0.0,5,3
268.0,pa_7,E6,4,2,0,0,NONE,NONE,NONE,NONE,0.0,0.0,0.0,4,2
268.0,pa_7_rev,NEG_E6,4,2,0,0,NONE,NONE,NONE,NONE,0.0,0.0,0.0,4,2
268.0,pa_8,E7,5,3,0,0,NONE,NONE,NONE,NONE,0.0,0.0,0.0,5,3
268.0,pa_8_rev,NEG_E7,5,3,5,3,"easyBike_reverse2.1,easyBike_reverse3.0,easyBike_reverse3.1,easyBike_reverse2.0,easyBike_reverse4.1","easyBike_reverse4.0,easyBike_reverse2.3,easyBike_reverse3.3","126.0,71.0,120.0,69.0,111.0","65.0,36.0,17.0",125.0,100.0,100.0,0,0
269.0,pa_2,E0,4,3,4,3,"easyBike_forward4.0,easyBike_forward2.0,easyBike_forward1.0,easyBike_forward1.1","easyBike_forward2.1,easyBike_forward4.1,easyBike_forward1.2","171.0,178.0,174.0,126.0","118.0,97.0,74.0",80.0,100.0,100.0,0,0
269.0,pa_2_rev,NEG_E0,4,3,0,0,NONE,NONE,NONE,NONE,0.0,0.0,0.0,4,3
269.0,pa_3,E1,4,3,0,0,NONE,NONE,NONE,NONE,0.0,0.0,0.0,4,3
269.0,pa_3_rev,NEG_E1,4,3,2,0,"easyBike_reverse1.2,easyBike_reverse1.0",NONE,"10.0,93.0",NONE,40.0,50.0,0.0,2,3
269.0,pa_6,E5,5,3,3,0,"easyBike_forward3.1,easyBike_forward3.2,easyBike_forward3.0",NONE,"109.0,37.0,182.0",NONE,75.0,60.0,0.0,2,3
269.0,pa_6_rev,NEG_E5,5,3,0,0,NONE,NONE,NONE,NONE,0.0,0.0,0.0,5,3
269.0,pa_7,E6,4,2,0,0,NONE,NONE,NONE,NONE,0.0,0.0,0.0,4,2
269.0,pa_7_rev,NEG_E6,4,2,0,0,NONE,NONE,NONE,NONE,0.0,0.0,0.0,4,2
269.0,pa_8,E7,5,3,0,0,NONE,NONE,NONE,NONE,0.0,0.0,0.0,5,3
269.0,pa_8_rev,NEG_E7,5,3,5,3,"easyBike_reverse2.1,easyBike_reverse3.0,easyBike_reverse3.1,easyBike_reverse2.0,easyBike_reverse4.1","easyBike_reverse4.0,easyBike_reverse2.3,easyBike_reverse3.3","127.0,72.0,121.0,70.0,112.0","66.0,37.0,18.0",125.0,100.0,100.0,0,0
270.0,pa_2,E0,4,3,4,3,"easyBike_forward4.0,easyBike_forward2.0,easyBike_forward1.0,easyBike_forward1.1","easyBike_forward2.1,easyBike_forward4.1,easyBike_forward1.2","172.0,179.0,175.0,127.0","119.0,98.0,75.0",80.0,100.0,100.0,0,0
270.0,pa_2_rev,NEG_E0,4,3,0,0,NONE,NONE,NONE,NONE,0.0,0.0,0.0,4,3
270.0,pa_3,E1,4,3,0,0,NONE,NONE,NONE,NONE,0.0,0.0,0.0,4,3
270.0,pa_3_rev,NEG_E1,4,3,2,0,"easyBike_reverse1.2,easyBike_reverse1.0",NONE,"11.0,94.0",NONE,40.0,50.0,0.0,2,3
270.0,pa_6,E5,5,3,3,0,"easyBike_forward3.1,easyBike_forward3.2,easyBike_forward3.0",NONE,"110.0,38.0,183.0",NONE,75.0,60.0,0.0,2,3
270.0,pa_6_rev,NEG_E5,5,3,0,0,NONE,NONE,NONE,NONE,0.0,0.0,0.0,5,3
270.0,pa_7,E6,4,2,0,0,NONE,NONE,NONE,NONE,0.0,0.0,0.0,4,2
270.0,pa_7_rev,NEG_E6,4,2,0,0,NONE,NONE,NONE,NONE,0.0,0.0,0.0,4,2
270.0,pa_8,E7,5,3,0,0,NONE,NONE,NONE,NONE,0.0,0.0,0.0,5,3
270.0,pa_8_rev,NEG_E7,5,3,5,3,"easyBike_reverse2.1,easyBike_reverse3.0,easyBike_reverse3.1,easyBike_reverse2.0,easyBike_reverse4.1","easyBike_reverse4.0,easyBike_reverse2.3,easyBike_reverse3.3","128.0,73.0,122.0,71.0,113.0","67.0,38.0,19.0",125.0,100.0,100.0,0,0
271.0,pa_2,E0,4,3,4,3,"easyBike_forward4.0,easyBike_forward2.0,easyBike_forward1.0,easyBike_forward1.1","easyBike_forward2.1,easyBike_forward4.1,easyBike_forward1.2","173.0,180.0,176.0,128.0","120.0,99.0,76.0",80.0,100.0,100.0,0,0
271.0,pa_2_rev,NEG_E0,4,3,0,0,NONE,NONE,NONE,NONE,0.0,0.0,0.0,4,3
271.0,pa_3,E1,4,3,0,0,NONE,NONE,NONE,NONE,0.0,0.0,0.0,4,3
271.0,pa_3_rev,NEG_E1,4,3,2,0,"easyBike_reverse1.2,easyBike_reverse1.0",NONE,"12.0,95.0",NONE,40.0,50.0,0.0,2,3
271.0,pa_6,E5,5,3,3,0,"easyBike_forward3.1,easyBike_forward3.2,easyBike_forward3.0",NONE,"111.0,39.0,184.0",NONE,75.0,60.0,0.0,2,3
271.0,pa_6_rev,NEG_E5,5,3,0,0,NONE,NONE,NONE,NONE,0.0,0.0,0.0,5,3
271.0,pa_7,E6,4,2,0,0,NONE,NONE,NONE,NONE,0.0,0.0,0.0,4,2
271.0,pa_7_rev,NEG_E6,4,2,0,0,NONE,NONE,NONE,NONE,0.0,0.0,0.0,4,2
271.0,pa_8,E7,5,3,0,0,NONE,NONE,NONE,NONE,0.0,0.0,0.0,5,3
271.0,pa_8_rev,NEG_E7,5,3,5,3,"easyBike_reverse2.1,easyBike_reverse3.0,easyBike_reverse3.1,easyBike_reverse2.0,easyBike_reverse4.1","easyBike_reverse4.0,easyBike_reverse2.3,easyBike_reverse3.3","129.0,74.0,123.0,72.0,114.0","68.0,39.0,20.0",125.0,100.0,100.0,0,0
272.0,pa_2,E0,4,3,4,3,"easyBike_forward4.0,easyBike_forward2.0,easyBike_forward1.0,easyBike_forward1.1","easyBike_forward2.1,easyBike_forward4.1,easyBike_forward1.2","174.0,181.0,177.0,129.0","121.0,100.0,77.0",80.0,100.0,100.0,0,0
272.0,pa_2_rev,NEG_E0,4,3,0,0,NONE,NONE,NONE,NONE,0.0,0.0,0.0,4,3
272.0,pa_3,E1,4,3,0,0,NONE,NONE,NONE,NONE,0.0,0.0,0.0,4,3
272.0,pa_3_rev,NEG_E1,4,3,2,0,"easyBike_reverse1.2,easyBike_reverse1.0",NONE,"13.0,96.0",NONE,40.0,50.0,0.0,2,3
272.0,pa_6,E5,5,3,3,0,"easyBike_forward3.1,easyBike_forward3.2,easyBike_forward3.0",NONE,"112.0,40.0,185.0",NONE,75.0,60.0,0.0,2,3
272.0,pa_6_rev,NEG_E5,5,3,0,0,NONE,NONE,NONE,NONE,0.0,0.0,0.0,5,3
272.0,pa_7,E6,4,2,0,0,NONE,NONE,NONE,NONE,0.0,0.0,0.0,4,2
272.0,pa_7_rev,NEG_E6,4,2,0,0,NONE,NONE,NONE,NONE,0.0,0.0,0.0,4,2
272.0,pa_8,E7,5,3,0,0,NONE,NONE,NONE,NONE,0.0,0.0,0.0,5,3
272.0,pa_8_rev,NEG_E7,5,3,5,3,"easyBike_reverse2.1,easyBike_reverse3.0,easyBike_reverse3.1,easyBike_reverse2.0,easyBike_reverse4.1","easyBike_reverse4.0,easyBike_reverse2.3,easyBike_reverse3.3","130.0,75.0,124.0,73.0,115.0","69.0,40.0,21.0",125.0,100.0,100.0,0,0
273.0,pa_2,E0,4,3,4,3,"easyBike_forward4.0,easyBike_forward2.0,easyBike_forward1.0,easyBike_forward1.1","easyBike_forward2.1,easyBike_forward4.1,easyBike_forward1.2","175.0,182.0,178.0,130.0","122.0,101.0,78.0",80.0,100.0,100.0,0,0
273.0,pa_2_rev,NEG_E0,4,3,0,0,NONE,NONE,NONE,NONE,0.0,0.0,0.0,4,3
273.0,pa_3,E1,4,3,0,0,NONE,NONE,NONE,NONE,0.0,0.0,0.0,4,3
273.0,pa_3_rev,NEG_E1,4,3,2,0,"easyBike_reverse1.2,easyBike_reverse1.0",NONE,"14.0,97.0",NONE,40.0,50.0,0.0,2,3
273.0,pa_6,E5,5,3,3,0,"easyBike_forward3.1,easyBike_forward3.2,easyBike_forward3.0",NONE,"113.0,41.0,186.0",NONE,75.0,60.0,0.0,2,3
273.0,pa_6_rev,NEG_E5,5,3,0,0,NONE,NONE,NONE,NONE,0.0,0.0,0.0,5,3
273.0,pa_7,E6,4,2,0,0,NONE,NONE,NONE,NONE,0.0,0.0,0.0,4,2
273.0,pa_7_rev,NEG_E6,4,2,0,0,NONE,NONE,NONE,NONE,0.0,0.0,0.0,4,2
273.0,pa_8,E7,5,3,0,0,NONE,NONE,NONE,NONE,0.0,0.0,0.0,5,3
273.0,pa_8_rev,NEG_E7,5,3,5,3,"easyBike_reverse2.1,easyBike_reverse3.0,easyBike_reverse3.1,easyBike_reverse2.0,easyBike_reverse4.1","easyBike_reverse4.0,easyBike_reverse2.3,easyBike_reverse3.3","131.0,76.0,125.0,74.0,116.0","70.0,41.0,22.0",125.0,100.0,100.0,0,0
274.0,pa_2,E0,4,3,4,3,"easyBike_forward4.0,easyBike_forward2.0,easyBike_forward1.0,easyBike_forward1.1","easyBike_forward2.1,easyBike_forward4.1,easyBike_forward1.2","176.0,183.0,179.0,131.0","123.0,102.0,79.0",80.0,100.0,100.0,0,0
274.0,pa_2_rev,NEG_E0,4,3,0,0,NONE,NONE,NONE,NONE,0.0,0.0,0.0,4,3
274.0,pa_3,E1,4,3,0,0,NONE,NONE,NONE,NONE,0.0,0.0,0.0,4,3
274.0,pa_3_rev,NEG_E1,4,3,2,0,"easyBike_reverse1.2,easyBike_reverse1.0",NONE,"15.0,98.0",NONE,40.0,50.0,0.0,2,3
274.0,pa_6,E5,5,3,3,0,"easyBike_forward3.1,easyBike_forward3.2,easyBike_forward3.0",NONE,"114.0,42.0,187.0",NONE,75.0,60.0,0.0,2,3
274.0,pa_6_rev,NEG_E5,5,3,0,0,NONE,NONE,NONE,NONE,0.0,0.0,0.0,5,3
274.0,pa_7,E6,4,2,0,0,NONE,NONE,NONE,NONE,0.0,0.0,0.0,4,2
274.0,pa_7_rev,NEG_E6,4,2,0,0,NONE,NONE,NONE,NONE,0.0,0.0,0.0,4,2
274.0,pa_8,E7,5,3,0,0,NONE,NONE,NONE,NONE,0.0,0.0,0.0,5,3
274.0,pa_8_rev,NEG_E7,5,3,5,3,"easyBike_reverse2.1,easyBike_reverse3.0,easyBike_reverse3.1,easyBike_reverse2.0,easyBike_reverse4.1","easyBike_reverse4.0,easyBike_reverse2.3,easyBike_reverse3.3","132.0,77.0,126.0,75.0,117.0","71.0,42.0,23.0",125.0,100.0,100.0,0,0
275.0,pa_2,E0,4,3,4,3,"easyBike_forward4.0,easyBike_forward2.0,easyBike_forward1.0,easyBike_forward1.1","easyBike_forward2.1,easyBike_forward4.1,easyBike_forward1.2","177.0,184.0,180.0,132.0","124.0,103.0,80.0",80.0,100.0,100.0,0,0
275.0,pa_2_rev,NEG_E0,4,3,0,0,NONE,NONE,NONE,NONE,0.0,0.0,0.0,4,3
275.0,pa_3,E1,4,3,0,0,NONE,NONE,NONE,NONE,0.0,0.0,0.0,4,3
275.0,pa_3_rev,NEG_E1,4,3,2,0,"easyBike_reverse1.2,easyBike_reverse1.0",NONE,"16.0,99.0",NONE,40.0,50.0,0.0,2,3
275.0,pa_6,E5,5,3,3,0,"easyBike_forward3.1,easyBike_forward3.2,easyBike_forward3.0",NONE,"115.0,43.0,188.0",NONE,75.0,60.0,0.0,2,3
275.0,pa_6_rev,NEG_E5,5,3,0,0,NONE,NONE,NONE,NONE,0.0,0.0,0.0,5,3
275.0,pa_7,E6,4,2,0,0,NONE,NONE,NONE,NONE,0.0,0.0,0.0,4,2
275.0,pa_7_rev,NEG_E6,4,2,0,0,NONE,NONE,NONE,NONE,0.0,0.0,0.0,4,2
275.0,pa_8,E7,5,3,0,0,NONE,NONE,NONE,NONE,0.0,0.0,0.0,5,3
275.0,pa_8_rev,NEG_E7,5,3,5,3,"easyBike_reverse2.1,easyBike_reverse3.0,easyBike_reverse3.1,easyBike_reverse2.0,easyBike_reverse4.1","easyBike_reverse4.0,easyBike_reverse2.3,easyBike_reverse3.3","133.0,78.0,127.0,76.0,118.0","72.0,43.0,24.0",125.0,100.0,100.0,0,0
276.0,pa_2,E0,4,3,4,3,"easyBike_forward4.0,easyBike_forward2.0,easyBike_forward1.0,easyBike_forward1.1","easyBike_forward2.1,easyBike_forward4.1,easyBike_forward1.2","178.0,185.0,181.0,133.0","125.0,104.0,81.0",80.0,100.0,100.0,0,0
276.0,pa_2_rev,NEG_E0,4,3,0,0,NONE,NONE,NONE,NONE,0.0,0.0,0.0,4,3
276.0,pa_3,E1,4,3,0,0,NONE,NONE,NONE,NONE,0.0,0.0,0.0,4,3
276.0,pa_3_rev,NEG_E1,4,3,2,0,"easyBike_reverse1.2,easyBike_reverse1.0",NONE,"17.0,100.0",NONE,40.0,50.0,0.0,2,3
276.0,pa_6,E5,5,3,3,0,"easyBike_forward3.1,easyBike_forward3.2,easyBike_forward3.0",NONE,"116.0,44.0,189.0",NONE,75.0,60.0,0.0,2,3
276.0,pa_6_rev,NEG_E5,5,3,0,0,NONE,NONE,NONE,NONE,0.0,0.0,0.0,5,3
276.0,pa_7,E6,4,2,0,0,NONE,NONE,NONE,NONE,0.0,0.0,0.0,4,2
276.0,pa_7_rev,NEG_E6,4,2,0,0,NONE,NONE,NONE,NONE,0.0,0.0,0.0,4,2
276.0,pa_8,E7,5,3,0,0,NONE,NONE,NONE,NONE,0.0,0.0,0.0,5,3
276.0,pa_8_rev,NEG_E7,5,3,5,3,"easyBike_reverse2.1,easyBike_reverse3.0,easyBike_reverse3.1,easyBike_reverse2.0,easyBike_reverse4.1","easyBike_reverse4.0,easyBike_reverse2.3,easyBike_reverse3.3","134.0,79.0,128.0,77.0,119.0","73.0,44.0,25.0",125.0,100.0,100.0,0,0
277.0,pa_2,E0,4,3,4,3,"easyBike_forward4.0,easyBike_forward2.0,easyBike_forward1.0,easyBike_forward1.1","easyBike_forward2.1,easyBike_forward4.1,easyBike_forward1.2","179.0,186.0,182.0,134.0","126.0,105.0,82.0",80.0,100.0,100.0,0,0
277.0,pa_2_rev,NEG_E0,4,3,0,0,NONE,NONE,NONE,NONE,0.0,0.0,0.0,4,3
277.0,pa_3,E1,4,3,0,0,NONE,NONE,NONE,NONE,0.0,0.0,0.0,4,3
277.0,pa_3_rev,NEG_E1,4,3,2,0,"easyBike_reverse1.2,easyBike_reverse1.0",NONE,"18.0,101.0",NONE,40.0,50.0,0.0,2,3
277.0,pa_6,E5,5,3,3,0,"easyBike_forward3.1,easyBike_forward3.2,easyBike_forward3.0",NONE,"117.0,45.0,190.0",NONE,75.0,60.0,0.0,2,3
277.0,pa_6_rev,NEG_E5,5,3,0,0,NONE,NONE,NONE,NONE,0.0,0.0,0.0,5,3
277.0,pa_7,E6,4,2,0,0,NONE,NONE,NONE,NONE,0.0,0.0,0.0,4,2
277.0,pa_7_rev,NEG_E6,4,2,1,0,eRickshaw_reverse3.0,NONE,0.0,NONE,20.0,25.0,0.0,3,2
277.0,pa_8,E7,5,3,0,0,NONE,NONE,NONE,NONE,0.0,0.0,0.0,5,3
277.0,pa_8_rev,NEG_E7,5,3,5,3,"easyBike_reverse2.1,easyBike_reverse3.0,easyBike_reverse3.1,easyBike_reverse2.0,easyBike_reverse4.1","easyBike_reverse4.0,easyBike_reverse2.3,easyBike_reverse3.3","135.0,80.0,129.0,78.0,120.0","74.0,45.0,26.0",125.0,100.0,100.0,0,0
278.0,pa_2,E0,4,3,4,3,"easyBike_forward4.0,easyBike_forward2.0,easyBike_forward1.0,easyBike_forward1.1","easyBike_forward2.1,easyBike_forward4.1,easyBike_forward1.2","180.0,187.0,183.0,135.0","127.0,106.0,83.0",80.0,100.0,100.0,0,0
278.0,pa_2_rev,NEG_E0,4,3,0,0,NONE,NONE,NONE,NONE,0.0,0.0,0.0,4,3
278.0,pa_3,E1,4,3,0,0,NONE,NONE,NONE,NONE,0.0,0.0,0.0,4,3
278.0,pa_3_rev,NEG_E1,4,3,2,0,"easyBike_reverse1.2,easyBike_reverse1.0",NONE,"19.0,102.0",NONE,40.0,50.0,0.0,2,3
278.0,pa_6,E5,5,3,3,0,"easyBike_forward3.1,easyBike_forward3.2,easyBike_forward3.0",NONE,"118.0,46.0,191.0",NONE,75.0,60.0,0.0,2,3
278.0,pa_6_rev,NEG_E5,5,3,0,0,NONE,NONE,NONE,NONE,0.0,0.0,0.0,5,3
278.0,pa_7,E6,4,2,0,0,NONE,NONE,NONE,NONE,0.0,0.0,0.0,4,2
278.0,pa_7_rev,NEG_E6,4,2,1,0,eRickshaw_reverse3.0,NONE,1.0,NONE,20.0,25.0,0.0,3,2
278.0,pa_8,E7,5,3,0,0,NONE,NONE,NONE,NONE,0.0,0.0,0.0,5,3
278.0,pa_8_rev,NEG_E7,5,3,5,3,"easyBike_reverse2.1,easyBike_reverse3.0,easyBike_reverse3.1,easyBike_reverse2.0,easyBike_reverse4.1","easyBike_reverse4.0,easyBike_reverse2.3,easyBike_reverse3.3","136.0,81.0,130.0,79.0,121.0","75.0,46.0,27.0",125.0,100.0,100.0,0,0
279.0,pa_2,E0,4,3,4,3,"easyBike_forward4.0,easyBike_forward2.0,easyBike_forward1.0,easyBike_forward1.1","easyBike_forward2.1,easyBike_forward4.1,easyBike_forward1.2","181.0,188.0,184.0,136.0","128.0,107.0,84.0",80.0,100.0,100.0,0,0
279.0,pa_2_rev,NEG_E0,4,3,0,0,NONE,NONE,NONE,NONE,0.0,0.0,0.0,4,3
279.0,pa_3,E1,4,3,0,0,NONE,NONE,NONE,NONE,0.0,0.0,0.0,4,3
279.0,pa_3_rev,NEG_E1,4,3,2,0,"easyBike_reverse1.2,easyBike_reverse1.0",NONE,"20.0,103.0",NONE,40.0,50.0,0.0,2,3
279.0,pa_6,E5,5,3,3,0,"easyBike_forward3.1,easyBike_forward3.2,easyBike_forward3.0",NONE,"119.0,47.0,192.0",NONE,75.0,60.0,0.0,2,3
279.0,pa_6_rev,NEG_E5,5,3,0,0,NONE,NONE,NONE,NONE,0.0,0.0,0.0,5,3
279.0,pa_7,E6,4,2,0,0,NONE,NONE,NONE,NONE,0.0,0.0,0.0,4,2
279.0,pa_7_rev,NEG_E6,4,2,1,0,eRickshaw_reverse3.0,NONE,2.0,NONE,20.0,25.0,0.0,3,2
279.0,pa_8,E7,5,3,0,0,NONE,NONE,NONE,NONE,0.0,0.0,0.0,5,3
279.0,pa_8_rev,NEG_E7,5,3,5,3,"easyBike_reverse2.1,easyBike_reverse3.0,easyBike_reverse3.1,easyBike_reverse2.0,easyBike_reverse4.1","easyBike_reverse4.0,easyBike_reverse2.3,easyBike_reverse3.3","137.0,82.0,131.0,80.0,122.0","76.0,47.0,28.0",125.0,100.0,100.0,0,0
280.0,pa_2,E0,4,3,4,3,"easyBike_forward4.0,easyBike_forward2.0,easyBike_forward1.0,easyBike_forward1.1","easyBike_forward2.1,easyBike_forward4.1,easyBike_forward1.2","182.0,189.0,185.0,137.0","129.0,108.0,85.0",80.0,100.0,100.0,0,0
280.0,pa_2_rev,NEG_E0,4,3,0,0,NONE,NONE,NONE,NONE,0.0,0.0,0.0,4,3
280.0,pa_3,E1,4,3,0,0,NONE,NONE,NONE,NONE,0.0,0.0,0.0,4,3
280.0,pa_3_rev,NEG_E1,4,3,3,0,"easyBike_reverse1.2,easyBike_reverse1.0,eRickshaw_reverse1.0",NONE,"21.0,104.0,0.0",NONE,60.0,75.0,0.0,1,3
280.0,pa_6,E5,5,3,3,0,"easyBike_forward3.1,easyBike_forward3.2,easyBike_forward3.0",NONE,"120.0,48.0,193.0",NONE,75.0,60.0,0.0,2,3
280.0,pa_6_rev,NEG_E5,5,3,0,0,NONE,NONE,NONE,NONE,0.0,0.0,0.0,5,3
280.0,pa_7,E6,4,2,0,0,NONE,NONE,NONE,NONE,0.0,0.0,0.0,4,2
280.0,pa_7_rev,NEG_E6,4,2,1,0,eRickshaw_reverse3.0,NONE,3.0,NONE,20.0,25.0,0.0,3,2
280.0,pa_8,E7,5,3,0,0,NONE,NONE,NONE,NONE,0.0,0.0,0.0,5,3
280.0,pa_8_rev,NEG_E7,5,3,5,3,"easyBike_reverse2.1,easyBike_reverse3.0,easyBike_reverse3.1,easyBike_reverse2.0,easyBike_reverse4.1","easyBike_reverse4.0,easyBike_reverse2.3,easyBike_reverse3.3","138.0,83.0,132.0,81.0,123.0","77.0,48.0,29.0",125.0,100.0,100.0,0,0
281.0,pa_2,E0,4,3,4,3,"easyBike_forward4.0,easyBike_forward2.0,easyBike_forward1.0,easyBike_forward1.1","easyBike_forward2.1,easyBike_forward4.1,easyBike_forward1.2","183.0,190.0,186.0,138.0","130.0,109.0,86.0",80.0,100.0,100.0,0,0
281.0,pa_2_rev,NEG_E0,4,3,0,0,NONE,NONE,NONE,NONE,0.0,0.0,0.0,4,3
281.0,pa_3,E1,4,3,0,0,NONE,NONE,NONE,NONE,0.0,0.0,0.0,4,3
281.0,pa_3_rev,NEG_E1,4,3,3,0,"easyBike_reverse1.2,easyBike_reverse1.0,eRickshaw_reverse1.0",NONE,"22.0,105.0,1.0",NONE,60.0,75.0,0.0,1,3
281.0,pa_6,E5,5,3,3,0,"easyBike_forward3.1,easyBike_forward3.2,easyBike_forward3.0",NONE,"121.0,49.0,194.0",NONE,75.0,60.0,0.0,2,3
281.0,pa_6_rev,NEG_E5,5,3,0,0,NONE,NONE,NONE,NONE,0.0,0.0,0.0,5,3
281.0,pa_7,E6,4,2,0,0,NONE,NONE,NONE,NONE,0.0,0.0,0.0,4,2
281.0,pa_7_rev,NEG_E6,4,2,1,0,eRickshaw_reverse3.0,NONE,4.0,NONE,20.0,25.0,0.0,3,2
281.0,pa_8,E7,5,3,0,0,NONE,NONE,NONE,NONE,0.0,0.0,0.0,5,3
281.0,pa_8_rev,NEG_E7,5,3,5,3,"easyBike_reverse2.1,easyBike_reverse3.0,easyBike_reverse3.1,easyBike_reverse2.0,easyBike_reverse4.1","easyBike_reverse4.0,easyBike_reverse2.3,easyBike_reverse3.3","139.0,84.0,133.0,82.0,124.0","78.0,49.0,30.0",125.0,100.0,100.0,0,0
282.0,pa_2,E0,4,3,4,3,"easyBike_forward4.0,easyBike_forward2.0,easyBike_forward1.0,easyBike_forward1.1","easyBike_forward2.1,easyBike_forward4.1,easyBike_forward1.2","184.0,191.0,187.0,139.0","131.0,110.0,87.0",80.0,100.0,100.0,0,0
282.0,pa_2_rev,NEG_E0,4,3,0,0,NONE,NONE,NONE,NONE,0.0,0.0,0.0,4,3
282.0,pa_3,E1,4,3,0,0,NONE,NONE,NONE,NONE,0.0,0.0,0.0,4,3
282.0,pa_3_rev,NEG_E1,4,3,3,0,"easyBike_reverse1.2,easyBike_reverse1.0,eRickshaw_reverse1.0",NONE,"23.0,106.0,2.0",NONE,60.0,75.0,0.0,1,3
282.0,pa_6,E5,5,3,3,0,"easyBike_forward3.1,easyBike_forward3.2,easyBike_forward3.0",NONE,"122.0,50.0,195.0",NONE,75.0,60.0,0.0,2,3
282.0,pa_6_rev,NEG_E5,5,3,0,0,NONE,NONE,NONE,NONE,0.0,0.0,0.0,5,3
282.0,pa_7,E6,4,2,0,0,NONE,NONE,NONE,NONE,0.0,0.0,0.0,4,2
282.0,pa_7_rev,NEG_E6,4,2,1,0,eRickshaw_reverse3.0,NONE,5.0,NONE,20.0,25.0,0.0,3,2
282.0,pa_8,E7,5,3,0,0,NONE,NONE,NONE,NONE,0.0,0.0,0.0,5,3
282.0,pa_8_rev,NEG_E7,5,3,5,3,"easyBike_reverse2.1,easyBike_reverse3.0,easyBike_reverse3.1,easyBike_reverse2.0,easyBike_reverse4.1","easyBike_reverse4.0,easyBike_reverse2.3,easyBike_reverse3.3","140.0,85.0,134.0,83.0,125.0","79.0,50.0,31.0",125.0,100.0,100.0,0,0
283.0,pa_2,E0,4,3,4,3,"easyBike_forward4.0,easyBike_forward2.0,easyBike_forward1.0,easyBike_forward1.1","easyBike_forward2.1,easyBike_forward4.1,easyBike_forward1.2","185.0,192.0,188.0,140.0","132.0,111.0,88.0",80.0,100.0,100.0,0,0
283.0,pa_2_rev,NEG_E0,4,3,0,0,NONE,NONE,NONE,NONE,0.0,0.0,0.0,4,3
283.0,pa_3,E1,4,3,0,0,NONE,NONE,NONE,NONE,0.0,0.0,0.0,4,3
283.0,pa_3_rev,NEG_E1,4,3,3,0,"easyBike_reverse1.2,easyBike_reverse1.0,eRickshaw_reverse1.0",NONE,"24.0,107.0,3.0",NONE,60.0,75.0,0.0,1,3
283.0,pa_6,E5,5,3,3,0,"easyBike_forward3.1,easyBike_forward3.2,easyBike_forward3.0",NONE,"123.0,51.0,196.0",NONE,75.0,60.0,0.0,2,3
283.0,pa_6_rev,NEG_E5,5,3,0,0,NONE,NONE,NONE,NONE,0.0,0.0,0.0,5,3
283.0,pa_7,E6,4,2,0,0,NONE,NONE,NONE,NONE,0.0,0.0,0.0,4,2
283.0,pa_7_rev,NEG_E6,4,2,1,0,eRickshaw_reverse3.0,NONE,6.0,NONE,20.0,25.0,0.0,3,2
283.0,pa_8,E7,5,3,0,0,NONE,NONE,NONE,NONE,0.0,0.0,0.0,5,3
283.0,pa_8_rev,NEG_E7,5,3,5,3,"easyBike_reverse2.1,easyBike_reverse3.0,easyBike_reverse3.1,easyBike_reverse2.0,easyBike_reverse4.1","easyBike_reverse4.0,easyBike_reverse2.3,easyBike_reverse3.3","141.0,86.0,135.0,84.0,126.0","80.0,51.0,32.0",125.0,100.0,100.0,0,0
284.0,pa_2,E0,4,3,4,3,"easyBike_forward4.0,easyBike_forward2.0,easyBike_forward1.0,easyBike_forward1.1","easyBike_forward2.1,easyBike_forward4.1,easyBike_forward1.2","186.0,193.0,189.0,141.0","133.0,112.0,89.0",80.0,100.0,100.0,0,0
284.0,pa_2_rev,NEG_E0,4,3,0,0,NONE,NONE,NONE,NONE,0.0,0.0,0.0,4,3
284.0,pa_3,E1,4,3,0,0,NONE,NONE,NONE,NONE,0.0,0.0,0.0,4,3
284.0,pa_3_rev,NEG_E1,4,3,3,0,"easyBike_reverse1.2,easyBike_reverse1.0,eRickshaw_reverse1.0",NONE,"25.0,108.0,4.0",NONE,60.0,75.0,0.0,1,3
284.0,pa_6,E5,5,3,3,0,"easyBike_forward3.1,easyBike_forward3.2,easyBike_forward3.0",NONE,"124.0,52.0,197.0",NONE,75.0,60.0,0.0,2,3
284.0,pa_6_rev,NEG_E5,5,3,0,0,NONE,NONE,NONE,NONE,0.0,0.0,0.0,5,3
284.0,pa_7,E6,4,2,0,0,NONE,NONE,NONE,NONE,0.0,0.0,0.0,4,2
284.0,pa_7_rev,NEG_E6,4,2,1,0,eRickshaw_reverse3.0,NONE,7.0,NONE,20.0,25.0,0.0,3,2
284.0,pa_8,E7,5,3,0,0,NONE,NONE,NONE,NONE,0.0,0.0,0.0,5,3
284.0,pa_8_rev,NEG_E7,5,3,5,3,"easyBike_reverse2.1,easyBike_reverse3.0,easyBike_reverse3.1,easyBike_reverse2.0,easyBike_reverse4.1","easyBike_reverse4.0,easyBike_reverse2.3,easyBike_reverse3.3","142.0,87.0,136.0,85.0,127.0","81.0,52.0,33.0",125.0,100.0,100.0,0,0
285.0,pa_2,E0,4,3,4,3,"easyBike_forward4.0,easyBike_forward2.0,easyBike_forward1.0,easyBike_forward1.1","easyBike_forward2.1,easyBike_forward4.1,easyBike_forward1.2","187.0,194.0,190.0,142.0","134.0,113.0,90.0",80.0,100.0,100.0,0,0
285.0,pa_2_rev,NEG_E0,4,3,0,0,NONE,NONE,NONE,NONE,0.0,0.0,0.0,4,3
285.0,pa_3,E1,4,3,0,0,NONE,NONE,NONE,NONE,0.0,0.0,0.0,4,3
285.0,pa_3_rev,NEG_E1,4,3,3,0,"easyBike_reverse1.2,easyBike_reverse1.0,eRickshaw_reverse1.0",NONE,"26.0,109.0,5.0",NONE,60.0,75.0,0.0,1,3
285.0,pa_6,E5,5,3,3,0,"easyBike_forward3.1,easyBike_forward3.2,easyBike_forward3.0",NONE,"125.0,53.0,198.0",NONE,75.0,60.0,0.0,2,3
285.0,pa_6_rev,NEG_E5,5,3,0,0,NONE,NONE,NONE,NONE,0.0,0.0,0.0,5,3
285.0,pa_7,E6,4,2,0,0,NONE,NONE,NONE,NONE,0.0,0.0,0.0,4,2
285.0,pa_7_rev,NEG_E6,4,2,1,0,eRickshaw_reverse3.0,NONE,8.0,NONE,20.0,25.0,0.0,3,2
285.0,pa_8,E7,5,3,0,0,NONE,NONE,NONE,NONE,0.0,0.0,0.0,5,3
285.0,pa_8_rev,NEG_E7,5,3,5,3,"easyBike_reverse2.1,easyBike_reverse3.0,easyBike_reverse3.1,easyBike_reverse2.0,easyBike_reverse4.1","easyBike_reverse4.0,easyBike_reverse2.3,easyBike_reverse3.3","143.0,88.0,137.0,86.0,128.0","82.0,53.0,34.0",125.0,100.0,100.0,0,0
286.0,pa_2,E0,4,3,4,3,"easyBike_forward4.0,easyBike_forward2.0,easyBike_forward1.0,easyBike_forward1.1","easyBike_forward2.1,easyBike_forward4.1,easyBike_forward1.2","188.0,195.0,191.0,143.0","135.0,114.0,91.0",80.0,100.0,100.0,0,0
286.0,pa_2_rev,NEG_E0,4,3,0,0,NONE,NONE,NONE,NONE,0.0,0.0,0.0,4,3
286.0,pa_3,E1,4,3,0,0,NONE,NONE,NONE,NONE,0.0,0.0,0.0,4,3
286.0,pa_3_rev,NEG_E1,4,3,3,0,"easyBike_reverse1.2,easyBike_reverse1.0,eRickshaw_reverse1.0",NONE,"27.0,110.0,6.0",NONE,60.0,75.0,0.0,1,3
286.0,pa_6,E5,5,3,3,0,"easyBike_forward3.1,easyBike_forward3.2,easyBike_forward3.0",NONE,"126.0,54.0,199.0",NONE,75.0,60.0,0.0,2,3
286.0,pa_6_rev,NEG_E5,5,3,0,0,NONE,NONE,NONE,NONE,0.0,0.0,0.0,5,3
286.0,pa_7,E6,4,2,0,0,NONE,NONE,NONE,NONE,0.0,0.0,0.0,4,2
286.0,pa_7_rev,NEG_E6,4,2,1,0,eRickshaw_reverse3.0,NONE,9.0,NONE,20.0,25.0,0.0,3,2
286.0,pa_8,E7,5,3,0,0,NONE,NONE,NONE,NONE,0.0,0.0,0.0,5,3
286.0,pa_8_rev,NEG_E7,5,3,5,3,"easyBike_reverse2.1,easyBike_reverse3.0,easyBike_reverse3.1,easyBike_reverse2.0,easyBike_reverse4.1","easyBike_reverse4.0,easyBike_reverse2.3,easyBike_reverse3.3","144.0,89.0,138.0,87.0,129.0","83.0,54.0,35.0",125.0,100.0,100.0,0,0
287.0,pa_2,E0,4,3,4,3,"easyBike_forward4.0,easyBike_forward2.0,easyBike_forward1.0,easyBike_forward1.1","easyBike_forward2.1,easyBike_forward4.1,easyBike_forward1.2","189.0,196.0,192.0,144.0","136.0,115.0,92.0",80.0,100.0,100.0,0,0
287.0,pa_2_rev,NEG_E0,4,3,0,0,NONE,NONE,NONE,NONE,0.0,0.0,0.0,4,3
287.0,pa_3,E1,4,3,0,0,NONE,NONE,NONE,NONE,0.0,0.0,0.0,4,3
287.0,pa_3_rev,NEG_E1,4,3,3,0,"easyBike_reverse1.2,easyBike_reverse1.0,eRickshaw_reverse1.0",NONE,"28.0,111.0,7.0",NONE,60.0,75.0,0.0,1,3
287.0,pa_6,E5,5,3,3,0,"easyBike_forward3.1,easyBike_forward3.2,easyBike_forward3.0",NONE,"127.0,55.0,200.0",NONE,75.0,60.0,0.0,2,3
287.0,pa_6_rev,NEG_E5,5,3,0,0,NONE,NONE,NONE,NONE,0.0,0.0,0.0,5,3
287.0,pa_7,E6,4,2,0,0,NONE,NONE,NONE,NONE,0.0,0.0,0.0,4,2
287.0,pa_7_rev,NEG_E6,4,2,1,0,eRickshaw_reverse3.0,NONE,10.0,NONE,20.0,25.0,0.0,3,2
287.0,pa_8,E7,5,3,0,0,NONE,NONE,NONE,NONE,0.0,0.0,0.0,5,3
287.0,pa_8_rev,NEG_E7,5,3,5,3,"easyBike_reverse2.1,easyBike_reverse3.0,easyBike_reverse3.1,easyBike_reverse2.0,easyBike_reverse4.1","easyBike_reverse4.0,easyBike_reverse2.3,easyBike_reverse3.3","145.0,90.0,139.0,88.0,130.0","84.0,55.0,36.0",125.0,100.0,100.0,0,0
288.0,pa_2,E0,4,3,4,3,"easyBike_forward4.0,easyBike_forward2.0,easyBike_forward1.0,easyBike_forward1.1","easyBike_forward2.1,easyBike_forward4.1,easyBike_forward1.2","190.0,197.0,193.0,145.0","137.0,116.0,93.0",80.0,100.0,100.0,0,0
288.0,pa_2_rev,NEG_E0,4,3,0,0,NONE,NONE,NONE,NONE,0.0,0.0,0.0,4,3
288.0,pa_3,E1,4,3,0,0,NONE,NONE,NONE,NONE,0.0,0.0,0.0,4,3
288.0,pa_3_rev,NEG_E1,4,3,3,0,"easyBike_reverse1.2,easyBike_reverse1.0,eRickshaw_reverse1.0",NONE,"29.0,112.0,8.0",NONE,60.0,75.0,0.0,1,3
288.0,pa_6,E5,5,3,3,0,"easyBike_forward3.1,easyBike_forward3.2,easyBike_forward3.0",NONE,"128.0,56.0,201.0",NONE,75.0,60.0,0.0,2,3
288.0,pa_6_rev,NEG_E5,5,3,0,0,NONE,NONE,NONE,NONE,0.0,0.0,0.0,5,3
288.0,pa_7,E6,4,2,0,0,NONE,NONE,NONE,NONE,0.0,0.0,0.0,4,2
288.0,pa_7_rev,NEG_E6,4,2,1,0,eRickshaw_reverse3.0,NONE,11.0,NONE,20.0,25.0,0.0,3,2
288.0,pa_8,E7,5,3,0,0,NONE,NONE,NONE,NONE,0.0,0.0,0.0,5,3
288.0,pa_8_rev,NEG_E7,5,3,5,3,"easyBike_reverse2.1,easyBike_reverse3.0,easyBike_reverse3.1,easyBike_reverse2.0,easyBike_reverse4.1","easyBike_reverse4.0,easyBike_reverse2.3,easyBike_reverse3.3","146.0,91.0,140.0,89.0,131.0","85.0,56.0,37.0",125.0,100.0,100.0,0,0
289.0,pa_2,E0,4,3,4,3,"easyBike_forward4.0,easyBike_forward2.0,easyBike_forward1.0,easyBike_forward1.1","easyBike_forward2.1,easyBike_forward4.1,easyBike_forward1.2","191.0,198.0,194.0,146.0","138.0,117.0,94.0",80.0,100.0,100.0,0,0
289.0,pa_2_rev,NEG_E0,4,3,0,0,NONE,NONE,NONE,NONE,0.0,0.0,0.0,4,3
289.0,pa_3,E1,4,3,0,0,NONE,NONE,NONE,NONE,0.0,0.0,0.0,4,3
289.0,pa_3_rev,NEG_E1,4,3,3,0,"easyBike_reverse1.2,easyBike_reverse1.0,eRickshaw_reverse1.0",NONE,"30.0,113.0,9.0",NONE,60.0,75.0,0.0,1,3
289.0,pa_6,E5,5,3,3,0,"easyBike_forward3.1,easyBike_forward3.2,easyBike_forward3.0",NONE,"129.0,57.0,202.0",NONE,75.0,60.0,0.0,2,3
289.0,pa_6_rev,NEG_E5,5,3,0,0,NONE,NONE,NONE,NONE,0.0,0.0,0.0,5,3
289.0,pa_7,E6,4,2,0,0,NONE,NONE,NONE,NONE,0.0,0.0,0.0,4,2
289.0,pa_7_rev,NEG_E6,4,2,1,0,eRickshaw_reverse3.0,NONE,12.0,NONE,20.0,25.0,0.0,3,2
289.0,pa_8,E7,5,3,0,0,NONE,NONE,NONE,NONE,0.0,0.0,0.0,5,3
289.0,pa_8_rev,NEG_E7,5,3,5,3,"easyBike_reverse2.1,easyBike_reverse3.0,easyBike_reverse3.1,easyBike_reverse2.0,easyBike_reverse4.1","easyBike_reverse4.0,easyBike_reverse2.3,easyBike_reverse3.3","147.0,92.0,141.0,90.0,132.0","86.0,57.0,38.0",125.0,100.0,100.0,0,0
290.0,pa_2,E0,4,3,4,3,"easyBike_forward4.0,easyBike_forward2.0,easyBike_forward1.0,easyBike_forward1.1","easyBike_forward2.1,easyBike_forward4.1,easyBike_forward1.2","192.0,199.0,195.0,147.0","139.0,118.0,95.0",80.0,100.0,100.0,0,0
290.0,pa_2_rev,NEG_E0,4,3,0,0,NONE,NONE,NONE,NONE,0.0,0.0,0.0,4,3
290.0,pa_3,E1,4,3,0,0,NONE,NONE,NONE,NONE,0.0,0.0,0.0,4,3
290.0,pa_3_rev,NEG_E1,4,3,3,0,"easyBike_reverse1.2,easyBike_reverse1.0,eRickshaw_reverse1.0",NONE,"31.0,114.0,10.0",NONE,60.0,75.0,0.0,1,3
290.0,pa_6,E5,5,3,3,0,"easyBike_forward3.1,easyBike_forward3.2,easyBike_forward3.0",NONE,"130.0,58.0,203.0",NONE,75.0,60.0,0.0,2,3
290.0,pa_6_rev,NEG_E5,5,3,0,0,NONE,NONE,NONE,NONE,0.0,0.0,0.0,5,3
290.0,pa_7,E6,4,2,0,0,NONE,NONE,NONE,NONE,0.0,0.0,0.0,4,2
290.0,pa_7_rev,NEG_E6,4,2,1,0,eRickshaw_reverse3.0,NONE,13.0,NONE,20.0,25.0,0.0,3,2
290.0,pa_8,E7,5,3,0,0,NONE,NONE,NONE,NONE,0.0,0.0,0.0,5,3
290.0,pa_8_rev,NEG_E7,5,3,5,3,"easyBike_reverse2.1,easyBike_reverse3.0,easyBike_reverse3.1,easyBike_reverse2.0,easyBike_reverse4.1","easyBike_reverse4.0,easyBike_reverse2.3,easyBike_reverse3.3","148.0,93.0,142.0,91.0,133.0","87.0,58.0,39.0",125.0,100.0,100.0,0,0
291.0,pa_2,E0,4,3,4,3,"easyBike_forward4.0,easyBike_forward2.0,easyBike_forward1.0,easyBike_forward1.1","easyBike_forward2.1,easyBike_forward4.1,easyBike_forward1.2","193.0,200.0,196.0,148.0","140.0,119.0,96.0",80.0,100.0,100.0,0,0
291.0,pa_2_rev,NEG_E0,4,3,0,0,NONE,NONE,NONE,NONE,0.0,0.0,0.0,4,3
291.0,pa_3,E1,4,3,0,0,NONE,NONE,NONE,NONE,0.0,0.0,0.0,4,3
291.0,pa_3_rev,NEG_E1,4,3,3,0,"easyBike_reverse1.2,easyBike_reverse1.0,eRickshaw_reverse1.0",NONE,"32.0,115.0,11.0",NONE,60.0,75.0,0.0,1,3
291.0,pa_6,E5,5,3,3,0,"easyBike_forward3.1,easyBike_forward3.2,easyBike_forward3.0",NONE,"131.0,59.0,204.0",NONE,75.0,60.0,0.0,2,3
291.0,pa_6_rev,NEG_E5,5,3,0,0,NONE,NONE,NONE,NONE,0.0,0.0,0.0,5,3
291.0,pa_7,E6,4,2,0,0,NONE,NONE,NONE,NONE,0.0,0.0,0.0,4,2
291.0,pa_7_rev,NEG_E6,4,2,1,0,eRickshaw_reverse3.0,NONE,14.0,NONE,20.0,25.0,0.0,3,2
291.0,pa_8,E7,5,3,0,0,NONE,NONE,NONE,NONE,0.0,0.0,0.0,5,3
291.0,pa_8_rev,NEG_E7,5,3,5,3,"easyBike_reverse2.1,easyBike_reverse3.0,easyBike_reverse3.1,easyBike_reverse2.0,easyBike_reverse4.1","easyBike_reverse4.0,easyBike_reverse2.3,easyBike_reverse3.3","149.0,94.0,143.0,92.0,134.0","88.0,59.0,40.0",125.0,100.0,100.0,0,0
292.0,pa_2,E0,4,3,4,3,"easyBike_forward4.0,easyBike_forward2.0,easyBike_forward1.0,easyBike_forward1.1","easyBike_forward2.1,easyBike_forward4.1,easyBike_forward1.2","194.0,201.0,197.0,149.0","141.0,120.0,97.0",80.0,100.0,100.0,0,0
292.0,pa_2_rev,NEG_E0,4,3,0,0,NONE,NONE,NONE,NONE,0.0,0.0,0.0,4,3
292.0,pa_3,E1,4,3,0,0,NONE,NONE,NONE,NONE,0.0,0.0,0.0,4,3
292.0,pa_3_rev,NEG_E1,4,3,3,0,"easyBike_reverse1.2,easyBike_reverse1.0,eRickshaw_reverse1.0",NONE,"33.0,116.0,12.0",NONE,60.0,75.0,0.0,1,3
292.0,pa_6,E5,5,3,3,0,"easyBike_forward3.1,easyBike_forward3.2,easyBike_forward3.0",NONE,"132.0,60.0,205.0",NONE,75.0,60.0,0.0,2,3
292.0,pa_6_rev,NEG_E5,5,3,0,0,NONE,NONE,NONE,NONE,0.0,0.0,0.0,5,3
292.0,pa_7,E6,4,2,0,0,NONE,NONE,NONE,NONE,0.0,0.0,0.0,4,2
292.0,pa_7_rev,NEG_E6,4,2,1,0,eRickshaw_reverse3.0,NONE,15.0,NONE,20.0,25.0,0.0,3,2
292.0,pa_8,E7,5,3,0,0,NONE,NONE,NONE,NONE,0.0,0.0,0.0,5,3
292.0,pa_8_rev,NEG_E7,5,3,5,3,"easyBike_reverse2.1,easyBike_reverse3.0,easyBike_reverse3.1,easyBike_reverse2.0,easyBike_reverse4.1","easyBike_reverse4.0,easyBike_reverse2.3,easyBike_reverse3.3","150.0,95.0,144.0,93.0,135.0","89.0,60.0,41.0",125.0,100.0,100.0,0,0
293.0,pa_2,E0,4,3,4,3,"easyBike_forward4.0,easyBike_forward2.0,easyBike_forward1.0,easyBike_forward1.1","easyBike_forward2.1,easyBike_forward4.1,easyBike_forward1.2","195.0,202.0,198.0,150.0","142.0,121.0,98.0",80.0,100.0,100.0,0,0
293.0,pa_2_rev,NEG_E0,4,3,0,0,NONE,NONE,NONE,NONE,0.0,0.0,0.0,4,3
293.0,pa_3,E1,4,3,0,0,NONE,NONE,NONE,NONE,0.0,0.0,0.0,4,3
293.0,pa_3_rev,NEG_E1,4,3,3,0,"easyBike_reverse1.2,easyBike_reverse1.0,eRickshaw_reverse1.0",NONE,"34.0,117.0,13.0",NONE,60.0,75.0,0.0,1,3
293.0,pa_6,E5,5,3,3,0,"easyBike_forward3.1,easyBike_forward3.2,easyBike_forward3.0",NONE,"133.0,61.0,206.0",NONE,75.0,60.0,0.0,2,3
293.0,pa_6_rev,NEG_E5,5,3,0,0,NONE,NONE,NONE,NONE,0.0,0.0,0.0,5,3
293.0,pa_7,E6,4,2,0,0,NONE,NONE,NONE,NONE,0.0,0.0,0.0,4,2
293.0,pa_7_rev,NEG_E6,4,2,1,0,eRickshaw_reverse3.0,NONE,16.0,NONE,20.0,25.0,0.0,3,2
293.0,pa_8,E7,5,3,0,0,NONE,NONE,NONE,NONE,0.0,0.0,0.0,5,3
293.0,pa_8_rev,NEG_E7,5,3,5,3,"easyBike_reverse2.1,easyBike_reverse3.0,easyBike_reverse3.1,easyBike_reverse2.0,easyBike_reverse4.1","easyBike_reverse4.0,easyBike_reverse2.3,easyBike_reverse3.3","151.0,96.0,145.0,94.0,136.0","90.0,61.0,42.0",125.0,100.0,100.0,0,0
294.0,pa_2,E0,4,3,4,3,"easyBike_forward4.0,easyBike_forward2.0,easyBike_forward1.0,easyBike_forward1.1","easyBike_forward2.1,easyBike_forward4.1,easyBike_forward1.2","196.0,203.0,199.0,151.0","143.0,122.0,99.0",80.0,100.0,100.0,0,0
294.0,pa_2_rev,NEG_E0,4,3,0,0,NONE,NONE,NONE,NONE,0.0,0.0,0.0,4,3
294.0,pa_3,E1,4,3,0,0,NONE,NONE,NONE,NONE,0.0,0.0,0.0,4,3
294.0,pa_3_rev,NEG_E1,4,3,3,0,"easyBike_reverse1.2,easyBike_reverse1.0,eRickshaw_reverse1.0",NONE,"35.0,118.0,14.0",NONE,60.0,75.0,0.0,1,3
294.0,pa_6,E5,5,3,3,0,"easyBike_forward3.1,easyBike_forward3.2,easyBike_forward3.0",NONE,"134.0,62.0,207.0",NONE,75.0,60.0,0.0,2,3
294.0,pa_6_rev,NEG_E5,5,3,0,0,NONE,NONE,NONE,NONE,0.0,0.0,0.0,5,3
294.0,pa_7,E6,4,2,0,0,NONE,NONE,NONE,NONE,0.0,0.0,0.0,4,2
294.0,pa_7_rev,NEG_E6,4,2,1,0,eRickshaw_reverse3.0,NONE,17.0,NONE,20.0,25.0,0.0,3,2
294.0,pa_8,E7,5,3,0,0,NONE,NONE,NONE,NONE,0.0,0.0,0.0,5,3
294.0,pa_8_rev,NEG_E7,5,3,5,3,"easyBike_reverse2.1,easyBike_reverse3.0,easyBike_reverse3.1,easyBike_reverse2.0,easyBike_reverse4.1","easyBike_reverse4.0,easyBike_reverse2.3,easyBike_reverse3.3","152.0,97.0,146.0,95.0,137.0","91.0,62.0,43.0",125.0,100.0,100.0,0,0
295.0,pa_2,E0,4,3,4,3,"easyBike_forward4.0,easyBike_forward2.0,easyBike_forward1.0,easyBike_forward1.1","easyBike_forward2.1,easyBike_forward4.1,easyBike_forward1.2","197.0,204.0,200.0,152.0","144.0,123.0,100.0",80.0,100.0,100.0,0,0
295.0,pa_2_rev,NEG_E0,4,3,0,0,NONE,NONE,NONE,NONE,0.0,0.0,0.0,4,3
295.0,pa_3,E1,4,3,0,0,NONE,NONE,NONE,NONE,0.0,0.0,0.0,4,3
295.0,pa_3_rev,NEG_E1,4,3,3,0,"easyBike_reverse1.2,easyBike_reverse1.0,eRickshaw_reverse1.0",NONE,"36.0,119.0,15.0",NONE,60.0,75.0,0.0,1,3
295.0,pa_6,E5,5,3,3,0,"easyBike_forward3.1,easyBike_forward3.2,easyBike_forward3.0",NONE,"135.0,63.0,208.0",NONE,75.0,60.0,0.0,2,3
295.0,pa_6_rev,NEG_E5,5,3,0,0,NONE,NONE,NONE,NONE,0.0,0.0,0.0,5,3
295.0,pa_7,E6,4,2,0,0,NONE,NONE,NONE,NONE,0.0,0.0,0.0,4,2
295.0,pa_7_rev,NEG_E6,4,2,1,0,eRickshaw_reverse3.0,NONE,18.0,NONE,20.0,25.0,0.0,3,2
295.0,pa_8,E7,5,3,0,0,NONE,NONE,NONE,NONE,0.0,0.0,0.0,5,3
295.0,pa_8_rev,NEG_E7,5,3,5,3,"easyBike_reverse2.1,easyBike_reverse3.0,easyBike_reverse3.1,easyBike_reverse2.0,easyBike_reverse4.1","easyBike_reverse4.0,easyBike_reverse2.3,easyBike_reverse3.3","153.0,98.0,147.0,96.0,138.0","92.0,63.0,44.0",125.0,100.0,100.0,0,0
296.0,pa_2,E0,4,3,4,3,"easyBike_forward4.0,easyBike_forward2.0,easyBike_forward1.0,easyBike_forward1.1","easyBike_forward2.1,easyBike_forward4.1,easyBike_forward1.2","198.0,205.0,201.0,153.0","145.0,124.0,101.0",80.0,100.0,100.0,0,0
296.0,pa_2_rev,NEG_E0,4,3,0,0,NONE,NONE,NONE,NONE,0.0,0.0,0.0,4,3
296.0,pa_3,E1,4,3,0,0,NONE,NONE,NONE,NONE,0.0,0.0,0.0,4,3
296.0,pa_3_rev,NEG_E1,4,3,3,0,"easyBike_reverse1.2,easyBike_reverse1.0,eRickshaw_reverse1.0",NONE,"37.0,120.0,16.0",NONE,60.0,75.0,0.0,1,3
296.0,pa_6,E5,5,3,3,0,"easyBike_forward3.1,easyBike_forward3.2,easyBike_forward3.0",NONE,"136.0,64.0,209.0",NONE,75.0,60.0,0.0,2,3
296.0,pa_6_rev,NEG_E5,5,3,0,0,NONE,NONE,NONE,NONE,0.0,0.0,0.0,5,3
296.0,pa_7,E6,4,2,0,0,NONE,NONE,NONE,NONE,0.0,0.0,0.0,4,2
296.0,pa_7_rev,NEG_E6,4,2,1,0,eRickshaw_reverse3.0,NONE,19.0,NONE,20.0,25.0,0.0,3,2
296.0,pa_8,E7,5,3,0,0,NONE,NONE,NONE,NONE,0.0,0.0,0.0,5,3
296.0,pa_8_rev,NEG_E7,5,3,5,3,"easyBike_reverse2.1,easyBike_reverse3.0,easyBike_reverse3.1,easyBike_reverse2.0,easyBike_reverse4.1","easyBike_reverse4.0,easyBike_reverse2.3,easyBike_reverse3.3","154.0,99.0,148.0,97.0,139.0","93.0,64.0,45.0",125.0,100.0,100.0,0,0
297.0,pa_2,E0,4,3,4,3,"easyBike_forward4.0,easyBike_forward2.0,easyBike_forward1.0,easyBike_forward1.1","easyBike_forward2.1,easyBike_forward4.1,easyBike_forward1.2","199.0,206.0,202.0,154.0","146.0,125.0,102.0",80.0,100.0,100.0,0,0
297.0,pa_2_rev,NEG_E0,4,3,0,0,NONE,NONE,NONE,NONE,0.0,0.0,0.0,4,3
297.0,pa_3,E1,4,3,0,0,NONE,NONE,NONE,NONE,0.0,0.0,0.0,4,3
297.0,pa_3_rev,NEG_E1,4,3,3,0,"easyBike_reverse1.2,easyBike_reverse1.0,eRickshaw_reverse1.0",NONE,"38.0,121.0,17.0",NONE,60.0,75.0,0.0,1,3
297.0,pa_6,E5,5,3,3,0,"easyBike_forward3.1,easyBike_forward3.2,easyBike_forward3.0",NONE,"137.0,65.0,210.0",NONE,75.0,60.0,0.0,2,3
297.0,pa_6_rev,NEG_E5,5,3,0,0,NONE,NONE,NONE,NONE,0.0,0.0,0.0,5,3
297.0,pa_7,E6,4,2,0,0,NONE,NONE,NONE,NONE,0.0,0.0,0.0,4,2
297.0,pa_7_rev,NEG_E6,4,2,1,0,eRickshaw_reverse3.0,NONE,20.0,NONE,20.0,25.0,0.0,3,2
297.0,pa_8,E7,5,3,0,0,NONE,NONE,NONE,NONE,0.0,0.0,0.0,5,3
297.0,pa_8_rev,NEG_E7,5,3,5,3,"easyBike_reverse2.1,easyBike_reverse3.0,easyBike_reverse3.1,easyBike_reverse2.0,easyBike_reverse4.1","easyBike_reverse4.0,easyBike_reverse2.3,easyBike_reverse3.3","155.0,100.0,149.0,98.0,140.0","94.0,65.0,46.0",125.0,100.0,100.0,0,0
298.0,pa_2,E0,4,3,4,3,"easyBike_forward4.0,easyBike_forward2.0,easyBike_forward1.0,easyBike_forward1.1","easyBike_forward2.1,easyBike_forward4.1,easyBike_forward1.2","200.0,207.0,203.0,155.0","147.0,126.0,103.0",80.0,100.0,100.0,0,0
298.0,pa_2_rev,NEG_E0,4,3,0,0,NONE,NONE,NONE,NONE,0.0,0.0,0.0,4,3
298.0,pa_3,E1,4,3,0,0,NONE,NONE,NONE,NONE,0.0,0.0,0.0,4,3
298.0,pa_3_rev,NEG_E1,4,3,3,0,"easyBike_reverse1.2,easyBike_reverse1.0,eRickshaw_reverse1.0",NONE,"39.0,122.0,18.0",NONE,60.0,75.0,0.0,1,3
298.0,pa_6,E5,5,3,3,0,"easyBike_forward3.1,easyBike_forward3.2,easyBike_forward3.0",NONE,"138.0,66.0,211.0",NONE,75.0,60.0,0.0,2,3
298.0,pa_6_rev,NEG_E5,5,3,0,0,NONE,NONE,NONE,NONE,0.0,0.0,0.0,5,3
298.0,pa_7,E6,4,2,0,0,NONE,NONE,NONE,NONE,0.0,0.0,0.0,4,2
298.0,pa_7_rev,NEG_E6,4,2,1,0,eRickshaw_reverse3.0,NONE,21.0,NONE,20.0,25.0,0.0,3,2
298.0,pa_8,E7,5,3,0,0,NONE,NONE,NONE,NONE,0.0,0.0,0.0,5,3
298.0,pa_8_rev,NEG_E7,5,3,5,3,"easyBike_reverse2.1,easyBike_reverse3.0,easyBike_reverse3.1,easyBike_reverse2.0,easyBike_reverse4.1","easyBike_reverse4.0,easyBike_reverse2.3,easyBike_reverse3.3","156.0,101.0,150.0,99.0,141.0","95.0,66.0,47.0",125.0,100.0,100.0,0,0
299.0,pa_2,E0,4,3,4,3,"easyBike_forward4.0,easyBike_forward2.0,easyBike_forward1.0,easyBike_forward1.1","easyBike_forward2.1,easyBike_forward4.1,easyBike_forward1.2","201.0,208.0,204.0,156.0","148.0,127.0,104.0",80.0,100.0,100.0,0,0
299.0,pa_2_rev,NEG_E0,4,3,0,0,NONE,NONE,NONE,NONE,0.0,0.0,0.0,4,3
299.0,pa_3,E1,4,3,0,0,NONE,NONE,NONE,NONE,0.0,0.0,0.0,4,3
299.0,pa_3_rev,NEG_E1,4,3,3,0,"easyBike_reverse1.2,easyBike_reverse1.0,eRickshaw_reverse1.0",NONE,"40.0,123.0,19.0",NONE,60.0,75.0,0.0,1,3
299.0,pa_6,E5,5,3,3,0,"easyBike_forward3.1,easyBike_forward3.2,easyBike_forward3.0",NONE,"139.0,67.0,212.0",NONE,75.0,60.0,0.0,2,3
299.0,pa_6_rev,NEG_E5,5,3,0,0,NONE,NONE,NONE,NONE,0.0,0.0,0.0,5,3
299.0,pa_7,E6,4,2,0,0,NONE,NONE,NONE,NONE,0.0,0.0,0.0,4,2
299.0,pa_7_rev,NEG_E6,4,2,1,0,eRickshaw_reverse3.0,NONE,22.0,NONE,20.0,25.0,0.0,3,2
299.0,pa_8,E7,5,3,0,0,NONE,NONE,NONE,NONE,0.0,0.0,0.0,5,3
299.0,pa_8_rev,NEG_E7,5,3,5,3,"easyBike_reverse2.1,easyBike_reverse3.0,easyBike_reverse3.1,easyBike_reverse2.0,easyBike_reverse4.1","easyBike_reverse4.0,easyBike_reverse2.3,easyBike_reverse3.3","157.0,102.0,151.0,100.0,142.0","96.0,67.0,48.0",125.0,100.0,100.0,0,0
300.0,pa_2,E0,4,3,4,3,"easyBike_forward4.0,easyBike_forward2.0,easyBike_forward1.0,easyBike_forward1.1","easyBike_forward2.1,easyBike_forward4.1,easyBike_forward1.2","202.0,209.0,205.0,157.0","149.0,128.0,105.0",80.0,100.0,100.0,0,0
300.0,pa_2_rev,NEG_E0,4,3,0,0,NONE,NONE,NONE,NONE,0.0,0.0,0.0,4,3
300.0,pa_3,E1,4,3,0,0,NONE,NONE,NONE,NONE,0.0,0.0,0.0,4,3
300.0,pa_3_rev,NEG_E1,4,3,3,0,"easyBike_reverse1.2,easyBike_reverse1.0,eRickshaw_reverse1.0",NONE,"41.0,124.0,20.0",NONE,60.0,75.0,0.0,1,3
300.0,pa_6,E5,5,3,3,0,"easyBike_forward3.1,easyBike_forward3.2,easyBike_forward3.0",NONE,"140.0,68.0,213.0",NONE,75.0,60.0,0.0,2,3
300.0,pa_6_rev,NEG_E5,5,3,0,0,NONE,NONE,NONE,NONE,0.0,0.0,0.0,5,3
300.0,pa_7,E6,4,2,0,0,NONE,NONE,NONE,NONE,0.0,0.0,0.0,4,2
300.0,pa_7_rev,NEG_E6,4,2,1,0,eRickshaw_reverse3.0,NONE,23.0,NONE,20.0,25.0,0.0,3,2
300.0,pa_8,E7,5,3,0,0,NONE,NONE,NONE,NONE,0.0,0.0,0.0,5,3
300.0,pa_8_rev,NEG_E7,5,3,5,3,"easyBike_reverse2.1,easyBike_reverse3.0,easyBike_reverse3.1,easyBike_reverse2.0,easyBike_reverse4.1","easyBike_reverse4.0,easyBike_reverse2.3,easyBike_reverse3.3","158.0,103.0,152.0,101.0,143.0","97.0,68.0,49.0",125.0,100.0,100.0,0,0
301.0,pa_2,E0,4,3,4,3,"easyBike_forward4.0,easyBike_forward2.0,easyBike_forward1.0,easyBike_forward1.1","easyBike_forward2.1,easyBike_forward4.1,easyBike_forward1.2","203.0,210.0,206.0,158.0","150.0,129.0,106.0",80.0,100.0,100.0,0,0
301.0,pa_2_rev,NEG_E0,4,3,0,0,NONE,NONE,NONE,NONE,0.0,0.0,0.0,4,3
301.0,pa_3,E1,4,3,0,0,NONE,NONE,NONE,NONE,0.0,0.0,0.0,4,3
301.0,pa_3_rev,NEG_E1,4,3,3,0,"easyBike_reverse1.2,easyBike_reverse1.0,eRickshaw_reverse1.0",NONE,"42.0,125.0,21.0",NONE,60.0,75.0,0.0,1,3
301.0,pa_6,E5,5,3,3,0,"easyBike_forward3.1,easyBike_forward3.2,easyBike_forward3.0",NONE,"141.0,69.0,214.0",NONE,75.0,60.0,0.0,2,3
301.0,pa_6_rev,NEG_E5,5,3,0,0,NONE,NONE,NONE,NONE,0.0,0.0,0.0,5,3
301.0,pa_7,E6,4,2,0,0,NONE,NONE,NONE,NONE,0.0,0.0,0.0,4,2
301.0,pa_7_rev,NEG_E6,4,2,1,0,eRickshaw_reverse3.0,NONE,24.0,NONE,20.0,25.0,0.0,3,2
301.0,pa_8,E7,5,3,0,0,NONE,NONE,NONE,NONE,0.0,0.0,0.0,5,3
301.0,pa_8_rev,NEG_E7,5,3,5,3,"easyBike_reverse2.1,easyBike_reverse3.0,easyBike_reverse3.1,easyBike_reverse2.0,easyBike_reverse4.1","easyBike_reverse4.0,easyBike_reverse2.3,easyBike_reverse3.3","159.0,104.0,153.0,102.0,144.0","98.0,69.0,50.0",125.0,100.0,100.0,0,0
302.0,pa_2,E0,4,3,4,3,"easyBike_forward4.0,easyBike_forward2.0,easyBike_forward1.0,easyBike_forward1.1","easyBike_forward2.1,easyBike_forward4.1,easyBike_forward1.2","204.0,211.0,207.0,159.0","151.0,130.0,107.0",80.0,100.0,100.0,0,0
302.0,pa_2_rev,NEG_E0,4,3,0,0,NONE,NONE,NONE,NONE,0.0,0.0,0.0,4,3
302.0,pa_3,E1,4,3,0,0,NONE,NONE,NONE,NONE,0.0,0.0,0.0,4,3
302.0,pa_3_rev,NEG_E1,4,3,3,0,"easyBike_reverse1.2,easyBike_reverse1.0,eRickshaw_reverse1.0",NONE,"43.0,126.0,22.0",NONE,60.0,75.0,0.0,1,3
302.0,pa_6,E5,5,3,3,0,"easyBike_forward3.1,easyBike_forward3.2,easyBike_forward3.0",NONE,"142.0,70.0,215.0",NONE,75.0,60.0,0.0,2,3
302.0,pa_6_rev,NEG_E5,5,3,0,0,NONE,NONE,NONE,NONE,0.0,0.0,0.0,5,3
302.0,pa_7,E6,4,2,0,0,NONE,NONE,NONE,NONE,0.0,0.0,0.0,4,2
302.0,pa_7_rev,NEG_E6,4,2,1,0,eRickshaw_reverse3.0,NONE,25.0,NONE,20.0,25.0,0.0,3,2
302.0,pa_8,E7,5,3,0,0,NONE,NONE,NONE,NONE,0.0,0.0,0.0,5,3
302.0,pa_8_rev,NEG_E7,5,3,5,3,"easyBike_reverse2.1,easyBike_reverse3.0,easyBike_reverse3.1,easyBike_reverse2.0,easyBike_reverse4.1","easyBike_reverse4.0,easyBike_reverse2.3,easyBike_reverse3.3","160.0,105.0,154.0,103.0,145.0","99.0,70.0,51.0",125.0,100.0,100.0,0,0
303.0,pa_2,E0,4,3,4,3,"easyBike_forward4.0,easyBike_forward2.0,easyBike_forward1.0,easyBike_forward1.1","easyBike_forward2.1,easyBike_forward4.1,easyBike_forward1.2","205.0,212.0,208.0,160.0","152.0,131.0,108.0",80.0,100.0,100.0,0,0
303.0,pa_2_rev,NEG_E0,4,3,0,0,NONE,NONE,NONE,NONE,0.0,0.0,0.0,4,3
303.0,pa_3,E1,4,3,0,0,NONE,NONE,NONE,NONE,0.0,0.0,0.0,4,3
303.0,pa_3_rev,NEG_E1,4,3,3,0,"easyBike_reverse1.2,easyBike_reverse1.0,eRickshaw_reverse1.0",NONE,"44.0,127.0,23.0",NONE,60.0,75.0,0.0,1,3
303.0,pa_6,E5,5,3,3,0,"easyBike_forward3.1,easyBike_forward3.2,easyBike_forward3.0",NONE,"143.0,71.0,216.0",NONE,75.0,60.0,0.0,2,3
303.0,pa_6_rev,NEG_E5,5,3,0,0,NONE,NONE,NONE,NONE,0.0,0.0,0.0,5,3
303.0,pa_7,E6,4,2,0,0,NONE,NONE,NONE,NONE,0.0,0.0,0.0,4,2
303.0,pa_7_rev,NEG_E6,4,2,1,0,eRickshaw_reverse3.0,NONE,26.0,NONE,20.0,25.0,0.0,3,2
303.0,pa_8,E7,5,3,0,0,NONE,NONE,NONE,NONE,0.0,0.0,0.0,5,3
303.0,pa_8_rev,NEG_E7,5,3,5,3,"easyBike_reverse2.1,easyBike_reverse3.0,easyBike_reverse3.1,easyBike_reverse2.0,easyBike_reverse4.1","easyBike_reverse4.0,easyBike_reverse2.3,easyBike_reverse3.3","161.0,106.0,155.0,104.0,146.0","100.0,71.0,52.0",125.0,100.0,100.0,0,0
304.0,pa_2,E0,4,3,4,3,"easyBike_forward4.0,easyBike_forward2.0,easyBike_forward1.0,easyBike_forward1.1","easyBike_forward2.1,easyBike_forward4.1,easyBike_forward1.2","206.0,213.0,209.0,161.0","153.0,132.0,109.0",80.0,100.0,100.0,0,0
304.0,pa_2_rev,NEG_E0,4,3,0,0,NONE,NONE,NONE,NONE,0.0,0.0,0.0,4,3
304.0,pa_3,E1,4,3,0,0,NONE,NONE,NONE,NONE,0.0,0.0,0.0,4,3
304.0,pa_3_rev,NEG_E1,4,3,3,0,"easyBike_reverse1.2,easyBike_reverse1.0,eRickshaw_reverse1.0",NONE,"45.0,128.0,24.0",NONE,60.0,75.0,0.0,1,3
304.0,pa_6,E5,5,3,3,0,"easyBike_forward3.1,easyBike_forward3.2,easyBike_forward3.0",NONE,"144.0,72.0,217.0",NONE,75.0,60.0,0.0,2,3
304.0,pa_6_rev,NEG_E5,5,3,0,0,NONE,NONE,NONE,NONE,0.0,0.0,0.0,5,3
304.0,pa_7,E6,4,2,0,0,NONE,NONE,NONE,NONE,0.0,0.0,0.0,4,2
304.0,pa_7_rev,NEG_E6,4,2,1,0,eRickshaw_reverse3.0,NONE,27.0,NONE,20.0,25.0,0.0,3,2
304.0,pa_8,E7,5,3,0,0,NONE,NONE,NONE,NONE,0.0,0.0,0.0,5,3
304.0,pa_8_rev,NEG_E7,5,3,5,3,"easyBike_reverse2.1,easyBike_reverse3.0,easyBike_reverse3.1,easyBike_reverse2.0,easyBike_reverse4.1","easyBike_reverse4.0,easyBike_reverse2.3,easyBike_reverse3.3","162.0,107.0,156.0,105.0,147.0","101.0,72.0,53.0",125.0,100.0,100.0,0,0
305.0,pa_2,E0,4,3,4,3,"easyBike_forward4.0,easyBike_forward2.0,easyBike_forward1.0,easyBike_forward1.1","easyBike_forward2.1,easyBike_forward4.1,easyBike_forward1.2","207.0,214.0,210.0,162.0","154.0,133.0,110.0",80.0,100.0,100.0,0,0
305.0,pa_2_rev,NEG_E0,4,3,0,0,NONE,NONE,NONE,NONE,0.0,0.0,0.0,4,3
305.0,pa_3,E1,4,3,0,0,NONE,NONE,NONE,NONE,0.0,0.0,0.0,4,3
305.0,pa_3_rev,NEG_E1,4,3,4,0,"easyBike_reverse1.2,easyBike_reverse1.0,eRickshaw_reverse1.0,easyBike_reverse1.1",NONE,"46.0,129.0,25.0,0.0",NONE,80.0,100.0,0.0,0,3
305.0,pa_6,E5,5,3,3,0,"easyBike_forward3.1,easyBike_forward3.2,easyBike_forward3.0",NONE,"145.0,73.0,218.0",NONE,75.0,60.0,0.0,2,3
305.0,pa_6_rev,NEG_E5,5,3,0,0,NONE,NONE,NONE,NONE,0.0,0.0,0.0,5,3
305.0,pa_7,E6,4,2,0,0,NONE,NONE,NONE,NONE,0.0,0.0,0.0,4,2
305.0,pa_7_rev,NEG_E6,4,2,1,0,eRickshaw_reverse3.0,NONE,28.0,NONE,20.0,25.0,0.0,3,2
305.0,pa_8,E7,5,3,0,0,NONE,NONE,NONE,NONE,0.0,0.0,0.0,5,3
305.0,pa_8_rev,NEG_E7,5,3,5,3,"easyBike_reverse2.1,easyBike_reverse3.0,easyBike_reverse3.1,easyBike_reverse2.0,easyBike_reverse4.1","easyBike_reverse4.0,easyBike_reverse2.3,easyBike_reverse3.3","163.0,108.0,157.0,106.0,148.0","102.0,73.0,54.0",125.0,100.0,100.0,0,0
306.0,pa_2,E0,4,3,4,3,"easyBike_forward4.0,easyBike_forward2.0,easyBike_forward1.0,easyBike_forward1.1","easyBike_forward2.1,easyBike_forward4.1,easyBike_forward1.2","208.0,215.0,211.0,163.0","155.0,134.0,111.0",80.0,100.0,100.0,0,0
306.0,pa_2_rev,NEG_E0,4,3,0,0,NONE,NONE,NONE,NONE,0.0,0.0,0.0,4,3
306.0,pa_3,E1,4,3,0,0,NONE,NONE,NONE,NONE,0.0,0.0,0.0,4,3
306.0,pa_3_rev,NEG_E1,4,3,4,0,"easyBike_reverse1.2,easyBike_reverse1.0,eRickshaw_reverse1.0,easyBike_reverse1.1",NONE,"47.0,130.0,26.0,1.0",NONE,80.0,100.0,0.0,0,3
306.0,pa_6,E5,5,3,4,0,"easyBike_forward3.1,easyBike_forward3.2,easyBike_forward3.0,easyBike_forward3.3",NONE,"146.0,74.0,219.0,0.0",NONE,100.0,80.0,0.0,1,3
306.0,pa_6_rev,NEG_E5,5,3,0,0,NONE,NONE,NONE,NONE,0.0,0.0,0.0,5,3
306.0,pa_7,E6,4,2,0,0,NONE,NONE,NONE,NONE,0.0,0.0,0.0,4,2
306.0,pa_7_rev,NEG_E6,4,2,1,0,eRickshaw_reverse3.0,NONE,29.0,NONE,20.0,25.0,0.0,3,2
306.0,pa_8,E7,5,3,0,0,NONE,NONE,NONE,NONE,0.0,0.0,0.0,5,3
306.0,pa_8_rev,NEG_E7,5,3,5,3,"easyBike_reverse2.1,easyBike_reverse3.0,easyBike_reverse3.1,easyBike_reverse2.0,easyBike_reverse4.1","easyBike_reverse4.0,easyBike_reverse2.3,easyBike_reverse3.3","164.0,109.0,158.0,107.0,149.0","103.0,74.0,55.0",125.0,100.0,100.0,0,0
307.0,pa_2,E0,4,3,4,3,"easyBike_forward4.0,easyBike_forward2.0,easyBike_forward1.0,easyBike_forward1.1","easyBike_forward2.1,easyBike_forward4.1,easyBike_forward1.2","209.0,216.0,212.0,164.0","156.0,135.0,112.0",80.0,100.0,100.0,0,0
307.0,pa_2_rev,NEG_E0,4,3,0,0,NONE,NONE,NONE,NONE,0.0,0.0,0.0,4,3
307.0,pa_3,E1,4,3,0,0,NONE,NONE,NONE,NONE,0.0,0.0,0.0,4,3
307.0,pa_3_rev,NEG_E1,4,3,4,0,"easyBike_reverse1.2,easyBike_reverse1.0,eRickshaw_reverse1.0,easyBike_reverse1.1",NONE,"48.0,131.0,27.0,2.0",NONE,80.0,100.0,0.0,0,3
307.0,pa_6,E5,5,3,4,0,"easyBike_forward3.1,easyBike_forward3.2,easyBike_forward3.0,easyBike_forward3.3",NONE,"147.0,75.0,220.0,1.0",NONE,100.0,80.0,0.0,1,3
307.0,pa_6_rev,NEG_E5,5,3,0,0,NONE,NONE,NONE,NONE,0.0,0.0,0.0,5,3
307.0,pa_7,E6,4,2,0,0,NONE,NONE,NONE,NONE,0.0,0.0,0.0,4,2
307.0,pa_7_rev,NEG_E6,4,2,1,0,eRickshaw_reverse3.0,NONE,30.0,NONE,20.0,25.0,0.0,3,2
307.0,pa_8,E7,5,3,0,0,NONE,NONE,NONE,NONE,0.0,0.0,0.0,5,3
307.0,pa_8_rev,NEG_E7,5,3,5,3,"easyBike_reverse2.1,easyBike_reverse3.0,easyBike_reverse3.1,easyBike_reverse2.0,easyBike_reverse4.1","easyBike_reverse4.0,easyBike_reverse2.3,easyBike_reverse3.3","165.0,110.0,159.0,108.0,150.0","104.0,75.0,56.0",125.0,100.0,100.0,0,0
308.0,pa_2,E0,4,3,4,3,"easyBike_forward4.0,easyBike_forward2.0,easyBike_forward1.0,easyBike_forward1.1","easyBike_forward2.1,easyBike_forward4.1,easyBike_forward1.2","210.0,217.0,213.0,165.0","157.0,136.0,113.0",80.0,100.0,100.0,0,0
308.0,pa_2_rev,NEG_E0,4,3,0,0,NONE,NONE,NONE,NONE,0.0,0.0,0.0,4,3
308.0,pa_3,E1,4,3,0,0,NONE,NONE,NONE,NONE,0.0,0.0,0.0,4,3
308.0,pa_3_rev,NEG_E1,4,3,4,0,"easyBike_reverse1.2,easyBike_reverse1.0,eRickshaw_reverse1.0,easyBike_reverse1.1",NONE,"49.0,132.0,28.0,3.0",NONE,80.0,100.0,0.0,0,3
308.0,pa_6,E5,5,3,4,0,"easyBike_forward3.1,easyBike_forward3.2,easyBike_forward3.0,easyBike_forward3.3",NONE,"148.0,76.0,221.0,2.0",NONE,100.0,80.0,0.0,1,3
308.0,pa_6_rev,NEG_E5,5,3,0,0,NONE,NONE,NONE,NONE,0.0,0.0,0.0,5,3
308.0,pa_7,E6,4,2,0,0,NONE,NONE,NONE,NONE,0.0,0.0,0.0,4,2
308.0,pa_7_rev,NEG_E6,4,2,1,0,eRickshaw_reverse3.0,NONE,31.0,NONE,20.0,25.0,0.0,3,2
308.0,pa_8,E7,5,3,0,0,NONE,NONE,NONE,NONE,0.0,0.0,0.0,5,3
308.0,pa_8_rev,NEG_E7,5,3,5,3,"easyBike_reverse2.1,easyBike_reverse3.0,easyBike_reverse3.1,easyBike_reverse2.0,easyBike_reverse4.1","easyBike_reverse4.0,easyBike_reverse2.3,easyBike_reverse3.3","166.0,111.0,160.0,109.0,151.0","105.0,76.0,57.0",125.0,100.0,100.0,0,0
309.0,pa_2,E0,4,3,4,3,"easyBike_forward4.0,easyBike_forward2.0,easyBike_forward1.0,easyBike_forward1.1","easyBike_forward2.1,easyBike_forward4.1,easyBike_forward1.2","211.0,218.0,214.0,166.0","158.0,137.0,114.0",80.0,100.0,100.0,0,0
309.0,pa_2_rev,NEG_E0,4,3,0,0,NONE,NONE,NONE,NONE,0.0,0.0,0.0,4,3
309.0,pa_3,E1,4,3,0,0,NONE,NONE,NONE,NONE,0.0,0.0,0.0,4,3
309.0,pa_3_rev,NEG_E1,4,3,4,0,"easyBike_reverse1.2,easyBike_reverse1.0,eRickshaw_reverse1.0,easyBike_reverse1.1",NONE,"50.0,133.0,29.0,4.0",NONE,80.0,100.0,0.0,0,3
309.0,pa_6,E5,5,3,4,0,"easyBike_forward3.1,easyBike_forward3.2,easyBike_forward3.0,easyBike_forward3.3",NONE,"149.0,77.0,222.0,3.0",NONE,100.0,80.0,0.0,1,3
309.0,pa_6_rev,NEG_E5,5,3,0,0,NONE,NONE,NONE,NONE,0.0,0.0,0.0,5,3
309.0,pa_7,E6,4,2,0,0,NONE,NONE,NONE,NONE,0.0,0.0,0.0,4,2
309.0,pa_7_rev,NEG_E6,4,2,1,0,eRickshaw_reverse3.0,NONE,32.0,NONE,20.0,25.0,0.0,3,2
309.0,pa_8,E7,5,3,0,0,NONE,NONE,NONE,NONE,0.0,0.0,0.0,5,3
309.0,pa_8_rev,NEG_E7,5,3,5,3,"easyBike_reverse2.1,easyBike_reverse3.0,easyBike_reverse3.1,easyBike_reverse2.0,easyBike_reverse4.1","easyBike_reverse4.0,easyBike_reverse2.3,easyBike_reverse3.3","167.0,112.0,161.0,110.0,152.0","106.0,77.0,58.0",125.0,100.0,100.0,0,0
310.0,pa_2,E0,4,3,4,3,"easyBike_forward4.0,easyBike_forward2.0,easyBike_forward1.0,easyBike_forward1.1","easyBike_forward2.1,easyBike_forward4.1,easyBike_forward1.2","212.0,219.0,215.0,167.0","159.0,138.0,115.0",80.0,100.0,100.0,0,0
310.0,pa_2_rev,NEG_E0,4,3,0,0,NONE,NONE,NONE,NONE,0.0,0.0,0.0,4,3
310.0,pa_3,E1,4,3,0,0,NONE,NONE,NONE,NONE,0.0,0.0,0.0,4,3
310.0,pa_3_rev,NEG_E1,4,3,4,0,"easyBike_reverse1.2,easyBike_reverse1.0,eRickshaw_reverse1.0,easyBike_reverse1.1",NONE,"51.0,134.0,30.0,5.0",NONE,80.0,100.0,0.0,0,3
310.0,pa_6,E5,5,3,4,0,"easyBike_forward3.1,easyBike_forward3.2,easyBike_forward3.0,easyBike_forward3.3",NONE,"150.0,78.0,223.0,4.0",NONE,100.0,80.0,0.0,1,3
310.0,pa_6_rev,NEG_E5,5,3,0,0,NONE,NONE,NONE,NONE,0.0,0.0,0.0,5,3
310.0,pa_7,E6,4,2,0,0,NONE,NONE,NONE,NONE,0.0,0.0,0.0,4,2
310.0,pa_7_rev,NEG_E6,4,2,1,0,eRickshaw_reverse3.0,NONE,33.0,NONE,20.0,25.0,0.0,3,2
310.0,pa_8,E7,5,3,0,0,NONE,NONE,NONE,NONE,0.0,0.0,0.0,5,3
310.0,pa_8_rev,NEG_E7,5,3,5,3,"easyBike_reverse2.1,easyBike_reverse3.0,easyBike_reverse3.1,easyBike_reverse2.0,easyBike_reverse4.1","easyBike_reverse4.0,easyBike_reverse2.3,easyBike_reverse3.3","168.0,113.0,162.0,111.0,153.0","107.0,78.0,59.0",125.0,100.0,100.0,0,0
311.0,pa_2,E0,4,3,4,3,"easyBike_forward4.0,easyBike_forward2.0,easyBike_forward1.0,easyBike_forward1.1","easyBike_forward2.1,easyBike_forward4.1,easyBike_forward1.2","213.0,220.0,216.0,168.0","160.0,139.0,116.0",80.0,100.0,100.0,0,0
311.0,pa_2_rev,NEG_E0,4,3,0,0,NONE,NONE,NONE,NONE,0.0,0.0,0.0,4,3
311.0,pa_3,E1,4,3,0,0,NONE,NONE,NONE,NONE,0.0,0.0,0.0,4,3
311.0,pa_3_rev,NEG_E1,4,3,4,0,"easyBike_reverse1.2,easyBike_reverse1.0,eRickshaw_reverse1.0,easyBike_reverse1.1",NONE,"52.0,135.0,31.0,6.0",NONE,80.0,100.0,0.0,0,3
311.0,pa_6,E5,5,3,4,0,"easyBike_forward3.1,easyBike_forward3.2,easyBike_forward3.0,easyBike_forward3.3",NONE,"151.0,79.0,224.0,5.0",NONE,100.0,80.0,0.0,1,3
311.0,pa_6_rev,NEG_E5,5,3,0,0,NONE,NONE,NONE,NONE,0.0,0.0,0.0,5,3
311.0,pa_7,E6,4,2,0,0,NONE,NONE,NONE,NONE,0.0,0.0,0.0,4,2
311.0,pa_7_rev,NEG_E6,4,2,1,0,eRickshaw_reverse3.0,NONE,34.0,NONE,20.0,25.0,0.0,3,2
311.0,pa_8,E7,5,3,0,0,NONE,NONE,NONE,NONE,0.0,0.0,0.0,5,3
311.0,pa_8_rev,NEG_E7,5,3,5,3,"easyBike_reverse2.1,easyBike_reverse3.0,easyBike_reverse3.1,easyBike_reverse2.0,easyBike_reverse4.1","easyBike_reverse4.0,easyBike_reverse2.3,easyBike_reverse3.3","169.0,114.0,163.0,112.0,154.0","108.0,79.0,60.0",125.0,100.0,100.0,0,0
312.0,pa_2,E0,4,3,4,3,"easyBike_forward4.0,easyBike_forward2.0,easyBike_forward1.0,easyBike_forward1.1","easyBike_forward2.1,easyBike_forward4.1,easyBike_forward1.2","214.0,221.0,217.0,169.0","161.0,140.0,117.0",80.0,100.0,100.0,0,0
312.0,pa_2_rev,NEG_E0,4,3,0,0,NONE,NONE,NONE,NONE,0.0,0.0,0.0,4,3
312.0,pa_3,E1,4,3,0,0,NONE,NONE,NONE,NONE,0.0,0.0,0.0,4,3
312.0,pa_3_rev,NEG_E1,4,3,4,0,"easyBike_reverse1.2,easyBike_reverse1.0,eRickshaw_reverse1.0,easyBike_reverse1.1",NONE,"53.0,136.0,32.0,7.0",NONE,80.0,100.0,0.0,0,3
312.0,pa_6,E5,5,3,4,0,"easyBike_forward3.1,easyBike_forward3.2,easyBike_forward3.0,easyBike_forward3.3",NONE,"152.0,80.0,225.0,6.0",NONE,100.0,80.0,0.0,1,3
312.0,pa_6_rev,NEG_E5,5,3,0,0,NONE,NONE,NONE,NONE,0.0,0.0,0.0,5,3
312.0,pa_7,E6,4,2,0,0,NONE,NONE,NONE,NONE,0.0,0.0,0.0,4,2
312.0,pa_7_rev,NEG_E6,4,2,1,0,eRickshaw_reverse3.0,NONE,35.0,NONE,20.0,25.0,0.0,3,2
312.0,pa_8,E7,5,3,0,0,NONE,NONE,NONE,NONE,0.0,0.0,0.0,5,3
312.0,pa_8_rev,NEG_E7,5,3,5,3,"easyBike_reverse2.1,easyBike_reverse3.0,easyBike_reverse3.1,easyBike_reverse2.0,easyBike_reverse4.1","easyBike_reverse4.0,easyBike_reverse2.3,easyBike_reverse3.3","170.0,115.0,164.0,113.0,155.0","109.0,80.0,61.0",125.0,100.0,100.0,0,0
313.0,pa_2,E0,4,3,4,3,"easyBike_forward4.0,easyBike_forward2.0,easyBike_forward1.0,easyBike_forward1.1","easyBike_forward2.1,easyBike_forward4.1,easyBike_forward1.2","215.0,222.0,218.0,170.0","162.0,141.0,118.0",80.0,100.0,100.0,0,0
313.0,pa_2_rev,NEG_E0,4,3,0,0,NONE,NONE,NONE,NONE,0.0,0.0,0.0,4,3
313.0,pa_3,E1,4,3,0,0,NONE,NONE,NONE,NONE,0.0,0.0,0.0,4,3
313.0,pa_3_rev,NEG_E1,4,3,4,0,"easyBike_reverse1.2,easyBike_reverse1.0,eRickshaw_reverse1.0,easyBike_reverse1.1",NONE,"54.0,137.0,33.0,8.0",NONE,80.0,100.0,0.0,0,3
313.0,pa_6,E5,5,3,4,0,"easyBike_forward3.1,easyBike_forward3.2,easyBike_forward3.0,easyBike_forward3.3",NONE,"153.0,81.0,226.0,7.0",NONE,100.0,80.0,0.0,1,3
313.0,pa_6_rev,NEG_E5,5,3,0,0,NONE,NONE,NONE,NONE,0.0,0.0,0.0,5,3
313.0,pa_7,E6,4,2,0,0,NONE,NONE,NONE,NONE,0.0,0.0,0.0,4,2
313.0,pa_7_rev,NEG_E6,4,2,1,0,eRickshaw_reverse3.0,NONE,36.0,NONE,20.0,25.0,0.0,3,2
313.0,pa_8,E7,5,3,0,0,NONE,NONE,NONE,NONE,0.0,0.0,0.0,5,3
313.0,pa_8_rev,NEG_E7,5,3,5,3,"easyBike_reverse2.1,easyBike_reverse3.0,easyBike_reverse3.1,easyBike_reverse2.0,easyBike_reverse4.1","easyBike_reverse4.0,easyBike_reverse2.3,easyBike_reverse3.3","171.0,116.0,165.0,114.0,156.0","110.0,81.0,62.0",125.0,100.0,100.0,0,0
314.0,pa_2,E0,4,3,4,3,"easyBike_forward4.0,easyBike_forward2.0,easyBike_forward1.0,easyBike_forward1.1","easyBike_forward2.1,easyBike_forward4.1,easyBike_forward1.2","216.0,223.0,219.0,171.0","163.0,142.0,119.0",80.0,100.0,100.0,0,0
314.0,pa_2_rev,NEG_E0,4,3,0,0,NONE,NONE,NONE,NONE,0.0,0.0,0.0,4,3
314.0,pa_3,E1,4,3,0,0,NONE,NONE,NONE,NONE,0.0,0.0,0.0,4,3
314.0,pa_3_rev,NEG_E1,4,3,4,0,"easyBike_reverse1.2,easyBike_reverse1.0,eRickshaw_reverse1.0,easyBike_reverse1.1",NONE,"55.0,138.0,34.0,9.0",NONE,80.0,100.0,0.0,0,3
314.0,pa_6,E5,5,3,4,0,"easyBike_forward3.1,easyBike_forward3.2,easyBike_forward3.0,easyBike_forward3.3",NONE,"154.0,82.0,227.0,8.0",NONE,100.0,80.0,0.0,1,3
314.0,pa_6_rev,NEG_E5,5,3,0,0,NONE,NONE,NONE,NONE,0.0,0.0,0.0,5,3
314.0,pa_7,E6,4,2,0,0,NONE,NONE,NONE,NONE,0.0,0.0,0.0,4,2
314.0,pa_7_rev,NEG_E6,4,2,1,0,eRickshaw_reverse3.0,NONE,37.0,NONE,20.0,25.0,0.0,3,2
314.0,pa_8,E7,5,3,0,0,NONE,NONE,NONE,NONE,0.0,0.0,0.0,5,3
314.0,pa_8_rev,NEG_E7,5,3,5,3,"easyBike_reverse2.1,easyBike_reverse3.0,easyBike_reverse3.1,easyBike_reverse2.0,easyBike_reverse4.1","easyBike_reverse4.0,easyBike_reverse2.3,easyBike_reverse3.3","172.0,117.0,166.0,115.0,157.0","111.0,82.0,63.0",125.0,100.0,100.0,0,0
315.0,pa_2,E0,4,3,4,3,"easyBike_forward4.0,easyBike_forward2.0,easyBike_forward1.0,easyBike_forward1.1","easyBike_forward2.1,easyBike_forward4.1,easyBike_forward1.2","217.0,224.0,220.0,172.0","164.0,143.0,120.0",80.0,100.0,100.0,0,0
315.0,pa_2_rev,NEG_E0,4,3,0,0,NONE,NONE,NONE,NONE,0.0,0.0,0.0,4,3
315.0,pa_3,E1,4,3,0,0,NONE,NONE,NONE,NONE,0.0,0.0,0.0,4,3
315.0,pa_3_rev,NEG_E1,4,3,4,0,"easyBike_reverse1.2,easyBike_reverse1.0,eRickshaw_reverse1.0,easyBike_reverse1.1",NONE,"56.0,139.0,35.0,10.0",NONE,80.0,100.0,0.0,0,3
315.0,pa_6,E5,5,3,4,0,"easyBike_forward3.1,easyBike_forward3.2,easyBike_forward3.0,easyBike_forward3.3",NONE,"155.0,83.0,228.0,9.0",NONE,100.0,80.0,0.0,1,3
315.0,pa_6_rev,NEG_E5,5,3,0,0,NONE,NONE,NONE,NONE,0.0,0.0,0.0,5,3
315.0,pa_7,E6,4,2,0,0,NONE,NONE,NONE,NONE,0.0,0.0,0.0,4,2
315.0,pa_7_rev,NEG_E6,4,2,1,0,eRickshaw_reverse3.0,NONE,38.0,NONE,20.0,25.0,0.0,3,2
315.0,pa_8,E7,5,3,0,0,NONE,NONE,NONE,NONE,0.0,0.0,0.0,5,3
315.0,pa_8_rev,NEG_E7,5,3,5,3,"easyBike_reverse2.1,easyBike_reverse3.0,easyBike_reverse3.1,easyBike_reverse2.0,easyBike_reverse4.1","easyBike_reverse4.0,easyBike_reverse2.3,easyBike_reverse3.3","173.0,118.0,167.0,116.0,158.0","112.0,83.0,64.0",125.0,100.0,100.0,0,0
316.0,pa_2,E0,4,3,4,3,"easyBike_forward4.0,easyBike_forward2.0,easyBike_forward1.0,easyBike_forward1.1","easyBike_forward2.1,easyBike_forward4.1,easyBike_forward1.2","218.0,225.0,221.0,173.0","165.0,144.0,121.0",80.0,100.0,100.0,0,0
316.0,pa_2_rev,NEG_E0,4,3,0,0,NONE,NONE,NONE,NONE,0.0,0.0,0.0,4,3
316.0,pa_3,E1,4,3,0,0,NONE,NONE,NONE,NONE,0.0,0.0,0.0,4,3
316.0,pa_3_rev,NEG_E1,4,3,4,0,"easyBike_reverse1.2,easyBike_reverse1.0,eRickshaw_reverse1.0,easyBike_reverse1.1",NONE,"57.0,140.0,36.0,11.0",NONE,80.0,100.0,0.0,0,3
316.0,pa_6,E5,5,3,4,0,"easyBike_forward3.1,easyBike_forward3.2,easyBike_forward3.0,easyBike_forward3.3",NONE,"156.0,84.0,229.0,10.0",NONE,100.0,80.0,0.0,1,3
316.0,pa_6_rev,NEG_E5,5,3,0,0,NONE,NONE,NONE,NONE,0.0,0.0,0.0,5,3
316.0,pa_7,E6,4,2,0,0,NONE,NONE,NONE,NONE,0.0,0.0,0.0,4,2
316.0,pa_7_rev,NEG_E6,4,2,1,0,eRickshaw_reverse3.0,NONE,39.0,NONE,20.0,25.0,0.0,3,2
316.0,pa_8,E7,5,3,0,0,NONE,NONE,NONE,NONE,0.0,0.0,0.0,5,3
316.0,pa_8_rev,NEG_E7,5,3,5,3,"easyBike_reverse2.1,easyBike_reverse3.0,easyBike_reverse3.1,easyBike_reverse2.0,easyBike_reverse4.1","easyBike_reverse4.0,easyBike_reverse2.3,easyBike_reverse3.3","174.0,119.0,168.0,117.0,159.0","113.0,84.0,65.0",125.0,100.0,100.0,0,0
317.0,pa_2,E0,4,3,4,3,"easyBike_forward4.0,easyBike_forward2.0,easyBike_forward1.0,easyBike_forward1.1","easyBike_forward2.1,easyBike_forward4.1,easyBike_forward1.2","219.0,226.0,222.0,174.0","166.0,145.0,122.0",80.0,100.0,100.0,0,0
317.0,pa_2_rev,NEG_E0,4,3,0,0,NONE,NONE,NONE,NONE,0.0,0.0,0.0,4,3
317.0,pa_3,E1,4,3,0,0,NONE,NONE,NONE,NONE,0.0,0.0,0.0,4,3
317.0,pa_3_rev,NEG_E1,4,3,4,0,"easyBike_reverse1.2,easyBike_reverse1.0,eRickshaw_reverse1.0,easyBike_reverse1.1",NONE,"58.0,141.0,37.0,12.0",NONE,80.0,100.0,0.0,0,3
317.0,pa_6,E5,5,3,4,0,"easyBike_forward3.1,easyBike_forward3.2,easyBike_forward3.0,easyBike_forward3.3",NONE,"157.0,85.0,230.0,11.0",NONE,100.0,80.0,0.0,1,3
317.0,pa_6_rev,NEG_E5,5,3,0,0,NONE,NONE,NONE,NONE,0.0,0.0,0.0,5,3
317.0,pa_7,E6,4,2,0,0,NONE,NONE,NONE,NONE,0.0,0.0,0.0,4,2
317.0,pa_7_rev,NEG_E6,4,2,1,0,eRickshaw_reverse3.0,NONE,40.0,NONE,20.0,25.0,0.0,3,2
317.0,pa_8,E7,5,3,0,0,NONE,NONE,NONE,NONE,0.0,0.0,0.0,5,3
317.0,pa_8_rev,NEG_E7,5,3,5,3,"easyBike_reverse2.1,easyBike_reverse3.0,easyBike_reverse3.1,easyBike_reverse2.0,easyBike_reverse4.1","easyBike_reverse4.0,easyBike_reverse2.3,easyBike_reverse3.3","175.0,120.0,169.0,118.0,160.0","114.0,85.0,66.0",125.0,100.0,100.0,0,0
318.0,pa_2,E0,4,3,4,3,"easyBike_forward4.0,easyBike_forward2.0,easyBike_forward1.0,easyBike_forward1.1","easyBike_forward2.1,easyBike_forward4.1,easyBike_forward1.2","220.0,227.0,223.0,175.0","167.0,146.0,123.0",80.0,100.0,100.0,0,0
318.0,pa_2_rev,NEG_E0,4,3,0,0,NONE,NONE,NONE,NONE,0.0,0.0,0.0,4,3
318.0,pa_3,E1,4,3,0,0,NONE,NONE,NONE,NONE,0.0,0.0,0.0,4,3
318.0,pa_3_rev,NEG_E1,4,3,4,0,"easyBike_reverse1.2,easyBike_reverse1.0,eRickshaw_reverse1.0,easyBike_reverse1.1",NONE,"59.0,142.0,38.0,13.0",NONE,80.0,100.0,0.0,0,3
318.0,pa_6,E5,5,3,4,0,"easyBike_forward3.1,easyBike_forward3.2,easyBike_forward3.0,easyBike_forward3.3",NONE,"158.0,86.0,231.0,12.0",NONE,100.0,80.0,0.0,1,3
318.0,pa_6_rev,NEG_E5,5,3,0,0,NONE,NONE,NONE,NONE,0.0,0.0,0.0,5,3
318.0,pa_7,E6,4,2,0,0,NONE,NONE,NONE,NONE,0.0,0.0,0.0,4,2
318.0,pa_7_rev,NEG_E6,4,2,1,0,eRickshaw_reverse3.0,NONE,41.0,NONE,20.0,25.0,0.0,3,2
318.0,pa_8,E7,5,3,0,0,NONE,NONE,NONE,NONE,0.0,0.0,0.0,5,3
318.0,pa_8_rev,NEG_E7,5,3,5,3,"easyBike_reverse2.1,easyBike_reverse3.0,easyBike_reverse3.1,easyBike_reverse2.0,easyBike_reverse4.1","easyBike_reverse4.0,easyBike_reverse2.3,easyBike_reverse3.3","176.0,121.0,170.0,119.0,161.0","115.0,86.0,67.0",125.0,100.0,100.0,0,0
319.0,pa_2,E0,4,3,4,3,"easyBike_forward4.0,easyBike_forward2.0,easyBike_forward1.0,easyBike_forward1.1","easyBike_forward2.1,easyBike_forward4.1,easyBike_forward1.2","221.0,228.0,224.0,176.0","168.0,147.0,124.0",80.0,100.0,100.0,0,0
319.0,pa_2_rev,NEG_E0,4,3,0,0,NONE,NONE,NONE,NONE,0.0,0.0,0.0,4,3
319.0,pa_3,E1,4,3,0,0,NONE,NONE,NONE,NONE,0.0,0.0,0.0,4,3
319.0,pa_3_rev,NEG_E1,4,3,4,0,"easyBike_reverse1.2,easyBike_reverse1.0,eRickshaw_reverse1.0,easyBike_reverse1.1",NONE,"60.0,143.0,39.0,14.0",NONE,80.0,100.0,0.0,0,3
319.0,pa_6,E5,5,3,4,0,"easyBike_forward3.1,easyBike_forward3.2,easyBike_forward3.0,easyBike_forward3.3",NONE,"159.0,87.0,232.0,13.0",NONE,100.0,80.0,0.0,1,3
319.0,pa_6_rev,NEG_E5,5,3,0,0,NONE,NONE,NONE,NONE,0.0,0.0,0.0,5,3
319.0,pa_7,E6,4,2,0,0,NONE,NONE,NONE,NONE,0.0,0.0,0.0,4,2
319.0,pa_7_rev,NEG_E6,4,2,1,0,eRickshaw_reverse3.0,NONE,42.0,NONE,20.0,25.0,0.0,3,2
319.0,pa_8,E7,5,3,0,0,NONE,NONE,NONE,NONE,0.0,0.0,0.0,5,3
319.0,pa_8_rev,NEG_E7,5,3,5,3,"easyBike_reverse2.1,easyBike_reverse3.0,easyBike_reverse3.1,easyBike_reverse2.0,easyBike_reverse4.1","easyBike_reverse4.0,easyBike_reverse2.3,easyBike_reverse3.3","177.0,122.0,171.0,120.0,162.0","116.0,87.0,68.0",125.0,100.0,100.0,0,0
320.0,pa_2,E0,4,3,4,3,"easyBike_forward4.0,easyBike_forward2.0,easyBike_forward1.0,easyBike_forward1.1","easyBike_forward2.1,easyBike_forward4.1,easyBike_forward1.2","222.0,229.0,225.0,177.0","169.0,148.0,125.0",80.0,100.0,100.0,0,0
320.0,pa_2_rev,NEG_E0,4,3,0,0,NONE,NONE,NONE,NONE,0.0,0.0,0.0,4,3
320.0,pa_3,E1,4,3,0,0,NONE,NONE,NONE,NONE,0.0,0.0,0.0,4,3
320.0,pa_3_rev,NEG_E1,4,3,4,0,"easyBike_reverse1.2,easyBike_reverse1.0,eRickshaw_reverse1.0,easyBike_reverse1.1",NONE,"61.0,144.0,40.0,15.0",NONE,80.0,100.0,0.0,0,3
320.0,pa_6,E5,5,3,4,0,"easyBike_forward3.1,easyBike_forward3.2,easyBike_forward3.0,easyBike_forward3.3",NONE,"160.0,88.0,233.0,14.0",NONE,100.0,80.0,0.0,1,3
320.0,pa_6_rev,NEG_E5,5,3,0,0,NONE,NONE,NONE,NONE,0.0,0.0,0.0,5,3
320.0,pa_7,E6,4,2,0,0,NONE,NONE,NONE,NONE,0.0,0.0,0.0,4,2
320.0,pa_7_rev,NEG_E6,4,2,1,0,eRickshaw_reverse3.0,NONE,43.0,NONE,20.0,25.0,0.0,3,2
320.0,pa_8,E7,5,3,0,0,NONE,NONE,NONE,NONE,0.0,0.0,0.0,5,3
320.0,pa_8_rev,NEG_E7,5,3,5,3,"easyBike_reverse2.1,easyBike_reverse3.0,easyBike_reverse3.1,easyBike_reverse2.0,easyBike_reverse4.1","easyBike_reverse4.0,easyBike_reverse2.3,easyBike_reverse3.3","178.0,123.0,172.0,121.0,163.0","117.0,88.0,69.0",125.0,100.0,100.0,0,0
321.0,pa_2,E0,4,3,4,3,"easyBike_forward4.0,easyBike_forward2.0,easyBike_forward1.0,easyBike_forward1.1","easyBike_forward2.1,easyBike_forward4.1,easyBike_forward1.2","223.0,230.0,226.0,178.0","170.0,149.0,126.0",80.0,100.0,100.0,0,0
321.0,pa_2_rev,NEG_E0,4,3,0,0,NONE,NONE,NONE,NONE,0.0,0.0,0.0,4,3
321.0,pa_3,E1,4,3,0,0,NONE,NONE,NONE,NONE,0.0,0.0,0.0,4,3
321.0,pa_3_rev,NEG_E1,4,3,4,0,"easyBike_reverse1.2,easyBike_reverse1.0,eRickshaw_reverse1.0,easyBike_reverse1.1",NONE,"62.0,145.0,41.0,16.0",NONE,80.0,100.0,0.0,0,3
321.0,pa_6,E5,5,3,4,0,"easyBike_forward3.1,easyBike_forward3.2,easyBike_forward3.0,easyBike_forward3.3",NONE,"161.0,89.0,234.0,15.0",NONE,100.0,80.0,0.0,1,3
321.0,pa_6_rev,NEG_E5,5,3,0,0,NONE,NONE,NONE,NONE,0.0,0.0,0.0,5,3
321.0,pa_7,E6,4,2,0,0,NONE,NONE,NONE,NONE,0.0,0.0,0.0,4,2
321.0,pa_7_rev,NEG_E6,4,2,1,0,eRickshaw_reverse3.0,NONE,44.0,NONE,20.0,25.0,0.0,3,2
321.0,pa_8,E7,5,3,0,0,NONE,NONE,NONE,NONE,0.0,0.0,0.0,5,3
321.0,pa_8_rev,NEG_E7,5,3,5,3,"easyBike_reverse2.1,easyBike_reverse3.0,easyBike_reverse3.1,easyBike_reverse2.0,easyBike_reverse4.1","easyBike_reverse4.0,easyBike_reverse2.3,easyBike_reverse3.3","179.0,124.0,173.0,122.0,164.0","118.0,89.0,70.0",125.0,100.0,100.0,0,0
322.0,pa_2,E0,4,3,4,3,"easyBike_forward4.0,easyBike_forward2.0,easyBike_forward1.0,easyBike_forward1.1","easyBike_forward2.1,easyBike_forward4.1,easyBike_forward1.2","224.0,231.0,227.0,179.0","171.0,150.0,127.0",80.0,100.0,100.0,0,0
322.0,pa_2_rev,NEG_E0,4,3,0,0,NONE,NONE,NONE,NONE,0.0,0.0,0.0,4,3
322.0,pa_3,E1,4,3,0,0,NONE,NONE,NONE,NONE,0.0,0.0,0.0,4,3
322.0,pa_3_rev,NEG_E1,4,3,4,0,"easyBike_reverse1.2,easyBike_reverse1.0,eRickshaw_reverse1.0,easyBike_reverse1.1",NONE,"63.0,146.0,42.0,17.0",NONE,80.0,100.0,0.0,0,3
322.0,pa_6,E5,5,3,4,0,"easyBike_forward3.1,easyBike_forward3.2,easyBike_forward3.0,easyBike_forward3.3",NONE,"162.0,90.0,235.0,16.0",NONE,100.0,80.0,0.0,1,3
322.0,pa_6_rev,NEG_E5,5,3,0,0,NONE,NONE,NONE,NONE,0.0,0.0,0.0,5,3
322.0,pa_7,E6,4,2,0,0,NONE,NONE,NONE,NONE,0.0,0.0,0.0,4,2
322.0,pa_7_rev,NEG_E6,4,2,2,0,"easyBike_reverse2.5,eRickshaw_reverse3.0",NONE,"0.0,45.0",NONE,40.0,50.0,0.0,2,2
322.0,pa_8,E7,5,3,0,0,NONE,NONE,NONE,NONE,0.0,0.0,0.0,5,3
322.0,pa_8_rev,NEG_E7,5,3,5,3,"easyBike_reverse2.1,easyBike_reverse3.0,easyBike_reverse3.1,easyBike_reverse2.0,easyBike_reverse4.1","easyBike_reverse4.0,easyBike_reverse2.3,easyBike_reverse3.3","180.0,125.0,174.0,123.0,165.0","119.0,90.0,71.0",125.0,100.0,100.0,0,0
323.0,pa_2,E0,4,3,4,3,"easyBike_forward4.0,easyBike_forward2.0,easyBike_forward1.0,easyBike_forward1.1","easyBike_forward2.1,easyBike_forward4.1,easyBike_forward1.2","225.0,232.0,228.0,180.0","172.0,151.0,128.0",80.0,100.0,100.0,0,0
323.0,pa_2_rev,NEG_E0,4,3,0,0,NONE,NONE,NONE,NONE,0.0,0.0,0.0,4,3
323.0,pa_3,E1,4,3,0,0,NONE,NONE,NONE,NONE,0.0,0.0,0.0,4,3
323.0,pa_3_rev,NEG_E1,4,3,4,0,"easyBike_reverse1.2,easyBike_reverse1.0,eRickshaw_reverse1.0,easyBike_reverse1.1",NONE,"64.0,147.0,43.0,18.0",NONE,80.0,100.0,0.0,0,3
323.0,pa_6,E5,5,3,4,0,"easyBike_forward3.1,easyBike_forward3.2,easyBike_forward3.0,easyBike_forward3.3",NONE,"163.0,91.0,236.0,17.0",NONE,100.0,80.0,0.0,1,3
323.0,pa_6_rev,NEG_E5,5,3,0,0,NONE,NONE,NONE,NONE,0.0,0.0,0.0,5,3
323.0,pa_7,E6,4,2,0,0,NONE,NONE,NONE,NONE,0.0,0.0,0.0,4,2
323.0,pa_7_rev,NEG_E6,4,2,2,0,"easyBike_reverse2.5,eRickshaw_reverse3.0",NONE,"1.0,46.0",NONE,40.0,50.0,0.0,2,2
323.0,pa_8,E7,5,3,0,0,NONE,NONE,NONE,NONE,0.0,0.0,0.0,5,3
323.0,pa_8_rev,NEG_E7,5,3,5,3,"easyBike_reverse2.1,easyBike_reverse3.0,easyBike_reverse3.1,easyBike_reverse2.0,easyBike_reverse4.1","easyBike_reverse4.0,easyBike_reverse2.3,easyBike_reverse3.3","181.0,126.0,175.0,124.0,166.0","120.0,91.0,72.0",125.0,100.0,100.0,0,0
324.0,pa_2,E0,4,3,4,3,"easyBike_forward4.0,easyBike_forward2.0,easyBike_forward1.0,easyBike_forward1.1","easyBike_forward2.1,easyBike_forward4.1,easyBike_forward1.2","226.0,233.0,229.0,181.0","173.0,152.0,129.0",80.0,100.0,100.0,0,0
324.0,pa_2_rev,NEG_E0,4,3,0,0,NONE,NONE,NONE,NONE,0.0,0.0,0.0,4,3
324.0,pa_3,E1,4,3,0,0,NONE,NONE,NONE,NONE,0.0,0.0,0.0,4,3
324.0,pa_3_rev,NEG_E1,4,3,4,0,"easyBike_reverse1.2,easyBike_reverse1.0,eRickshaw_reverse1.0,easyBike_reverse1.1",NONE,"65.0,148.0,44.0,19.0",NONE,80.0,100.0,0.0,0,3
324.0,pa_6,E5,5,3,4,0,"easyBike_forward3.1,easyBike_forward3.2,easyBike_forward3.0,easyBike_forward3.3",NONE,"164.0,92.0,237.0,18.0",NONE,100.0,80.0,0.0,1,3
324.0,pa_6_rev,NEG_E5,5,3,0,0,NONE,NONE,NONE,NONE,0.0,0.0,0.0,5,3
324.0,pa_7,E6,4,2,0,0,NONE,NONE,NONE,NONE,0.0,0.0,0.0,4,2
324.0,pa_7_rev,NEG_E6,4,2,2,0,"easyBike_reverse2.5,eRickshaw_reverse3.0",NONE,"2.0,47.0",NONE,40.0,50.0,0.0,2,2
324.0,pa_8,E7,5,3,0,0,NONE,NONE,NONE,NONE,0.0,0.0,0.0,5,3
324.0,pa_8_rev,NEG_E7,5,3,5,3,"easyBike_reverse2.1,easyBike_reverse3.0,easyBike_reverse3.1,easyBike_reverse2.0,easyBike_reverse4.1","easyBike_reverse4.0,easyBike_reverse2.3,easyBike_reverse3.3","182.0,127.0,176.0,125.0,167.0","121.0,92.0,73.0",125.0,100.0,100.0,0,0
325.0,pa_2,E0,4,3,4,3,"easyBike_forward4.0,easyBike_forward2.0,easyBike_forward1.0,easyBike_forward1.1","easyBike_forward2.1,easyBike_forward4.1,easyBike_forward1.2","227.0,234.0,230.0,182.0","174.0,153.0,130.0",80.0,100.0,100.0,0,0
325.0,pa_2_rev,NEG_E0,4,3,0,0,NONE,NONE,NONE,NONE,0.0,0.0,0.0,4,3
325.0,pa_3,E1,4,3,0,0,NONE,NONE,NONE,NONE,0.0,0.0,0.0,4,3
325.0,pa_3_rev,NEG_E1,4,3,4,0,"easyBike_reverse1.2,easyBike_reverse1.0,eRickshaw_reverse1.0,easyBike_reverse1.1",NONE,"66.0,149.0,45.0,20.0",NONE,80.0,100.0,0.0,0,3
325.0,pa_6,E5,5,3,4,0,"easyBike_forward3.1,easyBike_forward3.2,easyBike_forward3.0,easyBike_forward3.3",NONE,"165.0,93.0,238.0,19.0",NONE,100.0,80.0,0.0,1,3
325.0,pa_6_rev,NEG_E5,5,3,0,0,NONE,NONE,NONE,NONE,0.0,0.0,0.0,5,3
325.0,pa_7,E6,4,2,0,0,NONE,NONE,NONE,NONE,0.0,0.0,0.0,4,2
325.0,pa_7_rev,NEG_E6,4,2,2,0,"easyBike_reverse2.5,eRickshaw_reverse3.0",NONE,"3.0,48.0",NONE,40.0,50.0,0.0,2,2
325.0,pa_8,E7,5,3,0,0,NONE,NONE,NONE,NONE,0.0,0.0,0.0,5,3
325.0,pa_8_rev,NEG_E7,5,3,5,3,"easyBike_reverse2.1,easyBike_reverse3.0,easyBike_reverse3.1,easyBike_reverse2.0,easyBike_reverse4.1","easyBike_reverse4.0,easyBike_reverse2.3,easyBike_reverse3.3","183.0,128.0,177.0,126.0,168.0","122.0,93.0,74.0",125.0,100.0,100.0,0,0
326.0,pa_2,E0,4,3,4,3,"easyBike_forward4.0,easyBike_forward2.0,easyBike_forward1.0,easyBike_forward1.1","easyBike_forward2.1,easyBike_forward4.1,easyBike_forward1.2","228.0,235.0,231.0,183.0","175.0,154.0,131.0",80.0,100.0,100.0,0,0
326.0,pa_2_rev,NEG_E0,4,3,0,0,NONE,NONE,NONE,NONE,0.0,0.0,0.0,4,3
326.0,pa_3,E1,4,3,0,0,NONE,NONE,NONE,NONE,0.0,0.0,0.0,4,3
326.0,pa_3_rev,NEG_E1,4,3,4,1,"easyBike_reverse1.2,easyBike_reverse1.0,eRickshaw_reverse1.0,easyBike_reverse1.1",eRickshaw_reverse2.0,"67.0,150.0,46.0,21.0",0.0,80.0,100.0,33.3,0,2
326.0,pa_6,E5,5,3,4,0,"easyBike_forward3.1,easyBike_forward3.2,easyBike_forward3.0,easyBike_forward3.3",NONE,"166.0,94.0,239.0,20.0",NONE,100.0,80.0,0.0,1,3
326.0,pa_6_rev,NEG_E5,5,3,0,0,NONE,NONE,NONE,NONE,0.0,0.0,0.0,5,3
326.0,pa_7,E6,4,2,0,0,NONE,NONE,NONE,NONE,0.0,0.0,0.0,4,2
326.0,pa_7_rev,NEG_E6,4,2,2,0,"easyBike_reverse2.5,eRickshaw_reverse3.0",NONE,"4.0,49.0",NONE,40.0,50.0,0.0,2,2
326.0,pa_8,E7,5,3,0,0,NONE,NONE,NONE,NONE,0.0,0.0,0.0,5,3
326.0,pa_8_rev,NEG_E7,5,3,5,3,"easyBike_reverse2.1,easyBike_reverse3.0,easyBike_reverse3.1,easyBike_reverse2.0,easyBike_reverse4.1","easyBike_reverse4.0,easyBike_reverse2.3,easyBike_reverse3.3","184.0,129.0,178.0,127.0,169.0","123.0,94.0,75.0",125.0,100.0,100.0,0,0
327.0,pa_2,E0,4,3,4,3,"easyBike_forward4.0,easyBike_forward2.0,easyBike_forward1.0,easyBike_forward1.1","easyBike_forward2.1,easyBike_forward4.1,easyBike_forward1.2","229.0,236.0,232.0,184.0","176.0,155.0,132.0",80.0,100.0,100.0,0,0
327.0,pa_2_rev,NEG_E0,4,3,0,0,NONE,NONE,NONE,NONE,0.0,0.0,0.0,4,3
327.0,pa_3,E1,4,3,0,0,NONE,NONE,NONE,NONE,0.0,0.0,0.0,4,3
327.0,pa_3_rev,NEG_E1,4,3,4,1,"easyBike_reverse1.2,easyBike_reverse1.0,eRickshaw_reverse1.0,easyBike_reverse1.1",eRickshaw_reverse2.0,"68.0,151.0,47.0,22.0",1.0,80.0,100.0,33.3,0,2
327.0,pa_6,E5,5,3,4,0,"easyBike_forward3.1,easyBike_forward3.2,easyBike_forward3.0,easyBike_forward3.3",NONE,"167.0,95.0,240.0,21.0",NONE,100.0,80.0,0.0,1,3
327.0,pa_6_rev,NEG_E5,5,3,0,0,NONE,NONE,NONE,NONE,0.0,0.0,0.0,5,3
327.0,pa_7,E6,4,2,0,0,NONE,NONE,NONE,NONE,0.0,0.0,0.0,4,2
327.0,pa_7_rev,NEG_E6,4,2,2,0,"easyBike_reverse2.5,eRickshaw_reverse3.0",NONE,"5.0,50.0",NONE,40.0,50.0,0.0,2,2
327.0,pa_8,E7,5,3,0,0,NONE,NONE,NONE,NONE,0.0,0.0,0.0,5,3
327.0,pa_8_rev,NEG_E7,5,3,5,3,"easyBike_reverse2.1,easyBike_reverse3.0,easyBike_reverse3.1,easyBike_reverse2.0,easyBike_reverse4.1","easyBike_reverse4.0,easyBike_reverse2.3,easyBike_reverse3.3","185.0,130.0,179.0,128.0,170.0","124.0,95.0,76.0",125.0,100.0,100.0,0,0
328.0,pa_2,E0,4,3,4,3,"easyBike_forward4.0,easyBike_forward2.0,easyBike_forward1.0,easyBike_forward1.1","easyBike_forward2.1,easyBike_forward4.1,easyBike_forward1.2","230.0,237.0,233.0,185.0","177.0,156.0,133.0",80.0,100.0,100.0,0,0
328.0,pa_2_rev,NEG_E0,4,3,0,0,NONE,NONE,NONE,NONE,0.0,0.0,0.0,4,3
328.0,pa_3,E1,4,3,0,0,NONE,NONE,NONE,NONE,0.0,0.0,0.0,4,3
328.0,pa_3_rev,NEG_E1,4,3,4,1,"easyBike_reverse1.2,easyBike_reverse1.0,eRickshaw_reverse1.0,easyBike_reverse1.1",eRickshaw_reverse2.0,"69.0,152.0,48.0,23.0",2.0,80.0,100.0,33.3,0,2
328.0,pa_6,E5,5,3,4,0,"easyBike_forward3.1,easyBike_forward3.2,easyBike_forward3.0,easyBike_forward3.3",NONE,"168.0,96.0,241.0,22.0",NONE,100.0,80.0,0.0,1,3
328.0,pa_6_rev,NEG_E5,5,3,0,0,NONE,NONE,NONE,NONE,0.0,0.0,0.0,5,3
328.0,pa_7,E6,4,2,0,0,NONE,NONE,NONE,NONE,0.0,0.0,0.0,4,2
328.0,pa_7_rev,NEG_E6,4,2,2,0,"easyBike_reverse2.5,eRickshaw_reverse3.0",NONE,"6.0,51.0",NONE,40.0,50.0,0.0,2,2
328.0,pa_8,E7,5,3,0,0,NONE,NONE,NONE,NONE,0.0,0.0,0.0,5,3
328.0,pa_8_rev,NEG_E7,5,3,5,3,"easyBike_reverse2.1,easyBike_reverse3.0,easyBike_reverse3.1,easyBike_reverse2.0,easyBike_reverse4.1","easyBike_reverse4.0,easyBike_reverse2.3,easyBike_reverse3.3","186.0,131.0,180.0,129.0,171.0","125.0,96.0,77.0",125.0,100.0,100.0,0,0
329.0,pa_2,E0,4,3,4,3,"easyBike_forward4.0,easyBike_forward2.0,easyBike_forward1.0,easyBike_forward1.1","easyBike_forward2.1,easyBike_forward4.1,easyBike_forward1.2","231.0,238.0,234.0,186.0","178.0,157.0,134.0",80.0,100.0,100.0,0,0
329.0,pa_2_rev,NEG_E0,4,3,0,0,NONE,NONE,NONE,NONE,0.0,0.0,0.0,4,3
329.0,pa_3,E1,4,3,0,0,NONE,NONE,NONE,NONE,0.0,0.0,0.0,4,3
329.0,pa_3_rev,NEG_E1,4,3,4,1,"easyBike_reverse1.2,easyBike_reverse1.0,eRickshaw_reverse1.0,easyBike_reverse1.1",eRickshaw_reverse2.0,"70.0,153.0,49.0,24.0",3.0,80.0,100.0,33.3,0,2
329.0,pa_6,E5,5,3,4,0,"easyBike_forward3.1,easyBike_forward3.2,easyBike_forward3.0,easyBike_forward3.3",NONE,"169.0,97.0,242.0,23.0",NONE,100.0,80.0,0.0,1,3
329.0,pa_6_rev,NEG_E5,5,3,0,0,NONE,NONE,NONE,NONE,0.0,0.0,0.0,5,3
329.0,pa_7,E6,4,2,0,0,NONE,NONE,NONE,NONE,0.0,0.0,0.0,4,2
329.0,pa_7_rev,NEG_E6,4,2,2,0,"easyBike_reverse2.5,eRickshaw_reverse3.0",NONE,"7.0,52.0",NONE,40.0,50.0,0.0,2,2
329.0,pa_8,E7,5,3,0,0,NONE,NONE,NONE,NONE,0.0,0.0,0.0,5,3
329.0,pa_8_rev,NEG_E7,5,3,5,3,"easyBike_reverse2.1,easyBike_reverse3.0,easyBike_reverse3.1,easyBike_reverse2.0,easyBike_reverse4.1","easyBike_reverse4.0,easyBike_reverse2.3,easyBike_reverse3.3","187.0,132.0,181.0,130.0,172.0","126.0,97.0,78.0",125.0,100.0,100.0,0,0
330.0,pa_2,E0,4,3,4,3,"easyBike_forward4.0,easyBike_forward2.0,easyBike_forward1.0,easyBike_forward1.1","easyBike_forward2.1,easyBike_forward4.1,easyBike_forward1.2","232.0,239.0,235.0,187.0","179.0,158.0,135.0",80.0,100.0,100.0,0,0
330.0,pa_2_rev,NEG_E0,4,3,0,0,NONE,NONE,NONE,NONE,0.0,0.0,0.0,4,3
330.0,pa_3,E1,4,3,0,0,NONE,NONE,NONE,NONE,0.0,0.0,0.0,4,3
330.0,pa_3_rev,NEG_E1,4,3,4,1,"easyBike_reverse1.2,easyBike_reverse1.0,eRickshaw_reverse1.0,easyBike_reverse1.1",eRickshaw_reverse2.0,"71.0,154.0,50.0,25.0",4.0,80.0,100.0,33.3,0,2
330.0,pa_6,E5,5,3,4,0,"easyBike_forward3.1,easyBike_forward3.2,easyBike_forward3.0,easyBike_forward3.3",NONE,"170.0,98.0,243.0,24.0",NONE,100.0,80.0,0.0,1,3
330.0,pa_6_rev,NEG_E5,5,3,0,0,NONE,NONE,NONE,NONE,0.0,0.0,0.0,5,3
330.0,pa_7,E6,4,2,0,0,NONE,NONE,NONE,NONE,0.0,0.0,0.0,4,2
330.0,pa_7_rev,NEG_E6,4,2,2,0,"easyBike_reverse2.5,eRickshaw_reverse3.0",NONE,"8.0,53.0",NONE,40.0,50.0,0.0,2,2
330.0,pa_8,E7,5,3,0,0,NONE,NONE,NONE,NONE,0.0,0.0,0.0,5,3
330.0,pa_8_rev,NEG_E7,5,3,5,3,"easyBike_reverse2.1,easyBike_reverse3.0,easyBike_reverse3.1,easyBike_reverse2.0,easyBike_reverse4.1","easyBike_reverse4.0,easyBike_reverse2.3,easyBike_reverse3.3","188.0,133.0,182.0,131.0,173.0","127.0,98.0,79.0",125.0,100.0,100.0,0,0
331.0,pa_2,E0,4,3,4,3,"easyBike_forward4.0,easyBike_forward2.0,easyBike_forward1.0,easyBike_forward1.1","easyBike_forward2.1,easyBike_forward4.1,easyBike_forward1.2","233.0,240.0,236.0,188.0","180.0,159.0,136.0",80.0,100.0,100.0,0,0
331.0,pa_2_rev,NEG_E0,4,3,0,0,NONE,NONE,NONE,NONE,0.0,0.0,0.0,4,3
331.0,pa_3,E1,4,3,0,0,NONE,NONE,NONE,NONE,0.0,0.0,0.0,4,3
331.0,pa_3_rev,NEG_E1,4,3,4,1,"easyBike_reverse1.2,easyBike_reverse1.0,eRickshaw_reverse1.0,easyBike_reverse1.1",eRickshaw_reverse2.0,"72.0,155.0,51.0,26.0",5.0,80.0,100.0,33.3,0,2
331.0,pa_6,E5,5,3,4,0,"easyBike_forward3.1,easyBike_forward3.2,easyBike_forward3.0,easyBike_forward3.3",NONE,"171.0,99.0,244.0,25.0",NONE,100.0,80.0,0.0,1,3
331.0,pa_6_rev,NEG_E5,5,3,0,0,NONE,NONE,NONE,NONE,0.0,0.0,0.0,5,3
331.0,pa_7,E6,4,2,0,0,NONE,NONE,NONE,NONE,0.0,0.0,0.0,4,2
331.0,pa_7_rev,NEG_E6,4,2,2,0,"easyBike_reverse2.5,eRickshaw_reverse3.0",NONE,"9.0,54.0",NONE,40.0,50.0,0.0,2,2
331.0,pa_8,E7,5,3,0,0,NONE,NONE,NONE,NONE,0.0,0.0,0.0,5,3
331.0,pa_8_rev,NEG_E7,5,3,5,3,"easyBike_reverse2.1,easyBike_reverse3.0,easyBike_reverse3.1,easyBike_reverse2.0,easyBike_reverse4.1","easyBike_reverse4.0,easyBike_reverse2.3,easyBike_reverse3.3","189.0,134.0,183.0,132.0,174.0","128.0,99.0,80.0",125.0,100.0,100.0,0,0
332.0,pa_2,E0,4,3,4,3,"easyBike_forward4.0,easyBike_forward2.0,easyBike_forward1.0,easyBike_forward1.1","easyBike_forward2.1,easyBike_forward4.1,easyBike_forward1.2","234.0,241.0,237.0,189.0","181.0,160.0,137.0",80.0,100.0,100.0,0,0
332.0,pa_2_rev,NEG_E0,4,3,0,0,NONE,NONE,NONE,NONE,0.0,0.0,0.0,4,3
332.0,pa_3,E1,4,3,0,0,NONE,NONE,NONE,NONE,0.0,0.0,0.0,4,3
332.0,pa_3_rev,NEG_E1,4,3,4,1,"easyBike_reverse1.2,easyBike_reverse1.0,eRickshaw_reverse1.0,easyBike_reverse1.1",eRickshaw_reverse2.0,"73.0,156.0,52.0,27.0",6.0,80.0,100.0,33.3,0,2
332.0,pa_6,E5,5,3,4,0,"easyBike_forward3.1,easyBike_forward3.2,easyBike_forward3.0,easyBike_forward3.3",NONE,"172.0,100.0,245.0,26.0",NONE,100.0,80.0,0.0,1,3
332.0,pa_6_rev,NEG_E5,5,3,0,0,NONE,NONE,NONE,NONE,0.0,0.0,0.0,5,3
332.0,pa_7,E6,4,2,0,0,NONE,NONE,NONE,NONE,0.0,0.0,0.0,4,2
332.0,pa_7_rev,NEG_E6,4,2,2,0,"easyBike_reverse2.5,eRickshaw_reverse3.0",NONE,"10.0,55.0",NONE,40.0,50.0,0.0,2,2
332.0,pa_8,E7,5,3,0,0,NONE,NONE,NONE,NONE,0.0,0.0,0.0,5,3
332.0,pa_8_rev,NEG_E7,5,3,5,3,"easyBike_reverse2.1,easyBike_reverse3.0,easyBike_reverse3.1,easyBike_reverse2.0,easyBike_reverse4.1","easyBike_reverse4.0,easyBike_reverse2.3,easyBike_reverse3.3","190.0,135.0,184.0,133.0,175.0","129.0,100.0,81.0",125.0,100.0,100.0,0,0
333.0,pa_2,E0,4,3,4,3,"easyBike_forward4.0,easyBike_forward2.0,easyBike_forward1.0,easyBike_forward1.1","easyBike_forward2.1,easyBike_forward4.1,easyBike_forward1.2","235.0,242.0,238.0,190.0","182.0,161.0,138.0",80.0,100.0,100.0,0,0
333.0,pa_2_rev,NEG_E0,4,3,0,0,NONE,NONE,NONE,NONE,0.0,0.0,0.0,4,3
333.0,pa_3,E1,4,3,0,0,NONE,NONE,NONE,NONE,0.0,0.0,0.0,4,3
333.0,pa_3_rev,NEG_E1,4,3,4,1,"easyBike_reverse1.2,easyBike_reverse1.0,eRickshaw_reverse1.0,easyBike_reverse1.1",eRickshaw_reverse2.0,"74.0,157.0,53.0,28.0",7.0,80.0,100.0,33.3,0,2
333.0,pa_6,E5,5,3,4,0,"easyBike_forward3.1,easyBike_forward3.2,easyBike_forward3.0,easyBike_forward3.3",NONE,"173.0,101.0,246.0,27.0",NONE,100.0,80.0,0.0,1,3
333.0,pa_6_rev,NEG_E5,5,3,0,0,NONE,NONE,NONE,NONE,0.0,0.0,0.0,5,3
333.0,pa_7,E6,4,2,0,0,NONE,NONE,NONE,NONE,0.0,0.0,0.0,4,2
333.0,pa_7_rev,NEG_E6,4,2,2,0,"easyBike_reverse2.5,eRickshaw_reverse3.0",NONE,"11.0,56.0",NONE,40.0,50.0,0.0,2,2
333.0,pa_8,E7,5,3,0,0,NONE,NONE,NONE,NONE,0.0,0.0,0.0,5,3
333.0,pa_8_rev,NEG_E7,5,3,5,3,"easyBike_reverse2.1,easyBike_reverse3.0,easyBike_reverse3.1,easyBike_reverse2.0,easyBike_reverse4.1","easyBike_reverse4.0,easyBike_reverse2.3,easyBike_reverse3.3","191.0,136.0,185.0,134.0,176.0","130.0,101.0,82.0",125.0,100.0,100.0,0,0
334.0,pa_2,E0,4,3,4,3,"easyBike_forward4.0,easyBike_forward2.0,easyBike_forward1.0,easyBike_forward1.1","easyBike_forward2.1,easyBike_forward4.1,easyBike_forward1.2","236.0,243.0,239.0,191.0","183.0,162.0,139.0",80.0,100.0,100.0,0,0
334.0,pa_2_rev,NEG_E0,4,3,0,0,NONE,NONE,NONE,NONE,0.0,0.0,0.0,4,3
334.0,pa_3,E1,4,3,0,0,NONE,NONE,NONE,NONE,0.0,0.0,0.0,4,3
334.0,pa_3_rev,NEG_E1,4,3,4,1,"easyBike_reverse1.2,easyBike_reverse1.0,eRickshaw_reverse1.0,easyBike_reverse1.1",eRickshaw_reverse2.0,"75.0,158.0,54.0,29.0",8.0,80.0,100.0,33.3,0,2
334.0,pa_6,E5,5,3,4,0,"easyBike_forward3.1,easyBike_forward3.2,easyBike_forward3.0,easyBike_forward3.3",NONE,"174.0,102.0,247.0,28.0",NONE,100.0,80.0,0.0,1,3
334.0,pa_6_rev,NEG_E5,5,3,0,0,NONE,NONE,NONE,NONE,0.0,0.0,0.0,5,3
334.0,pa_7,E6,4,2,0,0,NONE,NONE,NONE,NONE,0.0,0.0,0.0,4,2
334.0,pa_7_rev,NEG_E6,4,2,2,0,"easyBike_reverse2.5,eRickshaw_reverse3.0",NONE,"12.0,57.0",NONE,40.0,50.0,0.0,2,2
334.0,pa_8,E7,5,3,0,0,NONE,NONE,NONE,NONE,0.0,0.0,0.0,5,3
334.0,pa_8_rev,NEG_E7,5,3,5,3,"easyBike_reverse2.1,easyBike_reverse3.0,easyBike_reverse3.1,easyBike_reverse2.0,easyBike_reverse4.1","easyBike_reverse4.0,easyBike_reverse2.3,easyBike_reverse3.3","192.0,137.0,186.0,135.0,177.0","131.0,102.0,83.0",125.0,100.0,100.0,0,0
335.0,pa_2,E0,4,3,4,3,"easyBike_forward4.0,easyBike_forward2.0,easyBike_forward1.0,easyBike_forward1.1","easyBike_forward2.1,easyBike_forward4.1,easyBike_forward1.2","237.0,244.0,240.0,192.0","184.0,163.0,140.0",80.0,100.0,100.0,0,0
335.0,pa_2_rev,NEG_E0,4,3,0,0,NONE,NONE,NONE,NONE,0.0,0.0,0.0,4,3
335.0,pa_3,E1,4,3,0,0,NONE,NONE,NONE,NONE,0.0,0.0,0.0,4,3
335.0,pa_3_rev,NEG_E1,4,3,4,1,"easyBike_reverse1.2,easyBike_reverse1.0,eRickshaw_reverse1.0,easyBike_reverse1.1",eRickshaw_reverse2.0,"76.0,159.0,55.0,30.0",9.0,80.0,100.0,33.3,0,2
335.0,pa_6,E5,5,3,4,0,"easyBike_forward3.1,easyBike_forward3.2,easyBike_forward3.0,easyBike_forward3.3",NONE,"175.0,103.0,248.0,29.0",NONE,100.0,80.0,0.0,1,3
335.0,pa_6_rev,NEG_E5,5,3,0,0,NONE,NONE,NONE,NONE,0.0,0.0,0.0,5,3
335.0,pa_7,E6,4,2,0,0,NONE,NONE,NONE,NONE,0.0,0.0,0.0,4,2
335.0,pa_7_rev,NEG_E6,4,2,2,0,"easyBike_reverse2.5,eRickshaw_reverse3.0",NONE,"13.0,58.0",NONE,40.0,50.0,0.0,2,2
335.0,pa_8,E7,5,3,0,0,NONE,NONE,NONE,NONE,0.0,0.0,0.0,5,3
335.0,pa_8_rev,NEG_E7,5,3,5,3,"easyBike_reverse2.1,easyBike_reverse3.0,easyBike_reverse3.1,easyBike_reverse2.0,easyBike_reverse4.1","easyBike_reverse4.0,easyBike_reverse2.3,easyBike_reverse3.3","193.0,138.0,187.0,136.0,178.0","132.0,103.0,84.0",125.0,100.0,100.0,0,0
336.0,pa_2,E0,4,3,4,3,"easyBike_forward4.0,easyBike_forward2.0,easyBike_forward1.0,easyBike_forward1.1","easyBike_forward2.1,easyBike_forward4.1,easyBike_forward1.2","238.0,245.0,241.0,193.0","185.0,164.0,141.0",80.0,100.0,100.0,0,0
336.0,pa_2_rev,NEG_E0,4,3,0,0,NONE,NONE,NONE,NONE,0.0,0.0,0.0,4,3
336.0,pa_3,E1,4,3,0,0,NONE,NONE,NONE,NONE,0.0,0.0,0.0,4,3
336.0,pa_3_rev,NEG_E1,4,3,4,1,"easyBike_reverse1.2,easyBike_reverse1.0,eRickshaw_reverse1.0,easyBike_reverse1.1",eRickshaw_reverse2.0,"77.0,160.0,56.0,31.0",10.0,80.0,100.0,33.3,0,2
336.0,pa_6,E5,5,3,4,0,"easyBike_forward3.1,easyBike_forward3.2,easyBike_forward3.0,easyBike_forward3.3",NONE,"176.0,104.0,249.0,30.0",NONE,100.0,80.0,0.0,1,3
336.0,pa_6_rev,NEG_E5,5,3,0,0,NONE,NONE,NONE,NONE,0.0,0.0,0.0,5,3
336.0,pa_7,E6,4,2,0,0,NONE,NONE,NONE,NONE,0.0,0.0,0.0,4,2
336.0,pa_7_rev,NEG_E6,4,2,2,0,"easyBike_reverse2.5,eRickshaw_reverse3.0",NONE,"14.0,59.0",NONE,40.0,50.0,0.0,2,2
336.0,pa_8,E7,5,3,1,0,eRickshaw_forward4.0,NONE,0.0,NONE,25.0,20.0,0.0,4,3
336.0,pa_8_rev,NEG_E7,5,3,5,3,"easyBike_reverse2.1,easyBike_reverse3.0,easyBike_reverse3.1,easyBike_reverse2.0,easyBike_reverse4.1","easyBike_reverse4.0,easyBike_reverse2.3,easyBike_reverse3.3","194.0,139.0,188.0,137.0,179.0","133.0,104.0,85.0",125.0,100.0,100.0,0,0
337.0,pa_2,E0,4,3,4,3,"easyBike_forward4.0,easyBike_forward2.0,easyBike_forward1.0,easyBike_forward1.1","easyBike_forward2.1,easyBike_forward4.1,easyBike_forward1.2","239.0,246.0,242.0,194.0","186.0,165.0,142.0",80.0,100.0,100.0,0,0
337.0,pa_2_rev,NEG_E0,4,3,0,0,NONE,NONE,NONE,NONE,0.0,0.0,0.0,4,3
337.0,pa_3,E1,4,3,0,0,NONE,NONE,NONE,NONE,0.0,0.0,0.0,4,3
337.0,pa_3_rev,NEG_E1,4,3,4,2,"easyBike_reverse1.2,easyBike_reverse1.0,eRickshaw_reverse1.0,easyBike_reverse1.1","eRickshaw_reverse2.0,easyBike_reverse1.4","78.0,161.0,57.0,32.0","11.0,0.0",80.0,100.0,66.7,0,1
337.0,pa_6,E5,5,3,4,0,"easyBike_forward3.1,easyBike_forward3.2,easyBike_forward3.0,easyBike_forward3.3",NONE,"177.0,105.0,250.0,31.0",NONE,100.0,80.0,0.0,1,3
337.0,pa_6_rev,NEG_E5,5,3,0,0,NONE,NONE,NONE,NONE,0.0,0.0,0.0,5,3
337.0,pa_7,E6,4,2,0,0,NONE,NONE,NONE,NONE,0.0,0.0,0.0,4,2
337.0,pa_7_rev,NEG_E6,4,2,3,0,"easyBike_reverse2.5,eRickshaw_reverse3.0,easyBike_reverse4.4",NONE,"15.0,60.0,0.0",NONE,60.0,75.0,0.0,1,2
337.0,pa_8,E7,5,3,1,0,eRickshaw_forward4.0,NONE,1.0,NONE,25.0,20.0,0.0,4,3
337.0,pa_8_rev,NEG_E7,5,3,5,3,"easyBike_reverse2.1,easyBike_reverse3.0,easyBike_reverse3.1,easyBike_reverse2.0,easyBike_reverse4.1","easyBike_reverse4.0,easyBike_reverse2.3,easyBike_reverse3.3","195.0,140.0,189.0,138.0,180.0","134.0,105.0,86.0",125.0,100.0,100.0,0,0
338.0,pa_2,E0,4,3,4,3,"easyBike_forward4.0,easyBike_forward2.0,easyBike_forward1.0,easyBike_forward1.1","easyBike_forward2.1,easyBike_forward4.1,easyBike_forward1.2","240.0,247.0,243.0,195.0","187.0,166.0,143.0",80.0,100.0,100.0,0,0
338.0,pa_2_rev,NEG_E0,4,3,0,0,NONE,NONE,NONE,NONE,0.0,0.0,0.0,4,3
338.0,pa_3,E1,4,3,0,0,NONE,NONE,NONE,NONE,0.0,0.0,0.0,4,3
338.0,pa_3_rev,NEG_E1,4,3,4,2,"easyBike_reverse1.2,easyBike_reverse1.0,eRickshaw_reverse1.0,easyBike_reverse1.1","eRickshaw_reverse2.0,easyBike_reverse1.4","79.0,162.0,58.0,33.0","12.0,1.0",80.0,100.0,66.7,0,1
338.0,pa_6,E5,5,3,4,0,"easyBike_forward3.1,easyBike_forward3.2,easyBike_forward3.0,easyBike_forward3.3",NONE,"178.0,106.0,251.0,32.0",NONE,100.0,80.0,0.0,1,3
338.0,pa_6_rev,NEG_E5,5,3,0,0,NONE,NONE,NONE,NONE,0.0,0.0,0.0,5,3
338.0,pa_7,E6,4,2,0,0,NONE,NONE,NONE,NONE,0.0,0.0,0.0,4,2
338.0,pa_7_rev,NEG_E6,4,2,3,0,"easyBike_reverse2.5,eRickshaw_reverse3.0,easyBike_reverse4.4",NONE,"16.0,61.0,1.0",NONE,60.0,75.0,0.0,1,2
338.0,pa_8,E7,5,3,1,0,eRickshaw_forward4.0,NONE,2.0,NONE,25.0,20.0,0.0,4,3
338.0,pa_8_rev,NEG_E7,5,3,5,3,"easyBike_reverse2.1,easyBike_reverse3.0,easyBike_reverse3.1,easyBike_reverse2.0,easyBike_reverse4.1","easyBike_reverse4.0,easyBike_reverse2.3,easyBike_reverse3.3","196.0,141.0,190.0,139.0,181.0","135.0,106.0,87.0",125.0,100.0,100.0,0,0
339.0,pa_2,E0,4,3,4,3,"easyBike_forward4.0,easyBike_forward2.0,easyBike_forward1.0,easyBike_forward1.1","easyBike_forward2.1,easyBike_forward4.1,easyBike_forward1.2","241.0,248.0,244.0,196.0","188.0,167.0,144.0",80.0,100.0,100.0,0,0
339.0,pa_2_rev,NEG_E0,4,3,0,0,NONE,NONE,NONE,NONE,0.0,0.0,0.0,4,3
339.0,pa_3,E1,4,3,0,0,NONE,NONE,NONE,NONE,0.0,0.0,0.0,4,3
339.0,pa_3_rev,NEG_E1,4,3,4,2,"easyBike_reverse1.2,easyBike_reverse1.0,eRickshaw_reverse1.0,easyBike_reverse1.1","eRickshaw_reverse2.0,easyBike_reverse1.4","80.0,163.0,59.0,34.0","13.0,2.0",80.0,100.0,66.7,0,1
339.0,pa_6,E5,5,3,4,0,"easyBike_forward3.1,easyBike_forward3.2,easyBike_forward3.0,easyBike_forward3.3",NONE,"179.0,107.0,252.0,33.0",NONE,100.0,80.0,0.0,1,3
339.0,pa_6_rev,NEG_E5,5,3,0,0,NONE,NONE,NONE,NONE,0.0,0.0,0.0,5,3
339.0,pa_7,E6,4,2,0,0,NONE,NONE,NONE,NONE,0.0,0.0,0.0,4,2
339.0,pa_7_rev,NEG_E6,4,2,3,0,"easyBike_reverse2.5,eRickshaw_reverse3.0,easyBike_reverse4.4",NONE,"17.0,62.0,2.0",NONE,60.0,75.0,0.0,1,2
339.0,pa_8,E7,5,3,1,0,eRickshaw_forward4.0,NONE,3.0,NONE,25.0,20.0,0.0,4,3
339.0,pa_8_rev,NEG_E7,5,3,5,3,"easyBike_reverse2.1,easyBike_reverse3.0,easyBike_reverse3.1,easyBike_reverse2.0,easyBike_reverse4.1","easyBike_reverse4.0,easyBike_reverse2.3,easyBike_reverse3.3","197.0,142.0,191.0,140.0,182.0","136.0,107.0,88.0",125.0,100.0,100.0,0,0
340.0,pa_2,E0,4,3,4,3,"easyBike_forward4.0,easyBike_forward2.0,easyBike_forward1.0,easyBike_forward1.1","easyBike_forward2.1,easyBike_forward4.1,easyBike_forward1.2","242.0,249.0,245.0,197.0","189.0,168.0,145.0",80.0,100.0,100.0,0,0
340.0,pa_2_rev,NEG_E0,4,3,0,0,NONE,NONE,NONE,NONE,0.0,0.0,0.0,4,3
340.0,pa_3,E1,4,3,0,0,NONE,NONE,NONE,NONE,0.0,0.0,0.0,4,3
340.0,pa_3_rev,NEG_E1,4,3,4,2,"easyBike_reverse1.2,easyBike_reverse1.0,eRickshaw_reverse1.0,easyBike_reverse1.1","eRickshaw_reverse2.0,easyBike_reverse1.4","81.0,164.0,60.0,35.0","14.0,3.0",80.0,100.0,66.7,0,1
340.0,pa_6,E5,5,3,4,0,"easyBike_forward3.1,easyBike_forward3.2,easyBike_forward3.0,easyBike_forward3.3",NONE,"180.0,108.0,253.0,34.0",NONE,100.0,80.0,0.0,1,3
340.0,pa_6_rev,NEG_E5,5,3,0,0,NONE,NONE,NONE,NONE,0.0,0.0,0.0,5,3
340.0,pa_7,E6,4,2,0,0,NONE,NONE,NONE,NONE,0.0,0.0,0.0,4,2
340.0,pa_7_rev,NEG_E6,4,2,3,0,"easyBike_reverse2.5,eRickshaw_reverse3.0,easyBike_reverse4.4",NONE,"18.0,63.0,3.0",NONE,60.0,75.0,0.0,1,2
340.0,pa_8,E7,5,3,1,0,eRickshaw_forward4.0,NONE,4.0,NONE,25.0,20.0,0.0,4,3
340.0,pa_8_rev,NEG_E7,5,3,5,3,"easyBike_reverse2.1,easyBike_reverse3.0,easyBike_reverse3.1,easyBike_reverse2.0,easyBike_reverse4.1","easyBike_reverse4.0,easyBike_reverse2.3,easyBike_reverse3.3","198.0,143.0,192.0,141.0,183.0","137.0,108.0,89.0",125.0,100.0,100.0,0,0
341.0,pa_2,E0,4,3,4,3,"easyBike_forward4.0,easyBike_forward2.0,easyBike_forward1.0,easyBike_forward1.1","easyBike_forward2.1,easyBike_forward4.1,easyBike_forward1.2","243.0,250.0,246.0,198.0","190.0,169.0,146.0",80.0,100.0,100.0,0,0
341.0,pa_2_rev,NEG_E0,4,3,0,0,NONE,NONE,NONE,NONE,0.0,0.0,0.0,4,3
341.0,pa_3,E1,4,3,0,0,NONE,NONE,NONE,NONE,0.0,0.0,0.0,4,3
341.0,pa_3_rev,NEG_E1,4,3,4,2,"easyBike_reverse1.2,easyBike_reverse1.0,eRickshaw_reverse1.0,easyBike_reverse1.1","eRickshaw_reverse2.0,easyBike_reverse1.4","82.0,165.0,61.0,36.0","15.0,4.0",80.0,100.0,66.7,0,1
341.0,pa_6,E5,5,3,4,0,"easyBike_forward3.1,easyBike_forward3.2,easyBike_forward3.0,easyBike_forward3.3",NONE,"181.0,109.0,254.0,35.0",NONE,100.0,80.0,0.0,1,3
341.0,pa_6_rev,NEG_E5,5,3,0,0,NONE,NONE,NONE,NONE,0.0,0.0,0.0,5,3
341.0,pa_7,E6,4,2,0,0,NONE,NONE,NONE,NONE,0.0,0.0,0.0,4,2
341.0,pa_7_rev,NEG_E6,4,2,3,0,"easyBike_reverse2.5,eRickshaw_reverse3.0,easyBike_reverse4.4",NONE,"19.0,64.0,4.0",NONE,60.0,75.0,0.0,1,2
341.0,pa_8,E7,5,3,1,0,eRickshaw_forward4.0,NONE,5.0,NONE,25.0,20.0,0.0,4,3
341.0,pa_8_rev,NEG_E7,5,3,5,3,"easyBike_reverse2.1,easyBike_reverse3.0,easyBike_reverse3.1,easyBike_reverse2.0,easyBike_reverse4.1","easyBike_reverse4.0,easyBike_reverse2.3,easyBike_reverse3.3","199.0,144.0,193.0,142.0,184.0","138.0,109.0,90.0",125.0,100.0,100.0,0,0
342.0,pa_2,E0,4,3,4,3,"easyBike_forward4.0,easyBike_forward2.0,easyBike_forward1.0,easyBike_forward1.1","easyBike_forward2.1,easyBike_forward4.1,easyBike_forward1.2","244.0,251.0,247.0,199.0","191.0,170.0,147.0",80.0,100.0,100.0,0,0
342.0,pa_2_rev,NEG_E0,4,3,0,0,NONE,NONE,NONE,NONE,0.0,0.0,0.0,4,3
342.0,pa_3,E1,4,3,0,0,NONE,NONE,NONE,NONE,0.0,0.0,0.0,4,3
342.0,pa_3_rev,NEG_E1,4,3,4,2,"easyBike_reverse1.2,easyBike_reverse1.0,eRickshaw_reverse1.0,easyBike_reverse1.1","eRickshaw_reverse2.0,easyBike_reverse1.4","83.0,166.0,62.0,37.0","16.0,5.0",80.0,100.0,66.7,0,1
342.0,pa_6,E5,5,3,4,0,"easyBike_forward3.1,easyBike_forward3.2,easyBike_forward3.0,easyBike_forward3.3",NONE,"182.0,110.0,255.0,36.0",NONE,100.0,80.0,0.0,1,3
342.0,pa_6_rev,NEG_E5,5,3,0,0,NONE,NONE,NONE,NONE,0.0,0.0,0.0,5,3
342.0,pa_7,E6,4,2,0,0,NONE,NONE,NONE,NONE,0.0,0.0,0.0,4,2
342.0,pa_7_rev,NEG_E6,4,2,3,0,"easyBike_reverse2.5,eRickshaw_reverse3.0,easyBike_reverse4.4",NONE,"20.0,65.0,5.0",NONE,60.0,75.0,0.0,1,2
342.0,pa_8,E7,5,3,1,0,eRickshaw_forward4.0,NONE,6.0,NONE,25.0,20.0,0.0,4,3
342.0,pa_8_rev,NEG_E7,5,3,5,3,"easyBike_reverse2.1,easyBike_reverse3.0,easyBike_reverse3.1,easyBike_reverse2.0,easyBike_reverse4.1","easyBike_reverse4.0,easyBike_reverse2.3,easyBike_reverse3.3","200.0,145.0,194.0,143.0,185.0","139.0,110.0,91.0",125.0,100.0,100.0,0,0
343.0,pa_2,E0,4,3,4,3,"easyBike_forward4.0,easyBike_forward2.0,easyBike_forward1.0,easyBike_forward1.1","easyBike_forward2.1,easyBike_forward4.1,easyBike_forward1.2","245.0,252.0,248.0,200.0","192.0,171.0,148.0",80.0,100.0,100.0,0,0
343.0,pa_2_rev,NEG_E0,4,3,0,0,NONE,NONE,NONE,NONE,0.0,0.0,0.0,4,3
343.0,pa_3,E1,4,3,0,0,NONE,NONE,NONE,NONE,0.0,0.0,0.0,4,3
343.0,pa_3_rev,NEG_E1,4,3,4,2,"easyBike_reverse1.2,easyBike_reverse1.0,eRickshaw_reverse1.0,easyBike_reverse1.1","eRickshaw_reverse2.0,easyBike_reverse1.4","84.0,167.0,63.0,38.0","17.0,6.0",80.0,100.0,66.7,0,1
343.0,pa_6,E5,5,3,4,0,"easyBike_forward3.1,easyBike_forward3.2,easyBike_forward3.0,easyBike_forward3.3",NONE,"183.0,111.0,256.0,37.0",NONE,100.0,80.0,0.0,1,3
343.0,pa_6_rev,NEG_E5,5,3,0,0,NONE,NONE,NONE,NONE,0.0,0.0,0.0,5,3
343.0,pa_7,E6,4,2,0,0,NONE,NONE,NONE,NONE,0.0,0.0,0.0,4,2
343.0,pa_7_rev,NEG_E6,4,2,3,0,"easyBike_reverse2.5,eRickshaw_reverse3.0,easyBike_reverse4.4",NONE,"21.0,66.0,6.0",NONE,60.0,75.0,0.0,1,2
343.0,pa_8,E7,5,3,1,0,eRickshaw_forward4.0,NONE,7.0,NONE,25.0,20.0,0.0,4,3
343.0,pa_8_rev,NEG_E7,5,3,5,3,"easyBike_reverse2.1,easyBike_reverse3.0,easyBike_reverse3.1,easyBike_reverse2.0,easyBike_reverse4.1","easyBike_reverse4.0,easyBike_reverse2.3,easyBike_reverse3.3","201.0,146.0,195.0,144.0,186.0","140.0,111.0,92.0",125.0,100.0,100.0,0,0
344.0,pa_2,E0,4,3,4,3,"easyBike_forward4.0,easyBike_forward2.0,easyBike_forward1.0,easyBike_forward1.1","easyBike_forward2.1,easyBike_forward4.1,easyBike_forward1.2","246.0,253.0,249.0,201.0","193.0,172.0,149.0",80.0,100.0,100.0,0,0
344.0,pa_2_rev,NEG_E0,4,3,0,0,NONE,NONE,NONE,NONE,0.0,0.0,0.0,4,3
344.0,pa_3,E1,4,3,0,0,NONE,NONE,NONE,NONE,0.0,0.0,0.0,4,3
344.0,pa_3_rev,NEG_E1,4,3,4,2,"easyBike_reverse1.2,easyBike_reverse1.0,eRickshaw_reverse1.0,easyBike_reverse1.1","eRickshaw_reverse2.0,easyBike_reverse1.4","85.0,168.0,64.0,39.0","18.0,7.0",80.0,100.0,66.7,0,1
344.0,pa_6,E5,5,3,4,0,"easyBike_forward3.1,easyBike_forward3.2,easyBike_forward3.0,easyBike_forward3.3",NONE,"184.0,112.0,257.0,38.0",NONE,100.0,80.0,0.0,1,3
344.0,pa_6_rev,NEG_E5,5,3,0,0,NONE,NONE,NONE,NONE,0.0,0.0,0.0,5,3
344.0,pa_7,E6,4,2,0,0,NONE,NONE,NONE,NONE,0.0,0.0,0.0,4,2
344.0,pa_7_rev,NEG_E6,4,2,3,0,"easyBike_reverse2.5,eRickshaw_reverse3.0,easyBike_reverse4.4",NONE,"22.0,67.0,7.0",NONE,60.0,75.0,0.0,1,2
344.0,pa_8,E7,5,3,1,0,eRickshaw_forward4.0,NONE,8.0,NONE,25.0,20.0,0.0,4,3
344.0,pa_8_rev,NEG_E7,5,3,5,3,"easyBike_reverse2.1,easyBike_reverse3.0,easyBike_reverse3.1,easyBike_reverse2.0,easyBike_reverse4.1","easyBike_reverse4.0,easyBike_reverse2.3,easyBike_reverse3.3","202.0,147.0,196.0,145.0,187.0","141.0,112.0,93.0",125.0,100.0,100.0,0,0
345.0,pa_2,E0,4,3,4,3,"easyBike_forward4.0,easyBike_forward2.0,easyBike_forward1.0,easyBike_forward1.1","easyBike_forward2.1,easyBike_forward4.1,easyBike_forward1.2","247.0,254.0,250.0,202.0","194.0,173.0,150.0",80.0,100.0,100.0,0,0
345.0,pa_2_rev,NEG_E0,4,3,0,0,NONE,NONE,NONE,NONE,0.0,0.0,0.0,4,3
345.0,pa_3,E1,4,3,0,0,NONE,NONE,NONE,NONE,0.0,0.0,0.0,4,3
345.0,pa_3_rev,NEG_E1,4,3,4,2,"easyBike_reverse1.2,easyBike_reverse1.0,eRickshaw_reverse1.0,easyBike_reverse1.1","eRickshaw_reverse2.0,easyBike_reverse1.4","86.0,169.0,65.0,40.0","19.0,8.0",80.0,100.0,66.7,0,1
345.0,pa_6,E5,5,3,4,0,"easyBike_forward3.1,easyBike_forward3.2,easyBike_forward3.0,easyBike_forward3.3",NONE,"185.0,113.0,258.0,39.0",NONE,100.0,80.0,0.0,1,3
345.0,pa_6_rev,NEG_E5,5,3,0,0,NONE,NONE,NONE,NONE,0.0,0.0,0.0,5,3
345.0,pa_7,E6,4,2,0,0,NONE,NONE,NONE,NONE,0.0,0.0,0.0,4,2
345.0,pa_7_rev,NEG_E6,4,2,3,0,"easyBike_reverse2.5,eRickshaw_reverse3.0,easyBike_reverse4.4",NONE,"23.0,68.0,8.0",NONE,60.0,75.0,0.0,1,2
345.0,pa_8,E7,5,3,1,0,eRickshaw_forward4.0,NONE,9.0,NONE,25.0,20.0,0.0,4,3
345.0,pa_8_rev,NEG_E7,5,3,5,3,"easyBike_reverse2.1,easyBike_reverse3.0,easyBike_reverse3.1,easyBike_reverse2.0,easyBike_reverse4.1","easyBike_reverse4.0,easyBike_reverse2.3,easyBike_reverse3.3","203.0,148.0,197.0,146.0,188.0","142.0,113.0,94.0",125.0,100.0,100.0,0,0
346.0,pa_2,E0,4,3,4,3,"easyBike_forward4.0,easyBike_forward2.0,easyBike_forward1.0,easyBike_forward1.1","easyBike_forward2.1,easyBike_forward4.1,easyBike_forward1.2","248.0,255.0,251.0,203.0","195.0,174.0,151.0",80.0,100.0,100.0,0,0
346.0,pa_2_rev,NEG_E0,4,3,0,0,NONE,NONE,NONE,NONE,0.0,0.0,0.0,4,3
346.0,pa_3,E1,4,3,0,0,NONE,NONE,NONE,NONE,0.0,0.0,0.0,4,3
346.0,pa_3_rev,NEG_E1,4,3,4,2,"easyBike_reverse1.2,easyBike_reverse1.0,eRickshaw_reverse1.0,easyBike_reverse1.1","eRickshaw_reverse2.0,easyBike_reverse1.4","87.0,170.0,66.0,41.0","20.0,9.0",80.0,100.0,66.7,0,1
346.0,pa_6,E5,5,3,4,0,"easyBike_forward3.1,easyBike_forward3.2,easyBike_forward3.0,easyBike_forward3.3",NONE,"186.0,114.0,259.0,40.0",NONE,100.0,80.0,0.0,1,3
346.0,pa_6_rev,NEG_E5,5,3,0,0,NONE,NONE,NONE,NONE,0.0,0.0,0.0,5,3
346.0,pa_7,E6,4,2,0,0,NONE,NONE,NONE,NONE,0.0,0.0,0.0,4,2
346.0,pa_7_rev,NEG_E6,4,2,3,0,"easyBike_reverse2.5,eRickshaw_reverse3.0,easyBike_reverse4.4",NONE,"24.0,69.0,9.0",NONE,60.0,75.0,0.0,1,2
346.0,pa_8,E7,5,3,1,0,eRickshaw_forward4.0,NONE,10.0,NONE,25.0,20.0,0.0,4,3
346.0,pa_8_rev,NEG_E7,5,3,5,3,"easyBike_reverse2.1,easyBike_reverse3.0,easyBike_reverse3.1,easyBike_reverse2.0,easyBike_reverse4.1","easyBike_reverse4.0,easyBike_reverse2.3,easyBike_reverse3.3","204.0,149.0,198.0,147.0,189.0","143.0,114.0,95.0",125.0,100.0,100.0,0,0
347.0,pa_2,E0,4,3,4,3,"easyBike_forward4.0,easyBike_forward2.0,easyBike_forward1.0,easyBike_forward1.1","easyBike_forward2.1,easyBike_forward4.1,easyBike_forward1.2","249.0,256.0,252.0,204.0","196.0,175.0,152.0",80.0,100.0,100.0,0,0
347.0,pa_2_rev,NEG_E0,4,3,0,0,NONE,NONE,NONE,NONE,0.0,0.0,0.0,4,3
347.0,pa_3,E1,4,3,0,0,NONE,NONE,NONE,NONE,0.0,0.0,0.0,4,3
347.0,pa_3_rev,NEG_E1,4,3,4,2,"easyBike_reverse1.2,easyBike_reverse1.0,eRickshaw_reverse1.0,easyBike_reverse1.1","eRickshaw_reverse2.0,easyBike_reverse1.4","88.0,171.0,67.0,42.0","21.0,10.0",80.0,100.0,66.7,0,1
347.0,pa_6,E5,5,3,4,0,"easyBike_forward3.1,easyBike_forward3.2,easyBike_forward3.0,easyBike_forward3.3",NONE,"187.0,115.0,260.0,41.0",NONE,100.0,80.0,0.0,1,3
347.0,pa_6_rev,NEG_E5,5,3,0,0,NONE,NONE,NONE,NONE,0.0,0.0,0.0,5,3
347.0,pa_7,E6,4,2,0,0,NONE,NONE,NONE,NONE,0.0,0.0,0.0,4,2
347.0,pa_7_rev,NEG_E6,4,2,3,0,"easyBike_reverse2.5,eRickshaw_reverse3.0,easyBike_reverse4.4",NONE,"25.0,70.0,10.0",NONE,60.0,75.0,0.0,1,2
347.0,pa_8,E7,5,3,1,0,eRickshaw_forward4.0,NONE,11.0,NONE,25.0,20.0,0.0,4,3
347.0,pa_8_rev,NEG_E7,5,3,5,3,"easyBike_reverse2.1,easyBike_reverse3.0,easyBike_reverse3.1,easyBike_reverse2.0,easyBike_reverse4.1","easyBike_reverse4.0,easyBike_reverse2.3,easyBike_reverse3.3","205.0,150.0,199.0,148.0,190.0","144.0,115.0,96.0",125.0,100.0,100.0,0,0
348.0,pa_2,E0,4,3,4,3,"easyBike_forward4.0,easyBike_forward2.0,easyBike_forward1.0,easyBike_forward1.1","easyBike_forward2.1,easyBike_forward4.1,easyBike_forward1.2","250.0,257.0,253.0,205.0","197.0,176.0,153.0",80.0,100.0,100.0,0,0
348.0,pa_2_rev,NEG_E0,4,3,0,0,NONE,NONE,NONE,NONE,0.0,0.0,0.0,4,3
348.0,pa_3,E1,4,3,0,0,NONE,NONE,NONE,NONE,0.0,0.0,0.0,4,3
348.0,pa_3_rev,NEG_E1,4,3,4,2,"easyBike_reverse1.2,easyBike_reverse1.0,eRickshaw_reverse1.0,easyBike_reverse1.1","eRickshaw_reverse2.0,easyBike_reverse1.4","89.0,172.0,68.0,43.0","22.0,11.0",80.0,100.0,66.7,0,1
348.0,pa_6,E5,5,3,4,0,"easyBike_forward3.1,easyBike_forward3.2,easyBike_forward3.0,easyBike_forward3.3",NONE,"188.0,116.0,261.0,42.0",NONE,100.0,80.0,0.0,1,3
348.0,pa_6_rev,NEG_E5,5,3,0,0,NONE,NONE,NONE,NONE,0.0,0.0,0.0,5,3
348.0,pa_7,E6,4,2,0,0,NONE,NONE,NONE,NONE,0.0,0.0,0.0,4,2
348.0,pa_7_rev,NEG_E6,4,2,3,0,"easyBike_reverse2.5,eRickshaw_reverse3.0,easyBike_reverse4.4",NONE,"26.0,71.0,11.0",NONE,60.0,75.0,0.0,1,2
348.0,pa_8,E7,5,3,1,0,eRickshaw_forward4.0,NONE,12.0,NONE,25.0,20.0,0.0,4,3
348.0,pa_8_rev,NEG_E7,5,3,5,3,"easyBike_reverse2.1,easyBike_reverse3.0,easyBike_reverse3.1,easyBike_reverse2.0,easyBike_reverse4.1","easyBike_reverse4.0,easyBike_reverse2.3,easyBike_reverse3.3","206.0,151.0,200.0,149.0,191.0","145.0,116.0,97.0",125.0,100.0,100.0,0,0
349.0,pa_2,E0,4,3,4,3,"easyBike_forward4.0,easyBike_forward2.0,easyBike_forward1.0,easyBike_forward1.1","easyBike_forward2.1,easyBike_forward4.1,easyBike_forward1.2","251.0,258.0,254.0,206.0","198.0,177.0,154.0",80.0,100.0,100.0,0,0
349.0,pa_2_rev,NEG_E0,4,3,0,0,NONE,NONE,NONE,NONE,0.0,0.0,0.0,4,3
349.0,pa_3,E1,4,3,0,0,NONE,NONE,NONE,NONE,0.0,0.0,0.0,4,3
349.0,pa_3_rev,NEG_E1,4,3,4,2,"easyBike_reverse1.2,easyBike_reverse1.0,eRickshaw_reverse1.0,easyBike_reverse1.1","eRickshaw_reverse2.0,easyBike_reverse1.4","90.0,173.0,69.0,44.0","23.0,12.0",80.0,100.0,66.7,0,1
349.0,pa_6,E5,5,3,4,0,"easyBike_forward3.1,easyBike_forward3.2,easyBike_forward3.0,easyBike_forward3.3",NONE,"189.0,117.0,262.0,43.0",NONE,100.0,80.0,0.0,1,3
349.0,pa_6_rev,NEG_E5,5,3,0,0,NONE,NONE,NONE,NONE,0.0,0.0,0.0,5,3
349.0,pa_7,E6,4,2,0,0,NONE,NONE,NONE,NONE,0.0,0.0,0.0,4,2
349.0,pa_7_rev,NEG_E6,4,2,3,0,"easyBike_reverse2.5,eRickshaw_reverse3.0,easyBike_reverse4.4",NONE,"27.0,72.0,12.0",NONE,60.0,75.0,0.0,1,2
349.0,pa_8,E7,5,3,1,0,eRickshaw_forward4.0,NONE,13.0,NONE,25.0,20.0,0.0,4,3
349.0,pa_8_rev,NEG_E7,5,3,5,3,"easyBike_reverse2.1,easyBike_reverse3.0,easyBike_reverse3.1,easyBike_reverse2.0,easyBike_reverse4.1","easyBike_reverse4.0,easyBike_reverse2.3,easyBike_reverse3.3","207.0,152.0,201.0,150.0,192.0","146.0,117.0,98.0",125.0,100.0,100.0,0,0
350.0,pa_2,E0,4,3,4,3,"easyBike_forward4.0,easyBike_forward2.0,easyBike_forward1.0,easyBike_forward1.1","easyBike_forward2.1,easyBike_forward4.1,easyBike_forward1.2","252.0,259.0,255.0,207.0","199.0,178.0,155.0",80.0,100.0,100.0,0,0
350.0,pa_2_rev,NEG_E0,4,3,0,0,NONE,NONE,NONE,NONE,0.0,0.0,0.0,4,3
350.0,pa_3,E1,4,3,1,0,easyBike_forward1.3,NONE,0.0,NONE,20.0,25.0,0.0,3,3
350.0,pa_3_rev,NEG_E1,4,3,4,2,"easyBike_reverse1.2,easyBike_reverse1.0,eRickshaw_reverse1.0,easyBike_reverse1.1","eRickshaw_reverse2.0,easyBike_reverse1.4","91.0,174.0,70.0,45.0","24.0,13.0",80.0,100.0,66.7,0,1
350.0,pa_6,E5,5,3,4,0,"easyBike_forward3.1,easyBike_forward3.2,easyBike_forward3.0,easyBike_forward3.3",NONE,"190.0,118.0,263.0,44.0",NONE,100.0,80.0,0.0,1,3
350.0,pa_6_rev,NEG_E5,5,3,0,0,NONE,NONE,NONE,NONE,0.0,0.0,0.0,5,3
350.0,pa_7,E6,4,2,0,0,NONE,NONE,NONE,NONE,0.0,0.0,0.0,4,2
350.0,pa_7_rev,NEG_E6,4,2,3,0,"easyBike_reverse2.5,eRickshaw_reverse3.0,easyBike_reverse4.4",NONE,"28.0,73.0,13.0",NONE,60.0,75.0,0.0,1,2
350.0,pa_8,E7,5,3,1,0,eRickshaw_forward4.0,NONE,14.0,NONE,25.0,20.0,0.0,4,3
350.0,pa_8_rev,NEG_E7,5,3,5,3,"easyBike_reverse2.1,easyBike_reverse3.0,easyBike_reverse3.1,easyBike_reverse2.0,easyBike_reverse4.1","easyBike_reverse4.0,easyBike_reverse2.3,easyBike_reverse3.3","208.0,153.0,202.0,151.0,193.0","147.0,118.0,99.0",125.0,100.0,100.0,0,0
351.0,pa_2,E0,4,3,4,3,"easyBike_forward4.0,easyBike_forward2.0,easyBike_forward1.0,easyBike_forward1.1","easyBike_forward2.1,easyBike_forward4.1,easyBike_forward1.2","253.0,260.0,256.0,208.0","200.0,179.0,156.0",80.0,100.0,100.0,0,0
351.0,pa_2_rev,NEG_E0,4,3,0,0,NONE,NONE,NONE,NONE,0.0,0.0,0.0,4,3
351.0,pa_3,E1,4,3,1,0,easyBike_forward1.3,NONE,1.0,NONE,20.0,25.0,0.0,3,3
351.0,pa_3_rev,NEG_E1,4,3,4,2,"easyBike_reverse1.2,easyBike_reverse1.0,eRickshaw_reverse1.0,easyBike_reverse1.1","eRickshaw_reverse2.0,easyBike_reverse1.4","92.0,175.0,71.0,46.0","25.0,14.0",80.0,100.0,66.7,0,1
351.0,pa_6,E5,5,3,4,0,"easyBike_forward3.1,easyBike_forward3.2,easyBike_forward3.0,easyBike_forward3.3",NONE,"191.0,119.0,264.0,45.0",NONE,100.0,80.0,0.0,1,3
351.0,pa_6_rev,NEG_E5,5,3,0,0,NONE,NONE,NONE,NONE,0.0,0.0,0.0,5,3
351.0,pa_7,E6,4,2,0,0,NONE,NONE,NONE,NONE,0.0,0.0,0.0,4,2
351.0,pa_7_rev,NEG_E6,4,2,3,0,"easyBike_reverse2.5,eRickshaw_reverse3.0,easyBike_reverse4.4",NONE,"29.0,74.0,14.0",NONE,60.0,75.0,0.0,1,2
351.0,pa_8,E7,5,3,1,0,eRickshaw_forward4.0,NONE,15.0,NONE,25.0,20.0,0.0,4,3
351.0,pa_8_rev,NEG_E7,5,3,5,3,"easyBike_reverse2.1,easyBike_reverse3.0,easyBike_reverse3.1,easyBike_reverse2.0,easyBike_reverse4.1","easyBike_reverse4.0,easyBike_reverse2.3,easyBike_reverse3.3","209.0,154.0,203.0,152.0,194.0","148.0,119.0,100.0",125.0,100.0,100.0,0,0
352.0,pa_2,E0,4,3,4,3,"easyBike_forward4.0,easyBike_forward2.0,easyBike_forward1.0,easyBike_forward1.1","easyBike_forward2.1,easyBike_forward4.1,easyBike_forward1.2","254.0,261.0,257.0,209.0","201.0,180.0,157.0",80.0,100.0,100.0,0,0
352.0,pa_2_rev,NEG_E0,4,3,0,0,NONE,NONE,NONE,NONE,0.0,0.0,0.0,4,3
352.0,pa_3,E1,4,3,1,0,easyBike_forward1.3,NONE,2.0,NONE,20.0,25.0,0.0,3,3
352.0,pa_3_rev,NEG_E1,4,3,4,2,"easyBike_reverse1.2,easyBike_reverse1.0,eRickshaw_reverse1.0,easyBike_reverse1.1","eRickshaw_reverse2.0,easyBike_reverse1.4","93.0,176.0,72.0,47.0","26.0,15.0",80.0,100.0,66.7,0,1
352.0,pa_6,E5,5,3,4,0,"easyBike_forward3.1,easyBike_forward3.2,easyBike_forward3.0,easyBike_forward3.3",NONE,"192.0,120.0,265.0,46.0",NONE,100.0,80.0,0.0,1,3
352.0,pa_6_rev,NEG_E5,5,3,0,0,NONE,NONE,NONE,NONE,0.0,0.0,0.0,5,3
352.0,pa_7,E6,4,2,0,0,NONE,NONE,NONE,NONE,0.0,0.0,0.0,4,2
352.0,pa_7_rev,NEG_E6,4,2,3,0,"easyBike_reverse2.5,eRickshaw_reverse3.0,easyBike_reverse4.4",NONE,"30.0,75.0,15.0",NONE,60.0,75.0,0.0,1,2
352.0,pa_8,E7,5,3,1,0,eRickshaw_forward4.0,NONE,16.0,NONE,25.0,20.0,0.0,4,3
352.0,pa_8_rev,NEG_E7,5,3,5,3,"easyBike_reverse2.1,easyBike_reverse3.0,easyBike_reverse3.1,easyBike_reverse2.0,easyBike_reverse4.1","easyBike_reverse4.0,easyBike_reverse2.3,easyBike_reverse3.3","210.0,155.0,204.0,153.0,195.0","149.0,120.0,101.0",125.0,100.0,100.0,0,0
353.0,pa_2,E0,4,3,4,3,"easyBike_forward4.0,easyBike_forward2.0,easyBike_forward1.0,easyBike_forward1.1","easyBike_forward2.1,easyBike_forward4.1,easyBike_forward1.2","255.0,262.0,258.0,210.0","202.0,181.0,158.0",80.0,100.0,100.0,0,0
353.0,pa_2_rev,NEG_E0,4,3,0,0,NONE,NONE,NONE,NONE,0.0,0.0,0.0,4,3
353.0,pa_3,E1,4,3,1,0,easyBike_forward1.3,NONE,3.0,NONE,20.0,25.0,0.0,3,3
353.0,pa_3_rev,NEG_E1,4,3,4,2,"easyBike_reverse1.2,easyBike_reverse1.0,eRickshaw_reverse1.0,easyBike_reverse1.1","eRickshaw_reverse2.0,easyBike_reverse1.4","94.0,177.0,73.0,48.0","27.0,16.0",80.0,100.0,66.7,0,1
353.0,pa_6,E5,5,3,4,0,"easyBike_forward3.1,easyBike_forward3.2,easyBike_forward3.0,easyBike_forward3.3",NONE,"193.0,121.0,266.0,47.0",NONE,100.0,80.0,0.0,1,3
353.0,pa_6_rev,NEG_E5,5,3,0,0,NONE,NONE,NONE,NONE,0.0,0.0,0.0,5,3
353.0,pa_7,E6,4,2,0,0,NONE,NONE,NONE,NONE,0.0,0.0,0.0,4,2
353.0,pa_7_rev,NEG_E6,4,2,3,0,"easyBike_reverse2.5,eRickshaw_reverse3.0,easyBike_reverse4.4",NONE,"31.0,76.0,16.0",NONE,60.0,75.0,0.0,1,2
353.0,pa_8,E7,5,3,1,0,eRickshaw_forward4.0,NONE,17.0,NONE,25.0,20.0,0.0,4,3
353.0,pa_8_rev,NEG_E7,5,3,5,3,"easyBike_reverse2.1,easyBike_reverse3.0,easyBike_reverse3.1,easyBike_reverse2.0,easyBike_reverse4.1","easyBike_reverse4.0,easyBike_reverse2.3,easyBike_reverse3.3","211.0,156.0,205.0,154.0,196.0","150.0,121.0,102.0",125.0,100.0,100.0,0,0
354.0,pa_2,E0,4,3,4,3,"easyBike_forward4.0,easyBike_forward2.0,easyBike_forward1.0,easyBike_forward1.1","easyBike_forward2.1,easyBike_forward4.1,easyBike_forward1.2","256.0,263.0,259.0,211.0","203.0,182.0,159.0",80.0,100.0,100.0,0,0
354.0,pa_2_rev,NEG_E0,4,3,0,0,NONE,NONE,NONE,NONE,0.0,0.0,0.0,4,3
354.0,pa_3,E1,4,3,1,0,easyBike_forward1.3,NONE,4.0,NONE,20.0,25.0,0.0,3,3
354.0,pa_3_rev,NEG_E1,4,3,4,2,"easyBike_reverse1.2,easyBike_reverse1.0,eRickshaw_reverse1.0,easyBike_reverse1.1","eRickshaw_reverse2.0,easyBike_reverse1.4","95.0,178.0,74.0,49.0","28.0,17.0",80.0,100.0,66.7,0,1
354.0,pa_6,E5,5,3,4,0,"easyBike_forward3.1,easyBike_forward3.2,easyBike_forward3.0,easyBike_forward3.3",NONE,"194.0,122.0,267.0,48.0",NONE,100.0,80.0,0.0,1,3
354.0,pa_6_rev,NEG_E5,5,3,0,0,NONE,NONE,NONE,NONE,0.0,0.0,0.0,5,3
354.0,pa_7,E6,4,2,0,0,NONE,NONE,NONE,NONE,0.0,0.0,0.0,4,2
354.0,pa_7_rev,NEG_E6,4,2,3,0,"easyBike_reverse2.5,eRickshaw_reverse3.0,easyBike_reverse4.4",NONE,"32.0,77.0,17.0",NONE,60.0,75.0,0.0,1,2
354.0,pa_8,E7,5,3,1,0,eRickshaw_forward4.0,NONE,18.0,NONE,25.0,20.0,0.0,4,3
354.0,pa_8_rev,NEG_E7,5,3,5,3,"easyBike_reverse2.1,easyBike_reverse3.0,easyBike_reverse3.1,easyBike_reverse2.0,easyBike_reverse4.1","easyBike_reverse4.0,easyBike_reverse2.3,easyBike_reverse3.3","212.0,157.0,206.0,155.0,197.0","151.0,122.0,103.0",125.0,100.0,100.0,0,0
355.0,pa_2,E0,4,3,4,3,"easyBike_forward4.0,easyBike_forward2.0,easyBike_forward1.0,easyBike_forward1.1","easyBike_forward2.1,easyBike_forward4.1,easyBike_forward1.2","257.0,264.0,260.0,212.0","204.0,183.0,160.0",80.0,100.0,100.0,0,0
355.0,pa_2_rev,NEG_E0,4,3,0,0,NONE,NONE,NONE,NONE,0.0,0.0,0.0,4,3
355.0,pa_3,E1,4,3,1,0,easyBike_forward1.3,NONE,5.0,NONE,20.0,25.0,0.0,3,3
355.0,pa_3_rev,NEG_E1,4,3,4,2,"easyBike_reverse1.2,easyBike_reverse1.0,eRickshaw_reverse1.0,easyBike_reverse1.1","eRickshaw_reverse2.0,easyBike_reverse1.4","96.0,179.0,75.0,50.0","29.0,18.0",80.0,100.0,66.7,0,1
355.0,pa_6,E5,5,3,4,0,"easyBike_forward3.1,easyBike_forward3.2,easyBike_forward3.0,easyBike_forward3.3",NONE,"195.0,123.0,268.0,49.0",NONE,100.0,80.0,0.0,1,3
355.0,pa_6_rev,NEG_E5,5,3,0,0,NONE,NONE,NONE,NONE,0.0,0.0,0.0,5,3
355.0,pa_7,E6,4,2,0,0,NONE,NONE,NONE,NONE,0.0,0.0,0.0,4,2
355.0,pa_7_rev,NEG_E6,4,2,3,0,"easyBike_reverse2.5,eRickshaw_reverse3.0,easyBike_reverse4.4",NONE,"33.0,78.0,18.0",NONE,60.0,75.0,0.0,1,2
355.0,pa_8,E7,5,3,1,0,eRickshaw_forward4.0,NONE,19.0,NONE,25.0,20.0,0.0,4,3
355.0,pa_8_rev,NEG_E7,5,3,5,3,"easyBike_reverse2.1,easyBike_reverse3.0,easyBike_reverse3.1,easyBike_reverse2.0,easyBike_reverse4.1","easyBike_reverse4.0,easyBike_reverse2.3,easyBike_reverse3.3","213.0,158.0,207.0,156.0,198.0","152.0,123.0,104.0",125.0,100.0,100.0,0,0
356.0,pa_2,E0,4,3,4,3,"easyBike_forward4.0,easyBike_forward2.0,easyBike_forward1.0,easyBike_forward1.1","easyBike_forward2.1,easyBike_forward4.1,easyBike_forward1.2","258.0,265.0,261.0,213.0","205.0,184.0,161.0",80.0,100.0,100.0,0,0
356.0,pa_2_rev,NEG_E0,4,3,0,0,NONE,NONE,NONE,NONE,0.0,0.0,0.0,4,3
356.0,pa_3,E1,4,3,2,0,"easyBike_forward4.2,easyBike_forward1.3",NONE,"0.0,6.0",NONE,40.0,50.0,0.0,2,3
356.0,pa_3_rev,NEG_E1,4,3,4,2,"easyBike_reverse1.2,easyBike_reverse1.0,eRickshaw_reverse1.0,easyBike_reverse1.1","eRickshaw_reverse2.0,easyBike_reverse1.4","97.0,180.0,76.0,51.0","30.0,19.0",80.0,100.0,66.7,0,1
356.0,pa_6,E5,5,3,4,0,"easyBike_forward3.1,easyBike_forward3.2,easyBike_forward3.0,easyBike_forward3.3",NONE,"196.0,124.0,269.0,50.0",NONE,100.0,80.0,0.0,1,3
356.0,pa_6_rev,NEG_E5,5,3,0,0,NONE,NONE,NONE,NONE,0.0,0.0,0.0,5,3
356.0,pa_7,E6,4,2,0,0,NONE,NONE,NONE,NONE,0.0,0.0,0.0,4,2
356.0,pa_7_rev,NEG_E6,4,2,3,0,"easyBike_reverse2.5,eRickshaw_reverse3.0,easyBike_reverse4.4",NONE,"34.0,79.0,19.0",NONE,60.0,75.0,0.0,1,2
356.0,pa_8,E7,5,3,1,0,eRickshaw_forward4.0,NONE,20.0,NONE,25.0,20.0,0.0,4,3
356.0,pa_8_rev,NEG_E7,5,3,5,3,"easyBike_reverse2.1,easyBike_reverse3.0,easyBike_reverse3.1,easyBike_reverse2.0,easyBike_reverse4.1","easyBike_reverse4.0,easyBike_reverse2.3,easyBike_reverse3.3","214.0,159.0,208.0,157.0,199.0","153.0,124.0,105.0",125.0,100.0,100.0,0,0
357.0,pa_2,E0,4,3,4,3,"easyBike_forward4.0,easyBike_forward2.0,easyBike_forward1.0,easyBike_forward1.1","easyBike_forward2.1,easyBike_forward4.1,easyBike_forward1.2","259.0,266.0,262.0,214.0","206.0,185.0,162.0",80.0,100.0,100.0,0,0
357.0,pa_2_rev,NEG_E0,4,3,0,0,NONE,NONE,NONE,NONE,0.0,0.0,0.0,4,3
357.0,pa_3,E1,4,3,2,0,"easyBike_forward4.2,easyBike_forward1.3",NONE,"1.0,7.0",NONE,40.0,50.0,0.0,2,3
357.0,pa_3_rev,NEG_E1,4,3,4,2,"easyBike_reverse1.2,easyBike_reverse1.0,eRickshaw_reverse1.0,easyBike_reverse1.1","eRickshaw_reverse2.0,easyBike_reverse1.4","98.0,181.0,77.0,52.0","31.0,20.0",80.0,100.0,66.7,0,1
357.0,pa_6,E5,5,3,4,0,"easyBike_forward3.1,easyBike_forward3.2,easyBike_forward3.0,easyBike_forward3.3",NONE,"197.0,125.0,270.0,51.0",NONE,100.0,80.0,0.0,1,3
357.0,pa_6_rev,NEG_E5,5,3,0,0,NONE,NONE,NONE,NONE,0.0,0.0,0.0,5,3
357.0,pa_7,E6,4,2,0,0,NONE,NONE,NONE,NONE,0.0,0.0,0.0,4,2
357.0,pa_7_rev,NEG_E6,4,2,4,0,"easyBike_reverse3.5,easyBike_reverse2.5,eRickshaw_reverse3.0,easyBike_reverse4.4",NONE,"0.0,35.0,80.0,20.0",NONE,80.0,100.0,0.0,0,2
357.0,pa_8,E7,5,3,1,0,eRickshaw_forward4.0,NONE,21.0,NONE,25.0,20.0,0.0,4,3
357.0,pa_8_rev,NEG_E7,5,3,5,3,"easyBike_reverse2.1,easyBike_reverse3.0,easyBike_reverse3.1,easyBike_reverse2.0,easyBike_reverse4.1","easyBike_reverse4.0,easyBike_reverse2.3,easyBike_reverse3.3","215.0,160.0,209.0,158.0,200.0","154.0,125.0,106.0",125.0,100.0,100.0,0,0
358.0,pa_2,E0,4,3,4,3,"easyBike_forward4.0,easyBike_forward2.0,easyBike_forward1.0,easyBike_forward1.1","easyBike_forward2.1,easyBike_forward4.1,easyBike_forward1.2","260.0,267.0,263.0,215.0","207.0,186.0,163.0",80.0,100.0,100.0,0,0
358.0,pa_2_rev,NEG_E0,4,3,0,0,NONE,NONE,NONE,NONE,0.0,0.0,0.0,4,3
358.0,pa_3,E1,4,3,2,0,"easyBike_forward4.2,easyBike_forward1.3",NONE,"2.0,8.0",NONE,40.0,50.0,0.0,2,3
358.0,pa_3_rev,NEG_E1,4,3,4,2,"easyBike_reverse1.2,easyBike_reverse1.0,eRickshaw_reverse1.0,easyBike_reverse1.1","eRickshaw_reverse2.0,easyBike_reverse1.4","99.0,182.0,78.0,53.0","32.0,21.0",80.0,100.0,66.7,0,1
358.0,pa_6,E5,5,3,4,0,"easyBike_forward3.1,easyBike_forward3.2,easyBike_forward3.0,easyBike_forward3.3",NONE,"198.0,126.0,271.0,52.0",NONE,100.0,80.0,0.0,1,3
358.0,pa_6_rev,NEG_E5,5,3,0,0,NONE,NONE,NONE,NONE,0.0,0.0,0.0,5,3
358.0,pa_7,E6,4,2,0,0,NONE,NONE,NONE,NONE,0.0,0.0,0.0,4,2
358.0,pa_7_rev,NEG_E6,4,2,4,0,"easyBike_reverse3.5,easyBike_reverse2.5,eRickshaw_reverse3.0,easyBike_reverse4.4",NONE,"1.0,36.0,81.0,21.0",NONE,80.0,100.0,0.0,0,2
358.0,pa_8,E7,5,3,1,0,eRickshaw_forward4.0,NONE,22.0,NONE,25.0,20.0,0.0,4,3
358.0,pa_8_rev,NEG_E7,5,3,5,3,"easyBike_reverse2.1,easyBike_reverse3.0,easyBike_reverse3.1,easyBike_reverse2.0,easyBike_reverse4.1","easyBike_reverse4.0,easyBike_reverse2.3,easyBike_reverse3.3","216.0,161.0,210.0,159.0,201.0","155.0,126.0,107.0",125.0,100.0,100.0,0,0
359.0,pa_2,E0,4,3,4,3,"easyBike_forward4.0,easyBike_forward2.0,easyBike_forward1.0,easyBike_forward1.1","easyBike_forward2.1,easyBike_forward4.1,easyBike_forward1.2","261.0,268.0,264.0,216.0","208.0,187.0,164.0",80.0,100.0,100.0,0,0
359.0,pa_2_rev,NEG_E0,4,3,0,0,NONE,NONE,NONE,NONE,0.0,0.0,0.0,4,3
359.0,pa_3,E1,4,3,2,0,"easyBike_forward4.2,easyBike_forward1.3",NONE,"3.0,9.0",NONE,40.0,50.0,0.0,2,3
359.0,pa_3_rev,NEG_E1,4,3,4,2,"easyBike_reverse1.2,easyBike_reverse1.0,eRickshaw_reverse1.0,easyBike_reverse1.1","eRickshaw_reverse2.0,easyBike_reverse1.4","100.0,183.0,79.0,54.0","33.0,22.0",80.0,100.0,66.7,0,1
359.0,pa_6,E5,5,3,4,0,"easyBike_forward3.1,easyBike_forward3.2,easyBike_forward3.0,easyBike_forward3.3",NONE,"199.0,127.0,272.0,53.0",NONE,100.0,80.0,0.0,1,3
359.0,pa_6_rev,NEG_E5,5,3,0,0,NONE,NONE,NONE,NONE,0.0,0.0,0.0,5,3
359.0,pa_7,E6,4,2,0,0,NONE,NONE,NONE,NONE,0.0,0.0,0.0,4,2
359.0,pa_7_rev,NEG_E6,4,2,4,0,"easyBike_reverse3.5,easyBike_reverse2.5,eRickshaw_reverse3.0,easyBike_reverse4.4",NONE,"2.0,37.0,82.0,22.0",NONE,80.0,100.0,0.0,0,2
359.0,pa_8,E7,5,3,1,0,eRickshaw_forward4.0,NONE,23.0,NONE,25.0,20.0,0.0,4,3
359.0,pa_8_rev,NEG_E7,5,3,5,3,"easyBike_reverse2.1,easyBike_reverse3.0,easyBike_reverse3.1,easyBike_reverse2.0,easyBike_reverse4.1","easyBike_reverse4.0,easyBike_reverse2.3,easyBike_reverse3.3","217.0,162.0,211.0,160.0,202.0","156.0,127.0,108.0",125.0,100.0,100.0,0,0
360.0,pa_2,E0,4,3,4,3,"easyBike_forward4.0,easyBike_forward2.0,easyBike_forward1.0,easyBike_forward1.1","easyBike_forward2.1,easyBike_forward4.1,easyBike_forward1.2","262.0,269.0,265.0,217.0","209.0,188.0,165.0",80.0,100.0,100.0,0,0
360.0,pa_2_rev,NEG_E0,4,3,0,0,NONE,NONE,NONE,NONE,0.0,0.0,0.0,4,3
360.0,pa_3,E1,4,3,2,0,"easyBike_forward4.2,easyBike_forward1.3",NONE,"4.0,10.0",NONE,40.0,50.0,0.0,2,3
360.0,pa_3_rev,NEG_E1,4,3,4,2,"easyBike_reverse1.2,easyBike_reverse1.0,eRickshaw_reverse1.0,easyBike_reverse1.1","eRickshaw_reverse2.0,easyBike_reverse1.4","101.0,184.0,80.0,55.0","34.0,23.0",80.0,100.0,66.7,0,1
360.0,pa_6,E5,5,3,4,0,"easyBike_forward3.1,easyBike_forward3.2,easyBike_forward3.0,easyBike_forward3.3",NONE,"200.0,128.0,273.0,54.0",NONE,100.0,80.0,0.0,1,3
360.0,pa_6_rev,NEG_E5,5,3,0,0,NONE,NONE,NONE,NONE,0.0,0.0,0.0,5,3
360.0,pa_7,E6,4,2,0,0,NONE,NONE,NONE,NONE,0.0,0.0,0.0,4,2
360.0,pa_7_rev,NEG_E6,4,2,4,0,"easyBike_reverse3.5,easyBike_reverse2.5,eRickshaw_reverse3.0,easyBike_reverse4.4",NONE,"3.0,38.0,83.0,23.0",NONE,80.0,100.0,0.0,0,2
360.0,pa_8,E7,5,3,1,0,eRickshaw_forward4.0,NONE,24.0,NONE,25.0,20.0,0.0,4,3
360.0,pa_8_rev,NEG_E7,5,3,5,3,"easyBike_reverse2.1,easyBike_reverse3.0,easyBike_reverse3.1,easyBike_reverse2.0,easyBike_reverse4.1","easyBike_reverse4.0,easyBike_reverse2.3,easyBike_reverse3.3","218.0,163.0,212.0,161.0,203.0","157.0,128.0,109.0",125.0,100.0,100.0,0,0
361.0,pa_2,E0,4,3,4,3,"easyBike_forward4.0,easyBike_forward2.0,easyBike_forward1.0,easyBike_forward1.1","easyBike_forward2.1,easyBike_forward4.1,easyBike_forward1.2","263.0,270.0,266.0,218.0","210.0,189.0,166.0",80.0,100.0,100.0,0,0
361.0,pa_2_rev,NEG_E0,4,3,0,0,NONE,NONE,NONE,NONE,0.0,0.0,0.0,4,3
361.0,pa_3,E1,4,3,2,0,"easyBike_forward4.2,easyBike_forward1.3",NONE,"5.0,11.0",NONE,40.0,50.0,0.0,2,3
361.0,pa_3_rev,NEG_E1,4,3,4,2,"easyBike_reverse1.2,easyBike_reverse1.0,eRickshaw_reverse1.0,easyBike_reverse1.1","eRickshaw_reverse2.0,easyBike_reverse1.4","102.0,185.0,81.0,56.0","35.0,24.0",80.0,100.0,66.7,0,1
361.0,pa_6,E5,5,3,4,0,"easyBike_forward3.1,easyBike_forward3.2,easyBike_forward3.0,easyBike_forward3.3",NONE,"201.0,129.0,274.0,55.0",NONE,100.0,80.0,0.0,1,3
361.0,pa_6_rev,NEG_E5,5,3,0,0,NONE,NONE,NONE,NONE,0.0,0.0,0.0,5,3
361.0,pa_7,E6,4,2,0,0,NONE,NONE,NONE,NONE,0.0,0.0,0.0,4,2
361.0,pa_7_rev,NEG_E6,4,2,4,0,"easyBike_reverse3.5,easyBike_reverse2.5,eRickshaw_reverse3.0,easyBike_reverse4.4",NONE,"4.0,39.0,84.0,24.0",NONE,80.0,100.0,0.0,0,2
361.0,pa_8,E7,5,3,1,0,eRickshaw_forward4.0,NONE,25.0,NONE,25.0,20.0,0.0,4,3
361.0,pa_8_rev,NEG_E7,5,3,5,3,"easyBike_reverse2.1,easyBike_reverse3.0,easyBike_reverse3.1,easyBike_reverse2.0,easyBike_reverse4.1","easyBike_reverse4.0,easyBike_reverse2.3,easyBike_reverse3.3","219.0,164.0,213.0,162.0,204.0","158.0,129.0,110.0",125.0,100.0,100.0,0,0
362.0,pa_2,E0,4,3,4,3,"easyBike_forward4.0,easyBike_forward2.0,easyBike_forward1.0,easyBike_forward1.1","easyBike_forward2.1,easyBike_forward4.1,easyBike_forward1.2","264.0,271.0,267.0,219.0","211.0,190.0,167.0",80.0,100.0,100.0,0,0
362.0,pa_2_rev,NEG_E0,4,3,0,0,NONE,NONE,NONE,NONE,0.0,0.0,0.0,4,3
362.0,pa_3,E1,4,3,2,0,"easyBike_forward4.2,easyBike_forward1.3",NONE,"6.0,12.0",NONE,40.0,50.0,0.0,2,3
362.0,pa_3_rev,NEG_E1,4,3,4,2,"easyBike_reverse1.2,easyBike_reverse1.0,eRickshaw_reverse1.0,easyBike_reverse1.1","eRickshaw_reverse2.0,easyBike_reverse1.4","103.0,186.0,82.0,57.0","36.0,25.0",80.0,100.0,66.7,0,1
362.0,pa_6,E5,5,3,4,0,"easyBike_forward3.1,easyBike_forward3.2,easyBike_forward3.0,easyBike_forward3.3",NONE,"202.0,130.0,275.0,56.0",NONE,100.0,80.0,0.0,1,3
362.0,pa_6_rev,NEG_E5,5,3,0,0,NONE,NONE,NONE,NONE,0.0,0.0,0.0,5,3
362.0,pa_7,E6,4,2,0,0,NONE,NONE,NONE,NONE,0.0,0.0,0.0,4,2
362.0,pa_7_rev,NEG_E6,4,2,4,0,"easyBike_reverse3.5,easyBike_reverse2.5,eRickshaw_reverse3.0,easyBike_reverse4.4",NONE,"5.0,40.0,85.0,25.0",NONE,80.0,100.0,0.0,0,2
362.0,pa_8,E7,5,3,1,0,eRickshaw_forward4.0,NONE,26.0,NONE,25.0,20.0,0.0,4,3
362.0,pa_8_rev,NEG_E7,5,3,5,3,"easyBike_reverse2.1,easyBike_reverse3.0,easyBike_reverse3.1,easyBike_reverse2.0,easyBike_reverse4.1","easyBike_reverse4.0,easyBike_reverse2.3,easyBike_reverse3.3","220.0,165.0,214.0,163.0,205.0","159.0,130.0,111.0",125.0,100.0,100.0,0,0
363.0,pa_2,E0,4,3,4,3,"easyBike_forward4.0,easyBike_forward2.0,easyBike_forward1.0,easyBike_forward1.1","easyBike_forward2.1,easyBike_forward4.1,easyBike_forward1.2","265.0,272.0,268.0,220.0","212.0,191.0,168.0",80.0,100.0,100.0,0,0
363.0,pa_2_rev,NEG_E0,4,3,0,0,NONE,NONE,NONE,NONE,0.0,0.0,0.0,4,3
363.0,pa_3,E1,4,3,2,0,"easyBike_forward4.2,easyBike_forward1.3",NONE,"7.0,13.0",NONE,40.0,50.0,0.0,2,3
363.0,pa_3_rev,NEG_E1,4,3,4,2,"easyBike_reverse1.2,easyBike_reverse1.0,eRickshaw_reverse1.0,easyBike_reverse1.1","eRickshaw_reverse2.0,easyBike_reverse1.4","104.0,187.0,83.0,58.0","37.0,26.0",80.0,100.0,66.7,0,1
363.0,pa_6,E5,5,3,4,0,"easyBike_forward3.1,easyBike_forward3.2,easyBike_forward3.0,easyBike_forward3.3",NONE,"203.0,131.0,276.0,57.0",NONE,100.0,80.0,0.0,1,3
363.0,pa_6_rev,NEG_E5,5,3,0,0,NONE,NONE,NONE,NONE,0.0,0.0,0.0,5,3
363.0,pa_7,E6,4,2,0,0,NONE,NONE,NONE,NONE,0.0,0.0,0.0,4,2
363.0,pa_7_rev,NEG_E6,4,2,4,0,"easyBike_reverse3.5,easyBike_reverse2.5,eRickshaw_reverse3.0,easyBike_reverse4.4",NONE,"6.0,41.0,86.0,26.0",NONE,80.0,100.0,0.0,0,2
363.0,pa_8,E7,5,3,1,0,eRickshaw_forward4.0,NONE,27.0,NONE,25.0,20.0,0.0,4,3
363.0,pa_8_rev,NEG_E7,5,3,5,3,"easyBike_reverse2.1,easyBike_reverse3.0,easyBike_reverse3.1,easyBike_reverse2.0,easyBike_reverse4.1","easyBike_reverse4.0,easyBike_reverse2.3,easyBike_reverse3.3","221.0,166.0,215.0,164.0,206.0","160.0,131.0,112.0",125.0,100.0,100.0,0,0
364.0,pa_2,E0,4,3,4,3,"easyBike_forward4.0,easyBike_forward2.0,easyBike_forward1.0,easyBike_forward1.1","easyBike_forward2.1,easyBike_forward4.1,easyBike_forward1.2","266.0,273.0,269.0,221.0","213.0,192.0,169.0",80.0,100.0,100.0,0,0
364.0,pa_2_rev,NEG_E0,4,3,0,0,NONE,NONE,NONE,NONE,0.0,0.0,0.0,4,3
364.0,pa_3,E1,4,3,2,0,"easyBike_forward4.2,easyBike_forward1.3",NONE,"8.0,14.0",NONE,40.0,50.0,0.0,2,3
364.0,pa_3_rev,NEG_E1,4,3,4,2,"easyBike_reverse1.2,easyBike_reverse1.0,eRickshaw_reverse1.0,easyBike_reverse1.1","eRickshaw_reverse2.0,easyBike_reverse1.4","105.0,188.0,84.0,59.0","38.0,27.0",80.0,100.0,66.7,0,1
364.0,pa_6,E5,5,3,4,0,"easyBike_forward3.1,easyBike_forward3.2,easyBike_forward3.0,easyBike_forward3.3",NONE,"204.0,132.0,277.0,58.0",NONE,100.0,80.0,0.0,1,3
364.0,pa_6_rev,NEG_E5,5,3,0,0,NONE,NONE,NONE,NONE,0.0,0.0,0.0,5,3
364.0,pa_7,E6,4,2,0,0,NONE,NONE,NONE,NONE,0.0,0.0,0.0,4,2
364.0,pa_7_rev,NEG_E6,4,2,4,0,"easyBike_reverse3.5,easyBike_reverse2.5,eRickshaw_reverse3.0,easyBike_reverse4.4",NONE,"7.0,42.0,87.0,27.0",NONE,80.0,100.0,0.0,0,2
364.0,pa_8,E7,5,3,1,0,eRickshaw_forward4.0,NONE,28.0,NONE,25.0,20.0,0.0,4,3
364.0,pa_8_rev,NEG_E7,5,3,5,3,"easyBike_reverse2.1,easyBike_reverse3.0,easyBike_reverse3.1,easyBike_reverse2.0,easyBike_reverse4.1","easyBike_reverse4.0,easyBike_reverse2.3,easyBike_reverse3.3","222.0,167.0,216.0,165.0,207.0","161.0,132.0,113.0",125.0,100.0,100.0,0,0
365.0,pa_2,E0,4,3,4,3,"easyBike_forward4.0,easyBike_forward2.0,easyBike_forward1.0,easyBike_forward1.1","easyBike_forward2.1,easyBike_forward4.1,easyBike_forward1.2","267.0,274.0,270.0,222.0","214.0,193.0,170.0",80.0,100.0,100.0,0,0
365.0,pa_2_rev,NEG_E0,4,3,0,0,NONE,NONE,NONE,NONE,0.0,0.0,0.0,4,3
365.0,pa_3,E1,4,3,2,0,"easyBike_forward4.2,easyBike_forward1.3",NONE,"9.0,15.0",NONE,40.0,50.0,0.0,2,3
365.0,pa_3_rev,NEG_E1,4,3,4,2,"easyBike_reverse1.2,easyBike_reverse1.0,eRickshaw_reverse1.0,easyBike_reverse1.1","eRickshaw_reverse2.0,easyBike_reverse1.4","106.0,189.0,85.0,60.0","39.0,28.0",80.0,100.0,66.7,0,1
365.0,pa_6,E5,5,3,4,0,"easyBike_forward3.1,easyBike_forward3.2,easyBike_forward3.0,easyBike_forward3.3",NONE,"205.0,133.0,278.0,59.0",NONE,100.0,80.0,0.0,1,3
365.0,pa_6_rev,NEG_E5,5,3,0,0,NONE,NONE,NONE,NONE,0.0,0.0,0.0,5,3
365.0,pa_7,E6,4,2,0,0,NONE,NONE,NONE,NONE,0.0,0.0,0.0,4,2
365.0,pa_7_rev,NEG_E6,4,2,4,0,"easyBike_reverse3.5,easyBike_reverse2.5,eRickshaw_reverse3.0,easyBike_reverse4.4",NONE,"8.0,43.0,88.0,28.0",NONE,80.0,100.0,0.0,0,2
365.0,pa_8,E7,5,3,1,0,eRickshaw_forward4.0,NONE,29.0,NONE,25.0,20.0,0.0,4,3
365.0,pa_8_rev,NEG_E7,5,3,5,3,"easyBike_reverse2.1,easyBike_reverse3.0,easyBike_reverse3.1,easyBike_reverse2.0,easyBike_reverse4.1","easyBike_reverse4.0,easyBike_reverse2.3,easyBike_reverse3.3","223.0,168.0,217.0,166.0,208.0","162.0,133.0,114.0",125.0,100.0,100.0,0,0
366.0,pa_2,E0,4,3,4,3,"easyBike_forward4.0,easyBike_forward2.0,easyBike_forward1.0,easyBike_forward1.1","easyBike_forward2.1,easyBike_forward4.1,easyBike_forward1.2","268.0,275.0,271.0,223.0","215.0,194.0,171.0",80.0,100.0,100.0,0,0
366.0,pa_2_rev,NEG_E0,4,3,0,0,NONE,NONE,NONE,NONE,0.0,0.0,0.0,4,3
366.0,pa_3,E1,4,3,2,0,"easyBike_forward4.2,easyBike_forward1.3",NONE,"10.0,16.0",NONE,40.0,50.0,0.0,2,3
366.0,pa_3_rev,NEG_E1,4,3,4,2,"easyBike_reverse1.2,easyBike_reverse1.0,eRickshaw_reverse1.0,easyBike_reverse1.1","eRickshaw_reverse2.0,easyBike_reverse1.4","107.0,190.0,86.0,61.0","40.0,29.0",80.0,100.0,66.7,0,1
366.0,pa_6,E5,5,3,4,0,"easyBike_forward3.1,easyBike_forward3.2,easyBike_forward3.0,easyBike_forward3.3",NONE,"206.0,134.0,279.0,60.0",NONE,100.0,80.0,0.0,1,3
366.0,pa_6_rev,NEG_E5,5,3,0,0,NONE,NONE,NONE,NONE,0.0,0.0,0.0,5,3
366.0,pa_7,E6,4,2,0,0,NONE,NONE,NONE,NONE,0.0,0.0,0.0,4,2
366.0,pa_7_rev,NEG_E6,4,2,4,0,"easyBike_reverse3.5,easyBike_reverse2.5,eRickshaw_reverse3.0,easyBike_reverse4.4",NONE,"9.0,44.0,89.0,29.0",NONE,80.0,100.0,0.0,0,2
366.0,pa_8,E7,5,3,1,0,eRickshaw_forward4.0,NONE,30.0,NONE,25.0,20.0,0.0,4,3
366.0,pa_8_rev,NEG_E7,5,3,5,3,"easyBike_reverse2.1,easyBike_reverse3.0,easyBike_reverse3.1,easyBike_reverse2.0,easyBike_reverse4.1","easyBike_reverse4.0,easyBike_reverse2.3,easyBike_reverse3.3","224.0,169.0,218.0,167.0,209.0","163.0,134.0,115.0",125.0,100.0,100.0,0,0
367.0,pa_2,E0,4,3,4,3,"easyBike_forward4.0,easyBike_forward2.0,easyBike_forward1.0,easyBike_forward1.1","easyBike_forward2.1,easyBike_forward4.1,easyBike_forward1.2","269.0,276.0,272.0,224.0","216.0,195.0,172.0",80.0,100.0,100.0,0,0
367.0,pa_2_rev,NEG_E0,4,3,0,0,NONE,NONE,NONE,NONE,0.0,0.0,0.0,4,3
367.0,pa_3,E1,4,3,2,0,"easyBike_forward4.2,easyBike_forward1.3",NONE,"11.0,17.0",NONE,40.0,50.0,0.0,2,3
367.0,pa_3_rev,NEG_E1,4,3,4,2,"easyBike_reverse1.2,easyBike_reverse1.0,eRickshaw_reverse1.0,easyBike_reverse1.1","eRickshaw_reverse2.0,easyBike_reverse1.4","108.0,191.0,87.0,62.0","41.0,30.0",80.0,100.0,66.7,0,1
367.0,pa_6,E5,5,3,4,0,"easyBike_forward3.1,easyBike_forward3.2,easyBike_forward3.0,easyBike_forward3.3",NONE,"207.0,135.0,280.0,61.0",NONE,100.0,80.0,0.0,1,3
367.0,pa_6_rev,NEG_E5,5,3,0,0,NONE,NONE,NONE,NONE,0.0,0.0,0.0,5,3
367.0,pa_7,E6,4,2,0,0,NONE,NONE,NONE,NONE,0.0,0.0,0.0,4,2
367.0,pa_7_rev,NEG_E6,4,2,4,0,"easyBike_reverse3.5,easyBike_reverse2.5,eRickshaw_reverse3.0,easyBike_reverse4.4",NONE,"10.0,45.0,90.0,30.0",NONE,80.0,100.0,0.0,0,2
367.0,pa_8,E7,5,3,1,0,eRickshaw_forward4.0,NONE,31.0,NONE,25.0,20.0,0.0,4,3
367.0,pa_8_rev,NEG_E7,5,3,5,3,"easyBike_reverse2.1,easyBike_reverse3.0,easyBike_reverse3.1,easyBike_reverse2.0,easyBike_reverse4.1","easyBike_reverse4.0,easyBike_reverse2.3,easyBike_reverse3.3","225.0,170.0,219.0,168.0,210.0","164.0,135.0,116.0",125.0,100.0,100.0,0,0
368.0,pa_2,E0,4,3,4,3,"easyBike_forward4.0,easyBike_forward2.0,easyBike_forward1.0,easyBike_forward1.1","easyBike_forward2.1,easyBike_forward4.1,easyBike_forward1.2","270.0,277.0,273.0,225.0","217.0,196.0,173.0",80.0,100.0,100.0,0,0
368.0,pa_2_rev,NEG_E0,4,3,0,0,NONE,NONE,NONE,NONE,0.0,0.0,0.0,4,3
368.0,pa_3,E1,4,3,2,0,"easyBike_forward4.2,easyBike_forward1.3",NONE,"12.0,18.0",NONE,40.0,50.0,0.0,2,3
368.0,pa_3_rev,NEG_E1,4,3,4,2,"easyBike_reverse1.2,easyBike_reverse1.0,eRickshaw_reverse1.0,easyBike_reverse1.1","eRickshaw_reverse2.0,easyBike_reverse1.4","109.0,192.0,88.0,63.0","42.0,31.0",80.0,100.0,66.7,0,1
368.0,pa_6,E5,5,3,4,0,"easyBike_forward3.1,easyBike_forward3.2,easyBike_forward3.0,easyBike_forward3.3",NONE,"208.0,136.0,281.0,62.0",NONE,100.0,80.0,0.0,1,3
368.0,pa_6_rev,NEG_E5,5,3,0,0,NONE,NONE,NONE,NONE,0.0,0.0,0.0,5,3
368.0,pa_7,E6,4,2,0,0,NONE,NONE,NONE,NONE,0.0,0.0,0.0,4,2
368.0,pa_7_rev,NEG_E6,4,2,4,0,"easyBike_reverse3.5,easyBike_reverse2.5,eRickshaw_reverse3.0,easyBike_reverse4.4",NONE,"11.0,46.0,91.0,31.0",NONE,80.0,100.0,0.0,0,2
368.0,pa_8,E7,5,3,1,0,eRickshaw_forward4.0,NONE,32.0,NONE,25.0,20.0,0.0,4,3
368.0,pa_8_rev,NEG_E7,5,3,5,3,"easyBike_reverse2.1,easyBike_reverse3.0,easyBike_reverse3.1,easyBike_reverse2.0,easyBike_reverse4.1","easyBike_reverse4.0,easyBike_reverse2.3,easyBike_reverse3.3","226.0,171.0,220.0,169.0,211.0","165.0,136.0,117.0",125.0,100.0,100.0,0,0
369.0,pa_2,E0,4,3,4,3,"easyBike_forward4.0,easyBike_forward2.0,easyBike_forward1.0,easyBike_forward1.1","easyBike_forward2.1,easyBike_forward4.1,easyBike_forward1.2","271.0,278.0,274.0,226.0","218.0,197.0,174.0",80.0,100.0,100.0,0,0
369.0,pa_2_rev,NEG_E0,4,3,0,0,NONE,NONE,NONE,NONE,0.0,0.0,0.0,4,3
369.0,pa_3,E1,4,3,2,0,"easyBike_forward4.2,easyBike_forward1.3",NONE,"13.0,19.0",NONE,40.0,50.0,0.0,2,3
369.0,pa_3_rev,NEG_E1,4,3,4,2,"easyBike_reverse1.2,easyBike_reverse1.0,eRickshaw_reverse1.0,easyBike_reverse1.1","eRickshaw_reverse2.0,easyBike_reverse1.4","110.0,193.0,89.0,64.0","43.0,32.0",80.0,100.0,66.7,0,1
369.0,pa_6,E5,5,3,4,0,"easyBike_forward3.1,easyBike_forward3.2,easyBike_forward3.0,easyBike_forward3.3",NONE,"209.0,137.0,282.0,63.0",NONE,100.0,80.0,0.0,1,3
369.0,pa_6_rev,NEG_E5,5,3,0,0,NONE,NONE,NONE,NONE,0.0,0.0,0.0,5,3
369.0,pa_7,E6,4,2,0,0,NONE,NONE,NONE,NONE,0.0,0.0,0.0,4,2
369.0,pa_7_rev,NEG_E6,4,2,4,0,"easyBike_reverse3.5,easyBike_reverse2.5,eRickshaw_reverse3.0,easyBike_reverse4.4",NONE,"12.0,47.0,92.0,32.0",NONE,80.0,100.0,0.0,0,2
369.0,pa_8,E7,5,3,1,0,eRickshaw_forward4.0,NONE,33.0,NONE,25.0,20.0,0.0,4,3
369.0,pa_8_rev,NEG_E7,5,3,5,3,"easyBike_reverse2.1,easyBike_reverse3.0,easyBike_reverse3.1,easyBike_reverse2.0,easyBike_reverse4.1","easyBike_reverse4.0,easyBike_reverse2.3,easyBike_reverse3.3","227.0,172.0,221.0,170.0,212.0","166.0,137.0,118.0",125.0,100.0,100.0,0,0
370.0,pa_2,E0,4,3,4,3,"easyBike_forward4.0,easyBike_forward2.0,easyBike_forward1.0,easyBike_forward1.1","easyBike_forward2.1,easyBike_forward4.1,easyBike_forward1.2","272.0,279.0,275.0,227.0","219.0,198.0,175.0",80.0,100.0,100.0,0,0
370.0,pa_2_rev,NEG_E0,4,3,0,0,NONE,NONE,NONE,NONE,0.0,0.0,0.0,4,3
370.0,pa_3,E1,4,3,2,0,"easyBike_forward4.2,easyBike_forward1.3",NONE,"14.0,20.0",NONE,40.0,50.0,0.0,2,3
370.0,pa_3_rev,NEG_E1,4,3,4,2,"easyBike_reverse1.2,easyBike_reverse1.0,eRickshaw_reverse1.0,easyBike_reverse1.1","eRickshaw_reverse2.0,easyBike_reverse1.4","111.0,194.0,90.0,65.0","44.0,33.0",80.0,100.0,66.7,0,1
370.0,pa_6,E5,5,3,4,0,"easyBike_forward3.1,easyBike_forward3.2,easyBike_forward3.0,easyBike_forward3.3",NONE,"210.0,138.0,283.0,64.0",NONE,100.0,80.0,0.0,1,3
370.0,pa_6_rev,NEG_E5,5,3,0,0,NONE,NONE,NONE,NONE,0.0,0.0,0.0,5,3
370.0,pa_7,E6,4,2,0,0,NONE,NONE,NONE,NONE,0.0,0.0,0.0,4,2
370.0,pa_7_rev,NEG_E6,4,2,4,0,"easyBike_reverse3.5,easyBike_reverse2.5,eRickshaw_reverse3.0,easyBike_reverse4.4",NONE,"13.0,48.0,93.0,33.0",NONE,80.0,100.0,0.0,0,2
370.0,pa_8,E7,5,3,1,0,eRickshaw_forward4.0,NONE,34.0,NONE,25.0,20.0,0.0,4,3
370.0,pa_8_rev,NEG_E7,5,3,5,3,"easyBike_reverse2.1,easyBike_reverse3.0,easyBike_reverse3.1,easyBike_reverse2.0,easyBike_reverse4.1","easyBike_reverse4.0,easyBike_reverse2.3,easyBike_reverse3.3","228.0,173.0,222.0,171.0,213.0","167.0,138.0,119.0",125.0,100.0,100.0,0,0
371.0,pa_2,E0,4,3,4,3,"easyBike_forward4.0,easyBike_forward2.0,easyBike_forward1.0,easyBike_forward1.1","easyBike_forward2.1,easyBike_forward4.1,easyBike_forward1.2","273.0,280.0,276.0,228.0","220.0,199.0,176.0",80.0,100.0,100.0,0,0
371.0,pa_2_rev,NEG_E0,4,3,0,0,NONE,NONE,NONE,NONE,0.0,0.0,0.0,4,3
371.0,pa_3,E1,4,3,2,0,"easyBike_forward4.2,easyBike_forward1.3",NONE,"15.0,21.0",NONE,40.0,50.0,0.0,2,3
371.0,pa_3_rev,NEG_E1,4,3,4,2,"easyBike_reverse1.2,easyBike_reverse1.0,eRickshaw_reverse1.0,easyBike_reverse1.1","eRickshaw_reverse2.0,easyBike_reverse1.4","112.0,195.0,91.0,66.0","45.0,34.0",80.0,100.0,66.7,0,1
371.0,pa_6,E5,5,3,4,0,"easyBike_forward3.1,easyBike_forward3.2,easyBike_forward3.0,easyBike_forward3.3",NONE,"211.0,139.0,284.0,65.0",NONE,100.0,80.0,0.0,1,3
371.0,pa_6_rev,NEG_E5,5,3,0,0,NONE,NONE,NONE,NONE,0.0,0.0,0.0,5,3
371.0,pa_7,E6,4,2,0,0,NONE,NONE,NONE,NONE,0.0,0.0,0.0,4,2
371.0,pa_7_rev,NEG_E6,4,2,4,0,"easyBike_reverse3.5,easyBike_reverse2.5,eRickshaw_reverse3.0,easyBike_reverse4.4",NONE,"14.0,49.0,94.0,34.0",NONE,80.0,100.0,0.0,0,2
371.0,pa_8,E7,5,3,1,0,eRickshaw_forward4.0,NONE,35.0,NONE,25.0,20.0,0.0,4,3
371.0,pa_8_rev,NEG_E7,5,3,5,3,"easyBike_reverse2.1,easyBike_reverse3.0,easyBike_reverse3.1,easyBike_reverse2.0,easyBike_reverse4.1","easyBike_reverse4.0,easyBike_reverse2.3,easyBike_reverse3.3","229.0,174.0,223.0,172.0,214.0","168.0,139.0,120.0",125.0,100.0,100.0,0,0
372.0,pa_2,E0,4,3,4,3,"easyBike_forward4.0,easyBike_forward2.0,easyBike_forward1.0,easyBike_forward1.1","easyBike_forward2.1,easyBike_forward4.1,easyBike_forward1.2","274.0,281.0,277.0,229.0","221.0,200.0,177.0",80.0,100.0,100.0,0,0
372.0,pa_2_rev,NEG_E0,4,3,0,0,NONE,NONE,NONE,NONE,0.0,0.0,0.0,4,3
372.0,pa_3,E1,4,3,2,0,"easyBike_forward4.2,easyBike_forward1.3",NONE,"16.0,22.0",NONE,40.0,50.0,0.0,2,3
372.0,pa_3_rev,NEG_E1,4,3,4,2,"easyBike_reverse1.2,easyBike_reverse1.0,eRickshaw_reverse1.0,easyBike_reverse1.1","eRickshaw_reverse2.0,easyBike_reverse1.4","113.0,196.0,92.0,67.0","46.0,35.0",80.0,100.0,66.7,0,1
372.0,pa_6,E5,5,3,4,0,"easyBike_forward3.1,easyBike_forward3.2,easyBike_forward3.0,easyBike_forward3.3",NONE,"212.0,140.0,285.0,66.0",NONE,100.0,80.0,0.0,1,3
372.0,pa_6_rev,NEG_E5,5,3,0,0,NONE,NONE,NONE,NONE,0.0,0.0,0.0,5,3
372.0,pa_7,E6,4,2,0,0,NONE,NONE,NONE,NONE,0.0,0.0,0.0,4,2
372.0,pa_7_rev,NEG_E6,4,2,4,0,"easyBike_reverse3.5,easyBike_reverse2.5,eRickshaw_reverse3.0,easyBike_reverse4.4",NONE,"15.0,50.0,95.0,35.0",NONE,80.0,100.0,0.0,0,2
372.0,pa_8,E7,5,3,1,0,eRickshaw_forward4.0,NONE,36.0,NONE,25.0,20.0,0.0,4,3
372.0,pa_8_rev,NEG_E7,5,3,5,3,"easyBike_reverse2.1,easyBike_reverse3.0,easyBike_reverse3.1,easyBike_reverse2.0,easyBike_reverse4.1","easyBike_reverse4.0,easyBike_reverse2.3,easyBike_reverse3.3","230.0,175.0,224.0,173.0,215.0","169.0,140.0,121.0",125.0,100.0,100.0,0,0
373.0,pa_2,E0,4,3,4,3,"easyBike_forward4.0,easyBike_forward2.0,easyBike_forward1.0,easyBike_forward1.1","easyBike_forward2.1,easyBike_forward4.1,easyBike_forward1.2","275.0,282.0,278.0,230.0","222.0,201.0,178.0",80.0,100.0,100.0,0,0
373.0,pa_2_rev,NEG_E0,4,3,0,0,NONE,NONE,NONE,NONE,0.0,0.0,0.0,4,3
373.0,pa_3,E1,4,3,3,0,"easyBike_forward4.2,easyBike_forward1.3,easyBike_forward2.3",NONE,"17.0,23.0,0.0",NONE,60.0,75.0,0.0,1,3
373.0,pa_3_rev,NEG_E1,4,3,4,2,"easyBike_reverse1.2,easyBike_reverse1.0,eRickshaw_reverse1.0,easyBike_reverse1.1","eRickshaw_reverse2.0,easyBike_reverse1.4","114.0,197.0,93.0,68.0","47.0,36.0",80.0,100.0,66.7,0,1
373.0,pa_6,E5,5,3,4,0,"easyBike_forward3.1,easyBike_forward3.2,easyBike_forward3.0,easyBike_forward3.3",NONE,"213.0,141.0,286.0,67.0",NONE,100.0,80.0,0.0,1,3
373.0,pa_6_rev,NEG_E5,5,3,0,0,NONE,NONE,NONE,NONE,0.0,0.0,0.0,5,3
373.0,pa_7,E6,4,2,0,0,NONE,NONE,NONE,NONE,0.0,0.0,0.0,4,2
373.0,pa_7_rev,NEG_E6,4,2,4,0,"easyBike_reverse3.5,easyBike_reverse2.5,eRickshaw_reverse3.0,easyBike_reverse4.4",NONE,"16.0,51.0,96.0,36.0",NONE,80.0,100.0,0.0,0,2
373.0,pa_8,E7,5,3,1,0,eRickshaw_forward4.0,NONE,37.0,NONE,25.0,20.0,0.0,4,3
373.0,pa_8_rev,NEG_E7,5,3,5,3,"easyBike_reverse2.1,easyBike_reverse3.0,easyBike_reverse3.1,easyBike_reverse2.0,easyBike_reverse4.1","easyBike_reverse4.0,easyBike_reverse2.3,easyBike_reverse3.3","231.0,176.0,225.0,174.0,216.0","170.0,141.0,122.0",125.0,100.0,100.0,0,0
374.0,pa_2,E0,4,3,4,3,"easyBike_forward4.0,easyBike_forward2.0,easyBike_forward1.0,easyBike_forward1.1","easyBike_forward2.1,easyBike_forward4.1,easyBike_forward1.2","276.0,283.0,279.0,231.0","223.0,202.0,179.0",80.0,100.0,100.0,0,0
374.0,pa_2_rev,NEG_E0,4,3,0,0,NONE,NONE,NONE,NONE,0.0,0.0,0.0,4,3
374.0,pa_3,E1,4,3,3,0,"easyBike_forward4.2,easyBike_forward1.3,easyBike_forward2.3",NONE,"18.0,24.0,1.0",NONE,60.0,75.0,0.0,1,3
374.0,pa_3_rev,NEG_E1,4,3,4,2,"easyBike_reverse1.2,easyBike_reverse1.0,eRickshaw_reverse1.0,easyBike_reverse1.1","eRickshaw_reverse2.0,easyBike_reverse1.4","115.0,198.0,94.0,69.0","48.0,37.0",80.0,100.0,66.7,0,1
374.0,pa_6,E5,5,3,4,0,"easyBike_forward3.1,easyBike_forward3.2,easyBike_forward3.0,easyBike_forward3.3",NONE,"214.0,142.0,287.0,68.0",NONE,100.0,80.0,0.0,1,3
374.0,pa_6_rev,NEG_E5,5,3,0,0,NONE,NONE,NONE,NONE,0.0,0.0,0.0,5,3
374.0,pa_7,E6,4,2,0,0,NONE,NONE,NONE,NONE,0.0,0.0,0.0,4,2
374.0,pa_7_rev,NEG_E6,4,2,4,0,"easyBike_reverse3.5,easyBike_reverse2.5,eRickshaw_reverse3.0,easyBike_reverse4.4",NONE,"17.0,52.0,97.0,37.0",NONE,80.0,100.0,0.0,0,2
374.0,pa_8,E7,5,3,1,0,eRickshaw_forward4.0,NONE,38.0,NONE,25.0,20.0,0.0,4,3
374.0,pa_8_rev,NEG_E7,5,3,5,3,"easyBike_reverse2.1,easyBike_reverse3.0,easyBike_reverse3.1,easyBike_reverse2.0,easyBike_reverse4.1","easyBike_reverse4.0,easyBike_reverse2.3,easyBike_reverse3.3","232.0,177.0,226.0,175.0,217.0","171.0,142.0,123.0",125.0,100.0,100.0,0,0
375.0,pa_2,E0,4,3,4,3,"easyBike_forward4.0,easyBike_forward2.0,easyBike_forward1.0,easyBike_forward1.1","easyBike_forward2.1,easyBike_forward4.1,easyBike_forward1.2","277.0,284.0,280.0,232.0","224.0,203.0,180.0",80.0,100.0,100.0,0,0
375.0,pa_2_rev,NEG_E0,4,3,0,0,NONE,NONE,NONE,NONE,0.0,0.0,0.0,4,3
375.0,pa_3,E1,4,3,3,0,"easyBike_forward4.2,easyBike_forward1.3,easyBike_forward2.3",NONE,"19.0,25.0,2.0",NONE,60.0,75.0,0.0,1,3
375.0,pa_3_rev,NEG_E1,4,3,4,2,"easyBike_reverse1.2,easyBike_reverse1.0,eRickshaw_reverse1.0,easyBike_reverse1.1","eRickshaw_reverse2.0,easyBike_reverse1.4","116.0,199.0,95.0,70.0","49.0,38.0",80.0,100.0,66.7,0,1
375.0,pa_6,E5,5,3,4,0,"easyBike_forward3.1,easyBike_forward3.2,easyBike_forward3.0,easyBike_forward3.3",NONE,"215.0,143.0,288.0,69.0",NONE,100.0,80.0,0.0,1,3
375.0,pa_6_rev,NEG_E5,5,3,0,0,NONE,NONE,NONE,NONE,0.0,0.0,0.0,5,3
375.0,pa_7,E6,4,2,0,0,NONE,NONE,NONE,NONE,0.0,0.0,0.0,4,2
375.0,pa_7_rev,NEG_E6,4,2,4,0,"easyBike_reverse3.5,easyBike_reverse2.5,eRickshaw_reverse3.0,easyBike_reverse4.4",NONE,"18.0,53.0,98.0,38.0",NONE,80.0,100.0,0.0,0,2
375.0,pa_8,E7,5,3,1,0,eRickshaw_forward4.0,NONE,39.0,NONE,25.0,20.0,0.0,4,3
375.0,pa_8_rev,NEG_E7,5,3,5,3,"easyBike_reverse2.1,easyBike_reverse3.0,easyBike_reverse3.1,easyBike_reverse2.0,easyBike_reverse4.1","easyBike_reverse4.0,easyBike_reverse2.3,easyBike_reverse3.3","233.0,178.0,227.0,176.0,218.0","172.0,143.0,124.0",125.0,100.0,100.0,0,0
376.0,pa_2,E0,4,3,4,3,"easyBike_forward4.0,easyBike_forward2.0,easyBike_forward1.0,easyBike_forward1.1","easyBike_forward2.1,easyBike_forward4.1,easyBike_forward1.2","278.0,285.0,281.0,233.0","225.0,204.0,181.0",80.0,100.0,100.0,0,0
376.0,pa_2_rev,NEG_E0,4,3,0,0,NONE,NONE,NONE,NONE,0.0,0.0,0.0,4,3
376.0,pa_3,E1,4,3,3,0,"easyBike_forward4.2,easyBike_forward1.3,easyBike_forward2.3",NONE,"20.0,26.0,3.0",NONE,60.0,75.0,0.0,1,3
376.0,pa_3_rev,NEG_E1,4,3,4,2,"easyBike_reverse1.2,easyBike_reverse1.0,eRickshaw_reverse1.0,easyBike_reverse1.1","eRickshaw_reverse2.0,easyBike_reverse1.4","117.0,200.0,96.0,71.0","50.0,39.0",80.0,100.0,66.7,0,1
376.0,pa_6,E5,5,3,4,0,"easyBike_forward3.1,easyBike_forward3.2,easyBike_forward3.0,easyBike_forward3.3",NONE,"216.0,144.0,289.0,70.0",NONE,100.0,80.0,0.0,1,3
376.0,pa_6_rev,NEG_E5,5,3,0,0,NONE,NONE,NONE,NONE,0.0,0.0,0.0,5,3
376.0,pa_7,E6,4,2,0,0,NONE,NONE,NONE,NONE,0.0,0.0,0.0,4,2
376.0,pa_7_rev,NEG_E6,4,2,4,0,"easyBike_reverse3.5,easyBike_reverse2.5,eRickshaw_reverse3.0,easyBike_reverse4.4",NONE,"19.0,54.0,99.0,39.0",NONE,80.0,100.0,0.0,0,2
376.0,pa_8,E7,5,3,1,0,eRickshaw_forward4.0,NONE,40.0,NONE,25.0,20.0,0.0,4,3
376.0,pa_8_rev,NEG_E7,5,3,5,3,"easyBike_reverse2.1,easyBike_reverse3.0,easyBike_reverse3.1,easyBike_reverse2.0,easyBike_reverse4.1","easyBike_reverse4.0,easyBike_reverse2.3,easyBike_reverse3.3","234.0,179.0,228.0,177.0,219.0","173.0,144.0,125.0",125.0,100.0,100.0,0,0
377.0,pa_2,E0,4,3,4,3,"easyBike_forward4.0,easyBike_forward2.0,easyBike_forward1.0,easyBike_forward1.1","easyBike_forward2.1,easyBike_forward4.1,easyBike_forward1.2","279.0,286.0,282.0,234.0","226.0,205.0,182.0",80.0,100.0,100.0,0,0
377.0,pa_2_rev,NEG_E0,4,3,0,0,NONE,NONE,NONE,NONE,0.0,0.0,0.0,4,3
377.0,pa_3,E1,4,3,3,0,"easyBike_forward4.2,easyBike_forward1.3,easyBike_forward2.3",NONE,"21.0,27.0,4.0",NONE,60.0,75.0,0.0,1,3
377.0,pa_3_rev,NEG_E1,4,3,4,2,"easyBike_reverse1.2,easyBike_reverse1.0,eRickshaw_reverse1.0,easyBike_reverse1.1","eRickshaw_reverse2.0,easyBike_reverse1.4","118.0,201.0,97.0,72.0","51.0,40.0",80.0,100.0,66.7,0,1
377.0,pa_6,E5,5,3,5,0,"easyBike_forward3.4,easyBike_forward3.1,easyBike_forward3.0,easyBike_forward3.3,easyBike_forward3.2",NONE,"0.0,217.0,290.0,71.0,145.0",NONE,125.0,100.0,0.0,0,3
377.0,pa_6_rev,NEG_E5,5,3,0,0,NONE,NONE,NONE,NONE,0.0,0.0,0.0,5,3
377.0,pa_7,E6,4,2,0,0,NONE,NONE,NONE,NONE,0.0,0.0,0.0,4,2
377.0,pa_7_rev,NEG_E6,4,2,4,0,"easyBike_reverse3.5,easyBike_reverse2.5,eRickshaw_reverse3.0,easyBike_reverse4.4",NONE,"20.0,55.0,100.0,40.0",NONE,80.0,100.0,0.0,0,2
377.0,pa_8,E7,5,3,1,0,eRickshaw_forward4.0,NONE,41.0,NONE,25.0,20.0,0.0,4,3
377.0,pa_8_rev,NEG_E7,5,3,5,3,"easyBike_reverse2.1,easyBike_reverse3.0,easyBike_reverse3.1,easyBike_reverse2.0,easyBike_reverse4.1","easyBike_reverse4.0,easyBike_reverse2.3,easyBike_reverse3.3","235.0,180.0,229.0,178.0,220.0","174.0,145.0,126.0",125.0,100.0,100.0,0,0
378.0,pa_2,E0,4,3,4,3,"easyBike_forward4.0,easyBike_forward2.0,easyBike_forward1.0,easyBike_forward1.1","easyBike_forward2.1,easyBike_forward4.1,easyBike_forward1.2","280.0,287.0,283.0,235.0","227.0,206.0,183.0",80.0,100.0,100.0,0,0
378.0,pa_2_rev,NEG_E0,4,3,0,0,NONE,NONE,NONE,NONE,0.0,0.0,0.0,4,3
378.0,pa_3,E1,4,3,3,0,"easyBike_forward4.2,easyBike_forward1.3,easyBike_forward2.3",NONE,"22.0,28.0,5.0",NONE,60.0,75.0,0.0,1,3
378.0,pa_3_rev,NEG_E1,4,3,4,2,"easyBike_reverse1.2,easyBike_reverse1.0,eRickshaw_reverse1.0,easyBike_reverse1.1","eRickshaw_reverse2.0,easyBike_reverse1.4","119.0,202.0,98.0,73.0","52.0,41.0",80.0,100.0,66.7,0,1
378.0,pa_6,E5,5,3,5,0,"easyBike_forward3.4,easyBike_forward3.1,easyBike_forward3.0,easyBike_forward3.3,easyBike_forward3.2",NONE,"1.0,218.0,291.0,72.0,146.0",NONE,125.0,100.0,0.0,0,3
378.0,pa_6_rev,NEG_E5,5,3,0,0,NONE,NONE,NONE,NONE,0.0,0.0,0.0,5,3
378.0,pa_7,E6,4,2,0,0,NONE,NONE,NONE,NONE,0.0,0.0,0.0,4,2
378.0,pa_7_rev,NEG_E6,4,2,4,0,"easyBike_reverse3.5,easyBike_reverse2.5,eRickshaw_reverse3.0,easyBike_reverse4.4",NONE,"21.0,56.0,101.0,41.0",NONE,80.0,100.0,0.0,0,2
378.0,pa_8,E7,5,3,1,0,eRickshaw_forward4.0,NONE,42.0,NONE,25.0,20.0,0.0,4,3
378.0,pa_8_rev,NEG_E7,5,3,5,3,"easyBike_reverse2.1,easyBike_reverse3.0,easyBike_reverse3.1,easyBike_reverse2.0,easyBike_reverse4.1","easyBike_reverse4.0,easyBike_reverse2.3,easyBike_reverse3.3","236.0,181.0,230.0,179.0,221.0","175.0,146.0,127.0",125.0,100.0,100.0,0,0
379.0,pa_2,E0,4,3,4,3,"easyBike_forward4.0,easyBike_forward2.0,easyBike_forward1.0,easyBike_forward1.1","easyBike_forward2.1,easyBike_forward4.1,easyBike_forward1.2","281.0,288.0,284.0,236.0","228.0,207.0,184.0",80.0,100.0,100.0,0,0
379.0,pa_2_rev,NEG_E0,4,3,0,0,NONE,NONE,NONE,NONE,0.0,0.0,0.0,4,3
379.0,pa_3,E1,4,3,3,0,"easyBike_forward4.2,easyBike_forward1.3,easyBike_forward2.3",NONE,"23.0,29.0,6.0",NONE,60.0,75.0,0.0,1,3
379.0,pa_3_rev,NEG_E1,4,3,4,2,"easyBike_reverse1.2,easyBike_reverse1.0,eRickshaw_reverse1.0,easyBike_reverse1.1","eRickshaw_reverse2.0,easyBike_reverse1.4","120.0,203.0,99.0,74.0","53.0,42.0",80.0,100.0,66.7,0,1
379.0,pa_6,E5,5,3,5,0,"easyBike_forward3.4,easyBike_forward3.1,easyBike_forward3.0,easyBike_forward3.3,easyBike_forward3.2",NONE,"2.0,219.0,292.0,73.0,147.0",NONE,125.0,100.0,0.0,0,3
379.0,pa_6_rev,NEG_E5,5,3,0,0,NONE,NONE,NONE,NONE,0.0,0.0,0.0,5,3
379.0,pa_7,E6,4,2,0,0,NONE,NONE,NONE,NONE,0.0,0.0,0.0,4,2
379.0,pa_7_rev,NEG_E6,4,2,4,0,"easyBike_reverse3.5,easyBike_reverse2.5,eRickshaw_reverse3.0,easyBike_reverse4.4",NONE,"22.0,57.0,102.0,42.0",NONE,80.0,100.0,0.0,0,2
379.0,pa_8,E7,5,3,1,0,eRickshaw_forward4.0,NONE,43.0,NONE,25.0,20.0,0.0,4,3
379.0,pa_8_rev,NEG_E7,5,3,5,3,"easyBike_reverse2.1,easyBike_reverse3.0,easyBike_reverse3.1,easyBike_reverse2.0,easyBike_reverse4.1","easyBike_reverse4.0,easyBike_reverse2.3,easyBike_reverse3.3","237.0,182.0,231.0,180.0,222.0","176.0,147.0,128.0",125.0,100.0,100.0,0,0
380.0,pa_2,E0,4,3,4,3,"easyBike_forward4.0,easyBike_forward2.0,easyBike_forward1.0,easyBike_forward1.1","easyBike_forward2.1,easyBike_forward4.1,easyBike_forward1.2","282.0,289.0,285.0,237.0","229.0,208.0,185.0",80.0,100.0,100.0,0,0
380.0,pa_2_rev,NEG_E0,4,3,0,0,NONE,NONE,NONE,NONE,0.0,0.0,0.0,4,3
380.0,pa_3,E1,4,3,3,0,"easyBike_forward4.2,easyBike_forward1.3,easyBike_forward2.3",NONE,"24.0,30.0,7.0",NONE,60.0,75.0,0.0,1,3
380.0,pa_3_rev,NEG_E1,4,3,4,2,"easyBike_reverse1.2,easyBike_reverse1.0,eRickshaw_reverse1.0,easyBike_reverse1.1","eRickshaw_reverse2.0,easyBike_reverse1.4","121.0,204.0,100.0,75.0","54.0,43.0",80.0,100.0,66.7,0,1
380.0,pa_6,E5,5,3,5,0,"easyBike_forward3.4,easyBike_forward3.1,easyBike_forward3.0,easyBike_forward3.3,easyBike_forward3.2",NONE,"3.0,220.0,293.0,74.0,148.0",NONE,125.0,100.0,0.0,0,3
380.0,pa_6_rev,NEG_E5,5,3,0,0,NONE,NONE,NONE,NONE,0.0,0.0,0.0,5,3
380.0,pa_7,E6,4,2,0,0,NONE,NONE,NONE,NONE,0.0,0.0,0.0,4,2
380.0,pa_7_rev,NEG_E6,4,2,4,0,"easyBike_reverse3.5,easyBike_reverse2.5,eRickshaw_reverse3.0,easyBike_reverse4.4",NONE,"23.0,58.0,103.0,43.0",NONE,80.0,100.0,0.0,0,2
380.0,pa_8,E7,5,3,1,0,eRickshaw_forward4.0,NONE,44.0,NONE,25.0,20.0,0.0,4,3
380.0,pa_8_rev,NEG_E7,5,3,5,3,"easyBike_reverse2.1,easyBike_reverse3.0,easyBike_reverse3.1,easyBike_reverse2.0,easyBike_reverse4.1","easyBike_reverse4.0,easyBike_reverse2.3,easyBike_reverse3.3","238.0,183.0,232.0,181.0,223.0","177.0,148.0,129.0",125.0,100.0,100.0,0,0
381.0,pa_2,E0,4,3,4,3,"easyBike_forward4.0,easyBike_forward2.0,easyBike_forward1.0,easyBike_forward1.1","easyBike_forward2.1,easyBike_forward4.1,easyBike_forward1.2","283.0,290.0,286.0,238.0","230.0,209.0,186.0",80.0,100.0,100.0,0,0
381.0,pa_2_rev,NEG_E0,4,3,0,0,NONE,NONE,NONE,NONE,0.0,0.0,0.0,4,3
381.0,pa_3,E1,4,3,3,0,"easyBike_forward4.2,easyBike_forward1.3,easyBike_forward2.3",NONE,"25.0,31.0,8.0",NONE,60.0,75.0,0.0,1,3
381.0,pa_3_rev,NEG_E1,4,3,4,2,"easyBike_reverse1.2,easyBike_reverse1.0,eRickshaw_reverse1.0,easyBike_reverse1.1","eRickshaw_reverse2.0,easyBike_reverse1.4","122.0,205.0,101.0,76.0","55.0,44.0",80.0,100.0,66.7,0,1
381.0,pa_6,E5,5,3,5,0,"easyBike_forward3.4,easyBike_forward3.1,easyBike_forward3.0,easyBike_forward3.3,easyBike_forward3.2",NONE,"4.0,221.0,294.0,75.0,149.0",NONE,125.0,100.0,0.0,0,3
381.0,pa_6_rev,NEG_E5,5,3,0,0,NONE,NONE,NONE,NONE,0.0,0.0,0.0,5,3
381.0,pa_7,E6,4,2,0,0,NONE,NONE,NONE,NONE,0.0,0.0,0.0,4,2
381.0,pa_7_rev,NEG_E6,4,2,4,0,"easyBike_reverse3.5,easyBike_reverse2.5,eRickshaw_reverse3.0,easyBike_reverse4.4",NONE,"24.0,59.0,104.0,44.0",NONE,80.0,100.0,0.0,0,2
381.0,pa_8,E7,5,3,1,0,eRickshaw_forward4.0,NONE,45.0,NONE,25.0,20.0,0.0,4,3
381.0,pa_8_rev,NEG_E7,5,3,5,3,"easyBike_reverse2.1,easyBike_reverse3.0,easyBike_reverse3.1,easyBike_reverse2.0,easyBike_reverse4.1","easyBike_reverse4.0,easyBike_reverse2.3,easyBike_reverse3.3","239.0,184.0,233.0,182.0,224.0","178.0,149.0,130.0",125.0,100.0,100.0,0,0
382.0,pa_2,E0,4,3,4,3,"easyBike_forward4.0,easyBike_forward2.0,easyBike_forward1.0,easyBike_forward1.1","easyBike_forward2.1,easyBike_forward4.1,easyBike_forward1.2","284.0,291.0,287.0,239.0","231.0,210.0,187.0",80.0,100.0,100.0,0,0
382.0,pa_2_rev,NEG_E0,4,3,0,0,NONE,NONE,NONE,NONE,0.0,0.0,0.0,4,3
382.0,pa_3,E1,4,3,3,0,"easyBike_forward4.2,easyBike_forward1.3,easyBike_forward2.3",NONE,"26.0,32.0,9.0",NONE,60.0,75.0,0.0,1,3
382.0,pa_3_rev,NEG_E1,4,3,4,2,"easyBike_reverse1.2,easyBike_reverse1.0,eRickshaw_reverse1.0,easyBike_reverse1.1","eRickshaw_reverse2.0,easyBike_reverse1.4","123.0,206.0,102.0,77.0","56.0,45.0",80.0,100.0,66.7,0,1
382.0,pa_6,E5,5,3,5,0,"easyBike_forward3.4,easyBike_forward3.1,easyBike_forward3.0,easyBike_forward3.3,easyBike_forward3.2",NONE,"5.0,222.0,295.0,76.0,150.0",NONE,125.0,100.0,0.0,0,3
382.0,pa_6_rev,NEG_E5,5,3,0,0,NONE,NONE,NONE,NONE,0.0,0.0,0.0,5,3
382.0,pa_7,E6,4,2,0,0,NONE,NONE,NONE,NONE,0.0,0.0,0.0,4,2
382.0,pa_7_rev,NEG_E6,4,2,4,0,"easyBike_reverse3.5,easyBike_reverse2.5,eRickshaw_reverse3.0,easyBike_reverse4.4",NONE,"25.0,60.0,105.0,45.0",NONE,80.0,100.0,0.0,0,2
382.0,pa_8,E7,5,3,1,0,eRickshaw_forward4.0,NONE,46.0,NONE,25.0,20.0,0.0,4,3
382.0,pa_8_rev,NEG_E7,5,3,5,3,"easyBike_reverse2.1,easyBike_reverse3.0,easyBike_reverse3.1,easyBike_reverse2.0,easyBike_reverse4.1","easyBike_reverse4.0,easyBike_reverse2.3,easyBike_reverse3.3","240.0,185.0,234.0,183.0,225.0","179.0,150.0,131.0",125.0,100.0,100.0,0,0
383.0,pa_2,E0,4,3,4,3,"easyBike_forward4.0,easyBike_forward2.0,easyBike_forward1.0,easyBike_forward1.1","easyBike_forward2.1,easyBike_forward4.1,easyBike_forward1.2","285.0,292.0,288.0,240.0","232.0,211.0,188.0",80.0,100.0,100.0,0,0
383.0,pa_2_rev,NEG_E0,4,3,0,0,NONE,NONE,NONE,NONE,0.0,0.0,0.0,4,3
383.0,pa_3,E1,4,3,3,0,"easyBike_forward4.2,easyBike_forward1.3,easyBike_forward2.3",NONE,"27.0,33.0,10.0",NONE,60.0,75.0,0.0,1,3
383.0,pa_3_rev,NEG_E1,4,3,4,2,"easyBike_reverse1.2,easyBike_reverse1.0,eRickshaw_reverse1.0,easyBike_reverse1.1","eRickshaw_reverse2.0,easyBike_reverse1.4","124.0,207.0,103.0,78.0","57.0,46.0",80.0,100.0,66.7,0,1
383.0,pa_6,E5,5,3,5,0,"easyBike_forward3.4,easyBike_forward3.1,easyBike_forward3.0,easyBike_forward3.3,easyBike_forward3.2",NONE,"6.0,223.0,296.0,77.0,151.0",NONE,125.0,100.0,0.0,0,3
383.0,pa_6_rev,NEG_E5,5,3,0,0,NONE,NONE,NONE,NONE,0.0,0.0,0.0,5,3
383.0,pa_7,E6,4,2,0,0,NONE,NONE,NONE,NONE,0.0,0.0,0.0,4,2
383.0,pa_7_rev,NEG_E6,4,2,4,0,"easyBike_reverse3.5,easyBike_reverse2.5,eRickshaw_reverse3.0,easyBike_reverse4.4",NONE,"26.0,61.0,106.0,46.0",NONE,80.0,100.0,0.0,0,2
383.0,pa_8,E7,5,3,1,0,eRickshaw_forward4.0,NONE,47.0,NONE,25.0,20.0,0.0,4,3
383.0,pa_8_rev,NEG_E7,5,3,5,3,"easyBike_reverse2.1,easyBike_reverse3.0,easyBike_reverse3.1,easyBike_reverse2.0,easyBike_reverse4.1","easyBike_reverse4.0,easyBike_reverse2.3,easyBike_reverse3.3","241.0,186.0,235.0,184.0,226.0","180.0,151.0,132.0",125.0,100.0,100.0,0,0
384.0,pa_2,E0,4,3,4,3,"easyBike_forward4.0,easyBike_forward2.0,easyBike_forward1.0,easyBike_forward1.1","easyBike_forward2.1,easyBike_forward4.1,easyBike_forward1.2","286.0,293.0,289.0,241.0","233.0,212.0,189.0",80.0,100.0,100.0,0,0
384.0,pa_2_rev,NEG_E0,4,3,0,0,NONE,NONE,NONE,NONE,0.0,0.0,0.0,4,3
384.0,pa_3,E1,4,3,3,0,"easyBike_forward4.2,easyBike_forward1.3,easyBike_forward2.3",NONE,"28.0,34.0,11.0",NONE,60.0,75.0,0.0,1,3
384.0,pa_3_rev,NEG_E1,4,3,4,2,"easyBike_reverse1.2,easyBike_reverse1.0,eRickshaw_reverse1.0,easyBike_reverse1.1","eRickshaw_reverse2.0,easyBike_reverse1.4","125.0,208.0,104.0,79.0","58.0,47.0",80.0,100.0,66.7,0,1
384.0,pa_6,E5,5,3,5,0,"easyBike_forward3.4,easyBike_forward3.1,easyBike_forward3.0,easyBike_forward3.3,easyBike_forward3.2",NONE,"7.0,224.0,297.0,78.0,152.0",NONE,125.0,100.0,0.0,0,3
384.0,pa_6_rev,NEG_E5,5,3,0,0,NONE,NONE,NONE,NONE,0.0,0.0,0.0,5,3
384.0,pa_7,E6,4,2,0,0,NONE,NONE,NONE,NONE,0.0,0.0,0.0,4,2
384.0,pa_7_rev,NEG_E6,4,2,4,0,"easyBike_reverse3.5,easyBike_reverse2.5,eRickshaw_reverse3.0,easyBike_reverse4.4",NONE,"27.0,62.0,107.0,47.0",NONE,80.0,100.0,0.0,0,2
384.0,pa_8,E7,5,3,1,0,eRickshaw_forward4.0,NONE,48.0,NONE,25.0,20.0,0.0,4,3
384.0,pa_8_rev,NEG_E7,5,3,5,3,"easyBike_reverse2.1,easyBike_reverse3.0,easyBike_reverse3.1,easyBike_reverse2.0,easyBike_reverse4.1","easyBike_reverse4.0,easyBike_reverse2.3,easyBike_reverse3.3","242.0,187.0,236.0,185.0,227.0","181.0,152.0,133.0",125.0,100.0,100.0,0,0
385.0,pa_2,E0,4,3,4,3,"easyBike_forward4.0,easyBike_forward2.0,easyBike_forward1.0,easyBike_forward1.1","easyBike_forward2.1,easyBike_forward4.1,easyBike_forward1.2","287.0,294.0,290.0,242.0","234.0,213.0,190.0",80.0,100.0,100.0,0,0
385.0,pa_2_rev,NEG_E0,4,3,0,0,NONE,NONE,NONE,NONE,0.0,0.0,0.0,4,3
385.0,pa_3,E1,4,3,3,0,"easyBike_forward4.2,easyBike_forward1.3,easyBike_forward2.3",NONE,"29.0,35.0,12.0",NONE,60.0,75.0,0.0,1,3
385.0,pa_3_rev,NEG_E1,4,3,4,2,"easyBike_reverse1.2,easyBike_reverse1.0,eRickshaw_reverse1.0,easyBike_reverse1.1","eRickshaw_reverse2.0,easyBike_reverse1.4","126.0,209.0,105.0,80.0","59.0,48.0",80.0,100.0,66.7,0,1
385.0,pa_6,E5,5,3,5,0,"easyBike_forward3.4,easyBike_forward3.1,easyBike_forward3.0,easyBike_forward3.3,easyBike_forward3.2",NONE,"8.0,225.0,298.0,79.0,153.0",NONE,125.0,100.0,0.0,0,3
385.0,pa_6_rev,NEG_E5,5,3,0,0,NONE,NONE,NONE,NONE,0.0,0.0,0.0,5,3
385.0,pa_7,E6,4,2,0,0,NONE,NONE,NONE,NONE,0.0,0.0,0.0,4,2
385.0,pa_7_rev,NEG_E6,4,2,4,0,"easyBike_reverse3.5,easyBike_reverse2.5,eRickshaw_reverse3.0,easyBike_reverse4.4",NONE,"28.0,63.0,108.0,48.0",NONE,80.0,100.0,0.0,0,2
385.0,pa_8,E7,5,3,1,0,eRickshaw_forward4.0,NONE,49.0,NONE,25.0,20.0,0.0,4,3
385.0,pa_8_rev,NEG_E7,5,3,5,3,"easyBike_reverse2.1,easyBike_reverse3.0,easyBike_reverse3.1,easyBike_reverse2.0,easyBike_reverse4.1","easyBike_reverse4.0,easyBike_reverse2.3,easyBike_reverse3.3","243.0,188.0,237.0,186.0,228.0","182.0,153.0,134.0",125.0,100.0,100.0,0,0
386.0,pa_2,E0,4,3,4,3,"easyBike_forward4.0,easyBike_forward2.0,easyBike_forward1.0,easyBike_forward1.1","easyBike_forward2.1,easyBike_forward4.1,easyBike_forward1.2","288.0,295.0,291.0,243.0","235.0,214.0,191.0",80.0,100.0,100.0,0,0
386.0,pa_2_rev,NEG_E0,4,3,0,0,NONE,NONE,NONE,NONE,0.0,0.0,0.0,4,3
386.0,pa_3,E1,4,3,3,0,"easyBike_forward4.2,easyBike_forward1.3,easyBike_forward2.3",NONE,"30.0,36.0,13.0",NONE,60.0,75.0,0.0,1,3
386.0,pa_3_rev,NEG_E1,4,3,4,2,"easyBike_reverse1.2,easyBike_reverse1.0,eRickshaw_reverse1.0,easyBike_reverse1.1","eRickshaw_reverse2.0,easyBike_reverse1.4","127.0,210.0,106.0,81.0","60.0,49.0",80.0,100.0,66.7,0,1
386.0,pa_6,E5,5,3,5,0,"easyBike_forward3.4,easyBike_forward3.1,easyBike_forward3.0,easyBike_forward3.3,easyBike_forward3.2",NONE,"9.0,226.0,299.0,80.0,154.0",NONE,125.0,100.0,0.0,0,3
386.0,pa_6_rev,NEG_E5,5,3,0,0,NONE,NONE,NONE,NONE,0.0,0.0,0.0,5,3
386.0,pa_7,E6,4,2,0,0,NONE,NONE,NONE,NONE,0.0,0.0,0.0,4,2
386.0,pa_7_rev,NEG_E6,4,2,4,0,"easyBike_reverse3.5,easyBike_reverse2.5,eRickshaw_reverse3.0,easyBike_reverse4.4",NONE,"29.0,64.0,109.0,49.0",NONE,80.0,100.0,0.0,0,2
386.0,pa_8,E7,5,3,1,0,eRickshaw_forward4.0,NONE,50.0,NONE,25.0,20.0,0.0,4,3
386.0,pa_8_rev,NEG_E7,5,3,5,3,"easyBike_reverse2.1,easyBike_reverse3.0,easyBike_reverse3.1,easyBike_reverse2.0,easyBike_reverse4.1","easyBike_reverse4.0,easyBike_reverse2.3,easyBike_reverse3.3","244.0,189.0,238.0,187.0,229.0","183.0,154.0,135.0",125.0,100.0,100.0,0,0
387.0,pa_2,E0,4,3,4,3,"easyBike_forward4.0,easyBike_forward2.0,easyBike_forward1.0,easyBike_forward1.1","easyBike_forward2.1,easyBike_forward4.1,easyBike_forward1.2","289.0,296.0,292.0,244.0","236.0,215.0,192.0",80.0,100.0,100.0,0,0
387.0,pa_2_rev,NEG_E0,4,3,0,0,NONE,NONE,NONE,NONE,0.0,0.0,0.0,4,3
387.0,pa_3,E1,4,3,3,0,"easyBike_forward4.2,easyBike_forward1.3,easyBike_forward2.3",NONE,"31.0,37.0,14.0",NONE,60.0,75.0,0.0,1,3
387.0,pa_3_rev,NEG_E1,4,3,4,3,"easyBike_reverse1.2,easyBike_reverse1.0,eRickshaw_reverse1.0,easyBike_reverse1.1","eRickshaw_reverse2.0,easyBike_reverse1.4,easyBike_reverse1.3","128.0,211.0,107.0,82.0","61.0,50.0,0.0",80.0,100.0,100.0,0,0
387.0,pa_6,E5,5,3,5,0,"easyBike_forward3.4,easyBike_forward3.1,easyBike_forward3.0,easyBike_forward3.3,easyBike_forward3.2",NONE,"10.0,227.0,300.0,81.0,155.0",NONE,125.0,100.0,0.0,0,3
387.0,pa_6_rev,NEG_E5,5,3,0,0,NONE,NONE,NONE,NONE,0.0,0.0,0.0,5,3
387.0,pa_7,E6,4,2,0,0,NONE,NONE,NONE,NONE,0.0,0.0,0.0,4,2
387.0,pa_7_rev,NEG_E6,4,2,4,0,"easyBike_reverse3.5,easyBike_reverse2.5,eRickshaw_reverse3.0,easyBike_reverse4.4",NONE,"30.0,65.0,110.0,50.0",NONE,80.0,100.0,0.0,0,2
387.0,pa_8,E7,5,3,1,0,eRickshaw_forward4.0,NONE,51.0,NONE,25.0,20.0,0.0,4,3
387.0,pa_8_rev,NEG_E7,5,3,5,3,"easyBike_reverse2.1,easyBike_reverse3.0,easyBike_reverse3.1,easyBike_reverse2.0,easyBike_reverse4.1","easyBike_reverse4.0,easyBike_reverse2.3,easyBike_reverse3.3","245.0,190.0,239.0,188.0,230.0","184.0,155.0,136.0",125.0,100.0,100.0,0,0
388.0,pa_2,E0,4,3,4,3,"easyBike_forward4.0,easyBike_forward2.0,easyBike_forward1.0,easyBike_forward1.1","easyBike_forward2.1,easyBike_forward4.1,easyBike_forward1.2","290.0,297.0,293.0,245.0","237.0,216.0,193.0",80.0,100.0,100.0,0,0
388.0,pa_2_rev,NEG_E0,4,3,0,0,NONE,NONE,NONE,NONE,0.0,0.0,0.0,4,3
388.0,pa_3,E1,4,3,3,0,"easyBike_forward4.2,easyBike_forward1.3,easyBike_forward2.3",NONE,"32.0,38.0,15.0",NONE,60.0,75.0,0.0,1,3
388.0,pa_3_rev,NEG_E1,4,3,4,3,"easyBike_reverse1.2,easyBike_reverse1.0,eRickshaw_reverse1.0,easyBike_reverse1.1","eRickshaw_reverse2.0,easyBike_reverse1.4,easyBike_reverse1.3","129.0,212.0,108.0,83.0","62.0,51.0,1.0",80.0,100.0,100.0,0,0
388.0,pa_6,E5,5,3,5,0,"easyBike_forward3.4,easyBike_forward3.1,easyBike_forward3.0,easyBike_forward3.3,easyBike_forward3.2",NONE,"11.0,228.0,301.0,82.0,156.0",NONE,125.0,100.0,0.0,0,3
388.0,pa_6_rev,NEG_E5,5,3,0,0,NONE,NONE,NONE,NONE,0.0,0.0,0.0,5,3
388.0,pa_7,E6,4,2,0,0,NONE,NONE,NONE,NONE,0.0,0.0,0.0,4,2
388.0,pa_7_rev,NEG_E6,4,2,4,0,"easyBike_reverse3.5,easyBike_reverse2.5,eRickshaw_reverse3.0,easyBike_reverse4.4",NONE,"31.0,66.0,111.0,51.0",NONE,80.0,100.0,0.0,0,2
388.0,pa_8,E7,5,3,1,0,eRickshaw_forward4.0,NONE,52.0,NONE,25.0,20.0,0.0,4,3
388.0,pa_8_rev,NEG_E7,5,3,5,3,"easyBike_reverse2.1,easyBike_reverse3.0,easyBike_reverse3.1,easyBike_reverse2.0,easyBike_reverse4.1","easyBike_reverse4.0,easyBike_reverse2.3,easyBike_reverse3.3","246.0,191.0,240.0,189.0,231.0","185.0,156.0,137.0",125.0,100.0,100.0,0,0
389.0,pa_2,E0,4,3,4,3,"easyBike_forward4.0,easyBike_forward2.0,easyBike_forward1.0,easyBike_forward1.1","easyBike_forward2.1,easyBike_forward4.1,easyBike_forward1.2","291.0,298.0,294.0,246.0","238.0,217.0,194.0",80.0,100.0,100.0,0,0
389.0,pa_2_rev,NEG_E0,4,3,0,0,NONE,NONE,NONE,NONE,0.0,0.0,0.0,4,3
389.0,pa_3,E1,4,3,3,0,"easyBike_forward4.2,easyBike_forward1.3,easyBike_forward2.3",NONE,"33.0,39.0,16.0",NONE,60.0,75.0,0.0,1,3
389.0,pa_3_rev,NEG_E1,4,3,4,3,"easyBike_reverse1.2,easyBike_reverse1.0,eRickshaw_reverse1.0,easyBike_reverse1.1","eRickshaw_reverse2.0,easyBike_reverse1.4,easyBike_reverse1.3","130.0,213.0,109.0,84.0","63.0,52.0,2.0",80.0,100.0,100.0,0,0
389.0,pa_6,E5,5,3,5,0,"easyBike_forward3.4,easyBike_forward3.1,easyBike_forward3.0,easyBike_forward3.3,easyBike_forward3.2",NONE,"12.0,229.0,302.0,83.0,157.0",NONE,125.0,100.0,0.0,0,3
389.0,pa_6_rev,NEG_E5,5,3,0,0,NONE,NONE,NONE,NONE,0.0,0.0,0.0,5,3
389.0,pa_7,E6,4,2,0,0,NONE,NONE,NONE,NONE,0.0,0.0,0.0,4,2
389.0,pa_7_rev,NEG_E6,4,2,4,0,"easyBike_reverse3.5,easyBike_reverse2.5,eRickshaw_reverse3.0,easyBike_reverse4.4",NONE,"32.0,67.0,112.0,52.0",NONE,80.0,100.0,0.0,0,2
389.0,pa_8,E7,5,3,1,0,eRickshaw_forward4.0,NONE,53.0,NONE,25.0,20.0,0.0,4,3
389.0,pa_8_rev,NEG_E7,5,3,5,3,"easyBike_reverse2.1,easyBike_reverse3.0,easyBike_reverse3.1,easyBike_reverse2.0,easyBike_reverse4.1","easyBike_reverse4.0,easyBike_reverse2.3,easyBike_reverse3.3","247.0,192.0,241.0,190.0,232.0","186.0,157.0,138.0",125.0,100.0,100.0,0,0
390.0,pa_2,E0,4,3,4,3,"easyBike_forward4.0,easyBike_forward2.0,easyBike_forward1.0,easyBike_forward1.1","easyBike_forward2.1,easyBike_forward4.1,easyBike_forward1.2","292.0,299.0,295.0,247.0","239.0,218.0,195.0",80.0,100.0,100.0,0,0
390.0,pa_2_rev,NEG_E0,4,3,0,0,NONE,NONE,NONE,NONE,0.0,0.0,0.0,4,3
390.0,pa_3,E1,4,3,3,0,"easyBike_forward4.2,easyBike_forward1.3,easyBike_forward2.3",NONE,"34.0,40.0,17.0",NONE,60.0,75.0,0.0,1,3
390.0,pa_3_rev,NEG_E1,4,3,4,3,"easyBike_reverse1.2,easyBike_reverse1.0,eRickshaw_reverse1.0,easyBike_reverse1.1","eRickshaw_reverse2.0,easyBike_reverse1.4,easyBike_reverse1.3","131.0,214.0,110.0,85.0","64.0,53.0,3.0",80.0,100.0,100.0,0,0
390.0,pa_6,E5,5,3,5,0,"easyBike_forward3.4,easyBike_forward3.1,easyBike_forward3.0,easyBike_forward3.3,easyBike_forward3.2",NONE,"13.0,230.0,303.0,84.0,158.0",NONE,125.0,100.0,0.0,0,3
390.0,pa_6_rev,NEG_E5,5,3,0,0,NONE,NONE,NONE,NONE,0.0,0.0,0.0,5,3
390.0,pa_7,E6,4,2,0,0,NONE,NONE,NONE,NONE,0.0,0.0,0.0,4,2
390.0,pa_7_rev,NEG_E6,4,2,4,0,"easyBike_reverse3.5,easyBike_reverse2.5,eRickshaw_reverse3.0,easyBike_reverse4.4",NONE,"33.0,68.0,113.0,53.0",NONE,80.0,100.0,0.0,0,2
390.0,pa_8,E7,5,3,1,0,eRickshaw_forward4.0,NONE,54.0,NONE,25.0,20.0,0.0,4,3
390.0,pa_8_rev,NEG_E7,5,3,5,3,"easyBike_reverse2.1,easyBike_reverse3.0,easyBike_reverse3.1,easyBike_reverse2.0,easyBike_reverse4.1","easyBike_reverse4.0,easyBike_reverse2.3,easyBike_reverse3.3","248.0,193.0,242.0,191.0,233.0","187.0,158.0,139.0",125.0,100.0,100.0,0,0
391.0,pa_2,E0,4,3,4,3,"easyBike_forward4.0,easyBike_forward2.0,easyBike_forward1.0,easyBike_forward1.1","easyBike_forward2.1,easyBike_forward4.1,easyBike_forward1.2","293.0,300.0,296.0,248.0","240.0,219.0,196.0",80.0,100.0,100.0,0,0
391.0,pa_2_rev,NEG_E0,4,3,0,0,NONE,NONE,NONE,NONE,0.0,0.0,0.0,4,3
391.0,pa_3,E1,4,3,3,0,"easyBike_forward4.2,easyBike_forward1.3,easyBike_forward2.3",NONE,"35.0,41.0,18.0",NONE,60.0,75.0,0.0,1,3
391.0,pa_3_rev,NEG_E1,4,3,4,3,"easyBike_reverse1.2,easyBike_reverse1.0,eRickshaw_reverse1.0,easyBike_reverse1.1","eRickshaw_reverse2.0,easyBike_reverse1.4,easyBike_reverse1.3","132.0,215.0,111.0,86.0","65.0,54.0,4.0",80.0,100.0,100.0,0,0
391.0,pa_6,E5,5,3,5,0,"easyBike_forward3.4,easyBike_forward3.1,easyBike_forward3.0,easyBike_forward3.3,easyBike_forward3.2",NONE,"14.0,231.0,304.0,85.0,159.0",NONE,125.0,100.0,0.0,0,3
391.0,pa_6_rev,NEG_E5,5,3,0,0,NONE,NONE,NONE,NONE,0.0,0.0,0.0,5,3
391.0,pa_7,E6,4,2,0,0,NONE,NONE,NONE,NONE,0.0,0.0,0.0,4,2
391.0,pa_7_rev,NEG_E6,4,2,4,0,"easyBike_reverse3.5,easyBike_reverse2.5,eRickshaw_reverse3.0,easyBike_reverse4.4",NONE,"34.0,69.0,114.0,54.0",NONE,80.0,100.0,0.0,0,2
391.0,pa_8,E7,5,3,1,0,eRickshaw_forward4.0,NONE,55.0,NONE,25.0,20.0,0.0,4,3
391.0,pa_8_rev,NEG_E7,5,3,5,3,"easyBike_reverse2.1,easyBike_reverse3.0,easyBike_reverse3.1,easyBike_reverse2.0,easyBike_reverse4.1","easyBike_reverse4.0,easyBike_reverse2.3,easyBike_reverse3.3","249.0,194.0,243.0,192.0,234.0","188.0,159.0,140.0",125.0,100.0,100.0,0,0
392.0,pa_2,E0,4,3,4,3,"easyBike_forward4.0,easyBike_forward2.0,easyBike_forward1.0,easyBike_forward1.1","easyBike_forward2.1,easyBike_forward4.1,easyBike_forward1.2","294.0,301.0,297.0,249.0","241.0,220.0,197.0",80.0,100.0,100.0,0,0
392.0,pa_2_rev,NEG_E0,4,3,0,0,NONE,NONE,NONE,NONE,0.0,0.0,0.0,4,3
392.0,pa_3,E1,4,3,3,0,"easyBike_forward4.2,easyBike_forward1.3,easyBike_forward2.3",NONE,"36.0,42.0,19.0",NONE,60.0,75.0,0.0,1,3
392.0,pa_3_rev,NEG_E1,4,3,4,3,"easyBike_reverse1.2,easyBike_reverse1.0,eRickshaw_reverse1.0,easyBike_reverse1.1","eRickshaw_reverse2.0,easyBike_reverse1.4,easyBike_reverse1.3","133.0,216.0,112.0,87.0","66.0,55.0,5.0",80.0,100.0,100.0,0,0
392.0,pa_6,E5,5,3,5,0,"easyBike_forward3.4,easyBike_forward3.1,easyBike_forward3.0,easyBike_forward3.3,easyBike_forward3.2",NONE,"15.0,232.0,305.0,86.0,160.0",NONE,125.0,100.0,0.0,0,3
392.0,pa_6_rev,NEG_E5,5,3,0,0,NONE,NONE,NONE,NONE,0.0,0.0,0.0,5,3
392.0,pa_7,E6,4,2,0,0,NONE,NONE,NONE,NONE,0.0,0.0,0.0,4,2
392.0,pa_7_rev,NEG_E6,4,2,4,0,"easyBike_reverse3.5,easyBike_reverse2.5,eRickshaw_reverse3.0,easyBike_reverse4.4",NONE,"35.0,70.0,115.0,55.0",NONE,80.0,100.0,0.0,0,2
392.0,pa_8,E7,5,3,1,0,eRickshaw_forward4.0,NONE,56.0,NONE,25.0,20.0,0.0,4,3
392.0,pa_8_rev,NEG_E7,5,3,5,3,"easyBike_reverse2.1,easyBike_reverse3.0,easyBike_reverse3.1,easyBike_reverse2.0,easyBike_reverse4.1","easyBike_reverse4.0,easyBike_reverse2.3,easyBike_reverse3.3","250.0,195.0,244.0,193.0,235.0","189.0,160.0,141.0",125.0,100.0,100.0,0,0
393.0,pa_2,E0,4,3,4,3,"easyBike_forward4.0,easyBike_forward2.0,easyBike_forward1.0,easyBike_forward1.1","easyBike_forward2.1,easyBike_forward4.1,easyBike_forward1.2","295.0,302.0,298.0,250.0","242.0,221.0,198.0",80.0,100.0,100.0,0,0
393.0,pa_2_rev,NEG_E0,4,3,0,0,NONE,NONE,NONE,NONE,0.0,0.0,0.0,4,3
393.0,pa_3,E1,4,3,3,0,"easyBike_forward4.2,easyBike_forward1.3,easyBike_forward2.3",NONE,"37.0,43.0,20.0",NONE,60.0,75.0,0.0,1,3
393.0,pa_3_rev,NEG_E1,4,3,4,3,"easyBike_reverse1.2,easyBike_reverse1.0,eRickshaw_reverse1.0,easyBike_reverse1.1","eRickshaw_reverse2.0,easyBike_reverse1.4,easyBike_reverse1.3","134.0,217.0,113.0,88.0","67.0,56.0,6.0",80.0,100.0,100.0,0,0
393.0,pa_6,E5,5,3,5,0,"easyBike_forward3.4,easyBike_forward3.1,easyBike_forward3.0,easyBike_forward3.3,easyBike_forward3.2",NONE,"16.0,233.0,306.0,87.0,161.0",NONE,125.0,100.0,0.0,0,3
393.0,pa_6_rev,NEG_E5,5,3,0,0,NONE,NONE,NONE,NONE,0.0,0.0,0.0,5,3
393.0,pa_7,E6,4,2,0,0,NONE,NONE,NONE,NONE,0.0,0.0,0.0,4,2
393.0,pa_7_rev,NEG_E6,4,2,4,0,"easyBike_reverse3.5,easyBike_reverse2.5,eRickshaw_reverse3.0,easyBike_reverse4.4",NONE,"36.0,71.0,116.0,56.0",NONE,80.0,100.0,0.0,0,2
393.0,pa_8,E7,5,3,1,0,eRickshaw_forward4.0,NONE,57.0,NONE,25.0,20.0,0.0,4,3
393.0,pa_8_rev,NEG_E7,5,3,5,3,"easyBike_reverse2.1,easyBike_reverse3.0,easyBike_reverse3.1,easyBike_reverse2.0,easyBike_reverse4.1","easyBike_reverse4.0,easyBike_reverse2.3,easyBike_reverse3.3","251.0,196.0,245.0,194.0,236.0","190.0,161.0,142.0",125.0,100.0,100.0,0,0
394.0,pa_2,E0,4,3,4,3,"easyBike_forward4.0,easyBike_forward2.0,easyBike_forward1.0,easyBike_forward1.1","easyBike_forward2.1,easyBike_forward4.1,easyBike_forward1.2","296.0,303.0,299.0,251.0","243.0,222.0,199.0",80.0,100.0,100.0,0,0
394.0,pa_2_rev,NEG_E0,4,3,0,0,NONE,NONE,NONE,NONE,0.0,0.0,0.0,4,3
394.0,pa_3,E1,4,3,3,0,"easyBike_forward4.2,easyBike_forward1.3,easyBike_forward2.3",NONE,"38.0,44.0,21.0",NONE,60.0,75.0,0.0,1,3
394.0,pa_3_rev,NEG_E1,4,3,4,3,"easyBike_reverse1.2,easyBike_reverse1.0,eRickshaw_reverse1.0,easyBike_reverse1.1","eRickshaw_reverse2.0,easyBike_reverse1.4,easyBike_reverse1.3","135.0,218.0,114.0,89.0","68.0,57.0,7.0",80.0,100.0,100.0,0,0
394.0,pa_6,E5,5,3,5,0,"easyBike_forward3.4,easyBike_forward3.1,easyBike_forward3.0,easyBike_forward3.3,easyBike_forward3.2",NONE,"17.0,234.0,307.0,88.0,162.0",NONE,125.0,100.0,0.0,0,3
394.0,pa_6_rev,NEG_E5,5,3,0,0,NONE,NONE,NONE,NONE,0.0,0.0,0.0,5,3
394.0,pa_7,E6,4,2,0,0,NONE,NONE,NONE,NONE,0.0,0.0,0.0,4,2
394.0,pa_7_rev,NEG_E6,4,2,4,0,"easyBike_reverse3.5,easyBike_reverse2.5,eRickshaw_reverse3.0,easyBike_reverse4.4",NONE,"37.0,72.0,117.0,57.0",NONE,80.0,100.0,0.0,0,2
394.0,pa_8,E7,5,3,1,0,eRickshaw_forward4.0,NONE,58.0,NONE,25.0,20.0,0.0,4,3
394.0,pa_8_rev,NEG_E7,5,3,5,3,"easyBike_reverse2.1,easyBike_reverse3.0,easyBike_reverse3.1,easyBike_reverse2.0,easyBike_reverse4.1","easyBike_reverse4.0,easyBike_reverse2.3,easyBike_reverse3.3","252.0,197.0,246.0,195.0,237.0","191.0,162.0,143.0",125.0,100.0,100.0,0,0
395.0,pa_2,E0,4,3,4,3,"easyBike_forward4.0,easyBike_forward2.0,easyBike_forward1.0,easyBike_forward1.1","easyBike_forward2.1,easyBike_forward4.1,easyBike_forward1.2","297.0,304.0,300.0,252.0","244.0,223.0,200.0",80.0,100.0,100.0,0,0
395.0,pa_2_rev,NEG_E0,4,3,0,0,NONE,NONE,NONE,NONE,0.0,0.0,0.0,4,3
395.0,pa_3,E1,4,3,3,0,"easyBike_forward4.2,easyBike_forward1.3,easyBike_forward2.3",NONE,"39.0,45.0,22.0",NONE,60.0,75.0,0.0,1,3
395.0,pa_3_rev,NEG_E1,4,3,4,3,"easyBike_reverse1.2,easyBike_reverse1.0,eRickshaw_reverse1.0,easyBike_reverse1.1","eRickshaw_reverse2.0,easyBike_reverse1.4,easyBike_reverse1.3","136.0,219.0,115.0,90.0","69.0,58.0,8.0",80.0,100.0,100.0,0,0
395.0,pa_6,E5,5,3,5,0,"easyBike_forward3.4,easyBike_forward3.1,easyBike_forward3.0,easyBike_forward3.3,easyBike_forward3.2",NONE,"18.0,235.0,308.0,89.0,163.0",NONE,125.0,100.0,0.0,0,3
395.0,pa_6_rev,NEG_E5,5,3,0,0,NONE,NONE,NONE,NONE,0.0,0.0,0.0,5,3
395.0,pa_7,E6,4,2,0,0,NONE,NONE,NONE,NONE,0.0,0.0,0.0,4,2
395.0,pa_7_rev,NEG_E6,4,2,4,0,"easyBike_reverse3.5,easyBike_reverse2.5,eRickshaw_reverse3.0,easyBike_reverse4.4",NONE,"38.0,73.0,118.0,58.0",NONE,80.0,100.0,0.0,0,2
395.0,pa_8,E7,5,3,1,0,eRickshaw_forward4.0,NONE,59.0,NONE,25.0,20.0,0.0,4,3
395.0,pa_8_rev,NEG_E7,5,3,5,3,"easyBike_reverse2.1,easyBike_reverse3.0,easyBike_reverse3.1,easyBike_reverse2.0,easyBike_reverse4.1","easyBike_reverse4.0,easyBike_reverse2.3,easyBike_reverse3.3","253.0,198.0,247.0,196.0,238.0","192.0,163.0,144.0",125.0,100.0,100.0,0,0
396.0,pa_2,E0,4,3,4,3,"easyBike_forward4.0,easyBike_forward2.0,easyBike_forward1.0,easyBike_forward1.1","easyBike_forward2.1,easyBike_forward4.1,easyBike_forward1.2","298.0,305.0,301.0,253.0","245.0,224.0,201.0",80.0,100.0,100.0,0,0
396.0,pa_2_rev,NEG_E0,4,3,0,0,NONE,NONE,NONE,NONE,0.0,0.0,0.0,4,3
396.0,pa_3,E1,4,3,3,0,"easyBike_forward4.2,easyBike_forward1.3,easyBike_forward2.3",NONE,"40.0,46.0,23.0",NONE,60.0,75.0,0.0,1,3
396.0,pa_3_rev,NEG_E1,4,3,4,3,"easyBike_reverse1.2,easyBike_reverse1.0,eRickshaw_reverse1.0,easyBike_reverse1.1","eRickshaw_reverse2.0,easyBike_reverse1.4,easyBike_reverse1.3","137.0,220.0,116.0,91.0","70.0,59.0,9.0",80.0,100.0,100.0,0,0
396.0,pa_6,E5,5,3,5,0,"easyBike_forward3.4,easyBike_forward3.1,easyBike_forward3.0,easyBike_forward3.3,easyBike_forward3.2",NONE,"19.0,236.0,309.0,90.0,164.0",NONE,125.0,100.0,0.0,0,3
396.0,pa_6_rev,NEG_E5,5,3,0,0,NONE,NONE,NONE,NONE,0.0,0.0,0.0,5,3
396.0,pa_7,E6,4,2,0,0,NONE,NONE,NONE,NONE,0.0,0.0,0.0,4,2
396.0,pa_7_rev,NEG_E6,4,2,4,0,"easyBike_reverse3.5,easyBike_reverse2.5,eRickshaw_reverse3.0,easyBike_reverse4.4",NONE,"39.0,74.0,119.0,59.0",NONE,80.0,100.0,0.0,0,2
396.0,pa_8,E7,5,3,1,0,eRickshaw_forward4.0,NONE,60.0,NONE,25.0,20.0,0.0,4,3
396.0,pa_8_rev,NEG_E7,5,3,5,3,"easyBike_reverse2.1,easyBike_reverse3.0,easyBike_reverse3.1,easyBike_reverse2.0,easyBike_reverse4.1","easyBike_reverse4.0,easyBike_reverse2.3,easyBike_reverse3.3","254.0,199.0,248.0,197.0,239.0","193.0,164.0,145.0",125.0,100.0,100.0,0,0
397.0,pa_2,E0,4,3,4,3,"easyBike_forward4.0,easyBike_forward2.0,easyBike_forward1.0,easyBike_forward1.1","easyBike_forward2.1,easyBike_forward4.1,easyBike_forward1.2","299.0,306.0,302.0,254.0","246.0,225.0,202.0",80.0,100.0,100.0,0,0
397.0,pa_2_rev,NEG_E0,4,3,0,0,NONE,NONE,NONE,NONE,0.0,0.0,0.0,4,3
397.0,pa_3,E1,4,3,3,0,"easyBike_forward4.2,easyBike_forward1.3,easyBike_forward2.3",NONE,"41.0,47.0,24.0",NONE,60.0,75.0,0.0,1,3
397.0,pa_3_rev,NEG_E1,4,3,4,3,"easyBike_reverse1.2,easyBike_reverse1.0,eRickshaw_reverse1.0,easyBike_reverse1.1","eRickshaw_reverse2.0,easyBike_reverse1.4,easyBike_reverse1.3","138.0,221.0,117.0,92.0","71.0,60.0,10.0",80.0,100.0,100.0,0,0
397.0,pa_6,E5,5,3,5,0,"easyBike_forward3.4,easyBike_forward3.1,easyBike_forward3.0,easyBike_forward3.3,easyBike_forward3.2",NONE,"20.0,237.0,310.0,91.0,165.0",NONE,125.0,100.0,0.0,0,3
397.0,pa_6_rev,NEG_E5,5,3,0,0,NONE,NONE,NONE,NONE,0.0,0.0,0.0,5,3
397.0,pa_7,E6,4,2,0,0,NONE,NONE,NONE,NONE,0.0,0.0,0.0,4,2
397.0,pa_7_rev,NEG_E6,4,2,4,0,"easyBike_reverse3.5,easyBike_reverse2.5,eRickshaw_reverse3.0,easyBike_reverse4.4",NONE,"40.0,75.0,120.0,60.0",NONE,80.0,100.0,0.0,0,2
397.0,pa_8,E7,5,3,1,0,eRickshaw_forward4.0,NONE,61.0,NONE,25.0,20.0,0.0,4,3
397.0,pa_8_rev,NEG_E7,5,3,5,3,"easyBike_reverse2.1,easyBike_reverse3.0,easyBike_reverse3.1,easyBike_reverse2.0,easyBike_reverse4.1","easyBike_reverse4.0,easyBike_reverse2.3,easyBike_reverse3.3","255.0,200.0,249.0,198.0,240.0","194.0,165.0,146.0",125.0,100.0,100.0,0,0
398.0,pa_2,E0,4,3,4,3,"easyBike_forward4.0,easyBike_forward2.0,easyBike_forward1.0,easyBike_forward1.1","easyBike_forward2.1,easyBike_forward4.1,easyBike_forward1.2","300.0,307.0,303.0,255.0","247.0,226.0,203.0",80.0,100.0,100.0,0,0
398.0,pa_2_rev,NEG_E0,4,3,0,0,NONE,NONE,NONE,NONE,0.0,0.0,0.0,4,3
398.0,pa_3,E1,4,3,3,0,"easyBike_forward4.2,easyBike_forward1.3,easyBike_forward2.3",NONE,"42.0,48.0,25.0",NONE,60.0,75.0,0.0,1,3
398.0,pa_3_rev,NEG_E1,4,3,4,3,"easyBike_reverse1.2,easyBike_reverse1.0,eRickshaw_reverse1.0,easyBike_reverse1.1","eRickshaw_reverse2.0,easyBike_reverse1.4,easyBike_reverse1.3","139.0,222.0,118.0,93.0","72.0,61.0,11.0",80.0,100.0,100.0,0,0
398.0,pa_6,E5,5,3,5,0,"easyBike_forward3.4,easyBike_forward3.1,easyBike_forward3.0,easyBike_forward3.3,easyBike_forward3.2",NONE,"21.0,238.0,311.0,92.0,166.0",NONE,125.0,100.0,0.0,0,3
398.0,pa_6_rev,NEG_E5,5,3,0,0,NONE,NONE,NONE,NONE,0.0,0.0,0.0,5,3
398.0,pa_7,E6,4,2,0,0,NONE,NONE,NONE,NONE,0.0,0.0,0.0,4,2
398.0,pa_7_rev,NEG_E6,4,2,4,0,"easyBike_reverse3.5,easyBike_reverse2.5,eRickshaw_reverse3.0,easyBike_reverse4.4",NONE,"41.0,76.0,121.0,61.0",NONE,80.0,100.0,0.0,0,2
398.0,pa_8,E7,5,3,1,0,eRickshaw_forward4.0,NONE,62.0,NONE,25.0,20.0,0.0,4,3
398.0,pa_8_rev,NEG_E7,5,3,5,3,"easyBike_reverse2.1,easyBike_reverse3.0,easyBike_reverse3.1,easyBike_reverse2.0,easyBike_reverse4.1","easyBike_reverse4.0,easyBike_reverse2.3,easyBike_reverse3.3","256.0,201.0,250.0,199.0,241.0","195.0,166.0,147.0",125.0,100.0,100.0,0,0
399.0,pa_2,E0,4,3,4,3,"easyBike_forward4.0,easyBike_forward2.0,easyBike_forward1.0,easyBike_forward1.1","easyBike_forward2.1,easyBike_forward4.1,easyBike_forward1.2","301.0,308.0,304.0,256.0","248.0,227.0,204.0",80.0,100.0,100.0,0,0
399.0,pa_2_rev,NEG_E0,4,3,0,0,NONE,NONE,NONE,NONE,0.0,0.0,0.0,4,3
399.0,pa_3,E1,4,3,3,0,"easyBike_forward4.2,easyBike_forward1.3,easyBike_forward2.3",NONE,"43.0,49.0,26.0",NONE,60.0,75.0,0.0,1,3
399.0,pa_3_rev,NEG_E1,4,3,4,3,"easyBike_reverse1.2,easyBike_reverse1.0,eRickshaw_reverse1.0,easyBike_reverse1.1","eRickshaw_reverse2.0,easyBike_reverse1.4,easyBike_reverse1.3","140.0,223.0,119.0,94.0","73.0,62.0,12.0",80.0,100.0,100.0,0,0
399.0,pa_6,E5,5,3,5,0,"easyBike_forward3.4,easyBike_forward3.1,easyBike_forward3.0,easyBike_forward3.3,easyBike_forward3.2",NONE,"22.0,239.0,312.0,93.0,167.0",NONE,125.0,100.0,0.0,0,3
399.0,pa_6_rev,NEG_E5,5,3,0,0,NONE,NONE,NONE,NONE,0.0,0.0,0.0,5,3
399.0,pa_7,E6,4,2,0,0,NONE,NONE,NONE,NONE,0.0,0.0,0.0,4,2
399.0,pa_7_rev,NEG_E6,4,2,4,0,"easyBike_reverse3.5,easyBike_reverse2.5,eRickshaw_reverse3.0,easyBike_reverse4.4",NONE,"42.0,77.0,122.0,62.0",NONE,80.0,100.0,0.0,0,2
399.0,pa_8,E7,5,3,1,0,eRickshaw_forward4.0,NONE,63.0,NONE,25.0,20.0,0.0,4,3
399.0,pa_8_rev,NEG_E7,5,3,5,3,"easyBike_reverse2.1,easyBike_reverse3.0,easyBike_reverse3.1,easyBike_reverse2.0,easyBike_reverse4.1","easyBike_reverse4.0,easyBike_reverse2.3,easyBike_reverse3.3","257.0,202.0,251.0,200.0,242.0","196.0,167.0,148.0",125.0,100.0,100.0,0,0
400.0,pa_2,E0,4,3,4,3,"easyBike_forward4.0,easyBike_forward2.0,easyBike_forward1.0,easyBike_forward1.1","easyBike_forward2.1,easyBike_forward4.1,easyBike_forward1.2","302.0,309.0,305.0,257.0","249.0,228.0,205.0",80.0,100.0,100.0,0,0
400.0,pa_2_rev,NEG_E0,4,3,0,0,NONE,NONE,NONE,NONE,0.0,0.0,0.0,4,3
400.0,pa_3,E1,4,3,4,0,"easyBike_forward4.2,easyBike_forward1.3,easyBike_forward2.3,easyBike_forward1.4",NONE,"44.0,50.0,27.0,0.0",NONE,80.0,100.0,0.0,0,3
400.0,pa_3_rev,NEG_E1,4,3,4,3,"easyBike_reverse1.2,easyBike_reverse1.0,eRickshaw_reverse1.0,easyBike_reverse1.1","eRickshaw_reverse2.0,easyBike_reverse1.4,easyBike_reverse1.3","141.0,224.0,120.0,95.0","74.0,63.0,13.0",80.0,100.0,100.0,0,0
400.0,pa_6,E5,5,3,5,0,"easyBike_forward3.4,easyBike_forward3.1,easyBike_forward3.0,easyBike_forward3.3,easyBike_forward3.2",NONE,"23.0,240.0,313.0,94.0,168.0",NONE,125.0,100.0,0.0,0,3
400.0,pa_6_rev,NEG_E5,5,3,0,0,NONE,NONE,NONE,NONE,0.0,0.0,0.0,5,3
400.0,pa_7,E6,4,2,0,0,NONE,NONE,NONE,NONE,0.0,0.0,0.0,4,2
400.0,pa_7_rev,NEG_E6,4,2,4,0,"easyBike_reverse3.5,easyBike_reverse2.5,eRickshaw_reverse3.0,easyBike_reverse4.4",NONE,"43.0,78.0,123.0,63.0",NONE,80.0,100.0,0.0,0,2
400.0,pa_8,E7,5,3,1,0,eRickshaw_forward4.0,NONE,64.0,NONE,25.0,20.0,0.0,4,3
400.0,pa_8_rev,NEG_E7,5,3,5,3,"easyBike_reverse2.1,easyBike_reverse3.0,easyBike_reverse3.1,easyBike_reverse2.0,easyBike_reverse4.1","easyBike_reverse4.0,easyBike_reverse2.3,easyBike_reverse3.3","258.0,203.0,252.0,201.0,243.0","197.0,168.0,149.0",125.0,100.0,100.0,0,0
401.0,pa_2,E0,4,3,4,3,"easyBike_forward4.0,easyBike_forward2.0,easyBike_forward1.0,easyBike_forward1.1","easyBike_forward2.1,easyBike_forward4.1,easyBike_forward1.2","303.0,310.0,306.0,258.0","250.0,229.0,206.0",80.0,100.0,100.0,0,0
401.0,pa_2_rev,NEG_E0,4,3,0,0,NONE,NONE,NONE,NONE,0.0,0.0,0.0,4,3
401.0,pa_3,E1,4,3,4,0,"easyBike_forward4.2,easyBike_forward1.3,easyBike_forward2.3,easyBike_forward1.4",NONE,"45.0,51.0,28.0,1.0",NONE,80.0,100.0,0.0,0,3
401.0,pa_3_rev,NEG_E1,4,3,4,3,"easyBike_reverse1.2,easyBike_reverse1.0,eRickshaw_reverse1.0,easyBike_reverse1.1","eRickshaw_reverse2.0,easyBike_reverse1.4,easyBike_reverse1.3","142.0,225.0,121.0,96.0","75.0,64.0,14.0",80.0,100.0,100.0,0,0
401.0,pa_6,E5,5,3,5,0,"easyBike_forward3.4,easyBike_forward3.1,easyBike_forward3.0,easyBike_forward3.3,easyBike_forward3.2",NONE,"24.0,241.0,314.0,95.0,169.0",NONE,125.0,100.0,0.0,0,3
401.0,pa_6_rev,NEG_E5,5,3,0,0,NONE,NONE,NONE,NONE,0.0,0.0,0.0,5,3
401.0,pa_7,E6,4,2,0,0,NONE,NONE,NONE,NONE,0.0,0.0,0.0,4,2
401.0,pa_7_rev,NEG_E6,4,2,4,0,"easyBike_reverse3.5,easyBike_reverse2.5,eRickshaw_reverse3.0,easyBike_reverse4.4",NONE,"44.0,79.0,124.0,64.0",NONE,80.0,100.0,0.0,0,2
401.0,pa_8,E7,5,3,1,0,eRickshaw_forward4.0,NONE,65.0,NONE,25.0,20.0,0.0,4,3
401.0,pa_8_rev,NEG_E7,5,3,5,3,"easyBike_reverse2.1,easyBike_reverse3.0,easyBike_reverse3.1,easyBike_reverse2.0,easyBike_reverse4.1","easyBike_reverse4.0,easyBike_reverse2.3,easyBike_reverse3.3","259.0,204.0,253.0,202.0,244.0","198.0,169.0,150.0",125.0,100.0,100.0,0,0
402.0,pa_2,E0,4,3,4,3,"easyBike_forward4.0,easyBike_forward2.0,easyBike_forward1.0,easyBike_forward1.1","easyBike_forward2.1,easyBike_forward4.1,easyBike_forward1.2","304.0,311.0,307.0,259.0","251.0,230.0,207.0",80.0,100.0,100.0,0,0
402.0,pa_2_rev,NEG_E0,4,3,0,0,NONE,NONE,NONE,NONE,0.0,0.0,0.0,4,3
402.0,pa_3,E1,4,3,4,0,"easyBike_forward4.2,easyBike_forward1.3,easyBike_forward2.3,easyBike_forward1.4",NONE,"46.0,52.0,29.0,2.0",NONE,80.0,100.0,0.0,0,3
402.0,pa_3_rev,NEG_E1,4,3,4,3,"easyBike_reverse1.2,easyBike_reverse1.0,eRickshaw_reverse1.0,easyBike_reverse1.1","eRickshaw_reverse2.0,easyBike_reverse1.4,easyBike_reverse1.3","143.0,226.0,122.0,97.0","76.0,65.0,15.0",80.0,100.0,100.0,0,0
402.0,pa_6,E5,5,3,5,0,"easyBike_forward3.4,easyBike_forward3.1,easyBike_forward3.0,easyBike_forward3.3,easyBike_forward3.2",NONE,"25.0,242.0,315.0,96.0,170.0",NONE,125.0,100.0,0.0,0,3
402.0,pa_6_rev,NEG_E5,5,3,0,0,NONE,NONE,NONE,NONE,0.0,0.0,0.0,5,3
402.0,pa_7,E6,4,2,0,0,NONE,NONE,NONE,NONE,0.0,0.0,0.0,4,2
402.0,pa_7_rev,NEG_E6,4,2,4,0,"easyBike_reverse3.5,easyBike_reverse2.5,eRickshaw_reverse3.0,easyBike_reverse4.4",NONE,"45.0,80.0,125.0,65.0",NONE,80.0,100.0,0.0,0,2
402.0,pa_8,E7,5,3,1,0,eRickshaw_forward4.0,NONE,66.0,NONE,25.0,20.0,0.0,4,3
402.0,pa_8_rev,NEG_E7,5,3,5,3,"easyBike_reverse2.1,easyBike_reverse3.0,easyBike_reverse3.1,easyBike_reverse2.0,easyBike_reverse4.1","easyBike_reverse4.0,easyBike_reverse2.3,easyBike_reverse3.3","260.0,205.0,254.0,203.0,245.0","199.0,170.0,151.0",125.0,100.0,100.0,0,0
403.0,pa_2,E0,4,3,4,3,"easyBike_forward4.0,easyBike_forward2.0,easyBike_forward1.0,easyBike_forward1.1","easyBike_forward2.1,easyBike_forward4.1,easyBike_forward1.2","305.0,312.0,308.0,260.0","252.0,231.0,208.0",80.0,100.0,100.0,0,0
403.0,pa_2_rev,NEG_E0,4,3,0,0,NONE,NONE,NONE,NONE,0.0,0.0,0.0,4,3
403.0,pa_3,E1,4,3,4,0,"easyBike_forward4.2,easyBike_forward1.3,easyBike_forward2.3,easyBike_forward1.4",NONE,"47.0,53.0,30.0,3.0",NONE,80.0,100.0,0.0,0,3
403.0,pa_3_rev,NEG_E1,4,3,4,3,"easyBike_reverse1.2,easyBike_reverse1.0,eRickshaw_reverse1.0,easyBike_reverse1.1","eRickshaw_reverse2.0,easyBike_reverse1.4,easyBike_reverse1.3","144.0,227.0,123.0,98.0","77.0,66.0,16.0",80.0,100.0,100.0,0,0
403.0,pa_6,E5,5,3,5,0,"easyBike_forward3.4,easyBike_forward3.1,easyBike_forward3.0,easyBike_forward3.3,easyBike_forward3.2",NONE,"26.0,243.0,316.0,97.0,171.0",NONE,125.0,100.0,0.0,0,3
403.0,pa_6_rev,NEG_E5,5,3,0,0,NONE,NONE,NONE,NONE,0.0,0.0,0.0,5,3
403.0,pa_7,E6,4,2,0,0,NONE,NONE,NONE,NONE,0.0,0.0,0.0,4,2
403.0,pa_7_rev,NEG_E6,4,2,4,0,"easyBike_reverse3.5,easyBike_reverse2.5,eRickshaw_reverse3.0,easyBike_reverse4.4",NONE,"46.0,81.0,126.0,66.0",NONE,80.0,100.0,0.0,0,2
403.0,pa_8,E7,5,3,1,0,eRickshaw_forward4.0,NONE,67.0,NONE,25.0,20.0,0.0,4,3
403.0,pa_8_rev,NEG_E7,5,3,5,3,"easyBike_reverse2.1,easyBike_reverse3.0,easyBike_reverse3.1,easyBike_reverse2.0,easyBike_reverse4.1","easyBike_reverse4.0,easyBike_reverse2.3,easyBike_reverse3.3","261.0,206.0,255.0,204.0,246.0","200.0,171.0,152.0",125.0,100.0,100.0,0,0
404.0,pa_2,E0,4,3,4,3,"easyBike_forward4.0,easyBike_forward2.0,easyBike_forward1.0,easyBike_forward1.1","easyBike_forward2.1,easyBike_forward4.1,easyBike_forward1.2","306.0,313.0,309.0,261.0","253.0,232.0,209.0",80.0,100.0,100.0,0,0
404.0,pa_2_rev,NEG_E0,4,3,0,0,NONE,NONE,NONE,NONE,0.0,0.0,0.0,4,3
404.0,pa_3,E1,4,3,4,0,"easyBike_forward4.2,easyBike_forward1.3,easyBike_forward2.3,easyBike_forward1.4",NONE,"48.0,54.0,31.0,4.0",NONE,80.0,100.0,0.0,0,3
404.0,pa_3_rev,NEG_E1,4,3,4,3,"easyBike_reverse1.2,easyBike_reverse1.0,eRickshaw_reverse1.0,easyBike_reverse1.1","eRickshaw_reverse2.0,easyBike_reverse1.4,easyBike_reverse1.3","145.0,228.0,124.0,99.0","78.0,67.0,17.0",80.0,100.0,100.0,0,0
404.0,pa_6,E5,5,3,5,0,"easyBike_forward3.4,easyBike_forward3.1,easyBike_forward3.0,easyBike_forward3.3,easyBike_forward3.2",NONE,"27.0,244.0,317.0,98.0,172.0",NONE,125.0,100.0,0.0,0,3
404.0,pa_6_rev,NEG_E5,5,3,0,0,NONE,NONE,NONE,NONE,0.0,0.0,0.0,5,3
404.0,pa_7,E6,4,2,0,0,NONE,NONE,NONE,NONE,0.0,0.0,0.0,4,2
404.0,pa_7_rev,NEG_E6,4,2,4,0,"easyBike_reverse3.5,easyBike_reverse2.5,eRickshaw_reverse3.0,easyBike_reverse4.4",NONE,"47.0,82.0,127.0,67.0",NONE,80.0,100.0,0.0,0,2
404.0,pa_8,E7,5,3,1,0,eRickshaw_forward4.0,NONE,68.0,NONE,25.0,20.0,0.0,4,3
404.0,pa_8_rev,NEG_E7,5,3,5,3,"easyBike_reverse2.1,easyBike_reverse3.0,easyBike_reverse3.1,easyBike_reverse2.0,easyBike_reverse4.1","easyBike_reverse4.0,easyBike_reverse2.3,easyBike_reverse3.3","262.0,207.0,256.0,205.0,247.0","201.0,172.0,153.0",125.0,100.0,100.0,0,0
405.0,pa_2,E0,4,3,4,3,"easyBike_forward4.0,easyBike_forward2.0,easyBike_forward1.0,easyBike_forward1.1","easyBike_forward2.1,easyBike_forward4.1,easyBike_forward1.2","307.0,314.0,310.0,262.0","254.0,233.0,210.0",80.0,100.0,100.0,0,0
405.0,pa_2_rev,NEG_E0,4,3,0,0,NONE,NONE,NONE,NONE,0.0,0.0,0.0,4,3
405.0,pa_3,E1,4,3,4,0,"easyBike_forward4.2,easyBike_forward1.3,easyBike_forward2.3,easyBike_forward1.4",NONE,"49.0,55.0,32.0,5.0",NONE,80.0,100.0,0.0,0,3
405.0,pa_3_rev,NEG_E1,4,3,4,3,"easyBike_reverse1.2,easyBike_reverse1.0,eRickshaw_reverse1.0,easyBike_reverse1.1","eRickshaw_reverse2.0,easyBike_reverse1.4,easyBike_reverse1.3","146.0,229.0,125.0,100.0","79.0,68.0,18.0",80.0,100.0,100.0,0,0
405.0,pa_6,E5,5,3,5,0,"easyBike_forward3.4,easyBike_forward3.1,easyBike_forward3.0,easyBike_forward3.3,easyBike_forward3.2",NONE,"28.0,245.0,318.0,99.0,173.0",NONE,125.0,100.0,0.0,0,3
405.0,pa_6_rev,NEG_E5,5,3,0,0,NONE,NONE,NONE,NONE,0.0,0.0,0.0,5,3
405.0,pa_7,E6,4,2,0,0,NONE,NONE,NONE,NONE,0.0,0.0,0.0,4,2
405.0,pa_7_rev,NEG_E6,4,2,4,1,"easyBike_reverse3.5,easyBike_reverse2.5,eRickshaw_reverse3.0,easyBike_reverse4.4",easyBike_reverse3.6,"48.0,83.0,128.0,68.0",0.0,80.0,100.0,50.0,0,1
405.0,pa_8,E7,5,3,1,0,eRickshaw_forward4.0,NONE,69.0,NONE,25.0,20.0,0.0,4,3
405.0,pa_8_rev,NEG_E7,5,3,5,3,"easyBike_reverse2.1,easyBike_reverse3.0,easyBike_reverse3.1,easyBike_reverse2.0,easyBike_reverse4.1","easyBike_reverse4.0,easyBike_reverse2.3,easyBike_reverse3.3","263.0,208.0,257.0,206.0,248.0","202.0,173.0,154.0",125.0,100.0,100.0,0,0
406.0,pa_2,E0,4,3,4,3,"easyBike_forward4.0,easyBike_forward2.0,easyBike_forward1.0,easyBike_forward1.1","easyBike_forward2.1,easyBike_forward4.1,easyBike_forward1.2","308.0,315.0,311.0,263.0","255.0,234.0,211.0",80.0,100.0,100.0,0,0
406.0,pa_2_rev,NEG_E0,4,3,0,0,NONE,NONE,NONE,NONE,0.0,0.0,0.0,4,3
406.0,pa_3,E1,4,3,4,0,"easyBike_forward4.2,easyBike_forward1.3,easyBike_forward2.3,easyBike_forward1.4",NONE,"50.0,56.0,33.0,6.0",NONE,80.0,100.0,0.0,0,3
406.0,pa_3_rev,NEG_E1,4,3,4,3,"easyBike_reverse1.2,easyBike_reverse1.0,eRickshaw_reverse1.0,easyBike_reverse1.1","eRickshaw_reverse2.0,easyBike_reverse1.4,easyBike_reverse1.3","147.0,230.0,126.0,101.0","80.0,69.0,19.0",80.0,100.0,100.0,0,0
406.0,pa_6,E5,5,3,5,0,"easyBike_forward3.4,easyBike_forward3.1,easyBike_forward3.0,easyBike_forward3.3,easyBike_forward3.2",NONE,"29.0,246.0,319.0,100.0,174.0",NONE,125.0,100.0,0.0,0,3
406.0,pa_6_rev,NEG_E5,5,3,0,0,NONE,NONE,NONE,NONE,0.0,0.0,0.0,5,3
406.0,pa_7,E6,4,2,0,0,NONE,NONE,NONE,NONE,0.0,0.0,0.0,4,2
406.0,pa_7_rev,NEG_E6,4,2,4,1,"easyBike_reverse3.5,easyBike_reverse2.5,eRickshaw_reverse3.0,easyBike_reverse4.4",easyBike_reverse3.6,"49.0,84.0,129.0,69.0",1.0,80.0,100.0,50.0,0,1
406.0,pa_8,E7,5,3,1,0,eRickshaw_forward4.0,NONE,70.0,NONE,25.0,20.0,0.0,4,3
406.0,pa_8_rev,NEG_E7,5,3,5,3,"easyBike_reverse2.1,easyBike_reverse3.0,easyBike_reverse3.1,easyBike_reverse2.0,easyBike_reverse4.1","easyBike_reverse4.0,easyBike_reverse2.3,easyBike_reverse3.3","264.0,209.0,258.0,207.0,249.0","203.0,174.0,155.0",125.0,100.0,100.0,0,0
407.0,pa_2,E0,4,3,4,3,"easyBike_forward4.0,easyBike_forward2.0,easyBike_forward1.0,easyBike_forward1.1","easyBike_forward2.1,easyBike_forward4.1,easyBike_forward1.2","309.0,316.0,312.0,264.0","256.0,235.0,212.0",80.0,100.0,100.0,0,0
407.0,pa_2_rev,NEG_E0,4,3,0,0,NONE,NONE,NONE,NONE,0.0,0.0,0.0,4,3
407.0,pa_3,E1,4,3,4,0,"easyBike_forward4.2,easyBike_forward1.3,easyBike_forward2.3,easyBike_forward1.4",NONE,"51.0,57.0,34.0,7.0",NONE,80.0,100.0,0.0,0,3
407.0,pa_3_rev,NEG_E1,4,3,4,3,"easyBike_reverse1.2,easyBike_reverse1.0,eRickshaw_reverse1.0,easyBike_reverse1.1","eRickshaw_reverse2.0,easyBike_reverse1.4,easyBike_reverse1.3","148.0,231.0,127.0,102.0","81.0,70.0,20.0",80.0,100.0,100.0,0,0
407.0,pa_6,E5,5,3,5,0,"easyBike_forward3.4,easyBike_forward3.1,easyBike_forward3.0,easyBike_forward3.3,easyBike_forward3.2",NONE,"30.0,247.0,320.0,101.0,175.0",NONE,125.0,100.0,0.0,0,3
407.0,pa_6_rev,NEG_E5,5,3,0,0,NONE,NONE,NONE,NONE,0.0,0.0,0.0,5,3
407.0,pa_7,E6,4,2,0,0,NONE,NONE,NONE,NONE,0.0,0.0,0.0,4,2
407.0,pa_7_rev,NEG_E6,4,2,4,1,"easyBike_reverse3.5,easyBike_reverse2.5,eRickshaw_reverse3.0,easyBike_reverse4.4",easyBike_reverse3.6,"50.0,85.0,130.0,70.0",2.0,80.0,100.0,50.0,0,1
407.0,pa_8,E7,5,3,1,0,eRickshaw_forward4.0,NONE,71.0,NONE,25.0,20.0,0.0,4,3
407.0,pa_8_rev,NEG_E7,5,3,5,3,"easyBike_reverse2.1,easyBike_reverse3.0,easyBike_reverse3.1,easyBike_reverse2.0,easyBike_reverse4.1","easyBike_reverse4.0,easyBike_reverse2.3,easyBike_reverse3.3","265.0,210.0,259.0,208.0,250.0","204.0,175.0,156.0",125.0,100.0,100.0,0,0
408.0,pa_2,E0,4,3,4,3,"easyBike_forward4.0,easyBike_forward2.0,easyBike_forward1.0,easyBike_forward1.1","easyBike_forward2.1,easyBike_forward4.1,easyBike_forward1.2","310.0,317.0,313.0,265.0","257.0,236.0,213.0",80.0,100.0,100.0,0,0
408.0,pa_2_rev,NEG_E0,4,3,0,0,NONE,NONE,NONE,NONE,0.0,0.0,0.0,4,3
408.0,pa_3,E1,4,3,4,0,"easyBike_forward4.2,easyBike_forward1.3,easyBike_forward2.3,easyBike_forward1.4",NONE,"52.0,58.0,35.0,8.0",NONE,80.0,100.0,0.0,0,3
408.0,pa_3_rev,NEG_E1,4,3,4,3,"easyBike_reverse1.2,easyBike_reverse1.0,eRickshaw_reverse1.0,easyBike_reverse1.1","eRickshaw_reverse2.0,easyBike_reverse1.4,easyBike_reverse1.3","149.0,232.0,128.0,103.0","82.0,71.0,21.0",80.0,100.0,100.0,0,0
408.0,pa_6,E5,5,3,5,0,"easyBike_forward3.4,easyBike_forward3.1,easyBike_forward3.0,easyBike_forward3.3,easyBike_forward3.2",NONE,"31.0,248.0,321.0,102.0,176.0",NONE,125.0,100.0,0.0,0,3
408.0,pa_6_rev,NEG_E5,5,3,0,0,NONE,NONE,NONE,NONE,0.0,0.0,0.0,5,3
408.0,pa_7,E6,4,2,0,0,NONE,NONE,NONE,NONE,0.0,0.0,0.0,4,2
408.0,pa_7_rev,NEG_E6,4,2,4,1,"easyBike_reverse3.5,easyBike_reverse2.5,eRickshaw_reverse3.0,easyBike_reverse4.4",easyBike_reverse3.6,"51.0,86.0,131.0,71.0",3.0,80.0,100.0,50.0,0,1
408.0,pa_8,E7,5,3,1,0,eRickshaw_forward4.0,NONE,72.0,NONE,25.0,20.0,0.0,4,3
408.0,pa_8_rev,NEG_E7,5,3,5,3,"easyBike_reverse2.1,easyBike_reverse3.0,easyBike_reverse3.1,easyBike_reverse2.0,easyBike_reverse4.1","easyBike_reverse4.0,easyBike_reverse2.3,easyBike_reverse3.3","266.0,211.0,260.0,209.0,251.0","205.0,176.0,157.0",125.0,100.0,100.0,0,0
409.0,pa_2,E0,4,3,4,3,"easyBike_forward4.0,easyBike_forward2.0,easyBike_forward1.0,easyBike_forward1.1","easyBike_forward2.1,easyBike_forward4.1,easyBike_forward1.2","311.0,318.0,314.0,266.0","258.0,237.0,214.0",80.0,100.0,100.0,0,0
409.0,pa_2_rev,NEG_E0,4,3,0,0,NONE,NONE,NONE,NONE,0.0,0.0,0.0,4,3
409.0,pa_3,E1,4,3,4,0,"easyBike_forward4.2,easyBike_forward1.3,easyBike_forward2.3,easyBike_forward1.4",NONE,"53.0,59.0,36.0,9.0",NONE,80.0,100.0,0.0,0,3
409.0,pa_3_rev,NEG_E1,4,3,4,3,"easyBike_reverse1.2,easyBike_reverse1.0,eRickshaw_reverse1.0,easyBike_reverse1.1","eRickshaw_reverse2.0,easyBike_reverse1.4,easyBike_reverse1.3","150.0,233.0,129.0,104.0","83.0,72.0,22.0",80.0,100.0,100.0,0,0
409.0,pa_6,E5,5,3,5,0,"easyBike_forward3.4,easyBike_forward3.1,easyBike_forward3.0,easyBike_forward3.3,easyBike_forward3.2",NONE,"32.0,249.0,322.0,103.0,177.0",NONE,125.0,100.0,0.0,0,3
409.0,pa_6_rev,NEG_E5,5,3,0,0,NONE,NONE,NONE,NONE,0.0,0.0,0.0,5,3
409.0,pa_7,E6,4,2,0,0,NONE,NONE,NONE,NONE,0.0,0.0,0.0,4,2
409.0,pa_7_rev,NEG_E6,4,2,4,1,"easyBike_reverse3.5,easyBike_reverse2.5,eRickshaw_reverse3.0,easyBike_reverse4.4",easyBike_reverse3.6,"52.0,87.0,132.0,72.0",4.0,80.0,100.0,50.0,0,1
409.0,pa_8,E7,5,3,1,0,eRickshaw_forward4.0,NONE,73.0,NONE,25.0,20.0,0.0,4,3
409.0,pa_8_rev,NEG_E7,5,3,5,3,"easyBike_reverse2.1,easyBike_reverse3.0,easyBike_reverse3.1,easyBike_reverse2.0,easyBike_reverse4.1","easyBike_reverse4.0,easyBike_reverse2.3,easyBike_reverse3.3","267.0,212.0,261.0,210.0,252.0","206.0,177.0,158.0",125.0,100.0,100.0,0,0
410.0,pa_2,E0,4,3,4,3,"easyBike_forward4.0,easyBike_forward2.0,easyBike_forward1.0,easyBike_forward1.1","easyBike_forward2.1,easyBike_forward4.1,easyBike_forward1.2","312.0,319.0,315.0,267.0","259.0,238.0,215.0",80.0,100.0,100.0,0,0
410.0,pa_2_rev,NEG_E0,4,3,0,0,NONE,NONE,NONE,NONE,0.0,0.0,0.0,4,3
410.0,pa_3,E1,4,3,4,0,"easyBike_forward4.2,easyBike_forward1.3,easyBike_forward2.3,easyBike_forward1.4",NONE,"54.0,60.0,37.0,10.0",NONE,80.0,100.0,0.0,0,3
410.0,pa_3_rev,NEG_E1,4,3,4,3,"easyBike_reverse1.2,easyBike_reverse1.0,eRickshaw_reverse1.0,easyBike_reverse1.1","eRickshaw_reverse2.0,easyBike_reverse1.4,easyBike_reverse1.3","151.0,234.0,130.0,105.0","84.0,73.0,23.0",80.0,100.0,100.0,0,0
410.0,pa_6,E5,5,3,5,0,"easyBike_forward3.4,easyBike_forward3.1,easyBike_forward3.0,easyBike_forward3.3,easyBike_forward3.2",NONE,"33.0,250.0,323.0,104.0,178.0",NONE,125.0,100.0,0.0,0,3
410.0,pa_6_rev,NEG_E5,5,3,0,0,NONE,NONE,NONE,NONE,0.0,0.0,0.0,5,3
410.0,pa_7,E6,4,2,0,0,NONE,NONE,NONE,NONE,0.0,0.0,0.0,4,2
410.0,pa_7_rev,NEG_E6,4,2,4,1,"easyBike_reverse3.5,easyBike_reverse2.5,eRickshaw_reverse3.0,easyBike_reverse4.4",easyBike_reverse3.6,"53.0,88.0,133.0,73.0",5.0,80.0,100.0,50.0,0,1
410.0,pa_8,E7,5,3,1,0,eRickshaw_forward4.0,NONE,74.0,NONE,25.0,20.0,0.0,4,3
410.0,pa_8_rev,NEG_E7,5,3,5,3,"easyBike_reverse2.1,easyBike_reverse3.0,easyBike_reverse3.1,easyBike_reverse2.0,easyBike_reverse4.1","easyBike_reverse4.0,easyBike_reverse2.3,easyBike_reverse3.3","268.0,213.0,262.0,211.0,253.0","207.0,178.0,159.0",125.0,100.0,100.0,0,0
411.0,pa_2,E0,4,3,4,3,"easyBike_forward4.0,easyBike_forward2.0,easyBike_forward1.0,easyBike_forward1.1","easyBike_forward2.1,easyBike_forward4.1,easyBike_forward1.2","313.0,320.0,316.0,268.0","260.0,239.0,216.0",80.0,100.0,100.0,0,0
411.0,pa_2_rev,NEG_E0,4,3,0,0,NONE,NONE,NONE,NONE,0.0,0.0,0.0,4,3
411.0,pa_3,E1,4,3,4,0,"easyBike_forward4.2,easyBike_forward1.3,easyBike_forward2.3,easyBike_forward1.4",NONE,"55.0,61.0,38.0,11.0",NONE,80.0,100.0,0.0,0,3
411.0,pa_3_rev,NEG_E1,4,3,4,3,"easyBike_reverse1.2,easyBike_reverse1.0,eRickshaw_reverse1.0,easyBike_reverse1.1","eRickshaw_reverse2.0,easyBike_reverse1.4,easyBike_reverse1.3","152.0,235.0,131.0,106.0","85.0,74.0,24.0",80.0,100.0,100.0,0,0
411.0,pa_6,E5,5,3,5,0,"easyBike_forward3.4,easyBike_forward3.1,easyBike_forward3.0,easyBike_forward3.3,easyBike_forward3.2",NONE,"34.0,251.0,324.0,105.0,179.0",NONE,125.0,100.0,0.0,0,3
411.0,pa_6_rev,NEG_E5,5,3,0,0,NONE,NONE,NONE,NONE,0.0,0.0,0.0,5,3
411.0,pa_7,E6,4,2,0,0,NONE,NONE,NONE,NONE,0.0,0.0,0.0,4,2
411.0,pa_7_rev,NEG_E6,4,2,4,1,"easyBike_reverse3.5,easyBike_reverse2.5,eRickshaw_reverse3.0,easyBike_reverse4.4",easyBike_reverse3.6,"54.0,89.0,134.0,74.0",6.0,80.0,100.0,50.0,0,1
411.0,pa_8,E7,5,3,1,0,eRickshaw_forward4.0,NONE,75.0,NONE,25.0,20.0,0.0,4,3
411.0,pa_8_rev,NEG_E7,5,3,5,3,"easyBike_reverse2.1,easyBike_reverse3.0,easyBike_reverse3.1,easyBike_reverse2.0,easyBike_reverse4.1","easyBike_reverse4.0,easyBike_reverse2.3,easyBike_reverse3.3","269.0,214.0,263.0,212.0,254.0","208.0,179.0,160.0",125.0,100.0,100.0,0,0
412.0,pa_2,E0,4,3,4,3,"easyBike_forward4.0,easyBike_forward2.0,easyBike_forward1.0,easyBike_forward1.1","easyBike_forward2.1,easyBike_forward4.1,easyBike_forward1.2","314.0,321.0,317.0,269.0","261.0,240.0,217.0",80.0,100.0,100.0,0,0
412.0,pa_2_rev,NEG_E0,4,3,0,0,NONE,NONE,NONE,NONE,0.0,0.0,0.0,4,3
412.0,pa_3,E1,4,3,4,0,"easyBike_forward4.2,easyBike_forward1.3,easyBike_forward2.3,easyBike_forward1.4",NONE,"56.0,62.0,39.0,12.0",NONE,80.0,100.0,0.0,0,3
412.0,pa_3_rev,NEG_E1,4,3,4,3,"easyBike_reverse1.2,easyBike_reverse1.0,eRickshaw_reverse1.0,easyBike_reverse1.1","eRickshaw_reverse2.0,easyBike_reverse1.4,easyBike_reverse1.3","153.0,236.0,132.0,107.0","86.0,75.0,25.0",80.0,100.0,100.0,0,0
412.0,pa_6,E5,5,3,5,0,"easyBike_forward3.4,easyBike_forward3.1,easyBike_forward3.0,easyBike_forward3.3,easyBike_forward3.2",NONE,"35.0,252.0,325.0,106.0,180.0",NONE,125.0,100.0,0.0,0,3
412.0,pa_6_rev,NEG_E5,5,3,0,0,NONE,NONE,NONE,NONE,0.0,0.0,0.0,5,3
412.0,pa_7,E6,4,2,0,0,NONE,NONE,NONE,NONE,0.0,0.0,0.0,4,2
412.0,pa_7_rev,NEG_E6,4,2,4,1,"easyBike_reverse3.5,easyBike_reverse2.5,eRickshaw_reverse3.0,easyBike_reverse4.4",easyBike_reverse3.6,"55.0,90.0,135.0,75.0",7.0,80.0,100.0,50.0,0,1
412.0,pa_8,E7,5,3,1,0,eRickshaw_forward4.0,NONE,76.0,NONE,25.0,20.0,0.0,4,3
412.0,pa_8_rev,NEG_E7,5,3,5,3,"easyBike_reverse2.1,easyBike_reverse3.0,easyBike_reverse3.1,easyBike_reverse2.0,easyBike_reverse4.1","easyBike_reverse4.0,easyBike_reverse2.3,easyBike_reverse3.3","270.0,215.0,264.0,213.0,255.0","209.0,180.0,161.0",125.0,100.0,100.0,0,0
413.0,pa_2,E0,4,3,4,3,"easyBike_forward4.0,easyBike_forward2.0,easyBike_forward1.0,easyBike_forward1.1","easyBike_forward2.1,easyBike_forward4.1,easyBike_forward1.2","315.0,322.0,318.0,270.0","262.0,241.0,218.0",80.0,100.0,100.0,0,0
413.0,pa_2_rev,NEG_E0,4,3,0,0,NONE,NONE,NONE,NONE,0.0,0.0,0.0,4,3
413.0,pa_3,E1,4,3,4,0,"easyBike_forward4.2,easyBike_forward1.3,easyBike_forward2.3,easyBike_forward1.4",NONE,"57.0,63.0,40.0,13.0",NONE,80.0,100.0,0.0,0,3
413.0,pa_3_rev,NEG_E1,4,3,4,3,"easyBike_reverse1.2,easyBike_reverse1.0,eRickshaw_reverse1.0,easyBike_reverse1.1","eRickshaw_reverse2.0,easyBike_reverse1.4,easyBike_reverse1.3","154.0,237.0,133.0,108.0","87.0,76.0,26.0",80.0,100.0,100.0,0,0
413.0,pa_6,E5,5,3,5,0,"easyBike_forward3.4,easyBike_forward3.1,easyBike_forward3.0,easyBike_forward3.3,easyBike_forward3.2",NONE,"36.0,253.0,326.0,107.0,181.0",NONE,125.0,100.0,0.0,0,3
413.0,pa_6_rev,NEG_E5,5,3,1,0,eRickshaw_reverse3.1,NONE,0.0,NONE,25.0,20.0,0.0,4,3
413.0,pa_7,E6,4,2,0,0,NONE,NONE,NONE,NONE,0.0,0.0,0.0,4,2
413.0,pa_7_rev,NEG_E6,4,2,4,1,"easyBike_reverse3.5,easyBike_reverse2.5,eRickshaw_reverse3.0,easyBike_reverse4.4",easyBike_reverse3.6,"56.0,91.0,136.0,76.0",8.0,80.0,100.0,50.0,0,1
413.0,pa_8,E7,5,3,1,0,eRickshaw_forward4.0,NONE,77.0,NONE,25.0,20.0,0.0,4,3
413.0,pa_8_rev,NEG_E7,5,3,5,3,"easyBike_reverse2.1,easyBike_reverse3.0,easyBike_reverse3.1,easyBike_reverse2.0,easyBike_reverse4.1","easyBike_reverse4.0,easyBike_reverse2.3,easyBike_reverse3.3","271.0,216.0,265.0,214.0,256.0","210.0,181.0,162.0",125.0,100.0,100.0,0,0
414.0,pa_2,E0,4,3,4,3,"easyBike_forward4.0,easyBike_forward2.0,easyBike_forward1.0,easyBike_forward1.1","easyBike_forward2.1,easyBike_forward4.1,easyBike_forward1.2","316.0,323.0,319.0,271.0","263.0,242.0,219.0",80.0,100.0,100.0,0,0
414.0,pa_2_rev,NEG_E0,4,3,0,0,NONE,NONE,NONE,NONE,0.0,0.0,0.0,4,3
414.0,pa_3,E1,4,3,4,0,"easyBike_forward4.2,easyBike_forward1.3,easyBike_forward2.3,easyBike_forward1.4",NONE,"58.0,64.0,41.0,14.0",NONE,80.0,100.0,0.0,0,3
414.0,pa_3_rev,NEG_E1,4,3,4,3,"easyBike_reverse1.2,easyBike_reverse1.0,eRickshaw_reverse1.0,easyBike_reverse1.1","eRickshaw_reverse2.0,easyBike_reverse1.4,easyBike_reverse1.3","155.0,238.0,134.0,109.0","88.0,77.0,27.0",80.0,100.0,100.0,0,0
414.0,pa_6,E5,5,3,5,0,"easyBike_forward3.4,easyBike_forward3.1,easyBike_forward3.0,easyBike_forward3.3,easyBike_forward3.2",NONE,"37.0,254.0,327.0,108.0,182.0",NONE,125.0,100.0,0.0,0,3
414.0,pa_6_rev,NEG_E5,5,3,1,0,eRickshaw_reverse3.1,NONE,1.0,NONE,25.0,20.0,0.0,4,3
414.0,pa_7,E6,4,2,0,0,NONE,NONE,NONE,NONE,0.0,0.0,0.0,4,2
414.0,pa_7_rev,NEG_E6,4,2,4,1,"easyBike_reverse3.5,easyBike_reverse2.5,eRickshaw_reverse3.0,easyBike_reverse4.4",easyBike_reverse3.6,"57.0,92.0,137.0,77.0",9.0,80.0,100.0,50.0,0,1
414.0,pa_8,E7,5,3,1,0,eRickshaw_forward4.0,NONE,78.0,NONE,25.0,20.0,0.0,4,3
414.0,pa_8_rev,NEG_E7,5,3,5,3,"easyBike_reverse2.1,easyBike_reverse3.0,easyBike_reverse3.1,easyBike_reverse2.0,easyBike_reverse4.1","easyBike_reverse4.0,easyBike_reverse2.3,easyBike_reverse3.3","272.0,217.0,266.0,215.0,257.0","211.0,182.0,163.0",125.0,100.0,100.0,0,0
415.0,pa_2,E0,4,3,4,3,"easyBike_forward4.0,easyBike_forward2.0,easyBike_forward1.0,easyBike_forward1.1","easyBike_forward2.1,easyBike_forward4.1,easyBike_forward1.2","317.0,324.0,320.0,272.0","264.0,243.0,220.0",80.0,100.0,100.0,0,0
415.0,pa_2_rev,NEG_E0,4,3,0,0,NONE,NONE,NONE,NONE,0.0,0.0,0.0,4,3
415.0,pa_3,E1,4,3,4,0,"easyBike_forward4.2,easyBike_forward1.3,easyBike_forward2.3,easyBike_forward1.4",NONE,"59.0,65.0,42.0,15.0",NONE,80.0,100.0,0.0,0,3
415.0,pa_3_rev,NEG_E1,4,3,4,3,"easyBike_reverse1.2,easyBike_reverse1.0,eRickshaw_reverse1.0,easyBike_reverse1.1","eRickshaw_reverse2.0,easyBike_reverse1.4,easyBike_reverse1.3","156.0,239.0,135.0,110.0","89.0,78.0,28.0",80.0,100.0,100.0,0,0
415.0,pa_6,E5,5,3,5,0,"easyBike_forward3.4,easyBike_forward3.1,easyBike_forward3.0,easyBike_forward3.3,easyBike_forward3.2",NONE,"38.0,255.0,328.0,109.0,183.0",NONE,125.0,100.0,0.0,0,3
415.0,pa_6_rev,NEG_E5,5,3,1,0,eRickshaw_reverse3.1,NONE,2.0,NONE,25.0,20.0,0.0,4,3
415.0,pa_7,E6,4,2,0,0,NONE,NONE,NONE,NONE,0.0,0.0,0.0,4,2
415.0,pa_7_rev,NEG_E6,4,2,4,2,"easyBike_reverse3.5,easyBike_reverse2.5,eRickshaw_reverse3.0,easyBike_reverse4.4","easyBike_reverse3.6,easyBike_reverse2.7","58.0,93.0,138.0,78.0","10.0,0.0",80.0,100.0,100.0,0,0
415.0,pa_8,E7,5,3,1,0,eRickshaw_forward4.0,NONE,79.0,NONE,25.0,20.0,0.0,4,3
415.0,pa_8_rev,NEG_E7,5,3,5,3,"easyBike_reverse2.1,easyBike_reverse3.0,easyBike_reverse3.1,easyBike_reverse2.0,easyBike_reverse4.1","easyBike_reverse4.0,easyBike_reverse2.3,easyBike_reverse3.3","273.0,218.0,267.0,216.0,258.0","212.0,183.0,164.0",125.0,100.0,100.0,0,0
416.0,pa_2,E0,4,3,4,3,"easyBike_forward4.0,easyBike_forward2.0,easyBike_forward1.0,easyBike_forward1.1","easyBike_forward2.1,easyBike_forward4.1,easyBike_forward1.2","318.0,325.0,321.0,273.0","265.0,244.0,221.0",80.0,100.0,100.0,0,0
416.0,pa_2_rev,NEG_E0,4,3,0,0,NONE,NONE,NONE,NONE,0.0,0.0,0.0,4,3
416.0,pa_3,E1,4,3,4,0,"easyBike_forward4.2,easyBike_forward1.3,easyBike_forward2.3,easyBike_forward1.4",NONE,"60.0,66.0,43.0,16.0",NONE,80.0,100.0,0.0,0,3
416.0,pa_3_rev,NEG_E1,4,3,4,3,"easyBike_reverse1.2,easyBike_reverse1.0,eRickshaw_reverse1.0,easyBike_reverse1.1","eRickshaw_reverse2.0,easyBike_reverse1.4,easyBike_reverse1.3","157.0,240.0,136.0,111.0","90.0,79.0,29.0",80.0,100.0,100.0,0,0
416.0,pa_6,E5,5,3,5,0,"easyBike_forward3.4,easyBike_forward3.1,easyBike_forward3.0,easyBike_forward3.3,easyBike_forward3.2",NONE,"39.0,256.0,329.0,110.0,184.0",NONE,125.0,100.0,0.0,0,3
416.0,pa_6_rev,NEG_E5,5,3,1,0,eRickshaw_reverse3.1,NONE,3.0,NONE,25.0,20.0,0.0,4,3
416.0,pa_7,E6,4,2,0,0,NONE,NONE,NONE,NONE,0.0,0.0,0.0,4,2
416.0,pa_7_rev,NEG_E6,4,2,4,2,"easyBike_reverse3.5,easyBike_reverse2.5,eRickshaw_reverse3.0,easyBike_reverse4.4","easyBike_reverse3.6,easyBike_reverse2.7","59.0,94.0,139.0,79.0","11.0,1.0",80.0,100.0,100.0,0,0
416.0,pa_8,E7,5,3,1,0,eRickshaw_forward4.0,NONE,80.0,NONE,25.0,20.0,0.0,4,3
416.0,pa_8_rev,NEG_E7,5,3,5,3,"easyBike_reverse2.1,easyBike_reverse3.0,easyBike_reverse3.1,easyBike_reverse2.0,easyBike_reverse4.1","easyBike_reverse4.0,easyBike_reverse2.3,easyBike_reverse3.3","274.0,219.0,268.0,217.0,259.0","213.0,184.0,165.0",125.0,100.0,100.0,0,0
417.0,pa_2,E0,4,3,4,3,"easyBike_forward4.0,easyBike_forward2.0,easyBike_forward1.0,easyBike_forward1.1","easyBike_forward2.1,easyBike_forward4.1,easyBike_forward1.2","319.0,326.0,322.0,274.0","266.0,245.0,222.0",80.0,100.0,100.0,0,0
417.0,pa_2_rev,NEG_E0,4,3,0,0,NONE,NONE,NONE,NONE,0.0,0.0,0.0,4,3
417.0,pa_3,E1,4,3,4,0,"easyBike_forward4.2,easyBike_forward1.3,easyBike_forward2.3,easyBike_forward1.4",NONE,"61.0,67.0,44.0,17.0",NONE,80.0,100.0,0.0,0,3
417.0,pa_3_rev,NEG_E1,4,3,4,3,"easyBike_reverse1.2,easyBike_reverse1.0,eRickshaw_reverse1.0,easyBike_reverse1.1","eRickshaw_reverse2.0,easyBike_reverse1.4,easyBike_reverse1.3","158.0,241.0,137.0,112.0","91.0,80.0,30.0",80.0,100.0,100.0,0,0
417.0,pa_6,E5,5,3,5,0,"easyBike_forward3.4,easyBike_forward3.1,easyBike_forward3.0,easyBike_forward3.3,easyBike_forward3.2",NONE,"40.0,257.0,330.0,111.0,185.0",NONE,125.0,100.0,0.0,0,3
417.0,pa_6_rev,NEG_E5,5,3,1,0,eRickshaw_reverse3.1,NONE,4.0,NONE,25.0,20.0,0.0,4,3
417.0,pa_7,E6,4,2,0,0,NONE,NONE,NONE,NONE,0.0,0.0,0.0,4,2
417.0,pa_7_rev,NEG_E6,4,2,4,2,"easyBike_reverse3.5,easyBike_reverse2.5,eRickshaw_reverse3.0,easyBike_reverse4.4","easyBike_reverse3.6,easyBike_reverse2.7","60.0,95.0,140.0,80.0","12.0,2.0",80.0,100.0,100.0,0,0
417.0,pa_8,E7,5,3,1,0,eRickshaw_forward4.0,NONE,81.0,NONE,25.0,20.0,0.0,4,3
417.0,pa_8_rev,NEG_E7,5,3,5,3,"easyBike_reverse2.1,easyBike_reverse3.0,easyBike_reverse3.1,easyBike_reverse2.0,easyBike_reverse4.1","easyBike_reverse4.0,easyBike_reverse2.3,easyBike_reverse3.3","275.0,220.0,269.0,218.0,260.0","214.0,185.0,166.0",125.0,100.0,100.0,0,0
418.0,pa_2,E0,4,3,4,3,"easyBike_forward4.0,easyBike_forward2.0,easyBike_forward1.0,easyBike_forward1.1","easyBike_forward2.1,easyBike_forward4.1,easyBike_forward1.2","320.0,327.0,323.0,275.0","267.0,246.0,223.0",80.0,100.0,100.0,0,0
418.0,pa_2_rev,NEG_E0,4,3,0,0,NONE,NONE,NONE,NONE,0.0,0.0,0.0,4,3
418.0,pa_3,E1,4,3,4,0,"easyBike_forward4.2,easyBike_forward1.3,easyBike_forward2.3,easyBike_forward1.4",NONE,"62.0,68.0,45.0,18.0",NONE,80.0,100.0,0.0,0,3
418.0,pa_3_rev,NEG_E1,4,3,4,3,"easyBike_reverse1.2,easyBike_reverse1.0,eRickshaw_reverse1.0,easyBike_reverse1.1","eRickshaw_reverse2.0,easyBike_reverse1.4,easyBike_reverse1.3","159.0,242.0,138.0,113.0","92.0,81.0,31.0",80.0,100.0,100.0,0,0
418.0,pa_6,E5,5,3,5,0,"easyBike_forward3.4,easyBike_forward3.1,easyBike_forward3.0,easyBike_forward3.3,easyBike_forward3.2",NONE,"41.0,258.0,331.0,112.0,186.0",NONE,125.0,100.0,0.0,0,3
418.0,pa_6_rev,NEG_E5,5,3,1,0,eRickshaw_reverse3.1,NONE,5.0,NONE,25.0,20.0,0.0,4,3
418.0,pa_7,E6,4,2,0,0,NONE,NONE,NONE,NONE,0.0,0.0,0.0,4,2
418.0,pa_7_rev,NEG_E6,4,2,4,2,"easyBike_reverse3.5,easyBike_reverse2.5,eRickshaw_reverse3.0,easyBike_reverse4.4","easyBike_reverse3.6,easyBike_reverse2.7","61.0,96.0,141.0,81.0","13.0,3.0",80.0,100.0,100.0,0,0
418.0,pa_8,E7,5,3,1,0,eRickshaw_forward4.0,NONE,82.0,NONE,25.0,20.0,0.0,4,3
418.0,pa_8_rev,NEG_E7,5,3,5,3,"easyBike_reverse2.1,easyBike_reverse3.0,easyBike_reverse3.1,easyBike_reverse2.0,easyBike_reverse4.1","easyBike_reverse4.0,easyBike_reverse2.3,easyBike_reverse3.3","276.0,221.0,270.0,219.0,261.0","215.0,186.0,167.0",125.0,100.0,100.0,0,0
419.0,pa_2,E0,4,3,4,3,"easyBike_forward4.0,easyBike_forward2.0,easyBike_forward1.0,easyBike_forward1.1","easyBike_forward2.1,easyBike_forward4.1,easyBike_forward1.2","321.0,328.0,324.0,276.0","268.0,247.0,224.0",80.0,100.0,100.0,0,0
419.0,pa_2_rev,NEG_E0,4,3,0,0,NONE,NONE,NONE,NONE,0.0,0.0,0.0,4,3
419.0,pa_3,E1,4,3,4,0,"easyBike_forward4.2,easyBike_forward1.3,easyBike_forward2.3,easyBike_forward1.4",NONE,"63.0,69.0,46.0,19.0",NONE,80.0,100.0,0.0,0,3
419.0,pa_3_rev,NEG_E1,4,3,4,3,"easyBike_reverse1.2,easyBike_reverse1.0,eRickshaw_reverse1.0,easyBike_reverse1.1","eRickshaw_reverse2.0,easyBike_reverse1.4,easyBike_reverse1.3","160.0,243.0,139.0,114.0","93.0,82.0,32.0",80.0,100.0,100.0,0,0
419.0,pa_6,E5,5,3,5,0,"easyBike_forward3.4,easyBike_forward3.1,easyBike_forward3.0,easyBike_forward3.3,easyBike_forward3.2",NONE,"42.0,259.0,332.0,113.0,187.0",NONE,125.0,100.0,0.0,0,3
419.0,pa_6_rev,NEG_E5,5,3,1,0,eRickshaw_reverse3.1,NONE,6.0,NONE,25.0,20.0,0.0,4,3
419.0,pa_7,E6,4,2,0,0,NONE,NONE,NONE,NONE,0.0,0.0,0.0,4,2
419.0,pa_7_rev,NEG_E6,4,2,4,2,"easyBike_reverse3.5,easyBike_reverse2.5,eRickshaw_reverse3.0,easyBike_reverse4.4","easyBike_reverse3.6,easyBike_reverse2.7","62.0,97.0,142.0,82.0","14.0,4.0",80.0,100.0,100.0,0,0
419.0,pa_8,E7,5,3,1,0,eRickshaw_forward4.0,NONE,83.0,NONE,25.0,20.0,0.0,4,3
419.0,pa_8_rev,NEG_E7,5,3,5,3,"easyBike_reverse2.1,easyBike_reverse3.0,easyBike_reverse3.1,easyBike_reverse2.0,easyBike_reverse4.1","easyBike_reverse4.0,easyBike_reverse2.3,easyBike_reverse3.3","277.0,222.0,271.0,220.0,262.0","216.0,187.0,168.0",125.0,100.0,100.0,0,0
420.0,pa_2,E0,4,3,4,3,"easyBike_forward4.0,easyBike_forward2.0,easyBike_forward1.0,easyBike_forward1.1","easyBike_forward2.1,easyBike_forward4.1,easyBike_forward1.2","322.0,329.0,325.0,277.0","269.0,248.0,225.0",80.0,100.0,100.0,0,0
420.0,pa_2_rev,NEG_E0,4,3,0,0,NONE,NONE,NONE,NONE,0.0,0.0,0.0,4,3
420.0,pa_3,E1,4,3,4,0,"easyBike_forward4.2,easyBike_forward1.3,easyBike_forward2.3,easyBike_forward1.4",NONE,"64.0,70.0,47.0,20.0",NONE,80.0,100.0,0.0,0,3
420.0,pa_3_rev,NEG_E1,4,3,4,3,"easyBike_reverse1.2,easyBike_reverse1.0,eRickshaw_reverse1.0,easyBike_reverse1.1","eRickshaw_reverse2.0,easyBike_reverse1.4,easyBike_reverse1.3","161.0,244.0,140.0,115.0","94.0,83.0,33.0",80.0,100.0,100.0,0,0
420.0,pa_6,E5,5,3,5,0,"easyBike_forward3.4,easyBike_forward3.1,easyBike_forward3.0,easyBike_forward3.3,easyBike_forward3.2",NONE,"43.0,260.0,333.0,114.0,188.0",NONE,125.0,100.0,0.0,0,3
420.0,pa_6_rev,NEG_E5,5,3,1,0,eRickshaw_reverse3.1,NONE,7.0,NONE,25.0,20.0,0.0,4,3
420.0,pa_7,E6,4,2,0,0,NONE,NONE,NONE,NONE,0.0,0.0,0.0,4,2
420.0,pa_7_rev,NEG_E6,4,2,4,2,"easyBike_reverse3.5,easyBike_reverse2.5,eRickshaw_reverse3.0,easyBike_reverse4.4","easyBike_reverse3.6,easyBike_reverse2.7","63.0,98.0,143.0,83.0","15.0,5.0",80.0,100.0,100.0,0,0
420.0,pa_8,E7,5,3,1,0,eRickshaw_forward4.0,NONE,84.0,NONE,25.0,20.0,0.0,4,3
420.0,pa_8_rev,NEG_E7,5,3,5,3,"easyBike_reverse2.1,easyBike_reverse3.0,easyBike_reverse3.1,easyBike_reverse2.0,easyBike_reverse4.1","easyBike_reverse4.0,easyBike_reverse2.3,easyBike_reverse3.3","278.0,223.0,272.0,221.0,263.0","217.0,188.0,169.0",125.0,100.0,100.0,0,0
421.0,pa_2,E0,4,3,4,3,"easyBike_forward4.0,easyBike_forward2.0,easyBike_forward1.0,easyBike_forward1.1","easyBike_forward2.1,easyBike_forward4.1,easyBike_forward1.2","323.0,330.0,326.0,278.0","270.0,249.0,226.0",80.0,100.0,100.0,0,0
421.0,pa_2_rev,NEG_E0,4,3,0,0,NONE,NONE,NONE,NONE,0.0,0.0,0.0,4,3
421.0,pa_3,E1,4,3,4,0,"easyBike_forward4.2,easyBike_forward1.3,easyBike_forward2.3,easyBike_forward1.4",NONE,"65.0,71.0,48.0,21.0",NONE,80.0,100.0,0.0,0,3
421.0,pa_3_rev,NEG_E1,4,3,4,3,"easyBike_reverse1.2,easyBike_reverse1.0,eRickshaw_reverse1.0,easyBike_reverse1.1","eRickshaw_reverse2.0,easyBike_reverse1.4,easyBike_reverse1.3","162.0,245.0,141.0,116.0","95.0,84.0,34.0",80.0,100.0,100.0,0,0
421.0,pa_6,E5,5,3,5,0,"easyBike_forward3.4,easyBike_forward3.1,easyBike_forward3.0,easyBike_forward3.3,easyBike_forward3.2",NONE,"44.0,261.0,334.0,115.0,189.0",NONE,125.0,100.0,0.0,0,3
421.0,pa_6_rev,NEG_E5,5,3,1,0,eRickshaw_reverse3.1,NONE,8.0,NONE,25.0,20.0,0.0,4,3
421.0,pa_7,E6,4,2,0,0,NONE,NONE,NONE,NONE,0.0,0.0,0.0,4,2
421.0,pa_7_rev,NEG_E6,4,2,4,2,"easyBike_reverse3.5,easyBike_reverse2.5,eRickshaw_reverse3.0,easyBike_reverse4.4","easyBike_reverse3.6,easyBike_reverse2.7","64.0,99.0,144.0,84.0","16.0,6.0",80.0,100.0,100.0,0,0
421.0,pa_8,E7,5,3,1,0,eRickshaw_forward4.0,NONE,85.0,NONE,25.0,20.0,0.0,4,3
421.0,pa_8_rev,NEG_E7,5,3,5,3,"easyBike_reverse2.1,easyBike_reverse3.0,easyBike_reverse3.1,easyBike_reverse2.0,easyBike_reverse4.1","easyBike_reverse4.0,easyBike_reverse2.3,easyBike_reverse3.3","279.0,224.0,273.0,222.0,264.0","218.0,189.0,170.0",125.0,100.0,100.0,0,0
422.0,pa_2,E0,4,3,4,3,"easyBike_forward4.0,easyBike_forward2.0,easyBike_forward1.0,easyBike_forward1.1","easyBike_forward2.1,easyBike_forward4.1,easyBike_forward1.2","324.0,331.0,327.0,279.0","271.0,250.0,227.0",80.0,100.0,100.0,0,0
422.0,pa_2_rev,NEG_E0,4,3,0,0,NONE,NONE,NONE,NONE,0.0,0.0,0.0,4,3
422.0,pa_3,E1,4,3,4,0,"easyBike_forward4.2,easyBike_forward1.3,easyBike_forward2.3,easyBike_forward1.4",NONE,"66.0,72.0,49.0,22.0",NONE,80.0,100.0,0.0,0,3
422.0,pa_3_rev,NEG_E1,4,3,4,3,"easyBike_reverse1.2,easyBike_reverse1.0,eRickshaw_reverse1.0,easyBike_reverse1.1","eRickshaw_reverse2.0,easyBike_reverse1.4,easyBike_reverse1.3","163.0,246.0,142.0,117.0","96.0,85.0,35.0",80.0,100.0,100.0,0,0
422.0,pa_6,E5,5,3,5,0,"easyBike_forward3.4,easyBike_forward3.1,easyBike_forward3.0,easyBike_forward3.3,easyBike_forward3.2",NONE,"45.0,262.0,335.0,116.0,190.0",NONE,125.0,100.0,0.0,0,3
422.0,pa_6_rev,NEG_E5,5,3,1,0,eRickshaw_reverse3.1,NONE,9.0,NONE,25.0,20.0,0.0,4,3
422.0,pa_7,E6,4,2,0,0,NONE,NONE,NONE,NONE,0.0,0.0,0.0,4,2
422.0,pa_7_rev,NEG_E6,4,2,4,2,"easyBike_reverse3.5,easyBike_reverse2.5,eRickshaw_reverse3.0,easyBike_reverse4.4","easyBike_reverse3.6,easyBike_reverse2.7","65.0,100.0,145.0,85.0","17.0,7.0",80.0,100.0,100.0,0,0
422.0,pa_8,E7,5,3,1,0,eRickshaw_forward4.0,NONE,86.0,NONE,25.0,20.0,0.0,4,3
422.0,pa_8_rev,NEG_E7,5,3,5,3,"easyBike_reverse2.1,easyBike_reverse3.0,easyBike_reverse3.1,easyBike_reverse2.0,easyBike_reverse4.1","easyBike_reverse4.0,easyBike_reverse2.3,easyBike_reverse3.3","280.0,225.0,274.0,223.0,265.0","219.0,190.0,171.0",125.0,100.0,100.0,0,0
423.0,pa_2,E0,4,3,4,3,"easyBike_forward4.0,easyBike_forward2.0,easyBike_forward1.0,easyBike_forward1.1","easyBike_forward2.1,easyBike_forward4.1,easyBike_forward1.2","325.0,332.0,328.0,280.0","272.0,251.0,228.0",80.0,100.0,100.0,0,0
423.0,pa_2_rev,NEG_E0,4,3,0,0,NONE,NONE,NONE,NONE,0.0,0.0,0.0,4,3
423.0,pa_3,E1,4,3,4,0,"easyBike_forward4.2,easyBike_forward1.3,easyBike_forward2.3,easyBike_forward1.4",NONE,"67.0,73.0,50.0,23.0",NONE,80.0,100.0,0.0,0,3
423.0,pa_3_rev,NEG_E1,4,3,4,3,"easyBike_reverse1.2,easyBike_reverse1.0,eRickshaw_reverse1.0,easyBike_reverse1.1","eRickshaw_reverse2.0,easyBike_reverse1.4,easyBike_reverse1.3","164.0,247.0,143.0,118.0","97.0,86.0,36.0",80.0,100.0,100.0,0,0
423.0,pa_6,E5,5,3,5,0,"easyBike_forward3.4,easyBike_forward3.1,easyBike_forward3.0,easyBike_forward3.3,easyBike_forward3.2",NONE,"46.0,263.0,336.0,117.0,191.0",NONE,125.0,100.0,0.0,0,3
423.0,pa_6_rev,NEG_E5,5,3,1,0,eRickshaw_reverse3.1,NONE,10.0,NONE,25.0,20.0,0.0,4,3
423.0,pa_7,E6,4,2,0,0,NONE,NONE,NONE,NONE,0.0,0.0,0.0,4,2
423.0,pa_7_rev,NEG_E6,4,2,4,2,"easyBike_reverse3.5,easyBike_reverse2.5,eRickshaw_reverse3.0,easyBike_reverse4.4","easyBike_reverse3.6,easyBike_reverse2.7","66.0,101.0,146.0,86.0","18.0,8.0",80.0,100.0,100.0,0,0
423.0,pa_8,E7,5,3,1,0,eRickshaw_forward4.0,NONE,87.0,NONE,25.0,20.0,0.0,4,3
423.0,pa_8_rev,NEG_E7,5,3,5,3,"easyBike_reverse2.1,easyBike_reverse3.0,easyBike_reverse3.1,easyBike_reverse2.0,easyBike_reverse4.1","easyBike_reverse4.0,easyBike_reverse2.3,easyBike_reverse3.3","281.0,226.0,275.0,224.0,266.0","220.0,191.0,172.0",125.0,100.0,100.0,0,0
424.0,pa_2,E0,4,3,4,3,"easyBike_forward4.0,easyBike_forward2.0,easyBike_forward1.0,easyBike_forward1.1","easyBike_forward2.1,easyBike_forward4.1,easyBike_forward1.2","326.0,333.0,329.0,281.0","273.0,252.0,229.0",80.0,100.0,100.0,0,0
424.0,pa_2_rev,NEG_E0,4,3,0,0,NONE,NONE,NONE,NONE,0.0,0.0,0.0,4,3
424.0,pa_3,E1,4,3,4,0,"easyBike_forward4.2,easyBike_forward1.3,easyBike_forward2.3,easyBike_forward1.4",NONE,"68.0,74.0,51.0,24.0",NONE,80.0,100.0,0.0,0,3
424.0,pa_3_rev,NEG_E1,4,3,4,3,"easyBike_reverse1.2,easyBike_reverse1.0,eRickshaw_reverse1.0,easyBike_reverse1.1","eRickshaw_reverse2.0,easyBike_reverse1.4,easyBike_reverse1.3","165.0,248.0,144.0,119.0","98.0,87.0,37.0",80.0,100.0,100.0,0,0
424.0,pa_6,E5,5,3,5,0,"easyBike_forward3.4,easyBike_forward3.1,easyBike_forward3.0,easyBike_forward3.3,easyBike_forward3.2",NONE,"47.0,264.0,337.0,118.0,192.0",NONE,125.0,100.0,0.0,0,3
424.0,pa_6_rev,NEG_E5,5,3,1,0,eRickshaw_reverse3.1,NONE,11.0,NONE,25.0,20.0,0.0,4,3
424.0,pa_7,E6,4,2,0,0,NONE,NONE,NONE,NONE,0.0,0.0,0.0,4,2
424.0,pa_7_rev,NEG_E6,4,2,4,2,"easyBike_reverse3.5,easyBike_reverse2.5,eRickshaw_reverse3.0,easyBike_reverse4.4","easyBike_reverse3.6,easyBike_reverse2.7","67.0,102.0,147.0,87.0","19.0,9.0",80.0,100.0,100.0,0,0
424.0,pa_8,E7,5,3,1,0,eRickshaw_forward4.0,NONE,88.0,NONE,25.0,20.0,0.0,4,3
424.0,pa_8_rev,NEG_E7,5,3,5,3,"easyBike_reverse2.1,easyBike_reverse3.0,easyBike_reverse3.1,easyBike_reverse2.0,easyBike_reverse4.1","easyBike_reverse4.0,easyBike_reverse2.3,easyBike_reverse3.3","282.0,227.0,276.0,225.0,267.0","221.0,192.0,173.0",125.0,100.0,100.0,0,0
425.0,pa_2,E0,4,3,4,3,"easyBike_forward4.0,easyBike_forward2.0,easyBike_forward1.0,easyBike_forward1.1","easyBike_forward2.1,easyBike_forward4.1,easyBike_forward1.2","327.0,334.0,330.0,282.0","274.0,253.0,230.0",80.0,100.0,100.0,0,0
425.0,pa_2_rev,NEG_E0,4,3,0,0,NONE,NONE,NONE,NONE,0.0,0.0,0.0,4,3
425.0,pa_3,E1,4,3,4,0,"easyBike_forward4.2,easyBike_forward1.3,easyBike_forward2.3,easyBike_forward1.4",NONE,"69.0,75.0,52.0,25.0",NONE,80.0,100.0,0.0,0,3
425.0,pa_3_rev,NEG_E1,4,3,4,3,"easyBike_reverse1.2,easyBike_reverse1.0,eRickshaw_reverse1.0,easyBike_reverse1.1","eRickshaw_reverse2.0,easyBike_reverse1.4,easyBike_reverse1.3","166.0,249.0,145.0,120.0","99.0,88.0,38.0",80.0,100.0,100.0,0,0
425.0,pa_6,E5,5,3,5,0,"easyBike_forward3.4,easyBike_forward3.1,easyBike_forward3.0,easyBike_forward3.3,easyBike_forward3.2",NONE,"48.0,265.0,338.0,119.0,193.0",NONE,125.0,100.0,0.0,0,3
425.0,pa_6_rev,NEG_E5,5,3,1,0,eRickshaw_reverse3.1,NONE,12.0,NONE,25.0,20.0,0.0,4,3
425.0,pa_7,E6,4,2,0,0,NONE,NONE,NONE,NONE,0.0,0.0,0.0,4,2
425.0,pa_7_rev,NEG_E6,4,2,4,2,"easyBike_reverse3.5,easyBike_reverse2.5,eRickshaw_reverse3.0,easyBike_reverse4.4","easyBike_reverse3.6,easyBike_reverse2.7","68.0,103.0,148.0,88.0","20.0,10.0",80.0,100.0,100.0,0,0
425.0,pa_8,E7,5,3,1,0,eRickshaw_forward4.0,NONE,89.0,NONE,25.0,20.0,0.0,4,3
425.0,pa_8_rev,NEG_E7,5,3,5,3,"easyBike_reverse2.1,easyBike_reverse3.0,easyBike_reverse3.1,easyBike_reverse2.0,easyBike_reverse4.1","easyBike_reverse4.0,easyBike_reverse2.3,easyBike_reverse3.3","283.0,228.0,277.0,226.0,268.0","222.0,193.0,174.0",125.0,100.0,100.0,0,0
426.0,pa_2,E0,4,3,4,3,"easyBike_forward4.0,easyBike_forward2.0,easyBike_forward1.0,easyBike_forward1.1","easyBike_forward2.1,easyBike_forward4.1,easyBike_forward1.2","328.0,335.0,331.0,283.0","275.0,254.0,231.0",80.0,100.0,100.0,0,0
426.0,pa_2_rev,NEG_E0,4,3,0,0,NONE,NONE,NONE,NONE,0.0,0.0,0.0,4,3
426.0,pa_3,E1,4,3,4,0,"easyBike_forward4.2,easyBike_forward1.3,easyBike_forward2.3,easyBike_forward1.4",NONE,"70.0,76.0,53.0,26.0",NONE,80.0,100.0,0.0,0,3
426.0,pa_3_rev,NEG_E1,4,3,4,3,"easyBike_reverse1.2,easyBike_reverse1.0,eRickshaw_reverse1.0,easyBike_reverse1.1","eRickshaw_reverse2.0,easyBike_reverse1.4,easyBike_reverse1.3","167.0,250.0,146.0,121.0","100.0,89.0,39.0",80.0,100.0,100.0,0,0
426.0,pa_6,E5,5,3,5,0,"easyBike_forward3.4,easyBike_forward3.1,easyBike_forward3.0,easyBike_forward3.3,easyBike_forward3.2",NONE,"49.0,266.0,339.0,120.0,194.0",NONE,125.0,100.0,0.0,0,3
426.0,pa_6_rev,NEG_E5,5,3,1,0,eRickshaw_reverse3.1,NONE,13.0,NONE,25.0,20.0,0.0,4,3
426.0,pa_7,E6,4,2,0,0,NONE,NONE,NONE,NONE,0.0,0.0,0.0,4,2
426.0,pa_7_rev,NEG_E6,4,2,4,2,"easyBike_reverse3.5,easyBike_reverse2.5,eRickshaw_reverse3.0,easyBike_reverse4.4","easyBike_reverse3.6,easyBike_reverse2.7","69.0,104.0,149.0,89.0","21.0,11.0",80.0,100.0,100.0,0,0
426.0,pa_8,E7,5,3,1,0,eRickshaw_forward4.0,NONE,90.0,NONE,25.0,20.0,0.0,4,3
426.0,pa_8_rev,NEG_E7,5,3,5,3,"easyBike_reverse2.1,easyBike_reverse3.0,easyBike_reverse3.1,easyBike_reverse2.0,easyBike_reverse4.1","easyBike_reverse4.0,easyBike_reverse2.3,easyBike_reverse3.3","284.0,229.0,278.0,227.0,269.0","223.0,194.0,175.0",125.0,100.0,100.0,0,0
427.0,pa_2,E0,4,3,4,3,"easyBike_forward4.0,easyBike_forward2.0,easyBike_forward1.0,easyBike_forward1.1","easyBike_forward2.1,easyBike_forward4.1,easyBike_forward1.2","329.0,336.0,332.0,284.0","276.0,255.0,232.0",80.0,100.0,100.0,0,0
427.0,pa_2_rev,NEG_E0,4,3,0,0,NONE,NONE,NONE,NONE,0.0,0.0,0.0,4,3
427.0,pa_3,E1,4,3,4,0,"easyBike_forward4.2,easyBike_forward1.3,easyBike_forward2.3,easyBike_forward1.4",NONE,"71.0,77.0,54.0,27.0",NONE,80.0,100.0,0.0,0,3
427.0,pa_3_rev,NEG_E1,4,3,4,3,"easyBike_reverse1.2,easyBike_reverse1.0,eRickshaw_reverse1.0,easyBike_reverse1.1","eRickshaw_reverse2.0,easyBike_reverse1.4,easyBike_reverse1.3","168.0,251.0,147.0,122.0","101.0,90.0,40.0",80.0,100.0,100.0,0,0
427.0,pa_6,E5,5,3,5,0,"easyBike_forward3.4,easyBike_forward3.1,easyBike_forward3.0,easyBike_forward3.3,easyBike_forward3.2",NONE,"50.0,267.0,340.0,121.0,195.0",NONE,125.0,100.0,0.0,0,3
427.0,pa_6_rev,NEG_E5,5,3,1,0,eRickshaw_reverse3.1,NONE,14.0,NONE,25.0,20.0,0.0,4,3
427.0,pa_7,E6,4,2,0,0,NONE,NONE,NONE,NONE,0.0,0.0,0.0,4,2
427.0,pa_7_rev,NEG_E6,4,2,4,2,"easyBike_reverse3.5,easyBike_reverse2.5,eRickshaw_reverse3.0,easyBike_reverse4.4","easyBike_reverse3.6,easyBike_reverse2.7","70.0,105.0,150.0,90.0","22.0,12.0",80.0,100.0,100.0,0,0
427.0,pa_8,E7,5,3,1,0,eRickshaw_forward4.0,NONE,91.0,NONE,25.0,20.0,0.0,4,3
427.0,pa_8_rev,NEG_E7,5,3,5,3,"easyBike_reverse2.1,easyBike_reverse3.0,easyBike_reverse3.1,easyBike_reverse2.0,easyBike_reverse4.1","easyBike_reverse4.0,easyBike_reverse2.3,easyBike_reverse3.3","285.0,230.0,279.0,228.0,270.0","224.0,195.0,176.0",125.0,100.0,100.0,0,0
428.0,pa_2,E0,4,3,4,3,"easyBike_forward4.0,easyBike_forward2.0,easyBike_forward1.0,easyBike_forward1.1","easyBike_forward2.1,easyBike_forward4.1,easyBike_forward1.2","330.0,337.0,333.0,285.0","277.0,256.0,233.0",80.0,100.0,100.0,0,0
428.0,pa_2_rev,NEG_E0,4,3,0,0,NONE,NONE,NONE,NONE,0.0,0.0,0.0,4,3
428.0,pa_3,E1,4,3,4,0,"easyBike_forward4.2,easyBike_forward1.3,easyBike_forward2.3,easyBike_forward1.4",NONE,"72.0,78.0,55.0,28.0",NONE,80.0,100.0,0.0,0,3
428.0,pa_3_rev,NEG_E1,4,3,4,3,"easyBike_reverse1.2,easyBike_reverse1.0,eRickshaw_reverse1.0,easyBike_reverse1.1","eRickshaw_reverse2.0,easyBike_reverse1.4,easyBike_reverse1.3","169.0,252.0,148.0,123.0","102.0,91.0,41.0",80.0,100.0,100.0,0,0
428.0,pa_6,E5,5,3,5,0,"easyBike_forward3.4,easyBike_forward3.1,easyBike_forward3.0,easyBike_forward3.3,easyBike_forward3.2",NONE,"51.0,268.0,341.0,122.0,196.0",NONE,125.0,100.0,0.0,0,3
428.0,pa_6_rev,NEG_E5,5,3,1,0,eRickshaw_reverse3.1,NONE,15.0,NONE,25.0,20.0,0.0,4,3
428.0,pa_7,E6,4,2,0,0,NONE,NONE,NONE,NONE,0.0,0.0,0.0,4,2
428.0,pa_7_rev,NEG_E6,4,2,4,2,"easyBike_reverse3.5,easyBike_reverse2.5,eRickshaw_reverse3.0,easyBike_reverse4.4","easyBike_reverse3.6,easyBike_reverse2.7","71.0,106.0,151.0,91.0","23.0,13.0",80.0,100.0,100.0,0,0
428.0,pa_8,E7,5,3,1,0,eRickshaw_forward4.0,NONE,92.0,NONE,25.0,20.0,0.0,4,3
428.0,pa_8_rev,NEG_E7,5,3,5,3,"easyBike_reverse2.1,easyBike_reverse3.0,easyBike_reverse3.1,easyBike_reverse2.0,easyBike_reverse4.1","easyBike_reverse4.0,easyBike_reverse2.3,easyBike_reverse3.3","286.0,231.0,280.0,229.0,271.0","225.0,196.0,177.0",125.0,100.0,100.0,0,0
429.0,pa_2,E0,4,3,4,3,"easyBike_forward4.0,easyBike_forward2.0,easyBike_forward1.0,easyBike_forward1.1","easyBike_forward2.1,easyBike_forward4.1,easyBike_forward1.2","331.0,338.0,334.0,286.0","278.0,257.0,234.0",80.0,100.0,100.0,0,0
429.0,pa_2_rev,NEG_E0,4,3,0,0,NONE,NONE,NONE,NONE,0.0,0.0,0.0,4,3
429.0,pa_3,E1,4,3,4,1,"easyBike_forward4.2,easyBike_forward1.3,easyBike_forward2.3,easyBike_forward1.4",eRickshaw_reverse4.0,"73.0,79.0,56.0,29.0",0.0,80.0,100.0,33.3,0,2
429.0,pa_3_rev,NEG_E1,4,3,4,3,"easyBike_reverse1.2,easyBike_reverse1.0,eRickshaw_reverse1.0,easyBike_reverse1.1","eRickshaw_reverse2.0,easyBike_reverse1.4,easyBike_reverse1.3","170.0,253.0,149.0,124.0","103.0,92.0,42.0",80.0,100.0,100.0,0,0
429.0,pa_6,E5,5,3,5,0,"easyBike_forward3.4,easyBike_forward3.1,easyBike_forward3.0,easyBike_forward3.3,easyBike_forward3.2",NONE,"52.0,269.0,342.0,123.0,197.0",NONE,125.0,100.0,0.0,0,3
429.0,pa_6_rev,NEG_E5,5,3,1,0,eRickshaw_reverse3.1,NONE,16.0,NONE,25.0,20.0,0.0,4,3
429.0,pa_7,E6,4,2,0,0,NONE,NONE,NONE,NONE,0.0,0.0,0.0,4,2
429.0,pa_7_rev,NEG_E6,4,2,4,2,"easyBike_reverse3.5,easyBike_reverse2.5,eRickshaw_reverse3.0,easyBike_reverse4.4","easyBike_reverse3.6,easyBike_reverse2.7","72.0,107.0,152.0,92.0","24.0,14.0",80.0,100.0,100.0,0,0
429.0,pa_8,E7,5,3,1,0,eRickshaw_forward4.0,NONE,93.0,NONE,25.0,20.0,0.0,4,3
429.0,pa_8_rev,NEG_E7,5,3,5,3,"easyBike_reverse2.1,easyBike_reverse3.0,easyBike_reverse3.1,easyBike_reverse2.0,easyBike_reverse4.1","easyBike_reverse4.0,easyBike_reverse2.3,easyBike_reverse3.3","287.0,232.0,281.0,230.0,272.0","226.0,197.0,178.0",125.0,100.0,100.0,0,0
430.0,pa_2,E0,4,3,4,3,"easyBike_forward4.0,easyBike_forward2.0,easyBike_forward1.0,easyBike_forward1.1","easyBike_forward2.1,easyBike_forward4.1,easyBike_forward1.2","332.0,339.0,335.0,287.0","279.0,258.0,235.0",80.0,100.0,100.0,0,0
430.0,pa_2_rev,NEG_E0,4,3,0,0,NONE,NONE,NONE,NONE,0.0,0.0,0.0,4,3
430.0,pa_3,E1,4,3,4,1,"easyBike_forward4.2,easyBike_forward1.3,easyBike_forward2.3,easyBike_forward1.4",eRickshaw_reverse4.0,"74.0,80.0,57.0,30.0",1.0,80.0,100.0,33.3,0,2
430.0,pa_3_rev,NEG_E1,4,3,4,3,"easyBike_reverse1.2,easyBike_reverse1.0,eRickshaw_reverse1.0,easyBike_reverse1.1","eRickshaw_reverse2.0,easyBike_reverse1.4,easyBike_reverse1.3","171.0,254.0,150.0,125.0","104.0,93.0,43.0",80.0,100.0,100.0,0,0
430.0,pa_6,E5,5,3,5,0,"easyBike_forward3.4,easyBike_forward3.1,easyBike_forward3.0,easyBike_forward3.3,easyBike_forward3.2",NONE,"53.0,270.0,343.0,124.0,198.0",NONE,125.0,100.0,0.0,0,3
430.0,pa_6_rev,NEG_E5,5,3,1,0,eRickshaw_reverse3.1,NONE,17.0,NONE,25.0,20.0,0.0,4,3
430.0,pa_7,E6,4,2,0,0,NONE,NONE,NONE,NONE,0.0,0.0,0.0,4,2
430.0,pa_7_rev,NEG_E6,4,2,4,2,"easyBike_reverse3.5,easyBike_reverse2.5,eRickshaw_reverse3.0,easyBike_reverse4.4","easyBike_reverse3.6,easyBike_reverse2.7","73.0,108.0,153.0,93.0","25.0,15.0",80.0,100.0,100.0,0,0
430.0,pa_8,E7,5,3,1,0,eRickshaw_forward4.0,NONE,94.0,NONE,25.0,20.0,0.0,4,3
430.0,pa_8_rev,NEG_E7,5,3,5,3,"easyBike_reverse2.1,easyBike_reverse3.0,easyBike_reverse3.1,easyBike_reverse2.0,easyBike_reverse4.1","easyBike_reverse4.0,easyBike_reverse2.3,easyBike_reverse3.3","288.0,233.0,282.0,231.0,273.0","227.0,198.0,179.0",125.0,100.0,100.0,0,0
431.0,pa_2,E0,4,3,4,3,"easyBike_forward4.0,easyBike_forward2.0,easyBike_forward1.0,easyBike_forward1.1","easyBike_forward2.1,easyBike_forward4.1,easyBike_forward1.2","333.0,340.0,336.0,288.0","280.0,259.0,236.0",80.0,100.0,100.0,0,0
431.0,pa_2_rev,NEG_E0,4,3,0,0,NONE,NONE,NONE,NONE,0.0,0.0,0.0,4,3
431.0,pa_3,E1,4,3,4,1,"easyBike_forward4.2,easyBike_forward1.3,easyBike_forward2.3,easyBike_forward1.4",eRickshaw_reverse4.0,"75.0,81.0,58.0,31.0",2.0,80.0,100.0,33.3,0,2
431.0,pa_3_rev,NEG_E1,4,3,4,3,"easyBike_reverse1.2,easyBike_reverse1.0,eRickshaw_reverse1.0,easyBike_reverse1.1","eRickshaw_reverse2.0,easyBike_reverse1.4,easyBike_reverse1.3","172.0,255.0,151.0,126.0","105.0,94.0,44.0",80.0,100.0,100.0,0,0
431.0,pa_6,E5,5,3,5,0,"easyBike_forward3.4,easyBike_forward3.1,easyBike_forward3.0,easyBike_forward3.3,easyBike_forward3.2",NONE,"54.0,271.0,344.0,125.0,199.0",NONE,125.0,100.0,0.0,0,3
431.0,pa_6_rev,NEG_E5,5,3,1,0,eRickshaw_reverse3.1,NONE,18.0,NONE,25.0,20.0,0.0,4,3
431.0,pa_7,E6,4,2,0,0,NONE,NONE,NONE,NONE,0.0,0.0,0.0,4,2
431.0,pa_7_rev,NEG_E6,4,2,4,2,"easyBike_reverse3.5,easyBike_reverse2.5,eRickshaw_reverse3.0,easyBike_reverse4.4","easyBike_reverse3.6,easyBike_reverse2.7","74.0,109.0,154.0,94.0","26.0,16.0",80.0,100.0,100.0,0,0
431.0,pa_8,E7,5,3,1,0,eRickshaw_forward4.0,NONE,95.0,NONE,25.0,20.0,0.0,4,3
431.0,pa_8_rev,NEG_E7,5,3,5,3,"easyBike_reverse2.1,easyBike_reverse3.0,easyBike_reverse3.1,easyBike_reverse2.0,easyBike_reverse4.1","easyBike_reverse4.0,easyBike_reverse2.3,easyBike_reverse3.3","289.0,234.0,283.0,232.0,274.0","228.0,199.0,180.0",125.0,100.0,100.0,0,0
432.0,pa_2,E0,4,3,4,3,"easyBike_forward4.0,easyBike_forward2.0,easyBike_forward1.0,easyBike_forward1.1","easyBike_forward2.1,easyBike_forward4.1,easyBike_forward1.2","334.0,341.0,337.0,289.0","281.0,260.0,237.0",80.0,100.0,100.0,0,0
432.0,pa_2_rev,NEG_E0,4,3,0,0,NONE,NONE,NONE,NONE,0.0,0.0,0.0,4,3
432.0,pa_3,E1,4,3,4,1,"easyBike_forward4.2,easyBike_forward1.3,easyBike_forward2.3,easyBike_forward1.4",eRickshaw_reverse4.0,"76.0,82.0,59.0,32.0",3.0,80.0,100.0,33.3,0,2
432.0,pa_3_rev,NEG_E1,4,3,4,3,"easyBike_reverse1.2,easyBike_reverse1.0,eRickshaw_reverse1.0,easyBike_reverse1.1","eRickshaw_reverse2.0,easyBike_reverse1.4,easyBike_reverse1.3","173.0,256.0,152.0,127.0","106.0,95.0,45.0",80.0,100.0,100.0,0,0
432.0,pa_6,E5,5,3,5,0,"easyBike_forward3.4,easyBike_forward3.1,easyBike_forward3.0,easyBike_forward3.3,easyBike_forward3.2",NONE,"55.0,272.0,345.0,126.0,200.0",NONE,125.0,100.0,0.0,0,3
432.0,pa_6_rev,NEG_E5,5,3,1,0,eRickshaw_reverse3.1,NONE,19.0,NONE,25.0,20.0,0.0,4,3
432.0,pa_7,E6,4,2,0,0,NONE,NONE,NONE,NONE,0.0,0.0,0.0,4,2
432.0,pa_7_rev,NEG_E6,4,2,4,2,"easyBike_reverse3.5,easyBike_reverse2.5,eRickshaw_reverse3.0,easyBike_reverse4.4","easyBike_reverse3.6,easyBike_reverse2.7","75.0,110.0,155.0,95.0","27.0,17.0",80.0,100.0,100.0,0,0
432.0,pa_8,E7,5,3,1,0,eRickshaw_forward4.0,NONE,96.0,NONE,25.0,20.0,0.0,4,3
432.0,pa_8_rev,NEG_E7,5,3,5,3,"easyBike_reverse2.1,easyBike_reverse3.0,easyBike_reverse3.1,easyBike_reverse2.0,easyBike_reverse4.1","easyBike_reverse4.0,easyBike_reverse2.3,easyBike_reverse3.3","290.0,235.0,284.0,233.0,275.0","229.0,200.0,181.0",125.0,100.0,100.0,0,0
433.0,pa_2,E0,4,3,4,3,"easyBike_forward4.0,easyBike_forward2.0,easyBike_forward1.0,easyBike_forward1.1","easyBike_forward2.1,easyBike_forward4.1,easyBike_forward1.2","335.0,342.0,338.0,290.0","282.0,261.0,238.0",80.0,100.0,100.0,0,0
433.0,pa_2_rev,NEG_E0,4,3,0,0,NONE,NONE,NONE,NONE,0.0,0.0,0.0,4,3
433.0,pa_3,E1,4,3,4,1,"easyBike_forward4.2,easyBike_forward1.3,easyBike_forward2.3,easyBike_forward1.4",eRickshaw_reverse4.0,"77.0,83.0,60.0,33.0",4.0,80.0,100.0,33.3,0,2
433.0,pa_3_rev,NEG_E1,4,3,4,3,"easyBike_reverse1.2,easyBike_reverse1.0,eRickshaw_reverse1.0,easyBike_reverse1.1","eRickshaw_reverse2.0,easyBike_reverse1.4,easyBike_reverse1.3","174.0,257.0,153.0,128.0","107.0,96.0,46.0",80.0,100.0,100.0,0,0
433.0,pa_6,E5,5,3,5,0,"easyBike_forward3.4,easyBike_forward3.1,easyBike_forward3.0,easyBike_forward3.3,easyBike_forward3.2",NONE,"56.0,273.0,346.0,127.0,201.0",NONE,125.0,100.0,0.0,0,3
433.0,pa_6_rev,NEG_E5,5,3,1,0,eRickshaw_reverse3.1,NONE,20.0,NONE,25.0,20.0,0.0,4,3
433.0,pa_7,E6,4,2,0,0,NONE,NONE,NONE,NONE,0.0,0.0,0.0,4,2
433.0,pa_7_rev,NEG_E6,4,2,4,2,"easyBike_reverse3.5,easyBike_reverse2.5,eRickshaw_reverse3.0,easyBike_reverse4.4","easyBike_reverse3.6,easyBike_reverse2.7","76.0,111.0,156.0,96.0","28.0,18.0",80.0,100.0,100.0,0,0
433.0,pa_8,E7,5,3,1,0,eRickshaw_forward4.0,NONE,97.0,NONE,25.0,20.0,0.0,4,3
433.0,pa_8_rev,NEG_E7,5,3,5,3,"easyBike_reverse2.1,easyBike_reverse3.0,easyBike_reverse3.1,easyBike_reverse2.0,easyBike_reverse4.1","easyBike_reverse4.0,easyBike_reverse2.3,easyBike_reverse3.3","291.0,236.0,285.0,234.0,276.0","230.0,201.0,182.0",125.0,100.0,100.0,0,0
434.0,pa_2,E0,4,3,4,3,"easyBike_forward4.0,easyBike_forward2.0,easyBike_forward1.0,easyBike_forward1.1","easyBike_forward2.1,easyBike_forward4.1,easyBike_forward1.2","336.0,343.0,339.0,291.0","283.0,262.0,239.0",80.0,100.0,100.0,0,0
434.0,pa_2_rev,NEG_E0,4,3,0,0,NONE,NONE,NONE,NONE,0.0,0.0,0.0,4,3
434.0,pa_3,E1,4,3,4,2,"easyBike_forward4.2,easyBike_forward1.3,easyBike_forward2.3,easyBike_forward1.4","eRickshaw_reverse4.0,easyBike_forward2.4","78.0,84.0,61.0,34.0","5.0,0.0",80.0,100.0,66.7,0,1
434.0,pa_3_rev,NEG_E1,4,3,4,3,"easyBike_reverse1.2,easyBike_reverse1.0,eRickshaw_reverse1.0,easyBike_reverse1.1","eRickshaw_reverse2.0,easyBike_reverse1.4,easyBike_reverse1.3","175.0,258.0,154.0,129.0","108.0,97.0,47.0",80.0,100.0,100.0,0,0
434.0,pa_6,E5,5,3,5,0,"easyBike_forward3.4,easyBike_forward3.1,easyBike_forward3.0,easyBike_forward3.3,easyBike_forward3.2",NONE,"57.0,274.0,347.0,128.0,202.0",NONE,125.0,100.0,0.0,0,3
434.0,pa_6_rev,NEG_E5,5,3,1,0,eRickshaw_reverse3.1,NONE,21.0,NONE,25.0,20.0,0.0,4,3
434.0,pa_7,E6,4,2,0,0,NONE,NONE,NONE,NONE,0.0,0.0,0.0,4,2
434.0,pa_7_rev,NEG_E6,4,2,4,2,"easyBike_reverse3.5,easyBike_reverse2.5,eRickshaw_reverse3.0,easyBike_reverse4.4","easyBike_reverse3.6,easyBike_reverse2.7","77.0,112.0,157.0,97.0","29.0,19.0",80.0,100.0,100.0,0,0
434.0,pa_8,E7,5,3,1,0,eRickshaw_forward4.0,NONE,98.0,NONE,25.0,20.0,0.0,4,3
434.0,pa_8_rev,NEG_E7,5,3,5,3,"easyBike_reverse2.1,easyBike_reverse3.0,easyBike_reverse3.1,easyBike_reverse2.0,easyBike_reverse4.1","easyBike_reverse4.0,easyBike_reverse2.3,easyBike_reverse3.3","292.0,237.0,286.0,235.0,277.0","231.0,202.0,183.0",125.0,100.0,100.0,0,0
435.0,pa_2,E0,4,3,4,3,"easyBike_forward4.0,easyBike_forward2.0,easyBike_forward1.0,easyBike_forward1.1","easyBike_forward2.1,easyBike_forward4.1,easyBike_forward1.2","337.0,344.0,340.0,292.0","284.0,263.0,240.0",80.0,100.0,100.0,0,0
435.0,pa_2_rev,NEG_E0,4,3,0,0,NONE,NONE,NONE,NONE,0.0,0.0,0.0,4,3
435.0,pa_3,E1,4,3,4,2,"easyBike_forward4.2,easyBike_forward1.3,easyBike_forward2.3,easyBike_forward1.4","eRickshaw_reverse4.0,easyBike_forward2.4","79.0,85.0,62.0,35.0","6.0,1.0",80.0,100.0,66.7,0,1
435.0,pa_3_rev,NEG_E1,4,3,4,3,"easyBike_reverse1.2,easyBike_reverse1.0,eRickshaw_reverse1.0,easyBike_reverse1.1","eRickshaw_reverse2.0,easyBike_reverse1.4,easyBike_reverse1.3","176.0,259.0,155.0,130.0","109.0,98.0,48.0",80.0,100.0,100.0,0,0
435.0,pa_6,E5,5,3,5,0,"easyBike_forward3.4,easyBike_forward3.1,easyBike_forward3.0,easyBike_forward3.3,easyBike_forward3.2",NONE,"58.0,275.0,348.0,129.0,203.0",NONE,125.0,100.0,0.0,0,3
435.0,pa_6_rev,NEG_E5,5,3,1,0,eRickshaw_reverse3.1,NONE,22.0,NONE,25.0,20.0,0.0,4,3
435.0,pa_7,E6,4,2,0,0,NONE,NONE,NONE,NONE,0.0,0.0,0.0,4,2
435.0,pa_7_rev,NEG_E6,4,2,4,2,"easyBike_reverse3.5,easyBike_reverse2.5,eRickshaw_reverse3.0,easyBike_reverse4.4","easyBike_reverse3.6,easyBike_reverse2.7","78.0,113.0,158.0,98.0","30.0,20.0",80.0,100.0,100.0,0,0
435.0,pa_8,E7,5,3,1,0,eRickshaw_forward4.0,NONE,99.0,NONE,25.0,20.0,0.0,4,3
435.0,pa_8_rev,NEG_E7,5,3,5,3,"easyBike_reverse2.1,easyBike_reverse3.0,easyBike_reverse3.1,easyBike_reverse2.0,easyBike_reverse4.1","easyBike_reverse4.0,easyBike_reverse2.3,easyBike_reverse3.3","293.0,238.0,287.0,236.0,278.0","232.0,203.0,184.0",125.0,100.0,100.0,0,0
436.0,pa_2,E0,4,3,4,3,"easyBike_forward4.0,easyBike_forward2.0,easyBike_forward1.0,easyBike_forward1.1","easyBike_forward2.1,easyBike_forward4.1,easyBike_forward1.2","338.0,345.0,341.0,293.0","285.0,264.0,241.0",80.0,100.0,100.0,0,0
436.0,pa_2_rev,NEG_E0,4,3,0,0,NONE,NONE,NONE,NONE,0.0,0.0,0.0,4,3
436.0,pa_3,E1,4,3,4,2,"easyBike_forward4.2,easyBike_forward1.3,easyBike_forward2.3,easyBike_forward1.4","eRickshaw_reverse4.0,easyBike_forward2.4","80.0,86.0,63.0,36.0","7.0,2.0",80.0,100.0,66.7,0,1
436.0,pa_3_rev,NEG_E1,4,3,4,3,"easyBike_reverse1.2,easyBike_reverse1.0,eRickshaw_reverse1.0,easyBike_reverse1.1","eRickshaw_reverse2.0,easyBike_reverse1.4,easyBike_reverse1.3","177.0,260.0,156.0,131.0","110.0,99.0,49.0",80.0,100.0,100.0,0,0
436.0,pa_6,E5,5,3,5,0,"easyBike_forward3.4,easyBike_forward3.1,easyBike_forward3.0,easyBike_forward3.3,easyBike_forward3.2",NONE,"59.0,276.0,349.0,130.0,204.0",NONE,125.0,100.0,0.0,0,3
436.0,pa_6_rev,NEG_E5,5,3,1,0,eRickshaw_reverse3.1,NONE,23.0,NONE,25.0,20.0,0.0,4,3
436.0,pa_7,E6,4,2,0,0,NONE,NONE,NONE,NONE,0.0,0.0,0.0,4,2
436.0,pa_7_rev,NEG_E6,4,2,4,2,"easyBike_reverse3.5,easyBike_reverse2.5,eRickshaw_reverse3.0,easyBike_reverse4.4","easyBike_reverse3.6,easyBike_reverse2.7","79.0,114.0,159.0,99.0","31.0,21.0",80.0,100.0,100.0,0,0
436.0,pa_8,E7,5,3,1,0,eRickshaw_forward4.0,NONE,100.0,NONE,25.0,20.0,0.0,4,3
436.0,pa_8_rev,NEG_E7,5,3,5,3,"easyBike_reverse2.1,easyBike_reverse3.0,easyBike_reverse3.1,easyBike_reverse2.0,easyBike_reverse4.1","easyBike_reverse4.0,easyBike_reverse2.3,easyBike_reverse3.3","294.0,239.0,288.0,237.0,279.0","233.0,204.0,185.0",125.0,100.0,100.0,0,0
437.0,pa_2,E0,4,3,4,3,"easyBike_forward4.0,easyBike_forward2.0,easyBike_forward1.0,easyBike_forward1.1","easyBike_forward2.1,easyBike_forward4.1,easyBike_forward1.2","339.0,346.0,342.0,294.0","286.0,265.0,242.0",80.0,100.0,100.0,0,0
437.0,pa_2_rev,NEG_E0,4,3,0,0,NONE,NONE,NONE,NONE,0.0,0.0,0.0,4,3
437.0,pa_3,E1,4,3,4,3,"easyBike_forward4.2,easyBike_forward1.3,easyBike_forward2.3,easyBike_forward1.4","eRickshaw_reverse4.0,easyBike_forward2.4,easyBike_forward4.3","81.0,87.0,64.0,37.0","8.0,3.0,0.0",80.0,100.0,100.0,0,0
437.0,pa_3_rev,NEG_E1,4,3,4,3,"easyBike_reverse1.2,easyBike_reverse1.0,eRickshaw_reverse1.0,easyBike_reverse1.1","eRickshaw_reverse2.0,easyBike_reverse1.4,easyBike_reverse1.3","178.0,261.0,157.0,132.0","111.0,100.0,50.0",80.0,100.0,100.0,0,0
437.0,pa_6,E5,5,3,5,0,"easyBike_forward3.4,easyBike_forward3.1,easyBike_forward3.0,easyBike_forward3.3,easyBike_forward3.2",NONE,"60.0,277.0,350.0,131.0,205.0",NONE,125.0,100.0,0.0,0,3
437.0,pa_6_rev,NEG_E5,5,3,1,0,eRickshaw_reverse3.1,NONE,24.0,NONE,25.0,20.0,0.0,4,3
437.0,pa_7,E6,4,2,0,0,NONE,NONE,NONE,NONE,0.0,0.0,0.0,4,2
437.0,pa_7_rev,NEG_E6,4,2,4,2,"easyBike_reverse3.5,easyBike_reverse2.5,eRickshaw_reverse3.0,easyBike_reverse4.4","easyBike_reverse3.6,easyBike_reverse2.7","80.0,115.0,160.0,100.0","32.0,22.0",80.0,100.0,100.0,0,0
437.0,pa_8,E7,5,3,1,0,eRickshaw_forward4.0,NONE,101.0,NONE,25.0,20.0,0.0,4,3
437.0,pa_8_rev,NEG_E7,5,3,5,3,"easyBike_reverse2.1,easyBike_reverse3.0,easyBike_reverse3.1,easyBike_reverse2.0,easyBike_reverse4.1","easyBike_reverse4.0,easyBike_reverse2.3,easyBike_reverse3.3","295.0,240.0,289.0,238.0,280.0","234.0,205.0,186.0",125.0,100.0,100.0,0,0
438.0,pa_2,E0,4,3,4,3,"easyBike_forward4.0,easyBike_forward2.0,easyBike_forward1.0,easyBike_forward1.1","easyBike_forward2.1,easyBike_forward4.1,easyBike_forward1.2","340.0,347.0,343.0,295.0","287.0,266.0,243.0",80.0,100.0,100.0,0,0
438.0,pa_2_rev,NEG_E0,4,3,0,0,NONE,NONE,NONE,NONE,0.0,0.0,0.0,4,3
438.0,pa_3,E1,4,3,4,3,"easyBike_forward4.2,easyBike_forward1.3,easyBike_forward2.3,easyBike_forward1.4","eRickshaw_reverse4.0,easyBike_forward2.4,easyBike_forward4.3","82.0,88.0,65.0,38.0","9.0,4.0,1.0",80.0,100.0,100.0,0,0
438.0,pa_3_rev,NEG_E1,4,3,4,3,"easyBike_reverse1.2,easyBike_reverse1.0,eRickshaw_reverse1.0,easyBike_reverse1.1","eRickshaw_reverse2.0,easyBike_reverse1.4,easyBike_reverse1.3","179.0,262.0,158.0,133.0","112.0,101.0,51.0",80.0,100.0,100.0,0,0
438.0,pa_6,E5,5,3,5,0,"easyBike_forward3.4,easyBike_forward3.1,easyBike_forward3.0,easyBike_forward3.3,easyBike_forward3.2",NONE,"61.0,278.0,351.0,132.0,206.0",NONE,125.0,100.0,0.0,0,3
438.0,pa_6_rev,NEG_E5,5,3,1,0,eRickshaw_reverse3.1,NONE,25.0,NONE,25.0,20.0,0.0,4,3
438.0,pa_7,E6,4,2,0,0,NONE,NONE,NONE,NONE,0.0,0.0,0.0,4,2
438.0,pa_7_rev,NEG_E6,4,2,4,2,"easyBike_reverse3.5,easyBike_reverse2.5,eRickshaw_reverse3.0,easyBike_reverse4.4","easyBike_reverse3.6,easyBike_reverse2.7","81.0,116.0,161.0,101.0","33.0,23.0",80.0,100.0,100.0,0,0
438.0,pa_8,E7,5,3,1,0,eRickshaw_forward4.0,NONE,102.0,NONE,25.0,20.0,0.0,4,3
438.0,pa_8_rev,NEG_E7,5,3,5,3,"easyBike_reverse2.1,easyBike_reverse3.0,easyBike_reverse3.1,easyBike_reverse2.0,easyBike_reverse4.1","easyBike_reverse4.0,easyBike_reverse2.3,easyBike_reverse3.3","296.0,241.0,290.0,239.0,281.0","235.0,206.0,187.0",125.0,100.0,100.0,0,0
439.0,pa_2,E0,4,3,4,3,"easyBike_forward4.0,easyBike_forward2.0,easyBike_forward1.0,easyBike_forward1.1","easyBike_forward2.1,easyBike_forward4.1,easyBike_forward1.2","341.0,348.0,344.0,296.0","288.0,267.0,244.0",80.0,100.0,100.0,0,0
439.0,pa_2_rev,NEG_E0,4,3,0,0,NONE,NONE,NONE,NONE,0.0,0.0,0.0,4,3
439.0,pa_3,E1,4,3,4,3,"easyBike_forward4.2,easyBike_forward1.3,easyBike_forward2.3,easyBike_forward1.4","eRickshaw_reverse4.0,easyBike_forward2.4,easyBike_forward4.3","83.0,89.0,66.0,39.0","10.0,5.0,2.0",80.0,100.0,100.0,0,0
439.0,pa_3_rev,NEG_E1,4,3,4,3,"easyBike_reverse1.2,easyBike_reverse1.0,eRickshaw_reverse1.0,easyBike_reverse1.1","eRickshaw_reverse2.0,easyBike_reverse1.4,easyBike_reverse1.3","180.0,263.0,159.0,134.0","113.0,102.0,52.0",80.0,100.0,100.0,0,0
439.0,pa_6,E5,5,3,5,0,"easyBike_forward3.4,easyBike_forward3.1,easyBike_forward3.0,easyBike_forward3.3,easyBike_forward3.2",NONE,"62.0,279.0,352.0,133.0,207.0",NONE,125.0,100.0,0.0,0,3
439.0,pa_6_rev,NEG_E5,5,3,1,0,eRickshaw_reverse3.1,NONE,26.0,NONE,25.0,20.0,0.0,4,3
439.0,pa_7,E6,4,2,0,0,NONE,NONE,NONE,NONE,0.0,0.0,0.0,4,2
439.0,pa_7_rev,NEG_E6,4,2,4,2,"easyBike_reverse3.5,easyBike_reverse2.5,eRickshaw_reverse3.0,easyBike_reverse4.4","easyBike_reverse3.6,easyBike_reverse2.7","82.0,117.0,162.0,102.0","34.0,24.0",80.0,100.0,100.0,0,0
439.0,pa_8,E7,5,3,1,0,eRickshaw_forward4.0,NONE,103.0,NONE,25.0,20.0,0.0,4,3
439.0,pa_8_rev,NEG_E7,5,3,5,3,"easyBike_reverse2.1,easyBike_reverse3.0,easyBike_reverse3.1,easyBike_reverse2.0,easyBike_reverse4.1","easyBike_reverse4.0,easyBike_reverse2.3,easyBike_reverse3.3","297.0,242.0,291.0,240.0,282.0","236.0,207.0,188.0",125.0,100.0,100.0,0,0
440.0,pa_2,E0,4,3,4,3,"easyBike_forward4.0,easyBike_forward2.0,easyBike_forward1.0,easyBike_forward1.1","easyBike_forward2.1,easyBike_forward4.1,easyBike_forward1.2","342.0,349.0,345.0,297.0","289.0,268.0,245.0",80.0,100.0,100.0,0,0
440.0,pa_2_rev,NEG_E0,4,3,0,0,NONE,NONE,NONE,NONE,0.0,0.0,0.0,4,3
440.0,pa_3,E1,4,3,4,3,"easyBike_forward4.2,easyBike_forward1.3,easyBike_forward2.3,easyBike_forward1.4","eRickshaw_reverse4.0,easyBike_forward2.4,easyBike_forward4.3","84.0,90.0,67.0,40.0","11.0,6.0,3.0",80.0,100.0,100.0,0,0
440.0,pa_3_rev,NEG_E1,4,3,4,3,"easyBike_reverse1.2,easyBike_reverse1.0,eRickshaw_reverse1.0,easyBike_reverse1.1","eRickshaw_reverse2.0,easyBike_reverse1.4,easyBike_reverse1.3","181.0,264.0,160.0,135.0","114.0,103.0,53.0",80.0,100.0,100.0,0,0
440.0,pa_6,E5,5,3,5,0,"easyBike_forward3.4,easyBike_forward3.1,easyBike_forward3.0,easyBike_forward3.3,easyBike_forward3.2",NONE,"63.0,280.0,353.0,134.0,208.0",NONE,125.0,100.0,0.0,0,3
440.0,pa_6_rev,NEG_E5,5,3,1,0,eRickshaw_reverse3.1,NONE,27.0,NONE,25.0,20.0,0.0,4,3
440.0,pa_7,E6,4,2,0,0,NONE,NONE,NONE,NONE,0.0,0.0,0.0,4,2
440.0,pa_7_rev,NEG_E6,4,2,4,2,"easyBike_reverse3.5,easyBike_reverse2.5,eRickshaw_reverse3.0,easyBike_reverse4.4","easyBike_reverse3.6,easyBike_reverse2.7","83.0,118.0,163.0,103.0","35.0,25.0",80.0,100.0,100.0,0,0
440.0,pa_8,E7,5,3,1,0,eRickshaw_forward4.0,NONE,104.0,NONE,25.0,20.0,0.0,4,3
440.0,pa_8_rev,NEG_E7,5,3,5,3,"easyBike_reverse2.1,easyBike_reverse3.0,easyBike_reverse3.1,easyBike_reverse2.0,easyBike_reverse4.1","easyBike_reverse4.0,easyBike_reverse2.3,easyBike_reverse3.3","298.0,243.0,292.0,241.0,283.0","237.0,208.0,189.0",125.0,100.0,100.0,0,0
441.0,pa_2,E0,4,3,4,3,"easyBike_forward4.0,easyBike_forward2.0,easyBike_forward1.0,easyBike_forward1.1","easyBike_forward2.1,easyBike_forward4.1,easyBike_forward1.2","343.0,350.0,346.0,298.0","290.0,269.0,246.0",80.0,100.0,100.0,0,0
441.0,pa_2_rev,NEG_E0,4,3,0,0,NONE,NONE,NONE,NONE,0.0,0.0,0.0,4,3
441.0,pa_3,E1,4,3,4,3,"easyBike_forward4.2,easyBike_forward1.3,easyBike_forward2.3,easyBike_forward1.4","eRickshaw_reverse4.0,easyBike_forward2.4,easyBike_forward4.3","85.0,91.0,68.0,41.0","12.0,7.0,4.0",80.0,100.0,100.0,0,0
441.0,pa_3_rev,NEG_E1,4,3,4,3,"easyBike_reverse1.2,easyBike_reverse1.0,eRickshaw_reverse1.0,easyBike_reverse1.1","eRickshaw_reverse2.0,easyBike_reverse1.4,easyBike_reverse1.3","182.0,265.0,161.0,136.0","115.0,104.0,54.0",80.0,100.0,100.0,0,0
441.0,pa_6,E5,5,3,5,0,"easyBike_forward3.4,easyBike_forward3.1,easyBike_forward3.0,easyBike_forward3.3,easyBike_forward3.2",NONE,"64.0,281.0,354.0,135.0,209.0",NONE,125.0,100.0,0.0,0,3
441.0,pa_6_rev,NEG_E5,5,3,1,0,eRickshaw_reverse3.1,NONE,28.0,NONE,25.0,20.0,0.0,4,3
441.0,pa_7,E6,4,2,0,0,NONE,NONE,NONE,NONE,0.0,0.0,0.0,4,2
441.0,pa_7_rev,NEG_E6,4,2,4,2,"easyBike_reverse3.5,easyBike_reverse2.5,eRickshaw_reverse3.0,easyBike_reverse4.4","easyBike_reverse3.6,easyBike_reverse2.7","84.0,119.0,164.0,104.0","36.0,26.0",80.0,100.0,100.0,0,0
441.0,pa_8,E7,5,3,1,0,eRickshaw_forward4.0,NONE,105.0,NONE,25.0,20.0,0.0,4,3
441.0,pa_8_rev,NEG_E7,5,3,5,3,"easyBike_reverse2.1,easyBike_reverse3.0,easyBike_reverse3.1,easyBike_reverse2.0,easyBike_reverse4.1","easyBike_reverse4.0,easyBike_reverse2.3,easyBike_reverse3.3","299.0,244.0,293.0,242.0,284.0","238.0,209.0,190.0",125.0,100.0,100.0,0,0
442.0,pa_2,E0,4,3,4,3,"easyBike_forward4.0,easyBike_forward2.0,easyBike_forward1.0,easyBike_forward1.1","easyBike_forward2.1,easyBike_forward4.1,easyBike_forward1.2","344.0,351.0,347.0,299.0","291.0,270.0,247.0",80.0,100.0,100.0,0,0
442.0,pa_2_rev,NEG_E0,4,3,0,0,NONE,NONE,NONE,NONE,0.0,0.0,0.0,4,3
442.0,pa_3,E1,4,3,4,3,"easyBike_forward4.2,easyBike_forward1.3,easyBike_forward2.3,easyBike_forward1.4","eRickshaw_reverse4.0,easyBike_forward2.4,easyBike_forward4.3","86.0,92.0,69.0,42.0","13.0,8.0,5.0",80.0,100.0,100.0,0,0
442.0,pa_3_rev,NEG_E1,4,3,4,3,"easyBike_reverse1.2,easyBike_reverse1.0,eRickshaw_reverse1.0,easyBike_reverse1.1","eRickshaw_reverse2.0,easyBike_reverse1.4,easyBike_reverse1.3","183.0,266.0,162.0,137.0","116.0,105.0,55.0",80.0,100.0,100.0,0,0
442.0,pa_6,E5,5,3,5,0,"easyBike_forward3.4,easyBike_forward3.1,easyBike_forward3.0,easyBike_forward3.3,easyBike_forward3.2",NONE,"65.0,282.0,355.0,136.0,210.0",NONE,125.0,100.0,0.0,0,3
442.0,pa_6_rev,NEG_E5,5,3,1,0,eRickshaw_reverse3.1,NONE,29.0,NONE,25.0,20.0,0.0,4,3
442.0,pa_7,E6,4,2,0,0,NONE,NONE,NONE,NONE,0.0,0.0,0.0,4,2
442.0,pa_7_rev,NEG_E6,4,2,4,2,"easyBike_reverse3.5,easyBike_reverse2.5,eRickshaw_reverse3.0,easyBike_reverse4.4","easyBike_reverse3.6,easyBike_reverse2.7","85.0,120.0,165.0,105.0","37.0,27.0",80.0,100.0,100.0,0,0
442.0,pa_8,E7,5,3,1,0,eRickshaw_forward4.0,NONE,106.0,NONE,25.0,20.0,0.0,4,3
442.0,pa_8_rev,NEG_E7,5,3,5,3,"easyBike_reverse2.1,easyBike_reverse3.0,easyBike_reverse3.1,easyBike_reverse2.0,easyBike_reverse4.1","easyBike_reverse4.0,easyBike_reverse2.3,easyBike_reverse3.3","300.0,245.0,294.0,243.0,285.0","239.0,210.0,191.0",125.0,100.0,100.0,0,0
443.0,pa_2,E0,4,3,4,3,"easyBike_forward4.0,easyBike_forward2.0,easyBike_forward1.0,easyBike_forward1.1","easyBike_forward2.1,easyBike_forward4.1,easyBike_forward1.2","345.0,352.0,348.0,300.0","292.0,271.0,248.0",80.0,100.0,100.0,0,0
443.0,pa_2_rev,NEG_E0,4,3,0,0,NONE,NONE,NONE,NONE,0.0,0.0,0.0,4,3
443.0,pa_3,E1,4,3,4,3,"easyBike_forward4.2,easyBike_forward1.3,easyBike_forward2.3,easyBike_forward1.4","eRickshaw_reverse4.0,easyBike_forward2.4,easyBike_forward4.3","87.0,93.0,70.0,43.0","14.0,9.0,6.0",80.0,100.0,100.0,0,0
443.0,pa_3_rev,NEG_E1,4,3,4,3,"easyBike_reverse1.2,easyBike_reverse1.0,eRickshaw_reverse1.0,easyBike_reverse1.1","eRickshaw_reverse2.0,easyBike_reverse1.4,easyBike_reverse1.3","184.0,267.0,163.0,138.0","117.0,106.0,56.0",80.0,100.0,100.0,0,0
443.0,pa_6,E5,5,3,5,0,"easyBike_forward3.4,easyBike_forward3.1,easyBike_forward3.0,easyBike_forward3.3,easyBike_forward3.2",NONE,"66.0,283.0,356.0,137.0,211.0",NONE,125.0,100.0,0.0,0,3
443.0,pa_6_rev,NEG_E5,5,3,1,0,eRickshaw_reverse3.1,NONE,30.0,NONE,25.0,20.0,0.0,4,3
443.0,pa_7,E6,4,2,0,0,NONE,NONE,NONE,NONE,0.0,0.0,0.0,4,2
443.0,pa_7_rev,NEG_E6,4,2,4,2,"easyBike_reverse3.5,easyBike_reverse2.5,eRickshaw_reverse3.0,easyBike_reverse4.4","easyBike_reverse3.6,easyBike_reverse2.7","86.0,121.0,166.0,106.0","38.0,28.0",80.0,100.0,100.0,0,0
443.0,pa_8,E7,5,3,1,0,eRickshaw_forward4.0,NONE,107.0,NONE,25.0,20.0,0.0,4,3
443.0,pa_8_rev,NEG_E7,5,3,5,3,"easyBike_reverse2.1,easyBike_reverse3.0,easyBike_reverse3.1,easyBike_reverse2.0,easyBike_reverse4.1","easyBike_reverse4.0,easyBike_reverse2.3,easyBike_reverse3.3","301.0,246.0,295.0,244.0,286.0","240.0,211.0,192.0",125.0,100.0,100.0,0,0
444.0,pa_2,E0,4,3,4,3,"easyBike_forward4.0,easyBike_forward2.0,easyBike_forward1.0,easyBike_forward1.1","easyBike_forward2.1,easyBike_forward4.1,easyBike_forward1.2","346.0,353.0,349.0,301.0","293.0,272.0,249.0",80.0,100.0,100.0,0,0
444.0,pa_2_rev,NEG_E0,4,3,0,0,NONE,NONE,NONE,NONE,0.0,0.0,0.0,4,3
444.0,pa_3,E1,4,3,4,3,"easyBike_forward4.2,easyBike_forward1.3,easyBike_forward2.3,easyBike_forward1.4","eRickshaw_reverse4.0,easyBike_forward2.4,easyBike_forward4.3","88.0,94.0,71.0,44.0","15.0,10.0,7.0",80.0,100.0,100.0,0,0
444.0,pa_3_rev,NEG_E1,4,3,4,3,"easyBike_reverse1.2,easyBike_reverse1.0,eRickshaw_reverse1.0,easyBike_reverse1.1","eRickshaw_reverse2.0,easyBike_reverse1.4,easyBike_reverse1.3","185.0,268.0,164.0,139.0","118.0,107.0,57.0",80.0,100.0,100.0,0,0
444.0,pa_6,E5,5,3,5,0,"easyBike_forward3.4,easyBike_forward3.1,easyBike_forward3.0,easyBike_forward3.3,easyBike_forward3.2",NONE,"67.0,284.0,357.0,138.0,212.0",NONE,125.0,100.0,0.0,0,3
444.0,pa_6_rev,NEG_E5,5,3,1,0,eRickshaw_reverse3.1,NONE,31.0,NONE,25.0,20.0,0.0,4,3
444.0,pa_7,E6,4,2,0,0,NONE,NONE,NONE,NONE,0.0,0.0,0.0,4,2
444.0,pa_7_rev,NEG_E6,4,2,4,2,"easyBike_reverse3.5,easyBike_reverse2.5,eRickshaw_reverse3.0,easyBike_reverse4.4","easyBike_reverse3.6,easyBike_reverse2.7","87.0,122.0,167.0,107.0","39.0,29.0",80.0,100.0,100.0,0,0
444.0,pa_8,E7,5,3,1,0,eRickshaw_forward4.0,NONE,108.0,NONE,25.0,20.0,0.0,4,3
444.0,pa_8_rev,NEG_E7,5,3,5,3,"easyBike_reverse2.1,easyBike_reverse3.0,easyBike_reverse3.1,easyBike_reverse2.0,easyBike_reverse4.1","easyBike_reverse4.0,easyBike_reverse2.3,easyBike_reverse3.3","302.0,247.0,296.0,245.0,287.0","241.0,212.0,193.0",125.0,100.0,100.0,0,0
445.0,pa_2,E0,4,3,4,3,"easyBike_forward4.0,easyBike_forward2.0,easyBike_forward1.0,easyBike_forward1.1","easyBike_forward2.1,easyBike_forward4.1,easyBike_forward1.2","347.0,354.0,350.0,302.0","294.0,273.0,250.0",80.0,100.0,100.0,0,0
445.0,pa_2_rev,NEG_E0,4,3,0,0,NONE,NONE,NONE,NONE,0.0,0.0,0.0,4,3
445.0,pa_3,E1,4,3,4,3,"easyBike_forward4.2,easyBike_forward1.3,easyBike_forward2.3,easyBike_forward1.4","eRickshaw_reverse4.0,easyBike_forward2.4,easyBike_forward4.3","89.0,95.0,72.0,45.0","16.0,11.0,8.0",80.0,100.0,100.0,0,0
445.0,pa_3_rev,NEG_E1,4,3,4,3,"easyBike_reverse1.2,easyBike_reverse1.0,eRickshaw_reverse1.0,easyBike_reverse1.1","eRickshaw_reverse2.0,easyBike_reverse1.4,easyBike_reverse1.3","186.0,269.0,165.0,140.0","119.0,108.0,58.0",80.0,100.0,100.0,0,0
445.0,pa_6,E5,5,3,5,0,"easyBike_forward3.4,easyBike_forward3.1,easyBike_forward3.0,easyBike_forward3.3,easyBike_forward3.2",NONE,"68.0,285.0,358.0,139.0,213.0",NONE,125.0,100.0,0.0,0,3
445.0,pa_6_rev,NEG_E5,5,3,1,0,eRickshaw_reverse3.1,NONE,32.0,NONE,25.0,20.0,0.0,4,3
445.0,pa_7,E6,4,2,0,0,NONE,NONE,NONE,NONE,0.0,0.0,0.0,4,2
445.0,pa_7_rev,NEG_E6,4,2,4,2,"easyBike_reverse3.5,easyBike_reverse2.5,eRickshaw_reverse3.0,easyBike_reverse4.4","easyBike_reverse3.6,easyBike_reverse2.7","88.0,123.0,168.0,108.0","40.0,30.0",80.0,100.0,100.0,0,0
445.0,pa_8,E7,5,3,1,0,eRickshaw_forward4.0,NONE,109.0,NONE,25.0,20.0,0.0,4,3
445.0,pa_8_rev,NEG_E7,5,3,5,3,"easyBike_reverse2.1,easyBike_reverse3.0,easyBike_reverse3.1,easyBike_reverse2.0,easyBike_reverse4.1","easyBike_reverse4.0,easyBike_reverse2.3,easyBike_reverse3.3","303.0,248.0,297.0,246.0,288.0","242.0,213.0,194.0",125.0,100.0,100.0,0,0
446.0,pa_2,E0,4,3,4,3,"easyBike_forward4.0,easyBike_forward2.0,easyBike_forward1.0,easyBike_forward1.1","easyBike_forward2.1,easyBike_forward4.1,easyBike_forward1.2","348.0,355.0,351.0,303.0","295.0,274.0,251.0",80.0,100.0,100.0,0,0
446.0,pa_2_rev,NEG_E0,4,3,0,0,NONE,NONE,NONE,NONE,0.0,0.0,0.0,4,3
446.0,pa_3,E1,4,3,4,3,"easyBike_forward4.2,easyBike_forward1.3,easyBike_forward2.3,easyBike_forward1.4","eRickshaw_reverse4.0,easyBike_forward2.4,easyBike_forward4.3","90.0,96.0,73.0,46.0","17.0,12.0,9.0",80.0,100.0,100.0,0,0
446.0,pa_3_rev,NEG_E1,4,3,4,3,"easyBike_reverse1.2,easyBike_reverse1.0,eRickshaw_reverse1.0,easyBike_reverse1.1","eRickshaw_reverse2.0,easyBike_reverse1.4,easyBike_reverse1.3","187.0,270.0,166.0,141.0","120.0,109.0,59.0",80.0,100.0,100.0,0,0
446.0,pa_6,E5,5,3,5,0,"easyBike_forward3.4,easyBike_forward3.1,easyBike_forward3.0,easyBike_forward3.3,easyBike_forward3.2",NONE,"69.0,286.0,359.0,140.0,214.0",NONE,125.0,100.0,0.0,0,3
446.0,pa_6_rev,NEG_E5,5,3,1,0,eRickshaw_reverse3.1,NONE,33.0,NONE,25.0,20.0,0.0,4,3
446.0,pa_7,E6,4,2,0,0,NONE,NONE,NONE,NONE,0.0,0.0,0.0,4,2
446.0,pa_7_rev,NEG_E6,4,2,4,2,"easyBike_reverse3.5,easyBike_reverse2.5,eRickshaw_reverse3.0,easyBike_reverse4.4","easyBike_reverse3.6,easyBike_reverse2.7","89.0,124.0,169.0,109.0","41.0,31.0",80.0,100.0,100.0,0,0
446.0,pa_8,E7,5,3,1,0,eRickshaw_forward4.0,NONE,110.0,NONE,25.0,20.0,0.0,4,3
446.0,pa_8_rev,NEG_E7,5,3,5,3,"easyBike_reverse2.1,easyBike_reverse3.0,easyBike_reverse3.1,easyBike_reverse2.0,easyBike_reverse4.1","easyBike_reverse4.0,easyBike_reverse2.3,easyBike_reverse3.3","304.0,249.0,298.0,247.0,289.0","243.0,214.0,195.0",125.0,100.0,100.0,0,0
447.0,pa_2,E0,4,3,4,3,"easyBike_forward4.0,easyBike_forward2.0,easyBike_forward1.0,easyBike_forward1.1","easyBike_forward2.1,easyBike_forward4.1,easyBike_forward1.2","349.0,356.0,352.0,304.0","296.0,275.0,252.0",80.0,100.0,100.0,0,0
447.0,pa_2_rev,NEG_E0,4,3,0,0,NONE,NONE,NONE,NONE,0.0,0.0,0.0,4,3
447.0,pa_3,E1,4,3,4,3,"easyBike_forward4.2,easyBike_forward1.3,easyBike_forward2.3,easyBike_forward1.4","eRickshaw_reverse4.0,easyBike_forward2.4,easyBike_forward4.3","91.0,97.0,74.0,47.0","18.0,13.0,10.0",80.0,100.0,100.0,0,0
447.0,pa_3_rev,NEG_E1,4,3,4,3,"easyBike_reverse1.2,easyBike_reverse1.0,eRickshaw_reverse1.0,easyBike_reverse1.1","eRickshaw_reverse2.0,easyBike_reverse1.4,easyBike_reverse1.3","188.0,271.0,167.0,142.0","121.0,110.0,60.0",80.0,100.0,100.0,0,0
447.0,pa_6,E5,5,3,5,0,"easyBike_forward3.4,easyBike_forward3.1,easyBike_forward3.0,easyBike_forward3.3,easyBike_forward3.2",NONE,"70.0,287.0,360.0,141.0,215.0",NONE,125.0,100.0,0.0,0,3
447.0,pa_6_rev,NEG_E5,5,3,1,0,eRickshaw_reverse3.1,NONE,34.0,NONE,25.0,20.0,0.0,4,3
447.0,pa_7,E6,4,2,0,0,NONE,NONE,NONE,NONE,0.0,0.0,0.0,4,2
447.0,pa_7_rev,NEG_E6,4,2,4,2,"easyBike_reverse3.5,easyBike_reverse2.5,eRickshaw_reverse3.0,easyBike_reverse4.4","easyBike_reverse3.6,easyBike_reverse2.7","90.0,125.0,170.0,110.0","42.0,32.0",80.0,100.0,100.0,0,0
447.0,pa_8,E7,5,3,1,0,eRickshaw_forward4.0,NONE,111.0,NONE,25.0,20.0,0.0,4,3
447.0,pa_8_rev,NEG_E7,5,3,5,3,"easyBike_reverse2.1,easyBike_reverse3.0,easyBike_reverse3.1,easyBike_reverse2.0,easyBike_reverse4.1","easyBike_reverse4.0,easyBike_reverse2.3,easyBike_reverse3.3","305.0,250.0,299.0,248.0,290.0","244.0,215.0,196.0",125.0,100.0,100.0,0,0
448.0,pa_2,E0,4,3,4,3,"easyBike_forward4.0,easyBike_forward2.0,easyBike_forward1.0,easyBike_forward1.1","easyBike_forward2.1,easyBike_forward4.1,easyBike_forward1.2","350.0,357.0,353.0,305.0","297.0,276.0,253.0",80.0,100.0,100.0,0,0
448.0,pa_2_rev,NEG_E0,4,3,0,0,NONE,NONE,NONE,NONE,0.0,0.0,0.0,4,3
448.0,pa_3,E1,4,3,4,3,"easyBike_forward4.2,easyBike_forward1.3,easyBike_forward2.3,easyBike_forward1.4","eRickshaw_reverse4.0,easyBike_forward2.4,easyBike_forward4.3","92.0,98.0,75.0,48.0","19.0,14.0,11.0",80.0,100.0,100.0,0,0
448.0,pa_3_rev,NEG_E1,4,3,4,3,"easyBike_reverse1.2,easyBike_reverse1.0,eRickshaw_reverse1.0,easyBike_reverse1.1","eRickshaw_reverse2.0,easyBike_reverse1.4,easyBike_reverse1.3","189.0,272.0,168.0,143.0","122.0,111.0,61.0",80.0,100.0,100.0,0,0
448.0,pa_6,E5,5,3,5,0,"easyBike_forward3.4,easyBike_forward3.1,easyBike_forward3.0,easyBike_forward3.3,easyBike_forward3.2",NONE,"71.0,288.0,361.0,142.0,216.0",NONE,125.0,100.0,0.0,0,3
448.0,pa_6_rev,NEG_E5,5,3,1,0,eRickshaw_reverse3.1,NONE,35.0,NONE,25.0,20.0,0.0,4,3
448.0,pa_7,E6,4,2,0,0,NONE,NONE,NONE,NONE,0.0,0.0,0.0,4,2
448.0,pa_7_rev,NEG_E6,4,2,4,2,"easyBike_reverse3.5,easyBike_reverse2.5,eRickshaw_reverse3.0,easyBike_reverse4.4","easyBike_reverse3.6,easyBike_reverse2.7","91.0,126.0,171.0,111.0","43.0,33.0",80.0,100.0,100.0,0,0
448.0,pa_8,E7,5,3,1,0,eRickshaw_forward4.0,NONE,112.0,NONE,25.0,20.0,0.0,4,3
448.0,pa_8_rev,NEG_E7,5,3,5,3,"easyBike_reverse2.1,easyBike_reverse3.0,easyBike_reverse3.1,easyBike_reverse2.0,easyBike_reverse4.1","easyBike_reverse4.0,easyBike_reverse2.3,easyBike_reverse3.3","306.0,251.0,300.0,249.0,291.0","245.0,216.0,197.0",125.0,100.0,100.0,0,0
449.0,pa_2,E0,4,3,4,3,"easyBike_forward4.0,easyBike_forward2.0,easyBike_forward1.0,easyBike_forward1.1","easyBike_forward2.1,easyBike_forward4.1,easyBike_forward1.2","351.0,358.0,354.0,306.0","298.0,277.0,254.0",80.0,100.0,100.0,0,0
449.0,pa_2_rev,NEG_E0,4,3,0,0,NONE,NONE,NONE,NONE,0.0,0.0,0.0,4,3
449.0,pa_3,E1,4,3,4,3,"easyBike_forward4.2,easyBike_forward1.3,easyBike_forward2.3,easyBike_forward1.4","eRickshaw_reverse4.0,easyBike_forward2.4,easyBike_forward4.3","93.0,99.0,76.0,49.0","20.0,15.0,12.0",80.0,100.0,100.0,0,0
449.0,pa_3_rev,NEG_E1,4,3,4,3,"easyBike_reverse1.2,easyBike_reverse1.0,eRickshaw_reverse1.0,easyBike_reverse1.1","eRickshaw_reverse2.0,easyBike_reverse1.4,easyBike_reverse1.3","190.0,273.0,169.0,144.0","123.0,112.0,62.0",80.0,100.0,100.0,0,0
449.0,pa_6,E5,5,3,5,1,"easyBike_forward3.4,easyBike_forward3.1,easyBike_forward3.0,easyBike_forward3.3,easyBike_forward3.2",easyBike_forward3.5,"72.0,289.0,362.0,143.0,217.0",0.0,125.0,100.0,33.3,0,2
449.0,pa_6_rev,NEG_E5,5,3,1,0,eRickshaw_reverse3.1,NONE,36.0,NONE,25.0,20.0,0.0,4,3
449.0,pa_7,E6,4,2,0,0,NONE,NONE,NONE,NONE,0.0,0.0,0.0,4,2
449.0,pa_7_rev,NEG_E6,4,2,4,2,"easyBike_reverse3.5,easyBike_reverse2.5,eRickshaw_reverse3.0,easyBike_reverse4.4","easyBike_reverse3.6,easyBike_reverse2.7","92.0,127.0,172.0,112.0","44.0,34.0",80.0,100.0,100.0,0,0
449.0,pa_8,E7,5,3,1,0,eRickshaw_forward4.0,NONE,113.0,NONE,25.0,20.0,0.0,4,3
449.0,pa_8_rev,NEG_E7,5,3,5,3,"easyBike_reverse2.1,easyBike_reverse3.0,easyBike_reverse3.1,easyBike_reverse2.0,easyBike_reverse4.1","easyBike_reverse4.0,easyBike_reverse2.3,easyBike_reverse3.3","307.0,252.0,301.0,250.0,292.0","246.0,217.0,198.0",125.0,100.0,100.0,0,0
450.0,pa_2,E0,4,3,4,3,"easyBike_forward4.0,easyBike_forward2.0,easyBike_forward1.0,easyBike_forward1.1","easyBike_forward2.1,easyBike_forward4.1,easyBike_forward1.2","352.0,359.0,355.0,307.0","299.0,278.0,255.0",80.0,100.0,100.0,0,0
450.0,pa_2_rev,NEG_E0,4,3,0,0,NONE,NONE,NONE,NONE,0.0,0.0,0.0,4,3
450.0,pa_3,E1,4,3,4,3,"easyBike_forward4.2,easyBike_forward1.3,easyBike_forward2.3,easyBike_forward1.4","eRickshaw_reverse4.0,easyBike_forward2.4,easyBike_forward4.3","94.0,100.0,77.0,50.0","21.0,16.0,13.0",80.0,100.0,100.0,0,0
450.0,pa_3_rev,NEG_E1,4,3,4,3,"easyBike_reverse1.2,easyBike_reverse1.0,eRickshaw_reverse1.0,easyBike_reverse1.1","eRickshaw_reverse2.0,easyBike_reverse1.4,easyBike_reverse1.3","191.0,274.0,170.0,145.0","124.0,113.0,63.0",80.0,100.0,100.0,0,0
450.0,pa_6,E5,5,3,5,1,"easyBike_forward3.4,easyBike_forward3.1,easyBike_forward3.0,easyBike_forward3.3,easyBike_forward3.2",easyBike_forward3.5,"73.0,290.0,363.0,144.0,218.0",1.0,125.0,100.0,33.3,0,2
450.0,pa_6_rev,NEG_E5,5,3,1,0,eRickshaw_reverse3.1,NONE,37.0,NONE,25.0,20.0,0.0,4,3
450.0,pa_7,E6,4,2,0,0,NONE,NONE,NONE,NONE,0.0,0.0,0.0,4,2
450.0,pa_7_rev,NEG_E6,4,2,4,2,"easyBike_reverse3.5,easyBike_reverse2.5,eRickshaw_reverse3.0,easyBike_reverse4.4","easyBike_reverse3.6,easyBike_reverse2.7","93.0,128.0,173.0,113.0","45.0,35.0",80.0,100.0,100.0,0,0
450.0,pa_8,E7,5,3,1,0,eRickshaw_forward4.0,NONE,114.0,NONE,25.0,20.0,0.0,4,3
450.0,pa_8_rev,NEG_E7,5,3,5,3,"easyBike_reverse2.1,easyBike_reverse3.0,easyBike_reverse3.1,easyBike_reverse2.0,easyBike_reverse4.1","easyBike_reverse4.0,easyBike_reverse2.3,easyBike_reverse3.3","308.0,253.0,302.0,251.0,293.0","247.0,218.0,199.0",125.0,100.0,100.0,0,0
451.0,pa_2,E0,4,3,4,3,"easyBike_forward4.0,easyBike_forward2.0,easyBike_forward1.0,easyBike_forward1.1","easyBike_forward2.1,easyBike_forward4.1,easyBike_forward1.2","353.0,360.0,356.0,308.0","300.0,279.0,256.0",80.0,100.0,100.0,0,0
451.0,pa_2_rev,NEG_E0,4,3,0,0,NONE,NONE,NONE,NONE,0.0,0.0,0.0,4,3
451.0,pa_3,E1,4,3,4,3,"easyBike_forward4.2,easyBike_forward1.3,easyBike_forward2.3,easyBike_forward1.4","eRickshaw_reverse4.0,easyBike_forward2.4,easyBike_forward4.3","95.0,101.0,78.0,51.0","22.0,17.0,14.0",80.0,100.0,100.0,0,0
451.0,pa_3_rev,NEG_E1,4,3,4,3,"easyBike_reverse1.2,easyBike_reverse1.0,eRickshaw_reverse1.0,easyBike_reverse1.1","eRickshaw_reverse2.0,easyBike_reverse1.4,easyBike_reverse1.3","192.0,275.0,171.0,146.0","125.0,114.0,64.0",80.0,100.0,100.0,0,0
451.0,pa_6,E5,5,3,5,1,"easyBike_forward3.4,easyBike_forward3.1,easyBike_forward3.0,easyBike_forward3.3,easyBike_forward3.2",easyBike_forward3.5,"74.0,291.0,364.0,145.0,219.0",2.0,125.0,100.0,33.3,0,2
451.0,pa_6_rev,NEG_E5,5,3,1,0,eRickshaw_reverse3.1,NONE,38.0,NONE,25.0,20.0,0.0,4,3
451.0,pa_7,E6,4,2,0,0,NONE,NONE,NONE,NONE,0.0,0.0,0.0,4,2
451.0,pa_7_rev,NEG_E6,4,2,4,2,"easyBike_reverse3.5,easyBike_reverse2.5,eRickshaw_reverse3.0,easyBike_reverse4.4","easyBike_reverse3.6,easyBike_reverse2.7","94.0,129.0,174.0,114.0","46.0,36.0",80.0,100.0,100.0,0,0
451.0,pa_8,E7,5,3,1,0,eRickshaw_forward4.0,NONE,115.0,NONE,25.0,20.0,0.0,4,3
451.0,pa_8_rev,NEG_E7,5,3,5,3,"easyBike_reverse2.1,easyBike_reverse3.0,easyBike_reverse3.1,easyBike_reverse2.0,easyBike_reverse4.1","easyBike_reverse4.0,easyBike_reverse2.3,easyBike_reverse3.3","309.0,254.0,303.0,252.0,294.0","248.0,219.0,200.0",125.0,100.0,100.0,0,0
452.0,pa_2,E0,4,3,4,3,"easyBike_forward4.0,easyBike_forward2.0,easyBike_forward1.0,easyBike_forward1.1","easyBike_forward2.1,easyBike_forward4.1,easyBike_forward1.2","354.0,361.0,357.0,309.0","301.0,280.0,257.0",80.0,100.0,100.0,0,0
452.0,pa_2_rev,NEG_E0,4,3,0,0,NONE,NONE,NONE,NONE,0.0,0.0,0.0,4,3
452.0,pa_3,E1,4,3,4,3,"easyBike_forward4.2,easyBike_forward1.3,easyBike_forward2.3,easyBike_forward1.4","eRickshaw_reverse4.0,easyBike_forward2.4,easyBike_forward4.3","96.0,102.0,79.0,52.0","23.0,18.0,15.0",80.0,100.0,100.0,0,0
452.0,pa_3_rev,NEG_E1,4,3,4,3,"easyBike_reverse1.2,easyBike_reverse1.0,eRickshaw_reverse1.0,easyBike_reverse1.1","eRickshaw_reverse2.0,easyBike_reverse1.4,easyBike_reverse1.3","193.0,276.0,172.0,147.0","126.0,115.0,65.0",80.0,100.0,100.0,0,0
452.0,pa_6,E5,5,3,5,1,"easyBike_forward3.4,easyBike_forward3.1,easyBike_forward3.0,easyBike_forward3.3,easyBike_forward3.2",easyBike_forward3.5,"75.0,292.0,365.0,146.0,220.0",3.0,125.0,100.0,33.3,0,2
452.0,pa_6_rev,NEG_E5,5,3,1,0,eRickshaw_reverse3.1,NONE,39.0,NONE,25.0,20.0,0.0,4,3
452.0,pa_7,E6,4,2,0,0,NONE,NONE,NONE,NONE,0.0,0.0,0.0,4,2
452.0,pa_7_rev,NEG_E6,4,2,4,2,"easyBike_reverse3.5,easyBike_reverse2.5,eRickshaw_reverse3.0,easyBike_reverse4.4","easyBike_reverse3.6,easyBike_reverse2.7","95.0,130.0,175.0,115.0","47.0,37.0",80.0,100.0,100.0,0,0
452.0,pa_8,E7,5,3,1,0,eRickshaw_forward4.0,NONE,116.0,NONE,25.0,20.0,0.0,4,3
452.0,pa_8_rev,NEG_E7,5,3,5,3,"easyBike_reverse2.1,easyBike_reverse3.0,easyBike_reverse3.1,easyBike_reverse2.0,easyBike_reverse4.1","easyBike_reverse4.0,easyBike_reverse2.3,easyBike_reverse3.3","310.0,255.0,304.0,253.0,295.0","249.0,220.0,201.0",125.0,100.0,100.0,0,0
453.0,pa_2,E0,4,3,4,3,"easyBike_forward4.0,easyBike_forward2.0,easyBike_forward1.0,easyBike_forward1.1","easyBike_forward2.1,easyBike_forward4.1,easyBike_forward1.2","355.0,362.0,358.0,310.0","302.0,281.0,258.0",80.0,100.0,100.0,0,0
453.0,pa_2_rev,NEG_E0,4,3,0,0,NONE,NONE,NONE,NONE,0.0,0.0,0.0,4,3
453.0,pa_3,E1,4,3,4,3,"easyBike_forward4.2,easyBike_forward1.3,easyBike_forward2.3,easyBike_forward1.4","eRickshaw_reverse4.0,easyBike_forward2.4,easyBike_forward4.3","97.0,103.0,80.0,53.0","24.0,19.0,16.0",80.0,100.0,100.0,0,0
453.0,pa_3_rev,NEG_E1,4,3,4,3,"easyBike_reverse1.2,easyBike_reverse1.0,eRickshaw_reverse1.0,easyBike_reverse1.1","eRickshaw_reverse2.0,easyBike_reverse1.4,easyBike_reverse1.3","194.0,277.0,173.0,148.0","127.0,116.0,66.0",80.0,100.0,100.0,0,0
453.0,pa_6,E5,5,3,5,1,"easyBike_forward3.4,easyBike_forward3.1,easyBike_forward3.0,easyBike_forward3.3,easyBike_forward3.2",easyBike_forward3.5,"76.0,293.0,366.0,147.0,221.0",4.0,125.0,100.0,33.3,0,2
453.0,pa_6_rev,NEG_E5,5,3,1,0,eRickshaw_reverse3.1,NONE,40.0,NONE,25.0,20.0,0.0,4,3
453.0,pa_7,E6,4,2,0,0,NONE,NONE,NONE,NONE,0.0,0.0,0.0,4,2
453.0,pa_7_rev,NEG_E6,4,2,4,2,"easyBike_reverse3.5,easyBike_reverse2.5,eRickshaw_reverse3.0,easyBike_reverse4.4","easyBike_reverse3.6,easyBike_reverse2.7","96.0,131.0,176.0,116.0","48.0,38.0",80.0,100.0,100.0,0,0
453.0,pa_8,E7,5,3,1,0,eRickshaw_forward4.0,NONE,117.0,NONE,25.0,20.0,0.0,4,3
453.0,pa_8_rev,NEG_E7,5,3,5,3,"easyBike_reverse2.1,easyBike_reverse3.0,easyBike_reverse3.1,easyBike_reverse2.0,easyBike_reverse4.1","easyBike_reverse4.0,easyBike_reverse2.3,easyBike_reverse3.3","311.0,256.0,305.0,254.0,296.0","250.0,221.0,202.0",125.0,100.0,100.0,0,0
454.0,pa_2,E0,4,3,4,3,"easyBike_forward4.0,easyBike_forward2.0,easyBike_forward1.0,easyBike_forward1.1","easyBike_forward2.1,easyBike_forward4.1,easyBike_forward1.2","356.0,363.0,359.0,311.0","303.0,282.0,259.0",80.0,100.0,100.0,0,0
454.0,pa_2_rev,NEG_E0,4,3,0,0,NONE,NONE,NONE,NONE,0.0,0.0,0.0,4,3
454.0,pa_3,E1,4,3,4,3,"easyBike_forward4.2,easyBike_forward1.3,easyBike_forward2.3,easyBike_forward1.4","eRickshaw_reverse4.0,easyBike_forward2.4,easyBike_forward4.3","98.0,104.0,81.0,54.0","25.0,20.0,17.0",80.0,100.0,100.0,0,0
454.0,pa_3_rev,NEG_E1,4,3,4,3,"easyBike_reverse1.2,easyBike_reverse1.0,eRickshaw_reverse1.0,easyBike_reverse1.1","eRickshaw_reverse2.0,easyBike_reverse1.4,easyBike_reverse1.3","195.0,278.0,174.0,149.0","128.0,117.0,67.0",80.0,100.0,100.0,0,0
454.0,pa_6,E5,5,3,5,1,"easyBike_forward3.4,easyBike_forward3.1,easyBike_forward3.0,easyBike_forward3.3,easyBike_forward3.2",easyBike_forward3.5,"77.0,294.0,367.0,148.0,222.0",5.0,125.0,100.0,33.3,0,2
454.0,pa_6_rev,NEG_E5,5,3,1,0,eRickshaw_reverse3.1,NONE,41.0,NONE,25.0,20.0,0.0,4,3
454.0,pa_7,E6,4,2,0,0,NONE,NONE,NONE,NONE,0.0,0.0,0.0,4,2
454.0,pa_7_rev,NEG_E6,4,2,4,2,"easyBike_reverse3.5,easyBike_reverse2.5,eRickshaw_reverse3.0,easyBike_reverse4.4","easyBike_reverse3.6,easyBike_reverse2.7","97.0,132.0,177.0,117.0","49.0,39.0",80.0,100.0,100.0,0,0
454.0,pa_8,E7,5,3,1,0,eRickshaw_forward4.0,NONE,118.0,NONE,25.0,20.0,0.0,4,3
454.0,pa_8_rev,NEG_E7,5,3,5,3,"easyBike_reverse2.1,easyBike_reverse3.0,easyBike_reverse3.1,easyBike_reverse2.0,easyBike_reverse4.1","easyBike_reverse4.0,easyBike_reverse2.3,easyBike_reverse3.3","312.0,257.0,306.0,255.0,297.0","251.0,222.0,203.0",125.0,100.0,100.0,0,0
455.0,pa_2,E0,4,3,4,3,"easyBike_forward4.0,easyBike_forward2.0,easyBike_forward1.0,easyBike_forward1.1","easyBike_forward2.1,easyBike_forward4.1,easyBike_forward1.2","357.0,364.0,360.0,312.0","304.0,283.0,260.0",80.0,100.0,100.0,0,0
455.0,pa_2_rev,NEG_E0,4,3,0,0,NONE,NONE,NONE,NONE,0.0,0.0,0.0,4,3
455.0,pa_3,E1,4,3,4,3,"easyBike_forward4.2,easyBike_forward1.3,easyBike_forward2.3,easyBike_forward1.4","eRickshaw_reverse4.0,easyBike_forward2.4,easyBike_forward4.3","99.0,105.0,82.0,55.0","26.0,21.0,18.0",80.0,100.0,100.0,0,0
455.0,pa_3_rev,NEG_E1,4,3,4,3,"easyBike_reverse1.2,easyBike_reverse1.0,eRickshaw_reverse1.0,easyBike_reverse1.1","eRickshaw_reverse2.0,easyBike_reverse1.4,easyBike_reverse1.3","196.0,279.0,175.0,150.0","129.0,118.0,68.0",80.0,100.0,100.0,0,0
455.0,pa_6,E5,5,3,5,1,"easyBike_forward3.4,easyBike_forward3.1,easyBike_forward3.0,easyBike_forward3.3,easyBike_forward3.2",easyBike_forward3.5,"78.0,295.0,368.0,149.0,223.0",6.0,125.0,100.0,33.3,0,2
455.0,pa_6_rev,NEG_E5,5,3,1,0,eRickshaw_reverse3.1,NONE,42.0,NONE,25.0,20.0,0.0,4,3
455.0,pa_7,E6,4,2,0,0,NONE,NONE,NONE,NONE,0.0,0.0,0.0,4,2
455.0,pa_7_rev,NEG_E6,4,2,4,2,"easyBike_reverse3.5,easyBike_reverse2.5,eRickshaw_reverse3.0,easyBike_reverse4.4","easyBike_reverse3.6,easyBike_reverse2.7","98.0,133.0,178.0,118.0","50.0,40.0",80.0,100.0,100.0,0,0
455.0,pa_8,E7,5,3,1,0,eRickshaw_forward4.0,NONE,119.0,NONE,25.0,20.0,0.0,4,3
455.0,pa_8_rev,NEG_E7,5,3,5,3,"easyBike_reverse2.1,easyBike_reverse3.0,easyBike_reverse3.1,easyBike_reverse2.0,easyBike_reverse4.1","easyBike_reverse4.0,easyBike_reverse2.3,easyBike_reverse3.3","313.0,258.0,307.0,256.0,298.0","252.0,223.0,204.0",125.0,100.0,100.0,0,0
456.0,pa_2,E0,4,3,4,3,"easyBike_forward4.0,easyBike_forward2.0,easyBike_forward1.0,easyBike_forward1.1","easyBike_forward2.1,easyBike_forward4.1,easyBike_forward1.2","358.0,365.0,361.0,313.0","305.0,284.0,261.0",80.0,100.0,100.0,0,0
456.0,pa_2_rev,NEG_E0,4,3,0,0,NONE,NONE,NONE,NONE,0.0,0.0,0.0,4,3
456.0,pa_3,E1,4,3,4,3,"easyBike_forward4.2,easyBike_forward1.3,easyBike_forward2.3,easyBike_forward1.4","eRickshaw_reverse4.0,easyBike_forward2.4,easyBike_forward4.3","100.0,106.0,83.0,56.0","27.0,22.0,19.0",80.0,100.0,100.0,0,0
456.0,pa_3_rev,NEG_E1,4,3,4,3,"easyBike_reverse1.2,easyBike_reverse1.0,eRickshaw_reverse1.0,easyBike_reverse1.1","eRickshaw_reverse2.0,easyBike_reverse1.4,easyBike_reverse1.3","197.0,280.0,176.0,151.0","130.0,119.0,69.0",80.0,100.0,100.0,0,0
456.0,pa_6,E5,5,3,5,1,"easyBike_forward3.4,easyBike_forward3.1,easyBike_forward3.0,easyBike_forward3.3,easyBike_forward3.2",easyBike_forward3.5,"79.0,296.0,369.0,150.0,224.0",7.0,125.0,100.0,33.3,0,2
456.0,pa_6_rev,NEG_E5,5,3,1,0,eRickshaw_reverse3.1,NONE,43.0,NONE,25.0,20.0,0.0,4,3
456.0,pa_7,E6,4,2,0,0,NONE,NONE,NONE,NONE,0.0,0.0,0.0,4,2
456.0,pa_7_rev,NEG_E6,4,2,4,2,"easyBike_reverse3.5,easyBike_reverse2.5,eRickshaw_reverse3.0,easyBike_reverse4.4","easyBike_reverse3.6,easyBike_reverse2.7","99.0,134.0,179.0,119.0","51.0,41.0",80.0,100.0,100.0,0,0
456.0,pa_8,E7,5,3,1,0,eRickshaw_forward4.0,NONE,120.0,NONE,25.0,20.0,0.0,4,3
456.0,pa_8_rev,NEG_E7,5,3,5,3,"easyBike_reverse2.1,easyBike_reverse3.0,easyBike_reverse3.1,easyBike_reverse2.0,easyBike_reverse4.1","easyBike_reverse4.0,easyBike_reverse2.3,easyBike_reverse3.3","314.0,259.0,308.0,257.0,299.0","253.0,224.0,205.0",125.0,100.0,100.0,0,0
457.0,pa_2,E0,4,3,4,3,"easyBike_forward4.0,easyBike_forward2.0,easyBike_forward1.0,easyBike_forward1.1","easyBike_forward2.1,easyBike_forward4.1,easyBike_forward1.2","359.0,366.0,362.0,314.0","306.0,285.0,262.0",80.0,100.0,100.0,0,0
457.0,pa_2_rev,NEG_E0,4,3,0,0,NONE,NONE,NONE,NONE,0.0,0.0,0.0,4,3
457.0,pa_3,E1,4,3,4,3,"easyBike_forward4.2,easyBike_forward1.3,easyBike_forward2.3,easyBike_forward1.4","eRickshaw_reverse4.0,easyBike_forward2.4,easyBike_forward4.3","101.0,107.0,84.0,57.0","28.0,23.0,20.0",80.0,100.0,100.0,0,0
457.0,pa_3_rev,NEG_E1,4,3,4,3,"easyBike_reverse1.2,easyBike_reverse1.0,eRickshaw_reverse1.0,easyBike_reverse1.1","eRickshaw_reverse2.0,easyBike_reverse1.4,easyBike_reverse1.3","198.0,281.0,177.0,152.0","131.0,120.0,70.0",80.0,100.0,100.0,0,0
457.0,pa_6,E5,5,3,5,1,"easyBike_forward3.4,easyBike_forward3.1,easyBike_forward3.0,easyBike_forward3.3,easyBike_forward3.2",easyBike_forward3.5,"80.0,297.0,370.0,151.0,225.0",8.0,125.0,100.0,33.3,0,2
457.0,pa_6_rev,NEG_E5,5,3,1,0,eRickshaw_reverse3.1,NONE,44.0,NONE,25.0,20.0,0.0,4,3
457.0,pa_7,E6,4,2,0,0,NONE,NONE,NONE,NONE,0.0,0.0,0.0,4,2
457.0,pa_7_rev,NEG_E6,4,2,4,2,"easyBike_reverse3.5,easyBike_reverse2.5,eRickshaw_reverse3.0,easyBike_reverse4.4","easyBike_reverse3.6,easyBike_reverse2.7","100.0,135.0,180.0,120.0","52.0,42.0",80.0,100.0,100.0,0,0
457.0,pa_8,E7,5,3,1,0,eRickshaw_forward4.0,NONE,121.0,NONE,25.0,20.0,0.0,4,3
457.0,pa_8_rev,NEG_E7,5,3,5,3,"easyBike_reverse2.1,easyBike_reverse3.0,easyBike_reverse3.1,easyBike_reverse2.0,easyBike_reverse4.1","easyBike_reverse4.0,easyBike_reverse2.3,easyBike_reverse3.3","315.0,260.0,309.0,258.0,300.0","254.0,225.0,206.0",125.0,100.0,100.0,0,0
458.0,pa_2,E0,4,3,4,3,"easyBike_forward4.0,easyBike_forward2.0,easyBike_forward1.0,easyBike_forward1.1","easyBike_forward2.1,easyBike_forward4.1,easyBike_forward1.2","360.0,367.0,363.0,315.0","307.0,286.0,263.0",80.0,100.0,100.0,0,0
458.0,pa_2_rev,NEG_E0,4,3,0,0,NONE,NONE,NONE,NONE,0.0,0.0,0.0,4,3
458.0,pa_3,E1,4,3,4,3,"easyBike_forward4.2,easyBike_forward1.3,easyBike_forward2.3,easyBike_forward1.4","eRickshaw_reverse4.0,easyBike_forward2.4,easyBike_forward4.3","102.0,108.0,85.0,58.0","29.0,24.0,21.0",80.0,100.0,100.0,0,0
458.0,pa_3_rev,NEG_E1,4,3,4,3,"easyBike_reverse1.2,easyBike_reverse1.0,eRickshaw_reverse1.0,easyBike_reverse1.1","eRickshaw_reverse2.0,easyBike_reverse1.4,easyBike_reverse1.3","199.0,282.0,178.0,153.0","132.0,121.0,71.0",80.0,100.0,100.0,0,0
458.0,pa_6,E5,5,3,5,1,"easyBike_forward3.4,easyBike_forward3.1,easyBike_forward3.0,easyBike_forward3.3,easyBike_forward3.2",easyBike_forward3.5,"81.0,298.0,371.0,152.0,226.0",9.0,125.0,100.0,33.3,0,2
458.0,pa_6_rev,NEG_E5,5,3,1,0,eRickshaw_reverse3.1,NONE,45.0,NONE,25.0,20.0,0.0,4,3
458.0,pa_7,E6,4,2,0,0,NONE,NONE,NONE,NONE,0.0,0.0,0.0,4,2
458.0,pa_7_rev,NEG_E6,4,2,4,2,"easyBike_reverse3.5,easyBike_reverse2.5,eRickshaw_reverse3.0,easyBike_reverse4.4","easyBike_reverse3.6,easyBike_reverse2.7","101.0,136.0,181.0,121.0","53.0,43.0",80.0,100.0,100.0,0,0
458.0,pa_8,E7,5,3,1,0,eRickshaw_forward4.0,NONE,122.0,NONE,25.0,20.0,0.0,4,3
458.0,pa_8_rev,NEG_E7,5,3,5,3,"easyBike_reverse2.1,easyBike_reverse3.0,easyBike_reverse3.1,easyBike_reverse2.0,easyBike_reverse4.1","easyBike_reverse4.0,easyBike_reverse2.3,easyBike_reverse3.3","316.0,261.0,310.0,259.0,301.0","255.0,226.0,207.0",125.0,100.0,100.0,0,0
459.0,pa_2,E0,4,3,4,3,"easyBike_forward4.0,easyBike_forward2.0,easyBike_forward1.0,easyBike_forward1.1","easyBike_forward2.1,easyBike_forward4.1,easyBike_forward1.2","361.0,368.0,364.0,316.0","308.0,287.0,264.0",80.0,100.0,100.0,0,0
459.0,pa_2_rev,NEG_E0,4,3,0,0,NONE,NONE,NONE,NONE,0.0,0.0,0.0,4,3
459.0,pa_3,E1,4,3,4,3,"easyBike_forward4.2,easyBike_forward1.3,easyBike_forward2.3,easyBike_forward1.4","eRickshaw_reverse4.0,easyBike_forward2.4,easyBike_forward4.3","103.0,109.0,86.0,59.0","30.0,25.0,22.0",80.0,100.0,100.0,0,0
459.0,pa_3_rev,NEG_E1,4,3,4,3,"easyBike_reverse1.2,easyBike_reverse1.0,eRickshaw_reverse1.0,easyBike_reverse1.1","eRickshaw_reverse2.0,easyBike_reverse1.4,easyBike_reverse1.3","200.0,283.0,179.0,154.0","133.0,122.0,72.0",80.0,100.0,100.0,0,0
459.0,pa_6,E5,5,3,5,1,"easyBike_forward3.4,easyBike_forward3.1,easyBike_forward3.0,easyBike_forward3.3,easyBike_forward3.2",easyBike_forward3.5,"82.0,299.0,372.0,153.0,227.0",10.0,125.0,100.0,33.3,0,2
459.0,pa_6_rev,NEG_E5,5,3,1,0,eRickshaw_reverse3.1,NONE,46.0,NONE,25.0,20.0,0.0,4,3
459.0,pa_7,E6,4,2,0,0,NONE,NONE,NONE,NONE,0.0,0.0,0.0,4,2
459.0,pa_7_rev,NEG_E6,4,2,4,2,"easyBike_reverse3.5,easyBike_reverse2.5,eRickshaw_reverse3.0,easyBike_reverse4.4","easyBike_reverse3.6,easyBike_reverse2.7","102.0,137.0,182.0,122.0","54.0,44.0",80.0,100.0,100.0,0,0
459.0,pa_8,E7,5,3,1,0,eRickshaw_forward4.0,NONE,123.0,NONE,25.0,20.0,0.0,4,3
459.0,pa_8_rev,NEG_E7,5,3,5,3,"easyBike_reverse2.1,easyBike_reverse3.0,easyBike_reverse3.1,easyBike_reverse2.0,easyBike_reverse4.1","easyBike_reverse4.0,easyBike_reverse2.3,easyBike_reverse3.3","317.0,262.0,311.0,260.0,302.0","256.0,227.0,208.0",125.0,100.0,100.0,0,0
460.0,pa_2,E0,4,3,4,3,"easyBike_forward4.0,easyBike_forward2.0,easyBike_forward1.0,easyBike_forward1.1","easyBike_forward2.1,easyBike_forward4.1,easyBike_forward1.2","362.0,369.0,365.0,317.0","309.0,288.0,265.0",80.0,100.0,100.0,0,0
460.0,pa_2_rev,NEG_E0,4,3,0,0,NONE,NONE,NONE,NONE,0.0,0.0,0.0,4,3
460.0,pa_3,E1,4,3,4,3,"easyBike_forward4.2,easyBike_forward1.3,easyBike_forward2.3,easyBike_forward1.4","eRickshaw_reverse4.0,easyBike_forward2.4,easyBike_forward4.3","104.0,110.0,87.0,60.0","31.0,26.0,23.0",80.0,100.0,100.0,0,0
460.0,pa_3_rev,NEG_E1,4,3,4,3,"easyBike_reverse1.2,easyBike_reverse1.0,eRickshaw_reverse1.0,easyBike_reverse1.1","eRickshaw_reverse2.0,easyBike_reverse1.4,easyBike_reverse1.3","201.0,284.0,180.0,155.0","134.0,123.0,73.0",80.0,100.0,100.0,0,0
460.0,pa_6,E5,5,3,5,1,"easyBike_forward3.4,easyBike_forward3.1,easyBike_forward3.0,easyBike_forward3.3,easyBike_forward3.2",easyBike_forward3.5,"83.0,300.0,373.0,154.0,228.0",11.0,125.0,100.0,33.3,0,2
460.0,pa_6_rev,NEG_E5,5,3,1,0,eRickshaw_reverse3.1,NONE,47.0,NONE,25.0,20.0,0.0,4,3
460.0,pa_7,E6,4,2,0,0,NONE,NONE,NONE,NONE,0.0,0.0,0.0,4,2
460.0,pa_7_rev,NEG_E6,4,2,4,2,"easyBike_reverse3.5,easyBike_reverse2.5,eRickshaw_reverse3.0,easyBike_reverse4.4","easyBike_reverse3.6,easyBike_reverse2.7","103.0,138.0,183.0,123.0","55.0,45.0",80.0,100.0,100.0,0,0
460.0,pa_8,E7,5,3,1,0,eRickshaw_forward4.0,NONE,124.0,NONE,25.0,20.0,0.0,4,3
460.0,pa_8_rev,NEG_E7,5,3,5,3,"easyBike_reverse2.1,easyBike_reverse3.0,easyBike_reverse3.1,easyBike_reverse2.0,easyBike_reverse4.1","easyBike_reverse4.0,easyBike_reverse2.3,easyBike_reverse3.3","318.0,263.0,312.0,261.0,303.0","257.0,228.0,209.0",125.0,100.0,100.0,0,0
461.0,pa_2,E0,4,3,4,3,"easyBike_forward4.0,easyBike_forward2.0,easyBike_forward1.0,easyBike_forward1.1","easyBike_forward2.1,easyBike_forward4.1,easyBike_forward1.2","363.0,370.0,366.0,318.0","310.0,289.0,266.0",80.0,100.0,100.0,0,0
461.0,pa_2_rev,NEG_E0,4,3,0,0,NONE,NONE,NONE,NONE,0.0,0.0,0.0,4,3
461.0,pa_3,E1,4,3,4,3,"easyBike_forward4.2,easyBike_forward1.3,easyBike_forward2.3,easyBike_forward1.4","eRickshaw_reverse4.0,easyBike_forward2.4,easyBike_forward4.3","105.0,111.0,88.0,61.0","32.0,27.0,24.0",80.0,100.0,100.0,0,0
461.0,pa_3_rev,NEG_E1,4,3,4,3,"easyBike_reverse1.2,easyBike_reverse1.0,eRickshaw_reverse1.0,easyBike_reverse1.1","eRickshaw_reverse2.0,easyBike_reverse1.4,easyBike_reverse1.3","202.0,285.0,181.0,156.0","135.0,124.0,74.0",80.0,100.0,100.0,0,0
461.0,pa_6,E5,5,3,5,1,"easyBike_forward3.4,easyBike_forward3.1,easyBike_forward3.0,easyBike_forward3.3,easyBike_forward3.2",easyBike_forward3.5,"84.0,301.0,374.0,155.0,229.0",12.0,125.0,100.0,33.3,0,2
461.0,pa_6_rev,NEG_E5,5,3,1,0,eRickshaw_reverse3.1,NONE,48.0,NONE,25.0,20.0,0.0,4,3
461.0,pa_7,E6,4,2,0,0,NONE,NONE,NONE,NONE,0.0,0.0,0.0,4,2
461.0,pa_7_rev,NEG_E6,4,2,4,2,"easyBike_reverse3.5,easyBike_reverse2.5,eRickshaw_reverse3.0,easyBike_reverse4.4","easyBike_reverse3.6,easyBike_reverse2.7","104.0,139.0,184.0,124.0","56.0,46.0",80.0,100.0,100.0,0,0
461.0,pa_8,E7,5,3,1,0,eRickshaw_forward4.0,NONE,125.0,NONE,25.0,20.0,0.0,4,3
461.0,pa_8_rev,NEG_E7,5,3,5,3,"easyBike_reverse2.1,easyBike_reverse3.0,easyBike_reverse3.1,easyBike_reverse2.0,easyBike_reverse4.1","easyBike_reverse4.0,easyBike_reverse2.3,easyBike_reverse3.3","319.0,264.0,313.0,262.0,304.0","258.0,229.0,210.0",125.0,100.0,100.0,0,0
462.0,pa_2,E0,4,3,4,3,"easyBike_forward4.0,easyBike_forward2.0,easyBike_forward1.0,easyBike_forward1.1","easyBike_forward2.1,easyBike_forward4.1,easyBike_forward1.2","364.0,371.0,367.0,319.0","311.0,290.0,267.0",80.0,100.0,100.0,0,0
462.0,pa_2_rev,NEG_E0,4,3,0,0,NONE,NONE,NONE,NONE,0.0,0.0,0.0,4,3
462.0,pa_3,E1,4,3,4,3,"easyBike_forward4.2,easyBike_forward1.3,easyBike_forward2.3,easyBike_forward1.4","eRickshaw_reverse4.0,easyBike_forward2.4,easyBike_forward4.3","106.0,112.0,89.0,62.0","33.0,28.0,25.0",80.0,100.0,100.0,0,0
462.0,pa_3_rev,NEG_E1,4,3,4,3,"easyBike_reverse1.2,easyBike_reverse1.0,eRickshaw_reverse1.0,easyBike_reverse1.1","eRickshaw_reverse2.0,easyBike_reverse1.4,easyBike_reverse1.3","203.0,286.0,182.0,157.0","136.0,125.0,75.0",80.0,100.0,100.0,0,0
462.0,pa_6,E5,5,3,5,1,"easyBike_forward3.4,easyBike_forward3.1,easyBike_forward3.0,easyBike_forward3.3,easyBike_forward3.2",easyBike_forward3.5,"85.0,302.0,375.0,156.0,230.0",13.0,125.0,100.0,33.3,0,2
462.0,pa_6_rev,NEG_E5,5,3,1,0,eRickshaw_reverse3.1,NONE,49.0,NONE,25.0,20.0,0.0,4,3
462.0,pa_7,E6,4,2,0,0,NONE,NONE,NONE,NONE,0.0,0.0,0.0,4,2
462.0,pa_7_rev,NEG_E6,4,2,4,2,"easyBike_reverse3.5,easyBike_reverse2.5,eRickshaw_reverse3.0,easyBike_reverse4.4","easyBike_reverse3.6,easyBike_reverse2.7","105.0,140.0,185.0,125.0","57.0,47.0",80.0,100.0,100.0,0,0
462.0,pa_8,E7,5,3,1,0,eRickshaw_forward4.0,NONE,126.0,NONE,25.0,20.0,0.0,4,3
462.0,pa_8_rev,NEG_E7,5,3,5,3,"easyBike_reverse2.1,easyBike_reverse3.0,easyBike_reverse3.1,easyBike_reverse2.0,easyBike_reverse4.1","easyBike_reverse4.0,easyBike_reverse2.3,easyBike_reverse3.3","320.0,265.0,314.0,263.0,305.0","259.0,230.0,211.0",125.0,100.0,100.0,0,0
463.0,pa_2,E0,4,3,4,3,"easyBike_forward4.0,easyBike_forward2.0,easyBike_forward1.0,easyBike_forward1.1","easyBike_forward2.1,easyBike_forward4.1,easyBike_forward1.2","365.0,372.0,368.0,320.0","312.0,291.0,268.0",80.0,100.0,100.0,0,0
463.0,pa_2_rev,NEG_E0,4,3,0,0,NONE,NONE,NONE,NONE,0.0,0.0,0.0,4,3
463.0,pa_3,E1,4,3,4,3,"easyBike_forward4.2,easyBike_forward1.3,easyBike_forward2.3,easyBike_forward1.4","eRickshaw_reverse4.0,easyBike_forward2.4,easyBike_forward4.3","107.0,113.0,90.0,63.0","34.0,29.0,26.0",80.0,100.0,100.0,0,0
463.0,pa_3_rev,NEG_E1,4,3,4,3,"easyBike_reverse1.2,easyBike_reverse1.0,eRickshaw_reverse1.0,easyBike_reverse1.1","eRickshaw_reverse2.0,easyBike_reverse1.4,easyBike_reverse1.3","204.0,287.0,183.0,158.0","137.0,126.0,76.0",80.0,100.0,100.0,0,0
463.0,pa_6,E5,5,3,5,1,"easyBike_forward3.4,easyBike_forward3.1,easyBike_forward3.0,easyBike_forward3.3,easyBike_forward3.2",easyBike_forward3.5,"86.0,303.0,376.0,157.0,231.0",14.0,125.0,100.0,33.3,0,2
463.0,pa_6_rev,NEG_E5,5,3,1,0,eRickshaw_reverse3.1,NONE,50.0,NONE,25.0,20.0,0.0,4,3
463.0,pa_7,E6,4,2,0,0,NONE,NONE,NONE,NONE,0.0,0.0,0.0,4,2
463.0,pa_7_rev,NEG_E6,4,2,4,2,"easyBike_reverse3.5,easyBike_reverse2.5,eRickshaw_reverse3.0,easyBike_reverse4.4","easyBike_reverse3.6,easyBike_reverse2.7","106.0,141.0,186.0,126.0","58.0,48.0",80.0,100.0,100.0,0,0
463.0,pa_8,E7,5,3,1,0,eRickshaw_forward4.0,NONE,127.0,NONE,25.0,20.0,0.0,4,3
463.0,pa_8_rev,NEG_E7,5,3,5,3,"easyBike_reverse2.1,easyBike_reverse3.0,easyBike_reverse3.1,easyBike_reverse2.0,easyBike_reverse4.1","easyBike_reverse4.0,easyBike_reverse2.3,easyBike_reverse3.3","321.0,266.0,315.0,264.0,306.0","260.0,231.0,212.0",125.0,100.0,100.0,0,0
464.0,pa_2,E0,4,3,4,3,"easyBike_forward4.0,easyBike_forward2.0,easyBike_forward1.0,easyBike_forward1.1","easyBike_forward2.1,easyBike_forward4.1,easyBike_forward1.2","366.0,373.0,369.0,321.0","313.0,292.0,269.0",80.0,100.0,100.0,0,0
464.0,pa_2_rev,NEG_E0,4,3,0,0,NONE,NONE,NONE,NONE,0.0,0.0,0.0,4,3
464.0,pa_3,E1,4,3,4,3,"easyBike_forward4.2,easyBike_forward1.3,easyBike_forward2.3,easyBike_forward1.4","eRickshaw_reverse4.0,easyBike_forward2.4,easyBike_forward4.3","108.0,114.0,91.0,64.0","35.0,30.0,27.0",80.0,100.0,100.0,0,0
464.0,pa_3_rev,NEG_E1,4,3,4,3,"easyBike_reverse1.2,easyBike_reverse1.0,eRickshaw_reverse1.0,easyBike_reverse1.1","eRickshaw_reverse2.0,easyBike_reverse1.4,easyBike_reverse1.3","205.0,288.0,184.0,159.0","138.0,127.0,77.0",80.0,100.0,100.0,0,0
464.0,pa_6,E5,5,3,5,1,"easyBike_forward3.4,easyBike_forward3.1,easyBike_forward3.0,easyBike_forward3.3,easyBike_forward3.2",easyBike_forward3.5,"87.0,304.0,377.0,158.0,232.0",15.0,125.0,100.0,33.3,0,2
464.0,pa_6_rev,NEG_E5,5,3,1,0,eRickshaw_reverse3.1,NONE,51.0,NONE,25.0,20.0,0.0,4,3
464.0,pa_7,E6,4,2,0,0,NONE,NONE,NONE,NONE,0.0,0.0,0.0,4,2
464.0,pa_7_rev,NEG_E6,4,2,4,2,"easyBike_reverse3.5,easyBike_reverse2.5,eRickshaw_reverse3.0,easyBike_reverse4.4","easyBike_reverse3.6,easyBike_reverse2.7","107.0,142.0,187.0,127.0","59.0,49.0",80.0,100.0,100.0,0,0
464.0,pa_8,E7,5,3,1,0,eRickshaw_forward4.0,NONE,128.0,NONE,25.0,20.0,0.0,4,3
464.0,pa_8_rev,NEG_E7,5,3,5,3,"easyBike_reverse2.1,easyBike_reverse3.0,easyBike_reverse3.1,easyBike_reverse2.0,easyBike_reverse4.1","easyBike_reverse4.0,easyBike_reverse2.3,easyBike_reverse3.3","322.0,267.0,316.0,265.0,307.0","261.0,232.0,213.0",125.0,100.0,100.0,0,0
465.0,pa_2,E0,4,3,4,3,"easyBike_forward4.0,easyBike_forward2.0,easyBike_forward1.0,easyBike_forward1.1","easyBike_forward2.1,easyBike_forward4.1,easyBike_forward1.2","367.0,374.0,370.0,322.0","314.0,293.0,270.0",80.0,100.0,100.0,0,0
465.0,pa_2_rev,NEG_E0,4,3,0,0,NONE,NONE,NONE,NONE,0.0,0.0,0.0,4,3
465.0,pa_3,E1,4,3,4,3,"easyBike_forward4.2,easyBike_forward1.3,easyBike_forward2.3,easyBike_forward1.4","eRickshaw_reverse4.0,easyBike_forward2.4,easyBike_forward4.3","109.0,115.0,92.0,65.0","36.0,31.0,28.0",80.0,100.0,100.0,0,0
465.0,pa_3_rev,NEG_E1,4,3,4,3,"easyBike_reverse1.2,easyBike_reverse1.0,eRickshaw_reverse1.0,easyBike_reverse1.1","eRickshaw_reverse2.0,easyBike_reverse1.4,easyBike_reverse1.3","206.0,289.0,185.0,160.0","139.0,128.0,78.0",80.0,100.0,100.0,0,0
465.0,pa_6,E5,5,3,5,1,"easyBike_forward3.4,easyBike_forward3.1,easyBike_forward3.0,easyBike_forward3.3,easyBike_forward3.2",easyBike_forward3.5,"88.0,305.0,378.0,159.0,233.0",16.0,125.0,100.0,33.3,0,2
465.0,pa_6_rev,NEG_E5,5,3,1,0,eRickshaw_reverse3.1,NONE,52.0,NONE,25.0,20.0,0.0,4,3
465.0,pa_7,E6,4,2,0,0,NONE,NONE,NONE,NONE,0.0,0.0,0.0,4,2
465.0,pa_7_rev,NEG_E6,4,2,4,2,"easyBike_reverse3.5,easyBike_reverse2.5,eRickshaw_reverse3.0,easyBike_reverse4.4","easyBike_reverse3.6,easyBike_reverse2.7","108.0,143.0,188.0,128.0","60.0,50.0",80.0,100.0,100.0,0,0
465.0,pa_8,E7,5,3,1,0,eRickshaw_forward4.0,NONE,129.0,NONE,25.0,20.0,0.0,4,3
465.0,pa_8_rev,NEG_E7,5,3,5,3,"easyBike_reverse2.1,easyBike_reverse3.0,easyBike_reverse3.1,easyBike_reverse2.0,easyBike_reverse4.1","easyBike_reverse4.0,easyBike_reverse2.3,easyBike_reverse3.3","323.0,268.0,317.0,266.0,308.0","262.0,233.0,214.0",125.0,100.0,100.0,0,0
466.0,pa_2,E0,4,3,4,3,"easyBike_forward4.0,easyBike_forward2.0,easyBike_forward1.0,easyBike_forward1.1","easyBike_forward2.1,easyBike_forward4.1,easyBike_forward1.2","368.0,375.0,371.0,323.0","315.0,294.0,271.0",80.0,100.0,100.0,0,0
466.0,pa_2_rev,NEG_E0,4,3,0,0,NONE,NONE,NONE,NONE,0.0,0.0,0.0,4,3
466.0,pa_3,E1,4,3,4,3,"easyBike_forward4.2,easyBike_forward1.3,easyBike_forward2.3,easyBike_forward1.4","eRickshaw_reverse4.0,easyBike_forward2.4,easyBike_forward4.3","110.0,116.0,93.0,66.0","37.0,32.0,29.0",80.0,100.0,100.0,0,0
466.0,pa_3_rev,NEG_E1,4,3,4,3,"easyBike_reverse1.2,easyBike_reverse1.0,eRickshaw_reverse1.0,easyBike_reverse1.1","eRickshaw_reverse2.0,easyBike_reverse1.4,easyBike_reverse1.3","207.0,290.0,186.0,161.0","140.0,129.0,79.0",80.0,100.0,100.0,0,0
466.0,pa_6,E5,5,3,5,1,"easyBike_forward3.4,easyBike_forward3.1,easyBike_forward3.0,easyBike_forward3.3,easyBike_forward3.2",easyBike_forward3.5,"89.0,306.0,379.0,160.0,234.0",17.0,125.0,100.0,33.3,0,2
466.0,pa_6_rev,NEG_E5,5,3,1,0,eRickshaw_reverse3.1,NONE,53.0,NONE,25.0,20.0,0.0,4,3
466.0,pa_7,E6,4,2,0,0,NONE,NONE,NONE,NONE,0.0,0.0,0.0,4,2
466.0,pa_7_rev,NEG_E6,4,2,4,2,"easyBike_reverse3.5,easyBike_reverse2.5,eRickshaw_reverse3.0,easyBike_reverse4.4","easyBike_reverse3.6,easyBike_reverse2.7","109.0,144.0,189.0,129.0","61.0,51.0",80.0,100.0,100.0,0,0
466.0,pa_8,E7,5,3,1,0,eRickshaw_forward4.0,NONE,130.0,NONE,25.0,20.0,0.0,4,3
466.0,pa_8_rev,NEG_E7,5,3,5,3,"easyBike_reverse2.1,easyBike_reverse3.0,easyBike_reverse3.1,easyBike_reverse2.0,easyBike_reverse4.1","easyBike_reverse4.0,easyBike_reverse2.3,easyBike_reverse3.3","324.0,269.0,318.0,267.0,309.0","263.0,234.0,215.0",125.0,100.0,100.0,0,0
467.0,pa_2,E0,4,3,4,3,"easyBike_forward4.0,easyBike_forward2.0,easyBike_forward1.0,easyBike_forward1.1","easyBike_forward2.1,easyBike_forward4.1,easyBike_forward1.2","369.0,376.0,372.0,324.0","316.0,295.0,272.0",80.0,100.0,100.0,0,0
467.0,pa_2_rev,NEG_E0,4,3,0,0,NONE,NONE,NONE,NONE,0.0,0.0,0.0,4,3
467.0,pa_3,E1,4,3,4,3,"easyBike_forward4.2,easyBike_forward1.3,easyBike_forward2.3,easyBike_forward1.4","eRickshaw_reverse4.0,easyBike_forward2.4,easyBike_forward4.3","111.0,117.0,94.0,67.0","38.0,33.0,30.0",80.0,100.0,100.0,0,0
467.0,pa_3_rev,NEG_E1,4,3,4,3,"easyBike_reverse1.2,easyBike_reverse1.0,eRickshaw_reverse1.0,easyBike_reverse1.1","eRickshaw_reverse2.0,easyBike_reverse1.4,easyBike_reverse1.3","208.0,291.0,187.0,162.0","141.0,130.0,80.0",80.0,100.0,100.0,0,0
467.0,pa_6,E5,5,3,5,1,"easyBike_forward3.4,easyBike_forward3.1,easyBike_forward3.0,easyBike_forward3.3,easyBike_forward3.2",easyBike_forward3.5,"90.0,307.0,380.0,161.0,235.0",18.0,125.0,100.0,33.3,0,2
467.0,pa_6_rev,NEG_E5,5,3,1,0,eRickshaw_reverse3.1,NONE,54.0,NONE,25.0,20.0,0.0,4,3
467.0,pa_7,E6,4,2,0,0,NONE,NONE,NONE,NONE,0.0,0.0,0.0,4,2
467.0,pa_7_rev,NEG_E6,4,2,4,2,"easyBike_reverse3.5,easyBike_reverse2.5,eRickshaw_reverse3.0,easyBike_reverse4.4","easyBike_reverse3.6,easyBike_reverse2.7","110.0,145.0,190.0,130.0","62.0,52.0",80.0,100.0,100.0,0,0
467.0,pa_8,E7,5,3,1,0,eRickshaw_forward4.0,NONE,131.0,NONE,25.0,20.0,0.0,4,3
467.0,pa_8_rev,NEG_E7,5,3,5,3,"easyBike_reverse2.1,easyBike_reverse3.0,easyBike_reverse3.1,easyBike_reverse2.0,easyBike_reverse4.1","easyBike_reverse4.0,easyBike_reverse2.3,easyBike_reverse3.3","325.0,270.0,319.0,268.0,310.0","264.0,235.0,216.0",125.0,100.0,100.0,0,0
468.0,pa_2,E0,4,3,4,3,"easyBike_forward4.0,easyBike_forward2.0,easyBike_forward1.0,easyBike_forward1.1","easyBike_forward2.1,easyBike_forward4.1,easyBike_forward1.2","370.0,377.0,373.0,325.0","317.0,296.0,273.0",80.0,100.0,100.0,0,0
468.0,pa_2_rev,NEG_E0,4,3,0,0,NONE,NONE,NONE,NONE,0.0,0.0,0.0,4,3
468.0,pa_3,E1,4,3,4,3,"easyBike_forward4.2,easyBike_forward1.3,easyBike_forward2.3,easyBike_forward1.4","eRickshaw_reverse4.0,easyBike_forward2.4,easyBike_forward4.3","112.0,118.0,95.0,68.0","39.0,34.0,31.0",80.0,100.0,100.0,0,0
468.0,pa_3_rev,NEG_E1,4,3,4,3,"easyBike_reverse1.2,easyBike_reverse1.0,eRickshaw_reverse1.0,easyBike_reverse1.1","eRickshaw_reverse2.0,easyBike_reverse1.4,easyBike_reverse1.3","209.0,292.0,188.0,163.0","142.0,131.0,81.0",80.0,100.0,100.0,0,0
468.0,pa_6,E5,5,3,5,1,"easyBike_forward3.4,easyBike_forward3.1,easyBike_forward3.0,easyBike_forward3.3,easyBike_forward3.2",easyBike_forward3.5,"91.0,308.0,381.0,162.0,236.0",19.0,125.0,100.0,33.3,0,2
468.0,pa_6_rev,NEG_E5,5,3,1,0,eRickshaw_reverse3.1,NONE,55.0,NONE,25.0,20.0,0.0,4,3
468.0,pa_7,E6,4,2,0,0,NONE,NONE,NONE,NONE,0.0,0.0,0.0,4,2
468.0,pa_7_rev,NEG_E6,4,2,4,2,"easyBike_reverse3.5,easyBike_reverse2.5,eRickshaw_reverse3.0,easyBike_reverse4.4","easyBike_reverse3.6,easyBike_reverse2.7","111.0,146.0,191.0,131.0","63.0,53.0",80.0,100.0,100.0,0,0
468.0,pa_8,E7,5,3,1,0,eRickshaw_forward4.0,NONE,132.0,NONE,25.0,20.0,0.0,4,3
468.0,pa_8_rev,NEG_E7,5,3,5,3,"easyBike_reverse2.1,easyBike_reverse3.0,easyBike_reverse3.1,easyBike_reverse2.0,easyBike_reverse4.1","easyBike_reverse4.0,easyBike_reverse2.3,easyBike_reverse3.3","326.0,271.0,320.0,269.0,311.0","265.0,236.0,217.0",125.0,100.0,100.0,0,0
469.0,pa_2,E0,4,3,4,3,"easyBike_forward4.0,easyBike_forward2.0,easyBike_forward1.0,easyBike_forward1.1","easyBike_forward2.1,easyBike_forward4.1,easyBike_forward1.2","371.0,378.0,374.0,326.0","318.0,297.0,274.0",80.0,100.0,100.0,0,0
469.0,pa_2_rev,NEG_E0,4,3,0,0,NONE,NONE,NONE,NONE,0.0,0.0,0.0,4,3
469.0,pa_3,E1,4,3,4,3,"easyBike_forward4.2,easyBike_forward1.3,easyBike_forward2.3,easyBike_forward1.4","eRickshaw_reverse4.0,easyBike_forward2.4,easyBike_forward4.3","113.0,119.0,96.0,69.0","40.0,35.0,32.0",80.0,100.0,100.0,0,0
469.0,pa_3_rev,NEG_E1,4,3,4,3,"easyBike_reverse1.2,easyBike_reverse1.0,eRickshaw_reverse1.0,easyBike_reverse1.1","eRickshaw_reverse2.0,easyBike_reverse1.4,easyBike_reverse1.3","210.0,293.0,189.0,164.0","143.0,132.0,82.0",80.0,100.0,100.0,0,0
469.0,pa_6,E5,5,3,5,1,"easyBike_forward3.4,easyBike_forward3.1,easyBike_forward3.0,easyBike_forward3.3,easyBike_forward3.2",easyBike_forward3.5,"92.0,309.0,382.0,163.0,237.0",20.0,125.0,100.0,33.3,0,2
469.0,pa_6_rev,NEG_E5,5,3,1,0,eRickshaw_reverse3.1,NONE,56.0,NONE,25.0,20.0,0.0,4,3
469.0,pa_7,E6,4,2,0,0,NONE,NONE,NONE,NONE,0.0,0.0,0.0,4,2
469.0,pa_7_rev,NEG_E6,4,2,4,2,"easyBike_reverse3.5,easyBike_reverse2.5,eRickshaw_reverse3.0,easyBike_reverse4.4","easyBike_reverse3.6,easyBike_reverse2.7","112.0,147.0,192.0,132.0","64.0,54.0",80.0,100.0,100.0,0,0
469.0,pa_8,E7,5,3,1,0,eRickshaw_forward4.0,NONE,133.0,NONE,25.0,20.0,0.0,4,3
469.0,pa_8_rev,NEG_E7,5,3,5,3,"easyBike_reverse2.1,easyBike_reverse3.0,easyBike_reverse3.1,easyBike_reverse2.0,easyBike_reverse4.1","easyBike_reverse4.0,easyBike_reverse2.3,easyBike_reverse3.3","327.0,272.0,321.0,270.0,312.0","266.0,237.0,218.0",125.0,100.0,100.0,0,0
470.0,pa_2,E0,4,3,4,3,"easyBike_forward4.0,easyBike_forward2.0,easyBike_forward1.0,easyBike_forward1.1","easyBike_forward2.1,easyBike_forward4.1,easyBike_forward1.2","372.0,379.0,375.0,327.0","319.0,298.0,275.0",80.0,100.0,100.0,0,0
470.0,pa_2_rev,NEG_E0,4,3,0,0,NONE,NONE,NONE,NONE,0.0,0.0,0.0,4,3
470.0,pa_3,E1,4,3,4,3,"easyBike_forward4.2,easyBike_forward1.3,easyBike_forward2.3,easyBike_forward1.4","eRickshaw_reverse4.0,easyBike_forward2.4,easyBike_forward4.3","114.0,120.0,97.0,70.0","41.0,36.0,33.0",80.0,100.0,100.0,0,0
470.0,pa_3_rev,NEG_E1,4,3,4,3,"easyBike_reverse1.2,easyBike_reverse1.0,eRickshaw_reverse1.0,easyBike_reverse1.1","eRickshaw_reverse2.0,easyBike_reverse1.4,easyBike_reverse1.3","211.0,294.0,190.0,165.0","144.0,133.0,83.0",80.0,100.0,100.0,0,0
470.0,pa_6,E5,5,3,5,1,"easyBike_forward3.4,easyBike_forward3.1,easyBike_forward3.0,easyBike_forward3.3,easyBike_forward3.2",easyBike_forward3.5,"93.0,310.0,383.0,164.0,238.0",21.0,125.0,100.0,33.3,0,2
470.0,pa_6_rev,NEG_E5,5,3,1,0,eRickshaw_reverse3.1,NONE,57.0,NONE,25.0,20.0,0.0,4,3
470.0,pa_7,E6,4,2,0,0,NONE,NONE,NONE,NONE,0.0,0.0,0.0,4,2
470.0,pa_7_rev,NEG_E6,4,2,4,2,"easyBike_reverse3.5,easyBike_reverse2.5,eRickshaw_reverse3.0,easyBike_reverse4.4","easyBike_reverse3.6,easyBike_reverse2.7","113.0,148.0,193.0,133.0","65.0,55.0",80.0,100.0,100.0,0,0
470.0,pa_8,E7,5,3,1,0,eRickshaw_forward4.0,NONE,134.0,NONE,25.0,20.0,0.0,4,3
470.0,pa_8_rev,NEG_E7,5,3,5,3,"easyBike_reverse2.1,easyBike_reverse3.0,easyBike_reverse3.1,easyBike_reverse2.0,easyBike_reverse4.1","easyBike_reverse4.0,easyBike_reverse2.3,easyBike_reverse3.3","328.0,273.0,322.0,271.0,313.0","267.0,238.0,219.0",125.0,100.0,100.0,0,0
471.0,pa_2,E0,4,3,4,3,"easyBike_forward4.0,easyBike_forward2.0,easyBike_forward1.0,easyBike_forward1.1","easyBike_forward2.1,easyBike_forward4.1,easyBike_forward1.2","373.0,380.0,376.0,328.0","320.0,299.0,276.0",80.0,100.0,100.0,0,0
471.0,pa_2_rev,NEG_E0,4,3,0,0,NONE,NONE,NONE,NONE,0.0,0.0,0.0,4,3
471.0,pa_3,E1,4,3,4,3,"easyBike_forward4.2,easyBike_forward1.3,easyBike_forward2.3,easyBike_forward1.4","eRickshaw_reverse4.0,easyBike_forward2.4,easyBike_forward4.3","115.0,121.0,98.0,71.0","42.0,37.0,34.0",80.0,100.0,100.0,0,0
471.0,pa_3_rev,NEG_E1,4,3,4,3,"easyBike_reverse1.2,easyBike_reverse1.0,eRickshaw_reverse1.0,easyBike_reverse1.1","eRickshaw_reverse2.0,easyBike_reverse1.4,easyBike_reverse1.3","212.0,295.0,191.0,166.0","145.0,134.0,84.0",80.0,100.0,100.0,0,0
471.0,pa_6,E5,5,3,5,1,"easyBike_forward3.4,easyBike_forward3.1,easyBike_forward3.0,easyBike_forward3.3,easyBike_forward3.2",easyBike_forward3.5,"94.0,311.0,384.0,165.0,239.0",22.0,125.0,100.0,33.3,0,2
471.0,pa_6_rev,NEG_E5,5,3,1,0,eRickshaw_reverse3.1,NONE,58.0,NONE,25.0,20.0,0.0,4,3
471.0,pa_7,E6,4,2,0,0,NONE,NONE,NONE,NONE,0.0,0.0,0.0,4,2
471.0,pa_7_rev,NEG_E6,4,2,4,2,"easyBike_reverse3.5,easyBike_reverse2.5,eRickshaw_reverse3.0,easyBike_reverse4.4","easyBike_reverse3.6,easyBike_reverse2.7","114.0,149.0,194.0,134.0","66.0,56.0",80.0,100.0,100.0,0,0
471.0,pa_8,E7,5,3,1,0,eRickshaw_forward4.0,NONE,135.0,NONE,25.0,20.0,0.0,4,3
471.0,pa_8_rev,NEG_E7,5,3,5,3,"easyBike_reverse2.1,easyBike_reverse3.0,easyBike_reverse3.1,easyBike_reverse2.0,easyBike_reverse4.1","easyBike_reverse4.0,easyBike_reverse2.3,easyBike_reverse3.3","329.0,274.0,323.0,272.0,314.0","268.0,239.0,220.0",125.0,100.0,100.0,0,0
472.0,pa_2,E0,4,3,4,3,"easyBike_forward4.0,easyBike_forward2.0,easyBike_forward1.0,easyBike_forward1.1","easyBike_forward2.1,easyBike_forward4.1,easyBike_forward1.2","374.0,381.0,377.0,329.0","321.0,300.0,277.0",80.0,100.0,100.0,0,0
472.0,pa_2_rev,NEG_E0,4,3,0,0,NONE,NONE,NONE,NONE,0.0,0.0,0.0,4,3
472.0,pa_3,E1,4,3,4,3,"easyBike_forward4.2,easyBike_forward1.3,easyBike_forward2.3,easyBike_forward1.4","eRickshaw_reverse4.0,easyBike_forward2.4,easyBike_forward4.3","116.0,122.0,99.0,72.0","43.0,38.0,35.0",80.0,100.0,100.0,0,0
472.0,pa_3_rev,NEG_E1,4,3,4,3,"easyBike_reverse1.2,easyBike_reverse1.0,eRickshaw_reverse1.0,easyBike_reverse1.1","eRickshaw_reverse2.0,easyBike_reverse1.4,easyBike_reverse1.3","213.0,296.0,192.0,167.0","146.0,135.0,85.0",80.0,100.0,100.0,0,0
472.0,pa_6,E5,5,3,5,1,"easyBike_forward3.4,easyBike_forward3.1,easyBike_forward3.0,easyBike_forward3.3,easyBike_forward3.2",easyBike_forward3.5,"95.0,312.0,385.0,166.0,240.0",23.0,125.0,100.0,33.3,0,2
472.0,pa_6_rev,NEG_E5,5,3,1,0,eRickshaw_reverse3.1,NONE,59.0,NONE,25.0,20.0,0.0,4,3
472.0,pa_7,E6,4,2,0,0,NONE,NONE,NONE,NONE,0.0,0.0,0.0,4,2
472.0,pa_7_rev,NEG_E6,4,2,4,2,"easyBike_reverse3.5,easyBike_reverse2.5,eRickshaw_reverse3.0,easyBike_reverse4.4","easyBike_reverse3.6,easyBike_reverse2.7","115.0,150.0,195.0,135.0","67.0,57.0",80.0,100.0,100.0,0,0
472.0,pa_8,E7,5,3,1,0,eRickshaw_forward4.0,NONE,136.0,NONE,25.0,20.0,0.0,4,3
472.0,pa_8_rev,NEG_E7,5,3,5,3,"easyBike_reverse2.1,easyBike_reverse3.0,easyBike_reverse3.1,easyBike_reverse2.0,easyBike_reverse4.1","easyBike_reverse4.0,easyBike_reverse2.3,easyBike_reverse3.3","330.0,275.0,324.0,273.0,315.0","269.0,240.0,221.0",125.0,100.0,100.0,0,0
473.0,pa_2,E0,4,3,4,3,"easyBike_forward4.0,easyBike_forward2.0,easyBike_forward1.0,easyBike_forward1.1","easyBike_forward2.1,easyBike_forward4.1,easyBike_forward1.2","375.0,382.0,378.0,330.0","322.0,301.0,278.0",80.0,100.0,100.0,0,0
473.0,pa_2_rev,NEG_E0,4,3,0,0,NONE,NONE,NONE,NONE,0.0,0.0,0.0,4,3
473.0,pa_3,E1,4,3,4,3,"easyBike_forward4.2,easyBike_forward1.3,easyBike_forward2.3,easyBike_forward1.4","eRickshaw_reverse4.0,easyBike_forward2.4,easyBike_forward4.3","117.0,123.0,100.0,73.0","44.0,39.0,36.0",80.0,100.0,100.0,0,0
473.0,pa_3_rev,NEG_E1,4,3,4,3,"easyBike_reverse1.2,easyBike_reverse1.0,eRickshaw_reverse1.0,easyBike_reverse1.1","eRickshaw_reverse2.0,easyBike_reverse1.4,easyBike_reverse1.3","214.0,297.0,193.0,168.0","147.0,136.0,86.0",80.0,100.0,100.0,0,0
473.0,pa_6,E5,5,3,5,1,"easyBike_forward3.4,easyBike_forward3.1,easyBike_forward3.0,easyBike_forward3.3,easyBike_forward3.2",easyBike_forward3.5,"96.0,313.0,386.0,167.0,241.0",24.0,125.0,100.0,33.3,0,2
473.0,pa_6_rev,NEG_E5,5,3,1,0,eRickshaw_reverse3.1,NONE,60.0,NONE,25.0,20.0,0.0,4,3
473.0,pa_7,E6,4,2,0,0,NONE,NONE,NONE,NONE,0.0,0.0,0.0,4,2
473.0,pa_7_rev,NEG_E6,4,2,4,2,"easyBike_reverse3.5,easyBike_reverse2.5,eRickshaw_reverse3.0,easyBike_reverse4.4","easyBike_reverse3.6,easyBike_reverse2.7","116.0,151.0,196.0,136.0","68.0,58.0",80.0,100.0,100.0,0,0
473.0,pa_8,E7,5,3,1,0,eRickshaw_forward4.0,NONE,137.0,NONE,25.0,20.0,0.0,4,3
473.0,pa_8_rev,NEG_E7,5,3,5,3,"easyBike_reverse2.1,easyBike_reverse3.0,easyBike_reverse3.1,easyBike_reverse2.0,easyBike_reverse4.1","easyBike_reverse4.0,easyBike_reverse2.3,easyBike_reverse3.3","331.0,276.0,325.0,274.0,316.0","270.0,241.0,222.0",125.0,100.0,100.0,0,0
474.0,pa_2,E0,4,3,4,3,"easyBike_forward4.0,easyBike_forward2.0,easyBike_forward1.0,easyBike_forward1.1","easyBike_forward2.1,easyBike_forward4.1,easyBike_forward1.2","376.0,383.0,379.0,331.0","323.0,302.0,279.0",80.0,100.0,100.0,0,0
474.0,pa_2_rev,NEG_E0,4,3,0,0,NONE,NONE,NONE,NONE,0.0,0.0,0.0,4,3
474.0,pa_3,E1,4,3,4,3,"easyBike_forward4.2,easyBike_forward1.3,easyBike_forward2.3,easyBike_forward1.4","eRickshaw_reverse4.0,easyBike_forward2.4,easyBike_forward4.3","118.0,124.0,101.0,74.0","45.0,40.0,37.0",80.0,100.0,100.0,0,0
474.0,pa_3_rev,NEG_E1,4,3,4,3,"easyBike_reverse1.2,easyBike_reverse1.0,eRickshaw_reverse1.0,easyBike_reverse1.1","eRickshaw_reverse2.0,easyBike_reverse1.4,easyBike_reverse1.3","215.0,298.0,194.0,169.0","148.0,137.0,87.0",80.0,100.0,100.0,0,0
474.0,pa_6,E5,5,3,5,1,"easyBike_forward3.4,easyBike_forward3.1,easyBike_forward3.0,easyBike_forward3.3,easyBike_forward3.2",easyBike_forward3.5,"97.0,314.0,387.0,168.0,242.0",25.0,125.0,100.0,33.3,0,2
474.0,pa_6_rev,NEG_E5,5,3,1,0,eRickshaw_reverse3.1,NONE,61.0,NONE,25.0,20.0,0.0,4,3
474.0,pa_7,E6,4,2,0,0,NONE,NONE,NONE,NONE,0.0,0.0,0.0,4,2
474.0,pa_7_rev,NEG_E6,4,2,4,2,"easyBike_reverse3.5,easyBike_reverse2.5,eRickshaw_reverse3.0,easyBike_reverse4.4","easyBike_reverse3.6,easyBike_reverse2.7","117.0,152.0,197.0,137.0","69.0,59.0",80.0,100.0,100.0,0,0
474.0,pa_8,E7,5,3,1,0,eRickshaw_forward4.0,NONE,138.0,NONE,25.0,20.0,0.0,4,3
474.0,pa_8_rev,NEG_E7,5,3,5,3,"easyBike_reverse2.1,easyBike_reverse3.0,easyBike_reverse3.1,easyBike_reverse2.0,easyBike_reverse4.1","easyBike_reverse4.0,easyBike_reverse2.3,easyBike_reverse3.3","332.0,277.0,326.0,275.0,317.0","271.0,242.0,223.0",125.0,100.0,100.0,0,0
475.0,pa_2,E0,4,3,4,3,"easyBike_forward4.0,easyBike_forward2.0,easyBike_forward1.0,easyBike_forward1.1","easyBike_forward2.1,easyBike_forward4.1,easyBike_forward1.2","377.0,384.0,380.0,332.0","324.0,303.0,280.0",80.0,100.0,100.0,0,0
475.0,pa_2_rev,NEG_E0,4,3,0,0,NONE,NONE,NONE,NONE,0.0,0.0,0.0,4,3
475.0,pa_3,E1,4,3,4,3,"easyBike_forward4.2,easyBike_forward1.3,easyBike_forward2.3,easyBike_forward1.4","eRickshaw_reverse4.0,easyBike_forward2.4,easyBike_forward4.3","119.0,125.0,102.0,75.0","46.0,41.0,38.0",80.0,100.0,100.0,0,0
475.0,pa_3_rev,NEG_E1,4,3,4,3,"easyBike_reverse1.2,easyBike_reverse1.0,eRickshaw_reverse1.0,easyBike_reverse1.1","eRickshaw_reverse2.0,easyBike_reverse1.4,easyBike_reverse1.3","216.0,299.0,195.0,170.0","149.0,138.0,88.0",80.0,100.0,100.0,0,0
475.0,pa_6,E5,5,3,5,1,"easyBike_forward3.4,easyBike_forward3.1,easyBike_forward3.0,easyBike_forward3.3,easyBike_forward3.2",easyBike_forward3.5,"98.0,315.0,388.0,169.0,243.0",26.0,125.0,100.0,33.3,0,2
475.0,pa_6_rev,NEG_E5,5,3,1,0,eRickshaw_reverse3.1,NONE,62.0,NONE,25.0,20.0,0.0,4,3
475.0,pa_7,E6,4,2,0,0,NONE,NONE,NONE,NONE,0.0,0.0,0.0,4,2
475.0,pa_7_rev,NEG_E6,4,2,4,2,"easyBike_reverse3.5,easyBike_reverse2.5,eRickshaw_reverse3.0,easyBike_reverse4.4","easyBike_reverse3.6,easyBike_reverse2.7","118.0,153.0,198.0,138.0","70.0,60.0",80.0,100.0,100.0,0,0
475.0,pa_8,E7,5,3,1,0,eRickshaw_forward4.0,NONE,139.0,NONE,25.0,20.0,0.0,4,3
475.0,pa_8_rev,NEG_E7,5,3,5,3,"easyBike_reverse2.1,easyBike_reverse3.0,easyBike_reverse3.1,easyBike_reverse2.0,easyBike_reverse4.1","easyBike_reverse4.0,easyBike_reverse2.3,easyBike_reverse3.3","333.0,278.0,327.0,276.0,318.0","272.0,243.0,224.0",125.0,100.0,100.0,0,0
476.0,pa_2,E0,4,3,4,3,"easyBike_forward4.0,easyBike_forward2.0,easyBike_forward1.0,easyBike_forward1.1","easyBike_forward2.1,easyBike_forward4.1,easyBike_forward1.2","378.0,385.0,381.0,333.0","325.0,304.0,281.0",80.0,100.0,100.0,0,0
476.0,pa_2_rev,NEG_E0,4,3,0,0,NONE,NONE,NONE,NONE,0.0,0.0,0.0,4,3
476.0,pa_3,E1,4,3,4,3,"easyBike_forward4.2,easyBike_forward1.3,easyBike_forward2.3,easyBike_forward1.4","eRickshaw_reverse4.0,easyBike_forward2.4,easyBike_forward4.3","120.0,126.0,103.0,76.0","47.0,42.0,39.0",80.0,100.0,100.0,0,0
476.0,pa_3_rev,NEG_E1,4,3,4,3,"easyBike_reverse1.2,easyBike_reverse1.0,eRickshaw_reverse1.0,easyBike_reverse1.1","eRickshaw_reverse2.0,easyBike_reverse1.4,easyBike_reverse1.3","217.0,300.0,196.0,171.0","150.0,139.0,89.0",80.0,100.0,100.0,0,0
476.0,pa_6,E5,5,3,5,1,"easyBike_forward3.4,easyBike_forward3.1,easyBike_forward3.0,easyBike_forward3.3,easyBike_forward3.2",easyBike_forward3.5,"99.0,316.0,389.0,170.0,244.0",27.0,125.0,100.0,33.3,0,2
476.0,pa_6_rev,NEG_E5,5,3,1,0,eRickshaw_reverse3.1,NONE,63.0,NONE,25.0,20.0,0.0,4,3
476.0,pa_7,E6,4,2,0,0,NONE,NONE,NONE,NONE,0.0,0.0,0.0,4,2
476.0,pa_7_rev,NEG_E6,4,2,4,2,"easyBike_reverse3.5,easyBike_reverse2.5,eRickshaw_reverse3.0,easyBike_reverse4.4","easyBike_reverse3.6,easyBike_reverse2.7","119.0,154.0,199.0,139.0","71.0,61.0",80.0,100.0,100.0,0,0
476.0,pa_8,E7,5,3,1,0,eRickshaw_forward4.0,NONE,140.0,NONE,25.0,20.0,0.0,4,3
476.0,pa_8_rev,NEG_E7,5,3,5,3,"easyBike_reverse2.1,easyBike_reverse3.0,easyBike_reverse3.1,easyBike_reverse2.0,easyBike_reverse4.1","easyBike_reverse4.0,easyBike_reverse2.3,easyBike_reverse3.3","334.0,279.0,328.0,277.0,319.0","273.0,244.0,225.0",125.0,100.0,100.0,0,0
477.0,pa_2,E0,4,3,4,3,"easyBike_forward4.0,easyBike_forward2.0,easyBike_forward1.0,easyBike_forward1.1","easyBike_forward2.1,easyBike_forward4.1,easyBike_forward1.2","379.0,386.0,382.0,334.0","326.0,305.0,282.0",80.0,100.0,100.0,0,0
477.0,pa_2_rev,NEG_E0,4,3,1,0,eRickshaw_reverse1.1,NONE,0.0,NONE,20.0,25.0,0.0,3,3
477.0,pa_3,E1,4,3,4,3,"easyBike_forward4.2,easyBike_forward1.3,easyBike_forward2.3,easyBike_forward1.4","eRickshaw_reverse4.0,easyBike_forward2.4,easyBike_forward4.3","121.0,127.0,104.0,77.0","48.0,43.0,40.0",80.0,100.0,100.0,0,0
477.0,pa_3_rev,NEG_E1,4,3,4,3,"easyBike_reverse1.2,easyBike_reverse1.0,eRickshaw_reverse1.0,easyBike_reverse1.1","eRickshaw_reverse2.0,easyBike_reverse1.4,easyBike_reverse1.3","218.0,301.0,197.0,172.0","151.0,140.0,90.0",80.0,100.0,100.0,0,0
477.0,pa_6,E5,5,3,5,1,"easyBike_forward3.4,easyBike_forward3.1,easyBike_forward3.0,easyBike_forward3.3,easyBike_forward3.2",easyBike_forward3.5,"100.0,317.0,390.0,171.0,245.0",28.0,125.0,100.0,33.3,0,2
477.0,pa_6_rev,NEG_E5,5,3,1,0,eRickshaw_reverse3.1,NONE,64.0,NONE,25.0,20.0,0.0,4,3
477.0,pa_7,E6,4,2,0,0,NONE,NONE,NONE,NONE,0.0,0.0,0.0,4,2
477.0,pa_7_rev,NEG_E6,4,2,4,2,"easyBike_reverse3.5,easyBike_reverse2.5,eRickshaw_reverse3.0,easyBike_reverse4.4","easyBike_reverse3.6,easyBike_reverse2.7","120.0,155.0,200.0,140.0","72.0,62.0",80.0,100.0,100.0,0,0
477.0,pa_8,E7,5,3,1,0,eRickshaw_forward4.0,NONE,141.0,NONE,25.0,20.0,0.0,4,3
477.0,pa_8_rev,NEG_E7,5,3,5,3,"easyBike_reverse2.1,easyBike_reverse3.0,easyBike_reverse3.1,easyBike_reverse2.0,easyBike_reverse4.1","easyBike_reverse4.0,easyBike_reverse2.3,easyBike_reverse3.3","335.0,280.0,329.0,278.0,320.0","274.0,245.0,226.0",125.0,100.0,100.0,0,0
478.0,pa_2,E0,4,3,4,3,"easyBike_forward4.0,easyBike_forward2.0,easyBike_forward1.0,easyBike_forward1.1","easyBike_forward2.1,easyBike_forward4.1,easyBike_forward1.2","380.0,387.0,383.0,335.0","327.0,306.0,283.0",80.0,100.0,100.0,0,0
478.0,pa_2_rev,NEG_E0,4,3,1,0,eRickshaw_reverse1.1,NONE,1.0,NONE,20.0,25.0,0.0,3,3
478.0,pa_3,E1,4,3,4,3,"easyBike_forward4.2,easyBike_forward1.3,easyBike_forward2.3,easyBike_forward1.4","eRickshaw_reverse4.0,easyBike_forward2.4,easyBike_forward4.3","122.0,128.0,105.0,78.0","49.0,44.0,41.0",80.0,100.0,100.0,0,0
478.0,pa_3_rev,NEG_E1,4,3,4,3,"easyBike_reverse1.2,easyBike_reverse1.0,eRickshaw_reverse1.0,easyBike_reverse1.1","eRickshaw_reverse2.0,easyBike_reverse1.4,easyBike_reverse1.3","219.0,302.0,198.0,173.0","152.0,141.0,91.0",80.0,100.0,100.0,0,0
478.0,pa_6,E5,5,3,5,1,"easyBike_forward3.4,easyBike_forward3.1,easyBike_forward3.0,easyBike_forward3.3,easyBike_forward3.2",easyBike_forward3.5,"101.0,318.0,391.0,172.0,246.0",29.0,125.0,100.0,33.3,0,2
478.0,pa_6_rev,NEG_E5,5,3,1,0,eRickshaw_reverse3.1,NONE,65.0,NONE,25.0,20.0,0.0,4,3
478.0,pa_7,E6,4,2,0,0,NONE,NONE,NONE,NONE,0.0,0.0,0.0,4,2
478.0,pa_7_rev,NEG_E6,4,2,4,2,"easyBike_reverse3.5,easyBike_reverse2.5,eRickshaw_reverse3.0,easyBike_reverse4.4","easyBike_reverse3.6,easyBike_reverse2.7","121.0,156.0,201.0,141.0","73.0,63.0",80.0,100.0,100.0,0,0
478.0,pa_8,E7,5,3,1,0,eRickshaw_forward4.0,NONE,142.0,NONE,25.0,20.0,0.0,4,3
478.0,pa_8_rev,NEG_E7,5,3,5,3,"easyBike_reverse2.1,easyBike_reverse3.0,easyBike_reverse3.1,easyBike_reverse2.0,easyBike_reverse4.1","easyBike_reverse4.0,easyBike_reverse2.3,easyBike_reverse3.3","336.0,281.0,330.0,279.0,321.0","275.0,246.0,227.0",125.0,100.0,100.0,0,0
479.0,pa_2,E0,4,3,4,3,"easyBike_forward4.0,easyBike_forward2.0,easyBike_forward1.0,easyBike_forward1.1","easyBike_forward2.1,easyBike_forward4.1,easyBike_forward1.2","381.0,388.0,384.0,336.0","328.0,307.0,284.0",80.0,100.0,100.0,0,0
479.0,pa_2_rev,NEG_E0,4,3,1,0,eRickshaw_reverse1.1,NONE,2.0,NONE,20.0,25.0,0.0,3,3
479.0,pa_3,E1,4,3,4,3,"easyBike_forward4.2,easyBike_forward1.3,easyBike_forward2.3,easyBike_forward1.4","eRickshaw_reverse4.0,easyBike_forward2.4,easyBike_forward4.3","123.0,129.0,106.0,79.0","50.0,45.0,42.0",80.0,100.0,100.0,0,0
479.0,pa_3_rev,NEG_E1,4,3,4,3,"easyBike_reverse1.2,easyBike_reverse1.0,eRickshaw_reverse1.0,easyBike_reverse1.1","eRickshaw_reverse2.0,easyBike_reverse1.4,easyBike_reverse1.3","220.0,303.0,199.0,174.0","153.0,142.0,92.0",80.0,100.0,100.0,0,0
479.0,pa_6,E5,5,3,5,1,"easyBike_forward3.4,easyBike_forward3.1,easyBike_forward3.0,easyBike_forward3.3,easyBike_forward3.2",easyBike_forward3.5,"102.0,319.0,392.0,173.0,247.0",30.0,125.0,100.0,33.3,0,2
479.0,pa_6_rev,NEG_E5,5,3,1,0,eRickshaw_reverse3.1,NONE,66.0,NONE,25.0,20.0,0.0,4,3
479.0,pa_7,E6,4,2,0,0,NONE,NONE,NONE,NONE,0.0,0.0,0.0,4,2
479.0,pa_7_rev,NEG_E6,4,2,4,2,"easyBike_reverse3.5,easyBike_reverse2.5,eRickshaw_reverse3.0,easyBike_reverse4.4","easyBike_reverse3.6,easyBike_reverse2.7","122.0,157.0,202.0,142.0","74.0,64.0",80.0,100.0,100.0,0,0
479.0,pa_8,E7,5,3,1,0,eRickshaw_forward4.0,NONE,143.0,NONE,25.0,20.0,0.0,4,3
479.0,pa_8_rev,NEG_E7,5,3,5,3,"easyBike_reverse2.1,easyBike_reverse3.0,easyBike_reverse3.1,easyBike_reverse2.0,easyBike_reverse4.1","easyBike_reverse4.0,easyBike_reverse2.3,easyBike_reverse3.3","337.0,282.0,331.0,280.0,322.0","276.0,247.0,228.0",125.0,100.0,100.0,0,0
480.0,pa_2,E0,4,3,4,3,"easyBike_forward4.0,easyBike_forward2.0,easyBike_forward1.0,easyBike_forward1.1","easyBike_forward2.1,easyBike_forward4.1,easyBike_forward1.2","382.0,389.0,385.0,337.0","329.0,308.0,285.0",80.0,100.0,100.0,0,0
480.0,pa_2_rev,NEG_E0,4,3,1,0,eRickshaw_reverse1.1,NONE,3.0,NONE,20.0,25.0,0.0,3,3
480.0,pa_3,E1,4,3,4,3,"easyBike_forward4.2,easyBike_forward1.3,easyBike_forward2.3,easyBike_forward1.4","eRickshaw_reverse4.0,easyBike_forward2.4,easyBike_forward4.3","124.0,130.0,107.0,80.0","51.0,46.0,43.0",80.0,100.0,100.0,0,0
480.0,pa_3_rev,NEG_E1,4,3,4,3,"easyBike_reverse1.2,easyBike_reverse1.0,eRickshaw_reverse1.0,easyBike_reverse1.1","eRickshaw_reverse2.0,easyBike_reverse1.4,easyBike_reverse1.3","221.0,304.0,200.0,175.0","154.0,143.0,93.0",80.0,100.0,100.0,0,0
480.0,pa_6,E5,5,3,5,1,"easyBike_forward3.4,easyBike_forward3.1,easyBike_forward3.0,easyBike_forward3.3,easyBike_forward3.2",easyBike_forward3.5,"103.0,320.0,393.0,174.0,248.0",31.0,125.0,100.0,33.3,0,2
480.0,pa_6_rev,NEG_E5,5,3,1,0,eRickshaw_reverse3.1,NONE,67.0,NONE,25.0,20.0,0.0,4,3
480.0,pa_7,E6,4,2,0,0,NONE,NONE,NONE,NONE,0.0,0.0,0.0,4,2
480.0,pa_7_rev,NEG_E6,4,2,4,2,"easyBike_reverse3.5,easyBike_reverse2.5,eRickshaw_reverse3.0,easyBike_reverse4.4","easyBike_reverse3.6,easyBike_reverse2.7","123.0,158.0,203.0,143.0","75.0,65.0",80.0,100.0,100.0,0,0
480.0,pa_8,E7,5,3,1,0,eRickshaw_forward4.0,NONE,144.0,NONE,25.0,20.0,0.0,4,3
480.0,pa_8_rev,NEG_E7,5,3,5,3,"easyBike_reverse2.1,easyBike_reverse3.0,easyBike_reverse3.1,easyBike_reverse2.0,easyBike_reverse4.1","easyBike_reverse4.0,easyBike_reverse2.3,easyBike_reverse3.3","338.0,283.0,332.0,281.0,323.0","277.0,248.0,229.0",125.0,100.0,100.0,0,0
481.0,pa_2,E0,4,3,4,3,"easyBike_forward4.0,easyBike_forward2.0,easyBike_forward1.0,easyBike_forward1.1","easyBike_forward2.1,easyBike_forward4.1,easyBike_forward1.2","383.0,390.0,386.0,338.0","330.0,309.0,286.0",80.0,100.0,100.0,0,0
481.0,pa_2_rev,NEG_E0,4,3,1,0,eRickshaw_reverse1.1,NONE,4.0,NONE,20.0,25.0,0.0,3,3
481.0,pa_3,E1,4,3,4,3,"easyBike_forward4.2,easyBike_forward1.3,easyBike_forward2.3,easyBike_forward1.4","eRickshaw_reverse4.0,easyBike_forward2.4,easyBike_forward4.3","125.0,131.0,108.0,81.0","52.0,47.0,44.0",80.0,100.0,100.0,0,0
481.0,pa_3_rev,NEG_E1,4,3,4,3,"easyBike_reverse1.2,easyBike_reverse1.0,eRickshaw_reverse1.0,easyBike_reverse1.1","eRickshaw_reverse2.0,easyBike_reverse1.4,easyBike_reverse1.3","222.0,305.0,201.0,176.0","155.0,144.0,94.0",80.0,100.0,100.0,0,0
481.0,pa_6,E5,5,3,5,1,"easyBike_forward3.4,easyBike_forward3.1,easyBike_forward3.0,easyBike_forward3.3,easyBike_forward3.2",easyBike_forward3.5,"104.0,321.0,394.0,175.0,249.0",32.0,125.0,100.0,33.3,0,2
481.0,pa_6_rev,NEG_E5,5,3,1,0,eRickshaw_reverse3.1,NONE,68.0,NONE,25.0,20.0,0.0,4,3
481.0,pa_7,E6,4,2,0,0,NONE,NONE,NONE,NONE,0.0,0.0,0.0,4,2
481.0,pa_7_rev,NEG_E6,4,2,4,2,"easyBike_reverse3.5,easyBike_reverse2.5,eRickshaw_reverse3.0,easyBike_reverse4.4","easyBike_reverse3.6,easyBike_reverse2.7","124.0,159.0,204.0,144.0","76.0,66.0",80.0,100.0,100.0,0,0
481.0,pa_8,E7,5,3,1,0,eRickshaw_forward4.0,NONE,145.0,NONE,25.0,20.0,0.0,4,3
481.0,pa_8_rev,NEG_E7,5,3,5,3,"easyBike_reverse2.1,easyBike_reverse3.0,easyBike_reverse3.1,easyBike_reverse2.0,easyBike_reverse4.1","easyBike_reverse4.0,easyBike_reverse2.3,easyBike_reverse3.3","339.0,284.0,333.0,282.0,324.0","278.0,249.0,230.0",125.0,100.0,100.0,0,0
482.0,pa_2,E0,4,3,4,3,"easyBike_forward4.0,easyBike_forward2.0,easyBike_forward1.0,easyBike_forward1.1","easyBike_forward2.1,easyBike_forward4.1,easyBike_forward1.2","384.0,391.0,387.0,339.0","331.0,310.0,287.0",80.0,100.0,100.0,0,0
482.0,pa_2_rev,NEG_E0,4,3,1,0,eRickshaw_reverse1.1,NONE,5.0,NONE,20.0,25.0,0.0,3,3
482.0,pa_3,E1,4,3,4,3,"easyBike_forward4.2,easyBike_forward1.3,easyBike_forward2.3,easyBike_forward1.4","eRickshaw_reverse4.0,easyBike_forward2.4,easyBike_forward4.3","126.0,132.0,109.0,82.0","53.0,48.0,45.0",80.0,100.0,100.0,0,0
482.0,pa_3_rev,NEG_E1,4,3,4,3,"easyBike_reverse1.2,easyBike_reverse1.0,eRickshaw_reverse1.0,easyBike_reverse1.1","eRickshaw_reverse2.0,easyBike_reverse1.4,easyBike_reverse1.3","223.0,306.0,202.0,177.0","156.0,145.0,95.0",80.0,100.0,100.0,0,0
482.0,pa_6,E5,5,3,5,1,"easyBike_forward3.4,easyBike_forward3.1,easyBike_forward3.0,easyBike_forward3.3,easyBike_forward3.2",easyBike_forward3.5,"105.0,322.0,395.0,176.0,250.0",33.0,125.0,100.0,33.3,0,2
482.0,pa_6_rev,NEG_E5,5,3,1,0,eRickshaw_reverse3.1,NONE,69.0,NONE,25.0,20.0,0.0,4,3
482.0,pa_7,E6,4,2,0,0,NONE,NONE,NONE,NONE,0.0,0.0,0.0,4,2
482.0,pa_7_rev,NEG_E6,4,2,4,2,"easyBike_reverse3.5,easyBike_reverse2.5,eRickshaw_reverse3.0,easyBike_reverse4.4","easyBike_reverse3.6,easyBike_reverse2.7","125.0,160.0,205.0,145.0","77.0,67.0",80.0,100.0,100.0,0,0
482.0,pa_8,E7,5,3,1,0,eRickshaw_forward4.0,NONE,146.0,NONE,25.0,20.0,0.0,4,3
482.0,pa_8_rev,NEG_E7,5,3,5,3,"easyBike_reverse2.1,easyBike_reverse3.0,easyBike_reverse3.1,easyBike_reverse2.0,easyBike_reverse4.1","easyBike_reverse4.0,easyBike_reverse2.3,easyBike_reverse3.3","340.0,285.0,334.0,283.0,325.0","279.0,250.0,231.0",125.0,100.0,100.0,0,0
483.0,pa_2,E0,4,3,4,3,"easyBike_forward4.0,easyBike_forward2.0,easyBike_forward1.0,easyBike_forward1.1","easyBike_forward2.1,easyBike_forward4.1,easyBike_forward1.2","385.0,392.0,388.0,340.0","332.0,311.0,288.0",80.0,100.0,100.0,0,0
483.0,pa_2_rev,NEG_E0,4,3,1,0,eRickshaw_reverse1.1,NONE,6.0,NONE,20.0,25.0,0.0,3,3
483.0,pa_3,E1,4,3,4,3,"easyBike_forward4.2,easyBike_forward1.3,easyBike_forward2.3,easyBike_forward1.4","eRickshaw_reverse4.0,easyBike_forward2.4,easyBike_forward4.3","127.0,133.0,110.0,83.0","54.0,49.0,46.0",80.0,100.0,100.0,0,0
483.0,pa_3_rev,NEG_E1,4,3,4,3,"easyBike_reverse1.2,easyBike_reverse1.0,eRickshaw_reverse1.0,easyBike_reverse1.1","eRickshaw_reverse2.0,easyBike_reverse1.4,easyBike_reverse1.3","224.0,307.0,203.0,178.0","157.0,146.0,96.0",80.0,100.0,100.0,0,0
483.0,pa_6,E5,5,3,5,1,"easyBike_forward3.4,easyBike_forward3.1,easyBike_forward3.0,easyBike_forward3.3,easyBike_forward3.2",easyBike_forward3.5,"106.0,323.0,396.0,177.0,251.0",34.0,125.0,100.0,33.3,0,2
483.0,pa_6_rev,NEG_E5,5,3,1,0,eRickshaw_reverse3.1,NONE,70.0,NONE,25.0,20.0,0.0,4,3
483.0,pa_7,E6,4,2,0,0,NONE,NONE,NONE,NONE,0.0,0.0,0.0,4,2
483.0,pa_7_rev,NEG_E6,4,2,4,2,"easyBike_reverse3.5,easyBike_reverse2.5,eRickshaw_reverse3.0,easyBike_reverse4.4","easyBike_reverse3.6,easyBike_reverse2.7","126.0,161.0,206.0,146.0","78.0,68.0",80.0,100.0,100.0,0,0
483.0,pa_8,E7,5,3,1,0,eRickshaw_forward4.0,NONE,147.0,NONE,25.0,20.0,0.0,4,3
483.0,pa_8_rev,NEG_E7,5,3,5,3,"easyBike_reverse2.1,easyBike_reverse3.0,easyBike_reverse3.1,easyBike_reverse2.0,easyBike_reverse4.1","easyBike_reverse4.0,easyBike_reverse2.3,easyBike_reverse3.3","341.0,286.0,335.0,284.0,326.0","280.0,251.0,232.0",125.0,100.0,100.0,0,0
484.0,pa_2,E0,4,3,4,3,"easyBike_forward4.0,easyBike_forward2.0,easyBike_forward1.0,easyBike_forward1.1","easyBike_forward2.1,easyBike_forward4.1,easyBike_forward1.2","386.0,393.0,389.0,341.0","333.0,312.0,289.0",80.0,100.0,100.0,0,0
484.0,pa_2_rev,NEG_E0,4,3,1,0,eRickshaw_reverse1.1,NONE,7.0,NONE,20.0,25.0,0.0,3,3
484.0,pa_3,E1,4,3,4,3,"easyBike_forward4.2,easyBike_forward1.3,easyBike_forward2.3,easyBike_forward1.4","eRickshaw_reverse4.0,easyBike_forward2.4,easyBike_forward4.3","128.0,134.0,111.0,84.0","55.0,50.0,47.0",80.0,100.0,100.0,0,0
484.0,pa_3_rev,NEG_E1,4,3,4,3,"easyBike_reverse1.2,easyBike_reverse1.0,eRickshaw_reverse1.0,easyBike_reverse1.1","eRickshaw_reverse2.0,easyBike_reverse1.4,easyBike_reverse1.3","225.0,308.0,204.0,179.0","158.0,147.0,97.0",80.0,100.0,100.0,0,0
484.0,pa_6,E5,5,3,5,1,"easyBike_forward3.4,easyBike_forward3.1,easyBike_forward3.0,easyBike_forward3.3,easyBike_forward3.2",easyBike_forward3.5,"107.0,324.0,397.0,178.0,252.0",35.0,125.0,100.0,33.3,0,2
484.0,pa_6_rev,NEG_E5,5,3,1,0,eRickshaw_reverse3.1,NONE,71.0,NONE,25.0,20.0,0.0,4,3
484.0,pa_7,E6,4,2,0,0,NONE,NONE,NONE,NONE,0.0,0.0,0.0,4,2
484.0,pa_7_rev,NEG_E6,4,2,4,2,"easyBike_reverse3.5,easyBike_reverse2.5,eRickshaw_reverse3.0,easyBike_reverse4.4","easyBike_reverse3.6,easyBike_reverse2.7","127.0,162.0,207.0,147.0","79.0,69.0",80.0,100.0,100.0,0,0
484.0,pa_8,E7,5,3,1,0,eRickshaw_forward4.0,NONE,148.0,NONE,25.0,20.0,0.0,4,3
484.0,pa_8_rev,NEG_E7,5,3,5,3,"easyBike_reverse2.1,easyBike_reverse3.0,easyBike_reverse3.1,easyBike_reverse2.0,easyBike_reverse4.1","easyBike_reverse4.0,easyBike_reverse2.3,easyBike_reverse3.3","342.0,287.0,336.0,285.0,327.0","281.0,252.0,233.0",125.0,100.0,100.0,0,0
485.0,pa_2,E0,4,3,4,3,"easyBike_forward4.0,easyBike_forward2.0,easyBike_forward1.0,easyBike_forward1.1","easyBike_forward2.1,easyBike_forward4.1,easyBike_forward1.2","387.0,394.0,390.0,342.0","334.0,313.0,290.0",80.0,100.0,100.0,0,0
485.0,pa_2_rev,NEG_E0,4,3,1,0,eRickshaw_reverse1.1,NONE,8.0,NONE,20.0,25.0,0.0,3,3
485.0,pa_3,E1,4,3,4,3,"easyBike_forward4.2,easyBike_forward1.3,easyBike_forward2.3,easyBike_forward1.4","eRickshaw_reverse4.0,easyBike_forward2.4,easyBike_forward4.3","129.0,135.0,112.0,85.0","56.0,51.0,48.0",80.0,100.0,100.0,0,0
485.0,pa_3_rev,NEG_E1,4,3,4,3,"easyBike_reverse1.2,easyBike_reverse1.0,eRickshaw_reverse1.0,easyBike_reverse1.1","eRickshaw_reverse2.0,easyBike_reverse1.4,easyBike_reverse1.3","226.0,309.0,205.0,180.0","159.0,148.0,98.0",80.0,100.0,100.0,0,0
485.0,pa_6,E5,5,3,5,1,"easyBike_forward3.4,easyBike_forward3.1,easyBike_forward3.0,easyBike_forward3.3,easyBike_forward3.2",easyBike_forward3.5,"108.0,325.0,398.0,179.0,253.0",36.0,125.0,100.0,33.3,0,2
485.0,pa_6_rev,NEG_E5,5,3,1,0,eRickshaw_reverse3.1,NONE,72.0,NONE,25.0,20.0,0.0,4,3
485.0,pa_7,E6,4,2,0,0,NONE,NONE,NONE,NONE,0.0,0.0,0.0,4,2
485.0,pa_7_rev,NEG_E6,4,2,4,2,"easyBike_reverse3.5,easyBike_reverse2.5,eRickshaw_reverse3.0,easyBike_reverse4.4","easyBike_reverse3.6,easyBike_reverse2.7","128.0,163.0,208.0,148.0","80.0,70.0",80.0,100.0,100.0,0,0
485.0,pa_8,E7,5,3,1,0,eRickshaw_forward4.0,NONE,149.0,NONE,25.0,20.0,0.0,4,3
485.0,pa_8_rev,NEG_E7,5,3,5,3,"easyBike_reverse2.1,easyBike_reverse3.0,easyBike_reverse3.1,easyBike_reverse2.0,easyBike_reverse4.1","easyBike_reverse4.0,easyBike_reverse2.3,easyBike_reverse3.3","343.0,288.0,337.0,286.0,328.0","282.0,253.0,234.0",125.0,100.0,100.0,0,0
486.0,pa_2,E0,4,3,4,3,"easyBike_forward4.0,easyBike_forward2.0,easyBike_forward1.0,easyBike_forward1.1","easyBike_forward2.1,easyBike_forward4.1,easyBike_forward1.2","388.0,395.0,391.0,343.0","335.0,314.0,291.0",80.0,100.0,100.0,0,0
486.0,pa_2_rev,NEG_E0,4,3,1,0,eRickshaw_reverse1.1,NONE,9.0,NONE,20.0,25.0,0.0,3,3
486.0,pa_3,E1,4,3,4,3,"easyBike_forward4.2,easyBike_forward1.3,easyBike_forward2.3,easyBike_forward1.4","eRickshaw_reverse4.0,easyBike_forward2.4,easyBike_forward4.3","130.0,136.0,113.0,86.0","57.0,52.0,49.0",80.0,100.0,100.0,0,0
486.0,pa_3_rev,NEG_E1,4,3,4,3,"easyBike_reverse1.2,easyBike_reverse1.0,eRickshaw_reverse1.0,easyBike_reverse1.1","eRickshaw_reverse2.0,easyBike_reverse1.4,easyBike_reverse1.3","227.0,310.0,206.0,181.0","160.0,149.0,99.0",80.0,100.0,100.0,0,0
486.0,pa_6,E5,5,3,5,1,"easyBike_forward3.4,easyBike_forward3.1,easyBike_forward3.0,easyBike_forward3.3,easyBike_forward3.2",easyBike_forward3.5,"109.0,326.0,399.0,180.0,254.0",37.0,125.0,100.0,33.3,0,2
486.0,pa_6_rev,NEG_E5,5,3,1,0,eRickshaw_reverse3.1,NONE,73.0,NONE,25.0,20.0,0.0,4,3
486.0,pa_7,E6,4,2,0,0,NONE,NONE,NONE,NONE,0.0,0.0,0.0,4,2
486.0,pa_7_rev,NEG_E6,4,2,4,2,"easyBike_reverse3.5,easyBike_reverse2.5,eRickshaw_reverse3.0,easyBike_reverse4.4","easyBike_reverse3.6,easyBike_reverse2.7","129.0,164.0,209.0,149.0","81.0,71.0",80.0,100.0,100.0,0,0
486.0,pa_8,E7,5,3,1,0,eRickshaw_forward4.0,NONE,150.0,NONE,25.0,20.0,0.0,4,3
486.0,pa_8_rev,NEG_E7,5,3,5,3,"easyBike_reverse2.1,easyBike_reverse3.0,easyBike_reverse3.1,easyBike_reverse2.0,easyBike_reverse4.1","easyBike_reverse4.0,easyBike_reverse2.3,easyBike_reverse3.3","344.0,289.0,338.0,287.0,329.0","283.0,254.0,235.0",125.0,100.0,100.0,0,0
487.0,pa_2,E0,4,3,4,3,"easyBike_forward4.0,easyBike_forward2.0,easyBike_forward1.0,easyBike_forward1.1","easyBike_forward2.1,easyBike_forward4.1,easyBike_forward1.2","389.0,396.0,392.0,344.0","336.0,315.0,292.0",80.0,100.0,100.0,0,0
487.0,pa_2_rev,NEG_E0,4,3,1,0,eRickshaw_reverse1.1,NONE,10.0,NONE,20.0,25.0,0.0,3,3
487.0,pa_3,E1,4,3,4,3,"easyBike_forward4.2,easyBike_forward1.3,easyBike_forward2.3,easyBike_forward1.4","eRickshaw_reverse4.0,easyBike_forward2.4,easyBike_forward4.3","131.0,137.0,114.0,87.0","58.0,53.0,50.0",80.0,100.0,100.0,0,0
487.0,pa_3_rev,NEG_E1,4,3,4,3,"easyBike_reverse1.2,easyBike_reverse1.0,eRickshaw_reverse1.0,easyBike_reverse1.1","eRickshaw_reverse2.0,easyBike_reverse1.4,easyBike_reverse1.3","228.0,311.0,207.0,182.0","161.0,150.0,100.0",80.0,100.0,100.0,0,0
487.0,pa_6,E5,5,3,5,1,"easyBike_forward3.4,easyBike_forward3.1,easyBike_forward3.0,easyBike_forward3.3,easyBike_forward3.2",easyBike_forward3.5,"110.0,327.0,400.0,181.0,255.0",38.0,125.0,100.0,33.3,0,2
487.0,pa_6_rev,NEG_E5,5,3,1,0,eRickshaw_reverse3.1,NONE,74.0,NONE,25.0,20.0,0.0,4,3
487.0,pa_7,E6,4,2,0,0,NONE,NONE,NONE,NONE,0.0,0.0,0.0,4,2
487.0,pa_7_rev,NEG_E6,4,2,4,2,"easyBike_reverse3.5,easyBike_reverse2.5,eRickshaw_reverse3.0,easyBike_reverse4.4","easyBike_reverse3.6,easyBike_reverse2.7","130.0,165.0,210.0,150.0","82.0,72.0",80.0,100.0,100.0,0,0
487.0,pa_8,E7,5,3,1,0,eRickshaw_forward4.0,NONE,151.0,NONE,25.0,20.0,0.0,4,3
487.0,pa_8_rev,NEG_E7,5,3,5,3,"easyBike_reverse2.1,easyBike_reverse3.0,easyBike_reverse3.1,easyBike_reverse2.0,easyBike_reverse4.1","easyBike_reverse4.0,easyBike_reverse2.3,easyBike_reverse3.3","345.0,290.0,339.0,288.0,330.0","284.0,255.0,236.0",125.0,100.0,100.0,0,0
488.0,pa_2,E0,4,3,4,3,"easyBike_forward4.0,easyBike_forward2.0,easyBike_forward1.0,easyBike_forward1.1","easyBike_forward2.1,easyBike_forward4.1,easyBike_forward1.2","390.0,397.0,393.0,345.0","337.0,316.0,293.0",80.0,100.0,100.0,0,0
488.0,pa_2_rev,NEG_E0,4,3,1,0,eRickshaw_reverse1.1,NONE,11.0,NONE,20.0,25.0,0.0,3,3
488.0,pa_3,E1,4,3,4,3,"easyBike_forward4.2,easyBike_forward1.3,easyBike_forward2.3,easyBike_forward1.4","eRickshaw_reverse4.0,easyBike_forward2.4,easyBike_forward4.3","132.0,138.0,115.0,88.0","59.0,54.0,51.0",80.0,100.0,100.0,0,0
488.0,pa_3_rev,NEG_E1,4,3,4,3,"easyBike_reverse1.2,easyBike_reverse1.0,eRickshaw_reverse1.0,easyBike_reverse1.1","eRickshaw_reverse2.0,easyBike_reverse1.4,easyBike_reverse1.3","229.0,312.0,208.0,183.0","162.0,151.0,101.0",80.0,100.0,100.0,0,0
488.0,pa_6,E5,5,3,5,1,"easyBike_forward3.4,easyBike_forward3.1,easyBike_forward3.0,easyBike_forward3.3,easyBike_forward3.2",easyBike_forward3.5,"111.0,328.0,401.0,182.0,256.0",39.0,125.0,100.0,33.3,0,2
488.0,pa_6_rev,NEG_E5,5,3,1,0,eRickshaw_reverse3.1,NONE,75.0,NONE,25.0,20.0,0.0,4,3
488.0,pa_7,E6,4,2,0,0,NONE,NONE,NONE,NONE,0.0,0.0,0.0,4,2
488.0,pa_7_rev,NEG_E6,4,2,4,2,"easyBike_reverse3.5,easyBike_reverse2.5,eRickshaw_reverse3.0,easyBike_reverse4.4","easyBike_reverse3.6,easyBike_reverse2.7","131.0,166.0,211.0,151.0","83.0,73.0",80.0,100.0,100.0,0,0
488.0,pa_8,E7,5,3,1,0,eRickshaw_forward4.0,NONE,152.0,NONE,25.0,20.0,0.0,4,3
488.0,pa_8_rev,NEG_E7,5,3,5,3,"easyBike_reverse2.1,easyBike_reverse3.0,easyBike_reverse3.1,easyBike_reverse2.0,easyBike_reverse4.1","easyBike_reverse4.0,easyBike_reverse2.3,easyBike_reverse3.3","346.0,291.0,340.0,289.0,331.0","285.0,256.0,237.0",125.0,100.0,100.0,0,0
489.0,pa_2,E0,4,3,4,3,"easyBike_forward4.0,easyBike_forward2.0,easyBike_forward1.0,easyBike_forward1.1","easyBike_forward2.1,easyBike_forward4.1,easyBike_forward1.2","391.0,398.0,394.0,346.0","338.0,317.0,294.0",80.0,100.0,100.0,0,0
489.0,pa_2_rev,NEG_E0,4,3,1,0,eRickshaw_reverse1.1,NONE,12.0,NONE,20.0,25.0,0.0,3,3
489.0,pa_3,E1,4,3,4,3,"easyBike_forward4.2,easyBike_forward1.3,easyBike_forward2.3,easyBike_forward1.4","eRickshaw_reverse4.0,easyBike_forward2.4,easyBike_forward4.3","133.0,139.0,116.0,89.0","60.0,55.0,52.0",80.0,100.0,100.0,0,0
489.0,pa_3_rev,NEG_E1,4,3,4,3,"easyBike_reverse1.2,easyBike_reverse1.0,eRickshaw_reverse1.0,easyBike_reverse1.1","eRickshaw_reverse2.0,easyBike_reverse1.4,easyBike_reverse1.3","230.0,313.0,209.0,184.0","163.0,152.0,102.0",80.0,100.0,100.0,0,0
489.0,pa_6,E5,5,3,5,1,"easyBike_forward3.4,easyBike_forward3.1,easyBike_forward3.0,easyBike_forward3.3,easyBike_forward3.2",easyBike_forward3.5,"112.0,329.0,402.0,183.0,257.0",40.0,125.0,100.0,33.3,0,2
489.0,pa_6_rev,NEG_E5,5,3,1,0,eRickshaw_reverse3.1,NONE,76.0,NONE,25.0,20.0,0.0,4,3
489.0,pa_7,E6,4,2,0,0,NONE,NONE,NONE,NONE,0.0,0.0,0.0,4,2
489.0,pa_7_rev,NEG_E6,4,2,4,2,"easyBike_reverse3.5,easyBike_reverse2.5,eRickshaw_reverse3.0,easyBike_reverse4.4","easyBike_reverse3.6,easyBike_reverse2.7","132.0,167.0,212.0,152.0","84.0,74.0",80.0,100.0,100.0,0,0
489.0,pa_8,E7,5,3,1,0,eRickshaw_forward4.0,NONE,153.0,NONE,25.0,20.0,0.0,4,3
489.0,pa_8_rev,NEG_E7,5,3,5,3,"easyBike_reverse2.1,easyBike_reverse3.0,easyBike_reverse3.1,easyBike_reverse2.0,easyBike_reverse4.1","easyBike_reverse4.0,easyBike_reverse2.3,easyBike_reverse3.3","347.0,292.0,341.0,290.0,332.0","286.0,257.0,238.0",125.0,100.0,100.0,0,0
490.0,pa_2,E0,4,3,4,3,"easyBike_forward4.0,easyBike_forward2.0,easyBike_forward1.0,easyBike_forward1.1","easyBike_forward2.1,easyBike_forward4.1,easyBike_forward1.2","392.0,399.0,395.0,347.0","339.0,318.0,295.0",80.0,100.0,100.0,0,0
490.0,pa_2_rev,NEG_E0,4,3,1,0,eRickshaw_reverse1.1,NONE,13.0,NONE,20.0,25.0,0.0,3,3
490.0,pa_3,E1,4,3,4,3,"easyBike_forward4.2,easyBike_forward1.3,easyBike_forward2.3,easyBike_forward1.4","eRickshaw_reverse4.0,easyBike_forward2.4,easyBike_forward4.3","134.0,140.0,117.0,90.0","61.0,56.0,53.0",80.0,100.0,100.0,0,0
490.0,pa_3_rev,NEG_E1,4,3,4,3,"easyBike_reverse1.2,easyBike_reverse1.0,eRickshaw_reverse1.0,easyBike_reverse1.1","eRickshaw_reverse2.0,easyBike_reverse1.4,easyBike_reverse1.3","231.0,314.0,210.0,185.0","164.0,153.0,103.0",80.0,100.0,100.0,0,0
490.0,pa_6,E5,5,3,5,1,"easyBike_forward3.4,easyBike_forward3.1,easyBike_forward3.0,easyBike_forward3.3,easyBike_forward3.2",easyBike_forward3.5,"113.0,330.0,403.0,184.0,258.0",41.0,125.0,100.0,33.3,0,2
490.0,pa_6_rev,NEG_E5,5,3,1,0,eRickshaw_reverse3.1,NONE,77.0,NONE,25.0,20.0,0.0,4,3
490.0,pa_7,E6,4,2,0,0,NONE,NONE,NONE,NONE,0.0,0.0,0.0,4,2
490.0,pa_7_rev,NEG_E6,4,2,4,2,"easyBike_reverse3.5,easyBike_reverse2.5,eRickshaw_reverse3.0,easyBike_reverse4.4","easyBike_reverse3.6,easyBike_reverse2.7","133.0,168.0,213.0,153.0","85.0,75.0",80.0,100.0,100.0,0,0
490.0,pa_8,E7,5,3,1,0,eRickshaw_forward4.0,NONE,154.0,NONE,25.0,20.0,0.0,4,3
490.0,pa_8_rev,NEG_E7,5,3,5,3,"easyBike_reverse2.1,easyBike_reverse3.0,easyBike_reverse3.1,easyBike_reverse2.0,easyBike_reverse4.1","easyBike_reverse4.0,easyBike_reverse2.3,easyBike_reverse3.3","348.0,293.0,342.0,291.0,333.0","287.0,258.0,239.0",125.0,100.0,100.0,0,0
491.0,pa_2,E0,4,3,4,3,"easyBike_forward4.0,easyBike_forward2.0,easyBike_forward1.0,easyBike_forward1.1","easyBike_forward2.1,easyBike_forward4.1,easyBike_forward1.2","393.0,400.0,396.0,348.0","340.0,319.0,296.0",80.0,100.0,100.0,0,0
491.0,pa_2_rev,NEG_E0,4,3,1,0,eRickshaw_reverse1.1,NONE,14.0,NONE,20.0,25.0,0.0,3,3
491.0,pa_3,E1,4,3,4,3,"easyBike_forward4.2,easyBike_forward1.3,easyBike_forward2.3,easyBike_forward1.4","eRickshaw_reverse4.0,easyBike_forward2.4,easyBike_forward4.3","135.0,141.0,118.0,91.0","62.0,57.0,54.0",80.0,100.0,100.0,0,0
491.0,pa_3_rev,NEG_E1,4,3,4,3,"easyBike_reverse1.2,easyBike_reverse1.0,eRickshaw_reverse1.0,easyBike_reverse1.1","eRickshaw_reverse2.0,easyBike_reverse1.4,easyBike_reverse1.3","232.0,315.0,211.0,186.0","165.0,154.0,104.0",80.0,100.0,100.0,0,0
491.0,pa_6,E5,5,3,5,1,"easyBike_forward3.4,easyBike_forward3.1,easyBike_forward3.0,easyBike_forward3.3,easyBike_forward3.2",easyBike_forward3.5,"114.0,331.0,404.0,185.0,259.0",42.0,125.0,100.0,33.3,0,2
491.0,pa_6_rev,NEG_E5,5,3,1,0,eRickshaw_reverse3.1,NONE,78.0,NONE,25.0,20.0,0.0,4,3
491.0,pa_7,E6,4,2,0,0,NONE,NONE,NONE,NONE,0.0,0.0,0.0,4,2
491.0,pa_7_rev,NEG_E6,4,2,4,2,"easyBike_reverse3.5,easyBike_reverse2.5,eRickshaw_reverse3.0,easyBike_reverse4.4","easyBike_reverse3.6,easyBike_reverse2.7","134.0,169.0,214.0,154.0","86.0,76.0",80.0,100.0,100.0,0,0
491.0,pa_8,E7,5,3,1,0,eRickshaw_forward4.0,NONE,155.0,NONE,25.0,20.0,0.0,4,3
491.0,pa_8_rev,NEG_E7,5,3,5,3,"easyBike_reverse2.1,easyBike_reverse3.0,easyBike_reverse3.1,easyBike_reverse2.0,easyBike_reverse4.1","easyBike_reverse4.0,easyBike_reverse2.3,easyBike_reverse3.3","349.0,294.0,343.0,292.0,334.0","288.0,259.0,240.0",125.0,100.0,100.0,0,0
492.0,pa_2,E0,4,3,4,3,"easyBike_forward4.0,easyBike_forward2.0,easyBike_forward1.0,easyBike_forward1.1","easyBike_forward2.1,easyBike_forward4.1,easyBike_forward1.2","394.0,401.0,397.0,349.0","341.0,320.0,297.0",80.0,100.0,100.0,0,0
492.0,pa_2_rev,NEG_E0,4,3,1,0,eRickshaw_reverse1.1,NONE,15.0,NONE,20.0,25.0,0.0,3,3
492.0,pa_3,E1,4,3,4,3,"easyBike_forward4.2,easyBike_forward1.3,easyBike_forward2.3,easyBike_forward1.4","eRickshaw_reverse4.0,easyBike_forward2.4,easyBike_forward4.3","136.0,142.0,119.0,92.0","63.0,58.0,55.0",80.0,100.0,100.0,0,0
492.0,pa_3_rev,NEG_E1,4,3,4,3,"easyBike_reverse1.2,easyBike_reverse1.0,eRickshaw_reverse1.0,easyBike_reverse1.1","eRickshaw_reverse2.0,easyBike_reverse1.4,easyBike_reverse1.3","233.0,316.0,212.0,187.0","166.0,155.0,105.0",80.0,100.0,100.0,0,0
492.0,pa_6,E5,5,3,5,1,"easyBike_forward3.4,easyBike_forward3.1,easyBike_forward3.0,easyBike_forward3.3,easyBike_forward3.2",easyBike_forward3.5,"115.0,332.0,405.0,186.0,260.0",43.0,125.0,100.0,33.3,0,2
492.0,pa_6_rev,NEG_E5,5,3,1,0,eRickshaw_reverse3.1,NONE,79.0,NONE,25.0,20.0,0.0,4,3
492.0,pa_7,E6,4,2,0,0,NONE,NONE,NONE,NONE,0.0,0.0,0.0,4,2
492.0,pa_7_rev,NEG_E6,4,2,4,2,"easyBike_reverse3.5,easyBike_reverse2.5,eRickshaw_reverse3.0,easyBike_reverse4.4","easyBike_reverse3.6,easyBike_reverse2.7","135.0,170.0,215.0,155.0","87.0,77.0",80.0,100.0,100.0,0,0
492.0,pa_8,E7,5,3,1,0,eRickshaw_forward4.0,NONE,156.0,NONE,25.0,20.0,0.0,4,3
492.0,pa_8_rev,NEG_E7,5,3,5,3,"easyBike_reverse2.1,easyBike_reverse3.0,easyBike_reverse3.1,easyBike_reverse2.0,easyBike_reverse4.1","easyBike_reverse4.0,easyBike_reverse2.3,easyBike_reverse3.3","350.0,295.0,344.0,293.0,335.0","289.0,260.0,241.0",125.0,100.0,100.0,0,0
493.0,pa_2,E0,4,3,4,3,"easyBike_forward4.0,easyBike_forward2.0,easyBike_forward1.0,easyBike_forward1.1","easyBike_forward2.1,easyBike_forward4.1,easyBike_forward1.2","395.0,402.0,398.0,350.0","342.0,321.0,298.0",80.0,100.0,100.0,0,0
493.0,pa_2_rev,NEG_E0,4,3,1,0,eRickshaw_reverse1.1,NONE,16.0,NONE,20.0,25.0,0.0,3,3
493.0,pa_3,E1,4,3,4,3,"easyBike_forward4.2,easyBike_forward1.3,easyBike_forward2.3,easyBike_forward1.4","eRickshaw_reverse4.0,easyBike_forward2.4,easyBike_forward4.3","137.0,143.0,120.0,93.0","64.0,59.0,56.0",80.0,100.0,100.0,0,0
493.0,pa_3_rev,NEG_E1,4,3,4,3,"easyBike_reverse1.2,easyBike_reverse1.0,eRickshaw_reverse1.0,easyBike_reverse1.1","eRickshaw_reverse2.0,easyBike_reverse1.4,easyBike_reverse1.3","234.0,317.0,213.0,188.0","167.0,156.0,106.0",80.0,100.0,100.0,0,0
493.0,pa_6,E5,5,3,5,1,"easyBike_forward3.4,easyBike_forward3.1,easyBike_forward3.0,easyBike_forward3.3,easyBike_forward3.2",easyBike_forward3.5,"116.0,333.0,406.0,187.0,261.0",44.0,125.0,100.0,33.3,0,2
493.0,pa_6_rev,NEG_E5,5,3,1,0,eRickshaw_reverse3.1,NONE,80.0,NONE,25.0,20.0,0.0,4,3
493.0,pa_7,E6,4,2,0,0,NONE,NONE,NONE,NONE,0.0,0.0,0.0,4,2
493.0,pa_7_rev,NEG_E6,4,2,4,2,"easyBike_reverse3.5,easyBike_reverse2.5,eRickshaw_reverse3.0,easyBike_reverse4.4","easyBike_reverse3.6,easyBike_reverse2.7","136.0,171.0,216.0,156.0","88.0,78.0",80.0,100.0,100.0,0,0
493.0,pa_8,E7,5,3,1,0,eRickshaw_forward4.0,NONE,157.0,NONE,25.0,20.0,0.0,4,3
493.0,pa_8_rev,NEG_E7,5,3,5,3,"easyBike_reverse2.1,easyBike_reverse3.0,easyBike_reverse3.1,easyBike_reverse2.0,easyBike_reverse4.1","easyBike_reverse4.0,easyBike_reverse2.3,easyBike_reverse3.3","351.0,296.0,345.0,294.0,336.0","290.0,261.0,242.0",125.0,100.0,100.0,0,0
494.0,pa_2,E0,4,3,4,3,"easyBike_forward4.0,easyBike_forward2.0,easyBike_forward1.0,easyBike_forward1.1","easyBike_forward2.1,easyBike_forward4.1,easyBike_forward1.2","396.0,403.0,399.0,351.0","343.0,322.0,299.0",80.0,100.0,100.0,0,0
494.0,pa_2_rev,NEG_E0,4,3,1,0,eRickshaw_reverse1.1,NONE,17.0,NONE,20.0,25.0,0.0,3,3
494.0,pa_3,E1,4,3,4,3,"easyBike_forward4.2,easyBike_forward1.3,easyBike_forward2.3,easyBike_forward1.4","eRickshaw_reverse4.0,easyBike_forward2.4,easyBike_forward4.3","138.0,144.0,121.0,94.0","65.0,60.0,57.0",80.0,100.0,100.0,0,0
494.0,pa_3_rev,NEG_E1,4,3,4,3,"easyBike_reverse1.2,easyBike_reverse1.0,eRickshaw_reverse1.0,easyBike_reverse1.1","eRickshaw_reverse2.0,easyBike_reverse1.4,easyBike_reverse1.3","235.0,318.0,214.0,189.0","168.0,157.0,107.0",80.0,100.0,100.0,0,0
494.0,pa_6,E5,5,3,5,1,"easyBike_forward3.4,easyBike_forward3.1,easyBike_forward3.0,easyBike_forward3.3,easyBike_forward3.2",easyBike_forward3.5,"117.0,334.0,407.0,188.0,262.0",45.0,125.0,100.0,33.3,0,2
494.0,pa_6_rev,NEG_E5,5,3,1,0,eRickshaw_reverse3.1,NONE,81.0,NONE,25.0,20.0,0.0,4,3
494.0,pa_7,E6,4,2,0,0,NONE,NONE,NONE,NONE,0.0,0.0,0.0,4,2
494.0,pa_7_rev,NEG_E6,4,2,4,2,"easyBike_reverse3.5,easyBike_reverse2.5,eRickshaw_reverse3.0,easyBike_reverse4.4","easyBike_reverse3.6,easyBike_reverse2.7","137.0,172.0,217.0,157.0","89.0,79.0",80.0,100.0,100.0,0,0
494.0,pa_8,E7,5,3,1,0,eRickshaw_forward4.0,NONE,158.0,NONE,25.0,20.0,0.0,4,3
494.0,pa_8_rev,NEG_E7,5,3,5,3,"easyBike_reverse2.1,easyBike_reverse3.0,easyBike_reverse3.1,easyBike_reverse2.0,easyBike_reverse4.1","easyBike_reverse4.0,easyBike_reverse2.3,easyBike_reverse3.3","352.0,297.0,346.0,295.0,337.0","291.0,262.0,243.0",125.0,100.0,100.0,0,0
495.0,pa_2,E0,4,3,4,3,"easyBike_forward4.0,easyBike_forward2.0,easyBike_forward1.0,easyBike_forward1.1","easyBike_forward2.1,easyBike_forward4.1,easyBike_forward1.2","397.0,404.0,400.0,352.0","344.0,323.0,300.0",80.0,100.0,100.0,0,0
495.0,pa_2_rev,NEG_E0,4,3,1,0,eRickshaw_reverse1.1,NONE,18.0,NONE,20.0,25.0,0.0,3,3
495.0,pa_3,E1,4,3,4,3,"easyBike_forward4.2,easyBike_forward1.3,easyBike_forward2.3,easyBike_forward1.4","eRickshaw_reverse4.0,easyBike_forward2.4,easyBike_forward4.3","139.0,145.0,122.0,95.0","66.0,61.0,58.0",80.0,100.0,100.0,0,0
495.0,pa_3_rev,NEG_E1,4,3,4,3,"easyBike_reverse1.2,easyBike_reverse1.0,eRickshaw_reverse1.0,easyBike_reverse1.1","eRickshaw_reverse2.0,easyBike_reverse1.4,easyBike_reverse1.3","236.0,319.0,215.0,190.0","169.0,158.0,108.0",80.0,100.0,100.0,0,0
495.0,pa_6,E5,5,3,5,1,"easyBike_forward3.4,easyBike_forward3.1,easyBike_forward3.0,easyBike_forward3.3,easyBike_forward3.2",easyBike_forward3.5,"118.0,335.0,408.0,189.0,263.0",46.0,125.0,100.0,33.3,0,2
495.0,pa_6_rev,NEG_E5,5,3,1,0,eRickshaw_reverse3.1,NONE,82.0,NONE,25.0,20.0,0.0,4,3
495.0,pa_7,E6,4,2,0,0,NONE,NONE,NONE,NONE,0.0,0.0,0.0,4,2
495.0,pa_7_rev,NEG_E6,4,2,4,2,"easyBike_reverse3.5,easyBike_reverse2.5,eRickshaw_reverse3.0,easyBike_reverse4.4","easyBike_reverse3.6,easyBike_reverse2.7","138.0,173.0,218.0,158.0","90.0,80.0",80.0,100.0,100.0,0,0
495.0,pa_8,E7,5,3,1,0,eRickshaw_forward4.0,NONE,159.0,NONE,25.0,20.0,0.0,4,3
495.0,pa_8_rev,NEG_E7,5,3,5,3,"easyBike_reverse2.1,easyBike_reverse3.0,easyBike_reverse3.1,easyBike_reverse2.0,easyBike_reverse4.1","easyBike_reverse4.0,easyBike_reverse2.3,easyBike_reverse3.3","353.0,298.0,347.0,296.0,338.0","292.0,263.0,244.0",125.0,100.0,100.0,0,0
496.0,pa_2,E0,4,3,4,3,"easyBike_forward4.0,easyBike_forward2.0,easyBike_forward1.0,easyBike_forward1.1","easyBike_forward2.1,easyBike_forward4.1,easyBike_forward1.2","398.0,405.0,401.0,353.0","345.0,324.0,301.0",80.0,100.0,100.0,0,0
496.0,pa_2_rev,NEG_E0,4,3,2,0,"easyBike_reverse1.8,eRickshaw_reverse1.1",NONE,"0.0,19.0",NONE,40.0,50.0,0.0,2,3
496.0,pa_3,E1,4,3,4,3,"easyBike_forward4.2,easyBike_forward1.3,easyBike_forward2.3,easyBike_forward1.4","eRickshaw_reverse4.0,easyBike_forward2.4,easyBike_forward4.3","140.0,146.0,123.0,96.0","67.0,62.0,59.0",80.0,100.0,100.0,0,0
496.0,pa_3_rev,NEG_E1,4,3,4,3,"easyBike_reverse1.2,easyBike_reverse1.0,eRickshaw_reverse1.0,easyBike_reverse1.1","eRickshaw_reverse2.0,easyBike_reverse1.4,easyBike_reverse1.3","237.0,320.0,216.0,191.0","170.0,159.0,109.0",80.0,100.0,100.0,0,0
496.0,pa_6,E5,5,3,5,1,"easyBike_forward3.4,easyBike_forward3.1,easyBike_forward3.0,easyBike_forward3.3,easyBike_forward3.2",easyBike_forward3.5,"119.0,336.0,409.0,190.0,264.0",47.0,125.0,100.0,33.3,0,2
496.0,pa_6_rev,NEG_E5,5,3,1,0,eRickshaw_reverse3.1,NONE,83.0,NONE,25.0,20.0,0.0,4,3
496.0,pa_7,E6,4,2,0,0,NONE,NONE,NONE,NONE,0.0,0.0,0.0,4,2
496.0,pa_7_rev,NEG_E6,4,2,4,2,"easyBike_reverse3.5,easyBike_reverse2.5,eRickshaw_reverse3.0,easyBike_reverse4.4","easyBike_reverse3.6,easyBike_reverse2.7","139.0,174.0,219.0,159.0","91.0,81.0",80.0,100.0,100.0,0,0
496.0,pa_8,E7,5,3,1,0,eRickshaw_forward4.0,NONE,160.0,NONE,25.0,20.0,0.0,4,3
496.0,pa_8_rev,NEG_E7,5,3,5,3,"easyBike_reverse2.1,easyBike_reverse3.0,easyBike_reverse3.1,easyBike_reverse2.0,easyBike_reverse4.1","easyBike_reverse4.0,easyBike_reverse2.3,easyBike_reverse3.3","354.0,299.0,348.0,297.0,339.0","293.0,264.0,245.0",125.0,100.0,100.0,0,0
497.0,pa_2,E0,4,3,4,3,"easyBike_forward4.0,easyBike_forward2.0,easyBike_forward1.0,easyBike_forward1.1","easyBike_forward2.1,easyBike_forward4.1,easyBike_forward1.2","399.0,406.0,402.0,354.0","346.0,325.0,302.0",80.0,100.0,100.0,0,0
497.0,pa_2_rev,NEG_E0,4,3,2,0,"easyBike_reverse1.8,eRickshaw_reverse1.1",NONE,"1.0,20.0",NONE,40.0,50.0,0.0,2,3
497.0,pa_3,E1,4,3,4,3,"easyBike_forward4.2,easyBike_forward1.3,easyBike_forward2.3,easyBike_forward1.4","eRickshaw_reverse4.0,easyBike_forward2.4,easyBike_forward4.3","141.0,147.0,124.0,97.0","68.0,63.0,60.0",80.0,100.0,100.0,0,0
497.0,pa_3_rev,NEG_E1,4,3,4,3,"easyBike_reverse1.2,easyBike_reverse1.0,eRickshaw_reverse1.0,easyBike_reverse1.1","eRickshaw_reverse2.0,easyBike_reverse1.4,easyBike_reverse1.3","238.0,321.0,217.0,192.0","171.0,160.0,110.0",80.0,100.0,100.0,0,0
497.0,pa_6,E5,5,3,5,1,"easyBike_forward3.4,easyBike_forward3.1,easyBike_forward3.0,easyBike_forward3.3,easyBike_forward3.2",easyBike_forward3.5,"120.0,337.0,410.0,191.0,265.0",48.0,125.0,100.0,33.3,0,2
497.0,pa_6_rev,NEG_E5,5,3,1,0,eRickshaw_reverse3.1,NONE,84.0,NONE,25.0,20.0,0.0,4,3
497.0,pa_7,E6,4,2,0,0,NONE,NONE,NONE,NONE,0.0,0.0,0.0,4,2
497.0,pa_7_rev,NEG_E6,4,2,4,2,"easyBike_reverse3.5,easyBike_reverse2.5,eRickshaw_reverse3.0,easyBike_reverse4.4","easyBike_reverse3.6,easyBike_reverse2.7","140.0,175.0,220.0,160.0","92.0,82.0",80.0,100.0,100.0,0,0
497.0,pa_8,E7,5,3,1,0,eRickshaw_forward4.0,NONE,161.0,NONE,25.0,20.0,0.0,4,3
497.0,pa_8_rev,NEG_E7,5,3,5,3,"easyBike_reverse2.1,easyBike_reverse3.0,easyBike_reverse3.1,easyBike_reverse2.0,easyBike_reverse4.1","easyBike_reverse4.0,easyBike_reverse2.3,easyBike_reverse3.3","355.0,300.0,349.0,298.0,340.0","294.0,265.0,246.0",125.0,100.0,100.0,0,0
498.0,pa_2,E0,4,3,4,3,"easyBike_forward4.0,easyBike_forward2.0,easyBike_forward1.0,easyBike_forward1.1","easyBike_forward2.1,easyBike_forward4.1,easyBike_forward1.2","400.0,407.0,403.0,355.0","347.0,326.0,303.0",80.0,100.0,100.0,0,0
498.0,pa_2_rev,NEG_E0,4,3,2,0,"easyBike_reverse1.8,eRickshaw_reverse1.1",NONE,"2.0,21.0",NONE,40.0,50.0,0.0,2,3
498.0,pa_3,E1,4,3,4,3,"easyBike_forward4.2,easyBike_forward1.3,easyBike_forward2.3,easyBike_forward1.4","eRickshaw_reverse4.0,easyBike_forward2.4,easyBike_forward4.3","142.0,148.0,125.0,98.0","69.0,64.0,61.0",80.0,100.0,100.0,0,0
498.0,pa_3_rev,NEG_E1,4,3,4,3,"easyBike_reverse1.2,easyBike_reverse1.0,eRickshaw_reverse1.0,easyBike_reverse1.1","eRickshaw_reverse2.0,easyBike_reverse1.4,easyBike_reverse1.3","239.0,322.0,218.0,193.0","172.0,161.0,111.0",80.0,100.0,100.0,0,0
498.0,pa_6,E5,5,3,5,1,"easyBike_forward3.4,easyBike_forward3.1,easyBike_forward3.0,easyBike_forward3.3,easyBike_forward3.2",easyBike_forward3.5,"121.0,338.0,411.0,192.0,266.0",49.0,125.0,100.0,33.3,0,2
498.0,pa_6_rev,NEG_E5,5,3,1,0,eRickshaw_reverse3.1,NONE,85.0,NONE,25.0,20.0,0.0,4,3
498.0,pa_7,E6,4,2,0,0,NONE,NONE,NONE,NONE,0.0,0.0,0.0,4,2
498.0,pa_7_rev,NEG_E6,4,2,4,2,"easyBike_reverse3.5,easyBike_reverse2.5,eRickshaw_reverse3.0,easyBike_reverse4.4","easyBike_reverse3.6,easyBike_reverse2.7","141.0,176.0,221.0,161.0","93.0,83.0",80.0,100.0,100.0,0,0
498.0,pa_8,E7,5,3,1,0,eRickshaw_forward4.0,NONE,162.0,NONE,25.0,20.0,0.0,4,3
498.0,pa_8_rev,NEG_E7,5,3,5,3,"easyBike_reverse2.1,easyBike_reverse3.0,easyBike_reverse3.1,easyBike_reverse2.0,easyBike_reverse4.1","easyBike_reverse4.0,easyBike_reverse2.3,easyBike_reverse3.3","356.0,301.0,350.0,299.0,341.0","295.0,266.0,247.0",125.0,100.0,100.0,0,0
499.0,pa_2,E0,4,3,4,3,"easyBike_forward4.0,easyBike_forward2.0,easyBike_forward1.0,easyBike_forward1.1","easyBike_forward2.1,easyBike_forward4.1,easyBike_forward1.2","401.0,408.0,404.0,356.0","348.0,327.0,304.0",80.0,100.0,100.0,0,0
499.0,pa_2_rev,NEG_E0,4,3,2,0,"easyBike_reverse1.8,eRickshaw_reverse1.1",NONE,"3.0,22.0",NONE,40.0,50.0,0.0,2,3
499.0,pa_3,E1,4,3,4,3,"easyBike_forward4.2,easyBike_forward1.3,easyBike_forward2.3,easyBike_forward1.4","eRickshaw_reverse4.0,easyBike_forward2.4,easyBike_forward4.3","143.0,149.0,126.0,99.0","70.0,65.0,62.0",80.0,100.0,100.0,0,0
499.0,pa_3_rev,NEG_E1,4,3,4,3,"easyBike_reverse1.2,easyBike_reverse1.0,eRickshaw_reverse1.0,easyBike_reverse1.1","eRickshaw_reverse2.0,easyBike_reverse1.4,easyBike_reverse1.3","240.0,323.0,219.0,194.0","173.0,162.0,112.0",80.0,100.0,100.0,0,0
499.0,pa_6,E5,5,3,5,1,"easyBike_forward3.4,easyBike_forward3.1,easyBike_forward3.0,easyBike_forward3.3,easyBike_forward3.2",easyBike_forward3.5,"122.0,339.0,412.0,193.0,267.0",50.0,125.0,100.0,33.3,0,2
499.0,pa_6_rev,NEG_E5,5,3,1,0,eRickshaw_reverse3.1,NONE,86.0,NONE,25.0,20.0,0.0,4,3
499.0,pa_7,E6,4,2,0,0,NONE,NONE,NONE,NONE,0.0,0.0,0.0,4,2
499.0,pa_7_rev,NEG_E6,4,2,4,2,"easyBike_reverse3.5,easyBike_reverse2.5,eRickshaw_reverse3.0,easyBike_reverse4.4","easyBike_reverse3.6,easyBike_reverse2.7","142.0,177.0,222.0,162.0","94.0,84.0",80.0,100.0,100.0,0,0
499.0,pa_8,E7,5,3,1,0,eRickshaw_forward4.0,NONE,163.0,NONE,25.0,20.0,0.0,4,3
499.0,pa_8_rev,NEG_E7,5,3,5,3,"easyBike_reverse2.1,easyBike_reverse3.0,easyBike_reverse3.1,easyBike_reverse2.0,easyBike_reverse4.1","easyBike_reverse4.0,easyBike_reverse2.3,easyBike_reverse3.3","357.0,302.0,351.0,300.0,342.0","296.0,267.0,248.0",125.0,100.0,100.0,0,0
500.0,pa_2,E0,4,3,4,3,"easyBike_forward4.0,easyBike_forward2.0,easyBike_forward1.0,easyBike_forward1.1","easyBike_forward2.1,easyBike_forward4.1,easyBike_forward1.2","402.0,409.0,405.0,357.0","349.0,328.0,305.0",80.0,100.0,100.0,0,0
500.0,pa_2_rev,NEG_E0,4,3,2,0,"easyBike_reverse1.8,eRickshaw_reverse1.1",NONE,"4.0,23.0",NONE,40.0,50.0,0.0,2,3
500.0,pa_3,E1,4,3,4,3,"easyBike_forward4.2,easyBike_forward1.3,easyBike_forward2.3,easyBike_forward1.4","eRickshaw_reverse4.0,easyBike_forward2.4,easyBike_forward4.3","144.0,150.0,127.0,100.0","71.0,66.0,63.0",80.0,100.0,100.0,0,0
500.0,pa_3_rev,NEG_E1,4,3,4,3,"easyBike_reverse1.2,easyBike_reverse1.0,eRickshaw_reverse1.0,easyBike_reverse1.1","eRickshaw_reverse2.0,easyBike_reverse1.4,easyBike_reverse1.3","241.0,324.0,220.0,195.0","174.0,163.0,113.0",80.0,100.0,100.0,0,0
500.0,pa_6,E5,5,3,5,1,"easyBike_forward3.4,easyBike_forward3.1,easyBike_forward3.0,easyBike_forward3.3,easyBike_forward3.2",easyBike_forward3.5,"123.0,340.0,413.0,194.0,268.0",51.0,125.0,100.0,33.3,0,2
500.0,pa_6_rev,NEG_E5,5,3,1,0,eRickshaw_reverse3.1,NONE,87.0,NONE,25.0,20.0,0.0,4,3
500.0,pa_7,E6,4,2,0,0,NONE,NONE,NONE,NONE,0.0,0.0,0.0,4,2
500.0,pa_7_rev,NEG_E6,4,2,4,2,"easyBike_reverse3.5,easyBike_reverse2.5,eRickshaw_reverse3.0,easyBike_reverse4.4","easyBike_reverse3.6,easyBike_reverse2.7","143.0,178.0,223.0,163.0","95.0,85.0",80.0,100.0,100.0,0,0
500.0,pa_8,E7,5,3,1,0,eRickshaw_forward4.0,NONE,164.0,NONE,25.0,20.0,0.0,4,3
500.0,pa_8_rev,NEG_E7,5,3,5,3,"easyBike_reverse2.1,easyBike_reverse3.0,easyBike_reverse3.1,easyBike_reverse2.0,easyBike_reverse4.1","easyBike_reverse4.0,easyBike_reverse2.3,easyBike_reverse3.3","358.0,303.0,352.0,301.0,343.0","297.0,268.0,249.0",125.0,100.0,100.0,0,0
501.0,pa_2,E0,4,3,4,3,"easyBike_forward4.0,easyBike_forward2.0,easyBike_forward1.0,easyBike_forward1.1","easyBike_forward2.1,easyBike_forward4.1,easyBike_forward1.2","403.0,410.0,406.0,358.0","350.0,329.0,306.0",80.0,100.0,100.0,0,0
501.0,pa_2_rev,NEG_E0,4,3,2,0,"easyBike_reverse1.8,eRickshaw_reverse1.1",NONE,"5.0,24.0",NONE,40.0,50.0,0.0,2,3
501.0,pa_3,E1,4,3,4,3,"easyBike_forward4.2,easyBike_forward1.3,easyBike_forward2.3,easyBike_forward1.4","eRickshaw_reverse4.0,easyBike_forward2.4,easyBike_forward4.3","145.0,151.0,128.0,101.0","72.0,67.0,64.0",80.0,100.0,100.0,0,0
501.0,pa_3_rev,NEG_E1,4,3,4,3,"easyBike_reverse1.2,easyBike_reverse1.0,eRickshaw_reverse1.0,easyBike_reverse1.1","eRickshaw_reverse2.0,easyBike_reverse1.4,easyBike_reverse1.3","242.0,325.0,221.0,196.0","175.0,164.0,114.0",80.0,100.0,100.0,0,0
501.0,pa_6,E5,5,3,5,1,"easyBike_forward3.4,easyBike_forward3.1,easyBike_forward3.0,easyBike_forward3.3,easyBike_forward3.2",easyBike_forward3.5,"124.0,341.0,414.0,195.0,269.0",52.0,125.0,100.0,33.3,0,2
501.0,pa_6_rev,NEG_E5,5,3,1,0,eRickshaw_reverse3.1,NONE,88.0,NONE,25.0,20.0,0.0,4,3
501.0,pa_7,E6,4,2,0,0,NONE,NONE,NONE,NONE,0.0,0.0,0.0,4,2
501.0,pa_7_rev,NEG_E6,4,2,4,2,"easyBike_reverse3.5,easyBike_reverse2.5,eRickshaw_reverse3.0,easyBike_reverse4.4","easyBike_reverse3.6,easyBike_reverse2.7","144.0,179.0,224.0,164.0","96.0,86.0",80.0,100.0,100.0,0,0
501.0,pa_8,E7,5,3,1,0,eRickshaw_forward4.0,NONE,165.0,NONE,25.0,20.0,0.0,4,3
501.0,pa_8_rev,NEG_E7,5,3,5,3,"easyBike_reverse2.1,easyBike_reverse3.0,easyBike_reverse3.1,easyBike_reverse2.0,easyBike_reverse4.1","easyBike_reverse4.0,easyBike_reverse2.3,easyBike_reverse3.3","359.0,304.0,353.0,302.0,344.0","298.0,269.0,250.0",125.0,100.0,100.0,0,0
502.0,pa_2,E0,4,3,4,3,"easyBike_forward4.0,easyBike_forward2.0,easyBike_forward1.0,easyBike_forward1.1","easyBike_forward2.1,easyBike_forward4.1,easyBike_forward1.2","404.0,411.0,407.0,359.0","351.0,330.0,307.0",80.0,100.0,100.0,0,0
502.0,pa_2_rev,NEG_E0,4,3,2,0,"easyBike_reverse1.8,eRickshaw_reverse1.1",NONE,"6.0,25.0",NONE,40.0,50.0,0.0,2,3
502.0,pa_3,E1,4,3,4,3,"easyBike_forward4.2,easyBike_forward1.3,easyBike_forward2.3,easyBike_forward1.4","eRickshaw_reverse4.0,easyBike_forward2.4,easyBike_forward4.3","146.0,152.0,129.0,102.0","73.0,68.0,65.0",80.0,100.0,100.0,0,0
502.0,pa_3_rev,NEG_E1,4,3,4,3,"easyBike_reverse1.2,easyBike_reverse1.0,eRickshaw_reverse1.0,easyBike_reverse1.1","eRickshaw_reverse2.0,easyBike_reverse1.4,easyBike_reverse1.3","243.0,326.0,222.0,197.0","176.0,165.0,115.0",80.0,100.0,100.0,0,0
502.0,pa_6,E5,5,3,5,1,"easyBike_forward3.4,easyBike_forward3.1,easyBike_forward3.0,easyBike_forward3.3,easyBike_forward3.2",easyBike_forward3.5,"125.0,342.0,415.0,196.0,270.0",53.0,125.0,100.0,33.3,0,2
502.0,pa_6_rev,NEG_E5,5,3,1,0,eRickshaw_reverse3.1,NONE,89.0,NONE,25.0,20.0,0.0,4,3
502.0,pa_7,E6,4,2,0,0,NONE,NONE,NONE,NONE,0.0,0.0,0.0,4,2
502.0,pa_7_rev,NEG_E6,4,2,4,2,"easyBike_reverse3.5,easyBike_reverse2.5,eRickshaw_reverse3.0,easyBike_reverse4.4","easyBike_reverse3.6,easyBike_reverse2.7","145.0,180.0,225.0,165.0","97.0,87.0",80.0,100.0,100.0,0,0
502.0,pa_8,E7,5,3,1,0,eRickshaw_forward4.0,NONE,166.0,NONE,25.0,20.0,0.0,4,3
502.0,pa_8_rev,NEG_E7,5,3,5,3,"easyBike_reverse2.1,easyBike_reverse3.0,easyBike_reverse3.1,easyBike_reverse2.0,easyBike_reverse4.1","easyBike_reverse4.0,easyBike_reverse2.3,easyBike_reverse3.3","360.0,305.0,354.0,303.0,345.0","299.0,270.0,251.0",125.0,100.0,100.0,0,0
503.0,pa_2,E0,4,3,4,3,"easyBike_forward4.0,easyBike_forward2.0,easyBike_forward1.0,easyBike_forward1.1","easyBike_forward2.1,easyBike_forward4.1,easyBike_forward1.2","405.0,412.0,408.0,360.0","352.0,331.0,308.0",80.0,100.0,100.0,0,0
503.0,pa_2_rev,NEG_E0,4,3,2,0,"easyBike_reverse1.8,eRickshaw_reverse1.1",NONE,"7.0,26.0",NONE,40.0,50.0,0.0,2,3
503.0,pa_3,E1,4,3,4,3,"easyBike_forward4.2,easyBike_forward1.3,easyBike_forward2.3,easyBike_forward1.4","eRickshaw_reverse4.0,easyBike_forward2.4,easyBike_forward4.3","147.0,153.0,130.0,103.0","74.0,69.0,66.0",80.0,100.0,100.0,0,0
503.0,pa_3_rev,NEG_E1,4,3,4,3,"easyBike_reverse1.2,easyBike_reverse1.0,eRickshaw_reverse1.0,easyBike_reverse1.1","eRickshaw_reverse2.0,easyBike_reverse1.4,easyBike_reverse1.3","244.0,327.0,223.0,198.0","177.0,166.0,116.0",80.0,100.0,100.0,0,0
503.0,pa_6,E5,5,3,5,1,"easyBike_forward3.4,easyBike_forward3.1,easyBike_forward3.0,easyBike_forward3.3,easyBike_forward3.2",easyBike_forward3.5,"126.0,343.0,416.0,197.0,271.0",54.0,125.0,100.0,33.3,0,2
503.0,pa_6_rev,NEG_E5,5,3,1,0,eRickshaw_reverse3.1,NONE,90.0,NONE,25.0,20.0,0.0,4,3
503.0,pa_7,E6,4,2,0,0,NONE,NONE,NONE,NONE,0.0,0.0,0.0,4,2
503.0,pa_7_rev,NEG_E6,4,2,4,2,"easyBike_reverse3.5,easyBike_reverse2.5,eRickshaw_reverse3.0,easyBike_reverse4.4","easyBike_reverse3.6,easyBike_reverse2.7","146.0,181.0,226.0,166.0","98.0,88.0",80.0,100.0,100.0,0,0
503.0,pa_8,E7,5,3,1,0,eRickshaw_forward4.0,NONE,167.0,NONE,25.0,20.0,0.0,4,3
503.0,pa_8_rev,NEG_E7,5,3,5,3,"easyBike_reverse2.1,easyBike_reverse3.0,easyBike_reverse3.1,easyBike_reverse2.0,easyBike_reverse4.1","easyBike_reverse4.0,easyBike_reverse2.3,easyBike_reverse3.3","361.0,306.0,355.0,304.0,346.0","300.0,271.0,252.0",125.0,100.0,100.0,0,0
504.0,pa_2,E0,4,3,4,3,"easyBike_forward4.0,easyBike_forward2.0,easyBike_forward1.0,easyBike_forward1.1","easyBike_forward2.1,easyBike_forward4.1,easyBike_forward1.2","406.0,413.0,409.0,361.0","353.0,332.0,309.0",80.0,100.0,100.0,0,0
504.0,pa_2_rev,NEG_E0,4,3,2,0,"easyBike_reverse1.8,eRickshaw_reverse1.1",NONE,"8.0,27.0",NONE,40.0,50.0,0.0,2,3
504.0,pa_3,E1,4,3,4,3,"easyBike_forward4.2,easyBike_forward1.3,easyBike_forward2.3,easyBike_forward1.4","eRickshaw_reverse4.0,easyBike_forward2.4,easyBike_forward4.3","148.0,154.0,131.0,104.0","75.0,70.0,67.0",80.0,100.0,100.0,0,0
504.0,pa_3_rev,NEG_E1,4,3,4,3,"easyBike_reverse1.2,easyBike_reverse1.0,eRickshaw_reverse1.0,easyBike_reverse1.1","eRickshaw_reverse2.0,easyBike_reverse1.4,easyBike_reverse1.3","245.0,328.0,224.0,199.0","178.0,167.0,117.0",80.0,100.0,100.0,0,0
504.0,pa_6,E5,5,3,5,1,"easyBike_forward3.4,easyBike_forward3.1,easyBike_forward3.0,easyBike_forward3.3,easyBike_forward3.2",easyBike_forward3.5,"127.0,344.0,417.0,198.0,272.0",55.0,125.0,100.0,33.3,0,2
504.0,pa_6_rev,NEG_E5,5,3,1,0,eRickshaw_reverse3.1,NONE,91.0,NONE,25.0,20.0,0.0,4,3
504.0,pa_7,E6,4,2,0,0,NONE,NONE,NONE,NONE,0.0,0.0,0.0,4,2
504.0,pa_7_rev,NEG_E6,4,2,4,2,"easyBike_reverse3.5,easyBike_reverse2.5,eRickshaw_reverse3.0,easyBike_reverse4.4","easyBike_reverse3.6,easyBike_reverse2.7","147.0,182.0,227.0,167.0","99.0,89.0",80.0,100.0,100.0,0,0
504.0,pa_8,E7,5,3,1,0,eRickshaw_forward4.0,NONE,168.0,NONE,25.0,20.0,0.0,4,3
504.0,pa_8_rev,NEG_E7,5,3,5,3,"easyBike_reverse2.1,easyBike_reverse3.0,easyBike_reverse3.1,easyBike_reverse2.0,easyBike_reverse4.1","easyBike_reverse4.0,easyBike_reverse2.3,easyBike_reverse3.3","362.0,307.0,356.0,305.0,347.0","301.0,272.0,253.0",125.0,100.0,100.0,0,0
505.0,pa_2,E0,4,3,4,3,"easyBike_forward4.0,easyBike_forward2.0,easyBike_forward1.0,easyBike_forward1.1","easyBike_forward2.1,easyBike_forward4.1,easyBike_forward1.2","407.0,414.0,410.0,362.0","354.0,333.0,310.0",80.0,100.0,100.0,0,0
505.0,pa_2_rev,NEG_E0,4,3,2,0,"easyBike_reverse1.8,eRickshaw_reverse1.1",NONE,"9.0,28.0",NONE,40.0,50.0,0.0,2,3
505.0,pa_3,E1,4,3,4,3,"easyBike_forward4.2,easyBike_forward1.3,easyBike_forward2.3,easyBike_forward1.4","eRickshaw_reverse4.0,easyBike_forward2.4,easyBike_forward4.3","149.0,155.0,132.0,105.0","76.0,71.0,68.0",80.0,100.0,100.0,0,0
505.0,pa_3_rev,NEG_E1,4,3,4,3,"easyBike_reverse1.2,easyBike_reverse1.0,eRickshaw_reverse1.0,easyBike_reverse1.1","eRickshaw_reverse2.0,easyBike_reverse1.4,easyBike_reverse1.3","246.0,329.0,225.0,200.0","179.0,168.0,118.0",80.0,100.0,100.0,0,0
505.0,pa_6,E5,5,3,5,1,"easyBike_forward3.4,easyBike_forward3.1,easyBike_forward3.0,easyBike_forward3.3,easyBike_forward3.2",easyBike_forward3.5,"128.0,345.0,418.0,199.0,273.0",56.0,125.0,100.0,33.3,0,2
505.0,pa_6_rev,NEG_E5,5,3,1,0,eRickshaw_reverse3.1,NONE,92.0,NONE,25.0,20.0,0.0,4,3
505.0,pa_7,E6,4,2,0,0,NONE,NONE,NONE,NONE,0.0,0.0,0.0,4,2
505.0,pa_7_rev,NEG_E6,4,2,4,2,"easyBike_reverse3.5,easyBike_reverse2.5,eRickshaw_reverse3.0,easyBike_reverse4.4","easyBike_reverse3.6,easyBike_reverse2.7","148.0,183.0,228.0,168.0","100.0,90.0",80.0,100.0,100.0,0,0
505.0,pa_8,E7,5,3,1,0,eRickshaw_forward4.0,NONE,169.0,NONE,25.0,20.0,0.0,4,3
505.0,pa_8_rev,NEG_E7,5,3,5,3,"easyBike_reverse2.1,easyBike_reverse3.0,easyBike_reverse3.1,easyBike_reverse2.0,easyBike_reverse4.1","easyBike_reverse4.0,easyBike_reverse2.3,easyBike_reverse3.3","363.0,308.0,357.0,306.0,348.0","302.0,273.0,254.0",125.0,100.0,100.0,0,0
506.0,pa_2,E0,4,3,4,3,"easyBike_forward4.0,easyBike_forward2.0,easyBike_forward1.0,easyBike_forward1.1","easyBike_forward2.1,easyBike_forward4.1,easyBike_forward1.2","408.0,415.0,411.0,363.0","355.0,334.0,311.0",80.0,100.0,100.0,0,0
506.0,pa_2_rev,NEG_E0,4,3,3,0,"easyBike_reverse1.8,eRickshaw_reverse1.1,eRickshaw_reverse4.1",NONE,"10.0,29.0,0.0",NONE,60.0,75.0,0.0,1,3
506.0,pa_3,E1,4,3,4,3,"easyBike_forward4.2,easyBike_forward1.3,easyBike_forward2.3,easyBike_forward1.4","eRickshaw_reverse4.0,easyBike_forward2.4,easyBike_forward4.3","150.0,156.0,133.0,106.0","77.0,72.0,69.0",80.0,100.0,100.0,0,0
506.0,pa_3_rev,NEG_E1,4,3,4,3,"easyBike_reverse1.2,easyBike_reverse1.0,eRickshaw_reverse1.0,easyBike_reverse1.1","eRickshaw_reverse2.0,easyBike_reverse1.4,easyBike_reverse1.3","247.0,330.0,226.0,201.0","180.0,169.0,119.0",80.0,100.0,100.0,0,0
506.0,pa_6,E5,5,3,5,1,"easyBike_forward3.4,easyBike_forward3.1,easyBike_forward3.0,easyBike_forward3.3,easyBike_forward3.2",easyBike_forward3.5,"129.0,346.0,419.0,200.0,274.0",57.0,125.0,100.0,33.3,0,2
506.0,pa_6_rev,NEG_E5,5,3,1,0,eRickshaw_reverse3.1,NONE,93.0,NONE,25.0,20.0,0.0,4,3
506.0,pa_7,E6,4,2,0,0,NONE,NONE,NONE,NONE,0.0,0.0,0.0,4,2
506.0,pa_7_rev,NEG_E6,4,2,4,2,"easyBike_reverse3.5,easyBike_reverse2.5,eRickshaw_reverse3.0,easyBike_reverse4.4","easyBike_reverse3.6,easyBike_reverse2.7","149.0,184.0,229.0,169.0","101.0,91.0",80.0,100.0,100.0,0,0
506.0,pa_8,E7,5,3,1,0,eRickshaw_forward4.0,NONE,170.0,NONE,25.0,20.0,0.0,4,3
506.0,pa_8_rev,NEG_E7,5,3,5,3,"easyBike_reverse2.1,easyBike_reverse3.0,easyBike_reverse3.1,easyBike_reverse2.0,easyBike_reverse4.1","easyBike_reverse4.0,easyBike_reverse2.3,easyBike_reverse3.3","364.0,309.0,358.0,307.0,349.0","303.0,274.0,255.0",125.0,100.0,100.0,0,0
507.0,pa_2,E0,4,3,4,3,"easyBike_forward4.0,easyBike_forward2.0,easyBike_forward1.0,easyBike_forward1.1","easyBike_forward2.1,easyBike_forward4.1,easyBike_forward1.2","409.0,416.0,412.0,364.0","356.0,335.0,312.0",80.0,100.0,100.0,0,0
507.0,pa_2_rev,NEG_E0,4,3,3,0,"easyBike_reverse1.8,eRickshaw_reverse1.1,eRickshaw_reverse4.1",NONE,"11.0,30.0,1.0",NONE,60.0,75.0,0.0,1,3
507.0,pa_3,E1,4,3,4,3,"easyBike_forward4.2,easyBike_forward1.3,easyBike_forward2.3,easyBike_forward1.4","eRickshaw_reverse4.0,easyBike_forward2.4,easyBike_forward4.3","151.0,157.0,134.0,107.0","78.0,73.0,70.0",80.0,100.0,100.0,0,0
507.0,pa_3_rev,NEG_E1,4,3,4,3,"easyBike_reverse1.2,easyBike_reverse1.0,eRickshaw_reverse1.0,easyBike_reverse1.1","eRickshaw_reverse2.0,easyBike_reverse1.4,easyBike_reverse1.3","248.0,331.0,227.0,202.0","181.0,170.0,120.0",80.0,100.0,100.0,0,0
507.0,pa_6,E5,5,3,5,1,"easyBike_forward3.4,easyBike_forward3.1,easyBike_forward3.0,easyBike_forward3.3,easyBike_forward3.2",easyBike_forward3.5,"130.0,347.0,420.0,201.0,275.0",58.0,125.0,100.0,33.3,0,2
507.0,pa_6_rev,NEG_E5,5,3,1,0,eRickshaw_reverse3.1,NONE,94.0,NONE,25.0,20.0,0.0,4,3
507.0,pa_7,E6,4,2,0,0,NONE,NONE,NONE,NONE,0.0,0.0,0.0,4,2
507.0,pa_7_rev,NEG_E6,4,2,4,2,"easyBike_reverse3.5,easyBike_reverse2.5,eRickshaw_reverse3.0,easyBike_reverse4.4","easyBike_reverse3.6,easyBike_reverse2.7","150.0,185.0,230.0,170.0","102.0,92.0",80.0,100.0,100.0,0,0
507.0,pa_8,E7,5,3,1,0,eRickshaw_forward4.0,NONE,171.0,NONE,25.0,20.0,0.0,4,3
507.0,pa_8_rev,NEG_E7,5,3,5,3,"easyBike_reverse2.1,easyBike_reverse3.0,easyBike_reverse3.1,easyBike_reverse2.0,easyBike_reverse4.1","easyBike_reverse4.0,easyBike_reverse2.3,easyBike_reverse3.3","365.0,310.0,359.0,308.0,350.0","304.0,275.0,256.0",125.0,100.0,100.0,0,0
508.0,pa_2,E0,4,3,4,3,"easyBike_forward4.0,easyBike_forward2.0,easyBike_forward1.0,easyBike_forward1.1","easyBike_forward2.1,easyBike_forward4.1,easyBike_forward1.2","410.0,417.0,413.0,365.0","357.0,336.0,313.0",80.0,100.0,100.0,0,0
508.0,pa_2_rev,NEG_E0,4,3,3,0,"easyBike_reverse1.8,eRickshaw_reverse1.1,eRickshaw_reverse4.1",NONE,"12.0,31.0,2.0",NONE,60.0,75.0,0.0,1,3
508.0,pa_3,E1,4,3,4,3,"easyBike_forward4.2,easyBike_forward1.3,easyBike_forward2.3,easyBike_forward1.4","eRickshaw_reverse4.0,easyBike_forward2.4,easyBike_forward4.3","152.0,158.0,135.0,108.0","79.0,74.0,71.0",80.0,100.0,100.0,0,0
508.0,pa_3_rev,NEG_E1,4,3,4,3,"easyBike_reverse1.2,easyBike_reverse1.0,eRickshaw_reverse1.0,easyBike_reverse1.1","eRickshaw_reverse2.0,easyBike_reverse1.4,easyBike_reverse1.3","249.0,332.0,228.0,203.0","182.0,171.0,121.0",80.0,100.0,100.0,0,0
508.0,pa_6,E5,5,3,5,1,"easyBike_forward3.4,easyBike_forward3.1,easyBike_forward3.0,easyBike_forward3.3,easyBike_forward3.2",easyBike_forward3.5,"131.0,348.0,421.0,202.0,276.0",59.0,125.0,100.0,33.3,0,2
508.0,pa_6_rev,NEG_E5,5,3,1,0,eRickshaw_reverse3.1,NONE,95.0,NONE,25.0,20.0,0.0,4,3
508.0,pa_7,E6,4,2,0,0,NONE,NONE,NONE,NONE,0.0,0.0,0.0,4,2
508.0,pa_7_rev,NEG_E6,4,2,4,2,"easyBike_reverse3.5,easyBike_reverse2.5,eRickshaw_reverse3.0,easyBike_reverse4.4","easyBike_reverse3.6,easyBike_reverse2.7","151.0,186.0,231.0,171.0","103.0,93.0",80.0,100.0,100.0,0,0
508.0,pa_8,E7,5,3,1,0,eRickshaw_forward4.0,NONE,172.0,NONE,25.0,20.0,0.0,4,3
508.0,pa_8_rev,NEG_E7,5,3,5,3,"easyBike_reverse2.1,easyBike_reverse3.0,easyBike_reverse3.1,easyBike_reverse2.0,easyBike_reverse4.1","easyBike_reverse4.0,easyBike_reverse2.3,easyBike_reverse3.3","366.0,311.0,360.0,309.0,351.0","305.0,276.0,257.0",125.0,100.0,100.0,0,0
509.0,pa_2,E0,4,3,4,3,"easyBike_forward4.0,easyBike_forward2.0,easyBike_forward1.0,easyBike_forward1.1","easyBike_forward2.1,easyBike_forward4.1,easyBike_forward1.2","411.0,418.0,414.0,366.0","358.0,337.0,314.0",80.0,100.0,100.0,0,0
509.0,pa_2_rev,NEG_E0,4,3,3,0,"easyBike_reverse1.8,eRickshaw_reverse1.1,eRickshaw_reverse4.1",NONE,"13.0,32.0,3.0",NONE,60.0,75.0,0.0,1,3
509.0,pa_3,E1,4,3,4,3,"easyBike_forward4.2,easyBike_forward1.3,easyBike_forward2.3,easyBike_forward1.4","eRickshaw_reverse4.0,easyBike_forward2.4,easyBike_forward4.3","153.0,159.0,136.0,109.0","80.0,75.0,72.0",80.0,100.0,100.0,0,0
509.0,pa_3_rev,NEG_E1,4,3,4,3,"easyBike_reverse1.2,easyBike_reverse1.0,eRickshaw_reverse1.0,easyBike_reverse1.1","eRickshaw_reverse2.0,easyBike_reverse1.4,easyBike_reverse1.3","250.0,333.0,229.0,204.0","183.0,172.0,122.0",80.0,100.0,100.0,0,0
509.0,pa_6,E5,5,3,5,1,"easyBike_forward3.4,easyBike_forward3.1,easyBike_forward3.0,easyBike_forward3.3,easyBike_forward3.2",easyBike_forward3.5,"132.0,349.0,422.0,203.0,277.0",60.0,125.0,100.0,33.3,0,2
509.0,pa_6_rev,NEG_E5,5,3,1,0,eRickshaw_reverse3.1,NONE,96.0,NONE,25.0,20.0,0.0,4,3
509.0,pa_7,E6,4,2,0,0,NONE,NONE,NONE,NONE,0.0,0.0,0.0,4,2
509.0,pa_7_rev,NEG_E6,4,2,4,2,"easyBike_reverse3.5,easyBike_reverse2.5,eRickshaw_reverse3.0,easyBike_reverse4.4","easyBike_reverse3.6,easyBike_reverse2.7","152.0,187.0,232.0,172.0","104.0,94.0",80.0,100.0,100.0,0,0
509.0,pa_8,E7,5,3,1,0,eRickshaw_forward4.0,NONE,173.0,NONE,25.0,20.0,0.0,4,3
509.0,pa_8_rev,NEG_E7,5,3,5,3,"easyBike_reverse2.1,easyBike_reverse3.0,easyBike_reverse3.1,easyBike_reverse2.0,easyBike_reverse4.1","easyBike_reverse4.0,easyBike_reverse2.3,easyBike_reverse3.3","367.0,312.0,361.0,310.0,352.0","306.0,277.0,258.0",125.0,100.0,100.0,0,0
510.0,pa_2,E0,4,3,4,3,"easyBike_forward4.0,easyBike_forward2.0,easyBike_forward1.0,easyBike_forward1.1","easyBike_forward2.1,easyBike_forward4.1,easyBike_forward1.2","412.0,419.0,415.0,367.0","359.0,338.0,315.0",80.0,100.0,100.0,0,0
510.0,pa_2_rev,NEG_E0,4,3,3,0,"easyBike_reverse1.8,eRickshaw_reverse1.1,eRickshaw_reverse4.1",NONE,"14.0,33.0,4.0",NONE,60.0,75.0,0.0,1,3
510.0,pa_3,E1,4,3,4,3,"easyBike_forward4.2,easyBike_forward1.3,easyBike_forward2.3,easyBike_forward1.4","eRickshaw_reverse4.0,easyBike_forward2.4,easyBike_forward4.3","154.0,160.0,137.0,110.0","81.0,76.0,73.0",80.0,100.0,100.0,0,0
510.0,pa_3_rev,NEG_E1,4,3,4,3,"easyBike_reverse1.2,easyBike_reverse1.0,eRickshaw_reverse1.0,easyBike_reverse1.1","eRickshaw_reverse2.0,easyBike_reverse1.4,easyBike_reverse1.3","251.0,334.0,230.0,205.0","184.0,173.0,123.0",80.0,100.0,100.0,0,0
510.0,pa_6,E5,5,3,5,1,"easyBike_forward3.4,easyBike_forward3.1,easyBike_forward3.0,easyBike_forward3.3,easyBike_forward3.2",easyBike_forward3.5,"133.0,350.0,423.0,204.0,278.0",61.0,125.0,100.0,33.3,0,2
510.0,pa_6_rev,NEG_E5,5,3,1,0,eRickshaw_reverse3.1,NONE,97.0,NONE,25.0,20.0,0.0,4,3
510.0,pa_7,E6,4,2,0,0,NONE,NONE,NONE,NONE,0.0,0.0,0.0,4,2
510.0,pa_7_rev,NEG_E6,4,2,4,2,"easyBike_reverse3.5,easyBike_reverse2.5,eRickshaw_reverse3.0,easyBike_reverse4.4","easyBike_reverse3.6,easyBike_reverse2.7","153.0,188.0,233.0,173.0","105.0,95.0",80.0,100.0,100.0,0,0
510.0,pa_8,E7,5,3,1,0,eRickshaw_forward4.0,NONE,174.0,NONE,25.0,20.0,0.0,4,3
510.0,pa_8_rev,NEG_E7,5,3,5,3,"easyBike_reverse2.1,easyBike_reverse3.0,easyBike_reverse3.1,easyBike_reverse2.0,easyBike_reverse4.1","easyBike_reverse4.0,easyBike_reverse2.3,easyBike_reverse3.3","368.0,313.0,362.0,311.0,353.0","307.0,278.0,259.0",125.0,100.0,100.0,0,0
511.0,pa_2,E0,4,3,4,3,"easyBike_forward4.0,easyBike_forward2.0,easyBike_forward1.0,easyBike_forward1.1","easyBike_forward2.1,easyBike_forward4.1,easyBike_forward1.2","413.0,420.0,416.0,368.0","360.0,339.0,316.0",80.0,100.0,100.0,0,0
511.0,pa_2_rev,NEG_E0,4,3,3,0,"easyBike_reverse1.8,eRickshaw_reverse1.1,eRickshaw_reverse4.1",NONE,"15.0,34.0,5.0",NONE,60.0,75.0,0.0,1,3
511.0,pa_3,E1,4,3,4,3,"easyBike_forward4.2,easyBike_forward1.3,easyBike_forward2.3,easyBike_forward1.4","eRickshaw_reverse4.0,easyBike_forward2.4,easyBike_forward4.3","155.0,161.0,138.0,111.0","82.0,77.0,74.0",80.0,100.0,100.0,0,0
511.0,pa_3_rev,NEG_E1,4,3,4,3,"easyBike_reverse1.2,easyBike_reverse1.0,eRickshaw_reverse1.0,easyBike_reverse1.1","eRickshaw_reverse2.0,easyBike_reverse1.4,easyBike_reverse1.3","252.0,335.0,231.0,206.0","185.0,174.0,124.0",80.0,100.0,100.0,0,0
511.0,pa_6,E5,5,3,5,1,"easyBike_forward3.4,easyBike_forward3.1,easyBike_forward3.0,easyBike_forward3.3,easyBike_forward3.2",easyBike_forward3.5,"134.0,351.0,424.0,205.0,279.0",62.0,125.0,100.0,33.3,0,2
511.0,pa_6_rev,NEG_E5,5,3,1,0,eRickshaw_reverse3.1,NONE,98.0,NONE,25.0,20.0,0.0,4,3
511.0,pa_7,E6,4,2,0,0,NONE,NONE,NONE,NONE,0.0,0.0,0.0,4,2
511.0,pa_7_rev,NEG_E6,4,2,4,2,"easyBike_reverse3.5,easyBike_reverse2.5,eRickshaw_reverse3.0,easyBike_reverse4.4","easyBike_reverse3.6,easyBike_reverse2.7","154.0,189.0,234.0,174.0","106.0,96.0",80.0,100.0,100.0,0,0
511.0,pa_8,E7,5,3,1,0,eRickshaw_forward4.0,NONE,175.0,NONE,25.0,20.0,0.0,4,3
511.0,pa_8_rev,NEG_E7,5,3,5,3,"easyBike_reverse2.1,easyBike_reverse3.0,easyBike_reverse3.1,easyBike_reverse2.0,easyBike_reverse4.1","easyBike_reverse4.0,easyBike_reverse2.3,easyBike_reverse3.3","369.0,314.0,363.0,312.0,354.0","308.0,279.0,260.0",125.0,100.0,100.0,0,0
512.0,pa_2,E0,4,3,4,3,"easyBike_forward4.0,easyBike_forward2.0,easyBike_forward1.0,easyBike_forward1.1","easyBike_forward2.1,easyBike_forward4.1,easyBike_forward1.2","414.0,421.0,417.0,369.0","361.0,340.0,317.0",80.0,100.0,100.0,0,0
512.0,pa_2_rev,NEG_E0,4,3,3,0,"easyBike_reverse1.8,eRickshaw_reverse1.1,eRickshaw_reverse4.1",NONE,"16.0,35.0,6.0",NONE,60.0,75.0,0.0,1,3
512.0,pa_3,E1,4,3,4,3,"easyBike_forward4.2,easyBike_forward1.3,easyBike_forward2.3,easyBike_forward1.4","eRickshaw_reverse4.0,easyBike_forward2.4,easyBike_forward4.3","156.0,162.0,139.0,112.0","83.0,78.0,75.0",80.0,100.0,100.0,0,0
512.0,pa_3_rev,NEG_E1,4,3,4,3,"easyBike_reverse1.2,easyBike_reverse1.0,eRickshaw_reverse1.0,easyBike_reverse1.1","eRickshaw_reverse2.0,easyBike_reverse1.4,easyBike_reverse1.3","253.0,336.0,232.0,207.0","186.0,175.0,125.0",80.0,100.0,100.0,0,0
512.0,pa_6,E5,5,3,5,1,"easyBike_forward3.4,easyBike_forward3.1,easyBike_forward3.0,easyBike_forward3.3,easyBike_forward3.2",easyBike_forward3.5,"135.0,352.0,425.0,206.0,280.0",63.0,125.0,100.0,33.3,0,2
512.0,pa_6_rev,NEG_E5,5,3,1,0,eRickshaw_reverse3.1,NONE,99.0,NONE,25.0,20.0,0.0,4,3
512.0,pa_7,E6,4,2,0,0,NONE,NONE,NONE,NONE,0.0,0.0,0.0,4,2
512.0,pa_7_rev,NEG_E6,4,2,4,2,"easyBike_reverse3.5,easyBike_reverse2.5,eRickshaw_reverse3.0,easyBike_reverse4.4","easyBike_reverse3.6,easyBike_reverse2.7","155.0,190.0,235.0,175.0","107.0,97.0",80.0,100.0,100.0,0,0
512.0,pa_8,E7,5,3,1,0,eRickshaw_forward4.0,NONE,176.0,NONE,25.0,20.0,0.0,4,3
512.0,pa_8_rev,NEG_E7,5,3,5,3,"easyBike_reverse2.1,easyBike_reverse3.0,easyBike_reverse3.1,easyBike_reverse2.0,easyBike_reverse4.1","easyBike_reverse4.0,easyBike_reverse2.3,easyBike_reverse3.3","370.0,315.0,364.0,313.0,355.0","309.0,280.0,261.0",125.0,100.0,100.0,0,0
513.0,pa_2,E0,4,3,4,3,"easyBike_forward4.0,easyBike_forward2.0,easyBike_forward1.0,easyBike_forward1.1","easyBike_forward2.1,easyBike_forward4.1,easyBike_forward1.2","415.0,422.0,418.0,370.0","362.0,341.0,318.0",80.0,100.0,100.0,0,0
513.0,pa_2_rev,NEG_E0,4,3,3,0,"easyBike_reverse1.8,eRickshaw_reverse1.1,eRickshaw_reverse4.1",NONE,"17.0,36.0,7.0",NONE,60.0,75.0,0.0,1,3
513.0,pa_3,E1,4,3,4,3,"easyBike_forward4.2,easyBike_forward1.3,easyBike_forward2.3,easyBike_forward1.4","eRickshaw_reverse4.0,easyBike_forward2.4,easyBike_forward4.3","157.0,163.0,140.0,113.0","84.0,79.0,76.0",80.0,100.0,100.0,0,0
513.0,pa_3_rev,NEG_E1,4,3,4,3,"easyBike_reverse1.2,easyBike_reverse1.0,eRickshaw_reverse1.0,easyBike_reverse1.1","eRickshaw_reverse2.0,easyBike_reverse1.4,easyBike_reverse1.3","254.0,337.0,233.0,208.0","187.0,176.0,126.0",80.0,100.0,100.0,0,0
513.0,pa_6,E5,5,3,5,1,"easyBike_forward3.4,easyBike_forward3.1,easyBike_forward3.0,easyBike_forward3.3,easyBike_forward3.2",easyBike_forward3.5,"136.0,353.0,426.0,207.0,281.0",64.0,125.0,100.0,33.3,0,2
513.0,pa_6_rev,NEG_E5,5,3,1,0,eRickshaw_reverse3.1,NONE,100.0,NONE,25.0,20.0,0.0,4,3
513.0,pa_7,E6,4,2,0,0,NONE,NONE,NONE,NONE,0.0,0.0,0.0,4,2
513.0,pa_7_rev,NEG_E6,4,2,4,2,"easyBike_reverse3.5,easyBike_reverse2.5,eRickshaw_reverse3.0,easyBike_reverse4.4","easyBike_reverse3.6,easyBike_reverse2.7","156.0,191.0,236.0,176.0","108.0,98.0",80.0,100.0,100.0,0,0
513.0,pa_8,E7,5,3,1,0,eRickshaw_forward4.0,NONE,177.0,NONE,25.0,20.0,0.0,4,3
513.0,pa_8_rev,NEG_E7,5,3,5,3,"easyBike_reverse2.1,easyBike_reverse3.0,easyBike_reverse3.1,easyBike_reverse2.0,easyBike_reverse4.1","easyBike_reverse4.0,easyBike_reverse2.3,easyBike_reverse3.3","371.0,316.0,365.0,314.0,356.0","310.0,281.0,262.0",125.0,100.0,100.0,0,0
514.0,pa_2,E0,4,3,4,3,"easyBike_forward4.0,easyBike_forward2.0,easyBike_forward1.0,easyBike_forward1.1","easyBike_forward2.1,easyBike_forward4.1,easyBike_forward1.2","416.0,423.0,419.0,371.0","363.0,342.0,319.0",80.0,100.0,100.0,0,0
514.0,pa_2_rev,NEG_E0,4,3,3,0,"easyBike_reverse1.8,eRickshaw_reverse1.1,eRickshaw_reverse4.1",NONE,"18.0,37.0,8.0",NONE,60.0,75.0,0.0,1,3
514.0,pa_3,E1,4,3,4,3,"easyBike_forward4.2,easyBike_forward1.3,easyBike_forward2.3,easyBike_forward1.4","eRickshaw_reverse4.0,easyBike_forward2.4,easyBike_forward4.3","158.0,164.0,141.0,114.0","85.0,80.0,77.0",80.0,100.0,100.0,0,0
514.0,pa_3_rev,NEG_E1,4,3,4,3,"easyBike_reverse1.2,easyBike_reverse1.0,eRickshaw_reverse1.0,easyBike_reverse1.1","eRickshaw_reverse2.0,easyBike_reverse1.4,easyBike_reverse1.3","255.0,338.0,234.0,209.0","188.0,177.0,127.0",80.0,100.0,100.0,0,0
514.0,pa_6,E5,5,3,5,1,"easyBike_forward3.4,easyBike_forward3.1,easyBike_forward3.0,easyBike_forward3.3,easyBike_forward3.2",easyBike_forward3.5,"137.0,354.0,427.0,208.0,282.0",65.0,125.0,100.0,33.3,0,2
514.0,pa_6_rev,NEG_E5,5,3,1,0,eRickshaw_reverse3.1,NONE,101.0,NONE,25.0,20.0,0.0,4,3
514.0,pa_7,E6,4,2,0,0,NONE,NONE,NONE,NONE,0.0,0.0,0.0,4,2
514.0,pa_7_rev,NEG_E6,4,2,4,2,"easyBike_reverse3.5,easyBike_reverse2.5,eRickshaw_reverse3.0,easyBike_reverse4.4","easyBike_reverse3.6,easyBike_reverse2.7","157.0,192.0,237.0,177.0","109.0,99.0",80.0,100.0,100.0,0,0
514.0,pa_8,E7,5,3,1,0,eRickshaw_forward4.0,NONE,178.0,NONE,25.0,20.0,0.0,4,3
514.0,pa_8_rev,NEG_E7,5,3,5,3,"easyBike_reverse2.1,easyBike_reverse3.0,easyBike_reverse3.1,easyBike_reverse2.0,easyBike_reverse4.1","easyBike_reverse4.0,easyBike_reverse2.3,easyBike_reverse3.3","372.0,317.0,366.0,315.0,357.0","311.0,282.0,263.0",125.0,100.0,100.0,0,0
515.0,pa_2,E0,4,3,4,3,"easyBike_forward4.0,easyBike_forward2.0,easyBike_forward1.0,easyBike_forward1.1","easyBike_forward2.1,easyBike_forward4.1,easyBike_forward1.2","417.0,424.0,420.0,372.0","364.0,343.0,320.0",80.0,100.0,100.0,0,0
515.0,pa_2_rev,NEG_E0,4,3,3,0,"easyBike_reverse1.8,eRickshaw_reverse1.1,eRickshaw_reverse4.1",NONE,"19.0,38.0,9.0",NONE,60.0,75.0,0.0,1,3
515.0,pa_3,E1,4,3,4,3,"easyBike_forward4.2,easyBike_forward1.3,easyBike_forward2.3,easyBike_forward1.4","eRickshaw_reverse4.0,easyBike_forward2.4,easyBike_forward4.3","159.0,165.0,142.0,115.0","86.0,81.0,78.0",80.0,100.0,100.0,0,0
515.0,pa_3_rev,NEG_E1,4,3,4,3,"easyBike_reverse1.2,easyBike_reverse1.0,eRickshaw_reverse1.0,easyBike_reverse1.1","eRickshaw_reverse2.0,easyBike_reverse1.4,easyBike_reverse1.3","256.0,339.0,235.0,210.0","189.0,178.0,128.0",80.0,100.0,100.0,0,0
515.0,pa_6,E5,5,3,5,1,"easyBike_forward3.4,easyBike_forward3.1,easyBike_forward3.0,easyBike_forward3.3,easyBike_forward3.2",easyBike_forward3.5,"138.0,355.0,428.0,209.0,283.0",66.0,125.0,100.0,33.3,0,2
515.0,pa_6_rev,NEG_E5,5,3,1,0,eRickshaw_reverse3.1,NONE,102.0,NONE,25.0,20.0,0.0,4,3
515.0,pa_7,E6,4,2,0,0,NONE,NONE,NONE,NONE,0.0,0.0,0.0,4,2
515.0,pa_7_rev,NEG_E6,4,2,4,2,"easyBike_reverse3.5,easyBike_reverse2.5,eRickshaw_reverse3.0,easyBike_reverse4.4","easyBike_reverse3.6,easyBike_reverse2.7","158.0,193.0,238.0,178.0","110.0,100.0",80.0,100.0,100.0,0,0
515.0,pa_8,E7,5,3,1,0,eRickshaw_forward4.0,NONE,179.0,NONE,25.0,20.0,0.0,4,3
515.0,pa_8_rev,NEG_E7,5,3,5,3,"easyBike_reverse2.1,easyBike_reverse3.0,easyBike_reverse3.1,easyBike_reverse2.0,easyBike_reverse4.1","easyBike_reverse4.0,easyBike_reverse2.3,easyBike_reverse3.3","373.0,318.0,367.0,316.0,358.0","312.0,283.0,264.0",125.0,100.0,100.0,0,0
516.0,pa_2,E0,4,3,4,3,"easyBike_forward4.0,easyBike_forward2.0,easyBike_forward1.0,easyBike_forward1.1","easyBike_forward2.1,easyBike_forward4.1,easyBike_forward1.2","418.0,425.0,421.0,373.0","365.0,344.0,321.0",80.0,100.0,100.0,0,0
516.0,pa_2_rev,NEG_E0,4,3,3,0,"easyBike_reverse1.8,eRickshaw_reverse1.1,eRickshaw_reverse4.1",NONE,"20.0,39.0,10.0",NONE,60.0,75.0,0.0,1,3
516.0,pa_3,E1,4,3,4,3,"easyBike_forward4.2,easyBike_forward1.3,easyBike_forward2.3,easyBike_forward1.4","eRickshaw_reverse4.0,easyBike_forward2.4,easyBike_forward4.3","160.0,166.0,143.0,116.0","87.0,82.0,79.0",80.0,100.0,100.0,0,0
516.0,pa_3_rev,NEG_E1,4,3,4,3,"easyBike_reverse1.2,easyBike_reverse1.0,eRickshaw_reverse1.0,easyBike_reverse1.1","eRickshaw_reverse2.0,easyBike_reverse1.4,easyBike_reverse1.3","257.0,340.0,236.0,211.0","190.0,179.0,129.0",80.0,100.0,100.0,0,0
516.0,pa_6,E5,5,3,5,1,"easyBike_forward3.4,easyBike_forward3.1,easyBike_forward3.0,easyBike_forward3.3,easyBike_forward3.2",easyBike_forward3.5,"139.0,356.0,429.0,210.0,284.0",67.0,125.0,100.0,33.3,0,2
516.0,pa_6_rev,NEG_E5,5,3,2,0,"eRickshaw_reverse3.2,eRickshaw_reverse3.1",NONE,"0.0,103.0",NONE,50.0,40.0,0.0,3,3
516.0,pa_7,E6,4,2,0,0,NONE,NONE,NONE,NONE,0.0,0.0,0.0,4,2
516.0,pa_7_rev,NEG_E6,4,2,4,2,"easyBike_reverse3.5,easyBike_reverse2.5,eRickshaw_reverse3.0,easyBike_reverse4.4","easyBike_reverse3.6,easyBike_reverse2.7","159.0,194.0,239.0,179.0","111.0,101.0",80.0,100.0,100.0,0,0
516.0,pa_8,E7,5,3,1,0,eRickshaw_forward4.0,NONE,180.0,NONE,25.0,20.0,0.0,4,3
516.0,pa_8_rev,NEG_E7,5,3,5,3,"easyBike_reverse2.1,easyBike_reverse3.0,easyBike_reverse3.1,easyBike_reverse2.0,easyBike_reverse4.1","easyBike_reverse4.0,easyBike_reverse2.3,easyBike_reverse3.3","374.0,319.0,368.0,317.0,359.0","313.0,284.0,265.0",125.0,100.0,100.0,0,0
517.0,pa_2,E0,4,3,4,3,"easyBike_forward4.0,easyBike_forward2.0,easyBike_forward1.0,easyBike_forward1.1","easyBike_forward2.1,easyBike_forward4.1,easyBike_forward1.2","419.0,426.0,422.0,374.0","366.0,345.0,322.0",80.0,100.0,100.0,0,0
517.0,pa_2_rev,NEG_E0,4,3,3,0,"easyBike_reverse1.8,eRickshaw_reverse1.1,eRickshaw_reverse4.1",NONE,"21.0,40.0,11.0",NONE,60.0,75.0,0.0,1,3
517.0,pa_3,E1,4,3,4,3,"easyBike_forward4.2,easyBike_forward1.3,easyBike_forward2.3,easyBike_forward1.4","eRickshaw_reverse4.0,easyBike_forward2.4,easyBike_forward4.3","161.0,167.0,144.0,117.0","88.0,83.0,80.0",80.0,100.0,100.0,0,0
517.0,pa_3_rev,NEG_E1,4,3,4,3,"easyBike_reverse1.2,easyBike_reverse1.0,eRickshaw_reverse1.0,easyBike_reverse1.1","eRickshaw_reverse2.0,easyBike_reverse1.4,easyBike_reverse1.3","258.0,341.0,237.0,212.0","191.0,180.0,130.0",80.0,100.0,100.0,0,0
517.0,pa_6,E5,5,3,5,1,"easyBike_forward3.4,easyBike_forward3.1,easyBike_forward3.0,easyBike_forward3.3,easyBike_forward3.2",easyBike_forward3.5,"140.0,357.0,430.0,211.0,285.0",68.0,125.0,100.0,33.3,0,2
517.0,pa_6_rev,NEG_E5,5,3,2,0,"eRickshaw_reverse3.2,eRickshaw_reverse3.1",NONE,"1.0,104.0",NONE,50.0,40.0,0.0,3,3
517.0,pa_7,E6,4,2,0,0,NONE,NONE,NONE,NONE,0.0,0.0,0.0,4,2
517.0,pa_7_rev,NEG_E6,4,2,4,2,"easyBike_reverse3.5,easyBike_reverse2.5,eRickshaw_reverse3.0,easyBike_reverse4.4","easyBike_reverse3.6,easyBike_reverse2.7","160.0,195.0,240.0,180.0","112.0,102.0",80.0,100.0,100.0,0,0
517.0,pa_8,E7,5,3,1,0,eRickshaw_forward4.0,NONE,181.0,NONE,25.0,20.0,0.0,4,3
517.0,pa_8_rev,NEG_E7,5,3,5,3,"easyBike_reverse2.1,easyBike_reverse3.0,easyBike_reverse3.1,easyBike_reverse2.0,easyBike_reverse4.1","easyBike_reverse4.0,easyBike_reverse2.3,easyBike_reverse3.3","375.0,320.0,369.0,318.0,360.0","314.0,285.0,266.0",125.0,100.0,100.0,0,0
518.0,pa_2,E0,4,3,4,3,"easyBike_forward4.0,easyBike_forward2.0,easyBike_forward1.0,easyBike_forward1.1","easyBike_forward2.1,easyBike_forward4.1,easyBike_forward1.2","420.0,427.0,423.0,375.0","367.0,346.0,323.0",80.0,100.0,100.0,0,0
518.0,pa_2_rev,NEG_E0,4,3,3,0,"easyBike_reverse1.8,eRickshaw_reverse1.1,eRickshaw_reverse4.1",NONE,"22.0,41.0,12.0",NONE,60.0,75.0,0.0,1,3
518.0,pa_3,E1,4,3,4,3,"easyBike_forward4.2,easyBike_forward1.3,easyBike_forward2.3,easyBike_forward1.4","eRickshaw_reverse4.0,easyBike_forward2.4,easyBike_forward4.3","162.0,168.0,145.0,118.0","89.0,84.0,81.0",80.0,100.0,100.0,0,0
518.0,pa_3_rev,NEG_E1,4,3,4,3,"easyBike_reverse1.2,easyBike_reverse1.0,eRickshaw_reverse1.0,easyBike_reverse1.1","eRickshaw_reverse2.0,easyBike_reverse1.4,easyBike_reverse1.3","259.0,342.0,238.0,213.0","192.0,181.0,131.0",80.0,100.0,100.0,0,0
518.0,pa_6,E5,5,3,5,1,"easyBike_forward3.4,easyBike_forward3.1,easyBike_forward3.0,easyBike_forward3.3,easyBike_forward3.2",easyBike_forward3.5,"141.0,358.0,431.0,212.0,286.0",69.0,125.0,100.0,33.3,0,2
518.0,pa_6_rev,NEG_E5,5,3,2,0,"eRickshaw_reverse3.2,eRickshaw_reverse3.1",NONE,"2.0,105.0",NONE,50.0,40.0,0.0,3,3
518.0,pa_7,E6,4,2,0,0,NONE,NONE,NONE,NONE,0.0,0.0,0.0,4,2
518.0,pa_7_rev,NEG_E6,4,2,4,2,"easyBike_reverse3.5,easyBike_reverse2.5,eRickshaw_reverse3.0,easyBike_reverse4.4","easyBike_reverse3.6,easyBike_reverse2.7","161.0,196.0,241.0,181.0","113.0,103.0",80.0,100.0,100.0,0,0
518.0,pa_8,E7,5,3,1,0,eRickshaw_forward4.0,NONE,182.0,NONE,25.0,20.0,0.0,4,3
518.0,pa_8_rev,NEG_E7,5,3,5,3,"easyBike_reverse2.1,easyBike_reverse3.0,easyBike_reverse3.1,easyBike_reverse2.0,easyBike_reverse4.1","easyBike_reverse4.0,easyBike_reverse2.3,easyBike_reverse3.3","376.0,321.0,370.0,319.0,361.0","315.0,286.0,267.0",125.0,100.0,100.0,0,0
519.0,pa_2,E0,4,3,4,3,"easyBike_forward4.0,easyBike_forward2.0,easyBike_forward1.0,easyBike_forward1.1","easyBike_forward2.1,easyBike_forward4.1,easyBike_forward1.2","421.0,428.0,424.0,376.0","368.0,347.0,324.0",80.0,100.0,100.0,0,0
519.0,pa_2_rev,NEG_E0,4,3,3,0,"easyBike_reverse1.8,eRickshaw_reverse1.1,eRickshaw_reverse4.1",NONE,"23.0,42.0,13.0",NONE,60.0,75.0,0.0,1,3
519.0,pa_3,E1,4,3,4,3,"easyBike_forward4.2,easyBike_forward1.3,easyBike_forward2.3,easyBike_forward1.4","eRickshaw_reverse4.0,easyBike_forward2.4,easyBike_forward4.3","163.0,169.0,146.0,119.0","90.0,85.0,82.0",80.0,100.0,100.0,0,0
519.0,pa_3_rev,NEG_E1,4,3,4,3,"easyBike_reverse1.2,easyBike_reverse1.0,eRickshaw_reverse1.0,easyBike_reverse1.1","eRickshaw_reverse2.0,easyBike_reverse1.4,easyBike_reverse1.3","260.0,343.0,239.0,214.0","193.0,182.0,132.0",80.0,100.0,100.0,0,0
519.0,pa_6,E5,5,3,5,1,"easyBike_forward3.4,easyBike_forward3.1,easyBike_forward3.0,easyBike_forward3.3,easyBike_forward3.2",easyBike_forward3.5,"142.0,359.0,432.0,213.0,287.0",70.0,125.0,100.0,33.3,0,2
519.0,pa_6_rev,NEG_E5,5,3,2,0,"eRickshaw_reverse3.2,eRickshaw_reverse3.1",NONE,"3.0,106.0",NONE,50.0,40.0,0.0,3,3
519.0,pa_7,E6,4,2,0,0,NONE,NONE,NONE,NONE,0.0,0.0,0.0,4,2
519.0,pa_7_rev,NEG_E6,4,2,4,2,"easyBike_reverse3.5,easyBike_reverse2.5,eRickshaw_reverse3.0,easyBike_reverse4.4","easyBike_reverse3.6,easyBike_reverse2.7","162.0,197.0,242.0,182.0","114.0,104.0",80.0,100.0,100.0,0,0
519.0,pa_8,E7,5,3,2,0,"eRickshaw_forward4.1,eRickshaw_forward4.0",NONE,"0.0,183.0",NONE,50.0,40.0,0.0,3,3
519.0,pa_8_rev,NEG_E7,5,3,5,3,"easyBike_reverse2.1,easyBike_reverse3.0,easyBike_reverse3.1,easyBike_reverse2.0,easyBike_reverse4.1","easyBike_reverse4.0,easyBike_reverse2.3,easyBike_reverse3.3","377.0,322.0,371.0,320.0,362.0","316.0,287.0,268.0",125.0,100.0,100.0,0,0
520.0,pa_2,E0,4,3,4,3,"easyBike_forward4.0,easyBike_forward2.0,easyBike_forward1.0,easyBike_forward1.1","easyBike_forward2.1,easyBike_forward4.1,easyBike_forward1.2","422.0,429.0,425.0,377.0","369.0,348.0,325.0",80.0,100.0,100.0,0,0
520.0,pa_2_rev,NEG_E0,4,3,3,0,"easyBike_reverse1.8,eRickshaw_reverse1.1,eRickshaw_reverse4.1",NONE,"24.0,43.0,14.0",NONE,60.0,75.0,0.0,1,3
520.0,pa_3,E1,4,3,4,3,"easyBike_forward4.2,easyBike_forward1.3,easyBike_forward2.3,easyBike_forward1.4","eRickshaw_reverse4.0,easyBike_forward2.4,easyBike_forward4.3","164.0,170.0,147.0,120.0","91.0,86.0,83.0",80.0,100.0,100.0,0,0
520.0,pa_3_rev,NEG_E1,4,3,4,3,"easyBike_reverse1.2,easyBike_reverse1.0,eRickshaw_reverse1.0,easyBike_reverse1.1","eRickshaw_reverse2.0,easyBike_reverse1.4,easyBike_reverse1.3","261.0,344.0,240.0,215.0","194.0,183.0,133.0",80.0,100.0,100.0,0,0
520.0,pa_6,E5,5,3,5,1,"easyBike_forward3.4,easyBike_forward3.1,easyBike_forward3.0,easyBike_forward3.3,easyBike_forward3.2",easyBike_forward3.5,"143.0,360.0,433.0,214.0,288.0",71.0,125.0,100.0,33.3,0,2
520.0,pa_6_rev,NEG_E5,5,3,2,0,"eRickshaw_reverse3.2,eRickshaw_reverse3.1",NONE,"4.0,107.0",NONE,50.0,40.0,0.0,3,3
520.0,pa_7,E6,4,2,0,0,NONE,NONE,NONE,NONE,0.0,0.0,0.0,4,2
520.0,pa_7_rev,NEG_E6,4,2,4,2,"easyBike_reverse3.5,easyBike_reverse2.5,eRickshaw_reverse3.0,easyBike_reverse4.4","easyBike_reverse3.6,easyBike_reverse2.7","163.0,198.0,243.0,183.0","115.0,105.0",80.0,100.0,100.0,0,0
520.0,pa_8,E7,5,3,2,0,"eRickshaw_forward4.1,eRickshaw_forward4.0",NONE,"1.0,184.0",NONE,50.0,40.0,0.0,3,3
520.0,pa_8_rev,NEG_E7,5,3,5,3,"easyBike_reverse2.1,easyBike_reverse3.0,easyBike_reverse3.1,easyBike_reverse2.0,easyBike_reverse4.1","easyBike_reverse4.0,easyBike_reverse2.3,easyBike_reverse3.3","378.0,323.0,372.0,321.0,363.0","317.0,288.0,269.0",125.0,100.0,100.0,0,0
521.0,pa_2,E0,4,3,4,3,"easyBike_forward4.0,easyBike_forward2.0,easyBike_forward1.0,easyBike_forward1.1","easyBike_forward2.1,easyBike_forward4.1,easyBike_forward1.2","423.0,430.0,426.0,378.0","370.0,349.0,326.0",80.0,100.0,100.0,0,0
521.0,pa_2_rev,NEG_E0,4,3,4,0,"easyBike_reverse1.8,eRickshaw_reverse1.1,eRickshaw_reverse2.1,eRickshaw_reverse4.1",NONE,"25.0,44.0,0.0,15.0",NONE,80.0,100.0,0.0,0,3
521.0,pa_3,E1,4,3,4,3,"easyBike_forward4.2,easyBike_forward1.3,easyBike_forward2.3,easyBike_forward1.4","eRickshaw_reverse4.0,easyBike_forward2.4,easyBike_forward4.3","165.0,171.0,148.0,121.0","92.0,87.0,84.0",80.0,100.0,100.0,0,0
521.0,pa_3_rev,NEG_E1,4,3,4,3,"easyBike_reverse1.2,easyBike_reverse1.0,eRickshaw_reverse1.0,easyBike_reverse1.1","eRickshaw_reverse2.0,easyBike_reverse1.4,easyBike_reverse1.3","262.0,345.0,241.0,216.0","195.0,184.0,134.0",80.0,100.0,100.0,0,0
521.0,pa_6,E5,5,3,5,1,"easyBike_forward3.4,easyBike_forward3.1,easyBike_forward3.0,easyBike_forward3.3,easyBike_forward3.2",easyBike_forward3.5,"144.0,361.0,434.0,215.0,289.0",72.0,125.0,100.0,33.3,0,2
521.0,pa_6_rev,NEG_E5,5,3,2,0,"eRickshaw_reverse3.2,eRickshaw_reverse3.1",NONE,"5.0,108.0",NONE,50.0,40.0,0.0,3,3
521.0,pa_7,E6,4,2,0,0,NONE,NONE,NONE,NONE,0.0,0.0,0.0,4,2
521.0,pa_7_rev,NEG_E6,4,2,4,2,"easyBike_reverse3.5,easyBike_reverse2.5,eRickshaw_reverse3.0,easyBike_reverse4.4","easyBike_reverse3.6,easyBike_reverse2.7","164.0,199.0,244.0,184.0","116.0,106.0",80.0,100.0,100.0,0,0
521.0,pa_8,E7,5,3,2,0,"eRickshaw_forward4.1,eRickshaw_forward4.0",NONE,"2.0,185.0",NONE,50.0,40.0,0.0,3,3
521.0,pa_8_rev,NEG_E7,5,3,5,3,"easyBike_reverse2.1,easyBike_reverse3.0,easyBike_reverse3.1,easyBike_reverse2.0,easyBike_reverse4.1","easyBike_reverse4.0,easyBike_reverse2.3,easyBike_reverse3.3","379.0,324.0,373.0,322.0,364.0","318.0,289.0,270.0",125.0,100.0,100.0,0,0
522.0,pa_2,E0,4,3,4,3,"easyBike_forward4.0,easyBike_forward2.0,easyBike_forward1.0,easyBike_forward1.1","easyBike_forward2.1,easyBike_forward4.1,easyBike_forward1.2","424.0,431.0,427.0,379.0","371.0,350.0,327.0",80.0,100.0,100.0,0,0
522.0,pa_2_rev,NEG_E0,4,3,4,0,"easyBike_reverse1.8,eRickshaw_reverse1.1,eRickshaw_reverse2.1,eRickshaw_reverse4.1",NONE,"26.0,45.0,1.0,16.0",NONE,80.0,100.0,0.0,0,3
522.0,pa_3,E1,4,3,4,3,"easyBike_forward4.2,easyBike_forward1.3,easyBike_forward2.3,easyBike_forward1.4","eRickshaw_reverse4.0,easyBike_forward2.4,easyBike_forward4.3","166.0,172.0,149.0,122.0","93.0,88.0,85.0",80.0,100.0,100.0,0,0
522.0,pa_3_rev,NEG_E1,4,3,4,3,"easyBike_reverse1.2,easyBike_reverse1.0,eRickshaw_reverse1.0,easyBike_reverse1.1","eRickshaw_reverse2.0,easyBike_reverse1.4,easyBike_reverse1.3","263.0,346.0,242.0,217.0","196.0,185.0,135.0",80.0,100.0,100.0,0,0
522.0,pa_6,E5,5,3,5,1,"easyBike_forward3.4,easyBike_forward3.1,easyBike_forward3.0,easyBike_forward3.3,easyBike_forward3.2",easyBike_forward3.5,"145.0,362.0,435.0,216.0,290.0",73.0,125.0,100.0,33.3,0,2
522.0,pa_6_rev,NEG_E5,5,3,2,0,"eRickshaw_reverse3.2,eRickshaw_reverse3.1",NONE,"6.0,109.0",NONE,50.0,40.0,0.0,3,3
522.0,pa_7,E6,4,2,0,0,NONE,NONE,NONE,NONE,0.0,0.0,0.0,4,2
522.0,pa_7_rev,NEG_E6,4,2,4,2,"easyBike_reverse3.5,easyBike_reverse2.5,eRickshaw_reverse3.0,easyBike_reverse4.4","easyBike_reverse3.6,easyBike_reverse2.7","165.0,200.0,245.0,185.0","117.0,107.0",80.0,100.0,100.0,0,0
522.0,pa_8,E7,5,3,2,0,"eRickshaw_forward4.1,eRickshaw_forward4.0",NONE,"3.0,186.0",NONE,50.0,40.0,0.0,3,3
522.0,pa_8_rev,NEG_E7,5,3,5,3,"easyBike_reverse2.1,easyBike_reverse3.0,easyBike_reverse3.1,easyBike_reverse2.0,easyBike_reverse4.1","easyBike_reverse4.0,easyBike_reverse2.3,easyBike_reverse3.3","380.0,325.0,374.0,323.0,365.0","319.0,290.0,271.0",125.0,100.0,100.0,0,0
523.0,pa_2,E0,4,3,4,3,"easyBike_forward4.0,easyBike_forward2.0,easyBike_forward1.0,easyBike_forward1.1","easyBike_forward2.1,easyBike_forward4.1,easyBike_forward1.2","425.0,432.0,428.0,380.0","372.0,351.0,328.0",80.0,100.0,100.0,0,0
523.0,pa_2_rev,NEG_E0,4,3,4,0,"easyBike_reverse1.8,eRickshaw_reverse1.1,eRickshaw_reverse2.1,eRickshaw_reverse4.1",NONE,"27.0,46.0,2.0,17.0",NONE,80.0,100.0,0.0,0,3
523.0,pa_3,E1,4,3,4,3,"easyBike_forward4.2,easyBike_forward1.3,easyBike_forward2.3,easyBike_forward1.4","eRickshaw_reverse4.0,easyBike_forward2.4,easyBike_forward4.3","167.0,173.0,150.0,123.0","94.0,89.0,86.0",80.0,100.0,100.0,0,0
523.0,pa_3_rev,NEG_E1,4,3,4,3,"easyBike_reverse1.2,easyBike_reverse1.0,eRickshaw_reverse1.0,easyBike_reverse1.1","eRickshaw_reverse2.0,easyBike_reverse1.4,easyBike_reverse1.3","264.0,347.0,243.0,218.0","197.0,186.0,136.0",80.0,100.0,100.0,0,0
523.0,pa_6,E5,5,3,5,1,"easyBike_forward3.4,easyBike_forward3.1,easyBike_forward3.0,easyBike_forward3.3,easyBike_forward3.2",easyBike_forward3.5,"146.0,363.0,436.0,217.0,291.0",74.0,125.0,100.0,33.3,0,2
523.0,pa_6_rev,NEG_E5,5,3,2,0,"eRickshaw_reverse3.2,eRickshaw_reverse3.1",NONE,"7.0,110.0",NONE,50.0,40.0,0.0,3,3
523.0,pa_7,E6,4,2,0,0,NONE,NONE,NONE,NONE,0.0,0.0,0.0,4,2
523.0,pa_7_rev,NEG_E6,4,2,4,2,"easyBike_reverse3.5,easyBike_reverse2.5,eRickshaw_reverse3.0,easyBike_reverse4.4","easyBike_reverse3.6,easyBike_reverse2.7","166.0,201.0,246.0,186.0","118.0,108.0",80.0,100.0,100.0,0,0
523.0,pa_8,E7,5,3,2,0,"eRickshaw_forward4.1,eRickshaw_forward4.0",NONE,"4.0,187.0",NONE,50.0,40.0,0.0,3,3
523.0,pa_8_rev,NEG_E7,5,3,5,3,"easyBike_reverse2.1,easyBike_reverse3.0,easyBike_reverse3.1,easyBike_reverse2.0,easyBike_reverse4.1","easyBike_reverse4.0,easyBike_reverse2.3,easyBike_reverse3.3","381.0,326.0,375.0,324.0,366.0","320.0,291.0,272.0",125.0,100.0,100.0,0,0
524.0,pa_2,E0,4,3,4,3,"easyBike_forward4.0,easyBike_forward2.0,easyBike_forward1.0,easyBike_forward1.1","easyBike_forward2.1,easyBike_forward4.1,easyBike_forward1.2","426.0,433.0,429.0,381.0","373.0,352.0,329.0",80.0,100.0,100.0,0,0
524.0,pa_2_rev,NEG_E0,4,3,4,0,"easyBike_reverse1.8,eRickshaw_reverse1.1,eRickshaw_reverse2.1,eRickshaw_reverse4.1",NONE,"28.0,47.0,3.0,18.0",NONE,80.0,100.0,0.0,0,3
524.0,pa_3,E1,4,3,4,3,"easyBike_forward4.2,easyBike_forward1.3,easyBike_forward2.3,easyBike_forward1.4","eRickshaw_reverse4.0,easyBike_forward2.4,easyBike_forward4.3","168.0,174.0,151.0,124.0","95.0,90.0,87.0",80.0,100.0,100.0,0,0
524.0,pa_3_rev,NEG_E1,4,3,4,3,"easyBike_reverse1.2,easyBike_reverse1.0,eRickshaw_reverse1.0,easyBike_reverse1.1","eRickshaw_reverse2.0,easyBike_reverse1.4,easyBike_reverse1.3","265.0,348.0,244.0,219.0","198.0,187.0,137.0",80.0,100.0,100.0,0,0
524.0,pa_6,E5,5,3,5,1,"easyBike_forward3.4,easyBike_forward3.1,easyBike_forward3.0,easyBike_forward3.3,easyBike_forward3.2",easyBike_forward3.5,"147.0,364.0,437.0,218.0,292.0",75.0,125.0,100.0,33.3,0,2
524.0,pa_6_rev,NEG_E5,5,3,2,0,"eRickshaw_reverse3.2,eRickshaw_reverse3.1",NONE,"8.0,111.0",NONE,50.0,40.0,0.0,3,3
524.0,pa_7,E6,4,2,0,0,NONE,NONE,NONE,NONE,0.0,0.0,0.0,4,2
524.0,pa_7_rev,NEG_E6,4,2,4,2,"easyBike_reverse3.5,easyBike_reverse2.5,eRickshaw_reverse3.0,easyBike_reverse4.4","easyBike_reverse3.6,easyBike_reverse2.7","167.0,202.0,247.0,187.0","119.0,109.0",80.0,100.0,100.0,0,0
524.0,pa_8,E7,5,3,2,0,"eRickshaw_forward4.1,eRickshaw_forward4.0",NONE,"5.0,188.0",NONE,50.0,40.0,0.0,3,3
524.0,pa_8_rev,NEG_E7,5,3,5,3,"easyBike_reverse2.1,easyBike_reverse3.0,easyBike_reverse3.1,easyBike_reverse2.0,easyBike_reverse4.1","easyBike_reverse4.0,easyBike_reverse2.3,easyBike_reverse3.3","382.0,327.0,376.0,325.0,367.0","321.0,292.0,273.0",125.0,100.0,100.0,0,0
525.0,pa_2,E0,4,3,4,3,"easyBike_forward4.0,easyBike_forward2.0,easyBike_forward1.0,easyBike_forward1.1","easyBike_forward2.1,easyBike_forward4.1,easyBike_forward1.2","427.0,434.0,430.0,382.0","374.0,353.0,330.0",80.0,100.0,100.0,0,0
525.0,pa_2_rev,NEG_E0,4,3,4,0,"easyBike_reverse1.8,eRickshaw_reverse1.1,eRickshaw_reverse2.1,eRickshaw_reverse4.1",NONE,"29.0,48.0,4.0,19.0",NONE,80.0,100.0,0.0,0,3
525.0,pa_3,E1,4,3,4,3,"easyBike_forward4.2,easyBike_forward1.3,easyBike_forward2.3,easyBike_forward1.4","eRickshaw_reverse4.0,easyBike_forward2.4,easyBike_forward4.3","169.0,175.0,152.0,125.0","96.0,91.0,88.0",80.0,100.0,100.0,0,0
525.0,pa_3_rev,NEG_E1,4,3,4,3,"easyBike_reverse1.2,easyBike_reverse1.0,eRickshaw_reverse1.0,easyBike_reverse1.1","eRickshaw_reverse2.0,easyBike_reverse1.4,easyBike_reverse1.3","266.0,349.0,245.0,220.0","199.0,188.0,138.0",80.0,100.0,100.0,0,0
525.0,pa_6,E5,5,3,5,1,"easyBike_forward3.4,easyBike_forward3.1,easyBike_forward3.0,easyBike_forward3.3,easyBike_forward3.2",easyBike_forward3.5,"148.0,365.0,438.0,219.0,293.0",76.0,125.0,100.0,33.3,0,2
525.0,pa_6_rev,NEG_E5,5,3,2,0,"eRickshaw_reverse3.2,eRickshaw_reverse3.1",NONE,"9.0,112.0",NONE,50.0,40.0,0.0,3,3
525.0,pa_7,E6,4,2,0,0,NONE,NONE,NONE,NONE,0.0,0.0,0.0,4,2
525.0,pa_7_rev,NEG_E6,4,2,4,2,"easyBike_reverse3.5,easyBike_reverse2.5,eRickshaw_reverse3.0,easyBike_reverse4.4","easyBike_reverse3.6,easyBike_reverse2.7","168.0,203.0,248.0,188.0","120.0,110.0",80.0,100.0,100.0,0,0
525.0,pa_8,E7,5,3,2,0,"eRickshaw_forward4.1,eRickshaw_forward4.0",NONE,"6.0,189.0",NONE,50.0,40.0,0.0,3,3
525.0,pa_8_rev,NEG_E7,5,3,5,3,"easyBike_reverse2.1,easyBike_reverse3.0,easyBike_reverse3.1,easyBike_reverse2.0,easyBike_reverse4.1","easyBike_reverse4.0,easyBike_reverse2.3,easyBike_reverse3.3","383.0,328.0,377.0,326.0,368.0","322.0,293.0,274.0",125.0,100.0,100.0,0,0
526.0,pa_2,E0,4,3,4,3,"easyBike_forward4.0,easyBike_forward2.0,easyBike_forward1.0,easyBike_forward1.1","easyBike_forward2.1,easyBike_forward4.1,easyBike_forward1.2","428.0,435.0,431.0,383.0","375.0,354.0,331.0",80.0,100.0,100.0,0,0
526.0,pa_2_rev,NEG_E0,4,3,4,0,"easyBike_reverse1.8,eRickshaw_reverse1.1,eRickshaw_reverse2.1,eRickshaw_reverse4.1",NONE,"30.0,49.0,5.0,20.0",NONE,80.0,100.0,0.0,0,3
526.0,pa_3,E1,4,3,4,3,"easyBike_forward4.2,easyBike_forward1.3,easyBike_forward2.3,easyBike_forward1.4","eRickshaw_reverse4.0,easyBike_forward2.4,easyBike_forward4.3","170.0,176.0,153.0,126.0","97.0,92.0,89.0",80.0,100.0,100.0,0,0
526.0,pa_3_rev,NEG_E1,4,3,4,3,"easyBike_reverse1.2,easyBike_reverse1.0,eRickshaw_reverse1.0,easyBike_reverse1.1","eRickshaw_reverse2.0,easyBike_reverse1.4,easyBike_reverse1.3","267.0,350.0,246.0,221.0","200.0,189.0,139.0",80.0,100.0,100.0,0,0
526.0,pa_6,E5,5,3,5,1,"easyBike_forward3.4,easyBike_forward3.1,easyBike_forward3.0,easyBike_forward3.3,easyBike_forward3.2",easyBike_forward3.5,"149.0,366.0,439.0,220.0,294.0",77.0,125.0,100.0,33.3,0,2
526.0,pa_6_rev,NEG_E5,5,3,2,0,"eRickshaw_reverse3.2,eRickshaw_reverse3.1",NONE,"10.0,113.0",NONE,50.0,40.0,0.0,3,3
526.0,pa_7,E6,4,2,0,0,NONE,NONE,NONE,NONE,0.0,0.0,0.0,4,2
526.0,pa_7_rev,NEG_E6,4,2,4,2,"easyBike_reverse3.5,easyBike_reverse2.5,eRickshaw_reverse3.0,easyBike_reverse4.4","easyBike_reverse3.6,easyBike_reverse2.7","169.0,204.0,249.0,189.0","121.0,111.0",80.0,100.0,100.0,0,0
526.0,pa_8,E7,5,3,2,0,"eRickshaw_forward4.1,eRickshaw_forward4.0",NONE,"7.0,190.0",NONE,50.0,40.0,0.0,3,3
526.0,pa_8_rev,NEG_E7,5,3,5,3,"easyBike_reverse2.1,easyBike_reverse3.0,easyBike_reverse3.1,easyBike_reverse2.0,easyBike_reverse4.1","easyBike_reverse4.0,easyBike_reverse2.3,easyBike_reverse3.3","384.0,329.0,378.0,327.0,369.0","323.0,294.0,275.0",125.0,100.0,100.0,0,0
527.0,pa_2,E0,4,3,4,3,"easyBike_forward4.0,easyBike_forward2.0,easyBike_forward1.0,easyBike_forward1.1","easyBike_forward2.1,easyBike_forward4.1,easyBike_forward1.2","429.0,436.0,432.0,384.0","376.0,355.0,332.0",80.0,100.0,100.0,0,0
527.0,pa_2_rev,NEG_E0,4,3,4,0,"easyBike_reverse1.8,eRickshaw_reverse1.1,eRickshaw_reverse2.1,eRickshaw_reverse4.1",NONE,"31.0,50.0,6.0,21.0",NONE,80.0,100.0,0.0,0,3
527.0,pa_3,E1,4,3,4,3,"easyBike_forward4.2,easyBike_forward1.3,easyBike_forward2.3,easyBike_forward1.4","eRickshaw_reverse4.0,easyBike_forward2.4,easyBike_forward4.3","171.0,177.0,154.0,127.0","98.0,93.0,90.0",80.0,100.0,100.0,0,0
527.0,pa_3_rev,NEG_E1,4,3,4,3,"easyBike_reverse1.2,easyBike_reverse1.0,eRickshaw_reverse1.0,easyBike_reverse1.1","eRickshaw_reverse2.0,easyBike_reverse1.4,easyBike_reverse1.3","268.0,351.0,247.0,222.0","201.0,190.0,140.0",80.0,100.0,100.0,0,0
527.0,pa_6,E5,5,3,5,1,"easyBike_forward3.4,easyBike_forward3.1,easyBike_forward3.0,easyBike_forward3.3,easyBike_forward3.2",easyBike_forward3.5,"150.0,367.0,440.0,221.0,295.0",78.0,125.0,100.0,33.3,0,2
527.0,pa_6_rev,NEG_E5,5,3,2,0,"eRickshaw_reverse3.2,eRickshaw_reverse3.1",NONE,"11.0,114.0",NONE,50.0,40.0,0.0,3,3
527.0,pa_7,E6,4,2,0,0,NONE,NONE,NONE,NONE,0.0,0.0,0.0,4,2
527.0,pa_7_rev,NEG_E6,4,2,4,2,"easyBike_reverse3.5,easyBike_reverse2.5,eRickshaw_reverse3.0,easyBike_reverse4.4","easyBike_reverse3.6,easyBike_reverse2.7","170.0,205.0,250.0,190.0","122.0,112.0",80.0,100.0,100.0,0,0
527.0,pa_8,E7,5,3,2,0,"eRickshaw_forward4.1,eRickshaw_forward4.0",NONE,"8.0,191.0",NONE,50.0,40.0,0.0,3,3
527.0,pa_8_rev,NEG_E7,5,3,5,3,"easyBike_reverse2.1,easyBike_reverse3.0,easyBike_reverse3.1,easyBike_reverse2.0,easyBike_reverse4.1","easyBike_reverse4.0,easyBike_reverse2.3,easyBike_reverse3.3","385.0,330.0,379.0,328.0,370.0","324.0,295.0,276.0",125.0,100.0,100.0,0,0
528.0,pa_2,E0,4,3,4,3,"easyBike_forward4.0,easyBike_forward2.0,easyBike_forward1.0,easyBike_forward1.1","easyBike_forward2.1,easyBike_forward4.1,easyBike_forward1.2","430.0,437.0,433.0,385.0","377.0,356.0,333.0",80.0,100.0,100.0,0,0
528.0,pa_2_rev,NEG_E0,4,3,4,0,"easyBike_reverse1.8,eRickshaw_reverse1.1,eRickshaw_reverse2.1,eRickshaw_reverse4.1",NONE,"32.0,51.0,7.0,22.0",NONE,80.0,100.0,0.0,0,3
528.0,pa_3,E1,4,3,4,3,"easyBike_forward4.2,easyBike_forward1.3,easyBike_forward2.3,easyBike_forward1.4","eRickshaw_reverse4.0,easyBike_forward2.4,easyBike_forward4.3","172.0,178.0,155.0,128.0","99.0,94.0,91.0",80.0,100.0,100.0,0,0
528.0,pa_3_rev,NEG_E1,4,3,4,3,"easyBike_reverse1.2,easyBike_reverse1.0,eRickshaw_reverse1.0,easyBike_reverse1.1","eRickshaw_reverse2.0,easyBike_reverse1.4,easyBike_reverse1.3","269.0,352.0,248.0,223.0","202.0,191.0,141.0",80.0,100.0,100.0,0,0
528.0,pa_6,E5,5,3,5,1,"easyBike_forward3.4,easyBike_forward3.1,easyBike_forward3.0,easyBike_forward3.3,easyBike_forward3.2",easyBike_forward3.5,"151.0,368.0,441.0,222.0,296.0",79.0,125.0,100.0,33.3,0,2
528.0,pa_6_rev,NEG_E5,5,3,2,0,"eRickshaw_reverse3.2,eRickshaw_reverse3.1",NONE,"12.0,115.0",NONE,50.0,40.0,0.0,3,3
528.0,pa_7,E6,4,2,0,0,NONE,NONE,NONE,NONE,0.0,0.0,0.0,4,2
528.0,pa_7_rev,NEG_E6,4,2,4,2,"easyBike_reverse3.5,easyBike_reverse2.5,eRickshaw_reverse3.0,easyBike_reverse4.4","easyBike_reverse3.6,easyBike_reverse2.7","171.0,206.0,251.0,191.0","123.0,113.0",80.0,100.0,100.0,0,0
528.0,pa_8,E7,5,3,2,0,"eRickshaw_forward4.1,eRickshaw_forward4.0",NONE,"9.0,192.0",NONE,50.0,40.0,0.0,3,3
528.0,pa_8_rev,NEG_E7,5,3,5,3,"easyBike_reverse2.1,easyBike_reverse3.0,easyBike_reverse3.1,easyBike_reverse2.0,easyBike_reverse4.1","easyBike_reverse4.0,easyBike_reverse2.3,easyBike_reverse3.3","386.0,331.0,380.0,329.0,371.0","325.0,296.0,277.0",125.0,100.0,100.0,0,0
529.0,pa_2,E0,4,3,4,3,"easyBike_forward4.0,easyBike_forward2.0,easyBike_forward1.0,easyBike_forward1.1","easyBike_forward2.1,easyBike_forward4.1,easyBike_forward1.2","431.0,438.0,434.0,386.0","378.0,357.0,334.0",80.0,100.0,100.0,0,0
529.0,pa_2_rev,NEG_E0,4,3,4,0,"easyBike_reverse1.8,eRickshaw_reverse1.1,eRickshaw_reverse2.1,eRickshaw_reverse4.1",NONE,"33.0,52.0,8.0,23.0",NONE,80.0,100.0,0.0,0,3
529.0,pa_3,E1,4,3,4,3,"easyBike_forward4.2,easyBike_forward1.3,easyBike_forward2.3,easyBike_forward1.4","eRickshaw_reverse4.0,easyBike_forward2.4,easyBike_forward4.3","173.0,179.0,156.0,129.0","100.0,95.0,92.0",80.0,100.0,100.0,0,0
529.0,pa_3_rev,NEG_E1,4,3,4,3,"easyBike_reverse1.2,easyBike_reverse1.0,eRickshaw_reverse1.0,easyBike_reverse1.1","eRickshaw_reverse2.0,easyBike_reverse1.4,easyBike_reverse1.3","270.0,353.0,249.0,224.0","203.0,192.0,142.0",80.0,100.0,100.0,0,0
529.0,pa_6,E5,5,3,5,1,"easyBike_forward3.4,easyBike_forward3.1,easyBike_forward3.0,easyBike_forward3.3,easyBike_forward3.2",easyBike_forward3.5,"152.0,369.0,442.0,223.0,297.0",80.0,125.0,100.0,33.3,0,2
529.0,pa_6_rev,NEG_E5,5,3,2,0,"eRickshaw_reverse3.2,eRickshaw_reverse3.1",NONE,"13.0,116.0",NONE,50.0,40.0,0.0,3,3
529.0,pa_7,E6,4,2,0,0,NONE,NONE,NONE,NONE,0.0,0.0,0.0,4,2
529.0,pa_7_rev,NEG_E6,4,2,4,2,"easyBike_reverse3.5,easyBike_reverse2.5,eRickshaw_reverse3.0,easyBike_reverse4.4","easyBike_reverse3.6,easyBike_reverse2.7","172.0,207.0,252.0,192.0","124.0,114.0",80.0,100.0,100.0,0,0
529.0,pa_8,E7,5,3,2,0,"eRickshaw_forward4.1,eRickshaw_forward4.0",NONE,"10.0,193.0",NONE,50.0,40.0,0.0,3,3
529.0,pa_8_rev,NEG_E7,5,3,5,3,"easyBike_reverse2.1,easyBike_reverse3.0,easyBike_reverse3.1,easyBike_reverse2.0,easyBike_reverse4.1","easyBike_reverse4.0,easyBike_reverse2.3,easyBike_reverse3.3","387.0,332.0,381.0,330.0,372.0","326.0,297.0,278.0",125.0,100.0,100.0,0,0
530.0,pa_2,E0,4,3,4,3,"easyBike_forward4.0,easyBike_forward2.0,easyBike_forward1.0,easyBike_forward1.1","easyBike_forward2.1,easyBike_forward4.1,easyBike_forward1.2","432.0,439.0,435.0,387.0","379.0,358.0,335.0",80.0,100.0,100.0,0,0
530.0,pa_2_rev,NEG_E0,4,3,4,0,"easyBike_reverse1.8,eRickshaw_reverse1.1,eRickshaw_reverse2.1,eRickshaw_reverse4.1",NONE,"34.0,53.0,9.0,24.0",NONE,80.0,100.0,0.0,0,3
530.0,pa_3,E1,4,3,4,3,"easyBike_forward4.2,easyBike_forward1.3,easyBike_forward2.3,easyBike_forward1.4","eRickshaw_reverse4.0,easyBike_forward2.4,easyBike_forward4.3","174.0,180.0,157.0,130.0","101.0,96.0,93.0",80.0,100.0,100.0,0,0
530.0,pa_3_rev,NEG_E1,4,3,4,3,"easyBike_reverse1.2,easyBike_reverse1.0,eRickshaw_reverse1.0,easyBike_reverse1.1","eRickshaw_reverse2.0,easyBike_reverse1.4,easyBike_reverse1.3","271.0,354.0,250.0,225.0","204.0,193.0,143.0",80.0,100.0,100.0,0,0
530.0,pa_6,E5,5,3,5,1,"easyBike_forward3.4,easyBike_forward3.1,easyBike_forward3.0,easyBike_forward3.3,easyBike_forward3.2",easyBike_forward3.5,"153.0,370.0,443.0,224.0,298.0",81.0,125.0,100.0,33.3,0,2
530.0,pa_6_rev,NEG_E5,5,3,2,0,"eRickshaw_reverse3.2,eRickshaw_reverse3.1",NONE,"14.0,117.0",NONE,50.0,40.0,0.0,3,3
530.0,pa_7,E6,4,2,0,0,NONE,NONE,NONE,NONE,0.0,0.0,0.0,4,2
530.0,pa_7_rev,NEG_E6,4,2,4,2,"easyBike_reverse3.5,easyBike_reverse2.5,eRickshaw_reverse3.0,easyBike_reverse4.4","easyBike_reverse3.6,easyBike_reverse2.7","173.0,208.0,253.0,193.0","125.0,115.0",80.0,100.0,100.0,0,0
530.0,pa_8,E7,5,3,2,0,"eRickshaw_forward4.1,eRickshaw_forward4.0",NONE,"11.0,194.0",NONE,50.0,40.0,0.0,3,3
530.0,pa_8_rev,NEG_E7,5,3,5,3,"easyBike_reverse2.1,easyBike_reverse3.0,easyBike_reverse3.1,easyBike_reverse2.0,easyBike_reverse4.1","easyBike_reverse4.0,easyBike_reverse2.3,easyBike_reverse3.3","388.0,333.0,382.0,331.0,373.0","327.0,298.0,279.0",125.0,100.0,100.0,0,0
531.0,pa_2,E0,4,3,4,3,"easyBike_forward4.0,easyBike_forward2.0,easyBike_forward1.0,easyBike_forward1.1","easyBike_forward2.1,easyBike_forward4.1,easyBike_forward1.2","433.0,440.0,436.0,388.0","380.0,359.0,336.0",80.0,100.0,100.0,0,0
531.0,pa_2_rev,NEG_E0,4,3,4,0,"easyBike_reverse1.8,eRickshaw_reverse1.1,eRickshaw_reverse2.1,eRickshaw_reverse4.1",NONE,"35.0,54.0,10.0,25.0",NONE,80.0,100.0,0.0,0,3
531.0,pa_3,E1,4,3,4,3,"easyBike_forward4.2,easyBike_forward1.3,easyBike_forward2.3,easyBike_forward1.4","eRickshaw_reverse4.0,easyBike_forward2.4,easyBike_forward4.3","175.0,181.0,158.0,131.0","102.0,97.0,94.0",80.0,100.0,100.0,0,0
531.0,pa_3_rev,NEG_E1,4,3,4,3,"easyBike_reverse1.2,easyBike_reverse1.0,eRickshaw_reverse1.0,easyBike_reverse1.1","eRickshaw_reverse2.0,easyBike_reverse1.4,easyBike_reverse1.3","272.0,355.0,251.0,226.0","205.0,194.0,144.0",80.0,100.0,100.0,0,0
531.0,pa_6,E5,5,3,5,1,"easyBike_forward3.4,easyBike_forward3.1,easyBike_forward3.0,easyBike_forward3.3,easyBike_forward3.2",easyBike_forward3.5,"154.0,371.0,444.0,225.0,299.0",82.0,125.0,100.0,33.3,0,2
531.0,pa_6_rev,NEG_E5,5,3,2,0,"eRickshaw_reverse3.2,eRickshaw_reverse3.1",NONE,"15.0,118.0",NONE,50.0,40.0,0.0,3,3
531.0,pa_7,E6,4,2,0,0,NONE,NONE,NONE,NONE,0.0,0.0,0.0,4,2
531.0,pa_7_rev,NEG_E6,4,2,4,2,"easyBike_reverse3.5,easyBike_reverse2.5,eRickshaw_reverse3.0,easyBike_reverse4.4","easyBike_reverse3.6,easyBike_reverse2.7","174.0,209.0,254.0,194.0","126.0,116.0",80.0,100.0,100.0,0,0
531.0,pa_8,E7,5,3,2,0,"eRickshaw_forward4.1,eRickshaw_forward4.0",NONE,"12.0,195.0",NONE,50.0,40.0,0.0,3,3
531.0,pa_8_rev,NEG_E7,5,3,5,3,"easyBike_reverse2.1,easyBike_reverse3.0,easyBike_reverse3.1,easyBike_reverse2.0,easyBike_reverse4.1","easyBike_reverse4.0,easyBike_reverse2.3,easyBike_reverse3.3","389.0,334.0,383.0,332.0,374.0","328.0,299.0,280.0",125.0,100.0,100.0,0,0
532.0,pa_2,E0,4,3,4,3,"easyBike_forward4.0,easyBike_forward2.0,easyBike_forward1.0,easyBike_forward1.1","easyBike_forward2.1,easyBike_forward4.1,easyBike_forward1.2","434.0,441.0,437.0,389.0","381.0,360.0,337.0",80.0,100.0,100.0,0,0
532.0,pa_2_rev,NEG_E0,4,3,4,0,"easyBike_reverse1.8,eRickshaw_reverse1.1,eRickshaw_reverse2.1,eRickshaw_reverse4.1",NONE,"36.0,55.0,11.0,26.0",NONE,80.0,100.0,0.0,0,3
532.0,pa_3,E1,4,3,4,3,"easyBike_forward4.2,easyBike_forward1.3,easyBike_forward2.3,easyBike_forward1.4","eRickshaw_reverse4.0,easyBike_forward2.4,easyBike_forward4.3","176.0,182.0,159.0,132.0","103.0,98.0,95.0",80.0,100.0,100.0,0,0
532.0,pa_3_rev,NEG_E1,4,3,4,3,"easyBike_reverse1.2,easyBike_reverse1.0,eRickshaw_reverse1.0,easyBike_reverse1.1","eRickshaw_reverse2.0,easyBike_reverse1.4,easyBike_reverse1.3","273.0,356.0,252.0,227.0","206.0,195.0,145.0",80.0,100.0,100.0,0,0
532.0,pa_6,E5,5,3,5,1,"easyBike_forward3.4,easyBike_forward3.1,easyBike_forward3.0,easyBike_forward3.3,easyBike_forward3.2",easyBike_forward3.5,"155.0,372.0,445.0,226.0,300.0",83.0,125.0,100.0,33.3,0,2
532.0,pa_6_rev,NEG_E5,5,3,2,0,"eRickshaw_reverse3.2,eRickshaw_reverse3.1",NONE,"16.0,119.0",NONE,50.0,40.0,0.0,3,3
532.0,pa_7,E6,4,2,0,0,NONE,NONE,NONE,NONE,0.0,0.0,0.0,4,2
532.0,pa_7_rev,NEG_E6,4,2,4,2,"easyBike_reverse3.5,easyBike_reverse2.5,eRickshaw_reverse3.0,easyBike_reverse4.4","easyBike_reverse3.6,easyBike_reverse2.7","175.0,210.0,255.0,195.0","127.0,117.0",80.0,100.0,100.0,0,0
532.0,pa_8,E7,5,3,2,0,"eRickshaw_forward4.1,eRickshaw_forward4.0",NONE,"13.0,196.0",NONE,50.0,40.0,0.0,3,3
532.0,pa_8_rev,NEG_E7,5,3,5,3,"easyBike_reverse2.1,easyBike_reverse3.0,easyBike_reverse3.1,easyBike_reverse2.0,easyBike_reverse4.1","easyBike_reverse4.0,easyBike_reverse2.3,easyBike_reverse3.3","390.0,335.0,384.0,333.0,375.0","329.0,300.0,281.0",125.0,100.0,100.0,0,0
533.0,pa_2,E0,4,3,4,3,"easyBike_forward4.0,easyBike_forward2.0,easyBike_forward1.0,easyBike_forward1.1","easyBike_forward2.1,easyBike_forward4.1,easyBike_forward1.2","435.0,442.0,438.0,390.0","382.0,361.0,338.0",80.0,100.0,100.0,0,0
533.0,pa_2_rev,NEG_E0,4,3,4,0,"easyBike_reverse1.8,eRickshaw_reverse1.1,eRickshaw_reverse2.1,eRickshaw_reverse4.1",NONE,"37.0,56.0,12.0,27.0",NONE,80.0,100.0,0.0,0,3
533.0,pa_3,E1,4,3,4,3,"easyBike_forward4.2,easyBike_forward1.3,easyBike_forward2.3,easyBike_forward1.4","eRickshaw_reverse4.0,easyBike_forward2.4,easyBike_forward4.3","177.0,183.0,160.0,133.0","104.0,99.0,96.0",80.0,100.0,100.0,0,0
533.0,pa_3_rev,NEG_E1,4,3,4,3,"easyBike_reverse1.2,easyBike_reverse1.0,eRickshaw_reverse1.0,easyBike_reverse1.1","eRickshaw_reverse2.0,easyBike_reverse1.4,easyBike_reverse1.3","274.0,357.0,253.0,228.0","207.0,196.0,146.0",80.0,100.0,100.0,0,0
533.0,pa_6,E5,5,3,5,1,"easyBike_forward3.4,easyBike_forward3.1,easyBike_forward3.0,easyBike_forward3.3,easyBike_forward3.2",easyBike_forward3.5,"156.0,373.0,446.0,227.0,301.0",84.0,125.0,100.0,33.3,0,2
533.0,pa_6_rev,NEG_E5,5,3,2,0,"eRickshaw_reverse3.2,eRickshaw_reverse3.1",NONE,"17.0,120.0",NONE,50.0,40.0,0.0,3,3
533.0,pa_7,E6,4,2,0,0,NONE,NONE,NONE,NONE,0.0,0.0,0.0,4,2
533.0,pa_7_rev,NEG_E6,4,2,4,2,"easyBike_reverse3.5,easyBike_reverse2.5,eRickshaw_reverse3.0,easyBike_reverse4.4","easyBike_reverse3.6,easyBike_reverse2.7","176.0,211.0,256.0,196.0","128.0,118.0",80.0,100.0,100.0,0,0
533.0,pa_8,E7,5,3,2,0,"eRickshaw_forward4.1,eRickshaw_forward4.0",NONE,"14.0,197.0",NONE,50.0,40.0,0.0,3,3
533.0,pa_8_rev,NEG_E7,5,3,5,3,"easyBike_reverse2.1,easyBike_reverse3.0,easyBike_reverse3.1,easyBike_reverse2.0,easyBike_reverse4.1","easyBike_reverse4.0,easyBike_reverse2.3,easyBike_reverse3.3","391.0,336.0,385.0,334.0,376.0","330.0,301.0,282.0",125.0,100.0,100.0,0,0
534.0,pa_2,E0,4,3,4,3,"easyBike_forward4.0,easyBike_forward2.0,easyBike_forward1.0,easyBike_forward1.1","easyBike_forward2.1,easyBike_forward4.1,easyBike_forward1.2","436.0,443.0,439.0,391.0","383.0,362.0,339.0",80.0,100.0,100.0,0,0
534.0,pa_2_rev,NEG_E0,4,3,4,0,"easyBike_reverse1.8,eRickshaw_reverse1.1,eRickshaw_reverse2.1,eRickshaw_reverse4.1",NONE,"38.0,57.0,13.0,28.0",NONE,80.0,100.0,0.0,0,3
534.0,pa_3,E1,4,3,4,3,"easyBike_forward4.2,easyBike_forward1.3,easyBike_forward2.3,easyBike_forward1.4","eRickshaw_reverse4.0,easyBike_forward2.4,easyBike_forward4.3","178.0,184.0,161.0,134.0","105.0,100.0,97.0",80.0,100.0,100.0,0,0
534.0,pa_3_rev,NEG_E1,4,3,4,3,"easyBike_reverse1.2,easyBike_reverse1.0,eRickshaw_reverse1.0,easyBike_reverse1.1","eRickshaw_reverse2.0,easyBike_reverse1.4,easyBike_reverse1.3","275.0,358.0,254.0,229.0","208.0,197.0,147.0",80.0,100.0,100.0,0,0
534.0,pa_6,E5,5,3,5,1,"easyBike_forward3.4,easyBike_forward3.1,easyBike_forward3.0,easyBike_forward3.3,easyBike_forward3.2",easyBike_forward3.5,"157.0,374.0,447.0,228.0,302.0",85.0,125.0,100.0,33.3,0,2
534.0,pa_6_rev,NEG_E5,5,3,2,0,"eRickshaw_reverse3.2,eRickshaw_reverse3.1",NONE,"18.0,121.0",NONE,50.0,40.0,0.0,3,3
534.0,pa_7,E6,4,2,0,0,NONE,NONE,NONE,NONE,0.0,0.0,0.0,4,2
534.0,pa_7_rev,NEG_E6,4,2,4,2,"easyBike_reverse3.5,easyBike_reverse2.5,eRickshaw_reverse3.0,easyBike_reverse4.4","easyBike_reverse3.6,easyBike_reverse2.7","177.0,212.0,257.0,197.0","129.0,119.0",80.0,100.0,100.0,0,0
534.0,pa_8,E7,5,3,2,0,"eRickshaw_forward4.1,eRickshaw_forward4.0",NONE,"15.0,198.0",NONE,50.0,40.0,0.0,3,3
534.0,pa_8_rev,NEG_E7,5,3,5,3,"easyBike_reverse2.1,easyBike_reverse3.0,easyBike_reverse3.1,easyBike_reverse2.0,easyBike_reverse4.1","easyBike_reverse4.0,easyBike_reverse2.3,easyBike_reverse3.3","392.0,337.0,386.0,335.0,377.0","331.0,302.0,283.0",125.0,100.0,100.0,0,0
535.0,pa_2,E0,4,3,4,3,"easyBike_forward4.0,easyBike_forward2.0,easyBike_forward1.0,easyBike_forward1.1","easyBike_forward2.1,easyBike_forward4.1,easyBike_forward1.2","437.0,444.0,440.0,392.0","384.0,363.0,340.0",80.0,100.0,100.0,0,0
535.0,pa_2_rev,NEG_E0,4,3,4,0,"easyBike_reverse1.8,eRickshaw_reverse1.1,eRickshaw_reverse2.1,eRickshaw_reverse4.1",NONE,"39.0,58.0,14.0,29.0",NONE,80.0,100.0,0.0,0,3
535.0,pa_3,E1,4,3,4,3,"easyBike_forward4.2,easyBike_forward1.3,easyBike_forward2.3,easyBike_forward1.4","eRickshaw_reverse4.0,easyBike_forward2.4,easyBike_forward4.3","179.0,185.0,162.0,135.0","106.0,101.0,98.0",80.0,100.0,100.0,0,0
535.0,pa_3_rev,NEG_E1,4,3,4,3,"easyBike_reverse1.2,easyBike_reverse1.0,eRickshaw_reverse1.0,easyBike_reverse1.1","eRickshaw_reverse2.0,easyBike_reverse1.4,easyBike_reverse1.3","276.0,359.0,255.0,230.0","209.0,198.0,148.0",80.0,100.0,100.0,0,0
535.0,pa_6,E5,5,3,5,1,"easyBike_forward3.4,easyBike_forward3.1,easyBike_forward3.0,easyBike_forward3.3,easyBike_forward3.2",easyBike_forward3.5,"158.0,375.0,448.0,229.0,303.0",86.0,125.0,100.0,33.3,0,2
535.0,pa_6_rev,NEG_E5,5,3,2,0,"eRickshaw_reverse3.2,eRickshaw_reverse3.1",NONE,"19.0,122.0",NONE,50.0,40.0,0.0,3,3
535.0,pa_7,E6,4,2,0,0,NONE,NONE,NONE,NONE,0.0,0.0,0.0,4,2
535.0,pa_7_rev,NEG_E6,4,2,4,2,"easyBike_reverse3.5,easyBike_reverse2.5,eRickshaw_reverse3.0,easyBike_reverse4.4","easyBike_reverse3.6,easyBike_reverse2.7","178.0,213.0,258.0,198.0","130.0,120.0",80.0,100.0,100.0,0,0
535.0,pa_8,E7,5,3,2,0,"eRickshaw_forward4.1,eRickshaw_forward4.0",NONE,"16.0,199.0",NONE,50.0,40.0,0.0,3,3
535.0,pa_8_rev,NEG_E7,5,3,5,3,"easyBike_reverse2.1,easyBike_reverse3.0,easyBike_reverse3.1,easyBike_reverse2.0,easyBike_reverse4.1","easyBike_reverse4.0,easyBike_reverse2.3,easyBike_reverse3.3","393.0,338.0,387.0,336.0,378.0","332.0,303.0,284.0",125.0,100.0,100.0,0,0
536.0,pa_2,E0,4,3,4,3,"easyBike_forward4.0,easyBike_forward2.0,easyBike_forward1.0,easyBike_forward1.1","easyBike_forward2.1,easyBike_forward4.1,easyBike_forward1.2","438.0,445.0,441.0,393.0","385.0,364.0,341.0",80.0,100.0,100.0,0,0
536.0,pa_2_rev,NEG_E0,4,3,4,0,"easyBike_reverse1.8,eRickshaw_reverse1.1,eRickshaw_reverse2.1,eRickshaw_reverse4.1",NONE,"40.0,59.0,15.0,30.0",NONE,80.0,100.0,0.0,0,3
536.0,pa_3,E1,4,3,4,3,"easyBike_forward4.2,easyBike_forward1.3,easyBike_forward2.3,easyBike_forward1.4","eRickshaw_reverse4.0,easyBike_forward2.4,easyBike_forward4.3","180.0,186.0,163.0,136.0","107.0,102.0,99.0",80.0,100.0,100.0,0,0
536.0,pa_3_rev,NEG_E1,4,3,4,3,"easyBike_reverse1.2,easyBike_reverse1.0,eRickshaw_reverse1.0,easyBike_reverse1.1","eRickshaw_reverse2.0,easyBike_reverse1.4,easyBike_reverse1.3","277.0,360.0,256.0,231.0","210.0,199.0,149.0",80.0,100.0,100.0,0,0
536.0,pa_6,E5,5,3,5,1,"easyBike_forward3.4,easyBike_forward3.1,easyBike_forward3.0,easyBike_forward3.3,easyBike_forward3.2",easyBike_forward3.5,"159.0,376.0,449.0,230.0,304.0",87.0,125.0,100.0,33.3,0,2
536.0,pa_6_rev,NEG_E5,5,3,2,0,"eRickshaw_reverse3.2,eRickshaw_reverse3.1",NONE,"20.0,123.0",NONE,50.0,40.0,0.0,3,3
536.0,pa_7,E6,4,2,0,0,NONE,NONE,NONE,NONE,0.0,0.0,0.0,4,2
536.0,pa_7_rev,NEG_E6,4,2,4,2,"easyBike_reverse3.5,easyBike_reverse2.5,eRickshaw_reverse3.0,easyBike_reverse4.4","easyBike_reverse3.6,easyBike_reverse2.7","179.0,214.0,259.0,199.0","131.0,121.0",80.0,100.0,100.0,0,0
536.0,pa_8,E7,5,3,2,0,"eRickshaw_forward4.1,eRickshaw_forward4.0",NONE,"17.0,200.0",NONE,50.0,40.0,0.0,3,3
536.0,pa_8_rev,NEG_E7,5,3,5,3,"easyBike_reverse2.1,easyBike_reverse3.0,easyBike_reverse3.1,easyBike_reverse2.0,easyBike_reverse4.1","easyBike_reverse4.0,easyBike_reverse2.3,easyBike_reverse3.3","394.0,339.0,388.0,337.0,379.0","333.0,304.0,285.0",125.0,100.0,100.0,0,0
537.0,pa_2,E0,4,3,4,3,"easyBike_forward4.0,easyBike_forward2.0,easyBike_forward1.0,easyBike_forward1.1","easyBike_forward2.1,easyBike_forward4.1,easyBike_forward1.2","439.0,446.0,442.0,394.0","386.0,365.0,342.0",80.0,100.0,100.0,0,0
537.0,pa_2_rev,NEG_E0,4,3,4,1,"easyBike_reverse1.8,eRickshaw_reverse1.1,eRickshaw_reverse2.1,eRickshaw_reverse4.1",easyBike_reverse1.9,"41.0,60.0,16.0,31.0",0.0,80.0,100.0,33.3,0,2
537.0,pa_3,E1,4,3,4,3,"easyBike_forward4.2,easyBike_forward1.3,easyBike_forward2.3,easyBike_forward1.4","eRickshaw_reverse4.0,easyBike_forward2.4,easyBike_forward4.3","181.0,187.0,164.0,137.0","108.0,103.0,100.0",80.0,100.0,100.0,0,0
537.0,pa_3_rev,NEG_E1,4,3,4,3,"easyBike_reverse1.2,easyBike_reverse1.0,eRickshaw_reverse1.0,easyBike_reverse1.1","eRickshaw_reverse2.0,easyBike_reverse1.4,easyBike_reverse1.3","278.0,361.0,257.0,232.0","211.0,200.0,150.0",80.0,100.0,100.0,0,0
537.0,pa_6,E5,5,3,5,1,"easyBike_forward3.4,easyBike_forward3.1,easyBike_forward3.0,easyBike_forward3.3,easyBike_forward3.2",easyBike_forward3.5,"160.0,377.0,450.0,231.0,305.0",88.0,125.0,100.0,33.3,0,2
537.0,pa_6_rev,NEG_E5,5,3,2,0,"eRickshaw_reverse3.2,eRickshaw_reverse3.1",NONE,"21.0,124.0",NONE,50.0,40.0,0.0,3,3
537.0,pa_7,E6,4,2,0,0,NONE,NONE,NONE,NONE,0.0,0.0,0.0,4,2
537.0,pa_7_rev,NEG_E6,4,2,4,2,"easyBike_reverse3.5,easyBike_reverse2.5,eRickshaw_reverse3.0,easyBike_reverse4.4","easyBike_reverse3.6,easyBike_reverse2.7","180.0,215.0,260.0,200.0","132.0,122.0",80.0,100.0,100.0,0,0
537.0,pa_8,E7,5,3,2,0,"eRickshaw_forward4.1,eRickshaw_forward4.0",NONE,"18.0,201.0",NONE,50.0,40.0,0.0,3,3
537.0,pa_8_rev,NEG_E7,5,3,5,3,"easyBike_reverse2.1,easyBike_reverse3.0,easyBike_reverse3.1,easyBike_reverse2.0,easyBike_reverse4.1","easyBike_reverse4.0,easyBike_reverse2.3,easyBike_reverse3.3","395.0,340.0,389.0,338.0,380.0","334.0,305.0,286.0",125.0,100.0,100.0,0,0
538.0,pa_2,E0,4,3,4,3,"easyBike_forward4.0,easyBike_forward2.0,easyBike_forward1.0,easyBike_forward1.1","easyBike_forward2.1,easyBike_forward4.1,easyBike_forward1.2","440.0,447.0,443.0,395.0","387.0,366.0,343.0",80.0,100.0,100.0,0,0
538.0,pa_2_rev,NEG_E0,4,3,4,1,"easyBike_reverse1.8,eRickshaw_reverse1.1,eRickshaw_reverse2.1,eRickshaw_reverse4.1",easyBike_reverse1.9,"42.0,61.0,17.0,32.0",1.0,80.0,100.0,33.3,0,2
538.0,pa_3,E1,4,3,4,3,"easyBike_forward4.2,easyBike_forward1.3,easyBike_forward2.3,easyBike_forward1.4","eRickshaw_reverse4.0,easyBike_forward2.4,easyBike_forward4.3","182.0,188.0,165.0,138.0","109.0,104.0,101.0",80.0,100.0,100.0,0,0
538.0,pa_3_rev,NEG_E1,4,3,4,3,"easyBike_reverse1.2,easyBike_reverse1.0,eRickshaw_reverse1.0,easyBike_reverse1.1","eRickshaw_reverse2.0,easyBike_reverse1.4,easyBike_reverse1.3","279.0,362.0,258.0,233.0","212.0,201.0,151.0",80.0,100.0,100.0,0,0
538.0,pa_6,E5,5,3,5,1,"easyBike_forward3.4,easyBike_forward3.1,easyBike_forward3.0,easyBike_forward3.3,easyBike_forward3.2",easyBike_forward3.5,"161.0,378.0,451.0,232.0,306.0",89.0,125.0,100.0,33.3,0,2
538.0,pa_6_rev,NEG_E5,5,3,2,0,"eRickshaw_reverse3.2,eRickshaw_reverse3.1",NONE,"22.0,125.0",NONE,50.0,40.0,0.0,3,3
538.0,pa_7,E6,4,2,0,0,NONE,NONE,NONE,NONE,0.0,0.0,0.0,4,2
538.0,pa_7_rev,NEG_E6,4,2,4,2,"easyBike_reverse3.5,easyBike_reverse2.5,eRickshaw_reverse3.0,easyBike_reverse4.4","easyBike_reverse3.6,easyBike_reverse2.7","181.0,216.0,261.0,201.0","133.0,123.0",80.0,100.0,100.0,0,0
538.0,pa_8,E7,5,3,2,0,"eRickshaw_forward4.1,eRickshaw_forward4.0",NONE,"19.0,202.0",NONE,50.0,40.0,0.0,3,3
538.0,pa_8_rev,NEG_E7,5,3,5,3,"easyBike_reverse2.1,easyBike_reverse3.0,easyBike_reverse3.1,easyBike_reverse2.0,easyBike_reverse4.1","easyBike_reverse4.0,easyBike_reverse2.3,easyBike_reverse3.3","396.0,341.0,390.0,339.0,381.0","335.0,306.0,287.0",125.0,100.0,100.0,0,0
539.0,pa_2,E0,4,3,4,3,"easyBike_forward4.0,easyBike_forward2.0,easyBike_forward1.0,easyBike_forward1.1","easyBike_forward2.1,easyBike_forward4.1,easyBike_forward1.2","441.0,448.0,444.0,396.0","388.0,367.0,344.0",80.0,100.0,100.0,0,0
539.0,pa_2_rev,NEG_E0,4,3,4,1,"easyBike_reverse1.8,eRickshaw_reverse1.1,eRickshaw_reverse2.1,eRickshaw_reverse4.1",easyBike_reverse1.9,"43.0,62.0,18.0,33.0",2.0,80.0,100.0,33.3,0,2
539.0,pa_3,E1,4,3,4,3,"easyBike_forward4.2,easyBike_forward1.3,easyBike_forward2.3,easyBike_forward1.4","eRickshaw_reverse4.0,easyBike_forward2.4,easyBike_forward4.3","183.0,189.0,166.0,139.0","110.0,105.0,102.0",80.0,100.0,100.0,0,0
539.0,pa_3_rev,NEG_E1,4,3,4,3,"easyBike_reverse1.2,easyBike_reverse1.0,eRickshaw_reverse1.0,easyBike_reverse1.1","eRickshaw_reverse2.0,easyBike_reverse1.4,easyBike_reverse1.3","280.0,363.0,259.0,234.0","213.0,202.0,152.0",80.0,100.0,100.0,0,0
539.0,pa_6,E5,5,3,5,1,"easyBike_forward3.4,easyBike_forward3.1,easyBike_forward3.0,easyBike_forward3.3,easyBike_forward3.2",easyBike_forward3.5,"162.0,379.0,452.0,233.0,307.0",90.0,125.0,100.0,33.3,0,2
539.0,pa_6_rev,NEG_E5,5,3,2,0,"eRickshaw_reverse3.2,eRickshaw_reverse3.1",NONE,"23.0,126.0",NONE,50.0,40.0,0.0,3,3
539.0,pa_7,E6,4,2,0,0,NONE,NONE,NONE,NONE,0.0,0.0,0.0,4,2
539.0,pa_7_rev,NEG_E6,4,2,4,2,"easyBike_reverse3.5,easyBike_reverse2.5,eRickshaw_reverse3.0,easyBike_reverse4.4","easyBike_reverse3.6,easyBike_reverse2.7","182.0,217.0,262.0,202.0","134.0,124.0",80.0,100.0,100.0,0,0
539.0,pa_8,E7,5,3,2,0,"eRickshaw_forward4.1,eRickshaw_forward4.0",NONE,"20.0,203.0",NONE,50.0,40.0,0.0,3,3
539.0,pa_8_rev,NEG_E7,5,3,5,3,"easyBike_reverse2.1,easyBike_reverse3.0,easyBike_reverse3.1,easyBike_reverse2.0,easyBike_reverse4.1","easyBike_reverse4.0,easyBike_reverse2.3,easyBike_reverse3.3","397.0,342.0,391.0,340.0,382.0","336.0,307.0,288.0",125.0,100.0,100.0,0,0
540.0,pa_2,E0,4,3,4,3,"easyBike_forward4.0,easyBike_forward2.0,easyBike_forward1.0,easyBike_forward1.1","easyBike_forward2.1,easyBike_forward4.1,easyBike_forward1.2","442.0,449.0,445.0,397.0","389.0,368.0,345.0",80.0,100.0,100.0,0,0
540.0,pa_2_rev,NEG_E0,4,3,4,1,"easyBike_reverse1.8,eRickshaw_reverse1.1,eRickshaw_reverse2.1,eRickshaw_reverse4.1",easyBike_reverse1.9,"44.0,63.0,19.0,34.0",3.0,80.0,100.0,33.3,0,2
540.0,pa_3,E1,4,3,4,3,"easyBike_forward4.2,easyBike_forward1.3,easyBike_forward2.3,easyBike_forward1.4","eRickshaw_reverse4.0,easyBike_forward2.4,easyBike_forward4.3","184.0,190.0,167.0,140.0","111.0,106.0,103.0",80.0,100.0,100.0,0,0
540.0,pa_3_rev,NEG_E1,4,3,4,3,"easyBike_reverse1.2,easyBike_reverse1.0,eRickshaw_reverse1.0,easyBike_reverse1.1","eRickshaw_reverse2.0,easyBike_reverse1.4,easyBike_reverse1.3","281.0,364.0,260.0,235.0","214.0,203.0,153.0",80.0,100.0,100.0,0,0
540.0,pa_6,E5,5,3,5,1,"easyBike_forward3.4,easyBike_forward3.1,easyBike_forward3.0,easyBike_forward3.3,easyBike_forward3.2",easyBike_forward3.5,"163.0,380.0,453.0,234.0,308.0",91.0,125.0,100.0,33.3,0,2
540.0,pa_6_rev,NEG_E5,5,3,2,0,"eRickshaw_reverse3.2,eRickshaw_reverse3.1",NONE,"24.0,127.0",NONE,50.0,40.0,0.0,3,3
540.0,pa_7,E6,4,2,0,0,NONE,NONE,NONE,NONE,0.0,0.0,0.0,4,2
540.0,pa_7_rev,NEG_E6,4,2,4,2,"easyBike_reverse3.5,easyBike_reverse2.5,eRickshaw_reverse3.0,easyBike_reverse4.4","easyBike_reverse3.6,easyBike_reverse2.7","183.0,218.0,263.0,203.0","135.0,125.0",80.0,100.0,100.0,0,0
540.0,pa_8,E7,5,3,2,0,"eRickshaw_forward4.1,eRickshaw_forward4.0",NONE,"21.0,204.0",NONE,50.0,40.0,0.0,3,3
540.0,pa_8_rev,NEG_E7,5,3,5,3,"easyBike_reverse2.1,easyBike_reverse3.0,easyBike_reverse3.1,easyBike_reverse2.0,easyBike_reverse4.1","easyBike_reverse4.0,easyBike_reverse2.3,easyBike_reverse3.3","398.0,343.0,392.0,341.0,383.0","337.0,308.0,289.0",125.0,100.0,100.0,0,0
541.0,pa_2,E0,4,3,4,3,"easyBike_forward4.0,easyBike_forward2.0,easyBike_forward1.0,easyBike_forward1.1","easyBike_forward2.1,easyBike_forward4.1,easyBike_forward1.2","443.0,450.0,446.0,398.0","390.0,369.0,346.0",80.0,100.0,100.0,0,0
541.0,pa_2_rev,NEG_E0,4,3,4,1,"easyBike_reverse1.8,eRickshaw_reverse1.1,eRickshaw_reverse2.1,eRickshaw_reverse4.1",easyBike_reverse1.9,"45.0,64.0,20.0,35.0",4.0,80.0,100.0,33.3,0,2
541.0,pa_3,E1,4,3,4,3,"easyBike_forward4.2,easyBike_forward1.3,easyBike_forward2.3,easyBike_forward1.4","eRickshaw_reverse4.0,easyBike_forward2.4,easyBike_forward4.3","185.0,191.0,168.0,141.0","112.0,107.0,104.0",80.0,100.0,100.0,0,0
541.0,pa_3_rev,NEG_E1,4,3,4,3,"easyBike_reverse1.2,easyBike_reverse1.0,eRickshaw_reverse1.0,easyBike_reverse1.1","eRickshaw_reverse2.0,easyBike_reverse1.4,easyBike_reverse1.3","282.0,365.0,261.0,236.0","215.0,204.0,154.0",80.0,100.0,100.0,0,0
541.0,pa_6,E5,5,3,5,1,"easyBike_forward3.4,easyBike_forward3.1,easyBike_forward3.0,easyBike_forward3.3,easyBike_forward3.2",easyBike_forward3.5,"164.0,381.0,454.0,235.0,309.0",92.0,125.0,100.0,33.3,0,2
541.0,pa_6_rev,NEG_E5,5,3,2,0,"eRickshaw_reverse3.2,eRickshaw_reverse3.1",NONE,"25.0,128.0",NONE,50.0,40.0,0.0,3,3
541.0,pa_7,E6,4,2,0,0,NONE,NONE,NONE,NONE,0.0,0.0,0.0,4,2
541.0,pa_7_rev,NEG_E6,4,2,4,2,"easyBike_reverse3.5,easyBike_reverse2.5,eRickshaw_reverse3.0,easyBike_reverse4.4","easyBike_reverse3.6,easyBike_reverse2.7","184.0,219.0,264.0,204.0","136.0,126.0",80.0,100.0,100.0,0,0
541.0,pa_8,E7,5,3,2,0,"eRickshaw_forward4.1,eRickshaw_forward4.0",NONE,"22.0,205.0",NONE,50.0,40.0,0.0,3,3
541.0,pa_8_rev,NEG_E7,5,3,5,3,"easyBike_reverse2.1,easyBike_reverse3.0,easyBike_reverse3.1,easyBike_reverse2.0,easyBike_reverse4.1","easyBike_reverse4.0,easyBike_reverse2.3,easyBike_reverse3.3","399.0,344.0,393.0,342.0,384.0","338.0,309.0,290.0",125.0,100.0,100.0,0,0
542.0,pa_2,E0,4,3,4,3,"easyBike_forward4.0,easyBike_forward2.0,easyBike_forward1.0,easyBike_forward1.1","easyBike_forward2.1,easyBike_forward4.1,easyBike_forward1.2","444.0,451.0,447.0,399.0","391.0,370.0,347.0",80.0,100.0,100.0,0,0
542.0,pa_2_rev,NEG_E0,4,3,4,1,"easyBike_reverse1.8,eRickshaw_reverse1.1,eRickshaw_reverse2.1,eRickshaw_reverse4.1",easyBike_reverse1.9,"46.0,65.0,21.0,36.0",5.0,80.0,100.0,33.3,0,2
542.0,pa_3,E1,4,3,4,3,"easyBike_forward4.2,easyBike_forward1.3,easyBike_forward2.3,easyBike_forward1.4","eRickshaw_reverse4.0,easyBike_forward2.4,easyBike_forward4.3","186.0,192.0,169.0,142.0","113.0,108.0,105.0",80.0,100.0,100.0,0,0
542.0,pa_3_rev,NEG_E1,4,3,4,3,"easyBike_reverse1.2,easyBike_reverse1.0,eRickshaw_reverse1.0,easyBike_reverse1.1","eRickshaw_reverse2.0,easyBike_reverse1.4,easyBike_reverse1.3","283.0,366.0,262.0,237.0","216.0,205.0,155.0",80.0,100.0,100.0,0,0
542.0,pa_6,E5,5,3,5,1,"easyBike_forward3.4,easyBike_forward3.1,easyBike_forward3.0,easyBike_forward3.3,easyBike_forward3.2",easyBike_forward3.5,"165.0,382.0,455.0,236.0,310.0",93.0,125.0,100.0,33.3,0,2
542.0,pa_6_rev,NEG_E5,5,3,2,0,"eRickshaw_reverse3.2,eRickshaw_reverse3.1",NONE,"26.0,129.0",NONE,50.0,40.0,0.0,3,3
542.0,pa_7,E6,4,2,0,0,NONE,NONE,NONE,NONE,0.0,0.0,0.0,4,2
542.0,pa_7_rev,NEG_E6,4,2,4,2,"easyBike_reverse3.5,easyBike_reverse2.5,eRickshaw_reverse3.0,easyBike_reverse4.4","easyBike_reverse3.6,easyBike_reverse2.7","185.0,220.0,265.0,205.0","137.0,127.0",80.0,100.0,100.0,0,0
542.0,pa_8,E7,5,3,2,0,"eRickshaw_forward4.1,eRickshaw_forward4.0",NONE,"23.0,206.0",NONE,50.0,40.0,0.0,3,3
542.0,pa_8_rev,NEG_E7,5,3,5,3,"easyBike_reverse2.1,easyBike_reverse3.0,easyBike_reverse3.1,easyBike_reverse2.0,easyBike_reverse4.1","easyBike_reverse4.0,easyBike_reverse2.3,easyBike_reverse3.3","400.0,345.0,394.0,343.0,385.0","339.0,310.0,291.0",125.0,100.0,100.0,0,0
543.0,pa_2,E0,4,3,4,3,"easyBike_forward4.0,easyBike_forward2.0,easyBike_forward1.0,easyBike_forward1.1","easyBike_forward2.1,easyBike_forward4.1,easyBike_forward1.2","445.0,452.0,448.0,400.0","392.0,371.0,348.0",80.0,100.0,100.0,0,0
543.0,pa_2_rev,NEG_E0,4,3,4,1,"easyBike_reverse1.8,eRickshaw_reverse1.1,eRickshaw_reverse2.1,eRickshaw_reverse4.1",easyBike_reverse1.9,"47.0,66.0,22.0,37.0",6.0,80.0,100.0,33.3,0,2
543.0,pa_3,E1,4,3,4,3,"easyBike_forward4.2,easyBike_forward1.3,easyBike_forward2.3,easyBike_forward1.4","eRickshaw_reverse4.0,easyBike_forward2.4,easyBike_forward4.3","187.0,193.0,170.0,143.0","114.0,109.0,106.0",80.0,100.0,100.0,0,0
543.0,pa_3_rev,NEG_E1,4,3,4,3,"easyBike_reverse1.2,easyBike_reverse1.0,eRickshaw_reverse1.0,easyBike_reverse1.1","eRickshaw_reverse2.0,easyBike_reverse1.4,easyBike_reverse1.3","284.0,367.0,263.0,238.0","217.0,206.0,156.0",80.0,100.0,100.0,0,0
543.0,pa_6,E5,5,3,5,1,"easyBike_forward3.4,easyBike_forward3.1,easyBike_forward3.0,easyBike_forward3.3,easyBike_forward3.2",easyBike_forward3.5,"166.0,383.0,456.0,237.0,311.0",94.0,125.0,100.0,33.3,0,2
543.0,pa_6_rev,NEG_E5,5,3,2,0,"eRickshaw_reverse3.2,eRickshaw_reverse3.1",NONE,"27.0,130.0",NONE,50.0,40.0,0.0,3,3
543.0,pa_7,E6,4,2,0,0,NONE,NONE,NONE,NONE,0.0,0.0,0.0,4,2
543.0,pa_7_rev,NEG_E6,4,2,4,2,"easyBike_reverse3.5,easyBike_reverse2.5,eRickshaw_reverse3.0,easyBike_reverse4.4","easyBike_reverse3.6,easyBike_reverse2.7","186.0,221.0,266.0,206.0","138.0,128.0",80.0,100.0,100.0,0,0
543.0,pa_8,E7,5,3,2,0,"eRickshaw_forward4.1,eRickshaw_forward4.0",NONE,"24.0,207.0",NONE,50.0,40.0,0.0,3,3
543.0,pa_8_rev,NEG_E7,5,3,5,3,"easyBike_reverse2.1,easyBike_reverse3.0,easyBike_reverse3.1,easyBike_reverse2.0,easyBike_reverse4.1","easyBike_reverse4.0,easyBike_reverse2.3,easyBike_reverse3.3","401.0,346.0,395.0,344.0,386.0","340.0,311.0,292.0",125.0,100.0,100.0,0,0
544.0,pa_2,E0,4,3,4,3,"easyBike_forward4.0,easyBike_forward2.0,easyBike_forward1.0,easyBike_forward1.1","easyBike_forward2.1,easyBike_forward4.1,easyBike_forward1.2","446.0,453.0,449.0,401.0","393.0,372.0,349.0",80.0,100.0,100.0,0,0
544.0,pa_2_rev,NEG_E0,4,3,4,1,"easyBike_reverse1.8,eRickshaw_reverse1.1,eRickshaw_reverse2.1,eRickshaw_reverse4.1",easyBike_reverse1.9,"48.0,67.0,23.0,38.0",7.0,80.0,100.0,33.3,0,2
544.0,pa_3,E1,4,3,4,3,"easyBike_forward4.2,easyBike_forward1.3,easyBike_forward2.3,easyBike_forward1.4","eRickshaw_reverse4.0,easyBike_forward2.4,easyBike_forward4.3","188.0,194.0,171.0,144.0","115.0,110.0,107.0",80.0,100.0,100.0,0,0
544.0,pa_3_rev,NEG_E1,4,3,4,3,"easyBike_reverse1.2,easyBike_reverse1.0,eRickshaw_reverse1.0,easyBike_reverse1.1","eRickshaw_reverse2.0,easyBike_reverse1.4,easyBike_reverse1.3","285.0,368.0,264.0,239.0","218.0,207.0,157.0",80.0,100.0,100.0,0,0
544.0,pa_6,E5,5,3,5,1,"easyBike_forward3.4,easyBike_forward3.1,easyBike_forward3.0,easyBike_forward3.3,easyBike_forward3.2",easyBike_forward3.5,"167.0,384.0,457.0,238.0,312.0",95.0,125.0,100.0,33.3,0,2
544.0,pa_6_rev,NEG_E5,5,3,2,0,"eRickshaw_reverse3.2,eRickshaw_reverse3.1",NONE,"28.0,131.0",NONE,50.0,40.0,0.0,3,3
544.0,pa_7,E6,4,2,0,0,NONE,NONE,NONE,NONE,0.0,0.0,0.0,4,2
544.0,pa_7_rev,NEG_E6,4,2,4,2,"easyBike_reverse3.5,easyBike_reverse2.5,eRickshaw_reverse3.0,easyBike_reverse4.4","easyBike_reverse3.6,easyBike_reverse2.7","187.0,222.0,267.0,207.0","139.0,129.0",80.0,100.0,100.0,0,0
544.0,pa_8,E7,5,3,2,0,"eRickshaw_forward4.1,eRickshaw_forward4.0",NONE,"25.0,208.0",NONE,50.0,40.0,0.0,3,3
544.0,pa_8_rev,NEG_E7,5,3,5,3,"easyBike_reverse2.1,easyBike_reverse3.0,easyBike_reverse3.1,easyBike_reverse2.0,easyBike_reverse4.1","easyBike_reverse4.0,easyBike_reverse2.3,easyBike_reverse3.3","402.0,347.0,396.0,345.0,387.0","341.0,312.0,293.0",125.0,100.0,100.0,0,0
545.0,pa_2,E0,4,3,4,3,"easyBike_forward4.0,easyBike_forward2.0,easyBike_forward1.0,easyBike_forward1.1","easyBike_forward2.1,easyBike_forward4.1,easyBike_forward1.2","447.0,454.0,450.0,402.0","394.0,373.0,350.0",80.0,100.0,100.0,0,0
545.0,pa_2_rev,NEG_E0,4,3,4,1,"easyBike_reverse1.8,eRickshaw_reverse1.1,eRickshaw_reverse2.1,eRickshaw_reverse4.1",easyBike_reverse1.9,"49.0,68.0,24.0,39.0",8.0,80.0,100.0,33.3,0,2
545.0,pa_3,E1,4,3,4,3,"easyBike_forward4.2,easyBike_forward1.3,easyBike_forward2.3,easyBike_forward1.4","eRickshaw_reverse4.0,easyBike_forward2.4,easyBike_forward4.3","189.0,195.0,172.0,145.0","116.0,111.0,108.0",80.0,100.0,100.0,0,0
545.0,pa_3_rev,NEG_E1,4,3,4,3,"easyBike_reverse1.2,easyBike_reverse1.0,eRickshaw_reverse1.0,easyBike_reverse1.1","eRickshaw_reverse2.0,easyBike_reverse1.4,easyBike_reverse1.3","286.0,369.0,265.0,240.0","219.0,208.0,158.0",80.0,100.0,100.0,0,0
545.0,pa_6,E5,5,3,5,1,"easyBike_forward3.4,easyBike_forward3.1,easyBike_forward3.0,easyBike_forward3.3,easyBike_forward3.2",easyBike_forward3.5,"168.0,385.0,458.0,239.0,313.0",96.0,125.0,100.0,33.3,0,2
545.0,pa_6_rev,NEG_E5,5,3,2,0,"eRickshaw_reverse3.2,eRickshaw_reverse3.1",NONE,"29.0,132.0",NONE,50.0,40.0,0.0,3,3
545.0,pa_7,E6,4,2,0,0,NONE,NONE,NONE,NONE,0.0,0.0,0.0,4,2
545.0,pa_7_rev,NEG_E6,4,2,4,2,"easyBike_reverse3.5,easyBike_reverse2.5,eRickshaw_reverse3.0,easyBike_reverse4.4","easyBike_reverse3.6,easyBike_reverse2.7","188.0,223.0,268.0,208.0","140.0,130.0",80.0,100.0,100.0,0,0
545.0,pa_8,E7,5,3,2,0,"eRickshaw_forward4.1,eRickshaw_forward4.0",NONE,"26.0,209.0",NONE,50.0,40.0,0.0,3,3
545.0,pa_8_rev,NEG_E7,5,3,5,3,"easyBike_reverse2.1,easyBike_reverse3.0,easyBike_reverse3.1,easyBike_reverse2.0,easyBike_reverse4.1","easyBike_reverse4.0,easyBike_reverse2.3,easyBike_reverse3.3","403.0,348.0,397.0,346.0,388.0","342.0,313.0,294.0",125.0,100.0,100.0,0,0
546.0,pa_2,E0,4,3,4,3,"easyBike_forward4.0,easyBike_forward2.0,easyBike_forward1.0,easyBike_forward1.1","easyBike_forward2.1,easyBike_forward4.1,easyBike_forward1.2","448.0,455.0,451.0,403.0","395.0,374.0,351.0",80.0,100.0,100.0,0,0
546.0,pa_2_rev,NEG_E0,4,3,4,1,"easyBike_reverse1.8,eRickshaw_reverse1.1,eRickshaw_reverse2.1,eRickshaw_reverse4.1",easyBike_reverse1.9,"50.0,69.0,25.0,40.0",9.0,80.0,100.0,33.3,0,2
546.0,pa_3,E1,4,3,4,3,"easyBike_forward4.2,easyBike_forward1.3,easyBike_forward2.3,easyBike_forward1.4","eRickshaw_reverse4.0,easyBike_forward2.4,easyBike_forward4.3","190.0,196.0,173.0,146.0","117.0,112.0,109.0",80.0,100.0,100.0,0,0
546.0,pa_3_rev,NEG_E1,4,3,4,3,"easyBike_reverse1.2,easyBike_reverse1.0,eRickshaw_reverse1.0,easyBike_reverse1.1","eRickshaw_reverse2.0,easyBike_reverse1.4,easyBike_reverse1.3","287.0,370.0,266.0,241.0","220.0,209.0,159.0",80.0,100.0,100.0,0,0
546.0,pa_6,E5,5,3,5,1,"easyBike_forward3.4,easyBike_forward3.1,easyBike_forward3.0,easyBike_forward3.3,easyBike_forward3.2",easyBike_forward3.5,"169.0,386.0,459.0,240.0,314.0",97.0,125.0,100.0,33.3,0,2
546.0,pa_6_rev,NEG_E5,5,3,2,0,"eRickshaw_reverse3.2,eRickshaw_reverse3.1",NONE,"30.0,133.0",NONE,50.0,40.0,0.0,3,3
546.0,pa_7,E6,4,2,0,0,NONE,NONE,NONE,NONE,0.0,0.0,0.0,4,2
546.0,pa_7_rev,NEG_E6,4,2,4,2,"easyBike_reverse3.5,easyBike_reverse2.5,eRickshaw_reverse3.0,easyBike_reverse4.4","easyBike_reverse3.6,easyBike_reverse2.7","189.0,224.0,269.0,209.0","141.0,131.0",80.0,100.0,100.0,0,0
546.0,pa_8,E7,5,3,2,0,"eRickshaw_forward4.1,eRickshaw_forward4.0",NONE,"27.0,210.0",NONE,50.0,40.0,0.0,3,3
546.0,pa_8_rev,NEG_E7,5,3,5,3,"easyBike_reverse2.1,easyBike_reverse3.0,easyBike_reverse3.1,easyBike_reverse2.0,easyBike_reverse4.1","easyBike_reverse4.0,easyBike_reverse2.3,easyBike_reverse3.3","404.0,349.0,398.0,347.0,389.0","343.0,314.0,295.0",125.0,100.0,100.0,0,0
547.0,pa_2,E0,4,3,4,3,"easyBike_forward4.0,easyBike_forward2.0,easyBike_forward1.0,easyBike_forward1.1","easyBike_forward2.1,easyBike_forward4.1,easyBike_forward1.2","449.0,456.0,452.0,404.0","396.0,375.0,352.0",80.0,100.0,100.0,0,0
547.0,pa_2_rev,NEG_E0,4,3,4,1,"easyBike_reverse1.8,eRickshaw_reverse1.1,eRickshaw_reverse2.1,eRickshaw_reverse4.1",easyBike_reverse1.9,"51.0,70.0,26.0,41.0",10.0,80.0,100.0,33.3,0,2
547.0,pa_3,E1,4,3,4,3,"easyBike_forward4.2,easyBike_forward1.3,easyBike_forward2.3,easyBike_forward1.4","eRickshaw_reverse4.0,easyBike_forward2.4,easyBike_forward4.3","191.0,197.0,174.0,147.0","118.0,113.0,110.0",80.0,100.0,100.0,0,0
547.0,pa_3_rev,NEG_E1,4,3,4,3,"easyBike_reverse1.2,easyBike_reverse1.0,eRickshaw_reverse1.0,easyBike_reverse1.1","eRickshaw_reverse2.0,easyBike_reverse1.4,easyBike_reverse1.3","288.0,371.0,267.0,242.0","221.0,210.0,160.0",80.0,100.0,100.0,0,0
547.0,pa_6,E5,5,3,5,1,"easyBike_forward3.4,easyBike_forward3.1,easyBike_forward3.0,easyBike_forward3.3,easyBike_forward3.2",easyBike_forward3.5,"170.0,387.0,460.0,241.0,315.0",98.0,125.0,100.0,33.3,0,2
547.0,pa_6_rev,NEG_E5,5,3,2,0,"eRickshaw_reverse3.2,eRickshaw_reverse3.1",NONE,"31.0,134.0",NONE,50.0,40.0,0.0,3,3
547.0,pa_7,E6,4,2,0,0,NONE,NONE,NONE,NONE,0.0,0.0,0.0,4,2
547.0,pa_7_rev,NEG_E6,4,2,4,2,"easyBike_reverse3.5,easyBike_reverse2.5,eRickshaw_reverse3.0,easyBike_reverse4.4","easyBike_reverse3.6,easyBike_reverse2.7","190.0,225.0,270.0,210.0","142.0,132.0",80.0,100.0,100.0,0,0
547.0,pa_8,E7,5,3,2,0,"eRickshaw_forward4.1,eRickshaw_forward4.0",NONE,"28.0,211.0",NONE,50.0,40.0,0.0,3,3
547.0,pa_8_rev,NEG_E7,5,3,5,3,"easyBike_reverse2.1,easyBike_reverse3.0,easyBike_reverse3.1,easyBike_reverse2.0,easyBike_reverse4.1","easyBike_reverse4.0,easyBike_reverse2.3,easyBike_reverse3.3","405.0,350.0,399.0,348.0,390.0","344.0,315.0,296.0",125.0,100.0,100.0,0,0
548.0,pa_2,E0,4,3,4,3,"easyBike_forward4.0,easyBike_forward2.0,easyBike_forward1.0,easyBike_forward1.1","easyBike_forward2.1,easyBike_forward4.1,easyBike_forward1.2","450.0,457.0,453.0,405.0","397.0,376.0,353.0",80.0,100.0,100.0,0,0
548.0,pa_2_rev,NEG_E0,4,3,4,1,"easyBike_reverse1.8,eRickshaw_reverse1.1,eRickshaw_reverse2.1,eRickshaw_reverse4.1",easyBike_reverse1.9,"52.0,71.0,27.0,42.0",11.0,80.0,100.0,33.3,0,2
548.0,pa_3,E1,4,3,4,3,"easyBike_forward4.2,easyBike_forward1.3,easyBike_forward2.3,easyBike_forward1.4","eRickshaw_reverse4.0,easyBike_forward2.4,easyBike_forward4.3","192.0,198.0,175.0,148.0","119.0,114.0,111.0",80.0,100.0,100.0,0,0
548.0,pa_3_rev,NEG_E1,4,3,4,3,"easyBike_reverse1.2,easyBike_reverse1.0,eRickshaw_reverse1.0,easyBike_reverse1.1","eRickshaw_reverse2.0,easyBike_reverse1.4,easyBike_reverse1.3","289.0,372.0,268.0,243.0","222.0,211.0,161.0",80.0,100.0,100.0,0,0
548.0,pa_6,E5,5,3,5,1,"easyBike_forward3.4,easyBike_forward3.1,easyBike_forward3.0,easyBike_forward3.3,easyBike_forward3.2",easyBike_forward3.5,"171.0,388.0,461.0,242.0,316.0",99.0,125.0,100.0,33.3,0,2
548.0,pa_6_rev,NEG_E5,5,3,2,0,"eRickshaw_reverse3.2,eRickshaw_reverse3.1",NONE,"32.0,135.0",NONE,50.0,40.0,0.0,3,3
548.0,pa_7,E6,4,2,0,0,NONE,NONE,NONE,NONE,0.0,0.0,0.0,4,2
548.0,pa_7_rev,NEG_E6,4,2,4,2,"easyBike_reverse3.5,easyBike_reverse2.5,eRickshaw_reverse3.0,easyBike_reverse4.4","easyBike_reverse3.6,easyBike_reverse2.7","191.0,226.0,271.0,211.0","143.0,133.0",80.0,100.0,100.0,0,0
548.0,pa_8,E7,5,3,2,0,"eRickshaw_forward4.1,eRickshaw_forward4.0",NONE,"29.0,212.0",NONE,50.0,40.0,0.0,3,3
548.0,pa_8_rev,NEG_E7,5,3,5,3,"easyBike_reverse2.1,easyBike_reverse3.0,easyBike_reverse3.1,easyBike_reverse2.0,easyBike_reverse4.1","easyBike_reverse4.0,easyBike_reverse2.3,easyBike_reverse3.3","406.0,351.0,400.0,349.0,391.0","345.0,316.0,297.0",125.0,100.0,100.0,0,0
549.0,pa_2,E0,4,3,4,3,"easyBike_forward4.0,easyBike_forward2.0,easyBike_forward1.0,easyBike_forward1.1","easyBike_forward2.1,easyBike_forward4.1,easyBike_forward1.2","451.0,458.0,454.0,406.0","398.0,377.0,354.0",80.0,100.0,100.0,0,0
549.0,pa_2_rev,NEG_E0,4,3,4,1,"easyBike_reverse1.8,eRickshaw_reverse1.1,eRickshaw_reverse2.1,eRickshaw_reverse4.1",easyBike_reverse1.9,"53.0,72.0,28.0,43.0",12.0,80.0,100.0,33.3,0,2
549.0,pa_3,E1,4,3,4,3,"easyBike_forward4.2,easyBike_forward1.3,easyBike_forward2.3,easyBike_forward1.4","eRickshaw_reverse4.0,easyBike_forward2.4,easyBike_forward4.3","193.0,199.0,176.0,149.0","120.0,115.0,112.0",80.0,100.0,100.0,0,0
549.0,pa_3_rev,NEG_E1,4,3,4,3,"easyBike_reverse1.2,easyBike_reverse1.0,eRickshaw_reverse1.0,easyBike_reverse1.1","eRickshaw_reverse2.0,easyBike_reverse1.4,easyBike_reverse1.3","290.0,373.0,269.0,244.0","223.0,212.0,162.0",80.0,100.0,100.0,0,0
549.0,pa_6,E5,5,3,5,1,"easyBike_forward3.4,easyBike_forward3.1,easyBike_forward3.0,easyBike_forward3.3,easyBike_forward3.2",easyBike_forward3.5,"172.0,389.0,462.0,243.0,317.0",100.0,125.0,100.0,33.3,0,2
549.0,pa_6_rev,NEG_E5,5,3,2,0,"eRickshaw_reverse3.2,eRickshaw_reverse3.1",NONE,"33.0,136.0",NONE,50.0,40.0,0.0,3,3
549.0,pa_7,E6,4,2,0,0,NONE,NONE,NONE,NONE,0.0,0.0,0.0,4,2
549.0,pa_7_rev,NEG_E6,4,2,4,2,"easyBike_reverse3.5,easyBike_reverse2.5,eRickshaw_reverse3.0,easyBike_reverse4.4","easyBike_reverse3.6,easyBike_reverse2.7","192.0,227.0,272.0,212.0","144.0,134.0",80.0,100.0,100.0,0,0
549.0,pa_8,E7,5,3,2,0,"eRickshaw_forward4.1,eRickshaw_forward4.0",NONE,"30.0,213.0",NONE,50.0,40.0,0.0,3,3
549.0,pa_8_rev,NEG_E7,5,3,5,3,"easyBike_reverse2.1,easyBike_reverse3.0,easyBike_reverse3.1,easyBike_reverse2.0,easyBike_reverse4.1","easyBike_reverse4.0,easyBike_reverse2.3,easyBike_reverse3.3","407.0,352.0,401.0,350.0,392.0","346.0,317.0,298.0",125.0,100.0,100.0,0,0
550.0,pa_2,E0,4,3,4,3,"easyBike_forward4.0,easyBike_forward2.0,easyBike_forward1.0,easyBike_forward1.1","easyBike_forward2.1,easyBike_forward4.1,easyBike_forward1.2","452.0,459.0,455.0,407.0","399.0,378.0,355.0",80.0,100.0,100.0,0,0
550.0,pa_2_rev,NEG_E0,4,3,4,1,"easyBike_reverse1.8,eRickshaw_reverse1.1,eRickshaw_reverse2.1,eRickshaw_reverse4.1",easyBike_reverse1.9,"54.0,73.0,29.0,44.0",13.0,80.0,100.0,33.3,0,2
550.0,pa_3,E1,4,3,4,3,"easyBike_forward4.2,easyBike_forward1.3,easyBike_forward2.3,easyBike_forward1.4","eRickshaw_reverse4.0,easyBike_forward2.4,easyBike_forward4.3","194.0,200.0,177.0,150.0","121.0,116.0,113.0",80.0,100.0,100.0,0,0
550.0,pa_3_rev,NEG_E1,4,3,4,3,"easyBike_reverse1.2,easyBike_reverse1.0,eRickshaw_reverse1.0,easyBike_reverse1.1","eRickshaw_reverse2.0,easyBike_reverse1.4,easyBike_reverse1.3","291.0,374.0,270.0,245.0","224.0,213.0,163.0",80.0,100.0,100.0,0,0
550.0,pa_6,E5,5,3,5,1,"easyBike_forward3.4,easyBike_forward3.1,easyBike_forward3.0,easyBike_forward3.3,easyBike_forward3.2",easyBike_forward3.5,"173.0,390.0,463.0,244.0,318.0",101.0,125.0,100.0,33.3,0,2
550.0,pa_6_rev,NEG_E5,5,3,2,0,"eRickshaw_reverse3.2,eRickshaw_reverse3.1",NONE,"34.0,137.0",NONE,50.0,40.0,0.0,3,3
550.0,pa_7,E6,4,2,0,0,NONE,NONE,NONE,NONE,0.0,0.0,0.0,4,2
550.0,pa_7_rev,NEG_E6,4,2,4,2,"easyBike_reverse3.5,easyBike_reverse2.5,eRickshaw_reverse3.0,easyBike_reverse4.4","easyBike_reverse3.6,easyBike_reverse2.7","193.0,228.0,273.0,213.0","145.0,135.0",80.0,100.0,100.0,0,0
550.0,pa_8,E7,5,3,2,0,"eRickshaw_forward4.1,eRickshaw_forward4.0",NONE,"31.0,214.0",NONE,50.0,40.0,0.0,3,3
550.0,pa_8_rev,NEG_E7,5,3,5,3,"easyBike_reverse2.1,easyBike_reverse3.0,easyBike_reverse3.1,easyBike_reverse2.0,easyBike_reverse4.1","easyBike_reverse4.0,easyBike_reverse2.3,easyBike_reverse3.3","408.0,353.0,402.0,351.0,393.0","347.0,318.0,299.0",125.0,100.0,100.0,0,0
551.0,pa_2,E0,4,3,4,3,"easyBike_forward4.0,easyBike_forward2.0,easyBike_forward1.0,easyBike_forward1.1","easyBike_forward2.1,easyBike_forward4.1,easyBike_forward1.2","453.0,460.0,456.0,408.0","400.0,379.0,356.0",80.0,100.0,100.0,0,0
551.0,pa_2_rev,NEG_E0,4,3,4,1,"easyBike_reverse1.8,eRickshaw_reverse1.1,eRickshaw_reverse2.1,eRickshaw_reverse4.1",easyBike_reverse1.9,"55.0,74.0,30.0,45.0",14.0,80.0,100.0,33.3,0,2
551.0,pa_3,E1,4,3,4,3,"easyBike_forward4.2,easyBike_forward1.3,easyBike_forward2.3,easyBike_forward1.4","eRickshaw_reverse4.0,easyBike_forward2.4,easyBike_forward4.3","195.0,201.0,178.0,151.0","122.0,117.0,114.0",80.0,100.0,100.0,0,0
551.0,pa_3_rev,NEG_E1,4,3,4,3,"easyBike_reverse1.2,easyBike_reverse1.0,eRickshaw_reverse1.0,easyBike_reverse1.1","eRickshaw_reverse2.0,easyBike_reverse1.4,easyBike_reverse1.3","292.0,375.0,271.0,246.0","225.0,214.0,164.0",80.0,100.0,100.0,0,0
551.0,pa_6,E5,5,3,5,1,"easyBike_forward3.4,easyBike_forward3.1,easyBike_forward3.0,easyBike_forward3.3,easyBike_forward3.2",easyBike_forward3.5,"174.0,391.0,464.0,245.0,319.0",102.0,125.0,100.0,33.3,0,2
551.0,pa_6_rev,NEG_E5,5,3,2,0,"eRickshaw_reverse3.2,eRickshaw_reverse3.1",NONE,"35.0,138.0",NONE,50.0,40.0,0.0,3,3
551.0,pa_7,E6,4,2,0,0,NONE,NONE,NONE,NONE,0.0,0.0,0.0,4,2
551.0,pa_7_rev,NEG_E6,4,2,4,2,"easyBike_reverse3.5,easyBike_reverse2.5,eRickshaw_reverse3.0,easyBike_reverse4.4","easyBike_reverse3.6,easyBike_reverse2.7","194.0,229.0,274.0,214.0","146.0,136.0",80.0,100.0,100.0,0,0
551.0,pa_8,E7,5,3,2,0,"eRickshaw_forward4.1,eRickshaw_forward4.0",NONE,"32.0,215.0",NONE,50.0,40.0,0.0,3,3
551.0,pa_8_rev,NEG_E7,5,3,5,3,"easyBike_reverse2.1,easyBike_reverse3.0,easyBike_reverse3.1,easyBike_reverse2.0,easyBike_reverse4.1","easyBike_reverse4.0,easyBike_reverse2.3,easyBike_reverse3.3","409.0,354.0,403.0,352.0,394.0","348.0,319.0,300.0",125.0,100.0,100.0,0,0
552.0,pa_2,E0,4,3,4,3,"easyBike_forward4.0,easyBike_forward2.0,easyBike_forward1.0,easyBike_forward1.1","easyBike_forward2.1,easyBike_forward4.1,easyBike_forward1.2","454.0,461.0,457.0,409.0","401.0,380.0,357.0",80.0,100.0,100.0,0,0
552.0,pa_2_rev,NEG_E0,4,3,4,1,"easyBike_reverse1.8,eRickshaw_reverse1.1,eRickshaw_reverse2.1,eRickshaw_reverse4.1",easyBike_reverse1.9,"56.0,75.0,31.0,46.0",15.0,80.0,100.0,33.3,0,2
552.0,pa_3,E1,4,3,4,3,"easyBike_forward4.2,easyBike_forward1.3,easyBike_forward2.3,easyBike_forward1.4","eRickshaw_reverse4.0,easyBike_forward2.4,easyBike_forward4.3","196.0,202.0,179.0,152.0","123.0,118.0,115.0",80.0,100.0,100.0,0,0
552.0,pa_3_rev,NEG_E1,4,3,4,3,"easyBike_reverse1.2,easyBike_reverse1.0,eRickshaw_reverse1.0,easyBike_reverse1.1","eRickshaw_reverse2.0,easyBike_reverse1.4,easyBike_reverse1.3","293.0,376.0,272.0,247.0","226.0,215.0,165.0",80.0,100.0,100.0,0,0
552.0,pa_6,E5,5,3,5,1,"easyBike_forward3.4,easyBike_forward3.1,easyBike_forward3.0,easyBike_forward3.3,easyBike_forward3.2",easyBike_forward3.5,"175.0,392.0,465.0,246.0,320.0",103.0,125.0,100.0,33.3,0,2
552.0,pa_6_rev,NEG_E5,5,3,2,0,"eRickshaw_reverse3.2,eRickshaw_reverse3.1",NONE,"36.0,139.0",NONE,50.0,40.0,0.0,3,3
552.0,pa_7,E6,4,2,0,0,NONE,NONE,NONE,NONE,0.0,0.0,0.0,4,2
552.0,pa_7_rev,NEG_E6,4,2,4,2,"easyBike_reverse3.5,easyBike_reverse2.5,eRickshaw_reverse3.0,easyBike_reverse4.4","easyBike_reverse3.6,easyBike_reverse2.7","195.0,230.0,275.0,215.0","147.0,137.0",80.0,100.0,100.0,0,0
552.0,pa_8,E7,5,3,2,0,"eRickshaw_forward4.1,eRickshaw_forward4.0",NONE,"33.0,216.0",NONE,50.0,40.0,0.0,3,3
552.0,pa_8_rev,NEG_E7,5,3,5,3,"easyBike_reverse2.1,easyBike_reverse3.0,easyBike_reverse3.1,easyBike_reverse2.0,easyBike_reverse4.1","easyBike_reverse4.0,easyBike_reverse2.3,easyBike_reverse3.3","410.0,355.0,404.0,353.0,395.0","349.0,320.0,301.0",125.0,100.0,100.0,0,0
553.0,pa_2,E0,4,3,4,3,"easyBike_forward4.0,easyBike_forward2.0,easyBike_forward1.0,easyBike_forward1.1","easyBike_forward2.1,easyBike_forward4.1,easyBike_forward1.2","455.0,462.0,458.0,410.0","402.0,381.0,358.0",80.0,100.0,100.0,0,0
553.0,pa_2_rev,NEG_E0,4,3,4,1,"easyBike_reverse1.8,eRickshaw_reverse1.1,eRickshaw_reverse2.1,eRickshaw_reverse4.1",easyBike_reverse1.9,"57.0,76.0,32.0,47.0",16.0,80.0,100.0,33.3,0,2
553.0,pa_3,E1,4,3,4,3,"easyBike_forward4.2,easyBike_forward1.3,easyBike_forward2.3,easyBike_forward1.4","eRickshaw_reverse4.0,easyBike_forward2.4,easyBike_forward4.3","197.0,203.0,180.0,153.0","124.0,119.0,116.0",80.0,100.0,100.0,0,0
553.0,pa_3_rev,NEG_E1,4,3,4,3,"easyBike_reverse1.2,easyBike_reverse1.0,eRickshaw_reverse1.0,easyBike_reverse1.1","eRickshaw_reverse2.0,easyBike_reverse1.4,easyBike_reverse1.3","294.0,377.0,273.0,248.0","227.0,216.0,166.0",80.0,100.0,100.0,0,0
553.0,pa_6,E5,5,3,5,1,"easyBike_forward3.4,easyBike_forward3.1,easyBike_forward3.0,easyBike_forward3.3,easyBike_forward3.2",easyBike_forward3.5,"176.0,393.0,466.0,247.0,321.0",104.0,125.0,100.0,33.3,0,2
553.0,pa_6_rev,NEG_E5,5,3,2,0,"eRickshaw_reverse3.2,eRickshaw_reverse3.1",NONE,"37.0,140.0",NONE,50.0,40.0,0.0,3,3
553.0,pa_7,E6,4,2,0,0,NONE,NONE,NONE,NONE,0.0,0.0,0.0,4,2
553.0,pa_7_rev,NEG_E6,4,2,4,2,"easyBike_reverse3.5,easyBike_reverse2.5,eRickshaw_reverse3.0,easyBike_reverse4.4","easyBike_reverse3.6,easyBike_reverse2.7","196.0,231.0,276.0,216.0","148.0,138.0",80.0,100.0,100.0,0,0
553.0,pa_8,E7,5,3,2,0,"eRickshaw_forward4.1,eRickshaw_forward4.0",NONE,"34.0,217.0",NONE,50.0,40.0,0.0,3,3
553.0,pa_8_rev,NEG_E7,5,3,5,3,"easyBike_reverse2.1,easyBike_reverse3.0,easyBike_reverse3.1,easyBike_reverse2.0,easyBike_reverse4.1","easyBike_reverse4.0,easyBike_reverse2.3,easyBike_reverse3.3","411.0,356.0,405.0,354.0,396.0","350.0,321.0,302.0",125.0,100.0,100.0,0,0
554.0,pa_2,E0,4,3,4,3,"easyBike_forward4.0,easyBike_forward2.0,easyBike_forward1.0,easyBike_forward1.1","easyBike_forward2.1,easyBike_forward4.1,easyBike_forward1.2","456.0,463.0,459.0,411.0","403.0,382.0,359.0",80.0,100.0,100.0,0,0
554.0,pa_2_rev,NEG_E0,4,3,4,1,"easyBike_reverse1.8,eRickshaw_reverse1.1,eRickshaw_reverse2.1,eRickshaw_reverse4.1",easyBike_reverse1.9,"58.0,77.0,33.0,48.0",17.0,80.0,100.0,33.3,0,2
554.0,pa_3,E1,4,3,4,3,"easyBike_forward4.2,easyBike_forward1.3,easyBike_forward2.3,easyBike_forward1.4","eRickshaw_reverse4.0,easyBike_forward2.4,easyBike_forward4.3","198.0,204.0,181.0,154.0","125.0,120.0,117.0",80.0,100.0,100.0,0,0
554.0,pa_3_rev,NEG_E1,4,3,4,3,"easyBike_reverse1.2,easyBike_reverse1.0,eRickshaw_reverse1.0,easyBike_reverse1.1","eRickshaw_reverse2.0,easyBike_reverse1.4,easyBike_reverse1.3","295.0,378.0,274.0,249.0","228.0,217.0,167.0",80.0,100.0,100.0,0,0
554.0,pa_6,E5,5,3,5,1,"easyBike_forward3.4,easyBike_forward3.1,easyBike_forward3.0,easyBike_forward3.3,easyBike_forward3.2",easyBike_forward3.5,"177.0,394.0,467.0,248.0,322.0",105.0,125.0,100.0,33.3,0,2
554.0,pa_6_rev,NEG_E5,5,3,2,0,"eRickshaw_reverse3.2,eRickshaw_reverse3.1",NONE,"38.0,141.0",NONE,50.0,40.0,0.0,3,3
554.0,pa_7,E6,4,2,0,0,NONE,NONE,NONE,NONE,0.0,0.0,0.0,4,2
554.0,pa_7_rev,NEG_E6,4,2,4,2,"easyBike_reverse3.5,easyBike_reverse2.5,eRickshaw_reverse3.0,easyBike_reverse4.4","easyBike_reverse3.6,easyBike_reverse2.7","197.0,232.0,277.0,217.0","149.0,139.0",80.0,100.0,100.0,0,0
554.0,pa_8,E7,5,3,2,0,"eRickshaw_forward4.1,eRickshaw_forward4.0",NONE,"35.0,218.0",NONE,50.0,40.0,0.0,3,3
554.0,pa_8_rev,NEG_E7,5,3,5,3,"easyBike_reverse2.1,easyBike_reverse3.0,easyBike_reverse3.1,easyBike_reverse2.0,easyBike_reverse4.1","easyBike_reverse4.0,easyBike_reverse2.3,easyBike_reverse3.3","412.0,357.0,406.0,355.0,397.0","351.0,322.0,303.0",125.0,100.0,100.0,0,0
555.0,pa_2,E0,4,3,4,3,"easyBike_forward4.0,easyBike_forward2.0,easyBike_forward1.0,easyBike_forward1.1","easyBike_forward2.1,easyBike_forward4.1,easyBike_forward1.2","457.0,464.0,460.0,412.0","404.0,383.0,360.0",80.0,100.0,100.0,0,0
555.0,pa_2_rev,NEG_E0,4,3,4,1,"easyBike_reverse1.8,eRickshaw_reverse1.1,eRickshaw_reverse2.1,eRickshaw_reverse4.1",easyBike_reverse1.9,"59.0,78.0,34.0,49.0",18.0,80.0,100.0,33.3,0,2
555.0,pa_3,E1,4,3,4,3,"easyBike_forward4.2,easyBike_forward1.3,easyBike_forward2.3,easyBike_forward1.4","eRickshaw_reverse4.0,easyBike_forward2.4,easyBike_forward4.3","199.0,205.0,182.0,155.0","126.0,121.0,118.0",80.0,100.0,100.0,0,0
555.0,pa_3_rev,NEG_E1,4,3,4,3,"easyBike_reverse1.2,easyBike_reverse1.0,eRickshaw_reverse1.0,easyBike_reverse1.1","eRickshaw_reverse2.0,easyBike_reverse1.4,easyBike_reverse1.3","296.0,379.0,275.0,250.0","229.0,218.0,168.0",80.0,100.0,100.0,0,0
555.0,pa_6,E5,5,3,5,1,"easyBike_forward3.4,easyBike_forward3.1,easyBike_forward3.0,easyBike_forward3.3,easyBike_forward3.2",easyBike_forward3.5,"178.0,395.0,468.0,249.0,323.0",106.0,125.0,100.0,33.3,0,2
555.0,pa_6_rev,NEG_E5,5,3,2,0,"eRickshaw_reverse3.2,eRickshaw_reverse3.1",NONE,"39.0,142.0",NONE,50.0,40.0,0.0,3,3
555.0,pa_7,E6,4,2,0,0,NONE,NONE,NONE,NONE,0.0,0.0,0.0,4,2
555.0,pa_7_rev,NEG_E6,4,2,4,2,"easyBike_reverse3.5,easyBike_reverse2.5,eRickshaw_reverse3.0,easyBike_reverse4.4","easyBike_reverse3.6,easyBike_reverse2.7","198.0,233.0,278.0,218.0","150.0,140.0",80.0,100.0,100.0,0,0
555.0,pa_8,E7,5,3,2,0,"eRickshaw_forward4.1,eRickshaw_forward4.0",NONE,"36.0,219.0",NONE,50.0,40.0,0.0,3,3
555.0,pa_8_rev,NEG_E7,5,3,5,3,"easyBike_reverse2.1,easyBike_reverse3.0,easyBike_reverse3.1,easyBike_reverse2.0,easyBike_reverse4.1","easyBike_reverse4.0,easyBike_reverse2.3,easyBike_reverse3.3","413.0,358.0,407.0,356.0,398.0","352.0,323.0,304.0",125.0,100.0,100.0,0,0
556.0,pa_2,E0,4,3,4,3,"easyBike_forward4.0,easyBike_forward2.0,easyBike_forward1.0,easyBike_forward1.1","easyBike_forward2.1,easyBike_forward4.1,easyBike_forward1.2","458.0,465.0,461.0,413.0","405.0,384.0,361.0",80.0,100.0,100.0,0,0
556.0,pa_2_rev,NEG_E0,4,3,4,1,"easyBike_reverse1.8,eRickshaw_reverse1.1,eRickshaw_reverse2.1,eRickshaw_reverse4.1",easyBike_reverse1.9,"60.0,79.0,35.0,50.0",19.0,80.0,100.0,33.3,0,2
556.0,pa_3,E1,4,3,4,3,"easyBike_forward4.2,easyBike_forward1.3,easyBike_forward2.3,easyBike_forward1.4","eRickshaw_reverse4.0,easyBike_forward2.4,easyBike_forward4.3","200.0,206.0,183.0,156.0","127.0,122.0,119.0",80.0,100.0,100.0,0,0
556.0,pa_3_rev,NEG_E1,4,3,4,3,"easyBike_reverse1.2,easyBike_reverse1.0,eRickshaw_reverse1.0,easyBike_reverse1.1","eRickshaw_reverse2.0,easyBike_reverse1.4,easyBike_reverse1.3","297.0,380.0,276.0,251.0","230.0,219.0,169.0",80.0,100.0,100.0,0,0
556.0,pa_6,E5,5,3,5,1,"easyBike_forward3.4,easyBike_forward3.1,easyBike_forward3.0,easyBike_forward3.3,easyBike_forward3.2",easyBike_forward3.5,"179.0,396.0,469.0,250.0,324.0",107.0,125.0,100.0,33.3,0,2
556.0,pa_6_rev,NEG_E5,5,3,2,0,"eRickshaw_reverse3.2,eRickshaw_reverse3.1",NONE,"40.0,143.0",NONE,50.0,40.0,0.0,3,3
556.0,pa_7,E6,4,2,0,0,NONE,NONE,NONE,NONE,0.0,0.0,0.0,4,2
556.0,pa_7_rev,NEG_E6,4,2,4,2,"easyBike_reverse3.5,easyBike_reverse2.5,eRickshaw_reverse3.0,easyBike_reverse4.4","easyBike_reverse3.6,easyBike_reverse2.7","199.0,234.0,279.0,219.0","151.0,141.0",80.0,100.0,100.0,0,0
556.0,pa_8,E7,5,3,2,0,"eRickshaw_forward4.1,eRickshaw_forward4.0",NONE,"37.0,220.0",NONE,50.0,40.0,0.0,3,3
556.0,pa_8_rev,NEG_E7,5,3,5,3,"easyBike_reverse2.1,easyBike_reverse3.0,easyBike_reverse3.1,easyBike_reverse2.0,easyBike_reverse4.1","easyBike_reverse4.0,easyBike_reverse2.3,easyBike_reverse3.3","414.0,359.0,408.0,357.0,399.0","353.0,324.0,305.0",125.0,100.0,100.0,0,0
557.0,pa_2,E0,4,3,4,3,"easyBike_forward4.0,easyBike_forward2.0,easyBike_forward1.0,easyBike_forward1.1","easyBike_forward2.1,easyBike_forward4.1,easyBike_forward1.2","459.0,466.0,462.0,414.0","406.0,385.0,362.0",80.0,100.0,100.0,0,0
557.0,pa_2_rev,NEG_E0,4,3,4,1,"easyBike_reverse1.8,eRickshaw_reverse1.1,eRickshaw_reverse2.1,eRickshaw_reverse4.1",easyBike_reverse1.9,"61.0,80.0,36.0,51.0",20.0,80.0,100.0,33.3,0,2
557.0,pa_3,E1,4,3,4,3,"easyBike_forward4.2,easyBike_forward1.3,easyBike_forward2.3,easyBike_forward1.4","eRickshaw_reverse4.0,easyBike_forward2.4,easyBike_forward4.3","201.0,207.0,184.0,157.0","128.0,123.0,120.0",80.0,100.0,100.0,0,0
557.0,pa_3_rev,NEG_E1,4,3,4,3,"easyBike_reverse1.2,easyBike_reverse1.0,eRickshaw_reverse1.0,easyBike_reverse1.1","eRickshaw_reverse2.0,easyBike_reverse1.4,easyBike_reverse1.3","298.0,381.0,277.0,252.0","231.0,220.0,170.0",80.0,100.0,100.0,0,0
557.0,pa_6,E5,5,3,5,1,"easyBike_forward3.4,easyBike_forward3.1,easyBike_forward3.0,easyBike_forward3.3,easyBike_forward3.2",easyBike_forward3.5,"180.0,397.0,470.0,251.0,325.0",108.0,125.0,100.0,33.3,0,2
557.0,pa_6_rev,NEG_E5,5,3,2,0,"eRickshaw_reverse3.2,eRickshaw_reverse3.1",NONE,"41.0,144.0",NONE,50.0,40.0,0.0,3,3
557.0,pa_7,E6,4,2,0,0,NONE,NONE,NONE,NONE,0.0,0.0,0.0,4,2
557.0,pa_7_rev,NEG_E6,4,2,4,2,"easyBike_reverse3.5,easyBike_reverse2.5,eRickshaw_reverse3.0,easyBike_reverse4.4","easyBike_reverse3.6,easyBike_reverse2.7","200.0,235.0,280.0,220.0","152.0,142.0",80.0,100.0,100.0,0,0
557.0,pa_8,E7,5,3,2,0,"eRickshaw_forward4.1,eRickshaw_forward4.0",NONE,"38.0,221.0",NONE,50.0,40.0,0.0,3,3
557.0,pa_8_rev,NEG_E7,5,3,5,3,"easyBike_reverse2.1,easyBike_reverse3.0,easyBike_reverse3.1,easyBike_reverse2.0,easyBike_reverse4.1","easyBike_reverse4.0,easyBike_reverse2.3,easyBike_reverse3.3","415.0,360.0,409.0,358.0,400.0","354.0,325.0,306.0",125.0,100.0,100.0,0,0
558.0,pa_2,E0,4,3,4,3,"easyBike_forward4.0,easyBike_forward2.0,easyBike_forward1.0,easyBike_forward1.1","easyBike_forward2.1,easyBike_forward4.1,easyBike_forward1.2","460.0,467.0,463.0,415.0","407.0,386.0,363.0",80.0,100.0,100.0,0,0
558.0,pa_2_rev,NEG_E0,4,3,4,1,"easyBike_reverse1.8,eRickshaw_reverse1.1,eRickshaw_reverse2.1,eRickshaw_reverse4.1",easyBike_reverse1.9,"62.0,81.0,37.0,52.0",21.0,80.0,100.0,33.3,0,2
558.0,pa_3,E1,4,3,4,3,"easyBike_forward4.2,easyBike_forward1.3,easyBike_forward2.3,easyBike_forward1.4","eRickshaw_reverse4.0,easyBike_forward2.4,easyBike_forward4.3","202.0,208.0,185.0,158.0","129.0,124.0,121.0",80.0,100.0,100.0,0,0
558.0,pa_3_rev,NEG_E1,4,3,4,3,"easyBike_reverse1.2,easyBike_reverse1.0,eRickshaw_reverse1.0,easyBike_reverse1.1","eRickshaw_reverse2.0,easyBike_reverse1.4,easyBike_reverse1.3","299.0,382.0,278.0,253.0","232.0,221.0,171.0",80.0,100.0,100.0,0,0
558.0,pa_6,E5,5,3,5,1,"easyBike_forward3.4,easyBike_forward3.1,easyBike_forward3.0,easyBike_forward3.3,easyBike_forward3.2",easyBike_forward3.5,"181.0,398.0,471.0,252.0,326.0",109.0,125.0,100.0,33.3,0,2
558.0,pa_6_rev,NEG_E5,5,3,2,0,"eRickshaw_reverse3.2,eRickshaw_reverse3.1",NONE,"42.0,145.0",NONE,50.0,40.0,0.0,3,3
558.0,pa_7,E6,4,2,0,0,NONE,NONE,NONE,NONE,0.0,0.0,0.0,4,2
558.0,pa_7_rev,NEG_E6,4,2,4,2,"easyBike_reverse3.5,easyBike_reverse2.5,eRickshaw_reverse3.0,easyBike_reverse4.4","easyBike_reverse3.6,easyBike_reverse2.7","201.0,236.0,281.0,221.0","153.0,143.0",80.0,100.0,100.0,0,0
558.0,pa_8,E7,5,3,2,0,"eRickshaw_forward4.1,eRickshaw_forward4.0",NONE,"39.0,222.0",NONE,50.0,40.0,0.0,3,3
558.0,pa_8_rev,NEG_E7,5,3,5,3,"easyBike_reverse2.1,easyBike_reverse3.0,easyBike_reverse3.1,easyBike_reverse2.0,easyBike_reverse4.1","easyBike_reverse4.0,easyBike_reverse2.3,easyBike_reverse3.3","416.0,361.0,410.0,359.0,401.0","355.0,326.0,307.0",125.0,100.0,100.0,0,0
559.0,pa_2,E0,4,3,4,3,"easyBike_forward4.0,easyBike_forward2.0,easyBike_forward1.0,easyBike_forward1.1","easyBike_forward2.1,easyBike_forward4.1,easyBike_forward1.2","461.0,468.0,464.0,416.0","408.0,387.0,364.0",80.0,100.0,100.0,0,0
559.0,pa_2_rev,NEG_E0,4,3,4,1,"easyBike_reverse1.8,eRickshaw_reverse1.1,eRickshaw_reverse2.1,eRickshaw_reverse4.1",easyBike_reverse1.9,"63.0,82.0,38.0,53.0",22.0,80.0,100.0,33.3,0,2
559.0,pa_3,E1,4,3,4,3,"easyBike_forward4.2,easyBike_forward1.3,easyBike_forward2.3,easyBike_forward1.4","eRickshaw_reverse4.0,easyBike_forward2.4,easyBike_forward4.3","203.0,209.0,186.0,159.0","130.0,125.0,122.0",80.0,100.0,100.0,0,0
559.0,pa_3_rev,NEG_E1,4,3,4,3,"easyBike_reverse1.2,easyBike_reverse1.0,eRickshaw_reverse1.0,easyBike_reverse1.1","eRickshaw_reverse2.0,easyBike_reverse1.4,easyBike_reverse1.3","300.0,383.0,279.0,254.0","233.0,222.0,172.0",80.0,100.0,100.0,0,0
559.0,pa_6,E5,5,3,5,1,"easyBike_forward3.4,easyBike_forward3.1,easyBike_forward3.0,easyBike_forward3.3,easyBike_forward3.2",easyBike_forward3.5,"182.0,399.0,472.0,253.0,327.0",110.0,125.0,100.0,33.3,0,2
559.0,pa_6_rev,NEG_E5,5,3,2,0,"eRickshaw_reverse3.2,eRickshaw_reverse3.1",NONE,"43.0,146.0",NONE,50.0,40.0,0.0,3,3
559.0,pa_7,E6,4,2,0,0,NONE,NONE,NONE,NONE,0.0,0.0,0.0,4,2
559.0,pa_7_rev,NEG_E6,4,2,4,2,"easyBike_reverse3.5,easyBike_reverse2.5,eRickshaw_reverse3.0,easyBike_reverse4.4","easyBike_reverse3.6,easyBike_reverse2.7","202.0,237.0,282.0,222.0","154.0,144.0",80.0,100.0,100.0,0,0
559.0,pa_8,E7,5,3,2,0,"eRickshaw_forward4.1,eRickshaw_forward4.0",NONE,"40.0,223.0",NONE,50.0,40.0,0.0,3,3
559.0,pa_8_rev,NEG_E7,5,3,5,3,"easyBike_reverse2.1,easyBike_reverse3.0,easyBike_reverse3.1,easyBike_reverse2.0,easyBike_reverse4.1","easyBike_reverse4.0,easyBike_reverse2.3,easyBike_reverse3.3","417.0,362.0,411.0,360.0,402.0","356.0,327.0,308.0",125.0,100.0,100.0,0,0
560.0,pa_2,E0,4,3,4,3,"easyBike_forward4.0,easyBike_forward2.0,easyBike_forward1.0,easyBike_forward1.1","easyBike_forward2.1,easyBike_forward4.1,easyBike_forward1.2","462.0,469.0,465.0,417.0","409.0,388.0,365.0",80.0,100.0,100.0,0,0
560.0,pa_2_rev,NEG_E0,4,3,4,1,"easyBike_reverse1.8,eRickshaw_reverse1.1,eRickshaw_reverse2.1,eRickshaw_reverse4.1",easyBike_reverse1.9,"64.0,83.0,39.0,54.0",23.0,80.0,100.0,33.3,0,2
560.0,pa_3,E1,4,3,4,3,"easyBike_forward4.2,easyBike_forward1.3,easyBike_forward2.3,easyBike_forward1.4","eRickshaw_reverse4.0,easyBike_forward2.4,easyBike_forward4.3","204.0,210.0,187.0,160.0","131.0,126.0,123.0",80.0,100.0,100.0,0,0
560.0,pa_3_rev,NEG_E1,4,3,4,3,"easyBike_reverse1.2,easyBike_reverse1.0,eRickshaw_reverse1.0,easyBike_reverse1.1","eRickshaw_reverse2.0,easyBike_reverse1.4,easyBike_reverse1.3","301.0,384.0,280.0,255.0","234.0,223.0,173.0",80.0,100.0,100.0,0,0
560.0,pa_6,E5,5,3,5,1,"easyBike_forward3.4,easyBike_forward3.1,easyBike_forward3.0,easyBike_forward3.3,easyBike_forward3.2",easyBike_forward3.5,"183.0,400.0,473.0,254.0,328.0",111.0,125.0,100.0,33.3,0,2
560.0,pa_6_rev,NEG_E5,5,3,2,0,"eRickshaw_reverse3.2,eRickshaw_reverse3.1",NONE,"44.0,147.0",NONE,50.0,40.0,0.0,3,3
560.0,pa_7,E6,4,2,0,0,NONE,NONE,NONE,NONE,0.0,0.0,0.0,4,2
560.0,pa_7_rev,NEG_E6,4,2,4,2,"easyBike_reverse3.5,easyBike_reverse2.5,eRickshaw_reverse3.0,easyBike_reverse4.4","easyBike_reverse3.6,easyBike_reverse2.7","203.0,238.0,283.0,223.0","155.0,145.0",80.0,100.0,100.0,0,0
560.0,pa_8,E7,5,3,2,0,"eRickshaw_forward4.1,eRickshaw_forward4.0",NONE,"41.0,224.0",NONE,50.0,40.0,0.0,3,3
560.0,pa_8_rev,NEG_E7,5,3,5,3,"easyBike_reverse2.1,easyBike_reverse3.0,easyBike_reverse3.1,easyBike_reverse2.0,easyBike_reverse4.1","easyBike_reverse4.0,easyBike_reverse2.3,easyBike_reverse3.3","418.0,363.0,412.0,361.0,403.0","357.0,328.0,309.0",125.0,100.0,100.0,0,0
561.0,pa_2,E0,4,3,4,3,"easyBike_forward4.0,easyBike_forward2.0,easyBike_forward1.0,easyBike_forward1.1","easyBike_forward2.1,easyBike_forward4.1,easyBike_forward1.2","463.0,470.0,466.0,418.0","410.0,389.0,366.0",80.0,100.0,100.0,0,0
561.0,pa_2_rev,NEG_E0,4,3,4,1,"easyBike_reverse1.8,eRickshaw_reverse1.1,eRickshaw_reverse2.1,eRickshaw_reverse4.1",easyBike_reverse1.9,"65.0,84.0,40.0,55.0",24.0,80.0,100.0,33.3,0,2
561.0,pa_3,E1,4,3,4,3,"easyBike_forward4.2,easyBike_forward1.3,easyBike_forward2.3,easyBike_forward1.4","eRickshaw_reverse4.0,easyBike_forward2.4,easyBike_forward4.3","205.0,211.0,188.0,161.0","132.0,127.0,124.0",80.0,100.0,100.0,0,0
561.0,pa_3_rev,NEG_E1,4,3,4,3,"easyBike_reverse1.2,easyBike_reverse1.0,eRickshaw_reverse1.0,easyBike_reverse1.1","eRickshaw_reverse2.0,easyBike_reverse1.4,easyBike_reverse1.3","302.0,385.0,281.0,256.0","235.0,224.0,174.0",80.0,100.0,100.0,0,0
561.0,pa_6,E5,5,3,5,1,"easyBike_forward3.4,easyBike_forward3.1,easyBike_forward3.0,easyBike_forward3.3,easyBike_forward3.2",easyBike_forward3.5,"184.0,401.0,474.0,255.0,329.0",112.0,125.0,100.0,33.3,0,2
561.0,pa_6_rev,NEG_E5,5,3,2,0,"eRickshaw_reverse3.2,eRickshaw_reverse3.1",NONE,"45.0,148.0",NONE,50.0,40.0,0.0,3,3
561.0,pa_7,E6,4,2,0,0,NONE,NONE,NONE,NONE,0.0,0.0,0.0,4,2
561.0,pa_7_rev,NEG_E6,4,2,4,2,"easyBike_reverse3.5,easyBike_reverse2.5,eRickshaw_reverse3.0,easyBike_reverse4.4","easyBike_reverse3.6,easyBike_reverse2.7","204.0,239.0,284.0,224.0","156.0,146.0",80.0,100.0,100.0,0,0
561.0,pa_8,E7,5,3,2,0,"eRickshaw_forward4.1,eRickshaw_forward4.0",NONE,"42.0,225.0",NONE,50.0,40.0,0.0,3,3
561.0,pa_8_rev,NEG_E7,5,3,5,3,"easyBike_reverse2.1,easyBike_reverse3.0,easyBike_reverse3.1,easyBike_reverse2.0,easyBike_reverse4.1","easyBike_reverse4.0,easyBike_reverse2.3,easyBike_reverse3.3","419.0,364.0,413.0,362.0,404.0","358.0,329.0,310.0",125.0,100.0,100.0,0,0
562.0,pa_2,E0,4,3,4,3,"easyBike_forward4.0,easyBike_forward2.0,easyBike_forward1.0,easyBike_forward1.1","easyBike_forward2.1,easyBike_forward4.1,easyBike_forward1.2","464.0,471.0,467.0,419.0","411.0,390.0,367.0",80.0,100.0,100.0,0,0
562.0,pa_2_rev,NEG_E0,4,3,4,1,"easyBike_reverse1.8,eRickshaw_reverse1.1,eRickshaw_reverse2.1,eRickshaw_reverse4.1",easyBike_reverse1.9,"66.0,85.0,41.0,56.0",25.0,80.0,100.0,33.3,0,2
562.0,pa_3,E1,4,3,4,3,"easyBike_forward4.2,easyBike_forward1.3,easyBike_forward2.3,easyBike_forward1.4","eRickshaw_reverse4.0,easyBike_forward2.4,easyBike_forward4.3","206.0,212.0,189.0,162.0","133.0,128.0,125.0",80.0,100.0,100.0,0,0
562.0,pa_3_rev,NEG_E1,4,3,4,3,"easyBike_reverse1.2,easyBike_reverse1.0,eRickshaw_reverse1.0,easyBike_reverse1.1","eRickshaw_reverse2.0,easyBike_reverse1.4,easyBike_reverse1.3","303.0,386.0,282.0,257.0","236.0,225.0,175.0",80.0,100.0,100.0,0,0
562.0,pa_6,E5,5,3,5,1,"easyBike_forward3.4,easyBike_forward3.1,easyBike_forward3.0,easyBike_forward3.3,easyBike_forward3.2",easyBike_forward3.5,"185.0,402.0,475.0,256.0,330.0",113.0,125.0,100.0,33.3,0,2
562.0,pa_6_rev,NEG_E5,5,3,2,0,"eRickshaw_reverse3.2,eRickshaw_reverse3.1",NONE,"46.0,149.0",NONE,50.0,40.0,0.0,3,3
562.0,pa_7,E6,4,2,0,0,NONE,NONE,NONE,NONE,0.0,0.0,0.0,4,2
562.0,pa_7_rev,NEG_E6,4,2,4,2,"easyBike_reverse3.5,easyBike_reverse2.5,eRickshaw_reverse3.0,easyBike_reverse4.4","easyBike_reverse3.6,easyBike_reverse2.7","205.0,240.0,285.0,225.0","157.0,147.0",80.0,100.0,100.0,0,0
562.0,pa_8,E7,5,3,2,0,"eRickshaw_forward4.1,eRickshaw_forward4.0",NONE,"43.0,226.0",NONE,50.0,40.0,0.0,3,3
562.0,pa_8_rev,NEG_E7,5,3,5,3,"easyBike_reverse2.1,easyBike_reverse3.0,easyBike_reverse3.1,easyBike_reverse2.0,easyBike_reverse4.1","easyBike_reverse4.0,easyBike_reverse2.3,easyBike_reverse3.3","420.0,365.0,414.0,363.0,405.0","359.0,330.0,311.0",125.0,100.0,100.0,0,0
563.0,pa_2,E0,4,3,4,3,"easyBike_forward4.0,easyBike_forward2.0,easyBike_forward1.0,easyBike_forward1.1","easyBike_forward2.1,easyBike_forward4.1,easyBike_forward1.2","465.0,472.0,468.0,420.0","412.0,391.0,368.0",80.0,100.0,100.0,0,0
563.0,pa_2_rev,NEG_E0,4,3,4,1,"easyBike_reverse1.8,eRickshaw_reverse1.1,eRickshaw_reverse2.1,eRickshaw_reverse4.1",easyBike_reverse1.9,"67.0,86.0,42.0,57.0",26.0,80.0,100.0,33.3,0,2
563.0,pa_3,E1,4,3,4,3,"easyBike_forward4.2,easyBike_forward1.3,easyBike_forward2.3,easyBike_forward1.4","eRickshaw_reverse4.0,easyBike_forward2.4,easyBike_forward4.3","207.0,213.0,190.0,163.0","134.0,129.0,126.0",80.0,100.0,100.0,0,0
563.0,pa_3_rev,NEG_E1,4,3,4,3,"easyBike_reverse1.2,easyBike_reverse1.0,eRickshaw_reverse1.0,easyBike_reverse1.1","eRickshaw_reverse2.0,easyBike_reverse1.4,easyBike_reverse1.3","304.0,387.0,283.0,258.0","237.0,226.0,176.0",80.0,100.0,100.0,0,0
563.0,pa_6,E5,5,3,5,1,"easyBike_forward3.4,easyBike_forward3.1,easyBike_forward3.0,easyBike_forward3.3,easyBike_forward3.2",easyBike_forward3.5,"186.0,403.0,476.0,257.0,331.0",114.0,125.0,100.0,33.3,0,2
563.0,pa_6_rev,NEG_E5,5,3,2,0,"eRickshaw_reverse3.2,eRickshaw_reverse3.1",NONE,"47.0,150.0",NONE,50.0,40.0,0.0,3,3
563.0,pa_7,E6,4,2,0,0,NONE,NONE,NONE,NONE,0.0,0.0,0.0,4,2
563.0,pa_7_rev,NEG_E6,4,2,4,2,"easyBike_reverse3.5,easyBike_reverse2.5,eRickshaw_reverse3.0,easyBike_reverse4.4","easyBike_reverse3.6,easyBike_reverse2.7","206.0,241.0,286.0,226.0","158.0,148.0",80.0,100.0,100.0,0,0
563.0,pa_8,E7,5,3,2,0,"eRickshaw_forward4.1,eRickshaw_forward4.0",NONE,"44.0,227.0",NONE,50.0,40.0,0.0,3,3
563.0,pa_8_rev,NEG_E7,5,3,5,3,"easyBike_reverse2.1,easyBike_reverse3.0,easyBike_reverse3.1,easyBike_reverse2.0,easyBike_reverse4.1","easyBike_reverse4.0,easyBike_reverse2.3,easyBike_reverse3.3","421.0,366.0,415.0,364.0,406.0","360.0,331.0,312.0",125.0,100.0,100.0,0,0
564.0,pa_2,E0,4,3,4,3,"easyBike_forward4.0,easyBike_forward2.0,easyBike_forward1.0,easyBike_forward1.1","easyBike_forward2.1,easyBike_forward4.1,easyBike_forward1.2","466.0,473.0,469.0,421.0","413.0,392.0,369.0",80.0,100.0,100.0,0,0
564.0,pa_2_rev,NEG_E0,4,3,4,1,"easyBike_reverse1.8,eRickshaw_reverse1.1,eRickshaw_reverse2.1,eRickshaw_reverse4.1",easyBike_reverse1.9,"68.0,87.0,43.0,58.0",27.0,80.0,100.0,33.3,0,2
564.0,pa_3,E1,4,3,4,3,"easyBike_forward4.2,easyBike_forward1.3,easyBike_forward2.3,easyBike_forward1.4","eRickshaw_reverse4.0,easyBike_forward2.4,easyBike_forward4.3","208.0,214.0,191.0,164.0","135.0,130.0,127.0",80.0,100.0,100.0,0,0
564.0,pa_3_rev,NEG_E1,4,3,4,3,"easyBike_reverse1.2,easyBike_reverse1.0,eRickshaw_reverse1.0,easyBike_reverse1.1","eRickshaw_reverse2.0,easyBike_reverse1.4,easyBike_reverse1.3","305.0,388.0,284.0,259.0","238.0,227.0,177.0",80.0,100.0,100.0,0,0
564.0,pa_6,E5,5,3,5,1,"easyBike_forward3.4,easyBike_forward3.1,easyBike_forward3.0,easyBike_forward3.3,easyBike_forward3.2",easyBike_forward3.5,"187.0,404.0,477.0,258.0,332.0",115.0,125.0,100.0,33.3,0,2
564.0,pa_6_rev,NEG_E5,5,3,2,0,"eRickshaw_reverse3.2,eRickshaw_reverse3.1",NONE,"48.0,151.0",NONE,50.0,40.0,0.0,3,3
564.0,pa_7,E6,4,2,0,0,NONE,NONE,NONE,NONE,0.0,0.0,0.0,4,2
564.0,pa_7_rev,NEG_E6,4,2,4,2,"easyBike_reverse3.5,easyBike_reverse2.5,eRickshaw_reverse3.0,easyBike_reverse4.4","easyBike_reverse3.6,easyBike_reverse2.7","207.0,242.0,287.0,227.0","159.0,149.0",80.0,100.0,100.0,0,0
564.0,pa_8,E7,5,3,2,0,"eRickshaw_forward4.1,eRickshaw_forward4.0",NONE,"45.0,228.0",NONE,50.0,40.0,0.0,3,3
564.0,pa_8_rev,NEG_E7,5,3,5,3,"easyBike_reverse2.1,easyBike_reverse3.0,easyBike_reverse3.1,easyBike_reverse2.0,easyBike_reverse4.1","easyBike_reverse4.0,easyBike_reverse2.3,easyBike_reverse3.3","422.0,367.0,416.0,365.0,407.0","361.0,332.0,313.0",125.0,100.0,100.0,0,0
565.0,pa_2,E0,4,3,4,3,"easyBike_forward4.0,easyBike_forward2.0,easyBike_forward1.0,easyBike_forward1.1","easyBike_forward2.1,easyBike_forward4.1,easyBike_forward1.2","467.0,474.0,470.0,422.0","414.0,393.0,370.0",80.0,100.0,100.0,0,0
565.0,pa_2_rev,NEG_E0,4,3,4,1,"easyBike_reverse1.8,eRickshaw_reverse1.1,eRickshaw_reverse2.1,eRickshaw_reverse4.1",easyBike_reverse1.9,"69.0,88.0,44.0,59.0",28.0,80.0,100.0,33.3,0,2
565.0,pa_3,E1,4,3,4,3,"easyBike_forward4.2,easyBike_forward1.3,easyBike_forward2.3,easyBike_forward1.4","eRickshaw_reverse4.0,easyBike_forward2.4,easyBike_forward4.3","209.0,215.0,192.0,165.0","136.0,131.0,128.0",80.0,100.0,100.0,0,0
565.0,pa_3_rev,NEG_E1,4,3,4,3,"easyBike_reverse1.2,easyBike_reverse1.0,eRickshaw_reverse1.0,easyBike_reverse1.1","eRickshaw_reverse2.0,easyBike_reverse1.4,easyBike_reverse1.3","306.0,389.0,285.0,260.0","239.0,228.0,178.0",80.0,100.0,100.0,0,0
565.0,pa_6,E5,5,3,5,1,"easyBike_forward3.4,easyBike_forward3.1,easyBike_forward3.0,easyBike_forward3.3,easyBike_forward3.2",easyBike_forward3.5,"188.0,405.0,478.0,259.0,333.0",116.0,125.0,100.0,33.3,0,2
565.0,pa_6_rev,NEG_E5,5,3,2,0,"eRickshaw_reverse3.2,eRickshaw_reverse3.1",NONE,"49.0,152.0",NONE,50.0,40.0,0.0,3,3
565.0,pa_7,E6,4,2,0,0,NONE,NONE,NONE,NONE,0.0,0.0,0.0,4,2
565.0,pa_7_rev,NEG_E6,4,2,4,2,"easyBike_reverse3.5,easyBike_reverse2.5,eRickshaw_reverse3.0,easyBike_reverse4.4","easyBike_reverse3.6,easyBike_reverse2.7","208.0,243.0,288.0,228.0","160.0,150.0",80.0,100.0,100.0,0,0
565.0,pa_8,E7,5,3,2,0,"eRickshaw_forward4.1,eRickshaw_forward4.0",NONE,"46.0,229.0",NONE,50.0,40.0,0.0,3,3
565.0,pa_8_rev,NEG_E7,5,3,5,3,"easyBike_reverse2.1,easyBike_reverse3.0,easyBike_reverse3.1,easyBike_reverse2.0,easyBike_reverse4.1","easyBike_reverse4.0,easyBike_reverse2.3,easyBike_reverse3.3","423.0,368.0,417.0,366.0,408.0","362.0,333.0,314.0",125.0,100.0,100.0,0,0
566.0,pa_2,E0,4,3,4,3,"easyBike_forward4.0,easyBike_forward2.0,easyBike_forward1.0,easyBike_forward1.1","easyBike_forward2.1,easyBike_forward4.1,easyBike_forward1.2","468.0,475.0,471.0,423.0","415.0,394.0,371.0",80.0,100.0,100.0,0,0
566.0,pa_2_rev,NEG_E0,4,3,4,1,"easyBike_reverse1.8,eRickshaw_reverse1.1,eRickshaw_reverse2.1,eRickshaw_reverse4.1",easyBike_reverse1.9,"70.0,89.0,45.0,60.0",29.0,80.0,100.0,33.3,0,2
566.0,pa_3,E1,4,3,4,3,"easyBike_forward4.2,easyBike_forward1.3,easyBike_forward2.3,easyBike_forward1.4","eRickshaw_reverse4.0,easyBike_forward2.4,easyBike_forward4.3","210.0,216.0,193.0,166.0","137.0,132.0,129.0",80.0,100.0,100.0,0,0
566.0,pa_3_rev,NEG_E1,4,3,4,3,"easyBike_reverse1.2,easyBike_reverse1.0,eRickshaw_reverse1.0,easyBike_reverse1.1","eRickshaw_reverse2.0,easyBike_reverse1.4,easyBike_reverse1.3","307.0,390.0,286.0,261.0","240.0,229.0,179.0",80.0,100.0,100.0,0,0
566.0,pa_6,E5,5,3,5,1,"easyBike_forward3.4,easyBike_forward3.1,easyBike_forward3.0,easyBike_forward3.3,easyBike_forward3.2",easyBike_forward3.5,"189.0,406.0,479.0,260.0,334.0",117.0,125.0,100.0,33.3,0,2
566.0,pa_6_rev,NEG_E5,5,3,2,0,"eRickshaw_reverse3.2,eRickshaw_reverse3.1",NONE,"50.0,153.0",NONE,50.0,40.0,0.0,3,3
566.0,pa_7,E6,4,2,0,0,NONE,NONE,NONE,NONE,0.0,0.0,0.0,4,2
566.0,pa_7_rev,NEG_E6,4,2,4,2,"easyBike_reverse3.5,easyBike_reverse2.5,eRickshaw_reverse3.0,easyBike_reverse4.4","easyBike_reverse3.6,easyBike_reverse2.7","209.0,244.0,289.0,229.0","161.0,151.0",80.0,100.0,100.0,0,0
566.0,pa_8,E7,5,3,2,0,"eRickshaw_forward4.1,eRickshaw_forward4.0",NONE,"47.0,230.0",NONE,50.0,40.0,0.0,3,3
566.0,pa_8_rev,NEG_E7,5,3,5,3,"easyBike_reverse2.1,easyBike_reverse3.0,easyBike_reverse3.1,easyBike_reverse2.0,easyBike_reverse4.1","easyBike_reverse4.0,easyBike_reverse2.3,easyBike_reverse3.3","424.0,369.0,418.0,367.0,409.0","363.0,334.0,315.0",125.0,100.0,100.0,0,0
567.0,pa_2,E0,4,3,4,3,"easyBike_forward4.0,easyBike_forward2.0,easyBike_forward1.0,easyBike_forward1.1","easyBike_forward2.1,easyBike_forward4.1,easyBike_forward1.2","469.0,476.0,472.0,424.0","416.0,395.0,372.0",80.0,100.0,100.0,0,0
567.0,pa_2_rev,NEG_E0,4,3,4,1,"easyBike_reverse1.8,eRickshaw_reverse1.1,eRickshaw_reverse2.1,eRickshaw_reverse4.1",easyBike_reverse1.9,"71.0,90.0,46.0,61.0",30.0,80.0,100.0,33.3,0,2
567.0,pa_3,E1,4,3,4,3,"easyBike_forward4.2,easyBike_forward1.3,easyBike_forward2.3,easyBike_forward1.4","eRickshaw_reverse4.0,easyBike_forward2.4,easyBike_forward4.3","211.0,217.0,194.0,167.0","138.0,133.0,130.0",80.0,100.0,100.0,0,0
567.0,pa_3_rev,NEG_E1,4,3,4,3,"easyBike_reverse1.2,easyBike_reverse1.0,eRickshaw_reverse1.0,easyBike_reverse1.1","eRickshaw_reverse2.0,easyBike_reverse1.4,easyBike_reverse1.3","308.0,391.0,287.0,262.0","241.0,230.0,180.0",80.0,100.0,100.0,0,0
567.0,pa_6,E5,5,3,5,1,"easyBike_forward3.4,easyBike_forward3.1,easyBike_forward3.0,easyBike_forward3.3,easyBike_forward3.2",easyBike_forward3.5,"190.0,407.0,480.0,261.0,335.0",118.0,125.0,100.0,33.3,0,2
567.0,pa_6_rev,NEG_E5,5,3,2,0,"eRickshaw_reverse3.2,eRickshaw_reverse3.1",NONE,"51.0,154.0",NONE,50.0,40.0,0.0,3,3
567.0,pa_7,E6,4,2,0,0,NONE,NONE,NONE,NONE,0.0,0.0,0.0,4,2
567.0,pa_7_rev,NEG_E6,4,2,4,2,"easyBike_reverse3.5,easyBike_reverse2.5,eRickshaw_reverse3.0,easyBike_reverse4.4","easyBike_reverse3.6,easyBike_reverse2.7","210.0,245.0,290.0,230.0","162.0,152.0",80.0,100.0,100.0,0,0
567.0,pa_8,E7,5,3,2,0,"eRickshaw_forward4.1,eRickshaw_forward4.0",NONE,"48.0,231.0",NONE,50.0,40.0,0.0,3,3
567.0,pa_8_rev,NEG_E7,5,3,5,3,"easyBike_reverse2.1,easyBike_reverse3.0,easyBike_reverse3.1,easyBike_reverse2.0,easyBike_reverse4.1","easyBike_reverse4.0,easyBike_reverse2.3,easyBike_reverse3.3","425.0,370.0,419.0,368.0,410.0","364.0,335.0,316.0",125.0,100.0,100.0,0,0
568.0,pa_2,E0,4,3,4,3,"easyBike_forward4.0,easyBike_forward2.0,easyBike_forward1.0,easyBike_forward1.1","easyBike_forward2.1,easyBike_forward4.1,easyBike_forward1.2","470.0,477.0,473.0,425.0","417.0,396.0,373.0",80.0,100.0,100.0,0,0
568.0,pa_2_rev,NEG_E0,4,3,4,2,"easyBike_reverse1.8,eRickshaw_reverse1.1,eRickshaw_reverse2.1,eRickshaw_reverse4.1","easyBike_reverse1.9,eRickshaw_reverse1.2","72.0,91.0,47.0,62.0","31.0,0.0",80.0,100.0,66.7,0,1
568.0,pa_3,E1,4,3,4,3,"easyBike_forward4.2,easyBike_forward1.3,easyBike_forward2.3,easyBike_forward1.4","eRickshaw_reverse4.0,easyBike_forward2.4,easyBike_forward4.3","212.0,218.0,195.0,168.0","139.0,134.0,131.0",80.0,100.0,100.0,0,0
568.0,pa_3_rev,NEG_E1,4,3,4,3,"easyBike_reverse1.2,easyBike_reverse1.0,eRickshaw_reverse1.0,easyBike_reverse1.1","eRickshaw_reverse2.0,easyBike_reverse1.4,easyBike_reverse1.3","309.0,392.0,288.0,263.0","242.0,231.0,181.0",80.0,100.0,100.0,0,0
568.0,pa_6,E5,5,3,5,1,"easyBike_forward3.4,easyBike_forward3.1,easyBike_forward3.0,easyBike_forward3.3,easyBike_forward3.2",easyBike_forward3.5,"191.0,408.0,481.0,262.0,336.0",119.0,125.0,100.0,33.3,0,2
568.0,pa_6_rev,NEG_E5,5,3,2,0,"eRickshaw_reverse3.2,eRickshaw_reverse3.1",NONE,"52.0,155.0",NONE,50.0,40.0,0.0,3,3
568.0,pa_7,E6,4,2,0,0,NONE,NONE,NONE,NONE,0.0,0.0,0.0,4,2
568.0,pa_7_rev,NEG_E6,4,2,4,2,"easyBike_reverse3.5,easyBike_reverse2.5,eRickshaw_reverse3.0,easyBike_reverse4.4","easyBike_reverse3.6,easyBike_reverse2.7","211.0,246.0,291.0,231.0","163.0,153.0",80.0,100.0,100.0,0,0
568.0,pa_8,E7,5,3,2,0,"eRickshaw_forward4.1,eRickshaw_forward4.0",NONE,"49.0,232.0",NONE,50.0,40.0,0.0,3,3
568.0,pa_8_rev,NEG_E7,5,3,5,3,"easyBike_reverse2.1,easyBike_reverse3.0,easyBike_reverse3.1,easyBike_reverse2.0,easyBike_reverse4.1","easyBike_reverse4.0,easyBike_reverse2.3,easyBike_reverse3.3","426.0,371.0,420.0,369.0,411.0","365.0,336.0,317.0",125.0,100.0,100.0,0,0
569.0,pa_2,E0,4,3,4,3,"easyBike_forward4.0,easyBike_forward2.0,easyBike_forward1.0,easyBike_forward1.1","easyBike_forward2.1,easyBike_forward4.1,easyBike_forward1.2","471.0,478.0,474.0,426.0","418.0,397.0,374.0",80.0,100.0,100.0,0,0
569.0,pa_2_rev,NEG_E0,4,3,4,2,"easyBike_reverse1.8,eRickshaw_reverse1.1,eRickshaw_reverse2.1,eRickshaw_reverse4.1","easyBike_reverse1.9,eRickshaw_reverse1.2","73.0,92.0,48.0,63.0","32.0,1.0",80.0,100.0,66.7,0,1
569.0,pa_3,E1,4,3,4,3,"easyBike_forward4.2,easyBike_forward1.3,easyBike_forward2.3,easyBike_forward1.4","eRickshaw_reverse4.0,easyBike_forward2.4,easyBike_forward4.3","213.0,219.0,196.0,169.0","140.0,135.0,132.0",80.0,100.0,100.0,0,0
569.0,pa_3_rev,NEG_E1,4,3,4,3,"easyBike_reverse1.2,easyBike_reverse1.0,eRickshaw_reverse1.0,easyBike_reverse1.1","eRickshaw_reverse2.0,easyBike_reverse1.4,easyBike_reverse1.3","310.0,393.0,289.0,264.0","243.0,232.0,182.0",80.0,100.0,100.0,0,0
569.0,pa_6,E5,5,3,5,1,"easyBike_forward3.4,easyBike_forward3.1,easyBike_forward3.0,easyBike_forward3.3,easyBike_forward3.2",easyBike_forward3.5,"192.0,409.0,482.0,263.0,337.0",120.0,125.0,100.0,33.3,0,2
569.0,pa_6_rev,NEG_E5,5,3,2,0,"eRickshaw_reverse3.2,eRickshaw_reverse3.1",NONE,"53.0,156.0",NONE,50.0,40.0,0.0,3,3
569.0,pa_7,E6,4,2,0,0,NONE,NONE,NONE,NONE,0.0,0.0,0.0,4,2
569.0,pa_7_rev,NEG_E6,4,2,4,2,"easyBike_reverse3.5,easyBike_reverse2.5,eRickshaw_reverse3.0,easyBike_reverse4.4","easyBike_reverse3.6,easyBike_reverse2.7","212.0,247.0,292.0,232.0","164.0,154.0",80.0,100.0,100.0,0,0
569.0,pa_8,E7,5,3,2,0,"eRickshaw_forward4.1,eRickshaw_forward4.0",NONE,"50.0,233.0",NONE,50.0,40.0,0.0,3,3
569.0,pa_8_rev,NEG_E7,5,3,5,3,"easyBike_reverse2.1,easyBike_reverse3.0,easyBike_reverse3.1,easyBike_reverse2.0,easyBike_reverse4.1","easyBike_reverse4.0,easyBike_reverse2.3,easyBike_reverse3.3","427.0,372.0,421.0,370.0,412.0","366.0,337.0,318.0",125.0,100.0,100.0,0,0
570.0,pa_2,E0,4,3,4,3,"easyBike_forward4.0,easyBike_forward2.0,easyBike_forward1.0,easyBike_forward1.1","easyBike_forward2.1,easyBike_forward4.1,easyBike_forward1.2","472.0,479.0,475.0,427.0","419.0,398.0,375.0",80.0,100.0,100.0,0,0
570.0,pa_2_rev,NEG_E0,4,3,4,2,"easyBike_reverse1.8,eRickshaw_reverse1.1,eRickshaw_reverse2.1,eRickshaw_reverse4.1","easyBike_reverse1.9,eRickshaw_reverse1.2","74.0,93.0,49.0,64.0","33.0,2.0",80.0,100.0,66.7,0,1
570.0,pa_3,E1,4,3,4,3,"easyBike_forward4.2,easyBike_forward1.3,easyBike_forward2.3,easyBike_forward1.4","eRickshaw_reverse4.0,easyBike_forward2.4,easyBike_forward4.3","214.0,220.0,197.0,170.0","141.0,136.0,133.0",80.0,100.0,100.0,0,0
570.0,pa_3_rev,NEG_E1,4,3,4,3,"easyBike_reverse1.2,easyBike_reverse1.0,eRickshaw_reverse1.0,easyBike_reverse1.1","eRickshaw_reverse2.0,easyBike_reverse1.4,easyBike_reverse1.3","311.0,394.0,290.0,265.0","244.0,233.0,183.0",80.0,100.0,100.0,0,0
570.0,pa_6,E5,5,3,5,1,"easyBike_forward3.4,easyBike_forward3.1,easyBike_forward3.0,easyBike_forward3.3,easyBike_forward3.2",easyBike_forward3.5,"193.0,410.0,483.0,264.0,338.0",121.0,125.0,100.0,33.3,0,2
570.0,pa_6_rev,NEG_E5,5,3,2,0,"eRickshaw_reverse3.2,eRickshaw_reverse3.1",NONE,"54.0,157.0",NONE,50.0,40.0,0.0,3,3
570.0,pa_7,E6,4,2,0,0,NONE,NONE,NONE,NONE,0.0,0.0,0.0,4,2
570.0,pa_7_rev,NEG_E6,4,2,4,2,"easyBike_reverse3.5,easyBike_reverse2.5,eRickshaw_reverse3.0,easyBike_reverse4.4","easyBike_reverse3.6,easyBike_reverse2.7","213.0,248.0,293.0,233.0","165.0,155.0",80.0,100.0,100.0,0,0
570.0,pa_8,E7,5,3,2,0,"eRickshaw_forward4.1,eRickshaw_forward4.0",NONE,"51.0,234.0",NONE,50.0,40.0,0.0,3,3
570.0,pa_8_rev,NEG_E7,5,3,5,3,"easyBike_reverse2.1,easyBike_reverse3.0,easyBike_reverse3.1,easyBike_reverse2.0,easyBike_reverse4.1","easyBike_reverse4.0,easyBike_reverse2.3,easyBike_reverse3.3","428.0,373.0,422.0,371.0,413.0","367.0,338.0,319.0",125.0,100.0,100.0,0,0
571.0,pa_2,E0,4,3,4,3,"easyBike_forward4.0,easyBike_forward2.0,easyBike_forward1.0,easyBike_forward1.1","easyBike_forward2.1,easyBike_forward4.1,easyBike_forward1.2","473.0,480.0,476.0,428.0","420.0,399.0,376.0",80.0,100.0,100.0,0,0
571.0,pa_2_rev,NEG_E0,4,3,4,2,"easyBike_reverse1.8,eRickshaw_reverse1.1,eRickshaw_reverse2.1,eRickshaw_reverse4.1","easyBike_reverse1.9,eRickshaw_reverse1.2","75.0,94.0,50.0,65.0","34.0,3.0",80.0,100.0,66.7,0,1
571.0,pa_3,E1,4,3,4,3,"easyBike_forward4.2,easyBike_forward1.3,easyBike_forward2.3,easyBike_forward1.4","eRickshaw_reverse4.0,easyBike_forward2.4,easyBike_forward4.3","215.0,221.0,198.0,171.0","142.0,137.0,134.0",80.0,100.0,100.0,0,0
571.0,pa_3_rev,NEG_E1,4,3,4,3,"easyBike_reverse1.2,easyBike_reverse1.0,eRickshaw_reverse1.0,easyBike_reverse1.1","eRickshaw_reverse2.0,easyBike_reverse1.4,easyBike_reverse1.3","312.0,395.0,291.0,266.0","245.0,234.0,184.0",80.0,100.0,100.0,0,0
571.0,pa_6,E5,5,3,5,1,"easyBike_forward3.4,easyBike_forward3.1,easyBike_forward3.0,easyBike_forward3.3,easyBike_forward3.2",easyBike_forward3.5,"194.0,411.0,484.0,265.0,339.0",122.0,125.0,100.0,33.3,0,2
571.0,pa_6_rev,NEG_E5,5,3,2,0,"eRickshaw_reverse3.2,eRickshaw_reverse3.1",NONE,"55.0,158.0",NONE,50.0,40.0,0.0,3,3
571.0,pa_7,E6,4,2,0,0,NONE,NONE,NONE,NONE,0.0,0.0,0.0,4,2
571.0,pa_7_rev,NEG_E6,4,2,4,2,"easyBike_reverse3.5,easyBike_reverse2.5,eRickshaw_reverse3.0,easyBike_reverse4.4","easyBike_reverse3.6,easyBike_reverse2.7","214.0,249.0,294.0,234.0","166.0,156.0",80.0,100.0,100.0,0,0
571.0,pa_8,E7,5,3,2,0,"eRickshaw_forward4.1,eRickshaw_forward4.0",NONE,"52.0,235.0",NONE,50.0,40.0,0.0,3,3
571.0,pa_8_rev,NEG_E7,5,3,5,3,"easyBike_reverse2.1,easyBike_reverse3.0,easyBike_reverse3.1,easyBike_reverse2.0,easyBike_reverse4.1","easyBike_reverse4.0,easyBike_reverse2.3,easyBike_reverse3.3","429.0,374.0,423.0,372.0,414.0","368.0,339.0,320.0",125.0,100.0,100.0,0,0
572.0,pa_2,E0,4,3,4,3,"easyBike_forward4.0,easyBike_forward2.0,easyBike_forward1.0,easyBike_forward1.1","easyBike_forward2.1,easyBike_forward4.1,easyBike_forward1.2","474.0,481.0,477.0,429.0","421.0,400.0,377.0",80.0,100.0,100.0,0,0
572.0,pa_2_rev,NEG_E0,4,3,4,2,"easyBike_reverse1.8,eRickshaw_reverse1.1,eRickshaw_reverse2.1,eRickshaw_reverse4.1","easyBike_reverse1.9,eRickshaw_reverse1.2","76.0,95.0,51.0,66.0","35.0,4.0",80.0,100.0,66.7,0,1
572.0,pa_3,E1,4,3,4,3,"easyBike_forward4.2,easyBike_forward1.3,easyBike_forward2.3,easyBike_forward1.4","eRickshaw_reverse4.0,easyBike_forward2.4,easyBike_forward4.3","216.0,222.0,199.0,172.0","143.0,138.0,135.0",80.0,100.0,100.0,0,0
572.0,pa_3_rev,NEG_E1,4,3,4,3,"easyBike_reverse1.2,easyBike_reverse1.0,eRickshaw_reverse1.0,easyBike_reverse1.1","eRickshaw_reverse2.0,easyBike_reverse1.4,easyBike_reverse1.3","313.0,396.0,292.0,267.0","246.0,235.0,185.0",80.0,100.0,100.0,0,0
572.0,pa_6,E5,5,3,5,1,"easyBike_forward3.4,easyBike_forward3.1,easyBike_forward3.0,easyBike_forward3.3,easyBike_forward3.2",easyBike_forward3.5,"195.0,412.0,485.0,266.0,340.0",123.0,125.0,100.0,33.3,0,2
572.0,pa_6_rev,NEG_E5,5,3,2,0,"eRickshaw_reverse3.2,eRickshaw_reverse3.1",NONE,"56.0,159.0",NONE,50.0,40.0,0.0,3,3
572.0,pa_7,E6,4,2,0,0,NONE,NONE,NONE,NONE,0.0,0.0,0.0,4,2
572.0,pa_7_rev,NEG_E6,4,2,4,2,"easyBike_reverse3.5,easyBike_reverse2.5,eRickshaw_reverse3.0,easyBike_reverse4.4","easyBike_reverse3.6,easyBike_reverse2.7","215.0,250.0,295.0,235.0","167.0,157.0",80.0,100.0,100.0,0,0
572.0,pa_8,E7,5,3,2,0,"eRickshaw_forward4.1,eRickshaw_forward4.0",NONE,"53.0,236.0",NONE,50.0,40.0,0.0,3,3
572.0,pa_8_rev,NEG_E7,5,3,5,3,"easyBike_reverse2.1,easyBike_reverse3.0,easyBike_reverse3.1,easyBike_reverse2.0,easyBike_reverse4.1","easyBike_reverse4.0,easyBike_reverse2.3,easyBike_reverse3.3","430.0,375.0,424.0,373.0,415.0","369.0,340.0,321.0",125.0,100.0,100.0,0,0
573.0,pa_2,E0,4,3,4,3,"easyBike_forward4.0,easyBike_forward2.0,easyBike_forward1.0,easyBike_forward1.1","easyBike_forward2.1,easyBike_forward4.1,easyBike_forward1.2","475.0,482.0,478.0,430.0","422.0,401.0,378.0",80.0,100.0,100.0,0,0
573.0,pa_2_rev,NEG_E0,4,3,4,2,"easyBike_reverse1.8,eRickshaw_reverse1.1,eRickshaw_reverse2.1,eRickshaw_reverse4.1","easyBike_reverse1.9,eRickshaw_reverse1.2","77.0,96.0,52.0,67.0","36.0,5.0",80.0,100.0,66.7,0,1
573.0,pa_3,E1,4,3,4,3,"easyBike_forward4.2,easyBike_forward1.3,easyBike_forward2.3,easyBike_forward1.4","eRickshaw_reverse4.0,easyBike_forward2.4,easyBike_forward4.3","217.0,223.0,200.0,173.0","144.0,139.0,136.0",80.0,100.0,100.0,0,0
573.0,pa_3_rev,NEG_E1,4,3,4,3,"easyBike_reverse1.2,easyBike_reverse1.0,eRickshaw_reverse1.0,easyBike_reverse1.1","eRickshaw_reverse2.0,easyBike_reverse1.4,easyBike_reverse1.3","314.0,397.0,293.0,268.0","247.0,236.0,186.0",80.0,100.0,100.0,0,0
573.0,pa_6,E5,5,3,5,1,"easyBike_forward3.4,easyBike_forward3.1,easyBike_forward3.0,easyBike_forward3.3,easyBike_forward3.2",easyBike_forward3.5,"196.0,413.0,486.0,267.0,341.0",124.0,125.0,100.0,33.3,0,2
573.0,pa_6_rev,NEG_E5,5,3,2,0,"eRickshaw_reverse3.2,eRickshaw_reverse3.1",NONE,"57.0,160.0",NONE,50.0,40.0,0.0,3,3
573.0,pa_7,E6,4,2,0,0,NONE,NONE,NONE,NONE,0.0,0.0,0.0,4,2
573.0,pa_7_rev,NEG_E6,4,2,4,2,"easyBike_reverse3.5,easyBike_reverse2.5,eRickshaw_reverse3.0,easyBike_reverse4.4","easyBike_reverse3.6,easyBike_reverse2.7","216.0,251.0,296.0,236.0","168.0,158.0",80.0,100.0,100.0,0,0
573.0,pa_8,E7,5,3,2,0,"eRickshaw_forward4.1,eRickshaw_forward4.0",NONE,"54.0,237.0",NONE,50.0,40.0,0.0,3,3
573.0,pa_8_rev,NEG_E7,5,3,5,3,"easyBike_reverse2.1,easyBike_reverse3.0,easyBike_reverse3.1,easyBike_reverse2.0,easyBike_reverse4.1","easyBike_reverse4.0,easyBike_reverse2.3,easyBike_reverse3.3","431.0,376.0,425.0,374.0,416.0","370.0,341.0,322.0",125.0,100.0,100.0,0,0
574.0,pa_2,E0,4,3,4,3,"easyBike_forward4.0,easyBike_forward2.0,easyBike_forward1.0,easyBike_forward1.1","easyBike_forward2.1,easyBike_forward4.1,easyBike_forward1.2","476.0,483.0,479.0,431.0","423.0,402.0,379.0",80.0,100.0,100.0,0,0
574.0,pa_2_rev,NEG_E0,4,3,4,2,"easyBike_reverse1.8,eRickshaw_reverse1.1,eRickshaw_reverse2.1,eRickshaw_reverse4.1","easyBike_reverse1.9,eRickshaw_reverse1.2","78.0,97.0,53.0,68.0","37.0,6.0",80.0,100.0,66.7,0,1
574.0,pa_3,E1,4,3,4,3,"easyBike_forward4.2,easyBike_forward1.3,easyBike_forward2.3,easyBike_forward1.4","eRickshaw_reverse4.0,easyBike_forward2.4,easyBike_forward4.3","218.0,224.0,201.0,174.0","145.0,140.0,137.0",80.0,100.0,100.0,0,0
574.0,pa_3_rev,NEG_E1,4,3,4,3,"easyBike_reverse1.2,easyBike_reverse1.0,eRickshaw_reverse1.0,easyBike_reverse1.1","eRickshaw_reverse2.0,easyBike_reverse1.4,easyBike_reverse1.3","315.0,398.0,294.0,269.0","248.0,237.0,187.0",80.0,100.0,100.0,0,0
574.0,pa_6,E5,5,3,5,1,"easyBike_forward3.4,easyBike_forward3.1,easyBike_forward3.0,easyBike_forward3.3,easyBike_forward3.2",easyBike_forward3.5,"197.0,414.0,487.0,268.0,342.0",125.0,125.0,100.0,33.3,0,2
574.0,pa_6_rev,NEG_E5,5,3,2,0,"eRickshaw_reverse3.2,eRickshaw_reverse3.1",NONE,"58.0,161.0",NONE,50.0,40.0,0.0,3,3
574.0,pa_7,E6,4,2,1,0,easyBike_forward3.6,NONE,0.0,NONE,20.0,25.0,0.0,3,2
574.0,pa_7_rev,NEG_E6,4,2,4,2,"easyBike_reverse3.5,easyBike_reverse2.5,eRickshaw_reverse3.0,easyBike_reverse4.4","easyBike_reverse3.6,easyBike_reverse2.7","217.0,252.0,297.0,237.0","169.0,159.0",80.0,100.0,100.0,0,0
574.0,pa_8,E7,5,3,2,0,"eRickshaw_forward4.1,eRickshaw_forward4.0",NONE,"55.0,238.0",NONE,50.0,40.0,0.0,3,3
574.0,pa_8_rev,NEG_E7,5,3,5,3,"easyBike_reverse2.1,easyBike_reverse3.0,easyBike_reverse3.1,easyBike_reverse2.0,easyBike_reverse4.1","easyBike_reverse4.0,easyBike_reverse2.3,easyBike_reverse3.3","432.0,377.0,426.0,375.0,417.0","371.0,342.0,323.0",125.0,100.0,100.0,0,0
575.0,pa_2,E0,4,3,4,3,"easyBike_forward4.0,easyBike_forward2.0,easyBike_forward1.0,easyBike_forward1.1","easyBike_forward2.1,easyBike_forward4.1,easyBike_forward1.2","477.0,484.0,480.0,432.0","424.0,403.0,380.0",80.0,100.0,100.0,0,0
575.0,pa_2_rev,NEG_E0,4,3,4,2,"easyBike_reverse1.8,eRickshaw_reverse1.1,eRickshaw_reverse2.1,eRickshaw_reverse4.1","easyBike_reverse1.9,eRickshaw_reverse1.2","79.0,98.0,54.0,69.0","38.0,7.0",80.0,100.0,66.7,0,1
575.0,pa_3,E1,4,3,4,3,"easyBike_forward4.2,easyBike_forward1.3,easyBike_forward2.3,easyBike_forward1.4","eRickshaw_reverse4.0,easyBike_forward2.4,easyBike_forward4.3","219.0,225.0,202.0,175.0","146.0,141.0,138.0",80.0,100.0,100.0,0,0
575.0,pa_3_rev,NEG_E1,4,3,4,3,"easyBike_reverse1.2,easyBike_reverse1.0,eRickshaw_reverse1.0,easyBike_reverse1.1","eRickshaw_reverse2.0,easyBike_reverse1.4,easyBike_reverse1.3","316.0,399.0,295.0,270.0","249.0,238.0,188.0",80.0,100.0,100.0,0,0
575.0,pa_6,E5,5,3,5,1,"easyBike_forward3.4,easyBike_forward3.1,easyBike_forward3.0,easyBike_forward3.3,easyBike_forward3.2",easyBike_forward3.5,"198.0,415.0,488.0,269.0,343.0",126.0,125.0,100.0,33.3,0,2
575.0,pa_6_rev,NEG_E5,5,3,2,0,"eRickshaw_reverse3.2,eRickshaw_reverse3.1",NONE,"59.0,162.0",NONE,50.0,40.0,0.0,3,3
575.0,pa_7,E6,4,2,1,0,easyBike_forward3.6,NONE,1.0,NONE,20.0,25.0,0.0,3,2
575.0,pa_7_rev,NEG_E6,4,2,4,2,"easyBike_reverse3.5,easyBike_reverse2.5,eRickshaw_reverse3.0,easyBike_reverse4.4","easyBike_reverse3.6,easyBike_reverse2.7","218.0,253.0,298.0,238.0","170.0,160.0",80.0,100.0,100.0,0,0
575.0,pa_8,E7,5,3,2,0,"eRickshaw_forward4.1,eRickshaw_forward4.0",NONE,"56.0,239.0",NONE,50.0,40.0,0.0,3,3
575.0,pa_8_rev,NEG_E7,5,3,5,3,"easyBike_reverse2.1,easyBike_reverse3.0,easyBike_reverse3.1,easyBike_reverse2.0,easyBike_reverse4.1","easyBike_reverse4.0,easyBike_reverse2.3,easyBike_reverse3.3","433.0,378.0,427.0,376.0,418.0","372.0,343.0,324.0",125.0,100.0,100.0,0,0
576.0,pa_2,E0,4,3,4,3,"easyBike_forward4.0,easyBike_forward2.0,easyBike_forward1.0,easyBike_forward1.1","easyBike_forward2.1,easyBike_forward4.1,easyBike_forward1.2","478.0,485.0,481.0,433.0","425.0,404.0,381.0",80.0,100.0,100.0,0,0
576.0,pa_2_rev,NEG_E0,4,3,4,2,"easyBike_reverse1.8,eRickshaw_reverse1.1,eRickshaw_reverse2.1,eRickshaw_reverse4.1","easyBike_reverse1.9,eRickshaw_reverse1.2","80.0,99.0,55.0,70.0","39.0,8.0",80.0,100.0,66.7,0,1
576.0,pa_3,E1,4,3,4,3,"easyBike_forward4.2,easyBike_forward1.3,easyBike_forward2.3,easyBike_forward1.4","eRickshaw_reverse4.0,easyBike_forward2.4,easyBike_forward4.3","220.0,226.0,203.0,176.0","147.0,142.0,139.0",80.0,100.0,100.0,0,0
576.0,pa_3_rev,NEG_E1,4,3,4,3,"easyBike_reverse1.2,easyBike_reverse1.0,eRickshaw_reverse1.0,easyBike_reverse1.1","eRickshaw_reverse2.0,easyBike_reverse1.4,easyBike_reverse1.3","317.0,400.0,296.0,271.0","250.0,239.0,189.0",80.0,100.0,100.0,0,0
576.0,pa_6,E5,5,3,5,1,"easyBike_forward3.4,easyBike_forward3.1,easyBike_forward3.0,easyBike_forward3.3,easyBike_forward3.2",easyBike_forward3.5,"199.0,416.0,489.0,270.0,344.0",127.0,125.0,100.0,33.3,0,2
576.0,pa_6_rev,NEG_E5,5,3,2,0,"eRickshaw_reverse3.2,eRickshaw_reverse3.1",NONE,"60.0,163.0",NONE,50.0,40.0,0.0,3,3
576.0,pa_7,E6,4,2,1,0,easyBike_forward3.6,NONE,2.0,NONE,20.0,25.0,0.0,3,2
576.0,pa_7_rev,NEG_E6,4,2,4,2,"easyBike_reverse3.5,easyBike_reverse2.5,eRickshaw_reverse3.0,easyBike_reverse4.4","easyBike_reverse3.6,easyBike_reverse2.7","219.0,254.0,299.0,239.0","171.0,161.0",80.0,100.0,100.0,0,0
576.0,pa_8,E7,5,3,2,0,"eRickshaw_forward4.1,eRickshaw_forward4.0",NONE,"57.0,240.0",NONE,50.0,40.0,0.0,3,3
576.0,pa_8_rev,NEG_E7,5,3,5,3,"easyBike_reverse2.1,easyBike_reverse3.0,easyBike_reverse3.1,easyBike_reverse2.0,easyBike_reverse4.1","easyBike_reverse4.0,easyBike_reverse2.3,easyBike_reverse3.3","434.0,379.0,428.0,377.0,419.0","373.0,344.0,325.0",125.0,100.0,100.0,0,0
577.0,pa_2,E0,4,3,4,3,"easyBike_forward4.0,easyBike_forward2.0,easyBike_forward1.0,easyBike_forward1.1","easyBike_forward2.1,easyBike_forward4.1,easyBike_forward1.2","479.0,486.0,482.0,434.0","426.0,405.0,382.0",80.0,100.0,100.0,0,0
577.0,pa_2_rev,NEG_E0,4,3,4,2,"easyBike_reverse1.8,eRickshaw_reverse1.1,eRickshaw_reverse2.1,eRickshaw_reverse4.1","easyBike_reverse1.9,eRickshaw_reverse1.2","81.0,100.0,56.0,71.0","40.0,9.0",80.0,100.0,66.7,0,1
577.0,pa_3,E1,4,3,4,3,"easyBike_forward4.2,easyBike_forward1.3,easyBike_forward2.3,easyBike_forward1.4","eRickshaw_reverse4.0,easyBike_forward2.4,easyBike_forward4.3","221.0,227.0,204.0,177.0","148.0,143.0,140.0",80.0,100.0,100.0,0,0
577.0,pa_3_rev,NEG_E1,4,3,4,3,"easyBike_reverse1.2,easyBike_reverse1.0,eRickshaw_reverse1.0,easyBike_reverse1.1","eRickshaw_reverse2.0,easyBike_reverse1.4,easyBike_reverse1.3","318.0,401.0,297.0,272.0","251.0,240.0,190.0",80.0,100.0,100.0,0,0
577.0,pa_6,E5,5,3,5,1,"easyBike_forward3.4,easyBike_forward3.1,easyBike_forward3.0,easyBike_forward3.3,easyBike_forward3.2",easyBike_forward3.5,"200.0,417.0,490.0,271.0,345.0",128.0,125.0,100.0,33.3,0,2
577.0,pa_6_rev,NEG_E5,5,3,2,0,"eRickshaw_reverse3.2,eRickshaw_reverse3.1",NONE,"61.0,164.0",NONE,50.0,40.0,0.0,3,3
577.0,pa_7,E6,4,2,1,0,easyBike_forward3.6,NONE,3.0,NONE,20.0,25.0,0.0,3,2
577.0,pa_7_rev,NEG_E6,4,2,4,2,"easyBike_reverse3.5,easyBike_reverse2.5,eRickshaw_reverse3.0,easyBike_reverse4.4","easyBike_reverse3.6,easyBike_reverse2.7","220.0,255.0,300.0,240.0","172.0,162.0",80.0,100.0,100.0,0,0
577.0,pa_8,E7,5,3,2,0,"eRickshaw_forward4.1,eRickshaw_forward4.0",NONE,"58.0,241.0",NONE,50.0,40.0,0.0,3,3
577.0,pa_8_rev,NEG_E7,5,3,5,3,"easyBike_reverse2.1,easyBike_reverse3.0,easyBike_reverse3.1,easyBike_reverse2.0,easyBike_reverse4.1","easyBike_reverse4.0,easyBike_reverse2.3,easyBike_reverse3.3","435.0,380.0,429.0,378.0,420.0","374.0,345.0,326.0",125.0,100.0,100.0,0,0
578.0,pa_2,E0,4,3,4,3,"easyBike_forward4.0,easyBike_forward2.0,easyBike_forward1.0,easyBike_forward1.1","easyBike_forward2.1,easyBike_forward4.1,easyBike_forward1.2","480.0,487.0,483.0,435.0","427.0,406.0,383.0",80.0,100.0,100.0,0,0
578.0,pa_2_rev,NEG_E0,4,3,4,2,"easyBike_reverse1.8,eRickshaw_reverse1.1,eRickshaw_reverse2.1,eRickshaw_reverse4.1","easyBike_reverse1.9,eRickshaw_reverse1.2","82.0,101.0,57.0,72.0","41.0,10.0",80.0,100.0,66.7,0,1
578.0,pa_3,E1,4,3,4,3,"easyBike_forward4.2,easyBike_forward1.3,easyBike_forward2.3,easyBike_forward1.4","eRickshaw_reverse4.0,easyBike_forward2.4,easyBike_forward4.3","222.0,228.0,205.0,178.0","149.0,144.0,141.0",80.0,100.0,100.0,0,0
578.0,pa_3_rev,NEG_E1,4,3,4,3,"easyBike_reverse1.2,easyBike_reverse1.0,eRickshaw_reverse1.0,easyBike_reverse1.1","eRickshaw_reverse2.0,easyBike_reverse1.4,easyBike_reverse1.3","319.0,402.0,298.0,273.0","252.0,241.0,191.0",80.0,100.0,100.0,0,0
578.0,pa_6,E5,5,3,5,1,"easyBike_forward3.4,easyBike_forward3.1,easyBike_forward3.0,easyBike_forward3.3,easyBike_forward3.2",easyBike_forward3.5,"201.0,418.0,491.0,272.0,346.0",129.0,125.0,100.0,33.3,0,2
578.0,pa_6_rev,NEG_E5,5,3,2,0,"eRickshaw_reverse3.2,eRickshaw_reverse3.1",NONE,"62.0,165.0",NONE,50.0,40.0,0.0,3,3
578.0,pa_7,E6,4,2,1,0,easyBike_forward3.6,NONE,4.0,NONE,20.0,25.0,0.0,3,2
578.0,pa_7_rev,NEG_E6,4,2,4,2,"easyBike_reverse3.5,easyBike_reverse2.5,eRickshaw_reverse3.0,easyBike_reverse4.4","easyBike_reverse3.6,easyBike_reverse2.7","221.0,256.0,301.0,241.0","173.0,163.0",80.0,100.0,100.0,0,0
578.0,pa_8,E7,5,3,2,0,"eRickshaw_forward4.1,eRickshaw_forward4.0",NONE,"59.0,242.0",NONE,50.0,40.0,0.0,3,3
578.0,pa_8_rev,NEG_E7,5,3,5,3,"easyBike_reverse2.1,easyBike_reverse3.0,easyBike_reverse3.1,easyBike_reverse2.0,easyBike_reverse4.1","easyBike_reverse4.0,easyBike_reverse2.3,easyBike_reverse3.3","436.0,381.0,430.0,379.0,421.0","375.0,346.0,327.0",125.0,100.0,100.0,0,0
579.0,pa_2,E0,4,3,4,3,"easyBike_forward4.0,easyBike_forward2.0,easyBike_forward1.0,easyBike_forward1.1","easyBike_forward2.1,easyBike_forward4.1,easyBike_forward1.2","481.0,488.0,484.0,436.0","428.0,407.0,384.0",80.0,100.0,100.0,0,0
579.0,pa_2_rev,NEG_E0,4,3,4,2,"easyBike_reverse1.8,eRickshaw_reverse1.1,eRickshaw_reverse2.1,eRickshaw_reverse4.1","easyBike_reverse1.9,eRickshaw_reverse1.2","83.0,102.0,58.0,73.0","42.0,11.0",80.0,100.0,66.7,0,1
579.0,pa_3,E1,4,3,4,3,"easyBike_forward4.2,easyBike_forward1.3,easyBike_forward2.3,easyBike_forward1.4","eRickshaw_reverse4.0,easyBike_forward2.4,easyBike_forward4.3","223.0,229.0,206.0,179.0","150.0,145.0,142.0",80.0,100.0,100.0,0,0
579.0,pa_3_rev,NEG_E1,4,3,4,3,"easyBike_reverse1.2,easyBike_reverse1.0,eRickshaw_reverse1.0,easyBike_reverse1.1","eRickshaw_reverse2.0,easyBike_reverse1.4,easyBike_reverse1.3","320.0,403.0,299.0,274.0","253.0,242.0,192.0",80.0,100.0,100.0,0,0
579.0,pa_6,E5,5,3,5,1,"easyBike_forward3.4,easyBike_forward3.1,easyBike_forward3.0,easyBike_forward3.3,easyBike_forward3.2",easyBike_forward3.5,"202.0,419.0,492.0,273.0,347.0",130.0,125.0,100.0,33.3,0,2
579.0,pa_6_rev,NEG_E5,5,3,2,0,"eRickshaw_reverse3.2,eRickshaw_reverse3.1",NONE,"63.0,166.0",NONE,50.0,40.0,0.0,3,3
579.0,pa_7,E6,4,2,1,0,easyBike_forward3.6,NONE,5.0,NONE,20.0,25.0,0.0,3,2
579.0,pa_7_rev,NEG_E6,4,2,4,2,"easyBike_reverse3.5,easyBike_reverse2.5,eRickshaw_reverse3.0,easyBike_reverse4.4","easyBike_reverse3.6,easyBike_reverse2.7","222.0,257.0,302.0,242.0","174.0,164.0",80.0,100.0,100.0,0,0
579.0,pa_8,E7,5,3,2,0,"eRickshaw_forward4.1,eRickshaw_forward4.0",NONE,"60.0,243.0",NONE,50.0,40.0,0.0,3,3
579.0,pa_8_rev,NEG_E7,5,3,5,3,"easyBike_reverse2.1,easyBike_reverse3.0,easyBike_reverse3.1,easyBike_reverse2.0,easyBike_reverse4.1","easyBike_reverse4.0,easyBike_reverse2.3,easyBike_reverse3.3","437.0,382.0,431.0,380.0,422.0","376.0,347.0,328.0",125.0,100.0,100.0,0,0
580.0,pa_2,E0,4,3,4,3,"easyBike_forward4.0,easyBike_forward2.0,easyBike_forward1.0,easyBike_forward1.1","easyBike_forward2.1,easyBike_forward4.1,easyBike_forward1.2","482.0,489.0,485.0,437.0","429.0,408.0,385.0",80.0,100.0,100.0,0,0
580.0,pa_2_rev,NEG_E0,4,3,4,2,"easyBike_reverse1.8,eRickshaw_reverse1.1,eRickshaw_reverse2.1,eRickshaw_reverse4.1","easyBike_reverse1.9,eRickshaw_reverse1.2","84.0,103.0,59.0,74.0","43.0,12.0",80.0,100.0,66.7,0,1
580.0,pa_3,E1,4,3,4,3,"easyBike_forward4.2,easyBike_forward1.3,easyBike_forward2.3,easyBike_forward1.4","eRickshaw_reverse4.0,easyBike_forward2.4,easyBike_forward4.3","224.0,230.0,207.0,180.0","151.0,146.0,143.0",80.0,100.0,100.0,0,0
580.0,pa_3_rev,NEG_E1,4,3,4,3,"easyBike_reverse1.2,easyBike_reverse1.0,eRickshaw_reverse1.0,easyBike_reverse1.1","eRickshaw_reverse2.0,easyBike_reverse1.4,easyBike_reverse1.3","321.0,404.0,300.0,275.0","254.0,243.0,193.0",80.0,100.0,100.0,0,0
580.0,pa_6,E5,5,3,5,1,"easyBike_forward3.4,easyBike_forward3.1,easyBike_forward3.0,easyBike_forward3.3,easyBike_forward3.2",easyBike_forward3.5,"203.0,420.0,493.0,274.0,348.0",131.0,125.0,100.0,33.3,0,2
580.0,pa_6_rev,NEG_E5,5,3,2,0,"eRickshaw_reverse3.2,eRickshaw_reverse3.1",NONE,"64.0,167.0",NONE,50.0,40.0,0.0,3,3
580.0,pa_7,E6,4,2,1,0,easyBike_forward3.6,NONE,6.0,NONE,20.0,25.0,0.0,3,2
580.0,pa_7_rev,NEG_E6,4,2,4,2,"easyBike_reverse3.5,easyBike_reverse2.5,eRickshaw_reverse3.0,easyBike_reverse4.4","easyBike_reverse3.6,easyBike_reverse2.7","223.0,258.0,303.0,243.0","175.0,165.0",80.0,100.0,100.0,0,0
580.0,pa_8,E7,5,3,2,0,"eRickshaw_forward4.1,eRickshaw_forward4.0",NONE,"61.0,244.0",NONE,50.0,40.0,0.0,3,3
580.0,pa_8_rev,NEG_E7,5,3,5,3,"easyBike_reverse2.1,easyBike_reverse3.0,easyBike_reverse3.1,easyBike_reverse2.0,easyBike_reverse4.1","easyBike_reverse4.0,easyBike_reverse2.3,easyBike_reverse3.3","438.0,383.0,432.0,381.0,423.0","377.0,348.0,329.0",125.0,100.0,100.0,0,0
581.0,pa_2,E0,4,3,4,3,"easyBike_forward4.0,easyBike_forward2.0,easyBike_forward1.0,easyBike_forward1.1","easyBike_forward2.1,easyBike_forward4.1,easyBike_forward1.2","483.0,490.0,486.0,438.0","430.0,409.0,386.0",80.0,100.0,100.0,0,0
581.0,pa_2_rev,NEG_E0,4,3,4,2,"easyBike_reverse1.8,eRickshaw_reverse1.1,eRickshaw_reverse2.1,eRickshaw_reverse4.1","easyBike_reverse1.9,eRickshaw_reverse1.2","85.0,104.0,60.0,75.0","44.0,13.0",80.0,100.0,66.7,0,1
581.0,pa_3,E1,4,3,4,3,"easyBike_forward4.2,easyBike_forward1.3,easyBike_forward2.3,easyBike_forward1.4","eRickshaw_reverse4.0,easyBike_forward2.4,easyBike_forward4.3","225.0,231.0,208.0,181.0","152.0,147.0,144.0",80.0,100.0,100.0,0,0
581.0,pa_3_rev,NEG_E1,4,3,4,3,"easyBike_reverse1.2,easyBike_reverse1.0,eRickshaw_reverse1.0,easyBike_reverse1.1","eRickshaw_reverse2.0,easyBike_reverse1.4,easyBike_reverse1.3","322.0,405.0,301.0,276.0","255.0,244.0,194.0",80.0,100.0,100.0,0,0
581.0,pa_6,E5,5,3,5,1,"easyBike_forward3.4,easyBike_forward3.1,easyBike_forward3.0,easyBike_forward3.3,easyBike_forward3.2",easyBike_forward3.5,"204.0,421.0,494.0,275.0,349.0",132.0,125.0,100.0,33.3,0,2
581.0,pa_6_rev,NEG_E5,5,3,2,0,"eRickshaw_reverse3.2,eRickshaw_reverse3.1",NONE,"65.0,168.0",NONE,50.0,40.0,0.0,3,3
581.0,pa_7,E6,4,2,1,0,easyBike_forward3.6,NONE,7.0,NONE,20.0,25.0,0.0,3,2
581.0,pa_7_rev,NEG_E6,4,2,4,2,"easyBike_reverse3.5,easyBike_reverse2.5,eRickshaw_reverse3.0,easyBike_reverse4.4","easyBike_reverse3.6,easyBike_reverse2.7","224.0,259.0,304.0,244.0","176.0,166.0",80.0,100.0,100.0,0,0
581.0,pa_8,E7,5,3,2,0,"eRickshaw_forward4.1,eRickshaw_forward4.0",NONE,"62.0,245.0",NONE,50.0,40.0,0.0,3,3
581.0,pa_8_rev,NEG_E7,5,3,5,3,"easyBike_reverse2.1,easyBike_reverse3.0,easyBike_reverse3.1,easyBike_reverse2.0,easyBike_reverse4.1","easyBike_reverse4.0,easyBike_reverse2.3,easyBike_reverse3.3","439.0,384.0,433.0,382.0,424.0","378.0,349.0,330.0",125.0,100.0,100.0,0,0
582.0,pa_2,E0,4,3,4,3,"easyBike_forward4.0,easyBike_forward2.0,easyBike_forward1.0,easyBike_forward1.1","easyBike_forward2.1,easyBike_forward4.1,easyBike_forward1.2","484.0,491.0,487.0,439.0","431.0,410.0,387.0",80.0,100.0,100.0,0,0
582.0,pa_2_rev,NEG_E0,4,3,4,2,"easyBike_reverse1.8,eRickshaw_reverse1.1,eRickshaw_reverse2.1,eRickshaw_reverse4.1","easyBike_reverse1.9,eRickshaw_reverse1.2","86.0,105.0,61.0,76.0","45.0,14.0",80.0,100.0,66.7,0,1
582.0,pa_3,E1,4,3,4,3,"easyBike_forward4.2,easyBike_forward1.3,easyBike_forward2.3,easyBike_forward1.4","eRickshaw_reverse4.0,easyBike_forward2.4,easyBike_forward4.3","226.0,232.0,209.0,182.0","153.0,148.0,145.0",80.0,100.0,100.0,0,0
582.0,pa_3_rev,NEG_E1,4,3,4,3,"easyBike_reverse1.2,easyBike_reverse1.0,eRickshaw_reverse1.0,easyBike_reverse1.1","eRickshaw_reverse2.0,easyBike_reverse1.4,easyBike_reverse1.3","323.0,406.0,302.0,277.0","256.0,245.0,195.0",80.0,100.0,100.0,0,0
582.0,pa_6,E5,5,3,5,1,"easyBike_forward3.4,easyBike_forward3.1,easyBike_forward3.0,easyBike_forward3.3,easyBike_forward3.2",easyBike_forward3.5,"205.0,422.0,495.0,276.0,350.0",133.0,125.0,100.0,33.3,0,2
582.0,pa_6_rev,NEG_E5,5,3,2,0,"eRickshaw_reverse3.2,eRickshaw_reverse3.1",NONE,"66.0,169.0",NONE,50.0,40.0,0.0,3,3
582.0,pa_7,E6,4,2,1,0,easyBike_forward3.6,NONE,8.0,NONE,20.0,25.0,0.0,3,2
582.0,pa_7_rev,NEG_E6,4,2,4,2,"easyBike_reverse3.5,easyBike_reverse2.5,eRickshaw_reverse3.0,easyBike_reverse4.4","easyBike_reverse3.6,easyBike_reverse2.7","225.0,260.0,305.0,245.0","177.0,167.0",80.0,100.0,100.0,0,0
582.0,pa_8,E7,5,3,2,0,"eRickshaw_forward4.1,eRickshaw_forward4.0",NONE,"63.0,246.0",NONE,50.0,40.0,0.0,3,3
582.0,pa_8_rev,NEG_E7,5,3,5,3,"easyBike_reverse2.1,easyBike_reverse3.0,easyBike_reverse3.1,easyBike_reverse2.0,easyBike_reverse4.1","easyBike_reverse4.0,easyBike_reverse2.3,easyBike_reverse3.3","440.0,385.0,434.0,383.0,425.0","379.0,350.0,331.0",125.0,100.0,100.0,0,0
583.0,pa_2,E0,4,3,4,3,"easyBike_forward4.0,easyBike_forward2.0,easyBike_forward1.0,easyBike_forward1.1","easyBike_forward2.1,easyBike_forward4.1,easyBike_forward1.2","485.0,492.0,488.0,440.0","432.0,411.0,388.0",80.0,100.0,100.0,0,0
583.0,pa_2_rev,NEG_E0,4,3,4,2,"easyBike_reverse1.8,eRickshaw_reverse1.1,eRickshaw_reverse2.1,eRickshaw_reverse4.1","easyBike_reverse1.9,eRickshaw_reverse1.2","87.0,106.0,62.0,77.0","46.0,15.0",80.0,100.0,66.7,0,1
583.0,pa_3,E1,4,3,4,3,"easyBike_forward4.2,easyBike_forward1.3,easyBike_forward2.3,easyBike_forward1.4","eRickshaw_reverse4.0,easyBike_forward2.4,easyBike_forward4.3","227.0,233.0,210.0,183.0","154.0,149.0,146.0",80.0,100.0,100.0,0,0
583.0,pa_3_rev,NEG_E1,4,3,4,3,"easyBike_reverse1.2,easyBike_reverse1.0,eRickshaw_reverse1.0,easyBike_reverse1.1","eRickshaw_reverse2.0,easyBike_reverse1.4,easyBike_reverse1.3","324.0,407.0,303.0,278.0","257.0,246.0,196.0",80.0,100.0,100.0,0,0
583.0,pa_6,E5,5,3,5,1,"easyBike_forward3.4,easyBike_forward3.1,easyBike_forward3.0,easyBike_forward3.3,easyBike_forward3.2",easyBike_forward3.5,"206.0,423.0,496.0,277.0,351.0",134.0,125.0,100.0,33.3,0,2
583.0,pa_6_rev,NEG_E5,5,3,2,0,"eRickshaw_reverse3.2,eRickshaw_reverse3.1",NONE,"67.0,170.0",NONE,50.0,40.0,0.0,3,3
583.0,pa_7,E6,4,2,1,0,easyBike_forward3.6,NONE,9.0,NONE,20.0,25.0,0.0,3,2
583.0,pa_7_rev,NEG_E6,4,2,4,2,"easyBike_reverse3.5,easyBike_reverse2.5,eRickshaw_reverse3.0,easyBike_reverse4.4","easyBike_reverse3.6,easyBike_reverse2.7","226.0,261.0,306.0,246.0","178.0,168.0",80.0,100.0,100.0,0,0
583.0,pa_8,E7,5,3,2,0,"eRickshaw_forward4.1,eRickshaw_forward4.0",NONE,"64.0,247.0",NONE,50.0,40.0,0.0,3,3
583.0,pa_8_rev,NEG_E7,5,3,5,3,"easyBike_reverse2.1,easyBike_reverse3.0,easyBike_reverse3.1,easyBike_reverse2.0,easyBike_reverse4.1","easyBike_reverse4.0,easyBike_reverse2.3,easyBike_reverse3.3","441.0,386.0,435.0,384.0,426.0","380.0,351.0,332.0",125.0,100.0,100.0,0,0
584.0,pa_2,E0,4,3,4,3,"easyBike_forward4.0,easyBike_forward2.0,easyBike_forward1.0,easyBike_forward1.1","easyBike_forward2.1,easyBike_forward4.1,easyBike_forward1.2","486.0,493.0,489.0,441.0","433.0,412.0,389.0",80.0,100.0,100.0,0,0
584.0,pa_2_rev,NEG_E0,4,3,4,2,"easyBike_reverse1.8,eRickshaw_reverse1.1,eRickshaw_reverse2.1,eRickshaw_reverse4.1","easyBike_reverse1.9,eRickshaw_reverse1.2","88.0,107.0,63.0,78.0","47.0,16.0",80.0,100.0,66.7,0,1
584.0,pa_3,E1,4,3,4,3,"easyBike_forward4.2,easyBike_forward1.3,easyBike_forward2.3,easyBike_forward1.4","eRickshaw_reverse4.0,easyBike_forward2.4,easyBike_forward4.3","228.0,234.0,211.0,184.0","155.0,150.0,147.0",80.0,100.0,100.0,0,0
584.0,pa_3_rev,NEG_E1,4,3,4,3,"easyBike_reverse1.2,easyBike_reverse1.0,eRickshaw_reverse1.0,easyBike_reverse1.1","eRickshaw_reverse2.0,easyBike_reverse1.4,easyBike_reverse1.3","325.0,408.0,304.0,279.0","258.0,247.0,197.0",80.0,100.0,100.0,0,0
584.0,pa_6,E5,5,3,5,1,"easyBike_forward3.4,easyBike_forward3.1,easyBike_forward3.0,easyBike_forward3.3,easyBike_forward3.2",easyBike_forward3.5,"207.0,424.0,497.0,278.0,352.0",135.0,125.0,100.0,33.3,0,2
584.0,pa_6_rev,NEG_E5,5,3,2,0,"eRickshaw_reverse3.2,eRickshaw_reverse3.1",NONE,"68.0,171.0",NONE,50.0,40.0,0.0,3,3
584.0,pa_7,E6,4,2,1,0,easyBike_forward3.6,NONE,10.0,NONE,20.0,25.0,0.0,3,2
584.0,pa_7_rev,NEG_E6,4,2,4,2,"easyBike_reverse3.5,easyBike_reverse2.5,eRickshaw_reverse3.0,easyBike_reverse4.4","easyBike_reverse3.6,easyBike_reverse2.7","227.0,262.0,307.0,247.0","179.0,169.0",80.0,100.0,100.0,0,0
584.0,pa_8,E7,5,3,2,0,"eRickshaw_forward4.1,eRickshaw_forward4.0",NONE,"65.0,248.0",NONE,50.0,40.0,0.0,3,3
584.0,pa_8_rev,NEG_E7,5,3,5,3,"easyBike_reverse2.1,easyBike_reverse3.0,easyBike_reverse3.1,easyBike_reverse2.0,easyBike_reverse4.1","easyBike_reverse4.0,easyBike_reverse2.3,easyBike_reverse3.3","442.0,387.0,436.0,385.0,427.0","381.0,352.0,333.0",125.0,100.0,100.0,0,0
585.0,pa_2,E0,4,3,4,3,"easyBike_forward4.0,easyBike_forward2.0,easyBike_forward1.0,easyBike_forward1.1","easyBike_forward2.1,easyBike_forward4.1,easyBike_forward1.2","487.0,494.0,490.0,442.0","434.0,413.0,390.0",80.0,100.0,100.0,0,0
585.0,pa_2_rev,NEG_E0,4,3,4,2,"easyBike_reverse1.8,eRickshaw_reverse1.1,eRickshaw_reverse2.1,eRickshaw_reverse4.1","easyBike_reverse1.9,eRickshaw_reverse1.2","89.0,108.0,64.0,79.0","48.0,17.0",80.0,100.0,66.7,0,1
585.0,pa_3,E1,4,3,4,3,"easyBike_forward4.2,easyBike_forward1.3,easyBike_forward2.3,easyBike_forward1.4","eRickshaw_reverse4.0,easyBike_forward2.4,easyBike_forward4.3","229.0,235.0,212.0,185.0","156.0,151.0,148.0",80.0,100.0,100.0,0,0
585.0,pa_3_rev,NEG_E1,4,3,4,3,"easyBike_reverse1.2,easyBike_reverse1.0,eRickshaw_reverse1.0,easyBike_reverse1.1","eRickshaw_reverse2.0,easyBike_reverse1.4,easyBike_reverse1.3","326.0,409.0,305.0,280.0","259.0,248.0,198.0",80.0,100.0,100.0,0,0
585.0,pa_6,E5,5,3,5,1,"easyBike_forward3.4,easyBike_forward3.1,easyBike_forward3.0,easyBike_forward3.3,easyBike_forward3.2",easyBike_forward3.5,"208.0,425.0,498.0,279.0,353.0",136.0,125.0,100.0,33.3,0,2
585.0,pa_6_rev,NEG_E5,5,3,2,0,"eRickshaw_reverse3.2,eRickshaw_reverse3.1",NONE,"69.0,172.0",NONE,50.0,40.0,0.0,3,3
585.0,pa_7,E6,4,2,1,0,easyBike_forward3.6,NONE,11.0,NONE,20.0,25.0,0.0,3,2
585.0,pa_7_rev,NEG_E6,4,2,4,2,"easyBike_reverse3.5,easyBike_reverse2.5,eRickshaw_reverse3.0,easyBike_reverse4.4","easyBike_reverse3.6,easyBike_reverse2.7","228.0,263.0,308.0,248.0","180.0,170.0",80.0,100.0,100.0,0,0
585.0,pa_8,E7,5,3,2,0,"eRickshaw_forward4.1,eRickshaw_forward4.0",NONE,"66.0,249.0",NONE,50.0,40.0,0.0,3,3
585.0,pa_8_rev,NEG_E7,5,3,5,3,"easyBike_reverse2.1,easyBike_reverse3.0,easyBike_reverse3.1,easyBike_reverse2.0,easyBike_reverse4.1","easyBike_reverse4.0,easyBike_reverse2.3,easyBike_reverse3.3","443.0,388.0,437.0,386.0,428.0","382.0,353.0,334.0",125.0,100.0,100.0,0,0
586.0,pa_2,E0,4,3,4,3,"easyBike_forward4.0,easyBike_forward2.0,easyBike_forward1.0,easyBike_forward1.1","easyBike_forward2.1,easyBike_forward4.1,easyBike_forward1.2","488.0,495.0,491.0,443.0","435.0,414.0,391.0",80.0,100.0,100.0,0,0
586.0,pa_2_rev,NEG_E0,4,3,4,2,"easyBike_reverse1.8,eRickshaw_reverse1.1,eRickshaw_reverse2.1,eRickshaw_reverse4.1","easyBike_reverse1.9,eRickshaw_reverse1.2","90.0,109.0,65.0,80.0","49.0,18.0",80.0,100.0,66.7,0,1
586.0,pa_3,E1,4,3,4,3,"easyBike_forward4.2,easyBike_forward1.3,easyBike_forward2.3,easyBike_forward1.4","eRickshaw_reverse4.0,easyBike_forward2.4,easyBike_forward4.3","230.0,236.0,213.0,186.0","157.0,152.0,149.0",80.0,100.0,100.0,0,0
586.0,pa_3_rev,NEG_E1,4,3,4,3,"easyBike_reverse1.2,easyBike_reverse1.0,eRickshaw_reverse1.0,easyBike_reverse1.1","eRickshaw_reverse2.0,easyBike_reverse1.4,easyBike_reverse1.3","327.0,410.0,306.0,281.0","260.0,249.0,199.0",80.0,100.0,100.0,0,0
586.0,pa_6,E5,5,3,5,1,"easyBike_forward3.4,easyBike_forward3.1,easyBike_forward3.0,easyBike_forward3.3,easyBike_forward3.2",easyBike_forward3.5,"209.0,426.0,499.0,280.0,354.0",137.0,125.0,100.0,33.3,0,2
586.0,pa_6_rev,NEG_E5,5,3,2,0,"eRickshaw_reverse3.2,eRickshaw_reverse3.1",NONE,"70.0,173.0",NONE,50.0,40.0,0.0,3,3
586.0,pa_7,E6,4,2,1,0,easyBike_forward3.6,NONE,12.0,NONE,20.0,25.0,0.0,3,2
586.0,pa_7_rev,NEG_E6,4,2,4,2,"easyBike_reverse3.5,easyBike_reverse2.5,eRickshaw_reverse3.0,easyBike_reverse4.4","easyBike_reverse3.6,easyBike_reverse2.7","229.0,264.0,309.0,249.0","181.0,171.0",80.0,100.0,100.0,0,0
586.0,pa_8,E7,5,3,2,0,"eRickshaw_forward4.1,eRickshaw_forward4.0",NONE,"67.0,250.0",NONE,50.0,40.0,0.0,3,3
586.0,pa_8_rev,NEG_E7,5,3,5,3,"easyBike_reverse2.1,easyBike_reverse3.0,easyBike_reverse3.1,easyBike_reverse2.0,easyBike_reverse4.1","easyBike_reverse4.0,easyBike_reverse2.3,easyBike_reverse3.3","444.0,389.0,438.0,387.0,429.0","383.0,354.0,335.0",125.0,100.0,100.0,0,0
587.0,pa_2,E0,4,3,4,3,"easyBike_forward4.0,easyBike_forward2.0,easyBike_forward1.0,easyBike_forward1.1","easyBike_forward2.1,easyBike_forward4.1,easyBike_forward1.2","489.0,496.0,492.0,444.0","436.0,415.0,392.0",80.0,100.0,100.0,0,0
587.0,pa_2_rev,NEG_E0,4,3,4,2,"easyBike_reverse1.8,eRickshaw_reverse1.1,eRickshaw_reverse2.1,eRickshaw_reverse4.1","easyBike_reverse1.9,eRickshaw_reverse1.2","91.0,110.0,66.0,81.0","50.0,19.0",80.0,100.0,66.7,0,1
587.0,pa_3,E1,4,3,4,3,"easyBike_forward4.2,easyBike_forward1.3,easyBike_forward2.3,easyBike_forward1.4","eRickshaw_reverse4.0,easyBike_forward2.4,easyBike_forward4.3","231.0,237.0,214.0,187.0","158.0,153.0,150.0",80.0,100.0,100.0,0,0
587.0,pa_3_rev,NEG_E1,4,3,4,3,"easyBike_reverse1.2,easyBike_reverse1.0,eRickshaw_reverse1.0,easyBike_reverse1.1","eRickshaw_reverse2.0,easyBike_reverse1.4,easyBike_reverse1.3","328.0,411.0,307.0,282.0","261.0,250.0,200.0",80.0,100.0,100.0,0,0
587.0,pa_6,E5,5,3,5,1,"easyBike_forward3.4,easyBike_forward3.1,easyBike_forward3.0,easyBike_forward3.3,easyBike_forward3.2",easyBike_forward3.5,"210.0,427.0,500.0,281.0,355.0",138.0,125.0,100.0,33.3,0,2
587.0,pa_6_rev,NEG_E5,5,3,2,0,"eRickshaw_reverse3.2,eRickshaw_reverse3.1",NONE,"71.0,174.0",NONE,50.0,40.0,0.0,3,3
587.0,pa_7,E6,4,2,1,0,easyBike_forward3.6,NONE,13.0,NONE,20.0,25.0,0.0,3,2
587.0,pa_7_rev,NEG_E6,4,2,4,2,"easyBike_reverse3.5,easyBike_reverse2.5,eRickshaw_reverse3.0,easyBike_reverse4.4","easyBike_reverse3.6,easyBike_reverse2.7","230.0,265.0,310.0,250.0","182.0,172.0",80.0,100.0,100.0,0,0
587.0,pa_8,E7,5,3,2,0,"eRickshaw_forward4.1,eRickshaw_forward4.0",NONE,"68.0,251.0",NONE,50.0,40.0,0.0,3,3
587.0,pa_8_rev,NEG_E7,5,3,5,3,"easyBike_reverse2.1,easyBike_reverse3.0,easyBike_reverse3.1,easyBike_reverse2.0,easyBike_reverse4.1","easyBike_reverse4.0,easyBike_reverse2.3,easyBike_reverse3.3","445.0,390.0,439.0,388.0,430.0","384.0,355.0,336.0",125.0,100.0,100.0,0,0
588.0,pa_2,E0,4,3,4,3,"easyBike_forward4.0,easyBike_forward2.0,easyBike_forward1.0,easyBike_forward1.1","easyBike_forward2.1,easyBike_forward4.1,easyBike_forward1.2","490.0,497.0,493.0,445.0","437.0,416.0,393.0",80.0,100.0,100.0,0,0
588.0,pa_2_rev,NEG_E0,4,3,4,2,"easyBike_reverse1.8,eRickshaw_reverse1.1,eRickshaw_reverse2.1,eRickshaw_reverse4.1","easyBike_reverse1.9,eRickshaw_reverse1.2","92.0,111.0,67.0,82.0","51.0,20.0",80.0,100.0,66.7,0,1
588.0,pa_3,E1,4,3,4,3,"easyBike_forward4.2,easyBike_forward1.3,easyBike_forward2.3,easyBike_forward1.4","eRickshaw_reverse4.0,easyBike_forward2.4,easyBike_forward4.3","232.0,238.0,215.0,188.0","159.0,154.0,151.0",80.0,100.0,100.0,0,0
588.0,pa_3_rev,NEG_E1,4,3,4,3,"easyBike_reverse1.2,easyBike_reverse1.0,eRickshaw_reverse1.0,easyBike_reverse1.1","eRickshaw_reverse2.0,easyBike_reverse1.4,easyBike_reverse1.3","329.0,412.0,308.0,283.0","262.0,251.0,201.0",80.0,100.0,100.0,0,0
588.0,pa_6,E5,5,3,5,1,"easyBike_forward3.4,easyBike_forward3.1,easyBike_forward3.0,easyBike_forward3.3,easyBike_forward3.2",easyBike_forward3.5,"211.0,428.0,501.0,282.0,356.0",139.0,125.0,100.0,33.3,0,2
588.0,pa_6_rev,NEG_E5,5,3,2,0,"eRickshaw_reverse3.2,eRickshaw_reverse3.1",NONE,"72.0,175.0",NONE,50.0,40.0,0.0,3,3
588.0,pa_7,E6,4,2,1,0,easyBike_forward3.6,NONE,14.0,NONE,20.0,25.0,0.0,3,2
588.0,pa_7_rev,NEG_E6,4,2,4,2,"easyBike_reverse3.5,easyBike_reverse2.5,eRickshaw_reverse3.0,easyBike_reverse4.4","easyBike_reverse3.6,easyBike_reverse2.7","231.0,266.0,311.0,251.0","183.0,173.0",80.0,100.0,100.0,0,0
588.0,pa_8,E7,5,3,2,0,"eRickshaw_forward4.1,eRickshaw_forward4.0",NONE,"69.0,252.0",NONE,50.0,40.0,0.0,3,3
588.0,pa_8_rev,NEG_E7,5,3,5,3,"easyBike_reverse2.1,easyBike_reverse3.0,easyBike_reverse3.1,easyBike_reverse2.0,easyBike_reverse4.1","easyBike_reverse4.0,easyBike_reverse2.3,easyBike_reverse3.3","446.0,391.0,440.0,389.0,431.0","385.0,356.0,337.0",125.0,100.0,100.0,0,0
589.0,pa_2,E0,4,3,4,3,"easyBike_forward4.0,easyBike_forward2.0,easyBike_forward1.0,easyBike_forward1.1","easyBike_forward2.1,easyBike_forward4.1,easyBike_forward1.2","491.0,498.0,494.0,446.0","438.0,417.0,394.0",80.0,100.0,100.0,0,0
589.0,pa_2_rev,NEG_E0,4,3,4,2,"easyBike_reverse1.8,eRickshaw_reverse1.1,eRickshaw_reverse2.1,eRickshaw_reverse4.1","easyBike_reverse1.9,eRickshaw_reverse1.2","93.0,112.0,68.0,83.0","52.0,21.0",80.0,100.0,66.7,0,1
589.0,pa_3,E1,4,3,4,3,"easyBike_forward4.2,easyBike_forward1.3,easyBike_forward2.3,easyBike_forward1.4","eRickshaw_reverse4.0,easyBike_forward2.4,easyBike_forward4.3","233.0,239.0,216.0,189.0","160.0,155.0,152.0",80.0,100.0,100.0,0,0
589.0,pa_3_rev,NEG_E1,4,3,4,3,"easyBike_reverse1.2,easyBike_reverse1.0,eRickshaw_reverse1.0,easyBike_reverse1.1","eRickshaw_reverse2.0,easyBike_reverse1.4,easyBike_reverse1.3","330.0,413.0,309.0,284.0","263.0,252.0,202.0",80.0,100.0,100.0,0,0
589.0,pa_6,E5,5,3,5,1,"easyBike_forward3.4,easyBike_forward3.1,easyBike_forward3.0,easyBike_forward3.3,easyBike_forward3.2",easyBike_forward3.5,"212.0,429.0,502.0,283.0,357.0",140.0,125.0,100.0,33.3,0,2
589.0,pa_6_rev,NEG_E5,5,3,2,0,"eRickshaw_reverse3.2,eRickshaw_reverse3.1",NONE,"73.0,176.0",NONE,50.0,40.0,0.0,3,3
589.0,pa_7,E6,4,2,1,0,easyBike_forward3.6,NONE,15.0,NONE,20.0,25.0,0.0,3,2
589.0,pa_7_rev,NEG_E6,4,2,4,2,"easyBike_reverse3.5,easyBike_reverse2.5,eRickshaw_reverse3.0,easyBike_reverse4.4","easyBike_reverse3.6,easyBike_reverse2.7","232.0,267.0,312.0,252.0","184.0,174.0",80.0,100.0,100.0,0,0
589.0,pa_8,E7,5,3,2,0,"eRickshaw_forward4.1,eRickshaw_forward4.0",NONE,"70.0,253.0",NONE,50.0,40.0,0.0,3,3
589.0,pa_8_rev,NEG_E7,5,3,5,3,"easyBike_reverse2.1,easyBike_reverse3.0,easyBike_reverse3.1,easyBike_reverse2.0,easyBike_reverse4.1","easyBike_reverse4.0,easyBike_reverse2.3,easyBike_reverse3.3","447.0,392.0,441.0,390.0,432.0","386.0,357.0,338.0",125.0,100.0,100.0,0,0
590.0,pa_2,E0,4,3,4,3,"easyBike_forward4.0,easyBike_forward2.0,easyBike_forward1.0,easyBike_forward1.1","easyBike_forward2.1,easyBike_forward4.1,easyBike_forward1.2","492.0,499.0,495.0,447.0","439.0,418.0,395.0",80.0,100.0,100.0,0,0
590.0,pa_2_rev,NEG_E0,4,3,4,2,"easyBike_reverse1.8,eRickshaw_reverse1.1,eRickshaw_reverse2.1,eRickshaw_reverse4.1","easyBike_reverse1.9,eRickshaw_reverse1.2","94.0,113.0,69.0,84.0","53.0,22.0",80.0,100.0,66.7,0,1
590.0,pa_3,E1,4,3,4,3,"easyBike_forward4.2,easyBike_forward1.3,easyBike_forward2.3,easyBike_forward1.4","eRickshaw_reverse4.0,easyBike_forward2.4,easyBike_forward4.3","234.0,240.0,217.0,190.0","161.0,156.0,153.0",80.0,100.0,100.0,0,0
590.0,pa_3_rev,NEG_E1,4,3,4,3,"easyBike_reverse1.2,easyBike_reverse1.0,eRickshaw_reverse1.0,easyBike_reverse1.1","eRickshaw_reverse2.0,easyBike_reverse1.4,easyBike_reverse1.3","331.0,414.0,310.0,285.0","264.0,253.0,203.0",80.0,100.0,100.0,0,0
590.0,pa_6,E5,5,3,5,1,"easyBike_forward3.4,easyBike_forward3.1,easyBike_forward3.0,easyBike_forward3.3,easyBike_forward3.2",easyBike_forward3.5,"213.0,430.0,503.0,284.0,358.0",141.0,125.0,100.0,33.3,0,2
590.0,pa_6_rev,NEG_E5,5,3,2,0,"eRickshaw_reverse3.2,eRickshaw_reverse3.1",NONE,"74.0,177.0",NONE,50.0,40.0,0.0,3,3
590.0,pa_7,E6,4,2,1,0,easyBike_forward3.6,NONE,16.0,NONE,20.0,25.0,0.0,3,2
590.0,pa_7_rev,NEG_E6,4,2,4,2,"easyBike_reverse3.5,easyBike_reverse2.5,eRickshaw_reverse3.0,easyBike_reverse4.4","easyBike_reverse3.6,easyBike_reverse2.7","233.0,268.0,313.0,253.0","185.0,175.0",80.0,100.0,100.0,0,0
590.0,pa_8,E7,5,3,2,0,"eRickshaw_forward4.1,eRickshaw_forward4.0",NONE,"71.0,254.0",NONE,50.0,40.0,0.0,3,3
590.0,pa_8_rev,NEG_E7,5,3,5,3,"easyBike_reverse2.1,easyBike_reverse3.0,easyBike_reverse3.1,easyBike_reverse2.0,easyBike_reverse4.1","easyBike_reverse4.0,easyBike_reverse2.3,easyBike_reverse3.3","448.0,393.0,442.0,391.0,433.0","387.0,358.0,339.0",125.0,100.0,100.0,0,0
591.0,pa_2,E0,4,3,4,3,"easyBike_forward4.0,easyBike_forward2.0,easyBike_forward1.0,easyBike_forward1.1","easyBike_forward2.1,easyBike_forward4.1,easyBike_forward1.2","493.0,500.0,496.0,448.0","440.0,419.0,396.0",80.0,100.0,100.0,0,0
591.0,pa_2_rev,NEG_E0,4,3,4,2,"easyBike_reverse1.8,eRickshaw_reverse1.1,eRickshaw_reverse2.1,eRickshaw_reverse4.1","easyBike_reverse1.9,eRickshaw_reverse1.2","95.0,114.0,70.0,85.0","54.0,23.0",80.0,100.0,66.7,0,1
591.0,pa_3,E1,4,3,4,3,"easyBike_forward4.2,easyBike_forward1.3,easyBike_forward2.3,easyBike_forward1.4","eRickshaw_reverse4.0,easyBike_forward2.4,easyBike_forward4.3","235.0,241.0,218.0,191.0","162.0,157.0,154.0",80.0,100.0,100.0,0,0
591.0,pa_3_rev,NEG_E1,4,3,4,3,"easyBike_reverse1.2,easyBike_reverse1.0,eRickshaw_reverse1.0,easyBike_reverse1.1","eRickshaw_reverse2.0,easyBike_reverse1.4,easyBike_reverse1.3","332.0,415.0,311.0,286.0","265.0,254.0,204.0",80.0,100.0,100.0,0,0
591.0,pa_6,E5,5,3,5,1,"easyBike_forward3.4,easyBike_forward3.1,easyBike_forward3.0,easyBike_forward3.3,easyBike_forward3.2",easyBike_forward3.5,"214.0,431.0,504.0,285.0,359.0",142.0,125.0,100.0,33.3,0,2
591.0,pa_6_rev,NEG_E5,5,3,2,0,"eRickshaw_reverse3.2,eRickshaw_reverse3.1",NONE,"75.0,178.0",NONE,50.0,40.0,0.0,3,3
591.0,pa_7,E6,4,2,1,0,easyBike_forward3.6,NONE,17.0,NONE,20.0,25.0,0.0,3,2
591.0,pa_7_rev,NEG_E6,4,2,4,2,"easyBike_reverse3.5,easyBike_reverse2.5,eRickshaw_reverse3.0,easyBike_reverse4.4","easyBike_reverse3.6,easyBike_reverse2.7","234.0,269.0,314.0,254.0","186.0,176.0",80.0,100.0,100.0,0,0
591.0,pa_8,E7,5,3,2,0,"eRickshaw_forward4.1,eRickshaw_forward4.0",NONE,"72.0,255.0",NONE,50.0,40.0,0.0,3,3
591.0,pa_8_rev,NEG_E7,5,3,5,3,"easyBike_reverse2.1,easyBike_reverse3.0,easyBike_reverse3.1,easyBike_reverse2.0,easyBike_reverse4.1","easyBike_reverse4.0,easyBike_reverse2.3,easyBike_reverse3.3","449.0,394.0,443.0,392.0,434.0","388.0,359.0,340.0",125.0,100.0,100.0,0,0
592.0,pa_2,E0,4,3,4,3,"easyBike_forward4.0,easyBike_forward2.0,easyBike_forward1.0,easyBike_forward1.1","easyBike_forward2.1,easyBike_forward4.1,easyBike_forward1.2","494.0,501.0,497.0,449.0","441.0,420.0,397.0",80.0,100.0,100.0,0,0
592.0,pa_2_rev,NEG_E0,4,3,4,2,"easyBike_reverse1.8,eRickshaw_reverse1.1,eRickshaw_reverse2.1,eRickshaw_reverse4.1","easyBike_reverse1.9,eRickshaw_reverse1.2","96.0,115.0,71.0,86.0","55.0,24.0",80.0,100.0,66.7,0,1
592.0,pa_3,E1,4,3,4,3,"easyBike_forward4.2,easyBike_forward1.3,easyBike_forward2.3,easyBike_forward1.4","eRickshaw_reverse4.0,easyBike_forward2.4,easyBike_forward4.3","236.0,242.0,219.0,192.0","163.0,158.0,155.0",80.0,100.0,100.0,0,0
592.0,pa_3_rev,NEG_E1,4,3,4,3,"easyBike_reverse1.2,easyBike_reverse1.0,eRickshaw_reverse1.0,easyBike_reverse1.1","eRickshaw_reverse2.0,easyBike_reverse1.4,easyBike_reverse1.3","333.0,416.0,312.0,287.0","266.0,255.0,205.0",80.0,100.0,100.0,0,0
592.0,pa_6,E5,5,3,5,1,"easyBike_forward3.4,easyBike_forward3.1,easyBike_forward3.0,easyBike_forward3.3,easyBike_forward3.2",easyBike_forward3.5,"215.0,432.0,505.0,286.0,360.0",143.0,125.0,100.0,33.3,0,2
592.0,pa_6_rev,NEG_E5,5,3,2,0,"eRickshaw_reverse3.2,eRickshaw_reverse3.1",NONE,"76.0,179.0",NONE,50.0,40.0,0.0,3,3
592.0,pa_7,E6,4,2,1,0,easyBike_forward3.6,NONE,18.0,NONE,20.0,25.0,0.0,3,2
592.0,pa_7_rev,NEG_E6,4,2,4,2,"easyBike_reverse3.5,easyBike_reverse2.5,eRickshaw_reverse3.0,easyBike_reverse4.4","easyBike_reverse3.6,easyBike_reverse2.7","235.0,270.0,315.0,255.0","187.0,177.0",80.0,100.0,100.0,0,0
592.0,pa_8,E7,5,3,2,0,"eRickshaw_forward4.1,eRickshaw_forward4.0",NONE,"73.0,256.0",NONE,50.0,40.0,0.0,3,3
592.0,pa_8_rev,NEG_E7,5,3,5,3,"easyBike_reverse2.1,easyBike_reverse3.0,easyBike_reverse3.1,easyBike_reverse2.0,easyBike_reverse4.1","easyBike_reverse4.0,easyBike_reverse2.3,easyBike_reverse3.3","450.0,395.0,444.0,393.0,435.0","389.0,360.0,341.0",125.0,100.0,100.0,0,0
593.0,pa_2,E0,4,3,4,3,"easyBike_forward4.0,easyBike_forward2.0,easyBike_forward1.0,easyBike_forward1.1","easyBike_forward2.1,easyBike_forward4.1,easyBike_forward1.2","495.0,502.0,498.0,450.0","442.0,421.0,398.0",80.0,100.0,100.0,0,0
593.0,pa_2_rev,NEG_E0,4,3,4,3,"easyBike_reverse1.8,eRickshaw_reverse1.1,eRickshaw_reverse2.1,eRickshaw_reverse4.1","easyBike_reverse1.9,eRickshaw_reverse1.2,eRickshaw_reverse4.2","97.0,116.0,72.0,87.0","56.0,25.0,0.0",80.0,100.0,100.0,0,0
593.0,pa_3,E1,4,3,4,3,"easyBike_forward4.2,easyBike_forward1.3,easyBike_forward2.3,easyBike_forward1.4","eRickshaw_reverse4.0,easyBike_forward2.4,easyBike_forward4.3","237.0,243.0,220.0,193.0","164.0,159.0,156.0",80.0,100.0,100.0,0,0
593.0,pa_3_rev,NEG_E1,4,3,4,3,"easyBike_reverse1.2,easyBike_reverse1.0,eRickshaw_reverse1.0,easyBike_reverse1.1","eRickshaw_reverse2.0,easyBike_reverse1.4,easyBike_reverse1.3","334.0,417.0,313.0,288.0","267.0,256.0,206.0",80.0,100.0,100.0,0,0
593.0,pa_6,E5,5,3,5,1,"easyBike_forward3.4,easyBike_forward3.1,easyBike_forward3.0,easyBike_forward3.3,easyBike_forward3.2",easyBike_forward3.5,"216.0,433.0,506.0,287.0,361.0",144.0,125.0,100.0,33.3,0,2
593.0,pa_6_rev,NEG_E5,5,3,2,0,"eRickshaw_reverse3.2,eRickshaw_reverse3.1",NONE,"77.0,180.0",NONE,50.0,40.0,0.0,3,3
593.0,pa_7,E6,4,2,1,0,easyBike_forward3.6,NONE,19.0,NONE,20.0,25.0,0.0,3,2
593.0,pa_7_rev,NEG_E6,4,2,4,2,"easyBike_reverse3.5,easyBike_reverse2.5,eRickshaw_reverse3.0,easyBike_reverse4.4","easyBike_reverse3.6,easyBike_reverse2.7","236.0,271.0,316.0,256.0","188.0,178.0",80.0,100.0,100.0,0,0
593.0,pa_8,E7,5,3,2,0,"eRickshaw_forward4.1,eRickshaw_forward4.0",NONE,"74.0,257.0",NONE,50.0,40.0,0.0,3,3
593.0,pa_8_rev,NEG_E7,5,3,5,3,"easyBike_reverse2.1,easyBike_reverse3.0,easyBike_reverse3.1,easyBike_reverse2.0,easyBike_reverse4.1","easyBike_reverse4.0,easyBike_reverse2.3,easyBike_reverse3.3","451.0,396.0,445.0,394.0,436.0","390.0,361.0,342.0",125.0,100.0,100.0,0,0
594.0,pa_2,E0,4,3,4,3,"easyBike_forward4.0,easyBike_forward2.0,easyBike_forward1.0,easyBike_forward1.1","easyBike_forward2.1,easyBike_forward4.1,easyBike_forward1.2","496.0,503.0,499.0,451.0","443.0,422.0,399.0",80.0,100.0,100.0,0,0
594.0,pa_2_rev,NEG_E0,4,3,4,3,"easyBike_reverse1.8,eRickshaw_reverse1.1,eRickshaw_reverse2.1,eRickshaw_reverse4.1","easyBike_reverse1.9,eRickshaw_reverse1.2,eRickshaw_reverse4.2","98.0,117.0,73.0,88.0","57.0,26.0,1.0",80.0,100.0,100.0,0,0
594.0,pa_3,E1,4,3,4,3,"easyBike_forward4.2,easyBike_forward1.3,easyBike_forward2.3,easyBike_forward1.4","eRickshaw_reverse4.0,easyBike_forward2.4,easyBike_forward4.3","238.0,244.0,221.0,194.0","165.0,160.0,157.0",80.0,100.0,100.0,0,0
594.0,pa_3_rev,NEG_E1,4,3,4,3,"easyBike_reverse1.2,easyBike_reverse1.0,eRickshaw_reverse1.0,easyBike_reverse1.1","eRickshaw_reverse2.0,easyBike_reverse1.4,easyBike_reverse1.3","335.0,418.0,314.0,289.0","268.0,257.0,207.0",80.0,100.0,100.0,0,0
594.0,pa_6,E5,5,3,5,1,"easyBike_forward3.4,easyBike_forward3.1,easyBike_forward3.0,easyBike_forward3.3,easyBike_forward3.2",easyBike_forward3.5,"217.0,434.0,507.0,288.0,362.0",145.0,125.0,100.0,33.3,0,2
594.0,pa_6_rev,NEG_E5,5,3,2,0,"eRickshaw_reverse3.2,eRickshaw_reverse3.1",NONE,"78.0,181.0",NONE,50.0,40.0,0.0,3,3
594.0,pa_7,E6,4,2,1,0,easyBike_forward3.6,NONE,20.0,NONE,20.0,25.0,0.0,3,2
594.0,pa_7_rev,NEG_E6,4,2,4,2,"easyBike_reverse3.5,easyBike_reverse2.5,eRickshaw_reverse3.0,easyBike_reverse4.4","easyBike_reverse3.6,easyBike_reverse2.7","237.0,272.0,317.0,257.0","189.0,179.0",80.0,100.0,100.0,0,0
594.0,pa_8,E7,5,3,2,0,"eRickshaw_forward4.1,eRickshaw_forward4.0",NONE,"75.0,258.0",NONE,50.0,40.0,0.0,3,3
594.0,pa_8_rev,NEG_E7,5,3,5,3,"easyBike_reverse2.1,easyBike_reverse3.0,easyBike_reverse3.1,easyBike_reverse2.0,easyBike_reverse4.1","easyBike_reverse4.0,easyBike_reverse2.3,easyBike_reverse3.3","452.0,397.0,446.0,395.0,437.0","391.0,362.0,343.0",125.0,100.0,100.0,0,0
595.0,pa_2,E0,4,3,4,3,"easyBike_forward4.0,easyBike_forward2.0,easyBike_forward1.0,easyBike_forward1.1","easyBike_forward2.1,easyBike_forward4.1,easyBike_forward1.2","497.0,504.0,500.0,452.0","444.0,423.0,400.0",80.0,100.0,100.0,0,0
595.0,pa_2_rev,NEG_E0,4,3,4,3,"easyBike_reverse1.8,eRickshaw_reverse1.1,eRickshaw_reverse2.1,eRickshaw_reverse4.1","easyBike_reverse1.9,eRickshaw_reverse1.2,eRickshaw_reverse4.2","99.0,118.0,74.0,89.0","58.0,27.0,2.0",80.0,100.0,100.0,0,0
595.0,pa_3,E1,4,3,4,3,"easyBike_forward4.2,easyBike_forward1.3,easyBike_forward2.3,easyBike_forward1.4","eRickshaw_reverse4.0,easyBike_forward2.4,easyBike_forward4.3","239.0,245.0,222.0,195.0","166.0,161.0,158.0",80.0,100.0,100.0,0,0
595.0,pa_3_rev,NEG_E1,4,3,4,3,"easyBike_reverse1.2,easyBike_reverse1.0,eRickshaw_reverse1.0,easyBike_reverse1.1","eRickshaw_reverse2.0,easyBike_reverse1.4,easyBike_reverse1.3","336.0,419.0,315.0,290.0","269.0,258.0,208.0",80.0,100.0,100.0,0,0
595.0,pa_6,E5,5,3,5,1,"easyBike_forward3.4,easyBike_forward3.1,easyBike_forward3.0,easyBike_forward3.3,easyBike_forward3.2",easyBike_forward3.5,"218.0,435.0,508.0,289.0,363.0",146.0,125.0,100.0,33.3,0,2
595.0,pa_6_rev,NEG_E5,5,3,2,0,"eRickshaw_reverse3.2,eRickshaw_reverse3.1",NONE,"79.0,182.0",NONE,50.0,40.0,0.0,3,3
595.0,pa_7,E6,4,2,1,0,easyBike_forward3.6,NONE,21.0,NONE,20.0,25.0,0.0,3,2
595.0,pa_7_rev,NEG_E6,4,2,4,2,"easyBike_reverse3.5,easyBike_reverse2.5,eRickshaw_reverse3.0,easyBike_reverse4.4","easyBike_reverse3.6,easyBike_reverse2.7","238.0,273.0,318.0,258.0","190.0,180.0",80.0,100.0,100.0,0,0
595.0,pa_8,E7,5,3,2,0,"eRickshaw_forward4.1,eRickshaw_forward4.0",NONE,"76.0,259.0",NONE,50.0,40.0,0.0,3,3
595.0,pa_8_rev,NEG_E7,5,3,5,3,"easyBike_reverse2.1,easyBike_reverse3.0,easyBike_reverse3.1,easyBike_reverse2.0,easyBike_reverse4.1","easyBike_reverse4.0,easyBike_reverse2.3,easyBike_reverse3.3","453.0,398.0,447.0,396.0,438.0","392.0,363.0,344.0",125.0,100.0,100.0,0,0
596.0,pa_2,E0,4,3,4,3,"easyBike_forward4.0,easyBike_forward2.0,easyBike_forward1.0,easyBike_forward1.1","easyBike_forward2.1,easyBike_forward4.1,easyBike_forward1.2","498.0,505.0,501.0,453.0","445.0,424.0,401.0",80.0,100.0,100.0,0,0
596.0,pa_2_rev,NEG_E0,4,3,4,3,"easyBike_reverse1.8,eRickshaw_reverse1.1,eRickshaw_reverse2.1,eRickshaw_reverse4.1","easyBike_reverse1.9,eRickshaw_reverse1.2,eRickshaw_reverse4.2","100.0,119.0,75.0,90.0","59.0,28.0,3.0",80.0,100.0,100.0,0,0
596.0,pa_3,E1,4,3,4,3,"easyBike_forward4.2,easyBike_forward1.3,easyBike_forward2.3,easyBike_forward1.4","eRickshaw_reverse4.0,easyBike_forward2.4,easyBike_forward4.3","240.0,246.0,223.0,196.0","167.0,162.0,159.0",80.0,100.0,100.0,0,0
596.0,pa_3_rev,NEG_E1,4,3,4,3,"easyBike_reverse1.2,easyBike_reverse1.0,eRickshaw_reverse1.0,easyBike_reverse1.1","eRickshaw_reverse2.0,easyBike_reverse1.4,easyBike_reverse1.3","337.0,420.0,316.0,291.0","270.0,259.0,209.0",80.0,100.0,100.0,0,0
596.0,pa_6,E5,5,3,5,1,"easyBike_forward3.4,easyBike_forward3.1,easyBike_forward3.0,easyBike_forward3.3,easyBike_forward3.2",easyBike_forward3.5,"219.0,436.0,509.0,290.0,364.0",147.0,125.0,100.0,33.3,0,2
596.0,pa_6_rev,NEG_E5,5,3,2,0,"eRickshaw_reverse3.2,eRickshaw_reverse3.1",NONE,"80.0,183.0",NONE,50.0,40.0,0.0,3,3
596.0,pa_7,E6,4,2,1,0,easyBike_forward3.6,NONE,22.0,NONE,20.0,25.0,0.0,3,2
596.0,pa_7_rev,NEG_E6,4,2,4,2,"easyBike_reverse3.5,easyBike_reverse2.5,eRickshaw_reverse3.0,easyBike_reverse4.4","easyBike_reverse3.6,easyBike_reverse2.7","239.0,274.0,319.0,259.0","191.0,181.0",80.0,100.0,100.0,0,0
596.0,pa_8,E7,5,3,2,0,"eRickshaw_forward4.1,eRickshaw_forward4.0",NONE,"77.0,260.0",NONE,50.0,40.0,0.0,3,3
596.0,pa_8_rev,NEG_E7,5,3,5,3,"easyBike_reverse2.1,easyBike_reverse3.0,easyBike_reverse3.1,easyBike_reverse2.0,easyBike_reverse4.1","easyBike_reverse4.0,easyBike_reverse2.3,easyBike_reverse3.3","454.0,399.0,448.0,397.0,439.0","393.0,364.0,345.0",125.0,100.0,100.0,0,0
597.0,pa_2,E0,4,3,4,3,"easyBike_forward4.0,easyBike_forward2.0,easyBike_forward1.0,easyBike_forward1.1","easyBike_forward2.1,easyBike_forward4.1,easyBike_forward1.2","499.0,506.0,502.0,454.0","446.0,425.0,402.0",80.0,100.0,100.0,0,0
597.0,pa_2_rev,NEG_E0,4,3,4,3,"easyBike_reverse1.8,eRickshaw_reverse1.1,eRickshaw_reverse2.1,eRickshaw_reverse4.1","easyBike_reverse1.9,eRickshaw_reverse1.2,eRickshaw_reverse4.2","101.0,120.0,76.0,91.0","60.0,29.0,4.0",80.0,100.0,100.0,0,0
597.0,pa_3,E1,4,3,4,3,"easyBike_forward4.2,easyBike_forward1.3,easyBike_forward2.3,easyBike_forward1.4","eRickshaw_reverse4.0,easyBike_forward2.4,easyBike_forward4.3","241.0,247.0,224.0,197.0","168.0,163.0,160.0",80.0,100.0,100.0,0,0
597.0,pa_3_rev,NEG_E1,4,3,4,3,"easyBike_reverse1.2,easyBike_reverse1.0,eRickshaw_reverse1.0,easyBike_reverse1.1","eRickshaw_reverse2.0,easyBike_reverse1.4,easyBike_reverse1.3","338.0,421.0,317.0,292.0","271.0,260.0,210.0",80.0,100.0,100.0,0,0
597.0,pa_6,E5,5,3,5,1,"easyBike_forward3.4,easyBike_forward3.1,easyBike_forward3.0,easyBike_forward3.3,easyBike_forward3.2",easyBike_forward3.5,"220.0,437.0,510.0,291.0,365.0",148.0,125.0,100.0,33.3,0,2
597.0,pa_6_rev,NEG_E5,5,3,2,0,"eRickshaw_reverse3.2,eRickshaw_reverse3.1",NONE,"81.0,184.0",NONE,50.0,40.0,0.0,3,3
597.0,pa_7,E6,4,2,1,0,easyBike_forward3.6,NONE,23.0,NONE,20.0,25.0,0.0,3,2
597.0,pa_7_rev,NEG_E6,4,2,4,2,"easyBike_reverse3.5,easyBike_reverse2.5,eRickshaw_reverse3.0,easyBike_reverse4.4","easyBike_reverse3.6,easyBike_reverse2.7","240.0,275.0,320.0,260.0","192.0,182.0",80.0,100.0,100.0,0,0
597.0,pa_8,E7,5,3,2,0,"eRickshaw_forward4.1,eRickshaw_forward4.0",NONE,"78.0,261.0",NONE,50.0,40.0,0.0,3,3
597.0,pa_8_rev,NEG_E7,5,3,5,3,"easyBike_reverse2.1,easyBike_reverse3.0,easyBike_reverse3.1,easyBike_reverse2.0,easyBike_reverse4.1","easyBike_reverse4.0,easyBike_reverse2.3,easyBike_reverse3.3","455.0,400.0,449.0,398.0,440.0","394.0,365.0,346.0",125.0,100.0,100.0,0,0
598.0,pa_2,E0,4,3,4,3,"easyBike_forward4.0,easyBike_forward2.0,easyBike_forward1.0,easyBike_forward1.1","easyBike_forward2.1,easyBike_forward4.1,easyBike_forward1.2","500.0,507.0,503.0,455.0","447.0,426.0,403.0",80.0,100.0,100.0,0,0
598.0,pa_2_rev,NEG_E0,4,3,4,3,"easyBike_reverse1.8,eRickshaw_reverse1.1,eRickshaw_reverse2.1,eRickshaw_reverse4.1","easyBike_reverse1.9,eRickshaw_reverse1.2,eRickshaw_reverse4.2","102.0,121.0,77.0,92.0","61.0,30.0,5.0",80.0,100.0,100.0,0,0
598.0,pa_3,E1,4,3,4,3,"easyBike_forward4.2,easyBike_forward1.3,easyBike_forward2.3,easyBike_forward1.4","eRickshaw_reverse4.0,easyBike_forward2.4,easyBike_forward4.3","242.0,248.0,225.0,198.0","169.0,164.0,161.0",80.0,100.0,100.0,0,0
598.0,pa_3_rev,NEG_E1,4,3,4,3,"easyBike_reverse1.2,easyBike_reverse1.0,eRickshaw_reverse1.0,easyBike_reverse1.1","eRickshaw_reverse2.0,easyBike_reverse1.4,easyBike_reverse1.3","339.0,422.0,318.0,293.0","272.0,261.0,211.0",80.0,100.0,100.0,0,0
598.0,pa_6,E5,5,3,5,1,"easyBike_forward3.4,easyBike_forward3.1,easyBike_forward3.0,easyBike_forward3.3,easyBike_forward3.2",easyBike_forward3.5,"221.0,438.0,511.0,292.0,366.0",149.0,125.0,100.0,33.3,0,2
598.0,pa_6_rev,NEG_E5,5,3,2,0,"eRickshaw_reverse3.2,eRickshaw_reverse3.1",NONE,"82.0,185.0",NONE,50.0,40.0,0.0,3,3
598.0,pa_7,E6,4,2,1,0,easyBike_forward3.6,NONE,24.0,NONE,20.0,25.0,0.0,3,2
598.0,pa_7_rev,NEG_E6,4,2,4,2,"easyBike_reverse3.5,easyBike_reverse2.5,eRickshaw_reverse3.0,easyBike_reverse4.4","easyBike_reverse3.6,easyBike_reverse2.7","241.0,276.0,321.0,261.0","193.0,183.0",80.0,100.0,100.0,0,0
598.0,pa_8,E7,5,3,2,0,"eRickshaw_forward4.1,eRickshaw_forward4.0",NONE,"79.0,262.0",NONE,50.0,40.0,0.0,3,3
598.0,pa_8_rev,NEG_E7,5,3,5,3,"easyBike_reverse2.1,easyBike_reverse3.0,easyBike_reverse3.1,easyBike_reverse2.0,easyBike_reverse4.1","easyBike_reverse4.0,easyBike_reverse2.3,easyBike_reverse3.3","456.0,401.0,450.0,399.0,441.0","395.0,366.0,347.0",125.0,100.0,100.0,0,0
599.0,pa_2,E0,4,3,4,3,"easyBike_forward4.0,easyBike_forward2.0,easyBike_forward1.0,easyBike_forward1.1","easyBike_forward2.1,easyBike_forward4.1,easyBike_forward1.2","501.0,508.0,504.0,456.0","448.0,427.0,404.0",80.0,100.0,100.0,0,0
599.0,pa_2_rev,NEG_E0,4,3,4,3,"easyBike_reverse1.8,eRickshaw_reverse1.1,eRickshaw_reverse2.1,eRickshaw_reverse4.1","easyBike_reverse1.9,eRickshaw_reverse1.2,eRickshaw_reverse4.2","103.0,122.0,78.0,93.0","62.0,31.0,6.0",80.0,100.0,100.0,0,0
599.0,pa_3,E1,4,3,4,3,"easyBike_forward4.2,easyBike_forward1.3,easyBike_forward2.3,easyBike_forward1.4","eRickshaw_reverse4.0,easyBike_forward2.4,easyBike_forward4.3","243.0,249.0,226.0,199.0","170.0,165.0,162.0",80.0,100.0,100.0,0,0
599.0,pa_3_rev,NEG_E1,4,3,4,3,"easyBike_reverse1.2,easyBike_reverse1.0,eRickshaw_reverse1.0,easyBike_reverse1.1","eRickshaw_reverse2.0,easyBike_reverse1.4,easyBike_reverse1.3","340.0,423.0,319.0,294.0","273.0,262.0,212.0",80.0,100.0,100.0,0,0
599.0,pa_6,E5,5,3,5,1,"easyBike_forward3.4,easyBike_forward3.1,easyBike_forward3.0,easyBike_forward3.3,easyBike_forward3.2",easyBike_forward3.5,"222.0,439.0,512.0,293.0,367.0",150.0,125.0,100.0,33.3,0,2
599.0,pa_6_rev,NEG_E5,5,3,2,0,"eRickshaw_reverse3.2,eRickshaw_reverse3.1",NONE,"83.0,186.0",NONE,50.0,40.0,0.0,3,3
599.0,pa_7,E6,4,2,1,0,easyBike_forward3.6,NONE,25.0,NONE,20.0,25.0,0.0,3,2
599.0,pa_7_rev,NEG_E6,4,2,4,2,"easyBike_reverse3.5,easyBike_reverse2.5,eRickshaw_reverse3.0,easyBike_reverse4.4","easyBike_reverse3.6,easyBike_reverse2.7","242.0,277.0,322.0,262.0","194.0,184.0",80.0,100.0,100.0,0,0
599.0,pa_8,E7,5,3,2,0,"eRickshaw_forward4.1,eRickshaw_forward4.0",NONE,"80.0,263.0",NONE,50.0,40.0,0.0,3,3
599.0,pa_8_rev,NEG_E7,5,3,5,3,"easyBike_reverse2.1,easyBike_reverse3.0,easyBike_reverse3.1,easyBike_reverse2.0,easyBike_reverse4.1","easyBike_reverse4.0,easyBike_reverse2.3,easyBike_reverse3.3","457.0,402.0,451.0,400.0,442.0","396.0,367.0,348.0",125.0,100.0,100.0,0,0
600.0,pa_2,E0,4,3,4,3,"easyBike_forward4.0,easyBike_forward2.0,easyBike_forward1.0,easyBike_forward1.1","easyBike_forward2.1,easyBike_forward4.1,easyBike_forward1.2","502.0,509.0,505.0,457.0","449.0,428.0,405.0",80.0,100.0,100.0,0,0
600.0,pa_2_rev,NEG_E0,4,3,4,3,"easyBike_reverse1.8,eRickshaw_reverse1.1,eRickshaw_reverse2.1,eRickshaw_reverse4.1","easyBike_reverse1.9,eRickshaw_reverse1.2,eRickshaw_reverse4.2","104.0,123.0,79.0,94.0","63.0,32.0,7.0",80.0,100.0,100.0,0,0
600.0,pa_3,E1,4,3,4,3,"easyBike_forward4.2,easyBike_forward1.3,easyBike_forward2.3,easyBike_forward1.4","eRickshaw_reverse4.0,easyBike_forward2.4,easyBike_forward4.3","244.0,250.0,227.0,200.0","171.0,166.0,163.0",80.0,100.0,100.0,0,0
600.0,pa_3_rev,NEG_E1,4,3,4,3,"easyBike_reverse1.2,easyBike_reverse1.0,eRickshaw_reverse1.0,easyBike_reverse1.1","eRickshaw_reverse2.0,easyBike_reverse1.4,easyBike_reverse1.3","341.0,424.0,320.0,295.0","274.0,263.0,213.0",80.0,100.0,100.0,0,0
600.0,pa_6,E5,5,3,5,1,"easyBike_forward3.4,easyBike_forward3.1,easyBike_forward3.0,easyBike_forward3.3,easyBike_forward3.2",easyBike_forward3.5,"223.0,440.0,513.0,294.0,368.0",151.0,125.0,100.0,33.3,0,2
600.0,pa_6_rev,NEG_E5,5,3,2,0,"eRickshaw_reverse3.2,eRickshaw_reverse3.1",NONE,"84.0,187.0",NONE,50.0,40.0,0.0,3,3
600.0,pa_7,E6,4,2,1,0,easyBike_forward3.6,NONE,26.0,NONE,20.0,25.0,0.0,3,2
600.0,pa_7_rev,NEG_E6,4,2,4,2,"easyBike_reverse3.5,easyBike_reverse2.5,eRickshaw_reverse3.0,easyBike_reverse4.4","easyBike_reverse3.6,easyBike_reverse2.7","243.0,278.0,323.0,263.0","195.0,185.0",80.0,100.0,100.0,0,0
600.0,pa_8,E7,5,3,2,0,"eRickshaw_forward4.1,eRickshaw_forward4.0",NONE,"81.0,264.0",NONE,50.0,40.0,0.0,3,3
600.0,pa_8_rev,NEG_E7,5,3,5,3,"easyBike_reverse2.1,easyBike_reverse3.0,easyBike_reverse3.1,easyBike_reverse2.0,easyBike_reverse4.1","easyBike_reverse4.0,easyBike_reverse2.3,easyBike_reverse3.3","458.0,403.0,452.0,401.0,443.0","397.0,368.0,349.0",125.0,100.0,100.0,0,0
