timestep_sec,vehicle_id,vehicle_type,slot_type,charging_duration_sec,current_soc_percent,power_consumption_kW,waiting_duration_sec
87.0,easyBike_forward3.0,easyBike,charging,0.0,26.05,25.0,
88.0,easyBike_forward3.0,easyBike,charging,1.0,26.05,25.0,
89.0,easyBike_forward3.0,easyBike,charging,2.0,26.05,25.0,
90.0,easyBike_forward3.0,easyBike,charging,3.0,26.05,25.0,
91.0,easyBike_forward3.0,easyBike,charging,4.0,26.05,25.0,
92.0,easyBike_forward3.0,easyBike,charging,5.0,26.05,25.0,
93.0,easyBike_forward3.0,easyBike,charging,6.0,26.05,25.0,
94.0,easyBike_forward3.0,easyBike,charging,7.0,26.05,25.0,
95.0,easyBike_forward3.0,easyBike,charging,8.0,26.05,25.0,
96.0,easyBike_forward3.0,easyBike,charging,9.0,26.05,25.0,
97.0,easyBike_forward3.0,easyBike,charging,10.0,26.05,25.0,
98.0,easyBike_forward3.0,easyBike,charging,11.0,26.05,25.0,
99.0,easyBike_forward3.0,easyBike,charging,12.0,26.05,25.0,
100.0,easyBike_forward3.0,easyBike,charging,13.0,26.05,25.0,
101.0,easyBike_forward3.0,easyBike,charging,14.0,26.05,25.0,
102.0,easyBike_forward3.0,easyBike,charging,15.0,26.05,25.0,
103.0,easyBike_forward3.0,easyBike,charging,16.0,26.05,25.0,
104.0,easyBike_forward3.0,easyBike,charging,17.0,26.05,25.0,
105.0,easyBike_forward3.0,easyBike,charging,18.0,26.05,25.0,
106.0,easyBike_forward3.0,easyBike,charging,19.0,26.05,25.0,
107.0,easyBike_forward3.0,easyBike,charging,20.0,26.05,25.0,
108.0,easyBike_forward3.0,easyBike,charging,21.0,26.05,25.0,
109.0,easyBike_forward3.0,easyBike,charging,22.0,26.05,25.0,
110.0,easyBike_forward3.0,easyBike,charging,23.0,26.05,25.0,
111.0,easyBike_forward3.0,easyBike,charging,24.0,26.05,25.0,
112.0,easyBike_forward3.0,easyBike,charging,25.0,26.05,25.0,
113.0,easyBike_forward3.0,easyBike,charging,26.0,26.05,25.0,
114.0,easyBike_forward3.0,easyBike,charging,27.0,26.05,25.0,
115.0,easyBike_forward3.0,easyBike,charging,28.0,26.05,25.0,
116.0,easyBike_forward3.0,easyBike,charging,29.0,26.05,25.0,
117.0,easyBike_forward3.0,easyBike,charging,30.0,26.05,25.0,
118.0,easyBike_forward3.0,easyBike,charging,31.0,26.05,25.0,
119.0,easyBike_forward3.0,easyBike,charging,32.0,26.05,25.0,
120.0,easyBike_forward3.0,easyBike,charging,33.0,26.05,25.0,
121.0,easyBike_forward3.0,easyBike,charging,34.0,26.05,25.0,
122.0,easyBike_forward3.0,easyBike,charging,35.0,26.05,25.0,
123.0,easyBike_forward3.0,easyBike,charging,36.0,26.05,25.0,
124.0,easyBike_forward3.0,easyBike,charging,37.0,26.05,25.0,
125.0,easyBike_forward3.0,easyBike,charging,38.0,26.05,25.0,
126.0,easyBike_forward3.0,easyBike,charging,39.0,26.05,25.0,
127.0,easyBike_forward3.0,easyBike,charging,40.0,26.05,25.0,
128.0,easyBike_forward3.0,easyBike,charging,41.0,26.05,25.0,
129.0,easyBike_forward3.0,easyBike,charging,42.0,26.05,25.0,
130.0,easyBike_forward3.0,easyBike,charging,43.0,26.05,25.0,
131.0,easyBike_forward3.0,easyBike,charging,44.0,26.05,25.0,
132.0,easyBike_forward3.0,easyBike,charging,45.0,26.05,25.0,
133.0,easyBike_forward3.0,easyBike,charging,46.0,26.05,25.0,
134.0,easyBike_forward3.0,easyBike,charging,47.0,26.05,25.0,
135.0,easyBike_forward3.0,easyBike,charging,48.0,26.05,25.0,
136.0,easyBike_forward3.0,easyBike,charging,49.0,26.05,25.0,
137.0,easyBike_forward3.0,easyBike,charging,50.0,26.05,25.0,
138.0,easyBike_forward3.0,easyBike,charging,51.0,26.05,25.0,
139.0,easyBike_forward3.0,easyBike,charging,52.0,26.05,25.0,
140.0,easyBike_forward3.0,easyBike,charging,53.0,26.05,25.0,
141.0,easyBike_forward3.0,easyBike,charging,54.0,26.05,25.0,
142.0,easyBike_forward3.0,easyBike,charging,55.0,26.05,25.0,
143.0,easyBike_forward3.0,easyBike,charging,56.0,26.05,25.0,
144.0,easyBike_forward3.0,easyBike,charging,57.0,26.05,25.0,
145.0,easyBike_forward3.0,easyBike,charging,58.0,26.05,25.0,
146.0,easyBike_forward3.0,easyBike,charging,59.0,26.05,25.0,
147.0,easyBike_forward3.0,easyBike,charging,60.0,26.05,25.0,
148.0,easyBike_forward3.0,easyBike,charging,61.0,26.05,25.0,
149.0,easyBike_forward3.0,easyBike,charging,62.0,26.05,25.0,
150.0,easyBike_forward3.0,easyBike,charging,63.0,26.05,25.0,
151.0,easyBike_forward3.0,easyBike,charging,64.0,26.05,25.0,
152.0,easyBike_forward3.0,easyBike,charging,65.0,26.05,25.0,
153.0,easyBike_forward3.0,easyBike,charging,66.0,26.05,25.0,
154.0,easyBike_forward3.0,easyBike,charging,67.0,26.05,25.0,
155.0,easyBike_forward3.0,easyBike,charging,68.0,26.05,25.0,
156.0,easyBike_forward3.0,easyBike,charging,69.0,26.05,25.0,
157.0,easyBike_forward3.0,easyBike,charging,70.0,26.05,25.0,
158.0,easyBike_forward3.0,easyBike,charging,71.0,26.05,25.0,
159.0,easyBike_forward3.0,easyBike,charging,72.0,26.05,25.0,
160.0,easyBike_forward3.1,easyBike,charging,0.0,26.05,25.0,
160.0,easyBike_forward3.0,easyBike,charging,73.0,26.05,25.0,
161.0,easyBike_forward3.1,easyBike,charging,1.0,26.05,25.0,
161.0,easyBike_forward3.0,easyBike,charging,74.0,26.05,25.0,
162.0,easyBike_forward3.1,easyBike,charging,2.0,26.05,25.0,
162.0,easyBike_forward3.0,easyBike,charging,75.0,26.05,25.0,
163.0,easyBike_forward3.1,easyBike,charging,3.0,26.05,25.0,
163.0,easyBike_forward3.0,easyBike,charging,76.0,26.05,25.0,
164.0,easyBike_forward3.1,easyBike,charging,4.0,26.05,25.0,
164.0,easyBike_forward3.0,easyBike,charging,77.0,26.05,25.0,
165.0,easyBike_forward3.1,easyBike,charging,5.0,26.05,25.0,
165.0,easyBike_forward3.0,easyBike,charging,78.0,26.05,25.0,
166.0,easyBike_forward3.1,easyBike,charging,6.0,26.05,25.0,
166.0,easyBike_forward3.0,easyBike,charging,79.0,26.05,25.0,
167.0,easyBike_forward3.1,easyBike,charging,7.0,26.05,25.0,
167.0,easyBike_forward3.0,easyBike,charging,80.0,26.05,25.0,
168.0,easyBike_forward3.1,easyBike,charging,8.0,26.05,25.0,
168.0,easyBike_forward3.0,easyBike,charging,81.0,26.05,25.0,
169.0,easyBike_forward3.1,easyBike,charging,9.0,26.05,25.0,
169.0,easyBike_forward3.0,easyBike,charging,82.0,26.05,25.0,
170.0,easyBike_forward3.1,easyBike,charging,10.0,26.05,25.0,
170.0,easyBike_forward3.0,easyBike,charging,83.0,26.05,25.0,
171.0,easyBike_forward3.1,easyBike,charging,11.0,26.05,25.0,
171.0,easyBike_forward3.0,easyBike,charging,84.0,26.05,25.0,
172.0,easyBike_forward3.1,easyBike,charging,12.0,26.05,25.0,
172.0,easyBike_forward3.0,easyBike,charging,85.0,26.05,25.0,
173.0,easyBike_forward3.1,easyBike,charging,13.0,26.05,25.0,
173.0,easyBike_forward3.0,easyBike,charging,86.0,26.05,25.0,
174.0,easyBike_forward3.1,easyBike,charging,14.0,26.05,25.0,
174.0,easyBike_forward3.0,easyBike,charging,87.0,26.05,25.0,
175.0,easyBike_forward3.1,easyBike,charging,15.0,26.05,25.0,
175.0,easyBike_forward3.0,easyBike,charging,88.0,26.05,25.0,
176.0,easyBike_forward3.1,easyBike,charging,16.0,26.05,25.0,
176.0,easyBike_forward3.0,easyBike,charging,89.0,26.05,25.0,
177.0,easyBike_forward3.1,easyBike,charging,17.0,26.05,25.0,
177.0,easyBike_forward3.0,easyBike,charging,90.0,26.05,25.0,
178.0,easyBike_forward3.1,easyBike,charging,18.0,26.05,25.0,
178.0,easyBike_forward3.0,easyBike,charging,91.0,26.05,25.0,
179.0,easyBike_forward3.1,easyBike,charging,19.0,26.05,25.0,
179.0,easyBike_forward3.0,easyBike,charging,92.0,26.05,25.0,
180.0,easyBike_forward3.1,easyBike,charging,20.0,26.05,25.0,
180.0,easyBike_forward3.0,easyBike,charging,93.0,26.05,25.0,
181.0,easyBike_forward3.1,easyBike,charging,21.0,26.05,25.0,
181.0,easyBike_forward3.0,easyBike,charging,94.0,26.05,25.0,
182.0,easyBike_forward3.1,easyBike,charging,22.0,26.05,25.0,
182.0,easyBike_forward3.0,easyBike,charging,95.0,26.05,25.0,
183.0,easyBike_forward3.1,easyBike,charging,23.0,26.05,25.0,
183.0,easyBike_forward3.0,easyBike,charging,96.0,26.05,25.0,
184.0,easyBike_forward3.1,easyBike,charging,24.0,26.05,25.0,
184.0,easyBike_forward3.0,easyBike,charging,97.0,26.05,25.0,
185.0,easyBike_forward3.1,easyBike,charging,25.0,26.05,25.0,
185.0,easyBike_forward3.0,easyBike,charging,98.0,26.05,25.0,
186.0,easyBike_forward3.1,easyBike,charging,26.0,26.05,25.0,
186.0,easyBike_forward3.0,easyBike,charging,99.0,26.05,25.0,
187.0,easyBike_forward3.1,easyBike,charging,27.0,26.05,25.0,
187.0,easyBike_forward3.0,easyBike,charging,100.0,26.05,25.0,
188.0,easyBike_forward3.1,easyBike,charging,28.0,26.05,25.0,
188.0,easyBike_forward3.0,easyBike,charging,101.0,26.05,25.0,
189.0,easyBike_forward3.1,easyBike,charging,29.0,26.05,25.0,
189.0,easyBike_forward3.0,easyBike,charging,102.0,26.05,25.0,
190.0,easyBike_forward3.1,easyBike,charging,30.0,26.05,25.0,
190.0,easyBike_forward3.0,easyBike,charging,103.0,26.05,25.0,
191.0,easyBike_forward3.1,easyBike,charging,31.0,26.05,25.0,
191.0,easyBike_forward3.0,easyBike,charging,104.0,26.05,25.0,
192.0,easyBike_forward3.1,easyBike,charging,32.0,26.05,25.0,
192.0,easyBike_forward3.0,easyBike,charging,105.0,26.05,25.0,
193.0,easyBike_forward3.1,easyBike,charging,33.0,26.05,25.0,
193.0,easyBike_forward3.0,easyBike,charging,106.0,26.05,25.0,
194.0,easyBike_forward3.1,easyBike,charging,34.0,26.05,25.0,
194.0,easyBike_forward3.0,easyBike,charging,107.0,26.05,25.0,
195.0,easyBike_forward3.1,easyBike,charging,35.0,26.05,25.0,
195.0,easyBike_forward3.0,easyBike,charging,108.0,26.05,25.0,
196.0,easyBike_forward3.1,easyBike,charging,36.0,26.05,25.0,
196.0,easyBike_forward3.0,easyBike,charging,109.0,26.05,25.0,
197.0,easyBike_forward3.1,easyBike,charging,37.0,26.05,25.0,
197.0,easyBike_forward3.0,easyBike,charging,110.0,26.05,25.0,
198.0,easyBike_forward3.1,easyBike,charging,38.0,26.05,25.0,
198.0,easyBike_forward3.0,easyBike,charging,111.0,26.05,25.0,
199.0,easyBike_forward3.1,easyBike,charging,39.0,26.05,25.0,
199.0,easyBike_forward3.0,easyBike,charging,112.0,26.05,25.0,
200.0,easyBike_forward3.1,easyBike,charging,40.0,26.05,25.0,
200.0,easyBike_forward3.0,easyBike,charging,113.0,26.05,25.0,
201.0,easyBike_forward3.1,easyBike,charging,41.0,26.05,25.0,
201.0,easyBike_forward3.0,easyBike,charging,114.0,26.05,25.0,
202.0,easyBike_forward3.1,easyBike,charging,42.0,26.05,25.0,
202.0,easyBike_forward3.0,easyBike,charging,115.0,26.05,25.0,
203.0,easyBike_forward3.1,easyBike,charging,43.0,26.05,25.0,
203.0,easyBike_forward3.0,easyBike,charging,116.0,26.05,25.0,
204.0,easyBike_forward3.1,easyBike,charging,44.0,26.05,25.0,
204.0,easyBike_forward3.0,easyBike,charging,117.0,26.05,25.0,
205.0,easyBike_forward3.1,easyBike,charging,45.0,26.05,25.0,
205.0,easyBike_forward3.0,easyBike,charging,118.0,26.05,25.0,
206.0,easyBike_forward3.1,easyBike,charging,46.0,26.05,25.0,
206.0,easyBike_forward3.0,easyBike,charging,119.0,26.05,25.0,
207.0,easyBike_forward3.1,easyBike,charging,47.0,26.05,25.0,
207.0,easyBike_forward3.0,easyBike,charging,120.0,26.05,25.0,
208.0,easyBike_forward3.1,easyBike,charging,48.0,26.05,25.0,
208.0,easyBike_forward3.0,easyBike,charging,121.0,26.05,25.0,
209.0,easyBike_forward3.1,easyBike,charging,49.0,26.05,25.0,
209.0,easyBike_forward3.0,easyBike,charging,122.0,26.05,25.0,
210.0,easyBike_forward3.1,easyBike,charging,50.0,26.05,25.0,
210.0,easyBike_forward3.0,easyBike,charging,123.0,26.05,25.0,
211.0,easyBike_forward3.1,easyBike,charging,51.0,26.05,25.0,
211.0,easyBike_forward3.0,easyBike,charging,124.0,26.05,25.0,
212.0,easyBike_forward3.1,easyBike,charging,52.0,26.05,25.0,
212.0,easyBike_forward3.0,easyBike,charging,125.0,26.05,25.0,
213.0,easyBike_forward3.1,easyBike,charging,53.0,26.05,25.0,
213.0,easyBike_forward3.0,easyBike,charging,126.0,26.05,25.0,
214.0,easyBike_forward3.1,easyBike,charging,54.0,26.05,25.0,
214.0,easyBike_forward3.0,easyBike,charging,127.0,26.05,25.0,
215.0,easyBike_forward3.1,easyBike,charging,55.0,26.05,25.0,
215.0,easyBike_forward3.0,easyBike,charging,128.0,26.05,25.0,
216.0,easyBike_forward3.1,easyBike,charging,56.0,26.05,25.0,
216.0,easyBike_forward3.0,easyBike,charging,129.0,26.05,25.0,
217.0,easyBike_forward3.1,easyBike,charging,57.0,26.05,25.0,
217.0,easyBike_forward3.0,easyBike,charging,130.0,26.05,25.0,
218.0,easyBike_forward3.1,easyBike,charging,58.0,26.05,25.0,
218.0,easyBike_forward3.0,easyBike,charging,131.0,26.05,25.0,
219.0,easyBike_forward3.1,easyBike,charging,59.0,26.05,25.0,
219.0,easyBike_forward3.0,easyBike,charging,132.0,26.05,25.0,
220.0,easyBike_forward3.1,easyBike,charging,60.0,26.05,25.0,
220.0,easyBike_forward3.0,easyBike,charging,133.0,26.05,25.0,
221.0,easyBike_forward3.1,easyBike,charging,61.0,26.05,25.0,
221.0,easyBike_forward3.0,easyBike,charging,134.0,26.05,25.0,
222.0,easyBike_forward3.1,easyBike,charging,62.0,26.05,25.0,
222.0,easyBike_forward3.0,easyBike,charging,135.0,26.05,25.0,
223.0,easyBike_forward3.1,easyBike,charging,63.0,26.05,25.0,
223.0,easyBike_forward3.0,easyBike,charging,136.0,26.05,25.0,
224.0,easyBike_forward3.1,easyBike,charging,64.0,26.05,25.0,
224.0,easyBike_forward3.0,easyBike,charging,137.0,26.05,25.0,
225.0,easyBike_forward3.1,easyBike,charging,65.0,26.05,25.0,
225.0,easyBike_forward3.0,easyBike,charging,138.0,26.05,25.0,
226.0,easyBike_forward3.1,easyBike,charging,66.0,26.05,25.0,
226.0,easyBike_forward3.0,easyBike,charging,139.0,26.05,25.0,
227.0,easyBike_forward3.1,easyBike,charging,67.0,26.05,25.0,
227.0,easyBike_forward3.0,easyBike,charging,140.0,26.05,25.0,
228.0,easyBike_forward3.1,easyBike,charging,68.0,26.05,25.0,
228.0,easyBike_forward3.0,easyBike,charging,141.0,26.05,25.0,
229.0,easyBike_forward3.1,easyBike,charging,69.0,26.05,25.0,
229.0,easyBike_forward3.0,easyBike,charging,142.0,26.05,25.0,
230.0,easyBike_forward3.1,easyBike,charging,70.0,26.05,25.0,
230.0,easyBike_forward3.0,easyBike,charging,143.0,26.05,25.0,
231.0,easyBike_forward3.1,easyBike,charging,71.0,26.05,25.0,
231.0,easyBike_forward3.0,easyBike,charging,144.0,26.05,25.0,
232.0,easyBike_forward3.1,easyBike,charging,72.0,26.05,25.0,
232.0,easyBike_forward3.2,easyBike,charging,0.0,26.05,25.0,
232.0,easyBike_forward3.0,easyBike,charging,145.0,26.05,25.0,
233.0,easyBike_forward3.1,easyBike,charging,73.0,26.05,25.0,
233.0,easyBike_forward3.2,easyBike,charging,1.0,26.05,25.0,
233.0,easyBike_forward3.0,easyBike,charging,146.0,26.05,25.0,
234.0,easyBike_forward3.1,easyBike,charging,74.0,26.05,25.0,
234.0,easyBike_forward3.2,easyBike,charging,2.0,26.05,25.0,
234.0,easyBike_forward3.0,easyBike,charging,147.0,26.05,25.0,
235.0,easyBike_forward3.1,easyBike,charging,75.0,26.05,25.0,
235.0,easyBike_forward3.2,easyBike,charging,3.0,26.05,25.0,
235.0,easyBike_forward3.0,easyBike,charging,148.0,26.05,25.0,
236.0,easyBike_forward3.1,easyBike,charging,76.0,26.05,25.0,
236.0,easyBike_forward3.2,easyBike,charging,4.0,26.05,25.0,
236.0,easyBike_forward3.0,easyBike,charging,149.0,26.05,25.0,
237.0,easyBike_forward3.1,easyBike,charging,77.0,26.05,25.0,
237.0,easyBike_forward3.2,easyBike,charging,5.0,26.05,25.0,
237.0,easyBike_forward3.0,easyBike,charging,150.0,26.05,25.0,
238.0,easyBike_forward3.1,easyBike,charging,78.0,26.05,25.0,
238.0,easyBike_forward3.2,easyBike,charging,6.0,26.05,25.0,
238.0,easyBike_forward3.0,easyBike,charging,151.0,26.05,25.0,
239.0,easyBike_forward3.1,easyBike,charging,79.0,26.05,25.0,
239.0,easyBike_forward3.2,easyBike,charging,7.0,26.05,25.0,
239.0,easyBike_forward3.0,easyBike,charging,152.0,26.05,25.0,
240.0,easyBike_forward3.1,easyBike,charging,80.0,26.05,25.0,
240.0,easyBike_forward3.2,easyBike,charging,8.0,26.05,25.0,
240.0,easyBike_forward3.0,easyBike,charging,153.0,26.05,25.0,
241.0,easyBike_forward3.1,easyBike,charging,81.0,26.05,25.0,
241.0,easyBike_forward3.2,easyBike,charging,9.0,26.05,25.0,
241.0,easyBike_forward3.0,easyBike,charging,154.0,26.05,25.0,
242.0,easyBike_forward3.1,easyBike,charging,82.0,26.05,25.0,
242.0,easyBike_forward3.2,easyBike,charging,10.0,26.05,25.0,
242.0,easyBike_forward3.0,easyBike,charging,155.0,26.05,25.0,
243.0,easyBike_forward3.1,easyBike,charging,83.0,26.05,25.0,
243.0,easyBike_forward3.2,easyBike,charging,11.0,26.05,25.0,
243.0,easyBike_forward3.0,easyBike,charging,156.0,26.05,25.0,
244.0,easyBike_forward3.1,easyBike,charging,84.0,26.05,25.0,
244.0,easyBike_forward3.2,easyBike,charging,12.0,26.05,25.0,
244.0,easyBike_forward3.0,easyBike,charging,157.0,26.05,25.0,
245.0,easyBike_forward3.1,easyBike,charging,85.0,26.05,25.0,
245.0,easyBike_forward3.2,easyBike,charging,13.0,26.05,25.0,
245.0,easyBike_forward3.0,easyBike,charging,158.0,26.05,25.0,
246.0,easyBike_forward3.1,easyBike,charging,86.0,26.05,25.0,
246.0,easyBike_forward3.2,easyBike,charging,14.0,26.05,25.0,
246.0,easyBike_forward3.0,easyBike,charging,159.0,26.05,25.0,
247.0,easyBike_forward3.1,easyBike,charging,87.0,26.05,25.0,
247.0,easyBike_forward3.2,easyBike,charging,15.0,26.05,25.0,
247.0,easyBike_forward3.0,easyBike,charging,160.0,26.05,25.0,
248.0,easyBike_forward3.1,easyBike,charging,88.0,26.05,25.0,
248.0,easyBike_forward3.2,easyBike,charging,16.0,26.05,25.0,
248.0,easyBike_forward3.0,easyBike,charging,161.0,26.05,25.0,
249.0,easyBike_forward3.1,easyBike,charging,89.0,26.05,25.0,
249.0,easyBike_forward3.2,easyBike,charging,17.0,26.05,25.0,
249.0,easyBike_forward3.0,easyBike,charging,162.0,26.05,25.0,
250.0,easyBike_forward3.1,easyBike,charging,90.0,26.05,25.0,
250.0,easyBike_forward3.2,easyBike,charging,18.0,26.05,25.0,
250.0,easyBike_forward3.0,easyBike,charging,163.0,26.05,25.0,
251.0,easyBike_forward3.1,easyBike,charging,91.0,26.05,25.0,
251.0,easyBike_forward3.2,easyBike,charging,19.0,26.05,25.0,
251.0,easyBike_forward3.0,easyBike,charging,164.0,26.05,25.0,
252.0,easyBike_forward3.1,easyBike,charging,92.0,26.05,25.0,
252.0,easyBike_forward3.2,easyBike,charging,20.0,26.05,25.0,
252.0,easyBike_forward3.0,easyBike,charging,165.0,26.05,25.0,
253.0,easyBike_forward3.1,easyBike,charging,93.0,26.05,25.0,
253.0,easyBike_forward3.2,easyBike,charging,21.0,26.05,25.0,
253.0,easyBike_forward3.0,easyBike,charging,166.0,26.05,25.0,
254.0,easyBike_forward3.1,easyBike,charging,94.0,26.05,25.0,
254.0,easyBike_forward3.2,easyBike,charging,22.0,26.05,25.0,
254.0,easyBike_forward3.0,easyBike,charging,167.0,26.05,25.0,
255.0,easyBike_forward3.1,easyBike,charging,95.0,26.05,25.0,
255.0,easyBike_forward3.2,easyBike,charging,23.0,26.05,25.0,
255.0,easyBike_forward3.0,easyBike,charging,168.0,26.05,25.0,
256.0,easyBike_forward3.1,easyBike,charging,96.0,26.05,25.0,
256.0,easyBike_forward3.2,easyBike,charging,24.0,26.05,25.0,
256.0,easyBike_forward3.0,easyBike,charging,169.0,26.05,25.0,
257.0,easyBike_forward3.1,easyBike,charging,97.0,26.05,25.0,
257.0,easyBike_forward3.2,easyBike,charging,25.0,26.05,25.0,
257.0,easyBike_forward3.0,easyBike,charging,170.0,26.05,25.0,
258.0,easyBike_forward3.1,easyBike,charging,98.0,26.05,25.0,
258.0,easyBike_forward3.2,easyBike,charging,26.0,26.05,25.0,
258.0,easyBike_forward3.0,easyBike,charging,171.0,26.05,25.0,
259.0,easyBike_forward3.1,easyBike,charging,99.0,26.05,25.0,
259.0,easyBike_forward3.2,easyBike,charging,27.0,26.05,25.0,
259.0,easyBike_forward3.0,easyBike,charging,172.0,26.05,25.0,
260.0,easyBike_forward3.1,easyBike,charging,100.0,26.05,25.0,
260.0,easyBike_forward3.2,easyBike,charging,28.0,26.05,25.0,
260.0,easyBike_forward3.0,easyBike,charging,173.0,26.05,25.0,
261.0,easyBike_forward3.1,easyBike,charging,101.0,26.05,25.0,
261.0,easyBike_forward3.2,easyBike,charging,29.0,26.05,25.0,
261.0,easyBike_forward3.0,easyBike,charging,174.0,26.05,25.0,
262.0,easyBike_forward3.1,easyBike,charging,102.0,26.05,25.0,
262.0,easyBike_forward3.2,easyBike,charging,30.0,26.05,25.0,
262.0,easyBike_forward3.0,easyBike,charging,175.0,26.05,25.0,
263.0,easyBike_forward3.1,easyBike,charging,103.0,26.05,25.0,
263.0,easyBike_forward3.2,easyBike,charging,31.0,26.05,25.0,
263.0,easyBike_forward3.0,easyBike,charging,176.0,26.05,25.0,
264.0,easyBike_forward3.1,easyBike,charging,104.0,26.05,25.0,
264.0,easyBike_forward3.2,easyBike,charging,32.0,26.05,25.0,
264.0,easyBike_forward3.0,easyBike,charging,177.0,26.05,25.0,
265.0,easyBike_forward3.1,easyBike,charging,105.0,26.05,25.0,
265.0,easyBike_forward3.2,easyBike,charging,33.0,26.05,25.0,
265.0,easyBike_forward3.0,easyBike,charging,178.0,26.05,25.0,
266.0,easyBike_forward3.1,easyBike,charging,106.0,26.05,25.0,
266.0,easyBike_forward3.2,easyBike,charging,34.0,26.05,25.0,
266.0,easyBike_forward3.0,easyBike,charging,179.0,26.05,25.0,
267.0,easyBike_forward3.1,easyBike,charging,107.0,26.05,25.0,
267.0,easyBike_forward3.2,easyBike,charging,35.0,26.05,25.0,
267.0,easyBike_forward3.0,easyBike,charging,180.0,26.05,25.0,
268.0,easyBike_forward3.1,easyBike,charging,108.0,26.05,25.0,
268.0,easyBike_forward3.2,easyBike,charging,36.0,26.05,25.0,
268.0,easyBike_forward3.0,easyBike,charging,181.0,26.05,25.0,
269.0,easyBike_forward3.1,easyBike,charging,109.0,26.05,25.0,
269.0,easyBike_forward3.2,easyBike,charging,37.0,26.05,25.0,
269.0,easyBike_forward3.0,easyBike,charging,182.0,26.05,25.0,
270.0,easyBike_forward3.1,easyBike,charging,110.0,26.05,25.0,
270.0,easyBike_forward3.2,easyBike,charging,38.0,26.05,25.0,
270.0,easyBike_forward3.0,easyBike,charging,183.0,26.05,25.0,
271.0,easyBike_forward3.1,easyBike,charging,111.0,26.05,25.0,
271.0,easyBike_forward3.2,easyBike,charging,39.0,26.05,25.0,
271.0,easyBike_forward3.0,easyBike,charging,184.0,26.05,25.0,
272.0,easyBike_forward3.1,easyBike,charging,112.0,26.05,25.0,
272.0,easyBike_forward3.2,easyBike,charging,40.0,26.05,25.0,
272.0,easyBike_forward3.0,easyBike,charging,185.0,26.05,25.0,
273.0,easyBike_forward3.1,easyBike,charging,113.0,26.05,25.0,
273.0,easyBike_forward3.2,easyBike,charging,41.0,26.05,25.0,
273.0,easyBike_forward3.0,easyBike,charging,186.0,26.05,25.0,
274.0,easyBike_forward3.1,easyBike,charging,114.0,26.05,25.0,
274.0,easyBike_forward3.2,easyBike,charging,42.0,26.05,25.0,
274.0,easyBike_forward3.0,easyBike,charging,187.0,26.05,25.0,
275.0,easyBike_forward3.1,easyBike,charging,115.0,26.05,25.0,
275.0,easyBike_forward3.2,easyBike,charging,43.0,26.05,25.0,
275.0,easyBike_forward3.0,easyBike,charging,188.0,26.05,25.0,
276.0,easyBike_forward3.1,easyBike,charging,116.0,26.05,25.0,
276.0,easyBike_forward3.2,easyBike,charging,44.0,26.05,25.0,
276.0,easyBike_forward3.0,easyBike,charging,189.0,26.05,25.0,
277.0,easyBike_forward3.1,easyBike,charging,117.0,26.05,25.0,
277.0,easyBike_forward3.2,easyBike,charging,45.0,26.05,25.0,
277.0,easyBike_forward3.0,easyBike,charging,190.0,26.05,25.0,
278.0,easyBike_forward3.1,easyBike,charging,118.0,26.05,25.0,
278.0,easyBike_forward3.2,easyBike,charging,46.0,26.05,25.0,
278.0,easyBike_forward3.0,easyBike,charging,191.0,26.05,25.0,
279.0,easyBike_forward3.1,easyBike,charging,119.0,26.05,25.0,
279.0,easyBike_forward3.2,easyBike,charging,47.0,26.05,25.0,
279.0,easyBike_forward3.0,easyBike,charging,192.0,26.05,25.0,
280.0,easyBike_forward3.1,easyBike,charging,120.0,26.05,25.0,
280.0,easyBike_forward3.2,easyBike,charging,48.0,26.05,25.0,
280.0,easyBike_forward3.0,easyBike,charging,193.0,26.05,25.0,
281.0,easyBike_forward3.1,easyBike,charging,121.0,26.05,25.0,
281.0,easyBike_forward3.2,easyBike,charging,49.0,26.05,25.0,
281.0,easyBike_forward3.0,easyBike,charging,194.0,26.05,25.0,
282.0,easyBike_forward3.1,easyBike,charging,122.0,26.05,25.0,
282.0,easyBike_forward3.2,easyBike,charging,50.0,26.05,25.0,
282.0,easyBike_forward3.0,easyBike,charging,195.0,26.05,25.0,
283.0,easyBike_forward3.1,easyBike,charging,123.0,26.05,25.0,
283.0,easyBike_forward3.2,easyBike,charging,51.0,26.05,25.0,
283.0,easyBike_forward3.0,easyBike,charging,196.0,26.05,25.0,
284.0,easyBike_forward3.1,easyBike,charging,124.0,26.05,25.0,
284.0,easyBike_forward3.2,easyBike,charging,52.0,26.05,25.0,
284.0,easyBike_forward3.0,easyBike,charging,197.0,26.05,25.0,
285.0,easyBike_forward3.1,easyBike,charging,125.0,26.05,25.0,
285.0,easyBike_forward3.2,easyBike,charging,53.0,26.05,25.0,
285.0,easyBike_forward3.0,easyBike,charging,198.0,26.05,25.0,
286.0,easyBike_forward3.1,easyBike,charging,126.0,26.05,25.0,
286.0,easyBike_forward3.2,easyBike,charging,54.0,26.05,25.0,
286.0,easyBike_forward3.0,easyBike,charging,199.0,26.05,25.0,
287.0,easyBike_forward3.1,easyBike,charging,127.0,26.05,25.0,
287.0,easyBike_forward3.2,easyBike,charging,55.0,26.05,25.0,
287.0,easyBike_forward3.0,easyBike,charging,200.0,26.05,25.0,
288.0,easyBike_forward3.1,easyBike,charging,128.0,26.05,25.0,
288.0,easyBike_forward3.2,easyBike,charging,56.0,26.05,25.0,
288.0,easyBike_forward3.0,easyBike,charging,201.0,26.05,25.0,
289.0,easyBike_forward3.1,easyBike,charging,129.0,26.05,25.0,
289.0,easyBike_forward3.2,easyBike,charging,57.0,26.05,25.0,
289.0,easyBike_forward3.0,easyBike,charging,202.0,26.05,25.0,
290.0,easyBike_forward3.1,easyBike,charging,130.0,26.05,25.0,
290.0,easyBike_forward3.2,easyBike,charging,58.0,26.05,25.0,
290.0,easyBike_forward3.0,easyBike,charging,203.0,26.05,25.0,
291.0,easyBike_forward3.1,easyBike,charging,131.0,26.05,25.0,
291.0,easyBike_forward3.2,easyBike,charging,59.0,26.05,25.0,
291.0,easyBike_forward3.0,easyBike,charging,204.0,26.05,25.0,
292.0,easyBike_forward3.1,easyBike,charging,132.0,26.05,25.0,
292.0,easyBike_forward3.2,easyBike,charging,60.0,26.05,25.0,
292.0,easyBike_forward3.0,easyBike,charging,205.0,26.05,25.0,
293.0,easyBike_forward3.1,easyBike,charging,133.0,26.05,25.0,
293.0,easyBike_forward3.2,easyBike,charging,61.0,26.05,25.0,
293.0,easyBike_forward3.0,easyBike,charging,206.0,26.05,25.0,
294.0,easyBike_forward3.1,easyBike,charging,134.0,26.05,25.0,
294.0,easyBike_forward3.2,easyBike,charging,62.0,26.05,25.0,
294.0,easyBike_forward3.0,easyBike,charging,207.0,26.05,25.0,
295.0,easyBike_forward3.1,easyBike,charging,135.0,26.05,25.0,
295.0,easyBike_forward3.2,easyBike,charging,63.0,26.05,25.0,
295.0,easyBike_forward3.0,easyBike,charging,208.0,26.05,25.0,
296.0,easyBike_forward3.1,easyBike,charging,136.0,26.05,25.0,
296.0,easyBike_forward3.2,easyBike,charging,64.0,26.05,25.0,
296.0,easyBike_forward3.0,easyBike,charging,209.0,26.05,25.0,
297.0,easyBike_forward3.1,easyBike,charging,137.0,26.05,25.0,
297.0,easyBike_forward3.2,easyBike,charging,65.0,26.05,25.0,
297.0,easyBike_forward3.0,easyBike,charging,210.0,26.05,25.0,
298.0,easyBike_forward3.1,easyBike,charging,138.0,26.05,25.0,
298.0,easyBike_forward3.2,easyBike,charging,66.0,26.05,25.0,
298.0,easyBike_forward3.0,easyBike,charging,211.0,26.05,25.0,
299.0,easyBike_forward3.1,easyBike,charging,139.0,26.05,25.0,
299.0,easyBike_forward3.2,easyBike,charging,67.0,26.05,25.0,
299.0,easyBike_forward3.0,easyBike,charging,212.0,26.05,25.0,
300.0,easyBike_forward3.1,easyBike,charging,140.0,26.05,25.0,
300.0,easyBike_forward3.2,easyBike,charging,68.0,26.05,25.0,
300.0,easyBike_forward3.0,easyBike,charging,213.0,26.05,25.0,
301.0,easyBike_forward3.1,easyBike,charging,141.0,26.05,25.0,
301.0,easyBike_forward3.2,easyBike,charging,69.0,26.05,25.0,
301.0,easyBike_forward3.0,easyBike,charging,214.0,26.05,25.0,
302.0,easyBike_forward3.1,easyBike,charging,142.0,26.05,25.0,
302.0,easyBike_forward3.2,easyBike,charging,70.0,26.05,25.0,
302.0,easyBike_forward3.0,easyBike,charging,215.0,26.05,25.0,
303.0,easyBike_forward3.1,easyBike,charging,143.0,26.05,25.0,
303.0,easyBike_forward3.2,easyBike,charging,71.0,26.05,25.0,
303.0,easyBike_forward3.0,easyBike,charging,216.0,26.05,25.0,
304.0,easyBike_forward3.1,easyBike,charging,144.0,26.05,25.0,
304.0,easyBike_forward3.2,easyBike,charging,72.0,26.05,25.0,
304.0,easyBike_forward3.0,easyBike,charging,217.0,26.05,25.0,
305.0,easyBike_forward3.1,easyBike,charging,145.0,26.05,25.0,
305.0,easyBike_forward3.2,easyBike,charging,73.0,26.05,25.0,
305.0,easyBike_forward3.0,easyBike,charging,218.0,26.05,25.0,
306.0,easyBike_forward3.1,easyBike,charging,146.0,26.05,25.0,
306.0,easyBike_forward3.2,easyBike,charging,74.0,26.05,25.0,
306.0,easyBike_forward3.0,easyBike,charging,219.0,26.05,25.0,
306.0,easyBike_forward3.3,easyBike,charging,0.0,26.04,25.0,
307.0,easyBike_forward3.1,easyBike,charging,147.0,26.05,25.0,
307.0,easyBike_forward3.2,easyBike,charging,75.0,26.05,25.0,
307.0,easyBike_forward3.0,easyBike,charging,220.0,26.05,25.0,
307.0,easyBike_forward3.3,easyBike,charging,1.0,26.04,25.0,
308.0,easyBike_forward3.1,easyBike,charging,148.0,26.05,25.0,
308.0,easyBike_forward3.2,easyBike,charging,76.0,26.05,25.0,
308.0,easyBike_forward3.0,easyBike,charging,221.0,26.05,25.0,
308.0,easyBike_forward3.3,easyBike,charging,2.0,26.04,25.0,
309.0,easyBike_forward3.1,easyBike,charging,149.0,26.05,25.0,
309.0,easyBike_forward3.2,easyBike,charging,77.0,26.05,25.0,
309.0,easyBike_forward3.0,easyBike,charging,222.0,26.05,25.0,
309.0,easyBike_forward3.3,easyBike,charging,3.0,26.04,25.0,
310.0,easyBike_forward3.1,easyBike,charging,150.0,26.05,25.0,
310.0,easyBike_forward3.2,easyBike,charging,78.0,26.05,25.0,
310.0,easyBike_forward3.0,easyBike,charging,223.0,26.05,25.0,
310.0,easyBike_forward3.3,easyBike,charging,4.0,26.04,25.0,
311.0,easyBike_forward3.1,easyBike,charging,151.0,26.05,25.0,
311.0,easyBike_forward3.2,easyBike,charging,79.0,26.05,25.0,
311.0,easyBike_forward3.0,easyBike,charging,224.0,26.05,25.0,
311.0,easyBike_forward3.3,easyBike,charging,5.0,26.04,25.0,
312.0,easyBike_forward3.1,easyBike,charging,152.0,26.05,25.0,
312.0,easyBike_forward3.2,easyBike,charging,80.0,26.05,25.0,
312.0,easyBike_forward3.0,easyBike,charging,225.0,26.05,25.0,
312.0,easyBike_forward3.3,easyBike,charging,6.0,26.04,25.0,
313.0,easyBike_forward3.1,easyBike,charging,153.0,26.05,25.0,
313.0,easyBike_forward3.2,easyBike,charging,81.0,26.05,25.0,
313.0,easyBike_forward3.0,easyBike,charging,226.0,26.05,25.0,
313.0,easyBike_forward3.3,easyBike,charging,7.0,26.04,25.0,
314.0,easyBike_forward3.1,easyBike,charging,154.0,26.05,25.0,
314.0,easyBike_forward3.2,easyBike,charging,82.0,26.05,25.0,
314.0,easyBike_forward3.0,easyBike,charging,227.0,26.05,25.0,
314.0,easyBike_forward3.3,easyBike,charging,8.0,26.04,25.0,
315.0,easyBike_forward3.1,easyBike,charging,155.0,26.05,25.0,
315.0,easyBike_forward3.2,easyBike,charging,83.0,26.05,25.0,
315.0,easyBike_forward3.0,easyBike,charging,228.0,26.05,25.0,
315.0,easyBike_forward3.3,easyBike,charging,9.0,26.04,25.0,
316.0,easyBike_forward3.1,easyBike,charging,156.0,26.05,25.0,
316.0,easyBike_forward3.2,easyBike,charging,84.0,26.05,25.0,
316.0,easyBike_forward3.0,easyBike,charging,229.0,26.05,25.0,
316.0,easyBike_forward3.3,easyBike,charging,10.0,26.04,25.0,
317.0,easyBike_forward3.1,easyBike,charging,157.0,26.05,25.0,
317.0,easyBike_forward3.2,easyBike,charging,85.0,26.05,25.0,
317.0,easyBike_forward3.0,easyBike,charging,230.0,26.05,25.0,
317.0,easyBike_forward3.3,easyBike,charging,11.0,26.04,25.0,
318.0,easyBike_forward3.1,easyBike,charging,158.0,26.05,25.0,
318.0,easyBike_forward3.2,easyBike,charging,86.0,26.05,25.0,
318.0,easyBike_forward3.0,easyBike,charging,231.0,26.05,25.0,
318.0,easyBike_forward3.3,easyBike,charging,12.0,26.04,25.0,
319.0,easyBike_forward3.1,easyBike,charging,159.0,26.05,25.0,
319.0,easyBike_forward3.2,easyBike,charging,87.0,26.05,25.0,
319.0,easyBike_forward3.0,easyBike,charging,232.0,26.05,25.0,
319.0,easyBike_forward3.3,easyBike,charging,13.0,26.04,25.0,
320.0,easyBike_forward3.1,easyBike,charging,160.0,26.05,25.0,
320.0,easyBike_forward3.2,easyBike,charging,88.0,26.05,25.0,
320.0,easyBike_forward3.0,easyBike,charging,233.0,26.05,25.0,
320.0,easyBike_forward3.3,easyBike,charging,14.0,26.04,25.0,
321.0,easyBike_forward3.1,easyBike,charging,161.0,26.05,25.0,
321.0,easyBike_forward3.2,easyBike,charging,89.0,26.05,25.0,
321.0,easyBike_forward3.0,easyBike,charging,234.0,26.05,25.0,
321.0,easyBike_forward3.3,easyBike,charging,15.0,26.04,25.0,
322.0,easyBike_forward3.1,easyBike,charging,162.0,26.05,25.0,
322.0,easyBike_forward3.2,easyBike,charging,90.0,26.05,25.0,
322.0,easyBike_forward3.0,easyBike,charging,235.0,26.05,25.0,
322.0,easyBike_forward3.3,easyBike,charging,16.0,26.04,25.0,
323.0,easyBike_forward3.1,easyBike,charging,163.0,26.05,25.0,
323.0,easyBike_forward3.2,easyBike,charging,91.0,26.05,25.0,
323.0,easyBike_forward3.0,easyBike,charging,236.0,26.05,25.0,
323.0,easyBike_forward3.3,easyBike,charging,17.0,26.04,25.0,
324.0,easyBike_forward3.1,easyBike,charging,164.0,26.05,25.0,
324.0,easyBike_forward3.2,easyBike,charging,92.0,26.05,25.0,
324.0,easyBike_forward3.0,easyBike,charging,237.0,26.05,25.0,
324.0,easyBike_forward3.3,easyBike,charging,18.0,26.04,25.0,
325.0,easyBike_forward3.1,easyBike,charging,165.0,26.05,25.0,
325.0,easyBike_forward3.2,easyBike,charging,93.0,26.05,25.0,
325.0,easyBike_forward3.0,easyBike,charging,238.0,26.05,25.0,
325.0,easyBike_forward3.3,easyBike,charging,19.0,26.04,25.0,
326.0,easyBike_forward3.1,easyBike,charging,166.0,26.05,25.0,
326.0,easyBike_forward3.2,easyBike,charging,94.0,26.05,25.0,
326.0,easyBike_forward3.0,easyBike,charging,239.0,26.05,25.0,
326.0,easyBike_forward3.3,easyBike,charging,20.0,26.04,25.0,
327.0,easyBike_forward3.1,easyBike,charging,167.0,26.05,25.0,
327.0,easyBike_forward3.2,easyBike,charging,95.0,26.05,25.0,
327.0,easyBike_forward3.0,easyBike,charging,240.0,26.05,25.0,
327.0,easyBike_forward3.3,easyBike,charging,21.0,26.04,25.0,
328.0,easyBike_forward3.1,easyBike,charging,168.0,26.05,25.0,
328.0,easyBike_forward3.2,easyBike,charging,96.0,26.05,25.0,
328.0,easyBike_forward3.0,easyBike,charging,241.0,26.05,25.0,
328.0,easyBike_forward3.3,easyBike,charging,22.0,26.04,25.0,
329.0,easyBike_forward3.1,easyBike,charging,169.0,26.05,25.0,
329.0,easyBike_forward3.2,easyBike,charging,97.0,26.05,25.0,
329.0,easyBike_forward3.0,easyBike,charging,242.0,26.05,25.0,
329.0,easyBike_forward3.3,easyBike,charging,23.0,26.04,25.0,
330.0,easyBike_forward3.1,easyBike,charging,170.0,26.05,25.0,
330.0,easyBike_forward3.2,easyBike,charging,98.0,26.05,25.0,
330.0,easyBike_forward3.0,easyBike,charging,243.0,26.05,25.0,
330.0,easyBike_forward3.3,easyBike,charging,24.0,26.04,25.0,
331.0,easyBike_forward3.1,easyBike,charging,171.0,26.05,25.0,
331.0,easyBike_forward3.2,easyBike,charging,99.0,26.05,25.0,
331.0,easyBike_forward3.0,easyBike,charging,244.0,26.05,25.0,
331.0,easyBike_forward3.3,easyBike,charging,25.0,26.04,25.0,
332.0,easyBike_forward3.1,easyBike,charging,172.0,26.05,25.0,
332.0,easyBike_forward3.2,easyBike,charging,100.0,26.05,25.0,
332.0,easyBike_forward3.0,easyBike,charging,245.0,26.05,25.0,
332.0,easyBike_forward3.3,easyBike,charging,26.0,26.04,25.0,
333.0,easyBike_forward3.1,easyBike,charging,173.0,26.05,25.0,
333.0,easyBike_forward3.2,easyBike,charging,101.0,26.05,25.0,
333.0,easyBike_forward3.0,easyBike,charging,246.0,26.05,25.0,
333.0,easyBike_forward3.3,easyBike,charging,27.0,26.04,25.0,
334.0,easyBike_forward3.1,easyBike,charging,174.0,26.05,25.0,
334.0,easyBike_forward3.2,easyBike,charging,102.0,26.05,25.0,
334.0,easyBike_forward3.0,easyBike,charging,247.0,26.05,25.0,
334.0,easyBike_forward3.3,easyBike,charging,28.0,26.04,25.0,
335.0,easyBike_forward3.1,easyBike,charging,175.0,26.05,25.0,
335.0,easyBike_forward3.2,easyBike,charging,103.0,26.05,25.0,
335.0,easyBike_forward3.0,easyBike,charging,248.0,26.05,25.0,
335.0,easyBike_forward3.3,easyBike,charging,29.0,26.04,25.0,
336.0,easyBike_forward3.1,easyBike,charging,176.0,26.05,25.0,
336.0,easyBike_forward3.2,easyBike,charging,104.0,26.05,25.0,
336.0,easyBike_forward3.0,easyBike,charging,249.0,26.05,25.0,
336.0,easyBike_forward3.3,easyBike,charging,30.0,26.04,25.0,
337.0,easyBike_forward3.1,easyBike,charging,177.0,26.05,25.0,
337.0,easyBike_forward3.2,easyBike,charging,105.0,26.05,25.0,
337.0,easyBike_forward3.0,easyBike,charging,250.0,26.05,25.0,
337.0,easyBike_forward3.3,easyBike,charging,31.0,26.04,25.0,
338.0,easyBike_forward3.1,easyBike,charging,178.0,26.05,25.0,
338.0,easyBike_forward3.2,easyBike,charging,106.0,26.05,25.0,
338.0,easyBike_forward3.0,easyBike,charging,251.0,26.05,25.0,
338.0,easyBike_forward3.3,easyBike,charging,32.0,26.04,25.0,
339.0,easyBike_forward3.1,easyBike,charging,179.0,26.05,25.0,
339.0,easyBike_forward3.2,easyBike,charging,107.0,26.05,25.0,
339.0,easyBike_forward3.0,easyBike,charging,252.0,26.05,25.0,
339.0,easyBike_forward3.3,easyBike,charging,33.0,26.04,25.0,
340.0,easyBike_forward3.1,easyBike,charging,180.0,26.05,25.0,
340.0,easyBike_forward3.2,easyBike,charging,108.0,26.05,25.0,
340.0,easyBike_forward3.0,easyBike,charging,253.0,26.05,25.0,
340.0,easyBike_forward3.3,easyBike,charging,34.0,26.04,25.0,
341.0,easyBike_forward3.1,easyBike,charging,181.0,26.05,25.0,
341.0,easyBike_forward3.2,easyBike,charging,109.0,26.05,25.0,
341.0,easyBike_forward3.0,easyBike,charging,254.0,26.05,25.0,
341.0,easyBike_forward3.3,easyBike,charging,35.0,26.04,25.0,
342.0,easyBike_forward3.1,easyBike,charging,182.0,26.05,25.0,
342.0,easyBike_forward3.2,easyBike,charging,110.0,26.05,25.0,
342.0,easyBike_forward3.0,easyBike,charging,255.0,26.05,25.0,
342.0,easyBike_forward3.3,easyBike,charging,36.0,26.04,25.0,
343.0,easyBike_forward3.1,easyBike,charging,183.0,26.05,25.0,
343.0,easyBike_forward3.2,easyBike,charging,111.0,26.05,25.0,
343.0,easyBike_forward3.0,easyBike,charging,256.0,26.05,25.0,
343.0,easyBike_forward3.3,easyBike,charging,37.0,26.04,25.0,
344.0,easyBike_forward3.1,easyBike,charging,184.0,26.05,25.0,
344.0,easyBike_forward3.2,easyBike,charging,112.0,26.05,25.0,
344.0,easyBike_forward3.0,easyBike,charging,257.0,26.05,25.0,
344.0,easyBike_forward3.3,easyBike,charging,38.0,26.04,25.0,
345.0,easyBike_forward3.1,easyBike,charging,185.0,26.05,25.0,
345.0,easyBike_forward3.2,easyBike,charging,113.0,26.05,25.0,
345.0,easyBike_forward3.0,easyBike,charging,258.0,26.05,25.0,
345.0,easyBike_forward3.3,easyBike,charging,39.0,26.04,25.0,
346.0,easyBike_forward3.1,easyBike,charging,186.0,26.05,25.0,
346.0,easyBike_forward3.2,easyBike,charging,114.0,26.05,25.0,
346.0,easyBike_forward3.0,easyBike,charging,259.0,26.05,25.0,
346.0,easyBike_forward3.3,easyBike,charging,40.0,26.04,25.0,
347.0,easyBike_forward3.1,easyBike,charging,187.0,26.05,25.0,
347.0,easyBike_forward3.2,easyBike,charging,115.0,26.05,25.0,
347.0,easyBike_forward3.0,easyBike,charging,260.0,26.05,25.0,
347.0,easyBike_forward3.3,easyBike,charging,41.0,26.04,25.0,
348.0,easyBike_forward3.1,easyBike,charging,188.0,26.05,25.0,
348.0,easyBike_forward3.2,easyBike,charging,116.0,26.05,25.0,
348.0,easyBike_forward3.0,easyBike,charging,261.0,26.05,25.0,
348.0,easyBike_forward3.3,easyBike,charging,42.0,26.04,25.0,
349.0,easyBike_forward3.1,easyBike,charging,189.0,26.05,25.0,
349.0,easyBike_forward3.2,easyBike,charging,117.0,26.05,25.0,
349.0,easyBike_forward3.0,easyBike,charging,262.0,26.05,25.0,
349.0,easyBike_forward3.3,easyBike,charging,43.0,26.04,25.0,
350.0,easyBike_forward3.1,easyBike,charging,190.0,26.05,25.0,
350.0,easyBike_forward3.2,easyBike,charging,118.0,26.05,25.0,
350.0,easyBike_forward3.0,easyBike,charging,263.0,26.05,25.0,
350.0,easyBike_forward3.3,easyBike,charging,44.0,26.04,25.0,
351.0,easyBike_forward3.1,easyBike,charging,191.0,26.05,25.0,
351.0,easyBike_forward3.2,easyBike,charging,119.0,26.05,25.0,
351.0,easyBike_forward3.0,easyBike,charging,264.0,26.05,25.0,
351.0,easyBike_forward3.3,easyBike,charging,45.0,26.04,25.0,
352.0,easyBike_forward3.1,easyBike,charging,192.0,26.05,25.0,
352.0,easyBike_forward3.2,easyBike,charging,120.0,26.05,25.0,
352.0,easyBike_forward3.0,easyBike,charging,265.0,26.05,25.0,
352.0,easyBike_forward3.3,easyBike,charging,46.0,26.04,25.0,
353.0,easyBike_forward3.1,easyBike,charging,193.0,26.05,25.0,
353.0,easyBike_forward3.2,easyBike,charging,121.0,26.05,25.0,
353.0,easyBike_forward3.0,easyBike,charging,266.0,26.05,25.0,
353.0,easyBike_forward3.3,easyBike,charging,47.0,26.04,25.0,
354.0,easyBike_forward3.1,easyBike,charging,194.0,26.05,25.0,
354.0,easyBike_forward3.2,easyBike,charging,122.0,26.05,25.0,
354.0,easyBike_forward3.0,easyBike,charging,267.0,26.05,25.0,
354.0,easyBike_forward3.3,easyBike,charging,48.0,26.04,25.0,
355.0,easyBike_forward3.1,easyBike,charging,195.0,26.05,25.0,
355.0,easyBike_forward3.2,easyBike,charging,123.0,26.05,25.0,
355.0,easyBike_forward3.0,easyBike,charging,268.0,26.05,25.0,
355.0,easyBike_forward3.3,easyBike,charging,49.0,26.04,25.0,
356.0,easyBike_forward3.1,easyBike,charging,196.0,26.05,25.0,
356.0,easyBike_forward3.2,easyBike,charging,124.0,26.05,25.0,
356.0,easyBike_forward3.0,easyBike,charging,269.0,26.05,25.0,
356.0,easyBike_forward3.3,easyBike,charging,50.0,26.04,25.0,
357.0,easyBike_forward3.1,easyBike,charging,197.0,26.05,25.0,
357.0,easyBike_forward3.2,easyBike,charging,125.0,26.05,25.0,
357.0,easyBike_forward3.0,easyBike,charging,270.0,26.05,25.0,
357.0,easyBike_forward3.3,easyBike,charging,51.0,26.04,25.0,
358.0,easyBike_forward3.1,easyBike,charging,198.0,26.05,25.0,
358.0,easyBike_forward3.2,easyBike,charging,126.0,26.05,25.0,
358.0,easyBike_forward3.0,easyBike,charging,271.0,26.05,25.0,
358.0,easyBike_forward3.3,easyBike,charging,52.0,26.04,25.0,
359.0,easyBike_forward3.1,easyBike,charging,199.0,26.05,25.0,
359.0,easyBike_forward3.2,easyBike,charging,127.0,26.05,25.0,
359.0,easyBike_forward3.0,easyBike,charging,272.0,26.05,25.0,
359.0,easyBike_forward3.3,easyBike,charging,53.0,26.04,25.0,
360.0,easyBike_forward3.1,easyBike,charging,200.0,26.05,25.0,
360.0,easyBike_forward3.2,easyBike,charging,128.0,26.05,25.0,
360.0,easyBike_forward3.0,easyBike,charging,273.0,26.05,25.0,
360.0,easyBike_forward3.3,easyBike,charging,54.0,26.04,25.0,
361.0,easyBike_forward3.1,easyBike,charging,201.0,26.05,25.0,
361.0,easyBike_forward3.2,easyBike,charging,129.0,26.05,25.0,
361.0,easyBike_forward3.0,easyBike,charging,274.0,26.05,25.0,
361.0,easyBike_forward3.3,easyBike,charging,55.0,26.04,25.0,
362.0,easyBike_forward3.1,easyBike,charging,202.0,26.05,25.0,
362.0,easyBike_forward3.2,easyBike,charging,130.0,26.05,25.0,
362.0,easyBike_forward3.0,easyBike,charging,275.0,26.05,25.0,
362.0,easyBike_forward3.3,easyBike,charging,56.0,26.04,25.0,
363.0,easyBike_forward3.1,easyBike,charging,203.0,26.05,25.0,
363.0,easyBike_forward3.2,easyBike,charging,131.0,26.05,25.0,
363.0,easyBike_forward3.0,easyBike,charging,276.0,26.05,25.0,
363.0,easyBike_forward3.3,easyBike,charging,57.0,26.04,25.0,
364.0,easyBike_forward3.1,easyBike,charging,204.0,26.05,25.0,
364.0,easyBike_forward3.2,easyBike,charging,132.0,26.05,25.0,
364.0,easyBike_forward3.0,easyBike,charging,277.0,26.05,25.0,
364.0,easyBike_forward3.3,easyBike,charging,58.0,26.04,25.0,
365.0,easyBike_forward3.1,easyBike,charging,205.0,26.05,25.0,
365.0,easyBike_forward3.2,easyBike,charging,133.0,26.05,25.0,
365.0,easyBike_forward3.0,easyBike,charging,278.0,26.05,25.0,
365.0,easyBike_forward3.3,easyBike,charging,59.0,26.04,25.0,
366.0,easyBike_forward3.1,easyBike,charging,206.0,26.05,25.0,
366.0,easyBike_forward3.2,easyBike,charging,134.0,26.05,25.0,
366.0,easyBike_forward3.0,easyBike,charging,279.0,26.05,25.0,
366.0,easyBike_forward3.3,easyBike,charging,60.0,26.04,25.0,
367.0,easyBike_forward3.1,easyBike,charging,207.0,26.05,25.0,
367.0,easyBike_forward3.2,easyBike,charging,135.0,26.05,25.0,
367.0,easyBike_forward3.0,easyBike,charging,280.0,26.05,25.0,
367.0,easyBike_forward3.3,easyBike,charging,61.0,26.04,25.0,
368.0,easyBike_forward3.1,easyBike,charging,208.0,26.05,25.0,
368.0,easyBike_forward3.2,easyBike,charging,136.0,26.05,25.0,
368.0,easyBike_forward3.0,easyBike,charging,281.0,26.05,25.0,
368.0,easyBike_forward3.3,easyBike,charging,62.0,26.04,25.0,
369.0,easyBike_forward3.1,easyBike,charging,209.0,26.05,25.0,
369.0,easyBike_forward3.2,easyBike,charging,137.0,26.05,25.0,
369.0,easyBike_forward3.0,easyBike,charging,282.0,26.05,25.0,
369.0,easyBike_forward3.3,easyBike,charging,63.0,26.04,25.0,
370.0,easyBike_forward3.1,easyBike,charging,210.0,26.05,25.0,
370.0,easyBike_forward3.2,easyBike,charging,138.0,26.05,25.0,
370.0,easyBike_forward3.0,easyBike,charging,283.0,26.05,25.0,
370.0,easyBike_forward3.3,easyBike,charging,64.0,26.04,25.0,
371.0,easyBike_forward3.1,easyBike,charging,211.0,26.05,25.0,
371.0,easyBike_forward3.2,easyBike,charging,139.0,26.05,25.0,
371.0,easyBike_forward3.0,easyBike,charging,284.0,26.05,25.0,
371.0,easyBike_forward3.3,easyBike,charging,65.0,26.04,25.0,
372.0,easyBike_forward3.1,easyBike,charging,212.0,26.05,25.0,
372.0,easyBike_forward3.2,easyBike,charging,140.0,26.05,25.0,
372.0,easyBike_forward3.0,easyBike,charging,285.0,26.05,25.0,
372.0,easyBike_forward3.3,easyBike,charging,66.0,26.04,25.0,
373.0,easyBike_forward3.1,easyBike,charging,213.0,26.05,25.0,
373.0,easyBike_forward3.2,easyBike,charging,141.0,26.05,25.0,
373.0,easyBike_forward3.0,easyBike,charging,286.0,26.05,25.0,
373.0,easyBike_forward3.3,easyBike,charging,67.0,26.04,25.0,
374.0,easyBike_forward3.1,easyBike,charging,214.0,26.05,25.0,
374.0,easyBike_forward3.2,easyBike,charging,142.0,26.05,25.0,
374.0,easyBike_forward3.0,easyBike,charging,287.0,26.05,25.0,
374.0,easyBike_forward3.3,easyBike,charging,68.0,26.04,25.0,
375.0,easyBike_forward3.1,easyBike,charging,215.0,26.05,25.0,
375.0,easyBike_forward3.2,easyBike,charging,143.0,26.05,25.0,
375.0,easyBike_forward3.0,easyBike,charging,288.0,26.05,25.0,
375.0,easyBike_forward3.3,easyBike,charging,69.0,26.04,25.0,
376.0,easyBike_forward3.1,easyBike,charging,216.0,26.05,25.0,
376.0,easyBike_forward3.2,easyBike,charging,144.0,26.05,25.0,
376.0,easyBike_forward3.0,easyBike,charging,289.0,26.05,25.0,
376.0,easyBike_forward3.3,easyBike,charging,70.0,26.04,25.0,
377.0,easyBike_forward3.4,easyBike,charging,0.0,26.04,25.0,
377.0,easyBike_forward3.1,easyBike,charging,217.0,26.05,25.0,
377.0,easyBike_forward3.0,easyBike,charging,290.0,26.05,25.0,
377.0,easyBike_forward3.3,easyBike,charging,71.0,26.04,25.0,
377.0,easyBike_forward3.2,easyBike,charging,145.0,26.05,25.0,
378.0,easyBike_forward3.4,easyBike,charging,1.0,26.04,25.0,
378.0,easyBike_forward3.1,easyBike,charging,218.0,26.05,25.0,
378.0,easyBike_forward3.0,easyBike,charging,291.0,26.05,25.0,
378.0,easyBike_forward3.3,easyBike,charging,72.0,26.04,25.0,
378.0,easyBike_forward3.2,easyBike,charging,146.0,26.05,25.0,
379.0,easyBike_forward3.4,easyBike,charging,2.0,26.04,25.0,
379.0,easyBike_forward3.1,easyBike,charging,219.0,26.05,25.0,
379.0,easyBike_forward3.0,easyBike,charging,292.0,26.05,25.0,
379.0,easyBike_forward3.3,easyBike,charging,73.0,26.04,25.0,
379.0,easyBike_forward3.2,easyBike,charging,147.0,26.05,25.0,
380.0,easyBike_forward3.4,easyBike,charging,3.0,26.04,25.0,
380.0,easyBike_forward3.1,easyBike,charging,220.0,26.05,25.0,
380.0,easyBike_forward3.0,easyBike,charging,293.0,26.05,25.0,
380.0,easyBike_forward3.3,easyBike,charging,74.0,26.04,25.0,
380.0,easyBike_forward3.2,easyBike,charging,148.0,26.05,25.0,
381.0,easyBike_forward3.4,easyBike,charging,4.0,26.04,25.0,
381.0,easyBike_forward3.1,easyBike,charging,221.0,26.05,25.0,
381.0,easyBike_forward3.0,easyBike,charging,294.0,26.05,25.0,
381.0,easyBike_forward3.3,easyBike,charging,75.0,26.04,25.0,
381.0,easyBike_forward3.2,easyBike,charging,149.0,26.05,25.0,
382.0,easyBike_forward3.4,easyBike,charging,5.0,26.04,25.0,
382.0,easyBike_forward3.1,easyBike,charging,222.0,26.05,25.0,
382.0,easyBike_forward3.0,easyBike,charging,295.0,26.05,25.0,
382.0,easyBike_forward3.3,easyBike,charging,76.0,26.04,25.0,
382.0,easyBike_forward3.2,easyBike,charging,150.0,26.05,25.0,
383.0,easyBike_forward3.4,easyBike,charging,6.0,26.04,25.0,
383.0,easyBike_forward3.1,easyBike,charging,223.0,26.05,25.0,
383.0,easyBike_forward3.0,easyBike,charging,296.0,26.05,25.0,
383.0,easyBike_forward3.3,easyBike,charging,77.0,26.04,25.0,
383.0,easyBike_forward3.2,easyBike,charging,151.0,26.05,25.0,
384.0,easyBike_forward3.4,easyBike,charging,7.0,26.04,25.0,
384.0,easyBike_forward3.1,easyBike,charging,224.0,26.05,25.0,
384.0,easyBike_forward3.0,easyBike,charging,297.0,26.05,25.0,
384.0,easyBike_forward3.3,easyBike,charging,78.0,26.04,25.0,
384.0,easyBike_forward3.2,easyBike,charging,152.0,26.05,25.0,
385.0,easyBike_forward3.4,easyBike,charging,8.0,26.04,25.0,
385.0,easyBike_forward3.1,easyBike,charging,225.0,26.05,25.0,
385.0,easyBike_forward3.0,easyBike,charging,298.0,26.05,25.0,
385.0,easyBike_forward3.3,easyBike,charging,79.0,26.04,25.0,
385.0,easyBike_forward3.2,easyBike,charging,153.0,26.05,25.0,
386.0,easyBike_forward3.4,easyBike,charging,9.0,26.04,25.0,
386.0,easyBike_forward3.1,easyBike,charging,226.0,26.05,25.0,
386.0,easyBike_forward3.0,easyBike,charging,299.0,26.05,25.0,
386.0,easyBike_forward3.3,easyBike,charging,80.0,26.04,25.0,
386.0,easyBike_forward3.2,easyBike,charging,154.0,26.05,25.0,
387.0,easyBike_forward3.4,easyBike,charging,10.0,26.04,25.0,
387.0,easyBike_forward3.1,easyBike,charging,227.0,26.05,25.0,
387.0,easyBike_forward3.0,easyBike,charging,300.0,26.05,25.0,
387.0,easyBike_forward3.3,easyBike,charging,81.0,26.04,25.0,
387.0,easyBike_forward3.2,easyBike,charging,155.0,26.05,25.0,
388.0,easyBike_forward3.4,easyBike,charging,11.0,26.04,25.0,
388.0,easyBike_forward3.1,easyBike,charging,228.0,26.05,25.0,
388.0,easyBike_forward3.0,easyBike,charging,301.0,26.05,25.0,
388.0,easyBike_forward3.3,easyBike,charging,82.0,26.04,25.0,
388.0,easyBike_forward3.2,easyBike,charging,156.0,26.05,25.0,
389.0,easyBike_forward3.4,easyBike,charging,12.0,26.04,25.0,
389.0,easyBike_forward3.1,easyBike,charging,229.0,26.05,25.0,
389.0,easyBike_forward3.0,easyBike,charging,302.0,26.05,25.0,
389.0,easyBike_forward3.3,easyBike,charging,83.0,26.04,25.0,
389.0,easyBike_forward3.2,easyBike,charging,157.0,26.05,25.0,
390.0,easyBike_forward3.4,easyBike,charging,13.0,26.04,25.0,
390.0,easyBike_forward3.1,easyBike,charging,230.0,26.05,25.0,
390.0,easyBike_forward3.0,easyBike,charging,303.0,26.05,25.0,
390.0,easyBike_forward3.3,easyBike,charging,84.0,26.04,25.0,
390.0,easyBike_forward3.2,easyBike,charging,158.0,26.05,25.0,
391.0,easyBike_forward3.4,easyBike,charging,14.0,26.04,25.0,
391.0,easyBike_forward3.1,easyBike,charging,231.0,26.05,25.0,
391.0,easyBike_forward3.0,easyBike,charging,304.0,26.04,25.0,
391.0,easyBike_forward3.3,easyBike,charging,85.0,26.04,25.0,
391.0,easyBike_forward3.2,easyBike,charging,159.0,26.05,25.0,
392.0,easyBike_forward3.4,easyBike,charging,15.0,26.04,25.0,
392.0,easyBike_forward3.1,easyBike,charging,232.0,26.05,25.0,
392.0,easyBike_forward3.0,easyBike,charging,305.0,26.04,25.0,
392.0,easyBike_forward3.3,easyBike,charging,86.0,26.04,25.0,
392.0,easyBike_forward3.2,easyBike,charging,160.0,26.05,25.0,
393.0,easyBike_forward3.4,easyBike,charging,16.0,26.04,25.0,
393.0,easyBike_forward3.1,easyBike,charging,233.0,26.05,25.0,
393.0,easyBike_forward3.0,easyBike,charging,306.0,26.04,25.0,
393.0,easyBike_forward3.3,easyBike,charging,87.0,26.04,25.0,
393.0,easyBike_forward3.2,easyBike,charging,161.0,26.05,25.0,
394.0,easyBike_forward3.4,easyBike,charging,17.0,26.04,25.0,
394.0,easyBike_forward3.1,easyBike,charging,234.0,26.05,25.0,
394.0,easyBike_forward3.0,easyBike,charging,307.0,26.03,25.0,
394.0,easyBike_forward3.3,easyBike,charging,88.0,26.04,25.0,
394.0,easyBike_forward3.2,easyBike,charging,162.0,26.05,25.0,
395.0,easyBike_forward3.4,easyBike,charging,18.0,26.04,25.0,
395.0,easyBike_forward3.1,easyBike,charging,235.0,26.05,25.0,
395.0,easyBike_forward3.0,easyBike,charging,308.0,26.03,25.0,
395.0,easyBike_forward3.3,easyBike,charging,89.0,26.04,25.0,
395.0,easyBike_forward3.2,easyBike,charging,163.0,26.05,25.0,
396.0,easyBike_forward3.4,easyBike,charging,19.0,26.04,25.0,
396.0,easyBike_forward3.1,easyBike,charging,236.0,26.05,25.0,
396.0,easyBike_forward3.0,easyBike,charging,309.0,26.02,25.0,
396.0,easyBike_forward3.3,easyBike,charging,90.0,26.04,25.0,
396.0,easyBike_forward3.2,easyBike,charging,164.0,26.05,25.0,
397.0,easyBike_forward3.4,easyBike,charging,20.0,26.04,25.0,
397.0,easyBike_forward3.1,easyBike,charging,237.0,26.05,25.0,
397.0,easyBike_forward3.0,easyBike,charging,310.0,26.01,25.0,
397.0,easyBike_forward3.3,easyBike,charging,91.0,26.04,25.0,
397.0,easyBike_forward3.2,easyBike,charging,165.0,26.05,25.0,
398.0,easyBike_forward3.4,easyBike,charging,21.0,26.04,25.0,
398.0,easyBike_forward3.1,easyBike,charging,238.0,26.05,25.0,
398.0,easyBike_forward3.0,easyBike,charging,311.0,26.0,25.0,
398.0,easyBike_forward3.3,easyBike,charging,92.0,26.04,25.0,
398.0,easyBike_forward3.2,easyBike,charging,166.0,26.05,25.0,
399.0,easyBike_forward3.4,easyBike,charging,22.0,26.04,25.0,
399.0,easyBike_forward3.1,easyBike,charging,239.0,26.05,25.0,
399.0,easyBike_forward3.0,easyBike,charging,312.0,26.01,25.0,
399.0,easyBike_forward3.3,easyBike,charging,93.0,26.04,25.0,
399.0,easyBike_forward3.2,easyBike,charging,167.0,26.05,25.0,
400.0,easyBike_forward3.4,easyBike,charging,23.0,26.04,25.0,
400.0,easyBike_forward3.1,easyBike,charging,240.0,26.05,25.0,
400.0,easyBike_forward3.0,easyBike,charging,313.0,26.01,25.0,
400.0,easyBike_forward3.3,easyBike,charging,94.0,26.04,25.0,
400.0,easyBike_forward3.2,easyBike,charging,168.0,26.05,25.0,
401.0,easyBike_forward3.4,easyBike,charging,24.0,26.04,25.0,
401.0,easyBike_forward3.1,easyBike,charging,241.0,26.05,25.0,
401.0,easyBike_forward3.0,easyBike,charging,314.0,26.01,25.0,
401.0,easyBike_forward3.3,easyBike,charging,95.0,26.04,25.0,
401.0,easyBike_forward3.2,easyBike,charging,169.0,26.05,25.0,
402.0,easyBike_forward3.4,easyBike,charging,25.0,26.04,25.0,
402.0,easyBike_forward3.1,easyBike,charging,242.0,26.05,25.0,
402.0,easyBike_forward3.0,easyBike,charging,315.0,26.0,25.0,
402.0,easyBike_forward3.3,easyBike,charging,96.0,26.04,25.0,
402.0,easyBike_forward3.2,easyBike,charging,170.0,26.05,25.0,
403.0,easyBike_forward3.4,easyBike,charging,26.0,26.04,25.0,
403.0,easyBike_forward3.1,easyBike,charging,243.0,26.05,25.0,
403.0,easyBike_forward3.0,easyBike,charging,316.0,26.0,25.0,
403.0,easyBike_forward3.3,easyBike,charging,97.0,26.04,25.0,
403.0,easyBike_forward3.2,easyBike,charging,171.0,26.05,25.0,
404.0,easyBike_forward3.4,easyBike,charging,27.0,26.04,25.0,
404.0,easyBike_forward3.1,easyBike,charging,244.0,26.05,25.0,
404.0,easyBike_forward3.0,easyBike,charging,317.0,25.99,25.0,
404.0,easyBike_forward3.3,easyBike,charging,98.0,26.04,25.0,
404.0,easyBike_forward3.2,easyBike,charging,172.0,26.05,25.0,
405.0,easyBike_forward3.4,easyBike,charging,28.0,26.04,25.0,
405.0,easyBike_forward3.1,easyBike,charging,245.0,26.05,25.0,
405.0,easyBike_forward3.0,easyBike,charging,318.0,25.98,25.0,
405.0,easyBike_forward3.3,easyBike,charging,99.0,26.04,25.0,
405.0,easyBike_forward3.2,easyBike,charging,173.0,26.05,25.0,
406.0,easyBike_forward3.4,easyBike,charging,29.0,26.04,25.0,
406.0,easyBike_forward3.1,easyBike,charging,246.0,26.05,25.0,
406.0,easyBike_forward3.0,easyBike,charging,319.0,25.98,25.0,
406.0,easyBike_forward3.3,easyBike,charging,100.0,26.04,25.0,
406.0,easyBike_forward3.2,easyBike,charging,174.0,26.05,25.0,
407.0,easyBike_forward3.4,easyBike,charging,30.0,26.04,25.0,
407.0,easyBike_forward3.1,easyBike,charging,247.0,26.05,25.0,
407.0,easyBike_forward3.0,easyBike,charging,320.0,25.98,25.0,
407.0,easyBike_forward3.3,easyBike,charging,101.0,26.04,25.0,
407.0,easyBike_forward3.2,easyBike,charging,175.0,26.05,25.0,
408.0,easyBike_forward3.4,easyBike,charging,31.0,26.04,25.0,
408.0,easyBike_forward3.1,easyBike,charging,248.0,26.05,25.0,
408.0,easyBike_forward3.0,easyBike,charging,321.0,25.98,25.0,
408.0,easyBike_forward3.3,easyBike,charging,102.0,26.04,25.0,
408.0,easyBike_forward3.2,easyBike,charging,176.0,26.05,25.0,
409.0,easyBike_forward3.4,easyBike,charging,32.0,26.04,25.0,
409.0,easyBike_forward3.1,easyBike,charging,249.0,26.05,25.0,
409.0,easyBike_forward3.0,easyBike,charging,322.0,25.97,25.0,
409.0,easyBike_forward3.3,easyBike,charging,103.0,26.04,25.0,
409.0,easyBike_forward3.2,easyBike,charging,177.0,26.05,25.0,
410.0,easyBike_forward3.4,easyBike,charging,33.0,26.04,25.0,
410.0,easyBike_forward3.1,easyBike,charging,250.0,26.05,25.0,
410.0,easyBike_forward3.0,easyBike,charging,323.0,25.97,25.0,
410.0,easyBike_forward3.3,easyBike,charging,104.0,26.04,25.0,
410.0,easyBike_forward3.2,easyBike,charging,178.0,26.05,25.0,
411.0,easyBike_forward3.4,easyBike,charging,34.0,26.04,25.0,
411.0,easyBike_forward3.1,easyBike,charging,251.0,26.05,25.0,
411.0,easyBike_forward3.0,easyBike,charging,324.0,25.97,25.0,
411.0,easyBike_forward3.3,easyBike,charging,105.0,26.04,25.0,
411.0,easyBike_forward3.2,easyBike,charging,179.0,26.05,25.0,
412.0,easyBike_forward3.4,easyBike,charging,35.0,26.04,25.0,
412.0,easyBike_forward3.1,easyBike,charging,252.0,26.05,25.0,
412.0,easyBike_forward3.0,easyBike,charging,325.0,25.97,25.0,
412.0,easyBike_forward3.3,easyBike,charging,106.0,26.04,25.0,
412.0,easyBike_forward3.2,easyBike,charging,180.0,26.05,25.0,
413.0,easyBike_forward3.4,easyBike,charging,36.0,26.04,25.0,
413.0,easyBike_forward3.1,easyBike,charging,253.0,26.05,25.0,
413.0,easyBike_forward3.0,easyBike,charging,326.0,25.96,25.0,
413.0,easyBike_forward3.3,easyBike,charging,107.0,26.04,25.0,
413.0,easyBike_forward3.2,easyBike,charging,181.0,26.05,25.0,
414.0,easyBike_forward3.4,easyBike,charging,37.0,26.04,25.0,
414.0,easyBike_forward3.1,easyBike,charging,254.0,26.05,25.0,
414.0,easyBike_forward3.0,easyBike,charging,327.0,25.96,25.0,
414.0,easyBike_forward3.3,easyBike,charging,108.0,26.04,25.0,
414.0,easyBike_forward3.2,easyBike,charging,182.0,26.05,25.0,
415.0,easyBike_forward3.4,easyBike,charging,38.0,26.04,25.0,
415.0,easyBike_forward3.1,easyBike,charging,255.0,26.05,25.0,
415.0,easyBike_forward3.0,easyBike,charging,328.0,25.96,25.0,
415.0,easyBike_forward3.3,easyBike,charging,109.0,26.04,25.0,
415.0,easyBike_forward3.2,easyBike,charging,183.0,26.05,25.0,
416.0,easyBike_forward3.4,easyBike,charging,39.0,26.04,25.0,
416.0,easyBike_forward3.1,easyBike,charging,256.0,26.05,25.0,
416.0,easyBike_forward3.0,easyBike,charging,329.0,25.96,25.0,
416.0,easyBike_forward3.3,easyBike,charging,110.0,26.04,25.0,
416.0,easyBike_forward3.2,easyBike,charging,184.0,26.05,25.0,
417.0,easyBike_forward3.4,easyBike,charging,40.0,26.04,25.0,
417.0,easyBike_forward3.1,easyBike,charging,257.0,26.05,25.0,
417.0,easyBike_forward3.0,easyBike,charging,330.0,25.95,25.0,
417.0,easyBike_forward3.3,easyBike,charging,111.0,26.04,25.0,
417.0,easyBike_forward3.2,easyBike,charging,185.0,26.05,25.0,
418.0,easyBike_forward3.4,easyBike,charging,41.0,26.04,25.0,
418.0,easyBike_forward3.1,easyBike,charging,258.0,26.05,25.0,
418.0,easyBike_forward3.0,easyBike,charging,331.0,25.95,25.0,
418.0,easyBike_forward3.3,easyBike,charging,112.0,26.04,25.0,
418.0,easyBike_forward3.2,easyBike,charging,186.0,26.05,25.0,
419.0,easyBike_forward3.4,easyBike,charging,42.0,26.04,25.0,
419.0,easyBike_forward3.1,easyBike,charging,259.0,26.05,25.0,
419.0,easyBike_forward3.0,easyBike,charging,332.0,25.95,25.0,
419.0,easyBike_forward3.3,easyBike,charging,113.0,26.04,25.0,
419.0,easyBike_forward3.2,easyBike,charging,187.0,26.05,25.0,
420.0,easyBike_forward3.4,easyBike,charging,43.0,26.04,25.0,
420.0,easyBike_forward3.1,easyBike,charging,260.0,26.05,25.0,
420.0,easyBike_forward3.0,easyBike,charging,333.0,25.95,25.0,
420.0,easyBike_forward3.3,easyBike,charging,114.0,26.04,25.0,
420.0,easyBike_forward3.2,easyBike,charging,188.0,26.05,25.0,
421.0,easyBike_forward3.4,easyBike,charging,44.0,26.04,25.0,
421.0,easyBike_forward3.1,easyBike,charging,261.0,26.05,25.0,
421.0,easyBike_forward3.0,easyBike,charging,334.0,25.95,25.0,
421.0,easyBike_forward3.3,easyBike,charging,115.0,26.04,25.0,
421.0,easyBike_forward3.2,easyBike,charging,189.0,26.05,25.0,
422.0,easyBike_forward3.4,easyBike,charging,45.0,26.04,25.0,
422.0,easyBike_forward3.1,easyBike,charging,262.0,26.05,25.0,
422.0,easyBike_forward3.0,easyBike,charging,335.0,25.94,25.0,
422.0,easyBike_forward3.3,easyBike,charging,116.0,26.04,25.0,
422.0,easyBike_forward3.2,easyBike,charging,190.0,26.05,25.0,
423.0,easyBike_forward3.4,easyBike,charging,46.0,26.04,25.0,
423.0,easyBike_forward3.1,easyBike,charging,263.0,26.05,25.0,
423.0,easyBike_forward3.0,easyBike,charging,336.0,25.94,25.0,
423.0,easyBike_forward3.3,easyBike,charging,117.0,26.04,25.0,
423.0,easyBike_forward3.2,easyBike,charging,191.0,26.05,25.0,
424.0,easyBike_forward3.4,easyBike,charging,47.0,26.04,25.0,
424.0,easyBike_forward3.1,easyBike,charging,264.0,26.05,25.0,
424.0,easyBike_forward3.0,easyBike,charging,337.0,25.94,25.0,
424.0,easyBike_forward3.3,easyBike,charging,118.0,26.04,25.0,
424.0,easyBike_forward3.2,easyBike,charging,192.0,26.05,25.0,
425.0,easyBike_forward3.4,easyBike,charging,48.0,26.04,25.0,
425.0,easyBike_forward3.1,easyBike,charging,265.0,26.05,25.0,
425.0,easyBike_forward3.0,easyBike,charging,338.0,25.94,25.0,
425.0,easyBike_forward3.3,easyBike,charging,119.0,26.04,25.0,
425.0,easyBike_forward3.2,easyBike,charging,193.0,26.05,25.0,
426.0,easyBike_forward3.4,easyBike,charging,49.0,26.04,25.0,
426.0,easyBike_forward3.1,easyBike,charging,266.0,26.05,25.0,
426.0,easyBike_forward3.0,easyBike,charging,339.0,25.93,25.0,
426.0,easyBike_forward3.3,easyBike,charging,120.0,26.04,25.0,
426.0,easyBike_forward3.2,easyBike,charging,194.0,26.05,25.0,
427.0,easyBike_forward3.4,easyBike,charging,50.0,26.04,25.0,
427.0,easyBike_forward3.1,easyBike,charging,267.0,26.05,25.0,
427.0,easyBike_forward3.0,easyBike,charging,340.0,25.93,25.0,
427.0,easyBike_forward3.3,easyBike,charging,121.0,26.04,25.0,
427.0,easyBike_forward3.2,easyBike,charging,195.0,26.05,25.0,
428.0,easyBike_forward3.4,easyBike,charging,51.0,26.04,25.0,
428.0,easyBike_forward3.1,easyBike,charging,268.0,26.05,25.0,
428.0,easyBike_forward3.0,easyBike,charging,341.0,25.93,25.0,
428.0,easyBike_forward3.3,easyBike,charging,122.0,26.04,25.0,
428.0,easyBike_forward3.2,easyBike,charging,196.0,26.05,25.0,
429.0,easyBike_forward3.4,easyBike,charging,52.0,26.04,25.0,
429.0,easyBike_forward3.1,easyBike,charging,269.0,26.05,25.0,
429.0,easyBike_forward3.0,easyBike,charging,342.0,25.93,25.0,
429.0,easyBike_forward3.3,easyBike,charging,123.0,26.04,25.0,
429.0,easyBike_forward3.2,easyBike,charging,197.0,26.05,25.0,
430.0,easyBike_forward3.4,easyBike,charging,53.0,26.04,25.0,
430.0,easyBike_forward3.1,easyBike,charging,270.0,26.05,25.0,
430.0,easyBike_forward3.0,easyBike,charging,343.0,25.92,25.0,
430.0,easyBike_forward3.3,easyBike,charging,124.0,26.04,25.0,
430.0,easyBike_forward3.2,easyBike,charging,198.0,26.05,25.0,
431.0,easyBike_forward3.4,easyBike,charging,54.0,26.04,25.0,
431.0,easyBike_forward3.1,easyBike,charging,271.0,26.05,25.0,
431.0,easyBike_forward3.0,easyBike,charging,344.0,25.92,25.0,
431.0,easyBike_forward3.3,easyBike,charging,125.0,26.04,25.0,
431.0,easyBike_forward3.2,easyBike,charging,199.0,26.05,25.0,
432.0,easyBike_forward3.4,easyBike,charging,55.0,26.04,25.0,
432.0,easyBike_forward3.1,easyBike,charging,272.0,26.05,25.0,
432.0,easyBike_forward3.0,easyBike,charging,345.0,25.92,25.0,
432.0,easyBike_forward3.3,easyBike,charging,126.0,26.04,25.0,
432.0,easyBike_forward3.2,easyBike,charging,200.0,26.05,25.0,
433.0,easyBike_forward3.4,easyBike,charging,56.0,26.04,25.0,
433.0,easyBike_forward3.1,easyBike,charging,273.0,26.05,25.0,
433.0,easyBike_forward3.0,easyBike,charging,346.0,25.92,25.0,
433.0,easyBike_forward3.3,easyBike,charging,127.0,26.04,25.0,
433.0,easyBike_forward3.2,easyBike,charging,201.0,26.05,25.0,
434.0,easyBike_forward3.4,easyBike,charging,57.0,26.04,25.0,
434.0,easyBike_forward3.1,easyBike,charging,274.0,26.05,25.0,
434.0,easyBike_forward3.0,easyBike,charging,347.0,25.92,25.0,
434.0,easyBike_forward3.3,easyBike,charging,128.0,26.04,25.0,
434.0,easyBike_forward3.2,easyBike,charging,202.0,26.05,25.0,
435.0,easyBike_forward3.4,easyBike,charging,58.0,26.04,25.0,
435.0,easyBike_forward3.1,easyBike,charging,275.0,26.05,25.0,
435.0,easyBike_forward3.0,easyBike,charging,348.0,25.91,25.0,
435.0,easyBike_forward3.3,easyBike,charging,129.0,26.04,25.0,
435.0,easyBike_forward3.2,easyBike,charging,203.0,26.05,25.0,
436.0,easyBike_forward3.4,easyBike,charging,59.0,26.04,25.0,
436.0,easyBike_forward3.1,easyBike,charging,276.0,26.05,25.0,
436.0,easyBike_forward3.0,easyBike,charging,349.0,25.91,25.0,
436.0,easyBike_forward3.3,easyBike,charging,130.0,26.04,25.0,
436.0,easyBike_forward3.2,easyBike,charging,204.0,26.05,25.0,
437.0,easyBike_forward3.4,easyBike,charging,60.0,26.04,25.0,
437.0,easyBike_forward3.1,easyBike,charging,277.0,26.05,25.0,
437.0,easyBike_forward3.0,easyBike,charging,350.0,25.91,25.0,
437.0,easyBike_forward3.3,easyBike,charging,131.0,26.04,25.0,
437.0,easyBike_forward3.2,easyBike,charging,205.0,26.05,25.0,
438.0,easyBike_forward3.4,easyBike,charging,61.0,26.04,25.0,
438.0,easyBike_forward3.1,easyBike,charging,278.0,26.05,25.0,
438.0,easyBike_forward3.0,easyBike,charging,351.0,25.91,25.0,
438.0,easyBike_forward3.3,easyBike,charging,132.0,26.04,25.0,
438.0,easyBike_forward3.2,easyBike,charging,206.0,26.05,25.0,
439.0,easyBike_forward3.4,easyBike,charging,62.0,26.04,25.0,
439.0,easyBike_forward3.1,easyBike,charging,279.0,26.05,25.0,
439.0,easyBike_forward3.0,easyBike,charging,352.0,25.9,25.0,
439.0,easyBike_forward3.3,easyBike,charging,133.0,26.04,25.0,
439.0,easyBike_forward3.2,easyBike,charging,207.0,26.05,25.0,
440.0,easyBike_forward3.4,easyBike,charging,63.0,26.04,25.0,
440.0,easyBike_forward3.1,easyBike,charging,280.0,26.05,25.0,
440.0,easyBike_forward3.0,easyBike,charging,353.0,25.9,25.0,
440.0,easyBike_forward3.3,easyBike,charging,134.0,26.04,25.0,
440.0,easyBike_forward3.2,easyBike,charging,208.0,26.05,25.0,
441.0,easyBike_forward3.4,easyBike,charging,64.0,26.04,25.0,
441.0,easyBike_forward3.1,easyBike,charging,281.0,26.05,25.0,
441.0,easyBike_forward3.0,easyBike,charging,354.0,25.9,25.0,
441.0,easyBike_forward3.3,easyBike,charging,135.0,26.04,25.0,
441.0,easyBike_forward3.2,easyBike,charging,209.0,26.05,25.0,
442.0,easyBike_forward3.4,easyBike,charging,65.0,26.04,25.0,
442.0,easyBike_forward3.1,easyBike,charging,282.0,26.05,25.0,
442.0,easyBike_forward3.0,easyBike,charging,355.0,25.9,25.0,
442.0,easyBike_forward3.3,easyBike,charging,136.0,26.04,25.0,
442.0,easyBike_forward3.2,easyBike,charging,210.0,26.05,25.0,
443.0,easyBike_forward3.4,easyBike,charging,66.0,26.04,25.0,
443.0,easyBike_forward3.1,easyBike,charging,283.0,26.05,25.0,
443.0,easyBike_forward3.0,easyBike,charging,356.0,25.89,25.0,
443.0,easyBike_forward3.3,easyBike,charging,137.0,26.04,25.0,
443.0,easyBike_forward3.2,easyBike,charging,211.0,26.05,25.0,
444.0,easyBike_forward3.4,easyBike,charging,67.0,26.04,25.0,
444.0,easyBike_forward3.1,easyBike,charging,284.0,26.05,25.0,
444.0,easyBike_forward3.0,easyBike,charging,357.0,25.89,25.0,
444.0,easyBike_forward3.3,easyBike,charging,138.0,26.04,25.0,
444.0,easyBike_forward3.2,easyBike,charging,212.0,26.05,25.0,
445.0,easyBike_forward3.4,easyBike,charging,68.0,26.04,25.0,
445.0,easyBike_forward3.1,easyBike,charging,285.0,26.05,25.0,
445.0,easyBike_forward3.0,easyBike,charging,358.0,25.89,25.0,
445.0,easyBike_forward3.3,easyBike,charging,139.0,26.04,25.0,
445.0,easyBike_forward3.2,easyBike,charging,213.0,26.05,25.0,
446.0,easyBike_forward3.4,easyBike,charging,69.0,26.04,25.0,
446.0,easyBike_forward3.1,easyBike,charging,286.0,26.05,25.0,
446.0,easyBike_forward3.0,easyBike,charging,359.0,25.89,25.0,
446.0,easyBike_forward3.3,easyBike,charging,140.0,26.04,25.0,
446.0,easyBike_forward3.2,easyBike,charging,214.0,26.05,25.0,
447.0,easyBike_forward3.4,easyBike,charging,70.0,26.04,25.0,
447.0,easyBike_forward3.1,easyBike,charging,287.0,26.05,25.0,
447.0,easyBike_forward3.0,easyBike,charging,360.0,25.89,25.0,
447.0,easyBike_forward3.3,easyBike,charging,141.0,26.04,25.0,
447.0,easyBike_forward3.2,easyBike,charging,215.0,26.05,25.0,
448.0,easyBike_forward3.4,easyBike,charging,71.0,26.04,25.0,
448.0,easyBike_forward3.1,easyBike,charging,288.0,26.05,25.0,
448.0,easyBike_forward3.0,easyBike,charging,361.0,25.88,25.0,
448.0,easyBike_forward3.3,easyBike,charging,142.0,26.04,25.0,
448.0,easyBike_forward3.2,easyBike,charging,216.0,26.05,25.0,
449.0,easyBike_forward3.4,easyBike,charging,72.0,26.04,25.0,
449.0,easyBike_forward3.1,easyBike,charging,289.0,26.05,25.0,
449.0,easyBike_forward3.0,easyBike,charging,362.0,25.88,25.0,
449.0,easyBike_forward3.3,easyBike,charging,143.0,26.04,25.0,
449.0,easyBike_forward3.2,easyBike,charging,217.0,26.05,25.0,
449.0,easyBike_forward3.5,easyBike,waiting,,0.0,0.0,0.0
450.0,easyBike_forward3.4,easyBike,charging,73.0,26.04,25.0,
450.0,easyBike_forward3.1,easyBike,charging,290.0,26.05,25.0,
450.0,easyBike_forward3.0,easyBike,charging,363.0,25.88,25.0,
450.0,easyBike_forward3.3,easyBike,charging,144.0,26.04,25.0,
450.0,easyBike_forward3.2,easyBike,charging,218.0,26.05,25.0,
450.0,easyBike_forward3.5,easyBike,waiting,,0.0,0.0,1.0
451.0,easyBike_forward3.4,easyBike,charging,74.0,26.04,25.0,
451.0,easyBike_forward3.1,easyBike,charging,291.0,26.05,25.0,
451.0,easyBike_forward3.0,easyBike,charging,364.0,25.88,25.0,
451.0,easyBike_forward3.3,easyBike,charging,145.0,26.04,25.0,
451.0,easyBike_forward3.2,easyBike,charging,219.0,26.05,25.0,
451.0,easyBike_forward3.5,easyBike,waiting,,0.0,0.0,2.0
452.0,easyBike_forward3.4,easyBike,charging,75.0,26.04,25.0,
452.0,easyBike_forward3.1,easyBike,charging,292.0,26.05,25.0,
452.0,easyBike_forward3.0,easyBike,charging,365.0,25.87,25.0,
452.0,easyBike_forward3.3,easyBike,charging,146.0,26.04,25.0,
452.0,easyBike_forward3.2,easyBike,charging,220.0,26.05,25.0,
452.0,easyBike_forward3.5,easyBike,waiting,,0.0,0.0,3.0
453.0,easyBike_forward3.4,easyBike,charging,76.0,26.04,25.0,
453.0,easyBike_forward3.1,easyBike,charging,293.0,26.05,25.0,
453.0,easyBike_forward3.0,easyBike,charging,366.0,25.87,25.0,
453.0,easyBike_forward3.3,easyBike,charging,147.0,26.04,25.0,
453.0,easyBike_forward3.2,easyBike,charging,221.0,26.05,25.0,
453.0,easyBike_forward3.5,easyBike,waiting,,0.0,0.0,4.0
454.0,easyBike_forward3.4,easyBike,charging,77.0,26.04,25.0,
454.0,easyBike_forward3.1,easyBike,charging,294.0,26.05,25.0,
454.0,easyBike_forward3.0,easyBike,charging,367.0,25.87,25.0,
454.0,easyBike_forward3.3,easyBike,charging,148.0,26.04,25.0,
454.0,easyBike_forward3.2,easyBike,charging,222.0,26.05,25.0,
454.0,easyBike_forward3.5,easyBike,waiting,,0.0,0.0,5.0
455.0,easyBike_forward3.4,easyBike,charging,78.0,26.04,25.0,
455.0,easyBike_forward3.1,easyBike,charging,295.0,26.05,25.0,
455.0,easyBike_forward3.0,easyBike,charging,368.0,25.87,25.0,
455.0,easyBike_forward3.3,easyBike,charging,149.0,26.04,25.0,
455.0,easyBike_forward3.2,easyBike,charging,223.0,26.05,25.0,
455.0,easyBike_forward3.5,easyBike,waiting,,0.0,0.0,6.0
456.0,easyBike_forward3.4,easyBike,charging,79.0,26.04,25.0,
456.0,easyBike_forward3.1,easyBike,charging,296.0,26.05,25.0,
456.0,easyBike_forward3.0,easyBike,charging,369.0,25.86,25.0,
456.0,easyBike_forward3.3,easyBike,charging,150.0,26.04,25.0,
456.0,easyBike_forward3.2,easyBike,charging,224.0,26.05,25.0,
456.0,easyBike_forward3.5,easyBike,waiting,,0.0,0.0,7.0
457.0,easyBike_forward3.4,easyBike,charging,80.0,26.04,25.0,
457.0,easyBike_forward3.1,easyBike,charging,297.0,26.05,25.0,
457.0,easyBike_forward3.0,easyBike,charging,370.0,25.86,25.0,
457.0,easyBike_forward3.3,easyBike,charging,151.0,26.04,25.0,
457.0,easyBike_forward3.2,easyBike,charging,225.0,26.05,25.0,
457.0,easyBike_forward3.5,easyBike,waiting,,0.0,0.0,8.0
458.0,easyBike_forward3.4,easyBike,charging,81.0,26.04,25.0,
458.0,easyBike_forward3.1,easyBike,charging,298.0,26.05,25.0,
458.0,easyBike_forward3.0,easyBike,charging,371.0,25.86,25.0,
458.0,easyBike_forward3.3,easyBike,charging,152.0,26.04,25.0,
458.0,easyBike_forward3.2,easyBike,charging,226.0,26.05,25.0,
458.0,easyBike_forward3.5,easyBike,waiting,,0.0,0.0,9.0
459.0,easyBike_forward3.4,easyBike,charging,82.0,26.04,25.0,
459.0,easyBike_forward3.1,easyBike,charging,299.0,26.05,25.0,
459.0,easyBike_forward3.0,easyBike,charging,372.0,25.86,25.0,
459.0,easyBike_forward3.3,easyBike,charging,153.0,26.04,25.0,
459.0,easyBike_forward3.2,easyBike,charging,227.0,26.05,25.0,
459.0,easyBike_forward3.5,easyBike,waiting,,0.0,0.0,10.0
460.0,easyBike_forward3.4,easyBike,charging,83.0,26.04,25.0,
460.0,easyBike_forward3.1,easyBike,charging,300.0,26.05,25.0,
460.0,easyBike_forward3.0,easyBike,charging,373.0,25.85,25.0,
460.0,easyBike_forward3.3,easyBike,charging,154.0,26.04,25.0,
460.0,easyBike_forward3.2,easyBike,charging,228.0,26.05,25.0,
460.0,easyBike_forward3.5,easyBike,waiting,,0.0,0.0,11.0
461.0,easyBike_forward3.4,easyBike,charging,84.0,26.04,25.0,
461.0,easyBike_forward3.1,easyBike,charging,301.0,26.05,25.0,
461.0,easyBike_forward3.0,easyBike,charging,374.0,25.85,25.0,
461.0,easyBike_forward3.3,easyBike,charging,155.0,26.04,25.0,
461.0,easyBike_forward3.2,easyBike,charging,229.0,26.05,25.0,
461.0,easyBike_forward3.5,easyBike,waiting,,0.0,0.0,12.0
462.0,easyBike_forward3.4,easyBike,charging,85.0,26.04,25.0,
462.0,easyBike_forward3.1,easyBike,charging,302.0,26.04,25.0,
462.0,easyBike_forward3.0,easyBike,charging,375.0,25.85,25.0,
462.0,easyBike_forward3.3,easyBike,charging,156.0,26.04,25.0,
462.0,easyBike_forward3.2,easyBike,charging,230.0,26.05,25.0,
462.0,easyBike_forward3.5,easyBike,waiting,,0.0,0.0,13.0
463.0,easyBike_forward3.4,easyBike,charging,86.0,26.04,25.0,
463.0,easyBike_forward3.1,easyBike,charging,303.0,26.04,25.0,
463.0,easyBike_forward3.0,easyBike,charging,376.0,25.85,25.0,
463.0,easyBike_forward3.3,easyBike,charging,157.0,26.04,25.0,
463.0,easyBike_forward3.2,easyBike,charging,231.0,26.05,25.0,
463.0,easyBike_forward3.5,easyBike,waiting,,0.0,0.0,14.0
464.0,easyBike_forward3.4,easyBike,charging,87.0,26.04,25.0,
464.0,easyBike_forward3.1,easyBike,charging,304.0,26.04,25.0,
464.0,easyBike_forward3.0,easyBike,charging,377.0,25.84,25.0,
464.0,easyBike_forward3.3,easyBike,charging,158.0,26.04,25.0,
464.0,easyBike_forward3.2,easyBike,charging,232.0,26.05,25.0,
464.0,easyBike_forward3.5,easyBike,waiting,,0.0,0.0,15.0
465.0,easyBike_forward3.4,easyBike,charging,88.0,26.04,25.0,
465.0,easyBike_forward3.1,easyBike,charging,305.0,26.04,25.0,
465.0,easyBike_forward3.0,easyBike,charging,378.0,25.84,25.0,
465.0,easyBike_forward3.3,easyBike,charging,159.0,26.04,25.0,
465.0,easyBike_forward3.2,easyBike,charging,233.0,26.05,25.0,
465.0,easyBike_forward3.5,easyBike,waiting,,0.0,0.0,16.0
466.0,easyBike_forward3.4,easyBike,charging,89.0,26.04,25.0,
466.0,easyBike_forward3.1,easyBike,charging,306.0,26.03,25.0,
466.0,easyBike_forward3.0,easyBike,charging,379.0,25.84,25.0,
466.0,easyBike_forward3.3,easyBike,charging,160.0,26.04,25.0,
466.0,easyBike_forward3.2,easyBike,charging,234.0,26.05,25.0,
466.0,easyBike_forward3.5,easyBike,waiting,,0.0,0.0,17.0
467.0,easyBike_forward3.4,easyBike,charging,90.0,26.04,25.0,
467.0,easyBike_forward3.1,easyBike,charging,307.0,26.03,25.0,
467.0,easyBike_forward3.0,easyBike,charging,380.0,25.84,25.0,
467.0,easyBike_forward3.3,easyBike,charging,161.0,26.04,25.0,
467.0,easyBike_forward3.2,easyBike,charging,235.0,26.05,25.0,
467.0,easyBike_forward3.5,easyBike,waiting,,0.0,0.0,18.0
468.0,easyBike_forward3.4,easyBike,charging,91.0,26.04,25.0,
468.0,easyBike_forward3.1,easyBike,charging,308.0,26.02,25.0,
468.0,easyBike_forward3.0,easyBike,charging,381.0,25.83,25.0,
468.0,easyBike_forward3.3,easyBike,charging,162.0,26.04,25.0,
468.0,easyBike_forward3.2,easyBike,charging,236.0,26.05,25.0,
468.0,easyBike_forward3.5,easyBike,waiting,,0.0,0.0,19.0
469.0,easyBike_forward3.4,easyBike,charging,92.0,26.04,25.0,
469.0,easyBike_forward3.1,easyBike,charging,309.0,26.02,25.0,
469.0,easyBike_forward3.0,easyBike,charging,382.0,25.83,25.0,
469.0,easyBike_forward3.3,easyBike,charging,163.0,26.04,25.0,
469.0,easyBike_forward3.2,easyBike,charging,237.0,26.05,25.0,
469.0,easyBike_forward3.5,easyBike,waiting,,0.0,0.0,20.0
470.0,easyBike_forward3.4,easyBike,charging,93.0,26.04,25.0,
470.0,easyBike_forward3.1,easyBike,charging,310.0,26.01,25.0,
470.0,easyBike_forward3.0,easyBike,charging,383.0,25.83,25.0,
470.0,easyBike_forward3.3,easyBike,charging,164.0,26.04,25.0,
470.0,easyBike_forward3.2,easyBike,charging,238.0,26.05,25.0,
470.0,easyBike_forward3.5,easyBike,waiting,,0.0,0.0,21.0
471.0,easyBike_forward3.4,easyBike,charging,94.0,26.04,25.0,
471.0,easyBike_forward3.1,easyBike,charging,311.0,26.01,25.0,
471.0,easyBike_forward3.0,easyBike,charging,384.0,25.83,25.0,
471.0,easyBike_forward3.3,easyBike,charging,165.0,26.04,25.0,
471.0,easyBike_forward3.2,easyBike,charging,239.0,26.05,25.0,
471.0,easyBike_forward3.5,easyBike,waiting,,0.0,0.0,22.0
472.0,easyBike_forward3.4,easyBike,charging,95.0,26.04,25.0,
472.0,easyBike_forward3.1,easyBike,charging,312.0,26.02,25.0,
472.0,easyBike_forward3.0,easyBike,charging,385.0,25.82,25.0,
472.0,easyBike_forward3.3,easyBike,charging,166.0,26.04,25.0,
472.0,easyBike_forward3.2,easyBike,charging,240.0,26.05,25.0,
472.0,easyBike_forward3.5,easyBike,waiting,,0.0,0.0,23.0
473.0,easyBike_forward3.4,easyBike,charging,96.0,26.04,25.0,
473.0,easyBike_forward3.1,easyBike,charging,313.0,26.01,25.0,
473.0,easyBike_forward3.0,easyBike,charging,386.0,25.82,25.0,
473.0,easyBike_forward3.3,easyBike,charging,167.0,26.04,25.0,
473.0,easyBike_forward3.2,easyBike,charging,241.0,26.05,25.0,
473.0,easyBike_forward3.5,easyBike,waiting,,0.0,0.0,24.0
474.0,easyBike_forward3.4,easyBike,charging,97.0,26.04,25.0,
474.0,easyBike_forward3.1,easyBike,charging,314.0,26.01,25.0,
474.0,easyBike_forward3.0,easyBike,charging,387.0,25.82,25.0,
474.0,easyBike_forward3.3,easyBike,charging,168.0,26.04,25.0,
474.0,easyBike_forward3.2,easyBike,charging,242.0,26.05,25.0,
474.0,easyBike_forward3.5,easyBike,waiting,,0.0,0.0,25.0
475.0,easyBike_forward3.4,easyBike,charging,98.0,26.04,25.0,
475.0,easyBike_forward3.1,easyBike,charging,315.0,26.0,25.0,
475.0,easyBike_forward3.0,easyBike,charging,388.0,25.82,25.0,
475.0,easyBike_forward3.3,easyBike,charging,169.0,26.04,25.0,
475.0,easyBike_forward3.2,easyBike,charging,243.0,26.05,25.0,
475.0,easyBike_forward3.5,easyBike,waiting,,0.0,0.0,26.0
476.0,easyBike_forward3.4,easyBike,charging,99.0,26.04,25.0,
476.0,easyBike_forward3.1,easyBike,charging,316.0,25.99,25.0,
476.0,easyBike_forward3.0,easyBike,charging,389.0,25.82,25.0,
476.0,easyBike_forward3.3,easyBike,charging,170.0,26.04,25.0,
476.0,easyBike_forward3.2,easyBike,charging,244.0,26.05,25.0,
476.0,easyBike_forward3.5,easyBike,waiting,,0.0,0.0,27.0
477.0,easyBike_forward3.4,easyBike,charging,100.0,26.04,25.0,
477.0,easyBike_forward3.1,easyBike,charging,317.0,25.99,25.0,
477.0,easyBike_forward3.0,easyBike,charging,390.0,25.81,25.0,
477.0,easyBike_forward3.3,easyBike,charging,171.0,26.04,25.0,
477.0,easyBike_forward3.2,easyBike,charging,245.0,26.05,25.0,
477.0,easyBike_forward3.5,easyBike,waiting,,0.0,0.0,28.0
478.0,easyBike_forward3.4,easyBike,charging,101.0,26.04,25.0,
478.0,easyBike_forward3.1,easyBike,charging,318.0,25.98,25.0,
478.0,easyBike_forward3.0,easyBike,charging,391.0,25.81,25.0,
478.0,easyBike_forward3.3,easyBike,charging,172.0,26.04,25.0,
478.0,easyBike_forward3.2,easyBike,charging,246.0,26.05,25.0,
478.0,easyBike_forward3.5,easyBike,waiting,,0.0,0.0,29.0
479.0,easyBike_forward3.4,easyBike,charging,102.0,26.04,25.0,
479.0,easyBike_forward3.1,easyBike,charging,319.0,25.98,25.0,
479.0,easyBike_forward3.0,easyBike,charging,392.0,25.81,25.0,
479.0,easyBike_forward3.3,easyBike,charging,173.0,26.04,25.0,
479.0,easyBike_forward3.2,easyBike,charging,247.0,26.05,25.0,
479.0,easyBike_forward3.5,easyBike,waiting,,0.0,0.0,30.0
480.0,easyBike_forward3.4,easyBike,charging,103.0,26.04,25.0,
480.0,easyBike_forward3.1,easyBike,charging,320.0,25.98,25.0,
480.0,easyBike_forward3.0,easyBike,charging,393.0,25.81,25.0,
480.0,easyBike_forward3.3,easyBike,charging,174.0,26.04,25.0,
480.0,easyBike_forward3.2,easyBike,charging,248.0,26.05,25.0,
480.0,easyBike_forward3.5,easyBike,waiting,,0.0,0.0,31.0
481.0,easyBike_forward3.4,easyBike,charging,104.0,26.04,25.0,
481.0,easyBike_forward3.1,easyBike,charging,321.0,25.97,25.0,
481.0,easyBike_forward3.0,easyBike,charging,394.0,25.8,25.0,
481.0,easyBike_forward3.3,easyBike,charging,175.0,26.04,25.0,
481.0,easyBike_forward3.2,easyBike,charging,249.0,26.05,25.0,
481.0,easyBike_forward3.5,easyBike,waiting,,0.0,0.0,32.0
482.0,easyBike_forward3.4,easyBike,charging,105.0,26.04,25.0,
482.0,easyBike_forward3.1,easyBike,charging,322.0,25.97,25.0,
482.0,easyBike_forward3.0,easyBike,charging,395.0,25.8,25.0,
482.0,easyBike_forward3.3,easyBike,charging,176.0,26.04,25.0,
482.0,easyBike_forward3.2,easyBike,charging,250.0,26.05,25.0,
482.0,easyBike_forward3.5,easyBike,waiting,,0.0,0.0,33.0
483.0,easyBike_forward3.4,easyBike,charging,106.0,26.04,25.0,
483.0,easyBike_forward3.1,easyBike,charging,323.0,25.97,25.0,
483.0,easyBike_forward3.0,easyBike,charging,396.0,25.8,25.0,
483.0,easyBike_forward3.3,easyBike,charging,177.0,26.04,25.0,
483.0,easyBike_forward3.2,easyBike,charging,251.0,26.05,25.0,
483.0,easyBike_forward3.5,easyBike,waiting,,0.0,0.0,34.0
484.0,easyBike_forward3.4,easyBike,charging,107.0,26.04,25.0,
484.0,easyBike_forward3.1,easyBike,charging,324.0,25.97,25.0,
484.0,easyBike_forward3.0,easyBike,charging,397.0,25.8,25.0,
484.0,easyBike_forward3.3,easyBike,charging,178.0,26.04,25.0,
484.0,easyBike_forward3.2,easyBike,charging,252.0,26.05,25.0,
484.0,easyBike_forward3.5,easyBike,waiting,,0.0,0.0,35.0
485.0,easyBike_forward3.4,easyBike,charging,108.0,26.04,25.0,
485.0,easyBike_forward3.1,easyBike,charging,325.0,25.96,25.0,
485.0,easyBike_forward3.0,easyBike,charging,398.0,25.8,25.0,
485.0,easyBike_forward3.3,easyBike,charging,179.0,26.04,25.0,
485.0,easyBike_forward3.2,easyBike,charging,253.0,26.05,25.0,
485.0,easyBike_forward3.5,easyBike,waiting,,0.0,0.0,36.0
486.0,easyBike_forward3.4,easyBike,charging,109.0,26.04,25.0,
486.0,easyBike_forward3.1,easyBike,charging,326.0,25.96,25.0,
486.0,easyBike_forward3.0,easyBike,charging,399.0,25.79,25.0,
486.0,easyBike_forward3.3,easyBike,charging,180.0,26.04,25.0,
486.0,easyBike_forward3.2,easyBike,charging,254.0,26.05,25.0,
486.0,easyBike_forward3.5,easyBike,waiting,,0.0,0.0,37.0
487.0,easyBike_forward3.4,easyBike,charging,110.0,26.04,25.0,
487.0,easyBike_forward3.1,easyBike,charging,327.0,25.96,25.0,
487.0,easyBike_forward3.0,easyBike,charging,400.0,25.79,25.0,
487.0,easyBike_forward3.3,easyBike,charging,181.0,26.04,25.0,
487.0,easyBike_forward3.2,easyBike,charging,255.0,26.05,25.0,
487.0,easyBike_forward3.5,easyBike,waiting,,0.0,0.0,38.0
488.0,easyBike_forward3.4,easyBike,charging,111.0,26.04,25.0,
488.0,easyBike_forward3.1,easyBike,charging,328.0,25.96,25.0,
488.0,easyBike_forward3.0,easyBike,charging,401.0,25.79,25.0,
488.0,easyBike_forward3.3,easyBike,charging,182.0,26.04,25.0,
488.0,easyBike_forward3.2,easyBike,charging,256.0,26.05,25.0,
488.0,easyBike_forward3.5,easyBike,waiting,,0.0,0.0,39.0
489.0,easyBike_forward3.4,easyBike,charging,112.0,26.04,25.0,
489.0,easyBike_forward3.1,easyBike,charging,329.0,25.96,25.0,
489.0,easyBike_forward3.0,easyBike,charging,402.0,25.79,25.0,
489.0,easyBike_forward3.3,easyBike,charging,183.0,26.04,25.0,
489.0,easyBike_forward3.2,easyBike,charging,257.0,26.05,25.0,
489.0,easyBike_forward3.5,easyBike,waiting,,0.0,0.0,40.0
490.0,easyBike_forward3.4,easyBike,charging,113.0,26.04,25.0,
490.0,easyBike_forward3.1,easyBike,charging,330.0,25.95,25.0,
490.0,easyBike_forward3.0,easyBike,charging,403.0,25.78,25.0,
490.0,easyBike_forward3.3,easyBike,charging,184.0,26.04,25.0,
490.0,easyBike_forward3.2,easyBike,charging,258.0,26.05,25.0,
490.0,easyBike_forward3.5,easyBike,waiting,,0.0,0.0,41.0
491.0,easyBike_forward3.4,easyBike,charging,114.0,26.04,25.0,
491.0,easyBike_forward3.1,easyBike,charging,331.0,25.95,25.0,
491.0,easyBike_forward3.0,easyBike,charging,404.0,25.78,25.0,
491.0,easyBike_forward3.3,easyBike,charging,185.0,26.04,25.0,
491.0,easyBike_forward3.2,easyBike,charging,259.0,26.05,25.0,
491.0,easyBike_forward3.5,easyBike,waiting,,0.0,0.0,42.0
492.0,easyBike_forward3.4,easyBike,charging,115.0,26.04,25.0,
492.0,easyBike_forward3.1,easyBike,charging,332.0,25.95,25.0,
492.0,easyBike_forward3.0,easyBike,charging,405.0,25.78,25.0,
492.0,easyBike_forward3.3,easyBike,charging,186.0,26.04,25.0,
492.0,easyBike_forward3.2,easyBike,charging,260.0,26.05,25.0,
492.0,easyBike_forward3.5,easyBike,waiting,,0.0,0.0,43.0
493.0,easyBike_forward3.4,easyBike,charging,116.0,26.04,25.0,
493.0,easyBike_forward3.1,easyBike,charging,333.0,25.95,25.0,
493.0,easyBike_forward3.0,easyBike,charging,406.0,25.78,25.0,
493.0,easyBike_forward3.3,easyBike,charging,187.0,26.04,25.0,
493.0,easyBike_forward3.2,easyBike,charging,261.0,26.05,25.0,
493.0,easyBike_forward3.5,easyBike,waiting,,0.0,0.0,44.0
494.0,easyBike_forward3.4,easyBike,charging,117.0,26.04,25.0,
494.0,easyBike_forward3.1,easyBike,charging,334.0,25.94,25.0,
494.0,easyBike_forward3.0,easyBike,charging,407.0,25.77,25.0,
494.0,easyBike_forward3.3,easyBike,charging,188.0,26.04,25.0,
494.0,easyBike_forward3.2,easyBike,charging,262.0,26.05,25.0,
494.0,easyBike_forward3.5,easyBike,waiting,,0.0,0.0,45.0
495.0,easyBike_forward3.4,easyBike,charging,118.0,26.04,25.0,
495.0,easyBike_forward3.1,easyBike,charging,335.0,25.94,25.0,
495.0,easyBike_forward3.0,easyBike,charging,408.0,25.77,25.0,
495.0,easyBike_forward3.3,easyBike,charging,189.0,26.04,25.0,
495.0,easyBike_forward3.2,easyBike,charging,263.0,26.05,25.0,
495.0,easyBike_forward3.5,easyBike,waiting,,0.0,0.0,46.0
496.0,easyBike_forward3.4,easyBike,charging,119.0,26.04,25.0,
496.0,easyBike_forward3.1,easyBike,charging,336.0,25.94,25.0,
496.0,easyBike_forward3.0,easyBike,charging,409.0,25.77,25.0,
496.0,easyBike_forward3.3,easyBike,charging,190.0,26.04,25.0,
496.0,easyBike_forward3.2,easyBike,charging,264.0,26.05,25.0,
496.0,easyBike_forward3.5,easyBike,waiting,,0.0,0.0,47.0
497.0,easyBike_forward3.4,easyBike,charging,120.0,26.04,25.0,
497.0,easyBike_forward3.1,easyBike,charging,337.0,25.94,25.0,
497.0,easyBike_forward3.0,easyBike,charging,410.0,25.77,25.0,
497.0,easyBike_forward3.3,easyBike,charging,191.0,26.04,25.0,
497.0,easyBike_forward3.2,easyBike,charging,265.0,26.05,25.0,
497.0,easyBike_forward3.5,easyBike,waiting,,0.0,0.0,48.0
498.0,easyBike_forward3.4,easyBike,charging,121.0,26.04,25.0,
498.0,easyBike_forward3.1,easyBike,charging,338.0,25.93,25.0,
498.0,easyBike_forward3.0,easyBike,charging,411.0,25.77,25.0,
498.0,easyBike_forward3.3,easyBike,charging,192.0,26.04,25.0,
498.0,easyBike_forward3.2,easyBike,charging,266.0,26.05,25.0,
498.0,easyBike_forward3.5,easyBike,waiting,,0.0,0.0,49.0
499.0,easyBike_forward3.4,easyBike,charging,122.0,26.04,25.0,
499.0,easyBike_forward3.1,easyBike,charging,339.0,25.93,25.0,
499.0,easyBike_forward3.0,easyBike,charging,412.0,25.76,25.0,
499.0,easyBike_forward3.3,easyBike,charging,193.0,26.04,25.0,
499.0,easyBike_forward3.2,easyBike,charging,267.0,26.05,25.0,
499.0,easyBike_forward3.5,easyBike,waiting,,0.0,0.0,50.0
500.0,easyBike_forward3.4,easyBike,charging,123.0,26.04,25.0,
500.0,easyBike_forward3.1,easyBike,charging,340.0,25.93,25.0,
500.0,easyBike_forward3.0,easyBike,charging,413.0,25.76,25.0,
500.0,easyBike_forward3.3,easyBike,charging,194.0,26.04,25.0,
500.0,easyBike_forward3.2,easyBike,charging,268.0,26.05,25.0,
500.0,easyBike_forward3.5,easyBike,waiting,,0.0,0.0,51.0
501.0,easyBike_forward3.4,easyBike,charging,124.0,26.04,25.0,
501.0,easyBike_forward3.1,easyBike,charging,341.0,25.93,25.0,
501.0,easyBike_forward3.0,easyBike,charging,414.0,25.76,25.0,
501.0,easyBike_forward3.3,easyBike,charging,195.0,26.04,25.0,
501.0,easyBike_forward3.2,easyBike,charging,269.0,26.05,25.0,
501.0,easyBike_forward3.5,easyBike,waiting,,0.0,0.0,52.0
502.0,easyBike_forward3.4,easyBike,charging,125.0,26.04,25.0,
502.0,easyBike_forward3.1,easyBike,charging,342.0,25.92,25.0,
502.0,easyBike_forward3.0,easyBike,charging,415.0,25.76,25.0,
502.0,easyBike_forward3.3,easyBike,charging,196.0,26.04,25.0,
502.0,easyBike_forward3.2,easyBike,charging,270.0,26.05,25.0,
502.0,easyBike_forward3.5,easyBike,waiting,,0.0,0.0,53.0
503.0,easyBike_forward3.4,easyBike,charging,126.0,26.04,25.0,
503.0,easyBike_forward3.1,easyBike,charging,343.0,25.92,25.0,
503.0,easyBike_forward3.0,easyBike,charging,416.0,25.75,25.0,
503.0,easyBike_forward3.3,easyBike,charging,197.0,26.04,25.0,
503.0,easyBike_forward3.2,easyBike,charging,271.0,26.05,25.0,
503.0,easyBike_forward3.5,easyBike,waiting,,0.0,0.0,54.0
504.0,easyBike_forward3.4,easyBike,charging,127.0,26.04,25.0,
504.0,easyBike_forward3.1,easyBike,charging,344.0,25.92,25.0,
504.0,easyBike_forward3.0,easyBike,charging,417.0,25.75,25.0,
504.0,easyBike_forward3.3,easyBike,charging,198.0,26.04,25.0,
504.0,easyBike_forward3.2,easyBike,charging,272.0,26.05,25.0,
504.0,easyBike_forward3.5,easyBike,waiting,,0.0,0.0,55.0
505.0,easyBike_forward3.4,easyBike,charging,128.0,26.04,25.0,
505.0,easyBike_forward3.1,easyBike,charging,345.0,25.92,25.0,
505.0,easyBike_forward3.0,easyBike,charging,418.0,25.75,25.0,
505.0,easyBike_forward3.3,easyBike,charging,199.0,26.04,25.0,
505.0,easyBike_forward3.2,easyBike,charging,273.0,26.05,25.0,
505.0,easyBike_forward3.5,easyBike,waiting,,0.0,0.0,56.0
506.0,easyBike_forward3.4,easyBike,charging,129.0,26.04,25.0,
506.0,easyBike_forward3.1,easyBike,charging,346.0,25.92,25.0,
506.0,easyBike_forward3.0,easyBike,charging,419.0,25.75,25.0,
506.0,easyBike_forward3.3,easyBike,charging,200.0,26.04,25.0,
506.0,easyBike_forward3.2,easyBike,charging,274.0,26.05,25.0,
506.0,easyBike_forward3.5,easyBike,waiting,,0.0,0.0,57.0
507.0,easyBike_forward3.4,easyBike,charging,130.0,26.04,25.0,
507.0,easyBike_forward3.1,easyBike,charging,347.0,25.91,25.0,
507.0,easyBike_forward3.0,easyBike,charging,420.0,25.74,25.0,
507.0,easyBike_forward3.3,easyBike,charging,201.0,26.04,25.0,
507.0,easyBike_forward3.2,easyBike,charging,275.0,26.05,25.0,
507.0,easyBike_forward3.5,easyBike,waiting,,0.0,0.0,58.0
508.0,easyBike_forward3.4,easyBike,charging,131.0,26.04,25.0,
508.0,easyBike_forward3.1,easyBike,charging,348.0,25.91,25.0,
508.0,easyBike_forward3.0,easyBike,charging,421.0,25.74,25.0,
508.0,easyBike_forward3.3,easyBike,charging,202.0,26.04,25.0,
508.0,easyBike_forward3.2,easyBike,charging,276.0,26.05,25.0,
508.0,easyBike_forward3.5,easyBike,waiting,,0.0,0.0,59.0
509.0,easyBike_forward3.4,easyBike,charging,132.0,26.04,25.0,
509.0,easyBike_forward3.1,easyBike,charging,349.0,25.91,25.0,
509.0,easyBike_forward3.0,easyBike,charging,422.0,25.74,25.0,
509.0,easyBike_forward3.3,easyBike,charging,203.0,26.04,25.0,
509.0,easyBike_forward3.2,easyBike,charging,277.0,26.05,25.0,
509.0,easyBike_forward3.5,easyBike,waiting,,0.0,0.0,60.0
510.0,easyBike_forward3.4,easyBike,charging,133.0,26.04,25.0,
510.0,easyBike_forward3.1,easyBike,charging,350.0,25.91,25.0,
510.0,easyBike_forward3.0,easyBike,charging,423.0,25.74,25.0,
510.0,easyBike_forward3.3,easyBike,charging,204.0,26.04,25.0,
510.0,easyBike_forward3.2,easyBike,charging,278.0,26.05,25.0,
510.0,easyBike_forward3.5,easyBike,waiting,,0.0,0.0,61.0
511.0,easyBike_forward3.4,easyBike,charging,134.0,26.04,25.0,
511.0,easyBike_forward3.1,easyBike,charging,351.0,25.9,25.0,
511.0,easyBike_forward3.0,easyBike,charging,424.0,25.73,25.0,
511.0,easyBike_forward3.3,easyBike,charging,205.0,26.04,25.0,
511.0,easyBike_forward3.2,easyBike,charging,279.0,26.05,25.0,
511.0,easyBike_forward3.5,easyBike,waiting,,0.0,0.0,62.0
512.0,easyBike_forward3.4,easyBike,charging,135.0,26.04,25.0,
512.0,easyBike_forward3.1,easyBike,charging,352.0,25.9,25.0,
512.0,easyBike_forward3.0,easyBike,charging,425.0,25.73,25.0,
512.0,easyBike_forward3.3,easyBike,charging,206.0,26.04,25.0,
512.0,easyBike_forward3.2,easyBike,charging,280.0,26.05,25.0,
512.0,easyBike_forward3.5,easyBike,waiting,,0.0,0.0,63.0
513.0,easyBike_forward3.4,easyBike,charging,136.0,26.04,25.0,
513.0,easyBike_forward3.1,easyBike,charging,353.0,25.9,25.0,
513.0,easyBike_forward3.0,easyBike,charging,426.0,25.73,25.0,
513.0,easyBike_forward3.3,easyBike,charging,207.0,26.04,25.0,
513.0,easyBike_forward3.2,easyBike,charging,281.0,26.05,25.0,
513.0,easyBike_forward3.5,easyBike,waiting,,0.0,0.0,64.0
514.0,easyBike_forward3.4,easyBike,charging,137.0,26.04,25.0,
514.0,easyBike_forward3.1,easyBike,charging,354.0,25.9,25.0,
514.0,easyBike_forward3.0,easyBike,charging,427.0,25.73,25.0,
514.0,easyBike_forward3.3,easyBike,charging,208.0,26.04,25.0,
514.0,easyBike_forward3.2,easyBike,charging,282.0,26.05,25.0,
514.0,easyBike_forward3.5,easyBike,waiting,,0.0,0.0,65.0
515.0,easyBike_forward3.4,easyBike,charging,138.0,26.04,25.0,
515.0,easyBike_forward3.1,easyBike,charging,355.0,25.89,25.0,
515.0,easyBike_forward3.0,easyBike,charging,428.0,25.73,25.0,
515.0,easyBike_forward3.3,easyBike,charging,209.0,26.04,25.0,
515.0,easyBike_forward3.2,easyBike,charging,283.0,26.05,25.0,
515.0,easyBike_forward3.5,easyBike,waiting,,0.0,0.0,66.0
516.0,easyBike_forward3.4,easyBike,charging,139.0,26.04,25.0,
516.0,easyBike_forward3.1,easyBike,charging,356.0,25.89,25.0,
516.0,easyBike_forward3.0,easyBike,charging,429.0,25.72,25.0,
516.0,easyBike_forward3.3,easyBike,charging,210.0,26.04,25.0,
516.0,easyBike_forward3.2,easyBike,charging,284.0,26.05,25.0,
516.0,easyBike_forward3.5,easyBike,waiting,,0.0,0.0,67.0
517.0,easyBike_forward3.4,easyBike,charging,140.0,26.04,25.0,
517.0,easyBike_forward3.1,easyBike,charging,357.0,25.89,25.0,
517.0,easyBike_forward3.0,easyBike,charging,430.0,25.72,25.0,
517.0,easyBike_forward3.3,easyBike,charging,211.0,26.04,25.0,
517.0,easyBike_forward3.2,easyBike,charging,285.0,26.05,25.0,
517.0,easyBike_forward3.5,easyBike,waiting,,0.0,0.0,68.0
518.0,easyBike_forward3.4,easyBike,charging,141.0,26.04,25.0,
518.0,easyBike_forward3.1,easyBike,charging,358.0,25.89,25.0,
518.0,easyBike_forward3.0,easyBike,charging,431.0,25.72,25.0,
518.0,easyBike_forward3.3,easyBike,charging,212.0,26.04,25.0,
518.0,easyBike_forward3.2,easyBike,charging,286.0,26.05,25.0,
518.0,easyBike_forward3.5,easyBike,waiting,,0.0,0.0,69.0
519.0,easyBike_forward3.4,easyBike,charging,142.0,26.04,25.0,
519.0,easyBike_forward3.1,easyBike,charging,359.0,25.89,25.0,
519.0,easyBike_forward3.0,easyBike,charging,432.0,25.72,25.0,
519.0,easyBike_forward3.3,easyBike,charging,213.0,26.04,25.0,
519.0,easyBike_forward3.2,easyBike,charging,287.0,26.05,25.0,
519.0,easyBike_forward3.5,easyBike,waiting,,0.0,0.0,70.0
520.0,easyBike_forward3.4,easyBike,charging,143.0,26.04,25.0,
520.0,easyBike_forward3.1,easyBike,charging,360.0,25.88,25.0,
520.0,easyBike_forward3.0,easyBike,charging,433.0,25.71,25.0,
520.0,easyBike_forward3.3,easyBike,charging,214.0,26.04,25.0,
520.0,easyBike_forward3.2,easyBike,charging,288.0,26.05,25.0,
520.0,easyBike_forward3.5,easyBike,waiting,,0.0,0.0,71.0
521.0,easyBike_forward3.4,easyBike,charging,144.0,26.04,25.0,
521.0,easyBike_forward3.1,easyBike,charging,361.0,25.88,25.0,
521.0,easyBike_forward3.0,easyBike,charging,434.0,25.71,25.0,
521.0,easyBike_forward3.3,easyBike,charging,215.0,26.04,25.0,
521.0,easyBike_forward3.2,easyBike,charging,289.0,26.05,25.0,
521.0,easyBike_forward3.5,easyBike,waiting,,0.0,0.0,72.0
522.0,easyBike_forward3.4,easyBike,charging,145.0,26.04,25.0,
522.0,easyBike_forward3.1,easyBike,charging,362.0,25.88,25.0,
522.0,easyBike_forward3.0,easyBike,charging,435.0,25.71,25.0,
522.0,easyBike_forward3.3,easyBike,charging,216.0,26.04,25.0,
522.0,easyBike_forward3.2,easyBike,charging,290.0,26.05,25.0,
522.0,easyBike_forward3.5,easyBike,waiting,,0.0,0.0,73.0
523.0,easyBike_forward3.4,easyBike,charging,146.0,26.04,25.0,
523.0,easyBike_forward3.1,easyBike,charging,363.0,25.88,25.0,
523.0,easyBike_forward3.0,easyBike,charging,436.0,25.71,25.0,
523.0,easyBike_forward3.3,easyBike,charging,217.0,26.04,25.0,
523.0,easyBike_forward3.2,easyBike,charging,291.0,26.05,25.0,
523.0,easyBike_forward3.5,easyBike,waiting,,0.0,0.0,74.0
524.0,easyBike_forward3.4,easyBike,charging,147.0,26.04,25.0,
524.0,easyBike_forward3.1,easyBike,charging,364.0,25.87,25.0,
524.0,easyBike_forward3.0,easyBike,charging,437.0,25.71,25.0,
524.0,easyBike_forward3.3,easyBike,charging,218.0,26.04,25.0,
524.0,easyBike_forward3.2,easyBike,charging,292.0,26.05,25.0,
524.0,easyBike_forward3.5,easyBike,waiting,,0.0,0.0,75.0
525.0,easyBike_forward3.4,easyBike,charging,148.0,26.04,25.0,
525.0,easyBike_forward3.1,easyBike,charging,365.0,25.87,25.0,
525.0,easyBike_forward3.0,easyBike,charging,438.0,25.7,25.0,
525.0,easyBike_forward3.3,easyBike,charging,219.0,26.04,25.0,
525.0,easyBike_forward3.2,easyBike,charging,293.0,26.05,25.0,
525.0,easyBike_forward3.5,easyBike,waiting,,0.0,0.0,76.0
526.0,easyBike_forward3.4,easyBike,charging,149.0,26.04,25.0,
526.0,easyBike_forward3.1,easyBike,charging,366.0,25.87,25.0,
526.0,easyBike_forward3.0,easyBike,charging,439.0,25.7,25.0,
526.0,easyBike_forward3.3,easyBike,charging,220.0,26.04,25.0,
526.0,easyBike_forward3.2,easyBike,charging,294.0,26.05,25.0,
526.0,easyBike_forward3.5,easyBike,waiting,,0.0,0.0,77.0
527.0,easyBike_forward3.4,easyBike,charging,150.0,26.04,25.0,
527.0,easyBike_forward3.1,easyBike,charging,367.0,25.87,25.0,
527.0,easyBike_forward3.0,easyBike,charging,440.0,25.7,25.0,
527.0,easyBike_forward3.3,easyBike,charging,221.0,26.04,25.0,
527.0,easyBike_forward3.2,easyBike,charging,295.0,26.05,25.0,
527.0,easyBike_forward3.5,easyBike,waiting,,0.0,0.0,78.0
528.0,easyBike_forward3.4,easyBike,charging,151.0,26.04,25.0,
528.0,easyBike_forward3.1,easyBike,charging,368.0,25.86,25.0,
528.0,easyBike_forward3.0,easyBike,charging,441.0,25.7,25.0,
528.0,easyBike_forward3.3,easyBike,charging,222.0,26.04,25.0,
528.0,easyBike_forward3.2,easyBike,charging,296.0,26.05,25.0,
528.0,easyBike_forward3.5,easyBike,waiting,,0.0,0.0,79.0
529.0,easyBike_forward3.4,easyBike,charging,152.0,26.04,25.0,
529.0,easyBike_forward3.1,easyBike,charging,369.0,25.86,25.0,
529.0,easyBike_forward3.0,easyBike,charging,442.0,25.69,25.0,
529.0,easyBike_forward3.3,easyBike,charging,223.0,26.04,25.0,
529.0,easyBike_forward3.2,easyBike,charging,297.0,26.05,25.0,
529.0,easyBike_forward3.5,easyBike,waiting,,0.0,0.0,80.0
530.0,easyBike_forward3.4,easyBike,charging,153.0,26.04,25.0,
530.0,easyBike_forward3.1,easyBike,charging,370.0,25.86,25.0,
530.0,easyBike_forward3.0,easyBike,charging,443.0,25.69,25.0,
530.0,easyBike_forward3.3,easyBike,charging,224.0,26.04,25.0,
530.0,easyBike_forward3.2,easyBike,charging,298.0,26.05,25.0,
530.0,easyBike_forward3.5,easyBike,waiting,,0.0,0.0,81.0
531.0,easyBike_forward3.4,easyBike,charging,154.0,26.04,25.0,
531.0,easyBike_forward3.1,easyBike,charging,371.0,25.86,25.0,
531.0,easyBike_forward3.0,easyBike,charging,444.0,25.69,25.0,
531.0,easyBike_forward3.3,easyBike,charging,225.0,26.04,25.0,
531.0,easyBike_forward3.2,easyBike,charging,299.0,26.05,25.0,
531.0,easyBike_forward3.5,easyBike,waiting,,0.0,0.0,82.0
532.0,easyBike_forward3.4,easyBike,charging,155.0,26.04,25.0,
532.0,easyBike_forward3.1,easyBike,charging,372.0,25.85,25.0,
532.0,easyBike_forward3.0,easyBike,charging,445.0,25.69,25.0,
532.0,easyBike_forward3.3,easyBike,charging,226.0,26.04,25.0,
532.0,easyBike_forward3.2,easyBike,charging,300.0,26.05,25.0,
532.0,easyBike_forward3.5,easyBike,waiting,,0.0,0.0,83.0
533.0,easyBike_forward3.4,easyBike,charging,156.0,26.04,25.0,
533.0,easyBike_forward3.1,easyBike,charging,373.0,25.85,25.0,
533.0,easyBike_forward3.0,easyBike,charging,446.0,25.68,25.0,
533.0,easyBike_forward3.3,easyBike,charging,227.0,26.04,25.0,
533.0,easyBike_forward3.2,easyBike,charging,301.0,26.05,25.0,
533.0,easyBike_forward3.5,easyBike,waiting,,0.0,0.0,84.0
534.0,easyBike_forward3.4,easyBike,charging,157.0,26.04,25.0,
534.0,easyBike_forward3.1,easyBike,charging,374.0,25.85,25.0,
534.0,easyBike_forward3.0,easyBike,charging,447.0,25.68,25.0,
534.0,easyBike_forward3.3,easyBike,charging,228.0,26.04,25.0,
534.0,easyBike_forward3.2,easyBike,charging,302.0,26.04,25.0,
534.0,easyBike_forward3.5,easyBike,waiting,,0.0,0.0,85.0
535.0,easyBike_forward3.4,easyBike,charging,158.0,26.04,25.0,
535.0,easyBike_forward3.1,easyBike,charging,375.0,25.85,25.0,
535.0,easyBike_forward3.0,easyBike,charging,448.0,25.68,25.0,
535.0,easyBike_forward3.3,easyBike,charging,229.0,26.04,25.0,
535.0,easyBike_forward3.2,easyBike,charging,303.0,26.04,25.0,
535.0,easyBike_forward3.5,easyBike,waiting,,0.0,0.0,86.0
536.0,easyBike_forward3.4,easyBike,charging,159.0,26.04,25.0,
536.0,easyBike_forward3.1,easyBike,charging,376.0,25.84,25.0,
536.0,easyBike_forward3.0,easyBike,charging,449.0,25.68,25.0,
536.0,easyBike_forward3.3,easyBike,charging,230.0,26.04,25.0,
536.0,easyBike_forward3.2,easyBike,charging,304.0,26.04,25.0,
536.0,easyBike_forward3.5,easyBike,waiting,,0.0,0.0,87.0
537.0,easyBike_forward3.4,easyBike,charging,160.0,26.04,25.0,
537.0,easyBike_forward3.1,easyBike,charging,377.0,25.84,25.0,
537.0,easyBike_forward3.0,easyBike,charging,450.0,25.68,25.0,
537.0,easyBike_forward3.3,easyBike,charging,231.0,26.04,25.0,
537.0,easyBike_forward3.2,easyBike,charging,305.0,26.03,25.0,
537.0,easyBike_forward3.5,easyBike,waiting,,0.0,0.0,88.0
538.0,easyBike_forward3.4,easyBike,charging,161.0,26.04,25.0,
538.0,easyBike_forward3.1,easyBike,charging,378.0,25.84,25.0,
538.0,easyBike_forward3.0,easyBike,charging,451.0,25.67,25.0,
538.0,easyBike_forward3.3,easyBike,charging,232.0,26.04,25.0,
538.0,easyBike_forward3.2,easyBike,charging,306.0,26.03,25.0,
538.0,easyBike_forward3.5,easyBike,waiting,,0.0,0.0,89.0
539.0,easyBike_forward3.4,easyBike,charging,162.0,26.04,25.0,
539.0,easyBike_forward3.1,easyBike,charging,379.0,25.84,25.0,
539.0,easyBike_forward3.0,easyBike,charging,452.0,25.67,25.0,
539.0,easyBike_forward3.3,easyBike,charging,233.0,26.04,25.0,
539.0,easyBike_forward3.2,easyBike,charging,307.0,26.03,25.0,
539.0,easyBike_forward3.5,easyBike,waiting,,0.0,0.0,90.0
540.0,easyBike_forward3.4,easyBike,charging,163.0,26.04,25.0,
540.0,easyBike_forward3.1,easyBike,charging,380.0,25.83,25.0,
540.0,easyBike_forward3.0,easyBike,charging,453.0,25.67,25.0,
540.0,easyBike_forward3.3,easyBike,charging,234.0,26.04,25.0,
540.0,easyBike_forward3.2,easyBike,charging,308.0,26.02,25.0,
540.0,easyBike_forward3.5,easyBike,waiting,,0.0,0.0,91.0
541.0,easyBike_forward3.4,easyBike,charging,164.0,26.04,25.0,
541.0,easyBike_forward3.1,easyBike,charging,381.0,25.83,25.0,
541.0,easyBike_forward3.0,easyBike,charging,454.0,25.67,25.0,
541.0,easyBike_forward3.3,easyBike,charging,235.0,26.04,25.0,
541.0,easyBike_forward3.2,easyBike,charging,309.0,26.01,25.0,
541.0,easyBike_forward3.5,easyBike,waiting,,0.0,0.0,92.0
542.0,easyBike_forward3.4,easyBike,charging,165.0,26.04,25.0,
542.0,easyBike_forward3.1,easyBike,charging,382.0,25.83,25.0,
542.0,easyBike_forward3.0,easyBike,charging,455.0,25.66,25.0,
542.0,easyBike_forward3.3,easyBike,charging,236.0,26.04,25.0,
542.0,easyBike_forward3.2,easyBike,charging,310.0,26.01,25.0,
542.0,easyBike_forward3.5,easyBike,waiting,,0.0,0.0,93.0
543.0,easyBike_forward3.4,easyBike,charging,166.0,26.04,25.0,
543.0,easyBike_forward3.1,easyBike,charging,383.0,25.83,25.0,
543.0,easyBike_forward3.0,easyBike,charging,456.0,25.66,25.0,
543.0,easyBike_forward3.3,easyBike,charging,237.0,26.04,25.0,
543.0,easyBike_forward3.2,easyBike,charging,311.0,26.02,25.0,
543.0,easyBike_forward3.5,easyBike,waiting,,0.0,0.0,94.0
544.0,easyBike_forward3.4,easyBike,charging,167.0,26.04,25.0,
544.0,easyBike_forward3.1,easyBike,charging,384.0,25.82,25.0,
544.0,easyBike_forward3.0,easyBike,charging,457.0,25.66,25.0,
544.0,easyBike_forward3.3,easyBike,charging,238.0,26.04,25.0,
544.0,easyBike_forward3.2,easyBike,charging,312.0,26.01,25.0,
544.0,easyBike_forward3.5,easyBike,waiting,,0.0,0.0,95.0
545.0,easyBike_forward3.4,easyBike,charging,168.0,26.04,25.0,
545.0,easyBike_forward3.1,easyBike,charging,385.0,25.82,25.0,
545.0,easyBike_forward3.0,easyBike,charging,458.0,25.66,25.0,
545.0,easyBike_forward3.3,easyBike,charging,239.0,26.04,25.0,
545.0,easyBike_forward3.2,easyBike,charging,313.0,26.0,25.0,
545.0,easyBike_forward3.5,easyBike,waiting,,0.0,0.0,96.0
546.0,easyBike_forward3.4,easyBike,charging,169.0,26.04,25.0,
546.0,easyBike_forward3.1,easyBike,charging,386.0,25.82,25.0,
546.0,easyBike_forward3.0,easyBike,charging,459.0,25.66,25.0,
546.0,easyBike_forward3.3,easyBike,charging,240.0,26.04,25.0,
546.0,easyBike_forward3.2,easyBike,charging,314.0,26.0,25.0,
546.0,easyBike_forward3.5,easyBike,waiting,,0.0,0.0,97.0
547.0,easyBike_forward3.4,easyBike,charging,170.0,26.04,25.0,
547.0,easyBike_forward3.1,easyBike,charging,387.0,25.82,25.0,
547.0,easyBike_forward3.0,easyBike,charging,460.0,25.65,25.0,
547.0,easyBike_forward3.3,easyBike,charging,241.0,26.04,25.0,
547.0,easyBike_forward3.2,easyBike,charging,315.0,25.99,25.0,
547.0,easyBike_forward3.5,easyBike,waiting,,0.0,0.0,98.0
548.0,easyBike_forward3.4,easyBike,charging,171.0,26.04,25.0,
548.0,easyBike_forward3.1,easyBike,charging,388.0,25.82,25.0,
548.0,easyBike_forward3.0,easyBike,charging,461.0,25.65,25.0,
548.0,easyBike_forward3.3,easyBike,charging,242.0,26.04,25.0,
548.0,easyBike_forward3.2,easyBike,charging,316.0,25.98,25.0,
548.0,easyBike_forward3.5,easyBike,waiting,,0.0,0.0,99.0
549.0,easyBike_forward3.4,easyBike,charging,172.0,26.04,25.0,
549.0,easyBike_forward3.1,easyBike,charging,389.0,25.81,25.0,
549.0,easyBike_forward3.0,easyBike,charging,462.0,25.65,25.0,
549.0,easyBike_forward3.3,easyBike,charging,243.0,26.04,25.0,
549.0,easyBike_forward3.2,easyBike,charging,317.0,25.98,25.0,
549.0,easyBike_forward3.5,easyBike,waiting,,0.0,0.0,100.0
550.0,easyBike_forward3.4,easyBike,charging,173.0,26.04,25.0,
550.0,easyBike_forward3.1,easyBike,charging,390.0,25.81,25.0,
550.0,easyBike_forward3.0,easyBike,charging,463.0,25.65,25.0,
550.0,easyBike_forward3.3,easyBike,charging,244.0,26.04,25.0,
550.0,easyBike_forward3.2,easyBike,charging,318.0,25.98,25.0,
550.0,easyBike_forward3.5,easyBike,waiting,,0.0,0.0,101.0
551.0,easyBike_forward3.4,easyBike,charging,174.0,26.04,25.0,
551.0,easyBike_forward3.1,easyBike,charging,391.0,25.81,25.0,
551.0,easyBike_forward3.0,easyBike,charging,464.0,25.64,25.0,
551.0,easyBike_forward3.3,easyBike,charging,245.0,26.04,25.0,
551.0,easyBike_forward3.2,easyBike,charging,319.0,25.98,25.0,
551.0,easyBike_forward3.5,easyBike,waiting,,0.0,0.0,102.0
552.0,easyBike_forward3.4,easyBike,charging,175.0,26.04,25.0,
552.0,easyBike_forward3.1,easyBike,charging,392.0,25.81,25.0,
552.0,easyBike_forward3.0,easyBike,charging,465.0,25.64,25.0,
552.0,easyBike_forward3.3,easyBike,charging,246.0,26.04,25.0,
552.0,easyBike_forward3.2,easyBike,charging,320.0,25.97,25.0,
552.0,easyBike_forward3.5,easyBike,waiting,,0.0,0.0,103.0
553.0,easyBike_forward3.4,easyBike,charging,176.0,26.04,25.0,
553.0,easyBike_forward3.1,easyBike,charging,393.0,25.8,25.0,
553.0,easyBike_forward3.0,easyBike,charging,466.0,25.64,25.0,
553.0,easyBike_forward3.3,easyBike,charging,247.0,26.04,25.0,
553.0,easyBike_forward3.2,easyBike,charging,321.0,25.97,25.0,
553.0,easyBike_forward3.5,easyBike,waiting,,0.0,0.0,104.0
554.0,easyBike_forward3.4,easyBike,charging,177.0,26.04,25.0,
554.0,easyBike_forward3.1,easyBike,charging,394.0,25.8,25.0,
554.0,easyBike_forward3.0,easyBike,charging,467.0,25.64,25.0,
554.0,easyBike_forward3.3,easyBike,charging,248.0,26.04,25.0,
554.0,easyBike_forward3.2,easyBike,charging,322.0,25.97,25.0,
554.0,easyBike_forward3.5,easyBike,waiting,,0.0,0.0,105.0
555.0,easyBike_forward3.4,easyBike,charging,178.0,26.04,25.0,
555.0,easyBike_forward3.1,easyBike,charging,395.0,25.8,25.0,
555.0,easyBike_forward3.0,easyBike,charging,468.0,25.63,25.0,
555.0,easyBike_forward3.3,easyBike,charging,249.0,26.04,25.0,
555.0,easyBike_forward3.2,easyBike,charging,323.0,25.97,25.0,
555.0,easyBike_forward3.5,easyBike,waiting,,0.0,0.0,106.0
556.0,easyBike_forward3.4,easyBike,charging,179.0,26.04,25.0,
556.0,easyBike_forward3.1,easyBike,charging,396.0,25.8,25.0,
556.0,easyBike_forward3.0,easyBike,charging,469.0,25.63,25.0,
556.0,easyBike_forward3.3,easyBike,charging,250.0,26.04,25.0,
556.0,easyBike_forward3.2,easyBike,charging,324.0,25.97,25.0,
556.0,easyBike_forward3.5,easyBike,waiting,,0.0,0.0,107.0
557.0,easyBike_forward3.4,easyBike,charging,180.0,26.04,25.0,
557.0,easyBike_forward3.1,easyBike,charging,397.0,25.8,25.0,
557.0,easyBike_forward3.0,easyBike,charging,470.0,25.63,25.0,
557.0,easyBike_forward3.3,easyBike,charging,251.0,26.04,25.0,
557.0,easyBike_forward3.2,easyBike,charging,325.0,25.96,25.0,
557.0,easyBike_forward3.5,easyBike,waiting,,0.0,0.0,108.0
558.0,easyBike_forward3.4,easyBike,charging,181.0,26.04,25.0,
558.0,easyBike_forward3.1,easyBike,charging,398.0,25.79,25.0,
558.0,easyBike_forward3.0,easyBike,charging,471.0,25.63,25.0,
558.0,easyBike_forward3.3,easyBike,charging,252.0,26.04,25.0,
558.0,easyBike_forward3.2,easyBike,charging,326.0,25.96,25.0,
558.0,easyBike_forward3.5,easyBike,waiting,,0.0,0.0,109.0
559.0,easyBike_forward3.4,easyBike,charging,182.0,26.04,25.0,
559.0,easyBike_forward3.1,easyBike,charging,399.0,25.79,25.0,
559.0,easyBike_forward3.0,easyBike,charging,472.0,25.63,25.0,
559.0,easyBike_forward3.3,easyBike,charging,253.0,26.04,25.0,
559.0,easyBike_forward3.2,easyBike,charging,327.0,25.96,25.0,
559.0,easyBike_forward3.5,easyBike,waiting,,0.0,0.0,110.0
560.0,easyBike_forward3.4,easyBike,charging,183.0,26.04,25.0,
560.0,easyBike_forward3.1,easyBike,charging,400.0,25.79,25.0,
560.0,easyBike_forward3.0,easyBike,charging,473.0,25.62,25.0,
560.0,easyBike_forward3.3,easyBike,charging,254.0,26.04,25.0,
560.0,easyBike_forward3.2,easyBike,charging,328.0,25.96,25.0,
560.0,easyBike_forward3.5,easyBike,waiting,,0.0,0.0,111.0
561.0,easyBike_forward3.4,easyBike,charging,184.0,26.04,25.0,
561.0,easyBike_forward3.1,easyBike,charging,401.0,25.79,25.0,
561.0,easyBike_forward3.0,easyBike,charging,474.0,25.62,25.0,
561.0,easyBike_forward3.3,easyBike,charging,255.0,26.04,25.0,
561.0,easyBike_forward3.2,easyBike,charging,329.0,25.95,25.0,
561.0,easyBike_forward3.5,easyBike,waiting,,0.0,0.0,112.0
562.0,easyBike_forward3.4,easyBike,charging,185.0,26.04,25.0,
562.0,easyBike_forward3.1,easyBike,charging,402.0,25.78,25.0,
562.0,easyBike_forward3.0,easyBike,charging,475.0,25.62,25.0,
562.0,easyBike_forward3.3,easyBike,charging,256.0,26.04,25.0,
562.0,easyBike_forward3.2,easyBike,charging,330.0,25.95,25.0,
562.0,easyBike_forward3.5,easyBike,waiting,,0.0,0.0,113.0
563.0,easyBike_forward3.4,easyBike,charging,186.0,26.04,25.0,
563.0,easyBike_forward3.1,easyBike,charging,403.0,25.78,25.0,
563.0,easyBike_forward3.0,easyBike,charging,476.0,25.62,25.0,
563.0,easyBike_forward3.3,easyBike,charging,257.0,26.04,25.0,
563.0,easyBike_forward3.2,easyBike,charging,331.0,25.95,25.0,
563.0,easyBike_forward3.5,easyBike,waiting,,0.0,0.0,114.0
564.0,easyBike_forward3.4,easyBike,charging,187.0,26.04,25.0,
564.0,easyBike_forward3.1,easyBike,charging,404.0,25.78,25.0,
564.0,easyBike_forward3.0,easyBike,charging,477.0,25.61,25.0,
564.0,easyBike_forward3.3,easyBike,charging,258.0,26.04,25.0,
564.0,easyBike_forward3.2,easyBike,charging,332.0,25.95,25.0,
564.0,easyBike_forward3.5,easyBike,waiting,,0.0,0.0,115.0
565.0,easyBike_forward3.4,easyBike,charging,188.0,26.04,25.0,
565.0,easyBike_forward3.1,easyBike,charging,405.0,25.78,25.0,
565.0,easyBike_forward3.0,easyBike,charging,478.0,25.61,25.0,
565.0,easyBike_forward3.3,easyBike,charging,259.0,26.04,25.0,
565.0,easyBike_forward3.2,easyBike,charging,333.0,25.95,25.0,
565.0,easyBike_forward3.5,easyBike,waiting,,0.0,0.0,116.0
566.0,easyBike_forward3.4,easyBike,charging,189.0,26.04,25.0,
566.0,easyBike_forward3.1,easyBike,charging,406.0,25.77,25.0,
566.0,easyBike_forward3.0,easyBike,charging,479.0,25.61,25.0,
566.0,easyBike_forward3.3,easyBike,charging,260.0,26.04,25.0,
566.0,easyBike_forward3.2,easyBike,charging,334.0,25.94,25.0,
566.0,easyBike_forward3.5,easyBike,waiting,,0.0,0.0,117.0
567.0,easyBike_forward3.4,easyBike,charging,190.0,26.04,25.0,
567.0,easyBike_forward3.1,easyBike,charging,407.0,25.77,25.0,
567.0,easyBike_forward3.0,easyBike,charging,480.0,25.61,25.0,
567.0,easyBike_forward3.3,easyBike,charging,261.0,26.04,25.0,
567.0,easyBike_forward3.2,easyBike,charging,335.0,25.94,25.0,
567.0,easyBike_forward3.5,easyBike,waiting,,0.0,0.0,118.0
568.0,easyBike_forward3.4,easyBike,charging,191.0,26.04,25.0,
568.0,easyBike_forward3.1,easyBike,charging,408.0,25.77,25.0,
568.0,easyBike_forward3.0,easyBike,charging,481.0,25.61,25.0,
568.0,easyBike_forward3.3,easyBike,charging,262.0,26.04,25.0,
568.0,easyBike_forward3.2,easyBike,charging,336.0,25.94,25.0,
568.0,easyBike_forward3.5,easyBike,waiting,,0.0,0.0,119.0
569.0,easyBike_forward3.4,easyBike,charging,192.0,26.04,25.0,
569.0,easyBike_forward3.1,easyBike,charging,409.0,25.77,25.0,
569.0,easyBike_forward3.0,easyBike,charging,482.0,25.6,25.0,
569.0,easyBike_forward3.3,easyBike,charging,263.0,26.04,25.0,
569.0,easyBike_forward3.2,easyBike,charging,337.0,25.94,25.0,
569.0,easyBike_forward3.5,easyBike,waiting,,0.0,0.0,120.0
570.0,easyBike_forward3.4,easyBike,charging,193.0,26.04,25.0,
570.0,easyBike_forward3.1,easyBike,charging,410.0,25.76,25.0,
570.0,easyBike_forward3.0,easyBike,charging,483.0,25.6,25.0,
570.0,easyBike_forward3.3,easyBike,charging,264.0,26.04,25.0,
570.0,easyBike_forward3.2,easyBike,charging,338.0,25.93,25.0,
570.0,easyBike_forward3.5,easyBike,waiting,,0.0,0.0,121.0
571.0,easyBike_forward3.4,easyBike,charging,194.0,26.04,25.0,
571.0,easyBike_forward3.1,easyBike,charging,411.0,25.76,25.0,
571.0,easyBike_forward3.0,easyBike,charging,484.0,25.6,25.0,
571.0,easyBike_forward3.3,easyBike,charging,265.0,26.04,25.0,
571.0,easyBike_forward3.2,easyBike,charging,339.0,25.93,25.0,
571.0,easyBike_forward3.5,easyBike,waiting,,0.0,0.0,122.0
572.0,easyBike_forward3.4,easyBike,charging,195.0,26.04,25.0,
572.0,easyBike_forward3.1,easyBike,charging,412.0,25.76,25.0,
572.0,easyBike_forward3.0,easyBike,charging,485.0,25.6,25.0,
572.0,easyBike_forward3.3,easyBike,charging,266.0,26.04,25.0,
572.0,easyBike_forward3.2,easyBike,charging,340.0,25.93,25.0,
572.0,easyBike_forward3.5,easyBike,waiting,,0.0,0.0,123.0
573.0,easyBike_forward3.4,easyBike,charging,196.0,26.04,25.0,
573.0,easyBike_forward3.1,easyBike,charging,413.0,25.76,25.0,
573.0,easyBike_forward3.0,easyBike,charging,486.0,25.59,25.0,
573.0,easyBike_forward3.3,easyBike,charging,267.0,26.04,25.0,
573.0,easyBike_forward3.2,easyBike,charging,341.0,25.93,25.0,
573.0,easyBike_forward3.5,easyBike,waiting,,0.0,0.0,124.0
574.0,easyBike_forward3.4,easyBike,charging,197.0,26.04,25.0,
574.0,easyBike_forward3.1,easyBike,charging,414.0,25.76,25.0,
574.0,easyBike_forward3.0,easyBike,charging,487.0,25.59,25.0,
574.0,easyBike_forward3.3,easyBike,charging,268.0,26.04,25.0,
574.0,easyBike_forward3.2,easyBike,charging,342.0,25.93,25.0,
574.0,easyBike_forward3.5,easyBike,waiting,,0.0,0.0,125.0
575.0,easyBike_forward3.4,easyBike,charging,198.0,26.04,25.0,
575.0,easyBike_forward3.1,easyBike,charging,415.0,25.75,25.0,
575.0,easyBike_forward3.0,easyBike,charging,488.0,25.59,25.0,
575.0,easyBike_forward3.3,easyBike,charging,269.0,26.04,25.0,
575.0,easyBike_forward3.2,easyBike,charging,343.0,25.92,25.0,
575.0,easyBike_forward3.5,easyBike,waiting,,0.0,0.0,126.0
576.0,easyBike_forward3.4,easyBike,charging,199.0,26.04,25.0,
576.0,easyBike_forward3.1,easyBike,charging,416.0,25.75,25.0,
576.0,easyBike_forward3.0,easyBike,charging,489.0,25.58,25.0,
576.0,easyBike_forward3.3,easyBike,charging,270.0,26.04,25.0,
576.0,easyBike_forward3.2,easyBike,charging,344.0,25.92,25.0,
576.0,easyBike_forward3.5,easyBike,waiting,,0.0,0.0,127.0
577.0,easyBike_forward3.4,easyBike,charging,200.0,26.04,25.0,
577.0,easyBike_forward3.1,easyBike,charging,417.0,25.75,25.0,
577.0,easyBike_forward3.0,easyBike,charging,490.0,25.58,25.0,
577.0,easyBike_forward3.3,easyBike,charging,271.0,26.04,25.0,
577.0,easyBike_forward3.2,easyBike,charging,345.0,25.92,25.0,
577.0,easyBike_forward3.5,easyBike,waiting,,0.0,0.0,128.0
578.0,easyBike_forward3.4,easyBike,charging,201.0,26.04,25.0,
578.0,easyBike_forward3.1,easyBike,charging,418.0,25.75,25.0,
578.0,easyBike_forward3.0,easyBike,charging,491.0,25.58,25.0,
578.0,easyBike_forward3.3,easyBike,charging,272.0,26.04,25.0,
578.0,easyBike_forward3.2,easyBike,charging,346.0,25.92,25.0,
578.0,easyBike_forward3.5,easyBike,waiting,,0.0,0.0,129.0
579.0,easyBike_forward3.4,easyBike,charging,202.0,26.04,25.0,
579.0,easyBike_forward3.1,easyBike,charging,419.0,25.74,25.0,
579.0,easyBike_forward3.0,easyBike,charging,492.0,25.58,25.0,
579.0,easyBike_forward3.3,easyBike,charging,273.0,26.04,25.0,
579.0,easyBike_forward3.2,easyBike,charging,347.0,25.91,25.0,
579.0,easyBike_forward3.5,easyBike,waiting,,0.0,0.0,130.0
580.0,easyBike_forward3.4,easyBike,charging,203.0,26.04,25.0,
580.0,easyBike_forward3.1,easyBike,charging,420.0,25.74,25.0,
580.0,easyBike_forward3.0,easyBike,charging,493.0,25.58,25.0,
580.0,easyBike_forward3.3,easyBike,charging,274.0,26.04,25.0,
580.0,easyBike_forward3.2,easyBike,charging,348.0,25.91,25.0,
580.0,easyBike_forward3.5,easyBike,waiting,,0.0,0.0,131.0
581.0,easyBike_forward3.4,easyBike,charging,204.0,26.04,25.0,
581.0,easyBike_forward3.1,easyBike,charging,421.0,25.74,25.0,
581.0,easyBike_forward3.0,easyBike,charging,494.0,25.57,25.0,
581.0,easyBike_forward3.3,easyBike,charging,275.0,26.04,25.0,
581.0,easyBike_forward3.2,easyBike,charging,349.0,25.91,25.0,
581.0,easyBike_forward3.5,easyBike,waiting,,0.0,0.0,132.0
582.0,easyBike_forward3.4,easyBike,charging,205.0,26.04,25.0,
582.0,easyBike_forward3.1,easyBike,charging,422.0,25.74,25.0,
582.0,easyBike_forward3.0,easyBike,charging,495.0,25.57,25.0,
582.0,easyBike_forward3.3,easyBike,charging,276.0,26.04,25.0,
582.0,easyBike_forward3.2,easyBike,charging,350.0,25.91,25.0,
582.0,easyBike_forward3.5,easyBike,waiting,,0.0,0.0,133.0
583.0,easyBike_forward3.4,easyBike,charging,206.0,26.04,25.0,
583.0,easyBike_forward3.1,easyBike,charging,423.0,25.74,25.0,
583.0,easyBike_forward3.0,easyBike,charging,496.0,25.57,25.0,
583.0,easyBike_forward3.3,easyBike,charging,277.0,26.04,25.0,
583.0,easyBike_forward3.2,easyBike,charging,351.0,25.9,25.0,
583.0,easyBike_forward3.5,easyBike,waiting,,0.0,0.0,134.0
584.0,easyBike_forward3.4,easyBike,charging,207.0,26.04,25.0,
584.0,easyBike_forward3.1,easyBike,charging,424.0,25.73,25.0,
584.0,easyBike_forward3.0,easyBike,charging,497.0,25.57,25.0,
584.0,easyBike_forward3.3,easyBike,charging,278.0,26.04,25.0,
584.0,easyBike_forward3.2,easyBike,charging,352.0,25.9,25.0,
584.0,easyBike_forward3.5,easyBike,waiting,,0.0,0.0,135.0
585.0,easyBike_forward3.4,easyBike,charging,208.0,26.04,25.0,
585.0,easyBike_forward3.1,easyBike,charging,425.0,25.73,25.0,
585.0,easyBike_forward3.0,easyBike,charging,498.0,25.56,25.0,
585.0,easyBike_forward3.3,easyBike,charging,279.0,26.04,25.0,
585.0,easyBike_forward3.2,easyBike,charging,353.0,25.9,25.0,
585.0,easyBike_forward3.5,easyBike,waiting,,0.0,0.0,136.0
586.0,easyBike_forward3.4,easyBike,charging,209.0,26.04,25.0,
586.0,easyBike_forward3.1,easyBike,charging,426.0,25.73,25.0,
586.0,easyBike_forward3.0,easyBike,charging,499.0,25.56,25.0,
586.0,easyBike_forward3.3,easyBike,charging,280.0,26.04,25.0,
586.0,easyBike_forward3.2,easyBike,charging,354.0,25.9,25.0,
586.0,easyBike_forward3.5,easyBike,waiting,,0.0,0.0,137.0
587.0,easyBike_forward3.4,easyBike,charging,210.0,26.04,25.0,
587.0,easyBike_forward3.1,easyBike,charging,427.0,25.73,25.0,
587.0,easyBike_forward3.0,easyBike,charging,500.0,25.56,25.0,
587.0,easyBike_forward3.3,easyBike,charging,281.0,26.04,25.0,
587.0,easyBike_forward3.2,easyBike,charging,355.0,25.89,25.0,
587.0,easyBike_forward3.5,easyBike,waiting,,0.0,0.0,138.0
588.0,easyBike_forward3.4,easyBike,charging,211.0,26.04,25.0,
588.0,easyBike_forward3.1,easyBike,charging,428.0,25.72,25.0,
588.0,easyBike_forward3.0,easyBike,charging,501.0,25.56,25.0,
588.0,easyBike_forward3.3,easyBike,charging,282.0,26.04,25.0,
588.0,easyBike_forward3.2,easyBike,charging,356.0,25.89,25.0,
588.0,easyBike_forward3.5,easyBike,waiting,,0.0,0.0,139.0
589.0,easyBike_forward3.4,easyBike,charging,212.0,26.04,25.0,
589.0,easyBike_forward3.1,easyBike,charging,429.0,25.72,25.0,
589.0,easyBike_forward3.0,easyBike,charging,502.0,25.55,25.0,
589.0,easyBike_forward3.3,easyBike,charging,283.0,26.04,25.0,
589.0,easyBike_forward3.2,easyBike,charging,357.0,25.89,25.0,
589.0,easyBike_forward3.5,easyBike,waiting,,0.0,0.0,140.0
590.0,easyBike_forward3.4,easyBike,charging,213.0,26.04,25.0,
590.0,easyBike_forward3.1,easyBike,charging,430.0,25.72,25.0,
590.0,easyBike_forward3.0,easyBike,charging,503.0,25.55,25.0,
590.0,easyBike_forward3.3,easyBike,charging,284.0,26.04,25.0,
590.0,easyBike_forward3.2,easyBike,charging,358.0,25.89,25.0,
590.0,easyBike_forward3.5,easyBike,waiting,,0.0,0.0,141.0
591.0,easyBike_forward3.4,easyBike,charging,214.0,26.04,25.0,
591.0,easyBike_forward3.1,easyBike,charging,431.0,25.72,25.0,
591.0,easyBike_forward3.0,easyBike,charging,504.0,25.55,25.0,
591.0,easyBike_forward3.3,easyBike,charging,285.0,26.04,25.0,
591.0,easyBike_forward3.2,easyBike,charging,359.0,25.89,25.0,
591.0,easyBike_forward3.5,easyBike,waiting,,0.0,0.0,142.0
592.0,easyBike_forward3.4,easyBike,charging,215.0,26.04,25.0,
592.0,easyBike_forward3.1,easyBike,charging,432.0,25.71,25.0,
592.0,easyBike_forward3.0,easyBike,charging,505.0,25.55,25.0,
592.0,easyBike_forward3.3,easyBike,charging,286.0,26.04,25.0,
592.0,easyBike_forward3.2,easyBike,charging,360.0,25.88,25.0,
592.0,easyBike_forward3.5,easyBike,waiting,,0.0,0.0,143.0
593.0,easyBike_forward3.4,easyBike,charging,216.0,26.04,25.0,
593.0,easyBike_forward3.1,easyBike,charging,433.0,25.71,25.0,
593.0,easyBike_forward3.0,easyBike,charging,506.0,25.55,25.0,
593.0,easyBike_forward3.3,easyBike,charging,287.0,26.04,25.0,
593.0,easyBike_forward3.2,easyBike,charging,361.0,25.88,25.0,
593.0,easyBike_forward3.5,easyBike,waiting,,0.0,0.0,144.0
594.0,easyBike_forward3.4,easyBike,charging,217.0,26.04,25.0,
594.0,easyBike_forward3.1,easyBike,charging,434.0,25.71,25.0,
594.0,easyBike_forward3.0,easyBike,charging,507.0,25.54,25.0,
594.0,easyBike_forward3.3,easyBike,charging,288.0,26.04,25.0,
594.0,easyBike_forward3.2,easyBike,charging,362.0,25.88,25.0,
594.0,easyBike_forward3.5,easyBike,waiting,,0.0,0.0,145.0
595.0,easyBike_forward3.4,easyBike,charging,218.0,26.04,25.0,
595.0,easyBike_forward3.1,easyBike,charging,435.0,25.71,25.0,
595.0,easyBike_forward3.0,easyBike,charging,508.0,25.54,25.0,
595.0,easyBike_forward3.3,easyBike,charging,289.0,26.04,25.0,
595.0,easyBike_forward3.2,easyBike,charging,363.0,25.88,25.0,
595.0,easyBike_forward3.5,easyBike,waiting,,0.0,0.0,146.0
596.0,easyBike_forward3.4,easyBike,charging,219.0,26.04,25.0,
596.0,easyBike_forward3.1,easyBike,charging,436.0,25.71,25.0,
596.0,easyBike_forward3.0,easyBike,charging,509.0,25.54,25.0,
596.0,easyBike_forward3.3,easyBike,charging,290.0,26.04,25.0,
596.0,easyBike_forward3.2,easyBike,charging,364.0,25.87,25.0,
596.0,easyBike_forward3.5,easyBike,waiting,,0.0,0.0,147.0
597.0,easyBike_forward3.4,easyBike,charging,220.0,26.04,25.0,
597.0,easyBike_forward3.1,easyBike,charging,437.0,25.7,25.0,
597.0,easyBike_forward3.0,easyBike,charging,510.0,25.54,25.0,
597.0,easyBike_forward3.3,easyBike,charging,291.0,26.04,25.0,
597.0,easyBike_forward3.2,easyBike,charging,365.0,25.87,25.0,
597.0,easyBike_forward3.5,easyBike,waiting,,0.0,0.0,148.0
598.0,easyBike_forward3.4,easyBike,charging,221.0,26.04,25.0,
598.0,easyBike_forward3.1,easyBike,charging,438.0,25.7,25.0,
598.0,easyBike_forward3.0,easyBike,charging,511.0,25.53,25.0,
598.0,easyBike_forward3.3,easyBike,charging,292.0,26.04,25.0,
598.0,easyBike_forward3.2,easyBike,charging,366.0,25.87,25.0,
598.0,easyBike_forward3.5,easyBike,waiting,,0.0,0.0,149.0
599.0,easyBike_forward3.4,easyBike,charging,222.0,26.04,25.0,
599.0,easyBike_forward3.1,easyBike,charging,439.0,25.7,25.0,
599.0,easyBike_forward3.0,easyBike,charging,512.0,25.53,25.0,
599.0,easyBike_forward3.3,easyBike,charging,293.0,26.04,25.0,
599.0,easyBike_forward3.2,easyBike,charging,367.0,25.87,25.0,
599.0,easyBike_forward3.5,easyBike,waiting,,0.0,0.0,150.0
600.0,easyBike_forward3.4,easyBike,charging,223.0,26.04,25.0,
600.0,easyBike_forward3.1,easyBike,charging,440.0,25.7,25.0,
600.0,easyBike_forward3.0,easyBike,charging,513.0,25.53,25.0,
600.0,easyBike_forward3.3,easyBike,charging,294.0,26.04,25.0,
600.0,easyBike_forward3.2,easyBike,charging,368.0,25.87,25.0,
600.0,easyBike_forward3.5,easyBike,waiting,,0.0,0.0,151.0
91.0,easyBike_forward2.0,easyBike,charging,0.0,26.04,20.0,
92.0,easyBike_forward2.0,easyBike,charging,1.0,26.04,20.0,
93.0,easyBike_forward2.0,easyBike,charging,2.0,26.04,20.0,
94.0,easyBike_forward2.0,easyBike,charging,3.0,26.04,20.0,
95.0,easyBike_forward2.0,easyBike,charging,4.0,26.04,20.0,
95.0,easyBike_forward1.0,easyBike,charging,0.0,26.04,20.0,
96.0,easyBike_forward2.0,easyBike,charging,5.0,26.04,20.0,
96.0,easyBike_forward1.0,easyBike,charging,1.0,26.04,20.0,
97.0,easyBike_forward2.0,easyBike,charging,6.0,26.04,20.0,
97.0,easyBike_forward1.0,easyBike,charging,2.0,26.04,20.0,
98.0,easyBike_forward4.0,easyBike,charging,0.0,26.05,20.0,
98.0,easyBike_forward2.0,easyBike,charging,7.0,26.04,20.0,
98.0,easyBike_forward1.0,easyBike,charging,3.0,26.04,20.0,
99.0,easyBike_forward4.0,easyBike,charging,1.0,26.05,20.0,
99.0,easyBike_forward2.0,easyBike,charging,8.0,26.04,20.0,
99.0,easyBike_forward1.0,easyBike,charging,4.0,26.04,20.0,
100.0,easyBike_forward4.0,easyBike,charging,2.0,26.05,20.0,
100.0,easyBike_forward2.0,easyBike,charging,9.0,26.04,20.0,
100.0,easyBike_forward1.0,easyBike,charging,5.0,26.04,20.0,
101.0,easyBike_forward4.0,easyBike,charging,3.0,26.05,20.0,
101.0,easyBike_forward2.0,easyBike,charging,10.0,26.04,20.0,
101.0,easyBike_forward1.0,easyBike,charging,6.0,26.04,20.0,
102.0,easyBike_forward4.0,easyBike,charging,4.0,26.05,20.0,
102.0,easyBike_forward2.0,easyBike,charging,11.0,26.04,20.0,
102.0,easyBike_forward1.0,easyBike,charging,7.0,26.04,20.0,
103.0,easyBike_forward4.0,easyBike,charging,5.0,26.05,20.0,
103.0,easyBike_forward2.0,easyBike,charging,12.0,26.04,20.0,
103.0,easyBike_forward1.0,easyBike,charging,8.0,26.04,20.0,
104.0,easyBike_forward4.0,easyBike,charging,6.0,26.05,20.0,
104.0,easyBike_forward2.0,easyBike,charging,13.0,26.04,20.0,
104.0,easyBike_forward1.0,easyBike,charging,9.0,26.04,20.0,
105.0,easyBike_forward4.0,easyBike,charging,7.0,26.05,20.0,
105.0,easyBike_forward2.0,easyBike,charging,14.0,26.04,20.0,
105.0,easyBike_forward1.0,easyBike,charging,10.0,26.04,20.0,
106.0,easyBike_forward4.0,easyBike,charging,8.0,26.05,20.0,
106.0,easyBike_forward2.0,easyBike,charging,15.0,26.04,20.0,
106.0,easyBike_forward1.0,easyBike,charging,11.0,26.04,20.0,
107.0,easyBike_forward4.0,easyBike,charging,9.0,26.05,20.0,
107.0,easyBike_forward2.0,easyBike,charging,16.0,26.04,20.0,
107.0,easyBike_forward1.0,easyBike,charging,12.0,26.04,20.0,
108.0,easyBike_forward4.0,easyBike,charging,10.0,26.05,20.0,
108.0,easyBike_forward2.0,easyBike,charging,17.0,26.04,20.0,
108.0,easyBike_forward1.0,easyBike,charging,13.0,26.04,20.0,
109.0,easyBike_forward4.0,easyBike,charging,11.0,26.05,20.0,
109.0,easyBike_forward2.0,easyBike,charging,18.0,26.04,20.0,
109.0,easyBike_forward1.0,easyBike,charging,14.0,26.04,20.0,
110.0,easyBike_forward4.0,easyBike,charging,12.0,26.05,20.0,
110.0,easyBike_forward2.0,easyBike,charging,19.0,26.04,20.0,
110.0,easyBike_forward1.0,easyBike,charging,15.0,26.04,20.0,
111.0,easyBike_forward4.0,easyBike,charging,13.0,26.05,20.0,
111.0,easyBike_forward2.0,easyBike,charging,20.0,26.04,20.0,
111.0,easyBike_forward1.0,easyBike,charging,16.0,26.04,20.0,
112.0,easyBike_forward4.0,easyBike,charging,14.0,26.05,20.0,
112.0,easyBike_forward2.0,easyBike,charging,21.0,26.04,20.0,
112.0,easyBike_forward1.0,easyBike,charging,17.0,26.04,20.0,
113.0,easyBike_forward4.0,easyBike,charging,15.0,26.05,20.0,
113.0,easyBike_forward2.0,easyBike,charging,22.0,26.04,20.0,
113.0,easyBike_forward1.0,easyBike,charging,18.0,26.04,20.0,
114.0,easyBike_forward4.0,easyBike,charging,16.0,26.05,20.0,
114.0,easyBike_forward2.0,easyBike,charging,23.0,26.04,20.0,
114.0,easyBike_forward1.0,easyBike,charging,19.0,26.04,20.0,
115.0,easyBike_forward4.0,easyBike,charging,17.0,26.05,20.0,
115.0,easyBike_forward2.0,easyBike,charging,24.0,26.04,20.0,
115.0,easyBike_forward1.0,easyBike,charging,20.0,26.04,20.0,
116.0,easyBike_forward4.0,easyBike,charging,18.0,26.05,20.0,
116.0,easyBike_forward2.0,easyBike,charging,25.0,26.04,20.0,
116.0,easyBike_forward1.0,easyBike,charging,21.0,26.04,20.0,
117.0,easyBike_forward4.0,easyBike,charging,19.0,26.05,20.0,
117.0,easyBike_forward2.0,easyBike,charging,26.0,26.04,20.0,
117.0,easyBike_forward1.0,easyBike,charging,22.0,26.04,20.0,
118.0,easyBike_forward4.0,easyBike,charging,20.0,26.05,20.0,
118.0,easyBike_forward2.0,easyBike,charging,27.0,26.04,20.0,
118.0,easyBike_forward1.0,easyBike,charging,23.0,26.04,20.0,
119.0,easyBike_forward4.0,easyBike,charging,21.0,26.05,20.0,
119.0,easyBike_forward2.0,easyBike,charging,28.0,26.04,20.0,
119.0,easyBike_forward1.0,easyBike,charging,24.0,26.04,20.0,
120.0,easyBike_forward4.0,easyBike,charging,22.0,26.05,20.0,
120.0,easyBike_forward2.0,easyBike,charging,29.0,26.04,20.0,
120.0,easyBike_forward1.0,easyBike,charging,25.0,26.04,20.0,
121.0,easyBike_forward4.0,easyBike,charging,23.0,26.05,20.0,
121.0,easyBike_forward2.0,easyBike,charging,30.0,26.04,20.0,
121.0,easyBike_forward1.0,easyBike,charging,26.0,26.04,20.0,
122.0,easyBike_forward4.0,easyBike,charging,24.0,26.05,20.0,
122.0,easyBike_forward2.0,easyBike,charging,31.0,26.04,20.0,
122.0,easyBike_forward1.0,easyBike,charging,27.0,26.04,20.0,
123.0,easyBike_forward4.0,easyBike,charging,25.0,26.05,20.0,
123.0,easyBike_forward2.0,easyBike,charging,32.0,26.04,20.0,
123.0,easyBike_forward1.0,easyBike,charging,28.0,26.04,20.0,
124.0,easyBike_forward4.0,easyBike,charging,26.0,26.05,20.0,
124.0,easyBike_forward2.0,easyBike,charging,33.0,26.04,20.0,
124.0,easyBike_forward1.0,easyBike,charging,29.0,26.04,20.0,
125.0,easyBike_forward4.0,easyBike,charging,27.0,26.05,20.0,
125.0,easyBike_forward2.0,easyBike,charging,34.0,26.04,20.0,
125.0,easyBike_forward1.0,easyBike,charging,30.0,26.04,20.0,
126.0,easyBike_forward4.0,easyBike,charging,28.0,26.05,20.0,
126.0,easyBike_forward2.0,easyBike,charging,35.0,26.04,20.0,
126.0,easyBike_forward1.0,easyBike,charging,31.0,26.04,20.0,
127.0,easyBike_forward4.0,easyBike,charging,29.0,26.05,20.0,
127.0,easyBike_forward2.0,easyBike,charging,36.0,26.04,20.0,
127.0,easyBike_forward1.0,easyBike,charging,32.0,26.04,20.0,
128.0,easyBike_forward4.0,easyBike,charging,30.0,26.05,20.0,
128.0,easyBike_forward2.0,easyBike,charging,37.0,26.04,20.0,
128.0,easyBike_forward1.0,easyBike,charging,33.0,26.04,20.0,
129.0,easyBike_forward4.0,easyBike,charging,31.0,26.05,20.0,
129.0,easyBike_forward2.0,easyBike,charging,38.0,26.04,20.0,
129.0,easyBike_forward1.0,easyBike,charging,34.0,26.04,20.0,
130.0,easyBike_forward4.0,easyBike,charging,32.0,26.05,20.0,
130.0,easyBike_forward2.0,easyBike,charging,39.0,26.04,20.0,
130.0,easyBike_forward1.0,easyBike,charging,35.0,26.04,20.0,
131.0,easyBike_forward4.0,easyBike,charging,33.0,26.05,20.0,
131.0,easyBike_forward2.0,easyBike,charging,40.0,26.04,20.0,
131.0,easyBike_forward1.0,easyBike,charging,36.0,26.04,20.0,
132.0,easyBike_forward4.0,easyBike,charging,34.0,26.05,20.0,
132.0,easyBike_forward2.0,easyBike,charging,41.0,26.04,20.0,
132.0,easyBike_forward1.0,easyBike,charging,37.0,26.04,20.0,
133.0,easyBike_forward4.0,easyBike,charging,35.0,26.05,20.0,
133.0,easyBike_forward2.0,easyBike,charging,42.0,26.04,20.0,
133.0,easyBike_forward1.0,easyBike,charging,38.0,26.04,20.0,
134.0,easyBike_forward4.0,easyBike,charging,36.0,26.05,20.0,
134.0,easyBike_forward2.0,easyBike,charging,43.0,26.04,20.0,
134.0,easyBike_forward1.0,easyBike,charging,39.0,26.04,20.0,
135.0,easyBike_forward4.0,easyBike,charging,37.0,26.05,20.0,
135.0,easyBike_forward2.0,easyBike,charging,44.0,26.04,20.0,
135.0,easyBike_forward1.0,easyBike,charging,40.0,26.04,20.0,
136.0,easyBike_forward4.0,easyBike,charging,38.0,26.05,20.0,
136.0,easyBike_forward2.0,easyBike,charging,45.0,26.04,20.0,
136.0,easyBike_forward1.0,easyBike,charging,41.0,26.04,20.0,
137.0,easyBike_forward4.0,easyBike,charging,39.0,26.05,20.0,
137.0,easyBike_forward2.0,easyBike,charging,46.0,26.04,20.0,
137.0,easyBike_forward1.0,easyBike,charging,42.0,26.04,20.0,
138.0,easyBike_forward4.0,easyBike,charging,40.0,26.05,20.0,
138.0,easyBike_forward2.0,easyBike,charging,47.0,26.04,20.0,
138.0,easyBike_forward1.0,easyBike,charging,43.0,26.04,20.0,
139.0,easyBike_forward4.0,easyBike,charging,41.0,26.05,20.0,
139.0,easyBike_forward2.0,easyBike,charging,48.0,26.04,20.0,
139.0,easyBike_forward1.0,easyBike,charging,44.0,26.04,20.0,
140.0,easyBike_forward4.0,easyBike,charging,42.0,26.05,20.0,
140.0,easyBike_forward2.0,easyBike,charging,49.0,26.04,20.0,
140.0,easyBike_forward1.0,easyBike,charging,45.0,26.04,20.0,
141.0,easyBike_forward4.0,easyBike,charging,43.0,26.05,20.0,
141.0,easyBike_forward2.0,easyBike,charging,50.0,26.04,20.0,
141.0,easyBike_forward1.0,easyBike,charging,46.0,26.04,20.0,
142.0,easyBike_forward4.0,easyBike,charging,44.0,26.05,20.0,
142.0,easyBike_forward2.0,easyBike,charging,51.0,26.04,20.0,
142.0,easyBike_forward1.0,easyBike,charging,47.0,26.04,20.0,
143.0,easyBike_forward4.0,easyBike,charging,45.0,26.05,20.0,
143.0,easyBike_forward2.0,easyBike,charging,52.0,26.04,20.0,
143.0,easyBike_forward1.0,easyBike,charging,48.0,26.04,20.0,
143.0,easyBike_forward1.1,easyBike,charging,0.0,26.04,20.0,
144.0,easyBike_forward4.0,easyBike,charging,46.0,26.05,20.0,
144.0,easyBike_forward2.0,easyBike,charging,53.0,26.04,20.0,
144.0,easyBike_forward1.0,easyBike,charging,49.0,26.04,20.0,
144.0,easyBike_forward1.1,easyBike,charging,1.0,26.04,20.0,
145.0,easyBike_forward4.0,easyBike,charging,47.0,26.05,20.0,
145.0,easyBike_forward2.0,easyBike,charging,54.0,26.04,20.0,
145.0,easyBike_forward1.0,easyBike,charging,50.0,26.04,20.0,
145.0,easyBike_forward1.1,easyBike,charging,2.0,26.04,20.0,
146.0,easyBike_forward4.0,easyBike,charging,48.0,26.05,20.0,
146.0,easyBike_forward2.0,easyBike,charging,55.0,26.04,20.0,
146.0,easyBike_forward1.0,easyBike,charging,51.0,26.04,20.0,
146.0,easyBike_forward1.1,easyBike,charging,3.0,26.04,20.0,
147.0,easyBike_forward4.0,easyBike,charging,49.0,26.05,20.0,
147.0,easyBike_forward2.0,easyBike,charging,56.0,26.04,20.0,
147.0,easyBike_forward1.0,easyBike,charging,52.0,26.04,20.0,
147.0,easyBike_forward1.1,easyBike,charging,4.0,26.04,20.0,
148.0,easyBike_forward4.0,easyBike,charging,50.0,26.05,20.0,
148.0,easyBike_forward2.0,easyBike,charging,57.0,26.04,20.0,
148.0,easyBike_forward1.0,easyBike,charging,53.0,26.04,20.0,
148.0,easyBike_forward1.1,easyBike,charging,5.0,26.04,20.0,
149.0,easyBike_forward4.0,easyBike,charging,51.0,26.05,20.0,
149.0,easyBike_forward2.0,easyBike,charging,58.0,26.04,20.0,
149.0,easyBike_forward1.0,easyBike,charging,54.0,26.04,20.0,
149.0,easyBike_forward1.1,easyBike,charging,6.0,26.04,20.0,
150.0,easyBike_forward4.0,easyBike,charging,52.0,26.05,20.0,
150.0,easyBike_forward2.0,easyBike,charging,59.0,26.04,20.0,
150.0,easyBike_forward1.0,easyBike,charging,55.0,26.04,20.0,
150.0,easyBike_forward1.1,easyBike,charging,7.0,26.04,20.0,
151.0,easyBike_forward4.0,easyBike,charging,53.0,26.05,20.0,
151.0,easyBike_forward2.0,easyBike,charging,60.0,26.04,20.0,
151.0,easyBike_forward1.0,easyBike,charging,56.0,26.04,20.0,
151.0,easyBike_forward1.1,easyBike,charging,8.0,26.04,20.0,
151.0,easyBike_forward2.1,easyBike,waiting,,0.0,0.0,0.0
152.0,easyBike_forward4.0,easyBike,charging,54.0,26.05,20.0,
152.0,easyBike_forward2.0,easyBike,charging,61.0,26.04,20.0,
152.0,easyBike_forward1.0,easyBike,charging,57.0,26.04,20.0,
152.0,easyBike_forward1.1,easyBike,charging,9.0,26.04,20.0,
152.0,easyBike_forward2.1,easyBike,waiting,,0.0,0.0,1.0
153.0,easyBike_forward4.0,easyBike,charging,55.0,26.05,20.0,
153.0,easyBike_forward2.0,easyBike,charging,62.0,26.04,20.0,
153.0,easyBike_forward1.0,easyBike,charging,58.0,26.04,20.0,
153.0,easyBike_forward1.1,easyBike,charging,10.0,26.04,20.0,
153.0,easyBike_forward2.1,easyBike,waiting,,0.0,0.0,2.0
154.0,easyBike_forward4.0,easyBike,charging,56.0,26.05,20.0,
154.0,easyBike_forward2.0,easyBike,charging,63.0,26.04,20.0,
154.0,easyBike_forward1.0,easyBike,charging,59.0,26.04,20.0,
154.0,easyBike_forward1.1,easyBike,charging,11.0,26.04,20.0,
154.0,easyBike_forward2.1,easyBike,waiting,,0.0,0.0,3.0
155.0,easyBike_forward4.0,easyBike,charging,57.0,26.05,20.0,
155.0,easyBike_forward2.0,easyBike,charging,64.0,26.04,20.0,
155.0,easyBike_forward1.0,easyBike,charging,60.0,26.04,20.0,
155.0,easyBike_forward1.1,easyBike,charging,12.0,26.04,20.0,
155.0,easyBike_forward2.1,easyBike,waiting,,0.0,0.0,4.0
156.0,easyBike_forward4.0,easyBike,charging,58.0,26.05,20.0,
156.0,easyBike_forward2.0,easyBike,charging,65.0,26.04,20.0,
156.0,easyBike_forward1.0,easyBike,charging,61.0,26.04,20.0,
156.0,easyBike_forward1.1,easyBike,charging,13.0,26.04,20.0,
156.0,easyBike_forward2.1,easyBike,waiting,,0.0,0.0,5.0
157.0,easyBike_forward4.0,easyBike,charging,59.0,26.05,20.0,
157.0,easyBike_forward2.0,easyBike,charging,66.0,26.04,20.0,
157.0,easyBike_forward1.0,easyBike,charging,62.0,26.04,20.0,
157.0,easyBike_forward1.1,easyBike,charging,14.0,26.04,20.0,
157.0,easyBike_forward2.1,easyBike,waiting,,0.0,0.0,6.0
158.0,easyBike_forward4.0,easyBike,charging,60.0,26.05,20.0,
158.0,easyBike_forward2.0,easyBike,charging,67.0,26.04,20.0,
158.0,easyBike_forward1.0,easyBike,charging,63.0,26.04,20.0,
158.0,easyBike_forward1.1,easyBike,charging,15.0,26.04,20.0,
158.0,easyBike_forward2.1,easyBike,waiting,,0.0,0.0,7.0
159.0,easyBike_forward4.0,easyBike,charging,61.0,26.05,20.0,
159.0,easyBike_forward2.0,easyBike,charging,68.0,26.04,20.0,
159.0,easyBike_forward1.0,easyBike,charging,64.0,26.04,20.0,
159.0,easyBike_forward1.1,easyBike,charging,16.0,26.04,20.0,
159.0,easyBike_forward2.1,easyBike,waiting,,0.0,0.0,8.0
160.0,easyBike_forward4.0,easyBike,charging,62.0,26.05,20.0,
160.0,easyBike_forward2.0,easyBike,charging,69.0,26.04,20.0,
160.0,easyBike_forward1.0,easyBike,charging,65.0,26.04,20.0,
160.0,easyBike_forward1.1,easyBike,charging,17.0,26.04,20.0,
160.0,easyBike_forward2.1,easyBike,waiting,,0.0,0.0,9.0
161.0,easyBike_forward4.0,easyBike,charging,63.0,26.05,20.0,
161.0,easyBike_forward2.0,easyBike,charging,70.0,26.04,20.0,
161.0,easyBike_forward1.0,easyBike,charging,66.0,26.04,20.0,
161.0,easyBike_forward1.1,easyBike,charging,18.0,26.04,20.0,
161.0,easyBike_forward2.1,easyBike,waiting,,0.0,0.0,10.0
162.0,easyBike_forward4.0,easyBike,charging,64.0,26.05,20.0,
162.0,easyBike_forward2.0,easyBike,charging,71.0,26.04,20.0,
162.0,easyBike_forward1.0,easyBike,charging,67.0,26.04,20.0,
162.0,easyBike_forward1.1,easyBike,charging,19.0,26.04,20.0,
162.0,easyBike_forward2.1,easyBike,waiting,,0.0,0.0,11.0
163.0,easyBike_forward4.0,easyBike,charging,65.0,26.05,20.0,
163.0,easyBike_forward2.0,easyBike,charging,72.0,26.04,20.0,
163.0,easyBike_forward1.0,easyBike,charging,68.0,26.04,20.0,
163.0,easyBike_forward1.1,easyBike,charging,20.0,26.04,20.0,
163.0,easyBike_forward2.1,easyBike,waiting,,0.0,0.0,12.0
164.0,easyBike_forward4.0,easyBike,charging,66.0,26.05,20.0,
164.0,easyBike_forward2.0,easyBike,charging,73.0,26.04,20.0,
164.0,easyBike_forward1.0,easyBike,charging,69.0,26.04,20.0,
164.0,easyBike_forward1.1,easyBike,charging,21.0,26.04,20.0,
164.0,easyBike_forward2.1,easyBike,waiting,,0.0,0.0,13.0
165.0,easyBike_forward4.0,easyBike,charging,67.0,26.05,20.0,
165.0,easyBike_forward2.0,easyBike,charging,74.0,26.04,20.0,
165.0,easyBike_forward1.0,easyBike,charging,70.0,26.04,20.0,
165.0,easyBike_forward1.1,easyBike,charging,22.0,26.04,20.0,
165.0,easyBike_forward2.1,easyBike,waiting,,0.0,0.0,14.0
166.0,easyBike_forward4.0,easyBike,charging,68.0,26.05,20.0,
166.0,easyBike_forward2.0,easyBike,charging,75.0,26.04,20.0,
166.0,easyBike_forward1.0,easyBike,charging,71.0,26.04,20.0,
166.0,easyBike_forward1.1,easyBike,charging,23.0,26.04,20.0,
166.0,easyBike_forward2.1,easyBike,waiting,,0.0,0.0,15.0
167.0,easyBike_forward4.0,easyBike,charging,69.0,26.05,20.0,
167.0,easyBike_forward2.0,easyBike,charging,76.0,26.04,20.0,
167.0,easyBike_forward1.0,easyBike,charging,72.0,26.04,20.0,
167.0,easyBike_forward1.1,easyBike,charging,24.0,26.04,20.0,
167.0,easyBike_forward2.1,easyBike,waiting,,0.0,0.0,16.0
168.0,easyBike_forward4.0,easyBike,charging,70.0,26.05,20.0,
168.0,easyBike_forward2.0,easyBike,charging,77.0,26.04,20.0,
168.0,easyBike_forward1.0,easyBike,charging,73.0,26.04,20.0,
168.0,easyBike_forward1.1,easyBike,charging,25.0,26.04,20.0,
168.0,easyBike_forward2.1,easyBike,waiting,,0.0,0.0,17.0
169.0,easyBike_forward4.0,easyBike,charging,71.0,26.05,20.0,
169.0,easyBike_forward2.0,easyBike,charging,78.0,26.04,20.0,
169.0,easyBike_forward1.0,easyBike,charging,74.0,26.04,20.0,
169.0,easyBike_forward1.1,easyBike,charging,26.0,26.04,20.0,
169.0,easyBike_forward2.1,easyBike,waiting,,0.0,0.0,18.0
170.0,easyBike_forward4.0,easyBike,charging,72.0,26.05,20.0,
170.0,easyBike_forward2.0,easyBike,charging,79.0,26.04,20.0,
170.0,easyBike_forward1.0,easyBike,charging,75.0,26.04,20.0,
170.0,easyBike_forward1.1,easyBike,charging,27.0,26.04,20.0,
170.0,easyBike_forward2.1,easyBike,waiting,,0.0,0.0,19.0
171.0,easyBike_forward4.0,easyBike,charging,73.0,26.05,20.0,
171.0,easyBike_forward2.0,easyBike,charging,80.0,26.04,20.0,
171.0,easyBike_forward1.0,easyBike,charging,76.0,26.04,20.0,
171.0,easyBike_forward1.1,easyBike,charging,28.0,26.04,20.0,
171.0,easyBike_forward2.1,easyBike,waiting,,0.0,0.0,20.0
172.0,easyBike_forward4.0,easyBike,charging,74.0,26.05,20.0,
172.0,easyBike_forward2.0,easyBike,charging,81.0,26.04,20.0,
172.0,easyBike_forward1.0,easyBike,charging,77.0,26.04,20.0,
172.0,easyBike_forward1.1,easyBike,charging,29.0,26.04,20.0,
172.0,easyBike_forward2.1,easyBike,waiting,,0.0,0.0,21.0
172.0,easyBike_forward4.1,easyBike,waiting,,0.0,0.0,0.0
173.0,easyBike_forward4.0,easyBike,charging,75.0,26.05,20.0,
173.0,easyBike_forward2.0,easyBike,charging,82.0,26.04,20.0,
173.0,easyBike_forward1.0,easyBike,charging,78.0,26.04,20.0,
173.0,easyBike_forward1.1,easyBike,charging,30.0,26.04,20.0,
173.0,easyBike_forward2.1,easyBike,waiting,,0.0,0.0,22.0
173.0,easyBike_forward4.1,easyBike,waiting,,0.0,0.0,1.0
174.0,easyBike_forward4.0,easyBike,charging,76.0,26.05,20.0,
174.0,easyBike_forward2.0,easyBike,charging,83.0,26.04,20.0,
174.0,easyBike_forward1.0,easyBike,charging,79.0,26.04,20.0,
174.0,easyBike_forward1.1,easyBike,charging,31.0,26.04,20.0,
174.0,easyBike_forward2.1,easyBike,waiting,,0.0,0.0,23.0
174.0,easyBike_forward4.1,easyBike,waiting,,0.0,0.0,2.0
175.0,easyBike_forward4.0,easyBike,charging,77.0,26.05,20.0,
175.0,easyBike_forward2.0,easyBike,charging,84.0,26.04,20.0,
175.0,easyBike_forward1.0,easyBike,charging,80.0,26.04,20.0,
175.0,easyBike_forward1.1,easyBike,charging,32.0,26.04,20.0,
175.0,easyBike_forward2.1,easyBike,waiting,,0.0,0.0,24.0
175.0,easyBike_forward4.1,easyBike,waiting,,0.0,0.0,3.0
176.0,easyBike_forward4.0,easyBike,charging,78.0,26.05,20.0,
176.0,easyBike_forward2.0,easyBike,charging,85.0,26.04,20.0,
176.0,easyBike_forward1.0,easyBike,charging,81.0,26.04,20.0,
176.0,easyBike_forward1.1,easyBike,charging,33.0,26.04,20.0,
176.0,easyBike_forward2.1,easyBike,waiting,,0.0,0.0,25.0
176.0,easyBike_forward4.1,easyBike,waiting,,0.0,0.0,4.0
177.0,easyBike_forward4.0,easyBike,charging,79.0,26.05,20.0,
177.0,easyBike_forward2.0,easyBike,charging,86.0,26.04,20.0,
177.0,easyBike_forward1.0,easyBike,charging,82.0,26.04,20.0,
177.0,easyBike_forward1.1,easyBike,charging,34.0,26.04,20.0,
177.0,easyBike_forward2.1,easyBike,waiting,,0.0,0.0,26.0
177.0,easyBike_forward4.1,easyBike,waiting,,0.0,0.0,5.0
178.0,easyBike_forward4.0,easyBike,charging,80.0,26.05,20.0,
178.0,easyBike_forward2.0,easyBike,charging,87.0,26.04,20.0,
178.0,easyBike_forward1.0,easyBike,charging,83.0,26.04,20.0,
178.0,easyBike_forward1.1,easyBike,charging,35.0,26.04,20.0,
178.0,easyBike_forward2.1,easyBike,waiting,,0.0,0.0,27.0
178.0,easyBike_forward4.1,easyBike,waiting,,0.0,0.0,6.0
179.0,easyBike_forward4.0,easyBike,charging,81.0,26.05,20.0,
179.0,easyBike_forward2.0,easyBike,charging,88.0,26.04,20.0,
179.0,easyBike_forward1.0,easyBike,charging,84.0,26.04,20.0,
179.0,easyBike_forward1.1,easyBike,charging,36.0,26.04,20.0,
179.0,easyBike_forward2.1,easyBike,waiting,,0.0,0.0,28.0
179.0,easyBike_forward4.1,easyBike,waiting,,0.0,0.0,7.0
180.0,easyBike_forward4.0,easyBike,charging,82.0,26.05,20.0,
180.0,easyBike_forward2.0,easyBike,charging,89.0,26.04,20.0,
180.0,easyBike_forward1.0,easyBike,charging,85.0,26.04,20.0,
180.0,easyBike_forward1.1,easyBike,charging,37.0,26.04,20.0,
180.0,easyBike_forward2.1,easyBike,waiting,,0.0,0.0,29.0
180.0,easyBike_forward4.1,easyBike,waiting,,0.0,0.0,8.0
181.0,easyBike_forward4.0,easyBike,charging,83.0,26.05,20.0,
181.0,easyBike_forward2.0,easyBike,charging,90.0,26.04,20.0,
181.0,easyBike_forward1.0,easyBike,charging,86.0,26.04,20.0,
181.0,easyBike_forward1.1,easyBike,charging,38.0,26.04,20.0,
181.0,easyBike_forward2.1,easyBike,waiting,,0.0,0.0,30.0
181.0,easyBike_forward4.1,easyBike,waiting,,0.0,0.0,9.0
182.0,easyBike_forward4.0,easyBike,charging,84.0,26.05,20.0,
182.0,easyBike_forward2.0,easyBike,charging,91.0,26.04,20.0,
182.0,easyBike_forward1.0,easyBike,charging,87.0,26.04,20.0,
182.0,easyBike_forward1.1,easyBike,charging,39.0,26.04,20.0,
182.0,easyBike_forward2.1,easyBike,waiting,,0.0,0.0,31.0
182.0,easyBike_forward4.1,easyBike,waiting,,0.0,0.0,10.0
183.0,easyBike_forward4.0,easyBike,charging,85.0,26.05,20.0,
183.0,easyBike_forward2.0,easyBike,charging,92.0,26.04,20.0,
183.0,easyBike_forward1.0,easyBike,charging,88.0,26.04,20.0,
183.0,easyBike_forward1.1,easyBike,charging,40.0,26.04,20.0,
183.0,easyBike_forward2.1,easyBike,waiting,,0.0,0.0,32.0
183.0,easyBike_forward4.1,easyBike,waiting,,0.0,0.0,11.0
184.0,easyBike_forward4.0,easyBike,charging,86.0,26.05,20.0,
184.0,easyBike_forward2.0,easyBike,charging,93.0,26.04,20.0,
184.0,easyBike_forward1.0,easyBike,charging,89.0,26.04,20.0,
184.0,easyBike_forward1.1,easyBike,charging,41.0,26.04,20.0,
184.0,easyBike_forward2.1,easyBike,waiting,,0.0,0.0,33.0
184.0,easyBike_forward4.1,easyBike,waiting,,0.0,0.0,12.0
185.0,easyBike_forward4.0,easyBike,charging,87.0,26.05,20.0,
185.0,easyBike_forward2.0,easyBike,charging,94.0,26.04,20.0,
185.0,easyBike_forward1.0,easyBike,charging,90.0,26.04,20.0,
185.0,easyBike_forward1.1,easyBike,charging,42.0,26.04,20.0,
185.0,easyBike_forward2.1,easyBike,waiting,,0.0,0.0,34.0
185.0,easyBike_forward4.1,easyBike,waiting,,0.0,0.0,13.0
186.0,easyBike_forward4.0,easyBike,charging,88.0,26.05,20.0,
186.0,easyBike_forward2.0,easyBike,charging,95.0,26.04,20.0,
186.0,easyBike_forward1.0,easyBike,charging,91.0,26.04,20.0,
186.0,easyBike_forward1.1,easyBike,charging,43.0,26.04,20.0,
186.0,easyBike_forward2.1,easyBike,waiting,,0.0,0.0,35.0
186.0,easyBike_forward4.1,easyBike,waiting,,0.0,0.0,14.0
187.0,easyBike_forward4.0,easyBike,charging,89.0,26.05,20.0,
187.0,easyBike_forward2.0,easyBike,charging,96.0,26.04,20.0,
187.0,easyBike_forward1.0,easyBike,charging,92.0,26.04,20.0,
187.0,easyBike_forward1.1,easyBike,charging,44.0,26.04,20.0,
187.0,easyBike_forward2.1,easyBike,waiting,,0.0,0.0,36.0
187.0,easyBike_forward4.1,easyBike,waiting,,0.0,0.0,15.0
188.0,easyBike_forward4.0,easyBike,charging,90.0,26.05,20.0,
188.0,easyBike_forward2.0,easyBike,charging,97.0,26.04,20.0,
188.0,easyBike_forward1.0,easyBike,charging,93.0,26.04,20.0,
188.0,easyBike_forward1.1,easyBike,charging,45.0,26.04,20.0,
188.0,easyBike_forward2.1,easyBike,waiting,,0.0,0.0,37.0
188.0,easyBike_forward4.1,easyBike,waiting,,0.0,0.0,16.0
189.0,easyBike_forward4.0,easyBike,charging,91.0,26.05,20.0,
189.0,easyBike_forward2.0,easyBike,charging,98.0,26.04,20.0,
189.0,easyBike_forward1.0,easyBike,charging,94.0,26.04,20.0,
189.0,easyBike_forward1.1,easyBike,charging,46.0,26.04,20.0,
189.0,easyBike_forward2.1,easyBike,waiting,,0.0,0.0,38.0
189.0,easyBike_forward4.1,easyBike,waiting,,0.0,0.0,17.0
190.0,easyBike_forward4.0,easyBike,charging,92.0,26.05,20.0,
190.0,easyBike_forward2.0,easyBike,charging,99.0,26.04,20.0,
190.0,easyBike_forward1.0,easyBike,charging,95.0,26.04,20.0,
190.0,easyBike_forward1.1,easyBike,charging,47.0,26.04,20.0,
190.0,easyBike_forward2.1,easyBike,waiting,,0.0,0.0,39.0
190.0,easyBike_forward4.1,easyBike,waiting,,0.0,0.0,18.0
191.0,easyBike_forward4.0,easyBike,charging,93.0,26.05,20.0,
191.0,easyBike_forward2.0,easyBike,charging,100.0,26.04,20.0,
191.0,easyBike_forward1.0,easyBike,charging,96.0,26.04,20.0,
191.0,easyBike_forward1.1,easyBike,charging,48.0,26.04,20.0,
191.0,easyBike_forward2.1,easyBike,waiting,,0.0,0.0,40.0
191.0,easyBike_forward4.1,easyBike,waiting,,0.0,0.0,19.0
192.0,easyBike_forward4.0,easyBike,charging,94.0,26.05,20.0,
192.0,easyBike_forward2.0,easyBike,charging,101.0,26.04,20.0,
192.0,easyBike_forward1.0,easyBike,charging,97.0,26.04,20.0,
192.0,easyBike_forward1.1,easyBike,charging,49.0,26.04,20.0,
192.0,easyBike_forward2.1,easyBike,waiting,,0.0,0.0,41.0
192.0,easyBike_forward4.1,easyBike,waiting,,0.0,0.0,20.0
193.0,easyBike_forward4.0,easyBike,charging,95.0,26.05,20.0,
193.0,easyBike_forward2.0,easyBike,charging,102.0,26.04,20.0,
193.0,easyBike_forward1.0,easyBike,charging,98.0,26.04,20.0,
193.0,easyBike_forward1.1,easyBike,charging,50.0,26.04,20.0,
193.0,easyBike_forward2.1,easyBike,waiting,,0.0,0.0,42.0
193.0,easyBike_forward4.1,easyBike,waiting,,0.0,0.0,21.0
194.0,easyBike_forward4.0,easyBike,charging,96.0,26.05,20.0,
194.0,easyBike_forward2.0,easyBike,charging,103.0,26.04,20.0,
194.0,easyBike_forward1.0,easyBike,charging,99.0,26.04,20.0,
194.0,easyBike_forward1.1,easyBike,charging,51.0,26.04,20.0,
194.0,easyBike_forward2.1,easyBike,waiting,,0.0,0.0,43.0
194.0,easyBike_forward4.1,easyBike,waiting,,0.0,0.0,22.0
195.0,easyBike_forward4.0,easyBike,charging,97.0,26.05,20.0,
195.0,easyBike_forward2.0,easyBike,charging,104.0,26.04,20.0,
195.0,easyBike_forward1.0,easyBike,charging,100.0,26.04,20.0,
195.0,easyBike_forward1.1,easyBike,charging,52.0,26.04,20.0,
195.0,easyBike_forward2.1,easyBike,waiting,,0.0,0.0,44.0
195.0,easyBike_forward4.1,easyBike,waiting,,0.0,0.0,23.0
195.0,easyBike_forward1.2,easyBike,waiting,,0.0,0.0,0.0
196.0,easyBike_forward4.0,easyBike,charging,98.0,26.05,20.0,
196.0,easyBike_forward2.0,easyBike,charging,105.0,26.04,20.0,
196.0,easyBike_forward1.0,easyBike,charging,101.0,26.04,20.0,
196.0,easyBike_forward1.1,easyBike,charging,53.0,26.04,20.0,
196.0,easyBike_forward2.1,easyBike,waiting,,0.0,0.0,45.0
196.0,easyBike_forward4.1,easyBike,waiting,,0.0,0.0,24.0
196.0,easyBike_forward1.2,easyBike,waiting,,0.0,0.0,1.0
197.0,easyBike_forward4.0,easyBike,charging,99.0,26.05,20.0,
197.0,easyBike_forward2.0,easyBike,charging,106.0,26.04,20.0,
197.0,easyBike_forward1.0,easyBike,charging,102.0,26.04,20.0,
197.0,easyBike_forward1.1,easyBike,charging,54.0,26.04,20.0,
197.0,easyBike_forward2.1,easyBike,waiting,,0.0,0.0,46.0
197.0,easyBike_forward4.1,easyBike,waiting,,0.0,0.0,25.0
197.0,easyBike_forward1.2,easyBike,waiting,,0.0,0.0,2.0
198.0,easyBike_forward4.0,easyBike,charging,100.0,26.05,20.0,
198.0,easyBike_forward2.0,easyBike,charging,107.0,26.04,20.0,
198.0,easyBike_forward1.0,easyBike,charging,103.0,26.04,20.0,
198.0,easyBike_forward1.1,easyBike,charging,55.0,26.04,20.0,
198.0,easyBike_forward2.1,easyBike,waiting,,0.0,0.0,47.0
198.0,easyBike_forward4.1,easyBike,waiting,,0.0,0.0,26.0
198.0,easyBike_forward1.2,easyBike,waiting,,0.0,0.0,3.0
199.0,easyBike_forward4.0,easyBike,charging,101.0,26.05,20.0,
199.0,easyBike_forward2.0,easyBike,charging,108.0,26.04,20.0,
199.0,easyBike_forward1.0,easyBike,charging,104.0,26.04,20.0,
199.0,easyBike_forward1.1,easyBike,charging,56.0,26.04,20.0,
199.0,easyBike_forward2.1,easyBike,waiting,,0.0,0.0,48.0
199.0,easyBike_forward4.1,easyBike,waiting,,0.0,0.0,27.0
199.0,easyBike_forward1.2,easyBike,waiting,,0.0,0.0,4.0
200.0,easyBike_forward4.0,easyBike,charging,102.0,26.05,20.0,
200.0,easyBike_forward2.0,easyBike,charging,109.0,26.04,20.0,
200.0,easyBike_forward1.0,easyBike,charging,105.0,26.04,20.0,
200.0,easyBike_forward1.1,easyBike,charging,57.0,26.04,20.0,
200.0,easyBike_forward2.1,easyBike,waiting,,0.0,0.0,49.0
200.0,easyBike_forward4.1,easyBike,waiting,,0.0,0.0,28.0
200.0,easyBike_forward1.2,easyBike,waiting,,0.0,0.0,5.0
201.0,easyBike_forward4.0,easyBike,charging,103.0,26.05,20.0,
201.0,easyBike_forward2.0,easyBike,charging,110.0,26.04,20.0,
201.0,easyBike_forward1.0,easyBike,charging,106.0,26.04,20.0,
201.0,easyBike_forward1.1,easyBike,charging,58.0,26.04,20.0,
201.0,easyBike_forward2.1,easyBike,waiting,,0.0,0.0,50.0
201.0,easyBike_forward4.1,easyBike,waiting,,0.0,0.0,29.0
201.0,easyBike_forward1.2,easyBike,waiting,,0.0,0.0,6.0
202.0,easyBike_forward4.0,easyBike,charging,104.0,26.05,20.0,
202.0,easyBike_forward2.0,easyBike,charging,111.0,26.04,20.0,
202.0,easyBike_forward1.0,easyBike,charging,107.0,26.04,20.0,
202.0,easyBike_forward1.1,easyBike,charging,59.0,26.04,20.0,
202.0,easyBike_forward2.1,easyBike,waiting,,0.0,0.0,51.0
202.0,easyBike_forward4.1,easyBike,waiting,,0.0,0.0,30.0
202.0,easyBike_forward1.2,easyBike,waiting,,0.0,0.0,7.0
203.0,easyBike_forward4.0,easyBike,charging,105.0,26.05,20.0,
203.0,easyBike_forward2.0,easyBike,charging,112.0,26.04,20.0,
203.0,easyBike_forward1.0,easyBike,charging,108.0,26.04,20.0,
203.0,easyBike_forward1.1,easyBike,charging,60.0,26.04,20.0,
203.0,easyBike_forward2.1,easyBike,waiting,,0.0,0.0,52.0
203.0,easyBike_forward4.1,easyBike,waiting,,0.0,0.0,31.0
203.0,easyBike_forward1.2,easyBike,waiting,,0.0,0.0,8.0
204.0,easyBike_forward4.0,easyBike,charging,106.0,26.05,20.0,
204.0,easyBike_forward2.0,easyBike,charging,113.0,26.04,20.0,
204.0,easyBike_forward1.0,easyBike,charging,109.0,26.04,20.0,
204.0,easyBike_forward1.1,easyBike,charging,61.0,26.04,20.0,
204.0,easyBike_forward2.1,easyBike,waiting,,0.0,0.0,53.0
204.0,easyBike_forward4.1,easyBike,waiting,,0.0,0.0,32.0
204.0,easyBike_forward1.2,easyBike,waiting,,0.0,0.0,9.0
205.0,easyBike_forward4.0,easyBike,charging,107.0,26.05,20.0,
205.0,easyBike_forward2.0,easyBike,charging,114.0,26.04,20.0,
205.0,easyBike_forward1.0,easyBike,charging,110.0,26.04,20.0,
205.0,easyBike_forward1.1,easyBike,charging,62.0,26.04,20.0,
205.0,easyBike_forward2.1,easyBike,waiting,,0.0,0.0,54.0
205.0,easyBike_forward4.1,easyBike,waiting,,0.0,0.0,33.0
205.0,easyBike_forward1.2,easyBike,waiting,,0.0,0.0,10.0
206.0,easyBike_forward4.0,easyBike,charging,108.0,26.05,20.0,
206.0,easyBike_forward2.0,easyBike,charging,115.0,26.04,20.0,
206.0,easyBike_forward1.0,easyBike,charging,111.0,26.04,20.0,
206.0,easyBike_forward1.1,easyBike,charging,63.0,26.04,20.0,
206.0,easyBike_forward2.1,easyBike,waiting,,0.0,0.0,55.0
206.0,easyBike_forward4.1,easyBike,waiting,,0.0,0.0,34.0
206.0,easyBike_forward1.2,easyBike,waiting,,0.0,0.0,11.0
207.0,easyBike_forward4.0,easyBike,charging,109.0,26.05,20.0,
207.0,easyBike_forward2.0,easyBike,charging,116.0,26.04,20.0,
207.0,easyBike_forward1.0,easyBike,charging,112.0,26.04,20.0,
207.0,easyBike_forward1.1,easyBike,charging,64.0,26.04,20.0,
207.0,easyBike_forward2.1,easyBike,waiting,,0.0,0.0,56.0
207.0,easyBike_forward4.1,easyBike,waiting,,0.0,0.0,35.0
207.0,easyBike_forward1.2,easyBike,waiting,,0.0,0.0,12.0
208.0,easyBike_forward4.0,easyBike,charging,110.0,26.05,20.0,
208.0,easyBike_forward2.0,easyBike,charging,117.0,26.04,20.0,
208.0,easyBike_forward1.0,easyBike,charging,113.0,26.04,20.0,
208.0,easyBike_forward1.1,easyBike,charging,65.0,26.04,20.0,
208.0,easyBike_forward2.1,easyBike,waiting,,0.0,0.0,57.0
208.0,easyBike_forward4.1,easyBike,waiting,,0.0,0.0,36.0
208.0,easyBike_forward1.2,easyBike,waiting,,0.0,0.0,13.0
209.0,easyBike_forward4.0,easyBike,charging,111.0,26.05,20.0,
209.0,easyBike_forward2.0,easyBike,charging,118.0,26.04,20.0,
209.0,easyBike_forward1.0,easyBike,charging,114.0,26.04,20.0,
209.0,easyBike_forward1.1,easyBike,charging,66.0,26.04,20.0,
209.0,easyBike_forward2.1,easyBike,waiting,,0.0,0.0,58.0
209.0,easyBike_forward4.1,easyBike,waiting,,0.0,0.0,37.0
209.0,easyBike_forward1.2,easyBike,waiting,,0.0,0.0,14.0
210.0,easyBike_forward4.0,easyBike,charging,112.0,26.05,20.0,
210.0,easyBike_forward2.0,easyBike,charging,119.0,26.04,20.0,
210.0,easyBike_forward1.0,easyBike,charging,115.0,26.04,20.0,
210.0,easyBike_forward1.1,easyBike,charging,67.0,26.04,20.0,
210.0,easyBike_forward2.1,easyBike,waiting,,0.0,0.0,59.0
210.0,easyBike_forward4.1,easyBike,waiting,,0.0,0.0,38.0
210.0,easyBike_forward1.2,easyBike,waiting,,0.0,0.0,15.0
211.0,easyBike_forward4.0,easyBike,charging,113.0,26.05,20.0,
211.0,easyBike_forward2.0,easyBike,charging,120.0,26.04,20.0,
211.0,easyBike_forward1.0,easyBike,charging,116.0,26.04,20.0,
211.0,easyBike_forward1.1,easyBike,charging,68.0,26.04,20.0,
211.0,easyBike_forward2.1,easyBike,waiting,,0.0,0.0,60.0
211.0,easyBike_forward4.1,easyBike,waiting,,0.0,0.0,39.0
211.0,easyBike_forward1.2,easyBike,waiting,,0.0,0.0,16.0
212.0,easyBike_forward4.0,easyBike,charging,114.0,26.05,20.0,
212.0,easyBike_forward2.0,easyBike,charging,121.0,26.04,20.0,
212.0,easyBike_forward1.0,easyBike,charging,117.0,26.04,20.0,
212.0,easyBike_forward1.1,easyBike,charging,69.0,26.04,20.0,
212.0,easyBike_forward2.1,easyBike,waiting,,0.0,0.0,61.0
212.0,easyBike_forward4.1,easyBike,waiting,,0.0,0.0,40.0
212.0,easyBike_forward1.2,easyBike,waiting,,0.0,0.0,17.0
213.0,easyBike_forward4.0,easyBike,charging,115.0,26.05,20.0,
213.0,easyBike_forward2.0,easyBike,charging,122.0,26.04,20.0,
213.0,easyBike_forward1.0,easyBike,charging,118.0,26.04,20.0,
213.0,easyBike_forward1.1,easyBike,charging,70.0,26.04,20.0,
213.0,easyBike_forward2.1,easyBike,waiting,,0.0,0.0,62.0
213.0,easyBike_forward4.1,easyBike,waiting,,0.0,0.0,41.0
213.0,easyBike_forward1.2,easyBike,waiting,,0.0,0.0,18.0
214.0,easyBike_forward4.0,easyBike,charging,116.0,26.05,20.0,
214.0,easyBike_forward2.0,easyBike,charging,123.0,26.04,20.0,
214.0,easyBike_forward1.0,easyBike,charging,119.0,26.04,20.0,
214.0,easyBike_forward1.1,easyBike,charging,71.0,26.04,20.0,
214.0,easyBike_forward2.1,easyBike,waiting,,0.0,0.0,63.0
214.0,easyBike_forward4.1,easyBike,waiting,,0.0,0.0,42.0
214.0,easyBike_forward1.2,easyBike,waiting,,0.0,0.0,19.0
215.0,easyBike_forward4.0,easyBike,charging,117.0,26.05,20.0,
215.0,easyBike_forward2.0,easyBike,charging,124.0,26.04,20.0,
215.0,easyBike_forward1.0,easyBike,charging,120.0,26.04,20.0,
215.0,easyBike_forward1.1,easyBike,charging,72.0,26.04,20.0,
215.0,easyBike_forward2.1,easyBike,waiting,,0.0,0.0,64.0
215.0,easyBike_forward4.1,easyBike,waiting,,0.0,0.0,43.0
215.0,easyBike_forward1.2,easyBike,waiting,,0.0,0.0,20.0
216.0,easyBike_forward4.0,easyBike,charging,118.0,26.05,20.0,
216.0,easyBike_forward2.0,easyBike,charging,125.0,26.04,20.0,
216.0,easyBike_forward1.0,easyBike,charging,121.0,26.04,20.0,
216.0,easyBike_forward1.1,easyBike,charging,73.0,26.04,20.0,
216.0,easyBike_forward2.1,easyBike,waiting,,0.0,0.0,65.0
216.0,easyBike_forward4.1,easyBike,waiting,,0.0,0.0,44.0
216.0,easyBike_forward1.2,easyBike,waiting,,0.0,0.0,21.0
217.0,easyBike_forward4.0,easyBike,charging,119.0,26.05,20.0,
217.0,easyBike_forward2.0,easyBike,charging,126.0,26.04,20.0,
217.0,easyBike_forward1.0,easyBike,charging,122.0,26.04,20.0,
217.0,easyBike_forward1.1,easyBike,charging,74.0,26.04,20.0,
217.0,easyBike_forward2.1,easyBike,waiting,,0.0,0.0,66.0
217.0,easyBike_forward4.1,easyBike,waiting,,0.0,0.0,45.0
217.0,easyBike_forward1.2,easyBike,waiting,,0.0,0.0,22.0
218.0,easyBike_forward4.0,easyBike,charging,120.0,26.05,20.0,
218.0,easyBike_forward2.0,easyBike,charging,127.0,26.04,20.0,
218.0,easyBike_forward1.0,easyBike,charging,123.0,26.04,20.0,
218.0,easyBike_forward1.1,easyBike,charging,75.0,26.04,20.0,
218.0,easyBike_forward2.1,easyBike,waiting,,0.0,0.0,67.0
218.0,easyBike_forward4.1,easyBike,waiting,,0.0,0.0,46.0
218.0,easyBike_forward1.2,easyBike,waiting,,0.0,0.0,23.0
219.0,easyBike_forward4.0,easyBike,charging,121.0,26.05,20.0,
219.0,easyBike_forward2.0,easyBike,charging,128.0,26.04,20.0,
219.0,easyBike_forward1.0,easyBike,charging,124.0,26.04,20.0,
219.0,easyBike_forward1.1,easyBike,charging,76.0,26.04,20.0,
219.0,easyBike_forward2.1,easyBike,waiting,,0.0,0.0,68.0
219.0,easyBike_forward4.1,easyBike,waiting,,0.0,0.0,47.0
219.0,easyBike_forward1.2,easyBike,waiting,,0.0,0.0,24.0
220.0,easyBike_forward4.0,easyBike,charging,122.0,26.05,20.0,
220.0,easyBike_forward2.0,easyBike,charging,129.0,26.04,20.0,
220.0,easyBike_forward1.0,easyBike,charging,125.0,26.04,20.0,
220.0,easyBike_forward1.1,easyBike,charging,77.0,26.04,20.0,
220.0,easyBike_forward2.1,easyBike,waiting,,0.0,0.0,69.0
220.0,easyBike_forward4.1,easyBike,waiting,,0.0,0.0,48.0
220.0,easyBike_forward1.2,easyBike,waiting,,0.0,0.0,25.0
221.0,easyBike_forward4.0,easyBike,charging,123.0,26.05,20.0,
221.0,easyBike_forward2.0,easyBike,charging,130.0,26.04,20.0,
221.0,easyBike_forward1.0,easyBike,charging,126.0,26.04,20.0,
221.0,easyBike_forward1.1,easyBike,charging,78.0,26.04,20.0,
221.0,easyBike_forward2.1,easyBike,waiting,,0.0,0.0,70.0
221.0,easyBike_forward4.1,easyBike,waiting,,0.0,0.0,49.0
221.0,easyBike_forward1.2,easyBike,waiting,,0.0,0.0,26.0
222.0,easyBike_forward4.0,easyBike,charging,124.0,26.05,20.0,
222.0,easyBike_forward2.0,easyBike,charging,131.0,26.04,20.0,
222.0,easyBike_forward1.0,easyBike,charging,127.0,26.04,20.0,
222.0,easyBike_forward1.1,easyBike,charging,79.0,26.04,20.0,
222.0,easyBike_forward2.1,easyBike,waiting,,0.0,0.0,71.0
222.0,easyBike_forward4.1,easyBike,waiting,,0.0,0.0,50.0
222.0,easyBike_forward1.2,easyBike,waiting,,0.0,0.0,27.0
223.0,easyBike_forward4.0,easyBike,charging,125.0,26.05,20.0,
223.0,easyBike_forward2.0,easyBike,charging,132.0,26.04,20.0,
223.0,easyBike_forward1.0,easyBike,charging,128.0,26.04,20.0,
223.0,easyBike_forward1.1,easyBike,charging,80.0,26.04,20.0,
223.0,easyBike_forward2.1,easyBike,waiting,,0.0,0.0,72.0
223.0,easyBike_forward4.1,easyBike,waiting,,0.0,0.0,51.0
223.0,easyBike_forward1.2,easyBike,waiting,,0.0,0.0,28.0
224.0,easyBike_forward4.0,easyBike,charging,126.0,26.05,20.0,
224.0,easyBike_forward2.0,easyBike,charging,133.0,26.04,20.0,
224.0,easyBike_forward1.0,easyBike,charging,129.0,26.04,20.0,
224.0,easyBike_forward1.1,easyBike,charging,81.0,26.04,20.0,
224.0,easyBike_forward2.1,easyBike,waiting,,0.0,0.0,73.0
224.0,easyBike_forward4.1,easyBike,waiting,,0.0,0.0,52.0
224.0,easyBike_forward1.2,easyBike,waiting,,0.0,0.0,29.0
225.0,easyBike_forward4.0,easyBike,charging,127.0,26.05,20.0,
225.0,easyBike_forward2.0,easyBike,charging,134.0,26.04,20.0,
225.0,easyBike_forward1.0,easyBike,charging,130.0,26.04,20.0,
225.0,easyBike_forward1.1,easyBike,charging,82.0,26.04,20.0,
225.0,easyBike_forward2.1,easyBike,waiting,,0.0,0.0,74.0
225.0,easyBike_forward4.1,easyBike,waiting,,0.0,0.0,53.0
225.0,easyBike_forward1.2,easyBike,waiting,,0.0,0.0,30.0
226.0,easyBike_forward4.0,easyBike,charging,128.0,26.05,20.0,
226.0,easyBike_forward2.0,easyBike,charging,135.0,26.04,20.0,
226.0,easyBike_forward1.0,easyBike,charging,131.0,26.04,20.0,
226.0,easyBike_forward1.1,easyBike,charging,83.0,26.04,20.0,
226.0,easyBike_forward2.1,easyBike,waiting,,0.0,0.0,75.0
226.0,easyBike_forward4.1,easyBike,waiting,,0.0,0.0,54.0
226.0,easyBike_forward1.2,easyBike,waiting,,0.0,0.0,31.0
227.0,easyBike_forward4.0,easyBike,charging,129.0,26.05,20.0,
227.0,easyBike_forward2.0,easyBike,charging,136.0,26.04,20.0,
227.0,easyBike_forward1.0,easyBike,charging,132.0,26.04,20.0,
227.0,easyBike_forward1.1,easyBike,charging,84.0,26.04,20.0,
227.0,easyBike_forward2.1,easyBike,waiting,,0.0,0.0,76.0
227.0,easyBike_forward4.1,easyBike,waiting,,0.0,0.0,55.0
227.0,easyBike_forward1.2,easyBike,waiting,,0.0,0.0,32.0
228.0,easyBike_forward4.0,easyBike,charging,130.0,26.05,20.0,
228.0,easyBike_forward2.0,easyBike,charging,137.0,26.04,20.0,
228.0,easyBike_forward1.0,easyBike,charging,133.0,26.04,20.0,
228.0,easyBike_forward1.1,easyBike,charging,85.0,26.04,20.0,
228.0,easyBike_forward2.1,easyBike,waiting,,0.0,0.0,77.0
228.0,easyBike_forward4.1,easyBike,waiting,,0.0,0.0,56.0
228.0,easyBike_forward1.2,easyBike,waiting,,0.0,0.0,33.0
229.0,easyBike_forward4.0,easyBike,charging,131.0,26.05,20.0,
229.0,easyBike_forward2.0,easyBike,charging,138.0,26.04,20.0,
229.0,easyBike_forward1.0,easyBike,charging,134.0,26.04,20.0,
229.0,easyBike_forward1.1,easyBike,charging,86.0,26.04,20.0,
229.0,easyBike_forward2.1,easyBike,waiting,,0.0,0.0,78.0
229.0,easyBike_forward4.1,easyBike,waiting,,0.0,0.0,57.0
229.0,easyBike_forward1.2,easyBike,waiting,,0.0,0.0,34.0
230.0,easyBike_forward4.0,easyBike,charging,132.0,26.05,20.0,
230.0,easyBike_forward2.0,easyBike,charging,139.0,26.04,20.0,
230.0,easyBike_forward1.0,easyBike,charging,135.0,26.04,20.0,
230.0,easyBike_forward1.1,easyBike,charging,87.0,26.04,20.0,
230.0,easyBike_forward2.1,easyBike,waiting,,0.0,0.0,79.0
230.0,easyBike_forward4.1,easyBike,waiting,,0.0,0.0,58.0
230.0,easyBike_forward1.2,easyBike,waiting,,0.0,0.0,35.0
231.0,easyBike_forward4.0,easyBike,charging,133.0,26.05,20.0,
231.0,easyBike_forward2.0,easyBike,charging,140.0,26.04,20.0,
231.0,easyBike_forward1.0,easyBike,charging,136.0,26.04,20.0,
231.0,easyBike_forward1.1,easyBike,charging,88.0,26.04,20.0,
231.0,easyBike_forward2.1,easyBike,waiting,,0.0,0.0,80.0
231.0,easyBike_forward4.1,easyBike,waiting,,0.0,0.0,59.0
231.0,easyBike_forward1.2,easyBike,waiting,,0.0,0.0,36.0
232.0,easyBike_forward4.0,easyBike,charging,134.0,26.05,20.0,
232.0,easyBike_forward2.0,easyBike,charging,141.0,26.04,20.0,
232.0,easyBike_forward1.0,easyBike,charging,137.0,26.04,20.0,
232.0,easyBike_forward1.1,easyBike,charging,89.0,26.04,20.0,
232.0,easyBike_forward2.1,easyBike,waiting,,0.0,0.0,81.0
232.0,easyBike_forward4.1,easyBike,waiting,,0.0,0.0,60.0
232.0,easyBike_forward1.2,easyBike,waiting,,0.0,0.0,37.0
233.0,easyBike_forward4.0,easyBike,charging,135.0,26.05,20.0,
233.0,easyBike_forward2.0,easyBike,charging,142.0,26.04,20.0,
233.0,easyBike_forward1.0,easyBike,charging,138.0,26.04,20.0,
233.0,easyBike_forward1.1,easyBike,charging,90.0,26.04,20.0,
233.0,easyBike_forward2.1,easyBike,waiting,,0.0,0.0,82.0
233.0,easyBike_forward4.1,easyBike,waiting,,0.0,0.0,61.0
233.0,easyBike_forward1.2,easyBike,waiting,,0.0,0.0,38.0
234.0,easyBike_forward4.0,easyBike,charging,136.0,26.05,20.0,
234.0,easyBike_forward2.0,easyBike,charging,143.0,26.04,20.0,
234.0,easyBike_forward1.0,easyBike,charging,139.0,26.04,20.0,
234.0,easyBike_forward1.1,easyBike,charging,91.0,26.04,20.0,
234.0,easyBike_forward2.1,easyBike,waiting,,0.0,0.0,83.0
234.0,easyBike_forward4.1,easyBike,waiting,,0.0,0.0,62.0
234.0,easyBike_forward1.2,easyBike,waiting,,0.0,0.0,39.0
235.0,easyBike_forward4.0,easyBike,charging,137.0,26.05,20.0,
235.0,easyBike_forward2.0,easyBike,charging,144.0,26.04,20.0,
235.0,easyBike_forward1.0,easyBike,charging,140.0,26.04,20.0,
235.0,easyBike_forward1.1,easyBike,charging,92.0,26.04,20.0,
235.0,easyBike_forward2.1,easyBike,waiting,,0.0,0.0,84.0
235.0,easyBike_forward4.1,easyBike,waiting,,0.0,0.0,63.0
235.0,easyBike_forward1.2,easyBike,waiting,,0.0,0.0,40.0
236.0,easyBike_forward4.0,easyBike,charging,138.0,26.05,20.0,
236.0,easyBike_forward2.0,easyBike,charging,145.0,26.04,20.0,
236.0,easyBike_forward1.0,easyBike,charging,141.0,26.04,20.0,
236.0,easyBike_forward1.1,easyBike,charging,93.0,26.04,20.0,
236.0,easyBike_forward2.1,easyBike,waiting,,0.0,0.0,85.0
236.0,easyBike_forward4.1,easyBike,waiting,,0.0,0.0,64.0
236.0,easyBike_forward1.2,easyBike,waiting,,0.0,0.0,41.0
237.0,easyBike_forward4.0,easyBike,charging,139.0,26.05,20.0,
237.0,easyBike_forward2.0,easyBike,charging,146.0,26.04,20.0,
237.0,easyBike_forward1.0,easyBike,charging,142.0,26.04,20.0,
237.0,easyBike_forward1.1,easyBike,charging,94.0,26.04,20.0,
237.0,easyBike_forward2.1,easyBike,waiting,,0.0,0.0,86.0
237.0,easyBike_forward4.1,easyBike,waiting,,0.0,0.0,65.0
237.0,easyBike_forward1.2,easyBike,waiting,,0.0,0.0,42.0
238.0,easyBike_forward4.0,easyBike,charging,140.0,26.05,20.0,
238.0,easyBike_forward2.0,easyBike,charging,147.0,26.04,20.0,
238.0,easyBike_forward1.0,easyBike,charging,143.0,26.04,20.0,
238.0,easyBike_forward1.1,easyBike,charging,95.0,26.04,20.0,
238.0,easyBike_forward2.1,easyBike,waiting,,0.0,0.0,87.0
238.0,easyBike_forward4.1,easyBike,waiting,,0.0,0.0,66.0
238.0,easyBike_forward1.2,easyBike,waiting,,0.0,0.0,43.0
239.0,easyBike_forward4.0,easyBike,charging,141.0,26.05,20.0,
239.0,easyBike_forward2.0,easyBike,charging,148.0,26.04,20.0,
239.0,easyBike_forward1.0,easyBike,charging,144.0,26.04,20.0,
239.0,easyBike_forward1.1,easyBike,charging,96.0,26.04,20.0,
239.0,easyBike_forward2.1,easyBike,waiting,,0.0,0.0,88.0
239.0,easyBike_forward4.1,easyBike,waiting,,0.0,0.0,67.0
239.0,easyBike_forward1.2,easyBike,waiting,,0.0,0.0,44.0
240.0,easyBike_forward4.0,easyBike,charging,142.0,26.05,20.0,
240.0,easyBike_forward2.0,easyBike,charging,149.0,26.04,20.0,
240.0,easyBike_forward1.0,easyBike,charging,145.0,26.04,20.0,
240.0,easyBike_forward1.1,easyBike,charging,97.0,26.04,20.0,
240.0,easyBike_forward2.1,easyBike,waiting,,0.0,0.0,89.0
240.0,easyBike_forward4.1,easyBike,waiting,,0.0,0.0,68.0
240.0,easyBike_forward1.2,easyBike,waiting,,0.0,0.0,45.0
241.0,easyBike_forward4.0,easyBike,charging,143.0,26.05,20.0,
241.0,easyBike_forward2.0,easyBike,charging,150.0,26.04,20.0,
241.0,easyBike_forward1.0,easyBike,charging,146.0,26.04,20.0,
241.0,easyBike_forward1.1,easyBike,charging,98.0,26.04,20.0,
241.0,easyBike_forward2.1,easyBike,waiting,,0.0,0.0,90.0
241.0,easyBike_forward4.1,easyBike,waiting,,0.0,0.0,69.0
241.0,easyBike_forward1.2,easyBike,waiting,,0.0,0.0,46.0
242.0,easyBike_forward4.0,easyBike,charging,144.0,26.05,20.0,
242.0,easyBike_forward2.0,easyBike,charging,151.0,26.04,20.0,
242.0,easyBike_forward1.0,easyBike,charging,147.0,26.04,20.0,
242.0,easyBike_forward1.1,easyBike,charging,99.0,26.04,20.0,
242.0,easyBike_forward2.1,easyBike,waiting,,0.0,0.0,91.0
242.0,easyBike_forward4.1,easyBike,waiting,,0.0,0.0,70.0
242.0,easyBike_forward1.2,easyBike,waiting,,0.0,0.0,47.0
243.0,easyBike_forward4.0,easyBike,charging,145.0,26.05,20.0,
243.0,easyBike_forward2.0,easyBike,charging,152.0,26.04,20.0,
243.0,easyBike_forward1.0,easyBike,charging,148.0,26.04,20.0,
243.0,easyBike_forward1.1,easyBike,charging,100.0,26.04,20.0,
243.0,easyBike_forward2.1,easyBike,waiting,,0.0,0.0,92.0
243.0,easyBike_forward4.1,easyBike,waiting,,0.0,0.0,71.0
243.0,easyBike_forward1.2,easyBike,waiting,,0.0,0.0,48.0
244.0,easyBike_forward4.0,easyBike,charging,146.0,26.05,20.0,
244.0,easyBike_forward2.0,easyBike,charging,153.0,26.04,20.0,
244.0,easyBike_forward1.0,easyBike,charging,149.0,26.04,20.0,
244.0,easyBike_forward1.1,easyBike,charging,101.0,26.04,20.0,
244.0,easyBike_forward2.1,easyBike,waiting,,0.0,0.0,93.0
244.0,easyBike_forward4.1,easyBike,waiting,,0.0,0.0,72.0
244.0,easyBike_forward1.2,easyBike,waiting,,0.0,0.0,49.0
245.0,easyBike_forward4.0,easyBike,charging,147.0,26.05,20.0,
245.0,easyBike_forward2.0,easyBike,charging,154.0,26.04,20.0,
245.0,easyBike_forward1.0,easyBike,charging,150.0,26.04,20.0,
245.0,easyBike_forward1.1,easyBike,charging,102.0,26.04,20.0,
245.0,easyBike_forward2.1,easyBike,waiting,,0.0,0.0,94.0
245.0,easyBike_forward4.1,easyBike,waiting,,0.0,0.0,73.0
245.0,easyBike_forward1.2,easyBike,waiting,,0.0,0.0,50.0
246.0,easyBike_forward4.0,easyBike,charging,148.0,26.05,20.0,
246.0,easyBike_forward2.0,easyBike,charging,155.0,26.04,20.0,
246.0,easyBike_forward1.0,easyBike,charging,151.0,26.04,20.0,
246.0,easyBike_forward1.1,easyBike,charging,103.0,26.04,20.0,
246.0,easyBike_forward2.1,easyBike,waiting,,0.0,0.0,95.0
246.0,easyBike_forward4.1,easyBike,waiting,,0.0,0.0,74.0
246.0,easyBike_forward1.2,easyBike,waiting,,0.0,0.0,51.0
247.0,easyBike_forward4.0,easyBike,charging,149.0,26.05,20.0,
247.0,easyBike_forward2.0,easyBike,charging,156.0,26.04,20.0,
247.0,easyBike_forward1.0,easyBike,charging,152.0,26.04,20.0,
247.0,easyBike_forward1.1,easyBike,charging,104.0,26.04,20.0,
247.0,easyBike_forward2.1,easyBike,waiting,,0.0,0.0,96.0
247.0,easyBike_forward4.1,easyBike,waiting,,0.0,0.0,75.0
247.0,easyBike_forward1.2,easyBike,waiting,,0.0,0.0,52.0
248.0,easyBike_forward4.0,easyBike,charging,150.0,26.05,20.0,
248.0,easyBike_forward2.0,easyBike,charging,157.0,26.04,20.0,
248.0,easyBike_forward1.0,easyBike,charging,153.0,26.04,20.0,
248.0,easyBike_forward1.1,easyBike,charging,105.0,26.04,20.0,
248.0,easyBike_forward2.1,easyBike,waiting,,0.0,0.0,97.0
248.0,easyBike_forward4.1,easyBike,waiting,,0.0,0.0,76.0
248.0,easyBike_forward1.2,easyBike,waiting,,0.0,0.0,53.0
249.0,easyBike_forward4.0,easyBike,charging,151.0,26.05,20.0,
249.0,easyBike_forward2.0,easyBike,charging,158.0,26.04,20.0,
249.0,easyBike_forward1.0,easyBike,charging,154.0,26.04,20.0,
249.0,easyBike_forward1.1,easyBike,charging,106.0,26.04,20.0,
249.0,easyBike_forward2.1,easyBike,waiting,,0.0,0.0,98.0
249.0,easyBike_forward4.1,easyBike,waiting,,0.0,0.0,77.0
249.0,easyBike_forward1.2,easyBike,waiting,,0.0,0.0,54.0
250.0,easyBike_forward4.0,easyBike,charging,152.0,26.05,20.0,
250.0,easyBike_forward2.0,easyBike,charging,159.0,26.04,20.0,
250.0,easyBike_forward1.0,easyBike,charging,155.0,26.04,20.0,
250.0,easyBike_forward1.1,easyBike,charging,107.0,26.04,20.0,
250.0,easyBike_forward2.1,easyBike,waiting,,0.0,0.0,99.0
250.0,easyBike_forward4.1,easyBike,waiting,,0.0,0.0,78.0
250.0,easyBike_forward1.2,easyBike,waiting,,0.0,0.0,55.0
251.0,easyBike_forward4.0,easyBike,charging,153.0,26.05,20.0,
251.0,easyBike_forward2.0,easyBike,charging,160.0,26.04,20.0,
251.0,easyBike_forward1.0,easyBike,charging,156.0,26.04,20.0,
251.0,easyBike_forward1.1,easyBike,charging,108.0,26.04,20.0,
251.0,easyBike_forward2.1,easyBike,waiting,,0.0,0.0,100.0
251.0,easyBike_forward4.1,easyBike,waiting,,0.0,0.0,79.0
251.0,easyBike_forward1.2,easyBike,waiting,,0.0,0.0,56.0
252.0,easyBike_forward4.0,easyBike,charging,154.0,26.05,20.0,
252.0,easyBike_forward2.0,easyBike,charging,161.0,26.04,20.0,
252.0,easyBike_forward1.0,easyBike,charging,157.0,26.04,20.0,
252.0,easyBike_forward1.1,easyBike,charging,109.0,26.04,20.0,
252.0,easyBike_forward2.1,easyBike,waiting,,0.0,0.0,101.0
252.0,easyBike_forward4.1,easyBike,waiting,,0.0,0.0,80.0
252.0,easyBike_forward1.2,easyBike,waiting,,0.0,0.0,57.0
253.0,easyBike_forward4.0,easyBike,charging,155.0,26.05,20.0,
253.0,easyBike_forward2.0,easyBike,charging,162.0,26.04,20.0,
253.0,easyBike_forward1.0,easyBike,charging,158.0,26.04,20.0,
253.0,easyBike_forward1.1,easyBike,charging,110.0,26.04,20.0,
253.0,easyBike_forward2.1,easyBike,waiting,,0.0,0.0,102.0
253.0,easyBike_forward4.1,easyBike,waiting,,0.0,0.0,81.0
253.0,easyBike_forward1.2,easyBike,waiting,,0.0,0.0,58.0
254.0,easyBike_forward4.0,easyBike,charging,156.0,26.05,20.0,
254.0,easyBike_forward2.0,easyBike,charging,163.0,26.04,20.0,
254.0,easyBike_forward1.0,easyBike,charging,159.0,26.04,20.0,
254.0,easyBike_forward1.1,easyBike,charging,111.0,26.04,20.0,
254.0,easyBike_forward2.1,easyBike,waiting,,0.0,0.0,103.0
254.0,easyBike_forward4.1,easyBike,waiting,,0.0,0.0,82.0
254.0,easyBike_forward1.2,easyBike,waiting,,0.0,0.0,59.0
255.0,easyBike_forward4.0,easyBike,charging,157.0,26.05,20.0,
255.0,easyBike_forward2.0,easyBike,charging,164.0,26.04,20.0,
255.0,easyBike_forward1.0,easyBike,charging,160.0,26.04,20.0,
255.0,easyBike_forward1.1,easyBike,charging,112.0,26.04,20.0,
255.0,easyBike_forward2.1,easyBike,waiting,,0.0,0.0,104.0
255.0,easyBike_forward4.1,easyBike,waiting,,0.0,0.0,83.0
255.0,easyBike_forward1.2,easyBike,waiting,,0.0,0.0,60.0
256.0,easyBike_forward4.0,easyBike,charging,158.0,26.05,20.0,
256.0,easyBike_forward2.0,easyBike,charging,165.0,26.04,20.0,
256.0,easyBike_forward1.0,easyBike,charging,161.0,26.04,20.0,
256.0,easyBike_forward1.1,easyBike,charging,113.0,26.04,20.0,
256.0,easyBike_forward2.1,easyBike,waiting,,0.0,0.0,105.0
256.0,easyBike_forward4.1,easyBike,waiting,,0.0,0.0,84.0
256.0,easyBike_forward1.2,easyBike,waiting,,0.0,0.0,61.0
257.0,easyBike_forward4.0,easyBike,charging,159.0,26.05,20.0,
257.0,easyBike_forward2.0,easyBike,charging,166.0,26.04,20.0,
257.0,easyBike_forward1.0,easyBike,charging,162.0,26.04,20.0,
257.0,easyBike_forward1.1,easyBike,charging,114.0,26.04,20.0,
257.0,easyBike_forward2.1,easyBike,waiting,,0.0,0.0,106.0
257.0,easyBike_forward4.1,easyBike,waiting,,0.0,0.0,85.0
257.0,easyBike_forward1.2,easyBike,waiting,,0.0,0.0,62.0
258.0,easyBike_forward4.0,easyBike,charging,160.0,26.05,20.0,
258.0,easyBike_forward2.0,easyBike,charging,167.0,26.04,20.0,
258.0,easyBike_forward1.0,easyBike,charging,163.0,26.04,20.0,
258.0,easyBike_forward1.1,easyBike,charging,115.0,26.04,20.0,
258.0,easyBike_forward2.1,easyBike,waiting,,0.0,0.0,107.0
258.0,easyBike_forward4.1,easyBike,waiting,,0.0,0.0,86.0
258.0,easyBike_forward1.2,easyBike,waiting,,0.0,0.0,63.0
259.0,easyBike_forward4.0,easyBike,charging,161.0,26.05,20.0,
259.0,easyBike_forward2.0,easyBike,charging,168.0,26.04,20.0,
259.0,easyBike_forward1.0,easyBike,charging,164.0,26.04,20.0,
259.0,easyBike_forward1.1,easyBike,charging,116.0,26.04,20.0,
259.0,easyBike_forward2.1,easyBike,waiting,,0.0,0.0,108.0
259.0,easyBike_forward4.1,easyBike,waiting,,0.0,0.0,87.0
259.0,easyBike_forward1.2,easyBike,waiting,,0.0,0.0,64.0
260.0,easyBike_forward4.0,easyBike,charging,162.0,26.05,20.0,
260.0,easyBike_forward2.0,easyBike,charging,169.0,26.04,20.0,
260.0,easyBike_forward1.0,easyBike,charging,165.0,26.04,20.0,
260.0,easyBike_forward1.1,easyBike,charging,117.0,26.04,20.0,
260.0,easyBike_forward2.1,easyBike,waiting,,0.0,0.0,109.0
260.0,easyBike_forward4.1,easyBike,waiting,,0.0,0.0,88.0
260.0,easyBike_forward1.2,easyBike,waiting,,0.0,0.0,65.0
261.0,easyBike_forward4.0,easyBike,charging,163.0,26.05,20.0,
261.0,easyBike_forward2.0,easyBike,charging,170.0,26.04,20.0,
261.0,easyBike_forward1.0,easyBike,charging,166.0,26.04,20.0,
261.0,easyBike_forward1.1,easyBike,charging,118.0,26.04,20.0,
261.0,easyBike_forward2.1,easyBike,waiting,,0.0,0.0,110.0
261.0,easyBike_forward4.1,easyBike,waiting,,0.0,0.0,89.0
261.0,easyBike_forward1.2,easyBike,waiting,,0.0,0.0,66.0
262.0,easyBike_forward4.0,easyBike,charging,164.0,26.05,20.0,
262.0,easyBike_forward2.0,easyBike,charging,171.0,26.04,20.0,
262.0,easyBike_forward1.0,easyBike,charging,167.0,26.04,20.0,
262.0,easyBike_forward1.1,easyBike,charging,119.0,26.04,20.0,
262.0,easyBike_forward2.1,easyBike,waiting,,0.0,0.0,111.0
262.0,easyBike_forward4.1,easyBike,waiting,,0.0,0.0,90.0
262.0,easyBike_forward1.2,easyBike,waiting,,0.0,0.0,67.0
263.0,easyBike_forward4.0,easyBike,charging,165.0,26.05,20.0,
263.0,easyBike_forward2.0,easyBike,charging,172.0,26.04,20.0,
263.0,easyBike_forward1.0,easyBike,charging,168.0,26.04,20.0,
263.0,easyBike_forward1.1,easyBike,charging,120.0,26.04,20.0,
263.0,easyBike_forward2.1,easyBike,waiting,,0.0,0.0,112.0
263.0,easyBike_forward4.1,easyBike,waiting,,0.0,0.0,91.0
263.0,easyBike_forward1.2,easyBike,waiting,,0.0,0.0,68.0
264.0,easyBike_forward4.0,easyBike,charging,166.0,26.05,20.0,
264.0,easyBike_forward2.0,easyBike,charging,173.0,26.04,20.0,
264.0,easyBike_forward1.0,easyBike,charging,169.0,26.04,20.0,
264.0,easyBike_forward1.1,easyBike,charging,121.0,26.04,20.0,
264.0,easyBike_forward2.1,easyBike,waiting,,0.0,0.0,113.0
264.0,easyBike_forward4.1,easyBike,waiting,,0.0,0.0,92.0
264.0,easyBike_forward1.2,easyBike,waiting,,0.0,0.0,69.0
265.0,easyBike_forward4.0,easyBike,charging,167.0,26.05,20.0,
265.0,easyBike_forward2.0,easyBike,charging,174.0,26.04,20.0,
265.0,easyBike_forward1.0,easyBike,charging,170.0,26.04,20.0,
265.0,easyBike_forward1.1,easyBike,charging,122.0,26.04,20.0,
265.0,easyBike_forward2.1,easyBike,waiting,,0.0,0.0,114.0
265.0,easyBike_forward4.1,easyBike,waiting,,0.0,0.0,93.0
265.0,easyBike_forward1.2,easyBike,waiting,,0.0,0.0,70.0
266.0,easyBike_forward4.0,easyBike,charging,168.0,26.05,20.0,
266.0,easyBike_forward2.0,easyBike,charging,175.0,26.04,20.0,
266.0,easyBike_forward1.0,easyBike,charging,171.0,26.04,20.0,
266.0,easyBike_forward1.1,easyBike,charging,123.0,26.04,20.0,
266.0,easyBike_forward2.1,easyBike,waiting,,0.0,0.0,115.0
266.0,easyBike_forward4.1,easyBike,waiting,,0.0,0.0,94.0
266.0,easyBike_forward1.2,easyBike,waiting,,0.0,0.0,71.0
267.0,easyBike_forward4.0,easyBike,charging,169.0,26.05,20.0,
267.0,easyBike_forward2.0,easyBike,charging,176.0,26.04,20.0,
267.0,easyBike_forward1.0,easyBike,charging,172.0,26.04,20.0,
267.0,easyBike_forward1.1,easyBike,charging,124.0,26.04,20.0,
267.0,easyBike_forward2.1,easyBike,waiting,,0.0,0.0,116.0
267.0,easyBike_forward4.1,easyBike,waiting,,0.0,0.0,95.0
267.0,easyBike_forward1.2,easyBike,waiting,,0.0,0.0,72.0
268.0,easyBike_forward4.0,easyBike,charging,170.0,26.05,20.0,
268.0,easyBike_forward2.0,easyBike,charging,177.0,26.04,20.0,
268.0,easyBike_forward1.0,easyBike,charging,173.0,26.04,20.0,
268.0,easyBike_forward1.1,easyBike,charging,125.0,26.04,20.0,
268.0,easyBike_forward2.1,easyBike,waiting,,0.0,0.0,117.0
268.0,easyBike_forward4.1,easyBike,waiting,,0.0,0.0,96.0
268.0,easyBike_forward1.2,easyBike,waiting,,0.0,0.0,73.0
269.0,easyBike_forward4.0,easyBike,charging,171.0,26.05,20.0,
269.0,easyBike_forward2.0,easyBike,charging,178.0,26.04,20.0,
269.0,easyBike_forward1.0,easyBike,charging,174.0,26.04,20.0,
269.0,easyBike_forward1.1,easyBike,charging,126.0,26.04,20.0,
269.0,easyBike_forward2.1,easyBike,waiting,,0.0,0.0,118.0
269.0,easyBike_forward4.1,easyBike,waiting,,0.0,0.0,97.0
269.0,easyBike_forward1.2,easyBike,waiting,,0.0,0.0,74.0
270.0,easyBike_forward4.0,easyBike,charging,172.0,26.05,20.0,
270.0,easyBike_forward2.0,easyBike,charging,179.0,26.04,20.0,
270.0,easyBike_forward1.0,easyBike,charging,175.0,26.04,20.0,
270.0,easyBike_forward1.1,easyBike,charging,127.0,26.04,20.0,
270.0,easyBike_forward2.1,easyBike,waiting,,0.0,0.0,119.0
270.0,easyBike_forward4.1,easyBike,waiting,,0.0,0.0,98.0
270.0,easyBike_forward1.2,easyBike,waiting,,0.0,0.0,75.0
271.0,easyBike_forward4.0,easyBike,charging,173.0,26.05,20.0,
271.0,easyBike_forward2.0,easyBike,charging,180.0,26.04,20.0,
271.0,easyBike_forward1.0,easyBike,charging,176.0,26.04,20.0,
271.0,easyBike_forward1.1,easyBike,charging,128.0,26.04,20.0,
271.0,easyBike_forward2.1,easyBike,waiting,,0.0,0.0,120.0
271.0,easyBike_forward4.1,easyBike,waiting,,0.0,0.0,99.0
271.0,easyBike_forward1.2,easyBike,waiting,,0.0,0.0,76.0
272.0,easyBike_forward4.0,easyBike,charging,174.0,26.05,20.0,
272.0,easyBike_forward2.0,easyBike,charging,181.0,26.04,20.0,
272.0,easyBike_forward1.0,easyBike,charging,177.0,26.04,20.0,
272.0,easyBike_forward1.1,easyBike,charging,129.0,26.04,20.0,
272.0,easyBike_forward2.1,easyBike,waiting,,0.0,0.0,121.0
272.0,easyBike_forward4.1,easyBike,waiting,,0.0,0.0,100.0
272.0,easyBike_forward1.2,easyBike,waiting,,0.0,0.0,77.0
273.0,easyBike_forward4.0,easyBike,charging,175.0,26.05,20.0,
273.0,easyBike_forward2.0,easyBike,charging,182.0,26.04,20.0,
273.0,easyBike_forward1.0,easyBike,charging,178.0,26.04,20.0,
273.0,easyBike_forward1.1,easyBike,charging,130.0,26.04,20.0,
273.0,easyBike_forward2.1,easyBike,waiting,,0.0,0.0,122.0
273.0,easyBike_forward4.1,easyBike,waiting,,0.0,0.0,101.0
273.0,easyBike_forward1.2,easyBike,waiting,,0.0,0.0,78.0
274.0,easyBike_forward4.0,easyBike,charging,176.0,26.05,20.0,
274.0,easyBike_forward2.0,easyBike,charging,183.0,26.04,20.0,
274.0,easyBike_forward1.0,easyBike,charging,179.0,26.04,20.0,
274.0,easyBike_forward1.1,easyBike,charging,131.0,26.04,20.0,
274.0,easyBike_forward2.1,easyBike,waiting,,0.0,0.0,123.0
274.0,easyBike_forward4.1,easyBike,waiting,,0.0,0.0,102.0
274.0,easyBike_forward1.2,easyBike,waiting,,0.0,0.0,79.0
275.0,easyBike_forward4.0,easyBike,charging,177.0,26.05,20.0,
275.0,easyBike_forward2.0,easyBike,charging,184.0,26.04,20.0,
275.0,easyBike_forward1.0,easyBike,charging,180.0,26.04,20.0,
275.0,easyBike_forward1.1,easyBike,charging,132.0,26.04,20.0,
275.0,easyBike_forward2.1,easyBike,waiting,,0.0,0.0,124.0
275.0,easyBike_forward4.1,easyBike,waiting,,0.0,0.0,103.0
275.0,easyBike_forward1.2,easyBike,waiting,,0.0,0.0,80.0
276.0,easyBike_forward4.0,easyBike,charging,178.0,26.05,20.0,
276.0,easyBike_forward2.0,easyBike,charging,185.0,26.04,20.0,
276.0,easyBike_forward1.0,easyBike,charging,181.0,26.04,20.0,
276.0,easyBike_forward1.1,easyBike,charging,133.0,26.04,20.0,
276.0,easyBike_forward2.1,easyBike,waiting,,0.0,0.0,125.0
276.0,easyBike_forward4.1,easyBike,waiting,,0.0,0.0,104.0
276.0,easyBike_forward1.2,easyBike,waiting,,0.0,0.0,81.0
277.0,easyBike_forward4.0,easyBike,charging,179.0,26.05,20.0,
277.0,easyBike_forward2.0,easyBike,charging,186.0,26.04,20.0,
277.0,easyBike_forward1.0,easyBike,charging,182.0,26.04,20.0,
277.0,easyBike_forward1.1,easyBike,charging,134.0,26.04,20.0,
277.0,easyBike_forward2.1,easyBike,waiting,,0.0,0.0,126.0
277.0,easyBike_forward4.1,easyBike,waiting,,0.0,0.0,105.0
277.0,easyBike_forward1.2,easyBike,waiting,,0.0,0.0,82.0
278.0,easyBike_forward4.0,easyBike,charging,180.0,26.05,20.0,
278.0,easyBike_forward2.0,easyBike,charging,187.0,26.04,20.0,
278.0,easyBike_forward1.0,easyBike,charging,183.0,26.04,20.0,
278.0,easyBike_forward1.1,easyBike,charging,135.0,26.04,20.0,
278.0,easyBike_forward2.1,easyBike,waiting,,0.0,0.0,127.0
278.0,easyBike_forward4.1,easyBike,waiting,,0.0,0.0,106.0
278.0,easyBike_forward1.2,easyBike,waiting,,0.0,0.0,83.0
279.0,easyBike_forward4.0,easyBike,charging,181.0,26.05,20.0,
279.0,easyBike_forward2.0,easyBike,charging,188.0,26.04,20.0,
279.0,easyBike_forward1.0,easyBike,charging,184.0,26.04,20.0,
279.0,easyBike_forward1.1,easyBike,charging,136.0,26.04,20.0,
279.0,easyBike_forward2.1,easyBike,waiting,,0.0,0.0,128.0
279.0,easyBike_forward4.1,easyBike,waiting,,0.0,0.0,107.0
279.0,easyBike_forward1.2,easyBike,waiting,,0.0,0.0,84.0
280.0,easyBike_forward4.0,easyBike,charging,182.0,26.05,20.0,
280.0,easyBike_forward2.0,easyBike,charging,189.0,26.04,20.0,
280.0,easyBike_forward1.0,easyBike,charging,185.0,26.04,20.0,
280.0,easyBike_forward1.1,easyBike,charging,137.0,26.04,20.0,
280.0,easyBike_forward2.1,easyBike,waiting,,0.0,0.0,129.0
280.0,easyBike_forward4.1,easyBike,waiting,,0.0,0.0,108.0
280.0,easyBike_forward1.2,easyBike,waiting,,0.0,0.0,85.0
281.0,easyBike_forward4.0,easyBike,charging,183.0,26.05,20.0,
281.0,easyBike_forward2.0,easyBike,charging,190.0,26.04,20.0,
281.0,easyBike_forward1.0,easyBike,charging,186.0,26.04,20.0,
281.0,easyBike_forward1.1,easyBike,charging,138.0,26.04,20.0,
281.0,easyBike_forward2.1,easyBike,waiting,,0.0,0.0,130.0
281.0,easyBike_forward4.1,easyBike,waiting,,0.0,0.0,109.0
281.0,easyBike_forward1.2,easyBike,waiting,,0.0,0.0,86.0
282.0,easyBike_forward4.0,easyBike,charging,184.0,26.05,20.0,
282.0,easyBike_forward2.0,easyBike,charging,191.0,26.04,20.0,
282.0,easyBike_forward1.0,easyBike,charging,187.0,26.04,20.0,
282.0,easyBike_forward1.1,easyBike,charging,139.0,26.04,20.0,
282.0,easyBike_forward2.1,easyBike,waiting,,0.0,0.0,131.0
282.0,easyBike_forward4.1,easyBike,waiting,,0.0,0.0,110.0
282.0,easyBike_forward1.2,easyBike,waiting,,0.0,0.0,87.0
283.0,easyBike_forward4.0,easyBike,charging,185.0,26.05,20.0,
283.0,easyBike_forward2.0,easyBike,charging,192.0,26.04,20.0,
283.0,easyBike_forward1.0,easyBike,charging,188.0,26.04,20.0,
283.0,easyBike_forward1.1,easyBike,charging,140.0,26.04,20.0,
283.0,easyBike_forward2.1,easyBike,waiting,,0.0,0.0,132.0
283.0,easyBike_forward4.1,easyBike,waiting,,0.0,0.0,111.0
283.0,easyBike_forward1.2,easyBike,waiting,,0.0,0.0,88.0
284.0,easyBike_forward4.0,easyBike,charging,186.0,26.05,20.0,
284.0,easyBike_forward2.0,easyBike,charging,193.0,26.04,20.0,
284.0,easyBike_forward1.0,easyBike,charging,189.0,26.04,20.0,
284.0,easyBike_forward1.1,easyBike,charging,141.0,26.04,20.0,
284.0,easyBike_forward2.1,easyBike,waiting,,0.0,0.0,133.0
284.0,easyBike_forward4.1,easyBike,waiting,,0.0,0.0,112.0
284.0,easyBike_forward1.2,easyBike,waiting,,0.0,0.0,89.0
285.0,easyBike_forward4.0,easyBike,charging,187.0,26.05,20.0,
285.0,easyBike_forward2.0,easyBike,charging,194.0,26.04,20.0,
285.0,easyBike_forward1.0,easyBike,charging,190.0,26.04,20.0,
285.0,easyBike_forward1.1,easyBike,charging,142.0,26.04,20.0,
285.0,easyBike_forward2.1,easyBike,waiting,,0.0,0.0,134.0
285.0,easyBike_forward4.1,easyBike,waiting,,0.0,0.0,113.0
285.0,easyBike_forward1.2,easyBike,waiting,,0.0,0.0,90.0
286.0,easyBike_forward4.0,easyBike,charging,188.0,26.05,20.0,
286.0,easyBike_forward2.0,easyBike,charging,195.0,26.04,20.0,
286.0,easyBike_forward1.0,easyBike,charging,191.0,26.04,20.0,
286.0,easyBike_forward1.1,easyBike,charging,143.0,26.04,20.0,
286.0,easyBike_forward2.1,easyBike,waiting,,0.0,0.0,135.0
286.0,easyBike_forward4.1,easyBike,waiting,,0.0,0.0,114.0
286.0,easyBike_forward1.2,easyBike,waiting,,0.0,0.0,91.0
287.0,easyBike_forward4.0,easyBike,charging,189.0,26.05,20.0,
287.0,easyBike_forward2.0,easyBike,charging,196.0,26.04,20.0,
287.0,easyBike_forward1.0,easyBike,charging,192.0,26.04,20.0,
287.0,easyBike_forward1.1,easyBike,charging,144.0,26.04,20.0,
287.0,easyBike_forward2.1,easyBike,waiting,,0.0,0.0,136.0
287.0,easyBike_forward4.1,easyBike,waiting,,0.0,0.0,115.0
287.0,easyBike_forward1.2,easyBike,waiting,,0.0,0.0,92.0
288.0,easyBike_forward4.0,easyBike,charging,190.0,26.05,20.0,
288.0,easyBike_forward2.0,easyBike,charging,197.0,26.04,20.0,
288.0,easyBike_forward1.0,easyBike,charging,193.0,26.04,20.0,
288.0,easyBike_forward1.1,easyBike,charging,145.0,26.04,20.0,
288.0,easyBike_forward2.1,easyBike,waiting,,0.0,0.0,137.0
288.0,easyBike_forward4.1,easyBike,waiting,,0.0,0.0,116.0
288.0,easyBike_forward1.2,easyBike,waiting,,0.0,0.0,93.0
289.0,easyBike_forward4.0,easyBike,charging,191.0,26.05,20.0,
289.0,easyBike_forward2.0,easyBike,charging,198.0,26.04,20.0,
289.0,easyBike_forward1.0,easyBike,charging,194.0,26.04,20.0,
289.0,easyBike_forward1.1,easyBike,charging,146.0,26.04,20.0,
289.0,easyBike_forward2.1,easyBike,waiting,,0.0,0.0,138.0
289.0,easyBike_forward4.1,easyBike,waiting,,0.0,0.0,117.0
289.0,easyBike_forward1.2,easyBike,waiting,,0.0,0.0,94.0
290.0,easyBike_forward4.0,easyBike,charging,192.0,26.05,20.0,
290.0,easyBike_forward2.0,easyBike,charging,199.0,26.04,20.0,
290.0,easyBike_forward1.0,easyBike,charging,195.0,26.04,20.0,
290.0,easyBike_forward1.1,easyBike,charging,147.0,26.04,20.0,
290.0,easyBike_forward2.1,easyBike,waiting,,0.0,0.0,139.0
290.0,easyBike_forward4.1,easyBike,waiting,,0.0,0.0,118.0
290.0,easyBike_forward1.2,easyBike,waiting,,0.0,0.0,95.0
291.0,easyBike_forward4.0,easyBike,charging,193.0,26.05,20.0,
291.0,easyBike_forward2.0,easyBike,charging,200.0,26.04,20.0,
291.0,easyBike_forward1.0,easyBike,charging,196.0,26.04,20.0,
291.0,easyBike_forward1.1,easyBike,charging,148.0,26.04,20.0,
291.0,easyBike_forward2.1,easyBike,waiting,,0.0,0.0,140.0
291.0,easyBike_forward4.1,easyBike,waiting,,0.0,0.0,119.0
291.0,easyBike_forward1.2,easyBike,waiting,,0.0,0.0,96.0
292.0,easyBike_forward4.0,easyBike,charging,194.0,26.05,20.0,
292.0,easyBike_forward2.0,easyBike,charging,201.0,26.04,20.0,
292.0,easyBike_forward1.0,easyBike,charging,197.0,26.04,20.0,
292.0,easyBike_forward1.1,easyBike,charging,149.0,26.04,20.0,
292.0,easyBike_forward2.1,easyBike,waiting,,0.0,0.0,141.0
292.0,easyBike_forward4.1,easyBike,waiting,,0.0,0.0,120.0
292.0,easyBike_forward1.2,easyBike,waiting,,0.0,0.0,97.0
293.0,easyBike_forward4.0,easyBike,charging,195.0,26.05,20.0,
293.0,easyBike_forward2.0,easyBike,charging,202.0,26.04,20.0,
293.0,easyBike_forward1.0,easyBike,charging,198.0,26.04,20.0,
293.0,easyBike_forward1.1,easyBike,charging,150.0,26.04,20.0,
293.0,easyBike_forward2.1,easyBike,waiting,,0.0,0.0,142.0
293.0,easyBike_forward4.1,easyBike,waiting,,0.0,0.0,121.0
293.0,easyBike_forward1.2,easyBike,waiting,,0.0,0.0,98.0
294.0,easyBike_forward4.0,easyBike,charging,196.0,26.05,20.0,
294.0,easyBike_forward2.0,easyBike,charging,203.0,26.04,20.0,
294.0,easyBike_forward1.0,easyBike,charging,199.0,26.04,20.0,
294.0,easyBike_forward1.1,easyBike,charging,151.0,26.04,20.0,
294.0,easyBike_forward2.1,easyBike,waiting,,0.0,0.0,143.0
294.0,easyBike_forward4.1,easyBike,waiting,,0.0,0.0,122.0
294.0,easyBike_forward1.2,easyBike,waiting,,0.0,0.0,99.0
295.0,easyBike_forward4.0,easyBike,charging,197.0,26.05,20.0,
295.0,easyBike_forward2.0,easyBike,charging,204.0,26.04,20.0,
295.0,easyBike_forward1.0,easyBike,charging,200.0,26.04,20.0,
295.0,easyBike_forward1.1,easyBike,charging,152.0,26.04,20.0,
295.0,easyBike_forward2.1,easyBike,waiting,,0.0,0.0,144.0
295.0,easyBike_forward4.1,easyBike,waiting,,0.0,0.0,123.0
295.0,easyBike_forward1.2,easyBike,waiting,,0.0,0.0,100.0
296.0,easyBike_forward4.0,easyBike,charging,198.0,26.05,20.0,
296.0,easyBike_forward2.0,easyBike,charging,205.0,26.04,20.0,
296.0,easyBike_forward1.0,easyBike,charging,201.0,26.04,20.0,
296.0,easyBike_forward1.1,easyBike,charging,153.0,26.04,20.0,
296.0,easyBike_forward2.1,easyBike,waiting,,0.0,0.0,145.0
296.0,easyBike_forward4.1,easyBike,waiting,,0.0,0.0,124.0
296.0,easyBike_forward1.2,easyBike,waiting,,0.0,0.0,101.0
297.0,easyBike_forward4.0,easyBike,charging,199.0,26.05,20.0,
297.0,easyBike_forward2.0,easyBike,charging,206.0,26.04,20.0,
297.0,easyBike_forward1.0,easyBike,charging,202.0,26.04,20.0,
297.0,easyBike_forward1.1,easyBike,charging,154.0,26.04,20.0,
297.0,easyBike_forward2.1,easyBike,waiting,,0.0,0.0,146.0
297.0,easyBike_forward4.1,easyBike,waiting,,0.0,0.0,125.0
297.0,easyBike_forward1.2,easyBike,waiting,,0.0,0.0,102.0
298.0,easyBike_forward4.0,easyBike,charging,200.0,26.05,20.0,
298.0,easyBike_forward2.0,easyBike,charging,207.0,26.04,20.0,
298.0,easyBike_forward1.0,easyBike,charging,203.0,26.04,20.0,
298.0,easyBike_forward1.1,easyBike,charging,155.0,26.04,20.0,
298.0,easyBike_forward2.1,easyBike,waiting,,0.0,0.0,147.0
298.0,easyBike_forward4.1,easyBike,waiting,,0.0,0.0,126.0
298.0,easyBike_forward1.2,easyBike,waiting,,0.0,0.0,103.0
299.0,easyBike_forward4.0,easyBike,charging,201.0,26.05,20.0,
299.0,easyBike_forward2.0,easyBike,charging,208.0,26.04,20.0,
299.0,easyBike_forward1.0,easyBike,charging,204.0,26.04,20.0,
299.0,easyBike_forward1.1,easyBike,charging,156.0,26.04,20.0,
299.0,easyBike_forward2.1,easyBike,waiting,,0.0,0.0,148.0
299.0,easyBike_forward4.1,easyBike,waiting,,0.0,0.0,127.0
299.0,easyBike_forward1.2,easyBike,waiting,,0.0,0.0,104.0
300.0,easyBike_forward4.0,easyBike,charging,202.0,26.05,20.0,
300.0,easyBike_forward2.0,easyBike,charging,209.0,26.04,20.0,
300.0,easyBike_forward1.0,easyBike,charging,205.0,26.04,20.0,
300.0,easyBike_forward1.1,easyBike,charging,157.0,26.04,20.0,
300.0,easyBike_forward2.1,easyBike,waiting,,0.0,0.0,149.0
300.0,easyBike_forward4.1,easyBike,waiting,,0.0,0.0,128.0
300.0,easyBike_forward1.2,easyBike,waiting,,0.0,0.0,105.0
301.0,easyBike_forward4.0,easyBike,charging,203.0,26.05,20.0,
301.0,easyBike_forward2.0,easyBike,charging,210.0,26.04,20.0,
301.0,easyBike_forward1.0,easyBike,charging,206.0,26.04,20.0,
301.0,easyBike_forward1.1,easyBike,charging,158.0,26.04,20.0,
301.0,easyBike_forward2.1,easyBike,waiting,,0.0,0.0,150.0
301.0,easyBike_forward4.1,easyBike,waiting,,0.0,0.0,129.0
301.0,easyBike_forward1.2,easyBike,waiting,,0.0,0.0,106.0
302.0,easyBike_forward4.0,easyBike,charging,204.0,26.05,20.0,
302.0,easyBike_forward2.0,easyBike,charging,211.0,26.04,20.0,
302.0,easyBike_forward1.0,easyBike,charging,207.0,26.04,20.0,
302.0,easyBike_forward1.1,easyBike,charging,159.0,26.04,20.0,
302.0,easyBike_forward2.1,easyBike,waiting,,0.0,0.0,151.0
302.0,easyBike_forward4.1,easyBike,waiting,,0.0,0.0,130.0
302.0,easyBike_forward1.2,easyBike,waiting,,0.0,0.0,107.0
303.0,easyBike_forward4.0,easyBike,charging,205.0,26.05,20.0,
303.0,easyBike_forward2.0,easyBike,charging,212.0,26.04,20.0,
303.0,easyBike_forward1.0,easyBike,charging,208.0,26.04,20.0,
303.0,easyBike_forward1.1,easyBike,charging,160.0,26.04,20.0,
303.0,easyBike_forward2.1,easyBike,waiting,,0.0,0.0,152.0
303.0,easyBike_forward4.1,easyBike,waiting,,0.0,0.0,131.0
303.0,easyBike_forward1.2,easyBike,waiting,,0.0,0.0,108.0
304.0,easyBike_forward4.0,easyBike,charging,206.0,26.05,20.0,
304.0,easyBike_forward2.0,easyBike,charging,213.0,26.04,20.0,
304.0,easyBike_forward1.0,easyBike,charging,209.0,26.04,20.0,
304.0,easyBike_forward1.1,easyBike,charging,161.0,26.04,20.0,
304.0,easyBike_forward2.1,easyBike,waiting,,0.0,0.0,153.0
304.0,easyBike_forward4.1,easyBike,waiting,,0.0,0.0,132.0
304.0,easyBike_forward1.2,easyBike,waiting,,0.0,0.0,109.0
305.0,easyBike_forward4.0,easyBike,charging,207.0,26.05,20.0,
305.0,easyBike_forward2.0,easyBike,charging,214.0,26.04,20.0,
305.0,easyBike_forward1.0,easyBike,charging,210.0,26.04,20.0,
305.0,easyBike_forward1.1,easyBike,charging,162.0,26.04,20.0,
305.0,easyBike_forward2.1,easyBike,waiting,,0.0,0.0,154.0
305.0,easyBike_forward4.1,easyBike,waiting,,0.0,0.0,133.0
305.0,easyBike_forward1.2,easyBike,waiting,,0.0,0.0,110.0
306.0,easyBike_forward4.0,easyBike,charging,208.0,26.05,20.0,
306.0,easyBike_forward2.0,easyBike,charging,215.0,26.04,20.0,
306.0,easyBike_forward1.0,easyBike,charging,211.0,26.04,20.0,
306.0,easyBike_forward1.1,easyBike,charging,163.0,26.04,20.0,
306.0,easyBike_forward2.1,easyBike,waiting,,0.0,0.0,155.0
306.0,easyBike_forward4.1,easyBike,waiting,,0.0,0.0,134.0
306.0,easyBike_forward1.2,easyBike,waiting,,0.0,0.0,111.0
307.0,easyBike_forward4.0,easyBike,charging,209.0,26.05,20.0,
307.0,easyBike_forward2.0,easyBike,charging,216.0,26.04,20.0,
307.0,easyBike_forward1.0,easyBike,charging,212.0,26.04,20.0,
307.0,easyBike_forward1.1,easyBike,charging,164.0,26.04,20.0,
307.0,easyBike_forward2.1,easyBike,waiting,,0.0,0.0,156.0
307.0,easyBike_forward4.1,easyBike,waiting,,0.0,0.0,135.0
307.0,easyBike_forward1.2,easyBike,waiting,,0.0,0.0,112.0
308.0,easyBike_forward4.0,easyBike,charging,210.0,26.05,20.0,
308.0,easyBike_forward2.0,easyBike,charging,217.0,26.04,20.0,
308.0,easyBike_forward1.0,easyBike,charging,213.0,26.04,20.0,
308.0,easyBike_forward1.1,easyBike,charging,165.0,26.04,20.0,
308.0,easyBike_forward2.1,easyBike,waiting,,0.0,0.0,157.0
308.0,easyBike_forward4.1,easyBike,waiting,,0.0,0.0,136.0
308.0,easyBike_forward1.2,easyBike,waiting,,0.0,0.0,113.0
309.0,easyBike_forward4.0,easyBike,charging,211.0,26.05,20.0,
309.0,easyBike_forward2.0,easyBike,charging,218.0,26.04,20.0,
309.0,easyBike_forward1.0,easyBike,charging,214.0,26.04,20.0,
309.0,easyBike_forward1.1,easyBike,charging,166.0,26.04,20.0,
309.0,easyBike_forward2.1,easyBike,waiting,,0.0,0.0,158.0
309.0,easyBike_forward4.1,easyBike,waiting,,0.0,0.0,137.0
309.0,easyBike_forward1.2,easyBike,waiting,,0.0,0.0,114.0
310.0,easyBike_forward4.0,easyBike,charging,212.0,26.05,20.0,
310.0,easyBike_forward2.0,easyBike,charging,219.0,26.04,20.0,
310.0,easyBike_forward1.0,easyBike,charging,215.0,26.04,20.0,
310.0,easyBike_forward1.1,easyBike,charging,167.0,26.04,20.0,
310.0,easyBike_forward2.1,easyBike,waiting,,0.0,0.0,159.0
310.0,easyBike_forward4.1,easyBike,waiting,,0.0,0.0,138.0
310.0,easyBike_forward1.2,easyBike,waiting,,0.0,0.0,115.0
311.0,easyBike_forward4.0,easyBike,charging,213.0,26.05,20.0,
311.0,easyBike_forward2.0,easyBike,charging,220.0,26.04,20.0,
311.0,easyBike_forward1.0,easyBike,charging,216.0,26.04,20.0,
311.0,easyBike_forward1.1,easyBike,charging,168.0,26.04,20.0,
311.0,easyBike_forward2.1,easyBike,waiting,,0.0,0.0,160.0
311.0,easyBike_forward4.1,easyBike,waiting,,0.0,0.0,139.0
311.0,easyBike_forward1.2,easyBike,waiting,,0.0,0.0,116.0
312.0,easyBike_forward4.0,easyBike,charging,214.0,26.05,20.0,
312.0,easyBike_forward2.0,easyBike,charging,221.0,26.04,20.0,
312.0,easyBike_forward1.0,easyBike,charging,217.0,26.04,20.0,
312.0,easyBike_forward1.1,easyBike,charging,169.0,26.04,20.0,
312.0,easyBike_forward2.1,easyBike,waiting,,0.0,0.0,161.0
312.0,easyBike_forward4.1,easyBike,waiting,,0.0,0.0,140.0
312.0,easyBike_forward1.2,easyBike,waiting,,0.0,0.0,117.0
313.0,easyBike_forward4.0,easyBike,charging,215.0,26.05,20.0,
313.0,easyBike_forward2.0,easyBike,charging,222.0,26.04,20.0,
313.0,easyBike_forward1.0,easyBike,charging,218.0,26.04,20.0,
313.0,easyBike_forward1.1,easyBike,charging,170.0,26.04,20.0,
313.0,easyBike_forward2.1,easyBike,waiting,,0.0,0.0,162.0
313.0,easyBike_forward4.1,easyBike,waiting,,0.0,0.0,141.0
313.0,easyBike_forward1.2,easyBike,waiting,,0.0,0.0,118.0
314.0,easyBike_forward4.0,easyBike,charging,216.0,26.05,20.0,
314.0,easyBike_forward2.0,easyBike,charging,223.0,26.04,20.0,
314.0,easyBike_forward1.0,easyBike,charging,219.0,26.04,20.0,
314.0,easyBike_forward1.1,easyBike,charging,171.0,26.04,20.0,
314.0,easyBike_forward2.1,easyBike,waiting,,0.0,0.0,163.0
314.0,easyBike_forward4.1,easyBike,waiting,,0.0,0.0,142.0
314.0,easyBike_forward1.2,easyBike,waiting,,0.0,0.0,119.0
315.0,easyBike_forward4.0,easyBike,charging,217.0,26.05,20.0,
315.0,easyBike_forward2.0,easyBike,charging,224.0,26.04,20.0,
315.0,easyBike_forward1.0,easyBike,charging,220.0,26.04,20.0,
315.0,easyBike_forward1.1,easyBike,charging,172.0,26.04,20.0,
315.0,easyBike_forward2.1,easyBike,waiting,,0.0,0.0,164.0
315.0,easyBike_forward4.1,easyBike,waiting,,0.0,0.0,143.0
315.0,easyBike_forward1.2,easyBike,waiting,,0.0,0.0,120.0
316.0,easyBike_forward4.0,easyBike,charging,218.0,26.05,20.0,
316.0,easyBike_forward2.0,easyBike,charging,225.0,26.04,20.0,
316.0,easyBike_forward1.0,easyBike,charging,221.0,26.04,20.0,
316.0,easyBike_forward1.1,easyBike,charging,173.0,26.04,20.0,
316.0,easyBike_forward2.1,easyBike,waiting,,0.0,0.0,165.0
316.0,easyBike_forward4.1,easyBike,waiting,,0.0,0.0,144.0
316.0,easyBike_forward1.2,easyBike,waiting,,0.0,0.0,121.0
317.0,easyBike_forward4.0,easyBike,charging,219.0,26.05,20.0,
317.0,easyBike_forward2.0,easyBike,charging,226.0,26.04,20.0,
317.0,easyBike_forward1.0,easyBike,charging,222.0,26.04,20.0,
317.0,easyBike_forward1.1,easyBike,charging,174.0,26.04,20.0,
317.0,easyBike_forward2.1,easyBike,waiting,,0.0,0.0,166.0
317.0,easyBike_forward4.1,easyBike,waiting,,0.0,0.0,145.0
317.0,easyBike_forward1.2,easyBike,waiting,,0.0,0.0,122.0
318.0,easyBike_forward4.0,easyBike,charging,220.0,26.05,20.0,
318.0,easyBike_forward2.0,easyBike,charging,227.0,26.04,20.0,
318.0,easyBike_forward1.0,easyBike,charging,223.0,26.04,20.0,
318.0,easyBike_forward1.1,easyBike,charging,175.0,26.04,20.0,
318.0,easyBike_forward2.1,easyBike,waiting,,0.0,0.0,167.0
318.0,easyBike_forward4.1,easyBike,waiting,,0.0,0.0,146.0
318.0,easyBike_forward1.2,easyBike,waiting,,0.0,0.0,123.0
319.0,easyBike_forward4.0,easyBike,charging,221.0,26.05,20.0,
319.0,easyBike_forward2.0,easyBike,charging,228.0,26.04,20.0,
319.0,easyBike_forward1.0,easyBike,charging,224.0,26.04,20.0,
319.0,easyBike_forward1.1,easyBike,charging,176.0,26.04,20.0,
319.0,easyBike_forward2.1,easyBike,waiting,,0.0,0.0,168.0
319.0,easyBike_forward4.1,easyBike,waiting,,0.0,0.0,147.0
319.0,easyBike_forward1.2,easyBike,waiting,,0.0,0.0,124.0
320.0,easyBike_forward4.0,easyBike,charging,222.0,26.05,20.0,
320.0,easyBike_forward2.0,easyBike,charging,229.0,26.04,20.0,
320.0,easyBike_forward1.0,easyBike,charging,225.0,26.04,20.0,
320.0,easyBike_forward1.1,easyBike,charging,177.0,26.04,20.0,
320.0,easyBike_forward2.1,easyBike,waiting,,0.0,0.0,169.0
320.0,easyBike_forward4.1,easyBike,waiting,,0.0,0.0,148.0
320.0,easyBike_forward1.2,easyBike,waiting,,0.0,0.0,125.0
321.0,easyBike_forward4.0,easyBike,charging,223.0,26.05,20.0,
321.0,easyBike_forward2.0,easyBike,charging,230.0,26.04,20.0,
321.0,easyBike_forward1.0,easyBike,charging,226.0,26.04,20.0,
321.0,easyBike_forward1.1,easyBike,charging,178.0,26.04,20.0,
321.0,easyBike_forward2.1,easyBike,waiting,,0.0,0.0,170.0
321.0,easyBike_forward4.1,easyBike,waiting,,0.0,0.0,149.0
321.0,easyBike_forward1.2,easyBike,waiting,,0.0,0.0,126.0
322.0,easyBike_forward4.0,easyBike,charging,224.0,26.05,20.0,
322.0,easyBike_forward2.0,easyBike,charging,231.0,26.04,20.0,
322.0,easyBike_forward1.0,easyBike,charging,227.0,26.04,20.0,
322.0,easyBike_forward1.1,easyBike,charging,179.0,26.04,20.0,
322.0,easyBike_forward2.1,easyBike,waiting,,0.0,0.0,171.0
322.0,easyBike_forward4.1,easyBike,waiting,,0.0,0.0,150.0
322.0,easyBike_forward1.2,easyBike,waiting,,0.0,0.0,127.0
323.0,easyBike_forward4.0,easyBike,charging,225.0,26.05,20.0,
323.0,easyBike_forward2.0,easyBike,charging,232.0,26.04,20.0,
323.0,easyBike_forward1.0,easyBike,charging,228.0,26.04,20.0,
323.0,easyBike_forward1.1,easyBike,charging,180.0,26.04,20.0,
323.0,easyBike_forward2.1,easyBike,waiting,,0.0,0.0,172.0
323.0,easyBike_forward4.1,easyBike,waiting,,0.0,0.0,151.0
323.0,easyBike_forward1.2,easyBike,waiting,,0.0,0.0,128.0
324.0,easyBike_forward4.0,easyBike,charging,226.0,26.05,20.0,
324.0,easyBike_forward2.0,easyBike,charging,233.0,26.04,20.0,
324.0,easyBike_forward1.0,easyBike,charging,229.0,26.04,20.0,
324.0,easyBike_forward1.1,easyBike,charging,181.0,26.04,20.0,
324.0,easyBike_forward2.1,easyBike,waiting,,0.0,0.0,173.0
324.0,easyBike_forward4.1,easyBike,waiting,,0.0,0.0,152.0
324.0,easyBike_forward1.2,easyBike,waiting,,0.0,0.0,129.0
325.0,easyBike_forward4.0,easyBike,charging,227.0,26.05,20.0,
325.0,easyBike_forward2.0,easyBike,charging,234.0,26.04,20.0,
325.0,easyBike_forward1.0,easyBike,charging,230.0,26.04,20.0,
325.0,easyBike_forward1.1,easyBike,charging,182.0,26.04,20.0,
325.0,easyBike_forward2.1,easyBike,waiting,,0.0,0.0,174.0
325.0,easyBike_forward4.1,easyBike,waiting,,0.0,0.0,153.0
325.0,easyBike_forward1.2,easyBike,waiting,,0.0,0.0,130.0
326.0,easyBike_forward4.0,easyBike,charging,228.0,26.05,20.0,
326.0,easyBike_forward2.0,easyBike,charging,235.0,26.04,20.0,
326.0,easyBike_forward1.0,easyBike,charging,231.0,26.04,20.0,
326.0,easyBike_forward1.1,easyBike,charging,183.0,26.04,20.0,
326.0,easyBike_forward2.1,easyBike,waiting,,0.0,0.0,175.0
326.0,easyBike_forward4.1,easyBike,waiting,,0.0,0.0,154.0
326.0,easyBike_forward1.2,easyBike,waiting,,0.0,0.0,131.0
327.0,easyBike_forward4.0,easyBike,charging,229.0,26.05,20.0,
327.0,easyBike_forward2.0,easyBike,charging,236.0,26.04,20.0,
327.0,easyBike_forward1.0,easyBike,charging,232.0,26.04,20.0,
327.0,easyBike_forward1.1,easyBike,charging,184.0,26.04,20.0,
327.0,easyBike_forward2.1,easyBike,waiting,,0.0,0.0,176.0
327.0,easyBike_forward4.1,easyBike,waiting,,0.0,0.0,155.0
327.0,easyBike_forward1.2,easyBike,waiting,,0.0,0.0,132.0
328.0,easyBike_forward4.0,easyBike,charging,230.0,26.05,20.0,
328.0,easyBike_forward2.0,easyBike,charging,237.0,26.04,20.0,
328.0,easyBike_forward1.0,easyBike,charging,233.0,26.04,20.0,
328.0,easyBike_forward1.1,easyBike,charging,185.0,26.04,20.0,
328.0,easyBike_forward2.1,easyBike,waiting,,0.0,0.0,177.0
328.0,easyBike_forward4.1,easyBike,waiting,,0.0,0.0,156.0
328.0,easyBike_forward1.2,easyBike,waiting,,0.0,0.0,133.0
329.0,easyBike_forward4.0,easyBike,charging,231.0,26.05,20.0,
329.0,easyBike_forward2.0,easyBike,charging,238.0,26.04,20.0,
329.0,easyBike_forward1.0,easyBike,charging,234.0,26.04,20.0,
329.0,easyBike_forward1.1,easyBike,charging,186.0,26.04,20.0,
329.0,easyBike_forward2.1,easyBike,waiting,,0.0,0.0,178.0
329.0,easyBike_forward4.1,easyBike,waiting,,0.0,0.0,157.0
329.0,easyBike_forward1.2,easyBike,waiting,,0.0,0.0,134.0
330.0,easyBike_forward4.0,easyBike,charging,232.0,26.05,20.0,
330.0,easyBike_forward2.0,easyBike,charging,239.0,26.04,20.0,
330.0,easyBike_forward1.0,easyBike,charging,235.0,26.04,20.0,
330.0,easyBike_forward1.1,easyBike,charging,187.0,26.04,20.0,
330.0,easyBike_forward2.1,easyBike,waiting,,0.0,0.0,179.0
330.0,easyBike_forward4.1,easyBike,waiting,,0.0,0.0,158.0
330.0,easyBike_forward1.2,easyBike,waiting,,0.0,0.0,135.0
331.0,easyBike_forward4.0,easyBike,charging,233.0,26.05,20.0,
331.0,easyBike_forward2.0,easyBike,charging,240.0,26.04,20.0,
331.0,easyBike_forward1.0,easyBike,charging,236.0,26.04,20.0,
331.0,easyBike_forward1.1,easyBike,charging,188.0,26.04,20.0,
331.0,easyBike_forward2.1,easyBike,waiting,,0.0,0.0,180.0
331.0,easyBike_forward4.1,easyBike,waiting,,0.0,0.0,159.0
331.0,easyBike_forward1.2,easyBike,waiting,,0.0,0.0,136.0
332.0,easyBike_forward4.0,easyBike,charging,234.0,26.05,20.0,
332.0,easyBike_forward2.0,easyBike,charging,241.0,26.04,20.0,
332.0,easyBike_forward1.0,easyBike,charging,237.0,26.04,20.0,
332.0,easyBike_forward1.1,easyBike,charging,189.0,26.04,20.0,
332.0,easyBike_forward2.1,easyBike,waiting,,0.0,0.0,181.0
332.0,easyBike_forward4.1,easyBike,waiting,,0.0,0.0,160.0
332.0,easyBike_forward1.2,easyBike,waiting,,0.0,0.0,137.0
333.0,easyBike_forward4.0,easyBike,charging,235.0,26.05,20.0,
333.0,easyBike_forward2.0,easyBike,charging,242.0,26.04,20.0,
333.0,easyBike_forward1.0,easyBike,charging,238.0,26.04,20.0,
333.0,easyBike_forward1.1,easyBike,charging,190.0,26.04,20.0,
333.0,easyBike_forward2.1,easyBike,waiting,,0.0,0.0,182.0
333.0,easyBike_forward4.1,easyBike,waiting,,0.0,0.0,161.0
333.0,easyBike_forward1.2,easyBike,waiting,,0.0,0.0,138.0
334.0,easyBike_forward4.0,easyBike,charging,236.0,26.05,20.0,
334.0,easyBike_forward2.0,easyBike,charging,243.0,26.04,20.0,
334.0,easyBike_forward1.0,easyBike,charging,239.0,26.04,20.0,
334.0,easyBike_forward1.1,easyBike,charging,191.0,26.04,20.0,
334.0,easyBike_forward2.1,easyBike,waiting,,0.0,0.0,183.0
334.0,easyBike_forward4.1,easyBike,waiting,,0.0,0.0,162.0
334.0,easyBike_forward1.2,easyBike,waiting,,0.0,0.0,139.0
335.0,easyBike_forward4.0,easyBike,charging,237.0,26.05,20.0,
335.0,easyBike_forward2.0,easyBike,charging,244.0,26.04,20.0,
335.0,easyBike_forward1.0,easyBike,charging,240.0,26.04,20.0,
335.0,easyBike_forward1.1,easyBike,charging,192.0,26.04,20.0,
335.0,easyBike_forward2.1,easyBike,waiting,,0.0,0.0,184.0
335.0,easyBike_forward4.1,easyBike,waiting,,0.0,0.0,163.0
335.0,easyBike_forward1.2,easyBike,waiting,,0.0,0.0,140.0
336.0,easyBike_forward4.0,easyBike,charging,238.0,26.05,20.0,
336.0,easyBike_forward2.0,easyBike,charging,245.0,26.04,20.0,
336.0,easyBike_forward1.0,easyBike,charging,241.0,26.04,20.0,
336.0,easyBike_forward1.1,easyBike,charging,193.0,26.04,20.0,
336.0,easyBike_forward2.1,easyBike,waiting,,0.0,0.0,185.0
336.0,easyBike_forward4.1,easyBike,waiting,,0.0,0.0,164.0
336.0,easyBike_forward1.2,easyBike,waiting,,0.0,0.0,141.0
337.0,easyBike_forward4.0,easyBike,charging,239.0,26.05,20.0,
337.0,easyBike_forward2.0,easyBike,charging,246.0,26.04,20.0,
337.0,easyBike_forward1.0,easyBike,charging,242.0,26.04,20.0,
337.0,easyBike_forward1.1,easyBike,charging,194.0,26.04,20.0,
337.0,easyBike_forward2.1,easyBike,waiting,,0.0,0.0,186.0
337.0,easyBike_forward4.1,easyBike,waiting,,0.0,0.0,165.0
337.0,easyBike_forward1.2,easyBike,waiting,,0.0,0.0,142.0
338.0,easyBike_forward4.0,easyBike,charging,240.0,26.05,20.0,
338.0,easyBike_forward2.0,easyBike,charging,247.0,26.04,20.0,
338.0,easyBike_forward1.0,easyBike,charging,243.0,26.04,20.0,
338.0,easyBike_forward1.1,easyBike,charging,195.0,26.04,20.0,
338.0,easyBike_forward2.1,easyBike,waiting,,0.0,0.0,187.0
338.0,easyBike_forward4.1,easyBike,waiting,,0.0,0.0,166.0
338.0,easyBike_forward1.2,easyBike,waiting,,0.0,0.0,143.0
339.0,easyBike_forward4.0,easyBike,charging,241.0,26.05,20.0,
339.0,easyBike_forward2.0,easyBike,charging,248.0,26.04,20.0,
339.0,easyBike_forward1.0,easyBike,charging,244.0,26.04,20.0,
339.0,easyBike_forward1.1,easyBike,charging,196.0,26.04,20.0,
339.0,easyBike_forward2.1,easyBike,waiting,,0.0,0.0,188.0
339.0,easyBike_forward4.1,easyBike,waiting,,0.0,0.0,167.0
339.0,easyBike_forward1.2,easyBike,waiting,,0.0,0.0,144.0
340.0,easyBike_forward4.0,easyBike,charging,242.0,26.05,20.0,
340.0,easyBike_forward2.0,easyBike,charging,249.0,26.04,20.0,
340.0,easyBike_forward1.0,easyBike,charging,245.0,26.04,20.0,
340.0,easyBike_forward1.1,easyBike,charging,197.0,26.04,20.0,
340.0,easyBike_forward2.1,easyBike,waiting,,0.0,0.0,189.0
340.0,easyBike_forward4.1,easyBike,waiting,,0.0,0.0,168.0
340.0,easyBike_forward1.2,easyBike,waiting,,0.0,0.0,145.0
341.0,easyBike_forward4.0,easyBike,charging,243.0,26.05,20.0,
341.0,easyBike_forward2.0,easyBike,charging,250.0,26.04,20.0,
341.0,easyBike_forward1.0,easyBike,charging,246.0,26.04,20.0,
341.0,easyBike_forward1.1,easyBike,charging,198.0,26.04,20.0,
341.0,easyBike_forward2.1,easyBike,waiting,,0.0,0.0,190.0
341.0,easyBike_forward4.1,easyBike,waiting,,0.0,0.0,169.0
341.0,easyBike_forward1.2,easyBike,waiting,,0.0,0.0,146.0
342.0,easyBike_forward4.0,easyBike,charging,244.0,26.05,20.0,
342.0,easyBike_forward2.0,easyBike,charging,251.0,26.04,20.0,
342.0,easyBike_forward1.0,easyBike,charging,247.0,26.04,20.0,
342.0,easyBike_forward1.1,easyBike,charging,199.0,26.04,20.0,
342.0,easyBike_forward2.1,easyBike,waiting,,0.0,0.0,191.0
342.0,easyBike_forward4.1,easyBike,waiting,,0.0,0.0,170.0
342.0,easyBike_forward1.2,easyBike,waiting,,0.0,0.0,147.0
343.0,easyBike_forward4.0,easyBike,charging,245.0,26.05,20.0,
343.0,easyBike_forward2.0,easyBike,charging,252.0,26.04,20.0,
343.0,easyBike_forward1.0,easyBike,charging,248.0,26.04,20.0,
343.0,easyBike_forward1.1,easyBike,charging,200.0,26.04,20.0,
343.0,easyBike_forward2.1,easyBike,waiting,,0.0,0.0,192.0
343.0,easyBike_forward4.1,easyBike,waiting,,0.0,0.0,171.0
343.0,easyBike_forward1.2,easyBike,waiting,,0.0,0.0,148.0
344.0,easyBike_forward4.0,easyBike,charging,246.0,26.05,20.0,
344.0,easyBike_forward2.0,easyBike,charging,253.0,26.04,20.0,
344.0,easyBike_forward1.0,easyBike,charging,249.0,26.04,20.0,
344.0,easyBike_forward1.1,easyBike,charging,201.0,26.04,20.0,
344.0,easyBike_forward2.1,easyBike,waiting,,0.0,0.0,193.0
344.0,easyBike_forward4.1,easyBike,waiting,,0.0,0.0,172.0
344.0,easyBike_forward1.2,easyBike,waiting,,0.0,0.0,149.0
345.0,easyBike_forward4.0,easyBike,charging,247.0,26.05,20.0,
345.0,easyBike_forward2.0,easyBike,charging,254.0,26.04,20.0,
345.0,easyBike_forward1.0,easyBike,charging,250.0,26.04,20.0,
345.0,easyBike_forward1.1,easyBike,charging,202.0,26.04,20.0,
345.0,easyBike_forward2.1,easyBike,waiting,,0.0,0.0,194.0
345.0,easyBike_forward4.1,easyBike,waiting,,0.0,0.0,173.0
345.0,easyBike_forward1.2,easyBike,waiting,,0.0,0.0,150.0
346.0,easyBike_forward4.0,easyBike,charging,248.0,26.05,20.0,
346.0,easyBike_forward2.0,easyBike,charging,255.0,26.04,20.0,
346.0,easyBike_forward1.0,easyBike,charging,251.0,26.04,20.0,
346.0,easyBike_forward1.1,easyBike,charging,203.0,26.04,20.0,
346.0,easyBike_forward2.1,easyBike,waiting,,0.0,0.0,195.0
346.0,easyBike_forward4.1,easyBike,waiting,,0.0,0.0,174.0
346.0,easyBike_forward1.2,easyBike,waiting,,0.0,0.0,151.0
347.0,easyBike_forward4.0,easyBike,charging,249.0,26.05,20.0,
347.0,easyBike_forward2.0,easyBike,charging,256.0,26.04,20.0,
347.0,easyBike_forward1.0,easyBike,charging,252.0,26.04,20.0,
347.0,easyBike_forward1.1,easyBike,charging,204.0,26.04,20.0,
347.0,easyBike_forward2.1,easyBike,waiting,,0.0,0.0,196.0
347.0,easyBike_forward4.1,easyBike,waiting,,0.0,0.0,175.0
347.0,easyBike_forward1.2,easyBike,waiting,,0.0,0.0,152.0
348.0,easyBike_forward4.0,easyBike,charging,250.0,26.05,20.0,
348.0,easyBike_forward2.0,easyBike,charging,257.0,26.04,20.0,
348.0,easyBike_forward1.0,easyBike,charging,253.0,26.04,20.0,
348.0,easyBike_forward1.1,easyBike,charging,205.0,26.04,20.0,
348.0,easyBike_forward2.1,easyBike,waiting,,0.0,0.0,197.0
348.0,easyBike_forward4.1,easyBike,waiting,,0.0,0.0,176.0
348.0,easyBike_forward1.2,easyBike,waiting,,0.0,0.0,153.0
349.0,easyBike_forward4.0,easyBike,charging,251.0,26.05,20.0,
349.0,easyBike_forward2.0,easyBike,charging,258.0,26.04,20.0,
349.0,easyBike_forward1.0,easyBike,charging,254.0,26.04,20.0,
349.0,easyBike_forward1.1,easyBike,charging,206.0,26.04,20.0,
349.0,easyBike_forward2.1,easyBike,waiting,,0.0,0.0,198.0
349.0,easyBike_forward4.1,easyBike,waiting,,0.0,0.0,177.0
349.0,easyBike_forward1.2,easyBike,waiting,,0.0,0.0,154.0
350.0,easyBike_forward4.0,easyBike,charging,252.0,26.05,20.0,
350.0,easyBike_forward2.0,easyBike,charging,259.0,26.04,20.0,
350.0,easyBike_forward1.0,easyBike,charging,255.0,26.04,20.0,
350.0,easyBike_forward1.1,easyBike,charging,207.0,26.04,20.0,
350.0,easyBike_forward2.1,easyBike,waiting,,0.0,0.0,199.0
350.0,easyBike_forward4.1,easyBike,waiting,,0.0,0.0,178.0
350.0,easyBike_forward1.2,easyBike,waiting,,0.0,0.0,155.0
351.0,easyBike_forward4.0,easyBike,charging,253.0,26.05,20.0,
351.0,easyBike_forward2.0,easyBike,charging,260.0,26.04,20.0,
351.0,easyBike_forward1.0,easyBike,charging,256.0,26.04,20.0,
351.0,easyBike_forward1.1,easyBike,charging,208.0,26.04,20.0,
351.0,easyBike_forward2.1,easyBike,waiting,,0.0,0.0,200.0
351.0,easyBike_forward4.1,easyBike,waiting,,0.0,0.0,179.0
351.0,easyBike_forward1.2,easyBike,waiting,,0.0,0.0,156.0
352.0,easyBike_forward4.0,easyBike,charging,254.0,26.05,20.0,
352.0,easyBike_forward2.0,easyBike,charging,261.0,26.04,20.0,
352.0,easyBike_forward1.0,easyBike,charging,257.0,26.04,20.0,
352.0,easyBike_forward1.1,easyBike,charging,209.0,26.04,20.0,
352.0,easyBike_forward2.1,easyBike,waiting,,0.0,0.0,201.0
352.0,easyBike_forward4.1,easyBike,waiting,,0.0,0.0,180.0
352.0,easyBike_forward1.2,easyBike,waiting,,0.0,0.0,157.0
353.0,easyBike_forward4.0,easyBike,charging,255.0,26.05,20.0,
353.0,easyBike_forward2.0,easyBike,charging,262.0,26.04,20.0,
353.0,easyBike_forward1.0,easyBike,charging,258.0,26.04,20.0,
353.0,easyBike_forward1.1,easyBike,charging,210.0,26.04,20.0,
353.0,easyBike_forward2.1,easyBike,waiting,,0.0,0.0,202.0
353.0,easyBike_forward4.1,easyBike,waiting,,0.0,0.0,181.0
353.0,easyBike_forward1.2,easyBike,waiting,,0.0,0.0,158.0
354.0,easyBike_forward4.0,easyBike,charging,256.0,26.05,20.0,
354.0,easyBike_forward2.0,easyBike,charging,263.0,26.04,20.0,
354.0,easyBike_forward1.0,easyBike,charging,259.0,26.04,20.0,
354.0,easyBike_forward1.1,easyBike,charging,211.0,26.04,20.0,
354.0,easyBike_forward2.1,easyBike,waiting,,0.0,0.0,203.0
354.0,easyBike_forward4.1,easyBike,waiting,,0.0,0.0,182.0
354.0,easyBike_forward1.2,easyBike,waiting,,0.0,0.0,159.0
355.0,easyBike_forward4.0,easyBike,charging,257.0,26.05,20.0,
355.0,easyBike_forward2.0,easyBike,charging,264.0,26.04,20.0,
355.0,easyBike_forward1.0,easyBike,charging,260.0,26.04,20.0,
355.0,easyBike_forward1.1,easyBike,charging,212.0,26.04,20.0,
355.0,easyBike_forward2.1,easyBike,waiting,,0.0,0.0,204.0
355.0,easyBike_forward4.1,easyBike,waiting,,0.0,0.0,183.0
355.0,easyBike_forward1.2,easyBike,waiting,,0.0,0.0,160.0
356.0,easyBike_forward4.0,easyBike,charging,258.0,26.05,20.0,
356.0,easyBike_forward2.0,easyBike,charging,265.0,26.04,20.0,
356.0,easyBike_forward1.0,easyBike,charging,261.0,26.04,20.0,
356.0,easyBike_forward1.1,easyBike,charging,213.0,26.04,20.0,
356.0,easyBike_forward2.1,easyBike,waiting,,0.0,0.0,205.0
356.0,easyBike_forward4.1,easyBike,waiting,,0.0,0.0,184.0
356.0,easyBike_forward1.2,easyBike,waiting,,0.0,0.0,161.0
357.0,easyBike_forward4.0,easyBike,charging,259.0,26.05,20.0,
357.0,easyBike_forward2.0,easyBike,charging,266.0,26.04,20.0,
357.0,easyBike_forward1.0,easyBike,charging,262.0,26.04,20.0,
357.0,easyBike_forward1.1,easyBike,charging,214.0,26.04,20.0,
357.0,easyBike_forward2.1,easyBike,waiting,,0.0,0.0,206.0
357.0,easyBike_forward4.1,easyBike,waiting,,0.0,0.0,185.0
357.0,easyBike_forward1.2,easyBike,waiting,,0.0,0.0,162.0
358.0,easyBike_forward4.0,easyBike,charging,260.0,26.05,20.0,
358.0,easyBike_forward2.0,easyBike,charging,267.0,26.04,20.0,
358.0,easyBike_forward1.0,easyBike,charging,263.0,26.04,20.0,
358.0,easyBike_forward1.1,easyBike,charging,215.0,26.04,20.0,
358.0,easyBike_forward2.1,easyBike,waiting,,0.0,0.0,207.0
358.0,easyBike_forward4.1,easyBike,waiting,,0.0,0.0,186.0
358.0,easyBike_forward1.2,easyBike,waiting,,0.0,0.0,163.0
359.0,easyBike_forward4.0,easyBike,charging,261.0,26.05,20.0,
359.0,easyBike_forward2.0,easyBike,charging,268.0,26.04,20.0,
359.0,easyBike_forward1.0,easyBike,charging,264.0,26.04,20.0,
359.0,easyBike_forward1.1,easyBike,charging,216.0,26.04,20.0,
359.0,easyBike_forward2.1,easyBike,waiting,,0.0,0.0,208.0
359.0,easyBike_forward4.1,easyBike,waiting,,0.0,0.0,187.0
359.0,easyBike_forward1.2,easyBike,waiting,,0.0,0.0,164.0
360.0,easyBike_forward4.0,easyBike,charging,262.0,26.05,20.0,
360.0,easyBike_forward2.0,easyBike,charging,269.0,26.04,20.0,
360.0,easyBike_forward1.0,easyBike,charging,265.0,26.04,20.0,
360.0,easyBike_forward1.1,easyBike,charging,217.0,26.04,20.0,
360.0,easyBike_forward2.1,easyBike,waiting,,0.0,0.0,209.0
360.0,easyBike_forward4.1,easyBike,waiting,,0.0,0.0,188.0
360.0,easyBike_forward1.2,easyBike,waiting,,0.0,0.0,165.0
361.0,easyBike_forward4.0,easyBike,charging,263.0,26.05,20.0,
361.0,easyBike_forward2.0,easyBike,charging,270.0,26.04,20.0,
361.0,easyBike_forward1.0,easyBike,charging,266.0,26.04,20.0,
361.0,easyBike_forward1.1,easyBike,charging,218.0,26.04,20.0,
361.0,easyBike_forward2.1,easyBike,waiting,,0.0,0.0,210.0
361.0,easyBike_forward4.1,easyBike,waiting,,0.0,0.0,189.0
361.0,easyBike_forward1.2,easyBike,waiting,,0.0,0.0,166.0
362.0,easyBike_forward4.0,easyBike,charging,264.0,26.05,20.0,
362.0,easyBike_forward2.0,easyBike,charging,271.0,26.04,20.0,
362.0,easyBike_forward1.0,easyBike,charging,267.0,26.04,20.0,
362.0,easyBike_forward1.1,easyBike,charging,219.0,26.04,20.0,
362.0,easyBike_forward2.1,easyBike,waiting,,0.0,0.0,211.0
362.0,easyBike_forward4.1,easyBike,waiting,,0.0,0.0,190.0
362.0,easyBike_forward1.2,easyBike,waiting,,0.0,0.0,167.0
363.0,easyBike_forward4.0,easyBike,charging,265.0,26.05,20.0,
363.0,easyBike_forward2.0,easyBike,charging,272.0,26.04,20.0,
363.0,easyBike_forward1.0,easyBike,charging,268.0,26.04,20.0,
363.0,easyBike_forward1.1,easyBike,charging,220.0,26.04,20.0,
363.0,easyBike_forward2.1,easyBike,waiting,,0.0,0.0,212.0
363.0,easyBike_forward4.1,easyBike,waiting,,0.0,0.0,191.0
363.0,easyBike_forward1.2,easyBike,waiting,,0.0,0.0,168.0
364.0,easyBike_forward4.0,easyBike,charging,266.0,26.05,20.0,
364.0,easyBike_forward2.0,easyBike,charging,273.0,26.04,20.0,
364.0,easyBike_forward1.0,easyBike,charging,269.0,26.04,20.0,
364.0,easyBike_forward1.1,easyBike,charging,221.0,26.04,20.0,
364.0,easyBike_forward2.1,easyBike,waiting,,0.0,0.0,213.0
364.0,easyBike_forward4.1,easyBike,waiting,,0.0,0.0,192.0
364.0,easyBike_forward1.2,easyBike,waiting,,0.0,0.0,169.0
365.0,easyBike_forward4.0,easyBike,charging,267.0,26.05,20.0,
365.0,easyBike_forward2.0,easyBike,charging,274.0,26.04,20.0,
365.0,easyBike_forward1.0,easyBike,charging,270.0,26.04,20.0,
365.0,easyBike_forward1.1,easyBike,charging,222.0,26.04,20.0,
365.0,easyBike_forward2.1,easyBike,waiting,,0.0,0.0,214.0
365.0,easyBike_forward4.1,easyBike,waiting,,0.0,0.0,193.0
365.0,easyBike_forward1.2,easyBike,waiting,,0.0,0.0,170.0
366.0,easyBike_forward4.0,easyBike,charging,268.0,26.05,20.0,
366.0,easyBike_forward2.0,easyBike,charging,275.0,26.04,20.0,
366.0,easyBike_forward1.0,easyBike,charging,271.0,26.04,20.0,
366.0,easyBike_forward1.1,easyBike,charging,223.0,26.04,20.0,
366.0,easyBike_forward2.1,easyBike,waiting,,0.0,0.0,215.0
366.0,easyBike_forward4.1,easyBike,waiting,,0.0,0.0,194.0
366.0,easyBike_forward1.2,easyBike,waiting,,0.0,0.0,171.0
367.0,easyBike_forward4.0,easyBike,charging,269.0,26.05,20.0,
367.0,easyBike_forward2.0,easyBike,charging,276.0,26.04,20.0,
367.0,easyBike_forward1.0,easyBike,charging,272.0,26.04,20.0,
367.0,easyBike_forward1.1,easyBike,charging,224.0,26.04,20.0,
367.0,easyBike_forward2.1,easyBike,waiting,,0.0,0.0,216.0
367.0,easyBike_forward4.1,easyBike,waiting,,0.0,0.0,195.0
367.0,easyBike_forward1.2,easyBike,waiting,,0.0,0.0,172.0
368.0,easyBike_forward4.0,easyBike,charging,270.0,26.05,20.0,
368.0,easyBike_forward2.0,easyBike,charging,277.0,26.04,20.0,
368.0,easyBike_forward1.0,easyBike,charging,273.0,26.04,20.0,
368.0,easyBike_forward1.1,easyBike,charging,225.0,26.04,20.0,
368.0,easyBike_forward2.1,easyBike,waiting,,0.0,0.0,217.0
368.0,easyBike_forward4.1,easyBike,waiting,,0.0,0.0,196.0
368.0,easyBike_forward1.2,easyBike,waiting,,0.0,0.0,173.0
369.0,easyBike_forward4.0,easyBike,charging,271.0,26.05,20.0,
369.0,easyBike_forward2.0,easyBike,charging,278.0,26.04,20.0,
369.0,easyBike_forward1.0,easyBike,charging,274.0,26.04,20.0,
369.0,easyBike_forward1.1,easyBike,charging,226.0,26.04,20.0,
369.0,easyBike_forward2.1,easyBike,waiting,,0.0,0.0,218.0
369.0,easyBike_forward4.1,easyBike,waiting,,0.0,0.0,197.0
369.0,easyBike_forward1.2,easyBike,waiting,,0.0,0.0,174.0
370.0,easyBike_forward4.0,easyBike,charging,272.0,26.05,20.0,
370.0,easyBike_forward2.0,easyBike,charging,279.0,26.04,20.0,
370.0,easyBike_forward1.0,easyBike,charging,275.0,26.04,20.0,
370.0,easyBike_forward1.1,easyBike,charging,227.0,26.04,20.0,
370.0,easyBike_forward2.1,easyBike,waiting,,0.0,0.0,219.0
370.0,easyBike_forward4.1,easyBike,waiting,,0.0,0.0,198.0
370.0,easyBike_forward1.2,easyBike,waiting,,0.0,0.0,175.0
371.0,easyBike_forward4.0,easyBike,charging,273.0,26.05,20.0,
371.0,easyBike_forward2.0,easyBike,charging,280.0,26.04,20.0,
371.0,easyBike_forward1.0,easyBike,charging,276.0,26.04,20.0,
371.0,easyBike_forward1.1,easyBike,charging,228.0,26.04,20.0,
371.0,easyBike_forward2.1,easyBike,waiting,,0.0,0.0,220.0
371.0,easyBike_forward4.1,easyBike,waiting,,0.0,0.0,199.0
371.0,easyBike_forward1.2,easyBike,waiting,,0.0,0.0,176.0
372.0,easyBike_forward4.0,easyBike,charging,274.0,26.05,20.0,
372.0,easyBike_forward2.0,easyBike,charging,281.0,26.04,20.0,
372.0,easyBike_forward1.0,easyBike,charging,277.0,26.04,20.0,
372.0,easyBike_forward1.1,easyBike,charging,229.0,26.04,20.0,
372.0,easyBike_forward2.1,easyBike,waiting,,0.0,0.0,221.0
372.0,easyBike_forward4.1,easyBike,waiting,,0.0,0.0,200.0
372.0,easyBike_forward1.2,easyBike,waiting,,0.0,0.0,177.0
373.0,easyBike_forward4.0,easyBike,charging,275.0,26.05,20.0,
373.0,easyBike_forward2.0,easyBike,charging,282.0,26.04,20.0,
373.0,easyBike_forward1.0,easyBike,charging,278.0,26.04,20.0,
373.0,easyBike_forward1.1,easyBike,charging,230.0,26.04,20.0,
373.0,easyBike_forward2.1,easyBike,waiting,,0.0,0.0,222.0
373.0,easyBike_forward4.1,easyBike,waiting,,0.0,0.0,201.0
373.0,easyBike_forward1.2,easyBike,waiting,,0.0,0.0,178.0
374.0,easyBike_forward4.0,easyBike,charging,276.0,26.05,20.0,
374.0,easyBike_forward2.0,easyBike,charging,283.0,26.04,20.0,
374.0,easyBike_forward1.0,easyBike,charging,279.0,26.04,20.0,
374.0,easyBike_forward1.1,easyBike,charging,231.0,26.04,20.0,
374.0,easyBike_forward2.1,easyBike,waiting,,0.0,0.0,223.0
374.0,easyBike_forward4.1,easyBike,waiting,,0.0,0.0,202.0
374.0,easyBike_forward1.2,easyBike,waiting,,0.0,0.0,179.0
375.0,easyBike_forward4.0,easyBike,charging,277.0,26.05,20.0,
375.0,easyBike_forward2.0,easyBike,charging,284.0,26.04,20.0,
375.0,easyBike_forward1.0,easyBike,charging,280.0,26.04,20.0,
375.0,easyBike_forward1.1,easyBike,charging,232.0,26.04,20.0,
375.0,easyBike_forward2.1,easyBike,waiting,,0.0,0.0,224.0
375.0,easyBike_forward4.1,easyBike,waiting,,0.0,0.0,203.0
375.0,easyBike_forward1.2,easyBike,waiting,,0.0,0.0,180.0
376.0,easyBike_forward4.0,easyBike,charging,278.0,26.05,20.0,
376.0,easyBike_forward2.0,easyBike,charging,285.0,26.04,20.0,
376.0,easyBike_forward1.0,easyBike,charging,281.0,26.04,20.0,
376.0,easyBike_forward1.1,easyBike,charging,233.0,26.04,20.0,
376.0,easyBike_forward2.1,easyBike,waiting,,0.0,0.0,225.0
376.0,easyBike_forward4.1,easyBike,waiting,,0.0,0.0,204.0
376.0,easyBike_forward1.2,easyBike,waiting,,0.0,0.0,181.0
377.0,easyBike_forward4.0,easyBike,charging,279.0,26.05,20.0,
377.0,easyBike_forward2.0,easyBike,charging,286.0,26.04,20.0,
377.0,easyBike_forward1.0,easyBike,charging,282.0,26.04,20.0,
377.0,easyBike_forward1.1,easyBike,charging,234.0,26.04,20.0,
377.0,easyBike_forward2.1,easyBike,waiting,,0.0,0.0,226.0
377.0,easyBike_forward4.1,easyBike,waiting,,0.0,0.0,205.0
377.0,easyBike_forward1.2,easyBike,waiting,,0.0,0.0,182.0
378.0,easyBike_forward4.0,easyBike,charging,280.0,26.05,20.0,
378.0,easyBike_forward2.0,easyBike,charging,287.0,26.04,20.0,
378.0,easyBike_forward1.0,easyBike,charging,283.0,26.04,20.0,
378.0,easyBike_forward1.1,easyBike,charging,235.0,26.04,20.0,
378.0,easyBike_forward2.1,easyBike,waiting,,0.0,0.0,227.0
378.0,easyBike_forward4.1,easyBike,waiting,,0.0,0.0,206.0
378.0,easyBike_forward1.2,easyBike,waiting,,0.0,0.0,183.0
379.0,easyBike_forward4.0,easyBike,charging,281.0,26.05,20.0,
379.0,easyBike_forward2.0,easyBike,charging,288.0,26.04,20.0,
379.0,easyBike_forward1.0,easyBike,charging,284.0,26.04,20.0,
379.0,easyBike_forward1.1,easyBike,charging,236.0,26.04,20.0,
379.0,easyBike_forward2.1,easyBike,waiting,,0.0,0.0,228.0
379.0,easyBike_forward4.1,easyBike,waiting,,0.0,0.0,207.0
379.0,easyBike_forward1.2,easyBike,waiting,,0.0,0.0,184.0
380.0,easyBike_forward4.0,easyBike,charging,282.0,26.05,20.0,
380.0,easyBike_forward2.0,easyBike,charging,289.0,26.04,20.0,
380.0,easyBike_forward1.0,easyBike,charging,285.0,26.04,20.0,
380.0,easyBike_forward1.1,easyBike,charging,237.0,26.04,20.0,
380.0,easyBike_forward2.1,easyBike,waiting,,0.0,0.0,229.0
380.0,easyBike_forward4.1,easyBike,waiting,,0.0,0.0,208.0
380.0,easyBike_forward1.2,easyBike,waiting,,0.0,0.0,185.0
381.0,easyBike_forward4.0,easyBike,charging,283.0,26.05,20.0,
381.0,easyBike_forward2.0,easyBike,charging,290.0,26.04,20.0,
381.0,easyBike_forward1.0,easyBike,charging,286.0,26.04,20.0,
381.0,easyBike_forward1.1,easyBike,charging,238.0,26.04,20.0,
381.0,easyBike_forward2.1,easyBike,waiting,,0.0,0.0,230.0
381.0,easyBike_forward4.1,easyBike,waiting,,0.0,0.0,209.0
381.0,easyBike_forward1.2,easyBike,waiting,,0.0,0.0,186.0
382.0,easyBike_forward4.0,easyBike,charging,284.0,26.05,20.0,
382.0,easyBike_forward2.0,easyBike,charging,291.0,26.04,20.0,
382.0,easyBike_forward1.0,easyBike,charging,287.0,26.04,20.0,
382.0,easyBike_forward1.1,easyBike,charging,239.0,26.04,20.0,
382.0,easyBike_forward2.1,easyBike,waiting,,0.0,0.0,231.0
382.0,easyBike_forward4.1,easyBike,waiting,,0.0,0.0,210.0
382.0,easyBike_forward1.2,easyBike,waiting,,0.0,0.0,187.0
383.0,easyBike_forward4.0,easyBike,charging,285.0,26.05,20.0,
383.0,easyBike_forward2.0,easyBike,charging,292.0,26.04,20.0,
383.0,easyBike_forward1.0,easyBike,charging,288.0,26.04,20.0,
383.0,easyBike_forward1.1,easyBike,charging,240.0,26.04,20.0,
383.0,easyBike_forward2.1,easyBike,waiting,,0.0,0.0,232.0
383.0,easyBike_forward4.1,easyBike,waiting,,0.0,0.0,211.0
383.0,easyBike_forward1.2,easyBike,waiting,,0.0,0.0,188.0
384.0,easyBike_forward4.0,easyBike,charging,286.0,26.05,20.0,
384.0,easyBike_forward2.0,easyBike,charging,293.0,26.04,20.0,
384.0,easyBike_forward1.0,easyBike,charging,289.0,26.04,20.0,
384.0,easyBike_forward1.1,easyBike,charging,241.0,26.04,20.0,
384.0,easyBike_forward2.1,easyBike,waiting,,0.0,0.0,233.0
384.0,easyBike_forward4.1,easyBike,waiting,,0.0,0.0,212.0
384.0,easyBike_forward1.2,easyBike,waiting,,0.0,0.0,189.0
385.0,easyBike_forward4.0,easyBike,charging,287.0,26.05,20.0,
385.0,easyBike_forward2.0,easyBike,charging,294.0,26.04,20.0,
385.0,easyBike_forward1.0,easyBike,charging,290.0,26.04,20.0,
385.0,easyBike_forward1.1,easyBike,charging,242.0,26.04,20.0,
385.0,easyBike_forward2.1,easyBike,waiting,,0.0,0.0,234.0
385.0,easyBike_forward4.1,easyBike,waiting,,0.0,0.0,213.0
385.0,easyBike_forward1.2,easyBike,waiting,,0.0,0.0,190.0
386.0,easyBike_forward4.0,easyBike,charging,288.0,26.05,20.0,
386.0,easyBike_forward2.0,easyBike,charging,295.0,26.04,20.0,
386.0,easyBike_forward1.0,easyBike,charging,291.0,26.04,20.0,
386.0,easyBike_forward1.1,easyBike,charging,243.0,26.04,20.0,
386.0,easyBike_forward2.1,easyBike,waiting,,0.0,0.0,235.0
386.0,easyBike_forward4.1,easyBike,waiting,,0.0,0.0,214.0
386.0,easyBike_forward1.2,easyBike,waiting,,0.0,0.0,191.0
387.0,easyBike_forward4.0,easyBike,charging,289.0,26.05,20.0,
387.0,easyBike_forward2.0,easyBike,charging,296.0,26.04,20.0,
387.0,easyBike_forward1.0,easyBike,charging,292.0,26.04,20.0,
387.0,easyBike_forward1.1,easyBike,charging,244.0,26.04,20.0,
387.0,easyBike_forward2.1,easyBike,waiting,,0.0,0.0,236.0
387.0,easyBike_forward4.1,easyBike,waiting,,0.0,0.0,215.0
387.0,easyBike_forward1.2,easyBike,waiting,,0.0,0.0,192.0
388.0,easyBike_forward4.0,easyBike,charging,290.0,26.05,20.0,
388.0,easyBike_forward2.0,easyBike,charging,297.0,26.04,20.0,
388.0,easyBike_forward1.0,easyBike,charging,293.0,26.04,20.0,
388.0,easyBike_forward1.1,easyBike,charging,245.0,26.04,20.0,
388.0,easyBike_forward2.1,easyBike,waiting,,0.0,0.0,237.0
388.0,easyBike_forward4.1,easyBike,waiting,,0.0,0.0,216.0
388.0,easyBike_forward1.2,easyBike,waiting,,0.0,0.0,193.0
389.0,easyBike_forward4.0,easyBike,charging,291.0,26.05,20.0,
389.0,easyBike_forward2.0,easyBike,charging,298.0,26.04,20.0,
389.0,easyBike_forward1.0,easyBike,charging,294.0,26.04,20.0,
389.0,easyBike_forward1.1,easyBike,charging,246.0,26.04,20.0,
389.0,easyBike_forward2.1,easyBike,waiting,,0.0,0.0,238.0
389.0,easyBike_forward4.1,easyBike,waiting,,0.0,0.0,217.0
389.0,easyBike_forward1.2,easyBike,waiting,,0.0,0.0,194.0
390.0,easyBike_forward4.0,easyBike,charging,292.0,26.05,20.0,
390.0,easyBike_forward2.0,easyBike,charging,299.0,26.04,20.0,
390.0,easyBike_forward1.0,easyBike,charging,295.0,26.04,20.0,
390.0,easyBike_forward1.1,easyBike,charging,247.0,26.04,20.0,
390.0,easyBike_forward2.1,easyBike,waiting,,0.0,0.0,239.0
390.0,easyBike_forward4.1,easyBike,waiting,,0.0,0.0,218.0
390.0,easyBike_forward1.2,easyBike,waiting,,0.0,0.0,195.0
391.0,easyBike_forward4.0,easyBike,charging,293.0,26.05,20.0,
391.0,easyBike_forward2.0,easyBike,charging,300.0,26.04,20.0,
391.0,easyBike_forward1.0,easyBike,charging,296.0,26.04,20.0,
391.0,easyBike_forward1.1,easyBike,charging,248.0,26.04,20.0,
391.0,easyBike_forward2.1,easyBike,waiting,,0.0,0.0,240.0
391.0,easyBike_forward4.1,easyBike,waiting,,0.0,0.0,219.0
391.0,easyBike_forward1.2,easyBike,waiting,,0.0,0.0,196.0
392.0,easyBike_forward4.0,easyBike,charging,294.0,26.05,20.0,
392.0,easyBike_forward2.0,easyBike,charging,301.0,26.04,20.0,
392.0,easyBike_forward1.0,easyBike,charging,297.0,26.04,20.0,
392.0,easyBike_forward1.1,easyBike,charging,249.0,26.04,20.0,
392.0,easyBike_forward2.1,easyBike,waiting,,0.0,0.0,241.0
392.0,easyBike_forward4.1,easyBike,waiting,,0.0,0.0,220.0
392.0,easyBike_forward1.2,easyBike,waiting,,0.0,0.0,197.0
393.0,easyBike_forward4.0,easyBike,charging,295.0,26.05,20.0,
393.0,easyBike_forward2.0,easyBike,charging,302.0,26.04,20.0,
393.0,easyBike_forward1.0,easyBike,charging,298.0,26.04,20.0,
393.0,easyBike_forward1.1,easyBike,charging,250.0,26.04,20.0,
393.0,easyBike_forward2.1,easyBike,waiting,,0.0,0.0,242.0
393.0,easyBike_forward4.1,easyBike,waiting,,0.0,0.0,221.0
393.0,easyBike_forward1.2,easyBike,waiting,,0.0,0.0,198.0
394.0,easyBike_forward4.0,easyBike,charging,296.0,26.05,20.0,
394.0,easyBike_forward2.0,easyBike,charging,303.0,26.04,20.0,
394.0,easyBike_forward1.0,easyBike,charging,299.0,26.04,20.0,
394.0,easyBike_forward1.1,easyBike,charging,251.0,26.04,20.0,
394.0,easyBike_forward2.1,easyBike,waiting,,0.0,0.0,243.0
394.0,easyBike_forward4.1,easyBike,waiting,,0.0,0.0,222.0
394.0,easyBike_forward1.2,easyBike,waiting,,0.0,0.0,199.0
395.0,easyBike_forward4.0,easyBike,charging,297.0,26.05,20.0,
395.0,easyBike_forward2.0,easyBike,charging,304.0,26.03,20.0,
395.0,easyBike_forward1.0,easyBike,charging,300.0,26.04,20.0,
395.0,easyBike_forward1.1,easyBike,charging,252.0,26.04,20.0,
395.0,easyBike_forward2.1,easyBike,waiting,,0.0,0.0,244.0
395.0,easyBike_forward4.1,easyBike,waiting,,0.0,0.0,223.0
395.0,easyBike_forward1.2,easyBike,waiting,,0.0,0.0,200.0
396.0,easyBike_forward4.0,easyBike,charging,298.0,26.05,20.0,
396.0,easyBike_forward2.0,easyBike,charging,305.0,26.03,20.0,
396.0,easyBike_forward1.0,easyBike,charging,301.0,26.04,20.0,
396.0,easyBike_forward1.1,easyBike,charging,253.0,26.04,20.0,
396.0,easyBike_forward2.1,easyBike,waiting,,0.0,0.0,245.0
396.0,easyBike_forward4.1,easyBike,waiting,,0.0,0.0,224.0
396.0,easyBike_forward1.2,easyBike,waiting,,0.0,0.0,201.0
397.0,easyBike_forward4.0,easyBike,charging,299.0,26.05,20.0,
397.0,easyBike_forward2.0,easyBike,charging,306.0,26.03,20.0,
397.0,easyBike_forward1.0,easyBike,charging,302.0,26.04,20.0,
397.0,easyBike_forward1.1,easyBike,charging,254.0,26.04,20.0,
397.0,easyBike_forward2.1,easyBike,waiting,,0.0,0.0,246.0
397.0,easyBike_forward4.1,easyBike,waiting,,0.0,0.0,225.0
397.0,easyBike_forward1.2,easyBike,waiting,,0.0,0.0,202.0
398.0,easyBike_forward4.0,easyBike,charging,300.0,26.05,20.0,
398.0,easyBike_forward2.0,easyBike,charging,307.0,26.02,20.0,
398.0,easyBike_forward1.0,easyBike,charging,303.0,26.04,20.0,
398.0,easyBike_forward1.1,easyBike,charging,255.0,26.04,20.0,
398.0,easyBike_forward2.1,easyBike,waiting,,0.0,0.0,247.0
398.0,easyBike_forward4.1,easyBike,waiting,,0.0,0.0,226.0
398.0,easyBike_forward1.2,easyBike,waiting,,0.0,0.0,203.0
399.0,easyBike_forward4.0,easyBike,charging,301.0,26.05,20.0,
399.0,easyBike_forward2.0,easyBike,charging,308.0,26.02,20.0,
399.0,easyBike_forward1.0,easyBike,charging,304.0,26.04,20.0,
399.0,easyBike_forward1.1,easyBike,charging,256.0,26.04,20.0,
399.0,easyBike_forward2.1,easyBike,waiting,,0.0,0.0,248.0
399.0,easyBike_forward4.1,easyBike,waiting,,0.0,0.0,227.0
399.0,easyBike_forward1.2,easyBike,waiting,,0.0,0.0,204.0
400.0,easyBike_forward4.0,easyBike,charging,302.0,26.05,20.0,
400.0,easyBike_forward2.0,easyBike,charging,309.0,26.01,20.0,
400.0,easyBike_forward1.0,easyBike,charging,305.0,26.03,20.0,
400.0,easyBike_forward1.1,easyBike,charging,257.0,26.04,20.0,
400.0,easyBike_forward2.1,easyBike,waiting,,0.0,0.0,249.0
400.0,easyBike_forward4.1,easyBike,waiting,,0.0,0.0,228.0
400.0,easyBike_forward1.2,easyBike,waiting,,0.0,0.0,205.0
401.0,easyBike_forward4.0,easyBike,charging,303.0,26.05,20.0,
401.0,easyBike_forward2.0,easyBike,charging,310.0,26.01,20.0,
401.0,easyBike_forward1.0,easyBike,charging,306.0,26.03,20.0,
401.0,easyBike_forward1.1,easyBike,charging,258.0,26.04,20.0,
401.0,easyBike_forward2.1,easyBike,waiting,,0.0,0.0,250.0
401.0,easyBike_forward4.1,easyBike,waiting,,0.0,0.0,229.0
401.0,easyBike_forward1.2,easyBike,waiting,,0.0,0.0,206.0
402.0,easyBike_forward4.0,easyBike,charging,304.0,26.04,20.0,
402.0,easyBike_forward2.0,easyBike,charging,311.0,26.0,20.0,
402.0,easyBike_forward1.0,easyBike,charging,307.0,26.03,20.0,
402.0,easyBike_forward1.1,easyBike,charging,259.0,26.04,20.0,
402.0,easyBike_forward2.1,easyBike,waiting,,0.0,0.0,251.0
402.0,easyBike_forward4.1,easyBike,waiting,,0.0,0.0,230.0
402.0,easyBike_forward1.2,easyBike,waiting,,0.0,0.0,207.0
403.0,easyBike_forward4.0,easyBike,charging,305.0,26.04,20.0,
403.0,easyBike_forward2.0,easyBike,charging,312.0,25.99,20.0,
403.0,easyBike_forward1.0,easyBike,charging,308.0,26.02,20.0,
403.0,easyBike_forward1.1,easyBike,charging,260.0,26.04,20.0,
403.0,easyBike_forward2.1,easyBike,waiting,,0.0,0.0,252.0
403.0,easyBike_forward4.1,easyBike,waiting,,0.0,0.0,231.0
403.0,easyBike_forward1.2,easyBike,waiting,,0.0,0.0,208.0
404.0,easyBike_forward4.0,easyBike,charging,306.0,26.04,20.0,
404.0,easyBike_forward2.0,easyBike,charging,313.0,25.99,20.0,
404.0,easyBike_forward1.0,easyBike,charging,309.0,26.02,20.0,
404.0,easyBike_forward1.1,easyBike,charging,261.0,26.04,20.0,
404.0,easyBike_forward2.1,easyBike,waiting,,0.0,0.0,253.0
404.0,easyBike_forward4.1,easyBike,waiting,,0.0,0.0,232.0
404.0,easyBike_forward1.2,easyBike,waiting,,0.0,0.0,209.0
405.0,easyBike_forward4.0,easyBike,charging,307.0,26.03,20.0,
405.0,easyBike_forward2.0,easyBike,charging,314.0,25.99,20.0,
405.0,easyBike_forward1.0,easyBike,charging,310.0,26.01,20.0,
405.0,easyBike_forward1.1,easyBike,charging,262.0,26.04,20.0,
405.0,easyBike_forward2.1,easyBike,waiting,,0.0,0.0,254.0
405.0,easyBike_forward4.1,easyBike,waiting,,0.0,0.0,233.0
405.0,easyBike_forward1.2,easyBike,waiting,,0.0,0.0,210.0
406.0,easyBike_forward4.0,easyBike,charging,308.0,26.03,20.0,
406.0,easyBike_forward2.0,easyBike,charging,315.0,25.98,20.0,
406.0,easyBike_forward1.0,easyBike,charging,311.0,26.0,20.0,
406.0,easyBike_forward1.1,easyBike,charging,263.0,26.04,20.0,
406.0,easyBike_forward2.1,easyBike,waiting,,0.0,0.0,255.0
406.0,easyBike_forward4.1,easyBike,waiting,,0.0,0.0,234.0
406.0,easyBike_forward1.2,easyBike,waiting,,0.0,0.0,211.0
407.0,easyBike_forward4.0,easyBike,charging,309.0,26.02,20.0,
407.0,easyBike_forward2.0,easyBike,charging,316.0,25.98,20.0,
407.0,easyBike_forward1.0,easyBike,charging,312.0,26.0,20.0,
407.0,easyBike_forward1.1,easyBike,charging,264.0,26.04,20.0,
407.0,easyBike_forward2.1,easyBike,waiting,,0.0,0.0,256.0
407.0,easyBike_forward4.1,easyBike,waiting,,0.0,0.0,235.0
407.0,easyBike_forward1.2,easyBike,waiting,,0.0,0.0,212.0
408.0,easyBike_forward4.0,easyBike,charging,310.0,26.02,20.0,
408.0,easyBike_forward2.0,easyBike,charging,317.0,25.98,20.0,
408.0,easyBike_forward1.0,easyBike,charging,313.0,25.99,20.0,
408.0,easyBike_forward1.1,easyBike,charging,265.0,26.04,20.0,
408.0,easyBike_forward2.1,easyBike,waiting,,0.0,0.0,257.0
408.0,easyBike_forward4.1,easyBike,waiting,,0.0,0.0,236.0
408.0,easyBike_forward1.2,easyBike,waiting,,0.0,0.0,213.0
409.0,easyBike_forward4.0,easyBike,charging,311.0,26.01,20.0,
409.0,easyBike_forward2.0,easyBike,charging,318.0,25.98,20.0,
409.0,easyBike_forward1.0,easyBike,charging,314.0,25.99,20.0,
409.0,easyBike_forward1.1,easyBike,charging,266.0,26.04,20.0,
409.0,easyBike_forward2.1,easyBike,waiting,,0.0,0.0,258.0
409.0,easyBike_forward4.1,easyBike,waiting,,0.0,0.0,237.0
409.0,easyBike_forward1.2,easyBike,waiting,,0.0,0.0,214.0
410.0,easyBike_forward4.0,easyBike,charging,312.0,26.0,20.0,
410.0,easyBike_forward2.0,easyBike,charging,319.0,25.97,20.0,
410.0,easyBike_forward1.0,easyBike,charging,315.0,25.99,20.0,
410.0,easyBike_forward1.1,easyBike,charging,267.0,26.04,20.0,
410.0,easyBike_forward2.1,easyBike,waiting,,0.0,0.0,259.0
410.0,easyBike_forward4.1,easyBike,waiting,,0.0,0.0,238.0
410.0,easyBike_forward1.2,easyBike,waiting,,0.0,0.0,215.0
411.0,easyBike_forward4.0,easyBike,charging,313.0,26.0,20.0,
411.0,easyBike_forward2.0,easyBike,charging,320.0,25.97,20.0,
411.0,easyBike_forward1.0,easyBike,charging,316.0,25.99,20.0,
411.0,easyBike_forward1.1,easyBike,charging,268.0,26.04,20.0,
411.0,easyBike_forward2.1,easyBike,waiting,,0.0,0.0,260.0
411.0,easyBike_forward4.1,easyBike,waiting,,0.0,0.0,239.0
411.0,easyBike_forward1.2,easyBike,waiting,,0.0,0.0,216.0
412.0,easyBike_forward4.0,easyBike,charging,314.0,26.0,20.0,
412.0,easyBike_forward2.0,easyBike,charging,321.0,25.97,20.0,
412.0,easyBike_forward1.0,easyBike,charging,317.0,25.99,20.0,
412.0,easyBike_forward1.1,easyBike,charging,269.0,26.04,20.0,
412.0,easyBike_forward2.1,easyBike,waiting,,0.0,0.0,261.0
412.0,easyBike_forward4.1,easyBike,waiting,,0.0,0.0,240.0
412.0,easyBike_forward1.2,easyBike,waiting,,0.0,0.0,217.0
413.0,easyBike_forward4.0,easyBike,charging,315.0,25.99,20.0,
413.0,easyBike_forward2.0,easyBike,charging,322.0,25.97,20.0,
413.0,easyBike_forward1.0,easyBike,charging,318.0,25.98,20.0,
413.0,easyBike_forward1.1,easyBike,charging,270.0,26.04,20.0,
413.0,easyBike_forward2.1,easyBike,waiting,,0.0,0.0,262.0
413.0,easyBike_forward4.1,easyBike,waiting,,0.0,0.0,241.0
413.0,easyBike_forward1.2,easyBike,waiting,,0.0,0.0,218.0
414.0,easyBike_forward4.0,easyBike,charging,316.0,25.99,20.0,
414.0,easyBike_forward2.0,easyBike,charging,323.0,25.97,20.0,
414.0,easyBike_forward1.0,easyBike,charging,319.0,25.98,20.0,
414.0,easyBike_forward1.1,easyBike,charging,271.0,26.04,20.0,
414.0,easyBike_forward2.1,easyBike,waiting,,0.0,0.0,263.0
414.0,easyBike_forward4.1,easyBike,waiting,,0.0,0.0,242.0
414.0,easyBike_forward1.2,easyBike,waiting,,0.0,0.0,219.0
415.0,easyBike_forward4.0,easyBike,charging,317.0,25.99,20.0,
415.0,easyBike_forward2.0,easyBike,charging,324.0,25.98,20.0,
415.0,easyBike_forward1.0,easyBike,charging,320.0,25.98,20.0,
415.0,easyBike_forward1.1,easyBike,charging,272.0,26.04,20.0,
415.0,easyBike_forward2.1,easyBike,waiting,,0.0,0.0,264.0
415.0,easyBike_forward4.1,easyBike,waiting,,0.0,0.0,243.0
415.0,easyBike_forward1.2,easyBike,waiting,,0.0,0.0,220.0
416.0,easyBike_forward4.0,easyBike,charging,318.0,25.99,20.0,
416.0,easyBike_forward2.0,easyBike,charging,325.0,25.97,20.0,
416.0,easyBike_forward1.0,easyBike,charging,321.0,25.98,20.0,
416.0,easyBike_forward1.1,easyBike,charging,273.0,26.04,20.0,
416.0,easyBike_forward2.1,easyBike,waiting,,0.0,0.0,265.0
416.0,easyBike_forward4.1,easyBike,waiting,,0.0,0.0,244.0
416.0,easyBike_forward1.2,easyBike,waiting,,0.0,0.0,221.0
417.0,easyBike_forward4.0,easyBike,charging,319.0,25.98,20.0,
417.0,easyBike_forward2.0,easyBike,charging,326.0,25.96,20.0,
417.0,easyBike_forward1.0,easyBike,charging,322.0,25.97,20.0,
417.0,easyBike_forward1.1,easyBike,charging,274.0,26.04,20.0,
417.0,easyBike_forward2.1,easyBike,waiting,,0.0,0.0,266.0
417.0,easyBike_forward4.1,easyBike,waiting,,0.0,0.0,245.0
417.0,easyBike_forward1.2,easyBike,waiting,,0.0,0.0,222.0
418.0,easyBike_forward4.0,easyBike,charging,320.0,25.98,20.0,
418.0,easyBike_forward2.0,easyBike,charging,327.0,25.95,20.0,
418.0,easyBike_forward1.0,easyBike,charging,323.0,25.97,20.0,
418.0,easyBike_forward1.1,easyBike,charging,275.0,26.04,20.0,
418.0,easyBike_forward2.1,easyBike,waiting,,0.0,0.0,267.0
418.0,easyBike_forward4.1,easyBike,waiting,,0.0,0.0,246.0
418.0,easyBike_forward1.2,easyBike,waiting,,0.0,0.0,223.0
419.0,easyBike_forward4.0,easyBike,charging,321.0,25.98,20.0,
419.0,easyBike_forward2.0,easyBike,charging,328.0,25.94,20.0,
419.0,easyBike_forward1.0,easyBike,charging,324.0,25.97,20.0,
419.0,easyBike_forward1.1,easyBike,charging,276.0,26.04,20.0,
419.0,easyBike_forward2.1,easyBike,waiting,,0.0,0.0,268.0
419.0,easyBike_forward4.1,easyBike,waiting,,0.0,0.0,247.0
419.0,easyBike_forward1.2,easyBike,waiting,,0.0,0.0,224.0
420.0,easyBike_forward4.0,easyBike,charging,322.0,25.98,20.0,
420.0,easyBike_forward2.0,easyBike,charging,329.0,25.94,20.0,
420.0,easyBike_forward1.0,easyBike,charging,325.0,25.97,20.0,
420.0,easyBike_forward1.1,easyBike,charging,277.0,26.04,20.0,
420.0,easyBike_forward2.1,easyBike,waiting,,0.0,0.0,269.0
420.0,easyBike_forward4.1,easyBike,waiting,,0.0,0.0,248.0
420.0,easyBike_forward1.2,easyBike,waiting,,0.0,0.0,225.0
421.0,easyBike_forward4.0,easyBike,charging,323.0,25.98,20.0,
421.0,easyBike_forward2.0,easyBike,charging,330.0,25.93,20.0,
421.0,easyBike_forward1.0,easyBike,charging,326.0,25.96,20.0,
421.0,easyBike_forward1.1,easyBike,charging,278.0,26.04,20.0,
421.0,easyBike_forward2.1,easyBike,waiting,,0.0,0.0,270.0
421.0,easyBike_forward4.1,easyBike,waiting,,0.0,0.0,249.0
421.0,easyBike_forward1.2,easyBike,waiting,,0.0,0.0,226.0
422.0,easyBike_forward4.0,easyBike,charging,324.0,25.99,20.0,
422.0,easyBike_forward2.0,easyBike,charging,331.0,25.93,20.0,
422.0,easyBike_forward1.0,easyBike,charging,327.0,25.96,20.0,
422.0,easyBike_forward1.1,easyBike,charging,279.0,26.04,20.0,
422.0,easyBike_forward2.1,easyBike,waiting,,0.0,0.0,271.0
422.0,easyBike_forward4.1,easyBike,waiting,,0.0,0.0,250.0
422.0,easyBike_forward1.2,easyBike,waiting,,0.0,0.0,227.0
423.0,easyBike_forward4.0,easyBike,charging,325.0,25.99,20.0,
423.0,easyBike_forward2.0,easyBike,charging,332.0,25.93,20.0,
423.0,easyBike_forward1.0,easyBike,charging,328.0,25.96,20.0,
423.0,easyBike_forward1.1,easyBike,charging,280.0,26.04,20.0,
423.0,easyBike_forward2.1,easyBike,waiting,,0.0,0.0,272.0
423.0,easyBike_forward4.1,easyBike,waiting,,0.0,0.0,251.0
423.0,easyBike_forward1.2,easyBike,waiting,,0.0,0.0,228.0
424.0,easyBike_forward4.0,easyBike,charging,326.0,25.99,20.0,
424.0,easyBike_forward2.0,easyBike,charging,333.0,25.93,20.0,
424.0,easyBike_forward1.0,easyBike,charging,329.0,25.96,20.0,
424.0,easyBike_forward1.1,easyBike,charging,281.0,26.04,20.0,
424.0,easyBike_forward2.1,easyBike,waiting,,0.0,0.0,273.0
424.0,easyBike_forward4.1,easyBike,waiting,,0.0,0.0,252.0
424.0,easyBike_forward1.2,easyBike,waiting,,0.0,0.0,229.0
425.0,easyBike_forward4.0,easyBike,charging,327.0,25.99,20.0,
425.0,easyBike_forward2.0,easyBike,charging,334.0,25.92,20.0,
425.0,easyBike_forward1.0,easyBike,charging,330.0,25.95,20.0,
425.0,easyBike_forward1.1,easyBike,charging,282.0,26.04,20.0,
425.0,easyBike_forward2.1,easyBike,waiting,,0.0,0.0,274.0
425.0,easyBike_forward4.1,easyBike,waiting,,0.0,0.0,253.0
425.0,easyBike_forward1.2,easyBike,waiting,,0.0,0.0,230.0
426.0,easyBike_forward4.0,easyBike,charging,328.0,25.99,20.0,
426.0,easyBike_forward2.0,easyBike,charging,335.0,25.92,20.0,
426.0,easyBike_forward1.0,easyBike,charging,331.0,25.95,20.0,
426.0,easyBike_forward1.1,easyBike,charging,283.0,26.04,20.0,
426.0,easyBike_forward2.1,easyBike,waiting,,0.0,0.0,275.0
426.0,easyBike_forward4.1,easyBike,waiting,,0.0,0.0,254.0
426.0,easyBike_forward1.2,easyBike,waiting,,0.0,0.0,231.0
427.0,easyBike_forward4.0,easyBike,charging,329.0,25.99,20.0,
427.0,easyBike_forward2.0,easyBike,charging,336.0,25.92,20.0,
427.0,easyBike_forward1.0,easyBike,charging,332.0,25.95,20.0,
427.0,easyBike_forward1.1,easyBike,charging,284.0,26.04,20.0,
427.0,easyBike_forward2.1,easyBike,waiting,,0.0,0.0,276.0
427.0,easyBike_forward4.1,easyBike,waiting,,0.0,0.0,255.0
427.0,easyBike_forward1.2,easyBike,waiting,,0.0,0.0,232.0
428.0,easyBike_forward4.0,easyBike,charging,330.0,25.99,20.0,
428.0,easyBike_forward2.0,easyBike,charging,337.0,25.92,20.0,
428.0,easyBike_forward1.0,easyBike,charging,333.0,25.95,20.0,
428.0,easyBike_forward1.1,easyBike,charging,285.0,26.04,20.0,
428.0,easyBike_forward2.1,easyBike,waiting,,0.0,0.0,277.0
428.0,easyBike_forward4.1,easyBike,waiting,,0.0,0.0,256.0
428.0,easyBike_forward1.2,easyBike,waiting,,0.0,0.0,233.0
429.0,easyBike_forward4.0,easyBike,charging,331.0,25.99,20.0,
429.0,easyBike_forward2.0,easyBike,charging,338.0,25.91,20.0,
429.0,easyBike_forward1.0,easyBike,charging,334.0,25.94,20.0,
429.0,easyBike_forward1.1,easyBike,charging,286.0,26.04,20.0,
429.0,easyBike_forward2.1,easyBike,waiting,,0.0,0.0,278.0
429.0,easyBike_forward4.1,easyBike,waiting,,0.0,0.0,257.0
429.0,easyBike_forward1.2,easyBike,waiting,,0.0,0.0,234.0
430.0,easyBike_forward4.0,easyBike,charging,332.0,25.98,20.0,
430.0,easyBike_forward2.0,easyBike,charging,339.0,25.91,20.0,
430.0,easyBike_forward1.0,easyBike,charging,335.0,25.94,20.0,
430.0,easyBike_forward1.1,easyBike,charging,287.0,26.04,20.0,
430.0,easyBike_forward2.1,easyBike,waiting,,0.0,0.0,279.0
430.0,easyBike_forward4.1,easyBike,waiting,,0.0,0.0,258.0
430.0,easyBike_forward1.2,easyBike,waiting,,0.0,0.0,235.0
431.0,easyBike_forward4.0,easyBike,charging,333.0,25.98,20.0,
431.0,easyBike_forward2.0,easyBike,charging,340.0,25.91,20.0,
431.0,easyBike_forward1.0,easyBike,charging,336.0,25.94,20.0,
431.0,easyBike_forward1.1,easyBike,charging,288.0,26.04,20.0,
431.0,easyBike_forward2.1,easyBike,waiting,,0.0,0.0,280.0
431.0,easyBike_forward4.1,easyBike,waiting,,0.0,0.0,259.0
431.0,easyBike_forward1.2,easyBike,waiting,,0.0,0.0,236.0
432.0,easyBike_forward4.0,easyBike,charging,334.0,25.97,20.0,
432.0,easyBike_forward2.0,easyBike,charging,341.0,25.91,20.0,
432.0,easyBike_forward1.0,easyBike,charging,337.0,25.94,20.0,
432.0,easyBike_forward1.1,easyBike,charging,289.0,26.04,20.0,
432.0,easyBike_forward2.1,easyBike,waiting,,0.0,0.0,281.0
432.0,easyBike_forward4.1,easyBike,waiting,,0.0,0.0,260.0
432.0,easyBike_forward1.2,easyBike,waiting,,0.0,0.0,237.0
433.0,easyBike_forward4.0,easyBike,charging,335.0,25.97,20.0,
433.0,easyBike_forward2.0,easyBike,charging,342.0,25.9,20.0,
433.0,easyBike_forward1.0,easyBike,charging,338.0,25.94,20.0,
433.0,easyBike_forward1.1,easyBike,charging,290.0,26.04,20.0,
433.0,easyBike_forward2.1,easyBike,waiting,,0.0,0.0,282.0
433.0,easyBike_forward4.1,easyBike,waiting,,0.0,0.0,261.0
433.0,easyBike_forward1.2,easyBike,waiting,,0.0,0.0,238.0
434.0,easyBike_forward4.0,easyBike,charging,336.0,25.96,20.0,
434.0,easyBike_forward2.0,easyBike,charging,343.0,25.9,20.0,
434.0,easyBike_forward1.0,easyBike,charging,339.0,25.93,20.0,
434.0,easyBike_forward1.1,easyBike,charging,291.0,26.04,20.0,
434.0,easyBike_forward2.1,easyBike,waiting,,0.0,0.0,283.0
434.0,easyBike_forward4.1,easyBike,waiting,,0.0,0.0,262.0
434.0,easyBike_forward1.2,easyBike,waiting,,0.0,0.0,239.0
435.0,easyBike_forward4.0,easyBike,charging,337.0,25.96,20.0,
435.0,easyBike_forward2.0,easyBike,charging,344.0,25.9,20.0,
435.0,easyBike_forward1.0,easyBike,charging,340.0,25.93,20.0,
435.0,easyBike_forward1.1,easyBike,charging,292.0,26.04,20.0,
435.0,easyBike_forward2.1,easyBike,waiting,,0.0,0.0,284.0
435.0,easyBike_forward4.1,easyBike,waiting,,0.0,0.0,263.0
435.0,easyBike_forward1.2,easyBike,waiting,,0.0,0.0,240.0
436.0,easyBike_forward4.0,easyBike,charging,338.0,25.95,20.0,
436.0,easyBike_forward2.0,easyBike,charging,345.0,25.9,20.0,
436.0,easyBike_forward1.0,easyBike,charging,341.0,25.93,20.0,
436.0,easyBike_forward1.1,easyBike,charging,293.0,26.04,20.0,
436.0,easyBike_forward2.1,easyBike,waiting,,0.0,0.0,285.0
436.0,easyBike_forward4.1,easyBike,waiting,,0.0,0.0,264.0
436.0,easyBike_forward1.2,easyBike,waiting,,0.0,0.0,241.0
437.0,easyBike_forward4.0,easyBike,charging,339.0,25.94,20.0,
437.0,easyBike_forward2.0,easyBike,charging,346.0,25.9,20.0,
437.0,easyBike_forward1.0,easyBike,charging,342.0,25.93,20.0,
437.0,easyBike_forward1.1,easyBike,charging,294.0,26.04,20.0,
437.0,easyBike_forward2.1,easyBike,waiting,,0.0,0.0,286.0
437.0,easyBike_forward4.1,easyBike,waiting,,0.0,0.0,265.0
437.0,easyBike_forward1.2,easyBike,waiting,,0.0,0.0,242.0
438.0,easyBike_forward4.0,easyBike,charging,340.0,25.94,20.0,
438.0,easyBike_forward2.0,easyBike,charging,347.0,25.89,20.0,
438.0,easyBike_forward1.0,easyBike,charging,343.0,25.92,20.0,
438.0,easyBike_forward1.1,easyBike,charging,295.0,26.04,20.0,
438.0,easyBike_forward2.1,easyBike,waiting,,0.0,0.0,287.0
438.0,easyBike_forward4.1,easyBike,waiting,,0.0,0.0,266.0
438.0,easyBike_forward1.2,easyBike,waiting,,0.0,0.0,243.0
439.0,easyBike_forward4.0,easyBike,charging,341.0,25.94,20.0,
439.0,easyBike_forward2.0,easyBike,charging,348.0,25.89,20.0,
439.0,easyBike_forward1.0,easyBike,charging,344.0,25.92,20.0,
439.0,easyBike_forward1.1,easyBike,charging,296.0,26.04,20.0,
439.0,easyBike_forward2.1,easyBike,waiting,,0.0,0.0,288.0
439.0,easyBike_forward4.1,easyBike,waiting,,0.0,0.0,267.0
439.0,easyBike_forward1.2,easyBike,waiting,,0.0,0.0,244.0
440.0,easyBike_forward4.0,easyBike,charging,342.0,25.93,20.0,
440.0,easyBike_forward2.0,easyBike,charging,349.0,25.89,20.0,
440.0,easyBike_forward1.0,easyBike,charging,345.0,25.92,20.0,
440.0,easyBike_forward1.1,easyBike,charging,297.0,26.04,20.0,
440.0,easyBike_forward2.1,easyBike,waiting,,0.0,0.0,289.0
440.0,easyBike_forward4.1,easyBike,waiting,,0.0,0.0,268.0
440.0,easyBike_forward1.2,easyBike,waiting,,0.0,0.0,245.0
441.0,easyBike_forward4.0,easyBike,charging,343.0,25.93,20.0,
441.0,easyBike_forward2.0,easyBike,charging,350.0,25.89,20.0,
441.0,easyBike_forward1.0,easyBike,charging,346.0,25.92,20.0,
441.0,easyBike_forward1.1,easyBike,charging,298.0,26.04,20.0,
441.0,easyBike_forward2.1,easyBike,waiting,,0.0,0.0,290.0
441.0,easyBike_forward4.1,easyBike,waiting,,0.0,0.0,269.0
441.0,easyBike_forward1.2,easyBike,waiting,,0.0,0.0,246.0
442.0,easyBike_forward4.0,easyBike,charging,344.0,25.93,20.0,
442.0,easyBike_forward2.0,easyBike,charging,351.0,25.88,20.0,
442.0,easyBike_forward1.0,easyBike,charging,347.0,25.91,20.0,
442.0,easyBike_forward1.1,easyBike,charging,299.0,26.04,20.0,
442.0,easyBike_forward2.1,easyBike,waiting,,0.0,0.0,291.0
442.0,easyBike_forward4.1,easyBike,waiting,,0.0,0.0,270.0
442.0,easyBike_forward1.2,easyBike,waiting,,0.0,0.0,247.0
443.0,easyBike_forward4.0,easyBike,charging,345.0,25.93,20.0,
443.0,easyBike_forward2.0,easyBike,charging,352.0,25.88,20.0,
443.0,easyBike_forward1.0,easyBike,charging,348.0,25.91,20.0,
443.0,easyBike_forward1.1,easyBike,charging,300.0,26.04,20.0,
443.0,easyBike_forward2.1,easyBike,waiting,,0.0,0.0,292.0
443.0,easyBike_forward4.1,easyBike,waiting,,0.0,0.0,271.0
443.0,easyBike_forward1.2,easyBike,waiting,,0.0,0.0,248.0
444.0,easyBike_forward4.0,easyBike,charging,346.0,25.92,20.0,
444.0,easyBike_forward2.0,easyBike,charging,353.0,25.88,20.0,
444.0,easyBike_forward1.0,easyBike,charging,349.0,25.91,20.0,
444.0,easyBike_forward1.1,easyBike,charging,301.0,26.04,20.0,
444.0,easyBike_forward2.1,easyBike,waiting,,0.0,0.0,293.0
444.0,easyBike_forward4.1,easyBike,waiting,,0.0,0.0,272.0
444.0,easyBike_forward1.2,easyBike,waiting,,0.0,0.0,249.0
445.0,easyBike_forward4.0,easyBike,charging,347.0,25.92,20.0,
445.0,easyBike_forward2.0,easyBike,charging,354.0,25.88,20.0,
445.0,easyBike_forward1.0,easyBike,charging,350.0,25.91,20.0,
445.0,easyBike_forward1.1,easyBike,charging,302.0,26.04,20.0,
445.0,easyBike_forward2.1,easyBike,waiting,,0.0,0.0,294.0
445.0,easyBike_forward4.1,easyBike,waiting,,0.0,0.0,273.0
445.0,easyBike_forward1.2,easyBike,waiting,,0.0,0.0,250.0
446.0,easyBike_forward4.0,easyBike,charging,348.0,25.92,20.0,
446.0,easyBike_forward2.0,easyBike,charging,355.0,25.88,20.0,
446.0,easyBike_forward1.0,easyBike,charging,351.0,25.91,20.0,
446.0,easyBike_forward1.1,easyBike,charging,303.0,26.04,20.0,
446.0,easyBike_forward2.1,easyBike,waiting,,0.0,0.0,295.0
446.0,easyBike_forward4.1,easyBike,waiting,,0.0,0.0,274.0
446.0,easyBike_forward1.2,easyBike,waiting,,0.0,0.0,251.0
447.0,easyBike_forward4.0,easyBike,charging,349.0,25.92,20.0,
447.0,easyBike_forward2.0,easyBike,charging,356.0,25.87,20.0,
447.0,easyBike_forward1.0,easyBike,charging,352.0,25.9,20.0,
447.0,easyBike_forward1.1,easyBike,charging,304.0,26.03,20.0,
447.0,easyBike_forward2.1,easyBike,waiting,,0.0,0.0,296.0
447.0,easyBike_forward4.1,easyBike,waiting,,0.0,0.0,275.0
447.0,easyBike_forward1.2,easyBike,waiting,,0.0,0.0,252.0
448.0,easyBike_forward4.0,easyBike,charging,350.0,25.92,20.0,
448.0,easyBike_forward2.0,easyBike,charging,357.0,25.87,20.0,
448.0,easyBike_forward1.0,easyBike,charging,353.0,25.9,20.0,
448.0,easyBike_forward1.1,easyBike,charging,305.0,26.03,20.0,
448.0,easyBike_forward2.1,easyBike,waiting,,0.0,0.0,297.0
448.0,easyBike_forward4.1,easyBike,waiting,,0.0,0.0,276.0
448.0,easyBike_forward1.2,easyBike,waiting,,0.0,0.0,253.0
449.0,easyBike_forward4.0,easyBike,charging,351.0,25.91,20.0,
449.0,easyBike_forward2.0,easyBike,charging,358.0,25.87,20.0,
449.0,easyBike_forward1.0,easyBike,charging,354.0,25.9,20.0,
449.0,easyBike_forward1.1,easyBike,charging,306.0,26.03,20.0,
449.0,easyBike_forward2.1,easyBike,waiting,,0.0,0.0,298.0
449.0,easyBike_forward4.1,easyBike,waiting,,0.0,0.0,277.0
449.0,easyBike_forward1.2,easyBike,waiting,,0.0,0.0,254.0
450.0,easyBike_forward4.0,easyBike,charging,352.0,25.91,20.0,
450.0,easyBike_forward2.0,easyBike,charging,359.0,25.87,20.0,
450.0,easyBike_forward1.0,easyBike,charging,355.0,25.9,20.0,
450.0,easyBike_forward1.1,easyBike,charging,307.0,26.02,20.0,
450.0,easyBike_forward2.1,easyBike,waiting,,0.0,0.0,299.0
450.0,easyBike_forward4.1,easyBike,waiting,,0.0,0.0,278.0
450.0,easyBike_forward1.2,easyBike,waiting,,0.0,0.0,255.0
451.0,easyBike_forward4.0,easyBike,charging,353.0,25.91,20.0,
451.0,easyBike_forward2.0,easyBike,charging,360.0,25.86,20.0,
451.0,easyBike_forward1.0,easyBike,charging,356.0,25.89,20.0,
451.0,easyBike_forward1.1,easyBike,charging,308.0,26.02,20.0,
451.0,easyBike_forward2.1,easyBike,waiting,,0.0,0.0,300.0
451.0,easyBike_forward4.1,easyBike,waiting,,0.0,0.0,279.0
451.0,easyBike_forward1.2,easyBike,waiting,,0.0,0.0,256.0
452.0,easyBike_forward4.0,easyBike,charging,354.0,25.91,20.0,
452.0,easyBike_forward2.0,easyBike,charging,361.0,25.86,20.0,
452.0,easyBike_forward1.0,easyBike,charging,357.0,25.89,20.0,
452.0,easyBike_forward1.1,easyBike,charging,309.0,26.01,20.0,
452.0,easyBike_forward2.1,easyBike,waiting,,0.0,0.0,301.0
452.0,easyBike_forward4.1,easyBike,waiting,,0.0,0.0,280.0
452.0,easyBike_forward1.2,easyBike,waiting,,0.0,0.0,257.0
453.0,easyBike_forward4.0,easyBike,charging,355.0,25.9,20.0,
453.0,easyBike_forward2.0,easyBike,charging,362.0,25.86,20.0,
453.0,easyBike_forward1.0,easyBike,charging,358.0,25.89,20.0,
453.0,easyBike_forward1.1,easyBike,charging,310.0,26.0,20.0,
453.0,easyBike_forward2.1,easyBike,waiting,,0.0,0.0,302.0
453.0,easyBike_forward4.1,easyBike,waiting,,0.0,0.0,281.0
453.0,easyBike_forward1.2,easyBike,waiting,,0.0,0.0,258.0
454.0,easyBike_forward4.0,easyBike,charging,356.0,25.9,20.0,
454.0,easyBike_forward2.0,easyBike,charging,363.0,25.86,20.0,
454.0,easyBike_forward1.0,easyBike,charging,359.0,25.89,20.0,
454.0,easyBike_forward1.1,easyBike,charging,311.0,26.0,20.0,
454.0,easyBike_forward2.1,easyBike,waiting,,0.0,0.0,303.0
454.0,easyBike_forward4.1,easyBike,waiting,,0.0,0.0,282.0
454.0,easyBike_forward1.2,easyBike,waiting,,0.0,0.0,259.0
455.0,easyBike_forward4.0,easyBike,charging,357.0,25.9,20.0,
455.0,easyBike_forward2.0,easyBike,charging,364.0,25.85,20.0,
455.0,easyBike_forward1.0,easyBike,charging,360.0,25.88,20.0,
455.0,easyBike_forward1.1,easyBike,charging,312.0,25.99,20.0,
455.0,easyBike_forward2.1,easyBike,waiting,,0.0,0.0,304.0
455.0,easyBike_forward4.1,easyBike,waiting,,0.0,0.0,283.0
455.0,easyBike_forward1.2,easyBike,waiting,,0.0,0.0,260.0
456.0,easyBike_forward4.0,easyBike,charging,358.0,25.9,20.0,
456.0,easyBike_forward2.0,easyBike,charging,365.0,25.85,20.0,
456.0,easyBike_forward1.0,easyBike,charging,361.0,25.88,20.0,
456.0,easyBike_forward1.1,easyBike,charging,313.0,25.99,20.0,
456.0,easyBike_forward2.1,easyBike,waiting,,0.0,0.0,305.0
456.0,easyBike_forward4.1,easyBike,waiting,,0.0,0.0,284.0
456.0,easyBike_forward1.2,easyBike,waiting,,0.0,0.0,261.0
457.0,easyBike_forward4.0,easyBike,charging,359.0,25.89,20.0,
457.0,easyBike_forward2.0,easyBike,charging,366.0,25.85,20.0,
457.0,easyBike_forward1.0,easyBike,charging,362.0,25.88,20.0,
457.0,easyBike_forward1.1,easyBike,charging,314.0,25.99,20.0,
457.0,easyBike_forward2.1,easyBike,waiting,,0.0,0.0,306.0
457.0,easyBike_forward4.1,easyBike,waiting,,0.0,0.0,285.0
457.0,easyBike_forward1.2,easyBike,waiting,,0.0,0.0,262.0
458.0,easyBike_forward4.0,easyBike,charging,360.0,25.89,20.0,
458.0,easyBike_forward2.0,easyBike,charging,367.0,25.85,20.0,
458.0,easyBike_forward1.0,easyBike,charging,363.0,25.88,20.0,
458.0,easyBike_forward1.1,easyBike,charging,315.0,25.99,20.0,
458.0,easyBike_forward2.1,easyBike,waiting,,0.0,0.0,307.0
458.0,easyBike_forward4.1,easyBike,waiting,,0.0,0.0,286.0
458.0,easyBike_forward1.2,easyBike,waiting,,0.0,0.0,263.0
459.0,easyBike_forward4.0,easyBike,charging,361.0,25.89,20.0,
459.0,easyBike_forward2.0,easyBike,charging,368.0,25.85,20.0,
459.0,easyBike_forward1.0,easyBike,charging,364.0,25.88,20.0,
459.0,easyBike_forward1.1,easyBike,charging,316.0,25.98,20.0,
459.0,easyBike_forward2.1,easyBike,waiting,,0.0,0.0,308.0
459.0,easyBike_forward4.1,easyBike,waiting,,0.0,0.0,287.0
459.0,easyBike_forward1.2,easyBike,waiting,,0.0,0.0,264.0
460.0,easyBike_forward4.0,easyBike,charging,362.0,25.89,20.0,
460.0,easyBike_forward2.0,easyBike,charging,369.0,25.84,20.0,
460.0,easyBike_forward1.0,easyBike,charging,365.0,25.87,20.0,
460.0,easyBike_forward1.1,easyBike,charging,317.0,25.98,20.0,
460.0,easyBike_forward2.1,easyBike,waiting,,0.0,0.0,309.0
460.0,easyBike_forward4.1,easyBike,waiting,,0.0,0.0,288.0
460.0,easyBike_forward1.2,easyBike,waiting,,0.0,0.0,265.0
461.0,easyBike_forward4.0,easyBike,charging,363.0,25.88,20.0,
461.0,easyBike_forward2.0,easyBike,charging,370.0,25.84,20.0,
461.0,easyBike_forward1.0,easyBike,charging,366.0,25.87,20.0,
461.0,easyBike_forward1.1,easyBike,charging,318.0,25.98,20.0,
461.0,easyBike_forward2.1,easyBike,waiting,,0.0,0.0,310.0
461.0,easyBike_forward4.1,easyBike,waiting,,0.0,0.0,289.0
461.0,easyBike_forward1.2,easyBike,waiting,,0.0,0.0,266.0
462.0,easyBike_forward4.0,easyBike,charging,364.0,25.88,20.0,
462.0,easyBike_forward2.0,easyBike,charging,371.0,25.84,20.0,
462.0,easyBike_forward1.0,easyBike,charging,367.0,25.87,20.0,
462.0,easyBike_forward1.1,easyBike,charging,319.0,25.98,20.0,
462.0,easyBike_forward2.1,easyBike,waiting,,0.0,0.0,311.0
462.0,easyBike_forward4.1,easyBike,waiting,,0.0,0.0,290.0
462.0,easyBike_forward1.2,easyBike,waiting,,0.0,0.0,267.0
463.0,easyBike_forward4.0,easyBike,charging,365.0,25.88,20.0,
463.0,easyBike_forward2.0,easyBike,charging,372.0,25.84,20.0,
463.0,easyBike_forward1.0,easyBike,charging,368.0,25.87,20.0,
463.0,easyBike_forward1.1,easyBike,charging,320.0,25.98,20.0,
463.0,easyBike_forward2.1,easyBike,waiting,,0.0,0.0,312.0
463.0,easyBike_forward4.1,easyBike,waiting,,0.0,0.0,291.0
463.0,easyBike_forward1.2,easyBike,waiting,,0.0,0.0,268.0
464.0,easyBike_forward4.0,easyBike,charging,366.0,25.88,20.0,
464.0,easyBike_forward2.0,easyBike,charging,373.0,25.83,20.0,
464.0,easyBike_forward1.0,easyBike,charging,369.0,25.86,20.0,
464.0,easyBike_forward1.1,easyBike,charging,321.0,25.97,20.0,
464.0,easyBike_forward2.1,easyBike,waiting,,0.0,0.0,313.0
464.0,easyBike_forward4.1,easyBike,waiting,,0.0,0.0,292.0
464.0,easyBike_forward1.2,easyBike,waiting,,0.0,0.0,269.0
465.0,easyBike_forward4.0,easyBike,charging,367.0,25.87,20.0,
465.0,easyBike_forward2.0,easyBike,charging,374.0,25.83,20.0,
465.0,easyBike_forward1.0,easyBike,charging,370.0,25.86,20.0,
465.0,easyBike_forward1.1,easyBike,charging,322.0,25.97,20.0,
465.0,easyBike_forward2.1,easyBike,waiting,,0.0,0.0,314.0
465.0,easyBike_forward4.1,easyBike,waiting,,0.0,0.0,293.0
465.0,easyBike_forward1.2,easyBike,waiting,,0.0,0.0,270.0
466.0,easyBike_forward4.0,easyBike,charging,368.0,25.87,20.0,
466.0,easyBike_forward2.0,easyBike,charging,375.0,25.83,20.0,
466.0,easyBike_forward1.0,easyBike,charging,371.0,25.86,20.0,
466.0,easyBike_forward1.1,easyBike,charging,323.0,25.97,20.0,
466.0,easyBike_forward2.1,easyBike,waiting,,0.0,0.0,315.0
466.0,easyBike_forward4.1,easyBike,waiting,,0.0,0.0,294.0
466.0,easyBike_forward1.2,easyBike,waiting,,0.0,0.0,271.0
467.0,easyBike_forward4.0,easyBike,charging,369.0,25.87,20.0,
467.0,easyBike_forward2.0,easyBike,charging,376.0,25.83,20.0,
467.0,easyBike_forward1.0,easyBike,charging,372.0,25.86,20.0,
467.0,easyBike_forward1.1,easyBike,charging,324.0,25.96,20.0,
467.0,easyBike_forward2.1,easyBike,waiting,,0.0,0.0,316.0
467.0,easyBike_forward4.1,easyBike,waiting,,0.0,0.0,295.0
467.0,easyBike_forward1.2,easyBike,waiting,,0.0,0.0,272.0
468.0,easyBike_forward4.0,easyBike,charging,370.0,25.87,20.0,
468.0,easyBike_forward2.0,easyBike,charging,377.0,25.83,20.0,
468.0,easyBike_forward1.0,easyBike,charging,373.0,25.85,20.0,
468.0,easyBike_forward1.1,easyBike,charging,325.0,25.96,20.0,
468.0,easyBike_forward2.1,easyBike,waiting,,0.0,0.0,317.0
468.0,easyBike_forward4.1,easyBike,waiting,,0.0,0.0,296.0
468.0,easyBike_forward1.2,easyBike,waiting,,0.0,0.0,273.0
469.0,easyBike_forward4.0,easyBike,charging,371.0,25.87,20.0,
469.0,easyBike_forward2.0,easyBike,charging,378.0,25.82,20.0,
469.0,easyBike_forward1.0,easyBike,charging,374.0,25.85,20.0,
469.0,easyBike_forward1.1,easyBike,charging,326.0,25.96,20.0,
469.0,easyBike_forward2.1,easyBike,waiting,,0.0,0.0,318.0
469.0,easyBike_forward4.1,easyBike,waiting,,0.0,0.0,297.0
469.0,easyBike_forward1.2,easyBike,waiting,,0.0,0.0,274.0
470.0,easyBike_forward4.0,easyBike,charging,372.0,25.86,20.0,
470.0,easyBike_forward2.0,easyBike,charging,379.0,25.82,20.0,
470.0,easyBike_forward1.0,easyBike,charging,375.0,25.85,20.0,
470.0,easyBike_forward1.1,easyBike,charging,327.0,25.96,20.0,
470.0,easyBike_forward2.1,easyBike,waiting,,0.0,0.0,319.0
470.0,easyBike_forward4.1,easyBike,waiting,,0.0,0.0,298.0
470.0,easyBike_forward1.2,easyBike,waiting,,0.0,0.0,275.0
471.0,easyBike_forward4.0,easyBike,charging,373.0,25.86,20.0,
471.0,easyBike_forward2.0,easyBike,charging,380.0,25.82,20.0,
471.0,easyBike_forward1.0,easyBike,charging,376.0,25.85,20.0,
471.0,easyBike_forward1.1,easyBike,charging,328.0,25.95,20.0,
471.0,easyBike_forward2.1,easyBike,waiting,,0.0,0.0,320.0
471.0,easyBike_forward4.1,easyBike,waiting,,0.0,0.0,299.0
471.0,easyBike_forward1.2,easyBike,waiting,,0.0,0.0,276.0
472.0,easyBike_forward4.0,easyBike,charging,374.0,25.86,20.0,
472.0,easyBike_forward2.0,easyBike,charging,381.0,25.82,20.0,
472.0,easyBike_forward1.0,easyBike,charging,377.0,25.85,20.0,
472.0,easyBike_forward1.1,easyBike,charging,329.0,25.95,20.0,
472.0,easyBike_forward2.1,easyBike,waiting,,0.0,0.0,321.0
472.0,easyBike_forward4.1,easyBike,waiting,,0.0,0.0,300.0
472.0,easyBike_forward1.2,easyBike,waiting,,0.0,0.0,277.0
473.0,easyBike_forward4.0,easyBike,charging,375.0,25.86,20.0,
473.0,easyBike_forward2.0,easyBike,charging,382.0,25.81,20.0,
473.0,easyBike_forward1.0,easyBike,charging,378.0,25.84,20.0,
473.0,easyBike_forward1.1,easyBike,charging,330.0,25.95,20.0,
473.0,easyBike_forward2.1,easyBike,waiting,,0.0,0.0,322.0
473.0,easyBike_forward4.1,easyBike,waiting,,0.0,0.0,301.0
473.0,easyBike_forward1.2,easyBike,waiting,,0.0,0.0,278.0
474.0,easyBike_forward4.0,easyBike,charging,376.0,25.85,20.0,
474.0,easyBike_forward2.0,easyBike,charging,383.0,25.81,20.0,
474.0,easyBike_forward1.0,easyBike,charging,379.0,25.84,20.0,
474.0,easyBike_forward1.1,easyBike,charging,331.0,25.95,20.0,
474.0,easyBike_forward2.1,easyBike,waiting,,0.0,0.0,323.0
474.0,easyBike_forward4.1,easyBike,waiting,,0.0,0.0,302.0
474.0,easyBike_forward1.2,easyBike,waiting,,0.0,0.0,279.0
475.0,easyBike_forward4.0,easyBike,charging,377.0,25.85,20.0,
475.0,easyBike_forward2.0,easyBike,charging,384.0,25.81,20.0,
475.0,easyBike_forward1.0,easyBike,charging,380.0,25.84,20.0,
475.0,easyBike_forward1.1,easyBike,charging,332.0,25.95,20.0,
475.0,easyBike_forward2.1,easyBike,waiting,,0.0,0.0,324.0
475.0,easyBike_forward4.1,easyBike,waiting,,0.0,0.0,303.0
475.0,easyBike_forward1.2,easyBike,waiting,,0.0,0.0,280.0
476.0,easyBike_forward4.0,easyBike,charging,378.0,25.85,20.0,
476.0,easyBike_forward2.0,easyBike,charging,385.0,25.81,20.0,
476.0,easyBike_forward1.0,easyBike,charging,381.0,25.84,20.0,
476.0,easyBike_forward1.1,easyBike,charging,333.0,25.94,20.0,
476.0,easyBike_forward2.1,easyBike,waiting,,0.0,0.0,325.0
476.0,easyBike_forward4.1,easyBike,waiting,,0.0,0.0,304.0
476.0,easyBike_forward1.2,easyBike,waiting,,0.0,0.0,281.0
477.0,easyBike_forward4.0,easyBike,charging,379.0,25.85,20.0,
477.0,easyBike_forward2.0,easyBike,charging,386.0,25.8,20.0,
477.0,easyBike_forward1.0,easyBike,charging,382.0,25.83,20.0,
477.0,easyBike_forward1.1,easyBike,charging,334.0,25.94,20.0,
477.0,easyBike_forward2.1,easyBike,waiting,,0.0,0.0,326.0
477.0,easyBike_forward4.1,easyBike,waiting,,0.0,0.0,305.0
477.0,easyBike_forward1.2,easyBike,waiting,,0.0,0.0,282.0
478.0,easyBike_forward4.0,easyBike,charging,380.0,25.85,20.0,
478.0,easyBike_forward2.0,easyBike,charging,387.0,25.8,20.0,
478.0,easyBike_forward1.0,easyBike,charging,383.0,25.83,20.0,
478.0,easyBike_forward1.1,easyBike,charging,335.0,25.94,20.0,
478.0,easyBike_forward2.1,easyBike,waiting,,0.0,0.0,327.0
478.0,easyBike_forward4.1,easyBike,waiting,,0.0,0.0,306.0
478.0,easyBike_forward1.2,easyBike,waiting,,0.0,0.0,283.0
479.0,easyBike_forward4.0,easyBike,charging,381.0,25.84,20.0,
479.0,easyBike_forward2.0,easyBike,charging,388.0,25.8,20.0,
479.0,easyBike_forward1.0,easyBike,charging,384.0,25.83,20.0,
479.0,easyBike_forward1.1,easyBike,charging,336.0,25.94,20.0,
479.0,easyBike_forward2.1,easyBike,waiting,,0.0,0.0,328.0
479.0,easyBike_forward4.1,easyBike,waiting,,0.0,0.0,307.0
479.0,easyBike_forward1.2,easyBike,waiting,,0.0,0.0,284.0
480.0,easyBike_forward4.0,easyBike,charging,382.0,25.84,20.0,
480.0,easyBike_forward2.0,easyBike,charging,389.0,25.8,20.0,
480.0,easyBike_forward1.0,easyBike,charging,385.0,25.83,20.0,
480.0,easyBike_forward1.1,easyBike,charging,337.0,25.93,20.0,
480.0,easyBike_forward2.1,easyBike,waiting,,0.0,0.0,329.0
480.0,easyBike_forward4.1,easyBike,waiting,,0.0,0.0,308.0
480.0,easyBike_forward1.2,easyBike,waiting,,0.0,0.0,285.0
481.0,easyBike_forward4.0,easyBike,charging,383.0,25.84,20.0,
481.0,easyBike_forward2.0,easyBike,charging,390.0,25.8,20.0,
481.0,easyBike_forward1.0,easyBike,charging,386.0,25.83,20.0,
481.0,easyBike_forward1.1,easyBike,charging,338.0,25.93,20.0,
481.0,easyBike_forward2.1,easyBike,waiting,,0.0,0.0,330.0
481.0,easyBike_forward4.1,easyBike,waiting,,0.0,0.0,309.0
481.0,easyBike_forward1.2,easyBike,waiting,,0.0,0.0,286.0
482.0,easyBike_forward4.0,easyBike,charging,384.0,25.84,20.0,
482.0,easyBike_forward2.0,easyBike,charging,391.0,25.79,20.0,
482.0,easyBike_forward1.0,easyBike,charging,387.0,25.82,20.0,
482.0,easyBike_forward1.1,easyBike,charging,339.0,25.93,20.0,
482.0,easyBike_forward2.1,easyBike,waiting,,0.0,0.0,331.0
482.0,easyBike_forward4.1,easyBike,waiting,,0.0,0.0,310.0
482.0,easyBike_forward1.2,easyBike,waiting,,0.0,0.0,287.0
483.0,easyBike_forward4.0,easyBike,charging,385.0,25.83,20.0,
483.0,easyBike_forward2.0,easyBike,charging,392.0,25.79,20.0,
483.0,easyBike_forward1.0,easyBike,charging,388.0,25.82,20.0,
483.0,easyBike_forward1.1,easyBike,charging,340.0,25.93,20.0,
483.0,easyBike_forward2.1,easyBike,waiting,,0.0,0.0,332.0
483.0,easyBike_forward4.1,easyBike,waiting,,0.0,0.0,311.0
483.0,easyBike_forward1.2,easyBike,waiting,,0.0,0.0,288.0
484.0,easyBike_forward4.0,easyBike,charging,386.0,25.83,20.0,
484.0,easyBike_forward2.0,easyBike,charging,393.0,25.79,20.0,
484.0,easyBike_forward1.0,easyBike,charging,389.0,25.82,20.0,
484.0,easyBike_forward1.1,easyBike,charging,341.0,25.92,20.0,
484.0,easyBike_forward2.1,easyBike,waiting,,0.0,0.0,333.0
484.0,easyBike_forward4.1,easyBike,waiting,,0.0,0.0,312.0
484.0,easyBike_forward1.2,easyBike,waiting,,0.0,0.0,289.0
485.0,easyBike_forward4.0,easyBike,charging,387.0,25.83,20.0,
485.0,easyBike_forward2.0,easyBike,charging,394.0,25.79,20.0,
485.0,easyBike_forward1.0,easyBike,charging,390.0,25.82,20.0,
485.0,easyBike_forward1.1,easyBike,charging,342.0,25.92,20.0,
485.0,easyBike_forward2.1,easyBike,waiting,,0.0,0.0,334.0
485.0,easyBike_forward4.1,easyBike,waiting,,0.0,0.0,313.0
485.0,easyBike_forward1.2,easyBike,waiting,,0.0,0.0,290.0
486.0,easyBike_forward4.0,easyBike,charging,388.0,25.83,20.0,
486.0,easyBike_forward2.0,easyBike,charging,395.0,25.78,20.0,
486.0,easyBike_forward1.0,easyBike,charging,391.0,25.81,20.0,
486.0,easyBike_forward1.1,easyBike,charging,343.0,25.92,20.0,
486.0,easyBike_forward2.1,easyBike,waiting,,0.0,0.0,335.0
486.0,easyBike_forward4.1,easyBike,waiting,,0.0,0.0,314.0
486.0,easyBike_forward1.2,easyBike,waiting,,0.0,0.0,291.0
487.0,easyBike_forward4.0,easyBike,charging,389.0,25.82,20.0,
487.0,easyBike_forward2.0,easyBike,charging,396.0,25.78,20.0,
487.0,easyBike_forward1.0,easyBike,charging,392.0,25.81,20.0,
487.0,easyBike_forward1.1,easyBike,charging,344.0,25.92,20.0,
487.0,easyBike_forward2.1,easyBike,waiting,,0.0,0.0,336.0
487.0,easyBike_forward4.1,easyBike,waiting,,0.0,0.0,315.0
487.0,easyBike_forward1.2,easyBike,waiting,,0.0,0.0,292.0
488.0,easyBike_forward4.0,easyBike,charging,390.0,25.82,20.0,
488.0,easyBike_forward2.0,easyBike,charging,397.0,25.78,20.0,
488.0,easyBike_forward1.0,easyBike,charging,393.0,25.81,20.0,
488.0,easyBike_forward1.1,easyBike,charging,345.0,25.91,20.0,
488.0,easyBike_forward2.1,easyBike,waiting,,0.0,0.0,337.0
488.0,easyBike_forward4.1,easyBike,waiting,,0.0,0.0,316.0
488.0,easyBike_forward1.2,easyBike,waiting,,0.0,0.0,293.0
489.0,easyBike_forward4.0,easyBike,charging,391.0,25.82,20.0,
489.0,easyBike_forward2.0,easyBike,charging,398.0,25.78,20.0,
489.0,easyBike_forward1.0,easyBike,charging,394.0,25.81,20.0,
489.0,easyBike_forward1.1,easyBike,charging,346.0,25.91,20.0,
489.0,easyBike_forward2.1,easyBike,waiting,,0.0,0.0,338.0
489.0,easyBike_forward4.1,easyBike,waiting,,0.0,0.0,317.0
489.0,easyBike_forward1.2,easyBike,waiting,,0.0,0.0,294.0
490.0,easyBike_forward4.0,easyBike,charging,392.0,25.82,20.0,
490.0,easyBike_forward2.0,easyBike,charging,399.0,25.77,20.0,
490.0,easyBike_forward1.0,easyBike,charging,395.0,25.8,20.0,
490.0,easyBike_forward1.1,easyBike,charging,347.0,25.91,20.0,
490.0,easyBike_forward2.1,easyBike,waiting,,0.0,0.0,339.0
490.0,easyBike_forward4.1,easyBike,waiting,,0.0,0.0,318.0
490.0,easyBike_forward1.2,easyBike,waiting,,0.0,0.0,295.0
491.0,easyBike_forward4.0,easyBike,charging,393.0,25.82,20.0,
491.0,easyBike_forward2.0,easyBike,charging,400.0,25.77,20.0,
491.0,easyBike_forward1.0,easyBike,charging,396.0,25.8,20.0,
491.0,easyBike_forward1.1,easyBike,charging,348.0,25.91,20.0,
491.0,easyBike_forward2.1,easyBike,waiting,,0.0,0.0,340.0
491.0,easyBike_forward4.1,easyBike,waiting,,0.0,0.0,319.0
491.0,easyBike_forward1.2,easyBike,waiting,,0.0,0.0,296.0
492.0,easyBike_forward4.0,easyBike,charging,394.0,25.81,20.0,
492.0,easyBike_forward2.0,easyBike,charging,401.0,25.77,20.0,
492.0,easyBike_forward1.0,easyBike,charging,397.0,25.8,20.0,
492.0,easyBike_forward1.1,easyBike,charging,349.0,25.91,20.0,
492.0,easyBike_forward2.1,easyBike,waiting,,0.0,0.0,341.0
492.0,easyBike_forward4.1,easyBike,waiting,,0.0,0.0,320.0
492.0,easyBike_forward1.2,easyBike,waiting,,0.0,0.0,297.0
493.0,easyBike_forward4.0,easyBike,charging,395.0,25.81,20.0,
493.0,easyBike_forward2.0,easyBike,charging,402.0,25.77,20.0,
493.0,easyBike_forward1.0,easyBike,charging,398.0,25.8,20.0,
493.0,easyBike_forward1.1,easyBike,charging,350.0,25.9,20.0,
493.0,easyBike_forward2.1,easyBike,waiting,,0.0,0.0,342.0
493.0,easyBike_forward4.1,easyBike,waiting,,0.0,0.0,321.0
493.0,easyBike_forward1.2,easyBike,waiting,,0.0,0.0,298.0
494.0,easyBike_forward4.0,easyBike,charging,396.0,25.81,20.0,
494.0,easyBike_forward2.0,easyBike,charging,403.0,25.77,20.0,
494.0,easyBike_forward1.0,easyBike,charging,399.0,25.8,20.0,
494.0,easyBike_forward1.1,easyBike,charging,351.0,25.9,20.0,
494.0,easyBike_forward2.1,easyBike,waiting,,0.0,0.0,343.0
494.0,easyBike_forward4.1,easyBike,waiting,,0.0,0.0,322.0
494.0,easyBike_forward1.2,easyBike,waiting,,0.0,0.0,299.0
495.0,easyBike_forward4.0,easyBike,charging,397.0,25.81,20.0,
495.0,easyBike_forward2.0,easyBike,charging,404.0,25.76,20.0,
495.0,easyBike_forward1.0,easyBike,charging,400.0,25.79,20.0,
495.0,easyBike_forward1.1,easyBike,charging,352.0,25.9,20.0,
495.0,easyBike_forward2.1,easyBike,waiting,,0.0,0.0,344.0
495.0,easyBike_forward4.1,easyBike,waiting,,0.0,0.0,323.0
495.0,easyBike_forward1.2,easyBike,waiting,,0.0,0.0,300.0
496.0,easyBike_forward4.0,easyBike,charging,398.0,25.8,20.0,
496.0,easyBike_forward2.0,easyBike,charging,405.0,25.76,20.0,
496.0,easyBike_forward1.0,easyBike,charging,401.0,25.79,20.0,
496.0,easyBike_forward1.1,easyBike,charging,353.0,25.9,20.0,
496.0,easyBike_forward2.1,easyBike,waiting,,0.0,0.0,345.0
496.0,easyBike_forward4.1,easyBike,waiting,,0.0,0.0,324.0
496.0,easyBike_forward1.2,easyBike,waiting,,0.0,0.0,301.0
497.0,easyBike_forward4.0,easyBike,charging,399.0,25.8,20.0,
497.0,easyBike_forward2.0,easyBike,charging,406.0,25.76,20.0,
497.0,easyBike_forward1.0,easyBike,charging,402.0,25.79,20.0,
497.0,easyBike_forward1.1,easyBike,charging,354.0,25.89,20.0,
497.0,easyBike_forward2.1,easyBike,waiting,,0.0,0.0,346.0
497.0,easyBike_forward4.1,easyBike,waiting,,0.0,0.0,325.0
497.0,easyBike_forward1.2,easyBike,waiting,,0.0,0.0,302.0
498.0,easyBike_forward4.0,easyBike,charging,400.0,25.8,20.0,
498.0,easyBike_forward2.0,easyBike,charging,407.0,25.76,20.0,
498.0,easyBike_forward1.0,easyBike,charging,403.0,25.8,20.0,
498.0,easyBike_forward1.1,easyBike,charging,355.0,25.89,20.0,
498.0,easyBike_forward2.1,easyBike,waiting,,0.0,0.0,347.0
498.0,easyBike_forward4.1,easyBike,waiting,,0.0,0.0,326.0
498.0,easyBike_forward1.2,easyBike,waiting,,0.0,0.0,303.0
499.0,easyBike_forward4.0,easyBike,charging,401.0,25.8,20.0,
499.0,easyBike_forward2.0,easyBike,charging,408.0,25.75,20.0,
499.0,easyBike_forward1.0,easyBike,charging,404.0,25.8,20.0,
499.0,easyBike_forward1.1,easyBike,charging,356.0,25.89,20.0,
499.0,easyBike_forward2.1,easyBike,waiting,,0.0,0.0,348.0
499.0,easyBike_forward4.1,easyBike,waiting,,0.0,0.0,327.0
499.0,easyBike_forward1.2,easyBike,waiting,,0.0,0.0,304.0
500.0,easyBike_forward4.0,easyBike,charging,402.0,25.8,20.0,
500.0,easyBike_forward2.0,easyBike,charging,409.0,25.75,20.0,
500.0,easyBike_forward1.0,easyBike,charging,405.0,25.8,20.0,
500.0,easyBike_forward1.1,easyBike,charging,357.0,25.89,20.0,
500.0,easyBike_forward2.1,easyBike,waiting,,0.0,0.0,349.0
500.0,easyBike_forward4.1,easyBike,waiting,,0.0,0.0,328.0
500.0,easyBike_forward1.2,easyBike,waiting,,0.0,0.0,305.0
501.0,easyBike_forward4.0,easyBike,charging,403.0,25.79,20.0,
501.0,easyBike_forward2.0,easyBike,charging,410.0,25.75,20.0,
501.0,easyBike_forward1.0,easyBike,charging,406.0,25.8,20.0,
501.0,easyBike_forward1.1,easyBike,charging,358.0,25.89,20.0,
501.0,easyBike_forward2.1,easyBike,waiting,,0.0,0.0,350.0
501.0,easyBike_forward4.1,easyBike,waiting,,0.0,0.0,329.0
501.0,easyBike_forward1.2,easyBike,waiting,,0.0,0.0,306.0
502.0,easyBike_forward4.0,easyBike,charging,404.0,25.79,20.0,
502.0,easyBike_forward2.0,easyBike,charging,411.0,25.75,20.0,
502.0,easyBike_forward1.0,easyBike,charging,407.0,25.8,20.0,
502.0,easyBike_forward1.1,easyBike,charging,359.0,25.88,20.0,
502.0,easyBike_forward2.1,easyBike,waiting,,0.0,0.0,351.0
502.0,easyBike_forward4.1,easyBike,waiting,,0.0,0.0,330.0
502.0,easyBike_forward1.2,easyBike,waiting,,0.0,0.0,307.0
503.0,easyBike_forward4.0,easyBike,charging,405.0,25.79,20.0,
503.0,easyBike_forward2.0,easyBike,charging,412.0,25.74,20.0,
503.0,easyBike_forward1.0,easyBike,charging,408.0,25.8,20.0,
503.0,easyBike_forward1.1,easyBike,charging,360.0,25.88,20.0,
503.0,easyBike_forward2.1,easyBike,waiting,,0.0,0.0,352.0
503.0,easyBike_forward4.1,easyBike,waiting,,0.0,0.0,331.0
503.0,easyBike_forward1.2,easyBike,waiting,,0.0,0.0,308.0
504.0,easyBike_forward4.0,easyBike,charging,406.0,25.79,20.0,
504.0,easyBike_forward2.0,easyBike,charging,413.0,25.74,20.0,
504.0,easyBike_forward1.0,easyBike,charging,409.0,25.79,20.0,
504.0,easyBike_forward1.1,easyBike,charging,361.0,25.88,20.0,
504.0,easyBike_forward2.1,easyBike,waiting,,0.0,0.0,353.0
504.0,easyBike_forward4.1,easyBike,waiting,,0.0,0.0,332.0
504.0,easyBike_forward1.2,easyBike,waiting,,0.0,0.0,309.0
505.0,easyBike_forward4.0,easyBike,charging,407.0,25.78,20.0,
505.0,easyBike_forward2.0,easyBike,charging,414.0,25.74,20.0,
505.0,easyBike_forward1.0,easyBike,charging,410.0,25.79,20.0,
505.0,easyBike_forward1.1,easyBike,charging,362.0,25.88,20.0,
505.0,easyBike_forward2.1,easyBike,waiting,,0.0,0.0,354.0
505.0,easyBike_forward4.1,easyBike,waiting,,0.0,0.0,333.0
505.0,easyBike_forward1.2,easyBike,waiting,,0.0,0.0,310.0
506.0,easyBike_forward4.0,easyBike,charging,408.0,25.78,20.0,
506.0,easyBike_forward2.0,easyBike,charging,415.0,25.74,20.0,
506.0,easyBike_forward1.0,easyBike,charging,411.0,25.78,20.0,
506.0,easyBike_forward1.1,easyBike,charging,363.0,25.87,20.0,
506.0,easyBike_forward2.1,easyBike,waiting,,0.0,0.0,355.0
506.0,easyBike_forward4.1,easyBike,waiting,,0.0,0.0,334.0
506.0,easyBike_forward1.2,easyBike,waiting,,0.0,0.0,311.0
507.0,easyBike_forward4.0,easyBike,charging,409.0,25.78,20.0,
507.0,easyBike_forward2.0,easyBike,charging,416.0,25.74,20.0,
507.0,easyBike_forward1.0,easyBike,charging,412.0,25.78,20.0,
507.0,easyBike_forward1.1,easyBike,charging,364.0,25.87,20.0,
507.0,easyBike_forward2.1,easyBike,waiting,,0.0,0.0,356.0
507.0,easyBike_forward4.1,easyBike,waiting,,0.0,0.0,335.0
507.0,easyBike_forward1.2,easyBike,waiting,,0.0,0.0,312.0
508.0,easyBike_forward4.0,easyBike,charging,410.0,25.78,20.0,
508.0,easyBike_forward2.0,easyBike,charging,417.0,25.73,20.0,
508.0,easyBike_forward1.0,easyBike,charging,413.0,25.77,20.0,
508.0,easyBike_forward1.1,easyBike,charging,365.0,25.87,20.0,
508.0,easyBike_forward2.1,easyBike,waiting,,0.0,0.0,357.0
508.0,easyBike_forward4.1,easyBike,waiting,,0.0,0.0,336.0
508.0,easyBike_forward1.2,easyBike,waiting,,0.0,0.0,313.0
509.0,easyBike_forward4.0,easyBike,charging,411.0,25.77,20.0,
509.0,easyBike_forward2.0,easyBike,charging,418.0,25.73,20.0,
509.0,easyBike_forward1.0,easyBike,charging,414.0,25.76,20.0,
509.0,easyBike_forward1.1,easyBike,charging,366.0,25.87,20.0,
509.0,easyBike_forward2.1,easyBike,waiting,,0.0,0.0,358.0
509.0,easyBike_forward4.1,easyBike,waiting,,0.0,0.0,337.0
509.0,easyBike_forward1.2,easyBike,waiting,,0.0,0.0,314.0
510.0,easyBike_forward4.0,easyBike,charging,412.0,25.77,20.0,
510.0,easyBike_forward2.0,easyBike,charging,419.0,25.73,20.0,
510.0,easyBike_forward1.0,easyBike,charging,415.0,25.76,20.0,
510.0,easyBike_forward1.1,easyBike,charging,367.0,25.86,20.0,
510.0,easyBike_forward2.1,easyBike,waiting,,0.0,0.0,359.0
510.0,easyBike_forward4.1,easyBike,waiting,,0.0,0.0,338.0
510.0,easyBike_forward1.2,easyBike,waiting,,0.0,0.0,315.0
511.0,easyBike_forward4.0,easyBike,charging,413.0,25.77,20.0,
511.0,easyBike_forward2.0,easyBike,charging,420.0,25.73,20.0,
511.0,easyBike_forward1.0,easyBike,charging,416.0,25.76,20.0,
511.0,easyBike_forward1.1,easyBike,charging,368.0,25.86,20.0,
511.0,easyBike_forward2.1,easyBike,waiting,,0.0,0.0,360.0
511.0,easyBike_forward4.1,easyBike,waiting,,0.0,0.0,339.0
511.0,easyBike_forward1.2,easyBike,waiting,,0.0,0.0,316.0
512.0,easyBike_forward4.0,easyBike,charging,414.0,25.77,20.0,
512.0,easyBike_forward2.0,easyBike,charging,421.0,25.72,20.0,
512.0,easyBike_forward1.0,easyBike,charging,417.0,25.75,20.0,
512.0,easyBike_forward1.1,easyBike,charging,369.0,25.86,20.0,
512.0,easyBike_forward2.1,easyBike,waiting,,0.0,0.0,361.0
512.0,easyBike_forward4.1,easyBike,waiting,,0.0,0.0,340.0
512.0,easyBike_forward1.2,easyBike,waiting,,0.0,0.0,317.0
513.0,easyBike_forward4.0,easyBike,charging,415.0,25.76,20.0,
513.0,easyBike_forward2.0,easyBike,charging,422.0,25.72,20.0,
513.0,easyBike_forward1.0,easyBike,charging,418.0,25.75,20.0,
513.0,easyBike_forward1.1,easyBike,charging,370.0,25.86,20.0,
513.0,easyBike_forward2.1,easyBike,waiting,,0.0,0.0,362.0
513.0,easyBike_forward4.1,easyBike,waiting,,0.0,0.0,341.0
513.0,easyBike_forward1.2,easyBike,waiting,,0.0,0.0,318.0
514.0,easyBike_forward4.0,easyBike,charging,416.0,25.76,20.0,
514.0,easyBike_forward2.0,easyBike,charging,423.0,25.72,20.0,
514.0,easyBike_forward1.0,easyBike,charging,419.0,25.75,20.0,
514.0,easyBike_forward1.1,easyBike,charging,371.0,25.86,20.0,
514.0,easyBike_forward2.1,easyBike,waiting,,0.0,0.0,363.0
514.0,easyBike_forward4.1,easyBike,waiting,,0.0,0.0,342.0
514.0,easyBike_forward1.2,easyBike,waiting,,0.0,0.0,319.0
515.0,easyBike_forward4.0,easyBike,charging,417.0,25.76,20.0,
515.0,easyBike_forward2.0,easyBike,charging,424.0,25.72,20.0,
515.0,easyBike_forward1.0,easyBike,charging,420.0,25.75,20.0,
515.0,easyBike_forward1.1,easyBike,charging,372.0,25.85,20.0,
515.0,easyBike_forward2.1,easyBike,waiting,,0.0,0.0,364.0
515.0,easyBike_forward4.1,easyBike,waiting,,0.0,0.0,343.0
515.0,easyBike_forward1.2,easyBike,waiting,,0.0,0.0,320.0
516.0,easyBike_forward4.0,easyBike,charging,418.0,25.76,20.0,
516.0,easyBike_forward2.0,easyBike,charging,425.0,25.71,20.0,
516.0,easyBike_forward1.0,easyBike,charging,421.0,25.74,20.0,
516.0,easyBike_forward1.1,easyBike,charging,373.0,25.85,20.0,
516.0,easyBike_forward2.1,easyBike,waiting,,0.0,0.0,365.0
516.0,easyBike_forward4.1,easyBike,waiting,,0.0,0.0,344.0
516.0,easyBike_forward1.2,easyBike,waiting,,0.0,0.0,321.0
517.0,easyBike_forward4.0,easyBike,charging,419.0,25.76,20.0,
517.0,easyBike_forward2.0,easyBike,charging,426.0,25.71,20.0,
517.0,easyBike_forward1.0,easyBike,charging,422.0,25.74,20.0,
517.0,easyBike_forward1.1,easyBike,charging,374.0,25.85,20.0,
517.0,easyBike_forward2.1,easyBike,waiting,,0.0,0.0,366.0
517.0,easyBike_forward4.1,easyBike,waiting,,0.0,0.0,345.0
517.0,easyBike_forward1.2,easyBike,waiting,,0.0,0.0,322.0
518.0,easyBike_forward4.0,easyBike,charging,420.0,25.75,20.0,
518.0,easyBike_forward2.0,easyBike,charging,427.0,25.71,20.0,
518.0,easyBike_forward1.0,easyBike,charging,423.0,25.74,20.0,
518.0,easyBike_forward1.1,easyBike,charging,375.0,25.85,20.0,
518.0,easyBike_forward2.1,easyBike,waiting,,0.0,0.0,367.0
518.0,easyBike_forward4.1,easyBike,waiting,,0.0,0.0,346.0
518.0,easyBike_forward1.2,easyBike,waiting,,0.0,0.0,323.0
519.0,easyBike_forward4.0,easyBike,charging,421.0,25.75,20.0,
519.0,easyBike_forward2.0,easyBike,charging,428.0,25.72,20.0,
519.0,easyBike_forward1.0,easyBike,charging,424.0,25.74,20.0,
519.0,easyBike_forward1.1,easyBike,charging,376.0,25.84,20.0,
519.0,easyBike_forward2.1,easyBike,waiting,,0.0,0.0,368.0
519.0,easyBike_forward4.1,easyBike,waiting,,0.0,0.0,347.0
519.0,easyBike_forward1.2,easyBike,waiting,,0.0,0.0,324.0
520.0,easyBike_forward4.0,easyBike,charging,422.0,25.75,20.0,
520.0,easyBike_forward2.0,easyBike,charging,429.0,25.72,20.0,
520.0,easyBike_forward1.0,easyBike,charging,425.0,25.74,20.0,
520.0,easyBike_forward1.1,easyBike,charging,377.0,25.84,20.0,
520.0,easyBike_forward2.1,easyBike,waiting,,0.0,0.0,369.0
520.0,easyBike_forward4.1,easyBike,waiting,,0.0,0.0,348.0
520.0,easyBike_forward1.2,easyBike,waiting,,0.0,0.0,325.0
521.0,easyBike_forward4.0,easyBike,charging,423.0,25.75,20.0,
521.0,easyBike_forward2.0,easyBike,charging,430.0,25.71,20.0,
521.0,easyBike_forward1.0,easyBike,charging,426.0,25.74,20.0,
521.0,easyBike_forward1.1,easyBike,charging,378.0,25.84,20.0,
521.0,easyBike_forward2.1,easyBike,waiting,,0.0,0.0,370.0
521.0,easyBike_forward4.1,easyBike,waiting,,0.0,0.0,349.0
521.0,easyBike_forward1.2,easyBike,waiting,,0.0,0.0,326.0
522.0,easyBike_forward4.0,easyBike,charging,424.0,25.74,20.0,
522.0,easyBike_forward2.0,easyBike,charging,431.0,25.7,20.0,
522.0,easyBike_forward1.0,easyBike,charging,427.0,25.75,20.0,
522.0,easyBike_forward1.1,easyBike,charging,379.0,25.84,20.0,
522.0,easyBike_forward2.1,easyBike,waiting,,0.0,0.0,371.0
522.0,easyBike_forward4.1,easyBike,waiting,,0.0,0.0,350.0
522.0,easyBike_forward1.2,easyBike,waiting,,0.0,0.0,327.0
523.0,easyBike_forward4.0,easyBike,charging,425.0,25.74,20.0,
523.0,easyBike_forward2.0,easyBike,charging,432.0,25.69,20.0,
523.0,easyBike_forward1.0,easyBike,charging,428.0,25.75,20.0,
523.0,easyBike_forward1.1,easyBike,charging,380.0,25.83,20.0,
523.0,easyBike_forward2.1,easyBike,waiting,,0.0,0.0,372.0
523.0,easyBike_forward4.1,easyBike,waiting,,0.0,0.0,351.0
523.0,easyBike_forward1.2,easyBike,waiting,,0.0,0.0,328.0
524.0,easyBike_forward4.0,easyBike,charging,426.0,25.74,20.0,
524.0,easyBike_forward2.0,easyBike,charging,433.0,25.68,20.0,
524.0,easyBike_forward1.0,easyBike,charging,429.0,25.75,20.0,
524.0,easyBike_forward1.1,easyBike,charging,381.0,25.83,20.0,
524.0,easyBike_forward2.1,easyBike,waiting,,0.0,0.0,373.0
524.0,easyBike_forward4.1,easyBike,waiting,,0.0,0.0,352.0
524.0,easyBike_forward1.2,easyBike,waiting,,0.0,0.0,329.0
525.0,easyBike_forward4.0,easyBike,charging,427.0,25.74,20.0,
525.0,easyBike_forward2.0,easyBike,charging,434.0,25.68,20.0,
525.0,easyBike_forward1.0,easyBike,charging,430.0,25.75,20.0,
525.0,easyBike_forward1.1,easyBike,charging,382.0,25.83,20.0,
525.0,easyBike_forward2.1,easyBike,waiting,,0.0,0.0,374.0
525.0,easyBike_forward4.1,easyBike,waiting,,0.0,0.0,353.0
525.0,easyBike_forward1.2,easyBike,waiting,,0.0,0.0,330.0
526.0,easyBike_forward4.0,easyBike,charging,428.0,25.73,20.0,
526.0,easyBike_forward2.0,easyBike,charging,435.0,25.67,20.0,
526.0,easyBike_forward1.0,easyBike,charging,431.0,25.75,20.0,
526.0,easyBike_forward1.1,easyBike,charging,383.0,25.83,20.0,
526.0,easyBike_forward2.1,easyBike,waiting,,0.0,0.0,375.0
526.0,easyBike_forward4.1,easyBike,waiting,,0.0,0.0,354.0
526.0,easyBike_forward1.2,easyBike,waiting,,0.0,0.0,331.0
527.0,easyBike_forward4.0,easyBike,charging,429.0,25.73,20.0,
527.0,easyBike_forward2.0,easyBike,charging,436.0,25.67,20.0,
527.0,easyBike_forward1.0,easyBike,charging,432.0,25.75,20.0,
527.0,easyBike_forward1.1,easyBike,charging,384.0,25.83,20.0,
527.0,easyBike_forward2.1,easyBike,waiting,,0.0,0.0,376.0
527.0,easyBike_forward4.1,easyBike,waiting,,0.0,0.0,355.0
527.0,easyBike_forward1.2,easyBike,waiting,,0.0,0.0,332.0
528.0,easyBike_forward4.0,easyBike,charging,430.0,25.73,20.0,
528.0,easyBike_forward2.0,easyBike,charging,437.0,25.67,20.0,
528.0,easyBike_forward1.0,easyBike,charging,433.0,25.75,20.0,
528.0,easyBike_forward1.1,easyBike,charging,385.0,25.82,20.0,
528.0,easyBike_forward2.1,easyBike,waiting,,0.0,0.0,377.0
528.0,easyBike_forward4.1,easyBike,waiting,,0.0,0.0,356.0
528.0,easyBike_forward1.2,easyBike,waiting,,0.0,0.0,333.0
529.0,easyBike_forward4.0,easyBike,charging,431.0,25.73,20.0,
529.0,easyBike_forward2.0,easyBike,charging,438.0,25.67,20.0,
529.0,easyBike_forward1.0,easyBike,charging,434.0,25.75,20.0,
529.0,easyBike_forward1.1,easyBike,charging,386.0,25.82,20.0,
529.0,easyBike_forward2.1,easyBike,waiting,,0.0,0.0,378.0
529.0,easyBike_forward4.1,easyBike,waiting,,0.0,0.0,357.0
529.0,easyBike_forward1.2,easyBike,waiting,,0.0,0.0,334.0
530.0,easyBike_forward4.0,easyBike,charging,432.0,25.73,20.0,
530.0,easyBike_forward2.0,easyBike,charging,439.0,25.67,20.0,
530.0,easyBike_forward1.0,easyBike,charging,435.0,25.75,20.0,
530.0,easyBike_forward1.1,easyBike,charging,387.0,25.82,20.0,
530.0,easyBike_forward2.1,easyBike,waiting,,0.0,0.0,379.0
530.0,easyBike_forward4.1,easyBike,waiting,,0.0,0.0,358.0
530.0,easyBike_forward1.2,easyBike,waiting,,0.0,0.0,335.0
531.0,easyBike_forward4.0,easyBike,charging,433.0,25.72,20.0,
531.0,easyBike_forward2.0,easyBike,charging,440.0,25.66,20.0,
531.0,easyBike_forward1.0,easyBike,charging,436.0,25.75,20.0,
531.0,easyBike_forward1.1,easyBike,charging,388.0,25.82,20.0,
531.0,easyBike_forward2.1,easyBike,waiting,,0.0,0.0,380.0
531.0,easyBike_forward4.1,easyBike,waiting,,0.0,0.0,359.0
531.0,easyBike_forward1.2,easyBike,waiting,,0.0,0.0,336.0
532.0,easyBike_forward4.0,easyBike,charging,434.0,25.72,20.0,
532.0,easyBike_forward2.0,easyBike,charging,441.0,25.66,20.0,
532.0,easyBike_forward1.0,easyBike,charging,437.0,25.75,20.0,
532.0,easyBike_forward1.1,easyBike,charging,389.0,25.81,20.0,
532.0,easyBike_forward2.1,easyBike,waiting,,0.0,0.0,381.0
532.0,easyBike_forward4.1,easyBike,waiting,,0.0,0.0,360.0
532.0,easyBike_forward1.2,easyBike,waiting,,0.0,0.0,337.0
533.0,easyBike_forward4.0,easyBike,charging,435.0,25.72,20.0,
533.0,easyBike_forward2.0,easyBike,charging,442.0,25.66,20.0,
533.0,easyBike_forward1.0,easyBike,charging,438.0,25.75,20.0,
533.0,easyBike_forward1.1,easyBike,charging,390.0,25.81,20.0,
533.0,easyBike_forward2.1,easyBike,waiting,,0.0,0.0,382.0
533.0,easyBike_forward4.1,easyBike,waiting,,0.0,0.0,361.0
533.0,easyBike_forward1.2,easyBike,waiting,,0.0,0.0,338.0
534.0,easyBike_forward4.0,easyBike,charging,436.0,25.73,20.0,
534.0,easyBike_forward2.0,easyBike,charging,443.0,25.66,20.0,
534.0,easyBike_forward1.0,easyBike,charging,439.0,25.75,20.0,
534.0,easyBike_forward1.1,easyBike,charging,391.0,25.81,20.0,
534.0,easyBike_forward2.1,easyBike,waiting,,0.0,0.0,383.0
534.0,easyBike_forward4.1,easyBike,waiting,,0.0,0.0,362.0
534.0,easyBike_forward1.2,easyBike,waiting,,0.0,0.0,339.0
535.0,easyBike_forward4.0,easyBike,charging,437.0,25.73,20.0,
535.0,easyBike_forward2.0,easyBike,charging,444.0,25.65,20.0,
535.0,easyBike_forward1.0,easyBike,charging,440.0,25.75,20.0,
535.0,easyBike_forward1.1,easyBike,charging,392.0,25.81,20.0,
535.0,easyBike_forward2.1,easyBike,waiting,,0.0,0.0,384.0
535.0,easyBike_forward4.1,easyBike,waiting,,0.0,0.0,363.0
535.0,easyBike_forward1.2,easyBike,waiting,,0.0,0.0,340.0
536.0,easyBike_forward4.0,easyBike,charging,438.0,25.73,20.0,
536.0,easyBike_forward2.0,easyBike,charging,445.0,25.65,20.0,
536.0,easyBike_forward1.0,easyBike,charging,441.0,25.75,20.0,
536.0,easyBike_forward1.1,easyBike,charging,393.0,25.8,20.0,
536.0,easyBike_forward2.1,easyBike,waiting,,0.0,0.0,385.0
536.0,easyBike_forward4.1,easyBike,waiting,,0.0,0.0,364.0
536.0,easyBike_forward1.2,easyBike,waiting,,0.0,0.0,341.0
537.0,easyBike_forward4.0,easyBike,charging,439.0,25.72,20.0,
537.0,easyBike_forward2.0,easyBike,charging,446.0,25.65,20.0,
537.0,easyBike_forward1.0,easyBike,charging,442.0,25.75,20.0,
537.0,easyBike_forward1.1,easyBike,charging,394.0,25.8,20.0,
537.0,easyBike_forward2.1,easyBike,waiting,,0.0,0.0,386.0
537.0,easyBike_forward4.1,easyBike,waiting,,0.0,0.0,365.0
537.0,easyBike_forward1.2,easyBike,waiting,,0.0,0.0,342.0
538.0,easyBike_forward4.0,easyBike,charging,440.0,25.71,20.0,
538.0,easyBike_forward2.0,easyBike,charging,447.0,25.65,20.0,
538.0,easyBike_forward1.0,easyBike,charging,443.0,25.75,20.0,
538.0,easyBike_forward1.1,easyBike,charging,395.0,25.8,20.0,
538.0,easyBike_forward2.1,easyBike,waiting,,0.0,0.0,387.0
538.0,easyBike_forward4.1,easyBike,waiting,,0.0,0.0,366.0
538.0,easyBike_forward1.2,easyBike,waiting,,0.0,0.0,343.0
539.0,easyBike_forward4.0,easyBike,charging,441.0,25.71,20.0,
539.0,easyBike_forward2.0,easyBike,charging,448.0,25.64,20.0,
539.0,easyBike_forward1.0,easyBike,charging,444.0,25.75,20.0,
539.0,easyBike_forward1.1,easyBike,charging,396.0,25.8,20.0,
539.0,easyBike_forward2.1,easyBike,waiting,,0.0,0.0,388.0
539.0,easyBike_forward4.1,easyBike,waiting,,0.0,0.0,367.0
539.0,easyBike_forward1.2,easyBike,waiting,,0.0,0.0,344.0
540.0,easyBike_forward4.0,easyBike,charging,442.0,25.7,20.0,
540.0,easyBike_forward2.0,easyBike,charging,449.0,25.64,20.0,
540.0,easyBike_forward1.0,easyBike,charging,445.0,25.75,20.0,
540.0,easyBike_forward1.1,easyBike,charging,397.0,25.8,20.0,
540.0,easyBike_forward2.1,easyBike,waiting,,0.0,0.0,389.0
540.0,easyBike_forward4.1,easyBike,waiting,,0.0,0.0,368.0
540.0,easyBike_forward1.2,easyBike,waiting,,0.0,0.0,345.0
541.0,easyBike_forward4.0,easyBike,charging,443.0,25.69,20.0,
541.0,easyBike_forward2.0,easyBike,charging,450.0,25.64,20.0,
541.0,easyBike_forward1.0,easyBike,charging,446.0,25.75,20.0,
541.0,easyBike_forward1.1,easyBike,charging,398.0,25.79,20.0,
541.0,easyBike_forward2.1,easyBike,waiting,,0.0,0.0,390.0
541.0,easyBike_forward4.1,easyBike,waiting,,0.0,0.0,369.0
541.0,easyBike_forward1.2,easyBike,waiting,,0.0,0.0,346.0
542.0,easyBike_forward4.0,easyBike,charging,444.0,25.68,20.0,
542.0,easyBike_forward2.0,easyBike,charging,451.0,25.64,20.0,
542.0,easyBike_forward1.0,easyBike,charging,447.0,25.74,20.0,
542.0,easyBike_forward1.1,easyBike,charging,399.0,25.79,20.0,
542.0,easyBike_forward2.1,easyBike,waiting,,0.0,0.0,391.0
542.0,easyBike_forward4.1,easyBike,waiting,,0.0,0.0,370.0
542.0,easyBike_forward1.2,easyBike,waiting,,0.0,0.0,347.0
543.0,easyBike_forward4.0,easyBike,charging,445.0,25.68,20.0,
543.0,easyBike_forward2.0,easyBike,charging,452.0,25.63,20.0,
543.0,easyBike_forward1.0,easyBike,charging,448.0,25.74,20.0,
543.0,easyBike_forward1.1,easyBike,charging,400.0,25.79,20.0,
543.0,easyBike_forward2.1,easyBike,waiting,,0.0,0.0,392.0
543.0,easyBike_forward4.1,easyBike,waiting,,0.0,0.0,371.0
543.0,easyBike_forward1.2,easyBike,waiting,,0.0,0.0,348.0
544.0,easyBike_forward4.0,easyBike,charging,446.0,25.68,20.0,
544.0,easyBike_forward2.0,easyBike,charging,453.0,25.63,20.0,
544.0,easyBike_forward1.0,easyBike,charging,449.0,25.74,20.0,
544.0,easyBike_forward1.1,easyBike,charging,401.0,25.79,20.0,
544.0,easyBike_forward2.1,easyBike,waiting,,0.0,0.0,393.0
544.0,easyBike_forward4.1,easyBike,waiting,,0.0,0.0,372.0
544.0,easyBike_forward1.2,easyBike,waiting,,0.0,0.0,349.0
545.0,easyBike_forward4.0,easyBike,charging,447.0,25.68,20.0,
545.0,easyBike_forward2.0,easyBike,charging,454.0,25.63,20.0,
545.0,easyBike_forward1.0,easyBike,charging,450.0,25.74,20.0,
545.0,easyBike_forward1.1,easyBike,charging,402.0,25.79,20.0,
545.0,easyBike_forward2.1,easyBike,waiting,,0.0,0.0,394.0
545.0,easyBike_forward4.1,easyBike,waiting,,0.0,0.0,373.0
545.0,easyBike_forward1.2,easyBike,waiting,,0.0,0.0,350.0
546.0,easyBike_forward4.0,easyBike,charging,448.0,25.68,20.0,
546.0,easyBike_forward2.0,easyBike,charging,455.0,25.63,20.0,
546.0,easyBike_forward1.0,easyBike,charging,451.0,25.73,20.0,
546.0,easyBike_forward1.1,easyBike,charging,403.0,25.78,20.0,
546.0,easyBike_forward2.1,easyBike,waiting,,0.0,0.0,395.0
546.0,easyBike_forward4.1,easyBike,waiting,,0.0,0.0,374.0
546.0,easyBike_forward1.2,easyBike,waiting,,0.0,0.0,351.0
547.0,easyBike_forward4.0,easyBike,charging,449.0,25.67,20.0,
547.0,easyBike_forward2.0,easyBike,charging,456.0,25.63,20.0,
547.0,easyBike_forward1.0,easyBike,charging,452.0,25.73,20.0,
547.0,easyBike_forward1.1,easyBike,charging,404.0,25.77,20.0,
547.0,easyBike_forward2.1,easyBike,waiting,,0.0,0.0,396.0
547.0,easyBike_forward4.1,easyBike,waiting,,0.0,0.0,375.0
547.0,easyBike_forward1.2,easyBike,waiting,,0.0,0.0,352.0
548.0,easyBike_forward4.0,easyBike,charging,450.0,25.67,20.0,
548.0,easyBike_forward2.0,easyBike,charging,457.0,25.62,20.0,
548.0,easyBike_forward1.0,easyBike,charging,453.0,25.72,20.0,
548.0,easyBike_forward1.1,easyBike,charging,405.0,25.77,20.0,
548.0,easyBike_forward2.1,easyBike,waiting,,0.0,0.0,397.0
548.0,easyBike_forward4.1,easyBike,waiting,,0.0,0.0,376.0
548.0,easyBike_forward1.2,easyBike,waiting,,0.0,0.0,353.0
549.0,easyBike_forward4.0,easyBike,charging,451.0,25.67,20.0,
549.0,easyBike_forward2.0,easyBike,charging,458.0,25.62,20.0,
549.0,easyBike_forward1.0,easyBike,charging,454.0,25.71,20.0,
549.0,easyBike_forward1.1,easyBike,charging,406.0,25.77,20.0,
549.0,easyBike_forward2.1,easyBike,waiting,,0.0,0.0,398.0
549.0,easyBike_forward4.1,easyBike,waiting,,0.0,0.0,377.0
549.0,easyBike_forward1.2,easyBike,waiting,,0.0,0.0,354.0
550.0,easyBike_forward4.0,easyBike,charging,452.0,25.67,20.0,
550.0,easyBike_forward2.0,easyBike,charging,459.0,25.62,20.0,
550.0,easyBike_forward1.0,easyBike,charging,455.0,25.7,20.0,
550.0,easyBike_forward1.1,easyBike,charging,407.0,25.77,20.0,
550.0,easyBike_forward2.1,easyBike,waiting,,0.0,0.0,399.0
550.0,easyBike_forward4.1,easyBike,waiting,,0.0,0.0,378.0
550.0,easyBike_forward1.2,easyBike,waiting,,0.0,0.0,355.0
551.0,easyBike_forward4.0,easyBike,charging,453.0,25.66,20.0,
551.0,easyBike_forward2.0,easyBike,charging,460.0,25.62,20.0,
551.0,easyBike_forward1.0,easyBike,charging,456.0,25.7,20.0,
551.0,easyBike_forward1.1,easyBike,charging,408.0,25.76,20.0,
551.0,easyBike_forward2.1,easyBike,waiting,,0.0,0.0,400.0
551.0,easyBike_forward4.1,easyBike,waiting,,0.0,0.0,379.0
551.0,easyBike_forward1.2,easyBike,waiting,,0.0,0.0,356.0
552.0,easyBike_forward4.0,easyBike,charging,454.0,25.66,20.0,
552.0,easyBike_forward2.0,easyBike,charging,461.0,25.61,20.0,
552.0,easyBike_forward1.0,easyBike,charging,457.0,25.69,20.0,
552.0,easyBike_forward1.1,easyBike,charging,409.0,25.76,20.0,
552.0,easyBike_forward2.1,easyBike,waiting,,0.0,0.0,401.0
552.0,easyBike_forward4.1,easyBike,waiting,,0.0,0.0,380.0
552.0,easyBike_forward1.2,easyBike,waiting,,0.0,0.0,357.0
553.0,easyBike_forward4.0,easyBike,charging,455.0,25.66,20.0,
553.0,easyBike_forward2.0,easyBike,charging,462.0,25.61,20.0,
553.0,easyBike_forward1.0,easyBike,charging,458.0,25.69,20.0,
553.0,easyBike_forward1.1,easyBike,charging,410.0,25.76,20.0,
553.0,easyBike_forward2.1,easyBike,waiting,,0.0,0.0,402.0
553.0,easyBike_forward4.1,easyBike,waiting,,0.0,0.0,381.0
553.0,easyBike_forward1.2,easyBike,waiting,,0.0,0.0,358.0
554.0,easyBike_forward4.0,easyBike,charging,456.0,25.66,20.0,
554.0,easyBike_forward2.0,easyBike,charging,463.0,25.61,20.0,
554.0,easyBike_forward1.0,easyBike,charging,459.0,25.69,20.0,
554.0,easyBike_forward1.1,easyBike,charging,411.0,25.76,20.0,
554.0,easyBike_forward2.1,easyBike,waiting,,0.0,0.0,403.0
554.0,easyBike_forward4.1,easyBike,waiting,,0.0,0.0,382.0
554.0,easyBike_forward1.2,easyBike,waiting,,0.0,0.0,359.0
555.0,easyBike_forward4.0,easyBike,charging,457.0,25.66,20.0,
555.0,easyBike_forward2.0,easyBike,charging,464.0,25.61,20.0,
555.0,easyBike_forward1.0,easyBike,charging,460.0,25.69,20.0,
555.0,easyBike_forward1.1,easyBike,charging,412.0,25.75,20.0,
555.0,easyBike_forward2.1,easyBike,waiting,,0.0,0.0,404.0
555.0,easyBike_forward4.1,easyBike,waiting,,0.0,0.0,383.0
555.0,easyBike_forward1.2,easyBike,waiting,,0.0,0.0,360.0
556.0,easyBike_forward4.0,easyBike,charging,458.0,25.65,20.0,
556.0,easyBike_forward2.0,easyBike,charging,465.0,25.6,20.0,
556.0,easyBike_forward1.0,easyBike,charging,461.0,25.69,20.0,
556.0,easyBike_forward1.1,easyBike,charging,413.0,25.75,20.0,
556.0,easyBike_forward2.1,easyBike,waiting,,0.0,0.0,405.0
556.0,easyBike_forward4.1,easyBike,waiting,,0.0,0.0,384.0
556.0,easyBike_forward1.2,easyBike,waiting,,0.0,0.0,361.0
557.0,easyBike_forward4.0,easyBike,charging,459.0,25.65,20.0,
557.0,easyBike_forward2.0,easyBike,charging,466.0,25.6,20.0,
557.0,easyBike_forward1.0,easyBike,charging,462.0,25.68,20.0,
557.0,easyBike_forward1.1,easyBike,charging,414.0,25.75,20.0,
557.0,easyBike_forward2.1,easyBike,waiting,,0.0,0.0,406.0
557.0,easyBike_forward4.1,easyBike,waiting,,0.0,0.0,385.0
557.0,easyBike_forward1.2,easyBike,waiting,,0.0,0.0,362.0
558.0,easyBike_forward4.0,easyBike,charging,460.0,25.65,20.0,
558.0,easyBike_forward2.0,easyBike,charging,467.0,25.6,20.0,
558.0,easyBike_forward1.0,easyBike,charging,463.0,25.68,20.0,
558.0,easyBike_forward1.1,easyBike,charging,415.0,25.75,20.0,
558.0,easyBike_forward2.1,easyBike,waiting,,0.0,0.0,407.0
558.0,easyBike_forward4.1,easyBike,waiting,,0.0,0.0,386.0
558.0,easyBike_forward1.2,easyBike,waiting,,0.0,0.0,363.0
559.0,easyBike_forward4.0,easyBike,charging,461.0,25.65,20.0,
559.0,easyBike_forward2.0,easyBike,charging,468.0,25.6,20.0,
559.0,easyBike_forward1.0,easyBike,charging,464.0,25.68,20.0,
559.0,easyBike_forward1.1,easyBike,charging,416.0,25.74,20.0,
559.0,easyBike_forward2.1,easyBike,waiting,,0.0,0.0,408.0
559.0,easyBike_forward4.1,easyBike,waiting,,0.0,0.0,387.0
559.0,easyBike_forward1.2,easyBike,waiting,,0.0,0.0,364.0
560.0,easyBike_forward4.0,easyBike,charging,462.0,25.64,20.0,
560.0,easyBike_forward2.0,easyBike,charging,469.0,25.6,20.0,
560.0,easyBike_forward1.0,easyBike,charging,465.0,25.67,20.0,
560.0,easyBike_forward1.1,easyBike,charging,417.0,25.74,20.0,
560.0,easyBike_forward2.1,easyBike,waiting,,0.0,0.0,409.0
560.0,easyBike_forward4.1,easyBike,waiting,,0.0,0.0,388.0
560.0,easyBike_forward1.2,easyBike,waiting,,0.0,0.0,365.0
561.0,easyBike_forward4.0,easyBike,charging,463.0,25.64,20.0,
561.0,easyBike_forward2.0,easyBike,charging,470.0,25.59,20.0,
561.0,easyBike_forward1.0,easyBike,charging,466.0,25.66,20.0,
561.0,easyBike_forward1.1,easyBike,charging,418.0,25.74,20.0,
561.0,easyBike_forward2.1,easyBike,waiting,,0.0,0.0,410.0
561.0,easyBike_forward4.1,easyBike,waiting,,0.0,0.0,389.0
561.0,easyBike_forward1.2,easyBike,waiting,,0.0,0.0,366.0
562.0,easyBike_forward4.0,easyBike,charging,464.0,25.64,20.0,
562.0,easyBike_forward2.0,easyBike,charging,471.0,25.59,20.0,
562.0,easyBike_forward1.0,easyBike,charging,467.0,25.65,20.0,
562.0,easyBike_forward1.1,easyBike,charging,419.0,25.74,20.0,
562.0,easyBike_forward2.1,easyBike,waiting,,0.0,0.0,411.0
562.0,easyBike_forward4.1,easyBike,waiting,,0.0,0.0,390.0
562.0,easyBike_forward1.2,easyBike,waiting,,0.0,0.0,367.0
563.0,easyBike_forward4.0,easyBike,charging,465.0,25.64,20.0,
563.0,easyBike_forward2.0,easyBike,charging,472.0,25.59,20.0,
563.0,easyBike_forward1.0,easyBike,charging,468.0,25.65,20.0,
563.0,easyBike_forward1.1,easyBike,charging,420.0,25.73,20.0,
563.0,easyBike_forward2.1,easyBike,waiting,,0.0,0.0,412.0
563.0,easyBike_forward4.1,easyBike,waiting,,0.0,0.0,391.0
563.0,easyBike_forward1.2,easyBike,waiting,,0.0,0.0,368.0
564.0,easyBike_forward4.0,easyBike,charging,466.0,25.63,20.0,
564.0,easyBike_forward2.0,easyBike,charging,473.0,25.59,20.0,
564.0,easyBike_forward1.0,easyBike,charging,469.0,25.65,20.0,
564.0,easyBike_forward1.1,easyBike,charging,421.0,25.73,20.0,
564.0,easyBike_forward2.1,easyBike,waiting,,0.0,0.0,413.0
564.0,easyBike_forward4.1,easyBike,waiting,,0.0,0.0,392.0
564.0,easyBike_forward1.2,easyBike,waiting,,0.0,0.0,369.0
565.0,easyBike_forward4.0,easyBike,charging,467.0,25.63,20.0,
565.0,easyBike_forward2.0,easyBike,charging,474.0,25.58,20.0,
565.0,easyBike_forward1.0,easyBike,charging,470.0,25.65,20.0,
565.0,easyBike_forward1.1,easyBike,charging,422.0,25.73,20.0,
565.0,easyBike_forward2.1,easyBike,waiting,,0.0,0.0,414.0
565.0,easyBike_forward4.1,easyBike,waiting,,0.0,0.0,393.0
565.0,easyBike_forward1.2,easyBike,waiting,,0.0,0.0,370.0
566.0,easyBike_forward4.0,easyBike,charging,468.0,25.63,20.0,
566.0,easyBike_forward2.0,easyBike,charging,475.0,25.58,20.0,
566.0,easyBike_forward1.0,easyBike,charging,471.0,25.64,20.0,
566.0,easyBike_forward1.1,easyBike,charging,423.0,25.72,20.0,
566.0,easyBike_forward2.1,easyBike,waiting,,0.0,0.0,415.0
566.0,easyBike_forward4.1,easyBike,waiting,,0.0,0.0,394.0
566.0,easyBike_forward1.2,easyBike,waiting,,0.0,0.0,371.0
567.0,easyBike_forward4.0,easyBike,charging,469.0,25.63,20.0,
567.0,easyBike_forward2.0,easyBike,charging,476.0,25.58,20.0,
567.0,easyBike_forward1.0,easyBike,charging,472.0,25.64,20.0,
567.0,easyBike_forward1.1,easyBike,charging,424.0,25.72,20.0,
567.0,easyBike_forward2.1,easyBike,waiting,,0.0,0.0,416.0
567.0,easyBike_forward4.1,easyBike,waiting,,0.0,0.0,395.0
567.0,easyBike_forward1.2,easyBike,waiting,,0.0,0.0,372.0
568.0,easyBike_forward4.0,easyBike,charging,470.0,25.62,20.0,
568.0,easyBike_forward2.0,easyBike,charging,477.0,25.58,20.0,
568.0,easyBike_forward1.0,easyBike,charging,473.0,25.64,20.0,
568.0,easyBike_forward1.1,easyBike,charging,425.0,25.72,20.0,
568.0,easyBike_forward2.1,easyBike,waiting,,0.0,0.0,417.0
568.0,easyBike_forward4.1,easyBike,waiting,,0.0,0.0,396.0
568.0,easyBike_forward1.2,easyBike,waiting,,0.0,0.0,373.0
569.0,easyBike_forward4.0,easyBike,charging,471.0,25.62,20.0,
569.0,easyBike_forward2.0,easyBike,charging,478.0,25.57,20.0,
569.0,easyBike_forward1.0,easyBike,charging,474.0,25.64,20.0,
569.0,easyBike_forward1.1,easyBike,charging,426.0,25.72,20.0,
569.0,easyBike_forward2.1,easyBike,waiting,,0.0,0.0,418.0
569.0,easyBike_forward4.1,easyBike,waiting,,0.0,0.0,397.0
569.0,easyBike_forward1.2,easyBike,waiting,,0.0,0.0,374.0
570.0,easyBike_forward4.0,easyBike,charging,472.0,25.62,20.0,
570.0,easyBike_forward2.0,easyBike,charging,479.0,25.57,20.0,
570.0,easyBike_forward1.0,easyBike,charging,475.0,25.63,20.0,
570.0,easyBike_forward1.1,easyBike,charging,427.0,25.72,20.0,
570.0,easyBike_forward2.1,easyBike,waiting,,0.0,0.0,419.0
570.0,easyBike_forward4.1,easyBike,waiting,,0.0,0.0,398.0
570.0,easyBike_forward1.2,easyBike,waiting,,0.0,0.0,375.0
571.0,easyBike_forward4.0,easyBike,charging,473.0,25.62,20.0,
571.0,easyBike_forward2.0,easyBike,charging,480.0,25.57,20.0,
571.0,easyBike_forward1.0,easyBike,charging,476.0,25.63,20.0,
571.0,easyBike_forward1.1,easyBike,charging,428.0,25.71,20.0,
571.0,easyBike_forward2.1,easyBike,waiting,,0.0,0.0,420.0
571.0,easyBike_forward4.1,easyBike,waiting,,0.0,0.0,399.0
571.0,easyBike_forward1.2,easyBike,waiting,,0.0,0.0,376.0
572.0,easyBike_forward4.0,easyBike,charging,474.0,25.62,20.0,
572.0,easyBike_forward2.0,easyBike,charging,481.0,25.57,20.0,
572.0,easyBike_forward1.0,easyBike,charging,477.0,25.63,20.0,
572.0,easyBike_forward1.1,easyBike,charging,429.0,25.71,20.0,
572.0,easyBike_forward2.1,easyBike,waiting,,0.0,0.0,421.0
572.0,easyBike_forward4.1,easyBike,waiting,,0.0,0.0,400.0
572.0,easyBike_forward1.2,easyBike,waiting,,0.0,0.0,377.0
573.0,easyBike_forward4.0,easyBike,charging,475.0,25.61,20.0,
573.0,easyBike_forward2.0,easyBike,charging,482.0,25.56,20.0,
573.0,easyBike_forward1.0,easyBike,charging,478.0,25.63,20.0,
573.0,easyBike_forward1.1,easyBike,charging,430.0,25.71,20.0,
573.0,easyBike_forward2.1,easyBike,waiting,,0.0,0.0,422.0
573.0,easyBike_forward4.1,easyBike,waiting,,0.0,0.0,401.0
573.0,easyBike_forward1.2,easyBike,waiting,,0.0,0.0,378.0
574.0,easyBike_forward4.0,easyBike,charging,476.0,25.61,20.0,
574.0,easyBike_forward2.0,easyBike,charging,483.0,25.56,20.0,
574.0,easyBike_forward1.0,easyBike,charging,479.0,25.63,20.0,
574.0,easyBike_forward1.1,easyBike,charging,431.0,25.71,20.0,
574.0,easyBike_forward2.1,easyBike,waiting,,0.0,0.0,423.0
574.0,easyBike_forward4.1,easyBike,waiting,,0.0,0.0,402.0
574.0,easyBike_forward1.2,easyBike,waiting,,0.0,0.0,379.0
575.0,easyBike_forward4.0,easyBike,charging,477.0,25.61,20.0,
575.0,easyBike_forward2.0,easyBike,charging,484.0,25.56,20.0,
575.0,easyBike_forward1.0,easyBike,charging,480.0,25.62,20.0,
575.0,easyBike_forward1.1,easyBike,charging,432.0,25.7,20.0,
575.0,easyBike_forward2.1,easyBike,waiting,,0.0,0.0,424.0
575.0,easyBike_forward4.1,easyBike,waiting,,0.0,0.0,403.0
575.0,easyBike_forward1.2,easyBike,waiting,,0.0,0.0,380.0
576.0,easyBike_forward4.0,easyBike,charging,478.0,25.61,20.0,
576.0,easyBike_forward2.0,easyBike,charging,485.0,25.56,20.0,
576.0,easyBike_forward1.0,easyBike,charging,481.0,25.62,20.0,
576.0,easyBike_forward1.1,easyBike,charging,433.0,25.7,20.0,
576.0,easyBike_forward2.1,easyBike,waiting,,0.0,0.0,425.0
576.0,easyBike_forward4.1,easyBike,waiting,,0.0,0.0,404.0
576.0,easyBike_forward1.2,easyBike,waiting,,0.0,0.0,381.0
577.0,easyBike_forward4.0,easyBike,charging,479.0,25.6,20.0,
577.0,easyBike_forward2.0,easyBike,charging,486.0,25.56,20.0,
577.0,easyBike_forward1.0,easyBike,charging,482.0,25.62,20.0,
577.0,easyBike_forward1.1,easyBike,charging,434.0,25.7,20.0,
577.0,easyBike_forward2.1,easyBike,waiting,,0.0,0.0,426.0
577.0,easyBike_forward4.1,easyBike,waiting,,0.0,0.0,405.0
577.0,easyBike_forward1.2,easyBike,waiting,,0.0,0.0,382.0
578.0,easyBike_forward4.0,easyBike,charging,480.0,25.6,20.0,
578.0,easyBike_forward2.0,easyBike,charging,487.0,25.55,20.0,
578.0,easyBike_forward1.0,easyBike,charging,483.0,25.62,20.0,
578.0,easyBike_forward1.1,easyBike,charging,435.0,25.69,20.0,
578.0,easyBike_forward2.1,easyBike,waiting,,0.0,0.0,427.0
578.0,easyBike_forward4.1,easyBike,waiting,,0.0,0.0,406.0
578.0,easyBike_forward1.2,easyBike,waiting,,0.0,0.0,383.0
579.0,easyBike_forward4.0,easyBike,charging,481.0,25.6,20.0,
579.0,easyBike_forward2.0,easyBike,charging,488.0,25.55,20.0,
579.0,easyBike_forward1.0,easyBike,charging,484.0,25.61,20.0,
579.0,easyBike_forward1.1,easyBike,charging,436.0,25.68,20.0,
579.0,easyBike_forward2.1,easyBike,waiting,,0.0,0.0,428.0
579.0,easyBike_forward4.1,easyBike,waiting,,0.0,0.0,407.0
579.0,easyBike_forward1.2,easyBike,waiting,,0.0,0.0,384.0
580.0,easyBike_forward4.0,easyBike,charging,482.0,25.6,20.0,
580.0,easyBike_forward2.0,easyBike,charging,489.0,25.55,20.0,
580.0,easyBike_forward1.0,easyBike,charging,485.0,25.61,20.0,
580.0,easyBike_forward1.1,easyBike,charging,437.0,25.67,20.0,
580.0,easyBike_forward2.1,easyBike,waiting,,0.0,0.0,429.0
580.0,easyBike_forward4.1,easyBike,waiting,,0.0,0.0,408.0
580.0,easyBike_forward1.2,easyBike,waiting,,0.0,0.0,385.0
581.0,easyBike_forward4.0,easyBike,charging,483.0,25.6,20.0,
581.0,easyBike_forward2.0,easyBike,charging,490.0,25.55,20.0,
581.0,easyBike_forward1.0,easyBike,charging,486.0,25.61,20.0,
581.0,easyBike_forward1.1,easyBike,charging,438.0,25.67,20.0,
581.0,easyBike_forward2.1,easyBike,waiting,,0.0,0.0,430.0
581.0,easyBike_forward4.1,easyBike,waiting,,0.0,0.0,409.0
581.0,easyBike_forward1.2,easyBike,waiting,,0.0,0.0,386.0
582.0,easyBike_forward4.0,easyBike,charging,484.0,25.59,20.0,
582.0,easyBike_forward2.0,easyBike,charging,491.0,25.54,20.0,
582.0,easyBike_forward1.0,easyBike,charging,487.0,25.61,20.0,
582.0,easyBike_forward1.1,easyBike,charging,439.0,25.67,20.0,
582.0,easyBike_forward2.1,easyBike,waiting,,0.0,0.0,431.0
582.0,easyBike_forward4.1,easyBike,waiting,,0.0,0.0,410.0
582.0,easyBike_forward1.2,easyBike,waiting,,0.0,0.0,387.0
583.0,easyBike_forward4.0,easyBike,charging,485.0,25.59,20.0,
583.0,easyBike_forward2.0,easyBike,charging,492.0,25.54,20.0,
583.0,easyBike_forward1.0,easyBike,charging,488.0,25.61,20.0,
583.0,easyBike_forward1.1,easyBike,charging,440.0,25.67,20.0,
583.0,easyBike_forward2.1,easyBike,waiting,,0.0,0.0,432.0
583.0,easyBike_forward4.1,easyBike,waiting,,0.0,0.0,411.0
583.0,easyBike_forward1.2,easyBike,waiting,,0.0,0.0,388.0
584.0,easyBike_forward4.0,easyBike,charging,486.0,25.59,20.0,
584.0,easyBike_forward2.0,easyBike,charging,493.0,25.54,20.0,
584.0,easyBike_forward1.0,easyBike,charging,489.0,25.6,20.0,
584.0,easyBike_forward1.1,easyBike,charging,441.0,25.66,20.0,
584.0,easyBike_forward2.1,easyBike,waiting,,0.0,0.0,433.0
584.0,easyBike_forward4.1,easyBike,waiting,,0.0,0.0,412.0
584.0,easyBike_forward1.2,easyBike,waiting,,0.0,0.0,389.0
585.0,easyBike_forward4.0,easyBike,charging,487.0,25.59,20.0,
585.0,easyBike_forward2.0,easyBike,charging,494.0,25.54,20.0,
585.0,easyBike_forward1.0,easyBike,charging,490.0,25.6,20.0,
585.0,easyBike_forward1.1,easyBike,charging,442.0,25.66,20.0,
585.0,easyBike_forward2.1,easyBike,waiting,,0.0,0.0,434.0
585.0,easyBike_forward4.1,easyBike,waiting,,0.0,0.0,413.0
585.0,easyBike_forward1.2,easyBike,waiting,,0.0,0.0,390.0
586.0,easyBike_forward4.0,easyBike,charging,488.0,25.58,20.0,
586.0,easyBike_forward2.0,easyBike,charging,495.0,25.54,20.0,
586.0,easyBike_forward1.0,easyBike,charging,491.0,25.6,20.0,
586.0,easyBike_forward1.1,easyBike,charging,443.0,25.66,20.0,
586.0,easyBike_forward2.1,easyBike,waiting,,0.0,0.0,435.0
586.0,easyBike_forward4.1,easyBike,waiting,,0.0,0.0,414.0
586.0,easyBike_forward1.2,easyBike,waiting,,0.0,0.0,391.0
587.0,easyBike_forward4.0,easyBike,charging,489.0,25.58,20.0,
587.0,easyBike_forward2.0,easyBike,charging,496.0,25.53,20.0,
587.0,easyBike_forward1.0,easyBike,charging,492.0,25.6,20.0,
587.0,easyBike_forward1.1,easyBike,charging,444.0,25.66,20.0,
587.0,easyBike_forward2.1,easyBike,waiting,,0.0,0.0,436.0
587.0,easyBike_forward4.1,easyBike,waiting,,0.0,0.0,415.0
587.0,easyBike_forward1.2,easyBike,waiting,,0.0,0.0,392.0
588.0,easyBike_forward4.0,easyBike,charging,490.0,25.58,20.0,
588.0,easyBike_forward2.0,easyBike,charging,497.0,25.53,20.0,
588.0,easyBike_forward1.0,easyBike,charging,493.0,25.59,20.0,
588.0,easyBike_forward1.1,easyBike,charging,445.0,25.66,20.0,
588.0,easyBike_forward2.1,easyBike,waiting,,0.0,0.0,437.0
588.0,easyBike_forward4.1,easyBike,waiting,,0.0,0.0,416.0
588.0,easyBike_forward1.2,easyBike,waiting,,0.0,0.0,393.0
589.0,easyBike_forward4.0,easyBike,charging,491.0,25.58,20.0,
589.0,easyBike_forward2.0,easyBike,charging,498.0,25.53,20.0,
589.0,easyBike_forward1.0,easyBike,charging,494.0,25.59,20.0,
589.0,easyBike_forward1.1,easyBike,charging,446.0,25.65,20.0,
589.0,easyBike_forward2.1,easyBike,waiting,,0.0,0.0,438.0
589.0,easyBike_forward4.1,easyBike,waiting,,0.0,0.0,417.0
589.0,easyBike_forward1.2,easyBike,waiting,,0.0,0.0,394.0
590.0,easyBike_forward4.0,easyBike,charging,492.0,25.57,20.0,
590.0,easyBike_forward2.0,easyBike,charging,499.0,25.53,20.0,
590.0,easyBike_forward1.0,easyBike,charging,495.0,25.59,20.0,
590.0,easyBike_forward1.1,easyBike,charging,447.0,25.65,20.0,
590.0,easyBike_forward2.1,easyBike,waiting,,0.0,0.0,439.0
590.0,easyBike_forward4.1,easyBike,waiting,,0.0,0.0,418.0
590.0,easyBike_forward1.2,easyBike,waiting,,0.0,0.0,395.0
591.0,easyBike_forward4.0,easyBike,charging,493.0,25.57,20.0,
591.0,easyBike_forward2.0,easyBike,charging,500.0,25.52,20.0,
591.0,easyBike_forward1.0,easyBike,charging,496.0,25.59,20.0,
591.0,easyBike_forward1.1,easyBike,charging,448.0,25.65,20.0,
591.0,easyBike_forward2.1,easyBike,waiting,,0.0,0.0,440.0
591.0,easyBike_forward4.1,easyBike,waiting,,0.0,0.0,419.0
591.0,easyBike_forward1.2,easyBike,waiting,,0.0,0.0,396.0
592.0,easyBike_forward4.0,easyBike,charging,494.0,25.57,20.0,
592.0,easyBike_forward2.0,easyBike,charging,501.0,25.52,20.0,
592.0,easyBike_forward1.0,easyBike,charging,497.0,25.58,20.0,
592.0,easyBike_forward1.1,easyBike,charging,449.0,25.65,20.0,
592.0,easyBike_forward2.1,easyBike,waiting,,0.0,0.0,441.0
592.0,easyBike_forward4.1,easyBike,waiting,,0.0,0.0,420.0
592.0,easyBike_forward1.2,easyBike,waiting,,0.0,0.0,397.0
593.0,easyBike_forward4.0,easyBike,charging,495.0,25.57,20.0,
593.0,easyBike_forward2.0,easyBike,charging,502.0,25.52,20.0,
593.0,easyBike_forward1.0,easyBike,charging,498.0,25.58,20.0,
593.0,easyBike_forward1.1,easyBike,charging,450.0,25.64,20.0,
593.0,easyBike_forward2.1,easyBike,waiting,,0.0,0.0,442.0
593.0,easyBike_forward4.1,easyBike,waiting,,0.0,0.0,421.0
593.0,easyBike_forward1.2,easyBike,waiting,,0.0,0.0,398.0
594.0,easyBike_forward4.0,easyBike,charging,496.0,25.57,20.0,
594.0,easyBike_forward2.0,easyBike,charging,503.0,25.52,20.0,
594.0,easyBike_forward1.0,easyBike,charging,499.0,25.58,20.0,
594.0,easyBike_forward1.1,easyBike,charging,451.0,25.64,20.0,
594.0,easyBike_forward2.1,easyBike,waiting,,0.0,0.0,443.0
594.0,easyBike_forward4.1,easyBike,waiting,,0.0,0.0,422.0
594.0,easyBike_forward1.2,easyBike,waiting,,0.0,0.0,399.0
595.0,easyBike_forward4.0,easyBike,charging,497.0,25.56,20.0,
595.0,easyBike_forward2.0,easyBike,charging,504.0,25.52,20.0,
595.0,easyBike_forward1.0,easyBike,charging,500.0,25.58,20.0,
595.0,easyBike_forward1.1,easyBike,charging,452.0,25.64,20.0,
595.0,easyBike_forward2.1,easyBike,waiting,,0.0,0.0,444.0
595.0,easyBike_forward4.1,easyBike,waiting,,0.0,0.0,423.0
595.0,easyBike_forward1.2,easyBike,waiting,,0.0,0.0,400.0
596.0,easyBike_forward4.0,easyBike,charging,498.0,25.56,20.0,
596.0,easyBike_forward2.0,easyBike,charging,505.0,25.51,20.0,
596.0,easyBike_forward1.0,easyBike,charging,501.0,25.57,20.0,
596.0,easyBike_forward1.1,easyBike,charging,453.0,25.64,20.0,
596.0,easyBike_forward2.1,easyBike,waiting,,0.0,0.0,445.0
596.0,easyBike_forward4.1,easyBike,waiting,,0.0,0.0,424.0
596.0,easyBike_forward1.2,easyBike,waiting,,0.0,0.0,401.0
597.0,easyBike_forward4.0,easyBike,charging,499.0,25.56,20.0,
597.0,easyBike_forward2.0,easyBike,charging,506.0,25.51,20.0,
597.0,easyBike_forward1.0,easyBike,charging,502.0,25.57,20.0,
597.0,easyBike_forward1.1,easyBike,charging,454.0,25.63,20.0,
597.0,easyBike_forward2.1,easyBike,waiting,,0.0,0.0,446.0
597.0,easyBike_forward4.1,easyBike,waiting,,0.0,0.0,425.0
597.0,easyBike_forward1.2,easyBike,waiting,,0.0,0.0,402.0
598.0,easyBike_forward4.0,easyBike,charging,500.0,25.56,20.0,
598.0,easyBike_forward2.0,easyBike,charging,507.0,25.51,20.0,
598.0,easyBike_forward1.0,easyBike,charging,503.0,25.57,20.0,
598.0,easyBike_forward1.1,easyBike,charging,455.0,25.63,20.0,
598.0,easyBike_forward2.1,easyBike,waiting,,0.0,0.0,447.0
598.0,easyBike_forward4.1,easyBike,waiting,,0.0,0.0,426.0
598.0,easyBike_forward1.2,easyBike,waiting,,0.0,0.0,403.0
599.0,easyBike_forward4.0,easyBike,charging,501.0,25.55,20.0,
599.0,easyBike_forward2.0,easyBike,charging,508.0,25.51,20.0,
599.0,easyBike_forward1.0,easyBike,charging,504.0,25.57,20.0,
599.0,easyBike_forward1.1,easyBike,charging,456.0,25.63,20.0,
599.0,easyBike_forward2.1,easyBike,waiting,,0.0,0.0,448.0
599.0,easyBike_forward4.1,easyBike,waiting,,0.0,0.0,427.0
599.0,easyBike_forward1.2,easyBike,waiting,,0.0,0.0,404.0
600.0,easyBike_forward4.0,easyBike,charging,502.0,25.55,20.0,
600.0,easyBike_forward2.0,easyBike,charging,509.0,25.5,20.0,
600.0,easyBike_forward1.0,easyBike,charging,505.0,25.57,20.0,
600.0,easyBike_forward1.1,easyBike,charging,457.0,25.63,20.0,
600.0,easyBike_forward2.1,easyBike,waiting,,0.0,0.0,449.0
600.0,easyBike_forward4.1,easyBike,waiting,,0.0,0.0,428.0
600.0,easyBike_forward1.2,easyBike,waiting,,0.0,0.0,405.0
142.0,easyBike_reverse2.1,easyBike,charging,0.0,26.03,25.0,
143.0,easyBike_reverse2.1,easyBike,charging,1.0,26.03,25.0,
144.0,easyBike_reverse2.1,easyBike,charging,2.0,26.03,25.0,
145.0,easyBike_reverse2.1,easyBike,charging,3.0,26.03,25.0,
146.0,easyBike_reverse2.1,easyBike,charging,4.0,26.03,25.0,
147.0,easyBike_reverse2.1,easyBike,charging,5.0,26.03,25.0,
148.0,easyBike_reverse2.1,easyBike,charging,6.0,26.03,25.0,
148.0,easyBike_reverse3.1,easyBike,charging,0.0,26.03,25.0,
149.0,easyBike_reverse2.1,easyBike,charging,7.0,26.03,25.0,
149.0,easyBike_reverse3.1,easyBike,charging,1.0,26.03,25.0,
150.0,easyBike_reverse2.1,easyBike,charging,8.0,26.03,25.0,
150.0,easyBike_reverse3.1,easyBike,charging,2.0,26.03,25.0,
151.0,easyBike_reverse2.1,easyBike,charging,9.0,26.03,25.0,
151.0,easyBike_reverse3.1,easyBike,charging,3.0,26.03,25.0,
152.0,easyBike_reverse2.1,easyBike,charging,10.0,26.03,25.0,
152.0,easyBike_reverse3.1,easyBike,charging,4.0,26.03,25.0,
153.0,easyBike_reverse2.1,easyBike,charging,11.0,26.03,25.0,
153.0,easyBike_reverse3.1,easyBike,charging,5.0,26.03,25.0,
154.0,easyBike_reverse2.1,easyBike,charging,12.0,26.03,25.0,
154.0,easyBike_reverse3.1,easyBike,charging,6.0,26.03,25.0,
155.0,easyBike_reverse2.1,easyBike,charging,13.0,26.03,25.0,
155.0,easyBike_reverse3.1,easyBike,charging,7.0,26.03,25.0,
156.0,easyBike_reverse2.1,easyBike,charging,14.0,26.03,25.0,
156.0,easyBike_reverse3.1,easyBike,charging,8.0,26.03,25.0,
157.0,easyBike_reverse2.1,easyBike,charging,15.0,26.03,25.0,
157.0,easyBike_reverse3.1,easyBike,charging,9.0,26.03,25.0,
157.0,easyBike_reverse4.1,easyBike,charging,0.0,26.03,25.0,
158.0,easyBike_reverse2.1,easyBike,charging,16.0,26.03,25.0,
158.0,easyBike_reverse3.1,easyBike,charging,10.0,26.03,25.0,
158.0,easyBike_reverse4.1,easyBike,charging,1.0,26.03,25.0,
159.0,easyBike_reverse2.1,easyBike,charging,17.0,26.03,25.0,
159.0,easyBike_reverse3.1,easyBike,charging,11.0,26.03,25.0,
159.0,easyBike_reverse4.1,easyBike,charging,2.0,26.03,25.0,
160.0,easyBike_reverse2.1,easyBike,charging,18.0,26.03,25.0,
160.0,easyBike_reverse3.1,easyBike,charging,12.0,26.03,25.0,
160.0,easyBike_reverse4.1,easyBike,charging,3.0,26.03,25.0,
161.0,easyBike_reverse2.1,easyBike,charging,19.0,26.03,25.0,
161.0,easyBike_reverse3.1,easyBike,charging,13.0,26.03,25.0,
161.0,easyBike_reverse4.1,easyBike,charging,4.0,26.03,25.0,
162.0,easyBike_reverse2.1,easyBike,charging,20.0,26.03,25.0,
162.0,easyBike_reverse3.1,easyBike,charging,14.0,26.03,25.0,
162.0,easyBike_reverse4.1,easyBike,charging,5.0,26.03,25.0,
163.0,easyBike_reverse2.1,easyBike,charging,21.0,26.03,25.0,
163.0,easyBike_reverse3.1,easyBike,charging,15.0,26.03,25.0,
163.0,easyBike_reverse4.1,easyBike,charging,6.0,26.03,25.0,
164.0,easyBike_reverse2.1,easyBike,charging,22.0,26.03,25.0,
164.0,easyBike_reverse3.1,easyBike,charging,16.0,26.03,25.0,
164.0,easyBike_reverse4.1,easyBike,charging,7.0,26.03,25.0,
165.0,easyBike_reverse2.1,easyBike,charging,23.0,26.03,25.0,
165.0,easyBike_reverse3.1,easyBike,charging,17.0,26.03,25.0,
165.0,easyBike_reverse4.1,easyBike,charging,8.0,26.03,25.0,
166.0,easyBike_reverse2.1,easyBike,charging,24.0,26.03,25.0,
166.0,easyBike_reverse3.1,easyBike,charging,18.0,26.03,25.0,
166.0,easyBike_reverse4.1,easyBike,charging,9.0,26.03,25.0,
167.0,easyBike_reverse2.1,easyBike,charging,25.0,26.03,25.0,
167.0,easyBike_reverse3.1,easyBike,charging,19.0,26.03,25.0,
167.0,easyBike_reverse4.1,easyBike,charging,10.0,26.03,25.0,
168.0,easyBike_reverse2.1,easyBike,charging,26.0,26.03,25.0,
168.0,easyBike_reverse3.1,easyBike,charging,20.0,26.03,25.0,
168.0,easyBike_reverse4.1,easyBike,charging,11.0,26.03,25.0,
169.0,easyBike_reverse2.1,easyBike,charging,27.0,26.03,25.0,
169.0,easyBike_reverse3.1,easyBike,charging,21.0,26.03,25.0,
169.0,easyBike_reverse4.1,easyBike,charging,12.0,26.03,25.0,
170.0,easyBike_reverse2.1,easyBike,charging,28.0,26.03,25.0,
170.0,easyBike_reverse3.1,easyBike,charging,22.0,26.03,25.0,
170.0,easyBike_reverse4.1,easyBike,charging,13.0,26.03,25.0,
171.0,easyBike_reverse2.1,easyBike,charging,29.0,26.03,25.0,
171.0,easyBike_reverse3.1,easyBike,charging,23.0,26.03,25.0,
171.0,easyBike_reverse4.1,easyBike,charging,14.0,26.03,25.0,
172.0,easyBike_reverse2.1,easyBike,charging,30.0,26.03,25.0,
172.0,easyBike_reverse3.1,easyBike,charging,24.0,26.03,25.0,
172.0,easyBike_reverse4.1,easyBike,charging,15.0,26.03,25.0,
173.0,easyBike_reverse2.1,easyBike,charging,31.0,26.03,25.0,
173.0,easyBike_reverse3.1,easyBike,charging,25.0,26.03,25.0,
173.0,easyBike_reverse4.1,easyBike,charging,16.0,26.03,25.0,
174.0,easyBike_reverse2.1,easyBike,charging,32.0,26.03,25.0,
174.0,easyBike_reverse3.1,easyBike,charging,26.0,26.03,25.0,
174.0,easyBike_reverse4.1,easyBike,charging,17.0,26.03,25.0,
175.0,easyBike_reverse2.1,easyBike,charging,33.0,26.03,25.0,
175.0,easyBike_reverse3.1,easyBike,charging,27.0,26.03,25.0,
175.0,easyBike_reverse4.1,easyBike,charging,18.0,26.03,25.0,
176.0,easyBike_reverse2.1,easyBike,charging,34.0,26.03,25.0,
176.0,easyBike_reverse3.1,easyBike,charging,28.0,26.03,25.0,
176.0,easyBike_reverse4.1,easyBike,charging,19.0,26.03,25.0,
177.0,easyBike_reverse2.1,easyBike,charging,35.0,26.03,25.0,
177.0,easyBike_reverse3.1,easyBike,charging,29.0,26.03,25.0,
177.0,easyBike_reverse4.1,easyBike,charging,20.0,26.03,25.0,
178.0,easyBike_reverse2.1,easyBike,charging,36.0,26.03,25.0,
178.0,easyBike_reverse3.1,easyBike,charging,30.0,26.03,25.0,
178.0,easyBike_reverse4.1,easyBike,charging,21.0,26.03,25.0,
179.0,easyBike_reverse2.1,easyBike,charging,37.0,26.03,25.0,
179.0,easyBike_reverse3.1,easyBike,charging,31.0,26.03,25.0,
179.0,easyBike_reverse4.1,easyBike,charging,22.0,26.03,25.0,
180.0,easyBike_reverse2.1,easyBike,charging,38.0,26.03,25.0,
180.0,easyBike_reverse3.1,easyBike,charging,32.0,26.03,25.0,
180.0,easyBike_reverse4.1,easyBike,charging,23.0,26.03,25.0,
181.0,easyBike_reverse2.1,easyBike,charging,39.0,26.03,25.0,
181.0,easyBike_reverse3.1,easyBike,charging,33.0,26.03,25.0,
181.0,easyBike_reverse4.1,easyBike,charging,24.0,26.03,25.0,
182.0,easyBike_reverse2.1,easyBike,charging,40.0,26.03,25.0,
182.0,easyBike_reverse3.1,easyBike,charging,34.0,26.03,25.0,
182.0,easyBike_reverse4.1,easyBike,charging,25.0,26.03,25.0,
183.0,easyBike_reverse2.1,easyBike,charging,41.0,26.02,25.0,
183.0,easyBike_reverse3.1,easyBike,charging,35.0,26.03,25.0,
183.0,easyBike_reverse4.1,easyBike,charging,26.0,26.02,25.0,
184.0,easyBike_reverse2.1,easyBike,charging,42.0,26.02,25.0,
184.0,easyBike_reverse3.1,easyBike,charging,36.0,26.02,25.0,
184.0,easyBike_reverse4.1,easyBike,charging,27.0,26.02,25.0,
185.0,easyBike_reverse2.1,easyBike,charging,43.0,26.02,25.0,
185.0,easyBike_reverse3.1,easyBike,charging,37.0,26.02,25.0,
185.0,easyBike_reverse4.1,easyBike,charging,28.0,26.02,25.0,
186.0,easyBike_reverse2.1,easyBike,charging,44.0,26.01,25.0,
186.0,easyBike_reverse3.1,easyBike,charging,38.0,26.02,25.0,
186.0,easyBike_reverse4.1,easyBike,charging,29.0,26.01,25.0,
187.0,easyBike_reverse2.1,easyBike,charging,45.0,26.01,25.0,
187.0,easyBike_reverse3.1,easyBike,charging,39.0,26.01,25.0,
187.0,easyBike_reverse4.1,easyBike,charging,30.0,26.01,25.0,
188.0,easyBike_reverse2.1,easyBike,charging,46.0,26.0,25.0,
188.0,easyBike_reverse3.1,easyBike,charging,40.0,26.01,25.0,
188.0,easyBike_reverse4.1,easyBike,charging,31.0,26.0,25.0,
189.0,easyBike_reverse2.1,easyBike,charging,47.0,26.0,25.0,
189.0,easyBike_reverse3.1,easyBike,charging,41.0,26.0,25.0,
189.0,easyBike_reverse4.1,easyBike,charging,32.0,26.0,25.0,
190.0,easyBike_reverse2.1,easyBike,charging,48.0,25.99,25.0,
190.0,easyBike_reverse3.1,easyBike,charging,42.0,25.99,25.0,
190.0,easyBike_reverse4.1,easyBike,charging,33.0,25.99,25.0,
191.0,easyBike_reverse2.1,easyBike,charging,49.0,25.98,25.0,
191.0,easyBike_reverse3.1,easyBike,charging,43.0,25.99,25.0,
191.0,easyBike_reverse4.1,easyBike,charging,34.0,25.98,25.0,
192.0,easyBike_reverse2.1,easyBike,charging,50.0,25.98,25.0,
192.0,easyBike_reverse3.1,easyBike,charging,44.0,25.98,25.0,
192.0,easyBike_reverse4.1,easyBike,charging,35.0,25.98,25.0,
193.0,easyBike_reverse2.1,easyBike,charging,51.0,25.98,25.0,
193.0,easyBike_reverse3.1,easyBike,charging,45.0,25.98,25.0,
193.0,easyBike_reverse4.1,easyBike,charging,36.0,25.98,25.0,
194.0,easyBike_reverse2.1,easyBike,charging,52.0,25.98,25.0,
194.0,easyBike_reverse3.1,easyBike,charging,46.0,25.98,25.0,
194.0,easyBike_reverse4.1,easyBike,charging,37.0,25.98,25.0,
195.0,easyBike_reverse2.1,easyBike,charging,53.0,25.97,25.0,
195.0,easyBike_reverse3.1,easyBike,charging,47.0,25.97,25.0,
195.0,easyBike_reverse4.1,easyBike,charging,38.0,25.97,25.0,
196.0,easyBike_reverse2.1,easyBike,charging,54.0,25.97,25.0,
196.0,easyBike_reverse3.1,easyBike,charging,48.0,25.97,25.0,
196.0,easyBike_reverse4.1,easyBike,charging,39.0,25.97,25.0,
197.0,easyBike_reverse2.1,easyBike,charging,55.0,25.97,25.0,
197.0,easyBike_reverse3.0,easyBike,charging,0.0,25.8,25.0,
197.0,easyBike_reverse3.1,easyBike,charging,49.0,25.97,25.0,
197.0,easyBike_reverse4.1,easyBike,charging,40.0,25.97,25.0,
198.0,easyBike_reverse2.1,easyBike,charging,56.0,25.97,25.0,
198.0,easyBike_reverse3.0,easyBike,charging,1.0,25.8,25.0,
198.0,easyBike_reverse3.1,easyBike,charging,50.0,25.97,25.0,
198.0,easyBike_reverse4.1,easyBike,charging,41.0,25.97,25.0,
199.0,easyBike_reverse2.1,easyBike,charging,57.0,25.96,25.0,
199.0,easyBike_reverse3.0,easyBike,charging,2.0,25.8,25.0,
199.0,easyBike_reverse3.1,easyBike,charging,51.0,25.96,25.0,
199.0,easyBike_reverse2.0,easyBike,charging,0.0,25.78,25.0,
199.0,easyBike_reverse4.1,easyBike,charging,42.0,25.96,25.0,
200.0,easyBike_reverse2.1,easyBike,charging,58.0,25.96,25.0,
200.0,easyBike_reverse3.0,easyBike,charging,3.0,25.8,25.0,
200.0,easyBike_reverse3.1,easyBike,charging,52.0,25.96,25.0,
200.0,easyBike_reverse2.0,easyBike,charging,1.0,25.78,25.0,
200.0,easyBike_reverse4.1,easyBike,charging,43.0,25.96,25.0,
201.0,easyBike_reverse2.1,easyBike,charging,59.0,25.96,25.0,
201.0,easyBike_reverse3.0,easyBike,charging,4.0,25.8,25.0,
201.0,easyBike_reverse3.1,easyBike,charging,53.0,25.96,25.0,
201.0,easyBike_reverse2.0,easyBike,charging,2.0,25.78,25.0,
201.0,easyBike_reverse4.1,easyBike,charging,44.0,25.96,25.0,
202.0,easyBike_reverse2.1,easyBike,charging,60.0,25.96,25.0,
202.0,easyBike_reverse3.0,easyBike,charging,5.0,25.8,25.0,
202.0,easyBike_reverse3.1,easyBike,charging,54.0,25.96,25.0,
202.0,easyBike_reverse2.0,easyBike,charging,3.0,25.78,25.0,
202.0,easyBike_reverse4.1,easyBike,charging,45.0,25.96,25.0,
203.0,easyBike_reverse2.1,easyBike,charging,61.0,25.96,25.0,
203.0,easyBike_reverse3.0,easyBike,charging,6.0,25.8,25.0,
203.0,easyBike_reverse3.1,easyBike,charging,55.0,25.95,25.0,
203.0,easyBike_reverse2.0,easyBike,charging,4.0,25.78,25.0,
203.0,easyBike_reverse4.1,easyBike,charging,46.0,25.95,25.0,
203.0,easyBike_reverse4.0,easyBike,waiting,,0.0,0.0,0.0
204.0,easyBike_reverse2.1,easyBike,charging,62.0,25.95,25.0,
204.0,easyBike_reverse3.0,easyBike,charging,7.0,25.8,25.0,
204.0,easyBike_reverse3.1,easyBike,charging,56.0,25.95,25.0,
204.0,easyBike_reverse2.0,easyBike,charging,5.0,25.78,25.0,
204.0,easyBike_reverse4.1,easyBike,charging,47.0,25.95,25.0,
204.0,easyBike_reverse4.0,easyBike,waiting,,0.0,0.0,1.0
205.0,easyBike_reverse2.1,easyBike,charging,63.0,25.95,25.0,
205.0,easyBike_reverse3.0,easyBike,charging,8.0,25.8,25.0,
205.0,easyBike_reverse3.1,easyBike,charging,57.0,25.95,25.0,
205.0,easyBike_reverse2.0,easyBike,charging,6.0,25.78,25.0,
205.0,easyBike_reverse4.1,easyBike,charging,48.0,25.95,25.0,
205.0,easyBike_reverse4.0,easyBike,waiting,,0.0,0.0,2.0
206.0,easyBike_reverse2.1,easyBike,charging,64.0,25.95,25.0,
206.0,easyBike_reverse3.0,easyBike,charging,9.0,25.8,25.0,
206.0,easyBike_reverse3.1,easyBike,charging,58.0,25.95,25.0,
206.0,easyBike_reverse2.0,easyBike,charging,7.0,25.78,25.0,
206.0,easyBike_reverse4.1,easyBike,charging,49.0,25.95,25.0,
206.0,easyBike_reverse4.0,easyBike,waiting,,0.0,0.0,3.0
207.0,easyBike_reverse2.1,easyBike,charging,65.0,25.95,25.0,
207.0,easyBike_reverse3.0,easyBike,charging,10.0,25.8,25.0,
207.0,easyBike_reverse3.1,easyBike,charging,59.0,25.95,25.0,
207.0,easyBike_reverse2.0,easyBike,charging,8.0,25.78,25.0,
207.0,easyBike_reverse4.1,easyBike,charging,50.0,25.94,25.0,
207.0,easyBike_reverse4.0,easyBike,waiting,,0.0,0.0,4.0
208.0,easyBike_reverse2.1,easyBike,charging,66.0,25.94,25.0,
208.0,easyBike_reverse3.0,easyBike,charging,11.0,25.8,25.0,
208.0,easyBike_reverse3.1,easyBike,charging,60.0,25.94,25.0,
208.0,easyBike_reverse2.0,easyBike,charging,9.0,25.78,25.0,
208.0,easyBike_reverse4.1,easyBike,charging,51.0,25.94,25.0,
208.0,easyBike_reverse4.0,easyBike,waiting,,0.0,0.0,5.0
209.0,easyBike_reverse2.1,easyBike,charging,67.0,25.94,25.0,
209.0,easyBike_reverse3.0,easyBike,charging,12.0,25.8,25.0,
209.0,easyBike_reverse3.1,easyBike,charging,61.0,25.94,25.0,
209.0,easyBike_reverse2.0,easyBike,charging,10.0,25.78,25.0,
209.0,easyBike_reverse4.1,easyBike,charging,52.0,25.94,25.0,
209.0,easyBike_reverse4.0,easyBike,waiting,,0.0,0.0,6.0
210.0,easyBike_reverse2.1,easyBike,charging,68.0,25.94,25.0,
210.0,easyBike_reverse3.0,easyBike,charging,13.0,25.8,25.0,
210.0,easyBike_reverse3.1,easyBike,charging,62.0,25.94,25.0,
210.0,easyBike_reverse2.0,easyBike,charging,11.0,25.78,25.0,
210.0,easyBike_reverse4.1,easyBike,charging,53.0,25.94,25.0,
210.0,easyBike_reverse4.0,easyBike,waiting,,0.0,0.0,7.0
211.0,easyBike_reverse2.1,easyBike,charging,69.0,25.94,25.0,
211.0,easyBike_reverse3.0,easyBike,charging,14.0,25.8,25.0,
211.0,easyBike_reverse3.1,easyBike,charging,63.0,25.94,25.0,
211.0,easyBike_reverse2.0,easyBike,charging,12.0,25.78,25.0,
211.0,easyBike_reverse4.1,easyBike,charging,54.0,25.94,25.0,
211.0,easyBike_reverse4.0,easyBike,waiting,,0.0,0.0,8.0
212.0,easyBike_reverse2.1,easyBike,charging,70.0,25.94,25.0,
212.0,easyBike_reverse3.0,easyBike,charging,15.0,25.8,25.0,
212.0,easyBike_reverse3.1,easyBike,charging,64.0,25.93,25.0,
212.0,easyBike_reverse2.0,easyBike,charging,13.0,25.78,25.0,
212.0,easyBike_reverse4.1,easyBike,charging,55.0,25.93,25.0,
212.0,easyBike_reverse4.0,easyBike,waiting,,0.0,0.0,9.0
213.0,easyBike_reverse2.1,easyBike,charging,71.0,25.93,25.0,
213.0,easyBike_reverse3.0,easyBike,charging,16.0,25.8,25.0,
213.0,easyBike_reverse3.1,easyBike,charging,65.0,25.93,25.0,
213.0,easyBike_reverse2.0,easyBike,charging,14.0,25.78,25.0,
213.0,easyBike_reverse4.1,easyBike,charging,56.0,25.93,25.0,
213.0,easyBike_reverse4.0,easyBike,waiting,,0.0,0.0,10.0
214.0,easyBike_reverse2.1,easyBike,charging,72.0,25.93,25.0,
214.0,easyBike_reverse3.0,easyBike,charging,17.0,25.8,25.0,
214.0,easyBike_reverse3.1,easyBike,charging,66.0,25.93,25.0,
214.0,easyBike_reverse2.0,easyBike,charging,15.0,25.78,25.0,
214.0,easyBike_reverse4.1,easyBike,charging,57.0,25.93,25.0,
214.0,easyBike_reverse4.0,easyBike,waiting,,0.0,0.0,11.0
215.0,easyBike_reverse2.1,easyBike,charging,73.0,25.93,25.0,
215.0,easyBike_reverse3.0,easyBike,charging,18.0,25.8,25.0,
215.0,easyBike_reverse3.1,easyBike,charging,67.0,25.93,25.0,
215.0,easyBike_reverse2.0,easyBike,charging,16.0,25.78,25.0,
215.0,easyBike_reverse4.1,easyBike,charging,58.0,25.93,25.0,
215.0,easyBike_reverse4.0,easyBike,waiting,,0.0,0.0,12.0
216.0,easyBike_reverse2.1,easyBike,charging,74.0,25.93,25.0,
216.0,easyBike_reverse3.0,easyBike,charging,19.0,25.8,25.0,
216.0,easyBike_reverse3.1,easyBike,charging,68.0,25.93,25.0,
216.0,easyBike_reverse2.0,easyBike,charging,17.0,25.78,25.0,
216.0,easyBike_reverse4.1,easyBike,charging,59.0,25.92,25.0,
216.0,easyBike_reverse4.0,easyBike,waiting,,0.0,0.0,13.0
217.0,easyBike_reverse2.1,easyBike,charging,75.0,25.92,25.0,
217.0,easyBike_reverse3.0,easyBike,charging,20.0,25.8,25.0,
217.0,easyBike_reverse3.1,easyBike,charging,69.0,25.92,25.0,
217.0,easyBike_reverse2.0,easyBike,charging,18.0,25.78,25.0,
217.0,easyBike_reverse4.1,easyBike,charging,60.0,25.92,25.0,
217.0,easyBike_reverse4.0,easyBike,waiting,,0.0,0.0,14.0
218.0,easyBike_reverse2.1,easyBike,charging,76.0,25.92,25.0,
218.0,easyBike_reverse3.0,easyBike,charging,21.0,25.8,25.0,
218.0,easyBike_reverse3.1,easyBike,charging,70.0,25.92,25.0,
218.0,easyBike_reverse2.0,easyBike,charging,19.0,25.78,25.0,
218.0,easyBike_reverse4.1,easyBike,charging,61.0,25.92,25.0,
218.0,easyBike_reverse4.0,easyBike,waiting,,0.0,0.0,15.0
219.0,easyBike_reverse2.1,easyBike,charging,77.0,25.92,25.0,
219.0,easyBike_reverse3.0,easyBike,charging,22.0,25.8,25.0,
219.0,easyBike_reverse3.1,easyBike,charging,71.0,25.92,25.0,
219.0,easyBike_reverse2.0,easyBike,charging,20.0,25.78,25.0,
219.0,easyBike_reverse4.1,easyBike,charging,62.0,25.92,25.0,
219.0,easyBike_reverse4.0,easyBike,waiting,,0.0,0.0,16.0
220.0,easyBike_reverse2.1,easyBike,charging,78.0,25.92,25.0,
220.0,easyBike_reverse3.0,easyBike,charging,23.0,25.8,25.0,
220.0,easyBike_reverse3.1,easyBike,charging,72.0,25.92,25.0,
220.0,easyBike_reverse2.0,easyBike,charging,21.0,25.78,25.0,
220.0,easyBike_reverse4.1,easyBike,charging,63.0,25.92,25.0,
220.0,easyBike_reverse4.0,easyBike,waiting,,0.0,0.0,17.0
221.0,easyBike_reverse2.1,easyBike,charging,79.0,25.91,25.0,
221.0,easyBike_reverse3.0,easyBike,charging,24.0,25.8,25.0,
221.0,easyBike_reverse3.1,easyBike,charging,73.0,25.91,25.0,
221.0,easyBike_reverse2.0,easyBike,charging,22.0,25.78,25.0,
221.0,easyBike_reverse4.1,easyBike,charging,64.0,25.91,25.0,
221.0,easyBike_reverse4.0,easyBike,waiting,,0.0,0.0,18.0
222.0,easyBike_reverse2.1,easyBike,charging,80.0,25.91,25.0,
222.0,easyBike_reverse3.0,easyBike,charging,25.0,25.8,25.0,
222.0,easyBike_reverse3.1,easyBike,charging,74.0,25.91,25.0,
222.0,easyBike_reverse2.0,easyBike,charging,23.0,25.78,25.0,
222.0,easyBike_reverse4.1,easyBike,charging,65.0,25.91,25.0,
222.0,easyBike_reverse4.0,easyBike,waiting,,0.0,0.0,19.0
223.0,easyBike_reverse2.1,easyBike,charging,81.0,25.91,25.0,
223.0,easyBike_reverse3.0,easyBike,charging,26.0,25.8,25.0,
223.0,easyBike_reverse3.1,easyBike,charging,75.0,25.91,25.0,
223.0,easyBike_reverse2.0,easyBike,charging,24.0,25.78,25.0,
223.0,easyBike_reverse4.1,easyBike,charging,66.0,25.91,25.0,
223.0,easyBike_reverse4.0,easyBike,waiting,,0.0,0.0,20.0
224.0,easyBike_reverse2.1,easyBike,charging,82.0,25.91,25.0,
224.0,easyBike_reverse3.0,easyBike,charging,27.0,25.8,25.0,
224.0,easyBike_reverse3.1,easyBike,charging,76.0,25.91,25.0,
224.0,easyBike_reverse2.0,easyBike,charging,25.0,25.78,25.0,
224.0,easyBike_reverse4.1,easyBike,charging,67.0,25.91,25.0,
224.0,easyBike_reverse4.0,easyBike,waiting,,0.0,0.0,21.0
225.0,easyBike_reverse2.1,easyBike,charging,83.0,25.91,25.0,
225.0,easyBike_reverse3.0,easyBike,charging,28.0,25.8,25.0,
225.0,easyBike_reverse3.1,easyBike,charging,77.0,25.9,25.0,
225.0,easyBike_reverse2.0,easyBike,charging,26.0,25.78,25.0,
225.0,easyBike_reverse4.1,easyBike,charging,68.0,25.9,25.0,
225.0,easyBike_reverse4.0,easyBike,waiting,,0.0,0.0,22.0
226.0,easyBike_reverse2.1,easyBike,charging,84.0,25.9,25.0,
226.0,easyBike_reverse3.0,easyBike,charging,29.0,25.8,25.0,
226.0,easyBike_reverse3.1,easyBike,charging,78.0,25.9,25.0,
226.0,easyBike_reverse2.0,easyBike,charging,27.0,25.78,25.0,
226.0,easyBike_reverse4.1,easyBike,charging,69.0,25.9,25.0,
226.0,easyBike_reverse4.0,easyBike,waiting,,0.0,0.0,23.0
227.0,easyBike_reverse2.1,easyBike,charging,85.0,25.9,25.0,
227.0,easyBike_reverse3.0,easyBike,charging,30.0,25.8,25.0,
227.0,easyBike_reverse3.1,easyBike,charging,79.0,25.9,25.0,
227.0,easyBike_reverse2.0,easyBike,charging,28.0,25.78,25.0,
227.0,easyBike_reverse4.1,easyBike,charging,70.0,25.9,25.0,
227.0,easyBike_reverse4.0,easyBike,waiting,,0.0,0.0,24.0
228.0,easyBike_reverse2.1,easyBike,charging,86.0,25.9,25.0,
228.0,easyBike_reverse3.0,easyBike,charging,31.0,25.8,25.0,
228.0,easyBike_reverse3.1,easyBike,charging,80.0,25.9,25.0,
228.0,easyBike_reverse2.0,easyBike,charging,29.0,25.78,25.0,
228.0,easyBike_reverse4.1,easyBike,charging,71.0,25.9,25.0,
228.0,easyBike_reverse4.0,easyBike,waiting,,0.0,0.0,25.0
229.0,easyBike_reverse2.1,easyBike,charging,87.0,25.9,25.0,
229.0,easyBike_reverse3.0,easyBike,charging,32.0,25.8,25.0,
229.0,easyBike_reverse3.1,easyBike,charging,81.0,25.9,25.0,
229.0,easyBike_reverse2.0,easyBike,charging,30.0,25.78,25.0,
229.0,easyBike_reverse4.1,easyBike,charging,72.0,25.89,25.0,
229.0,easyBike_reverse4.0,easyBike,waiting,,0.0,0.0,26.0
230.0,easyBike_reverse2.1,easyBike,charging,88.0,25.89,25.0,
230.0,easyBike_reverse3.0,easyBike,charging,33.0,25.8,25.0,
230.0,easyBike_reverse3.1,easyBike,charging,82.0,25.89,25.0,
230.0,easyBike_reverse2.0,easyBike,charging,31.0,25.78,25.0,
230.0,easyBike_reverse4.1,easyBike,charging,73.0,25.89,25.0,
230.0,easyBike_reverse4.0,easyBike,waiting,,0.0,0.0,27.0
231.0,easyBike_reverse2.1,easyBike,charging,89.0,25.89,25.0,
231.0,easyBike_reverse3.0,easyBike,charging,34.0,25.8,25.0,
231.0,easyBike_reverse3.1,easyBike,charging,83.0,25.89,25.0,
231.0,easyBike_reverse2.0,easyBike,charging,32.0,25.78,25.0,
231.0,easyBike_reverse4.1,easyBike,charging,74.0,25.89,25.0,
231.0,easyBike_reverse4.0,easyBike,waiting,,0.0,0.0,28.0
232.0,easyBike_reverse2.1,easyBike,charging,90.0,25.89,25.0,
232.0,easyBike_reverse3.0,easyBike,charging,35.0,25.8,25.0,
232.0,easyBike_reverse3.1,easyBike,charging,84.0,25.89,25.0,
232.0,easyBike_reverse2.0,easyBike,charging,33.0,25.78,25.0,
232.0,easyBike_reverse4.1,easyBike,charging,75.0,25.89,25.0,
232.0,easyBike_reverse4.0,easyBike,waiting,,0.0,0.0,29.0
232.0,easyBike_reverse2.3,easyBike,waiting,,0.0,0.0,0.0
233.0,easyBike_reverse2.1,easyBike,charging,91.0,25.89,25.0,
233.0,easyBike_reverse3.0,easyBike,charging,36.0,25.8,25.0,
233.0,easyBike_reverse3.1,easyBike,charging,85.0,25.89,25.0,
233.0,easyBike_reverse2.0,easyBike,charging,34.0,25.78,25.0,
233.0,easyBike_reverse4.1,easyBike,charging,76.0,25.89,25.0,
233.0,easyBike_reverse4.0,easyBike,waiting,,0.0,0.0,30.0
233.0,easyBike_reverse2.3,easyBike,waiting,,0.0,0.0,1.0
234.0,easyBike_reverse2.1,easyBike,charging,92.0,25.88,25.0,
234.0,easyBike_reverse3.0,easyBike,charging,37.0,25.8,25.0,
234.0,easyBike_reverse3.1,easyBike,charging,86.0,25.88,25.0,
234.0,easyBike_reverse2.0,easyBike,charging,35.0,25.78,25.0,
234.0,easyBike_reverse4.1,easyBike,charging,77.0,25.88,25.0,
234.0,easyBike_reverse4.0,easyBike,waiting,,0.0,0.0,31.0
234.0,easyBike_reverse2.3,easyBike,waiting,,0.0,0.0,2.0
235.0,easyBike_reverse2.1,easyBike,charging,93.0,25.88,25.0,
235.0,easyBike_reverse3.0,easyBike,charging,38.0,25.8,25.0,
235.0,easyBike_reverse3.1,easyBike,charging,87.0,25.88,25.0,
235.0,easyBike_reverse2.0,easyBike,charging,36.0,25.78,25.0,
235.0,easyBike_reverse4.1,easyBike,charging,78.0,25.88,25.0,
235.0,easyBike_reverse4.0,easyBike,waiting,,0.0,0.0,32.0
235.0,easyBike_reverse2.3,easyBike,waiting,,0.0,0.0,3.0
236.0,easyBike_reverse2.1,easyBike,charging,94.0,25.88,25.0,
236.0,easyBike_reverse3.0,easyBike,charging,39.0,25.8,25.0,
236.0,easyBike_reverse3.1,easyBike,charging,88.0,25.88,25.0,
236.0,easyBike_reverse2.0,easyBike,charging,37.0,25.78,25.0,
236.0,easyBike_reverse4.1,easyBike,charging,79.0,25.88,25.0,
236.0,easyBike_reverse4.0,easyBike,waiting,,0.0,0.0,33.0
236.0,easyBike_reverse2.3,easyBike,waiting,,0.0,0.0,4.0
237.0,easyBike_reverse2.1,easyBike,charging,95.0,25.88,25.0,
237.0,easyBike_reverse3.0,easyBike,charging,40.0,25.8,25.0,
237.0,easyBike_reverse3.1,easyBike,charging,89.0,25.88,25.0,
237.0,easyBike_reverse2.0,easyBike,charging,38.0,25.78,25.0,
237.0,easyBike_reverse4.1,easyBike,charging,80.0,25.88,25.0,
237.0,easyBike_reverse4.0,easyBike,waiting,,0.0,0.0,34.0
237.0,easyBike_reverse2.3,easyBike,waiting,,0.0,0.0,5.0
238.0,easyBike_reverse2.1,easyBike,charging,96.0,25.87,25.0,
238.0,easyBike_reverse3.0,easyBike,charging,41.0,25.8,25.0,
238.0,easyBike_reverse3.1,easyBike,charging,90.0,25.88,25.0,
238.0,easyBike_reverse2.0,easyBike,charging,39.0,25.78,25.0,
238.0,easyBike_reverse4.1,easyBike,charging,81.0,25.87,25.0,
238.0,easyBike_reverse4.0,easyBike,waiting,,0.0,0.0,35.0
238.0,easyBike_reverse2.3,easyBike,waiting,,0.0,0.0,6.0
239.0,easyBike_reverse2.1,easyBike,charging,97.0,25.87,25.0,
239.0,easyBike_reverse3.0,easyBike,charging,42.0,25.8,25.0,
239.0,easyBike_reverse3.1,easyBike,charging,91.0,25.87,25.0,
239.0,easyBike_reverse2.0,easyBike,charging,40.0,25.78,25.0,
239.0,easyBike_reverse4.1,easyBike,charging,82.0,25.87,25.0,
239.0,easyBike_reverse4.0,easyBike,waiting,,0.0,0.0,36.0
239.0,easyBike_reverse2.3,easyBike,waiting,,0.0,0.0,7.0
240.0,easyBike_reverse2.1,easyBike,charging,98.0,25.87,25.0,
240.0,easyBike_reverse3.0,easyBike,charging,43.0,25.8,25.0,
240.0,easyBike_reverse3.1,easyBike,charging,92.0,25.87,25.0,
240.0,easyBike_reverse2.0,easyBike,charging,41.0,25.78,25.0,
240.0,easyBike_reverse4.1,easyBike,charging,83.0,25.87,25.0,
240.0,easyBike_reverse4.0,easyBike,waiting,,0.0,0.0,37.0
240.0,easyBike_reverse2.3,easyBike,waiting,,0.0,0.0,8.0
241.0,easyBike_reverse2.1,easyBike,charging,99.0,25.87,25.0,
241.0,easyBike_reverse3.0,easyBike,charging,44.0,25.8,25.0,
241.0,easyBike_reverse3.1,easyBike,charging,93.0,25.87,25.0,
241.0,easyBike_reverse2.0,easyBike,charging,42.0,25.78,25.0,
241.0,easyBike_reverse4.1,easyBike,charging,84.0,25.87,25.0,
241.0,easyBike_reverse4.0,easyBike,waiting,,0.0,0.0,38.0
241.0,easyBike_reverse2.3,easyBike,waiting,,0.0,0.0,9.0
242.0,easyBike_reverse2.1,easyBike,charging,100.0,25.87,25.0,
242.0,easyBike_reverse3.0,easyBike,charging,45.0,25.8,25.0,
242.0,easyBike_reverse3.1,easyBike,charging,94.0,25.87,25.0,
242.0,easyBike_reverse2.0,easyBike,charging,43.0,25.78,25.0,
242.0,easyBike_reverse4.1,easyBike,charging,85.0,25.86,25.0,
242.0,easyBike_reverse4.0,easyBike,waiting,,0.0,0.0,39.0
242.0,easyBike_reverse2.3,easyBike,waiting,,0.0,0.0,10.0
243.0,easyBike_reverse2.1,easyBike,charging,101.0,25.86,25.0,
243.0,easyBike_reverse3.0,easyBike,charging,46.0,25.8,25.0,
243.0,easyBike_reverse3.1,easyBike,charging,95.0,25.86,25.0,
243.0,easyBike_reverse2.0,easyBike,charging,44.0,25.78,25.0,
243.0,easyBike_reverse4.1,easyBike,charging,86.0,25.86,25.0,
243.0,easyBike_reverse4.0,easyBike,waiting,,0.0,0.0,40.0
243.0,easyBike_reverse2.3,easyBike,waiting,,0.0,0.0,11.0
244.0,easyBike_reverse2.1,easyBike,charging,102.0,25.86,25.0,
244.0,easyBike_reverse3.0,easyBike,charging,47.0,25.8,25.0,
244.0,easyBike_reverse3.1,easyBike,charging,96.0,25.86,25.0,
244.0,easyBike_reverse2.0,easyBike,charging,45.0,25.78,25.0,
244.0,easyBike_reverse4.1,easyBike,charging,87.0,25.86,25.0,
244.0,easyBike_reverse4.0,easyBike,waiting,,0.0,0.0,41.0
244.0,easyBike_reverse2.3,easyBike,waiting,,0.0,0.0,12.0
245.0,easyBike_reverse2.1,easyBike,charging,103.0,25.86,25.0,
245.0,easyBike_reverse3.0,easyBike,charging,48.0,25.8,25.0,
245.0,easyBike_reverse3.1,easyBike,charging,97.0,25.86,25.0,
245.0,easyBike_reverse2.0,easyBike,charging,46.0,25.78,25.0,
245.0,easyBike_reverse4.1,easyBike,charging,88.0,25.86,25.0,
245.0,easyBike_reverse4.0,easyBike,waiting,,0.0,0.0,42.0
245.0,easyBike_reverse2.3,easyBike,waiting,,0.0,0.0,13.0
246.0,easyBike_reverse2.1,easyBike,charging,104.0,25.86,25.0,
246.0,easyBike_reverse3.0,easyBike,charging,49.0,25.8,25.0,
246.0,easyBike_reverse3.1,easyBike,charging,98.0,25.86,25.0,
246.0,easyBike_reverse2.0,easyBike,charging,47.0,25.78,25.0,
246.0,easyBike_reverse4.1,easyBike,charging,89.0,25.85,25.0,
246.0,easyBike_reverse4.0,easyBike,waiting,,0.0,0.0,43.0
246.0,easyBike_reverse2.3,easyBike,waiting,,0.0,0.0,14.0
247.0,easyBike_reverse2.1,easyBike,charging,105.0,25.85,25.0,
247.0,easyBike_reverse3.0,easyBike,charging,50.0,25.8,25.0,
247.0,easyBike_reverse3.1,easyBike,charging,99.0,25.86,25.0,
247.0,easyBike_reverse2.0,easyBike,charging,48.0,25.78,25.0,
247.0,easyBike_reverse4.1,easyBike,charging,90.0,25.85,25.0,
247.0,easyBike_reverse4.0,easyBike,waiting,,0.0,0.0,44.0
247.0,easyBike_reverse2.3,easyBike,waiting,,0.0,0.0,15.0
248.0,easyBike_reverse2.1,easyBike,charging,106.0,25.85,25.0,
248.0,easyBike_reverse3.0,easyBike,charging,51.0,25.8,25.0,
248.0,easyBike_reverse3.1,easyBike,charging,100.0,25.85,25.0,
248.0,easyBike_reverse2.0,easyBike,charging,49.0,25.78,25.0,
248.0,easyBike_reverse4.1,easyBike,charging,91.0,25.85,25.0,
248.0,easyBike_reverse4.0,easyBike,waiting,,0.0,0.0,45.0
248.0,easyBike_reverse2.3,easyBike,waiting,,0.0,0.0,16.0
249.0,easyBike_reverse2.1,easyBike,charging,107.0,25.85,25.0,
249.0,easyBike_reverse3.0,easyBike,charging,52.0,25.8,25.0,
249.0,easyBike_reverse3.1,easyBike,charging,101.0,25.85,25.0,
249.0,easyBike_reverse2.0,easyBike,charging,50.0,25.78,25.0,
249.0,easyBike_reverse4.1,easyBike,charging,92.0,25.85,25.0,
249.0,easyBike_reverse4.0,easyBike,waiting,,0.0,0.0,46.0
249.0,easyBike_reverse2.3,easyBike,waiting,,0.0,0.0,17.0
250.0,easyBike_reverse2.1,easyBike,charging,108.0,25.85,25.0,
250.0,easyBike_reverse3.0,easyBike,charging,53.0,25.8,25.0,
250.0,easyBike_reverse3.1,easyBike,charging,102.0,25.85,25.0,
250.0,easyBike_reverse2.0,easyBike,charging,51.0,25.78,25.0,
250.0,easyBike_reverse4.1,easyBike,charging,93.0,25.85,25.0,
250.0,easyBike_reverse4.0,easyBike,waiting,,0.0,0.0,47.0
250.0,easyBike_reverse2.3,easyBike,waiting,,0.0,0.0,18.0
251.0,easyBike_reverse2.1,easyBike,charging,109.0,25.84,25.0,
251.0,easyBike_reverse3.0,easyBike,charging,54.0,25.8,25.0,
251.0,easyBike_reverse3.1,easyBike,charging,103.0,25.85,25.0,
251.0,easyBike_reverse2.0,easyBike,charging,52.0,25.78,25.0,
251.0,easyBike_reverse4.1,easyBike,charging,94.0,25.84,25.0,
251.0,easyBike_reverse4.0,easyBike,waiting,,0.0,0.0,48.0
251.0,easyBike_reverse2.3,easyBike,waiting,,0.0,0.0,19.0
251.0,easyBike_reverse3.3,easyBike,waiting,,0.0,0.0,0.0
252.0,easyBike_reverse2.1,easyBike,charging,110.0,25.84,25.0,
252.0,easyBike_reverse3.0,easyBike,charging,55.0,25.8,25.0,
252.0,easyBike_reverse3.1,easyBike,charging,104.0,25.84,25.0,
252.0,easyBike_reverse2.0,easyBike,charging,53.0,25.78,25.0,
252.0,easyBike_reverse4.1,easyBike,charging,95.0,25.84,25.0,
252.0,easyBike_reverse4.0,easyBike,waiting,,0.0,0.0,49.0
252.0,easyBike_reverse2.3,easyBike,waiting,,0.0,0.0,20.0
252.0,easyBike_reverse3.3,easyBike,waiting,,0.0,0.0,1.0
253.0,easyBike_reverse2.1,easyBike,charging,111.0,25.84,25.0,
253.0,easyBike_reverse3.0,easyBike,charging,56.0,25.8,25.0,
253.0,easyBike_reverse3.1,easyBike,charging,105.0,25.84,25.0,
253.0,easyBike_reverse2.0,easyBike,charging,54.0,25.78,25.0,
253.0,easyBike_reverse4.1,easyBike,charging,96.0,25.84,25.0,
253.0,easyBike_reverse4.0,easyBike,waiting,,0.0,0.0,50.0
253.0,easyBike_reverse2.3,easyBike,waiting,,0.0,0.0,21.0
253.0,easyBike_reverse3.3,easyBike,waiting,,0.0,0.0,2.0
254.0,easyBike_reverse2.1,easyBike,charging,112.0,25.84,25.0,
254.0,easyBike_reverse3.0,easyBike,charging,57.0,25.8,25.0,
254.0,easyBike_reverse3.1,easyBike,charging,106.0,25.84,25.0,
254.0,easyBike_reverse2.0,easyBike,charging,55.0,25.78,25.0,
254.0,easyBike_reverse4.1,easyBike,charging,97.0,25.84,25.0,
254.0,easyBike_reverse4.0,easyBike,waiting,,0.0,0.0,51.0
254.0,easyBike_reverse2.3,easyBike,waiting,,0.0,0.0,22.0
254.0,easyBike_reverse3.3,easyBike,waiting,,0.0,0.0,3.0
255.0,easyBike_reverse2.1,easyBike,charging,113.0,25.84,25.0,
255.0,easyBike_reverse3.0,easyBike,charging,58.0,25.8,25.0,
255.0,easyBike_reverse3.1,easyBike,charging,107.0,25.84,25.0,
255.0,easyBike_reverse2.0,easyBike,charging,56.0,25.78,25.0,
255.0,easyBike_reverse4.1,easyBike,charging,98.0,25.83,25.0,
255.0,easyBike_reverse4.0,easyBike,waiting,,0.0,0.0,52.0
255.0,easyBike_reverse2.3,easyBike,waiting,,0.0,0.0,23.0
255.0,easyBike_reverse3.3,easyBike,waiting,,0.0,0.0,4.0
256.0,easyBike_reverse2.1,easyBike,charging,114.0,25.83,25.0,
256.0,easyBike_reverse3.0,easyBike,charging,59.0,25.8,25.0,
256.0,easyBike_reverse3.1,easyBike,charging,108.0,25.84,25.0,
256.0,easyBike_reverse2.0,easyBike,charging,57.0,25.78,25.0,
256.0,easyBike_reverse4.1,easyBike,charging,99.0,25.83,25.0,
256.0,easyBike_reverse4.0,easyBike,waiting,,0.0,0.0,53.0
256.0,easyBike_reverse2.3,easyBike,waiting,,0.0,0.0,24.0
256.0,easyBike_reverse3.3,easyBike,waiting,,0.0,0.0,5.0
257.0,easyBike_reverse2.1,easyBike,charging,115.0,25.83,25.0,
257.0,easyBike_reverse3.0,easyBike,charging,60.0,25.8,25.0,
257.0,easyBike_reverse3.1,easyBike,charging,109.0,25.83,25.0,
257.0,easyBike_reverse2.0,easyBike,charging,58.0,25.78,25.0,
257.0,easyBike_reverse4.1,easyBike,charging,100.0,25.83,25.0,
257.0,easyBike_reverse4.0,easyBike,waiting,,0.0,0.0,54.0
257.0,easyBike_reverse2.3,easyBike,waiting,,0.0,0.0,25.0
257.0,easyBike_reverse3.3,easyBike,waiting,,0.0,0.0,6.0
258.0,easyBike_reverse2.1,easyBike,charging,116.0,25.83,25.0,
258.0,easyBike_reverse3.0,easyBike,charging,61.0,25.8,25.0,
258.0,easyBike_reverse3.1,easyBike,charging,110.0,25.83,25.0,
258.0,easyBike_reverse2.0,easyBike,charging,59.0,25.78,25.0,
258.0,easyBike_reverse4.1,easyBike,charging,101.0,25.83,25.0,
258.0,easyBike_reverse4.0,easyBike,waiting,,0.0,0.0,55.0
258.0,easyBike_reverse2.3,easyBike,waiting,,0.0,0.0,26.0
258.0,easyBike_reverse3.3,easyBike,waiting,,0.0,0.0,7.0
259.0,easyBike_reverse2.1,easyBike,charging,117.0,25.83,25.0,
259.0,easyBike_reverse3.0,easyBike,charging,62.0,25.8,25.0,
259.0,easyBike_reverse3.1,easyBike,charging,111.0,25.83,25.0,
259.0,easyBike_reverse2.0,easyBike,charging,60.0,25.78,25.0,
259.0,easyBike_reverse4.1,easyBike,charging,102.0,25.83,25.0,
259.0,easyBike_reverse4.0,easyBike,waiting,,0.0,0.0,56.0
259.0,easyBike_reverse2.3,easyBike,waiting,,0.0,0.0,27.0
259.0,easyBike_reverse3.3,easyBike,waiting,,0.0,0.0,8.0
260.0,easyBike_reverse2.1,easyBike,charging,118.0,25.82,25.0,
260.0,easyBike_reverse3.0,easyBike,charging,63.0,25.8,25.0,
260.0,easyBike_reverse3.1,easyBike,charging,112.0,25.83,25.0,
260.0,easyBike_reverse2.0,easyBike,charging,61.0,25.78,25.0,
260.0,easyBike_reverse4.1,easyBike,charging,103.0,25.82,25.0,
260.0,easyBike_reverse4.0,easyBike,waiting,,0.0,0.0,57.0
260.0,easyBike_reverse2.3,easyBike,waiting,,0.0,0.0,28.0
260.0,easyBike_reverse3.3,easyBike,waiting,,0.0,0.0,9.0
261.0,easyBike_reverse2.1,easyBike,charging,119.0,25.82,25.0,
261.0,easyBike_reverse3.0,easyBike,charging,64.0,25.8,25.0,
261.0,easyBike_reverse3.1,easyBike,charging,113.0,25.82,25.0,
261.0,easyBike_reverse2.0,easyBike,charging,62.0,25.78,25.0,
261.0,easyBike_reverse4.1,easyBike,charging,104.0,25.82,25.0,
261.0,easyBike_reverse4.0,easyBike,waiting,,0.0,0.0,58.0
261.0,easyBike_reverse2.3,easyBike,waiting,,0.0,0.0,29.0
261.0,easyBike_reverse3.3,easyBike,waiting,,0.0,0.0,10.0
262.0,easyBike_reverse2.1,easyBike,charging,120.0,25.82,25.0,
262.0,easyBike_reverse3.0,easyBike,charging,65.0,25.8,25.0,
262.0,easyBike_reverse3.1,easyBike,charging,114.0,25.82,25.0,
262.0,easyBike_reverse2.0,easyBike,charging,63.0,25.78,25.0,
262.0,easyBike_reverse4.1,easyBike,charging,105.0,25.82,25.0,
262.0,easyBike_reverse4.0,easyBike,waiting,,0.0,0.0,59.0
262.0,easyBike_reverse2.3,easyBike,waiting,,0.0,0.0,30.0
262.0,easyBike_reverse3.3,easyBike,waiting,,0.0,0.0,11.0
263.0,easyBike_reverse2.1,easyBike,charging,121.0,25.82,25.0,
263.0,easyBike_reverse3.0,easyBike,charging,66.0,25.8,25.0,
263.0,easyBike_reverse3.1,easyBike,charging,115.0,25.82,25.0,
263.0,easyBike_reverse2.0,easyBike,charging,64.0,25.78,25.0,
263.0,easyBike_reverse4.1,easyBike,charging,106.0,25.82,25.0,
263.0,easyBike_reverse4.0,easyBike,waiting,,0.0,0.0,60.0
263.0,easyBike_reverse2.3,easyBike,waiting,,0.0,0.0,31.0
263.0,easyBike_reverse3.3,easyBike,waiting,,0.0,0.0,12.0
264.0,easyBike_reverse2.1,easyBike,charging,122.0,25.81,25.0,
264.0,easyBike_reverse3.0,easyBike,charging,67.0,25.8,25.0,
264.0,easyBike_reverse3.1,easyBike,charging,116.0,25.82,25.0,
264.0,easyBike_reverse2.0,easyBike,charging,65.0,25.78,25.0,
264.0,easyBike_reverse4.1,easyBike,charging,107.0,25.81,25.0,
264.0,easyBike_reverse4.0,easyBike,waiting,,0.0,0.0,61.0
264.0,easyBike_reverse2.3,easyBike,waiting,,0.0,0.0,32.0
264.0,easyBike_reverse3.3,easyBike,waiting,,0.0,0.0,13.0
265.0,easyBike_reverse2.1,easyBike,charging,123.0,25.81,25.0,
265.0,easyBike_reverse3.0,easyBike,charging,68.0,25.8,25.0,
265.0,easyBike_reverse3.1,easyBike,charging,117.0,25.81,25.0,
265.0,easyBike_reverse2.0,easyBike,charging,66.0,25.78,25.0,
265.0,easyBike_reverse4.1,easyBike,charging,108.0,25.81,25.0,
265.0,easyBike_reverse4.0,easyBike,waiting,,0.0,0.0,62.0
265.0,easyBike_reverse2.3,easyBike,waiting,,0.0,0.0,33.0
265.0,easyBike_reverse3.3,easyBike,waiting,,0.0,0.0,14.0
266.0,easyBike_reverse2.1,easyBike,charging,124.0,25.81,25.0,
266.0,easyBike_reverse3.0,easyBike,charging,69.0,25.8,25.0,
266.0,easyBike_reverse3.1,easyBike,charging,118.0,25.81,25.0,
266.0,easyBike_reverse2.0,easyBike,charging,67.0,25.78,25.0,
266.0,easyBike_reverse4.1,easyBike,charging,109.0,25.81,25.0,
266.0,easyBike_reverse4.0,easyBike,waiting,,0.0,0.0,63.0
266.0,easyBike_reverse2.3,easyBike,waiting,,0.0,0.0,34.0
266.0,easyBike_reverse3.3,easyBike,waiting,,0.0,0.0,15.0
267.0,easyBike_reverse2.1,easyBike,charging,125.0,25.81,25.0,
267.0,easyBike_reverse3.0,easyBike,charging,70.0,25.8,25.0,
267.0,easyBike_reverse3.1,easyBike,charging,119.0,25.81,25.0,
267.0,easyBike_reverse2.0,easyBike,charging,68.0,25.78,25.0,
267.0,easyBike_reverse4.1,easyBike,charging,110.0,25.81,25.0,
267.0,easyBike_reverse4.0,easyBike,waiting,,0.0,0.0,64.0
267.0,easyBike_reverse2.3,easyBike,waiting,,0.0,0.0,35.0
267.0,easyBike_reverse3.3,easyBike,waiting,,0.0,0.0,16.0
268.0,easyBike_reverse2.1,easyBike,charging,126.0,25.81,25.0,
268.0,easyBike_reverse3.0,easyBike,charging,71.0,25.8,25.0,
268.0,easyBike_reverse3.1,easyBike,charging,120.0,25.81,25.0,
268.0,easyBike_reverse2.0,easyBike,charging,69.0,25.78,25.0,
268.0,easyBike_reverse4.1,easyBike,charging,111.0,25.8,25.0,
268.0,easyBike_reverse4.0,easyBike,waiting,,0.0,0.0,65.0
268.0,easyBike_reverse2.3,easyBike,waiting,,0.0,0.0,36.0
268.0,easyBike_reverse3.3,easyBike,waiting,,0.0,0.0,17.0
269.0,easyBike_reverse2.1,easyBike,charging,127.0,25.8,25.0,
269.0,easyBike_reverse3.0,easyBike,charging,72.0,25.8,25.0,
269.0,easyBike_reverse3.1,easyBike,charging,121.0,25.8,25.0,
269.0,easyBike_reverse2.0,easyBike,charging,70.0,25.78,25.0,
269.0,easyBike_reverse4.1,easyBike,charging,112.0,25.8,25.0,
269.0,easyBike_reverse4.0,easyBike,waiting,,0.0,0.0,66.0
269.0,easyBike_reverse2.3,easyBike,waiting,,0.0,0.0,37.0
269.0,easyBike_reverse3.3,easyBike,waiting,,0.0,0.0,18.0
270.0,easyBike_reverse2.1,easyBike,charging,128.0,25.8,25.0,
270.0,easyBike_reverse3.0,easyBike,charging,73.0,25.8,25.0,
270.0,easyBike_reverse3.1,easyBike,charging,122.0,25.8,25.0,
270.0,easyBike_reverse2.0,easyBike,charging,71.0,25.78,25.0,
270.0,easyBike_reverse4.1,easyBike,charging,113.0,25.8,25.0,
270.0,easyBike_reverse4.0,easyBike,waiting,,0.0,0.0,67.0
270.0,easyBike_reverse2.3,easyBike,waiting,,0.0,0.0,38.0
270.0,easyBike_reverse3.3,easyBike,waiting,,0.0,0.0,19.0
271.0,easyBike_reverse2.1,easyBike,charging,129.0,25.8,25.0,
271.0,easyBike_reverse3.0,easyBike,charging,74.0,25.8,25.0,
271.0,easyBike_reverse3.1,easyBike,charging,123.0,25.8,25.0,
271.0,easyBike_reverse2.0,easyBike,charging,72.0,25.78,25.0,
271.0,easyBike_reverse4.1,easyBike,charging,114.0,25.8,25.0,
271.0,easyBike_reverse4.0,easyBike,waiting,,0.0,0.0,68.0
271.0,easyBike_reverse2.3,easyBike,waiting,,0.0,0.0,39.0
271.0,easyBike_reverse3.3,easyBike,waiting,,0.0,0.0,20.0
272.0,easyBike_reverse2.1,easyBike,charging,130.0,25.8,25.0,
272.0,easyBike_reverse3.0,easyBike,charging,75.0,25.8,25.0,
272.0,easyBike_reverse3.1,easyBike,charging,124.0,25.8,25.0,
272.0,easyBike_reverse2.0,easyBike,charging,73.0,25.78,25.0,
272.0,easyBike_reverse4.1,easyBike,charging,115.0,25.8,25.0,
272.0,easyBike_reverse4.0,easyBike,waiting,,0.0,0.0,69.0
272.0,easyBike_reverse2.3,easyBike,waiting,,0.0,0.0,40.0
272.0,easyBike_reverse3.3,easyBike,waiting,,0.0,0.0,21.0
273.0,easyBike_reverse2.1,easyBike,charging,131.0,25.79,25.0,
273.0,easyBike_reverse3.0,easyBike,charging,76.0,25.8,25.0,
273.0,easyBike_reverse3.1,easyBike,charging,125.0,25.8,25.0,
273.0,easyBike_reverse2.0,easyBike,charging,74.0,25.78,25.0,
273.0,easyBike_reverse4.1,easyBike,charging,116.0,25.79,25.0,
273.0,easyBike_reverse4.0,easyBike,waiting,,0.0,0.0,70.0
273.0,easyBike_reverse2.3,easyBike,waiting,,0.0,0.0,41.0
273.0,easyBike_reverse3.3,easyBike,waiting,,0.0,0.0,22.0
274.0,easyBike_reverse2.1,easyBike,charging,132.0,25.79,25.0,
274.0,easyBike_reverse3.0,easyBike,charging,77.0,25.8,25.0,
274.0,easyBike_reverse3.1,easyBike,charging,126.0,25.79,25.0,
274.0,easyBike_reverse2.0,easyBike,charging,75.0,25.78,25.0,
274.0,easyBike_reverse4.1,easyBike,charging,117.0,25.79,25.0,
274.0,easyBike_reverse4.0,easyBike,waiting,,0.0,0.0,71.0
274.0,easyBike_reverse2.3,easyBike,waiting,,0.0,0.0,42.0
274.0,easyBike_reverse3.3,easyBike,waiting,,0.0,0.0,23.0
275.0,easyBike_reverse2.1,easyBike,charging,133.0,25.79,25.0,
275.0,easyBike_reverse3.0,easyBike,charging,78.0,25.8,25.0,
275.0,easyBike_reverse3.1,easyBike,charging,127.0,25.79,25.0,
275.0,easyBike_reverse2.0,easyBike,charging,76.0,25.78,25.0,
275.0,easyBike_reverse4.1,easyBike,charging,118.0,25.79,25.0,
275.0,easyBike_reverse4.0,easyBike,waiting,,0.0,0.0,72.0
275.0,easyBike_reverse2.3,easyBike,waiting,,0.0,0.0,43.0
275.0,easyBike_reverse3.3,easyBike,waiting,,0.0,0.0,24.0
276.0,easyBike_reverse2.1,easyBike,charging,134.0,25.79,25.0,
276.0,easyBike_reverse3.0,easyBike,charging,79.0,25.8,25.0,
276.0,easyBike_reverse3.1,easyBike,charging,128.0,25.79,25.0,
276.0,easyBike_reverse2.0,easyBike,charging,77.0,25.78,25.0,
276.0,easyBike_reverse4.1,easyBike,charging,119.0,25.79,25.0,
276.0,easyBike_reverse4.0,easyBike,waiting,,0.0,0.0,73.0
276.0,easyBike_reverse2.3,easyBike,waiting,,0.0,0.0,44.0
276.0,easyBike_reverse3.3,easyBike,waiting,,0.0,0.0,25.0
277.0,easyBike_reverse2.1,easyBike,charging,135.0,25.79,25.0,
277.0,easyBike_reverse3.0,easyBike,charging,80.0,25.8,25.0,
277.0,easyBike_reverse3.1,easyBike,charging,129.0,25.79,25.0,
277.0,easyBike_reverse2.0,easyBike,charging,78.0,25.78,25.0,
277.0,easyBike_reverse4.1,easyBike,charging,120.0,25.78,25.0,
277.0,easyBike_reverse4.0,easyBike,waiting,,0.0,0.0,74.0
277.0,easyBike_reverse2.3,easyBike,waiting,,0.0,0.0,45.0
277.0,easyBike_reverse3.3,easyBike,waiting,,0.0,0.0,26.0
278.0,easyBike_reverse2.1,easyBike,charging,136.0,25.79,25.0,
278.0,easyBike_reverse3.0,easyBike,charging,81.0,25.8,25.0,
278.0,easyBike_reverse3.1,easyBike,charging,130.0,25.79,25.0,
278.0,easyBike_reverse2.0,easyBike,charging,79.0,25.78,25.0,
278.0,easyBike_reverse4.1,easyBike,charging,121.0,25.78,25.0,
278.0,easyBike_reverse4.0,easyBike,waiting,,0.0,0.0,75.0
278.0,easyBike_reverse2.3,easyBike,waiting,,0.0,0.0,46.0
278.0,easyBike_reverse3.3,easyBike,waiting,,0.0,0.0,27.0
279.0,easyBike_reverse2.1,easyBike,charging,137.0,25.79,25.0,
279.0,easyBike_reverse3.0,easyBike,charging,82.0,25.8,25.0,
279.0,easyBike_reverse3.1,easyBike,charging,131.0,25.79,25.0,
279.0,easyBike_reverse2.0,easyBike,charging,80.0,25.78,25.0,
279.0,easyBike_reverse4.1,easyBike,charging,122.0,25.78,25.0,
279.0,easyBike_reverse4.0,easyBike,waiting,,0.0,0.0,76.0
279.0,easyBike_reverse2.3,easyBike,waiting,,0.0,0.0,47.0
279.0,easyBike_reverse3.3,easyBike,waiting,,0.0,0.0,28.0
280.0,easyBike_reverse2.1,easyBike,charging,138.0,25.78,25.0,
280.0,easyBike_reverse3.0,easyBike,charging,83.0,25.8,25.0,
280.0,easyBike_reverse3.1,easyBike,charging,132.0,25.79,25.0,
280.0,easyBike_reverse2.0,easyBike,charging,81.0,25.78,25.0,
280.0,easyBike_reverse4.1,easyBike,charging,123.0,25.78,25.0,
280.0,easyBike_reverse4.0,easyBike,waiting,,0.0,0.0,77.0
280.0,easyBike_reverse2.3,easyBike,waiting,,0.0,0.0,48.0
280.0,easyBike_reverse3.3,easyBike,waiting,,0.0,0.0,29.0
281.0,easyBike_reverse2.1,easyBike,charging,139.0,25.78,25.0,
281.0,easyBike_reverse3.0,easyBike,charging,84.0,25.8,25.0,
281.0,easyBike_reverse3.1,easyBike,charging,133.0,25.79,25.0,
281.0,easyBike_reverse2.0,easyBike,charging,82.0,25.78,25.0,
281.0,easyBike_reverse4.1,easyBike,charging,124.0,25.77,25.0,
281.0,easyBike_reverse4.0,easyBike,waiting,,0.0,0.0,78.0
281.0,easyBike_reverse2.3,easyBike,waiting,,0.0,0.0,49.0
281.0,easyBike_reverse3.3,easyBike,waiting,,0.0,0.0,30.0
282.0,easyBike_reverse2.1,easyBike,charging,140.0,25.77,25.0,
282.0,easyBike_reverse3.0,easyBike,charging,85.0,25.8,25.0,
282.0,easyBike_reverse3.1,easyBike,charging,134.0,25.78,25.0,
282.0,easyBike_reverse2.0,easyBike,charging,83.0,25.78,25.0,
282.0,easyBike_reverse4.1,easyBike,charging,125.0,25.77,25.0,
282.0,easyBike_reverse4.0,easyBike,waiting,,0.0,0.0,79.0
282.0,easyBike_reverse2.3,easyBike,waiting,,0.0,0.0,50.0
282.0,easyBike_reverse3.3,easyBike,waiting,,0.0,0.0,31.0
283.0,easyBike_reverse2.1,easyBike,charging,141.0,25.77,25.0,
283.0,easyBike_reverse3.0,easyBike,charging,86.0,25.8,25.0,
283.0,easyBike_reverse3.1,easyBike,charging,135.0,25.77,25.0,
283.0,easyBike_reverse2.0,easyBike,charging,84.0,25.78,25.0,
283.0,easyBike_reverse4.1,easyBike,charging,126.0,25.77,25.0,
283.0,easyBike_reverse4.0,easyBike,waiting,,0.0,0.0,80.0
283.0,easyBike_reverse2.3,easyBike,waiting,,0.0,0.0,51.0
283.0,easyBike_reverse3.3,easyBike,waiting,,0.0,0.0,32.0
284.0,easyBike_reverse2.1,easyBike,charging,142.0,25.77,25.0,
284.0,easyBike_reverse3.0,easyBike,charging,87.0,25.8,25.0,
284.0,easyBike_reverse3.1,easyBike,charging,136.0,25.77,25.0,
284.0,easyBike_reverse2.0,easyBike,charging,85.0,25.78,25.0,
284.0,easyBike_reverse4.1,easyBike,charging,127.0,25.77,25.0,
284.0,easyBike_reverse4.0,easyBike,waiting,,0.0,0.0,81.0
284.0,easyBike_reverse2.3,easyBike,waiting,,0.0,0.0,52.0
284.0,easyBike_reverse3.3,easyBike,waiting,,0.0,0.0,33.0
285.0,easyBike_reverse2.1,easyBike,charging,143.0,25.77,25.0,
285.0,easyBike_reverse3.0,easyBike,charging,88.0,25.8,25.0,
285.0,easyBike_reverse3.1,easyBike,charging,137.0,25.77,25.0,
285.0,easyBike_reverse2.0,easyBike,charging,86.0,25.78,25.0,
285.0,easyBike_reverse4.1,easyBike,charging,128.0,25.76,25.0,
285.0,easyBike_reverse4.0,easyBike,waiting,,0.0,0.0,82.0
285.0,easyBike_reverse2.3,easyBike,waiting,,0.0,0.0,53.0
285.0,easyBike_reverse3.3,easyBike,waiting,,0.0,0.0,34.0
286.0,easyBike_reverse2.1,easyBike,charging,144.0,25.77,25.0,
286.0,easyBike_reverse3.0,easyBike,charging,89.0,25.8,25.0,
286.0,easyBike_reverse3.1,easyBike,charging,138.0,25.77,25.0,
286.0,easyBike_reverse2.0,easyBike,charging,87.0,25.78,25.0,
286.0,easyBike_reverse4.1,easyBike,charging,129.0,25.77,25.0,
286.0,easyBike_reverse4.0,easyBike,waiting,,0.0,0.0,83.0
286.0,easyBike_reverse2.3,easyBike,waiting,,0.0,0.0,54.0
286.0,easyBike_reverse3.3,easyBike,waiting,,0.0,0.0,35.0
287.0,easyBike_reverse2.1,easyBike,charging,145.0,25.77,25.0,
287.0,easyBike_reverse3.0,easyBike,charging,90.0,25.8,25.0,
287.0,easyBike_reverse3.1,easyBike,charging,139.0,25.77,25.0,
287.0,easyBike_reverse2.0,easyBike,charging,88.0,25.78,25.0,
287.0,easyBike_reverse4.1,easyBike,charging,130.0,25.78,25.0,
287.0,easyBike_reverse4.0,easyBike,waiting,,0.0,0.0,84.0
287.0,easyBike_reverse2.3,easyBike,waiting,,0.0,0.0,55.0
287.0,easyBike_reverse3.3,easyBike,waiting,,0.0,0.0,36.0
288.0,easyBike_reverse2.1,easyBike,charging,146.0,25.78,25.0,
288.0,easyBike_reverse3.0,easyBike,charging,91.0,25.8,25.0,
288.0,easyBike_reverse3.1,easyBike,charging,140.0,25.78,25.0,
288.0,easyBike_reverse2.0,easyBike,charging,89.0,25.78,25.0,
288.0,easyBike_reverse4.1,easyBike,charging,131.0,25.78,25.0,
288.0,easyBike_reverse4.0,easyBike,waiting,,0.0,0.0,85.0
288.0,easyBike_reverse2.3,easyBike,waiting,,0.0,0.0,56.0
288.0,easyBike_reverse3.3,easyBike,waiting,,0.0,0.0,37.0
289.0,easyBike_reverse2.1,easyBike,charging,147.0,25.78,25.0,
289.0,easyBike_reverse3.0,easyBike,charging,92.0,25.8,25.0,
289.0,easyBike_reverse3.1,easyBike,charging,141.0,25.78,25.0,
289.0,easyBike_reverse2.0,easyBike,charging,90.0,25.78,25.0,
289.0,easyBike_reverse4.1,easyBike,charging,132.0,25.78,25.0,
289.0,easyBike_reverse4.0,easyBike,waiting,,0.0,0.0,86.0
289.0,easyBike_reverse2.3,easyBike,waiting,,0.0,0.0,57.0
289.0,easyBike_reverse3.3,easyBike,waiting,,0.0,0.0,38.0
290.0,easyBike_reverse2.1,easyBike,charging,148.0,25.77,25.0,
290.0,easyBike_reverse3.0,easyBike,charging,93.0,25.8,25.0,
290.0,easyBike_reverse3.1,easyBike,charging,142.0,25.78,25.0,
290.0,easyBike_reverse2.0,easyBike,charging,91.0,25.78,25.0,
290.0,easyBike_reverse4.1,easyBike,charging,133.0,25.78,25.0,
290.0,easyBike_reverse4.0,easyBike,waiting,,0.0,0.0,87.0
290.0,easyBike_reverse2.3,easyBike,waiting,,0.0,0.0,58.0
290.0,easyBike_reverse3.3,easyBike,waiting,,0.0,0.0,39.0
291.0,easyBike_reverse2.1,easyBike,charging,149.0,25.77,25.0,
291.0,easyBike_reverse3.0,easyBike,charging,94.0,25.8,25.0,
291.0,easyBike_reverse3.1,easyBike,charging,143.0,25.78,25.0,
291.0,easyBike_reverse2.0,easyBike,charging,92.0,25.78,25.0,
291.0,easyBike_reverse4.1,easyBike,charging,134.0,25.78,25.0,
291.0,easyBike_reverse4.0,easyBike,waiting,,0.0,0.0,88.0
291.0,easyBike_reverse2.3,easyBike,waiting,,0.0,0.0,59.0
291.0,easyBike_reverse3.3,easyBike,waiting,,0.0,0.0,40.0
292.0,easyBike_reverse2.1,easyBike,charging,150.0,25.77,25.0,
292.0,easyBike_reverse3.0,easyBike,charging,95.0,25.8,25.0,
292.0,easyBike_reverse3.1,easyBike,charging,144.0,25.78,25.0,
292.0,easyBike_reverse2.0,easyBike,charging,93.0,25.78,25.0,
292.0,easyBike_reverse4.1,easyBike,charging,135.0,25.78,25.0,
292.0,easyBike_reverse4.0,easyBike,waiting,,0.0,0.0,89.0
292.0,easyBike_reverse2.3,easyBike,waiting,,0.0,0.0,60.0
292.0,easyBike_reverse3.3,easyBike,waiting,,0.0,0.0,41.0
293.0,easyBike_reverse2.1,easyBike,charging,151.0,25.78,25.0,
293.0,easyBike_reverse3.0,easyBike,charging,96.0,25.8,25.0,
293.0,easyBike_reverse3.1,easyBike,charging,145.0,25.78,25.0,
293.0,easyBike_reverse2.0,easyBike,charging,94.0,25.78,25.0,
293.0,easyBike_reverse4.1,easyBike,charging,136.0,25.78,25.0,
293.0,easyBike_reverse4.0,easyBike,waiting,,0.0,0.0,90.0
293.0,easyBike_reverse2.3,easyBike,waiting,,0.0,0.0,61.0
293.0,easyBike_reverse3.3,easyBike,waiting,,0.0,0.0,42.0
294.0,easyBike_reverse2.1,easyBike,charging,152.0,25.78,25.0,
294.0,easyBike_reverse3.0,easyBike,charging,97.0,25.8,25.0,
294.0,easyBike_reverse3.1,easyBike,charging,146.0,25.78,25.0,
294.0,easyBike_reverse2.0,easyBike,charging,95.0,25.78,25.0,
294.0,easyBike_reverse4.1,easyBike,charging,137.0,25.78,25.0,
294.0,easyBike_reverse4.0,easyBike,waiting,,0.0,0.0,91.0
294.0,easyBike_reverse2.3,easyBike,waiting,,0.0,0.0,62.0
294.0,easyBike_reverse3.3,easyBike,waiting,,0.0,0.0,43.0
295.0,easyBike_reverse2.1,easyBike,charging,153.0,25.78,25.0,
295.0,easyBike_reverse3.0,easyBike,charging,98.0,25.8,25.0,
295.0,easyBike_reverse3.1,easyBike,charging,147.0,25.78,25.0,
295.0,easyBike_reverse2.0,easyBike,charging,96.0,25.78,25.0,
295.0,easyBike_reverse4.1,easyBike,charging,138.0,25.78,25.0,
295.0,easyBike_reverse4.0,easyBike,waiting,,0.0,0.0,92.0
295.0,easyBike_reverse2.3,easyBike,waiting,,0.0,0.0,63.0
295.0,easyBike_reverse3.3,easyBike,waiting,,0.0,0.0,44.0
296.0,easyBike_reverse2.1,easyBike,charging,154.0,25.78,25.0,
296.0,easyBike_reverse3.0,easyBike,charging,99.0,25.8,25.0,
296.0,easyBike_reverse3.1,easyBike,charging,148.0,25.78,25.0,
296.0,easyBike_reverse2.0,easyBike,charging,97.0,25.78,25.0,
296.0,easyBike_reverse4.1,easyBike,charging,139.0,25.78,25.0,
296.0,easyBike_reverse4.0,easyBike,waiting,,0.0,0.0,93.0
296.0,easyBike_reverse2.3,easyBike,waiting,,0.0,0.0,64.0
296.0,easyBike_reverse3.3,easyBike,waiting,,0.0,0.0,45.0
297.0,easyBike_reverse2.1,easyBike,charging,155.0,25.78,25.0,
297.0,easyBike_reverse3.0,easyBike,charging,100.0,25.8,25.0,
297.0,easyBike_reverse3.1,easyBike,charging,149.0,25.78,25.0,
297.0,easyBike_reverse2.0,easyBike,charging,98.0,25.78,25.0,
297.0,easyBike_reverse4.1,easyBike,charging,140.0,25.78,25.0,
297.0,easyBike_reverse4.0,easyBike,waiting,,0.0,0.0,94.0
297.0,easyBike_reverse2.3,easyBike,waiting,,0.0,0.0,65.0
297.0,easyBike_reverse3.3,easyBike,waiting,,0.0,0.0,46.0
298.0,easyBike_reverse2.1,easyBike,charging,156.0,25.78,25.0,
298.0,easyBike_reverse3.0,easyBike,charging,101.0,25.8,25.0,
298.0,easyBike_reverse3.1,easyBike,charging,150.0,25.78,25.0,
298.0,easyBike_reverse2.0,easyBike,charging,99.0,25.78,25.0,
298.0,easyBike_reverse4.1,easyBike,charging,141.0,25.78,25.0,
298.0,easyBike_reverse4.0,easyBike,waiting,,0.0,0.0,95.0
298.0,easyBike_reverse2.3,easyBike,waiting,,0.0,0.0,66.0
298.0,easyBike_reverse3.3,easyBike,waiting,,0.0,0.0,47.0
299.0,easyBike_reverse2.1,easyBike,charging,157.0,25.78,25.0,
299.0,easyBike_reverse3.0,easyBike,charging,102.0,25.8,25.0,
299.0,easyBike_reverse3.1,easyBike,charging,151.0,25.78,25.0,
299.0,easyBike_reverse2.0,easyBike,charging,100.0,25.78,25.0,
299.0,easyBike_reverse4.1,easyBike,charging,142.0,25.78,25.0,
299.0,easyBike_reverse4.0,easyBike,waiting,,0.0,0.0,96.0
299.0,easyBike_reverse2.3,easyBike,waiting,,0.0,0.0,67.0
299.0,easyBike_reverse3.3,easyBike,waiting,,0.0,0.0,48.0
300.0,easyBike_reverse2.1,easyBike,charging,158.0,25.78,25.0,
300.0,easyBike_reverse3.0,easyBike,charging,103.0,25.8,25.0,
300.0,easyBike_reverse3.1,easyBike,charging,152.0,25.78,25.0,
300.0,easyBike_reverse2.0,easyBike,charging,101.0,25.78,25.0,
300.0,easyBike_reverse4.1,easyBike,charging,143.0,25.78,25.0,
300.0,easyBike_reverse4.0,easyBike,waiting,,0.0,0.0,97.0
300.0,easyBike_reverse2.3,easyBike,waiting,,0.0,0.0,68.0
300.0,easyBike_reverse3.3,easyBike,waiting,,0.0,0.0,49.0
301.0,easyBike_reverse2.1,easyBike,charging,159.0,25.78,25.0,
301.0,easyBike_reverse3.0,easyBike,charging,104.0,25.8,25.0,
301.0,easyBike_reverse3.1,easyBike,charging,153.0,25.78,25.0,
301.0,easyBike_reverse2.0,easyBike,charging,102.0,25.78,25.0,
301.0,easyBike_reverse4.1,easyBike,charging,144.0,25.78,25.0,
301.0,easyBike_reverse4.0,easyBike,waiting,,0.0,0.0,98.0
301.0,easyBike_reverse2.3,easyBike,waiting,,0.0,0.0,69.0
301.0,easyBike_reverse3.3,easyBike,waiting,,0.0,0.0,50.0
302.0,easyBike_reverse2.1,easyBike,charging,160.0,25.78,25.0,
302.0,easyBike_reverse3.0,easyBike,charging,105.0,25.8,25.0,
302.0,easyBike_reverse3.1,easyBike,charging,154.0,25.78,25.0,
302.0,easyBike_reverse2.0,easyBike,charging,103.0,25.78,25.0,
302.0,easyBike_reverse4.1,easyBike,charging,145.0,25.78,25.0,
302.0,easyBike_reverse4.0,easyBike,waiting,,0.0,0.0,99.0
302.0,easyBike_reverse2.3,easyBike,waiting,,0.0,0.0,70.0
302.0,easyBike_reverse3.3,easyBike,waiting,,0.0,0.0,51.0
303.0,easyBike_reverse2.1,easyBike,charging,161.0,25.78,25.0,
303.0,easyBike_reverse3.0,easyBike,charging,106.0,25.8,25.0,
303.0,easyBike_reverse3.1,easyBike,charging,155.0,25.78,25.0,
303.0,easyBike_reverse2.0,easyBike,charging,104.0,25.78,25.0,
303.0,easyBike_reverse4.1,easyBike,charging,146.0,25.78,25.0,
303.0,easyBike_reverse4.0,easyBike,waiting,,0.0,0.0,100.0
303.0,easyBike_reverse2.3,easyBike,waiting,,0.0,0.0,71.0
303.0,easyBike_reverse3.3,easyBike,waiting,,0.0,0.0,52.0
304.0,easyBike_reverse2.1,easyBike,charging,162.0,25.78,25.0,
304.0,easyBike_reverse3.0,easyBike,charging,107.0,25.8,25.0,
304.0,easyBike_reverse3.1,easyBike,charging,156.0,25.78,25.0,
304.0,easyBike_reverse2.0,easyBike,charging,105.0,25.78,25.0,
304.0,easyBike_reverse4.1,easyBike,charging,147.0,25.78,25.0,
304.0,easyBike_reverse4.0,easyBike,waiting,,0.0,0.0,101.0
304.0,easyBike_reverse2.3,easyBike,waiting,,0.0,0.0,72.0
304.0,easyBike_reverse3.3,easyBike,waiting,,0.0,0.0,53.0
305.0,easyBike_reverse2.1,easyBike,charging,163.0,25.78,25.0,
305.0,easyBike_reverse3.0,easyBike,charging,108.0,25.8,25.0,
305.0,easyBike_reverse3.1,easyBike,charging,157.0,25.78,25.0,
305.0,easyBike_reverse2.0,easyBike,charging,106.0,25.78,25.0,
305.0,easyBike_reverse4.1,easyBike,charging,148.0,25.78,25.0,
305.0,easyBike_reverse4.0,easyBike,waiting,,0.0,0.0,102.0
305.0,easyBike_reverse2.3,easyBike,waiting,,0.0,0.0,73.0
305.0,easyBike_reverse3.3,easyBike,waiting,,0.0,0.0,54.0
306.0,easyBike_reverse2.1,easyBike,charging,164.0,25.78,25.0,
306.0,easyBike_reverse3.0,easyBike,charging,109.0,25.8,25.0,
306.0,easyBike_reverse3.1,easyBike,charging,158.0,25.78,25.0,
306.0,easyBike_reverse2.0,easyBike,charging,107.0,25.78,25.0,
306.0,easyBike_reverse4.1,easyBike,charging,149.0,25.78,25.0,
306.0,easyBike_reverse4.0,easyBike,waiting,,0.0,0.0,103.0
306.0,easyBike_reverse2.3,easyBike,waiting,,0.0,0.0,74.0
306.0,easyBike_reverse3.3,easyBike,waiting,,0.0,0.0,55.0
307.0,easyBike_reverse2.1,easyBike,charging,165.0,25.78,25.0,
307.0,easyBike_reverse3.0,easyBike,charging,110.0,25.8,25.0,
307.0,easyBike_reverse3.1,easyBike,charging,159.0,25.78,25.0,
307.0,easyBike_reverse2.0,easyBike,charging,108.0,25.78,25.0,
307.0,easyBike_reverse4.1,easyBike,charging,150.0,25.78,25.0,
307.0,easyBike_reverse4.0,easyBike,waiting,,0.0,0.0,104.0
307.0,easyBike_reverse2.3,easyBike,waiting,,0.0,0.0,75.0
307.0,easyBike_reverse3.3,easyBike,waiting,,0.0,0.0,56.0
308.0,easyBike_reverse2.1,easyBike,charging,166.0,25.78,25.0,
308.0,easyBike_reverse3.0,easyBike,charging,111.0,25.8,25.0,
308.0,easyBike_reverse3.1,easyBike,charging,160.0,25.78,25.0,
308.0,easyBike_reverse2.0,easyBike,charging,109.0,25.78,25.0,
308.0,easyBike_reverse4.1,easyBike,charging,151.0,25.78,25.0,
308.0,easyBike_reverse4.0,easyBike,waiting,,0.0,0.0,105.0
308.0,easyBike_reverse2.3,easyBike,waiting,,0.0,0.0,76.0
308.0,easyBike_reverse3.3,easyBike,waiting,,0.0,0.0,57.0
309.0,easyBike_reverse2.1,easyBike,charging,167.0,25.78,25.0,
309.0,easyBike_reverse3.0,easyBike,charging,112.0,25.8,25.0,
309.0,easyBike_reverse3.1,easyBike,charging,161.0,25.78,25.0,
309.0,easyBike_reverse2.0,easyBike,charging,110.0,25.78,25.0,
309.0,easyBike_reverse4.1,easyBike,charging,152.0,25.78,25.0,
309.0,easyBike_reverse4.0,easyBike,waiting,,0.0,0.0,106.0
309.0,easyBike_reverse2.3,easyBike,waiting,,0.0,0.0,77.0
309.0,easyBike_reverse3.3,easyBike,waiting,,0.0,0.0,58.0
310.0,easyBike_reverse2.1,easyBike,charging,168.0,25.78,25.0,
310.0,easyBike_reverse3.0,easyBike,charging,113.0,25.8,25.0,
310.0,easyBike_reverse3.1,easyBike,charging,162.0,25.78,25.0,
310.0,easyBike_reverse2.0,easyBike,charging,111.0,25.78,25.0,
310.0,easyBike_reverse4.1,easyBike,charging,153.0,25.78,25.0,
310.0,easyBike_reverse4.0,easyBike,waiting,,0.0,0.0,107.0
310.0,easyBike_reverse2.3,easyBike,waiting,,0.0,0.0,78.0
310.0,easyBike_reverse3.3,easyBike,waiting,,0.0,0.0,59.0
311.0,easyBike_reverse2.1,easyBike,charging,169.0,25.78,25.0,
311.0,easyBike_reverse3.0,easyBike,charging,114.0,25.8,25.0,
311.0,easyBike_reverse3.1,easyBike,charging,163.0,25.78,25.0,
311.0,easyBike_reverse2.0,easyBike,charging,112.0,25.78,25.0,
311.0,easyBike_reverse4.1,easyBike,charging,154.0,25.78,25.0,
311.0,easyBike_reverse4.0,easyBike,waiting,,0.0,0.0,108.0
311.0,easyBike_reverse2.3,easyBike,waiting,,0.0,0.0,79.0
311.0,easyBike_reverse3.3,easyBike,waiting,,0.0,0.0,60.0
312.0,easyBike_reverse2.1,easyBike,charging,170.0,25.78,25.0,
312.0,easyBike_reverse3.0,easyBike,charging,115.0,25.8,25.0,
312.0,easyBike_reverse3.1,easyBike,charging,164.0,25.78,25.0,
312.0,easyBike_reverse2.0,easyBike,charging,113.0,25.78,25.0,
312.0,easyBike_reverse4.1,easyBike,charging,155.0,25.78,25.0,
312.0,easyBike_reverse4.0,easyBike,waiting,,0.0,0.0,109.0
312.0,easyBike_reverse2.3,easyBike,waiting,,0.0,0.0,80.0
312.0,easyBike_reverse3.3,easyBike,waiting,,0.0,0.0,61.0
313.0,easyBike_reverse2.1,easyBike,charging,171.0,25.78,25.0,
313.0,easyBike_reverse3.0,easyBike,charging,116.0,25.8,25.0,
313.0,easyBike_reverse3.1,easyBike,charging,165.0,25.78,25.0,
313.0,easyBike_reverse2.0,easyBike,charging,114.0,25.78,25.0,
313.0,easyBike_reverse4.1,easyBike,charging,156.0,25.78,25.0,
313.0,easyBike_reverse4.0,easyBike,waiting,,0.0,0.0,110.0
313.0,easyBike_reverse2.3,easyBike,waiting,,0.0,0.0,81.0
313.0,easyBike_reverse3.3,easyBike,waiting,,0.0,0.0,62.0
314.0,easyBike_reverse2.1,easyBike,charging,172.0,25.78,25.0,
314.0,easyBike_reverse3.0,easyBike,charging,117.0,25.8,25.0,
314.0,easyBike_reverse3.1,easyBike,charging,166.0,25.78,25.0,
314.0,easyBike_reverse2.0,easyBike,charging,115.0,25.78,25.0,
314.0,easyBike_reverse4.1,easyBike,charging,157.0,25.78,25.0,
314.0,easyBike_reverse4.0,easyBike,waiting,,0.0,0.0,111.0
314.0,easyBike_reverse2.3,easyBike,waiting,,0.0,0.0,82.0
314.0,easyBike_reverse3.3,easyBike,waiting,,0.0,0.0,63.0
315.0,easyBike_reverse2.1,easyBike,charging,173.0,25.78,25.0,
315.0,easyBike_reverse3.0,easyBike,charging,118.0,25.8,25.0,
315.0,easyBike_reverse3.1,easyBike,charging,167.0,25.78,25.0,
315.0,easyBike_reverse2.0,easyBike,charging,116.0,25.78,25.0,
315.0,easyBike_reverse4.1,easyBike,charging,158.0,25.78,25.0,
315.0,easyBike_reverse4.0,easyBike,waiting,,0.0,0.0,112.0
315.0,easyBike_reverse2.3,easyBike,waiting,,0.0,0.0,83.0
315.0,easyBike_reverse3.3,easyBike,waiting,,0.0,0.0,64.0
316.0,easyBike_reverse2.1,easyBike,charging,174.0,25.78,25.0,
316.0,easyBike_reverse3.0,easyBike,charging,119.0,25.8,25.0,
316.0,easyBike_reverse3.1,easyBike,charging,168.0,25.78,25.0,
316.0,easyBike_reverse2.0,easyBike,charging,117.0,25.78,25.0,
316.0,easyBike_reverse4.1,easyBike,charging,159.0,25.78,25.0,
316.0,easyBike_reverse4.0,easyBike,waiting,,0.0,0.0,113.0
316.0,easyBike_reverse2.3,easyBike,waiting,,0.0,0.0,84.0
316.0,easyBike_reverse3.3,easyBike,waiting,,0.0,0.0,65.0
317.0,easyBike_reverse2.1,easyBike,charging,175.0,25.78,25.0,
317.0,easyBike_reverse3.0,easyBike,charging,120.0,25.8,25.0,
317.0,easyBike_reverse3.1,easyBike,charging,169.0,25.78,25.0,
317.0,easyBike_reverse2.0,easyBike,charging,118.0,25.78,25.0,
317.0,easyBike_reverse4.1,easyBike,charging,160.0,25.78,25.0,
317.0,easyBike_reverse4.0,easyBike,waiting,,0.0,0.0,114.0
317.0,easyBike_reverse2.3,easyBike,waiting,,0.0,0.0,85.0
317.0,easyBike_reverse3.3,easyBike,waiting,,0.0,0.0,66.0
318.0,easyBike_reverse2.1,easyBike,charging,176.0,25.78,25.0,
318.0,easyBike_reverse3.0,easyBike,charging,121.0,25.8,25.0,
318.0,easyBike_reverse3.1,easyBike,charging,170.0,25.78,25.0,
318.0,easyBike_reverse2.0,easyBike,charging,119.0,25.78,25.0,
318.0,easyBike_reverse4.1,easyBike,charging,161.0,25.78,25.0,
318.0,easyBike_reverse4.0,easyBike,waiting,,0.0,0.0,115.0
318.0,easyBike_reverse2.3,easyBike,waiting,,0.0,0.0,86.0
318.0,easyBike_reverse3.3,easyBike,waiting,,0.0,0.0,67.0
319.0,easyBike_reverse2.1,easyBike,charging,177.0,25.78,25.0,
319.0,easyBike_reverse3.0,easyBike,charging,122.0,25.8,25.0,
319.0,easyBike_reverse3.1,easyBike,charging,171.0,25.78,25.0,
319.0,easyBike_reverse2.0,easyBike,charging,120.0,25.78,25.0,
319.0,easyBike_reverse4.1,easyBike,charging,162.0,25.78,25.0,
319.0,easyBike_reverse4.0,easyBike,waiting,,0.0,0.0,116.0
319.0,easyBike_reverse2.3,easyBike,waiting,,0.0,0.0,87.0
319.0,easyBike_reverse3.3,easyBike,waiting,,0.0,0.0,68.0
320.0,easyBike_reverse2.1,easyBike,charging,178.0,25.78,25.0,
320.0,easyBike_reverse3.0,easyBike,charging,123.0,25.8,25.0,
320.0,easyBike_reverse3.1,easyBike,charging,172.0,25.78,25.0,
320.0,easyBike_reverse2.0,easyBike,charging,121.0,25.78,25.0,
320.0,easyBike_reverse4.1,easyBike,charging,163.0,25.78,25.0,
320.0,easyBike_reverse4.0,easyBike,waiting,,0.0,0.0,117.0
320.0,easyBike_reverse2.3,easyBike,waiting,,0.0,0.0,88.0
320.0,easyBike_reverse3.3,easyBike,waiting,,0.0,0.0,69.0
321.0,easyBike_reverse2.1,easyBike,charging,179.0,25.78,25.0,
321.0,easyBike_reverse3.0,easyBike,charging,124.0,25.8,25.0,
321.0,easyBike_reverse3.1,easyBike,charging,173.0,25.78,25.0,
321.0,easyBike_reverse2.0,easyBike,charging,122.0,25.78,25.0,
321.0,easyBike_reverse4.1,easyBike,charging,164.0,25.78,25.0,
321.0,easyBike_reverse4.0,easyBike,waiting,,0.0,0.0,118.0
321.0,easyBike_reverse2.3,easyBike,waiting,,0.0,0.0,89.0
321.0,easyBike_reverse3.3,easyBike,waiting,,0.0,0.0,70.0
322.0,easyBike_reverse2.1,easyBike,charging,180.0,25.78,25.0,
322.0,easyBike_reverse3.0,easyBike,charging,125.0,25.8,25.0,
322.0,easyBike_reverse3.1,easyBike,charging,174.0,25.78,25.0,
322.0,easyBike_reverse2.0,easyBike,charging,123.0,25.78,25.0,
322.0,easyBike_reverse4.1,easyBike,charging,165.0,25.78,25.0,
322.0,easyBike_reverse4.0,easyBike,waiting,,0.0,0.0,119.0
322.0,easyBike_reverse2.3,easyBike,waiting,,0.0,0.0,90.0
322.0,easyBike_reverse3.3,easyBike,waiting,,0.0,0.0,71.0
323.0,easyBike_reverse2.1,easyBike,charging,181.0,25.78,25.0,
323.0,easyBike_reverse3.0,easyBike,charging,126.0,25.8,25.0,
323.0,easyBike_reverse3.1,easyBike,charging,175.0,25.78,25.0,
323.0,easyBike_reverse2.0,easyBike,charging,124.0,25.78,25.0,
323.0,easyBike_reverse4.1,easyBike,charging,166.0,25.78,25.0,
323.0,easyBike_reverse4.0,easyBike,waiting,,0.0,0.0,120.0
323.0,easyBike_reverse2.3,easyBike,waiting,,0.0,0.0,91.0
323.0,easyBike_reverse3.3,easyBike,waiting,,0.0,0.0,72.0
324.0,easyBike_reverse2.1,easyBike,charging,182.0,25.78,25.0,
324.0,easyBike_reverse3.0,easyBike,charging,127.0,25.8,25.0,
324.0,easyBike_reverse3.1,easyBike,charging,176.0,25.78,25.0,
324.0,easyBike_reverse2.0,easyBike,charging,125.0,25.78,25.0,
324.0,easyBike_reverse4.1,easyBike,charging,167.0,25.78,25.0,
324.0,easyBike_reverse4.0,easyBike,waiting,,0.0,0.0,121.0
324.0,easyBike_reverse2.3,easyBike,waiting,,0.0,0.0,92.0
324.0,easyBike_reverse3.3,easyBike,waiting,,0.0,0.0,73.0
325.0,easyBike_reverse2.1,easyBike,charging,183.0,25.78,25.0,
325.0,easyBike_reverse3.0,easyBike,charging,128.0,25.8,25.0,
325.0,easyBike_reverse3.1,easyBike,charging,177.0,25.78,25.0,
325.0,easyBike_reverse2.0,easyBike,charging,126.0,25.78,25.0,
325.0,easyBike_reverse4.1,easyBike,charging,168.0,25.78,25.0,
325.0,easyBike_reverse4.0,easyBike,waiting,,0.0,0.0,122.0
325.0,easyBike_reverse2.3,easyBike,waiting,,0.0,0.0,93.0
325.0,easyBike_reverse3.3,easyBike,waiting,,0.0,0.0,74.0
326.0,easyBike_reverse2.1,easyBike,charging,184.0,25.78,25.0,
326.0,easyBike_reverse3.0,easyBike,charging,129.0,25.8,25.0,
326.0,easyBike_reverse3.1,easyBike,charging,178.0,25.78,25.0,
326.0,easyBike_reverse2.0,easyBike,charging,127.0,25.78,25.0,
326.0,easyBike_reverse4.1,easyBike,charging,169.0,25.78,25.0,
326.0,easyBike_reverse4.0,easyBike,waiting,,0.0,0.0,123.0
326.0,easyBike_reverse2.3,easyBike,waiting,,0.0,0.0,94.0
326.0,easyBike_reverse3.3,easyBike,waiting,,0.0,0.0,75.0
327.0,easyBike_reverse2.1,easyBike,charging,185.0,25.78,25.0,
327.0,easyBike_reverse3.0,easyBike,charging,130.0,25.8,25.0,
327.0,easyBike_reverse3.1,easyBike,charging,179.0,25.78,25.0,
327.0,easyBike_reverse2.0,easyBike,charging,128.0,25.78,25.0,
327.0,easyBike_reverse4.1,easyBike,charging,170.0,25.78,25.0,
327.0,easyBike_reverse4.0,easyBike,waiting,,0.0,0.0,124.0
327.0,easyBike_reverse2.3,easyBike,waiting,,0.0,0.0,95.0
327.0,easyBike_reverse3.3,easyBike,waiting,,0.0,0.0,76.0
328.0,easyBike_reverse2.1,easyBike,charging,186.0,25.78,25.0,
328.0,easyBike_reverse3.0,easyBike,charging,131.0,25.8,25.0,
328.0,easyBike_reverse3.1,easyBike,charging,180.0,25.78,25.0,
328.0,easyBike_reverse2.0,easyBike,charging,129.0,25.78,25.0,
328.0,easyBike_reverse4.1,easyBike,charging,171.0,25.78,25.0,
328.0,easyBike_reverse4.0,easyBike,waiting,,0.0,0.0,125.0
328.0,easyBike_reverse2.3,easyBike,waiting,,0.0,0.0,96.0
328.0,easyBike_reverse3.3,easyBike,waiting,,0.0,0.0,77.0
329.0,easyBike_reverse2.1,easyBike,charging,187.0,25.78,25.0,
329.0,easyBike_reverse3.0,easyBike,charging,132.0,25.8,25.0,
329.0,easyBike_reverse3.1,easyBike,charging,181.0,25.78,25.0,
329.0,easyBike_reverse2.0,easyBike,charging,130.0,25.78,25.0,
329.0,easyBike_reverse4.1,easyBike,charging,172.0,25.78,25.0,
329.0,easyBike_reverse4.0,easyBike,waiting,,0.0,0.0,126.0
329.0,easyBike_reverse2.3,easyBike,waiting,,0.0,0.0,97.0
329.0,easyBike_reverse3.3,easyBike,waiting,,0.0,0.0,78.0
330.0,easyBike_reverse2.1,easyBike,charging,188.0,25.78,25.0,
330.0,easyBike_reverse3.0,easyBike,charging,133.0,25.8,25.0,
330.0,easyBike_reverse3.1,easyBike,charging,182.0,25.78,25.0,
330.0,easyBike_reverse2.0,easyBike,charging,131.0,25.78,25.0,
330.0,easyBike_reverse4.1,easyBike,charging,173.0,25.78,25.0,
330.0,easyBike_reverse4.0,easyBike,waiting,,0.0,0.0,127.0
330.0,easyBike_reverse2.3,easyBike,waiting,,0.0,0.0,98.0
330.0,easyBike_reverse3.3,easyBike,waiting,,0.0,0.0,79.0
331.0,easyBike_reverse2.1,easyBike,charging,189.0,25.78,25.0,
331.0,easyBike_reverse3.0,easyBike,charging,134.0,25.8,25.0,
331.0,easyBike_reverse3.1,easyBike,charging,183.0,25.78,25.0,
331.0,easyBike_reverse2.0,easyBike,charging,132.0,25.78,25.0,
331.0,easyBike_reverse4.1,easyBike,charging,174.0,25.78,25.0,
331.0,easyBike_reverse4.0,easyBike,waiting,,0.0,0.0,128.0
331.0,easyBike_reverse2.3,easyBike,waiting,,0.0,0.0,99.0
331.0,easyBike_reverse3.3,easyBike,waiting,,0.0,0.0,80.0
332.0,easyBike_reverse2.1,easyBike,charging,190.0,25.78,25.0,
332.0,easyBike_reverse3.0,easyBike,charging,135.0,25.8,25.0,
332.0,easyBike_reverse3.1,easyBike,charging,184.0,25.78,25.0,
332.0,easyBike_reverse2.0,easyBike,charging,133.0,25.78,25.0,
332.0,easyBike_reverse4.1,easyBike,charging,175.0,25.78,25.0,
332.0,easyBike_reverse4.0,easyBike,waiting,,0.0,0.0,129.0
332.0,easyBike_reverse2.3,easyBike,waiting,,0.0,0.0,100.0
332.0,easyBike_reverse3.3,easyBike,waiting,,0.0,0.0,81.0
333.0,easyBike_reverse2.1,easyBike,charging,191.0,25.78,25.0,
333.0,easyBike_reverse3.0,easyBike,charging,136.0,25.8,25.0,
333.0,easyBike_reverse3.1,easyBike,charging,185.0,25.78,25.0,
333.0,easyBike_reverse2.0,easyBike,charging,134.0,25.78,25.0,
333.0,easyBike_reverse4.1,easyBike,charging,176.0,25.78,25.0,
333.0,easyBike_reverse4.0,easyBike,waiting,,0.0,0.0,130.0
333.0,easyBike_reverse2.3,easyBike,waiting,,0.0,0.0,101.0
333.0,easyBike_reverse3.3,easyBike,waiting,,0.0,0.0,82.0
334.0,easyBike_reverse2.1,easyBike,charging,192.0,25.78,25.0,
334.0,easyBike_reverse3.0,easyBike,charging,137.0,25.8,25.0,
334.0,easyBike_reverse3.1,easyBike,charging,186.0,25.78,25.0,
334.0,easyBike_reverse2.0,easyBike,charging,135.0,25.78,25.0,
334.0,easyBike_reverse4.1,easyBike,charging,177.0,25.78,25.0,
334.0,easyBike_reverse4.0,easyBike,waiting,,0.0,0.0,131.0
334.0,easyBike_reverse2.3,easyBike,waiting,,0.0,0.0,102.0
334.0,easyBike_reverse3.3,easyBike,waiting,,0.0,0.0,83.0
335.0,easyBike_reverse2.1,easyBike,charging,193.0,25.78,25.0,
335.0,easyBike_reverse3.0,easyBike,charging,138.0,25.8,25.0,
335.0,easyBike_reverse3.1,easyBike,charging,187.0,25.78,25.0,
335.0,easyBike_reverse2.0,easyBike,charging,136.0,25.78,25.0,
335.0,easyBike_reverse4.1,easyBike,charging,178.0,25.78,25.0,
335.0,easyBike_reverse4.0,easyBike,waiting,,0.0,0.0,132.0
335.0,easyBike_reverse2.3,easyBike,waiting,,0.0,0.0,103.0
335.0,easyBike_reverse3.3,easyBike,waiting,,0.0,0.0,84.0
336.0,easyBike_reverse2.1,easyBike,charging,194.0,25.78,25.0,
336.0,easyBike_reverse3.0,easyBike,charging,139.0,25.8,25.0,
336.0,easyBike_reverse3.1,easyBike,charging,188.0,25.78,25.0,
336.0,easyBike_reverse2.0,easyBike,charging,137.0,25.78,25.0,
336.0,easyBike_reverse4.1,easyBike,charging,179.0,25.78,25.0,
336.0,easyBike_reverse4.0,easyBike,waiting,,0.0,0.0,133.0
336.0,easyBike_reverse2.3,easyBike,waiting,,0.0,0.0,104.0
336.0,easyBike_reverse3.3,easyBike,waiting,,0.0,0.0,85.0
337.0,easyBike_reverse2.1,easyBike,charging,195.0,25.78,25.0,
337.0,easyBike_reverse3.0,easyBike,charging,140.0,25.8,25.0,
337.0,easyBike_reverse3.1,easyBike,charging,189.0,25.78,25.0,
337.0,easyBike_reverse2.0,easyBike,charging,138.0,25.78,25.0,
337.0,easyBike_reverse4.1,easyBike,charging,180.0,25.78,25.0,
337.0,easyBike_reverse4.0,easyBike,waiting,,0.0,0.0,134.0
337.0,easyBike_reverse2.3,easyBike,waiting,,0.0,0.0,105.0
337.0,easyBike_reverse3.3,easyBike,waiting,,0.0,0.0,86.0
338.0,easyBike_reverse2.1,easyBike,charging,196.0,25.78,25.0,
338.0,easyBike_reverse3.0,easyBike,charging,141.0,25.8,25.0,
338.0,easyBike_reverse3.1,easyBike,charging,190.0,25.78,25.0,
338.0,easyBike_reverse2.0,easyBike,charging,139.0,25.78,25.0,
338.0,easyBike_reverse4.1,easyBike,charging,181.0,25.78,25.0,
338.0,easyBike_reverse4.0,easyBike,waiting,,0.0,0.0,135.0
338.0,easyBike_reverse2.3,easyBike,waiting,,0.0,0.0,106.0
338.0,easyBike_reverse3.3,easyBike,waiting,,0.0,0.0,87.0
339.0,easyBike_reverse2.1,easyBike,charging,197.0,25.78,25.0,
339.0,easyBike_reverse3.0,easyBike,charging,142.0,25.8,25.0,
339.0,easyBike_reverse3.1,easyBike,charging,191.0,25.78,25.0,
339.0,easyBike_reverse2.0,easyBike,charging,140.0,25.78,25.0,
339.0,easyBike_reverse4.1,easyBike,charging,182.0,25.78,25.0,
339.0,easyBike_reverse4.0,easyBike,waiting,,0.0,0.0,136.0
339.0,easyBike_reverse2.3,easyBike,waiting,,0.0,0.0,107.0
339.0,easyBike_reverse3.3,easyBike,waiting,,0.0,0.0,88.0
340.0,easyBike_reverse2.1,easyBike,charging,198.0,25.78,25.0,
340.0,easyBike_reverse3.0,easyBike,charging,143.0,25.8,25.0,
340.0,easyBike_reverse3.1,easyBike,charging,192.0,25.78,25.0,
340.0,easyBike_reverse2.0,easyBike,charging,141.0,25.78,25.0,
340.0,easyBike_reverse4.1,easyBike,charging,183.0,25.78,25.0,
340.0,easyBike_reverse4.0,easyBike,waiting,,0.0,0.0,137.0
340.0,easyBike_reverse2.3,easyBike,waiting,,0.0,0.0,108.0
340.0,easyBike_reverse3.3,easyBike,waiting,,0.0,0.0,89.0
341.0,easyBike_reverse2.1,easyBike,charging,199.0,25.78,25.0,
341.0,easyBike_reverse3.0,easyBike,charging,144.0,25.8,25.0,
341.0,easyBike_reverse3.1,easyBike,charging,193.0,25.78,25.0,
341.0,easyBike_reverse2.0,easyBike,charging,142.0,25.78,25.0,
341.0,easyBike_reverse4.1,easyBike,charging,184.0,25.78,25.0,
341.0,easyBike_reverse4.0,easyBike,waiting,,0.0,0.0,138.0
341.0,easyBike_reverse2.3,easyBike,waiting,,0.0,0.0,109.0
341.0,easyBike_reverse3.3,easyBike,waiting,,0.0,0.0,90.0
342.0,easyBike_reverse2.1,easyBike,charging,200.0,25.78,25.0,
342.0,easyBike_reverse3.0,easyBike,charging,145.0,25.8,25.0,
342.0,easyBike_reverse3.1,easyBike,charging,194.0,25.77,25.0,
342.0,easyBike_reverse2.0,easyBike,charging,143.0,25.78,25.0,
342.0,easyBike_reverse4.1,easyBike,charging,185.0,25.78,25.0,
342.0,easyBike_reverse4.0,easyBike,waiting,,0.0,0.0,139.0
342.0,easyBike_reverse2.3,easyBike,waiting,,0.0,0.0,110.0
342.0,easyBike_reverse3.3,easyBike,waiting,,0.0,0.0,91.0
343.0,easyBike_reverse2.1,easyBike,charging,201.0,25.78,25.0,
343.0,easyBike_reverse3.0,easyBike,charging,146.0,25.8,25.0,
343.0,easyBike_reverse3.1,easyBike,charging,195.0,25.77,25.0,
343.0,easyBike_reverse2.0,easyBike,charging,144.0,25.78,25.0,
343.0,easyBike_reverse4.1,easyBike,charging,186.0,25.78,25.0,
343.0,easyBike_reverse4.0,easyBike,waiting,,0.0,0.0,140.0
343.0,easyBike_reverse2.3,easyBike,waiting,,0.0,0.0,111.0
343.0,easyBike_reverse3.3,easyBike,waiting,,0.0,0.0,92.0
344.0,easyBike_reverse2.1,easyBike,charging,202.0,25.78,25.0,
344.0,easyBike_reverse3.0,easyBike,charging,147.0,25.8,25.0,
344.0,easyBike_reverse3.1,easyBike,charging,196.0,25.77,25.0,
344.0,easyBike_reverse2.0,easyBike,charging,145.0,25.78,25.0,
344.0,easyBike_reverse4.1,easyBike,charging,187.0,25.78,25.0,
344.0,easyBike_reverse4.0,easyBike,waiting,,0.0,0.0,141.0
344.0,easyBike_reverse2.3,easyBike,waiting,,0.0,0.0,112.0
344.0,easyBike_reverse3.3,easyBike,waiting,,0.0,0.0,93.0
345.0,easyBike_reverse2.1,easyBike,charging,203.0,25.78,25.0,
345.0,easyBike_reverse3.0,easyBike,charging,148.0,25.8,25.0,
345.0,easyBike_reverse3.1,easyBike,charging,197.0,25.77,25.0,
345.0,easyBike_reverse2.0,easyBike,charging,146.0,25.78,25.0,
345.0,easyBike_reverse4.1,easyBike,charging,188.0,25.78,25.0,
345.0,easyBike_reverse4.0,easyBike,waiting,,0.0,0.0,142.0
345.0,easyBike_reverse2.3,easyBike,waiting,,0.0,0.0,113.0
345.0,easyBike_reverse3.3,easyBike,waiting,,0.0,0.0,94.0
346.0,easyBike_reverse2.1,easyBike,charging,204.0,25.78,25.0,
346.0,easyBike_reverse3.0,easyBike,charging,149.0,25.8,25.0,
346.0,easyBike_reverse3.1,easyBike,charging,198.0,25.77,25.0,
346.0,easyBike_reverse2.0,easyBike,charging,147.0,25.78,25.0,
346.0,easyBike_reverse4.1,easyBike,charging,189.0,25.78,25.0,
346.0,easyBike_reverse4.0,easyBike,waiting,,0.0,0.0,143.0
346.0,easyBike_reverse2.3,easyBike,waiting,,0.0,0.0,114.0
346.0,easyBike_reverse3.3,easyBike,waiting,,0.0,0.0,95.0
347.0,easyBike_reverse2.1,easyBike,charging,205.0,25.78,25.0,
347.0,easyBike_reverse3.0,easyBike,charging,150.0,25.8,25.0,
347.0,easyBike_reverse3.1,easyBike,charging,199.0,25.77,25.0,
347.0,easyBike_reverse2.0,easyBike,charging,148.0,25.78,25.0,
347.0,easyBike_reverse4.1,easyBike,charging,190.0,25.78,25.0,
347.0,easyBike_reverse4.0,easyBike,waiting,,0.0,0.0,144.0
347.0,easyBike_reverse2.3,easyBike,waiting,,0.0,0.0,115.0
347.0,easyBike_reverse3.3,easyBike,waiting,,0.0,0.0,96.0
348.0,easyBike_reverse2.1,easyBike,charging,206.0,25.78,25.0,
348.0,easyBike_reverse3.0,easyBike,charging,151.0,25.8,25.0,
348.0,easyBike_reverse3.1,easyBike,charging,200.0,25.77,25.0,
348.0,easyBike_reverse2.0,easyBike,charging,149.0,25.78,25.0,
348.0,easyBike_reverse4.1,easyBike,charging,191.0,25.78,25.0,
348.0,easyBike_reverse4.0,easyBike,waiting,,0.0,0.0,145.0
348.0,easyBike_reverse2.3,easyBike,waiting,,0.0,0.0,116.0
348.0,easyBike_reverse3.3,easyBike,waiting,,0.0,0.0,97.0
349.0,easyBike_reverse2.1,easyBike,charging,207.0,25.78,25.0,
349.0,easyBike_reverse3.0,easyBike,charging,152.0,25.8,25.0,
349.0,easyBike_reverse3.1,easyBike,charging,201.0,25.77,25.0,
349.0,easyBike_reverse2.0,easyBike,charging,150.0,25.78,25.0,
349.0,easyBike_reverse4.1,easyBike,charging,192.0,25.78,25.0,
349.0,easyBike_reverse4.0,easyBike,waiting,,0.0,0.0,146.0
349.0,easyBike_reverse2.3,easyBike,waiting,,0.0,0.0,117.0
349.0,easyBike_reverse3.3,easyBike,waiting,,0.0,0.0,98.0
350.0,easyBike_reverse2.1,easyBike,charging,208.0,25.78,25.0,
350.0,easyBike_reverse3.0,easyBike,charging,153.0,25.8,25.0,
350.0,easyBike_reverse3.1,easyBike,charging,202.0,25.77,25.0,
350.0,easyBike_reverse2.0,easyBike,charging,151.0,25.78,25.0,
350.0,easyBike_reverse4.1,easyBike,charging,193.0,25.78,25.0,
350.0,easyBike_reverse4.0,easyBike,waiting,,0.0,0.0,147.0
350.0,easyBike_reverse2.3,easyBike,waiting,,0.0,0.0,118.0
350.0,easyBike_reverse3.3,easyBike,waiting,,0.0,0.0,99.0
351.0,easyBike_reverse2.1,easyBike,charging,209.0,25.78,25.0,
351.0,easyBike_reverse3.0,easyBike,charging,154.0,25.8,25.0,
351.0,easyBike_reverse3.1,easyBike,charging,203.0,25.77,25.0,
351.0,easyBike_reverse2.0,easyBike,charging,152.0,25.78,25.0,
351.0,easyBike_reverse4.1,easyBike,charging,194.0,25.78,25.0,
351.0,easyBike_reverse4.0,easyBike,waiting,,0.0,0.0,148.0
351.0,easyBike_reverse2.3,easyBike,waiting,,0.0,0.0,119.0
351.0,easyBike_reverse3.3,easyBike,waiting,,0.0,0.0,100.0
352.0,easyBike_reverse2.1,easyBike,charging,210.0,25.78,25.0,
352.0,easyBike_reverse3.0,easyBike,charging,155.0,25.8,25.0,
352.0,easyBike_reverse3.1,easyBike,charging,204.0,25.77,25.0,
352.0,easyBike_reverse2.0,easyBike,charging,153.0,25.78,25.0,
352.0,easyBike_reverse4.1,easyBike,charging,195.0,25.78,25.0,
352.0,easyBike_reverse4.0,easyBike,waiting,,0.0,0.0,149.0
352.0,easyBike_reverse2.3,easyBike,waiting,,0.0,0.0,120.0
352.0,easyBike_reverse3.3,easyBike,waiting,,0.0,0.0,101.0
353.0,easyBike_reverse2.1,easyBike,charging,211.0,25.78,25.0,
353.0,easyBike_reverse3.0,easyBike,charging,156.0,25.8,25.0,
353.0,easyBike_reverse3.1,easyBike,charging,205.0,25.77,25.0,
353.0,easyBike_reverse2.0,easyBike,charging,154.0,25.78,25.0,
353.0,easyBike_reverse4.1,easyBike,charging,196.0,25.78,25.0,
353.0,easyBike_reverse4.0,easyBike,waiting,,0.0,0.0,150.0
353.0,easyBike_reverse2.3,easyBike,waiting,,0.0,0.0,121.0
353.0,easyBike_reverse3.3,easyBike,waiting,,0.0,0.0,102.0
354.0,easyBike_reverse2.1,easyBike,charging,212.0,25.78,25.0,
354.0,easyBike_reverse3.0,easyBike,charging,157.0,25.8,25.0,
354.0,easyBike_reverse3.1,easyBike,charging,206.0,25.77,25.0,
354.0,easyBike_reverse2.0,easyBike,charging,155.0,25.78,25.0,
354.0,easyBike_reverse4.1,easyBike,charging,197.0,25.78,25.0,
354.0,easyBike_reverse4.0,easyBike,waiting,,0.0,0.0,151.0
354.0,easyBike_reverse2.3,easyBike,waiting,,0.0,0.0,122.0
354.0,easyBike_reverse3.3,easyBike,waiting,,0.0,0.0,103.0
355.0,easyBike_reverse2.1,easyBike,charging,213.0,25.78,25.0,
355.0,easyBike_reverse3.0,easyBike,charging,158.0,25.8,25.0,
355.0,easyBike_reverse3.1,easyBike,charging,207.0,25.77,25.0,
355.0,easyBike_reverse2.0,easyBike,charging,156.0,25.78,25.0,
355.0,easyBike_reverse4.1,easyBike,charging,198.0,25.78,25.0,
355.0,easyBike_reverse4.0,easyBike,waiting,,0.0,0.0,152.0
355.0,easyBike_reverse2.3,easyBike,waiting,,0.0,0.0,123.0
355.0,easyBike_reverse3.3,easyBike,waiting,,0.0,0.0,104.0
356.0,easyBike_reverse2.1,easyBike,charging,214.0,25.78,25.0,
356.0,easyBike_reverse3.0,easyBike,charging,159.0,25.8,25.0,
356.0,easyBike_reverse3.1,easyBike,charging,208.0,25.77,25.0,
356.0,easyBike_reverse2.0,easyBike,charging,157.0,25.78,25.0,
356.0,easyBike_reverse4.1,easyBike,charging,199.0,25.78,25.0,
356.0,easyBike_reverse4.0,easyBike,waiting,,0.0,0.0,153.0
356.0,easyBike_reverse2.3,easyBike,waiting,,0.0,0.0,124.0
356.0,easyBike_reverse3.3,easyBike,waiting,,0.0,0.0,105.0
357.0,easyBike_reverse2.1,easyBike,charging,215.0,25.78,25.0,
357.0,easyBike_reverse3.0,easyBike,charging,160.0,25.8,25.0,
357.0,easyBike_reverse3.1,easyBike,charging,209.0,25.77,25.0,
357.0,easyBike_reverse2.0,easyBike,charging,158.0,25.78,25.0,
357.0,easyBike_reverse4.1,easyBike,charging,200.0,25.78,25.0,
357.0,easyBike_reverse4.0,easyBike,waiting,,0.0,0.0,154.0
357.0,easyBike_reverse2.3,easyBike,waiting,,0.0,0.0,125.0
357.0,easyBike_reverse3.3,easyBike,waiting,,0.0,0.0,106.0
358.0,easyBike_reverse2.1,easyBike,charging,216.0,25.78,25.0,
358.0,easyBike_reverse3.0,easyBike,charging,161.0,25.8,25.0,
358.0,easyBike_reverse3.1,easyBike,charging,210.0,25.77,25.0,
358.0,easyBike_reverse2.0,easyBike,charging,159.0,25.78,25.0,
358.0,easyBike_reverse4.1,easyBike,charging,201.0,25.78,25.0,
358.0,easyBike_reverse4.0,easyBike,waiting,,0.0,0.0,155.0
358.0,easyBike_reverse2.3,easyBike,waiting,,0.0,0.0,126.0
358.0,easyBike_reverse3.3,easyBike,waiting,,0.0,0.0,107.0
359.0,easyBike_reverse2.1,easyBike,charging,217.0,25.78,25.0,
359.0,easyBike_reverse3.0,easyBike,charging,162.0,25.8,25.0,
359.0,easyBike_reverse3.1,easyBike,charging,211.0,25.77,25.0,
359.0,easyBike_reverse2.0,easyBike,charging,160.0,25.78,25.0,
359.0,easyBike_reverse4.1,easyBike,charging,202.0,25.78,25.0,
359.0,easyBike_reverse4.0,easyBike,waiting,,0.0,0.0,156.0
359.0,easyBike_reverse2.3,easyBike,waiting,,0.0,0.0,127.0
359.0,easyBike_reverse3.3,easyBike,waiting,,0.0,0.0,108.0
360.0,easyBike_reverse2.1,easyBike,charging,218.0,25.78,25.0,
360.0,easyBike_reverse3.0,easyBike,charging,163.0,25.8,25.0,
360.0,easyBike_reverse3.1,easyBike,charging,212.0,25.77,25.0,
360.0,easyBike_reverse2.0,easyBike,charging,161.0,25.78,25.0,
360.0,easyBike_reverse4.1,easyBike,charging,203.0,25.78,25.0,
360.0,easyBike_reverse4.0,easyBike,waiting,,0.0,0.0,157.0
360.0,easyBike_reverse2.3,easyBike,waiting,,0.0,0.0,128.0
360.0,easyBike_reverse3.3,easyBike,waiting,,0.0,0.0,109.0
361.0,easyBike_reverse2.1,easyBike,charging,219.0,25.78,25.0,
361.0,easyBike_reverse3.0,easyBike,charging,164.0,25.8,25.0,
361.0,easyBike_reverse3.1,easyBike,charging,213.0,25.77,25.0,
361.0,easyBike_reverse2.0,easyBike,charging,162.0,25.78,25.0,
361.0,easyBike_reverse4.1,easyBike,charging,204.0,25.78,25.0,
361.0,easyBike_reverse4.0,easyBike,waiting,,0.0,0.0,158.0
361.0,easyBike_reverse2.3,easyBike,waiting,,0.0,0.0,129.0
361.0,easyBike_reverse3.3,easyBike,waiting,,0.0,0.0,110.0
362.0,easyBike_reverse2.1,easyBike,charging,220.0,25.78,25.0,
362.0,easyBike_reverse3.0,easyBike,charging,165.0,25.8,25.0,
362.0,easyBike_reverse3.1,easyBike,charging,214.0,25.77,25.0,
362.0,easyBike_reverse2.0,easyBike,charging,163.0,25.78,25.0,
362.0,easyBike_reverse4.1,easyBike,charging,205.0,25.78,25.0,
362.0,easyBike_reverse4.0,easyBike,waiting,,0.0,0.0,159.0
362.0,easyBike_reverse2.3,easyBike,waiting,,0.0,0.0,130.0
362.0,easyBike_reverse3.3,easyBike,waiting,,0.0,0.0,111.0
363.0,easyBike_reverse2.1,easyBike,charging,221.0,25.78,25.0,
363.0,easyBike_reverse3.0,easyBike,charging,166.0,25.8,25.0,
363.0,easyBike_reverse3.1,easyBike,charging,215.0,25.77,25.0,
363.0,easyBike_reverse2.0,easyBike,charging,164.0,25.78,25.0,
363.0,easyBike_reverse4.1,easyBike,charging,206.0,25.78,25.0,
363.0,easyBike_reverse4.0,easyBike,waiting,,0.0,0.0,160.0
363.0,easyBike_reverse2.3,easyBike,waiting,,0.0,0.0,131.0
363.0,easyBike_reverse3.3,easyBike,waiting,,0.0,0.0,112.0
364.0,easyBike_reverse2.1,easyBike,charging,222.0,25.78,25.0,
364.0,easyBike_reverse3.0,easyBike,charging,167.0,25.8,25.0,
364.0,easyBike_reverse3.1,easyBike,charging,216.0,25.77,25.0,
364.0,easyBike_reverse2.0,easyBike,charging,165.0,25.78,25.0,
364.0,easyBike_reverse4.1,easyBike,charging,207.0,25.78,25.0,
364.0,easyBike_reverse4.0,easyBike,waiting,,0.0,0.0,161.0
364.0,easyBike_reverse2.3,easyBike,waiting,,0.0,0.0,132.0
364.0,easyBike_reverse3.3,easyBike,waiting,,0.0,0.0,113.0
365.0,easyBike_reverse2.1,easyBike,charging,223.0,25.78,25.0,
365.0,easyBike_reverse3.0,easyBike,charging,168.0,25.8,25.0,
365.0,easyBike_reverse3.1,easyBike,charging,217.0,25.77,25.0,
365.0,easyBike_reverse2.0,easyBike,charging,166.0,25.78,25.0,
365.0,easyBike_reverse4.1,easyBike,charging,208.0,25.78,25.0,
365.0,easyBike_reverse4.0,easyBike,waiting,,0.0,0.0,162.0
365.0,easyBike_reverse2.3,easyBike,waiting,,0.0,0.0,133.0
365.0,easyBike_reverse3.3,easyBike,waiting,,0.0,0.0,114.0
366.0,easyBike_reverse2.1,easyBike,charging,224.0,25.78,25.0,
366.0,easyBike_reverse3.0,easyBike,charging,169.0,25.8,25.0,
366.0,easyBike_reverse3.1,easyBike,charging,218.0,25.77,25.0,
366.0,easyBike_reverse2.0,easyBike,charging,167.0,25.78,25.0,
366.0,easyBike_reverse4.1,easyBike,charging,209.0,25.78,25.0,
366.0,easyBike_reverse4.0,easyBike,waiting,,0.0,0.0,163.0
366.0,easyBike_reverse2.3,easyBike,waiting,,0.0,0.0,134.0
366.0,easyBike_reverse3.3,easyBike,waiting,,0.0,0.0,115.0
367.0,easyBike_reverse2.1,easyBike,charging,225.0,25.78,25.0,
367.0,easyBike_reverse3.0,easyBike,charging,170.0,25.8,25.0,
367.0,easyBike_reverse3.1,easyBike,charging,219.0,25.77,25.0,
367.0,easyBike_reverse2.0,easyBike,charging,168.0,25.78,25.0,
367.0,easyBike_reverse4.1,easyBike,charging,210.0,25.78,25.0,
367.0,easyBike_reverse4.0,easyBike,waiting,,0.0,0.0,164.0
367.0,easyBike_reverse2.3,easyBike,waiting,,0.0,0.0,135.0
367.0,easyBike_reverse3.3,easyBike,waiting,,0.0,0.0,116.0
368.0,easyBike_reverse2.1,easyBike,charging,226.0,25.78,25.0,
368.0,easyBike_reverse3.0,easyBike,charging,171.0,25.8,25.0,
368.0,easyBike_reverse3.1,easyBike,charging,220.0,25.77,25.0,
368.0,easyBike_reverse2.0,easyBike,charging,169.0,25.78,25.0,
368.0,easyBike_reverse4.1,easyBike,charging,211.0,25.78,25.0,
368.0,easyBike_reverse4.0,easyBike,waiting,,0.0,0.0,165.0
368.0,easyBike_reverse2.3,easyBike,waiting,,0.0,0.0,136.0
368.0,easyBike_reverse3.3,easyBike,waiting,,0.0,0.0,117.0
369.0,easyBike_reverse2.1,easyBike,charging,227.0,25.78,25.0,
369.0,easyBike_reverse3.0,easyBike,charging,172.0,25.8,25.0,
369.0,easyBike_reverse3.1,easyBike,charging,221.0,25.77,25.0,
369.0,easyBike_reverse2.0,easyBike,charging,170.0,25.78,25.0,
369.0,easyBike_reverse4.1,easyBike,charging,212.0,25.78,25.0,
369.0,easyBike_reverse4.0,easyBike,waiting,,0.0,0.0,166.0
369.0,easyBike_reverse2.3,easyBike,waiting,,0.0,0.0,137.0
369.0,easyBike_reverse3.3,easyBike,waiting,,0.0,0.0,118.0
370.0,easyBike_reverse2.1,easyBike,charging,228.0,25.78,25.0,
370.0,easyBike_reverse3.0,easyBike,charging,173.0,25.8,25.0,
370.0,easyBike_reverse3.1,easyBike,charging,222.0,25.77,25.0,
370.0,easyBike_reverse2.0,easyBike,charging,171.0,25.78,25.0,
370.0,easyBike_reverse4.1,easyBike,charging,213.0,25.78,25.0,
370.0,easyBike_reverse4.0,easyBike,waiting,,0.0,0.0,167.0
370.0,easyBike_reverse2.3,easyBike,waiting,,0.0,0.0,138.0
370.0,easyBike_reverse3.3,easyBike,waiting,,0.0,0.0,119.0
371.0,easyBike_reverse2.1,easyBike,charging,229.0,25.78,25.0,
371.0,easyBike_reverse3.0,easyBike,charging,174.0,25.8,25.0,
371.0,easyBike_reverse3.1,easyBike,charging,223.0,25.77,25.0,
371.0,easyBike_reverse2.0,easyBike,charging,172.0,25.78,25.0,
371.0,easyBike_reverse4.1,easyBike,charging,214.0,25.78,25.0,
371.0,easyBike_reverse4.0,easyBike,waiting,,0.0,0.0,168.0
371.0,easyBike_reverse2.3,easyBike,waiting,,0.0,0.0,139.0
371.0,easyBike_reverse3.3,easyBike,waiting,,0.0,0.0,120.0
372.0,easyBike_reverse2.1,easyBike,charging,230.0,25.78,25.0,
372.0,easyBike_reverse3.0,easyBike,charging,175.0,25.8,25.0,
372.0,easyBike_reverse3.1,easyBike,charging,224.0,25.77,25.0,
372.0,easyBike_reverse2.0,easyBike,charging,173.0,25.78,25.0,
372.0,easyBike_reverse4.1,easyBike,charging,215.0,25.78,25.0,
372.0,easyBike_reverse4.0,easyBike,waiting,,0.0,0.0,169.0
372.0,easyBike_reverse2.3,easyBike,waiting,,0.0,0.0,140.0
372.0,easyBike_reverse3.3,easyBike,waiting,,0.0,0.0,121.0
373.0,easyBike_reverse2.1,easyBike,charging,231.0,25.78,25.0,
373.0,easyBike_reverse3.0,easyBike,charging,176.0,25.8,25.0,
373.0,easyBike_reverse3.1,easyBike,charging,225.0,25.77,25.0,
373.0,easyBike_reverse2.0,easyBike,charging,174.0,25.78,25.0,
373.0,easyBike_reverse4.1,easyBike,charging,216.0,25.78,25.0,
373.0,easyBike_reverse4.0,easyBike,waiting,,0.0,0.0,170.0
373.0,easyBike_reverse2.3,easyBike,waiting,,0.0,0.0,141.0
373.0,easyBike_reverse3.3,easyBike,waiting,,0.0,0.0,122.0
374.0,easyBike_reverse2.1,easyBike,charging,232.0,25.78,25.0,
374.0,easyBike_reverse3.0,easyBike,charging,177.0,25.8,25.0,
374.0,easyBike_reverse3.1,easyBike,charging,226.0,25.77,25.0,
374.0,easyBike_reverse2.0,easyBike,charging,175.0,25.78,25.0,
374.0,easyBike_reverse4.1,easyBike,charging,217.0,25.78,25.0,
374.0,easyBike_reverse4.0,easyBike,waiting,,0.0,0.0,171.0
374.0,easyBike_reverse2.3,easyBike,waiting,,0.0,0.0,142.0
374.0,easyBike_reverse3.3,easyBike,waiting,,0.0,0.0,123.0
375.0,easyBike_reverse2.1,easyBike,charging,233.0,25.78,25.0,
375.0,easyBike_reverse3.0,easyBike,charging,178.0,25.8,25.0,
375.0,easyBike_reverse3.1,easyBike,charging,227.0,25.77,25.0,
375.0,easyBike_reverse2.0,easyBike,charging,176.0,25.78,25.0,
375.0,easyBike_reverse4.1,easyBike,charging,218.0,25.78,25.0,
375.0,easyBike_reverse4.0,easyBike,waiting,,0.0,0.0,172.0
375.0,easyBike_reverse2.3,easyBike,waiting,,0.0,0.0,143.0
375.0,easyBike_reverse3.3,easyBike,waiting,,0.0,0.0,124.0
376.0,easyBike_reverse2.1,easyBike,charging,234.0,25.78,25.0,
376.0,easyBike_reverse3.0,easyBike,charging,179.0,25.8,25.0,
376.0,easyBike_reverse3.1,easyBike,charging,228.0,25.77,25.0,
376.0,easyBike_reverse2.0,easyBike,charging,177.0,25.78,25.0,
376.0,easyBike_reverse4.1,easyBike,charging,219.0,25.78,25.0,
376.0,easyBike_reverse4.0,easyBike,waiting,,0.0,0.0,173.0
376.0,easyBike_reverse2.3,easyBike,waiting,,0.0,0.0,144.0
376.0,easyBike_reverse3.3,easyBike,waiting,,0.0,0.0,125.0
377.0,easyBike_reverse2.1,easyBike,charging,235.0,25.78,25.0,
377.0,easyBike_reverse3.0,easyBike,charging,180.0,25.8,25.0,
377.0,easyBike_reverse3.1,easyBike,charging,229.0,25.77,25.0,
377.0,easyBike_reverse2.0,easyBike,charging,178.0,25.78,25.0,
377.0,easyBike_reverse4.1,easyBike,charging,220.0,25.78,25.0,
377.0,easyBike_reverse4.0,easyBike,waiting,,0.0,0.0,174.0
377.0,easyBike_reverse2.3,easyBike,waiting,,0.0,0.0,145.0
377.0,easyBike_reverse3.3,easyBike,waiting,,0.0,0.0,126.0
378.0,easyBike_reverse2.1,easyBike,charging,236.0,25.78,25.0,
378.0,easyBike_reverse3.0,easyBike,charging,181.0,25.8,25.0,
378.0,easyBike_reverse3.1,easyBike,charging,230.0,25.77,25.0,
378.0,easyBike_reverse2.0,easyBike,charging,179.0,25.78,25.0,
378.0,easyBike_reverse4.1,easyBike,charging,221.0,25.78,25.0,
378.0,easyBike_reverse4.0,easyBike,waiting,,0.0,0.0,175.0
378.0,easyBike_reverse2.3,easyBike,waiting,,0.0,0.0,146.0
378.0,easyBike_reverse3.3,easyBike,waiting,,0.0,0.0,127.0
379.0,easyBike_reverse2.1,easyBike,charging,237.0,25.78,25.0,
379.0,easyBike_reverse3.0,easyBike,charging,182.0,25.8,25.0,
379.0,easyBike_reverse3.1,easyBike,charging,231.0,25.77,25.0,
379.0,easyBike_reverse2.0,easyBike,charging,180.0,25.78,25.0,
379.0,easyBike_reverse4.1,easyBike,charging,222.0,25.78,25.0,
379.0,easyBike_reverse4.0,easyBike,waiting,,0.0,0.0,176.0
379.0,easyBike_reverse2.3,easyBike,waiting,,0.0,0.0,147.0
379.0,easyBike_reverse3.3,easyBike,waiting,,0.0,0.0,128.0
380.0,easyBike_reverse2.1,easyBike,charging,238.0,25.78,25.0,
380.0,easyBike_reverse3.0,easyBike,charging,183.0,25.8,25.0,
380.0,easyBike_reverse3.1,easyBike,charging,232.0,25.77,25.0,
380.0,easyBike_reverse2.0,easyBike,charging,181.0,25.78,25.0,
380.0,easyBike_reverse4.1,easyBike,charging,223.0,25.78,25.0,
380.0,easyBike_reverse4.0,easyBike,waiting,,0.0,0.0,177.0
380.0,easyBike_reverse2.3,easyBike,waiting,,0.0,0.0,148.0
380.0,easyBike_reverse3.3,easyBike,waiting,,0.0,0.0,129.0
381.0,easyBike_reverse2.1,easyBike,charging,239.0,25.78,25.0,
381.0,easyBike_reverse3.0,easyBike,charging,184.0,25.8,25.0,
381.0,easyBike_reverse3.1,easyBike,charging,233.0,25.77,25.0,
381.0,easyBike_reverse2.0,easyBike,charging,182.0,25.78,25.0,
381.0,easyBike_reverse4.1,easyBike,charging,224.0,25.78,25.0,
381.0,easyBike_reverse4.0,easyBike,waiting,,0.0,0.0,178.0
381.0,easyBike_reverse2.3,easyBike,waiting,,0.0,0.0,149.0
381.0,easyBike_reverse3.3,easyBike,waiting,,0.0,0.0,130.0
382.0,easyBike_reverse2.1,easyBike,charging,240.0,25.78,25.0,
382.0,easyBike_reverse3.0,easyBike,charging,185.0,25.8,25.0,
382.0,easyBike_reverse3.1,easyBike,charging,234.0,25.77,25.0,
382.0,easyBike_reverse2.0,easyBike,charging,183.0,25.78,25.0,
382.0,easyBike_reverse4.1,easyBike,charging,225.0,25.78,25.0,
382.0,easyBike_reverse4.0,easyBike,waiting,,0.0,0.0,179.0
382.0,easyBike_reverse2.3,easyBike,waiting,,0.0,0.0,150.0
382.0,easyBike_reverse3.3,easyBike,waiting,,0.0,0.0,131.0
383.0,easyBike_reverse2.1,easyBike,charging,241.0,25.78,25.0,
383.0,easyBike_reverse3.0,easyBike,charging,186.0,25.8,25.0,
383.0,easyBike_reverse3.1,easyBike,charging,235.0,25.77,25.0,
383.0,easyBike_reverse2.0,easyBike,charging,184.0,25.78,25.0,
383.0,easyBike_reverse4.1,easyBike,charging,226.0,25.78,25.0,
383.0,easyBike_reverse4.0,easyBike,waiting,,0.0,0.0,180.0
383.0,easyBike_reverse2.3,easyBike,waiting,,0.0,0.0,151.0
383.0,easyBike_reverse3.3,easyBike,waiting,,0.0,0.0,132.0
384.0,easyBike_reverse2.1,easyBike,charging,242.0,25.78,25.0,
384.0,easyBike_reverse3.0,easyBike,charging,187.0,25.8,25.0,
384.0,easyBike_reverse3.1,easyBike,charging,236.0,25.77,25.0,
384.0,easyBike_reverse2.0,easyBike,charging,185.0,25.78,25.0,
384.0,easyBike_reverse4.1,easyBike,charging,227.0,25.78,25.0,
384.0,easyBike_reverse4.0,easyBike,waiting,,0.0,0.0,181.0
384.0,easyBike_reverse2.3,easyBike,waiting,,0.0,0.0,152.0
384.0,easyBike_reverse3.3,easyBike,waiting,,0.0,0.0,133.0
385.0,easyBike_reverse2.1,easyBike,charging,243.0,25.78,25.0,
385.0,easyBike_reverse3.0,easyBike,charging,188.0,25.8,25.0,
385.0,easyBike_reverse3.1,easyBike,charging,237.0,25.77,25.0,
385.0,easyBike_reverse2.0,easyBike,charging,186.0,25.78,25.0,
385.0,easyBike_reverse4.1,easyBike,charging,228.0,25.78,25.0,
385.0,easyBike_reverse4.0,easyBike,waiting,,0.0,0.0,182.0
385.0,easyBike_reverse2.3,easyBike,waiting,,0.0,0.0,153.0
385.0,easyBike_reverse3.3,easyBike,waiting,,0.0,0.0,134.0
386.0,easyBike_reverse2.1,easyBike,charging,244.0,25.78,25.0,
386.0,easyBike_reverse3.0,easyBike,charging,189.0,25.8,25.0,
386.0,easyBike_reverse3.1,easyBike,charging,238.0,25.77,25.0,
386.0,easyBike_reverse2.0,easyBike,charging,187.0,25.78,25.0,
386.0,easyBike_reverse4.1,easyBike,charging,229.0,25.78,25.0,
386.0,easyBike_reverse4.0,easyBike,waiting,,0.0,0.0,183.0
386.0,easyBike_reverse2.3,easyBike,waiting,,0.0,0.0,154.0
386.0,easyBike_reverse3.3,easyBike,waiting,,0.0,0.0,135.0
387.0,easyBike_reverse2.1,easyBike,charging,245.0,25.78,25.0,
387.0,easyBike_reverse3.0,easyBike,charging,190.0,25.8,25.0,
387.0,easyBike_reverse3.1,easyBike,charging,239.0,25.77,25.0,
387.0,easyBike_reverse2.0,easyBike,charging,188.0,25.78,25.0,
387.0,easyBike_reverse4.1,easyBike,charging,230.0,25.78,25.0,
387.0,easyBike_reverse4.0,easyBike,waiting,,0.0,0.0,184.0
387.0,easyBike_reverse2.3,easyBike,waiting,,0.0,0.0,155.0
387.0,easyBike_reverse3.3,easyBike,waiting,,0.0,0.0,136.0
388.0,easyBike_reverse2.1,easyBike,charging,246.0,25.78,25.0,
388.0,easyBike_reverse3.0,easyBike,charging,191.0,25.8,25.0,
388.0,easyBike_reverse3.1,easyBike,charging,240.0,25.77,25.0,
388.0,easyBike_reverse2.0,easyBike,charging,189.0,25.78,25.0,
388.0,easyBike_reverse4.1,easyBike,charging,231.0,25.78,25.0,
388.0,easyBike_reverse4.0,easyBike,waiting,,0.0,0.0,185.0
388.0,easyBike_reverse2.3,easyBike,waiting,,0.0,0.0,156.0
388.0,easyBike_reverse3.3,easyBike,waiting,,0.0,0.0,137.0
389.0,easyBike_reverse2.1,easyBike,charging,247.0,25.78,25.0,
389.0,easyBike_reverse3.0,easyBike,charging,192.0,25.8,25.0,
389.0,easyBike_reverse3.1,easyBike,charging,241.0,25.77,25.0,
389.0,easyBike_reverse2.0,easyBike,charging,190.0,25.78,25.0,
389.0,easyBike_reverse4.1,easyBike,charging,232.0,25.78,25.0,
389.0,easyBike_reverse4.0,easyBike,waiting,,0.0,0.0,186.0
389.0,easyBike_reverse2.3,easyBike,waiting,,0.0,0.0,157.0
389.0,easyBike_reverse3.3,easyBike,waiting,,0.0,0.0,138.0
390.0,easyBike_reverse2.1,easyBike,charging,248.0,25.78,25.0,
390.0,easyBike_reverse3.0,easyBike,charging,193.0,25.8,25.0,
390.0,easyBike_reverse3.1,easyBike,charging,242.0,25.77,25.0,
390.0,easyBike_reverse2.0,easyBike,charging,191.0,25.78,25.0,
390.0,easyBike_reverse4.1,easyBike,charging,233.0,25.78,25.0,
390.0,easyBike_reverse4.0,easyBike,waiting,,0.0,0.0,187.0
390.0,easyBike_reverse2.3,easyBike,waiting,,0.0,0.0,158.0
390.0,easyBike_reverse3.3,easyBike,waiting,,0.0,0.0,139.0
391.0,easyBike_reverse2.1,easyBike,charging,249.0,25.78,25.0,
391.0,easyBike_reverse3.0,easyBike,charging,194.0,25.8,25.0,
391.0,easyBike_reverse3.1,easyBike,charging,243.0,25.77,25.0,
391.0,easyBike_reverse2.0,easyBike,charging,192.0,25.78,25.0,
391.0,easyBike_reverse4.1,easyBike,charging,234.0,25.78,25.0,
391.0,easyBike_reverse4.0,easyBike,waiting,,0.0,0.0,188.0
391.0,easyBike_reverse2.3,easyBike,waiting,,0.0,0.0,159.0
391.0,easyBike_reverse3.3,easyBike,waiting,,0.0,0.0,140.0
392.0,easyBike_reverse2.1,easyBike,charging,250.0,25.78,25.0,
392.0,easyBike_reverse3.0,easyBike,charging,195.0,25.8,25.0,
392.0,easyBike_reverse3.1,easyBike,charging,244.0,25.77,25.0,
392.0,easyBike_reverse2.0,easyBike,charging,193.0,25.78,25.0,
392.0,easyBike_reverse4.1,easyBike,charging,235.0,25.78,25.0,
392.0,easyBike_reverse4.0,easyBike,waiting,,0.0,0.0,189.0
392.0,easyBike_reverse2.3,easyBike,waiting,,0.0,0.0,160.0
392.0,easyBike_reverse3.3,easyBike,waiting,,0.0,0.0,141.0
393.0,easyBike_reverse2.1,easyBike,charging,251.0,25.78,25.0,
393.0,easyBike_reverse3.0,easyBike,charging,196.0,25.8,25.0,
393.0,easyBike_reverse3.1,easyBike,charging,245.0,25.77,25.0,
393.0,easyBike_reverse2.0,easyBike,charging,194.0,25.78,25.0,
393.0,easyBike_reverse4.1,easyBike,charging,236.0,25.78,25.0,
393.0,easyBike_reverse4.0,easyBike,waiting,,0.0,0.0,190.0
393.0,easyBike_reverse2.3,easyBike,waiting,,0.0,0.0,161.0
393.0,easyBike_reverse3.3,easyBike,waiting,,0.0,0.0,142.0
394.0,easyBike_reverse2.1,easyBike,charging,252.0,25.78,25.0,
394.0,easyBike_reverse3.0,easyBike,charging,197.0,25.8,25.0,
394.0,easyBike_reverse3.1,easyBike,charging,246.0,25.77,25.0,
394.0,easyBike_reverse2.0,easyBike,charging,195.0,25.78,25.0,
394.0,easyBike_reverse4.1,easyBike,charging,237.0,25.78,25.0,
394.0,easyBike_reverse4.0,easyBike,waiting,,0.0,0.0,191.0
394.0,easyBike_reverse2.3,easyBike,waiting,,0.0,0.0,162.0
394.0,easyBike_reverse3.3,easyBike,waiting,,0.0,0.0,143.0
395.0,easyBike_reverse2.1,easyBike,charging,253.0,25.78,25.0,
395.0,easyBike_reverse3.0,easyBike,charging,198.0,25.8,25.0,
395.0,easyBike_reverse3.1,easyBike,charging,247.0,25.77,25.0,
395.0,easyBike_reverse2.0,easyBike,charging,196.0,25.78,25.0,
395.0,easyBike_reverse4.1,easyBike,charging,238.0,25.78,25.0,
395.0,easyBike_reverse4.0,easyBike,waiting,,0.0,0.0,192.0
395.0,easyBike_reverse2.3,easyBike,waiting,,0.0,0.0,163.0
395.0,easyBike_reverse3.3,easyBike,waiting,,0.0,0.0,144.0
396.0,easyBike_reverse2.1,easyBike,charging,254.0,25.78,25.0,
396.0,easyBike_reverse3.0,easyBike,charging,199.0,25.8,25.0,
396.0,easyBike_reverse3.1,easyBike,charging,248.0,25.77,25.0,
396.0,easyBike_reverse2.0,easyBike,charging,197.0,25.78,25.0,
396.0,easyBike_reverse4.1,easyBike,charging,239.0,25.78,25.0,
396.0,easyBike_reverse4.0,easyBike,waiting,,0.0,0.0,193.0
396.0,easyBike_reverse2.3,easyBike,waiting,,0.0,0.0,164.0
396.0,easyBike_reverse3.3,easyBike,waiting,,0.0,0.0,145.0
397.0,easyBike_reverse2.1,easyBike,charging,255.0,25.78,25.0,
397.0,easyBike_reverse3.0,easyBike,charging,200.0,25.8,25.0,
397.0,easyBike_reverse3.1,easyBike,charging,249.0,25.77,25.0,
397.0,easyBike_reverse2.0,easyBike,charging,198.0,25.78,25.0,
397.0,easyBike_reverse4.1,easyBike,charging,240.0,25.78,25.0,
397.0,easyBike_reverse4.0,easyBike,waiting,,0.0,0.0,194.0
397.0,easyBike_reverse2.3,easyBike,waiting,,0.0,0.0,165.0
397.0,easyBike_reverse3.3,easyBike,waiting,,0.0,0.0,146.0
398.0,easyBike_reverse2.1,easyBike,charging,256.0,25.78,25.0,
398.0,easyBike_reverse3.0,easyBike,charging,201.0,25.8,25.0,
398.0,easyBike_reverse3.1,easyBike,charging,250.0,25.77,25.0,
398.0,easyBike_reverse2.0,easyBike,charging,199.0,25.78,25.0,
398.0,easyBike_reverse4.1,easyBike,charging,241.0,25.78,25.0,
398.0,easyBike_reverse4.0,easyBike,waiting,,0.0,0.0,195.0
398.0,easyBike_reverse2.3,easyBike,waiting,,0.0,0.0,166.0
398.0,easyBike_reverse3.3,easyBike,waiting,,0.0,0.0,147.0
399.0,easyBike_reverse2.1,easyBike,charging,257.0,25.78,25.0,
399.0,easyBike_reverse3.0,easyBike,charging,202.0,25.8,25.0,
399.0,easyBike_reverse3.1,easyBike,charging,251.0,25.77,25.0,
399.0,easyBike_reverse2.0,easyBike,charging,200.0,25.78,25.0,
399.0,easyBike_reverse4.1,easyBike,charging,242.0,25.78,25.0,
399.0,easyBike_reverse4.0,easyBike,waiting,,0.0,0.0,196.0
399.0,easyBike_reverse2.3,easyBike,waiting,,0.0,0.0,167.0
399.0,easyBike_reverse3.3,easyBike,waiting,,0.0,0.0,148.0
400.0,easyBike_reverse2.1,easyBike,charging,258.0,25.78,25.0,
400.0,easyBike_reverse3.0,easyBike,charging,203.0,25.8,25.0,
400.0,easyBike_reverse3.1,easyBike,charging,252.0,25.77,25.0,
400.0,easyBike_reverse2.0,easyBike,charging,201.0,25.78,25.0,
400.0,easyBike_reverse4.1,easyBike,charging,243.0,25.78,25.0,
400.0,easyBike_reverse4.0,easyBike,waiting,,0.0,0.0,197.0
400.0,easyBike_reverse2.3,easyBike,waiting,,0.0,0.0,168.0
400.0,easyBike_reverse3.3,easyBike,waiting,,0.0,0.0,149.0
401.0,easyBike_reverse2.1,easyBike,charging,259.0,25.78,25.0,
401.0,easyBike_reverse3.0,easyBike,charging,204.0,25.8,25.0,
401.0,easyBike_reverse3.1,easyBike,charging,253.0,25.77,25.0,
401.0,easyBike_reverse2.0,easyBike,charging,202.0,25.78,25.0,
401.0,easyBike_reverse4.1,easyBike,charging,244.0,25.78,25.0,
401.0,easyBike_reverse4.0,easyBike,waiting,,0.0,0.0,198.0
401.0,easyBike_reverse2.3,easyBike,waiting,,0.0,0.0,169.0
401.0,easyBike_reverse3.3,easyBike,waiting,,0.0,0.0,150.0
402.0,easyBike_reverse2.1,easyBike,charging,260.0,25.78,25.0,
402.0,easyBike_reverse3.0,easyBike,charging,205.0,25.8,25.0,
402.0,easyBike_reverse3.1,easyBike,charging,254.0,25.77,25.0,
402.0,easyBike_reverse2.0,easyBike,charging,203.0,25.78,25.0,
402.0,easyBike_reverse4.1,easyBike,charging,245.0,25.78,25.0,
402.0,easyBike_reverse4.0,easyBike,waiting,,0.0,0.0,199.0
402.0,easyBike_reverse2.3,easyBike,waiting,,0.0,0.0,170.0
402.0,easyBike_reverse3.3,easyBike,waiting,,0.0,0.0,151.0
403.0,easyBike_reverse2.1,easyBike,charging,261.0,25.78,25.0,
403.0,easyBike_reverse3.0,easyBike,charging,206.0,25.8,25.0,
403.0,easyBike_reverse3.1,easyBike,charging,255.0,25.77,25.0,
403.0,easyBike_reverse2.0,easyBike,charging,204.0,25.78,25.0,
403.0,easyBike_reverse4.1,easyBike,charging,246.0,25.78,25.0,
403.0,easyBike_reverse4.0,easyBike,waiting,,0.0,0.0,200.0
403.0,easyBike_reverse2.3,easyBike,waiting,,0.0,0.0,171.0
403.0,easyBike_reverse3.3,easyBike,waiting,,0.0,0.0,152.0
404.0,easyBike_reverse2.1,easyBike,charging,262.0,25.78,25.0,
404.0,easyBike_reverse3.0,easyBike,charging,207.0,25.8,25.0,
404.0,easyBike_reverse3.1,easyBike,charging,256.0,25.77,25.0,
404.0,easyBike_reverse2.0,easyBike,charging,205.0,25.78,25.0,
404.0,easyBike_reverse4.1,easyBike,charging,247.0,25.78,25.0,
404.0,easyBike_reverse4.0,easyBike,waiting,,0.0,0.0,201.0
404.0,easyBike_reverse2.3,easyBike,waiting,,0.0,0.0,172.0
404.0,easyBike_reverse3.3,easyBike,waiting,,0.0,0.0,153.0
405.0,easyBike_reverse2.1,easyBike,charging,263.0,25.78,25.0,
405.0,easyBike_reverse3.0,easyBike,charging,208.0,25.8,25.0,
405.0,easyBike_reverse3.1,easyBike,charging,257.0,25.77,25.0,
405.0,easyBike_reverse2.0,easyBike,charging,206.0,25.78,25.0,
405.0,easyBike_reverse4.1,easyBike,charging,248.0,25.78,25.0,
405.0,easyBike_reverse4.0,easyBike,waiting,,0.0,0.0,202.0
405.0,easyBike_reverse2.3,easyBike,waiting,,0.0,0.0,173.0
405.0,easyBike_reverse3.3,easyBike,waiting,,0.0,0.0,154.0
406.0,easyBike_reverse2.1,easyBike,charging,264.0,25.78,25.0,
406.0,easyBike_reverse3.0,easyBike,charging,209.0,25.8,25.0,
406.0,easyBike_reverse3.1,easyBike,charging,258.0,25.77,25.0,
406.0,easyBike_reverse2.0,easyBike,charging,207.0,25.78,25.0,
406.0,easyBike_reverse4.1,easyBike,charging,249.0,25.78,25.0,
406.0,easyBike_reverse4.0,easyBike,waiting,,0.0,0.0,203.0
406.0,easyBike_reverse2.3,easyBike,waiting,,0.0,0.0,174.0
406.0,easyBike_reverse3.3,easyBike,waiting,,0.0,0.0,155.0
407.0,easyBike_reverse2.1,easyBike,charging,265.0,25.78,25.0,
407.0,easyBike_reverse3.0,easyBike,charging,210.0,25.8,25.0,
407.0,easyBike_reverse3.1,easyBike,charging,259.0,25.77,25.0,
407.0,easyBike_reverse2.0,easyBike,charging,208.0,25.78,25.0,
407.0,easyBike_reverse4.1,easyBike,charging,250.0,25.78,25.0,
407.0,easyBike_reverse4.0,easyBike,waiting,,0.0,0.0,204.0
407.0,easyBike_reverse2.3,easyBike,waiting,,0.0,0.0,175.0
407.0,easyBike_reverse3.3,easyBike,waiting,,0.0,0.0,156.0
408.0,easyBike_reverse2.1,easyBike,charging,266.0,25.78,25.0,
408.0,easyBike_reverse3.0,easyBike,charging,211.0,25.8,25.0,
408.0,easyBike_reverse3.1,easyBike,charging,260.0,25.77,25.0,
408.0,easyBike_reverse2.0,easyBike,charging,209.0,25.78,25.0,
408.0,easyBike_reverse4.1,easyBike,charging,251.0,25.78,25.0,
408.0,easyBike_reverse4.0,easyBike,waiting,,0.0,0.0,205.0
408.0,easyBike_reverse2.3,easyBike,waiting,,0.0,0.0,176.0
408.0,easyBike_reverse3.3,easyBike,waiting,,0.0,0.0,157.0
409.0,easyBike_reverse2.1,easyBike,charging,267.0,25.78,25.0,
409.0,easyBike_reverse3.0,easyBike,charging,212.0,25.8,25.0,
409.0,easyBike_reverse3.1,easyBike,charging,261.0,25.77,25.0,
409.0,easyBike_reverse2.0,easyBike,charging,210.0,25.78,25.0,
409.0,easyBike_reverse4.1,easyBike,charging,252.0,25.78,25.0,
409.0,easyBike_reverse4.0,easyBike,waiting,,0.0,0.0,206.0
409.0,easyBike_reverse2.3,easyBike,waiting,,0.0,0.0,177.0
409.0,easyBike_reverse3.3,easyBike,waiting,,0.0,0.0,158.0
410.0,easyBike_reverse2.1,easyBike,charging,268.0,25.78,25.0,
410.0,easyBike_reverse3.0,easyBike,charging,213.0,25.8,25.0,
410.0,easyBike_reverse3.1,easyBike,charging,262.0,25.77,25.0,
410.0,easyBike_reverse2.0,easyBike,charging,211.0,25.78,25.0,
410.0,easyBike_reverse4.1,easyBike,charging,253.0,25.78,25.0,
410.0,easyBike_reverse4.0,easyBike,waiting,,0.0,0.0,207.0
410.0,easyBike_reverse2.3,easyBike,waiting,,0.0,0.0,178.0
410.0,easyBike_reverse3.3,easyBike,waiting,,0.0,0.0,159.0
411.0,easyBike_reverse2.1,easyBike,charging,269.0,25.78,25.0,
411.0,easyBike_reverse3.0,easyBike,charging,214.0,25.8,25.0,
411.0,easyBike_reverse3.1,easyBike,charging,263.0,25.77,25.0,
411.0,easyBike_reverse2.0,easyBike,charging,212.0,25.78,25.0,
411.0,easyBike_reverse4.1,easyBike,charging,254.0,25.78,25.0,
411.0,easyBike_reverse4.0,easyBike,waiting,,0.0,0.0,208.0
411.0,easyBike_reverse2.3,easyBike,waiting,,0.0,0.0,179.0
411.0,easyBike_reverse3.3,easyBike,waiting,,0.0,0.0,160.0
412.0,easyBike_reverse2.1,easyBike,charging,270.0,25.78,25.0,
412.0,easyBike_reverse3.0,easyBike,charging,215.0,25.8,25.0,
412.0,easyBike_reverse3.1,easyBike,charging,264.0,25.77,25.0,
412.0,easyBike_reverse2.0,easyBike,charging,213.0,25.78,25.0,
412.0,easyBike_reverse4.1,easyBike,charging,255.0,25.78,25.0,
412.0,easyBike_reverse4.0,easyBike,waiting,,0.0,0.0,209.0
412.0,easyBike_reverse2.3,easyBike,waiting,,0.0,0.0,180.0
412.0,easyBike_reverse3.3,easyBike,waiting,,0.0,0.0,161.0
413.0,easyBike_reverse2.1,easyBike,charging,271.0,25.78,25.0,
413.0,easyBike_reverse3.0,easyBike,charging,216.0,25.8,25.0,
413.0,easyBike_reverse3.1,easyBike,charging,265.0,25.77,25.0,
413.0,easyBike_reverse2.0,easyBike,charging,214.0,25.78,25.0,
413.0,easyBike_reverse4.1,easyBike,charging,256.0,25.78,25.0,
413.0,easyBike_reverse4.0,easyBike,waiting,,0.0,0.0,210.0
413.0,easyBike_reverse2.3,easyBike,waiting,,0.0,0.0,181.0
413.0,easyBike_reverse3.3,easyBike,waiting,,0.0,0.0,162.0
414.0,easyBike_reverse2.1,easyBike,charging,272.0,25.78,25.0,
414.0,easyBike_reverse3.0,easyBike,charging,217.0,25.8,25.0,
414.0,easyBike_reverse3.1,easyBike,charging,266.0,25.77,25.0,
414.0,easyBike_reverse2.0,easyBike,charging,215.0,25.78,25.0,
414.0,easyBike_reverse4.1,easyBike,charging,257.0,25.78,25.0,
414.0,easyBike_reverse4.0,easyBike,waiting,,0.0,0.0,211.0
414.0,easyBike_reverse2.3,easyBike,waiting,,0.0,0.0,182.0
414.0,easyBike_reverse3.3,easyBike,waiting,,0.0,0.0,163.0
415.0,easyBike_reverse2.1,easyBike,charging,273.0,25.78,25.0,
415.0,easyBike_reverse3.0,easyBike,charging,218.0,25.8,25.0,
415.0,easyBike_reverse3.1,easyBike,charging,267.0,25.77,25.0,
415.0,easyBike_reverse2.0,easyBike,charging,216.0,25.78,25.0,
415.0,easyBike_reverse4.1,easyBike,charging,258.0,25.78,25.0,
415.0,easyBike_reverse4.0,easyBike,waiting,,0.0,0.0,212.0
415.0,easyBike_reverse2.3,easyBike,waiting,,0.0,0.0,183.0
415.0,easyBike_reverse3.3,easyBike,waiting,,0.0,0.0,164.0
416.0,easyBike_reverse2.1,easyBike,charging,274.0,25.78,25.0,
416.0,easyBike_reverse3.0,easyBike,charging,219.0,25.8,25.0,
416.0,easyBike_reverse3.1,easyBike,charging,268.0,25.77,25.0,
416.0,easyBike_reverse2.0,easyBike,charging,217.0,25.78,25.0,
416.0,easyBike_reverse4.1,easyBike,charging,259.0,25.78,25.0,
416.0,easyBike_reverse4.0,easyBike,waiting,,0.0,0.0,213.0
416.0,easyBike_reverse2.3,easyBike,waiting,,0.0,0.0,184.0
416.0,easyBike_reverse3.3,easyBike,waiting,,0.0,0.0,165.0
417.0,easyBike_reverse2.1,easyBike,charging,275.0,25.78,25.0,
417.0,easyBike_reverse3.0,easyBike,charging,220.0,25.8,25.0,
417.0,easyBike_reverse3.1,easyBike,charging,269.0,25.77,25.0,
417.0,easyBike_reverse2.0,easyBike,charging,218.0,25.78,25.0,
417.0,easyBike_reverse4.1,easyBike,charging,260.0,25.78,25.0,
417.0,easyBike_reverse4.0,easyBike,waiting,,0.0,0.0,214.0
417.0,easyBike_reverse2.3,easyBike,waiting,,0.0,0.0,185.0
417.0,easyBike_reverse3.3,easyBike,waiting,,0.0,0.0,166.0
418.0,easyBike_reverse2.1,easyBike,charging,276.0,25.78,25.0,
418.0,easyBike_reverse3.0,easyBike,charging,221.0,25.8,25.0,
418.0,easyBike_reverse3.1,easyBike,charging,270.0,25.77,25.0,
418.0,easyBike_reverse2.0,easyBike,charging,219.0,25.78,25.0,
418.0,easyBike_reverse4.1,easyBike,charging,261.0,25.78,25.0,
418.0,easyBike_reverse4.0,easyBike,waiting,,0.0,0.0,215.0
418.0,easyBike_reverse2.3,easyBike,waiting,,0.0,0.0,186.0
418.0,easyBike_reverse3.3,easyBike,waiting,,0.0,0.0,167.0
419.0,easyBike_reverse2.1,easyBike,charging,277.0,25.78,25.0,
419.0,easyBike_reverse3.0,easyBike,charging,222.0,25.8,25.0,
419.0,easyBike_reverse3.1,easyBike,charging,271.0,25.77,25.0,
419.0,easyBike_reverse2.0,easyBike,charging,220.0,25.78,25.0,
419.0,easyBike_reverse4.1,easyBike,charging,262.0,25.78,25.0,
419.0,easyBike_reverse4.0,easyBike,waiting,,0.0,0.0,216.0
419.0,easyBike_reverse2.3,easyBike,waiting,,0.0,0.0,187.0
419.0,easyBike_reverse3.3,easyBike,waiting,,0.0,0.0,168.0
420.0,easyBike_reverse2.1,easyBike,charging,278.0,25.78,25.0,
420.0,easyBike_reverse3.0,easyBike,charging,223.0,25.8,25.0,
420.0,easyBike_reverse3.1,easyBike,charging,272.0,25.77,25.0,
420.0,easyBike_reverse2.0,easyBike,charging,221.0,25.78,25.0,
420.0,easyBike_reverse4.1,easyBike,charging,263.0,25.78,25.0,
420.0,easyBike_reverse4.0,easyBike,waiting,,0.0,0.0,217.0
420.0,easyBike_reverse2.3,easyBike,waiting,,0.0,0.0,188.0
420.0,easyBike_reverse3.3,easyBike,waiting,,0.0,0.0,169.0
421.0,easyBike_reverse2.1,easyBike,charging,279.0,25.78,25.0,
421.0,easyBike_reverse3.0,easyBike,charging,224.0,25.8,25.0,
421.0,easyBike_reverse3.1,easyBike,charging,273.0,25.77,25.0,
421.0,easyBike_reverse2.0,easyBike,charging,222.0,25.78,25.0,
421.0,easyBike_reverse4.1,easyBike,charging,264.0,25.78,25.0,
421.0,easyBike_reverse4.0,easyBike,waiting,,0.0,0.0,218.0
421.0,easyBike_reverse2.3,easyBike,waiting,,0.0,0.0,189.0
421.0,easyBike_reverse3.3,easyBike,waiting,,0.0,0.0,170.0
422.0,easyBike_reverse2.1,easyBike,charging,280.0,25.78,25.0,
422.0,easyBike_reverse3.0,easyBike,charging,225.0,25.8,25.0,
422.0,easyBike_reverse3.1,easyBike,charging,274.0,25.77,25.0,
422.0,easyBike_reverse2.0,easyBike,charging,223.0,25.78,25.0,
422.0,easyBike_reverse4.1,easyBike,charging,265.0,25.78,25.0,
422.0,easyBike_reverse4.0,easyBike,waiting,,0.0,0.0,219.0
422.0,easyBike_reverse2.3,easyBike,waiting,,0.0,0.0,190.0
422.0,easyBike_reverse3.3,easyBike,waiting,,0.0,0.0,171.0
423.0,easyBike_reverse2.1,easyBike,charging,281.0,25.78,25.0,
423.0,easyBike_reverse3.0,easyBike,charging,226.0,25.8,25.0,
423.0,easyBike_reverse3.1,easyBike,charging,275.0,25.77,25.0,
423.0,easyBike_reverse2.0,easyBike,charging,224.0,25.78,25.0,
423.0,easyBike_reverse4.1,easyBike,charging,266.0,25.78,25.0,
423.0,easyBike_reverse4.0,easyBike,waiting,,0.0,0.0,220.0
423.0,easyBike_reverse2.3,easyBike,waiting,,0.0,0.0,191.0
423.0,easyBike_reverse3.3,easyBike,waiting,,0.0,0.0,172.0
424.0,easyBike_reverse2.1,easyBike,charging,282.0,25.78,25.0,
424.0,easyBike_reverse3.0,easyBike,charging,227.0,25.8,25.0,
424.0,easyBike_reverse3.1,easyBike,charging,276.0,25.77,25.0,
424.0,easyBike_reverse2.0,easyBike,charging,225.0,25.78,25.0,
424.0,easyBike_reverse4.1,easyBike,charging,267.0,25.78,25.0,
424.0,easyBike_reverse4.0,easyBike,waiting,,0.0,0.0,221.0
424.0,easyBike_reverse2.3,easyBike,waiting,,0.0,0.0,192.0
424.0,easyBike_reverse3.3,easyBike,waiting,,0.0,0.0,173.0
425.0,easyBike_reverse2.1,easyBike,charging,283.0,25.78,25.0,
425.0,easyBike_reverse3.0,easyBike,charging,228.0,25.8,25.0,
425.0,easyBike_reverse3.1,easyBike,charging,277.0,25.77,25.0,
425.0,easyBike_reverse2.0,easyBike,charging,226.0,25.78,25.0,
425.0,easyBike_reverse4.1,easyBike,charging,268.0,25.78,25.0,
425.0,easyBike_reverse4.0,easyBike,waiting,,0.0,0.0,222.0
425.0,easyBike_reverse2.3,easyBike,waiting,,0.0,0.0,193.0
425.0,easyBike_reverse3.3,easyBike,waiting,,0.0,0.0,174.0
426.0,easyBike_reverse2.1,easyBike,charging,284.0,25.78,25.0,
426.0,easyBike_reverse3.0,easyBike,charging,229.0,25.8,25.0,
426.0,easyBike_reverse3.1,easyBike,charging,278.0,25.77,25.0,
426.0,easyBike_reverse2.0,easyBike,charging,227.0,25.78,25.0,
426.0,easyBike_reverse4.1,easyBike,charging,269.0,25.78,25.0,
426.0,easyBike_reverse4.0,easyBike,waiting,,0.0,0.0,223.0
426.0,easyBike_reverse2.3,easyBike,waiting,,0.0,0.0,194.0
426.0,easyBike_reverse3.3,easyBike,waiting,,0.0,0.0,175.0
427.0,easyBike_reverse2.1,easyBike,charging,285.0,25.78,25.0,
427.0,easyBike_reverse3.0,easyBike,charging,230.0,25.8,25.0,
427.0,easyBike_reverse3.1,easyBike,charging,279.0,25.77,25.0,
427.0,easyBike_reverse2.0,easyBike,charging,228.0,25.78,25.0,
427.0,easyBike_reverse4.1,easyBike,charging,270.0,25.78,25.0,
427.0,easyBike_reverse4.0,easyBike,waiting,,0.0,0.0,224.0
427.0,easyBike_reverse2.3,easyBike,waiting,,0.0,0.0,195.0
427.0,easyBike_reverse3.3,easyBike,waiting,,0.0,0.0,176.0
428.0,easyBike_reverse2.1,easyBike,charging,286.0,25.78,25.0,
428.0,easyBike_reverse3.0,easyBike,charging,231.0,25.8,25.0,
428.0,easyBike_reverse3.1,easyBike,charging,280.0,25.77,25.0,
428.0,easyBike_reverse2.0,easyBike,charging,229.0,25.78,25.0,
428.0,easyBike_reverse4.1,easyBike,charging,271.0,25.78,25.0,
428.0,easyBike_reverse4.0,easyBike,waiting,,0.0,0.0,225.0
428.0,easyBike_reverse2.3,easyBike,waiting,,0.0,0.0,196.0
428.0,easyBike_reverse3.3,easyBike,waiting,,0.0,0.0,177.0
429.0,easyBike_reverse2.1,easyBike,charging,287.0,25.78,25.0,
429.0,easyBike_reverse3.0,easyBike,charging,232.0,25.8,25.0,
429.0,easyBike_reverse3.1,easyBike,charging,281.0,25.77,25.0,
429.0,easyBike_reverse2.0,easyBike,charging,230.0,25.78,25.0,
429.0,easyBike_reverse4.1,easyBike,charging,272.0,25.78,25.0,
429.0,easyBike_reverse4.0,easyBike,waiting,,0.0,0.0,226.0
429.0,easyBike_reverse2.3,easyBike,waiting,,0.0,0.0,197.0
429.0,easyBike_reverse3.3,easyBike,waiting,,0.0,0.0,178.0
430.0,easyBike_reverse2.1,easyBike,charging,288.0,25.78,25.0,
430.0,easyBike_reverse3.0,easyBike,charging,233.0,25.8,25.0,
430.0,easyBike_reverse3.1,easyBike,charging,282.0,25.77,25.0,
430.0,easyBike_reverse2.0,easyBike,charging,231.0,25.78,25.0,
430.0,easyBike_reverse4.1,easyBike,charging,273.0,25.78,25.0,
430.0,easyBike_reverse4.0,easyBike,waiting,,0.0,0.0,227.0
430.0,easyBike_reverse2.3,easyBike,waiting,,0.0,0.0,198.0
430.0,easyBike_reverse3.3,easyBike,waiting,,0.0,0.0,179.0
431.0,easyBike_reverse2.1,easyBike,charging,289.0,25.78,25.0,
431.0,easyBike_reverse3.0,easyBike,charging,234.0,25.8,25.0,
431.0,easyBike_reverse3.1,easyBike,charging,283.0,25.77,25.0,
431.0,easyBike_reverse2.0,easyBike,charging,232.0,25.78,25.0,
431.0,easyBike_reverse4.1,easyBike,charging,274.0,25.78,25.0,
431.0,easyBike_reverse4.0,easyBike,waiting,,0.0,0.0,228.0
431.0,easyBike_reverse2.3,easyBike,waiting,,0.0,0.0,199.0
431.0,easyBike_reverse3.3,easyBike,waiting,,0.0,0.0,180.0
432.0,easyBike_reverse2.1,easyBike,charging,290.0,25.78,25.0,
432.0,easyBike_reverse3.0,easyBike,charging,235.0,25.8,25.0,
432.0,easyBike_reverse3.1,easyBike,charging,284.0,25.77,25.0,
432.0,easyBike_reverse2.0,easyBike,charging,233.0,25.78,25.0,
432.0,easyBike_reverse4.1,easyBike,charging,275.0,25.78,25.0,
432.0,easyBike_reverse4.0,easyBike,waiting,,0.0,0.0,229.0
432.0,easyBike_reverse2.3,easyBike,waiting,,0.0,0.0,200.0
432.0,easyBike_reverse3.3,easyBike,waiting,,0.0,0.0,181.0
433.0,easyBike_reverse2.1,easyBike,charging,291.0,25.78,25.0,
433.0,easyBike_reverse3.0,easyBike,charging,236.0,25.8,25.0,
433.0,easyBike_reverse3.1,easyBike,charging,285.0,25.77,25.0,
433.0,easyBike_reverse2.0,easyBike,charging,234.0,25.78,25.0,
433.0,easyBike_reverse4.1,easyBike,charging,276.0,25.78,25.0,
433.0,easyBike_reverse4.0,easyBike,waiting,,0.0,0.0,230.0
433.0,easyBike_reverse2.3,easyBike,waiting,,0.0,0.0,201.0
433.0,easyBike_reverse3.3,easyBike,waiting,,0.0,0.0,182.0
434.0,easyBike_reverse2.1,easyBike,charging,292.0,25.78,25.0,
434.0,easyBike_reverse3.0,easyBike,charging,237.0,25.8,25.0,
434.0,easyBike_reverse3.1,easyBike,charging,286.0,25.77,25.0,
434.0,easyBike_reverse2.0,easyBike,charging,235.0,25.78,25.0,
434.0,easyBike_reverse4.1,easyBike,charging,277.0,25.78,25.0,
434.0,easyBike_reverse4.0,easyBike,waiting,,0.0,0.0,231.0
434.0,easyBike_reverse2.3,easyBike,waiting,,0.0,0.0,202.0
434.0,easyBike_reverse3.3,easyBike,waiting,,0.0,0.0,183.0
435.0,easyBike_reverse2.1,easyBike,charging,293.0,25.78,25.0,
435.0,easyBike_reverse3.0,easyBike,charging,238.0,25.8,25.0,
435.0,easyBike_reverse3.1,easyBike,charging,287.0,25.77,25.0,
435.0,easyBike_reverse2.0,easyBike,charging,236.0,25.78,25.0,
435.0,easyBike_reverse4.1,easyBike,charging,278.0,25.78,25.0,
435.0,easyBike_reverse4.0,easyBike,waiting,,0.0,0.0,232.0
435.0,easyBike_reverse2.3,easyBike,waiting,,0.0,0.0,203.0
435.0,easyBike_reverse3.3,easyBike,waiting,,0.0,0.0,184.0
436.0,easyBike_reverse2.1,easyBike,charging,294.0,25.78,25.0,
436.0,easyBike_reverse3.0,easyBike,charging,239.0,25.8,25.0,
436.0,easyBike_reverse3.1,easyBike,charging,288.0,25.77,25.0,
436.0,easyBike_reverse2.0,easyBike,charging,237.0,25.78,25.0,
436.0,easyBike_reverse4.1,easyBike,charging,279.0,25.78,25.0,
436.0,easyBike_reverse4.0,easyBike,waiting,,0.0,0.0,233.0
436.0,easyBike_reverse2.3,easyBike,waiting,,0.0,0.0,204.0
436.0,easyBike_reverse3.3,easyBike,waiting,,0.0,0.0,185.0
437.0,easyBike_reverse2.1,easyBike,charging,295.0,25.78,25.0,
437.0,easyBike_reverse3.0,easyBike,charging,240.0,25.8,25.0,
437.0,easyBike_reverse3.1,easyBike,charging,289.0,25.77,25.0,
437.0,easyBike_reverse2.0,easyBike,charging,238.0,25.78,25.0,
437.0,easyBike_reverse4.1,easyBike,charging,280.0,25.78,25.0,
437.0,easyBike_reverse4.0,easyBike,waiting,,0.0,0.0,234.0
437.0,easyBike_reverse2.3,easyBike,waiting,,0.0,0.0,205.0
437.0,easyBike_reverse3.3,easyBike,waiting,,0.0,0.0,186.0
438.0,easyBike_reverse2.1,easyBike,charging,296.0,25.78,25.0,
438.0,easyBike_reverse3.0,easyBike,charging,241.0,25.8,25.0,
438.0,easyBike_reverse3.1,easyBike,charging,290.0,25.77,25.0,
438.0,easyBike_reverse2.0,easyBike,charging,239.0,25.78,25.0,
438.0,easyBike_reverse4.1,easyBike,charging,281.0,25.78,25.0,
438.0,easyBike_reverse4.0,easyBike,waiting,,0.0,0.0,235.0
438.0,easyBike_reverse2.3,easyBike,waiting,,0.0,0.0,206.0
438.0,easyBike_reverse3.3,easyBike,waiting,,0.0,0.0,187.0
439.0,easyBike_reverse2.1,easyBike,charging,297.0,25.78,25.0,
439.0,easyBike_reverse3.0,easyBike,charging,242.0,25.8,25.0,
439.0,easyBike_reverse3.1,easyBike,charging,291.0,25.77,25.0,
439.0,easyBike_reverse2.0,easyBike,charging,240.0,25.78,25.0,
439.0,easyBike_reverse4.1,easyBike,charging,282.0,25.78,25.0,
439.0,easyBike_reverse4.0,easyBike,waiting,,0.0,0.0,236.0
439.0,easyBike_reverse2.3,easyBike,waiting,,0.0,0.0,207.0
439.0,easyBike_reverse3.3,easyBike,waiting,,0.0,0.0,188.0
440.0,easyBike_reverse2.1,easyBike,charging,298.0,25.78,25.0,
440.0,easyBike_reverse3.0,easyBike,charging,243.0,25.8,25.0,
440.0,easyBike_reverse3.1,easyBike,charging,292.0,25.77,25.0,
440.0,easyBike_reverse2.0,easyBike,charging,241.0,25.78,25.0,
440.0,easyBike_reverse4.1,easyBike,charging,283.0,25.78,25.0,
440.0,easyBike_reverse4.0,easyBike,waiting,,0.0,0.0,237.0
440.0,easyBike_reverse2.3,easyBike,waiting,,0.0,0.0,208.0
440.0,easyBike_reverse3.3,easyBike,waiting,,0.0,0.0,189.0
441.0,easyBike_reverse2.1,easyBike,charging,299.0,25.78,25.0,
441.0,easyBike_reverse3.0,easyBike,charging,244.0,25.8,25.0,
441.0,easyBike_reverse3.1,easyBike,charging,293.0,25.77,25.0,
441.0,easyBike_reverse2.0,easyBike,charging,242.0,25.78,25.0,
441.0,easyBike_reverse4.1,easyBike,charging,284.0,25.78,25.0,
441.0,easyBike_reverse4.0,easyBike,waiting,,0.0,0.0,238.0
441.0,easyBike_reverse2.3,easyBike,waiting,,0.0,0.0,209.0
441.0,easyBike_reverse3.3,easyBike,waiting,,0.0,0.0,190.0
442.0,easyBike_reverse2.1,easyBike,charging,300.0,25.78,25.0,
442.0,easyBike_reverse3.0,easyBike,charging,245.0,25.8,25.0,
442.0,easyBike_reverse3.1,easyBike,charging,294.0,25.77,25.0,
442.0,easyBike_reverse2.0,easyBike,charging,243.0,25.78,25.0,
442.0,easyBike_reverse4.1,easyBike,charging,285.0,25.78,25.0,
442.0,easyBike_reverse4.0,easyBike,waiting,,0.0,0.0,239.0
442.0,easyBike_reverse2.3,easyBike,waiting,,0.0,0.0,210.0
442.0,easyBike_reverse3.3,easyBike,waiting,,0.0,0.0,191.0
443.0,easyBike_reverse2.1,easyBike,charging,301.0,25.78,25.0,
443.0,easyBike_reverse3.0,easyBike,charging,246.0,25.8,25.0,
443.0,easyBike_reverse3.1,easyBike,charging,295.0,25.77,25.0,
443.0,easyBike_reverse2.0,easyBike,charging,244.0,25.78,25.0,
443.0,easyBike_reverse4.1,easyBike,charging,286.0,25.78,25.0,
443.0,easyBike_reverse4.0,easyBike,waiting,,0.0,0.0,240.0
443.0,easyBike_reverse2.3,easyBike,waiting,,0.0,0.0,211.0
443.0,easyBike_reverse3.3,easyBike,waiting,,0.0,0.0,192.0
444.0,easyBike_reverse2.1,easyBike,charging,302.0,25.78,25.0,
444.0,easyBike_reverse3.0,easyBike,charging,247.0,25.8,25.0,
444.0,easyBike_reverse3.1,easyBike,charging,296.0,25.77,25.0,
444.0,easyBike_reverse2.0,easyBike,charging,245.0,25.78,25.0,
444.0,easyBike_reverse4.1,easyBike,charging,287.0,25.78,25.0,
444.0,easyBike_reverse4.0,easyBike,waiting,,0.0,0.0,241.0
444.0,easyBike_reverse2.3,easyBike,waiting,,0.0,0.0,212.0
444.0,easyBike_reverse3.3,easyBike,waiting,,0.0,0.0,193.0
445.0,easyBike_reverse2.1,easyBike,charging,303.0,25.78,25.0,
445.0,easyBike_reverse3.0,easyBike,charging,248.0,25.8,25.0,
445.0,easyBike_reverse3.1,easyBike,charging,297.0,25.77,25.0,
445.0,easyBike_reverse2.0,easyBike,charging,246.0,25.78,25.0,
445.0,easyBike_reverse4.1,easyBike,charging,288.0,25.78,25.0,
445.0,easyBike_reverse4.0,easyBike,waiting,,0.0,0.0,242.0
445.0,easyBike_reverse2.3,easyBike,waiting,,0.0,0.0,213.0
445.0,easyBike_reverse3.3,easyBike,waiting,,0.0,0.0,194.0
446.0,easyBike_reverse2.1,easyBike,charging,304.0,25.78,25.0,
446.0,easyBike_reverse3.0,easyBike,charging,249.0,25.8,25.0,
446.0,easyBike_reverse3.1,easyBike,charging,298.0,25.77,25.0,
446.0,easyBike_reverse2.0,easyBike,charging,247.0,25.78,25.0,
446.0,easyBike_reverse4.1,easyBike,charging,289.0,25.78,25.0,
446.0,easyBike_reverse4.0,easyBike,waiting,,0.0,0.0,243.0
446.0,easyBike_reverse2.3,easyBike,waiting,,0.0,0.0,214.0
446.0,easyBike_reverse3.3,easyBike,waiting,,0.0,0.0,195.0
447.0,easyBike_reverse2.1,easyBike,charging,305.0,25.78,25.0,
447.0,easyBike_reverse3.0,easyBike,charging,250.0,25.8,25.0,
447.0,easyBike_reverse3.1,easyBike,charging,299.0,25.77,25.0,
447.0,easyBike_reverse2.0,easyBike,charging,248.0,25.78,25.0,
447.0,easyBike_reverse4.1,easyBike,charging,290.0,25.78,25.0,
447.0,easyBike_reverse4.0,easyBike,waiting,,0.0,0.0,244.0
447.0,easyBike_reverse2.3,easyBike,waiting,,0.0,0.0,215.0
447.0,easyBike_reverse3.3,easyBike,waiting,,0.0,0.0,196.0
448.0,easyBike_reverse2.1,easyBike,charging,306.0,25.78,25.0,
448.0,easyBike_reverse3.0,easyBike,charging,251.0,25.8,25.0,
448.0,easyBike_reverse3.1,easyBike,charging,300.0,25.77,25.0,
448.0,easyBike_reverse2.0,easyBike,charging,249.0,25.78,25.0,
448.0,easyBike_reverse4.1,easyBike,charging,291.0,25.78,25.0,
448.0,easyBike_reverse4.0,easyBike,waiting,,0.0,0.0,245.0
448.0,easyBike_reverse2.3,easyBike,waiting,,0.0,0.0,216.0
448.0,easyBike_reverse3.3,easyBike,waiting,,0.0,0.0,197.0
449.0,easyBike_reverse2.1,easyBike,charging,307.0,25.78,25.0,
449.0,easyBike_reverse3.0,easyBike,charging,252.0,25.8,25.0,
449.0,easyBike_reverse3.1,easyBike,charging,301.0,25.77,25.0,
449.0,easyBike_reverse2.0,easyBike,charging,250.0,25.78,25.0,
449.0,easyBike_reverse4.1,easyBike,charging,292.0,25.78,25.0,
449.0,easyBike_reverse4.0,easyBike,waiting,,0.0,0.0,246.0
449.0,easyBike_reverse2.3,easyBike,waiting,,0.0,0.0,217.0
449.0,easyBike_reverse3.3,easyBike,waiting,,0.0,0.0,198.0
450.0,easyBike_reverse2.1,easyBike,charging,308.0,25.78,25.0,
450.0,easyBike_reverse3.0,easyBike,charging,253.0,25.8,25.0,
450.0,easyBike_reverse3.1,easyBike,charging,302.0,25.77,25.0,
450.0,easyBike_reverse2.0,easyBike,charging,251.0,25.78,25.0,
450.0,easyBike_reverse4.1,easyBike,charging,293.0,25.78,25.0,
450.0,easyBike_reverse4.0,easyBike,waiting,,0.0,0.0,247.0
450.0,easyBike_reverse2.3,easyBike,waiting,,0.0,0.0,218.0
450.0,easyBike_reverse3.3,easyBike,waiting,,0.0,0.0,199.0
451.0,easyBike_reverse2.1,easyBike,charging,309.0,25.78,25.0,
451.0,easyBike_reverse3.0,easyBike,charging,254.0,25.8,25.0,
451.0,easyBike_reverse3.1,easyBike,charging,303.0,25.77,25.0,
451.0,easyBike_reverse2.0,easyBike,charging,252.0,25.78,25.0,
451.0,easyBike_reverse4.1,easyBike,charging,294.0,25.78,25.0,
451.0,easyBike_reverse4.0,easyBike,waiting,,0.0,0.0,248.0
451.0,easyBike_reverse2.3,easyBike,waiting,,0.0,0.0,219.0
451.0,easyBike_reverse3.3,easyBike,waiting,,0.0,0.0,200.0
452.0,easyBike_reverse2.1,easyBike,charging,310.0,25.78,25.0,
452.0,easyBike_reverse3.0,easyBike,charging,255.0,25.8,25.0,
452.0,easyBike_reverse3.1,easyBike,charging,304.0,25.77,25.0,
452.0,easyBike_reverse2.0,easyBike,charging,253.0,25.78,25.0,
452.0,easyBike_reverse4.1,easyBike,charging,295.0,25.78,25.0,
452.0,easyBike_reverse4.0,easyBike,waiting,,0.0,0.0,249.0
452.0,easyBike_reverse2.3,easyBike,waiting,,0.0,0.0,220.0
452.0,easyBike_reverse3.3,easyBike,waiting,,0.0,0.0,201.0
453.0,easyBike_reverse2.1,easyBike,charging,311.0,25.78,25.0,
453.0,easyBike_reverse3.0,easyBike,charging,256.0,25.8,25.0,
453.0,easyBike_reverse3.1,easyBike,charging,305.0,25.77,25.0,
453.0,easyBike_reverse2.0,easyBike,charging,254.0,25.78,25.0,
453.0,easyBike_reverse4.1,easyBike,charging,296.0,25.78,25.0,
453.0,easyBike_reverse4.0,easyBike,waiting,,0.0,0.0,250.0
453.0,easyBike_reverse2.3,easyBike,waiting,,0.0,0.0,221.0
453.0,easyBike_reverse3.3,easyBike,waiting,,0.0,0.0,202.0
454.0,easyBike_reverse2.1,easyBike,charging,312.0,25.78,25.0,
454.0,easyBike_reverse3.0,easyBike,charging,257.0,25.8,25.0,
454.0,easyBike_reverse3.1,easyBike,charging,306.0,25.77,25.0,
454.0,easyBike_reverse2.0,easyBike,charging,255.0,25.78,25.0,
454.0,easyBike_reverse4.1,easyBike,charging,297.0,25.78,25.0,
454.0,easyBike_reverse4.0,easyBike,waiting,,0.0,0.0,251.0
454.0,easyBike_reverse2.3,easyBike,waiting,,0.0,0.0,222.0
454.0,easyBike_reverse3.3,easyBike,waiting,,0.0,0.0,203.0
455.0,easyBike_reverse2.1,easyBike,charging,313.0,25.78,25.0,
455.0,easyBike_reverse3.0,easyBike,charging,258.0,25.8,25.0,
455.0,easyBike_reverse3.1,easyBike,charging,307.0,25.77,25.0,
455.0,easyBike_reverse2.0,easyBike,charging,256.0,25.78,25.0,
455.0,easyBike_reverse4.1,easyBike,charging,298.0,25.78,25.0,
455.0,easyBike_reverse4.0,easyBike,waiting,,0.0,0.0,252.0
455.0,easyBike_reverse2.3,easyBike,waiting,,0.0,0.0,223.0
455.0,easyBike_reverse3.3,easyBike,waiting,,0.0,0.0,204.0
456.0,easyBike_reverse2.1,easyBike,charging,314.0,25.78,25.0,
456.0,easyBike_reverse3.0,easyBike,charging,259.0,25.8,25.0,
456.0,easyBike_reverse3.1,easyBike,charging,308.0,25.77,25.0,
456.0,easyBike_reverse2.0,easyBike,charging,257.0,25.78,25.0,
456.0,easyBike_reverse4.1,easyBike,charging,299.0,25.78,25.0,
456.0,easyBike_reverse4.0,easyBike,waiting,,0.0,0.0,253.0
456.0,easyBike_reverse2.3,easyBike,waiting,,0.0,0.0,224.0
456.0,easyBike_reverse3.3,easyBike,waiting,,0.0,0.0,205.0
457.0,easyBike_reverse2.1,easyBike,charging,315.0,25.78,25.0,
457.0,easyBike_reverse3.0,easyBike,charging,260.0,25.8,25.0,
457.0,easyBike_reverse3.1,easyBike,charging,309.0,25.77,25.0,
457.0,easyBike_reverse2.0,easyBike,charging,258.0,25.78,25.0,
457.0,easyBike_reverse4.1,easyBike,charging,300.0,25.78,25.0,
457.0,easyBike_reverse4.0,easyBike,waiting,,0.0,0.0,254.0
457.0,easyBike_reverse2.3,easyBike,waiting,,0.0,0.0,225.0
457.0,easyBike_reverse3.3,easyBike,waiting,,0.0,0.0,206.0
458.0,easyBike_reverse2.1,easyBike,charging,316.0,25.78,25.0,
458.0,easyBike_reverse3.0,easyBike,charging,261.0,25.8,25.0,
458.0,easyBike_reverse3.1,easyBike,charging,310.0,25.77,25.0,
458.0,easyBike_reverse2.0,easyBike,charging,259.0,25.78,25.0,
458.0,easyBike_reverse4.1,easyBike,charging,301.0,25.78,25.0,
458.0,easyBike_reverse4.0,easyBike,waiting,,0.0,0.0,255.0
458.0,easyBike_reverse2.3,easyBike,waiting,,0.0,0.0,226.0
458.0,easyBike_reverse3.3,easyBike,waiting,,0.0,0.0,207.0
459.0,easyBike_reverse2.1,easyBike,charging,317.0,25.78,25.0,
459.0,easyBike_reverse3.0,easyBike,charging,262.0,25.8,25.0,
459.0,easyBike_reverse3.1,easyBike,charging,311.0,25.77,25.0,
459.0,easyBike_reverse2.0,easyBike,charging,260.0,25.78,25.0,
459.0,easyBike_reverse4.1,easyBike,charging,302.0,25.78,25.0,
459.0,easyBike_reverse4.0,easyBike,waiting,,0.0,0.0,256.0
459.0,easyBike_reverse2.3,easyBike,waiting,,0.0,0.0,227.0
459.0,easyBike_reverse3.3,easyBike,waiting,,0.0,0.0,208.0
460.0,easyBike_reverse2.1,easyBike,charging,318.0,25.78,25.0,
460.0,easyBike_reverse3.0,easyBike,charging,263.0,25.8,25.0,
460.0,easyBike_reverse3.1,easyBike,charging,312.0,25.77,25.0,
460.0,easyBike_reverse2.0,easyBike,charging,261.0,25.78,25.0,
460.0,easyBike_reverse4.1,easyBike,charging,303.0,25.78,25.0,
460.0,easyBike_reverse4.0,easyBike,waiting,,0.0,0.0,257.0
460.0,easyBike_reverse2.3,easyBike,waiting,,0.0,0.0,228.0
460.0,easyBike_reverse3.3,easyBike,waiting,,0.0,0.0,209.0
461.0,easyBike_reverse2.1,easyBike,charging,319.0,25.78,25.0,
461.0,easyBike_reverse3.0,easyBike,charging,264.0,25.8,25.0,
461.0,easyBike_reverse3.1,easyBike,charging,313.0,25.77,25.0,
461.0,easyBike_reverse2.0,easyBike,charging,262.0,25.78,25.0,
461.0,easyBike_reverse4.1,easyBike,charging,304.0,25.78,25.0,
461.0,easyBike_reverse4.0,easyBike,waiting,,0.0,0.0,258.0
461.0,easyBike_reverse2.3,easyBike,waiting,,0.0,0.0,229.0
461.0,easyBike_reverse3.3,easyBike,waiting,,0.0,0.0,210.0
462.0,easyBike_reverse2.1,easyBike,charging,320.0,25.78,25.0,
462.0,easyBike_reverse3.0,easyBike,charging,265.0,25.8,25.0,
462.0,easyBike_reverse3.1,easyBike,charging,314.0,25.77,25.0,
462.0,easyBike_reverse2.0,easyBike,charging,263.0,25.78,25.0,
462.0,easyBike_reverse4.1,easyBike,charging,305.0,25.78,25.0,
462.0,easyBike_reverse4.0,easyBike,waiting,,0.0,0.0,259.0
462.0,easyBike_reverse2.3,easyBike,waiting,,0.0,0.0,230.0
462.0,easyBike_reverse3.3,easyBike,waiting,,0.0,0.0,211.0
463.0,easyBike_reverse2.1,easyBike,charging,321.0,25.78,25.0,
463.0,easyBike_reverse3.0,easyBike,charging,266.0,25.8,25.0,
463.0,easyBike_reverse3.1,easyBike,charging,315.0,25.77,25.0,
463.0,easyBike_reverse2.0,easyBike,charging,264.0,25.78,25.0,
463.0,easyBike_reverse4.1,easyBike,charging,306.0,25.78,25.0,
463.0,easyBike_reverse4.0,easyBike,waiting,,0.0,0.0,260.0
463.0,easyBike_reverse2.3,easyBike,waiting,,0.0,0.0,231.0
463.0,easyBike_reverse3.3,easyBike,waiting,,0.0,0.0,212.0
464.0,easyBike_reverse2.1,easyBike,charging,322.0,25.78,25.0,
464.0,easyBike_reverse3.0,easyBike,charging,267.0,25.8,25.0,
464.0,easyBike_reverse3.1,easyBike,charging,316.0,25.77,25.0,
464.0,easyBike_reverse2.0,easyBike,charging,265.0,25.78,25.0,
464.0,easyBike_reverse4.1,easyBike,charging,307.0,25.78,25.0,
464.0,easyBike_reverse4.0,easyBike,waiting,,0.0,0.0,261.0
464.0,easyBike_reverse2.3,easyBike,waiting,,0.0,0.0,232.0
464.0,easyBike_reverse3.3,easyBike,waiting,,0.0,0.0,213.0
465.0,easyBike_reverse2.1,easyBike,charging,323.0,25.78,25.0,
465.0,easyBike_reverse3.0,easyBike,charging,268.0,25.8,25.0,
465.0,easyBike_reverse3.1,easyBike,charging,317.0,25.77,25.0,
465.0,easyBike_reverse2.0,easyBike,charging,266.0,25.78,25.0,
465.0,easyBike_reverse4.1,easyBike,charging,308.0,25.78,25.0,
465.0,easyBike_reverse4.0,easyBike,waiting,,0.0,0.0,262.0
465.0,easyBike_reverse2.3,easyBike,waiting,,0.0,0.0,233.0
465.0,easyBike_reverse3.3,easyBike,waiting,,0.0,0.0,214.0
466.0,easyBike_reverse2.1,easyBike,charging,324.0,25.78,25.0,
466.0,easyBike_reverse3.0,easyBike,charging,269.0,25.8,25.0,
466.0,easyBike_reverse3.1,easyBike,charging,318.0,25.77,25.0,
466.0,easyBike_reverse2.0,easyBike,charging,267.0,25.78,25.0,
466.0,easyBike_reverse4.1,easyBike,charging,309.0,25.78,25.0,
466.0,easyBike_reverse4.0,easyBike,waiting,,0.0,0.0,263.0
466.0,easyBike_reverse2.3,easyBike,waiting,,0.0,0.0,234.0
466.0,easyBike_reverse3.3,easyBike,waiting,,0.0,0.0,215.0
467.0,easyBike_reverse2.1,easyBike,charging,325.0,25.78,25.0,
467.0,easyBike_reverse3.0,easyBike,charging,270.0,25.8,25.0,
467.0,easyBike_reverse3.1,easyBike,charging,319.0,25.77,25.0,
467.0,easyBike_reverse2.0,easyBike,charging,268.0,25.78,25.0,
467.0,easyBike_reverse4.1,easyBike,charging,310.0,25.78,25.0,
467.0,easyBike_reverse4.0,easyBike,waiting,,0.0,0.0,264.0
467.0,easyBike_reverse2.3,easyBike,waiting,,0.0,0.0,235.0
467.0,easyBike_reverse3.3,easyBike,waiting,,0.0,0.0,216.0
468.0,easyBike_reverse2.1,easyBike,charging,326.0,25.78,25.0,
468.0,easyBike_reverse3.0,easyBike,charging,271.0,25.8,25.0,
468.0,easyBike_reverse3.1,easyBike,charging,320.0,25.77,25.0,
468.0,easyBike_reverse2.0,easyBike,charging,269.0,25.78,25.0,
468.0,easyBike_reverse4.1,easyBike,charging,311.0,25.78,25.0,
468.0,easyBike_reverse4.0,easyBike,waiting,,0.0,0.0,265.0
468.0,easyBike_reverse2.3,easyBike,waiting,,0.0,0.0,236.0
468.0,easyBike_reverse3.3,easyBike,waiting,,0.0,0.0,217.0
469.0,easyBike_reverse2.1,easyBike,charging,327.0,25.78,25.0,
469.0,easyBike_reverse3.0,easyBike,charging,272.0,25.8,25.0,
469.0,easyBike_reverse3.1,easyBike,charging,321.0,25.77,25.0,
469.0,easyBike_reverse2.0,easyBike,charging,270.0,25.78,25.0,
469.0,easyBike_reverse4.1,easyBike,charging,312.0,25.78,25.0,
469.0,easyBike_reverse4.0,easyBike,waiting,,0.0,0.0,266.0
469.0,easyBike_reverse2.3,easyBike,waiting,,0.0,0.0,237.0
469.0,easyBike_reverse3.3,easyBike,waiting,,0.0,0.0,218.0
470.0,easyBike_reverse2.1,easyBike,charging,328.0,25.78,25.0,
470.0,easyBike_reverse3.0,easyBike,charging,273.0,25.8,25.0,
470.0,easyBike_reverse3.1,easyBike,charging,322.0,25.77,25.0,
470.0,easyBike_reverse2.0,easyBike,charging,271.0,25.78,25.0,
470.0,easyBike_reverse4.1,easyBike,charging,313.0,25.78,25.0,
470.0,easyBike_reverse4.0,easyBike,waiting,,0.0,0.0,267.0
470.0,easyBike_reverse2.3,easyBike,waiting,,0.0,0.0,238.0
470.0,easyBike_reverse3.3,easyBike,waiting,,0.0,0.0,219.0
471.0,easyBike_reverse2.1,easyBike,charging,329.0,25.78,25.0,
471.0,easyBike_reverse3.0,easyBike,charging,274.0,25.8,25.0,
471.0,easyBike_reverse3.1,easyBike,charging,323.0,25.77,25.0,
471.0,easyBike_reverse2.0,easyBike,charging,272.0,25.78,25.0,
471.0,easyBike_reverse4.1,easyBike,charging,314.0,25.78,25.0,
471.0,easyBike_reverse4.0,easyBike,waiting,,0.0,0.0,268.0
471.0,easyBike_reverse2.3,easyBike,waiting,,0.0,0.0,239.0
471.0,easyBike_reverse3.3,easyBike,waiting,,0.0,0.0,220.0
472.0,easyBike_reverse2.1,easyBike,charging,330.0,25.78,25.0,
472.0,easyBike_reverse3.0,easyBike,charging,275.0,25.8,25.0,
472.0,easyBike_reverse3.1,easyBike,charging,324.0,25.77,25.0,
472.0,easyBike_reverse2.0,easyBike,charging,273.0,25.78,25.0,
472.0,easyBike_reverse4.1,easyBike,charging,315.0,25.78,25.0,
472.0,easyBike_reverse4.0,easyBike,waiting,,0.0,0.0,269.0
472.0,easyBike_reverse2.3,easyBike,waiting,,0.0,0.0,240.0
472.0,easyBike_reverse3.3,easyBike,waiting,,0.0,0.0,221.0
473.0,easyBike_reverse2.1,easyBike,charging,331.0,25.78,25.0,
473.0,easyBike_reverse3.0,easyBike,charging,276.0,25.8,25.0,
473.0,easyBike_reverse3.1,easyBike,charging,325.0,25.77,25.0,
473.0,easyBike_reverse2.0,easyBike,charging,274.0,25.78,25.0,
473.0,easyBike_reverse4.1,easyBike,charging,316.0,25.78,25.0,
473.0,easyBike_reverse4.0,easyBike,waiting,,0.0,0.0,270.0
473.0,easyBike_reverse2.3,easyBike,waiting,,0.0,0.0,241.0
473.0,easyBike_reverse3.3,easyBike,waiting,,0.0,0.0,222.0
474.0,easyBike_reverse2.1,easyBike,charging,332.0,25.78,25.0,
474.0,easyBike_reverse3.0,easyBike,charging,277.0,25.8,25.0,
474.0,easyBike_reverse3.1,easyBike,charging,326.0,25.77,25.0,
474.0,easyBike_reverse2.0,easyBike,charging,275.0,25.78,25.0,
474.0,easyBike_reverse4.1,easyBike,charging,317.0,25.78,25.0,
474.0,easyBike_reverse4.0,easyBike,waiting,,0.0,0.0,271.0
474.0,easyBike_reverse2.3,easyBike,waiting,,0.0,0.0,242.0
474.0,easyBike_reverse3.3,easyBike,waiting,,0.0,0.0,223.0
475.0,easyBike_reverse2.1,easyBike,charging,333.0,25.78,25.0,
475.0,easyBike_reverse3.0,easyBike,charging,278.0,25.8,25.0,
475.0,easyBike_reverse3.1,easyBike,charging,327.0,25.77,25.0,
475.0,easyBike_reverse2.0,easyBike,charging,276.0,25.78,25.0,
475.0,easyBike_reverse4.1,easyBike,charging,318.0,25.78,25.0,
475.0,easyBike_reverse4.0,easyBike,waiting,,0.0,0.0,272.0
475.0,easyBike_reverse2.3,easyBike,waiting,,0.0,0.0,243.0
475.0,easyBike_reverse3.3,easyBike,waiting,,0.0,0.0,224.0
476.0,easyBike_reverse2.1,easyBike,charging,334.0,25.78,25.0,
476.0,easyBike_reverse3.0,easyBike,charging,279.0,25.8,25.0,
476.0,easyBike_reverse3.1,easyBike,charging,328.0,25.77,25.0,
476.0,easyBike_reverse2.0,easyBike,charging,277.0,25.78,25.0,
476.0,easyBike_reverse4.1,easyBike,charging,319.0,25.78,25.0,
476.0,easyBike_reverse4.0,easyBike,waiting,,0.0,0.0,273.0
476.0,easyBike_reverse2.3,easyBike,waiting,,0.0,0.0,244.0
476.0,easyBike_reverse3.3,easyBike,waiting,,0.0,0.0,225.0
477.0,easyBike_reverse2.1,easyBike,charging,335.0,25.78,25.0,
477.0,easyBike_reverse3.0,easyBike,charging,280.0,25.8,25.0,
477.0,easyBike_reverse3.1,easyBike,charging,329.0,25.77,25.0,
477.0,easyBike_reverse2.0,easyBike,charging,278.0,25.78,25.0,
477.0,easyBike_reverse4.1,easyBike,charging,320.0,25.78,25.0,
477.0,easyBike_reverse4.0,easyBike,waiting,,0.0,0.0,274.0
477.0,easyBike_reverse2.3,easyBike,waiting,,0.0,0.0,245.0
477.0,easyBike_reverse3.3,easyBike,waiting,,0.0,0.0,226.0
478.0,easyBike_reverse2.1,easyBike,charging,336.0,25.78,25.0,
478.0,easyBike_reverse3.0,easyBike,charging,281.0,25.8,25.0,
478.0,easyBike_reverse3.1,easyBike,charging,330.0,25.77,25.0,
478.0,easyBike_reverse2.0,easyBike,charging,279.0,25.78,25.0,
478.0,easyBike_reverse4.1,easyBike,charging,321.0,25.78,25.0,
478.0,easyBike_reverse4.0,easyBike,waiting,,0.0,0.0,275.0
478.0,easyBike_reverse2.3,easyBike,waiting,,0.0,0.0,246.0
478.0,easyBike_reverse3.3,easyBike,waiting,,0.0,0.0,227.0
479.0,easyBike_reverse2.1,easyBike,charging,337.0,25.78,25.0,
479.0,easyBike_reverse3.0,easyBike,charging,282.0,25.8,25.0,
479.0,easyBike_reverse3.1,easyBike,charging,331.0,25.77,25.0,
479.0,easyBike_reverse2.0,easyBike,charging,280.0,25.78,25.0,
479.0,easyBike_reverse4.1,easyBike,charging,322.0,25.78,25.0,
479.0,easyBike_reverse4.0,easyBike,waiting,,0.0,0.0,276.0
479.0,easyBike_reverse2.3,easyBike,waiting,,0.0,0.0,247.0
479.0,easyBike_reverse3.3,easyBike,waiting,,0.0,0.0,228.0
480.0,easyBike_reverse2.1,easyBike,charging,338.0,25.78,25.0,
480.0,easyBike_reverse3.0,easyBike,charging,283.0,25.8,25.0,
480.0,easyBike_reverse3.1,easyBike,charging,332.0,25.77,25.0,
480.0,easyBike_reverse2.0,easyBike,charging,281.0,25.78,25.0,
480.0,easyBike_reverse4.1,easyBike,charging,323.0,25.78,25.0,
480.0,easyBike_reverse4.0,easyBike,waiting,,0.0,0.0,277.0
480.0,easyBike_reverse2.3,easyBike,waiting,,0.0,0.0,248.0
480.0,easyBike_reverse3.3,easyBike,waiting,,0.0,0.0,229.0
481.0,easyBike_reverse2.1,easyBike,charging,339.0,25.78,25.0,
481.0,easyBike_reverse3.0,easyBike,charging,284.0,25.8,25.0,
481.0,easyBike_reverse3.1,easyBike,charging,333.0,25.77,25.0,
481.0,easyBike_reverse2.0,easyBike,charging,282.0,25.78,25.0,
481.0,easyBike_reverse4.1,easyBike,charging,324.0,25.78,25.0,
481.0,easyBike_reverse4.0,easyBike,waiting,,0.0,0.0,278.0
481.0,easyBike_reverse2.3,easyBike,waiting,,0.0,0.0,249.0
481.0,easyBike_reverse3.3,easyBike,waiting,,0.0,0.0,230.0
482.0,easyBike_reverse2.1,easyBike,charging,340.0,25.78,25.0,
482.0,easyBike_reverse3.0,easyBike,charging,285.0,25.8,25.0,
482.0,easyBike_reverse3.1,easyBike,charging,334.0,25.77,25.0,
482.0,easyBike_reverse2.0,easyBike,charging,283.0,25.78,25.0,
482.0,easyBike_reverse4.1,easyBike,charging,325.0,25.78,25.0,
482.0,easyBike_reverse4.0,easyBike,waiting,,0.0,0.0,279.0
482.0,easyBike_reverse2.3,easyBike,waiting,,0.0,0.0,250.0
482.0,easyBike_reverse3.3,easyBike,waiting,,0.0,0.0,231.0
483.0,easyBike_reverse2.1,easyBike,charging,341.0,25.78,25.0,
483.0,easyBike_reverse3.0,easyBike,charging,286.0,25.8,25.0,
483.0,easyBike_reverse3.1,easyBike,charging,335.0,25.77,25.0,
483.0,easyBike_reverse2.0,easyBike,charging,284.0,25.78,25.0,
483.0,easyBike_reverse4.1,easyBike,charging,326.0,25.78,25.0,
483.0,easyBike_reverse4.0,easyBike,waiting,,0.0,0.0,280.0
483.0,easyBike_reverse2.3,easyBike,waiting,,0.0,0.0,251.0
483.0,easyBike_reverse3.3,easyBike,waiting,,0.0,0.0,232.0
484.0,easyBike_reverse2.1,easyBike,charging,342.0,25.78,25.0,
484.0,easyBike_reverse3.0,easyBike,charging,287.0,25.8,25.0,
484.0,easyBike_reverse3.1,easyBike,charging,336.0,25.77,25.0,
484.0,easyBike_reverse2.0,easyBike,charging,285.0,25.78,25.0,
484.0,easyBike_reverse4.1,easyBike,charging,327.0,25.78,25.0,
484.0,easyBike_reverse4.0,easyBike,waiting,,0.0,0.0,281.0
484.0,easyBike_reverse2.3,easyBike,waiting,,0.0,0.0,252.0
484.0,easyBike_reverse3.3,easyBike,waiting,,0.0,0.0,233.0
485.0,easyBike_reverse2.1,easyBike,charging,343.0,25.78,25.0,
485.0,easyBike_reverse3.0,easyBike,charging,288.0,25.8,25.0,
485.0,easyBike_reverse3.1,easyBike,charging,337.0,25.77,25.0,
485.0,easyBike_reverse2.0,easyBike,charging,286.0,25.78,25.0,
485.0,easyBike_reverse4.1,easyBike,charging,328.0,25.78,25.0,
485.0,easyBike_reverse4.0,easyBike,waiting,,0.0,0.0,282.0
485.0,easyBike_reverse2.3,easyBike,waiting,,0.0,0.0,253.0
485.0,easyBike_reverse3.3,easyBike,waiting,,0.0,0.0,234.0
486.0,easyBike_reverse2.1,easyBike,charging,344.0,25.78,25.0,
486.0,easyBike_reverse3.0,easyBike,charging,289.0,25.8,25.0,
486.0,easyBike_reverse3.1,easyBike,charging,338.0,25.77,25.0,
486.0,easyBike_reverse2.0,easyBike,charging,287.0,25.78,25.0,
486.0,easyBike_reverse4.1,easyBike,charging,329.0,25.78,25.0,
486.0,easyBike_reverse4.0,easyBike,waiting,,0.0,0.0,283.0
486.0,easyBike_reverse2.3,easyBike,waiting,,0.0,0.0,254.0
486.0,easyBike_reverse3.3,easyBike,waiting,,0.0,0.0,235.0
487.0,easyBike_reverse2.1,easyBike,charging,345.0,25.78,25.0,
487.0,easyBike_reverse3.0,easyBike,charging,290.0,25.8,25.0,
487.0,easyBike_reverse3.1,easyBike,charging,339.0,25.76,25.0,
487.0,easyBike_reverse2.0,easyBike,charging,288.0,25.78,25.0,
487.0,easyBike_reverse4.1,easyBike,charging,330.0,25.78,25.0,
487.0,easyBike_reverse4.0,easyBike,waiting,,0.0,0.0,284.0
487.0,easyBike_reverse2.3,easyBike,waiting,,0.0,0.0,255.0
487.0,easyBike_reverse3.3,easyBike,waiting,,0.0,0.0,236.0
488.0,easyBike_reverse2.1,easyBike,charging,346.0,25.78,25.0,
488.0,easyBike_reverse3.0,easyBike,charging,291.0,25.8,25.0,
488.0,easyBike_reverse3.1,easyBike,charging,340.0,25.76,25.0,
488.0,easyBike_reverse2.0,easyBike,charging,289.0,25.78,25.0,
488.0,easyBike_reverse4.1,easyBike,charging,331.0,25.78,25.0,
488.0,easyBike_reverse4.0,easyBike,waiting,,0.0,0.0,285.0
488.0,easyBike_reverse2.3,easyBike,waiting,,0.0,0.0,256.0
488.0,easyBike_reverse3.3,easyBike,waiting,,0.0,0.0,237.0
489.0,easyBike_reverse2.1,easyBike,charging,347.0,25.78,25.0,
489.0,easyBike_reverse3.0,easyBike,charging,292.0,25.8,25.0,
489.0,easyBike_reverse3.1,easyBike,charging,341.0,25.76,25.0,
489.0,easyBike_reverse2.0,easyBike,charging,290.0,25.78,25.0,
489.0,easyBike_reverse4.1,easyBike,charging,332.0,25.78,25.0,
489.0,easyBike_reverse4.0,easyBike,waiting,,0.0,0.0,286.0
489.0,easyBike_reverse2.3,easyBike,waiting,,0.0,0.0,257.0
489.0,easyBike_reverse3.3,easyBike,waiting,,0.0,0.0,238.0
490.0,easyBike_reverse2.1,easyBike,charging,348.0,25.78,25.0,
490.0,easyBike_reverse3.0,easyBike,charging,293.0,25.8,25.0,
490.0,easyBike_reverse3.1,easyBike,charging,342.0,25.76,25.0,
490.0,easyBike_reverse2.0,easyBike,charging,291.0,25.78,25.0,
490.0,easyBike_reverse4.1,easyBike,charging,333.0,25.78,25.0,
490.0,easyBike_reverse4.0,easyBike,waiting,,0.0,0.0,287.0
490.0,easyBike_reverse2.3,easyBike,waiting,,0.0,0.0,258.0
490.0,easyBike_reverse3.3,easyBike,waiting,,0.0,0.0,239.0
491.0,easyBike_reverse2.1,easyBike,charging,349.0,25.78,25.0,
491.0,easyBike_reverse3.0,easyBike,charging,294.0,25.8,25.0,
491.0,easyBike_reverse3.1,easyBike,charging,343.0,25.76,25.0,
491.0,easyBike_reverse2.0,easyBike,charging,292.0,25.78,25.0,
491.0,easyBike_reverse4.1,easyBike,charging,334.0,25.78,25.0,
491.0,easyBike_reverse4.0,easyBike,waiting,,0.0,0.0,288.0
491.0,easyBike_reverse2.3,easyBike,waiting,,0.0,0.0,259.0
491.0,easyBike_reverse3.3,easyBike,waiting,,0.0,0.0,240.0
492.0,easyBike_reverse2.1,easyBike,charging,350.0,25.78,25.0,
492.0,easyBike_reverse3.0,easyBike,charging,295.0,25.8,25.0,
492.0,easyBike_reverse3.1,easyBike,charging,344.0,25.76,25.0,
492.0,easyBike_reverse2.0,easyBike,charging,293.0,25.78,25.0,
492.0,easyBike_reverse4.1,easyBike,charging,335.0,25.78,25.0,
492.0,easyBike_reverse4.0,easyBike,waiting,,0.0,0.0,289.0
492.0,easyBike_reverse2.3,easyBike,waiting,,0.0,0.0,260.0
492.0,easyBike_reverse3.3,easyBike,waiting,,0.0,0.0,241.0
493.0,easyBike_reverse2.1,easyBike,charging,351.0,25.78,25.0,
493.0,easyBike_reverse3.0,easyBike,charging,296.0,25.8,25.0,
493.0,easyBike_reverse3.1,easyBike,charging,345.0,25.76,25.0,
493.0,easyBike_reverse2.0,easyBike,charging,294.0,25.78,25.0,
493.0,easyBike_reverse4.1,easyBike,charging,336.0,25.78,25.0,
493.0,easyBike_reverse4.0,easyBike,waiting,,0.0,0.0,290.0
493.0,easyBike_reverse2.3,easyBike,waiting,,0.0,0.0,261.0
493.0,easyBike_reverse3.3,easyBike,waiting,,0.0,0.0,242.0
494.0,easyBike_reverse2.1,easyBike,charging,352.0,25.78,25.0,
494.0,easyBike_reverse3.0,easyBike,charging,297.0,25.8,25.0,
494.0,easyBike_reverse3.1,easyBike,charging,346.0,25.76,25.0,
494.0,easyBike_reverse2.0,easyBike,charging,295.0,25.78,25.0,
494.0,easyBike_reverse4.1,easyBike,charging,337.0,25.78,25.0,
494.0,easyBike_reverse4.0,easyBike,waiting,,0.0,0.0,291.0
494.0,easyBike_reverse2.3,easyBike,waiting,,0.0,0.0,262.0
494.0,easyBike_reverse3.3,easyBike,waiting,,0.0,0.0,243.0
495.0,easyBike_reverse2.1,easyBike,charging,353.0,25.78,25.0,
495.0,easyBike_reverse3.0,easyBike,charging,298.0,25.8,25.0,
495.0,easyBike_reverse3.1,easyBike,charging,347.0,25.76,25.0,
495.0,easyBike_reverse2.0,easyBike,charging,296.0,25.78,25.0,
495.0,easyBike_reverse4.1,easyBike,charging,338.0,25.78,25.0,
495.0,easyBike_reverse4.0,easyBike,waiting,,0.0,0.0,292.0
495.0,easyBike_reverse2.3,easyBike,waiting,,0.0,0.0,263.0
495.0,easyBike_reverse3.3,easyBike,waiting,,0.0,0.0,244.0
496.0,easyBike_reverse2.1,easyBike,charging,354.0,25.78,25.0,
496.0,easyBike_reverse3.0,easyBike,charging,299.0,25.8,25.0,
496.0,easyBike_reverse3.1,easyBike,charging,348.0,25.76,25.0,
496.0,easyBike_reverse2.0,easyBike,charging,297.0,25.78,25.0,
496.0,easyBike_reverse4.1,easyBike,charging,339.0,25.78,25.0,
496.0,easyBike_reverse4.0,easyBike,waiting,,0.0,0.0,293.0
496.0,easyBike_reverse2.3,easyBike,waiting,,0.0,0.0,264.0
496.0,easyBike_reverse3.3,easyBike,waiting,,0.0,0.0,245.0
497.0,easyBike_reverse2.1,easyBike,charging,355.0,25.78,25.0,
497.0,easyBike_reverse3.0,easyBike,charging,300.0,25.8,25.0,
497.0,easyBike_reverse3.1,easyBike,charging,349.0,25.76,25.0,
497.0,easyBike_reverse2.0,easyBike,charging,298.0,25.78,25.0,
497.0,easyBike_reverse4.1,easyBike,charging,340.0,25.78,25.0,
497.0,easyBike_reverse4.0,easyBike,waiting,,0.0,0.0,294.0
497.0,easyBike_reverse2.3,easyBike,waiting,,0.0,0.0,265.0
497.0,easyBike_reverse3.3,easyBike,waiting,,0.0,0.0,246.0
498.0,easyBike_reverse2.1,easyBike,charging,356.0,25.78,25.0,
498.0,easyBike_reverse3.0,easyBike,charging,301.0,25.8,25.0,
498.0,easyBike_reverse3.1,easyBike,charging,350.0,25.76,25.0,
498.0,easyBike_reverse2.0,easyBike,charging,299.0,25.78,25.0,
498.0,easyBike_reverse4.1,easyBike,charging,341.0,25.78,25.0,
498.0,easyBike_reverse4.0,easyBike,waiting,,0.0,0.0,295.0
498.0,easyBike_reverse2.3,easyBike,waiting,,0.0,0.0,266.0
498.0,easyBike_reverse3.3,easyBike,waiting,,0.0,0.0,247.0
499.0,easyBike_reverse2.1,easyBike,charging,357.0,25.78,25.0,
499.0,easyBike_reverse3.0,easyBike,charging,302.0,25.8,25.0,
499.0,easyBike_reverse3.1,easyBike,charging,351.0,25.76,25.0,
499.0,easyBike_reverse2.0,easyBike,charging,300.0,25.78,25.0,
499.0,easyBike_reverse4.1,easyBike,charging,342.0,25.78,25.0,
499.0,easyBike_reverse4.0,easyBike,waiting,,0.0,0.0,296.0
499.0,easyBike_reverse2.3,easyBike,waiting,,0.0,0.0,267.0
499.0,easyBike_reverse3.3,easyBike,waiting,,0.0,0.0,248.0
500.0,easyBike_reverse2.1,easyBike,charging,358.0,25.78,25.0,
500.0,easyBike_reverse3.0,easyBike,charging,303.0,25.8,25.0,
500.0,easyBike_reverse3.1,easyBike,charging,352.0,25.76,25.0,
500.0,easyBike_reverse2.0,easyBike,charging,301.0,25.78,25.0,
500.0,easyBike_reverse4.1,easyBike,charging,343.0,25.78,25.0,
500.0,easyBike_reverse4.0,easyBike,waiting,,0.0,0.0,297.0
500.0,easyBike_reverse2.3,easyBike,waiting,,0.0,0.0,268.0
500.0,easyBike_reverse3.3,easyBike,waiting,,0.0,0.0,249.0
501.0,easyBike_reverse2.1,easyBike,charging,359.0,25.78,25.0,
501.0,easyBike_reverse3.0,easyBike,charging,304.0,25.79,25.0,
501.0,easyBike_reverse3.1,easyBike,charging,353.0,25.76,25.0,
501.0,easyBike_reverse2.0,easyBike,charging,302.0,25.78,25.0,
501.0,easyBike_reverse4.1,easyBike,charging,344.0,25.78,25.0,
501.0,easyBike_reverse4.0,easyBike,waiting,,0.0,0.0,298.0
501.0,easyBike_reverse2.3,easyBike,waiting,,0.0,0.0,269.0
501.0,easyBike_reverse3.3,easyBike,waiting,,0.0,0.0,250.0
502.0,easyBike_reverse2.1,easyBike,charging,360.0,25.78,25.0,
502.0,easyBike_reverse3.0,easyBike,charging,305.0,25.79,25.0,
502.0,easyBike_reverse3.1,easyBike,charging,354.0,25.76,25.0,
502.0,easyBike_reverse2.0,easyBike,charging,303.0,25.78,25.0,
502.0,easyBike_reverse4.1,easyBike,charging,345.0,25.78,25.0,
502.0,easyBike_reverse4.0,easyBike,waiting,,0.0,0.0,299.0
502.0,easyBike_reverse2.3,easyBike,waiting,,0.0,0.0,270.0
502.0,easyBike_reverse3.3,easyBike,waiting,,0.0,0.0,251.0
503.0,easyBike_reverse2.1,easyBike,charging,361.0,25.78,25.0,
503.0,easyBike_reverse3.0,easyBike,charging,306.0,25.79,25.0,
503.0,easyBike_reverse3.1,easyBike,charging,355.0,25.76,25.0,
503.0,easyBike_reverse2.0,easyBike,charging,304.0,25.78,25.0,
503.0,easyBike_reverse4.1,easyBike,charging,346.0,25.78,25.0,
503.0,easyBike_reverse4.0,easyBike,waiting,,0.0,0.0,300.0
503.0,easyBike_reverse2.3,easyBike,waiting,,0.0,0.0,271.0
503.0,easyBike_reverse3.3,easyBike,waiting,,0.0,0.0,252.0
504.0,easyBike_reverse2.1,easyBike,charging,362.0,25.78,25.0,
504.0,easyBike_reverse3.0,easyBike,charging,307.0,25.78,25.0,
504.0,easyBike_reverse3.1,easyBike,charging,356.0,25.76,25.0,
504.0,easyBike_reverse2.0,easyBike,charging,305.0,25.78,25.0,
504.0,easyBike_reverse4.1,easyBike,charging,347.0,25.78,25.0,
504.0,easyBike_reverse4.0,easyBike,waiting,,0.0,0.0,301.0
504.0,easyBike_reverse2.3,easyBike,waiting,,0.0,0.0,272.0
504.0,easyBike_reverse3.3,easyBike,waiting,,0.0,0.0,253.0
505.0,easyBike_reverse2.1,easyBike,charging,363.0,25.78,25.0,
505.0,easyBike_reverse3.0,easyBike,charging,308.0,25.78,25.0,
505.0,easyBike_reverse3.1,easyBike,charging,357.0,25.76,25.0,
505.0,easyBike_reverse2.0,easyBike,charging,306.0,25.77,25.0,
505.0,easyBike_reverse4.1,easyBike,charging,348.0,25.78,25.0,
505.0,easyBike_reverse4.0,easyBike,waiting,,0.0,0.0,302.0
505.0,easyBike_reverse2.3,easyBike,waiting,,0.0,0.0,273.0
505.0,easyBike_reverse3.3,easyBike,waiting,,0.0,0.0,254.0
506.0,easyBike_reverse2.1,easyBike,charging,364.0,25.78,25.0,
506.0,easyBike_reverse3.0,easyBike,charging,309.0,25.77,25.0,
506.0,easyBike_reverse3.1,easyBike,charging,358.0,25.76,25.0,
506.0,easyBike_reverse2.0,easyBike,charging,307.0,25.77,25.0,
506.0,easyBike_reverse4.1,easyBike,charging,349.0,25.78,25.0,
506.0,easyBike_reverse4.0,easyBike,waiting,,0.0,0.0,303.0
506.0,easyBike_reverse2.3,easyBike,waiting,,0.0,0.0,274.0
506.0,easyBike_reverse3.3,easyBike,waiting,,0.0,0.0,255.0
507.0,easyBike_reverse2.1,easyBike,charging,365.0,25.78,25.0,
507.0,easyBike_reverse3.0,easyBike,charging,310.0,25.76,25.0,
507.0,easyBike_reverse3.1,easyBike,charging,359.0,25.76,25.0,
507.0,easyBike_reverse2.0,easyBike,charging,308.0,25.77,25.0,
507.0,easyBike_reverse4.1,easyBike,charging,350.0,25.78,25.0,
507.0,easyBike_reverse4.0,easyBike,waiting,,0.0,0.0,304.0
507.0,easyBike_reverse2.3,easyBike,waiting,,0.0,0.0,275.0
507.0,easyBike_reverse3.3,easyBike,waiting,,0.0,0.0,256.0
508.0,easyBike_reverse2.1,easyBike,charging,366.0,25.78,25.0,
508.0,easyBike_reverse3.0,easyBike,charging,311.0,25.76,25.0,
508.0,easyBike_reverse3.1,easyBike,charging,360.0,25.76,25.0,
508.0,easyBike_reverse2.0,easyBike,charging,309.0,25.76,25.0,
508.0,easyBike_reverse4.1,easyBike,charging,351.0,25.78,25.0,
508.0,easyBike_reverse4.0,easyBike,waiting,,0.0,0.0,305.0
508.0,easyBike_reverse2.3,easyBike,waiting,,0.0,0.0,276.0
508.0,easyBike_reverse3.3,easyBike,waiting,,0.0,0.0,257.0
509.0,easyBike_reverse2.1,easyBike,charging,367.0,25.78,25.0,
509.0,easyBike_reverse3.0,easyBike,charging,312.0,25.76,25.0,
509.0,easyBike_reverse3.1,easyBike,charging,361.0,25.76,25.0,
509.0,easyBike_reverse2.0,easyBike,charging,310.0,25.75,25.0,
509.0,easyBike_reverse4.1,easyBike,charging,352.0,25.78,25.0,
509.0,easyBike_reverse4.0,easyBike,waiting,,0.0,0.0,306.0
509.0,easyBike_reverse2.3,easyBike,waiting,,0.0,0.0,277.0
509.0,easyBike_reverse3.3,easyBike,waiting,,0.0,0.0,258.0
510.0,easyBike_reverse2.1,easyBike,charging,368.0,25.78,25.0,
510.0,easyBike_reverse3.0,easyBike,charging,313.0,25.75,25.0,
510.0,easyBike_reverse3.1,easyBike,charging,362.0,25.76,25.0,
510.0,easyBike_reverse2.0,easyBike,charging,311.0,25.75,25.0,
510.0,easyBike_reverse4.1,easyBike,charging,353.0,25.78,25.0,
510.0,easyBike_reverse4.0,easyBike,waiting,,0.0,0.0,307.0
510.0,easyBike_reverse2.3,easyBike,waiting,,0.0,0.0,278.0
510.0,easyBike_reverse3.3,easyBike,waiting,,0.0,0.0,259.0
511.0,easyBike_reverse2.1,easyBike,charging,369.0,25.78,25.0,
511.0,easyBike_reverse3.0,easyBike,charging,314.0,25.75,25.0,
511.0,easyBike_reverse3.1,easyBike,charging,363.0,25.76,25.0,
511.0,easyBike_reverse2.0,easyBike,charging,312.0,25.74,25.0,
511.0,easyBike_reverse4.1,easyBike,charging,354.0,25.78,25.0,
511.0,easyBike_reverse4.0,easyBike,waiting,,0.0,0.0,308.0
511.0,easyBike_reverse2.3,easyBike,waiting,,0.0,0.0,279.0
511.0,easyBike_reverse3.3,easyBike,waiting,,0.0,0.0,260.0
512.0,easyBike_reverse2.1,easyBike,charging,370.0,25.78,25.0,
512.0,easyBike_reverse3.0,easyBike,charging,315.0,25.75,25.0,
512.0,easyBike_reverse3.1,easyBike,charging,364.0,25.76,25.0,
512.0,easyBike_reverse2.0,easyBike,charging,313.0,25.73,25.0,
512.0,easyBike_reverse4.1,easyBike,charging,355.0,25.78,25.0,
512.0,easyBike_reverse4.0,easyBike,waiting,,0.0,0.0,309.0
512.0,easyBike_reverse2.3,easyBike,waiting,,0.0,0.0,280.0
512.0,easyBike_reverse3.3,easyBike,waiting,,0.0,0.0,261.0
513.0,easyBike_reverse2.1,easyBike,charging,371.0,25.78,25.0,
513.0,easyBike_reverse3.0,easyBike,charging,316.0,25.75,25.0,
513.0,easyBike_reverse3.1,easyBike,charging,365.0,25.76,25.0,
513.0,easyBike_reverse2.0,easyBike,charging,314.0,25.73,25.0,
513.0,easyBike_reverse4.1,easyBike,charging,356.0,25.78,25.0,
513.0,easyBike_reverse4.0,easyBike,waiting,,0.0,0.0,310.0
513.0,easyBike_reverse2.3,easyBike,waiting,,0.0,0.0,281.0
513.0,easyBike_reverse3.3,easyBike,waiting,,0.0,0.0,262.0
514.0,easyBike_reverse2.1,easyBike,charging,372.0,25.78,25.0,
514.0,easyBike_reverse3.0,easyBike,charging,317.0,25.74,25.0,
514.0,easyBike_reverse3.1,easyBike,charging,366.0,25.76,25.0,
514.0,easyBike_reverse2.0,easyBike,charging,315.0,25.73,25.0,
514.0,easyBike_reverse4.1,easyBike,charging,357.0,25.78,25.0,
514.0,easyBike_reverse4.0,easyBike,waiting,,0.0,0.0,311.0
514.0,easyBike_reverse2.3,easyBike,waiting,,0.0,0.0,282.0
514.0,easyBike_reverse3.3,easyBike,waiting,,0.0,0.0,263.0
515.0,easyBike_reverse2.1,easyBike,charging,373.0,25.78,25.0,
515.0,easyBike_reverse3.0,easyBike,charging,318.0,25.74,25.0,
515.0,easyBike_reverse3.1,easyBike,charging,367.0,25.76,25.0,
515.0,easyBike_reverse2.0,easyBike,charging,316.0,25.73,25.0,
515.0,easyBike_reverse4.1,easyBike,charging,358.0,25.78,25.0,
515.0,easyBike_reverse4.0,easyBike,waiting,,0.0,0.0,312.0
515.0,easyBike_reverse2.3,easyBike,waiting,,0.0,0.0,283.0
515.0,easyBike_reverse3.3,easyBike,waiting,,0.0,0.0,264.0
516.0,easyBike_reverse2.1,easyBike,charging,374.0,25.78,25.0,
516.0,easyBike_reverse3.0,easyBike,charging,319.0,25.74,25.0,
516.0,easyBike_reverse3.1,easyBike,charging,368.0,25.76,25.0,
516.0,easyBike_reverse2.0,easyBike,charging,317.0,25.74,25.0,
516.0,easyBike_reverse4.1,easyBike,charging,359.0,25.78,25.0,
516.0,easyBike_reverse4.0,easyBike,waiting,,0.0,0.0,313.0
516.0,easyBike_reverse2.3,easyBike,waiting,,0.0,0.0,284.0
516.0,easyBike_reverse3.3,easyBike,waiting,,0.0,0.0,265.0
517.0,easyBike_reverse2.1,easyBike,charging,375.0,25.78,25.0,
517.0,easyBike_reverse3.0,easyBike,charging,320.0,25.73,25.0,
517.0,easyBike_reverse3.1,easyBike,charging,369.0,25.76,25.0,
517.0,easyBike_reverse2.0,easyBike,charging,318.0,25.73,25.0,
517.0,easyBike_reverse4.1,easyBike,charging,360.0,25.78,25.0,
517.0,easyBike_reverse4.0,easyBike,waiting,,0.0,0.0,314.0
517.0,easyBike_reverse2.3,easyBike,waiting,,0.0,0.0,285.0
517.0,easyBike_reverse3.3,easyBike,waiting,,0.0,0.0,266.0
518.0,easyBike_reverse2.1,easyBike,charging,376.0,25.78,25.0,
518.0,easyBike_reverse3.0,easyBike,charging,321.0,25.73,25.0,
518.0,easyBike_reverse3.1,easyBike,charging,370.0,25.76,25.0,
518.0,easyBike_reverse2.0,easyBike,charging,319.0,25.73,25.0,
518.0,easyBike_reverse4.1,easyBike,charging,361.0,25.78,25.0,
518.0,easyBike_reverse4.0,easyBike,waiting,,0.0,0.0,315.0
518.0,easyBike_reverse2.3,easyBike,waiting,,0.0,0.0,286.0
518.0,easyBike_reverse3.3,easyBike,waiting,,0.0,0.0,267.0
519.0,easyBike_reverse2.1,easyBike,charging,377.0,25.78,25.0,
519.0,easyBike_reverse3.0,easyBike,charging,322.0,25.73,25.0,
519.0,easyBike_reverse3.1,easyBike,charging,371.0,25.76,25.0,
519.0,easyBike_reverse2.0,easyBike,charging,320.0,25.71,25.0,
519.0,easyBike_reverse4.1,easyBike,charging,362.0,25.78,25.0,
519.0,easyBike_reverse4.0,easyBike,waiting,,0.0,0.0,316.0
519.0,easyBike_reverse2.3,easyBike,waiting,,0.0,0.0,287.0
519.0,easyBike_reverse3.3,easyBike,waiting,,0.0,0.0,268.0
520.0,easyBike_reverse2.1,easyBike,charging,378.0,25.78,25.0,
520.0,easyBike_reverse3.0,easyBike,charging,323.0,25.73,25.0,
520.0,easyBike_reverse3.1,easyBike,charging,372.0,25.76,25.0,
520.0,easyBike_reverse2.0,easyBike,charging,321.0,25.7,25.0,
520.0,easyBike_reverse4.1,easyBike,charging,363.0,25.78,25.0,
520.0,easyBike_reverse4.0,easyBike,waiting,,0.0,0.0,317.0
520.0,easyBike_reverse2.3,easyBike,waiting,,0.0,0.0,288.0
520.0,easyBike_reverse3.3,easyBike,waiting,,0.0,0.0,269.0
521.0,easyBike_reverse2.1,easyBike,charging,379.0,25.78,25.0,
521.0,easyBike_reverse3.0,easyBike,charging,324.0,25.73,25.0,
521.0,easyBike_reverse3.1,easyBike,charging,373.0,25.76,25.0,
521.0,easyBike_reverse2.0,easyBike,charging,322.0,25.7,25.0,
521.0,easyBike_reverse4.1,easyBike,charging,364.0,25.78,25.0,
521.0,easyBike_reverse4.0,easyBike,waiting,,0.0,0.0,318.0
521.0,easyBike_reverse2.3,easyBike,waiting,,0.0,0.0,289.0
521.0,easyBike_reverse3.3,easyBike,waiting,,0.0,0.0,270.0
522.0,easyBike_reverse2.1,easyBike,charging,380.0,25.78,25.0,
522.0,easyBike_reverse3.0,easyBike,charging,325.0,25.72,25.0,
522.0,easyBike_reverse3.1,easyBike,charging,374.0,25.76,25.0,
522.0,easyBike_reverse2.0,easyBike,charging,323.0,25.7,25.0,
522.0,easyBike_reverse4.1,easyBike,charging,365.0,25.78,25.0,
522.0,easyBike_reverse4.0,easyBike,waiting,,0.0,0.0,319.0
522.0,easyBike_reverse2.3,easyBike,waiting,,0.0,0.0,290.0
522.0,easyBike_reverse3.3,easyBike,waiting,,0.0,0.0,271.0
523.0,easyBike_reverse2.1,easyBike,charging,381.0,25.78,25.0,
523.0,easyBike_reverse3.0,easyBike,charging,326.0,25.72,25.0,
523.0,easyBike_reverse3.1,easyBike,charging,375.0,25.76,25.0,
523.0,easyBike_reverse2.0,easyBike,charging,324.0,25.69,25.0,
523.0,easyBike_reverse4.1,easyBike,charging,366.0,25.78,25.0,
523.0,easyBike_reverse4.0,easyBike,waiting,,0.0,0.0,320.0
523.0,easyBike_reverse2.3,easyBike,waiting,,0.0,0.0,291.0
523.0,easyBike_reverse3.3,easyBike,waiting,,0.0,0.0,272.0
524.0,easyBike_reverse2.1,easyBike,charging,382.0,25.78,25.0,
524.0,easyBike_reverse3.0,easyBike,charging,327.0,25.72,25.0,
524.0,easyBike_reverse3.1,easyBike,charging,376.0,25.76,25.0,
524.0,easyBike_reverse2.0,easyBike,charging,325.0,25.69,25.0,
524.0,easyBike_reverse4.1,easyBike,charging,367.0,25.78,25.0,
524.0,easyBike_reverse4.0,easyBike,waiting,,0.0,0.0,321.0
524.0,easyBike_reverse2.3,easyBike,waiting,,0.0,0.0,292.0
524.0,easyBike_reverse3.3,easyBike,waiting,,0.0,0.0,273.0
525.0,easyBike_reverse2.1,easyBike,charging,383.0,25.78,25.0,
525.0,easyBike_reverse3.0,easyBike,charging,328.0,25.72,25.0,
525.0,easyBike_reverse3.1,easyBike,charging,377.0,25.76,25.0,
525.0,easyBike_reverse2.0,easyBike,charging,326.0,25.69,25.0,
525.0,easyBike_reverse4.1,easyBike,charging,368.0,25.78,25.0,
525.0,easyBike_reverse4.0,easyBike,waiting,,0.0,0.0,322.0
525.0,easyBike_reverse2.3,easyBike,waiting,,0.0,0.0,293.0
525.0,easyBike_reverse3.3,easyBike,waiting,,0.0,0.0,274.0
526.0,easyBike_reverse2.1,easyBike,charging,384.0,25.78,25.0,
526.0,easyBike_reverse3.0,easyBike,charging,329.0,25.71,25.0,
526.0,easyBike_reverse3.1,easyBike,charging,378.0,25.76,25.0,
526.0,easyBike_reverse2.0,easyBike,charging,327.0,25.68,25.0,
526.0,easyBike_reverse4.1,easyBike,charging,369.0,25.78,25.0,
526.0,easyBike_reverse4.0,easyBike,waiting,,0.0,0.0,323.0
526.0,easyBike_reverse2.3,easyBike,waiting,,0.0,0.0,294.0
526.0,easyBike_reverse3.3,easyBike,waiting,,0.0,0.0,275.0
527.0,easyBike_reverse2.1,easyBike,charging,385.0,25.78,25.0,
527.0,easyBike_reverse3.0,easyBike,charging,330.0,25.71,25.0,
527.0,easyBike_reverse3.1,easyBike,charging,379.0,25.76,25.0,
527.0,easyBike_reverse2.0,easyBike,charging,328.0,25.68,25.0,
527.0,easyBike_reverse4.1,easyBike,charging,370.0,25.78,25.0,
527.0,easyBike_reverse4.0,easyBike,waiting,,0.0,0.0,324.0
527.0,easyBike_reverse2.3,easyBike,waiting,,0.0,0.0,295.0
527.0,easyBike_reverse3.3,easyBike,waiting,,0.0,0.0,276.0
528.0,easyBike_reverse2.1,easyBike,charging,386.0,25.78,25.0,
528.0,easyBike_reverse3.0,easyBike,charging,331.0,25.71,25.0,
528.0,easyBike_reverse3.1,easyBike,charging,380.0,25.76,25.0,
528.0,easyBike_reverse2.0,easyBike,charging,329.0,25.68,25.0,
528.0,easyBike_reverse4.1,easyBike,charging,371.0,25.78,25.0,
528.0,easyBike_reverse4.0,easyBike,waiting,,0.0,0.0,325.0
528.0,easyBike_reverse2.3,easyBike,waiting,,0.0,0.0,296.0
528.0,easyBike_reverse3.3,easyBike,waiting,,0.0,0.0,277.0
529.0,easyBike_reverse2.1,easyBike,charging,387.0,25.78,25.0,
529.0,easyBike_reverse3.0,easyBike,charging,332.0,25.71,25.0,
529.0,easyBike_reverse3.1,easyBike,charging,381.0,25.76,25.0,
529.0,easyBike_reverse2.0,easyBike,charging,330.0,25.68,25.0,
529.0,easyBike_reverse4.1,easyBike,charging,372.0,25.78,25.0,
529.0,easyBike_reverse4.0,easyBike,waiting,,0.0,0.0,326.0
529.0,easyBike_reverse2.3,easyBike,waiting,,0.0,0.0,297.0
529.0,easyBike_reverse3.3,easyBike,waiting,,0.0,0.0,278.0
530.0,easyBike_reverse2.1,easyBike,charging,388.0,25.78,25.0,
530.0,easyBike_reverse3.0,easyBike,charging,333.0,25.71,25.0,
530.0,easyBike_reverse3.1,easyBike,charging,382.0,25.76,25.0,
530.0,easyBike_reverse2.0,easyBike,charging,331.0,25.67,25.0,
530.0,easyBike_reverse4.1,easyBike,charging,373.0,25.78,25.0,
530.0,easyBike_reverse4.0,easyBike,waiting,,0.0,0.0,327.0
530.0,easyBike_reverse2.3,easyBike,waiting,,0.0,0.0,298.0
530.0,easyBike_reverse3.3,easyBike,waiting,,0.0,0.0,279.0
531.0,easyBike_reverse2.1,easyBike,charging,389.0,25.78,25.0,
531.0,easyBike_reverse3.0,easyBike,charging,334.0,25.7,25.0,
531.0,easyBike_reverse3.1,easyBike,charging,383.0,25.76,25.0,
531.0,easyBike_reverse2.0,easyBike,charging,332.0,25.67,25.0,
531.0,easyBike_reverse4.1,easyBike,charging,374.0,25.78,25.0,
531.0,easyBike_reverse4.0,easyBike,waiting,,0.0,0.0,328.0
531.0,easyBike_reverse2.3,easyBike,waiting,,0.0,0.0,299.0
531.0,easyBike_reverse3.3,easyBike,waiting,,0.0,0.0,280.0
532.0,easyBike_reverse2.1,easyBike,charging,390.0,25.78,25.0,
532.0,easyBike_reverse3.0,easyBike,charging,335.0,25.7,25.0,
532.0,easyBike_reverse3.1,easyBike,charging,384.0,25.76,25.0,
532.0,easyBike_reverse2.0,easyBike,charging,333.0,25.67,25.0,
532.0,easyBike_reverse4.1,easyBike,charging,375.0,25.78,25.0,
532.0,easyBike_reverse4.0,easyBike,waiting,,0.0,0.0,329.0
532.0,easyBike_reverse2.3,easyBike,waiting,,0.0,0.0,300.0
532.0,easyBike_reverse3.3,easyBike,waiting,,0.0,0.0,281.0
533.0,easyBike_reverse2.1,easyBike,charging,391.0,25.78,25.0,
533.0,easyBike_reverse3.0,easyBike,charging,336.0,25.7,25.0,
533.0,easyBike_reverse3.1,easyBike,charging,385.0,25.76,25.0,
533.0,easyBike_reverse2.0,easyBike,charging,334.0,25.67,25.0,
533.0,easyBike_reverse4.1,easyBike,charging,376.0,25.78,25.0,
533.0,easyBike_reverse4.0,easyBike,waiting,,0.0,0.0,330.0
533.0,easyBike_reverse2.3,easyBike,waiting,,0.0,0.0,301.0
533.0,easyBike_reverse3.3,easyBike,waiting,,0.0,0.0,282.0
534.0,easyBike_reverse2.1,easyBike,charging,392.0,25.78,25.0,
534.0,easyBike_reverse3.0,easyBike,charging,337.0,25.7,25.0,
534.0,easyBike_reverse3.1,easyBike,charging,386.0,25.76,25.0,
534.0,easyBike_reverse2.0,easyBike,charging,335.0,25.66,25.0,
534.0,easyBike_reverse4.1,easyBike,charging,377.0,25.78,25.0,
534.0,easyBike_reverse4.0,easyBike,waiting,,0.0,0.0,331.0
534.0,easyBike_reverse2.3,easyBike,waiting,,0.0,0.0,302.0
534.0,easyBike_reverse3.3,easyBike,waiting,,0.0,0.0,283.0
535.0,easyBike_reverse2.1,easyBike,charging,393.0,25.78,25.0,
535.0,easyBike_reverse3.0,easyBike,charging,338.0,25.69,25.0,
535.0,easyBike_reverse3.1,easyBike,charging,387.0,25.76,25.0,
535.0,easyBike_reverse2.0,easyBike,charging,336.0,25.66,25.0,
535.0,easyBike_reverse4.1,easyBike,charging,378.0,25.78,25.0,
535.0,easyBike_reverse4.0,easyBike,waiting,,0.0,0.0,332.0
535.0,easyBike_reverse2.3,easyBike,waiting,,0.0,0.0,303.0
535.0,easyBike_reverse3.3,easyBike,waiting,,0.0,0.0,284.0
536.0,easyBike_reverse2.1,easyBike,charging,394.0,25.78,25.0,
536.0,easyBike_reverse3.0,easyBike,charging,339.0,25.69,25.0,
536.0,easyBike_reverse3.1,easyBike,charging,388.0,25.76,25.0,
536.0,easyBike_reverse2.0,easyBike,charging,337.0,25.66,25.0,
536.0,easyBike_reverse4.1,easyBike,charging,379.0,25.78,25.0,
536.0,easyBike_reverse4.0,easyBike,waiting,,0.0,0.0,333.0
536.0,easyBike_reverse2.3,easyBike,waiting,,0.0,0.0,304.0
536.0,easyBike_reverse3.3,easyBike,waiting,,0.0,0.0,285.0
537.0,easyBike_reverse2.1,easyBike,charging,395.0,25.78,25.0,
537.0,easyBike_reverse3.0,easyBike,charging,340.0,25.69,25.0,
537.0,easyBike_reverse3.1,easyBike,charging,389.0,25.76,25.0,
537.0,easyBike_reverse2.0,easyBike,charging,338.0,25.66,25.0,
537.0,easyBike_reverse4.1,easyBike,charging,380.0,25.78,25.0,
537.0,easyBike_reverse4.0,easyBike,waiting,,0.0,0.0,334.0
537.0,easyBike_reverse2.3,easyBike,waiting,,0.0,0.0,305.0
537.0,easyBike_reverse3.3,easyBike,waiting,,0.0,0.0,286.0
538.0,easyBike_reverse2.1,easyBike,charging,396.0,25.78,25.0,
538.0,easyBike_reverse3.0,easyBike,charging,341.0,25.69,25.0,
538.0,easyBike_reverse3.1,easyBike,charging,390.0,25.76,25.0,
538.0,easyBike_reverse2.0,easyBike,charging,339.0,25.66,25.0,
538.0,easyBike_reverse4.1,easyBike,charging,381.0,25.78,25.0,
538.0,easyBike_reverse4.0,easyBike,waiting,,0.0,0.0,335.0
538.0,easyBike_reverse2.3,easyBike,waiting,,0.0,0.0,306.0
538.0,easyBike_reverse3.3,easyBike,waiting,,0.0,0.0,287.0
539.0,easyBike_reverse2.1,easyBike,charging,397.0,25.78,25.0,
539.0,easyBike_reverse3.0,easyBike,charging,342.0,25.68,25.0,
539.0,easyBike_reverse3.1,easyBike,charging,391.0,25.76,25.0,
539.0,easyBike_reverse2.0,easyBike,charging,340.0,25.65,25.0,
539.0,easyBike_reverse4.1,easyBike,charging,382.0,25.78,25.0,
539.0,easyBike_reverse4.0,easyBike,waiting,,0.0,0.0,336.0
539.0,easyBike_reverse2.3,easyBike,waiting,,0.0,0.0,307.0
539.0,easyBike_reverse3.3,easyBike,waiting,,0.0,0.0,288.0
540.0,easyBike_reverse2.1,easyBike,charging,398.0,25.78,25.0,
540.0,easyBike_reverse3.0,easyBike,charging,343.0,25.68,25.0,
540.0,easyBike_reverse3.1,easyBike,charging,392.0,25.76,25.0,
540.0,easyBike_reverse2.0,easyBike,charging,341.0,25.65,25.0,
540.0,easyBike_reverse4.1,easyBike,charging,383.0,25.78,25.0,
540.0,easyBike_reverse4.0,easyBike,waiting,,0.0,0.0,337.0
540.0,easyBike_reverse2.3,easyBike,waiting,,0.0,0.0,308.0
540.0,easyBike_reverse3.3,easyBike,waiting,,0.0,0.0,289.0
541.0,easyBike_reverse2.1,easyBike,charging,399.0,25.78,25.0,
541.0,easyBike_reverse3.0,easyBike,charging,344.0,25.68,25.0,
541.0,easyBike_reverse3.1,easyBike,charging,393.0,25.76,25.0,
541.0,easyBike_reverse2.0,easyBike,charging,342.0,25.65,25.0,
541.0,easyBike_reverse4.1,easyBike,charging,384.0,25.78,25.0,
541.0,easyBike_reverse4.0,easyBike,waiting,,0.0,0.0,338.0
541.0,easyBike_reverse2.3,easyBike,waiting,,0.0,0.0,309.0
541.0,easyBike_reverse3.3,easyBike,waiting,,0.0,0.0,290.0
542.0,easyBike_reverse2.1,easyBike,charging,400.0,25.78,25.0,
542.0,easyBike_reverse3.0,easyBike,charging,345.0,25.68,25.0,
542.0,easyBike_reverse3.1,easyBike,charging,394.0,25.76,25.0,
542.0,easyBike_reverse2.0,easyBike,charging,343.0,25.65,25.0,
542.0,easyBike_reverse4.1,easyBike,charging,385.0,25.78,25.0,
542.0,easyBike_reverse4.0,easyBike,waiting,,0.0,0.0,339.0
542.0,easyBike_reverse2.3,easyBike,waiting,,0.0,0.0,310.0
542.0,easyBike_reverse3.3,easyBike,waiting,,0.0,0.0,291.0
543.0,easyBike_reverse2.1,easyBike,charging,401.0,25.78,25.0,
543.0,easyBike_reverse3.0,easyBike,charging,346.0,25.68,25.0,
543.0,easyBike_reverse3.1,easyBike,charging,395.0,25.76,25.0,
543.0,easyBike_reverse2.0,easyBike,charging,344.0,25.64,25.0,
543.0,easyBike_reverse4.1,easyBike,charging,386.0,25.78,25.0,
543.0,easyBike_reverse4.0,easyBike,waiting,,0.0,0.0,340.0
543.0,easyBike_reverse2.3,easyBike,waiting,,0.0,0.0,311.0
543.0,easyBike_reverse3.3,easyBike,waiting,,0.0,0.0,292.0
544.0,easyBike_reverse2.1,easyBike,charging,402.0,25.78,25.0,
544.0,easyBike_reverse3.0,easyBike,charging,347.0,25.67,25.0,
544.0,easyBike_reverse3.1,easyBike,charging,396.0,25.76,25.0,
544.0,easyBike_reverse2.0,easyBike,charging,345.0,25.64,25.0,
544.0,easyBike_reverse4.1,easyBike,charging,387.0,25.78,25.0,
544.0,easyBike_reverse4.0,easyBike,waiting,,0.0,0.0,341.0
544.0,easyBike_reverse2.3,easyBike,waiting,,0.0,0.0,312.0
544.0,easyBike_reverse3.3,easyBike,waiting,,0.0,0.0,293.0
545.0,easyBike_reverse2.1,easyBike,charging,403.0,25.78,25.0,
545.0,easyBike_reverse3.0,easyBike,charging,348.0,25.67,25.0,
545.0,easyBike_reverse3.1,easyBike,charging,397.0,25.76,25.0,
545.0,easyBike_reverse2.0,easyBike,charging,346.0,25.64,25.0,
545.0,easyBike_reverse4.1,easyBike,charging,388.0,25.78,25.0,
545.0,easyBike_reverse4.0,easyBike,waiting,,0.0,0.0,342.0
545.0,easyBike_reverse2.3,easyBike,waiting,,0.0,0.0,313.0
545.0,easyBike_reverse3.3,easyBike,waiting,,0.0,0.0,294.0
546.0,easyBike_reverse2.1,easyBike,charging,404.0,25.78,25.0,
546.0,easyBike_reverse3.0,easyBike,charging,349.0,25.67,25.0,
546.0,easyBike_reverse3.1,easyBike,charging,398.0,25.76,25.0,
546.0,easyBike_reverse2.0,easyBike,charging,347.0,25.64,25.0,
546.0,easyBike_reverse4.1,easyBike,charging,389.0,25.78,25.0,
546.0,easyBike_reverse4.0,easyBike,waiting,,0.0,0.0,343.0
546.0,easyBike_reverse2.3,easyBike,waiting,,0.0,0.0,314.0
546.0,easyBike_reverse3.3,easyBike,waiting,,0.0,0.0,295.0
547.0,easyBike_reverse2.1,easyBike,charging,405.0,25.78,25.0,
547.0,easyBike_reverse3.0,easyBike,charging,350.0,25.67,25.0,
547.0,easyBike_reverse3.1,easyBike,charging,399.0,25.76,25.0,
547.0,easyBike_reverse2.0,easyBike,charging,348.0,25.64,25.0,
547.0,easyBike_reverse4.1,easyBike,charging,390.0,25.78,25.0,
547.0,easyBike_reverse4.0,easyBike,waiting,,0.0,0.0,344.0
547.0,easyBike_reverse2.3,easyBike,waiting,,0.0,0.0,315.0
547.0,easyBike_reverse3.3,easyBike,waiting,,0.0,0.0,296.0
548.0,easyBike_reverse2.1,easyBike,charging,406.0,25.78,25.0,
548.0,easyBike_reverse3.0,easyBike,charging,351.0,25.66,25.0,
548.0,easyBike_reverse3.1,easyBike,charging,400.0,25.76,25.0,
548.0,easyBike_reverse2.0,easyBike,charging,349.0,25.63,25.0,
548.0,easyBike_reverse4.1,easyBike,charging,391.0,25.78,25.0,
548.0,easyBike_reverse4.0,easyBike,waiting,,0.0,0.0,345.0
548.0,easyBike_reverse2.3,easyBike,waiting,,0.0,0.0,316.0
548.0,easyBike_reverse3.3,easyBike,waiting,,0.0,0.0,297.0
549.0,easyBike_reverse2.1,easyBike,charging,407.0,25.78,25.0,
549.0,easyBike_reverse3.0,easyBike,charging,352.0,25.66,25.0,
549.0,easyBike_reverse3.1,easyBike,charging,401.0,25.76,25.0,
549.0,easyBike_reverse2.0,easyBike,charging,350.0,25.63,25.0,
549.0,easyBike_reverse4.1,easyBike,charging,392.0,25.78,25.0,
549.0,easyBike_reverse4.0,easyBike,waiting,,0.0,0.0,346.0
549.0,easyBike_reverse2.3,easyBike,waiting,,0.0,0.0,317.0
549.0,easyBike_reverse3.3,easyBike,waiting,,0.0,0.0,298.0
550.0,easyBike_reverse2.1,easyBike,charging,408.0,25.78,25.0,
550.0,easyBike_reverse3.0,easyBike,charging,353.0,25.66,25.0,
550.0,easyBike_reverse3.1,easyBike,charging,402.0,25.76,25.0,
550.0,easyBike_reverse2.0,easyBike,charging,351.0,25.63,25.0,
550.0,easyBike_reverse4.1,easyBike,charging,393.0,25.78,25.0,
550.0,easyBike_reverse4.0,easyBike,waiting,,0.0,0.0,347.0
550.0,easyBike_reverse2.3,easyBike,waiting,,0.0,0.0,318.0
550.0,easyBike_reverse3.3,easyBike,waiting,,0.0,0.0,299.0
551.0,easyBike_reverse2.1,easyBike,charging,409.0,25.78,25.0,
551.0,easyBike_reverse3.0,easyBike,charging,354.0,25.66,25.0,
551.0,easyBike_reverse3.1,easyBike,charging,403.0,25.76,25.0,
551.0,easyBike_reverse2.0,easyBike,charging,352.0,25.63,25.0,
551.0,easyBike_reverse4.1,easyBike,charging,394.0,25.78,25.0,
551.0,easyBike_reverse4.0,easyBike,waiting,,0.0,0.0,348.0
551.0,easyBike_reverse2.3,easyBike,waiting,,0.0,0.0,319.0
551.0,easyBike_reverse3.3,easyBike,waiting,,0.0,0.0,300.0
552.0,easyBike_reverse2.1,easyBike,charging,410.0,25.78,25.0,
552.0,easyBike_reverse3.0,easyBike,charging,355.0,25.65,25.0,
552.0,easyBike_reverse3.1,easyBike,charging,404.0,25.76,25.0,
552.0,easyBike_reverse2.0,easyBike,charging,353.0,25.62,25.0,
552.0,easyBike_reverse4.1,easyBike,charging,395.0,25.78,25.0,
552.0,easyBike_reverse4.0,easyBike,waiting,,0.0,0.0,349.0
552.0,easyBike_reverse2.3,easyBike,waiting,,0.0,0.0,320.0
552.0,easyBike_reverse3.3,easyBike,waiting,,0.0,0.0,301.0
553.0,easyBike_reverse2.1,easyBike,charging,411.0,25.78,25.0,
553.0,easyBike_reverse3.0,easyBike,charging,356.0,25.65,25.0,
553.0,easyBike_reverse3.1,easyBike,charging,405.0,25.76,25.0,
553.0,easyBike_reverse2.0,easyBike,charging,354.0,25.62,25.0,
553.0,easyBike_reverse4.1,easyBike,charging,396.0,25.78,25.0,
553.0,easyBike_reverse4.0,easyBike,waiting,,0.0,0.0,350.0
553.0,easyBike_reverse2.3,easyBike,waiting,,0.0,0.0,321.0
553.0,easyBike_reverse3.3,easyBike,waiting,,0.0,0.0,302.0
554.0,easyBike_reverse2.1,easyBike,charging,412.0,25.78,25.0,
554.0,easyBike_reverse3.0,easyBike,charging,357.0,25.65,25.0,
554.0,easyBike_reverse3.1,easyBike,charging,406.0,25.76,25.0,
554.0,easyBike_reverse2.0,easyBike,charging,355.0,25.62,25.0,
554.0,easyBike_reverse4.1,easyBike,charging,397.0,25.78,25.0,
554.0,easyBike_reverse4.0,easyBike,waiting,,0.0,0.0,351.0
554.0,easyBike_reverse2.3,easyBike,waiting,,0.0,0.0,322.0
554.0,easyBike_reverse3.3,easyBike,waiting,,0.0,0.0,303.0
555.0,easyBike_reverse2.1,easyBike,charging,413.0,25.78,25.0,
555.0,easyBike_reverse3.0,easyBike,charging,358.0,25.65,25.0,
555.0,easyBike_reverse3.1,easyBike,charging,407.0,25.76,25.0,
555.0,easyBike_reverse2.0,easyBike,charging,356.0,25.62,25.0,
555.0,easyBike_reverse4.1,easyBike,charging,398.0,25.78,25.0,
555.0,easyBike_reverse4.0,easyBike,waiting,,0.0,0.0,352.0
555.0,easyBike_reverse2.3,easyBike,waiting,,0.0,0.0,323.0
555.0,easyBike_reverse3.3,easyBike,waiting,,0.0,0.0,304.0
556.0,easyBike_reverse2.1,easyBike,charging,414.0,25.78,25.0,
556.0,easyBike_reverse3.0,easyBike,charging,359.0,25.65,25.0,
556.0,easyBike_reverse3.1,easyBike,charging,408.0,25.76,25.0,
556.0,easyBike_reverse2.0,easyBike,charging,357.0,25.61,25.0,
556.0,easyBike_reverse4.1,easyBike,charging,399.0,25.78,25.0,
556.0,easyBike_reverse4.0,easyBike,waiting,,0.0,0.0,353.0
556.0,easyBike_reverse2.3,easyBike,waiting,,0.0,0.0,324.0
556.0,easyBike_reverse3.3,easyBike,waiting,,0.0,0.0,305.0
557.0,easyBike_reverse2.1,easyBike,charging,415.0,25.78,25.0,
557.0,easyBike_reverse3.0,easyBike,charging,360.0,25.64,25.0,
557.0,easyBike_reverse3.1,easyBike,charging,409.0,25.76,25.0,
557.0,easyBike_reverse2.0,easyBike,charging,358.0,25.61,25.0,
557.0,easyBike_reverse4.1,easyBike,charging,400.0,25.78,25.0,
557.0,easyBike_reverse4.0,easyBike,waiting,,0.0,0.0,354.0
557.0,easyBike_reverse2.3,easyBike,waiting,,0.0,0.0,325.0
557.0,easyBike_reverse3.3,easyBike,waiting,,0.0,0.0,306.0
558.0,easyBike_reverse2.1,easyBike,charging,416.0,25.78,25.0,
558.0,easyBike_reverse3.0,easyBike,charging,361.0,25.64,25.0,
558.0,easyBike_reverse3.1,easyBike,charging,410.0,25.76,25.0,
558.0,easyBike_reverse2.0,easyBike,charging,359.0,25.61,25.0,
558.0,easyBike_reverse4.1,easyBike,charging,401.0,25.78,25.0,
558.0,easyBike_reverse4.0,easyBike,waiting,,0.0,0.0,355.0
558.0,easyBike_reverse2.3,easyBike,waiting,,0.0,0.0,326.0
558.0,easyBike_reverse3.3,easyBike,waiting,,0.0,0.0,307.0
559.0,easyBike_reverse2.1,easyBike,charging,417.0,25.78,25.0,
559.0,easyBike_reverse3.0,easyBike,charging,362.0,25.64,25.0,
559.0,easyBike_reverse3.1,easyBike,charging,411.0,25.76,25.0,
559.0,easyBike_reverse2.0,easyBike,charging,360.0,25.61,25.0,
559.0,easyBike_reverse4.1,easyBike,charging,402.0,25.78,25.0,
559.0,easyBike_reverse4.0,easyBike,waiting,,0.0,0.0,356.0
559.0,easyBike_reverse2.3,easyBike,waiting,,0.0,0.0,327.0
559.0,easyBike_reverse3.3,easyBike,waiting,,0.0,0.0,308.0
560.0,easyBike_reverse2.1,easyBike,charging,418.0,25.78,25.0,
560.0,easyBike_reverse3.0,easyBike,charging,363.0,25.64,25.0,
560.0,easyBike_reverse3.1,easyBike,charging,412.0,25.76,25.0,
560.0,easyBike_reverse2.0,easyBike,charging,361.0,25.61,25.0,
560.0,easyBike_reverse4.1,easyBike,charging,403.0,25.78,25.0,
560.0,easyBike_reverse4.0,easyBike,waiting,,0.0,0.0,357.0
560.0,easyBike_reverse2.3,easyBike,waiting,,0.0,0.0,328.0
560.0,easyBike_reverse3.3,easyBike,waiting,,0.0,0.0,309.0
561.0,easyBike_reverse2.1,easyBike,charging,419.0,25.78,25.0,
561.0,easyBike_reverse3.0,easyBike,charging,364.0,25.63,25.0,
561.0,easyBike_reverse3.1,easyBike,charging,413.0,25.76,25.0,
561.0,easyBike_reverse2.0,easyBike,charging,362.0,25.6,25.0,
561.0,easyBike_reverse4.1,easyBike,charging,404.0,25.78,25.0,
561.0,easyBike_reverse4.0,easyBike,waiting,,0.0,0.0,358.0
561.0,easyBike_reverse2.3,easyBike,waiting,,0.0,0.0,329.0
561.0,easyBike_reverse3.3,easyBike,waiting,,0.0,0.0,310.0
562.0,easyBike_reverse2.1,easyBike,charging,420.0,25.78,25.0,
562.0,easyBike_reverse3.0,easyBike,charging,365.0,25.63,25.0,
562.0,easyBike_reverse3.1,easyBike,charging,414.0,25.76,25.0,
562.0,easyBike_reverse2.0,easyBike,charging,363.0,25.6,25.0,
562.0,easyBike_reverse4.1,easyBike,charging,405.0,25.78,25.0,
562.0,easyBike_reverse4.0,easyBike,waiting,,0.0,0.0,359.0
562.0,easyBike_reverse2.3,easyBike,waiting,,0.0,0.0,330.0
562.0,easyBike_reverse3.3,easyBike,waiting,,0.0,0.0,311.0
563.0,easyBike_reverse2.1,easyBike,charging,421.0,25.78,25.0,
563.0,easyBike_reverse3.0,easyBike,charging,366.0,25.63,25.0,
563.0,easyBike_reverse3.1,easyBike,charging,415.0,25.76,25.0,
563.0,easyBike_reverse2.0,easyBike,charging,364.0,25.6,25.0,
563.0,easyBike_reverse4.1,easyBike,charging,406.0,25.78,25.0,
563.0,easyBike_reverse4.0,easyBike,waiting,,0.0,0.0,360.0
563.0,easyBike_reverse2.3,easyBike,waiting,,0.0,0.0,331.0
563.0,easyBike_reverse3.3,easyBike,waiting,,0.0,0.0,312.0
564.0,easyBike_reverse2.1,easyBike,charging,422.0,25.78,25.0,
564.0,easyBike_reverse3.0,easyBike,charging,367.0,25.63,25.0,
564.0,easyBike_reverse3.1,easyBike,charging,416.0,25.76,25.0,
564.0,easyBike_reverse2.0,easyBike,charging,365.0,25.6,25.0,
564.0,easyBike_reverse4.1,easyBike,charging,407.0,25.78,25.0,
564.0,easyBike_reverse4.0,easyBike,waiting,,0.0,0.0,361.0
564.0,easyBike_reverse2.3,easyBike,waiting,,0.0,0.0,332.0
564.0,easyBike_reverse3.3,easyBike,waiting,,0.0,0.0,313.0
565.0,easyBike_reverse2.1,easyBike,charging,423.0,25.78,25.0,
565.0,easyBike_reverse3.0,easyBike,charging,368.0,25.62,25.0,
565.0,easyBike_reverse3.1,easyBike,charging,417.0,25.76,25.0,
565.0,easyBike_reverse2.0,easyBike,charging,366.0,25.59,25.0,
565.0,easyBike_reverse4.1,easyBike,charging,408.0,25.78,25.0,
565.0,easyBike_reverse4.0,easyBike,waiting,,0.0,0.0,362.0
565.0,easyBike_reverse2.3,easyBike,waiting,,0.0,0.0,333.0
565.0,easyBike_reverse3.3,easyBike,waiting,,0.0,0.0,314.0
566.0,easyBike_reverse2.1,easyBike,charging,424.0,25.78,25.0,
566.0,easyBike_reverse3.0,easyBike,charging,369.0,25.62,25.0,
566.0,easyBike_reverse3.1,easyBike,charging,418.0,25.76,25.0,
566.0,easyBike_reverse2.0,easyBike,charging,367.0,25.59,25.0,
566.0,easyBike_reverse4.1,easyBike,charging,409.0,25.78,25.0,
566.0,easyBike_reverse4.0,easyBike,waiting,,0.0,0.0,363.0
566.0,easyBike_reverse2.3,easyBike,waiting,,0.0,0.0,334.0
566.0,easyBike_reverse3.3,easyBike,waiting,,0.0,0.0,315.0
567.0,easyBike_reverse2.1,easyBike,charging,425.0,25.78,25.0,
567.0,easyBike_reverse3.0,easyBike,charging,370.0,25.62,25.0,
567.0,easyBike_reverse3.1,easyBike,charging,419.0,25.76,25.0,
567.0,easyBike_reverse2.0,easyBike,charging,368.0,25.59,25.0,
567.0,easyBike_reverse4.1,easyBike,charging,410.0,25.78,25.0,
567.0,easyBike_reverse4.0,easyBike,waiting,,0.0,0.0,364.0
567.0,easyBike_reverse2.3,easyBike,waiting,,0.0,0.0,335.0
567.0,easyBike_reverse3.3,easyBike,waiting,,0.0,0.0,316.0
568.0,easyBike_reverse2.1,easyBike,charging,426.0,25.78,25.0,
568.0,easyBike_reverse3.0,easyBike,charging,371.0,25.62,25.0,
568.0,easyBike_reverse3.1,easyBike,charging,420.0,25.76,25.0,
568.0,easyBike_reverse2.0,easyBike,charging,369.0,25.59,25.0,
568.0,easyBike_reverse4.1,easyBike,charging,411.0,25.78,25.0,
568.0,easyBike_reverse4.0,easyBike,waiting,,0.0,0.0,365.0
568.0,easyBike_reverse2.3,easyBike,waiting,,0.0,0.0,336.0
568.0,easyBike_reverse3.3,easyBike,waiting,,0.0,0.0,317.0
569.0,easyBike_reverse2.1,easyBike,charging,427.0,25.78,25.0,
569.0,easyBike_reverse3.0,easyBike,charging,372.0,25.62,25.0,
569.0,easyBike_reverse3.1,easyBike,charging,421.0,25.76,25.0,
569.0,easyBike_reverse2.0,easyBike,charging,370.0,25.58,25.0,
569.0,easyBike_reverse4.1,easyBike,charging,412.0,25.78,25.0,
569.0,easyBike_reverse4.0,easyBike,waiting,,0.0,0.0,366.0
569.0,easyBike_reverse2.3,easyBike,waiting,,0.0,0.0,337.0
569.0,easyBike_reverse3.3,easyBike,waiting,,0.0,0.0,318.0
570.0,easyBike_reverse2.1,easyBike,charging,428.0,25.78,25.0,
570.0,easyBike_reverse3.0,easyBike,charging,373.0,25.61,25.0,
570.0,easyBike_reverse3.1,easyBike,charging,422.0,25.76,25.0,
570.0,easyBike_reverse2.0,easyBike,charging,371.0,25.58,25.0,
570.0,easyBike_reverse4.1,easyBike,charging,413.0,25.78,25.0,
570.0,easyBike_reverse4.0,easyBike,waiting,,0.0,0.0,367.0
570.0,easyBike_reverse2.3,easyBike,waiting,,0.0,0.0,338.0
570.0,easyBike_reverse3.3,easyBike,waiting,,0.0,0.0,319.0
571.0,easyBike_reverse2.1,easyBike,charging,429.0,25.78,25.0,
571.0,easyBike_reverse3.0,easyBike,charging,374.0,25.61,25.0,
571.0,easyBike_reverse3.1,easyBike,charging,423.0,25.76,25.0,
571.0,easyBike_reverse2.0,easyBike,charging,372.0,25.58,25.0,
571.0,easyBike_reverse4.1,easyBike,charging,414.0,25.78,25.0,
571.0,easyBike_reverse4.0,easyBike,waiting,,0.0,0.0,368.0
571.0,easyBike_reverse2.3,easyBike,waiting,,0.0,0.0,339.0
571.0,easyBike_reverse3.3,easyBike,waiting,,0.0,0.0,320.0
572.0,easyBike_reverse2.1,easyBike,charging,430.0,25.78,25.0,
572.0,easyBike_reverse3.0,easyBike,charging,375.0,25.61,25.0,
572.0,easyBike_reverse3.1,easyBike,charging,424.0,25.76,25.0,
572.0,easyBike_reverse2.0,easyBike,charging,373.0,25.58,25.0,
572.0,easyBike_reverse4.1,easyBike,charging,415.0,25.78,25.0,
572.0,easyBike_reverse4.0,easyBike,waiting,,0.0,0.0,369.0
572.0,easyBike_reverse2.3,easyBike,waiting,,0.0,0.0,340.0
572.0,easyBike_reverse3.3,easyBike,waiting,,0.0,0.0,321.0
573.0,easyBike_reverse2.1,easyBike,charging,431.0,25.78,25.0,
573.0,easyBike_reverse3.0,easyBike,charging,376.0,25.61,25.0,
573.0,easyBike_reverse3.1,easyBike,charging,425.0,25.76,25.0,
573.0,easyBike_reverse2.0,easyBike,charging,374.0,25.58,25.0,
573.0,easyBike_reverse4.1,easyBike,charging,416.0,25.78,25.0,
573.0,easyBike_reverse4.0,easyBike,waiting,,0.0,0.0,370.0
573.0,easyBike_reverse2.3,easyBike,waiting,,0.0,0.0,341.0
573.0,easyBike_reverse3.3,easyBike,waiting,,0.0,0.0,322.0
574.0,easyBike_reverse2.1,easyBike,charging,432.0,25.78,25.0,
574.0,easyBike_reverse3.0,easyBike,charging,377.0,25.6,25.0,
574.0,easyBike_reverse3.1,easyBike,charging,426.0,25.76,25.0,
574.0,easyBike_reverse2.0,easyBike,charging,375.0,25.57,25.0,
574.0,easyBike_reverse4.1,easyBike,charging,417.0,25.78,25.0,
574.0,easyBike_reverse4.0,easyBike,waiting,,0.0,0.0,371.0
574.0,easyBike_reverse2.3,easyBike,waiting,,0.0,0.0,342.0
574.0,easyBike_reverse3.3,easyBike,waiting,,0.0,0.0,323.0
575.0,easyBike_reverse2.1,easyBike,charging,433.0,25.78,25.0,
575.0,easyBike_reverse3.0,easyBike,charging,378.0,25.6,25.0,
575.0,easyBike_reverse3.1,easyBike,charging,427.0,25.76,25.0,
575.0,easyBike_reverse2.0,easyBike,charging,376.0,25.57,25.0,
575.0,easyBike_reverse4.1,easyBike,charging,418.0,25.78,25.0,
575.0,easyBike_reverse4.0,easyBike,waiting,,0.0,0.0,372.0
575.0,easyBike_reverse2.3,easyBike,waiting,,0.0,0.0,343.0
575.0,easyBike_reverse3.3,easyBike,waiting,,0.0,0.0,324.0
576.0,easyBike_reverse2.1,easyBike,charging,434.0,25.78,25.0,
576.0,easyBike_reverse3.0,easyBike,charging,379.0,25.59,25.0,
576.0,easyBike_reverse3.1,easyBike,charging,428.0,25.76,25.0,
576.0,easyBike_reverse2.0,easyBike,charging,377.0,25.57,25.0,
576.0,easyBike_reverse4.1,easyBike,charging,419.0,25.78,25.0,
576.0,easyBike_reverse4.0,easyBike,waiting,,0.0,0.0,373.0
576.0,easyBike_reverse2.3,easyBike,waiting,,0.0,0.0,344.0
576.0,easyBike_reverse3.3,easyBike,waiting,,0.0,0.0,325.0
577.0,easyBike_reverse2.1,easyBike,charging,435.0,25.78,25.0,
577.0,easyBike_reverse3.0,easyBike,charging,380.0,25.59,25.0,
577.0,easyBike_reverse3.1,easyBike,charging,429.0,25.76,25.0,
577.0,easyBike_reverse2.0,easyBike,charging,378.0,25.57,25.0,
577.0,easyBike_reverse4.1,easyBike,charging,420.0,25.78,25.0,
577.0,easyBike_reverse4.0,easyBike,waiting,,0.0,0.0,374.0
577.0,easyBike_reverse2.3,easyBike,waiting,,0.0,0.0,345.0
577.0,easyBike_reverse3.3,easyBike,waiting,,0.0,0.0,326.0
578.0,easyBike_reverse2.1,easyBike,charging,436.0,25.78,25.0,
578.0,easyBike_reverse3.0,easyBike,charging,381.0,25.59,25.0,
578.0,easyBike_reverse3.1,easyBike,charging,430.0,25.76,25.0,
578.0,easyBike_reverse2.0,easyBike,charging,379.0,25.56,25.0,
578.0,easyBike_reverse4.1,easyBike,charging,421.0,25.78,25.0,
578.0,easyBike_reverse4.0,easyBike,waiting,,0.0,0.0,375.0
578.0,easyBike_reverse2.3,easyBike,waiting,,0.0,0.0,346.0
578.0,easyBike_reverse3.3,easyBike,waiting,,0.0,0.0,327.0
579.0,easyBike_reverse2.1,easyBike,charging,437.0,25.78,25.0,
579.0,easyBike_reverse3.0,easyBike,charging,382.0,25.59,25.0,
579.0,easyBike_reverse3.1,easyBike,charging,431.0,25.76,25.0,
579.0,easyBike_reverse2.0,easyBike,charging,380.0,25.56,25.0,
579.0,easyBike_reverse4.1,easyBike,charging,422.0,25.78,25.0,
579.0,easyBike_reverse4.0,easyBike,waiting,,0.0,0.0,376.0
579.0,easyBike_reverse2.3,easyBike,waiting,,0.0,0.0,347.0
579.0,easyBike_reverse3.3,easyBike,waiting,,0.0,0.0,328.0
580.0,easyBike_reverse2.1,easyBike,charging,438.0,25.78,25.0,
580.0,easyBike_reverse3.0,easyBike,charging,383.0,25.58,25.0,
580.0,easyBike_reverse3.1,easyBike,charging,432.0,25.76,25.0,
580.0,easyBike_reverse2.0,easyBike,charging,381.0,25.56,25.0,
580.0,easyBike_reverse4.1,easyBike,charging,423.0,25.78,25.0,
580.0,easyBike_reverse4.0,easyBike,waiting,,0.0,0.0,377.0
580.0,easyBike_reverse2.3,easyBike,waiting,,0.0,0.0,348.0
580.0,easyBike_reverse3.3,easyBike,waiting,,0.0,0.0,329.0
581.0,easyBike_reverse2.1,easyBike,charging,439.0,25.78,25.0,
581.0,easyBike_reverse3.0,easyBike,charging,384.0,25.58,25.0,
581.0,easyBike_reverse3.1,easyBike,charging,433.0,25.76,25.0,
581.0,easyBike_reverse2.0,easyBike,charging,382.0,25.56,25.0,
581.0,easyBike_reverse4.1,easyBike,charging,424.0,25.78,25.0,
581.0,easyBike_reverse4.0,easyBike,waiting,,0.0,0.0,378.0
581.0,easyBike_reverse2.3,easyBike,waiting,,0.0,0.0,349.0
581.0,easyBike_reverse3.3,easyBike,waiting,,0.0,0.0,330.0
582.0,easyBike_reverse2.1,easyBike,charging,440.0,25.78,25.0,
582.0,easyBike_reverse3.0,easyBike,charging,385.0,25.58,25.0,
582.0,easyBike_reverse3.1,easyBike,charging,434.0,25.76,25.0,
582.0,easyBike_reverse2.0,easyBike,charging,383.0,25.55,25.0,
582.0,easyBike_reverse4.1,easyBike,charging,425.0,25.78,25.0,
582.0,easyBike_reverse4.0,easyBike,waiting,,0.0,0.0,379.0
582.0,easyBike_reverse2.3,easyBike,waiting,,0.0,0.0,350.0
582.0,easyBike_reverse3.3,easyBike,waiting,,0.0,0.0,331.0
583.0,easyBike_reverse2.1,easyBike,charging,441.0,25.78,25.0,
583.0,easyBike_reverse3.0,easyBike,charging,386.0,25.58,25.0,
583.0,easyBike_reverse3.1,easyBike,charging,435.0,25.76,25.0,
583.0,easyBike_reverse2.0,easyBike,charging,384.0,25.55,25.0,
583.0,easyBike_reverse4.1,easyBike,charging,426.0,25.78,25.0,
583.0,easyBike_reverse4.0,easyBike,waiting,,0.0,0.0,380.0
583.0,easyBike_reverse2.3,easyBike,waiting,,0.0,0.0,351.0
583.0,easyBike_reverse3.3,easyBike,waiting,,0.0,0.0,332.0
584.0,easyBike_reverse2.1,easyBike,charging,442.0,25.78,25.0,
584.0,easyBike_reverse3.0,easyBike,charging,387.0,25.58,25.0,
584.0,easyBike_reverse3.1,easyBike,charging,436.0,25.76,25.0,
584.0,easyBike_reverse2.0,easyBike,charging,385.0,25.55,25.0,
584.0,easyBike_reverse4.1,easyBike,charging,427.0,25.78,25.0,
584.0,easyBike_reverse4.0,easyBike,waiting,,0.0,0.0,381.0
584.0,easyBike_reverse2.3,easyBike,waiting,,0.0,0.0,352.0
584.0,easyBike_reverse3.3,easyBike,waiting,,0.0,0.0,333.0
585.0,easyBike_reverse2.1,easyBike,charging,443.0,25.78,25.0,
585.0,easyBike_reverse3.0,easyBike,charging,388.0,25.57,25.0,
585.0,easyBike_reverse3.1,easyBike,charging,437.0,25.76,25.0,
585.0,easyBike_reverse2.0,easyBike,charging,386.0,25.55,25.0,
585.0,easyBike_reverse4.1,easyBike,charging,428.0,25.78,25.0,
585.0,easyBike_reverse4.0,easyBike,waiting,,0.0,0.0,382.0
585.0,easyBike_reverse2.3,easyBike,waiting,,0.0,0.0,353.0
585.0,easyBike_reverse3.3,easyBike,waiting,,0.0,0.0,334.0
586.0,easyBike_reverse2.1,easyBike,charging,444.0,25.78,25.0,
586.0,easyBike_reverse3.0,easyBike,charging,389.0,25.57,25.0,
586.0,easyBike_reverse3.1,easyBike,charging,438.0,25.76,25.0,
586.0,easyBike_reverse2.0,easyBike,charging,387.0,25.55,25.0,
586.0,easyBike_reverse4.1,easyBike,charging,429.0,25.78,25.0,
586.0,easyBike_reverse4.0,easyBike,waiting,,0.0,0.0,383.0
586.0,easyBike_reverse2.3,easyBike,waiting,,0.0,0.0,354.0
586.0,easyBike_reverse3.3,easyBike,waiting,,0.0,0.0,335.0
587.0,easyBike_reverse2.1,easyBike,charging,445.0,25.78,25.0,
587.0,easyBike_reverse3.0,easyBike,charging,390.0,25.57,25.0,
587.0,easyBike_reverse3.1,easyBike,charging,439.0,25.76,25.0,
587.0,easyBike_reverse2.0,easyBike,charging,388.0,25.54,25.0,
587.0,easyBike_reverse4.1,easyBike,charging,430.0,25.78,25.0,
587.0,easyBike_reverse4.0,easyBike,waiting,,0.0,0.0,384.0
587.0,easyBike_reverse2.3,easyBike,waiting,,0.0,0.0,355.0
587.0,easyBike_reverse3.3,easyBike,waiting,,0.0,0.0,336.0
588.0,easyBike_reverse2.1,easyBike,charging,446.0,25.78,25.0,
588.0,easyBike_reverse3.0,easyBike,charging,391.0,25.57,25.0,
588.0,easyBike_reverse3.1,easyBike,charging,440.0,25.76,25.0,
588.0,easyBike_reverse2.0,easyBike,charging,389.0,25.54,25.0,
588.0,easyBike_reverse4.1,easyBike,charging,431.0,25.78,25.0,
588.0,easyBike_reverse4.0,easyBike,waiting,,0.0,0.0,385.0
588.0,easyBike_reverse2.3,easyBike,waiting,,0.0,0.0,356.0
588.0,easyBike_reverse3.3,easyBike,waiting,,0.0,0.0,337.0
589.0,easyBike_reverse2.1,easyBike,charging,447.0,25.78,25.0,
589.0,easyBike_reverse3.0,easyBike,charging,392.0,25.56,25.0,
589.0,easyBike_reverse3.1,easyBike,charging,441.0,25.76,25.0,
589.0,easyBike_reverse2.0,easyBike,charging,390.0,25.54,25.0,
589.0,easyBike_reverse4.1,easyBike,charging,432.0,25.78,25.0,
589.0,easyBike_reverse4.0,easyBike,waiting,,0.0,0.0,386.0
589.0,easyBike_reverse2.3,easyBike,waiting,,0.0,0.0,357.0
589.0,easyBike_reverse3.3,easyBike,waiting,,0.0,0.0,338.0
590.0,easyBike_reverse2.1,easyBike,charging,448.0,25.78,25.0,
590.0,easyBike_reverse3.0,easyBike,charging,393.0,25.56,25.0,
590.0,easyBike_reverse3.1,easyBike,charging,442.0,25.76,25.0,
590.0,easyBike_reverse2.0,easyBike,charging,391.0,25.54,25.0,
590.0,easyBike_reverse4.1,easyBike,charging,433.0,25.78,25.0,
590.0,easyBike_reverse4.0,easyBike,waiting,,0.0,0.0,387.0
590.0,easyBike_reverse2.3,easyBike,waiting,,0.0,0.0,358.0
590.0,easyBike_reverse3.3,easyBike,waiting,,0.0,0.0,339.0
591.0,easyBike_reverse2.1,easyBike,charging,449.0,25.78,25.0,
591.0,easyBike_reverse3.0,easyBike,charging,394.0,25.56,25.0,
591.0,easyBike_reverse3.1,easyBike,charging,443.0,25.76,25.0,
591.0,easyBike_reverse2.0,easyBike,charging,392.0,25.53,25.0,
591.0,easyBike_reverse4.1,easyBike,charging,434.0,25.78,25.0,
591.0,easyBike_reverse4.0,easyBike,waiting,,0.0,0.0,388.0
591.0,easyBike_reverse2.3,easyBike,waiting,,0.0,0.0,359.0
591.0,easyBike_reverse3.3,easyBike,waiting,,0.0,0.0,340.0
592.0,easyBike_reverse2.1,easyBike,charging,450.0,25.78,25.0,
592.0,easyBike_reverse3.0,easyBike,charging,395.0,25.56,25.0,
592.0,easyBike_reverse3.1,easyBike,charging,444.0,25.76,25.0,
592.0,easyBike_reverse2.0,easyBike,charging,393.0,25.53,25.0,
592.0,easyBike_reverse4.1,easyBike,charging,435.0,25.78,25.0,
592.0,easyBike_reverse4.0,easyBike,waiting,,0.0,0.0,389.0
592.0,easyBike_reverse2.3,easyBike,waiting,,0.0,0.0,360.0
592.0,easyBike_reverse3.3,easyBike,waiting,,0.0,0.0,341.0
593.0,easyBike_reverse2.1,easyBike,charging,451.0,25.78,25.0,
593.0,easyBike_reverse3.0,easyBike,charging,396.0,25.55,25.0,
593.0,easyBike_reverse3.1,easyBike,charging,445.0,25.76,25.0,
593.0,easyBike_reverse2.0,easyBike,charging,394.0,25.53,25.0,
593.0,easyBike_reverse4.1,easyBike,charging,436.0,25.77,25.0,
593.0,easyBike_reverse4.0,easyBike,waiting,,0.0,0.0,390.0
593.0,easyBike_reverse2.3,easyBike,waiting,,0.0,0.0,361.0
593.0,easyBike_reverse3.3,easyBike,waiting,,0.0,0.0,342.0
594.0,easyBike_reverse2.1,easyBike,charging,452.0,25.77,25.0,
594.0,easyBike_reverse3.0,easyBike,charging,397.0,25.55,25.0,
594.0,easyBike_reverse3.1,easyBike,charging,446.0,25.76,25.0,
594.0,easyBike_reverse2.0,easyBike,charging,395.0,25.53,25.0,
594.0,easyBike_reverse4.1,easyBike,charging,437.0,25.77,25.0,
594.0,easyBike_reverse4.0,easyBike,waiting,,0.0,0.0,391.0
594.0,easyBike_reverse2.3,easyBike,waiting,,0.0,0.0,362.0
594.0,easyBike_reverse3.3,easyBike,waiting,,0.0,0.0,343.0
595.0,easyBike_reverse2.1,easyBike,charging,453.0,25.77,25.0,
595.0,easyBike_reverse3.0,easyBike,charging,398.0,25.55,25.0,
595.0,easyBike_reverse3.1,easyBike,charging,447.0,25.76,25.0,
595.0,easyBike_reverse2.0,easyBike,charging,396.0,25.52,25.0,
595.0,easyBike_reverse4.1,easyBike,charging,438.0,25.76,25.0,
595.0,easyBike_reverse4.0,easyBike,waiting,,0.0,0.0,392.0
595.0,easyBike_reverse2.3,easyBike,waiting,,0.0,0.0,363.0
595.0,easyBike_reverse3.3,easyBike,waiting,,0.0,0.0,344.0
596.0,easyBike_reverse2.1,easyBike,charging,454.0,25.77,25.0,
596.0,easyBike_reverse3.0,easyBike,charging,399.0,25.55,25.0,
596.0,easyBike_reverse3.1,easyBike,charging,448.0,25.76,25.0,
596.0,easyBike_reverse2.0,easyBike,charging,397.0,25.52,25.0,
596.0,easyBike_reverse4.1,easyBike,charging,439.0,25.76,25.0,
596.0,easyBike_reverse4.0,easyBike,waiting,,0.0,0.0,393.0
596.0,easyBike_reverse2.3,easyBike,waiting,,0.0,0.0,364.0
596.0,easyBike_reverse3.3,easyBike,waiting,,0.0,0.0,345.0
597.0,easyBike_reverse2.1,easyBike,charging,455.0,25.77,25.0,
597.0,easyBike_reverse3.0,easyBike,charging,400.0,25.55,25.0,
597.0,easyBike_reverse3.1,easyBike,charging,449.0,25.76,25.0,
597.0,easyBike_reverse2.0,easyBike,charging,398.0,25.52,25.0,
597.0,easyBike_reverse4.1,easyBike,charging,440.0,25.75,25.0,
597.0,easyBike_reverse4.0,easyBike,waiting,,0.0,0.0,394.0
597.0,easyBike_reverse2.3,easyBike,waiting,,0.0,0.0,365.0
597.0,easyBike_reverse3.3,easyBike,waiting,,0.0,0.0,346.0
598.0,easyBike_reverse2.1,easyBike,charging,456.0,25.77,25.0,
598.0,easyBike_reverse3.0,easyBike,charging,401.0,25.54,25.0,
598.0,easyBike_reverse3.1,easyBike,charging,450.0,25.76,25.0,
598.0,easyBike_reverse2.0,easyBike,charging,399.0,25.52,25.0,
598.0,easyBike_reverse4.1,easyBike,charging,441.0,25.74,25.0,
598.0,easyBike_reverse4.0,easyBike,waiting,,0.0,0.0,395.0
598.0,easyBike_reverse2.3,easyBike,waiting,,0.0,0.0,366.0
598.0,easyBike_reverse3.3,easyBike,waiting,,0.0,0.0,347.0
599.0,easyBike_reverse2.1,easyBike,charging,457.0,25.76,25.0,
599.0,easyBike_reverse3.0,easyBike,charging,402.0,25.54,25.0,
599.0,easyBike_reverse3.1,easyBike,charging,451.0,25.76,25.0,
599.0,easyBike_reverse2.0,easyBike,charging,400.0,25.52,25.0,
599.0,easyBike_reverse4.1,easyBike,charging,442.0,25.74,25.0,
599.0,easyBike_reverse4.0,easyBike,waiting,,0.0,0.0,396.0
599.0,easyBike_reverse2.3,easyBike,waiting,,0.0,0.0,367.0
599.0,easyBike_reverse3.3,easyBike,waiting,,0.0,0.0,348.0
600.0,easyBike_reverse2.1,easyBike,charging,458.0,25.76,25.0,
600.0,easyBike_reverse3.0,easyBike,charging,403.0,25.54,25.0,
600.0,easyBike_reverse3.1,easyBike,charging,452.0,25.76,25.0,
600.0,easyBike_reverse2.0,easyBike,charging,401.0,25.51,25.0,
600.0,easyBike_reverse4.1,easyBike,charging,443.0,25.73,25.0,
600.0,easyBike_reverse4.0,easyBike,waiting,,0.0,0.0,397.0
600.0,easyBike_reverse2.3,easyBike,waiting,,0.0,0.0,368.0
600.0,easyBike_reverse3.3,easyBike,waiting,,0.0,0.0,349.0
176.0,easyBike_reverse1.0,easyBike,charging,0.0,25.84,20.0,
177.0,easyBike_reverse1.0,easyBike,charging,1.0,25.84,20.0,
178.0,easyBike_reverse1.0,easyBike,charging,2.0,25.84,20.0,
179.0,easyBike_reverse1.0,easyBike,charging,3.0,25.84,20.0,
180.0,easyBike_reverse1.0,easyBike,charging,4.0,25.84,20.0,
181.0,easyBike_reverse1.0,easyBike,charging,5.0,25.84,20.0,
182.0,easyBike_reverse1.0,easyBike,charging,6.0,25.83,20.0,
183.0,easyBike_reverse1.0,easyBike,charging,7.0,25.83,20.0,
184.0,easyBike_reverse1.0,easyBike,charging,8.0,25.83,20.0,
185.0,easyBike_reverse1.0,easyBike,charging,9.0,25.83,20.0,
186.0,easyBike_reverse1.0,easyBike,charging,10.0,25.82,20.0,
187.0,easyBike_reverse1.0,easyBike,charging,11.0,25.81,20.0,
188.0,easyBike_reverse1.0,easyBike,charging,12.0,25.81,20.0,
189.0,easyBike_reverse1.0,easyBike,charging,13.0,25.8,20.0,
190.0,easyBike_reverse1.0,easyBike,charging,14.0,25.8,20.0,
191.0,easyBike_reverse1.0,easyBike,charging,15.0,25.79,20.0,
192.0,easyBike_reverse1.0,easyBike,charging,16.0,25.79,20.0,
193.0,easyBike_reverse1.0,easyBike,charging,17.0,25.78,20.0,
194.0,easyBike_reverse1.0,easyBike,charging,18.0,25.78,20.0,
195.0,easyBike_reverse1.0,easyBike,charging,19.0,25.78,20.0,
196.0,easyBike_reverse1.0,easyBike,charging,20.0,25.78,20.0,
197.0,easyBike_reverse1.0,easyBike,charging,21.0,25.78,20.0,
198.0,easyBike_reverse1.0,easyBike,charging,22.0,25.77,20.0,
199.0,easyBike_reverse1.0,easyBike,charging,23.0,25.77,20.0,
200.0,easyBike_reverse1.0,easyBike,charging,24.0,25.77,20.0,
201.0,easyBike_reverse1.0,easyBike,charging,25.0,25.77,20.0,
202.0,easyBike_reverse1.0,easyBike,charging,26.0,25.76,20.0,
203.0,easyBike_reverse1.0,easyBike,charging,27.0,25.76,20.0,
204.0,easyBike_reverse1.0,easyBike,charging,28.0,25.76,20.0,
205.0,easyBike_reverse1.0,easyBike,charging,29.0,25.76,20.0,
206.0,easyBike_reverse1.0,easyBike,charging,30.0,25.76,20.0,
207.0,easyBike_reverse1.0,easyBike,charging,31.0,25.75,20.0,
208.0,easyBike_reverse1.0,easyBike,charging,32.0,25.75,20.0,
209.0,easyBike_reverse1.0,easyBike,charging,33.0,25.75,20.0,
210.0,easyBike_reverse1.0,easyBike,charging,34.0,25.75,20.0,
211.0,easyBike_reverse1.0,easyBike,charging,35.0,25.74,20.0,
212.0,easyBike_reverse1.0,easyBike,charging,36.0,25.74,20.0,
213.0,easyBike_reverse1.0,easyBike,charging,37.0,25.74,20.0,
214.0,easyBike_reverse1.0,easyBike,charging,38.0,25.74,20.0,
215.0,easyBike_reverse1.0,easyBike,charging,39.0,25.73,20.0,
216.0,easyBike_reverse1.0,easyBike,charging,40.0,25.73,20.0,
217.0,easyBike_reverse1.0,easyBike,charging,41.0,25.73,20.0,
218.0,easyBike_reverse1.0,easyBike,charging,42.0,25.73,20.0,
219.0,easyBike_reverse1.0,easyBike,charging,43.0,25.73,20.0,
220.0,easyBike_reverse1.0,easyBike,charging,44.0,25.72,20.0,
221.0,easyBike_reverse1.0,easyBike,charging,45.0,25.72,20.0,
222.0,easyBike_reverse1.0,easyBike,charging,46.0,25.72,20.0,
223.0,easyBike_reverse1.0,easyBike,charging,47.0,25.72,20.0,
224.0,easyBike_reverse1.0,easyBike,charging,48.0,25.71,20.0,
225.0,easyBike_reverse1.0,easyBike,charging,49.0,25.71,20.0,
226.0,easyBike_reverse1.0,easyBike,charging,50.0,25.71,20.0,
227.0,easyBike_reverse1.0,easyBike,charging,51.0,25.71,20.0,
228.0,easyBike_reverse1.0,easyBike,charging,52.0,25.7,20.0,
229.0,easyBike_reverse1.0,easyBike,charging,53.0,25.7,20.0,
230.0,easyBike_reverse1.0,easyBike,charging,54.0,25.7,20.0,
231.0,easyBike_reverse1.0,easyBike,charging,55.0,25.7,20.0,
232.0,easyBike_reverse1.0,easyBike,charging,56.0,25.7,20.0,
233.0,easyBike_reverse1.0,easyBike,charging,57.0,25.69,20.0,
234.0,easyBike_reverse1.0,easyBike,charging,58.0,25.69,20.0,
235.0,easyBike_reverse1.0,easyBike,charging,59.0,25.69,20.0,
236.0,easyBike_reverse1.0,easyBike,charging,60.0,25.69,20.0,
237.0,easyBike_reverse1.0,easyBike,charging,61.0,25.68,20.0,
238.0,easyBike_reverse1.0,easyBike,charging,62.0,25.68,20.0,
239.0,easyBike_reverse1.0,easyBike,charging,63.0,25.68,20.0,
240.0,easyBike_reverse1.0,easyBike,charging,64.0,25.68,20.0,
241.0,easyBike_reverse1.0,easyBike,charging,65.0,25.68,20.0,
242.0,easyBike_reverse1.0,easyBike,charging,66.0,25.67,20.0,
243.0,easyBike_reverse1.0,easyBike,charging,67.0,25.67,20.0,
244.0,easyBike_reverse1.0,easyBike,charging,68.0,25.67,20.0,
245.0,easyBike_reverse1.0,easyBike,charging,69.0,25.67,20.0,
246.0,easyBike_reverse1.0,easyBike,charging,70.0,25.66,20.0,
247.0,easyBike_reverse1.0,easyBike,charging,71.0,25.66,20.0,
248.0,easyBike_reverse1.0,easyBike,charging,72.0,25.66,20.0,
249.0,easyBike_reverse1.0,easyBike,charging,73.0,25.66,20.0,
250.0,easyBike_reverse1.0,easyBike,charging,74.0,25.65,20.0,
251.0,easyBike_reverse1.0,easyBike,charging,75.0,25.65,20.0,
252.0,easyBike_reverse1.0,easyBike,charging,76.0,25.65,20.0,
253.0,easyBike_reverse1.0,easyBike,charging,77.0,25.65,20.0,
254.0,easyBike_reverse1.0,easyBike,charging,78.0,25.65,20.0,
255.0,easyBike_reverse1.0,easyBike,charging,79.0,25.64,20.0,
256.0,easyBike_reverse1.0,easyBike,charging,80.0,25.64,20.0,
257.0,easyBike_reverse1.0,easyBike,charging,81.0,25.64,20.0,
258.0,easyBike_reverse1.0,easyBike,charging,82.0,25.64,20.0,
259.0,easyBike_reverse1.2,easyBike,charging,0.0,25.83,20.0,
259.0,easyBike_reverse1.0,easyBike,charging,83.0,25.63,20.0,
260.0,easyBike_reverse1.2,easyBike,charging,1.0,25.83,20.0,
260.0,easyBike_reverse1.0,easyBike,charging,84.0,25.63,20.0,
261.0,easyBike_reverse1.2,easyBike,charging,2.0,25.83,20.0,
261.0,easyBike_reverse1.0,easyBike,charging,85.0,25.63,20.0,
262.0,easyBike_reverse1.2,easyBike,charging,3.0,25.83,20.0,
262.0,easyBike_reverse1.0,easyBike,charging,86.0,25.63,20.0,
263.0,easyBike_reverse1.2,easyBike,charging,4.0,25.83,20.0,
263.0,easyBike_reverse1.0,easyBike,charging,87.0,25.62,20.0,
264.0,easyBike_reverse1.2,easyBike,charging,5.0,25.83,20.0,
264.0,easyBike_reverse1.0,easyBike,charging,88.0,25.62,20.0,
265.0,easyBike_reverse1.2,easyBike,charging,6.0,25.83,20.0,
265.0,easyBike_reverse1.0,easyBike,charging,89.0,25.62,20.0,
266.0,easyBike_reverse1.2,easyBike,charging,7.0,25.83,20.0,
266.0,easyBike_reverse1.0,easyBike,charging,90.0,25.62,20.0,
267.0,easyBike_reverse1.2,easyBike,charging,8.0,25.83,20.0,
267.0,easyBike_reverse1.0,easyBike,charging,91.0,25.62,20.0,
268.0,easyBike_reverse1.2,easyBike,charging,9.0,25.83,20.0,
268.0,easyBike_reverse1.0,easyBike,charging,92.0,25.61,20.0,
269.0,easyBike_reverse1.2,easyBike,charging,10.0,25.83,20.0,
269.0,easyBike_reverse1.0,easyBike,charging,93.0,25.61,20.0,
270.0,easyBike_reverse1.2,easyBike,charging,11.0,25.83,20.0,
270.0,easyBike_reverse1.0,easyBike,charging,94.0,25.61,20.0,
271.0,easyBike_reverse1.2,easyBike,charging,12.0,25.83,20.0,
271.0,easyBike_reverse1.0,easyBike,charging,95.0,25.61,20.0,
272.0,easyBike_reverse1.2,easyBike,charging,13.0,25.83,20.0,
272.0,easyBike_reverse1.0,easyBike,charging,96.0,25.62,20.0,
273.0,easyBike_reverse1.2,easyBike,charging,14.0,25.83,20.0,
273.0,easyBike_reverse1.0,easyBike,charging,97.0,25.62,20.0,
274.0,easyBike_reverse1.2,easyBike,charging,15.0,25.82,20.0,
274.0,easyBike_reverse1.0,easyBike,charging,98.0,25.62,20.0,
275.0,easyBike_reverse1.2,easyBike,charging,16.0,25.82,20.0,
275.0,easyBike_reverse1.0,easyBike,charging,99.0,25.62,20.0,
276.0,easyBike_reverse1.2,easyBike,charging,17.0,25.81,20.0,
276.0,easyBike_reverse1.0,easyBike,charging,100.0,25.62,20.0,
277.0,easyBike_reverse1.2,easyBike,charging,18.0,25.81,20.0,
277.0,easyBike_reverse1.0,easyBike,charging,101.0,25.62,20.0,
278.0,easyBike_reverse1.2,easyBike,charging,19.0,25.8,20.0,
278.0,easyBike_reverse1.0,easyBike,charging,102.0,25.62,20.0,
279.0,easyBike_reverse1.2,easyBike,charging,20.0,25.8,20.0,
279.0,easyBike_reverse1.0,easyBike,charging,103.0,25.62,20.0,
280.0,easyBike_reverse1.2,easyBike,charging,21.0,25.79,20.0,
280.0,easyBike_reverse1.0,easyBike,charging,104.0,25.62,20.0,
280.0,eRickshaw_reverse1.0,eRickshaw,charging,0.0,30.0,20.0,
281.0,easyBike_reverse1.2,easyBike,charging,22.0,25.78,20.0,
281.0,easyBike_reverse1.0,easyBike,charging,105.0,25.62,20.0,
281.0,eRickshaw_reverse1.0,eRickshaw,charging,1.0,30.0,20.0,
282.0,easyBike_reverse1.2,easyBike,charging,23.0,25.78,20.0,
282.0,easyBike_reverse1.0,easyBike,charging,106.0,25.62,20.0,
282.0,eRickshaw_reverse1.0,eRickshaw,charging,2.0,30.0,20.0,
283.0,easyBike_reverse1.2,easyBike,charging,24.0,25.78,20.0,
283.0,easyBike_reverse1.0,easyBike,charging,107.0,25.62,20.0,
283.0,eRickshaw_reverse1.0,eRickshaw,charging,3.0,30.0,20.0,
284.0,easyBike_reverse1.2,easyBike,charging,25.0,25.78,20.0,
284.0,easyBike_reverse1.0,easyBike,charging,108.0,25.62,20.0,
284.0,eRickshaw_reverse1.0,eRickshaw,charging,4.0,30.0,20.0,
285.0,easyBike_reverse1.2,easyBike,charging,26.0,25.78,20.0,
285.0,easyBike_reverse1.0,easyBike,charging,109.0,25.62,20.0,
285.0,eRickshaw_reverse1.0,eRickshaw,charging,5.0,30.0,20.0,
286.0,easyBike_reverse1.2,easyBike,charging,27.0,25.77,20.0,
286.0,easyBike_reverse1.0,easyBike,charging,110.0,25.62,20.0,
286.0,eRickshaw_reverse1.0,eRickshaw,charging,6.0,30.0,20.0,
287.0,easyBike_reverse1.2,easyBike,charging,28.0,25.77,20.0,
287.0,easyBike_reverse1.0,easyBike,charging,111.0,25.62,20.0,
287.0,eRickshaw_reverse1.0,eRickshaw,charging,7.0,30.0,20.0,
288.0,easyBike_reverse1.2,easyBike,charging,29.0,25.77,20.0,
288.0,easyBike_reverse1.0,easyBike,charging,112.0,25.62,20.0,
288.0,eRickshaw_reverse1.0,eRickshaw,charging,8.0,30.0,20.0,
289.0,easyBike_reverse1.2,easyBike,charging,30.0,25.77,20.0,
289.0,easyBike_reverse1.0,easyBike,charging,113.0,25.62,20.0,
289.0,eRickshaw_reverse1.0,eRickshaw,charging,9.0,30.0,20.0,
290.0,easyBike_reverse1.2,easyBike,charging,31.0,25.76,20.0,
290.0,easyBike_reverse1.0,easyBike,charging,114.0,25.62,20.0,
290.0,eRickshaw_reverse1.0,eRickshaw,charging,10.0,30.0,20.0,
291.0,easyBike_reverse1.2,easyBike,charging,32.0,25.76,20.0,
291.0,easyBike_reverse1.0,easyBike,charging,115.0,25.62,20.0,
291.0,eRickshaw_reverse1.0,eRickshaw,charging,11.0,30.0,20.0,
292.0,easyBike_reverse1.2,easyBike,charging,33.0,25.76,20.0,
292.0,easyBike_reverse1.0,easyBike,charging,116.0,25.62,20.0,
292.0,eRickshaw_reverse1.0,eRickshaw,charging,12.0,30.0,20.0,
293.0,easyBike_reverse1.2,easyBike,charging,34.0,25.76,20.0,
293.0,easyBike_reverse1.0,easyBike,charging,117.0,25.62,20.0,
293.0,eRickshaw_reverse1.0,eRickshaw,charging,13.0,30.0,20.0,
294.0,easyBike_reverse1.2,easyBike,charging,35.0,25.75,20.0,
294.0,easyBike_reverse1.0,easyBike,charging,118.0,25.62,20.0,
294.0,eRickshaw_reverse1.0,eRickshaw,charging,14.0,30.0,20.0,
295.0,easyBike_reverse1.2,easyBike,charging,36.0,25.75,20.0,
295.0,easyBike_reverse1.0,easyBike,charging,119.0,25.62,20.0,
295.0,eRickshaw_reverse1.0,eRickshaw,charging,15.0,30.0,20.0,
296.0,easyBike_reverse1.2,easyBike,charging,37.0,25.75,20.0,
296.0,easyBike_reverse1.0,easyBike,charging,120.0,25.62,20.0,
296.0,eRickshaw_reverse1.0,eRickshaw,charging,16.0,30.0,20.0,
297.0,easyBike_reverse1.2,easyBike,charging,38.0,25.75,20.0,
297.0,easyBike_reverse1.0,easyBike,charging,121.0,25.62,20.0,
297.0,eRickshaw_reverse1.0,eRickshaw,charging,17.0,30.0,20.0,
298.0,easyBike_reverse1.2,easyBike,charging,39.0,25.75,20.0,
298.0,easyBike_reverse1.0,easyBike,charging,122.0,25.62,20.0,
298.0,eRickshaw_reverse1.0,eRickshaw,charging,18.0,30.0,20.0,
299.0,easyBike_reverse1.2,easyBike,charging,40.0,25.74,20.0,
299.0,easyBike_reverse1.0,easyBike,charging,123.0,25.62,20.0,
299.0,eRickshaw_reverse1.0,eRickshaw,charging,19.0,30.0,20.0,
300.0,easyBike_reverse1.2,easyBike,charging,41.0,25.74,20.0,
300.0,easyBike_reverse1.0,easyBike,charging,124.0,25.62,20.0,
300.0,eRickshaw_reverse1.0,eRickshaw,charging,20.0,30.0,20.0,
301.0,easyBike_reverse1.2,easyBike,charging,42.0,25.74,20.0,
301.0,easyBike_reverse1.0,easyBike,charging,125.0,25.62,20.0,
301.0,eRickshaw_reverse1.0,eRickshaw,charging,21.0,30.0,20.0,
302.0,easyBike_reverse1.2,easyBike,charging,43.0,25.74,20.0,
302.0,easyBike_reverse1.0,easyBike,charging,126.0,25.62,20.0,
302.0,eRickshaw_reverse1.0,eRickshaw,charging,22.0,30.0,20.0,
303.0,easyBike_reverse1.2,easyBike,charging,44.0,25.73,20.0,
303.0,easyBike_reverse1.0,easyBike,charging,127.0,25.62,20.0,
303.0,eRickshaw_reverse1.0,eRickshaw,charging,23.0,30.0,20.0,
304.0,easyBike_reverse1.2,easyBike,charging,45.0,25.73,20.0,
304.0,easyBike_reverse1.0,easyBike,charging,128.0,25.62,20.0,
304.0,eRickshaw_reverse1.0,eRickshaw,charging,24.0,30.0,20.0,
305.0,easyBike_reverse1.2,easyBike,charging,46.0,25.73,20.0,
305.0,easyBike_reverse1.0,easyBike,charging,129.0,25.62,20.0,
305.0,eRickshaw_reverse1.0,eRickshaw,charging,25.0,30.0,20.0,
305.0,easyBike_reverse1.1,easyBike,charging,0.0,25.63,20.0,
306.0,easyBike_reverse1.2,easyBike,charging,47.0,25.73,20.0,
306.0,easyBike_reverse1.0,easyBike,charging,130.0,25.62,20.0,
306.0,eRickshaw_reverse1.0,eRickshaw,charging,26.0,30.0,20.0,
306.0,easyBike_reverse1.1,easyBike,charging,1.0,25.63,20.0,
307.0,easyBike_reverse1.2,easyBike,charging,48.0,25.72,20.0,
307.0,easyBike_reverse1.0,easyBike,charging,131.0,25.62,20.0,
307.0,eRickshaw_reverse1.0,eRickshaw,charging,27.0,30.0,20.0,
307.0,easyBike_reverse1.1,easyBike,charging,2.0,25.63,20.0,
308.0,easyBike_reverse1.2,easyBike,charging,49.0,25.72,20.0,
308.0,easyBike_reverse1.0,easyBike,charging,132.0,25.62,20.0,
308.0,eRickshaw_reverse1.0,eRickshaw,charging,28.0,30.0,20.0,
308.0,easyBike_reverse1.1,easyBike,charging,3.0,25.63,20.0,
309.0,easyBike_reverse1.2,easyBike,charging,50.0,25.72,20.0,
309.0,easyBike_reverse1.0,easyBike,charging,133.0,25.62,20.0,
309.0,eRickshaw_reverse1.0,eRickshaw,charging,29.0,30.0,20.0,
309.0,easyBike_reverse1.1,easyBike,charging,4.0,25.63,20.0,
310.0,easyBike_reverse1.2,easyBike,charging,51.0,25.72,20.0,
310.0,easyBike_reverse1.0,easyBike,charging,134.0,25.62,20.0,
310.0,eRickshaw_reverse1.0,eRickshaw,charging,30.0,30.0,20.0,
310.0,easyBike_reverse1.1,easyBike,charging,5.0,25.63,20.0,
311.0,easyBike_reverse1.2,easyBike,charging,52.0,25.72,20.0,
311.0,easyBike_reverse1.0,easyBike,charging,135.0,25.62,20.0,
311.0,eRickshaw_reverse1.0,eRickshaw,charging,31.0,30.0,20.0,
311.0,easyBike_reverse1.1,easyBike,charging,6.0,25.63,20.0,
312.0,easyBike_reverse1.2,easyBike,charging,53.0,25.71,20.0,
312.0,easyBike_reverse1.0,easyBike,charging,136.0,25.62,20.0,
312.0,eRickshaw_reverse1.0,eRickshaw,charging,32.0,30.0,20.0,
312.0,easyBike_reverse1.1,easyBike,charging,7.0,25.63,20.0,
313.0,easyBike_reverse1.2,easyBike,charging,54.0,25.71,20.0,
313.0,easyBike_reverse1.0,easyBike,charging,137.0,25.62,20.0,
313.0,eRickshaw_reverse1.0,eRickshaw,charging,33.0,30.0,20.0,
313.0,easyBike_reverse1.1,easyBike,charging,8.0,25.63,20.0,
314.0,easyBike_reverse1.2,easyBike,charging,55.0,25.71,20.0,
314.0,easyBike_reverse1.0,easyBike,charging,138.0,25.62,20.0,
314.0,eRickshaw_reverse1.0,eRickshaw,charging,34.0,30.0,20.0,
314.0,easyBike_reverse1.1,easyBike,charging,9.0,25.63,20.0,
315.0,easyBike_reverse1.2,easyBike,charging,56.0,25.71,20.0,
315.0,easyBike_reverse1.0,easyBike,charging,139.0,25.62,20.0,
315.0,eRickshaw_reverse1.0,eRickshaw,charging,35.0,30.0,20.0,
315.0,easyBike_reverse1.1,easyBike,charging,10.0,25.63,20.0,
316.0,easyBike_reverse1.2,easyBike,charging,57.0,25.7,20.0,
316.0,easyBike_reverse1.0,easyBike,charging,140.0,25.62,20.0,
316.0,eRickshaw_reverse1.0,eRickshaw,charging,36.0,30.0,20.0,
316.0,easyBike_reverse1.1,easyBike,charging,11.0,25.63,20.0,
317.0,easyBike_reverse1.2,easyBike,charging,58.0,25.7,20.0,
317.0,easyBike_reverse1.0,easyBike,charging,141.0,25.62,20.0,
317.0,eRickshaw_reverse1.0,eRickshaw,charging,37.0,30.0,20.0,
317.0,easyBike_reverse1.1,easyBike,charging,12.0,25.63,20.0,
318.0,easyBike_reverse1.2,easyBike,charging,59.0,25.7,20.0,
318.0,easyBike_reverse1.0,easyBike,charging,142.0,25.62,20.0,
318.0,eRickshaw_reverse1.0,eRickshaw,charging,38.0,30.0,20.0,
318.0,easyBike_reverse1.1,easyBike,charging,13.0,25.63,20.0,
319.0,easyBike_reverse1.2,easyBike,charging,60.0,25.7,20.0,
319.0,easyBike_reverse1.0,easyBike,charging,143.0,25.62,20.0,
319.0,eRickshaw_reverse1.0,eRickshaw,charging,39.0,30.0,20.0,
319.0,easyBike_reverse1.1,easyBike,charging,14.0,25.63,20.0,
320.0,easyBike_reverse1.2,easyBike,charging,61.0,25.69,20.0,
320.0,easyBike_reverse1.0,easyBike,charging,144.0,25.62,20.0,
320.0,eRickshaw_reverse1.0,eRickshaw,charging,40.0,30.0,20.0,
320.0,easyBike_reverse1.1,easyBike,charging,15.0,25.63,20.0,
321.0,easyBike_reverse1.2,easyBike,charging,62.0,25.69,20.0,
321.0,easyBike_reverse1.0,easyBike,charging,145.0,25.62,20.0,
321.0,eRickshaw_reverse1.0,eRickshaw,charging,41.0,30.0,20.0,
321.0,easyBike_reverse1.1,easyBike,charging,16.0,25.63,20.0,
322.0,easyBike_reverse1.2,easyBike,charging,63.0,25.69,20.0,
322.0,easyBike_reverse1.0,easyBike,charging,146.0,25.62,20.0,
322.0,eRickshaw_reverse1.0,eRickshaw,charging,42.0,30.0,20.0,
322.0,easyBike_reverse1.1,easyBike,charging,17.0,25.63,20.0,
323.0,easyBike_reverse1.2,easyBike,charging,64.0,25.69,20.0,
323.0,easyBike_reverse1.0,easyBike,charging,147.0,25.62,20.0,
323.0,eRickshaw_reverse1.0,eRickshaw,charging,43.0,30.0,20.0,
323.0,easyBike_reverse1.1,easyBike,charging,18.0,25.63,20.0,
324.0,easyBike_reverse1.2,easyBike,charging,65.0,25.69,20.0,
324.0,easyBike_reverse1.0,easyBike,charging,148.0,25.62,20.0,
324.0,eRickshaw_reverse1.0,eRickshaw,charging,44.0,30.0,20.0,
324.0,easyBike_reverse1.1,easyBike,charging,19.0,25.63,20.0,
325.0,easyBike_reverse1.2,easyBike,charging,66.0,25.68,20.0,
325.0,easyBike_reverse1.0,easyBike,charging,149.0,25.62,20.0,
325.0,eRickshaw_reverse1.0,eRickshaw,charging,45.0,30.0,20.0,
325.0,easyBike_reverse1.1,easyBike,charging,20.0,25.63,20.0,
326.0,easyBike_reverse1.2,easyBike,charging,67.0,25.68,20.0,
326.0,easyBike_reverse1.0,easyBike,charging,150.0,25.62,20.0,
326.0,eRickshaw_reverse1.0,eRickshaw,charging,46.0,30.0,20.0,
326.0,easyBike_reverse1.1,easyBike,charging,21.0,25.63,20.0,
326.0,eRickshaw_reverse2.0,eRickshaw,waiting,,0.0,0.0,0.0
327.0,easyBike_reverse1.2,easyBike,charging,68.0,25.68,20.0,
327.0,easyBike_reverse1.0,easyBike,charging,151.0,25.62,20.0,
327.0,eRickshaw_reverse1.0,eRickshaw,charging,47.0,30.0,20.0,
327.0,easyBike_reverse1.1,easyBike,charging,22.0,25.63,20.0,
327.0,eRickshaw_reverse2.0,eRickshaw,waiting,,0.0,0.0,1.0
328.0,easyBike_reverse1.2,easyBike,charging,69.0,25.68,20.0,
328.0,easyBike_reverse1.0,easyBike,charging,152.0,25.62,20.0,
328.0,eRickshaw_reverse1.0,eRickshaw,charging,48.0,30.0,20.0,
328.0,easyBike_reverse1.1,easyBike,charging,23.0,25.63,20.0,
328.0,eRickshaw_reverse2.0,eRickshaw,waiting,,0.0,0.0,2.0
329.0,easyBike_reverse1.2,easyBike,charging,70.0,25.67,20.0,
329.0,easyBike_reverse1.0,easyBike,charging,153.0,25.62,20.0,
329.0,eRickshaw_reverse1.0,eRickshaw,charging,49.0,30.0,20.0,
329.0,easyBike_reverse1.1,easyBike,charging,24.0,25.63,20.0,
329.0,eRickshaw_reverse2.0,eRickshaw,waiting,,0.0,0.0,3.0
330.0,easyBike_reverse1.2,easyBike,charging,71.0,25.67,20.0,
330.0,easyBike_reverse1.0,easyBike,charging,154.0,25.62,20.0,
330.0,eRickshaw_reverse1.0,eRickshaw,charging,50.0,30.0,20.0,
330.0,easyBike_reverse1.1,easyBike,charging,25.0,25.63,20.0,
330.0,eRickshaw_reverse2.0,eRickshaw,waiting,,0.0,0.0,4.0
331.0,easyBike_reverse1.2,easyBike,charging,72.0,25.67,20.0,
331.0,easyBike_reverse1.0,easyBike,charging,155.0,25.62,20.0,
331.0,eRickshaw_reverse1.0,eRickshaw,charging,51.0,30.0,20.0,
331.0,easyBike_reverse1.1,easyBike,charging,26.0,25.63,20.0,
331.0,eRickshaw_reverse2.0,eRickshaw,waiting,,0.0,0.0,5.0
332.0,easyBike_reverse1.2,easyBike,charging,73.0,25.67,20.0,
332.0,easyBike_reverse1.0,easyBike,charging,156.0,25.62,20.0,
332.0,eRickshaw_reverse1.0,eRickshaw,charging,52.0,30.0,20.0,
332.0,easyBike_reverse1.1,easyBike,charging,27.0,25.63,20.0,
332.0,eRickshaw_reverse2.0,eRickshaw,waiting,,0.0,0.0,6.0
333.0,easyBike_reverse1.2,easyBike,charging,74.0,25.67,20.0,
333.0,easyBike_reverse1.0,easyBike,charging,157.0,25.62,20.0,
333.0,eRickshaw_reverse1.0,eRickshaw,charging,53.0,30.0,20.0,
333.0,easyBike_reverse1.1,easyBike,charging,28.0,25.63,20.0,
333.0,eRickshaw_reverse2.0,eRickshaw,waiting,,0.0,0.0,7.0
334.0,easyBike_reverse1.2,easyBike,charging,75.0,25.66,20.0,
334.0,easyBike_reverse1.0,easyBike,charging,158.0,25.62,20.0,
334.0,eRickshaw_reverse1.0,eRickshaw,charging,54.0,30.0,20.0,
334.0,easyBike_reverse1.1,easyBike,charging,29.0,25.63,20.0,
334.0,eRickshaw_reverse2.0,eRickshaw,waiting,,0.0,0.0,8.0
335.0,easyBike_reverse1.2,easyBike,charging,76.0,25.66,20.0,
335.0,easyBike_reverse1.0,easyBike,charging,159.0,25.62,20.0,
335.0,eRickshaw_reverse1.0,eRickshaw,charging,55.0,30.0,20.0,
335.0,easyBike_reverse1.1,easyBike,charging,30.0,25.63,20.0,
335.0,eRickshaw_reverse2.0,eRickshaw,waiting,,0.0,0.0,9.0
336.0,easyBike_reverse1.2,easyBike,charging,77.0,25.66,20.0,
336.0,easyBike_reverse1.0,easyBike,charging,160.0,25.62,20.0,
336.0,eRickshaw_reverse1.0,eRickshaw,charging,56.0,30.0,20.0,
336.0,easyBike_reverse1.1,easyBike,charging,31.0,25.63,20.0,
336.0,eRickshaw_reverse2.0,eRickshaw,waiting,,0.0,0.0,10.0
337.0,easyBike_reverse1.2,easyBike,charging,78.0,25.66,20.0,
337.0,easyBike_reverse1.0,easyBike,charging,161.0,25.62,20.0,
337.0,eRickshaw_reverse1.0,eRickshaw,charging,57.0,30.0,20.0,
337.0,easyBike_reverse1.1,easyBike,charging,32.0,25.63,20.0,
337.0,eRickshaw_reverse2.0,eRickshaw,waiting,,0.0,0.0,11.0
337.0,easyBike_reverse1.4,easyBike,waiting,,0.0,0.0,0.0
338.0,easyBike_reverse1.2,easyBike,charging,79.0,25.65,20.0,
338.0,easyBike_reverse1.0,easyBike,charging,162.0,25.62,20.0,
338.0,eRickshaw_reverse1.0,eRickshaw,charging,58.0,30.0,20.0,
338.0,easyBike_reverse1.1,easyBike,charging,33.0,25.63,20.0,
338.0,eRickshaw_reverse2.0,eRickshaw,waiting,,0.0,0.0,12.0
338.0,easyBike_reverse1.4,easyBike,waiting,,0.0,0.0,1.0
339.0,easyBike_reverse1.2,easyBike,charging,80.0,25.65,20.0,
339.0,easyBike_reverse1.0,easyBike,charging,163.0,25.62,20.0,
339.0,eRickshaw_reverse1.0,eRickshaw,charging,59.0,30.0,20.0,
339.0,easyBike_reverse1.1,easyBike,charging,34.0,25.63,20.0,
339.0,eRickshaw_reverse2.0,eRickshaw,waiting,,0.0,0.0,13.0
339.0,easyBike_reverse1.4,easyBike,waiting,,0.0,0.0,2.0
340.0,easyBike_reverse1.2,easyBike,charging,81.0,25.65,20.0,
340.0,easyBike_reverse1.0,easyBike,charging,164.0,25.62,20.0,
340.0,eRickshaw_reverse1.0,eRickshaw,charging,60.0,30.0,20.0,
340.0,easyBike_reverse1.1,easyBike,charging,35.0,25.63,20.0,
340.0,eRickshaw_reverse2.0,eRickshaw,waiting,,0.0,0.0,14.0
340.0,easyBike_reverse1.4,easyBike,waiting,,0.0,0.0,3.0
341.0,easyBike_reverse1.2,easyBike,charging,82.0,25.65,20.0,
341.0,easyBike_reverse1.0,easyBike,charging,165.0,25.62,20.0,
341.0,eRickshaw_reverse1.0,eRickshaw,charging,61.0,30.0,20.0,
341.0,easyBike_reverse1.1,easyBike,charging,36.0,25.63,20.0,
341.0,eRickshaw_reverse2.0,eRickshaw,waiting,,0.0,0.0,15.0
341.0,easyBike_reverse1.4,easyBike,waiting,,0.0,0.0,4.0
342.0,easyBike_reverse1.2,easyBike,charging,83.0,25.65,20.0,
342.0,easyBike_reverse1.0,easyBike,charging,166.0,25.62,20.0,
342.0,eRickshaw_reverse1.0,eRickshaw,charging,62.0,30.0,20.0,
342.0,easyBike_reverse1.1,easyBike,charging,37.0,25.63,20.0,
342.0,eRickshaw_reverse2.0,eRickshaw,waiting,,0.0,0.0,16.0
342.0,easyBike_reverse1.4,easyBike,waiting,,0.0,0.0,5.0
343.0,easyBike_reverse1.2,easyBike,charging,84.0,25.64,20.0,
343.0,easyBike_reverse1.0,easyBike,charging,167.0,25.62,20.0,
343.0,eRickshaw_reverse1.0,eRickshaw,charging,63.0,30.0,20.0,
343.0,easyBike_reverse1.1,easyBike,charging,38.0,25.63,20.0,
343.0,eRickshaw_reverse2.0,eRickshaw,waiting,,0.0,0.0,17.0
343.0,easyBike_reverse1.4,easyBike,waiting,,0.0,0.0,6.0
344.0,easyBike_reverse1.2,easyBike,charging,85.0,25.64,20.0,
344.0,easyBike_reverse1.0,easyBike,charging,168.0,25.62,20.0,
344.0,eRickshaw_reverse1.0,eRickshaw,charging,64.0,30.0,20.0,
344.0,easyBike_reverse1.1,easyBike,charging,39.0,25.63,20.0,
344.0,eRickshaw_reverse2.0,eRickshaw,waiting,,0.0,0.0,18.0
344.0,easyBike_reverse1.4,easyBike,waiting,,0.0,0.0,7.0
345.0,easyBike_reverse1.2,easyBike,charging,86.0,25.64,20.0,
345.0,easyBike_reverse1.0,easyBike,charging,169.0,25.62,20.0,
345.0,eRickshaw_reverse1.0,eRickshaw,charging,65.0,30.0,20.0,
345.0,easyBike_reverse1.1,easyBike,charging,40.0,25.63,20.0,
345.0,eRickshaw_reverse2.0,eRickshaw,waiting,,0.0,0.0,19.0
345.0,easyBike_reverse1.4,easyBike,waiting,,0.0,0.0,8.0
346.0,easyBike_reverse1.2,easyBike,charging,87.0,25.64,20.0,
346.0,easyBike_reverse1.0,easyBike,charging,170.0,25.62,20.0,
346.0,eRickshaw_reverse1.0,eRickshaw,charging,66.0,30.0,20.0,
346.0,easyBike_reverse1.1,easyBike,charging,41.0,25.63,20.0,
346.0,eRickshaw_reverse2.0,eRickshaw,waiting,,0.0,0.0,20.0
346.0,easyBike_reverse1.4,easyBike,waiting,,0.0,0.0,9.0
347.0,easyBike_reverse1.2,easyBike,charging,88.0,25.63,20.0,
347.0,easyBike_reverse1.0,easyBike,charging,171.0,25.62,20.0,
347.0,eRickshaw_reverse1.0,eRickshaw,charging,67.0,30.0,20.0,
347.0,easyBike_reverse1.1,easyBike,charging,42.0,25.63,20.0,
347.0,eRickshaw_reverse2.0,eRickshaw,waiting,,0.0,0.0,21.0
347.0,easyBike_reverse1.4,easyBike,waiting,,0.0,0.0,10.0
348.0,easyBike_reverse1.2,easyBike,charging,89.0,25.63,20.0,
348.0,easyBike_reverse1.0,easyBike,charging,172.0,25.62,20.0,
348.0,eRickshaw_reverse1.0,eRickshaw,charging,68.0,30.0,20.0,
348.0,easyBike_reverse1.1,easyBike,charging,43.0,25.63,20.0,
348.0,eRickshaw_reverse2.0,eRickshaw,waiting,,0.0,0.0,22.0
348.0,easyBike_reverse1.4,easyBike,waiting,,0.0,0.0,11.0
349.0,easyBike_reverse1.2,easyBike,charging,90.0,25.63,20.0,
349.0,easyBike_reverse1.0,easyBike,charging,173.0,25.62,20.0,
349.0,eRickshaw_reverse1.0,eRickshaw,charging,69.0,30.0,20.0,
349.0,easyBike_reverse1.1,easyBike,charging,44.0,25.63,20.0,
349.0,eRickshaw_reverse2.0,eRickshaw,waiting,,0.0,0.0,23.0
349.0,easyBike_reverse1.4,easyBike,waiting,,0.0,0.0,12.0
350.0,easyBike_reverse1.2,easyBike,charging,91.0,25.63,20.0,
350.0,easyBike_reverse1.0,easyBike,charging,174.0,25.62,20.0,
350.0,eRickshaw_reverse1.0,eRickshaw,charging,70.0,30.0,20.0,
350.0,easyBike_reverse1.1,easyBike,charging,45.0,25.63,20.0,
350.0,eRickshaw_reverse2.0,eRickshaw,waiting,,0.0,0.0,24.0
350.0,easyBike_reverse1.4,easyBike,waiting,,0.0,0.0,13.0
351.0,easyBike_reverse1.2,easyBike,charging,92.0,25.62,20.0,
351.0,easyBike_reverse1.0,easyBike,charging,175.0,25.62,20.0,
351.0,eRickshaw_reverse1.0,eRickshaw,charging,71.0,30.0,20.0,
351.0,easyBike_reverse1.1,easyBike,charging,46.0,25.63,20.0,
351.0,eRickshaw_reverse2.0,eRickshaw,waiting,,0.0,0.0,25.0
351.0,easyBike_reverse1.4,easyBike,waiting,,0.0,0.0,14.0
352.0,easyBike_reverse1.2,easyBike,charging,93.0,25.62,20.0,
352.0,easyBike_reverse1.0,easyBike,charging,176.0,25.62,20.0,
352.0,eRickshaw_reverse1.0,eRickshaw,charging,72.0,30.0,20.0,
352.0,easyBike_reverse1.1,easyBike,charging,47.0,25.63,20.0,
352.0,eRickshaw_reverse2.0,eRickshaw,waiting,,0.0,0.0,26.0
352.0,easyBike_reverse1.4,easyBike,waiting,,0.0,0.0,15.0
353.0,easyBike_reverse1.2,easyBike,charging,94.0,25.62,20.0,
353.0,easyBike_reverse1.0,easyBike,charging,177.0,25.62,20.0,
353.0,eRickshaw_reverse1.0,eRickshaw,charging,73.0,30.0,20.0,
353.0,easyBike_reverse1.1,easyBike,charging,48.0,25.63,20.0,
353.0,eRickshaw_reverse2.0,eRickshaw,waiting,,0.0,0.0,27.0
353.0,easyBike_reverse1.4,easyBike,waiting,,0.0,0.0,16.0
354.0,easyBike_reverse1.2,easyBike,charging,95.0,25.62,20.0,
354.0,easyBike_reverse1.0,easyBike,charging,178.0,25.62,20.0,
354.0,eRickshaw_reverse1.0,eRickshaw,charging,74.0,30.0,20.0,
354.0,easyBike_reverse1.1,easyBike,charging,49.0,25.63,20.0,
354.0,eRickshaw_reverse2.0,eRickshaw,waiting,,0.0,0.0,28.0
354.0,easyBike_reverse1.4,easyBike,waiting,,0.0,0.0,17.0
355.0,easyBike_reverse1.2,easyBike,charging,96.0,25.61,20.0,
355.0,easyBike_reverse1.0,easyBike,charging,179.0,25.62,20.0,
355.0,eRickshaw_reverse1.0,eRickshaw,charging,75.0,30.0,20.0,
355.0,easyBike_reverse1.1,easyBike,charging,50.0,25.63,20.0,
355.0,eRickshaw_reverse2.0,eRickshaw,waiting,,0.0,0.0,29.0
355.0,easyBike_reverse1.4,easyBike,waiting,,0.0,0.0,18.0
356.0,easyBike_reverse1.2,easyBike,charging,97.0,25.61,20.0,
356.0,easyBike_reverse1.0,easyBike,charging,180.0,25.62,20.0,
356.0,eRickshaw_reverse1.0,eRickshaw,charging,76.0,30.0,20.0,
356.0,easyBike_reverse1.1,easyBike,charging,51.0,25.63,20.0,
356.0,eRickshaw_reverse2.0,eRickshaw,waiting,,0.0,0.0,30.0
356.0,easyBike_reverse1.4,easyBike,waiting,,0.0,0.0,19.0
357.0,easyBike_reverse1.2,easyBike,charging,98.0,25.61,20.0,
357.0,easyBike_reverse1.0,easyBike,charging,181.0,25.62,20.0,
357.0,eRickshaw_reverse1.0,eRickshaw,charging,77.0,30.0,20.0,
357.0,easyBike_reverse1.1,easyBike,charging,52.0,25.63,20.0,
357.0,eRickshaw_reverse2.0,eRickshaw,waiting,,0.0,0.0,31.0
357.0,easyBike_reverse1.4,easyBike,waiting,,0.0,0.0,20.0
358.0,easyBike_reverse1.2,easyBike,charging,99.0,25.61,20.0,
358.0,easyBike_reverse1.0,easyBike,charging,182.0,25.62,20.0,
358.0,eRickshaw_reverse1.0,eRickshaw,charging,78.0,30.0,20.0,
358.0,easyBike_reverse1.1,easyBike,charging,53.0,25.63,20.0,
358.0,eRickshaw_reverse2.0,eRickshaw,waiting,,0.0,0.0,32.0
358.0,easyBike_reverse1.4,easyBike,waiting,,0.0,0.0,21.0
359.0,easyBike_reverse1.2,easyBike,charging,100.0,25.61,20.0,
359.0,easyBike_reverse1.0,easyBike,charging,183.0,25.62,20.0,
359.0,eRickshaw_reverse1.0,eRickshaw,charging,79.0,30.0,20.0,
359.0,easyBike_reverse1.1,easyBike,charging,54.0,25.63,20.0,
359.0,eRickshaw_reverse2.0,eRickshaw,waiting,,0.0,0.0,33.0
359.0,easyBike_reverse1.4,easyBike,waiting,,0.0,0.0,22.0
360.0,easyBike_reverse1.2,easyBike,charging,101.0,25.6,20.0,
360.0,easyBike_reverse1.0,easyBike,charging,184.0,25.62,20.0,
360.0,eRickshaw_reverse1.0,eRickshaw,charging,80.0,30.0,20.0,
360.0,easyBike_reverse1.1,easyBike,charging,55.0,25.63,20.0,
360.0,eRickshaw_reverse2.0,eRickshaw,waiting,,0.0,0.0,34.0
360.0,easyBike_reverse1.4,easyBike,waiting,,0.0,0.0,23.0
361.0,easyBike_reverse1.2,easyBike,charging,102.0,25.6,20.0,
361.0,easyBike_reverse1.0,easyBike,charging,185.0,25.62,20.0,
361.0,eRickshaw_reverse1.0,eRickshaw,charging,81.0,30.0,20.0,
361.0,easyBike_reverse1.1,easyBike,charging,56.0,25.63,20.0,
361.0,eRickshaw_reverse2.0,eRickshaw,waiting,,0.0,0.0,35.0
361.0,easyBike_reverse1.4,easyBike,waiting,,0.0,0.0,24.0
362.0,easyBike_reverse1.2,easyBike,charging,103.0,25.6,20.0,
362.0,easyBike_reverse1.0,easyBike,charging,186.0,25.62,20.0,
362.0,eRickshaw_reverse1.0,eRickshaw,charging,82.0,30.0,20.0,
362.0,easyBike_reverse1.1,easyBike,charging,57.0,25.63,20.0,
362.0,eRickshaw_reverse2.0,eRickshaw,waiting,,0.0,0.0,36.0
362.0,easyBike_reverse1.4,easyBike,waiting,,0.0,0.0,25.0
363.0,easyBike_reverse1.2,easyBike,charging,104.0,25.6,20.0,
363.0,easyBike_reverse1.0,easyBike,charging,187.0,25.62,20.0,
363.0,eRickshaw_reverse1.0,eRickshaw,charging,83.0,30.0,20.0,
363.0,easyBike_reverse1.1,easyBike,charging,58.0,25.63,20.0,
363.0,eRickshaw_reverse2.0,eRickshaw,waiting,,0.0,0.0,37.0
363.0,easyBike_reverse1.4,easyBike,waiting,,0.0,0.0,26.0
364.0,easyBike_reverse1.2,easyBike,charging,105.0,25.61,20.0,
364.0,easyBike_reverse1.0,easyBike,charging,188.0,25.62,20.0,
364.0,eRickshaw_reverse1.0,eRickshaw,charging,84.0,30.0,20.0,
364.0,easyBike_reverse1.1,easyBike,charging,59.0,25.63,20.0,
364.0,eRickshaw_reverse2.0,eRickshaw,waiting,,0.0,0.0,38.0
364.0,easyBike_reverse1.4,easyBike,waiting,,0.0,0.0,27.0
365.0,easyBike_reverse1.2,easyBike,charging,106.0,25.61,20.0,
365.0,easyBike_reverse1.0,easyBike,charging,189.0,25.62,20.0,
365.0,eRickshaw_reverse1.0,eRickshaw,charging,85.0,30.0,20.0,
365.0,easyBike_reverse1.1,easyBike,charging,60.0,25.63,20.0,
365.0,eRickshaw_reverse2.0,eRickshaw,waiting,,0.0,0.0,39.0
365.0,easyBike_reverse1.4,easyBike,waiting,,0.0,0.0,28.0
366.0,easyBike_reverse1.2,easyBike,charging,107.0,25.61,20.0,
366.0,easyBike_reverse1.0,easyBike,charging,190.0,25.62,20.0,
366.0,eRickshaw_reverse1.0,eRickshaw,charging,86.0,30.0,20.0,
366.0,easyBike_reverse1.1,easyBike,charging,61.0,25.63,20.0,
366.0,eRickshaw_reverse2.0,eRickshaw,waiting,,0.0,0.0,40.0
366.0,easyBike_reverse1.4,easyBike,waiting,,0.0,0.0,29.0
367.0,easyBike_reverse1.2,easyBike,charging,108.0,25.61,20.0,
367.0,easyBike_reverse1.0,easyBike,charging,191.0,25.62,20.0,
367.0,eRickshaw_reverse1.0,eRickshaw,charging,87.0,30.0,20.0,
367.0,easyBike_reverse1.1,easyBike,charging,62.0,25.63,20.0,
367.0,eRickshaw_reverse2.0,eRickshaw,waiting,,0.0,0.0,41.0
367.0,easyBike_reverse1.4,easyBike,waiting,,0.0,0.0,30.0
368.0,easyBike_reverse1.2,easyBike,charging,109.0,25.61,20.0,
368.0,easyBike_reverse1.0,easyBike,charging,192.0,25.62,20.0,
368.0,eRickshaw_reverse1.0,eRickshaw,charging,88.0,30.0,20.0,
368.0,easyBike_reverse1.1,easyBike,charging,63.0,25.63,20.0,
368.0,eRickshaw_reverse2.0,eRickshaw,waiting,,0.0,0.0,42.0
368.0,easyBike_reverse1.4,easyBike,waiting,,0.0,0.0,31.0
369.0,easyBike_reverse1.2,easyBike,charging,110.0,25.61,20.0,
369.0,easyBike_reverse1.0,easyBike,charging,193.0,25.62,20.0,
369.0,eRickshaw_reverse1.0,eRickshaw,charging,89.0,30.0,20.0,
369.0,easyBike_reverse1.1,easyBike,charging,64.0,25.63,20.0,
369.0,eRickshaw_reverse2.0,eRickshaw,waiting,,0.0,0.0,43.0
369.0,easyBike_reverse1.4,easyBike,waiting,,0.0,0.0,32.0
370.0,easyBike_reverse1.2,easyBike,charging,111.0,25.61,20.0,
370.0,easyBike_reverse1.0,easyBike,charging,194.0,25.62,20.0,
370.0,eRickshaw_reverse1.0,eRickshaw,charging,90.0,30.0,20.0,
370.0,easyBike_reverse1.1,easyBike,charging,65.0,25.63,20.0,
370.0,eRickshaw_reverse2.0,eRickshaw,waiting,,0.0,0.0,44.0
370.0,easyBike_reverse1.4,easyBike,waiting,,0.0,0.0,33.0
371.0,easyBike_reverse1.2,easyBike,charging,112.0,25.61,20.0,
371.0,easyBike_reverse1.0,easyBike,charging,195.0,25.62,20.0,
371.0,eRickshaw_reverse1.0,eRickshaw,charging,91.0,30.0,20.0,
371.0,easyBike_reverse1.1,easyBike,charging,66.0,25.63,20.0,
371.0,eRickshaw_reverse2.0,eRickshaw,waiting,,0.0,0.0,45.0
371.0,easyBike_reverse1.4,easyBike,waiting,,0.0,0.0,34.0
372.0,easyBike_reverse1.2,easyBike,charging,113.0,25.61,20.0,
372.0,easyBike_reverse1.0,easyBike,charging,196.0,25.62,20.0,
372.0,eRickshaw_reverse1.0,eRickshaw,charging,92.0,30.0,20.0,
372.0,easyBike_reverse1.1,easyBike,charging,67.0,25.63,20.0,
372.0,eRickshaw_reverse2.0,eRickshaw,waiting,,0.0,0.0,46.0
372.0,easyBike_reverse1.4,easyBike,waiting,,0.0,0.0,35.0
373.0,easyBike_reverse1.2,easyBike,charging,114.0,25.61,20.0,
373.0,easyBike_reverse1.0,easyBike,charging,197.0,25.62,20.0,
373.0,eRickshaw_reverse1.0,eRickshaw,charging,93.0,30.0,20.0,
373.0,easyBike_reverse1.1,easyBike,charging,68.0,25.63,20.0,
373.0,eRickshaw_reverse2.0,eRickshaw,waiting,,0.0,0.0,47.0
373.0,easyBike_reverse1.4,easyBike,waiting,,0.0,0.0,36.0
374.0,easyBike_reverse1.2,easyBike,charging,115.0,25.61,20.0,
374.0,easyBike_reverse1.0,easyBike,charging,198.0,25.62,20.0,
374.0,eRickshaw_reverse1.0,eRickshaw,charging,94.0,30.0,20.0,
374.0,easyBike_reverse1.1,easyBike,charging,69.0,25.63,20.0,
374.0,eRickshaw_reverse2.0,eRickshaw,waiting,,0.0,0.0,48.0
374.0,easyBike_reverse1.4,easyBike,waiting,,0.0,0.0,37.0
375.0,easyBike_reverse1.2,easyBike,charging,116.0,25.61,20.0,
375.0,easyBike_reverse1.0,easyBike,charging,199.0,25.62,20.0,
375.0,eRickshaw_reverse1.0,eRickshaw,charging,95.0,30.0,20.0,
375.0,easyBike_reverse1.1,easyBike,charging,70.0,25.63,20.0,
375.0,eRickshaw_reverse2.0,eRickshaw,waiting,,0.0,0.0,49.0
375.0,easyBike_reverse1.4,easyBike,waiting,,0.0,0.0,38.0
376.0,easyBike_reverse1.2,easyBike,charging,117.0,25.61,20.0,
376.0,easyBike_reverse1.0,easyBike,charging,200.0,25.62,20.0,
376.0,eRickshaw_reverse1.0,eRickshaw,charging,96.0,30.0,20.0,
376.0,easyBike_reverse1.1,easyBike,charging,71.0,25.63,20.0,
376.0,eRickshaw_reverse2.0,eRickshaw,waiting,,0.0,0.0,50.0
376.0,easyBike_reverse1.4,easyBike,waiting,,0.0,0.0,39.0
377.0,easyBike_reverse1.2,easyBike,charging,118.0,25.61,20.0,
377.0,easyBike_reverse1.0,easyBike,charging,201.0,25.62,20.0,
377.0,eRickshaw_reverse1.0,eRickshaw,charging,97.0,30.0,20.0,
377.0,easyBike_reverse1.1,easyBike,charging,72.0,25.63,20.0,
377.0,eRickshaw_reverse2.0,eRickshaw,waiting,,0.0,0.0,51.0
377.0,easyBike_reverse1.4,easyBike,waiting,,0.0,0.0,40.0
378.0,easyBike_reverse1.2,easyBike,charging,119.0,25.61,20.0,
378.0,easyBike_reverse1.0,easyBike,charging,202.0,25.62,20.0,
378.0,eRickshaw_reverse1.0,eRickshaw,charging,98.0,30.0,20.0,
378.0,easyBike_reverse1.1,easyBike,charging,73.0,25.63,20.0,
378.0,eRickshaw_reverse2.0,eRickshaw,waiting,,0.0,0.0,52.0
378.0,easyBike_reverse1.4,easyBike,waiting,,0.0,0.0,41.0
379.0,easyBike_reverse1.2,easyBike,charging,120.0,25.61,20.0,
379.0,easyBike_reverse1.0,easyBike,charging,203.0,25.62,20.0,
379.0,eRickshaw_reverse1.0,eRickshaw,charging,99.0,30.0,20.0,
379.0,easyBike_reverse1.1,easyBike,charging,74.0,25.63,20.0,
379.0,eRickshaw_reverse2.0,eRickshaw,waiting,,0.0,0.0,53.0
379.0,easyBike_reverse1.4,easyBike,waiting,,0.0,0.0,42.0
380.0,easyBike_reverse1.2,easyBike,charging,121.0,25.61,20.0,
380.0,easyBike_reverse1.0,easyBike,charging,204.0,25.62,20.0,
380.0,eRickshaw_reverse1.0,eRickshaw,charging,100.0,30.0,20.0,
380.0,easyBike_reverse1.1,easyBike,charging,75.0,25.63,20.0,
380.0,eRickshaw_reverse2.0,eRickshaw,waiting,,0.0,0.0,54.0
380.0,easyBike_reverse1.4,easyBike,waiting,,0.0,0.0,43.0
381.0,easyBike_reverse1.2,easyBike,charging,122.0,25.61,20.0,
381.0,easyBike_reverse1.0,easyBike,charging,205.0,25.62,20.0,
381.0,eRickshaw_reverse1.0,eRickshaw,charging,101.0,30.0,20.0,
381.0,easyBike_reverse1.1,easyBike,charging,76.0,25.63,20.0,
381.0,eRickshaw_reverse2.0,eRickshaw,waiting,,0.0,0.0,55.0
381.0,easyBike_reverse1.4,easyBike,waiting,,0.0,0.0,44.0
382.0,easyBike_reverse1.2,easyBike,charging,123.0,25.61,20.0,
382.0,easyBike_reverse1.0,easyBike,charging,206.0,25.62,20.0,
382.0,eRickshaw_reverse1.0,eRickshaw,charging,102.0,30.0,20.0,
382.0,easyBike_reverse1.1,easyBike,charging,77.0,25.63,20.0,
382.0,eRickshaw_reverse2.0,eRickshaw,waiting,,0.0,0.0,56.0
382.0,easyBike_reverse1.4,easyBike,waiting,,0.0,0.0,45.0
383.0,easyBike_reverse1.2,easyBike,charging,124.0,25.61,20.0,
383.0,easyBike_reverse1.0,easyBike,charging,207.0,25.62,20.0,
383.0,eRickshaw_reverse1.0,eRickshaw,charging,103.0,30.0,20.0,
383.0,easyBike_reverse1.1,easyBike,charging,78.0,25.63,20.0,
383.0,eRickshaw_reverse2.0,eRickshaw,waiting,,0.0,0.0,57.0
383.0,easyBike_reverse1.4,easyBike,waiting,,0.0,0.0,46.0
384.0,easyBike_reverse1.2,easyBike,charging,125.0,25.61,20.0,
384.0,easyBike_reverse1.0,easyBike,charging,208.0,25.62,20.0,
384.0,eRickshaw_reverse1.0,eRickshaw,charging,104.0,30.0,20.0,
384.0,easyBike_reverse1.1,easyBike,charging,79.0,25.63,20.0,
384.0,eRickshaw_reverse2.0,eRickshaw,waiting,,0.0,0.0,58.0
384.0,easyBike_reverse1.4,easyBike,waiting,,0.0,0.0,47.0
385.0,easyBike_reverse1.2,easyBike,charging,126.0,25.61,20.0,
385.0,easyBike_reverse1.0,easyBike,charging,209.0,25.62,20.0,
385.0,eRickshaw_reverse1.0,eRickshaw,charging,105.0,30.0,20.0,
385.0,easyBike_reverse1.1,easyBike,charging,80.0,25.63,20.0,
385.0,eRickshaw_reverse2.0,eRickshaw,waiting,,0.0,0.0,59.0
385.0,easyBike_reverse1.4,easyBike,waiting,,0.0,0.0,48.0
386.0,easyBike_reverse1.2,easyBike,charging,127.0,25.61,20.0,
386.0,easyBike_reverse1.0,easyBike,charging,210.0,25.62,20.0,
386.0,eRickshaw_reverse1.0,eRickshaw,charging,106.0,30.0,20.0,
386.0,easyBike_reverse1.1,easyBike,charging,81.0,25.63,20.0,
386.0,eRickshaw_reverse2.0,eRickshaw,waiting,,0.0,0.0,60.0
386.0,easyBike_reverse1.4,easyBike,waiting,,0.0,0.0,49.0
387.0,easyBike_reverse1.2,easyBike,charging,128.0,25.61,20.0,
387.0,easyBike_reverse1.0,easyBike,charging,211.0,25.62,20.0,
387.0,eRickshaw_reverse1.0,eRickshaw,charging,107.0,30.0,20.0,
387.0,easyBike_reverse1.1,easyBike,charging,82.0,25.63,20.0,
387.0,eRickshaw_reverse2.0,eRickshaw,waiting,,0.0,0.0,61.0
387.0,easyBike_reverse1.4,easyBike,waiting,,0.0,0.0,50.0
387.0,easyBike_reverse1.3,easyBike,waiting,,0.0,0.0,0.0
388.0,easyBike_reverse1.2,easyBike,charging,129.0,25.61,20.0,
388.0,easyBike_reverse1.0,easyBike,charging,212.0,25.62,20.0,
388.0,eRickshaw_reverse1.0,eRickshaw,charging,108.0,30.0,20.0,
388.0,easyBike_reverse1.1,easyBike,charging,83.0,25.63,20.0,
388.0,eRickshaw_reverse2.0,eRickshaw,waiting,,0.0,0.0,62.0
388.0,easyBike_reverse1.4,easyBike,waiting,,0.0,0.0,51.0
388.0,easyBike_reverse1.3,easyBike,waiting,,0.0,0.0,1.0
389.0,easyBike_reverse1.2,easyBike,charging,130.0,25.61,20.0,
389.0,easyBike_reverse1.0,easyBike,charging,213.0,25.62,20.0,
389.0,eRickshaw_reverse1.0,eRickshaw,charging,109.0,30.0,20.0,
389.0,easyBike_reverse1.1,easyBike,charging,84.0,25.63,20.0,
389.0,eRickshaw_reverse2.0,eRickshaw,waiting,,0.0,0.0,63.0
389.0,easyBike_reverse1.4,easyBike,waiting,,0.0,0.0,52.0
389.0,easyBike_reverse1.3,easyBike,waiting,,0.0,0.0,2.0
390.0,easyBike_reverse1.2,easyBike,charging,131.0,25.61,20.0,
390.0,easyBike_reverse1.0,easyBike,charging,214.0,25.62,20.0,
390.0,eRickshaw_reverse1.0,eRickshaw,charging,110.0,30.0,20.0,
390.0,easyBike_reverse1.1,easyBike,charging,85.0,25.63,20.0,
390.0,eRickshaw_reverse2.0,eRickshaw,waiting,,0.0,0.0,64.0
390.0,easyBike_reverse1.4,easyBike,waiting,,0.0,0.0,53.0
390.0,easyBike_reverse1.3,easyBike,waiting,,0.0,0.0,3.0
391.0,easyBike_reverse1.2,easyBike,charging,132.0,25.61,20.0,
391.0,easyBike_reverse1.0,easyBike,charging,215.0,25.62,20.0,
391.0,eRickshaw_reverse1.0,eRickshaw,charging,111.0,30.0,20.0,
391.0,easyBike_reverse1.1,easyBike,charging,86.0,25.63,20.0,
391.0,eRickshaw_reverse2.0,eRickshaw,waiting,,0.0,0.0,65.0
391.0,easyBike_reverse1.4,easyBike,waiting,,0.0,0.0,54.0
391.0,easyBike_reverse1.3,easyBike,waiting,,0.0,0.0,4.0
392.0,easyBike_reverse1.2,easyBike,charging,133.0,25.61,20.0,
392.0,easyBike_reverse1.0,easyBike,charging,216.0,25.62,20.0,
392.0,eRickshaw_reverse1.0,eRickshaw,charging,112.0,30.0,20.0,
392.0,easyBike_reverse1.1,easyBike,charging,87.0,25.63,20.0,
392.0,eRickshaw_reverse2.0,eRickshaw,waiting,,0.0,0.0,66.0
392.0,easyBike_reverse1.4,easyBike,waiting,,0.0,0.0,55.0
392.0,easyBike_reverse1.3,easyBike,waiting,,0.0,0.0,5.0
393.0,easyBike_reverse1.2,easyBike,charging,134.0,25.61,20.0,
393.0,easyBike_reverse1.0,easyBike,charging,217.0,25.62,20.0,
393.0,eRickshaw_reverse1.0,eRickshaw,charging,113.0,30.0,20.0,
393.0,easyBike_reverse1.1,easyBike,charging,88.0,25.63,20.0,
393.0,eRickshaw_reverse2.0,eRickshaw,waiting,,0.0,0.0,67.0
393.0,easyBike_reverse1.4,easyBike,waiting,,0.0,0.0,56.0
393.0,easyBike_reverse1.3,easyBike,waiting,,0.0,0.0,6.0
394.0,easyBike_reverse1.2,easyBike,charging,135.0,25.61,20.0,
394.0,easyBike_reverse1.0,easyBike,charging,218.0,25.62,20.0,
394.0,eRickshaw_reverse1.0,eRickshaw,charging,114.0,30.0,20.0,
394.0,easyBike_reverse1.1,easyBike,charging,89.0,25.63,20.0,
394.0,eRickshaw_reverse2.0,eRickshaw,waiting,,0.0,0.0,68.0
394.0,easyBike_reverse1.4,easyBike,waiting,,0.0,0.0,57.0
394.0,easyBike_reverse1.3,easyBike,waiting,,0.0,0.0,7.0
395.0,easyBike_reverse1.2,easyBike,charging,136.0,25.61,20.0,
395.0,easyBike_reverse1.0,easyBike,charging,219.0,25.62,20.0,
395.0,eRickshaw_reverse1.0,eRickshaw,charging,115.0,30.0,20.0,
395.0,easyBike_reverse1.1,easyBike,charging,90.0,25.63,20.0,
395.0,eRickshaw_reverse2.0,eRickshaw,waiting,,0.0,0.0,69.0
395.0,easyBike_reverse1.4,easyBike,waiting,,0.0,0.0,58.0
395.0,easyBike_reverse1.3,easyBike,waiting,,0.0,0.0,8.0
396.0,easyBike_reverse1.2,easyBike,charging,137.0,25.61,20.0,
396.0,easyBike_reverse1.0,easyBike,charging,220.0,25.62,20.0,
396.0,eRickshaw_reverse1.0,eRickshaw,charging,116.0,30.0,20.0,
396.0,easyBike_reverse1.1,easyBike,charging,91.0,25.63,20.0,
396.0,eRickshaw_reverse2.0,eRickshaw,waiting,,0.0,0.0,70.0
396.0,easyBike_reverse1.4,easyBike,waiting,,0.0,0.0,59.0
396.0,easyBike_reverse1.3,easyBike,waiting,,0.0,0.0,9.0
397.0,easyBike_reverse1.2,easyBike,charging,138.0,25.61,20.0,
397.0,easyBike_reverse1.0,easyBike,charging,221.0,25.62,20.0,
397.0,eRickshaw_reverse1.0,eRickshaw,charging,117.0,30.0,20.0,
397.0,easyBike_reverse1.1,easyBike,charging,92.0,25.63,20.0,
397.0,eRickshaw_reverse2.0,eRickshaw,waiting,,0.0,0.0,71.0
397.0,easyBike_reverse1.4,easyBike,waiting,,0.0,0.0,60.0
397.0,easyBike_reverse1.3,easyBike,waiting,,0.0,0.0,10.0
398.0,easyBike_reverse1.2,easyBike,charging,139.0,25.61,20.0,
398.0,easyBike_reverse1.0,easyBike,charging,222.0,25.62,20.0,
398.0,eRickshaw_reverse1.0,eRickshaw,charging,118.0,30.0,20.0,
398.0,easyBike_reverse1.1,easyBike,charging,93.0,25.63,20.0,
398.0,eRickshaw_reverse2.0,eRickshaw,waiting,,0.0,0.0,72.0
398.0,easyBike_reverse1.4,easyBike,waiting,,0.0,0.0,61.0
398.0,easyBike_reverse1.3,easyBike,waiting,,0.0,0.0,11.0
399.0,easyBike_reverse1.2,easyBike,charging,140.0,25.61,20.0,
399.0,easyBike_reverse1.0,easyBike,charging,223.0,25.62,20.0,
399.0,eRickshaw_reverse1.0,eRickshaw,charging,119.0,30.0,20.0,
399.0,easyBike_reverse1.1,easyBike,charging,94.0,25.63,20.0,
399.0,eRickshaw_reverse2.0,eRickshaw,waiting,,0.0,0.0,73.0
399.0,easyBike_reverse1.4,easyBike,waiting,,0.0,0.0,62.0
399.0,easyBike_reverse1.3,easyBike,waiting,,0.0,0.0,12.0
400.0,easyBike_reverse1.2,easyBike,charging,141.0,25.61,20.0,
400.0,easyBike_reverse1.0,easyBike,charging,224.0,25.62,20.0,
400.0,eRickshaw_reverse1.0,eRickshaw,charging,120.0,30.0,20.0,
400.0,easyBike_reverse1.1,easyBike,charging,95.0,25.63,20.0,
400.0,eRickshaw_reverse2.0,eRickshaw,waiting,,0.0,0.0,74.0
400.0,easyBike_reverse1.4,easyBike,waiting,,0.0,0.0,63.0
400.0,easyBike_reverse1.3,easyBike,waiting,,0.0,0.0,13.0
401.0,easyBike_reverse1.2,easyBike,charging,142.0,25.61,20.0,
401.0,easyBike_reverse1.0,easyBike,charging,225.0,25.62,20.0,
401.0,eRickshaw_reverse1.0,eRickshaw,charging,121.0,30.0,20.0,
401.0,easyBike_reverse1.1,easyBike,charging,96.0,25.63,20.0,
401.0,eRickshaw_reverse2.0,eRickshaw,waiting,,0.0,0.0,75.0
401.0,easyBike_reverse1.4,easyBike,waiting,,0.0,0.0,64.0
401.0,easyBike_reverse1.3,easyBike,waiting,,0.0,0.0,14.0
402.0,easyBike_reverse1.2,easyBike,charging,143.0,25.61,20.0,
402.0,easyBike_reverse1.0,easyBike,charging,226.0,25.62,20.0,
402.0,eRickshaw_reverse1.0,eRickshaw,charging,122.0,30.0,20.0,
402.0,easyBike_reverse1.1,easyBike,charging,97.0,25.63,20.0,
402.0,eRickshaw_reverse2.0,eRickshaw,waiting,,0.0,0.0,76.0
402.0,easyBike_reverse1.4,easyBike,waiting,,0.0,0.0,65.0
402.0,easyBike_reverse1.3,easyBike,waiting,,0.0,0.0,15.0
403.0,easyBike_reverse1.2,easyBike,charging,144.0,25.61,20.0,
403.0,easyBike_reverse1.0,easyBike,charging,227.0,25.62,20.0,
403.0,eRickshaw_reverse1.0,eRickshaw,charging,123.0,30.0,20.0,
403.0,easyBike_reverse1.1,easyBike,charging,98.0,25.63,20.0,
403.0,eRickshaw_reverse2.0,eRickshaw,waiting,,0.0,0.0,77.0
403.0,easyBike_reverse1.4,easyBike,waiting,,0.0,0.0,66.0
403.0,easyBike_reverse1.3,easyBike,waiting,,0.0,0.0,16.0
404.0,easyBike_reverse1.2,easyBike,charging,145.0,25.61,20.0,
404.0,easyBike_reverse1.0,easyBike,charging,228.0,25.62,20.0,
404.0,eRickshaw_reverse1.0,eRickshaw,charging,124.0,30.0,20.0,
404.0,easyBike_reverse1.1,easyBike,charging,99.0,25.63,20.0,
404.0,eRickshaw_reverse2.0,eRickshaw,waiting,,0.0,0.0,78.0
404.0,easyBike_reverse1.4,easyBike,waiting,,0.0,0.0,67.0
404.0,easyBike_reverse1.3,easyBike,waiting,,0.0,0.0,17.0
405.0,easyBike_reverse1.2,easyBike,charging,146.0,25.61,20.0,
405.0,easyBike_reverse1.0,easyBike,charging,229.0,25.62,20.0,
405.0,eRickshaw_reverse1.0,eRickshaw,charging,125.0,30.0,20.0,
405.0,easyBike_reverse1.1,easyBike,charging,100.0,25.63,20.0,
405.0,eRickshaw_reverse2.0,eRickshaw,waiting,,0.0,0.0,79.0
405.0,easyBike_reverse1.4,easyBike,waiting,,0.0,0.0,68.0
405.0,easyBike_reverse1.3,easyBike,waiting,,0.0,0.0,18.0
406.0,easyBike_reverse1.2,easyBike,charging,147.0,25.61,20.0,
406.0,easyBike_reverse1.0,easyBike,charging,230.0,25.62,20.0,
406.0,eRickshaw_reverse1.0,eRickshaw,charging,126.0,30.0,20.0,
406.0,easyBike_reverse1.1,easyBike,charging,101.0,25.63,20.0,
406.0,eRickshaw_reverse2.0,eRickshaw,waiting,,0.0,0.0,80.0
406.0,easyBike_reverse1.4,easyBike,waiting,,0.0,0.0,69.0
406.0,easyBike_reverse1.3,easyBike,waiting,,0.0,0.0,19.0
407.0,easyBike_reverse1.2,easyBike,charging,148.0,25.61,20.0,
407.0,easyBike_reverse1.0,easyBike,charging,231.0,25.62,20.0,
407.0,eRickshaw_reverse1.0,eRickshaw,charging,127.0,30.0,20.0,
407.0,easyBike_reverse1.1,easyBike,charging,102.0,25.63,20.0,
407.0,eRickshaw_reverse2.0,eRickshaw,waiting,,0.0,0.0,81.0
407.0,easyBike_reverse1.4,easyBike,waiting,,0.0,0.0,70.0
407.0,easyBike_reverse1.3,easyBike,waiting,,0.0,0.0,20.0
408.0,easyBike_reverse1.2,easyBike,charging,149.0,25.61,20.0,
408.0,easyBike_reverse1.0,easyBike,charging,232.0,25.62,20.0,
408.0,eRickshaw_reverse1.0,eRickshaw,charging,128.0,30.0,20.0,
408.0,easyBike_reverse1.1,easyBike,charging,103.0,25.63,20.0,
408.0,eRickshaw_reverse2.0,eRickshaw,waiting,,0.0,0.0,82.0
408.0,easyBike_reverse1.4,easyBike,waiting,,0.0,0.0,71.0
408.0,easyBike_reverse1.3,easyBike,waiting,,0.0,0.0,21.0
409.0,easyBike_reverse1.2,easyBike,charging,150.0,25.61,20.0,
409.0,easyBike_reverse1.0,easyBike,charging,233.0,25.62,20.0,
409.0,eRickshaw_reverse1.0,eRickshaw,charging,129.0,30.0,20.0,
409.0,easyBike_reverse1.1,easyBike,charging,104.0,25.63,20.0,
409.0,eRickshaw_reverse2.0,eRickshaw,waiting,,0.0,0.0,83.0
409.0,easyBike_reverse1.4,easyBike,waiting,,0.0,0.0,72.0
409.0,easyBike_reverse1.3,easyBike,waiting,,0.0,0.0,22.0
410.0,easyBike_reverse1.2,easyBike,charging,151.0,25.61,20.0,
410.0,easyBike_reverse1.0,easyBike,charging,234.0,25.62,20.0,
410.0,eRickshaw_reverse1.0,eRickshaw,charging,130.0,30.0,20.0,
410.0,easyBike_reverse1.1,easyBike,charging,105.0,25.63,20.0,
410.0,eRickshaw_reverse2.0,eRickshaw,waiting,,0.0,0.0,84.0
410.0,easyBike_reverse1.4,easyBike,waiting,,0.0,0.0,73.0
410.0,easyBike_reverse1.3,easyBike,waiting,,0.0,0.0,23.0
411.0,easyBike_reverse1.2,easyBike,charging,152.0,25.61,20.0,
411.0,easyBike_reverse1.0,easyBike,charging,235.0,25.62,20.0,
411.0,eRickshaw_reverse1.0,eRickshaw,charging,131.0,30.0,20.0,
411.0,easyBike_reverse1.1,easyBike,charging,106.0,25.63,20.0,
411.0,eRickshaw_reverse2.0,eRickshaw,waiting,,0.0,0.0,85.0
411.0,easyBike_reverse1.4,easyBike,waiting,,0.0,0.0,74.0
411.0,easyBike_reverse1.3,easyBike,waiting,,0.0,0.0,24.0
412.0,easyBike_reverse1.2,easyBike,charging,153.0,25.61,20.0,
412.0,easyBike_reverse1.0,easyBike,charging,236.0,25.62,20.0,
412.0,eRickshaw_reverse1.0,eRickshaw,charging,132.0,30.0,20.0,
412.0,easyBike_reverse1.1,easyBike,charging,107.0,25.63,20.0,
412.0,eRickshaw_reverse2.0,eRickshaw,waiting,,0.0,0.0,86.0
412.0,easyBike_reverse1.4,easyBike,waiting,,0.0,0.0,75.0
412.0,easyBike_reverse1.3,easyBike,waiting,,0.0,0.0,25.0
413.0,easyBike_reverse1.2,easyBike,charging,154.0,25.61,20.0,
413.0,easyBike_reverse1.0,easyBike,charging,237.0,25.62,20.0,
413.0,eRickshaw_reverse1.0,eRickshaw,charging,133.0,30.0,20.0,
413.0,easyBike_reverse1.1,easyBike,charging,108.0,25.63,20.0,
413.0,eRickshaw_reverse2.0,eRickshaw,waiting,,0.0,0.0,87.0
413.0,easyBike_reverse1.4,easyBike,waiting,,0.0,0.0,76.0
413.0,easyBike_reverse1.3,easyBike,waiting,,0.0,0.0,26.0
414.0,easyBike_reverse1.2,easyBike,charging,155.0,25.61,20.0,
414.0,easyBike_reverse1.0,easyBike,charging,238.0,25.62,20.0,
414.0,eRickshaw_reverse1.0,eRickshaw,charging,134.0,30.0,20.0,
414.0,easyBike_reverse1.1,easyBike,charging,109.0,25.63,20.0,
414.0,eRickshaw_reverse2.0,eRickshaw,waiting,,0.0,0.0,88.0
414.0,easyBike_reverse1.4,easyBike,waiting,,0.0,0.0,77.0
414.0,easyBike_reverse1.3,easyBike,waiting,,0.0,0.0,27.0
415.0,easyBike_reverse1.2,easyBike,charging,156.0,25.61,20.0,
415.0,easyBike_reverse1.0,easyBike,charging,239.0,25.62,20.0,
415.0,eRickshaw_reverse1.0,eRickshaw,charging,135.0,30.0,20.0,
415.0,easyBike_reverse1.1,easyBike,charging,110.0,25.63,20.0,
415.0,eRickshaw_reverse2.0,eRickshaw,waiting,,0.0,0.0,89.0
415.0,easyBike_reverse1.4,easyBike,waiting,,0.0,0.0,78.0
415.0,easyBike_reverse1.3,easyBike,waiting,,0.0,0.0,28.0
416.0,easyBike_reverse1.2,easyBike,charging,157.0,25.61,20.0,
416.0,easyBike_reverse1.0,easyBike,charging,240.0,25.62,20.0,
416.0,eRickshaw_reverse1.0,eRickshaw,charging,136.0,30.0,20.0,
416.0,easyBike_reverse1.1,easyBike,charging,111.0,25.63,20.0,
416.0,eRickshaw_reverse2.0,eRickshaw,waiting,,0.0,0.0,90.0
416.0,easyBike_reverse1.4,easyBike,waiting,,0.0,0.0,79.0
416.0,easyBike_reverse1.3,easyBike,waiting,,0.0,0.0,29.0
417.0,easyBike_reverse1.2,easyBike,charging,158.0,25.61,20.0,
417.0,easyBike_reverse1.0,easyBike,charging,241.0,25.62,20.0,
417.0,eRickshaw_reverse1.0,eRickshaw,charging,137.0,30.0,20.0,
417.0,easyBike_reverse1.1,easyBike,charging,112.0,25.63,20.0,
417.0,eRickshaw_reverse2.0,eRickshaw,waiting,,0.0,0.0,91.0
417.0,easyBike_reverse1.4,easyBike,waiting,,0.0,0.0,80.0
417.0,easyBike_reverse1.3,easyBike,waiting,,0.0,0.0,30.0
418.0,easyBike_reverse1.2,easyBike,charging,159.0,25.61,20.0,
418.0,easyBike_reverse1.0,easyBike,charging,242.0,25.62,20.0,
418.0,eRickshaw_reverse1.0,eRickshaw,charging,138.0,30.0,20.0,
418.0,easyBike_reverse1.1,easyBike,charging,113.0,25.63,20.0,
418.0,eRickshaw_reverse2.0,eRickshaw,waiting,,0.0,0.0,92.0
418.0,easyBike_reverse1.4,easyBike,waiting,,0.0,0.0,81.0
418.0,easyBike_reverse1.3,easyBike,waiting,,0.0,0.0,31.0
419.0,easyBike_reverse1.2,easyBike,charging,160.0,25.61,20.0,
419.0,easyBike_reverse1.0,easyBike,charging,243.0,25.62,20.0,
419.0,eRickshaw_reverse1.0,eRickshaw,charging,139.0,30.0,20.0,
419.0,easyBike_reverse1.1,easyBike,charging,114.0,25.63,20.0,
419.0,eRickshaw_reverse2.0,eRickshaw,waiting,,0.0,0.0,93.0
419.0,easyBike_reverse1.4,easyBike,waiting,,0.0,0.0,82.0
419.0,easyBike_reverse1.3,easyBike,waiting,,0.0,0.0,32.0
420.0,easyBike_reverse1.2,easyBike,charging,161.0,25.61,20.0,
420.0,easyBike_reverse1.0,easyBike,charging,244.0,25.62,20.0,
420.0,eRickshaw_reverse1.0,eRickshaw,charging,140.0,30.0,20.0,
420.0,easyBike_reverse1.1,easyBike,charging,115.0,25.63,20.0,
420.0,eRickshaw_reverse2.0,eRickshaw,waiting,,0.0,0.0,94.0
420.0,easyBike_reverse1.4,easyBike,waiting,,0.0,0.0,83.0
420.0,easyBike_reverse1.3,easyBike,waiting,,0.0,0.0,33.0
421.0,easyBike_reverse1.2,easyBike,charging,162.0,25.61,20.0,
421.0,easyBike_reverse1.0,easyBike,charging,245.0,25.62,20.0,
421.0,eRickshaw_reverse1.0,eRickshaw,charging,141.0,30.0,20.0,
421.0,easyBike_reverse1.1,easyBike,charging,116.0,25.63,20.0,
421.0,eRickshaw_reverse2.0,eRickshaw,waiting,,0.0,0.0,95.0
421.0,easyBike_reverse1.4,easyBike,waiting,,0.0,0.0,84.0
421.0,easyBike_reverse1.3,easyBike,waiting,,0.0,0.0,34.0
422.0,easyBike_reverse1.2,easyBike,charging,163.0,25.61,20.0,
422.0,easyBike_reverse1.0,easyBike,charging,246.0,25.62,20.0,
422.0,eRickshaw_reverse1.0,eRickshaw,charging,142.0,30.0,20.0,
422.0,easyBike_reverse1.1,easyBike,charging,117.0,25.63,20.0,
422.0,eRickshaw_reverse2.0,eRickshaw,waiting,,0.0,0.0,96.0
422.0,easyBike_reverse1.4,easyBike,waiting,,0.0,0.0,85.0
422.0,easyBike_reverse1.3,easyBike,waiting,,0.0,0.0,35.0
423.0,easyBike_reverse1.2,easyBike,charging,164.0,25.61,20.0,
423.0,easyBike_reverse1.0,easyBike,charging,247.0,25.62,20.0,
423.0,eRickshaw_reverse1.0,eRickshaw,charging,143.0,30.0,20.0,
423.0,easyBike_reverse1.1,easyBike,charging,118.0,25.63,20.0,
423.0,eRickshaw_reverse2.0,eRickshaw,waiting,,0.0,0.0,97.0
423.0,easyBike_reverse1.4,easyBike,waiting,,0.0,0.0,86.0
423.0,easyBike_reverse1.3,easyBike,waiting,,0.0,0.0,36.0
424.0,easyBike_reverse1.2,easyBike,charging,165.0,25.61,20.0,
424.0,easyBike_reverse1.0,easyBike,charging,248.0,25.62,20.0,
424.0,eRickshaw_reverse1.0,eRickshaw,charging,144.0,30.0,20.0,
424.0,easyBike_reverse1.1,easyBike,charging,119.0,25.63,20.0,
424.0,eRickshaw_reverse2.0,eRickshaw,waiting,,0.0,0.0,98.0
424.0,easyBike_reverse1.4,easyBike,waiting,,0.0,0.0,87.0
424.0,easyBike_reverse1.3,easyBike,waiting,,0.0,0.0,37.0
425.0,easyBike_reverse1.2,easyBike,charging,166.0,25.61,20.0,
425.0,easyBike_reverse1.0,easyBike,charging,249.0,25.62,20.0,
425.0,eRickshaw_reverse1.0,eRickshaw,charging,145.0,30.0,20.0,
425.0,easyBike_reverse1.1,easyBike,charging,120.0,25.63,20.0,
425.0,eRickshaw_reverse2.0,eRickshaw,waiting,,0.0,0.0,99.0
425.0,easyBike_reverse1.4,easyBike,waiting,,0.0,0.0,88.0
425.0,easyBike_reverse1.3,easyBike,waiting,,0.0,0.0,38.0
426.0,easyBike_reverse1.2,easyBike,charging,167.0,25.61,20.0,
426.0,easyBike_reverse1.0,easyBike,charging,250.0,25.62,20.0,
426.0,eRickshaw_reverse1.0,eRickshaw,charging,146.0,30.0,20.0,
426.0,easyBike_reverse1.1,easyBike,charging,121.0,25.63,20.0,
426.0,eRickshaw_reverse2.0,eRickshaw,waiting,,0.0,0.0,100.0
426.0,easyBike_reverse1.4,easyBike,waiting,,0.0,0.0,89.0
426.0,easyBike_reverse1.3,easyBike,waiting,,0.0,0.0,39.0
427.0,easyBike_reverse1.2,easyBike,charging,168.0,25.61,20.0,
427.0,easyBike_reverse1.0,easyBike,charging,251.0,25.62,20.0,
427.0,eRickshaw_reverse1.0,eRickshaw,charging,147.0,30.0,20.0,
427.0,easyBike_reverse1.1,easyBike,charging,122.0,25.63,20.0,
427.0,eRickshaw_reverse2.0,eRickshaw,waiting,,0.0,0.0,101.0
427.0,easyBike_reverse1.4,easyBike,waiting,,0.0,0.0,90.0
427.0,easyBike_reverse1.3,easyBike,waiting,,0.0,0.0,40.0
428.0,easyBike_reverse1.2,easyBike,charging,169.0,25.61,20.0,
428.0,easyBike_reverse1.0,easyBike,charging,252.0,25.62,20.0,
428.0,eRickshaw_reverse1.0,eRickshaw,charging,148.0,30.0,20.0,
428.0,easyBike_reverse1.1,easyBike,charging,123.0,25.63,20.0,
428.0,eRickshaw_reverse2.0,eRickshaw,waiting,,0.0,0.0,102.0
428.0,easyBike_reverse1.4,easyBike,waiting,,0.0,0.0,91.0
428.0,easyBike_reverse1.3,easyBike,waiting,,0.0,0.0,41.0
429.0,easyBike_reverse1.2,easyBike,charging,170.0,25.61,20.0,
429.0,easyBike_reverse1.0,easyBike,charging,253.0,25.62,20.0,
429.0,eRickshaw_reverse1.0,eRickshaw,charging,149.0,30.0,20.0,
429.0,easyBike_reverse1.1,easyBike,charging,124.0,25.63,20.0,
429.0,eRickshaw_reverse2.0,eRickshaw,waiting,,0.0,0.0,103.0
429.0,easyBike_reverse1.4,easyBike,waiting,,0.0,0.0,92.0
429.0,easyBike_reverse1.3,easyBike,waiting,,0.0,0.0,42.0
430.0,easyBike_reverse1.2,easyBike,charging,171.0,25.61,20.0,
430.0,easyBike_reverse1.0,easyBike,charging,254.0,25.62,20.0,
430.0,eRickshaw_reverse1.0,eRickshaw,charging,150.0,30.0,20.0,
430.0,easyBike_reverse1.1,easyBike,charging,125.0,25.63,20.0,
430.0,eRickshaw_reverse2.0,eRickshaw,waiting,,0.0,0.0,104.0
430.0,easyBike_reverse1.4,easyBike,waiting,,0.0,0.0,93.0
430.0,easyBike_reverse1.3,easyBike,waiting,,0.0,0.0,43.0
431.0,easyBike_reverse1.2,easyBike,charging,172.0,25.61,20.0,
431.0,easyBike_reverse1.0,easyBike,charging,255.0,25.62,20.0,
431.0,eRickshaw_reverse1.0,eRickshaw,charging,151.0,30.0,20.0,
431.0,easyBike_reverse1.1,easyBike,charging,126.0,25.63,20.0,
431.0,eRickshaw_reverse2.0,eRickshaw,waiting,,0.0,0.0,105.0
431.0,easyBike_reverse1.4,easyBike,waiting,,0.0,0.0,94.0
431.0,easyBike_reverse1.3,easyBike,waiting,,0.0,0.0,44.0
432.0,easyBike_reverse1.2,easyBike,charging,173.0,25.61,20.0,
432.0,easyBike_reverse1.0,easyBike,charging,256.0,25.62,20.0,
432.0,eRickshaw_reverse1.0,eRickshaw,charging,152.0,30.0,20.0,
432.0,easyBike_reverse1.1,easyBike,charging,127.0,25.63,20.0,
432.0,eRickshaw_reverse2.0,eRickshaw,waiting,,0.0,0.0,106.0
432.0,easyBike_reverse1.4,easyBike,waiting,,0.0,0.0,95.0
432.0,easyBike_reverse1.3,easyBike,waiting,,0.0,0.0,45.0
433.0,easyBike_reverse1.2,easyBike,charging,174.0,25.61,20.0,
433.0,easyBike_reverse1.0,easyBike,charging,257.0,25.62,20.0,
433.0,eRickshaw_reverse1.0,eRickshaw,charging,153.0,30.0,20.0,
433.0,easyBike_reverse1.1,easyBike,charging,128.0,25.63,20.0,
433.0,eRickshaw_reverse2.0,eRickshaw,waiting,,0.0,0.0,107.0
433.0,easyBike_reverse1.4,easyBike,waiting,,0.0,0.0,96.0
433.0,easyBike_reverse1.3,easyBike,waiting,,0.0,0.0,46.0
434.0,easyBike_reverse1.2,easyBike,charging,175.0,25.61,20.0,
434.0,easyBike_reverse1.0,easyBike,charging,258.0,25.62,20.0,
434.0,eRickshaw_reverse1.0,eRickshaw,charging,154.0,30.0,20.0,
434.0,easyBike_reverse1.1,easyBike,charging,129.0,25.63,20.0,
434.0,eRickshaw_reverse2.0,eRickshaw,waiting,,0.0,0.0,108.0
434.0,easyBike_reverse1.4,easyBike,waiting,,0.0,0.0,97.0
434.0,easyBike_reverse1.3,easyBike,waiting,,0.0,0.0,47.0
435.0,easyBike_reverse1.2,easyBike,charging,176.0,25.61,20.0,
435.0,easyBike_reverse1.0,easyBike,charging,259.0,25.62,20.0,
435.0,eRickshaw_reverse1.0,eRickshaw,charging,155.0,30.0,20.0,
435.0,easyBike_reverse1.1,easyBike,charging,130.0,25.63,20.0,
435.0,eRickshaw_reverse2.0,eRickshaw,waiting,,0.0,0.0,109.0
435.0,easyBike_reverse1.4,easyBike,waiting,,0.0,0.0,98.0
435.0,easyBike_reverse1.3,easyBike,waiting,,0.0,0.0,48.0
436.0,easyBike_reverse1.2,easyBike,charging,177.0,25.61,20.0,
436.0,easyBike_reverse1.0,easyBike,charging,260.0,25.62,20.0,
436.0,eRickshaw_reverse1.0,eRickshaw,charging,156.0,30.0,20.0,
436.0,easyBike_reverse1.1,easyBike,charging,131.0,25.63,20.0,
436.0,eRickshaw_reverse2.0,eRickshaw,waiting,,0.0,0.0,110.0
436.0,easyBike_reverse1.4,easyBike,waiting,,0.0,0.0,99.0
436.0,easyBike_reverse1.3,easyBike,waiting,,0.0,0.0,49.0
437.0,easyBike_reverse1.2,easyBike,charging,178.0,25.61,20.0,
437.0,easyBike_reverse1.0,easyBike,charging,261.0,25.62,20.0,
437.0,eRickshaw_reverse1.0,eRickshaw,charging,157.0,30.0,20.0,
437.0,easyBike_reverse1.1,easyBike,charging,132.0,25.63,20.0,
437.0,eRickshaw_reverse2.0,eRickshaw,waiting,,0.0,0.0,111.0
437.0,easyBike_reverse1.4,easyBike,waiting,,0.0,0.0,100.0
437.0,easyBike_reverse1.3,easyBike,waiting,,0.0,0.0,50.0
438.0,easyBike_reverse1.2,easyBike,charging,179.0,25.61,20.0,
438.0,easyBike_reverse1.0,easyBike,charging,262.0,25.62,20.0,
438.0,eRickshaw_reverse1.0,eRickshaw,charging,158.0,30.0,20.0,
438.0,easyBike_reverse1.1,easyBike,charging,133.0,25.63,20.0,
438.0,eRickshaw_reverse2.0,eRickshaw,waiting,,0.0,0.0,112.0
438.0,easyBike_reverse1.4,easyBike,waiting,,0.0,0.0,101.0
438.0,easyBike_reverse1.3,easyBike,waiting,,0.0,0.0,51.0
439.0,easyBike_reverse1.2,easyBike,charging,180.0,25.61,20.0,
439.0,easyBike_reverse1.0,easyBike,charging,263.0,25.62,20.0,
439.0,eRickshaw_reverse1.0,eRickshaw,charging,159.0,30.0,20.0,
439.0,easyBike_reverse1.1,easyBike,charging,134.0,25.63,20.0,
439.0,eRickshaw_reverse2.0,eRickshaw,waiting,,0.0,0.0,113.0
439.0,easyBike_reverse1.4,easyBike,waiting,,0.0,0.0,102.0
439.0,easyBike_reverse1.3,easyBike,waiting,,0.0,0.0,52.0
440.0,easyBike_reverse1.2,easyBike,charging,181.0,25.61,20.0,
440.0,easyBike_reverse1.0,easyBike,charging,264.0,25.62,20.0,
440.0,eRickshaw_reverse1.0,eRickshaw,charging,160.0,30.0,20.0,
440.0,easyBike_reverse1.1,easyBike,charging,135.0,25.63,20.0,
440.0,eRickshaw_reverse2.0,eRickshaw,waiting,,0.0,0.0,114.0
440.0,easyBike_reverse1.4,easyBike,waiting,,0.0,0.0,103.0
440.0,easyBike_reverse1.3,easyBike,waiting,,0.0,0.0,53.0
441.0,easyBike_reverse1.2,easyBike,charging,182.0,25.61,20.0,
441.0,easyBike_reverse1.0,easyBike,charging,265.0,25.62,20.0,
441.0,eRickshaw_reverse1.0,eRickshaw,charging,161.0,30.0,20.0,
441.0,easyBike_reverse1.1,easyBike,charging,136.0,25.63,20.0,
441.0,eRickshaw_reverse2.0,eRickshaw,waiting,,0.0,0.0,115.0
441.0,easyBike_reverse1.4,easyBike,waiting,,0.0,0.0,104.0
441.0,easyBike_reverse1.3,easyBike,waiting,,0.0,0.0,54.0
442.0,easyBike_reverse1.2,easyBike,charging,183.0,25.61,20.0,
442.0,easyBike_reverse1.0,easyBike,charging,266.0,25.62,20.0,
442.0,eRickshaw_reverse1.0,eRickshaw,charging,162.0,30.0,20.0,
442.0,easyBike_reverse1.1,easyBike,charging,137.0,25.63,20.0,
442.0,eRickshaw_reverse2.0,eRickshaw,waiting,,0.0,0.0,116.0
442.0,easyBike_reverse1.4,easyBike,waiting,,0.0,0.0,105.0
442.0,easyBike_reverse1.3,easyBike,waiting,,0.0,0.0,55.0
443.0,easyBike_reverse1.2,easyBike,charging,184.0,25.61,20.0,
443.0,easyBike_reverse1.0,easyBike,charging,267.0,25.62,20.0,
443.0,eRickshaw_reverse1.0,eRickshaw,charging,163.0,30.0,20.0,
443.0,easyBike_reverse1.1,easyBike,charging,138.0,25.63,20.0,
443.0,eRickshaw_reverse2.0,eRickshaw,waiting,,0.0,0.0,117.0
443.0,easyBike_reverse1.4,easyBike,waiting,,0.0,0.0,106.0
443.0,easyBike_reverse1.3,easyBike,waiting,,0.0,0.0,56.0
444.0,easyBike_reverse1.2,easyBike,charging,185.0,25.61,20.0,
444.0,easyBike_reverse1.0,easyBike,charging,268.0,25.62,20.0,
444.0,eRickshaw_reverse1.0,eRickshaw,charging,164.0,30.0,20.0,
444.0,easyBike_reverse1.1,easyBike,charging,139.0,25.63,20.0,
444.0,eRickshaw_reverse2.0,eRickshaw,waiting,,0.0,0.0,118.0
444.0,easyBike_reverse1.4,easyBike,waiting,,0.0,0.0,107.0
444.0,easyBike_reverse1.3,easyBike,waiting,,0.0,0.0,57.0
445.0,easyBike_reverse1.2,easyBike,charging,186.0,25.61,20.0,
445.0,easyBike_reverse1.0,easyBike,charging,269.0,25.62,20.0,
445.0,eRickshaw_reverse1.0,eRickshaw,charging,165.0,30.0,20.0,
445.0,easyBike_reverse1.1,easyBike,charging,140.0,25.63,20.0,
445.0,eRickshaw_reverse2.0,eRickshaw,waiting,,0.0,0.0,119.0
445.0,easyBike_reverse1.4,easyBike,waiting,,0.0,0.0,108.0
445.0,easyBike_reverse1.3,easyBike,waiting,,0.0,0.0,58.0
446.0,easyBike_reverse1.2,easyBike,charging,187.0,25.61,20.0,
446.0,easyBike_reverse1.0,easyBike,charging,270.0,25.62,20.0,
446.0,eRickshaw_reverse1.0,eRickshaw,charging,166.0,30.0,20.0,
446.0,easyBike_reverse1.1,easyBike,charging,141.0,25.63,20.0,
446.0,eRickshaw_reverse2.0,eRickshaw,waiting,,0.0,0.0,120.0
446.0,easyBike_reverse1.4,easyBike,waiting,,0.0,0.0,109.0
446.0,easyBike_reverse1.3,easyBike,waiting,,0.0,0.0,59.0
447.0,easyBike_reverse1.2,easyBike,charging,188.0,25.61,20.0,
447.0,easyBike_reverse1.0,easyBike,charging,271.0,25.62,20.0,
447.0,eRickshaw_reverse1.0,eRickshaw,charging,167.0,30.0,20.0,
447.0,easyBike_reverse1.1,easyBike,charging,142.0,25.63,20.0,
447.0,eRickshaw_reverse2.0,eRickshaw,waiting,,0.0,0.0,121.0
447.0,easyBike_reverse1.4,easyBike,waiting,,0.0,0.0,110.0
447.0,easyBike_reverse1.3,easyBike,waiting,,0.0,0.0,60.0
448.0,easyBike_reverse1.2,easyBike,charging,189.0,25.61,20.0,
448.0,easyBike_reverse1.0,easyBike,charging,272.0,25.62,20.0,
448.0,eRickshaw_reverse1.0,eRickshaw,charging,168.0,30.0,20.0,
448.0,easyBike_reverse1.1,easyBike,charging,143.0,25.63,20.0,
448.0,eRickshaw_reverse2.0,eRickshaw,waiting,,0.0,0.0,122.0
448.0,easyBike_reverse1.4,easyBike,waiting,,0.0,0.0,111.0
448.0,easyBike_reverse1.3,easyBike,waiting,,0.0,0.0,61.0
449.0,easyBike_reverse1.2,easyBike,charging,190.0,25.61,20.0,
449.0,easyBike_reverse1.0,easyBike,charging,273.0,25.62,20.0,
449.0,eRickshaw_reverse1.0,eRickshaw,charging,169.0,30.0,20.0,
449.0,easyBike_reverse1.1,easyBike,charging,144.0,25.63,20.0,
449.0,eRickshaw_reverse2.0,eRickshaw,waiting,,0.0,0.0,123.0
449.0,easyBike_reverse1.4,easyBike,waiting,,0.0,0.0,112.0
449.0,easyBike_reverse1.3,easyBike,waiting,,0.0,0.0,62.0
450.0,easyBike_reverse1.2,easyBike,charging,191.0,25.61,20.0,
450.0,easyBike_reverse1.0,easyBike,charging,274.0,25.62,20.0,
450.0,eRickshaw_reverse1.0,eRickshaw,charging,170.0,30.0,20.0,
450.0,easyBike_reverse1.1,easyBike,charging,145.0,25.63,20.0,
450.0,eRickshaw_reverse2.0,eRickshaw,waiting,,0.0,0.0,124.0
450.0,easyBike_reverse1.4,easyBike,waiting,,0.0,0.0,113.0
450.0,easyBike_reverse1.3,easyBike,waiting,,0.0,0.0,63.0
451.0,easyBike_reverse1.2,easyBike,charging,192.0,25.61,20.0,
451.0,easyBike_reverse1.0,easyBike,charging,275.0,25.62,20.0,
451.0,eRickshaw_reverse1.0,eRickshaw,charging,171.0,30.0,20.0,
451.0,easyBike_reverse1.1,easyBike,charging,146.0,25.63,20.0,
451.0,eRickshaw_reverse2.0,eRickshaw,waiting,,0.0,0.0,125.0
451.0,easyBike_reverse1.4,easyBike,waiting,,0.0,0.0,114.0
451.0,easyBike_reverse1.3,easyBike,waiting,,0.0,0.0,64.0
452.0,easyBike_reverse1.2,easyBike,charging,193.0,25.61,20.0,
452.0,easyBike_reverse1.0,easyBike,charging,276.0,25.62,20.0,
452.0,eRickshaw_reverse1.0,eRickshaw,charging,172.0,30.0,20.0,
452.0,easyBike_reverse1.1,easyBike,charging,147.0,25.63,20.0,
452.0,eRickshaw_reverse2.0,eRickshaw,waiting,,0.0,0.0,126.0
452.0,easyBike_reverse1.4,easyBike,waiting,,0.0,0.0,115.0
452.0,easyBike_reverse1.3,easyBike,waiting,,0.0,0.0,65.0
453.0,easyBike_reverse1.2,easyBike,charging,194.0,25.61,20.0,
453.0,easyBike_reverse1.0,easyBike,charging,277.0,25.62,20.0,
453.0,eRickshaw_reverse1.0,eRickshaw,charging,173.0,30.0,20.0,
453.0,easyBike_reverse1.1,easyBike,charging,148.0,25.63,20.0,
453.0,eRickshaw_reverse2.0,eRickshaw,waiting,,0.0,0.0,127.0
453.0,easyBike_reverse1.4,easyBike,waiting,,0.0,0.0,116.0
453.0,easyBike_reverse1.3,easyBike,waiting,,0.0,0.0,66.0
454.0,easyBike_reverse1.2,easyBike,charging,195.0,25.61,20.0,
454.0,easyBike_reverse1.0,easyBike,charging,278.0,25.62,20.0,
454.0,eRickshaw_reverse1.0,eRickshaw,charging,174.0,30.0,20.0,
454.0,easyBike_reverse1.1,easyBike,charging,149.0,25.63,20.0,
454.0,eRickshaw_reverse2.0,eRickshaw,waiting,,0.0,0.0,128.0
454.0,easyBike_reverse1.4,easyBike,waiting,,0.0,0.0,117.0
454.0,easyBike_reverse1.3,easyBike,waiting,,0.0,0.0,67.0
455.0,easyBike_reverse1.2,easyBike,charging,196.0,25.61,20.0,
455.0,easyBike_reverse1.0,easyBike,charging,279.0,25.62,20.0,
455.0,eRickshaw_reverse1.0,eRickshaw,charging,175.0,30.0,20.0,
455.0,easyBike_reverse1.1,easyBike,charging,150.0,25.63,20.0,
455.0,eRickshaw_reverse2.0,eRickshaw,waiting,,0.0,0.0,129.0
455.0,easyBike_reverse1.4,easyBike,waiting,,0.0,0.0,118.0
455.0,easyBike_reverse1.3,easyBike,waiting,,0.0,0.0,68.0
456.0,easyBike_reverse1.2,easyBike,charging,197.0,25.61,20.0,
456.0,easyBike_reverse1.0,easyBike,charging,280.0,25.62,20.0,
456.0,eRickshaw_reverse1.0,eRickshaw,charging,176.0,30.0,20.0,
456.0,easyBike_reverse1.1,easyBike,charging,151.0,25.63,20.0,
456.0,eRickshaw_reverse2.0,eRickshaw,waiting,,0.0,0.0,130.0
456.0,easyBike_reverse1.4,easyBike,waiting,,0.0,0.0,119.0
456.0,easyBike_reverse1.3,easyBike,waiting,,0.0,0.0,69.0
457.0,easyBike_reverse1.2,easyBike,charging,198.0,25.61,20.0,
457.0,easyBike_reverse1.0,easyBike,charging,281.0,25.62,20.0,
457.0,eRickshaw_reverse1.0,eRickshaw,charging,177.0,30.0,20.0,
457.0,easyBike_reverse1.1,easyBike,charging,152.0,25.63,20.0,
457.0,eRickshaw_reverse2.0,eRickshaw,waiting,,0.0,0.0,131.0
457.0,easyBike_reverse1.4,easyBike,waiting,,0.0,0.0,120.0
457.0,easyBike_reverse1.3,easyBike,waiting,,0.0,0.0,70.0
458.0,easyBike_reverse1.2,easyBike,charging,199.0,25.61,20.0,
458.0,easyBike_reverse1.0,easyBike,charging,282.0,25.62,20.0,
458.0,eRickshaw_reverse1.0,eRickshaw,charging,178.0,30.0,20.0,
458.0,easyBike_reverse1.1,easyBike,charging,153.0,25.63,20.0,
458.0,eRickshaw_reverse2.0,eRickshaw,waiting,,0.0,0.0,132.0
458.0,easyBike_reverse1.4,easyBike,waiting,,0.0,0.0,121.0
458.0,easyBike_reverse1.3,easyBike,waiting,,0.0,0.0,71.0
459.0,easyBike_reverse1.2,easyBike,charging,200.0,25.61,20.0,
459.0,easyBike_reverse1.0,easyBike,charging,283.0,25.62,20.0,
459.0,eRickshaw_reverse1.0,eRickshaw,charging,179.0,30.0,20.0,
459.0,easyBike_reverse1.1,easyBike,charging,154.0,25.63,20.0,
459.0,eRickshaw_reverse2.0,eRickshaw,waiting,,0.0,0.0,133.0
459.0,easyBike_reverse1.4,easyBike,waiting,,0.0,0.0,122.0
459.0,easyBike_reverse1.3,easyBike,waiting,,0.0,0.0,72.0
460.0,easyBike_reverse1.2,easyBike,charging,201.0,25.61,20.0,
460.0,easyBike_reverse1.0,easyBike,charging,284.0,25.62,20.0,
460.0,eRickshaw_reverse1.0,eRickshaw,charging,180.0,30.0,20.0,
460.0,easyBike_reverse1.1,easyBike,charging,155.0,25.63,20.0,
460.0,eRickshaw_reverse2.0,eRickshaw,waiting,,0.0,0.0,134.0
460.0,easyBike_reverse1.4,easyBike,waiting,,0.0,0.0,123.0
460.0,easyBike_reverse1.3,easyBike,waiting,,0.0,0.0,73.0
461.0,easyBike_reverse1.2,easyBike,charging,202.0,25.61,20.0,
461.0,easyBike_reverse1.0,easyBike,charging,285.0,25.62,20.0,
461.0,eRickshaw_reverse1.0,eRickshaw,charging,181.0,30.0,20.0,
461.0,easyBike_reverse1.1,easyBike,charging,156.0,25.63,20.0,
461.0,eRickshaw_reverse2.0,eRickshaw,waiting,,0.0,0.0,135.0
461.0,easyBike_reverse1.4,easyBike,waiting,,0.0,0.0,124.0
461.0,easyBike_reverse1.3,easyBike,waiting,,0.0,0.0,74.0
462.0,easyBike_reverse1.2,easyBike,charging,203.0,25.61,20.0,
462.0,easyBike_reverse1.0,easyBike,charging,286.0,25.62,20.0,
462.0,eRickshaw_reverse1.0,eRickshaw,charging,182.0,30.0,20.0,
462.0,easyBike_reverse1.1,easyBike,charging,157.0,25.63,20.0,
462.0,eRickshaw_reverse2.0,eRickshaw,waiting,,0.0,0.0,136.0
462.0,easyBike_reverse1.4,easyBike,waiting,,0.0,0.0,125.0
462.0,easyBike_reverse1.3,easyBike,waiting,,0.0,0.0,75.0
463.0,easyBike_reverse1.2,easyBike,charging,204.0,25.61,20.0,
463.0,easyBike_reverse1.0,easyBike,charging,287.0,25.62,20.0,
463.0,eRickshaw_reverse1.0,eRickshaw,charging,183.0,30.0,20.0,
463.0,easyBike_reverse1.1,easyBike,charging,158.0,25.63,20.0,
463.0,eRickshaw_reverse2.0,eRickshaw,waiting,,0.0,0.0,137.0
463.0,easyBike_reverse1.4,easyBike,waiting,,0.0,0.0,126.0
463.0,easyBike_reverse1.3,easyBike,waiting,,0.0,0.0,76.0
464.0,easyBike_reverse1.2,easyBike,charging,205.0,25.61,20.0,
464.0,easyBike_reverse1.0,easyBike,charging,288.0,25.62,20.0,
464.0,eRickshaw_reverse1.0,eRickshaw,charging,184.0,30.0,20.0,
464.0,easyBike_reverse1.1,easyBike,charging,159.0,25.63,20.0,
464.0,eRickshaw_reverse2.0,eRickshaw,waiting,,0.0,0.0,138.0
464.0,easyBike_reverse1.4,easyBike,waiting,,0.0,0.0,127.0
464.0,easyBike_reverse1.3,easyBike,waiting,,0.0,0.0,77.0
465.0,easyBike_reverse1.2,easyBike,charging,206.0,25.61,20.0,
465.0,easyBike_reverse1.0,easyBike,charging,289.0,25.62,20.0,
465.0,eRickshaw_reverse1.0,eRickshaw,charging,185.0,30.0,20.0,
465.0,easyBike_reverse1.1,easyBike,charging,160.0,25.63,20.0,
465.0,eRickshaw_reverse2.0,eRickshaw,waiting,,0.0,0.0,139.0
465.0,easyBike_reverse1.4,easyBike,waiting,,0.0,0.0,128.0
465.0,easyBike_reverse1.3,easyBike,waiting,,0.0,0.0,78.0
466.0,easyBike_reverse1.2,easyBike,charging,207.0,25.61,20.0,
466.0,easyBike_reverse1.0,easyBike,charging,290.0,25.62,20.0,
466.0,eRickshaw_reverse1.0,eRickshaw,charging,186.0,30.0,20.0,
466.0,easyBike_reverse1.1,easyBike,charging,161.0,25.63,20.0,
466.0,eRickshaw_reverse2.0,eRickshaw,waiting,,0.0,0.0,140.0
466.0,easyBike_reverse1.4,easyBike,waiting,,0.0,0.0,129.0
466.0,easyBike_reverse1.3,easyBike,waiting,,0.0,0.0,79.0
467.0,easyBike_reverse1.2,easyBike,charging,208.0,25.61,20.0,
467.0,easyBike_reverse1.0,easyBike,charging,291.0,25.62,20.0,
467.0,eRickshaw_reverse1.0,eRickshaw,charging,187.0,30.0,20.0,
467.0,easyBike_reverse1.1,easyBike,charging,162.0,25.63,20.0,
467.0,eRickshaw_reverse2.0,eRickshaw,waiting,,0.0,0.0,141.0
467.0,easyBike_reverse1.4,easyBike,waiting,,0.0,0.0,130.0
467.0,easyBike_reverse1.3,easyBike,waiting,,0.0,0.0,80.0
468.0,easyBike_reverse1.2,easyBike,charging,209.0,25.61,20.0,
468.0,easyBike_reverse1.0,easyBike,charging,292.0,25.62,20.0,
468.0,eRickshaw_reverse1.0,eRickshaw,charging,188.0,30.0,20.0,
468.0,easyBike_reverse1.1,easyBike,charging,163.0,25.63,20.0,
468.0,eRickshaw_reverse2.0,eRickshaw,waiting,,0.0,0.0,142.0
468.0,easyBike_reverse1.4,easyBike,waiting,,0.0,0.0,131.0
468.0,easyBike_reverse1.3,easyBike,waiting,,0.0,0.0,81.0
469.0,easyBike_reverse1.2,easyBike,charging,210.0,25.61,20.0,
469.0,easyBike_reverse1.0,easyBike,charging,293.0,25.62,20.0,
469.0,eRickshaw_reverse1.0,eRickshaw,charging,189.0,30.0,20.0,
469.0,easyBike_reverse1.1,easyBike,charging,164.0,25.63,20.0,
469.0,eRickshaw_reverse2.0,eRickshaw,waiting,,0.0,0.0,143.0
469.0,easyBike_reverse1.4,easyBike,waiting,,0.0,0.0,132.0
469.0,easyBike_reverse1.3,easyBike,waiting,,0.0,0.0,82.0
470.0,easyBike_reverse1.2,easyBike,charging,211.0,25.61,20.0,
470.0,easyBike_reverse1.0,easyBike,charging,294.0,25.62,20.0,
470.0,eRickshaw_reverse1.0,eRickshaw,charging,190.0,30.0,20.0,
470.0,easyBike_reverse1.1,easyBike,charging,165.0,25.63,20.0,
470.0,eRickshaw_reverse2.0,eRickshaw,waiting,,0.0,0.0,144.0
470.0,easyBike_reverse1.4,easyBike,waiting,,0.0,0.0,133.0
470.0,easyBike_reverse1.3,easyBike,waiting,,0.0,0.0,83.0
471.0,easyBike_reverse1.2,easyBike,charging,212.0,25.61,20.0,
471.0,easyBike_reverse1.0,easyBike,charging,295.0,25.62,20.0,
471.0,eRickshaw_reverse1.0,eRickshaw,charging,191.0,30.0,20.0,
471.0,easyBike_reverse1.1,easyBike,charging,166.0,25.63,20.0,
471.0,eRickshaw_reverse2.0,eRickshaw,waiting,,0.0,0.0,145.0
471.0,easyBike_reverse1.4,easyBike,waiting,,0.0,0.0,134.0
471.0,easyBike_reverse1.3,easyBike,waiting,,0.0,0.0,84.0
472.0,easyBike_reverse1.2,easyBike,charging,213.0,25.61,20.0,
472.0,easyBike_reverse1.0,easyBike,charging,296.0,25.62,20.0,
472.0,eRickshaw_reverse1.0,eRickshaw,charging,192.0,30.0,20.0,
472.0,easyBike_reverse1.1,easyBike,charging,167.0,25.63,20.0,
472.0,eRickshaw_reverse2.0,eRickshaw,waiting,,0.0,0.0,146.0
472.0,easyBike_reverse1.4,easyBike,waiting,,0.0,0.0,135.0
472.0,easyBike_reverse1.3,easyBike,waiting,,0.0,0.0,85.0
473.0,easyBike_reverse1.2,easyBike,charging,214.0,25.61,20.0,
473.0,easyBike_reverse1.0,easyBike,charging,297.0,25.62,20.0,
473.0,eRickshaw_reverse1.0,eRickshaw,charging,193.0,30.0,20.0,
473.0,easyBike_reverse1.1,easyBike,charging,168.0,25.63,20.0,
473.0,eRickshaw_reverse2.0,eRickshaw,waiting,,0.0,0.0,147.0
473.0,easyBike_reverse1.4,easyBike,waiting,,0.0,0.0,136.0
473.0,easyBike_reverse1.3,easyBike,waiting,,0.0,0.0,86.0
474.0,easyBike_reverse1.2,easyBike,charging,215.0,25.61,20.0,
474.0,easyBike_reverse1.0,easyBike,charging,298.0,25.62,20.0,
474.0,eRickshaw_reverse1.0,eRickshaw,charging,194.0,30.0,20.0,
474.0,easyBike_reverse1.1,easyBike,charging,169.0,25.63,20.0,
474.0,eRickshaw_reverse2.0,eRickshaw,waiting,,0.0,0.0,148.0
474.0,easyBike_reverse1.4,easyBike,waiting,,0.0,0.0,137.0
474.0,easyBike_reverse1.3,easyBike,waiting,,0.0,0.0,87.0
475.0,easyBike_reverse1.2,easyBike,charging,216.0,25.61,20.0,
475.0,easyBike_reverse1.0,easyBike,charging,299.0,25.62,20.0,
475.0,eRickshaw_reverse1.0,eRickshaw,charging,195.0,30.0,20.0,
475.0,easyBike_reverse1.1,easyBike,charging,170.0,25.63,20.0,
475.0,eRickshaw_reverse2.0,eRickshaw,waiting,,0.0,0.0,149.0
475.0,easyBike_reverse1.4,easyBike,waiting,,0.0,0.0,138.0
475.0,easyBike_reverse1.3,easyBike,waiting,,0.0,0.0,88.0
476.0,easyBike_reverse1.2,easyBike,charging,217.0,25.61,20.0,
476.0,easyBike_reverse1.0,easyBike,charging,300.0,25.62,20.0,
476.0,eRickshaw_reverse1.0,eRickshaw,charging,196.0,30.0,20.0,
476.0,easyBike_reverse1.1,easyBike,charging,171.0,25.63,20.0,
476.0,eRickshaw_reverse2.0,eRickshaw,waiting,,0.0,0.0,150.0
476.0,easyBike_reverse1.4,easyBike,waiting,,0.0,0.0,139.0
476.0,easyBike_reverse1.3,easyBike,waiting,,0.0,0.0,89.0
477.0,easyBike_reverse1.2,easyBike,charging,218.0,25.61,20.0,
477.0,easyBike_reverse1.0,easyBike,charging,301.0,25.62,20.0,
477.0,eRickshaw_reverse1.0,eRickshaw,charging,197.0,30.0,20.0,
477.0,easyBike_reverse1.1,easyBike,charging,172.0,25.63,20.0,
477.0,eRickshaw_reverse2.0,eRickshaw,waiting,,0.0,0.0,151.0
477.0,easyBike_reverse1.4,easyBike,waiting,,0.0,0.0,140.0
477.0,easyBike_reverse1.3,easyBike,waiting,,0.0,0.0,90.0
478.0,easyBike_reverse1.2,easyBike,charging,219.0,25.61,20.0,
478.0,easyBike_reverse1.0,easyBike,charging,302.0,25.62,20.0,
478.0,eRickshaw_reverse1.0,eRickshaw,charging,198.0,30.0,20.0,
478.0,easyBike_reverse1.1,easyBike,charging,173.0,25.63,20.0,
478.0,eRickshaw_reverse2.0,eRickshaw,waiting,,0.0,0.0,152.0
478.0,easyBike_reverse1.4,easyBike,waiting,,0.0,0.0,141.0
478.0,easyBike_reverse1.3,easyBike,waiting,,0.0,0.0,91.0
479.0,easyBike_reverse1.2,easyBike,charging,220.0,25.61,20.0,
479.0,easyBike_reverse1.0,easyBike,charging,303.0,25.62,20.0,
479.0,eRickshaw_reverse1.0,eRickshaw,charging,199.0,30.0,20.0,
479.0,easyBike_reverse1.1,easyBike,charging,174.0,25.63,20.0,
479.0,eRickshaw_reverse2.0,eRickshaw,waiting,,0.0,0.0,153.0
479.0,easyBike_reverse1.4,easyBike,waiting,,0.0,0.0,142.0
479.0,easyBike_reverse1.3,easyBike,waiting,,0.0,0.0,92.0
480.0,easyBike_reverse1.2,easyBike,charging,221.0,25.61,20.0,
480.0,easyBike_reverse1.0,easyBike,charging,304.0,25.62,20.0,
480.0,eRickshaw_reverse1.0,eRickshaw,charging,200.0,30.0,20.0,
480.0,easyBike_reverse1.1,easyBike,charging,175.0,25.63,20.0,
480.0,eRickshaw_reverse2.0,eRickshaw,waiting,,0.0,0.0,154.0
480.0,easyBike_reverse1.4,easyBike,waiting,,0.0,0.0,143.0
480.0,easyBike_reverse1.3,easyBike,waiting,,0.0,0.0,93.0
481.0,easyBike_reverse1.2,easyBike,charging,222.0,25.61,20.0,
481.0,easyBike_reverse1.0,easyBike,charging,305.0,25.62,20.0,
481.0,eRickshaw_reverse1.0,eRickshaw,charging,201.0,30.0,20.0,
481.0,easyBike_reverse1.1,easyBike,charging,176.0,25.63,20.0,
481.0,eRickshaw_reverse2.0,eRickshaw,waiting,,0.0,0.0,155.0
481.0,easyBike_reverse1.4,easyBike,waiting,,0.0,0.0,144.0
481.0,easyBike_reverse1.3,easyBike,waiting,,0.0,0.0,94.0
482.0,easyBike_reverse1.2,easyBike,charging,223.0,25.61,20.0,
482.0,easyBike_reverse1.0,easyBike,charging,306.0,25.62,20.0,
482.0,eRickshaw_reverse1.0,eRickshaw,charging,202.0,30.0,20.0,
482.0,easyBike_reverse1.1,easyBike,charging,177.0,25.63,20.0,
482.0,eRickshaw_reverse2.0,eRickshaw,waiting,,0.0,0.0,156.0
482.0,easyBike_reverse1.4,easyBike,waiting,,0.0,0.0,145.0
482.0,easyBike_reverse1.3,easyBike,waiting,,0.0,0.0,95.0
483.0,easyBike_reverse1.2,easyBike,charging,224.0,25.61,20.0,
483.0,easyBike_reverse1.0,easyBike,charging,307.0,25.62,20.0,
483.0,eRickshaw_reverse1.0,eRickshaw,charging,203.0,30.0,20.0,
483.0,easyBike_reverse1.1,easyBike,charging,178.0,25.63,20.0,
483.0,eRickshaw_reverse2.0,eRickshaw,waiting,,0.0,0.0,157.0
483.0,easyBike_reverse1.4,easyBike,waiting,,0.0,0.0,146.0
483.0,easyBike_reverse1.3,easyBike,waiting,,0.0,0.0,96.0
484.0,easyBike_reverse1.2,easyBike,charging,225.0,25.61,20.0,
484.0,easyBike_reverse1.0,easyBike,charging,308.0,25.62,20.0,
484.0,eRickshaw_reverse1.0,eRickshaw,charging,204.0,30.0,20.0,
484.0,easyBike_reverse1.1,easyBike,charging,179.0,25.63,20.0,
484.0,eRickshaw_reverse2.0,eRickshaw,waiting,,0.0,0.0,158.0
484.0,easyBike_reverse1.4,easyBike,waiting,,0.0,0.0,147.0
484.0,easyBike_reverse1.3,easyBike,waiting,,0.0,0.0,97.0
485.0,easyBike_reverse1.2,easyBike,charging,226.0,25.61,20.0,
485.0,easyBike_reverse1.0,easyBike,charging,309.0,25.62,20.0,
485.0,eRickshaw_reverse1.0,eRickshaw,charging,205.0,30.0,20.0,
485.0,easyBike_reverse1.1,easyBike,charging,180.0,25.63,20.0,
485.0,eRickshaw_reverse2.0,eRickshaw,waiting,,0.0,0.0,159.0
485.0,easyBike_reverse1.4,easyBike,waiting,,0.0,0.0,148.0
485.0,easyBike_reverse1.3,easyBike,waiting,,0.0,0.0,98.0
486.0,easyBike_reverse1.2,easyBike,charging,227.0,25.61,20.0,
486.0,easyBike_reverse1.0,easyBike,charging,310.0,25.62,20.0,
486.0,eRickshaw_reverse1.0,eRickshaw,charging,206.0,30.0,20.0,
486.0,easyBike_reverse1.1,easyBike,charging,181.0,25.63,20.0,
486.0,eRickshaw_reverse2.0,eRickshaw,waiting,,0.0,0.0,160.0
486.0,easyBike_reverse1.4,easyBike,waiting,,0.0,0.0,149.0
486.0,easyBike_reverse1.3,easyBike,waiting,,0.0,0.0,99.0
487.0,easyBike_reverse1.2,easyBike,charging,228.0,25.61,20.0,
487.0,easyBike_reverse1.0,easyBike,charging,311.0,25.62,20.0,
487.0,eRickshaw_reverse1.0,eRickshaw,charging,207.0,30.0,20.0,
487.0,easyBike_reverse1.1,easyBike,charging,182.0,25.63,20.0,
487.0,eRickshaw_reverse2.0,eRickshaw,waiting,,0.0,0.0,161.0
487.0,easyBike_reverse1.4,easyBike,waiting,,0.0,0.0,150.0
487.0,easyBike_reverse1.3,easyBike,waiting,,0.0,0.0,100.0
488.0,easyBike_reverse1.2,easyBike,charging,229.0,25.61,20.0,
488.0,easyBike_reverse1.0,easyBike,charging,312.0,25.62,20.0,
488.0,eRickshaw_reverse1.0,eRickshaw,charging,208.0,30.0,20.0,
488.0,easyBike_reverse1.1,easyBike,charging,183.0,25.63,20.0,
488.0,eRickshaw_reverse2.0,eRickshaw,waiting,,0.0,0.0,162.0
488.0,easyBike_reverse1.4,easyBike,waiting,,0.0,0.0,151.0
488.0,easyBike_reverse1.3,easyBike,waiting,,0.0,0.0,101.0
489.0,easyBike_reverse1.2,easyBike,charging,230.0,25.61,20.0,
489.0,easyBike_reverse1.0,easyBike,charging,313.0,25.62,20.0,
489.0,eRickshaw_reverse1.0,eRickshaw,charging,209.0,30.0,20.0,
489.0,easyBike_reverse1.1,easyBike,charging,184.0,25.63,20.0,
489.0,eRickshaw_reverse2.0,eRickshaw,waiting,,0.0,0.0,163.0
489.0,easyBike_reverse1.4,easyBike,waiting,,0.0,0.0,152.0
489.0,easyBike_reverse1.3,easyBike,waiting,,0.0,0.0,102.0
490.0,easyBike_reverse1.2,easyBike,charging,231.0,25.61,20.0,
490.0,easyBike_reverse1.0,easyBike,charging,314.0,25.62,20.0,
490.0,eRickshaw_reverse1.0,eRickshaw,charging,210.0,30.0,20.0,
490.0,easyBike_reverse1.1,easyBike,charging,185.0,25.63,20.0,
490.0,eRickshaw_reverse2.0,eRickshaw,waiting,,0.0,0.0,164.0
490.0,easyBike_reverse1.4,easyBike,waiting,,0.0,0.0,153.0
490.0,easyBike_reverse1.3,easyBike,waiting,,0.0,0.0,103.0
491.0,easyBike_reverse1.2,easyBike,charging,232.0,25.61,20.0,
491.0,easyBike_reverse1.0,easyBike,charging,315.0,25.62,20.0,
491.0,eRickshaw_reverse1.0,eRickshaw,charging,211.0,30.0,20.0,
491.0,easyBike_reverse1.1,easyBike,charging,186.0,25.63,20.0,
491.0,eRickshaw_reverse2.0,eRickshaw,waiting,,0.0,0.0,165.0
491.0,easyBike_reverse1.4,easyBike,waiting,,0.0,0.0,154.0
491.0,easyBike_reverse1.3,easyBike,waiting,,0.0,0.0,104.0
492.0,easyBike_reverse1.2,easyBike,charging,233.0,25.61,20.0,
492.0,easyBike_reverse1.0,easyBike,charging,316.0,25.62,20.0,
492.0,eRickshaw_reverse1.0,eRickshaw,charging,212.0,30.0,20.0,
492.0,easyBike_reverse1.1,easyBike,charging,187.0,25.63,20.0,
492.0,eRickshaw_reverse2.0,eRickshaw,waiting,,0.0,0.0,166.0
492.0,easyBike_reverse1.4,easyBike,waiting,,0.0,0.0,155.0
492.0,easyBike_reverse1.3,easyBike,waiting,,0.0,0.0,105.0
493.0,easyBike_reverse1.2,easyBike,charging,234.0,25.61,20.0,
493.0,easyBike_reverse1.0,easyBike,charging,317.0,25.62,20.0,
493.0,eRickshaw_reverse1.0,eRickshaw,charging,213.0,30.0,20.0,
493.0,easyBike_reverse1.1,easyBike,charging,188.0,25.63,20.0,
493.0,eRickshaw_reverse2.0,eRickshaw,waiting,,0.0,0.0,167.0
493.0,easyBike_reverse1.4,easyBike,waiting,,0.0,0.0,156.0
493.0,easyBike_reverse1.3,easyBike,waiting,,0.0,0.0,106.0
494.0,easyBike_reverse1.2,easyBike,charging,235.0,25.61,20.0,
494.0,easyBike_reverse1.0,easyBike,charging,318.0,25.62,20.0,
494.0,eRickshaw_reverse1.0,eRickshaw,charging,214.0,30.0,20.0,
494.0,easyBike_reverse1.1,easyBike,charging,189.0,25.63,20.0,
494.0,eRickshaw_reverse2.0,eRickshaw,waiting,,0.0,0.0,168.0
494.0,easyBike_reverse1.4,easyBike,waiting,,0.0,0.0,157.0
494.0,easyBike_reverse1.3,easyBike,waiting,,0.0,0.0,107.0
495.0,easyBike_reverse1.2,easyBike,charging,236.0,25.61,20.0,
495.0,easyBike_reverse1.0,easyBike,charging,319.0,25.62,20.0,
495.0,eRickshaw_reverse1.0,eRickshaw,charging,215.0,30.0,20.0,
495.0,easyBike_reverse1.1,easyBike,charging,190.0,25.63,20.0,
495.0,eRickshaw_reverse2.0,eRickshaw,waiting,,0.0,0.0,169.0
495.0,easyBike_reverse1.4,easyBike,waiting,,0.0,0.0,158.0
495.0,easyBike_reverse1.3,easyBike,waiting,,0.0,0.0,108.0
496.0,easyBike_reverse1.2,easyBike,charging,237.0,25.61,20.0,
496.0,easyBike_reverse1.0,easyBike,charging,320.0,25.62,20.0,
496.0,eRickshaw_reverse1.0,eRickshaw,charging,216.0,30.0,20.0,
496.0,easyBike_reverse1.1,easyBike,charging,191.0,25.63,20.0,
496.0,eRickshaw_reverse2.0,eRickshaw,waiting,,0.0,0.0,170.0
496.0,easyBike_reverse1.4,easyBike,waiting,,0.0,0.0,159.0
496.0,easyBike_reverse1.3,easyBike,waiting,,0.0,0.0,109.0
497.0,easyBike_reverse1.2,easyBike,charging,238.0,25.61,20.0,
497.0,easyBike_reverse1.0,easyBike,charging,321.0,25.62,20.0,
497.0,eRickshaw_reverse1.0,eRickshaw,charging,217.0,30.0,20.0,
497.0,easyBike_reverse1.1,easyBike,charging,192.0,25.63,20.0,
497.0,eRickshaw_reverse2.0,eRickshaw,waiting,,0.0,0.0,171.0
497.0,easyBike_reverse1.4,easyBike,waiting,,0.0,0.0,160.0
497.0,easyBike_reverse1.3,easyBike,waiting,,0.0,0.0,110.0
498.0,easyBike_reverse1.2,easyBike,charging,239.0,25.61,20.0,
498.0,easyBike_reverse1.0,easyBike,charging,322.0,25.62,20.0,
498.0,eRickshaw_reverse1.0,eRickshaw,charging,218.0,30.0,20.0,
498.0,easyBike_reverse1.1,easyBike,charging,193.0,25.63,20.0,
498.0,eRickshaw_reverse2.0,eRickshaw,waiting,,0.0,0.0,172.0
498.0,easyBike_reverse1.4,easyBike,waiting,,0.0,0.0,161.0
498.0,easyBike_reverse1.3,easyBike,waiting,,0.0,0.0,111.0
499.0,easyBike_reverse1.2,easyBike,charging,240.0,25.61,20.0,
499.0,easyBike_reverse1.0,easyBike,charging,323.0,25.62,20.0,
499.0,eRickshaw_reverse1.0,eRickshaw,charging,219.0,30.0,20.0,
499.0,easyBike_reverse1.1,easyBike,charging,194.0,25.63,20.0,
499.0,eRickshaw_reverse2.0,eRickshaw,waiting,,0.0,0.0,173.0
499.0,easyBike_reverse1.4,easyBike,waiting,,0.0,0.0,162.0
499.0,easyBike_reverse1.3,easyBike,waiting,,0.0,0.0,112.0
500.0,easyBike_reverse1.2,easyBike,charging,241.0,25.61,20.0,
500.0,easyBike_reverse1.0,easyBike,charging,324.0,25.62,20.0,
500.0,eRickshaw_reverse1.0,eRickshaw,charging,220.0,30.0,20.0,
500.0,easyBike_reverse1.1,easyBike,charging,195.0,25.63,20.0,
500.0,eRickshaw_reverse2.0,eRickshaw,waiting,,0.0,0.0,174.0
500.0,easyBike_reverse1.4,easyBike,waiting,,0.0,0.0,163.0
500.0,easyBike_reverse1.3,easyBike,waiting,,0.0,0.0,113.0
501.0,easyBike_reverse1.2,easyBike,charging,242.0,25.61,20.0,
501.0,easyBike_reverse1.0,easyBike,charging,325.0,25.62,20.0,
501.0,eRickshaw_reverse1.0,eRickshaw,charging,221.0,30.0,20.0,
501.0,easyBike_reverse1.1,easyBike,charging,196.0,25.63,20.0,
501.0,eRickshaw_reverse2.0,eRickshaw,waiting,,0.0,0.0,175.0
501.0,easyBike_reverse1.4,easyBike,waiting,,0.0,0.0,164.0
501.0,easyBike_reverse1.3,easyBike,waiting,,0.0,0.0,114.0
502.0,easyBike_reverse1.2,easyBike,charging,243.0,25.61,20.0,
502.0,easyBike_reverse1.0,easyBike,charging,326.0,25.62,20.0,
502.0,eRickshaw_reverse1.0,eRickshaw,charging,222.0,30.0,20.0,
502.0,easyBike_reverse1.1,easyBike,charging,197.0,25.63,20.0,
502.0,eRickshaw_reverse2.0,eRickshaw,waiting,,0.0,0.0,176.0
502.0,easyBike_reverse1.4,easyBike,waiting,,0.0,0.0,165.0
502.0,easyBike_reverse1.3,easyBike,waiting,,0.0,0.0,115.0
503.0,easyBike_reverse1.2,easyBike,charging,244.0,25.61,20.0,
503.0,easyBike_reverse1.0,easyBike,charging,327.0,25.62,20.0,
503.0,eRickshaw_reverse1.0,eRickshaw,charging,223.0,30.0,20.0,
503.0,easyBike_reverse1.1,easyBike,charging,198.0,25.63,20.0,
503.0,eRickshaw_reverse2.0,eRickshaw,waiting,,0.0,0.0,177.0
503.0,easyBike_reverse1.4,easyBike,waiting,,0.0,0.0,166.0
503.0,easyBike_reverse1.3,easyBike,waiting,,0.0,0.0,116.0
504.0,easyBike_reverse1.2,easyBike,charging,245.0,25.61,20.0,
504.0,easyBike_reverse1.0,easyBike,charging,328.0,25.62,20.0,
504.0,eRickshaw_reverse1.0,eRickshaw,charging,224.0,30.0,20.0,
504.0,easyBike_reverse1.1,easyBike,charging,199.0,25.63,20.0,
504.0,eRickshaw_reverse2.0,eRickshaw,waiting,,0.0,0.0,178.0
504.0,easyBike_reverse1.4,easyBike,waiting,,0.0,0.0,167.0
504.0,easyBike_reverse1.3,easyBike,waiting,,0.0,0.0,117.0
505.0,easyBike_reverse1.2,easyBike,charging,246.0,25.61,20.0,
505.0,easyBike_reverse1.0,easyBike,charging,329.0,25.62,20.0,
505.0,eRickshaw_reverse1.0,eRickshaw,charging,225.0,30.0,20.0,
505.0,easyBike_reverse1.1,easyBike,charging,200.0,25.63,20.0,
505.0,eRickshaw_reverse2.0,eRickshaw,waiting,,0.0,0.0,179.0
505.0,easyBike_reverse1.4,easyBike,waiting,,0.0,0.0,168.0
505.0,easyBike_reverse1.3,easyBike,waiting,,0.0,0.0,118.0
506.0,easyBike_reverse1.2,easyBike,charging,247.0,25.61,20.0,
506.0,easyBike_reverse1.0,easyBike,charging,330.0,25.62,20.0,
506.0,eRickshaw_reverse1.0,eRickshaw,charging,226.0,30.0,20.0,
506.0,easyBike_reverse1.1,easyBike,charging,201.0,25.63,20.0,
506.0,eRickshaw_reverse2.0,eRickshaw,waiting,,0.0,0.0,180.0
506.0,easyBike_reverse1.4,easyBike,waiting,,0.0,0.0,169.0
506.0,easyBike_reverse1.3,easyBike,waiting,,0.0,0.0,119.0
507.0,easyBike_reverse1.2,easyBike,charging,248.0,25.61,20.0,
507.0,easyBike_reverse1.0,easyBike,charging,331.0,25.62,20.0,
507.0,eRickshaw_reverse1.0,eRickshaw,charging,227.0,30.0,20.0,
507.0,easyBike_reverse1.1,easyBike,charging,202.0,25.63,20.0,
507.0,eRickshaw_reverse2.0,eRickshaw,waiting,,0.0,0.0,181.0
507.0,easyBike_reverse1.4,easyBike,waiting,,0.0,0.0,170.0
507.0,easyBike_reverse1.3,easyBike,waiting,,0.0,0.0,120.0
508.0,easyBike_reverse1.2,easyBike,charging,249.0,25.61,20.0,
508.0,easyBike_reverse1.0,easyBike,charging,332.0,25.62,20.0,
508.0,eRickshaw_reverse1.0,eRickshaw,charging,228.0,30.0,20.0,
508.0,easyBike_reverse1.1,easyBike,charging,203.0,25.63,20.0,
508.0,eRickshaw_reverse2.0,eRickshaw,waiting,,0.0,0.0,182.0
508.0,easyBike_reverse1.4,easyBike,waiting,,0.0,0.0,171.0
508.0,easyBike_reverse1.3,easyBike,waiting,,0.0,0.0,121.0
509.0,easyBike_reverse1.2,easyBike,charging,250.0,25.61,20.0,
509.0,easyBike_reverse1.0,easyBike,charging,333.0,25.62,20.0,
509.0,eRickshaw_reverse1.0,eRickshaw,charging,229.0,30.0,20.0,
509.0,easyBike_reverse1.1,easyBike,charging,204.0,25.63,20.0,
509.0,eRickshaw_reverse2.0,eRickshaw,waiting,,0.0,0.0,183.0
509.0,easyBike_reverse1.4,easyBike,waiting,,0.0,0.0,172.0
509.0,easyBike_reverse1.3,easyBike,waiting,,0.0,0.0,122.0
510.0,easyBike_reverse1.2,easyBike,charging,251.0,25.61,20.0,
510.0,easyBike_reverse1.0,easyBike,charging,334.0,25.62,20.0,
510.0,eRickshaw_reverse1.0,eRickshaw,charging,230.0,30.0,20.0,
510.0,easyBike_reverse1.1,easyBike,charging,205.0,25.63,20.0,
510.0,eRickshaw_reverse2.0,eRickshaw,waiting,,0.0,0.0,184.0
510.0,easyBike_reverse1.4,easyBike,waiting,,0.0,0.0,173.0
510.0,easyBike_reverse1.3,easyBike,waiting,,0.0,0.0,123.0
511.0,easyBike_reverse1.2,easyBike,charging,252.0,25.61,20.0,
511.0,easyBike_reverse1.0,easyBike,charging,335.0,25.62,20.0,
511.0,eRickshaw_reverse1.0,eRickshaw,charging,231.0,30.0,20.0,
511.0,easyBike_reverse1.1,easyBike,charging,206.0,25.63,20.0,
511.0,eRickshaw_reverse2.0,eRickshaw,waiting,,0.0,0.0,185.0
511.0,easyBike_reverse1.4,easyBike,waiting,,0.0,0.0,174.0
511.0,easyBike_reverse1.3,easyBike,waiting,,0.0,0.0,124.0
512.0,easyBike_reverse1.2,easyBike,charging,253.0,25.61,20.0,
512.0,easyBike_reverse1.0,easyBike,charging,336.0,25.62,20.0,
512.0,eRickshaw_reverse1.0,eRickshaw,charging,232.0,30.0,20.0,
512.0,easyBike_reverse1.1,easyBike,charging,207.0,25.63,20.0,
512.0,eRickshaw_reverse2.0,eRickshaw,waiting,,0.0,0.0,186.0
512.0,easyBike_reverse1.4,easyBike,waiting,,0.0,0.0,175.0
512.0,easyBike_reverse1.3,easyBike,waiting,,0.0,0.0,125.0
513.0,easyBike_reverse1.2,easyBike,charging,254.0,25.61,20.0,
513.0,easyBike_reverse1.0,easyBike,charging,337.0,25.62,20.0,
513.0,eRickshaw_reverse1.0,eRickshaw,charging,233.0,30.0,20.0,
513.0,easyBike_reverse1.1,easyBike,charging,208.0,25.63,20.0,
513.0,eRickshaw_reverse2.0,eRickshaw,waiting,,0.0,0.0,187.0
513.0,easyBike_reverse1.4,easyBike,waiting,,0.0,0.0,176.0
513.0,easyBike_reverse1.3,easyBike,waiting,,0.0,0.0,126.0
514.0,easyBike_reverse1.2,easyBike,charging,255.0,25.61,20.0,
514.0,easyBike_reverse1.0,easyBike,charging,338.0,25.62,20.0,
514.0,eRickshaw_reverse1.0,eRickshaw,charging,234.0,30.0,20.0,
514.0,easyBike_reverse1.1,easyBike,charging,209.0,25.63,20.0,
514.0,eRickshaw_reverse2.0,eRickshaw,waiting,,0.0,0.0,188.0
514.0,easyBike_reverse1.4,easyBike,waiting,,0.0,0.0,177.0
514.0,easyBike_reverse1.3,easyBike,waiting,,0.0,0.0,127.0
515.0,easyBike_reverse1.2,easyBike,charging,256.0,25.61,20.0,
515.0,easyBike_reverse1.0,easyBike,charging,339.0,25.62,20.0,
515.0,eRickshaw_reverse1.0,eRickshaw,charging,235.0,30.0,20.0,
515.0,easyBike_reverse1.1,easyBike,charging,210.0,25.63,20.0,
515.0,eRickshaw_reverse2.0,eRickshaw,waiting,,0.0,0.0,189.0
515.0,easyBike_reverse1.4,easyBike,waiting,,0.0,0.0,178.0
515.0,easyBike_reverse1.3,easyBike,waiting,,0.0,0.0,128.0
516.0,easyBike_reverse1.2,easyBike,charging,257.0,25.61,20.0,
516.0,easyBike_reverse1.0,easyBike,charging,340.0,25.62,20.0,
516.0,eRickshaw_reverse1.0,eRickshaw,charging,236.0,30.0,20.0,
516.0,easyBike_reverse1.1,easyBike,charging,211.0,25.63,20.0,
516.0,eRickshaw_reverse2.0,eRickshaw,waiting,,0.0,0.0,190.0
516.0,easyBike_reverse1.4,easyBike,waiting,,0.0,0.0,179.0
516.0,easyBike_reverse1.3,easyBike,waiting,,0.0,0.0,129.0
517.0,easyBike_reverse1.2,easyBike,charging,258.0,25.61,20.0,
517.0,easyBike_reverse1.0,easyBike,charging,341.0,25.62,20.0,
517.0,eRickshaw_reverse1.0,eRickshaw,charging,237.0,30.0,20.0,
517.0,easyBike_reverse1.1,easyBike,charging,212.0,25.63,20.0,
517.0,eRickshaw_reverse2.0,eRickshaw,waiting,,0.0,0.0,191.0
517.0,easyBike_reverse1.4,easyBike,waiting,,0.0,0.0,180.0
517.0,easyBike_reverse1.3,easyBike,waiting,,0.0,0.0,130.0
518.0,easyBike_reverse1.2,easyBike,charging,259.0,25.61,20.0,
518.0,easyBike_reverse1.0,easyBike,charging,342.0,25.62,20.0,
518.0,eRickshaw_reverse1.0,eRickshaw,charging,238.0,30.0,20.0,
518.0,easyBike_reverse1.1,easyBike,charging,213.0,25.63,20.0,
518.0,eRickshaw_reverse2.0,eRickshaw,waiting,,0.0,0.0,192.0
518.0,easyBike_reverse1.4,easyBike,waiting,,0.0,0.0,181.0
518.0,easyBike_reverse1.3,easyBike,waiting,,0.0,0.0,131.0
519.0,easyBike_reverse1.2,easyBike,charging,260.0,25.61,20.0,
519.0,easyBike_reverse1.0,easyBike,charging,343.0,25.62,20.0,
519.0,eRickshaw_reverse1.0,eRickshaw,charging,239.0,30.0,20.0,
519.0,easyBike_reverse1.1,easyBike,charging,214.0,25.63,20.0,
519.0,eRickshaw_reverse2.0,eRickshaw,waiting,,0.0,0.0,193.0
519.0,easyBike_reverse1.4,easyBike,waiting,,0.0,0.0,182.0
519.0,easyBike_reverse1.3,easyBike,waiting,,0.0,0.0,132.0
520.0,easyBike_reverse1.2,easyBike,charging,261.0,25.61,20.0,
520.0,easyBike_reverse1.0,easyBike,charging,344.0,25.62,20.0,
520.0,eRickshaw_reverse1.0,eRickshaw,charging,240.0,30.0,20.0,
520.0,easyBike_reverse1.1,easyBike,charging,215.0,25.63,20.0,
520.0,eRickshaw_reverse2.0,eRickshaw,waiting,,0.0,0.0,194.0
520.0,easyBike_reverse1.4,easyBike,waiting,,0.0,0.0,183.0
520.0,easyBike_reverse1.3,easyBike,waiting,,0.0,0.0,133.0
521.0,easyBike_reverse1.2,easyBike,charging,262.0,25.61,20.0,
521.0,easyBike_reverse1.0,easyBike,charging,345.0,25.62,20.0,
521.0,eRickshaw_reverse1.0,eRickshaw,charging,241.0,30.0,20.0,
521.0,easyBike_reverse1.1,easyBike,charging,216.0,25.63,20.0,
521.0,eRickshaw_reverse2.0,eRickshaw,waiting,,0.0,0.0,195.0
521.0,easyBike_reverse1.4,easyBike,waiting,,0.0,0.0,184.0
521.0,easyBike_reverse1.3,easyBike,waiting,,0.0,0.0,134.0
522.0,easyBike_reverse1.2,easyBike,charging,263.0,25.61,20.0,
522.0,easyBike_reverse1.0,easyBike,charging,346.0,25.62,20.0,
522.0,eRickshaw_reverse1.0,eRickshaw,charging,242.0,30.0,20.0,
522.0,easyBike_reverse1.1,easyBike,charging,217.0,25.63,20.0,
522.0,eRickshaw_reverse2.0,eRickshaw,waiting,,0.0,0.0,196.0
522.0,easyBike_reverse1.4,easyBike,waiting,,0.0,0.0,185.0
522.0,easyBike_reverse1.3,easyBike,waiting,,0.0,0.0,135.0
523.0,easyBike_reverse1.2,easyBike,charging,264.0,25.61,20.0,
523.0,easyBike_reverse1.0,easyBike,charging,347.0,25.62,20.0,
523.0,eRickshaw_reverse1.0,eRickshaw,charging,243.0,30.0,20.0,
523.0,easyBike_reverse1.1,easyBike,charging,218.0,25.63,20.0,
523.0,eRickshaw_reverse2.0,eRickshaw,waiting,,0.0,0.0,197.0
523.0,easyBike_reverse1.4,easyBike,waiting,,0.0,0.0,186.0
523.0,easyBike_reverse1.3,easyBike,waiting,,0.0,0.0,136.0
524.0,easyBike_reverse1.2,easyBike,charging,265.0,25.61,20.0,
524.0,easyBike_reverse1.0,easyBike,charging,348.0,25.62,20.0,
524.0,eRickshaw_reverse1.0,eRickshaw,charging,244.0,30.0,20.0,
524.0,easyBike_reverse1.1,easyBike,charging,219.0,25.63,20.0,
524.0,eRickshaw_reverse2.0,eRickshaw,waiting,,0.0,0.0,198.0
524.0,easyBike_reverse1.4,easyBike,waiting,,0.0,0.0,187.0
524.0,easyBike_reverse1.3,easyBike,waiting,,0.0,0.0,137.0
525.0,easyBike_reverse1.2,easyBike,charging,266.0,25.61,20.0,
525.0,easyBike_reverse1.0,easyBike,charging,349.0,25.62,20.0,
525.0,eRickshaw_reverse1.0,eRickshaw,charging,245.0,30.0,20.0,
525.0,easyBike_reverse1.1,easyBike,charging,220.0,25.63,20.0,
525.0,eRickshaw_reverse2.0,eRickshaw,waiting,,0.0,0.0,199.0
525.0,easyBike_reverse1.4,easyBike,waiting,,0.0,0.0,188.0
525.0,easyBike_reverse1.3,easyBike,waiting,,0.0,0.0,138.0
526.0,easyBike_reverse1.2,easyBike,charging,267.0,25.61,20.0,
526.0,easyBike_reverse1.0,easyBike,charging,350.0,25.62,20.0,
526.0,eRickshaw_reverse1.0,eRickshaw,charging,246.0,30.0,20.0,
526.0,easyBike_reverse1.1,easyBike,charging,221.0,25.63,20.0,
526.0,eRickshaw_reverse2.0,eRickshaw,waiting,,0.0,0.0,200.0
526.0,easyBike_reverse1.4,easyBike,waiting,,0.0,0.0,189.0
526.0,easyBike_reverse1.3,easyBike,waiting,,0.0,0.0,139.0
527.0,easyBike_reverse1.2,easyBike,charging,268.0,25.61,20.0,
527.0,easyBike_reverse1.0,easyBike,charging,351.0,25.62,20.0,
527.0,eRickshaw_reverse1.0,eRickshaw,charging,247.0,30.0,20.0,
527.0,easyBike_reverse1.1,easyBike,charging,222.0,25.63,20.0,
527.0,eRickshaw_reverse2.0,eRickshaw,waiting,,0.0,0.0,201.0
527.0,easyBike_reverse1.4,easyBike,waiting,,0.0,0.0,190.0
527.0,easyBike_reverse1.3,easyBike,waiting,,0.0,0.0,140.0
528.0,easyBike_reverse1.2,easyBike,charging,269.0,25.61,20.0,
528.0,easyBike_reverse1.0,easyBike,charging,352.0,25.62,20.0,
528.0,eRickshaw_reverse1.0,eRickshaw,charging,248.0,30.0,20.0,
528.0,easyBike_reverse1.1,easyBike,charging,223.0,25.63,20.0,
528.0,eRickshaw_reverse2.0,eRickshaw,waiting,,0.0,0.0,202.0
528.0,easyBike_reverse1.4,easyBike,waiting,,0.0,0.0,191.0
528.0,easyBike_reverse1.3,easyBike,waiting,,0.0,0.0,141.0
529.0,easyBike_reverse1.2,easyBike,charging,270.0,25.61,20.0,
529.0,easyBike_reverse1.0,easyBike,charging,353.0,25.62,20.0,
529.0,eRickshaw_reverse1.0,eRickshaw,charging,249.0,30.0,20.0,
529.0,easyBike_reverse1.1,easyBike,charging,224.0,25.63,20.0,
529.0,eRickshaw_reverse2.0,eRickshaw,waiting,,0.0,0.0,203.0
529.0,easyBike_reverse1.4,easyBike,waiting,,0.0,0.0,192.0
529.0,easyBike_reverse1.3,easyBike,waiting,,0.0,0.0,142.0
530.0,easyBike_reverse1.2,easyBike,charging,271.0,25.61,20.0,
530.0,easyBike_reverse1.0,easyBike,charging,354.0,25.62,20.0,
530.0,eRickshaw_reverse1.0,eRickshaw,charging,250.0,30.0,20.0,
530.0,easyBike_reverse1.1,easyBike,charging,225.0,25.63,20.0,
530.0,eRickshaw_reverse2.0,eRickshaw,waiting,,0.0,0.0,204.0
530.0,easyBike_reverse1.4,easyBike,waiting,,0.0,0.0,193.0
530.0,easyBike_reverse1.3,easyBike,waiting,,0.0,0.0,143.0
531.0,easyBike_reverse1.2,easyBike,charging,272.0,25.61,20.0,
531.0,easyBike_reverse1.0,easyBike,charging,355.0,25.62,20.0,
531.0,eRickshaw_reverse1.0,eRickshaw,charging,251.0,30.0,20.0,
531.0,easyBike_reverse1.1,easyBike,charging,226.0,25.63,20.0,
531.0,eRickshaw_reverse2.0,eRickshaw,waiting,,0.0,0.0,205.0
531.0,easyBike_reverse1.4,easyBike,waiting,,0.0,0.0,194.0
531.0,easyBike_reverse1.3,easyBike,waiting,,0.0,0.0,144.0
532.0,easyBike_reverse1.2,easyBike,charging,273.0,25.61,20.0,
532.0,easyBike_reverse1.0,easyBike,charging,356.0,25.62,20.0,
532.0,eRickshaw_reverse1.0,eRickshaw,charging,252.0,30.0,20.0,
532.0,easyBike_reverse1.1,easyBike,charging,227.0,25.63,20.0,
532.0,eRickshaw_reverse2.0,eRickshaw,waiting,,0.0,0.0,206.0
532.0,easyBike_reverse1.4,easyBike,waiting,,0.0,0.0,195.0
532.0,easyBike_reverse1.3,easyBike,waiting,,0.0,0.0,145.0
533.0,easyBike_reverse1.2,easyBike,charging,274.0,25.61,20.0,
533.0,easyBike_reverse1.0,easyBike,charging,357.0,25.62,20.0,
533.0,eRickshaw_reverse1.0,eRickshaw,charging,253.0,30.0,20.0,
533.0,easyBike_reverse1.1,easyBike,charging,228.0,25.63,20.0,
533.0,eRickshaw_reverse2.0,eRickshaw,waiting,,0.0,0.0,207.0
533.0,easyBike_reverse1.4,easyBike,waiting,,0.0,0.0,196.0
533.0,easyBike_reverse1.3,easyBike,waiting,,0.0,0.0,146.0
534.0,easyBike_reverse1.2,easyBike,charging,275.0,25.61,20.0,
534.0,easyBike_reverse1.0,easyBike,charging,358.0,25.62,20.0,
534.0,eRickshaw_reverse1.0,eRickshaw,charging,254.0,30.0,20.0,
534.0,easyBike_reverse1.1,easyBike,charging,229.0,25.63,20.0,
534.0,eRickshaw_reverse2.0,eRickshaw,waiting,,0.0,0.0,208.0
534.0,easyBike_reverse1.4,easyBike,waiting,,0.0,0.0,197.0
534.0,easyBike_reverse1.3,easyBike,waiting,,0.0,0.0,147.0
535.0,easyBike_reverse1.2,easyBike,charging,276.0,25.61,20.0,
535.0,easyBike_reverse1.0,easyBike,charging,359.0,25.62,20.0,
535.0,eRickshaw_reverse1.0,eRickshaw,charging,255.0,30.0,20.0,
535.0,easyBike_reverse1.1,easyBike,charging,230.0,25.63,20.0,
535.0,eRickshaw_reverse2.0,eRickshaw,waiting,,0.0,0.0,209.0
535.0,easyBike_reverse1.4,easyBike,waiting,,0.0,0.0,198.0
535.0,easyBike_reverse1.3,easyBike,waiting,,0.0,0.0,148.0
536.0,easyBike_reverse1.2,easyBike,charging,277.0,25.61,20.0,
536.0,easyBike_reverse1.0,easyBike,charging,360.0,25.62,20.0,
536.0,eRickshaw_reverse1.0,eRickshaw,charging,256.0,30.0,20.0,
536.0,easyBike_reverse1.1,easyBike,charging,231.0,25.63,20.0,
536.0,eRickshaw_reverse2.0,eRickshaw,waiting,,0.0,0.0,210.0
536.0,easyBike_reverse1.4,easyBike,waiting,,0.0,0.0,199.0
536.0,easyBike_reverse1.3,easyBike,waiting,,0.0,0.0,149.0
537.0,easyBike_reverse1.2,easyBike,charging,278.0,25.61,20.0,
537.0,easyBike_reverse1.0,easyBike,charging,361.0,25.62,20.0,
537.0,eRickshaw_reverse1.0,eRickshaw,charging,257.0,30.0,20.0,
537.0,easyBike_reverse1.1,easyBike,charging,232.0,25.63,20.0,
537.0,eRickshaw_reverse2.0,eRickshaw,waiting,,0.0,0.0,211.0
537.0,easyBike_reverse1.4,easyBike,waiting,,0.0,0.0,200.0
537.0,easyBike_reverse1.3,easyBike,waiting,,0.0,0.0,150.0
538.0,easyBike_reverse1.2,easyBike,charging,279.0,25.61,20.0,
538.0,easyBike_reverse1.0,easyBike,charging,362.0,25.62,20.0,
538.0,eRickshaw_reverse1.0,eRickshaw,charging,258.0,30.0,20.0,
538.0,easyBike_reverse1.1,easyBike,charging,233.0,25.63,20.0,
538.0,eRickshaw_reverse2.0,eRickshaw,waiting,,0.0,0.0,212.0
538.0,easyBike_reverse1.4,easyBike,waiting,,0.0,0.0,201.0
538.0,easyBike_reverse1.3,easyBike,waiting,,0.0,0.0,151.0
539.0,easyBike_reverse1.2,easyBike,charging,280.0,25.61,20.0,
539.0,easyBike_reverse1.0,easyBike,charging,363.0,25.62,20.0,
539.0,eRickshaw_reverse1.0,eRickshaw,charging,259.0,30.0,20.0,
539.0,easyBike_reverse1.1,easyBike,charging,234.0,25.63,20.0,
539.0,eRickshaw_reverse2.0,eRickshaw,waiting,,0.0,0.0,213.0
539.0,easyBike_reverse1.4,easyBike,waiting,,0.0,0.0,202.0
539.0,easyBike_reverse1.3,easyBike,waiting,,0.0,0.0,152.0
540.0,easyBike_reverse1.2,easyBike,charging,281.0,25.61,20.0,
540.0,easyBike_reverse1.0,easyBike,charging,364.0,25.62,20.0,
540.0,eRickshaw_reverse1.0,eRickshaw,charging,260.0,30.0,20.0,
540.0,easyBike_reverse1.1,easyBike,charging,235.0,25.63,20.0,
540.0,eRickshaw_reverse2.0,eRickshaw,waiting,,0.0,0.0,214.0
540.0,easyBike_reverse1.4,easyBike,waiting,,0.0,0.0,203.0
540.0,easyBike_reverse1.3,easyBike,waiting,,0.0,0.0,153.0
541.0,easyBike_reverse1.2,easyBike,charging,282.0,25.61,20.0,
541.0,easyBike_reverse1.0,easyBike,charging,365.0,25.62,20.0,
541.0,eRickshaw_reverse1.0,eRickshaw,charging,261.0,30.0,20.0,
541.0,easyBike_reverse1.1,easyBike,charging,236.0,25.63,20.0,
541.0,eRickshaw_reverse2.0,eRickshaw,waiting,,0.0,0.0,215.0
541.0,easyBike_reverse1.4,easyBike,waiting,,0.0,0.0,204.0
541.0,easyBike_reverse1.3,easyBike,waiting,,0.0,0.0,154.0
542.0,easyBike_reverse1.2,easyBike,charging,283.0,25.61,20.0,
542.0,easyBike_reverse1.0,easyBike,charging,366.0,25.62,20.0,
542.0,eRickshaw_reverse1.0,eRickshaw,charging,262.0,30.0,20.0,
542.0,easyBike_reverse1.1,easyBike,charging,237.0,25.63,20.0,
542.0,eRickshaw_reverse2.0,eRickshaw,waiting,,0.0,0.0,216.0
542.0,easyBike_reverse1.4,easyBike,waiting,,0.0,0.0,205.0
542.0,easyBike_reverse1.3,easyBike,waiting,,0.0,0.0,155.0
543.0,easyBike_reverse1.2,easyBike,charging,284.0,25.61,20.0,
543.0,easyBike_reverse1.0,easyBike,charging,367.0,25.62,20.0,
543.0,eRickshaw_reverse1.0,eRickshaw,charging,263.0,30.0,20.0,
543.0,easyBike_reverse1.1,easyBike,charging,238.0,25.63,20.0,
543.0,eRickshaw_reverse2.0,eRickshaw,waiting,,0.0,0.0,217.0
543.0,easyBike_reverse1.4,easyBike,waiting,,0.0,0.0,206.0
543.0,easyBike_reverse1.3,easyBike,waiting,,0.0,0.0,156.0
544.0,easyBike_reverse1.2,easyBike,charging,285.0,25.61,20.0,
544.0,easyBike_reverse1.0,easyBike,charging,368.0,25.62,20.0,
544.0,eRickshaw_reverse1.0,eRickshaw,charging,264.0,30.0,20.0,
544.0,easyBike_reverse1.1,easyBike,charging,239.0,25.63,20.0,
544.0,eRickshaw_reverse2.0,eRickshaw,waiting,,0.0,0.0,218.0
544.0,easyBike_reverse1.4,easyBike,waiting,,0.0,0.0,207.0
544.0,easyBike_reverse1.3,easyBike,waiting,,0.0,0.0,157.0
545.0,easyBike_reverse1.2,easyBike,charging,286.0,25.61,20.0,
545.0,easyBike_reverse1.0,easyBike,charging,369.0,25.62,20.0,
545.0,eRickshaw_reverse1.0,eRickshaw,charging,265.0,30.0,20.0,
545.0,easyBike_reverse1.1,easyBike,charging,240.0,25.63,20.0,
545.0,eRickshaw_reverse2.0,eRickshaw,waiting,,0.0,0.0,219.0
545.0,easyBike_reverse1.4,easyBike,waiting,,0.0,0.0,208.0
545.0,easyBike_reverse1.3,easyBike,waiting,,0.0,0.0,158.0
546.0,easyBike_reverse1.2,easyBike,charging,287.0,25.61,20.0,
546.0,easyBike_reverse1.0,easyBike,charging,370.0,25.62,20.0,
546.0,eRickshaw_reverse1.0,eRickshaw,charging,266.0,30.0,20.0,
546.0,easyBike_reverse1.1,easyBike,charging,241.0,25.63,20.0,
546.0,eRickshaw_reverse2.0,eRickshaw,waiting,,0.0,0.0,220.0
546.0,easyBike_reverse1.4,easyBike,waiting,,0.0,0.0,209.0
546.0,easyBike_reverse1.3,easyBike,waiting,,0.0,0.0,159.0
547.0,easyBike_reverse1.2,easyBike,charging,288.0,25.61,20.0,
547.0,easyBike_reverse1.0,easyBike,charging,371.0,25.62,20.0,
547.0,eRickshaw_reverse1.0,eRickshaw,charging,267.0,30.0,20.0,
547.0,easyBike_reverse1.1,easyBike,charging,242.0,25.63,20.0,
547.0,eRickshaw_reverse2.0,eRickshaw,waiting,,0.0,0.0,221.0
547.0,easyBike_reverse1.4,easyBike,waiting,,0.0,0.0,210.0
547.0,easyBike_reverse1.3,easyBike,waiting,,0.0,0.0,160.0
548.0,easyBike_reverse1.2,easyBike,charging,289.0,25.61,20.0,
548.0,easyBike_reverse1.0,easyBike,charging,372.0,25.62,20.0,
548.0,eRickshaw_reverse1.0,eRickshaw,charging,268.0,30.0,20.0,
548.0,easyBike_reverse1.1,easyBike,charging,243.0,25.63,20.0,
548.0,eRickshaw_reverse2.0,eRickshaw,waiting,,0.0,0.0,222.0
548.0,easyBike_reverse1.4,easyBike,waiting,,0.0,0.0,211.0
548.0,easyBike_reverse1.3,easyBike,waiting,,0.0,0.0,161.0
549.0,easyBike_reverse1.2,easyBike,charging,290.0,25.61,20.0,
549.0,easyBike_reverse1.0,easyBike,charging,373.0,25.62,20.0,
549.0,eRickshaw_reverse1.0,eRickshaw,charging,269.0,30.0,20.0,
549.0,easyBike_reverse1.1,easyBike,charging,244.0,25.63,20.0,
549.0,eRickshaw_reverse2.0,eRickshaw,waiting,,0.0,0.0,223.0
549.0,easyBike_reverse1.4,easyBike,waiting,,0.0,0.0,212.0
549.0,easyBike_reverse1.3,easyBike,waiting,,0.0,0.0,162.0
550.0,easyBike_reverse1.2,easyBike,charging,291.0,25.61,20.0,
550.0,easyBike_reverse1.0,easyBike,charging,374.0,25.62,20.0,
550.0,eRickshaw_reverse1.0,eRickshaw,charging,270.0,30.0,20.0,
550.0,easyBike_reverse1.1,easyBike,charging,245.0,25.63,20.0,
550.0,eRickshaw_reverse2.0,eRickshaw,waiting,,0.0,0.0,224.0
550.0,easyBike_reverse1.4,easyBike,waiting,,0.0,0.0,213.0
550.0,easyBike_reverse1.3,easyBike,waiting,,0.0,0.0,163.0
551.0,easyBike_reverse1.2,easyBike,charging,292.0,25.61,20.0,
551.0,easyBike_reverse1.0,easyBike,charging,375.0,25.62,20.0,
551.0,eRickshaw_reverse1.0,eRickshaw,charging,271.0,30.0,20.0,
551.0,easyBike_reverse1.1,easyBike,charging,246.0,25.63,20.0,
551.0,eRickshaw_reverse2.0,eRickshaw,waiting,,0.0,0.0,225.0
551.0,easyBike_reverse1.4,easyBike,waiting,,0.0,0.0,214.0
551.0,easyBike_reverse1.3,easyBike,waiting,,0.0,0.0,164.0
552.0,easyBike_reverse1.2,easyBike,charging,293.0,25.61,20.0,
552.0,easyBike_reverse1.0,easyBike,charging,376.0,25.62,20.0,
552.0,eRickshaw_reverse1.0,eRickshaw,charging,272.0,30.0,20.0,
552.0,easyBike_reverse1.1,easyBike,charging,247.0,25.63,20.0,
552.0,eRickshaw_reverse2.0,eRickshaw,waiting,,0.0,0.0,226.0
552.0,easyBike_reverse1.4,easyBike,waiting,,0.0,0.0,215.0
552.0,easyBike_reverse1.3,easyBike,waiting,,0.0,0.0,165.0
553.0,easyBike_reverse1.2,easyBike,charging,294.0,25.61,20.0,
553.0,easyBike_reverse1.0,easyBike,charging,377.0,25.62,20.0,
553.0,eRickshaw_reverse1.0,eRickshaw,charging,273.0,30.0,20.0,
553.0,easyBike_reverse1.1,easyBike,charging,248.0,25.63,20.0,
553.0,eRickshaw_reverse2.0,eRickshaw,waiting,,0.0,0.0,227.0
553.0,easyBike_reverse1.4,easyBike,waiting,,0.0,0.0,216.0
553.0,easyBike_reverse1.3,easyBike,waiting,,0.0,0.0,166.0
554.0,easyBike_reverse1.2,easyBike,charging,295.0,25.61,20.0,
554.0,easyBike_reverse1.0,easyBike,charging,378.0,25.62,20.0,
554.0,eRickshaw_reverse1.0,eRickshaw,charging,274.0,30.0,20.0,
554.0,easyBike_reverse1.1,easyBike,charging,249.0,25.63,20.0,
554.0,eRickshaw_reverse2.0,eRickshaw,waiting,,0.0,0.0,228.0
554.0,easyBike_reverse1.4,easyBike,waiting,,0.0,0.0,217.0
554.0,easyBike_reverse1.3,easyBike,waiting,,0.0,0.0,167.0
555.0,easyBike_reverse1.2,easyBike,charging,296.0,25.61,20.0,
555.0,easyBike_reverse1.0,easyBike,charging,379.0,25.62,20.0,
555.0,eRickshaw_reverse1.0,eRickshaw,charging,275.0,30.0,20.0,
555.0,easyBike_reverse1.1,easyBike,charging,250.0,25.63,20.0,
555.0,eRickshaw_reverse2.0,eRickshaw,waiting,,0.0,0.0,229.0
555.0,easyBike_reverse1.4,easyBike,waiting,,0.0,0.0,218.0
555.0,easyBike_reverse1.3,easyBike,waiting,,0.0,0.0,168.0
556.0,easyBike_reverse1.2,easyBike,charging,297.0,25.61,20.0,
556.0,easyBike_reverse1.0,easyBike,charging,380.0,25.62,20.0,
556.0,eRickshaw_reverse1.0,eRickshaw,charging,276.0,30.0,20.0,
556.0,easyBike_reverse1.1,easyBike,charging,251.0,25.63,20.0,
556.0,eRickshaw_reverse2.0,eRickshaw,waiting,,0.0,0.0,230.0
556.0,easyBike_reverse1.4,easyBike,waiting,,0.0,0.0,219.0
556.0,easyBike_reverse1.3,easyBike,waiting,,0.0,0.0,169.0
557.0,easyBike_reverse1.2,easyBike,charging,298.0,25.61,20.0,
557.0,easyBike_reverse1.0,easyBike,charging,381.0,25.62,20.0,
557.0,eRickshaw_reverse1.0,eRickshaw,charging,277.0,30.0,20.0,
557.0,easyBike_reverse1.1,easyBike,charging,252.0,25.63,20.0,
557.0,eRickshaw_reverse2.0,eRickshaw,waiting,,0.0,0.0,231.0
557.0,easyBike_reverse1.4,easyBike,waiting,,0.0,0.0,220.0
557.0,easyBike_reverse1.3,easyBike,waiting,,0.0,0.0,170.0
558.0,easyBike_reverse1.2,easyBike,charging,299.0,25.61,20.0,
558.0,easyBike_reverse1.0,easyBike,charging,382.0,25.62,20.0,
558.0,eRickshaw_reverse1.0,eRickshaw,charging,278.0,30.0,20.0,
558.0,easyBike_reverse1.1,easyBike,charging,253.0,25.63,20.0,
558.0,eRickshaw_reverse2.0,eRickshaw,waiting,,0.0,0.0,232.0
558.0,easyBike_reverse1.4,easyBike,waiting,,0.0,0.0,221.0
558.0,easyBike_reverse1.3,easyBike,waiting,,0.0,0.0,171.0
559.0,easyBike_reverse1.2,easyBike,charging,300.0,25.61,20.0,
559.0,easyBike_reverse1.0,easyBike,charging,383.0,25.62,20.0,
559.0,eRickshaw_reverse1.0,eRickshaw,charging,279.0,30.0,20.0,
559.0,easyBike_reverse1.1,easyBike,charging,254.0,25.63,20.0,
559.0,eRickshaw_reverse2.0,eRickshaw,waiting,,0.0,0.0,233.0
559.0,easyBike_reverse1.4,easyBike,waiting,,0.0,0.0,222.0
559.0,easyBike_reverse1.3,easyBike,waiting,,0.0,0.0,172.0
560.0,easyBike_reverse1.2,easyBike,charging,301.0,25.61,20.0,
560.0,easyBike_reverse1.0,easyBike,charging,384.0,25.62,20.0,
560.0,eRickshaw_reverse1.0,eRickshaw,charging,280.0,30.0,20.0,
560.0,easyBike_reverse1.1,easyBike,charging,255.0,25.63,20.0,
560.0,eRickshaw_reverse2.0,eRickshaw,waiting,,0.0,0.0,234.0
560.0,easyBike_reverse1.4,easyBike,waiting,,0.0,0.0,223.0
560.0,easyBike_reverse1.3,easyBike,waiting,,0.0,0.0,173.0
561.0,easyBike_reverse1.2,easyBike,charging,302.0,25.61,20.0,
561.0,easyBike_reverse1.0,easyBike,charging,385.0,25.62,20.0,
561.0,eRickshaw_reverse1.0,eRickshaw,charging,281.0,30.0,20.0,
561.0,easyBike_reverse1.1,easyBike,charging,256.0,25.63,20.0,
561.0,eRickshaw_reverse2.0,eRickshaw,waiting,,0.0,0.0,235.0
561.0,easyBike_reverse1.4,easyBike,waiting,,0.0,0.0,224.0
561.0,easyBike_reverse1.3,easyBike,waiting,,0.0,0.0,174.0
562.0,easyBike_reverse1.2,easyBike,charging,303.0,25.61,20.0,
562.0,easyBike_reverse1.0,easyBike,charging,386.0,25.62,20.0,
562.0,eRickshaw_reverse1.0,eRickshaw,charging,282.0,30.0,20.0,
562.0,easyBike_reverse1.1,easyBike,charging,257.0,25.63,20.0,
562.0,eRickshaw_reverse2.0,eRickshaw,waiting,,0.0,0.0,236.0
562.0,easyBike_reverse1.4,easyBike,waiting,,0.0,0.0,225.0
562.0,easyBike_reverse1.3,easyBike,waiting,,0.0,0.0,175.0
563.0,easyBike_reverse1.2,easyBike,charging,304.0,25.61,20.0,
563.0,easyBike_reverse1.0,easyBike,charging,387.0,25.62,20.0,
563.0,eRickshaw_reverse1.0,eRickshaw,charging,283.0,30.0,20.0,
563.0,easyBike_reverse1.1,easyBike,charging,258.0,25.63,20.0,
563.0,eRickshaw_reverse2.0,eRickshaw,waiting,,0.0,0.0,237.0
563.0,easyBike_reverse1.4,easyBike,waiting,,0.0,0.0,226.0
563.0,easyBike_reverse1.3,easyBike,waiting,,0.0,0.0,176.0
564.0,easyBike_reverse1.2,easyBike,charging,305.0,25.61,20.0,
564.0,easyBike_reverse1.0,easyBike,charging,388.0,25.62,20.0,
564.0,eRickshaw_reverse1.0,eRickshaw,charging,284.0,30.0,20.0,
564.0,easyBike_reverse1.1,easyBike,charging,259.0,25.63,20.0,
564.0,eRickshaw_reverse2.0,eRickshaw,waiting,,0.0,0.0,238.0
564.0,easyBike_reverse1.4,easyBike,waiting,,0.0,0.0,227.0
564.0,easyBike_reverse1.3,easyBike,waiting,,0.0,0.0,177.0
565.0,easyBike_reverse1.2,easyBike,charging,306.0,25.61,20.0,
565.0,easyBike_reverse1.0,easyBike,charging,389.0,25.62,20.0,
565.0,eRickshaw_reverse1.0,eRickshaw,charging,285.0,30.0,20.0,
565.0,easyBike_reverse1.1,easyBike,charging,260.0,25.63,20.0,
565.0,eRickshaw_reverse2.0,eRickshaw,waiting,,0.0,0.0,239.0
565.0,easyBike_reverse1.4,easyBike,waiting,,0.0,0.0,228.0
565.0,easyBike_reverse1.3,easyBike,waiting,,0.0,0.0,178.0
566.0,easyBike_reverse1.2,easyBike,charging,307.0,25.61,20.0,
566.0,easyBike_reverse1.0,easyBike,charging,390.0,25.62,20.0,
566.0,eRickshaw_reverse1.0,eRickshaw,charging,286.0,30.0,20.0,
566.0,easyBike_reverse1.1,easyBike,charging,261.0,25.63,20.0,
566.0,eRickshaw_reverse2.0,eRickshaw,waiting,,0.0,0.0,240.0
566.0,easyBike_reverse1.4,easyBike,waiting,,0.0,0.0,229.0
566.0,easyBike_reverse1.3,easyBike,waiting,,0.0,0.0,179.0
567.0,easyBike_reverse1.2,easyBike,charging,308.0,25.61,20.0,
567.0,easyBike_reverse1.0,easyBike,charging,391.0,25.62,20.0,
567.0,eRickshaw_reverse1.0,eRickshaw,charging,287.0,30.0,20.0,
567.0,easyBike_reverse1.1,easyBike,charging,262.0,25.63,20.0,
567.0,eRickshaw_reverse2.0,eRickshaw,waiting,,0.0,0.0,241.0
567.0,easyBike_reverse1.4,easyBike,waiting,,0.0,0.0,230.0
567.0,easyBike_reverse1.3,easyBike,waiting,,0.0,0.0,180.0
568.0,easyBike_reverse1.2,easyBike,charging,309.0,25.61,20.0,
568.0,easyBike_reverse1.0,easyBike,charging,392.0,25.62,20.0,
568.0,eRickshaw_reverse1.0,eRickshaw,charging,288.0,30.0,20.0,
568.0,easyBike_reverse1.1,easyBike,charging,263.0,25.63,20.0,
568.0,eRickshaw_reverse2.0,eRickshaw,waiting,,0.0,0.0,242.0
568.0,easyBike_reverse1.4,easyBike,waiting,,0.0,0.0,231.0
568.0,easyBike_reverse1.3,easyBike,waiting,,0.0,0.0,181.0
569.0,easyBike_reverse1.2,easyBike,charging,310.0,25.61,20.0,
569.0,easyBike_reverse1.0,easyBike,charging,393.0,25.62,20.0,
569.0,eRickshaw_reverse1.0,eRickshaw,charging,289.0,30.0,20.0,
569.0,easyBike_reverse1.1,easyBike,charging,264.0,25.63,20.0,
569.0,eRickshaw_reverse2.0,eRickshaw,waiting,,0.0,0.0,243.0
569.0,easyBike_reverse1.4,easyBike,waiting,,0.0,0.0,232.0
569.0,easyBike_reverse1.3,easyBike,waiting,,0.0,0.0,182.0
570.0,easyBike_reverse1.2,easyBike,charging,311.0,25.61,20.0,
570.0,easyBike_reverse1.0,easyBike,charging,394.0,25.62,20.0,
570.0,eRickshaw_reverse1.0,eRickshaw,charging,290.0,30.0,20.0,
570.0,easyBike_reverse1.1,easyBike,charging,265.0,25.63,20.0,
570.0,eRickshaw_reverse2.0,eRickshaw,waiting,,0.0,0.0,244.0
570.0,easyBike_reverse1.4,easyBike,waiting,,0.0,0.0,233.0
570.0,easyBike_reverse1.3,easyBike,waiting,,0.0,0.0,183.0
571.0,easyBike_reverse1.2,easyBike,charging,312.0,25.61,20.0,
571.0,easyBike_reverse1.0,easyBike,charging,395.0,25.62,20.0,
571.0,eRickshaw_reverse1.0,eRickshaw,charging,291.0,30.0,20.0,
571.0,easyBike_reverse1.1,easyBike,charging,266.0,25.63,20.0,
571.0,eRickshaw_reverse2.0,eRickshaw,waiting,,0.0,0.0,245.0
571.0,easyBike_reverse1.4,easyBike,waiting,,0.0,0.0,234.0
571.0,easyBike_reverse1.3,easyBike,waiting,,0.0,0.0,184.0
572.0,easyBike_reverse1.2,easyBike,charging,313.0,25.61,20.0,
572.0,easyBike_reverse1.0,easyBike,charging,396.0,25.62,20.0,
572.0,eRickshaw_reverse1.0,eRickshaw,charging,292.0,30.0,20.0,
572.0,easyBike_reverse1.1,easyBike,charging,267.0,25.63,20.0,
572.0,eRickshaw_reverse2.0,eRickshaw,waiting,,0.0,0.0,246.0
572.0,easyBike_reverse1.4,easyBike,waiting,,0.0,0.0,235.0
572.0,easyBike_reverse1.3,easyBike,waiting,,0.0,0.0,185.0
573.0,easyBike_reverse1.2,easyBike,charging,314.0,25.61,20.0,
573.0,easyBike_reverse1.0,easyBike,charging,397.0,25.62,20.0,
573.0,eRickshaw_reverse1.0,eRickshaw,charging,293.0,30.0,20.0,
573.0,easyBike_reverse1.1,easyBike,charging,268.0,25.63,20.0,
573.0,eRickshaw_reverse2.0,eRickshaw,waiting,,0.0,0.0,247.0
573.0,easyBike_reverse1.4,easyBike,waiting,,0.0,0.0,236.0
573.0,easyBike_reverse1.3,easyBike,waiting,,0.0,0.0,186.0
574.0,easyBike_reverse1.2,easyBike,charging,315.0,25.61,20.0,
574.0,easyBike_reverse1.0,easyBike,charging,398.0,25.62,20.0,
574.0,eRickshaw_reverse1.0,eRickshaw,charging,294.0,30.0,20.0,
574.0,easyBike_reverse1.1,easyBike,charging,269.0,25.63,20.0,
574.0,eRickshaw_reverse2.0,eRickshaw,waiting,,0.0,0.0,248.0
574.0,easyBike_reverse1.4,easyBike,waiting,,0.0,0.0,237.0
574.0,easyBike_reverse1.3,easyBike,waiting,,0.0,0.0,187.0
575.0,easyBike_reverse1.2,easyBike,charging,316.0,25.61,20.0,
575.0,easyBike_reverse1.0,easyBike,charging,399.0,25.62,20.0,
575.0,eRickshaw_reverse1.0,eRickshaw,charging,295.0,30.0,20.0,
575.0,easyBike_reverse1.1,easyBike,charging,270.0,25.63,20.0,
575.0,eRickshaw_reverse2.0,eRickshaw,waiting,,0.0,0.0,249.0
575.0,easyBike_reverse1.4,easyBike,waiting,,0.0,0.0,238.0
575.0,easyBike_reverse1.3,easyBike,waiting,,0.0,0.0,188.0
576.0,easyBike_reverse1.2,easyBike,charging,317.0,25.61,20.0,
576.0,easyBike_reverse1.0,easyBike,charging,400.0,25.62,20.0,
576.0,eRickshaw_reverse1.0,eRickshaw,charging,296.0,30.0,20.0,
576.0,easyBike_reverse1.1,easyBike,charging,271.0,25.63,20.0,
576.0,eRickshaw_reverse2.0,eRickshaw,waiting,,0.0,0.0,250.0
576.0,easyBike_reverse1.4,easyBike,waiting,,0.0,0.0,239.0
576.0,easyBike_reverse1.3,easyBike,waiting,,0.0,0.0,189.0
577.0,easyBike_reverse1.2,easyBike,charging,318.0,25.61,20.0,
577.0,easyBike_reverse1.0,easyBike,charging,401.0,25.62,20.0,
577.0,eRickshaw_reverse1.0,eRickshaw,charging,297.0,30.0,20.0,
577.0,easyBike_reverse1.1,easyBike,charging,272.0,25.63,20.0,
577.0,eRickshaw_reverse2.0,eRickshaw,waiting,,0.0,0.0,251.0
577.0,easyBike_reverse1.4,easyBike,waiting,,0.0,0.0,240.0
577.0,easyBike_reverse1.3,easyBike,waiting,,0.0,0.0,190.0
578.0,easyBike_reverse1.2,easyBike,charging,319.0,25.61,20.0,
578.0,easyBike_reverse1.0,easyBike,charging,402.0,25.62,20.0,
578.0,eRickshaw_reverse1.0,eRickshaw,charging,298.0,30.0,20.0,
578.0,easyBike_reverse1.1,easyBike,charging,273.0,25.63,20.0,
578.0,eRickshaw_reverse2.0,eRickshaw,waiting,,0.0,0.0,252.0
578.0,easyBike_reverse1.4,easyBike,waiting,,0.0,0.0,241.0
578.0,easyBike_reverse1.3,easyBike,waiting,,0.0,0.0,191.0
579.0,easyBike_reverse1.2,easyBike,charging,320.0,25.61,20.0,
579.0,easyBike_reverse1.0,easyBike,charging,403.0,25.62,20.0,
579.0,eRickshaw_reverse1.0,eRickshaw,charging,299.0,30.0,20.0,
579.0,easyBike_reverse1.1,easyBike,charging,274.0,25.63,20.0,
579.0,eRickshaw_reverse2.0,eRickshaw,waiting,,0.0,0.0,253.0
579.0,easyBike_reverse1.4,easyBike,waiting,,0.0,0.0,242.0
579.0,easyBike_reverse1.3,easyBike,waiting,,0.0,0.0,192.0
580.0,easyBike_reverse1.2,easyBike,charging,321.0,25.61,20.0,
580.0,easyBike_reverse1.0,easyBike,charging,404.0,25.61,20.0,
580.0,eRickshaw_reverse1.0,eRickshaw,charging,300.0,30.0,20.0,
580.0,easyBike_reverse1.1,easyBike,charging,275.0,25.63,20.0,
580.0,eRickshaw_reverse2.0,eRickshaw,waiting,,0.0,0.0,254.0
580.0,easyBike_reverse1.4,easyBike,waiting,,0.0,0.0,243.0
580.0,easyBike_reverse1.3,easyBike,waiting,,0.0,0.0,193.0
581.0,easyBike_reverse1.2,easyBike,charging,322.0,25.61,20.0,
581.0,easyBike_reverse1.0,easyBike,charging,405.0,25.61,20.0,
581.0,eRickshaw_reverse1.0,eRickshaw,charging,301.0,30.0,20.0,
581.0,easyBike_reverse1.1,easyBike,charging,276.0,25.63,20.0,
581.0,eRickshaw_reverse2.0,eRickshaw,waiting,,0.0,0.0,255.0
581.0,easyBike_reverse1.4,easyBike,waiting,,0.0,0.0,244.0
581.0,easyBike_reverse1.3,easyBike,waiting,,0.0,0.0,194.0
582.0,easyBike_reverse1.2,easyBike,charging,323.0,25.61,20.0,
582.0,easyBike_reverse1.0,easyBike,charging,406.0,25.6,20.0,
582.0,eRickshaw_reverse1.0,eRickshaw,charging,302.0,30.0,20.0,
582.0,easyBike_reverse1.1,easyBike,charging,277.0,25.63,20.0,
582.0,eRickshaw_reverse2.0,eRickshaw,waiting,,0.0,0.0,256.0
582.0,easyBike_reverse1.4,easyBike,waiting,,0.0,0.0,245.0
582.0,easyBike_reverse1.3,easyBike,waiting,,0.0,0.0,195.0
583.0,easyBike_reverse1.2,easyBike,charging,324.0,25.61,20.0,
583.0,easyBike_reverse1.0,easyBike,charging,407.0,25.6,20.0,
583.0,eRickshaw_reverse1.0,eRickshaw,charging,303.0,30.0,20.0,
583.0,easyBike_reverse1.1,easyBike,charging,278.0,25.63,20.0,
583.0,eRickshaw_reverse2.0,eRickshaw,waiting,,0.0,0.0,257.0
583.0,easyBike_reverse1.4,easyBike,waiting,,0.0,0.0,246.0
583.0,easyBike_reverse1.3,easyBike,waiting,,0.0,0.0,196.0
584.0,easyBike_reverse1.2,easyBike,charging,325.0,25.61,20.0,
584.0,easyBike_reverse1.0,easyBike,charging,408.0,25.59,20.0,
584.0,eRickshaw_reverse1.0,eRickshaw,charging,304.0,30.0,20.0,
584.0,easyBike_reverse1.1,easyBike,charging,279.0,25.63,20.0,
584.0,eRickshaw_reverse2.0,eRickshaw,waiting,,0.0,0.0,258.0
584.0,easyBike_reverse1.4,easyBike,waiting,,0.0,0.0,247.0
584.0,easyBike_reverse1.3,easyBike,waiting,,0.0,0.0,197.0
585.0,easyBike_reverse1.2,easyBike,charging,326.0,25.61,20.0,
585.0,easyBike_reverse1.0,easyBike,charging,409.0,25.58,20.0,
585.0,eRickshaw_reverse1.0,eRickshaw,charging,305.0,30.0,20.0,
585.0,easyBike_reverse1.1,easyBike,charging,280.0,25.63,20.0,
585.0,eRickshaw_reverse2.0,eRickshaw,waiting,,0.0,0.0,259.0
585.0,easyBike_reverse1.4,easyBike,waiting,,0.0,0.0,248.0
585.0,easyBike_reverse1.3,easyBike,waiting,,0.0,0.0,198.0
586.0,easyBike_reverse1.2,easyBike,charging,327.0,25.61,20.0,
586.0,easyBike_reverse1.0,easyBike,charging,410.0,25.58,20.0,
586.0,eRickshaw_reverse1.0,eRickshaw,charging,306.0,30.0,20.0,
586.0,easyBike_reverse1.1,easyBike,charging,281.0,25.63,20.0,
586.0,eRickshaw_reverse2.0,eRickshaw,waiting,,0.0,0.0,260.0
586.0,easyBike_reverse1.4,easyBike,waiting,,0.0,0.0,249.0
586.0,easyBike_reverse1.3,easyBike,waiting,,0.0,0.0,199.0
587.0,easyBike_reverse1.2,easyBike,charging,328.0,25.61,20.0,
587.0,easyBike_reverse1.0,easyBike,charging,411.0,25.58,20.0,
587.0,eRickshaw_reverse1.0,eRickshaw,charging,307.0,29.99,20.0,
587.0,easyBike_reverse1.1,easyBike,charging,282.0,25.63,20.0,
587.0,eRickshaw_reverse2.0,eRickshaw,waiting,,0.0,0.0,261.0
587.0,easyBike_reverse1.4,easyBike,waiting,,0.0,0.0,250.0
587.0,easyBike_reverse1.3,easyBike,waiting,,0.0,0.0,200.0
588.0,easyBike_reverse1.2,easyBike,charging,329.0,25.61,20.0,
588.0,easyBike_reverse1.0,easyBike,charging,412.0,25.57,20.0,
588.0,eRickshaw_reverse1.0,eRickshaw,charging,308.0,29.99,20.0,
588.0,easyBike_reverse1.1,easyBike,charging,283.0,25.63,20.0,
588.0,eRickshaw_reverse2.0,eRickshaw,waiting,,0.0,0.0,262.0
588.0,easyBike_reverse1.4,easyBike,waiting,,0.0,0.0,251.0
588.0,easyBike_reverse1.3,easyBike,waiting,,0.0,0.0,201.0
589.0,easyBike_reverse1.2,easyBike,charging,330.0,25.61,20.0,
589.0,easyBike_reverse1.0,easyBike,charging,413.0,25.57,20.0,
589.0,eRickshaw_reverse1.0,eRickshaw,charging,309.0,29.99,20.0,
589.0,easyBike_reverse1.1,easyBike,charging,284.0,25.63,20.0,
589.0,eRickshaw_reverse2.0,eRickshaw,waiting,,0.0,0.0,263.0
589.0,easyBike_reverse1.4,easyBike,waiting,,0.0,0.0,252.0
589.0,easyBike_reverse1.3,easyBike,waiting,,0.0,0.0,202.0
590.0,easyBike_reverse1.2,easyBike,charging,331.0,25.61,20.0,
590.0,easyBike_reverse1.0,easyBike,charging,414.0,25.57,20.0,
590.0,eRickshaw_reverse1.0,eRickshaw,charging,310.0,29.99,20.0,
590.0,easyBike_reverse1.1,easyBike,charging,285.0,25.63,20.0,
590.0,eRickshaw_reverse2.0,eRickshaw,waiting,,0.0,0.0,264.0
590.0,easyBike_reverse1.4,easyBike,waiting,,0.0,0.0,253.0
590.0,easyBike_reverse1.3,easyBike,waiting,,0.0,0.0,203.0
591.0,easyBike_reverse1.2,easyBike,charging,332.0,25.61,20.0,
591.0,easyBike_reverse1.0,easyBike,charging,415.0,25.57,20.0,
591.0,eRickshaw_reverse1.0,eRickshaw,charging,311.0,29.98,20.0,
591.0,easyBike_reverse1.1,easyBike,charging,286.0,25.63,20.0,
591.0,eRickshaw_reverse2.0,eRickshaw,waiting,,0.0,0.0,265.0
591.0,easyBike_reverse1.4,easyBike,waiting,,0.0,0.0,254.0
591.0,easyBike_reverse1.3,easyBike,waiting,,0.0,0.0,204.0
592.0,easyBike_reverse1.2,easyBike,charging,333.0,25.61,20.0,
592.0,easyBike_reverse1.0,easyBike,charging,416.0,25.56,20.0,
592.0,eRickshaw_reverse1.0,eRickshaw,charging,312.0,29.98,20.0,
592.0,easyBike_reverse1.1,easyBike,charging,287.0,25.63,20.0,
592.0,eRickshaw_reverse2.0,eRickshaw,waiting,,0.0,0.0,266.0
592.0,easyBike_reverse1.4,easyBike,waiting,,0.0,0.0,255.0
592.0,easyBike_reverse1.3,easyBike,waiting,,0.0,0.0,205.0
593.0,easyBike_reverse1.2,easyBike,charging,334.0,25.61,20.0,
593.0,easyBike_reverse1.0,easyBike,charging,417.0,25.56,20.0,
593.0,eRickshaw_reverse1.0,eRickshaw,charging,313.0,29.98,20.0,
593.0,easyBike_reverse1.1,easyBike,charging,288.0,25.63,20.0,
593.0,eRickshaw_reverse2.0,eRickshaw,waiting,,0.0,0.0,267.0
593.0,easyBike_reverse1.4,easyBike,waiting,,0.0,0.0,256.0
593.0,easyBike_reverse1.3,easyBike,waiting,,0.0,0.0,206.0
594.0,easyBike_reverse1.2,easyBike,charging,335.0,25.61,20.0,
594.0,easyBike_reverse1.0,easyBike,charging,418.0,25.56,20.0,
594.0,eRickshaw_reverse1.0,eRickshaw,charging,314.0,29.97,20.0,
594.0,easyBike_reverse1.1,easyBike,charging,289.0,25.63,20.0,
594.0,eRickshaw_reverse2.0,eRickshaw,waiting,,0.0,0.0,268.0
594.0,easyBike_reverse1.4,easyBike,waiting,,0.0,0.0,257.0
594.0,easyBike_reverse1.3,easyBike,waiting,,0.0,0.0,207.0
595.0,easyBike_reverse1.2,easyBike,charging,336.0,25.61,20.0,
595.0,easyBike_reverse1.0,easyBike,charging,419.0,25.56,20.0,
595.0,eRickshaw_reverse1.0,eRickshaw,charging,315.0,29.97,20.0,
595.0,easyBike_reverse1.1,easyBike,charging,290.0,25.63,20.0,
595.0,eRickshaw_reverse2.0,eRickshaw,waiting,,0.0,0.0,269.0
595.0,easyBike_reverse1.4,easyBike,waiting,,0.0,0.0,258.0
595.0,easyBike_reverse1.3,easyBike,waiting,,0.0,0.0,208.0
596.0,easyBike_reverse1.2,easyBike,charging,337.0,25.61,20.0,
596.0,easyBike_reverse1.0,easyBike,charging,420.0,25.55,20.0,
596.0,eRickshaw_reverse1.0,eRickshaw,charging,316.0,29.96,20.0,
596.0,easyBike_reverse1.1,easyBike,charging,291.0,25.63,20.0,
596.0,eRickshaw_reverse2.0,eRickshaw,waiting,,0.0,0.0,270.0
596.0,easyBike_reverse1.4,easyBike,waiting,,0.0,0.0,259.0
596.0,easyBike_reverse1.3,easyBike,waiting,,0.0,0.0,209.0
597.0,easyBike_reverse1.2,easyBike,charging,338.0,25.61,20.0,
597.0,easyBike_reverse1.0,easyBike,charging,421.0,25.55,20.0,
597.0,eRickshaw_reverse1.0,eRickshaw,charging,317.0,29.96,20.0,
597.0,easyBike_reverse1.1,easyBike,charging,292.0,25.63,20.0,
597.0,eRickshaw_reverse2.0,eRickshaw,waiting,,0.0,0.0,271.0
597.0,easyBike_reverse1.4,easyBike,waiting,,0.0,0.0,260.0
597.0,easyBike_reverse1.3,easyBike,waiting,,0.0,0.0,210.0
598.0,easyBike_reverse1.2,easyBike,charging,339.0,25.61,20.0,
598.0,easyBike_reverse1.0,easyBike,charging,422.0,25.55,20.0,
598.0,eRickshaw_reverse1.0,eRickshaw,charging,318.0,29.95,20.0,
598.0,easyBike_reverse1.1,easyBike,charging,293.0,25.63,20.0,
598.0,eRickshaw_reverse2.0,eRickshaw,waiting,,0.0,0.0,272.0
598.0,easyBike_reverse1.4,easyBike,waiting,,0.0,0.0,261.0
598.0,easyBike_reverse1.3,easyBike,waiting,,0.0,0.0,211.0
599.0,easyBike_reverse1.2,easyBike,charging,340.0,25.61,20.0,
599.0,easyBike_reverse1.0,easyBike,charging,423.0,25.55,20.0,
599.0,eRickshaw_reverse1.0,eRickshaw,charging,319.0,29.94,20.0,
599.0,easyBike_reverse1.1,easyBike,charging,294.0,25.63,20.0,
599.0,eRickshaw_reverse2.0,eRickshaw,waiting,,0.0,0.0,273.0
599.0,easyBike_reverse1.4,easyBike,waiting,,0.0,0.0,262.0
599.0,easyBike_reverse1.3,easyBike,waiting,,0.0,0.0,212.0
600.0,easyBike_reverse1.2,easyBike,charging,341.0,25.61,20.0,
600.0,easyBike_reverse1.0,easyBike,charging,424.0,25.54,20.0,
600.0,eRickshaw_reverse1.0,eRickshaw,charging,320.0,29.94,20.0,
600.0,easyBike_reverse1.1,easyBike,charging,295.0,25.63,20.0,
600.0,eRickshaw_reverse2.0,eRickshaw,waiting,,0.0,0.0,274.0
600.0,easyBike_reverse1.4,easyBike,waiting,,0.0,0.0,263.0
600.0,easyBike_reverse1.3,easyBike,waiting,,0.0,0.0,213.0
277.0,eRickshaw_reverse3.0,eRickshaw,charging,0.0,30.01,20.0,
278.0,eRickshaw_reverse3.0,eRickshaw,charging,1.0,30.01,20.0,
279.0,eRickshaw_reverse3.0,eRickshaw,charging,2.0,30.01,20.0,
280.0,eRickshaw_reverse3.0,eRickshaw,charging,3.0,30.01,20.0,
281.0,eRickshaw_reverse3.0,eRickshaw,charging,4.0,30.01,20.0,
282.0,eRickshaw_reverse3.0,eRickshaw,charging,5.0,30.01,20.0,
283.0,eRickshaw_reverse3.0,eRickshaw,charging,6.0,30.01,20.0,
284.0,eRickshaw_reverse3.0,eRickshaw,charging,7.0,30.01,20.0,
285.0,eRickshaw_reverse3.0,eRickshaw,charging,8.0,30.01,20.0,
286.0,eRickshaw_reverse3.0,eRickshaw,charging,9.0,30.01,20.0,
287.0,eRickshaw_reverse3.0,eRickshaw,charging,10.0,30.01,20.0,
288.0,eRickshaw_reverse3.0,eRickshaw,charging,11.0,30.01,20.0,
289.0,eRickshaw_reverse3.0,eRickshaw,charging,12.0,30.01,20.0,
290.0,eRickshaw_reverse3.0,eRickshaw,charging,13.0,30.01,20.0,
291.0,eRickshaw_reverse3.0,eRickshaw,charging,14.0,30.01,20.0,
292.0,eRickshaw_reverse3.0,eRickshaw,charging,15.0,30.01,20.0,
293.0,eRickshaw_reverse3.0,eRickshaw,charging,16.0,30.01,20.0,
294.0,eRickshaw_reverse3.0,eRickshaw,charging,17.0,30.01,20.0,
295.0,eRickshaw_reverse3.0,eRickshaw,charging,18.0,30.01,20.0,
296.0,eRickshaw_reverse3.0,eRickshaw,charging,19.0,30.01,20.0,
297.0,eRickshaw_reverse3.0,eRickshaw,charging,20.0,30.01,20.0,
298.0,eRickshaw_reverse3.0,eRickshaw,charging,21.0,30.01,20.0,
299.0,eRickshaw_reverse3.0,eRickshaw,charging,22.0,30.01,20.0,
300.0,eRickshaw_reverse3.0,eRickshaw,charging,23.0,30.01,20.0,
301.0,eRickshaw_reverse3.0,eRickshaw,charging,24.0,30.01,20.0,
302.0,eRickshaw_reverse3.0,eRickshaw,charging,25.0,30.01,20.0,
303.0,eRickshaw_reverse3.0,eRickshaw,charging,26.0,30.01,20.0,
304.0,eRickshaw_reverse3.0,eRickshaw,charging,27.0,30.01,20.0,
305.0,eRickshaw_reverse3.0,eRickshaw,charging,28.0,30.01,20.0,
306.0,eRickshaw_reverse3.0,eRickshaw,charging,29.0,30.01,20.0,
307.0,eRickshaw_reverse3.0,eRickshaw,charging,30.0,30.01,20.0,
308.0,eRickshaw_reverse3.0,eRickshaw,charging,31.0,30.01,20.0,
309.0,eRickshaw_reverse3.0,eRickshaw,charging,32.0,30.01,20.0,
310.0,eRickshaw_reverse3.0,eRickshaw,charging,33.0,30.01,20.0,
311.0,eRickshaw_reverse3.0,eRickshaw,charging,34.0,30.01,20.0,
312.0,eRickshaw_reverse3.0,eRickshaw,charging,35.0,30.01,20.0,
313.0,eRickshaw_reverse3.0,eRickshaw,charging,36.0,30.01,20.0,
314.0,eRickshaw_reverse3.0,eRickshaw,charging,37.0,30.01,20.0,
315.0,eRickshaw_reverse3.0,eRickshaw,charging,38.0,30.01,20.0,
316.0,eRickshaw_reverse3.0,eRickshaw,charging,39.0,30.01,20.0,
317.0,eRickshaw_reverse3.0,eRickshaw,charging,40.0,30.01,20.0,
318.0,eRickshaw_reverse3.0,eRickshaw,charging,41.0,30.01,20.0,
319.0,eRickshaw_reverse3.0,eRickshaw,charging,42.0,30.01,20.0,
320.0,eRickshaw_reverse3.0,eRickshaw,charging,43.0,30.01,20.0,
321.0,eRickshaw_reverse3.0,eRickshaw,charging,44.0,30.01,20.0,
322.0,easyBike_reverse2.5,easyBike,charging,0.0,26.03,20.0,
322.0,eRickshaw_reverse3.0,eRickshaw,charging,45.0,30.01,20.0,
323.0,easyBike_reverse2.5,easyBike,charging,1.0,26.03,20.0,
323.0,eRickshaw_reverse3.0,eRickshaw,charging,46.0,30.01,20.0,
324.0,easyBike_reverse2.5,easyBike,charging,2.0,26.03,20.0,
324.0,eRickshaw_reverse3.0,eRickshaw,charging,47.0,30.01,20.0,
325.0,easyBike_reverse2.5,easyBike,charging,3.0,26.03,20.0,
325.0,eRickshaw_reverse3.0,eRickshaw,charging,48.0,30.01,20.0,
326.0,easyBike_reverse2.5,easyBike,charging,4.0,26.03,20.0,
326.0,eRickshaw_reverse3.0,eRickshaw,charging,49.0,30.01,20.0,
327.0,easyBike_reverse2.5,easyBike,charging,5.0,26.03,20.0,
327.0,eRickshaw_reverse3.0,eRickshaw,charging,50.0,30.01,20.0,
328.0,easyBike_reverse2.5,easyBike,charging,6.0,26.03,20.0,
328.0,eRickshaw_reverse3.0,eRickshaw,charging,51.0,30.01,20.0,
329.0,easyBike_reverse2.5,easyBike,charging,7.0,26.03,20.0,
329.0,eRickshaw_reverse3.0,eRickshaw,charging,52.0,30.01,20.0,
330.0,easyBike_reverse2.5,easyBike,charging,8.0,26.03,20.0,
330.0,eRickshaw_reverse3.0,eRickshaw,charging,53.0,30.01,20.0,
331.0,easyBike_reverse2.5,easyBike,charging,9.0,26.03,20.0,
331.0,eRickshaw_reverse3.0,eRickshaw,charging,54.0,30.01,20.0,
332.0,easyBike_reverse2.5,easyBike,charging,10.0,26.03,20.0,
332.0,eRickshaw_reverse3.0,eRickshaw,charging,55.0,30.01,20.0,
333.0,easyBike_reverse2.5,easyBike,charging,11.0,26.03,20.0,
333.0,eRickshaw_reverse3.0,eRickshaw,charging,56.0,30.01,20.0,
334.0,easyBike_reverse2.5,easyBike,charging,12.0,26.03,20.0,
334.0,eRickshaw_reverse3.0,eRickshaw,charging,57.0,30.01,20.0,
335.0,easyBike_reverse2.5,easyBike,charging,13.0,26.03,20.0,
335.0,eRickshaw_reverse3.0,eRickshaw,charging,58.0,30.01,20.0,
336.0,easyBike_reverse2.5,easyBike,charging,14.0,26.03,20.0,
336.0,eRickshaw_reverse3.0,eRickshaw,charging,59.0,30.01,20.0,
337.0,easyBike_reverse2.5,easyBike,charging,15.0,26.03,20.0,
337.0,eRickshaw_reverse3.0,eRickshaw,charging,60.0,30.01,20.0,
337.0,easyBike_reverse4.4,easyBike,charging,0.0,26.03,20.0,
338.0,easyBike_reverse2.5,easyBike,charging,16.0,26.03,20.0,
338.0,eRickshaw_reverse3.0,eRickshaw,charging,61.0,30.01,20.0,
338.0,easyBike_reverse4.4,easyBike,charging,1.0,26.03,20.0,
339.0,easyBike_reverse2.5,easyBike,charging,17.0,26.03,20.0,
339.0,eRickshaw_reverse3.0,eRickshaw,charging,62.0,30.01,20.0,
339.0,easyBike_reverse4.4,easyBike,charging,2.0,26.03,20.0,
340.0,easyBike_reverse2.5,easyBike,charging,18.0,26.03,20.0,
340.0,eRickshaw_reverse3.0,eRickshaw,charging,63.0,30.01,20.0,
340.0,easyBike_reverse4.4,easyBike,charging,3.0,26.03,20.0,
341.0,easyBike_reverse2.5,easyBike,charging,19.0,26.03,20.0,
341.0,eRickshaw_reverse3.0,eRickshaw,charging,64.0,30.01,20.0,
341.0,easyBike_reverse4.4,easyBike,charging,4.0,26.03,20.0,
342.0,easyBike_reverse2.5,easyBike,charging,20.0,26.03,20.0,
342.0,eRickshaw_reverse3.0,eRickshaw,charging,65.0,30.01,20.0,
342.0,easyBike_reverse4.4,easyBike,charging,5.0,26.03,20.0,
343.0,easyBike_reverse2.5,easyBike,charging,21.0,26.03,20.0,
343.0,eRickshaw_reverse3.0,eRickshaw,charging,66.0,30.01,20.0,
343.0,easyBike_reverse4.4,easyBike,charging,6.0,26.03,20.0,
344.0,easyBike_reverse2.5,easyBike,charging,22.0,26.03,20.0,
344.0,eRickshaw_reverse3.0,eRickshaw,charging,67.0,30.01,20.0,
344.0,easyBike_reverse4.4,easyBike,charging,7.0,26.03,20.0,
345.0,easyBike_reverse2.5,easyBike,charging,23.0,26.03,20.0,
345.0,eRickshaw_reverse3.0,eRickshaw,charging,68.0,30.01,20.0,
345.0,easyBike_reverse4.4,easyBike,charging,8.0,26.03,20.0,
346.0,easyBike_reverse2.5,easyBike,charging,24.0,26.03,20.0,
346.0,eRickshaw_reverse3.0,eRickshaw,charging,69.0,30.01,20.0,
346.0,easyBike_reverse4.4,easyBike,charging,9.0,26.03,20.0,
347.0,easyBike_reverse2.5,easyBike,charging,25.0,26.03,20.0,
347.0,eRickshaw_reverse3.0,eRickshaw,charging,70.0,30.01,20.0,
347.0,easyBike_reverse4.4,easyBike,charging,10.0,26.03,20.0,
348.0,easyBike_reverse2.5,easyBike,charging,26.0,26.03,20.0,
348.0,eRickshaw_reverse3.0,eRickshaw,charging,71.0,30.01,20.0,
348.0,easyBike_reverse4.4,easyBike,charging,11.0,26.03,20.0,
349.0,easyBike_reverse2.5,easyBike,charging,27.0,26.03,20.0,
349.0,eRickshaw_reverse3.0,eRickshaw,charging,72.0,30.01,20.0,
349.0,easyBike_reverse4.4,easyBike,charging,12.0,26.03,20.0,
350.0,easyBike_reverse2.5,easyBike,charging,28.0,26.03,20.0,
350.0,eRickshaw_reverse3.0,eRickshaw,charging,73.0,30.01,20.0,
350.0,easyBike_reverse4.4,easyBike,charging,13.0,26.03,20.0,
351.0,easyBike_reverse2.5,easyBike,charging,29.0,26.03,20.0,
351.0,eRickshaw_reverse3.0,eRickshaw,charging,74.0,30.01,20.0,
351.0,easyBike_reverse4.4,easyBike,charging,14.0,26.03,20.0,
352.0,easyBike_reverse2.5,easyBike,charging,30.0,26.03,20.0,
352.0,eRickshaw_reverse3.0,eRickshaw,charging,75.0,30.01,20.0,
352.0,easyBike_reverse4.4,easyBike,charging,15.0,26.03,20.0,
353.0,easyBike_reverse2.5,easyBike,charging,31.0,26.03,20.0,
353.0,eRickshaw_reverse3.0,eRickshaw,charging,76.0,30.01,20.0,
353.0,easyBike_reverse4.4,easyBike,charging,16.0,26.03,20.0,
354.0,easyBike_reverse2.5,easyBike,charging,32.0,26.03,20.0,
354.0,eRickshaw_reverse3.0,eRickshaw,charging,77.0,30.01,20.0,
354.0,easyBike_reverse4.4,easyBike,charging,17.0,26.03,20.0,
355.0,easyBike_reverse2.5,easyBike,charging,33.0,26.03,20.0,
355.0,eRickshaw_reverse3.0,eRickshaw,charging,78.0,30.01,20.0,
355.0,easyBike_reverse4.4,easyBike,charging,18.0,26.03,20.0,
356.0,easyBike_reverse2.5,easyBike,charging,34.0,26.03,20.0,
356.0,eRickshaw_reverse3.0,eRickshaw,charging,79.0,30.01,20.0,
356.0,easyBike_reverse4.4,easyBike,charging,19.0,26.03,20.0,
357.0,easyBike_reverse3.5,easyBike,charging,0.0,26.03,20.0,
357.0,easyBike_reverse2.5,easyBike,charging,35.0,26.03,20.0,
357.0,eRickshaw_reverse3.0,eRickshaw,charging,80.0,30.01,20.0,
357.0,easyBike_reverse4.4,easyBike,charging,20.0,26.03,20.0,
358.0,easyBike_reverse3.5,easyBike,charging,1.0,26.03,20.0,
358.0,easyBike_reverse2.5,easyBike,charging,36.0,26.03,20.0,
358.0,eRickshaw_reverse3.0,eRickshaw,charging,81.0,30.01,20.0,
358.0,easyBike_reverse4.4,easyBike,charging,21.0,26.03,20.0,
359.0,easyBike_reverse3.5,easyBike,charging,2.0,26.03,20.0,
359.0,easyBike_reverse2.5,easyBike,charging,37.0,26.03,20.0,
359.0,eRickshaw_reverse3.0,eRickshaw,charging,82.0,30.01,20.0,
359.0,easyBike_reverse4.4,easyBike,charging,22.0,26.03,20.0,
360.0,easyBike_reverse3.5,easyBike,charging,3.0,26.03,20.0,
360.0,easyBike_reverse2.5,easyBike,charging,38.0,26.03,20.0,
360.0,eRickshaw_reverse3.0,eRickshaw,charging,83.0,30.01,20.0,
360.0,easyBike_reverse4.4,easyBike,charging,23.0,26.03,20.0,
361.0,easyBike_reverse3.5,easyBike,charging,4.0,26.03,20.0,
361.0,easyBike_reverse2.5,easyBike,charging,39.0,26.03,20.0,
361.0,eRickshaw_reverse3.0,eRickshaw,charging,84.0,30.01,20.0,
361.0,easyBike_reverse4.4,easyBike,charging,24.0,26.02,20.0,
362.0,easyBike_reverse3.5,easyBike,charging,5.0,26.03,20.0,
362.0,easyBike_reverse2.5,easyBike,charging,40.0,26.03,20.0,
362.0,eRickshaw_reverse3.0,eRickshaw,charging,85.0,30.01,20.0,
362.0,easyBike_reverse4.4,easyBike,charging,25.0,26.02,20.0,
363.0,easyBike_reverse3.5,easyBike,charging,6.0,26.03,20.0,
363.0,easyBike_reverse2.5,easyBike,charging,41.0,26.02,20.0,
363.0,eRickshaw_reverse3.0,eRickshaw,charging,86.0,30.01,20.0,
363.0,easyBike_reverse4.4,easyBike,charging,26.0,26.02,20.0,
364.0,easyBike_reverse3.5,easyBike,charging,7.0,26.03,20.0,
364.0,easyBike_reverse2.5,easyBike,charging,42.0,26.02,20.0,
364.0,eRickshaw_reverse3.0,eRickshaw,charging,87.0,30.01,20.0,
364.0,easyBike_reverse4.4,easyBike,charging,27.0,26.02,20.0,
365.0,easyBike_reverse3.5,easyBike,charging,8.0,26.03,20.0,
365.0,easyBike_reverse2.5,easyBike,charging,43.0,26.02,20.0,
365.0,eRickshaw_reverse3.0,eRickshaw,charging,88.0,30.01,20.0,
365.0,easyBike_reverse4.4,easyBike,charging,28.0,26.01,20.0,
366.0,easyBike_reverse3.5,easyBike,charging,9.0,26.03,20.0,
366.0,easyBike_reverse2.5,easyBike,charging,44.0,26.02,20.0,
366.0,eRickshaw_reverse3.0,eRickshaw,charging,89.0,30.01,20.0,
366.0,easyBike_reverse4.4,easyBike,charging,29.0,26.01,20.0,
367.0,easyBike_reverse3.5,easyBike,charging,10.0,26.03,20.0,
367.0,easyBike_reverse2.5,easyBike,charging,45.0,26.01,20.0,
367.0,eRickshaw_reverse3.0,eRickshaw,charging,90.0,30.01,20.0,
367.0,easyBike_reverse4.4,easyBike,charging,30.0,26.0,20.0,
368.0,easyBike_reverse3.5,easyBike,charging,11.0,26.03,20.0,
368.0,easyBike_reverse2.5,easyBike,charging,46.0,26.01,20.0,
368.0,eRickshaw_reverse3.0,eRickshaw,charging,91.0,30.01,20.0,
368.0,easyBike_reverse4.4,easyBike,charging,31.0,26.0,20.0,
369.0,easyBike_reverse3.5,easyBike,charging,12.0,26.02,20.0,
369.0,easyBike_reverse2.5,easyBike,charging,47.0,26.0,20.0,
369.0,eRickshaw_reverse3.0,eRickshaw,charging,92.0,30.01,20.0,
369.0,easyBike_reverse4.4,easyBike,charging,32.0,25.99,20.0,
370.0,easyBike_reverse3.5,easyBike,charging,13.0,26.02,20.0,
370.0,easyBike_reverse2.5,easyBike,charging,48.0,25.99,20.0,
370.0,eRickshaw_reverse3.0,eRickshaw,charging,93.0,30.01,20.0,
370.0,easyBike_reverse4.4,easyBike,charging,33.0,25.99,20.0,
371.0,easyBike_reverse3.5,easyBike,charging,14.0,26.02,20.0,
371.0,easyBike_reverse2.5,easyBike,charging,49.0,25.99,20.0,
371.0,eRickshaw_reverse3.0,eRickshaw,charging,94.0,30.01,20.0,
371.0,easyBike_reverse4.4,easyBike,charging,34.0,25.98,20.0,
372.0,easyBike_reverse3.5,easyBike,charging,15.0,26.01,20.0,
372.0,easyBike_reverse2.5,easyBike,charging,50.0,25.98,20.0,
372.0,eRickshaw_reverse3.0,eRickshaw,charging,95.0,30.01,20.0,
372.0,easyBike_reverse4.4,easyBike,charging,35.0,25.98,20.0,
373.0,easyBike_reverse3.5,easyBike,charging,16.0,26.01,20.0,
373.0,easyBike_reverse2.5,easyBike,charging,51.0,25.98,20.0,
373.0,eRickshaw_reverse3.0,eRickshaw,charging,96.0,30.01,20.0,
373.0,easyBike_reverse4.4,easyBike,charging,36.0,25.97,20.0,
374.0,easyBike_reverse3.5,easyBike,charging,17.0,26.01,20.0,
374.0,easyBike_reverse2.5,easyBike,charging,52.0,25.98,20.0,
374.0,eRickshaw_reverse3.0,eRickshaw,charging,97.0,30.01,20.0,
374.0,easyBike_reverse4.4,easyBike,charging,37.0,25.97,20.0,
375.0,easyBike_reverse3.5,easyBike,charging,18.0,26.0,20.0,
375.0,easyBike_reverse2.5,easyBike,charging,53.0,25.97,20.0,
375.0,eRickshaw_reverse3.0,eRickshaw,charging,98.0,30.01,20.0,
375.0,easyBike_reverse4.4,easyBike,charging,38.0,25.97,20.0,
376.0,easyBike_reverse3.5,easyBike,charging,19.0,26.0,20.0,
376.0,easyBike_reverse2.5,easyBike,charging,54.0,25.97,20.0,
376.0,eRickshaw_reverse3.0,eRickshaw,charging,99.0,30.01,20.0,
376.0,easyBike_reverse4.4,easyBike,charging,39.0,25.97,20.0,
377.0,easyBike_reverse3.5,easyBike,charging,20.0,25.99,20.0,
377.0,easyBike_reverse2.5,easyBike,charging,55.0,25.97,20.0,
377.0,eRickshaw_reverse3.0,eRickshaw,charging,100.0,30.01,20.0,
377.0,easyBike_reverse4.4,easyBike,charging,40.0,25.96,20.0,
378.0,easyBike_reverse3.5,easyBike,charging,21.0,25.99,20.0,
378.0,easyBike_reverse2.5,easyBike,charging,56.0,25.97,20.0,
378.0,eRickshaw_reverse3.0,eRickshaw,charging,101.0,30.01,20.0,
378.0,easyBike_reverse4.4,easyBike,charging,41.0,25.96,20.0,
379.0,easyBike_reverse3.5,easyBike,charging,22.0,25.99,20.0,
379.0,easyBike_reverse2.5,easyBike,charging,57.0,25.97,20.0,
379.0,eRickshaw_reverse3.0,eRickshaw,charging,102.0,30.01,20.0,
379.0,easyBike_reverse4.4,easyBike,charging,42.0,25.96,20.0,
380.0,easyBike_reverse3.5,easyBike,charging,23.0,25.99,20.0,
380.0,easyBike_reverse2.5,easyBike,charging,58.0,25.96,20.0,
380.0,eRickshaw_reverse3.0,eRickshaw,charging,103.0,30.01,20.0,
380.0,easyBike_reverse4.4,easyBike,charging,43.0,25.96,20.0,
381.0,easyBike_reverse3.5,easyBike,charging,24.0,25.98,20.0,
381.0,easyBike_reverse2.5,easyBike,charging,59.0,25.96,20.0,
381.0,eRickshaw_reverse3.0,eRickshaw,charging,104.0,30.01,20.0,
381.0,easyBike_reverse4.4,easyBike,charging,44.0,25.96,20.0,
382.0,easyBike_reverse3.5,easyBike,charging,25.0,25.98,20.0,
382.0,easyBike_reverse2.5,easyBike,charging,60.0,25.96,20.0,
382.0,eRickshaw_reverse3.0,eRickshaw,charging,105.0,30.01,20.0,
382.0,easyBike_reverse4.4,easyBike,charging,45.0,25.95,20.0,
383.0,easyBike_reverse3.5,easyBike,charging,26.0,25.98,20.0,
383.0,easyBike_reverse2.5,easyBike,charging,61.0,25.96,20.0,
383.0,eRickshaw_reverse3.0,eRickshaw,charging,106.0,30.01,20.0,
383.0,easyBike_reverse4.4,easyBike,charging,46.0,25.95,20.0,
384.0,easyBike_reverse3.5,easyBike,charging,27.0,25.98,20.0,
384.0,easyBike_reverse2.5,easyBike,charging,62.0,25.95,20.0,
384.0,eRickshaw_reverse3.0,eRickshaw,charging,107.0,30.01,20.0,
384.0,easyBike_reverse4.4,easyBike,charging,47.0,25.95,20.0,
385.0,easyBike_reverse3.5,easyBike,charging,28.0,25.97,20.0,
385.0,easyBike_reverse2.5,easyBike,charging,63.0,25.95,20.0,
385.0,eRickshaw_reverse3.0,eRickshaw,charging,108.0,30.01,20.0,
385.0,easyBike_reverse4.4,easyBike,charging,48.0,25.95,20.0,
386.0,easyBike_reverse3.5,easyBike,charging,29.0,25.97,20.0,
386.0,easyBike_reverse2.5,easyBike,charging,64.0,25.95,20.0,
386.0,eRickshaw_reverse3.0,eRickshaw,charging,109.0,30.01,20.0,
386.0,easyBike_reverse4.4,easyBike,charging,49.0,25.94,20.0,
387.0,easyBike_reverse3.5,easyBike,charging,30.0,25.97,20.0,
387.0,easyBike_reverse2.5,easyBike,charging,65.0,25.95,20.0,
387.0,eRickshaw_reverse3.0,eRickshaw,charging,110.0,30.01,20.0,
387.0,easyBike_reverse4.4,easyBike,charging,50.0,25.94,20.0,
388.0,easyBike_reverse3.5,easyBike,charging,31.0,25.97,20.0,
388.0,easyBike_reverse2.5,easyBike,charging,66.0,25.94,20.0,
388.0,eRickshaw_reverse3.0,eRickshaw,charging,111.0,30.01,20.0,
388.0,easyBike_reverse4.4,easyBike,charging,51.0,25.94,20.0,
389.0,easyBike_reverse3.5,easyBike,charging,32.0,25.96,20.0,
389.0,easyBike_reverse2.5,easyBike,charging,67.0,25.94,20.0,
389.0,eRickshaw_reverse3.0,eRickshaw,charging,112.0,30.01,20.0,
389.0,easyBike_reverse4.4,easyBike,charging,52.0,25.94,20.0,
390.0,easyBike_reverse3.5,easyBike,charging,33.0,25.96,20.0,
390.0,easyBike_reverse2.5,easyBike,charging,68.0,25.94,20.0,
390.0,eRickshaw_reverse3.0,eRickshaw,charging,113.0,30.01,20.0,
390.0,easyBike_reverse4.4,easyBike,charging,53.0,25.93,20.0,
391.0,easyBike_reverse3.5,easyBike,charging,34.0,25.95,20.0,
391.0,easyBike_reverse2.5,easyBike,charging,69.0,25.94,20.0,
391.0,eRickshaw_reverse3.0,eRickshaw,charging,114.0,30.01,20.0,
391.0,easyBike_reverse4.4,easyBike,charging,54.0,25.93,20.0,
392.0,easyBike_reverse3.5,easyBike,charging,35.0,25.95,20.0,
392.0,easyBike_reverse2.5,easyBike,charging,70.0,25.94,20.0,
392.0,eRickshaw_reverse3.0,eRickshaw,charging,115.0,30.01,20.0,
392.0,easyBike_reverse4.4,easyBike,charging,55.0,25.93,20.0,
393.0,easyBike_reverse3.5,easyBike,charging,36.0,25.95,20.0,
393.0,easyBike_reverse2.5,easyBike,charging,71.0,25.93,20.0,
393.0,eRickshaw_reverse3.0,eRickshaw,charging,116.0,30.01,20.0,
393.0,easyBike_reverse4.4,easyBike,charging,56.0,25.93,20.0,
394.0,easyBike_reverse3.5,easyBike,charging,37.0,25.95,20.0,
394.0,easyBike_reverse2.5,easyBike,charging,72.0,25.93,20.0,
394.0,eRickshaw_reverse3.0,eRickshaw,charging,117.0,30.01,20.0,
394.0,easyBike_reverse4.4,easyBike,charging,57.0,25.93,20.0,
395.0,easyBike_reverse3.5,easyBike,charging,38.0,25.95,20.0,
395.0,easyBike_reverse2.5,easyBike,charging,73.0,25.93,20.0,
395.0,eRickshaw_reverse3.0,eRickshaw,charging,118.0,30.01,20.0,
395.0,easyBike_reverse4.4,easyBike,charging,58.0,25.92,20.0,
396.0,easyBike_reverse3.5,easyBike,charging,39.0,25.94,20.0,
396.0,easyBike_reverse2.5,easyBike,charging,74.0,25.93,20.0,
396.0,eRickshaw_reverse3.0,eRickshaw,charging,119.0,30.01,20.0,
396.0,easyBike_reverse4.4,easyBike,charging,59.0,25.92,20.0,
397.0,easyBike_reverse3.5,easyBike,charging,40.0,25.94,20.0,
397.0,easyBike_reverse2.5,easyBike,charging,75.0,25.92,20.0,
397.0,eRickshaw_reverse3.0,eRickshaw,charging,120.0,30.01,20.0,
397.0,easyBike_reverse4.4,easyBike,charging,60.0,25.92,20.0,
398.0,easyBike_reverse3.5,easyBike,charging,41.0,25.94,20.0,
398.0,easyBike_reverse2.5,easyBike,charging,76.0,25.92,20.0,
398.0,eRickshaw_reverse3.0,eRickshaw,charging,121.0,30.01,20.0,
398.0,easyBike_reverse4.4,easyBike,charging,61.0,25.92,20.0,
399.0,easyBike_reverse3.5,easyBike,charging,42.0,25.94,20.0,
399.0,easyBike_reverse2.5,easyBike,charging,77.0,25.92,20.0,
399.0,eRickshaw_reverse3.0,eRickshaw,charging,122.0,30.01,20.0,
399.0,easyBike_reverse4.4,easyBike,charging,62.0,25.91,20.0,
400.0,easyBike_reverse3.5,easyBike,charging,43.0,25.93,20.0,
400.0,easyBike_reverse2.5,easyBike,charging,78.0,25.92,20.0,
400.0,eRickshaw_reverse3.0,eRickshaw,charging,123.0,30.01,20.0,
400.0,easyBike_reverse4.4,easyBike,charging,63.0,25.91,20.0,
401.0,easyBike_reverse3.5,easyBike,charging,44.0,25.93,20.0,
401.0,easyBike_reverse2.5,easyBike,charging,79.0,25.92,20.0,
401.0,eRickshaw_reverse3.0,eRickshaw,charging,124.0,30.01,20.0,
401.0,easyBike_reverse4.4,easyBike,charging,64.0,25.91,20.0,
402.0,easyBike_reverse3.5,easyBike,charging,45.0,25.93,20.0,
402.0,easyBike_reverse2.5,easyBike,charging,80.0,25.91,20.0,
402.0,eRickshaw_reverse3.0,eRickshaw,charging,125.0,30.01,20.0,
402.0,easyBike_reverse4.4,easyBike,charging,65.0,25.91,20.0,
403.0,easyBike_reverse3.5,easyBike,charging,46.0,25.93,20.0,
403.0,easyBike_reverse2.5,easyBike,charging,81.0,25.91,20.0,
403.0,eRickshaw_reverse3.0,eRickshaw,charging,126.0,30.01,20.0,
403.0,easyBike_reverse4.4,easyBike,charging,66.0,25.9,20.0,
404.0,easyBike_reverse3.5,easyBike,charging,47.0,25.92,20.0,
404.0,easyBike_reverse2.5,easyBike,charging,82.0,25.91,20.0,
404.0,eRickshaw_reverse3.0,eRickshaw,charging,127.0,30.01,20.0,
404.0,easyBike_reverse4.4,easyBike,charging,67.0,25.9,20.0,
405.0,easyBike_reverse3.5,easyBike,charging,48.0,25.92,20.0,
405.0,easyBike_reverse2.5,easyBike,charging,83.0,25.91,20.0,
405.0,eRickshaw_reverse3.0,eRickshaw,charging,128.0,30.01,20.0,
405.0,easyBike_reverse4.4,easyBike,charging,68.0,25.9,20.0,
405.0,easyBike_reverse3.6,easyBike,waiting,,0.0,0.0,0.0
406.0,easyBike_reverse3.5,easyBike,charging,49.0,25.92,20.0,
406.0,easyBike_reverse2.5,easyBike,charging,84.0,25.9,20.0,
406.0,eRickshaw_reverse3.0,eRickshaw,charging,129.0,30.01,20.0,
406.0,easyBike_reverse4.4,easyBike,charging,69.0,25.9,20.0,
406.0,easyBike_reverse3.6,easyBike,waiting,,0.0,0.0,1.0
407.0,easyBike_reverse3.5,easyBike,charging,50.0,25.92,20.0,
407.0,easyBike_reverse2.5,easyBike,charging,85.0,25.9,20.0,
407.0,eRickshaw_reverse3.0,eRickshaw,charging,130.0,30.01,20.0,
407.0,easyBike_reverse4.4,easyBike,charging,70.0,25.9,20.0,
407.0,easyBike_reverse3.6,easyBike,waiting,,0.0,0.0,2.0
408.0,easyBike_reverse3.5,easyBike,charging,51.0,25.91,20.0,
408.0,easyBike_reverse2.5,easyBike,charging,86.0,25.9,20.0,
408.0,eRickshaw_reverse3.0,eRickshaw,charging,131.0,30.01,20.0,
408.0,easyBike_reverse4.4,easyBike,charging,71.0,25.89,20.0,
408.0,easyBike_reverse3.6,easyBike,waiting,,0.0,0.0,3.0
409.0,easyBike_reverse3.5,easyBike,charging,52.0,25.91,20.0,
409.0,easyBike_reverse2.5,easyBike,charging,87.0,25.9,20.0,
409.0,eRickshaw_reverse3.0,eRickshaw,charging,132.0,30.01,20.0,
409.0,easyBike_reverse4.4,easyBike,charging,72.0,25.89,20.0,
409.0,easyBike_reverse3.6,easyBike,waiting,,0.0,0.0,4.0
410.0,easyBike_reverse3.5,easyBike,charging,53.0,25.91,20.0,
410.0,easyBike_reverse2.5,easyBike,charging,88.0,25.9,20.0,
410.0,eRickshaw_reverse3.0,eRickshaw,charging,133.0,30.01,20.0,
410.0,easyBike_reverse4.4,easyBike,charging,73.0,25.89,20.0,
410.0,easyBike_reverse3.6,easyBike,waiting,,0.0,0.0,5.0
411.0,easyBike_reverse3.5,easyBike,charging,54.0,25.91,20.0,
411.0,easyBike_reverse2.5,easyBike,charging,89.0,25.89,20.0,
411.0,eRickshaw_reverse3.0,eRickshaw,charging,134.0,30.01,20.0,
411.0,easyBike_reverse4.4,easyBike,charging,74.0,25.89,20.0,
411.0,easyBike_reverse3.6,easyBike,waiting,,0.0,0.0,6.0
412.0,easyBike_reverse3.5,easyBike,charging,55.0,25.91,20.0,
412.0,easyBike_reverse2.5,easyBike,charging,90.0,25.89,20.0,
412.0,eRickshaw_reverse3.0,eRickshaw,charging,135.0,30.01,20.0,
412.0,easyBike_reverse4.4,easyBike,charging,75.0,25.88,20.0,
412.0,easyBike_reverse3.6,easyBike,waiting,,0.0,0.0,7.0
413.0,easyBike_reverse3.5,easyBike,charging,56.0,25.9,20.0,
413.0,easyBike_reverse2.5,easyBike,charging,91.0,25.89,20.0,
413.0,eRickshaw_reverse3.0,eRickshaw,charging,136.0,30.01,20.0,
413.0,easyBike_reverse4.4,easyBike,charging,76.0,25.88,20.0,
413.0,easyBike_reverse3.6,easyBike,waiting,,0.0,0.0,8.0
414.0,easyBike_reverse3.5,easyBike,charging,57.0,25.9,20.0,
414.0,easyBike_reverse2.5,easyBike,charging,92.0,25.89,20.0,
414.0,eRickshaw_reverse3.0,eRickshaw,charging,137.0,30.01,20.0,
414.0,easyBike_reverse4.4,easyBike,charging,77.0,25.88,20.0,
414.0,easyBike_reverse3.6,easyBike,waiting,,0.0,0.0,9.0
415.0,easyBike_reverse3.5,easyBike,charging,58.0,25.9,20.0,
415.0,easyBike_reverse2.5,easyBike,charging,93.0,25.88,20.0,
415.0,eRickshaw_reverse3.0,eRickshaw,charging,138.0,30.01,20.0,
415.0,easyBike_reverse4.4,easyBike,charging,78.0,25.88,20.0,
415.0,easyBike_reverse3.6,easyBike,waiting,,0.0,0.0,10.0
415.0,easyBike_reverse2.7,easyBike,waiting,,0.0,0.0,0.0
416.0,easyBike_reverse3.5,easyBike,charging,59.0,25.9,20.0,
416.0,easyBike_reverse2.5,easyBike,charging,94.0,25.88,20.0,
416.0,eRickshaw_reverse3.0,eRickshaw,charging,139.0,30.01,20.0,
416.0,easyBike_reverse4.4,easyBike,charging,79.0,25.87,20.0,
416.0,easyBike_reverse3.6,easyBike,waiting,,0.0,0.0,11.0
416.0,easyBike_reverse2.7,easyBike,waiting,,0.0,0.0,1.0
417.0,easyBike_reverse3.5,easyBike,charging,60.0,25.89,20.0,
417.0,easyBike_reverse2.5,easyBike,charging,95.0,25.88,20.0,
417.0,eRickshaw_reverse3.0,eRickshaw,charging,140.0,30.01,20.0,
417.0,easyBike_reverse4.4,easyBike,charging,80.0,25.87,20.0,
417.0,easyBike_reverse3.6,easyBike,waiting,,0.0,0.0,12.0
417.0,easyBike_reverse2.7,easyBike,waiting,,0.0,0.0,2.0
418.0,easyBike_reverse3.5,easyBike,charging,61.0,25.89,20.0,
418.0,easyBike_reverse2.5,easyBike,charging,96.0,25.88,20.0,
418.0,eRickshaw_reverse3.0,eRickshaw,charging,141.0,30.01,20.0,
418.0,easyBike_reverse4.4,easyBike,charging,81.0,25.87,20.0,
418.0,easyBike_reverse3.6,easyBike,waiting,,0.0,0.0,13.0
418.0,easyBike_reverse2.7,easyBike,waiting,,0.0,0.0,3.0
419.0,easyBike_reverse3.5,easyBike,charging,62.0,25.89,20.0,
419.0,easyBike_reverse2.5,easyBike,charging,97.0,25.87,20.0,
419.0,eRickshaw_reverse3.0,eRickshaw,charging,142.0,30.01,20.0,
419.0,easyBike_reverse4.4,easyBike,charging,82.0,25.87,20.0,
419.0,easyBike_reverse3.6,easyBike,waiting,,0.0,0.0,14.0
419.0,easyBike_reverse2.7,easyBike,waiting,,0.0,0.0,4.0
420.0,easyBike_reverse3.5,easyBike,charging,63.0,25.89,20.0,
420.0,easyBike_reverse2.5,easyBike,charging,98.0,25.87,20.0,
420.0,eRickshaw_reverse3.0,eRickshaw,charging,143.0,30.01,20.0,
420.0,easyBike_reverse4.4,easyBike,charging,83.0,25.87,20.0,
420.0,easyBike_reverse3.6,easyBike,waiting,,0.0,0.0,15.0
420.0,easyBike_reverse2.7,easyBike,waiting,,0.0,0.0,5.0
421.0,easyBike_reverse3.5,easyBike,charging,64.0,25.88,20.0,
421.0,easyBike_reverse2.5,easyBike,charging,99.0,25.87,20.0,
421.0,eRickshaw_reverse3.0,eRickshaw,charging,144.0,30.01,20.0,
421.0,easyBike_reverse4.4,easyBike,charging,84.0,25.86,20.0,
421.0,easyBike_reverse3.6,easyBike,waiting,,0.0,0.0,16.0
421.0,easyBike_reverse2.7,easyBike,waiting,,0.0,0.0,6.0
422.0,easyBike_reverse3.5,easyBike,charging,65.0,25.88,20.0,
422.0,easyBike_reverse2.5,easyBike,charging,100.0,25.87,20.0,
422.0,eRickshaw_reverse3.0,eRickshaw,charging,145.0,30.01,20.0,
422.0,easyBike_reverse4.4,easyBike,charging,85.0,25.86,20.0,
422.0,easyBike_reverse3.6,easyBike,waiting,,0.0,0.0,17.0
422.0,easyBike_reverse2.7,easyBike,waiting,,0.0,0.0,7.0
423.0,easyBike_reverse3.5,easyBike,charging,66.0,25.88,20.0,
423.0,easyBike_reverse2.5,easyBike,charging,101.0,25.87,20.0,
423.0,eRickshaw_reverse3.0,eRickshaw,charging,146.0,30.01,20.0,
423.0,easyBike_reverse4.4,easyBike,charging,86.0,25.86,20.0,
423.0,easyBike_reverse3.6,easyBike,waiting,,0.0,0.0,18.0
423.0,easyBike_reverse2.7,easyBike,waiting,,0.0,0.0,8.0
424.0,easyBike_reverse3.5,easyBike,charging,67.0,25.88,20.0,
424.0,easyBike_reverse2.5,easyBike,charging,102.0,25.86,20.0,
424.0,eRickshaw_reverse3.0,eRickshaw,charging,147.0,30.01,20.0,
424.0,easyBike_reverse4.4,easyBike,charging,87.0,25.86,20.0,
424.0,easyBike_reverse3.6,easyBike,waiting,,0.0,0.0,19.0
424.0,easyBike_reverse2.7,easyBike,waiting,,0.0,0.0,9.0
425.0,easyBike_reverse3.5,easyBike,charging,68.0,25.88,20.0,
425.0,easyBike_reverse2.5,easyBike,charging,103.0,25.86,20.0,
425.0,eRickshaw_reverse3.0,eRickshaw,charging,148.0,30.01,20.0,
425.0,easyBike_reverse4.4,easyBike,charging,88.0,25.86,20.0,
425.0,easyBike_reverse3.6,easyBike,waiting,,0.0,0.0,20.0
425.0,easyBike_reverse2.7,easyBike,waiting,,0.0,0.0,10.0
426.0,easyBike_reverse3.5,easyBike,charging,69.0,25.87,20.0,
426.0,easyBike_reverse2.5,easyBike,charging,104.0,25.86,20.0,
426.0,eRickshaw_reverse3.0,eRickshaw,charging,149.0,30.01,20.0,
426.0,easyBike_reverse4.4,easyBike,charging,89.0,25.85,20.0,
426.0,easyBike_reverse3.6,easyBike,waiting,,0.0,0.0,21.0
426.0,easyBike_reverse2.7,easyBike,waiting,,0.0,0.0,11.0
427.0,easyBike_reverse3.5,easyBike,charging,70.0,25.87,20.0,
427.0,easyBike_reverse2.5,easyBike,charging,105.0,25.86,20.0,
427.0,eRickshaw_reverse3.0,eRickshaw,charging,150.0,30.01,20.0,
427.0,easyBike_reverse4.4,easyBike,charging,90.0,25.85,20.0,
427.0,easyBike_reverse3.6,easyBike,waiting,,0.0,0.0,22.0
427.0,easyBike_reverse2.7,easyBike,waiting,,0.0,0.0,12.0
428.0,easyBike_reverse3.5,easyBike,charging,71.0,25.87,20.0,
428.0,easyBike_reverse2.5,easyBike,charging,106.0,25.85,20.0,
428.0,eRickshaw_reverse3.0,eRickshaw,charging,151.0,30.01,20.0,
428.0,easyBike_reverse4.4,easyBike,charging,91.0,25.85,20.0,
428.0,easyBike_reverse3.6,easyBike,waiting,,0.0,0.0,23.0
428.0,easyBike_reverse2.7,easyBike,waiting,,0.0,0.0,13.0
429.0,easyBike_reverse3.5,easyBike,charging,72.0,25.87,20.0,
429.0,easyBike_reverse2.5,easyBike,charging,107.0,25.85,20.0,
429.0,eRickshaw_reverse3.0,eRickshaw,charging,152.0,30.01,20.0,
429.0,easyBike_reverse4.4,easyBike,charging,92.0,25.85,20.0,
429.0,easyBike_reverse3.6,easyBike,waiting,,0.0,0.0,24.0
429.0,easyBike_reverse2.7,easyBike,waiting,,0.0,0.0,14.0
430.0,easyBike_reverse3.5,easyBike,charging,73.0,25.86,20.0,
430.0,easyBike_reverse2.5,easyBike,charging,108.0,25.85,20.0,
430.0,eRickshaw_reverse3.0,eRickshaw,charging,153.0,30.01,20.0,
430.0,easyBike_reverse4.4,easyBike,charging,93.0,25.84,20.0,
430.0,easyBike_reverse3.6,easyBike,waiting,,0.0,0.0,25.0
430.0,easyBike_reverse2.7,easyBike,waiting,,0.0,0.0,15.0
431.0,easyBike_reverse3.5,easyBike,charging,74.0,25.86,20.0,
431.0,easyBike_reverse2.5,easyBike,charging,109.0,25.85,20.0,
431.0,eRickshaw_reverse3.0,eRickshaw,charging,154.0,30.01,20.0,
431.0,easyBike_reverse4.4,easyBike,charging,94.0,25.84,20.0,
431.0,easyBike_reverse3.6,easyBike,waiting,,0.0,0.0,26.0
431.0,easyBike_reverse2.7,easyBike,waiting,,0.0,0.0,16.0
432.0,easyBike_reverse3.5,easyBike,charging,75.0,25.86,20.0,
432.0,easyBike_reverse2.5,easyBike,charging,110.0,25.84,20.0,
432.0,eRickshaw_reverse3.0,eRickshaw,charging,155.0,30.01,20.0,
432.0,easyBike_reverse4.4,easyBike,charging,95.0,25.84,20.0,
432.0,easyBike_reverse3.6,easyBike,waiting,,0.0,0.0,27.0
432.0,easyBike_reverse2.7,easyBike,waiting,,0.0,0.0,17.0
433.0,easyBike_reverse3.5,easyBike,charging,76.0,25.86,20.0,
433.0,easyBike_reverse2.5,easyBike,charging,111.0,25.84,20.0,
433.0,eRickshaw_reverse3.0,eRickshaw,charging,156.0,30.01,20.0,
433.0,easyBike_reverse4.4,easyBike,charging,96.0,25.84,20.0,
433.0,easyBike_reverse3.6,easyBike,waiting,,0.0,0.0,28.0
433.0,easyBike_reverse2.7,easyBike,waiting,,0.0,0.0,18.0
434.0,easyBike_reverse3.5,easyBike,charging,77.0,25.85,20.0,
434.0,easyBike_reverse2.5,easyBike,charging,112.0,25.84,20.0,
434.0,eRickshaw_reverse3.0,eRickshaw,charging,157.0,30.01,20.0,
434.0,easyBike_reverse4.4,easyBike,charging,97.0,25.84,20.0,
434.0,easyBike_reverse3.6,easyBike,waiting,,0.0,0.0,29.0
434.0,easyBike_reverse2.7,easyBike,waiting,,0.0,0.0,19.0
435.0,easyBike_reverse3.5,easyBike,charging,78.0,25.85,20.0,
435.0,easyBike_reverse2.5,easyBike,charging,113.0,25.84,20.0,
435.0,eRickshaw_reverse3.0,eRickshaw,charging,158.0,30.01,20.0,
435.0,easyBike_reverse4.4,easyBike,charging,98.0,25.83,20.0,
435.0,easyBike_reverse3.6,easyBike,waiting,,0.0,0.0,30.0
435.0,easyBike_reverse2.7,easyBike,waiting,,0.0,0.0,20.0
436.0,easyBike_reverse3.5,easyBike,charging,79.0,25.85,20.0,
436.0,easyBike_reverse2.5,easyBike,charging,114.0,25.84,20.0,
436.0,eRickshaw_reverse3.0,eRickshaw,charging,159.0,30.01,20.0,
436.0,easyBike_reverse4.4,easyBike,charging,99.0,25.83,20.0,
436.0,easyBike_reverse3.6,easyBike,waiting,,0.0,0.0,31.0
436.0,easyBike_reverse2.7,easyBike,waiting,,0.0,0.0,21.0
437.0,easyBike_reverse3.5,easyBike,charging,80.0,25.85,20.0,
437.0,easyBike_reverse2.5,easyBike,charging,115.0,25.83,20.0,
437.0,eRickshaw_reverse3.0,eRickshaw,charging,160.0,30.01,20.0,
437.0,easyBike_reverse4.4,easyBike,charging,100.0,25.83,20.0,
437.0,easyBike_reverse3.6,easyBike,waiting,,0.0,0.0,32.0
437.0,easyBike_reverse2.7,easyBike,waiting,,0.0,0.0,22.0
438.0,easyBike_reverse3.5,easyBike,charging,81.0,25.84,20.0,
438.0,easyBike_reverse2.5,easyBike,charging,116.0,25.83,20.0,
438.0,eRickshaw_reverse3.0,eRickshaw,charging,161.0,30.01,20.0,
438.0,easyBike_reverse4.4,easyBike,charging,101.0,25.83,20.0,
438.0,easyBike_reverse3.6,easyBike,waiting,,0.0,0.0,33.0
438.0,easyBike_reverse2.7,easyBike,waiting,,0.0,0.0,23.0
439.0,easyBike_reverse3.5,easyBike,charging,82.0,25.84,20.0,
439.0,easyBike_reverse2.5,easyBike,charging,117.0,25.83,20.0,
439.0,eRickshaw_reverse3.0,eRickshaw,charging,162.0,30.01,20.0,
439.0,easyBike_reverse4.4,easyBike,charging,102.0,25.82,20.0,
439.0,easyBike_reverse3.6,easyBike,waiting,,0.0,0.0,34.0
439.0,easyBike_reverse2.7,easyBike,waiting,,0.0,0.0,24.0
440.0,easyBike_reverse3.5,easyBike,charging,83.0,25.84,20.0,
440.0,easyBike_reverse2.5,easyBike,charging,118.0,25.83,20.0,
440.0,eRickshaw_reverse3.0,eRickshaw,charging,163.0,30.01,20.0,
440.0,easyBike_reverse4.4,easyBike,charging,103.0,25.82,20.0,
440.0,easyBike_reverse3.6,easyBike,waiting,,0.0,0.0,35.0
440.0,easyBike_reverse2.7,easyBike,waiting,,0.0,0.0,25.0
441.0,easyBike_reverse3.5,easyBike,charging,84.0,25.84,20.0,
441.0,easyBike_reverse2.5,easyBike,charging,119.0,25.82,20.0,
441.0,eRickshaw_reverse3.0,eRickshaw,charging,164.0,30.01,20.0,
441.0,easyBike_reverse4.4,easyBike,charging,104.0,25.82,20.0,
441.0,easyBike_reverse3.6,easyBike,waiting,,0.0,0.0,36.0
441.0,easyBike_reverse2.7,easyBike,waiting,,0.0,0.0,26.0
442.0,easyBike_reverse3.5,easyBike,charging,85.0,25.83,20.0,
442.0,easyBike_reverse2.5,easyBike,charging,120.0,25.82,20.0,
442.0,eRickshaw_reverse3.0,eRickshaw,charging,165.0,30.01,20.0,
442.0,easyBike_reverse4.4,easyBike,charging,105.0,25.82,20.0,
442.0,easyBike_reverse3.6,easyBike,waiting,,0.0,0.0,37.0
442.0,easyBike_reverse2.7,easyBike,waiting,,0.0,0.0,27.0
443.0,easyBike_reverse3.5,easyBike,charging,86.0,25.83,20.0,
443.0,easyBike_reverse2.5,easyBike,charging,121.0,25.82,20.0,
443.0,eRickshaw_reverse3.0,eRickshaw,charging,166.0,30.01,20.0,
443.0,easyBike_reverse4.4,easyBike,charging,106.0,25.81,20.0,
443.0,easyBike_reverse3.6,easyBike,waiting,,0.0,0.0,38.0
443.0,easyBike_reverse2.7,easyBike,waiting,,0.0,0.0,28.0
444.0,easyBike_reverse3.5,easyBike,charging,87.0,25.83,20.0,
444.0,easyBike_reverse2.5,easyBike,charging,122.0,25.82,20.0,
444.0,eRickshaw_reverse3.0,eRickshaw,charging,167.0,30.01,20.0,
444.0,easyBike_reverse4.4,easyBike,charging,107.0,25.81,20.0,
444.0,easyBike_reverse3.6,easyBike,waiting,,0.0,0.0,39.0
444.0,easyBike_reverse2.7,easyBike,waiting,,0.0,0.0,29.0
445.0,easyBike_reverse3.5,easyBike,charging,88.0,25.83,20.0,
445.0,easyBike_reverse2.5,easyBike,charging,123.0,25.81,20.0,
445.0,eRickshaw_reverse3.0,eRickshaw,charging,168.0,30.01,20.0,
445.0,easyBike_reverse4.4,easyBike,charging,108.0,25.81,20.0,
445.0,easyBike_reverse3.6,easyBike,waiting,,0.0,0.0,40.0
445.0,easyBike_reverse2.7,easyBike,waiting,,0.0,0.0,30.0
446.0,easyBike_reverse3.5,easyBike,charging,89.0,25.82,20.0,
446.0,easyBike_reverse2.5,easyBike,charging,124.0,25.81,20.0,
446.0,eRickshaw_reverse3.0,eRickshaw,charging,169.0,30.01,20.0,
446.0,easyBike_reverse4.4,easyBike,charging,109.0,25.81,20.0,
446.0,easyBike_reverse3.6,easyBike,waiting,,0.0,0.0,41.0
446.0,easyBike_reverse2.7,easyBike,waiting,,0.0,0.0,31.0
447.0,easyBike_reverse3.5,easyBike,charging,90.0,25.82,20.0,
447.0,easyBike_reverse2.5,easyBike,charging,125.0,25.81,20.0,
447.0,eRickshaw_reverse3.0,eRickshaw,charging,170.0,30.01,20.0,
447.0,easyBike_reverse4.4,easyBike,charging,110.0,25.81,20.0,
447.0,easyBike_reverse3.6,easyBike,waiting,,0.0,0.0,42.0
447.0,easyBike_reverse2.7,easyBike,waiting,,0.0,0.0,32.0
448.0,easyBike_reverse3.5,easyBike,charging,91.0,25.82,20.0,
448.0,easyBike_reverse2.5,easyBike,charging,126.0,25.81,20.0,
448.0,eRickshaw_reverse3.0,eRickshaw,charging,171.0,30.01,20.0,
448.0,easyBike_reverse4.4,easyBike,charging,111.0,25.8,20.0,
448.0,easyBike_reverse3.6,easyBike,waiting,,0.0,0.0,43.0
448.0,easyBike_reverse2.7,easyBike,waiting,,0.0,0.0,33.0
449.0,easyBike_reverse3.5,easyBike,charging,92.0,25.82,20.0,
449.0,easyBike_reverse2.5,easyBike,charging,127.0,25.81,20.0,
449.0,eRickshaw_reverse3.0,eRickshaw,charging,172.0,30.01,20.0,
449.0,easyBike_reverse4.4,easyBike,charging,112.0,25.8,20.0,
449.0,easyBike_reverse3.6,easyBike,waiting,,0.0,0.0,44.0
449.0,easyBike_reverse2.7,easyBike,waiting,,0.0,0.0,34.0
450.0,easyBike_reverse3.5,easyBike,charging,93.0,25.82,20.0,
450.0,easyBike_reverse2.5,easyBike,charging,128.0,25.8,20.0,
450.0,eRickshaw_reverse3.0,eRickshaw,charging,173.0,30.01,20.0,
450.0,easyBike_reverse4.4,easyBike,charging,113.0,25.8,20.0,
450.0,easyBike_reverse3.6,easyBike,waiting,,0.0,0.0,45.0
450.0,easyBike_reverse2.7,easyBike,waiting,,0.0,0.0,35.0
451.0,easyBike_reverse3.5,easyBike,charging,94.0,25.81,20.0,
451.0,easyBike_reverse2.5,easyBike,charging,129.0,25.8,20.0,
451.0,eRickshaw_reverse3.0,eRickshaw,charging,174.0,30.01,20.0,
451.0,easyBike_reverse4.4,easyBike,charging,114.0,25.8,20.0,
451.0,easyBike_reverse3.6,easyBike,waiting,,0.0,0.0,46.0
451.0,easyBike_reverse2.7,easyBike,waiting,,0.0,0.0,36.0
452.0,easyBike_reverse3.5,easyBike,charging,95.0,25.81,20.0,
452.0,easyBike_reverse2.5,easyBike,charging,130.0,25.8,20.0,
452.0,eRickshaw_reverse3.0,eRickshaw,charging,175.0,30.01,20.0,
452.0,easyBike_reverse4.4,easyBike,charging,115.0,25.79,20.0,
452.0,easyBike_reverse3.6,easyBike,waiting,,0.0,0.0,47.0
452.0,easyBike_reverse2.7,easyBike,waiting,,0.0,0.0,37.0
453.0,easyBike_reverse3.5,easyBike,charging,96.0,25.81,20.0,
453.0,easyBike_reverse2.5,easyBike,charging,131.0,25.8,20.0,
453.0,eRickshaw_reverse3.0,eRickshaw,charging,176.0,30.01,20.0,
453.0,easyBike_reverse4.4,easyBike,charging,116.0,25.79,20.0,
453.0,easyBike_reverse3.6,easyBike,waiting,,0.0,0.0,48.0
453.0,easyBike_reverse2.7,easyBike,waiting,,0.0,0.0,38.0
454.0,easyBike_reverse3.5,easyBike,charging,97.0,25.81,20.0,
454.0,easyBike_reverse2.5,easyBike,charging,132.0,25.79,20.0,
454.0,eRickshaw_reverse3.0,eRickshaw,charging,177.0,30.01,20.0,
454.0,easyBike_reverse4.4,easyBike,charging,117.0,25.79,20.0,
454.0,easyBike_reverse3.6,easyBike,waiting,,0.0,0.0,49.0
454.0,easyBike_reverse2.7,easyBike,waiting,,0.0,0.0,39.0
455.0,easyBike_reverse3.5,easyBike,charging,98.0,25.8,20.0,
455.0,easyBike_reverse2.5,easyBike,charging,133.0,25.79,20.0,
455.0,eRickshaw_reverse3.0,eRickshaw,charging,178.0,30.01,20.0,
455.0,easyBike_reverse4.4,easyBike,charging,118.0,25.79,20.0,
455.0,easyBike_reverse3.6,easyBike,waiting,,0.0,0.0,50.0
455.0,easyBike_reverse2.7,easyBike,waiting,,0.0,0.0,40.0
456.0,easyBike_reverse3.5,easyBike,charging,99.0,25.8,20.0,
456.0,easyBike_reverse2.5,easyBike,charging,134.0,25.79,20.0,
456.0,eRickshaw_reverse3.0,eRickshaw,charging,179.0,30.01,20.0,
456.0,easyBike_reverse4.4,easyBike,charging,119.0,25.79,20.0,
456.0,easyBike_reverse3.6,easyBike,waiting,,0.0,0.0,51.0
456.0,easyBike_reverse2.7,easyBike,waiting,,0.0,0.0,41.0
457.0,easyBike_reverse3.5,easyBike,charging,100.0,25.8,20.0,
457.0,easyBike_reverse2.5,easyBike,charging,135.0,25.79,20.0,
457.0,eRickshaw_reverse3.0,eRickshaw,charging,180.0,30.01,20.0,
457.0,easyBike_reverse4.4,easyBike,charging,120.0,25.78,20.0,
457.0,easyBike_reverse3.6,easyBike,waiting,,0.0,0.0,52.0
457.0,easyBike_reverse2.7,easyBike,waiting,,0.0,0.0,42.0
458.0,easyBike_reverse3.5,easyBike,charging,101.0,25.8,20.0,
458.0,easyBike_reverse2.5,easyBike,charging,136.0,25.79,20.0,
458.0,eRickshaw_reverse3.0,eRickshaw,charging,181.0,30.01,20.0,
458.0,easyBike_reverse4.4,easyBike,charging,121.0,25.78,20.0,
458.0,easyBike_reverse3.6,easyBike,waiting,,0.0,0.0,53.0
458.0,easyBike_reverse2.7,easyBike,waiting,,0.0,0.0,43.0
459.0,easyBike_reverse3.5,easyBike,charging,102.0,25.8,20.0,
459.0,easyBike_reverse2.5,easyBike,charging,137.0,25.78,20.0,
459.0,eRickshaw_reverse3.0,eRickshaw,charging,182.0,30.01,20.0,
459.0,easyBike_reverse4.4,easyBike,charging,122.0,25.78,20.0,
459.0,easyBike_reverse3.6,easyBike,waiting,,0.0,0.0,54.0
459.0,easyBike_reverse2.7,easyBike,waiting,,0.0,0.0,44.0
460.0,easyBike_reverse3.5,easyBike,charging,103.0,25.79,20.0,
460.0,easyBike_reverse2.5,easyBike,charging,138.0,25.78,20.0,
460.0,eRickshaw_reverse3.0,eRickshaw,charging,183.0,30.01,20.0,
460.0,easyBike_reverse4.4,easyBike,charging,123.0,25.78,20.0,
460.0,easyBike_reverse3.6,easyBike,waiting,,0.0,0.0,55.0
460.0,easyBike_reverse2.7,easyBike,waiting,,0.0,0.0,45.0
461.0,easyBike_reverse3.5,easyBike,charging,104.0,25.79,20.0,
461.0,easyBike_reverse2.5,easyBike,charging,139.0,25.78,20.0,
461.0,eRickshaw_reverse3.0,eRickshaw,charging,184.0,30.01,20.0,
461.0,easyBike_reverse4.4,easyBike,charging,124.0,25.77,20.0,
461.0,easyBike_reverse3.6,easyBike,waiting,,0.0,0.0,56.0
461.0,easyBike_reverse2.7,easyBike,waiting,,0.0,0.0,46.0
462.0,easyBike_reverse3.5,easyBike,charging,105.0,25.79,20.0,
462.0,easyBike_reverse2.5,easyBike,charging,140.0,25.78,20.0,
462.0,eRickshaw_reverse3.0,eRickshaw,charging,185.0,30.01,20.0,
462.0,easyBike_reverse4.4,easyBike,charging,125.0,25.77,20.0,
462.0,easyBike_reverse3.6,easyBike,waiting,,0.0,0.0,57.0
462.0,easyBike_reverse2.7,easyBike,waiting,,0.0,0.0,47.0
463.0,easyBike_reverse3.5,easyBike,charging,106.0,25.79,20.0,
463.0,easyBike_reverse2.5,easyBike,charging,141.0,25.79,20.0,
463.0,eRickshaw_reverse3.0,eRickshaw,charging,186.0,30.01,20.0,
463.0,easyBike_reverse4.4,easyBike,charging,126.0,25.77,20.0,
463.0,easyBike_reverse3.6,easyBike,waiting,,0.0,0.0,58.0
463.0,easyBike_reverse2.7,easyBike,waiting,,0.0,0.0,48.0
464.0,easyBike_reverse3.5,easyBike,charging,107.0,25.78,20.0,
464.0,easyBike_reverse2.5,easyBike,charging,142.0,25.79,20.0,
464.0,eRickshaw_reverse3.0,eRickshaw,charging,187.0,30.01,20.0,
464.0,easyBike_reverse4.4,easyBike,charging,127.0,25.77,20.0,
464.0,easyBike_reverse3.6,easyBike,waiting,,0.0,0.0,59.0
464.0,easyBike_reverse2.7,easyBike,waiting,,0.0,0.0,49.0
465.0,easyBike_reverse3.5,easyBike,charging,108.0,25.78,20.0,
465.0,easyBike_reverse2.5,easyBike,charging,143.0,25.79,20.0,
465.0,eRickshaw_reverse3.0,eRickshaw,charging,188.0,30.01,20.0,
465.0,easyBike_reverse4.4,easyBike,charging,128.0,25.77,20.0,
465.0,easyBike_reverse3.6,easyBike,waiting,,0.0,0.0,60.0
465.0,easyBike_reverse2.7,easyBike,waiting,,0.0,0.0,50.0
466.0,easyBike_reverse3.5,easyBike,charging,109.0,25.78,20.0,
466.0,easyBike_reverse2.5,easyBike,charging,144.0,25.79,20.0,
466.0,eRickshaw_reverse3.0,eRickshaw,charging,189.0,30.01,20.0,
466.0,easyBike_reverse4.4,easyBike,charging,129.0,25.76,20.0,
466.0,easyBike_reverse3.6,easyBike,waiting,,0.0,0.0,61.0
466.0,easyBike_reverse2.7,easyBike,waiting,,0.0,0.0,51.0
467.0,easyBike_reverse3.5,easyBike,charging,110.0,25.78,20.0,
467.0,easyBike_reverse2.5,easyBike,charging,145.0,25.79,20.0,
467.0,eRickshaw_reverse3.0,eRickshaw,charging,190.0,30.01,20.0,
467.0,easyBike_reverse4.4,easyBike,charging,130.0,25.76,20.0,
467.0,easyBike_reverse3.6,easyBike,waiting,,0.0,0.0,62.0
467.0,easyBike_reverse2.7,easyBike,waiting,,0.0,0.0,52.0
468.0,easyBike_reverse3.5,easyBike,charging,111.0,25.78,20.0,
468.0,easyBike_reverse2.5,easyBike,charging,146.0,25.79,20.0,
468.0,eRickshaw_reverse3.0,eRickshaw,charging,191.0,30.01,20.0,
468.0,easyBike_reverse4.4,easyBike,charging,131.0,25.76,20.0,
468.0,easyBike_reverse3.6,easyBike,waiting,,0.0,0.0,63.0
468.0,easyBike_reverse2.7,easyBike,waiting,,0.0,0.0,53.0
469.0,easyBike_reverse3.5,easyBike,charging,112.0,25.79,20.0,
469.0,easyBike_reverse2.5,easyBike,charging,147.0,25.78,20.0,
469.0,eRickshaw_reverse3.0,eRickshaw,charging,192.0,30.01,20.0,
469.0,easyBike_reverse4.4,easyBike,charging,132.0,25.75,20.0,
469.0,easyBike_reverse3.6,easyBike,waiting,,0.0,0.0,64.0
469.0,easyBike_reverse2.7,easyBike,waiting,,0.0,0.0,54.0
470.0,easyBike_reverse3.5,easyBike,charging,113.0,25.79,20.0,
470.0,easyBike_reverse2.5,easyBike,charging,148.0,25.78,20.0,
470.0,eRickshaw_reverse3.0,eRickshaw,charging,193.0,30.01,20.0,
470.0,easyBike_reverse4.4,easyBike,charging,133.0,25.75,20.0,
470.0,easyBike_reverse3.6,easyBike,waiting,,0.0,0.0,65.0
470.0,easyBike_reverse2.7,easyBike,waiting,,0.0,0.0,55.0
471.0,easyBike_reverse3.5,easyBike,charging,114.0,25.79,20.0,
471.0,easyBike_reverse2.5,easyBike,charging,149.0,25.78,20.0,
471.0,eRickshaw_reverse3.0,eRickshaw,charging,194.0,30.01,20.0,
471.0,easyBike_reverse4.4,easyBike,charging,134.0,25.75,20.0,
471.0,easyBike_reverse3.6,easyBike,waiting,,0.0,0.0,66.0
471.0,easyBike_reverse2.7,easyBike,waiting,,0.0,0.0,56.0
472.0,easyBike_reverse3.5,easyBike,charging,115.0,25.79,20.0,
472.0,easyBike_reverse2.5,easyBike,charging,150.0,25.79,20.0,
472.0,eRickshaw_reverse3.0,eRickshaw,charging,195.0,30.01,20.0,
472.0,easyBike_reverse4.4,easyBike,charging,135.0,25.75,20.0,
472.0,easyBike_reverse3.6,easyBike,waiting,,0.0,0.0,67.0
472.0,easyBike_reverse2.7,easyBike,waiting,,0.0,0.0,57.0
473.0,easyBike_reverse3.5,easyBike,charging,116.0,25.79,20.0,
473.0,easyBike_reverse2.5,easyBike,charging,151.0,25.79,20.0,
473.0,eRickshaw_reverse3.0,eRickshaw,charging,196.0,30.01,20.0,
473.0,easyBike_reverse4.4,easyBike,charging,136.0,25.74,20.0,
473.0,easyBike_reverse3.6,easyBike,waiting,,0.0,0.0,68.0
473.0,easyBike_reverse2.7,easyBike,waiting,,0.0,0.0,58.0
474.0,easyBike_reverse3.5,easyBike,charging,117.0,25.79,20.0,
474.0,easyBike_reverse2.5,easyBike,charging,152.0,25.79,20.0,
474.0,eRickshaw_reverse3.0,eRickshaw,charging,197.0,30.01,20.0,
474.0,easyBike_reverse4.4,easyBike,charging,137.0,25.74,20.0,
474.0,easyBike_reverse3.6,easyBike,waiting,,0.0,0.0,69.0
474.0,easyBike_reverse2.7,easyBike,waiting,,0.0,0.0,59.0
475.0,easyBike_reverse3.5,easyBike,charging,118.0,25.79,20.0,
475.0,easyBike_reverse2.5,easyBike,charging,153.0,25.78,20.0,
475.0,eRickshaw_reverse3.0,eRickshaw,charging,198.0,30.01,20.0,
475.0,easyBike_reverse4.4,easyBike,charging,138.0,25.74,20.0,
475.0,easyBike_reverse3.6,easyBike,waiting,,0.0,0.0,70.0
475.0,easyBike_reverse2.7,easyBike,waiting,,0.0,0.0,60.0
476.0,easyBike_reverse3.5,easyBike,charging,119.0,25.79,20.0,
476.0,easyBike_reverse2.5,easyBike,charging,154.0,25.78,20.0,
476.0,eRickshaw_reverse3.0,eRickshaw,charging,199.0,30.01,20.0,
476.0,easyBike_reverse4.4,easyBike,charging,139.0,25.74,20.0,
476.0,easyBike_reverse3.6,easyBike,waiting,,0.0,0.0,71.0
476.0,easyBike_reverse2.7,easyBike,waiting,,0.0,0.0,61.0
477.0,easyBike_reverse3.5,easyBike,charging,120.0,25.79,20.0,
477.0,easyBike_reverse2.5,easyBike,charging,155.0,25.78,20.0,
477.0,eRickshaw_reverse3.0,eRickshaw,charging,200.0,30.01,20.0,
477.0,easyBike_reverse4.4,easyBike,charging,140.0,25.73,20.0,
477.0,easyBike_reverse3.6,easyBike,waiting,,0.0,0.0,72.0
477.0,easyBike_reverse2.7,easyBike,waiting,,0.0,0.0,62.0
478.0,easyBike_reverse3.5,easyBike,charging,121.0,25.79,20.0,
478.0,easyBike_reverse2.5,easyBike,charging,156.0,25.78,20.0,
478.0,eRickshaw_reverse3.0,eRickshaw,charging,201.0,30.01,20.0,
478.0,easyBike_reverse4.4,easyBike,charging,141.0,25.73,20.0,
478.0,easyBike_reverse3.6,easyBike,waiting,,0.0,0.0,73.0
478.0,easyBike_reverse2.7,easyBike,waiting,,0.0,0.0,63.0
479.0,easyBike_reverse3.5,easyBike,charging,122.0,25.78,20.0,
479.0,easyBike_reverse2.5,easyBike,charging,157.0,25.77,20.0,
479.0,eRickshaw_reverse3.0,eRickshaw,charging,202.0,30.01,20.0,
479.0,easyBike_reverse4.4,easyBike,charging,142.0,25.73,20.0,
479.0,easyBike_reverse3.6,easyBike,waiting,,0.0,0.0,74.0
479.0,easyBike_reverse2.7,easyBike,waiting,,0.0,0.0,64.0
480.0,easyBike_reverse3.5,easyBike,charging,123.0,25.78,20.0,
480.0,easyBike_reverse2.5,easyBike,charging,158.0,25.77,20.0,
480.0,eRickshaw_reverse3.0,eRickshaw,charging,203.0,30.01,20.0,
480.0,easyBike_reverse4.4,easyBike,charging,143.0,25.73,20.0,
480.0,easyBike_reverse3.6,easyBike,waiting,,0.0,0.0,75.0
480.0,easyBike_reverse2.7,easyBike,waiting,,0.0,0.0,65.0
481.0,easyBike_reverse3.5,easyBike,charging,124.0,25.78,20.0,
481.0,easyBike_reverse2.5,easyBike,charging,159.0,25.77,20.0,
481.0,eRickshaw_reverse3.0,eRickshaw,charging,204.0,30.01,20.0,
481.0,easyBike_reverse4.4,easyBike,charging,144.0,25.72,20.0,
481.0,easyBike_reverse3.6,easyBike,waiting,,0.0,0.0,76.0
481.0,easyBike_reverse2.7,easyBike,waiting,,0.0,0.0,66.0
482.0,easyBike_reverse3.5,easyBike,charging,125.0,25.77,20.0,
482.0,easyBike_reverse2.5,easyBike,charging,160.0,25.76,20.0,
482.0,eRickshaw_reverse3.0,eRickshaw,charging,205.0,30.01,20.0,
482.0,easyBike_reverse4.4,easyBike,charging,145.0,25.72,20.0,
482.0,easyBike_reverse3.6,easyBike,waiting,,0.0,0.0,77.0
482.0,easyBike_reverse2.7,easyBike,waiting,,0.0,0.0,67.0
483.0,easyBike_reverse3.5,easyBike,charging,126.0,25.77,20.0,
483.0,easyBike_reverse2.5,easyBike,charging,161.0,25.75,20.0,
483.0,eRickshaw_reverse3.0,eRickshaw,charging,206.0,30.01,20.0,
483.0,easyBike_reverse4.4,easyBike,charging,146.0,25.72,20.0,
483.0,easyBike_reverse3.6,easyBike,waiting,,0.0,0.0,78.0
483.0,easyBike_reverse2.7,easyBike,waiting,,0.0,0.0,68.0
484.0,easyBike_reverse3.5,easyBike,charging,127.0,25.76,20.0,
484.0,easyBike_reverse2.5,easyBike,charging,162.0,25.75,20.0,
484.0,eRickshaw_reverse3.0,eRickshaw,charging,207.0,30.01,20.0,
484.0,easyBike_reverse4.4,easyBike,charging,147.0,25.72,20.0,
484.0,easyBike_reverse3.6,easyBike,waiting,,0.0,0.0,79.0
484.0,easyBike_reverse2.7,easyBike,waiting,,0.0,0.0,69.0
485.0,easyBike_reverse3.5,easyBike,charging,128.0,25.76,20.0,
485.0,easyBike_reverse2.5,easyBike,charging,163.0,25.74,20.0,
485.0,eRickshaw_reverse3.0,eRickshaw,charging,208.0,30.01,20.0,
485.0,easyBike_reverse4.4,easyBike,charging,148.0,25.71,20.0,
485.0,easyBike_reverse3.6,easyBike,waiting,,0.0,0.0,80.0
485.0,easyBike_reverse2.7,easyBike,waiting,,0.0,0.0,70.0
486.0,easyBike_reverse3.5,easyBike,charging,129.0,25.75,20.0,
486.0,easyBike_reverse2.5,easyBike,charging,164.0,25.73,20.0,
486.0,eRickshaw_reverse3.0,eRickshaw,charging,209.0,30.01,20.0,
486.0,easyBike_reverse4.4,easyBike,charging,149.0,25.71,20.0,
486.0,easyBike_reverse3.6,easyBike,waiting,,0.0,0.0,81.0
486.0,easyBike_reverse2.7,easyBike,waiting,,0.0,0.0,71.0
487.0,easyBike_reverse3.5,easyBike,charging,130.0,25.75,20.0,
487.0,easyBike_reverse2.5,easyBike,charging,165.0,25.73,20.0,
487.0,eRickshaw_reverse3.0,eRickshaw,charging,210.0,30.01,20.0,
487.0,easyBike_reverse4.4,easyBike,charging,150.0,25.71,20.0,
487.0,easyBike_reverse3.6,easyBike,waiting,,0.0,0.0,82.0
487.0,easyBike_reverse2.7,easyBike,waiting,,0.0,0.0,72.0
488.0,easyBike_reverse3.5,easyBike,charging,131.0,25.74,20.0,
488.0,easyBike_reverse2.5,easyBike,charging,166.0,25.73,20.0,
488.0,eRickshaw_reverse3.0,eRickshaw,charging,211.0,30.01,20.0,
488.0,easyBike_reverse4.4,easyBike,charging,151.0,25.71,20.0,
488.0,easyBike_reverse3.6,easyBike,waiting,,0.0,0.0,83.0
488.0,easyBike_reverse2.7,easyBike,waiting,,0.0,0.0,73.0
489.0,easyBike_reverse3.5,easyBike,charging,132.0,25.74,20.0,
489.0,easyBike_reverse2.5,easyBike,charging,167.0,25.73,20.0,
489.0,eRickshaw_reverse3.0,eRickshaw,charging,212.0,30.01,20.0,
489.0,easyBike_reverse4.4,easyBike,charging,152.0,25.7,20.0,
489.0,easyBike_reverse3.6,easyBike,waiting,,0.0,0.0,84.0
489.0,easyBike_reverse2.7,easyBike,waiting,,0.0,0.0,74.0
490.0,easyBike_reverse3.5,easyBike,charging,133.0,25.74,20.0,
490.0,easyBike_reverse2.5,easyBike,charging,168.0,25.73,20.0,
490.0,eRickshaw_reverse3.0,eRickshaw,charging,213.0,30.01,20.0,
490.0,easyBike_reverse4.4,easyBike,charging,153.0,25.7,20.0,
490.0,easyBike_reverse3.6,easyBike,waiting,,0.0,0.0,85.0
490.0,easyBike_reverse2.7,easyBike,waiting,,0.0,0.0,75.0
491.0,easyBike_reverse3.5,easyBike,charging,134.0,25.73,20.0,
491.0,easyBike_reverse2.5,easyBike,charging,169.0,25.72,20.0,
491.0,eRickshaw_reverse3.0,eRickshaw,charging,214.0,30.01,20.0,
491.0,easyBike_reverse4.4,easyBike,charging,154.0,25.7,20.0,
491.0,easyBike_reverse3.6,easyBike,waiting,,0.0,0.0,86.0
491.0,easyBike_reverse2.7,easyBike,waiting,,0.0,0.0,76.0
492.0,easyBike_reverse3.5,easyBike,charging,135.0,25.73,20.0,
492.0,easyBike_reverse2.5,easyBike,charging,170.0,25.72,20.0,
492.0,eRickshaw_reverse3.0,eRickshaw,charging,215.0,30.01,20.0,
492.0,easyBike_reverse4.4,easyBike,charging,155.0,25.7,20.0,
492.0,easyBike_reverse3.6,easyBike,waiting,,0.0,0.0,87.0
492.0,easyBike_reverse2.7,easyBike,waiting,,0.0,0.0,77.0
493.0,easyBike_reverse3.5,easyBike,charging,136.0,25.73,20.0,
493.0,easyBike_reverse2.5,easyBike,charging,171.0,25.72,20.0,
493.0,eRickshaw_reverse3.0,eRickshaw,charging,216.0,30.01,20.0,
493.0,easyBike_reverse4.4,easyBike,charging,156.0,25.7,20.0,
493.0,easyBike_reverse3.6,easyBike,waiting,,0.0,0.0,88.0
493.0,easyBike_reverse2.7,easyBike,waiting,,0.0,0.0,78.0
494.0,easyBike_reverse3.5,easyBike,charging,137.0,25.72,20.0,
494.0,easyBike_reverse2.5,easyBike,charging,172.0,25.71,20.0,
494.0,eRickshaw_reverse3.0,eRickshaw,charging,217.0,30.01,20.0,
494.0,easyBike_reverse4.4,easyBike,charging,157.0,25.69,20.0,
494.0,easyBike_reverse3.6,easyBike,waiting,,0.0,0.0,89.0
494.0,easyBike_reverse2.7,easyBike,waiting,,0.0,0.0,79.0
495.0,easyBike_reverse3.5,easyBike,charging,138.0,25.72,20.0,
495.0,easyBike_reverse2.5,easyBike,charging,173.0,25.71,20.0,
495.0,eRickshaw_reverse3.0,eRickshaw,charging,218.0,30.01,20.0,
495.0,easyBike_reverse4.4,easyBike,charging,158.0,25.69,20.0,
495.0,easyBike_reverse3.6,easyBike,waiting,,0.0,0.0,90.0
495.0,easyBike_reverse2.7,easyBike,waiting,,0.0,0.0,80.0
496.0,easyBike_reverse3.5,easyBike,charging,139.0,25.72,20.0,
496.0,easyBike_reverse2.5,easyBike,charging,174.0,25.71,20.0,
496.0,eRickshaw_reverse3.0,eRickshaw,charging,219.0,30.01,20.0,
496.0,easyBike_reverse4.4,easyBike,charging,159.0,25.69,20.0,
496.0,easyBike_reverse3.6,easyBike,waiting,,0.0,0.0,91.0
496.0,easyBike_reverse2.7,easyBike,waiting,,0.0,0.0,81.0
497.0,easyBike_reverse3.5,easyBike,charging,140.0,25.72,20.0,
497.0,easyBike_reverse2.5,easyBike,charging,175.0,25.71,20.0,
497.0,eRickshaw_reverse3.0,eRickshaw,charging,220.0,30.01,20.0,
497.0,easyBike_reverse4.4,easyBike,charging,160.0,25.69,20.0,
497.0,easyBike_reverse3.6,easyBike,waiting,,0.0,0.0,92.0
497.0,easyBike_reverse2.7,easyBike,waiting,,0.0,0.0,82.0
498.0,easyBike_reverse3.5,easyBike,charging,141.0,25.71,20.0,
498.0,easyBike_reverse2.5,easyBike,charging,176.0,25.7,20.0,
498.0,eRickshaw_reverse3.0,eRickshaw,charging,221.0,30.01,20.0,
498.0,easyBike_reverse4.4,easyBike,charging,161.0,25.68,20.0,
498.0,easyBike_reverse3.6,easyBike,waiting,,0.0,0.0,93.0
498.0,easyBike_reverse2.7,easyBike,waiting,,0.0,0.0,83.0
499.0,easyBike_reverse3.5,easyBike,charging,142.0,25.71,20.0,
499.0,easyBike_reverse2.5,easyBike,charging,177.0,25.7,20.0,
499.0,eRickshaw_reverse3.0,eRickshaw,charging,222.0,30.01,20.0,
499.0,easyBike_reverse4.4,easyBike,charging,162.0,25.68,20.0,
499.0,easyBike_reverse3.6,easyBike,waiting,,0.0,0.0,94.0
499.0,easyBike_reverse2.7,easyBike,waiting,,0.0,0.0,84.0
500.0,easyBike_reverse3.5,easyBike,charging,143.0,25.71,20.0,
500.0,easyBike_reverse2.5,easyBike,charging,178.0,25.7,20.0,
500.0,eRickshaw_reverse3.0,eRickshaw,charging,223.0,30.01,20.0,
500.0,easyBike_reverse4.4,easyBike,charging,163.0,25.68,20.0,
500.0,easyBike_reverse3.6,easyBike,waiting,,0.0,0.0,95.0
500.0,easyBike_reverse2.7,easyBike,waiting,,0.0,0.0,85.0
501.0,easyBike_reverse3.5,easyBike,charging,144.0,25.71,20.0,
501.0,easyBike_reverse2.5,easyBike,charging,179.0,25.7,20.0,
501.0,eRickshaw_reverse3.0,eRickshaw,charging,224.0,30.01,20.0,
501.0,easyBike_reverse4.4,easyBike,charging,164.0,25.68,20.0,
501.0,easyBike_reverse3.6,easyBike,waiting,,0.0,0.0,96.0
501.0,easyBike_reverse2.7,easyBike,waiting,,0.0,0.0,86.0
502.0,easyBike_reverse3.5,easyBike,charging,145.0,25.7,20.0,
502.0,easyBike_reverse2.5,easyBike,charging,180.0,25.7,20.0,
502.0,eRickshaw_reverse3.0,eRickshaw,charging,225.0,30.01,20.0,
502.0,easyBike_reverse4.4,easyBike,charging,165.0,25.67,20.0,
502.0,easyBike_reverse3.6,easyBike,waiting,,0.0,0.0,97.0
502.0,easyBike_reverse2.7,easyBike,waiting,,0.0,0.0,87.0
503.0,easyBike_reverse3.5,easyBike,charging,146.0,25.7,20.0,
503.0,easyBike_reverse2.5,easyBike,charging,181.0,25.69,20.0,
503.0,eRickshaw_reverse3.0,eRickshaw,charging,226.0,30.01,20.0,
503.0,easyBike_reverse4.4,easyBike,charging,166.0,25.67,20.0,
503.0,easyBike_reverse3.6,easyBike,waiting,,0.0,0.0,98.0
503.0,easyBike_reverse2.7,easyBike,waiting,,0.0,0.0,88.0
504.0,easyBike_reverse3.5,easyBike,charging,147.0,25.7,20.0,
504.0,easyBike_reverse2.5,easyBike,charging,182.0,25.69,20.0,
504.0,eRickshaw_reverse3.0,eRickshaw,charging,227.0,30.01,20.0,
504.0,easyBike_reverse4.4,easyBike,charging,167.0,25.67,20.0,
504.0,easyBike_reverse3.6,easyBike,waiting,,0.0,0.0,99.0
504.0,easyBike_reverse2.7,easyBike,waiting,,0.0,0.0,89.0
505.0,easyBike_reverse3.5,easyBike,charging,148.0,25.7,20.0,
505.0,easyBike_reverse2.5,easyBike,charging,183.0,25.69,20.0,
505.0,eRickshaw_reverse3.0,eRickshaw,charging,228.0,30.01,20.0,
505.0,easyBike_reverse4.4,easyBike,charging,168.0,25.67,20.0,
505.0,easyBike_reverse3.6,easyBike,waiting,,0.0,0.0,100.0
505.0,easyBike_reverse2.7,easyBike,waiting,,0.0,0.0,90.0
506.0,easyBike_reverse3.5,easyBike,charging,149.0,25.7,20.0,
506.0,easyBike_reverse2.5,easyBike,charging,184.0,25.69,20.0,
506.0,eRickshaw_reverse3.0,eRickshaw,charging,229.0,30.01,20.0,
506.0,easyBike_reverse4.4,easyBike,charging,169.0,25.67,20.0,
506.0,easyBike_reverse3.6,easyBike,waiting,,0.0,0.0,101.0
506.0,easyBike_reverse2.7,easyBike,waiting,,0.0,0.0,91.0
507.0,easyBike_reverse3.5,easyBike,charging,150.0,25.69,20.0,
507.0,easyBike_reverse2.5,easyBike,charging,185.0,25.68,20.0,
507.0,eRickshaw_reverse3.0,eRickshaw,charging,230.0,30.01,20.0,
507.0,easyBike_reverse4.4,easyBike,charging,170.0,25.66,20.0,
507.0,easyBike_reverse3.6,easyBike,waiting,,0.0,0.0,102.0
507.0,easyBike_reverse2.7,easyBike,waiting,,0.0,0.0,92.0
508.0,easyBike_reverse3.5,easyBike,charging,151.0,25.69,20.0,
508.0,easyBike_reverse2.5,easyBike,charging,186.0,25.68,20.0,
508.0,eRickshaw_reverse3.0,eRickshaw,charging,231.0,30.01,20.0,
508.0,easyBike_reverse4.4,easyBike,charging,171.0,25.66,20.0,
508.0,easyBike_reverse3.6,easyBike,waiting,,0.0,0.0,103.0
508.0,easyBike_reverse2.7,easyBike,waiting,,0.0,0.0,93.0
509.0,easyBike_reverse3.5,easyBike,charging,152.0,25.69,20.0,
509.0,easyBike_reverse2.5,easyBike,charging,187.0,25.68,20.0,
509.0,eRickshaw_reverse3.0,eRickshaw,charging,232.0,30.01,20.0,
509.0,easyBike_reverse4.4,easyBike,charging,172.0,25.66,20.0,
509.0,easyBike_reverse3.6,easyBike,waiting,,0.0,0.0,104.0
509.0,easyBike_reverse2.7,easyBike,waiting,,0.0,0.0,94.0
510.0,easyBike_reverse3.5,easyBike,charging,153.0,25.69,20.0,
510.0,easyBike_reverse2.5,easyBike,charging,188.0,25.68,20.0,
510.0,eRickshaw_reverse3.0,eRickshaw,charging,233.0,30.01,20.0,
510.0,easyBike_reverse4.4,easyBike,charging,173.0,25.66,20.0,
510.0,easyBike_reverse3.6,easyBike,waiting,,0.0,0.0,105.0
510.0,easyBike_reverse2.7,easyBike,waiting,,0.0,0.0,95.0
511.0,easyBike_reverse3.5,easyBike,charging,154.0,25.68,20.0,
511.0,easyBike_reverse2.5,easyBike,charging,189.0,25.68,20.0,
511.0,eRickshaw_reverse3.0,eRickshaw,charging,234.0,30.01,20.0,
511.0,easyBike_reverse4.4,easyBike,charging,174.0,25.65,20.0,
511.0,easyBike_reverse3.6,easyBike,waiting,,0.0,0.0,106.0
511.0,easyBike_reverse2.7,easyBike,waiting,,0.0,0.0,96.0
512.0,easyBike_reverse3.5,easyBike,charging,155.0,25.68,20.0,
512.0,easyBike_reverse2.5,easyBike,charging,190.0,25.67,20.0,
512.0,eRickshaw_reverse3.0,eRickshaw,charging,235.0,30.01,20.0,
512.0,easyBike_reverse4.4,easyBike,charging,175.0,25.65,20.0,
512.0,easyBike_reverse3.6,easyBike,waiting,,0.0,0.0,107.0
512.0,easyBike_reverse2.7,easyBike,waiting,,0.0,0.0,97.0
513.0,easyBike_reverse3.5,easyBike,charging,156.0,25.68,20.0,
513.0,easyBike_reverse2.5,easyBike,charging,191.0,25.67,20.0,
513.0,eRickshaw_reverse3.0,eRickshaw,charging,236.0,30.01,20.0,
513.0,easyBike_reverse4.4,easyBike,charging,176.0,25.65,20.0,
513.0,easyBike_reverse3.6,easyBike,waiting,,0.0,0.0,108.0
513.0,easyBike_reverse2.7,easyBike,waiting,,0.0,0.0,98.0
514.0,easyBike_reverse3.5,easyBike,charging,157.0,25.68,20.0,
514.0,easyBike_reverse2.5,easyBike,charging,192.0,25.67,20.0,
514.0,eRickshaw_reverse3.0,eRickshaw,charging,237.0,30.01,20.0,
514.0,easyBike_reverse4.4,easyBike,charging,177.0,25.65,20.0,
514.0,easyBike_reverse3.6,easyBike,waiting,,0.0,0.0,109.0
514.0,easyBike_reverse2.7,easyBike,waiting,,0.0,0.0,99.0
515.0,easyBike_reverse3.5,easyBike,charging,158.0,25.67,20.0,
515.0,easyBike_reverse2.5,easyBike,charging,193.0,25.67,20.0,
515.0,eRickshaw_reverse3.0,eRickshaw,charging,238.0,30.01,20.0,
515.0,easyBike_reverse4.4,easyBike,charging,178.0,25.64,20.0,
515.0,easyBike_reverse3.6,easyBike,waiting,,0.0,0.0,110.0
515.0,easyBike_reverse2.7,easyBike,waiting,,0.0,0.0,100.0
516.0,easyBike_reverse3.5,easyBike,charging,159.0,25.67,20.0,
516.0,easyBike_reverse2.5,easyBike,charging,194.0,25.66,20.0,
516.0,eRickshaw_reverse3.0,eRickshaw,charging,239.0,30.01,20.0,
516.0,easyBike_reverse4.4,easyBike,charging,179.0,25.64,20.0,
516.0,easyBike_reverse3.6,easyBike,waiting,,0.0,0.0,111.0
516.0,easyBike_reverse2.7,easyBike,waiting,,0.0,0.0,101.0
517.0,easyBike_reverse3.5,easyBike,charging,160.0,25.67,20.0,
517.0,easyBike_reverse2.5,easyBike,charging,195.0,25.66,20.0,
517.0,eRickshaw_reverse3.0,eRickshaw,charging,240.0,30.01,20.0,
517.0,easyBike_reverse4.4,easyBike,charging,180.0,25.64,20.0,
517.0,easyBike_reverse3.6,easyBike,waiting,,0.0,0.0,112.0
517.0,easyBike_reverse2.7,easyBike,waiting,,0.0,0.0,102.0
518.0,easyBike_reverse3.5,easyBike,charging,161.0,25.67,20.0,
518.0,easyBike_reverse2.5,easyBike,charging,196.0,25.66,20.0,
518.0,eRickshaw_reverse3.0,eRickshaw,charging,241.0,30.01,20.0,
518.0,easyBike_reverse4.4,easyBike,charging,181.0,25.64,20.0,
518.0,easyBike_reverse3.6,easyBike,waiting,,0.0,0.0,113.0
518.0,easyBike_reverse2.7,easyBike,waiting,,0.0,0.0,103.0
519.0,easyBike_reverse3.5,easyBike,charging,162.0,25.67,20.0,
519.0,easyBike_reverse2.5,easyBike,charging,197.0,25.66,20.0,
519.0,eRickshaw_reverse3.0,eRickshaw,charging,242.0,30.01,20.0,
519.0,easyBike_reverse4.4,easyBike,charging,182.0,25.64,20.0,
519.0,easyBike_reverse3.6,easyBike,waiting,,0.0,0.0,114.0
519.0,easyBike_reverse2.7,easyBike,waiting,,0.0,0.0,104.0
520.0,easyBike_reverse3.5,easyBike,charging,163.0,25.66,20.0,
520.0,easyBike_reverse2.5,easyBike,charging,198.0,25.65,20.0,
520.0,eRickshaw_reverse3.0,eRickshaw,charging,243.0,30.01,20.0,
520.0,easyBike_reverse4.4,easyBike,charging,183.0,25.63,20.0,
520.0,easyBike_reverse3.6,easyBike,waiting,,0.0,0.0,115.0
520.0,easyBike_reverse2.7,easyBike,waiting,,0.0,0.0,105.0
521.0,easyBike_reverse3.5,easyBike,charging,164.0,25.66,20.0,
521.0,easyBike_reverse2.5,easyBike,charging,199.0,25.65,20.0,
521.0,eRickshaw_reverse3.0,eRickshaw,charging,244.0,30.01,20.0,
521.0,easyBike_reverse4.4,easyBike,charging,184.0,25.63,20.0,
521.0,easyBike_reverse3.6,easyBike,waiting,,0.0,0.0,116.0
521.0,easyBike_reverse2.7,easyBike,waiting,,0.0,0.0,106.0
522.0,easyBike_reverse3.5,easyBike,charging,165.0,25.66,20.0,
522.0,easyBike_reverse2.5,easyBike,charging,200.0,25.65,20.0,
522.0,eRickshaw_reverse3.0,eRickshaw,charging,245.0,30.01,20.0,
522.0,easyBike_reverse4.4,easyBike,charging,185.0,25.63,20.0,
522.0,easyBike_reverse3.6,easyBike,waiting,,0.0,0.0,117.0
522.0,easyBike_reverse2.7,easyBike,waiting,,0.0,0.0,107.0
523.0,easyBike_reverse3.5,easyBike,charging,166.0,25.66,20.0,
523.0,easyBike_reverse2.5,easyBike,charging,201.0,25.65,20.0,
523.0,eRickshaw_reverse3.0,eRickshaw,charging,246.0,30.01,20.0,
523.0,easyBike_reverse4.4,easyBike,charging,186.0,25.63,20.0,
523.0,easyBike_reverse3.6,easyBike,waiting,,0.0,0.0,118.0
523.0,easyBike_reverse2.7,easyBike,waiting,,0.0,0.0,108.0
524.0,easyBike_reverse3.5,easyBike,charging,167.0,25.65,20.0,
524.0,easyBike_reverse2.5,easyBike,charging,202.0,25.65,20.0,
524.0,eRickshaw_reverse3.0,eRickshaw,charging,247.0,30.01,20.0,
524.0,easyBike_reverse4.4,easyBike,charging,187.0,25.63,20.0,
524.0,easyBike_reverse3.6,easyBike,waiting,,0.0,0.0,119.0
524.0,easyBike_reverse2.7,easyBike,waiting,,0.0,0.0,109.0
525.0,easyBike_reverse3.5,easyBike,charging,168.0,25.65,20.0,
525.0,easyBike_reverse2.5,easyBike,charging,203.0,25.64,20.0,
525.0,eRickshaw_reverse3.0,eRickshaw,charging,248.0,30.01,20.0,
525.0,easyBike_reverse4.4,easyBike,charging,188.0,25.62,20.0,
525.0,easyBike_reverse3.6,easyBike,waiting,,0.0,0.0,120.0
525.0,easyBike_reverse2.7,easyBike,waiting,,0.0,0.0,110.0
526.0,easyBike_reverse3.5,easyBike,charging,169.0,25.65,20.0,
526.0,easyBike_reverse2.5,easyBike,charging,204.0,25.64,20.0,
526.0,eRickshaw_reverse3.0,eRickshaw,charging,249.0,30.01,20.0,
526.0,easyBike_reverse4.4,easyBike,charging,189.0,25.62,20.0,
526.0,easyBike_reverse3.6,easyBike,waiting,,0.0,0.0,121.0
526.0,easyBike_reverse2.7,easyBike,waiting,,0.0,0.0,111.0
527.0,easyBike_reverse3.5,easyBike,charging,170.0,25.65,20.0,
527.0,easyBike_reverse2.5,easyBike,charging,205.0,25.64,20.0,
527.0,eRickshaw_reverse3.0,eRickshaw,charging,250.0,30.01,20.0,
527.0,easyBike_reverse4.4,easyBike,charging,190.0,25.63,20.0,
527.0,easyBike_reverse3.6,easyBike,waiting,,0.0,0.0,122.0
527.0,easyBike_reverse2.7,easyBike,waiting,,0.0,0.0,112.0
528.0,easyBike_reverse3.5,easyBike,charging,171.0,25.65,20.0,
528.0,easyBike_reverse2.5,easyBike,charging,206.0,25.64,20.0,
528.0,eRickshaw_reverse3.0,eRickshaw,charging,251.0,30.01,20.0,
528.0,easyBike_reverse4.4,easyBike,charging,191.0,25.63,20.0,
528.0,easyBike_reverse3.6,easyBike,waiting,,0.0,0.0,123.0
528.0,easyBike_reverse2.7,easyBike,waiting,,0.0,0.0,113.0
529.0,easyBike_reverse3.5,easyBike,charging,172.0,25.64,20.0,
529.0,easyBike_reverse2.5,easyBike,charging,207.0,25.63,20.0,
529.0,eRickshaw_reverse3.0,eRickshaw,charging,252.0,30.01,20.0,
529.0,easyBike_reverse4.4,easyBike,charging,192.0,25.64,20.0,
529.0,easyBike_reverse3.6,easyBike,waiting,,0.0,0.0,124.0
529.0,easyBike_reverse2.7,easyBike,waiting,,0.0,0.0,114.0
530.0,easyBike_reverse3.5,easyBike,charging,173.0,25.64,20.0,
530.0,easyBike_reverse2.5,easyBike,charging,208.0,25.63,20.0,
530.0,eRickshaw_reverse3.0,eRickshaw,charging,253.0,30.01,20.0,
530.0,easyBike_reverse4.4,easyBike,charging,193.0,25.64,20.0,
530.0,easyBike_reverse3.6,easyBike,waiting,,0.0,0.0,125.0
530.0,easyBike_reverse2.7,easyBike,waiting,,0.0,0.0,115.0
531.0,easyBike_reverse3.5,easyBike,charging,174.0,25.64,20.0,
531.0,easyBike_reverse2.5,easyBike,charging,209.0,25.63,20.0,
531.0,eRickshaw_reverse3.0,eRickshaw,charging,254.0,30.01,20.0,
531.0,easyBike_reverse4.4,easyBike,charging,194.0,25.64,20.0,
531.0,easyBike_reverse3.6,easyBike,waiting,,0.0,0.0,126.0
531.0,easyBike_reverse2.7,easyBike,waiting,,0.0,0.0,116.0
532.0,easyBike_reverse3.5,easyBike,charging,175.0,25.64,20.0,
532.0,easyBike_reverse2.5,easyBike,charging,210.0,25.63,20.0,
532.0,eRickshaw_reverse3.0,eRickshaw,charging,255.0,30.01,20.0,
532.0,easyBike_reverse4.4,easyBike,charging,195.0,25.64,20.0,
532.0,easyBike_reverse3.6,easyBike,waiting,,0.0,0.0,127.0
532.0,easyBike_reverse2.7,easyBike,waiting,,0.0,0.0,117.0
533.0,easyBike_reverse3.5,easyBike,charging,176.0,25.63,20.0,
533.0,easyBike_reverse2.5,easyBike,charging,211.0,25.62,20.0,
533.0,eRickshaw_reverse3.0,eRickshaw,charging,256.0,30.01,20.0,
533.0,easyBike_reverse4.4,easyBike,charging,196.0,25.64,20.0,
533.0,easyBike_reverse3.6,easyBike,waiting,,0.0,0.0,128.0
533.0,easyBike_reverse2.7,easyBike,waiting,,0.0,0.0,118.0
534.0,easyBike_reverse3.5,easyBike,charging,177.0,25.63,20.0,
534.0,easyBike_reverse2.5,easyBike,charging,212.0,25.62,20.0,
534.0,eRickshaw_reverse3.0,eRickshaw,charging,257.0,30.01,20.0,
534.0,easyBike_reverse4.4,easyBike,charging,197.0,25.64,20.0,
534.0,easyBike_reverse3.6,easyBike,waiting,,0.0,0.0,129.0
534.0,easyBike_reverse2.7,easyBike,waiting,,0.0,0.0,119.0
535.0,easyBike_reverse3.5,easyBike,charging,178.0,25.63,20.0,
535.0,easyBike_reverse2.5,easyBike,charging,213.0,25.62,20.0,
535.0,eRickshaw_reverse3.0,eRickshaw,charging,258.0,30.01,20.0,
535.0,easyBike_reverse4.4,easyBike,charging,198.0,25.64,20.0,
535.0,easyBike_reverse3.6,easyBike,waiting,,0.0,0.0,130.0
535.0,easyBike_reverse2.7,easyBike,waiting,,0.0,0.0,120.0
536.0,easyBike_reverse3.5,easyBike,charging,179.0,25.63,20.0,
536.0,easyBike_reverse2.5,easyBike,charging,214.0,25.62,20.0,
536.0,eRickshaw_reverse3.0,eRickshaw,charging,259.0,30.01,20.0,
536.0,easyBike_reverse4.4,easyBike,charging,199.0,25.64,20.0,
536.0,easyBike_reverse3.6,easyBike,waiting,,0.0,0.0,131.0
536.0,easyBike_reverse2.7,easyBike,waiting,,0.0,0.0,121.0
537.0,easyBike_reverse3.5,easyBike,charging,180.0,25.62,20.0,
537.0,easyBike_reverse2.5,easyBike,charging,215.0,25.62,20.0,
537.0,eRickshaw_reverse3.0,eRickshaw,charging,260.0,30.01,20.0,
537.0,easyBike_reverse4.4,easyBike,charging,200.0,25.64,20.0,
537.0,easyBike_reverse3.6,easyBike,waiting,,0.0,0.0,132.0
537.0,easyBike_reverse2.7,easyBike,waiting,,0.0,0.0,122.0
538.0,easyBike_reverse3.5,easyBike,charging,181.0,25.62,20.0,
538.0,easyBike_reverse2.5,easyBike,charging,216.0,25.61,20.0,
538.0,eRickshaw_reverse3.0,eRickshaw,charging,261.0,30.01,20.0,
538.0,easyBike_reverse4.4,easyBike,charging,201.0,25.64,20.0,
538.0,easyBike_reverse3.6,easyBike,waiting,,0.0,0.0,133.0
538.0,easyBike_reverse2.7,easyBike,waiting,,0.0,0.0,123.0
539.0,easyBike_reverse3.5,easyBike,charging,182.0,25.62,20.0,
539.0,easyBike_reverse2.5,easyBike,charging,217.0,25.61,20.0,
539.0,eRickshaw_reverse3.0,eRickshaw,charging,262.0,30.01,20.0,
539.0,easyBike_reverse4.4,easyBike,charging,202.0,25.64,20.0,
539.0,easyBike_reverse3.6,easyBike,waiting,,0.0,0.0,134.0
539.0,easyBike_reverse2.7,easyBike,waiting,,0.0,0.0,124.0
540.0,easyBike_reverse3.5,easyBike,charging,183.0,25.62,20.0,
540.0,easyBike_reverse2.5,easyBike,charging,218.0,25.61,20.0,
540.0,eRickshaw_reverse3.0,eRickshaw,charging,263.0,30.01,20.0,
540.0,easyBike_reverse4.4,easyBike,charging,203.0,25.64,20.0,
540.0,easyBike_reverse3.6,easyBike,waiting,,0.0,0.0,135.0
540.0,easyBike_reverse2.7,easyBike,waiting,,0.0,0.0,125.0
541.0,easyBike_reverse3.5,easyBike,charging,184.0,25.61,20.0,
541.0,easyBike_reverse2.5,easyBike,charging,219.0,25.61,20.0,
541.0,eRickshaw_reverse3.0,eRickshaw,charging,264.0,30.01,20.0,
541.0,easyBike_reverse4.4,easyBike,charging,204.0,25.64,20.0,
541.0,easyBike_reverse3.6,easyBike,waiting,,0.0,0.0,136.0
541.0,easyBike_reverse2.7,easyBike,waiting,,0.0,0.0,126.0
542.0,easyBike_reverse3.5,easyBike,charging,185.0,25.61,20.0,
542.0,easyBike_reverse2.5,easyBike,charging,220.0,25.61,20.0,
542.0,eRickshaw_reverse3.0,eRickshaw,charging,265.0,30.01,20.0,
542.0,easyBike_reverse4.4,easyBike,charging,205.0,25.64,20.0,
542.0,easyBike_reverse3.6,easyBike,waiting,,0.0,0.0,137.0
542.0,easyBike_reverse2.7,easyBike,waiting,,0.0,0.0,127.0
543.0,easyBike_reverse3.5,easyBike,charging,186.0,25.61,20.0,
543.0,easyBike_reverse2.5,easyBike,charging,221.0,25.62,20.0,
543.0,eRickshaw_reverse3.0,eRickshaw,charging,266.0,30.01,20.0,
543.0,easyBike_reverse4.4,easyBike,charging,206.0,25.64,20.0,
543.0,easyBike_reverse3.6,easyBike,waiting,,0.0,0.0,138.0
543.0,easyBike_reverse2.7,easyBike,waiting,,0.0,0.0,128.0
544.0,easyBike_reverse3.5,easyBike,charging,187.0,25.61,20.0,
544.0,easyBike_reverse2.5,easyBike,charging,222.0,25.62,20.0,
544.0,eRickshaw_reverse3.0,eRickshaw,charging,267.0,30.01,20.0,
544.0,easyBike_reverse4.4,easyBike,charging,207.0,25.64,20.0,
544.0,easyBike_reverse3.6,easyBike,waiting,,0.0,0.0,139.0
544.0,easyBike_reverse2.7,easyBike,waiting,,0.0,0.0,129.0
545.0,easyBike_reverse3.5,easyBike,charging,188.0,25.61,20.0,
545.0,easyBike_reverse2.5,easyBike,charging,223.0,25.62,20.0,
545.0,eRickshaw_reverse3.0,eRickshaw,charging,268.0,30.01,20.0,
545.0,easyBike_reverse4.4,easyBike,charging,208.0,25.64,20.0,
545.0,easyBike_reverse3.6,easyBike,waiting,,0.0,0.0,140.0
545.0,easyBike_reverse2.7,easyBike,waiting,,0.0,0.0,130.0
546.0,easyBike_reverse3.5,easyBike,charging,189.0,25.6,20.0,
546.0,easyBike_reverse2.5,easyBike,charging,224.0,25.62,20.0,
546.0,eRickshaw_reverse3.0,eRickshaw,charging,269.0,30.01,20.0,
546.0,easyBike_reverse4.4,easyBike,charging,209.0,25.64,20.0,
546.0,easyBike_reverse3.6,easyBike,waiting,,0.0,0.0,141.0
546.0,easyBike_reverse2.7,easyBike,waiting,,0.0,0.0,131.0
547.0,easyBike_reverse3.5,easyBike,charging,190.0,25.61,20.0,
547.0,easyBike_reverse2.5,easyBike,charging,225.0,25.62,20.0,
547.0,eRickshaw_reverse3.0,eRickshaw,charging,270.0,30.01,20.0,
547.0,easyBike_reverse4.4,easyBike,charging,210.0,25.64,20.0,
547.0,easyBike_reverse3.6,easyBike,waiting,,0.0,0.0,142.0
547.0,easyBike_reverse2.7,easyBike,waiting,,0.0,0.0,132.0
548.0,easyBike_reverse3.5,easyBike,charging,191.0,25.61,20.0,
548.0,easyBike_reverse2.5,easyBike,charging,226.0,25.62,20.0,
548.0,eRickshaw_reverse3.0,eRickshaw,charging,271.0,30.01,20.0,
548.0,easyBike_reverse4.4,easyBike,charging,211.0,25.64,20.0,
548.0,easyBike_reverse3.6,easyBike,waiting,,0.0,0.0,143.0
548.0,easyBike_reverse2.7,easyBike,waiting,,0.0,0.0,133.0
549.0,easyBike_reverse3.5,easyBike,charging,192.0,25.62,20.0,
549.0,easyBike_reverse2.5,easyBike,charging,227.0,25.62,20.0,
549.0,eRickshaw_reverse3.0,eRickshaw,charging,272.0,30.01,20.0,
549.0,easyBike_reverse4.4,easyBike,charging,212.0,25.64,20.0,
549.0,easyBike_reverse3.6,easyBike,waiting,,0.0,0.0,144.0
549.0,easyBike_reverse2.7,easyBike,waiting,,0.0,0.0,134.0
550.0,easyBike_reverse3.5,easyBike,charging,193.0,25.62,20.0,
550.0,easyBike_reverse2.5,easyBike,charging,228.0,25.62,20.0,
550.0,eRickshaw_reverse3.0,eRickshaw,charging,273.0,30.01,20.0,
550.0,easyBike_reverse4.4,easyBike,charging,213.0,25.64,20.0,
550.0,easyBike_reverse3.6,easyBike,waiting,,0.0,0.0,145.0
550.0,easyBike_reverse2.7,easyBike,waiting,,0.0,0.0,135.0
551.0,easyBike_reverse3.5,easyBike,charging,194.0,25.62,20.0,
551.0,easyBike_reverse2.5,easyBike,charging,229.0,25.62,20.0,
551.0,eRickshaw_reverse3.0,eRickshaw,charging,274.0,30.01,20.0,
551.0,easyBike_reverse4.4,easyBike,charging,214.0,25.64,20.0,
551.0,easyBike_reverse3.6,easyBike,waiting,,0.0,0.0,146.0
551.0,easyBike_reverse2.7,easyBike,waiting,,0.0,0.0,136.0
552.0,easyBike_reverse3.5,easyBike,charging,195.0,25.62,20.0,
552.0,easyBike_reverse2.5,easyBike,charging,230.0,25.62,20.0,
552.0,eRickshaw_reverse3.0,eRickshaw,charging,275.0,30.01,20.0,
552.0,easyBike_reverse4.4,easyBike,charging,215.0,25.64,20.0,
552.0,easyBike_reverse3.6,easyBike,waiting,,0.0,0.0,147.0
552.0,easyBike_reverse2.7,easyBike,waiting,,0.0,0.0,137.0
553.0,easyBike_reverse3.5,easyBike,charging,196.0,25.62,20.0,
553.0,easyBike_reverse2.5,easyBike,charging,231.0,25.62,20.0,
553.0,eRickshaw_reverse3.0,eRickshaw,charging,276.0,30.01,20.0,
553.0,easyBike_reverse4.4,easyBike,charging,216.0,25.64,20.0,
553.0,easyBike_reverse3.6,easyBike,waiting,,0.0,0.0,148.0
553.0,easyBike_reverse2.7,easyBike,waiting,,0.0,0.0,138.0
554.0,easyBike_reverse3.5,easyBike,charging,197.0,25.62,20.0,
554.0,easyBike_reverse2.5,easyBike,charging,232.0,25.62,20.0,
554.0,eRickshaw_reverse3.0,eRickshaw,charging,277.0,30.01,20.0,
554.0,easyBike_reverse4.4,easyBike,charging,217.0,25.64,20.0,
554.0,easyBike_reverse3.6,easyBike,waiting,,0.0,0.0,149.0
554.0,easyBike_reverse2.7,easyBike,waiting,,0.0,0.0,139.0
555.0,easyBike_reverse3.5,easyBike,charging,198.0,25.62,20.0,
555.0,easyBike_reverse2.5,easyBike,charging,233.0,25.62,20.0,
555.0,eRickshaw_reverse3.0,eRickshaw,charging,278.0,30.01,20.0,
555.0,easyBike_reverse4.4,easyBike,charging,218.0,25.64,20.0,
555.0,easyBike_reverse3.6,easyBike,waiting,,0.0,0.0,150.0
555.0,easyBike_reverse2.7,easyBike,waiting,,0.0,0.0,140.0
556.0,easyBike_reverse3.5,easyBike,charging,199.0,25.62,20.0,
556.0,easyBike_reverse2.5,easyBike,charging,234.0,25.62,20.0,
556.0,eRickshaw_reverse3.0,eRickshaw,charging,279.0,30.01,20.0,
556.0,easyBike_reverse4.4,easyBike,charging,219.0,25.64,20.0,
556.0,easyBike_reverse3.6,easyBike,waiting,,0.0,0.0,151.0
556.0,easyBike_reverse2.7,easyBike,waiting,,0.0,0.0,141.0
557.0,easyBike_reverse3.5,easyBike,charging,200.0,25.62,20.0,
557.0,easyBike_reverse2.5,easyBike,charging,235.0,25.62,20.0,
557.0,eRickshaw_reverse3.0,eRickshaw,charging,280.0,30.01,20.0,
557.0,easyBike_reverse4.4,easyBike,charging,220.0,25.64,20.0,
557.0,easyBike_reverse3.6,easyBike,waiting,,0.0,0.0,152.0
557.0,easyBike_reverse2.7,easyBike,waiting,,0.0,0.0,142.0
558.0,easyBike_reverse3.5,easyBike,charging,201.0,25.62,20.0,
558.0,easyBike_reverse2.5,easyBike,charging,236.0,25.62,20.0,
558.0,eRickshaw_reverse3.0,eRickshaw,charging,281.0,30.01,20.0,
558.0,easyBike_reverse4.4,easyBike,charging,221.0,25.64,20.0,
558.0,easyBike_reverse3.6,easyBike,waiting,,0.0,0.0,153.0
558.0,easyBike_reverse2.7,easyBike,waiting,,0.0,0.0,143.0
559.0,easyBike_reverse3.5,easyBike,charging,202.0,25.62,20.0,
559.0,easyBike_reverse2.5,easyBike,charging,237.0,25.62,20.0,
559.0,eRickshaw_reverse3.0,eRickshaw,charging,282.0,30.01,20.0,
559.0,easyBike_reverse4.4,easyBike,charging,222.0,25.64,20.0,
559.0,easyBike_reverse3.6,easyBike,waiting,,0.0,0.0,154.0
559.0,easyBike_reverse2.7,easyBike,waiting,,0.0,0.0,144.0
560.0,easyBike_reverse3.5,easyBike,charging,203.0,25.62,20.0,
560.0,easyBike_reverse2.5,easyBike,charging,238.0,25.62,20.0,
560.0,eRickshaw_reverse3.0,eRickshaw,charging,283.0,30.01,20.0,
560.0,easyBike_reverse4.4,easyBike,charging,223.0,25.64,20.0,
560.0,easyBike_reverse3.6,easyBike,waiting,,0.0,0.0,155.0
560.0,easyBike_reverse2.7,easyBike,waiting,,0.0,0.0,145.0
561.0,easyBike_reverse3.5,easyBike,charging,204.0,25.62,20.0,
561.0,easyBike_reverse2.5,easyBike,charging,239.0,25.62,20.0,
561.0,eRickshaw_reverse3.0,eRickshaw,charging,284.0,30.01,20.0,
561.0,easyBike_reverse4.4,easyBike,charging,224.0,25.64,20.0,
561.0,easyBike_reverse3.6,easyBike,waiting,,0.0,0.0,156.0
561.0,easyBike_reverse2.7,easyBike,waiting,,0.0,0.0,146.0
562.0,easyBike_reverse3.5,easyBike,charging,205.0,25.62,20.0,
562.0,easyBike_reverse2.5,easyBike,charging,240.0,25.62,20.0,
562.0,eRickshaw_reverse3.0,eRickshaw,charging,285.0,30.01,20.0,
562.0,easyBike_reverse4.4,easyBike,charging,225.0,25.64,20.0,
562.0,easyBike_reverse3.6,easyBike,waiting,,0.0,0.0,157.0
562.0,easyBike_reverse2.7,easyBike,waiting,,0.0,0.0,147.0
563.0,easyBike_reverse3.5,easyBike,charging,206.0,25.62,20.0,
563.0,easyBike_reverse2.5,easyBike,charging,241.0,25.62,20.0,
563.0,eRickshaw_reverse3.0,eRickshaw,charging,286.0,30.01,20.0,
563.0,easyBike_reverse4.4,easyBike,charging,226.0,25.64,20.0,
563.0,easyBike_reverse3.6,easyBike,waiting,,0.0,0.0,158.0
563.0,easyBike_reverse2.7,easyBike,waiting,,0.0,0.0,148.0
564.0,easyBike_reverse3.5,easyBike,charging,207.0,25.62,20.0,
564.0,easyBike_reverse2.5,easyBike,charging,242.0,25.62,20.0,
564.0,eRickshaw_reverse3.0,eRickshaw,charging,287.0,30.01,20.0,
564.0,easyBike_reverse4.4,easyBike,charging,227.0,25.64,20.0,
564.0,easyBike_reverse3.6,easyBike,waiting,,0.0,0.0,159.0
564.0,easyBike_reverse2.7,easyBike,waiting,,0.0,0.0,149.0
565.0,easyBike_reverse3.5,easyBike,charging,208.0,25.62,20.0,
565.0,easyBike_reverse2.5,easyBike,charging,243.0,25.62,20.0,
565.0,eRickshaw_reverse3.0,eRickshaw,charging,288.0,30.01,20.0,
565.0,easyBike_reverse4.4,easyBike,charging,228.0,25.64,20.0,
565.0,easyBike_reverse3.6,easyBike,waiting,,0.0,0.0,160.0
565.0,easyBike_reverse2.7,easyBike,waiting,,0.0,0.0,150.0
566.0,easyBike_reverse3.5,easyBike,charging,209.0,25.62,20.0,
566.0,easyBike_reverse2.5,easyBike,charging,244.0,25.62,20.0,
566.0,eRickshaw_reverse3.0,eRickshaw,charging,289.0,30.01,20.0,
566.0,easyBike_reverse4.4,easyBike,charging,229.0,25.64,20.0,
566.0,easyBike_reverse3.6,easyBike,waiting,,0.0,0.0,161.0
566.0,easyBike_reverse2.7,easyBike,waiting,,0.0,0.0,151.0
567.0,easyBike_reverse3.5,easyBike,charging,210.0,25.62,20.0,
567.0,easyBike_reverse2.5,easyBike,charging,245.0,25.62,20.0,
567.0,eRickshaw_reverse3.0,eRickshaw,charging,290.0,30.01,20.0,
567.0,easyBike_reverse4.4,easyBike,charging,230.0,25.64,20.0,
567.0,easyBike_reverse3.6,easyBike,waiting,,0.0,0.0,162.0
567.0,easyBike_reverse2.7,easyBike,waiting,,0.0,0.0,152.0
568.0,easyBike_reverse3.5,easyBike,charging,211.0,25.62,20.0,
568.0,easyBike_reverse2.5,easyBike,charging,246.0,25.62,20.0,
568.0,eRickshaw_reverse3.0,eRickshaw,charging,291.0,30.01,20.0,
568.0,easyBike_reverse4.4,easyBike,charging,231.0,25.64,20.0,
568.0,easyBike_reverse3.6,easyBike,waiting,,0.0,0.0,163.0
568.0,easyBike_reverse2.7,easyBike,waiting,,0.0,0.0,153.0
569.0,easyBike_reverse3.5,easyBike,charging,212.0,25.62,20.0,
569.0,easyBike_reverse2.5,easyBike,charging,247.0,25.62,20.0,
569.0,eRickshaw_reverse3.0,eRickshaw,charging,292.0,30.01,20.0,
569.0,easyBike_reverse4.4,easyBike,charging,232.0,25.64,20.0,
569.0,easyBike_reverse3.6,easyBike,waiting,,0.0,0.0,164.0
569.0,easyBike_reverse2.7,easyBike,waiting,,0.0,0.0,154.0
570.0,easyBike_reverse3.5,easyBike,charging,213.0,25.62,20.0,
570.0,easyBike_reverse2.5,easyBike,charging,248.0,25.62,20.0,
570.0,eRickshaw_reverse3.0,eRickshaw,charging,293.0,30.01,20.0,
570.0,easyBike_reverse4.4,easyBike,charging,233.0,25.64,20.0,
570.0,easyBike_reverse3.6,easyBike,waiting,,0.0,0.0,165.0
570.0,easyBike_reverse2.7,easyBike,waiting,,0.0,0.0,155.0
571.0,easyBike_reverse3.5,easyBike,charging,214.0,25.62,20.0,
571.0,easyBike_reverse2.5,easyBike,charging,249.0,25.62,20.0,
571.0,eRickshaw_reverse3.0,eRickshaw,charging,294.0,30.01,20.0,
571.0,easyBike_reverse4.4,easyBike,charging,234.0,25.64,20.0,
571.0,easyBike_reverse3.6,easyBike,waiting,,0.0,0.0,166.0
571.0,easyBike_reverse2.7,easyBike,waiting,,0.0,0.0,156.0
572.0,easyBike_reverse3.5,easyBike,charging,215.0,25.62,20.0,
572.0,easyBike_reverse2.5,easyBike,charging,250.0,25.62,20.0,
572.0,eRickshaw_reverse3.0,eRickshaw,charging,295.0,30.01,20.0,
572.0,easyBike_reverse4.4,easyBike,charging,235.0,25.64,20.0,
572.0,easyBike_reverse3.6,easyBike,waiting,,0.0,0.0,167.0
572.0,easyBike_reverse2.7,easyBike,waiting,,0.0,0.0,157.0
573.0,easyBike_reverse3.5,easyBike,charging,216.0,25.62,20.0,
573.0,easyBike_reverse2.5,easyBike,charging,251.0,25.62,20.0,
573.0,eRickshaw_reverse3.0,eRickshaw,charging,296.0,30.01,20.0,
573.0,easyBike_reverse4.4,easyBike,charging,236.0,25.64,20.0,
573.0,easyBike_reverse3.6,easyBike,waiting,,0.0,0.0,168.0
573.0,easyBike_reverse2.7,easyBike,waiting,,0.0,0.0,158.0
574.0,easyBike_reverse3.5,easyBike,charging,217.0,25.62,20.0,
574.0,easyBike_reverse2.5,easyBike,charging,252.0,25.62,20.0,
574.0,eRickshaw_reverse3.0,eRickshaw,charging,297.0,30.01,20.0,
574.0,easyBike_reverse4.4,easyBike,charging,237.0,25.64,20.0,
574.0,easyBike_reverse3.6,easyBike,waiting,,0.0,0.0,169.0
574.0,easyBike_reverse2.7,easyBike,waiting,,0.0,0.0,159.0
575.0,easyBike_reverse3.5,easyBike,charging,218.0,25.62,20.0,
575.0,easyBike_reverse2.5,easyBike,charging,253.0,25.62,20.0,
575.0,eRickshaw_reverse3.0,eRickshaw,charging,298.0,30.01,20.0,
575.0,easyBike_reverse4.4,easyBike,charging,238.0,25.64,20.0,
575.0,easyBike_reverse3.6,easyBike,waiting,,0.0,0.0,170.0
575.0,easyBike_reverse2.7,easyBike,waiting,,0.0,0.0,160.0
576.0,easyBike_reverse3.5,easyBike,charging,219.0,25.62,20.0,
576.0,easyBike_reverse2.5,easyBike,charging,254.0,25.62,20.0,
576.0,eRickshaw_reverse3.0,eRickshaw,charging,299.0,30.01,20.0,
576.0,easyBike_reverse4.4,easyBike,charging,239.0,25.64,20.0,
576.0,easyBike_reverse3.6,easyBike,waiting,,0.0,0.0,171.0
576.0,easyBike_reverse2.7,easyBike,waiting,,0.0,0.0,161.0
577.0,easyBike_reverse3.5,easyBike,charging,220.0,25.62,20.0,
577.0,easyBike_reverse2.5,easyBike,charging,255.0,25.62,20.0,
577.0,eRickshaw_reverse3.0,eRickshaw,charging,300.0,30.01,20.0,
577.0,easyBike_reverse4.4,easyBike,charging,240.0,25.64,20.0,
577.0,easyBike_reverse3.6,easyBike,waiting,,0.0,0.0,172.0
577.0,easyBike_reverse2.7,easyBike,waiting,,0.0,0.0,162.0
578.0,easyBike_reverse3.5,easyBike,charging,221.0,25.62,20.0,
578.0,easyBike_reverse2.5,easyBike,charging,256.0,25.62,20.0,
578.0,eRickshaw_reverse3.0,eRickshaw,charging,301.0,30.01,20.0,
578.0,easyBike_reverse4.4,easyBike,charging,241.0,25.64,20.0,
578.0,easyBike_reverse3.6,easyBike,waiting,,0.0,0.0,173.0
578.0,easyBike_reverse2.7,easyBike,waiting,,0.0,0.0,163.0
579.0,easyBike_reverse3.5,easyBike,charging,222.0,25.62,20.0,
579.0,easyBike_reverse2.5,easyBike,charging,257.0,25.62,20.0,
579.0,eRickshaw_reverse3.0,eRickshaw,charging,302.0,30.01,20.0,
579.0,easyBike_reverse4.4,easyBike,charging,242.0,25.64,20.0,
579.0,easyBike_reverse3.6,easyBike,waiting,,0.0,0.0,174.0
579.0,easyBike_reverse2.7,easyBike,waiting,,0.0,0.0,164.0
580.0,easyBike_reverse3.5,easyBike,charging,223.0,25.62,20.0,
580.0,easyBike_reverse2.5,easyBike,charging,258.0,25.62,20.0,
580.0,eRickshaw_reverse3.0,eRickshaw,charging,303.0,30.01,20.0,
580.0,easyBike_reverse4.4,easyBike,charging,243.0,25.64,20.0,
580.0,easyBike_reverse3.6,easyBike,waiting,,0.0,0.0,175.0
580.0,easyBike_reverse2.7,easyBike,waiting,,0.0,0.0,165.0
581.0,easyBike_reverse3.5,easyBike,charging,224.0,25.62,20.0,
581.0,easyBike_reverse2.5,easyBike,charging,259.0,25.62,20.0,
581.0,eRickshaw_reverse3.0,eRickshaw,charging,304.0,30.01,20.0,
581.0,easyBike_reverse4.4,easyBike,charging,244.0,25.64,20.0,
581.0,easyBike_reverse3.6,easyBike,waiting,,0.0,0.0,176.0
581.0,easyBike_reverse2.7,easyBike,waiting,,0.0,0.0,166.0
582.0,easyBike_reverse3.5,easyBike,charging,225.0,25.62,20.0,
582.0,easyBike_reverse2.5,easyBike,charging,260.0,25.62,20.0,
582.0,eRickshaw_reverse3.0,eRickshaw,charging,305.0,30.0,20.0,
582.0,easyBike_reverse4.4,easyBike,charging,245.0,25.64,20.0,
582.0,easyBike_reverse3.6,easyBike,waiting,,0.0,0.0,177.0
582.0,easyBike_reverse2.7,easyBike,waiting,,0.0,0.0,167.0
583.0,easyBike_reverse3.5,easyBike,charging,226.0,25.62,20.0,
583.0,easyBike_reverse2.5,easyBike,charging,261.0,25.62,20.0,
583.0,eRickshaw_reverse3.0,eRickshaw,charging,306.0,30.0,20.0,
583.0,easyBike_reverse4.4,easyBike,charging,246.0,25.64,20.0,
583.0,easyBike_reverse3.6,easyBike,waiting,,0.0,0.0,178.0
583.0,easyBike_reverse2.7,easyBike,waiting,,0.0,0.0,168.0
584.0,easyBike_reverse3.5,easyBike,charging,227.0,25.62,20.0,
584.0,easyBike_reverse2.5,easyBike,charging,262.0,25.62,20.0,
584.0,eRickshaw_reverse3.0,eRickshaw,charging,307.0,30.0,20.0,
584.0,easyBike_reverse4.4,easyBike,charging,247.0,25.64,20.0,
584.0,easyBike_reverse3.6,easyBike,waiting,,0.0,0.0,179.0
584.0,easyBike_reverse2.7,easyBike,waiting,,0.0,0.0,169.0
585.0,easyBike_reverse3.5,easyBike,charging,228.0,25.62,20.0,
585.0,easyBike_reverse2.5,easyBike,charging,263.0,25.62,20.0,
585.0,eRickshaw_reverse3.0,eRickshaw,charging,308.0,30.0,20.0,
585.0,easyBike_reverse4.4,easyBike,charging,248.0,25.64,20.0,
585.0,easyBike_reverse3.6,easyBike,waiting,,0.0,0.0,180.0
585.0,easyBike_reverse2.7,easyBike,waiting,,0.0,0.0,170.0
586.0,easyBike_reverse3.5,easyBike,charging,229.0,25.62,20.0,
586.0,easyBike_reverse2.5,easyBike,charging,264.0,25.62,20.0,
586.0,eRickshaw_reverse3.0,eRickshaw,charging,309.0,30.0,20.0,
586.0,easyBike_reverse4.4,easyBike,charging,249.0,25.64,20.0,
586.0,easyBike_reverse3.6,easyBike,waiting,,0.0,0.0,181.0
586.0,easyBike_reverse2.7,easyBike,waiting,,0.0,0.0,171.0
587.0,easyBike_reverse3.5,easyBike,charging,230.0,25.62,20.0,
587.0,easyBike_reverse2.5,easyBike,charging,265.0,25.62,20.0,
587.0,eRickshaw_reverse3.0,eRickshaw,charging,310.0,29.99,20.0,
587.0,easyBike_reverse4.4,easyBike,charging,250.0,25.64,20.0,
587.0,easyBike_reverse3.6,easyBike,waiting,,0.0,0.0,182.0
587.0,easyBike_reverse2.7,easyBike,waiting,,0.0,0.0,172.0
588.0,easyBike_reverse3.5,easyBike,charging,231.0,25.62,20.0,
588.0,easyBike_reverse2.5,easyBike,charging,266.0,25.62,20.0,
588.0,eRickshaw_reverse3.0,eRickshaw,charging,311.0,29.99,20.0,
588.0,easyBike_reverse4.4,easyBike,charging,251.0,25.64,20.0,
588.0,easyBike_reverse3.6,easyBike,waiting,,0.0,0.0,183.0
588.0,easyBike_reverse2.7,easyBike,waiting,,0.0,0.0,173.0
589.0,easyBike_reverse3.5,easyBike,charging,232.0,25.62,20.0,
589.0,easyBike_reverse2.5,easyBike,charging,267.0,25.62,20.0,
589.0,eRickshaw_reverse3.0,eRickshaw,charging,312.0,29.99,20.0,
589.0,easyBike_reverse4.4,easyBike,charging,252.0,25.64,20.0,
589.0,easyBike_reverse3.6,easyBike,waiting,,0.0,0.0,184.0
589.0,easyBike_reverse2.7,easyBike,waiting,,0.0,0.0,174.0
590.0,easyBike_reverse3.5,easyBike,charging,233.0,25.62,20.0,
590.0,easyBike_reverse2.5,easyBike,charging,268.0,25.62,20.0,
590.0,eRickshaw_reverse3.0,eRickshaw,charging,313.0,29.98,20.0,
590.0,easyBike_reverse4.4,easyBike,charging,253.0,25.64,20.0,
590.0,easyBike_reverse3.6,easyBike,waiting,,0.0,0.0,185.0
590.0,easyBike_reverse2.7,easyBike,waiting,,0.0,0.0,175.0
591.0,easyBike_reverse3.5,easyBike,charging,234.0,25.62,20.0,
591.0,easyBike_reverse2.5,easyBike,charging,269.0,25.62,20.0,
591.0,eRickshaw_reverse3.0,eRickshaw,charging,314.0,29.98,20.0,
591.0,easyBike_reverse4.4,easyBike,charging,254.0,25.64,20.0,
591.0,easyBike_reverse3.6,easyBike,waiting,,0.0,0.0,186.0
591.0,easyBike_reverse2.7,easyBike,waiting,,0.0,0.0,176.0
592.0,easyBike_reverse3.5,easyBike,charging,235.0,25.62,20.0,
592.0,easyBike_reverse2.5,easyBike,charging,270.0,25.62,20.0,
592.0,eRickshaw_reverse3.0,eRickshaw,charging,315.0,29.97,20.0,
592.0,easyBike_reverse4.4,easyBike,charging,255.0,25.64,20.0,
592.0,easyBike_reverse3.6,easyBike,waiting,,0.0,0.0,187.0
592.0,easyBike_reverse2.7,easyBike,waiting,,0.0,0.0,177.0
593.0,easyBike_reverse3.5,easyBike,charging,236.0,25.62,20.0,
593.0,easyBike_reverse2.5,easyBike,charging,271.0,25.62,20.0,
593.0,eRickshaw_reverse3.0,eRickshaw,charging,316.0,29.97,20.0,
593.0,easyBike_reverse4.4,easyBike,charging,256.0,25.64,20.0,
593.0,easyBike_reverse3.6,easyBike,waiting,,0.0,0.0,188.0
593.0,easyBike_reverse2.7,easyBike,waiting,,0.0,0.0,178.0
594.0,easyBike_reverse3.5,easyBike,charging,237.0,25.62,20.0,
594.0,easyBike_reverse2.5,easyBike,charging,272.0,25.62,20.0,
594.0,eRickshaw_reverse3.0,eRickshaw,charging,317.0,29.96,20.0,
594.0,easyBike_reverse4.4,easyBike,charging,257.0,25.64,20.0,
594.0,easyBike_reverse3.6,easyBike,waiting,,0.0,0.0,189.0
594.0,easyBike_reverse2.7,easyBike,waiting,,0.0,0.0,179.0
595.0,easyBike_reverse3.5,easyBike,charging,238.0,25.62,20.0,
595.0,easyBike_reverse2.5,easyBike,charging,273.0,25.62,20.0,
595.0,eRickshaw_reverse3.0,eRickshaw,charging,318.0,29.95,20.0,
595.0,easyBike_reverse4.4,easyBike,charging,258.0,25.64,20.0,
595.0,easyBike_reverse3.6,easyBike,waiting,,0.0,0.0,190.0
595.0,easyBike_reverse2.7,easyBike,waiting,,0.0,0.0,180.0
596.0,easyBike_reverse3.5,easyBike,charging,239.0,25.62,20.0,
596.0,easyBike_reverse2.5,easyBike,charging,274.0,25.62,20.0,
596.0,eRickshaw_reverse3.0,eRickshaw,charging,319.0,29.94,20.0,
596.0,easyBike_reverse4.4,easyBike,charging,259.0,25.64,20.0,
596.0,easyBike_reverse3.6,easyBike,waiting,,0.0,0.0,191.0
596.0,easyBike_reverse2.7,easyBike,waiting,,0.0,0.0,181.0
597.0,easyBike_reverse3.5,easyBike,charging,240.0,25.62,20.0,
597.0,easyBike_reverse2.5,easyBike,charging,275.0,25.62,20.0,
597.0,eRickshaw_reverse3.0,eRickshaw,charging,320.0,29.94,20.0,
597.0,easyBike_reverse4.4,easyBike,charging,260.0,25.64,20.0,
597.0,easyBike_reverse3.6,easyBike,waiting,,0.0,0.0,192.0
597.0,easyBike_reverse2.7,easyBike,waiting,,0.0,0.0,182.0
598.0,easyBike_reverse3.5,easyBike,charging,241.0,25.62,20.0,
598.0,easyBike_reverse2.5,easyBike,charging,276.0,25.62,20.0,
598.0,eRickshaw_reverse3.0,eRickshaw,charging,321.0,29.94,20.0,
598.0,easyBike_reverse4.4,easyBike,charging,261.0,25.64,20.0,
598.0,easyBike_reverse3.6,easyBike,waiting,,0.0,0.0,193.0
598.0,easyBike_reverse2.7,easyBike,waiting,,0.0,0.0,183.0
599.0,easyBike_reverse3.5,easyBike,charging,242.0,25.62,20.0,
599.0,easyBike_reverse2.5,easyBike,charging,277.0,25.62,20.0,
599.0,eRickshaw_reverse3.0,eRickshaw,charging,322.0,29.93,20.0,
599.0,easyBike_reverse4.4,easyBike,charging,262.0,25.64,20.0,
599.0,easyBike_reverse3.6,easyBike,waiting,,0.0,0.0,194.0
599.0,easyBike_reverse2.7,easyBike,waiting,,0.0,0.0,184.0
600.0,easyBike_reverse3.5,easyBike,charging,243.0,25.62,20.0,
600.0,easyBike_reverse2.5,easyBike,charging,278.0,25.62,20.0,
600.0,eRickshaw_reverse3.0,eRickshaw,charging,323.0,29.93,20.0,
600.0,easyBike_reverse4.4,easyBike,charging,263.0,25.64,20.0,
600.0,easyBike_reverse3.6,easyBike,waiting,,0.0,0.0,195.0
600.0,easyBike_reverse2.7,easyBike,waiting,,0.0,0.0,185.0
336.0,eRickshaw_forward4.0,eRickshaw,charging,0.0,29.81,25.0,
337.0,eRickshaw_forward4.0,eRickshaw,charging,1.0,29.81,25.0,
338.0,eRickshaw_forward4.0,eRickshaw,charging,2.0,29.81,25.0,
339.0,eRickshaw_forward4.0,eRickshaw,charging,3.0,29.81,25.0,
340.0,eRickshaw_forward4.0,eRickshaw,charging,4.0,29.81,25.0,
341.0,eRickshaw_forward4.0,eRickshaw,charging,5.0,29.81,25.0,
342.0,eRickshaw_forward4.0,eRickshaw,charging,6.0,29.81,25.0,
343.0,eRickshaw_forward4.0,eRickshaw,charging,7.0,29.81,25.0,
344.0,eRickshaw_forward4.0,eRickshaw,charging,8.0,29.81,25.0,
345.0,eRickshaw_forward4.0,eRickshaw,charging,9.0,29.81,25.0,
346.0,eRickshaw_forward4.0,eRickshaw,charging,10.0,29.81,25.0,
347.0,eRickshaw_forward4.0,eRickshaw,charging,11.0,29.81,25.0,
348.0,eRickshaw_forward4.0,eRickshaw,charging,12.0,29.81,25.0,
349.0,eRickshaw_forward4.0,eRickshaw,charging,13.0,29.81,25.0,
350.0,eRickshaw_forward4.0,eRickshaw,charging,14.0,29.81,25.0,
351.0,eRickshaw_forward4.0,eRickshaw,charging,15.0,29.81,25.0,
352.0,eRickshaw_forward4.0,eRickshaw,charging,16.0,29.81,25.0,
353.0,eRickshaw_forward4.0,eRickshaw,charging,17.0,29.81,25.0,
354.0,eRickshaw_forward4.0,eRickshaw,charging,18.0,29.81,25.0,
355.0,eRickshaw_forward4.0,eRickshaw,charging,19.0,29.81,25.0,
356.0,eRickshaw_forward4.0,eRickshaw,charging,20.0,29.81,25.0,
357.0,eRickshaw_forward4.0,eRickshaw,charging,21.0,29.81,25.0,
358.0,eRickshaw_forward4.0,eRickshaw,charging,22.0,29.81,25.0,
359.0,eRickshaw_forward4.0,eRickshaw,charging,23.0,29.81,25.0,
360.0,eRickshaw_forward4.0,eRickshaw,charging,24.0,29.81,25.0,
361.0,eRickshaw_forward4.0,eRickshaw,charging,25.0,29.81,25.0,
362.0,eRickshaw_forward4.0,eRickshaw,charging,26.0,29.81,25.0,
363.0,eRickshaw_forward4.0,eRickshaw,charging,27.0,29.81,25.0,
364.0,eRickshaw_forward4.0,eRickshaw,charging,28.0,29.81,25.0,
365.0,eRickshaw_forward4.0,eRickshaw,charging,29.0,29.81,25.0,
366.0,eRickshaw_forward4.0,eRickshaw,charging,30.0,29.81,25.0,
367.0,eRickshaw_forward4.0,eRickshaw,charging,31.0,29.81,25.0,
368.0,eRickshaw_forward4.0,eRickshaw,charging,32.0,29.81,25.0,
369.0,eRickshaw_forward4.0,eRickshaw,charging,33.0,29.81,25.0,
370.0,eRickshaw_forward4.0,eRickshaw,charging,34.0,29.81,25.0,
371.0,eRickshaw_forward4.0,eRickshaw,charging,35.0,29.81,25.0,
372.0,eRickshaw_forward4.0,eRickshaw,charging,36.0,29.81,25.0,
373.0,eRickshaw_forward4.0,eRickshaw,charging,37.0,29.81,25.0,
374.0,eRickshaw_forward4.0,eRickshaw,charging,38.0,29.81,25.0,
375.0,eRickshaw_forward4.0,eRickshaw,charging,39.0,29.81,25.0,
376.0,eRickshaw_forward4.0,eRickshaw,charging,40.0,29.81,25.0,
377.0,eRickshaw_forward4.0,eRickshaw,charging,41.0,29.81,25.0,
378.0,eRickshaw_forward4.0,eRickshaw,charging,42.0,29.81,25.0,
379.0,eRickshaw_forward4.0,eRickshaw,charging,43.0,29.81,25.0,
380.0,eRickshaw_forward4.0,eRickshaw,charging,44.0,29.81,25.0,
381.0,eRickshaw_forward4.0,eRickshaw,charging,45.0,29.81,25.0,
382.0,eRickshaw_forward4.0,eRickshaw,charging,46.0,29.81,25.0,
383.0,eRickshaw_forward4.0,eRickshaw,charging,47.0,29.81,25.0,
384.0,eRickshaw_forward4.0,eRickshaw,charging,48.0,29.81,25.0,
385.0,eRickshaw_forward4.0,eRickshaw,charging,49.0,29.81,25.0,
386.0,eRickshaw_forward4.0,eRickshaw,charging,50.0,29.81,25.0,
387.0,eRickshaw_forward4.0,eRickshaw,charging,51.0,29.81,25.0,
388.0,eRickshaw_forward4.0,eRickshaw,charging,52.0,29.81,25.0,
389.0,eRickshaw_forward4.0,eRickshaw,charging,53.0,29.81,25.0,
390.0,eRickshaw_forward4.0,eRickshaw,charging,54.0,29.81,25.0,
391.0,eRickshaw_forward4.0,eRickshaw,charging,55.0,29.81,25.0,
392.0,eRickshaw_forward4.0,eRickshaw,charging,56.0,29.81,25.0,
393.0,eRickshaw_forward4.0,eRickshaw,charging,57.0,29.81,25.0,
394.0,eRickshaw_forward4.0,eRickshaw,charging,58.0,29.81,25.0,
395.0,eRickshaw_forward4.0,eRickshaw,charging,59.0,29.81,25.0,
396.0,eRickshaw_forward4.0,eRickshaw,charging,60.0,29.81,25.0,
397.0,eRickshaw_forward4.0,eRickshaw,charging,61.0,29.81,25.0,
398.0,eRickshaw_forward4.0,eRickshaw,charging,62.0,29.81,25.0,
399.0,eRickshaw_forward4.0,eRickshaw,charging,63.0,29.81,25.0,
400.0,eRickshaw_forward4.0,eRickshaw,charging,64.0,29.81,25.0,
401.0,eRickshaw_forward4.0,eRickshaw,charging,65.0,29.81,25.0,
402.0,eRickshaw_forward4.0,eRickshaw,charging,66.0,29.81,25.0,
403.0,eRickshaw_forward4.0,eRickshaw,charging,67.0,29.81,25.0,
404.0,eRickshaw_forward4.0,eRickshaw,charging,68.0,29.81,25.0,
405.0,eRickshaw_forward4.0,eRickshaw,charging,69.0,29.81,25.0,
406.0,eRickshaw_forward4.0,eRickshaw,charging,70.0,29.81,25.0,
407.0,eRickshaw_forward4.0,eRickshaw,charging,71.0,29.81,25.0,
408.0,eRickshaw_forward4.0,eRickshaw,charging,72.0,29.81,25.0,
409.0,eRickshaw_forward4.0,eRickshaw,charging,73.0,29.81,25.0,
410.0,eRickshaw_forward4.0,eRickshaw,charging,74.0,29.81,25.0,
411.0,eRickshaw_forward4.0,eRickshaw,charging,75.0,29.81,25.0,
412.0,eRickshaw_forward4.0,eRickshaw,charging,76.0,29.81,25.0,
413.0,eRickshaw_forward4.0,eRickshaw,charging,77.0,29.81,25.0,
414.0,eRickshaw_forward4.0,eRickshaw,charging,78.0,29.81,25.0,
415.0,eRickshaw_forward4.0,eRickshaw,charging,79.0,29.81,25.0,
416.0,eRickshaw_forward4.0,eRickshaw,charging,80.0,29.81,25.0,
417.0,eRickshaw_forward4.0,eRickshaw,charging,81.0,29.81,25.0,
418.0,eRickshaw_forward4.0,eRickshaw,charging,82.0,29.81,25.0,
419.0,eRickshaw_forward4.0,eRickshaw,charging,83.0,29.81,25.0,
420.0,eRickshaw_forward4.0,eRickshaw,charging,84.0,29.81,25.0,
421.0,eRickshaw_forward4.0,eRickshaw,charging,85.0,29.81,25.0,
422.0,eRickshaw_forward4.0,eRickshaw,charging,86.0,29.81,25.0,
423.0,eRickshaw_forward4.0,eRickshaw,charging,87.0,29.81,25.0,
424.0,eRickshaw_forward4.0,eRickshaw,charging,88.0,29.81,25.0,
425.0,eRickshaw_forward4.0,eRickshaw,charging,89.0,29.81,25.0,
426.0,eRickshaw_forward4.0,eRickshaw,charging,90.0,29.81,25.0,
427.0,eRickshaw_forward4.0,eRickshaw,charging,91.0,29.81,25.0,
428.0,eRickshaw_forward4.0,eRickshaw,charging,92.0,29.81,25.0,
429.0,eRickshaw_forward4.0,eRickshaw,charging,93.0,29.81,25.0,
430.0,eRickshaw_forward4.0,eRickshaw,charging,94.0,29.81,25.0,
431.0,eRickshaw_forward4.0,eRickshaw,charging,95.0,29.81,25.0,
432.0,eRickshaw_forward4.0,eRickshaw,charging,96.0,29.81,25.0,
433.0,eRickshaw_forward4.0,eRickshaw,charging,97.0,29.81,25.0,
434.0,eRickshaw_forward4.0,eRickshaw,charging,98.0,29.81,25.0,
435.0,eRickshaw_forward4.0,eRickshaw,charging,99.0,29.81,25.0,
436.0,eRickshaw_forward4.0,eRickshaw,charging,100.0,29.81,25.0,
437.0,eRickshaw_forward4.0,eRickshaw,charging,101.0,29.81,25.0,
438.0,eRickshaw_forward4.0,eRickshaw,charging,102.0,29.81,25.0,
439.0,eRickshaw_forward4.0,eRickshaw,charging,103.0,29.81,25.0,
440.0,eRickshaw_forward4.0,eRickshaw,charging,104.0,29.81,25.0,
441.0,eRickshaw_forward4.0,eRickshaw,charging,105.0,29.81,25.0,
442.0,eRickshaw_forward4.0,eRickshaw,charging,106.0,29.81,25.0,
443.0,eRickshaw_forward4.0,eRickshaw,charging,107.0,29.81,25.0,
444.0,eRickshaw_forward4.0,eRickshaw,charging,108.0,29.81,25.0,
445.0,eRickshaw_forward4.0,eRickshaw,charging,109.0,29.81,25.0,
446.0,eRickshaw_forward4.0,eRickshaw,charging,110.0,29.81,25.0,
447.0,eRickshaw_forward4.0,eRickshaw,charging,111.0,29.81,25.0,
448.0,eRickshaw_forward4.0,eRickshaw,charging,112.0,29.81,25.0,
449.0,eRickshaw_forward4.0,eRickshaw,charging,113.0,29.81,25.0,
450.0,eRickshaw_forward4.0,eRickshaw,charging,114.0,29.81,25.0,
451.0,eRickshaw_forward4.0,eRickshaw,charging,115.0,29.81,25.0,
452.0,eRickshaw_forward4.0,eRickshaw,charging,116.0,29.81,25.0,
453.0,eRickshaw_forward4.0,eRickshaw,charging,117.0,29.81,25.0,
454.0,eRickshaw_forward4.0,eRickshaw,charging,118.0,29.81,25.0,
455.0,eRickshaw_forward4.0,eRickshaw,charging,119.0,29.81,25.0,
456.0,eRickshaw_forward4.0,eRickshaw,charging,120.0,29.81,25.0,
457.0,eRickshaw_forward4.0,eRickshaw,charging,121.0,29.81,25.0,
458.0,eRickshaw_forward4.0,eRickshaw,charging,122.0,29.81,25.0,
459.0,eRickshaw_forward4.0,eRickshaw,charging,123.0,29.81,25.0,
460.0,eRickshaw_forward4.0,eRickshaw,charging,124.0,29.81,25.0,
461.0,eRickshaw_forward4.0,eRickshaw,charging,125.0,29.81,25.0,
462.0,eRickshaw_forward4.0,eRickshaw,charging,126.0,29.81,25.0,
463.0,eRickshaw_forward4.0,eRickshaw,charging,127.0,29.81,25.0,
464.0,eRickshaw_forward4.0,eRickshaw,charging,128.0,29.81,25.0,
465.0,eRickshaw_forward4.0,eRickshaw,charging,129.0,29.81,25.0,
466.0,eRickshaw_forward4.0,eRickshaw,charging,130.0,29.81,25.0,
467.0,eRickshaw_forward4.0,eRickshaw,charging,131.0,29.81,25.0,
468.0,eRickshaw_forward4.0,eRickshaw,charging,132.0,29.81,25.0,
469.0,eRickshaw_forward4.0,eRickshaw,charging,133.0,29.81,25.0,
470.0,eRickshaw_forward4.0,eRickshaw,charging,134.0,29.81,25.0,
471.0,eRickshaw_forward4.0,eRickshaw,charging,135.0,29.81,25.0,
472.0,eRickshaw_forward4.0,eRickshaw,charging,136.0,29.81,25.0,
473.0,eRickshaw_forward4.0,eRickshaw,charging,137.0,29.81,25.0,
474.0,eRickshaw_forward4.0,eRickshaw,charging,138.0,29.81,25.0,
475.0,eRickshaw_forward4.0,eRickshaw,charging,139.0,29.81,25.0,
476.0,eRickshaw_forward4.0,eRickshaw,charging,140.0,29.81,25.0,
477.0,eRickshaw_forward4.0,eRickshaw,charging,141.0,29.81,25.0,
478.0,eRickshaw_forward4.0,eRickshaw,charging,142.0,29.81,25.0,
479.0,eRickshaw_forward4.0,eRickshaw,charging,143.0,29.81,25.0,
480.0,eRickshaw_forward4.0,eRickshaw,charging,144.0,29.81,25.0,
481.0,eRickshaw_forward4.0,eRickshaw,charging,145.0,29.81,25.0,
482.0,eRickshaw_forward4.0,eRickshaw,charging,146.0,29.81,25.0,
483.0,eRickshaw_forward4.0,eRickshaw,charging,147.0,29.81,25.0,
484.0,eRickshaw_forward4.0,eRickshaw,charging,148.0,29.81,25.0,
485.0,eRickshaw_forward4.0,eRickshaw,charging,149.0,29.81,25.0,
486.0,eRickshaw_forward4.0,eRickshaw,charging,150.0,29.81,25.0,
487.0,eRickshaw_forward4.0,eRickshaw,charging,151.0,29.81,25.0,
488.0,eRickshaw_forward4.0,eRickshaw,charging,152.0,29.81,25.0,
489.0,eRickshaw_forward4.0,eRickshaw,charging,153.0,29.81,25.0,
490.0,eRickshaw_forward4.0,eRickshaw,charging,154.0,29.81,25.0,
491.0,eRickshaw_forward4.0,eRickshaw,charging,155.0,29.81,25.0,
492.0,eRickshaw_forward4.0,eRickshaw,charging,156.0,29.81,25.0,
493.0,eRickshaw_forward4.0,eRickshaw,charging,157.0,29.81,25.0,
494.0,eRickshaw_forward4.0,eRickshaw,charging,158.0,29.81,25.0,
495.0,eRickshaw_forward4.0,eRickshaw,charging,159.0,29.81,25.0,
496.0,eRickshaw_forward4.0,eRickshaw,charging,160.0,29.81,25.0,
497.0,eRickshaw_forward4.0,eRickshaw,charging,161.0,29.81,25.0,
498.0,eRickshaw_forward4.0,eRickshaw,charging,162.0,29.81,25.0,
499.0,eRickshaw_forward4.0,eRickshaw,charging,163.0,29.81,25.0,
500.0,eRickshaw_forward4.0,eRickshaw,charging,164.0,29.81,25.0,
501.0,eRickshaw_forward4.0,eRickshaw,charging,165.0,29.81,25.0,
502.0,eRickshaw_forward4.0,eRickshaw,charging,166.0,29.81,25.0,
503.0,eRickshaw_forward4.0,eRickshaw,charging,167.0,29.81,25.0,
504.0,eRickshaw_forward4.0,eRickshaw,charging,168.0,29.81,25.0,
505.0,eRickshaw_forward4.0,eRickshaw,charging,169.0,29.81,25.0,
506.0,eRickshaw_forward4.0,eRickshaw,charging,170.0,29.81,25.0,
507.0,eRickshaw_forward4.0,eRickshaw,charging,171.0,29.81,25.0,
508.0,eRickshaw_forward4.0,eRickshaw,charging,172.0,29.81,25.0,
509.0,eRickshaw_forward4.0,eRickshaw,charging,173.0,29.81,25.0,
510.0,eRickshaw_forward4.0,eRickshaw,charging,174.0,29.81,25.0,
511.0,eRickshaw_forward4.0,eRickshaw,charging,175.0,29.81,25.0,
512.0,eRickshaw_forward4.0,eRickshaw,charging,176.0,29.81,25.0,
513.0,eRickshaw_forward4.0,eRickshaw,charging,177.0,29.81,25.0,
514.0,eRickshaw_forward4.0,eRickshaw,charging,178.0,29.81,25.0,
515.0,eRickshaw_forward4.0,eRickshaw,charging,179.0,29.81,25.0,
516.0,eRickshaw_forward4.0,eRickshaw,charging,180.0,29.81,25.0,
517.0,eRickshaw_forward4.0,eRickshaw,charging,181.0,29.81,25.0,
518.0,eRickshaw_forward4.0,eRickshaw,charging,182.0,29.81,25.0,
519.0,eRickshaw_forward4.1,eRickshaw,charging,0.0,29.8,25.0,
519.0,eRickshaw_forward4.0,eRickshaw,charging,183.0,29.81,25.0,
520.0,eRickshaw_forward4.1,eRickshaw,charging,1.0,29.8,25.0,
520.0,eRickshaw_forward4.0,eRickshaw,charging,184.0,29.81,25.0,
521.0,eRickshaw_forward4.1,eRickshaw,charging,2.0,29.8,25.0,
521.0,eRickshaw_forward4.0,eRickshaw,charging,185.0,29.81,25.0,
522.0,eRickshaw_forward4.1,eRickshaw,charging,3.0,29.8,25.0,
522.0,eRickshaw_forward4.0,eRickshaw,charging,186.0,29.81,25.0,
523.0,eRickshaw_forward4.1,eRickshaw,charging,4.0,29.8,25.0,
523.0,eRickshaw_forward4.0,eRickshaw,charging,187.0,29.81,25.0,
524.0,eRickshaw_forward4.1,eRickshaw,charging,5.0,29.8,25.0,
524.0,eRickshaw_forward4.0,eRickshaw,charging,188.0,29.81,25.0,
525.0,eRickshaw_forward4.1,eRickshaw,charging,6.0,29.8,25.0,
525.0,eRickshaw_forward4.0,eRickshaw,charging,189.0,29.81,25.0,
526.0,eRickshaw_forward4.1,eRickshaw,charging,7.0,29.8,25.0,
526.0,eRickshaw_forward4.0,eRickshaw,charging,190.0,29.81,25.0,
527.0,eRickshaw_forward4.1,eRickshaw,charging,8.0,29.8,25.0,
527.0,eRickshaw_forward4.0,eRickshaw,charging,191.0,29.81,25.0,
528.0,eRickshaw_forward4.1,eRickshaw,charging,9.0,29.8,25.0,
528.0,eRickshaw_forward4.0,eRickshaw,charging,192.0,29.81,25.0,
529.0,eRickshaw_forward4.1,eRickshaw,charging,10.0,29.8,25.0,
529.0,eRickshaw_forward4.0,eRickshaw,charging,193.0,29.81,25.0,
530.0,eRickshaw_forward4.1,eRickshaw,charging,11.0,29.8,25.0,
530.0,eRickshaw_forward4.0,eRickshaw,charging,194.0,29.81,25.0,
531.0,eRickshaw_forward4.1,eRickshaw,charging,12.0,29.8,25.0,
531.0,eRickshaw_forward4.0,eRickshaw,charging,195.0,29.81,25.0,
532.0,eRickshaw_forward4.1,eRickshaw,charging,13.0,29.8,25.0,
532.0,eRickshaw_forward4.0,eRickshaw,charging,196.0,29.81,25.0,
533.0,eRickshaw_forward4.1,eRickshaw,charging,14.0,29.8,25.0,
533.0,eRickshaw_forward4.0,eRickshaw,charging,197.0,29.81,25.0,
534.0,eRickshaw_forward4.1,eRickshaw,charging,15.0,29.8,25.0,
534.0,eRickshaw_forward4.0,eRickshaw,charging,198.0,29.81,25.0,
535.0,eRickshaw_forward4.1,eRickshaw,charging,16.0,29.8,25.0,
535.0,eRickshaw_forward4.0,eRickshaw,charging,199.0,29.81,25.0,
536.0,eRickshaw_forward4.1,eRickshaw,charging,17.0,29.8,25.0,
536.0,eRickshaw_forward4.0,eRickshaw,charging,200.0,29.81,25.0,
537.0,eRickshaw_forward4.1,eRickshaw,charging,18.0,29.8,25.0,
537.0,eRickshaw_forward4.0,eRickshaw,charging,201.0,29.81,25.0,
538.0,eRickshaw_forward4.1,eRickshaw,charging,19.0,29.8,25.0,
538.0,eRickshaw_forward4.0,eRickshaw,charging,202.0,29.81,25.0,
539.0,eRickshaw_forward4.1,eRickshaw,charging,20.0,29.8,25.0,
539.0,eRickshaw_forward4.0,eRickshaw,charging,203.0,29.81,25.0,
540.0,eRickshaw_forward4.1,eRickshaw,charging,21.0,29.8,25.0,
540.0,eRickshaw_forward4.0,eRickshaw,charging,204.0,29.81,25.0,
541.0,eRickshaw_forward4.1,eRickshaw,charging,22.0,29.8,25.0,
541.0,eRickshaw_forward4.0,eRickshaw,charging,205.0,29.81,25.0,
542.0,eRickshaw_forward4.1,eRickshaw,charging,23.0,29.8,25.0,
542.0,eRickshaw_forward4.0,eRickshaw,charging,206.0,29.81,25.0,
543.0,eRickshaw_forward4.1,eRickshaw,charging,24.0,29.8,25.0,
543.0,eRickshaw_forward4.0,eRickshaw,charging,207.0,29.81,25.0,
544.0,eRickshaw_forward4.1,eRickshaw,charging,25.0,29.8,25.0,
544.0,eRickshaw_forward4.0,eRickshaw,charging,208.0,29.81,25.0,
545.0,eRickshaw_forward4.1,eRickshaw,charging,26.0,29.8,25.0,
545.0,eRickshaw_forward4.0,eRickshaw,charging,209.0,29.81,25.0,
546.0,eRickshaw_forward4.1,eRickshaw,charging,27.0,29.8,25.0,
546.0,eRickshaw_forward4.0,eRickshaw,charging,210.0,29.81,25.0,
547.0,eRickshaw_forward4.1,eRickshaw,charging,28.0,29.8,25.0,
547.0,eRickshaw_forward4.0,eRickshaw,charging,211.0,29.81,25.0,
548.0,eRickshaw_forward4.1,eRickshaw,charging,29.0,29.8,25.0,
548.0,eRickshaw_forward4.0,eRickshaw,charging,212.0,29.81,25.0,
549.0,eRickshaw_forward4.1,eRickshaw,charging,30.0,29.8,25.0,
549.0,eRickshaw_forward4.0,eRickshaw,charging,213.0,29.81,25.0,
550.0,eRickshaw_forward4.1,eRickshaw,charging,31.0,29.8,25.0,
550.0,eRickshaw_forward4.0,eRickshaw,charging,214.0,29.81,25.0,
551.0,eRickshaw_forward4.1,eRickshaw,charging,32.0,29.8,25.0,
551.0,eRickshaw_forward4.0,eRickshaw,charging,215.0,29.81,25.0,
552.0,eRickshaw_forward4.1,eRickshaw,charging,33.0,29.8,25.0,
552.0,eRickshaw_forward4.0,eRickshaw,charging,216.0,29.81,25.0,
553.0,eRickshaw_forward4.1,eRickshaw,charging,34.0,29.8,25.0,
553.0,eRickshaw_forward4.0,eRickshaw,charging,217.0,29.81,25.0,
554.0,eRickshaw_forward4.1,eRickshaw,charging,35.0,29.8,25.0,
554.0,eRickshaw_forward4.0,eRickshaw,charging,218.0,29.81,25.0,
555.0,eRickshaw_forward4.1,eRickshaw,charging,36.0,29.8,25.0,
555.0,eRickshaw_forward4.0,eRickshaw,charging,219.0,29.81,25.0,
556.0,eRickshaw_forward4.1,eRickshaw,charging,37.0,29.8,25.0,
556.0,eRickshaw_forward4.0,eRickshaw,charging,220.0,29.81,25.0,
557.0,eRickshaw_forward4.1,eRickshaw,charging,38.0,29.8,25.0,
557.0,eRickshaw_forward4.0,eRickshaw,charging,221.0,29.81,25.0,
558.0,eRickshaw_forward4.1,eRickshaw,charging,39.0,29.8,25.0,
558.0,eRickshaw_forward4.0,eRickshaw,charging,222.0,29.81,25.0,
559.0,eRickshaw_forward4.1,eRickshaw,charging,40.0,29.8,25.0,
559.0,eRickshaw_forward4.0,eRickshaw,charging,223.0,29.81,25.0,
560.0,eRickshaw_forward4.1,eRickshaw,charging,41.0,29.8,25.0,
560.0,eRickshaw_forward4.0,eRickshaw,charging,224.0,29.81,25.0,
561.0,eRickshaw_forward4.1,eRickshaw,charging,42.0,29.8,25.0,
561.0,eRickshaw_forward4.0,eRickshaw,charging,225.0,29.81,25.0,
562.0,eRickshaw_forward4.1,eRickshaw,charging,43.0,29.8,25.0,
562.0,eRickshaw_forward4.0,eRickshaw,charging,226.0,29.81,25.0,
563.0,eRickshaw_forward4.1,eRickshaw,charging,44.0,29.8,25.0,
563.0,eRickshaw_forward4.0,eRickshaw,charging,227.0,29.81,25.0,
564.0,eRickshaw_forward4.1,eRickshaw,charging,45.0,29.8,25.0,
564.0,eRickshaw_forward4.0,eRickshaw,charging,228.0,29.81,25.0,
565.0,eRickshaw_forward4.1,eRickshaw,charging,46.0,29.8,25.0,
565.0,eRickshaw_forward4.0,eRickshaw,charging,229.0,29.81,25.0,
566.0,eRickshaw_forward4.1,eRickshaw,charging,47.0,29.8,25.0,
566.0,eRickshaw_forward4.0,eRickshaw,charging,230.0,29.81,25.0,
567.0,eRickshaw_forward4.1,eRickshaw,charging,48.0,29.8,25.0,
567.0,eRickshaw_forward4.0,eRickshaw,charging,231.0,29.81,25.0,
568.0,eRickshaw_forward4.1,eRickshaw,charging,49.0,29.8,25.0,
568.0,eRickshaw_forward4.0,eRickshaw,charging,232.0,29.81,25.0,
569.0,eRickshaw_forward4.1,eRickshaw,charging,50.0,29.8,25.0,
569.0,eRickshaw_forward4.0,eRickshaw,charging,233.0,29.81,25.0,
570.0,eRickshaw_forward4.1,eRickshaw,charging,51.0,29.8,25.0,
570.0,eRickshaw_forward4.0,eRickshaw,charging,234.0,29.81,25.0,
571.0,eRickshaw_forward4.1,eRickshaw,charging,52.0,29.8,25.0,
571.0,eRickshaw_forward4.0,eRickshaw,charging,235.0,29.81,25.0,
572.0,eRickshaw_forward4.1,eRickshaw,charging,53.0,29.8,25.0,
572.0,eRickshaw_forward4.0,eRickshaw,charging,236.0,29.81,25.0,
573.0,eRickshaw_forward4.1,eRickshaw,charging,54.0,29.8,25.0,
573.0,eRickshaw_forward4.0,eRickshaw,charging,237.0,29.81,25.0,
574.0,eRickshaw_forward4.1,eRickshaw,charging,55.0,29.8,25.0,
574.0,eRickshaw_forward4.0,eRickshaw,charging,238.0,29.81,25.0,
575.0,eRickshaw_forward4.1,eRickshaw,charging,56.0,29.8,25.0,
575.0,eRickshaw_forward4.0,eRickshaw,charging,239.0,29.81,25.0,
576.0,eRickshaw_forward4.1,eRickshaw,charging,57.0,29.8,25.0,
576.0,eRickshaw_forward4.0,eRickshaw,charging,240.0,29.81,25.0,
577.0,eRickshaw_forward4.1,eRickshaw,charging,58.0,29.8,25.0,
577.0,eRickshaw_forward4.0,eRickshaw,charging,241.0,29.81,25.0,
578.0,eRickshaw_forward4.1,eRickshaw,charging,59.0,29.8,25.0,
578.0,eRickshaw_forward4.0,eRickshaw,charging,242.0,29.81,25.0,
579.0,eRickshaw_forward4.1,eRickshaw,charging,60.0,29.8,25.0,
579.0,eRickshaw_forward4.0,eRickshaw,charging,243.0,29.81,25.0,
580.0,eRickshaw_forward4.1,eRickshaw,charging,61.0,29.8,25.0,
580.0,eRickshaw_forward4.0,eRickshaw,charging,244.0,29.81,25.0,
581.0,eRickshaw_forward4.1,eRickshaw,charging,62.0,29.8,25.0,
581.0,eRickshaw_forward4.0,eRickshaw,charging,245.0,29.81,25.0,
582.0,eRickshaw_forward4.1,eRickshaw,charging,63.0,29.8,25.0,
582.0,eRickshaw_forward4.0,eRickshaw,charging,246.0,29.81,25.0,
583.0,eRickshaw_forward4.1,eRickshaw,charging,64.0,29.8,25.0,
583.0,eRickshaw_forward4.0,eRickshaw,charging,247.0,29.81,25.0,
584.0,eRickshaw_forward4.1,eRickshaw,charging,65.0,29.8,25.0,
584.0,eRickshaw_forward4.0,eRickshaw,charging,248.0,29.81,25.0,
585.0,eRickshaw_forward4.1,eRickshaw,charging,66.0,29.8,25.0,
585.0,eRickshaw_forward4.0,eRickshaw,charging,249.0,29.81,25.0,
586.0,eRickshaw_forward4.1,eRickshaw,charging,67.0,29.8,25.0,
586.0,eRickshaw_forward4.0,eRickshaw,charging,250.0,29.81,25.0,
587.0,eRickshaw_forward4.1,eRickshaw,charging,68.0,29.8,25.0,
587.0,eRickshaw_forward4.0,eRickshaw,charging,251.0,29.81,25.0,
588.0,eRickshaw_forward4.1,eRickshaw,charging,69.0,29.8,25.0,
588.0,eRickshaw_forward4.0,eRickshaw,charging,252.0,29.81,25.0,
589.0,eRickshaw_forward4.1,eRickshaw,charging,70.0,29.8,25.0,
589.0,eRickshaw_forward4.0,eRickshaw,charging,253.0,29.81,25.0,
590.0,eRickshaw_forward4.1,eRickshaw,charging,71.0,29.8,25.0,
590.0,eRickshaw_forward4.0,eRickshaw,charging,254.0,29.81,25.0,
591.0,eRickshaw_forward4.1,eRickshaw,charging,72.0,29.8,25.0,
591.0,eRickshaw_forward4.0,eRickshaw,charging,255.0,29.81,25.0,
592.0,eRickshaw_forward4.1,eRickshaw,charging,73.0,29.8,25.0,
592.0,eRickshaw_forward4.0,eRickshaw,charging,256.0,29.81,25.0,
593.0,eRickshaw_forward4.1,eRickshaw,charging,74.0,29.8,25.0,
593.0,eRickshaw_forward4.0,eRickshaw,charging,257.0,29.81,25.0,
594.0,eRickshaw_forward4.1,eRickshaw,charging,75.0,29.8,25.0,
594.0,eRickshaw_forward4.0,eRickshaw,charging,258.0,29.81,25.0,
595.0,eRickshaw_forward4.1,eRickshaw,charging,76.0,29.8,25.0,
595.0,eRickshaw_forward4.0,eRickshaw,charging,259.0,29.81,25.0,
596.0,eRickshaw_forward4.1,eRickshaw,charging,77.0,29.8,25.0,
596.0,eRickshaw_forward4.0,eRickshaw,charging,260.0,29.81,25.0,
597.0,eRickshaw_forward4.1,eRickshaw,charging,78.0,29.8,25.0,
597.0,eRickshaw_forward4.0,eRickshaw,charging,261.0,29.81,25.0,
598.0,eRickshaw_forward4.1,eRickshaw,charging,79.0,29.8,25.0,
598.0,eRickshaw_forward4.0,eRickshaw,charging,262.0,29.81,25.0,
599.0,eRickshaw_forward4.1,eRickshaw,charging,80.0,29.8,25.0,
599.0,eRickshaw_forward4.0,eRickshaw,charging,263.0,29.81,25.0,
600.0,eRickshaw_forward4.1,eRickshaw,charging,81.0,29.8,25.0,
600.0,eRickshaw_forward4.0,eRickshaw,charging,264.0,29.81,25.0,
350.0,easyBike_forward1.3,easyBike,charging,0.0,25.79,20.0,
351.0,easyBike_forward1.3,easyBike,charging,1.0,25.79,20.0,
352.0,easyBike_forward1.3,easyBike,charging,2.0,25.79,20.0,
353.0,easyBike_forward1.3,easyBike,charging,3.0,25.79,20.0,
354.0,easyBike_forward1.3,easyBike,charging,4.0,25.79,20.0,
355.0,easyBike_forward1.3,easyBike,charging,5.0,25.79,20.0,
356.0,easyBike_forward4.2,easyBike,charging,0.0,25.8,20.0,
356.0,easyBike_forward1.3,easyBike,charging,6.0,25.79,20.0,
357.0,easyBike_forward4.2,easyBike,charging,1.0,25.8,20.0,
357.0,easyBike_forward1.3,easyBike,charging,7.0,25.79,20.0,
358.0,easyBike_forward4.2,easyBike,charging,2.0,25.8,20.0,
358.0,easyBike_forward1.3,easyBike,charging,8.0,25.79,20.0,
359.0,easyBike_forward4.2,easyBike,charging,3.0,25.8,20.0,
359.0,easyBike_forward1.3,easyBike,charging,9.0,25.79,20.0,
360.0,easyBike_forward4.2,easyBike,charging,4.0,25.8,20.0,
360.0,easyBike_forward1.3,easyBike,charging,10.0,25.79,20.0,
361.0,easyBike_forward4.2,easyBike,charging,5.0,25.8,20.0,
361.0,easyBike_forward1.3,easyBike,charging,11.0,25.79,20.0,
362.0,easyBike_forward4.2,easyBike,charging,6.0,25.8,20.0,
362.0,easyBike_forward1.3,easyBike,charging,12.0,25.79,20.0,
363.0,easyBike_forward4.2,easyBike,charging,7.0,25.8,20.0,
363.0,easyBike_forward1.3,easyBike,charging,13.0,25.79,20.0,
364.0,easyBike_forward4.2,easyBike,charging,8.0,25.8,20.0,
364.0,easyBike_forward1.3,easyBike,charging,14.0,25.79,20.0,
365.0,easyBike_forward4.2,easyBike,charging,9.0,25.8,20.0,
365.0,easyBike_forward1.3,easyBike,charging,15.0,25.79,20.0,
366.0,easyBike_forward4.2,easyBike,charging,10.0,25.8,20.0,
366.0,easyBike_forward1.3,easyBike,charging,16.0,25.79,20.0,
367.0,easyBike_forward4.2,easyBike,charging,11.0,25.8,20.0,
367.0,easyBike_forward1.3,easyBike,charging,17.0,25.79,20.0,
368.0,easyBike_forward4.2,easyBike,charging,12.0,25.8,20.0,
368.0,easyBike_forward1.3,easyBike,charging,18.0,25.79,20.0,
369.0,easyBike_forward4.2,easyBike,charging,13.0,25.8,20.0,
369.0,easyBike_forward1.3,easyBike,charging,19.0,25.79,20.0,
370.0,easyBike_forward4.2,easyBike,charging,14.0,25.8,20.0,
370.0,easyBike_forward1.3,easyBike,charging,20.0,25.79,20.0,
371.0,easyBike_forward4.2,easyBike,charging,15.0,25.8,20.0,
371.0,easyBike_forward1.3,easyBike,charging,21.0,25.79,20.0,
372.0,easyBike_forward4.2,easyBike,charging,16.0,25.8,20.0,
372.0,easyBike_forward1.3,easyBike,charging,22.0,25.79,20.0,
373.0,easyBike_forward4.2,easyBike,charging,17.0,25.8,20.0,
373.0,easyBike_forward1.3,easyBike,charging,23.0,25.79,20.0,
373.0,easyBike_forward2.3,easyBike,charging,0.0,25.8,20.0,
374.0,easyBike_forward4.2,easyBike,charging,18.0,25.8,20.0,
374.0,easyBike_forward1.3,easyBike,charging,24.0,25.79,20.0,
374.0,easyBike_forward2.3,easyBike,charging,1.0,25.8,20.0,
375.0,easyBike_forward4.2,easyBike,charging,19.0,25.8,20.0,
375.0,easyBike_forward1.3,easyBike,charging,25.0,25.79,20.0,
375.0,easyBike_forward2.3,easyBike,charging,2.0,25.8,20.0,
376.0,easyBike_forward4.2,easyBike,charging,20.0,25.8,20.0,
376.0,easyBike_forward1.3,easyBike,charging,26.0,25.79,20.0,
376.0,easyBike_forward2.3,easyBike,charging,3.0,25.8,20.0,
377.0,easyBike_forward4.2,easyBike,charging,21.0,25.8,20.0,
377.0,easyBike_forward1.3,easyBike,charging,27.0,25.79,20.0,
377.0,easyBike_forward2.3,easyBike,charging,4.0,25.8,20.0,
378.0,easyBike_forward4.2,easyBike,charging,22.0,25.8,20.0,
378.0,easyBike_forward1.3,easyBike,charging,28.0,25.79,20.0,
378.0,easyBike_forward2.3,easyBike,charging,5.0,25.8,20.0,
379.0,easyBike_forward4.2,easyBike,charging,23.0,25.8,20.0,
379.0,easyBike_forward1.3,easyBike,charging,29.0,25.79,20.0,
379.0,easyBike_forward2.3,easyBike,charging,6.0,25.8,20.0,
380.0,easyBike_forward4.2,easyBike,charging,24.0,25.8,20.0,
380.0,easyBike_forward1.3,easyBike,charging,30.0,25.79,20.0,
380.0,easyBike_forward2.3,easyBike,charging,7.0,25.8,20.0,
381.0,easyBike_forward4.2,easyBike,charging,25.0,25.8,20.0,
381.0,easyBike_forward1.3,easyBike,charging,31.0,25.79,20.0,
381.0,easyBike_forward2.3,easyBike,charging,8.0,25.8,20.0,
382.0,easyBike_forward4.2,easyBike,charging,26.0,25.8,20.0,
382.0,easyBike_forward1.3,easyBike,charging,32.0,25.79,20.0,
382.0,easyBike_forward2.3,easyBike,charging,9.0,25.8,20.0,
383.0,easyBike_forward4.2,easyBike,charging,27.0,25.8,20.0,
383.0,easyBike_forward1.3,easyBike,charging,33.0,25.79,20.0,
383.0,easyBike_forward2.3,easyBike,charging,10.0,25.8,20.0,
384.0,easyBike_forward4.2,easyBike,charging,28.0,25.8,20.0,
384.0,easyBike_forward1.3,easyBike,charging,34.0,25.79,20.0,
384.0,easyBike_forward2.3,easyBike,charging,11.0,25.8,20.0,
385.0,easyBike_forward4.2,easyBike,charging,29.0,25.8,20.0,
385.0,easyBike_forward1.3,easyBike,charging,35.0,25.79,20.0,
385.0,easyBike_forward2.3,easyBike,charging,12.0,25.8,20.0,
386.0,easyBike_forward4.2,easyBike,charging,30.0,25.8,20.0,
386.0,easyBike_forward1.3,easyBike,charging,36.0,25.79,20.0,
386.0,easyBike_forward2.3,easyBike,charging,13.0,25.8,20.0,
387.0,easyBike_forward4.2,easyBike,charging,31.0,25.8,20.0,
387.0,easyBike_forward1.3,easyBike,charging,37.0,25.79,20.0,
387.0,easyBike_forward2.3,easyBike,charging,14.0,25.8,20.0,
388.0,easyBike_forward4.2,easyBike,charging,32.0,25.8,20.0,
388.0,easyBike_forward1.3,easyBike,charging,38.0,25.79,20.0,
388.0,easyBike_forward2.3,easyBike,charging,15.0,25.8,20.0,
389.0,easyBike_forward4.2,easyBike,charging,33.0,25.8,20.0,
389.0,easyBike_forward1.3,easyBike,charging,39.0,25.79,20.0,
389.0,easyBike_forward2.3,easyBike,charging,16.0,25.8,20.0,
390.0,easyBike_forward4.2,easyBike,charging,34.0,25.8,20.0,
390.0,easyBike_forward1.3,easyBike,charging,40.0,25.79,20.0,
390.0,easyBike_forward2.3,easyBike,charging,17.0,25.8,20.0,
391.0,easyBike_forward4.2,easyBike,charging,35.0,25.8,20.0,
391.0,easyBike_forward1.3,easyBike,charging,41.0,25.79,20.0,
391.0,easyBike_forward2.3,easyBike,charging,18.0,25.8,20.0,
392.0,easyBike_forward4.2,easyBike,charging,36.0,25.8,20.0,
392.0,easyBike_forward1.3,easyBike,charging,42.0,25.79,20.0,
392.0,easyBike_forward2.3,easyBike,charging,19.0,25.8,20.0,
393.0,easyBike_forward4.2,easyBike,charging,37.0,25.8,20.0,
393.0,easyBike_forward1.3,easyBike,charging,43.0,25.79,20.0,
393.0,easyBike_forward2.3,easyBike,charging,20.0,25.8,20.0,
394.0,easyBike_forward4.2,easyBike,charging,38.0,25.8,20.0,
394.0,easyBike_forward1.3,easyBike,charging,44.0,25.79,20.0,
394.0,easyBike_forward2.3,easyBike,charging,21.0,25.8,20.0,
395.0,easyBike_forward4.2,easyBike,charging,39.0,25.8,20.0,
395.0,easyBike_forward1.3,easyBike,charging,45.0,25.79,20.0,
395.0,easyBike_forward2.3,easyBike,charging,22.0,25.8,20.0,
396.0,easyBike_forward4.2,easyBike,charging,40.0,25.8,20.0,
396.0,easyBike_forward1.3,easyBike,charging,46.0,25.79,20.0,
396.0,easyBike_forward2.3,easyBike,charging,23.0,25.8,20.0,
397.0,easyBike_forward4.2,easyBike,charging,41.0,25.8,20.0,
397.0,easyBike_forward1.3,easyBike,charging,47.0,25.79,20.0,
397.0,easyBike_forward2.3,easyBike,charging,24.0,25.8,20.0,
398.0,easyBike_forward4.2,easyBike,charging,42.0,25.8,20.0,
398.0,easyBike_forward1.3,easyBike,charging,48.0,25.79,20.0,
398.0,easyBike_forward2.3,easyBike,charging,25.0,25.8,20.0,
399.0,easyBike_forward4.2,easyBike,charging,43.0,25.8,20.0,
399.0,easyBike_forward1.3,easyBike,charging,49.0,25.79,20.0,
399.0,easyBike_forward2.3,easyBike,charging,26.0,25.8,20.0,
400.0,easyBike_forward4.2,easyBike,charging,44.0,25.8,20.0,
400.0,easyBike_forward1.3,easyBike,charging,50.0,25.79,20.0,
400.0,easyBike_forward2.3,easyBike,charging,27.0,25.8,20.0,
400.0,easyBike_forward1.4,easyBike,charging,0.0,25.8,20.0,
401.0,easyBike_forward4.2,easyBike,charging,45.0,25.8,20.0,
401.0,easyBike_forward1.3,easyBike,charging,51.0,25.79,20.0,
401.0,easyBike_forward2.3,easyBike,charging,28.0,25.8,20.0,
401.0,easyBike_forward1.4,easyBike,charging,1.0,25.8,20.0,
402.0,easyBike_forward4.2,easyBike,charging,46.0,25.8,20.0,
402.0,easyBike_forward1.3,easyBike,charging,52.0,25.79,20.0,
402.0,easyBike_forward2.3,easyBike,charging,29.0,25.8,20.0,
402.0,easyBike_forward1.4,easyBike,charging,2.0,25.8,20.0,
403.0,easyBike_forward4.2,easyBike,charging,47.0,25.8,20.0,
403.0,easyBike_forward1.3,easyBike,charging,53.0,25.79,20.0,
403.0,easyBike_forward2.3,easyBike,charging,30.0,25.8,20.0,
403.0,easyBike_forward1.4,easyBike,charging,3.0,25.8,20.0,
404.0,easyBike_forward4.2,easyBike,charging,48.0,25.8,20.0,
404.0,easyBike_forward1.3,easyBike,charging,54.0,25.79,20.0,
404.0,easyBike_forward2.3,easyBike,charging,31.0,25.8,20.0,
404.0,easyBike_forward1.4,easyBike,charging,4.0,25.8,20.0,
405.0,easyBike_forward4.2,easyBike,charging,49.0,25.8,20.0,
405.0,easyBike_forward1.3,easyBike,charging,55.0,25.79,20.0,
405.0,easyBike_forward2.3,easyBike,charging,32.0,25.8,20.0,
405.0,easyBike_forward1.4,easyBike,charging,5.0,25.8,20.0,
406.0,easyBike_forward4.2,easyBike,charging,50.0,25.8,20.0,
406.0,easyBike_forward1.3,easyBike,charging,56.0,25.79,20.0,
406.0,easyBike_forward2.3,easyBike,charging,33.0,25.8,20.0,
406.0,easyBike_forward1.4,easyBike,charging,6.0,25.8,20.0,
407.0,easyBike_forward4.2,easyBike,charging,51.0,25.8,20.0,
407.0,easyBike_forward1.3,easyBike,charging,57.0,25.79,20.0,
407.0,easyBike_forward2.3,easyBike,charging,34.0,25.8,20.0,
407.0,easyBike_forward1.4,easyBike,charging,7.0,25.8,20.0,
408.0,easyBike_forward4.2,easyBike,charging,52.0,25.8,20.0,
408.0,easyBike_forward1.3,easyBike,charging,58.0,25.79,20.0,
408.0,easyBike_forward2.3,easyBike,charging,35.0,25.8,20.0,
408.0,easyBike_forward1.4,easyBike,charging,8.0,25.8,20.0,
409.0,easyBike_forward4.2,easyBike,charging,53.0,25.8,20.0,
409.0,easyBike_forward1.3,easyBike,charging,59.0,25.79,20.0,
409.0,easyBike_forward2.3,easyBike,charging,36.0,25.8,20.0,
409.0,easyBike_forward1.4,easyBike,charging,9.0,25.8,20.0,
410.0,easyBike_forward4.2,easyBike,charging,54.0,25.8,20.0,
410.0,easyBike_forward1.3,easyBike,charging,60.0,25.79,20.0,
410.0,easyBike_forward2.3,easyBike,charging,37.0,25.8,20.0,
410.0,easyBike_forward1.4,easyBike,charging,10.0,25.8,20.0,
411.0,easyBike_forward4.2,easyBike,charging,55.0,25.8,20.0,
411.0,easyBike_forward1.3,easyBike,charging,61.0,25.79,20.0,
411.0,easyBike_forward2.3,easyBike,charging,38.0,25.8,20.0,
411.0,easyBike_forward1.4,easyBike,charging,11.0,25.8,20.0,
412.0,easyBike_forward4.2,easyBike,charging,56.0,25.8,20.0,
412.0,easyBike_forward1.3,easyBike,charging,62.0,25.79,20.0,
412.0,easyBike_forward2.3,easyBike,charging,39.0,25.8,20.0,
412.0,easyBike_forward1.4,easyBike,charging,12.0,25.8,20.0,
413.0,easyBike_forward4.2,easyBike,charging,57.0,25.8,20.0,
413.0,easyBike_forward1.3,easyBike,charging,63.0,25.79,20.0,
413.0,easyBike_forward2.3,easyBike,charging,40.0,25.8,20.0,
413.0,easyBike_forward1.4,easyBike,charging,13.0,25.8,20.0,
414.0,easyBike_forward4.2,easyBike,charging,58.0,25.8,20.0,
414.0,easyBike_forward1.3,easyBike,charging,64.0,25.79,20.0,
414.0,easyBike_forward2.3,easyBike,charging,41.0,25.8,20.0,
414.0,easyBike_forward1.4,easyBike,charging,14.0,25.8,20.0,
415.0,easyBike_forward4.2,easyBike,charging,59.0,25.8,20.0,
415.0,easyBike_forward1.3,easyBike,charging,65.0,25.79,20.0,
415.0,easyBike_forward2.3,easyBike,charging,42.0,25.8,20.0,
415.0,easyBike_forward1.4,easyBike,charging,15.0,25.8,20.0,
416.0,easyBike_forward4.2,easyBike,charging,60.0,25.8,20.0,
416.0,easyBike_forward1.3,easyBike,charging,66.0,25.79,20.0,
416.0,easyBike_forward2.3,easyBike,charging,43.0,25.8,20.0,
416.0,easyBike_forward1.4,easyBike,charging,16.0,25.8,20.0,
417.0,easyBike_forward4.2,easyBike,charging,61.0,25.8,20.0,
417.0,easyBike_forward1.3,easyBike,charging,67.0,25.79,20.0,
417.0,easyBike_forward2.3,easyBike,charging,44.0,25.8,20.0,
417.0,easyBike_forward1.4,easyBike,charging,17.0,25.8,20.0,
418.0,easyBike_forward4.2,easyBike,charging,62.0,25.8,20.0,
418.0,easyBike_forward1.3,easyBike,charging,68.0,25.79,20.0,
418.0,easyBike_forward2.3,easyBike,charging,45.0,25.8,20.0,
418.0,easyBike_forward1.4,easyBike,charging,18.0,25.8,20.0,
419.0,easyBike_forward4.2,easyBike,charging,63.0,25.8,20.0,
419.0,easyBike_forward1.3,easyBike,charging,69.0,25.79,20.0,
419.0,easyBike_forward2.3,easyBike,charging,46.0,25.8,20.0,
419.0,easyBike_forward1.4,easyBike,charging,19.0,25.8,20.0,
420.0,easyBike_forward4.2,easyBike,charging,64.0,25.8,20.0,
420.0,easyBike_forward1.3,easyBike,charging,70.0,25.79,20.0,
420.0,easyBike_forward2.3,easyBike,charging,47.0,25.8,20.0,
420.0,easyBike_forward1.4,easyBike,charging,20.0,25.8,20.0,
421.0,easyBike_forward4.2,easyBike,charging,65.0,25.8,20.0,
421.0,easyBike_forward1.3,easyBike,charging,71.0,25.79,20.0,
421.0,easyBike_forward2.3,easyBike,charging,48.0,25.8,20.0,
421.0,easyBike_forward1.4,easyBike,charging,21.0,25.8,20.0,
422.0,easyBike_forward4.2,easyBike,charging,66.0,25.8,20.0,
422.0,easyBike_forward1.3,easyBike,charging,72.0,25.79,20.0,
422.0,easyBike_forward2.3,easyBike,charging,49.0,25.8,20.0,
422.0,easyBike_forward1.4,easyBike,charging,22.0,25.8,20.0,
423.0,easyBike_forward4.2,easyBike,charging,67.0,25.8,20.0,
423.0,easyBike_forward1.3,easyBike,charging,73.0,25.79,20.0,
423.0,easyBike_forward2.3,easyBike,charging,50.0,25.8,20.0,
423.0,easyBike_forward1.4,easyBike,charging,23.0,25.8,20.0,
424.0,easyBike_forward4.2,easyBike,charging,68.0,25.8,20.0,
424.0,easyBike_forward1.3,easyBike,charging,74.0,25.79,20.0,
424.0,easyBike_forward2.3,easyBike,charging,51.0,25.8,20.0,
424.0,easyBike_forward1.4,easyBike,charging,24.0,25.8,20.0,
425.0,easyBike_forward4.2,easyBike,charging,69.0,25.8,20.0,
425.0,easyBike_forward1.3,easyBike,charging,75.0,25.79,20.0,
425.0,easyBike_forward2.3,easyBike,charging,52.0,25.8,20.0,
425.0,easyBike_forward1.4,easyBike,charging,25.0,25.8,20.0,
426.0,easyBike_forward4.2,easyBike,charging,70.0,25.8,20.0,
426.0,easyBike_forward1.3,easyBike,charging,76.0,25.79,20.0,
426.0,easyBike_forward2.3,easyBike,charging,53.0,25.8,20.0,
426.0,easyBike_forward1.4,easyBike,charging,26.0,25.8,20.0,
427.0,easyBike_forward4.2,easyBike,charging,71.0,25.8,20.0,
427.0,easyBike_forward1.3,easyBike,charging,77.0,25.79,20.0,
427.0,easyBike_forward2.3,easyBike,charging,54.0,25.8,20.0,
427.0,easyBike_forward1.4,easyBike,charging,27.0,25.8,20.0,
428.0,easyBike_forward4.2,easyBike,charging,72.0,25.8,20.0,
428.0,easyBike_forward1.3,easyBike,charging,78.0,25.79,20.0,
428.0,easyBike_forward2.3,easyBike,charging,55.0,25.8,20.0,
428.0,easyBike_forward1.4,easyBike,charging,28.0,25.8,20.0,
429.0,easyBike_forward4.2,easyBike,charging,73.0,25.8,20.0,
429.0,easyBike_forward1.3,easyBike,charging,79.0,25.79,20.0,
429.0,easyBike_forward2.3,easyBike,charging,56.0,25.8,20.0,
429.0,easyBike_forward1.4,easyBike,charging,29.0,25.8,20.0,
429.0,eRickshaw_reverse4.0,eRickshaw,waiting,,0.0,0.0,0.0
430.0,easyBike_forward4.2,easyBike,charging,74.0,25.8,20.0,
430.0,easyBike_forward1.3,easyBike,charging,80.0,25.79,20.0,
430.0,easyBike_forward2.3,easyBike,charging,57.0,25.8,20.0,
430.0,easyBike_forward1.4,easyBike,charging,30.0,25.8,20.0,
430.0,eRickshaw_reverse4.0,eRickshaw,waiting,,0.0,0.0,1.0
431.0,easyBike_forward4.2,easyBike,charging,75.0,25.8,20.0,
431.0,easyBike_forward1.3,easyBike,charging,81.0,25.79,20.0,
431.0,easyBike_forward2.3,easyBike,charging,58.0,25.8,20.0,
431.0,easyBike_forward1.4,easyBike,charging,31.0,25.8,20.0,
431.0,eRickshaw_reverse4.0,eRickshaw,waiting,,0.0,0.0,2.0
432.0,easyBike_forward4.2,easyBike,charging,76.0,25.8,20.0,
432.0,easyBike_forward1.3,easyBike,charging,82.0,25.79,20.0,
432.0,easyBike_forward2.3,easyBike,charging,59.0,25.8,20.0,
432.0,easyBike_forward1.4,easyBike,charging,32.0,25.8,20.0,
432.0,eRickshaw_reverse4.0,eRickshaw,waiting,,0.0,0.0,3.0
433.0,easyBike_forward4.2,easyBike,charging,77.0,25.8,20.0,
433.0,easyBike_forward1.3,easyBike,charging,83.0,25.79,20.0,
433.0,easyBike_forward2.3,easyBike,charging,60.0,25.8,20.0,
433.0,easyBike_forward1.4,easyBike,charging,33.0,25.8,20.0,
433.0,eRickshaw_reverse4.0,eRickshaw,waiting,,0.0,0.0,4.0
434.0,easyBike_forward4.2,easyBike,charging,78.0,25.8,20.0,
434.0,easyBike_forward1.3,easyBike,charging,84.0,25.79,20.0,
434.0,easyBike_forward2.3,easyBike,charging,61.0,25.8,20.0,
434.0,easyBike_forward1.4,easyBike,charging,34.0,25.8,20.0,
434.0,eRickshaw_reverse4.0,eRickshaw,waiting,,0.0,0.0,5.0
434.0,easyBike_forward2.4,easyBike,waiting,,0.0,0.0,0.0
435.0,easyBike_forward4.2,easyBike,charging,79.0,25.8,20.0,
435.0,easyBike_forward1.3,easyBike,charging,85.0,25.79,20.0,
435.0,easyBike_forward2.3,easyBike,charging,62.0,25.8,20.0,
435.0,easyBike_forward1.4,easyBike,charging,35.0,25.8,20.0,
435.0,eRickshaw_reverse4.0,eRickshaw,waiting,,0.0,0.0,6.0
435.0,easyBike_forward2.4,easyBike,waiting,,0.0,0.0,1.0
436.0,easyBike_forward4.2,easyBike,charging,80.0,25.8,20.0,
436.0,easyBike_forward1.3,easyBike,charging,86.0,25.79,20.0,
436.0,easyBike_forward2.3,easyBike,charging,63.0,25.8,20.0,
436.0,easyBike_forward1.4,easyBike,charging,36.0,25.8,20.0,
436.0,eRickshaw_reverse4.0,eRickshaw,waiting,,0.0,0.0,7.0
436.0,easyBike_forward2.4,easyBike,waiting,,0.0,0.0,2.0
437.0,easyBike_forward4.2,easyBike,charging,81.0,25.8,20.0,
437.0,easyBike_forward1.3,easyBike,charging,87.0,25.79,20.0,
437.0,easyBike_forward2.3,easyBike,charging,64.0,25.8,20.0,
437.0,easyBike_forward1.4,easyBike,charging,37.0,25.8,20.0,
437.0,eRickshaw_reverse4.0,eRickshaw,waiting,,0.0,0.0,8.0
437.0,easyBike_forward2.4,easyBike,waiting,,0.0,0.0,3.0
437.0,easyBike_forward4.3,easyBike,waiting,,0.0,0.0,0.0
438.0,easyBike_forward4.2,easyBike,charging,82.0,25.8,20.0,
438.0,easyBike_forward1.3,easyBike,charging,88.0,25.79,20.0,
438.0,easyBike_forward2.3,easyBike,charging,65.0,25.8,20.0,
438.0,easyBike_forward1.4,easyBike,charging,38.0,25.8,20.0,
438.0,eRickshaw_reverse4.0,eRickshaw,waiting,,0.0,0.0,9.0
438.0,easyBike_forward2.4,easyBike,waiting,,0.0,0.0,4.0
438.0,easyBike_forward4.3,easyBike,waiting,,0.0,0.0,1.0
439.0,easyBike_forward4.2,easyBike,charging,83.0,25.8,20.0,
439.0,easyBike_forward1.3,easyBike,charging,89.0,25.79,20.0,
439.0,easyBike_forward2.3,easyBike,charging,66.0,25.8,20.0,
439.0,easyBike_forward1.4,easyBike,charging,39.0,25.8,20.0,
439.0,eRickshaw_reverse4.0,eRickshaw,waiting,,0.0,0.0,10.0
439.0,easyBike_forward2.4,easyBike,waiting,,0.0,0.0,5.0
439.0,easyBike_forward4.3,easyBike,waiting,,0.0,0.0,2.0
440.0,easyBike_forward4.2,easyBike,charging,84.0,25.8,20.0,
440.0,easyBike_forward1.3,easyBike,charging,90.0,25.79,20.0,
440.0,easyBike_forward2.3,easyBike,charging,67.0,25.8,20.0,
440.0,easyBike_forward1.4,easyBike,charging,40.0,25.8,20.0,
440.0,eRickshaw_reverse4.0,eRickshaw,waiting,,0.0,0.0,11.0
440.0,easyBike_forward2.4,easyBike,waiting,,0.0,0.0,6.0
440.0,easyBike_forward4.3,easyBike,waiting,,0.0,0.0,3.0
441.0,easyBike_forward4.2,easyBike,charging,85.0,25.8,20.0,
441.0,easyBike_forward1.3,easyBike,charging,91.0,25.79,20.0,
441.0,easyBike_forward2.3,easyBike,charging,68.0,25.8,20.0,
441.0,easyBike_forward1.4,easyBike,charging,41.0,25.8,20.0,
441.0,eRickshaw_reverse4.0,eRickshaw,waiting,,0.0,0.0,12.0
441.0,easyBike_forward2.4,easyBike,waiting,,0.0,0.0,7.0
441.0,easyBike_forward4.3,easyBike,waiting,,0.0,0.0,4.0
442.0,easyBike_forward4.2,easyBike,charging,86.0,25.8,20.0,
442.0,easyBike_forward1.3,easyBike,charging,92.0,25.79,20.0,
442.0,easyBike_forward2.3,easyBike,charging,69.0,25.8,20.0,
442.0,easyBike_forward1.4,easyBike,charging,42.0,25.8,20.0,
442.0,eRickshaw_reverse4.0,eRickshaw,waiting,,0.0,0.0,13.0
442.0,easyBike_forward2.4,easyBike,waiting,,0.0,0.0,8.0
442.0,easyBike_forward4.3,easyBike,waiting,,0.0,0.0,5.0
443.0,easyBike_forward4.2,easyBike,charging,87.0,25.8,20.0,
443.0,easyBike_forward1.3,easyBike,charging,93.0,25.79,20.0,
443.0,easyBike_forward2.3,easyBike,charging,70.0,25.8,20.0,
443.0,easyBike_forward1.4,easyBike,charging,43.0,25.8,20.0,
443.0,eRickshaw_reverse4.0,eRickshaw,waiting,,0.0,0.0,14.0
443.0,easyBike_forward2.4,easyBike,waiting,,0.0,0.0,9.0
443.0,easyBike_forward4.3,easyBike,waiting,,0.0,0.0,6.0
444.0,easyBike_forward4.2,easyBike,charging,88.0,25.8,20.0,
444.0,easyBike_forward1.3,easyBike,charging,94.0,25.79,20.0,
444.0,easyBike_forward2.3,easyBike,charging,71.0,25.8,20.0,
444.0,easyBike_forward1.4,easyBike,charging,44.0,25.8,20.0,
444.0,eRickshaw_reverse4.0,eRickshaw,waiting,,0.0,0.0,15.0
444.0,easyBike_forward2.4,easyBike,waiting,,0.0,0.0,10.0
444.0,easyBike_forward4.3,easyBike,waiting,,0.0,0.0,7.0
445.0,easyBike_forward4.2,easyBike,charging,89.0,25.8,20.0,
445.0,easyBike_forward1.3,easyBike,charging,95.0,25.79,20.0,
445.0,easyBike_forward2.3,easyBike,charging,72.0,25.8,20.0,
445.0,easyBike_forward1.4,easyBike,charging,45.0,25.8,20.0,
445.0,eRickshaw_reverse4.0,eRickshaw,waiting,,0.0,0.0,16.0
445.0,easyBike_forward2.4,easyBike,waiting,,0.0,0.0,11.0
445.0,easyBike_forward4.3,easyBike,waiting,,0.0,0.0,8.0
446.0,easyBike_forward4.2,easyBike,charging,90.0,25.8,20.0,
446.0,easyBike_forward1.3,easyBike,charging,96.0,25.79,20.0,
446.0,easyBike_forward2.3,easyBike,charging,73.0,25.8,20.0,
446.0,easyBike_forward1.4,easyBike,charging,46.0,25.8,20.0,
446.0,eRickshaw_reverse4.0,eRickshaw,waiting,,0.0,0.0,17.0
446.0,easyBike_forward2.4,easyBike,waiting,,0.0,0.0,12.0
446.0,easyBike_forward4.3,easyBike,waiting,,0.0,0.0,9.0
447.0,easyBike_forward4.2,easyBike,charging,91.0,25.8,20.0,
447.0,easyBike_forward1.3,easyBike,charging,97.0,25.79,20.0,
447.0,easyBike_forward2.3,easyBike,charging,74.0,25.8,20.0,
447.0,easyBike_forward1.4,easyBike,charging,47.0,25.8,20.0,
447.0,eRickshaw_reverse4.0,eRickshaw,waiting,,0.0,0.0,18.0
447.0,easyBike_forward2.4,easyBike,waiting,,0.0,0.0,13.0
447.0,easyBike_forward4.3,easyBike,waiting,,0.0,0.0,10.0
448.0,easyBike_forward4.2,easyBike,charging,92.0,25.8,20.0,
448.0,easyBike_forward1.3,easyBike,charging,98.0,25.79,20.0,
448.0,easyBike_forward2.3,easyBike,charging,75.0,25.8,20.0,
448.0,easyBike_forward1.4,easyBike,charging,48.0,25.8,20.0,
448.0,eRickshaw_reverse4.0,eRickshaw,waiting,,0.0,0.0,19.0
448.0,easyBike_forward2.4,easyBike,waiting,,0.0,0.0,14.0
448.0,easyBike_forward4.3,easyBike,waiting,,0.0,0.0,11.0
449.0,easyBike_forward4.2,easyBike,charging,93.0,25.8,20.0,
449.0,easyBike_forward1.3,easyBike,charging,99.0,25.79,20.0,
449.0,easyBike_forward2.3,easyBike,charging,76.0,25.8,20.0,
449.0,easyBike_forward1.4,easyBike,charging,49.0,25.8,20.0,
449.0,eRickshaw_reverse4.0,eRickshaw,waiting,,0.0,0.0,20.0
449.0,easyBike_forward2.4,easyBike,waiting,,0.0,0.0,15.0
449.0,easyBike_forward4.3,easyBike,waiting,,0.0,0.0,12.0
450.0,easyBike_forward4.2,easyBike,charging,94.0,25.8,20.0,
450.0,easyBike_forward1.3,easyBike,charging,100.0,25.79,20.0,
450.0,easyBike_forward2.3,easyBike,charging,77.0,25.8,20.0,
450.0,easyBike_forward1.4,easyBike,charging,50.0,25.8,20.0,
450.0,eRickshaw_reverse4.0,eRickshaw,waiting,,0.0,0.0,21.0
450.0,easyBike_forward2.4,easyBike,waiting,,0.0,0.0,16.0
450.0,easyBike_forward4.3,easyBike,waiting,,0.0,0.0,13.0
451.0,easyBike_forward4.2,easyBike,charging,95.0,25.8,20.0,
451.0,easyBike_forward1.3,easyBike,charging,101.0,25.79,20.0,
451.0,easyBike_forward2.3,easyBike,charging,78.0,25.8,20.0,
451.0,easyBike_forward1.4,easyBike,charging,51.0,25.8,20.0,
451.0,eRickshaw_reverse4.0,eRickshaw,waiting,,0.0,0.0,22.0
451.0,easyBike_forward2.4,easyBike,waiting,,0.0,0.0,17.0
451.0,easyBike_forward4.3,easyBike,waiting,,0.0,0.0,14.0
452.0,easyBike_forward4.2,easyBike,charging,96.0,25.8,20.0,
452.0,easyBike_forward1.3,easyBike,charging,102.0,25.79,20.0,
452.0,easyBike_forward2.3,easyBike,charging,79.0,25.8,20.0,
452.0,easyBike_forward1.4,easyBike,charging,52.0,25.8,20.0,
452.0,eRickshaw_reverse4.0,eRickshaw,waiting,,0.0,0.0,23.0
452.0,easyBike_forward2.4,easyBike,waiting,,0.0,0.0,18.0
452.0,easyBike_forward4.3,easyBike,waiting,,0.0,0.0,15.0
453.0,easyBike_forward4.2,easyBike,charging,97.0,25.8,20.0,
453.0,easyBike_forward1.3,easyBike,charging,103.0,25.79,20.0,
453.0,easyBike_forward2.3,easyBike,charging,80.0,25.8,20.0,
453.0,easyBike_forward1.4,easyBike,charging,53.0,25.8,20.0,
453.0,eRickshaw_reverse4.0,eRickshaw,waiting,,0.0,0.0,24.0
453.0,easyBike_forward2.4,easyBike,waiting,,0.0,0.0,19.0
453.0,easyBike_forward4.3,easyBike,waiting,,0.0,0.0,16.0
454.0,easyBike_forward4.2,easyBike,charging,98.0,25.8,20.0,
454.0,easyBike_forward1.3,easyBike,charging,104.0,25.79,20.0,
454.0,easyBike_forward2.3,easyBike,charging,81.0,25.8,20.0,
454.0,easyBike_forward1.4,easyBike,charging,54.0,25.8,20.0,
454.0,eRickshaw_reverse4.0,eRickshaw,waiting,,0.0,0.0,25.0
454.0,easyBike_forward2.4,easyBike,waiting,,0.0,0.0,20.0
454.0,easyBike_forward4.3,easyBike,waiting,,0.0,0.0,17.0
455.0,easyBike_forward4.2,easyBike,charging,99.0,25.8,20.0,
455.0,easyBike_forward1.3,easyBike,charging,105.0,25.79,20.0,
455.0,easyBike_forward2.3,easyBike,charging,82.0,25.8,20.0,
455.0,easyBike_forward1.4,easyBike,charging,55.0,25.8,20.0,
455.0,eRickshaw_reverse4.0,eRickshaw,waiting,,0.0,0.0,26.0
455.0,easyBike_forward2.4,easyBike,waiting,,0.0,0.0,21.0
455.0,easyBike_forward4.3,easyBike,waiting,,0.0,0.0,18.0
456.0,easyBike_forward4.2,easyBike,charging,100.0,25.8,20.0,
456.0,easyBike_forward1.3,easyBike,charging,106.0,25.79,20.0,
456.0,easyBike_forward2.3,easyBike,charging,83.0,25.8,20.0,
456.0,easyBike_forward1.4,easyBike,charging,56.0,25.8,20.0,
456.0,eRickshaw_reverse4.0,eRickshaw,waiting,,0.0,0.0,27.0
456.0,easyBike_forward2.4,easyBike,waiting,,0.0,0.0,22.0
456.0,easyBike_forward4.3,easyBike,waiting,,0.0,0.0,19.0
457.0,easyBike_forward4.2,easyBike,charging,101.0,25.8,20.0,
457.0,easyBike_forward1.3,easyBike,charging,107.0,25.79,20.0,
457.0,easyBike_forward2.3,easyBike,charging,84.0,25.8,20.0,
457.0,easyBike_forward1.4,easyBike,charging,57.0,25.8,20.0,
457.0,eRickshaw_reverse4.0,eRickshaw,waiting,,0.0,0.0,28.0
457.0,easyBike_forward2.4,easyBike,waiting,,0.0,0.0,23.0
457.0,easyBike_forward4.3,easyBike,waiting,,0.0,0.0,20.0
458.0,easyBike_forward4.2,easyBike,charging,102.0,25.8,20.0,
458.0,easyBike_forward1.3,easyBike,charging,108.0,25.79,20.0,
458.0,easyBike_forward2.3,easyBike,charging,85.0,25.8,20.0,
458.0,easyBike_forward1.4,easyBike,charging,58.0,25.8,20.0,
458.0,eRickshaw_reverse4.0,eRickshaw,waiting,,0.0,0.0,29.0
458.0,easyBike_forward2.4,easyBike,waiting,,0.0,0.0,24.0
458.0,easyBike_forward4.3,easyBike,waiting,,0.0,0.0,21.0
459.0,easyBike_forward4.2,easyBike,charging,103.0,25.8,20.0,
459.0,easyBike_forward1.3,easyBike,charging,109.0,25.79,20.0,
459.0,easyBike_forward2.3,easyBike,charging,86.0,25.8,20.0,
459.0,easyBike_forward1.4,easyBike,charging,59.0,25.8,20.0,
459.0,eRickshaw_reverse4.0,eRickshaw,waiting,,0.0,0.0,30.0
459.0,easyBike_forward2.4,easyBike,waiting,,0.0,0.0,25.0
459.0,easyBike_forward4.3,easyBike,waiting,,0.0,0.0,22.0
460.0,easyBike_forward4.2,easyBike,charging,104.0,25.8,20.0,
460.0,easyBike_forward1.3,easyBike,charging,110.0,25.79,20.0,
460.0,easyBike_forward2.3,easyBike,charging,87.0,25.8,20.0,
460.0,easyBike_forward1.4,easyBike,charging,60.0,25.8,20.0,
460.0,eRickshaw_reverse4.0,eRickshaw,waiting,,0.0,0.0,31.0
460.0,easyBike_forward2.4,easyBike,waiting,,0.0,0.0,26.0
460.0,easyBike_forward4.3,easyBike,waiting,,0.0,0.0,23.0
461.0,easyBike_forward4.2,easyBike,charging,105.0,25.8,20.0,
461.0,easyBike_forward1.3,easyBike,charging,111.0,25.79,20.0,
461.0,easyBike_forward2.3,easyBike,charging,88.0,25.8,20.0,
461.0,easyBike_forward1.4,easyBike,charging,61.0,25.8,20.0,
461.0,eRickshaw_reverse4.0,eRickshaw,waiting,,0.0,0.0,32.0
461.0,easyBike_forward2.4,easyBike,waiting,,0.0,0.0,27.0
461.0,easyBike_forward4.3,easyBike,waiting,,0.0,0.0,24.0
462.0,easyBike_forward4.2,easyBike,charging,106.0,25.8,20.0,
462.0,easyBike_forward1.3,easyBike,charging,112.0,25.79,20.0,
462.0,easyBike_forward2.3,easyBike,charging,89.0,25.8,20.0,
462.0,easyBike_forward1.4,easyBike,charging,62.0,25.8,20.0,
462.0,eRickshaw_reverse4.0,eRickshaw,waiting,,0.0,0.0,33.0
462.0,easyBike_forward2.4,easyBike,waiting,,0.0,0.0,28.0
462.0,easyBike_forward4.3,easyBike,waiting,,0.0,0.0,25.0
463.0,easyBike_forward4.2,easyBike,charging,107.0,25.8,20.0,
463.0,easyBike_forward1.3,easyBike,charging,113.0,25.79,20.0,
463.0,easyBike_forward2.3,easyBike,charging,90.0,25.8,20.0,
463.0,easyBike_forward1.4,easyBike,charging,63.0,25.8,20.0,
463.0,eRickshaw_reverse4.0,eRickshaw,waiting,,0.0,0.0,34.0
463.0,easyBike_forward2.4,easyBike,waiting,,0.0,0.0,29.0
463.0,easyBike_forward4.3,easyBike,waiting,,0.0,0.0,26.0
464.0,easyBike_forward4.2,easyBike,charging,108.0,25.8,20.0,
464.0,easyBike_forward1.3,easyBike,charging,114.0,25.79,20.0,
464.0,easyBike_forward2.3,easyBike,charging,91.0,25.8,20.0,
464.0,easyBike_forward1.4,easyBike,charging,64.0,25.8,20.0,
464.0,eRickshaw_reverse4.0,eRickshaw,waiting,,0.0,0.0,35.0
464.0,easyBike_forward2.4,easyBike,waiting,,0.0,0.0,30.0
464.0,easyBike_forward4.3,easyBike,waiting,,0.0,0.0,27.0
465.0,easyBike_forward4.2,easyBike,charging,109.0,25.8,20.0,
465.0,easyBike_forward1.3,easyBike,charging,115.0,25.79,20.0,
465.0,easyBike_forward2.3,easyBike,charging,92.0,25.8,20.0,
465.0,easyBike_forward1.4,easyBike,charging,65.0,25.8,20.0,
465.0,eRickshaw_reverse4.0,eRickshaw,waiting,,0.0,0.0,36.0
465.0,easyBike_forward2.4,easyBike,waiting,,0.0,0.0,31.0
465.0,easyBike_forward4.3,easyBike,waiting,,0.0,0.0,28.0
466.0,easyBike_forward4.2,easyBike,charging,110.0,25.8,20.0,
466.0,easyBike_forward1.3,easyBike,charging,116.0,25.79,20.0,
466.0,easyBike_forward2.3,easyBike,charging,93.0,25.8,20.0,
466.0,easyBike_forward1.4,easyBike,charging,66.0,25.8,20.0,
466.0,eRickshaw_reverse4.0,eRickshaw,waiting,,0.0,0.0,37.0
466.0,easyBike_forward2.4,easyBike,waiting,,0.0,0.0,32.0
466.0,easyBike_forward4.3,easyBike,waiting,,0.0,0.0,29.0
467.0,easyBike_forward4.2,easyBike,charging,111.0,25.8,20.0,
467.0,easyBike_forward1.3,easyBike,charging,117.0,25.79,20.0,
467.0,easyBike_forward2.3,easyBike,charging,94.0,25.8,20.0,
467.0,easyBike_forward1.4,easyBike,charging,67.0,25.8,20.0,
467.0,eRickshaw_reverse4.0,eRickshaw,waiting,,0.0,0.0,38.0
467.0,easyBike_forward2.4,easyBike,waiting,,0.0,0.0,33.0
467.0,easyBike_forward4.3,easyBike,waiting,,0.0,0.0,30.0
468.0,easyBike_forward4.2,easyBike,charging,112.0,25.8,20.0,
468.0,easyBike_forward1.3,easyBike,charging,118.0,25.79,20.0,
468.0,easyBike_forward2.3,easyBike,charging,95.0,25.8,20.0,
468.0,easyBike_forward1.4,easyBike,charging,68.0,25.8,20.0,
468.0,eRickshaw_reverse4.0,eRickshaw,waiting,,0.0,0.0,39.0
468.0,easyBike_forward2.4,easyBike,waiting,,0.0,0.0,34.0
468.0,easyBike_forward4.3,easyBike,waiting,,0.0,0.0,31.0
469.0,easyBike_forward4.2,easyBike,charging,113.0,25.8,20.0,
469.0,easyBike_forward1.3,easyBike,charging,119.0,25.79,20.0,
469.0,easyBike_forward2.3,easyBike,charging,96.0,25.8,20.0,
469.0,easyBike_forward1.4,easyBike,charging,69.0,25.8,20.0,
469.0,eRickshaw_reverse4.0,eRickshaw,waiting,,0.0,0.0,40.0
469.0,easyBike_forward2.4,easyBike,waiting,,0.0,0.0,35.0
469.0,easyBike_forward4.3,easyBike,waiting,,0.0,0.0,32.0
470.0,easyBike_forward4.2,easyBike,charging,114.0,25.8,20.0,
470.0,easyBike_forward1.3,easyBike,charging,120.0,25.79,20.0,
470.0,easyBike_forward2.3,easyBike,charging,97.0,25.8,20.0,
470.0,easyBike_forward1.4,easyBike,charging,70.0,25.8,20.0,
470.0,eRickshaw_reverse4.0,eRickshaw,waiting,,0.0,0.0,41.0
470.0,easyBike_forward2.4,easyBike,waiting,,0.0,0.0,36.0
470.0,easyBike_forward4.3,easyBike,waiting,,0.0,0.0,33.0
471.0,easyBike_forward4.2,easyBike,charging,115.0,25.8,20.0,
471.0,easyBike_forward1.3,easyBike,charging,121.0,25.79,20.0,
471.0,easyBike_forward2.3,easyBike,charging,98.0,25.8,20.0,
471.0,easyBike_forward1.4,easyBike,charging,71.0,25.8,20.0,
471.0,eRickshaw_reverse4.0,eRickshaw,waiting,,0.0,0.0,42.0
471.0,easyBike_forward2.4,easyBike,waiting,,0.0,0.0,37.0
471.0,easyBike_forward4.3,easyBike,waiting,,0.0,0.0,34.0
472.0,easyBike_forward4.2,easyBike,charging,116.0,25.8,20.0,
472.0,easyBike_forward1.3,easyBike,charging,122.0,25.79,20.0,
472.0,easyBike_forward2.3,easyBike,charging,99.0,25.8,20.0,
472.0,easyBike_forward1.4,easyBike,charging,72.0,25.8,20.0,
472.0,eRickshaw_reverse4.0,eRickshaw,waiting,,0.0,0.0,43.0
472.0,easyBike_forward2.4,easyBike,waiting,,0.0,0.0,38.0
472.0,easyBike_forward4.3,easyBike,waiting,,0.0,0.0,35.0
473.0,easyBike_forward4.2,easyBike,charging,117.0,25.8,20.0,
473.0,easyBike_forward1.3,easyBike,charging,123.0,25.79,20.0,
473.0,easyBike_forward2.3,easyBike,charging,100.0,25.8,20.0,
473.0,easyBike_forward1.4,easyBike,charging,73.0,25.8,20.0,
473.0,eRickshaw_reverse4.0,eRickshaw,waiting,,0.0,0.0,44.0
473.0,easyBike_forward2.4,easyBike,waiting,,0.0,0.0,39.0
473.0,easyBike_forward4.3,easyBike,waiting,,0.0,0.0,36.0
474.0,easyBike_forward4.2,easyBike,charging,118.0,25.8,20.0,
474.0,easyBike_forward1.3,easyBike,charging,124.0,25.79,20.0,
474.0,easyBike_forward2.3,easyBike,charging,101.0,25.8,20.0,
474.0,easyBike_forward1.4,easyBike,charging,74.0,25.8,20.0,
474.0,eRickshaw_reverse4.0,eRickshaw,waiting,,0.0,0.0,45.0
474.0,easyBike_forward2.4,easyBike,waiting,,0.0,0.0,40.0
474.0,easyBike_forward4.3,easyBike,waiting,,0.0,0.0,37.0
475.0,easyBike_forward4.2,easyBike,charging,119.0,25.8,20.0,
475.0,easyBike_forward1.3,easyBike,charging,125.0,25.79,20.0,
475.0,easyBike_forward2.3,easyBike,charging,102.0,25.8,20.0,
475.0,easyBike_forward1.4,easyBike,charging,75.0,25.8,20.0,
475.0,eRickshaw_reverse4.0,eRickshaw,waiting,,0.0,0.0,46.0
475.0,easyBike_forward2.4,easyBike,waiting,,0.0,0.0,41.0
475.0,easyBike_forward4.3,easyBike,waiting,,0.0,0.0,38.0
476.0,easyBike_forward4.2,easyBike,charging,120.0,25.8,20.0,
476.0,easyBike_forward1.3,easyBike,charging,126.0,25.79,20.0,
476.0,easyBike_forward2.3,easyBike,charging,103.0,25.8,20.0,
476.0,easyBike_forward1.4,easyBike,charging,76.0,25.8,20.0,
476.0,eRickshaw_reverse4.0,eRickshaw,waiting,,0.0,0.0,47.0
476.0,easyBike_forward2.4,easyBike,waiting,,0.0,0.0,42.0
476.0,easyBike_forward4.3,easyBike,waiting,,0.0,0.0,39.0
477.0,easyBike_forward4.2,easyBike,charging,121.0,25.8,20.0,
477.0,easyBike_forward1.3,easyBike,charging,127.0,25.79,20.0,
477.0,easyBike_forward2.3,easyBike,charging,104.0,25.8,20.0,
477.0,easyBike_forward1.4,easyBike,charging,77.0,25.8,20.0,
477.0,eRickshaw_reverse4.0,eRickshaw,waiting,,0.0,0.0,48.0
477.0,easyBike_forward2.4,easyBike,waiting,,0.0,0.0,43.0
477.0,easyBike_forward4.3,easyBike,waiting,,0.0,0.0,40.0
478.0,easyBike_forward4.2,easyBike,charging,122.0,25.8,20.0,
478.0,easyBike_forward1.3,easyBike,charging,128.0,25.79,20.0,
478.0,easyBike_forward2.3,easyBike,charging,105.0,25.8,20.0,
478.0,easyBike_forward1.4,easyBike,charging,78.0,25.8,20.0,
478.0,eRickshaw_reverse4.0,eRickshaw,waiting,,0.0,0.0,49.0
478.0,easyBike_forward2.4,easyBike,waiting,,0.0,0.0,44.0
478.0,easyBike_forward4.3,easyBike,waiting,,0.0,0.0,41.0
479.0,easyBike_forward4.2,easyBike,charging,123.0,25.8,20.0,
479.0,easyBike_forward1.3,easyBike,charging,129.0,25.79,20.0,
479.0,easyBike_forward2.3,easyBike,charging,106.0,25.8,20.0,
479.0,easyBike_forward1.4,easyBike,charging,79.0,25.8,20.0,
479.0,eRickshaw_reverse4.0,eRickshaw,waiting,,0.0,0.0,50.0
479.0,easyBike_forward2.4,easyBike,waiting,,0.0,0.0,45.0
479.0,easyBike_forward4.3,easyBike,waiting,,0.0,0.0,42.0
480.0,easyBike_forward4.2,easyBike,charging,124.0,25.8,20.0,
480.0,easyBike_forward1.3,easyBike,charging,130.0,25.79,20.0,
480.0,easyBike_forward2.3,easyBike,charging,107.0,25.8,20.0,
480.0,easyBike_forward1.4,easyBike,charging,80.0,25.8,20.0,
480.0,eRickshaw_reverse4.0,eRickshaw,waiting,,0.0,0.0,51.0
480.0,easyBike_forward2.4,easyBike,waiting,,0.0,0.0,46.0
480.0,easyBike_forward4.3,easyBike,waiting,,0.0,0.0,43.0
481.0,easyBike_forward4.2,easyBike,charging,125.0,25.8,20.0,
481.0,easyBike_forward1.3,easyBike,charging,131.0,25.79,20.0,
481.0,easyBike_forward2.3,easyBike,charging,108.0,25.8,20.0,
481.0,easyBike_forward1.4,easyBike,charging,81.0,25.8,20.0,
481.0,eRickshaw_reverse4.0,eRickshaw,waiting,,0.0,0.0,52.0
481.0,easyBike_forward2.4,easyBike,waiting,,0.0,0.0,47.0
481.0,easyBike_forward4.3,easyBike,waiting,,0.0,0.0,44.0
482.0,easyBike_forward4.2,easyBike,charging,126.0,25.8,20.0,
482.0,easyBike_forward1.3,easyBike,charging,132.0,25.79,20.0,
482.0,easyBike_forward2.3,easyBike,charging,109.0,25.8,20.0,
482.0,easyBike_forward1.4,easyBike,charging,82.0,25.8,20.0,
482.0,eRickshaw_reverse4.0,eRickshaw,waiting,,0.0,0.0,53.0
482.0,easyBike_forward2.4,easyBike,waiting,,0.0,0.0,48.0
482.0,easyBike_forward4.3,easyBike,waiting,,0.0,0.0,45.0
483.0,easyBike_forward4.2,easyBike,charging,127.0,25.8,20.0,
483.0,easyBike_forward1.3,easyBike,charging,133.0,25.79,20.0,
483.0,easyBike_forward2.3,easyBike,charging,110.0,25.8,20.0,
483.0,easyBike_forward1.4,easyBike,charging,83.0,25.8,20.0,
483.0,eRickshaw_reverse4.0,eRickshaw,waiting,,0.0,0.0,54.0
483.0,easyBike_forward2.4,easyBike,waiting,,0.0,0.0,49.0
483.0,easyBike_forward4.3,easyBike,waiting,,0.0,0.0,46.0
484.0,easyBike_forward4.2,easyBike,charging,128.0,25.8,20.0,
484.0,easyBike_forward1.3,easyBike,charging,134.0,25.79,20.0,
484.0,easyBike_forward2.3,easyBike,charging,111.0,25.8,20.0,
484.0,easyBike_forward1.4,easyBike,charging,84.0,25.8,20.0,
484.0,eRickshaw_reverse4.0,eRickshaw,waiting,,0.0,0.0,55.0
484.0,easyBike_forward2.4,easyBike,waiting,,0.0,0.0,50.0
484.0,easyBike_forward4.3,easyBike,waiting,,0.0,0.0,47.0
485.0,easyBike_forward4.2,easyBike,charging,129.0,25.8,20.0,
485.0,easyBike_forward1.3,easyBike,charging,135.0,25.79,20.0,
485.0,easyBike_forward2.3,easyBike,charging,112.0,25.8,20.0,
485.0,easyBike_forward1.4,easyBike,charging,85.0,25.8,20.0,
485.0,eRickshaw_reverse4.0,eRickshaw,waiting,,0.0,0.0,56.0
485.0,easyBike_forward2.4,easyBike,waiting,,0.0,0.0,51.0
485.0,easyBike_forward4.3,easyBike,waiting,,0.0,0.0,48.0
486.0,easyBike_forward4.2,easyBike,charging,130.0,25.8,20.0,
486.0,easyBike_forward1.3,easyBike,charging,136.0,25.79,20.0,
486.0,easyBike_forward2.3,easyBike,charging,113.0,25.8,20.0,
486.0,easyBike_forward1.4,easyBike,charging,86.0,25.8,20.0,
486.0,eRickshaw_reverse4.0,eRickshaw,waiting,,0.0,0.0,57.0
486.0,easyBike_forward2.4,easyBike,waiting,,0.0,0.0,52.0
486.0,easyBike_forward4.3,easyBike,waiting,,0.0,0.0,49.0
487.0,easyBike_forward4.2,easyBike,charging,131.0,25.8,20.0,
487.0,easyBike_forward1.3,easyBike,charging,137.0,25.79,20.0,
487.0,easyBike_forward2.3,easyBike,charging,114.0,25.8,20.0,
487.0,easyBike_forward1.4,easyBike,charging,87.0,25.8,20.0,
487.0,eRickshaw_reverse4.0,eRickshaw,waiting,,0.0,0.0,58.0
487.0,easyBike_forward2.4,easyBike,waiting,,0.0,0.0,53.0
487.0,easyBike_forward4.3,easyBike,waiting,,0.0,0.0,50.0
488.0,easyBike_forward4.2,easyBike,charging,132.0,25.8,20.0,
488.0,easyBike_forward1.3,easyBike,charging,138.0,25.79,20.0,
488.0,easyBike_forward2.3,easyBike,charging,115.0,25.8,20.0,
488.0,easyBike_forward1.4,easyBike,charging,88.0,25.8,20.0,
488.0,eRickshaw_reverse4.0,eRickshaw,waiting,,0.0,0.0,59.0
488.0,easyBike_forward2.4,easyBike,waiting,,0.0,0.0,54.0
488.0,easyBike_forward4.3,easyBike,waiting,,0.0,0.0,51.0
489.0,easyBike_forward4.2,easyBike,charging,133.0,25.8,20.0,
489.0,easyBike_forward1.3,easyBike,charging,139.0,25.79,20.0,
489.0,easyBike_forward2.3,easyBike,charging,116.0,25.8,20.0,
489.0,easyBike_forward1.4,easyBike,charging,89.0,25.8,20.0,
489.0,eRickshaw_reverse4.0,eRickshaw,waiting,,0.0,0.0,60.0
489.0,easyBike_forward2.4,easyBike,waiting,,0.0,0.0,55.0
489.0,easyBike_forward4.3,easyBike,waiting,,0.0,0.0,52.0
490.0,easyBike_forward4.2,easyBike,charging,134.0,25.8,20.0,
490.0,easyBike_forward1.3,easyBike,charging,140.0,25.79,20.0,
490.0,easyBike_forward2.3,easyBike,charging,117.0,25.8,20.0,
490.0,easyBike_forward1.4,easyBike,charging,90.0,25.8,20.0,
490.0,eRickshaw_reverse4.0,eRickshaw,waiting,,0.0,0.0,61.0
490.0,easyBike_forward2.4,easyBike,waiting,,0.0,0.0,56.0
490.0,easyBike_forward4.3,easyBike,waiting,,0.0,0.0,53.0
491.0,easyBike_forward4.2,easyBike,charging,135.0,25.8,20.0,
491.0,easyBike_forward1.3,easyBike,charging,141.0,25.79,20.0,
491.0,easyBike_forward2.3,easyBike,charging,118.0,25.8,20.0,
491.0,easyBike_forward1.4,easyBike,charging,91.0,25.8,20.0,
491.0,eRickshaw_reverse4.0,eRickshaw,waiting,,0.0,0.0,62.0
491.0,easyBike_forward2.4,easyBike,waiting,,0.0,0.0,57.0
491.0,easyBike_forward4.3,easyBike,waiting,,0.0,0.0,54.0
492.0,easyBike_forward4.2,easyBike,charging,136.0,25.8,20.0,
492.0,easyBike_forward1.3,easyBike,charging,142.0,25.79,20.0,
492.0,easyBike_forward2.3,easyBike,charging,119.0,25.8,20.0,
492.0,easyBike_forward1.4,easyBike,charging,92.0,25.8,20.0,
492.0,eRickshaw_reverse4.0,eRickshaw,waiting,,0.0,0.0,63.0
492.0,easyBike_forward2.4,easyBike,waiting,,0.0,0.0,58.0
492.0,easyBike_forward4.3,easyBike,waiting,,0.0,0.0,55.0
493.0,easyBike_forward4.2,easyBike,charging,137.0,25.8,20.0,
493.0,easyBike_forward1.3,easyBike,charging,143.0,25.79,20.0,
493.0,easyBike_forward2.3,easyBike,charging,120.0,25.8,20.0,
493.0,easyBike_forward1.4,easyBike,charging,93.0,25.8,20.0,
493.0,eRickshaw_reverse4.0,eRickshaw,waiting,,0.0,0.0,64.0
493.0,easyBike_forward2.4,easyBike,waiting,,0.0,0.0,59.0
493.0,easyBike_forward4.3,easyBike,waiting,,0.0,0.0,56.0
494.0,easyBike_forward4.2,easyBike,charging,138.0,25.8,20.0,
494.0,easyBike_forward1.3,easyBike,charging,144.0,25.79,20.0,
494.0,easyBike_forward2.3,easyBike,charging,121.0,25.8,20.0,
494.0,easyBike_forward1.4,easyBike,charging,94.0,25.8,20.0,
494.0,eRickshaw_reverse4.0,eRickshaw,waiting,,0.0,0.0,65.0
494.0,easyBike_forward2.4,easyBike,waiting,,0.0,0.0,60.0
494.0,easyBike_forward4.3,easyBike,waiting,,0.0,0.0,57.0
495.0,easyBike_forward4.2,easyBike,charging,139.0,25.8,20.0,
495.0,easyBike_forward1.3,easyBike,charging,145.0,25.79,20.0,
495.0,easyBike_forward2.3,easyBike,charging,122.0,25.8,20.0,
495.0,easyBike_forward1.4,easyBike,charging,95.0,25.8,20.0,
495.0,eRickshaw_reverse4.0,eRickshaw,waiting,,0.0,0.0,66.0
495.0,easyBike_forward2.4,easyBike,waiting,,0.0,0.0,61.0
495.0,easyBike_forward4.3,easyBike,waiting,,0.0,0.0,58.0
496.0,easyBike_forward4.2,easyBike,charging,140.0,25.8,20.0,
496.0,easyBike_forward1.3,easyBike,charging,146.0,25.79,20.0,
496.0,easyBike_forward2.3,easyBike,charging,123.0,25.8,20.0,
496.0,easyBike_forward1.4,easyBike,charging,96.0,25.8,20.0,
496.0,eRickshaw_reverse4.0,eRickshaw,waiting,,0.0,0.0,67.0
496.0,easyBike_forward2.4,easyBike,waiting,,0.0,0.0,62.0
496.0,easyBike_forward4.3,easyBike,waiting,,0.0,0.0,59.0
497.0,easyBike_forward4.2,easyBike,charging,141.0,25.8,20.0,
497.0,easyBike_forward1.3,easyBike,charging,147.0,25.79,20.0,
497.0,easyBike_forward2.3,easyBike,charging,124.0,25.8,20.0,
497.0,easyBike_forward1.4,easyBike,charging,97.0,25.8,20.0,
497.0,eRickshaw_reverse4.0,eRickshaw,waiting,,0.0,0.0,68.0
497.0,easyBike_forward2.4,easyBike,waiting,,0.0,0.0,63.0
497.0,easyBike_forward4.3,easyBike,waiting,,0.0,0.0,60.0
498.0,easyBike_forward4.2,easyBike,charging,142.0,25.8,20.0,
498.0,easyBike_forward1.3,easyBike,charging,148.0,25.79,20.0,
498.0,easyBike_forward2.3,easyBike,charging,125.0,25.8,20.0,
498.0,easyBike_forward1.4,easyBike,charging,98.0,25.8,20.0,
498.0,eRickshaw_reverse4.0,eRickshaw,waiting,,0.0,0.0,69.0
498.0,easyBike_forward2.4,easyBike,waiting,,0.0,0.0,64.0
498.0,easyBike_forward4.3,easyBike,waiting,,0.0,0.0,61.0
499.0,easyBike_forward4.2,easyBike,charging,143.0,25.8,20.0,
499.0,easyBike_forward1.3,easyBike,charging,149.0,25.79,20.0,
499.0,easyBike_forward2.3,easyBike,charging,126.0,25.8,20.0,
499.0,easyBike_forward1.4,easyBike,charging,99.0,25.8,20.0,
499.0,eRickshaw_reverse4.0,eRickshaw,waiting,,0.0,0.0,70.0
499.0,easyBike_forward2.4,easyBike,waiting,,0.0,0.0,65.0
499.0,easyBike_forward4.3,easyBike,waiting,,0.0,0.0,62.0
500.0,easyBike_forward4.2,easyBike,charging,144.0,25.8,20.0,
500.0,easyBike_forward1.3,easyBike,charging,150.0,25.79,20.0,
500.0,easyBike_forward2.3,easyBike,charging,127.0,25.8,20.0,
500.0,easyBike_forward1.4,easyBike,charging,100.0,25.8,20.0,
500.0,eRickshaw_reverse4.0,eRickshaw,waiting,,0.0,0.0,71.0
500.0,easyBike_forward2.4,easyBike,waiting,,0.0,0.0,66.0
500.0,easyBike_forward4.3,easyBike,waiting,,0.0,0.0,63.0
501.0,easyBike_forward4.2,easyBike,charging,145.0,25.8,20.0,
501.0,easyBike_forward1.3,easyBike,charging,151.0,25.79,20.0,
501.0,easyBike_forward2.3,easyBike,charging,128.0,25.8,20.0,
501.0,easyBike_forward1.4,easyBike,charging,101.0,25.8,20.0,
501.0,eRickshaw_reverse4.0,eRickshaw,waiting,,0.0,0.0,72.0
501.0,easyBike_forward2.4,easyBike,waiting,,0.0,0.0,67.0
501.0,easyBike_forward4.3,easyBike,waiting,,0.0,0.0,64.0
502.0,easyBike_forward4.2,easyBike,charging,146.0,25.8,20.0,
502.0,easyBike_forward1.3,easyBike,charging,152.0,25.79,20.0,
502.0,easyBike_forward2.3,easyBike,charging,129.0,25.8,20.0,
502.0,easyBike_forward1.4,easyBike,charging,102.0,25.8,20.0,
502.0,eRickshaw_reverse4.0,eRickshaw,waiting,,0.0,0.0,73.0
502.0,easyBike_forward2.4,easyBike,waiting,,0.0,0.0,68.0
502.0,easyBike_forward4.3,easyBike,waiting,,0.0,0.0,65.0
503.0,easyBike_forward4.2,easyBike,charging,147.0,25.8,20.0,
503.0,easyBike_forward1.3,easyBike,charging,153.0,25.79,20.0,
503.0,easyBike_forward2.3,easyBike,charging,130.0,25.8,20.0,
503.0,easyBike_forward1.4,easyBike,charging,103.0,25.8,20.0,
503.0,eRickshaw_reverse4.0,eRickshaw,waiting,,0.0,0.0,74.0
503.0,easyBike_forward2.4,easyBike,waiting,,0.0,0.0,69.0
503.0,easyBike_forward4.3,easyBike,waiting,,0.0,0.0,66.0
504.0,easyBike_forward4.2,easyBike,charging,148.0,25.8,20.0,
504.0,easyBike_forward1.3,easyBike,charging,154.0,25.79,20.0,
504.0,easyBike_forward2.3,easyBike,charging,131.0,25.8,20.0,
504.0,easyBike_forward1.4,easyBike,charging,104.0,25.8,20.0,
504.0,eRickshaw_reverse4.0,eRickshaw,waiting,,0.0,0.0,75.0
504.0,easyBike_forward2.4,easyBike,waiting,,0.0,0.0,70.0
504.0,easyBike_forward4.3,easyBike,waiting,,0.0,0.0,67.0
505.0,easyBike_forward4.2,easyBike,charging,149.0,25.8,20.0,
505.0,easyBike_forward1.3,easyBike,charging,155.0,25.79,20.0,
505.0,easyBike_forward2.3,easyBike,charging,132.0,25.8,20.0,
505.0,easyBike_forward1.4,easyBike,charging,105.0,25.8,20.0,
505.0,eRickshaw_reverse4.0,eRickshaw,waiting,,0.0,0.0,76.0
505.0,easyBike_forward2.4,easyBike,waiting,,0.0,0.0,71.0
505.0,easyBike_forward4.3,easyBike,waiting,,0.0,0.0,68.0
506.0,easyBike_forward4.2,easyBike,charging,150.0,25.8,20.0,
506.0,easyBike_forward1.3,easyBike,charging,156.0,25.79,20.0,
506.0,easyBike_forward2.3,easyBike,charging,133.0,25.8,20.0,
506.0,easyBike_forward1.4,easyBike,charging,106.0,25.8,20.0,
506.0,eRickshaw_reverse4.0,eRickshaw,waiting,,0.0,0.0,77.0
506.0,easyBike_forward2.4,easyBike,waiting,,0.0,0.0,72.0
506.0,easyBike_forward4.3,easyBike,waiting,,0.0,0.0,69.0
507.0,easyBike_forward4.2,easyBike,charging,151.0,25.8,20.0,
507.0,easyBike_forward1.3,easyBike,charging,157.0,25.79,20.0,
507.0,easyBike_forward2.3,easyBike,charging,134.0,25.8,20.0,
507.0,easyBike_forward1.4,easyBike,charging,107.0,25.8,20.0,
507.0,eRickshaw_reverse4.0,eRickshaw,waiting,,0.0,0.0,78.0
507.0,easyBike_forward2.4,easyBike,waiting,,0.0,0.0,73.0
507.0,easyBike_forward4.3,easyBike,waiting,,0.0,0.0,70.0
508.0,easyBike_forward4.2,easyBike,charging,152.0,25.8,20.0,
508.0,easyBike_forward1.3,easyBike,charging,158.0,25.79,20.0,
508.0,easyBike_forward2.3,easyBike,charging,135.0,25.8,20.0,
508.0,easyBike_forward1.4,easyBike,charging,108.0,25.8,20.0,
508.0,eRickshaw_reverse4.0,eRickshaw,waiting,,0.0,0.0,79.0
508.0,easyBike_forward2.4,easyBike,waiting,,0.0,0.0,74.0
508.0,easyBike_forward4.3,easyBike,waiting,,0.0,0.0,71.0
509.0,easyBike_forward4.2,easyBike,charging,153.0,25.8,20.0,
509.0,easyBike_forward1.3,easyBike,charging,159.0,25.79,20.0,
509.0,easyBike_forward2.3,easyBike,charging,136.0,25.8,20.0,
509.0,easyBike_forward1.4,easyBike,charging,109.0,25.8,20.0,
509.0,eRickshaw_reverse4.0,eRickshaw,waiting,,0.0,0.0,80.0
509.0,easyBike_forward2.4,easyBike,waiting,,0.0,0.0,75.0
509.0,easyBike_forward4.3,easyBike,waiting,,0.0,0.0,72.0
510.0,easyBike_forward4.2,easyBike,charging,154.0,25.8,20.0,
510.0,easyBike_forward1.3,easyBike,charging,160.0,25.79,20.0,
510.0,easyBike_forward2.3,easyBike,charging,137.0,25.8,20.0,
510.0,easyBike_forward1.4,easyBike,charging,110.0,25.8,20.0,
510.0,eRickshaw_reverse4.0,eRickshaw,waiting,,0.0,0.0,81.0
510.0,easyBike_forward2.4,easyBike,waiting,,0.0,0.0,76.0
510.0,easyBike_forward4.3,easyBike,waiting,,0.0,0.0,73.0
511.0,easyBike_forward4.2,easyBike,charging,155.0,25.8,20.0,
511.0,easyBike_forward1.3,easyBike,charging,161.0,25.79,20.0,
511.0,easyBike_forward2.3,easyBike,charging,138.0,25.8,20.0,
511.0,easyBike_forward1.4,easyBike,charging,111.0,25.8,20.0,
511.0,eRickshaw_reverse4.0,eRickshaw,waiting,,0.0,0.0,82.0
511.0,easyBike_forward2.4,easyBike,waiting,,0.0,0.0,77.0
511.0,easyBike_forward4.3,easyBike,waiting,,0.0,0.0,74.0
512.0,easyBike_forward4.2,easyBike,charging,156.0,25.8,20.0,
512.0,easyBike_forward1.3,easyBike,charging,162.0,25.79,20.0,
512.0,easyBike_forward2.3,easyBike,charging,139.0,25.8,20.0,
512.0,easyBike_forward1.4,easyBike,charging,112.0,25.8,20.0,
512.0,eRickshaw_reverse4.0,eRickshaw,waiting,,0.0,0.0,83.0
512.0,easyBike_forward2.4,easyBike,waiting,,0.0,0.0,78.0
512.0,easyBike_forward4.3,easyBike,waiting,,0.0,0.0,75.0
513.0,easyBike_forward4.2,easyBike,charging,157.0,25.8,20.0,
513.0,easyBike_forward1.3,easyBike,charging,163.0,25.79,20.0,
513.0,easyBike_forward2.3,easyBike,charging,140.0,25.8,20.0,
513.0,easyBike_forward1.4,easyBike,charging,113.0,25.8,20.0,
513.0,eRickshaw_reverse4.0,eRickshaw,waiting,,0.0,0.0,84.0
513.0,easyBike_forward2.4,easyBike,waiting,,0.0,0.0,79.0
513.0,easyBike_forward4.3,easyBike,waiting,,0.0,0.0,76.0
514.0,easyBike_forward4.2,easyBike,charging,158.0,25.8,20.0,
514.0,easyBike_forward1.3,easyBike,charging,164.0,25.79,20.0,
514.0,easyBike_forward2.3,easyBike,charging,141.0,25.8,20.0,
514.0,easyBike_forward1.4,easyBike,charging,114.0,25.8,20.0,
514.0,eRickshaw_reverse4.0,eRickshaw,waiting,,0.0,0.0,85.0
514.0,easyBike_forward2.4,easyBike,waiting,,0.0,0.0,80.0
514.0,easyBike_forward4.3,easyBike,waiting,,0.0,0.0,77.0
515.0,easyBike_forward4.2,easyBike,charging,159.0,25.8,20.0,
515.0,easyBike_forward1.3,easyBike,charging,165.0,25.79,20.0,
515.0,easyBike_forward2.3,easyBike,charging,142.0,25.8,20.0,
515.0,easyBike_forward1.4,easyBike,charging,115.0,25.8,20.0,
515.0,eRickshaw_reverse4.0,eRickshaw,waiting,,0.0,0.0,86.0
515.0,easyBike_forward2.4,easyBike,waiting,,0.0,0.0,81.0
515.0,easyBike_forward4.3,easyBike,waiting,,0.0,0.0,78.0
516.0,easyBike_forward4.2,easyBike,charging,160.0,25.8,20.0,
516.0,easyBike_forward1.3,easyBike,charging,166.0,25.79,20.0,
516.0,easyBike_forward2.3,easyBike,charging,143.0,25.8,20.0,
516.0,easyBike_forward1.4,easyBike,charging,116.0,25.8,20.0,
516.0,eRickshaw_reverse4.0,eRickshaw,waiting,,0.0,0.0,87.0
516.0,easyBike_forward2.4,easyBike,waiting,,0.0,0.0,82.0
516.0,easyBike_forward4.3,easyBike,waiting,,0.0,0.0,79.0
517.0,easyBike_forward4.2,easyBike,charging,161.0,25.8,20.0,
517.0,easyBike_forward1.3,easyBike,charging,167.0,25.79,20.0,
517.0,easyBike_forward2.3,easyBike,charging,144.0,25.8,20.0,
517.0,easyBike_forward1.4,easyBike,charging,117.0,25.8,20.0,
517.0,eRickshaw_reverse4.0,eRickshaw,waiting,,0.0,0.0,88.0
517.0,easyBike_forward2.4,easyBike,waiting,,0.0,0.0,83.0
517.0,easyBike_forward4.3,easyBike,waiting,,0.0,0.0,80.0
518.0,easyBike_forward4.2,easyBike,charging,162.0,25.8,20.0,
518.0,easyBike_forward1.3,easyBike,charging,168.0,25.79,20.0,
518.0,easyBike_forward2.3,easyBike,charging,145.0,25.8,20.0,
518.0,easyBike_forward1.4,easyBike,charging,118.0,25.8,20.0,
518.0,eRickshaw_reverse4.0,eRickshaw,waiting,,0.0,0.0,89.0
518.0,easyBike_forward2.4,easyBike,waiting,,0.0,0.0,84.0
518.0,easyBike_forward4.3,easyBike,waiting,,0.0,0.0,81.0
519.0,easyBike_forward4.2,easyBike,charging,163.0,25.8,20.0,
519.0,easyBike_forward1.3,easyBike,charging,169.0,25.79,20.0,
519.0,easyBike_forward2.3,easyBike,charging,146.0,25.8,20.0,
519.0,easyBike_forward1.4,easyBike,charging,119.0,25.8,20.0,
519.0,eRickshaw_reverse4.0,eRickshaw,waiting,,0.0,0.0,90.0
519.0,easyBike_forward2.4,easyBike,waiting,,0.0,0.0,85.0
519.0,easyBike_forward4.3,easyBike,waiting,,0.0,0.0,82.0
520.0,easyBike_forward4.2,easyBike,charging,164.0,25.8,20.0,
520.0,easyBike_forward1.3,easyBike,charging,170.0,25.79,20.0,
520.0,easyBike_forward2.3,easyBike,charging,147.0,25.8,20.0,
520.0,easyBike_forward1.4,easyBike,charging,120.0,25.8,20.0,
520.0,eRickshaw_reverse4.0,eRickshaw,waiting,,0.0,0.0,91.0
520.0,easyBike_forward2.4,easyBike,waiting,,0.0,0.0,86.0
520.0,easyBike_forward4.3,easyBike,waiting,,0.0,0.0,83.0
521.0,easyBike_forward4.2,easyBike,charging,165.0,25.8,20.0,
521.0,easyBike_forward1.3,easyBike,charging,171.0,25.79,20.0,
521.0,easyBike_forward2.3,easyBike,charging,148.0,25.8,20.0,
521.0,easyBike_forward1.4,easyBike,charging,121.0,25.8,20.0,
521.0,eRickshaw_reverse4.0,eRickshaw,waiting,,0.0,0.0,92.0
521.0,easyBike_forward2.4,easyBike,waiting,,0.0,0.0,87.0
521.0,easyBike_forward4.3,easyBike,waiting,,0.0,0.0,84.0
522.0,easyBike_forward4.2,easyBike,charging,166.0,25.8,20.0,
522.0,easyBike_forward1.3,easyBike,charging,172.0,25.79,20.0,
522.0,easyBike_forward2.3,easyBike,charging,149.0,25.8,20.0,
522.0,easyBike_forward1.4,easyBike,charging,122.0,25.8,20.0,
522.0,eRickshaw_reverse4.0,eRickshaw,waiting,,0.0,0.0,93.0
522.0,easyBike_forward2.4,easyBike,waiting,,0.0,0.0,88.0
522.0,easyBike_forward4.3,easyBike,waiting,,0.0,0.0,85.0
523.0,easyBike_forward4.2,easyBike,charging,167.0,25.8,20.0,
523.0,easyBike_forward1.3,easyBike,charging,173.0,25.79,20.0,
523.0,easyBike_forward2.3,easyBike,charging,150.0,25.8,20.0,
523.0,easyBike_forward1.4,easyBike,charging,123.0,25.8,20.0,
523.0,eRickshaw_reverse4.0,eRickshaw,waiting,,0.0,0.0,94.0
523.0,easyBike_forward2.4,easyBike,waiting,,0.0,0.0,89.0
523.0,easyBike_forward4.3,easyBike,waiting,,0.0,0.0,86.0
524.0,easyBike_forward4.2,easyBike,charging,168.0,25.8,20.0,
524.0,easyBike_forward1.3,easyBike,charging,174.0,25.79,20.0,
524.0,easyBike_forward2.3,easyBike,charging,151.0,25.8,20.0,
524.0,easyBike_forward1.4,easyBike,charging,124.0,25.8,20.0,
524.0,eRickshaw_reverse4.0,eRickshaw,waiting,,0.0,0.0,95.0
524.0,easyBike_forward2.4,easyBike,waiting,,0.0,0.0,90.0
524.0,easyBike_forward4.3,easyBike,waiting,,0.0,0.0,87.0
525.0,easyBike_forward4.2,easyBike,charging,169.0,25.8,20.0,
525.0,easyBike_forward1.3,easyBike,charging,175.0,25.79,20.0,
525.0,easyBike_forward2.3,easyBike,charging,152.0,25.8,20.0,
525.0,easyBike_forward1.4,easyBike,charging,125.0,25.8,20.0,
525.0,eRickshaw_reverse4.0,eRickshaw,waiting,,0.0,0.0,96.0
525.0,easyBike_forward2.4,easyBike,waiting,,0.0,0.0,91.0
525.0,easyBike_forward4.3,easyBike,waiting,,0.0,0.0,88.0
526.0,easyBike_forward4.2,easyBike,charging,170.0,25.8,20.0,
526.0,easyBike_forward1.3,easyBike,charging,176.0,25.79,20.0,
526.0,easyBike_forward2.3,easyBike,charging,153.0,25.8,20.0,
526.0,easyBike_forward1.4,easyBike,charging,126.0,25.8,20.0,
526.0,eRickshaw_reverse4.0,eRickshaw,waiting,,0.0,0.0,97.0
526.0,easyBike_forward2.4,easyBike,waiting,,0.0,0.0,92.0
526.0,easyBike_forward4.3,easyBike,waiting,,0.0,0.0,89.0
527.0,easyBike_forward4.2,easyBike,charging,171.0,25.8,20.0,
527.0,easyBike_forward1.3,easyBike,charging,177.0,25.79,20.0,
527.0,easyBike_forward2.3,easyBike,charging,154.0,25.8,20.0,
527.0,easyBike_forward1.4,easyBike,charging,127.0,25.8,20.0,
527.0,eRickshaw_reverse4.0,eRickshaw,waiting,,0.0,0.0,98.0
527.0,easyBike_forward2.4,easyBike,waiting,,0.0,0.0,93.0
527.0,easyBike_forward4.3,easyBike,waiting,,0.0,0.0,90.0
528.0,easyBike_forward4.2,easyBike,charging,172.0,25.8,20.0,
528.0,easyBike_forward1.3,easyBike,charging,178.0,25.79,20.0,
528.0,easyBike_forward2.3,easyBike,charging,155.0,25.8,20.0,
528.0,easyBike_forward1.4,easyBike,charging,128.0,25.8,20.0,
528.0,eRickshaw_reverse4.0,eRickshaw,waiting,,0.0,0.0,99.0
528.0,easyBike_forward2.4,easyBike,waiting,,0.0,0.0,94.0
528.0,easyBike_forward4.3,easyBike,waiting,,0.0,0.0,91.0
529.0,easyBike_forward4.2,easyBike,charging,173.0,25.8,20.0,
529.0,easyBike_forward1.3,easyBike,charging,179.0,25.79,20.0,
529.0,easyBike_forward2.3,easyBike,charging,156.0,25.8,20.0,
529.0,easyBike_forward1.4,easyBike,charging,129.0,25.8,20.0,
529.0,eRickshaw_reverse4.0,eRickshaw,waiting,,0.0,0.0,100.0
529.0,easyBike_forward2.4,easyBike,waiting,,0.0,0.0,95.0
529.0,easyBike_forward4.3,easyBike,waiting,,0.0,0.0,92.0
530.0,easyBike_forward4.2,easyBike,charging,174.0,25.8,20.0,
530.0,easyBike_forward1.3,easyBike,charging,180.0,25.79,20.0,
530.0,easyBike_forward2.3,easyBike,charging,157.0,25.8,20.0,
530.0,easyBike_forward1.4,easyBike,charging,130.0,25.8,20.0,
530.0,eRickshaw_reverse4.0,eRickshaw,waiting,,0.0,0.0,101.0
530.0,easyBike_forward2.4,easyBike,waiting,,0.0,0.0,96.0
530.0,easyBike_forward4.3,easyBike,waiting,,0.0,0.0,93.0
531.0,easyBike_forward4.2,easyBike,charging,175.0,25.8,20.0,
531.0,easyBike_forward1.3,easyBike,charging,181.0,25.79,20.0,
531.0,easyBike_forward2.3,easyBike,charging,158.0,25.8,20.0,
531.0,easyBike_forward1.4,easyBike,charging,131.0,25.8,20.0,
531.0,eRickshaw_reverse4.0,eRickshaw,waiting,,0.0,0.0,102.0
531.0,easyBike_forward2.4,easyBike,waiting,,0.0,0.0,97.0
531.0,easyBike_forward4.3,easyBike,waiting,,0.0,0.0,94.0
532.0,easyBike_forward4.2,easyBike,charging,176.0,25.8,20.0,
532.0,easyBike_forward1.3,easyBike,charging,182.0,25.79,20.0,
532.0,easyBike_forward2.3,easyBike,charging,159.0,25.8,20.0,
532.0,easyBike_forward1.4,easyBike,charging,132.0,25.8,20.0,
532.0,eRickshaw_reverse4.0,eRickshaw,waiting,,0.0,0.0,103.0
532.0,easyBike_forward2.4,easyBike,waiting,,0.0,0.0,98.0
532.0,easyBike_forward4.3,easyBike,waiting,,0.0,0.0,95.0
533.0,easyBike_forward4.2,easyBike,charging,177.0,25.8,20.0,
533.0,easyBike_forward1.3,easyBike,charging,183.0,25.79,20.0,
533.0,easyBike_forward2.3,easyBike,charging,160.0,25.8,20.0,
533.0,easyBike_forward1.4,easyBike,charging,133.0,25.8,20.0,
533.0,eRickshaw_reverse4.0,eRickshaw,waiting,,0.0,0.0,104.0
533.0,easyBike_forward2.4,easyBike,waiting,,0.0,0.0,99.0
533.0,easyBike_forward4.3,easyBike,waiting,,0.0,0.0,96.0
534.0,easyBike_forward4.2,easyBike,charging,178.0,25.8,20.0,
534.0,easyBike_forward1.3,easyBike,charging,184.0,25.79,20.0,
534.0,easyBike_forward2.3,easyBike,charging,161.0,25.8,20.0,
534.0,easyBike_forward1.4,easyBike,charging,134.0,25.8,20.0,
534.0,eRickshaw_reverse4.0,eRickshaw,waiting,,0.0,0.0,105.0
534.0,easyBike_forward2.4,easyBike,waiting,,0.0,0.0,100.0
534.0,easyBike_forward4.3,easyBike,waiting,,0.0,0.0,97.0
535.0,easyBike_forward4.2,easyBike,charging,179.0,25.8,20.0,
535.0,easyBike_forward1.3,easyBike,charging,185.0,25.79,20.0,
535.0,easyBike_forward2.3,easyBike,charging,162.0,25.8,20.0,
535.0,easyBike_forward1.4,easyBike,charging,135.0,25.8,20.0,
535.0,eRickshaw_reverse4.0,eRickshaw,waiting,,0.0,0.0,106.0
535.0,easyBike_forward2.4,easyBike,waiting,,0.0,0.0,101.0
535.0,easyBike_forward4.3,easyBike,waiting,,0.0,0.0,98.0
536.0,easyBike_forward4.2,easyBike,charging,180.0,25.8,20.0,
536.0,easyBike_forward1.3,easyBike,charging,186.0,25.79,20.0,
536.0,easyBike_forward2.3,easyBike,charging,163.0,25.8,20.0,
536.0,easyBike_forward1.4,easyBike,charging,136.0,25.8,20.0,
536.0,eRickshaw_reverse4.0,eRickshaw,waiting,,0.0,0.0,107.0
536.0,easyBike_forward2.4,easyBike,waiting,,0.0,0.0,102.0
536.0,easyBike_forward4.3,easyBike,waiting,,0.0,0.0,99.0
537.0,easyBike_forward4.2,easyBike,charging,181.0,25.8,20.0,
537.0,easyBike_forward1.3,easyBike,charging,187.0,25.79,20.0,
537.0,easyBike_forward2.3,easyBike,charging,164.0,25.8,20.0,
537.0,easyBike_forward1.4,easyBike,charging,137.0,25.8,20.0,
537.0,eRickshaw_reverse4.0,eRickshaw,waiting,,0.0,0.0,108.0
537.0,easyBike_forward2.4,easyBike,waiting,,0.0,0.0,103.0
537.0,easyBike_forward4.3,easyBike,waiting,,0.0,0.0,100.0
538.0,easyBike_forward4.2,easyBike,charging,182.0,25.8,20.0,
538.0,easyBike_forward1.3,easyBike,charging,188.0,25.79,20.0,
538.0,easyBike_forward2.3,easyBike,charging,165.0,25.8,20.0,
538.0,easyBike_forward1.4,easyBike,charging,138.0,25.8,20.0,
538.0,eRickshaw_reverse4.0,eRickshaw,waiting,,0.0,0.0,109.0
538.0,easyBike_forward2.4,easyBike,waiting,,0.0,0.0,104.0
538.0,easyBike_forward4.3,easyBike,waiting,,0.0,0.0,101.0
539.0,easyBike_forward4.2,easyBike,charging,183.0,25.8,20.0,
539.0,easyBike_forward1.3,easyBike,charging,189.0,25.79,20.0,
539.0,easyBike_forward2.3,easyBike,charging,166.0,25.8,20.0,
539.0,easyBike_forward1.4,easyBike,charging,139.0,25.8,20.0,
539.0,eRickshaw_reverse4.0,eRickshaw,waiting,,0.0,0.0,110.0
539.0,easyBike_forward2.4,easyBike,waiting,,0.0,0.0,105.0
539.0,easyBike_forward4.3,easyBike,waiting,,0.0,0.0,102.0
540.0,easyBike_forward4.2,easyBike,charging,184.0,25.8,20.0,
540.0,easyBike_forward1.3,easyBike,charging,190.0,25.79,20.0,
540.0,easyBike_forward2.3,easyBike,charging,167.0,25.8,20.0,
540.0,easyBike_forward1.4,easyBike,charging,140.0,25.8,20.0,
540.0,eRickshaw_reverse4.0,eRickshaw,waiting,,0.0,0.0,111.0
540.0,easyBike_forward2.4,easyBike,waiting,,0.0,0.0,106.0
540.0,easyBike_forward4.3,easyBike,waiting,,0.0,0.0,103.0
541.0,easyBike_forward4.2,easyBike,charging,185.0,25.8,20.0,
541.0,easyBike_forward1.3,easyBike,charging,191.0,25.79,20.0,
541.0,easyBike_forward2.3,easyBike,charging,168.0,25.8,20.0,
541.0,easyBike_forward1.4,easyBike,charging,141.0,25.8,20.0,
541.0,eRickshaw_reverse4.0,eRickshaw,waiting,,0.0,0.0,112.0
541.0,easyBike_forward2.4,easyBike,waiting,,0.0,0.0,107.0
541.0,easyBike_forward4.3,easyBike,waiting,,0.0,0.0,104.0
542.0,easyBike_forward4.2,easyBike,charging,186.0,25.8,20.0,
542.0,easyBike_forward1.3,easyBike,charging,192.0,25.79,20.0,
542.0,easyBike_forward2.3,easyBike,charging,169.0,25.8,20.0,
542.0,easyBike_forward1.4,easyBike,charging,142.0,25.8,20.0,
542.0,eRickshaw_reverse4.0,eRickshaw,waiting,,0.0,0.0,113.0
542.0,easyBike_forward2.4,easyBike,waiting,,0.0,0.0,108.0
542.0,easyBike_forward4.3,easyBike,waiting,,0.0,0.0,105.0
543.0,easyBike_forward4.2,easyBike,charging,187.0,25.8,20.0,
543.0,easyBike_forward1.3,easyBike,charging,193.0,25.79,20.0,
543.0,easyBike_forward2.3,easyBike,charging,170.0,25.8,20.0,
543.0,easyBike_forward1.4,easyBike,charging,143.0,25.8,20.0,
543.0,eRickshaw_reverse4.0,eRickshaw,waiting,,0.0,0.0,114.0
543.0,easyBike_forward2.4,easyBike,waiting,,0.0,0.0,109.0
543.0,easyBike_forward4.3,easyBike,waiting,,0.0,0.0,106.0
544.0,easyBike_forward4.2,easyBike,charging,188.0,25.8,20.0,
544.0,easyBike_forward1.3,easyBike,charging,194.0,25.79,20.0,
544.0,easyBike_forward2.3,easyBike,charging,171.0,25.8,20.0,
544.0,easyBike_forward1.4,easyBike,charging,144.0,25.8,20.0,
544.0,eRickshaw_reverse4.0,eRickshaw,waiting,,0.0,0.0,115.0
544.0,easyBike_forward2.4,easyBike,waiting,,0.0,0.0,110.0
544.0,easyBike_forward4.3,easyBike,waiting,,0.0,0.0,107.0
545.0,easyBike_forward4.2,easyBike,charging,189.0,25.8,20.0,
545.0,easyBike_forward1.3,easyBike,charging,195.0,25.79,20.0,
545.0,easyBike_forward2.3,easyBike,charging,172.0,25.8,20.0,
545.0,easyBike_forward1.4,easyBike,charging,145.0,25.8,20.0,
545.0,eRickshaw_reverse4.0,eRickshaw,waiting,,0.0,0.0,116.0
545.0,easyBike_forward2.4,easyBike,waiting,,0.0,0.0,111.0
545.0,easyBike_forward4.3,easyBike,waiting,,0.0,0.0,108.0
546.0,easyBike_forward4.2,easyBike,charging,190.0,25.8,20.0,
546.0,easyBike_forward1.3,easyBike,charging,196.0,25.79,20.0,
546.0,easyBike_forward2.3,easyBike,charging,173.0,25.8,20.0,
546.0,easyBike_forward1.4,easyBike,charging,146.0,25.8,20.0,
546.0,eRickshaw_reverse4.0,eRickshaw,waiting,,0.0,0.0,117.0
546.0,easyBike_forward2.4,easyBike,waiting,,0.0,0.0,112.0
546.0,easyBike_forward4.3,easyBike,waiting,,0.0,0.0,109.0
547.0,easyBike_forward4.2,easyBike,charging,191.0,25.8,20.0,
547.0,easyBike_forward1.3,easyBike,charging,197.0,25.79,20.0,
547.0,easyBike_forward2.3,easyBike,charging,174.0,25.8,20.0,
547.0,easyBike_forward1.4,easyBike,charging,147.0,25.8,20.0,
547.0,eRickshaw_reverse4.0,eRickshaw,waiting,,0.0,0.0,118.0
547.0,easyBike_forward2.4,easyBike,waiting,,0.0,0.0,113.0
547.0,easyBike_forward4.3,easyBike,waiting,,0.0,0.0,110.0
548.0,easyBike_forward4.2,easyBike,charging,192.0,25.8,20.0,
548.0,easyBike_forward1.3,easyBike,charging,198.0,25.79,20.0,
548.0,easyBike_forward2.3,easyBike,charging,175.0,25.8,20.0,
548.0,easyBike_forward1.4,easyBike,charging,148.0,25.8,20.0,
548.0,eRickshaw_reverse4.0,eRickshaw,waiting,,0.0,0.0,119.0
548.0,easyBike_forward2.4,easyBike,waiting,,0.0,0.0,114.0
548.0,easyBike_forward4.3,easyBike,waiting,,0.0,0.0,111.0
549.0,easyBike_forward4.2,easyBike,charging,193.0,25.8,20.0,
549.0,easyBike_forward1.3,easyBike,charging,199.0,25.79,20.0,
549.0,easyBike_forward2.3,easyBike,charging,176.0,25.8,20.0,
549.0,easyBike_forward1.4,easyBike,charging,149.0,25.8,20.0,
549.0,eRickshaw_reverse4.0,eRickshaw,waiting,,0.0,0.0,120.0
549.0,easyBike_forward2.4,easyBike,waiting,,0.0,0.0,115.0
549.0,easyBike_forward4.3,easyBike,waiting,,0.0,0.0,112.0
550.0,easyBike_forward4.2,easyBike,charging,194.0,25.8,20.0,
550.0,easyBike_forward1.3,easyBike,charging,200.0,25.79,20.0,
550.0,easyBike_forward2.3,easyBike,charging,177.0,25.8,20.0,
550.0,easyBike_forward1.4,easyBike,charging,150.0,25.8,20.0,
550.0,eRickshaw_reverse4.0,eRickshaw,waiting,,0.0,0.0,121.0
550.0,easyBike_forward2.4,easyBike,waiting,,0.0,0.0,116.0
550.0,easyBike_forward4.3,easyBike,waiting,,0.0,0.0,113.0
551.0,easyBike_forward4.2,easyBike,charging,195.0,25.8,20.0,
551.0,easyBike_forward1.3,easyBike,charging,201.0,25.79,20.0,
551.0,easyBike_forward2.3,easyBike,charging,178.0,25.8,20.0,
551.0,easyBike_forward1.4,easyBike,charging,151.0,25.8,20.0,
551.0,eRickshaw_reverse4.0,eRickshaw,waiting,,0.0,0.0,122.0
551.0,easyBike_forward2.4,easyBike,waiting,,0.0,0.0,117.0
551.0,easyBike_forward4.3,easyBike,waiting,,0.0,0.0,114.0
552.0,easyBike_forward4.2,easyBike,charging,196.0,25.8,20.0,
552.0,easyBike_forward1.3,easyBike,charging,202.0,25.79,20.0,
552.0,easyBike_forward2.3,easyBike,charging,179.0,25.8,20.0,
552.0,easyBike_forward1.4,easyBike,charging,152.0,25.8,20.0,
552.0,eRickshaw_reverse4.0,eRickshaw,waiting,,0.0,0.0,123.0
552.0,easyBike_forward2.4,easyBike,waiting,,0.0,0.0,118.0
552.0,easyBike_forward4.3,easyBike,waiting,,0.0,0.0,115.0
553.0,easyBike_forward4.2,easyBike,charging,197.0,25.8,20.0,
553.0,easyBike_forward1.3,easyBike,charging,203.0,25.79,20.0,
553.0,easyBike_forward2.3,easyBike,charging,180.0,25.8,20.0,
553.0,easyBike_forward1.4,easyBike,charging,153.0,25.8,20.0,
553.0,eRickshaw_reverse4.0,eRickshaw,waiting,,0.0,0.0,124.0
553.0,easyBike_forward2.4,easyBike,waiting,,0.0,0.0,119.0
553.0,easyBike_forward4.3,easyBike,waiting,,0.0,0.0,116.0
554.0,easyBike_forward4.2,easyBike,charging,198.0,25.8,20.0,
554.0,easyBike_forward1.3,easyBike,charging,204.0,25.79,20.0,
554.0,easyBike_forward2.3,easyBike,charging,181.0,25.8,20.0,
554.0,easyBike_forward1.4,easyBike,charging,154.0,25.8,20.0,
554.0,eRickshaw_reverse4.0,eRickshaw,waiting,,0.0,0.0,125.0
554.0,easyBike_forward2.4,easyBike,waiting,,0.0,0.0,120.0
554.0,easyBike_forward4.3,easyBike,waiting,,0.0,0.0,117.0
555.0,easyBike_forward4.2,easyBike,charging,199.0,25.8,20.0,
555.0,easyBike_forward1.3,easyBike,charging,205.0,25.79,20.0,
555.0,easyBike_forward2.3,easyBike,charging,182.0,25.8,20.0,
555.0,easyBike_forward1.4,easyBike,charging,155.0,25.8,20.0,
555.0,eRickshaw_reverse4.0,eRickshaw,waiting,,0.0,0.0,126.0
555.0,easyBike_forward2.4,easyBike,waiting,,0.0,0.0,121.0
555.0,easyBike_forward4.3,easyBike,waiting,,0.0,0.0,118.0
556.0,easyBike_forward4.2,easyBike,charging,200.0,25.8,20.0,
556.0,easyBike_forward1.3,easyBike,charging,206.0,25.79,20.0,
556.0,easyBike_forward2.3,easyBike,charging,183.0,25.8,20.0,
556.0,easyBike_forward1.4,easyBike,charging,156.0,25.8,20.0,
556.0,eRickshaw_reverse4.0,eRickshaw,waiting,,0.0,0.0,127.0
556.0,easyBike_forward2.4,easyBike,waiting,,0.0,0.0,122.0
556.0,easyBike_forward4.3,easyBike,waiting,,0.0,0.0,119.0
557.0,easyBike_forward4.2,easyBike,charging,201.0,25.8,20.0,
557.0,easyBike_forward1.3,easyBike,charging,207.0,25.79,20.0,
557.0,easyBike_forward2.3,easyBike,charging,184.0,25.8,20.0,
557.0,easyBike_forward1.4,easyBike,charging,157.0,25.8,20.0,
557.0,eRickshaw_reverse4.0,eRickshaw,waiting,,0.0,0.0,128.0
557.0,easyBike_forward2.4,easyBike,waiting,,0.0,0.0,123.0
557.0,easyBike_forward4.3,easyBike,waiting,,0.0,0.0,120.0
558.0,easyBike_forward4.2,easyBike,charging,202.0,25.8,20.0,
558.0,easyBike_forward1.3,easyBike,charging,208.0,25.79,20.0,
558.0,easyBike_forward2.3,easyBike,charging,185.0,25.8,20.0,
558.0,easyBike_forward1.4,easyBike,charging,158.0,25.8,20.0,
558.0,eRickshaw_reverse4.0,eRickshaw,waiting,,0.0,0.0,129.0
558.0,easyBike_forward2.4,easyBike,waiting,,0.0,0.0,124.0
558.0,easyBike_forward4.3,easyBike,waiting,,0.0,0.0,121.0
559.0,easyBike_forward4.2,easyBike,charging,203.0,25.8,20.0,
559.0,easyBike_forward1.3,easyBike,charging,209.0,25.79,20.0,
559.0,easyBike_forward2.3,easyBike,charging,186.0,25.8,20.0,
559.0,easyBike_forward1.4,easyBike,charging,159.0,25.8,20.0,
559.0,eRickshaw_reverse4.0,eRickshaw,waiting,,0.0,0.0,130.0
559.0,easyBike_forward2.4,easyBike,waiting,,0.0,0.0,125.0
559.0,easyBike_forward4.3,easyBike,waiting,,0.0,0.0,122.0
560.0,easyBike_forward4.2,easyBike,charging,204.0,25.8,20.0,
560.0,easyBike_forward1.3,easyBike,charging,210.0,25.79,20.0,
560.0,easyBike_forward2.3,easyBike,charging,187.0,25.8,20.0,
560.0,easyBike_forward1.4,easyBike,charging,160.0,25.8,20.0,
560.0,eRickshaw_reverse4.0,eRickshaw,waiting,,0.0,0.0,131.0
560.0,easyBike_forward2.4,easyBike,waiting,,0.0,0.0,126.0
560.0,easyBike_forward4.3,easyBike,waiting,,0.0,0.0,123.0
561.0,easyBike_forward4.2,easyBike,charging,205.0,25.8,20.0,
561.0,easyBike_forward1.3,easyBike,charging,211.0,25.79,20.0,
561.0,easyBike_forward2.3,easyBike,charging,188.0,25.8,20.0,
561.0,easyBike_forward1.4,easyBike,charging,161.0,25.8,20.0,
561.0,eRickshaw_reverse4.0,eRickshaw,waiting,,0.0,0.0,132.0
561.0,easyBike_forward2.4,easyBike,waiting,,0.0,0.0,127.0
561.0,easyBike_forward4.3,easyBike,waiting,,0.0,0.0,124.0
562.0,easyBike_forward4.2,easyBike,charging,206.0,25.8,20.0,
562.0,easyBike_forward1.3,easyBike,charging,212.0,25.79,20.0,
562.0,easyBike_forward2.3,easyBike,charging,189.0,25.8,20.0,
562.0,easyBike_forward1.4,easyBike,charging,162.0,25.8,20.0,
562.0,eRickshaw_reverse4.0,eRickshaw,waiting,,0.0,0.0,133.0
562.0,easyBike_forward2.4,easyBike,waiting,,0.0,0.0,128.0
562.0,easyBike_forward4.3,easyBike,waiting,,0.0,0.0,125.0
563.0,easyBike_forward4.2,easyBike,charging,207.0,25.8,20.0,
563.0,easyBike_forward1.3,easyBike,charging,213.0,25.79,20.0,
563.0,easyBike_forward2.3,easyBike,charging,190.0,25.8,20.0,
563.0,easyBike_forward1.4,easyBike,charging,163.0,25.8,20.0,
563.0,eRickshaw_reverse4.0,eRickshaw,waiting,,0.0,0.0,134.0
563.0,easyBike_forward2.4,easyBike,waiting,,0.0,0.0,129.0
563.0,easyBike_forward4.3,easyBike,waiting,,0.0,0.0,126.0
564.0,easyBike_forward4.2,easyBike,charging,208.0,25.8,20.0,
564.0,easyBike_forward1.3,easyBike,charging,214.0,25.79,20.0,
564.0,easyBike_forward2.3,easyBike,charging,191.0,25.8,20.0,
564.0,easyBike_forward1.4,easyBike,charging,164.0,25.8,20.0,
564.0,eRickshaw_reverse4.0,eRickshaw,waiting,,0.0,0.0,135.0
564.0,easyBike_forward2.4,easyBike,waiting,,0.0,0.0,130.0
564.0,easyBike_forward4.3,easyBike,waiting,,0.0,0.0,127.0
565.0,easyBike_forward4.2,easyBike,charging,209.0,25.8,20.0,
565.0,easyBike_forward1.3,easyBike,charging,215.0,25.79,20.0,
565.0,easyBike_forward2.3,easyBike,charging,192.0,25.8,20.0,
565.0,easyBike_forward1.4,easyBike,charging,165.0,25.8,20.0,
565.0,eRickshaw_reverse4.0,eRickshaw,waiting,,0.0,0.0,136.0
565.0,easyBike_forward2.4,easyBike,waiting,,0.0,0.0,131.0
565.0,easyBike_forward4.3,easyBike,waiting,,0.0,0.0,128.0
566.0,easyBike_forward4.2,easyBike,charging,210.0,25.8,20.0,
566.0,easyBike_forward1.3,easyBike,charging,216.0,25.79,20.0,
566.0,easyBike_forward2.3,easyBike,charging,193.0,25.8,20.0,
566.0,easyBike_forward1.4,easyBike,charging,166.0,25.8,20.0,
566.0,eRickshaw_reverse4.0,eRickshaw,waiting,,0.0,0.0,137.0
566.0,easyBike_forward2.4,easyBike,waiting,,0.0,0.0,132.0
566.0,easyBike_forward4.3,easyBike,waiting,,0.0,0.0,129.0
567.0,easyBike_forward4.2,easyBike,charging,211.0,25.8,20.0,
567.0,easyBike_forward1.3,easyBike,charging,217.0,25.79,20.0,
567.0,easyBike_forward2.3,easyBike,charging,194.0,25.8,20.0,
567.0,easyBike_forward1.4,easyBike,charging,167.0,25.8,20.0,
567.0,eRickshaw_reverse4.0,eRickshaw,waiting,,0.0,0.0,138.0
567.0,easyBike_forward2.4,easyBike,waiting,,0.0,0.0,133.0
567.0,easyBike_forward4.3,easyBike,waiting,,0.0,0.0,130.0
568.0,easyBike_forward4.2,easyBike,charging,212.0,25.8,20.0,
568.0,easyBike_forward1.3,easyBike,charging,218.0,25.79,20.0,
568.0,easyBike_forward2.3,easyBike,charging,195.0,25.8,20.0,
568.0,easyBike_forward1.4,easyBike,charging,168.0,25.8,20.0,
568.0,eRickshaw_reverse4.0,eRickshaw,waiting,,0.0,0.0,139.0
568.0,easyBike_forward2.4,easyBike,waiting,,0.0,0.0,134.0
568.0,easyBike_forward4.3,easyBike,waiting,,0.0,0.0,131.0
569.0,easyBike_forward4.2,easyBike,charging,213.0,25.8,20.0,
569.0,easyBike_forward1.3,easyBike,charging,219.0,25.79,20.0,
569.0,easyBike_forward2.3,easyBike,charging,196.0,25.8,20.0,
569.0,easyBike_forward1.4,easyBike,charging,169.0,25.8,20.0,
569.0,eRickshaw_reverse4.0,eRickshaw,waiting,,0.0,0.0,140.0
569.0,easyBike_forward2.4,easyBike,waiting,,0.0,0.0,135.0
569.0,easyBike_forward4.3,easyBike,waiting,,0.0,0.0,132.0
570.0,easyBike_forward4.2,easyBike,charging,214.0,25.8,20.0,
570.0,easyBike_forward1.3,easyBike,charging,220.0,25.79,20.0,
570.0,easyBike_forward2.3,easyBike,charging,197.0,25.8,20.0,
570.0,easyBike_forward1.4,easyBike,charging,170.0,25.8,20.0,
570.0,eRickshaw_reverse4.0,eRickshaw,waiting,,0.0,0.0,141.0
570.0,easyBike_forward2.4,easyBike,waiting,,0.0,0.0,136.0
570.0,easyBike_forward4.3,easyBike,waiting,,0.0,0.0,133.0
571.0,easyBike_forward4.2,easyBike,charging,215.0,25.8,20.0,
571.0,easyBike_forward1.3,easyBike,charging,221.0,25.79,20.0,
571.0,easyBike_forward2.3,easyBike,charging,198.0,25.8,20.0,
571.0,easyBike_forward1.4,easyBike,charging,171.0,25.8,20.0,
571.0,eRickshaw_reverse4.0,eRickshaw,waiting,,0.0,0.0,142.0
571.0,easyBike_forward2.4,easyBike,waiting,,0.0,0.0,137.0
571.0,easyBike_forward4.3,easyBike,waiting,,0.0,0.0,134.0
572.0,easyBike_forward4.2,easyBike,charging,216.0,25.8,20.0,
572.0,easyBike_forward1.3,easyBike,charging,222.0,25.79,20.0,
572.0,easyBike_forward2.3,easyBike,charging,199.0,25.8,20.0,
572.0,easyBike_forward1.4,easyBike,charging,172.0,25.8,20.0,
572.0,eRickshaw_reverse4.0,eRickshaw,waiting,,0.0,0.0,143.0
572.0,easyBike_forward2.4,easyBike,waiting,,0.0,0.0,138.0
572.0,easyBike_forward4.3,easyBike,waiting,,0.0,0.0,135.0
573.0,easyBike_forward4.2,easyBike,charging,217.0,25.8,20.0,
573.0,easyBike_forward1.3,easyBike,charging,223.0,25.79,20.0,
573.0,easyBike_forward2.3,easyBike,charging,200.0,25.8,20.0,
573.0,easyBike_forward1.4,easyBike,charging,173.0,25.8,20.0,
573.0,eRickshaw_reverse4.0,eRickshaw,waiting,,0.0,0.0,144.0
573.0,easyBike_forward2.4,easyBike,waiting,,0.0,0.0,139.0
573.0,easyBike_forward4.3,easyBike,waiting,,0.0,0.0,136.0
574.0,easyBike_forward4.2,easyBike,charging,218.0,25.8,20.0,
574.0,easyBike_forward1.3,easyBike,charging,224.0,25.79,20.0,
574.0,easyBike_forward2.3,easyBike,charging,201.0,25.8,20.0,
574.0,easyBike_forward1.4,easyBike,charging,174.0,25.8,20.0,
574.0,eRickshaw_reverse4.0,eRickshaw,waiting,,0.0,0.0,145.0
574.0,easyBike_forward2.4,easyBike,waiting,,0.0,0.0,140.0
574.0,easyBike_forward4.3,easyBike,waiting,,0.0,0.0,137.0
575.0,easyBike_forward4.2,easyBike,charging,219.0,25.8,20.0,
575.0,easyBike_forward1.3,easyBike,charging,225.0,25.79,20.0,
575.0,easyBike_forward2.3,easyBike,charging,202.0,25.8,20.0,
575.0,easyBike_forward1.4,easyBike,charging,175.0,25.8,20.0,
575.0,eRickshaw_reverse4.0,eRickshaw,waiting,,0.0,0.0,146.0
575.0,easyBike_forward2.4,easyBike,waiting,,0.0,0.0,141.0
575.0,easyBike_forward4.3,easyBike,waiting,,0.0,0.0,138.0
576.0,easyBike_forward4.2,easyBike,charging,220.0,25.8,20.0,
576.0,easyBike_forward1.3,easyBike,charging,226.0,25.79,20.0,
576.0,easyBike_forward2.3,easyBike,charging,203.0,25.8,20.0,
576.0,easyBike_forward1.4,easyBike,charging,176.0,25.8,20.0,
576.0,eRickshaw_reverse4.0,eRickshaw,waiting,,0.0,0.0,147.0
576.0,easyBike_forward2.4,easyBike,waiting,,0.0,0.0,142.0
576.0,easyBike_forward4.3,easyBike,waiting,,0.0,0.0,139.0
577.0,easyBike_forward4.2,easyBike,charging,221.0,25.8,20.0,
577.0,easyBike_forward1.3,easyBike,charging,227.0,25.79,20.0,
577.0,easyBike_forward2.3,easyBike,charging,204.0,25.8,20.0,
577.0,easyBike_forward1.4,easyBike,charging,177.0,25.8,20.0,
577.0,eRickshaw_reverse4.0,eRickshaw,waiting,,0.0,0.0,148.0
577.0,easyBike_forward2.4,easyBike,waiting,,0.0,0.0,143.0
577.0,easyBike_forward4.3,easyBike,waiting,,0.0,0.0,140.0
578.0,easyBike_forward4.2,easyBike,charging,222.0,25.8,20.0,
578.0,easyBike_forward1.3,easyBike,charging,228.0,25.79,20.0,
578.0,easyBike_forward2.3,easyBike,charging,205.0,25.8,20.0,
578.0,easyBike_forward1.4,easyBike,charging,178.0,25.8,20.0,
578.0,eRickshaw_reverse4.0,eRickshaw,waiting,,0.0,0.0,149.0
578.0,easyBike_forward2.4,easyBike,waiting,,0.0,0.0,144.0
578.0,easyBike_forward4.3,easyBike,waiting,,0.0,0.0,141.0
579.0,easyBike_forward4.2,easyBike,charging,223.0,25.8,20.0,
579.0,easyBike_forward1.3,easyBike,charging,229.0,25.79,20.0,
579.0,easyBike_forward2.3,easyBike,charging,206.0,25.8,20.0,
579.0,easyBike_forward1.4,easyBike,charging,179.0,25.8,20.0,
579.0,eRickshaw_reverse4.0,eRickshaw,waiting,,0.0,0.0,150.0
579.0,easyBike_forward2.4,easyBike,waiting,,0.0,0.0,145.0
579.0,easyBike_forward4.3,easyBike,waiting,,0.0,0.0,142.0
580.0,easyBike_forward4.2,easyBike,charging,224.0,25.8,20.0,
580.0,easyBike_forward1.3,easyBike,charging,230.0,25.79,20.0,
580.0,easyBike_forward2.3,easyBike,charging,207.0,25.8,20.0,
580.0,easyBike_forward1.4,easyBike,charging,180.0,25.8,20.0,
580.0,eRickshaw_reverse4.0,eRickshaw,waiting,,0.0,0.0,151.0
580.0,easyBike_forward2.4,easyBike,waiting,,0.0,0.0,146.0
580.0,easyBike_forward4.3,easyBike,waiting,,0.0,0.0,143.0
581.0,easyBike_forward4.2,easyBike,charging,225.0,25.8,20.0,
581.0,easyBike_forward1.3,easyBike,charging,231.0,25.79,20.0,
581.0,easyBike_forward2.3,easyBike,charging,208.0,25.8,20.0,
581.0,easyBike_forward1.4,easyBike,charging,181.0,25.8,20.0,
581.0,eRickshaw_reverse4.0,eRickshaw,waiting,,0.0,0.0,152.0
581.0,easyBike_forward2.4,easyBike,waiting,,0.0,0.0,147.0
581.0,easyBike_forward4.3,easyBike,waiting,,0.0,0.0,144.0
582.0,easyBike_forward4.2,easyBike,charging,226.0,25.8,20.0,
582.0,easyBike_forward1.3,easyBike,charging,232.0,25.79,20.0,
582.0,easyBike_forward2.3,easyBike,charging,209.0,25.8,20.0,
582.0,easyBike_forward1.4,easyBike,charging,182.0,25.8,20.0,
582.0,eRickshaw_reverse4.0,eRickshaw,waiting,,0.0,0.0,153.0
582.0,easyBike_forward2.4,easyBike,waiting,,0.0,0.0,148.0
582.0,easyBike_forward4.3,easyBike,waiting,,0.0,0.0,145.0
583.0,easyBike_forward4.2,easyBike,charging,227.0,25.8,20.0,
583.0,easyBike_forward1.3,easyBike,charging,233.0,25.79,20.0,
583.0,easyBike_forward2.3,easyBike,charging,210.0,25.8,20.0,
583.0,easyBike_forward1.4,easyBike,charging,183.0,25.8,20.0,
583.0,eRickshaw_reverse4.0,eRickshaw,waiting,,0.0,0.0,154.0
583.0,easyBike_forward2.4,easyBike,waiting,,0.0,0.0,149.0
583.0,easyBike_forward4.3,easyBike,waiting,,0.0,0.0,146.0
584.0,easyBike_forward4.2,easyBike,charging,228.0,25.8,20.0,
584.0,easyBike_forward1.3,easyBike,charging,234.0,25.79,20.0,
584.0,easyBike_forward2.3,easyBike,charging,211.0,25.8,20.0,
584.0,easyBike_forward1.4,easyBike,charging,184.0,25.8,20.0,
584.0,eRickshaw_reverse4.0,eRickshaw,waiting,,0.0,0.0,155.0
584.0,easyBike_forward2.4,easyBike,waiting,,0.0,0.0,150.0
584.0,easyBike_forward4.3,easyBike,waiting,,0.0,0.0,147.0
585.0,easyBike_forward4.2,easyBike,charging,229.0,25.8,20.0,
585.0,easyBike_forward1.3,easyBike,charging,235.0,25.79,20.0,
585.0,easyBike_forward2.3,easyBike,charging,212.0,25.8,20.0,
585.0,easyBike_forward1.4,easyBike,charging,185.0,25.8,20.0,
585.0,eRickshaw_reverse4.0,eRickshaw,waiting,,0.0,0.0,156.0
585.0,easyBike_forward2.4,easyBike,waiting,,0.0,0.0,151.0
585.0,easyBike_forward4.3,easyBike,waiting,,0.0,0.0,148.0
586.0,easyBike_forward4.2,easyBike,charging,230.0,25.8,20.0,
586.0,easyBike_forward1.3,easyBike,charging,236.0,25.79,20.0,
586.0,easyBike_forward2.3,easyBike,charging,213.0,25.8,20.0,
586.0,easyBike_forward1.4,easyBike,charging,186.0,25.8,20.0,
586.0,eRickshaw_reverse4.0,eRickshaw,waiting,,0.0,0.0,157.0
586.0,easyBike_forward2.4,easyBike,waiting,,0.0,0.0,152.0
586.0,easyBike_forward4.3,easyBike,waiting,,0.0,0.0,149.0
587.0,easyBike_forward4.2,easyBike,charging,231.0,25.8,20.0,
587.0,easyBike_forward1.3,easyBike,charging,237.0,25.79,20.0,
587.0,easyBike_forward2.3,easyBike,charging,214.0,25.8,20.0,
587.0,easyBike_forward1.4,easyBike,charging,187.0,25.8,20.0,
587.0,eRickshaw_reverse4.0,eRickshaw,waiting,,0.0,0.0,158.0
587.0,easyBike_forward2.4,easyBike,waiting,,0.0,0.0,153.0
587.0,easyBike_forward4.3,easyBike,waiting,,0.0,0.0,150.0
588.0,easyBike_forward4.2,easyBike,charging,232.0,25.8,20.0,
588.0,easyBike_forward1.3,easyBike,charging,238.0,25.79,20.0,
588.0,easyBike_forward2.3,easyBike,charging,215.0,25.8,20.0,
588.0,easyBike_forward1.4,easyBike,charging,188.0,25.8,20.0,
588.0,eRickshaw_reverse4.0,eRickshaw,waiting,,0.0,0.0,159.0
588.0,easyBike_forward2.4,easyBike,waiting,,0.0,0.0,154.0
588.0,easyBike_forward4.3,easyBike,waiting,,0.0,0.0,151.0
589.0,easyBike_forward4.2,easyBike,charging,233.0,25.8,20.0,
589.0,easyBike_forward1.3,easyBike,charging,239.0,25.79,20.0,
589.0,easyBike_forward2.3,easyBike,charging,216.0,25.8,20.0,
589.0,easyBike_forward1.4,easyBike,charging,189.0,25.8,20.0,
589.0,eRickshaw_reverse4.0,eRickshaw,waiting,,0.0,0.0,160.0
589.0,easyBike_forward2.4,easyBike,waiting,,0.0,0.0,155.0
589.0,easyBike_forward4.3,easyBike,waiting,,0.0,0.0,152.0
590.0,easyBike_forward4.2,easyBike,charging,234.0,25.8,20.0,
590.0,easyBike_forward1.3,easyBike,charging,240.0,25.79,20.0,
590.0,easyBike_forward2.3,easyBike,charging,217.0,25.8,20.0,
590.0,easyBike_forward1.4,easyBike,charging,190.0,25.8,20.0,
590.0,eRickshaw_reverse4.0,eRickshaw,waiting,,0.0,0.0,161.0
590.0,easyBike_forward2.4,easyBike,waiting,,0.0,0.0,156.0
590.0,easyBike_forward4.3,easyBike,waiting,,0.0,0.0,153.0
591.0,easyBike_forward4.2,easyBike,charging,235.0,25.8,20.0,
591.0,easyBike_forward1.3,easyBike,charging,241.0,25.79,20.0,
591.0,easyBike_forward2.3,easyBike,charging,218.0,25.8,20.0,
591.0,easyBike_forward1.4,easyBike,charging,191.0,25.8,20.0,
591.0,eRickshaw_reverse4.0,eRickshaw,waiting,,0.0,0.0,162.0
591.0,easyBike_forward2.4,easyBike,waiting,,0.0,0.0,157.0
591.0,easyBike_forward4.3,easyBike,waiting,,0.0,0.0,154.0
592.0,easyBike_forward4.2,easyBike,charging,236.0,25.8,20.0,
592.0,easyBike_forward1.3,easyBike,charging,242.0,25.79,20.0,
592.0,easyBike_forward2.3,easyBike,charging,219.0,25.8,20.0,
592.0,easyBike_forward1.4,easyBike,charging,192.0,25.8,20.0,
592.0,eRickshaw_reverse4.0,eRickshaw,waiting,,0.0,0.0,163.0
592.0,easyBike_forward2.4,easyBike,waiting,,0.0,0.0,158.0
592.0,easyBike_forward4.3,easyBike,waiting,,0.0,0.0,155.0
593.0,easyBike_forward4.2,easyBike,charging,237.0,25.8,20.0,
593.0,easyBike_forward1.3,easyBike,charging,243.0,25.79,20.0,
593.0,easyBike_forward2.3,easyBike,charging,220.0,25.8,20.0,
593.0,easyBike_forward1.4,easyBike,charging,193.0,25.8,20.0,
593.0,eRickshaw_reverse4.0,eRickshaw,waiting,,0.0,0.0,164.0
593.0,easyBike_forward2.4,easyBike,waiting,,0.0,0.0,159.0
593.0,easyBike_forward4.3,easyBike,waiting,,0.0,0.0,156.0
594.0,easyBike_forward4.2,easyBike,charging,238.0,25.8,20.0,
594.0,easyBike_forward1.3,easyBike,charging,244.0,25.79,20.0,
594.0,easyBike_forward2.3,easyBike,charging,221.0,25.8,20.0,
594.0,easyBike_forward1.4,easyBike,charging,194.0,25.8,20.0,
594.0,eRickshaw_reverse4.0,eRickshaw,waiting,,0.0,0.0,165.0
594.0,easyBike_forward2.4,easyBike,waiting,,0.0,0.0,160.0
594.0,easyBike_forward4.3,easyBike,waiting,,0.0,0.0,157.0
595.0,easyBike_forward4.2,easyBike,charging,239.0,25.8,20.0,
595.0,easyBike_forward1.3,easyBike,charging,245.0,25.79,20.0,
595.0,easyBike_forward2.3,easyBike,charging,222.0,25.8,20.0,
595.0,easyBike_forward1.4,easyBike,charging,195.0,25.8,20.0,
595.0,eRickshaw_reverse4.0,eRickshaw,waiting,,0.0,0.0,166.0
595.0,easyBike_forward2.4,easyBike,waiting,,0.0,0.0,161.0
595.0,easyBike_forward4.3,easyBike,waiting,,0.0,0.0,158.0
596.0,easyBike_forward4.2,easyBike,charging,240.0,25.8,20.0,
596.0,easyBike_forward1.3,easyBike,charging,246.0,25.79,20.0,
596.0,easyBike_forward2.3,easyBike,charging,223.0,25.8,20.0,
596.0,easyBike_forward1.4,easyBike,charging,196.0,25.8,20.0,
596.0,eRickshaw_reverse4.0,eRickshaw,waiting,,0.0,0.0,167.0
596.0,easyBike_forward2.4,easyBike,waiting,,0.0,0.0,162.0
596.0,easyBike_forward4.3,easyBike,waiting,,0.0,0.0,159.0
597.0,easyBike_forward4.2,easyBike,charging,241.0,25.8,20.0,
597.0,easyBike_forward1.3,easyBike,charging,247.0,25.79,20.0,
597.0,easyBike_forward2.3,easyBike,charging,224.0,25.8,20.0,
597.0,easyBike_forward1.4,easyBike,charging,197.0,25.8,20.0,
597.0,eRickshaw_reverse4.0,eRickshaw,waiting,,0.0,0.0,168.0
597.0,easyBike_forward2.4,easyBike,waiting,,0.0,0.0,163.0
597.0,easyBike_forward4.3,easyBike,waiting,,0.0,0.0,160.0
598.0,easyBike_forward4.2,easyBike,charging,242.0,25.8,20.0,
598.0,easyBike_forward1.3,easyBike,charging,248.0,25.79,20.0,
598.0,easyBike_forward2.3,easyBike,charging,225.0,25.8,20.0,
598.0,easyBike_forward1.4,easyBike,charging,198.0,25.8,20.0,
598.0,eRickshaw_reverse4.0,eRickshaw,waiting,,0.0,0.0,169.0
598.0,easyBike_forward2.4,easyBike,waiting,,0.0,0.0,164.0
598.0,easyBike_forward4.3,easyBike,waiting,,0.0,0.0,161.0
599.0,easyBike_forward4.2,easyBike,charging,243.0,25.8,20.0,
599.0,easyBike_forward1.3,easyBike,charging,249.0,25.79,20.0,
599.0,easyBike_forward2.3,easyBike,charging,226.0,25.8,20.0,
599.0,easyBike_forward1.4,easyBike,charging,199.0,25.8,20.0,
599.0,eRickshaw_reverse4.0,eRickshaw,waiting,,0.0,0.0,170.0
599.0,easyBike_forward2.4,easyBike,waiting,,0.0,0.0,165.0
599.0,easyBike_forward4.3,easyBike,waiting,,0.0,0.0,162.0
600.0,easyBike_forward4.2,easyBike,charging,244.0,25.8,20.0,
600.0,easyBike_forward1.3,easyBike,charging,250.0,25.79,20.0,
600.0,easyBike_forward2.3,easyBike,charging,227.0,25.8,20.0,
600.0,easyBike_forward1.4,easyBike,charging,200.0,25.8,20.0,
600.0,eRickshaw_reverse4.0,eRickshaw,waiting,,0.0,0.0,171.0
600.0,easyBike_forward2.4,easyBike,waiting,,0.0,0.0,166.0
600.0,easyBike_forward4.3,easyBike,waiting,,0.0,0.0,163.0
413.0,eRickshaw_reverse3.1,eRickshaw,charging,0.0,29.86,25.0,
414.0,eRickshaw_reverse3.1,eRickshaw,charging,1.0,29.86,25.0,
415.0,eRickshaw_reverse3.1,eRickshaw,charging,2.0,29.86,25.0,
416.0,eRickshaw_reverse3.1,eRickshaw,charging,3.0,29.86,25.0,
417.0,eRickshaw_reverse3.1,eRickshaw,charging,4.0,29.86,25.0,
418.0,eRickshaw_reverse3.1,eRickshaw,charging,5.0,29.86,25.0,
419.0,eRickshaw_reverse3.1,eRickshaw,charging,6.0,29.86,25.0,
420.0,eRickshaw_reverse3.1,eRickshaw,charging,7.0,29.86,25.0,
421.0,eRickshaw_reverse3.1,eRickshaw,charging,8.0,29.86,25.0,
422.0,eRickshaw_reverse3.1,eRickshaw,charging,9.0,29.86,25.0,
423.0,eRickshaw_reverse3.1,eRickshaw,charging,10.0,29.86,25.0,
424.0,eRickshaw_reverse3.1,eRickshaw,charging,11.0,29.86,25.0,
425.0,eRickshaw_reverse3.1,eRickshaw,charging,12.0,29.86,25.0,
426.0,eRickshaw_reverse3.1,eRickshaw,charging,13.0,29.86,25.0,
427.0,eRickshaw_reverse3.1,eRickshaw,charging,14.0,29.86,25.0,
428.0,eRickshaw_reverse3.1,eRickshaw,charging,15.0,29.86,25.0,
429.0,eRickshaw_reverse3.1,eRickshaw,charging,16.0,29.86,25.0,
430.0,eRickshaw_reverse3.1,eRickshaw,charging,17.0,29.86,25.0,
431.0,eRickshaw_reverse3.1,eRickshaw,charging,18.0,29.86,25.0,
432.0,eRickshaw_reverse3.1,eRickshaw,charging,19.0,29.86,25.0,
433.0,eRickshaw_reverse3.1,eRickshaw,charging,20.0,29.86,25.0,
434.0,eRickshaw_reverse3.1,eRickshaw,charging,21.0,29.86,25.0,
435.0,eRickshaw_reverse3.1,eRickshaw,charging,22.0,29.86,25.0,
436.0,eRickshaw_reverse3.1,eRickshaw,charging,23.0,29.86,25.0,
437.0,eRickshaw_reverse3.1,eRickshaw,charging,24.0,29.86,25.0,
438.0,eRickshaw_reverse3.1,eRickshaw,charging,25.0,29.86,25.0,
439.0,eRickshaw_reverse3.1,eRickshaw,charging,26.0,29.86,25.0,
440.0,eRickshaw_reverse3.1,eRickshaw,charging,27.0,29.86,25.0,
441.0,eRickshaw_reverse3.1,eRickshaw,charging,28.0,29.86,25.0,
442.0,eRickshaw_reverse3.1,eRickshaw,charging,29.0,29.86,25.0,
443.0,eRickshaw_reverse3.1,eRickshaw,charging,30.0,29.86,25.0,
444.0,eRickshaw_reverse3.1,eRickshaw,charging,31.0,29.86,25.0,
445.0,eRickshaw_reverse3.1,eRickshaw,charging,32.0,29.86,25.0,
446.0,eRickshaw_reverse3.1,eRickshaw,charging,33.0,29.86,25.0,
447.0,eRickshaw_reverse3.1,eRickshaw,charging,34.0,29.86,25.0,
448.0,eRickshaw_reverse3.1,eRickshaw,charging,35.0,29.86,25.0,
449.0,eRickshaw_reverse3.1,eRickshaw,charging,36.0,29.86,25.0,
450.0,eRickshaw_reverse3.1,eRickshaw,charging,37.0,29.86,25.0,
451.0,eRickshaw_reverse3.1,eRickshaw,charging,38.0,29.86,25.0,
452.0,eRickshaw_reverse3.1,eRickshaw,charging,39.0,29.86,25.0,
453.0,eRickshaw_reverse3.1,eRickshaw,charging,40.0,29.86,25.0,
454.0,eRickshaw_reverse3.1,eRickshaw,charging,41.0,29.86,25.0,
455.0,eRickshaw_reverse3.1,eRickshaw,charging,42.0,29.86,25.0,
456.0,eRickshaw_reverse3.1,eRickshaw,charging,43.0,29.86,25.0,
457.0,eRickshaw_reverse3.1,eRickshaw,charging,44.0,29.86,25.0,
458.0,eRickshaw_reverse3.1,eRickshaw,charging,45.0,29.86,25.0,
459.0,eRickshaw_reverse3.1,eRickshaw,charging,46.0,29.86,25.0,
460.0,eRickshaw_reverse3.1,eRickshaw,charging,47.0,29.86,25.0,
461.0,eRickshaw_reverse3.1,eRickshaw,charging,48.0,29.86,25.0,
462.0,eRickshaw_reverse3.1,eRickshaw,charging,49.0,29.86,25.0,
463.0,eRickshaw_reverse3.1,eRickshaw,charging,50.0,29.86,25.0,
464.0,eRickshaw_reverse3.1,eRickshaw,charging,51.0,29.86,25.0,
465.0,eRickshaw_reverse3.1,eRickshaw,charging,52.0,29.86,25.0,
466.0,eRickshaw_reverse3.1,eRickshaw,charging,53.0,29.86,25.0,
467.0,eRickshaw_reverse3.1,eRickshaw,charging,54.0,29.86,25.0,
468.0,eRickshaw_reverse3.1,eRickshaw,charging,55.0,29.86,25.0,
469.0,eRickshaw_reverse3.1,eRickshaw,charging,56.0,29.86,25.0,
470.0,eRickshaw_reverse3.1,eRickshaw,charging,57.0,29.86,25.0,
471.0,eRickshaw_reverse3.1,eRickshaw,charging,58.0,29.86,25.0,
472.0,eRickshaw_reverse3.1,eRickshaw,charging,59.0,29.86,25.0,
473.0,eRickshaw_reverse3.1,eRickshaw,charging,60.0,29.86,25.0,
474.0,eRickshaw_reverse3.1,eRickshaw,charging,61.0,29.86,25.0,
475.0,eRickshaw_reverse3.1,eRickshaw,charging,62.0,29.86,25.0,
476.0,eRickshaw_reverse3.1,eRickshaw,charging,63.0,29.86,25.0,
477.0,eRickshaw_reverse3.1,eRickshaw,charging,64.0,29.86,25.0,
478.0,eRickshaw_reverse3.1,eRickshaw,charging,65.0,29.86,25.0,
479.0,eRickshaw_reverse3.1,eRickshaw,charging,66.0,29.86,25.0,
480.0,eRickshaw_reverse3.1,eRickshaw,charging,67.0,29.86,25.0,
481.0,eRickshaw_reverse3.1,eRickshaw,charging,68.0,29.86,25.0,
482.0,eRickshaw_reverse3.1,eRickshaw,charging,69.0,29.86,25.0,
483.0,eRickshaw_reverse3.1,eRickshaw,charging,70.0,29.86,25.0,
484.0,eRickshaw_reverse3.1,eRickshaw,charging,71.0,29.86,25.0,
485.0,eRickshaw_reverse3.1,eRickshaw,charging,72.0,29.86,25.0,
486.0,eRickshaw_reverse3.1,eRickshaw,charging,73.0,29.86,25.0,
487.0,eRickshaw_reverse3.1,eRickshaw,charging,74.0,29.86,25.0,
488.0,eRickshaw_reverse3.1,eRickshaw,charging,75.0,29.86,25.0,
489.0,eRickshaw_reverse3.1,eRickshaw,charging,76.0,29.86,25.0,
490.0,eRickshaw_reverse3.1,eRickshaw,charging,77.0,29.86,25.0,
491.0,eRickshaw_reverse3.1,eRickshaw,charging,78.0,29.86,25.0,
492.0,eRickshaw_reverse3.1,eRickshaw,charging,79.0,29.86,25.0,
493.0,eRickshaw_reverse3.1,eRickshaw,charging,80.0,29.86,25.0,
494.0,eRickshaw_reverse3.1,eRickshaw,charging,81.0,29.86,25.0,
495.0,eRickshaw_reverse3.1,eRickshaw,charging,82.0,29.86,25.0,
496.0,eRickshaw_reverse3.1,eRickshaw,charging,83.0,29.86,25.0,
497.0,eRickshaw_reverse3.1,eRickshaw,charging,84.0,29.86,25.0,
498.0,eRickshaw_reverse3.1,eRickshaw,charging,85.0,29.86,25.0,
499.0,eRickshaw_reverse3.1,eRickshaw,charging,86.0,29.86,25.0,
500.0,eRickshaw_reverse3.1,eRickshaw,charging,87.0,29.86,25.0,
501.0,eRickshaw_reverse3.1,eRickshaw,charging,88.0,29.86,25.0,
502.0,eRickshaw_reverse3.1,eRickshaw,charging,89.0,29.86,25.0,
503.0,eRickshaw_reverse3.1,eRickshaw,charging,90.0,29.86,25.0,
504.0,eRickshaw_reverse3.1,eRickshaw,charging,91.0,29.86,25.0,
505.0,eRickshaw_reverse3.1,eRickshaw,charging,92.0,29.86,25.0,
506.0,eRickshaw_reverse3.1,eRickshaw,charging,93.0,29.86,25.0,
507.0,eRickshaw_reverse3.1,eRickshaw,charging,94.0,29.86,25.0,
508.0,eRickshaw_reverse3.1,eRickshaw,charging,95.0,29.86,25.0,
509.0,eRickshaw_reverse3.1,eRickshaw,charging,96.0,29.86,25.0,
510.0,eRickshaw_reverse3.1,eRickshaw,charging,97.0,29.86,25.0,
511.0,eRickshaw_reverse3.1,eRickshaw,charging,98.0,29.86,25.0,
512.0,eRickshaw_reverse3.1,eRickshaw,charging,99.0,29.86,25.0,
513.0,eRickshaw_reverse3.1,eRickshaw,charging,100.0,29.86,25.0,
514.0,eRickshaw_reverse3.1,eRickshaw,charging,101.0,29.86,25.0,
515.0,eRickshaw_reverse3.1,eRickshaw,charging,102.0,29.86,25.0,
516.0,eRickshaw_reverse3.2,eRickshaw,charging,0.0,29.86,25.0,
516.0,eRickshaw_reverse3.1,eRickshaw,charging,103.0,29.86,25.0,
517.0,eRickshaw_reverse3.2,eRickshaw,charging,1.0,29.86,25.0,
517.0,eRickshaw_reverse3.1,eRickshaw,charging,104.0,29.86,25.0,
518.0,eRickshaw_reverse3.2,eRickshaw,charging,2.0,29.86,25.0,
518.0,eRickshaw_reverse3.1,eRickshaw,charging,105.0,29.86,25.0,
519.0,eRickshaw_reverse3.2,eRickshaw,charging,3.0,29.86,25.0,
519.0,eRickshaw_reverse3.1,eRickshaw,charging,106.0,29.86,25.0,
520.0,eRickshaw_reverse3.2,eRickshaw,charging,4.0,29.86,25.0,
520.0,eRickshaw_reverse3.1,eRickshaw,charging,107.0,29.86,25.0,
521.0,eRickshaw_reverse3.2,eRickshaw,charging,5.0,29.86,25.0,
521.0,eRickshaw_reverse3.1,eRickshaw,charging,108.0,29.86,25.0,
522.0,eRickshaw_reverse3.2,eRickshaw,charging,6.0,29.86,25.0,
522.0,eRickshaw_reverse3.1,eRickshaw,charging,109.0,29.86,25.0,
523.0,eRickshaw_reverse3.2,eRickshaw,charging,7.0,29.86,25.0,
523.0,eRickshaw_reverse3.1,eRickshaw,charging,110.0,29.86,25.0,
524.0,eRickshaw_reverse3.2,eRickshaw,charging,8.0,29.86,25.0,
524.0,eRickshaw_reverse3.1,eRickshaw,charging,111.0,29.86,25.0,
525.0,eRickshaw_reverse3.2,eRickshaw,charging,9.0,29.86,25.0,
525.0,eRickshaw_reverse3.1,eRickshaw,charging,112.0,29.86,25.0,
526.0,eRickshaw_reverse3.2,eRickshaw,charging,10.0,29.86,25.0,
526.0,eRickshaw_reverse3.1,eRickshaw,charging,113.0,29.86,25.0,
527.0,eRickshaw_reverse3.2,eRickshaw,charging,11.0,29.86,25.0,
527.0,eRickshaw_reverse3.1,eRickshaw,charging,114.0,29.86,25.0,
528.0,eRickshaw_reverse3.2,eRickshaw,charging,12.0,29.86,25.0,
528.0,eRickshaw_reverse3.1,eRickshaw,charging,115.0,29.86,25.0,
529.0,eRickshaw_reverse3.2,eRickshaw,charging,13.0,29.86,25.0,
529.0,eRickshaw_reverse3.1,eRickshaw,charging,116.0,29.86,25.0,
530.0,eRickshaw_reverse3.2,eRickshaw,charging,14.0,29.86,25.0,
530.0,eRickshaw_reverse3.1,eRickshaw,charging,117.0,29.86,25.0,
531.0,eRickshaw_reverse3.2,eRickshaw,charging,15.0,29.86,25.0,
531.0,eRickshaw_reverse3.1,eRickshaw,charging,118.0,29.86,25.0,
532.0,eRickshaw_reverse3.2,eRickshaw,charging,16.0,29.86,25.0,
532.0,eRickshaw_reverse3.1,eRickshaw,charging,119.0,29.86,25.0,
533.0,eRickshaw_reverse3.2,eRickshaw,charging,17.0,29.86,25.0,
533.0,eRickshaw_reverse3.1,eRickshaw,charging,120.0,29.86,25.0,
534.0,eRickshaw_reverse3.2,eRickshaw,charging,18.0,29.86,25.0,
534.0,eRickshaw_reverse3.1,eRickshaw,charging,121.0,29.86,25.0,
535.0,eRickshaw_reverse3.2,eRickshaw,charging,19.0,29.86,25.0,
535.0,eRickshaw_reverse3.1,eRickshaw,charging,122.0,29.86,25.0,
536.0,eRickshaw_reverse3.2,eRickshaw,charging,20.0,29.86,25.0,
536.0,eRickshaw_reverse3.1,eRickshaw,charging,123.0,29.86,25.0,
537.0,eRickshaw_reverse3.2,eRickshaw,charging,21.0,29.86,25.0,
537.0,eRickshaw_reverse3.1,eRickshaw,charging,124.0,29.86,25.0,
538.0,eRickshaw_reverse3.2,eRickshaw,charging,22.0,29.86,25.0,
538.0,eRickshaw_reverse3.1,eRickshaw,charging,125.0,29.86,25.0,
539.0,eRickshaw_reverse3.2,eRickshaw,charging,23.0,29.86,25.0,
539.0,eRickshaw_reverse3.1,eRickshaw,charging,126.0,29.86,25.0,
540.0,eRickshaw_reverse3.2,eRickshaw,charging,24.0,29.86,25.0,
540.0,eRickshaw_reverse3.1,eRickshaw,charging,127.0,29.86,25.0,
541.0,eRickshaw_reverse3.2,eRickshaw,charging,25.0,29.86,25.0,
541.0,eRickshaw_reverse3.1,eRickshaw,charging,128.0,29.86,25.0,
542.0,eRickshaw_reverse3.2,eRickshaw,charging,26.0,29.86,25.0,
542.0,eRickshaw_reverse3.1,eRickshaw,charging,129.0,29.86,25.0,
543.0,eRickshaw_reverse3.2,eRickshaw,charging,27.0,29.86,25.0,
543.0,eRickshaw_reverse3.1,eRickshaw,charging,130.0,29.86,25.0,
544.0,eRickshaw_reverse3.2,eRickshaw,charging,28.0,29.86,25.0,
544.0,eRickshaw_reverse3.1,eRickshaw,charging,131.0,29.86,25.0,
545.0,eRickshaw_reverse3.2,eRickshaw,charging,29.0,29.86,25.0,
545.0,eRickshaw_reverse3.1,eRickshaw,charging,132.0,29.86,25.0,
546.0,eRickshaw_reverse3.2,eRickshaw,charging,30.0,29.86,25.0,
546.0,eRickshaw_reverse3.1,eRickshaw,charging,133.0,29.86,25.0,
547.0,eRickshaw_reverse3.2,eRickshaw,charging,31.0,29.86,25.0,
547.0,eRickshaw_reverse3.1,eRickshaw,charging,134.0,29.86,25.0,
548.0,eRickshaw_reverse3.2,eRickshaw,charging,32.0,29.86,25.0,
548.0,eRickshaw_reverse3.1,eRickshaw,charging,135.0,29.86,25.0,
549.0,eRickshaw_reverse3.2,eRickshaw,charging,33.0,29.86,25.0,
549.0,eRickshaw_reverse3.1,eRickshaw,charging,136.0,29.86,25.0,
550.0,eRickshaw_reverse3.2,eRickshaw,charging,34.0,29.86,25.0,
550.0,eRickshaw_reverse3.1,eRickshaw,charging,137.0,29.86,25.0,
551.0,eRickshaw_reverse3.2,eRickshaw,charging,35.0,29.86,25.0,
551.0,eRickshaw_reverse3.1,eRickshaw,charging,138.0,29.86,25.0,
552.0,eRickshaw_reverse3.2,eRickshaw,charging,36.0,29.86,25.0,
552.0,eRickshaw_reverse3.1,eRickshaw,charging,139.0,29.86,25.0,
553.0,eRickshaw_reverse3.2,eRickshaw,charging,37.0,29.86,25.0,
553.0,eRickshaw_reverse3.1,eRickshaw,charging,140.0,29.86,25.0,
554.0,eRickshaw_reverse3.2,eRickshaw,charging,38.0,29.86,25.0,
554.0,eRickshaw_reverse3.1,eRickshaw,charging,141.0,29.86,25.0,
555.0,eRickshaw_reverse3.2,eRickshaw,charging,39.0,29.86,25.0,
555.0,eRickshaw_reverse3.1,eRickshaw,charging,142.0,29.86,25.0,
556.0,eRickshaw_reverse3.2,eRickshaw,charging,40.0,29.86,25.0,
556.0,eRickshaw_reverse3.1,eRickshaw,charging,143.0,29.86,25.0,
557.0,eRickshaw_reverse3.2,eRickshaw,charging,41.0,29.86,25.0,
557.0,eRickshaw_reverse3.1,eRickshaw,charging,144.0,29.86,25.0,
558.0,eRickshaw_reverse3.2,eRickshaw,charging,42.0,29.86,25.0,
558.0,eRickshaw_reverse3.1,eRickshaw,charging,145.0,29.86,25.0,
559.0,eRickshaw_reverse3.2,eRickshaw,charging,43.0,29.86,25.0,
559.0,eRickshaw_reverse3.1,eRickshaw,charging,146.0,29.86,25.0,
560.0,eRickshaw_reverse3.2,eRickshaw,charging,44.0,29.86,25.0,
560.0,eRickshaw_reverse3.1,eRickshaw,charging,147.0,29.86,25.0,
561.0,eRickshaw_reverse3.2,eRickshaw,charging,45.0,29.86,25.0,
561.0,eRickshaw_reverse3.1,eRickshaw,charging,148.0,29.86,25.0,
562.0,eRickshaw_reverse3.2,eRickshaw,charging,46.0,29.86,25.0,
562.0,eRickshaw_reverse3.1,eRickshaw,charging,149.0,29.86,25.0,
563.0,eRickshaw_reverse3.2,eRickshaw,charging,47.0,29.86,25.0,
563.0,eRickshaw_reverse3.1,eRickshaw,charging,150.0,29.86,25.0,
564.0,eRickshaw_reverse3.2,eRickshaw,charging,48.0,29.86,25.0,
564.0,eRickshaw_reverse3.1,eRickshaw,charging,151.0,29.86,25.0,
565.0,eRickshaw_reverse3.2,eRickshaw,charging,49.0,29.86,25.0,
565.0,eRickshaw_reverse3.1,eRickshaw,charging,152.0,29.86,25.0,
566.0,eRickshaw_reverse3.2,eRickshaw,charging,50.0,29.86,25.0,
566.0,eRickshaw_reverse3.1,eRickshaw,charging,153.0,29.86,25.0,
567.0,eRickshaw_reverse3.2,eRickshaw,charging,51.0,29.86,25.0,
567.0,eRickshaw_reverse3.1,eRickshaw,charging,154.0,29.86,25.0,
568.0,eRickshaw_reverse3.2,eRickshaw,charging,52.0,29.86,25.0,
568.0,eRickshaw_reverse3.1,eRickshaw,charging,155.0,29.86,25.0,
569.0,eRickshaw_reverse3.2,eRickshaw,charging,53.0,29.86,25.0,
569.0,eRickshaw_reverse3.1,eRickshaw,charging,156.0,29.86,25.0,
570.0,eRickshaw_reverse3.2,eRickshaw,charging,54.0,29.86,25.0,
570.0,eRickshaw_reverse3.1,eRickshaw,charging,157.0,29.86,25.0,
571.0,eRickshaw_reverse3.2,eRickshaw,charging,55.0,29.86,25.0,
571.0,eRickshaw_reverse3.1,eRickshaw,charging,158.0,29.86,25.0,
572.0,eRickshaw_reverse3.2,eRickshaw,charging,56.0,29.86,25.0,
572.0,eRickshaw_reverse3.1,eRickshaw,charging,159.0,29.86,25.0,
573.0,eRickshaw_reverse3.2,eRickshaw,charging,57.0,29.86,25.0,
573.0,eRickshaw_reverse3.1,eRickshaw,charging,160.0,29.86,25.0,
574.0,eRickshaw_reverse3.2,eRickshaw,charging,58.0,29.86,25.0,
574.0,eRickshaw_reverse3.1,eRickshaw,charging,161.0,29.86,25.0,
575.0,eRickshaw_reverse3.2,eRickshaw,charging,59.0,29.86,25.0,
575.0,eRickshaw_reverse3.1,eRickshaw,charging,162.0,29.86,25.0,
576.0,eRickshaw_reverse3.2,eRickshaw,charging,60.0,29.86,25.0,
576.0,eRickshaw_reverse3.1,eRickshaw,charging,163.0,29.86,25.0,
577.0,eRickshaw_reverse3.2,eRickshaw,charging,61.0,29.86,25.0,
577.0,eRickshaw_reverse3.1,eRickshaw,charging,164.0,29.86,25.0,
578.0,eRickshaw_reverse3.2,eRickshaw,charging,62.0,29.86,25.0,
578.0,eRickshaw_reverse3.1,eRickshaw,charging,165.0,29.86,25.0,
579.0,eRickshaw_reverse3.2,eRickshaw,charging,63.0,29.86,25.0,
579.0,eRickshaw_reverse3.1,eRickshaw,charging,166.0,29.86,25.0,
580.0,eRickshaw_reverse3.2,eRickshaw,charging,64.0,29.86,25.0,
580.0,eRickshaw_reverse3.1,eRickshaw,charging,167.0,29.86,25.0,
581.0,eRickshaw_reverse3.2,eRickshaw,charging,65.0,29.86,25.0,
581.0,eRickshaw_reverse3.1,eRickshaw,charging,168.0,29.86,25.0,
582.0,eRickshaw_reverse3.2,eRickshaw,charging,66.0,29.86,25.0,
582.0,eRickshaw_reverse3.1,eRickshaw,charging,169.0,29.86,25.0,
583.0,eRickshaw_reverse3.2,eRickshaw,charging,67.0,29.86,25.0,
583.0,eRickshaw_reverse3.1,eRickshaw,charging,170.0,29.86,25.0,
584.0,eRickshaw_reverse3.2,eRickshaw,charging,68.0,29.86,25.0,
584.0,eRickshaw_reverse3.1,eRickshaw,charging,171.0,29.86,25.0,
585.0,eRickshaw_reverse3.2,eRickshaw,charging,69.0,29.86,25.0,
585.0,eRickshaw_reverse3.1,eRickshaw,charging,172.0,29.86,25.0,
586.0,eRickshaw_reverse3.2,eRickshaw,charging,70.0,29.86,25.0,
586.0,eRickshaw_reverse3.1,eRickshaw,charging,173.0,29.86,25.0,
587.0,eRickshaw_reverse3.2,eRickshaw,charging,71.0,29.86,25.0,
587.0,eRickshaw_reverse3.1,eRickshaw,charging,174.0,29.86,25.0,
588.0,eRickshaw_reverse3.2,eRickshaw,charging,72.0,29.86,25.0,
588.0,eRickshaw_reverse3.1,eRickshaw,charging,175.0,29.86,25.0,
589.0,eRickshaw_reverse3.2,eRickshaw,charging,73.0,29.86,25.0,
589.0,eRickshaw_reverse3.1,eRickshaw,charging,176.0,29.86,25.0,
590.0,eRickshaw_reverse3.2,eRickshaw,charging,74.0,29.86,25.0,
590.0,eRickshaw_reverse3.1,eRickshaw,charging,177.0,29.86,25.0,
591.0,eRickshaw_reverse3.2,eRickshaw,charging,75.0,29.86,25.0,
591.0,eRickshaw_reverse3.1,eRickshaw,charging,178.0,29.86,25.0,
592.0,eRickshaw_reverse3.2,eRickshaw,charging,76.0,29.86,25.0,
592.0,eRickshaw_reverse3.1,eRickshaw,charging,179.0,29.86,25.0,
593.0,eRickshaw_reverse3.2,eRickshaw,charging,77.0,29.86,25.0,
593.0,eRickshaw_reverse3.1,eRickshaw,charging,180.0,29.86,25.0,
594.0,eRickshaw_reverse3.2,eRickshaw,charging,78.0,29.86,25.0,
594.0,eRickshaw_reverse3.1,eRickshaw,charging,181.0,29.86,25.0,
595.0,eRickshaw_reverse3.2,eRickshaw,charging,79.0,29.86,25.0,
595.0,eRickshaw_reverse3.1,eRickshaw,charging,182.0,29.86,25.0,
596.0,eRickshaw_reverse3.2,eRickshaw,charging,80.0,29.86,25.0,
596.0,eRickshaw_reverse3.1,eRickshaw,charging,183.0,29.86,25.0,
597.0,eRickshaw_reverse3.2,eRickshaw,charging,81.0,29.86,25.0,
597.0,eRickshaw_reverse3.1,eRickshaw,charging,184.0,29.86,25.0,
598.0,eRickshaw_reverse3.2,eRickshaw,charging,82.0,29.86,25.0,
598.0,eRickshaw_reverse3.1,eRickshaw,charging,185.0,29.86,25.0,
599.0,eRickshaw_reverse3.2,eRickshaw,charging,83.0,29.86,25.0,
599.0,eRickshaw_reverse3.1,eRickshaw,charging,186.0,29.86,25.0,
600.0,eRickshaw_reverse3.2,eRickshaw,charging,84.0,29.86,25.0,
600.0,eRickshaw_reverse3.1,eRickshaw,charging,187.0,29.86,25.0,
477.0,eRickshaw_reverse1.1,eRickshaw,charging,0.0,29.6,20.0,
478.0,eRickshaw_reverse1.1,eRickshaw,charging,1.0,29.6,20.0,
479.0,eRickshaw_reverse1.1,eRickshaw,charging,2.0,29.6,20.0,
480.0,eRickshaw_reverse1.1,eRickshaw,charging,3.0,29.6,20.0,
481.0,eRickshaw_reverse1.1,eRickshaw,charging,4.0,29.6,20.0,
482.0,eRickshaw_reverse1.1,eRickshaw,charging,5.0,29.6,20.0,
483.0,eRickshaw_reverse1.1,eRickshaw,charging,6.0,29.6,20.0,
484.0,eRickshaw_reverse1.1,eRickshaw,charging,7.0,29.6,20.0,
485.0,eRickshaw_reverse1.1,eRickshaw,charging,8.0,29.6,20.0,
486.0,eRickshaw_reverse1.1,eRickshaw,charging,9.0,29.6,20.0,
487.0,eRickshaw_reverse1.1,eRickshaw,charging,10.0,29.6,20.0,
488.0,eRickshaw_reverse1.1,eRickshaw,charging,11.0,29.6,20.0,
489.0,eRickshaw_reverse1.1,eRickshaw,charging,12.0,29.6,20.0,
490.0,eRickshaw_reverse1.1,eRickshaw,charging,13.0,29.6,20.0,
491.0,eRickshaw_reverse1.1,eRickshaw,charging,14.0,29.6,20.0,
492.0,eRickshaw_reverse1.1,eRickshaw,charging,15.0,29.6,20.0,
493.0,eRickshaw_reverse1.1,eRickshaw,charging,16.0,29.6,20.0,
494.0,eRickshaw_reverse1.1,eRickshaw,charging,17.0,29.6,20.0,
495.0,eRickshaw_reverse1.1,eRickshaw,charging,18.0,29.6,20.0,
496.0,easyBike_reverse1.8,easyBike,charging,0.0,25.83,20.0,
496.0,eRickshaw_reverse1.1,eRickshaw,charging,19.0,29.6,20.0,
497.0,easyBike_reverse1.8,easyBike,charging,1.0,25.83,20.0,
497.0,eRickshaw_reverse1.1,eRickshaw,charging,20.0,29.6,20.0,
498.0,easyBike_reverse1.8,easyBike,charging,2.0,25.83,20.0,
498.0,eRickshaw_reverse1.1,eRickshaw,charging,21.0,29.6,20.0,
499.0,easyBike_reverse1.8,easyBike,charging,3.0,25.83,20.0,
499.0,eRickshaw_reverse1.1,eRickshaw,charging,22.0,29.6,20.0,
500.0,easyBike_reverse1.8,easyBike,charging,4.0,25.83,20.0,
500.0,eRickshaw_reverse1.1,eRickshaw,charging,23.0,29.6,20.0,
501.0,easyBike_reverse1.8,easyBike,charging,5.0,25.83,20.0,
501.0,eRickshaw_reverse1.1,eRickshaw,charging,24.0,29.6,20.0,
502.0,easyBike_reverse1.8,easyBike,charging,6.0,25.83,20.0,
502.0,eRickshaw_reverse1.1,eRickshaw,charging,25.0,29.6,20.0,
503.0,easyBike_reverse1.8,easyBike,charging,7.0,25.83,20.0,
503.0,eRickshaw_reverse1.1,eRickshaw,charging,26.0,29.6,20.0,
504.0,easyBike_reverse1.8,easyBike,charging,8.0,25.83,20.0,
504.0,eRickshaw_reverse1.1,eRickshaw,charging,27.0,29.6,20.0,
505.0,easyBike_reverse1.8,easyBike,charging,9.0,25.82,20.0,
505.0,eRickshaw_reverse1.1,eRickshaw,charging,28.0,29.6,20.0,
506.0,easyBike_reverse1.8,easyBike,charging,10.0,25.82,20.0,
506.0,eRickshaw_reverse1.1,eRickshaw,charging,29.0,29.6,20.0,
506.0,eRickshaw_reverse4.1,eRickshaw,charging,0.0,29.79,20.0,
507.0,easyBike_reverse1.8,easyBike,charging,11.0,25.82,20.0,
507.0,eRickshaw_reverse1.1,eRickshaw,charging,30.0,29.6,20.0,
507.0,eRickshaw_reverse4.1,eRickshaw,charging,1.0,29.78,20.0,
508.0,easyBike_reverse1.8,easyBike,charging,12.0,25.82,20.0,
508.0,eRickshaw_reverse1.1,eRickshaw,charging,31.0,29.6,20.0,
508.0,eRickshaw_reverse4.1,eRickshaw,charging,2.0,29.78,20.0,
509.0,easyBike_reverse1.8,easyBike,charging,13.0,25.82,20.0,
509.0,eRickshaw_reverse1.1,eRickshaw,charging,32.0,29.6,20.0,
509.0,eRickshaw_reverse4.1,eRickshaw,charging,3.0,29.78,20.0,
510.0,easyBike_reverse1.8,easyBike,charging,14.0,25.82,20.0,
510.0,eRickshaw_reverse1.1,eRickshaw,charging,33.0,29.6,20.0,
510.0,eRickshaw_reverse4.1,eRickshaw,charging,4.0,29.78,20.0,
511.0,easyBike_reverse1.8,easyBike,charging,15.0,25.82,20.0,
511.0,eRickshaw_reverse1.1,eRickshaw,charging,34.0,29.6,20.0,
511.0,eRickshaw_reverse4.1,eRickshaw,charging,5.0,29.78,20.0,
512.0,easyBike_reverse1.8,easyBike,charging,16.0,25.82,20.0,
512.0,eRickshaw_reverse1.1,eRickshaw,charging,35.0,29.6,20.0,
512.0,eRickshaw_reverse4.1,eRickshaw,charging,6.0,29.78,20.0,
513.0,easyBike_reverse1.8,easyBike,charging,17.0,25.82,20.0,
513.0,eRickshaw_reverse1.1,eRickshaw,charging,36.0,29.6,20.0,
513.0,eRickshaw_reverse4.1,eRickshaw,charging,7.0,29.78,20.0,
514.0,easyBike_reverse1.8,easyBike,charging,18.0,25.82,20.0,
514.0,eRickshaw_reverse1.1,eRickshaw,charging,37.0,29.6,20.0,
514.0,eRickshaw_reverse4.1,eRickshaw,charging,8.0,29.78,20.0,
515.0,easyBike_reverse1.8,easyBike,charging,19.0,25.82,20.0,
515.0,eRickshaw_reverse1.1,eRickshaw,charging,38.0,29.6,20.0,
515.0,eRickshaw_reverse4.1,eRickshaw,charging,9.0,29.78,20.0,
516.0,easyBike_reverse1.8,easyBike,charging,20.0,25.82,20.0,
516.0,eRickshaw_reverse1.1,eRickshaw,charging,39.0,29.6,20.0,
516.0,eRickshaw_reverse4.1,eRickshaw,charging,10.0,29.78,20.0,
517.0,easyBike_reverse1.8,easyBike,charging,21.0,25.82,20.0,
517.0,eRickshaw_reverse1.1,eRickshaw,charging,40.0,29.6,20.0,
517.0,eRickshaw_reverse4.1,eRickshaw,charging,11.0,29.78,20.0,
518.0,easyBike_reverse1.8,easyBike,charging,22.0,25.82,20.0,
518.0,eRickshaw_reverse1.1,eRickshaw,charging,41.0,29.6,20.0,
518.0,eRickshaw_reverse4.1,eRickshaw,charging,12.0,29.78,20.0,
519.0,easyBike_reverse1.8,easyBike,charging,23.0,25.82,20.0,
519.0,eRickshaw_reverse1.1,eRickshaw,charging,42.0,29.6,20.0,
519.0,eRickshaw_reverse4.1,eRickshaw,charging,13.0,29.78,20.0,
520.0,easyBike_reverse1.8,easyBike,charging,24.0,25.82,20.0,
520.0,eRickshaw_reverse1.1,eRickshaw,charging,43.0,29.6,20.0,
520.0,eRickshaw_reverse4.1,eRickshaw,charging,14.0,29.78,20.0,
521.0,easyBike_reverse1.8,easyBike,charging,25.0,25.82,20.0,
521.0,eRickshaw_reverse1.1,eRickshaw,charging,44.0,29.6,20.0,
521.0,eRickshaw_reverse2.1,eRickshaw,charging,0.0,29.42,20.0,
521.0,eRickshaw_reverse4.1,eRickshaw,charging,15.0,29.78,20.0,
522.0,easyBike_reverse1.8,easyBike,charging,26.0,25.82,20.0,
522.0,eRickshaw_reverse1.1,eRickshaw,charging,45.0,29.6,20.0,
522.0,eRickshaw_reverse2.1,eRickshaw,charging,1.0,29.42,20.0,
522.0,eRickshaw_reverse4.1,eRickshaw,charging,16.0,29.78,20.0,
523.0,easyBike_reverse1.8,easyBike,charging,27.0,25.82,20.0,
523.0,eRickshaw_reverse1.1,eRickshaw,charging,46.0,29.6,20.0,
523.0,eRickshaw_reverse2.1,eRickshaw,charging,2.0,29.42,20.0,
523.0,eRickshaw_reverse4.1,eRickshaw,charging,17.0,29.78,20.0,
524.0,easyBike_reverse1.8,easyBike,charging,28.0,25.82,20.0,
524.0,eRickshaw_reverse1.1,eRickshaw,charging,47.0,29.6,20.0,
524.0,eRickshaw_reverse2.1,eRickshaw,charging,3.0,29.42,20.0,
524.0,eRickshaw_reverse4.1,eRickshaw,charging,18.0,29.78,20.0,
525.0,easyBike_reverse1.8,easyBike,charging,29.0,25.82,20.0,
525.0,eRickshaw_reverse1.1,eRickshaw,charging,48.0,29.6,20.0,
525.0,eRickshaw_reverse2.1,eRickshaw,charging,4.0,29.42,20.0,
525.0,eRickshaw_reverse4.1,eRickshaw,charging,19.0,29.78,20.0,
526.0,easyBike_reverse1.8,easyBike,charging,30.0,25.82,20.0,
526.0,eRickshaw_reverse1.1,eRickshaw,charging,49.0,29.6,20.0,
526.0,eRickshaw_reverse2.1,eRickshaw,charging,5.0,29.42,20.0,
526.0,eRickshaw_reverse4.1,eRickshaw,charging,20.0,29.78,20.0,
527.0,easyBike_reverse1.8,easyBike,charging,31.0,25.82,20.0,
527.0,eRickshaw_reverse1.1,eRickshaw,charging,50.0,29.6,20.0,
527.0,eRickshaw_reverse2.1,eRickshaw,charging,6.0,29.42,20.0,
527.0,eRickshaw_reverse4.1,eRickshaw,charging,21.0,29.77,20.0,
528.0,easyBike_reverse1.8,easyBike,charging,32.0,25.82,20.0,
528.0,eRickshaw_reverse1.1,eRickshaw,charging,51.0,29.6,20.0,
528.0,eRickshaw_reverse2.1,eRickshaw,charging,7.0,29.42,20.0,
528.0,eRickshaw_reverse4.1,eRickshaw,charging,22.0,29.77,20.0,
529.0,easyBike_reverse1.8,easyBike,charging,33.0,25.82,20.0,
529.0,eRickshaw_reverse1.1,eRickshaw,charging,52.0,29.6,20.0,
529.0,eRickshaw_reverse2.1,eRickshaw,charging,8.0,29.42,20.0,
529.0,eRickshaw_reverse4.1,eRickshaw,charging,23.0,29.77,20.0,
530.0,easyBike_reverse1.8,easyBike,charging,34.0,25.82,20.0,
530.0,eRickshaw_reverse1.1,eRickshaw,charging,53.0,29.6,20.0,
530.0,eRickshaw_reverse2.1,eRickshaw,charging,9.0,29.42,20.0,
530.0,eRickshaw_reverse4.1,eRickshaw,charging,24.0,29.76,20.0,
531.0,easyBike_reverse1.8,easyBike,charging,35.0,25.82,20.0,
531.0,eRickshaw_reverse1.1,eRickshaw,charging,54.0,29.6,20.0,
531.0,eRickshaw_reverse2.1,eRickshaw,charging,10.0,29.42,20.0,
531.0,eRickshaw_reverse4.1,eRickshaw,charging,25.0,29.76,20.0,
532.0,easyBike_reverse1.8,easyBike,charging,36.0,25.82,20.0,
532.0,eRickshaw_reverse1.1,eRickshaw,charging,55.0,29.6,20.0,
532.0,eRickshaw_reverse2.1,eRickshaw,charging,11.0,29.42,20.0,
532.0,eRickshaw_reverse4.1,eRickshaw,charging,26.0,29.76,20.0,
533.0,easyBike_reverse1.8,easyBike,charging,37.0,25.82,20.0,
533.0,eRickshaw_reverse1.1,eRickshaw,charging,56.0,29.6,20.0,
533.0,eRickshaw_reverse2.1,eRickshaw,charging,12.0,29.42,20.0,
533.0,eRickshaw_reverse4.1,eRickshaw,charging,27.0,29.75,20.0,
534.0,easyBike_reverse1.8,easyBike,charging,38.0,25.82,20.0,
534.0,eRickshaw_reverse1.1,eRickshaw,charging,57.0,29.6,20.0,
534.0,eRickshaw_reverse2.1,eRickshaw,charging,13.0,29.42,20.0,
534.0,eRickshaw_reverse4.1,eRickshaw,charging,28.0,29.75,20.0,
535.0,easyBike_reverse1.8,easyBike,charging,39.0,25.82,20.0,
535.0,eRickshaw_reverse1.1,eRickshaw,charging,58.0,29.6,20.0,
535.0,eRickshaw_reverse2.1,eRickshaw,charging,14.0,29.42,20.0,
535.0,eRickshaw_reverse4.1,eRickshaw,charging,29.0,29.75,20.0,
536.0,easyBike_reverse1.8,easyBike,charging,40.0,25.82,20.0,
536.0,eRickshaw_reverse1.1,eRickshaw,charging,59.0,29.6,20.0,
536.0,eRickshaw_reverse2.1,eRickshaw,charging,15.0,29.42,20.0,
536.0,eRickshaw_reverse4.1,eRickshaw,charging,30.0,29.74,20.0,
537.0,easyBike_reverse1.8,easyBike,charging,41.0,25.82,20.0,
537.0,eRickshaw_reverse1.1,eRickshaw,charging,60.0,29.6,20.0,
537.0,eRickshaw_reverse2.1,eRickshaw,charging,16.0,29.42,20.0,
537.0,eRickshaw_reverse4.1,eRickshaw,charging,31.0,29.74,20.0,
537.0,easyBike_reverse1.9,easyBike,waiting,,0.0,0.0,0.0
538.0,easyBike_reverse1.8,easyBike,charging,42.0,25.82,20.0,
538.0,eRickshaw_reverse1.1,eRickshaw,charging,61.0,29.6,20.0,
538.0,eRickshaw_reverse2.1,eRickshaw,charging,17.0,29.42,20.0,
538.0,eRickshaw_reverse4.1,eRickshaw,charging,32.0,29.73,20.0,
538.0,easyBike_reverse1.9,easyBike,waiting,,0.0,0.0,1.0
539.0,easyBike_reverse1.8,easyBike,charging,43.0,25.82,20.0,
539.0,eRickshaw_reverse1.1,eRickshaw,charging,62.0,29.6,20.0,
539.0,eRickshaw_reverse2.1,eRickshaw,charging,18.0,29.42,20.0,
539.0,eRickshaw_reverse4.1,eRickshaw,charging,33.0,29.72,20.0,
539.0,easyBike_reverse1.9,easyBike,waiting,,0.0,0.0,2.0
540.0,easyBike_reverse1.8,easyBike,charging,44.0,25.82,20.0,
540.0,eRickshaw_reverse1.1,eRickshaw,charging,63.0,29.6,20.0,
540.0,eRickshaw_reverse2.1,eRickshaw,charging,19.0,29.42,20.0,
540.0,eRickshaw_reverse4.1,eRickshaw,charging,34.0,29.72,20.0,
540.0,easyBike_reverse1.9,easyBike,waiting,,0.0,0.0,3.0
541.0,easyBike_reverse1.8,easyBike,charging,45.0,25.82,20.0,
541.0,eRickshaw_reverse1.1,eRickshaw,charging,64.0,29.6,20.0,
541.0,eRickshaw_reverse2.1,eRickshaw,charging,20.0,29.42,20.0,
541.0,eRickshaw_reverse4.1,eRickshaw,charging,35.0,29.71,20.0,
541.0,easyBike_reverse1.9,easyBike,waiting,,0.0,0.0,4.0
542.0,easyBike_reverse1.8,easyBike,charging,46.0,25.82,20.0,
542.0,eRickshaw_reverse1.1,eRickshaw,charging,65.0,29.6,20.0,
542.0,eRickshaw_reverse2.1,eRickshaw,charging,21.0,29.42,20.0,
542.0,eRickshaw_reverse4.1,eRickshaw,charging,36.0,29.71,20.0,
542.0,easyBike_reverse1.9,easyBike,waiting,,0.0,0.0,5.0
543.0,easyBike_reverse1.8,easyBike,charging,47.0,25.82,20.0,
543.0,eRickshaw_reverse1.1,eRickshaw,charging,66.0,29.6,20.0,
543.0,eRickshaw_reverse2.1,eRickshaw,charging,22.0,29.42,20.0,
543.0,eRickshaw_reverse4.1,eRickshaw,charging,37.0,29.71,20.0,
543.0,easyBike_reverse1.9,easyBike,waiting,,0.0,0.0,6.0
544.0,easyBike_reverse1.8,easyBike,charging,48.0,25.82,20.0,
544.0,eRickshaw_reverse1.1,eRickshaw,charging,67.0,29.6,20.0,
544.0,eRickshaw_reverse2.1,eRickshaw,charging,23.0,29.42,20.0,
544.0,eRickshaw_reverse4.1,eRickshaw,charging,38.0,29.7,20.0,
544.0,easyBike_reverse1.9,easyBike,waiting,,0.0,0.0,7.0
545.0,easyBike_reverse1.8,easyBike,charging,49.0,25.81,20.0,
545.0,eRickshaw_reverse1.1,eRickshaw,charging,68.0,29.6,20.0,
545.0,eRickshaw_reverse2.1,eRickshaw,charging,24.0,29.42,20.0,
545.0,eRickshaw_reverse4.1,eRickshaw,charging,39.0,29.7,20.0,
545.0,easyBike_reverse1.9,easyBike,waiting,,0.0,0.0,8.0
546.0,easyBike_reverse1.8,easyBike,charging,50.0,25.81,20.0,
546.0,eRickshaw_reverse1.1,eRickshaw,charging,69.0,29.6,20.0,
546.0,eRickshaw_reverse2.1,eRickshaw,charging,25.0,29.42,20.0,
546.0,eRickshaw_reverse4.1,eRickshaw,charging,40.0,29.69,20.0,
546.0,easyBike_reverse1.9,easyBike,waiting,,0.0,0.0,9.0
547.0,easyBike_reverse1.8,easyBike,charging,51.0,25.8,20.0,
547.0,eRickshaw_reverse1.1,eRickshaw,charging,70.0,29.6,20.0,
547.0,eRickshaw_reverse2.1,eRickshaw,charging,26.0,29.42,20.0,
547.0,eRickshaw_reverse4.1,eRickshaw,charging,41.0,29.69,20.0,
547.0,easyBike_reverse1.9,easyBike,waiting,,0.0,0.0,10.0
548.0,easyBike_reverse1.8,easyBike,charging,52.0,25.79,20.0,
548.0,eRickshaw_reverse1.1,eRickshaw,charging,71.0,29.6,20.0,
548.0,eRickshaw_reverse2.1,eRickshaw,charging,27.0,29.42,20.0,
548.0,eRickshaw_reverse4.1,eRickshaw,charging,42.0,29.69,20.0,
548.0,easyBike_reverse1.9,easyBike,waiting,,0.0,0.0,11.0
549.0,easyBike_reverse1.8,easyBike,charging,53.0,25.79,20.0,
549.0,eRickshaw_reverse1.1,eRickshaw,charging,72.0,29.6,20.0,
549.0,eRickshaw_reverse2.1,eRickshaw,charging,28.0,29.42,20.0,
549.0,eRickshaw_reverse4.1,eRickshaw,charging,43.0,29.68,20.0,
549.0,easyBike_reverse1.9,easyBike,waiting,,0.0,0.0,12.0
550.0,easyBike_reverse1.8,easyBike,charging,54.0,25.78,20.0,
550.0,eRickshaw_reverse1.1,eRickshaw,charging,73.0,29.6,20.0,
550.0,eRickshaw_reverse2.1,eRickshaw,charging,29.0,29.42,20.0,
550.0,eRickshaw_reverse4.1,eRickshaw,charging,44.0,29.68,20.0,
550.0,easyBike_reverse1.9,easyBike,waiting,,0.0,0.0,13.0
551.0,easyBike_reverse1.8,easyBike,charging,55.0,25.77,20.0,
551.0,eRickshaw_reverse1.1,eRickshaw,charging,74.0,29.6,20.0,
551.0,eRickshaw_reverse2.1,eRickshaw,charging,30.0,29.42,20.0,
551.0,eRickshaw_reverse4.1,eRickshaw,charging,45.0,29.68,20.0,
551.0,easyBike_reverse1.9,easyBike,waiting,,0.0,0.0,14.0
552.0,easyBike_reverse1.8,easyBike,charging,56.0,25.77,20.0,
552.0,eRickshaw_reverse1.1,eRickshaw,charging,75.0,29.6,20.0,
552.0,eRickshaw_reverse2.1,eRickshaw,charging,31.0,29.42,20.0,
552.0,eRickshaw_reverse4.1,eRickshaw,charging,46.0,29.67,20.0,
552.0,easyBike_reverse1.9,easyBike,waiting,,0.0,0.0,15.0
553.0,easyBike_reverse1.8,easyBike,charging,57.0,25.77,20.0,
553.0,eRickshaw_reverse1.1,eRickshaw,charging,76.0,29.6,20.0,
553.0,eRickshaw_reverse2.1,eRickshaw,charging,32.0,29.42,20.0,
553.0,eRickshaw_reverse4.1,eRickshaw,charging,47.0,29.67,20.0,
553.0,easyBike_reverse1.9,easyBike,waiting,,0.0,0.0,16.0
554.0,easyBike_reverse1.8,easyBike,charging,58.0,25.77,20.0,
554.0,eRickshaw_reverse1.1,eRickshaw,charging,77.0,29.6,20.0,
554.0,eRickshaw_reverse2.1,eRickshaw,charging,33.0,29.42,20.0,
554.0,eRickshaw_reverse4.1,eRickshaw,charging,48.0,29.66,20.0,
554.0,easyBike_reverse1.9,easyBike,waiting,,0.0,0.0,17.0
555.0,easyBike_reverse1.8,easyBike,charging,59.0,25.76,20.0,
555.0,eRickshaw_reverse1.1,eRickshaw,charging,78.0,29.6,20.0,
555.0,eRickshaw_reverse2.1,eRickshaw,charging,34.0,29.42,20.0,
555.0,eRickshaw_reverse4.1,eRickshaw,charging,49.0,29.66,20.0,
555.0,easyBike_reverse1.9,easyBike,waiting,,0.0,0.0,18.0
556.0,easyBike_reverse1.8,easyBike,charging,60.0,25.76,20.0,
556.0,eRickshaw_reverse1.1,eRickshaw,charging,79.0,29.6,20.0,
556.0,eRickshaw_reverse2.1,eRickshaw,charging,35.0,29.42,20.0,
556.0,eRickshaw_reverse4.1,eRickshaw,charging,50.0,29.66,20.0,
556.0,easyBike_reverse1.9,easyBike,waiting,,0.0,0.0,19.0
557.0,easyBike_reverse1.8,easyBike,charging,61.0,25.76,20.0,
557.0,eRickshaw_reverse1.1,eRickshaw,charging,80.0,29.6,20.0,
557.0,eRickshaw_reverse2.1,eRickshaw,charging,36.0,29.42,20.0,
557.0,eRickshaw_reverse4.1,eRickshaw,charging,51.0,29.65,20.0,
557.0,easyBike_reverse1.9,easyBike,waiting,,0.0,0.0,20.0
558.0,easyBike_reverse1.8,easyBike,charging,62.0,25.76,20.0,
558.0,eRickshaw_reverse1.1,eRickshaw,charging,81.0,29.6,20.0,
558.0,eRickshaw_reverse2.1,eRickshaw,charging,37.0,29.42,20.0,
558.0,eRickshaw_reverse4.1,eRickshaw,charging,52.0,29.65,20.0,
558.0,easyBike_reverse1.9,easyBike,waiting,,0.0,0.0,21.0
559.0,easyBike_reverse1.8,easyBike,charging,63.0,25.76,20.0,
559.0,eRickshaw_reverse1.1,eRickshaw,charging,82.0,29.6,20.0,
559.0,eRickshaw_reverse2.1,eRickshaw,charging,38.0,29.42,20.0,
559.0,eRickshaw_reverse4.1,eRickshaw,charging,53.0,29.65,20.0,
559.0,easyBike_reverse1.9,easyBike,waiting,,0.0,0.0,22.0
560.0,easyBike_reverse1.8,easyBike,charging,64.0,25.75,20.0,
560.0,eRickshaw_reverse1.1,eRickshaw,charging,83.0,29.6,20.0,
560.0,eRickshaw_reverse2.1,eRickshaw,charging,39.0,29.42,20.0,
560.0,eRickshaw_reverse4.1,eRickshaw,charging,54.0,29.64,20.0,
560.0,easyBike_reverse1.9,easyBike,waiting,,0.0,0.0,23.0
561.0,easyBike_reverse1.8,easyBike,charging,65.0,25.75,20.0,
561.0,eRickshaw_reverse1.1,eRickshaw,charging,84.0,29.6,20.0,
561.0,eRickshaw_reverse2.1,eRickshaw,charging,40.0,29.42,20.0,
561.0,eRickshaw_reverse4.1,eRickshaw,charging,55.0,29.64,20.0,
561.0,easyBike_reverse1.9,easyBike,waiting,,0.0,0.0,24.0
562.0,easyBike_reverse1.8,easyBike,charging,66.0,25.75,20.0,
562.0,eRickshaw_reverse1.1,eRickshaw,charging,85.0,29.6,20.0,
562.0,eRickshaw_reverse2.1,eRickshaw,charging,41.0,29.42,20.0,
562.0,eRickshaw_reverse4.1,eRickshaw,charging,56.0,29.63,20.0,
562.0,easyBike_reverse1.9,easyBike,waiting,,0.0,0.0,25.0
563.0,easyBike_reverse1.8,easyBike,charging,67.0,25.75,20.0,
563.0,eRickshaw_reverse1.1,eRickshaw,charging,86.0,29.6,20.0,
563.0,eRickshaw_reverse2.1,eRickshaw,charging,42.0,29.42,20.0,
563.0,eRickshaw_reverse4.1,eRickshaw,charging,57.0,29.63,20.0,
563.0,easyBike_reverse1.9,easyBike,waiting,,0.0,0.0,26.0
564.0,easyBike_reverse1.8,easyBike,charging,68.0,25.74,20.0,
564.0,eRickshaw_reverse1.1,eRickshaw,charging,87.0,29.6,20.0,
564.0,eRickshaw_reverse2.1,eRickshaw,charging,43.0,29.42,20.0,
564.0,eRickshaw_reverse4.1,eRickshaw,charging,58.0,29.63,20.0,
564.0,easyBike_reverse1.9,easyBike,waiting,,0.0,0.0,27.0
565.0,easyBike_reverse1.8,easyBike,charging,69.0,25.74,20.0,
565.0,eRickshaw_reverse1.1,eRickshaw,charging,88.0,29.6,20.0,
565.0,eRickshaw_reverse2.1,eRickshaw,charging,44.0,29.42,20.0,
565.0,eRickshaw_reverse4.1,eRickshaw,charging,59.0,29.62,20.0,
565.0,easyBike_reverse1.9,easyBike,waiting,,0.0,0.0,28.0
566.0,easyBike_reverse1.8,easyBike,charging,70.0,25.74,20.0,
566.0,eRickshaw_reverse1.1,eRickshaw,charging,89.0,29.6,20.0,
566.0,eRickshaw_reverse2.1,eRickshaw,charging,45.0,29.42,20.0,
566.0,eRickshaw_reverse4.1,eRickshaw,charging,60.0,29.62,20.0,
566.0,easyBike_reverse1.9,easyBike,waiting,,0.0,0.0,29.0
567.0,easyBike_reverse1.8,easyBike,charging,71.0,25.74,20.0,
567.0,eRickshaw_reverse1.1,eRickshaw,charging,90.0,29.6,20.0,
567.0,eRickshaw_reverse2.1,eRickshaw,charging,46.0,29.42,20.0,
567.0,eRickshaw_reverse4.1,eRickshaw,charging,61.0,29.62,20.0,
567.0,easyBike_reverse1.9,easyBike,waiting,,0.0,0.0,30.0
568.0,easyBike_reverse1.8,easyBike,charging,72.0,25.74,20.0,
568.0,eRickshaw_reverse1.1,eRickshaw,charging,91.0,29.6,20.0,
568.0,eRickshaw_reverse2.1,eRickshaw,charging,47.0,29.42,20.0,
568.0,eRickshaw_reverse4.1,eRickshaw,charging,62.0,29.61,20.0,
568.0,easyBike_reverse1.9,easyBike,waiting,,0.0,0.0,31.0
568.0,eRickshaw_reverse1.2,eRickshaw,waiting,,0.0,0.0,0.0
569.0,easyBike_reverse1.8,easyBike,charging,73.0,25.73,20.0,
569.0,eRickshaw_reverse1.1,eRickshaw,charging,92.0,29.6,20.0,
569.0,eRickshaw_reverse2.1,eRickshaw,charging,48.0,29.42,20.0,
569.0,eRickshaw_reverse4.1,eRickshaw,charging,63.0,29.61,20.0,
569.0,easyBike_reverse1.9,easyBike,waiting,,0.0,0.0,32.0
569.0,eRickshaw_reverse1.2,eRickshaw,waiting,,0.0,0.0,1.0
570.0,easyBike_reverse1.8,easyBike,charging,74.0,25.73,20.0,
570.0,eRickshaw_reverse1.1,eRickshaw,charging,93.0,29.6,20.0,
570.0,eRickshaw_reverse2.1,eRickshaw,charging,49.0,29.42,20.0,
570.0,eRickshaw_reverse4.1,eRickshaw,charging,64.0,29.6,20.0,
570.0,easyBike_reverse1.9,easyBike,waiting,,0.0,0.0,33.0
570.0,eRickshaw_reverse1.2,eRickshaw,waiting,,0.0,0.0,2.0
571.0,easyBike_reverse1.8,easyBike,charging,75.0,25.73,20.0,
571.0,eRickshaw_reverse1.1,eRickshaw,charging,94.0,29.6,20.0,
571.0,eRickshaw_reverse2.1,eRickshaw,charging,50.0,29.42,20.0,
571.0,eRickshaw_reverse4.1,eRickshaw,charging,65.0,29.6,20.0,
571.0,easyBike_reverse1.9,easyBike,waiting,,0.0,0.0,34.0
571.0,eRickshaw_reverse1.2,eRickshaw,waiting,,0.0,0.0,3.0
572.0,easyBike_reverse1.8,easyBike,charging,76.0,25.73,20.0,
572.0,eRickshaw_reverse1.1,eRickshaw,charging,95.0,29.6,20.0,
572.0,eRickshaw_reverse2.1,eRickshaw,charging,51.0,29.42,20.0,
572.0,eRickshaw_reverse4.1,eRickshaw,charging,66.0,29.6,20.0,
572.0,easyBike_reverse1.9,easyBike,waiting,,0.0,0.0,35.0
572.0,eRickshaw_reverse1.2,eRickshaw,waiting,,0.0,0.0,4.0
573.0,easyBike_reverse1.8,easyBike,charging,77.0,25.72,20.0,
573.0,eRickshaw_reverse1.1,eRickshaw,charging,96.0,29.6,20.0,
573.0,eRickshaw_reverse2.1,eRickshaw,charging,52.0,29.42,20.0,
573.0,eRickshaw_reverse4.1,eRickshaw,charging,67.0,29.59,20.0,
573.0,easyBike_reverse1.9,easyBike,waiting,,0.0,0.0,36.0
573.0,eRickshaw_reverse1.2,eRickshaw,waiting,,0.0,0.0,5.0
574.0,easyBike_reverse1.8,easyBike,charging,78.0,25.72,20.0,
574.0,eRickshaw_reverse1.1,eRickshaw,charging,97.0,29.6,20.0,
574.0,eRickshaw_reverse2.1,eRickshaw,charging,53.0,29.42,20.0,
574.0,eRickshaw_reverse4.1,eRickshaw,charging,68.0,29.59,20.0,
574.0,easyBike_reverse1.9,easyBike,waiting,,0.0,0.0,37.0
574.0,eRickshaw_reverse1.2,eRickshaw,waiting,,0.0,0.0,6.0
575.0,easyBike_reverse1.8,easyBike,charging,79.0,25.72,20.0,
575.0,eRickshaw_reverse1.1,eRickshaw,charging,98.0,29.6,20.0,
575.0,eRickshaw_reverse2.1,eRickshaw,charging,54.0,29.42,20.0,
575.0,eRickshaw_reverse4.1,eRickshaw,charging,69.0,29.59,20.0,
575.0,easyBike_reverse1.9,easyBike,waiting,,0.0,0.0,38.0
575.0,eRickshaw_reverse1.2,eRickshaw,waiting,,0.0,0.0,7.0
576.0,easyBike_reverse1.8,easyBike,charging,80.0,25.72,20.0,
576.0,eRickshaw_reverse1.1,eRickshaw,charging,99.0,29.6,20.0,
576.0,eRickshaw_reverse2.1,eRickshaw,charging,55.0,29.42,20.0,
576.0,eRickshaw_reverse4.1,eRickshaw,charging,70.0,29.58,20.0,
576.0,easyBike_reverse1.9,easyBike,waiting,,0.0,0.0,39.0
576.0,eRickshaw_reverse1.2,eRickshaw,waiting,,0.0,0.0,8.0
577.0,easyBike_reverse1.8,easyBike,charging,81.0,25.71,20.0,
577.0,eRickshaw_reverse1.1,eRickshaw,charging,100.0,29.6,20.0,
577.0,eRickshaw_reverse2.1,eRickshaw,charging,56.0,29.42,20.0,
577.0,eRickshaw_reverse4.1,eRickshaw,charging,71.0,29.58,20.0,
577.0,easyBike_reverse1.9,easyBike,waiting,,0.0,0.0,40.0
577.0,eRickshaw_reverse1.2,eRickshaw,waiting,,0.0,0.0,9.0
578.0,easyBike_reverse1.8,easyBike,charging,82.0,25.71,20.0,
578.0,eRickshaw_reverse1.1,eRickshaw,charging,101.0,29.6,20.0,
578.0,eRickshaw_reverse2.1,eRickshaw,charging,57.0,29.42,20.0,
578.0,eRickshaw_reverse4.1,eRickshaw,charging,72.0,29.57,20.0,
578.0,easyBike_reverse1.9,easyBike,waiting,,0.0,0.0,41.0
578.0,eRickshaw_reverse1.2,eRickshaw,waiting,,0.0,0.0,10.0
579.0,easyBike_reverse1.8,easyBike,charging,83.0,25.71,20.0,
579.0,eRickshaw_reverse1.1,eRickshaw,charging,102.0,29.6,20.0,
579.0,eRickshaw_reverse2.1,eRickshaw,charging,58.0,29.42,20.0,
579.0,eRickshaw_reverse4.1,eRickshaw,charging,73.0,29.57,20.0,
579.0,easyBike_reverse1.9,easyBike,waiting,,0.0,0.0,42.0
579.0,eRickshaw_reverse1.2,eRickshaw,waiting,,0.0,0.0,11.0
580.0,easyBike_reverse1.8,easyBike,charging,84.0,25.71,20.0,
580.0,eRickshaw_reverse1.1,eRickshaw,charging,103.0,29.6,20.0,
580.0,eRickshaw_reverse2.1,eRickshaw,charging,59.0,29.42,20.0,
580.0,eRickshaw_reverse4.1,eRickshaw,charging,74.0,29.57,20.0,
580.0,easyBike_reverse1.9,easyBike,waiting,,0.0,0.0,43.0
580.0,eRickshaw_reverse1.2,eRickshaw,waiting,,0.0,0.0,12.0
581.0,easyBike_reverse1.8,easyBike,charging,85.0,25.71,20.0,
581.0,eRickshaw_reverse1.1,eRickshaw,charging,104.0,29.6,20.0,
581.0,eRickshaw_reverse2.1,eRickshaw,charging,60.0,29.42,20.0,
581.0,eRickshaw_reverse4.1,eRickshaw,charging,75.0,29.56,20.0,
581.0,easyBike_reverse1.9,easyBike,waiting,,0.0,0.0,44.0
581.0,eRickshaw_reverse1.2,eRickshaw,waiting,,0.0,0.0,13.0
582.0,easyBike_reverse1.8,easyBike,charging,86.0,25.7,20.0,
582.0,eRickshaw_reverse1.1,eRickshaw,charging,105.0,29.6,20.0,
582.0,eRickshaw_reverse2.1,eRickshaw,charging,61.0,29.42,20.0,
582.0,eRickshaw_reverse4.1,eRickshaw,charging,76.0,29.56,20.0,
582.0,easyBike_reverse1.9,easyBike,waiting,,0.0,0.0,45.0
582.0,eRickshaw_reverse1.2,eRickshaw,waiting,,0.0,0.0,14.0
583.0,easyBike_reverse1.8,easyBike,charging,87.0,25.7,20.0,
583.0,eRickshaw_reverse1.1,eRickshaw,charging,106.0,29.6,20.0,
583.0,eRickshaw_reverse2.1,eRickshaw,charging,62.0,29.42,20.0,
583.0,eRickshaw_reverse4.1,eRickshaw,charging,77.0,29.56,20.0,
583.0,easyBike_reverse1.9,easyBike,waiting,,0.0,0.0,46.0
583.0,eRickshaw_reverse1.2,eRickshaw,waiting,,0.0,0.0,15.0
584.0,easyBike_reverse1.8,easyBike,charging,88.0,25.7,20.0,
584.0,eRickshaw_reverse1.1,eRickshaw,charging,107.0,29.6,20.0,
584.0,eRickshaw_reverse2.1,eRickshaw,charging,63.0,29.42,20.0,
584.0,eRickshaw_reverse4.1,eRickshaw,charging,78.0,29.55,20.0,
584.0,easyBike_reverse1.9,easyBike,waiting,,0.0,0.0,47.0
584.0,eRickshaw_reverse1.2,eRickshaw,waiting,,0.0,0.0,16.0
585.0,easyBike_reverse1.8,easyBike,charging,89.0,25.7,20.0,
585.0,eRickshaw_reverse1.1,eRickshaw,charging,108.0,29.6,20.0,
585.0,eRickshaw_reverse2.1,eRickshaw,charging,64.0,29.42,20.0,
585.0,eRickshaw_reverse4.1,eRickshaw,charging,79.0,29.55,20.0,
585.0,easyBike_reverse1.9,easyBike,waiting,,0.0,0.0,48.0
585.0,eRickshaw_reverse1.2,eRickshaw,waiting,,0.0,0.0,17.0
586.0,easyBike_reverse1.8,easyBike,charging,90.0,25.69,20.0,
586.0,eRickshaw_reverse1.1,eRickshaw,charging,109.0,29.6,20.0,
586.0,eRickshaw_reverse2.1,eRickshaw,charging,65.0,29.42,20.0,
586.0,eRickshaw_reverse4.1,eRickshaw,charging,80.0,29.54,20.0,
586.0,easyBike_reverse1.9,easyBike,waiting,,0.0,0.0,49.0
586.0,eRickshaw_reverse1.2,eRickshaw,waiting,,0.0,0.0,18.0
587.0,easyBike_reverse1.8,easyBike,charging,91.0,25.69,20.0,
587.0,eRickshaw_reverse1.1,eRickshaw,charging,110.0,29.6,20.0,
587.0,eRickshaw_reverse2.1,eRickshaw,charging,66.0,29.42,20.0,
587.0,eRickshaw_reverse4.1,eRickshaw,charging,81.0,29.54,20.0,
587.0,easyBike_reverse1.9,easyBike,waiting,,0.0,0.0,50.0
587.0,eRickshaw_reverse1.2,eRickshaw,waiting,,0.0,0.0,19.0
588.0,easyBike_reverse1.8,easyBike,charging,92.0,25.69,20.0,
588.0,eRickshaw_reverse1.1,eRickshaw,charging,111.0,29.6,20.0,
588.0,eRickshaw_reverse2.1,eRickshaw,charging,67.0,29.42,20.0,
588.0,eRickshaw_reverse4.1,eRickshaw,charging,82.0,29.54,20.0,
588.0,easyBike_reverse1.9,easyBike,waiting,,0.0,0.0,51.0
588.0,eRickshaw_reverse1.2,eRickshaw,waiting,,0.0,0.0,20.0
589.0,easyBike_reverse1.8,easyBike,charging,93.0,25.69,20.0,
589.0,eRickshaw_reverse1.1,eRickshaw,charging,112.0,29.6,20.0,
589.0,eRickshaw_reverse2.1,eRickshaw,charging,68.0,29.42,20.0,
589.0,eRickshaw_reverse4.1,eRickshaw,charging,83.0,29.53,20.0,
589.0,easyBike_reverse1.9,easyBike,waiting,,0.0,0.0,52.0
589.0,eRickshaw_reverse1.2,eRickshaw,waiting,,0.0,0.0,21.0
590.0,easyBike_reverse1.8,easyBike,charging,94.0,25.68,20.0,
590.0,eRickshaw_reverse1.1,eRickshaw,charging,113.0,29.6,20.0,
590.0,eRickshaw_reverse2.1,eRickshaw,charging,69.0,29.42,20.0,
590.0,eRickshaw_reverse4.1,eRickshaw,charging,84.0,29.53,20.0,
590.0,easyBike_reverse1.9,easyBike,waiting,,0.0,0.0,53.0
590.0,eRickshaw_reverse1.2,eRickshaw,waiting,,0.0,0.0,22.0
591.0,easyBike_reverse1.8,easyBike,charging,95.0,25.68,20.0,
591.0,eRickshaw_reverse1.1,eRickshaw,charging,114.0,29.6,20.0,
591.0,eRickshaw_reverse2.1,eRickshaw,charging,70.0,29.42,20.0,
591.0,eRickshaw_reverse4.1,eRickshaw,charging,85.0,29.53,20.0,
591.0,easyBike_reverse1.9,easyBike,waiting,,0.0,0.0,54.0
591.0,eRickshaw_reverse1.2,eRickshaw,waiting,,0.0,0.0,23.0
592.0,easyBike_reverse1.8,easyBike,charging,96.0,25.68,20.0,
592.0,eRickshaw_reverse1.1,eRickshaw,charging,115.0,29.6,20.0,
592.0,eRickshaw_reverse2.1,eRickshaw,charging,71.0,29.42,20.0,
592.0,eRickshaw_reverse4.1,eRickshaw,charging,86.0,29.52,20.0,
592.0,easyBike_reverse1.9,easyBike,waiting,,0.0,0.0,55.0
592.0,eRickshaw_reverse1.2,eRickshaw,waiting,,0.0,0.0,24.0
593.0,easyBike_reverse1.8,easyBike,charging,97.0,25.68,20.0,
593.0,eRickshaw_reverse1.1,eRickshaw,charging,116.0,29.6,20.0,
593.0,eRickshaw_reverse2.1,eRickshaw,charging,72.0,29.42,20.0,
593.0,eRickshaw_reverse4.1,eRickshaw,charging,87.0,29.52,20.0,
593.0,easyBike_reverse1.9,easyBike,waiting,,0.0,0.0,56.0
593.0,eRickshaw_reverse1.2,eRickshaw,waiting,,0.0,0.0,25.0
593.0,eRickshaw_reverse4.2,eRickshaw,waiting,,0.0,0.0,0.0
594.0,easyBike_reverse1.8,easyBike,charging,98.0,25.68,20.0,
594.0,eRickshaw_reverse1.1,eRickshaw,charging,117.0,29.6,20.0,
594.0,eRickshaw_reverse2.1,eRickshaw,charging,73.0,29.42,20.0,
594.0,eRickshaw_reverse4.1,eRickshaw,charging,88.0,29.51,20.0,
594.0,easyBike_reverse1.9,easyBike,waiting,,0.0,0.0,57.0
594.0,eRickshaw_reverse1.2,eRickshaw,waiting,,0.0,0.0,26.0
594.0,eRickshaw_reverse4.2,eRickshaw,waiting,,0.0,0.0,1.0
595.0,easyBike_reverse1.8,easyBike,charging,99.0,25.67,20.0,
595.0,eRickshaw_reverse1.1,eRickshaw,charging,118.0,29.6,20.0,
595.0,eRickshaw_reverse2.1,eRickshaw,charging,74.0,29.42,20.0,
595.0,eRickshaw_reverse4.1,eRickshaw,charging,89.0,29.51,20.0,
595.0,easyBike_reverse1.9,easyBike,waiting,,0.0,0.0,58.0
595.0,eRickshaw_reverse1.2,eRickshaw,waiting,,0.0,0.0,27.0
595.0,eRickshaw_reverse4.2,eRickshaw,waiting,,0.0,0.0,2.0
596.0,easyBike_reverse1.8,easyBike,charging,100.0,25.67,20.0,
596.0,eRickshaw_reverse1.1,eRickshaw,charging,119.0,29.6,20.0,
596.0,eRickshaw_reverse2.1,eRickshaw,charging,75.0,29.42,20.0,
596.0,eRickshaw_reverse4.1,eRickshaw,charging,90.0,29.51,20.0,
596.0,easyBike_reverse1.9,easyBike,waiting,,0.0,0.0,59.0
596.0,eRickshaw_reverse1.2,eRickshaw,waiting,,0.0,0.0,28.0
596.0,eRickshaw_reverse4.2,eRickshaw,waiting,,0.0,0.0,3.0
597.0,easyBike_reverse1.8,easyBike,charging,101.0,25.67,20.0,
597.0,eRickshaw_reverse1.1,eRickshaw,charging,120.0,29.6,20.0,
597.0,eRickshaw_reverse2.1,eRickshaw,charging,76.0,29.42,20.0,
597.0,eRickshaw_reverse4.1,eRickshaw,charging,91.0,29.5,20.0,
597.0,easyBike_reverse1.9,easyBike,waiting,,0.0,0.0,60.0
597.0,eRickshaw_reverse1.2,eRickshaw,waiting,,0.0,0.0,29.0
597.0,eRickshaw_reverse4.2,eRickshaw,waiting,,0.0,0.0,4.0
598.0,easyBike_reverse1.8,easyBike,charging,102.0,25.67,20.0,
598.0,eRickshaw_reverse1.1,eRickshaw,charging,121.0,29.6,20.0,
598.0,eRickshaw_reverse2.1,eRickshaw,charging,77.0,29.42,20.0,
598.0,eRickshaw_reverse4.1,eRickshaw,charging,92.0,29.5,20.0,
598.0,easyBike_reverse1.9,easyBike,waiting,,0.0,0.0,61.0
598.0,eRickshaw_reverse1.2,eRickshaw,waiting,,0.0,0.0,30.0
598.0,eRickshaw_reverse4.2,eRickshaw,waiting,,0.0,0.0,5.0
599.0,easyBike_reverse1.8,easyBike,charging,103.0,25.66,20.0,
599.0,eRickshaw_reverse1.1,eRickshaw,charging,122.0,29.6,20.0,
599.0,eRickshaw_reverse2.1,eRickshaw,charging,78.0,29.42,20.0,
599.0,eRickshaw_reverse4.1,eRickshaw,charging,93.0,29.5,20.0,
599.0,easyBike_reverse1.9,easyBike,waiting,,0.0,0.0,62.0
599.0,eRickshaw_reverse1.2,eRickshaw,waiting,,0.0,0.0,31.0
599.0,eRickshaw_reverse4.2,eRickshaw,waiting,,0.0,0.0,6.0
600.0,easyBike_reverse1.8,easyBike,charging,104.0,25.66,20.0,
600.0,eRickshaw_reverse1.1,eRickshaw,charging,123.0,29.6,20.0,
600.0,eRickshaw_reverse2.1,eRickshaw,charging,79.0,29.42,20.0,
600.0,eRickshaw_reverse4.1,eRickshaw,charging,94.0,29.49,20.0,
600.0,easyBike_reverse1.9,easyBike,waiting,,0.0,0.0,63.0
600.0,eRickshaw_reverse1.2,eRickshaw,waiting,,0.0,0.0,32.0
600.0,eRickshaw_reverse4.2,eRickshaw,waiting,,0.0,0.0,7.0
574.0,easyBike_forward3.6,easyBike,charging,0.0,25.91,20.0,
575.0,easyBike_forward3.6,easyBike,charging,1.0,25.91,20.0,
576.0,easyBike_forward3.6,easyBike,charging,2.0,25.91,20.0,
577.0,easyBike_forward3.6,easyBike,charging,3.0,25.91,20.0,
578.0,easyBike_forward3.6,easyBike,charging,4.0,25.91,20.0,
579.0,easyBike_forward3.6,easyBike,charging,5.0,25.91,20.0,
580.0,easyBike_forward3.6,easyBike,charging,6.0,25.91,20.0,
581.0,easyBike_forward3.6,easyBike,charging,7.0,25.91,20.0,
582.0,easyBike_forward3.6,easyBike,charging,8.0,25.91,20.0,
583.0,easyBike_forward3.6,easyBike,charging,9.0,25.91,20.0,
584.0,easyBike_forward3.6,easyBike,charging,10.0,25.91,20.0,
585.0,easyBike_forward3.6,easyBike,charging,11.0,25.91,20.0,
586.0,easyBike_forward3.6,easyBike,charging,12.0,25.91,20.0,
587.0,easyBike_forward3.6,easyBike,charging,13.0,25.91,20.0,
588.0,easyBike_forward3.6,easyBike,charging,14.0,25.91,20.0,
589.0,easyBike_forward3.6,easyBike,charging,15.0,25.91,20.0,
590.0,easyBike_forward3.6,easyBike,charging,16.0,25.91,20.0,
591.0,easyBike_forward3.6,easyBike,charging,17.0,25.91,20.0,
592.0,easyBike_forward3.6,easyBike,charging,18.0,25.91,20.0,
593.0,easyBike_forward3.6,easyBike,charging,19.0,25.91,20.0,
594.0,easyBike_forward3.6,easyBike,charging,20.0,25.91,20.0,
595.0,easyBike_forward3.6,easyBike,charging,21.0,25.91,20.0,
596.0,easyBike_forward3.6,easyBike,charging,22.0,25.91,20.0,
597.0,easyBike_forward3.6,easyBike,charging,23.0,25.91,20.0,
598.0,easyBike_forward3.6,easyBike,charging,24.0,25.91,20.0,
599.0,easyBike_forward3.6,easyBike,charging,25.0,25.91,20.0,
600.0,easyBike_forward3.6,easyBike,charging,26.0,25.91,20.0,
